tree
version=v4
num_class=1
num_tree_per_iteration=1
label_index=0
max_feature_idx=18
objective=binary sigmoid:1
feature_names=pred_h3 threshold_h3 margin_h3 pred_h5 threshold_h5 margin_h5 pred_mean pred_std margin_min margin_mean signal_count vol_regime_z_50 range_pct_mean_14 realized_vol_z_120 buy_pressure_mean_10 signed_volume_sum_ratio_50 taker_buy_base_volume_ratio_14 quote_volume_proxy_log_delta_40 ret_close_20
feature_infos=[0.35871023108713723:0.58586814708368351] [0.35870791816284514:0.45696207782925019] [0:0.2011783839614148] [0.38902760289994481:0.60193470809252481] [0.38901754189091237:0.44716488297443052] [0:0.21291716620161244] [0.37389941275893224:0.57277729636408226] [1.4078232728753637e-06:0.073123278919670798] [0:0.19665074871299221] [3.6682732053511247e-05:0.1989145663372035] none [-6.9025366427916373:6.8426075284230912] [0.0015632982135911706:0.071844601489805981] [-9.8500642918437755:9.518444049257976] [-0.28613967102058718:0.20268743734568662] [-0.76804856324682635:0.69828805121852666] [-0.8997703770919514:10.196468915086516] [-4.2697044006344118:17.118309393652336] [-0.19535464674828273:0.18728556806930929]
tree_sizes=880 903 909 911 899 912 908 905 903 902 908 907 909 918 912 914 913 908 893 911 891 912 914 912 910 918 907 915 918 907 914 908 914 914 912 911 916 910 905 910 918 911 913 910 916 908 914 914 913 910 920 914 918 914 913 921 916 899 911 909 913 903 918 915 886 909 912 912 893 910 904 908 912 908 912 920 906 916 918 915 923 909 914 915 875 913 918 911 912 892 914 889 916 921 920 918 912 917 897 913 923 917 914 920 896 925 915 924 921 920 867 907 912 918 894

Tree=0
num_leaves=7
num_cat=0
split_feature=12 12 6 6 1 16
split_gain=978.666 242.622 204.997 73.3194 47.1528 46.5878
threshold=0.0052164687145221413 0.0086741237860358065 0.42105389142790911 0.44010338453665132 0.43615125043570552 -0.10141866243344798
decision_type=2 2 2 2 2 2
left_child=2 3 -1 -2 -3 -4
right_child=1 4 5 -5 -6 -7
leaf_value=0.78193665402027956 0.80751950028581465 0.82508705663977355 0.79454237015977469 0.81843307188970893 0.83831818080021814 0.80671386119936483
leaf_weight=860.00046283006668 987.66843736171722 662.63728350400925 503.2121667265892 1232.5607624650002 455.4698857665062 660.71906685829163
leaf_count=4035 4634 3109 2361 5783 2137 3100
internal_value=0.809406 0.819371 0.792988 0.813578 0.830711 0.801344
internal_weight=5362.27 3338.34 2023.93 2220.23 1118.11 1163.93
internal_count=25159 15663 9496 10417 5246 5461
is_linear=0
shrinkage=1


Tree=1
num_leaves=7
num_cat=0
split_feature=6 6 4 0 5 0
split_gain=827.632 299.422 98.0448 80.0667 61.2882 42.5453
threshold=0.44010338453665132 0.41326563059344962 0.42465708854809897 0.46111343782516195 0.040582883667142335 0.45467837175500625
decision_type=2 2 2 2 2 2
left_child=1 -1 5 -4 -3 -2
right_child=2 4 3 -5 -6 -7
leaf_value=-0.029045330413381129 -0.0046599105181721976 -0.0041139302754615017 0.010685682534997206 0.024241108560622348 -0.021451635094882671 0.0089864167817010395
leaf_weight=639.36425995826721 305.28779554367065 1985.1788420081139 937.0335265994072 721.42687396705151 194.81420722603798 577.82330673933029
leaf_count=2971 1433 9296 4412 3412 910 2719
internal_value=2.62309e-05 -0.0111413 0.0124212 0.0167102 -0.00576788 0.00423599
internal_weight=5360.93 2819.36 2541.57 1658.46 2179.99 883.111
internal_count=25153 13177 11976 7824 10206 4152
is_linear=0
shrinkage=0.03


Tree=2
num_leaves=7
num_cat=0
split_feature=12 12 6 6 16 0
split_gain=888.766 235.614 185.742 61.0275 51.8632 51.2917
threshold=0.0051704564995760198 0.0081293325132464362 0.42105389142790911 0.44106791539611206 -0.10141866243344798 0.45532615500666823
decision_type=2 2 2 2 2 2
left_child=2 3 -1 -2 -4 -3
right_child=1 5 4 -5 -6 -7
leaf_value=-0.025999427551028676 -0.002087840024738359 0.012499151277464125 -0.014790861636268117 0.0081779437661832991 -0.0018423442715713332 0.025043723491289735
leaf_weight=868.45779033005238 993.63164845108986 580.65071086585522 488.65908774733543 1070.5117342025042 651.7607353925705 712.11876331269741
leaf_count=4000 4649 2741 2277 5062 3052 3398
internal_value=0.000132804 0.00957498 -0.0155999 0.00323552 -0.00749708 0.0195715
internal_weight=5365.79 3356.91 2008.88 2064.14 1140.42 1292.77
internal_count=25179 15850 9329 9711 5329 6139
is_linear=0
shrinkage=0.03


Tree=3
num_leaves=7
num_cat=0
split_feature=12 12 6 6 1 16
split_gain=843.98 224.856 167.565 54.0947 48.6405 37.4005
threshold=0.0051704564995760198 0.0081293325132464362 0.42105389142790911 0.44813331649589971 0.43615125043570552 -0.10141866243344798
decision_type=2 2 2 2 2 2
left_child=2 3 -1 -2 -3 -4
right_child=1 4 5 -5 -6 -7
leaf_value=-0.025404612012650041 -0.00086788352640788794 0.013824912019249779 -0.014065102897385105 0.0092008155899940269 0.026442741734669713 -0.0030062964078509131
leaf_weight=881.63581529259682 1331.8956493586302 796.20359945297241 490.08235070109367 735.74492283165455 477.70287215709686 647.7410072684288
leaf_count=4023 6248 3787 2271 3492 2310 3031
internal_value=-0.000358218 0.00888209 -0.0156311 0.00272754 0.0187489 -0.00787671
internal_weight=5361.01 3341.55 2019.46 2067.64 1273.91 1137.82
internal_count=25162 15837 9325 9740 6097 5302
is_linear=0
shrinkage=0.03


Tree=4
num_leaves=7
num_cat=0
split_feature=12 12 1 0 16 1
split_gain=812.427 210.001 128.224 69.0083 55.5013 34.737
threshold=0.0051704564995760198 0.0086089243622940233 0.39183679669779353 0.4057346017877736 -0.018281145431531417 0.43615125043570552
decision_type=2 2 2 2 2 2
left_child=2 4 3 -1 -2 -3
right_child=1 5 -4 -5 -6 -7
leaf_value=-0.027315359230002292 -4.8851326402660112e-05 0.014849507435171034 -0.0054689569470868157 -0.012445182162214904 0.0096114086742037416 0.026405001877476207
leaf_weight=690.37821862101555 1352.9684360325336 661.54606202244759 805.11479072272778 534.4265178591013 868.95706905424595 446.60089741647243
leaf_count=3120 6376 3167 3736 2467 4112 2185
internal_value=0 0.00911361 -0.0149145 -0.0210046 0.00374181 0.0197279
internal_weight=5359.99 3330.07 2029.92 1224.8 2221.93 1108.15
internal_count=25163 15840 9323 5587 10488 5352
is_linear=0
shrinkage=0.03


Tree=5
num_leaves=7
num_cat=0
split_feature=12 12 6 16 1 16
split_gain=735.097 195.402 147.653 54.9118 50.3174 33.0863
threshold=0.0052164687145221413 0.0081293325132464362 0.42105389142790911 -0.046840406087834956 0.43615125043570552 -0.11625264026394454
decision_type=2 2 2 2 2 2
left_child=2 3 -1 -2 -3 -4
right_child=1 4 5 -5 -6 -7
leaf_value=-0.023073540771435492 -0.001176060041988186 0.013001757302377563 -0.012735784340039431 0.0088247687795918583 0.025844830226840407 -0.002458625079025722
leaf_weight=901.28575305640697 1183.1377572119236 782.87278068065643 488.66014435887337 830.79775585234165 474.21728178858757 683.99956688284874
leaf_count=4047 5571 3764 2247 3942 2344 3187
internal_value=-4.55287e-05 0.00879905 -0.0139849 0.00295792 0.018036 -0.00683807
internal_weight=5344.97 3271.03 2073.95 2013.94 1257.09 1172.66
internal_count=25102 15621 9481 9513 6108 5434
is_linear=0
shrinkage=0.03


Tree=6
num_leaves=7
num_cat=0
split_feature=12 12 6 6 1 16
split_gain=711.249 178.239 153.268 59.5754 43.6412 35.3227
threshold=0.0052164687145221413 0.0086741237860358065 0.42105389142790911 0.4574529495853174 0.43615125043570552 -0.11625264026394454
decision_type=2 2 2 2 2 2
left_child=2 3 -1 -2 -3 -4
right_child=1 4 5 -5 -6 -7
leaf_value=-0.022993108929889313 0.0012573051100240012 0.013285703624384719 -0.012467440640193297 0.013664772508664973 0.026250328948373133 -0.0019366617478151918
leaf_weight=900.73653055727482 1764.5400882214308 638.61864824593067 501.12090258300304 426.99268913269043 426.46824562549591 681.59418386220932
leaf_count=4014 8334 3093 2294 2047 2135 3173
internal_value=-5.88933e-05 0.008684 -0.0137153 0.00373946 0.0187006 -0.00649087
internal_weight=5340.07 3256.62 2083.45 2191.53 1065.09 1182.72
internal_count=25090 15609 9481 10381 5228 5467
is_linear=0
shrinkage=0.03


Tree=7
num_leaves=7
num_cat=0
split_feature=12 12 6 6 6 1
split_gain=671.752 186.808 121.822 53.3479 40.5662 32.1487
threshold=0.0051704564995760198 0.0086089243622940233 0.42105389142790911 0.4574529495853174 0.43926030593009702 0.37380643872299263
decision_type=2 2 2 2 2 2
left_child=2 3 -1 -2 -3 -4
right_child=1 4 5 -5 -6 -7
leaf_value=-0.021775370493827124 0.0009073723756031066 0.0055091294759452483 -0.016968762968209122 0.012714460070656505 0.021178064409164216 -0.0043507345400295447
leaf_weight=903.36845274269581 1785.8051991462708 195.26143699884415 224.11846067011356 419.37207895517349 883.03988806903362 927.52779921889305
leaf_count=3996 8433 945 1027 2021 4390 4282
internal_value=-0.000139891 0.00826554 -0.0135595 0.0032136 0.018445 -0.00695705
internal_weight=5338.49 3283.48 2055.01 2205.18 1078.3 1151.65
internal_count=25094 15789 9305 10454 5335 5309
is_linear=0
shrinkage=0.03


Tree=8
num_leaves=7
num_cat=0
split_feature=12 12 6 16 6 1
split_gain=627.505 168.49 113.726 48.4948 45.7904 33.6781
threshold=0.0052164687145221413 0.0086741237860358065 0.41266825867182627 0.51399531719366187 0.4571476425907644 0.43615125043570552
decision_type=2 2 2 2 2 2
left_child=2 4 -1 -4 -2 -3
right_child=1 5 3 -5 -6 -7
leaf_value=-0.023479781953009787 0.0014793155389287618 0.013396215473591291 -0.010985131538002669 0.0015199803415161346 0.012322401703989934 0.024948908423080573
leaf_weight=601.12561903893948 1756.377895578742 634.47598321735859 1138.425314322114 360.44299697875977 431.9940050393343 425.70778656005859
leaf_count=2633 8302 3112 5180 1663 2093 2178
internal_value=0.000228009 0.00848641 -0.0125127 -0.00796792 0.00367975 0.0182529
internal_weight=5348.55 3248.56 2099.99 1498.87 2188.37 1060.18
internal_count=25161 15685 9476 6843 10395 5290
is_linear=0
shrinkage=0.03


Tree=9
num_leaves=7
num_cat=0
split_feature=12 6 12 6 16 1
split_gain=588.116 143.076 142.204 54.5374 50.5667 34.6431
threshold=0.0055815226316564435 0.41266825867182627 0.0086741237860358065 0.4574529495853174 0.51399531719366187 0.43615125043570552
decision_type=2 2 2 2 2 2
left_child=1 -1 3 -2 -3 -4
right_child=2 4 5 -5 -6 -7
leaf_value=-0.023125113066535131 0.001518108269371817 -0.0091923226152930658 0.013031849090909075 0.014042156365132162 0.0026600950462368628 0.024788924135181582
leaf_weight=623.0263464152813 1499.3295772969723 1361.021315485239 623.5480909049511 389.07265296578407 414.50746335089207 420.93029546737671
leaf_count=2715 7097 6211 3076 1896 1922 2179
internal_value=0.000146276 -0.0108415 0.00914878 0.00417465 -0.0064091 0.0179886
internal_weight=5331.44 2398.56 2932.88 1888.4 1775.53 1044.48
internal_count=25096 10848 14248 8993 8133 5255
is_linear=0
shrinkage=0.03


Tree=10
num_leaves=7
num_cat=0
split_feature=12 12 6 16 1 16
split_gain=571.689 170.14 100.322 49.5338 46.8315 33.2732
threshold=0.0052164687145221413 0.0081293325132464362 0.42105389142790911 0.81842524673173278 0.43615125043570552 -0.11625264026394454
decision_type=2 2 2 2 2 2
left_child=2 3 -1 -2 -3 -4
right_child=1 4 5 -5 -6 -7
leaf_value=-0.019576970493004057 0.00077261540942292291 0.011884228804826777 -0.012087177145338699 0.015720463282765794 0.024512901089183997 -0.00190911378065477
leaf_weight=918.49971634149551 1783.5398435592651 770.71307598054409 504.22179494798183 215.67164158821106 445.97281932830811 690.14653465151787
leaf_count=3995 8463 3804 2277 1041 2327 3192
internal_value=-5.25575e-05 0.0078982 -0.0121484 0.00247031 0.0166998 -0.00629554
internal_weight=5328.77 3215.9 2112.87 1999.21 1216.69 1194.37
internal_count=25099 15635 9464 9504 6131 5469
is_linear=0
shrinkage=0.03


Tree=11
num_leaves=7
num_cat=0
split_feature=12 12 6 16 6 1
split_gain=547.421 145.111 111.155 48.1751 45.4246 45.3176
threshold=0.0052164687145221413 0.0081293325132464362 0.41266825867182627 0.39335291435939251 0.44010338453665132 0.43615125043570552
decision_type=2 2 2 2 2 2
left_child=2 4 -1 -4 -2 -3
right_child=1 5 3 -5 -6 -7
leaf_value=-0.022590235483548035 -0.0021670443247920287 0.011129800948630014 -0.010699983947842356 0.0011535881522284103 0.0068542470709190119 0.023579118333383487
leaf_weight=615.13294000923634 922.55005422234535 765.73204877972603 1094.89493457973 419.57272624969482 1073.772491812706 441.39064386487007
leaf_count=2645 4327 3799 4927 1933 5173 2330
internal_value=-0.000131761 0.00769103 -0.0118941 -0.00741033 0.00268031 0.0158629
internal_weight=5333.05 3203.45 2129.6 1514.47 1996.32 1207.12
internal_count=25134 15629 9505 6860 9500 6129
is_linear=0
shrinkage=0.03


Tree=12
num_leaves=7
num_cat=0
split_feature=12 12 1 16 3 1
split_gain=496.809 134.114 87.1676 48.4372 43.0696 36.5536
threshold=0.0052164687145221413 0.0086741237860358065 0.37380643872299263 0.1115940685477891 0.42943501789906224 0.43615125043570552
decision_type=2 2 2 2 2 2
left_child=2 3 -1 -2 -4 -3
right_child=1 5 4 -5 -6 -7
leaf_value=-0.018643589157633044 0.00037630870655859722 0.011611045843649689 -0.011365605998997016 0.0099978806320261248 -0.00048650773423085256 0.023777282835115789
leaf_weight=819.5855515152216 1502.2622744292021 613.224180534482 670.29419472813606 681.17191651463509 644.95631048083305 400.35868346691132
leaf_count=3566 7135 3074 2985 3293 2944 2148
internal_value=0.000178923 0.00765909 -0.0109925 0.00342355 -0.00609741 0.0166313
internal_weight=5331.85 3197.02 2134.84 2183.43 1315.25 1013.58
internal_count=25145 15650 9495 10428 5929 5222
is_linear=0
shrinkage=0.03


Tree=13
num_leaves=7
num_cat=0
split_feature=6 12 12 12 1 16
split_gain=470.227 154.65 118.196 36.7656 35.6461 27.5155
threshold=0.44056404564985013 0.0036980991722717683 0.0084110916496297032 0.0054990350308198989 0.41240279342270952 0.84583834761436116
decision_type=2 2 2 2 2 2
left_child=1 5 4 -3 -2 -1
right_child=2 3 -4 -5 -6 -7
leaf_value=-0.022385832983871371 0.00067783159468994122 -0.0076529098239619597 0.018741531212124289 2.9377285361544192e-05 0.0099406171504814664 -0.0048701965727878365
leaf_weight=612.59585151076317 849.02159683406353 1155.4499385207891 866.93230651319027 1065.364363193512 671.30599997937679 105.42185100913048
leaf_count=2654 4024 5165 4532 5068 3233 466
internal_value=7.55201e-05 -0.00794109 0.00994883 -0.00397052 0.00482568 -0.0199576
internal_weight=5326.09 2938.83 2387.26 2220.81 1520.33 718.018
internal_count=25142 13353 11789 10233 7257 3120
is_linear=0
shrinkage=0.03


Tree=14
num_leaves=7
num_cat=0
split_feature=12 1 1 6 16 17
split_gain=448.045 136.887 100.465 55.2857 53.0921 26.7712
threshold=0.0061140825289853528 0.37380643872299263 0.43615125043570552 0.4574529495853174 -0.0052101785630554445 1.0897112145957843
decision_type=2 2 2 2 2 2
left_child=1 5 3 -2 -3 -1
right_child=2 4 -4 -5 -6 -7
leaf_value=-0.021053001325929032 0.0025727529739440671 -0.0082629608743045764 0.019768988876104034 0.014548796509939569 0.0016521563800609475 -0.0083415527902155583
leaf_weight=676.53763402998447 1428.4304035007954 1089.3700661510229 586.18812866508961 454.91397906839848 858.54642450809479 226.0038964599371
leaf_count=2929 6909 4935 3106 2284 3972 997
internal_value=-0.000330337 -0.00842571 0.00899795 0.00554292 -0.00389142 -0.0180291
internal_weight=5319.99 2850.46 2469.53 1883.34 1947.92 902.542
internal_count=25132 12833 12299 9193 8907 3926
is_linear=0
shrinkage=0.03


Tree=15
num_leaves=7
num_cat=0
split_feature=12 12 6 16 0 16
split_gain=402.218 128.39 80.6076 42.6664 38.8512 30.9843
threshold=0.0051454989286776852 0.0081293325132464362 0.41266825867182627 0.0069213535151326786 0.46168710806842433 -0.13064404025198009
decision_type=2 2 2 2 2 2
left_child=2 3 -1 -2 -3 -4
right_child=1 4 5 -5 -6 -7
leaf_value=-0.019073159715900682 -0.0011395759039358189 0.0091392421690906448 -0.01113374348173385 0.0077514591666578148 0.020417483524559767 -0.0022855500351897325
leaf_weight=625.94507913291454 1291.9842887222767 623.96389521658421 632.85267549753189 762.18535515666008 553.45351874828339 838.15596364438534
leaf_count=2644 6110 3151 2793 3693 2989 3806
internal_value=9.64241e-05 0.00673439 -0.0101024 0.00216642 0.0145932 -0.00616192
internal_weight=5328.54 3231.59 2096.95 2054.17 1177.42 1471.01
internal_count=25186 15943 9243 9803 6140 6599
is_linear=0
shrinkage=0.03


Tree=16
num_leaves=7
num_cat=0
split_feature=6 12 12 12 16 1
split_gain=399.45 118.11 93.1903 36.1849 31.643 30.653
threshold=0.44056404564985013 0.0036980991722717683 0.006699063697160351 0.0059340005599408498 0.19040254503781065 0.43615125043570552
decision_type=2 2 2 2 2 2
left_child=1 -1 4 -3 -2 -4
right_child=2 3 5 -5 -6 -7
leaf_value=-0.017882052801176749 -0.0024489406060306802 -0.0069389327670029734 0.010339786561172513 0.00089591236073040107 0.0084539001957416957 0.019917225203156849
leaf_weight=722.30890817940235 582.92175994813442 1365.0504713207483 865.84898196160793 850.29782012104988 390.14818693697453 523.04572570323944
leaf_count=3102 2735 6112 4345 4067 1867 2845
internal_value=-3.80728e-05 -0.00741803 0.00912057 -0.00392776 0.00193352 0.0140846
internal_weight=5299.62 2937.66 2361.96 2215.35 973.07 1388.89
internal_count=25073 13281 11792 10179 4602 7190
is_linear=0
shrinkage=0.03


Tree=17
num_leaves=7
num_cat=0
split_feature=6 6 12 9 18 6
split_gain=385.17 111.038 105.346 32.0879 24.7625 22.6056
threshold=0.44010338453665132 0.42105389142790911 0.0080348454956111742 0.034327160124526281 0.014189693847509012 0.46490078879388747
decision_type=2 2 2 2 2 2
left_child=1 4 -2 -3 -1 -4
right_child=2 3 5 -5 -6 -7
leaf_value=-0.016422545897405633 0.0037825385876500564 -0.0012165337147413871 0.013353562722667439 -0.013640997175235441 -0.0022382789863859003 0.024509101321410137
leaf_weight=972.16875769197941 1455.9303310364485 1611.142383903265 673.12745535373688 203.41143952310085 134.36631427705288 260.34789241850376
leaf_count=4162 6970 7505 3599 914 592 1404
internal_value=-8.0924e-06 -0.00730997 0.00889933 -0.00269289 -0.0147625 0.0167235
internal_weight=5310.49 2921.09 2389.41 1814.55 1106.54 933.475
internal_count=25146 13173 11973 8419 4754 5003
is_linear=0
shrinkage=0.03


Tree=18
num_leaves=7
num_cat=0
split_feature=6 12 1 12 1 18
split_gain=352.086 105.282 102.953 35.2183 33.5906 24.4161
threshold=0.43968287735444583 0.0084110916496297032 0.37380643872299263 0.0052164687145221413 0.41240279342270952 0.014189693847509012
decision_type=2 2 2 2 2 2
left_child=2 4 5 -4 -2 -1
right_child=1 -3 3 -5 -6 -7
leaf_value=-0.018043107088252769 0 0.016982502559811898 -0.0074553738262678314 0.00031142514548800169 0.0087442723911714381 -0.0017547711755165475
leaf_weight=700.09170162677765 889.900011703372 845.37174850702286 997.60368180274963 1081.6910547614098 695.07625541090965 101.04804286360741
leaf_count=2975 4232 4596 4408 5135 3387 439
internal_value=8.69849e-05 0.00848323 -0.00699175 -0.00341842 0.00385315 -0.0160726
internal_weight=5310.78 2430.35 2880.43 2079.29 1584.98 801.14
internal_count=25172 12215 12957 9543 7619 3414
is_linear=0
shrinkage=0.03


Tree=19
num_leaves=7
num_cat=0
split_feature=12 6 1 16 12 18
split_gain=358.858 95.9537 77.7618 41.5864 40.1894 35.9866
threshold=0.0056110418846491705 0.44707445864571788 0.37380643872299263 0.54544433572533002 0.010385634650570037 0.014189693847509012
decision_type=2 2 2 2 2 2
left_child=2 -2 5 -4 -3 -1
right_child=1 4 3 -5 -6 -7
leaf_value=-0.017342364786567435 0.0019888930346018368 0.0094700482815152434 -0.0065878283586276731 0.0051840345172632658 0.020834175798129372 0.0016782511921594467
leaf_weight=786.65221410989761 1435.7398403733969 962.24486880004406 1275.3903945237398 331.03958997130394 422.35101217031479 95.77257938683033
leaf_count=3349 6954 4894 5697 1532 2348 414
internal_value=0.000152657 0.00747272 -0.00812704 -0.00412636 0.0130826 -0.0152487
internal_weight=5309.19 2820.34 2488.85 1606.43 1384.6 882.425
internal_count=25188 14196 10992 7229 7242 3763
is_linear=0
shrinkage=0.03


Tree=20
num_leaves=7
num_cat=0
split_feature=12 1 1 3 16 18
split_gain=330.419 99.7745 87.7063 44.377 34.7781 29.1195
threshold=0.0061140825289853528 0.37380643872299263 0.43615125043570552 0.42943501789906224 0.21408877613903801 0.014189693847509012
decision_type=2 2 2 2 2 2
left_child=1 5 4 -3 -2 -1
right_child=2 3 -4 -5 -6 -7
leaf_value=-0.016969614813537665 0.0024991101120205245 -0.0080404145718070072 0.018400898124038341 0.00099037347216614311 0.012229005380116564 0
leaf_weight=815.28386703133583 1413.1689905971289 880.30668707191944 558.99217939376831 1072.9830888807774 430.06270325183868 106.21026310324669
leaf_count=3468 6962 3912 3110 4965 2171 463
internal_value=-0.000117656 -0.0069746 0.00807062 -0.00308456 0.00483921 -0.0150665
internal_weight=5277.01 2874.78 2402.22 1953.29 1843.23 921.494
internal_count=25051 12808 12243 8877 9133 3931
is_linear=0
shrinkage=0.03


Tree=21
num_leaves=7
num_cat=0
split_feature=6 12 12 11 1 16
split_gain=316.275 90.514 86.7279 31.5373 30.9431 24.0943
threshold=0.44010338453665132 0.0036980991722717683 0.0066724052660591471 1.1976040761315199 0.43615125043570552 0.0069213535151326786
decision_type=2 2 2 2 2 2
left_child=1 -1 5 -3 -4 -2
right_child=2 3 4 -5 -6 -7
leaf_value=-0.015386950543314796 -0.0030782262501407027 -0.00031318871710686943 0.00954404068970203 -0.0076702967845115625 0.019218128386889539 0.0062235428583112765
leaf_weight=737.2205890417099 496.70060937106609 1330.8417789191008 874.88043366372585 866.17676836252213 502.34068897366524 482.8735738992691
leaf_count=3117 2324 6059 4483 3977 2852 2322
internal_value=0.000207757 -0.00635068 0.0083781 -0.00324894 0.0132074 0.00149325
internal_weight=5291.03 2934.24 2356.8 2197.02 1377.22 979.574
internal_count=25134 13153 11981 10036 7335 4646
is_linear=0
shrinkage=0.03


Tree=22
num_leaves=7
num_cat=0
split_feature=12 6 0 16 16 17
split_gain=304.874 109.731 65.518 40.9412 27.8847 16.7031
threshold=0.0066724052660591471 0.41649812000256042 0.45601805593100403 -0.067054746596960021 -0.39769351403235903 1.0614378909548032
decision_type=2 2 2 2 2 2
left_child=1 5 4 -3 -2 -1
right_child=2 3 -4 -5 -6 -7
leaf_value=-0.017033268633501224 -0.002302231196191446 -0.0061360570270179238 0.015620525785116119 0.0014620936872078193 0.0077406393662707851 -0.0051263959450047695
leaf_weight=672.93537846207619 360.53725045919418 1290.0287630558014 843.41702726483345 1238.0158731043339 741.1544980853796 147.55407330393791
leaf_count=2813 1777 5853 4661 5771 3682 618
internal_value=-5.66525e-05 -0.00554487 0.00935609 -0.00241222 0.0044359 -0.0150156
internal_weight=5293.64 3348.53 1945.11 2528.04 1101.69 820.489
internal_count=25175 15055 10120 11624 5459 3431
is_linear=0
shrinkage=0.03


Tree=23
num_leaves=7
num_cat=0
split_feature=12 6 6 4 12 17
split_gain=286.282 97.5539 65.5407 34.7621 27.0652 21.2583
threshold=0.006699063697160351 0.41649812000256042 0.44154698092735994 0.42197782637087633 0.012054881652077088 0.70968175341742257
decision_type=2 2 2 2 2 2
left_child=1 5 -2 -3 -4 -1
right_child=2 3 4 -5 -6 -7
leaf_value=-0.017373081732321202 0.0010218490905591455 -0.0055794151171390978 0.010177119874810037 0.0014182881388111611 0.020406526242097097 -0.0063195832404575897
leaf_weight=576.94304250180721 612.11460708081722 1369.2979253679514 966.82676397264004 1174.1804269999266 337.18063440918922 249.11554819345474
leaf_count=2403 2967 6192 5121 5503 1934 1042
internal_value=-2.43477e-05 -0.00529087 0.00920074 -0.00234432 0.0129802 -0.014191
internal_weight=5285.66 3369.54 1916.12 2543.48 1304.01 826.059
internal_count=25162 15140 10022 11695 7055 3445
is_linear=0
shrinkage=0.03


Tree=24
num_leaves=7
num_cat=0
split_feature=6 12 12 11 6 16
split_gain=270.985 73.2972 69.8693 35.3906 23.0821 18.782
threshold=0.44010338453665132 0.0036980991722717683 0.0077603596787324163 0.19838390478104315 0.46490078879388747 0.19040254503781065
decision_type=2 2 2 2 2 2
left_child=1 -1 5 -3 -4 -2
right_child=2 3 4 -5 -6 -7
leaf_value=-0.014259288631567845 0.0002832384034452149 0.0015587422640136817 0.01048234533865396 -0.006245914996070542 0.021407535226979864 0.0075331664071859386
leaf_weight=742.07426612079144 848.07530316710472 816.35120633244514 695.93223097920418 1403.2468098700047 262.09523098170757 518.06052334606647
leaf_count=3116 4048 3717 3866 6398 1492 2542
internal_value=-0.000131665 -0.0061457 0.00751264 -0.00336785 0.0136925 0.00308909
internal_weight=5285.84 2961.67 2324.16 2219.6 958.027 1366.14
internal_count=25179 13231 11948 10115 5358 6590
is_linear=0
shrinkage=0.03


Tree=25
num_leaves=7
num_cat=0
split_feature=6 12 12 16 6 16
split_gain=261.483 79.6951 76.8767 36.2053 25.0048 23.6731
threshold=0.44010338453665132 0.0082385282227734093 0.0036980991722717683 -0.37894391139159839 0.46490078879388747 0.84583834761436116
decision_type=2 2 2 2 2 2
left_child=2 -2 5 -4 -3 -1
right_child=1 4 3 -5 -6 -7
leaf_value=-0.016471034730534143 0.0032486907053590323 0.011154979361191558 -0.0089565515029578126 -0.00057434471554492579 0.023253608354067083 -0.00099269454212803226
leaf_weight=633.59579692780972 1488.0276936143637 590.40879964828491 658.71628797054291 1546.9043305516243 236.44655150175095 109.58004519343376
leaf_count=2642 7224 3346 2985 7054 1375 469
internal_value=-5.84106e-05 0.00746487 -0.00597979 -0.00312039 0.0148871 -0.0142721
internal_weight=5263.68 2314.88 2948.8 2205.62 826.855 743.176
internal_count=25095 11945 13150 10039 4721 3111
is_linear=0
shrinkage=0.03


Tree=26
num_leaves=7
num_cat=0
split_feature=12 12 11 4 0 18
split_gain=240.952 77.3754 51.9367 44.3627 28.1949 15.1236
threshold=0.0052164687145221413 0.012054881652077088 0.87654684807749861 0.42197782637087633 0.42260484114375596 -0.00097893272824917089
decision_type=2 2 2 2 2 2
left_child=3 2 -2 4 -1 -5
right_child=1 -3 -4 5 -6 -7
leaf_value=-0.012657426809296662 0.0079117415936869745 0.017987313202677855 -0.00038676778278408402 0.0035158180303351471 -0.004108005913893183 -0.0070211513450278724
leaf_weight=1139.2807831168175 1277.2578028589487 374.6953968256712 1420.2565095573664 354.35134716331959 533.25647200644016 174.74843344092369
leaf_count=4758 6394 2163 7075 1603 2384 788
internal_value=-4.6156e-05 0.00536982 0.00354616 -0.00760739 -0.00999005 0
internal_weight=5273.85 3072.21 2697.51 2201.64 1672.54 529.1
internal_count=25165 15632 13469 9533 7142 2391
is_linear=0
shrinkage=0.03


Tree=27
num_leaves=7
num_cat=0
split_feature=6 12 12 16 16 6
split_gain=239.113 67.5709 64.3662 29.0068 23.7315 23.3306
threshold=0.44010338453665132 0.0084110916496297032 0.0040185584414998308 -0.052171592384841807 0.1725263025746672 0.46546527390255926
decision_type=2 2 2 2 2 2
left_child=2 4 -1 -4 -2 -3
right_child=1 5 3 -5 -6 -7
leaf_value=-0.011685098446603835 0.00064460583431499787 0.010867297103015695 -0.0049154341073392744 0.0026977786984455471 0.0083435557040184155 0.023048255906315623
leaf_weight=994.16162951290607 950.85562664270401 566.07309015095234 1306.8178350180387 671.16079135239124 581.61629375815392 213.99465565383434
leaf_count=4176 4583 3259 5948 3104 2891 1269
internal_value=0.000126497 0.00734911 -0.00548896 -0.00231648 0.00362117 0.0144963
internal_weight=5284.68 2312.54 2972.14 1977.98 1532.47 780.068
internal_count=25230 12002 13228 9052 7474 4528
is_linear=0
shrinkage=0.03


Tree=28
num_leaves=7
num_cat=0
split_feature=6 12 12 11 16 12
split_gain=218.566 69.0659 64.1633 31.8647 19.8894 18.7854
threshold=0.44010338453665132 0.0081836828070402188 0.0036980991722717683 -0.39910847222037904 0.19040254503781065 0.013317791510328811
decision_type=2 2 2 2 2 2
left_child=2 4 -1 -4 -2 -3
right_child=1 5 3 -5 -6 -7
leaf_value=-0.013086994362253026 0.00011281710616096353 0.010258760387553236 0.0028325134181847139 -0.0051338763755581678 0.0072816452384005283 0.020668305931445047
leaf_weight=745.58324046432972 931.15172550082207 570.77085688710213 613.93877531588078 1610.2497684061527 555.26384802162647 252.12788355350494
leaf_count=3101 4477 3278 2795 7307 2762 1512
internal_value=-0.000136357 0.00676405 -0.00551692 -0.00291866 0.00284161 0.013694
internal_weight=5279.09 2309.31 2969.77 2224.19 1486.42 822.899
internal_count=25232 12029 13203 10102 7239 4790
is_linear=0
shrinkage=0.03


Tree=29
num_leaves=7
num_cat=0
split_feature=12 12 16 12 16 16
split_gain=212.916 73.6777 51.2181 40.1279 34.3815 10.316
threshold=0.0051180614940263148 0.012054881652077088 0.53053791034965891 0.0033039697567428723 0.38170484330501847 2.3751226234966141
decision_type=2 2 2 2 2 2
left_child=3 2 -2 5 -5 -1
right_child=1 -3 -4 4 -6 -7
leaf_value=-0.01524266455444033 0.0016004672063035671 0.017527222781632407 0.012706272997478093 -0.0071124162818102408 0.003232110635063241 0.0030368456773254486
leaf_weight=499.6406556814909 2335.2982217073441 371.29795661568642 438.2463324368 1223.2817528992891 366.75510947406292 23.333224967122078
leaf_count=2076 11570 2199 2282 5268 1659 99
internal_value=0.000184374 0.00513249 0.00340541 -0.00715538 -0.00470233 -0.0143291
internal_weight=5257.85 3144.84 2773.54 2113.01 1590.04 522.974
internal_count=25153 16051 13852 9102 6927 2175
is_linear=0
shrinkage=0.03


Tree=30
num_leaves=7
num_cat=0
split_feature=12 6 16 12 16 16
split_gain=201.431 88.9221 34.6638 29.8126 28.4294 27.927
threshold=0.0077097625341649928 0.42802787651127655 -0.60408880330409909 0.013317791510328811 -0.36745342116607171 -0.067054746596960021
decision_type=2 2 2 2 2 2
left_child=1 4 -2 -4 -1 -3
right_child=2 5 3 -5 -6 -7
leaf_value=-0.014616813723430074 -0.006745371210823266 -0.0026975266073384434 0.0090701980426041197 0.020829646582198831 -0.0058507099567062801 0.0038314893941500294
leaf_weight=487.57930500805378 89.233942463994026 1175.0559972077608 916.79890239238739 260.17004086077213 1158.8876472562551 1160.7278867214918
leaf_count=2073 470 5454 5012 1573 4968 5588
internal_value=9.15651e-05 -0.00321947 0.010472 0.0118485 -0.00853736 0.00053667
internal_weight=5248.45 3982.25 1266.2 1176.97 1646.47 2335.78
internal_count=25138 18083 7055 6585 7041 11042
is_linear=0
shrinkage=0.03


Tree=31
num_leaves=7
num_cat=0
split_feature=4 0 0 6 16 18
split_gain=200.627 67.7998 64.2975 25.7094 23.5063 20.0279
threshold=0.42197782637087633 0.45208902975039472 0.40713197560620412 0.46546527390255926 -0.57206292165834083 -0.027473915979709936
decision_type=2 2 2 2 2 2
left_child=2 4 -1 -4 -2 -3
right_child=1 5 3 -5 -6 -7
leaf_value=-0.012482182135242284 -0.0078140259988582986 0.021550729517888053 -0.0035130800764790601 0.010127295595181154 0.0037491378190172616 0.010036042316300481
leaf_weight=860.57473011314869 164.29245090484619 197.43734572827816 1695.5840487480164 123.59257163107395 1631.3532226681709 598.87255784869194
leaf_count=3550 794 1217 7800 640 7894 3367
internal_value=-1.37765e-05 0.00591971 -0.00576469 -0.00251967 0.00263714 0.0131601
internal_weight=5271.71 2591.96 2679.75 1819.18 1795.65 796.31
internal_count=25262 13272 11990 8440 8688 4584
is_linear=0
shrinkage=0.03


Tree=32
num_leaves=7
num_cat=0
split_feature=12 6 16 16 16 6
split_gain=182.447 84.3594 38.2353 31.144 28.4123 26.9226
threshold=0.007628937081352846 0.42802787651127655 -0.56599923102795524 0.92706458322440666 -0.36745342116607171 0.46490078879388747
decision_type=2 2 2 2 2 2
left_child=1 4 -2 -3 -1 -4
right_child=2 3 5 -5 -6 -7
leaf_value=-0.014577149571673394 -0.0052144280777063892 -0.0010092928141604046 0.0088011273789673043 0.0089912160365469545 -0.0058057571074633064 0.020321570944619113
leaf_weight=485.29019743204117 131.71375253796577 1994.9531239122152 919.74326187372208 315.52258975803852 1162.6657519489527 240.46352650225163
leaf_count=2054 695 9390 5073 1538 4968 1462
internal_value=-0.000112393 -0.00331488 0.00962704 0.000376328 -0.0084792 0.0113677
internal_weight=5250.35 3958.43 1291.92 2310.48 1647.96 1160.21
internal_count=25180 17950 7230 10928 7022 6535
is_linear=0
shrinkage=0.03


Tree=33
num_leaves=7
num_cat=0
split_feature=12 6 12 11 6 18
split_gain=170.431 59.601 44.6289 36.0109 21.9708 14.3843
threshold=0.0055815226316564435 0.4574529495853174 0.0033039697567428723 1.0859700312934055 0.44350350159609525 -0.0030593449606390872
decision_type=2 2 2 2 2 2
left_child=2 3 5 -2 -4 -1
right_child=1 -3 4 -5 -6 -7
leaf_value=-0.00801821182676557 0.0062276219215363577 0.012672027776686783 -0.0051799480207760937 -0.0016984556616662092 0.0026844662250879981 -0.018631535399877545
leaf_weight=276.31224693357944 1069.7630096524954 683.7563194334507 1593.3261537700891 972.82960374653339 387.16919401288033 255.00749187171459
leaf_count=1153 5444 3898 6910 4874 1804 1046
internal_value=-0.000119243 0.00506016 -0.00575069 0.00244815 -0.00362169 -0.0134176
internal_weight=5238.16 2726.35 2511.82 2042.59 1980.5 531.32
internal_count=25129 14216 10913 10318 8714 2199
is_linear=0
shrinkage=0.03


Tree=34
num_leaves=7
num_cat=0
split_feature=4 0 0 16 6 15
split_gain=173.855 67.9624 49.4047 31.9656 23.4761 15.6573
threshold=0.42465708854809897 0.4074584683060743 0.45142972304742418 -0.31594819341397168 0.46827157951622156 0.080224131561885209
decision_type=2 2 2 2 2 2
left_child=1 5 3 -2 -3 -1
right_child=2 4 -4 -5 -6 -7
leaf_value=-0.013822380461828531 -0.0023190893760881271 -0.0024074498730330841 0.013292094313192379 0.0068141658545846431 0.0089986420081371293 -0.0047824392904039555
leaf_weight=638.97223331034184 529.29724691808224 1994.1755789667368 686.12680113315582 938.68482182919979 166.11457659304142 270.61323083937168
leaf_count=2626 2561 9210 4062 4630 885 1120
internal_value=0.000163219 -0.00441009 0.00668488 0.00350736 -0.00147914 -0.0112468
internal_weight=5223.98 3069.88 2154.11 1467.98 2160.29 909.585
internal_count=25094 13841 11253 7191 10095 3746
is_linear=0
shrinkage=0.03


Tree=35
num_leaves=7
num_cat=0
split_feature=6 1 16 6 9 15
split_gain=152.608 64.4376 32.7809 21.1174 18.4892 15.8613
threshold=0.42776389221828187 0.43615125043570552 0.2054251051542352 0.40742769605275692 0.022924391048377044 0.003943241974180038
decision_type=2 2 2 2 2 2
left_child=3 2 -2 -1 -3 -5
right_child=1 4 -4 5 -6 -7
leaf_value=-0.012492341119240207 -0.00041974849733629401 0.0094168224190371037 0.0063945139401872519 -0.0081987796881990357 0.02325575661278606 -0.0012691268405663587
leaf_weight=514.95987026393414 2048.1079439520836 429.54609690606594 905.84829242527485 673.04915975034237 118.20702655613422 554.43110978603363
leaf_count=2093 9910 2555 4523 2918 763 2443
internal_value=-0.000144892 0.00345792 0.00167429 -0.00738084 0.0128205 -0.00512857
internal_weight=5244.15 3501.71 2953.96 1742.44 547.753 1227.48
internal_count=25205 17751 14433 7454 3318 5361
is_linear=0
shrinkage=0.03


Tree=36
num_leaves=7
num_cat=0
split_feature=12 1 18 16 6 12
split_gain=147.943 58.746 39.6762 38.8244 31.8306 23.2474
threshold=0.007628937081352846 0.41240279342270952 -0.00083118467345760772 -0.07219747098236988 0.46217529976106225 0.013317791510328811
decision_type=2 2 2 2 2 2
left_child=1 3 -3 -1 5 -2
right_child=4 2 -4 -5 -6 -7
leaf_value=-0.0073633497191491213 0.0040310055640315175 0.010110294623029229 -0.003501668938704224 -0.00067837209606131049 0.017628742123793617 0.016051032204783988
leaf_weight=1743.7603416740894 798.18491843342781 475.95836625993252 308.49425540864468 1434.1594820916653 301.30992318689823 174.47279068827629
leaf_count=7624 4307 2329 1507 6496 1875 1051
internal_value=0.000307161 -0.00254893 0.00474279 -0.0043675 0.00916439 0.00635906
internal_weight=5236.34 3962.37 784.453 3177.92 1273.97 972.658
internal_count=25189 17956 3836 14120 7233 5358
is_linear=0
shrinkage=0.03


Tree=37
num_leaves=7
num_cat=0
split_feature=6 1 11 4 18 18
split_gain=143.969 58.72 33.0085 30.7802 34.5317 17.7024
threshold=0.44707445864571788 0.37380643872299263 -0.3500457180816588 0.42197782637087633 -0.027473915979709936 0.0084217650922385773
decision_type=2 2 2 2 2 2
left_child=1 5 -3 -2 -5 -1
right_child=3 2 -4 4 -6 -7
leaf_value=-0.01212197190950109 0.0004358294075278861 0.0035539202150554968 -0.0033874921621832592 0.01924878015706773 0.006966405103065532 -0.0015467763206712284
leaf_weight=697.32130874693394 418.76529377698898 912.54915674030781 1838.9349142462015 273.62025660276413 904.73851938545704 190.85177953541279
leaf_count=2878 2111 4220 8586 1674 4948 803
internal_value=2.84486e-05 -0.00326041 -0.00106993 0.00751569 0.00998165 -0.00992548
internal_weight=5236.78 3639.66 2751.48 1597.12 1178.36 888.173
internal_count=25220 16487 12806 8733 6622 3681
is_linear=0
shrinkage=0.03


Tree=38
num_leaves=7
num_cat=0
split_feature=4 0 0 11 18 18
split_gain=141.456 57.638 43.5757 27.5834 18.0467 12.4702
threshold=0.42197782637087633 0.45208902975039472 0.40470374570708179 0.84627905071799081 -0.015867576154734272 0.0086875324148802963
decision_type=2 2 2 2 2 2
left_child=2 -2 5 -4 -3 -1
right_child=1 4 3 -5 -6 -7
leaf_value=-0.01245279136865279 0.0020691360306374518 0.01712976448333647 0.0013498869273963281 -0.0058691874753463383 0.0073797384489485834 -0.00257465768735118
leaf_weight=645.05400870740414 1786.293917670846 339.00273996591568 941.15035147964954 937.78235699236393 422.02079594135284 156.66598798334599
leaf_count=2623 8697 2121 4281 4390 2440 649
internal_value=3.47196e-06 0.00506128 -0.00479256 -0.0022493 0.0119277 -0.0106149
internal_weight=5227.97 2547.32 2680.65 1878.93 761.024 801.72
internal_count=25201 13258 11943 8671 4561 3272
is_linear=0
shrinkage=0.03


Tree=39
num_leaves=7
num_cat=0
split_feature=12 1 16 16 6 18
split_gain=140.135 63.3729 41.9932 39.3952 19.69 19.4779
threshold=0.007628937081352846 0.37380643872299263 0.54544433572533002 -0.56599923102795524 0.46490078879388747 0.016187319785099356
decision_type=2 2 2 2 2 2
left_child=1 5 -3 -2 -5 -1
right_child=3 2 -4 4 -6 -7
leaf_value=-0.010654548728246409 -0.0062936679381810192 -0.0021643105078690238 0.0070718548342934059 0.0083719079283693983 0.018569401749283433 0.0029932785198895319
leaf_weight=886.60102687776089 130.63636876642704 2460.8105549961329 529.3477578908205 895.2909681648016 225.96386736631393 97.153240382671356
leaf_count=3693 696 11317 2574 5044 1455 423
internal_value=5.92172e-05 -0.00269473 -0.000501111 0.00877699 0.0105995 -0.00925998
internal_weight=5225.8 3973.91 2990.16 1251.89 1121.25 983.754
internal_count=25202 18007 13891 7195 6499 4116
is_linear=0
shrinkage=0.03


Tree=40
num_leaves=7
num_cat=0
split_feature=12 12 16 16 16 12
split_gain=143.849 55.3953 33.5799 33.1867 23.284 21.3406
threshold=0.0077097625341649928 0.0044408486252271182 -0.56599923102795524 -0.018281145431531417 0.84583834761436116 0.013317791510328811
decision_type=2 2 2 2 2 2
left_child=1 4 -2 -3 -1 -4
right_child=2 3 5 -5 -6 -7
leaf_value=-0.0088716738066853679 -0.0051741881458052495 -0.0028497023567535494 0.0081324102866268087 0.004262119124729043 0.0015816589988654533 0.018606077191671573
leaf_weight=1303.128068447113 128.6168200224638 1516.3422476798296 858.3862085044384 952.89854171872139 215.82054743170738 234.63766726851463
leaf_count=5469 682 6986 4875 4671 950 1523
internal_value=-0.000111405 -0.00287833 0.00884722 -8.69753e-05 -0.00736616 0.0105563
internal_weight=5209.83 3988.19 1221.64 2469.24 1518.95 1093.02
internal_count=25156 18076 7080 11657 6419 6398
is_linear=0
shrinkage=0.03


Tree=41
num_leaves=7
num_cat=0
split_feature=12 12 16 6 16 17
split_gain=130.314 57.6926 40.5393 27.695 19.4078 11.5689
threshold=0.0051704564995760198 0.012481371951742192 0.87037861650882065 0.41266825867182627 0.54544433572533002 1.0897112145957843
decision_type=2 2 2 2 2 2
left_child=3 2 -2 5 -5 -1
right_child=1 -3 -4 4 -6 -7
leaf_value=-0.01259344351545061 0.0013703379831862235 0.016107866305003729 0.013763377932469607 -0.0051368522351524165 0.0028469511797173815 -0.0016673139175179604
leaf_weight=534.48868085443974 2475.9834686368704 309.3325814306736 254.40849043428898 1176.7377656400204 343.94573678076267 115.61069542169571
leaf_count=2155 12517 1988 1392 5090 1570 469
internal_value=6.64837e-06 0.00401661 0.00258204 -0.00558737 -0.00330469 -0.0107505
internal_weight=5210.51 3039.72 2730.39 2170.78 1520.68 650.099
internal_count=25181 15897 13909 9284 6660 2624
is_linear=0
shrinkage=0.03


Tree=42
num_leaves=7
num_cat=0
split_feature=6 12 12 11 16 16
split_gain=119.351 38.7814 31.1092 28.9712 22.0614 21.162
threshold=0.44707445864571788 0.0033039697567428723 0.0077603596787324163 0.22433709362201865 0.74784504298336818 -0.60408880330409909
decision_type=2 2 2 2 2 2
left_child=1 -1 4 -3 -2 -4
right_child=2 3 5 -5 -6 -7
leaf_value=-0.010632200023471389 0.00053513491573627787 0.0019694706307560299 -0.0082315000238059061 -0.0039454146500511825 0.012049508655324488 0.012970011846896213
leaf_weight=501.63176873326302 695.27659833431244 1189.1366986334324 36.944850400090218 1944.586609184742 183.49750219285488 649.27412602305412
leaf_count=2050 3425 5488 210 8914 954 4103
internal_value=1.60399e-05 -0.00295987 0.00692278 -0.00169226 0.00308174 0.0116836
internal_weight=5200.35 3635.36 1564.99 3133.72 878.774 686.219
internal_count=25144 16452 8692 14402 4379 4313
is_linear=0
shrinkage=0.03


Tree=43
num_leaves=7
num_cat=0
split_feature=4 12 12 16 16 7
split_gain=106.727 49.2885 30.8898 31.1948 21.587 16.7451
threshold=0.42197782637087633 0.0086741237860358065 0.003335780633304415 0.50087701224496151 0.87037861650882065 0.028807690909083281
decision_type=2 2 2 2 2 2
left_child=2 4 5 -4 -2 -1
right_child=1 -3 3 -5 -6 -7
leaf_value=-0.0084114034846512475 0.00052841314491444463 0.011215456854563871 -0.0039975289643536041 0.0059171396202141137 0.010065042773556836 -0.026252274327807242
leaf_weight=461.15065099298954 1575.874824270606 699.72940745949745 1852.4642525911331 326.0991665571928 238.99061052501202 49.495023488998413
leaf_count=1878 7614 4366 8338 1550 1235 206
internal_value=6.18763e-05 0.00450133 -0.0040795 -0.00247948 0.00184896 -0.0106693
internal_weight=5203.8 2514.59 2689.21 2178.56 1814.87 510.646
internal_count=25187 13215 11972 9888 8849 2084
is_linear=0
shrinkage=0.03


Tree=44
num_leaves=7
num_cat=0
split_feature=6 12 12 11 16 16
split_gain=117.257 38.0245 30.9607 28.1597 27.5618 14.2794
threshold=0.44010338453665132 0.013317791510328811 0.0036980991722717683 -0.39910847222037904 -0.62492995476363589 0.84583834761436116
decision_type=2 2 2 2 2 2
left_child=2 4 5 -4 -2 -1
right_child=1 -3 3 -5 -6 -7
leaf_value=-0.010787772751975837 -0.013004602513278013 0.016778397087539434 0.0033053692257649227 -0.0041772200226427181 0.0045305291973010515 0.00055621380554916812
leaf_weight=650.89023664593697 73.917943447828293 220.480867177248 614.2309183627367 1617.6574331521988 1908.9023193269968 110.66557629406452
leaf_count=2654 369 1497 2800 7282 10090 465
internal_value=-5.16185e-05 0.00518204 -0.00391823 -0.00209902 0.0037998 -0.00911459
internal_weight=5196.75 2203.3 2993.44 2231.89 1982.82 761.556
internal_count=25157 11956 13201 10082 10459 3119
is_linear=0
shrinkage=0.03


Tree=45
num_leaves=7
num_cat=0
split_feature=4 12 6 13 16 6
split_gain=118.733 42.6989 30.6891 25.9405 22.6856 11.3406
threshold=0.42465708854809897 0.0086741237860358065 0.46755045593609718 2.6225323389466748 -0.29001092971006109 0.46490078879388747
decision_type=2 2 2 2 2 2
left_child=2 4 3 -1 -2 -3
right_child=1 5 -4 -5 -6 -7
leaf_value=-0.0035516122867189676 -0.002345586605185108 0.009495451809204223 0.0081655396819871762 -0.014065692752263588 0.0054016694255824022 0.02006458966507374
leaf_weight=2681.4087336361408 514.88243226706982 516.06319577991962 174.91270436346531 224.06715682148933 944.79154831171036 129.45023983716965
leaf_count=11848 2457 3171 953 1051 4734 921
internal_value=7.28092e-05 0.00555484 -0.00366984 -0.0044182 0.00265114 0.0119345
internal_weight=5185.58 2105.19 3080.39 2905.48 1459.67 645.513
internal_count=25135 11283 13852 12899 7191 4092
is_linear=0
shrinkage=0.03


Tree=46
num_leaves=7
num_cat=0
split_feature=12 0 4 16 11 16
split_gain=111.561 38.9487 38.059 23.9713 20.6119 13.5621
threshold=0.0066724052660591471 0.45601805593100403 0.42197782637087633 -0.49056271650395655 1.0859700312934055 -0.18540434596441233
decision_type=2 2 2 2 2 2
left_child=2 4 3 -1 -2 -4
right_child=1 -3 5 -5 -6 -7
leaf_value=-0.01292222957016553 0.0069187076604315242 0.011399788208043932 -0.0024364779722452854 -0.0040410389636771054 -0.0013735655801988395 0.0040715256404032516
leaf_weight=319.87804880738258 481.69151622056961 736.78696937859058 487.90264856815338 1898.3646712452173 581.64004208147526 666.11326809227467
leaf_count=1341 2480 4633 2239 8204 2964 3221
internal_value=0.000117239 0.00613354 -0.00309404 -0.00538745 0.00238436 0.00129696
internal_weight=5172.38 1800.12 3372.26 2218.24 1063.33 1154.02
internal_count=25082 10077 15005 9545 5444 5460
is_linear=0
shrinkage=0.03


Tree=47
num_leaves=7
num_cat=0
split_feature=12 11 1 18 12 16
split_gain=97.7252 43.0111 36.3772 28.8788 22.7798 17.7756
threshold=0.0051704564995760198 0.87654684807749861 0.43615125043570552 -0.014756050749536507 0.0033039697567428723 0.54544433572533002
decision_type=2 2 2 2 2 2
left_child=4 3 -3 -2 -1 -6
right_child=1 2 -4 -5 5 -7
leaf_value=-0.010131382546766687 0.01449514096720439 -0.0014747005863677265 0.011736208745798334 0.0046490201342322141 -0.0044416117652005156 0.0035114938405527724
leaf_weight=533.99934287369251 375.466657564044 1423.2852164804935 205.73050074279308 991.95375816524029 1347.4098453521729 298.6997401714325
leaf_count=2186 2131 7183 1391 5118 5743 1371
internal_value=3.99365e-05 0.00355693 0.000236844 0.00745996 -0.00477445 -0.00296785
internal_weight=5176.55 2996.44 1629.02 1367.42 2180.11 1646.11
internal_count=25123 15823 8574 7249 9300 7114
is_linear=0
shrinkage=0.03


Tree=48
num_leaves=7
num_cat=0
split_feature=12 12 11 12 16 16
split_gain=96.5616 44.6021 36.8852 22.0381 25.2295 12.7524
threshold=0.0051454989286776852 0.010606709234817132 0.87654684807749861 0.0025428514773143209 0.51399531719366187 -0.10550103410659416
decision_type=2 2 2 2 2 2
left_child=3 2 -2 -1 -5 -3
right_child=1 5 -4 4 -6 -7
leaf_value=-0.01568921324759371 0.0057315498205250609 0.0069980041061473708 -0.001474165029615488 -0.0055248789689294258 0.0028486712190110694 0.017533592554924312
leaf_weight=146.93491490185261 1197.1787445247173 271.40396149456501 1342.4385076761246 1618.343142002821 392.40324619412422 205.69917550683022
leaf_count=598 6130 1699 6731 6827 1768 1394
internal_value=7.02618e-05 0.00353734 0.00192001 -0.00475728 -0.0038699 0.0118686
internal_weight=5174.4 3016.72 2539.62 2157.68 2010.75 477.103
internal_count=25147 15954 12861 9193 8595 3093
is_linear=0
shrinkage=0.03


Tree=49
num_leaves=7
num_cat=0
split_feature=4 0 0 11 18 15
split_gain=92.303 36.9967 28.9384 28.5961 18.0371 13.0662
threshold=0.42197782637087633 0.45412945345963246 0.40470374570708179 0.84627905071799081 -0.014997503861515547 0.070384076002201021
decision_type=2 2 2 2 2 2
left_child=2 -2 5 -4 -3 -1
right_child=1 4 3 -5 -6 -7
leaf_value=-0.011045487065084989 0.0018954926014604554 0.015263173312153802 0.0019735110478513985 -0.0053496434194693606 0.0052694224996904099 -0.002572899722092189
leaf_weight=556.17764066159725 1791.5214785039425 319.89107533544302 943.25570181012154 950.9367281794548 378.59631350636482 255.40742783248425
leaf_count=2249 8814 2140 4291 4436 2285 1042
internal_value=5.79453e-05 0.00422304 -0.0037654 -0.00169595 0.0100395 -0.00847943
internal_weight=5195.79 2490.01 2705.78 1894.19 698.487 811.585
internal_count=25257 13239 12018 8727 4425 3291
is_linear=0
shrinkage=0.03


Tree=50
num_leaves=7
num_cat=0
split_feature=12 12 6 12 7 11
split_gain=91.4978 44.8021 33.454 21.6394 15.3021 11.7881
threshold=0.0050955023334474181 0.013317791510328811 0.46599527798352547 0.003335780633304415 0.0072137871808688339 -0.41961079802902623
decision_type=2 2 2 2 2 2
left_child=3 2 -2 4 -1 -5
right_child=1 -3 -4 5 -6 -7
leaf_value=0.0024070094767497884 0.00099014347939659899 0.015303719064908959 0.011543424289551012 0.00068007516131395138 -0.011725589207585234 -0.0047744984598171178
leaf_weight=72.474387630820274 2507.6243734061718 246.09663099050522 294.82787101715803 521.79039399325848 490.50366951525211 1044.9582249969244
leaf_count=301 12681 1680 1761 2287 2001 4471
internal_value=-5.67867e-05 0.00326652 0.00214815 -0.00482091 -0.00984363 -0.00294609
internal_weight=5178.28 3048.55 2802.45 2129.73 562.978 1566.75
internal_count=25182 16122 14442 9060 2302 6758
is_linear=0
shrinkage=0.03


Tree=51
num_leaves=7
num_cat=0
split_feature=4 0 11 0 16 15
split_gain=88.2377 32.4967 29.5279 28.6959 20.8406 14.9821
threshold=0.42465708854809897 0.4074584683060743 0.84627905071799081 0.49179197222922605 -0.38978127230923093 0.080224131561885209
decision_type=2 2 2 2 2 2
left_child=1 5 -3 4 -2 -1
right_child=3 2 -4 -5 -6 -7
leaf_value=-0.010467802279498954 -0.0015250036429886552 0.0022050812866231092 -0.0047538725555628528 0.017660540098749473 0.0054906790268648056 -0.0018582938554203724
leaf_weight=649.36268427968025 503.36715586483479 1080.4559342712164 1089.6414064019918 134.22496480494738 1442.9465507864952 270.71066038310528
leaf_count=2637 2582 4964 5161 966 7748 1110
internal_value=-9.7451e-05 -0.00331489 -0.00128114 0.00465998 0.00366239 -0.00801412
internal_weight=5170.71 3090.17 2170.1 2080.54 1946.31 920.073
internal_count=25168 13872 10125 11296 10330 3747
is_linear=0
shrinkage=0.03


Tree=52
num_leaves=7
num_cat=0
split_feature=12 6 11 16 12 12
split_gain=82.1733 29.2129 27.5986 25.6264 20.9352 9.75722
threshold=0.0067266474856908171 0.46490078879388747 1.0613626459524537 0.92706458322440666 0.0033039697567428723 0.0025428514773143209
decision_type=2 2 2 2 2 2
left_child=3 2 -2 4 -1 -5
right_child=1 -3 -4 5 -6 -7
leaf_value=-0.0093224333368805059 0.0079285489729451191 0.014055087723864285 -0.00026860333681875129 -0.0089910647629044497 -0.0023608085652270347 0.0063237700657949036
leaf_weight=456.04303811490536 694.14128076285124 288.91784814745188 762.56225854158401 31.55520561337471 2600.1760438978672 343.61636599898338
leaf_count=1853 3920 1921 4102 130 11653 1641
internal_value=0.00016819 0.00545483 0.00364444 -0.00252056 -0.00343641 0.00475778
internal_weight=5177.01 1745.62 1456.7 3431.39 3056.22 375.172
internal_count=25220 9943 8022 15277 13506 1771
is_linear=0
shrinkage=0.03


Tree=53
num_leaves=7
num_cat=0
split_feature=12 1 18 17 6 13
split_gain=80.0692 34.0411 33.2911 23.9623 20.8387 19.9249
threshold=0.0081293325132464362 0.41240279342270952 -0.0023027904551362606 0.92048508435941845 0.46490078879388747 1.8556818161860744
decision_type=2 2 2 2 2 2
left_child=1 3 -3 -1 5 -2
right_child=4 2 -4 -5 -6 -7
leaf_value=-0.0046156833834502435 0.0086744467670733759 0.0086260649927708613 -0.0033286071791296646 0.0012193282982880364 0.016314612110313018 -0.0011925301235863302
leaf_weight=2504.3675982654095 525.46573849022388 483.98527321219444 352.4044791162014 832.01208105683327 195.27356837689877 269.8914393633604
leaf_count=11011 3189 2447 1754 3805 1403 1557
internal_value=2.62999e-05 -0.00179163 0.00357382 -0.00315231 0.00765522 0.00531577
internal_weight=5163.4 4172.77 836.39 3336.38 990.631 795.357
internal_count=25166 19017 4201 14816 6149 4746
is_linear=0
shrinkage=0.03


Tree=54
num_leaves=7
num_cat=0
split_feature=12 11 4 18 16 0
split_gain=75.35 37.4475 26.684 24.9814 18.5261 19.7069
threshold=0.0051454989286776852 0.95729125104577084 0.42465708854809897 -0.010653219972698523 -0.36745342116607171 0.37188935421689789
decision_type=2 2 2 2 2 2
left_child=4 3 -3 -2 -1 -6
right_child=1 2 -4 -5 5 -7
leaf_value=-0.0091151458882346922 0.011866950597668079 -0.0042381389305502816 0.0035675494034369867 0.0035108017223874515 -0.015479544869159145 -0.001724658456243247
leaf_weight=523.73862527310848 514.80896756052971 732.85748447477818 829.31432893127203 907.58735568076372 91.097651362419128 1542.3204665035009
leaf_count=2163 2928 3596 4661 4721 365 6644
internal_value=2.48534e-05 0.00311408 -7.88959e-05 0.00661783 -0.00423009 -0.00259956
internal_weight=5141.72 2984.57 1562.17 1422.4 2157.16 1633.42
internal_count=25078 15906 8257 7649 9172 7009
is_linear=0
shrinkage=0.03


Tree=55
num_leaves=7
num_cat=0
split_feature=0 16 12 12 18 16
split_gain=63.9653 36.3835 31.0487 25.6253 13.4054 12.3774
threshold=0.45601805593100403 -0.3750118336033702 0.0054990350308198989 0.0065954884021125317 -0.010278612842553434 0.0069213535151326786
decision_type=2 2 2 2 2 2
left_child=1 -1 -3 5 -5 -2
right_child=3 2 -4 4 -6 -7
leaf_value=-0.0060987315299653533 -0.0061592595554567763 -0.0023943017473616254 0.0039186909193665359 0.013444059085875426 0.0049142864541342653 0.0048137708166163329
leaf_weight=1172.7136473059654 158.35598750412464 1732.0215749591589 1162.8988956212997 394.22276805341244 335.87668454647064 195.15260352194309
leaf_count=5302 751 7453 5896 2664 2084 993
internal_value=5.75426e-05 -0.00166463 0.00013608 0.00650575 0.00967996 -5.33429e-05
internal_weight=5151.24 4067.63 2894.92 1083.61 730.099 353.509
internal_count=25143 18651 13349 6492 4748 1744
is_linear=0
shrinkage=0.03


Tree=56
num_leaves=7
num_cat=0
split_feature=4 12 6 12 16 7
split_gain=70.4961 36.4713 23.729 22.4843 17.3897 11.4216
threshold=0.42197782637087633 0.012054881652077088 0.44707445864571788 0.0036980991722717683 0.50087701224496151 0.028807690909083281
decision_type=2 2 2 2 2 2
left_child=3 2 -2 5 -5 -1
right_child=1 -3 -4 4 -6 -7
leaf_value=-0.0063829539458811991 -0.00018420340330970987 0.014051424759735101 0.0061112216243172368 -0.0026987479298774086 0.0052941472026475107 -0.020364318932278119
leaf_weight=687.24613453447819 1279.7167131304741 266.81166309863329 909.11945091933012 1668.1139684617519 275.38535502552986 53.129963040351868
leaf_count=2800 6161 1897 5158 7553 1332 219
internal_value=8.83475e-05 0.00375924 0.00243282 -0.00326074 -0.00152953 -0.00768426
internal_weight=5139.52 2455.65 2188.84 2683.88 1943.5 740.376
internal_count=25120 13216 11319 11904 8885 3019
is_linear=0
shrinkage=0.03


Tree=57
num_leaves=7
num_cat=0
split_feature=4 12 16 12 16 15
split_gain=60.1559 37.5001 26.2514 23.2295 24.3301 13.413
threshold=0.42465708854809897 0.012054881652077088 0.87037861650882065 0.0025428514773143209 -0.37137273574041785 0.070384076002201021
decision_type=2 2 2 2 2 2
left_child=3 2 -2 5 -5 -1
right_child=1 -3 -4 4 -6 -7
leaf_value=-0.017506827098472542 0.001028892789851276 0.014735358110149106 0.01203657105856284 -0.0064323437877807027 -0.00031928498755468503 0.004766083351602465
leaf_weight=126.383136972785 1582.5751563087106 247.08040821552277 214.35624855011702 802.53467886149883 2147.4880877882242 22.707917705178261
leaf_count=513 8247 1785 1203 3536 9759 92
internal_value=0 0.00398598 0.00241795 -0.00263004 -0.00200855 -0.0138395
internal_weight=5143.13 2044.01 1796.93 3099.11 2950.02 149.091
internal_count=25135 11235 9450 13900 13295 605
is_linear=0
shrinkage=0.03


Tree=58
num_leaves=7
num_cat=0
split_feature=4 0 0 7 11 16
split_gain=71.7012 27.3018 22.208 21.0872 18.9577 18.5809
threshold=0.42465708854809897 0.49179197222922605 0.42828811274807105 0.028807690909083281 0.82884520816624629 -0.38978127230923093
decision_type=2 2 2 2 2 2
left_child=2 5 3 -1 -4 -2
right_child=1 -3 4 -5 -6 -7
leaf_value=-0.0044324754249756996 -0.0015330568740009286 0.017256890052055031 0.0038915531730026251 -0.023171515148487334 -0.0032565912065936784 0.0051304091924270568
leaf_weight=1724.581631436944 499.62284972518682 129.10617220401764 611.51138885319233 47.482167840003967 711.40621754527092 1404.2765457555652
leaf_count=7269 2573 977 2918 194 3497 7651
internal_value=-1.48002e-05 0.00434413 -0.00289249 -0.00507863 2.94988e-05 0.00336723
internal_weight=5127.99 2033.01 3094.98 1772.06 1322.92 1903.9
internal_count=25079 11201 13878 7463 6415 10224
is_linear=0
shrinkage=0.03


Tree=59
num_leaves=7
num_cat=0
split_feature=12 16 12 16 6 11
split_gain=62.042 27.152 24.3001 22.6375 13.0981 11.2596
threshold=0.0079341991466689802 0.87037861650882065 0.0044408486252271182 -0.60408880330409909 0.46490078879388747 1.617676188911173
decision_type=2 2 2 2 2 2
left_child=1 2 -1 5 -5 -2
right_child=3 -3 -4 4 -6 -7
leaf_value=-0.0057071414253249677 0.004182879707999753 0.0051863030931512816 -0.00058998956812661809 0.0059478322577473592 0.01493931719815739 -0.015966366145796967
leaf_weight=1312.4549170434475 34.635900743305683 460.72623980045319 2316.1260211914778 776.75443410128355 189.56099549680948 47.9804932102561
leaf_count=5459 190 2242 10909 4698 1404 254
internal_value=8.60991e-05 -0.00158039 -0.0024597 0.00656488 0.00787736 -0.00765557
internal_weight=5138.24 4089.31 3628.58 1048.93 966.315 82.6164
internal_count=25156 18610 16368 6546 6102 444
is_linear=0
shrinkage=0.03


Tree=60
num_leaves=7
num_cat=0
split_feature=6 16 16 12 12 18
split_gain=67.1243 23.5256 22.7469 21.4521 16.1785 11.2764
threshold=0.44707445864571788 -0.4766761500827833 0.5604250466743822 0.0050955023334474181 0.013317791510328811 0.0054800593706899612
decision_type=2 2 2 2 2 2
left_child=1 5 4 -3 -2 -1
right_child=2 3 -4 -5 -6 -7
leaf_value=-0.010283551141346679 0.0017227697129065221 -0.0034969299650016031 0.011968828674804234 0.0015798557149676936 0.012280770672596126 -0.0015551987191592498
leaf_weight=424.05433806777 1021.1293589696288 1614.7536243796349 340.61600935459137 1372.4256957322359 142.91425826400518 210.65696933865547
leaf_count=1868 5608 6816 2042 6758 1078 948
internal_value=-7.66342e-05 -0.00229478 0.0052228 -0.00115696 0.00313813 -0.00750225
internal_weight=5126.55 3621.89 1504.66 2987.18 1164.04 634.711
internal_count=25118 16390 8728 13574 6686 2816
is_linear=0
shrinkage=0.03


Tree=61
num_leaves=7
num_cat=0
split_feature=12 16 12 11 0 0
split_gain=59.3086 26.5379 23.2026 18.4284 18.4121 13.3638
threshold=0.0081293325132464362 -0.49056271650395655 0.0044651958087454369 1.0482835733920204 0.4992336469813366 0.45601805593100403
decision_type=2 2 2 2 2 2
left_child=1 5 -3 -2 -5 -1
right_child=3 2 -4 4 -6 -7
leaf_value=-0.0087101897830453058 0.011307610912041714 -0.0036234463837155552 0.0013327264626030689 0.00085427754380870637 0.018530184293685806 0.0066896909785619631
leaf_weight=548.00100941956043 423.44421780109406 1365.2471403628588 2207.957939773798 494.05366443097591 50.25812041759491 46.285232856869698
leaf_count=2374 2787 5749 10659 2964 403 228
internal_value=0 -0.0015514 -0.000557379 0.00665648 0.00284532 -0.00737029
internal_weight=5135.25 4167.49 3573.21 967.756 544.312 594.286
internal_count=25164 19010 16408 6154 3367 2602
is_linear=0
shrinkage=0.03


Tree=62
num_leaves=7
num_cat=0
split_feature=12 16 16 12 12 5
split_gain=52.8992 27.7571 25.7685 21.7575 13.8602 10.3614
threshold=0.0077097625341649928 -0.63264340215615633 0.81842524673173278 0.0044408486252271182 0.013317791510328811 0.0083189732791752475
decision_type=2 2 2 2 2 2
left_child=2 5 3 -1 -3 -2
right_child=1 4 -4 -5 -6 -7
leaf_value=-0.0055459028578885346 0.0058444963651315528 0.0050674340021739078 0.0048048479857822199 -0.0006490964689380435 0.013710083381417746 -0.017223276554023254
leaf_weight=1310.3543082773685 16.212902873754501 849.44013330340385 484.25106453895569 2192.2736420333385 216.01020125299692 53.280411466956139
leaf_count=5438 87 5082 2353 10285 1600 278
internal_value=2.72489e-05 0.00571826 -0.00159556 -0.00250014 0.00695874 -0.0114059
internal_weight=5121.82 1134.94 3986.88 3502.63 1065.45 69.4933
internal_count=25123 7047 18076 15723 6682 365
is_linear=0
shrinkage=0.03


Tree=63
num_leaves=7
num_cat=0
split_feature=12 16 0 0 13 12
split_gain=53.5308 25.493 20.9438 20.3878 20.3299 8.12709
threshold=0.0077097625341649928 0.84583834761436116 0.40713197560620412 0.49756116599318123 2.6944749082401747 0.0025428514773143209
decision_type=2 2 2 2 2 2
left_child=1 2 -1 4 -2 -3
right_child=3 5 -4 -5 -6 -7
leaf_value=-0.0057206575827214688 0.0059908269762798273 -0.0070765029219522083 -0.00083718753120444109 0.018105643133823648 -0.0060293718283509941 0.0060600412693724206
leaf_weight=1204.2476540058851 891.87641867250204 36.483968794345856 2329.5039101839066 100.75848694145679 136.6406841725111 431.64834244549274
leaf_count=5118 5414 150 10747 808 813 2129
internal_value=-6.46689e-06 -0.00164198 -0.00252131 0.00572661 0.00432235 0.00484691
internal_weight=5131.16 4001.88 3533.75 1129.28 1028.52 468.132
internal_count=25179 18144 15865 7035 6227 2279
is_linear=0
shrinkage=0.03


Tree=64
num_leaves=7
num_cat=0
split_feature=6 4 13 12 0 16
split_gain=53.0044 30.3674 22.0914 18.2475 9.83876 4.51116
threshold=0.46172777732605047 0.42465708854809897 2.6225323389466748 0.013317791510328811 0.50096523691710682 -0.36423047638555284
decision_type=2 2 2 2 2 2
left_child=1 2 -1 -3 5 -2
right_child=4 3 -4 -5 -6 -7
leaf_value=-0.0019799759518645808 0 0.0013287409362096655 -0.011854212424788589 0.012862872220559488 0.016505589824496462 0.0079687491732349531
leaf_weight=2639.7862613648176 85.798500165343285 1609.0979493483901 213.83328013122082 125.25519022345543 120.77801738679409 331.96545631438494
leaf_count=11564 491 8351 982 897 894 1993
internal_value=0.000180657 -0.000865327 -0.00276918 0.0022479 0.00899967 0.0064244
internal_weight=5126.51 4587.97 2853.62 1734.35 538.542 417.764
internal_count=25172 21794 12546 9248 3378 2484
is_linear=0
shrinkage=0.03


Tree=65
num_leaves=7
num_cat=0
split_feature=4 0 12 16 16 15
split_gain=44.8848 24.22 21.7939 22.8994 17.3709 8.02158
threshold=0.42465708854809897 0.4851891781969232 0.0025428514773143209 0.51399531719366187 -0.38978127230923093 0.070384076002201021
decision_type=2 2 2 2 2 2
left_child=2 4 5 -4 -2 -1
right_child=1 -3 3 -5 -6 -7
leaf_value=-0.015899391092448211 -0.002080027992490685 0.014181329842238624 -0.0025338036580760705 0.0046913412334179186 0.0044351401085768851 0.0018781001836351945
leaf_weight=121.12901312112808 490.22248866409063 174.44006415456533 2484.0150016993284 457.31333062052727 1356.9689645990729 21.747209385037422
leaf_count=491 2520 1341 11070 2173 7408 88
internal_value=0.000290385 0.00375946 -0.00197862 -0.00138819 0.00268805 -0.0130514
internal_weight=5105.84 2021.63 3084.2 2941.33 1847.19 142.876
internal_count=25091 11269 13822 13243 9928 579
is_linear=0
shrinkage=0.03


Tree=66
num_leaves=7
num_cat=0
split_feature=4 12 13 12 16 13
split_gain=46.071 28.175 15.3923 25.2937 13.3046 12.3941
threshold=0.42197782637087633 0.0086741237860358065 2.6225323389466748 0.0058383551165232563 0.87037861650882065 3.7159324393167688
decision_type=2 2 2 2 2 2
left_child=2 4 3 -1 -2 -4
right_child=1 -3 5 -5 -6 -7
leaf_value=-0.003528378397942269 0.00022315753194364484 0.0086005192756208083 -0.013677369914376909 0.0034833318097459679 0.0079864159898741308 0.0023602966095608228
leaf_weight=1863.6163671463728 1573.5231646820903 629.11505990475416 170.07664981484413 602.30692261457443 219.09068510681391 49.692491307854652
leaf_count=7863 7698 4325 783 2994 1189 254
internal_value=0.000183621 0.0031828 -0.00251143 -0.00179649 0.00122766 -0.00997559
internal_weight=5107.42 2421.73 2685.69 2465.92 1792.61 219.769
internal_count=25106 13212 11894 10857 8887 1037
is_linear=0
shrinkage=0.03


Tree=67
num_leaves=7
num_cat=0
split_feature=6 16 16 4 0 7
split_gain=50.7907 18.9943 17.1663 15.5574 13.8651 11.6069
threshold=0.44707445864571788 0.89850486740279167 -0.31594819341397168 0.42197782637087633 0.37188935421689789 0.02801665220224946
decision_type=2 2 2 2 2 2
left_child=2 3 5 -2 -4 -1
right_child=1 -3 4 -5 -6 -7
leaf_value=-0.0034083572597183101 -0.0022410997595614028 0.012659408785637321 -0.011759604622453229 0.0051106757336887394 1.2604166038466438e-05 -0.011168069826508999
leaf_weight=1088.4964164420962 345.29644526541233 215.53443111479282 83.565548315644264 924.1023557856679 2261.4050455614924 207.99414385855198
leaf_count=4794 1758 1325 335 5652 10349 991
internal_value=-8.12895e-05 0.00457062 -0.00199381 0.00308554 -0.000442326 -0.00475215
internal_weight=5126.39 1484.93 3641.46 1269.4 2344.97 1296.49
internal_count=25204 8735 16469 7410 10684 5785
is_linear=0
shrinkage=0.03


Tree=68
num_leaves=7
num_cat=0
split_feature=12 16 0 16 6 12
split_gain=45.5491 26.0044 19.2039 18.7769 13.1409 11.0336
threshold=0.0079341991466689802 0.87037861650882065 0.42328506854536846 -0.60408880330409909 0.46490078879388747 0.0024929197720917249
decision_type=2 2 2 2 2 2
left_child=1 2 -1 -2 -5 -3
right_child=3 5 -4 4 -6 -7
leaf_value=-0.0043542639546918479 -0.0073097461278077971 -0.009645272235115453 0 0.0049131490995875451 0.0140957281052588 0.0065204201371131271
leaf_weight=1953.3980543613434 82.959245875477791 31.420313835144043 1687.0860866159201 760.54537584632635 177.0071706622839 426.41891822218895
leaf_count=8388 445 129 8010 4703 1386 2129
internal_value=-6.11628e-05 -0.00148138 -0.00233726 0.00557228 0.00680892 0.00516443
internal_weight=5118.84 4098.32 3640.48 1020.51 937.553 457.839
internal_count=25190 18656 16398 6534 6089 2258
is_linear=0
shrinkage=0.03


Tree=69
num_leaves=7
num_cat=0
split_feature=12 1 16 13 14 1
split_gain=42.8736 28.8789 26.4568 10.2161 10.2105 7.56303
threshold=0.010733577012669193 0.41240279342270952 -0.33823691786047866 2.1322020087480902 -0.082668513733856669 0.43615125043570552
decision_type=2 2 2 2 2 2
left_child=1 2 -1 -2 -3 -5
right_child=3 4 -4 5 -6 -7
leaf_value=-0.0060981502313564515 0.01201404816347424 0.010717196013328214 -0.00057119055129173791 -0.0025851691476605401 0.0020835901211165744 0.012466164647182851
leaf_weight=1125.5491620004177 285.55894704908133 138.27275232225657 2539.9249575585127 97.625017113983631 897.32244481891394 31.105550311505795
leaf_count=4949 2092 763 11641 601 4870 266
internal_value=-0.000206157 -0.00103409 -0.00228848 0.00892093 0.00335652 0.00147192
internal_weight=5115.36 4701.07 3665.47 414.29 1035.6 128.731
internal_count=25182 22223 16590 2959 5633 867
is_linear=0
shrinkage=0.03


Tree=70
num_leaves=7
num_cat=0
split_feature=12 16 6 13 15 1
split_gain=39.8863 25.4999 23.0063 11.9649 10.917 7.42141
threshold=0.010733577012669193 -0.57206292165834083 0.46081127513828274 2.1322020087480902 0.32570033273041216 0.43615125043570552
decision_type=2 2 2 2 2 2
left_child=1 4 -3 -2 -1 -5
right_child=3 2 -4 5 -6 -7
leaf_value=-0.0097885106310457368 0.011963809305376502 -0.0010439012808179889 0.006352009783119875 -0.0030896594163678319 0.0071067734917833903 0.011765285255153617
leaf_weight=355.90148003399372 284.040538020432 3897.1862442940474 408.72900775820017 101.13861513882875 28.781357303261757 31.220389850437641
leaf_count=1584 2089 18077 2379 618 131 269
internal_value=-0.000196508 -0.000998802 -0.00032182 0.00858217 -0.00830039 0.000783858
internal_weight=5107 4690.6 4305.92 416.4 384.683 132.359
internal_count=25147 22171 20456 2976 1715 887
is_linear=0
shrinkage=0.03


Tree=71
num_leaves=7
num_cat=0
split_feature=1 12 17 0 14 12
split_gain=39.691 22.7496 19.8763 15.306 7.92129 7.91944
threshold=0.41240279342270952 0.0035977018970159498 1.0204879225272292 0.49756116599318123 0.060804369298932327 0.013622807459729028
decision_type=2 2 2 2 2 2
left_child=1 4 -3 5 -1 -2
right_child=3 2 -4 -5 -6 -7
leaf_value=-0.0067806480562671578 0.0028721156063810189 -0.0016464757672333039 0.0040102158388641901 0.016543265585718177 0.0085080404266550409 0.012121054600017937
leaf_weight=712.5037367939949 1075.7635431140661 2395.8647993430495 717.29648630321026 83.002149857580662 21.88874526321888 85.087447293102741
leaf_count=2914 5942 11171 3565 711 89 704
internal_value=3.86644e-05 -0.00146267 -0.000324857 0.00468122 -0.00617649 0.0036734
internal_weight=5091.41 3847.55 3113.16 1243.85 734.392 1160.85
internal_count=25096 17739 14736 7357 3003 6646
is_linear=0
shrinkage=0.03


Tree=72
num_leaves=7
num_cat=0
split_feature=6 1 16 7 1 12
split_gain=36.651 24.751 20.3229 13.7893 11.3329 5.68163
threshold=0.46172777732605047 0.37380643872299263 0.87037861650882065 0.028552988057518148 0.43615125043570552 0.0055815226316564435
decision_type=2 2 2 2 2 2
left_child=1 3 -3 -1 5 -2
right_child=4 2 -4 -5 -6 -7
leaf_value=-0.0040533467958113814 -0.001605823875046881 -0.00036111516309948798 0.0075233686373387364 -0.019279368973326209 0.015344908156739478 0.0066013691179107221
leaf_weight=909.96955406665802 87.529002234339714 3318.8854631334543 312.39050969481468 49.53675939142704 121.43445447087288 315.08977156877518
leaf_count=3755 415 16285 1608 201 1012 1945
internal_value=5.71409e-05 -0.000800611 0.000327729 -0.00506112 0.00750164 0.00474875
internal_weight=5114.84 4590.78 3631.28 959.506 524.053 402.619
internal_count=25221 21849 17893 3956 3372 2360
is_linear=0
shrinkage=0.03


Tree=73
num_leaves=7
num_cat=0
split_feature=12 12 16 15 13 16
split_gain=39.5996 26.68 22.0897 12.5414 11.428 9.94066
threshold=0.0044408486252271182 0.013317791510328811 0.19040254503781065 0.29493097523750894 1.25895030737181 -0.3344750538333921
decision_type=2 2 2 2 2 2
left_child=3 2 -2 4 -1 -5
right_child=1 -3 -4 5 -6 -7
leaf_value=-0.0028253375869845506 -0.0002622890057310456 0.011817174089712076 0.0052769353065084366 -0.0061501469564119492 -0.008878734454151431 0.013814518551495696
leaf_weight=1061.2036245018244 2467.6005919724703 217.93361071497202 863.99905300140381 25.227059125900269 394.48893593251705 52.994631186127663
leaf_count=4452 12205 1674 4776 102 1636 225
internal_value=0.000123972 0.00186983 0.00117674 -0.00388252 -0.00453565 0.00706843
internal_weight=5083.45 3549.53 3331.6 1533.91 1455.69 78.2217
internal_count=25070 18655 16981 6415 6088 327
is_linear=0
shrinkage=0.03


Tree=74
num_leaves=7
num_cat=0
split_feature=6 4 13 7 16 7
split_gain=39.0963 26.688 21.7417 11.6712 11.5754 7.60674
threshold=0.46599527798352547 0.42465708854809897 2.5537383555444255 0.027500096553175108 -0.39769351403235903 0.017516003987178553
decision_type=2 2 2 2 2 2
left_child=1 2 -1 5 -3 -2
right_child=3 4 -4 -5 -6 -7
leaf_value=-0.0017454375247630822 0.0072914602949146808 -0.0019366841547383401 -0.010946697304091604 0.015430364338957645 0.003478469530035689 -0.0049574011722655813
leaf_weight=2667.2124262750149 168.85478433221579 467.15256946533918 246.06117613613605 152.12223897129297 1339.3276904895902 50.361275225877762
leaf_count=11697 1038 2412 1130 1138 7436 282
internal_value=-3.91969e-05 -0.000789984 -0.00256765 0.0091952 0.00205865 0.00425309
internal_weight=5091.09 4719.75 2913.27 371.338 1806.48 219.216
internal_count=25133 22675 12827 2458 9848 1320
is_linear=0
shrinkage=0.03


Tree=75
num_leaves=7
num_cat=0
split_feature=1 18 12 11 15 12
split_gain=36.0066 31.4926 19.5464 34.5874 15.3435 10.8357
threshold=0.41240279342270952 -0.00034849133172992758 0.0051704564995760198 0.87654684807749861 0.29493097523750894 0.0075007079359866525
decision_type=2 2 2 2 2 2
left_child=2 -2 4 -4 -1 -3
right_child=1 5 3 -5 -6 -7
leaf_value=-0.0040727557090765422 0.0080519436897870666 -0.0053651409223896569 0.0057765680374266843 -0.0024869433401453985 0.0065247955839208257 0.0042012351526012799
leaf_weight=1868.8451850861311 799.94640380889177 280.47409518063068 758.51967297494411 1106.5400162041187 120.666144952178 156.21070174872875
leaf_count=7845 4874 1407 3872 5547 510 1072
internal_value=0.000102843 0.00454144 -0.00132146 0.000870711 -0.00338558 -0.00185846
internal_weight=5091.2 1236.63 3854.57 1865.06 1989.51 436.685
internal_count=25127 7353 17774 9419 8355 2479
is_linear=0
shrinkage=0.03


Tree=76
num_leaves=7
num_cat=0
split_feature=12 11 1 0 13 1
split_gain=36.0879 17.006 17.8678 14.992 17.2471 12.8317
threshold=0.007628937081352846 0.14223621014683385 0.37380643872299263 0.48713278194037496 2.6944749082401747 0.41240279342270952
decision_type=2 2 2 2 2 2
left_child=1 2 -1 4 -2 -3
right_child=3 5 -4 -5 -6 -7
leaf_value=-0.0048638335560055512 0.0049344005522436174 -0.0038237890581371303 0.0028084912688679277 0.01321041314975112 -0.0064588087461731752 0.0020674036572416511
leaf_weight=336.14697363972664 836.97813656181097 1956.7918263524771 1264.8248770684004 158.69100629538298 128.3140931352973 386.77302823960781
leaf_count=1388 5082 8608 5918 1327 755 1964
internal_value=0.00013998 -0.00120711 0.00115876 0.00486291 0.00333847 -0.00283413
internal_weight=5068.52 3944.54 1600.97 1123.98 965.292 2343.56
internal_count=25042 17878 7306 7164 5837 10572
is_linear=0
shrinkage=0.03


Tree=77
num_leaves=7
num_cat=0
split_feature=12 12 16 16 18 15
split_gain=38.1131 19.1576 21.433 13.2919 12.6805 11.4692
threshold=0.0081293325132464362 0.0025428514773143209 0.92706458322440666 -0.60408880330409909 -0.041632059067869702 0.070384076002201021
decision_type=2 2 2 2 2 2
left_child=1 5 -3 -2 -5 -1
right_child=3 2 -4 4 -6 -7
leaf_value=-0.014991825529707684 -0.0054182723360578578 -0.0013965726810110596 0.0058667428672436505 0.015267376656586741 0.0049978746731384974 0.0056540733081662537
leaf_weight=121.43700440227985 79.022702097892761 3619.4485170245171 395.77442421019077 128.37035205215216 717.98814043402672 21.781930595636368
leaf_count=492 426 16413 2003 979 4740 88
internal_value=0.000155011 -0.0010673 -0.000660389 0.00563257 0.00675061 -0.0114919
internal_weight=5083.82 4158.44 4015.22 925.381 846.358 143.219
internal_count=25141 18996 18416 6145 5719 580
is_linear=0
shrinkage=0.03


Tree=78
num_leaves=7
num_cat=0
split_feature=12 16 12 16 18 6
split_gain=32.7199 18.8593 17.06 18.3444 14.2183 11.9973
threshold=0.007628937081352846 -0.63264340215615633 0.0033039697567428723 0.50087701224496151 -0.0030593449606390872 0.46006766552804362
decision_type=2 2 2 2 2 2
left_child=2 -2 4 -4 -1 -3
right_child=1 5 3 -5 -6 -7
leaf_value=-0.0014450488768724965 -0.0094160212224419296 0.0033989134771410957 -0.0016618890629845275 0.0040978467672221708 -0.011348566820223411 0.010867419938660751
leaf_weight=277.20070335268974 73.13963671028614 788.9296882674098 2833.5135411471128 591.70446641743183 257.0227225869894 264.78721228986979
leaf_count=1135 379 4758 12782 2975 1040 2069
internal_value=-0.000154304 0.00432673 -0.00144485 -0.000649132 -0.00638588 0.00538839
internal_weight=5086.3 1126.86 3959.44 3425.22 534.223 1053.72
internal_count=25138 7206 17932 15757 2175 6827
is_linear=0
shrinkage=0.03


Tree=79
num_leaves=7
num_cat=0
split_feature=12 16 18 0 13 18
split_gain=28.3861 21.0239 18.2185 14.01 9.03826 11.5344
threshold=0.013317791510328811 -0.11625264026394454 -0.013658300830641843 0.40713197560620412 2.1322020087480902 -0.04815134301434975
decision_type=2 2 2 2 2 2
left_child=1 3 -3 -1 -2 -6
right_child=4 2 -4 -5 5 -7
leaf_value=-0.0053837120076781026 0.014789444374269179 0.0059250537659274721 -4.2863458378503956e-05 -0.00071309743785408133 0.015077044932445115 -0.0061787181899308008
leaf_weight=899.15685623884201 137.38421543687582 616.14189895242453 1701.5691373720765 1647.6831856369972 26.108250051736832 52.029961913824081
leaf_count=3925 1118 3443 8118 7965 210 366
internal_value=-1.9508e-05 -0.000506748 0.0015494 -0.00238839 0.0103798 0.00148789
internal_weight=5080.07 4864.55 2317.71 2546.84 215.522 78.1382
internal_count=25145 23451 11561 11890 1694 576
is_linear=0
shrinkage=0.03


Tree=80
num_leaves=7
num_cat=0
split_feature=1 16 18 12 15 12
split_gain=27.6966 27.0389 26.1339 19.3624 16.5879 14.9127
threshold=0.41240279342270952 -0.36745342116607171 -0.0016766250351559207 0.0025922409510178361 -0.30557693050496498 0.0077603596787324163
decision_type=2 2 2 2 2 2
left_child=1 4 -2 -3 -1 -4
right_child=2 3 5 -5 -6 -7
leaf_value=-0.016887401027889215 0.0075720589043825597 -0.010090883479521574 -0.0051172261319150794 0.0012006842153429224 -0.0037143944958461968 0.0060183074946939304
leaf_weight=87.912746369838715 768.32010772079229 133.80076564848423 311.49271342158318 2646.4691161736846 984.7809182703495 152.01374431699514
leaf_count=400 4761 543 1566 12443 4392 1070
internal_value=0.000304897 -0.000942281 0.00420621 0.000612308 -0.0049677 -0.00135183
internal_weight=5084.79 3852.96 1231.83 2780.27 1072.69 463.506
internal_count=25175 17778 7397 12986 4792 2636
is_linear=0
shrinkage=0.03


Tree=81
num_leaves=7
num_cat=0
split_feature=6 16 15 11 12 14
split_gain=26.2483 17.8713 15.9775 20.5811 11.9387 8.53381
threshold=0.44707445864571788 0.74784504298336818 0.29493097523750894 -0.29447955020330524 0.017427177339331541 -0.07214562395977385
decision_type=2 2 2 2 2 2
left_child=2 4 3 -1 -2 -4
right_child=1 -3 5 -5 -6 -7
leaf_value=0.0013977597299663349 0.0011201591584740335 0.010680284370665429 -0.010130011084402818 -0.0035153147737687989 0.014015144799658843 0.0075447371610331071
leaf_weight=1152.2149626612663 1133.9396813362837 248.5891000777483 17.308235540986061 2221.5389286577702 59.488347627222538 233.11749199032784
leaf_count=5244 6597 1590 72 10024 509 1058
internal_value=8.1685e-05 0.00349658 -0.00127469 -0.00182935 0.00189898 0.00586588
internal_weight=5066.2 1442.02 3624.18 3373.75 1193.43 250.426
internal_count=25094 8696 16398 15268 7106 1130
is_linear=0
shrinkage=0.03


Tree=82
num_leaves=7
num_cat=0
split_feature=12 15 12 16 17 11
split_gain=29.0378 21.5743 18.6372 10.9137 9.06321 8.65502
threshold=0.010606709234817132 -0.31071946590624072 0.0051454989286776852 0.024584539824416777 0.5094799839998051 1.0482835733920204
decision_type=2 2 2 2 2 2
left_child=1 4 -3 5 -1 -2
right_child=3 2 -4 -5 -6 -7
leaf_value=-0.012980863120554771 0.0098936726863309149 -0.0021040794370420115 0.0018220263519817292 0.014406074138709084 -0.00263617451492363 -0.00041538828037550074
leaf_weight=156.2836125716567 112.51162552833557 2055.0761763900518 2289.7542016878724 134.83194175362587 169.10857454687357 167.65384011715651
leaf_count=731 848 8702 11830 1107 852 1124
internal_value=7.44259e-05 -0.000601582 -2.86743e-05 0.0075877 -0.007933 0.00381953
internal_weight=5085.22 4670.22 4344.83 414.997 325.392 280.165
internal_count=25194 22115 20532 3079 1583 1972
is_linear=0
shrinkage=0.03


Tree=83
num_leaves=7
num_cat=0
split_feature=12 11 18 16 1 15
split_gain=25.0008 15.7112 18.6682 15.5877 13.4764 10.0198
threshold=0.0066724052660591471 1.0738266409258783 -0.0097934261561740104 -0.49056271650395655 0.43615125043570552 0.29493097523750894
decision_type=2 2 2 2 2 2
left_child=3 2 -2 -1 -3 -5
right_child=1 4 -4 5 -6 -7
leaf_value=-0.0062827328923255833 0.011618093474375773 -0.0011837384073096 0.0021521465544713423 -0.00095519682997860836 0.0085634850468389676 0.0059894097095394803
leaf_weight=478.4005878418684 325.9665367603302 763.50173206627369 459.65833972394466 2728.8637870848179 142.54969819635153 190.05440470576286
leaf_count=2030 2159 4130 2682 12195 1165 864
internal_value=0.000160495 0.00313502 0.00621406 -0.00131671 0.000393792 -0.000473877
internal_weight=5089 1691.68 785.625 3397.32 906.051 2918.92
internal_count=25225 10136 4841 15089 5295 13059
is_linear=0
shrinkage=0.03


Tree=84
num_leaves=7
num_cat=0
split_feature=0 16 1 1 14 9
split_gain=23.1906 16.2532 13.0675 12.3206 2.42514 2.90622
threshold=0.50096523691710682 -0.11625264026394454 0.43615125043570552 0.37380643872299263 -0.048805263282329328 0.061898438515023295
decision_type=2 2 2 2 2 2
left_child=1 2 -1 -3 -2 -6
right_child=4 3 -4 -5 5 -7
leaf_value=-0.0024975826759144827 0.020699342511975808 -0.0028368771237218412 0.0055750220185511222 0.0026104585911482562 0.01167677839841642 0
leaf_weight=2465.3283569440246 30.778036639094353 453.3131785094738 183.26909574121237 1861.723941013217 46.793587915599346 27.048323415219784
leaf_count=11305 275 1912 1294 9753 409 180
internal_value=0 -0.000302226 -0.00190885 0.00152329 0.0133465 0.00782069
internal_weight=5068.25 4963.63 2648.6 2315.04 104.62 73.8419
internal_count=25128 24264 12599 11665 864 589
is_linear=0
shrinkage=0.03


Tree=85
num_leaves=7
num_cat=0
split_feature=4 13 17 18 16 17
split_gain=25.8496 17.9683 18.5278 17.7637 13.8211 11.7825
threshold=0.42197782637087633 2.6225323389466748 0.92048508435941845 -0.027473915979709936 0.7049455981954138 2.1380250964147991
decision_type=2 2 2 2 2 2
left_child=1 2 -1 -2 -5 -3
right_child=3 5 -4 4 -6 -7
leaf_value=-0.0026931546980686373 0.008660714080516059 -0.012782134801015319 0.0035220570987888988 0.00013514118796026386 0.0072954095636384424 0.0056660810690971836
leaf_weight=1945.6693132966757 321.41209605336189 191.76615370064974 541.30826193094254 1774.6199876219034 272.89106334000826 28.488422259688377
leaf_count=8479 2218 893 2458 9415 1570 142
internal_value=-7.68473e-05 -0.00208157 -0.00131967 0.00220068 0.00113486 -0.0101232
internal_weight=5076.16 2707.23 2486.98 2368.92 2047.51 220.255
internal_count=25175 11972 10937 13203 10985 1035
is_linear=0
shrinkage=0.03


Tree=86
num_leaves=7
num_cat=0
split_feature=12 16 15 12 8 16
split_gain=24.0319 19.8137 15.2697 7.56129 7.11396 2.66313
threshold=0.013317791510328811 0.87037861650882065 -0.31071946590624072 0.0024929197720917249 0.025835177685469671 -0.3829707407117206
decision_type=2 2 2 2 2 2
left_child=1 2 -1 -3 -2 -6
right_child=4 3 -4 -5 5 -7
leaf_value=-0.007562010704945425 0.012132220689617076 -0.0069997340527079557 -0.00048559806075055705 0.0062607793486927563 -0.0094948465027458046 0.003928398220182646
leaf_weight=285.86688680201769 176.69987458735704 31.801166370511055 4054.2020806148648 472.81443309038877 13.432267732918264 18.475874878466129
leaf_count=1386 1440 130 19328 2546 92 148
internal_value=0.000121214 -0.000311188 -0.000974908 0.00524702 0.00985537 -0.00192376
internal_weight=5053.29 4844.68 4340.07 504.616 208.608 31.9081
internal_count=25070 23390 20714 2676 1680 240
is_linear=0
shrinkage=0.03


Tree=87
num_leaves=7
num_cat=0
split_feature=6 1 16 7 7 7
split_gain=24.6559 16.7838 14.9138 12.0706 6.96835 4.77782
threshold=0.46599527798352547 0.37380643872299263 0.51399531719366187 0.028552988057518148 0.027500096553175108 0.017516003987178553
decision_type=2 2 2 2 2 2
left_child=1 3 -3 -1 5 -2
right_child=4 2 -4 -5 -6 -7
leaf_value=-0.0030883198306029323 0.0060305837932915956 -0.00040163989476493361 0.0048711835365216564 -0.017231053525822642 0.012401801743270992 -0.0036246085436121588
leaf_weight=923.3284575343132 166.26774331927299 3183.5398756340146 557.65954062342644 49.910233855247498 147.91710421442986 50.779705539345741
leaf_count=3809 1042 15765 2950 203 1166 285
internal_value=6.07024e-05 -0.000521165 0.000387215 -0.00401198 0.00747044 0.0035794
internal_weight=5079.4 4714.44 3741.2 973.239 364.965 217.047
internal_count=25220 22727 18715 4012 2493 1327
is_linear=0
shrinkage=0.03


Tree=88
num_leaves=7
num_cat=0
split_feature=12 16 13 12 7 11
split_gain=24.9367 18.1174 15.7224 12.1681 6.51568 4.75174
threshold=0.013317791510328811 0.87037861650882065 2.3959600340086236 0.0054714935709420237 0.017665838484677582 1.0859700312934055
decision_type=2 2 2 2 2 2
left_child=1 2 -1 -3 5 -2
right_child=4 3 -4 -5 -6 -7
leaf_value=-0.00056426811056070126 0.011492050136468736 0.00083282673163202162 -0.0068555845874349415 0.010357687189316969 0.01307539796548645 -0.004018986870875825
leaf_weight=3966.7762929871678 16.097817823290825 305.22058881819248 385.29441313445568 200.71796016395092 148.05371109396219 43.894363954663277
leaf_count=18907 131 1415 1864 1278 1264 301
internal_value=-5.88913e-05 -0.000509216 -0.00114256 0.00479723 0.00986 0.000761752
internal_weight=5066.06 4858.01 4352.07 505.939 208.046 59.9922
internal_count=25160 23464 20771 2693 1696 432
is_linear=0
shrinkage=0.03


Tree=89
num_leaves=7
num_cat=0
split_feature=0 16 4 15 12 18
split_gain=27.6583 16.5114 15.8425 7.00985 1.3145 0.500557
threshold=0.50096523691710682 -0.57206292165834083 0.42465708854809897 0.25098452167312996 0.0080348454956111742 -0.0030593449606390872
decision_type=2 2 2 2 2 2
left_child=1 3 -3 -1 5 -2
right_child=4 2 -4 -5 -6 -7
leaf_value=-0.0072758112693793895 0.0079563671485088465 -0.0011283772106798135 0.0025078484525919036 0.0032699990473812474 0.017552813670553599 0
leaf_weight=376.91616213321686 23.224543675780296 2781.2772215083241 1744.1248835325241 56.304951399564743 68.202845588326454 13.584574013948439
leaf_count=1720 138 12409 9884 257 667 81
internal_value=6.54316e-05 -0.000265435 0.000268877 -0.00579465 0.0146143 0.00594206
internal_weight=5063.64 4958.62 4525.4 433.221 105.012 36.8091
internal_count=25156 24270 22293 1977 886 219
is_linear=0
shrinkage=0.03


Tree=90
num_leaves=7
num_cat=0
split_feature=12 16 15 12 8 13
split_gain=23.5668 17.9119 15.6852 8.53011 7.03797 2.77493
threshold=0.013317791510328811 0.95514797414732022 -0.31071946590624072 0.0054714935709420237 0.036444248263053571 2.6944749082401747
decision_type=2 2 2 2 2 2
left_child=1 2 -1 -3 5 -2
right_child=4 3 -4 -5 -6 -7
leaf_value=-0.0075528172909038677 0.013292587379186413 0.0016622006693894954 -0.00046136403609073042 0.010251081293060519 -0.0050311912920930806 0.0020934442311437563
leaf_weight=292.72035922855139 151.33741128444672 269.05492094159126 4115.7679236009717 176.9681695997715 17.754116654396057 35.115726105868816
leaf_count=1415 1274 1254 19637 1141 136 265
internal_value=5.72139e-05 -0.000365792 -0.000955049 0.00528585 0.0098008 0.01155
internal_weight=5058.72 4854.51 4408.49 446.023 204.207 186.453
internal_count=25122 23447 21052 2395 1675 1539
is_linear=0
shrinkage=0.03


Tree=91
num_leaves=7
num_cat=0
split_feature=0 4 18 13 15 12
split_gain=20.4978 17.5551 16.1524 14.5201 2.59118 0.447213
threshold=0.50096523691710682 0.42197782637087633 -0.027473915979709936 2.6225323389466748 0.16642789910432795 0.0080348454956111742
decision_type=2 2 2 2 2 2
left_child=1 3 -3 -1 5 -2
right_child=4 2 -4 -5 -6 -7
leaf_value=-0.0012011055715863352 0.0053881115705805335 0.0081571569082315633 0.00068471520244123155 -0.0091987124153035255 0 0.016555836804025229
leaf_weight=2435.8776606991887 26.981930933892727 292.02121774107218 2004.2900427952409 215.70517824590206 11.933056555688379 62.452371306717396
leaf_count=10645 161 1942 10651 991 83 624
internal_value=4.99092e-05 -0.000230159 0.00167924 -0.0018951 0.012783 0.014369
internal_weight=5049.26 4947.89 2296.31 2651.58 101.367 89.4343
internal_count=25097 24229 12593 11636 868 785
is_linear=0
shrinkage=0.03


Tree=92
num_leaves=7
num_cat=0
split_feature=12 16 15 12 8 5
split_gain=21.4058 17.0568 14.9884 8.58862 7.00553 4.30613
threshold=0.013317791510328811 0.87037861650882065 0.29493097523750894 0.0053951414421598435 0.025835177685469671 0.0026528169545895213
decision_type=2 2 2 2 2 2
left_child=1 2 -1 -3 5 -2
right_child=4 3 -4 -5 -6 -7
leaf_value=-0.0014799650084110977 -0.00017725368295332786 0.0013022689092624035 0.0054835255622616751 0.0093372533411332261 -0.0024096911384232996 0.013176768790077627
leaf_weight=4066.14235201478 19.685479879379272 299.37591870129108 287.37661892920732 206.83999532461166 31.300747744739056 154.01315262913704
leaf_count=19414 175 1385 1351 1333 236 1287
internal_value=1.61751e-05 -0.00038694 -0.00100192 0.00476076 0.00928551 0.0115728
internal_weight=5064.73 4859.73 4353.52 506.216 204.999 173.699
internal_count=25181 23483 20765 2718 1698 1462
is_linear=0
shrinkage=0.03


Tree=93
num_leaves=7
num_cat=0
split_feature=12 11 15 16 18 18
split_gain=20.6688 14.6663 13.102 12.8579 10.6238 9.93862
threshold=0.0066724052660591471 -0.39910847222037904 0.30179271796912094 -0.60408880330409909 -0.0086391378364457632 -0.041632059067869702
decision_type=2 2 2 2 2 2
left_child=1 4 -3 -2 -1 -5
right_child=3 2 -4 5 -6 -7
leaf_value=0.0061297000346619652 -0.0058308331638609601 -0.0034932023576886508 0.0043888892268584825 0.011009460402497232 -0.00032186698381774594 0.0026765553093763715
leaf_weight=299.7187178581953 133.82975822687149 2048.2772886753082 197.33436323702335 137.65143483877182 856.91318956017494 1392.7190220877528
leaf_count=1404 677 9042 891 1070 3777 8325
internal_value=-1.16596e-05 -0.00135704 -0.00277087 0.00271256 0.00136243 0.00351215
internal_weight=5066.44 3402.24 2245.61 1664.2 1156.63 1530.37
internal_count=25186 15114 9933 10072 5181 9395
is_linear=0
shrinkage=0.03


Tree=94
num_leaves=7
num_cat=0
split_feature=12 11 18 15 17 18
split_gain=22.8298 16.8146 22.4887 14.5499 10.898 12.5426
threshold=0.0044408486252271182 0.95729125104577084 -0.014282745897178371 0.32570033273041216 0.69928943081298212 -0.0029131118690638997
decision_type=2 2 2 2 2 2
left_child=4 2 -2 -3 5 -1
right_child=1 3 -4 -5 -6 -7
leaf_value=-0.0014776348110576698 0.0094241591621584114 -0.0015118421728414278 0.0014886505517237849 0.007757344444960605 0.00080829123270378467 -0.0080716175094537254
leaf_weight=566.57291486859322 423.6411571726203 1630.4162542447448 1313.3936336934566 157.53318301588297 458.86835207045078 500.87388591468334
leaf_count=2370 2577 8652 6736 792 1953 2056
internal_value=5.52774e-05 0.00138794 0.00348406 -0.000639861 -0.00299194 -0.00464574
internal_weight=5051.3 3524.98 1737.03 1787.95 1526.32 1067.45
internal_count=25136 18757 9313 9444 6379 4426
is_linear=0
shrinkage=0.03


Tree=95
num_leaves=7
num_cat=0
split_feature=6 11 18 15 7 8
split_gain=25.4981 18.4264 29.2127 17.5895 8.22073 4.76737
threshold=0.46599527798352547 0.84627905071799081 -0.014282745897178371 0.32570033273041216 0.027500096553175108 0.040898729064073054
decision_type=2 2 2 2 2 2
left_child=1 2 -1 -3 5 -2
right_child=4 3 -4 -5 -6 -7
leaf_value=0.0086955662302549072 -0.0030775876543227385 -0.0033733514627054739 -0.00025848816475930285 0.0061343888415841897 0.013058875311858722 0.0061548457486048603
leaf_weight=379.50002437084913 60.188394486904144 2094.4911153465509 2036.4440878927708 179.85629113018513 140.89980581402779 155.67471212893724
leaf_count=2140 379 10089 9534 856 1153 955
internal_value=-4.79174e-05 -0.000648171 0.00116571 -0.00258478 0.00756421 0.00342549
internal_weight=5047.05 4690.29 2415.94 2274.35 356.763 215.863
internal_count=25106 22619 11674 10945 2487 1334
is_linear=0
shrinkage=0.03


Tree=96
num_leaves=7
num_cat=0
split_feature=12 11 1 14 7 7
split_gain=19.2721 18.3238 17.7023 14.841 14.011 7.91475
threshold=0.0033039697567428723 0.14223621014683385 0.43615125043570552 -0.073115053751528394 0.024043184989700653 0.020601030307718916
decision_type=2 2 2 2 2 2
left_child=4 3 -3 -2 5 -1
right_child=1 2 -4 -5 -6 -7
leaf_value=-0.0042064879040287287 0.01132755131485387 -0.001217144777481909 0.0072560588338797371 0.0023694303132362005 -0.014542786480606794 0.0064202342019298725
leaf_weight=368.59479589760303 183.156718082726 2658.5143995955586 231.57427436858416 1442.9797990396619 102.76158332824707 64.582715600728989
leaf_count=1500 974 12815 1862 7324 421 262
internal_value=0.000273016 0.000920333 -0.000505188 0.00345981 -0.00504376 -0.00244533
internal_weight=5052.16 4516.23 2890.09 1626.14 535.939 433.178
internal_count=25158 22975 14677 8298 2183 1762
is_linear=0
shrinkage=0.03


Tree=97
num_leaves=7
num_cat=0
split_feature=1 18 16 0 18 7
split_gain=20.9091 29.3268 15.9143 16.9845 10.4868 10.1073
threshold=0.41240279342270952 -0.00034849133172992758 -0.36745342116607171 0.37188935421689789 0.0046434883123549495 0.030786622161487646
decision_type=2 2 2 2 2 2
left_child=2 5 4 -4 -1 -2
right_child=1 -3 3 -5 -6 -7
leaf_value=-0.0060831268885167822 0.0057198261409894431 -0.0025953607341701415 -0.011705081035791029 0.00070606410439088641 6.7830101180341428e-05 0.017630337207239808
leaf_weight=725.15493605285883 707.39433208107948 436.7572870105505 92.953547745943069 2670.910657197237 362.78643323481083 68.148416087031364
leaf_count=3213 4236 2516 374 12581 1639 665
internal_value=0.0001109 0.00353568 -0.000965595 0.000237148 -0.00402276 0.00701573
internal_weight=5064.11 1212.3 3851.81 2763.86 1087.94 775.543
internal_count=25224 7417 17807 12955 4852 4901
is_linear=0
shrinkage=0.03


Tree=98
num_leaves=7
num_cat=0
split_feature=6 15 12 11 16 12
split_gain=26.4205 17.9402 18.4488 9.38289 5.43792 5.06293
threshold=0.46707055571961958 -0.31071946590624072 0.0033039697567428723 0.79707300358650202 -0.37137273574041785 0.0087365914352991944
decision_type=2 2 2 2 2 2
left_child=1 3 -3 -1 -2 -6
right_child=4 2 -4 -5 5 -7
leaf_value=0.00092161586798617586 0 -0.0053775866977516873 0.0007568673011301598 -0.01041040363865992 0.0060943547799309486 0.015646824138966925
leaf_weight=82.82657266408205 55.084640726447105 487.14885680377483 3904.5253400206566 224.12801173329353 175.27299622446299 94.448835976421833
leaf_count=389 349 1982 19298 1096 1036 892
internal_value=0.000141574 -0.000431655 5.89128e-05 -0.00732539 0.00828869 0.00998639
internal_weight=5023.44 4698.63 4391.67 306.955 324.806 269.722
internal_count=25042 22765 21280 1485 2277 1928
is_linear=0
shrinkage=0.03


Tree=99
num_leaves=7
num_cat=0
split_feature=12 16 0 12 13 18
split_gain=17.6207 15.9826 14.4288 8.11537 6.75749 11.3942
threshold=0.013622807459729028 0.92706458322440666 0.40713197560620412 0.0024929197720917249 2.1322020087480902 -0.052775955602778639
decision_type=2 2 2 2 2 2
left_child=1 2 -1 -3 -2 -6
right_child=4 3 -4 -5 5 -7
leaf_value=-0.003302043634358104 0.01301265666172915 -0.0079385060862819327 0.00035638325081805165 0.0060560242942673797 0.016241075149978759 -0.0063958388372621884
leaf_weight=1418.1078800782561 117.77382829785347 30.346522465348244 2985.5999079048634 439.42240480333567 19.692341968417168 50.52030823379755
leaf_count=6246 1046 124 14835 2412 176 370
internal_value=0.000100792 -0.00024914 -0.00081974 0.00494284 0.00887856 0.000812309
internal_weight=5061.46 4873.48 4403.71 469.769 187.986 70.2127
internal_count=25209 23617 21081 2536 1592 546
is_linear=0
shrinkage=0.03


Tree=100
num_leaves=7
num_cat=0
split_feature=1 18 17 15 18 17
split_gain=16.1039 18.5284 16.9485 19.0306 11.0693 6.83665
threshold=0.41240279342270952 -0.00097893272824917089 0.65709077035626262 -0.30557693050496498 0.0020851172095782693 1.5498384319514058
decision_type=2 2 2 2 2 2
left_child=2 -2 3 -1 -4 -3
right_child=1 5 4 -5 -6 -7
leaf_value=-0.012624455970650532 0.0057554052495914264 -0.0030319865905399984 -0.00059102188764520349 -0.0018144328437931193 0.0048721481108162179 0.0098576896458813772
leaf_weight=148.35822412371635 755.30853060632944 411.13284103572369 799.65135718137026 2348.0785700827837 551.02661839127541 30.041748695075512
leaf_count=669 4831 2348 3865 10623 2630 190
internal_value=-9.90122e-05 0.00291965 -0.00105075 -0.00251663 0.00163513 -0.00188874
internal_weight=5043.6 1196.48 3847.11 2496.44 1350.68 441.175
internal_count=25156 7369 17787 11292 6495 2538
is_linear=0
shrinkage=0.03


Tree=101
num_leaves=7
num_cat=0
split_feature=12 16 16 0 13 18
split_gain=16.6292 15.4998 12.1438 11.689 4.98981 8.88612
threshold=0.013317791510328811 -0.51807756224374191 1.2586421254880649 0.41116720509672527 2.1322020087480902 -0.04815134301434975
decision_type=2 2 2 2 2 2
left_child=1 3 -3 -1 -2 -6
right_child=4 2 -4 -5 5 -7
leaf_value=-0.0091760782527479292 0.011744541141686347 -0.0001782082910845458 0.0058926063288511112 -0.00077078663779293747 0.013687581821066599 -0.0053472266123744333
leaf_weight=282.32252837717533 125.14960490167141 3929.2631892487407 310.19746063649654 325.12417829036713 24.301926426589489 50.496979884803295
leaf_count=1207 1119 19031 1678 1544 213 366
internal_value=-4.47036e-06 -0.000367702 0.000271749 -0.00481124 0.00825578 0.00136817
internal_weight=5046.86 4846.91 4239.46 607.447 199.949 74.7989
internal_count=25158 23460 20709 2751 1698 579
is_linear=0
shrinkage=0.03


Tree=102
num_leaves=7
num_cat=0
split_feature=16 12 11 6 14 15
split_gain=14.5168 13.958 11.7401 7.64956 4.56772 6.62662
threshold=-0.54416655961259408 0.007628937081352846 0.22433709362201865 0.46490078879388747 0.0055342251337350884 0.28736929725589505
decision_type=2 2 2 2 2 2
left_child=4 2 -2 -3 -1 -6
right_child=1 3 -4 -5 5 -7
leaf_value=-0.0029257504040410129 0.0015057766295311895 0.0023126176749965004 -0.0019494999215311215 0.0094912256926495842 -0.012131654247910493 0.0044805189152703042
leaf_weight=406.11991265416145 1561.3162808120251 782.02429881691933 2005.7149346545339 160.58181778341532 114.27874229848385 17.81117058545351
leaf_count=1882 7173 4972 9104 1434 519 86
internal_value=-0.000129198 0.00042417 -0.000428731 0.00365385 -0.00474373 -0.00952283
internal_weight=5047.85 4509.64 3567.03 942.606 538.21 132.09
internal_count=25170 22683 16277 6406 2487 605
is_linear=0
shrinkage=0.03


Tree=103
num_leaves=7
num_cat=0
split_feature=1 11 18 15 18 11
split_gain=18.5407 17.0639 16.3894 13.8318 11.4573 10.0253
threshold=0.37380643872299263 -0.3500457180816588 -0.0053132581579382601 0.21867019177852828 0.0018536470166851118 -0.91285291541717783
decision_type=2 2 2 2 2 2
left_child=4 2 -2 -3 5 -1
right_child=1 3 -4 -5 -6 -7
leaf_value=-0.013005394390766544 0.007687897474209165 -0.0012266460799941897 0.00076829210107862307 0.0048678042402606732 0.00058717775737733102 -0.0037819385294447197
leaf_weight=135.5862680375576 548.65787682682276 2370.5254460796714 716.7124742642045 379.328499160707 372.21155159920454 519.34532103687525
leaf_count=563 2951 12474 3542 1889 1569 2158
internal_value=3.11562e-05 0.000958542 0.00382887 -0.000360485 -0.00353947 -0.0059034
internal_weight=5042.37 4015.22 1265.37 2749.85 1027.14 654.932
internal_count=25146 20856 6493 14363 4290 2721
is_linear=0
shrinkage=0.03


Tree=104
num_leaves=7
num_cat=0
split_feature=12 15 18 13 11 11
split_gain=18.4712 15.7416 12.1383 9.90163 7.25074 5.56395
threshold=0.010606709234817132 -0.31071946590624072 -0.0054490487267452861 2.1322020087480902 0.79707300358650202 2.5471733449075535
decision_type=2 2 2 2 2 2
left_child=1 4 -3 -2 -1 -5
right_child=3 2 -4 5 -6 -7
leaf_value=0 0.0091049400092975529 0.001545140008062922 -0.0016665756026035261 -0.0043057206292886436 -0.0097646447643741398 0.0087943885663763644
leaf_weight=88.77126932144165 264.1954385638237 1796.3320475369692 2539.464667096734 100.12596667557955 235.02810122817755 29.256253346800804
leaf_count=417 2154 8824 11762 687 1155 229
internal_value=-0.000282621 -0.00081989 -0.000328556 0.00586652 -0.00710222 -0.000709824
internal_weight=5053.17 4659.6 4335.8 393.578 323.799 129.382
internal_count=25228 22158 20586 3070 1572 916
is_linear=0
shrinkage=0.03


Tree=105
num_leaves=7
num_cat=0
split_feature=12 16 11 13 14 18
split_gain=14.6645 13.3233 10.5311 7.05307 10.5305 8.29208
threshold=0.0044408486252271182 0.53053791034965891 0.95729125104577084 1.2699401357953233 -0.057478533963312962 -0.0037885449950845192
decision_type=2 2 2 2 2 2
left_child=3 2 -2 5 -5 -1
right_child=1 -3 -4 4 -6 -7
leaf_value=0.0015448811131289362 0.0020463987070428033 0.0055013692281153798 -0.0014905308070698947 -0.012552534086192736 -0.0023311796116839457 -0.0035886989443985099
leaf_weight=521.93508788943291 1488.7998533472419 502.11367658525705 1517.3071960285306 130.60094948112965 302.10674269497395 585.90158499777317
leaf_count=2221 7891 3089 7791 538 1256 2428
internal_value=-3.97804e-05 0.00102551 0.000252194 -0.00247604 -0.00569783 -0.00115109
internal_weight=5048.77 3508.22 3006.11 1540.54 432.708 1107.84
internal_count=25214 18771 15682 6443 1794 4649
is_linear=0
shrinkage=0.03


Tree=106
num_leaves=7
num_cat=0
split_feature=6 11 18 15 7 7
split_gain=18 14.2504 28.5365 14.5278 7.90853 6.04728
threshold=0.46707055571961958 1.1756662027891498 -0.014282745897178371 0.25682207137031882 0.027500096553175108 0.020805645162958828
decision_type=2 2 2 2 2 2
left_child=1 2 -1 -3 5 -2
right_child=4 3 -4 -5 -6 -7
leaf_value=0.0071662637242082871 0.0047607184093429759 -0.0037858171444145926 -0.00066639981535579831 0.0039009248014480204 0.012472379352379879 -0.0085372123876749674
leaf_weight=494.87215260416269 172.48670594394207 1558.4913469925523 2420.5215162932873 245.59411401301622 120.37382613122463 26.304476425051689
leaf_count=2783 1097 7572 11356 1168 1026 150
internal_value=-0.000138199 -0.000615844 0.000672849 -0.00270713 0.00663771 0.00253281
internal_weight=5038.64 4719.48 2915.39 1804.09 319.165 198.791
internal_count=25152 22879 14139 8740 2273 1247
is_linear=0
shrinkage=0.03


Tree=107
num_leaves=7
num_cat=0
split_feature=6 15 12 5 12 14
split_gain=15.6929 15.679 12.0209 6.86821 5.10028 3.47237
threshold=0.46599527798352547 -0.31071946590624072 0.0025428514773143209 0.0053518415565516906 0.0048685279400986483 -0.034923738553540494
decision_type=2 2 2 2 2 2
left_child=1 3 -3 -1 -2 -6
right_child=4 2 -4 -5 5 -7
leaf_value=0.0035530500983751712 -0.0039097902824939412 -0.0084848509088777668 0.00019414338020257813 -0.0086602339301160951 0.010479682541722622 0.0035355438571316343
leaf_weight=39.153911009430885 32.432326331734657 138.57764026522636 4235.3475124388933 272.11203824728727 149.54796759039164 165.78492917865515
leaf_count=191 151 562 20596 1295 1149 1184
internal_value=-0.00010259 -0.000569724 -9.27144e-05 -0.00696778 0.00594693 0.00714194
internal_weight=5032.96 4685.19 4373.93 311.266 347.765 315.333
internal_count=25128 22644 21158 1486 2484 2333
is_linear=0
shrinkage=0.03


Tree=108
num_leaves=7
num_cat=0
split_feature=12 11 15 18 16 11
split_gain=16.4187 14.8923 13.1895 11.7853 10.7836 9.97947
threshold=0.0081293325132464362 1.0482835733920204 -0.31071946590624072 -0.0030593449606390872 0.22289148033131315 0.84627905071799081
decision_type=2 2 2 2 2 2
left_child=2 -2 5 -4 -3 -1
right_child=1 4 3 -5 -6 -7
leaf_value=0.0011220417408293448 0.0080302283268565301 -0.0021627568091595975 0.0013458031570256798 -0.0019570323459362415 0.0079169282521497283 -0.010701021074988933
leaf_weight=85.417291417717934 383.36275926977396 390.97588905692101 1871.0359497368336 1994.8386590927839 115.1919978633523 191.30799509584904
leaf_count=394 2826 2449 8686 9010 906 890
internal_value=-1.91295e-05 0.00364936 -0.000820972 -0.000351412 0.000181962 -0.00703509
internal_weight=5032.13 889.531 4142.6 3865.87 506.168 276.725
internal_count=25161 6181 18980 17696 3355 1284
is_linear=0
shrinkage=0.03


Tree=109
num_leaves=7
num_cat=0
split_feature=12 13 11 18 14 15
split_gain=14.4164 11.714 10.6005 12.8035 10.2481 9.21087
threshold=0.007628937081352846 2.6944749082401747 -0.29447955020330524 -0.0086391378364457632 -0.043084986585101306 0.29493097523750894
decision_type=2 2 2 2 2 2
left_child=2 -2 3 -1 -3 -4
right_child=1 4 5 -5 -6 -7
leaf_value=0.0062335930311908224 0.0044685279310928408 0.0055335965104860909 -0.0023614980222004282 -0.00029505061339659609 -0.0097747272377281848 0.0036649517230864107
leaf_weight=360.52628154307604 936.8904033601284 51.27412486821413 2378.9661522582173 968.69211773574352 97.598089650273323 239.83451890945435
leaf_count=1751 6278 364 10718 4350 589 1105
internal_value=0.000161301 0.00321103 -0.000675833 0.00148665 -0.00429701 -0.00178633
internal_weight=5033.78 1085.76 3948.02 1329.22 148.872 2618.8
internal_count=25155 7231 17924 6101 953 11823
is_linear=0
shrinkage=0.03


Tree=110
num_leaves=7
num_cat=0
split_feature=12 16 11 12 16 6
split_gain=12.3285 11.0008 10.8213 9.6522 3.72267 1.75619
threshold=0.018247817255822009 0.95514797414732022 1.2459556760468933 0.0056110418846491705 -0.45287237770154315 0.44682667483678706
decision_type=2 2 2 2 2 2
left_child=1 2 -1 -3 -2 -6
right_child=4 3 -4 -5 5 -7
leaf_value=0.00053696589749309062 0 0.00073540700591574867 -0.002526166497275269 0.0097802737560639882 0 0.01822465659011149
leaf_weight=2924.4533756449819 19.151000551879406 284.6862735748291 1588.585410349071 169.31895640492439 8.0977806150913221 38.295019842684269
leaf_count=14280 142 1341 7764 1179 60 398
internal_value=9.59875e-05 -8.07887e-05 -0.000537822 0.00431138 0.0121269 0.016013
internal_weight=5032.59 4967.04 4513.04 454.005 65.5438 46.3928
internal_count=25164 24564 22044 2520 600 458
is_linear=0
shrinkage=0.03


Tree=111
num_leaves=7
num_cat=0
split_feature=12 15 11 13 18 14
split_gain=14.1638 12.992 15.8679 6.85037 7.88028 4.96383
threshold=0.013317791510328811 0.29493097523750894 0.59864967575749195 2.1322020087480902 -0.052775955602778639 -0.059666281146828669
decision_type=2 2 2 2 2 2
left_child=1 2 -1 -2 -5 -3
right_child=3 5 -4 4 -6 -7
leaf_value=0.0011576878727352926 0.011937410427945515 -0.0048026682962835779 -0.0023987076367300332 0.013049233177099672 -0.0057784123325048276 0.0065143664888153516
leaf_weight=2152.5325744748116 120.68406552821398 28.839348003268242 2340.1482863500714 19.499117188155651 51.966597564518452 306.62065733969212
leaf_count=10506 1115 128 11284 177 380 1497
internal_value=6.54378e-05 -0.000253761 -0.000689318 0.00785013 0 0.00534375
internal_weight=5020.29 4828.14 4492.68 192.15 71.4657 335.46
internal_count=25087 23415 21790 1672 557 1625
is_linear=0
shrinkage=0.03


Tree=112
num_leaves=7
num_cat=0
split_feature=0 12 13 14 14 17
split_gain=16.9228 12.2306 13.2103 6.81478 2.26137 3.22799
threshold=0.50096523691710682 0.0025428514773143209 2.3959600340086236 -0.088787674831812061 -0.038932695766051552 0.63782337730143113
decision_type=2 2 2 2 2 2
left_child=1 3 -3 -1 -2 -6
right_child=4 2 -4 -5 5 -7
leaf_value=-0.01529552800541175 0.018299796323165363 0.00063520365108759983 -0.0044592708895827065 -0.0020866469526856974 -0.00097888265856431694 0.011134424840633891
leaf_weight=61.963134184479713 33.526633217930794 4290.5765206068754 502.4523840919137 88.396572753787041 25.980968214571476 33.733270414173603
leaf_count=252 348 21109 2584 359 233 284
internal_value=6.51518e-05 -0.000179565 8.67323e-05 -0.00833148 0.0120907 0.00604932
internal_weight=5036.63 4943.39 4793.03 150.36 93.2409 59.7142
internal_count=25169 24304 23693 611 865 517
is_linear=0
shrinkage=0.03


Tree=113
num_leaves=7
num_cat=0
split_feature=12 15 5 13 5 2
split_gain=13.4198 10.7875 11.1326 9.45036 11.6289 11.1898
threshold=0.0066724052660591471 0.29493097523750894 0.058635435050314051 2.6225323389466748 0.038996226076243985 0.041229441935787793
decision_type=2 2 2 2 2 2
left_child=1 2 -1 5 -5 -2
right_child=3 -3 -4 4 -6 -7
leaf_value=-0.0011184765594317312 0.001394409430335771 0.0049467706191900235 -0.0079317792587897534 -0.0074544188480737735 0.0077174665066379981 0.0074869206774246895
leaf_weight=2933.7765887603164 1062.7215409576893 229.35761849582195 226.04032820463181 164.49083622545004 50.801074005663395 366.30347057431936
leaf_count=13012 6393 1043 1015 946 335 2423
internal_value=-8.70524e-05 -0.00117108 -0.00163882 0.00212273 -0.0035576 0.00301813
internal_weight=5033.49 3389.17 3159.82 1644.32 215.292 1429.03
internal_count=25167 15070 14027 10097 1281 8816
is_linear=0
shrinkage=0.03


Tree=114
num_leaves=7
num_cat=0
split_feature=12 16 12 6 8 3
split_gain=13.8455 12.6276 10.7652 6.48752 5.76446 4.18812
threshold=0.013317791510328811 0.87037861650882065 0.003335780633304415 0.44682667483678706 0.025835177685469671 0.42992121279949047
decision_type=2 2 2 2 2 2
left_child=1 2 -1 -3 5 -2
right_child=4 3 -4 -5 -6 -7
leaf_value=-0.0049155370447232635 0 0.0014369634591272816 -0.00013084823130963478 0.0086045388043379783 -0.0025464859464366884 0.012199113193075829
leaf_weight=467.2104030251503 27.674948953092098 306.73084835708141 3884.7685310319066 188.95465207844973 31.197754882276058 132.60706049948931
leaf_count=1898 245 1459 18916 1245 244 1189
internal_value=0.000178388 -0.000135523 -0.000661482 0.00434468 0.00788681 0.010124
internal_weight=5039.14 4847.66 4351.98 495.686 191.48 160.282
internal_count=25196 23518 20814 2704 1678 1434
is_linear=0
shrinkage=0.03


end of trees

feature_importances:
range_pct_mean_14=168
taker_buy_base_volume_ratio_14=122
pred_mean=80
ret_close_20=48
threshold_h3=47
vol_regime_z_50=43
pred_h3=40
signed_volume_sum_ratio_50=33
threshold_h5=24
realized_vol_z_120=24
pred_std=18
quote_volume_proxy_log_delta_40=13
buy_pressure_mean_10=12
margin_h5=6
margin_min=5
pred_h5=3
margin_mean=3
margin_h3=1

parameters:
[boosting: gbdt]
[objective: binary]
[metric: auc]
[tree_learner: serial]
[device_type: cpu]
[data_sample_strategy: bagging]
[data: ]
[valid: ]
[num_iterations: 200]
[learning_rate: 0.03]
[num_leaves: 7]
[num_threads: 0]
[seed: 42]
[deterministic: 0]
[force_col_wise: 1]
[force_row_wise: 0]
[histogram_pool_size: -1]
[max_depth: 3]
[min_data_in_leaf: 80]
[min_sum_hessian_in_leaf: 0.001]
[bagging_fraction: 0.9]
[pos_bagging_fraction: 1]
[neg_bagging_fraction: 1]
[bagging_freq: 1]
[bagging_seed: 42]
[bagging_by_query: 0]
[feature_fraction: 0.9]
[feature_fraction_bynode: 1]
[feature_fraction_seed: 42]
[extra_trees: 0]
[extra_seed: 12879]
[early_stopping_round: 0]
[early_stopping_min_delta: 0]
[first_metric_only: 0]
[max_delta_step: 0]
[lambda_l1: 1]
[lambda_l2: 10]
[linear_lambda: 0]
[min_gain_to_split: 0]
[drop_rate: 0.1]
[max_drop: 50]
[skip_drop: 0.5]
[xgboost_dart_mode: 0]
[uniform_drop: 0]
[drop_seed: 17869]
[top_rate: 0.2]
[other_rate: 0.1]
[min_data_per_group: 100]
[max_cat_threshold: 32]
[cat_l2: 10]
[cat_smooth: 10]
[max_cat_to_onehot: 4]
[top_k: 20]
[monotone_constraints: ]
[monotone_constraints_method: basic]
[monotone_penalty: 0]
[feature_contri: ]
[forcedsplits_filename: ]
[refit_decay_rate: 0.9]
[cegb_tradeoff: 1]
[cegb_penalty_split: 0]
[cegb_penalty_feature_lazy: ]
[cegb_penalty_feature_coupled: ]
[path_smooth: 0]
[interaction_constraints: ]
[verbosity: -1]
[saved_feature_importance_type: 0]
[use_quantized_grad: 0]
[num_grad_quant_bins: 4]
[quant_train_renew_leaf: 0]
[stochastic_rounding: 1]
[linear_tree: 0]
[max_bin: 255]
[max_bin_by_feature: ]
[min_data_in_bin: 3]
[bin_construct_sample_cnt: 200000]
[data_random_seed: 42]
[is_enable_sparse: 1]
[enable_bundle: 1]
[use_missing: 1]
[zero_as_missing: 0]
[feature_pre_filter: 1]
[pre_partition: 0]
[two_round: 0]
[header: 0]
[label_column: ]
[weight_column: ]
[group_column: ]
[ignore_column: ]
[categorical_feature: ]
[forcedbins_filename: ]
[precise_float_parser: 0]
[parser_config_file: ]
[objective_seed: 16083]
[num_class: 1]
[is_unbalance: 0]
[scale_pos_weight: 1]
[sigmoid: 1]
[boost_from_average: 1]
[reg_sqrt: 0]
[alpha: 0.9]
[fair_c: 1]
[poisson_max_delta_step: 0.7]
[tweedie_variance_power: 1.5]
[lambdarank_truncation_level: 30]
[lambdarank_norm: 1]
[label_gain: ]
[lambdarank_position_bias_regularization: 0]
[eval_at: ]
[multi_error_top_k: 1]
[auc_mu_weights: ]
[num_machines: 1]
[local_listen_port: 12400]
[time_out: 120]
[machine_list_filename: ]
[machines: ]
[gpu_platform_id: -1]
[gpu_device_id: -1]
[gpu_use_dp: 0]
[num_gpu: 1]

end of parameters

pandas_categorical:[]
