tree
version=v4
num_class=1
num_tree_per_iteration=1
label_index=0
max_feature_idx=13
objective=binary sigmoid:1
feature_names=rule_signal_where_gt__bb_width_3___taker_buy_quote_volume_ratio_2___const_0_127425____const_1___const_0____const__0_0382238___const_0_0528263__ q25_rule_signal_taker_delta_quote_sum_ratio_7__const__0_164521___const_0_1964____5_ imbalance_x_trend_2 volatility_x_buy_pressure_2 drawdown_5 _buy_pressure_positive_ratio_2___drawdown_5_ _where_gt_imbalance_x_high_volume_3__const_0_138202____const_1___const_0_____upper_wick_pct_ shift_signed_log_kurt_ret_7___5_ drawdown_2 garman_klass_vol_7 range_x_volume_z_2 _bb_width_2___taker_ratio_z_7_ bb_width_2 rule_signal_cross_below_rule_signal_taker_delta_quote_sum_ratio_2__const__0_164521___const_0_1964____vol_of_vol_2___const__0_514722___const_0_516067__
feature_infos=[-1:0] [-1:1] [-0.015322330832251286:0.02003583615145749] [-0.038903293033954761:0.04151327609031346] [-0.075223833387485173:0] [-0.04408540747206624:0] [0:1.0334441681084199] [-16.430510255017289:2.0794408810130229] [-0.055108408374702322:0] [0:0.031124346394298799] [-0.036797908721921513:0.045128621910636386] [-0.21723037811886306:0.12438789854647776] [0:0.16028668921165343] [-1:0]
tree_sizes=1752 1832 1828 1826 1845 1836 1823 1839 1830 1838 1838 1839 1835 1837 1840 1831 1836 1848 1824 1845 1842 1834 1846 1842 1827 1834 1843 1823 1837 1831 1806 1841 1839 1825 1832 1833 1829 1836 1821 1848 1851 1839 1840 1830 1842 1834 1821 1804 1829 1831 1823 1840 1839 1849 1827 1840 1824 1816 1832 1841 1822 1848 1829 1837 1839 1718 1842 1804 1821 1824 1842 1722 1715 1832 1607 1822 1845 1821 1844 1805 1818 1830 1705 1708 1831 1789 1822 1719 1831 1840 1843 1840 1817 1841 1830 1846 1808 1839 1705 1839 1827 1835 1679 1848 1736 1686 1840 1709 1681 1830 1812 1839 1829 1818 1844 1857 1836 1704 1486 1670 1857 1594 1711 1676 1826 1864 1821 1819 1699 1684 1857 1733 1814 1850 1828 1674 1687 1656 1709 1600 1789 1493 1710 1490 1842 1612 1829 1709 1713 1827 1708 1854 1862 1159 1848 1606 1702 1846 1836 1712 1387 1696 1822 1843 1365 1843 1487 1445 1482 1457 1700 1620 1692 1486 1821 1266 1580 1259 1803 1811 1692 1597 1621 1279 1789 1475 1865 1615 1840 1576 1840 1837 1360 1271 1480 1226 1735 1478 1275 1837 1853 1859 1818 1858 1819 1811 1864 1859 1602 1826 1449 1692 1381 1594 1622 1476 1708 1810 1801 1278 1810 1568 1707 1812 1864 1839 1853 1855 1828 1851 1273 1481 1353 1233 1834 1801 1385 1164 1861 1865 1029 1618 1780 1818 1816 1371 1846 1283 1551 1578

Tree=0
num_leaves=15
num_cat=0
split_feature=4 11 12 6 3 2 2 6 12 10 12 10 6 6
split_gain=13331.9 6619.82 2463.43 1442.71 1337.33 3273.76 907.949 711.026 289.37 196.776 194.694 101.975 26.2366 16.4327
threshold=-9.8922241476340198e-05 -0.00062574776426832545 0.00049681446885993324 0.00042086515574809186 0.00021408912184828229 -6.8521586821171633e-06 0.00019305322628207126 0.0002072659235258391 0.0037806919837459325 0.00018674340836220748 0.0010334405190749363 -0.00014944166461408633 0.00024433456912322844 0.00023232339535417569
decision_type=10 10 10 8 10 10 8 10 10 10 10 8 10 10
left_child=1 3 9 6 7 -6 -1 -3 -5 11 13 -2 -11 -4
right_child=2 4 10 8 5 -7 -8 -9 -10 12 -12 -13 -14 -15
leaf_value=1.3156518043170933 1.3457506804223784 1.3273952583095951 1.3643089371400388 1.3430555347013358 1.3242722526329698 1.3691135477611172 1.2938431195143312 1.3432786255429188 1.3167952049811766 1.3488319263958826 1.3786398707053076 1.3321523178720944 1.359428982974678 1.371101080516762
leaf_weight=3182.5264762938023 1031.128071680665 5279.093361094594 1058.5438315868378 1145.2235994338989 2308.8338162899017 3970.1960333585739 3915.2003473192453 4859.3203186988831 550.12102662026882 371.8365041166544 7209.1956917345524 932.46416926383972 620.38417176902294 993.20567324757576
leaf_count=19386 6281 32157 6448 6976 14064 24184 23849 29600 3351 2265 43914 5680 3779 6050
internal_value=1.34295 1.33049 1.36866 1.3095 1.34175 1.35261 1.30356 1.33501 1.33447 1.34478 1.37626 1.3393 1.35562 1.36775
internal_weight=37427.3 25210.5 12216.8 8793.07 16417.4 6279.03 7097.73 10138.4 1695.34 2955.81 9260.95 1963.59 992.221 2051.75
internal_count=227984 153567 74417 53562 100005 38248 43235 61757 10327 18005 56412 11961 6044 12498
is_linear=0
shrinkage=1


Tree=1
num_leaves=15
num_cat=0
split_feature=8 12 12 6 6 8 12 6 12 10 10 12 6 12
split_gain=26455.6 2838.14 2550.57 1316.25 925.154 435.929 267.685 265.19 227.45 218.881 152.817 148.771 37.9822 34.0847
threshold=-1.0000000180025095e-35 0.0011737051960300554 0.00060593588323301975 0.00049389320920225016 0.00029868344913489209 -0.0008942850886344832 0.00058526740134208337 0.51690718811834879 0.0014639521363081184 0.00023007510027563954 0.00075636820493507585 0.00024490993019287576 1.0003556065008685 0.0008143569422607922
decision_type=10 10 10 10 10 10 8 10 10 10 10 10 10 10
left_child=1 4 9 5 6 -3 -1 -5 13 11 -6 -2 -11 -4
right_child=2 3 8 7 10 -7 -8 -9 -10 12 -12 -13 -14 -15
leaf_value=-0.014049981468324237 -0.0026999874494376204 -0.051143858016614925 0.02248320069226176 -0.0088135339832006287 -0.002570723491011838 -0.03597254765849589 -0.027047396481204838 -0.028449935507682867 0.035309729019793082 0.014312807430489856 0.014716650299835479 0.0093470749607811876 0.027350126442331108 0.028729351942212929
leaf_weight=3318.4815304875374 1784.126865491271 3293.6963909268379 1471.833241418004 1405.6463906317949 2399.1421968638897 3977.662355735898 2601.4362213164568 1133.433012932539 8239.1707830578089 1454.2836547195911 558.46745479106903 1880.4930389076471 260.82173785567284 3659.6731162816286
leaf_count=20076 10847 19604 9058 8516 14587 23793 15660 6860 51056 8906 3394 11490 1603 22603
internal_value=-3.82234e-05 -0.0252938 0.0251301 -0.0364136 -0.0129715 -0.0429137 -0.0198076 -0.0176799 0.0321463 0.00765373 0.000711919 0.00347423 0.0164773 0.0269967
internal_weight=37438.4 18688 18750.4 9810.44 8877.53 7271.36 5919.92 2539.08 13370.7 5379.73 2957.61 3664.62 1715.11 5131.51
internal_count=228053 112490 115563 58773 53717 43397 35736 15376 82717 32846 17981 22337 10509 31661
is_linear=0
shrinkage=0.03


Tree=2
num_leaves=15
num_cat=0
split_feature=8 8 12 6 6 12 8 6 12 12 6 6 10 4
split_gain=24779.1 2587.6 2505.54 1132.73 870.242 316.773 256.802 252.306 239.449 208.599 165.362 139.786 110.314 29.039
threshold=-1.0000000180025095e-35 -0.00044358028629914997 0.00063688308971500732 0.00049389320920225016 0.00028925255088849166 0.0032420515907949613 -0.00018343063402148638 0.51690718811834879 0.00016113426974090993 0.0013873131724913433 1.0005670613242652 0.00024025346199957302 0.00027666839514158405 -0.0013983654405828603
decision_type=8 10 10 10 10 10 10 10 10 10 10 8 10 10
left_child=1 3 8 5 6 -1 -3 -5 11 13 -6 -2 -10 -4
right_child=2 4 9 7 10 -7 -8 -9 12 -11 -12 -13 -14 -15
leaf_value=-0.036416631824075972 -0.0082902140499495729 -0.025084024263536602 0.016287635352999121 -0.0083820787375492797 -0.0018917288160826416 -0.050439744681150485 -0.012739989698899638 -0.027927788131024974 0.0086681972973089143 0.034927423223529416 0.023945985299358818 0.0088783717936277498 0.01981300679085576 0.027351750268328
leaf_weight=4844.6956193894148 1028.369235932827 3262.8036358505487 310.03814676403999 1357.0778874307871 2932.2254961580038 2288.7964858412743 2957.0760746598244 1083.1318531483412 2653.4932454973459 8419.7070526778698 231.19530573487282 713.40166425704956 1180.8336497396231 4194.3695448189974
leaf_count=28299 6235 19345 1935 8178 17813 13230 17749 6448 16287 53281 1409 4382 7316 26306
internal_value=0.000122709 -0.0239741 0.0248173 -0.0349458 -0.012748 -0.0409887 -0.0192549 -0.0171609 0.00797623 0.0320669 4.7194e-05 -0.00121344 0.0121586 0.0266413
internal_weight=37457.2 18957 18500.2 9573.7 9383.3 7133.49 6219.88 2440.21 5576.1 12924.1 3163.42 1741.77 3834.33 4504.41
internal_count=228213 112471 115742 56155 56316 41529 37094 14626 34220 81522 19222 10617 23603 28241
is_linear=0
shrinkage=0.03


Tree=3
num_leaves=15
num_cat=0
split_feature=8 8 2 2 6 6 8 10 8 9 6 2 2 4
split_gain=23481.1 2271.41 1200.32 1244.48 1109.86 853.524 396.822 241.612 217.971 195.144 186.156 75.5173 64.2979 16.0147
threshold=-1.0000000180025095e-35 -0.00059929405987391149 9.657463987436099e-05 -8.1425772458409277e-05 0.00036841980377769629 0.00040399140182234404 -0.00020740508522704146 0.00023945182222227679 -0.001188006627993343 0.00052532843510795133 0.51690718811834879 -0.00014919097612183752 0.00018439490148689639 -0.001382904191672196
decision_type=8 10 10 8 10 10 10 10 10 10 10 10 10 10
left_child=1 5 3 11 6 9 -3 -5 -7 -1 -6 -2 13 -4
right_child=2 4 12 7 10 8 -8 -9 -10 -11 -12 -13 -14 -15
leaf_value=-0.052938341400570625 0.03384758833034282 -0.026277418019387017 0.017596994939532953 0.004924845025285539 0.0066462720646364515 -0.030429561185865834 -0.012974878609074177 0.017625991884748598 -0.011528294528680184 -0.038847393464996584 -0.007695440856094222 0.023846858209156593 0.03488478876761366 0.029280925511579074
leaf_weight=1321.140584975481 2640.4585184752941 4734.6277141720057 196.05276440083981 4199.13916875422 1770.79142819345 1032.9748974740505 3618.1048837304115 1998.6256835311651 1233.9913401901722 4020.5908694714308 1491.0619087517262 1159.8234091103077 5621.981945052743 2386.388858050108
leaf_count=7510 17001 27551 1244 25820 10717 6085 21567 12512 7315 22768 9025 7357 36392 15277
internal_value=-1.24125e-05 -0.0231313 0.024399 0.0173782 -0.0147555 -0.0358729 -0.0205448 0.00905211 -0.0202631 -0.042436 6.85517e-05 0.0308818 0.0329159 0.0284884
internal_weight=37425.8 19223.3 18202.5 9998.05 11614.6 7608.7 8352.73 6197.76 2266.97 5341.73 3261.85 3800.28 8204.42 2582.44
internal_count=228141 112538 115603 62690 68860 43678 49118 38332 13400 30278 19742 24358 52913 16521
is_linear=0
shrinkage=0.03


Tree=4
num_leaves=15
num_cat=0
split_feature=8 12 8 9 9 12 8 8 12 12 10 8 10 12
split_gain=22104.6 2354.73 2045.22 649.166 412.819 537.56 333.676 329.909 249.365 198.389 113.096 96.4235 62.5529 35.2832
threshold=-1.0000000180025095e-35 0.00059599862516826853 -0.00055071401297346323 0.00033484249491675435 0.00053607923783016546 0.0033893965652691325 -0.00018343063402148638 -0.00027348606927740654 0.0013873131724913433 0.0002873286866989322 0.00044745894126141476 -0.00092498047259137451 0.00021983695037392791 0.00080343445307462416
decision_type=10 10 8 8 10 10 10 8 10 10 10 10 10 10
left_child=2 9 4 6 11 -6 -4 -5 13 10 -2 -1 -11 -3
right_child=1 8 3 7 5 -7 -8 -9 -10 12 -12 -13 -14 -15
leaf_value=-0.057876657329097206 -0.00076365110289665556 0.020834265051317961 -0.0328678456726283 -0.015142604627772446 -0.021585733062135636 -0.039150155486870467 -0.014950810222812208 -0.0022873379219909393 0.034334099052471569 0.0096159094970425917 0.016266667521538523 -0.040748618870356836 0.019925000506333806 0.027271236390294169
leaf_weight=527.13387595117092 2419.0790360271931 1431.3937632739544 1837.9788112491369 3386.2703095823526 3533.5782609283924 2934.1229725629091 1994.9035251289606 3851.1723975688219 8031.785031452775 1546.455354809761 399.40003284811974 1358.5053633600473 868.77504633367062 3195.1627533435822
leaf_count=2909 14817 9139 10626 19744 20128 16447 11840 22991 53048 9581 2516 7607 5497 20749
internal_value=2.69917e-05 0.0240792 -0.0221266 -0.0136417 -0.0333343 -0.0296114 -0.0236213 -0.00832296 0.0310748 0.00712109 0.00167744 -0.0458485 0.0134158 0.0253419
internal_weight=37315.7 17892.1 19423.7 11070.3 8353.34 6467.7 3832.88 7237.44 12658.3 5233.71 2818.48 1885.64 2415.23 4626.56
internal_count=227639 115347 112292 65201 47091 36575 22466 42735 82936 32411 17333 10516 15078 29888
is_linear=0
shrinkage=0.03


Tree=5
num_leaves=15
num_cat=0
split_feature=8 8 11 6 6 10 10 8 8 9 6 11 4 10
split_gain=20906.2 1999.67 949.458 937.524 659.664 473.516 452.096 302.503 251.257 203.34 124.366 51.7403 36.6277 9.8196
threshold=-1.0000000180025095e-35 -0.00039619866040557778 0.00061836601212183378 0.00042086515574809186 0.00028925255088849166 0.0003839126473747953 -0.00026506673643539091 -0.0011694487036373877 -0.001188006627993343 0.00028209319101430954 1.0006492107958309 0.0011290917528159674 -0.00015078782074995353 0.00026785745696785573
decision_type=10 10 10 8 10 10 8 10 10 10 10 10 10 10
left_child=1 3 5 7 9 6 -2 -1 -5 -3 -6 13 -7 -4
right_child=2 4 11 8 10 12 -8 -9 -10 -11 -12 -13 -14 -15
leaf_value=-0.044726442516918215 0.020432249654224549 -0.023519926336006133 0.023753269495262925 -0.027177273440520663 -0.00044767019748856402 0.022367261393799694 0.0048439144879512787 -0.031353170807510052 -0.0089237650804895787 -0.011903268513268899 0.025616817590979803 0.033304238885823734 0.029808511233222122 0.030116511390239555
leaf_weight=2258.8075236976147 3538.3459283858538 2218.9421902596951 1037.1920597851276 1058.8267318457365 2759.4069542735815 1276.5062313079834 3209.177084133029 5598.2943594604731 1947.6014763563871 3685.0783547461033 164.98176629841328 5749.1446657776833 2003.7306844294071 855.09840565919876
leaf_count=12174 22835 12828 6806 6006 16654 8262 19977 31014 11383 21413 1014 38756 13315 5688
internal_value=7.04317e-05 -0.0211804 0.0237561 -0.0297981 -0.0105478 0.017641 0.0130453 -0.0352574 -0.0154411 -0.0163118 0.00108462 0.0317394 0.0270078 0.0268035
internal_weight=37361.1 19691.9 17669.2 10863.5 8828.41 10027.8 6747.52 7857.1 3006.43 5904.02 2924.39 7641.44 3280.24 1892.29
internal_count=228125 112486 115639 60577 51909 64389 42812 43188 17389 34241 17668 51250 21577 12494
is_linear=0
shrinkage=0.03


Tree=6
num_leaves=15
num_cat=0
split_feature=8 12 12 6 6 8 12 12 6 12 6 6 6 6
split_gain=19838 2322.28 1813.5 782.153 732.242 245.213 218.623 210.12 202.661 188.582 130.836 101.396 92.0284 18.1986
threshold=-1.0000000180025095e-35 0.00066654871269934723 0.0013873131724913433 0.00049389320920225016 0.00034305579743922797 -0.00021469567330961722 0.00016113426974090993 0.0032420515907949613 1.0007010841496093 0.001402466528620824 1.0005670613242652 0.00024433456912322844 0.00018147749908675319 0.00031456179866155886
decision_type=8 10 10 10 10 10 10 10 10 10 10 8 10 10
left_child=2 6 4 7 5 -1 11 -4 -5 13 -6 -2 -8 -3
right_child=1 9 3 8 10 -7 12 -9 -10 -11 -12 -13 -14 -15
leaf_value=-0.022461082944557825 -0.0073034479909966053 0.023018987497472911 -0.030919975010726741 -0.01763153008727477 -0.0011918491098803642 -0.011375221386546513 0.0062877909913047819 -0.042144199873545903 0.012950009418602321 0.033826567525499632 0.021579308552437615 0.0074979275100676805 0.015626079491287879 0.028061711695060443
leaf_weight=3619.9498817324638 1032.1896928101778 2100.8724499493837 4659.5994462072849 2191.5945134907961 2785.8262046277523 3702.5482150912285 1787.5648443251848 2495.9167689085007 204.54591226577759 7659.0405720770359 236.99837151169777 682.01226289570332 2146.6268854737282 1963.7358917146921
leaf_count=20378 6281 13998 25315 12568 16767 21567 11221 13176 1156 52714 1462 4289 13739 13165
internal_value=-4.57466e-05 0.0233697 -0.0204943 -0.0299208 -0.0117646 -0.016887 0.0075356 -0.0348968 -0.014953 0.0309805 0.000638959 -0.00137044 0.011425 0.0255329
internal_weight=37269 17372 19897 9551.66 10345.3 7322.5 5648.39 7155.52 2396.14 11723.6 3022.82 1714.2 3934.19 4064.61
internal_count=227796 115407 112389 52215 60174 41945 35530 38491 13724 79877 18229 10570 24960 27163
is_linear=0
shrinkage=0.03


Tree=7
num_leaves=15
num_cat=0
split_feature=4 11 12 3 6 6 11 4 12 6 12 12 12 6
split_gain=9372.04 4094.29 1317.2 978.956 849.579 528 404.787 332.182 245.785 128.512 102.63 97.9262 26.377 7.73635
threshold=-2.4531710742514697e-05 -0.00062574776426832545 0.00063688308971500732 0.00021408912184828229 0.00041223197112944177 0.00038942456544724754 -0.0027134060966350969 -0.00059672749767347699 0.0025395301474303608 0.00021760410019191532 0.00016113426974090993 0.0012849627173179901 0.00038573324467794503 0.00041223197112944177
decision_type=10 10 10 10 8 10 10 10 10 10 10 10 10 10
left_child=1 4 9 5 6 -3 -1 -5 -6 10 -2 13 -11 -4
right_child=2 3 11 7 8 -7 -8 -9 -10 12 -12 -13 -14 -15
leaf_value=-0.037911056892401131 -0.0096953832833198677 -0.0098350970223100107 0.023048435036443399 0.0039584886070285121 0.0061935659339262599 0.0039193057342405985 -0.023535677702311818 0.018259061891096637 -0.015832615804222683 0.010137238207804064 0.0068655816578855784 0.034219398590077901 0.020812448343330427 0.029025020139351338
leaf_weight=2787.0437825322151 546.25227478146553 7885.2913783043623 1115.0355717986822 4015.3330302685499 826.74532639980316 3669.7831227183342 5192.4268787354231 2309.1554327905178 988.32665185630322 627.41655802726746 842.72457878291607 5290.6276840269566 378.11005812883377 780.75817668437958
leaf_count=14584 3273 46187 7566 25061 4987 22558 28552 15182 5636 3972 5320 37364 2468 5353
internal_value=3.89848e-05 -0.00881351 0.0255978 -0.000266576 -0.0243933 -0.00546203 -0.0286053 0.00920987 -0.00578809 0.00626347 0.000286903 0.032014 0.014376 0.0256807
internal_weight=37255 27674.1 9580.92 17879.6 9794.54 11555.1 7979.47 6324.49 1815.07 2394.5 1388.98 7186.42 1005.53 1895.79
internal_count=228063 162747 65316 108988 53759 68745 43136 40243 10623 15033 8593 50283 6440 12919
is_linear=0
shrinkage=0.03


Tree=8
num_leaves=15
num_cat=0
split_feature=8 8 2 2 6 6 6 8 10 9 6 2 2 4
split_gain=17867.5 1457.41 1107.55 1106.96 704.507 522.76 288.273 247.437 218.803 179.795 159.136 72.0182 56.4357 21.2228
threshold=-1.0000000180025095e-35 -0.00039619866040557778 9.657463987436099e-05 -8.4870315818828262e-05 0.00055081402363140982 0.00041223197112944177 0.51690718811834879 -0.0011694487036373877 0.00023945182222227679 0.00027482842885590041 0.51690718811834879 0.00018439490148689639 -0.00015451830743978237 -0.0013527475106976381
decision_type=8 10 10 8 10 10 10 10 10 10 10 10 10 10
left_child=1 4 3 12 7 9 -6 -1 -5 -3 -7 13 -2 -4
right_child=2 5 11 8 6 10 -8 -9 -10 -11 -12 -13 -14 -15
leaf_value=-0.038163361774995352 0.032524484338203756 -0.021092181606347855 0.014979078057040638 0.004394668369085147 -0.0021787719736820472 0.010385735252326942 -0.022426145703043045 -0.026763443088395861 0.016631811504446856 -0.010546042329707784 -0.005304279143225574 0.033670251942324814 0.023235840218518003 0.027644095006968444
leaf_weight=2553.9046726971865 2334.2507878243923 2227.3878085166216 189.97016488015652 4153.8011175990105 1306.6069553792477 1138.7847447544336 1235.1313953697681 6160.0999377816916 1936.2136498093605 4432.3250270932913 1164.8562390953302 5084.4977323412895 1054.4417103528976 2192.5035612881184
leaf_count=13053 16541 12537 1284 26061 7500 6943 6991 32881 12674 25353 7070 36451 7161 15238
internal_value=0.000133084 -0.0189041 0.022849 0.0160007 -0.0260926 -0.00985151 -0.0120906 -0.0301513 0.00831598 -0.0141086 0.00243737 0.0315013 0.0297287 0.0267261
internal_weight=37164.8 20219.1 16945.7 9478.71 11255.7 8963.35 2541.74 8714 6090.01 6659.71 2303.64 7466.97 3388.69 2382.47
internal_count=227738 112328 115410 62437 60425 51903 14491 45934 38735 37890 14013 52973 23702 16522
is_linear=0
shrinkage=0.03


Tree=9
num_leaves=15
num_cat=0
split_feature=11 2 2 6 5 6 11 5 6 11 11 11 6 2
split_gain=5802.89 2348.02 1951.27 1167 597.899 568.893 506.69 382.193 190.589 183.958 161.79 159.131 119.312 86.3042
threshold=9.6886770504369489e-05 0.0001008486113566937 6.0686953805668047e-05 0.00064034661697397741 -0.00033403267820142352 9.5761189080185286e-05 -0.0016817617913414118 -0.00013369569403356982 1.0005670613242652 0.00096791620050247333 -0.0056692025960652257 0.0023775875124338324 0.0003751696087525242 -4.4802153906348766e-06
decision_type=10 8 10 8 10 10 10 10 10 10 10 10 10 10
left_child=1 5 7 6 11 13 -3 8 -2 -6 -5 -4 -7 -1
right_child=2 3 4 10 9 12 -8 -9 -10 -11 -12 -13 -14 -15
leaf_value=-0.0048867678228354649 -0.0078709428932836577 -0.031268473663120133 0.0050009053505092292 -0.021062221293198475 0.020984769359724414 0.00040513425978935054 -0.016449047769503095 0.0094242987585904485 0.017143132233649664 0.032163469806925964 0.01242826404338314 0.024183169477830852 0.0078428284941060491 -0.012778475664449779
leaf_weight=2446.1408704221249 2857.7539606839418 4644.3424140065908 1559.9631419181824 139.23143063485622 2102.9866941720247 4231.6783168464899 3874.2938769161701 3020.5085648298264 292.41664093732834 4294.7630024403334 971.59488014876842 517.94473965466022 3606.4036092311144 2652.4442767053843
leaf_count=14734 16916 23909 9839 774 14315 25697 21660 19631 1757 31371 6008 3619 22769 15287
internal_value=-3.99196e-05 -0.0095842 0.0146577 -0.0207927 0.0239929 -0.00122682 -0.0245628 0.00180771 -0.00548311 0.0285368 0.00802656 0.00990399 0.00384059 -0.009021
internal_weight=37212.5 22566.1 14646.3 9629.46 8475.66 12936.7 8518.64 6170.68 3150.17 6397.75 1110.83 2077.91 7838.08 5098.59
internal_count=228286 130838 97448 52351 59144 78487 45569 38304 18673 45686 6782 13458 48466 30021
is_linear=0
shrinkage=0.03


Tree=10
num_leaves=15
num_cat=0
split_feature=8 12 12 6 6 12 12 6 12 6 6 12 6 6
split_gain=16450.1 2209.31 1402.14 766.995 427.949 273.893 221.349 217.678 182.654 177.605 144.357 104.959 41.3923 21.1938
threshold=-1.0000000180025095e-35 0.00066654871269934723 0.0017941008441570443 0.00036841980377769629 0.00060742464435797428 0.00058526740134208337 0.00034876216467828253 0.51690718811834879 0.001402466528620824 0.51690718811834879 0.00024025346199957302 0.0045668201538302628 0.00013270464115583031 0.00053806555642944788
decision_type=8 10 10 10 10 10 10 10 10 10 10 10 10 10
left_child=2 6 3 5 11 -1 10 -6 13 -5 -2 -4 -8 -3
right_child=1 8 4 9 7 -7 12 -9 -10 -11 -12 -13 -14 -15
leaf_value=-0.009885333373064794 -0.0036630456750585088 0.022373054588780888 -0.029112373863658593 0.0067694368118422681 -0.0039557766846284557 -0.020487410259860454 0.0086274021645063748 -0.025263016394944538 0.032984198294161118 -0.0069616946795949394 0.009036853191097401 -0.038987843650043402 0.017186226085223712 0.027871390774777762
leaf_weight=3788.8010970056057 1860.6451228111982 2367.7242836654186 4779.9566268622875 1855.3484347611666 894.82667714357376 5409.7340403795242 906.08135187625885 846.01069642603397 7119.3120985776186 1543.0420758128166 1401.2322415858507 1432.3631330579519 1414.8126994520426 1511.7964430749416
leaf_count=21618 11401 16507 24468 11193 5085 29144 5797 4698 52696 9226 9028 7133 9337 10764
internal_value=3.44104e-05 0.0222581 -0.0178968 -0.011647 -0.0277611 -0.0161425 0.00685732 -0.0144301 0.0300564 0.000515068 0.00178516 -0.031458 0.0139219 0.0245973
internal_weight=37131.7 16581.6 20550.1 12596.9 7953.16 9198.54 5582.77 1740.84 10998.8 3398.39 3261.88 6212.32 2320.89 3879.52
internal_count=228095 115530 112565 71181 41384 50762 35563 9783 79967 20419 20429 31601 15134 27271
is_linear=0
shrinkage=0.03


Tree=11
num_leaves=15
num_cat=0
split_feature=8 12 12 12 9 9 9 12 12 9 8 8 4 9
split_gain=15711.5 2169.95 1304.32 396.797 556.326 380.448 264.995 211.025 195.975 102.545 79.6 51.0309 25.6265 17.2202
threshold=-1.0000000180025095e-35 0.00063688308971500732 0.00083647407855511155 0.0024793681200968661 0.00053246690917076601 0.00032418617114308583 0.00087790572635246006 0.0013873131724913433 0.0002873286866989322 0.00017844277892496498 -0.00012176182228945674 -0.00012495274319340718 -0.001382904191672196 0.0001473787897795682
decision_type=8 10 10 10 10 10 10 10 10 8 10 10 10 10
left_child=2 8 5 4 -4 10 -5 12 9 -2 -1 -7 -3 -10
right_child=1 7 3 6 -6 11 -8 -9 13 -11 -12 -13 -14 -15
leaf_value=-0.020961041478457135 -0.01093747964719982 0.013606933919034265 -0.026951814090527621 -0.037089838825548262 -0.01099393868803631 -0.0044034796138999336 -0.023497413366155098 0.032661196760382691 0.003132512671320612 0.0034750673958002356 -0.010589235712350075 0.0021055550867646201 0.024446834913457591 0.012827099826288334
leaf_weight=1365.5728435218334 543.64588783681393 279.35442760586739 3768.5356030017138 2285.1026909202337 4187.314202144742 2466.0963942557573 3301.5232760757208 7038.8743278235197 203.29783993959427 2231.0663724392653 1441.5938963890076 1906.0774959176779 3669.1927275508642 2376.7084171026945
leaf_count=7560 3294 1923 19903 11480 22833 14286 17007 53273 1301 14029 8187 11280 26202 15553
internal_value=-0.000131434 0.0218541 -0.0174753 -0.0229553 -0.0185848 -0.00711244 -0.0291242 0.029482 0.00616529 0.000600553 -0.0157125 -0.0015538 0.0237314 0.0121014
internal_weight=37064 16342.1 20721.8 13542.5 7955.85 7179.34 5586.63 10987.4 5354.72 2774.71 2807.17 4372.17 3948.55 2580.01
internal_count=228111 115575 112536 71223 42736 41313 28487 81398 34177 17323 15747 25566 28125 16854
is_linear=0
shrinkage=0.03


Tree=12
num_leaves=15
num_cat=0
split_feature=6 3 2 2 3 2 3 3 2 12 12 12 12 2
split_gain=3650.97 1587.74 3403.29 1246.39 1478.28 718.064 2068.99 1258.65 588.687 372.476 367.445 195.62 144.52 108.605
threshold=0.00040399140182234404 -0.00016816136415398383 -4.6353895970609216e-05 0.00014506093648829549 1.0000000180025095e-35 4.5865511898638165e-05 -1.0000000180025095e-35 -1.0000000180025095e-35 0.00015507672697528342 0.0015954525640422014 0.00077098877480004304 0.0037806919837459325 0.0004126961967242789 0.00013566979506516365
decision_type=8 10 8 10 10 8 8 10 8 10 10 10 10 8
left_child=1 2 -1 9 -5 7 11 12 -4 -3 -9 -7 -2 -8
right_child=5 3 8 4 -6 6 13 10 -10 -11 -12 -13 -14 -15
leaf_value=0.02514440383735685 0.012610420415786585 -0.0025729862094012609 -0.012078507607185847 -0.02058781507732153 0.029978056017291487 0.0001476540992937191 0.022241667175380002 0.0044533236365229762 -0.028416300137614189 -0.019084598840869223 -0.01408842748909768 -0.020285219807087747 0.030156343170583411 0.032769482065136579
leaf_weight=1555.6297075003386 673.91101610660553 9408.7152659744024 3063.6444620937109 678.9234804213047 2122.8550372570753 1603.4073474854231 1364.5914487540722 1869.5522285550833 5837.2607477456331 1408.0684821754694 1955.9427542090416 559.36329445242882 1314.8378254026175 3591.9690274149179
leaf_count=11309 4298 56837 17080 3438 16298 9313 9681 11679 28902 7667 10965 2978 9782 27938
internal_value=2.94044e-05 -0.0068747 -0.0156609 -0.000117553 0.017674 0.012881 0.0192664 0.00503239 -0.0228195 -0.00474356 -0.00502329 -0.00517838 0.0243336 0.0299338
internal_weight=37008.7 24075.1 10456.5 13618.6 2801.78 12933.6 7119.33 5814.24 8900.91 10816.8 3825.49 2162.77 1988.75 4956.56
internal_count=228165 141531 57291 84240 19736 86634 49910 36724 45982 64504 22644 12291 14080 37619
is_linear=0
shrinkage=0.03


Tree=13
num_leaves=15
num_cat=0
split_feature=8 8 11 6 10 10 6 6 8 9 10 11 10 10
split_gain=14043 1030.15 847.191 536.631 438.713 422.545 350.451 212.645 205.831 126.659 125.87 52.2123 39.6182 17.6145
threshold=-1.0000000180025095e-35 -0.00031963330895745651 0.00061836601212183378 0.00047436362135995161 0.0003436635442925884 -0.00026506673643539091 0.00023616110377760609 1.0008283762076369 -0.00076148920487428818 0.00032771673608466217 0.00051124981187254637 0.0017840294639812975 0.00070605506369491851 0.00028577112141139107
decision_type=10 8 10 10 10 8 10 10 10 8 10 10 10 10
left_child=1 3 4 8 5 -2 9 -5 -1 -3 -8 13 -6 -4
right_child=2 6 11 7 12 -7 10 -9 -10 -11 -12 -13 -14 -15
leaf_value=-0.028818670948755832 0.018254732994974241 -0.016858505854116319 0.023505347585362459 -0.01229440150950941 0.020668717508229264 0.0025456489018129309 -0.003069085458528441 0.018380982170264692 -0.020065982156610207 -0.0070236737484425478 0.010485350285899116 0.032369322662277981 0.028151909513769474 0.029310868793069458
leaf_weight=4976.5043751001358 3262.4261710494757 2487.9865408539772 1613.8686010241508 2999.4711264967918 1541.1070678606629 2938.6255777180195 2001.8085496127605 207.90464915335178 5141.8036256432533 2332.0716439783573 877.7677336037159 3515.0928724706173 1629.8105287626386 1452.1432876437902
leaf_count=24159 22786 13618 12022 16721 10903 18624 11914 1163 26535 13065 5369 28130 12159 11232
internal_value=0.000140987 -0.0159581 0.0213592 -0.0210064 0.0155241 0.0108361 -0.00719724 -0.0102364 -0.024401 -0.012137 0.00106387 0.0296234 0.0246103 0.0263608
internal_weight=36978.4 21025.3 15953.1 13325.7 9371.97 6201.05 7699.63 3207.38 10118.3 4820.06 2879.58 6581.1 3170.92 3066.01
internal_count=228400 112544 115856 68578 64472 41410 43966 17884 50694 26683 17283 51384 23062 23254
is_linear=0
shrinkage=0.03


Tree=14
num_leaves=15
num_cat=0
split_feature=4 11 12 3 2 11 2 12 4 12 4 12 12 0
split_gain=6900.42 2528.14 1188.69 658.668 1880.07 347.879 229.061 145.979 119.49 56.1802 56.053 25.8517 8.72659 2.57309
threshold=-2.4531710742514697e-05 -0.00054274654182026149 0.00077098877480004304 0.00021408912184828229 3.6626473715825252e-05 -0.0028121599455113214 0.00020846001182019193 0.00038573324467794503 -0.00017605831992451024 0.0013579705224537892 -0.00062336833278509019 1.3546556657255902e-06 0.00048670587109766089 -1.0000000180025095e-35
decision_type=10 10 10 10 10 10 10 10 10 10 8 10 10 2
left_child=1 5 7 6 -5 10 -3 11 -7 13 -1 -2 -9 -4
right_child=2 3 9 4 -6 8 -8 12 -10 -11 -12 -13 -14 -15
leaf_value=-0.026520351800004272 -0.0095737178290618546 -0.0028882246118605522 0.020204914000736898 -0.0088737717675530323 0.024568072703790335 -0.01510773172705829 -0.018002139822248266 0.0097551464435285049 0.011487032496008314 0.03293502632451395 0.00088831123322417275 0.0024180146338155573 0.016830949291712714 0.02674268193789589
leaf_weight=3535.2085532993078 171.99255865812302 10249.861650049686 350.18319245427847 2979.6384390443563 3052.051198631525 7255.9926507174969 983.1339268758893 318.17793262004852 145.84614055603743 4408.0335537567735 63.486124902963638 1387.0652109235525 848.92875769734383 1151.7698437646031
leaf_count=17213 1013 60881 2616 16852 23216 38362 5243 2129 953 36003 390 8741 5968 8818
internal_value=6.82392e-05 -0.00710196 0.0235235 5.83517e-05 0.00805062 -0.0183349 -0.0042312 0.00707333 -0.0145608 0.0310768 -0.0260191 0.00100428 0.0150522 0.0254018
internal_weight=36901.4 28265.2 8636.15 17264.7 6031.69 11000.5 11233 2726.16 7401.84 5909.99 3598.69 1559.06 1167.11 1501.95
internal_count=228398 163110 65288 106192 40068 56918 66124 17851 39315 47437 17603 9754 8097 11434
is_linear=0
shrinkage=0.03


Tree=15
num_leaves=15
num_cat=0
split_feature=8 2 2 8 6 6 8 6 6 6 9 2 2 4
split_gain=12652 992.242 1006.64 943.543 609.47 324.837 189.993 177.357 175.428 145.346 136.781 68.9531 66.4945 25.1609
threshold=-1.0000000180025095e-35 9.657463987436099e-05 -8.1425772458409277e-05 -0.00062522202135667493 0.00028445718903460416 0.00055081402363140982 -0.00019041472426939429 0.00020388678395632926 1.0006492107958309 0.51690718811834879 0.00048893350100104934 -0.00017179487833382423 0.00018439490148689639 -0.0013527475106976381
decision_type=8 10 8 10 10 10 10 8 10 10 10 10 10 10
left_child=3 2 11 5 6 10 -5 -4 -6 -7 -1 -2 13 -3
right_child=1 12 7 4 8 9 -8 -9 -10 -11 -12 -13 -14 -15
leaf_value=-0.035076959573401553 0.031818114472386194 0.012243857914887836 0.0017700749589015631 -0.017613818477654437 -0.0016880250611256524 -0.0039299485069103504 -0.0083617259750216593 0.012237101212204398 0.024627675165615853 -0.020441122557648274 -0.023581945675765267 0.021927676321591656 0.031959960460926702 0.025928557972953712
leaf_weight=1230.3148912638426 1891.7186807990074 175.62905506789684 2991.5612988471985 5424.2463718950748 3882.6835248917341 1043.6066552996635 3258.1104646921158 2866.5242512375116 232.14368414878845 905.809670612216 5297.4381562322378 1224.9885913878679 4389.9273139163852 1974.2652605846524
leaf_count=5860 15098 1291 18972 28140 22770 5710 18184 19421 1434 4828 25502 9028 36495 15329
internal_value=0.000197476 0.0207932 0.0142778 -0.0148221 -0.00965961 -0.0225879 -0.0141624 0.00691423 -0.000132736 -0.0116978 -0.025808 0.0280325 0.0296899 0.0249003
internal_weight=36789 15514.6 8974.79 21274.4 12797.2 8477.17 8682.36 5858.09 4114.83 1949.42 6527.75 3116.71 6539.82 2149.89
internal_count=228062 115634 62519 112428 70528 41900 46324 38393 24204 10538 31362 24126 53115 16620
is_linear=0
shrinkage=0.03


Tree=16
num_leaves=15
num_cat=0
split_feature=8 12 12 6 6 6 12 12 8 6 9 6 6 6
split_gain=12134.9 1964.7 852.074 436.677 331.916 228.337 193.461 184.081 174.055 119.358 118.294 81.3548 48.1772 29.7502
threshold=-1.0000000180025095e-35 0.00067623213632261642 0.00083647407855511155 0.00042086515574809186 0.00036841980377769629 1.0008283762076369 0.0002873286866989322 0.0014795995572626066 -0.00088393720296953127 0.00025261382574203378 0.00025630618229686644 0.51690718811834879 0.00012548949542233291 0.00053806555642944788
decision_type=10 10 10 10 10 10 10 10 10 10 8 10 10 10
left_child=2 6 4 8 10 -5 9 13 -4 -2 -1 -6 -8 -3
right_child=1 7 3 5 11 -7 12 -9 -10 -11 -12 -13 -14 -15
leaf_value=-0.016667089085133924 -0.0046812468768645515 0.020598657469090037 -0.026909905083992713 -0.011761942296440547 0.01000304419039706 0.019645964917337305 0.0063888169782600557 0.0318447372239846 -0.01880869961453557 0.0080205822115571711 -0.0069907875739860653 -0.0020672898913939581 0.014768166307218744 0.026823956470241373
leaf_weight=1704.540817424655 1645.2133603990078 2301.9670220538974 4093.6827055960894 3439.2567210495472 1032.8575461804867 211.47443839907646 1047.5005062818527 5984.1219548732042 6392.0909060686827 1103.0712538510561 3586.1699363142252 951.66599960625172 1722.3008590936661 1462.3272622078657
leaf_count=9189 10038 17437 19152 18809 6362 1187 6858 50344 32055 7272 19920 5746 11922 11561
internal_value=-1.90784e-05 0.0204076 -0.0145887 -0.0188827 -0.00622255 -0.0098775 0.00607409 0.0285004 -0.0219998 0.000405693 -0.0101451 0.00420336 0.0116552 0.0230976
internal_weight=36678.2 15266.5 21411.7 14136.5 7275.23 3650.73 5518.09 9748.42 10485.8 2748.28 5290.71 1984.52 2769.8 3764.29
internal_count=227852 115432 112420 71203 41217 19996 36090 79342 51207 17310 29109 12108 18780 28998
is_linear=0
shrinkage=0.03


Tree=17
num_leaves=15
num_cat=0
split_feature=4 11 12 2 3 11 9 3 12 12 9 9 12 0
split_gain=6064.31 1977.4 1161.35 535.528 2008.91 342.328 436.443 197.383 95.7557 89.6188 78.5494 58.6858 9.08694 8.00282
threshold=-2.4531710742514697e-05 -0.00043463968453471056 0.00064638441164317588 7.0540081875365617e-05 -6.5356187253229226e-06 -0.0032973600180155886 0.00046413597441084413 -0.00027313082278723706 0.0013579705224537892 0.00035835806794845304 0.00077997100175160371 0.00020101790300822037 0.00090227686037154683 -1.0000000180025095e-35
decision_type=10 10 10 10 10 10 10 10 10 10 8 10 10 2
left_child=1 5 9 7 -5 10 -7 -3 12 11 -1 -2 -4 -11
right_child=2 3 8 4 -6 6 -8 -9 -10 13 -12 -13 -14 -15
leaf_value=-0.031413595820054749 -0.0094543565415878567 0.0090180334620150373 0.019722775534043321 -0.012970316403975843 0.024692613927313253 -0.021243839866306957 -0.0075560711946239482 -0.0046363856673621836 0.032438335597981684 0.007253669446065503 -0.020645116600605896 0.0038975314503237363 0.02587911226389783 0.014413883440088664
leaf_weight=1043.6279810220003 400.17820616066456 1039.5169258639216 715.85502901673317 2245.6246964484453 2919.5116112455726 3380.4991680681705 5600.3062199056149 10150.003665946424 4125.0360430777073 283.97447253763676 1960.0955284684896 1055.4492768496275 1081.3190278038383 595.50818409025669
leaf_count=4818 2398 6718 5507 11859 23502 17148 29790 59240 36123 1913 9423 6708 8712 4160
internal_value=0.000138678 -0.00645275 0.0227482 0.000328758 0.00831304 -0.0157047 -0.0127329 -0.0033556 0.0298054 0.00477366 -0.0244983 0.000146457 0.0235828 0.0122769
internal_weight=36596.5 28339.2 8257.32 16354.7 5165.14 11984.5 8980.81 11189.5 5922.21 2335.11 3003.72 1455.63 1797.17 879.483
internal_count=228019 162498 65521 101319 35361 61179 46938 65958 50342 15179 14241 9106 14219 6073
is_linear=0
shrinkage=0.03


Tree=18
num_leaves=15
num_cat=0
split_feature=11 6 2 3 3 2 3 11 3 6 6 2 2 12
split_gain=3581.78 1364.04 1156 1237.43 1060.75 901.184 782.754 328.864 212.293 191.107 168.186 152.853 97.8526 32.8657
threshold=0.00037492077240527521 0.00021425290634631124 6.0686953805668047e-05 1.0000000180025095e-35 1.0000000180025095e-35 0.00014018927210205802 1.0000000180025095e-35 -0.0024345148469641763 -0.00055422145331629404 1.0005319066970972 1.0005670613242652 0.00013566979506516365 0.00030749254152758805 0.00085807848116882578
decision_type=10 8 10 10 10 8 10 10 10 10 10 10 10 10
left_child=1 5 4 -4 13 8 -7 12 -1 -6 -9 -5 -3 -2
right_child=2 7 3 11 9 6 -8 10 -10 -11 -12 -13 -14 -15
leaf_value=0.014807510832132444 0.011105613223709804 0.00078179569657335515 -0.014178369116503992 0.018504710078644085 -0.011982308433547556 -0.022894245912955909 0.026343158057158287 0.0040100126423981263 -0.0066443658794340553 0.013378684205431144 0.024002886307995647 0.030311548303679173 -0.01517846502863341 0.02961173529141263
leaf_weight=422.88996654003859 125.84108928591013 501.52635486423969 713.83903327584267 1398.6400946825743 2214.8068591505289 5709.3906380981207 296.92648217082024 8527.0077754184604 9697.0589527711272 293.39982242882252 388.53880795836449 4348.1718255802989 1049.1961819529533 871.66994003206491
leaf_count=2842 911 3055 3697 10766 12237 26825 2438 53679 56174 1712 2628 38508 5195 7405
internal_value=9.38709e-06 -0.00573781 0.0153406 0.0228581 0.00144413 -0.0112097 -0.0204104 0.00269013 -0.00572828 -0.00895051 0.00491394 0.0274856 -0.0100063 0.02747
internal_weight=36558.9 26592.5 9966.37 6460.65 3505.72 16126.3 6006.32 10466.3 10119.9 2508.21 8915.55 5746.81 1550.72 997.511
internal_count=228072 152836 75236 52971 22265 88279 29263 64557 59016 13949 56307 49274 8250 8316
is_linear=0
shrinkage=0.03


Tree=19
num_leaves=15
num_cat=0
split_feature=8 11 8 10 10 9 8 6 9 10 8 10 11 4
split_gain=10735.8 778.083 723.768 386.404 353.878 341.414 406.46 340.356 158.767 115.771 82.0334 31.1938 22.5561 20.2371
threshold=-1.0000000180025095e-35 0.00085729113894784318 -0.00042397551837369812 0.00036726658122005965 -0.0002157362152922797 0.0005864683158163243 -0.001188006627993343 0.00022881580359045077 0.00036867540120355644 0.00073554108202152665 -0.0008942850886344832 0.00070605506369491851 0.0023775875124338324 -0.001367047804098964
decision_type=10 10 8 10 8 10 10 8 10 10 10 10 10 10
left_child=2 3 5 4 -2 10 -7 8 -4 -9 -1 -5 13 -3
right_child=1 12 7 11 -6 6 -8 9 -10 -11 -12 -13 -14 -15
leaf_value=-0.033701652119510976 0.016649000989025158 0.015567163263456731 -0.015869248775542733 0.019830625319972036 0.0026572475018073337 -0.022545686491192873 -0.0087847599727743364 -0.0025882522374636261 -0.0061099243583679829 0.011412193829413785 -0.02297599705604253 0.026684179027364585 0.031967033892947631 0.027705765558990843
leaf_weight=941.44670432806015 3770.4487170055509 200.66018920391798 3519.0083999782801 1472.8372794240713 2883.7372914776206 3427.2023537307978 4510.8818224668503 3027.9099209755659 2688.5192402005196 634.19366915524006 3040.7870678454638 1612.6123000755906 2328.8816617652774 2488.9889787659049
leaf_count=4316 27751 1676 18545 11178 18709 16238 22795 17752 14461 3895 14779 13147 21425 21718
internal_value=-4.47012e-05 0.019703 -0.0134253 0.0147199 0.0106075 -0.0184026 -0.0147544 -0.00739518 -0.0116687 -0.000122876 -0.0256048 0.0235067 0.0293133 0.0268834
internal_weight=36548.1 14758.2 21789.9 9739.64 6654.19 11920.3 7938.08 9869.63 6207.53 3662.1 3982.23 3085.45 5018.53 2689.65
internal_count=228385 115604 112781 70785 46460 58128 39033 54653 33006 21647 19095 24325 44819 23394
is_linear=0
shrinkage=0.03


Tree=20
num_leaves=15
num_cat=0
split_feature=8 2 2 8 9 8 9 10 10 2 8 2 8 5
split_gain=10113.5 907.966 905.588 667.567 266.573 386.692 235.051 162.699 124.536 73.9533 70.8509 60.7885 50.486 20.2782
threshold=-1.0000000180025095e-35 9.8761167049886468e-05 -8.4870315818828262e-05 -0.00029650828604649288 0.00040620439226839747 -0.001343972991088682 0.00027860711051559055 0.00023945182222227679 0.00056919848633543875 0.00024595794607017326 -0.00054460589899346646 -0.00018446381710007168 -0.00019041472426939429 -0.00062311705560358355
decision_type=10 10 8 8 10 10 8 10 8 10 10 10 10 10
left_child=3 2 11 4 10 -6 12 -4 -8 13 -1 -2 -5 -3
right_child=1 9 7 6 5 -7 8 -9 -10 -11 -12 -13 -14 -15
leaf_value=-0.031018466442296229 0.03118110659305116 0.014668625896769096 0.0030945505618473848 -0.020911288647109436 -0.023841181584724289 -0.011312025184000488 -0.0040168149911315081 0.013936199329967128 0.0083663019200920334 0.032034389505469114 -0.020693675475037841 0.021508685768327963 -0.010563018141373323 0.025585139268045305
leaf_weight=1131.4367586374283 1613.0093283355236 241.16395947337151 4062.5372579172254 609.69503390789032 3018.6746386140585 8616.7477707266808 4158.5008351355791 1805.8700086250901 874.55453163385391 3006.8596026822925 1698.4305604100227 1214.3950278833508 1714.423520937562 2599.3827838078141
leaf_count=5254 14098 1999 26488 3134 14131 43211 23490 12835 5298 27968 8480 9545 9302 22590
internal_value=2.39275e-05 0.0193978 0.0132132 -0.0128877 -0.0166306 -0.0145854 -0.00550786 0.00645906 -0.00184088 0.0285466 -0.0249375 0.0271383 -0.0133814 0.0247341
internal_weight=36365.7 14543.2 8695.81 21822.5 14465.3 11635.4 7357.17 5868.41 5033.06 5847.41 2829.87 2827.4 2324.12 2840.55
internal_count=227823 115523 62966 112300 71076 57342 41224 39323 28788 52557 13734 23643 12436 24589
is_linear=0
shrinkage=0.03


Tree=21
num_leaves=15
num_cat=0
split_feature=8 12 12 6 6 9 12 6 8 10 10 8 6 12
split_gain=9617.55 1797.56 686 384.482 295.415 251.607 224.682 151.954 135.676 133.029 105.326 40.5089 40.3365 31.7824
threshold=-1.0000000180025095e-35 0.00059599862516826853 0.00083647407855511155 0.00055081402363140982 0.51690718811834879 0.00027482842885590041 0.0014795995572626066 0.00048394180544877532 -0.0016703681105064703 0.00021983695037392791 -0.00011475720535394472 -0.00019041472426939429 0.0002006004942987167 0.00080343445307462416
decision_type=8 8 10 10 10 10 8 10 10 10 8 10 10 10
left_child=2 9 5 8 -5 11 13 -7 -4 10 -2 -1 -11 -3
right_child=1 6 3 4 -6 7 -8 -9 -10 12 -12 -13 -14 -15
leaf_value=-0.019965714467816909 0.005214603317618592 0.016697964128259007 -0.02745110449328499 0.0024583629007747412 -0.015907696905843021 -0.0043448163929171637 0.030910857841907027 0.0072595117036005647 -0.017394572176500436 0.0033570925054935649 -0.0056484656208231473 -0.010566691419018946 0.014809556226330999 0.023193654310000932
leaf_weight=602.77012957632542 2132.0977922827005 1199.7361479774117 1435.019878283143 1559.603743776679 1569.0668772608042 3705.7914222478867 5413.4234002158046 1385.773004502058 10079.234097972512 397.36601185798645 1272.5862350016832 1683.2132537662983 1102.6953200548887 2800.0375490859151
leaf_count=3069 13934 9113 6418 8471 8341 20544 50520 8542 48259 2628 7846 9081 7853 23490
internal_value=6.12311e-05 0.0191953 -0.0123803 -0.0161392 -0.00675466 -0.00489985 0.0268633 -0.00116666 -0.0186759 0.00444207 0.00113204 -0.0131473 0.0118579 0.0213067
internal_weight=36338.4 14317.9 22020.5 14642.9 3128.67 7377.55 9413.2 5091.56 11514.3 4904.75 3404.68 2285.98 1500.06 3999.77
internal_count=228109 115384 112725 71489 16812 41236 83123 29086 54677 32261 21780 12150 10481 32603
is_linear=0
shrinkage=0.03


Tree=22
num_leaves=15
num_cat=0
split_feature=8 12 8 9 9 12 12 10 12 12 9 12 10 10
split_gain=8837.81 1855.47 614.266 363.191 220.918 247.646 218.661 191.484 139.864 121.468 73.7506 50.8841 38.0848 10.1476
threshold=-1.0000000180025095e-35 0.00077098877480004304 -0.00056832357032626779 0.00027860711051559055 0.00059040241890734779 0.0047862525856154133 0.00034876216467828253 0.00073554108202152665 0.0016306819749303098 0.00053589946967818128 0.000173807079940664 0.002661322927933659 0.00023945182222227679 -0.00043543474891502603
decision_type=10 10 8 8 10 10 10 10 10 10 10 10 10 10
left_child=2 6 4 9 11 -6 10 -5 13 -4 -2 -1 -8 -3
right_child=1 8 3 7 5 -7 12 -9 -10 -11 -12 -13 -14 -15
leaf_value=-0.021649766134519646 -0.0090544114159974102 0.019304646751456774 -0.010352786898585457 -0.0059469445892427102 -0.011043441379854338 -0.02379163176621386 0.0091224346038803975 0.0069261080574695771 0.031153974952222059 -0.022213315606210496 0.0025969778416036165 -0.031331132410204882 0.016736193841962878 0.024232408990883556
leaf_weight=1852.9179244339466 591.55909283459187 988.82030203193426 1714.6895587295294 7926.0724671036005 5059.1371898800135 1915.1326422393322 1754.3025522083044 1184.1413547545671 4861.9496077373624 1513.1157184690237 2591.8768783956766 844.15731009840965 995.45144479721785 2366.5534818917513
leaf_count=8632 3567 8388 9206 42875 24485 8841 12283 6842 46522 7474 16849 3774 7510 20515
internal_value=9.05411e-05 0.0185816 -0.0117982 -0.00734316 -0.0174621 -0.0145817 0.00577004 -0.00426137 0.0278064 -0.0159827 0.000391507 -0.0248066 0.0119511 0.0228597
internal_weight=36159.9 14150.5 22009.4 12338 9671.35 6974.27 5933.19 9110.21 8217.32 3227.81 3183.44 2697.08 2749.75 3355.37
internal_count=227763 115634 112129 66397 45732 33326 40209 49717 75425 16680 20416 12406 19793 28903
is_linear=0
shrinkage=0.03


Tree=23
num_leaves=15
num_cat=0
split_feature=8 12 12 6 6 6 12 12 6 12 10 6 8 6
split_gain=8571.72 1734.94 572.125 348.772 281.012 230.346 195.828 172.251 107.796 92.5681 83.8411 81.9934 71.7076 29.5552
threshold=-1.0000000180025095e-35 0.00066654871269934723 0.001402466528620824 0.00022881580359045077 0.00064034661697397741 0.51690718811834879 0.0016306819749303098 0.00016113426974090993 1.0006492107958309 0.0042031433812724853 0.00025886132799065974 0.00024433456912322844 -0.00012803577140391151 0.00052545540809570857
decision_type=10 10 10 8 10 10 10 10 10 10 10 10 10 10
left_child=2 7 3 12 9 -6 13 11 -5 -4 -9 -2 -1 -3
right_child=1 6 4 8 5 -7 -8 10 -10 -11 -12 -13 -14 -15
leaf_value=-0.012751682295422619 -0.0081197479996608195 0.019188202677307024 -0.017106253508033496 -0.00086316395000882748 0.0033592742975137547 -0.015916423153557291 0.030945231917647087 0.005501609865559285 0.021994937146464322 -0.024829013335275089 0.015455770632503144 0.0054134398625946406 -0.0060903282525447628 0.025203856640665937
leaf_weight=4962.3039568811655 1042.8017459958792 2371.9537229537964 6822.0532432794571 3932.2237510085106 1050.4454928636551 1163.2786884754896 4745.5359170511365 2496.1758466809988 184.80558726191521 1902.2071340382099 1121.3323897346854 638.91477106511593 2157.4023278951645 1530.1938572525978
leaf_count=25126 6258 19972 31725 22748 5590 5957 46509 16662 1195 8421 8212 4305 11659 13701
internal_value=7.58002e-05 0.0184972 -0.0115108 -0.00673826 -0.0163976 -0.00676886 0.0267745 0.00495326 0.000199163 -0.0188235 0.00863778 -0.00294117 -0.010753 0.0216209
internal_weight=36121.6 13946.9 22174.7 11236.7 10938 2213.72 8647.68 5299.22 4117.03 8724.26 3617.51 1681.72 7119.71 3902.15
internal_count=228040 115619 112421 60728 51693 11547 80182 35437 23943 40146 24874 10563 36785 33673
is_linear=0
shrinkage=0.03


Tree=24
num_leaves=15
num_cat=0
split_feature=8 2 2 6 8 8 2 6 8 6 6 2 2 4
split_gain=8240.59 867.395 748.328 533.336 365.321 272.357 230.05 216.6 115.343 68.142 56.6099 46.408 31.2784 28.5459
threshold=-1.0000000180025095e-35 0.00011997206855557972 -0.00010330163845151922 0.0003967816759209547 -0.00029650828604649288 -0.0012043873653981294 5.7039652939729127e-05 0.51690718811834879 -0.0011191997445327837 7.4829205135601171e-05 1.0010067560512887 0.00024595794607017326 -0.0002049386463074801 -0.0013983654405828603
decision_type=10 10 8 8 10 8 10 8 10 10 10 10 10 10
left_child=3 2 12 4 8 10 -4 -7 -1 -6 -5 13 -2 -3
right_child=1 11 6 5 9 7 -8 -9 -10 -11 -12 -13 -14 -15
leaf_value=-0.022318549829350984 0.030627314859039752 0.011663442200193067 0.0039478733237703675 -0.017478448231795812 -0.010942800222142224 0.0059032142383621377 0.016567118034639682 -0.0070574562720391795 -0.015218689137050184 -0.0042348256721187463 0.0099591972377540867 0.031332177378720336 0.022447856861417613 0.025789209735959124
leaf_weight=2950.3688790202141 1328.3098376169801 180.86975830048323 4739.126167729497 1159.9967419207096 2834.234062820673 2499.4304519742727 1797.5418206304312 2148.6892660707235 7959.7664666324854 2733.2338990718126 62.764215081930161 2742.0609805285931 1012.6341270804405 1944.5772449374199
leaf_count=12947 12774 1597 31666 5709 14824 14356 14218 12106 37622 14911 324 28078 8676 18507
internal_value=3.80296e-05 0.0183103 0.012694 -0.0112006 -0.013967 -0.00341551 0.00744726 -7.75312e-05 -0.0171628 -0.00767391 -0.015952 0.0284943 0.0272251 0.0246755
internal_weight=36093.6 13745.1 8877.61 22348.5 16477.6 5870.88 6536.67 4648.12 10910.1 5567.47 1222.76 4867.51 2340.94 2125.45
internal_count=228315 115516 67334 112799 80304 32495 45884 26462 50569 29735 6033 48182 21450 20104
is_linear=0
shrinkage=0.03


Tree=25
num_leaves=15
num_cat=0
split_feature=8 12 8 10 12 10 12 12 10 10 10 10 4 10
split_gain=7616.83 1681.58 484.819 221.848 196.874 156.474 147.329 123.476 238.016 64.0063 41.3696 39.8475 35.8422 21.3219
threshold=-1.0000000180025095e-35 0.00066654871269934723 -0.0004896679354456367 0.00057780259019710775 0.0014795995572626066 -0.00061473257624813991 0.00031358831629299072 0.0043734757799929495 0.001257972660741444 0.00044745894126141476 0.00098151892335901817 0.00023945182222227679 -0.0012512970040869373 -0.0025936074176666993
decision_type=8 8 10 10 8 10 10 10 10 10 10 10 10 10
left_child=2 6 7 5 12 -4 9 8 -1 -2 -5 -8 -3 -9
right_child=1 4 3 10 -6 -7 11 13 -10 -11 -12 -13 -14 -15
leaf_value=-0.015339567585523647 -0.0017403461043959409 0.0095025941364314265 0.0023723382267731067 0.00087579072440807128 0.030141766404848953 -0.0094038912563338926 0.0071220258536037022 -0.010762133666648719 -0.00049767687864630498 0.011369758726497856 0.011542292081901578 0.015529653216175684 0.021444577108679752 -0.022166255193662426
leaf_weight=7575.3324197381735 2519.6052470505238 289.13351666927338 1140.5126896351576 1139.5079720020294 4911.7512852475047 8477.4325603097677 1562.2170336022973 211.88282100856304 1125.88183131814 376.34960815310478 458.54588751494884 809.30892393738031 3068.1914465203881 2193.3293114453554
leaf_count=35539 15876 2391 6433 6467 50307 44594 10779 1003 5559 2698 2755 6118 27071 9868
internal_value=6.73402e-05 0.0178167 -0.0106965 -0.00627923 0.0262497 -0.0080002 0.00454218 -0.0151423 -0.0134288 0 0.0040265 0.0100696 0.0204652 -0.0212352
internal_weight=35859 13536.6 22322.4 11216 8269.08 9617.95 5267.48 11106.4 8701.21 2895.95 1598.05 2371.53 3357.32 2405.21
internal_count=227458 115240 112218 60249 79769 51027 35471 51969 41098 18574 9222 16897 29462 10871
is_linear=0
shrinkage=0.03


Tree=26
num_leaves=15
num_cat=0
split_feature=8 2 2 8 9 2 9 8 10 8 8 2 2 4
split_gain=7282.53 831.319 675.688 464.03 359.82 218.726 204.966 198.931 139.147 132.224 81.3145 35.8705 30.7527 28.6504
threshold=-1.0000000180025095e-35 0.00013339724033344823 -0.00011138149163409342 -0.00063892544214827474 0.00036867540120355644 5.8815245279552628e-05 0.0008165749414119133 -0.0018981022465388573 0.00084725636065940166 -0.00013813999502748639 -0.0011044977060407077 0.00024595794607017326 -0.0002049386463074801 -0.0013527475106976381
decision_type=8 10 8 10 10 10 10 10 10 10 10 10 10 10
left_child=3 2 12 6 9 -4 10 -8 -6 -5 -1 13 -2 -3
right_child=1 11 5 4 8 -7 7 -9 -10 -11 -12 -13 -14 -15
leaf_value=-0.027365832835644827 0.030396928782742132 0.010638073067169181 0.0043611041579369528 -0.016477011706665993 -0.0043156772894476858 0.016211828249460956 -0.02077342974301348 -0.0074124337591149623 0.0075065807447470476 -0.0065983042061558087 -0.017685441525110791 0.030927349260049933 0.021851527799659983 0.025741689587128556
leaf_weight=1215.3819689899683 1276.7898597866297 157.78889050334692 4901.0888390019536 3372.4561810344458 7211.7218212634325 1973.0766379088163 1439.9776848703623 3405.7851406782866 1010.5047019720078 1977.9960375130177 2796.5050763338804 2601.759211845696 871.70346850156784 1603.0105407908559
leaf_count=5335 12860 1446 33137 16625 38443 16305 6489 16173 5794 10611 12810 27956 7758 16041
internal_value=0.000141379 0.0176473 0.0124136 -0.0103058 -0.00680398 0.00778992 -0.0156511 -0.0114298 -0.00284809 -0.0128553 -0.0206937 0.0284047 0.0270749 0.0244898
internal_weight=35815.5 13385.2 9022.66 22430.3 13572.7 6874.17 8857.65 4845.76 8222.23 5350.45 4011.89 4362.56 2148.49 1760.8
internal_count=227783 115503 70060 112280 71473 49442 40807 22662 44237 27236 18145 45443 20618 17487
is_linear=0
shrinkage=0.03


Tree=27
num_leaves=15
num_cat=0
split_feature=8 12 8 6 6 12 6 12 10 10 6 12 4 6
split_gain=7024.78 1567.71 444.585 287.302 224.144 218.903 149.977 138.389 82.0521 77.4322 62.247 49.0182 34.5525 32.5359
threshold=-1.0000000180025095e-35 0.00080343445307462416 -0.00031176078484645981 1.0005319066970972 0.00029868344913489209 0.00015271552797762323 0.00022881580359045077 0.0016306819749303098 0.0005031618703631725 0.00023945182222227679 0.00024433456912322844 0.00035835806794845304 -0.00088474139073402281 1.0010067560512887
decision_type=10 10 8 10 10 10 10 10 10 10 10 8 10 10
left_child=2 5 3 6 11 10 -1 12 -6 -7 -2 -4 -3 -5
right_child=1 7 4 13 8 9 -8 -9 -10 -11 -12 -13 -14 -15
leaf_value=-0.016284027720581528 -0.0080569275680474374 0.012612964899755146 -0.0044859419375588424 0.0041587031544273699 -0.00067156047149426862 0.0065051869488284286 -0.0098304549232851555 0.030221689041066604 0.011017222780014822 0.01507519266440537 0.0040119084238234657 -0.010290851409029829 0.02283832452516182 0.022505141624711702
leaf_weight=9080.0205938518047 1003.5947360545397 417.48710034042597 2411.3558325618505 214.8290004581213 1612.8870232701302 2895.1047433167696 5239.2173108607531 4316.5247428417206 795.77277010679245 1460.3821856081486 604.5311396420002 3064.7100667506456 2526.276042342186 156.85819354653358
leaf_count=41224 6017 3679 12904 1147 9491 20145 26215 46502 4982 11257 4112 15724 23916 854
internal_value=0 0.017355 -0.0101706 -0.0132559 -0.00440496 0.00593 -0.0139354 0.0267102 0.00319496 0.00942038 -0.00348614 -0.00775846 0.0214561 0.0124452
internal_weight=35799.6 13223.9 22575.7 14690.9 7884.73 5963.61 14319.2 7260.29 2408.66 4355.49 1608.13 5476.07 2943.76 371.687
internal_count=228169 115628 112541 69440 43101 41531 67439 74097 14473 31402 10129 28628 27595 2001
is_linear=0
shrinkage=0.03


Tree=28
num_leaves=15
num_cat=0
split_feature=8 2 2 8 9 2 8 9 8 10 8 2 2 4
split_gain=6588.99 821.589 676.77 458.051 298.096 222.029 189.037 186.444 158.229 137.016 68.0553 39.2866 37.3947 28.1195
threshold=-1.0000000180025095e-35 0.00013566979506516365 -9.9609277069969603e-05 -0.00076148920487428818 0.00041979834473802045 6.0686953805668047e-05 -0.00017328596322402354 0.00087790572635246006 -0.0018981022465388573 0.00084725636065940166 -0.001559364469508717 0.00024595794607017326 -0.00017179487833382423 -0.0013527475106976381
decision_type=10 10 8 8 8 10 10 10 10 8 10 10 10 10
left_child=3 2 12 7 6 -4 -5 10 -9 -6 -1 13 -2 -3
right_child=1 11 5 4 9 -7 -8 8 -10 -11 -12 -13 -14 -15
leaf_value=-0.032128260384555442 0.029366484463336895 0.010046431992558249 0.0035873367265113897 -0.015556076471642817 -0.0046015626107946822 0.015659844546185176 -0.0052649242224205393 -0.019507714706820081 -0.0069909186891513059 0.0059364163059346855 -0.01916048624769362 0.030744541656852194 0.020042888956893518 0.025203445559700718
leaf_weight=458.88587482273579 1437.6070898398757 153.24623934179544 4781.3114157095551 4036.7152223438025 7104.5363926887512 1928.9015789851546 2724.0874319970608 1410.5731460899115 2649.0915731042624 1302.4445770382881 2978.8895549625158 2473.2880912050605 759.24324999004602 1495.156297840178
leaf_count=1973 15013 1437 32277 19458 37224 16425 14591 6305 12443 7261 13327 27910 6743 15598
internal_value=1.33156e-05 0.017008 0.0118492 -0.00975634 -0.00674358 0.00708474 -0.0114323 -0.0158263 -0.011392 -0.00295673 -0.020997 0.028086 0.0262768 0.0238996
internal_weight=35694 13028.8 8907.06 22665.2 15167.8 6710.21 6760.8 7497.44 4059.66 8406.98 3437.78 4121.69 2196.85 1648.4
internal_count=227985 115403 70458 112582 78534 48702 34049 34048 18748 44485 15300 44945 21756 17035
is_linear=0
shrinkage=0.03


Tree=29
num_leaves=15
num_cat=0
split_feature=4 6 12 11 6 6 12 3 12 12 4 6 6 6
split_gain=3644.95 940.38 926.688 544.072 273.202 248.551 120.495 112.336 84.431 63.6277 55.2857 44.8968 25.6086 6.44387
threshold=-2.4531710742514697e-05 0.0003967816759209547 0.00077098877480004304 -0.00031346274917423353 1.0005319066970972 0.51690718811834879 0.0023658411032094141 0.00011901040021911176 0.00038573324467794503 0.0013579705224537892 -0.0031270837023800175 7.6762694060067809e-05 0.00019417883442824317 0.00033126263312946615
decision_type=10 10 10 10 10 10 8 10 10 10 10 10 10 10
left_child=1 3 8 6 5 -3 -1 -5 11 13 -6 -2 -10 -4
right_child=2 4 9 7 10 -7 -8 -9 12 -11 -12 -13 -14 -15
leaf_value=-0.010256867060146217 -0.0055320067997559706 0.0064161949509105483 0.018344906334657081 -0.0053426233175508497 0.0027046131704196869 -0.0044872989649120216 -0.01680240654444435 0.0015689347509488447 0.0069112445958026949 0.030386203167837696 0.023483952116626794 0.0048818516012498949 0.016761988491703683 0.024922467403734841
leaf_weight=7009.3438219055533 609.93741907179356 4461.6483530476689 659.95285804569721 5702.7492783069611 149.82084750384092 3233.8707763850689 4130.5883014723659 3338.4960892572999 549.85681078583002 3132.0145683139563 678.97342949360609 919.30288599431515 496.77394391596317 530.6658258959651
leaf_count=34633 3651 28131 6183 31695 910 21489 18276 22689 4067 36014 4940 6100 4037 5315
internal_value=-2.86148e-05 -0.00473713 0.0195339 -0.00826578 0.00360976 0.00182658 -0.0127022 -0.00278498 0.00523269 0.0280104 0.0198762 0.000680349 0.011758 0.0215097
internal_weight=35604 28705.5 6898.5 20181.2 8524.31 7695.52 11139.9 9041.25 2575.87 4322.63 828.794 1529.24 1046.63 1190.62
internal_count=228130 162763 65367 107293 55470 49620 52909 54384 17855 47512 5850 9751 8104 11498
is_linear=0
shrinkage=0.03


Tree=30
num_leaves=15
num_cat=0
split_feature=8 2 2 8 6 6 9 10 2 9 10 2 6 10
split_gain=5982.29 791.352 698.822 400.293 246.953 185.848 170.141 134.918 81.6414 77.8043 66.0891 64.4025 30.3356 13.0939
threshold=-1.0000000180025095e-35 9.657463987436099e-05 -8.1425772458409277e-05 -0.00029650828604649288 1.0005319066970972 0.00028925255088849166 0.00032771673608466217 0.00023007510027563954 0.00024595794607017326 0.00033817177392504461 0.0005031618703631725 -0.0002049386463074801 1.0010067560512887 -0.00051459259275539872
decision_type=8 10 8 10 10 10 10 10 10 10 10 10 10 10
left_child=3 2 11 4 6 9 -1 -4 13 -5 -7 -2 -6 -3
right_child=1 8 7 5 12 10 -8 -9 -10 -11 -12 -13 -14 -15
leaf_value=-0.021028835015929042 0.029414436006378605 0.016905141433755749 0.0016478625202618613 -0.010097759909857682 0.0038425375951216222 0 -0.011283335432084757 0.011833625208107108 0.03029032322830856 -0.0027000800127986225 0.010640116481945934 0.018940007110591635 0.021477345452659453 0.023440646887366478
leaf_weight=1874.7218736559153 1168.4477685838938 581.9952385276556 3841.2607966512442 2752.5735092759132 216.8296844959259 1607.5983364135027 12901.964026480913 1687.2899020537734 2371.9192101284862 2452.9354443848133 768.27658142149448 1243.7902617976069 158.14897030591965 1868.1905438899994
leaf_count=8576 12850 5859 25611 13927 1175 9423 60397 12739 27890 13076 4868 11293 876 19218
internal_value=0.000118371 0.0165495 0.0106935 -0.00910703 -0.0119235 -0.00346196 -0.0125372 0.0047831 0.0261383 -0.0066352 0.00346408 0.0241389 0.0118006 0.0219877
internal_weight=35495.9 12762.9 7940.79 22733 15151.7 7581.38 14776.7 5528.55 4822.1 5205.51 2375.87 2412.24 374.979 2450.19
internal_count=227778 115460 62493 112318 71024 41294 68973 38350 52967 27003 14291 24143 2051 25077
is_linear=0
shrinkage=0.03


Tree=31
num_leaves=15
num_cat=0
split_feature=11 2 3 3 2 3 9 3 2 9 12 11 12 12
split_gain=1875.75 844.471 793.571 615.315 613.41 939.393 314.727 211.123 154.309 140.991 91.4875 40.0538 30.5707 17.4579
threshold=0.00037492077240527521 7.8535572918900302e-05 -2.8248776371420037e-06 2.9910173937608454e-06 0.00014265913264208935 1.0000000180025095e-35 0.00020507423412147464 -0.00035704207953912676 -8.1425772458409277e-05 0.0005549667136506073 0.0019536122130446253 1.0000000180025095e-35 0.00064638441164317588 0.0039084897331574187
decision_type=10 10 10 10 8 10 10 10 10 8 10 10 10 10
left_child=4 3 13 12 6 9 11 -8 -5 -6 -4 -1 -2 -3
right_child=1 2 10 8 5 -7 7 -9 -10 -11 -12 -13 -14 -15
leaf_value=-0.012732104721880827 0.004264338716774535 -0.0054773541835052937 0.020791321960951663 -0.0097395418028763496 -0.017774909206041096 0.026401738631949955 0.010090585742936288 -0.00022272929451827279 0.0052735696599775774 -0.0096811306358116841 0.030132587800656752 -0.0048864941273046893 0.026056547418508151 -0.016966559013158258
leaf_weight=1706.1155738085508 74.751098863780499 574.09487754106522 2155.110296189785 1999.3500738441944 2997.1766345947981 587.67514235526323 2066.5615142583847 12712.044492311776 875.4094415307045 5816.3903202563524 2037.1906306147575 963.10420240461826 741.84935524314642 159.68545599281788
leaf_count=9020 509 2826 22212 10062 13246 6233 14917 77240 6006 26469 24864 5772 8073 736
internal_value=8.43418e-05 0.0122557 0.0203733 0.00138088 -0.00382304 -0.00999641 -0.000489447 0.00122122 -0.00514458 -0.0124574 0.0254058 -0.00995246 0.02421 -0.0082528
internal_weight=35466.5 8617.44 4926.08 3691.36 26849.1 9401.24 17447.8 14778.6 2874.76 8813.57 4192.3 2669.22 816.6 733.78
internal_count=228185 75288 50638 24650 152897 45948 106949 92157 16068 39715 47076 14792 8582 3562
is_linear=0
shrinkage=0.03


Tree=32
num_leaves=15
num_cat=0
split_feature=8 2 2 8 9 2 9 8 10 8 2 9 2 8
split_gain=5629.54 767.712 600.001 377.809 248.836 176.938 169.167 135.019 134.716 115.817 39.7255 45.5566 22.6236 11.7578
threshold=-1.0000000180025095e-35 0.00013339724033344823 -0.00011138149163409342 -0.00061885665492461539 0.00030655667481337725 6.0686953805668047e-05 0.00046413597441084413 -0.0017959832348634073 0.00084725636065940166 -0.00015722896124059635 0.00024227483602282446 0.00057055575034251061 -0.00023614390078791579 -0.00092498047259137451
decision_type=10 10 8 8 8 10 10 10 10 10 10 10 10 10
left_child=3 2 12 6 9 -4 13 -8 -6 -5 11 -3 -2 -1
right_child=1 10 5 4 8 -7 7 -9 -10 -11 -12 -13 -14 -15
leaf_value=-0.028487087551963879 0.029783542988335382 0.027806364709082924 0.0039801480434167938 -0.016197253094180918 -0.0040810888080205785 0.014986943033291235 -0.019019961774883503 -0.0096155269293750588 0.0077406425733621866 -0.0058782336166125406 0.030104312772317232 0.01654987685879172 0.021885537443306881 -0.020546371658409831
leaf_weight=436.29557704925537 959.29254112392664 870.98034246265888 4906.1527852714062 2303.1983769237995 8464.3930378854275 1804.4971645325422 1800.9195610880852 6266.7526734471321 954.18121936917305 1767.2425080537796 2312.9763417616487 679.90472334623337 956.73411156982183 888.43840968608856
leaf_count=1843 10975 9693 33657 10904 44386 15841 7906 28748 5548 9224 28546 7328 9470 3879
internal_value=4.59686e-05 0.0162388 0.0112274 -0.008794 -0.00556306 0.0069667 -0.0134169 -0.0117432 -0.00287014 -0.0117572 0.0273542 0.0230476 0.0260051 -0.0234004
internal_weight=35372 12490.5 8626.68 22881.4 13489 6710.65 9392.41 8067.67 9418.57 4070.44 3863.86 1550.89 1916.03 1324.73
internal_count=227948 115510 69943 112438 70062 49498 42376 36654 49934 20128 45567 17021 20445 5722
is_linear=0
shrinkage=0.03


Tree=33
num_leaves=15
num_cat=0
split_feature=8 12 6 12 6 6 12 12 9 9 9 6 6 8
split_gain=5208.94 1384.09 360.159 235.748 218.064 368.517 188.414 131.021 98.6032 89.4129 73.4033 70.2646 42.7881 25.5709
threshold=-1.0000000180025095e-35 0.0008143569422607922 0.00040399140182234404 0.00083647407855511155 1.0006492107958309 0.51690718811834879 0.00034876216467828253 0.0019536122130446253 0.00064620214222943734 0.00048893350100104934 0.00027482842885590041 0.00025261382574203378 1.000151928767586 -0.0016293801181425092
decision_type=10 10 10 10 10 10 10 10 10 10 10 10 10 10
left_child=2 6 3 10 5 -4 11 8 -3 -5 -1 -2 -8 -6
right_child=1 7 4 9 13 -7 12 -9 -10 -11 -12 -13 -14 -15
leaf_value=-0.010046617255684178 -0.0033128685150789045 0.025061460544507221 0.0027753533879110418 -0.016808962779445949 1.185522674235249e-05 -0.013106767411776405 0.009564497973692368 0.029994147890249206 0.013918440825039095 -0.011085478832839796 -0.0029549284256701596 0.0058099825673573 0.021473393573899168 0.021669859282241234
leaf_weight=2092.598139166832 1903.0254128724337 2112.5356130152941 3283.9814374297857 3898.4672976732254 63.081086486577988 2175.1422019153833 2453.6330096200109 3112.1575605347753 1200.2368801981211 7381.5002360343933 3631.8753330260515 1249.3232636228204 317.865334674716 356.60104350745678
leaf_count=10414 11782 22429 17943 17445 317 11529 18855 38544 12463 32966 19368 8755 2744 2167
internal_value=0.000122398 0.0158193 -0.00834893 -0.0105617 -0.00193131 -0.00355417 0.0053326 0.0254556 0.0210964 -0.013082 -0.00557078 0.000290621 0.0110242 0.0186302
internal_weight=35232 12348.8 22883.2 17004.4 5878.81 5459.12 5923.85 6424.93 3312.77 11280 5724.47 3152.35 2771.5 419.682
internal_count=227721 115572 112149 80193 31956 29472 42136 73436 34892 50411 29782 20537 21599 2484
is_linear=0
shrinkage=0.03


Tree=34
num_leaves=15
num_cat=0
split_feature=8 12 12 6 9 12 9 6 12 9 6 6 8 6
split_gain=4951.51 1418.02 351.643 202.548 192.531 176.041 159.882 154.914 145.571 107.797 68.3377 49.6248 43.0708 30.3369
threshold=-1.0000000180025095e-35 0.00077098877480004304 0.0010968310283711506 1.0005319066970972 0.00025979578419963253 0.0002873286866989322 0.0005864683158163243 0.00042086515574809186 0.0019753989825419507 0.00067891201686787292 0.0002250946565887031 2.5519478918039125e-05 -6.8287601758920666e-05 1.0010067560512887
decision_type=10 10 10 10 8 10 10 8 10 10 10 10 10 10
left_child=2 5 4 6 12 10 -4 -6 9 -3 -2 -7 -1 -5
right_child=1 8 3 13 7 11 -8 -9 -10 -11 -12 -13 -14 -15
leaf_value=-0.013211747396517088 -0.0052171308415222854 0.024365796516661639 -0.016417084512819917 0.0027340370797259658 -0.0040274506299332958 0.0015837855725910552 -0.0094531555872004267 0.0059032401363768288 0.029911352791359577 0.012823119214534067 0.0044389209742919144 0.011340183072133293 -0.0043022773571245792 0.021171191659092533
leaf_weight=1876.5111964344978 1555.9347188919783 2333.2479907721281 4721.8990257680416 191.71234278380871 5025.7669111192226 605.58798579871655 8385.7217792868614 1952.9660402834415 3005.9032450690866 1155.7305503115058 1125.7541697323322 2398.3447720706463 706.58722843229771 145.34230948984623
leaf_count=9163 9481 25032 21045 1014 26211 4333 38610 11926 38178 12091 7831 18547 3654 802
internal_value=-6.41893e-05 0.0153932 -0.00825365 -0.0113826 -0.00384049 0.00442759 -0.011977 -0.00123534 0.0249617 0.020607 -0.00113987 0.009405 -0.0108238 0.0112382
internal_weight=35187 12180.5 23006.5 13444.7 9561.83 5685.62 13107.6 6978.73 6494.88 3488.98 2681.69 3003.93 2583.1 337.055
internal_count=227918 115493 112425 61471 50954 40192 59655 38137 75301 37123 17312 22880 12817 1816
is_linear=0
shrinkage=0.03


Tree=35
num_leaves=15
num_cat=0
split_feature=4 12 11 6 6 2 6 2 12 12 6 4 6 6
split_gain=2738.95 752.151 718.767 343.887 233.741 210.056 154.343 116.795 97.0431 51.2352 50.1852 33.7719 30.1818 7.85201
threshold=-1.0000000180025095e-35 0.00084701780443393237 -0.00062574776426832545 1.0005319066970972 0.00067633060075387519 -8.1425772458409277e-05 0.51690718811834879 0.0002976166080435548 0.0004126961967242789 0.0017176095992762679 0.00024858457687542513 -0.0023663165940717153 0.00018469208594356926 0.00036841980377769629
decision_type=8 8 10 10 10 10 10 10 10 8 10 10 10 10
left_child=2 8 4 5 7 -4 -6 -1 10 13 -2 -5 -10 -3
right_child=1 9 3 11 6 -7 -8 -9 12 -11 -12 -13 -14 -15
leaf_value=-0.0084066712563084789 -0.0050591757687679598 0.018917206243536731 -0.0071577352834872477 0.0075897337728583992 0.010058852125939067 0.00094168161243307321 -0.015438662314129345 -0.01504844369165995 0.0064190454127466285 0.030289471868451465 0.0074736142338994978 0.02343210647801855 0.017014318806812388 0.025478550419619318
leaf_weight=6389.500878714025 786.19063601642847 736.14708057790995 3659.0913493707776 184.85859682410955 824.22356647998095 13391.649541541934 276.40162376314402 3933.1236126944423 526.17970339208841 2245.4067015945911 439.20149026066065 569.12369602918625 521.50080957263708 607.13617714494467
leaf_count=30852 4971 7986 20127 1207 4682 86121 1462 16940 4150 30013 3189 4449 4595 7084
internal_value=6.97391e-05 0.0187691 -0.00368357 8.23316e-05 -0.00955343 -0.000796114 0.00352025 -0.0109552 0.00520088 0.0273082 -0.000494507 0.0197767 0.0118608 0.0220935
internal_weight=35089.7 5861.76 29228 17804.7 11423.2 17050.7 1100.63 10322.6 2273.07 3588.69 1225.39 753.982 1047.68 1343.28
internal_count=227828 61988 165840 111904 53936 106248 6144 47792 16905 45083 8160 5656 8745 15070
is_linear=0
shrinkage=0.03


Tree=36
num_leaves=15
num_cat=0
split_feature=8 12 12 6 6 12 12 6 6 12 8 6 6 6
split_gain=4647.85 1278.25 309.01 264.621 168.13 156.598 129.445 113.928 248.125 76.2404 63.3844 58.2621 40.7908 29.7162
threshold=-1.0000000180025095e-35 0.00080343445307462416 0.0018918735531231576 0.00042086515574809186 0.51690718811834879 0.00034876216467828253 0.0019536122130446253 0.00086713053441019863 0.51690718811834879 0.00029641027549795663 -0.0018981022465388573 1.0003189616527097 1.000151928767586 0.00067633060075387519
decision_type=10 10 10 8 8 10 10 10 10 10 10 10 10 10
left_child=2 5 3 9 -5 11 13 10 -9 -1 -4 -2 -7 -3
right_child=1 6 7 4 -6 12 -8 8 -10 -11 -12 -13 -14 -15
leaf_value=-0.0022949304140592857 -0.00038419832705851345 0.017898805446743358 -0.019977509266182674 0.0092514731486077369 -0.0042490339767068943 0.0090588221494090557 0.029517903374208079 0.01072208837149582 -0.014106470835511429 -0.0085353218899761225 -0.012403411122239135 0.01799993196824165 0.021142102952057207 0.024532598711823183
leaf_weight=2251.2373384237289 2967.3187976777554 2010.8009036108851 1270.7476149201393 1626.0888196229935 1670.2610132992268 2358.9916106536984 2917.9217401072383 575.55528435111046 936.12129704654217 8764.7271399199963 6010.7377318888903 153.46346275508404 291.57288727909327 1203.6911328956485
leaf_count=11942 19197 21363 5371 9691 9487 18359 38619 2915 4530 42159 26330 1164 2590 13888
internal_value=7.38449e-05 0.0152971 -0.00776967 -0.00503744 0.00240046 0.00513628 0.0248259 -0.0121992 -0.00460548 -0.00726871 -0.013759 0.000555277 0.0104851 0.0204699
internal_weight=35009.2 11903.8 23105.5 14312.3 3296.35 5771.35 6132.41 8793.16 1511.68 11016 7281.49 3120.78 2650.56 3214.49
internal_count=227605 115180 112425 73279 19178 41310 73870 39146 7445 54101 31701 20361 20949 35251
is_linear=0
shrinkage=0.03


Tree=37
num_leaves=15
num_cat=0
split_feature=8 11 10 6 6 6 10 8 6 9 9 4 4 11
split_gain=4346 593.233 306.9 290.052 241.791 347.629 237.608 198.961 196.53 71.9038 69.6845 41.2888 39.4558 22.5536
threshold=-1.0000000180025095e-35 0.00085729113894784318 0.00032758083494247736 0.00049389320920225016 0.51690718811834879 1.0004452950692888 -0.00019871415079158658 -0.00031963330895745651 0.00090010988123156337 0.00034163566926273206 0.00020101790300822037 -0.00097164742413574634 -0.00016119018103621927 0.0022220835368645599
decision_type=10 10 10 10 10 10 8 10 10 8 10 10 10 10
left_child=3 2 6 7 8 -6 -2 9 -5 -1 -9 -3 -4 -13
right_child=1 11 12 4 5 -7 -8 10 -10 -11 -12 13 -14 -15
leaf_value=-0.017234148469329819 0.011835341943463057 0.015736999137054609 0.014205001090914935 -0.00093674476812660354 -0.01380235895876513 0.011163610706696744 -0.00053279590155966511 -0.011244380156656584 0.016324094001004801 -0.010521899035220826 -0.0033619658619760922 0.02357107523874102 0.022200330130306079 0.029907603687386104
leaf_weight=1755.1148945987225 3292.5419581755996 437.18219595402479 1091.1646177470684 1571.8843097984791 1964.2933907061815 662.09968036413193 2407.062382593751 1265.6861828416586 937.24933041632175 9833.0794443339109 5150.4346376508474 1602.9195618107915 1560.2036723569036 1432.6661819517612
leaf_count=7686 28503 5241 9660 8688 10198 3879 16156 6186 5178 43489 27003 19522 16555 20225
internal_value=0.000144535 0.0149354 0.0105681 -0.00741376 -0.00110886 -0.00746734 0.00660972 -0.00920721 0.00552617 -0.0115577 -0.00494132 0.0253598 0.0189982 0.0266697
internal_weight=34963.6 11823.7 8350.97 23139.8 5135.53 2626.39 5699.6 18004.3 2509.13 11588.2 6416.12 3472.77 2651.37 3035.59
internal_count=228169 115862 70874 112307 27943 14077 44659 84364 13866 51175 33189 44988 26215 39747
is_linear=0
shrinkage=0.03


Tree=38
num_leaves=15
num_cat=0
split_feature=8 12 12 6 12 6 12 9 12 9 6 9 8 6
split_gain=4064.96 1287.58 302.866 282.429 178.147 165.911 135.882 127.734 119.362 103.076 87.2062 81.6782 38.9558 35.0316
threshold=-1.0000000180025095e-35 0.0008143569422607922 0.0024793681200968661 0.00042086515574809186 0.00038573324467794503 0.51690718811834879 0.0019536122130446253 0.0007918899852550099 0.0059620133988414837 0.0008165749414119133 0.00025261382574203378 0.00033484249491675435 -0.0015936959461620435 1.000151928767586
decision_type=10 10 10 8 10 8 10 10 10 10 10 10 10 10
left_child=2 4 3 11 10 -5 9 12 -9 -3 -2 -1 -4 -6
right_child=1 6 7 5 13 -7 -8 8 -10 -11 -12 -13 -14 -15
leaf_value=-0.010388168820219208 -0.0039001185604434344 0.022855448269487915 -0.028842896284335402 0.0082415958235846579 0.0092332198199552799 -0.0041332133588917706 0.029301619594750861 -0.0063325056302920334 -0.01752603467436362 0.0093844695113473233 0.005947042431045887 -0.0053605086890153664 -0.016708063827342773 0.020906350714274928
leaf_weight=4592.0549269467592 2036.7015427574515 2378.1937987729907 313.54946652054787 1941.8122597038746 2157.6055600345135 1933.1792534887791 2801.6793263182044 3034.7824697643518 1215.5785005837679 697.75663456320763 1328.9022207260132 8304.5514487028122 1891.6008979827166 271.2921499684453
leaf_count=21795 12690 27192 1302 11386 17276 10728 38767 13698 5278 7658 9554 40225 8081 2511
internal_value=9.10744e-05 0.0145288 -0.00716472 -0.00502829 0.00446807 0.00205778 0.0244125 -0.0126896 -0.0095815 0.0198594 0 -0.007162 -0.018583 0.010642
internal_weight=34899.2 11672.1 23227.1 16771.6 5794.5 3874.99 5877.63 6455.51 4250.36 3075.95 3365.6 12896.6 2205.15 2428.9
internal_count=228141 115648 112493 84134 42031 22114 73617 28359 18976 34850 22244 62020 9383 19787
is_linear=0
shrinkage=0.03


Tree=39
num_leaves=15
num_cat=0
split_feature=8 11 8 10 10 9 8 10 8 10 10 4 5 10
split_gain=3941.5 596.972 286.354 267.596 179.837 169.405 254.664 89.2389 72.3488 54.7985 38.3929 23.8337 11.378 6.46114
threshold=-1.0000000180025095e-35 0.0008836237385254636 -0.00021469567330961722 0.00043976050241178809 -0.00026506673643539091 0.00046413597441084413 -0.0011694487036373877 0.00047872281600368536 -0.00063892544214827474 -0.00044390958244423486 0.00043976050241178809 -0.00014588551923538914 -0.00074146228640428735 0.00095263819357150963
decision_type=10 10 8 10 8 10 10 10 10 10 10 10 10 10
left_child=2 3 5 4 -2 8 -7 9 -1 -4 12 -5 -3 -9
right_child=1 10 7 11 -6 6 -8 13 -10 -11 -12 -13 -14 -15
leaf_value=-0.019867630305828176 0.012542997329231141 0.012730979083851393 0.0044845831178864492 0.01507824859811225 0.0022581417749460218 -0.013203495814806518 -0.0039945411279886022 0.0061775172850933617 -0.0114103222918857 -0.0040859322503087108 0.028794587874034508 0.022383017304420355 0.022550530732902852 0.013297577962262526
leaf_weight=1260.5125179439783 2810.7981583997607 196.78791945427656 782.01641345024109 888.60706381499767 3393.8919524997473 4027.7742824405432 8308.9180202335119 613.52785143256187 3893.2539490312338 4254.9047337323427 1662.0975991860032 1199.0301623567939 1389.4743678867817 180.42693983018398
leaf_count=5308 25532 2415 4565 8273 24085 17504 40184 3687 18044 22205 23683 13765 17914 1200
internal_value=7.01172e-05 0.0144041 -0.00702371 0.0101006 0.00693964 -0.00894276 -0.00701427 -0.00125155 -0.0135249 -0.00273716 0.0253069 0.019389 0.0214573 0.00801546
internal_weight=34862 11540.7 23321.3 8292.33 6204.69 17490.5 12336.7 5830.88 5153.77 5036.92 3248.36 2087.64 1586.26 793.955
internal_count=228364 115667 112697 71655 49617 81040 57688 31657 23352 26770 44012 22038 20329 4887
is_linear=0
shrinkage=0.03


Tree=40
num_leaves=15
num_cat=0
split_feature=8 12 12 9 8 12 12 9 12 9 12 9 12 9
split_gain=3712.78 1258.83 246.535 208.144 152.592 152.512 143.219 129.057 102.981 84.8315 58.3035 56.1973 48.0353 43.2793
threshold=-1.0000000180025095e-35 0.00077098877480004304 0.0024793681200968661 0.00049609507481803707 -0.00012495274319340718 0.0016306819749303098 0.00016113426974090993 0.00098275811591225812 0.0052771188255088843 0.00059040241890734779 0.0043734757799929495 0.000885306646754423 0.00048670587109766089 0.00026732675631175093
decision_type=10 10 10 8 10 10 10 10 10 10 10 8 10 10
left_child=2 6 3 4 -1 9 13 10 -9 -3 -4 -5 -8 -2
right_child=1 5 7 11 -6 -7 12 8 -10 -11 -12 -13 -14 -15
leaf_value=-0.010436535660635396 -0.0091378900735730479 0.022542589996269596 -0.01390293398797573 -0.0031145920391200061 -0.0016470751219143543 0.02807967502586934 0.0041693721485672498 -0.0029446942517493426 -0.013730918394102187 0.011090734495216954 -0.024220834360136789 0.0023060277564613848 0.011058971544944013 0.00055004099624450335
leaf_weight=6557.3427605777979 707.07065556943417 1543.9833369329572 2547.932645842433 5250.6105419695377 2466.7951684296131 3272.6899653747678 2379.2988915517926 1886.3651024699211 1402.0099161863327 1030.8110159784555 667.09305739402771 2537.714371830225 1534.8107248842716 957.34301406890154
leaf_count=30769 4214 17639 10951 26681 13019 46565 16823 8604 6071 11231 2780 13573 12897 6403
internal_value=-8.28074e-06 0.0139923 -0.00687496 -0.00494513 -0.00804501 0.0237083 0.00377299 -0.0118394 -0.00758932 0.0180417 -0.0161309 -0.00133997 0.00690753 -0.00355971
internal_weight=34741.9 11426 23315.9 16812.5 9024.14 5847.48 5578.52 6503.4 3288.38 2574.79 3215.03 7788.32 3914.11 1664.41
internal_count=228220 115772 112448 84042 43788 75435 40337 28406 14675 28870 13731 40254 29720 10617
is_linear=0
shrinkage=0.03


Tree=41
num_leaves=15
num_cat=0
split_feature=4 12 6 11 2 3 3 12 2 3 6 12 6 6
split_gain=2087.56 764.575 546.861 305.544 211.987 183.68 172.783 84.1222 72.9421 60.1094 44.1045 43.7814 21.1186 7.26201
threshold=-2.4531710742514697e-05 0.00090227686037154683 0.00049389320920225016 -0.00062574776426832545 -5.501786657043894e-05 2.9910173937608454e-06 0.00023035517283620543 0.00044947568294258266 0.00029266774026407832 0.00011901040021911176 0.00021425290634631124 0.0017176095992762679 0.0001665539898766651 0.00031456179866155886
decision_type=8 8 10 10 10 10 10 10 8 10 10 8 10 10
left_child=2 7 3 8 5 -4 -6 10 -1 -5 -2 13 -9 -3
right_child=1 11 4 9 6 -7 -8 12 -10 -11 -12 -13 -14 -15
leaf_value=-0.0074057730571657383 -0.0032224750003640662 0.017742878068038526 0.020204714598574515 -0.003830956272762739 0.0039726398249867213 -0.0055486246681442615 0.016806973019102649 0.0066179192815019267 -0.012736186390545953 0.00077085530336285044 0.0067289227255189774 0.029436331781203695 0.015651407863176668 0.024534319951598171
leaf_weight=6084.7477168366313 1048.8005393519998 604.49033048003912 267.79996272176504 7831.4095465242863 3217.3373844921589 2378.6260378956795 1343.1197061911225 512.03254329413176 3901.0841628164053 3755.6354433149099 633.43618870526552 1968.1230586692691 528.73543299734592 550.38926559686661
leaf_count=28701 6455 7253 2717 42601 19508 12414 14113 4379 16431 26245 4611 30235 5111 7163
internal_value=5.0841e-05 0.0163806 -0.00326865 -0.00565939 0.00387732 -0.00285373 0.00779416 0.00470706 -0.00950482 -0.00233485 0.000506829 0.0264922 0.0113695 0.0212139
internal_weight=34625.8 5846.01 28779.8 21572.9 7206.88 2646.43 4560.46 2723 9985.83 11587 1682.24 3123 1040.77 1154.88
internal_count=227937 65207 162730 113978 48752 15131 33621 20556 45132 68846 11066 44651 9490 14416
is_linear=0
shrinkage=0.03


Tree=42
num_leaves=15
num_cat=0
split_feature=4 12 6 11 6 6 12 3 9 10 12 4 9 10
split_gain=1976.49 761.503 492.805 236.824 202.627 265.217 94.5861 88.4904 71.1495 53.0914 43.2911 41.685 31.3348 10.7916
threshold=-2.4531710742514697e-05 0.00091383969124142364 0.00042086515574809186 -0.00062574776426832545 1.0005670613242652 0.51690718811834879 0.00045888596379748862 0.0001411247270417528 0.00032080200026329071 0.00018674340836220748 0.0016651457308823725 -0.0024613723505606529 0.00051051465817910182 -0.00069609042266757825
decision_type=10 10 10 10 10 10 10 10 10 10 10 10 10 10
left_child=2 6 3 8 5 -4 9 -5 -1 -2 13 -6 -8 -3
right_child=1 10 4 7 11 -7 12 -9 -10 -11 -12 -13 -14 -15
leaf_value=-0.014615784253850683 -0.0031605741312897553 0.0090152854645335293 0.0068263223291486468 -0.0042821938112505842 0.0059749726083609712 -0.0047179090998058747 0.015228074395932323 0.0015645567699048781 -0.0077631960748837901 0.0082846432023522612 0.029287938579255317 0.022983016380943418 0.0037001819457172453 0.021947106502256411
leaf_weight=1694.3316574767232 1203.6206052973866 99.923977471888065 4035.2282331436872 7874.0904966965318 198.6030937731266 3199.943847976625 714.68238288164139 3282.7404109463096 7950.1741865202785 511.04181530326605 1970.3803507126868 509.2877403870225 333.04715371131897 959.18257726728916
leaf_count=7415 7563 1208 26262 42548 1283 21724 6517 23164 35858 3742 30984 4171 3186 12169
internal_value=0.000104894 0.0160791 -0.00311622 -0.0055439 0.00323284 0.00171284 0.00463346 -0.00255664 -0.00898715 0.000244052 0.0264462 0.0184446 0.01169 0.0208789
internal_weight=34536.3 5791.88 28744.4 20801.3 7943.06 7235.17 2762.39 11156.8 9644.51 1714.66 3029.49 707.891 1047.73 1059.11
internal_count=227794 65369 162425 108985 53440 47986 21008 65712 43273 11305 44361 5454 9703 13377
is_linear=0
shrinkage=0.03


Tree=43
num_leaves=15
num_cat=0
split_feature=4 12 6 12 4 6 6 9 6 10 10 12 9 6
split_gain=1891.8 744.333 475.148 211.212 316.929 196.339 355.605 151.181 145.563 86.4167 39.6035 35.831 49.6786 18.7819
threshold=-2.4531710742514697e-05 0.00091383969124142364 0.00060742464435797428 0.0025395301474303608 -0.00089383706536205743 0.51690718811834879 1.0003556065008685 0.0010738035313328611 4.2383776997449763e-05 0.00018674340836220748 -0.0001391820305041648 0.0019536122130446253 0.00067891201686787292 0.00018469208594356926
decision_type=10 10 8 10 10 8 10 10 10 10 8 10 10 10
left_child=2 9 3 8 -5 7 -7 -4 -1 10 -2 12 -3 -11
right_child=1 11 5 4 -6 6 -8 -9 -10 13 -12 -13 -14 -15
leaf_value=-0.0068669495778435905 0.0041242221885308796 0.025688854449293051 0.020670792944662914 -0.011694729010500079 0.028759733250598985 -0.0058810374521889091 0.013613884613890933 0.0050105998009187464 -0.0012183300030052264 0.0051721240855751001 -0.0050931723415437967 0.029610313656459802 0.011725135451702073 0.01453222800241968
leaf_weight=6756.4577946960926 1066.0339390039444 952.193653780967 904.51449386030436 5070.0428728610277 170.36792798340321 2713.578830704093 1208.9274247661233 1469.4926931485534 10540.272065639496 324.61826682090759 675.72634048759937 1639.879150994122 360.34135187417269 666.41019187867641
leaf_count=34549 8149 12764 6088 22647 2265 18258 9002 9752 60153 2560 4167 26745 4705 5980
internal_value=0.000116188 0.0159185 -0.00300195 -0.00503838 -0.0103158 0.00427395 0.000131435 0.0110641 -0.00343096 0.00458136 0.000505366 0.0263411 0.0220183 0.0116085
internal_weight=34518.9 5685.2 28833.7 22537.1 5240.41 6296.51 3922.51 2374.01 17296.7 2732.79 1741.76 2952.41 1312.54 991.028
internal_count=227784 65070 162714 119614 24912 43100 27260 15840 94702 20856 12316 44214 17469 8540
is_linear=0
shrinkage=0.03


Tree=44
num_leaves=15
num_cat=0
split_feature=8 12 8 12 9 8 9 10 8 12 9 12 9 8
split_gain=3129.37 1140.67 248.949 218.557 183.828 120.298 113.391 103.782 91.491 70.5945 73.7285 62.5659 56.8888 23.8349
threshold=-1.0000000180025095e-35 0.001071697165373001 -0.0008942850886344832 0.0004126961967242789 0.00039907457604072144 -0.00012495274319340718 0.00078572758674366945 0.0012343856534100051 -0.0018981022465388573 0.0019536122130446253 0.0008293136889302267 3.3376453649835904e-05 0.00057055575034251061 -0.001559364469508717
decision_type=10 10 10 10 10 10 10 10 10 10 10 10 10 10
left_child=2 3 6 11 5 -4 13 -6 -8 10 -3 -2 -5 -1
right_child=1 9 4 12 7 -7 8 -9 -10 -11 -12 -13 -14 -15
leaf_value=-0.024548454648833866 -0.0081217671492235521 0.02382930326685076 -0.01048396736864452 0.014146031245306364 -0.0022721269377865387 -0.0017748606572374069 -0.014043587316079501 0.010852412131592565 -0.0048510948914871942 0.028613390295542208 0.0097448682512947197 0.0022016678714269745 0.0052508501385337128 -0.015104146941377041
leaf_weight=343.02315212786198 635.36986342072487 1475.5004152320325 4811.4070395380259 2055.7031691372395 9627.8923542797565 2059.70075301826 1542.8222357034683 563.52963046729565 2751.7575240582228 2488.4783682860434 478.91031312942505 2893.7119535580277 1003.9602093845606 1761.8315893411636
leaf_count=1406 3907 19193 22153 18782 48758 10675 6616 3199 12333 38934 5747 19699 9460 7413
internal_value=0.000194232 0.0133667 -0.00599985 0.00541878 -0.00409753 -0.0078884 -0.0110482 -0.0015306 -0.00819238 0.0251012 0.0204758 0.000308404 0.0112734 -0.0167804
internal_weight=34493.6 11031.6 23462 6588.75 17062.5 6871.11 6399.43 10191.4 4294.58 4442.89 1954.41 3529.08 3059.66 2104.85
internal_count=228275 115722 112553 51848 84785 32828 27768 51957 18949 63874 24940 23606 28242 8819
is_linear=0
shrinkage=0.03


Tree=45
num_leaves=15
num_cat=0
split_feature=4 12 11 6 6 6 12 4 10 10 12 4 9 10
split_gain=1691.51 720.387 449.421 248.778 146.68 132.852 88.2843 84.676 83.6847 58.4303 46.8556 33.2752 32.7151 7.61039
threshold=-2.4531710742514697e-05 0.00090227686037154683 -0.00048604593284926615 1.0005319066970972 0.00069577525104016406 0.51690718811834879 0.0043734757799929495 -0.0011592671679130915 0.00018674340836220748 -0.00010089440681434179 0.0017176095992762679 -0.0024613723505606529 0.00034490565171768026 -0.00044390958244423486
decision_type=8 8 10 10 10 10 10 10 10 8 8 10 10 10
left_child=2 8 4 7 6 -6 -1 -4 9 -2 13 -5 -10 -3
right_child=1 10 3 11 5 -7 -8 -9 12 -11 -12 -13 -14 -15
leaf_value=-0.0069024344375258695 0.0039954940779665252 0.01393431243004249 -0.0040522670589043979 0.0055425013794744302 0.0094654075320592702 -0.013043822171780168 -0.014349398868278605 0.0010324567006227184 0.017935275450305193 -0.0076728669901018239 0.028940776206294167 0.021586546191018956 0.0062882660735925225 0.02196542206206277
leaf_weight=9733.6213620305061 1144.0409127101302 264.48906892538071 3935.3614002466202 173.04264881461859 832.57374329864979 316.73289297521114 1709.7081312015653 11627.436488889158 382.11930631846189 570.39864882081747 1786.813766296953 530.7383725643158 581.18226830661297 817.03372475504875
leaf_count=45279 8623 3394 24003 1155 4900 1670 7189 74245 3238 3487 30325 4433 5137 11060
internal_value=0.000163785 0.0153238 -0.00275184 0.000539098 -0.00700473 0.00315142 -0.00803186 -0.00025124 0.00408072 5.66225e-05 0.0257483 0.0178587 0.0111068 0.020202
internal_weight=34405.3 5546.08 28859.2 16266.6 12592.6 1149.31 11443.3 15562.8 2677.74 1714.44 2868.34 703.781 963.302 1081.52
internal_count=228138 65264 162874 103836 59038 6570 52468 98248 20485 12110 44779 5588 8375 14454
is_linear=0
shrinkage=0.03


Tree=46
num_leaves=15
num_cat=0
split_feature=8 12 12 6 6 12 12 9 9 8 8 6 6 9
split_gain=2908.14 1108.59 229.035 202.118 195.048 182.022 92.936 89.2502 85.7263 84.8063 81.6931 62.5059 44.4573 23.1155
threshold=-1.0000000180025095e-35 0.0009967921693720377 0.0025395301474303608 0.00048394180544877532 0.51690718811834879 0.00038573324467794503 0.0019322725066306748 0.0007918899852550099 0.0008293136889302267 -0.00012803577140391151 -0.0018981022465388573 1.0003189616527097 1.000151928767586 0.00041287363569151236
decision_type=10 10 10 8 8 10 10 10 10 10 10 10 10 10
left_child=2 5 3 9 -5 11 8 13 -3 -1 -9 -2 -7 -4
right_child=1 6 7 4 -6 12 -8 10 -10 -11 -12 -13 -14 -15
leaf_value=-0.0069272580879463268 -0.00095377191094603493 0.022810855398652179 -0.023550042777230967 0.010189439302091886 -0.00391512250214591 0.0087796419989698594 0.028440168676349943 -0.013702774954279318 0.0082060604559752014 -0.0010598225661862777 -0.0049349823346713116 0.017754968517751768 0.020576588916391296 -0.014181300928595595
leaf_weight=10734.309746533632 3182.4207325354218 1596.7636232674122 330.64644934237003 1570.0598314553499 1982.6770086735487 2633.1886253431439 2407.5744803212583 1520.252294048667 505.16794903203845 2830.2008876204491 2697.369076192379 159.24074205011129 333.11033349484205 1798.3817972540855
leaf_count=49663 20941 21073 1350 9416 10920 23379 39153 6490 6071 14867 12065 1299 3485 7537
internal_value=7.59479e-05 0.0129395 -0.0058549 -0.00404037 0.00231237 0.00479369 0.0242848 -0.0107253 0.0193847 -0.00570914 -0.00813448 0 0.0101893 -0.0157676
internal_weight=34281.4 10817.5 23463.9 17117.2 3552.74 6307.96 4509.51 6346.65 2101.93 13564.5 4217.62 3341.66 2966.3 2129.03
internal_count=227709 115401 112308 84866 20336 49104 66297 27442 27144 64530 18555 22240 26864 8887
is_linear=0
shrinkage=0.03


Tree=47
num_leaves=15
num_cat=0
split_feature=4 12 11 2 3 3 12 11 4 12 12 12 3 0
split_gain=1531.33 657.5 351.206 139.121 417.645 220.186 121.122 67.4739 38.9916 31.5699 14.5811 13.0517 7.1264 2.07943
threshold=-1.0000000180025095e-35 0.0009967921693720377 -0.00062574776426832545 -8.1425772458409277e-05 0.00021408912184828229 -2.8248776371420037e-06 0.00048670587109766089 -0.0046477947965272827 -0.00019792794242406983 0.0019536122130446253 5.0850518457931212e-05 0.0059620133988414837 0.0002651997917735304 -1.0000000180025095e-35
decision_type=10 10 10 10 10 10 10 8 10 10 10 10 10 2
left_child=2 6 7 5 -5 -4 10 11 -9 13 -2 -1 -8 -3
right_child=1 9 3 4 -6 -7 12 8 -10 -11 -12 -13 -14 -15
leaf_value=-0.0092123031439227329 -0.0079400930489037461 0.015929411581984312 0.015863229373808591 -0.0011788648977141825 0.011373278822942258 -0.0070916288763633326 0.012675296988946295 -0.0056969024487199104 0.0091835138712288468 0.029365718662079179 0 -0.014650335660472948 0 0.02282310254977284
leaf_weight=1164.2530759721994 244.30284198373556 235.11552935093641 409.02205604687333 10555.910352878273 3069.6448967792094 3598.8405757620931 964.2852031365037 9462.6583752781153 149.51286004856229 1475.0065713226795 1147.1339808925986 827.46828915178776 47.715556614100933 828.58924311771989
leaf_count=4940 1512 3164 4334 59605 30360 17659 9656 44122 1151 26618 8119 3507 530 12235
internal_value=0.000147903 0.0155769 -0.00246253 0.000202022 0.00165082 -0.00470039 0.00427067 -0.00651347 -0.00544991 0.0261984 -0.00144088 -0.0115634 0.0121197 0.0215178
internal_weight=34179.5 4942.15 29237.3 17633.4 13625.6 4007.86 2403.44 11603.9 9612.17 2538.71 1391.44 1991.72 1012 1063.7
internal_count=227512 61834 165678 111958 89965 21993 19817 53720 45273 42017 9631 8447 10186 15399
is_linear=0
shrinkage=0.03


Tree=48
num_leaves=15
num_cat=0
split_feature=8 2 2 8 6 10 6 6 8 2 10 4 2 4
split_gain=2604.24 651.98 432.798 224.69 164.354 137.541 103.019 94.5464 55.7471 32.7722 25.701 25.5981 20.7189 17.8939
threshold=-9.6658820752937285e-06 0.00014506093648829549 -0.00012933646035715452 -0.00058714520786767855 9.5761189080185286e-05 0.00023945182222227679 1.0007010841496093 1.0006492107958309 -0.0018981022465388573 0.00024595794607017326 -0.00057312402284167554 -0.0017711812108942013 -0.0002049386463074801 -0.0031270837023800175
decision_type=10 10 8 8 8 10 10 10 10 10 10 10 10 10
left_child=3 2 12 6 10 -4 8 -6 -1 11 -5 -3 -2 -8
right_child=1 9 5 4 7 -7 13 -9 -10 -11 -12 -13 -14 -15
leaf_value=-0.014640306130287384 0.026938663804668663 0.0010663858452548912 0.0019928391532317204 0.0011749590791286461 -0.00060915762806030844 0.011012252429062201 0.0005453315005662727 0.020558843988099807 -0.0084451513351591311 0.027809500720487643 -0.0073083405905943304 0.021297737229172189 0.017608460621410485 0.019489107625665782
leaf_weight=1614.3171050846577 817.04445762559772 67.361955814063549 4814.7667798623443 325.86636871099472 6992.5143243223429 2234.2318561896682 83.284560814499855 185.18588554114103 8353.4708408713341 1612.5094866901636 5480.0900464653969 1010.4746504351497 486.80952092632651 110.26745565235615
leaf_count=6801 12817 766 35448 1551 37116 20383 429 1315 36636 28093 25770 14473 5860 609
internal_value=1.91786e-05 0.0120014 0.00783663 -0.00569804 -0.0030724 0.00487166 -0.00904075 -2.6829e-05 -0.00946816 0.0248329 -0.00682069 0.0201099 0.0236613 0.0120597
internal_weight=34188.2 11043.2 8352.85 23145 12983.7 7049 10161.3 7177.7 9967.79 2690.35 5805.96 1077.84 1303.85 193.552
internal_count=228067 117840 74508 110227 65752 55831 44475 38431 43437 43332 27321 15239 18677 1038
is_linear=0
shrinkage=0.03


Tree=49
num_leaves=15
num_cat=0
split_feature=8 12 6 12 6 12 12 9 9 10 6 12 12 6
split_gain=2442.81 1079.03 202.135 169.71 139.579 135.063 124.565 76.0486 63.8317 46.3853 45.7834 24.3622 20.9189 10.129
threshold=-1.0000000180025095e-35 0.0008143569422607922 1.0007010841496093 0.0032420515907949613 0.00016103772869036155 0.0014795995572626066 0.00021981207946513074 0.00048210400138913611 0.00098275811591225812 0.00027666839514158405 0.0002006004942987167 0.0038409100850015291 0.002600077568207999 1.0009118180188745
decision_type=10 10 10 8 10 10 10 10 8 10 10 10 10 10
left_child=2 6 3 4 -1 7 10 -3 -5 -8 -2 13 -7 -4
right_child=1 5 11 8 -6 12 9 -9 -10 -11 -12 -13 -14 -15
leaf_value=-0.0067562487998312189 -0.0064694064805202525 0.022242485281234337 0.010394355252583459 -0.015621861869702915 -0.0015326465364571479 0.022970554785270329 0.004138326285527333 0.0098495080418831826 -0.0080332161772823305 0.011757270260642685 0.0023625547084635645 0.00089703236323697118 0.029135016261855148 0.025308157755385051
leaf_weight=10725.906944334507 1226.3558484613895 875.56091483309865 101.90733753144741 1730.3669093847275 8134.2884328439832 1462.9637049548328 2438.5066081881523 1009.2790287062526 2587.3221586346626 1049.912286542356 902.51726887375116 78.977801471948624 1555.0310184955597 178.40651757270098
leaf_count=49193 7316 11138 656 7170 42407 23116 18671 11925 11150 9509 6442 400 27407 1186
internal_value=-2.28344e-05 0.0119866 -0.0053959 -0.00574651 -0.00450853 0.0222577 0.00298754 0.0157251 -0.0111174 0.00647561 -0.00270358 0.0166027 0.0262524 0.0206378
internal_weight=34057.3 10520.1 23537.2 23177.9 18860.2 4902.83 5617.29 1884.84 4317.69 3488.42 2128.87 359.292 3017.99 280.314
internal_count=227686 115524 112162 109920 91600 73586 41938 23063 18320 28180 13758 2242 50523 1842
is_linear=0
shrinkage=0.03


Tree=50
num_leaves=15
num_cat=0
split_feature=8 12 6 12 8 9 9 12 9 6 9 4 6 4
split_gain=2405.07 1004.24 192.147 161.932 160.088 134.969 122.976 77.6393 79.4054 53.9882 48.8026 18.2847 13.9429 9.78247
threshold=-9.6658820752937285e-06 0.001071697165373001 1.0007010841496093 0.00045888596379748862 -0.00059929405987391149 0.00027860711051559055 0.0008165749414119133 0.0019536122130446253 0.0008293136889302267 1.0003556065008685 0.00063729962642115618 -0.0031270837023800175 1.0008283762076369 -0.0015170372947848063
decision_type=10 10 10 10 10 10 8 10 10 10 10 10 10 10
left_child=2 3 4 9 6 -6 -1 8 -3 -2 -5 -4 -13 -9
right_child=1 7 11 10 5 -7 -8 13 -10 -11 -12 12 -14 -15
leaf_value=-0.01209981420303574 0.00038011022175840533 0.022450724831820826 0.0043202896961513594 0.013078196209924469 -0.008686511460567068 -0.0017211233693736705 -0.005344067997877705 0.018930939812940313 0.0074539737285630684 0.016871318981985586 0.0037988582352532995 0.0061202796073858605 0.024808431150434632 0.028579016533986919
leaf_weight=4754.3630510121584 4075.076983615756 1339.1477114111185 103.74519668519497 1928.0888520777225 3388.3859000951052 9665.7822113782167 5092.9633994698524 227.88853835687041 450.45588591322303 177.42136373370886 734.09358710050583 65.440360724925995 184.64779002964497 1942.7499276697636
leaf_count=20185 26869 19198 571 18822 15912 49569 22519 3374 5743 1501 7230 419 1231 35383
internal_value=5.77367e-05 0.0116988 -0.00538612 0.00477542 -0.00572952 -0.00353894 -0.00862085 0.0237297 0.0187717 0.00112019 0.0105657 0.0162218 0.0205723 0.0276851
internal_weight=34130.3 10874.9 23255.3 6914.68 22901.5 13054.2 9847.33 3960.24 1789.6 4252.5 2662.18 353.833 250.088 2170.64
internal_count=228526 118120 110406 54422 108185 65481 42704 63698 24941 28370 26052 2221 1650 38757
is_linear=0
shrinkage=0.03


Tree=51
num_leaves=15
num_cat=0
split_feature=8 12 12 9 12 10 8 12 9 9 9 9 8 8
split_gain=2285.21 974.28 176.844 165.442 155.878 107.421 90.5133 80.9709 78.8155 65.1387 60.8367 48.0473 46.4535 29.6977
threshold=-1.0000000180025095e-35 0.0010334405190749363 0.0032420515907949613 0.00032418617114308583 0.0004126961967242789 0.001257972660741444 -0.0002038980455070227 0.0019536122130446253 0.0008293136889302267 0.0010201708832603426 0.0005549667136506073 0.00012940654206017351 -0.0026785311976648125 -0.0017959832348634073
decision_type=10 10 8 10 10 10 10 10 10 10 10 10 10 10
left_child=2 4 3 6 11 -5 -1 8 -3 13 -6 -2 -11 -4
right_child=1 7 9 5 10 -7 -8 -9 -10 12 -12 -13 -14 -15
leaf_value=-0.012250494496648954 -0.009593496234679191 0.022114061922348893 -0.021857649926384701 -0.0027873517781701351 0.012969639406561657 0.0083569275488241321 -0.0041972314984454967 0.027591189783281025 0.0074206298896053076 -0.013896753987968602 0.0035603424315968795 0.0015175138236035554 -0.0046809624416953646 -0.01239952820008971
leaf_weight=2678.8020757287741 383.73816187679768 1411.1055682301521 434.93054606020451 13256.816970907152 1834.6202496886253 815.05650799721479 2442.4150037765503 2114.9762097075582 462.70501966401935 688.00847099721432 975.392059661448 3141.5462876111269 1863.7812248468399 1474.9227374941111
leaf_count=11736 2278 20421 1778 65098 17440 4412 12197 38696 5894 2912 9424 21451 8134 6132
internal_value=5.75749e-05 0.011829 -0.00508037 -0.0038211 0.00449113 -0.00213213 -0.00843708 0.0234283 0.0185763 -0.0104634 0.00974903 0.000267359 -0.00723367 -0.0146873
internal_weight=33978.8 10324.1 23654.7 19193.1 6335.3 14071.9 5121.22 3988.79 1873.81 4461.64 2810.01 3525.28 2551.79 1909.85
internal_count=228003 115604 112399 93443 50593 69510 23933 65011 26315 18956 26864 23729 11046 7910
is_linear=0
shrinkage=0.03


Tree=52
num_leaves=15
num_cat=0
split_feature=4 6 2 2 6 6 11 10 9 9 4 2 9 10
split_gain=1221.33 322.283 308.436 254.698 175.435 217.959 148.842 75.2156 63.3692 56.3189 42.1097 16.9178 8.13374 4.48646
threshold=-1.0000000180025095e-35 0.00042086515574809186 0.00013339724033344823 -0.00012468827745850311 1.0006492107958309 0.51690718811834879 -0.00062574776426832545 0.00018674340836220748 0.00064158602328641325 0.00013577986861859417 -0.0023663165940717153 0.00021457840328135882 0.0027643623868514587 -0.00048636433088549699
decision_type=8 10 10 8 10 10 10 10 10 10 10 10 10 10
left_child=1 6 3 12 5 -3 8 -5 -1 -8 -6 13 -2 -4
right_child=2 4 11 7 10 -7 9 -9 -10 -11 -12 -13 -14 -15
leaf_value=-0.0089507733234950974 0.02421698328321522 0.0065220880886860668 0.0097004893933141205 3.691477758293842e-05 0.0061616108483609515 -0.0038173328813826905 -0.0095686639162985629 0.01092443702931957 -0.0040577279128452192 -0.0011451788012449332 0.024704251133888029 0.028493552155261236 0.00074106043464834703 0.021314964272639705
leaf_weight=5380.2739001065493 783.42036867514253 3999.7094794511795 83.849870886653662 1493.9393504112959 178.59380609169602 3367.3867307938635 758.97142306342721 925.83461052179337 4431.1226054914296 10744.791501313448 380.60267641022801 1003.6015151068568 19.538724109530449 344.83184443041682
leaf_count=23687 13401 26421 1272 11510 1209 23397 3973 9119 19826 64020 3420 20750 367 5660
internal_value=0.000154493 -0.00211721 0.0144115 0.00918576 0.00304055 0.0017892 -0.00403852 0.00425512 -0.00675342 -0.00171397 0.0190999 0.0259829 0.0237357 0.0194529
internal_weight=33896.5 29241.5 4655.02 3222.73 7926.29 7367.1 21315.2 2419.77 9811.4 11503.8 559.196 1432.28 802.959 428.682
internal_count=228032 165953 62079 34397 54447 49818 111506 20629 43513 67993 4629 27682 13768 6932
is_linear=0
shrinkage=0.03


Tree=53
num_leaves=15
num_cat=0
split_feature=8 2 2 8 10 9 8 9 8 10 2 9 2 11
split_gain=2080.68 559.207 370.052 185.547 116.384 109.737 160.481 107.165 62.0981 62.0863 40.2394 52.0295 17.6555 16.1705
threshold=-1.0000000180025095e-35 0.00014506093648829549 -0.00012933646035715452 -0.00031176078484645981 0.00018674340836220748 0.00065514830628370525 -0.001343972991088682 0.00016315174633176502 -0.0008942850886344832 0.00043976050241178809 0.00024595794607017326 0.00059891421373399966 -0.0002049386463074801 -2.5251112012898518e-05
decision_type=10 10 8 10 10 10 10 10 10 10 10 10 10 10
left_child=3 2 12 5 -4 8 -7 13 -1 -9 11 -3 -2 -5
right_child=1 10 4 7 -6 6 -8 9 -10 -11 -12 -13 -14 -15
leaf_value=-0.015385093395690358 0.025785987244428366 0.024669397994116084 0.0013546013387463654 -0.013766011323201453 0.0097100601745146228 -0.010134857247219005 -0.0014799989820037604 -0.0014516128352501647 -0.0082393949479775616 0.0055531332045756412 0.027157751399578677 0.010272740224610289 0.016735634343229042 -0.0050222403783489267
leaf_weight=1408.432913556695 735.37648914009333 558.60195417702198 4167.6298734582961 605.67000253498554 2356.3046119175851 3008.9084801077843 5405.2032735794783 5814.5667126476765 5685.3885173350573 1405.2984460741282 1438.598363853991 445.43259271606803 459.62598998099566 337.48301687836647
leaf_count=5787 12815 8992 31536 2831 22004 12787 25501 30121 25212 8375 28080 6287 5933 1679
internal_value=-0.000126885 0.0112197 0.00723201 -0.00500301 0.00439184 -0.00693005 -0.00459048 -0.00133074 -0.00968623 -7.4092e-05 0.0237159 0.0185059 0.0225226 -0.0107857
internal_weight=33832.5 10161.6 7718.94 23671 6523.93 15507.9 8414.11 8163.02 7093.82 7219.87 2442.63 1004.03 1195 943.153
internal_count=227940 115647 72288 112293 53540 69287 38288 43006 30999 38496 43359 15279 18748 4510
is_linear=0
shrinkage=0.03


Tree=54
num_leaves=15
num_cat=0
split_feature=8 12 6 8 12 6 12 6 6 6 2 5 5 6
split_gain=1965.91 907.869 175.893 151.14 139.867 101.428 71.5177 55.893 54.3714 43.1735 25.1533 19.2637 8.85554 0.729557
threshold=-1.0000000180025095e-35 0.0010841338593416056 1.0007010841496093 -0.00076148920487428818 0.00045888596379748862 8.51706762203443e-05 0.0019536122130446253 1.000257817503464 0.51690718811834879 0.00017237321675662702 -0.00033509549853185094 -0.00088860618371908162 -0.00076920268183133789 1.0009118180188745
decision_type=10 10 10 8 10 8 10 10 10 10 10 10 10 10
left_child=2 4 3 8 7 -5 11 -2 -1 -6 -4 -3 -8 -12
right_child=1 6 10 5 9 -7 12 -9 -10 -11 13 -13 -14 -15
leaf_value=-0.0074587492258582069 -0.00017490534723538887 0.003397685279034304 0.0033070377348173806 -0.0058836247548677487 0.0053072233992987649 -0.0009996795279309926 0.017593668552467721 0.014928699125077449 -0.016402872289138282 0.013210627020476538 0.013590130578723497 0.019049764021469913 0.028011070744836303 0.024708176419700169
leaf_weight=7071.4581064283848 3556.1873577311635 89.034779228270054 110.60801284015179 6823.7976553887129 1170.6429909914732 8791.4269556701183 178.93243666365743 224.62895335257053 684.70557554066181 1465.7153160125017 89.012475781142712 1573.0988664589822 1810.2347138822079 151.74490643292665
leaf_count=30146 23937 1068 583 31343 11016 45574 2892 1917 3070 15467 604 23496 35886 1068
internal_value=0.000183593 0.0112859 -0.00452873 -0.00485002 0.00446542 -0.00314019 0.0232117 0.000743629 -0.00827616 0.00975721 0.0162187 0.0182726 0.0271967 0.0215428
internal_weight=33791.2 10068.5 23722.8 23371.4 6417.17 15615.2 3651.3 3780.82 7756.16 2636.36 351.365 1662.13 1989.17 240.757
internal_count=228067 115679 112388 110133 52337 76917 63342 25854 33216 26483 2255 24564 38778 1672
is_linear=0
shrinkage=0.03


Tree=55
num_leaves=15
num_cat=0
split_feature=4 12 6 2 6 6 4 12 10 12 12 9 10 9
split_gain=1048.98 650.85 285.574 152.081 126.906 103.105 95.2007 161.922 79.6169 68.9098 57.0279 57.7033 45.7915 31.242
threshold=-4.6378404131575117e-05 0.00090227686037154683 0.00042086515574809186 -5.2118098118801249e-05 0.51690718811834879 1.000397492241013 -0.00043914506576664397 0.0012422802603355234 0.00018674340836220748 0.00091383969124142364 0.0016479982249747265 0.00057431755295793104 -0.00014944166461408633 0.00034490565171768026
decision_type=10 10 10 10 10 10 10 10 10 8 10 10 8 10
left_child=2 8 6 4 -4 -5 9 -8 12 -1 11 -3 -2 -10
right_child=1 10 3 5 -6 -7 7 -9 13 -11 -12 -13 -14 -15
leaf_value=-0.001674638876505045 0.0031639312088546168 0.023182007842971256 0.0056140985277774716 0.0044293948658703057 -0.0075326449034156676 0.018908156858567757 -0.0018726845692892602 0.02292496323293941 0.015992775073567826 -0.0064979830041561248 0.027747590124925621 0.006833285773805123 -0.0061566072424040748 0.005006337490485035
leaf_weight=3551.7490575760603 1103.1098952740431 570.63223564252257 1020.8749047964811 4350.6344074457884 1819.4266718402505 488.94857008382678 5699.4396280124784 237.08542957529426 405.29847954958677 11246.178405057639 1472.0812935568392 327.0912156291306 813.68316213786602 616.65967580676079
leaf_count=19996 8483 8939 6846 31279 9540 4942 31135 3473 3535 52817 31538 4770 4956 5597
internal_value=5.86705e-05 0.0122886 -0.00222761 0.00270696 -0.00278321 0.00594055 -0.00405866 -0.000835371 0.00281128 -0.00534626 0.0239548 0.0174322 -0.000772937 0.00953434
internal_weight=33722.9 5308.56 28414.3 7679.88 2840.3 4839.58 20734.5 5936.53 2938.75 14797.9 2369.8 897.723 1916.79 1021.96
internal_count=227846 67818 160028 52607 16386 36221 107421 34608 22571 72813 45247 13709 13439 9132
is_linear=0
shrinkage=0.03


Tree=56
num_leaves=15
num_cat=0
split_feature=8 2 2 6 8 9 10 9 2 9 2 4 6 4
split_gain=1795.6 561.591 363.273 158.361 130.059 135.596 111.803 92.5326 53.6497 58.853 34.9405 18.4164 13.9177 8.59828
threshold=-2.4501823655431739e-05 0.00013339724033344823 -0.00010744178524081819 1.0006492107958309 -0.00063892544214827474 0.00020938864168489857 0.00023007510027563954 0.00090815078929104706 0.00024595794607017326 0.00048210400138913611 -0.00023614390078791579 -0.0031270837023800175 1.0009118180188745 -0.001747722815767738
decision_type=8 10 8 10 10 10 10 10 10 10 10 10 10 10
left_child=3 2 10 4 7 -6 -4 -1 9 -3 -2 -5 -13 -10
right_child=1 8 6 11 5 -7 -8 -9 13 -11 -12 12 -14 -15
leaf_value=-0.010423204783203537 0.026654050439525952 0.025704318988652629 0.0011178306150613666 0.0029190750165440415 -0.010537661693672394 -0.0017957533431824011 0.0093930931052883231 -0.0043801081110449057 0.016192793864692766 0.011225984025078609 0.015920648646927372 0.0091749141535675954 0.025151292748232253 0.028048539081649324
leaf_weight=5046.9413066208363 575.57264745235443 465.56918720901012 4790.4657337591052 106.15638189762831 1854.0388252586126 11428.827104121447 2125.0294244736433 4282.2020416259766 134.95442405715585 653.55856325477362 754.54001836851239 120.55643831193447 144.30022919178009 1208.4809549041092
leaf_count=21255 10948 7776 34225 582 8534 57112 19167 18801 2263 9686 10055 789 997 25699
internal_value=0.000103308 0.0102459 0.00646597 -0.0046221 -0.00494535 -0.00302748 0.00367925 -0.00766343 0.0228011 0.0174766 0.0207743 0.0145343 0.0186959 0.0270303
internal_weight=33691.2 10708.2 8245.61 22983 22612 13282.9 6915.5 9329.14 2462.56 1119.13 1330.11 371.013 264.857 1343.44
internal_count=227889 119819 74395 108070 105702 65646 53392 40056 45424 17462 21003 2368 1786 27962
is_linear=0
shrinkage=0.03


Tree=57
num_leaves=15
num_cat=0
split_feature=8 2 2 6 10 8 6 2 2 6 4 4 6 5
split_gain=1680.66 564.874 344.171 161.097 108.535 99.6508 108.324 47.7443 32.6048 29.5784 23.501 19.971 15.1178 8.212
threshold=-2.4501823655431739e-05 0.00013339724033344823 -0.00011138149163409342 1.0007010841496093 0.00021983695037392791 -0.0014152067425301504 9.5761189080185286e-05 0.00024595794607017326 -0.00018446381710007168 0.51690718811834879 -0.0013527475106976381 -0.0035507832625342735 1.0009118180188745 -0.00086509057332731498
decision_type=10 10 8 10 10 10 10 10 10 8 10 10 10 10
left_child=3 2 8 5 -4 9 -7 10 -2 -1 -3 -5 -13 -9
right_child=1 7 4 11 -6 6 -8 13 -10 -11 -12 12 -14 -15
leaf_value=-0.0087692083589553764 0.024760201492072937 0.0038960715158012447 0.0010739729686279115 0.0022259663266645385 0.0091708923131710134 -0.006317302225838213 -0.0018380441399770788 0.015152449758789974 0.013900682943412603 -0.019530731857220079 0.019212455824674589 0.0087104973705740048 0.026176055889664467 0.027788963478391708
leaf_weight=2719.3927132189274 760.96790271252394 116.63884423673153 4759.2725668475032 85.140216551721096 2175.2267245575786 9028.9869495779276 10643.281797863543 112.46379514411092 496.27108205109835 263.07687658071518 985.40571294352412 98.685672543942928 151.42121226340532 1198.7572525441647
leaf_count=11348 14063 1421 34106 465 19749 40234 53137 1953 6362 1138 16048 647 1056 26027
internal_value=0.00018287 0.0100587 0.00627542 -0.0043725 0.00363202 -0.00468266 -0.0038991 0.0227971 0.0206645 -0.0098006 0.017695 0.0159418 0.0201151 0.0268734
internal_weight=33595 10605 8191.74 22990 6934.5 22654.7 19672.3 2413.27 1257.24 2982.47 1102.04 335.247 250.107 1311.22
internal_count=227754 119729 74280 108025 53855 105857 93371 45449 20425 12486 17469 2168 1703 27980
is_linear=0
shrinkage=0.03


Tree=58
num_leaves=15
num_cat=0
split_feature=4 12 6 6 6 6 4 12 6 12 12 9 12 12
split_gain=929.986 562.66 270.478 158.986 288.773 161.138 111.229 139.663 75.1109 55.8507 43.5564 52.7814 32.5701 11.2235
threshold=-2.4531710742514697e-05 0.00091383969124142364 0.00052545540809570857 0.51690718811834879 1.0003556065008685 0.00086713053441019863 -0.00076687845390388521 0.0021841711089977205 0.00038942456544724754 0.0024510252112364198 0.0019536122130446253 0.00051421976226153439 0.00048670587109766089 0.0004126961967242789
decision_type=8 8 10 10 10 10 10 10 8 10 8 10 10 10
left_child=2 8 6 5 -5 -4 9 -8 12 -1 11 -3 -2 -10
right_child=1 10 3 4 -6 -7 7 -9 13 -11 -12 -13 -14 -15
leaf_value=-0.0036013295340273947 -0.0028460853013595813 0.025064000905036292 0.0023994699731539775 -0.00596150723646857 0.012176544705265618 0.016720886758283086 -0.0017793777764777085 0.026444493982029662 0.006828348184814711 -0.0079034503122866109 0.02794549233609794 0.010847594142291058 0.0056589961063823312 0.014975776298615363
leaf_weight=5885.0342515856028 1310.8166817724705 549.14537830278277 1644.4347709156573 2698.903993204236 1104.7461812272668 1251.4952236525714 10835.138907920569 149.93638171628118 382.52206882089376 5213.3407325930893 1133.1978939063847 486.37612786144018 573.8277585953474 356.95067127048969
leaf_count=30722 8408 9547 11046 18359 8859 8607 59497 2607 2935 23046 26843 7958 5597 3991
internal_value=0.000125459 0.0123482 -0.00191133 0.00336052 -0.000659577 0.00864545 -0.00351419 -0.00136499 0.00295369 -0.0056329 0.0236222 0.0186117 -0.000208629 0.0109886
internal_weight=33575.9 4792.84 28783 6699.58 3803.65 2895.93 22083.5 10985.1 2624.12 11098.4 2168.72 1035.52 1884.64 739.473
internal_count=228022 65279 162743 46871 27218 19653 115872 62104 20931 53768 44348 17505 14005 6926
is_linear=0
shrinkage=0.03


Tree=59
num_leaves=15
num_cat=0
split_feature=8 12 12 12 9 9 12 10 9 12 12 12 9 9
split_gain=1553.65 820.56 135.485 117.892 133.495 103.854 99.5339 89.2695 77.1508 57.0152 37.741 37.609 30.9628 19.1157
threshold=-7.5453819992077332e-07 0.0008143569422607922 0.0019536122130446253 0.0025395301474303608 0.00025979578419963253 0.00074573145021999542 0.00034876216467828253 0.0012343856534100051 0.00087790572635246006 0.0059620133988414837 0.0051369386890974039 0.0009967921693720377 0.000173807079940664 0.00055116694943197506
decision_type=10 10 10 8 10 10 10 10 10 10 8 10 10 10
left_child=3 6 5 4 11 -3 12 -6 10 -10 -5 -1 -2 -8
right_child=1 2 -4 8 7 -7 13 -9 9 -11 -12 -13 -14 -15
leaf_value=-0.0062733596120808366 -0.0064802295707197255 0.01931092664267104 0.026453894182904763 -0.010266467262033493 -0.0020314557967472551 0.0053875362053342818 0.0089784691577221142 0.010155481242963222 -0.0022953900676400112 -0.010185557568916703 -0.02261994144027921 -0.013740247552803423 0.00064874025530176809 0.0031208679295771729
leaf_weight=2438.7220230102539 685.8272293061018 1690.7859394550323 1783.6990166269243 2348.1803286969662 13388.988315954804 705.32248481735587 1658.7085876390338 552.5307404845953 2612.6952693164349 1219.9820882081985 257.71454606950283 850.95377311110497 2534.3848725184798 790.49196836352348
leaf_count=11522 3966 25483 38714 9713 65893 9418 14385 3208 11526 5127 1041 3584 17269 7226
internal_value=3.39396e-05 0.0100424 0.0201126 -0.00413062 -0.002828 0.0152768 0.00258516 -0.00153723 -0.00759766 -0.0048425 -0.0115929 -0.00825882 -0.000866344 0.00713267
internal_weight=33519 9849.22 4179.81 23669.8 17231.2 2396.11 5669.41 13941.5 6438.57 3832.68 2605.89 3289.68 3220.21 2449.2
internal_count=228075 116461 73615 111614 84207 34901 42846 69101 27407 16653 10754 15106 21235 21611
is_linear=0
shrinkage=0.03


Tree=60
num_leaves=15
num_cat=0
split_feature=8 12 12 8 12 10 12 10 10 10 4 4 4 5
split_gain=1446.53 803.928 146.659 120.294 75.1084 92.4158 72.751 68.7284 41.974 35.2587 32.5022 21.0472 17.1648 14.9021
threshold=-3.4526053138694829e-07 0.0010841338593416056 0.00048670587109766089 -0.00024355732710390485 0.0059620133988414837 0.0021450522049935006 0.0019753989825419507 0.00043976050241178809 0.00018674340836220748 -0.00061473257624813991 -0.001382904191672196 -0.0075270530384498038 -0.0014484360839147612 -0.00084169158801333788
decision_type=8 8 10 10 10 10 8 10 10 8 10 10 10 8
left_child=3 2 8 4 5 -1 10 9 -2 -5 -3 -6 -4 -8
right_child=1 6 12 7 11 -7 13 -9 -10 -11 -12 -13 -14 -15
leaf_value=-0.0050352532956440066 -0.0019305216008271911 0.0030894040717440764 0 0.0058452720749326264 -0.0024072829705867596 0.0105715898277156 0.014362455260869029 0.0065364439455609337 0.0047867198556543825 -0.0025884812496257186 0.018260404694896357 -0.013612431457993956 0.010103622454717218 0.02718930732367987
leaf_weight=15567.773538134992 2829.1730352342129 155.29540329426527 156.91086632013321 476.13811622560024 194.19258840382099 337.65619283169508 146.07731917127967 1037.1051733791828 1177.123452603817 5046.7956720888615 1405.3233056217432 1159.6707645654678 2230.273851968348 1574.2850086763501
leaf_count=70160 18345 1896 1527 2852 835 1661 2545 6358 9279 25568 23091 4821 23568 35731
internal_value=2.48697e-06 0.00978094 0.00356226 -0.00396905 -0.00528316 -0.00469373 0.0218331 -0.000499764 3.51923e-05 -0.0018413 0.0168182 -0.0120786 0.00943169 0.0262241
internal_weight=33493.8 9674.46 6393.48 23819.3 17259.3 15905.4 3280.98 6560.04 4006.3 5522.93 1560.62 1353.86 2387.18 1720.36
internal_count=228237 115982 52719 112255 77477 71821 63263 34778 27624 28420 24987 5656 25095 38276
is_linear=0
shrinkage=0.03


Tree=61
num_leaves=15
num_cat=0
split_feature=4 12 6 2 6 6 11 6 6 12 12 10 6 10
split_gain=761.254 521.344 221.937 171.149 109.359 84.0672 82.789 58.7393 51.6721 37.4172 32.9966 18.8038 17.8262 13.0398
threshold=-2.4531710742514697e-05 0.0009967921693720377 0.00049389320920225016 -9.5884441408925394e-05 0.51690718811834879 1.0004727240132003 -0.0026159657875653524 0.00041223197112944177 5.455975249375885e-05 0.0019536122130446253 0.00048670587109766089 0.00030311777767651665 0.00012548949542233291 -0.00046981823688021514
decision_type=10 10 10 10 10 10 10 10 10 10 10 10 10 10
left_child=2 7 6 4 -4 -5 12 10 -8 13 -2 -9 -1 -3
right_child=1 9 3 5 -6 -7 8 11 -10 -11 -12 -13 -14 -15
leaf_value=-0.0087226303675594519 -0.002575401085643365 0.010467379833761562 0.0057997489475890502 0.0048589721837918242 -0.0084757959914810149 0.018588425953743333 -0.0041316593364558833 0.0049705179087054449 -0.00088064140007613502 0.027384956060246525 0.0056763280840353399 0.014946240155208053 -0.0042810924828069136 0.020399332331639486
leaf_weight=2468.8107364438474 1323.2112434729934 224.33356137946248 696.49138489365578 4323.2007568739355 1500.9992422237992 439.58506466820836 7866.2908445708454 390.05960885807872 10121.137923724949 1047.7699421048164 637.75723857432604 358.07111645117402 1361.0662306286395 658.16415587440133
leaf_count=10143 8480 3832 4711 31880 7612 4614 40043 3440 58009 26748 6591 3935 5789 12155
internal_value=0.000139113 0.0114044 -0.00167826 0.00297872 -0.00391823 0.00617501 -0.00316738 0.00286606 -0.00230722 0.0232803 9.30146e-05 0.00995842 -0.00717508 0.0180874
internal_weight=33416.9 4639.37 28777.6 6960.28 2197.49 4762.79 21817.3 2709.1 17987.4 1930.27 1960.97 748.131 3829.88 882.498
internal_count=227982 65181 162801 48817 12323 36494 113984 22446 98052 42735 15071 7375 15932 15987
is_linear=0
shrinkage=0.03


Tree=62
num_leaves=15
num_cat=0
split_feature=4 10 6 6 4 2 2 11 2 2 2 9 9 2
split_gain=776.94 283.312 241.395 159.951 116.662 101.03 93.7637 53.4995 49.2286 46.6714 41.641 41.4175 35.7611 13.6675
threshold=-2.4531710742514697e-05 0.0003839126473747953 0.00011587693663641316 1.0005319066970972 -0.00053731647360977231 6.4721739936762895e-05 -0.00010744178524081819 2.5985773294632137e-05 0.00020537992481885726 8.431457411316519e-05 -0.00015451830743978237 0.00016315174633176502 0.00085641352404714573 0.00014506093648829549
decision_type=10 10 8 10 8 10 8 10 10 10 10 10 10 10
left_child=2 5 7 4 -4 6 -2 11 10 -9 -3 -1 -5 -7
right_child=1 8 3 12 -6 13 -8 9 -10 -11 -12 -13 -14 -15
leaf_value=-0.011294272960625063 0.016359487447594238 0.026040634666559818 -0.0017166417597694122 0.023393315791863326 0.0039908870355848287 0.01043232155451738 -0.00047937706785508918 -0.0036070900985409439 0.028623778272511391 0.0050471648862398365 0.012615582663780028 -0.0050924637878229442 0.0087487726266208595 0.019265750480509561
leaf_weight=1104.047547750175 346.07123567536473 334.18938371539116 10361.213377512991 265.96690773963928 4666.0035066828132 441.69356591254473 1773.8279943168163 1810.2384369336069 590.50396839529276 797.6926047205925 732.95091998949647 9365.0884680896997 420.77050421386957 373.77182395756245
leaf_count=5170 6326 7624 59531 2294 32358 5308 12360 9958 15576 6820 9562 43052 3626 8575
internal_value=3.31981e-05 0.0114795 -0.00179409 0.000708616 5.30513e-05 0.00581792 0.00230528 -0.00480427 0.0213741 -0.000927911 0.0170782 -0.00576237 0.0147609 0.0147382
internal_weight=33384 4593.01 28791 15714 15027.2 2935.36 2119.9 13077.1 1657.64 2607.93 1067.14 10469.1 686.737 815.465
internal_count=228140 65331 162809 97809 91889 32569 18686 65000 32762 16778 17186 48222 5920 13883
is_linear=0
shrinkage=0.03


Tree=63
num_leaves=15
num_cat=0
split_feature=8 12 6 12 8 12 9 9 9 9 12 4 9 6
split_gain=1333.41 739.207 132.834 123.361 108.394 73.6243 76.6295 73.1942 69.2594 55.0555 48.3814 29.7918 19.0313 10.6394
threshold=-1.0000000180025095e-35 0.0010841338593416056 1.0007010841496093 0.00048670587109766089 -0.00033585802684321647 0.0018918735531231576 0.00073486778130887832 0.00053246690917076601 0.00020507423412147464 0.00065514830628370525 5.0850518457931212e-05 -0.0031270837023800175 0.0012841824239546338 1.0009118180188745
decision_type=10 10 10 10 10 10 10 10 10 10 10 10 10 10
left_child=2 3 4 10 7 6 -3 -1 -6 -5 -2 -4 -7 -13
right_child=1 5 11 9 8 12 -8 -9 -10 -11 -12 13 -14 -15
leaf_value=-0.0085078000121820048 -0.0062300204445024836 0.021100162851565053 0.00036114211593370822 0.01185957985900412 -0.0067904738512180405 0.028118835529320086 0.0059332415038071884 -0.0039914910977894222 4.2929160568622792e-05 0.0013686670019272839 0.0020991696770742774 0.0098155300428146037 0.019458415405967534 0.025840783922821856
leaf_weight=4851.3752897083759 771.75345079600811 932.33384670689702 100.99813900142908 1736.9200738221407 1632.0824199169874 1237.9881822429597 473.065425157547 10039.688526511192 7044.6043553128839 628.53185653313994 3155.0718797519803 94.168879546225071 491.56176046654582 142.5297746360302
leaf_count=20696 4780 16188 563 18612 7659 29227 6833 44683 37167 6622 22473 650 11017 1050
internal_value=0.000120266 0.0096709 -0.00364603 0.00371697 -0.00391812 0.0215524 0.0161153 -0.00547161 -0.00124186 0.00911476 0.000435296 0.0147371 0.0258179 0.0203648
internal_weight=33332.7 9427.23 23905.4 6292.28 23567.8 3134.95 1405.4 14891.1 8676.69 2365.45 3926.83 337.697 1729.55 236.699
internal_count=228220 115752 112468 52487 110205 63265 23021 65379 44826 25234 27253 2263 40244 1700
is_linear=0
shrinkage=0.03


Tree=64
num_leaves=15
num_cat=0
split_feature=8 12 12 8 10 10 12 9 9 9 12 12 2 9
split_gain=1219.62 719.284 127.191 114.639 111.355 87.1883 79.6725 78.4286 56.2789 49.9668 43.2387 37.7875 20.8974 19.04
threshold=-1.0000000180025095e-35 0.0010841338593416056 0.00045888596379748862 -0.0011350046044951709 0.001257972660741444 -0.0011688889292011339 0.0019536122130446253 0.0008293136889302267 0.00098275811591225812 0.00063729962642115618 3.3376453649835904e-05 0.0052771188255088843 -0.00051517048127620293 0.0014534376508239944
decision_type=10 10 10 8 10 10 10 10 10 10 10 10 10 10
left_child=3 2 10 8 5 -5 7 -3 12 -4 -2 -10 -1 -8
right_child=1 6 9 4 -6 -7 13 -9 11 -11 -12 -13 -14 -15
leaf_value=-0.021422260808936538 -0.0068844841729143805 0.020082111902228254 0.011488714417289646 0.007419883218815663 0.008563422449464099 -0.003209206295985752 0.028054730916938452 0.0040848979583779539 -0.00098953853063173331 0.0018652772380614987 0.0015725889017616718 -0.0081314464215115709 -0.010408228129045495 0.018424574247311386
leaf_weight=188.95644742250443 647.76680823415518 1079.2975746877491 1787.1913925223053 710.18020620197058 798.70558524876833 17859.756494358182 1242.2381985187531 390.94767089933157 1280.665026396513 693.10723234340549 3132.7935559079051 1438.4138532429934 1653.2625074982643 368.64788126200438
leaf_count=783 3949 18960 19023 3683 4394 85227 30258 5616 5611 7257 22097 6048 6761 8406
internal_value=0.00025258 0.00944117 0.00357732 -0.00333448 -0.00232002 -0.00279571 0.021287 0.0159252 -0.00761459 0.00884187 9.33733e-05 -0.0048056 -0.0116799 0.0260152
internal_weight=33271.9 9341.99 6260.86 23929.9 19368.6 18569.9 3081.13 1470.25 4561.3 2480.3 3780.56 2719.08 1842.22 1610.89
internal_count=228073 115566 52326 112507 93304 88910 63240 24576 19203 26280 26046 11659 7544 38664
is_linear=0
shrinkage=0.03


Tree=65
num_leaves=14
num_cat=0
split_feature=8 2 2 6 8 2 8 6 4 4 2 2 2
split_gain=1187.92 447.437 252.687 121.57 112.907 108.863 63.7092 32.6076 25.4014 24.5068 17.2766 11.5251 3.43851
threshold=-1.0000000180025095e-35 0.00018439490148689639 -0.00014919097612183752 1.0008283762076369 -0.00013473961523996489 6.0686953805668047e-05 -0.0011350046044951709 8.7270514688356153e-05 -0.0015543200894494456 -0.0031270837023800175 0.00042394612905905107 -0.00023614390078791579 0.00032819345124516722
decision_type=10 10 8 10 10 10 10 10 10 10 10 10 10
left_child=3 2 11 4 6 -4 -1 -6 10 -5 -3 -2 -10
right_child=1 8 5 9 7 -7 -8 -9 12 -11 -12 -13 -14
leaf_value=-0.0077221922107299406 0.025270112948419399 0.0025007203094902166 0.001865039604988801 0.0023454833416791353 -0.0023115379587895272 0.010207588046185946 -0.0036277228302375284 0.0033013075773834417 0.022186774267512054 0.023223165500975671 0.021548850535870367 0.016226423558581022 0.02817496211625457
leaf_weight=4470.2100784778595 475.95310433954 103.97469371557236 4873.0219594351947 83.520573899149895 1536.6716495752335 1987.8953351639211 15285.268296293914 2309.2288802415133 701.21398437768221 168.31507308036089 79.454183049499989 373.87468934431672 672.48675406351686
leaf_count=18712 10935 1719 37295 474 7564 24805 71040 13018 15343 1254 1499 6004 17852
internal_value=0.000120992 0.00923174 0.00624159 -0.00341875 -0.00364497 0.0043023 -0.00456068 0.00104289 0.0238661 0.0168823 0.0117493 0.0215962 0.0253441
internal_weight=33121.1 9267.87 7710.75 23853.2 23601.4 6860.92 19755.5 3845.9 1557.13 251.836 183.429 849.828 1373.7
internal_count=227514 115452 79039 112062 110334 62100 89752 20582 36413 1728 3218 16939 33195
is_linear=0
shrinkage=0.03


Tree=66
num_leaves=15
num_cat=0
split_feature=8 2 2 2 8 8 4 4 2 8 4 7 4 2
split_gain=1155.86 437.478 250.543 108.836 94.4555 47.1938 31.3957 25.7092 18.2846 17.9958 19.9507 13.3282 9.57661 8.66297
threshold=-1.5852539246352656e-05 0.00018439490148689639 -0.00014919097612183752 7.6448745124447207e-05 -0.0011694487036373877 -0.00012803577140391151 -0.0020909124637278338 -0.0014998174655856953 0.00041545760680349178 -0.0041982459305931466 -0.0053431332546952639 1.162979113504403 -0.0075270530384498038 -0.00023614390078791579
decision_type=8 10 8 10 10 10 10 10 10 10 10 10 10 10
left_child=4 2 13 -4 9 6 -6 8 -3 12 -11 -7 -1 -2
right_child=1 7 3 -5 5 11 -8 -9 -10 10 -12 -13 -14 -15
leaf_value=-0.0078367099927871345 0.024870170276905652 0.0023162140710373232 0.0022694464349079508 0.011134043322426681 0.00077592184510699193 0.0015492612896719825 -0.0037508461743792753 0.02496522780948356 0.021592071813363232 -9.3726233240663427e-05 -0.0077209724452999406 -0.0038099738192749776 -0.022966817031394068 0.01644487515886258
leaf_weight=104.61507096886635 467.26980021595955 108.25339171662927 5850.1648520566523 1587.1889469698071 1498.2181817814708 2647.1559897363186 14347.877720288932 1337.4967236816883 80.181342769414186 353.77265022695065 3766.2803607285023 481.6400013640523 103.00051373243332 364.82835131511092
leaf_count=443 10964 1785 44141 21317 7317 14296 66624 33113 1546 1535 15747 2570 428 5939
internal_value=5.96049e-05 0.00870317 0.00595405 0.00418169 -0.00357338 -0.00265371 -0.00331885 0.0234266 0.0114955 -0.00757645 -0.00708239 0.000695647 -0.0163291 0.0214866
internal_weight=33097.9 9795.38 8269.45 7437.35 23302.6 18974.9 15846.1 1525.93 188.435 4327.67 4120.05 3128.8 207.616 832.098
internal_count=227765 118805 82361 65458 108960 90807 73941 36444 3331 18153 17282 16866 871 16903
is_linear=0
shrinkage=0.03


Tree=67
num_leaves=15
num_cat=0
split_feature=8 12 12 6 9 12 9 9 6 12 8 9 9 6
split_gain=1048.67 677.182 133.979 105.202 104.794 96.3631 98.4955 86.1594 75.4193 69.7436 23.2005 19.3183 15.0501 11.3514
threshold=-1.2581827395774512e-05 0.00080343445307462416 0.0019753989825419507 1.0007010841496093 0.00054004513085395848 0.001402466528620824 0.00015299379462758216 0.00055116694943197506 1.0003189616527097 0.0002873286866989322 -0.001343972991088682 0.0011346608283154642 0.00099175893960355157 1.0009118180188745
decision_type=10 10 10 10 10 8 10 10 10 10 10 10 10 10
left_child=3 8 4 5 -3 6 -1 -7 9 -2 -5 -4 -10 -12
right_child=1 2 11 10 -6 7 -8 -9 12 -11 13 -13 -14 -15
leaf_value=-0.011184699531276335 -0.0018778390770933077 0.020266949074890624 0.028477878816864529 -0.00041972147938960957 0.0071579121929051456 -0.0096794309632272455 -0.00081180330143700561 -0.0039090739032591418 0.019868823383335617 0.0048001476709913149 0.0073687287406193494 0.019740153216197539 0 0.02277130243591315
leaf_weight=886.31060884892941 2985.5010796487331 1092.3024471029639 931.33252168819308 76.520799487829208 1165.9143266305327 3248.9617347121239 10509.125730395317 8516.9364582151175 235.70147528499365 2634.4028182178736 95.699016220867634 550.94964732974768 43.6744644343853 153.09083955734968
leaf_count=4037 18844 18410 24622 393 17342 13514 52896 37113 2365 22715 658 13512 461 1158
internal_value=5.11509e-05 0.0083795 0.018349 -0.00336667 0.0135866 -0.00360884 -0.00163294 -0.00551443 0.00202776 0.00124486 0.0132902 0.0254244 0.0169818 0.0175921
internal_weight=33126.4 9639.78 3740.5 23486.6 2258.22 23161.3 11395.4 11765.9 5899.28 5619.9 325.311 1482.28 279.376 248.79
internal_count=228040 118271 73886 109769 35752 107560 56933 50627 44385 41559 2209 38134 2826 1816
is_linear=0
shrinkage=0.03


Tree=68
num_leaves=15
num_cat=0
split_feature=8 12 6 12 12 9 9 12 9 9 6 8 9 6
split_gain=1001.25 638.936 108.98 106.667 87.399 87.9685 83.2271 80.76 90.465 51.2226 49.1797 18.6587 13.779 7.59931
threshold=-9.6658820752937285e-06 0.0010841338593416056 1.0007010841496093 0.00048670587109766089 0.0015452955328021495 0.00020507423412147464 0.00047850692789613278 0.0022079334955774784 0.00074573145021999542 0.00053607923783016546 1.0003763547323727 -0.0016293801181425092 0.0015360808463534923 1.0010067560512887
decision_type=8 8 10 10 10 10 10 8 10 10 10 10 10 10
left_child=2 3 4 10 5 -1 -6 8 -3 -5 -2 -4 -9 -13
right_child=1 7 11 9 6 -7 -8 12 -10 -11 -12 13 -14 -15
leaf_value=-0.0076911922375686803 -0.00015857997136380978 0.020643421268109668 -0.00036816984700558677 0.012047452865361526 -0.010939442230083722 -0.00058370899025949512 -0.0040894151884921012 0.027980481025752832 0.0053651872061929035 0.0026947130718059657 0.016510184797537873 0.0098209546881771817 0.018177857503548309 0.022532918023002415
leaf_weight=1835.8626247793436 4168.648215316236 1037.2629336006939 60.195344910025597 1400.4397913366556 1963.1698401272297 10571.146596699953 8918.6449689716101 986.88464650139213 554.52463697642088 882.9568546898663 155.40529174357653 131.89635933190584 290.28619322553277 135.59929230809212
leaf_count=8349 27994 20408 304 15533 8067 53216 38518 26628 9099 9567 1488 918 7167 1019
internal_value=0.000174106 0.0084085 -0.00312966 0.00325302 -0.00337577 -0.00164558 -0.00533963 0.0202086 0.0154252 0.00848456 0.000463359 0.0137655 0.0259576 0.0170609
internal_weight=33092.9 9476.41 23616.5 6607.45 23288.8 12407 10881.8 2868.96 1591.79 2283.4 4324.05 327.691 1277.17 267.496
internal_count=228275 117884 110391 54582 108150 61565 46585 63302 29507 25100 29482 2241 33795 1937
is_linear=0
shrinkage=0.03


Tree=69
num_leaves=15
num_cat=0
split_feature=8 12 6 8 12 9 12 9 6 9 9 4 9 6
split_gain=946.099 619.243 116.937 95.3592 93.1803 87.8139 84.8934 96.0157 49.5843 47.9209 44.2012 14.3325 11.4896 0.36054
threshold=-3.4526053138694829e-07 0.0010334405190749363 1.0008283762076369 -0.00022205308789557951 0.00048670587109766089 0.00022975113257941009 0.0022844818947346402 0.00082302884157990088 1.0003019119348506 0.00053607923783016546 0.00017844277892496498 -0.0031270837023800175 0.0011753633770751329 1.0010067560512887
decision_type=8 8 10 10 10 10 8 10 10 10 10 10 10 10
left_child=2 4 3 5 8 -1 7 -3 -2 -6 -5 -4 -8 -13
right_child=1 6 11 10 9 -7 12 -9 -10 -11 -12 13 -14 -15
leaf_value=-0.012251931367645455 -0.00062487756754958429 0.019578179758905283 0.0049436055851495861 -0.006085598725734262 0.011385985871610252 -0.0038336963666143662 0.02896529430857802 0.0037842868447648943 0.014888908064466405 0.0020526483704270408 0.0010555866964115216 0.011826862923556357 0.020626818516383805 0.02510795770092621
leaf_weight=1197.5697636753321 3812.3386140093207 1249.0616159830242 82.224778607487679 910.8705230653286 1325.1839827746153 16537.040925495327 716.80280247144401 499.66860706917942 184.80504544079304 822.90719513967633 5088.8405595272779 54.10681413859129 469.3146377839148 111.12573205679655
leaf_count=5074 25944 24473 473 4302 14572 73811 20174 8178 1758 8815 27344 404 12024 876
internal_value=3.33759e-05 0.00827733 -0.00308763 -0.00330661 0.00284051 -0.00441212 0.0195927 0.0151466 0.000112784 0.00786438 -2.69198e-05 0.0169944 0.0259162 0.0220245
internal_weight=33061.9 9080.08 23981.8 23734.3 6145.23 17734.6 2934.85 1748.73 3997.14 2148.09 5999.71 247.457 1186.12 165.233
internal_count=228222 115938 112284 110531 51089 78885 64849 32651 27702 23387 31646 1753 32198 1280
is_linear=0
shrinkage=0.03


Tree=70
num_leaves=15
num_cat=0
split_feature=8 12 6 12 9 6 12 12 9 6 9 12 12 12
split_gain=883.408 675.729 93.6472 87.1549 108.774 101.941 73.6223 69.6153 88.5435 63.139 56.0411 42.1664 28.7691 22.7007
threshold=-3.3219729287770054e-05 0.0010841338593416056 0.00013270464115583031 0.0033893965652691325 0.00039907457604072144 0.00064034661697397741 0.0013132586429083412 0.002600077568207999 0.0008293136889302267 1.0004208547698608 0.0011091156612690236 0.0082924288175919604 3.3376453649835904e-05 0.0059620133988414837
decision_type=8 8 10 10 10 10 10 8 10 10 10 10 10 10
left_child=3 2 12 4 6 -6 -1 8 -3 -4 13 -12 -2 -5
right_child=1 7 9 10 5 -7 -8 -9 -10 -11 11 -13 -14 -15
leaf_value=-0.0035492884512117731 -0.0066738125887622346 0.020683253234014119 0.0046745070591621913 -0.0092692461855472235 -0.0019898334968898863 0.0048224751367016948 -0.0109408097625306 0.026708849218086694 0.0057889962367263514 0.020083605057105842 -0.0012980480691220677 -0.010830069439480471 0.00028173909533023322 -0.018802675996083526
leaf_weight=5017.8844478726387 665.24124047160149 1246.8359698019922 3801.3428735919297 1691.0606543719769 9642.5946793854237 2473.8838635012507 1618.0756821781397 981.5519087780267 534.47828205302358 250.17169326543808 1669.9474705904722 557.36334788799286 2510.0671802535653 285.26746240258217
leaf_count=23548 3569 26263 32520 6934 44721 14104 6674 27480 9451 2821 7172 2326 19247 1153
internal_value=6.7499e-05 0.00751179 0.00266759 -0.00317125 -0.00228896 -0.000591152 -0.00537437 0.0201058 0.016305 0.00568786 -0.00707811 -0.00374791 -0.00117302 -0.0107633
internal_weight=32945.8 9989.69 7226.82 22956.1 18752.4 12116.5 6635.96 2762.87 1781.31 4051.51 4203.64 2227.31 3175.31 1976.33
internal_count=227983 121351 58157 106632 89047 58825 30222 63194 35714 35341 17585 9498 22816 8087
is_linear=0
shrinkage=0.03


Tree=71
num_leaves=14
num_cat=0
split_feature=8 2 2 6 6 8 9 9 2 9 4 9 5
split_gain=878.972 385.506 199.871 112.954 95.0316 91.4024 87.4762 45.2427 28.5679 44.7717 25.3857 22.5529 5.77521
threshold=-9.6658820752937285e-06 0.00017070204538759909 -0.00015451830743978237 0.00018469208594356926 1.0008283762076369 -0.0014411956962263048 0.00087790572635246006 0.0010409292005518515 0.00029266774026407832 0.00065072612756761556 -0.0031270837023800175 0.0014534376508239944 -0.001574976791560406
decision_type=10 10 8 10 10 10 10 10 10 10 10 10 10
left_child=4 2 11 -4 5 7 -7 -1 9 -3 -6 -2 -10
right_child=1 8 3 -5 10 6 -8 -9 12 -11 -12 -13 -14
leaf_value=-0.013452829313406058 0.022420294976258158 0.023520261349249182 -0.0001923323415194615 0.0073883155639680618 0.00098930336613919662 -0.0035144842550040773 0.0013892451191155758 -0.0054349022426041435 0.0082837163076727553 0.007813670530850832 0.022190865061998789 0.0071863319277853926 0.026638730164941879
leaf_weight=993.0672415792942 604.20687015354633 388.92352881282568 3565.2196230217814 3471.2175737656653 83.618770308792591 16416.123285368085 4063.4467468112707 1912.7682381272316 37.052466746419668 326.00330459140241 155.35993199795485 130.71500609815121 750.92066924646497
leaf_count=4029 13483 9315 28273 34307 480 76494 19966 8023 789 6376 1217 3009 22172
internal_value=1.61105e-05 0.00783935 0.00512438 0.00354402 -0.00305455 -0.00325168 -0.00253838 -0.00823234 0.0217119 0.0166475 0.0153511 0.0199241 0.0259654
internal_weight=32898.6 9274.26 7771.36 7036.44 23624.4 23385.4 20479.6 2905.84 1502.9 714.927 238.979 734.922 787.973
internal_count=227933 117724 79072 62580 110209 108512 96460 12052 38652 15691 1697 16492 22961
is_linear=0
shrinkage=0.03


Tree=72
num_leaves=14
num_cat=0
split_feature=8 2 2 6 6 8 9 9 4 2 9 4 2
split_gain=850.463 385.875 211.496 109.501 95.3502 81.6412 82.1156 51.3854 33.2414 24.3698 20.3153 13.2852 10.0134
threshold=-3.3219729287770054e-05 0.00018439490148689639 -0.00014919097612183752 1.0002061653507122 1.0010067560512887 -0.0014699468105439648 0.00032418617114308583 0.0012172126532256119 -0.001747722815767738 0.00042394612905905107 0.0014534376508239944 -0.0036864621387620584 0.00032819345124516722
decision_type=10 10 8 10 10 10 10 8 10 10 10 10 10
left_child=4 2 10 -4 5 7 -7 -1 9 -3 -2 -6 -10
right_child=1 8 3 -5 11 6 -8 -9 12 -11 -12 -13 -14
leaf_value=-0.012607789731637018 0.022336203978005779 -0.0035000884947554945 0.0023538028609039734 0.015569397559562001 0.0043095170525765799 -0.0061655097437981685 -0.0016333540387752539 -0.0043780068692084806 0.019894200748018991 0.019918457575034892 0.0078207090019667361 0.024581722320478634 0.027415007093570299
leaf_weight=1283.9803101122379 621.38547988608479 78.390781108289957 7139.227740265429 606.16639551147819 55.399824023246765 4726.6847690716386 15297.636041410267 1548.5952132046223 630.38789954595268 60.931963618844748 133.17502861097455 110.10807394981384 584.23497979529202
leaf_count=5233 13942 1391 60768 7033 313 21271 72643 6517 15505 1316 3062 871 18265
internal_value=-6.17945e-05 0.00730727 0.00491468 0.00341455 -0.00322026 -0.00339026 -0.0027087 -0.00816083 0.0221376 0.00698808 0.0199886 0.0187701 0.023755
internal_weight=32876.3 9853.9 8499.95 7745.39 23022.4 22856.9 20024.3 2832.58 1353.95 139.323 754.561 165.508 1214.62
internal_count=228130 121282 84805 67801 106848 105664 93914 11750 36477 2707 17004 1184 33770
is_linear=0
shrinkage=0.03


Tree=73
num_leaves=15
num_cat=0
split_feature=8 12 12 12 9 8 12 9 9 10 9 9 9 8
split_gain=766.073 617.259 87.7216 70.6397 104.169 85.3897 68.8896 67.3418 61.3839 46.7329 43.3642 40.8174 23.4705 20.06
threshold=-2.4501823655431739e-05 0.0010841338593416056 0.00045888596379748862 0.0051369386890974039 0.00087790572635246006 -0.00057469224963940791 0.0019536122130446253 0.00047850692789613278 0.0015972396501258564 0.0021450522049935006 8.930513594224318e-05 0.00055116694943197506 0.0011346608283154642 -0.0041982459305931466
decision_type=10 10 10 8 10 10 10 10 10 10 10 10 10 10
left_child=3 2 10 4 5 -1 7 -3 -5 -6 -2 -4 -8 -10
right_child=1 6 11 8 9 -7 12 -9 13 -11 -12 -13 -14 -15
leaf_value=-0.006610747186005796 -0.012492751725525846 0.023588894455651842 0.010059421869722638 -0.013321265384368853 0.00071669179102534146 -0.0020174739527193258 0.027923494660500429 0.0089772080444659955 -0.010902650249786235 0.013473951028655085 0.00069019814087595819 0.0018404649710796251 0.018186312081501194 3.3378256197153598e-05
leaf_weight=5462.5609504207969 226.92839536815882 457.2681740783155 1520.5449012964964 1041.4832162111998 4575.2758608981967 11118.783842645586 828.25246841274202 838.91177484765649 181.24614329636097 265.21295460313559 4294.6888706460595 882.44621516764164 497.79639196582139 665.67308838665485
leaf_count=22910 1280 9740 16977 4252 22240 53851 25117 14602 759 1394 28948 9588 13664 2820
internal_value=2.6478e-05 0.00718179 0.00246735 -0.00290327 -0.00240648 -0.00353737 0.0195519 0.014319 -0.00846481 0.00145438 0 0.00708619 0.0244766 -0.0023369
internal_weight=32857.1 9546.84 6924.61 23310.2 21421.8 16581.3 2622.23 1296.18 1888.4 4840.49 4521.62 2402.99 1326.05 846.919
internal_count=228142 119916 56793 108226 100395 76761 63123 24342 7831 23634 30228 26565 38781 3579
is_linear=0
shrinkage=0.03


Tree=74
num_leaves=13
num_cat=0
split_feature=8 12 12 6 12 10 10 12 6 10 6 8
split_gain=722.13 585.371 129.26 90.2173 77.847 77.0021 58.9274 39.5423 32.9768 29.7169 26.5562 11.6715
threshold=-2.4501823655431739e-05 0.001402466528620824 0.00063688308971500732 1.0008283762076369 0.0032420515907949613 -0.0011688889292011339 0.00023007510027563954 0.002600077568207999 0.51690718811834879 -0.0011688889292011339 0.00032532234900048109 -0.001343972991088682
decision_type=10 10 10 10 10 8 10 10 10 10 10 10
left_child=3 2 6 4 5 -1 -2 9 -6 -3 -4 -5
right_child=1 7 10 11 8 -7 -8 -9 -10 -11 -12 -13
leaf_value=0.0076067791000887629 -0.001094605964384343 -0.00029990174962737568 0.0063261180636922853 0.0028870891188583158 -0.0056215677740215379 -0.0024681999556147808 0.0059303848555593069 0.026477165830566449 -0.01455115992536387 0.018525277523340735 0.01337971912501819 0.019339269929076277
leaf_weight=697.53660605847836 4005.1255040019751 74.438884150236845 1158.8999222069979 66.20868781208992 4058.8674862533808 17940.15312024951 1454.1111968010664 897.51340464316308 417.97536261379719 1004.0065105259418 931.5674692094326 170.14112846553326
leaf_count=3569 26483 1442 15042 351 16829 84496 12245 27477 1786 23859 13667 1353
internal_value=8.72228e-05 0.00704598 0.00321974 -0.00275074 -0.00294421 -0.00208404 0.000773008 0.0215452 -0.00649921 0.0171799 0.00954669 0.0152784
internal_weight=32876.5 9525.66 7549.7 23350.9 23114.5 18637.7 5459.24 1975.96 4476.84 1078.45 2090.47 236.35
internal_count=228599 120215 67437 108384 106680 88065 38728 52778 18615 25301 28709 1704
is_linear=0
shrinkage=0.03


Tree=75
num_leaves=15
num_cat=0
split_feature=8 2 2 6 6 8 10 6 2 10 2 5 5 6
split_gain=701.759 363.084 205.719 87.9412 81.6443 79.9989 76.1146 41.4256 31.1037 29.6416 11.8412 11.1911 2.72364 0.640929
threshold=-3.3219729287770054e-05 0.00016026181378940975 -0.00015451830743978237 1.0010067560512887 1.0003556065008685 -0.00086424836884046996 -0.0009911772141223713 0.51690718811834879 0.00028342982674263336 -0.00056308175815603285 -0.00033509549853185094 -0.00097314779560148102 -1.0000000180025095e-35 1.00130043415304
decision_type=8 10 8 10 8 10 10 10 10 10 10 10 10 10
left_child=3 2 10 5 -4 7 -7 -1 9 -3 -2 -10 13 -5
right_child=1 8 4 12 -6 6 -8 -9 11 -11 -12 -13 -14 -15
leaf_value=-0.004987567341830413 0.026211190530429637 0.0057908532818612317 0.0020898747805568026 0.009911719221004027 0.017379614679242081 0.0074445624664654748 -0.0023490627143124064 -0.012969456953167095 0.0093372510237019531 0.01939759133615631 0.015928007493816784 0.026120457893548939 0.0072384445262601111 0.024872403288418193
leaf_weight=6125.2918720543385 234.05414079688489 234.45889110118151 7211.1345544680953 40.614576399326324 320.53075934946537 736.83212488889694 15353.371127143502 656.65733800828457 65.260355699807405 511.14825625531375 451.81792355887592 683.14196979999542 45.699798300862312 76.637617811560631
leaf_count=25631 6867 4630 60656 322 3851 3898 73070 2880 1492 12064 9611 22387 298 566
internal_value=-3.64871e-05 0.00672127 0.00422588 -0.00288982 0.00277071 -0.00305199 -0.0018925 -0.0057872 0.0202875 0.0153316 0.0198496 0.0248785 0.0183851 0.0213479
internal_weight=32746.7 9711.55 8217.54 23035.1 7531.67 22872.2 16090.2 6781.95 1494.01 745.607 685.872 748.402 162.952 117.252
internal_count=228223 121558 80985 106665 64507 105479 76968 28511 40573 16694 16478 23879 1186 888
is_linear=0
shrinkage=0.03


Tree=76
num_leaves=15
num_cat=0
split_feature=4 12 12 9 12 9 10 10 9 10 11 9 9 12
split_gain=378.315 421.605 75.9784 83.5202 66.359 65.7961 63.6284 59.178 55.8693 37.9927 33.4416 19.5556 19.1226 18.0286
threshold=-0.00010413914809637158 0.00084701780443393237 0.0059620133988414837 0.00027482842885590041 0.0017176095992762679 0.00070870975248929859 0.0021450522049935006 0.00018674340836220748 0.0015972396501258564 -0.00014944166461408633 -0.00048604593284926615 0.00034490565171768026 0.0014534376508239944 0.0088784081739509864
decision_type=10 10 8 10 10 10 10 10 8 8 10 10 10 8
left_child=2 7 3 10 5 -3 -5 9 -4 -2 -1 -9 -6 -10
right_child=1 4 8 6 12 -7 -8 11 13 -11 -12 -13 -14 -15
leaf_value=-0.0082180441208630113 0.0022556945085282264 0.017683245414160623 -0.014298747985807846 -0.00034625670495839073 0.027209531700718201 -0.00094891920194236604 0.011807379698508995 0.011720060619359979 0.0024139667920293133 -0.0051532207013406895 -0.0026841163044618926 0.0036287364948591602 0.013257384891737252 -0.006734394990820328
leaf_weight=1546.2317370958626 1354.7761001586914 660.6034386344254 665.65792047232389 21028.377476852387 754.10788635537028 219.41798568889499 384.86392306908965 477.35345295071602 362.08576044812799 1128.58305773139 2851.7106486521661 700.34253890439868 154.87319760024548 383.46945798397064
leaf_count=6522 9949 13157 2979 121111 26017 3747 2448 4043 1968 6653 15913 6290 5234 1936
internal_value=0.000171737 0.00738054 -0.00127148 -0.000896656 0.019276 0.0130118 -0.000119607 0.00151472 -0.00803021 -0.00109445 -0.00465758 0.00702996 0.0250678 -0.00223885
internal_weight=32672.5 5450.06 27222.4 25811.2 1789 880.021 21413.2 3661.06 1411.21 2483.36 4397.94 1177.7 908.981 745.555
internal_count=227967 75090 152877 145994 48155 16904 123559 26935 6883 16602 22435 10333 31251 3904
is_linear=0
shrinkage=0.03


Tree=77
num_leaves=15
num_cat=0
split_feature=8 12 12 6 8 6 6 6 4 10 12 12 4 6
split_gain=590.2 521.505 136.472 82.4445 75.9516 57.0681 43.9137 35.0195 31.6171 29.7842 24.7304 20.2152 16.4258 0.502024
threshold=-3.4526053138694829e-07 0.0014795995572626066 0.00058526740134208337 1.0008283762076369 -0.00021469567330961722 0.51690718811834879 1.0003019119348506 0.00047436362135995161 -0.001747722815767738 0.0003436635442925884 0.0037182906069498111 0.002600077568207999 -0.0031270837023800175 1.0010067560512887
decision_type=10 10 10 10 8 10 10 10 10 10 10 10 10 10
left_child=3 2 6 4 5 -1 -2 -4 10 -6 -3 -10 -5 -14
right_child=1 8 7 12 9 -7 -8 -9 11 -11 -12 -13 13 -15
leaf_value=-0.0029045456740553126 -0.00070123891429767606 -0.0004056958881505077 0.0058769632905874203 0.0029372153427507908 -0.00061673947513147143 -0.0086710149488212224 0.013307367228694592 0.013530563206646244 0.018741197364716657 0.0046579098490167059 0.021512475453592885 0.026799483720863045 0.010948518334697434 0.024014334658240617
leaf_weight=16221.37250842154 4266.2662858366966 110.27288603782654 1509.5576825588942 83.41200890392065 4634.7824227511883 1716.7245455905795 201.32750997692347 900.02067931741476 844.72482909634709 1202.5380899012089 63.60583383217454 744.22180576808751 53.567932456731796 97.055245853960514
leaf_count=71413 30296 2042 19478 490 23644 8101 2088 13709 21783 7028 1431 25296 412 828
internal_value=0.000100131 0.00682116 0.00306614 -0.00231782 -0.00249707 -0.00346428 -2.82454e-05 0.00880462 0.0213365 0.00046573 0.00801969 0.022697 0.0150028 0.020712
internal_weight=32649.5 8640 6877.17 24009.5 23775.4 17938.1 4467.59 2409.58 1762.83 5837.32 173.879 1588.95 234.035 150.623
internal_count=228039 116123 65571 111916 110186 79514 32384 33187 50552 30672 3473 47079 1730 1240
is_linear=0
shrinkage=0.03


Tree=78
num_leaves=15
num_cat=0
split_feature=4 12 9 12 4 10 10 12 9 10 9 9 11 12
split_gain=349.407 396.809 71.6063 80.3373 145.278 58.6331 49.6973 44.9766 64.922 41.949 24.7188 14.6954 13.0265 10.1622
threshold=-9.8922241476340198e-05 0.0009967921693720377 0.00015299379462758216 0.0010841338593416056 -0.00038126437725399803 0.00018674340836220748 -0.00014944166461408633 0.0019536122130446253 0.0005549667136506073 0.00057780259019710775 0.00034490565171768026 0.0014534376508239944 0.00036017537716660542 0.00065645570998061782
decision_type=8 8 10 10 10 10 8 8 10 10 10 10 10 10
left_child=2 5 12 9 -5 6 -2 8 -3 -4 -7 -9 13 -1
right_child=1 7 3 4 -6 10 -8 11 -10 -11 -12 -13 -14 -15
leaf_value=-0.0070981896289077457 0.0027854903001541848 0.022089990177800334 0.000131736088069325 -0.0029112755139361277 0.019270158394841273 0.012132203237594542 -0.0056617458403726839 0.027769253769291201 0.0041796052654728228 0.005655841685700224 0.0033898272741527927 0.014154794684945324 0.0017722428186230336 -0.013731105227661633
leaf_weight=782.52675584703684 1437.4403407350183 423.82311705872416 9529.0143431834877 14868.172791697085 260.07393389567733 509.00090624392033 1091.475758254528 595.91344244964421 340.18267425149679 1416.3261138275266 750.2511340379715 142.82560088858008 90.478240452706814 361.13449092209339
leaf_count=3934 11299 10069 55412 76249 5326 4772 6419 22554 6940 10207 7314 5107 720 1532
internal_value=-6.57756e-05 0.00698088 -0.00143533 -0.00109672 -0.00251351 0.00177172 -0.00084463 0.0199741 0.0143497 0.000856542 0.00703859 0.0254414 -0.00847455 -0.00934554
internal_weight=32598.6 5290.91 27307.7 26073.6 15128.2 3788.17 2528.92 1502.74 764.006 10945.3 1259.25 738.739 1234.14 1143.66
internal_count=227854 74474 153380 147194 81575 29804 17718 44670 17009 65619 12086 27661 6186 5466
is_linear=0
shrinkage=0.03


Tree=79
num_leaves=15
num_cat=0
split_feature=8 12 12 6 6 6 6 6 12 6 5 2 5 5
split_gain=618.658 504.079 99.5339 79.6593 61.9304 356.269 56.2683 47.5742 37.3593 29.8802 17.4504 15.2919 5.29954 2.79768
threshold=-3.3219729287770054e-05 0.0013873131724913433 0.00059599862516826853 1.0007010841496093 0.51690718811834879 0.00073474270286188375 1.0003189616527097 1.0003365170597651 0.002600077568207999 0.00017237321675662702 -0.00082003865284074873 -0.00032145988160767929 -0.0030365839751628483 -0.00094234699960768487
decision_type=10 10 10 10 10 10 10 10 10 10 10 10 10 8
left_child=3 2 7 4 5 -1 -6 -2 10 -4 -3 13 -10 -5
right_child=1 8 9 11 6 -7 -8 -9 12 -11 -12 -13 -14 -15
leaf_value=-0.0032180465774853569 0.00042837504401586663 0.0021168469906964363 0.004343857167863549 0.007053243931808461 -0.010038374511546402 0.012790858569121662 0.0011396449104235224 0.014601158148988167 0 0.011625876882970308 0.017541977240945562 0.017609677079850738 0.026043402236189808 -0.0013667474744330811
leaf_weight=19210.837080925703 5264.2264985516667 83.730611387640238 931.37344579398632 53.973856374621391 1719.2150662541389 1327.2690862268209 514.75405353307724 212.84672389179468 11.227713711559771 1258.1659446135163 942.25068623013794 190.43635616451502 801.44712028466165 53.861787676811218
leaf_count=86240 35925 1428 11963 305 8247 7333 2716 2174 255 18028 24211 1530 27284 296
internal_value=0.000160782 0.00659937 0.00319489 -0.00249111 -0.00269726 -0.00217483 -0.00744238 0.00101569 0.0206685 0.0085894 0.0163736 0.0126303 0.0257528 0.00257936
internal_weight=32575.6 9505.27 7666.61 23070.3 22772.1 20538.1 2233.97 5477.07 1838.66 2189.54 1025.98 298.272 812.675 107.836
internal_count=227935 121268 68090 106667 104536 93573 10963 38099 53178 29991 25639 2131 27539 601
is_linear=0
shrinkage=0.03


Tree=80
num_leaves=15
num_cat=0
split_feature=8 12 6 6 12 9 12 9 8 8 9 12 9 6
split_gain=557.879 513.217 86.1748 72.6063 67.5307 114.425 65.4613 64.9033 81.4613 30.0874 13.3921 13.0375 4.71616 3.2983
threshold=-0.00010039623972835086 0.0011343534920170734 1.0003556065008685 1.0007010841496093 0.0027651016575196857 0.00082302884157990088 0.00045888596379748862 0.00031708698500669763 -0.0014411956962263048 -0.00075291533551025125 0.00084945880428277437 0.0049006610559707399 0.0015659806079450389 1.0015469813941806
decision_type=8 8 10 10 8 10 10 10 10 10 10 10 10 10
left_child=3 2 6 7 5 -3 -2 9 -9 -1 -4 13 -6 -5
right_child=1 4 10 11 12 -7 -8 8 -10 -11 -12 -13 -14 -15
leaf_value=-0.016756038463684425 3.0878539610696084e-05 0.019993624844264226 0.019982942986760718 0.011325063400936451 0.028125185516982405 0.0023811135041957652 0.0059281371301337865 -0.0068094647704546093 -0.0013142370148472296 -0.0058511827205761169 0.0052084252585217023 -0.00030281813997536854 0.01854571910606416 0.023903784136088315
leaf_weight=245.27462440729141 6451.734658010304 1034.9044276494533 262.05877237394452 184.33925778418779 525.50006417930126 502.9645052626729 2297.3874805383384 2931.1792010217905 14257.788746409118 3516.7317906916142 95.538007609546185 53.689666584134102 200.98904682323337 45.430175319314003
leaf_count=988 39762 25938 2898 1360 19041 10282 26300 12104 66179 15469 1136 272 6265 357
internal_value=3.08335e-05 0.00539238 0.00219863 -0.00283865 0.0181444 0.0143248 0.00159126 -0.00304719 -0.00225822 -0.0066206 0.016448 0.0119492 0.0258442 0.0149556
internal_weight=32605.5 11371.1 9106.72 21234.4 2264.36 1537.87 8749.12 20951 17189 3762.01 357.597 283.459 726.489 229.769
internal_count=228351 131622 70096 96729 61526 36220 66062 94740 78283 16457 4034 1989 25306 1717
is_linear=0
shrinkage=0.03


Tree=81
num_leaves=15
num_cat=0
split_feature=6 4 6 6 9 4 12 12 9 9 12 9 9 6
split_gain=293.902 229.124 227.947 171.805 140.907 96.3555 217.457 62.2227 49.7149 42.015 35.1125 55.1649 17.0853 15.3522
threshold=0.00060742464435797428 -8.0196766518714196e-06 0.51690718811834879 1.000397492241013 0.0010738035313328611 -0.00042745118236048313 0.0014795995572626066 0.0009967921693720377 8.930513594224318e-05 0.0013827767760753852 0.001402466528620824 0.00048893350100104934 0.00013577986861859417 0.51690718811834879
decision_type=10 10 10 10 10 10 10 10 10 10 8 10 10 10
left_child=5 2 4 -4 -2 10 8 13 -7 -8 12 -12 -1 -3
right_child=1 7 3 -5 -6 6 9 -9 -10 -11 11 -13 -14 -15
leaf_value=-0.0084126861677431414 0.01998299893754979 0.019191869548745202 -0.005263787856820897 0.0097405810532623146 0.0045521936329674297 -0.011267344948729907 0.021825164788968194 0.024096621129301485 0.00029682296247592082 -0.0018717307528080479 -0.0080255543792005102 -0.0026921579347255501 -0.00075752477483411016 0.0063505884346394485
leaf_weight=266.5423471853137 865.00407512672246 114.56231791526079 2773.1727132052183 900.56646033376455 1417.2792977243662 338.81604897230864 499.6510428134352 625.52185407280922 8095.0999055765569 70.566774636507034 2297.3285459242761 7545.0935545042157 6239.353638548404 409.62634149566293
leaf_count=1232 6113 1132 19473 8125 9897 1778 16109 21848 54156 2366 9855 36071 34595 4715
internal_value=6.47288e-05 0.00545429 0.00306098 -0.00155293 0.0104884 -0.00144504 0.00104147 0.0176677 -0.000173433 0.0188075 -0.00281799 -0.00395 -0.00109279 0.00957613
internal_weight=32458.2 7105.73 5956.02 3673.74 2282.28 25352.5 9004.13 1149.71 8433.92 570.218 16348.3 9842.42 6505.9 524.189
internal_count=227465 71303 43608 27598 16010 156162 74409 27695 55934 18475 81753 45926 35827 5847
is_linear=0
shrinkage=0.03


Tree=82
num_leaves=14
num_cat=0
split_feature=8 2 2 6 6 8 6 4 3 2 2 2 4
split_gain=498.501 305.917 152.542 94.2419 64.703 59.743 45.5131 32.8196 28.9026 23.1691 10.7695 10.2272 1.03019
threshold=-3.3219729287770054e-05 0.00018439490148689639 -0.00017179487833382423 1.000397492241013 1.00130043415304 -0.00076148920487428818 0.00055081402363140982 -0.0015543200894494456 0.00033171706783541338 0.00040696579043420557 0.00028772246786028032 -0.00033509549853185094 -0.0031270837023800175
decision_type=10 10 8 10 10 10 10 10 8 10 10 10 10
left_child=4 2 11 -4 5 8 -7 9 -1 -3 -9 -2 -6
right_child=1 7 3 -5 12 6 -8 10 -10 -11 -12 -13 -14
leaf_value=-0.003599347547596997 0.025362926481116876 -0.0033207411040654163 0.0021331861357458269 0.019523739529698762 0.010220558782131638 -0.0020190631466879393 0.002270493262450813 0.017547003770532723 -0.0083726396352664552 0.018862095598037774 0.025868900311945633 0.014672962854038145 0.025750401060203338
leaf_weight=6536.5844447538257 203.21332609094679 86.706344425678253 7443.6887594871223 282.89507966861129 45.328143388032913 12345.139195784926 2694.5723615437746 442.72125490754843 1420.4120102375746 63.14379752241075 549.84156166762114 336.27900596149266 53.536867044866085
leaf_count=27436 6826 1623 66230 3785 273 57004 15322 12187 6150 1554 21205 8228 467
internal_value=0.000115298 0.00593429 0.00390126 0.00280208 -0.00225414 -0.00236474 -0.00124554 0.020431 -0.0044684 0.00624653 0.0224289 0.0191971 0.0207742
internal_weight=32504.1 9408.49 8266.08 7726.58 23095.6 22996.7 15039.7 1142.41 7957 149.85 992.563 539.492 98.865
internal_count=228290 121638 85069 70015 106652 105912 72326 36569 33586 3177 33392 15054 740
is_linear=0
shrinkage=0.03


Tree=83
num_leaves=14
num_cat=0
split_feature=4 10 6 6 6 2 2 2 9 6 2 9 9
split_gain=263.43 221.734 132.542 75.5468 74.6895 59.1819 57.5175 54.8419 45.7894 54.3129 29.3609 23.1988 22.2821
threshold=-6.7296143449746535e-05 0.00039168609200600132 1.0005319066970972 5.455975249375885e-05 0.51690718811834879 8.0483479807384018e-05 -8.1425772458409277e-05 0.00021457840328135882 0.0008293136889302267 1.0011274035882831 -0.00016584671074376035 0.00055116694943197506 0.00031369251659608754
decision_type=10 10 10 8 10 10 8 10 10 10 10 10 10
left_child=2 5 3 11 -5 6 -2 10 -4 -10 -3 -1 -7
right_child=1 7 8 4 -6 12 -8 -9 9 -11 -12 -13 -14
leaf_value=-0.0046470747208204799 0.010985466882924675 0.022846763008620301 0.023456226902777867 0.00061882539222675437 -0.0046153673527391846 0.019130875958315485 -0.0013063978049119628 0.027151149183985184 -0.0030970100811878831 0.01919240979944643 0.0097317427002375466 -0.001504849227637235 0.0062691660913862766
leaf_weight=6208.4406176675111 392.05416186898947 212.64533582143486 218.76614759676158 14792.057999541983 2929.5909571293741 198.78406101465225 2289.8001946955919 358.64817609265447 230.07930905371904 154.64093645662069 748.00942101329565 3324.6396047752351 382.35434498824179
leaf_count=30133 7830 7409 2080 85245 20320 3672 15362 15342 2116 1583 10956 15931 9854
internal_value=0 0.00665875 -0.0010959 -0.00140779 -0.000245178 0.00242171 0.000502367 0.0169959 0.0126854 0.00596962 0.0129021 -0.00356024 0.0110193
internal_weight=32440.5 4582.3 27858.2 27254.7 17721.6 3262.99 2681.85 1319.3 603.486 384.72 960.655 9533.08 581.138
internal_count=227833 70425 157408 151629 105565 36718 23192 33707 5779 3699 18365 46064 13526
is_linear=0
shrinkage=0.03


Tree=84
num_leaves=15
num_cat=0
split_feature=8 12 12 9 10 10 9 8 10 9 9 8 10 9
split_gain=486.035 440.953 127.732 116.428 70.3618 72.0347 63.6493 71.4332 64.8928 36.99 29.2548 26.2798 27.1553 21.5411
threshold=-0.0001034357596538804 0.00067623213632261642 0.0019753989825419507 0.00059891421373399966 0.00023007510027563954 -0.00010089440681434179 0.00034163566926273206 -0.001151681395020032 -0.0013529464892541056 0.0017483638462125778 0.0011346608283154642 -0.00042888019172315767 0.00046314737264125056 0.00032418617114308583
decision_type=10 10 10 10 10 8 10 10 10 10 10 10 10 10
left_child=6 4 3 -3 5 -2 11 9 -9 -8 -4 -1 -13 -6
right_child=1 2 10 -5 13 -7 7 8 -10 -11 -12 12 -14 -15
leaf_value=-0.0094301675833097492 0.0020271148256703767 0.015651340643527332 0.026795973037091844 0.0022883106986695593 0.01106433746836584 -0.0048913447431061362 -0.0065326041508512638 0.010914998699192987 -0.0010205048258128671 0 0.015320526232671673 -0.0048855891251931597 0.0086768942460352019 0.0039248893938024125
leaf_weight=1327.0622309446335 3512.0958701744676 1391.001008508727 655.10646146722138 1036.5811888575554 525.30299293249846 2186.8723421022296 3423.5932978838682 413.9905357286334 11961.161894701421 999.59193382412195 413.45122868567705 2837.786785915494 127.39952736347914 1578.4973182119429
leaf_count=5433 23277 24936 24743 16380 3892 12475 14145 2170 56547 4311 13625 12715 609 12741
internal_value=6.29576e-05 0.00508304 0.0139219 0.0100027 0.00110223 -0.000621122 -0.00262475 -0.00178448 -0.000607887 -0.00505402 0.0225947 -0.00588753 -0.0042555 0.00577985
internal_weight=32389.5 11298.9 3496.14 2427.58 7802.77 5698.97 21090.6 16798.3 12375.2 4423.19 1068.56 4292.25 2965.19 2103.8
internal_count=227999 132069 79684 41316 52385 35752 95930 77173 58717 18456 38368 18757 13324 16633
is_linear=0
shrinkage=0.03


Tree=85
num_leaves=15
num_cat=0
split_feature=8 2 2 6 6 6 6 9 6 9 6 10 2 4
split_gain=463.722 294.308 128.069 79.7293 57.4238 55.6959 312.951 31.342 26.8043 21.9524 37.1004 21.2278 16.303 1.71777
threshold=-6.8287601758920666e-05 0.00018439490148689639 -0.00018446381710007168 0.00020388678395632926 1.0005670613242652 0.51690718811834879 0.00090010988123156337 0.0014534376508239944 1.0003189616527097 0.0008293136889302267 1.00130043415304 0.00043976050241178809 0.00038447580945027824 -0.0031270837023800175
decision_type=10 10 8 10 10 8 10 10 10 10 10 10 10 10
left_child=4 2 7 -4 5 6 -1 -2 -7 -6 -11 12 -3 -13
right_child=1 11 3 -5 9 8 -8 -9 -10 10 -12 13 -14 -15
leaf_value=-0.0028867115595438341 0.022708511367255955 0.010054620496144069 8.9896413986265456e-05 0.0058710816337316264 0.01921990281405379 -0.0089223884585557817 0.015363848824174834 0.0028800306833594502 0 -0.0042368666078820179 0.018265056920173318 0.0020664471568323955 0.022690457459477502 0.024591134064526177
leaf_weight=18876.01153062284 368.4772626478225 336.76375634036958 4707.7062104232609 3970.9396153241396 119.519495613873 1659.106261625886 874.56371376663446 101.3481628652662 382.54018338024616 176.02728276699781 90.727570280432701 10.872066110372542 164.08547033555806 571.66644967719913
leaf_count=84342 11269 9059 36313 39562 866 7818 4833 2901 1941 1114 678 246 5566 21444
internal_value=7.99213e-05 0.00536187 0.00359141 0.00274571 -0.00235547 -0.00256237 -0.00206817 0.0187054 -0.0072806 0.00893566 0.00358303 0.0200877 0.0146749 0.024314
internal_weight=32410.4 10231.9 9148.47 8678.65 22178.5 21792.2 19750.6 469.825 2041.65 386.274 266.755 1083.39 500.849 582.539
internal_count=227952 126360 90045 75875 101592 98934 89175 14170 9759 2658 1792 36315 14625 21690
is_linear=0
shrinkage=0.03


Tree=86
num_leaves=15
num_cat=0
split_feature=6 2 6 6 4 2 9 2 3 6 2 11 9 9
split_gain=250.244 192.109 202.382 179.488 83.9302 101.516 83.1588 78.3835 75.6643 60.305 52.1828 24.4228 18.546 17.7597
threshold=0.00064034661697397741 5.8815245279552628e-05 0.51690718811834879 1.0003556065008685 -0.00073423540837697077 0.00027022279295553807 0.0010738035313328611 -0.00025408659745652289 -2.8248776371420037e-06 0.51690718811834879 0.00013566979506516365 -0.0046477947965272827 0.0025785745530084725 0.00024487207899607095
decision_type=10 10 10 10 8 10 10 8 10 10 10 10 10 10
left_child=4 2 6 -4 11 7 -2 -6 9 -3 -10 12 -1 -13
right_child=1 8 3 -5 5 -7 -8 -9 10 -11 -12 13 -14 -15
leaf_value=-0.0070402475117591007 0.02205169146016598 0.01009307533824557 -0.0068832392386680803 0.0093462111748594586 0.019956794304832427 0.02182739837669732 0.0049838620297794258 -9.7776976990427762e-05 0.0091763656001211773 -0.0046680821960337826 0.021854635587862891 -0.0074481885510866604 0.0047232906919145333 -0.002057084579899652
leaf_weight=1663.5853936336935 460.48030391149223 990.05568265914917 2284.4121620263904 825.33760121464729 167.72840900719166 187.73726843856275 609.23125580884516 13120.564357817173 537.32877741008997 318.80226095765829 772.50015414692461 586.22069665044546 116.97503990679979 9687.1798316072673
leaf_count=6748 4006 5331 13972 6623 5995 7615 5532 85548 7430 1602 25404 2637 489 49070
internal_value=0.000225292 0.0053374 0.00132124 -0.00254051 -0.00113517 0.000487846 0.0125228 0.000165662 0.011695 0.00644403 0.016808 -0.00295354 -0.00621186 -0.00237749
internal_weight=32328.1 6798.15 4179.46 3109.75 25530 13476 1069.71 13288.3 2618.69 1308.86 1309.83 12054 1780.56 10273.4
internal_count=228002 69900 30133 20595 158102 99158 9538 91543 39767 6933 32834 58944 7237 51707
is_linear=0
shrinkage=0.03


Tree=87
num_leaves=14
num_cat=0
split_feature=8 10 10 6 6 10 8 10 6 4 6 4 10
split_gain=419.457 249.791 85.9236 65.9692 56.4979 45.5147 41.3082 59.6456 31.8688 26.6173 18.9858 13.5623 10.87
threshold=-0.00010652104450270537 0.00043976050241178809 -0.00060384767992439946 0.00064034661697397741 1.0008283762076369 0.00018674340836220748 -0.0017959832348634073 0.0016650698621625353 0.0010265687918950242 -7.2555084676406687e-05 0.51690718811834879 -0.0031270837023800175 0.0012811394706972754
decision_type=8 10 8 10 10 10 10 10 10 10 10 10 10
left_child=4 2 8 12 6 -4 10 -8 -2 -5 -1 -6 -3
right_child=1 3 5 9 11 -7 7 -9 -10 -11 -12 -13 -14
leaf_value=-0.0058362893467166993 0.0067089871291515866 0.0061042990704696411 -0.00030532351996773199 0.013004046173128446 0.0016622391360076316 0.0052186313207203154 -0.0025619143162442146 0.0068976784904851802 0.018533822075914936 0.022275285384263925 -0.016358308768189483 0.01871465847478029 0.016216968685257155
leaf_weight=1716.784101575613 1217.6289899591357 934.38206497952342 5683.5780556164682 687.8210961278528 76.149601645767689 1740.5018696598709 18372.047299481928 607.51172386854887 255.58348543569446 650.4023357257247 173.74709998071194 124.23768221586943 113.91650147177279
leaf_count=7066 21186 14090 42443 10123 456 16192 83458 2910 4514 20706 718 1059 3239
internal_value=-2.24775e-05 0.00464101 0.00231443 0.013244 -0.00252377 0.00098692 -0.00268091 -0.00225249 0.00891202 0.0176863 -0.00691586 0.0129067 0.00740277
internal_weight=32354.3 11283.8 8897.29 2386.52 21070.5 7424.08 20870.1 18979.6 1473.21 1338.22 1890.53 200.387 1048.3
internal_count=228160 132493 84335 48158 95667 58635 94152 86368 25700 30829 7784 1515 17329
is_linear=0
shrinkage=0.03


Tree=88
num_leaves=15
num_cat=0
split_feature=8 2 2 6 9 6 6 8 4 8 2 9 9 2
split_gain=398.701 260.079 148.248 88.31 58.5905 57.1821 170.945 34.0938 33.2185 22.6188 22.0828 20.7552 20.723 14.1888
threshold=-0.00010652104450270537 0.00018439490148689639 -0.00017179487833382423 1.000397492241013 0.00032418617114308583 0.00069577525104016406 0.51690718811834879 -0.001151681395020032 -0.0015543200894494456 -0.00054460589899346646 0.00048132031017470925 0.00012940654206017351 0.0014796390445694755 0.00033984174782851891
decision_type=8 10 8 8 10 10 10 10 10 10 10 10 10 10
left_child=4 2 12 -4 9 7 -7 -6 10 -1 -3 -11 -2 -10
right_child=1 8 3 -5 5 6 -8 -9 13 11 -12 -13 -14 -15
leaf_value=-0.01068262903080071 0.021936885848252589 -0.0035618902915312139 0.0017803884434499382 0.017445019766783209 -0.0050117528552712344 0.010197065900416517 -0.0037731004199821052 -0.0015635454479345522 0.0166407969417093 -0.010933599735772374 0.019441667468815267 -0.0035780818771853381 0.0051578162462342673 0.025949032562306098
leaf_weight=686.01052558422089 403.81228863634169 94.925808547064662 9397.5180318299681 326.90731401741505 3462.3545112907887 1332.5750405713916 1893.4759158864617 10500.310305565596 510.04164088331163 402.68224015831947 46.966935129836202 2759.8369106352329 99.476364087313414 390.84803144820035
leaf_count=2774 12334 1935 76836 4269 14046 7357 9700 47675 16109 1732 1248 12191 2845 17235
internal_value=8.88827e-05 0.00464147 0.00316954 0.00233053 -0.00234832 -0.00159242 0.00199265 -0.00242587 0.0188542 -0.00569596 0.00443601 -0.00456508 0.0189024 0.0209856
internal_weight=32307.7 11270.5 10227.7 9724.43 21037.2 17188.7 3226.05 13962.7 1042.78 3848.53 141.893 3162.52 503.289 900.89
internal_count=228286 132811 96284 81105 95475 78778 17057 61721 36527 16697 3183 13923 15179 33344
is_linear=0
shrinkage=0.03


Tree=89
num_leaves=15
num_cat=0
split_feature=8 12 10 10 12 9 8 9 12 9 10 9 12 8
split_gain=354.657 394.181 81.7252 87.3311 45.6368 70.838 42.6571 42.325 116.698 41.0784 37.5695 30.8718 25.7665 22.7749
threshold=-0.00010039623972835086 0.0014795995572626066 0.00018674340836220748 -0.00016055492011693166 0.0059620133988414837 0.00087790572635246006 -0.00061885665492461539 0.0013021263949843872 0.0033893965652691325 0.00042331707590798339 0.0021450522049935006 0.0025785745530084725 0.0019753989825419507 -0.0041982459305931466
decision_type=8 8 10 8 10 10 10 10 10 10 10 10 8 10
left_child=4 2 3 -2 5 6 -1 12 -9 -4 -7 13 -3 -6
right_child=1 7 9 -5 11 10 -8 8 -10 -11 -12 -13 -14 -15
leaf_value=-0.0050761249950261617 0.003057099782765861 0.01510437559895797 0.0096783203722783807 -0.0041634000058245971 -0.022611261200737635 0.0005608203955939419 -0.0016643054956065636 -0.011530949014205058 0.022676191714194518 0.0028242907413890779 0.010853466174783348 0.0010966594410897208 0.025754537645027935 -0.0080271414196626326
leaf_weight=5035.1801321431994 3865.6197323556989 431.07658136822283 1530.9918465204537 2455.8495527133346 109.03045432269573 4732.8037536889315 9820.2909171134233 138.2762284334749 216.01330314949155 1699.5165208596736 334.01952084898949 287.11437253654003 679.75353070907295 976.81815221905708
leaf_count=20902 33351 11245 15372 14047 444 22486 45976 3572 7971 18261 1717 1229 27774 4008
internal_value=0.000105878 0.00447498 0.00223638 0.000240361 -0.0021527 -0.00178188 -0.0028274 0.018915 0.00921068 0.00611089 0.0012712 -0.00743832 0.0218467 -0.00973926
internal_weight=32312.4 11017.1 9551.98 6321.47 21295.3 19922.3 14855.5 1465.12 354.29 3230.51 5066.82 1372.96 1110.83 1085.85
internal_count=228355 131593 81031 47398 96762 91081 66878 50562 11543 33633 24203 5681 39019 4452
is_linear=0
shrinkage=0.03


Tree=90
num_leaves=15
num_cat=0
split_feature=4 2 2 9 4 10 2 10 9 0 11 9 2 2
split_gain=183.201 169.702 94.903 58.5328 71.0757 67.4996 37.4328 33.098 25.6894 22.1941 11.5926 7.70185 7.50386 6.22501
threshold=-3.00631153255515e-05 0.00013339724033344823 -0.00012933646035715452 0.00015299379462758216 -0.00073423540837697077 0.00063957432855188292 -0.00051517048127620293 0.00018674340836220748 0.0014796390445694755 -1.0000000180025095e-35 0.00042162304007033148 8.930513594224318e-05 0.00021457840328135882 4.7723274159233981e-05
decision_type=8 10 8 10 10 10 10 10 10 2 10 10 10 10
left_child=3 2 8 10 6 -6 -5 -4 -2 -3 11 -1 -11 -12
right_child=1 9 7 4 5 -7 -8 -9 -10 12 13 -13 -14 -15
leaf_value=-0.011513602139931446 0.019113922696276809 0.0016612259017526037 -0.001321161716661558 -0.0083287787828371807 0.00051420053812799944 0.0077115495846085723 -0.0014196440921017549 0.005667090408921072 -0.0015022074903605284 0.014848431252931593 -0.0048444351627007819 -0.0058142190084948279 0.024241184399970171 0.0092335242554059862
leaf_weight=331.61228151619434 364.2644075024873 66.66213658824563 1770.4713164977729 736.51922915689647 10116.859603278339 1320.7896722834557 14842.893331425264 912.37572223693132 55.816387137398124 237.42670585401356 36.262767169624567 1021.286058716476 402.30093846656382 53.980405641719699
leaf_count=1595 11720 2184 13721 3407 61084 11246 79272 10365 1947 6402 195 4906 19653 576
internal_value=7.21575e-05 0.00624342 0.00317055 -0.000753644 -0.000435627 0.00135658 -0.00175526 0.00104532 0.0162639 0.0194251 -0.00662197 -0.00732946 0.0211297 0.00305904
internal_weight=32269.5 3809.32 3102.93 28460.2 27017.1 11437.6 15579.4 2682.85 420.081 706.39 1443.14 1352.9 639.728 90.2432
internal_count=228273 65992 37753 162281 155009 72330 82679 24086 13667 28239 7272 6501 26055 771
is_linear=0
shrinkage=0.03


Tree=91
num_leaves=15
num_cat=0
split_feature=6 4 10 6 6 6 10 4 2 2 2 6 4 1
split_gain=198.82 177.993 147.192 99.8227 191.827 121.764 45.155 44.4202 62.5123 63.5348 42.0998 23.1737 14.4561 13.3519
threshold=0.00042086515574809186 -0.0005568306740990624 0.00043976050241178809 0.51690718811834879 0.001081934075729021 1.0004452950692888 -0.00033662987325423901 -0.00020807637958569766 9.657463987436099e-05 -0.00016584671074376035 0.00022813989295361351 4.2383776997449763e-05 -0.00092234728435636171 -1.0000000180025095e-35
decision_type=8 8 8 10 10 10 10 10 10 8 8 10 10 2
left_child=7 3 6 4 -2 -5 -3 11 9 -9 -4 13 -13 -1
right_child=1 2 10 5 -6 -7 -8 8 -10 -11 -12 12 -14 -15
leaf_value=-0.0067839756853446545 0.00016665117771548401 0.009645002436811342 0.013765940351799342 -0.007750111804233387 0.018073596937180615 0.0077771788419948723 -0.00017170382611087111 0.015596295203071578 0.011325132081913419 -0.00077729644945494908 0.027263842874543118 -0.0022610625999540052 -1.8855984871180813e-05 -0.0028214778624749094
leaf_weight=888.26783181168139 2391.6502221021801 672.04643723927438 1169.4956360589713 1821.7825686801225 687.52888206578791 592.23538964800537 1073.5126252472401 214.23436241969466 477.39578136056662 4356.1228782720864 281.63337306492031 5089.8727426435798 5365.048363501206 7072.7305122669786
leaf_count=4174 15452 8509 16439 10786 4855 5160 9948 7495 13253 29355 13869 25024 30251 33261
internal_value=6.17989e-05 0.00393735 0.0095551 0.000645855 0.00422996 -0.00389965 0.003607 -0.00137204 0.00111181 9.48692e-06 0.0165953 -0.00205635 -0.0011173 -0.00327909
internal_weight=32153.6 8689.89 3196.69 5493.2 3079.18 2414.02 1745.56 23463.7 5047.75 4570.36 1451.13 18415.9 10454.9 7961
internal_count=227831 85018 48765 36253 20307 15946 18457 142813 50103 36850 30308 92710 55275 37435
is_linear=0
shrinkage=0.03


Tree=92
num_leaves=15
num_cat=0
split_feature=8 2 2 6 6 8 9 9 9 2 9 2 6 9
split_gain=301.404 241.659 118.822 76.8502 54.1946 54.3144 63.0746 30.839 22.0762 70.3885 21.8953 12.0304 4.3422 15.313
threshold=-3.3219729287770054e-05 0.00018439490148689639 -0.00015451830743978237 1.0003763547323727 1.0010067560512887 -0.0014699468105439648 0.00062868245986420432 0.0020291501841952237 0.0011346608283154642 0.00042394612905905107 0.00084945880428277437 0.00028342982674263336 1.0015469813941806 0.0012841824239546338
decision_type=8 10 8 8 10 10 10 10 10 10 10 10 10 10
left_child=4 2 10 -4 5 7 -7 -1 11 -10 -2 -3 13 -6
right_child=1 8 3 -5 12 6 -8 -9 9 -11 -12 -13 -14 -15
leaf_value=-0.007366626394583459 0.022463643011674882 0.016649449064609873 0.0013640418060814935 0.017202701505070767 0.018691057697897282 -0.0026327184901392482 0.00081045773449687976 0.00014637269031252942 -0.0061950286130058978 0.022619922386780462 0.0094498463508127292 0.026755712126839092 0.022006511953186553 -0.0040975937622820188
leaf_weight=2230.2161199897528 274.49359550140798 368.01327108591795 7219.2379664331675 277.8308210875839 45.372712723910809 12365.958167396486 7768.724094890058 609.58836211264133 120.36442334204912 172.99875607714057 277.92184076830745 322.60031088255346 65.652993261814117 38.771346382796764
leaf_count=9145 8388 11237 64352 4010 424 56282 37397 2588 3262 7034 8124 14916 501 277
internal_value=8.13941e-05 0.00472701 0.00299077 0.00198113 -0.00173207 -0.00185474 -0.00130149 -0.00573799 0.0186971 0.0107851 0.0163075 0.0217704 0.0156448 0.00823344
internal_weight=32157.7 9033.46 8049.48 7497.07 23124.3 22974.5 20134.7 2839.8 983.977 293.363 552.415 690.614 149.797 84.1441
internal_count=227937 121323 84874 68362 106614 105412 93679 11733 36449 10296 16512 26153 1202 701
is_linear=0
shrinkage=0.03


Tree=93
num_leaves=15
num_cat=0
split_feature=8 12 12 9 9 12 6 9 9 12 9 12 10 12
split_gain=295.983 366.974 75.2111 102.87 56.5218 53.3919 69.8514 53.0862 46.5191 120.21 42.6007 30.4798 22.2261 14.5076
threshold=-0.00012803577140391151 0.0014795995572626066 0.00058526740134208337 0.00053607923783016546 0.00040620439226839747 0.0032420515907949613 0.00067633060075387519 0.0001473787897795682 0.00096475721011551364 0.0033893965652691325 0.0011475763699960255 0.0016136338556382143 0.00048694892365446976 0.0020639049044166012
decision_type=10 10 10 10 8 10 10 10 10 10 10 10 10 10
left_child=4 2 7 -4 11 6 -6 -2 13 -10 -7 12 -1 -3
right_child=1 8 3 -5 5 10 -8 -9 9 -11 -12 -13 -14 -15
leaf_value=-0.0042090891917209213 -0.0057977049657189934 0.017447329467899803 0.012465074214096906 -0.00037350565217993977 -0.0011805349735812098 -0.0068636964075066802 0.0050313374852803622 0.001472542592526258 -0.0024088969249416786 0.024431811254020792 -0.00094541385017416098 -0.0090677238139895006 0.0032589378609933117 0.027537641808254954
leaf_weight=3912.0089056640863 1025.1677010729909 387.14791066013277 1245.0005628988147 999.72929560765624 8589.9030924588442 2211.982264533639 1999.9627507925034 7046.7452073022723 285.86509314924479 294.48678755015135 2217.6391745507717 1161.2083018273115 378.28171119838953 420.48084486462176
leaf_count=17260 5630 11407 19087 13971 38858 9039 11347 46507 7885 12046 9446 4699 1737 19166
internal_value=5.5513e-05 0.00386067 0.00189764 0.00674428 -0.00211804 -0.0011615 0 0.000535735 0.0182907 0.0112923 -0.00392309 -0.00473549 -0.00353062 0.0230466
internal_weight=32175.6 11704.6 10316.6 2244.73 20471 15019.5 10589.9 8071.91 1387.98 580.352 4429.62 5451.5 4290.29 807.629
internal_count=228085 135699 85195 33058 92386 68690 50205 52137 50504 19931 18485 23696 18997 30573
is_linear=0
shrinkage=0.03


Tree=94
num_leaves=15
num_cat=0
split_feature=6 6 6 9 6 4 4 12 4 9 6 9 9 12
split_gain=174.563 163.459 177.48 171.023 209.469 133.733 81.5783 143.969 79.0979 44.6407 37.5738 33.5644 25.1531 42.7455
threshold=0.00064034661697397741 0.51690718811834879 1.0003189616527097 0.0011753633770751329 0.0012117283438422943 -1.3435352702095836e-05 -0.00041545619060651123 0.0016651457308823725 -0.0011227090841899321 0.00070870975248929859 0.00073474270286188375 0.0014796390445694755 0.0016699221705390272 0.0045668201538302628
decision_type=10 10 10 10 10 10 10 10 10 10 10 10 10 8
left_child=6 3 5 10 -5 -3 12 9 -4 -8 -2 -9 13 -1
right_child=1 2 8 4 -6 -7 7 11 -10 -11 -12 -13 -14 -15
leaf_value=-0.0020395459212700666 0.010776044103712603 -0.0057595109862751031 0.0016779851075866723 -0.0070826692238544634 0.017729495878841591 0.0098749923077193127 0.0012960093930627506 0.022090804958351914 0.016724995624031978 -0.0055263758749666252 0.024500477050080086 -0.0028476432439927769 0.0025329129674886209 -0.0078086210183436668
leaf_weight=14531.036172645167 302.60920621082187 2536.2375363912433 558.83713266626 701.21896555274725 526.24688369594514 598.84783511608839 7381.1715611927211 344.8523450307548 746.00536878779531 965.74180901423097 672.46793173067272 48.991080846637487 924.5547571349889 1258.6163316741586
leaf_count=73744 2490 17724 4265 5953 4554 16078 49701 14566 13046 7878 5742 1955 4660 5484
internal_value=0.000133524 0.00446233 0.00112496 0.0111273 0.00356378 -0.00273211 -0.00099503 0.00134819 0.0103881 0.000493808 0.0204547 0.0188464 -0.00222409 -0.00250786
internal_weight=32097.4 6642.47 4439.93 2202.54 1227.47 3135.09 25455 8740.76 1304.84 8346.91 975.077 393.843 16714.2 15789.7
internal_count=227840 69852 51113 18739 10507 33802 157988 74100 17311 57579 8232 16521 83888 79228
is_linear=0
shrinkage=0.03


Tree=95
num_leaves=15
num_cat=0
split_feature=8 12 12 9 6 6 6 6 9 8 9 12 12 6
split_gain=270.515 350.559 69.7449 88.1319 50.4357 71.0091 204.679 86.4482 43.8873 51.736 42.468 105.465 35.625 27.6906
threshold=-2.4501823655431739e-05 0.0013873131724913433 0.00057531014492310519 0.00048210400138913611 0.00023616110377760609 0.51690718811834879 0.00090010988123156337 1.0003365170597651 0.00049609507481803707 -0.00076148920487428818 0.00096475721011551364 0.0033893965652691325 0.0032420515907949613 1.0005005896684729
decision_type=10 10 10 10 10 10 10 10 10 10 10 10 10 10
left_child=4 2 13 -4 8 6 -6 -7 9 -1 -3 -12 -10 -2
right_child=1 10 3 -5 5 7 -8 -9 12 -11 11 -13 -14 -15
leaf_value=-0.010980833095894709 -0.00037259095133247033 0.02217411106890425 0.012418137776923821 0.00027588170903782369 -0.00024552546410569519 -0.0073620895247280072 0.015357532180807217 0.0046507359824960841 0.00051967911795469299 -0.0032787310401861877 -0.00086839225560349286 0.024003145982398638 -0.0039454369157741441 0.014589556124620894
leaf_weight=892.01692481338978 4973.4374019019306 882.69559188000858 1078.1957755368203 1085.4497330803424 4957.2927248477936 1828.66928845644 881.42463690042496 748.48607344925404 4906.3031494170427 6786.6522395908833 308.62513843178749 285.40063811838627 2368.5233158618212 103.84885974600911
leaf_count=3591 34637 32961 16074 14917 24461 8631 5077 4681 21760 30187 8257 12086 9535 1290
internal_value=0.000114379 0.00462305 0.00188663 0.00638355 -0.00156622 0.000285022 0.00212192 -0.00384551 -0.0026116 -0.00419439 0.0178975 0.0111814 -0.000929248 -2.66899e-05
internal_weight=32087 8717.65 7240.93 2163.65 23369.4 8415.87 5838.72 2577.16 14953.5 7678.67 1476.72 594.026 7274.83 5077.29
internal_count=228145 120222 66918 30991 107923 42850 29538 13312 65073 33778 53304 20343 31295 35927
is_linear=0
shrinkage=0.03


Tree=96
num_leaves=15
num_cat=0
split_feature=8 12 12 9 9 12 6 6 6 9 6 12 9 6
split_gain=303.84 315.28 66.0897 84.07 45.1254 102.944 42.6695 45.7021 219.914 39.9339 29.5594 27.6916 6.44243 0.590731
threshold=-0.00010652104450270537 0.0013873131724913433 0.00066654871269934723 0.00041979834473802045 0.0013021263949843872 0.0037182906069498111 1.0010067560512887 0.51690718811834879 0.001081934075729021 0.00015299379462758216 1.0003019119348506 0.0022844818947346402 0.0019025694835933394 1.00130043415304
decision_type=8 8 10 10 10 10 10 10 10 10 10 8 10 10
left_child=6 2 9 -4 11 -6 7 8 -1 -2 -9 -3 13 -8
right_child=1 4 3 -5 5 -7 12 10 -10 -11 -12 -13 -14 -15
leaf_value=-0.002084458599079238 -0.0041850961019756156 0.015504683268727774 0.015719716415351807 0.0021740242970576208 -0.0094752883100932776 0.022591110398329613 0.0086903757937732713 -0.0083673803330028933 0.01649466201503566 0.0019733141886922653 -0.00046655447963122703 0.0261946547700211 0.0021611612579134384 0.022506790232633845
leaf_weight=18243.111222617328 1088.6366930454969 638.09169850684702 681.76480964384973 1061.5195934996009 163.22746655717492 176.31447124294937 43.873665004968643 1521.8760502040386 581.49181859195232 6720.5895488038659 614.9968102350831 467.08792200405151 44.085656531155109 52.330634251236916
leaf_count=80908 6138 19033 11232 15578 4277 7328 360 6991 3300 46429 3387 22390 293 451
internal_value=0.000243793 0.00428635 0.00229516 0.00756515 0.0173045 0.00717416 -0.00186118 -0.00197701 -0.00149891 0.00110288 -0.00613422 0.0202708 0.0140258 0.0181824
internal_weight=32099 10997.2 9552.51 1743.28 1444.72 339.542 21101.8 20961.5 18824.6 7809.23 2136.87 1105.18 140.29 96.2043
internal_count=228095 132405 79377 26810 53028 11605 95690 94586 84208 52567 10378 41423 1104 811
is_linear=0
shrinkage=0.03


Tree=97
num_leaves=15
num_cat=0
split_feature=6 4 12 6 6 6 6 4 12 9 9 12 9 9
split_gain=150.458 147.392 137.909 56.6559 173.839 84.368 54.4279 30.9169 107.06 31.6156 31.5637 28.573 27.7799 12.3821
threshold=0.00038942456544724754 -0.00055027074055491443 0.0015281009845297328 0.51690718811834879 0.001081934075729021 1.0008283762076369 0.51690718811834879 -0.00067345211731717469 0.0019536122130446253 0.00012940654206017351 0.0015972396501258564 0.0082924288175919604 0.0012841824239546338 0.0021047273895869671
decision_type=10 10 10 10 10 10 10 10 10 10 10 10 10 10
left_child=7 3 6 4 -2 -5 -3 10 9 -9 11 -1 -10 -4
right_child=1 2 13 5 -6 -7 -8 8 12 -11 -12 -13 -14 -15
leaf_value=-0.0024854633581273436 -0.00031321691994740331 0.011036967717691658 0.02444738141025226 -0.0048693471203635217 0.016782965676628528 0.013477342361811128 0.0023392170047059693 -0.0056513445548396178 0.022789600283535844 -1.0794275121119319e-05 0.0035046387322172161 -0.015791506945408269 -0.00036901166626773752 0.0036781752255784098
leaf_weight=10444.496923167259 2680.1894629206508 1089.2543963752687 455.11779190693051 2158.8873492926359 656.79818416945636 240.77788354642689 1649.5000319387764 970.27091498859227 218.19545574951917 10451.596688695252 781.67287243530154 139.57378587499261 51.846123177558184 38.804440537467599
leaf_count=49904 17148 9229 21670 13508 4807 2491 17391 5106 10418 68198 3716 570 2192 1762
internal_value=0.000146235 0.00344255 0.00855614 0.000540661 0.00307388 -0.00295528 0.00584787 -0.00113435 -4.57287e-05 -0.000499724 -0.00224792 -0.00268134 0.0182746 0.0230401
internal_weight=32027 8969.33 3232.68 5736.65 3336.99 2399.67 2738.75 23057.7 11691.9 11421.9 11365.7 10584.1 270.042 493.922
internal_count=228110 88006 50052 37954 21955 15999 26620 140104 85914 73304 54190 50474 12610 23432
is_linear=0
shrinkage=0.03


Tree=98
num_leaves=14
num_cat=0
split_feature=8 12 6 12 9 12 6 8 9 9 9 9 9
split_gain=248.327 309.206 61.3693 58.3202 95.289 55.4189 40.8514 42.3241 55.8878 42.9972 15.0281 12.4373 0.333833
threshold=-0.00012803577140391151 0.0012561074382327125 1.0005670613242652 0.002600077568207999 0.0008165749414119133 0.00033113368425983749 1.00130043415304 -0.00092498047259137451 0.00034163566926273206 0.00050325614060451869 0.0010856372506962196 0.0015972396501258564 0.0015972396501258564
decision_type=10 10 10 10 10 10 10 10 10 10 10 10 10
left_child=6 2 5 4 -3 -2 7 9 -9 -1 -4 -5 -8
right_child=1 3 10 11 -6 -7 12 8 -10 -11 -12 -13 -14
leaf_value=-0.011711036340326143 -0.00039360695687700332 0.01792201258975655 0.023550084352296476 0.026486071496377897 -0.00082508496350938601 0.0043016295884470276 0.022780687513493145 -0.0041143839852088391 0.00010357919748722603 -0.0031812655737246944 0.0010306733231556461 0.013828912872053557 0.009134841977844815
leaf_weight=588.2787267267704 6173.8452787473798 665.05744709260762 131.9777107834816 425.15470084827393 371.51277384907007 3542.009359754622 38.475426219403744 3863.4575006961823 10369.28376557678 5607.9442650675774 41.032769784331322 157.40023808181286 48.751431666314602
leaf_count=2373 36842 21258 1855 21255 8684 38977 351 16638 49255 23618 574 6184 340
internal_value=0.000123189 0.00365044 0.00164682 0.0157656 0.0112019 0.00131458 -0.00185322 -0.00194728 -0.00103925 -0.00401833 0.0188852 0.0234586 0.017495
internal_weight=32024.2 11508 9888.87 1619.13 1036.57 9715.85 20516.2 20429 14232.7 6196.22 173.01 582.555 87.2269
internal_count=228204 135629 78248 57381 29942 75819 92575 91884 65893 25991 2429 27439 691
is_linear=0
shrinkage=0.03


Tree=99
num_leaves=15
num_cat=0
split_feature=8 12 6 12 9 12 6 9 12 8 9 9 12 9
split_gain=240.308 314.461 78.2047 57.6657 50.685 53.4715 43.3357 43.145 90.7899 39.4057 30.9697 26.6887 23.9674 13.7741
threshold=-0.00014756592420839262 0.0014795995572626066 1.0005005896684729 0.0004126961967242789 0.00046413597441084413 0.0042031433812724853 0.00073474270286188375 0.0012841824239546338 0.0033893965652691325 -0.00063219241339473864 0.0016316444187690342 0.00025979578419963253 0.0019536122130446253 0.0011346608283154642
decision_type=10 10 10 10 8 10 10 10 10 10 10 10 10 10
left_child=4 2 3 -2 9 6 -6 12 -9 -1 -7 -11 -3 -4
right_child=1 7 13 -5 5 10 -8 8 -10 11 -12 -13 -14 -15
leaf_value=-0.0087365250494087603 -0.00014146741016639878 0.013770079291526611 0.021842838170956867 0.0047466692562311424 -0.0008769836889013057 -0.0069376013226988605 0.0040479822399917429 -0.009738222811886783 0.020836670063562129 -0.0057099886743648895 -0.00022995815587893039 -0.0012372989015223704 0.024821761496279331 0.0017087012194590312
leaf_weight=1350.7012324482203 7408.7552420943975 374.89142674207687 190.66224273853004 3049.7838613651693 8690.609315469861 1812.0149887651205 1962.307670161128 144.66133393906057 189.1089937556535 1956.6913284957409 968.3095466196537 3221.6579527184367 570.12386569660157 46.036623615771532
leaf_count=5460 44389 10907 2686 39795 38843 7423 11019 3741 8133 8312 4145 14525 27889 660
internal_value=1.71367e-05 0.00337744 0.00168264 0.00128139 -0.00199616 -0.000935177 2.75322e-05 0.0173825 0.0075127 -0.00416515 -0.00463222 -0.00294666 0.0206904 0.0183981
internal_weight=31936.3 11974 10695.2 10458.5 19962.3 13433.2 10652.9 1278.79 333.77 6529.05 2780.32 5178.35 945.015 236.699
internal_count=227927 138200 87530 84184 89727 61430 49862 50670 11874 28297 11568 22837 38796 3346
is_linear=0
shrinkage=0.03


Tree=100
num_leaves=15
num_cat=0
split_feature=4 10 9 2 11 2 9 9 2 2 2 7 9 11
split_gain=109.429 176.605 61.158 54.1645 45.3998 36.492 33.6185 32.5578 27.2227 21.7802 15.655 4.28156 15.4187 3.86303
threshold=-0.00010413914809637158 0.00029469542297681464 0.00012940654206017351 0.00021457840328135882 -0.0046477947965272827 7.4466139510331986e-05 0.00034163566926273206 0.0008165749414119133 -0.00011138149163409342 -0.00011548230938281553 0.001096642504878915 0.78764473627220999 0.00011478051826750459 -0.0008432035973177551
decision_type=10 10 10 10 10 10 10 10 10 8 10 10 10 10
left_child=2 5 11 6 10 9 -3 -7 -6 -2 -4 13 -13 -1
right_child=1 3 4 -5 8 7 -8 -9 -10 -11 -12 12 -14 -15
leaf_value=-0.012695579031325184 0.0084643911622826074 0.019056338104092643 -0.0033763040644498674 0.025332587230638959 -0.0020716012298985734 0.011646510920482505 0.007070681640883144 -0.0060673064294950937 0.00049416595445880298 -0.0016324292335701271 -0.010535573275622337 -0.015984724661828383 0 -0.005003262782693153
leaf_weight=85.516534239053726 196.07436192035675 283.67103103734553 1702.9045589677989 256.35223820619285 4580.7460255920887 403.56496434193105 965.62149641755968 108.86732198111713 19645.933711703867 2658.3505949527025 338.87819358333945 210.19252584129572 73.878553677350283 443.31394573301077
leaf_count=349 5771 4915 7129 15565 24648 9116 18136 3865 115735 17683 1399 1027 370 2249
internal_value=0.000133864 0.00426949 -0.000609307 0.0127748 -0.000354504 0.00042163 0.00996957 0.00772422 5.9042e-06 -0.000890789 -0.00463934 -0.00866586 -0.0120055 -0.00657106
internal_weight=31953.9 4872.5 27081.4 1505.64 26268.5 3366.86 1249.29 512.432 24226.7 2854.42 2041.78 812.902 284.071 528.83
internal_count=227957 75051 152906 38616 148911 36435 23051 12981 140383 23454 8528 3995 1397 2598
is_linear=0
shrinkage=0.03


Tree=101
num_leaves=15
num_cat=0
split_feature=8 12 10 9 10 8 9 8 9 12 9 12 10 8
split_gain=206.419 280.717 57.4696 52.8632 52.6056 41.5741 55.732 51.7354 40.4739 100.146 25.2737 24.0415 19.2996 6.67715
threshold=-0.0001034357596538804 0.0014795995572626066 0.00023007510027563954 0.00035516612393236694 -0.00014944166461408633 -0.0026785311976648125 0.00089249067236095556 -0.00057469224963940791 0.0011346608283154642 0.0033893965652691325 0.0025785745530084725 0.0019753989825419507 -0.0029653264868196067 -0.0041982459305931466
decision_type=10 10 10 10 8 8 10 8 10 10 10 10 10 10
left_child=5 2 4 -4 -2 10 7 -7 11 -10 -1 -3 -8 -12
right_child=1 8 3 -5 -6 6 12 -9 9 -11 13 -13 -14 -15
leaf_value=-0.011877874662536749 0.0024560715064814677 0.013748028304107218 0.011506562322981704 0.0025771799121101524 -0.0029684305696456715 -0.0044441163750949322 0.015656276995038004 -0.00082036408830247446 -0.0066258142000270095 0.022282099987538894 -0.0049562170615156465 0.025406806062594614 0.0010878193084312207 0.0050822872681524963
leaf_weight=536.84888079762459 3946.0782891903073 353.27010230533779 865.11729601584375 1984.6072527188808 2699.2092220112681 5810.0603188723326 73.980941876769066 9223.4591679424047 194.47228212188929 216.69925466086715 106.37540249526501 479.84615589492023 5283.7376373708248 111.98301753401756
leaf_count=2196 34193 10746 9542 21820 15847 24156 371 43208 5226 9805 454 24765 25014 483
internal_value=0.000166856 0.00355377 0.00178268 0.00533969 0.000242561 -0.00155123 -0.00128945 -0.00222686 0.016899 0.00863434 -0.008432 0.0207559 0.00132896 0
internal_weight=31885.7 10739.3 9495.01 2849.72 6645.29 21146.4 20391.2 15033.5 1244.29 411.172 755.207 833.116 5357.72 218.358
internal_count=227826 131944 81402 31362 50040 95882 92749 67364 50542 15031 3133 35511 25385 937
is_linear=0
shrinkage=0.03


Tree=102
num_leaves=14
num_cat=0
split_feature=8 2 2 6 6 2 6 10 9 2 9 5 6
split_gain=196.083 175.291 90.7527 72.6541 36.1411 35.8809 45.8338 33.1986 24.6937 23.5098 19.079 5.12787 5.09992
threshold=-9.760284687415631e-05 0.00017070204538759909 -0.0002049386463074801 0.00038942456544724754 1.0011274035882831 -0.00036828958308754249 0.00064034661697397741 0.00043976050241178809 0.0014534376508239944 0.00042394612905905107 0.0016316444187690342 -0.00019578994703797756 1.709386514721598e-07
decision_type=10 10 8 10 10 10 10 10 10 10 10 10 10
left_child=4 2 8 -4 5 10 -7 9 -2 -3 -1 -6 -9
right_child=1 7 3 -5 11 6 -8 12 -10 -11 -12 -13 -14
leaf_value=-0.0085842185579563766 0.022323240093463585 0.0053327125407383264 -0.00015314615018562885 0.0056330098326973803 0.019341731075846635 -0.0020250451984207348 0.0019163270747911743 0 0.0023611700476038051 0.021449403644354412 0 0.0027211660840566723 0.021732217055649834
leaf_weight=986.60937306284904 239.11732418648899 368.6014514779672 6514.8218485713005 2767.5068670380861 71.202588818967342 16858.398791149259 3128.0384712889791 9.6338968686759454 84.211265306919813 106.45498680043966 321.8089679479599 37.339174419641495 466.09797930624336
leaf_count=4149 9999 11361 50058 29504 605 73989 16728 453 2800 4694 1413 281 22356
internal_value=1.66126e-05 0.00336258 0.0021309 0.00156973 -0.00163166 -0.00172537 -0.00140454 0.0155919 0.0175309 0.00943573 -0.00653287 0.0148422 0.0212949
internal_weight=31959.8 10556.4 9605.66 9282.33 21403.4 21294.9 19986.4 950.788 323.329 475.056 1308.42 108.542 475.732
internal_count=228390 131225 92361 79562 97165 96279 90717 38864 12799 16055 5562 886 22809
is_linear=0
shrinkage=0.03


Tree=103
num_leaves=15
num_cat=0
split_feature=8 12 12 9 8 9 10 10 8 9 9 10 9 8
split_gain=197.47 254.145 87.6398 131.121 44.9754 58.526 38.2973 41.7494 33.9622 27.4357 19.8399 18.9962 12.8845 6.27979
threshold=-0.00010652104450270537 0.00079280153736830436 0.002600077568207999 0.0008293136889302267 -0.0028628288367502637 0.000885306646754423 0.00023007510027563954 -0.00010089440681434179 -0.00063892544214827474 0.00033817177392504461 0.0021851522518614016 -0.0025936074176666993 0.0015972396501258564 -0.0041982459305931466
decision_type=10 10 10 10 10 10 10 8 10 10 10 10 10 10
left_child=4 6 3 -3 10 8 7 -2 -6 -8 -1 -7 -4 -12
right_child=1 2 12 -5 5 11 9 -9 -10 -11 13 -13 -14 -15
leaf_value=-0.013840488041412281 0.0015169354389688256 0.013396578238358275 0.025689502850136266 -0.0034409353452802215 -0.0043356790519757616 0.011639207932453897 0.0096087635615291541 -0.0036434272678477712 -0.0012850314678221264 0.0020570294616250569 -0.0073057052727083984 0.00098638773926839154 0.012599781729512325 0.0011644269872301948
leaf_weight=369.05486382544041 3721.490357529372 1466.7250503338873 384.44854185171425 567.67128440365195 4963.4595504105091 146.58695251494646 604.53378444164991 2254.2184673696756 9974.1263665705919 1600.2499997019768 136.72000938653946 5383.6758376508951 146.56882683653384 143.77904462814331
leaf_count=1507 25921 35719 21149 11374 20519 719 4909 12947 46295 14046 578 25395 6152 611
internal_value=0.000102275 0.00341295 0.0116336 0.0086751 -0.00158039 -0.0013278 0.000816576 -0.000422521 -0.00230494 0.00418878 -0.00930801 0.00130008 0.0224871 -0.00286689
internal_weight=31863.3 10745.9 2565.41 2034.4 21117.4 20467.8 8180.49 5975.71 14937.6 2204.78 649.554 5530.26 531.017 280.499
internal_count=227841 132217 74394 47093 95624 92928 57823 38868 66814 18955 2696 26114 27301 1189
is_linear=0
shrinkage=0.03


Tree=104
num_leaves=14
num_cat=0
split_feature=8 2 2 9 9 8 9 10 10 9 9 9 8
split_gain=185.58 160.584 78.3848 47.8102 44.6733 53.3952 34.8492 34.1051 32.124 25.9987 21.6042 15.908 17.1043
threshold=-4.5129521275222288e-05 0.00018439490148689639 -0.00016584671074376035 0.00082302884157990088 0.00025979578419963253 -0.00076148920487428818 0.00077401562840747045 0.00043976050241178809 0.00084725636065940166 0.0014534376508239944 0.00096475721011551364 8.930513594224318e-05 -0.00035252985263223286
decision_type=10 10 8 10 8 8 10 10 10 10 10 10 10
left_child=4 2 9 -4 11 6 -6 10 -7 -2 -3 -1 -13
right_child=1 7 3 -5 5 8 -8 -9 -10 -11 -12 12 -14
leaf_value=-0.01305103890917228 0.0185018311562321 0.015468745909725167 0.0025983420810691349 -0.0044561071375172996 -0.0054011094161208282 -0.00011192181048356793 -0.0012360853142902523 0.022338537739423507 0.0050099408923686339 8.0128503116984586e-05 0.0012202860730483182 -0.0075667806878509493 -0.0024965294634466929
leaf_weight=192.98526157438755 338.07985708583146 224.60078008566052 6775.9281758069992 976.2817109785974 2875.5803131461143 10680.208252869546 5003.9511155337095 419.16670732200146 1216.5002388656139 94.297811565920711 181.53889802657068 900.96391871571541 1976.4456630051136
leaf_count=836 12481 8590 60999 10220 11768 51193 21616 21663 6965 2967 6084 3675 8882
internal_value=5.45743e-05 0.00370019 0.0024096 0.00169761 -0.00138149 -0.000853865 -0.00276861 0.0162451 0.000410544 0.0147125 0.00942643 -0.00474662 -0.0041256
internal_weight=31856.5 9009.89 8184.59 7752.21 22846.6 19776.2 7879.53 825.306 11896.7 432.378 406.14 3070.39 2877.41
internal_count=227939 123004 86667 71219 104935 91542 33384 36337 58158 15448 14674 13393 12557
is_linear=0
shrinkage=0.03


Tree=105
num_leaves=14
num_cat=0
split_feature=8 12 6 12 6 8 12 5 6 6 4 4 5
split_gain=155.814 247.318 71.0517 50.9323 39.3092 38.9424 36.7326 33.7454 30.7135 15.038 9.29101 9.08088 2.82135
threshold=-0.0001034357596538804 0.0016306819749303098 1.0005005896684729 0.00024490993019287576 1.0011274035882831 -0.00330539881759162 0.0031528267668526947 -0.00086509057332731498 0.00023232339535417569 0.00036166061577828945 -0.0019935970503242579 -0.0035507832625342735 -0.0025792903484322944
decision_type=10 10 10 10 10 10 10 10 10 10 10 10 10
left_child=4 2 3 -2 5 9 7 -3 -7 -1 -4 -6 -8
right_child=1 6 10 -5 11 8 12 -9 -10 -11 -12 -13 -14
leaf_value=-0.0049881540022626387 -0.0011559698948595165 -0.00739557684371906 0 0.0032532646161224747 0.002810899407295773 -0.0022704844608871511 0.00061109395165007574 0.01425510714978994 0.00013280840348871783 -0.01699653111153859 0.020250763496959805 0.022082186007460355 0.024844209485020675
leaf_weight=247.81602561473846 4729.1387166082859 62.698496583849192 24.076327111572027 4659.3878269083798 46.931462705135345 13291.966338023543 10.047703869640825 584.37600794434547 7402.5052169635892 181.083042293787 190.32929532416165 65.464249327778816 373.12642772961408
leaf_count=997 28052 1384 318 54193 288 56888 308 24412 36676 777 3003 621 20419
internal_value=-1.371e-05 0.00294721 0.00143367 0.00102702 -0.00149982 -0.0015999 0.0168479 0.0119853 -0.00140827 -0.0104666 0.0181337 0.0154127 0.0243931
internal_weight=31868.9 10633.2 9602.93 9388.53 21235.8 21123.4 1030.25 647.075 20694.5 428.899 214.406 112.396 383.174
internal_count=228336 132089 85566 82245 96247 95338 46523 25796 93564 1774 3321 909 20727
is_linear=0
shrinkage=0.03


Tree=106
num_leaves=15
num_cat=0
split_feature=8 12 12 9 6 9 12 10 6 9 8 9 9 9
split_gain=162.294 248.628 65.6897 104.184 63.4754 35.2597 40.6068 41.9552 32.7361 30.0842 21.2992 15.0418 13.4799 11.7354
threshold=-0.00013813999502748639 0.0009967921693720377 0.0027651016575196857 0.00056284840971175586 1.0003556065008685 0.00034163566926273206 0.0032420515907949613 0.001257972660741444 0.00013270464115583031 0.0021851522518614016 -0.00086424836884046996 0.00085641352404714573 0.0016316444187690342 0.00012256093074305434
decision_type=10 10 10 10 10 10 10 10 10 10 10 10 10 10
left_child=5 4 3 -3 8 10 7 -7 -2 -8 -1 -6 -4 -12
right_child=1 2 12 -5 11 6 9 -9 -10 -11 13 -13 -14 -15
leaf_value=-0.013860315220108586 -0.001353444450247045 0.018717321248620338 0.026106191179554095 0.0026012548575590376 0.017634718780333986 -0.00044230976992906728 -0.0042829037704546075 0.006896487151989047 0.0022050476116315487 0.002940762836304121 -0.0090946345607975237 0.0018401901834304089 0.01194338007092363 -0.0029814062697448422
leaf_weight=185.89246955513954 4508.2399120889604 622.83228258229792 331.24369103927165 873.55109077878296 236.77006262913346 11122.974854364991 3902.2283635288477 738.17269939184189 4768.5649960935116 580.8758093342185 315.65619157254696 84.172728057950735 128.74590364657342 3400.4423471018672
leaf_count=752 28864 19143 19482 22025 2841 51584 16180 4120 37766 2535 1320 1108 5695 14588
internal_value=9.89749e-05 0.0029363 0.0126573 0.00942872 0.000937451 -0.00151792 -0.000900227 1.47871e-05 0.000469675 -0.00332912 -0.00408098 0.0138544 0.0226083 -0.0035398
internal_weight=31800.4 11554.1 1956.37 1496.38 9597.75 20246.2 16344.3 11861.1 9276.8 4483.1 3901.99 320.943 459.99 3716.1
internal_count=228003 136924 66345 41168 70579 91079 74419 55704 66630 18715 16660 3949 25177 15908
is_linear=0
shrinkage=0.03


Tree=107
num_leaves=14
num_cat=0
split_feature=6 4 12 6 6 4 12 12 6 6 4 6 2
split_gain=122.813 62.493 168.631 61.5988 248.312 57.0462 42.7327 32.4887 25.722 22.3057 17.2798 9.16387 8.90203
threshold=1.000397492241013 -0.00020807637958569766 0.0009967921693720377 0.51690718811834879 0.00086713053441019863 -0.0012512970040869373 0.002600077568207999 0.00048670587109766089 1.0015469813941806 1.0000818756533125 -0.0031270837023800175 1.0008283762076369 7.6448745124447207e-05
decision_type=10 10 10 8 10 10 10 10 10 10 10 10 10
left_child=1 3 7 4 -1 8 -4 -3 10 -5 -2 12 -7
right_child=5 2 6 9 -6 11 -8 -9 -10 -11 -12 -13 -14
leaf_value=-0.0011762476550264513 -0.010399051446914017 -0.001052254407015441 0.0095823996687191514 -0.0085806470235214038 0.013461513352613648 0.0094877356140723769 0.02409506337039791 0.004327250828002103 0.018299033951081921 -0.0026456464928688627 0.0031725604003094692 0.023955058689758713 0.020674836306860095
leaf_weight=20911.459936281666 114.79849753342569 4108.1756564229727 758.39392374642193 1132.6223282273859 1087.4764821585268 283.99458904843777 258.22432160656899 1327.0324506014585 62.45292360894382 1241.3725038785487 244.28968387655914 151.27505009435117 120.67365618050098
leaf_count=109125 728 25082 24502 6942 8189 2715 17192 14442 607 8601 2058 3819 4266
internal_value=8.47827e-05 -0.000246864 0.00237367 -0.000943703 -0.000444143 0.0105006 0.0135259 0.000255694 0.00193442 -0.00552649 -0.00116784 0.0167408 0.0133866
internal_weight=31802.2 30824.8 6451.83 24372.9 21998.9 977.484 1016.62 5435.21 421.541 2373.99 359.088 555.943 404.668
internal_count=228268 214075 81218 132857 117314 14193 41694 39524 3393 15543 2786 10800 6981
is_linear=0
shrinkage=0.03


Tree=108
num_leaves=14
num_cat=0
split_feature=8 12 6 12 9 6 6 12 9 9 9 12 9
split_gain=139.655 239 55.2841 45.6616 101.94 43.0876 38.6653 35.6465 44.1441 27.8759 26.6207 13.8867 3.41696
threshold=-0.0001034357596538804 0.0013422856936716866 1.0003763547323727 0.0033893965652691325 0.0011346608283154642 3.5580493209860615e-05 1.0009118180188745 0.0059620133988414837 0.000885306646754423 0.00085641352404714573 0.0010201708832603426 0.0040455885778552299 0.0027643623868514587
decision_type=10 10 10 10 10 10 10 8 10 10 8 10 10
left_child=6 2 5 4 -3 -2 7 8 -1 -4 -9 -8 -5
right_child=1 3 9 12 -6 -7 11 10 -10 -11 -12 -13 -14
leaf_value=-0.0018052475478220072 -0.0024667458274650754 0.016423797963868302 0.019612537552505197 0.026196556542210918 -0.0067278514537906431 0.0021607310569547191 0.01880579224895022 -0.015555242031674334 0.001489439878981962 -8.6800165548529687e-05 -0.0040411681462169955 0 0.0079967258256415704
leaf_weight=14934.778950601816 2490.3431154713035 777.21434311475605 207.80406508035958 290.62976482789963 208.52572058513761 6498.7867295499891 106.8966366276145 217.26629953086376 4819.3888483271003 83.267533794045448 1109.5838611125946 50.072320558130741 31.152140008285642
leaf_count=66649 17519 30426 2951 17185 5552 55964 1008 881 22750 1219 4592 284 1409
internal_value=0.00019387 0.00300848 0.00130241 0.0149701 0.0114476 0.000870754 -0.00120722 -0.0013231 -0.000998066 0.0139621 -0.00607369 0.0131433 0.0249096
internal_weight=31825.7 10587.7 9280.2 1307.52 985.74 8989.13 21238 21081 19754.2 291.072 1326.85 156.969 321.782
internal_count=228389 132225 77653 54572 35978 73483 96164 94872 89399 4170 5473 1292 18594
is_linear=0
shrinkage=0.03


Tree=109
num_leaves=15
num_cat=0
split_feature=8 2 10 9 10 8 9 6 6 9 6 9 2 9
split_gain=149.354 142.386 74.169 61.5853 55.6948 43.2072 46.4051 45.3963 43.6433 24.8861 26.1065 21.9145 48.039 8.25037
threshold=-0.00010652104450270537 0.00024595794607017326 0.00025886132799065974 0.00034163566926273206 -0.00019871415079158658 -0.0018981022465388573 0.000885306646754423 1.0005670613242652 0.00097864150655551795 0.0014045591352146267 0.00044596003586020756 0.0011346608283154642 0.00053123325488166437 0.0008165749414119133
decision_type=10 10 10 10 8 10 10 10 8 10 10 10 10 8
left_child=5 2 4 -4 -2 9 7 -7 -8 13 -11 -3 -13 -1
right_child=1 11 3 -5 -6 6 8 -9 -10 10 -12 12 -14 -15
leaf_value=-0.016474330674651032 0.0030479688201014285 0.023592595056787406 0.014222540179255092 0.0037610951473462406 -0.0022246689253531517 -0.0019794673617910463 9.5727860217009549e-05 0.015771602578495341 0.0072437674121665812 0.0016125441650269648 -0.0081583801625898095 -0.0049482243501693668 0.023045430371722124 -0.0079706019574780611
leaf_weight=161.73701378703117 3760.1716545550153 303.82151602953672 661.45068585220724 2232.738276084885 3437.6498313248158 14670.901980757713 3687.6875733286142 120.21885116025805 967.31254203617573 541.37741743028164 426.03524819016457 97.97520106099546 101.50450665690005 580.91560953855515
leaf_count=659 40778 18520 9176 33656 20934 65218 16817 893 5727 2172 1898 3782 5671 2362
internal_value=4.99027e-05 0.00295754 0.00216456 0.0062134 0.000521862 -0.00140416 -0.000996767 -0.00182058 0.0016063 -0.00596921 -0.0026685 0.0183893 0.00942995 -0.0100966
internal_weight=31751.5 10595.3 10092 2894.19 7197.82 21156.2 19446.1 14791.1 4655 1710.07 967.413 503.301 199.48 742.653
internal_count=228263 132517 104544 42832 61712 95746 88655 66111 22544 7091 4070 27973 9453 3021
is_linear=0
shrinkage=0.03


Tree=110
num_leaves=15
num_cat=0
split_feature=6 6 9 6 6 11 6 6 9 5 11 3 11 7
split_gain=108.793 139.237 168.493 191.932 130.954 33.6882 33.6852 28.8245 22.3343 23.3321 16.4431 10.31 9.26546 8.40599
threshold=0.00064034661697397741 0.51690718811834879 0.001161503473709854 0.0012937425094929052 1.0002061653507122 0.00066102582685382259 0.00090010988123156337 1.0005319066970972 8.930513594224318e-05 -0.00059479410642634945 0.0036117270963120364 1.4689880076357327e-05 0.0012731953373350115 -0.54567287489854543
decision_type=10 10 10 10 10 10 10 10 10 10 10 10 10 10
left_child=8 2 6 -4 5 -3 -2 -6 11 12 -11 13 -10 -1
right_child=1 4 3 -5 7 -7 -8 -9 9 10 -12 -13 -14 -15
leaf_value=-0.0011975654656538374 0.014670637195101203 -0.0065161745000397149 -0.0066547421070744612 0.017882297128824335 0.003663567723396253 0.0007229245923126977 0.027724252290321341 0.011733060090263397 -0.0021002553829171902 -0.0002485011579982005 0.013898540654191778 0 -0.00671120589011552 -0.013522620133302856
leaf_weight=80.982305388897657 606.95666658226401 1610.2202167548239 764.02259395178407 444.93106126226485 1133.6862548729405 875.31150776986033 316.32110954634845 647.31948991119862 4043.2892682496458 20322.280274689198 64.09637969173491 116.37095396406949 445.99101496487856 214.89800751581788
leaf_count=388 5150 11363 6634 4058 13464 16015 2927 10329 19320 129881 3263 650 3406 1034
internal_value=0.00013442 0.0036274 0.00986936 0.00239902 0.000478124 -0.00395011 0.0194563 0.00667912 -0.000748145 -0.000629116 -0.000194288 -0.00760343 -0.00258557 -0.0104948
internal_weight=31686.7 6398.77 2132.23 1208.95 4266.54 2485.53 923.278 1781.01 25287.9 24875.7 20386.4 412.251 4489.28 295.88
internal_count=227882 69940 18769 10692 51171 27378 8077 23793 157942 155870 133144 2072 22726 1422
is_linear=0
shrinkage=0.03


Tree=111
num_leaves=15
num_cat=0
split_feature=8 2 2 6 2 9 9 8 10 9 9 8 10 2
split_gain=125.485 148.034 77.8352 39.469 38.0576 65.8953 34.326 44.7259 32.6311 28.0383 23.7567 15.9453 10.6225 3.91475
threshold=-0.0001034357596538804 0.00013339724033344823 -0.0002049386463074801 1.0005670613242652 0.00042394612905905107 0.0005549667136506073 0.00024487207899607095 -0.00076148920487428818 0.00084725636065940166 0.0011346608283154642 0.0014534376508239944 -0.00035252985263223286 0.00029469542297681464 0.000126638920211001
decision_type=8 10 8 10 10 10 10 10 10 10 10 10 10 10
left_child=6 2 10 -4 5 -3 11 9 -9 -8 -2 13 -13 -1
right_child=1 4 3 -5 -6 -7 7 8 -10 -11 -12 12 -14 -15
leaf_value=-0.012504534541797967 0.021537336455462155 0.019427503800684212 0.00075848819575658768 0.01644090679755391 0.02427199723526156 0.0032699074782496116 -0.0038409464811337943 -0.00011175025867299148 0.0051557225747470908 -0.00010868405391073119 0.0013703534831599614 -0.0036742313998791064 0.0042488530557054233 -0.0065833932855636577
leaf_weight=181.64177349209785 213.59760774392635 384.86178138013929 8899.0539304241538 137.37183226831257 214.911212047562 573.1465213727206 5067.7804084047675 9905.6177180334926 1172.6022884659469 2869.5521891713142 79.162275867536664 1264.0582480430603 157.77232572436333 614.05661521852016
leaf_count=752 9979 14174 71582 2118 13612 17637 21047 46451 6651 12589 2792 5497 703 2487
internal_value=0.000125209 0.00280774 0.00153099 0.00102144 0.0128133 0.00995654 -0.00119947 -0.000782492 0.000444535 -0.00250102 0.0165077 -0.00472862 -0.00272961 -0.00814796
internal_weight=31735.2 10502.1 9329.19 9036.43 1172.92 958.008 21233.1 19015.6 11078.2 7937.33 292.76 2217.53 1421.83 795.698
internal_count=228071 131894 86471 73700 45423 31811 96177 86738 53102 33636 12771 9439 6200 3239
is_linear=0
shrinkage=0.03


Tree=112
num_leaves=15
num_cat=0
split_feature=8 12 12 9 9 12 9 12 9 2 9 10 8 8
split_gain=125.315 197.873 64.6166 110.04 37.6909 69.875 37.6597 36.8318 38.9402 34.5388 21.845 21.8115 10.1428 4.2494
threshold=-0.00013813999502748639 0.0019753989825419507 0.00057531014492310519 0.00041979834473802045 0.0011346608283154642 0.0033893965652691325 9.8495114286486983e-05 0.0077746973858401078 0.00087790572635246006 -0.00051517048127620293 0.0025785745530084725 0.0026068401353066583 -0.0041982459305931466 -0.0041982459305931466
decision_type=8 10 10 10 10 10 8 10 10 10 10 10 10 10
left_child=7 2 6 -4 -3 -6 -2 8 9 -1 12 -10 -9 -12
right_child=1 4 3 -5 5 -7 -8 10 11 -11 13 -13 -14 -15
leaf_value=-0.016482749399121168 -0.0079452092710674532 0.024140568347058026 0.013978817076101583 0.0010338578098928151 -0.0085992199694507054 0.020325302512683604 0.00086301870907439849 -0.019625526134503652 0.00071901469594834867 -0.0016657199145478207 -0.0038394433375392467 0.0096300989726995478 -0.0083451690336031111 0.0042124368799476937
leaf_weight=134.21177451312542 452.38280127942562 400.49688126798719 933.33718501683325 1617.4102562405169 112.65168174915016 182.07063178997487 7729.54018253088 108.33371882140636 5189.1241004802287 13921.417977973819 108.94313943386078 251.65713379532099 398.1541859805584 106.71588943898678
leaf_count=541 2397 24657 17330 28556 3756 9814 50443 442 24437 61676 463 1265 1631 462
internal_value=0.000177385 0.00268876 0.0016695 0.00583004 0.018092 0.0091532 0.000359579 -0.00123975 -0.000987615 -0.00182309 -0.00785839 0.00115911 -0.0112074 0
internal_weight=31646.4 11427.9 10732.7 2550.75 695.219 294.722 8181.92 20218.6 19496.4 14055.6 722.147 5440.78 506.488 215.659
internal_count=227870 136953 98726 45886 38227 13570 52840 90917 87919 62217 2998 25702 2073 925
is_linear=0
shrinkage=0.03


Tree=113
num_leaves=15
num_cat=0
split_feature=8 12 6 6 12 8 6 6 5 12 3 6 5 5
split_gain=120.333 203.467 56.7462 53.3972 47.5274 31.1539 29.2618 31.0602 28.8559 21.6753 9.37885 14.1653 3.95017 1.64611
threshold=-0.00015722896124059635 0.0013422856936716866 0.00042086515574809186 0.51690718811834879 0.0033893965652691325 -0.0017959832348634073 1.0009118180188745 0.51690718811834879 -0.00069838267016211753 0.00016113426974090993 0.00032412587935448737 0.0014006027761517897 -0.0020774240487139712 -0.0033801434836114859
decision_type=10 10 10 10 10 10 10 10 10 10 8 10 8 10
left_child=5 2 9 -4 8 10 7 -7 -3 -2 11 -1 -12 -6
right_child=1 4 3 -5 13 6 -8 -9 -10 -11 12 -13 -14 -15
leaf_value=-0.0048216592906287093 -0.0025656890054024076 -0.0027805964038848637 0.009589091369097363 0.0012464867447982628 0 -0.00070223100502827499 0.013537703692361722 -0.0048702948869322063 0.012267198191488629 0.00080657642136036005 -0.001572551240686302 0.0045398132964853451 -0.010505950574410223 0.024731304142828685
leaf_weight=1355.7968909591436 2538.2323026061058 121.79390652291477 1157.1737351380289 1747.8910395298153 4.815027091652154 15895.166408888996 112.72922421991825 1790.7494336813688 828.79134294763207 5210.1779796015471 74.37234029173851 148.34617753326893 341.46544761955738 288.91239043325186
leaf_count=5544 14143 2645 10857 18886 165 70749 1019 8579 33334 41154 322 676 1434 18289
internal_value=1.17309e-05 0.00239512 0.00104242 0.00461167 0.013828 -0.00142379 -0.00102634 -0.00113016 0.0102679 -0.000292263 -0.00505275 -0.00383487 -0.00912356 0.0244349
internal_weight=31616.4 11897.8 10653.5 2905.06 1244.31 19718.6 17798.6 17685.9 950.585 7748.41 1919.98 1504.14 415.838 293.727
internal_count=227796 139473 85040 29743 54433 88323 80347 79328 35979 55297 7976 6220 1756 18454
is_linear=0
shrinkage=0.03


Tree=114
num_leaves=15
num_cat=0
split_feature=4 10 9 2 9 10 4 10 9 2 9 9 4 7
split_gain=61.9744 103.969 49.1861 69.3864 41.2989 37.9063 30.5388 43.3141 39.0945 11.6575 11.488 5.2337 12.8518 3.80641
threshold=-6.2339737148864302e-05 0.00076762722536091775 0.0005864683158163243 9.0464915909113601e-05 0.00012940654206017351 -0.00060384767992439946 -0.0011227090841899321 0.00098151892335901817 0.00071392193316905273 0.00023866129461500612 0.00085641352404714573 8.930513594224318e-05 -0.00025581105586286451 0.77430697467774168
decision_type=10 10 10 10 10 8 10 10 10 10 10 10 10 10
left_child=4 2 3 -2 11 -4 8 -8 -6 10 -3 13 -13 -1
right_child=1 9 5 -5 6 -7 7 -9 -10 -11 -12 12 -14 -15
leaf_value=-0.0063809496387994659 0.0017031942410540041 0.019254090999623479 0.0020286724700542516 0.015266931870333539 -0.0038887816505978156 -0.011123739099017217 0.00019539288382606251 0.0071923863071955947 -0.000115943650240471 0.025055812099760391 0.0058655213618957133 -0.0078093822119290968 0.0014490647238657379 -0.014657905547995424
leaf_weight=201.73531770333648 2381.6421377137303 126.97772423829883 362.07081197947264 389.8214800124988 3906.4013049304485 400.67327959742397 15257.032187116332 831.66986146103591 6796.9439492207021 142.88197441305965 152.58760264702141 383.65426157414913 186.17500592209399 121.48335082083941
leaf_count=969 21074 4301 9832 12530 18964 5604 90133 7290 37375 12010 4687 1832 987 590
internal_value=2.70081e-05 0.0035359 0.00181255 0.00368061 -0.000473399 -0.00485725 -0.000258285 0.000565057 -0.00150086 0.0174394 0.0126087 -0.00678621 -0.00470816 -0.0100185
internal_weight=31641.8 3956.66 3534.21 2771.46 27685.1 762.744 26792 16088.7 10703.3 422.447 279.565 893.048 569.829 323.219
internal_count=228178 70038 49040 33604 158140 15436 153762 97423 56339 20998 8988 4378 2819 1559
is_linear=0
shrinkage=0.03


Tree=115
num_leaves=15
num_cat=0
split_feature=8 10 11 10 9 9 9 8 10 10 8 10 9 8
split_gain=111.331 115.107 50.2488 40.8271 46.2872 39.8076 33.4862 35.3157 30.5334 30.2908 26.9499 26.1495 21.9944 6.66462
threshold=-0.00014756592420839262 0.00032758083494247736 0.0013946631333946362 -0.00023164637339333631 0.0005290269343865403 0.00062425056592216646 0.00039907457604072144 -0.0017959832348634073 0.0016228492855304985 0.00017408744975932569 -0.00046409062982238897 0.0005031618703631725 0.00089249067236095556 -0.00095864391170324959
decision_type=8 10 10 8 10 10 10 8 10 10 10 10 10 10
left_child=6 3 5 4 -2 -3 10 12 -9 -5 13 -12 -8 -1
right_child=1 2 -4 9 -6 -7 7 8 -10 -11 11 -13 -14 -15
leaf_value=-0.011694262850694059 0.0065084448344202963 0.0090846806048886456 0.017762796056751511 -0.0027695957473168366 -2.4215016077605569e-07 0.0013369025866155301 -0.012228409728378242 -0.0005057535047344752 0.0057694136605296849 0.0026026010924750844 -0.0026114903972398202 0.0086603980824990576 -0.0030858595665164404 -0.0057351435985404592
leaf_weight=225.73650977015495 1702.92224093806 1442.3836137177423 368.93649800494313 3501.9554194249213 2265.6892961738631 1054.1493033412844 278.50673620402813 12292.22136733681 729.32570600882173 1272.9820662755519 3200.927888892591 184.82630244642496 1642.8900818675756 1472.9271200448275
leaf_count=915 18033 18960 20930 20201 32668 17282 1134 56315 3774 10155 13999 880 6844 5991
internal_value=-7.6982e-05 0.00225737 0.00746594 0.00053696 0.00278688 0.00585554 -0.00143355 -0.000711899 -0.000145525 -0.0013224 -0.00353713 -0.0019548 -0.00449859 -0.00662598
internal_weight=31636.4 11609 2865.47 8743.55 3968.61 2496.53 20027.4 14942.9 13021.5 4774.94 5084.42 3385.75 1921.4 1698.66
internal_count=228081 138229 57172 81057 50701 36242 89852 68067 60089 30356 21785 14879 7978 6906
is_linear=0
shrinkage=0.03


Tree=116
num_leaves=15
num_cat=0
split_feature=8 12 9 12 6 9 9 12 6 8 9 9 9 12
split_gain=101.675 174.993 57.1418 105.277 48.7943 45.973 39.7862 37.2894 30.6206 20.9126 18.8992 16.556 13.5407 10.7637
threshold=-0.00015722896124059635 0.0012849627173179901 0.00074573145021999542 0.0033893965652691325 0.00023616110377760609 0.00086342918403087732 0.00040620439226839747 0.0052771188255088843 0.00067633060075387519 -0.00072820518399863133 0.00059891421373399966 0.0025785745530084725 0.00012940654206017351 0.0019753989825419507
decision_type=10 8 10 10 10 10 10 10 10 10 10 10 10 10
left_child=6 4 13 -4 10 -6 9 8 -8 -1 -2 -9 -11 -3
right_child=1 2 3 -5 5 -7 7 11 -10 12 -12 -13 -14 -15
leaf_value=-0.0087053524976840723 0 0.015444725668265871 -0.0012537379211664695 0.022559829239344152 0.0050953244369597158 -0.0027803226068725136 -0.00057397607525166441 -0.0058309602074856299 0.0031426504788713162 -0.0085297864417556105 -0.0047872984077578541 0.0016392004785342447 -0.002258830449250228 0.026239196523560923
leaf_weight=615.84607434272766 5573.5614107195288 370.30191418994218 483.95200538448989 241.06275409180671 3338.2179179359227 815.5318866930902 10488.626204952598 1463.4275431185961 2451.4506140500307 337.19772396981716 844.16452795267105 307.13701902329922 4113.7667498812079 201.56746468413621
leaf_count=2486 37581 12502 15015 14984 31090 8070 46040 6020 13537 1396 6594 1330 17786 13752
internal_value=9.18062e-05 0.0022876 0.0126481 0.0067817 0.00100017 0.00353168 -0.00122334 -0.000428115 0.000127375 -0.00351493 -0.000631907 -0.0044995 -0.00276541 0.0197381
internal_weight=31645.8 11868.4 1296.88 725.015 10571.5 4153.75 19777.5 14710.6 12940.1 5066.81 6417.73 1770.56 4450.96 571.869
internal_count=228183 139588 56253 29999 83335 39160 88595 66927 59577 21668 44175 7350 19182 26254
is_linear=0
shrinkage=0.03


Tree=117
num_leaves=14
num_cat=0
split_feature=6 8 12 12 9 6 6 9 6 8 8 4 4
split_gain=98.4242 69.802 153.203 51.0395 50.05 43.9752 169.39 38.7655 38.5523 24.3589 14.5447 12.8509 0.714589
threshold=1.0005319066970972 -0.00021469567330961722 0.0019753989825419507 0.00059599862516826853 0.0011346608283154642 0.51690718811834879 0.001081934075729021 0.0008293136889302267 1.0010067560512887 -9.1733396399062958e-05 -0.0011350046044951709 -0.0027427502667229371 -0.0021635479775769513
decision_type=10 10 10 10 10 8 10 10 10 10 8 10 8
left_child=1 5 3 -3 -4 6 -1 12 9 -9 -7 -10 -2
right_child=7 2 4 -5 -6 10 -8 8 11 -11 -12 -13 -14
leaf_value=-0.0013935010483122176 0.0055183138321948117 -8.746067824447189e-05 0.023392415710911111 0.0047474422497736377 0.0051662530944058685 -0.011197975536927236 0.015871272570315183 -0.0098609443314668973 0.0040032147271471729 0.01063524897023093 -0.0042940022101511446 0.021704304010413032 0.022535259651848473
leaf_weight=15802.807387061417 19.81446217559278 9991.7309667691588 354.87217458430678 2429.1924443151802 242.53219688683748 382.39041921496391 518.21866030991077 142.78012054413557 74.844488026574254 67.827348094433546 1216.9615775346756 109.89819914381951 207.32360016461462
leaf_count=68454 156 61402 23174 43486 11093 1567 2976 863 661 2450 5617 2784 3300
internal_value=0.000150008 -8.75371e-05 0.00158156 0.000856346 0.0162987 -0.00130361 -0.00083226 0.011866 0.00573113 -0.00280518 -0.00604128 0.015415 0.0215991
internal_weight=31561.2 30938.7 13018.3 12420.9 597.404 17920.4 16321 622.488 395.35 210.607 1599.35 184.743 227.138
internal_count=227983 217769 139155 104888 34267 78614 71430 10214 6758 3313 7184 3445 3456
is_linear=0
shrinkage=0.03


Tree=118
num_leaves=12
num_cat=0
split_feature=6 6 6 6 6 9 9 6 9 3 5
split_gain=90.3217 48.2577 48.569 168.319 44.8358 22.18 20.7603 36.4827 14.3925 7.22881 5.51327
threshold=1.0007010841496093 0.0002072659235258391 0.51690718811834879 0.00090010988123156337 1.000151928767586 8.930513594224318e-05 0.0010302583644964038 1.0015469813941806 0.0016699221705390272 2.239043855700731e-05 -0.0016207364277799894
decision_type=8 10 10 10 10 10 10 10 10 10 10
left_child=1 5 3 -3 -4 9 -2 10 -7 -1 -8
right_child=6 2 4 -5 -6 8 7 -9 -10 -11 -12
leaf_value=-0.010301027273327275 0.021720406493486548 0.00089767080937828688 -0.0044321410512470072 0.013388030838736412 0.0021057536601411203 -0.0011268221910217724 -0.010294499218560535 0.022618166557495045 0.0039043750718193832 -0.00070338143583760786 0.0017258893045155924
leaf_weight=303.10661484114826 172.72644824441522 7657.2323598498479 2137.0304863257334 1104.8506604097784 1662.7615973819047 17690.021223031916 34.623714623972774 78.991156230680645 512.43202230893075 111.13693823106587 124.17850211728364
leaf_count=1445 2958 55918 23398 10264 20509 105727 288 1471 2966 615 2500
internal_value=1.30752e-05 -0.00017124 0.00126272 0.00249294 -0.00155744 -0.00114221 0.0138255 0.00720364 -0.000979824 -0.00794479 -0.000994072
internal_weight=31589.1 31178.6 12561.9 8762.08 3799.79 18616.7 410.52 237.793 18202.5 414.244 158.802
internal_count=228059 220842 110089 66182 43907 110753 7217 4259 108693 2060 2788
is_linear=0
shrinkage=0.03


Tree=119
num_leaves=14
num_cat=0
split_feature=6 4 12 6 4 6 6 6 5 6 5 4 4
split_gain=82.351 46.3076 122.721 71.0647 41.2812 34.6347 152.903 18.9497 18.7031 7.56809 10.2612 6.47415 5.21152
threshold=1.0005319066970972 -0.0011103862603908385 0.0031528267668526947 0.00025672225215435797 -0.0022820353338638961 0.51690718811834879 0.001081934075729021 1.0015469813941806 -0.00094234699960768487 1.0008283762076369 -0.00066751719934970966 -0.0036864621387620584 -0.001747722815767738
decision_type=10 10 10 10 10 8 10 10 8 10 10 10 10
left_child=1 5 3 -3 7 6 -1 11 -7 10 -6 -2 -11
right_child=4 2 -4 -5 9 8 -8 -9 -10 12 -12 -13 -14
leaf_value=-0.0021017055610736126 -0.012387041695255379 -0.00071451009442721877 0.022886527792818856 0.0031596705186578578 0 -0.00064220290600523614 0.014199001948105206 0.014597740039502091 -0.0092227472299608246 0.0031222968136697133 0.01421821206203625 0 0.023072610780263323
leaf_weight=8821.8417772892863 66.771606115624309 14106.219263184816 212.02153483312577 6086.6504907999188 55.218877564184368 344.38647315651178 539.63542830571532 42.491302520036697 788.33332665078342 24.060876404866576 188.54430882167071 76.195331191644073 161.19045373052359
leaf_count=43883 436 88975 15570 59011 510 1827 4106 403 4276 293 3758 614 4181
internal_value=8.37131e-05 -0.000132309 0.000698438 0.000451284 0.0108707 -0.00175245 -0.00114151 -0.000654904 -0.00669492 0.0158912 0.0110352 -0.00623835 0.0210813
internal_weight=31513.6 30899.1 20404.9 20192.9 614.473 10494.2 9361.48 185.458 1132.72 429.015 243.763 142.967 185.251
internal_count=227843 217648 163556 147986 10195 54092 47989 1453 6103 8742 4268 1050 4474
is_linear=0
shrinkage=0.03


Tree=120
num_leaves=15
num_cat=0
split_feature=8 12 12 9 9 12 12 9 2 8 8 9 2 9
split_gain=78.5141 167.23 65.9545 104.838 40.0051 72.6459 34.1421 31.8263 26.4499 15.9814 13.0391 18.7395 10.0189 7.77742
threshold=-3.3219729287770054e-05 0.0020191603123748112 0.00048670587109766089 0.00063729962642115618 0.0011346608283154642 0.0038409100850015291 0.0059620133988414837 0.00020507423412147464 -0.00011138149163409342 -1.0000000180025095e-35 -0.0041982459305931466 0.0015360808463534923 -0.00010330163845151922 0.0025785745530084725
decision_type=10 10 10 10 10 10 8 10 10 10 8 10 10 10
left_child=6 2 9 -4 -3 -6 7 12 -9 -2 13 -12 -1 -8
right_child=1 4 3 -5 5 -7 10 8 -10 -11 11 -13 -14 -15
leaf_value=-0.011862674773487774 0.0023189139598925558 0.024006559082216338 0.0089819549471892527 -0.002792911049350531 -0.0080532635995631888 0.021858236250271994 -0.018296742509122672 -0.0024892797528978435 0.00024183333953856943 -0.0018486856234117804 -0.0078417960521198569 -7.2764854322582794e-05 -0.0036211511704318218 -0.0051841257678416569
leaf_weight=145.43872720003128 1039.7724421173334 349.31553022284061 1882.3823958989233 1046.6515956139192 126.88467814587057 145.10433948133141 103.39709527790546 3975.2514544576406 15892.874342832714 3781.0560571067035 587.77505844831467 554.76113601028919 1789.779447183013 106.82054381072521
leaf_count=603 5747 23983 33648 17319 4724 8803 422 18292 74338 27297 2400 2344 7763 456
internal_value=-5.38727e-05 0.00243234 0.00121291 0.00475876 0.0172878 0.0079008 -0.000955918 -0.000664536 -0.000302572 -0.000934444 -0.00556897 -0.00415495 -0.00432918 -0.0124441
internal_weight=31527.3 8371.17 7749.86 2929.03 621.305 271.989 23156.1 21803.3 19868.1 4820.83 1352.75 1142.54 1935.22 210.218
internal_count=228139 121521 84011 50967 37510 13527 106618 100996 92630 33044 5622 4744 8366 878
is_linear=0
shrinkage=0.03


Tree=121
num_leaves=13
num_cat=0
split_feature=8 12 6 12 10 12 6 6 6 6 3 4
split_gain=82.1921 171.925 47.8594 36.6664 32.7873 28.1894 26.3057 29.7881 157.363 23.1598 14.2459 8.25778
threshold=-0.0001034357596538804 0.0014795995572626066 1.0005670613242652 0.0033893965652691325 -0.0011688889292011339 0.00058526740134208337 1.00130043415304 0.51690718811834879 0.001081934075729021 1.0003189616527097 0.00039314423599545983 -0.0036864621387620584
decision_type=8 10 10 10 10 10 10 10 10 10 10 8
left_child=6 2 5 4 -3 -2 7 8 -1 -9 -4 -8
right_child=1 3 10 -5 -6 -7 11 9 -10 -11 -12 -13
leaf_value=-0.0012516455302452626 -0.00028219013498939096 -0.0062035658022588551 0.023149184563655698 0.023594231082240808 0.012403723637209272 0.0037322163219641901 0.0011360606954248689 -0.0063550155798741898 0.014993603106569201 0.00039460473064392503 0.0014968545651798451 0.022163788651987832
leaf_weight=18367.862739279866 7153.8306014500558 86.964423207566142 101.5884937364608 263.36022112611681 657.58127548918128 2000.7862791754305 34.664262682199478 1596.6977931112051 542.44366529583931 615.35161252692342 46.349123492836952 46.45748558267951
leaf_count=81190 46886 2548 1778 18497 29491 31941 228 7249 3273 3614 795 498
internal_value=-2.35335e-05 0.00217038 0.000881676 0.0138802 0.0100974 0.000591746 -0.0010937 -0.00116519 -0.0007748 -0.00445707 0.0172697 0.0149476
internal_weight=31513.9 10310.5 9302.55 1007.91 744.546 9154.62 21203.5 21122.4 18910.3 2212.05 147.938 81.1217
internal_count=227988 131936 81400 50536 32039 78827 96052 95326 84463 10863 2573 726
is_linear=0
shrinkage=0.03


Tree=122
num_leaves=14
num_cat=0
split_feature=6 9 6 6 6 6 4 4 2 9 2 4 5
split_gain=76.3398 51.9247 40.616 36.7953 75.0936 171.962 54.3106 33.1892 22.5782 16.415 16.769 7.52932 2.23068
threshold=1.000397492241013 0.00065970299537991301 1.0009118180188745 0.00024433456912322844 0.51690718811834879 0.00090010988123156337 -1.3435352702095836e-05 -0.0031270837023800175 8.0483479807384018e-05 0.0021851522518614016 0.001096642504878915 -0.0014646828536700738 -0.0016207364277799894
decision_type=8 10 10 10 10 10 10 10 10 10 8 8 10
left_child=3 11 8 9 5 -5 -6 -4 -3 10 -1 -2 -11
right_child=1 2 7 4 6 -7 -8 -9 -10 12 -12 -13 -14
leaf_value=-0.00095502696745930059 0.0036676308614309286 -0.0067325926970582114 -0.0022935085464809062 0.0010137096174283136 -0.0042411563488624106 0.013903144233178859 0.0061029211645381885 0.020705701786594186 0.0087302570532855096 0.011190614387590123 -0.010898932523209103 0.021098069885233727 0.0037044385466929253
leaf_weight=19481.581237168051 39.144211864098907 285.23654330056161 75.702584957703948 6463.826784546487 2758.7117438688874 1081.6459413096309 533.86741405818611 157.84967410285026 107.51824800577015 76.63560314103961 145.21955239027739 243.58962445985526 158.71197295654565
leaf_count=116925 289 2272 638 48182 19538 10242 17503 3834 3696 352 698 3454 983
internal_value=8.32387e-05 0.00860423 0.00354725 -0.000169836 0.00123308 0.00288531 -0.00253237 0.0132164 -0.00223894 -0.000938611 -0.00103717 0.0190975 0.00674345
internal_weight=31609.2 909.041 626.307 30700.2 10838.1 7545.47 3292.58 233.552 392.755 19862.1 19626.8 282.734 235.348
internal_count=228606 14183 10440 214423 95465 58424 37041 4472 5968 118958 117623 3743 1335
is_linear=0
shrinkage=0.03


Tree=123
num_leaves=14
num_cat=0
split_feature=6 4 4 12 6 6 6 6 4 12 6 6 5
split_gain=78.5456 54.2922 39.5113 122.567 43.4742 171.46 40.1084 26.3523 15.1368 14.5868 9.7428 8.71665 7.09178
threshold=1.0004208547698608 -0.0014311478733856629 -0.00042104633561368393 0.0016651457308823725 0.51690718811834879 0.001081934075729021 0.00018469208594356926 1.0015469813941806 -0.0031270837023800175 0.0027651016575196857 1.0000661184159023 1.0006492107958309 -0.00056787704444855025
decision_type=10 10 8 10 10 10 10 10 10 10 10 10 10
left_child=2 7 4 6 5 -1 -4 8 -2 -5 -6 12 -3
right_child=1 11 3 9 10 -7 -8 -9 -10 -11 -12 -13 -14
leaf_value=-0.0011065593969842441 -0.011695262359832608 0 -0.00092246220640489131 0.010339673935168311 -0.0075812884660542623 0.014794399477513107 0.0030499868051440085 0.017653218420851744 0.0014958935385340083 0.022413370128723124 -0.0032021458881441051 0.020057708115750209 0.012618081814927991
leaf_weight=17659.6364001045 116.00736607797444 48.10039811488241 6215.0086360666901 264.56836149655282 890.37159205786884 621.88783697970212 3596.7686776295304 53.114302329719067 184.97118943929672 204.30125254299492 1131.8609700556844 229.3821564456448 213.12031750474125
leaf_count=90871 744 415 41145 14260 4971 4967 33808 569 1611 16730 7391 5875 4169
internal_value=-3.46588e-08 0.00896807 -0.000252532 0.00125944 -0.0010213 -0.000554579 0.000529259 0 -0.00360807 0.016084 -0.00518759 0.0153272 0.0103656
internal_weight=31429.1 844.696 30584.4 10280.6 20303.8 18281.5 9811.78 354.093 300.979 468.87 2022.23 490.603 261.221
internal_count=227526 13383 214143 105943 108200 95838 74953 2924 2355 30990 12362 10459 4584
is_linear=0
shrinkage=0.03


Tree=124
num_leaves=15
num_cat=0
split_feature=8 12 12 10 6 8 6 10 2 6 6 6 6 10
split_gain=68.876 146.742 50.8918 37.1692 29.407 27.515 25.3327 23.824 17.5546 13.6292 6.13161 9.07793 5.56758 4.78535
threshold=-0.00021469567330961722 0.0010841338593416056 0.0027651016575196857 -0.00044390958244423486 1.0003556065008685 -0.0026785311976648125 0.51690718811834879 0.0022385498843318194 -0.00051517048127620293 0.001081934075729021 0.0003967816759209547 0.0016970569405582341 1.0007010841496093 -0.002151499802220075
decision_type=10 10 10 10 10 10 10 10 10 10 8 8 10 10
left_child=5 4 3 -3 6 10 -2 8 -7 -9 13 -12 -6 -1
right_child=1 2 -4 -5 12 7 -8 9 -10 -11 11 -13 -14 -15
leaf_value=0.0012716774745610993 0.00080521976992294672 0.00096821134784025125 0.020182527198453037 0.01176348494028363 0.0056424861009667848 -0.0067689338698337783 -0.0034627394122342631 0.00071578767401325565 -0.00090952797735392667 0.011514299776933119 -0.014652921493661888 -0.0030589946655294065 0.014818547787004156 -0.0057593956831957383
leaf_weight=93.293179929256439 9896.903802126646 520.15088596194983 360.84036139212549 674.17416015453637 249.06254410929978 467.64664477109909 1420.4247903618962 239.75966463238001 16574.187566049397 199.6993248462677 171.59968890249729 124.02160659432411 107.67077926360071 354.81882107257843
leaf_count=375 66817 14250 25244 23755 2840 1961 12365 1024 73567 1157 736 553 1741 1433
internal_value=5.18441e-05 0.00170067 0.0103287 0.00715884 0.000538299 -0.001142 0.000261672 -0.00089551 -0.00107771 0.00590335 -0.00676727 -0.0102445 0.0089042 -0.00416881
internal_weight=31454.3 13229.2 1555.17 1194.33 11674.1 18225 11317.3 17481.3 17041.8 439.459 743.733 295.621 356.733 448.112
internal_count=227818 147012 63249 38005 83763 80806 79182 77709 75528 2181 3097 1289 4581 1808
is_linear=0
shrinkage=0.03


Tree=125
num_leaves=15
num_cat=0
split_feature=8 12 9 12 9 12 9 12 8 4 9 9 9 12
split_gain=74.6535 148.215 47.0645 76.1663 42.3107 84.7572 31.0845 37.9187 28.761 20.0483 16.9898 14.8537 13.1644 12.5947
threshold=-0.00015722896124059635 0.0016306819749303098 0.00094828524908247556 0.0033893965652691325 0.00074573145021999542 0.00057531014492310519 0.00053246690917076601 0.0045668201538302628 -0.00046409062982238897 -1.0000000180025095e-35 0.00012940654206017351 0.0025785745530084725 0.0011475763699960255 0.0028757850518028845
decision_type=8 8 10 10 10 10 10 10 10 10 10 10 10 10
left_child=6 4 -3 -4 5 -2 8 12 13 -6 -10 -9 -8 -1
right_child=1 2 3 -5 9 -7 7 11 10 -11 -12 -13 -14 -15
leaf_value=-0.0038453870003344486 0.00040230909626237416 0.020744694249698187 -0.0054838877916671015 0.020106294805405173 -0.0015777371203275221 0.007952612717243698 8.8755811262278356e-05 -0.0045276759292313014 -0.0078459930920243663 -0.0095038749666688949 -0.00050497636856791693 0.0022232979572607589 0.0027857527672543645 -0.009107064075790797
leaf_weight=2878.3180869594216 7547.5037395656109 438.03436291310936 220.11018471047282 180.19677332416177 1317.7336869109422 1622.2260664049536 7367.6600208841264 2014.6366971284151 296.50770346820354 370.00990046001971 4298.6525678262115 324.02635381370783 2100.2973829470575 505.54208554327488
leaf_count=11818 46841 26739 7470 12198 12179 28746 33822 8337 1227 5115 19366 1424 10572 2050
internal_value=-3.23769e-06 0.00189403 0.0139762 0.00609849 0.000943599 0.00175179 -0.00112818 -0.000144769 -0.00257383 -0.0033965 -0.0010077 -0.00356129 0.000695675 -0.00467367
internal_weight=31481.5 11695.8 838.341 400.307 10857.5 9169.73 19785.6 11806.6 7979.02 1687.74 4595.16 2338.66 9467.96 3383.86
internal_count=227904 139288 46407 19668 92881 75587 88616 54155 34461 17294 20593 9761 44394 13868
is_linear=0
shrinkage=0.03


Tree=126
num_leaves=15
num_cat=0
split_feature=8 12 12 9 9 12 8 10 9 9 6 6 3 4
split_gain=81.1261 140.096 51.8442 107.38 36.7277 56.1712 24.7686 36.967 28.2091 23.3771 20.7801 20.5913 11.684 11.1081
threshold=-0.00015072878874844428 0.0019753989825419507 0.00063688308971500732 0.00041629614190104449 0.0012841824239546338 0.0042871471012152921 -0.0017959832348634073 0.0015836715875833342 0.0010201708832603426 0.00040620439226839747 0.00038218419738960671 1.0005670613242652 -0.00022056890851818137 -0.0017711812108942013
decision_type=10 10 10 10 10 10 10 10 10 10 10 10 10 10
left_child=6 2 11 -4 13 -6 8 9 12 -8 -10 -2 -1 -3
right_child=1 4 3 -5 5 -7 7 -9 10 -11 -12 -13 -14 -15
leaf_value=-0.0076416900702244474 7.1072502869939915e-06 0 0.014494024493769719 0.00047799221093243076 -0.0087299027726764657 0.02086325106025989 -0.0027675791716391361 0.0055606534200425464 0.00061083817289832581 -0.00035728898268834588 -0.0064605893254109656 0.01244592731765307 -0.020133844711713034 0.022815319861682701
leaf_weight=323.83261057734489 8627.1291453838348 23.318054006434977 747.62762434128672 1431.793608719483 110.99123960454017 98.926610357128084 5209.7744518890977 774.64066419377923 862.99537928402424 12082.929135423154 630.48545733094215 111.60804288089275 101.36112248897552 361.3575759427622
leaf_count=1325 55660 794 15790 27228 4257 6534 22259 4047 3470 55321 2795 1629 411 26716
internal_value=7.16254e-06 0.00201403 0.00122849 0.00535769 0.0160803 0.00525797 -0.0011463 -0.000796782 -0.00438531 -0.00108808 -0.00235763 0.000186874 -0.0111518 0.0215512
internal_weight=31498.8 11512.8 10918.2 2179.42 594.593 209.918 19986 18067.3 1918.67 17292.7 1493.48 8738.74 425.194 384.676
internal_count=228236 138608 100307 43018 38301 10791 89628 81627 8001 77580 6265 57289 1736 27510
is_linear=0
shrinkage=0.03


Tree=127
num_leaves=15
num_cat=0
split_feature=8 12 9 12 6 9 4 12 9 6 3 9 9 6
split_gain=73.2519 124.152 51.4097 75.3478 46.545 50.0263 26.9587 25.2867 35.2121 48.5274 26.3318 14.8679 12.1746 6.15992
threshold=-0.00015722896124059635 0.0017000639528425745 0.0014534376508239944 0.0042871471012152921 1.0005670613242652 0.00065072612756761556 -0.0017711812108942013 0.0088784081739509864 0.00063729962642115618 1.0003763547323727 0.00015915014265832696 0.0034488660107241894 0.0010856372506962196 0.0003967816759209547
decision_type=10 10 10 10 10 10 10 8 10 10 10 10 10 8
left_child=7 4 6 -4 5 -2 -3 8 9 -1 -10 13 -6 -9
right_child=1 2 3 -5 12 -7 -8 11 10 -11 -12 -13 -14 -15
leaf_value=-0.0023569149745231344 0.0018853877608606083 -0.0028199606701129545 -0.016958026481711585 0.01958634380692674 0.021175325986530821 -0.0031776508736846808 0.019703196227373335 -0.0064406399493046737 0.0013887922003912737 0.015629327734131251 -0.0023210521225213777 0.0024361461785218194 0.001028045593301094 -0.01513865424227457
leaf_weight=9922.2651178017259 8563.8793379794806 44.838240763172507 101.12264866009355 83.468751490116119 120.11500748712569 2193.0406519267708 536.71263509150594 264.59887355566025 6875.0168799012899 126.20170074701309 2279.3232855722308 94.553003177046776 43.536561131477356 151.53284785151482
leaf_count=42963 70126 1266 3391 5434 2277 21735 34693 1069 31340 764 11115 413 742 646
internal_value=4.92411e-05 0.00193204 0.0135331 0 0.00110103 0.000845608 0.0178469 -0.00106431 -0.000883397 -0.00210974 0.000457013 -0.00760398 0.0165289 -0.0100297
internal_weight=31400.2 11686.7 766.142 184.591 10920.6 10756.9 581.551 19713.5 19202.8 10048.5 9154.34 510.685 163.652 416.132
internal_count=227974 139664 44784 8825 94880 91861 35959 88310 86182 43727 42455 2128 3019 1715
is_linear=0
shrinkage=0.03


Tree=128
num_leaves=14
num_cat=0
split_feature=6 6 4 12 9 6 12 9 7 4 4 7 4
split_gain=66.4288 44.346 41.9588 95.7791 41.3865 36.0288 23.51 18.8654 18.426 14.6184 8.70263 5.3411 1.11881
threshold=1.0005670613242652 4.2383776997449763e-05 -0.00092234728435636171 0.002600077568207999 0.0008293136889302267 1.0011274035882831 0.0088784081739509864 0.0012487803296401649 1.8250029355893391 -0.0027427502667229371 -0.00014588551923538914 -0.71458605465177294 -0.0011592671679130915
decision_type=10 10 10 10 10 10 10 10 8 10 10 10 10
left_child=1 7 6 -4 12 10 -3 8 -1 -7 -6 -9 -2
right_child=4 2 3 -5 5 9 -8 11 -10 -11 -12 -13 -14
leaf_value=-0.0019124300993956173 0.011541519716399967 -0.00056508216995939623 0.0014358981642103382 0.020979715933805362 -0.0061768039513976983 0.0026116235307996048 -0.0082362182144849992 -0.0008124097124261368 -0.012247722904109205 0.023152230641932014 0.0089436572113701096 0.0052890154053908253 0.024925514929879693
leaf_weight=9323.8111567711458 57.254597476683557 8557.7299795262516 11660.6233155597 220.81489865621552 184.73933040443808 63.109481673687696 367.44517578370869 161.08471182733774 150.72938802279532 80.230992304626852 29.64968047849834 405.09913636371493 122.84635490272194
leaf_count=52788 562 47575 94141 18096 1861 576 1755 901 830 2315 1690 2261 2470
internal_value=4.67245e-05 -0.000135212 0.000652847 0.0018215 0.0104032 0.0040566 -0.000896478 -0.00177324 -0.00209592 0.01526 -0.00351289 0.003465 0.0218173
internal_weight=31385.2 30847.3 20806.6 11881.4 537.83 357.729 8925.18 10040.7 9474.54 143.34 214.389 566.184 180.101
internal_count=227821 218347 161567 112237 9474 6442 49330 56780 53618 2891 3551 3162 3032
is_linear=0
shrinkage=0.03


Tree=129
num_leaves=14
num_cat=0
split_feature=6 4 6 4 12 6 6 6 4 7 4 1 11
split_gain=57.1621 45.0772 36.1635 54.0591 79.4002 56.4922 18.88 16.575 15.7535 14.2578 13.2707 7.09372 3.6819
threshold=1.0004208547698608 -0.0024613723505606529 9.7846843146665439e-05 -0.00055027074055491443 0.0016651457308823725 0.51690718811834879 1.0009118180188745 1.00130043415304 -0.00091206222392631309 1.8250029355893391 -0.00060312073853258086 -1.0000000180025095e-35 0.0012731953373350115
decision_type=10 10 8 8 10 10 10 10 10 8 10 2 10
left_child=2 7 9 5 -5 -4 8 12 -3 11 -11 -1 -2
right_child=1 6 3 4 -6 -7 -8 -9 -10 10 -12 -13 -14
leaf_value=-0.0032489501682094334 -0.0039991330466806049 0.00149967087168004 0.00042249944877147393 0.0020832419009986875 0.016728464210054615 -0.0053877293688869071 0.021552234227572457 0.0082458700413018376 0.012977962307691056 0 -0.015158509577177017 -0.00095065540562500094 -0.015629175525559483
leaf_weight=1371.6388688776642 85.320414070039988 197.86868162546307 8637.3746892334893 6253.8222926873714 344.11582738906145 1810.7877604905516 140.74394124699757 54.288763921707869 276.05081628356129 79.212275171652436 117.95070485770702 11937.256714543328 56.018197948113084
leaf_count=7826 577 1763 49727 51459 24603 10670 3841 529 6220 365 764 69195 361
internal_value=4.64817e-05 0.00786315 -0.00016137 0.000754948 0.0028803 -0.000582932 0.0118351 -0.00429365 0.00843961 -0.001322 -0.00917969 -0.00119429 -0.0097332
internal_weight=31362.4 810.291 30552.2 17046.1 6597.94 10448.2 614.663 195.627 473.919 13506.1 197.163 13308.9 141.339
internal_count=227900 13291 214609 136459 76062 60397 11824 1467 7983 78150 1129 77021 938
is_linear=0
shrinkage=0.03


Tree=130
num_leaves=15
num_cat=0
split_feature=8 12 9 12 9 12 9 8 8 9 9 8 11 12
split_gain=67.2344 140.555 59.7697 77.2606 32.3097 40.1466 26.7593 30.8586 19.4243 18.9459 17.6028 17.6007 15.785 7.17512
threshold=-0.00021469567330961722 0.0012704281612974969 0.00072956390487908141 0.0033893965652691325 0.00071911079341742162 3.3376453649835904e-05 0.00046413597441084413 -0.0014699468105439648 -0.00072024571155865347 0.0021851522518614016 0.00012940654206017351 -1.0000000180025095e-35 -0.00020476444130583022 0.0016306819749303098
decision_type=8 10 10 8 10 8 10 10 10 10 10 10 10 10
left_child=6 4 13 -4 5 -2 8 9 -1 -8 -10 -6 -9 -3
right_child=1 2 3 -5 11 -7 7 12 10 -11 -12 -13 -14 -15
leaf_value=-0.0067422398587673694 -0.0042736209798914264 0.013414445555284512 -0.0010676001176458134 0.020670513206518151 0.00025268894158417705 0.0019639895766403468 -0.0043634453422338251 0.0011748638560149381 -0.0097315722575540137 0.0018982905792063096 -0.0015943454494923865 -0.0054647626777890035 -0.0013720827915106909 0.023137743541502317
leaf_weight=993.70755726099014 1020.8183961100876 229.0467868745327 483.32623904431239 198.17001128382981 843.88923040032387 9003.4889899548143 2305.9807373210788 6764.4019503332675 248.29678489267826 514.5673566609621 4285.5313668400049 1067.9004447720945 3212.4593424052 276.76254741847515
leaf_count=4016 5813 7215 15821 15157 5429 67309 9535 30214 1011 2250 18341 11585 15875 18547
internal_value=-1.46668e-05 0.00162185 0.011424 0.0053743 0.000633041 0.00131918 -0.00119017 -0.000430404 -0.00293442 -0.00319722 -0.00207362 -0.0029216 0.000348209 0.0191965
internal_weight=31448.3 13123.4 1187.31 681.496 11936.1 10024.3 18324.9 12797.4 5527.54 2820.55 4533.83 1911.79 9976.86 505.809
internal_count=228118 146876 56740 30978 90136 73122 81242 57874 23368 11785 19352 17014 46089 25762
is_linear=0
shrinkage=0.03


Tree=131
num_leaves=14
num_cat=0
split_feature=8 12 6 6 9 8 9 2 9 12 6 9 6
split_gain=58.5609 122.94 69.2989 111.79 24.6083 22.4864 30.3328 25.4162 21.4362 35.5067 16.8543 12.2144 6.28459
threshold=-0.00061249159850285107 0.002600077568207999 0.00048394180544877532 0.51690718811834879 8.930513594224318e-05 -0.0030561099341718241 0.00089249067236095556 -0.00051517048127620293 0.0015972396501258564 0.0042031433812724853 0.00097864150655551795 0.0034488660107241894 0.0003967816759209547
decision_type=8 10 10 10 8 10 10 10 10 10 10 10 10
left_child=5 2 4 -4 -2 11 7 -7 -3 -10 -8 12 -1
right_child=1 8 3 -5 -6 6 10 -9 9 -11 -12 -13 -14
leaf_value=-0.0064887093083186246 -0.0075231079802672834 0.022673045919686882 0.0096394227682773462 0.0001390112027201906 -0.00013338670075892204 -0.015093656234530236 -0.00053977628894679179 -0.0026318950327622976 -0.015239709896115368 0.017528718369070943 0.0042362307765118198 0.0011770790386033479 -0.015072166464184265
leaf_weight=282.25009147822857 407.01632715947926 256.07671447051689 1806.3696230389178 2920.3800699161366 15810.689824024215 144.6274379491806 3314.1051115989685 5226.1921913027763 36.974186019971967 68.800971594639122 818.08756910264492 96.939106553792953 155.37580847740173
leaf_count=1142 2015 21337 16972 34095 104409 585 14076 21633 1503 4660 4317 423 659
internal_value=1.66624e-05 0.000908542 0.000601714 0.00379503 -0.000327066 -0.00186954 -0.00152016 -0.00300605 0.018013 0.00522916 0.000399232 -0.00782831 -0.00993887
internal_weight=31343.9 21306.3 20944.5 4726.75 16217.7 10037.6 9503.01 5370.82 361.852 105.775 4132.19 534.565 437.626
internal_count=227826 184991 157491 51067 106424 42835 40611 22218 27500 6163 18393 2224 1801
is_linear=0
shrinkage=0.03


Tree=132
num_leaves=15
num_cat=0
split_feature=6 4 6 9 6 6 6 9 9 2 4 7 11 11
split_gain=53.7216 82.6485 69.5004 137.669 105.516 23.392 25.3375 20.9861 18.0897 12.5676 11.1482 8.63148 6.72604 4.29369
threshold=0.00038942456544724754 -0.0011592671679130915 0.51690718811834879 0.00072427811576471419 1.0002061653507122 1.0015469813941806 0.51690718811834879 0.0021851522518614016 8.930513594224318e-05 0.0012252664491023476 -0.0034260915999120285 0.98120418233526741 -0.010113782604597405 -0.00058208662008953159
decision_type=10 10 10 10 10 10 10 10 10 8 10 10 10 10
left_child=7 5 3 -3 -4 6 -2 8 11 -10 12 -1 -9 -12
right_child=1 2 4 -5 -6 -7 -8 10 9 -11 13 -13 -14 -15
leaf_value=-0.0035953992130527547 0.00026288794732561558 0.017376653892196978 -0.0030153355688040365 0.0019026739045160811 0.009223914757068569 0.016788433032736236 -0.0048993300323638593 0.002998615226611454 -0.00066486678143701401 -0.010254138062626946 0.0042301833644345027 -0.013450451120923688 0.016420615218636431 -0.0059992861955681914
leaf_weight=284.70894076302648 2271.8258295729756 919.42619929276407 1728.705226556398 1196.2171630333178 985.2140203374438 52.593295243568718 1342.8421039460227 73.333044584840536 22046.436200693715 114.70294402260333 84.811614119447768 126.56899566203356 102.99525428190827 50.228755365125835
leaf_count=1401 15028 7708 23790 14263 18645 599 8057 296 135672 544 487 630 494 609
internal_value=2.26273e-05 0.00206011 0.00463727 0.00870577 0.00142331 -0.0013209 -0.00164654 -0.000731847 -0.00084224 -0.000721808 0.00686152 -0.00701796 0.0116211 0
internal_weight=31380.6 8496.82 4829.56 2115.64 2713.92 3667.26 3614.67 22883.8 22572.4 22161.1 311.369 411.278 176.328 135.04
internal_count=228223 88090 64406 21971 42435 23684 23085 140133 138247 136216 1886 2031 790 1096
is_linear=0
shrinkage=0.03


Tree=133
num_leaves=15
num_cat=0
split_feature=8 12 10 9 9 12 9 8 10 10 9 6 6 8
split_gain=59.9268 118.404 47.7457 68.6287 35.3125 43.223 29.4072 34.0402 29.8274 26.875 10.7668 10.5702 11.3888 6.81939
threshold=-0.00038347399091787077 0.0022079334955774784 0.00035144846284067234 0.00077997100175160371 0.0015360808463534923 0.0042871471012152921 0.00034163566926273206 -0.0023215693257060406 0.0026068401353066583 -0.0002157362152922797 0.0015972396501258564 0.00011343796991660728 0.51690718811834879 -0.00059929405987391149
decision_type=10 10 10 10 10 10 10 10 10 8 10 10 10 10
left_child=6 2 9 -4 -3 -6 11 10 -9 -2 -8 13 -13 -1
right_child=1 4 3 -5 5 -7 7 8 -10 -11 -12 12 -14 -15
leaf_value=-0.0092390862309520722 0.0012627522035172747 0.02092680437524325 0.0058241457152570794 -0.0033155224011365129 -0.015235842412658334 0.017044151074322118 -0.0096057812084584544 -0.00066560017966596149 0.011766034892073899 -0.0015055307956416243 -0.0032276509121924759 0.0046883652881893915 -0.006295415738013164 -0.0044121775113596887
leaf_weight=521.96159435808659 6192.9330899249762 337.993783921469 3040.9044861933216 959.62752814590931 58.94668859988451 70.505700832232833 453.38552482426167 11456.786392375827 166.00695738941431 6406.8426129911095 608.13377180695534 174.08443060517311 146.84508803486824 758.34889298677444
leaf_count=2104 50892 26611 32439 10841 2223 4920 1854 50146 886 38016 2563 719 617 3080
internal_value=-7.23074e-06 0.00119045 0.000762545 0.00361401 0.0159266 0.00187656 -0.00144219 -0.000950638 -0.000472921 -0.000140208 -0.00607203 -0.00526879 -0.000194452 -0.00648288
internal_weight=31353.3 17067.8 16600.3 4000.53 467.446 129.452 14285.6 12684.3 11622.8 12599.8 1061.52 1601.24 320.93 1280.31
internal_count=227911 165942 132188 43280 33754 7143 61969 55449 51032 88908 4417 6520 1336 5184
is_linear=0
shrinkage=0.03


Tree=134
num_leaves=15
num_cat=0
split_feature=6 4 6 6 9 4 12 6 5 9 6 9 6 5
split_gain=52.559 51.5811 32.7235 183.572 155.264 36.6954 39.5983 23.7304 18.7104 17.7765 26.0347 15.1613 13.7604 2.23331
threshold=1.0003556065008685 -0.0010878768799328362 0.51690718811834879 0.00080813872690055333 0.0013827767760753852 -8.0196766518714196e-06 0.00066654871269934723 1.0015469813941806 -0.00069838267016211753 0.00067891201686787292 1.0009118180188745 0.00097346691899170379 1.0000818756533125 -0.00059479410642634945
decision_type=10 10 10 10 10 10 10 10 8 10 10 10 10 10
left_child=2 7 3 8 -5 12 -7 11 -1 13 -11 -2 -4 -3
right_child=1 9 5 4 -6 6 -8 -9 -10 10 -12 -13 -14 -15
leaf_value=-0.0025688242453453429 0.0025407736705702522 0.002569552920485716 -0.0068993355065361719 0.02163910338376877 0.00094873495997411898 -0.0051220718892237213 0.011880611416286702 0.016469417553121733 -0.00029783848500257562 -0.00017047167760249148 0.019925400142146769 -0.0083665863785836771 -0.0024479483023740808 0.019487233427062857
leaf_weight=3842.660529403016 211.76762725040317 19.187979481182992 1319.9103985019028 617.75364632997662 695.3087975429371 211.2159631550312 262.70530521357432 55.074160354211926 22088.234469866846 163.4191707232967 75.20611534267664 218.10831311810762 1318.3471206128597 245.42755789216608
leaf_count=19708 1670 163 8866 5933 6625 2025 14615 643 144756 4616 2889 1767 9774 3972
internal_value=-0.000190667 0.00657939 -0.000415125 -7.94503e-05 0.0108182 -0.00332473 0.00422966 -0.000309714 -0.000637546 0.0132117 0.00646838 -0.00292134 -0.00471526 0.0186172
internal_weight=31344.3 988.191 30356.1 27244 1313.06 3112.18 473.921 484.95 25930.9 503.241 238.625 429.876 2638.26 264.616
internal_count=228022 15720 212302 177022 12558 35280 16640 4080 164464 11640 7505 3437 18640 4135
is_linear=0
shrinkage=0.03


Tree=135
num_leaves=14
num_cat=0
split_feature=6 8 2 6 6 6 4 6 6 8 3 6 8
split_gain=54.9922 41.8113 64.895 48.9742 33.7997 101.266 27.831 14.5689 8.75863 6.88181 5.2211 3.59968 8.00066
threshold=1.0007010841496093 -0.00016378802707611714 0.00034589561733867327 0.00020388678395632926 0.51690718811834879 0.001081934075729021 -0.001747722815767738 1.0015469813941806 1.0002061653507122 -0.001343972991088682 0.00018871443312207332 1.0008283762076369 -0.0002328123173362395
decision_type=10 8 10 8 10 10 10 10 10 10 10 10 10
left_child=1 4 3 -3 5 -1 7 9 -6 -2 -4 12 -8
right_child=6 2 10 -5 8 -7 11 -9 -10 -11 -12 -13 -14
leaf_value=-0.00090514043407200428 -0.011383007577361045 -0.0006585399196617545 0 0.0033016488901225346 -0.006287462852403284 0.012551064722301192 -0.002545533776537331 0.014846942079483122 -0.0018104721728764688 0.0016834984689779839 0.018948430836578593 0.021831769530102671 0.016066903557508033
leaf_weight=16926.216275893152 46.588078856468201 6471.7230558069423 8.1353075029328448 4929.1144038406201 1203.6197826564312 508.4150929376483 24.619024537503719 46.016538488678634 662.34961637109518 79.011734059080482 190.51727810828015 141.31659323396161 36.798521233722568
leaf_count=73904 237 55669 722 62918 5302 3124 175 489 3254 840 15736 4213 1180
internal_value=7.73467e-05 -6.09809e-05 0.00135974 0.00104977 -0.000918193 -0.000502332 0.011356 0.00185767 -0.0047484 -0.00320274 0.0179589 0.0186491 0.00845427
internal_weight=31274.4 30900.1 11599.5 11400.8 19300.6 17434.6 374.35 171.616 1865.97 125.6 198.653 202.734 61.4175
internal_count=227763 220629 135045 118587 85584 77028 7134 1566 8556 1077 16458 5568 1355
is_linear=0
shrinkage=0.03


Tree=136
num_leaves=14
num_cat=0
split_feature=6 9 8 12 10 6 8 9 6 9 9 4 6
split_gain=56.1014 41.3422 37.1876 98.5468 48.8041 32.8504 26.7081 25.642 22.6907 18.3377 7.5207 5.46194 1.33325
threshold=1.0005319066970972 0.0008293136889302267 -0.00029650828604649288 0.0027651016575196857 0.00030311777767651665 1.00130043415304 -9.6658820752937285e-06 0.00024134031524632987 1.0000000739699904 0.0016316444187690342 0.00012256093074305434 -0.006498941403511759 1.0005670613242652
decision_type=8 10 10 10 10 10 10 10 10 10 10 10 8
left_child=2 12 7 4 -4 6 -3 10 -9 -5 -1 -7 -2
right_child=1 5 3 9 -6 11 -8 8 -10 -11 -12 -13 -14
leaf_value=-0.012704111070358856 0.0067326759684322585 -0.0086852356701154765 -0.000436750125930224 0.023093087096872501 0.0035560139015979229 0 0.011510465747203255 -0.00050945133239064101 -0.0049637379032035104 0.0043963966433198474 -0.0045943867151656955 0.019368355559126624 0.021361954361946784
leaf_weight=126.53645046055317 31.296809578780085 189.97813342884183 10842.109054077417 198.67203535698354 3675.3373009245843 18.109668868593872 72.315116786397994 13832.339712187648 1108.347974717617 79.260098330676556 879.51841880381107 84.877012495417148 172.28974057454616
leaf_count=511 472 1283 81882 17459 44696 139 3183 60153 4879 4496 3587 2076 3050
internal_value=1.26638e-05 0.00926714 -0.000159592 0.000921068 0.000571708 0.00285743 -0.00267863 -0.00116594 -0.000846997 0.0183075 -0.00578843 0.0164772 0.0198145
internal_weight=31311 568.866 30742.1 14795.4 14517.4 365.28 262.293 15946.7 14940.7 277.932 1006.05 102.987 203.587
internal_count=227866 10203 217663 148533 126578 6681 4466 69130 65032 21955 4098 2215 3522
is_linear=0
shrinkage=0.03


Tree=137
num_leaves=14
num_cat=0
split_feature=6 8 2 10 4 8 3 6 6 6 8 4 5
split_gain=50.7606 41.0576 56.5652 46.2372 26.7123 20.7581 17.6049 10.808 7.41986 4.23604 4.1735 2.03129 0.887892
threshold=1.0007010841496093 -0.00033585802684321647 0.00042394612905905107 0.00043976050241178809 -0.0024613723505606529 -0.0041982459305931466 0.00013660082934130468 1.0015469813941806 0.0003967816759209547 1.0009118180188745 -0.00013813999502748639 -0.0036864621387620584 -0.0030365839751628483
decision_type=10 8 10 10 10 10 10 10 10 10 10 10 10
left_child=1 5 3 -3 7 8 -7 11 -1 10 -6 -2 -4
right_child=4 2 12 -5 9 6 -8 -9 -10 -11 -12 -13 -14
leaf_value=-0.0040213847948153639 -0.009247565288222551 0.00021760570150412429 0 0.0045185366806985471 0.0019909724387893982 -0.00036272159534142328 -0.0028925726546212738 0.011496935387991103 -0.016681243304356837 0.021219595649875682 0.015488167642886252 0 0.020519600564060044
leaf_weight=115.32262569665909 48.96069773286581 12984.433677787893 3.4207440987229338 2720.5317859188654 55.514860242605209 11750.088583350182 3154.9488939121366 39.275065519846976 89.084761261940002 132.44471185747534 48.745060571003705 39.159987766295671 126.93214216595516
leaf_count=467 336 101480 153 42312 427 50480 13945 404 382 3874 1720 344 11772
internal_value=0.000208855 7.40839e-05 0.00114296 0.000968864 0.0111945 -0.00104219 -0.000903818 0 -0.0103393 0.0169551 0.00962973 -0.00572326 0.0201271
internal_weight=31308.9 30944.8 15835.3 15705 364.1 15109.4 14905 127.396 204.407 236.705 104.26 88.1207 130.353
internal_count=228096 220991 155717 143792 7105 65274 64425 1084 849 6021 2147 680 11925
is_linear=0
shrinkage=0.03


Tree=138
num_leaves=14
num_cat=0
split_feature=6 8 12 9 9 6 6 6 9 8 9 3 9
split_gain=51.7497 42.2625 93.665 55.5899 33.7045 30.2172 96.7061 27.46 23.6413 19.0159 6.11784 0.588172 0.131407
threshold=1.0005670613242652 -0.00025113514979147039 0.002600077568207999 0.00077997100175160371 0.0008293136889302267 0.51690718811834879 0.001081934075729021 1.0015469813941806 0.0016316444187690342 -9.760284687415631e-05 0.00087790572635246006 -0.00014446616698249144 0.0027643623868514587
decision_type=10 10 10 10 10 8 10 10 10 10 10 8 10
left_child=1 5 3 -3 11 6 -1 9 -4 -6 -7 -2 -9
right_child=4 2 8 -5 7 10 -8 12 -10 -11 -12 -13 -14
leaf_value=-0.0010907558568036089 0.0040323946154075391 0.0015733777120304356 0.022227838667716708 -0.0039194287047758054 -0.0060641713465806315 -0.0062089172237522958 0.012546825215877504 0.02143795487094198 0.0023326568628682593 0.010204119078761457 -0.0016903109042444577 0.021222862473844417 0.0044914029814278359
leaf_weight=15020.167844370008 16.265816437546164 11516.840028563514 223.90469022467732 1922.9224945642054 188.94004692137241 1135.4453150033951 472.5810776874423 52.909180002752692 82.250691974535584 85.145453561563045 417.78698763251305 150.67965626809746 16.779737988486886
leaf_count=64669 265 97928 19645 21949 1301 5037 2858 1207 4649 3599 1824 2783 335
internal_value=8.71675e-05 -6.94745e-05 0.00116564 0.000780692 0.00946649 -0.00106909 -0.000663068 0.00365598 0.0173155 -0.000617881 -0.00505048 0.0202096 0.0191861
internal_weight=31302.6 30791.9 13745.9 13439.8 510.72 17046 15492.7 343.774 306.155 274.086 1553.23 166.945 69.6889
internal_count=228049 218559 144171 119877 9490 74388 67527 6442 24294 4900 6861 3048 1542
is_linear=0
shrinkage=0.03


Tree=139
num_leaves=13
num_cat=0
split_feature=6 8 12 9 9 9 9 8 6 2 8 9
split_gain=46.8634 35.4893 104.801 59.5348 33.5304 29.0784 24.5287 21.7902 20.8093 12.2198 6.6887 1.9766
threshold=1.0007010841496093 -0.0004896679354456367 0.001562395190946029 0.0008293136889302267 9.8495114286486983e-05 0.00039907457604072144 0.0010519326484004696 -0.0041982459305931466 1.0015469813941806 0.00013339724033344823 -0.00086424836884046996 0.0027643623868514587
decision_type=8 10 10 10 10 10 10 10 10 10 10 10
left_child=1 5 4 -4 -3 10 -2 -7 9 -8 -1 -10
right_child=6 2 3 -5 -6 7 8 -9 11 -11 -12 -13
leaf_value=-0.0090796553858374634 0.019479431549229032 -0.006424571791132809 0.020505961722268286 0.0035281077956416059 0.00050118155475253954 -0.01007100499055146 -0.007774285072546335 -0.00058265847112261326 0.019229695829924377 0.01041550970231761 -0.0040153844819256108 0.0012723303432609922
leaf_weight=335.65027563273907 152.28582842834294 641.86869436688721 349.40209971554577 416.96041990676895 17540.09136639908 213.75054629147053 111.95642551966012 10202.479744516313 48.817642184905708 34.221236442681402 1209.7145521193743 16.068945907987654
leaf_count=1364 3046 3473 23402 21537 121523 888 1106 43812 1090 1586 4896 331
internal_value=3.45928e-05 -9.10654e-05 0.000714412 0.0115104 0.00024999 -0.00137156 0.0106011 -0.000792595 0.00333241 -0.00273751 -0.00520521 0.0163476
internal_weight=31273.3 30909.9 18948.3 766.363 18182 11961.6 363.35 10416.2 211.064 146.178 1545.36 64.8866
internal_count=228054 220895 169935 44939 124996 50960 7159 44700 4113 2692 6260 1421
is_linear=0
shrinkage=0.03


Tree=140
num_leaves=15
num_cat=0
split_feature=8 12 9 12 9 9 8 12 9 7 9 11 7 4
split_gain=35.5961 105.261 44.7654 59.3299 26.6825 25.962 24.0004 20.4733 17.2705 14.6623 12.08 11.9473 9.22793 6.24108
threshold=-0.00062522202135667493 0.0019753989825419507 0.0011346608283154642 0.0042871471012152921 0.0010006275987010603 9.8495114286486983e-05 -0.00330539881759162 0.0043734757799929495 0.00046768396995630748 0.19254399108168893 0.0025785745530084725 0.0013512702910950347 1.456079427645413 -0.001747722815767738
decision_type=10 10 10 10 10 10 10 8 10 10 10 10 10 10
left_child=4 5 13 -4 7 12 10 8 -1 -7 -6 -8 -2 -3
right_child=1 2 3 -5 6 9 11 -9 -10 -11 -12 -13 -14 -15
leaf_value=-0.0047705403968015276 -0.0036358163355422694 0 -0.0082781837647484657 0.021030318451356021 -0.010044716919772677 0.001419101382437012 0.0022084522487270239 -0.0072883834488346498 -0.0008457906988414898 -0.00020596998355815855 0 -0.0027780162261638063 -0.014263781006865175 0.0228600121503688
leaf_weight=1381.1101651638746 571.53386360779405 14.923470207490025 139.29355537332594 95.449483616277575 252.913767978549 11564.1977928821 2934.3038820624352 724.78498084843159 3899.8986149504781 8688.3054422102869 165.0750824958086 488.30410861223936 84.730288714170456 272.04640810471028
leaf_count=5576 3097 565 5959 7715 1034 82837 12993 2959 16402 61266 706 2323 457 24108
internal_value=0.000176084 0.000863704 0.0140497 0.00376622 -0.00131378 0.000525261 0.00062577 -0.00256304 -0.00189062 0.000719229 -0.00604798 0.00147353 -0.00529154 0.0218496
internal_weight=31276.9 21430.5 521.713 234.743 9846.39 20908.8 3840.6 6005.79 5281.01 20252.5 417.989 3422.61 656.264 286.97
internal_count=227997 186004 38347 13674 41993 147657 17056 24937 21978 144103 1740 15316 3554 24673
is_linear=0
shrinkage=0.03


Tree=141
num_leaves=12
num_cat=0
split_feature=6 8 12 9 6 6 4 6 12 11 9
split_gain=44.117 39.9247 85.2609 77.3011 26.7868 119.536 25.234 13.1407 12.5667 2.38239 1.04105
threshold=1.0009118180188745 -3.3219729287770054e-05 0.00057531014492310519 0.0008165749414119133 0.51690718811834879 0.001081934075729021 -0.0031270837023800175 1.000257817503464 6.3628684351189864e-08 0.0011999394170543124 0.0013021263949843872
decision_type=8 10 10 10 10 10 8 10 10 10 10
left_child=1 4 8 -4 5 -1 9 -6 -3 -2 -8
right_child=6 2 3 -5 7 -7 10 -9 -10 -11 -12
leaf_value=-0.00058883045710453482 0.0036739975888339395 -0.0078301545083703829 0.009304361891531672 -0.0013211566225479238 -0.0050813612453803111 0.013608795364160471 0.023673523474713548 -0.00020906603120135001 -8.9161666933290558e-05 -0.005665237658791053 0.01048859479105071
leaf_weight=20077.608719557524 38.665836840867996 187.02397757768631 1986.2545050950721 874.69751633936539 1625.717576622963 538.15393269062042 91.449069326277822 755.42884780094028 4984.8902688883245 36.56778056640178 55.969919482711703
leaf_count=90152 331 1035 52227 29129 7433 3448 2231 4207 35607 319 1882
internal_value=0.000172903 7.33508e-05 0.00189447 0.00604157 -0.000560709 -0.000208888 0.0131895 -0.00356804 -0.000395236 -0.000293539 0.0200331
internal_weight=31252.4 31029.8 8032.87 2860.95 22996.9 20615.8 222.653 2381.15 5171.91 75.2336 147.419
internal_count=228001 223238 117998 81356 105240 93600 4763 11640 36642 650 4113
is_linear=0
shrinkage=0.03


Tree=142
num_leaves=14
num_cat=0
split_feature=6 4 12 6 6 4 6 6 6 6 6 5 4
split_gain=44.0898 24.4466 98.7098 27.9058 145.179 23.5109 22.1269 20.4266 18.4496 9.83058 5.8038 9.73178 5.21712
threshold=1.0007010841496093 -0.00041545619060651123 0.001146942500435084 0.51690718811834879 0.001081934075729021 -0.0017957583555872623 4.2383776997449763e-05 0.00053806555642944788 1.0015469813941806 1.0000661184159023 1.0009118180188745 -0.00047189654271562182 -0.0031270837023800175
decision_type=10 10 10 8 10 10 10 10 10 10 10 10 10
left_child=1 3 6 4 -1 8 -3 -4 12 -5 11 -7 -2
right_child=5 2 7 9 -6 10 -8 -9 -10 -11 -12 -13 -14
leaf_value=-0.00081478078538665152 -0.0092109219156392679 -0.0018021298941948382 0.0067322122009765787 -0.0062693791952155428 0.013911111275055241 -0.0030267960940970765 0.0012558153879592535 0.016741000543538685 0.016678727642622099 -0.0021655679469212842 0.022299221414306084 0.015271749927191026 0.0018297200696343369
leaf_weight=17738.169287171215 70.158626418560743 3268.8763145878911 531.84388480801135 900.58635729085654 613.52819201722741 30.611196850426495 6047.6288865078241 326.64301263308153 42.702073292806745 1448.3929572254419 106.75301842112094 56.864302813075483 54.785472697578371
leaf_count=91473 493 19109 22778 5028 5038 373 45422 22022 479 10025 3613 1643 586
internal_value=4.7625e-06 -0.000116951 0.00108413 -0.000710453 -0.000311894 0.0102748 0.000175661 0.0107584 0.00145912 -0.00378429 0.0171461 0.00859922 -0.00414835
internal_weight=31237.5 30875.7 10175 20700.7 18351.7 361.875 9316.51 858.487 167.646 2348.98 194.229 87.4755 124.944
internal_count=228082 220895 109331 111564 96511 7187 64531 44800 1558 15053 5629 2016 1079
is_linear=0
shrinkage=0.03


Tree=143
num_leaves=12
num_cat=0
split_feature=6 6 6 9 4 9 9 9 6 8 8
split_gain=46.1079 29.1892 105.738 192.545 38.3868 21.3829 16.3441 12.7394 21.6946 9.99823 6.90688
threshold=1.0009118180188745 0.00053806555642944788 0.51690718811834879 0.00080381686314221358 -1.3435352702095836e-05 0.0021851522518614016 8.930513594224318e-05 0.0012841824239546338 1.0015469813941806 -0.001343972991088682 -0.001343972991088682
decision_type=10 10 10 10 10 10 10 10 10 10 10
left_child=1 5 3 -3 -4 6 -1 -2 10 -7 -9
right_child=7 2 4 -5 -6 9 -8 8 -10 -11 -12
leaf_value=-0.0065419303327190967 0.021380388109181352 0.02052152591648769 -0.0027304037961767605 0.0017153333620983941 0.0056841689243970917 0.0092760798009521687 -0.00057800200528700183 -0.015927853991927934 0.017736841012850942 -0.0012104515379821746 0.001294031420712905
leaf_weight=413.43712813220918 97.040188122075051 636.53362952917814 3313.3350392323919 2068.940998446662 558.85437254514545 277.62176170945168 23676.315139272716 24.000563055276871 56.129081699531525 98.099896824918687 37.093632206786424
leaf_count=2030 2272 5566 25010 18868 21437 1118 148297 128 1256 1211 1070
internal_value=3.5352e-06 -9.24328e-05 0.00167789 0.00622136 -0.001489 -0.000571334 -0.000685519 0.0135593 0.00544166 0.00642213 -0.00591631
internal_weight=31257.4 31043.1 6577.66 2705.47 3872.19 24465.5 24089.8 214.263 117.223 375.722 61.0942
internal_count=228263 223537 70881 24434 46447 152656 150327 4726 2454 2329 1198
is_linear=0
shrinkage=0.03


Tree=144
num_leaves=15
num_cat=0
split_feature=8 12 9 12 9 9 8 0 7 8 4 9 8 7
split_gain=32.4267 105.027 31.7991 49.3153 26.3395 21.1459 25.9309 15.7679 13.6693 13.653 12.7347 11.6191 8.22003 4.95045
threshold=-0.00076148920487428818 0.0022844818947346402 0.0011753633770751329 0.0042871471012152921 0.00011478051826750459 0.0008165749414119133 -0.0041982459305931466 -1.0000000180025095e-35 1.6845195857455222 -0.001559364469508717 -0.0075270530384498038 0.00032080200026329071 -0.0012422200094931999 -0.69640674420538173
decision_type=10 10 10 10 10 10 10 2 10 10 10 10 10 10
left_child=5 4 -3 -4 8 9 10 -6 -2 13 -7 -11 -8 -1
right_child=1 2 3 -5 7 6 12 -9 -10 11 -12 -13 -14 -15
leaf_value=-0.014553499295896699 -0.0033867655970425156 0.023565540397752431 -0.0075370762515332267 0.021323658764988034 -0.00042357952977230853 -0.0019890847158240974 -0.00078182208098636101 0.001217152077766175 -0.017911927949873778 -0.0089332236975843242 -0.017238019325448467 -0.0020762222161816429 0.001865457660198545 -0.0058826734144674601
leaf_weight=107.30243425071239 916.15802484750748 209.97021298855543 103.33050501579419 89.04407733399421 8747.7187161734328 108.14643861353397 2805.2385554611683 13084.339522174094 56.147599197924137 242.41961947083473 106.30090503394604 2680.660555742681 1670.2992596998811 272.32035800814629
leaf_count=440 5046 20266 4623 7356 52732 457 11876 103395 298 983 441 10986 7639 1117
internal_value=4.33408e-05 0.000612844 0.0156217 0.00591873 0.000338677 -0.00160141 -0.000290701 0.0005571 -0.00446044 -0.00343807 -0.0102465 -0.00269387 0.00019474 -0.00879815
internal_weight=31199.4 23206.7 402.345 192.375 22804.4 7992.69 4689.99 21832.1 972.306 3302.7 214.447 2923.08 4475.54 379.623
internal_count=227655 193716 32245 11979 161471 33939 20413 156127 5344 13526 898 11969 19515 1557
is_linear=0
shrinkage=0.03


Tree=145
num_leaves=13
num_cat=0
split_feature=12 10 2 3 3 3 9 3 7 11 9 10
split_gain=18.6158 20.4967 18.1463 18.8814 15.181 15.1723 13.6215 13.3808 12.9666 9.8678 5.50699 4.90423
threshold=0.010705338668396338 0.00043976050241178809 -0.00051517048127620293 0.00019886016708614608 -0.0012942755096503318 0.00073407069001963688 8.930513594224318e-05 4.571715320000897e-05 -0.48787886472738878 -0.0022675645269266266 0.0025785745530084725 0.0032362360478954684
decision_type=10 10 10 10 10 10 8 10 10 10 10 10
left_child=1 6 3 -3 10 -6 7 -1 -4 -8 -2 -7
right_child=4 2 8 -5 5 11 9 -9 -10 -11 -12 -13
leaf_value=-0.0083265460461936138 -0.016150876698312965 0.0086528321004001457 0.0026676429622468929 -0.0073876911278803453 0.015344620330634641 0.0030256410445050398 -0.0025224152752693768 0.002262112466674804 0.00048637622857274917 -0.00017160776584707215 -0.0045034255448000203 -0.011406878065372413
leaf_weight=364.92236139066517 116.35812727967277 67.520212476141751 4132.6597627671435 381.55702968686819 36.775584132876247 20.275404698215425 1766.7596061574295 134.37049748096615 6237.3854698818177 17814.763747381978 90.921429158188403 44.514141129329801
leaf_count=1759 601 2153 33773 1630 304 427 8260 897 50924 125875 475 894
internal_value=-2.48505e-05 4.76211e-05 0.00110145 -0.0047093 -0.0072379 0.00168081 -0.000517441 -0.00537063 0.00136317 -0.000387953 -0.0117604 -0.00628742
internal_weight=31208.8 30899.9 10819.1 449.077 308.845 101.565 20080.8 499.293 10370 19581.5 207.28 64.7895
internal_count=227972 225271 88480 3783 2701 1625 136791 2656 84697 134135 1076 1321
is_linear=0
shrinkage=0.03


Tree=146
num_leaves=15
num_cat=0
split_feature=6 4 6 6 9 4 4 12 9 12 6 6 9 5
split_gain=46.0132 46.6326 19.5207 154.347 116.644 20.9214 20.7851 28.5642 16.9541 21.9817 16.5587 12.2407 11.8213 0.93035
threshold=1.0003556065008685 -0.0010878768799328362 0.51690718811834879 0.00090010988123156337 0.0013827767760753852 -0.0011846422448825165 -8.0196766518714196e-06 0.0012561074382327125 0.00067891201686787292 0.0013132586429083412 1.0015469813941806 1.0001067581269381 0.00097346691899170379 -0.00053807915584985755
decision_type=10 10 10 10 10 8 10 10 10 10 10 10 10 10
left_child=2 10 3 5 -5 -1 11 -8 13 -10 12 -4 -2 -3
right_child=1 8 6 4 -6 -7 7 -9 9 -11 -12 -13 -14 -15
leaf_value=-0.0016461169749516214 0.0025837100978282654 0.0047329975233681544 -0.0052415194100444307 0.023199714747151962 0.0027062990668638232 0.00019543029281105664 -0.0011738064944454413 0.014976663284156788 -0.0023289660577981751 0.01551231693699311 0.014427449394475416 -0.0010460045758641293 -0.0070287381453008621 0.019135814060514799
leaf_weight=7967.5688305273652 212.78485152125359 23.753285177983344 1498.1073771384545 428.65617003990337 606.18389757163823 18117.411864236929 333.55729527957737 126.02067084191367 119.00405741110444 105.79239924997091 51.362196631729603 1150.938995571807 218.39394563436508 233.3017597864382
leaf_count=39115 1721 204 10153 4367 5921 127547 5067 11583 1835 5684 655 8582 1784 3981
internal_value=3.38603e-05 0.00645211 -0.000170986 8.53271e-05 0.0113934 -0.00036518 -0.00241942 0.00335166 0.0129537 0.00611492 -4.95589e-05 -0.00345204 -0.002198 0.0182567
internal_weight=31192.8 964.392 30228.4 27119.8 1034.84 26085 3108.62 459.578 481.852 224.796 482.541 2649.05 431.179 257.055
internal_count=228199 15864 212335 176950 10288 166662 35385 16650 11704 7519 4160 18735 3505 4185
is_linear=0
shrinkage=0.03


Tree=147
num_leaves=14
num_cat=0
split_feature=6 8 12 6 3 4 9 9 9 9 6 6 6
split_gain=42.1729 36.2004 83.2512 32.5151 27.0285 20.8143 18.0124 13.2195 8.40553 6.78484 15.9148 4.45183 0.818553
threshold=1.0007010841496093 -0.00061885665492461539 0.0033893965652691325 0.00043745878487265764 0.00033171706783541338 -0.0031270837023800175 0.00046413597441084413 0.0020291501841952237 0.0010006275987010603 0.0011889724280100759 1.0010067560512887 1.00130043415304 1.0008283762076369
decision_type=8 10 10 10 10 8 10 10 10 10 10 10 8
left_child=1 4 3 -3 6 11 -1 -4 -6 12 -11 -2 -7
right_child=5 2 7 -5 8 9 -8 -9 -10 10 -12 -13 -14
leaf_value=-0.004305836975374267 -0.007002925784242899 -0.00035507619920376103 0.02452133721899075 0.0024417993990048965 -0.007364500041082034 0.010055552873798076 -0.00040830468858316657 0.0020766469930358672 -0.0027798548398264835 -0.0086772241261085289 0.014733285911851765 0.0046382660065466506 0.021797803376898184
leaf_weight=1264.2455248385668 51.320497432723641 16077.980265792459 138.93334778444842 4856.9332570275292 854.71966370940208 62.973897410556674 6902.2286712229252 37.588633187115192 745.19119074940681 30.970974492374808 57.379453641362488 43.166668790392578 98.200613928027451
leaf_count=5111 346 108545 13959 54607 3567 1158 29358 2470 3294 792 2001 420 2399
internal_value=-0.000103975 -0.000223844 0.000472623 0.000291795 -0.00173444 0.0101881 -0.00102354 0.0204312 -0.00529691 0.0146018 0.00586888 -0.00117547 0.0184159
internal_weight=31221.8 30877.8 21111.4 20934.9 9766.39 344.012 8166.47 176.522 1599.91 249.525 88.3504 94.4872 161.175
internal_count=228027 220911 179581 163152 41330 7116 34469 16429 6861 6350 2793 766 3557
is_linear=0
shrinkage=0.03


Tree=148
num_leaves=14
num_cat=0
split_feature=8 2 9 2 2 9 9 8 9 9 2 9 8
split_gain=32.9681 63.4313 55.1248 45.4481 36.4289 31.8078 22.2591 22.4227 21.7892 19.5442 11.5177 6.38263 4.47451
threshold=-0.00021469567330961722 9.8761167049886468e-05 0.00048210400138913611 0.00042394612905905107 -0.00010744178524081819 0.00084945880428277437 0.00012940654206017351 -0.00330539881759162 0.00087790572635246006 0.00082302884157990088 0.00014760106251219475 0.0025785745530084725 -0.00029650828604649288
decision_type=10 10 10 10 8 10 10 10 10 10 10 10 10
left_child=6 4 10 -4 5 -2 12 11 -9 -6 -3 -8 -1
right_child=1 2 3 -5 9 -7 7 8 -10 -11 -12 -13 -14
leaf_value=-0.012501150517820915 0.012876812313079916 0.010517676088535466 0 0.018755056222658158 0.00052912008964151188 -0.00035386894483097422 -0.010111508654420179 -0.0011619579636048263 0.0011174254652777998 -0.0035730857815173458 0.02164116782985176 -0.0019026839264364307 -0.0027229575534823921
leaf_weight=160.60749331116676 377.40585471177474 270.14526327140629 769.046500983648 127.12694265833125 9803.2134091276675 267.20915570762008 270.58827559649944 12043.761916223913 5463.9836418144405 1159.0756784379482 193.76272280141711 159.4228683412075 88.695703446865082
leaf_count=649 11962 5533 23780 13136 64063 9084 1110 52323 25579 9435 10196 684 363
internal_value=7.28084e-05 0.00122981 0.00733799 0.00284438 0.000503199 0.00737908 -0.000749036 -0.000618948 -0.000446929 8.70521e-05 0.0156489 -0.00731693 -0.00949288
internal_weight=31154 12967 1360.08 896.173 11606.9 644.615 18187.1 17937.8 17507.7 10962.3 463.908 430.011 249.303
internal_count=227897 147189 52645 36916 94544 21046 80708 79696 77902 73498 15729 1794 1012
is_linear=0
shrinkage=0.03


Tree=149
num_leaves=15
num_cat=0
split_feature=6 6 9 6 6 8 9 2 8 9 2 6 9 8
split_gain=45.6462 98.2528 179.465 154.485 49.7702 44.9918 31.6943 17.0236 13.0407 25.8696 18.2735 17.2269 13.8696 13.196
threshold=0.00064034661697397741 0.51690718811834879 0.0011889724280100759 0.0014006027761517897 1.0001619089719831 -3.4837675474963521e-06 0.00083593137961102397 0.00012427554313797746 -0.00092498047259137451 0.0014045591352146267 -0.00036828958308754249 0.00043745878487265764 0.00055885800468241425 -0.0024301559867425655
decision_type=10 10 10 10 10 10 10 10 8 10 8 10 10 10
left_child=8 2 6 -4 7 -6 -2 -3 9 13 -10 -11 -12 -1
right_child=1 4 3 -5 5 -7 -8 -9 10 11 12 -13 -14 -15
leaf_value=-0.0098611442299348998 0.024377321863102465 -0.0045027112569111655 -0.0078844563661970707 0.016184395635301899 0 0.0098835698528199432 0.012125419021990743 0.0027473442910798274 0.016579329043419699 0.0037242759452298796 0.00034410710106201918 -0.0063433999686721872 -0.0013133788056601888 -0.0025755855510911046
leaf_weight=238.62315373122692 389.21403780020773 1843.7300618076697 753.90872162766755 339.82108108047396 1272.1624789498746 612.09885932831094 504.33918159082532 328.09187206439674 48.399868546519428 940.63776072859764 13335.475600836333 169.38226579129696 6857.780069721397 3560.1870999932289
leaf_count=976 3624 12654 6870 3430 7619 19311 4753 11648 3703 3812 80813 720 53656 14494
internal_value=5.58467e-05 0.00239645 0.00784415 -0.00027304 -0.000270622 0.00327177 0.0177392 -0.00337239 -0.000504918 -0.00189161 -0.0001649 0.00209152 -0.000216189 -0.00307367
internal_weight=31193.9 6043.37 1987.28 1093.73 4056.08 1884.26 893.553 2171.82 25150.5 4908.83 20241.7 1110.02 20193.3 3798.81
internal_count=228083 69909 18677 10300 51232 26930 8377 24302 158174 20002 138172 4532 134469 15470
is_linear=0
shrinkage=0.03


Tree=150
num_leaves=14
num_cat=0
split_feature=8 12 10 4 8 9 8 4 11 12 4 9 12
split_gain=29.9548 47.0493 34.2644 26.867 18.9973 16.3648 17.3775 13.6289 5.03595 7.31797 2.93085 2.23498 0.898945
threshold=-0.0017959832348634073 0.0051369386890974039 0.0012343856534100051 -0.0012101633246085484 -0.00010039623972835086 0.0014045591352146267 -0.0041982459305931466 -0.0036864621387620584 -0.0010523239928915528 0.0059620133988414837 -0.006498941403511759 0.0034488660107241894 0.0061650975090416374
decision_type=8 10 10 10 8 10 10 10 10 10 10 10 10
left_child=5 2 4 -4 -2 8 10 -8 9 -1 -7 -3 -10
right_child=1 11 3 -5 -6 6 7 -9 12 -11 -12 -13 -14
leaf_value=-0.0012448141503446151 -0.00072550949803641988 0.02296132478517196 0.0018839375532340287 0.010056684400105065 0.00093181206169449225 -0.0047037838211284521 0.0044650697773454028 -0.0030598589255466163 -0.014529386131494801 -0.0078087410092788712 -0.013903399816519633 0 -0.0059685016432408367
leaf_weight=284.05674688518047 17611.372379682958 75.489169616252184 1514.2779962588102 480.86397321568802 9600.2372841192409 129.72370763123035 440.52411621809006 401.10509156435728 93.908926755189896 413.87991146743298 71.554328218102455 8.4832436316646618 73.730751320719719
leaf_count=1162 79883 7796 8232 9918 113812 547 1885 1697 388 1701 297 647 300
internal_value=-2.73237e-05 0.000208533 0.000138228 0.00392397 -0.000138476 -0.00366066 -0.00104227 0.000814554 -0.00669901 -0.00527733 -0.0087615 0.0214061 -0.0116499
internal_weight=31199.2 29290.7 29206.8 1995.14 27211.6 1908.48 1042.91 841.629 865.576 697.937 201.278 83.9724 167.64
internal_count=228265 220288 211845 18150 193695 7977 4426 3582 3551 2863 844 8443 688
is_linear=0
shrinkage=0.03


Tree=151
num_leaves=15
num_cat=0
split_feature=6 6 4 6 6 4 8 6 10 8 10 12 10 10
split_gain=39.6201 99.2738 96.954 78.0777 49.6585 44.2526 16.1052 13.7237 12.1489 22.1919 20.901 19.1033 8.51153 8.37343
threshold=0.00067633060075387519 0.51690718811834879 -0.0019346045956952771 0.0014006027761517897 1.000151928767586 -0.00043348312787483406 -0.001343972991088682 0.00090010988123156337 0.00010487074201086781 -0.00025113514979147039 -6.6714882229330753e-05 0.0021103590065933695 -0.002151499802220075 0.00026785745696785573
decision_type=10 10 10 10 10 10 10 10 10 10 8 10 10 10
left_child=8 2 3 -2 6 -6 -3 -4 10 13 12 -11 -1 -10
right_child=1 4 7 -5 5 -7 -8 -9 9 11 -12 -13 -14 -15
leaf_value=0.0045211578558326136 -0.0059490540891917812 -0.011983941186427363 0.010138174509123694 0.014295985937333139 -5.5060272406782005e-05 0.009523424305684371 -0.0027108710625006666 0.018041180585333879 -0.0060457283795148252 0.0017792930042947127 -0.0051077487967032794 0.015972186295209717 -0.00089559577496853792 -0.00050892172502589768
leaf_weight=253.49275168357417 556.53477936610579 182.55554693937302 517.32349601201713 235.76427987776697 1321.1036973632872 627.66047724941745 1914.6146185914986 489.65019576018676 247.19320525228977 3478.131653342396 1089.1223756223917 79.074773931410164 12571.295130229555 7528.1141978949308
leaf_count=1898 3850 737 5251 1897 10853 16902 22697 6221 1026 28299 5496 6629 84228 31771
internal_value=-1.52619e-05 0.00220623 0.00804935 0.000103573 -0.000390918 0.00303223 -0.00359959 0.0141797 -0.000532641 0.000192012 -0.00112687 0.0021555 -0.000780415 -0.000700195
internal_weight=31091.6 5845.21 1799.27 792.299 4045.93 1948.76 2097.17 1006.97 25246.4 11332.5 13913.9 3557.21 12824.8 7775.31
internal_count=227755 68408 17219 5747 51189 27755 23434 11472 159347 67725 91622 34928 86126 32797
is_linear=0
shrinkage=0.03


Tree=152
num_leaves=15
num_cat=0
split_feature=8 10 9 10 10 9 9 8 9 8 9 3 9 4
split_gain=22.2469 48.2598 53.4976 45.5575 26.1546 52.5993 22.0207 17.5549 13.7615 13.1146 12.8757 11.9581 9.98057 8.93927
threshold=-0.00015389245656904912 0.00026785745696785573 0.00035516612393236694 0.0006031460835772593 -0.00023164637339333631 0.00046065490851974258 0.00032418617114308583 -0.0028628288367502637 0.00087790572635246006 -0.0004896679354456367 0.0015360808463534923 -0.00024324291633570598 6.228594515176484e-05 -2.4531710742514697e-05
decision_type=10 10 10 10 8 10 10 10 10 10 10 10 10 10
left_child=6 4 13 -4 5 -2 9 10 -9 -1 -8 -11 -6 -3
right_child=1 2 3 -5 12 -7 7 8 -10 11 -12 -13 -14 -15
leaf_value=-0.0060400892482614099 0.0064763989479862654 0.0082103447820323638 -0.0022288734720673272 0.0060043475485301086 -0.0092039264294071603 -0.0009238557831091047 -0.011745293765995504 -0.00069381722076948668 0.0011699750454530035 0.0017996668210888652 -0.0021510280413727166 -0.0029487989674150026 -0.0015363203094655494 0.016082359928393321
leaf_weight=893.42900454998016 1286.6470372211188 484.00515923183411 1186.67300027702 1201.5554943601601 153.16731959208846 2556.7726181149483 180.0262613594532 10324.235170591623 5429.5727220550179 615.79489234089851 457.86106535792351 1867.3030501753092 4208.4129485804588 251.32998848380521
leaf_count=3609 13855 4423 13267 37358 815 36932 741 46075 25799 2596 1925 7989 25481 6765
internal_value=-0.000100325 0.000956892 0.00412506 0.00189614 -0.000245446 0.00154831 -0.000709394 -0.00025023 -4.73176e-05 -0.00291342 -0.00509085 -0.00174464 -0.00183975 0.0111611
internal_weight=31096.8 11328.6 3123.56 2388.23 8205 3843.42 19768.2 16391.7 15753.8 3376.53 637.887 2483.1 4361.58 735.335
internal_count=227630 138896 61813 50625 77083 50787 88734 74540 71874 14194 2666 10585 26296 11188
is_linear=0
shrinkage=0.03


Tree=153
num_leaves=9
num_cat=0
split_feature=8 9 8 12 9 9 5 2
split_gain=24.7865 21.7899 18.7153 81.6825 27.027 8.47123 7.43527 6.51059
threshold=-0.0041982459305931466 9.8495114286486983e-05 -0.00021469567330961722 0.002600077568207999 0.0008165749414119133 0.0030425866703344831 -0.0001440549623719922 5.1451309147854017e-05
decision_type=10 10 10 10 10 10 10 10
left_child=5 6 4 -4 -3 -1 -2 -8
right_child=1 2 3 -5 -6 -7 7 -9
leaf_value=-0.014534810038964955 0.0014687749161008338 -0.0012951956262674715 0.00070086138711707689 0.016254070510419678 0.0011311976626178168 -0.0013242125802632953 -0.008351285062348314 -5.8202588866175193e-06
leaf_weight=129.98884323239326 105.58685965463519 11432.810240902007 12046.339860051405 302.38363926997408 6436.1894056499004 82.27475006878376 432.98787038680166 121.78400647733361
leaf_count=538 518 49490 116563 27526 29918 354 2185 841
internal_value=6.1462e-06 7.9903e-05 0.000200431 0.00109941 -0.000417739 -0.0099742 -0.0052666 -0.00665806
internal_weight=31090.3 30878.1 30217.7 12348.7 17869 212.264 660.359 554.772
internal_count=227933 227041 223497 144089 79408 892 3544 3026
is_linear=0
shrinkage=0.03


Tree=154
num_leaves=15
num_cat=0
split_feature=8 12 9 12 4 9 3 9 12 10 2 9 2 4
split_gain=28.3253 82.4376 39.8542 92.5213 31.3102 19.3341 19.8357 18.0103 26.7005 14.0796 13.7806 12.7888 12.3876 2.30871
threshold=-0.00029650828604649288 0.0027651016575196857 0.00065072612756761556 0.00085807848116882578 -1.0000000180025095e-35 0.00039907457604072144 0.00031687473584574233 0.0016316444187690342 0.0042871471012152921 -0.002151499802220075 0.001096642504878915 0.00012256093074305434 0.00030243340385264123 -0.0017012740585556905
decision_type=8 8 10 10 10 10 10 10 10 10 10 10 10 8
left_child=5 2 3 -2 -4 11 10 13 -9 -8 -7 -1 -13 -3
right_child=1 7 4 -5 -6 6 9 8 -10 -11 -12 12 -14 -15
leaf_value=-0.011905132110605045 0.00071985525556243931 0.0046910370767814158 -0.00085614500034898527 0.011058554875987368 -0.008534837501435584 0.00039482759206009322 0.0066657531968493866 -0.015476005233411042 0.016065780305950149 -0.0035959455925089201 -0.0052236196672421709 -0.001849850187621688 -0.0084898331683043934 0.023764893504372123
leaf_weight=131.09493280947208 10547.416160404682 20.16850707679987 2664.4758159951307 833.2797191911377 580.0122723467648 10542.800831306726 115.09909612685442 28.377512459643185 52.879244187381119 2002.7123409695923 397.34922307729721 2793.7924687713385 277.81484943628311 163.54348279023543
leaf_count=528 66028 879 25638 27307 12626 46627 565 1269 4398 9206 1656 11558 1136 18723
internal_value=1.56296e-05 0.000962534 0.000651845 0.00149115 -0.0022693 -0.000847837 -0.000329434 0.0172457 0.00390408 -0.00298134 0.000180701 -0.00293518 -0.00249548 0.0223309
internal_weight=31150.8 14890.2 14625.2 11380.7 3244.49 16260.7 13058 264.969 81.2568 2117.81 10940.2 3202.7 3071.61 183.712
internal_count=228144 156868 131599 93335 38264 71276 58054 25269 5667 9771 48283 13222 12694 19602
is_linear=0
shrinkage=0.03


Tree=155
num_leaves=13
num_cat=0
split_feature=6 8 12 6 9 9 6 9 6 11 8 8
split_gain=32.4846 21.7988 57.4315 23.9723 16.204 15.426 17.7956 12.9767 25.6227 13.8649 7.26727 2.12463
threshold=1.0007010841496093 -0.001343972991088682 0.0038409100850015291 0.00024433456912322844 0.0027643623868514587 0.00097346691899170379 1.0015469813941806 0.0011346608283154642 0.00044596003586020756 -0.0011196434260081127 -7.7040316233956116e-05 -0.0019569353680365382
decision_type=8 10 10 10 10 10 10 10 10 10 10 10
left_child=1 7 3 -3 -4 -2 10 9 -9 -1 -7 -8
right_child=5 2 4 -5 -6 6 11 8 -10 -11 -12 -13
leaf_value=-0.0027824362996605543 0.017441011076700482 -0.00054854610265883436 0.023422666718184409 0.0013150113159853603 -0.0042263308391551008 -0.005623222089252645 0.00095554439778738204 0.0020635823736931632 -0.0051100302049300224 -0.0098827509783666872 0.0072725435741195395 0.01925809300763396
leaf_weight=1137.5873752981424 120.65729714045301 17762.475016481243 111.47066032886505 9532.9633792904206 15.186420306563376 114.98186836764216 15.632185786962507 1153.5759783089161 714.86510127782822 329.49394345283508 45.349975088145584 46.021737296599895
leaf_count=4653 2617 107170 11925 86504 1060 838 96 4654 3236 1342 2213 1357
internal_value=2.47355e-05 -7.7106e-05 0.000199722 0.000100349 0.0196018 0.0090797 0.00372048 -0.0023647 -0.000661691 -0.00447384 -0.00141057 0.0162359
internal_weight=31100.3 30757.6 27422.1 27295.4 126.657 342.643 221.986 3335.52 1868.44 1467.08 160.332 61.6539
internal_count=227665 220544 206659 193674 12985 7121 4504 13885 7890 5995 3051 1453
is_linear=0
shrinkage=0.03


Tree=156
num_leaves=14
num_cat=0
split_feature=6 4 8 12 12 6 6 8 6 6 6 4 11
split_gain=29.9744 30.4767 21.5421 60.3359 21.2093 14.6575 82.406 10.7711 8.35574 7.25499 6.80731 2.05968 1.34986
threshold=1.0005670613242652 -0.0024613723505606529 -0.00038347399091787077 0.0033893965652691325 0.001046320195721244 0.51690718811834879 0.0014006027761517897 -9.760284687415631e-05 1.0000661184159023 1.00130043415304 1.0008283762076369 -0.0022820353338638961 0.0011290917528159674
decision_type=10 10 10 10 8 8 10 10 10 10 10 10 8
left_child=2 9 5 4 -4 6 -1 10 -7 12 -3 -5 -2
right_child=1 7 3 11 -6 8 -8 -9 -10 -11 -12 -13 -14
leaf_value=-0.00096465557394395814 -0.0025828352331879302 0.00081177405359503566 0.00013560415409395342 0.0034657740408173938 0.0038947074635996711 -0.0067293696497477727 0.016265505802696905 0.018691988550959202 -0.0016833933969242875 0.0050576688407027118 0.01296843237246904 0.020309759958888278 -0.011668005478001663
leaf_weight=12524.438859507442 61.97320550866425 106.92893139272928 15005.044701436535 21.118384093046188 1479.4552641836926 563.61676369607449 244.65023293346167 145.26086112251505 714.31447833776474 49.442900652997196 74.752125460654497 133.83511930936947 43.964411038905382
leaf_count=53393 436 761 97410 1040 44948 2361 1491 6559 3125 532 923 14940 286
internal_value=5.1274e-05 0.00739606 -6.45868e-05 0.000663457 0.000478771 -0.000931121 -0.000617368 0.012513 -0.00399042 -0.00311348 0.00654223 0.0187271 -0.00755192
internal_weight=31168.8 482.322 30686.5 16639.5 16484.5 14047 12769.1 326.942 1277.93 155.381 181.681 154.954 105.938
internal_count=228205 9497 218708 158338 142358 60370 54884 8243 5486 1254 1684 15980 722
is_linear=0
shrinkage=0.03


Tree=157
num_leaves=15
num_cat=0
split_feature=6 6 9 6 4 6 8 11 9 8 12 6 8 8
split_gain=29.6796 109.199 158.069 131.436 53.0336 44.7788 36.6983 18.8191 16.6148 16.8084 33.4277 15.2409 8.84206 4.51572
threshold=0.00067633060075387519 0.51690718811834879 0.0011753633770751329 0.0014006027761517897 -0.0024613723505606529 1.0002061653507122 -4.5129521275222288e-05 0.00066102582685382259 0.0025785745530084725 -0.00076148920487428818 0.0027651016575196857 0.00043745878487265764 -0.0011350046044951709 -0.00031567809880556069
decision_type=10 10 10 10 10 10 10 10 10 8 10 10 8 10
left_child=8 2 4 -4 -2 7 -7 -3 9 11 -11 -1 -10 -14
right_child=1 5 3 -5 -6 6 -8 -9 12 10 -12 -13 13 -15
leaf_value=-0.0014413779130000685 -0.00042338615945195396 -0.0052517953814350945 -0.0067728695554901495 0.015727070512340808 0.021788645113076779 -0.00025035482087355722 0.0091829925932117064 0.00024862825459914264 0.0098964622542433277 -0.00022166141200218847 0.014802075449606607 -0.0067745796310782593 0.0031170437245256013 -0.011708908379830659
leaf_weight=5656.4010788649321 107.17406527884305 1624.2550909854472 712.71283317916095 335.07513829506934 634.87038041697815 1036.8149891942739 557.69970018649474 819.36650076135993 198.13561679422855 18758.830621507484 124.18123443657532 528.29921433329582 29.7010378241539 20.451301224064082
leaf_count=23013 780 11460 6550 3512 6429 6281 17326 16102 804 122198 10730 2332 135 610
internal_value=-3.38119e-05 0.00189243 0.00804154 0.000446386 0.0185378 -0.000831361 0.00304834 -0.00338951 -0.000480192 -0.000560192 -0.000111902 -0.00191683 0.00707352 -0.00287273
internal_weight=31144 5827.97 1789.83 1047.79 742.044 4038.14 1594.51 2443.62 25316 25067.7 18883 6184.7 248.288 50.1523
internal_count=228262 68440 17271 10062 7209 51169 23607 27562 159822 158273 132928 25345 1549 745
is_linear=0
shrinkage=0.03


Tree=158
num_leaves=15
num_cat=0
split_feature=10 4 12 9 10 2 7 12 9 3 10 3 10 9
split_gain=21.0769 43.8636 44.8763 58.6467 20.6253 19.856 13.2225 12.986 11.6772 11.5391 10.2985 8.6919 7.95291 3.44832
threshold=0.00021983695037392791 -0.00014588551923538914 0.0020639049044166012 0.00033817177392504461 -0.0002157362152922797 -0.00051517048127620293 1.8250029355893391 0.001402466528620824 0.00087790572635246006 0.00062757816274539187 0.0011911161884525566 0.00034627584245817841 -0.0009285434549987212 0.0034488660107241894
decision_type=10 10 10 10 8 10 10 10 10 10 10 8 10 10
left_child=4 5 3 -3 7 8 11 9 -2 -1 -7 -6 -9 -4
right_child=1 2 13 -5 6 10 -8 12 -10 -11 -12 -13 -14 -15
leaf_value=0.00096941533281069768 -0.01396972698297474 0.012198664428522205 0.02156582621044981 -0.00043030628152254473 -0.0020144633324092566 -6.0699027626349189e-05 -0.01312120833224332 -0.00011883085439918404 -0.0028009850456398671 -0.0051414762133323395 0.0019634706407063523 -0.011292246677396509 -0.0024977010519953318 0
leaf_weight=6648.1101090256125 110.6928391167894 481.34232781361789 141.96364689525217 985.79349080612883 4424.4716994911432 9336.0323549741879 95.791077267378569 2684.5083065317012 378.45315734855831 277.88167773373425 2953.7268798053265 86.610006686300039 2481.6803077715449 2.385548199992626
leaf_count=44714 463 7667 18653 16634 24316 51650 516 22345 1824 2451 16981 587 18934 274
internal_value=-6.45967e-05 0.000774461 0.00542388 0.00372696 -0.000791275 0.000179671 -0.00249782 -0.000134631 -0.00567789 0.000708527 0.000422114 -0.00223045 -0.00127578 0.0209234
internal_weight=31089.4 14390.4 1611.49 1467.14 16699.1 12778.9 4606.87 12092.2 489.146 6925.99 12289.8 4511.08 5166.19 144.349
internal_count=228009 114146 43228 24301 113863 70918 25419 88444 2287 47165 68631 24903 41279 18927
is_linear=0
shrinkage=0.03


Tree=159
num_leaves=14
num_cat=0
split_feature=6 4 8 10 6 6 6 6 4 6 4 4 8
split_gain=29.4452 28.982 19.4865 36.425 20.5936 13.5095 12.7276 19.2165 10.1841 7.18348 5.70275 1.33001 0.269455
threshold=1.0005670613242652 -0.00093182042518946673 -0.0018981022465388573 0.0021450522049935006 0.00048394180544877532 1.0015469813941806 0.00046458631902008689 0.001081934075729021 -0.0031270837023800175 0.001081934075729021 -0.0044097567465412038 -0.0046616629709814164 -0.0001034357596538804
decision_type=10 10 8 10 10 10 10 10 10 10 10 10 10
left_child=2 5 6 4 -4 8 10 -8 -2 -5 -1 -7 -3
right_child=1 12 3 9 -6 11 7 -9 -10 -11 -12 -13 -14
leaf_value=0.0016723097545755091 -0.0095347686798709069 0.0097011373164574092 -0.00040462448148120958 0.0050775116480160339 0.0015672302998327352 0.0029655703494100749 -0.013195605138891689 -0.0013709283438258291 0.0026160350995529684 0.016462770150294691 -0.0028060474603222017 0.018944763026742199 0.019776753804048045
leaf_weight=351.9349717348814 83.644244617782533 70.775996092706919 22705.781643038616 133.94547083647922 6022.3074895269237 22.476590882055461 239.24239185452461 276.09421361982822 164.91489602439106 122.44587245536968 783.77506037056446 26.430709289386868 104.03691024100408
leaf_count=1427 562 775 143034 1679 64510 204 1007 1243 1912 2618 3183 470 5566
internal_value=4.63025e-05 0.00740253 -6.75223e-05 0.000111537 7.05175e-06 0.00133735 -0.00322882 -0.00712137 -0.00145148 0.0111539 -0.00136344 0.0143697 0.0167678
internal_weight=31107.8 472.279 30635.5 28984.5 28728.1 297.466 1651.05 515.337 248.559 256.391 1135.71 48.9073 174.813
internal_count=228190 9489 218701 211841 207544 3148 6860 2250 2474 4297 4610 674 6341
is_linear=0
shrinkage=0.03


Tree=160
num_leaves=11
num_cat=0
split_feature=6 8 12 9 9 9 12 6 4 9
split_gain=34.1788 24.3076 66.9253 35.4132 26.4712 26.1328 22.5447 13.6844 9.70254 3.42121
threshold=1.0011274035882831 -0.00038347399091787077 0.0027651016575196857 0.0011346608283154642 0.0005549667136506073 0.0020291501841952237 0.0037806919837459325 0.00034305579743922797 -0.0029582230249213244 0.0019025694835933394
decision_type=10 10 10 10 10 10 10 10 10 10
left_child=1 4 3 -3 7 -4 -6 -1 -2 -10
right_child=8 2 5 -5 6 -7 -8 -9 9 -11
leaf_value=-0.0036651517958591262 0.0027649680608247745 0.00061867985615567036 0.020404209182886809 -0.0054249137315393872 0.00078757417216532549 -0.0035033834565606188 -0.0022982301482055542 0.00092347791957554605 0.023856866298745522 0.0011676380722993041
leaf_weight=4040.4106091856956 54.745739684440196 15629.664778655861 197.22912671603262 913.16018695384264 6279.3603420183063 42.950787249021232 3205.5470771491528 656.1516085639596 62.227003606036305 13.9488252941519
leaf_count=16550 538 129552 20968 10160 28474 2907 13384 2873 1961 686
internal_value=-0.000186016 -0.000254926 0.000515138 0.000278374 -0.0011702 0.0159199 -0.000250316 -0.00301073 0.0145478 0.021016
internal_weight=31095.4 30964.5 16783 16542.8 14181.5 240.18 9484.91 4696.56 130.922 76.1758
internal_count=228053 224868 163587 139712 61281 23875 41858 19423 3185 2647
is_linear=0
shrinkage=0.03


Tree=161
num_leaves=14
num_cat=0
split_feature=6 4 6 6 9 2 4 6 6 9 11 4 11
split_gain=28.6977 21.7705 16.9313 121.552 70.7006 28.8075 36.4941 19.7524 15.6946 4.1035 1.67159 1.23171 0.780604
threshold=1.0009118180188745 -0.0031270837023800175 0.51690718811834879 0.001081934075729021 0.0015972396501258564 8.2411250423036306e-05 -0.00028809472061608327 0.00069577525104016406 1.0003189616527097 0.0019608583789235811 0.0011999394170543124 -0.001747722815767738 0.0020187389642398576
decision_type=10 10 8 10 10 10 10 10 10 10 10 10 10
left_child=2 10 3 7 -5 8 -7 -1 -4 11 -2 -3 -11
right_child=1 9 5 4 -6 6 -8 -9 -10 12 -12 -13 -14
leaf_value=-0.00025540321100701624 0.0018849290791714199 0.0073929441025466832 -0.0044137542453065119 0.023615775460843844 0.0038503458418448658 -0.0024375482450466153 0.010310063715248809 0.0039708359920852246 0.00069657563299431707 -0.0028053717669853217 -0.0057279301124620596 0.022985109027134496 0.0056432207449019691
leaf_weight=25389.725856029429 37.964591150172055 32.167116535827518 2335.6219102782197 292.09199863579124 382.91897126007825 447.08379752514884 346.88702402636409 1025.2489860900678 674.67087176116183 7.776173217687754 34.822172383777797 80.518652434460819 7.6676439647562802
leaf_count=160500 333 434 14755 3169 3945 6025 19814 9438 5790 210 316 2928 561
internal_value=4.55152e-05 0.0110747 -2.783e-05 0.000233603 0.0127108 -0.00190095 0.00311624 -8.76583e-05 -0.00325004 0.0181145 -0.00128436 0.0199886 0
internal_weight=31095.2 200.916 30894.2 27090 675.011 3804.26 793.971 26415 3010.29 128.13 72.7868 112.686 15.4438
internal_count=228218 4782 223436 177052 7114 46384 25839 169938 20545 4133 649 3362 771
is_linear=0
shrinkage=0.03


Tree=162
num_leaves=15
num_cat=0
split_feature=6 8 10 10 6 8 6 6 6 3 2 3 10 10
split_gain=31.2137 26.6287 34.8989 34.8353 27.8227 21.6456 9.47428 9.30083 45.5922 7.49281 6.2624 8.37622 6.5876 6.05873
threshold=1.0003556065008685 -0.00086424836884046996 0.00074580983113970659 -0.00089134077700707187 0.00064034661697397741 -9.6658820752937285e-06 1.0015469813941806 0.51690718811834879 0.0016970569405582341 0.00064332142357326281 8.0483479807384018e-05 0.00035394397637267489 -0.0015549385012622317 0.0021450522049935006
decision_type=10 10 10 8 10 10 10 8 10 8 10 10 10 10
left_child=1 7 3 -3 -4 6 13 8 -1 -9 11 -7 -12 -2
right_child=5 2 4 -5 -6 10 -8 9 -10 -11 12 -13 -14 -15
leaf_value=-0.001819321262434034 0.0023276542512707418 0.0045105733357068013 0.0013715220613395094 -0.00032793557694134887 0.0082366448488350019 0.010506863984206897 0.014353582341200754 -0.0026083515087784717 0.016046212648394464 -0.010672989217778974 -0.0033121764188296841 -0.0050171549192100642 0.019049525963959354 -0.0064777298929446234
leaf_weight=5965.3582956492901 538.49450545758009 1426.492207092233 1530.8734943848103 19758.659802105743 831.13749369233847 107.30257155979052 45.330914650112391 322.59031556546688 120.88982993364334 174.93581682443619 5.1645515076816073 29.95116818882525 124.66322558000684 68.501448474824429
leaf_count=24939 3740 19382 14905 133837 16310 2481 500 1323 684 713 306 491 7817 350
internal_value=8.16277e-05 -8.34112e-05 0.000386212 0 0.00383704 0.00549756 0.00235894 -0.00177018 -0.00142888 -0.00571661 0.012585 0.00660113 0.0175576 0.00114781
internal_weight=31050.3 30130.9 23547.2 21185.2 2362.01 919.408 652.327 6583.77 6086.25 497.526 267.082 137.254 129.828 606.996
internal_count=227778 212093 184434 153219 31215 15685 4590 27659 25623 2036 11095 2972 8123 4090
is_linear=0
shrinkage=0.03


Tree=163
num_leaves=15
num_cat=0
split_feature=8 12 6 6 3 9 6 9 6 9 6 9 6 6
split_gain=25.8889 65.0222 29.4122 53.9051 21.4531 17.7691 18.4622 28.2079 22.0477 13.9851 6.57411 3.42225 3.29198 0.0770002
threshold=-0.00092498047259137451 0.0033893965652691325 0.00038942456544724754 0.51690718811834879 -0.00071381639571565635 0.00052532843510795133 0.00043745878487265764 0.0017483638462125778 0.001081934075729021 0.0020291501841952237 0.00048394180544877532 0.00031003714675793375 2.4609708513764299e-07 2.1461249253090149e-07
decision_type=10 10 10 10 8 10 10 10 10 10 10 10 10 10
left_child=5 2 4 -4 -2 11 7 -7 -8 13 -11 -1 -13 -3
right_child=1 9 3 -5 -6 6 8 -9 -10 10 -12 12 -14 -15
leaf_value=-0.011988657734805874 0.0044480084847807006 0.00095663039716268521 0.0049863355336671718 -0.00055922111770597685 -0.00050975745994892997 -0.0010287415356230716 -0.0072822673087939178 0.0062922966430390848 -0.00037423094131778574 -0.010998771469603276 0.0094546222433172216 -0.0016213821479824598 -0.0068350834032811954 0.024126018106458556
leaf_weight=93.867428004741669 810.65187515132129 6.4546878850087515 3002.5540096079931 3272.2315408727154 17622.157241298351 3344.0884451717138 811.39925318956375 541.548284932971 883.77176327258348 11.783941299654542 27.364985017571598 212.90117578208447 367.91795679926872 116.42861271975562
leaf_count=389 4385 726 27225 39396 112230 13564 3676 2195 4318 774 2340 867 1494 14556
internal_value=9.70093e-06 0.000445661 0.00031509 0.00208855 -0.000286174 -0.00171189 -0.00113689 0 -0.00373929 0.0188316 0.00109209 -0.00629447 -0.00508533 0.0235241
internal_weight=31125.1 24869.6 24707.6 6274.79 18432.8 6255.49 5580.81 3885.64 1695.17 162.032 39.1489 674.687 580.819 122.883
internal_count=228135 201632 183236 66621 116615 26503 23753 15759 7994 18396 3114 2750 2361 15282
is_linear=0
shrinkage=0.03


Tree=164
num_leaves=11
num_cat=0
split_feature=6 8 12 10 9 6 9 4 6 9
split_gain=31.3056 20.704 54.9881 26.3634 15.2955 16.5696 15.1193 9.96249 4.22814 1.45779
threshold=1.0011274035882831 -0.00092498047259137451 0.0033893965652691325 0.00047068008039450449 0.00048893350100104934 0.00038942456544724754 0.0020291501841952237 -0.0027427502667229371 0.0002006004942987167 0.0019025694835933394
decision_type=8 10 10 10 10 10 10 8 10 10
left_child=1 4 3 -3 8 -6 -4 -2 -1 -9
right_child=7 2 6 -5 5 -7 -8 9 -10 -11
leaf_value=-0.0077984792614204579 0.0029172791790867555 -0.00054537200552888597 0.022310552550282251 0.0017049620436338545 -0.00017819639390094413 -0.0036756672540385676 0 0.023548224764946595 -2.3969349684179135e-05 0.0020303302050215491
leaf_weight=445.96590504050255 58.170957481488585 18305.550523794256 117.77576398127712 6284.839836309664 3836.257259324193 1805.4753317087889 35.646014638245106 56.635008192854002 91.240956112742424 11.728739116340874
leaf_count=1825 593 125242 14781 56313 15549 8269 2651 1904 369 644
internal_value=-0.000175232 -0.000240351 0.000145514 2.77912e-05 -0.001793 -0.0013126 0.0174906 0.0141512 -0.00661225 0.0213524
internal_weight=31049.3 30922.8 24743.8 24590.4 6178.94 5641.73 153.422 126.535 537.207 68.3637
internal_count=228140 224999 198987 181555 26012 23818 17432 3141 2194 2548
is_linear=0
shrinkage=0.03


Tree=165
num_leaves=15
num_cat=0
split_feature=8 12 9 12 4 9 9 2 9 9 9 4 4 4
split_gain=16.8644 56.2768 44.6546 48.5276 23.0558 20.0616 18.4603 12.3502 13.0293 10.0697 9.33769 7.49221 1.50531 1.15173
threshold=-0.00028842258162808937 0.0033893965652691325 0.0015063507579953297 0.0014795995572626066 -0.00017605831992451024 0.00026732675631175093 0.0020291501841952237 -0.00066962280248605832 0.00090815078929104706 0.0012327180435044015 0.00011478051826750459 -0.00039231142616841236 -0.0022820353338638961 -0.0015170372947848063
decision_type=8 10 10 10 10 10 10 10 10 10 10 10 10 10
left_child=5 2 3 -2 -4 10 12 9 -9 -7 -1 -12 -3 -8
right_child=1 6 4 -5 -6 7 13 8 -10 -11 11 -13 -14 -15
leaf_value=-0.012558947712722434 0.00042151888297699378 0.0015937009153136038 -0.0045353559997990331 0.0095003047798491655 -0.02214662415145216 -0.011951152706060736 0.0047981573710306619 -0.00085333870547112589 0.0010291748940193884 -0.0018148756455523228 -0.0042933581654214887 0.001862458355386034 0.024692522963374413 -0.0036297541481615757
leaf_weight=105.4203133136034 13598.219775619917 9.8560193749144656 245.82509404048324 542.65313960984349 93.782768880948424 133.53922342509031 15.775299265980719 9647.7539270408452 5007.5318713784218 288.96557764708996 1072.6932619065046 192.1521510630846 108.60693380841985 23.635699265636504
leaf_count=424 102844 538 2995 29746 1797 549 812 41602 23228 1246 4368 795 14848 2343
internal_value=-1.82393e-05 0.000720199 0.000515359 0.000780623 -0.0100647 -0.000679115 0.0180012 -0.000357605 -0.000205752 -0.00535958 -0.00414518 -0.00330384 0.0235114 0
internal_weight=31086.4 14638.4 14480.5 14140.9 339.608 16448.1 157.874 15077.8 14655.3 422.505 1370.27 1264.85 118.463 39.411
internal_count=228135 155923 137382 132590 4792 72212 18541 66625 64830 1795 5587 5163 15386 3155
is_linear=0
shrinkage=0.03


Tree=166
num_leaves=12
num_cat=0
split_feature=6 8 9 6 9 6 6 4 8 3 4
split_gain=36.8967 21.1375 20.2548 22.9109 14.5218 13.8863 111.059 18.5313 10.2733 8.44925 1.9416
threshold=1.0007010841496093 -0.0036715080473180279 0.0011346608283154642 1.0015469813941806 0.0034488660107241894 0.00067633060075387519 0.51690718811834879 -0.0038377022372759191 -0.00093544596403222202 -0.0012942755096503318 -0.0030395593431296604
decision_type=10 10 10 10 10 10 10 10 10 10 10
left_child=1 4 10 8 9 7 -7 -3 -4 -1 -2
right_child=2 5 3 -5 -6 6 -8 -9 -10 -11 -12
leaf_value=-0.014813266608430601 0.00082497525371069658 0.0049252123218180592 -0.012647982078808727 0.017105158967091225 0.002976230842667018 0.0076947755256441446 -0.0015598768389975637 -0.00043618702740290589 0.003115859086479975 -0.0014594157050699026 0.018798904788015845
leaf_weight=167.86477729678154 13.975177207961677 583.00281317718327 60.466196455061436 54.684952776413411 74.445350289344788 1698.8138232873753 3653.7964161178097 24449.281651343685 62.935624652076513 73.060528695583344 136.78815628914163
leaf_count=694 112 2730 331 1362 321 16971 43870 155776 2016 300 3320
internal_value=1.49085e-05 -9.17914e-05 0.00986183 0.00235236 -0.00769783 -8.36617e-06 0.00137505 -0.000307007 -0.00452766 -0.0112224 0.017661
internal_weight=31029.1 30700.3 328.85 178.087 315.371 30384.9 5352.61 25032.3 123.402 240.925 150.763
internal_count=227803 220662 7141 3709 1315 219347 60841 158506 2347 994 3432
is_linear=0
shrinkage=0.03


Tree=167
num_leaves=12
num_cat=0
split_feature=6 8 0 6 6 8 6 6 3 3 3
split_gain=25.0432 17.9387 16.9489 28.8952 20.7183 12.6363 7.61994 5.80078 4.6346 4.34765 0.0104309
threshold=1.0007010841496093 -0.0041982459305931466 -1.0000000180025095e-35 0.00086713053441019863 0.51690718811834879 -0.00014756592420839262 1.0015469813941806 0.0003967816759209547 0.00049821403022321117 0.0013278832871774806 0.002334935679615405
decision_type=8 10 2 10 10 8 10 10 10 10 10
left_child=1 7 3 -3 -4 6 8 -1 -2 -7 -11
right_child=5 2 4 -5 -6 9 -8 -9 -10 10 -12
leaf_value=-0.0030292683761972278 0.0039200081306011375 -0.0012164375076884953 0.0010033277301584739 0.0070425868788282055 -0.0015087582606682266 0.017688785122896448 0.013254679503435191 -0.014031965175887373 -0.0056285924060996313 -0.00071766145122228585 0
leaf_weight=115.93948876857758 102.57048080489039 11629.948255768977 14868.475627412321 382.52418199274689 3662.7222964242101 102.62213801406324 41.150884445756674 94.54388789832592 67.059684831649065 8.227372352499513 3.7961045186966649
leaf_count=474 903 67977 104840 3640 43898 4344 448 407 488 612 348
internal_value=-3.65096e-05 -0.000127311 -6.37615e-05 -0.000942808 0.000503028 0.00811367 0.00310501 -0.0086558 0 0.015853 0
internal_weight=31079.6 30754.2 30543.7 12012.5 18531.2 325.427 210.781 210.483 169.63 114.646 12.0235
internal_count=228379 221236 220355 71617 148738 7143 1839 881 1391 5304 960
is_linear=0
shrinkage=0.03


Tree=168
num_leaves=12
num_cat=0
split_feature=6 9 6 8 6 6 0 2 9 5 9
split_gain=27.1919 23.5508 21.0588 18.0974 18.3001 101.225 16.2 10.2474 5.31298 1.13655 0.223903
threshold=1.0006492107958309 0.00097346691899170379 1.0015469813941806 -0.0041982459305931466 0.00067633060075387519 0.51690718811834879 -1.0000000180025095e-35 0.00016539682738580638 0.0030425866703344831 -0.0007066738707722785 0.00083593137961102397
decision_type=10 10 10 8 10 10 2 10 10 10 10
left_child=3 9 7 8 6 -6 -5 -3 -1 -2 -11
right_child=1 2 -4 4 5 -7 -8 -9 -10 10 -12
leaf_value=-0.012260180866320353 0.0064447564184363284 -0.0067309931785541318 0.016477653972081143 -0.0009649040301465486 0.0078052874061334404 -0.0010233536630351245 0.00056435150438680168 0.0094995335712762825 -0.001243419361174106 0.02235080554100826 0.007014755369380149
leaf_weight=124.69159358739853 35.055814738385379 145.1692266096361 56.716011041542515 11347.560518027749 1709.6509108636528 3615.8334122356027 13780.06453711167 33.477386283222586 77.751144766807556 77.306059380294755 26.291525301523507
leaf_count=516 437 1520 1496 65643 17042 43144 93329 1859 330 1904 742
internal_value=0.000251263 0.00818769 0.00190695 0.000149839 0.000212564 0.00180899 -0.000123978 -0.00302909 -0.00856916 0.0176001 0.0199471
internal_weight=31029.6 374.016 235.363 30655.6 30453.1 5325.48 25127.6 178.647 202.443 138.653 103.598
internal_count=227962 7958 4875 220004 219158 60186 158972 3379 846 3083 2646
is_linear=0
shrinkage=0.03


Tree=169
num_leaves=12
num_cat=0
split_feature=6 8 12 6 9 3 9 10 9 10 5
split_gain=24.2769 19.8449 57.6367 22.0454 21.3423 16.7344 17.7765 17.6018 7.85958 4.70899 0.790828
threshold=1.0011274035882831 -0.0008942850886344832 0.0029872832769368709 0.00042086515574809186 0.0017960843946609232 0.00017883315774014393 0.00050325614060451869 -0.002151499802220075 0.0016316444187690342 0.0023465453344693799 -1.0000000180025095e-35
decision_type=10 8 10 10 10 10 10 10 10 10 10
left_child=1 5 3 -3 -4 6 -1 -7 -2 -10 -11
right_child=8 2 4 -5 -6 7 -8 -9 9 10 -12
leaf_value=-0.0057471227999352573 0.01956201383360311 -0.00026743567442745307 0.021992027297811124 0.0018562044368846458 0 0.0065839082114594041 -3.597602268875182e-05 -0.0053448149284916245 -0.0059253712090886488 0.011875212816570025 0
leaf_weight=542.99183937907219 64.196247826563194 18493.158145873807 141.15488756052218 5751.2274635853246 52.693016731180251 108.71564096212387 4540.3073100969195 1320.1768086701632 19.579988461919129 21.654320003930479 17.741032158955932
leaf_count=2219 1810 116219 17368 60018 3824 502 19135 5592 387 331 640
internal_value=3.33677e-05 -1.96858e-05 0.00037059 0.000234416 0.0162605 -0.00149179 -0.0006679 -0.00435608 0.0128155 0.00283056 0.00871562
internal_weight=31073.6 30950.4 24438.2 24244.4 193.848 6512.19 5083.3 1428.89 123.172 58.9753 39.3954
internal_count=228045 224877 197429 176237 21192 27448 21354 6094 3168 1358 971
is_linear=0
shrinkage=0.03


Tree=170
num_leaves=14
num_cat=0
split_feature=6 9 10 4 9 6 10 8 9 6 9 4 4
split_gain=25.574 18.3501 17.8081 45.4007 39.543 21.1873 14.0493 16.218 15.3527 13.3214 5.78115 3.8557 2.57353
threshold=1.0007010841496093 0.0010302583644964038 0.00028577112141139107 -0.00033097302118945121 0.00051421976226153439 1.0000000739699904 -0.00016055492011693166 -0.00062522202135667493 0.00049254151276669031 1.0015469813941806 0.0014045591352146267 -0.0023663165940717153 -0.006498941403511759
decision_type=10 10 10 10 10 10 8 10 10 10 10 10 10
left_child=2 11 6 5 -5 -4 7 -1 -8 10 -3 -2 -11
right_child=1 9 3 4 -6 -7 8 -9 -10 12 -12 -13 -14
leaf_value=-0.0017728026097676478 0.0001859646453959425 0.0030052364768419731 0.00062602654220374752 0.0083234557135487171 0.00013594851623356769 -0.0030319328133409473 -0.0016863119245204017 0.00056951502405001907 -0.011417953665517074 0 -0.0079935568586255428 0.019204752191851006 0.016841989987576918
leaf_weight=3714.0606709420681 17.745328344404697 70.08935589180328 9186.7067193179391 1230.5176894343458 955.11928539490327 1675.6945463046432 4475.1298201587051 9278.3711917521432 143.99900335073471 13.93408894445747 74.145004708319902 104.85615729307756 40.708116057794541
leaf_count=15828 174 1377 45182 19489 25219 11272 25212 77684 852 119 1427 2737 1310
internal_value=0.000104916 0.00839338 1.33432e-05 0.000854881 0.00478977 5.39412e-05 -0.000606861 -9.63018e-05 -0.00202666 0.0021605 -0.00241146 0.0171261 0.013663
internal_weight=30981.1 321.478 30659.6 13048 2185.64 10862.4 17611.6 12992.4 4619.13 198.877 144.234 122.601 54.6422
internal_count=227882 7144 220738 101162 44708 56454 119576 93512 26064 4233 2804 2911 1429
is_linear=0
shrinkage=0.03


Tree=171
num_leaves=13
num_cat=0
split_feature=9 8 10 9 11 9 9 3 8 7 8 2
split_gain=16.2624 20.464 37.5225 32.453 17.1839 16.2171 12.9674 14.5456 13.3331 7.88483 6.89384 1.49319
threshold=0.00012940654206017351 -0.00070477952723368975 0.00065813925051283007 0.00077997100175160371 0.00061836601212183378 0.00051421976226153439 0.0010006275987010603 0.0003689179671977356 -0.0026785311976648125 1.6845195857455222 -0.00019365290269457433 6.8645056409101054e-05
decision_type=8 8 10 10 10 10 10 10 10 10 10 10
left_child=4 6 5 -4 9 -3 7 -2 -8 10 -1 -6
right_child=1 2 3 -5 11 -7 8 -9 -10 -11 -12 -13
leaf_value=-0.0076991851349689049 -0.0014458260938491224 0.00075568760096652416 0.0070164444669718771 0.00045859881969411234 0.00032195440717302956 -0.0011123049863925392 -0.0034470206023848029 -0.0061057802272716571 0.0011243285026936033 -0.013506805534831235 -0.0020341361503758131 0.014206820710531618
leaf_weight=262.73773510754108 4345.5058353580534 11855.607109173201 1409.1060312108602 1345.4169967386406 19.59823299292475 6442.2231833287515 702.20204246044159 708.27103727683425 2920.9511417672038 71.732130609452724 894.73452747799456 38.67269583279267
leaf_count=1066 17963 80151 20689 24720 183 58330 2938 2985 13155 358 4791 770
internal_value=-5.85671e-05 8.29203e-05 0.000590082 0.00384828 -0.00334738 9.4487e-05 -0.00113993 -0.00212152 0.000214793 -0.00416731 -0.00342639 0.011147
internal_weight=31016.8 29729.3 21052.4 2754.52 1287.48 18297.8 8676.93 5053.78 3623.15 1229.2 1157.47 58.2709
internal_count=228099 220931 183890 45409 7168 138481 37041 20948 16093 6215 5857 953
is_linear=0
shrinkage=0.03


Tree=172
num_leaves=14
num_cat=0
split_feature=6 9 6 8 9 6 11 9 6 9 4 4 4
split_gain=23.2132 20.4558 17.0127 16.2294 15.4281 15.4844 11.9694 9.4191 13.6714 8.31436 3.2804 0.98315 0.631888
threshold=1.0007010841496093 0.00097346691899170379 1.0015469813941806 -0.0024301559867425655 0.00013577986861859417 0.00064034661697397741 0.00061836601212183378 0.001362153933748623 0.00038218419738960671 0.0014796390445694755 -0.0075270530384498038 -0.0020571786593704395 -0.0032190683249321834
decision_type=10 10 10 10 10 10 10 10 10 10 10 10 10
left_child=3 11 9 7 6 -6 -5 12 -9 -3 -4 -2 -1
right_child=1 2 10 4 5 -7 -8 8 -10 -11 -12 -13 -14
leaf_value=-0.010322995639777493 0.0036971186408889575 0.002488381612710765 0 -0.0036088092007568419 -0.00014798740915222168 0.0016672480782959646 0.0085113795510361849 0.001790412754694751 -0.0066162813745376508 -0.010418200382976918 0.018409192697225758 0.019954957887801036 -0.0041677929099567254
leaf_weight=175.584248945117 18.918341129086912 91.068701890530065 10.700241476297377 1394.7319993469864 23200.172686823644 5151.9858148812782 65.336366233415902 370.41716976463795 301.65958108007908 65.80450080987066 42.284798340173438 87.131011457648128 81.751897007226944
leaf_count=725 193 1830 93 7047 149052 60058 1089 1497 1308 1236 1365 2396 337
internal_value=-1.10882e-05 0.0079511 0.00193836 -9.74194e-05 2.29126e-05 0.000180222 -0.00297142 -0.00398026 -0.00193662 -0.00286594 0.0153118 0.0181402 -0.00882106
internal_weight=31057.5 315.908 209.858 30741.6 29812.2 28352.2 1460.07 929.413 672.077 156.873 52.985 106.049 257.336
internal_count=228226 7113 4524 221113 217246 209110 8136 3867 2805 3066 1458 2589 1062
is_linear=0
shrinkage=0.03


Tree=173
num_leaves=12
num_cat=0
split_feature=6 4 2 6 6 5 6 6 6 9 5
split_gain=20.7609 16.2102 13.063 28.1707 44.2641 10.8329 9.30466 19.2631 12.2769 0.566991 0.348462
threshold=1.0011274035882831 -0.0027427502667229371 4.3890836293702346e-06 0.00078131046085813801 0.51690718811834879 -0.00069838267016211753 1.0000000739699904 0.00069577525104016406 1.0003189616527097 0.0019608583789235811 -0.0015315962667933611
decision_type=10 10 10 10 10 10 8 10 10 10 8
left_child=2 10 6 5 -5 -4 7 -1 -8 -3 -2
right_child=1 9 3 4 -6 -7 8 -9 -10 -11 -12
leaf_value=-0.00076208708629536413 0.0021882463192951268 0.023343906415691004 -0.0014631562220188863 0.0092514775235935827 0.00054957737512921967 0.00051916960023228899 -0.0040248862500152568 0.0036705841474810059 0.00098292081524188808 0.0026944076102914699 -0.001786831065419663
leaf_weight=8020.4567915564403 29.183054848574102 52.663638669764623 2973.3874626150355 821.37390822847374 1480.8210525074974 14536.356304592919 1439.7978345765732 979.20545683754608 603.42235636990517 11.209284333512185 29.461303171701729
leaf_count=57338 326 1954 14811 7701 33217 89780 8293 8905 4762 641 275
internal_value=0.000183673 0.0120376 0.000130775 0.000593162 0.00370676 0.000178477 -0.000693147 -0.000269593 -0.00251913 0.0213875 0
internal_weight=30977.3 122.517 30854.8 19811.9 2302.19 17509.7 11042.9 8999.66 2043.22 63.8729 58.6444
internal_count=228003 3196 224807 145509 40918 104591 79298 66243 13055 2595 601
is_linear=0
shrinkage=0.03


Tree=174
num_leaves=15
num_cat=0
split_feature=8 12 2 9 9 12 0 9 11 12 4 9 7 7
split_gain=21.0095 61.6299 20.1359 18.9874 18.4851 26.1219 18.4253 17.5592 11.9585 15.6714 9.43346 8.03249 3.12159 4.98679
threshold=-0.00091492083695510196 0.0027651016575196857 2.0063689112381261e-05 0.0022918335831081417 0.0016316444187690342 0.0042031433812724853 -1.0000000180025095e-35 0.00050325614060451869 -0.001156397687072188 0.0059620133988414837 -0.0017012740585556905 0.0017960843946609232 -0.16731092435184344 -0.83277837441260905
decision_type=10 10 10 10 10 10 2 10 10 10 10 10 10 10
left_child=7 2 3 -2 10 -6 -4 12 9 -9 -3 -10 13 -1
right_child=1 4 6 -5 5 -7 -8 8 11 -11 -12 -13 -14 -15
leaf_value=-0.0082770859986641687 -0.00059970338175837127 0 -0.00013958139347693919 -0.015718699044493419 -0.017166952247538374 0.014904443825772839 0.0020427835375328635 0.0010567191537601698 -0.004068995026669471 -0.0031929681670880921 0.023740393039793185 0.0010032413275182176 -0.008493042932524196 -8.7213393576745135e-05
leaf_weight=110.80087414383888 10483.683608081657 17.99332859646529 6465.598449322395 65.696319947019219 27.0304632387124 48.284314050339162 7411.5811138281133 2924.6577836386859 1384.6249786168337 1053.3619410544634 136.98066441272385 325.31273050233722 321.672896951437 185.23936527967453
leaf_count=452 72882 890 34196 678 1261 4460 67924 12266 6013 4386 18593 1564 1316 758
internal_value=2.39821e-05 0.000421177 0.000269836 -0.000714336 0.0155448 0.00202773 0.0010223 -0.00151786 -0.000977981 -5.87188e-05 0.021229 -0.0030689 -0.00629877 -0.00351884
internal_weight=30962.5 24656.8 24426.6 10549.4 230.289 75.3148 13877.2 6305.67 5687.96 3978.02 154.974 1709.94 617.713 296.04
internal_count=227639 200884 175680 73560 25204 5721 102120 26755 24229 16652 19483 7577 2526 1210
is_linear=0
shrinkage=0.03


Tree=175
num_leaves=10
num_cat=0
split_feature=6 8 10 2 4 6 6 4 6
split_gain=19.5937 18.6822 21.2868 14.0363 12.623 11.6272 11.7016 7.07884 4.64049
threshold=1.0011274035882831 -0.0018981022465388573 0.0021450522049935006 2.5651877455508316e-05 -0.0027427502667229371 0.0003751696087525242 0.0016970569405582341 -0.0053431332546952639 0.001081934075729021
decision_type=8 10 10 10 8 10 10 10 10
left_child=1 5 3 -3 -2 7 -7 -1 -4
right_child=4 2 8 -5 -6 6 -8 -9 -10
leaf_value=0.0037896345600506908 0.00011758014729628694 -0.00063977559999876333 0.0034942948268238188 0.00069632772464244105 0.020209610277372975 -0.0094664808330368489 -0.00070579571186634175 -0.0022671310045639459 0.01250909823231619
leaf_weight=202.36593316495419 56.784917885437608 12151.073083382798 134.34884592262097 16863.385506570805 61.468549371464178 383.18692338466644 237.40033708512783 855.69957394897938 133.22384910751134
leaf_count=822 585 85531 1674 127617 2569 1645 1041 3484 3402
internal_value=8.7577e-05 3.71471e-05 0.000215931 0.000134681 0.0117907 -0.00302879 -0.00627464 -0.0010279 0.00848786
internal_weight=31078.9 30960.7 29282 29014.5 118.253 1678.65 620.587 1058.07 267.573
internal_count=228370 225216 218224 213148 3154 6992 2686 4306 5076
is_linear=0
shrinkage=0.03


Tree=176
num_leaves=13
num_cat=0
split_feature=6 9 4 4 12 6 7 6 9 9 10 10
split_gain=20.0282 19.0345 18.6184 13.7383 52.8808 21.1337 9.56161 8.57329 10.3548 5.95871 5.17748 2.49149
threshold=1.0008283762076369 9.8495114286486983e-05 -0.0016586050042670661 -0.00059672749767347699 0.0017176095992762679 0.51690718811834879 0.8385817008003088 1.0015469813941806 0.0014045591352146267 0.0019025694835933394 3.6803522804508066e-05 -2.5780793237130554e-07
decision_type=10 10 10 10 10 10 10 10 10 10 10 10
left_child=1 6 7 5 -5 -3 10 8 -2 -4 -1 -8
right_child=2 3 9 4 -6 -7 11 -9 -10 -11 -12 -13
leaf_value=-0.0048542777766054966 0.0045632445695241615 -8.2898901965888756e-05 0.020141430964173389 0.00048353619920765375 0.011964790729754574 -0.0033106969367748358 -0.0041403764245319039 0.011203803274984677 -0.013426464430792739 0 0.0015134105924246263 -0.012592920804316983
leaf_weight=252.83691875636578 46.670655037276447 15374.705460161436 88.84206258202903 12332.261992628686 362.77471257839352 2068.6276681935415 89.615886963903904 38.275520170107484 44.518445250578225 9.9763884912244958 178.25469762180001 142.50344244576991
leaf_count=1284 503 80561 3366 91702 34021 12875 457 519 380 740 1043 769
internal_value=2.8956e-05 -3.61185e-05 0.00869411 7.3338e-05 0.000825507 -0.000470803 -0.00502649 0.000483861 -0.0040853 0.0178662 -0.00211062 -0.00988319
internal_weight=31029.9 30801.6 228.283 30138.4 12695 17443.3 663.211 129.465 91.1891 98.8185 431.092 232.119
internal_count=228220 222712 5508 219159 125723 93436 3553 1402 883 4106 2327 1226
is_linear=0
shrinkage=0.03


Tree=177
num_leaves=10
num_cat=0
split_feature=6 4 8 12 6 6 6 4 5
split_gain=17.0679 14.2705 13.6994 42.0411 17.1449 15.6096 22.3245 5.04769 0.376859
threshold=1.0010067560512887 -0.0031270837023800175 -0.0014411956962263048 0.0042031433812724853 0.00055081402363140982 0.0004549921057558987 0.001081934075729021 -0.0027427502667229371 -0.0033801434836114859
decision_type=10 10 8 10 10 10 10 10 10
left_child=2 -2 5 4 -4 7 -7 -1 -5
right_child=1 -3 3 8 -6 6 -8 -9 -10
leaf_value=0.00088423626831835326 -0.00063227590511311918 0.016962434848384753 -0.00035679875815736959 0 0.0015074911841521032 -0.010439889482453262 -0.00083498074738327639 -0.0020621805163433169 0.019542544901338364
leaf_weight=1013.4570977389812 60.36015185713768 86.888532884884626 22368.481372626498 2.4496978968381873 5527.8030353216454 409.21526013314724 488.38020180165768 1028.9774784147739 90.465245947241783
leaf_count=4115 560 3373 140476 130 60394 1757 2224 4167 11420
internal_value=-6.72122e-05 0.00978691 -0.000119213 8.36421e-05 1.08784e-05 -0.00206448 -0.00534676 -0.000573748 0.019223
internal_weight=31076.5 147.249 30929.2 27989.2 27896.3 2940.03 897.595 2042.43 92.9149
internal_count=228616 3933 224683 212420 200870 12263 3981 8282 11550
is_linear=0
shrinkage=0.03


Tree=178
num_leaves=15
num_cat=0
split_feature=6 9 6 6 6 9 6 9 9 11 9 8 9 9
split_gain=19.5419 38.5146 20.9629 15.7213 131.423 64.1413 22.5176 31.9114 15.3587 13.5377 8.54036 7.2381 4.29269 0.468612
threshold=1.0005319066970972 0.00090007447563178282 1.0011274035882831 0.51690718811834879 0.001081934075729021 0.0015972396501258564 1.0000818756533125 0.00044354579814756719 0.00073486778130887832 0.0012731953373350115 0.0017960843946609232 -9.6658820752937285e-06 0.00065970299537991301 0.00074573145021999542
decision_type=10 10 10 10 10 10 10 10 10 10 10 10 10 10
left_child=3 12 11 4 8 -6 9 -8 -1 -5 -4 -3 -2 -14
right_child=1 2 10 6 5 -7 7 -9 -10 -11 -12 -13 13 -15
leaf_value=0.00035335784813320315 0.020819801036459158 -0.0097162578265005128 0.01612071406288219 -0.0059888211426380525 0.024160109041745099 0.0048749800475262287 0.0048523468045257485 -0.002979064025760089 -0.0012035230413459479 0.00077756679246530859 0 0.0027058943555655786 0.0022239721570285953 0.010742510889473304
leaf_weight=18130.131570060505 100.66694928356446 151.76089270412922 57.675921533023939 1254.4937012973242 276.84949069702998 374.16214881325141 785.32401263061911 1126.1962149580941 8293.6142422796693 315.21389997238293 48.438303226837888 42.984469682676718 35.970927991904318 60.723031371133402
leaf_count=112022 1937 973 1623 9691 3149 3927 8179 15579 58324 7417 1138 2441 767 1409
internal_value=4.77665e-05 0.00588313 -0.000759564 -4.73108e-05 0.000194924 0.0134084 -0.0019436 0.000215656 -0.000133301 -0.00459576 0.0092342 -0.00668313 0.015847 0.00864136
internal_weight=31054.2 498.22 300.86 30556 27074.8 651.012 3481.23 1911.52 26423.7 1569.71 106.114 194.745 197.361 96.694
internal_count=228576 10288 6175 218288 177422 7076 40866 23758 170346 17108 2761 3414 4113 2176
is_linear=0
shrinkage=0.03


Tree=179
num_leaves=15
num_cat=0
split_feature=6 9 6 2 6 9 3 12 4 9 2 9 4 5
split_gain=19.4616 15.9972 12.4011 11.6149 23.3139 39.869 16.5977 21.4009 15.1181 14.0023 7.76284 3.55265 1.59778 0.856125
threshold=1.0007010841496093 0.0010409292005518515 1.0015469813941806 2.5651877455508316e-05 0.00073474270286188375 0.0013414214349817869 -0.00031307844305982987 0.0028757850518028845 -0.0038377022372759191 0.00073486778130887832 0.00017619458001111096 0.0030425866703344831 -0.0024613723505606529 -0.00031559471104725118
decision_type=8 10 10 10 10 10 8 10 10 10 10 10 8 8
left_child=3 12 10 6 8 -6 7 -1 -5 -8 -3 -4 -2 -14
right_child=1 2 11 4 5 -7 9 -9 -10 -11 -12 -13 13 -15
leaf_value=0.0018381191923418571 0.00093003880894498782 -0.0067326863757507403 0.016139523441731481 0.0045925026151277205 0.0057317068591078062 -0.0037330638229820276 -0.00047296940851395195 0.020790610529322309 -0.00019882262780354757 -0.0028372997022297563 0.0089786782881309257 0 0.0085887972102441368 0.021817239958196458
leaf_weight=747.36773908277974 15.517900833860038 112.66164163826033 41.343862241832539 606.10198024846613 1572.1583059078548 520.54976704670116 8580.5622545685619 49.321787079796195 15536.42318357015 3094.2004271214828 24.902869248762727 10.972926367074249 50.689745889045298 50.677486632950604
leaf_count=10056 150 1206 1186 2771 31101 6153 52991 4589 93821 19524 1545 256 854 1936
internal_value=-3.11407e-05 0.0073641 0.00142034 -0.000109347 0.000370856 0.0033423 -0.000816023 0.003329 -1.24767e-05 -0.00110662 -0.00306619 0.0127792 0.015674 0.0171062
internal_weight=31013.5 306.766 189.881 30706.7 18235.2 2092.71 12471.5 796.69 16142.5 11674.8 137.565 52.3168 116.885 101.367
internal_count=228139 7133 4193 221006 133846 37254 87160 14645 96592 72515 2751 1442 2940 2790
is_linear=0
shrinkage=0.03


Tree=180
num_leaves=14
num_cat=0
split_feature=6 9 6 6 6 9 2 9 12 8 7 4 4
split_gain=21.4277 49.0305 21.8224 20.6952 103.828 96.3912 18.6763 36.4372 17.2158 12.5909 12.0016 9.06572 8.17095
threshold=1.0004208547698608 0.00065970299537991301 1.0011274035882831 0.51690718811834879 0.00090010988123156337 0.0015972396501258564 5.8815245279552628e-05 0.00039235400111061592 0.00094873070236167691 -0.00056832357032626779 0.65104107570742065 -0.0027427502667229371 -0.0014311478733856629
decision_type=10 10 10 10 10 10 10 10 10 8 10 10 10
left_child=3 12 8 4 9 -6 10 -8 -3 -1 -5 -4 -2
right_child=1 2 11 6 5 -7 7 -9 -10 -11 -12 -13 -14
leaf_value=-0.0010601357536942477 0.0016271592256436776 -0.012952471977169554 0.00085474654281016431 -0.0021573000747415008 0.018814190748067845 0 0.0086367449214133796 -0.0039605177949821662 0.00039739915600857763 0.00032343533562482015 -0.0067938382413781249 0.018707381644883603 0.019398435911107223
leaf_weight=9051.5059197545052 37.459490741603076 109.73346345685422 55.749596579931676 1699.3912625568919 500.42541401507333 467.75393125042319 358.40005780407228 455.31684594741091 286.55397827294655 16982.736763382563 755.38378510577604 56.039013450965285 177.57210922800004
leaf_count=37656 305 1521 588 10393 5465 4793 8226 14603 5438 128916 4592 2499 3099
internal_value=5.22698e-05 0.00512128 0 -6.8488e-05 0.000202677 0.009799 -0.00232079 0.00155257 -0.00337937 -0.000155519 -0.00363017 0.0110981 0.0167791
internal_weight=30994 723.108 508.076 30270.9 27002.4 968.179 3268.49 813.717 396.287 26034.2 2454.78 111.789 215.032
internal_count=228094 13450 10046 214644 176830 10258 37814 22829 6959 166572 14985 3087 3404
is_linear=0
shrinkage=0.03


Tree=181
num_leaves=13
num_cat=0
split_feature=8 10 10 10 8 10 4 4 4 5 8 3
split_gain=15.7474 22.5327 14.5207 15.2832 5.43374 11.2516 7.43386 6.28194 3.3804 2.36717 0.480634 0.328478
threshold=-0.0018981022465388573 0.0021450522049935006 -0.0020011323928477271 0.00028577112141139107 -0.0041982459305931466 0.0036170279590321346 -0.0044097567465412038 -0.0075270530384498038 -0.00025040861339553627 -0.0012429840492154674 -0.0013217381548665805 -0.00040729289268170396
decision_type=8 10 8 10 10 10 10 10 10 10 10 10
left_child=4 2 8 -4 7 6 -6 -1 -2 10 -3 -11
right_child=1 9 3 -5 5 -7 -8 -9 -10 11 -12 -13
leaf_value=-0.0012849369785011291 0.0082813835386664411 0 -0.00051403705019410545 0.0008913047854518856 0.00079368237497819377 0.0069908197487880287 -0.0040653411924221668 -0.012139857627613724 -0.0013627247223747087 0.0058612907663723934 0.0042919934732355116 0.012072550559870707
leaf_weight=109.82076267898083 229.37922857422382 40.679170656949282 16907.748771897051 11816.797260876279 359.79680335521698 102.71444930136204 1026.1060711368918 106.54132094979286 22.969498749822378 102.68474298599176 35.400534771382809 122.62346874107607
leaf_count=463 2525 220 114138 96127 1513 465 4257 445 1394 1631 465 4153
internal_value=5.13334e-05 0.000216824 0.000128416 6.2118e-05 -0.00274022 -0.00200896 -0.00276425 -0.00719536 0.00715636 0.00824698 0.00216577 0.00986613
internal_weight=30983.3 29278.3 28976.9 28724.5 1704.98 1488.62 1385.9 216.362 252.349 301.388 76.0797 225.308
internal_count=227796 220653 214184 210265 7143 6235 5770 908 3919 6469 685 5784
is_linear=0
shrinkage=0.03


Tree=182
num_leaves=13
num_cat=0
split_feature=9 4 10 9 9 11 6 4 3 7 11 10
split_gain=16.6392 16.812 38.0635 39.8612 29.8146 10.7705 13.3393 9.95894 9.53429 5.68651 5.34648 2.55436
threshold=8.930513594224318e-05 -0.00033627072955039189 0.00029469542297681464 0.00051421976226153439 0.0014534376508239944 4.2761457499028713e-06 0.00069577525104016406 -0.0011846422448825165 6.1869305659545607e-05 1.1244741427628722 1.453312361253155e-06 -1.5667764821682861e-05
decision_type=10 10 10 10 10 8 10 10 10 10 10 10
left_child=8 5 4 -4 -3 6 -2 -7 9 11 -10 -1
right_child=1 2 3 -5 -6 7 -8 -9 10 -11 -12 -13
leaf_value=-0.0092122082793973034 -0.00013821592532654712 0.00038973849561723138 0.0083983699555631973 0.00022554804180183115 -0.015006515777241733 -0.0026698080320376504 0.0026839515484955337 -0.0002573727077532396 -0.0047976258357386318 -0.013635725247133353 0.0072020130450862465 -0.002308890921075698
leaf_weight=80.76220165938139 14121.761498434469 5953.1228487412445 1188.698644376127 1002.165569951525 105.3406126271002 2725.8919691606425 1674.3171682697721 3671.8557632374577 44.784672662615776 102.9068072643131 66.922346134670079 206.16459799557924
leaf_count=380 65561 51052 19226 28714 2747 18822 11066 28053 210 499 553 991
internal_value=7.69012e-05 0.000168918 0.0013256 0.00470515 8.78637e-05 -0.000258718 0.000158635 -0.00129717 -0.00528526 -0.00749008 0.00189931 -0.00469887
internal_weight=30944.7 30443.2 8249.33 2190.86 6058.46 22193.8 15796.1 6397.75 501.541 389.834 111.707 286.927
internal_count=227874 225241 101739 47940 53799 123502 76627 46875 2633 1870 763 1371
is_linear=0
shrinkage=0.03


Tree=183
num_leaves=10
num_cat=0
split_feature=12 3 2 9 9 2 10 3 10
split_gain=15.902 10.5285 43.8245 16.5131 14.3656 11.7881 17.1278 16.6912 0.864231
threshold=6.3628684351189864e-08 0.0003689179671977356 0.00029266774026407832 0.00051051465817910182 0.00096475721011551364 0.0010045846887560995 0.0026068401353066583 -0.0011653819602637178 -2.5780793237130554e-07
decision_type=8 8 10 10 10 10 10 10 10
left_child=8 5 3 -3 -4 6 -2 -7 -1
right_child=1 2 4 -5 -6 7 -8 -9 -10
leaf_value=-0.0033736243724972396 0.00032068994490750541 0.0020714937682842667 0.021835810806408819 -0.0033225064009437979 0.0040099677998656977 -0.0067792739498993802 0.0086083989513000628 0.0070218981521222353 -0.010438180229295541
leaf_weight=67.626962430775166 26615.669060262619 610.95297348033637 75.264202289748937 2642.0772003941238 108.81298703863285 411.72777235507965 217.05422467063181 84.409353432245553 117.88996727205813
leaf_count=368 174291 7653 9947 20851 9869 1715 2079 397 646
internal_value=5.08136e-05 0.000106904 -0.00145252 -0.00228783 0.0123572 0.000305685 0.000393148 -0.00422035 -0.00847406
internal_weight=30951.5 30766 3437.11 3253.03 184.077 27328.9 26832.7 496.137 185.517
internal_count=227816 226802 48320 28504 19816 178482 176370 2112 1014
is_linear=0
shrinkage=0.03


Tree=184
num_leaves=15
num_cat=0
split_feature=6 9 6 6 6 9 9 6 9 12 8 9 9 6
split_gain=18.2343 29.4368 18.2106 15.5275 97.4978 114.868 13.9725 52.2499 12.9062 8.91452 5.95368 5.65087 1.82693 1.5753
threshold=1.0005319066970972 0.0008293136889302267 1.00130043415304 0.51690718811834879 0.00090010988123156337 0.0013827767760753852 0.00044712920881228278 1.000257817503464 0.00086342918403087732 0.001402466528620824 -7.7040316233956116e-05 0.0015972396501258564 0.00065970299537991301 1.0006069140099225
decision_type=10 10 10 10 10 10 10 10 10 10 10 10 10 10
left_child=3 12 10 4 8 -6 7 -5 -1 -8 -3 -4 -2 -14
right_child=1 2 11 6 5 -7 9 -9 -10 -11 -12 -13 13 -15
leaf_value=0.00023519098353559165 0.019112143563057325 -0.0064853972448637495 0.020131203977649614 -0.0020923804658648784 0.022065484619147417 0.00087862258723353179 -0.0062792403059270434 0.01281085526949224 -0.0013551470531079075 -0.0017958308643175192 0.0032177926690596897 0.0026558950800238089 0 0.010353551598565131
leaf_weight=20139.70698570786 96.733784850453958 184.932233273983 33.095062005100772 1508.6751652455423 383.4847995955497 572.57293106615543 754.03113321773708 236.01831986615434 5928.5348987698089 967.88222588249482 63.953509686747566 48.638098564231768 18.362223016563803 56.371972112683579
leaf_count=125651 1888 1215 1040 16084 4318 5938 6750 2506 41138 15403 3390 1231 308 1290
internal_value=7.15382e-05 0.00568604 0.000167478 -2.07814e-05 0.000219933 0.00957944 -0.00190979 0 -0.00012457 -0.00381869 -0.00373233 0.0118092 0.0154005 0.00819965
internal_weight=30993 502.087 330.619 30490.9 27024.3 956.058 3466.61 1744.69 26068.2 1721.91 248.886 81.7332 171.468 74.7342
internal_count=228150 10362 6876 217788 177045 10256 40743 18590 166789 22153 4605 2271 3486 1598
is_linear=0
shrinkage=0.03


Tree=185
num_leaves=12
num_cat=0
split_feature=6 4 7 0 8 6 3 3 3 8 3
split_gain=21.2734 16.0873 15.7905 11.8883 18.3746 18.064 5.65116 10.1046 6.36957 2.33551 1.14218
threshold=1.0009118180188745 -0.0031270837023800175 1.4381817357932809 -1.0000000180025095e-35 -0.00011237633880950558 0.0014006027761517897 7.7547463118943702e-05 -2.2374699696567524e-05 0.0004668619916587962 -0.0012043873653981294 0.00059761073638276048
decision_type=10 10 8 2 10 10 10 10 10 10 8
left_child=2 10 3 5 -5 -1 7 -4 -8 -3 -2
right_child=1 9 6 4 -6 -7 8 -9 -10 -11 -12
leaf_value=-0.00071238921924189863 -0.0045526114642968083 0.00081774496248453524 -0.0021124363461837267 -5.7399268432602229e-06 0.0020540956468235267 0.010300937170848203 0.0017709697524732029 -0.0082567259296346847 -0.0049430196139713589 0.018679130822444153 0.0019538941279901652
leaf_weight=10998.049646151718 32.00523226801306 15.755453813821076 1306.7149276300333 11595.225712314248 5817.3989019750152 125.13130953395739 468.79650790477172 305.32566886255518 163.16195641900413 92.598988961661234 36.597680537030101
leaf_count=65104 243 141 7576 52783 88105 1261 4114 1947 2347 3951 395
internal_value=5.93435e-05 0.0101485 0 0.000188938 0.000679773 -0.000573963 -0.00241927 -0.0033569 0 0.0168775 -0.000511261
internal_weight=30956.8 176.957 30779.8 28535.8 17412.6 11123.2 2244 1612.04 631.958 108.354 68.6029
internal_count=227967 4730 223237 207253 140888 66365 15984 9523 6461 4092 638
is_linear=0
shrinkage=0.03


Tree=186
num_leaves=15
num_cat=0
split_feature=0 8 12 4 12 11 12 12 2 10 11 2 10 10
split_gain=15.2965 27.5408 51.4076 19.8655 13.1821 12.1463 12.9204 11.0766 10.7606 9.7651 8.01451 7.59339 7.04746 4.13686
threshold=-1.0000000180025095e-35 -0.00013473961523996489 0.0010589207386425741 -0.0013527475106976381 0.00024490993019287576 0.0014826305096993185 0.00020323802046004445 0.0034953528610754091 -0.00051517048127620293 0.0011698164350588149 -0.0046477947965272827 0.00010908834581860647 -0.00012736491080137368 -0.0017007705233021302
decision_type=2 10 10 10 10 8 10 10 8 10 10 10 10 10
left_child=5 8 4 -4 -3 6 12 11 13 -10 -8 -7 -1 -2
right_child=1 2 3 -5 -6 7 10 -9 9 -11 -12 -13 -14 -15
leaf_value=-0.0011394040998520391 0.00091077850476473272 -0.0003772131468393375 -0.0017445031835209475 0.01030762841582419 0.0024799308351576275 -0.0034546143027684344 -0.0030248512323518871 0.00073217716044581742 -0.00046376913725903855 0.001613314495307599 8.1906430404004156e-05 -0.017624769026558108 -0.0051387226084432368 -0.0050664006917147232
leaf_weight=931.09995278716087 105.75492919236422 2769.5643842071295 131.54992340877652 826.62395325256512 2972.2338928328827 83.214515925385058 800.38599694240838 91.543113904539496 8975.2849974706769 2624.1264733914286 9269.2883825078607 83.381128604989499 762.78894166648388 528.1484564319253
leaf_count=5596 466 17846 3743 48207 30332 705 3484 1708 40942 12497 54306 1935 3942 2251
internal_value=0.000107129 0.000640092 0.00218539 0.00859006 0.00109309 -0.000727096 -0.000577115 -0.00706162 -0.000202435 1.94468e-06 -0.000161837 -0.011483 -0.00299517 -0.00397738
internal_weight=30955 18933.3 6699.97 958.174 5741.8 12021.7 11763.6 258.139 12233.3 11599.4 10069.7 166.596 1693.89 633.903
internal_count=227960 156284 100128 51950 48178 71676 67328 4348 56156 53439 57790 2640 9538 2717
is_linear=0
shrinkage=0.03


Tree=187
num_leaves=13
num_cat=0
split_feature=9 8 9 12 12 9 11 8 12 7 0 2
split_gain=15.5372 14.9708 70.6619 81.661 62.2108 14.31 13.8986 11.6016 10.1031 9.37854 4.10816 2.32773
threshold=0.0001473787897795682 -0.00010652104450270537 0.00080381686314221358 0.0012849627173179901 0.0033893965652691325 0.00032418617114308583 0.00075484367415912549 -0.0026785311976648125 0.0015452955328021495 1.6845195857455222 -1.0000000180025095e-35 9.2498747683596223e-05
decision_type=10 10 10 10 10 10 10 10 10 10 2 10
left_child=6 5 3 -3 -4 8 9 -7 -2 10 -1 -8
right_child=1 2 4 -5 -6 7 11 -9 -10 -11 -12 -13
leaf_value=-0.0043919737871674627 -0.0012383367859123316 0.0016003449312651154 -0.0062450610288516699 0.014479253755062014 0.01533193845483671 -0.003593101171526896 0.00085181048895577218 0.0002309887250709518 -0.005480966467362851 -0.012444872629159571 -0.0011898029950537965 0.01524427859215286
leaf_weight=710.14281176030636 2642.3497955389321 6762.3961419463158 1472.6071692651603 466.56520631117746 120.01940843299963 736.07827860862017 28.13016493152827 16330.228431712836 639.08354271948338 89.468810271471739 881.70120894536376 30.421730309724808
leaf_count=3368 11471 58180 24233 28663 14192 3083 319 75622 2584 450 4830 870
internal_value=-2.86139e-06 0.000159857 0.00119265 0.00245871 -0.00449607 -0.000285318 -0.00275049 6.05326e-05 -0.00209699 -0.0033002 -0.00267429 0.0103379
internal_weight=30909.2 29169.3 8821.59 7228.96 1592.63 20347.7 1739.86 17066.3 3281.43 1681.31 1591.84 58.5519
internal_count=227865 218028 125268 86843 38425 92760 9837 78705 14055 8648 8198 1189
is_linear=0
shrinkage=0.03


Tree=188
num_leaves=15
num_cat=0
split_feature=6 9 6 6 6 6 6 9 9 7 3 11 6 7
split_gain=16.4446 45.4537 72.4697 80.7594 69.0735 27.6885 79.7292 21.3909 14.5138 7.62055 10.8384 7.01856 6.09911 7.12259
threshold=0.0002072659235258391 0.00047850692789613278 0.51690718811834879 0.00036841980377769629 1.000257817503464 0.00073474270286188375 0.51690718811834879 0.00077997100175160371 0.0017080715960840788 1.8250029355893391 4.2134393346327061e-05 -0.013396623819151698 6.664817360660506e-05 -0.53047070736763535
decision_type=10 10 10 10 10 10 10 10 10 8 10 10 10 10
left_child=8 2 3 -2 -4 7 -7 -3 9 11 -11 -1 -10 -14
right_child=1 5 4 -5 -6 6 -8 -9 12 10 -12 -13 13 -15
leaf_value=-0.010640002781071103 0.004600785957418624 0.00057328917612532867 -0.002515898317145538 0.020653566247397805 0.013005804748117104 0.0072201807871148981 -0.0019252368662877346 -0.0031911985339606701 0.0076804279805637084 -0.0094800606845392051 0.0042895172175383038 -0.00052351657363678263 0.0072102696485105387 -0.0034290775118034963
leaf_weight=52.629101776052266 1150.1068484880961 2370.9004912173841 1617.5347893054131 374.85118530550972 296.62210963130929 1453.7940108079929 2049.6457788266707 3092.2138388874009 256.71313416445628 180.50700390571728 56.967343962751329 17762.090204275213 82.359947331715375 132.13601769227535
leaf_count=228 7558 17512 17397 2904 3527 14926 30136 23271 1453 946 450 106082 507 819
internal_value=6.41817e-05 0.00091077 0.00383841 0.00869467 -2.43456e-05 -0.000208464 0.00186243 -0.00154845 -0.000499752 -0.000639408 -0.00589459 -0.000562722 0.00462796 0.000528048
internal_weight=30929.1 12405.7 3439.11 1524.96 1914.16 8966.55 3503.44 5463.11 18523.4 18052.2 237.474 17814.7 471.209 214.496
internal_count=227716 117231 31386 10462 20924 85845 45062 40783 110485 107706 1396 106310 2779 1326
is_linear=0
shrinkage=0.03


Tree=189
num_leaves=13
num_cat=0
split_feature=6 9 6 8 9 12 12 9 6 6 9 4
split_gain=20.36 18.1707 13.8303 13.3056 54.7023 81.8244 45.568 18.5308 24.7547 19.5615 2.91587 1.86112
threshold=1.0009118180188745 0.0014045591352146267 1.0020408730936459 -0.0002183985084976969 0.00073486778130887832 0.0008143569422607922 0.0042871471012152921 0.00046413597441084413 0.00022122650618690846 0.00030359348716580033 0.0019025694835933394 -0.0031270837023800175
decision_type=10 10 10 10 10 10 10 10 10 10 10 10
left_child=3 11 10 7 5 -5 -6 8 -1 -9 -3 -2
right_child=1 2 -4 4 6 -7 -8 9 -10 -11 -12 -13
leaf_value=-0.0029612970553533871 0.0024310111876116669 0 0.015403244001089139 0.00074888028208683333 -0.0043199806488739894 0.0095818307356756536 0.017799883453800534 0.00099721385646557104 0.0022292223158280676 -0.0014574950050382483 -0.012810923529942855 0.021114860256739594
leaf_weight=4461.4979441761971 16.237867484800518 34.875979852396995 26.116158028133214 9454.78082716465 2200.2143920045346 1041.9565122863278 76.46728485240601 7904.3380264788866 993.40250148624182 4617.2075335085392 29.621300220489502 71.289490025257692
leaf_count=18544 144 792 691 61438 34230 38832 9487 33213 4469 23111 641 2476
internal_value=4.14118e-05 0.00988083 0 -1.68333e-05 0.000721144 0.00163968 -0.00347621 -0.000544659 -0.00200271 8.68333e-05 -0.00721528 0.0188686
internal_weight=30928 178.141 90.6134 30749.9 12773.4 10496.7 2276.68 17976.4 5454.9 12521.5 64.4973 87.5274
internal_count=228068 4744 2124 223324 143987 100270 43717 79337 23013 56324 1433 2620
is_linear=0
shrinkage=0.03


Tree=190
num_leaves=15
num_cat=0
split_feature=6 9 6 6 6 6 6 9 8 8 7 3 6 3
split_gain=19.4049 40.6058 35.6772 45.7446 26.1776 74.073 13.3794 12.5968 33.9174 15.0012 12.6098 8.92815 5.42451 4.66373
threshold=0.00012548949542233291 0.00047850692789613278 1.0003763547323727 0.51690718811834879 0.00067633060075387519 0.51690718811834879 0.00030359348716580033 0.0011475763699960255 -7.5453819992077332e-07 -0.0011350046044951709 1.8250029355893391 0.00012329533223232086 5.8793660183122414e-05 0.00077595639765970623
decision_type=8 8 10 10 8 8 10 10 10 10 8 10 10 8
left_child=7 2 3 -2 6 -6 -3 9 12 13 -11 -10 -9 -1
right_child=1 4 -4 -5 5 -7 -8 8 11 10 -12 -13 -14 -15
leaf_value=-0.0034565642267375793 0.0048641696241579317 -5.0380741085532915e-05 0.018840265376881452 -0.0011675746344017358 0.0064445891235798032 -0.0019910278212784413 -0.0026425994017079553 0.0051219312999854893 -0.0033044059289282727 -0.000526112457146063 -0.0081274904855108063 -0.025445687959430526 0.00014884257085303861 -0.011360632165900698
leaf_weight=1248.155498161912 3004.1550382040441 3831.6716535275336 116.83131199353375 1784.6206597175915 1688.2591243670322 2066.7677828916349 3438.7724469883833 757.57856126129627 43.22411799384281 12411.430324410554 191.03551596356556 34.301532674115151 300.67174084484577 72.434192925691605
leaf_count=5077 19680 26197 1639 19185 16935 30296 26345 3140 1046 74820 1103 1243 1262 295
internal_value=4.25207e-05 0.000773972 0.00304246 0.00260608 -0.000231761 0.00179273 -0.00128663 -0.000727317 0.00228192 -0.000978564 -0.000652448 -0.0155744 0.00377976 -0.00401732
internal_weight=30989.9 15931.1 4905.61 4788.78 11025.5 3755.03 7270.44 15058.8 1135.78 13923.1 12602.5 77.5257 1058.25 1320.59
internal_count=228263 140277 40504 38865 99773 47231 52542 87986 6691 81295 75923 2289 4402 5372
is_linear=0
shrinkage=0.03


Tree=191
num_leaves=15
num_cat=0
split_feature=6 9 6 6 6 9 12 4 2 10 4 9 4 5
split_gain=19.562 42.7153 19.8183 17.1452 91.4506 154.556 15.0793 12.2976 12.0033 9.93073 7.23672 5.35906 3.31798 0.613746
threshold=1.0004208547698608 0.00071911079341742162 1.0015469813941806 0.51690718811834879 0.00073474270286188375 0.001362153933748623 8.4822680264534666e-05 -0.00018667389227988715 0.00015507672697528342 0.00010487074201086781 -0.001307446490006192 0.00031708698500669763 -0.0053431332546952639 -0.00065155823396800805
decision_type=10 10 10 8 10 10 10 10 10 10 10 10 10 10
left_child=3 10 8 4 9 -6 11 -8 -3 -1 -2 -5 -4 -12
right_child=1 2 12 6 5 -7 7 -9 -10 -11 13 -13 -14 -15
leaf_value=-0.00090081616107025374 0.0032128053777195427 -0.0052800887673491205 0.00024444141866592308 -0.0048799981240023162 0.017321304305830183 -0.0021888551252698895 -0.0027275695729663224 0.0017415996952388636 0.0072309472165279359 0.00028633465851516656 0.0033298978789969335 -0.016102589984929468 0.019707156725584984 0.018441000822852532
leaf_weight=14081.260139100254 56.885632715187967 345.74189930502325 17.754466089420021 131.80521695315838 704.82569434680045 733.89482008083723 2337.4134069518186 700.53687092242762 73.064463545801118 11421.565125997178 17.673714734613895 78.836311638355255 34.932651053881273 169.46767083113082
leaf_count=92839 487 3604 174 812 7438 7415 15432 20937 4146 69011 173 558 1372 3444
internal_value=-8.03329e-05 0.00478439 -0.000426662 -0.000199162 4.72349e-05 0.0073813 -0.00225489 -0.00167498 -0.00283978 -0.000366889 0.0147095 -0.00989163 0.015191 0.0175596
internal_weight=30905.7 715.52 471.493 30190.1 26941.5 1438.72 3248.59 3037.95 418.806 25502.8 244.027 210.642 52.6871 187.141
internal_count=227842 13400 9296 214442 176703 14853 37739 36369 7750 161850 4104 1370 1546 3617
is_linear=0
shrinkage=0.03


Tree=192
num_leaves=11
num_cat=0
split_feature=12 6 9 6 6 6 2 3 3 13
split_gain=13.5791 11.7836 48.5774 18.5784 56.7779 19.0554 17.6142 2.12599 0.547026 0.177353
threshold=6.3628684351189864e-08 1.000397492241013 0.00068373419841933215 1.0000000739699904 0.00073474270286188375 1.0001157256402007 8.0483479807384018e-05 -1.8470329354869252e-05 2.63215850151433e-05 -1.0000000180025095e-35
decision_type=8 8 10 10 10 10 10 10 10 2
left_child=7 3 9 4 -2 -5 -4 -1 -9 -3
right_child=1 2 6 5 -6 -7 -8 8 -10 -11
leaf_value=-0.0020960123224876312 -0.00023534522731782375 0.0059189888651411914 -0.0047121223540331214 -0.0050788281033161626 0.0050447104947081737 0 0.0079178226154873986 -0.013652481754490395 -0.0048708487287740781 0.015307338050521854
leaf_weight=69.078747887164354 25372.80332630151 42.680808483622968 394.30220122355968 1289.9763172834646 1964.8697315496393 1354.138888028916 119.94433555030264 58.159041672945023 58.728927541524172 208.26497475150973
leaf_count=374 161114 764 4011 14903 20324 16630 6092 305 330 3357
internal_value=-4.26428e-05 5.5781e-06 0.00365926 -8.68592e-05 0.000143666 -0.00248444 -0.00155699 -0.00791491 -0.0104447 0.0142285
internal_weight=30932.9 30747 765.192 29981.8 27337.7 2644.12 514.247 185.967 116.888 250.946
internal_count=228204 227195 14224 212971 181438 31533 10103 1009 635 4121
is_linear=0
shrinkage=0.03


Tree=193
num_leaves=10
num_cat=0
split_feature=8 6 6 4 6 4 11 6 8
split_gain=13.8507 15.6499 44.5172 78.3613 30.6257 13.2512 8.36391 6.94757 6.66762
threshold=-0.0041982459305931466 0.00048394180544877532 0.51690718811834879 -0.001367047804098964 1.0003019119348506 -0.0027427502667229371 0.0016261563233897942 0.0003967816759209547 -0.00076148920487428818
decision_type=8 10 10 10 10 8 10 10 8
left_child=7 5 3 -3 -4 6 -2 -1 -7
right_child=1 2 4 -5 -6 8 -8 -9 -10
leaf_value=-0.0017216290647561177 0.0030080070163722456 -0.00086683098820203395 -0.0024631040839552336 0.0088088980067127266 0.0034464122759037667 -0.0015704200506106638 -0.0059638076494372468 -0.013313799636337205 -0.00028174332970179553
leaf_weight=115.77985017001629 1365.5957644535229 1473.7890097997151 2858.4194086743519 1506.1131378712598 1073.8009555626195 4591.9181766659021 87.045957429334521 94.033136636018753 17750.903684124816
leaf_count=476 5960 10706 32917 17362 18052 18700 603 407 122747
internal_value=-5.54345e-05 0 0.00125382 0.00401655 -0.000829479 -0.000366803 0.00239227 -0.00755926 -0.000549862
internal_weight=30917.4 30707.6 6912.12 2979.9 3932.22 23795.5 1452.64 209.813 22342.8
internal_count=227930 227047 79037 28068 50969 148010 6563 883 141447
is_linear=0
shrinkage=0.03


Tree=194
num_leaves=12
num_cat=0
split_feature=9 6 4 12 3 7 4 4 12 5 9
split_gain=14.9787 13.6899 11.2037 36.7415 17.8689 10.2332 8.76421 6.37754 17.7674 4.22745 0.274838
threshold=0.00012940654206017351 1.00130043415304 -0.00094108281463189936 0.0027296551954654994 0.00013228263777476194 1.6845195857455222 -0.0036864621387620584 -0.00020287937877799808 0.00056523648979471379 -0.00030496166009161269 0.0018480168188824823
decision_type=10 10 10 10 10 10 10 10 10 8 10
left_child=5 2 4 -4 -2 7 -3 9 -9 -1 -8
right_child=1 6 3 -5 -6 -7 10 8 -10 -11 -12
leaf_value=0.0016209354287401174 -2.4361163437993658e-05 0 0.00028937819174672529 0.014792431305328218 -0.0025361941426038778 -0.013360775403092582 0.021653116065093039 -0.002101263907885443 0.013876706525345433 -0.0055059536110904491 0.0032406674684638992
leaf_weight=67.552903264760971 8881.2126018814743 33.465541110374033 16876.987736517098 148.94433417962864 3593.2640005545691 78.459070385433733 32.862346511799842 540.61612933129072 60.534898234996945 554.55382356420159 13.500184210482983
leaf_count=329 42168 342 130789 21097 24175 414 1289 2808 1089 2590 696
internal_value=-0.000173277 -3.2108e-05 -6.97136e-05 0.000428383 -0.000754151 -0.00331076 0.0116578 -0.00251439 -0.000193402 -0.00462374 0.0188824
internal_weight=30882 29580.2 29500.4 17025.9 12474.5 1301.72 79.8281 1223.26 601.151 622.107 46.3625
internal_count=227786 220556 218229 151886 66343 7230 2327 6816 3897 2919 1985
is_linear=0
shrinkage=0.03


Tree=195
num_leaves=10
num_cat=0
split_feature=6 11 9 3 3 9 6 9 11
split_gain=16.2074 13.7047 11.0394 14.0643 8.08099 6.64881 7.63537 5.9079 0.839584
threshold=1.0011274035882831 -0.013396623819151698 8.930513594224318e-05 6.5692030960740923e-05 0.00037657649214439961 0.0019025694835933394 1.0020408730936459 0.0025785745530084725 -5.9732333483929378e-05
decision_type=10 10 10 10 10 10 10 8 10
left_child=1 7 3 -3 -4 8 -7 -1 -2
right_child=5 2 4 -5 -6 6 -8 -9 -10
leaf_value=-0.011004510629460923 0.00032115093465776381 -0.0067710913503204427 0.00038953601539681892 0.004919123541600184 -0.0011875862922059296 -0.0093534684311248721 0.011800551834191994 0 0.017990994139279255
leaf_weight=132.62990076420829 10.285362598719074 404.15109363943338 26892.199271972291 105.35323716606945 3257.5776921936776 21.309783295728266 19.67705967859365 74.014869540464133 56.797711070859805
leaf_count=581 174 1923 176253 735 45357 490 481 339 1959
internal_value=0.000129689 8.5266e-05 0.000140272 -0.00419018 0.000216807 0.0112274 0 -0.00742857 0.0164533
internal_weight=30974 30865.9 30659.3 509.504 30149.8 108.07 40.9868 206.645 67.0831
internal_count=228292 225188 224268 2658 221610 3104 971 920 2133
is_linear=0
shrinkage=0.03


Tree=196
num_leaves=14
num_cat=0
split_feature=9 8 12 9 9 9 8 3 7 3 3 10 4
split_gain=11.249 13.4929 44.9535 37.1144 16.4963 11.8043 9.39985 8.14224 7.57343 8.37768 5.35336 3.86161 1.24768
threshold=9.8495114286486983e-05 -0.00061249159850285107 0.0033397495192088902 0.0015063507579953297 0.00077401562840747045 0.0016316444187690342 -0.00330539881759162 -0.00037276457809864918 0.96781669274140925 6.5692030960740923e-05 -1.0000000180025095e-35 -1.5667764821682861e-05 -0.00021861241835807729
decision_type=8 8 10 10 10 10 10 10 10 10 10 10 10
left_child=8 4 3 -3 7 -4 -6 -2 9 11 -10 -1 -11
right_child=1 2 5 -5 6 -7 -8 -9 10 12 -12 -13 -14
leaf_value=-0.0082102554436396507 -0.0032917865975594911 0.00066556018545476021 0.023391944123430396 -0.0074720723025913849 -0.0038952053582227497 0.0037899409856115068 0.00066317333194798275 -0.00064045026990069824 -0.0025967758614297417 0.00089057493076697466 -0.013199403756256296 -0.001212814088171618 0.0090531982587043619
leaf_weight=108.46105895936489 2455.4753323942423 19642.558634091634 86.512026497395709 506.86742848437279 429.49660085141659 56.574582249391824 5219.4414959214628 1928.9082703143358 107.16409573331475 54.649379465728998 102.26218535471708 256.60806302074343 46.615620367228985
leaf_count=515 10069 157162 13743 5768 1798 5246 23177 7989 497 279 594 1237 450
internal_value=4.62554e-05 0.000134043 0.000580608 0.000454273 -0.000762845 0.0167873 0.00029972 -0.0021431 -0.00375037 -0.00139779 -0.00841304 -0.00361518 0.0056633
internal_weight=31001.6 30325.8 20292.5 20149.4 10033.3 143.087 5648.94 4384.38 675.76 466.334 209.426 365.069 101.265
internal_count=228524 224952 181919 162930 43033 18989 24975 18058 3572 2481 1091 1752 729
is_linear=0
shrinkage=0.03


Tree=197
num_leaves=12
num_cat=0
split_feature=6 9 10 9 10 11 2 6 3 10 12
split_gain=16.998 13.4627 11.6393 11.5921 40.5551 28.3803 11.3222 14.9599 12.3415 4.94565 0.639426
threshold=1.0011274035882831 0.0016316444187690342 0.00054413899652405544 0.00051421976226153439 -0.00043543474891502603 0.0011633698307513594 -0.00051517048127620293 0.00036841980377769629 0.00075400927954351142 0.0023465453344693799 0.0073487483228366754
decision_type=10 10 10 10 10 10 10 10 10 10 10
left_child=2 -2 3 5 -5 -1 8 -8 -4 -3 -11
right_child=1 9 6 4 -6 -7 7 -9 -10 10 -12
leaf_value=-0.000224729966717151 0.020548434762344883 -0.0096620144328994524 0.0011347329659904838 -0.00032973298720634787 -0.0053084162105862011 0.0089946630926479882 -3.6306580547730936e-05 0.0024945407188617964 -0.008244304537129675 0.008412053938280567 0
leaf_weight=12624.321013404988 53.805959358578548 18.416555010480806 223.26680442132056 6782.4508934312034 1882.6339370692149 297.8244412986096 5317.8763394737616 3417.204095012974 249.02903087437153 23.545317092211917 12.57347386702895
leaf_count=75734 1799 392 3006 52699 12569 7616 30122 41884 1038 526 446
internal_value=-0.000147108 0.0111925 -0.000192571 -0.00057494 -0.00142322 -8.14513e-07 0.000697058 0.000948632 -0.00375458 0 0.00624437
internal_weight=30902.9 108.341 30794.6 21587.2 8665.08 12922.1 9207.38 8735.08 472.296 54.5353 36.1188
internal_count=227831 3163 224668 148618 65268 83350 76050 72006 4044 1364 972
is_linear=0
shrinkage=0.03


Tree=198
num_leaves=10
num_cat=0
split_feature=8 6 6 9 6 9 6 8 9
split_gain=17.4351 16.9665 61.0702 142.357 20.8663 8.71592 166.107 48.5597 5.32495
threshold=-0.0041982459305931466 0.00073474270286188375 0.51690718811834879 0.001161503473709854 1.0001719657667356 0.00051421976226153439 0.00036841980377769629 -1.0000000180025095e-35 0.0030425866703344831
decision_type=8 8 10 10 10 10 10 8 10
left_child=8 5 3 -3 -4 6 -2 -7 -1
right_child=1 2 4 -5 -6 7 -8 -9 -10
leaf_value=-0.012214242661895899 -0.00047187369009298686 0.019324231891613225 -0.002318265077481522 -0.00041004877255039756 0.0020702427548624377 -0.00010564405499016828 0.017563895317646377 -0.005231529332639118 -0.0014090667775680126
leaf_weight=127.62412808835506 12364.278466234216 510.73451161500998 2220.3331856259611 876.79894407046959 1715.0821501803584 10638.418323099613 467.22953143995255 1967.554560463177 82.208609983325005
leaf_count=531 72656 5540 24976 9194 25977 47737 3621 37734 353
internal_value=-9.09795e-05 -2.8848e-05 0.00150761 0.00689727 -0.000390115 -0.000353185 0.000193351 -0.000913967 -0.00851057
internal_weight=30970.3 30760.4 5322.95 1387.53 3935.42 25437.5 12831.5 12606 209.833
internal_count=228319 227435 65687 14734 50953 161748 76277 85471 884
is_linear=0
shrinkage=0.03


Tree=199
num_leaves=15
num_cat=0
split_feature=8 10 9 6 6 6 9 10 11 8 3 11 9 6
split_gain=12.0576 17.8293 17.3974 35.8751 22.4175 14.0735 39.0476 13.7658 9.25049 12.6751 9.09825 4.86706 7.94502 3.9944
threshold=-0.0017959832348634073 0.0015836715875833342 0.0014045591352146267 0.00038218419738960671 0.0016970569405582341 1.000397492241013 0.00068373419841933215 -0.0020011323928477271 -0.00076591744972994422 -0.0013217381548665805 -0.0012942755096503318 -0.00064788317218224202 0.00071392193316905273 0.0010265687918950242
decision_type=10 10 10 10 10 10 10 8 10 10 10 8 10 10
left_child=2 5 11 10 -5 7 -7 -2 13 -10 -4 12 -1 -3
right_child=1 8 3 4 -6 6 -8 -9 9 -11 -12 -13 -14 -15
leaf_value=-0.011818553663522573 0.0072186161060030151 0.0050789960589271909 0.0017591607540271294 -0.010275578931694848 0.0025919921833447916 0.013536270109177817 -0.0021007965798771522 -0.00011348599993573288 -0.0075482681029166668 0.0041707213766031996 0.0098183358440581594 -0.010513736993616548 -0.0026266180138698487 0.012343849860852876
leaf_weight=98.507940709590912 222.30125235207379 373.85261464188807 306.03363411128521 312.22805258631706 180.43281852453947 243.02795441867784 315.26212905207649 27305.198269453598 105.4432470947504 278.43757255328819 243.63524289429188 149.37463004887104 610.47598890215158 113.03567623789422
leaf_count=417 3598 2595 1239 1356 866 3961 5385 193195 515 9289 979 620 2508 1325
internal_value=2.46096e-05 0.000178781 -0.00228139 0.000274392 -0.00548576 4.48019e-05 0.00471897 -4.94961e-05 0.00438244 0.000689539 0.00555012 -0.00542147 -0.00413383 0.00710083
internal_weight=30857.2 28956.6 1900.69 1042.33 492.661 28085.8 558.29 27527.5 870.769 383.881 549.669 858.359 708.984 486.888
internal_count=227848 219863 7985 4440 2222 206139 9346 196793 13724 9804 2218 3545 2925 3920
is_linear=0
shrinkage=0.03


Tree=200
num_leaves=15
num_cat=0
split_feature=8 12 9 12 8 9 12 9 11 11 5 8 8 5
split_gain=10.3794 47.4401 31.1195 47.0648 43.4857 19.7179 21.7814 12.4005 13.6043 11.0804 9.91451 3.89386 4.18825 2.58167
threshold=-0.00059929405987391149 0.0027651016575196857 0.00086342918403087732 0.0017176095992762679 -7.5453819992077332e-07 0.0016316444187690342 0.0042871471012152921 0.00032080200026329071 -0.0012308449009764489 -0.0046477947965272827 -0.00040220834442350467 -0.00086424836884046996 -0.0006532386232431241 -0.00085250498398756192
decision_type=10 10 10 10 10 10 10 10 10 10 10 10 10 10
left_child=7 2 3 -2 -4 13 -7 11 9 -9 -10 -1 -13 -3
right_child=1 5 4 -5 -6 6 -8 8 10 -11 -12 12 -14 -15
leaf_value=-0.0096554178824876449 0.000432431740233528 0.0018619548220799903 4.5777310048034908e-06 0.015184685694227242 -0.0079676432701172549 -0.01710289793136778 0.013080478108299853 -0.0016042725717552474 -0.00075710992316073379 0.0011070208027504388 -0.0040605516831702443 -0.00082758679813306881 -0.0079434891307719052 0.021806098183004902
leaf_weight=145.42073136568069 17729.440763234161 15.222506898920981 1664.0342209171504 187.14741264865734 953.75425211968832 26.457570916973054 42.24519091937691 1989.186410240829 2083.8031035289168 4175.5617377497256 1406.2920945286751 255.10484024882317 113.08699201047421 124.77904503932223
leaf_count=604 120166 829 9994 13222 15845 1282 4400 8240 9457 17672 6215 1025 454 18624
internal_value=-8.30596e-05 0.000299684 0.000148631 0.000598258 -0.00289642 0.014201 0 -0.000869257 -0.000617693 0.000221266 -0.00211313 -0.00538144 -0.00332407 0.0203062
internal_weight=30911.5 20743.1 20534.4 17916.6 2617.79 208.704 68.7028 10168.5 9654.84 6164.75 3490.1 513.613 368.192 140.002
internal_count=228029 184362 159227 133388 25839 25135 5682 43667 41584 25912 15672 2083 1479 19453
is_linear=0
shrinkage=0.03


Tree=201
num_leaves=15
num_cat=0
split_feature=0 8 9 2 10 2 9 11 5 7 8 4 10 8
split_gain=11.83 19.5886 33.3497 44.9091 37.2839 11.0627 11.0259 12.4887 8.97758 7.90845 7.8003 7.63873 7.14696 16.754
threshold=-1.0000000180025095e-35 -0.0001034357596538804 0.00068373419841933215 0.00012427554313797746 0.00099584910600949051 -0.00011138149163409342 0.00020938864168489857 0.0014826305096993185 -0.00082003865284074873 -0.89795564132296846 -0.0036715080473180279 -1.0000000180025095e-35 -0.0001798095232365182 -6.5445589441159844e-05
decision_type=2 10 10 10 10 10 8 8 8 10 10 10 10 10
left_child=6 5 3 -3 -4 8 12 11 -2 -9 -7 -8 13 -1
right_child=1 2 4 -5 -6 10 7 9 -10 -11 -12 -13 -14 -15
leaf_value=-0.0022826185971980789 0.001427912358054924 0.0022732818990745798 -0.0050361513045223604 0.012796224146940503 0.0062620366649546576 -0.0054266251282985862 0.00016646481571375713 0.0036571332757362874 -0.0021623141146893099 -0.0090737667880904128 0.00064807105324953397 -0.0029695167851544603 -0.0040079749534059281 0.013771662176786043
leaf_weight=290.63944378495216 761.94470186904073 4427.0755331530236 1013.8773898407817 392.86533830198459 340.69253450632095 182.77932094037533 9449.7301456173882 41.433796568773687 3018.2421250492334 210.98501943121664 8774.745755719021 743.96628805715591 1225.4288888424635 62.132451237179339
leaf_count=1199 3635 40457 19101 20327 17699 766 49417 663 13676 3624 40895 10225 5900 682
internal_value=0.000140794 0.000610012 0.00199555 0.00316813 -0.00212547 -5.7951e-05 -0.000592115 -0.000231565 -0.00142097 -0.00669566 0.000511512 -5.92142e-05 -0.00292433 0.000681251
internal_weight=30936.5 18912.2 6174.51 4819.94 1354.57 12737.7 12024.3 10446.1 3780.19 252.419 8957.53 10193.7 1578.2 352.772
internal_count=228266 156556 97584 60784 36800 58972 71710 63929 17311 4287 41661 59642 7781 1881
is_linear=0
shrinkage=0.03


Tree=202
num_leaves=15
num_cat=0
split_feature=6 4 12 8 8 12 6 8 5 10 7 12 4 12
split_gain=14.8921 28.3044 13.1137 16.2243 14.092 20.5791 14.9192 11.7541 9.29572 8.48607 8.48352 7.08473 4.63771 3.41411
threshold=1.0003556065008685 -0.0010878768799328362 5.0850518457931212e-05 -1.0000000180025095e-35 -0.001752732101811094 0.0050144118066347129 0.00047436362135995161 -3.4526053138694829e-07 -0.001004041514802184 -0.00041085774136006046 1.3836975857737401 0.0016306819749303098 -0.0031270837023800175 3.3376453649835904e-05
decision_type=10 10 8 10 8 10 10 10 10 8 10 10 10 10
left_child=2 8 3 10 6 -6 -4 -3 12 -5 -1 -10 -2 -9
right_child=1 7 4 9 5 -7 -8 13 11 -11 -12 -13 -14 -15
leaf_value=0.0019976891144281687 -0.001501563879831521 0.0045496942090807856 -0.00065938979620224739 0.0038998592892221413 0.00018279384909294477 0.017576717167486607 -0.0065050342545751915 0 -0.0099829393822719863 -0.0067803652535897915 -0.0086676832730614231 -0.00011442792672121469 0.0075021924452520301 0.016301728269900374
leaf_weight=542.23197008669376 68.056573702022433 239.40710530616343 1353.1373347640038 60.042562820017338 26698.897621205309 51.448628319427371 562.34951750934124 5.8058967646211377 115.32822474651039 706.14904344826937 65.544068448245525 164.36825405387208 111.81643301108852 165.05643223924562
leaf_count=2927 560 2101 5508 446 189894 6654 2482 94 1249 4180 344 1227 1087 9361
internal_value=1.97168e-05 0.00386837 -9.09791e-05 -0.00294386 4.46472e-05 0.000225045 -0.00243159 0.00951284 -0.00113809 -0.00582665 0.0006287 -0.0045948 0.00387987 0.0154992
internal_weight=30909.6 869.839 30039.8 1373.97 28665.8 26750.3 1915.49 410.269 459.569 766.192 607.776 279.696 179.873 170.862
internal_count=228114 15679 212435 7897 204538 196548 7990 11556 4123 4626 3271 2476 1647 9455
is_linear=0
shrinkage=0.03


Tree=203
num_leaves=15
num_cat=0
split_feature=12 8 8 9 12 12 9 11 11 3 9 11 9 3
split_gain=10.5637 35.229 19.7423 58.1558 75.3824 49.8068 12.4121 11.8911 11.5541 7.67138 7.09864 5.412 6.95621 6.07786
threshold=0.00015271552797762323 -1.0000000180025095e-35 -0.00010039623972835086 0.00082302884157990088 0.0017556919325320002 0.0037182906069498111 0.00031708698500669763 -0.00017476228462755735 -0.0021913949424463238 -0.00017841089067083246 0.00091546656693826704 -2.0376815650811065e-05 0.00036183806866056835 6.9382723161482039e-05
decision_type=8 10 10 10 8 10 8 10 10 10 10 8 10 10
left_child=1 9 6 4 -4 -5 8 -8 -2 -1 -11 12 -3 -13
right_child=2 11 3 5 -6 -7 7 -9 -10 10 -12 13 -14 -15
leaf_value=0.0059107438310019144 -0.0072263725421801298 0.0029307899728329943 0.0022170087887820739 -0.0059846829587587953 0.020403865250606175 0.015482806673878089 0.00057507434167399082 -0.0011263260454883962 -0.0013003677973307795 0.00098281803572975585 -0.0084301517157750229 -0.0074199856320194277 -0.0053886565639625758 -0.0026043638812994268
leaf_weight=274.26589739508927 321.64750051498413 161.13799304142594 5105.6158111416735 1154.1530879985075 205.13560886797495 95.290029695956036 12023.874667534605 5322.1156044844538 3533.3518023118377 1249.6320248153061 65.855291275307536 793.68753591552377 173.02749983780086 420.36636980436742
leaf_count=1614 1308 994 57500 22455 20079 12405 53494 26683 15141 6741 480 4923 1279 2951
internal_value=-3.18895e-05 -0.00168049 0.000152837 0.00159113 0.00296781 -0.00418987 -0.000289925 4.92436e-05 -0.00182775 0.00142443 0.000406279 -0.0048959 -0.00123401 -0.00583649
internal_weight=30899.2 3137.97 27761.2 6560.19 5310.75 1249.44 21201 17346 3855 1589.75 1315.49 1548.22 334.165 1214.05
internal_count=228047 18982 209065 112439 77579 34860 96626 80177 16449 8835 7221 10147 2273 7874
is_linear=0
shrinkage=0.03


Tree=204
num_leaves=15
num_cat=0
split_feature=6 6 6 6 6 2 8 6 4 6 6 8 3 3
split_gain=12.8898 12.8993 88.1044 17.6339 16.5754 20.0699 11.6142 11.0376 7.51699 6.79153 4.91505 5.39228 3.59317 1.09689
threshold=1.0007010841496093 0.51690718811834879 0.0012937425094929052 0.00080813872690055333 1.0000745464678187 5.7039652939729127e-05 -0.0026785311976648125 1.0000304643780564 -0.0016586050042670661 1.0015469813941806 1.0008283762076369 -0.00013813999502748639 0.00049821403022321117 0.00093963725026080676
decision_type=10 10 10 10 10 10 10 10 10 10 10 10 10 10
left_child=1 2 3 -1 7 -6 -4 -3 9 12 11 -10 -2 -12
right_child=8 4 6 -5 5 -7 -8 -9 10 -11 13 -13 -14 -15
leaf_value=-0.0001806370067080557 0.0021558618206219066 -0.002637195234628225 0.00029963314305834045 0.004424318486475994 -0.0016746375641959806 0.0050486210396703595 0.015700596433737193 -0.0089365595521686391 -0.0057733343038196454 0.011268513453670853 0.016712016782525856 0.010944974461069764 -0.0070477012138284974 0.00036159631850931256
leaf_weight=25759.588479699334 64.99426309671253 1160.5875222538598 59.637448534369469 760.52408171445131 1628.6459179855883 518.37824589014053 357.01263583800755 335.91181440860964 25.405228443443775 36.005793893709779 73.543570137349889 21.643019256647676 58.251356954686344 12.395402400055898
leaf_count=164386 528 12378 294 7895 11127 16589 4454 3986 217 517 3068 1111 601 1066
internal_value=4.78213e-06 -5.41871e-05 0.000170606 -4.47001e-05 -0.00172844 -7.67561e-06 0.0136955 -0.00414094 0.00617156 0.00117623 0.0112332 0.00143608 -0.00194631 0.0152626
internal_weight=30872.5 30580.3 26936.8 26520.1 3643.52 2147.02 416.65 1496.5 292.239 159.251 132.987 47.0482 123.246 85.939
internal_count=228217 221109 177029 172281 44080 27716 4748 16364 7108 1646 5462 1328 1129 4134
is_linear=0
shrinkage=0.03


Tree=205
num_leaves=15
num_cat=0
split_feature=10 4 9 2 7 9 11 8 5 8 10 5 4 7
split_gain=15.5632 40.6782 34.2277 23.4828 10.1227 11.5854 9.53874 15.3616 10.8201 7.85751 23.2155 6.78029 5.52472 2.28401
threshold=0.00028577112141139107 -0.00015078782074995353 0.00035516612393236694 0.00023162860929400341 1.1244741427628722 8.930513594224318e-05 -6.6052269881836616e-05 -0.0004097838761348282 -0.00010264005541321673 -0.0011694487036373877 -0.00089134077700707187 -3.2481379586724028e-05 -0.0027427502667229371 1.5595361017724725
decision_type=10 10 10 10 10 10 10 10 10 10 8 10 8 10
left_child=4 6 13 -4 9 -6 7 -2 -8 12 -11 -7 -1 -3
right_child=1 2 3 -5 5 11 8 -9 -10 10 -12 -13 -14 -15
leaf_value=0 5.9561939197851578e-05 0.01472865587495637 0.0012946114324428825 0.017654789271141252 -0.010661659279044401 -0.0030553912401976029 -2.4337068856251956e-05 0.0030679400768599697 -0.0037937804896042379 0.0031817136557876886 -0.00051390426889016039 -1.6997564859967492e-05 -0.0039866318577319038 0
leaf_weight=467.5314300134778 6470.8937371484935 308.77939970418811 890.44202027469873 78.416814339347184 131.45684711262584 1531.65502231149 2519.7597364292014 2007.572918842081 948.66252744337544 1748.1902353607584 11753.007872318383 1227.6131263354328 803.62086500972509 17.661025699460879
leaf_count=1996 27642 7219 19563 13645 667 9214 20035 12992 6406 19728 76034 9306 3340 438
internal_value=1.137e-05 0.000790455 0.00582087 0.00284689 -0.00056944 -0.0021924 0.00023562 0.000781744 -0.00108052 -0.000246523 -2.89391e-05 -0.0017302 -0.00249244 0.0141222
internal_weight=30905.3 13242.2 1295.3 968.859 17663.1 2890.72 11946.9 8478.47 3468.42 14772.4 13501.2 2759.27 1271.15 326.44
internal_count=228225 107940 40865 33208 120285 19187 67075 40634 26441 101098 95762 18520 5336 7657
is_linear=0
shrinkage=0.03


Tree=206
num_leaves=15
num_cat=0
split_feature=0 8 9 12 12 2 12 8 9 10 9 4 8 5
split_gain=12.3453 18.1476 36.459 60.0639 40.0747 10.505 9.11875 9.82475 8.40369 6.20842 5.97446 23.1997 7.01141 5.72056
threshold=-1.0000000180025095e-35 -6.5445589441159844e-05 0.00093194953279201879 0.00077098877480004304 0.0037182906069498111 -0.00060663390789063071 0.00015271552797762323 -1.0000000180025095e-35 0.0010201708832603426 0.0006483456906016034 0.0015063507579953297 -0.00019225968368208332 -0.00083445541322224581 -1.4436485597513203e-05
decision_type=2 8 10 8 10 10 10 10 10 10 10 10 10 10
left_child=6 5 3 -3 -4 8 7 -1 -2 -7 12 -12 -8 -9
right_child=1 2 4 -5 -6 9 10 13 -10 -11 11 -13 -14 -15
leaf_value=-0.00045124484618522845 -0.011500102195284736 0.0010373618696896461 -0.0073581688942933286 0.0091742841251689928 0.015826990955184896 -0.00060855988184071715 -0.0018986801907366724 -0.0093908583979093515 -0.00193606260322818 0.00071077908029919636 -0.0014896432793096504 -0.021646810287285476 0.00012126476008835435 -0.0032105222362474126
leaf_weight=678.10258584469557 110.66225218772888 3888.5476775551215 581.29595762584358 1032.6242287312634 64.869525656104088 6831.1572929434478 1898.1617084816098 245.06395533680916 354.13499769568443 6035.8586115706712 817.0556148677133 45.962628558278084 7942.204515845282 422.97653916478157
leaf_count=3539 459 30816 12234 41818 9344 31808 7857 1461 1526 28608 4931 1202 50318 2509
internal_value=-3.07801e-05 0.000445554 0.00188327 0.00277207 -0.0047334 -0.000151299 -0.000782614 -0.00310871 -0.00453376 5.74791e-06 -0.000481836 -0.00286756 -0.000263814 -0.00567127
internal_weight=30948.7 18899.2 5567.34 4921.17 646.165 13331.8 12049.5 1346.14 464.797 12867 10703.4 863.018 9840.37 668.04
internal_count=228430 156613 94212 72634 21578 62401 71817 7509 1985 60416 64308 6133 58175 3970
is_linear=0
shrinkage=0.03


Tree=207
num_leaves=15
num_cat=0
split_feature=8 3 2 2 7 4 4 4 8 4 3 11 4 11
split_gain=11.3521 22.6592 24.3792 12.4471 12.4063 12.3361 9.95797 8.00015 14.5955 8.09211 7.12211 5.52814 6.76413 6.31242
threshold=-0.0004896679354456367 -0.00035704207953912676 0.00024595794607017326 -0.00022009209103993581 1.5832600830181651 -0.0015364996733669976 -0.0014998174655856953 -0.0020246728543387711 -0.0023215693257060406 -0.0075270530384498038 0.00019345571489282095 -0.0011196434260081127 -0.00058974941542405668 -0.0032973600180155886
decision_type=8 8 10 10 10 8 10 10 10 10 10 8 10 10
left_child=7 3 5 -2 -5 -3 -4 8 9 -1 -10 13 -13 -9
right_child=1 2 6 4 -6 -7 -8 11 10 -11 -12 12 -14 -15
leaf_value=0.0028355790387256828 0.01308982984391033 -0.0031301835735108581 -0.00076396861230558033 0.0032133445233653033 -0.0074661737744213903 0.00010821082675732124 0.011815190721784025 -0.0022000400366934459 0.0023403922374243737 -0.0038607190901587345 -0.00089069709551976796 -0.0027673768246034157 0.0016999586321278088 7.1819690348120599e-05
leaf_weight=180.23683187365532 104.04588576871902 1126.3689491609111 63.067027014214545 2013.8283421541564 90.447225816547871 15198.985679476988 209.70473882835358 1601.1504710093141 2131.4968877136707 884.11031014472246 822.60656164586544 2828.08049640432 317.80735985934734 3323.2588985487819
leaf_count=772 7321 8319 2720 13097 566 118488 25314 6615 9333 3688 3785 12590 1462 14024
internal_value=-4.04206e-05 0.000418512 3.42462e-05 0.0032665 0.00269279 -0.000113329 0.00877044 -0.000759096 0.000322175 -0.00265508 0.00142044 -0.00130465 -0.0022931 -0.000657668
internal_weight=30895.2 18806.4 16598.1 2208.32 2104.28 16325.4 272.772 12088.7 4018.45 1064.35 2954.1 8070.3 3145.89 4924.41
internal_count=228094 175825 154841 20984 13663 126807 28034 52269 17578 4460 13118 34691 14052 20639
is_linear=0
shrinkage=0.03


Tree=208
num_leaves=13
num_cat=0
split_feature=6 8 10 9 10 9 6 6 9 4 10 3
split_gain=13.4555 9.98371 20.8611 28.5238 13.7794 11.2114 23.8518 12.096 9.42623 1.69858 1.42531 1.56546
threshold=1.0011274035882831 -0.00076148920487428818 0.00065813925051283007 0.00077997100175160371 -0.00089134077700707187 0.0007918899852550099 0.00035571261969098922 0.00035571261969098922 0.0017080715960840788 -0.0036864621387620584 0.0036170279590321346 0.00066027029507953548
decision_type=10 10 10 10 8 10 10 10 10 10 10 10
left_child=1 5 4 -4 -3 7 -7 -1 9 -2 11 -10
right_child=8 2 3 -5 -6 6 -8 -9 10 -11 -12 -13
leaf_value=-0.0031854495735752419 0.00030453213513018882 0.0030153388788943967 0.005487259742190758 -0.00039097947236249288 -0.00022669134211808232 0.0017049624431066113 -0.0026209984334085688 0.0016348394465099325 0.00079894185115547678 0.019865860115766926 0.0052004030888811578 -0.0086057795129554932
leaf_weight=2556.636522680521 11.56586553994566 1249.0599135276861 1539.3420580003876 1390.9035831072833 18693.389681661036 2901.6275741159916 1882.7914699465036 548.7705055475235 13.649743830319496 46.216411984991282 18.051283455686644 15.897761612664906
leaf_count=10380 109 19253 21153 22959 128131 11827 8889 2357 306 1823 566 363
internal_value=4.65249e-05 6.21771e-06 0.000325596 0.00268478 -1.92159e-05 -0.000911309 0 -0.00231186 0.0102725 0.0174582 0 -0.00364057
internal_weight=30867.9 30762.5 22872.7 2930.25 19942.4 7889.83 4784.42 3105.41 105.381 57.7823 47.5988 29.5475
internal_count=228116 224949 191496 44112 147384 33453 20716 12737 3167 1932 1235 669
is_linear=0
shrinkage=0.03


Tree=209
num_leaves=15
num_cat=0
split_feature=8 10 9 4 10 9 4 9 8 9 4 11 9 7
split_gain=13.6615 14.7364 18.9467 47.0675 21.415 12.6676 11.6527 12.312 7.25432 8.01173 6.8175 6.69764 5.08138 4.88217
threshold=-0.001343972991088682 0.0012343856534100051 0.0013827767760753852 -1.0000000180025095e-35 -0.00089134077700707187 0.00091546656693826704 -0.0012101633246085484 0.0012172126532256119 -0.0041982459305931466 0.0021851522518614016 -0.0015170372947848063 -0.0011196434260081127 0.0030425866703344831 0.089252802763272437
decision_type=8 10 10 10 8 10 10 10 10 10 10 10 10 10
left_child=5 2 4 -4 -2 11 10 -8 12 -10 -3 13 -7 -1
right_child=1 6 3 -5 -6 8 7 -9 9 -11 -12 -13 -14 -15
leaf_value=-0.0053325810737110627 0.0035240941557879938 0.0024889986175515178 -0.0018370183906574369 -0.024601652110396197 -1.1329707754800721e-05 -0.0093532856644985823 0.011511866885005467 0.001294956335860174 -0.0009749101371603632 0.0036283523430076093 -0.0043288095912872573 -0.0096730644897603229 0 -0.0001716754912156753
leaf_weight=414.8686887472868 1637.4742483857553 624.51068227691576 905.55539955059066 81.222447032807395 23578.079266819404 128.41070336103439 252.13329526525922 207.68859932641499 1842.8604381717741 405.83848913013935 152.69579967530444 201.65857454016805 85.722221583127975 311.55438682436943
leaf_count=1705 15838 4425 7737 2840 166382 535 8355 7034 7746 1827 1061 821 367 1280
internal_value=-1.16194e-05 0.000208641 5.46496e-05 -0.003999 0.000217185 -0.00180698 0.00339572 0.00715067 -0.000645883 -0.000105177 0.00103533 -0.00478448 -0.00579832 -0.00323299
internal_weight=30830.3 27439.4 26202.3 986.778 25215.6 3390.91 1237.03 459.822 2462.83 2248.7 777.206 928.082 214.133 726.423
internal_count=227953 213672 192797 10577 182220 14281 20875 15389 10475 9573 5486 3806 902 2985
is_linear=0
shrinkage=0.03


Tree=210
num_leaves=12
num_cat=0
split_feature=6 6 6 9 6 9 6 11 9 6 4
split_gain=11.8225 8.7394 82.9782 32.2363 17.9065 32.5607 13.723 9.48645 6.25087 6.51202 4.47223
threshold=1.0011274035882831 0.51690718811834879 0.0014006027761517897 0.0027643623868514587 1.000151928767586 0.00044354579814756719 0.00083654582507811353 0.0017840294639812975 0.0019025694835933394 1.0020408730936459 -0.0036864621387620584
decision_type=10 10 10 10 10 10 10 10 10 10 10
left_child=1 2 6 -4 7 -6 -1 -3 10 -10 -2
right_child=8 4 3 -5 5 -7 -8 -9 9 -11 -12
leaf_value=-3.8993005529397291e-05 0 -0.0039167435542681022 0.020607283714599349 0.00026032224832848896 0.0073319811305083363 -0.0016248832144298681 0.0040711455162518303 0.0019216588184569792 -0.0091523999957582799 0.010588980922592054 0.018365907052762084
leaf_weight=25850.821024180623 14.916931140236555 1821.7318330910057 238.41718083200976 106.39523636456579 503.84160945168696 1237.5407198651228 741.806804361986 269.25578382378444 22.10350552527234 18.286129131913185 50.825754389865324
leaf_count=165210 149 15611 2813 1122 5594 19102 7883 7826 496 477 2052
internal_value=0.000114866 7.68168e-05 0.000269481 0.0146824 -0.00125897 0.000959453 7.4892e-05 -0.00313081 0.009673 0 0.0147559
internal_weight=30875.9 30769.8 26937.4 344.812 3832.37 1741.38 26592.6 2090.99 106.132 40.3896 65.7427
internal_count=228335 225161 177028 3935 48133 24696 173093 23437 3174 973 2201
is_linear=0
shrinkage=0.03


Tree=211
num_leaves=14
num_cat=0
split_feature=6 9 6 6 9 6 9 6 6 11 8 9 4
split_gain=15.5032 18.9181 15.7956 83.5052 30.0754 15.42 26.5038 13.3545 12.0014 5.96111 4.9727 1.49324 0.956183
threshold=1.0006492107958309 0.00097346691899170379 0.51690718811834879 0.0014006027761517897 0.0020291501841952237 1.0000818756533125 0.00042674019439751745 0.00090010988123156337 1.0015469813941806 0.00066102582685382259 -0.00080649715068531458 0.0030425866703344831 -0.0014149567831025498
decision_type=10 10 10 10 10 10 10 10 10 10 10 10 10
left_child=2 12 3 7 -5 9 -7 -1 10 -4 -3 -10 -2
right_child=1 8 5 4 -6 6 -8 -9 11 -11 -12 -13 -14
leaf_value=-0.0001924029449832183 0.0059388959375155283 -0.0081268934978120152 -0.0055640513354094359 0.02412148155401481 0.0055006140105056736 0.0042137180661631652 -0.0028621306287832707 0.0043584300208101331 0.014927037799891744 -0.001436137599096431 0.0012924139820813217 0 0.017821497915784662
leaf_weight=25988.841805270407 40.812351880129427 82.582697220146656 1043.6883281497285 155.79127136827447 182.32753101829439 739.37551864888519 1293.3318619788624 583.05599816190079 36.599445160478354 525.04640590422787 86.453426660504192 10.91114281862974 82.919803527998738
leaf_count=166564 485 461 6935 1908 1982 7828 18293 6341 1209 10114 2892 264 2639
internal_value=-7.36589e-05 0.0061979 -0.000147576 0.000100282 0.0146992 -0.00201134 -0.000250965 -8.86867e-05 0.000411634 -0.00423832 -0.00317116 0.0125369 0.0150879
internal_weight=30851.7 340.279 30511.5 26910 338.119 3601.44 2032.71 26571.9 216.547 1568.73 169.036 47.5106 123.732
internal_count=227915 7950 219965 176795 3890 43170 26121 172905 4826 17049 3353 1473 3124
is_linear=0
shrinkage=0.03


Tree=212
num_leaves=11
num_cat=0
split_feature=12 13 0 11 4 7 9 10 10 4
split_gain=12.9481 9.16011 9.76878 12.6055 9.62038 7.83495 7.62439 5.43244 2.93924 0.225457
threshold=6.3628684351189864e-08 -1.0000000180025095e-35 -1.0000000180025095e-35 0.0014378176535916282 -0.00033097302118945121 -0.94025429123838788 0.00027860711051559055 -2.5780793237130554e-07 -0.00080820449240690928 -0.00015078782074995353
decision_type=8 2 2 8 8 10 10 10 10 10
left_child=7 5 3 -3 -4 8 -7 -1 -2 -9
right_child=1 2 4 -5 -6 6 -8 9 -10 -11
leaf_value=0 -0.0025536978467614333 -0.00031235867187634752 0.00029873368311340631 -0.0080208589839383445 0.0019976544900353935 0.0006033198936915942 -0.0024966146551414327 -0.0053288499862230452 0.0033002463997758207 -0.013800974155627978
leaf_weight=69.268231235444546 74.893765306565911 9821.6761824558489 12415.460297988029 185.72226376715116 3999.4062464999733 914.14740996947512 2803.265065648593 56.091537568718195 413.35995137959253 67.551975782960653
leaf_count=371 689 55703 71628 3154 60602 6597 24855 307 3504 353
internal_value=4.65395e-06 5.66213e-05 0.000265601 -0.000469271 0.000717285 -0.00123959 -0.00171864 -0.0075465 0.00224865 -0.0110928
internal_weight=30820.8 30627.9 26422.3 10007.4 16414.9 4205.67 3717.41 192.912 488.254 123.644
internal_count=227763 226732 191087 58857 132230 35645 31452 1031 4193 660
is_linear=0
shrinkage=0.03


Tree=213
num_leaves=13
num_cat=0
split_feature=6 9 6 11 9 6 4 8 6 9 2 4
split_gain=14.3254 16.2749 11.6138 11.3588 33.9167 34.547 28.513 23.2685 24.2999 19.5543 4.61451 1.84724
threshold=1.0009118180188745 0.0012841824239546338 1.0020408730936459 -0.00017476228462755735 0.00071911079341742162 1.000397492241013 -1.0000000180025095e-35 -6.5445589441159844e-05 0.00031456179866155886 0.00032418617114308583 0.00013339724033344823 -0.0031270837023800175
decision_type=8 10 10 8 10 10 10 10 10 10 10 8
left_child=3 11 10 7 5 -5 -6 9 -9 -1 -3 -2
right_child=1 2 -4 4 6 -7 -8 8 -10 -11 -12 -13
leaf_value=-0.0018518404781592711 0.00065977223121040779 -0.0097283593770686964 0.014518703556398777 7.2769215376504196e-05 -0.0020403888868268942 0.011525362820016528 -0.010632692071203226 0.0016206559446844103 0.010850850188446956 0.0008334746384051965 0.0048147351456268913 0.020755951366417068
leaf_weight=3045.1124818399549 11.860817614011465 57.962014767574146 26.095735637936741 10283.345589849399 3550.9385117595084 232.97571455058642 382.40167188621126 839.48619324387982 376.27973024081439 12008.872585095465 14.364049801370127 58.456294792005792
leaf_count=12843 109 693 735 87286 28443 3938 16092 12872 8330 53595 1057 2141
internal_value=0.000119586 0.0085908 0 6.83212e-05 -0.000541407 0.000342895 -0.0029158 0.000613525 0.00459157 0.000285439 -0.00587727 0.0186174
internal_weight=30888.2 168.739 98.4218 30719.4 14449.7 10516.3 3933.34 16269.8 1215.77 15054 72.3261 70.3171
internal_count=228134 4735 2485 223399 135759 91224 44535 87640 21202 66438 1750 2250
is_linear=0
shrinkage=0.03


Tree=214
num_leaves=13
num_cat=0
split_feature=3 9 12 8 9 12 7 8 10 10 5 9
split_gain=12.2525 11.0901 9.80834 16.4955 13.8061 11.2622 9.10529 11.9501 11.5833 6.44352 2.7358 1.92371
threshold=0.0007998411248038035 6.228594515176484e-05 0.0011601688622905738 -0.001034126727596729 0.00086342918403087732 0.0023658411032094141 -0.43223023656007481 -0.00015722896124059635 0.00043976050241178809 -0.00065900642214114958 -9.038325666149703e-06 0.0012172126532256119
decision_type=8 10 10 10 10 10 8 10 10 8 10 10
left_child=1 10 9 4 -4 -5 8 -8 -3 11 -1 -2
right_child=2 6 3 5 -6 -7 7 -9 -10 -11 -12 -13
leaf_value=-0.00056945841786299562 0.00046414454552714374 8.417312667174511e-05 -0.014799912845073452 -0.0018299702321397421 -0.0025288354708432517 0.0082376605382555156 -0.00088166732201901035 0.00073449823534430566 0.0020301124854653803 -0.016491608689809083 -0.0096191551136739946 -0.0067919108110736934
leaf_weight=60.144713498651981 41.296278037130833 7731.6918553642463 101.07622662931681 194.66365475812927 422.27650228142738 175.79213335597888 11080.935928981751 6506.9438823565142 4326.6138371797279 68.499509578570724 120.28288949653506 48.999705277383327
leaf_count=291 370 51444 420 2646 1867 12314 49756 73454 33961 696 618 429
internal_value=-6.54394e-06 0.00010425 -0.00317391 -0.00181577 -0.00524432 0.00288066 0.000152536 -0.000280251 0.000788467 -0.00990249 -0.00710588 -0.00315977
internal_weight=30879.2 29826.6 1052.6 893.809 523.353 370.456 29646.2 17587.9 12058.3 158.795 180.428 90.296
internal_count=228266 209524 18742 17247 2287 14960 208615 123210 85405 1495 909 799
is_linear=0
shrinkage=0.03


Tree=215
num_leaves=12
num_cat=0
split_feature=6 8 9 10 6 9 6 9 8 6 4
split_gain=11.057 10.1893 48.7068 46.0592 36.6327 10.2983 11.15 9.75233 6.53645 5.81759 4.49521
threshold=1.0011274035882831 -0.00015389245656904912 0.00082302884157990088 0.00063074227242407592 0.00078131046085813801 0.00031003714675793375 3.1300878875777242e-07 0.0019025694835933394 -0.0004896679354456367 1.0020408730936459 -0.0038377022372759191
decision_type=10 8 10 10 10 10 10 10 10 10 10
left_child=1 5 3 -3 -4 8 -7 10 -1 -9 -2
right_child=7 2 4 -5 -6 6 -8 9 -10 -11 -12
leaf_value=-0.0043386216113495786 0 0.0010628506319300985 -0.0070489336837072751 0.010383996409253698 0.0026267035504987826 0.0014805994505740867 -0.00048011345784055394 -0.010253588664766259 -0.0011279172644979572 0.0080060353715014007 0.019562012385345526
leaf_weight=793.0025844424963 13.923564141616223 8964.2850869472604 1119.3212968325242 496.62729964102618 494.52314028679393 3230.9100712835789 13327.685873884708 22.479734300170094 2321.0971060171723 18.931243717903271 49.608838733867742
leaf_count=3208 126 82643 20332 18485 15267 13500 61609 491 9838 475 2052
internal_value=4.92118e-05 1.25349e-05 0.000741907 0.00156892 -0.0040492 -0.000395186 -9.32555e-05 0.00933724 -0.001976 -0.000805456 0.0159748
internal_weight=30852.4 30747.5 11074.8 9460.91 1613.84 19672.7 16558.6 104.943 3114.1 41.411 63.5324
internal_count=228026 224882 136727 101128 35599 88155 75109 3144 13046 966 2178
is_linear=0
shrinkage=0.03


Tree=216
num_leaves=14
num_cat=0
split_feature=6 7 8 8 10 6 3 6 4 2 6 11 10
split_gain=13.7324 12.5377 9.40504 8.62252 13.2498 9.84635 7.01147 5.91329 5.57184 14.7668 6.9987 4.58468 1.6242
threshold=1.0007010841496093 1.8250029355893391 -0.00014756592420839262 -0.0020750100885097984 -0.0029653264868196067 0.0016970569405582341 0.0013278832871774806 1.0015469813941806 -0.00058974941542405668 0.00016795294998143287 4.2383776997449763e-05 0.00042162304007033148 0.0021450522049935006
decision_type=10 10 10 10 8 10 10 10 10 10 10 10 10
left_child=1 3 7 5 -5 -1 -4 11 9 -3 -10 -2 -8
right_child=2 8 6 4 -6 -7 12 -9 10 -11 -12 -13 -14
leaf_value=-0.0033676615344244666 0.0056848121087160856 0.0061678233961608969 0.016794570581114391 0.013463777427352172 8.8428475240653702e-05 0.0038689717475438438 -0.009993911859398491 0.011920397573539923 -0.014369218509167442 -0.0097405560998002627 -0.0022674859578925696 -0.004149995928686063 0.0023619827527272519
leaf_weight=1165.1417140364647 56.780363461002707 99.364321867935359 82.138067422551103 56.893174813594669 28734.316428211052 181.81992435455322 5.5181688591837865 33.520700162276626 95.812336841132492 89.038685970939696 103.59299694979563 104.72332267463207 5.0586828031810001
leaf_count=4817 490 555 4341 1128 211262 802 233 430 577 442 1101 889 751
internal_value=2.24408e-06 -5.83261e-05 0.00641574 9.52354e-06 0.000121608 -0.00232529 0.0139016 0.00205984 -0.00534972 -0.00116002 -0.00877729 -0.000212634 -0.00289252
internal_weight=30813.7 30526 287.739 30138.2 28791.2 1346.96 92.7149 195.024 387.808 188.403 199.405 161.504 10.5769
internal_count=227818 220684 7134 218009 212390 5619 5325 1809 2675 997 1678 1379 984
is_linear=0
shrinkage=0.03


Tree=217
num_leaves=15
num_cat=0
split_feature=6 9 6 6 9 11 4 6 4 6 4 9 6 9
split_gain=12.1843 36.8955 19.87 79.2261 24.9533 17.1144 18.0492 14.3829 13.6884 11.2924 12.7544 11.8512 9.43641 1.25131
threshold=1.0003556065008685 0.00062425056592216646 0.51690718811834879 0.0014006027761517897 0.0027643623868514587 0.0010638508367504537 -0.00045689378735463965 0.00090010988123156337 -0.0012643591841478006 1.0011274035882831 -0.0027427502667229371 0.00090815078929104706 1.0000818756533125 0.00049254151276669031
decision_type=10 10 10 10 10 10 10 10 10 10 10 10 10 10
left_child=2 8 3 7 -5 12 -7 -1 -2 11 -11 -3 -4 -10
right_child=1 9 5 4 -6 6 -8 -9 13 10 -12 -13 -14 -15
leaf_value=-0.00018487469851545134 0 0.002695984074661571 -0.0055313667837685486 0.019672949336236124 0.0013094878855589682 -0.0012399223262582549 0.0093885129203951038 0.0045417514695811449 0.019359913628918271 -0.0012065441056478888 0.018015509749631002 -0.0064482739157554446 -0.0016467732895869139 0.0093909602290023434
leaf_weight=26049.323188074632 53.394898976199329 203.00243492051959 1201.11826697574 232.11708871601149 103.95865564094856 502.69243500335142 186.90658371453173 582.14820594410412 119.12046436290257 54.594418617431074 46.667987543623894 290.32263098959811 1180.4639503452927 85.047289713751525
leaf_count=166871 423 3715 8838 2816 1126 3366 13437 6337 1889 595 2501 4867 9784 1770
internal_value=-5.03835e-05 0.00346302 -0.000153169 0.000105423 0.0143679 -0.00243627 0.00164803 -7.76353e-05 0.0127259 -0.000594364 0.00793589 -0.00258742 -0.00364594 0.0161198
internal_weight=30890.9 852.15 30038.7 26967.5 336.076 3071.18 689.599 26631.5 257.563 594.587 101.262 493.325 2381.58 204.168
internal_count=228335 15760 212575 177150 3942 35425 16803 173208 4082 11678 3096 8582 18622 3659
is_linear=0
shrinkage=0.03


Tree=218
num_leaves=15
num_cat=0
split_feature=12 10 6 4 6 11 3 5 7 11 6 2 4 9
split_gain=10.1689 9.7608 9.7006 8.77464 30.3123 19.4501 8.4391 8.46607 7.39898 7.13902 6.68508 5.42217 3.07685 0.13256
threshold=5.0850518457931212e-05 -2.5780793237130554e-07 1.0015469813941806 -0.0013983654405828603 0.00044596003586020756 -0.00017476228462755735 -1.0000000180025095e-35 -1.0000000180025095e-35 1.2191884761028293 -1.0000000180025095e-35 3.6423105359635437e-07 1.0000000180025095e-35 -0.006498941403511759 0.0024177222032870406
decision_type=10 8 10 10 10 10 8 10 10 10 10 10 10 10
left_child=1 9 3 5 -5 -2 7 -3 -8 11 -11 -1 -4 -14
right_child=2 6 12 4 -6 -7 8 -9 -10 10 -12 -13 13 -15
leaf_value=-0.0061963969546202256 0.00036443469168617498 0.0029065760840091669 0 -3.0800870822875456e-05 0.0027718785012500269 -0.0028024890247739507 -0.0053272150736249626 -0.0059943822325531047 -0.017013753551924051 0.0093648630638581126 0.0001600032712886922 0.00092978883391046604 0.018217927574713275 0
leaf_weight=185.0679978877306 5524.0206197788939 185.67807467654347 13.245713831856845 17049.221560643753 4338.5685072742635 2524.3054775241762 294.14839472435415 172.3428523875773 64.910719949752092 100.47059664130211 239.42725106328726 160.52480549365282 26.077214917982928 7.3173697167076162
leaf_count=1071 25466 1093 118 114747 61285 16957 1856 1016 371 512 1453 880 1081 332
internal_value=0.000121872 -0.00236078 0.000242773 0.000216758 0.000535956 -0.00062365 -0.00478497 -0.00126156 -0.00800624 0.000121187 0.00324224 -0.00278455 0.0126651 0.0165281
internal_weight=30885.3 1402.57 29482.8 29436.1 21387.8 8048.33 717.08 358.021 359.059 685.491 339.898 345.593 46.6403 33.3946
internal_count=228238 8252 219986 218455 176032 42423 4336 2109 2227 3916 1965 1951 1531 1413
is_linear=0
shrinkage=0.03


Tree=219
num_leaves=10
num_cat=0
split_feature=8 10 8 12 6 6 6 7 6
split_gain=9.90137 11.9826 13.2409 31.4028 8.19271 16.3539 11.017 7.56637 4.05606
threshold=-0.0041982459305931466 0.00057780259019710775 -0.00060575374470822607 0.0021103590065933695 1.0000000739699904 1.000151928767586 0.00086713053441019863 -1.1102448679668109 0.00032532234900048109
decision_type=10 10 10 10 10 10 10 10 8
left_child=8 4 7 -4 6 -6 -2 -3 -1
right_child=1 2 3 -5 5 -7 -8 -9 -10
leaf_value=-0.0012941628681437912 -0.00034259388545677304 -0.0050315378777288384 0.0017856318701702195 0.015165335178496362 -0.0047132200725831528 0.00097933197651828069 0.0031254679856130346 0.00033618757452773317 -0.010303132775957284
leaf_weight=106.84320390224457 19336.961878061295 236.52016608044505 2771.2056316400412 159.73066558269784 1052.9338935138658 762.29572582454421 849.00641925213858 5482.8886993452907 107.0443919301033
leaf_count=442 124912 1019 28062 21995 10626 8070 8869 23714 460
internal_value=-4.36432e-05 3.14269e-07 0.000947595 0.00258429 -0.000369669 -0.00229752 -0.000192284 9.53441e-05 -0.00632969
internal_weight=30865.4 30651.5 8650.35 2930.94 22001.2 1815.23 20186 5719.41 213.888
internal_count=228169 227267 74790 50057 152477 18696 133781 24733 902
is_linear=0
shrinkage=0.03


Tree=220
num_leaves=15
num_cat=0
split_feature=8 12 9 4 6 9 9 6 9 6 12 6 6 0
split_gain=8.96581 39.0093 23.7892 43.7367 24.7685 15.1739 13.1968 10.6823 26.3887 19.934 9.79363 4.29112 2.92308 1.66779
threshold=-0.00092498047259137451 0.0033893965652691325 0.0013827767760753852 -1.9033415321723087e-05 0.00048394180544877532 0.0027643623868514587 0.00048893350100104934 0.00043745878487265764 0.0017483638462125778 0.0012117283438422943 0.0073487483228366754 0.00019417883442824317 2.7362790659979618e-07 -1.0000000180025095e-35
decision_type=10 8 10 10 10 10 10 10 10 10 10 10 10 2
left_child=6 2 4 -4 -2 12 11 8 -8 -9 -7 13 -3 -1
right_child=1 5 3 -5 -6 10 7 9 -10 -11 -12 -13 -14 -15
leaf_value=-0.0094464613738609055 -0.00019244621745108292 0 -0.0022393341539006977 -0.023427784896747218 0.0022344245846651609 -0.022707029685077165 -0.00075139590211902572 -0.0058456574640943695 0.0063707065426151692 0.00058712014154419542 0.0086186395773559157 0 0.021244980932452272 -0.0044996959209872489
leaf_weight=174.94694828987122 18864.970553124789 7.3200432502198955 849.35324989072978 89.693301032762975 4715.0691330498084 6.4449731234926722 3458.5233103334904 851.4949503839016 530.65313477814198 838.89765669032931 8.1009136023931188 90.440232589840889 103.09785510622896 270.80775202810764
leaf_count=722 120226 987 7080 2007 53758 498 14033 3926 2154 4116 888 367 16168 1116
internal_value=-6.2472e-05 0.000192365 0.000101325 -0.00455191 0.000291029 0.0162796 -0.00108116 -0.000639678 0.000194567 -0.00263327 -0.00641294 -0.00555037 0.0200516 -0.00673749
internal_weight=30859.8 24644.1 24519.1 939.047 23580 124.964 6215.76 5679.57 3989.18 1690.39 14.5459 536.195 110.418 445.755
internal_count=228046 201612 183071 9087 173984 18541 26434 24229 16187 8042 1386 2205 17155 1838
is_linear=0
shrinkage=0.03


Tree=221
num_leaves=13
num_cat=0
split_feature=6 9 6 7 7 4 6 11 9 2 2 11
split_gain=12.799 13.7845 10.8669 9.86616 11.274 9.0659 23.8956 15.2353 7.39622 6.04821 2.77152 0.683385
threshold=1.0009118180188745 0.001362153933748623 1.0020408730936459 1.4961929782657661 1.5166595901795363 -0.00092234728435636171 0.00024433456912322844 -0.00017476228462755735 0.00011478051826750459 -2.4374346821070239e-06 7.6448745124447207e-05 0.0028482302055118755
decision_type=8 10 10 10 10 10 10 10 10 8 10 8
left_child=3 11 10 5 9 7 -7 -1 -6 -5 -3 -2
right_child=1 2 -4 4 8 6 -8 -9 -10 -11 -12 -13
leaf_value=0.00026632709429940131 0.018324794210996257 -0.0093211186212377745 0.014166849092476019 0 -0.0089328641163873151 -0.00015489455471441447 0.0022935297659982035 -0.0019932772061871033 -0.00085636455834855465 -0.014951729183512258 0.001781914940676432 0.00031245898829323913
leaf_weight=7992.1852887603454 63.31759916851297 51.9851375867147 23.945072470232844 40.812368631595746 102.11827608942986 11630.90044917725 5151.8845954968128 4007.2256073397584 1623.2729284160305 81.245993240736425 14.032257694983853 9.4504572228761372
leaf_count=36870 1873 559 703 296 523 79914 66626 26596 11795 606 983 546
internal_value=5.16062e-05 0.00819516 0 3.72195e-06 -0.0021134 0.000142385 0.000594054 -0.000484307 -0.00141767 -0.0106417 -0.00624788 0.0170308
internal_weight=30792.4 162.731 89.9625 30629.6 1847.45 28782.2 16782.8 11999.4 1725.39 122.058 66.0174 72.7681
internal_count=227890 4664 2245 223226 13220 210006 146540 63466 12318 902 1542 2419
is_linear=0
shrinkage=0.03


Tree=222
num_leaves=14
num_cat=0
split_feature=6 9 12 6 6 9 6 9 9 8 6 9 6
split_gain=10.5504 36.2767 15.0411 11.0955 38.3041 32.0479 20.4016 17.3322 12.4071 9.19542 7.66401 6.40379 0.923456
threshold=1.0005319066970972 0.0007918899852550099 0.0010841338593416056 1.0000000739699904 0.00090010988123156337 0.0021047273895869671 1.0000661184159023 0.00042674019439751745 0.00083593137961102397 -0.00061885665492461539 1.0011274035882831 0.00012256093074305434 1.0005670613242652
decision_type=10 10 10 8 10 10 10 10 10 8 10 8 10
left_child=3 12 10 4 8 -6 11 -8 -1 -4 -3 -5 -2
right_child=1 2 9 6 5 -7 7 -9 -10 -11 -12 -13 -14
leaf_value=0.00030444703560354584 0.0041539289365119742 -0.016389814494034143 -0.00072475155844880222 0.0017442815411668618 0.0071082634677851917 -0.0040873700347640951 0.0034094710633927792 -0.0022684511052956926 -0.0012201534725155931 0.011297558745388564 0.0010229336807838273 -0.0062664107341041057 0.018283419540347477
leaf_weight=19706.800174953416 23.713794524781406 59.93668319657445 177.7809336129576 83.715111135039479 1169.0794881852344 271.63056886708364 783.15607676585205 1229.856142943725 6335.6180734285153 68.76719649892766 22.970925560221076 824.1224898409564 116.61988846829627
leaf_count=123025 422 881 1159 698 12714 2864 8354 16916 43893 4431 640 9591 2726
internal_value=8.01302e-05 0.00449437 -0.000880055 8.49523e-06 0.00019751 0.00494246 -0.00174414 -2.38804e-05 -6.44818e-05 0.0027043 -0.0113287 -0.00545139 0.01673
internal_weight=30873.8 469.789 329.456 30404 27483.1 1440.71 2920.85 2013.01 26042.4 246.548 82.9076 907.838 140.334
internal_count=228314 10259 7111 218055 182496 15578 35559 25270 166918 5590 1521 10289 3148
is_linear=0
shrinkage=0.03


Tree=223
num_leaves=15
num_cat=0
split_feature=6 6 6 10 11 2 3 5 3 6 2 10 3 7
split_gain=10.5736 12.4302 74.8741 16.998 14.879 13.2192 21.4895 10.0701 5.76944 6.72009 6.85827 5.57753 2.97285 0.565588
threshold=1.0005670613242652 0.51690718811834879 0.0012117283438422943 -0.0018820761734469288 0.0014378176535916282 8.2411250423036306e-05 -0.00029292602606023578 -0.00088860618371908162 0.00036141514649390519 1.0015469813941806 4.2155911918065826e-05 0.0019222732963465568 -0.00051783619569878241 -0.28947401412852664
decision_type=8 10 10 10 8 10 10 10 10 10 10 10 8 10
left_child=1 2 4 -4 -1 7 -7 -3 11 10 -10 12 -2 -13
right_child=8 5 3 -5 -6 6 -8 -9 9 -11 -12 13 -14 -15
leaf_value=3.3130933406218633e-05 0 0.0020776358451168055 0.0028780544892563981 0.015778270065493913 -0.0040430976458034947 -0.0069814439916114374 0.0049925991220297478 -0.0033477248123216122 -0.0048911883503080658 0.011694676461048064 0.0082556874242599877 0.00068971396092519998 0.011310164515766684 -0.0043077715000225955
leaf_weight=25613.449887764873 15.062144058756529 329.96196695882827 152.41313149337657 317.32098389160819 821.38892609253526 169.01165595650673 515.7404308617115 2498.5979350840207 137.91560147888958 31.51860341290012 35.338381255394779 19.051359051722102 162.0384930948494 18.91165743151214
leaf_count=154995 242 1548 1679 3789 16372 741 22427 16955 1120 1086 2952 360 3347 370
internal_value=-3.12344e-05 -9.91588e-05 0.000118134 0.0118649 -9.27386e-05 -0.00177581 0.00189284 -0.00268861 0.00463824 0.000634918 -0.00157805 0.00798583 0.0101647 -0.000927958
internal_weight=30837.7 30417.9 26904.6 469.734 26434.8 3513.31 684.752 2828.56 419.836 204.773 173.254 215.064 177.101 37.963
internal_count=227983 218506 176835 5468 171367 41671 23168 18503 9477 5158 4072 4319 3589 730
is_linear=0
shrinkage=0.03


Tree=224
num_leaves=15
num_cat=0
split_feature=10 8 9 12 6 10 8 6 9 3 5 9 9 10
split_gain=9.79339 18.4943 47.2916 44.3882 26.8591 11.3553 9.20039 9.17057 19.104 8.92392 11.4861 9.1505 8.27325 6.19485
threshold=0.00023007510027563954 -0.00027348606927740654 0.00035516612393236694 0.0021103590065933695 0.0002250946565887031 -0.00014944166461408633 -0.00025113514979147039 0.00090010988123156337 0.0014277988971262369 0.00017883315774014393 -0.00092801396172370587 0.00065970299537991301 0.00040258232804957699 0.0001270096424339358
decision_type=10 10 10 10 10 8 8 10 10 10 10 10 10 10
left_child=5 9 4 -4 -3 7 -7 12 -9 11 -11 -2 -1 -8
right_child=1 2 3 -5 -6 6 13 8 -10 10 -12 -13 -14 -15
leaf_value=0.00092705170155600819 -0.00068307619774801264 0.0023964313035028167 -0.0007599703788581366 0.015374994924244522 0.011079383963507747 -0.0094025938060757607 -0.0024908562971135552 0.0061796236165031111 -0.0026503816894925185 0.0027619102385263317 -0.0031929684892094603 0.0013685910068300445 -0.00080353566767354717 0.00017568337734848188
leaf_weight=3424.6103382175788 4144.4731138348579 659.11126142041758 2865.414737341227 152.05681662796997 671.68857045727782 138.39703522622585 2441.4022433906794 563.29778508539312 339.68043437274173 342.6290170326829 1496.9415522217751 3660.6184221915901 8833.145601962693 1091.4796870313585
leaf_count=21582 17585 5501 34167 21098 9517 575 12665 6712 3717 1670 6906 16636 62910 6651
internal_value=-2.21506e-05 0.00056207 0.00218494 8.13856e-05 0.00687363 -0.000511438 -0.00198515 -9.45842e-05 0.0027996 -0.000164888 -0.00204247 0.000272006 -0.000314786 -0.00165193
internal_weight=30824.9 13992.9 4348.27 3017.47 1330.8 16832 3671.28 13160.7 902.978 9644.66 1839.57 7805.09 12257.8 3532.88
internal_count=227892 113080 70283 55265 15018 114812 19891 94921 10429 42797 8576 34221 84492 19316
is_linear=0
shrinkage=0.03


Tree=225
num_leaves=15
num_cat=0
split_feature=8 9 12 12 9 11 12 9 6 9 7 9 12 3
split_gain=11.2796 45.1661 73.9335 39.2081 35.0525 26.5759 12.7028 11.6148 9.22983 13.062 8.74191 8.61984 7.50125 7.02801
threshold=-0.00015722896124059635 0.00082302884157990088 0.00068652132100609025 0.0037182906069498111 0.00040258232804957699 0.00057947497157523461 0.00015271552797762323 0.00034163566926273206 3.1300878875777242e-07 0.0012172126532256119 -0.3365498797728973 0.0020291501841952237 0.0009967921693720377 5.3778105162383554e-05
decision_type=8 10 8 10 10 8 10 10 10 10 10 10 10 10
left_child=7 2 6 5 -4 -3 -2 12 9 -9 -10 -5 -1 -14
right_child=1 3 4 11 -6 -7 -8 8 10 -11 -12 -13 13 -15
leaf_value=-0.00071146414110053347 -0.0012931237330012606 -0.003083006036216895 0.013446973412659168 0.020178974107287369 0.0037383890848999898 -0.013078265746098335 0.0011800903972085141 0.00046713916239382266 0.00027613679241237006 0.0062881937533941943 -0.0012844725397573066 0 -0.0024622932874677353 -0.0073408184624302692
leaf_weight=1895.155879817903 2898.2302252948284 1252.4509645004291 565.37288074847311 58.653535142890178 886.42321953887586 298.78355332068168 5177.6841251868755 2618.6965903192759 5882.9275748413056 396.23353742063046 7010.1560201514512 29.326908401679248 1482.8758099377155 346.83112850040197
leaf_count=8215 17062 15622 16563 9414 31942 9843 35923 10969 27540 1631 32699 3031 6040 1425
internal_value=-0.000138677 0.000619641 0.00141642 -0.00395567 0.00762637 -0.00511806 0.000284598 -0.000573148 -0.000215322 0.00127026 -0.000568077 0.0143574 -0.00208061 -0.00345453
internal_weight=30799.8 11166.9 9527.71 1639.21 1451.8 1551.23 8075.91 19632.9 15908 3014.93 12893.1 87.9804 3724.86 1829.71
internal_count=227919 139400 101490 37910 48505 25465 52985 88519 72839 12600 60239 12445 15680 7465
is_linear=0
shrinkage=0.03


Tree=226
num_leaves=15
num_cat=0
split_feature=10 4 9 10 6 6 6 9 4 9 4 6 2 9
split_gain=10.2863 20.4891 34.3656 30.3162 17.9145 9.51152 11.0011 13.8758 12.481 10.1442 26.9704 16.8055 7.28466 7.25986
threshold=0.00043976050241178809 -0.00031982322574919392 0.00068373419841933215 0.0010424041007493325 0.00018469208594356926 1.0000003202589836 4.2383776997449763e-05 0.00039235400111061592 -1.0000000180025095e-35 0.00042331707590798339 -0.00012040823064241034 1.0001619089719831 -0.00060663390789063071 0.0010201708832603426
decision_type=10 10 8 10 10 8 10 10 10 8 8 10 10 10
left_child=5 12 4 -4 -3 6 8 -8 -1 11 -11 -7 13 -2
right_child=1 2 3 -5 -6 9 7 -9 -10 10 -12 -13 -14 -15
leaf_value=-0.00073466678434727531 -0.010815200413253349 0.00074876955558387636 -0.0070559257311371727 0.0080149512498507887 0.011462128326240394 -0.0037356296396070963 0.0018726140726734375 -0.0003762787620041306 -0.004887306502870328 -0.0027045483453466438 -0.022633185091067834 0.0049747430103293678 0.0004107719405187719 -0.00094857706455660619
leaf_weight=6627.558492500335 91.387146869208664 210.52985203289427 324.07450494915247 175.7686778975185 516.06490691669751 650.94462808640674 3586.8331674616784 7789.3115279667545 723.10231946920976 318.02046078187414 70.005774118937552 272.21120218676515 9189.9402128898073 254.79568582866341
leaf_count=33269 394 4278 5868 13207 15324 5920 22860 58883 9563 2763 1704 2368 50426 1209
internal_value=-2.54304e-05 0.000720167 0.0043566 -0.00158535 0.00849171 -0.000429049 -0.000251832 0.000328537 -0.00115741 -0.00289366 -0.00692902 -0.00107711 0.000242127 -0.00395219
internal_weight=30800.5 10762.6 1226.44 499.843 726.595 20038 18726.8 11376.1 7350.66 1311.18 388.026 923.156 9536.12 346.183
internal_count=228036 90706 38677 19075 19602 137330 124575 81743 42832 12755 4467 8288 52029 1603
is_linear=0
shrinkage=0.03


Tree=227
num_leaves=15
num_cat=0
split_feature=4 6 6 6 6 8 6 11 6 6 4 6 3 4
split_gain=11.3808 34.3882 82.7872 40.6445 32.3562 12.9041 22.4654 32.1563 12.8613 26.8219 10.998 9.24068 9.05977 8.68696
threshold=-0.0013983654405828603 0.00048394180544877532 0.51690718811834879 0.00069577525104016406 1.0003189616527097 -7.9780420532027372e-05 0.00018147749908675319 8.2063038308414834e-05 0.00044596003586020756 0.001081934075729021 -0.0021635479775769513 0.00086713053441019863 -0.001226659717433952 -1.0000000180025095e-35
decision_type=8 10 10 10 10 10 10 10 10 10 10 10 8 10
left_child=5 12 3 -3 -4 8 7 -7 10 -10 -1 -8 -2 -14
right_child=1 2 4 -5 -6 6 11 -9 9 -11 -12 -13 13 -15
leaf_value=0.0018878484096365212 0.0053911807241926275 0.0040720380685399108 -0.0017465565654846021 0.014215461370193309 0.0062551378893322095 -0.0013828855116270527 -0.0049180640257379003 -0.029778219398629416 -0.0058360235973814916 0.00049537577814333226 -0.00089576194974322744 0.0029579348978338066 9.3574075977246286e-05 -0.0020470327626414325
leaf_weight=2434.7119528353214 261.59281090414152 841.09683419298381 2229.5306616688613 652.85887467302382 560.39474209223408 84.34834829904139 311.52392326621339 60.97361901588738 1039.6260198429227 1373.1175499968231 2637.1152734309435 211.93364882608876 16273.111365133664 1891.7806989946403
leaf_count=10093 1634 8305 30451 9169 13847 773 3964 1004 5234 7298 11049 4002 89198 32194
internal_value=0.000170847 0.000517591 0.00293557 0.00860966 -0.000101277 -0.000787075 -0.0047567 -0.0148333 -0.000418492 -0.00222082 0.000429779 -0.00162114 -4.25854e-05 -0.000127062
internal_weight=30863.7 22710.4 4283.88 1493.96 2789.93 8153.35 668.78 145.322 7484.57 2412.74 5071.83 523.458 18426.5 18164.9
internal_count=228215 184798 61772 17474 44298 43417 9743 1777 33674 12532 21142 7966 123026 121392
is_linear=0
shrinkage=0.03


Tree=228
num_leaves=15
num_cat=0
split_feature=6 6 9 6 6 9 9 6 6 12 7 12 6 11
split_gain=7.71897 70.9832 25.5244 30.0598 19.9024 33.6367 16.9613 109.932 102.449 14.8052 8.64823 9.51492 8.32995 5.39588
threshold=0.51690718811834879 0.0014006027761517897 0.0027643623868514587 0.002556175775074093 1.0003189616527097 0.00062425056592216646 0.0015063507579953297 0.00073474270286188375 0.00053806555642944788 0.00048670587109766089 1.1367633325512843 2.5150649665565747e-05 1.0004727240132003 0.00085729113894784318
decision_type=8 10 10 10 10 10 10 10 10 10 10 10 10 10
left_child=1 6 -3 -4 10 12 7 -1 -8 -7 11 -2 -6 -12
right_child=4 2 3 -5 5 9 8 -9 -10 -11 13 -13 -14 -15
leaf_value=-0.00023129477459954425 -0.011953501514160535 0.019116353655926767 -0.012774322596883476 0.01711524408963553 0.0055682284605209102 -0.011808395834727411 0.00196888149991793 0.011732317671885064 -0.013404998542599926 0.00032780289457540537 -0.0081835302291108497 -0.0014450222284849094 0.016588716297516421 -0.00024208806415483222
leaf_weight=24105.763413622277 72.538976490497589 227.48042160784826 55.862652071751654 45.750628759153187 203.38955194689333 96.049913750961423 1208.5824215575121 701.56077293446288 561.36865914450027 558.16399155091494 348.79762700945139 2402.6752564441413 117.0127912760945 119.07652309699915
leaf_count=152683 448 2826 604 492 2618 1375 7772 7595 5066 11097 2549 28116 2236 2664
internal_value=-9.88608e-05 8.03619e-05 0.0137207 0.000473374 -0.00134209 0.00232491 -9.138e-05 0.000109214 -0.0029214 -0.00151462 -0.00258051 -0.00182399 0.0101548 -0.00633531
internal_weight=30824.1 26906.4 329.094 101.613 3917.7 974.616 26577.3 24807.3 1769.95 654.214 2943.09 2475.21 320.402 467.874
internal_count=228141 177038 3922 1096 51103 17326 173116 160278 12838 12472 33777 28564 4854 5213
is_linear=0
shrinkage=0.03


Tree=229
num_leaves=15
num_cat=0
split_feature=11 9 12 8 8 12 8 9 9 11 9 4 7 7
split_gain=12 26.564 23.2379 24.355 21.1989 42.921 13.2377 16.5384 16.92 10.9776 11.9754 7.44099 6.87994 5.71727
threshold=-2.6107187631896796e-07 0.00074573145021999542 0.00021981207946513074 -9.760284687415631e-05 -0.00021118470476277904 0.0042871471012152921 -0.00049474573552171764 0.00016315174633176502 0.0017483638462125778 -0.00081695945094393304 0.00034163566926273206 -0.00065197206296990762 1.0710079964399808 -0.82066598900166821
decision_type=8 10 8 8 10 10 10 10 10 10 10 10 10 10
left_child=6 2 13 -4 -3 -6 9 11 -9 10 -1 -8 -11 -2
right_child=1 4 3 -5 5 -7 7 8 -10 12 -12 -13 -14 -15
leaf_value=-0.003401398662868647 -0.0061322826810657838 -0.0010416513995185118 -0.00053922377265680054 0.0034357255700200274 -0.0074355128211205795 0.017856612567278937 0.003807381055776592 0.00184844070388156 -0.0083437560676763098 -0.0037571783832360938 0.00052105024274505236 -0.0030640141088028082 0.0018600096521155581 -0.0017019875510337107
leaf_weight=763.03624945878983 325.75877149961889 1990.8741438873112 2989.4813294094056 2541.0772618722403 1147.5346701523522 53.084564832155593 149.08894820138812 9352.3440283979289 137.19371283357032 1109.9294329993427 7333.177722658962 998.55522551015019 216.03057954087853 1684.9134746324271
leaf_count=3091 2000 10010 14198 48545 22259 8748 635 64247 2423 4950 31138 4706 955 10147
internal_value=0.000110434 -0.000696367 0.000267999 0.00127919 -0.00298754 -0.00612941 0.000545233 0.00127105 0.00168614 -0.000268294 0.000140233 -0.00209435 -0.00279002 -0.00247625
internal_weight=30792.1 10732.7 7541.23 5530.56 3191.49 1200.62 20059.4 10637.2 9489.54 9422.17 8096.21 1147.64 1325.96 2010.67
internal_count=228052 115907 74890 62743 41017 31007 112145 72011 66670 40134 34229 5341 5905 12147
is_linear=0
shrinkage=0.03


Tree=230
num_leaves=10
num_cat=0
split_feature=8 0 6 6 2 6 9 9 9
split_gain=12.9498 9.63863 12.4205 56.311 21.1945 12.0467 8.48638 5.63671 4.94338
threshold=-0.0041982459305931466 -1.0000000180025095e-35 0.51690718811834879 0.001081934075729021 0.00014506093648829549 0.0012937425094929052 0.0021851522518614016 0.00020507423412147464 0.0025785745530084725
decision_type=8 2 10 10 10 10 10 10 10
left_child=8 5 3 -3 -4 7 -7 -2 -1
right_child=1 2 4 -5 -6 6 -8 -9 -10
leaf_value=-0.011790901894219703 -0.0024169824328231651 0.00059686307334356776 -0.0018400581976278634 0.012430841408957411 0.0049014006581593926 0.013143823559153282 -0.00027016166709315442 -0.00044436567012157971 -0.0018333495279544395
leaf_weight=101.87359207868576 1511.7729427209124 14341.215454183752 3402.6163483683486 362.12060779891908 465.40822276566178 87.170351654291153 59.69950455846265 10331.705792762106 110.60607597231865
leaf_count=427 7397 99867 28179 4750 22720 973 634 62467 471
internal_value=1.64628e-05 7.08825e-05 0.000500622 0.000900644 -0.00100289 -0.000589586 0.0076392 -0.000703051 -0.00719258
internal_weight=30774.2 30561.7 18571.4 14703.3 3868.02 11990.3 146.87 11843.5 212.48
internal_count=227885 226987 155516 104617 50899 71471 1607 69864 898
is_linear=0
shrinkage=0.03


Tree=231
num_leaves=12
num_cat=0
split_feature=8 10 10 11 8 3 3 11 11 7 13
split_gain=9.47978 10.7527 10.7691 10.2675 9.69901 9.64973 7.01668 2.19143 2.09976 3.12927 1.58892
threshold=-0.0028628288367502637 0.0024682173180889133 -0.0025936074176666993 -2.6107187631896796e-07 -0.0024301559867425655 -0.0011144262188929031 0.0011965566247793553 0.0015302104265054706 -0.0046477947965272827 0.15988836256595532 -1.0000000180025095e-35
decision_type=10 10 8 8 10 10 10 10 10 10 2
left_child=5 2 7 -4 -3 8 -7 -2 9 -1 -6
right_child=1 4 3 -5 10 6 -8 -9 -10 -11 -12
leaf_value=-0.0040196604187618841 0.0095181325857802875 -0.0024076508683156849 0.00045295589909251903 -0.00071413215821863689 2.618894742096902e-05 0.0055288725035082375 -0.0046848831748423532 0 -0.00058491850897190209 -0.010960967896122527 0.0091853567421413835
leaf_weight=199.80618484318256 120.5662718929816 91.08112944662571 19189.153425976634 10473.124081447604 32.830233495216817 136.63384154438972 89.262676790356636 36.952603749930859 73.637623831629753 136.87266391515732 223.49743393994868
leaf_count=833 1061 396 107060 110759 764 577 378 1031 311 571 4245
internal_value=6.88354e-05 0.000147711 8.3641e-05 3.87579e-05 0.00532307 -0.00352276 0.00121106 0.00767054 -0.00623848 -0.00724941 0.00828258
internal_weight=30803.4 30167.2 29819.8 29662.3 347.409 636.213 225.897 157.519 410.316 336.679 256.328
internal_count=227986 225316 219911 217819 5405 2670 955 2092 1715 1404 5009
is_linear=0
shrinkage=0.03


Tree=232
num_leaves=11
num_cat=0
split_feature=6 4 13 8 12 3 11 2 11 12
split_gain=9.4051 10.0155 8.02828 9.36542 33.1909 10.7985 7.16125 7.08517 3.90228 1.12124
threshold=1.0011274035882831 -0.0028078915087926255 -1.0000000180025095e-35 -0.00015389245656904912 0.00079280153736830436 5.7711965334661718e-05 -0.0014370069550473665 0.00013104516378058229 -0.0018520040621284543 0.0002873286866989322
decision_type=10 10 2 10 10 8 10 10 10 10
left_child=2 -2 6 5 -5 -4 8 -8 -1 -3
right_child=1 9 3 4 -6 -7 7 -9 -10 -11
leaf_value=0.00052880591816048094 0 0 0.00024479817351662041 0.00017573800230091325 0.0050322020536384456 -0.0014636451932113893 -0.00079093818235994608 -0.0037432665227775217 0.0074491681856575266 0.019243092310072995
leaf_weight=298.45375664578751 53.414296290371567 5.6018616147339335 12805.240565009415 7656.4222844634205 1514.987967289635 4474.036310352385 2838.7605684145819 1019.6154892890481 99.282949460204691 40.112925053574145
leaf_count=1363 580 180 56621 53171 58851 20731 21276 12406 500 2409
internal_value=5.0309e-05 0.00884293 1.71014e-05 0.00021373 0.0009891 -0.000194681 -0.00118847 -0.00159429 0.00254375 0.0177469
internal_weight=30805.9 99.1291 30706.8 26450.7 9171.41 17279.3 4256.11 3858.38 397.737 45.7148
internal_count=228088 3169 224919 189374 112022 77352 35545 33682 1863 2589
is_linear=0
shrinkage=0.03


Tree=233
num_leaves=10
num_cat=0
split_feature=6 8 12 6 6 6 10 5 4
split_gain=12.2067 11.7601 32.1875 12.8982 10.319 12.7564 7.28105 2.81783 1.09143
threshold=1.0015469813941806 -0.0012228669963571524 0.0035482681583684878 1.0000000739699904 0.00043745878487265764 0.0016970569405582341 -0.002151499802220075 -0.0025792903484322944 -0.0075270530384498038
decision_type=10 10 10 10 8 10 10 10 10
left_child=1 4 3 -3 6 -6 -1 -4 -2
right_child=8 2 7 -5 5 -7 -8 -9 -10
leaf_value=0.0052999691842301831 0 0.00030855265008257428 0 -0.0017958017722514814 -0.0065614351306066097 -0.00021369762563957292 -0.0009767382518739117 0.016875001786013703 0.016532323497878993
leaf_weight=165.62940734624863 10.435764007270334 23685.476563315606 4.5746674807742229 2934.9301200183108 688.40398011356592 516.47145037353039 2627.1001583784819 102.09748855943326 33.385119309765287
leaf_count=670 94 157125 264 35732 3133 2325 10664 16304 1456
internal_value=-5.32998e-05 -8.02208e-05 0.000144907 7.37049e-05 -0.00159695 -0.00391401 -0.000565494 0.0158702 0.0142152
internal_weight=30768.5 30724.7 26727.1 26620.4 3997.6 1204.88 2792.73 106.672 43.8209
internal_count=227767 226217 209425 192857 16792 5458 11334 16568 1550
is_linear=0
shrinkage=0.03


Tree=234
num_leaves=15
num_cat=0
split_feature=0 6 1 9 6 12 9 6 6 3 3 9 2 6
split_gain=8.06348 12.1483 11.0836 11.5473 32.4664 25.4334 8.82847 39.0211 35.7564 3.19548 2.3317 4.05052 1.4944 1.41361
threshold=-1.0000000180025095e-35 0.0014006027761517897 1.0000000180025095e-35 0.00077997100175160371 1.0005670613242652 0.0012990638072559243 0.0015063507579953297 0.0005920999794982591 0.00057812323856340877 5.7711965334661718e-05 -0.0004746229299588106 0.0021047273895869671 3.2929050162937446e-05 1.0000002252609681
decision_type=2 10 2 8 10 10 10 10 10 10 10 10 10 10
left_child=1 6 3 4 -2 -5 7 -1 -8 12 -3 -12 -4 -11
right_child=2 10 9 5 -6 -7 8 -9 -10 13 11 -13 -14 -15
leaf_value=-0.00081371583086043678 0.00089945800593844874 0.012657326292625296 0.0010140618168080725 -0.0040666093184532721 0.016835029358521252 0.00058638772354307534 0.00033785655991097564 0.008136277104968238 -0.013479588299325445 -0.0088718481483687738 0.0080978928364479463 -0.0044437731954878844 -0.0033237103868146143 -0.001176151186994276
leaf_weight=10671.295449653175 12640.973744629882 58.236514120362699 88.35852793767117 1401.6276316540316 106.66885496512987 4152.8860428892076 551.27257685922086 446.49569398839958 227.59800493810326 134.53058968833648 43.68337717349641 25.862416469492018 160.52092292602174 52.024768326431513
leaf_count=61010 98792 556 627 12107 2578 39570 3355 4032 1903 1184 505 311 744 592
internal_value=4.45222e-05 -0.000559345 0.000435333 0.000551747 0.0010506 -0.000582166 -0.000666052 -0.000441899 -0.00374345 -0.00422559 0.00826702 0.00270734 -0.00157224 -0.00720003
internal_weight=30762 12024.4 18737.6 18302.2 12747.6 5554.51 11896.7 11117.8 778.871 435.435 127.782 69.5458 248.879 186.555
internal_count=227866 71672 156194 153047 101370 51677 70300 65042 5258 3147 1372 816 1371 1776
is_linear=0
shrinkage=0.03


Tree=235
num_leaves=15
num_cat=0
split_feature=6 9 6 6 9 9 6 5 6 6 4 12 4 9
split_gain=9.51439 25.9057 13.978 67.0992 41.8153 13.7072 27.3265 20.7285 13.1498 10.3552 7.68037 4.05655 3.13496 0.804178
threshold=1.0005670613242652 0.0008293136889302267 0.51690718811834879 0.0012117283438422943 0.0018480168188824823 0.00037881876852526231 1.0001067581269381 -0.00094234699960768487 0.00073474270286188375 1.0010067560512887 -0.0031270837023800175 0.00063688308971500732 -0.0022820353338638961 0.00076244490160004997
decision_type=10 10 10 10 10 10 10 10 8 10 10 10 10 10
left_child=2 12 3 8 -5 6 -4 -7 -1 11 -11 -3 -2 -14
right_child=1 9 5 4 -6 7 -8 -9 -10 10 -12 -13 13 -15
leaf_value=-0.00011781315227340899 0 -0.014243550157634458 -0.0025636040768075284 0.021021778222510494 0.0024809839692021846 0.0029574056016697056 0.0061433318436541666 -0.0047402757842126223 0.0034882104999329963 -0.00091222351363624929 0.012877211817753864 -0.0021076386934168012 0.018666315319919375 0.003375742619682594
leaf_weight=25518.5383263689 13.036824685521422 27.207911550998688 913.83046115003526 210.97829575708602 239.600204174174 367.68975271517411 488.29731660755351 1718.0889821664896 933.68641565646976 57.91809089621529 59.949619910214096 147.99861714034341 90.745126199093647 18.952251367154531
leaf_count=162142 129 352 9663 2700 2702 1963 5035 25000 9554 554 2908 2654 2351 554
internal_value=3.89455e-05 0.00449296 -2.1479e-05 0.000208406 0.0115607 -0.0018073 0.000448168 -0.00334703 8.47167e-06 -0.000277744 0.00609067 -0.0049835 0.0154995 0.0170286
internal_weight=30806.5 415.808 30390.7 26902.8 450.578 3487.91 1402.13 2085.78 26452.2 293.074 117.868 175.207 122.734 109.697
internal_count=228261 9502 218759 177098 5402 41661 14698 26963 171696 6468 3462 3006 3034 2905
is_linear=0
shrinkage=0.03


Tree=236
num_leaves=11
num_cat=0
split_feature=7 12 8 8 12 6 10 11 8 12
split_gain=8.94841 7.61533 21.2352 21.1373 29.8046 10.3551 9.06974 5.46817 2.24062 1.61139
threshold=1.9427594615777879 0.00015271552797762323 -1.0000000180025095e-35 -6.2606276342802567e-05 0.0033893965652691325 1.0000000739699904 -6.6714882229330753e-05 3.6496849627106236e-05 -0.00021469567330961722 0.0002530432959357047
decision_type=10 10 8 10 10 10 8 10 10 10
left_child=1 2 7 5 -5 -3 -4 -1 -2 -10
right_child=8 3 6 4 -6 -7 -8 -9 9 -11
leaf_value=0.0019136403186938284 -0.0015982046812053387 1.6413735360811242e-05 -0.00085611464436756055 0.001539058937498954 0.016323062176370595 -0.0022142123278058525 -0.0057168910524563977 -0.0025474112282974351 -0.0022833906589291662 -0.01468725380170074
leaf_weight=1300.3556040748954 64.102830819785595 20056.64069756493 604.15844743326306 5307.6704916741 116.88630344101693 2050.3673071712255 927.69788856059313 285.88966205343604 33.310014752671123 41.04506229585968
leaf_count=7157 282 91066 3945 87921 18511 10879 6040 1663 178 485
internal_value=2.21738e-05 5.96859e-05 -0.00134034 0.000220854 0.00189811 -0.000188666 -0.00385672 0.00106111 -0.00732219 -0.0107712
internal_weight=30788.1 30649.7 3118.1 27531.6 5424.56 22107 1531.86 1586.25 138.458 74.3551
internal_count=228127 227182 18805 208377 106432 101945 9985 8820 945 663
is_linear=0
shrinkage=0.03


Tree=237
num_leaves=9
num_cat=0
split_feature=6 7 8 9 3 8 1 5
split_gain=9.07805 8.12394 8.27135 20.5258 19.0315 6.18163 4.62748 1.58654
threshold=1.0015469813941806 0.19254399108168893 -0.00055071401297346323 0.00075137607846160906 -0.00056774570993530524 -0.0041982459305931466 1.0000000180025095e-35 -0.00019578994703797756
decision_type=8 8 10 10 8 10 2 10
left_child=1 2 3 -1 -4 -3 -7 -2
right_child=7 5 4 -5 -6 6 -8 -9
leaf_value=-0.0023809232689953751 0.016047058694070894 -0.0086626077762424238 0.0061532646045489563 0.00099922139076426991 0.00056271456931647566 -0.00046359441887462412 -0.0039794752842339381 0.0007530868501220185
leaf_weight=2870.3687544763088 26.978265952551737 76.599391654133797 571.58939209894743 3650.5651437826455 10667.201768074068 12595.25959898287 342.19442825694568 19.2683156527346
leaf_count=11860 610 324 6464 16157 97151 92388 2177 963
internal_value=-2.83279e-05 -5.22608e-05 0.000362789 -0.000480823 0.000857594 -0.000623113 -0.000564225 0.0120084
internal_weight=30820 30773.8 17759.7 6520.93 11238.8 13014.1 12937.5 46.2466
internal_count=228094 226521 131632 28017 103615 94889 94565 1573
is_linear=0
shrinkage=0.03


Tree=238
num_leaves=15
num_cat=0
split_feature=12 8 12 4 8 1 3 3 8 4 10 10 5 4
split_gain=9.23188 16.7516 24.5869 26.5167 14.0085 9.14879 7.32152 6.83019 5.5557 5.60056 4.94507 4.27692 2.9535 2.56702
threshold=0.00015271552797762323 -6.8287601758920666e-05 0.0042031433812724853 -0.001367047804098964 -1.0000000180025095e-35 1.0000000180025095e-35 -1.8470329354869252e-05 0.00013228263777476194 -7.5453819992077332e-07 -0.00068841444870282309 -0.00020757762892129286 -0.0001701971482974024 -0.00034945030797486892 -0.00027685359977508423
decision_type=10 10 10 10 8 2 10 10 10 10 8 10 10 10
left_child=4 5 3 -3 8 7 -7 -2 9 -1 12 -12 -6 -10
right_child=1 2 -4 -5 10 6 -8 -9 13 -11 11 -13 -14 -15
leaf_value=-0.0039486983265162373 7.5380530467793335e-05 -0.0052967197015837408 0.017723417680348904 0.0019434513537804181 -0.0056197649327098202 -0.0014690480307208121 -0.0096132674004193765 -0.0012393839805878715 0.0099712181102027536 0.00062287118598942275 -0.012602559671750035 -0.0040495176659485713 0.00068541441476879382 0.0015561640458435966
leaf_weight=291.75351743400097 17054.191923677921 487.14738772297278 73.928364188410342 5044.5203130110167 72.252209056168795 322.94826239719987 153.78782289661467 4460.9744562245905 60.91039122082293 1150.8394990637898 56.703838437795639 1116.5383662283421 306.5859104078263 109.86349609866738
leaf_count=1777 77496 7252 12517 88080 527 1398 713 21584 319 6347 341 7099 2117 534
internal_value=-9.30639e-05 8.10962e-05 0.00154524 0.00128661 -0.00162582 -0.000289911 -0.00436305 -0.000194886 0.00029883 -0.000281208 -0.00365399 -0.00461662 -0.000476408 0.00527504
internal_weight=30762.9 27597.5 5605.6 5531.67 3165.45 21991.9 476.736 21515.2 1613.37 1442.59 1552.08 1173.24 378.838 170.774
internal_count=228101 209040 107849 95332 19061 101191 2111 99080 8977 8124 10084 7440 2644 853
is_linear=0
shrinkage=0.03


Tree=239
num_leaves=15
num_cat=0
split_feature=10 4 9 10 11 4 9 10 10 1 3 8 3 4
split_gain=6.98775 13.7364 31.8852 41.272 19.7891 9.60455 19.444 25.9394 20.2068 6.62229 6.89408 6.23954 6.00591 8.6457
threshold=0.00023007510027563954 -0.00033097302118945121 0.00051421976226153439 0.00078914382314251125 0.00083223670139568608 -1.0000000180025095e-35 0.00053607923783016546 -0.0002489882882456814 -0.000593607378082446 -1.0000000180025095e-35 0.0001411247270417528 -0.00015722896124059635 0.00015466906059424836 -0.0075270530384498038
decision_type=10 10 10 10 10 10 10 8 10 2 8 10 10 10
left_child=5 12 4 -4 -3 9 7 -7 -8 10 -1 -11 13 -2
right_child=1 2 3 -5 -6 6 8 -9 -10 11 -12 -13 -14 -15
leaf_value=-0.0031603331441314533 0.0085497764257393485 0.0039889153242320058 -0.0065753419218293283 0.0060555625301808649 0.015475408624187351 0.0061880006939545752 -0.0018393835433222875 -0.0032661596027966349 -0.014175632024704966 -0.00041927325785976702 0.0018058673676079771 0.00087957876607732994 -0.0011514866046535349 0.00037888450969621976
leaf_weight=1102.351247147657 109.06111592706293 1426.8197441305965 594.00224290182814 365.95736308384221 147.19507189083379 366.1708993029315 292.49337598495185 839.74587024748325 213.71415241807699 8104.7811796907336 301.37000887747854 5611.5505670604762 2549.4382840362377 8769.1553525943309
leaf_count=5477 485 14345 7901 20507 8507 7039 9782 6211 2579 36345 2361 45179 18536 42700
internal_value=7.40176e-05 0.000571601 0.0025665 -0.00168552 0.00519188 -0.00033524 -0.00245938 -0.000318821 -0.00733754 -8.92807e-05 -0.00204645 0.000107988 0.000122147 0.000495514
internal_weight=30793.8 13961.6 2533.97 959.96 1574.01 16832.2 1712.12 1205.92 506.208 15120.1 1403.72 13716.3 11427.7 8878.22
internal_count=227954 112981 51260 28408 22852 114973 25611 13250 12361 89362 7838 81524 61721 43185
is_linear=0
shrinkage=0.03


Tree=240
num_leaves=8
num_cat=0
split_feature=8 10 10 8 10 6 7
split_gain=12.0777 9.33866 8.2459 12.6479 9.8046 5.30922 2.63268
threshold=-0.0041982459305931466 0.0041789392975219268 0.00023007510027563954 -0.00027348606927740654 -0.0001391820305041648 0.00032532234900048109 -0.72667267270474933
decision_type=8 10 10 10 8 10 10
left_child=5 2 4 -4 -2 -1 -3
right_child=1 6 3 -5 -6 -7 -8
leaf_value=-0.0011339007221600294 -2.4483690523942811e-05 0 -2.4336060392528271e-05 0.001932712036575587 -0.0018067103765462774 -0.011271210369092847 0.013043365262492163
leaf_weight=103.42876264452934 13240.701238905545 16.748851182637736 9374.9965452272445 4301.954770890181 3530.2155259922147 110.95732025802135 53.892571010510437
leaf_count=428 95582 326 41591 69275 19045 478 949
internal_value=1.56394e-05 6.85507e-05 3.95564e-05 0.000587813 -0.000404064 -0.00691644 0.010267
internal_weight=30732.9 30518.5 30447.9 13677 16770.9 214.386 70.6414
internal_count=227674 226768 225493 110866 114627 906 1275
is_linear=0
shrinkage=0.03


Tree=241
num_leaves=13
num_cat=0
split_feature=7 13 0 4 6 6 10 9 9 4 12 4
split_gain=8.7957 9.00129 9.76543 10.5224 8.88789 7.22072 6.06108 10.7227 7.29518 5.0781 5.03499 3.22816
threshold=1.8250029355893391 -1.0000000180025095e-35 -1.0000000180025095e-35 -0.00063076003633005795 0.0014006027761517897 4.4712710737923994e-05 -0.001013801560234644 0.0014534376508239944 0.00084945880428277437 -0.00056333002649733277 0.0019322725066306748 -0.00064511201171396626
decision_type=8 2 2 8 10 10 10 10 10 10 10 10
left_child=1 6 4 -4 -3 9 8 -8 -1 -2 11 -7
right_child=5 2 3 -5 -6 10 7 -9 -10 -11 -12 -13
leaf_value=0.011460608673483925 -0.0011643406929327984 -0.00041652518508582075 0.00023742768442989998 0.0017998198326902002 0.0080301424399987151 0.0072038113206144899 -0.0010704115080272603 -0.0086943283237789961 0.00037313335272592041 -0.013120396471224755 -0.0075035325966498617 -0.0006639635347218736
leaf_weight=57.188822763506323 66.041259504854679 9841.2550905921962 9683.6223629505839 6586.9726628792705 102.87471903022379 57.940883977338672 3660.9493879121728 167.52985678997356 329.67948848195374 95.56396014499478 59.451414063340053 112.0685349535197
leaf_count=573 295 57520 53808 77370 1116 370 30250 1788 3110 579 584 921
internal_value=0.000152298 0.000212281 0.000420901 0.000874347 -0.000315135 -0.00425448 -0.00106883 -0.00144144 0.0024108 -0.00893667 -0.000470836 0.00193537
internal_weight=30821.1 30430.1 26214.7 16270.6 9944.13 391.066 4215.35 3828.48 386.868 161.605 229.461 170.009
internal_count=228284 225535 189814 131178 58636 2749 35721 32038 3683 874 1875 1291
is_linear=0
shrinkage=0.03


Tree=242
num_leaves=15
num_cat=0
split_feature=3 9 2 2 4 7 12 3 1 3 0 9 2 4
split_gain=7.48042 19.1106 27.9462 16.2728 13.8306 9.31378 7.04498 6.59615 6.18365 6.88287 6.27159 5.36874 5.34419 1.82423
threshold=0.00035394397637267489 0.00063296773826746258 0.000199136422596646 0.00053123325488166437 -1.3435352702095836e-05 0.19254399108168893 6.3628684351189864e-08 0.00058308649724870133 1.0000000180025095e-35 0.00023035517283620543 -1.0000000180025095e-35 0.0020291501841952237 0.00020226490684698586 -0.0013527475106976381
decision_type=8 8 10 10 8 8 10 8 2 10 2 10 10 10
left_child=5 2 7 4 -3 6 -1 -2 9 -7 -10 -5 -8 -4
right_child=1 3 13 11 -6 8 12 -9 10 -11 -12 -13 -14 -15
leaf_value=-0.0071633393836238492 0.0018935742043290134 -0.0026653345914508324 0 0.018937020704772742 -0.014261460403645419 -0.0005635108894740307 0.0010504513838455168 -0.0035341832854069769 0 0.0024589128912553245 -0.0080735889643062334 0 -0.0001544620623191057 0.018889187438753677
leaf_weight=92.402167737483978 761.55000697495416 2292.1842105581891 4.8217689469456664 30.105652077472769 90.331966714235023 10556.5458735883 10879.230027787969 259.43565952870995 133.12693305313587 709.26112607412506 181.44484958727844 14.623155295383183 4641.6284514998551 76.016711367061362
leaf_count=487 6795 19352 173 6248 5488 66362 78569 1984 704 7082 1121 1832 23651 7989
internal_value=-1.49485e-05 -0.00131414 0.00191863 -0.00280809 -0.00318785 0.00015187 0.00063153 0.000435265 -0.000489643 -0.000365895 -0.00458879 0.01321 0.000686382 0.0178826
internal_weight=30722.7 3529.07 1101.82 2427.24 2382.52 27193.6 15613.3 1020.99 11580.4 11265.8 314.572 44.7288 15520.9 80.8385
internal_count=227837 49861 16941 32920 24840 177976 102707 8779 75269 73444 1825 8080 102220 8162
is_linear=0
shrinkage=0.03


Tree=243
num_leaves=15
num_cat=0
split_feature=8 10 9 8 9 8 2 8 9 10 3 9 3 11
split_gain=12.378 16.1218 11.3688 30.9252 8.87164 8.85857 5.58243 4.68652 2.89033 4.51331 3.65016 1.94791 1.60054 1.55952
threshold=-0.0023215693257060406 0.0023465453344693799 0.0013827767760753852 -1.8587723750684845e-05 0.0021851522518614016 -0.00076148920487428818 -0.00051517048127620293 -0.0041982459305931466 0.0012172126532256119 0.0023465453344693799 -0.0012942755096503318 0.0015360808463534923 0.00045696853487476235 -0.0021913949424463238
decision_type=10 10 10 10 10 10 10 10 10 8 10 10 10 10
left_child=4 2 5 -4 8 -2 12 -6 9 -1 -10 -8 -3 -9
right_child=1 6 3 -5 7 -7 11 13 10 -11 -12 -13 -14 -15
leaf_value=-0.0035514635740084882 -0.0008411898865499411 0.0034911221777252249 -0.00033088066324314094 -0.010462886222781473 -0.0035786234284240167 0.0004892036779058994 0.014521070190366678 0.0047836352934618196 -0.0058109471903452737 -0.013269119798303388 -0.00025091339504835434 0.0060936916342232746 -0.0049984439448610288 0
leaf_weight=135.3648979216814 5636.7865651063621 25.558769888710231 1487.7935984637588 325.61319858103525 134.30652087926865 21910.830993178184 62.981726486701518 159.1139874458313 254.77222454547882 90.39777584373951 218.90447463840246 159.74202779715415 30.513394728302956 68.754555374383926
leaf_count=563 23626 1075 7544 9202 568 177328 1371 680 1054 380 913 2994 163 310
internal_value=1.58728e-05 0.000132292 6.08306e-05 -0.00223048 -0.0031494 0.000214595 0.00718765 0.00050921 -0.00510891 -0.00809479 -0.0034238 0.00925616 -0.000277937 0.00321999
internal_weight=30701.4 29639.8 29361 1813.41 1061.61 27547.6 278.796 362.175 699.439 225.763 473.677 222.724 56.0722 227.869
internal_count=227771 223303 217700 16746 4468 200954 5603 1558 2910 943 1967 4365 1238 990
is_linear=0
shrinkage=0.03


Tree=244
num_leaves=15
num_cat=0
split_feature=12 8 8 12 4 7 10 8 4 4 3 3 10 5
split_gain=8.11975 19.3884 13.9557 25.122 20.9745 7.09867 6.84332 6.502 10.1635 6.99109 6.47091 4.92077 3.5774 1.20252
threshold=0.00024490993019287576 -1.0000000180025095e-35 -9.760284687415631e-05 0.0033893965652691325 -0.0015543200894494456 1.162979113504403 -0.00070890589416396576 -0.0017959832348634073 -0.0020909124637278338 -0.0038377022372759191 0.00040962112567833518 -8.6786988096054446e-05 -0.00011475720535394472 -0.0025792903484322944
decision_type=8 10 8 10 8 10 8 10 10 10 10 10 8 10
left_child=1 5 7 4 -4 10 -3 9 -9 -2 -1 -7 -8 -5
right_child=2 6 3 13 -6 11 12 8 -10 -11 -12 -13 -14 -15
leaf_value=0.0018299577461347266 0.00032210767582907513 0.0047430283636854496 -0.0055178632499180121 0 0.0019995961346470784 0.0017772888972431501 -0.0015742046464588958 0.0019478491747368677 -9.9312385261218856e-05 -0.0032749784173699784 -0.0063001384657776814 -0.0049809316701919541 -0.004335230441947638 0.01581313282092859
leaf_weight=2047.6667537447065 833.28796362876892 82.280386358499527 348.67085520830005 5.0397904030978671 4343.8154178624973 122.86098631471395 745.09695082530379 2491.7510161921382 16820.330961018801 1066.4549228958786 79.48090179823339 281.70504268072546 1392.2147997897118 108.41454465733841
leaf_count=11299 3539 671 5098 303 78577 675 4912 11819 77126 4469 550 1499 9328 18171
internal_value=0.000118465 -0.00101759 0.000328545 0.00178645 0.00141771 0.000757312 -0.0030633 0 0.00016259 -0.00167234 0.00147004 -0.00279046 -0.00341245 0.0152013
internal_weight=30769.1 4751.31 26017.8 4805.94 4692.49 2531.71 2219.59 21211.8 19312.1 1899.74 2127.15 404.566 2137.31 113.454
internal_count=228036 28934 199102 102149 83675 14023 14911 96953 88945 8008 11849 2174 14240 18474
is_linear=0
shrinkage=0.03


Tree=245
num_leaves=11
num_cat=0
split_feature=6 4 10 4 6 10 2 6 6 3
split_gain=8.7991 6.52142 6.30442 16.7971 24.9011 10.5428 11.3538 10.1052 7.81546 0.345655
threshold=1.00130043415304 -0.006498941403511759 0.00032758083494247736 -0.00033097302118945121 0.00038942456544724754 -0.00089134077700707187 0.00037096746642603342 0.00034927105270708746 3.1300878875777242e-07 0.0014107603508399893
decision_type=10 10 10 10 10 8 8 10 10 10
left_child=2 -2 5 8 -5 7 -7 -1 -4 -3
right_child=1 9 3 4 -6 6 -8 -9 -10 -11
leaf_value=0.0028186076547171528 -0.0026440066773890944 0.015738709091955849 0.0019776814549580966 7.0681116358149295e-05 0.0071531618570155947 -0.00041417740531513573 -0.011134716625198831 -0.00041241114661638652 -0.00010920481441616497 0
leaf_weight=1899.4080215061549 16.713150597177446 47.804155890946276 1965.7885278244503 978.38429887848906 840.40256187086925 14808.474248469807 79.975649872329086 1545.9015281493776 8618.1013756496832 7.7258576455060384
leaf_count=13683 144 1771 8456 15063 29359 95367 641 15218 48144 487
internal_value=0.000244867 0.0100609 0.000216579 0.00073942 0.00339729 -0.000134058 -0.000483227 0.0013545 0.000274238 0.0146204
internal_weight=30808.7 72.2432 30736.4 12402.7 1818.79 18333.8 14888.4 3445.31 10583.9 55.53
internal_count=228333 2402 225931 101022 44422 124909 96008 28901 56600 2258
is_linear=0
shrinkage=0.03


Tree=246
num_leaves=15
num_cat=0
split_feature=11 9 5 10 12 12 9 7 9 12 11 10 7 9
split_gain=7.50236 34.4259 21.7527 16.1327 14.8511 13.2716 13.012 10.6439 9.91155 13.4105 8.34125 8.00861 8.794 7.85684
threshold=-0.00017476228462755735 0.00082302884157990088 -2.4873123006363681e-05 -0.00061473257624813991 0.0035482681583684878 0.0010217114236773493 0.00047499362361061985 -0.48787886472738878 0.00026732675631175093 0.001108682848975455 -0.0052634736657951068 -0.0001798095232365182 -0.79038355298184604 0.00053607923783016546
decision_type=8 10 10 8 10 10 10 10 10 10 10 10 10 10
left_child=7 3 -3 5 -4 -2 -5 11 9 -9 -10 13 -13 -1
right_child=1 2 4 6 -6 -7 -8 8 10 -11 -12 12 -14 -15
leaf_value=-0.0021267088435531593 0.0091716467961466663 -0.0016674710367197941 -0.008872783906482825 0.00049547942224033173 0 0.0010937238523227792 -0.0017871852807876199 -0.00058309627060515402 -0.0025899958988130503 -0.006774962079846166 0.00040149410580763193 0.00073858278029327476 0.003706968618798101 0.0012599356633277504
leaf_weight=994.06379540776834 293.62083797436208 2190.4745651386911 803.67370327620301 7280.9270838956581 213.63359370152466 520.81667058099993 3229.4485576896695 1022.4255693368614 934.07548853335902 463.28685496002436 7452.2473483643262 2018.0239861943992 1714.8216722387588 1584.7530437437817
leaf_count=4920 2365 19168 11155 58217 8767 7615 33109 4754 4226 2025 42256 10994 9293 9217
internal_value=-0.000166934 -0.000662695 -0.00340159 0.000110128 -0.00702453 0.00415468 -0.000201228 0.000274678 -0.000335721 -0.0025864 5.84657e-05 0.00123791 0.00212451 -2.55194e-05
internal_weight=30716.3 14532.6 3207.78 11324.8 1017.31 814.438 10510.4 16183.7 9872.04 1485.71 8386.32 6311.66 3732.85 2578.82
internal_count=228081 140396 39090 101306 19922 9980 91326 87685 53261 6779 46482 34424 20287 14137
is_linear=0
shrinkage=0.03


Tree=247
num_leaves=10
num_cat=0
split_feature=8 11 9 6 8 6 9 9 9
split_gain=12.0205 8.62814 33.8202 29.1686 28.5959 14.8577 40.3485 31.7841 4.53702
threshold=-0.0041982459305931466 -2.6107187631896796e-07 0.00071392193316905273 1.0004727240132003 -0.0002038980455070227 0.00022881580359045077 0.00048545433913708421 0.00078572758674366945 0.0025785745530084725
decision_type=10 8 10 10 10 10 10 10 8
left_child=8 5 3 -3 -4 7 -7 -2 -1
right_child=1 2 4 -5 -6 6 -8 -9 -10
leaf_value=-0.011245627159893244 -0.00083800758196795775 0.00024022156060921518 -0.00088540222157144335 0.013904627255049219 -0.0066017903991504321 0.0065070974891028865 0.00040356955858641069 0.0026681730620975474 -0.0016507702327494549
leaf_weight=104.40249821543694 11048.477152393898 7165.8251029010862 2078.4057892207056 133.76459398691077 1291.6991315251216 1230.4071778904181 4680.3818115340546 2935.5283565765712 107.13406421244144
leaf_count=439 55647 69314 10468 2842 32954 7857 33073 14957 456
internal_value=9.63766e-06 6.20319e-05 -0.000623599 0.000517509 -0.00310719 0.000432883 0.00169308 -9.63204e-05 -0.00695095
internal_weight=30776 30564.5 10669.7 7299.59 3370.1 19894.8 5910.79 13984 211.537
internal_count=228007 227112 115578 72156 43422 111534 40930 70604 895
is_linear=0
shrinkage=0.03


Tree=248
num_leaves=13
num_cat=0
split_feature=6 6 6 9 9 9 6 6 9 10 8 10
split_gain=10.8245 11.9877 59.4337 22.8475 12.7875 11.9699 10.0677 7.7433 22.9189 6.49932 5.58629 1.73521
threshold=1.0007010841496093 0.51690718811834879 0.0014006027761517897 0.0020291501841952237 0.00093194953279201879 0.0011346608283154642 1.0020408730936459 1.0001067581269381 0.00044354579814756719 0.0011698164350588149 -1.0000000180025095e-35 -0.00091021403944728876
decision_type=10 8 10 10 10 10 10 10 10 10 8 10
left_child=1 2 4 -4 -1 11 9 10 -9 -7 -3 -2
right_child=5 7 3 -5 -6 6 -8 8 -10 -11 -12 -13
leaf_value=0.00037994498747702502 0 -0.0017536348897219231 0.021558186514291731 0.0046618255724423475 -0.0012356894497929833 -0.014206713393764865 0.014814726781206025 0.0041534850747479641 -0.0027360077745708171 0 -0.0054505016990643758 0.013563643255382578
leaf_weight=21007.804158858256 11.289874119451268 1179.6428130269051 143.01872127922252 171.31220460101031 5566.5394607012859 27.218216063454747 23.710046471678652 664.42600437661167 1206.7857270387467 100.92063411185518 595.20181756652892 110.10484190972056
leaf_count=132842 197 5261 1896 1957 40409 465 747 7343 17256 2411 14215 3201
internal_value=3.20854e-05 -2.0101e-05 0.000196991 0.0129622 3.89228e-05 0.00587051 0 -0.00163366 -0.000248732 -0.00346903 -0.0030506 0.0125012
internal_weight=30808 30534.7 26888.7 314.331 26574.3 273.244 151.849 3646.06 1871.21 128.139 1774.84 121.395
internal_count=228200 221179 177104 3853 173251 7021 3623 44075 24599 2876 19476 3398
is_linear=0
shrinkage=0.03


Tree=249
num_leaves=13
num_cat=0
split_feature=7 7 12 2 10 2 9 10 10 12 12 9
split_gain=7.97593 6.97836 6.38365 6.16456 5.36285 5.2392 8.52891 6.19368 3.32465 3.2783 2.87841 1.28208
threshold=1.4961929782657661 1.5382250643035389 6.3628684351189864e-08 -0.00038713390675117258 -0.00089134077700707187 0.001096642504878915 0.0016316444187690342 0.00043976050241178809 -2.5780793237130554e-07 0.0012561074382327125 0.00027034619155068349 0.00083593137961102397
decision_type=10 10 8 10 10 8 8 10 10 10 10 10
left_child=2 9 8 -3 -5 7 -7 -4 -1 10 -2 -11
right_child=1 3 5 4 -6 6 -8 -9 -10 11 -12 -13
leaf_value=0 -0.0079936582599749641 -0.010365256353764422 -0.00013702670638063831 0.0046796088474257607 -0.0013103239010366771 -0.0097389808424333656 -5.7229242773514051e-05 0.00079088961436171192 -0.0083891670288486347 -0.014129466441210711 0 -0.0032568412055389308
leaf_weight=63.013829506933689 50.100752305239439 53.814156996668316 18498.768492986215 135.50426818546839 1433.9209906748729 115.95543767244089 271.38519670639653 9886.6599958098959 110.62044639512897 57.005069487961009 95.077518037520349 40.518008607206866
leaf_count=336 291 471 127137 1107 10110 1037 2336 83369 581 467 666 353
internal_value=-2.40318e-05 -0.00192128 9.68178e-05 -0.00114653 -0.00072881 0.000134393 -0.00327875 0.000184219 -0.00547117 -0.00661516 -0.00283793 -0.0108932
internal_weight=30812.3 1865.94 28946.4 1623.24 1569.43 28772.8 387.341 28385.4 173.634 242.701 145.178 97.5231
internal_count=228261 13465 214796 11688 11217 213879 3373 210506 917 1777 957 820
is_linear=0
shrinkage=0.03


end of trees

feature_importances:
_where_gt_imbalance_x_high_volume_3__const_0_138202____const_1___const_0_____upper_wick_pct_=719
garman_klass_vol_7=608
bb_width_2=446
drawdown_2=400
drawdown_5=264
range_x_volume_z_2=249
imbalance_x_trend_2=235
_bb_width_2___taker_ratio_z_7_=112
volatility_x_buy_pressure_2=110
_buy_pressure_positive_ratio_2___drawdown_5_=58
shift_signed_log_kurt_ret_7___5_=56
rule_signal_where_gt__bb_width_3___taker_buy_quote_volume_ratio_2___const_0_127425____const_1___const_0____const__0_0382238___const_0_0528263__=19
q25_rule_signal_taker_delta_quote_sum_ratio_7__const__0_164521___const_0_1964____5_=7
rule_signal_cross_below_rule_signal_taker_delta_quote_sum_ratio_2__const__0_164521___const_0_1964____vol_of_vol_2___const__0_514722___const_0_516067__=5

parameters:
[boosting: gbdt]
[objective: binary]
[metric: auc]
[tree_learner: serial]
[device_type: cpu]
[data_sample_strategy: bagging]
[data: ]
[valid: ]
[num_iterations: 250]
[learning_rate: 0.03]
[num_leaves: 15]
[num_threads: 0]
[seed: 42]
[deterministic: 0]
[force_col_wise: 1]
[force_row_wise: 0]
[histogram_pool_size: -1]
[max_depth: 4]
[min_data_in_leaf: 300]
[min_sum_hessian_in_leaf: 0.001]
[bagging_fraction: 0.8]
[pos_bagging_fraction: 1]
[neg_bagging_fraction: 1]
[bagging_freq: 1]
[bagging_seed: 42]
[bagging_by_query: 0]
[feature_fraction: 0.7]
[feature_fraction_bynode: 1]
[feature_fraction_seed: 42]
[extra_trees: 0]
[extra_seed: 12879]
[early_stopping_round: 0]
[early_stopping_min_delta: 0]
[first_metric_only: 0]
[max_delta_step: 0]
[lambda_l1: 2]
[lambda_l2: 10]
[linear_lambda: 0]
[min_gain_to_split: 0]
[drop_rate: 0.1]
[max_drop: 50]
[skip_drop: 0.5]
[xgboost_dart_mode: 0]
[uniform_drop: 0]
[drop_seed: 17869]
[top_rate: 0.2]
[other_rate: 0.1]
[min_data_per_group: 100]
[max_cat_threshold: 32]
[cat_l2: 10]
[cat_smooth: 10]
[max_cat_to_onehot: 4]
[top_k: 20]
[monotone_constraints: ]
[monotone_constraints_method: basic]
[monotone_penalty: 0]
[feature_contri: ]
[forcedsplits_filename: ]
[refit_decay_rate: 0.9]
[cegb_tradeoff: 1]
[cegb_penalty_split: 0]
[cegb_penalty_feature_lazy: ]
[cegb_penalty_feature_coupled: ]
[path_smooth: 0]
[interaction_constraints: ]
[verbosity: -1]
[saved_feature_importance_type: 0]
[use_quantized_grad: 0]
[num_grad_quant_bins: 4]
[quant_train_renew_leaf: 0]
[stochastic_rounding: 1]
[linear_tree: 0]
[max_bin: 255]
[max_bin_by_feature: ]
[min_data_in_bin: 3]
[bin_construct_sample_cnt: 200000]
[data_random_seed: 42]
[is_enable_sparse: 1]
[enable_bundle: 1]
[use_missing: 1]
[zero_as_missing: 0]
[feature_pre_filter: 1]
[pre_partition: 0]
[two_round: 0]
[header: 0]
[label_column: ]
[weight_column: ]
[group_column: ]
[ignore_column: ]
[categorical_feature: ]
[forcedbins_filename: ]
[precise_float_parser: 0]
[parser_config_file: ]
[objective_seed: 16083]
[num_class: 1]
[is_unbalance: 0]
[scale_pos_weight: 1]
[sigmoid: 1]
[boost_from_average: 1]
[reg_sqrt: 0]
[alpha: 0.9]
[fair_c: 1]
[poisson_max_delta_step: 0.7]
[tweedie_variance_power: 1.5]
[lambdarank_truncation_level: 30]
[lambdarank_norm: 1]
[label_gain: ]
[lambdarank_position_bias_regularization: 0]
[eval_at: ]
[multi_error_top_k: 1]
[auc_mu_weights: ]
[num_machines: 1]
[local_listen_port: 12400]
[time_out: 120]
[machine_list_filename: ]
[machines: ]
[gpu_platform_id: -1]
[gpu_device_id: -1]
[gpu_use_dp: 0]
[num_gpu: 1]

end of parameters

pandas_categorical:[]
