tree
version=v4
num_class=1
num_tree_per_iteration=1
label_index=0
max_feature_idx=10
objective=quantile
feature_names=ema_trade_count_ratio_3__1_ delta__buy_pressure_negative_ratio_6___taker_buy_base_volume_log_delta_4___3_ garman_klass_vol_6 abs_bb_width_2_ taker_ratio_z_6 q75_ts_zscore_close_6__6_ taker_buy_quote_volume_log_delta_6 _ret_x_volume_z_2____body_pct_mean_4____imbalance_x_high_volume_3___rolling_ret_mean_3___ _body_pct_mean_4____imbalance_x_high_volume_3___rolling_ret_mean_4__ taker_buy_quote_volume_ratio_6 realized_vol_z_2
feature_infos=[-1:1.8734798838656159] [-6.6581757504957881:6.7710890894578792] [0:0.069245714163909663] [0:0.47726892259271897] [-2.0350080449361556:2.0398879140266462] [-1.6769301555135536:1.9928623358812507] [-15.692909799879256:16.846117842522435] [-0.0033034148797562871:0.0010208372246227806] [-0.026008101231178575:0.037227133230565743] [-1:4.7108689574587341] [-0.70710695807372936:0.70726207877473579]
tree_sizes=1643 1651 1656 1660 1653 1661 1654 1649 1647 1658 1647 1643 1665 1662 1649 1644 1648 1652 1644 1652 1652 1659 1660 1656 1650 1654 1659 1645 1656 1656 1657 1654 1653 1642 1659 1666 1663 1648 1658 1648 1665 1661 1664 1654 1666 1649 1646 1650 1637 1649 1660 1646 1644 1657 1644 1621 1634 1637 1646 1653 1642 1635 1649 1642 1636 1645 1642 1634 1637 1645 1645 1650 1637 1631 1646 1647 1645 1631 1633 1645 1634 1638 1630 1640 1644 1619 1637 1633 1627 1527 1636 1620 1524 1639 1622 1533 1629 1619 1243 1336 1624 1632 1619 1533 1334 1625 1623 1419 1630 1333 1614 1628 1323 1633 1628 1228 1618 1608 1608 1524 1530 1646 1418 1607 1338 1639 1423 1336 1326 1416 1613 1646 1626 1627 1525 1410 1412 1420 1633 1416 1527 1514 1421 1605 1331 1324 1325 1633 1635 1486 1653 1609 1330 1428 1592 1326 1336 1411 1332 1326 1527 1330 1417 1627 1321 1647 1392 1326 1312 1603 1630 1219 1410 1633 1627 1642 1214 1621 1611 1640 1645 1611 1609 1620 1641 1635 1408 1625 1618 1512 1649 1654 1600 1645 1623 1604 1516 1614 1503 1636 1513 1502 1415 1222 1638 1540 1621 1647 1220 1598 1649 1648 1512 1621 1616 1650 1384 1633 1629 1636 1602 1639 1343 1633 1633 1644 1617 1624 1505 1598 1637 1638 1604 1418 1508 1645 1423 1649 1607 1400

Tree=0
num_leaves=15
num_cat=0
split_feature=2 2 2 2 2 2 2 2 7 2 5 3 2 5
split_gain=4753.35 1119.97 803.144 202.189 159.004 135.736 127.593 39.752 30.2372 29.4273 26.6731 24.2774 22.7026 20.6707
threshold=0.0008010833946313627 0.00037023268076600977 0.0015448393379234745 0.00058378262548068724 0.00016848823110797654 0.0011203057222167803 0.002467576048054572 0.0002811199083325127 -9.1589876560966484e-08 0.00044701160991356424 -0.11593571048435872 0.0027022378588800128 0.0038033957607043318 -0.48794710314995687
decision_type=8 10 8 10 10 10 8 10 8 10 10 10 8 10
left_child=1 4 5 9 -1 8 13 -6 -2 -3 -7 -5 -8 -4
right_child=2 3 6 11 7 10 12 -9 -10 -11 -12 -13 -14 -15
leaf_value=0.00040563443633943142 0.00042071413441338449 0.00041012155836319981 0.00043221728980865086 0.00041343205024543518 0.00040675235428370331 0.0004236452675871187 0.00043656293988534104 0.00040846845092846524 0.00041628225266992971 0.00041153232935094576 0.00041995030290665607 0.00041557688031082973 0.00045609927833615416 0.00042552665110600794
leaf_weight=4664 9357 13315 18429 52014 9224 24360 68682 11215 88438 31450 82737 12047 41544 109730
leaf_count=4664 9357 13315 18429 52014 9224 24360 68682 11215 88438 31450 82737 12047 41544 109730
internal_value=0.000416153 -0.00453659 0.00191249 -0.00321752 -0.0102489 0.000534771 0.00309633 -0.00909164 -0.0002729 -0.00476575 0.00127285 -0.00213406 0.0038456 0.00245122
internal_weight=577206 133929 443277 108826 25103 204892 238385 20439 97795 44765 107097 64061 110226 128159
internal_count=577206 133929 443277 108826 25103 204892 238385 20439 97795 44765 107097 64061 110226 128159
is_linear=0
shrinkage=1


Tree=1
num_leaves=15
num_cat=0
split_feature=2 2 2 2 2 2 2 2 2 5 5 3 3 5
split_gain=4511.09 1053.09 753.462 193.479 167.062 119.378 114.527 36.287 35.7233 32.3895 23.3727 20.058 18.9877 18.1822
threshold=0.0008010833946313627 0.00037023268076600977 0.0015448393379234745 0.00053957707403010135 0.00016848823110797654 0.0010599949820247893 0.0025517143531015901 0.00066540936190037452 0.0002811199083325127 -0.44126602697141321 -0.80496520270652805 0.003277533427412771 0.0097636439148019293 -0.63875716211154487
decision_type=8 10 8 10 10 10 8 10 10 10 10 10 8 10
left_child=1 4 5 13 -1 10 11 -5 -6 -7 -2 -4 -8 -3
right_child=2 3 6 7 8 9 12 -9 -10 -11 -12 -13 -14 -15
leaf_value=-1.2158826119338744e-05 3.901557073406822e-06 -4.7433529772923163e-06 6.285471961637585e-06 -5.3603183374104392e-06 -1.1014355960239093e-05 6.4259384323780404e-06 1.9715002197637068e-05 -3.7441768250380409e-06 -9.4427271897475867e-06 1.4304696893704585e-06 -1.949914991224407e-06 1.0389883321055191e-05 3.6811357935572448e-05 -7.393986428634759e-06
leaf_weight=4713 3986 2914 66146 33754 9119 17634 71984 41298 11326 107628 75634 69134 31096 30964
leaf_count=4713 3986 2914 66146 33754 9119 17634 71984 41298 11326 107628 75634 69134 31096 30964
internal_value=-3.89718e-06 -0.00482522 0.00145457 -0.00354608 -0.0103577 0.000120122 0.00260129 -0.00269441 -0.00916793 0.000697698 -0.000787768 0.00202587 0.00335561 -0.00542971
internal_weight=577330 134088 443242 108930 25158 204882 238360 75052 20445 125262 79620 135280 103080 33878
internal_count=577330 134088 443242 108930 25158 204882 238360 75052 20445 125262 79620 135280 103080 33878
is_linear=0
shrinkage=0.03


Tree=2
num_leaves=15
num_cat=0
split_feature=3 8 3 3 8 5 10 8 10 3 3 10 8 5
split_gain=1745.82 367.18 249.253 165.994 90.1549 72.7321 68.4438 60.7978 59.3196 46.7227 32.0971 13.5861 11.5215 9.75796
threshold=0.0024822880696744698 -7.0504209513094136e-08 0.0061309955085534608 0.0010356233292764918 0.00012779955324512265 -0.29044902765279429 -0.7071067810778896 -6.2164932180247345e-06 -0.70710678118146741 0.0042125687966553084 0.012329857415099241 -0.70710678118534631 -5.65398306165747e-07 0.16209425344759734
decision_type=10 8 10 10 10 10 8 10 10 10 10 10 10 10
left_child=1 5 8 4 -3 11 -5 -7 12 -10 13 -1 -2 -4
right_child=2 3 10 6 -6 7 -8 -9 9 -11 -12 -13 -14 -15
leaf_value=3.8269060807391588e-06 1.0384313536735074e-05 -6.1460054385482748e-06 1.8114842743434292e-05 -1.4826053048444069e-06 -1.8129403262061761e-06 -3.4379122372871276e-06 -4.4333849333992855e-06 -8.1771540551326629e-07 5.0006892862750385e-07 4.5733628592365206e-06 3.4817632057037895e-05 -2.8330915499360439e-07 5.2231815794471093e-06 1.1398680372030005e-05
leaf_weight=20326 26680 68717 23563 34522 8885 49102 38957 78029 67293 45926 27251 9133 33685 45405
leaf_count=20326 26680 68717 23563 34522 8885 49102 38957 78029 67293 45926 27251 9133 33685 45405
internal_value=3.41828e-06 -0.00154112 0.00176496 -0.00259628 -0.0035645 -0.000522605 -0.00157256 -0.000834066 0.00108543 0.000679543 0.00298999 0.000819302 0.00184547 0.00264197
internal_weight=577474 307671 269803 151081 77602 156590 73479 127131 173584 113219 96219 29459 60365 68968
internal_count=577474 307671 269803 151081 77602 156590 73479 127131 173584 113219 96219 29459 60365 68968
is_linear=0
shrinkage=0.03


Tree=3
num_leaves=15
num_cat=0
split_feature=2 2 2 2 2 2 2 2 5 5 5 2 5 2
split_gain=4098.08 1031.83 623.697 190.734 174.391 125.412 76.2974 46.8024 30.5328 26.6438 25.9028 20.3173 15.7639 10.6435
threshold=0.00083103697119302395 0.00038386087456429634 0.0017098126415121353 0.00058378262548068724 0.00016848823110797654 0.00115280101907767 0.0029516242561734318 0.00030088041605304093 -0.48794710314995687 -0.59134197649879205 0.028606324403837733 0.00044701160991356424 -0.30512237499055017 0.0051485707725636553
decision_type=8 10 8 10 10 10 8 10 10 10 10 10 10 8
left_child=1 4 5 11 -1 9 12 -6 -7 -2 -5 -3 -4 -8
right_child=2 3 6 10 7 8 13 -9 -10 -11 -12 -13 -14 -15
leaf_value=-1.1609723229764046e-05 3.1824832976652926e-06 -7.4313393920910832e-06 1.4997482930967775e-05 -2.4583149919013732e-06 -1.0220405731049471e-05 7.6507242917086231e-06 2.2120423208639697e-05 -8.5358284725904476e-06 2.3930778620094482e-06 -1.3703207961880619e-06 -4.3861944859065733e-06 -6.1590683389783842e-06 8.8650180069767172e-06 4.9075266061058866e-05
leaf_weight=4685 9393 11358 26157 18518 11347 16863 57661 11222 113015 88023 54870 31550 104205 18312
leaf_count=4685 9393 11358 26157 18518 11347 16863 57661 11222 113015 88023 54870 31550 104205 18312
internal_value=-8.11866e-06 -0.00440157 0.00144624 -0.003169 -0.00965581 0.000361868 0.00264038 -0.00854892 0.000972284 -0.000451358 -0.00223796 -0.00475912 0.00219834 0.00339771
internal_weight=577179 143550 433629 116296 27254 227294 206335 22569 129878 97416 73388 42908 130362 75973
internal_count=577179 143550 433629 116296 27254 227294 206335 22569 129878 97416 73388 42908 130362 75973
is_linear=0
shrinkage=0.03


Tree=4
num_leaves=15
num_cat=0
split_feature=2 2 2 2 2 2 2 2 5 2 5 5 5 3
split_gain=3908 855.634 773.154 146.867 145.121 122.106 106.759 37.1745 28.12 26.472 24.0343 23.9131 17.9869 16.3704
threshold=0.00071134866562551846 0.0013839678672891811 0.00031963184026521458 0.0022759156844283268 0.00053957707403010135 0.00096225791866100035 0.00016848823110797654 0.00042293447245100396 -0.54752513989603513 0.0038891536094643295 -0.14475020112710599 0.16209425344759734 0.61748749647380974 0.0014386593790011221
decision_type=8 8 10 8 10 10 10 10 10 8 10 10 10 10
left_child=2 5 6 10 7 11 -1 -4 -7 -5 -3 -2 -6 -8
right_child=1 3 4 9 12 8 13 -9 -10 -11 -12 -13 -14 -15
leaf_value=-1.1261557878551692e-05 -9.9762266353891596e-07 9.5597777690324512e-06 -7.8154248042581921e-06 1.5556420270207465e-05 -3.9580994868091531e-06 4.8320700726068209e-06 -1.0000498093582355e-05 -6.3289903828151523e-06 2.5489847143828206e-07 3.5231315785883677e-05 4.9687210147811996e-06 -3.101394384369231e-06 -5.2685703064659116e-06 -8.761045348219674e-06
leaf_weight=4702 22971 33986 15844 89038 21822 13009 11126 24893 105145 39074 112078 54728 25812 2422
leaf_count=4702 22971 33986 15844 89038 21822 13009 11126 24893 105145 39074 112078 54728 25812 2422
internal_value=-1.11331e-05 0.00116504 -0.00519637 0.00224685 -0.00403349 -0.000349132 -0.0108187 -0.00535004 0.000257896 0.00298881 0.00159552 -0.0012729 -0.00290542 -0.00944033
internal_weight=576650 470029 106621 274176 88371 195853 18250 40737 118154 128112 146064 77699 47634 13548
internal_count=576650 470029 106621 274176 88371 195853 18250 40737 118154 128112 146064 77699 47634 13548
is_linear=0
shrinkage=0.03


Tree=5
num_leaves=15
num_cat=0
split_feature=3 8 3 3 10 10 10 10 3 3 3 4 3 7
split_gain=1496.93 307.995 258.164 124.909 76.215 67.0696 65.9418 53.8197 46.5758 44.0652 36.8777 33.1777 29.9558 12.9989
threshold=0.0022690496716954319 -6.723142134802676e-08 0.0053588207881834155 0.00078377066817870934 -0.7071067810778896 -0.70710678115719949 -0.70710678117944947 -0.70710678115719949 0.00089897774052943413 0.012329857415099241 0.0033152363354372358 0.30024834771162939 0.0011617563137325748 -1.9969978811302257e-10
decision_type=8 8 8 10 8 8 8 10 10 8 10 10 10 10
left_child=1 6 7 4 -3 -5 8 13 -1 11 -9 -4 -8 -2
right_child=2 3 9 5 -6 -7 12 10 -10 -11 -12 -13 -14 -15
leaf_value=-1.9037387038617243e-06 8.6952062134281664e-06 -5.1425105485289882e-06 1.4023189453696501e-05 -2.0689399274691541e-06 -7.5860952361992503e-06 -4.5832002913326729e-06 -4.8705540938340164e-06 -6.9188245283728675e-07 1.2933696673800452e-06 3.2338120929267571e-05 2.4541090569811447e-06 7.1001332881887372e-06 -2.0996046320355737e-06 3.9223042665555669e-06
leaf_weight=56746 22290 49109 52551 41456 10896 39515 14729 45503 52457 27361 61869 37241 24019 41446
leaf_count=56746 22290 49109 52551 41456 10896 39515 14729 45503 52457 27361 61869 37241 24019 41446
internal_value=-1.16632e-05 -0.00153777 0.00151776 -0.00254127 -0.00357961 -0.00177071 -0.000581059 0.000774308 -0.000203108 0.00260294 0.00036358 0.00227948 -0.00164436 0.00146513
internal_weight=577188 288927 288261 140976 60005 80971 147951 171108 109203 117153 107372 89792 38748 63736
internal_count=577188 288927 288261 140976 60005 80971 147951 171108 109203 117153 107372 89792 38748 63736
is_linear=0
shrinkage=0.03


Tree=6
num_leaves=15
num_cat=0
split_feature=2 2 2 2 2 2 2 2 5 5 2 5 5 2
split_gain=3609.18 811.937 668.782 150.731 144.668 119.768 90.6494 32.1894 25.5964 24.3515 22.4084 20.3729 18.0285 16.7109
threshold=0.00076484131907064885 0.00037023268076600977 0.001413376995725197 0.00016848823110797654 0.00053957707403010135 0.002467576048054572 0.0010294663053992134 0.00030088041605304093 -0.42701209513084737 0.52521881656210156 0.0018186035790881962 -0.39790853053422642 -0.62326240953477652 0.0038033957607043318
decision_type=8 10 8 10 10 8 10 10 10 10 10 10 10 8
left_child=1 3 6 -1 12 10 9 -5 -8 -2 -4 -6 -3 -7
right_child=2 4 5 7 11 13 8 -9 -10 -11 -12 -13 -14 -15
leaf_value=-1.0748368106494855e-05 -6.2775404729973225e-07 -3.9760389473711813e-06 4.4671335803504059e-06 -9.5568357164065048e-06 -2.1998606591469035e-06 1.6009092388841086e-05 4.8104475042088903e-06 -8.1272430326601149e-06 6.6090202480855068e-07 -2.7042479593889337e-06 8.7219814201797468e-06 -4.4050337443631118e-06 -6.6457667276251544e-06 3.2330450311973918e-05
leaf_weight=4676 34382 3005 79495 11383 9016 68580 14856 9042 90153 47232 77854 54766 30904 41381
leaf_count=4676 34382 3005 79495 11383 9016 68580 14856 9042 90153 47232 77854 54766 30904 41381
internal_value=-1.04554e-05 -0.00457336 0.00122378 -0.00938648 -0.00333522 0.00218592 -0.000154056 -0.00825936 0.000428437 -0.000904219 0.00165401 -0.00249088 -0.00492043 0.00294629
internal_weight=576725 122792 453933 25101 97691 267310 186623 20425 105009 81614 157349 63782 33909 109961
internal_count=576725 122792 453933 25101 97691 267310 186623 20425 105009 81614 157349 63782 33909 109961
is_linear=0
shrinkage=0.03


Tree=7
num_leaves=15
num_cat=0
split_feature=2 2 2 2 2 2 2 2 5 5 5 7 7 2
split_gain=3407.42 921.366 520.069 170.499 152.803 86.2787 75.753 30.6575 25.6979 22.8474 21.2886 19.9078 19.3865 13.5191
threshold=0.00083836766363671992 0.00037023268076600977 0.0015448393379234745 0.00058378262548068724 0.00016848823110797654 0.0027694249079377431 0.00115280101907767 0.0002811199083325127 -0.54752513989603513 -0.60766426191734302 0.108344423017553 -7.1528547479791062e-11 -3.1288824690091903e-10 0.0045979157259734603
decision_type=8 10 8 10 10 8 10 10 10 10 10 8 8 8
left_child=1 4 6 9 -1 12 10 -6 -5 -3 -2 -8 -4 -7
right_child=2 3 5 8 7 13 11 -9 -10 -11 -12 -13 -14 -15
leaf_value=-1.0412995083762817e-05 6.6603068142465983e-07 -3.6233557870611203e-06 1.1134325102060944e-05 -8.5333434295209013e-07 -9.4386000437056885e-06 1.8683650105916349e-05 4.1674880075862829e-06 -8.0802293729642754e-06 -3.8393307228753739e-06 -6.0949914592509671e-06 -1.5965831035624463e-06 1.3056411041709677e-06 6.3190231696020054e-06 3.9710183996668092e-05
leaf_weight=4679 27185 4152 47316 7792 9192 62220 32982 11279 67908 40848 68282 65004 103238 25193
leaf_count=4679 27185 4152 47316 7792 9192 62220 32982 11279 67908 40848 68282 65004 103238 25193
internal_value=-1.37715e-05 -0.00397779 0.00132626 -0.00288816 -0.00920151 0.0022654 0.000170668 -0.00806914 -0.00201691 -0.0043517 -0.000430344 0.000756827 0.00182888 0.00301623
internal_weight=577270 145850 431420 120700 25150 237967 193453 20471 75700 45000 95467 97986 150554 87413
internal_count=577270 145850 431420 120700 25150 237967 193453 20471 75700 45000 95467 97986 150554 87413
is_linear=0
shrinkage=0.03


Tree=8
num_leaves=15
num_cat=0
split_feature=2 2 2 2 2 2 2 5 2 5 2 5 7 2
split_gain=3283.91 742.433 626.986 121.348 120.824 106.093 85.8367 27.56 27.2602 26.0857 21.218 21.0899 9.92993 8.27907
threshold=0.00068800093113295321 0.0013651973653910307 0.00030088041605304093 0.00044701160991356424 0.0022759156844283268 0.00096225791866100035 0.00016848823110797654 -0.4561112543615658 0.00053957707403010135 -0.4561112543615658 0.0038033957607043318 -0.80496520270652805 -1.7163313308371086e-07 0.00011970909161247253
decision_type=8 8 10 10 8 10 10 10 10 10 8 10 10 10
left_child=2 5 6 12 9 11 13 -7 -5 -3 -6 -2 -4 -1
right_child=1 4 3 8 10 7 -8 -9 -10 -11 -12 -13 -14 -15
leaf_value=-1.0133356330606036e-05 2.1024317549048812e-06 1.0603901709171364e-05 -8.3297493482461308e-07 -5.6302812650755751e-06 1.3958916747294602e-05 4.0959457277808767e-06 -8.9738179302245069e-06 5.9471730914346104e-08 -4.4150739266643101e-06 4.5376393883911104e-06 3.0966022988551697e-05 -2.5363098320947401e-06 -7.0957785138007538e-06 -1.0071325957403151e-05
leaf_weight=2378 4097 22368 330 20344 86594 15093 11309 98657 40391 128443 41297 80359 22190 2304
leaf_count=2378 4097 22368 330 20344 86594 15093 11309 98657 40391 128443 41297 80359 22190 2304
internal_value=-1.93278e-05 0.0010138 -0.00498402 -0.00393695 0.00201201 -0.000389545 -0.0104258 0.00020807 -0.00323632 0.00143578 0.00269088 -0.00119508 -0.00582157 -0.0138785
internal_weight=576154 476908 99246 83255 278702 198206 15991 113750 60735 150811 127891 84456 22520 4682
internal_count=576154 476908 99246 83255 278702 198206 15991 113750 60735 150811 127891 84456 22520 4682
is_linear=0
shrinkage=0.03


Tree=9
num_leaves=15
num_cat=0
split_feature=2 2 2 2 2 2 2 5 2 5 7 2 5 2
split_gain=3077.25 719.41 561.133 154.827 107.279 103.901 67.8793 26.136 23.4555 22.8331 21.2902 19.4441 18.1794 8.36424
threshold=0.00076484131907064885 0.00031963184026521458 0.0013839678672891811 0.00053957707403010135 0.0022759156844283268 0.00016848823110797654 0.0010146986049956734 0.028606324403837733 0.00042293447245100396 -0.42701209513084737 -4.3451327836669021e-08 0.0056945744615923216 0.069163144022159381 0.0002811199083325127
decision_type=8 10 8 10 8 10 10 10 10 10 8 8 10 10
left_child=1 5 6 8 9 -1 10 -8 -3 -4 -2 -6 -5 -7
right_child=2 3 4 12 11 13 7 -9 -10 -11 -12 -13 -14 -15
leaf_value=-9.769186178681056e-06 1.119256276911162e-06 -6.7643140326516104e-06 1.0000616649722252e-05 -2.6988004756679351e-06 1.5337941556543496e-05 -8.957195002772189e-06 3.3097318475725967e-06 9.3366138157534815e-08 -5.6143844376553995e-06 4.5070828202590679e-06 -2.1283940944132608e-06 4.9795067759198785e-05 -4.1742828024185487e-06 -7.898364194975438e-06
leaf_weight=4689 9579 15821 22851 17122 114464 9178 27053 75455 24876 123836 67537 13691 46893 4380
leaf_count=4689 9579 15821 22851 17122 114464 9178 27053 75455 24876 123836 67537 13691 46893 4380
internal_value=-1.93269e-05 -0.00422965 0.00111974 -0.00327026 0.00197194 -0.00972712 -0.000183907 0.000321485 -0.00471855 0.00141688 -0.000856443 0.00260664 -0.00234799 -0.00837205
internal_weight=577425 122959 454466 104712 274842 18247 179624 102508 40697 146687 77116 128155 64015 13558
internal_count=577425 122959 454466 104712 274842 18247 179624 102508 40697 146687 77116 128155 64015 13558
is_linear=0
shrinkage=0.03


Tree=10
num_leaves=15
num_cat=0
split_feature=3 3 3 10 10 10 5 4 10 4 5 3 10 3
split_gain=1170.34 170.389 162.268 138.605 89.995 53.603 43.9686 43.587 36.8529 28.3608 28.1359 22.687 17.445 10.4652
threshold=0.002731698699476729 0.0011617563137325748 0.0068705496665617026 -0.7071067810778896 -0.70710678113850833 0.70710678118722325 -0.51737269741517167 0.50693559408678845 0.70710678118682402 -0.1239702995209911 -0.013974087933262906 0.0045275501679568246 0.70710678118634507 0.014111927539686916
decision_type=8 10 8 8 10 10 10 10 10 10 10 10 10 10
left_child=1 3 7 6 10 -5 -1 11 -6 -4 -3 -2 -9 -11
right_child=2 4 9 5 8 -7 -8 12 -10 13 -12 -13 -14 -15
leaf_value=2.2856961610098875e-08 2.9422199021856145e-06 3.5337949781811089e-06 2.1285222231769428e-05 -6.4844773766433389e-06 -3.1731201233121274e-06 -3.7617906948880268e-06 -3.2684605468656528e-06 4.2769810855902259e-06 -7.2918660440972926e-07 9.4902085815346132e-06 -4.4419209285184227e-07 7.2664933708345291e-06 -1.3427411591576517e-07 2.5227060875659081e-05
leaf_weight=16435 68520 21326 37056 18462 51184 15158 118997 18296 23612 32397 62205 43662 39126 10812
leaf_count=16435 68520 21326 37056 18462 51184 15158 118997 18296 23612 32397 62205 43662 39126 10812
internal_value=-3.16704e-05 -0.00121188 0.00151439 -0.00187433 -0.000504102 -0.00359946 -0.0014454 0.000987796 -0.00125998 0.0026261 0.000172083 0.00133202 0.000314145 0.00209894
internal_weight=577248 327379 249869 169052 158327 33620 135432 169604 74796 80265 83531 112182 57422 43209
internal_count=577248 327379 249869 169052 158327 33620 135432 169604 74796 80265 83531 112182 57422 43209
is_linear=0
shrinkage=0.03


Tree=11
num_leaves=15
num_cat=0
split_feature=2 2 2 2 2 2 2 2 5 5 5 5 2 3
split_gain=2841.34 684.881 543.315 138.89 95.8323 87.644 77.5346 27.5717 24.6552 23.4562 21.6439 16.891 11.4496 11.1628
threshold=0.00066540936190037452 0.001251521136407009 0.00030088041605304093 0.0020422639368544225 0.00045885339593508529 0.00016848823110797654 0.00086695843176463211 0.0033269758330742838 0.30529588272691072 0.028606324403837733 -0.62326240953477652 -0.68696587053783065 0.00037023268076600977 0.001272072374431597
decision_type=8 8 10 8 10 10 10 8 10 10 10 10 10 10
left_child=2 6 5 8 12 -1 11 -5 -3 -8 -6 -2 -4 -7
right_child=1 3 4 7 10 13 9 -9 -10 -11 -12 -13 -14 -15
leaf_value=-9.3613959612778979e-06 5.7329553929967136e-07 6.00700437938333e-06 -7.1708643937108056e-06 1.070560076844554e-05 -2.0030902855536154e-06 -8.4548746246565272e-06 1.5571974460476936e-06 2.4661369801388706e-05 2.7368432753872107e-06 -8.8733792619159641e-07 -4.6832320963165911e-06 -2.8918942166968536e-06 -5.963634167792384e-06 -7.8430584926761289e-06
leaf_weight=4650 4548 55077 9143 97516 4522 8878 29714 57680 98365 84182 47372 57491 15760 2499
leaf_count=4650 4548 55077 9143 97516 4522 8878 29714 57680 98365 84182 47372 57491 15760 2499
internal_value=-9.22746e-06 0.00091177 -0.00481737 0.00176333 -0.00376669 -0.00984274 -0.000581773 0.00239647 0.00112245 -0.000116359 -0.00302878 -0.00143509 -0.00530012 -0.00839536
internal_weight=577397 484573 92824 308638 76797 16027 175935 155196 153442 113896 51894 62039 24903 11377
internal_count=577397 484573 92824 308638 76797 16027 175935 155196 153442 113896 51894 62039 24903 11377
is_linear=0
shrinkage=0.03


Tree=12
num_leaves=15
num_cat=0
split_feature=2 2 2 2 2 2 2 7 7 7 2 3 2 2
split_gain=2676.73 590.897 555.756 106.835 102.124 88.7424 87.3535 21.6675 21.2299 21.1951 20.6199 19.3024 11.663 10.8015
threshold=0.00069578875847844913 0.0013839678672891811 0.00030088041605304093 0.0005009164788779937 0.0023684127497176446 0.00099271818802177596 0.00016848823110797654 -1.9969978811302257e-10 -1.5473125053499143e-07 -2.3859320751201999e-07 0.00037023268076600977 0.016953620687748125 0.00060032507192564466 0.00011970909161247253
decision_type=8 8 10 10 8 10 10 8 10 8 10 10 10 10
left_child=2 5 6 10 7 8 13 -3 -2 -7 -4 -6 -5 -1
right_child=1 4 3 12 11 9 -8 -9 -10 -11 -12 -13 -14 -15
leaf_value=-9.0805540824395601e-06 2.0601203333898206e-06 7.548757499270542e-06 -6.9511711657303829e-06 -4.5721321633988082e-06 1.495857110300779e-05 5.9183790782372095e-06 -8.0653784296926115e-06 3.8219689292379098e-06 -2.2296818851893011e-06 3.2894721040362828e-07 -5.5457543967660105e-06 4.0158314129148187e-05 -3.5684214423565175e-06 -9.0721478480133855e-06
leaf_weight=2374 5619 50090 9153 24614 106775 7468 11319 105600 85630 101666 24740 12594 27520 2315
leaf_count=2374 5619 50090 9153 24614 106775 7468 11319 105600 85630 101666 24740 12594 27520 2315
internal_value=-3.45774e-05 0.000911537 -0.00444333 -0.00348638 0.00181425 -0.000327317 -0.00957685 0.00130713 -0.00101783 0.000249524 -0.00479993 0.00247501 -0.00263052 -0.0130509
internal_weight=577477 475442 102035 86027 275059 200383 16008 155690 91249 109134 33893 119369 52134 4689
internal_count=577477 475442 102035 86027 275059 200383 16008 155690 91249 109134 33893 119369 52134 4689
is_linear=0
shrinkage=0.03


Tree=13
num_leaves=15
num_cat=0
split_feature=2 2 2 2 2 2 2 2 7 7 2 7 2 7
split_gain=2551.7 612.308 461.544 136.191 96.5038 76.0883 67.767 23.3631 22.5604 17.9638 16.5241 16.0516 12.3016 11.9716
threshold=0.00076484131907064885 0.00037023268076600977 0.0015448393379234745 0.00016848823110797654 0.00053957707403010135 0.0010294663053992134 0.0027352697051873987 0.00030088041605304093 -7.8352262933541544e-11 -1.0207095781034975e-07 0.0056945744615923216 -3.1288824690091903e-10 0.00062506533066187186 -2.4061777814115171e-08
decision_type=8 10 8 10 10 10 8 10 8 8 8 8 10 10
left_child=1 3 5 -1 13 9 11 -5 -7 -2 -8 -4 -6 -3
right_child=2 4 6 7 12 8 10 -9 -10 -11 -12 -13 -14 -15
leaf_value=-8.8070617331765648e-06 1.8623886876688012e-06 -3.5040972086919307e-06 9.3381766993748969e-06 -7.8454761701212759e-06 -4.1539367961255991e-06 2.9614614480469856e-06 1.6517131367811697e-05 -6.7702671392903245e-06 4.9494045528910338e-07 -1.7340529347699951e-06 4.6044221816332393e-05 5.1928824971076234e-06 -3.059824128288456e-06 -5.4105969726556001e-06
leaf_weight=4636 7067 3424 46370 11323 22287 43733 75757 9116 90689 74722 13673 102175 41608 30459
leaf_count=4636 7067 3424 46370 11323 22287 43733 75757 9116 90689 74722 13673 102175 41608 30459
internal_value=-2.64726e-05 -0.0038622 0.00101099 -0.00804505 -0.00278819 7.38134e-06 0.00192252 -0.00697912 0.000446635 -0.000713774 0.00257603 0.00152852 -0.00209937 -0.00408438
internal_weight=577039 122853 454186 25075 97778 216211 237975 20439 134422 81789 89430 148545 63895 33883
internal_count=577039 122853 454186 25075 97778 216211 237975 20439 134422 81789 89430 148545 63895 33883
is_linear=0
shrinkage=0.03


Tree=14
num_leaves=15
num_cat=0
split_feature=2 2 2 2 2 2 2 5 3 5 5 5 2 7
split_gain=2426.95 571.252 459.729 96.6516 88.4146 82.236 78.627 24.6132 24.1257 21.4736 16.5488 16.2976 11.1741 9.62084
threshold=0.00066540936190037452 0.001374510131989193 0.00030088041605304093 0.00092544086569534053 0.0021341570467762819 0.00016848823110797654 0.00044701160991356424 -0.59134197649879205 0.0097636439148019293 -0.028244900836934452 0.51419001770123118 -0.68696587053783065 0.00011970909161247253 -1.7163313308371086e-07
decision_type=8 8 10 10 8 10 10 10 10 10 10 10 10 10
left_child=2 3 5 11 10 12 13 -5 -6 -8 -3 -2 -1 -4
right_child=1 4 6 7 8 -7 9 -9 -10 -11 -12 -13 -14 -15
leaf_value=-8.5441902386028196e-06 7.7810062684531088e-07 5.9936776331051189e-06 6.6186175089555795e-08 4.3711670086214185e-06 1.1412695071124174e-05 -7.5059845744452293e-06 -2.9586411656321713e-06 2.5248838126801264e-08 2.5001133557113306e-05 -4.5568002683109143e-06 2.9489828253733551e-06 -2.4711588748953967e-06 -8.4643581057472878e-06 -6.1330626303057382e-06
leaf_weight=2349 5871 57406 337 12601 108264 11335 12952 114925 35921 41018 75432 74345 2288 22323
leaf_count=2349 5871 57406 337 12601 108264 11335 12952 114925 35921 41018 75432 74345 2288 22323
internal_value=-2.55951e-05 0.000824424 -0.00447564 -0.00036456 0.00171625 -0.009107 -0.00350848 0.00014824 0.00223115 -0.00288218 0.0011568 -0.00118047 -0.0125023 -0.00499559
internal_weight=577367 484765 92602 207742 277023 15972 76630 127526 144185 53970 132838 80216 4637 22660
internal_count=577367 484765 92602 207742 277023 15972 76630 127526 144185 53970 132838 80216 4637 22660
is_linear=0
shrinkage=0.03


Tree=15
num_leaves=15
num_cat=0
split_feature=7 8 7 7 7 8 8 7 5 7 5 8 7 4
split_gain=294.295 292.569 94.4478 106.054 76.5806 94.4948 41.425 19.9016 10.5365 5.29327 4.57895 3.43087 2.09276 2.03586
threshold=-2.1312405668006384e-07 -1.5823587434549585e-07 1.3822127289487129e-07 -7.2442883728329753e-12 3.2260657541991814e-07 -1.1587267120551709e-05 0.00056580363791250052 1.0631543354748726e-06 0.082514245541177048 -1.5861200240577375e-06 1.0527603844801492 -0.00025721694337196068 -4.2099618891116188e-07 0.92665653541279303
decision_type=8 8 10 8 10 10 10 10 10 10 10 10 10 10
left_child=6 4 3 -3 5 -2 8 -4 12 -8 -6 -10 -1 -11
right_child=1 2 7 -5 10 -7 9 -9 11 13 -12 -13 -14 -15
leaf_value=1.4649713265194092e-05 -1.081650725894253e-06 -5.6554964017552841e-07 -6.334670687795825e-08 -2.9636597942902623e-06 1.7087562912444435e-05 3.0796101760532697e-06 2.7346793675853668e-05 6.39065615284248e-06 2.9100714476597626e-06 1.0547524032023914e-05 9.2434820488677325e-06 5.2396885578592216e-06 6.4296089517035991e-06 2.7691726852993046e-06
leaf_weight=5283 77329 89527 22962 161867 9894 146831 11608 14854 11371 7089 3648 10711 4250 338
leaf_count=5283 77329 89527 22962 161867 9894 146831 11608 14854 11371 7089 3648 10711 4250 338
internal_value=-1.8834e-05 -0.000228911 -0.000869857 -0.0010802 0.000550675 0.000417942 0.00216502 0.000526781 0.00149502 0.0032733 0.00274144 0.00112901 0.00233449 0.00261154
internal_weight=577562 526912 289210 251394 237702 224160 50650 37816 31615 19035 13542 22082 9533 7427
internal_count=577562 526912 289210 251394 237702 224160 50650 37816 31615 19035 13542 22082 9533 7427
is_linear=0
shrinkage=0.03


Tree=16
num_leaves=15
num_cat=0
split_feature=2 2 2 2 2 2 2 5 5 2 5 1 2 2
split_gain=2233.78 643.642 341.017 149.74 93.2556 59.488 43.3736 25.5173 22.8369 19.8486 17.6601 15.101 14.7594 10.1547
threshold=0.00083103697119302395 0.00031963184026521458 0.0016846265826126266 0.00053957707403010135 0.00016848823110797654 0.0011444663586117328 0.0027694249079377431 -0.11593571048435872 0.62769457231286763 0.0004110636473599285 0.14842973386306471 -1.0058077395909855 0.0056945744615923216 0.00011970909161247253
decision_type=8 10 8 10 10 10 8 10 10 10 10 10 8 10
left_child=1 4 5 9 13 10 11 -7 -5 -3 -2 -4 -8 -1
right_child=2 3 6 8 -6 7 12 -9 -10 -11 -12 -13 -14 -15
leaf_value=-8.2584749700320918e-06 6.5106523055484997e-07 -5.8360035675095619e-06 3.2162094597345418e-06 -2.3078278152427659e-06 -7.2938429270184407e-06 4.8282336129552229e-06 1.5570549923863162e-05 1.2097203873858669e-06 -3.6317314745892037e-06 -4.6606365250701802e-06 -1.3823426391547784e-06 7.5698388601616053e-06 4.3507546221994449e-05 -8.2015409626268496e-06
leaf_weight=2382 28234 13607 21949 38947 13566 29327 73818 98609 45555 27089 66846 101595 13658 2324
leaf_count=2382 28234 13607 21949 38947 13566 29327 73818 98609 45555 27089 66846 101595 13658 2324
internal_value=-3.05862e-05 -0.00327579 0.00104202 -0.00250704 -0.00853561 0.000223723 0.00190651 0.000646257 -0.0017854 -0.00400319 -0.0003442 0.001543 0.00241897 -0.0121997
internal_weight=577506 143470 434036 125198 18272 223016 211020 127936 84502 40696 95080 123544 87476 4706
internal_count=577506 143470 434036 125198 18272 223016 211020 127936 84502 40696 95080 123544 87476 4706
is_linear=0
shrinkage=0.03


Tree=17
num_leaves=15
num_cat=0
split_feature=2 2 2 2 2 2 2 2 2 7 3 1 3 3
split_gain=2059.94 462.908 454.659 81.2617 74.5963 72.8333 71.9792 21.2678 19.6641 19.3856 15.3179 14.5292 12.6335 9.78393
threshold=0.00068800093113295321 0.0013839678672891811 0.00030088041605304093 0.0026706898087563965 0.00053957707403010135 0.00016848823110797654 0.00096225791866100035 0.0018778711692193386 0.0004110636473599285 -1.7163313308371086e-07 0.010354650486444038 -0.099657680365004539 0.00057694971473881273 0.0014586128352197237
decision_type=8 8 10 8 10 10 10 10 10 8 8 10 10 10
left_child=2 6 5 7 8 12 9 -3 -4 -2 -5 -8 -1 -7
right_child=1 3 4 10 -6 13 11 -9 -10 -11 -12 -13 -14 -15
leaf_value=-8.0278764317503005e-06 2.2129270974895956e-06 3.1842148429174131e-06 -5.7791277809420436e-06 1.3689627470210604e-05 -3.4115762519629321e-06 -7.2101928777936236e-06 -4.7769597354997172e-07 7.0531901199315278e-06 -4.4737082226663562e-06 -2.0555109750885287e-06 2.7872993526226913e-05 1.3067705795911532e-06 -7.8692552574306612e-06 -6.2253419353018712e-06
leaf_weight=3178 4755 95979 15839 66647 40667 9423 50868 84411 27123 80111 27535 67703 1540 1910
leaf_count=3178 4755 95979 15839 66647 40667 9423 50868 84411 27123 80111 27535 67703 1540 1910
internal_value=-1.90688e-05 0.00079891 -0.00394192 0.00160252 -0.00305248 -0.00856759 -0.000285421 0.00122877 -0.003926 -0.000952495 0.00231752 0.000191565 -0.0117284 -0.00723724
internal_weight=577689 478009 99680 274572 83629 16051 203437 180390 42962 84866 94182 118571 4718 11333
internal_count=577689 478009 99680 274572 83629 16051 203437 180390 42962 84866 94182 118571 4718 11333
is_linear=0
shrinkage=0.03


Tree=18
num_leaves=15
num_cat=0
split_feature=2 2 2 2 2 2 2 5 5 5 2 5 2 2
split_gain=1997.36 501.911 355.704 109.887 90.2927 78.7303 47.3218 25.725 20.4441 18.8468 15.3301 12.3903 11.9209 10.2106
threshold=0.00076484131907064885 0.00031963184026521458 0.0016713746276799705 0.00053957707403010135 0.00016848823110797654 0.0010679775576862571 0.0032733304173342801 0.35382740301869386 0.22806240929639296 0.21467669877464005 0.00043488209737182988 -0.54752513989603513 0.00011970909161247253 0.0065335628254655168
decision_type=8 10 8 10 10 10 8 10 8 10 10 10 10 8
left_child=1 4 5 10 12 9 8 -7 -4 -2 -3 -5 -1 -8
right_child=2 3 6 11 -6 7 13 -9 -10 -11 -12 -13 -14 -15
leaf_value=-7.7634352868600014e-06 1.0240782818849486e-07 -5.3506124762188496e-06 1.003276333555998e-05 -1.1658723470502599e-06 -6.7180661351958211e-06 3.2344885590555338e-06 1.8023657256578976e-05 6.8042178747909308e-07 5.369124556258648e-06 -1.8406002813072517e-06 -4.4062031006074675e-06 -3.1899208712764548e-06 -7.7048572188242725e-06 4.992164270028157e-05
leaf_weight=2380 29384 18098 53888 6665 13592 54774 50766 93136 99573 63872 22601 57330 2293 9098
leaf_count=2380 29384 18098 53888 6665 13592 54774 50766 93136 99573 63872 22601 57330 2293 9098
internal_value=-2.78461e-05 -0.00341994 0.00088978 -0.00261801 -0.0080093 0.000100159 0.00178213 0.00053076 0.00150189 -0.000582141 -0.00383812 -0.00184064 -0.0116297 0.00249915
internal_weight=577450 122959 454491 104694 18265 241166 213325 147910 153461 93256 40699 63995 4673 59864
internal_count=577450 122959 454491 104694 18265 241166 213325 147910 153461 93256 40699 63995 4673 59864
is_linear=0
shrinkage=0.03


Tree=19
num_leaves=15
num_cat=0
split_feature=2 2 2 2 2 2 2 5 2 5 1 5 3 2
split_gain=1909.44 477.195 357.756 104.58 85.1468 71.5441 39.0224 25.8206 18.8237 17.394 16.108 13.797 11.8611 10.8916
threshold=0.00075012056136151777 0.00030088041605304093 0.0017230561369965586 0.00053957707403010135 0.0010599949820247893 0.00016848823110797654 0.0033819808515759176 -0.15902133043236946 0.0004110636473599285 0.20139967302715545 -0.85450157591565901 0.59735084349351852 0.0012896294120423762 0.00011970909161247253
decision_type=8 10 8 10 10 10 8 10 10 10 10 10 10 10
left_child=1 5 4 8 9 13 10 -6 -3 -2 -4 -5 -7 -1
right_child=2 3 6 11 7 12 -8 -9 -10 -11 -12 -13 -14 -15
leaf_value=-7.5537016878218025e-06 -1.6233335261280086e-08 -5.5196785322278225e-06 4.0643814645183699e-06 -2.348964225411406e-06 4.1081381758012201e-06 -6.7897172999113343e-06 2.1230769478568511e-05 9.2481704059031007e-07 -4.3423756733928821e-06 -1.8429958404207225e-06 8.1394249514445279e-06 -3.500878712957689e-06 -6.0533553371267369e-06 -7.4851699308027796e-06
leaf_weight=2383 29631 15806 33349 26790 34565 8869 55421 125129 27103 65722 115477 32662 2448 2266
leaf_count=2383 29631 15806 33349 26790 34565 8869 55421 125129 27103 65722 115477 32662 2448 2266
internal_value=-2.8191e-05 -0.00342638 0.000847204 -0.00267257 9.76723e-05 -0.00825075 0.00178281 0.000521427 -0.00380265 -0.000611369 0.0015285 -0.00185544 -0.00693811 -0.0114115
internal_weight=577621 118327 459294 102361 255047 15966 204247 159694 42909 95353 148826 59452 11317 4649
internal_count=577621 118327 459294 102361 255047 15966 204247 159694 42909 95353 148826 59452 11317 4649
is_linear=0
shrinkage=0.03


Tree=20
num_leaves=15
num_cat=0
split_feature=2 2 2 2 2 2 2 3 5 5 5 5 2 3
split_gain=1784.86 417.287 365.828 97.3594 74.6836 53.3584 43.6297 28.9397 19.4444 17.543 17.4382 13.2001 12.8658 9.90636
threshold=0.00066540936190037452 0.0012258898326818672 0.00030088041605304093 0.0018778711692193386 0.00016848823110797654 0.00043488209737182988 0.00086695843176463211 0.0068705496665617026 -0.51737269741517167 -0.54752513989603513 -0.59134197649879205 -0.53333612343505987 0.00011970909161247253 0.001272072374431597
decision_type=8 8 10 8 10 10 10 8 10 10 10 10 10 10
left_child=2 6 4 9 12 -4 11 -5 -7 -3 -8 -2 -1 -6
right_child=1 3 5 7 13 8 10 -9 -10 -11 -12 -13 -14 -15
leaf_value=-7.327100955586361e-06 2.3420166624689796e-07 6.6000117884825338e-06 -5.2124619596206467e-06 7.6232308857795543e-06 -6.5727418187959556e-06 -1.4542483194999242e-06 3.2950469898087791e-06 1.6753284061852037e-05 -3.8703214719315911e-06 2.0361423350461051e-06 -5.9022524032138109e-07 -2.3347852747322941e-06 -7.2503241824817878e-06 -5.8731527177733532e-06
leaf_weight=2331 6599 16044 20132 115852 8795 6254 10430 62666 50019 120674 96366 55637 2297 2536
leaf_count=2331 6599 16044 20132 115852 8795 6254 10430 62666 50019 120674 96366 55637 2297 2536
internal_value=-1.55348e-05 0.000713305 -0.00383718 0.0013582 -0.00796957 -0.00297232 -0.000489038 0.00181982 -0.00249475 0.000754915 -0.000120443 -0.00112046 -0.0112057 -0.00663381
internal_weight=576632 484268 92364 315236 15959 76405 169032 178518 56273 136718 106796 62236 4628 11331
internal_count=576632 484268 92364 315236 15959 76405 169032 178518 56273 136718 106796 62236 4628 11331
is_linear=0
shrinkage=0.03


Tree=21
num_leaves=15
num_cat=0
split_feature=2 2 2 2 2 2 2 7 2 5 5 2 7 5
split_gain=1672.81 364.992 364.835 86.3362 76.7141 54.1024 36.3877 22.0318 20.8368 18.1039 12.3915 12.1969 11.7492 11.5542
threshold=0.00068800093113295321 0.00031963184026521458 0.001251521136407009 0.002191877001876744 0.00016848823110797654 0.00053064500197476394 0.00090327586612225588 -2.1312405668006384e-07 0.0053940208967316544 0.028606324403837733 0.46036577993476718 0.00011970909161247253 -2.1304364686516839e-08 -0.56170931536744628
decision_type=8 10 8 8 10 10 10 8 8 10 10 10 10 10
left_child=1 4 6 7 11 12 13 -4 -5 -8 -7 -1 -3 -2
right_child=2 5 3 8 -6 10 9 -9 -10 -11 -12 -13 -14 -15
leaf_value=-7.0815624406775495e-06 4.5627097844179777e-07 -2.7604723189900505e-06 7.8504236368415162e-06 1.0471398566429012e-05 -6.2228932882181724e-06 -2.277496597104219e-06 1.5852875857193053e-06 2.5308271954586519e-06 3.5873751258608464e-05 -7.2942470290419326e-07 -3.5102341232040825e-06 -7.0431051074042426e-06 -4.6488645013544938e-06 -2.1071455463441223e-06
leaf_weight=2329 6734 3944 17731 121247 13595 16922 26794 153632 15976 75799 25718 2301 34634 59827
leaf_count=2329 6734 3944 17731 121247 13595 16922 26794 153632 15976 75799 25718 2301 34634 59827
internal_value=-4.20691e-05 -0.00358191 0.000694694 0.00130853 -0.0074198 -0.00271916 -0.000424771 0.000858758 0.00186965 -6.97056e-05 -0.00197866 -0.010778 -0.00353535 -0.000971053
internal_weight=577183 99443 477740 308586 18225 81218 169154 171363 137223 102593 42640 4630 38578 66561
internal_count=577183 99443 477740 308586 18225 81218 169154 171363 137223 102593 42640 4630 38578 66561
is_linear=0
shrinkage=0.03


Tree=22
num_leaves=15
num_cat=0
split_feature=2 2 2 2 2 2 2 3 2 3 2 2 3 3
split_gain=1592.85 364.078 355.867 80.0151 73.7085 60.4754 37.1661 21.3151 16.9975 13.9404 13.0068 10.0855 9.11043 7.11058
threshold=0.00068800093113295321 0.00030088041605304093 0.001251521136407009 0.0025227215875521162 0.00016848823110797654 0.0005009164788779937 0.00086695843176463211 0.0045275501679568246 0.0053940208967316544 0.0037949678102409249 0.00011970909161247253 0.00039817041348855269 0.0012896294120423762 0.001538319122794082
decision_type=8 10 8 8 10 10 10 10 8 10 10 10 10 10
left_child=1 4 6 7 10 11 -2 -4 -5 -8 -1 -3 -6 -7
right_child=2 5 3 8 12 13 9 -9 -10 -11 -12 -13 -14 -15
leaf_value=-6.8799513333984949e-06 -1.9540233643569464e-06 -5.1286132769576595e-06 2.4827994892243861e-06 1.1711363754324857e-05 -6.1663807593324648e-06 -3.3253325231503048e-06 -6.3038762478159248e-07 5.9215481512511087e-06 3.5964582778241873e-05 1.4912752298005586e-06 -6.8268332935824867e-06 -4.0809881913059852e-06 -5.4547410601135574e-06 -2.6897071307207718e-06
leaf_weight=2391 55411 13573 139921 89155 8903 30772 91252 63429 16018 22147 2289 20333 2486 18817
leaf_count=2391 55411 13573 139921 89155 8903 30772 91252 63429 16018 22147 2289 20333 2486 18817
internal_value=-3.62242e-05 -0.00348772 0.000683634 0.00128958 -0.00762398 -0.00269014 -0.000423469 0.000941483 0.0019619 -0.000111684 -0.0108166 -0.00366889 -0.00629845 -0.00201911
internal_weight=576897 99564 477333 308523 16069 83495 168810 203350 105173 113399 4680 33906 11389 49589
internal_count=576897 99564 477333 308523 16069 83495 168810 203350 105173 113399 4680 33906 11389 49589
is_linear=0
shrinkage=0.03


Tree=23
num_leaves=15
num_cat=0
split_feature=2 2 2 2 2 2 2 3 5 5 5 3 5 5
split_gain=1511.83 365.624 331.739 82.3289 68.0219 45.8491 41.4299 21.7813 21.3116 16.8061 12.264 11.7676 11.5182 9.06107
threshold=0.00066540936190037452 0.001251521136407009 0.00030088041605304093 0.0022115901347978155 0.00016848823110797654 0.00048099301382063304 0.00087377573174042837 0.014111927539686916 -0.48794710314995687 -0.59134197649879205 -0.54752513989603513 0.00048062002407800675 -0.028244900836934452 -0.51737269741517167
decision_type=8 8 10 8 10 10 10 8 10 10 10 10 10 10
left_child=2 6 4 8 11 13 10 -5 -3 -8 -2 -1 -7 -4
right_child=1 3 5 7 -6 12 9 -9 -10 -11 -12 -13 -14 -15
leaf_value=-6.6897891868395547e-06 2.9037884608889561e-07 6.8510528311387821e-06 -2.8161531064140591e-06 1.0088854534241893e-05 -6.0330452204970396e-06 -2.1697754800274908e-06 3.0321675783821443e-06 2.7709747788327267e-05 2.3556378954217177e-06 -5.1284214316550163e-07 -2.1364657762745104e-06 -6.5431185771353373e-06 -3.4234401406793416e-06 -4.6524947959246582e-06
leaf_weight=2826 6669 23764 3429 116299 11322 11289 10940 18775 150001 100555 57686 1860 35902 26143
leaf_count=2826 6669 23764 3429 116299 11322 11289 10940 18775 150001 100555 57686 1860 35902 26143
internal_value=-3.169e-05 0.000639787 -0.00354021 0.00126157 -0.00746985 -0.00271908 -0.000451894 0.00181749 0.000829003 -0.00010143 -0.00105803 -0.0105332 -0.00213479 -0.00364843
internal_weight=577460 484689 92771 308839 16008 76763 175850 135074 173765 111495 64355 4686 47191 29572
internal_count=577460 484689 92771 308839 16008 76763 175850 135074 173765 111495 64355 4686 47191 29572
is_linear=0
shrinkage=0.03


Tree=24
num_leaves=15
num_cat=0
split_feature=2 2 2 2 2 2 2 5 5 5 2 5 2 5
split_gain=1450.61 333.524 312.667 75.8803 71.3382 46.0572 44.4836 20.7147 19.5941 16.6488 15.6315 13.806 13.1049 8.51824
threshold=0.00066540936190037452 0.0015448393379234745 0.00030088041605304093 0.0010004260147478974 0.00011970909161247253 0.0027034534031844699 0.00049128128572471081 -0.44126602697141321 0.44974006515712167 0.16209425344759734 0.0053940208967316544 1.033000435401296 0.00020362843610001645 -0.42701209513084737
decision_type=8 8 10 10 10 8 10 10 10 10 8 10 10 10
left_child=2 3 4 9 -1 8 13 -5 -3 -2 -7 -8 -6 -4
right_child=1 5 6 7 12 10 11 -9 -10 -11 -12 -13 -14 -15
leaf_value=-6.4652238698206517e-06 -3.4602673976566073e-07 6.751175112656178e-06 -3.1616028084403508e-06 3.8818955656974562e-06 -6.4340844556979501e-06 1.1981002253306563e-05 -2.6599085209339874e-06 4.1798212707974855e-07 3.1534018569498019e-06 -1.9289730270617891e-06 3.475062814152081e-05 -3.8158031719584615e-06 -5.5214921366846371e-06 -4.5861618410744959e-06
leaf_weight=2333 30598 60571 4399 19990 4524 75865 30388 123416 85814 72247 16097 14622 9126 27281
leaf_count=2333 30598 60571 4399 19990 4524 75865 30388 123416 85814 72247 16097 14622 9126 27281
internal_value=-3.12222e-05 0.000626337 -0.00347002 -0.000147746 -0.00728831 0.00142631 -0.00267262 0.000297917 0.00109471 -0.000769724 0.00195333 -0.00206242 -0.00644143 -0.00353676
internal_weight=577271 484598 92673 246251 15983 238347 76690 143406 146385 102845 91962 45010 13650 31680
internal_count=577271 484598 92673 246251 15983 238347 76690 143406 146385 102845 91962 45010 13650 31680
is_linear=0
shrinkage=0.03


Tree=25
num_leaves=15
num_cat=0
split_feature=2 2 2 2 2 2 2 5 3 5 3 2 5 5
split_gain=1336 310.32 303.044 78.0157 71.0898 50.4625 25.6938 23.7355 21.2325 14.6207 14.4265 13.9441 10.7776 10.0813
threshold=0.00068800093113295321 0.00030088041605304093 0.0012258898326818672 0.0023439653821085231 0.00011970909161247253 0.00053957707403010135 0.00088104012274398504 -0.59134197649879205 0.012329857415099241 0.62769457231286763 0.0013073412751030439 0.0004110636473599285 -0.68696587053783065 0.44974006515712167
decision_type=8 10 8 8 10 10 10 10 8 10 10 10 10 10
left_child=1 4 6 7 -1 11 12 -4 -5 -8 -6 -3 -2 -7
right_child=2 5 3 8 10 13 9 -9 -10 -11 -12 -13 -14 -15
leaf_value=-6.2393578812674446e-06 1.0910119644282721e-06 -4.6192375113741387e-06 7.2842142752496332e-06 9.8961639487822047e-06 -5.9518125993717246e-06 -1.942020908749826e-06 6.3896390117920079e-07 2.3474806420457011e-06 2.4777080563335774e-05 -1.0907581686065221e-06 -5.1268473214140634e-06 -3.5559239062272266e-06 -1.8824093165117416e-06 -3.0485261271450812e-06
leaf_weight=2380 4350 15739 21581 97940 11010 15915 47716 172650 23368 54589 2584 27034 55199 24626
leaf_count=2380 4350 15739 21581 97940 11010 15915 47716 172650 23368 54589 2584 27034 55199 24626
internal_value=-2.61561e-05 -0.00319233 0.000632271 0.00117365 -0.00702365 -0.00245627 -0.000422799 0.000800222 0.00177095 -0.000133705 -0.00616848 -0.00317678 -0.00091835 -0.00169401
internal_weight=576681 99288 477393 315539 15974 83314 161854 194231 121308 102305 13594 42773 59549 40541
internal_count=576681 99288 477393 315539 15974 83314 161854 194231 121308 102305 13594 42773 59549 40541
is_linear=0
shrinkage=0.03


Tree=26
num_leaves=15
num_cat=0
split_feature=2 2 2 2 2 2 2 5 2 5 7 2 5 7
split_gain=1308.06 323.694 261.221 73.5257 63.2416 36.7188 34.2648 27.0294 16.4857 16.1971 15.6592 12.6497 11.7739 7.18705
threshold=0.00064147182141194238 0.0012258898326818672 0.00030088041605304093 0.0025517143531015901 0.00011970909161247253 0.00085973527298878656 0.00043488209737182988 -0.54752513989603513 0.0072123597952773238 -0.11593571048435872 -8.6318838521947083e-11 0.00020362843610001645 -0.54752513989603513 -4.8478504408710517e-08
decision_type=8 8 10 8 10 10 10 10 8 10 8 10 10 10
left_child=2 5 4 7 -1 12 13 -3 -5 -8 -7 -6 -2 -4
right_child=1 3 6 8 11 10 9 -9 -10 -11 -12 -13 -14 -15
leaf_value=-6.0875266096697676e-06 2.5898852268953692e-07 7.5220162114097985e-06 -1.8896788530553823e-06 1.1478251415676702e-05 -6.0547363681173645e-06 1.0278753289207648e-06 -1.9190653626709139e-06 2.386645095164426e-06 5.1874369019340968e-05 -3.4771900751850454e-06 -8.1768777240189048e-07 -5.1466139834332324e-06 -2.0251577223696857e-06 -4.455459399835325e-06
leaf_weight=2390 6838 26285 1129 96233 4580 32489 10691 186163 6792 38916 76384 9160 59763 19227
leaf_count=2390 6838 26285 1129 96233 4580 32489 10691 186163 6792 38916 76384 9160 59763 19227
internal_value=-3.45724e-05 0.000563475 -0.00344532 0.00113803 -0.00688848 -0.000469137 -0.00264976 0.000818505 0.00179619 -0.00222057 -0.000129056 -0.00608727 -0.00102407 -0.00369115
internal_weight=577040 490947 86093 315473 16130 175474 69963 212448 103025 49607 108873 13740 66601 20356
internal_count=577040 490947 86093 315473 16130 175474 69963 212448 103025 49607 108873 13740 66601 20356
is_linear=0
shrinkage=0.03


Tree=27
num_leaves=15
num_cat=0
split_feature=2 2 2 2 2 2 2 2 5 5 5 5 3 5
split_gain=1226.58 319.593 253.566 66.6885 56.4945 38.2718 35.3329 27.4714 17.4126 14.8098 14.582 12.3712 10.0761 5.28154
threshold=0.00062506533066187186 0.0012258898326818672 0.0002811199083325127 0.0018778711692193386 0.00011970909161247253 0.00086695843176463211 0.0004110636473599285 0.003976662478468577 -0.4561112543615658 0.62769457231286763 0.46036577993476718 -0.54752513989603513 0.0014586128352197237 0.13454228443412128
decision_type=8 8 10 8 10 10 10 8 10 10 10 10 10 10
left_child=2 5 4 10 -1 11 13 -5 -8 -7 -3 -2 -6 -4
right_child=1 3 6 7 12 9 8 -9 -10 -11 -12 -13 -14 -15
leaf_value=-5.8653204875332944e-06 2.696360907801467e-07 3.4733258059131097e-06 -3.6495685986482157e-06 6.6077362089333366e-06 -5.7914136766211837e-06 7.099929404979281e-07 -1.1912132595771653e-06 2.1545289050887925e-05 -3.3580177915029043e-06 -9.952394713161209e-07 1.1350031286037791e-06 -1.9704731143552271e-06 -4.6283007320447148e-06 -4.6431876805734024e-06
leaf_weight=2403 7581 56152 5311 141845 9879 49850 6351 37104 43093 56949 80840 66121 1639 12641
leaf_count=2403 7581 56152 5311 141845 9879 49850 6351 37104 43093 56949 80840 66121 1639 12641
internal_value=-2.03645e-05 0.000538989 -0.00343561 0.00111437 -0.00712325 -0.000467805 -0.00267208 0.00149595 -0.00225434 -0.000104261 0.000615407 -0.000993705 -0.00622849 -0.00381739
internal_weight=577759 496442 81317 315941 13921 180501 67396 178949 49444 106799 136992 73702 11518 17952
internal_count=577759 496442 81317 315941 13921 180501 67396 178949 49444 106799 136992 73702 11518 17952
is_linear=0
shrinkage=0.03


Tree=28
num_leaves=15
num_cat=0
split_feature=3 8 3 3 5 4 4 9 7 3 8 5 8 5
split_gain=525.695 99.5366 69.1953 64.0923 41.3017 33.8884 33.4369 31.1373 29.2551 17.707 15.075 13.9754 11.8053 9.12658
threshold=0.0030723211234019989 -1.04821231580966e-07 0.00086554209784646472 0.0068705496665617026 0.12181798009404948 -0.14597155571015222 0.37031848617599922 -0.66976046100938114 -1.0207095781034975e-07 0.00081727809860738436 -9.6468996110259407e-07 0.35382740301869386 0.00024775336570523245 -0.68696587053783065
decision_type=10 8 10 10 10 8 10 10 10 10 10 10 10 10
left_child=1 4 7 6 13 12 11 -3 -4 -6 -8 -2 -5 -1
right_child=3 2 8 5 9 -7 10 -9 -10 -11 -12 -13 -14 -15
leaf_value=3.5632374077863861e-06 6.0745398883841785e-06 -5.652913262888323e-06 2.7587169898843067e-06 1.3088734411000945e-05 -2.116922050147372e-06 6.8859747649837061e-06 4.0925941421163693e-06 -2.8644802645172375e-06 -1.7660667854547481e-06 -6.3720815186956248e-07 -4.1843360774042832e-07 2.6459180929582602e-06 2.0348012014118933e-05 6.4566997646575743e-07
leaf_weight=16399 31702 2820 7817 22166 39096 43706 14891 69331 107546 78613 40874 57434 14342 30493
leaf_count=16399 31702 2820 7817 22166 39096 43706 14891 69331 107546 78613 40874 57434 14342 30493
internal_value=-2.1828e-05 -0.000745815 -0.00121844 0.00111032 -0.000206997 0.00179116 0.000732905 -0.00194764 -0.000761721 -0.000507191 0.000155446 0.00109344 0.0024675 0.000545222
internal_weight=577230 352115 187514 225115 164601 80214 144901 72151 115363 117709 55765 89136 36508 46892
internal_count=577230 352115 187514 225115 164601 80214 144901 72151 115363 117709 55765 89136 36508 46892
is_linear=0
shrinkage=0.03


Tree=29
num_leaves=15
num_cat=0
split_feature=2 2 2 2 2 2 2 5 5 7 2 5 9 7
split_gain=1139.69 338.953 195.474 67.5432 64.6942 34.0373 32.016 21.0602 17.996 15.0938 12.9017 11.9254 10.184 9.94749
threshold=0.00080866176575446354 0.00031963184026521458 0.0016346348072455014 0.00011970909161247253 0.00053957707403010135 0.0034476753702755453 0.0011444663586117328 0.095197284844766264 1.111122772488556 -7.8352262933541544e-11 0.00020362843610001645 0.76499621239768201 -0.1791112334813055 -9.1589876560966484e-08
decision_type=8 10 8 10 10 8 10 8 10 8 10 10 8 10
left_child=1 3 6 -1 13 7 9 -4 -8 -2 -5 -6 -7 -3
right_child=2 4 5 10 11 12 8 -9 -10 -11 -12 -13 -14 -15
leaf_value=-5.5900305199306954e-06 5.7873839078269909e-07 -8.4352399211489976e-07 8.4272324446626109e-06 -5.6036801630104731e-06 -1.6622643258982965e-06 1.173605359697553e-05 2.0213814003232508e-06 3.9542001034677462e-06 -5.0445072148551681e-07 -1.1955872502124974e-06 -4.7797183323010391e-06 -2.6623405045906097e-06 2.2679373151300469e-05 -3.6030074157130488e-06
leaf_weight=2379 30302 1574 52251 4464 40795 24497 85832 114730 32816 71767 11337 36876 28562 39225
leaf_count=2379 30302 1574 52251 4464 40795 24497 85832 114730 32816 71767 11337 36876 28562 39225
internal_value=-3.09447e-05 -0.00242463 0.000711083 -0.00623914 -0.00183828 0.00134383 7.99721e-05 0.00113255 0.000415294 -0.000309231 -0.0055154 -0.00132843 0.00200727 -0.00280688
internal_weight=577407 136650 440757 18180 118470 220040 220717 166981 118648 102069 15801 77671 53059 40799
internal_count=577407 136650 440757 18180 118470 220040 220717 166981 118648 102069 15801 77671 53059 40799
is_linear=0
shrinkage=0.03


Tree=30
num_leaves=15
num_cat=0
split_feature=2 2 2 2 2 2 3 9 7 7 2 3 5 5
split_gain=1059.59 259.289 231.921 59.9054 46.6215 42.7054 36.746 23.8522 19.4217 14.3141 11.3402 10.4695 10.168 9.23265
threshold=0.00069578875847844913 0.00030088041605304093 0.0015887203328930576 0.00011970909161247253 0.00096225791866100035 0.0005009164788779937 0.010058309797956543 -0.31192239198428279 -7.8352262933541544e-11 -5.4026603752095199e-08 0.00038386087456429634 0.0014586128352197237 1.0594941301996323 -0.70370662564784181
decision_type=8 10 8 10 10 10 8 8 8 8 10 10 8 10
left_child=1 3 4 -1 9 10 7 -4 -6 -2 -3 -5 -8 -7
right_child=2 5 6 11 8 13 12 -9 -10 -11 -12 -13 -14 -15
leaf_value=-5.4223296043327747e-06 9.8398350839537711e-07 -4.3037309885667736e-06 2.7421461533132616e-06 -5.2836708531486051e-06 2.0679664193782254e-06 -3.4073854485657539e-07 2.0703109208106782e-05 6.2760812488072636e-06 -1.0902436967270325e-08 -1.5402809047924619e-06 -3.2408034037202297e-06 -4.2510107166087092e-06 9.7465959661643032e-06 -2.5387332165517197e-06
leaf_weight=2333 8878 11205 62078 11567 53130 3619 25722 128171 110494 73621 22688 2068 13046 48316
leaf_count=2333 8878 11205 62078 11567 53130 3619 25722 128171 110494 73621 22688 2068 13046 48316
internal_value=-2.62486e-05 -0.0028038 0.000568747 -0.00631506 -7.03766e-05 -0.00214919 0.00125584 0.00108354 0.000222533 -0.000652002 -0.00297974 -0.00553829 0.00209933 -0.00160554
internal_weight=576936 101796 475140 15968 246123 85828 229017 190249 163624 82499 33893 13635 38768 51935
internal_count=576936 101796 475140 15968 246123 85828 229017 190249 163624 82499 33893 13635 38768 51935
is_linear=0
shrinkage=0.03


Tree=31
num_leaves=15
num_cat=0
split_feature=2 2 2 2 2 3 4 2 5 5 5 3 3 3
split_gain=977.125 267.255 214.228 56.6931 47.2789 46.2347 29.2061 28.6588 25.5292 17.4556 16.7498 9.84382 6.76071 4.64757
threshold=0.00062506533066187186 0.0014324570685100462 0.0002811199083325127 0.00011970909161247253 0.00090327586612225588 0.0078547551433117511 -0.14597155571015222 0.0004110636473599285 -0.57593166857783185 -0.47202004529258207 0.028606324403837733 0.0020486603590152341 0.0013614720570216145 0.0020486603590152341
decision_type=8 8 10 10 10 8 8 10 10 10 10 10 10 10
left_child=2 4 3 -1 11 8 -7 13 -3 -9 -6 -2 -5 -4
right_child=1 5 7 12 10 6 -8 9 -10 -11 -12 -13 -14 -15
leaf_value=-5.2596597162027913e-06 -1.7877813764744425e-06 9.2727824900387951e-06 -3.9695808611668257e-06 -5.2073196979854575e-06 1.7089532549296395e-06 1.9194732194521098e-05 8.0826261190048348e-06 -7.8570037463423829e-07 3.2204741660337538e-06 -3.035333064399919e-06 -3.1870885247914218e-07 -8.5145704886289508e-07 -4.303789471517858e-06 -2.7207818721103542e-06
leaf_weight=2342 55524 26684 15828 9606 39120 27337 32697 6112 176592 43344 108773 29366 1888 2105
leaf_count=2342 55524 26684 15828 9606 39120 27337 32697 6112 176592 43344 108773 29366 1888 2105
internal_value=-2.3976e-05 0.000475341 -0.00307404 -0.00647581 -0.000265008 0.00113007 0.00186253 -0.00237386 0.000913373 -0.00199761 5.85384e-05 -0.000829329 -0.00558901 -0.00340645
internal_weight=577318 496093 81225 13836 232783 263310 60034 67389 203276 49456 147893 84890 11494 17933
internal_count=577318 496093 81225 13836 232783 263310 60034 67389 203276 49456 147893 84890 11494 17933
is_linear=0
shrinkage=0.03


Tree=32
num_leaves=15
num_cat=0
split_feature=2 2 2 2 2 2 2 5 5 5 5 7 2 5
split_gain=953.612 224.386 208.916 55.4028 54.4767 45.1012 30.9794 20.6386 17.1488 13.7784 12.4296 9.45074 9.28483 7.9162
threshold=0.00068800093113295321 0.0002811199083325127 0.0017230561369965586 0.00011970909161247253 0.0010294663053992134 0.00044701160991356424 0.0038033957607043318 1.0000000180025095e-35 0.21467669877464005 -0.68696587053783065 -0.63875716211154487 -7.2160286794379526e-09 0.00016848823110797654 0.13454228443412128
decision_type=8 10 8 10 10 10 8 10 8 10 10 10 10 10
left_child=1 3 4 -1 9 13 8 -6 -4 -2 -7 -8 -5 -3
right_child=2 5 6 12 7 10 11 -9 -10 -11 -12 -13 -14 -15
leaf_value=-5.1018699247167076e-06 1.6102558787450988e-06 -2.9408145704278829e-06 7.7781238909263832e-06 -5.1247345529401899e-06 2.9171649202979477e-06 -4.9443395355532592e-07 3.0609877828701084e-05 3.3683769576503708e-07 3.793097333763245e-06 -1.2931838876405946e-06 -2.6032071157978521e-06 1.4811379095598396e-05 -4.6622417876393118e-06 -4.0201691605323534e-06
leaf_weight=2375 7763 7339 57366 2320 43726 5160 12258 124886 105257 97371 55678 29211 9187 17370
leaf_count=2375 7763 7339 57366 2320 43726 5160 12258 124886 105257 97371 55678 29211 9187 17370
internal_value=-2.81459e-05 -0.00270111 0.000527967 -0.00624014 -1.34572e-05 -0.00212546 0.00125443 0.000320492 0.00106687 -0.000549589 -0.0016839 0.00198809 -0.00535973 -0.00320911
internal_weight=577267 99429 477838 13882 273746 85547 204092 168612 162623 105134 60838 41469 11507 24709
internal_count=577267 99429 477838 13882 273746 85547 204092 168612 162623 105134 60838 41469 11507 24709
is_linear=0
shrinkage=0.03


Tree=33
num_leaves=15
num_cat=0
split_feature=2 2 2 2 2 2 2 5 2 5 5 5 3 9
split_gain=892.669 233.991 187.673 58.9158 42.7347 42.0583 21.6316 19.7024 15.0812 14.3776 13.4964 9.2328 8.29461 5.70813
threshold=0.00062506533066187186 0.001413376995725197 0.00030088041605304093 0.00011970909161247253 0.00092544086569534053 0.0027694249079377431 0.00044701160991356424 0.35382740301869386 0.0056945744615923216 -0.4561112543615658 -0.4561112543615658 -0.80496520270652805 0.0013073412751030439 -0.58390542567302572
decision_type=8 8 10 10 10 8 10 10 8 10 10 10 10 10
left_child=2 4 3 13 11 7 -4 -3 -7 -6 -8 -2 -5 -1
right_child=1 5 6 12 9 8 10 -9 -10 -11 -12 -13 -14 -15
leaf_value=-4.945250256586992e-06 1.2334974857889547e-06 4.9795345935767997e-06 -3.5666928381218446e-06 -4.7228750165152367e-06 2.6890410014185702e-06 9.6937063639481038e-06 -7.9975215261902493e-07 2.0554079270641851e-06 3.3465220457555632e-05 -8.4954394781669063e-08 -2.8581906545679273e-06 -1.5451887369078349e-06 -4.1190024478892134e-06 -4.9487594653624096e-06
leaf_weight=475 4443 68958 22529 11005 18255 73624 5415 111219 13643 118363 37220 87167 2630 1891
leaf_count=475 4443 68958 22529 11005 18255 73624 5415 111219 13643 118363 37220 87167 2630 1891
internal_value=-2.58266e-05 0.000451644 -0.00294216 -0.00585497 -0.000253735 0.0010538 -0.00222521 0.000791245 0.00159506 8.2033e-05 -0.00182343 -0.000755075 -0.00508098 -0.01025
internal_weight=576837 495672 81165 16001 228228 267444 65164 180177 87267 136618 42635 91610 13635 2366
internal_count=576837 495672 81165 16001 228228 267444 65164 180177 87267 136618 42635 91610 13635 2366
is_linear=0
shrinkage=0.03


Tree=34
num_leaves=15
num_cat=0
split_feature=2 2 2 2 2 3 4 5 5 1 0 5 2 2
split_gain=820.039 279.126 134.492 61.5415 47.3247 26.9801 27.9828 26.5026 20.0776 18.6625 14.6533 11.7947 10.4932 9.15272
threshold=0.00083103697119302395 0.00031963184026521458 0.0018480656550764103 0.00011970909161247253 0.0005669767830623352 0.0041609518106693289 -0.090744064385933923 -0.33554855782630444 -0.59134197649879205 -1.1045052178353372 -0.18575196499848853 0.63785879838148196 0.00020362843610001645 0.0004110636473599285
decision_type=8 10 8 10 10 10 10 8 10 8 10 10 10 10
left_child=1 3 5 -1 13 8 -7 10 -2 -9 -4 -6 -5 -3
right_child=2 4 7 12 11 6 -8 9 -10 -11 -12 -13 -14 -15
leaf_value=-4.8004563192775969e-06 3.0784317217381683e-06 -3.3302221391647893e-06 6.1830617083066773e-06 -4.8351490503316917e-06 -1.1071344250902956e-06 5.1039449799948277e-06 3.8522626431977931e-07 1.6166402126542034e-06 -2.1361432410606118e-07 6.6559628680087472e-06 1.5717637155967912e-05 -2.1660856138177655e-06 -4.1320183750276961e-06 -2.6424292168226795e-06
leaf_weight=2376 19451 13600 11885 4508 36041 26799 29620 26615 174484 116711 28183 41477 11250 33764
leaf_count=2376 19451 13600 11885 4508 36041 26799 29620 26615 174484 116711 28183 41477 11250 33764
internal_value=-9.99698e-06 -0.00198002 0.000639453 -0.00545833 -0.00147406 0.000187024 0.000764394 0.0012567 1.87166e-05 0.00106495 0.00194067 -0.00101592 -0.00476674 -0.00222223
internal_weight=576764 143016 433748 18134 124882 250354 56419 183394 193935 143326 40068 77518 15758 47364
internal_count=576764 143016 433748 18134 124882 250354 56419 183394 193935 143326 40068 77518 15758 47364
is_linear=0
shrinkage=0.03


Tree=35
num_leaves=15
num_cat=0
split_feature=3 3 8 4 4 9 3 8 8 10 8 8 3 3
split_gain=384.247 83.1713 62.0705 38.953 35.8041 34.5632 29.2064 16.8454 16.5223 14.0737 13.3159 11.2171 10.7837 8.15821
threshold=0.0022690496716954319 0.0065387036061426793 -7.0504209513094136e-08 -0.14597155571015222 0.56485298109651738 -0.68755304707201925 0.00068603104048390923 -7.6788173504935292e-07 0.00026349385306781409 -0.7071067810778896 0.00042065126175850953 -0.00050223480137287057 0.0011617563137325748 0.016953620687748125
decision_type=8 8 8 8 10 10 10 10 10 8 10 10 10 8
left_child=2 4 9 10 8 -4 -7 -6 -2 11 -3 -1 -11 -5
right_child=1 3 5 13 7 6 -8 -9 -10 12 -12 -13 -14 -15
leaf_value=4.4136518156166044e-06 1.776714514397329e-06 1.0901705237289514e-05 -4.6463388865257488e-06 3.9308384764928562e-06 2.5699496283288578e-06 -2.6242712494092463e-06 -1.5778601789498459e-06 -1.2529958598607062e-06 5.2847139763874789e-06 -2.4721841136060628e-06 1.9242950040642699e-05 -6.436888638468264e-07 -9.6474046093801029e-07 1.7754027098860407e-05
leaf_weight=5225 121637 26460 4058 40063 16593 51665 86776 47345 15589 13130 13215 104861 23385 7249
leaf_count=5225 121637 26460 4058 40063 16593 51665 86776 47345 15589 13130 13215 104861 23385 7249
internal_value=-2.68059e-05 0.000748352 -0.000799626 0.00152364 0.000412747 -0.00124565 -0.00116485 -0.000172828 0.000686015 -0.000365621 0.00221797 -0.000195593 -0.000876386 0.000939774
internal_weight=577251 288151 289100 86987 201164 142499 138441 63938 137226 146601 39675 110086 36515 47312
internal_count=577251 288151 289100 86987 201164 142499 138441 63938 137226 146601 39675 110086 36515 47312
is_linear=0
shrinkage=0.03


Tree=36
num_leaves=15
num_cat=0
split_feature=2 2 2 2 2 7 7 8 2 8 1 2 2 7
split_gain=757.517 256.27 126.758 53.0124 44.4145 30.4094 26.8439 22.9518 19.7349 17.2627 15.8098 12.9933 6.88069 6.67275
threshold=0.00083103697119302395 0.00031963184026521458 0.0018480656550764103 0.00011970909161247253 0.00054879572911960739 -1.9123657480757206e-07 -9.9372787435071738e-10 0.00012779955324512265 0.0012258898326818672 0.00024775336570523245 -1.1045052178353372 0.00020362843610001645 0.00044701160991356424 -4.2099618891116188e-07
decision_type=8 10 8 10 10 8 8 10 10 8 8 10 10 8
left_child=1 3 5 -1 12 7 9 -2 -7 -4 -8 -5 -3 -6
right_child=2 4 6 11 13 8 10 -9 -10 -11 -12 -13 -14 -15
leaf_value=-4.5731547608340826e-06 -5.2516261943611386e-07 -3.2412041156213234e-06 8.6166488771390794e-06 -4.6158208363219518e-06 3.0169704477240498e-06 -5.2520005009114619e-07 1.4297354765352363e-06 6.7915187365068038e-06 1.0352657294122075e-06 1.7234256022439029e-05 6.0649603206642225e-06 -4.0188088511216005e-06 -2.5079113832631499e-06 -1.7541650569945708e-06
leaf_weight=2340 6918 20370 40814 4531 1175 110274 26544 14414 118674 16287 99647 11311 22552 80963
leaf_count=2340 6918 20370 40814 4531 1175 110274 26544 14414 118674 16287 99647 11311 22552 80963
internal_value=-2.6951e-05 -0.00191842 0.000597838 -0.0052467 -0.00143368 0.000158576 0.00119727 0.00124178 5.7338e-05 0.0017383 0.000951863 -0.00461128 -0.00221695 -0.00102342
internal_weight=576814 143242 433572 18182 125060 250280 183292 21332 228948 57101 126191 15842 42922 82138
internal_count=576814 143242 433572 18182 125060 250280 183292 21332 228948 57101 126191 15842 42922 82138
is_linear=0
shrinkage=0.03


Tree=37
num_leaves=15
num_cat=0
split_feature=2 2 2 2 2 2 2 1 5 5 5 1 2 5
split_gain=720.283 232.031 134.931 53.0048 44.8535 30.6657 24.8697 15.7309 14.1102 12.4627 11.1839 10.4383 8.78961 8.23897
threshold=0.00080866176575446354 0.0002811199083325127 0.0018480656550764103 0.00049128128572471081 0.00011970909161247253 0.0040734730298429885 0.00115280101907767 -0.83844983923991612 1.1176866561616776 -0.39790853053422642 -0.80496520270652805 -1.0841315553377469 0.00020362843610001645 0.12181798009404948
decision_type=8 10 8 10 10 8 10 10 10 10 10 8 10 10
left_child=1 4 6 13 -1 7 10 -4 -8 -5 -2 -7 -6 -3
right_child=2 3 5 9 12 11 8 -9 -10 -11 -12 -13 -14 -15
leaf_value=-4.4397560506132492e-06 3.0768736321029706e-06 -2.3074597815944528e-06 2.048558574669566e-06 -4.5945281097115475e-07 -4.4728918162498052e-06 8.2515133434915378e-06 1.8370476038018839e-06 6.2235167278649257e-06 -2.999294558653495e-07 -1.9814944744856938e-06 -6.5717718440711184e-07 2.4793501905905222e-05 -3.8897718408475436e-06 -3.331065881788447e-06
leaf_weight=2362 5265 9867 35411 12381 4523 8265 111116 113469 42085 76103 99193 26241 6921 24003
leaf_count=2362 5265 9867 35411 12381 4523 8265 111116 113469 42085 76103 99193 26241 6921 24003
internal_value=-1.81908e-05 -0.00192553 0.000570541 -0.00150858 -0.00561262 0.00119253 0.000127582 0.00100484 0.000371096 -0.00112082 -0.000228989 0.00200012 -0.00481718 -0.00251919
internal_weight=577205 136160 441045 122354 13806 183386 257659 148880 153201 88484 104458 34506 11444 33870
internal_count=577205 136160 441045 122354 13806 183386 257659 148880 153201 88484 104458 34506 11444 33870
is_linear=0
shrinkage=0.03


Tree=38
num_leaves=15
num_cat=0
split_feature=3 3 4 8 3 5 8 3 5 8 5 7 8 3
split_gain=318.262 63.0065 56.8018 37.5907 36.814 29.8158 22.2846 21.1227 20.4722 19.6668 14.2677 11.4325 8.50813 8.46687
threshold=0.0032412099549331279 0.0008818405824579863 0.16624137569544603 -4.7838384688345485e-08 0.0084034722696372591 -0.4561112543615658 -9.6468996110259407e-07 4.2105565485175154e-06 0.40195449603302852 -2.686785163694544e-07 1.0728206273978222 2.8616525850610031e-07 0.00024775336570523245 0.0065387036061426793
decision_type=10 10 10 8 10 10 10 10 10 10 10 10 10 10
left_child=1 3 4 8 10 -3 11 -5 -1 -7 -2 -4 -6 -8
right_child=2 5 6 7 12 9 13 -9 -10 -11 -12 -13 -14 -15
leaf_value=1.6082766151338381e-07 4.9079312194316115e-06 1.6477056522824559e-06 3.648617270427023e-06 -4.3282733259367111e-06 1.2900362928552437e-05 -1.9043082951604925e-08 -6.3608432976264257e-07 -2.3311058533997584e-06 -1.9934529174179521e-06 -1.288415092135832e-06 1.6107629474216857e-06 1.3876835149589112e-05 2.0285357211107342e-05 2.3259618728035853e-06
leaf_weight=25367 56791 32407 24622 1554 18648 73069 40831 59888 45475 125495 29344 5484 12214 26169
leaf_count=25367 56791 32407 24622 1554 18648 73069 40831 59888 45475 125495 29344 5484 12214 26169
internal_value=-1.98175e-05 -0.000560665 0.000897507 -0.00108286 0.00134284 -0.000261294 0.00036025 -0.00162644 -0.000610399 -0.000399176 0.00102281 0.00103819 0.00223348 5.46187e-05
internal_weight=577358 363255 214103 132284 116997 230971 97106 61442 70842 198564 86135 30106 30862 67000
internal_count=577358 363255 214103 132284 116997 230971 97106 61442 70842 198564 86135 30106 30862 67000
is_linear=0
shrinkage=0.03


Tree=39
num_leaves=15
num_cat=0
split_feature=2 2 2 2 2 2 2 5 1 3 1 2 5 5
split_gain=669.081 169.228 163.36 46.069 36.5543 32.6996 25.5937 21.1856 13.5064 9.49926 8.88632 7.3446 6.82244 6.08042
threshold=0.00065742872760719145 0.0002811199083325127 0.0015448393379234745 0.00011970909161247253 0.003976662478468577 0.00099271818802177596 0.00048099301382063304 -0.29044902765279429 -0.07915857879507264 0.02002298996470812 -0.87059707342434278 0.00020362843610001645 0.13454228443412128 -0.36730490209212169
decision_type=8 10 8 10 8 10 10 8 10 10 10 10 10 10
left_child=1 3 5 -1 7 10 12 -4 -7 -6 -2 -5 -3 -8
right_child=2 6 4 11 9 8 13 -9 -10 -11 -12 -13 -14 -15
leaf_value=-4.2328342608886711e-06 -2.039085343720008e-06 -2.2826678706313821e-06 7.5443901004105325e-06 -4.2576119471809541e-06 1.4710895332427961e-05 -4.0344083298891093e-07 -9.7724405810473233e-07 2.9129088125031984e-06 1.2378184348501801e-06 4.4940670786475397e-05 -7.9118476498199202e-07 -3.7993247881743621e-06 -3.2860993739196477e-06 -2.179705024398006e-06
leaf_weight=2358 16449 9322 42007 4543 30536 64334 6665 159229 80993 6438 86519 6922 22290 38177
leaf_count=2358 16449 9322 42007 4543 30536 64334 6665 159229 80993 6438 86519 6922 22290 38177
internal_value=-1.86514e-05 -0.00239058 0.000421405 -0.00544654 0.000982663 -0.000116832 -0.00183663 0.000822754 0.000172647 0.00185091 -0.000525957 -0.00464314 -0.00249282 -0.00137225
internal_weight=576782 90277 486505 13823 238210 248295 76454 201236 145327 36974 102968 11465 31612 44842
internal_count=576782 90277 486505 13823 238210 248295 76454 201236 145327 36974 102968 11465 31612 44842
is_linear=0
shrinkage=0.03


Tree=40
num_leaves=15
num_cat=0
split_feature=2 2 2 2 2 7 2 8 8 0 2 9 7 7
split_gain=615.259 203.969 112.366 55.0383 32.5969 26.4718 25.3382 20.7334 19.7304 16.497 7.50958 7.49644 6.5357 6.32092
threshold=0.00080866176575446354 0.00031963184026521458 0.0018480656550764103 0.00011970909161247253 0.00054879572911960739 -7.8352262933541544e-11 0.0045979157259734603 -3.2886250817598838e-06 -0.00013689805014082329 -0.1361827436039402 0.00020362843610001645 -0.38085111422886953 -2.1304364686516839e-08 -4.2099618891116188e-07
decision_type=8 10 8 10 10 8 8 10 8 10 10 8 10 8
left_child=1 3 5 -1 12 7 9 -2 -7 -4 -5 -8 -3 -6
right_child=2 4 6 10 13 8 11 -9 -10 -11 -12 -13 -14 -15
leaf_value=-4.1058492330620103e-06 -3.4526945276115412e-07 -1.1562379596153468e-06 2.6807754189586128e-06 -4.0848359537510418e-06 3.0537246490355305e-06 3.254941510890855e-06 9.3875909976221025e-06 2.6017934693690274e-06 -4.4219467441908673e-07 6.155491444129716e-06 -3.5314562179539288e-06 2.7565448893954585e-05 -2.7007026515338855e-06 -1.6140876060132631e-06
leaf_weight=2333 25328 4494 53367 4593 1047 13371 5854 57985 160450 105011 11318 19266 38427 74279
leaf_count=2333 25328 4494 53367 4593 1047 13371 5854 57985 160450 105011 11318 19266 38427 74279
internal_value=-1.07289e-05 -0.00177071 0.000534339 -0.00472368 -0.00131424 0.000129359 0.00110147 0.000569087 -8.10788e-05 0.000960224 -0.00408103 0.00198886 -0.00197536 -0.000936524
internal_weight=577123 136491 440632 18244 118247 257134 183498 83313 173821 158378 15911 25120 42921 75326
internal_count=577123 136491 440632 18244 118247 257134 183498 83313 173821 158378 15911 25120 42921 75326
is_linear=0
shrinkage=0.03


Tree=41
num_leaves=15
num_cat=0
split_feature=2 2 2 2 2 7 8 8 7 2 7 7 2 9
split_gain=600.809 157.747 144.766 49.5357 32.3501 29.5608 22.9174 21.9707 13.9576 13.3783 11.4214 7.72698 6.35454 3.26087
threshold=0.00064147182141194238 0.0015659985286473278 0.00030088041605304093 0.00011970909161247253 0.0010371539500078116 -7.561247323280973e-10 -0.00030059726627098692 0.00044539276684913944 -8.030763638123586e-07 0.00037023268076600977 -5.9836212032710978e-08 -2.4061777814115171e-08 0.00020362843610001645 -0.42806068992581836
decision_type=8 8 10 10 10 8 8 8 8 10 8 10 10 10
left_child=2 4 3 13 10 7 -7 -3 -6 -4 -2 -11 -5 -1
right_child=1 5 9 12 8 6 -8 -9 -10 11 -12 -13 -14 -15
leaf_value=-3.9297718668004176e-06 7.144737797031795e-07 6.3901115819034796e-06 -3.2993062573059416e-06 -3.9773689343141963e-06 8.4454316207485294e-06 1.3394546768363823e-05 2.8969916480131804e-06 1.6570059787857132e-05 4.1113976611648631e-07 -9.5496214406542617e-07 -1.1491816656440496e-06 -2.3357378710832601e-06 -3.5361293023819544e-06 -4.0006587777496923e-06
leaf_weight=773 12718 56332 9143 4454 3909 10943 150133 15845 132611 6576 108509 54236 9103 1648
leaf_count=773 12718 56332 9143 4454 3909 10943 150133 15845 132611 6576 108509 54236 9103 1648
internal_value=-1.74922e-05 0.000387426 -0.00233157 -0.00490943 -0.000123907 0.000952693 0.000725799 0.00145805 0.000192485 -0.0017413 -0.000480695 -0.00157769 -0.00418943 -0.00888276
internal_weight=576933 491000 85933 15978 257747 233253 161076 72177 136520 69955 121227 60812 13557 2421
internal_count=576933 491000 85933 15978 257747 233253 161076 72177 136520 69955 121227 60812 13557 2421
is_linear=0
shrinkage=0.03


Tree=42
num_leaves=15
num_cat=0
split_feature=2 2 2 2 2 2 7 2 7 9 0 2 7 8
split_gain=547.618 141.696 135.65 55.5732 30.4913 28.0592 14.8374 14.5551 14.1263 9.91972 9.50523 6.32112 5.84576 5.50803
threshold=0.00066540936190037452 0.00031963184026521458 0.001697485531501471 0.00011970909161247253 0.0010294663053992134 0.0035097707010538323 -3.5234499156719503e-11 0.0005009164788779937 -3.5110414798913302e-10 -0.24528846093507548 -0.14926136414336508 0.00020362843610001645 -1.7163313308371086e-07 7.4254351406696667e-05
decision_type=8 10 8 10 10 8 8 10 8 8 10 10 10 10
left_child=1 3 4 -1 10 8 -6 12 -4 -7 -2 -5 -3 -9
right_child=2 7 5 11 6 9 -8 13 -10 -11 -12 -13 -14 -15
leaf_value=-3.8626539927376601e-06 -1.9260746274237863e-06 1.6135455119754733e-06 6.0785533232867358e-06 -3.8755034628986677e-06 1.7750560569656034e-06 7.7415097377787515e-06 -5.7736014664716205e-08 -1.9768934248093742e-06 2.4632020426160716e-06 1.8449213023380205e-05 -6.1233280708109202e-07 -3.2930971238908895e-06 -2.5892833671625717e-06 -7.1218617693909492e-07
leaf_weight=2363 22782 556 51778 4542 60997 19755 103188 36059 106159 31133 88791 11395 30961 6682
leaf_count=2363 22782 556 51778 4542 60997 19755 103188 36059 106159 31133 88791 11395 30961 6682
internal_value=-2.72788e-05 -0.00214169 0.000376497 -0.00450737 -6.0094e-05 0.000953288 0.000199702 -0.00155736 0.000755076 0.00156702 -0.000442917 -0.00385953 -0.00204929 -0.00119281
internal_weight=577141 92558 484583 18300 275758 208825 164185 74258 157937 50888 111573 15937 31517 42741
internal_count=577141 92558 484583 18300 275758 208825 164185 74258 157937 50888 111573 15937 31517 42741
is_linear=0
shrinkage=0.03


Tree=43
num_leaves=15
num_cat=0
split_feature=3 4 5 3 3 10 8 5 8 5 8 8 8 3
split_gain=253.167 60.1829 49.3706 37.9326 31.6259 25.1112 21.1205 15.6959 14.9743 12.5376 10.1645 10.1058 7.66481 6.98289
threshold=0.0030411384147068675 0.01057598862617729 -0.59134197649879205 0.00070197163031619617 0.007688362153646963 -0.7071067810778896 -1.8311537298617058e-06 1.085732346483937 -2.0141683657080962e-07 0.64769939513422448 -1.785337955295267e-07 4.0320799858609996e-05 0.00024775336570523245 0.0065387036061426793
decision_type=8 8 8 10 10 8 8 10 10 10 8 10 10 8
left_child=2 4 10 5 7 -4 9 -2 -5 -3 -1 -12 -6 -8
right_child=1 6 3 8 12 -7 13 -9 -10 -11 11 -13 -14 -15
leaf_value=3.4169111190394548e-06 4.3318269490872808e-06 7.7346646833375525e-06 -1.7642725889828982e-06 -2.9575255711397553e-07 1.108465966395437e-05 -3.0043275426074852e-06 -5.7055708325146105e-07 1.0804212798451361e-06 -1.2392503007765152e-06 1.1111710850220653e-06 -7.8811753549352459e-07 2.6254063917523756e-06 1.7487277469245304e-05 2.1109282946856489e-06
leaf_weight=17478 53458 18298 82656 85582 20091 12987 52895 26801 131283 12707 13346 5769 13102 29624
leaf_count=17478 53458 18298 82656 85582 20091 12987 52895 26801 131283 12707 13346 5769 13102 29624
internal_value=-1.99761e-05 0.000759853 -0.000527179 -0.000649345 0.00124863 -0.0011474 0.000270791 0.00092494 -0.000429372 0.000938256 0.000514384 3.29412e-05 0.00202897 1.91933e-05
internal_weight=576077 226976 349101 312508 113452 95643 113524 80259 216865 31005 36593 19115 33193 82519
internal_count=576077 226976 349101 312508 113452 95643 113524 80259 216865 31005 36593 19115 33193 82519
is_linear=0
shrinkage=0.03


Tree=44
num_leaves=15
num_cat=0
split_feature=3 4 3 8 10 8 8 10 3 7 8 7 7 3
split_gain=248.127 52.7085 40.3463 34.815 23.8681 20.3672 19.6775 18.0323 17.7699 17.4136 15.9786 12.5409 11.9185 7.71969
threshold=0.0029157383356948579 0.01057598862617729 0.00070197163031619617 0.00056580363791250052 -0.7071067810778896 -1.2469534100881139e-06 -2.2785308844634594e-07 0.70710678118711134 0.0061309955085534608 -7.2442883728329753e-12 -4.7838384688345485e-08 4.0524600902543447e-07 -2.8563818428451935e-09 0.0065387036061426793
decision_type=8 8 10 10 8 8 10 10 10 10 8 10 8 8
left_child=2 3 4 8 10 11 12 -6 -2 -8 -1 -3 -4 -7
right_child=1 5 6 -5 7 13 9 -9 -10 -11 -12 -13 -14 -15
leaf_value=-1.0617790762056539e-06 2.2300545277763366e-06 3.0525054603685943e-06 -1.226209370560625e-06 1.36458486353867e-05 -3.5793640645157728e-06 -5.6026777611956871e-07 -2.2774619272114282e-07 -1.6702942579501841e-06 8.4880624626925253e-06 -1.5123542101960568e-06 -2.0174768232216868e-06 1.3169918141080434e-05 6.5617517448309392e-07 2.2586177456250669e-06
leaf_weight=50992 65357 29690 22143 17368 5659 54275 55156 9061 35177 88166 41310 5712 68845 28536
leaf_count=50992 65357 29690 22143 17368 5659 54275 55156 9061 35177 88166 41310 5712 68845 28536
internal_value=-1.41101e-05 0.000733467 -0.000531426 0.00118242 -0.00101426 0.000285122 -0.000310601 -0.00213849 0.00096698 -0.000529665 -0.000834106 0.000887326 3.38249e-05 2.68772e-05
internal_weight=577447 236115 341332 117902 107022 118213 234310 14720 100534 143322 92302 35402 90988 82811
internal_count=577447 236115 341332 117902 107022 118213 234310 14720 100534 143322 92302 35402 90988 82811
is_linear=0
shrinkage=0.03


Tree=45
num_leaves=15
num_cat=0
split_feature=2 2 2 2 2 2 7 1 2 7 4 2 9 7
split_gain=504.181 136.52 132.49 41.7755 36.87 24.0855 18.7624 15.7236 13.0397 12.4149 7.14961 5.07145 4.22816 3.81272
threshold=0.00064147182141194238 0.00020362843610001645 0.0012764567635523561 0.0029516242561734318 0.00038386087456429634 0.00011970909161247253 -1.9969978811302257e-10 -0.30355779268766186 0.00086695843176463211 -4.6790402653942306e-06 0.51874188171204361 0.00054879572911960739 -0.57509857845416956 -8.2561214103376655e-08
decision_type=8 10 8 8 10 10 8 10 10 10 8 10 10 10
left_child=1 5 7 6 13 12 -4 10 -9 -5 -2 -6 -1 -3
right_child=2 4 3 9 11 -7 -8 8 -10 -11 -12 -13 -14 -15
leaf_value=-3.5685545620950605e-06 -1.0330577795701203e-06 -5.3589994902998587e-07 3.9009867227659468e-06 3.5903491006382971e-05 -2.1780160178485162e-06 -3.6699459745793412e-06 1.2596078505841479e-06 -8.6277446195655687e-07 3.5540343548863143e-07 9.3812425858071215e-06 -2.3552943158469046e-06 -1.678829081581136e-06 -3.6615143114840627e-06 -3.0264519670493474e-06
leaf_weight=479 50401 520 74158 4722 33851 4553 152022 45520 79184 71200 14494 24532 1855 19868
leaf_count=479 50401 520 74158 4722 33851 4553 152022 45520 79184 71200 14494 24532 1855 19868
internal_value=-2.56266e-05 -0.0021496 0.0003443 0.000734469 -0.00179388 -0.00620096 0.000529599 -0.000277075 -7.94297e-05 0.00134386 -0.000655882 -0.00140791 -0.00871843 -0.00289499
internal_weight=577359 85658 491701 302102 78771 6887 226180 189599 124704 75922 64895 58383 2334 20388
internal_count=577359 85658 491701 302102 78771 6887 226180 189599 124704 75922 64895 58383 2334 20388
is_linear=0
shrinkage=0.03


Tree=46
num_leaves=15
num_cat=0
split_feature=2 2 2 2 2 2 2 1 9 1 7 1 9 7
split_gain=476.644 129.211 125.066 35.83 35.6662 21.3464 20.6087 14.3854 14.2636 12.6488 9.55701 4.86158 4.74766 3.96925
threshold=0.00062506533066187186 0.0014036589466879456 0.00020362843610001645 0.00037023268076600977 0.0027694249079377431 0.00096225791866100035 0.00011970909161247253 -0.98729432839113662 -0.31960628173666128 -0.099657680365004539 -1.7163313308371086e-07 0.10425550093169066 -0.42806068992581836 -1.9123657480757206e-07
decision_type=8 8 10 10 8 10 10 10 8 10 8 10 10 10
left_child=2 5 6 -4 7 10 12 -3 -6 -7 -2 -8 -1 -5
right_child=1 4 3 13 8 9 11 -9 -10 -11 -12 -13 -14 -15
leaf_value=-3.4972144987960865e-06 1.4290583000507946e-06 -1.3025332069687785e-07 -3.0421467411741395e-06 5.8975373990609609e-07 4.1244375912303323e-06 -7.3966585980665406e-07 -3.5830853189866921e-06 2.6625008542056086e-06 1.21426418111509e-05 9.0351564269000585e-07 -1.0862451230173095e-06 -3.3411497039290588e-06 -3.5516688821395408e-06 -2.0362239061298287e-06
leaf_weight=737 5411 31638 18251 1205 26292 53035 2249 150824 60964 70087 97450 2232 1620 54759
leaf_count=737 5411 31638 18251 1205 26292 53035 2249 150824 60964 70087 97450 2232 1620 54759
internal_value=-1.79554e-05 0.000330689 -0.0021507 -0.00179131 0.000774069 -0.000198245 -0.00603417 0.000534888 0.00127342 6.78296e-05 -0.000517289 -0.00478824 -0.00834728 -0.00141237
internal_weight=576754 495701 81053 74215 269718 225983 6838 182462 87256 123122 102861 4481 2357 55964
internal_count=576754 495701 81053 74215 269718 225983 6838 182462 87256 123122 102861 4481 2357 55964
is_linear=0
shrinkage=0.03


Tree=47
num_leaves=15
num_cat=0
split_feature=2 2 2 2 2 5 1 2 5 1 0 5 5 2
split_gain=455.716 138.45 108.716 44.6076 30.1089 24.9801 19.0595 18.2475 15.2905 10.8609 10.1169 6.61987 4.9298 4.70256
threshold=0.00066540936190037452 0.0002811199083325127 0.0018044651293684904 0.00011970909161247253 0.0010371539500078116 -0.62326240953477652 -1.1045052178353372 0.00044701160991356424 -0.29044902765279429 -0.30355779268766186 -0.27991029679285923 1.033000435401296 0.13454228443412128 0.00020362843610001645
decision_type=8 10 8 10 10 8 8 10 10 10 10 10 10 10
left_child=1 3 4 -1 9 10 -7 12 -6 -2 -4 -9 -3 -5
right_child=2 7 5 13 8 6 -8 11 -10 -11 -12 -13 -14 -15
leaf_value=-3.3967945298109271e-06 -1.4940447496914142e-06 -1.9402195592068789e-06 2.9242287704790559e-06 -3.4631231082491572e-06 2.6939220514976854e-06 3.9111407600950649e-07 4.9307305145651188e-06 -1.3985533117102144e-06 2.7611412608693934e-07 -3.9072890460945159e-07 1.4153117998541099e-05 -2.2916608671146146e-06 -2.8101516345080511e-06 -3.1828131482902652e-06
leaf_weight=2381 38888 7282 4498 4508 32615 30301 133968 36501 147040 75594 21426 17389 17343 6967
leaf_count=2381 38888 7282 4498 4508 32615 30301 133968 36501 147040 75594 21426 17389 17343 6967
internal_value=-2.57911e-05 -0.00195683 0.000342404 -0.00472263 -1.88273e-05 0.000901342 0.000764029 -0.00146743 0.000223249 -0.000399224 0.00176849 -0.00115547 -0.00214695 -0.00393121
internal_weight=576701 92371 484330 13856 294137 190193 164269 78515 179655 114482 25924 53890 24625 11475
internal_count=576701 92371 484330 13856 294137 190193 164269 78515 179655 114482 25924 53890 24625 11475
is_linear=0
shrinkage=0.03


Tree=48
num_leaves=15
num_cat=0
split_feature=2 2 2 2 2 5 2 5 2 5 5 3 0 4
split_gain=430.236 123.43 107.779 43.7703 34.7863 24.2324 22.6168 16.2861 13.5497 10.4825 9.83839 5.37538 3.81916 3.49935
threshold=0.00064147182141194238 0.00025880064545236045 0.0011609408801506857 0.0027694249079377431 0.00011970909161247253 0.44974006515712167 0.00037023268076600977 -0.80496520270652805 0.0056945744615923216 -0.502862998489645 1.0728206273978222 0.0013614720570216145 -0.21717816444070889 1.0213591083877978
decision_type=8 10 8 8 10 10 10 10 8 10 10 10 10 10
left_child=1 4 7 5 13 -4 -3 12 -5 -8 -9 -6 -2 -1
right_child=2 6 3 8 11 -7 9 10 -10 -11 -12 -13 -14 -15
leaf_value=-3.3322476411322112e-06 -1.5416506641598995e-06 -2.8009910011065134e-06 2.9386564869216034e-06 7.0765913474286971e-06 -3.3351695734305192e-06 6.1419041436692963e-07 -3.7442386636992256e-07 -4.6673390583517764e-07 2.6922299643995716e-05 -1.9661230699523787e-06 -1.5956547363466802e-06 -2.2616382107175432e-06 3.1027472460355885e-06 -3.1536838108772639e-06
leaf_weight=1981 1002 13558 101191 73671 7787 145616 7027 102629 13676 53615 47081 1346 6781 391
leaf_count=1981 1002 13558 101191 73671 7787 145616 7027 102629 13676 53615 47081 1346 6781 391
internal_value=-1.53595e-05 -0.00197678 0.000326472 0.000631468 -0.0048693 0.000426802 -0.00152688 -0.000320261 0.00120897 -0.00127692 -0.000390128 -0.00400766 0.00101476 -0.00813098
internal_weight=577352 85705 491647 334154 11505 246807 74200 157493 87347 60642 149710 9133 7783 2372
internal_count=577352 85705 491647 334154 11505 246807 74200 157493 87347 60642 149710 9133 7783 2372
is_linear=0
shrinkage=0.03


Tree=49
num_leaves=15
num_cat=0
split_feature=2 2 2 2 2 5 2 5 1 7 4 5 3 5
split_gain=410.084 128.571 99.8064 35.4492 26.351 24.7341 17.9827 17.3774 17.1426 7.61444 7.54604 7.00171 5.78065 4.98278
threshold=0.00066540936190037452 0.00025880064545236045 0.0018480656550764103 0.00011970909161247253 0.00096965498936124009 -0.57593166857783185 0.00045885339593508529 -0.70370662564784181 -1.1045052178353372 -1.5473125053499143e-07 -0.056333008706142211 0.069163144022159381 0.0014386593790011221 0.13454228443412128
decision_type=8 10 8 10 10 8 10 10 8 8 8 10 10 10
left_child=1 3 4 -1 9 10 13 -6 -7 -2 -4 -8 -5 -3
right_child=2 6 5 12 7 8 11 -9 -10 -11 -12 -13 -14 -15
leaf_value=-3.2201191959701256e-06 1.4231468288146774e-06 -1.7477849179738042e-06 1.641795079649387e-05 -3.2504086320874526e-06 4.1225599342149565e-06 3.5805842576749748e-07 -9.1727753183084986e-07 2.9087200402287945e-07 4.8053635776130148e-06 -9.5478525890140552e-07 8.7942356438193403e-06 -1.7973993296640848e-06 -2.0802419737813359e-06 -2.604179536901821e-06
leaf_weight=2365 5510 8684 11159 8006 15899 28801 13872 191570 126556 88240 16655 37998 1186 20625
leaf_count=2365 5510 8684 11159 8006 15899 28801 13872 191570 126556 88240 16655 37998 1186 20625
internal_value=-2.08859e-05 -0.00184853 0.000328922 -0.00481006 -6.69258e-06 0.000881129 -0.00142564 0.000181724 0.000732858 -0.000424275 0.00170658 -0.00108712 -0.00394675 -0.0020221
internal_weight=577126 92736 484390 11557 301219 183171 81179 207469 155357 93750 27814 51870 9192 29309
internal_count=577126 92736 484390 11557 301219 183171 81179 207469 155357 93750 27814 51870 9192 29309
is_linear=0
shrinkage=0.03


Tree=50
num_leaves=15
num_cat=0
split_feature=3 4 5 3 8 8 8 5 5 3 7 8 3 7
split_gain=184.07 49.5301 39.6353 31.0362 30.5221 18.4252 16.2897 15.1503 12.0869 11.6137 6.66606 7.37672 5.59827 3.77907
threshold=0.0031041035007096066 -0.056333008706142211 -0.60766426191734302 0.0008818405824579863 0.00047147793649218825 -8.5731862189706255e-07 -6.4131574600417238e-08 0.64769939513422448 1.0728206273978222 0.010665595405385406 -5.2877008198591984e-11 -0.00013689805014082329 0.014111927539686916 -7.2602393155307313e-06
decision_type=8 10 8 10 10 10 8 10 10 8 8 8 10 10
left_child=2 4 10 6 9 7 -4 -3 -5 -2 -1 -12 -7 -6
right_child=1 5 3 8 13 12 -8 -9 -10 -11 11 -13 -14 -15
leaf_value=3.0680766388790835e-06 2.8816590966252358e-06 6.6527692342253964e-06 -1.1995304455230898e-06 -3.4455339343875399e-07 3.5457253772877993e-05 -4.0307641356556982e-07 -1.9265523844994754e-06 4.1271362185332323e-07 -1.3820536200758723e-06 1.5494957190650202e-05 5.975274235703676e-06 6.6616739369688602e-08 6.3527864140631451e-06 9.5626074142532228e-06
leaf_weight=12746 77631 22468 58650 133637 3564 70401 60234 16697 66160 10100 2308 20909 6285 15678
leaf_count=12746 77631 22468 58650 133637 3564 70401 60234 16697 66160 10100 2308 20909 6285 15678
internal_value=-1.17615e-05 0.00066383 -0.000436414 -0.000543046 0.00112941 0.000233349 -0.000927095 0.000762731 -0.000314193 0.000890758 0.000506713 0.000200715 -3.62992e-05 0.00221338
internal_weight=577468 222824 354644 318681 106973 115851 118884 39165 199797 87731 35963 23217 76686 19242
internal_count=577468 222824 354644 318681 106973 115851 118884 39165 199797 87731 35963 23217 76686 19242
is_linear=0
shrinkage=0.03


Tree=51
num_leaves=15
num_cat=0
split_feature=2 2 2 2 2 2 5 2 5 5 5 3 3 1
split_gain=372.119 119.164 84.6617 36.5119 25.1234 20.5333 16.1444 15.4366 13.8093 12.0969 7.98444 6.50392 5.13884 3.97743
threshold=0.00068800093113295321 0.0002811199083325127 0.0019908966636428302 0.00011970909161247253 0.00115280101907767 0.0049448222846253482 0.16209425344759734 0.00039817041348855269 -0.20187126206413333 0.72073825118956525 0.12181798009404948 0.022649684052356862 0.0014586128352197237 -0.93490321737400384
decision_type=8 10 8 10 10 8 8 10 10 10 10 8 10 10
left_child=1 3 4 -1 9 6 -4 13 -6 -2 -9 -7 -5 -3
right_child=2 7 5 12 8 11 -8 10 -10 -11 -12 -13 -14 -15
leaf_value=-3.0786166570426119e-06 9.0731961771023823e-08 -3.659707781314226e-06 7.3371296438773657e-06 -3.0703373113451676e-06 2.8757158929895525e-06 1.6147718655649468e-05 2.7634619243398396e-06 -9.1397951068819167e-07 5.2063851812785942e-07 -1.0679826675184417e-06 -1.7473692877876842e-06 5.4229669755686497e-05 -2.4660565865603422e-06 -2.1536094831057798e-06
leaf_weight=2365 71675 2437 49679 9841 36459 16481 92235 19905 137530 69726 50147 4071 1623 13247
leaf_count=2365 71675 2437 49679 9841 36459 16481 92235 19905 137530 69726 50147 4071 1623 13247
internal_value=-4.15634e-08 -0.00166849 0.000347495 -0.00425363 6.06848e-05 0.000903863 0.000774668 -0.00125037 0.000302209 -0.000236078 -0.00105789 0.00179224 -0.00353809 -0.00210501
internal_weight=577421 99565 477856 13829 315390 162466 141914 85736 173989 141401 70052 20552 11464 15684
internal_count=577421 99565 477856 13829 315390 162466 141914 85736 173989 141401 70052 20552 11464 15684
is_linear=0
shrinkage=0.03


Tree=52
num_leaves=15
num_cat=0
split_feature=3 3 5 3 9 5 5 7 7 7 8 5 9 8
split_gain=170.82 32.7275 32.2822 29.0498 25.5795 15.5699 13.108 12.9917 12.2326 7.58502 7.26008 7.10074 3.65335 2.32627
threshold=0.0031041035007096066 0.0068705496665617026 -0.60766426191734302 0.0013812776733500296 -0.66976046100938114 1.0396750044919298 1.0728206273978222 -2.7858647544514521e-10 -5.4549720937176037e-07 -4.7712882920081324e-11 -0.00012589330373449231 1.0796470788858528 -0.17233734461041469 -7.1393440300785914e-06
decision_type=8 8 8 10 10 8 10 10 8 8 8 10 10 10
left_child=2 6 9 4 -4 8 7 -2 -3 13 -11 -5 -7 -1
right_child=1 5 3 11 -6 12 -8 -9 -10 10 -12 -13 -14 -15
leaf_value=9.2313405764734491e-07 3.7763496678517852e-06 1.3938720651638231e-05 -2.9951470719864382e-06 -1.5535551861978116e-07 -1.3136024159199631e-06 6.8226758668786047e-06 -2.3396888441310088e-07 9.1387006006580787e-07 6.858214121648024e-06 5.2000327360808302e-06 -2.0814432872427253e-07 -1.0950754621252068e-06 1.8247600316252656e-06 3.4293547917357177e-06
leaf_weight=3295 37030 15274 5435 95310 170527 7389 45238 60293 37235 2381 20494 47162 20439 9684
leaf_count=3295 37030 15274 5435 95310 170527 7389 45238 60293 37235 2381 20494 47162 20439 9684
internal_value=-1.8181e-05 0.00063236 -0.00042764 -0.000523816 -0.000781761 0.00111693 0.000358811 0.000554981 0.00142166 0.000424771 9.30741e-05 -0.000204784 0.000539478 0.00100423
internal_weight=577186 222898 354288 318434 175962 80337 142561 97323 52509 35854 22875 142472 27828 12979
internal_count=577186 222898 354288 318434 175962 80337 142561 97323 52509 35854 22875 142472 27828 12979
is_linear=0
shrinkage=0.03


Tree=53
num_leaves=15
num_cat=0
split_feature=3 3 5 8 7 8 8 5 7 8 3 8 5 5
split_gain=163.387 45.3372 27.6777 17.4222 16.6942 18.8987 17.102 15.443 13.474 12.5987 11.1187 9.97211 6.33568 5.84448
threshold=0.0022690496716954319 0.0065387036061426793 0.14842973386306471 -8.4239977480094967e-08 -9.5681731658199592e-11 -1.8311537298617058e-06 -9.8281827256496236e-06 1.0396750044919298 -1.9502458711386094e-06 0.00020615725297147642 0.00078377066817870934 -1.292619718376224e-07 -0.94253992232512129 1.0796470788858528
decision_type=8 8 8 8 10 10 8 8 8 10 10 8 10 10
left_child=2 4 3 12 6 -6 -2 8 -3 -5 11 -4 -1 -12
right_child=1 7 10 9 5 -7 -8 -9 -10 -11 13 -13 -14 -15
leaf_value=3.8492365866750191e-06 -7.3638994048055852e-07 1.8033360389673895e-05 -1.3339072019117069e-06 -1.1337221205992098e-06 2.5978470260430636e-06 -4.7566228609022335e-07 2.6739396296226463e-06 2.6868201725074563e-06 6.614357680332166e-06 2.9156591294255991e-06 -7.6308660863709929e-07 -1.902529728646693e-06 5.3611630833095241e-07 -1.6098458796296499e-06
leaf_weight=5752 18550 10030 35301 43034 25009 96761 60971 30087 46900 4503 68938 47117 35034 49091
leaf_count=5752 18550 10030 35301 43034 25009 96761 60971 30087 46900 4503 68938 47117 35034 49091
internal_value=-2.34661e-05 0.000481614 -0.000527945 -8.47022e-05 0.000233859 1.25636e-05 0.000571928 0.00105395 0.0013451 -0.000475487 -0.000722938 -0.000991192 0.000369301 -0.000535044
internal_weight=577078 288308 288770 88323 201291 121770 79521 87017 56930 47537 200447 82418 40786 118029
internal_count=577078 288308 288770 88323 201291 121770 79521 87017 56930 47537 200447 82418 40786 118029
is_linear=0
shrinkage=0.03


Tree=54
num_leaves=15
num_cat=0
split_feature=2 2 2 2 2 2 9 0 4 1 2 8 4 9
split_gain=328.026 121.053 82.2642 31.9831 25.4551 17.3603 14.986 14.7156 13.4671 12.8879 9.67585 6.60492 4.22708 3.91951
threshold=0.00071134866562551846 0.00020362843610001645 0.002298564291128177 0.00038386087456429634 0.0011609408801506857 0.00011970909161247253 -0.033807562349088043 -0.10621761658031086 -0.056333008706142211 -0.29318800138944229 0.0051485707725636553 0.00016865434203785864 0.60052466197567644 -0.42806068992581836
decision_type=8 10 8 10 10 10 8 10 8 10 8 10 8 10
left_child=1 5 4 12 9 13 8 -6 -4 -2 -8 -5 -3 -1
right_child=2 3 6 11 7 -7 10 -9 -10 -11 -12 -13 -14 -15
leaf_value=-2.8332439117085447e-06 -1.2413668805726195e-06 -2.1648371716615135e-06 6.7159610509495177e-06 -1.5084107057625399e-06 -1.7120263504874942e-07 -2.883554655420951e-06 8.1775413976287426e-06 1.63491469837211e-06 1.5382633457019397e-06 -3.7907536262896715e-08 3.3541591391128556e-05 -2.0385778511122539e-07 -2.8594750601067292e-06 -2.9000049390846944e-06
leaf_weight=752 47135 14298 40758 71831 70542 4581 43367 137367 34354 89601 7373 7402 6054 1630
leaf_count=752 47135 14298 40758 71831 70542 4581 43367 137367 34354 89601 7373 7402 6054 1630
internal_value=-1.36729e-05 -0.00151675 0.000326609 -0.00124826 8.66954e-05 -0.00534089 0.000983077 0.000295904 0.000712201 -0.000230968 0.00138266 -0.000974244 -0.00231107 -0.00745736
internal_weight=577045 106548 470497 99585 344645 6963 125852 207909 75112 136736 50740 79233 20352 2382
internal_count=577045 106548 470497 99585 344645 6963 125852 207909 75112 136736 50740 79233 20352 2382
is_linear=0
shrinkage=0.03


Tree=55
num_leaves=15
num_cat=0
split_feature=7 5 9 5 7 7 7 7 4 5 9 9 4 6
split_gain=73.9945 36.7271 22.426 21.3627 17.3669 14.8265 13.7577 12.382 4.69888 4.49846 4.49154 3.83514 2.47618 2.0358
threshold=-1.2585781208206592e-07 -0.35151080935599571 -0.68755304707201925 0.97738001641465311 3.4782692657854004e-08 9.1151062692134914e-08 -2.5745979527070326e-11 -1.1033819152493767e-06 0.67381364424347845 0.082514245541177048 -0.78028015525852956 1.3090377702656555 -0.13521414559556161 1.5188905311984595
decision_type=8 8 10 10 8 10 8 10 10 10 10 10 10 10
left_child=3 5 10 7 -4 6 -2 11 -7 -9 -3 -1 13 -5
right_child=1 2 4 12 -6 8 -8 9 -10 -11 -12 -13 -14 -15
leaf_value=1.407949368722283e-05 2.588432836164981e-06 -3.3193802176936353e-06 -7.0835912857816503e-07 8.3518387238461565e-07 5.991725134994778e-07 1.0798173954610423e-05 -7.3400094768887281e-08 4.9068330400661767e-06 2.9599815414232478e-06 1.8325809646281897e-06 -2.5637561338760865e-06 5.7485914229727969e-06 -1.5313302521706897e-06 6.9578368727545095e-06
leaf_weight=13093 29212 2127 344052 11870 76112 5353 48079 14069 4083 13610 6170 1768 6463 936
leaf_count=13093 29212 2127 344052 11870 76112 5353 48079 14069 4083 13610 6170 1768 6463 936
internal_value=-2.42077e-05 -0.000141988 -0.000256036 0.000956405 -0.00022535 0.00042072 0.00028261 0.00133184 0.00154415 0.000952147 -0.00180065 0.00203389 0.000124177 0.000367978
internal_weight=576997 515188 428461 61809 420164 86727 77291 42540 9436 27679 8297 14861 19269 12806
internal_count=576997 515188 428461 61809 420164 86727 77291 42540 9436 27679 8297 14861 19269 12806
is_linear=0
shrinkage=0.03


Tree=56
num_leaves=15
num_cat=0
split_feature=2 2 2 2 2 5 2 5 4 4 5 4 8 1
split_gain=318.733 98.593 83.8676 29.9318 24.4331 19.4198 17.0197 14.0191 11.4633 11.2534 7.17837 3.32189 3.09309 3.00467
threshold=0.00062506533066187186 0.00020362843610001645 0.0012764567635523561 0.0035097707010538323 0.00037023268076600977 -0.29044902765279429 0.00011970909161247253 -0.80496520270652805 -0.18058284906237526 -0.044798243980802781 -0.502862998489645 1.0213591083877978 2.3045738810028466e-05 0.047335799993800561
decision_type=8 10 8 8 10 8 10 10 10 8 10 10 10 10
left_child=1 6 7 5 12 -4 11 -2 -5 -9 -6 -1 -3 -8
right_child=2 4 3 8 10 -7 13 9 -10 -11 -12 -13 -14 -15
leaf_value=-2.791754017054809e-06 2.3316386577457289e-06 -2.5901038911321115e-06 4.3404537265702339e-06 1.600580764618374e-05 -3.278474153198028e-07 1.1337717933075087e-06 -2.8733557065176506e-06 -1.1237394506533887e-07 7.1815497620228052e-06 -1.0821779088891395e-06 -1.7195638206447488e-06 -2.6557041290653582e-06 -1.6650629554224906e-06 -2.6536428005783352e-06
leaf_weight=1996 9719 14639 50399 21582 6585 200861 2180 90265 29224 93802 49610 377 3590 2360
leaf_count=1996 9719 14639 50399 21582 6585 200861 2180 90265 29224 93802 49610 377 3590 2360
internal_value=-2.87007e-05 -0.00176931 0.000256729 0.000569281 -0.00144942 0.000434592 -0.00519746 -0.00023016 0.00123398 -0.000289053 -0.00113744 -0.00729417 -0.00240671 -0.00407473
internal_weight=577189 81337 495852 302066 74424 251260 6913 193786 50806 184067 56195 2373 18229 4540
internal_count=577189 81337 495852 302066 74424 251260 6913 193786 50806 184067 56195 2373 18229 4540
is_linear=0
shrinkage=0.03


Tree=57
num_leaves=15
num_cat=0
split_feature=2 2 2 5 2 2 2 5 7 1 5 4 7 10
split_gain=310.021 91.9633 89.017 32.5825 25.8015 21.0683 12.9877 9.77537 9.10067 8.50317 4.87405 3.89982 2.64111 2.59141
threshold=0.0005669767830623352 0.0011444663586117328 0.00020362843610001645 -0.76859528432762036 0.0027034534031844699 0.00011970909161247253 0.00037023268076600977 -0.80496520270652805 -8.6434282892770802e-10 -0.30355779268766186 -0.86058845968578157 1.00693871244305 -4.7712882920081324e-11 -0.70710678118661641
decision_type=8 8 10 8 8 10 10 10 10 10 10 10 10 10
left_child=2 7 5 8 -5 11 13 12 -3 -9 -8 -1 -2 -4
right_child=1 3 6 4 -6 -7 10 9 -10 -11 -12 -13 -14 -15
leaf_value=-2.7095468657322343e-06 3.178210400016775e-06 1.3114055793308411e-05 -3.6498818808850583e-06 9.7510892825102836e-07 6.420196300066374e-06 -2.7215882324160757e-06 5.8747874064605813e-07 -1.2015298268288694e-06 5.5521716556416208e-06 -4.2722813935066705e-07 -1.7487182814868278e-06 -2.5972835658783063e-06 4.7361799434431429e-07 -2.1717502578618158e-06
leaf_weight=2008 3549 10938 1242 229397 81329 4539 1691 56160 16569 107967 38965 380 4967 16967
leaf_count=2008 3549 10938 1242 229397 81329 4539 1691 56160 16569 107967 38965 380 4967 16967
internal_value=-5.11897e-06 0.000244411 -0.00194338 0.000532038 0.000444126 -0.00516189 -0.0015628 -0.000318743 0.0015224 -0.00037041 -0.00126061 -0.00747373 0.000669247 -0.00223316
internal_weight=576668 510876 65792 338233 310726 6927 58865 172643 27507 164127 40656 2388 8516 18209
internal_count=576668 510876 65792 338233 310726 6927 58865 172643 27507 164127 40656 2388 8516 18209
is_linear=0
shrinkage=0.03


Tree=58
num_leaves=15
num_cat=0
split_feature=2 2 2 2 2 2 1 5 7 5 2 2 9 7
split_gain=280.302 91.6035 73.4951 26.7345 21.5321 19.1918 19.1383 14.1072 15.3962 9.09989 9.04934 3.82228 3.81416 3.15016
threshold=0.00062506533066187186 0.00020362843610001645 0.001413376995725197 0.0043132252855988254 0.00011970909161247253 0.00037023268076600977 -0.41071494654910384 1.0728206273978222 -1.9123657480757206e-07 0.069163144022159381 0.0082522769874591607 0.00096965498936124009 -0.38496394859188166 -1.446909537210132e-08
decision_type=8 10 8 8 10 10 10 10 8 10 8 10 10 10
left_child=1 4 7 6 12 -3 -4 8 -2 -7 -5 -9 -1 -6
right_child=2 5 3 10 13 9 -8 11 -10 -11 -12 -13 -14 -15
leaf_value=-2.596604850794103e-06 3.3837560084809574e-06 -2.2590560654794061e-06 5.1185571294300293e-07 1.1203470874848852e-05 -1.1348691954779344e-06 -7.6509645318683592e-07 3.0323729042644203e-06 -1.425913172091608e-06 -1.3724079780383965e-07 -1.6920204894136299e-06 4.644744355694072e-05 -7.6490110090059332e-07 -2.6384875219165144e-06 -2.6047369097015722e-06
leaf_weight=805 10887 18186 84252 25125 329 15389 153740 31553 148942 40842 4586 36788 1531 4229
leaf_count=805 10887 18186 84252 25125 329 15389 153740 31553 148942 40842 4586 36788 1531 4229
internal_value=-1.26405e-05 -0.00164526 0.000254975 0.000592194 -0.00495452 -0.00133726 0.000485845 -0.000140415 1.34761e-05 -0.00106086 0.00144161 -0.000501148 -0.00732481 -0.00371322
internal_weight=577184 81311 495873 267703 6894 74417 237992 228170 159829 56231 29711 68341 2336 4558
internal_count=577184 81311 495873 267703 6894 74417 237992 228170 159829 56231 29711 68341 2336 4558
is_linear=0
shrinkage=0.03


Tree=59
num_leaves=15
num_cat=0
split_feature=3 4 3 9 3 4 8 8 8 8 8 8 3 8
split_gain=128.437 39.096 34.0983 21.9816 17.3943 14.9565 14.8544 13.7948 11.4909 7.98479 6.32445 6.252 4.5638 3.60133
threshold=0.0045275501679568246 0.23280081633793118 0.002002465922842373 -0.57509857845416956 0.012329857415099241 0.62507580981510236 -1.4101547146475772e-08 -0.00045718737697021276 -0.00030059726627098692 0.00012779955324512265 0.00024775336570523245 -9.6468996110259407e-07 0.015851384320020683 0.0011910300608679268
decision_type=8 8 10 10 10 10 8 10 8 10 10 10 8 10
left_child=2 4 3 6 9 10 -1 -5 -3 -2 -4 -7 -10 -6
right_child=1 8 5 7 13 11 -8 -9 12 -11 -12 -13 -14 -15
leaf_value=-2.0403770558636533e-06 3.593712113549404e-06 9.5860153722381413e-06 4.9812517100720442e-07 3.2039416494448602e-06 1.4745210967281422e-05 8.7249613443307425e-07 -2.5668793956633901e-06 -8.4812400390772012e-07 -5.8805841160550644e-08 6.4754936280707284e-06 2.6869456439080987e-06 -1.3551555459459426e-06 8.1805703954403186e-06 2.7428899694063291e-05
leaf_weight=11932 48939 5475 107364 6670 10513 11236 5758 239273 52410 18591 10727 37263 6050 4643
leaf_count=11932 48939 5475 107364 6670 10513 11236 5758 239273 52410 18591 10727 37263 6050 4643
internal_value=-1.22839e-05 0.000754383 -0.000273717 -0.000486044 0.00118526 6.19448e-05 -0.00150847 -0.000412201 0.000196106 0.000977199 0.000244418 -0.000381084 7.18317e-05 0.00210708
internal_weight=576844 146621 430223 263633 82686 166590 17690 245943 63935 67530 118091 48499 58460 15156
internal_count=576844 146621 430223 263633 82686 166590 17690 245943 63935 67530 118091 48499 58460 15156
is_linear=0
shrinkage=0.03


Tree=60
num_leaves=15
num_cat=0
split_feature=2 2 2 2 2 5 2 4 1 2 5 3 4 8
split_gain=259.514 94.6871 75.3753 20.409 18.4234 17.6109 16.9199 16.2891 15.8863 10.4575 8.62771 5.66335 3.77221 2.98722
threshold=0.00063335451416563708 0.00020362843610001645 0.0018044651293684904 0.0053940208967316544 0.00011970909161247253 0.49287565365743935 0.00037023268076600977 0.60052466197567644 -1.0058077395909855 0.00096225791866100035 0.12181798009404948 0.02002298996470812 1.0213591083877978 2.3045738810028466e-05
decision_type=8 10 8 8 10 10 10 8 8 10 10 8 10 10
left_child=1 4 5 8 12 7 13 -2 -4 -7 -8 -5 -1 -3
right_child=2 6 3 11 -6 9 10 -9 -10 -11 -12 -13 -14 -15
leaf_value=-2.5119013521731546e-06 1.1904191849592582e-06 -2.3013901895015278e-06 1.6524145783229148e-07 1.6364668028498513e-05 -2.5008470806352048e-06 -1.0466345652646355e-06 -7.0632729570491472e-07 -6.4556449413732295e-07 4.0215010679850181e-06 -2.3330742035785059e-07 -1.6717427709748419e-06 4.6394843423976198e-05 -2.4220937262886883e-06 -1.3393556786161591e-06
leaf_weight=1964 84437 14611 34729 11785 4530 59829 16834 41321 139590 117804 41771 4259 389 3606
leaf_count=1964 84437 14611 34729 11785 4530 59829 16834 41321 139590 117804 41771 4259 389 3606
internal_value=-2.53624e-05 -0.00156997 0.000236396 0.000704344 -0.00494153 -5.70334e-05 -0.0012665 0.000214347 0.000609503 -0.0002495 -0.00101595 0.00173004 -0.00712738 -0.00206825
internal_weight=577459 83705 493754 190363 6883 303391 76822 125758 174319 177633 58605 16044 2353 18217
internal_count=577459 83705 493754 190363 6883 303391 76822 125758 174319 177633 58605 16044 2353 18217
is_linear=0
shrinkage=0.03


Tree=61
num_leaves=15
num_cat=0
split_feature=2 2 2 2 2 5 4 2 1 1 5 5 7 1
split_gain=254.656 80.5086 73.8587 28.262 19.436 17.2333 15.1888 12.8491 12.1108 10.3797 5.9087 4.39984 3.81898 2.99357
threshold=0.0005669767830623352 0.00020362843610001645 0.0020796610785449852 0.00085973527298878656 0.00011970909161247253 -0.30512237499055017 -0.067989236129265815 0.00038386087456429634 -1.8864272593767051 -1.1045052178353372 1.0796470788858528 -0.60766426191734302 -8.2561214103376655e-08 -1.0249243297139012
decision_type=8 10 8 10 10 8 8 10 10 8 10 10 8 10
left_child=1 4 3 10 -1 8 -5 12 -4 -7 -2 -9 -3 -6
right_child=2 7 5 6 13 9 -8 11 -10 -11 -12 -13 -14 -15
leaf_value=-2.4288108140530145e-06 -5.6884960125710266e-07 8.279982123267684e-07 -2.5221758822228655e-06 1.1043162995645958e-06 -2.5379076349729612e-06 3.0177153775591719e-08 -2.2664555433582778e-07 -5.5113568373643618e-08 1.0520286186740429e-05 4.3466311810348888e-06 -1.4752997002828961e-06 -1.5761347857425532e-06 -2.1255811346692865e-06 -2.3812491216523606e-06
leaf_weight=2346 61106 548 2735 130384 756 22176 143473 3561 32537 93234 25700 34939 19867 3838
leaf_count=2346 61106 548 2735 130384 756 22176 143473 3561 32537 93234 25700 34939 19867 3838
internal_value=-1.23179e-05 -0.00176816 0.000213726 -1.91642e-05 -0.0048259 0.000771521 0.00013018 -0.00140619 0.00135315 0.000593138 -0.000490969 -0.00107972 -0.00201812 -0.0036503
internal_weight=577200 65855 511345 360663 6940 150682 273857 58915 35272 115410 86806 38500 20415 4594
internal_count=577200 65855 511345 360663 6940 150682 273857 58915 35272 115410 86806 38500 20415 4594
is_linear=0
shrinkage=0.03


Tree=62
num_leaves=15
num_cat=0
split_feature=3 4 5 3 3 5 7 7 3 3 4 5 5 3
split_gain=112.535 41.0437 28.2438 22.4769 15.6419 13.6452 10.0803 13.4022 8.34613 7.11987 7.16842 6.48755 6.2809 3.31366
threshold=0.0033531862416422233 1.0000000180025095e-35 -0.013974087933262906 0.010665595405385406 0.00070197163031619617 1.1503385001172266 -1.1908298347134773e-11 2.0806789904091661e-11 4.2105565485175154e-06 0.015851384320020683 0.91330953844422946 -0.86058845968578157 1.0728206273978222 0.02002298996470812
decision_type=8 10 8 8 10 10 8 10 10 10 10 10 10 8
left_child=2 3 6 5 8 -2 11 -8 -4 10 -3 -1 -6 -5
right_child=1 9 4 13 12 -7 7 -9 -10 -11 -12 -13 -14 -15
leaf_value=3.6280981972430368e-06 3.9106468669625207e-06 1.0486032988727185e-06 -2.3322462365856867e-06 1.2615429848046147e-05 -4.2634536624313464e-07 6.4534433579895756e-07 -1.0944092123072703e-06 7.577269619862239e-07 -1.3290887753135453e-06 9.6684266524887712e-06 -8.4842950747521777e-07 7.3685089248078833e-07 -1.1187879938198923e-06 3.4314834344413265e-05
leaf_weight=7713 60061 54000 1865 13534 116652 24676 28460 30495 77610 7831 42210 29231 78013 4616
leaf_count=7713 60061 54000 1865 13534 116652 24676 28460 30495 77610 7831 42210 29231 78013 4616
internal_value=-1.72936e-05 0.000542858 -0.000330702 0.000967783 -0.000485756 0.00076123 0.000111919 -0.000130756 -0.000840913 0.000122017 5.05093e-05 0.000500731 -0.000340414 0.00192786
internal_weight=576967 206928 370039 102887 274140 84737 95899 58955 79475 104041 96210 36944 194665 18150
internal_count=576967 206928 370039 102887 274140 84737 95899 58955 79475 104041 96210 36944 194665 18150
is_linear=0
shrinkage=0.03


Tree=63
num_leaves=15
num_cat=0
split_feature=3 4 3 5 5 3 8 8 8 8 5 3 0 5
split_gain=108.159 42.1512 22.5388 22.4884 17.7032 15.0946 14.3744 11.0705 11.4688 9.74177 6.15892 5.90691 4.1348 3.5776
threshold=0.0031041035007096066 0.32377868801268189 0.012329857415099241 -0.028244900836934452 1.033000435401296 0.00063810539599200929 -0.00030059726627098692 -1.7171023091376263e-07 0.00011947013477542311 -0.00030059726627098692 1.0461484755717292 0.02002298996470812 -0.54506645114494867 1.4030501349686875
decision_type=8 8 10 8 10 10 8 8 10 8 10 8 10 10
left_child=3 2 4 7 -2 9 -3 12 -9 -5 -7 -8 -1 -4
right_child=1 6 13 5 -6 10 11 8 -10 -11 -12 -13 -14 -15
leaf_value=-9.7399960098714463e-06 3.7358952724967504e-06 7.5277409268597185e-06 1.8588079515494513e-05 1.7827921116969995e-06 6.9377979966102083e-07 -4.1857573511718115e-07 -5.9654067132749806e-07 -7.8600888820441629e-07 2.2285703450879627e-06 -1.5215127032857698e-06 -1.1287045647582564e-06 1.1384484036786897e-05 1.4984012804679994e-06 4.9107044456417225e-06
leaf_weight=310 74521 6660 13686 3017 41823 111397 80186 45753 8382 70018 80073 3376 35828 2247
leaf_count=310 74521 6660 13686 3017 41823 111397 80186 45753 8382 70018 80073 3376 35828 2247
internal_value=-2.7262e-05 0.000491144 0.000832145 -0.000352554 0.000686302 -0.000492108 -8.17892e-06 5.56915e-05 -0.000214978 -0.000859607 -0.000351577 -0.000115804 0.000462764 0.00189224
internal_weight=577277 222499 132277 354778 116344 264505 90222 90273 54135 73035 191470 83562 36138 15933
internal_count=577277 222499 132277 354778 116344 264505 90222 90273 54135 73035 191470 83562 36138 15933
is_linear=0
shrinkage=0.03


Tree=64
num_leaves=15
num_cat=0
split_feature=3 5 3 3 5 7 1 7 7 5 5 0 5 8
split_gain=104.747 31.2519 23.4106 15.9991 13.9643 12.5506 10.8172 8.51287 8.06495 7.15152 2.92238 2.85691 2.26369 1.64842
threshold=0.0045275501679568246 -0.57593166857783185 0.0017584666109701681 0.015851384320020683 1.1503385001172266 -1.1033819152493767e-06 -1.2161792003998453 -2.8514240421323119e-11 1.4013339829086255e-10 1.0659920351951377 0.33009469877403969 0.8809471149691791 -0.86058845968578157 -0.00050223480137287057
decision_type=8 8 10 8 8 10 8 8 10 10 8 10 10 8
left_child=1 7 6 4 5 -2 -3 12 -9 -4 11 -5 -1 -6
right_child=3 2 9 10 13 -7 -8 8 -10 -11 -12 -13 -14 -15
leaf_value=3.9910558261089287e-06 9.3037121566053262e-06 -2.0079809840870739e-06 1.8541271549098677e-07 2.8351715226787711e-05 -2.6712044479195958e-06 2.715593160045357e-06 -8.4296015402142125e-07 -6.3945601031444527e-07 2.2903759957771442e-06 -8.3465894454321374e-07 1.1404404201467301e-05 3.5157762176223311e-06 2.1415675464001047e-06 6.5167197466282798e-07
leaf_weight=8783 11221 28167 110359 5941 3298 82617 184599 15695 12500 59656 8963 800 10483 34201
leaf_count=8783 11221 28167 110359 5941 3298 82617 184599 15695 12500 59656 8963 800 10483 34201
internal_value=-1.19212e-05 -0.000248268 -0.000338394 0.000679193 0.000570184 0.000765792 -0.000548154 0.00047726 0.000142528 -7.55183e-05 0.0015861 0.00207169 0.000963685 7.9021e-05
internal_weight=577283 430242 382781 147041 131337 93838 212766 47461 28195 170015 15704 6741 19266 37499
internal_count=577283 430242 382781 147041 131337 93838 212766 47461 28195 170015 15704 6741 19266 37499
is_linear=0
shrinkage=0.03


Tree=65
num_leaves=15
num_cat=0
split_feature=2 2 2 2 2 2 1 5 1 5 5 9 6 7
split_gain=221.789 75.0726 55.9855 24.8368 17.6636 15.2197 14.9235 11.6504 11.3382 7.09814 5.69278 3.07682 2.66828 2.45805
threshold=0.00062506533066187186 0.00020362843610001645 0.0012764567635523561 0.0029516242561734318 0.00011970909161247253 0.00037023268076600977 -1.8864272593767051 1.0396750044919298 -0.85450157591565901 -0.57593166857783185 0.96990413646646789 -0.42806068992581836 0.35271488589698224 -1.446909537210132e-08
decision_type=8 10 8 8 10 10 8 10 10 10 10 10 10 8
left_child=1 4 8 7 11 13 -5 -4 12 -10 -7 -1 -2 -3
right_child=2 5 3 6 -6 10 -8 -9 9 -11 -12 -13 -14 -15
leaf_value=-2.1555929943970809e-06 -1.0179742638427833e-06 -8.2002812853201107e-07 1.8698616885082969e-06 -2.2446136466252833e-06 -2.2302367057933962e-06 -1.0189826740602009e-06 8.5140091926190697e-06 4.2126258197151775e-08 1.4389364800272309e-06 -2.7400164203318545e-07 -1.7524805239295243e-06 -2.2742906942653999e-06 -2.1915866072116182e-06 -2.0479235328854164e-06
leaf_weight=740 25864 1761 152144 6746 4585 35845 69033 73459 16682 145087 20260 1617 6200 16458
leaf_count=740 25864 1761 152144 6746 4585 35845 69033 73459 16682 145087 20260 1617 6200 16458
internal_value=-1.01372e-05 -0.00146272 0.000228139 0.000483994 -0.00444735 -0.00118258 0.000954281 0.000325726 -0.000169374 -6.67948e-05 -0.000935579 -0.00658555 -0.000684854 -0.001939
internal_weight=576481 81266 495215 301382 6942 74324 75779 225603 193833 161769 56105 2357 32064 18219
internal_count=576481 81266 495215 301382 6942 74324 75779 225603 193833 161769 56105 2357 32064 18219
is_linear=0
shrinkage=0.03


Tree=66
num_leaves=15
num_cat=0
split_feature=2 2 2 2 2 2 5 5 2 1 5 5 3 8
split_gain=219.888 68.576 65.1697 28.0863 18.4179 16.1448 14.6999 13.0652 9.79962 6.41637 6.18885 3.89667 3.7884 3.37377
threshold=0.00055834354680111338 0.00020362843610001645 0.0022115901347978155 0.00099271818802177596 0.00011970909161247253 0.0051485707725636553 -0.71925900060403791 1.0728206273978222 0.00037023268076600977 -1.2654285975002018 0.74800070996044055 -0.4561112543615658 0.00016675649582112442 2.3045738810028466e-05
decision_type=8 10 8 10 10 8 10 8 10 8 10 10 10 10
left_child=1 4 3 10 12 7 -5 -4 13 -7 -2 -10 -1 -3
right_child=2 8 5 6 -6 9 -8 -9 11 -11 -12 -13 -14 -15
leaf_value=-2.1753454669447252e-06 -3.2129343700687707e-07 -2.0622574278697872e-06 5.1165681026689222e-06 3.7063062190229031e-06 -2.2081400865735159e-06 4.4250248766667911e-06 3.2168840728498959e-07 7.6657953887165629e-07 -4.7174892213295292e-07 2.3664921249398726e-05 -1.0241361235962071e-06 -1.5181273392202543e-06 -2.12917364727596e-06 -9.8892951428914961e-07
leaf_weight=905 67049 14637 81026 18811 4508 3729 230252 35635 4980 14528 62505 33601 1466 3623
leaf_count=905 67049 14637 81026 18811 4508 3729 230252 35635 4980 14528 62505 33601 1466 3623
internal_value=-1.50711e-05 -0.00167723 0.000191084 -1.05064e-05 -0.00450806 0.000757204 0.000175683 0.000626428 -0.00133285 0.00158877 -0.000368899 -0.00105786 -0.00667535 -0.00190969
internal_weight=577255 63720 513535 378617 6879 134918 249063 116661 56841 18257 129554 38581 2371 18260
internal_count=577255 63720 513535 378617 6879 134918 249063 116661 56841 18257 129554 38581 2371 18260
is_linear=0
shrinkage=0.03


Tree=67
num_leaves=15
num_cat=0
split_feature=2 2 2 2 2 5 2 1 2 5 4 5 4 5
split_gain=197.204 76.4891 56.4705 25.3472 19.0914 16.8787 10.2003 9.99342 9.35906 7.55926 3.67735 3.6037 3.51464 3.29396
threshold=0.0005669767830623352 0.00020362843610001645 0.001251521136407009 0.003976662478468577 0.00011970909161247253 0.4258728911424971 0.00037023268076600977 -0.51359553126048374 0.0082522769874591607 -0.68696587053783065 0.50693559408678845 -0.86058845968578157 1.00693871244305 0.68523181448421411
decision_type=8 10 8 8 10 8 10 10 8 10 8 10 10 10
left_child=1 4 7 5 12 -4 13 10 -5 -9 -2 -8 -1 -3
right_child=2 6 3 8 -6 -7 11 9 -10 -11 -12 -13 -14 -15
leaf_value=-2.1100851029363834e-06 -8.1756655589693942e-07 -1.5045724574863044e-06 2.5978558187384274e-06 9.3374501155136725e-06 -2.1606543529117343e-06 5.3646232331798462e-07 7.2250133589415206e-07 1.6846818587288409e-06 4.2303431522487697e-05 -3.0876189011820429e-07 -1.8441716564566291e-06 -1.3126353668374269e-06 -2.0604812797671484e-06 -2.1938998992584217e-06
leaf_weight=1974 42156 9093 111194 32142 4536 160703 1661 11907 4586 137671 11244 38872 398 9022
leaf_count=1974 42156 9093 111194 32142 4536 160703 1661 11907 4586 137671 11244 38872 398 9022
internal_value=-1.47201e-05 -0.00156383 0.00018369 0.000439354 -0.00455074 0.000339094 -0.00121027 -0.000204751 0.00117965 -7.84956e-05 -0.000557199 -0.000942259 -0.00675819 -0.00180579
internal_weight=577159 65556 511603 308625 6908 271897 58648 202978 36728 149578 53400 40533 2372 18115
internal_count=577159 65556 511603 308625 6908 271897 58648 202978 36728 149578 53400 40533 2372 18115
is_linear=0
shrinkage=0.03


Tree=68
num_leaves=15
num_cat=0
split_feature=2 2 2 2 5 2 4 8 1 5 8 4 4 7
split_gain=193.625 79.3826 56.1112 24.1639 20.3534 17.1896 7.82464 9.52054 6.75249 5.0943 4.7784 3.60719 2.8333 0.433625
threshold=0.00057560327648803011 0.00011970909161247253 0.0011444663586117328 0.0053940208967316544 0.35382740301869386 0.00037023268076600977 0.32377868801268189 8.0597975302020732e-05 -0.77690361389983198 -0.80496520270652805 -0.00030059726627098692 0.26616657753238132 1.0213591083877978 1.0000000180025095e-35
decision_type=8 10 8 8 8 10 8 10 10 10 8 10 10 10
left_child=1 12 6 4 -4 8 7 -2 -3 -5 -8 -7 13 -1
right_child=2 5 3 9 -6 11 10 -9 -10 -11 -12 -13 -14 -15
leaf_value=-2.039033890057075e-06 -4.0623833188271453e-07 -2.4158756592587638e-06 2.7308672756208006e-06 4.978729982832859e-05 6.3612344936430916e-07 -9.7918924629208114e-07 2.0942773149632239e-06 1.3383331053843248e-06 -1.6620401021667976e-06 1.622359972924139e-05 -1.0446251899855645e-06 -1.6432022006882561e-06 -2.00042688417564e-06 -2.0495355667161656e-06
leaf_weight=1121 88993 4597 125248 2182 197528 25639 2632 16023 18126 13896 62983 17106 404 849
leaf_count=1121 88993 4597 125248 2182 197528 25639 2632 16023 18126 13896 62983 17106 404 849
internal_value=-9.02073e-06 -0.00151459 0.000191366 0.000414839 0.000358027 -0.00131742 -0.000252073 -9.07775e-05 -0.00198663 0.00155072 -0.000509257 -0.000959888 -0.00689849 -0.00742424
internal_weight=577327 67842 509485 338854 322776 65468 170631 105016 22723 16078 65615 42745 2374 1970
internal_count=577327 67842 509485 338854 322776 65468 170631 105016 22723 16078 65615 42745 2374 1970
is_linear=0
shrinkage=0.03


Tree=69
num_leaves=15
num_cat=0
split_feature=2 2 2 2 2 5 0 0 2 0 9 9 0 8
split_gain=179.784 67.8813 53.87 19.7656 18.7178 17.2941 12.9412 11.1601 9.78809 6.08286 5.27262 3.59332 3.03401 0.362424
threshold=0.0005669767830623352 0.00011970909161247253 0.0021341570467762819 0.00096225791866100035 0.00031963184026521458 -0.30512237499055017 -0.32075418960466168 -0.21413330697779645 0.0082522769874591607 -0.22381654438866208 -0.461357243229715 -0.58390542567302572 -0.12176375207843247 1.9424950239460352e-05
decision_type=8 10 8 10 10 10 8 10 10 10 10 10 10 10
left_child=1 11 3 9 10 6 -4 -5 -7 -2 -3 -1 -6 -13
right_child=2 4 5 7 12 8 -8 -9 -10 -11 -12 13 -14 -15
leaf_value=-1.776214368148357e-06 -1.6936330286963593e-06 -2.2818319294744189e-06 -1.7691596630586994e-06 -9.9778726614673107e-07 -1.7997566942045599e-06 2.461429304008197e-06 1.014516390833205e-05 6.5031176782837065e-07 3.4106304638096706e-05 -4.7242473685425726e-07 -1.7640708620680254e-06 -2.0244433874570903e-06 -1.1028175987701568e-06 -1.9186519674696987e-06
leaf_weight=461 11930 2812 4473 34870 11706 106887 29680 214013 3242 106576 13087 1578 35638 341
leaf_count=461 11930 2812 4473 34870 11706 106887 29680 214013 3242 106576 13087 1578 35638 341
internal_value=-1.61198e-05 -0.0014944 0.000173381 -1.93686e-05 -0.00130542 0.000664569 0.00125539 0.000132298 0.000480702 -0.000338385 -0.00219913 -0.00646444 -0.00100363 -0.00574184
internal_weight=577294 65623 511671 367389 63243 144282 34153 248883 110129 118506 15899 2380 47344 1919
internal_count=577294 65623 511671 367389 63243 144282 34153 248883 110129 118506 15899 2380 47344 1919
is_linear=0
shrinkage=0.03


Tree=70
num_leaves=15
num_cat=0
split_feature=2 2 2 2 4 8 1 2 1 4 2 4 4 9
split_gain=168.583 87.0977 39.602 29.4373 16.354 18.2173 15.4402 13.1598 9.28644 8.91952 6.38312 4.39208 2.3357 0.622566
threshold=0.00075732326890808326 0.00011970909161247253 0.0022543050140457453 0.00037023268076600977 -0.090744064385933923 0.00020615725297147642 -1.1045052178353372 0.0072123597952773238 -0.089695662207077156 -0.24942769723517336 0.00020362843610001645 0.62507580981510236 1.00693871244305 -0.58390542567302572
decision_type=8 10 8 10 8 10 8 8 10 8 10 8 10 10
left_child=1 12 4 10 5 -2 9 -8 -6 -4 -3 -5 13 -1
right_child=2 3 6 11 8 -7 7 -9 -10 -11 -12 -13 -14 -15
leaf_value=-1.7135815041112718e-06 4.6773662209981744e-07 -1.904320058479048e-06 3.6735781243479613e-06 -8.0797429150346109e-07 -1.0247206521384637e-06 3.9602167956015762e-06 5.0786872567355021e-06 4.4585111465327881e-05 1.2019339057935742e-07 -2.2935319232179729e-06 -1.6688763878618404e-06 -1.4150143153532152e-06 -1.9053864817755499e-06 -1.9940685875734097e-06
leaf_weight=466 131291 4504 11705 68605 66481 21468 99660 5057 106684 14232 18085 26669 394 1506
leaf_count=466 131291 4504 11705 68605 66481 21468 99660 5057 106684 14232 18085 26669 394 1506
internal_value=-1.15253e-05 -0.00101104 0.000251557 -0.000895727 7.44445e-05 0.000300807 0.000692876 0.000855195 -0.000124903 3.51486e-05 -0.0018707 -0.000663763 -0.00670202 -0.00718365
internal_weight=576807 120229 456578 117863 325924 152759 130654 104717 173165 25937 22589 95274 2366 1972
internal_count=576807 120229 456578 117863 325924 152759 130654 104717 173165 25937 22589 95274 2366 1972
is_linear=0
shrinkage=0.03


Tree=71
num_leaves=15
num_cat=0
split_feature=2 2 2 2 4 8 9 5 9 4 2 5 9 4
split_gain=163.052 77.3492 35.0358 27.171 16.9465 20.7237 14.2322 15.9086 12.2699 9.69857 5.78851 5.05275 3.96478 0.222054
threshold=0.00075012056136151777 0.00011970909161247253 0.0024166037045902774 0.00037023268076600977 -0.067989236129265815 0.00039720204727578082 -0.31960628173666128 1.0000000180025095e-35 -0.1791112334813055 -0.33936379669426181 0.00020362843610001645 -0.87948243305743656 -0.42806068992581836 -0.48723105887970125
decision_type=8 10 8 10 8 10 8 10 10 8 10 10 10 10
left_child=1 12 4 10 5 -2 9 -8 -6 -4 -3 -5 -1 -14
right_child=2 3 6 11 8 -7 7 -9 -10 -11 -12 -13 13 -15
leaf_value=-1.7892797400771581e-06 5.2524067288174543e-07 -1.8295185263143099e-06 4.0749668080706602e-06 7.9610317795634602e-07 -1.3831149697258968e-06 5.3445307272798195e-06 1.1142882153461784e-05 3.994465420163562e-06 7.5901170346221085e-08 -1.8967290827088514e-06 -1.6060990761907508e-06 -1.0497415581116634e-06 -1.8473823840773927e-06 -1.9224110529921058e-06
leaf_weight=741 149051 4589 17255 3429 50773 15252 28564 52002 129380 16708 18185 89772 322 1294
leaf_count=741 149051 4589 17255 3429 50773 15252 28564 52002 129380 16708 18185 89772 322 1294
internal_value=-2.92867e-05 -0.00102227 0.000226604 -0.000912014 7.52643e-05 0.000295704 0.0006812 0.000898481 -0.000125453 0.000163895 -0.00184235 -0.000683868 -0.00639544 -0.00538376
internal_weight=577317 118332 458985 115975 344456 164303 114529 80566 180153 33963 22774 93201 2357 1616
internal_count=577317 118332 458985 115975 344456 164303 114529 80566 180153 33963 22774 93201 2357 1616
is_linear=0
shrinkage=0.03


Tree=72
num_leaves=15
num_cat=0
split_feature=2 2 2 2 4 2 2 1 1 5 3 1 1 4
split_gain=156.476 63.2618 55.9627 22.4022 15.077 13.4527 12.1364 8.07461 7.91289 5.59098 4.95078 4.35034 2.88654 1.26992
threshold=0.00048099301382063304 0.00011970909161247253 0.0013651973653910307 0.0044453775671086182 0.93995918758982899 0.00085973527298878656 0.00020362843610001645 -0.099657680365004539 -2.014359452543895 0.57747580619302108 0.00018225170131291407 -0.93490321737400384 -0.46754170519492316 1.0213591083877978
decision_type=8 10 8 8 8 10 10 10 8 10 10 10 10 10
left_child=1 10 5 4 -4 9 12 -7 -5 -2 -1 -8 -3 -12
right_child=2 6 3 8 -6 7 11 -9 -10 -11 13 -13 -14 -15
leaf_value=-1.8198675770200272e-06 -3.3797077164267216e-07 -1.9085894242692057e-06 1.8521402849208214e-06 -2.6248071176476932e-06 -6.4793977917317383e-07 -6.0764388847894713e-07 -2.2784107234853059e-06 4.4705932478232844e-07 1.5008308185884259e-05 -1.0008262478009125e-06 -1.7654886161580746e-06 -1.2510752295713947e-06 -1.7551576723824406e-06 -1.6627331410151399e-06
leaf_weight=966 46839 1349 205449 2523 46324 62355 5921 83344 24929 59722 1117 32816 3145 300
leaf_count=966 46839 1349 205449 2523 46324 62355 5921 83344 24929 59722 1117 32816 3145 300
internal_value=-1.90363e-05 -0.00170516 0.000125589 0.00041825 0.000329164 -0.000198121 -0.00144016 -1.03357e-05 0.00123269 -0.000454289 -0.00646135 -0.00126559 -0.0029254 -0.00514226
internal_weight=577099 45614 531485 279225 251773 252260 43231 145699 27452 106561 2383 38737 4494 1417
internal_count=577099 45614 531485 279225 251773 252260 43231 145699 27452 106561 2383 38737 4494 1417
is_linear=0
shrinkage=0.03


Tree=73
num_leaves=15
num_cat=0
split_feature=2 2 2 2 4 8 2 8 9 4 3 3 9 4
split_gain=138.858 69.3343 42.1503 19.2866 16.0971 22.6191 15.1609 12.1936 11.5321 4.7065 4.28863 3.06287 2.67227 2.65684
threshold=0.00062506533066187186 0.00011970909161247253 0.0022329768480674342 0.0002811199083325127 0.31231325327960441 0.00024775336570523245 0.0065335628254655168 -0.00023633449264104446 -0.19706309202459951 0.26616657753238132 0.00018225170131291407 0.022649684052356862 -0.6534550008223402 0.97894312125582628
decision_type=8 10 8 10 8 8 8 8 10 8 10 8 10 10
left_child=1 10 4 12 5 -2 8 -6 -4 -5 -1 -8 -3 -12
right_child=2 3 6 9 7 -7 11 -9 -10 -11 13 -13 -14 -15
leaf_value=-1.7567817543827491e-06 1.5342507302127004e-07 -1.8432566326507111e-06 1.215187103747558e-06 -8.2824719105668815e-07 2.7763295701967991e-06 3.5630590049925962e-06 1.9915317863489139e-05 -7.7759919023961239e-07 5.325751585254552e-06 -1.4009765193341891e-06 -1.7400681628433299e-06 6.0337773464685531e-05 -1.6799864223907768e-06 -1.6128511467846857e-06
leaf_weight=935 198975 839 53984 40102 9345 23108 6516 131600 69688 27316 1100 2662 10640 308
leaf_count=935 198975 839 53984 40102 9345 23108 6516 131600 69688 27316 1100 2662 10640 308
internal_value=-1.00532e-05 -0.00115975 0.000178202 -0.00100736 1.07096e-05 0.00017001 0.000635406 -0.000239864 0.000547307 -0.000812155 -0.00623969 0.00181411 -0.00214692 -0.00500141
internal_weight=577118 81240 495878 78897 363028 222083 132850 140945 123672 67418 2343 9178 11479 1408
internal_count=577118 81240 495878 78897 363028 222083 132850 140945 123672 67418 2343 9178 11479 1408
is_linear=0
shrinkage=0.03


Tree=74
num_leaves=15
num_cat=0
split_feature=2 2 2 5 1 2 5 7 0 2 2 7 7 7
split_gain=140.853 68.752 44.1061 18.7852 16.0635 14.2831 11.7034 10.423 9.35767 5.37022 3.13089 2.94384 3.16857 2.13122
threshold=0.0005669767830623352 0.00011970909161247253 0.0015139750721761529 -0.78634640408343326 -0.74694214150773963 0.00020362843610001645 1.0728206273978222 -5.4549720937176037e-07 -0.32075418960466168 0.00039817041348855269 0.00088104012274398504 1.0000000180025095e-35 -3.5110414798913302e-10 -1.1029645173864227e-08
decision_type=8 10 8 10 10 10 10 8 8 10 10 10 8 10
left_child=1 11 6 8 -5 13 7 -2 -4 -7 -8 12 -1 -3
right_child=2 5 3 4 -6 9 10 -9 -10 -11 -12 -13 -14 -15
leaf_value=-1.8421010681975829e-06 4.4905780638389239e-06 -1.2675037898581882e-06 -2.6311758458095444e-06 -2.6418792852824854e-07 2.4644794883337848e-06 -1.419998407869689e-06 -1.1441134253869036e-06 -3.5333543096214493e-08 1.0041359051304346e-05 -1.0461103884953985e-06 -7.1724418057533025e-07 -1.6664157098256182e-06 -1.6895038815840301e-06 -1.7419295535316503e-06
leaf_weight=400 5526 363 2505 58992 165506 22628 28126 181107 18038 36144 51938 1093 907 4135
leaf_count=400 5526 363 2505 58992 165506 22628 28126 181107 18038 36144 51938 1093 907 4135
internal_value=-1.16068e-05 -0.00131958 0.000156147 0.000446748 0.000366882 -0.00112879 -0.000110638 1.92239e-05 0.00131601 -0.00100214 -0.000414067 -0.00629876 -0.00739408 -0.00276442
internal_weight=577408 65670 511738 245041 224498 63270 266697 186633 20543 58772 80064 2400 1307 4498
internal_count=577408 65670 511738 245041 224498 63270 266697 186633 20543 58772 80064 2400 1307 4498
is_linear=0
shrinkage=0.03


Tree=75
num_leaves=15
num_cat=0
split_feature=2 2 5 4 3 2 9 2 4 8 5 2 9 9
split_gain=128.87 79.5507 29.9652 21.8078 32.3913 18.3897 11.8527 11.5122 7.18208 6.39195 5.34758 4.91545 4.84722 3.99455
threshold=0.00083836766363671992 0.00016848823110797654 -0.78634640408343326 -0.067989236129265815 0.0045275501679568246 0.0004110636473599285 -0.13581316882245878 0.00011970909161247253 0.40394441464845338 -4.0938123897448379e-07 -0.54752513989603513 0.0044453775671086182 -0.43275678629602804 -0.42806068992581836
decision_type=8 10 10 8 10 10 10 10 10 10 10 8 10 10
left_child=1 7 8 4 -4 12 -5 13 11 -10 -7 -2 -3 -1
right_child=2 5 3 6 -6 10 -8 -9 9 -11 -12 -13 -14 -15
leaf_value=-1.5770502282710232e-06 6.3993227009883829e-06 -2.1894230065635255e-06 4.231754796575266e-07 -1.0969677154892807e-06 4.591389557301481e-06 1.7132488802319756e-07 4.2874337887477517e-07 -1.6142829786267572e-06 5.7730690762173341e-06 -1.165724691869999e-06 -8.7108879293343106e-07 4.8035127376950984e-05 -1.2330409601534331e-06 -1.7177966909858142e-06
leaf_weight=759 15980 4758 129945 75454 62132 11934 132989 2287 8605 4433 102127 2047 22389 1614
leaf_count=759 15980 4758 129945 75454 62132 11934 132989 2287 8605 4433 102127 2047 22389 1614
internal_value=-1.9035e-05 -0.000789989 0.000241407 0.000171598 0.000402224 -0.00066204 -4.06423e-05 -0.00464454 0.00113918 0.000594574 -0.000494113 0.00152919 -0.00136495 -0.00613596
internal_weight=577453 145868 431585 400520 192077 141208 208443 4660 31065 13038 114061 18027 27147 2373
internal_count=577453 145868 431585 400520 192077 141208 208443 4660 31065 13038 114061 18027 27147 2373
is_linear=0
shrinkage=0.03


Tree=76
num_leaves=15
num_cat=0
split_feature=2 2 2 2 1 5 2 1 4 1 9 9 5 3
split_gain=126.895 61.2757 39.5431 14.731 13.8868 15.9697 13.3916 9.50593 7.80246 6.24997 5.25046 4.82366 2.97403 2.48778
threshold=0.00060032507192564466 0.00011970909161247253 0.002191877001876744 0.00031963184026521458 -1.0058077395909855 0.94037654482462385 0.0010371539500078116 -0.07915857879507264 -0.32815997343537268 -0.51359553126048374 -0.42806068992581836 -0.47124949501208863 0.12181798009404948 0.00018225170131291407
decision_type=8 10 8 10 8 8 10 10 8 10 10 10 10 10
left_child=1 10 6 11 8 -6 9 -8 -4 -2 -1 -3 -5 -12
right_child=2 3 4 12 5 -7 7 -9 -10 -11 13 -13 -14 -15
leaf_value=-1.5188473501182388e-06 -1.0610904216506282e-06 -1.8173399564402306e-06 3.343395952092378e-06 -6.5899637152477643e-07 6.6797373882275387e-06 1.4790950553521077e-06 -2.5983936463860916e-07 9.9526269412192553e-07 -2.0638976220802313e-06 -2.6184282276211868e-07 -1.6779099874743742e-06 -1.4465347957304536e-06 -1.1820980846072461e-06 -1.5596240176757871e-06
leaf_weight=783 34465 2717 12768 16170 69126 38236 105537 127765 17165 97901 534 13081 39972 1060
leaf_count=783 34465 2717 12768 16170 69126 38236 105537 127765 17165 97901 534 13081 39972 1060
internal_value=-2.29174e-05 -0.00118003 0.000147956 -0.00102196 0.000582062 0.000741366 -1.48819e-05 0.000121691 8.61637e-06 -0.000256043 -0.00591454 -0.00183401 -0.0007921 -0.00477307
internal_weight=577280 74317 502963 71940 137295 107362 365668 233302 29933 132366 2377 15798 56142 1594
internal_count=577280 74317 502963 71940 137295 107362 365668 233302 29933 132366 2377 15798 56142 1594
is_linear=0
shrinkage=0.03


Tree=77
num_leaves=15
num_cat=0
split_feature=3 4 9 8 3 3 4 8 8 3 3 9 9 8
split_gain=54.9057 30.4507 21.007 12.5999 10.6421 9.57721 15.5472 9.88825 8.51467 5.66004 4.80058 3.82946 3.28578 1.16288
threshold=0.004588308029550018 0.25484846349349383 -0.57509857845416956 0.0009108391631100567 4.2105565485175154e-06 0.002002465922842373 0.065874250201261295 -0.00045718737697021276 -0.00030059726627098692 0.016953620687748125 0.002002465922842373 1.3090377702656555 1.5012782331606842 -0.001235211267911418
decision_type=8 8 10 10 10 10 10 10 8 10 10 10 8 10
left_child=2 3 4 9 -1 7 -7 -4 13 -2 -6 -5 -10 -3
right_child=1 8 5 11 10 6 -8 -9 12 -11 -12 -13 -14 -15
leaf_value=-1.5166173226393265e-06 2.9712917659311602e-06 1.5562514257843311e-05 3.0169761312181948e-06 1.3863275566904249e-05 -1.740692959229766e-06 1.0121429857132549e-06 -6.2785478208276691e-07 -5.4256021647158686e-07 -7.4390770599779452e-07 2.1061860986553385e-05 -1.0046509954563001e-06 3.9484815702289033e-06 2.7686032172585312e-06 4.8786406073954998e-06
leaf_weight=525 67371 1723 6703 9199 17393 80611 79627 239393 52893 4345 8545 1420 3905 3560
leaf_count=525 67371 1723 6703 9199 17393 80611 79627 239393 52893 4345 8545 1420 3905 3560
internal_value=-1.28061e-05 0.000493581 -0.000181924 0.00087182 -0.0010011 -0.000128404 5.17822e-05 -0.000245967 -7.15079e-06 0.000727435 -0.000911515 0.00183968 -0.000115336 0.00114264
internal_weight=577213 144416 432797 82335 26463 406334 160238 246096 62081 71716 25938 10619 56798 5283
internal_count=577213 144416 432797 82335 26463 406334 160238 246096 62081 71716 25938 10619 56798 5283
is_linear=0
shrinkage=0.03


Tree=78
num_leaves=15
num_cat=0
split_feature=2 2 2 5 4 4 5 2 2 3 9 9 9 1
split_gain=114.535 51.7132 46.3645 22.0936 16.7273 9.20044 9.02428 7.18214 6.27371 5.5074 3.87541 3.48128 2.29117 1.92012
threshold=0.00038386087456429634 0.0011127613084684497 0.00011970909161247253 -0.59134197649879205 -0.067989236129265815 0.07675700637220674 -0.80496520270652805 0.00062506533066187186 0.00020362843610001645 0.00018225170131291407 -0.66976046100938114 -0.39319903250466892 -0.42348551080135621 1.7179288294233273
decision_type=8 8 10 10 8 8 10 10 10 10 10 10 10 10
left_child=2 6 9 5 -5 -3 13 -8 10 -1 -4 -10 -11 -2
right_child=1 3 8 4 -6 -7 7 -9 11 12 -12 -13 -14 -15
leaf_value=-1.5442394514579204e-06 1.4775350062838994e-06 7.3069015190921534e-06 -1.5514398936178852e-06 1.7464831588772657e-06 -2.5796724740131361e-08 2.7763546770832956e-06 -8.9133068637548693e-07 -4.7501864554712609e-07 -2.247265785915402e-06 -1.3974239913221218e-06 -1.5604185997639087e-06 -1.0897376823577781e-06 -1.4926071980000309e-06 -2.411527707033232e-06
leaf_weight=963 9308 20127 380 147128 156305 24093 51292 140917 4212 361 4161 16097 1058 650
leaf_count=963 9308 20127 380 147128 156305 24093 51292 140917 4212 361 4161 16097 1058 650
internal_value=-1.68751e-05 7.70966e-05 -0.00191572 0.000299048 0.000207479 0.000925842 -0.000304278 -0.000350101 -0.00152776 -0.00591472 -0.00254977 -0.00129514 -0.00455983 0.000573636
internal_weight=577052 549820 27232 347653 303433 44220 202167 192209 24850 2382 4541 20309 1419 9958
internal_count=577052 549820 27232 347653 303433 44220 202167 192209 24850 2382 4541 20309 1419 9958
is_linear=0
shrinkage=0.03


Tree=79
num_leaves=15
num_cat=0
split_feature=3 4 5 5 1 8 3 3 7 8 6 8 1 7
split_gain=55.9034 32.2205 19.4102 13.6259 12.1355 9.72626 9.50771 6.98057 5.29102 6.82866 4.58716 3.75897 3.60078 3.27464
threshold=0.0045275501679568246 0.32377868801268189 -0.60766426191734302 1.085732346483937 -0.88612457171952019 -0.00030059726627098692 0.0097636439148019293 0.0018891447833487018 -2.8514240421323119e-11 -0.00013689805014082329 0.29410797630769819 -0.00035375501560281605 -1.1045052178353372 3.2260657541991814e-07
decision_type=8 8 8 10 8 8 10 10 8 8 10 10 8 10
left_child=2 3 8 6 10 13 -2 -6 -1 -10 -4 -5 -7 -3
right_child=1 5 4 11 7 12 -8 -9 9 -11 -12 -13 -14 -15
leaf_value=2.4332676221348291e-06 3.6084547453147099e-06 1.303601754648248e-06 -9.578382080718382e-07 -1.834059118897848e-06 -5.4337087666729708e-07 -3.8853609812810192e-06 1.3594077609022781e-05 -4.5315467118041237e-09 4.8997032793798396e-06 -1.2068198428569044e-07 -2.0367897465660204e-06 2.1961013027884266e-06 -3.2843666582807759e-07 1.2379632593377764e-05
leaf_weight=18307 41211 1903 60359 4483 179967 5405 17576 128801 2959 22978 17022 23444 49915 2977
leaf_count=18307 41211 1903 60359 4483 179967 5405 17576 128801 2959 22978 17022 23444 49915 2977
internal_value=-1.47371e-05 0.000490417 -0.000187317 0.000860592 -0.00025561 -4.18535e-05 0.00112016 -0.000171133 0.000407285 0.000128801 -0.000591852 0.000311845 -0.000156154 0.00123926
internal_weight=577307 146914 430393 86714 386149 60200 58787 308768 44244 25937 77381 27927 55320 4880
internal_count=577307 146914 430393 86714 386149 60200 58787 308768 44244 25937 77381 27927 55320 4880
is_linear=0
shrinkage=0.03


Tree=80
num_leaves=15
num_cat=0
split_feature=2 2 2 2 5 2 4 5 0 9 1 6 1 0
split_gain=107.906 56.7746 36.547 20.5296 12.8106 10.1275 8.61934 7.97108 6.63224 5.92289 3.67933 3.52534 2.12318 1.45901
threshold=0.00049128128572471081 0.00011970909161247253 0.00115280101907767 0.0034476753702755453 1.0461484755717292 0.00020362843610001645 -0.18058284906237526 1.0594941301996323 -0.21717816444070889 -0.42348551080135621 -0.46754170519492316 0.90960965867628929 -2.090959153855541 -0.041294298988136295
decision_type=8 10 8 8 10 10 10 10 10 10 10 10 10 10
left_child=1 9 7 4 -4 10 -5 8 -2 -1 -3 -7 -9 -11
right_child=2 5 3 6 -6 11 -8 12 -10 13 -12 -13 -14 -15
leaf_value=-1.3886035810957684e-06 -1.3720710663271123e-06 -1.5370642385355319e-06 1.3057949600867868e-06 1.1058600701975736e-05 -2.9536727021514084e-07 -9.6793500695500446e-07 4.1684712412937774e-06 -2.3709725992093375e-06 -2.9093097055092733e-08 -1.4279065224492401e-06 -1.3971918235536083e-06 -2.4150345897676746e-06 -8.974169767898211e-07 -1.5558963222019339e-06
leaf_weight=758 14203 1345 192306 22551 91006 36342 30551 1721 119518 513 3181 4340 57649 1108
leaf_count=758 14203 1345 192306 22551 91006 36342 30551 1721 119518 513 3181 4340 57649 1108
internal_value=-9.85614e-06 -0.0013782 0.000113028 0.000301923 0.000200168 -0.00113809 0.000843538 -0.000215763 -8.67712e-05 -0.00589201 -0.00249206 -0.000985403 -0.000505221 -0.00472348
internal_weight=577092 47587 529505 336414 283312 45208 53102 193091 133721 2379 4526 40682 59370 1621
internal_count=577092 47587 529505 336414 283312 45208 53102 193091 133721 2379 4526 40682 59370 1621
is_linear=0
shrinkage=0.03


Tree=81
num_leaves=15
num_cat=0
split_feature=2 2 2 7 0 2 2 1 2 4 0 1 3 6
split_gain=101.338 45.0556 43.0237 19.1419 12.3223 10.2866 8.94245 7.8869 7.13971 3.79752 3.62891 3.12153 1.70879 1.62535
threshold=0.0004110636473599285 0.00011970909161247253 0.0012853357191596163 -3.1288824690091903e-10 -0.24504761504666431 0.0051485707725636553 0.00082374001072606597 -0.83844983923991612 0.00020362843610001645 1.0213591083877978 -0.12176375207843247 -0.77690361389983198 0.00013602131236885209 -1.1150828208957237
decision_type=8 10 8 8 8 8 10 10 10 10 10 10 10 10
left_child=1 9 6 5 -5 -4 10 -8 13 12 -2 -10 -1 -3
right_child=2 8 3 4 -6 -7 7 -9 11 -11 -12 -13 -14 -15
leaf_value=-1.4274923274171679e-06 -1.1221208531789069e-06 -1.4885146180693687e-06 2.6104141387689347e-06 -1.3858462242287147e-06 1.0487057210578036e-06 2.0928353057299156e-05 -1.1733722789202637e-06 1.0453703605144782e-07 -1.9567056090814034e-06 -1.3332464607210245e-06 -5.04844809374475e-07 -1.0393809485678982e-06 -1.423377542052107e-06 -1.3977760462835021e-06
leaf_weight=759 27012 626 91548 33869 165827 8421 22959 113242 4775 380 82207 20023 1215 3904
leaf_count=759 27012 626 91548 33869 165827 8421 22959 113242 4775 380 82207 20023 1215 3904
internal_value=-2.02123e-05 -0.00166944 7.55648e-05 0.000316843 0.000146796 0.000655878 -0.0002188 -5.61188e-05 -0.00134508 -0.00566244 -0.000421097 -0.00113963 -0.00621774 -0.00245154
internal_weight=576767 31682 545085 299665 199696 99969 245420 136201 29328 2354 109219 24798 1974 4530
internal_count=576767 31682 545085 299665 199696 99969 245420 136201 29328 2354 109219 24798 1974 4530
is_linear=0
shrinkage=0.03


Tree=82
num_leaves=15
num_cat=0
split_feature=7 8 7 8 7 5 9 7 5 8 0 6 5 9
split_gain=32.5781 23.5697 22.4834 20.1744 19.8402 13.1871 12.9499 6.48947 6.30414 4.2578 3.7815 3.03563 4.0023 2.15453
threshold=-6.1724198871074106e-07 -2.3725193103420496e-07 2.0755945038820217e-07 -0.00055428809388467792 -1.3358393065984838e-11 -0.47202004529258207 -0.66976046100938114 -5.9836212032710978e-08 0.49287565365743935 0.0011910300608679268 0.57402635844893368 1.465716295773426 0.89542607168026556 1.3987352112610152
decision_type=8 8 10 10 8 10 10 10 10 10 10 10 10 10
left_child=3 2 5 11 7 -2 -6 -3 -4 13 -11 12 -1 -5
right_child=1 4 8 9 6 -7 -8 -9 -10 10 -12 -13 -14 -15
leaf_value=1.5239754913033469e-06 2.5163751385337413e-06 1.371880157458107e-06 8.7537060594214385e-06 5.2942803276463994e-06 -1.5420652888964833e-06 -5.4018873252366086e-08 -7.0525591782497527e-07 -5.7451818303216929e-08 2.9029822967793437e-06 1.7358353182692587e-05 7.0842778358949787e-06 4.6526782142778449e-06 -5.2414408471324988e-06 -1.7873468556664058e-06
leaf_weight=1995 32333 27369 8569 14181 6286 172907 216336 74791 8826 5504 2573 1219 3565 851
leaf_count=1995 32333 27369 8569 14181 6286 172907 216336 74791 8826 5504 2573 1219 3565 851
internal_value=-1.0341e-05 -6.31098e-05 0.000174493 0.000953843 -0.000226169 8.63825e-05 -0.000385066 0.000119507 0.00121 0.00137653 0.00194163 -0.000478126 -0.000780969 0.00106781
internal_weight=577305 547417 222635 29888 324782 205240 222622 102160 17395 23109 8077 6779 5560 15032
internal_count=577305 547417 222635 29888 324782 205240 222622 102160 17395 23109 8077 6779 5560 15032
is_linear=0
shrinkage=0.03


Tree=83
num_leaves=15
num_cat=0
split_feature=2 2 2 5 4 2 2 0 2 3 4 7 8 4
split_gain=99.3403 43.8328 40.4964 20.6469 15.2514 9.48111 8.26097 5.44862 5.42182 5.33272 3.87806 2.69679 2.55679 2.11483
threshold=0.00037023268076600977 0.00115280101907767 0.00011970909161247253 -1.0000000180025095e-35 0.67381364424347845 0.0072123597952773238 0.00063335451416563708 -0.22381654438866208 0.00020362843610001645 0.00018225170131291407 0.26616657753238132 1.0000000180025095e-35 2.3045738810028466e-05 1.0213591083877978
decision_type=8 8 10 10 8 10 10 10 10 10 10 10 10 10
left_child=2 6 9 4 -3 -5 10 -8 -4 11 -2 -1 -10 -11
right_child=1 3 8 5 -6 -7 7 -9 12 13 -12 -13 -14 -15
leaf_value=-1.3759705868240263e-06 -5.3920836279739767e-07 4.3573095524591678e-06 -1.385170534422079e-06 4.2791208650521399e-07 4.4848620796448308e-07 2.2121386360391384e-05 -1.3915053630775383e-06 -1.8613932452978349e-07 -1.441793544310068e-06 -1.3405263528989468e-06 -1.1051420529125737e-06 -1.3486987748786411e-06 -6.1424365596945001e-07 -1.2265622907482427e-06
leaf_weight=625 35000 65549 4541 234961 31501 4147 16142 141131 14717 1101 23376 348 3618 301
leaf_count=625 35000 65549 4541 234961 31501 4147 16142 141131 14717 1101 23376 348 3618 301
internal_value=-1.5045e-05 6.90664e-05 -0.0018548 0.000283305 0.000652483 0.000133189 -0.000264612 -0.000150951 -0.00146264 -0.00558491 -0.000569726 -0.00739776 -0.00122486 -0.00424079
internal_weight=577058 551807 25251 336158 97050 239108 215649 157273 22876 2375 58376 973 18335 1402
internal_count=577058 551807 25251 336158 97050 239108 215649 157273 22876 2375 58376 973 18335 1402
is_linear=0
shrinkage=0.03


Tree=84
num_leaves=15
num_cat=0
split_feature=2 2 2 5 1 2 1 1 2 8 5 8 7 7
split_gain=95.32 44.2679 40.5926 16.6695 13.3214 12.1887 9.05058 7.64084 5.31191 2.63001 2.33299 2.29296 2.27362 3.16109
threshold=0.00037023268076600977 0.0015448393379234745 0.00011970909161247253 -0.20187126206413333 -1.8864272593767051 0.00076484131907064885 -0.25181730084331239 -1.1045052178353372 0.00020362843610001645 -1.6874663176910741e-06 0.38973791886950865 4.503762346231885e-05 1.0000000180025095e-35 -3.5110414798913302e-10
decision_type=8 8 10 10 8 10 10 10 10 10 8 10 10 8
left_child=2 5 12 4 -3 9 -7 -5 11 -2 -10 -4 13 -1
right_child=1 3 8 7 -6 6 -8 -9 10 -11 -12 -13 -14 -15
leaf_value=-1.4719858500542482e-06 -1.0982586387342154e-06 -4.4221097138117392e-06 -1.3633713327964557e-06 -8.2637669358161961e-07 5.3143936708744679e-06 -6.6213189477907989e-07 2.5922515150597985e-07 1.4797076428756698e-06 -7.6313797325200294e-07 -5.3972543661248332e-07 -1.6092494872491023e-06 -5.3757281151512478e-07 -1.302405617819847e-06 -1.3044346722161443e-06
leaf_weight=403 20274 3784 3959 31302 54717 79802 136347 148890 6962 77341 11165 571 1051 888
leaf_count=403 20274 3784 3959 31302 54717 79802 136347 148890 6962 77341 11165 571 1051 888
internal_value=-2.15493e-05 6.03511e-05 -0.00183318 0.000368315 0.000808668 -0.000173743 -4.77704e-05 0.000224981 -0.00143945 -0.000452036 -0.00120185 -0.00237225 -0.00559439 -0.00656726
internal_weight=577456 552457 24999 238693 58501 313764 216149 180192 22657 97615 18127 4530 2342 1291
internal_count=577456 552457 24999 238693 58501 313764 216149 180192 22657 97615 18127 4530 2342 1291
is_linear=0
shrinkage=0.03


Tree=85
num_leaves=15
num_cat=0
split_feature=3 4 5 9 5 8 3 8 5 9 4 3 9 7
split_gain=43.6979 29.4177 22.1026 18.0521 9.4023 7.91594 7.1511 5.4167 4.83656 4.24182 4.00389 3.632 3.2568 2.70177
threshold=0.0044728730037567792 0.32377868801268189 -0.60766426191734302 -0.66976046100938114 0.069163144022159381 -0.00030059726627098692 0.0005606727270139561 -1.4101547146475772e-08 1.3883567813753694 -0.52872952914482119 1.7059358517230068 0.012841102966855636 1.5012782331606842 5.1746628496580095e-07
decision_type=8 10 8 10 10 10 10 8 10 10 10 8 10 10
left_child=2 4 9 7 11 13 -5 -4 -6 -1 -11 -2 -7 -3
right_child=1 5 3 6 8 12 -8 -9 -10 10 -12 -13 -14 -15
leaf_value=-1.5306804732416308e-06 4.9421410911574411e-06 1.210239278742193e-06 -1.7124026361605195e-06 -8.0716015747997691e-07 3.1068027807502662e-06 -9.5334734612155786e-07 -3.0221320826417755e-07 -1.6284387794224838e-06 2.9646434070084196e-07 1.676437919569763e-06 -1.6457891771612668e-06 2.1726570753595568e-05 2.7275540272789848e-06 1.1889841775826592e-05
leaf_weight=2285 21732 2024 6572 75225 48163 51922 298968 3334 12573 40349 1320 5747 3902 2880
leaf_count=2285 21732 2024 6572 75225 48163 51922 298968 3334 12573 40349 1320 5747 3902 2880
internal_value=-8.51638e-06 0.000433949 -0.000162621 -0.000235652 0.000783791 -7.32984e-05 -0.000201981 -0.0015 0.00057347 0.000474115 0.000544015 0.0012461 -0.000175807 0.00107937
internal_weight=576996 148943 428053 384099 88215 60728 374193 9906 60736 43954 41669 27479 55824 4904
internal_count=576996 148943 428053 384099 88215 60728 374193 9906 60736 43954 41669 27479 55824 4904
is_linear=0
shrinkage=0.03


Tree=86
num_leaves=15
num_cat=0
split_feature=2 2 2 1 2 0 1 2 3 4 4 4 9 9
split_gain=87.3292 54.7886 33.7171 13.5968 14.2963 12.9114 10.9634 10.3058 6.95643 6.20702 4.32644 3.60331 2.54829 1.14051
threshold=0.0005669767830623352 0.00011970909161247253 0.0020977114974389285 -1.1045052178353372 0.0049448222846253482 -0.20529404012669819 -0.25181730084331239 0.00023287522757989724 0.00018225170131291407 -0.056333008706142211 0.26616657753238132 0.63730521566426734 -0.61517203507295359 -0.42348551080135621
decision_type=8 10 8 8 8 10 8 10 10 8 10 8 10 10
left_child=1 8 5 9 -5 11 -7 12 -1 -4 -9 -2 -3 -10
right_child=2 7 3 4 -6 6 -8 10 13 -11 -12 -13 -14 -15
leaf_value=-1.270423540074048e-06 -8.380947814735579e-07 -1.2545314611095649e-06 1.7578401690919677e-06 2.9843400191651341e-06 1.8427842555872498e-05 -4.9394977677572228e-07 3.9521698524017358e-07 -6.4526324242345925e-07 -1.1108876907324709e-06 -2.500527646341739e-06 -1.2254909545582006e-06 -2.1901047328031869e-06 -1.3018272637643044e-06 -1.2442714524872941e-06
leaf_weight=955 36826 709 15310 104482 15645 108430 203195 33632 350 13410 22800 14598 6148 1025
leaf_count=955 36826 709 15310 104482 15645 108430 203195 33632 350 13410 22800 14598 6148 1025
internal_value=-2.06225e-05 -0.001051 0.00011136 0.000491626 0.000631879 -4.43895e-05 2.81098e-05 -0.000883047 -0.0055641 -9.29342e-05 -0.000747635 -0.000484815 -0.00198602 -0.00405054
internal_weight=577515 65619 511896 148847 120127 363049 311625 63289 2330 28720 56432 51424 6857 1375
internal_count=577515 65619 511896 148847 120127 363049 311625 63289 2330 28720 56432 51424 6857 1375
is_linear=0
shrinkage=0.03


Tree=87
num_leaves=15
num_cat=0
split_feature=5 1 4 8 8 0 9 4 4 7 9 8 0 8
split_gain=26.8894 19.8183 19.2317 23.7628 14.3884 7.29684 6.616 6.30819 4.35719 2.97767 2.83863 2.77232 2.22596 2.15018
threshold=-0.8228443723775215 -0.88612457171952019 0.32377868801268189 0.00012779955324512265 -0.00030059726627098692 -0.23407420809321436 -0.78028015525852956 0.60052466197567644 0.60052466197567644 -9.5734517453065193e-09 -0.42348551080135621 -0.00041825766966842852 -0.46032408699521693 -1.5216661168319371e-08
decision_type=8 8 8 10 8 10 10 10 10 10 10 10 10 8
left_child=5 6 3 -3 -4 9 13 -8 10 -1 -7 -10 -11 -2
right_child=1 2 4 -5 -6 8 7 -9 11 12 -12 -13 -14 -15
leaf_value=1.7220513593231652e-05 -1.8455748053080063e-06 1.4950721869489208e-07 3.7401987758516786e-06 2.8308270795484955e-06 -6.3024975185073561e-07 -3.2927220374476116e-07 -7.1480378402401972e-07 -2.2024660970774229e-06 9.0191058238705112e-06 -7.0922384144860295e-06 4.8749019615502448e-06 5.9057442431483673e-07 -3.3160641574519058e-07 -2.0347298824626739e-06
leaf_weight=383 1209 220549 9850 39595 169903 1224 82048 19186 1420 740 18241 7575 4633 757
leaf_count=383 1209 220549 9850 39595 169903 1224 82048 19186 1420 740 18241 7575 4633 757
internal_value=-1.58698e-05 -6.73679e-05 2.02816e-05 0.00018529 -0.000218187 0.000799568 -0.000441527 -0.000407195 0.000996839 -0.000165453 0.00125083 0.000439756 -0.000358908 -0.00216802
internal_weight=577313 543097 439897 260144 179753 34216 103200 101234 28460 5756 19465 8995 5373 1966
internal_count=577313 543097 439897 260144 179753 34216 103200 101234 28460 5756 19465 8995 5373 1966
is_linear=0
shrinkage=0.03


Tree=88
num_leaves=15
num_cat=0
split_feature=2 2 2 2 1 1 2 2 4 9 10 0 1 4
split_gain=89.0576 51.2946 31.9825 14.0425 12.8789 11.134 6.91397 6.31305 5.7441 5.44673 4.83606 3.36833 1.39391 0.962113
threshold=0.00048099301382063304 0.00011970909161247253 0.0027352697051873987 0.00090327586612225588 -1.1507480556071181 -0.87059707342434278 0.0082522769874591607 0.00020362843610001645 0.60052466197567644 -0.42806068992581836 0.70710678118682402 -0.12176375207843247 -0.91895605670517277 1.0797331723681782
decision_type=8 10 8 10 10 8 8 10 10 10 10 10 10 10
left_child=1 9 3 11 -5 8 -7 12 -4 -1 -9 -2 -3 -11
right_child=2 7 5 4 -6 6 -8 10 -10 13 -12 -13 -14 -15
leaf_value=-1.1264258640407708e-06 -9.485042867768552e-07 -1.1998934535652295e-06 1.9183353908460789e-06 -1.1435871853050872e-06 5.1442527757530308e-07 5.4745668716918775e-06 4.4353879643197801e-05 -1.2267266601644794e-06 -3.6702152084755155e-06 -1.2790187243717076e-06 -7.5469858525016367e-08 -3.383467638313915e-07 -1.1759022358246929e-06 -1.1317566405906017e-06
leaf_weight=767 30075 875 18097 40470 281117 62528 3114 33037 5894 1276 5650 90467 3691 343
leaf_count=767 30075 875 18097 40470 281117 62528 3114 33037 5894 1276 5650 90467 3691 343
internal_value=-1.8486e-05 -0.00129019 9.05689e-05 -1.40589e-05 8.93105e-05 0.000607276 0.00080945 -0.00105152 5.14979e-05 -0.00556928 -0.000923793 -0.000290315 -0.00211626 -0.00444199
internal_weight=577401 45639 531762 442129 321587 89633 65642 43253 23991 2386 38687 120542 4566 1619
internal_count=577401 45639 531762 442129 321587 89633 65642 43253 23991 2386 38687 120542 4566 1619
is_linear=0
shrinkage=0.03


Tree=89
num_leaves=14
num_cat=0
split_feature=2 2 5 2 2 2 0 9 9 5 3 9 5
split_gain=82.7288 48.9517 21.4546 20.1541 13.2769 9.8146 8.65428 5.20528 4.43674 3.54029 2.1435 1.83698 1.13602
threshold=0.00020362843610001645 0.00086695843176463211 -0.78634640408343326 0.00011970909161247253 0.0029924385875611543 0.00044701160991356424 -0.32075418960466168 -0.43275678629602804 -0.42348551080135621 0.95518542703454046 0.00052829782490962666 -0.66976046100938114 0.37777351787160024
decision_type=8 8 10 10 10 10 8 10 10 10 10 10 10
left_child=3 5 6 8 -4 7 -3 -2 -1 -7 -10 -5 -13
right_child=1 2 4 11 -6 9 -8 -9 10 -11 -12 12 -14
leaf_value=-1.0823048840015142e-06 -1.8429506877851531e-06 -2.819318727879017e-06 1.3179455405054507e-07 -9.8362567011827644e-07 3.8916359202004453e-06 -3.1635695963965084e-07 5.3339411883928867e-06 -8.1008512106000414e-07 -1.2516240593728454e-06 -8.66999527183591e-07 -1.1669001085316413e-06 -1.0535178661082938e-06 -1.2196090553482822e-06
leaf_weight=746 5381 3068 326814 368 65404 72888 27468 26357 1117 43291 508 1628 2514
leaf_count=746 5381 3068 326814 368 65404 72888 27468 26357 1117 43291 508 1628 2514
internal_value=-2.29378e-05 1.6412e-05 0.000180867 -0.00329038 0.000121047 -0.000453183 0.000946965 -0.000921696 -0.00554137 -0.000324609 -0.00451376 -0.00208407 -0.0018685
internal_weight=577552 570671 422754 6881 392218 147917 30536 31738 2371 116179 1625 4510 4142
internal_count=577552 570671 422754 6881 392218 147917 30536 31738 2371 116179 1625 4510 4142
is_linear=0
shrinkage=0.03


Tree=90
num_leaves=15
num_cat=0
split_feature=2 2 2 4 9 8 4 8 5 1 10 9 7 9
split_gain=75.0095 42.2756 30.5005 12.4764 15.7988 12.8704 9.49791 11.7496 7.23531 6.09127 5.67532 3.82049 2.1857 0.743875
threshold=0.00045885339593508529 0.00011970909161247253 0.0018480656550764103 -1.0000000180025095e-35 -0.31960628173666128 0.00023337355094277753 -0.53331337553511593 2.3045738810028466e-05 -0.86058845968578157 -0.93490321737400384 0.707106781186842 -0.42806068992581836 -2.4061777814115171e-08 0.17407935391401799
decision_type=8 10 8 8 8 10 8 10 10 10 10 10 10 10
left_child=1 11 6 5 -5 -4 7 -2 -8 12 -11 -1 -3 -13
right_child=2 9 3 4 -6 -7 8 -9 -10 10 -12 13 -14 -15
leaf_value=-1.0343596079344251e-06 -1.1031995879492292e-07 3.1965341756943361e-07 2.6066443813476855e-06 -2.7594255115200462e-06 1.8792536850181885e-06 9.0884951757585276e-06 1.6531645930071006e-06 1.674918731854509e-06 -4.9592361659423935e-07 -1.0831572480315969e-06 8.6636929434291041e-08 -1.1237781722892731e-06 -1.6060376866394915e-06 -1.2680221137554827e-06
leaf_weight=734 80943 329 74362 17908 74523 16570 10741 30342 231075 27756 4677 818 5853 799
leaf_count=734 80943 329 74362 17908 74523 16570 10741 30342 231075 27756 4677 818 5853 799
internal_value=-1.52743e-05 -0.00125254 7.91166e-05 0.000393068 0.000146753 0.000642739 -8.37527e-05 0.00014529 -0.000189409 -0.00101204 -0.000843695 -0.00515629 -0.00188275 -0.00419668
internal_weight=577430 40966 536464 183363 92431 90932 353101 111285 241816 38615 32433 2351 6182 1617
internal_count=577430 40966 536464 183363 92431 90932 353101 111285 241816 38615 32433 2351 6182 1617
is_linear=0
shrinkage=0.03


Tree=91
num_leaves=15
num_cat=0
split_feature=2 2 2 2 0 1 2 3 10 1 4 3 6 4
split_gain=72.5445 42.6966 20.8696 18.8378 12.6587 8.63122 6.35712 4.08498 3.89245 3.35802 2.89507 1.77445 1.498 0.532621
threshold=0.00023287522757989724 0.00086695843176463211 0.00011970909161247253 0.0033269758330742838 -0.13411323987358217 -2.014359452543895 0.00049128128572471081 0.00016675649582112442 0.707106781186842 -0.69118273521071161 0.19943556327932702 0.0013614720570216145 -0.42852490286067807 0.99289031031169761
decision_type=8 8 10 8 10 8 10 10 10 10 8 10 10 10
left_child=2 6 7 4 -3 -5 8 -1 -2 12 -8 -11 -4 -9
right_child=1 3 9 5 -6 -7 10 13 -10 11 -12 -13 -14 -15
leaf_value=-1.1263754914139402e-06 -1.0429408537778302e-06 -6.1432686380289917e-07 -1.2998113839671487e-06 -3.283925586245639e-06 6.200083613395873e-07 6.7800697708582425e-06 -2.9707580627686208e-07 -1.0726573447040559e-06 -1.3474977196537231e-08 -1.0907124231474886e-06 -8.0025214984439491e-07 -3.8037420643009969e-07 -1.152586079613464e-06 -9.8341008321620222e-07
leaf_weight=907 33159 103594 772 4632 260956 53158 61424 1139 5471 4423 45596 773 832 303
leaf_count=907 33159 103594 772 4632 260956 53158 61424 1139 5471 4423 45596 773 832 303
internal_value=-3.13021e-05 1.13028e-05 -0.00267999 0.000164153 8.41837e-05 0.000667474 -0.000431484 -0.0051276 -0.000762422 -0.00181938 -0.000311408 -0.00142221 -0.00305204 -0.00397934
internal_weight=577139 567990 9149 422340 364550 57790 145650 2349 38630 6800 107020 5196 1604 1442
internal_count=577139 567990 9149 422340 364550 57790 145650 2349 38630 6800 107020 5196 1604 1442
is_linear=0
shrinkage=0.03


Tree=92
num_leaves=14
num_cat=0
split_feature=2 2 5 2 1 2 1 5 1 3 9 1 1
split_gain=71.5818 45.1012 18.2071 12.5047 11.2586 8.35009 7.71306 6.33076 3.54692 2.84847 1.75213 0.936289 0.760476
threshold=0.00016848823110797654 0.00115280101907767 -0.29044902765279429 0.00049128128572471081 -1.9462096604902357 0.00011970909161247253 0.2663172280597213 0.72073825118956525 -1.2654285975002018 1.6688062620484736e-05 -0.55039762479162191 0.037701289031880476 0.5465699365185267
decision_type=8 8 10 10 8 10 10 10 10 10 10 10 10
left_child=5 3 4 8 -3 9 -4 -5 -2 -1 -7 -12 -11
right_child=1 2 6 7 -6 10 -8 -9 -10 12 11 -13 -14
leaf_value=-1.014624914810408e-06 -1.6086077305152142e-06 -4.1156691897981678e-06 1.5668416035247617e-08 -4.3356200509627741e-08 3.662091769385794e-06 -8.7342563879390091e-07 1.4350944437291004e-06 -6.9299755525073869e-07 -7.3108654167288844e-07 -1.0670689268977569e-06 -1.1021088028006805e-06 -9.9679128493220091e-07 -1.122099322114202e-06
leaf_weight=505 4204 3573 164331 97612 66803 359 101847 95457 38981 1091 748 1177 760
leaf_count=505 4204 3573 164331 97612 66803 359 101847 95457 38981 1091 748 1177 760
internal_value=-8.90454e-06 2.10852e-05 0.000244215 -0.000296516 0.000673515 -0.00371613 0.000130464 -0.000192854 -0.000758421 -0.00499324 -0.00235658 -0.00192248 -0.00431703
internal_weight=577448 572808 336554 236254 70376 4640 266178 193069 43185 2356 2284 1925 1851
internal_count=577448 572808 336554 236254 70376 4640 266178 193069 43185 2356 2284 1925 1851
is_linear=0
shrinkage=0.03


Tree=93
num_leaves=15
num_cat=0
split_feature=3 9 5 5 8 8 8 3 3 8 6 9 9 9
split_gain=32.5126 17.1003 14.7006 10.7863 8.24319 7.82378 7.3806 4.74416 4.16542 3.63191 3.30018 3.73271 2.30344 1.96253
threshold=0.0045275501679568246 -0.68755304707201925 0.49287565365743935 1.1310584580206964 -0.0010393352949251528 -1.6491496652978168e-07 0.00084439634543727424 0.0014586128352197237 0.00070197163031619617 -3.4353451077185052e-09 1.5188905311984595 -0.17233734461041469 -0.033807562349088043 -0.78028015525852956
decision_type=8 10 10 10 8 10 10 10 10 8 10 10 10 8
left_child=1 7 5 4 12 -3 -6 9 -4 -1 11 -5 -2 -9
right_child=3 2 8 10 6 -7 -8 13 -10 -11 -12 -13 -14 -15
leaf_value=-1.5280277047078345e-06 -2.10763028495275e-06 9.5800880381148301e-07 -8.3343475944474251e-07 1.3001960519883397e-06 1.6571819211966583e-06 -1.6619100693184964e-07 6.8262247366383316e-06 -3.1496987230836485e-06 -4.7419628817799479e-07 -1.1657207834549687e-06 3.0635083669245551e-06 -1.5122663315930656e-06 1.8014527181659367e-05 -6.3556019032491274e-07
leaf_weight=3801 323 71450 60076 13156 85452 107070 14144 853 182789 1116 5310 25347 3262 2746
leaf_count=3801 323 71450 60076 13156 85452 107070 14144 853 182789 1116 5310 25347 3262 2746
internal_value=-2.50648e-05 -0.000156856 -0.000129783 0.000359949 0.00052743 7.66258e-05 0.000475634 -0.00148768 -0.00028175 -0.00209823 -3.31333e-05 -0.000131176 0.00194437 -0.000633416
internal_weight=576895 429901 421385 146994 103181 178520 99596 8516 242865 4917 43813 38503 3585 3599
internal_count=576895 429901 421385 146994 103181 178520 99596 8516 242865 4917 43813 38503 3585 3599
is_linear=0
shrinkage=0.03


Tree=94
num_leaves=15
num_cat=0
split_feature=2 2 2 1 2 2 1 4 8 3 4 4 1 7
split_gain=74.8143 41.21 17.922 12.5868 11.3507 9.42005 7.24363 6.24007 3.16761 3.12146 1.45183 0.964182 0.404408 0.323505
threshold=0.00016848823110797654 0.00096225791866100035 0.0044453775671086182 -0.25181730084331239 0.00011970909161247253 0.00038386087456429634 -1.2161792003998453 0.28902120622819155 2.3045738810028466e-05 0.00016675649582112442 1.0213591083877978 0.74749678989311086 -0.50188621462143879 1.0000000180025095e-35
decision_type=8 8 8 8 10 10 8 8 10 10 10 10 10 10
left_child=4 5 3 -3 9 8 -4 -7 -2 13 -11 12 -6 -1
right_child=1 2 6 -5 11 7 -8 -9 -10 10 -12 -13 -14 -15
leaf_value=-1.0430668635705103e-06 -1.0906314369444933e-06 -2.2067408097386997e-07 1.4192642512290234e-07 1.1000549634745947e-06 -9.285837802200235e-07 -1.8267182801914297e-07 1.3443503193146013e-05 -7.8164552666270083e-07 -2.6209112796434976e-07 -1.0419999977878108e-06 -9.0778496083634867e-07 -8.9754123410933613e-07 -1.0679801756142306e-06 -1.032458543926312e-06
leaf_weight=592 18181 144724 5897 220337 596 95010 21663 61897 4455 1139 301 607 1093 320
leaf_count=592 18181 144724 5897 220337 596 95010 21663 61897 4455 1139 301 607 1093 320
internal_value=3.34939e-06 3.42798e-05 0.000206545 0.000150645 -0.00378317 -0.000342083 0.000944505 -0.000258978 -0.000915129 -0.00526588 -0.00422069 -0.00222203 -0.00261683 -0.00678742
internal_weight=576812 572164 392621 365061 4648 179543 27560 156907 22636 2352 1440 2296 1689 912
internal_count=576812 572164 392621 365061 4648 179543 27560 156907 22636 2352 1440 2296 1689 912
is_linear=0
shrinkage=0.03


Tree=95
num_leaves=14
num_cat=0
split_feature=2 2 2 4 2 2 9 4 1 9 9 8 1
split_gain=71.2322 37.2358 17.8523 12.774 12.3475 9.32295 6.04357 4.65534 3.68879 3.12771 1.59269 0.840355 0.72286
threshold=0.00016848823110797654 0.0010220843988269902 0.0045979157259734603 -0.067989236129265815 0.00048099301382063304 0.00011970909161247253 -0.15803153001310763 0.24387872948865988 -0.93490321737400384 -0.42806068992581836 -0.55039762479162191 1.9424950239460352e-05 -0.50188621462143879
decision_type=8 8 8 8 10 10 8 8 10 10 10 10 10
left_child=5 4 3 -3 8 9 -4 -6 -2 -1 -7 -11 -12
right_child=1 2 6 -5 7 10 -8 -9 -10 11 12 -13 -14
leaf_value=-8.8838154191386638e-07 -1.4666197071112837e-06 1.1933810914796117e-06 4.7385242210432064e-06 -1.6517371215981053e-07 -1.4169827939553295e-07 -8.3789061924088189e-07 1.7095129704507244e-05 -7.2161857426411762e-07 -7.1131705874898509e-07 -1.0589480685738409e-06 -1.0144218782639047e-06 -8.5134988563492046e-07 -9.6350247323290901e-07
leaf_weight=756 6383 166229 12073 183372 92350 366 13077 64468 34477 1320 441 318 1460
leaf_count=756 6383 166229 12073 183372 92350 366 13077 64468 34477 1320 441 318 1460
internal_value=-2.77075e-05 2.29544e-06 0.00017813 0.000122382 -0.000330733 -0.00371741 0.000950318 -0.000209159 -0.000795694 -0.00504409 -0.00227404 -0.00415777 -0.00184929
internal_weight=577090 572429 374751 349601 197678 4661 25150 156818 40860 2394 2267 1638 1901
internal_count=577090 572429 374751 349601 197678 4661 25150 156818 40860 2394 2267 1638 1901
is_linear=0
shrinkage=0.03


Tree=96
num_leaves=15
num_cat=0
split_feature=2 2 2 5 4 0 2 3 4 8 3 7 1 4
split_gain=69.1571 35.2201 20.9826 19.5085 14.1572 8.34121 6.99245 4.2813 3.90566 3.32368 1.93828 1.63908 1.38409 1.08642
threshold=0.00023287522757989724 0.00099271818802177596 0.00011970909161247253 -0.75257429882887494 -0.067989236129265815 -0.38779696343920089 0.0005669767830623352 0.00018225170131291407 -0.53331337553511593 -3.2886250817598838e-06 0.0013614720570216145 1.0000000180025095e-35 1.6738190058727918 0.97894312125582628
decision_type=8 8 10 10 8 8 10 10 8 10 10 10 10 10
left_child=2 6 7 5 -5 -3 9 11 -8 -2 12 -1 -4 -9
right_child=1 3 10 4 -6 -7 8 13 -10 -11 -12 -13 -14 -15
leaf_value=-9.9324691687314169e-07 -1.3945582853135271e-06 -4.7327427464069623e-06 -9.8439301498055045e-07 1.2332998603967479e-06 -1.6803018506114515e-07 5.1381227579290108e-06 1.1037401741577503e-07 -9.517237888296921e-07 -5.5353740627398851e-07 -5.7857293309492648e-07 -9.1560390862742881e-07 -9.6971634386441989e-07 -1.4412794271868585e-06 -8.4814893851607245e-07
leaf_weight=624 11379 1888 5418 168971 183087 29714 40433 1089 87180 44906 945 355 505 300
leaf_count=624 11379 1888 5418 168971 183087 29714 40433 1089 87180 44906 945 355 505 300
internal_value=-8.33212e-06 3.34903e-05 -0.00258209 0.000197201 0.000132895 0.000911426 -0.000307719 -0.00502607 -0.000184152 -0.000586731 -0.00172463 -0.00664914 -0.00192854 -0.00379986
internal_weight=576794 567558 9236 383660 352058 31602 183898 2368 127613 56285 6868 979 5923 1389
internal_count=576794 567558 9236 383660 352058 31602 183898 2368 127613 56285 6868 979 5923 1389
is_linear=0
shrinkage=0.03


Tree=97
num_leaves=15
num_cat=0
split_feature=2 2 2 2 2 4 5 10 9 1 7 7 7 5
split_gain=64.2283 31.7037 20.196 12.665 12.0744 11.5043 8.38949 5.09083 4.11836 2.82247 2.16954 2.08982 1.50286 1.21697
threshold=0.00023287522757989724 0.0018044651293684904 0.00011970909161247253 0.0072123597952773238 0.00082374001072606597 0.021442990099320876 1.0728206273978222 0.70710678118682402 -0.38085111422886953 -0.95324857912198802 1.0000000180025095e-35 -3.3298363163926374e-14 1.5195471391808063e-08 0.41351960885798783
decision_type=8 8 10 8 10 8 10 10 8 10 10 8 10 10
left_child=2 4 10 5 7 -3 -6 -2 -5 -4 11 -1 -11 -12
right_child=1 3 9 8 6 -7 -8 -9 -10 12 13 -13 -14 -15
leaf_value=-1.0018364192453439e-06 -6.4272915989013306e-07 2.8775970720838814e-06 -1.0272898770712244e-06 2.5406516294594631e-06 3.0577701606193177e-07 3.2791752080079637e-07 -7.1041224860553874e-07 1.276729342804015e-07 3.8664834767847587e-05 -9.8133234049261449e-07 -1.1058048437862479e-06 -9.0972567058145318e-07 2.73076504373943e-07 -7.8607753369004831e-07
leaf_weight=883 113321 92678 1226 1502 171926 90957 73880 18759 5295 5173 393 439 465 696
leaf_count=883 113321 92678 1226 1502 171926 90957 73880 18759 5295 5173 393 439 465 696
internal_value=-9.57751e-06 3.07534e-05 -0.00248465 0.000346468 -0.000128194 0.000298946 -3.63687e-06 -0.000359528 0.00161922 -0.00163747 -0.00485502 -0.00577928 -0.00133003 -0.00363603
internal_weight=577593 568318 9275 190432 377886 183635 245806 132080 6797 6864 2411 1322 5638 1089
internal_count=577593 568318 9275 190432 377886 183635 245806 132080 6797 6864 2411 1322 5638 1089
is_linear=0
shrinkage=0.03


Tree=98
num_leaves=11
num_cat=0
split_feature=2 2 2 7 2 2 9 3 0 1
split_gain=63.5517 37.0549 19.8089 11.929 10.4971 10.4136 5.45312 4.4592 2.21673 0.971521
threshold=0.00011970909161247253 0.00082374001072606597 0.0028043607587672427 -9.5681731658199592e-11 0.0082522769874591607 0.00037023268076600977 -0.47124949501208863 0.0001057285354136641 -0.12176375207843247 1.0319823015416627
decision_type=8 8 8 8 8 10 10 10 10 10
left_child=7 5 3 -3 -4 6 -2 -1 -7 -9
right_child=1 2 4 -5 -6 8 -8 9 -10 -11
leaf_value=-9.1223815081306294e-07 -1.1165821294237262e-06 9.8090111661821592e-07 3.2244920983097766e-06 -2.5859014138278215e-07 3.4317004511780893e-05 -8.6120674875661422e-07 -8.0175379789687766e-07 -8.6510074373814668e-07 -3.6802849623234452e-07 -9.223877978896702e-07
leaf_weight=742 3711 118181 80488 232973 4558 28723 19045 1158 87091 474
leaf_count=742 3711 118181 80488 232973 4558 28723 19045 1158 87091 474
internal_value=-2.22055e-05 -1.82679e-06 0.000133835 3.4155e-05 0.000544653 -0.000429283 -0.00101704 -0.00491023 -0.000313199 -0.00390256
internal_weight=577144 574770 436200 351154 85046 138570 22756 2374 115814 1632
internal_count=577144 574770 436200 351154 85046 138570 22756 2374 115814 1632
is_linear=0
shrinkage=0.03


Tree=99
num_leaves=12
num_cat=0
split_feature=2 2 2 7 2 3 3 2 3 4 7
split_gain=63.8088 33.5082 15.498 12.6281 12.0716 5.87656 5.18 4.16777 1.96101 1.34194 0.862692
threshold=0.00011970909161247253 0.00085973527298878656 0.0045979157259734603 -9.5681731658199592e-11 0.00023287522757989724 0.022649684052356862 0.00016675649582112442 0.00049128128572471081 0.0013614720570216145 0.99289031031169761 1.0000000180025095e-35
decision_type=8 8 8 8 10 8 10 10 10 10 10
left_child=6 4 3 -3 8 -4 10 -6 -2 -8 -1
right_child=1 2 5 -5 7 -7 9 -9 -10 -11 -12
leaf_value=-9.0879059472511215e-07 -9.2633153185263327e-07 1.167083504538553e-06 6.4475269736600403e-06 -1.2200658931494578e-07 -6.7087838288945166e-07 3.3162426461027135e-05 -8.974312247462094e-07 -3.9298565474403018e-07 -7.3757815535623071e-07 -7.4562073207818001e-07 -8.7329039985924099e-07
leaf_weight=587 5937 141435 20721 258502 38513 4379 1162 104627 925 302 319
leaf_count=587 5937 141435 20721 258502 38513 4379 1162 104627 925 302 319
internal_value=-2.65076e-05 -6.11426e-06 0.000129826 8.42662e-05 -0.000391689 0.000853047 -0.00492857 -0.000332169 -0.00162224 -0.00368792 -0.00680568
internal_weight=577409 575039 425037 399937 150002 25100 2370 143140 6862 1464 906
internal_count=577409 575039 425037 399937 150002 25100 2370 143140 6862 1464 906
is_linear=0
shrinkage=0.03


Tree=100
num_leaves=15
num_cat=0
split_feature=2 2 2 4 8 9 2 5 9 7 7 9 5 7
split_gain=59.1275 31.6516 15.54 14.607 14.4487 12.2639 9.42231 7.03698 4.3284 2.9342 3.15672 1.83679 1.83219 1.02892
threshold=0.00016848823110797654 0.0015139750721761529 0.00049128128572471081 0.021442990099320876 0.0003535122270912436 -0.35749491224959451 0.00011970909161247253 1.1246889704436056 -0.45181890272291553 1.0000000180025095e-35 -3.3298363163926374e-14 -0.55039762479162191 0.37777351787160024 1.1849190900082104e-11
decision_type=8 8 10 8 10 8 10 10 10 10 8 10 10 10
left_child=6 2 8 4 -3 -5 9 -4 -2 10 -1 -8 -13 -11
right_child=1 3 7 5 -6 -7 11 -9 -10 13 -12 12 -14 -15
leaf_value=-9.1852047506801412e-07 -1.3418831989588682e-06 1.8117651784128623e-06 -1.3886507152355294e-08 -2.7196716444994543e-06 7.943997238360288e-06 8.3088645426541147e-07 -6.9613655359140298e-07 -7.3704504289972752e-07 -6.2103345288345491e-07 -6.4504687938460513e-07 -8.1596810922669115e-07 -2.8965891599652457e-07 -8.6335144560152628e-07 -1.0320871165447799e-06
leaf_weight=851 6570 105377 208506 17754 18335 103706 376 75962 36499 481 460 707 1179 559
leaf_count=851 6570 105377 208506 17754 18335 103706 376 75962 36499 481 460 707 1179 559
internal_value=-1.07876e-05 1.6385e-05 -0.000176457 0.000274253 0.000503726 4.00099e-05 -0.00339001 -9.57965e-05 -0.000707677 -0.00473698 -0.00576382 -0.00194894 -0.0015 -0.00334286
internal_weight=577322 572709 327537 245172 123712 121460 4613 284468 43069 2351 1311 2262 1886 1040
internal_count=577322 572709 327537 245172 123712 121460 4613 284468 43069 2351 1311 2262 1886 1040
is_linear=0
shrinkage=0.03


Tree=101
num_leaves=15
num_cat=0
split_feature=3 4 9 5 4 5 3 1 3 9 4 5 0 9
split_gain=24.8432 25.4796 17.8501 17.6018 11.895 8.8498 8.1713 4.66497 4.43429 4.19598 3.91051 5.85625 3.51386 3.4604
threshold=0.0053588207881834155 -0.044798243980802781 -0.58390542567302572 0.50361500283757998 0.6620268936954703 -0.20187126206413333 4.2105565485175154e-06 -0.25181730084331239 0.012329857415099241 -0.78028015525852956 0.64983659425135265 1.0594941301996323 1.0402894789262571 1.5012782331606842
decision_type=8 8 10 10 10 10 10 10 10 8 8 10 10 8
left_child=2 5 6 4 -4 12 -1 -5 -7 -8 11 -3 -2 -12
right_child=1 10 3 7 -6 8 9 -9 -10 -11 13 -13 -14 -15
leaf_value=-7.5263793653218156e-07 9.3762279064980439e-06 3.3044502723165742e-06 7.5306536443918941e-07 -8.1105556220695684e-07 -4.2445087441856775e-07 2.1124324508009028e-06 -1.5623099517465666e-06 -2.7757232471342994e-07 9.6225939973992567e-06 -1.1953252951921191e-06 -1.5246628464421475e-06 -1.7265816708645762e-06 -7.865852173588978e-06 2.2885169589980425e-06
leaf_weight=512 13691 15353 126137 100264 60509 33595 2177 147326 9021 22720 33251 8602 451 3375
leaf_count=512 13691 15353 126137 100264 60509 33595 2177 147326 9021 22720 33251 8602 451 3375
internal_value=-1.88321e-05 0.000370638 -0.000118393 -7.30093e-05 0.000146773 0.000827368 -0.000891302 -0.000238934 0.000608924 -0.000810134 -5.6345e-05 0.000240351 0.0014805 -0.000252047
internal_weight=576984 117339 459645 434236 186646 56758 25409 247590 42616 24897 60581 23955 14142 36626
internal_count=576984 117339 459645 434236 186646 56758 25409 247590 42616 24897 60581 23955 14142 36626
is_linear=0
shrinkage=0.03


Tree=102
num_leaves=15
num_cat=0
split_feature=2 2 2 5 1 2 1 2 6 8 9 5 10 9
split_gain=56.6803 27.5794 15.1757 13.9638 11.8376 8.84068 8.73686 5.52184 4.35058 3.08622 1.95258 1.53139 0.911255 0.626839
threshold=0.00016848823110797654 0.0020977114974389285 0.00060032507192564466 0.0142728071135981 -1.8864272593767051 0.00011970909161247253 -0.28248417149608962 0.0072123597952773238 0.90960965867628929 2.3045738810028466e-05 -0.41916173382026251 0.25446319595092859 -0.70710678118621717 -0.18263370109323959
decision_type=8 8 10 10 8 10 10 8 10 10 10 10 8 10
left_child=5 2 8 4 -3 9 -4 -5 -2 10 -1 13 -13 -7
right_child=1 3 6 7 -6 11 -8 -9 -10 -11 -12 12 -14 -15
leaf_value=-6.9817279499739944e-07 -5.5185476506641065e-07 -4.1013850800273942e-06 -5.7830117713576728e-07 5.5199470958889462e-07 6.1803758768629778e-06 -6.4782312981738987e-07 1.7669190759324534e-07 1.7684470372840025e-05 -1.6372421981327798e-06 -6.773262986148148e-07 -8.8429472701619419e-07 -8.7677456505782172e-07 -6.9587747072357016e-07 -2.5638283864892348e-07
leaf_weight=682 62407 3630 128545 96435 44124 302 226569 4043 7131 346 1340 590 930 485
leaf_count=682 62407 3630 128545 96435 44124 302 226569 4043 7131 346 1340 590 930 485
internal_value=-3.06041e-05 -3.62371e-06 -0.000126708 0.000348565 0.000771167 -0.00331697 -4.71554e-05 0.000147062 -0.000532035 -0.00462237 -0.0050876 -0.00193699 -0.0025098 -0.000737767
internal_weight=577559 572884 424652 148232 47754 4675 355114 100478 69538 2368 2022 2307 1520 787
internal_count=577559 572884 424652 148232 47754 4675 355114 100478 69538 2368 2022 2307 1520 787
is_linear=0
shrinkage=0.03


Tree=103
num_leaves=14
num_cat=0
split_feature=2 2 5 0 2 2 3 3 8 9 9 9 0
split_gain=62.8989 27.1593 17.0088 10.5798 9.95558 7.28211 6.6655 4.97841 3.45062 3.41299 1.88581 1.37767 1.06638
threshold=0.00016848823110797654 0.0010294663053992134 -0.4561112543615658 -0.23407420809321436 0.00011970909161247253 0.00037023268076600977 0.014111927539686916 1.6688062620484736e-05 7.4254351406696667e-05 -0.42806068992581836 -0.55039762479162191 -0.19328838522604588 0.066372761156964125
decision_type=8 8 10 8 10 10 10 10 10 10 10 10 10
left_child=4 5 3 -3 7 9 -4 -1 -7 -2 -6 -9 -12
right_child=1 2 6 -5 10 8 -8 11 -10 -11 12 -13 -14
leaf_value=-7.5082043237901291e-07 -1.2499359434112719e-06 -8.1065101806775979e-07 1.6353939651762525e-07 3.6974941213658224e-06 -6.2789089954758253e-07 -4.5150923781613889e-07 6.1062071287117123e-06 -8.0646411770142374e-07 1.6734479149411339e-07 -6.2805470066638694e-07 -7.0970556944997751e-07 -8.4141700420634502e-07 -9.1799917931424745e-07
leaf_weight=494 3820 11439 296551 48849 365 149313 15832 759 30156 16678 1218 1119 721
leaf_count=494 3820 11439 296551 48849 365 149313 15832 759 30156 16678 1218 1119 721
internal_value=-1.34171e-05 1.48049e-05 0.000166244 0.000627683 -0.00347503 -0.000267121 7.698e-05 -0.00485642 -0.000205461 -0.000803686 -0.0020121 -0.00404237 -0.00157311
internal_weight=577314 572638 372671 60288 4676 199967 312383 2372 179469 20498 2304 1878 1939
internal_count=577314 572638 372671 60288 4676 199967 312383 2372 179469 20498 2304 1878 1939
is_linear=0
shrinkage=0.03


Tree=104
num_leaves=12
num_cat=0
split_feature=2 2 7 2 0 5 5 3 9 4 7
split_gain=59.6271 27.7849 13.9052 12.3285 11.7961 11.3248 6.5542 3.1572 3.01676 1.36187 0.496038
threshold=0.00011970909161247253 0.0012258898326818672 -2.2330917030275609e-10 0.0002811199083325127 -0.24504761504666431 0.108344423017553 -0.86058845968578157 0.00018225170131291407 -0.55039762479162191 0.99289031031169761 1.0000000180025095e-35
decision_type=8 8 8 10 8 10 10 10 10 10 10
left_child=7 3 5 8 -4 -3 -5 10 -2 -9 -1
right_child=1 2 4 6 -6 -7 -8 9 -10 -11 -12
leaf_value=-7.9484246731571246e-07 -8.3920167435652473e-07 4.4243538794201898e-06 -1.6355237686301231e-06 1.2002796186128929e-06 6.5528145035918437e-07 1.1159114625589497e-06 -3.6943123446538586e-07 -7.277387686436046e-07 -7.9482668810856096e-07 -6.2998021475471347e-07 -7.8893937925761066e-07
leaf_weight=627 1438 37792 34002 9906 172270 71416 237821 1118 9976 302 324
leaf_count=627 1438 37792 34002 9906 172270 71416 237821 1118 9976 302 324
internal_value=-9.85785e-06 9.66881e-06 0.000198834 -0.000220389 5.35771e-05 0.000472614 -0.000175662 -0.00474759 -0.00118487 -0.00369231 -0.00620604
internal_weight=576992 574621 315480 259141 206272 109208 247727 2371 11414 1420 951
internal_count=576992 574621 315480 259141 206272 109208 247727 2371 11414 1420 951
is_linear=0
shrinkage=0.03


Tree=105
num_leaves=15
num_cat=0
split_feature=2 2 5 1 2 3 4 0 2 1 4 4 5 0
split_gain=57.3402 24.2179 21.4915 17.8605 8.42542 5.06897 4.92387 4.52797 4.32749 2.15262 1.62457 1.03269 0.787004 0.368198
threshold=0.00016848823110797654 0.00086695843176463211 1.0461484755717292 -1.2161792003998453 0.00011970909161247253 3.0916508120168655e-05 -0.54440592124634979 -0.24504761504666431 0.00037023268076600977 0.12319197346103987 0.46111451106915902 1.0797331723681782 0.20139967302715545 -0.098531429004374102
decision_type=8 8 10 8 10 10 10 10 10 10 10 10 10 10
left_child=4 7 3 -3 5 -1 -4 9 -9 -2 13 -7 -12 -6
right_child=1 2 6 -5 10 11 -8 8 -10 -11 12 -13 -14 -15
leaf_value=-7.1748476867272651e-07 -1.0164127083196214e-06 -1.3703646459612333e-06 2.0419986615292947e-07 1.2921889602197035e-06 -6.7449253941060991e-07 -7.7007735887477737e-07 -1.1195619921406486e-06 -7.1383042386202837e-07 -3.193691374998464e-07 -1.8725292889216068e-06 7.1108489678989148e-07 -6.2682983972496841e-07 -6.5078155089714148e-07 -7.87094585119058e-07
leaf_weight=557 7738 32783 48224 255391 418 1511 86525 18880 119581 3920 309 303 497 1098
leaf_count=557 7738 32783 48224 255391 418 1511 86525 18880 119581 3920 309 303 497 1098
internal_value=-2.05108e-05 6.46015e-06 0.000122757 0.000269078 -0.00331958 -0.00459639 -0.000189716 -0.000320764 -0.000272288 -0.000890641 -0.00197599 -0.00372039 -0.000764706 -0.00257143
internal_weight=577735 573042 422923 288174 4693 2371 134749 150119 138461 11658 2322 1814 806 1516
internal_count=577735 573042 422923 288174 4693 2371 134749 150119 138461 11658 2322 1814 806 1516
is_linear=0
shrinkage=0.03


Tree=106
num_leaves=15
num_cat=0
split_feature=3 4 9 5 8 5 3 4 1 3 3 9 4 5
split_gain=25.4738 24.5326 14.914 12.5666 9.3543 8.77235 7.68468 6.59837 6.05067 5.42405 3.11597 2.91941 2.55745 1.8091
threshold=0.0053588207881834155 0.31231325327960441 -0.57509857845416956 -0.39790853053422642 -0.00045718737697021276 1.3003117110442604 4.2105565485175154e-06 1.2458703087925715 -1.1272177609829745 0.010665595405385406 0.0019111193053581036 1.5012782331606842 0.19943556327932702 1.1310584580206964
decision_type=8 8 10 10 8 10 10 10 10 10 10 8 10 10
left_child=2 5 6 7 13 9 -1 -4 -5 -2 -8 -6 -7 -3
right_child=1 4 3 8 11 12 10 -9 -10 -11 -12 -13 -14 -15
leaf_value=-6.1028626743209592e-07 2.9968010811113838e-06 1.2371164456048196e-05 1.1049257837482173e-06 -9.9021152539523261e-07 -1.4831746218380243e-06 8.0376991818778686e-07 -1.1275631699382827e-06 -9.9802597653538519e-07 -2.432040331423419e-07 1.064486913859817e-05 -8.6824951821859576e-07 2.202101034146329e-06 -6.9069558232470419e-06 -1.2725113347976652e-06
leaf_weight=531 38270 2865 59442 41360 41271 12747 16869 9965 321446 17126 10145 3597 886 627
leaf_count=531 38270 2865 59442 41360 41271 12747 16869 9965 321446 17126 10145 3597 886 627
internal_value=-2.78919e-05 0.000366392 -0.0001287 -8.54004e-05 -0.000150713 0.000729501 -0.000805661 0.000284109 -0.000156261 0.000897304 -0.000731794 -0.000268327 4.3099e-05 0.00133981
internal_weight=577147 117389 459758 432213 48360 69029 27545 69407 362806 55396 27014 44868 13633 3492
internal_count=577147 117389 459758 432213 48360 69029 27545 69407 362806 55396 27014 44868 13633 3492
is_linear=0
shrinkage=0.03


Tree=107
num_leaves=13
num_cat=0
split_feature=2 2 2 0 2 4 2 9 9 3 3 9
split_gain=56.5179 24.3444 16.4951 11.5307 9.86759 7.26016 4.96308 4.12579 3.63797 1.09625 1.069 1.56034
threshold=0.00011970909161247253 0.0027352697051873987 0.00049128128572471081 -0.24113348122511316 0.0082522769874591607 0.61237165636739055 0.00020362843610001645 -0.41916173382026251 -0.16158162980730126 0.00019649361636396286 0.00016675649582112442 0.40769027073268976
decision_type=8 8 10 10 8 8 10 10 8 10 10 10
left_child=7 2 6 -4 5 -3 -2 9 -6 -1 -9 -12
right_child=1 4 3 -5 8 -7 -8 10 -10 -11 11 -13
leaf_value=-6.5163265979248374e-07 -7.0584756240304923e-07 3.9638886236446668e-06 -1.2463215988940403e-06 7.7451550336260254e-08 1.1789918705490997e-05 -3.9853090047917728e-07 -5.9400237971012828e-07 -7.8981401221425449e-07 5.0489654983095264e-05 -5.8589253335136567e-07 -6.2112510552698629e-07 -8.6617514744320101e-07
leaf_weight=414 4556 60593 47230 392538 2129 24666 40676 530 2488 355 621 446
leaf_count=414 4556 60593 47230 392538 2129 24666 40676 530 2488 355 621 446
internal_value=-1.39073e-05 5.07231e-06 -7.88644e-05 -2.26069e-05 0.000458648 0.000384477 -0.000624376 -0.00463131 0.00181154 -0.00655456 -0.00363286 -0.00288579
internal_weight=577242 574876 485000 439768 89876 85259 45232 2366 4617 769 1597 1067
internal_count=577242 574876 485000 439768 89876 85259 45232 2366 4617 769 1597 1067
is_linear=0
shrinkage=0.03


Tree=108
num_leaves=15
num_cat=0
split_feature=2 2 9 2 2 4 1 4 2 7 7 9 7 7
split_gain=55.6144 24.2115 12.6339 12.3145 8.47191 8.32274 7.63569 8.0708 2.82281 2.62015 2.4187 1.89955 1.01634 0.507904
threshold=0.00016848823110797654 0.001697485531501471 -0.31960628173666128 0.0049448222846253482 0.00011970909161247253 -0.36002554523194236 -1.2654285975002018 -0.4523792547881762 0.00039817041348855269 1.0000000180025095e-35 -3.3298363163926374e-14 -0.55039762479162191 1.1849190900082104e-11 -1.116594973672534e-13
decision_type=8 8 8 8 10 8 10 8 10 10 8 10 10 10
left_child=4 6 5 -4 9 -3 8 -8 -2 10 -1 -6 -11 -13
right_child=1 2 3 -5 11 -7 7 -9 -10 12 -12 13 -14 -15
leaf_value=-7.6621273288138679e-07 -1.1174797446476066e-06 1.1940183136486531e-06 1.6839604685360891e-06 1.6527297827179642e-05 -5.0387292381785953e-07 -1.9578691265537842e-06 2.4317360751760551e-07 -3.7252421259590428e-07 -1.0048761885483792e-06 -4.9725354914580978e-07 -6.6158552635509533e-07 -8.171728410969328e-07 -8.8277173451500905e-07 -5.9594883857274103e-07
leaf_weight=836 2537 31277 134873 14394 372 28316 108232 222629 30884 488 439 770 573 1148
leaf_count=836 2537 31277 134873 14394 372 28316 108232 222629 30884 488 439 770 573 1148
internal_value=-1.3365e-05 1.30018e-05 0.000270599 0.000418095 -0.00328602 -9.78474e-05 -0.000134529 -9.06516e-05 -0.000566959 -0.00457545 -0.00557977 -0.00193043 -0.00327171 -0.00148444
internal_weight=577768 573142 208860 149267 4626 59593 364282 330861 33421 2336 1275 2290 1061 1918
internal_count=577768 573142 208860 149267 4626 59593 364282 330861 33421 2336 1275 2290 1061 1918
is_linear=0
shrinkage=0.03


Tree=109
num_leaves=12
num_cat=0
split_feature=2 2 2 4 5 4 2 0 3 7 0
split_gain=57.8086 22.9677 15.4585 12.7117 8.53844 7.87984 4.29198 4.27201 3.34392 0.755259 0.436252
threshold=0.00011970909161247253 0.0034476753702755453 0.00039817041348855269 0.64983659425135265 -0.76859528432762036 -0.044798243980802781 0.00023287522757989724 -0.081591906349538154 0.00024274209384767532 1.0000000180025095e-35 -0.011421682171463941
decision_type=8 8 10 8 10 10 10 8 10 10 10
left_child=8 2 6 -4 7 -6 -2 -3 9 -1 -10
right_child=1 4 3 -5 5 -7 -8 -9 10 -11 -12
leaf_value=-6.7767031532319345e-07 -7.1445377817914857e-07 7.1524323191743308e-06 1.947052282871672e-07 -6.7060144686210774e-07 7.3007376323385933e-06 4.7600053922322878e-07 -5.6594441436748071e-07 2.7897603639320625e-05 -4.7640325484920014e-07 -6.4404540224740546e-07 -7.5372296082120897e-07
leaf_weight=711 6880 3066 358998 135455 22579 23979 20475 3554 452 422 765
leaf_count=711 6880 3066 358998 135455 22579 23979 20475 3554 452 422 765
internal_value=-1.77086e-05 1.41914e-06 -5.90091e-05 -2.04707e-05 0.000595397 0.000450052 -0.000753152 0.00160633 -0.00470339 -0.0059685 -0.00343765
internal_weight=577336 574986 521808 494453 53178 46558 27355 6620 2350 1133 1217
internal_count=577336 574986 521808 494453 53178 46558 27355 6620 2350 1133 1217
is_linear=0
shrinkage=0.03


Tree=110
num_leaves=15
num_cat=0
split_feature=2 2 2 2 1 2 0 1 6 1 3 7 6 0
split_gain=56.8557 18.961 11.0531 10.6157 8.82626 7.95967 7.62239 4.49471 3.59979 1.12632 1.09 0.79365 0.584704 0.583209
threshold=0.00016848823110797654 0.0023439653821085231 0.00063335451416563708 0.0082522769874591607 -1.9462096604902357 0.00011970909161247253 -0.25693918708752622 -2.3804907354382348 0.88989992697803999 0.056812621901407963 0.00022749677336881118 -1.0000000180025095e-35 -0.16841851454265996 -0.011421682171463941
decision_type=8 8 10 8 8 10 10 8 10 10 10 10 10 10
left_child=5 2 8 4 -3 10 -4 -5 -2 11 -1 -7 -11 -12
right_child=1 3 6 7 -6 9 -8 -9 -10 12 13 -13 -14 -15
leaf_value=-6.537780933836238e-07 -4.1016679702701474e-07 -3.3443305569226918e-06 -1.2161090486203901e-06 -1.3919085117598327e-05 2.2712213669155805e-06 -6.2890854642987113e-07 8.131659102740792e-08 3.5143663841389993e-05 -1.3647989770365175e-06 -7.6824191263814923e-07 -5.0643526261583027e-07 -5.6021220010159964e-07 -5.1546406678808948e-07 -7.3391851853999464e-07
leaf_weight=1080 70936 8388 33404 316 108240 521 338610 4248 8183 461 504 544 752 771
leaf_count=1080 70936 8388 33404 316 108240 521 338610 4248 8183 461 504 544 752 771
internal_value=-1.72835e-05 9.43503e-06 -7.99569e-05 0.000342668 0.000286425 -0.00332371 -1.13057e-05 0.00176301 -0.000401951 -0.00199825 -0.0045666 -0.00276279 -0.00126083 -0.00373541
internal_weight=576958 572325 451133 121192 116628 4633 372014 4564 79119 2278 2355 1065 1213 1275
internal_count=576958 572325 451133 121192 116628 4633 372014 4564 79119 2278 2355 1065 1213 1275
is_linear=0
shrinkage=0.03


Tree=111
num_leaves=15
num_cat=0
split_feature=3 4 1 5 0 5 1 8 7 4 0 4 3 5
split_gain=18.1657 19.2918 10.8469 8.85128 9.27063 7.32777 5.66696 5.46038 4.00741 3.66396 3.63887 3.5235 3.34479 3.0885
threshold=0.0055922120611417887 -0.079689110104072897 -0.65070768447975069 1.0728206273978222 -0.20245915304038944 0.30529588272691072 -2.6905755353592253 -0.0010393352949251528 -1.5861200240577375e-06 0.99289031031169761 1.0402894789262571 0.91330953844422946 6.1329756896014948e-05 1.4103453744823895
decision_type=8 8 8 10 8 10 10 8 10 8 10 8 10 10
left_child=2 5 6 4 -4 10 9 8 -3 -1 -2 -9 -8 -7
right_child=1 7 3 -5 -6 13 12 11 -10 -11 -12 -13 -14 -15
leaf_value=-1.9980857766956962e-06 7.4109414104140616e-06 -1.5749483005210989e-06 -8.6808822625141395e-07 -5.4812727117306114e-07 3.6477400043467476e-07 2.9710105149079137e-06 -8.0609310883993257e-07 5.8582892121971267e-07 1.7512163077105023e-05 -1.151781474165802e-05 -7.0526244876850943e-06 -1.6625312936844097e-06 -5.6172150048482632e-07 -5.38619131383065e-07
leaf_weight=5437 19746 1055 36380 94259 214411 25471 3142 30364 1759 392 630 24914 113002 6575
leaf_count=5437 19746 1055 36380 94259 214411 25471 3142 30364 1759 392 630 24914 113002 6575
internal_value=-1.43677e-05 0.000331367 -9.63144e-05 -1.01721e-05 8.27987e-05 0.000748627 -0.00033949 -4.41981e-05 0.00124079 -0.00125467 0.00119523 -0.00011091 -0.000292939 0.000462503
internal_weight=577537 110514 467023 345050 250791 52422 121973 58092 2814 5829 20376 55278 116144 32046
internal_count=577537 110514 467023 345050 250791 52422 121973 58092 2814 5829 20376 55278 116144 32046
is_linear=0
shrinkage=0.03


Tree=112
num_leaves=12
num_cat=0
split_feature=2 5 2 2 2 1 2 4 4 3 7
split_gain=48.7747 21.5316 15.3285 10.4536 8.19666 5.97689 4.2554 3.84417 3.34136 2.48573 0.149052
threshold=0.00011970909161247253 -0.70370662564784181 0.00057560327648803011 0.0072123597952773238 0.0033819808515759176 -2.090959153855541 0.0002811199083325127 0.97894312125582628 -0.067989236129265815 0.00016675649582112442 -8.6318838521947083e-11
decision_type=8 10 10 10 8 8 10 8 8 10 10
left_child=7 4 6 -4 8 -6 -3 9 -2 -1 -11
right_child=1 2 3 -5 5 -7 -8 -9 -10 10 -12
leaf_value=-6.5853422672926698e-07 2.2022091736659047e-06 -6.5098115603506169e-07 -2.7130385139389753e-08 1.8366193622475448e-05 -9.3320118503742312e-06 1.777572186019932e-05 -4.6786959181005918e-07 -5.129233963176444e-07 6.2062460276192628e-07 -6.9278579144009426e-07 -5.9749805759261839e-07
leaf_weight=782 17492 10524 457758 5581 584 7495 49937 424 24416 323 833
leaf_count=782 17492 10524 457758 5581 584 7495 49937 424 24416 323 833
internal_value=-1.46939e-05 2.94878e-06 -5.37218e-05 4.77826e-06 0.000597876 0.00147534 -0.000502952 -0.00430776 0.000426976 -0.00488809 -0.00380274
internal_weight=576149 573787 523800 463339 49987 8079 60461 2362 41908 1938 1156
internal_count=576149 573787 523800 463339 49987 8079 60461 2362 41908 1938 1156
is_linear=0
shrinkage=0.03


Tree=113
num_leaves=15
num_cat=0
split_feature=3 4 1 3 0 7 4 8 1 4 8 9 6 7
split_gain=18.2671 17.9335 13.4873 6.74885 6.68462 5.86429 5.00498 4.29985 4.23138 4.33329 3.98377 3.98088 3.52265 2.33754
threshold=0.0056744553899959133 0.41511535116861537 -1.2654285975002018 0.018289045885995905 -0.21413330697779645 -7.2442883728329753e-12 0.90107137585036912 -0.00088891685075825108 -2.6905755353592253 0.75981036841480043 0.00024775336570523245 1.1708651425950649 1.010835470834768 2.5618052176907436e-07
decision_type=10 10 8 10 10 10 10 10 10 8 10 10 10 10
left_child=2 3 8 10 5 -4 -6 -3 9 -1 -2 -9 -5 -10
right_child=1 7 4 12 6 -7 -8 11 13 -11 -12 -13 -14 -15
leaf_value=-1.834186156559617e-06 2.0564474987135698e-06 1.1364465151832738e-05 8.0416103235157509e-08 2.5017856246535427e-05 1.4049055889730917e-07 -1.1730162483988461e-06 -4.7402975426273847e-07 -1.5596778589353531e-06 -7.9965048263649909e-07 -8.9077673966397466e-06 4.3531088407932893e-06 2.2803557103971418e-06 4.5421726078855303e-06 -5.9691396312871641e-06
leaf_weight=5257 43248 1753 22067 4562 286169 36884 69390 34409 48156 639 16356 5376 2361 755
leaf_count=5257 43248 1753 22067 4562 286169 36884 69390 34409 48156 639 16356 5376 2361 755
internal_value=-2.20093e-05 0.000329493 -0.00010308 0.000635015 -4.44369e-05 -0.000340293 4.45483e-06 -0.000158419 -0.000545415 -0.00130952 0.000530312 -0.000223897 0.00152575 -0.000451831
internal_weight=577382 108065 469317 66527 414510 58951 355559 41538 54807 5896 59604 39785 6923 48911
internal_count=577382 108065 469317 66527 414510 58951 355559 41538 54807 5896 59604 39785 6923 48911
is_linear=0
shrinkage=0.03


Tree=114
num_leaves=15
num_cat=0
split_feature=2 2 2 9 2 5 2 3 6 3 5 9 7 5
split_gain=45.1714 18.9441 9.84702 9.76516 10.1735 7.65907 6.09585 4.13837 3.86657 2.03995 1.72063 1.16236 0.957272 0.457022
threshold=0.00016848823110797654 0.0022543050140457453 0.00063335451416563708 -0.47124949501208863 0.0056945744615923216 -0.86058845968578157 0.00011970909161247253 0.0055922120611417887 0.61174570172013099 0.00022749677336881118 -0.21609831453108497 -0.55039762479162191 1.0000000180025095e-35 1.1564494137568184
decision_type=8 8 10 8 8 10 10 10 10 10 10 10 8 10
left_child=6 2 8 7 -5 -4 9 -3 -2 12 -8 -12 -1 -11
right_child=1 3 5 4 -6 -7 10 -9 -10 13 11 -13 -14 -15
leaf_value=-6.2166401501909289e-07 -3.8576049619443195e-07 -2.7924102375134031e-06 2.0897864489524575e-06 2.0416464789726355e-06 1.7726951643794572e-05 -1.3547854551913676e-07 -4.6049488807033624e-08 2.9323632871013513e-06 -1.2189676838588714e-06 -6.1481852857041857e-07 -4.2587570440928614e-07 -6.0277313550014398e-07 -5.6669531833509256e-07 -4.2366034115875763e-07
leaf_weight=682 64859 12495 15994 101334 11811 347445 434 4840 13878 963 304 1541 420 329
leaf_count=682 64859 12495 15994 101334 11811 347445 434 4840 13878 963 304 1541 420 329
internal_value=-2.1367e-05 2.52503e-06 -9.11019e-05 0.000320254 0.000422076 -2.50269e-05 -0.0029558 -0.000340732 -0.000395291 -0.00403328 -0.00178506 -0.00218329 -0.00508813 -0.0030553
internal_weight=577329 572656 442176 130480 113145 363439 4673 17335 78737 2394 2279 1845 1102 1292
internal_count=577329 572656 442176 130480 113145 363439 4673 17335 78737 2394 2279 1845 1102 1292
is_linear=0
shrinkage=0.03


Tree=115
num_leaves=11
num_cat=0
split_feature=2 2 2 1 2 10 9 9 4 3
split_gain=46.3829 19.3737 11.3021 10.4723 9.64659 4.63841 4.2117 2.0214 1.93278 1.03237
threshold=0.00011970909161247253 0.0011444663586117328 0.0072123597952773238 -0.41071494654910384 0.00023287522757989724 0.70710678118716908 -0.30442503596824955 -0.55862268390996161 1.0797331723681782 0.00028837523063133364
decision_type=8 8 8 8 10 10 8 10 8 10
left_child=8 4 3 -3 7 -6 -4 -2 9 -1
right_child=1 2 6 -5 5 -7 -8 -9 -10 -11
leaf_value=-6.0411003453835513e-07 -5.3388000051272001e-07 -3.6209360507744156e-07 3.4686278020246084e-06 1.0776989740856881e-06 -3.5522118653286513e-07 4.426802575180719e-07 3.3154043241863616e-05 -6.5249891190136944e-07 -5.4608992216532222e-07 -5.6390285059973943e-07
leaf_weight=1115 919 116320 2077 215427 212291 17089 4739 5960 363 896
leaf_count=1115 919 116320 2077 215427 212291 17089 4739 5960 363 896
internal_value=-4.40744e-06 1.28072e-05 0.000158394 0.000133327 -0.000195565 -0.000162038 0.00136771 -0.00130295 -0.00418037 -0.00456903
internal_weight=577196 574822 338563 331747 236259 229380 6816 6879 2374 2011
internal_count=577196 574822 338563 331747 236259 229380 6816 6879 2374 2011
is_linear=0
shrinkage=0.03


Tree=116
num_leaves=15
num_cat=0
split_feature=2 2 4 3 9 2 2 1 4 3 7 9 1 1
split_gain=46.5966 14.9401 11.8534 10.2954 8.07387 7.20901 6.03515 5.55685 5.03957 2.2519 1.17138 0.7758 0.804113 0.365393
threshold=0.00016848823110797654 0.0033269758330742838 0.6620268936954703 0.002002465922842373 -0.31960628173666128 0.00011970909161247253 0.0082522769874591607 -0.74694214150773963 -0.37095676628112456 0.00024274209384767532 3.6374773265982213e-14 -0.55039762479162191 0.037701289031880476 -0.67755327828029832
decision_type=8 8 8 10 8 10 8 10 10 10 8 10 10 10
left_child=5 2 3 -2 8 9 -6 -4 -3 10 -1 -7 -13 -11
right_child=1 4 7 -5 6 11 -8 -9 -10 13 -12 12 -14 -15
leaf_value=-5.8724089963514203e-07 -2.4133255601092658e-07 3.6063989373175274e-06 -1.6275801640475488e-06 6.2373708224164802e-07 4.9229372687074394e-06 -3.8548591408818306e-07 3.6271308545781995e-05 -4.7528106619161374e-07 -3.6203338494891575e-06 -2.5591480819345808e-07 -6.025754055158186e-07 -5.6511497433128602e-07 -5.5703630604153967e-07 -6.2093862707495786e-07
leaf_weight=802 189584 8527 19215 186240 36859 377 3350 120208 9001 313 319 761 1160 912
leaf_count=802 189584 8527 19215 186240 36859 377 3350 120208 9001 313 319 761 1160 912
internal_value=-2.18857e-05 2.29322e-06 -4.88843e-05 3.86181e-05 0.000459972 -0.0030116 0.000694299 -0.000285169 -7.42388e-05 -0.00419949 -0.00527321 -0.00175997 -0.00144174 -0.0031336
internal_weight=577628 572984 515247 375824 57737 4644 40209 139423 17528 2346 1121 2298 1921 1225
internal_count=577628 572984 515247 375824 57737 4644 40209 139423 17528 2346 1121 2298 1921 1225
is_linear=0
shrinkage=0.03


Tree=117
num_leaves=15
num_cat=0
split_feature=2 5 4 3 1 2 2 0 0 1 4 6 10 0
split_gain=34.7459 17.2547 13.5322 17.6458 7.75507 6.96102 5.4367 5.41973 3.24959 2.02027 1.45753 1.90366 1.29509 0.913319
threshold=0.00016848823110797654 -0.80496520270652805 -0.11335919478911437 0.002002465922842373 -1.2918046187686572 0.0044453775671086182 0.00011970909161247253 -0.32075418960466168 -0.27991029679285923 0.037701289031880476 0.97894312125582628 0.20098758015268461 -0.70710678118615578 0.056884618410974482
decision_type=8 8 8 10 8 10 10 10 10 10 8 10 10 10
left_child=6 5 3 -3 -4 7 10 -2 -7 13 11 -1 -11 -8
right_child=1 2 4 -5 -6 8 9 -9 -10 12 -12 -13 -14 -15
leaf_value=-4.6737199314861014e-07 -2.7519900991579567e-06 -3.1962288917357076e-07 -1.7743043655496733e-06 1.2208888414523661e-06 -3.265478363351522e-07 -1.2629064731611178e-08 -3.7749169323058786e-07 1.9549235507440678e-06 3.5843841448485361e-05 -6.9599191606036305e-07 -4.7305703373953469e-07 -6.3764008398160686e-07 1.7023785148946946e-07 -6.8888072869817872e-07
leaf_weight=1306 2725 113666 23815 134950 263304 617 751 30188 2757 468 437 646 789 301
leaf_count=1306 2725 113666 23815 134950 263304 617 751 30188 2757 468 437 646 789 301
internal_value=-1.65415e-05 4.47877e-06 -3.83018e-05 0.000123583 -0.000178686 0.000637573 -0.00258326 0.000501716 0.00193972 -0.0014903 -0.003604 -0.00398471 -0.000606156 -0.00247458
internal_weight=576720 572022 535735 248616 287119 36287 4698 32913 3374 2309 2389 1952 1257 1052
internal_count=576720 572022 535735 248616 287119 36287 4698 32913 3374 2309 2389 1952 1257 1052
is_linear=0
shrinkage=0.03


Tree=118
num_leaves=15
num_cat=0
split_feature=2 2 1 0 1 2 2 2 4 3 4 4 1 7
split_gain=44.1471 15.7898 11.0845 11.6851 7.00636 7.24435 6.29649 6.10778 2.33701 2.25693 1.24618 1.35703 0.993217 0.12135
threshold=0.00016848823110797654 0.0035789106301292537 -0.38872796872458321 -0.36455830766920311 -1.9462096604902357 0.010578366677787563 0.00011970909161247253 0.00043488209737182988 -0.20422880487466857 0.00019649361636396286 0.75981036841480043 -0.96723058513370475 1.0319823015416627 1.0000000180025095e-35
decision_type=8 8 10 10 8 8 10 10 10 10 10 10 10 8
left_child=6 2 7 -4 8 -6 9 -2 -3 13 11 -8 -11 -1
right_child=1 4 3 -5 5 -7 10 -9 -10 12 -12 -13 -14 -15
leaf_value=-5.6881090227834986e-07 -8.674986847046313e-07 2.4440404285396349e-06 -2.560833576052303e-06 2.0612392170083202e-07 4.8797927461278842e-06 5.259589855792542e-05 -1.6832535260521793e-07 -4.823389095447032e-07 -7.0430730790860067e-06 -4.9560594053023237e-07 -2.8963311292348846e-07 -6.0549646294517087e-07 -4.6451171648115717e-07 -5.6593266545217453e-07
leaf_weight=613 9881 1939 8366 342809 41938 1997 440 163124 2411 971 597 1277 385 391
leaf_count=613 9881 1939 8366 342809 41938 1997 440 163124 2411 971 597 1277 385 391
internal_value=-1.47726e-05 8.85628e-06 -3.886e-05 5.78328e-05 0.000528005 0.000642394 -0.00291546 -0.000235471 -0.000612385 -0.00402532 -0.00174527 -0.00216445 -0.00307028 -0.00521302
internal_weight=577139 572465 524180 351175 48285 43935 4674 173005 4350 2360 2314 1717 1356 1004
internal_count=577139 572465 524180 351175 48285 43935 4674 173005 4350 2360 2314 1717 1356 1004
is_linear=0
shrinkage=0.03


Tree=119
num_leaves=14
num_cat=0
split_feature=2 5 4 9 8 4 8 2 2 4 4 4 9
split_gain=39.3518 16.6766 17.1541 12.9092 11.0126 6.4898 6.59101 5.33668 4.03076 1.60425 1.20527 0.632124 0.484208
threshold=0.00016848823110797654 0.49287565365743935 0.6620268936954703 -0.25539000707983583 -0.00030059726627098692 -0.70936951089250255 0.00078524141487376902 0.00011970909161247253 0.00062506533066187186 0.75981036841480043 1.1528997515126302 -0.96723058513370475 -0.6265943796561515
decision_type=8 10 8 10 8 8 10 10 10 10 8 10 10
left_child=7 2 3 -2 -4 6 -3 10 -7 11 12 -9 -1
right_child=1 5 4 -5 -6 8 -8 9 -10 -11 -12 -13 -14
leaf_value=-9.7390511490130574e-08 5.3452525744449541e-08 9.366163673229827e-08 4.7166448615709517e-06 1.6368996721104057e-06 -7.0072842394681989e-07 -6.4691319558817111e-07 7.1701585248463344e-06 -2.6522666204516688e-07 -4.9193244501809396e-07 -2.1880350400339412e-07 -4.3874457588977841e-07 -5.8143690012422233e-07 -5.7925422379865897e-07
leaf_weight=346 60549 89752 6000 107005 70639 31927 3435 415 203191 595 320 1272 1704
leaf_count=346 60549 89752 6000 107005 70639 31927 3435 415 203191 595 320 1272 1704
internal_value=-6.44535e-06 1.58041e-05 0.000203634 0.000373792 -0.000167595 -0.000123723 8.76852e-05 -0.00275161 -0.000207768 -0.00165707 -0.00376891 -0.002132 -0.00406311
internal_weight=577150 572498 244193 167554 76639 328305 93187 4652 235118 2282 2370 1687 2050
internal_count=577150 572498 244193 167554 76639 328305 93187 4652 235118 2282 2370 1687 2050
is_linear=0
shrinkage=0.03


Tree=120
num_leaves=14
num_cat=0
split_feature=2 5 4 2 2 0 2 4 10 4 1 4 3
split_gain=41.6438 16.6375 16.5841 12.9289 6.68601 5.62028 5.43803 5.20014 5.01603 3.28847 1.5634 0.830996 1.05187
threshold=0.00016848823110797654 0.49287565365743935 0.6620268936954703 0.0026706898087563965 0.00048099301382063304 -0.24504761504666431 0.00011970909161247253 -0.54440592124634979 0.70710678118682402 1.0797331723681782 -1.0058077395909855 0.83507052715720975 0.00012069920493158381
decision_type=8 10 8 10 10 8 10 8 10 8 10 10 10
left_child=6 2 3 -2 8 -4 9 -6 -3 10 -1 12 -8
right_child=1 4 5 -5 7 -7 11 -9 -10 -11 -12 -13 -14
leaf_value=-2.3584383746906876e-07 5.4066784028313207e-07 -9.1107780954981546e-07 -2.2669659133315583e-06 7.0200938449618788e-06 1.8826101809876971e-07 -1.6506693266608537e-07 -2.5406379472057017e-07 -5.3160560691616357e-07 4.2346818333601336e-07 -3.9777937589923947e-07 -5.7560778154103308e-07 -3.6316166431352869e-07 -5.4900568015860122e-07
leaf_weight=501 137753 20350 11887 29721 103858 64811 349 200585 3402 368 1549 525 1411
leaf_count=501 137753 20350 11887 29721 103858 64811 349 200585 3402 368 1549 525 1411
internal_value=-2.66687e-05 -3.43829e-06 0.000183969 0.000351401 -0.000143051 -0.000180842 -0.00283514 -0.000104982 -0.00062823 -0.00384761 -0.00432524 -0.00172549 -0.00205085
internal_weight=577070 572367 244172 167474 328195 76698 4703 304443 23752 2418 2050 2285 1760
internal_count=577070 572367 244172 167474 328195 76698 4703 304443 23752 2418 2050 2285 1760
is_linear=0
shrinkage=0.03


Tree=121
num_leaves=15
num_cat=0
split_feature=3 4 9 5 5 8 1 3 8 8 6 4 1 4
split_gain=13.9799 18.7698 10.8526 8.26068 7.81855 6.14212 6.00291 5.46519 4.91174 4.09594 3.97891 3.45504 3.35196 2.49325
threshold=0.0044728730037567792 0.31231325327960441 -0.31192239198428279 1.033000435401296 -0.4561112543615658 -0.00088891685075825108 -0.82285333061782928 0.010665595405385406 -3.322844840325407e-05 -0.00038529750729762355 0.17916199951208614 1.2458703087925715 -0.55039181788309233 0.13285174687638182
decision_type=8 8 8 10 10 8 10 10 10 10 10 10 8 8
left_child=2 3 8 7 11 -3 -6 -2 13 -5 -10 -4 -7 -1
right_child=1 5 4 9 6 12 -8 -9 10 -11 -12 -13 -14 -15
leaf_value=-2.1769617690422007e-06 2.2895231283142428e-06 9.9684391898041501e-06 1.2507495125601217e-06 -3.7322793666461508e-06 -9.2139790821504559e-07 -2.9235196379573277e-06 -4.2025007218856267e-08 1.0212327125516152e-05 -4.3188975193115256e-07 1.2363085962621097e-06 -1.433529901108664e-06 -5.0076582863687365e-07 -4.9950721380997733e-07 -7.3316056717795822e-06
leaf_weight=3878 42683 2410 39239 4495 26241 11706 227852 14373 107768 26083 15192 7589 47332 337
leaf_count=3878 42683 2410 39239 4495 26241 11706 227852 14373 107768 26083 15192 7589 47332 337
internal_value=-1.2547e-05 0.000237518 -9.97744e-05 0.000519534 -1.37573e-06 -0.000163722 -6.72247e-05 0.000732941 -0.000332115 0.000119262 -0.000296902 0.000354584 -0.000225274 -0.00134201
internal_weight=577178 149082 428096 87634 300921 61448 254093 57056 127175 30578 122960 46828 59038 4215
internal_count=577178 149082 428096 87634 300921 61448 254093 57056 127175 30578 122960 46828 59038 4215
is_linear=0
shrinkage=0.03


Tree=122
num_leaves=13
num_cat=0
split_feature=2 2 2 1 0 4 2 3 7 1 1 1
split_gain=42.3796 18.4214 10.7184 8.5995 7.687 5.35153 5.26625 1.7323 2.20448 1.54838 0.851388 0.969783
threshold=0.00011970909161247253 0.0026706898087563965 0.00023287522757989724 -0.37721301791290479 -0.25693918708752622 -0.056333008706142211 0.0082522769874591607 0.00018225170131291407 1.0000000180025095e-35 -0.66438022318572221 -0.90234641864050291 1.0319823015416627
decision_type=8 8 10 8 10 10 8 10 8 10 10 10
left_child=7 2 9 5 -4 -3 -5 8 -1 -2 -9 -12
right_child=1 3 4 6 -6 -7 -8 10 -10 -11 11 -13
leaf_value=-5.2254281404524507e-07 -5.4937085323694807e-07 2.6377638365174716e-06 -1.1383114974190531e-06 3.9431732398907845e-06 -5.9574573698181361e-08 -1.7343339366416611e-06 3.9324422474715156e-05 -1.906774073565644e-07 -4.6726982073978424e-07 -5.5238347090368618e-07 -5.6669868584195933e-07 -5.068796025679036e-07
leaf_weight=585 1648 19946 42597 52711 432050 19057 2450 300 368 5241 687 413
leaf_count=585 1648 19946 42597 52711 432050 19057 2450 300 368 5241 687 413
internal_value=-2.02089e-05 -3.64767e-06 -7.87962e-05 0.000379977 -6.15982e-05 3.73722e-05 0.000621087 -0.00402962 -0.00515265 -0.00125323 -0.00319149 -0.00362162
internal_weight=578053 575700 481536 94164 474647 39003 55161 2353 953 6889 1400 1100
internal_count=578053 575700 481536 94164 474647 39003 55161 2353 953 6889 1400 1100
is_linear=0
shrinkage=0.03


Tree=123
num_leaves=15
num_cat=0
split_feature=7 8 8 1 4 9 4 7 7 9 6 0 6 3
split_gain=13.3871 10.5159 10.1589 8.90847 7.68832 4.81537 3.88426 3.26936 3.06951 1.66195 1.29937 1.07545 1.33426 0.777903
threshold=-1.5861200240577375e-06 -0.0010393352949251528 -0.00027833192799970767 -1.2161792003998453 0.60052466197567644 1.3987352112610152 0.60052466197567644 -1.3779406111854442e-05 -6.1724198871074106e-07 -0.071242692749692235 0.33571292713188955 0.07844021123726809 1.3331491331510537 0.011845487013629865
decision_type=8 8 10 8 10 10 8 10 10 10 10 10 10 10
left_child=2 8 11 6 -5 7 -3 -4 10 -10 -2 13 -13 -1
right_child=1 3 5 4 -6 -7 -8 -9 9 -11 -12 12 -14 -15
leaf_value=9.8382096550110657e-06 -5.2131882907869427e-06 -5.3239209959950198e-07 4.1582552181939281e-05 1.9077783859815046e-07 -3.9853542151513778e-07 -2.6601550853992151e-06 -1.8602775555237639e-06 7.7164841230300543e-06 -3.9370021641480688e-07 1.1733137740501538e-05 2.0226232628435523e-06 -6.5630663462532938e-06 1.8341185697524429e-06 -7.0343552295507544e-06
leaf_weight=454 353 55863 1465 333316 152431 1439 12647 9261 481 4581 546 2363 959 309
leaf_count=454 353 55863 1465 333316 152431 1439 12647 9261 481 4581 546 2363 959 309
internal_value=-5.27687e-06 -3.00092e-05 0.000843173 -4.36035e-05 1.44517e-06 0.00127885 -0.000363835 0.00149832 0.00122191 0.00151065 -0.000336634 -0.00043956 -0.000680672 0.000527814
internal_weight=576468 560218 16250 554257 485747 12165 68510 10726 5961 5062 899 4085 3322 763
internal_count=576468 560218 16250 554257 485747 12165 68510 10726 5961 5062 899 4085 3322 763
is_linear=0
shrinkage=0.03


Tree=124
num_leaves=12
num_cat=0
split_feature=2 2 1 0 1 2 9 4 6 3 1
split_gain=32.7965 16.2237 9.90298 9.47336 5.52937 4.87877 4.29124 3.35766 2.81313 2.07711 0.905354
threshold=0.00011970909161247253 0.0010599949820247893 -0.37721301791290479 -0.20245915304038944 -2.014359452543895 0.00037023268076600977 -0.66976046100938114 -0.53331337553511593 0.90960965867628929 0.00018225170131291407 1.0319823015416627
decision_type=8 8 8 8 10 10 10 8 10 10 10
left_child=6 5 4 -4 -3 8 -1 -7 -2 -8 -11
right_child=1 2 3 -5 -6 7 9 -9 -10 10 -12
leaf_value=-5.7233190853109922e-09 -4.0955612833969886e-07 -2.3522170091886235e-06 -8.1819630577211913e-07 1.2601742150095924e-06 -4.0549486843890247e-08 4.6646703479364627e-08 -5.2218388043815397e-07 -4.2266884819716223e-07 -1.1359692193975685e-06 -5.117077176420415e-07 -4.7517189712799746e-07
leaf_weight=313 20023 15677 34516 197489 115539 59974 794 128813 2729 867 416
leaf_count=313 20023 15677 34516 197489 115539 59974 794 128813 2729 867 416
internal_value=-1.28387e-05 1.67023e-06 0.000123409 0.000241278 -8.45412e-05 -0.000207073 -0.0035125 -0.000156613 -0.00062288 -0.00400479 -0.00309513
internal_weight=577150 574760 363221 232005 131216 211539 2390 188787 22752 2077 1283
internal_count=577150 574760 363221 232005 131216 211539 2390 188787 22752 2077 1283
is_linear=0
shrinkage=0.03


Tree=125
num_leaves=15
num_cat=0
split_feature=5 4 9 1 7 7 1 4 0 4 0 5 1 7
split_gain=15.9626 13.0544 11.3644 6.71141 6.20543 5.23668 4.409 3.87311 3.59406 3.53022 3.21823 2.68361 1.70438 1.05324
threshold=0.49287565365743935 0.6620268936954703 -0.30082603427585364 -2.5125796521151451 1.3822127289487129e-07 -8.2373045890700767e-12 0.1512243782956669 1.2630300176805003 0.14403944768488833 -0.54440592124634979 -0.46032408699521693 1.1632012913782306 -1.3181047998018363 2.0806789904091661e-11
decision_type=10 10 8 10 8 8 10 10 10 8 10 10 10 10
left_child=1 2 5 -3 -4 -1 8 -5 9 -2 13 -12 -10 -8
right_child=6 3 4 7 -6 -7 10 -9 12 -11 11 -13 -14 -15
leaf_value=9.198929536122868e-07 -5.0831760732456697e-08 -1.0575292351068738e-05 1.129422937033865e-06 1.3085708579714785e-07 5.7516927814821281e-06 -5.3386668676314455e-07 -5.2819286916120069e-06 -9.006200962515699e-07 -1.9166216813112196e-06 -6.2088358763855371e-07 2.4941755979259171e-07 -4.233165906702861e-07 -1.0265431591741415e-06 -1.3455834974856934e-06
leaf_weight=21450 66883 862 107360 46777 9538 30593 608 29766 3070 99943 81730 56826 21403 416
leaf_count=21450 66883 862 107360 46777 9538 30593 608 29766 3070 99943 81730 56826 21403 416
internal_value=-1.33048e-05 0.000169413 0.000317346 -0.000152684 0.000481558 -5.03717e-05 -0.000149524 -0.000122033 -0.000243094 -0.000192728 -2.08468e-05 -7.96732e-06 -0.000583752 -0.00168859
internal_weight=577225 246346 168941 77405 116898 52043 330879 76543 191299 166826 139580 138556 24473 1024
internal_count=577225 246346 168941 77405 116898 52043 330879 76543 191299 166826 139580 138556 24473 1024
is_linear=0
shrinkage=0.03


Tree=126
num_leaves=13
num_cat=0
split_feature=2 2 9 5 5 2 3 9 3 7 7 1
split_gain=35.0173 16.4375 9.62864 9.25013 7.70415 7.33937 3.15397 3.09356 3.87891 2.35079 1.32869 0.620785
threshold=0.00011970909161247253 0.0024166037045902774 -0.57509857845416956 0.44974006515712167 -0.86058845968578157 0.00031963184026521458 0.0033531862416422233 -0.6534550008223402 0.00022749677336881118 -1.3358393065984838e-11 1.0000000180025095e-35 1.0319823015416627
decision_type=8 8 8 10 8 10 10 8 10 10 10 10
left_child=7 4 6 -4 9 -6 -3 -1 10 -2 -9 -10
right_child=1 2 3 -5 5 -7 -8 8 11 -11 -12 -13
leaf_value=-3.355025987732835e-08 2.472507332160716e-06 -6.1392929509738082e-06 4.826175148447948e-06 9.6039241790599117e-07 -4.8481662615521525e-07 -1.8975767577896827e-07 -3.6270650716105451e-07 -4.978815158932441e-07 -4.5729302763828349e-07 4.5486386937445965e-07 -4.7783431758450237e-07 -3.7478578853283593e-07
leaf_weight=301 10238 3443 49279 58605 15045 424623 3243 573 758 10076 360 358
leaf_count=301 10238 3443 49279 58605 15045 424623 3243 573 758 10076 360 358
internal_value=-1.41755e-05 6.99663e-07 0.000322308 0.000391162 -7.92796e-05 -0.000105787 -0.000778674 -0.00366102 -0.00408256 0.000491242 -0.00558006 -0.0027389
internal_weight=576902 574552 114570 107884 459982 439668 6686 2350 2049 20314 933 1116
internal_count=576902 574552 114570 107884 459982 439668 6686 2350 2049 20314 933 1116
is_linear=0
shrinkage=0.03


Tree=127
num_leaves=12
num_cat=0
split_feature=2 2 4 2 8 2 10 7 4 1 7
split_gain=35.5094 13.2302 9.24503 7.63774 7.29714 5.80296 4.87938 4.19508 1.36337 1.84544 0.795528
threshold=0.00011970909161247253 0.0014936849583582475 0.79670933663969012 0.0040734730298429885 -0.00045718737697021276 0.00049128128572471081 0.707106781186842 -1.1033819152493767e-06 0.97894312125582628 -1.0058077395909855 -1.5929176625462558e-10
decision_type=8 8 8 10 8 10 10 8 10 10 8
left_child=8 5 3 -3 -4 6 -2 -7 9 -1 -11
right_child=1 2 4 -5 -6 7 -8 -9 -10 10 -12
leaf_value=-1.880174077210468e-07 -5.1542211277574732e-07 8.418464285205027e-07 8.2915969956551789e-06 6.9839024535743007e-06 -1.137195029873594e-06 3.5417204042693936e-06 3.0384918410351358e-07 -1.896036207366054e-07 -3.8849506301111149e-07 -5.8959174424339931e-07 -4.7099508723121034e-07
leaf_weight=474 39097 165706 3320 26552 53758 2870 6309 277100 423 302 1208
leaf_count=474 39097 165706 3320 26552 53758 2870 6309 277100 423 302 1208
internal_value=-1.55528e-05 -1.87917e-07 0.000164133 0.000263788 -0.000170474 -0.000126293 -0.000441122 -7.50054e-05 -0.00364419 -0.00400502 -0.00455921
internal_weight=577119 574712 249336 192258 57078 325376 45406 279970 2407 1984 1510
internal_count=577119 574712 249336 192258 57078 325376 45406 279970 2407 1984 1510
is_linear=0
shrinkage=0.03


Tree=128
num_leaves=12
num_cat=0
split_feature=2 5 2 5 2 10 0 0 9 4 7
split_gain=31.6244 14.4299 10.9046 10.1154 5.01609 4.50282 3.8593 3.3929 2.79722 1.94222 0.542732
threshold=0.00011970909161247253 -0.86058845968578157 0.00080866176575446354 1.0728206273978222 0.0044453775671086182 0.70710678118716908 -0.32075418960466168 -0.085344490659919323 -0.6265943796561515 1.0797331723681782 -4.5038419337364119e-10
decision_type=8 10 10 10 8 10 10 8 8 10 8
left_child=8 4 5 -4 6 -3 -2 -6 -1 10 -10
right_child=1 2 3 -5 7 -7 -8 -9 9 -11 -12
leaf_value=-6.1349496815600311e-08 -2.175066467487089e-06 -4.3199365319821504e-07 4.3861481097760166e-07 -5.8781990338689955e-07 6.2512741700065618e-06 3.3615063246051299e-07 1.9771857471397401e-06 4.3578845839090502e-05 -5.6481928925970481e-07 -3.4256793890031673e-07 -4.697736237250392e-07
leaf_weight=343 2244 118036 283252 133278 1243 10441 24395 1623 313 339 1381
leaf_count=343 2244 118036 283252 133278 1243 10441 24395 1623 313 339 1381
internal_value=-2.10297e-05 -6.61071e-06 -4.17015e-05 3.26979e-05 0.000639336 -0.000283359 0.000507486 0.00183797 -0.00346773 -0.00389721 -0.00433451
internal_weight=576888 574512 545007 416530 29505 128477 26639 2866 2376 2033 1694
internal_count=576888 574512 545007 416530 29505 128477 26639 2866 2376 2033 1694
is_linear=0
shrinkage=0.03


Tree=129
num_leaves=13
num_cat=0
split_feature=2 5 2 2 2 10 9 0 0 3 7 9
split_gain=32.5629 12.9175 8.52956 6.57972 6.06641 5.27716 5.10215 4.28248 3.4924 1.42007 1.23847 0.122702
threshold=0.00011970909161247253 -0.78634640408343326 0.00091807601656411974 0.0044453775671086182 0.0082522769874591607 0.70710678118716908 -0.66976046100938114 -0.24504761504666431 -0.32075418960466168 0.00022749677336881118 1.0000000180025095e-35 -0.18628461238210689
decision_type=8 10 10 8 8 10 10 10 10 10 10 10
left_child=6 3 5 7 -4 -3 -1 -2 -5 10 -8 -11
right_child=1 2 4 8 -6 -7 9 -9 -10 11 -12 -13
leaf_value=4.6556763451876574e-09 -1.2116174938969833e-06 -3.8804873372758261e-07 1.1607887887412879e-07 -5.203207453400701e-06 1.7317441840679916e-05 4.4545979312668919e-07 -4.6246751091929365e-07 1.671599155032189e-06 3.2915693163157073e-05 -4.855181437193564e-07 -4.3884524724928265e-07 -4.0916774866454747e-07
leaf_weight=310 5162 146344 373041 546 3956 12702 549 30086 3106 375 375 782
leaf_count=310 5162 146344 373041 546 3956 12702 549 30086 3106 375 375 782
internal_value=-9.57142e-06 4.88388e-06 -3.33213e-05 0.000532768 4.4275e-05 -0.000217621 -0.00349604 0.000404674 0.00174823 -0.00402869 -0.00504925 -0.00312596
internal_weight=577334 574943 536043 38900 376997 159046 2391 35248 3652 2081 924 1157
internal_count=577334 574943 536043 38900 376997 159046 2391 35248 3652 2081 924 1157
is_linear=0
shrinkage=0.03


Tree=130
num_leaves=15
num_cat=0
split_feature=7 1 4 8 8 8 9 4 3 6 7 6 0 0
split_gain=10.6318 8.83329 7.96747 14.7412 10.9618 5.06916 4.34003 3.27071 3.15378 3.11308 1.82857 0.849604 0.581887 0.550981
threshold=-4.6790402653942306e-06 -0.93490321737400384 -0.056333008706142211 -0.00030059726627098692 0.00011947013477542311 -0.00077172310326569036 1.2335471843947161 0.58884339263265761 0.0056744553899959133 1.3738565642105531 -1.3779406111854442e-05 1.3738565642105531 0.40084735685421474 1.0402894789262571
decision_type=8 8 8 8 10 10 10 8 10 10 10 10 10 10
left_child=5 7 4 -4 -3 11 10 8 -2 -9 -7 12 -1 -8
right_child=1 2 3 -5 -6 6 13 9 -10 -11 -12 -13 -14 -15
leaf_value=-5.8806375888395863e-06 -4.9861096358537011e-07 1.3688816003329816e-07 3.0592265721686757e-06 -3.3955995116185443e-07 1.8829725164670193e-06 4.7487453624436186e-05 7.1222033158889556e-06 -1.309314004862881e-06 1.8204289767670309e-06 -4.7617222082299802e-06 1.2206478720544334e-05 5.9551351089731907e-06 -1.5493660050233541e-05 -8.8752679754446982e-06
leaf_weight=713 70302 174078 17014 240480 37225 1380 638 18819 11402 1091 2836 496 319 513
leaf_count=713 70302 174078 17014 240480 37225 1380 638 18819 11402 1091 2836 496 319 513
internal_value=-1.8541e-05 -3.28073e-05 2.20389e-05 -8.98471e-05 0.000158665 0.00115134 0.00158676 -0.000286409 -0.000201263 -0.00063253 0.00203171 -0.000339402 -0.000852207 0
internal_weight=577306 570411 468797 257494 211303 6895 5367 101614 81704 19910 4216 1528 1032 1151
internal_count=577306 570411 468797 257494 211303 6895 5367 101614 81704 19910 4216 1528 1032 1151
is_linear=0
shrinkage=0.03


Tree=131
num_leaves=15
num_cat=0
split_feature=5 4 3 1 6 4 3 0 5 10 0 3 3 0
split_gain=14.1519 12.5561 12.3122 5.34282 4.88662 4.54558 7.81738 3.60944 4.48985 3.51781 2.66033 2.3229 2.20096 1.90782
threshold=0.49287565365743935 0.60052466197567644 0.0068705496665617026 -2.5125796521151451 -1.2979389986990337 -0.81004669579083555 0.0023740425083244917 -0.21413330697779645 1.0527603844801492 -0.70710678117726322 0.77985676263972725 0.014876431259819968 6.1329756896014948e-05 0.10266589167142194
decision_type=10 10 8 10 8 8 10 10 10 8 10 10 10 10
left_child=1 2 4 -3 -1 6 13 12 -9 -5 -4 -8 -7 -2
right_child=5 3 10 9 -6 7 11 8 -10 -11 -12 -13 -14 -15
leaf_value=-7.5162614153622129e-07 -2.4333304171816378e-07 -8.5541508811031705e-06 6.7520586913470136e-06 2.0117013122750253e-07 5.7067072427313413e-07 -1.4264997173924216e-06 8.9499074584318445e-07 -4.9805494044611889e-08 -6.0720098928985952e-07 -6.8830524866072161e-07 -6.7521676778631768e-07 1.1347767006829432e-05 -1.1866143484461563e-06 -8.8736087684077933e-07
leaf_weight=8435 34153 925 22217 39786 130800 984 39492 100801 112675 41827 2016 2360 33668 6958
leaf_count=8435 34153 925 22217 39786 130800 984 39492 100801 112675 41827 2016 2360 33668 6958
internal_value=-1.91611e-05 0.000153063 0.000305472 -0.000148059 0.000196273 -0.000147309 4.43277e-05 -0.000211624 -0.000165088 -0.000121436 0.000930083 0.000333524 -0.000496451 -0.000248632
internal_weight=577097 246006 163468 82538 139235 331091 82963 248128 213476 81613 24233 41852 34652 41111
internal_count=577097 246006 163468 82538 139235 331091 82963 248128 213476 81613 24233 41852 34652 41111
is_linear=0
shrinkage=0.03


Tree=132
num_leaves=15
num_cat=0
split_feature=3 4 1 4 8 8 9 8 8 4 3 8 9 7
split_gain=10.8721 9.00093 8.46859 6.82981 9.31672 8.50068 4.4309 2.81613 2.6403 2.86388 2.46125 2.15474 2.06116 1.29321
threshold=0.012329857415099241 -0.33936379669426181 -1.2654285975002018 0.6620268936954703 0.00064256536677817771 -0.00025721694337196068 1.2335471843947161 0.0033453081166158285 -0.00013689805014082329 0.60052466197567644 0.022649684052356862 -7.6788173504935292e-07 1.5012782331606842 -4.7584929793807629e-07
decision_type=8 8 8 10 8 10 10 10 10 10 8 10 8 10
left_child=2 6 8 4 -4 -5 7 -2 13 -10 12 -12 -3 -1
right_child=1 10 3 5 -6 -7 -8 -9 9 -11 11 -13 -14 -15
leaf_value=-1.2959482463801958e-05 1.1068531979235018e-05 -1.7538262226373661e-06 1.1331095702149664e-07 2.8861953816879293e-06 3.7952606838283424e-06 -4.7474908532446926e-07 -2.5795364080364076e-06 4.8231404307714796e-05 -4.2156294238192271e-07 -1.7250028586490464e-06 2.0857578067350729e-05 8.8338384900928554e-07 5.5182191207810337e-06 -2.606859639442237e-06
leaf_weight=371 8975 10624 336689 8642 13137 128741 1463 774 49237 10915 1676 2213 1518 2465
leaf_count=371 8975 10624 336689 8642 13137 128741 1463 774 49237 10915 1676 2213 1518 2465
internal_value=-6.18235e-06 0.000578579 -3.52558e-05 6.94554e-06 7.74534e-05 -0.000172149 0.0012308 0.00146265 -0.000362583 -0.000318939 0.000118197 0.000775583 -8.78868e-05 -0.00126283
internal_weight=577440 27243 550197 487209 349826 137383 11212 9749 62988 60152 16031 3889 12142 2836
internal_count=577440 27243 550197 487209 349826 137383 11212 9749 62988 60152 16031 3889 12142 2836
is_linear=0
shrinkage=0.03


Tree=133
num_leaves=15
num_cat=0
split_feature=5 4 3 8 6 9 9 9 4 8 9 0 3 8
split_gain=10.946 13.7264 11.2915 8.75104 7.59746 7.0313 4.21633 3.76725 3.89675 9.22895 2.86545 1.53003 1.22135 0.898932
threshold=0.35382740301869386 0.60052466197567644 0.0053588207881834155 -0.00032696774156491912 1.3331491331510537 -0.48166949064694758 1.8073740499889293 -0.78028015525852956 -0.82286787620034674 -1.3591092747993641e-05 1.5012782331606842 -0.039464086267418368 0.0021182047134187024 -1.04821231580966e-07
decision_type=8 8 10 8 10 10 10 10 10 8 10 10 8 10
left_child=1 2 5 11 -5 -1 -4 12 9 -9 -10 -3 13 -2
right_child=7 3 6 4 -6 -7 -8 8 10 -11 -12 -13 -14 -15
leaf_value=-5.6394955905841087e-07 -4.3650284718683513e-06 -8.8812380541658782e-07 5.1946330679041975e-06 -4.2467860656976115e-07 -2.6794235137674739e-06 6.7328362880765712e-07 -7.1341288849521804e-06 -1.1284442434934134e-06 -3.8220656817504944e-07 5.3347069906526862e-07 1.3366233602661531e-06 5.1017965672872178e-06 -2.9828565827106561e-07 -6.3216055910517019e-07
leaf_weight=15477 358 702 30293 64824 3895 97305 1083 18299 263562 67377 6981 4939 457 905
leaf_count=15477 358 702 30293 64824 3895 97305 1083 18299 263562 67377 6981 4939 457 905
internal_value=-7.31698e-06 0.000159879 0.000330781 -0.000170633 -0.000264604 0.000190013 0.00083464 -0.000109558 -0.000102591 7.32442e-05 -0.000158498 0.000961954 -0.00150867 -0.001989
internal_weight=576457 218518 144158 74360 68719 112782 31376 357939 356219 85676 270543 5641 1720 1263
internal_count=576457 218518 144158 74360 68719 112782 31376 357939 356219 85676 270543 5641 1720 1263
is_linear=0
shrinkage=0.03


Tree=134
num_leaves=14
num_cat=0
split_feature=5 4 3 5 5 1 0 0 7 7 4 6 7
split_gain=12.9109 9.11957 12.3324 7.59526 6.38552 5.86533 4.89335 3.20015 2.16575 3.16639 1.59057 1.56435 1.16045
threshold=-0.86058845968578157 0.60052466197567644 0.0073970440237342725 1.3810867696082829 0.12181798009404948 -1.0646496757155797 -0.43706957243055433 0.36152681302812412 -1.058710787484532e-10 1.5195471391808063e-08 1.6453051430982817 1.465716295773426 1.2511904700952973e-12
decision_type=10 8 10 10 10 10 8 10 10 10 10 10 10
left_child=6 2 4 -4 -2 11 12 -7 10 -10 -8 -3 -1
right_child=1 5 3 -5 -6 7 8 -9 9 -11 -12 -13 -14
leaf_value=-9.6078988450086193e-07 4.9589720293651203e-07 -1.7293377056029689e-06 4.1488995710409071e-06 -1.795321663320241e-06 -1.9982605288872199e-07 -4.5652567019993481e-07 3.9045857728835709e-06 9.7546515821143578e-07 2.647612381256398e-07 4.6505445118311841e-06 -2.6343629472020424e-06 -4.3668833741191654e-06 -8.8599678032439828e-06
leaf_weight=463 84319 14443 35591 7636 262448 131448 12898 11378 10386 5029 344 586 470
leaf_count=463 84319 14443 35591 7636 262448 131448 12898 11378 10386 5029 344 586 470
internal_value=-1.01412e-05 -4.32155e-05 3.45227e-05 0.000512339 -2.48805e-05 -0.000235644 0.0006 -0.000175754 0.000671225 0.000422042 0.000956233 -0.000800319 -0.00150795
internal_weight=577439 547849 389994 43227 346767 157855 29590 142826 28657 15415 13242 15029 933
internal_count=577439 547849 389994 43227 346767 157855 29590 142826 28657 15415 13242 15029 933
is_linear=0
shrinkage=0.03


Tree=135
num_leaves=13
num_cat=0
split_feature=2 2 2 1 1 2 2 10 0 4 1 10
split_gain=27.905 11.492 8.95173 8.62052 4.52782 5.92133 3.47441 3.43401 2.61011 1.87222 1.56005 1.22886
threshold=0.00016848823110797654 0.0053940208967316544 0.00065742872760719145 -1.2405137129700965 -1.5681275574961628 0.00011970909161247253 0.010578366677787563 -0.70710678118629289 -0.32075418960466168 1.0213591083877978 -1.0249243297139012 -0.70710678118616388
decision_type=8 8 10 8 10 10 8 10 10 10 8 8
left_child=4 2 7 -4 -1 9 8 -2 -3 -6 -8 -7
right_child=1 6 3 -5 5 11 10 -9 -10 -11 -12 -13
leaf_value=4.2007532819669618e-08 -7.3696988262973862e-07 -3.7976168287168024e-06 -9.6203548545440579e-07 2.5359419242931081e-07 -3.9542300940662567e-07 -4.5485267030087026e-07 6.0077621089943494e-06 -1.8370121879490443e-07 9.5694453919346418e-06 -2.8745867920988236e-07 5.4891154096826093e-05 -2.6346791307119636e-07
leaf_weight=452 29558 1766 54826 415835 1730 802 616 56085 12019 394 1619 1283
leaf_count=452 29558 1766 54826 415835 1730 802 616 56085 12019 394 1619 1283
internal_value=-7.85102e-06 1.08922e-05 -1.18207e-05 3.94033e-05 -0.00231728 -0.00262527 0.00080287 -0.000294 0.000617615 -0.00375633 0.00191091 -0.00143198
internal_weight=576985 572324 556304 470661 4661 4209 16020 85643 13785 2124 2235 2085
internal_count=576985 572324 556304 470661 4661 4209 16020 85643 13785 2124 2235 2085
is_linear=0
shrinkage=0.03


Tree=136
num_leaves=13
num_cat=0
split_feature=2 2 5 1 0 2 1 1 5 3 8 4
split_gain=26.7859 12.2709 10.1296 8.44434 5.39845 4.28761 3.66882 3.18371 3.39604 1.11506 0.844031 0.887965
threshold=0.00016848823110797654 0.0082522769874591607 -0.86058845968578157 -0.88612457171952019 -0.24504761504666431 0.00011970909161247253 -1.0058077395909855 -2.3804907354382348 0.028606324403837733 0.00021182713366806632 -1.8522542966079558e-05 -0.96723058513370475
decision_type=8 8 8 8 10 10 10 8 10 10 10 10
left_child=5 2 4 -4 -2 6 -1 -3 -9 -8 -7 -12
right_child=1 7 3 -5 -6 10 9 8 -10 -11 11 -13
leaf_value=-7.2036419430667611e-08 -1.4613312435017425e-06 -1.2795932216979026e-05 -6.6662389062448144e-07 3.9799273265622652e-08 2.3191633946016638e-06 -8.5940431705200176e-07 -4.0177265960170276e-07 5.3352383422194798e-05 1.4982436285869294e-05 -3.7180102673563006e-07 7.962823306990661e-08 -2.8724076888031981e-07
leaf_weight=478 4493 324 101512 437617 24278 319 786 1701 2564 1056 379 1592
leaf_count=478 4493 324 101512 437617 24278 319 786 1701 2564 1056 379 1592
internal_value=-1.70609e-05 1.19476e-06 -1.1199e-05 -4.05758e-05 0.000537021 -0.00229221 -0.00321888 0.00154468 0.00176842 -0.00383261 -0.00131739 -0.00102675
internal_weight=577099 572489 567900 539129 28771 4610 2320 4589 4265 1842 2290 1971
internal_count=577099 572489 567900 539129 28771 4610 2320 4589 4265 1842 2290 1971
is_linear=0
shrinkage=0.03


Tree=137
num_leaves=13
num_cat=0
split_feature=2 2 5 9 5 0 9 2 6 4 4 4
split_gain=28.0663 11.7573 8.07076 9.99219 6.71274 7.39097 4.63718 4.96096 3.25785 3.14216 2.31924 1.75505
threshold=0.00016848823110797654 0.0028724448926746547 0.35382740301869386 -0.3974349961558023 1.0728206273978222 -0.24504761504666431 -0.68755304707201925 0.00011970909161247253 1.5188905311984595 1.0797331723681782 -0.39377073085764008 0.78459591564922848
decision_type=8 8 8 10 8 10 8 10 10 10 10 10
left_child=6 4 3 -3 5 -2 -1 9 -6 -8 -4 -9
right_child=1 2 10 -5 8 -7 7 11 -10 -11 -12 -13
leaf_value=4.1344065279250928e-08 -9.6446828704299739e-07 -2.7859466948230988e-06 2.3382984509402868e-06 7.3849017473997054e-06 -5.8455917192957398e-07 1.2872786439246339e-07 -3.7980070559943877e-07 -4.1139150189991027e-07 1.0913930584600275e-06 -2.1356552976255142e-07 -8.2304723431503921e-07 -5.6212668043771713e-08
leaf_weight=411 33754 6320 18208 28886 141108 309723 1814 1544 7263 344 27298 591
leaf_count=411 33754 6320 18208 28886 141108 309723 1814 1544 7263 344 27298 591
internal_value=-2.51111e-05 -6.02546e-06 0.000329427 0.000670604 -6.12006e-05 1.14764e-05 -0.0023305 -0.00262422 -0.000229841 -0.00365867 6.40654e-05 -0.00153846
internal_weight=577264 572560 80712 35206 491848 343477 4704 4293 148371 2158 45506 2135
internal_count=577264 572560 80712 35206 491848 343477 4704 4293 148371 2158 45506 2135
is_linear=0
shrinkage=0.03


Tree=138
num_leaves=15
num_cat=0
split_feature=5 4 3 8 8 7 9 1 8 7 9 7 6 5
split_gain=9.93837 8.31347 13.4419 8.30512 6.90527 10.1231 5.21358 4.68472 3.84718 3.17001 1.92094 1.79796 1.54968 1.04077
threshold=-0.86058845968578157 -0.056333008706142211 0.0019568392766027851 0.00078524141487376902 -0.00030059726627098692 -3.3109312333790662e-07 -0.49780061763063177 -1.8864272593767051 -0.00018896303131475068 -3.5503666919067204e-12 1.2335471843947161 1.7139958671665424e-10 1.4187534000261703 -1.1265322135778868
decision_type=10 8 8 10 8 10 10 10 10 10 10 10 10 10
left_child=8 2 6 -4 5 -3 -2 -6 12 10 -10 -11 13 -1
right_child=1 4 3 -5 7 -7 -8 -9 9 11 -12 -13 -14 -15
leaf_value=1.0612938047419986e-05 -5.6559789704822426e-07 -2.939100316616974e-06 7.0829828500627851e-07 6.0470499432466207e-06 -2.2277414917116899e-06 3.6279015013520975e-06 -8.5286098870500483e-08 -3.2669357907126648e-07 2.4942918423563521e-06 -8.2760232103158954e-07 -5.2081035843093157e-06 1.5034297395041848e-06 2.2190262622959398e-06 5.6918919491995754e-06
leaf_weight=741 23630 4575 133583 10717 8923 11387 97005 257783 14348 4211 724 6551 1043 2034
leaf_count=741 23630 4575 133583 10717 8923 11387 97005 257783 14348 4211 724 6551 1043 2034
internal_value=-5.35283e-06 -3.44258e-05 8.61688e-05 0.000281685 -0.000147666 0.000457175 -0.000147209 -0.000184106 0.000529364 0.000394444 0.000675109 0 0.0014232 0.00179892
internal_weight=577255 547603 264935 144300 282668 15962 120635 266706 29652 25834 15072 10762 3818 2775
internal_count=577255 547603 264935 144300 282668 15962 120635 266706 29652 25834 15072 10762 3818 2775
is_linear=0
shrinkage=0.03


Tree=139
num_leaves=13
num_cat=0
split_feature=2 2 5 4 0 9 3 6 8 8 5 0
split_gain=24.589 11.9218 9.7762 6.83416 5.75549 2.84098 3.66476 2.8326 2.47629 1.59235 1.55 1.16045
threshold=0.00011970909161247253 0.00054879572911960739 -0.87948243305743656 -0.38201695918677347 -0.23407420809321436 -0.6265943796561515 0.00024274209384767532 0.94809575633954168 -2.9559089827682044e-06 -5.915235060719715e-05 0.94764762378401735 -0.024523820808950266
decision_type=8 8 10 8 8 8 10 10 10 10 10 10
left_child=5 7 4 -4 -3 -1 10 8 -2 -9 -7 -8
right_child=1 2 3 -5 -6 6 11 9 -10 -11 -12 -13
leaf_value=-2.7711522630324537e-08 -8.1584685087040968e-07 -1.3834805263199123e-06 5.0003414265966635e-07 -1.5790309149718401e-07 3.2589182027146913e-06 -4.2445434990406163e-07 -1.2994014746788556e-07 3.3496806946645143e-08 -2.1450067765797846e-07 -1.0659183811406622e-06 -2.5235310378158958e-07 -3.3387167998144788e-07
leaf_weight=338 10044 4400 180411 310856 20489 624 342 1095 42890 4627 303 750
leaf_count=338 10044 4400 180411 310856 20489 624 342 1095 42890 4627 303 750
internal_value=1.86077e-06 1.45297e-05 6.06898e-05 3.11678e-05 0.000640749 -0.00304943 -0.00347758 -0.000390584 -0.000320263 -0.00102896 -0.00491782 -0.00216697
internal_weight=577169 574812 516156 491267 24889 2357 2019 58656 52934 5722 927 1092
internal_count=577169 574812 516156 491267 24889 2357 2019 58656 52934 5722 927 1092
is_linear=0
shrinkage=0.03


Tree=140
num_leaves=14
num_cat=0
split_feature=5 4 8 8 1 9 10 9 4 1 9 8 4
split_gain=10.6241 9.63703 11.055 6.1247 5.7556 3.72978 3.57407 3.40464 3.35927 3.23634 3.19302 3.14724 1.4186
threshold=0.35382740301869386 -0.044798243980802781 -2.0971301749207453e-07 0.00053243368758373335 -2.5125796521151451 -0.43745044963480745 -0.70710678118823145 -0.68755304707201925 -1.2180384781844431 -0.10994372964991103 2.0533891610338428 0.0003535122270912436 0.1222954045911377
decision_type=8 8 8 10 10 10 10 10 8 8 10 10 8
left_child=1 3 4 5 -3 -1 12 -4 11 -10 -5 -8 -2
right_child=6 2 7 10 -6 -7 8 -9 9 -11 -12 -13 -14
leaf_value=-1.921111888025127e-07 -1.1564912406539883e-06 -8.9767218884490593e-06 -5.0786989875828264e-06 5.9313381020812633e-06 1.1157559591377621e-06 1.0152337729569964e-06 1.1944494654176461e-07 -5.0574561363249534e-07 -4.9022486618250995e-07 -1.2440326459965789e-07 -1.0474472274060169e-05 2.9591315722139533e-06 -3.6815765348266756e-06
leaf_weight=17724 483 857 325 12489 57345 63642 38832 65977 140117 173825 418 4876 318
leaf_count=17724 483 857 325 12489 57345 63642 38832 65977 140117 173825 418 4876 318
internal_value=-7.29682e-06 0.000157331 -1.54681e-05 0.000386157 0.000285714 0.000288734 -0.000107945 -0.000280764 -0.000103254 -0.000137658 0.000994968 0.000142458 -0.00210111
internal_weight=577228 218777 124504 94273 58202 81366 358451 66302 357650 313942 12907 43708 801
internal_count=577228 218777 124504 94273 58202 81366 358451 66302 357650 313942 12907 43708 801
is_linear=0
shrinkage=0.03


Tree=141
num_leaves=14
num_cat=0
split_feature=2 2 4 8 2 8 9 1 3 4 3 3 6
split_gain=21.3103 9.22523 7.78495 7.99531 6.79257 5.84355 3.64128 2.71307 2.21011 1.92221 1.03941 1.81076 1.49286
threshold=0.00023287522757989724 0.0072123597952773238 0.60052466197567644 0.00015797409733868712 0.00011970909161247253 -0.00045718737697021276 -0.66976046100938114 -2.3804907354382348 0.00022749677336881118 -0.2604965697063345 0.00060803371591645417 0.0013614720570216145 0.58831769626168484
decision_type=8 8 8 10 10 8 10 8 10 10 10 10 10
left_child=4 2 3 -2 6 -4 -1 -3 -8 -9 12 -12 -6
right_child=1 7 5 -5 10 -7 8 9 -10 -11 11 -13 -14
leaf_value=2.2724608494153576e-08 5.4652808761435799e-08 -1.0161576024836125e-05 3.9877695149474101e-06 1.3694943776786852e-06 -1.3510436345787656e-07 -4.9099029191487994e-07 -3.5125090656655009e-07 2.7657302033772453e-05 -2.8845553974727051e-07 1.4222219002790487e-05 -7.0693169361032995e-07 -5.4932117987992179e-07 -4.9849630068836006e-07
leaf_weight=306 345824 506 6029 51734 3114 157398 877 2417 1158 3906 2137 926 664
leaf_count=306 345824 506 6029 51734 3114 157398 877 2417 1158 3906 2137 926 664
internal_value=-4.98088e-06 1.81112e-05 4.65245e-06 7.64096e-05 -0.00143799 -0.000169533 -0.00284305 0.00111332 -0.00330073 0.00128659 -0.000944972 -0.00137065 -0.000581309
internal_weight=576996 567814 560985 397558 9182 163427 2341 6829 2035 6323 6841 3063 3778
internal_count=576996 567814 560985 397558 9182 163427 2341 6829 2035 6323 6841 3063 3778
is_linear=0
shrinkage=0.03


Tree=142
num_leaves=13
num_cat=0
split_feature=2 2 5 0 6 6 8 5 0 7 3 7
split_gain=24.0814 10.6868 9.18479 11.4737 3.27042 3.1579 2.83299 2.20079 2.48658 3.70188 2.16952 2.02477
threshold=0.00011970909161247253 0.00049128128572471081 1.0594941301996323 -0.36455830766920311 1.5188905311984595 0.53386820202260055 -9.6468996110259407e-07 -0.59134197649879205 -0.05395585512769701 1.0000000180025095e-35 0.00030307353505355724 -1.1029645173864227e-08
decision_type=8 8 10 8 10 10 10 10 10 8 10 10
left_child=7 5 3 -3 -4 6 -2 -1 9 -9 -10 -7
right_child=1 2 4 -5 -6 11 -8 8 10 -11 -12 -13
leaf_value=-9.3971230445117372e-07 -8.2708486664620624e-07 -2.5431106188463346e-06 -4.9380159821348154e-07 4.3876633115689378e-07 1.517800132355667e-06 2.6321199938886789e-07 -1.5100639762300386e-07 -2.1391770966402441e-07 -3.7447826508363689e-07 1.4313523343436733e-07 -2.2385318055784468e-07 -8.7473177079046482e-07
leaf_weight=301 6572 12809 154977 352665 9139 1503 29156 450 537 348 756 8117
leaf_count=301 6572 12809 154977 352665 9139 1503 29156 450 537 348 756 8117
internal_value=-7.37867e-06 5.04046e-06 4.29947e-05 0.000126802 -0.000143268 -0.000436792 -0.000304214 -0.003005 -0.00258163 -0.00112871 -0.00341673 -0.000922118
internal_weight=577330 574938 529590 365474 164116 45348 35728 2392 2091 798 1293 9620
internal_count=577330 574938 529590 365474 164116 45348 35728 2392 2091 798 1293 9620
is_linear=0
shrinkage=0.03


Tree=143
num_leaves=15
num_cat=0
split_feature=3 5 0 8 10 6 5 5 0 7 10 5 7 7
split_gain=8.89149 7.37168 8.76897 6.38095 3.71671 3.66483 3.1458 3.11425 3.16083 1.81229 1.49325 0.67795 0.57944 1.37765
threshold=0.02002298996470812 0.16209425344759734 -0.24504761504666431 -1.6491496652978168e-07 -0.70710678118665771 0.37927648134914899 1.3003117110442604 1.2558448591077036 0.77985676263972725 -1.3779406111854442e-05 -0.70710678118823145 0.082514245541177048 1.1174378077990299e-07 6.7365570774021628e-06
decision_type=8 8 10 8 10 10 10 10 10 10 10 10 10 10
left_child=1 2 5 -4 10 -1 -6 8 9 -2 -3 -10 -9 -14
right_child=7 4 3 -5 6 -7 -8 12 11 -11 -12 -13 13 -15
leaf_value=-3.9562711646273328e-07 4.2701121794402556e-05 -2.0211947117855669e-06 1.5041024627554805e-06 1.3715872341902086e-07 -6.0787060557464232e-08 -3.264169709583824e-06 -5.1019865236190889e-07 5.8125474861276762e-06 -8.4029202246166528e-06 1.6804269313646308e-05 -9.1041713976030293e-07 3.1325027378245804e-06 -1.0666040581159654e-05 7.0347707916923897e-07
leaf_weight=17560 1173 876 63423 93215 292183 6856 88015 1003 624 4383 6111 572 307 1106
leaf_count=17560 1173 876 63423 93215 292183 6856 88015 1003 624 4383 6111 572 307 1106
internal_value=5.92293e-07 -1.42649e-05 0.000143618 0.000226291 -8.82501e-05 -0.000384181 -7.5464e-05 0.000926999 0.00125732 0.00155875 -0.000774332 -9.45274e-05 0 -0.000387913
internal_weight=577407 568239 181054 156638 387185 24416 380198 9168 6752 5556 6987 1196 2416 1413
internal_count=577407 568239 181054 156638 387185 24416 380198 9168 6752 5556 6987 1196 2416 1413
is_linear=0
shrinkage=0.03


Tree=144
num_leaves=12
num_cat=0
split_feature=2 2 2 4 1 1 0 8 4 4 0
split_gain=21.458 11.2735 6.99403 6.40106 6.32063 4.75776 4.4243 3.01364 2.45522 1.43264 0.452068
threshold=0.00011970909161247253 0.0041896435610545828 0.00082374001072606597 -0.067989236129265815 -1.2161792003998453 -1.1507480556071181 -0.32075418960466168 -1.6874663176910741e-06 -0.056333008706142211 1.0213591083877978 -0.072351033320223343
decision_type=8 8 10 8 8 10 10 10 10 8 10
left_child=5 2 7 -4 8 -1 -6 -2 -3 10 -7
right_child=1 4 3 -5 6 9 -8 -9 -10 -11 -12
leaf_value=1.5568590949663223e-09 -6.7584408523984531e-07 2.053596351741356e-06 5.0923235894179877e-07 -2.6412584397573926e-07 -2.7334822224142489e-06 -2.4000740214608501e-07 9.4477640057872894e-06 -1.8757620232724406e-07 -4.8911398473407172e-06 -1.8557436373387388e-07 -4.1816622291081421e-07
leaf_weight=421 28879 3397 191839 211788 2595 477 22729 109885 3363 391 1047
leaf_count=421 28879 3397 191839 211788 2595 477 22729 109885 3363 391 1047
internal_value=-1.13796e-05 2.08883e-07 -3.20132e-05 3.10229e-05 0.000546644 -0.00287468 0.000764743 -0.00021579 -0.000261448 -0.00350649 -0.00395437
internal_weight=576811 574475 542391 403627 32084 2336 25324 138764 6760 1915 1524
internal_count=576811 574475 542391 403627 32084 2336 25324 138764 6760 1915 1524
is_linear=0
shrinkage=0.03


Tree=145
num_leaves=12
num_cat=0
split_feature=2 2 2 2 1 4 1 8 4 4 0
split_gain=20.2147 9.93925 6.77102 5.96819 5.5542 4.7285 4.38577 1.99518 1.64259 1.48401 0.639859
threshold=0.00011970909161247253 0.0024166037045902774 0.010578366677787563 0.00037023268076600977 -0.35628786543841356 -0.46390189129537057 -1.0058077395909855 -2.9559089827682044e-06 1.0213591083877978 -0.19231192758171772 -0.0057661942539874991
decision_type=8 8 8 10 8 8 10 10 8 10 10
left_child=6 3 4 7 -3 -5 -1 -2 10 -4 -8
right_child=1 2 9 5 -6 -7 8 -9 -10 -11 -12
leaf_value=-1.9322208034157245e-08 -8.0563116044693854e-07 -2.4959928083308554e-07 6.1498772213352209e-05 2.1188837863018483e-07 2.7023544864488568e-06 -2.5660663837983906e-07 -2.5529581397611608e-07 -2.6027021026468923e-07 -1.8183735390028935e-07 1.9252493063552733e-05 -5.0268544287645781e-07
leaf_weight=490 4482 46637 917 148047 65867 289460 715 18219 391 1287 762
leaf_count=490 4482 46637 917 148047 65867 289460 715 18219 391 1287 762
internal_value=-1.3418e-05 -1.92025e-06 0.000247808 -6.43e-05 0.000214853 -3.95368e-05 -0.00277956 -0.000538682 -0.00344089 0.00189431 -0.00392603
internal_weight=577274 574916 114708 460208 112504 437507 2358 22701 1868 2204 1477
internal_count=577274 574916 114708 460208 112504 437507 2358 22701 1868 2204 1477
is_linear=0
shrinkage=0.03


Tree=146
num_leaves=12
num_cat=0
split_feature=2 2 0 1 1 2 1 7 4 4 0
split_gain=20.2657 8.77327 6.9637 7.81734 5.75962 5.00843 4.79052 3.11183 1.94599 1.81528 0.438718
threshold=0.00011970909161247253 0.003976662478468577 -0.23407420809321436 -0.27210110232618173 -1.1045052178353372 0.010578366677787563 -1.0058077395909855 -6.3935200217972888e-12 1.1528997515126302 -0.056333008706142211 -0.072351033320223343
decision_type=8 8 10 10 8 8 10 8 8 10 10
left_child=6 2 7 -4 9 -6 -1 -2 10 -3 -8
right_child=1 4 3 -5 5 -7 8 -9 -10 -11 -12
leaf_value=-1.5834692286347604e-08 -2.2052180171136089e-07 1.6979972761091581e-06 -3.4204358290159593e-07 2.3005042637274212e-07 5.4841748742773686e-06 5.5050145735312947e-05 -2.7394034250479458e-07 -1.0809832387027331e-06 -1.6548928427110439e-07 -3.8252584598973685e-06 -4.0818219179624353e-07
leaf_weight=522 24914 4238 167685 305268 26661 1613 470 39961 305 4335 1105
leaf_count=522 24914 4238 167685 305268 26661 1613 470 39961 305 4335 1105
internal_value=-1.20918e-05 -4.69823e-07 -3.12585e-05 8.6011e-06 0.000447188 0.000654221 -0.00275622 -0.000322725 -0.00346032 -0.000228591 -0.00389905
internal_weight=577077 574675 537828 472953 36847 28274 2402 64875 1880 8573 1575
internal_count=577077 574675 537828 472953 36847 28274 2402 64875 1880 8573 1575
is_linear=0
shrinkage=0.03


Tree=147
num_leaves=15
num_cat=0
split_feature=5 4 3 5 1 6 7 7 6 9 3 6 9 4
split_gain=9.43178 5.354 8.07377 8.0355 4.26468 3.68781 3.59024 3.0877 3.175 2.85994 2.94864 2.74791 2.04124 1.19433
threshold=-0.76859528432762036 0.64983659425135265 0.002002465922842373 1.2873350244518467 -1.0000000180025095e-35 -1.2979389986990337 -2.2330917030275609e-10 7.337789965761637e-08 1.2596151176114756 1.3987352112610152 0.00070197163031619617 0.086756195536887418 2.4718167890578413 0.40394441464845338
decision_type=8 8 10 10 8 10 10 10 10 10 10 10 8 10
left_child=6 2 5 -4 11 -2 9 8 -8 10 -1 -3 -6 -9
right_child=1 4 3 -5 12 -7 7 13 -10 -11 -12 -13 -14 -15
leaf_value=-8.3695685967356948e-07 -7.4800434406406445e-07 -4.4479173617037104e-07 8.0972092334883912e-07 -7.7089862992779394e-07 -1.8233754273564211e-07 -1.5900555587122414e-07 2.9443299443653466e-07 6.5584921485520112e-06 -3.3412156907109345e-06 -6.0126376323862851e-06 4.1124647079834256e-06 -1.3722672591787054e-06 2.6373771172726381e-06 1.9043710978114906e-06
leaf_weight=1350 12131 29034 160382 43273 88868 175166 18050 2421 1498 797 14994 25631 1262 2354
leaf_count=1350 12131 29034 160382 43273 88868 175166 18050 2421 1498 797 14994 25631 1262 2354
internal_value=-9.81253e-06 -4.36541e-05 1.39195e-05 0.000144797 -0.00019951 -0.000128068 0.000425905 0.00018814 1.77932e-05 0.000759489 0.000847132 -0.000408779 -7.18882e-05 0.000871473
internal_weight=577211 535747 390952 203655 144795 187297 41464 24323 19548 17141 16344 54665 90130 4775
internal_count=577211 535747 390952 203655 144795 187297 41464 24323 19548 17141 16344 54665 90130 4775
is_linear=0
shrinkage=0.03


Tree=148
num_leaves=15
num_cat=0
split_feature=5 9 8 7 7 8 0 9 7 7 8 8 6 5
split_gain=8.2602 8.83699 7.635 7.47426 6.22816 3.77924 3.03075 2.56395 2.53152 2.15535 3.48152 2.72062 0.974934 1.11847
threshold=1.0527603844801492 -0.30442503596824955 -0.00088891685075825108 -1.5861200240577375e-06 -3.5234499156719503e-11 -0.0001608931126533512 -0.43706957243055433 1.5012782331606842 -4.2099618891116188e-07 2.3798316201327881e-06 -0.00038529750729762355 -0.00068575626067050594 1.9286105341737312 1.2746485747144483
decision_type=8 8 10 10 8 10 10 10 8 8 8 10 10 10
left_child=1 4 8 -4 5 -1 -6 9 -3 11 -11 -2 13 -9
right_child=7 2 3 -5 6 -7 -8 12 -10 10 -12 -13 -14 -15
leaf_value=-6.1794348642740642e-06 -3.3640677660272485e-06 1.2358476067428479e-06 6.064032667774847e-06 2.1011092292148498e-07 -3.5025855578961077e-06 5.8612352008770292e-07 -5.0313740770173351e-07 -1.7644716486175084e-07 1.0227779985196271e-05 1.0075394962555392e-05 -5.7455774054505256e-06 -3.4642934795358564e-07 1.7344220127756181e-09 4.0984146994184653e-06
leaf_weight=656 5702 1791 10743 272638 2632 32015 71237 799 4453 575 3726 165679 2168 2056
leaf_count=656 5702 1791 10743 272638 2632 32015 71237 799 4453 575 3726 165679 2168 2056
internal_value=-2.14256e-05 5.51272e-05 0.000141178 0.000118056 -0.000178226 0.000165417 -0.000331028 -0.00018958 0.00117909 -0.000208934 -0.000875435 -0.000191807 0.000474469 0.000837696
internal_weight=576870 396165 289625 283381 106540 32671 73869 180705 6244 175682 4301 171381 5023 2855
internal_count=576870 396165 289625 283381 106540 32671 73869 180705 6244 175682 4301 171381 5023 2855
is_linear=0
shrinkage=0.03


Tree=149
num_leaves=14
num_cat=0
split_feature=2 2 5 4 4 5 0 5 0 10 0 8 7
split_gain=21.6742 10.6703 7.90432 5.34213 4.7754 3.13549 2.42708 2.68663 2.08027 2.24603 0.885016 0.36312 0.348826
threshold=0.00011970909161247253 0.0082522769874591607 -0.68696587053783065 1.4704823522407622 1.7059358517230068 0.0142728071135981 -0.29003000706787829 0.59735084349351852 -0.030258473964283546 -0.70710678118103043 0.12408559928761377 -1.1587267120551709e-05 -1.0000000180025095e-35
decision_type=8 8 8 8 8 8 8 10 10 8 10 10 8
left_child=5 2 4 -4 -2 12 11 -8 9 -7 -10 -3 -1
right_child=1 6 3 -5 -6 8 7 -9 10 -11 -12 -13 -14
leaf_value=-4.4493516351656081e-07 1.2678731630835292e-06 9.2758405713894269e-06 -3.9088749984113679e-08 -1.0787326013566421e-06 -3.237295968103577e-06 -1.9918505916098488e-07 4.8331623742309513e-05 1.3333615123978573e-05 -2.4331480621109728e-07 5.5809396345023354e-08 -2.1142005415800392e-07 -1.3237475876998039e-05 -5.4880070054653979e-07
leaf_weight=307 49843 336 491556 27079 1698 448 2116 1792 604 314 351 339 354
leaf_count=307 49843 336 491556 27079 1698 448 2116 1792 604 314 351 339 354
internal_value=-4.55343e-06 7.19245e-06 -4.30386e-06 -3.96225e-05 0.000349867 -0.00285678 0.00144742 0.00173507 -0.00209496 -0.000800518 -0.00304663 -0.000131387 -0.00468554
internal_weight=577137 574759 570176 518635 51541 2378 4583 3908 1717 762 955 675 661
internal_count=577137 574759 570176 518635 51541 2378 4583 3908 1717 762 955 675 661
is_linear=0
shrinkage=0.03


Tree=150
num_leaves=15
num_cat=0
split_feature=5 4 8 9 0 4 8 3 8 6 9 5 8 9
split_gain=8.10517 9.15429 11.6071 6.19578 4.73999 3.89361 5.99827 4.84723 3.15379 3.12408 2.83697 2.92753 2.76488 2.74782
threshold=0.50361500283757998 0.01057598862617729 -1.7171023091376263e-07 -0.25539000707983583 -0.25292749481364213 -0.81004669579083555 -1.3591092747993641e-05 0.0054325515270080811 -3.322844840325407e-05 0.44263438984381059 1.5012782331606842 1.1564494137568184 0.0033453081166158285 -0.029420224414091142
decision_type=10 8 8 10 10 8 10 10 10 10 10 10 10 10
left_child=1 3 4 8 -3 6 13 -8 -1 -4 11 -7 -5 -2
right_child=5 2 9 12 -6 10 7 -9 -10 -11 -12 -13 -14 -15
leaf_value=-3.1575728947736949e-06 -1.3582086852718976e-06 -1.5301511204555241e-06 -3.8980954433617526e-07 1.3414586408271765e-06 1.1102639071684452e-06 -2.1049773082080569e-07 8.3768071842292123e-08 3.157272939188672e-06 1.6613517515769093e-07 -1.2489959129150658e-06 1.4069797109635558e-06 -6.8169905425698877e-07 3.2770630812739717e-05 -1.8968908622145832e-08
leaf_weight=1760 9906 9940 53322 66066 55024 138562 51044 13656 44353 17261 6634 101176 1016 7972
leaf_count=1760 9906 9940 53322 66066 55024 138562 51044 13656 44353 17261 6634 101176 1016 7972
internal_value=-2.30361e-05 0.000106057 -5.98862e-05 0.000305287 0.000228922 -0.000120835 5.68848e-05 0.000191933 3.61642e-05 -0.000326548 -0.000180646 -0.000197758 0.000489358 -0.000428332
internal_weight=577692 248742 135547 113195 64964 328950 82578 64700 46113 70583 246372 239738 67082 17878
internal_count=577692 248742 135547 113195 64964 328950 82578 64700 46113 70583 246372 239738 67082 17878
is_linear=0
shrinkage=0.03


Tree=151
num_leaves=15
num_cat=0
split_feature=7 9 4 3 4 3 3 6 9 7 4 0 4 4
split_gain=7.83377 6.81938 7.25073 6.09376 4.37778 3.10133 2.89544 2.52243 2.06993 1.81193 1.16652 0.851579 0.686982 0.475048
threshold=-4.6790402653942306e-06 -0.47124949501208863 0.64983659425135265 0.0020486603590152341 -0.83540279305301157 0.0019111193053581036 0.0016967208074952144 0.12153887394489883 1.2335471843947161 -1.3779406111854442e-05 -1.0951963140447638 0.51550006737225351 -1.1100776051362917 -0.79716119353063009
decision_type=8 10 8 10 8 10 10 10 10 10 10 10 10 10
left_child=8 4 3 -3 6 -4 -2 -6 9 11 -11 -1 -10 -14
right_child=1 2 5 -5 7 -7 -8 -9 12 10 -12 -13 13 -15
leaf_value=4.2515649421262936e-05 -3.6988178073092953e-07 -7.6453765519027947e-08 9.4500831684717267e-09 7.1888752043248597e-07 -7.5439371074467789e-07 -8.0435486662651654e-07 5.9327013178487763e-07 -2.3390996650577267e-06 -1.1746645182620309e-05 1.0610443786438253e-05 3.1138993383214531e-06 1.5272657713689883e-05 1.1298351386462715e-05 3.8166747013469294e-07
leaf_weight=1091 13469 165517 61218 184104 31273 92421 16477 5405 563 1665 2016 549 307 644
leaf_count=1091 13469 165517 61218 184104 31273 92421 16477 5405 563 1665 2016 549 307 644
internal_value=-1.3743e-05 -2.59627e-05 1.16836e-05 8.72806e-05 -0.000311192 -0.000159949 -3.98585e-05 -0.000531018 0.000994887 0.00127293 0.000871309 0.00212727 0 0.000505723
internal_weight=576719 569884 503260 349621 66624 153639 29946 36678 6835 5321 3681 1640 1514 951
internal_count=576719 569884 503260 349621 66624 153639 29946 36678 6835 5321 3681 1640 1514 951
is_linear=0
shrinkage=0.03


Tree=152
num_leaves=12
num_cat=0
split_feature=2 9 2 2 4 9 3 4 8 8 7
split_gain=18.1514 8.61855 8.41762 6.56048 5.05595 4.89716 4.34373 4.13427 3.10563 1.93779 1.59702
threshold=0.00011970909161247253 -0.6534550008223402 0.0045979157259734603 0.00039817041348855269 -0.46390189129537057 -0.21123643528527894 0.012841102966855636 -0.14597155571015222 -1.292619718376224e-07 -6.0967031433034092e-08 3.6374773265982213e-14
decision_type=8 8 8 10 8 8 10 10 10 10 10
left_child=1 -1 3 8 -5 6 -4 -7 -2 -3 -11
right_child=2 9 5 4 -6 7 -8 -9 -10 10 -12
leaf_value=1.2754671916422268e-07 -8.6611111490925571e-07 -6.6565504779063413e-07 -2.2392575803621343e-06 3.1618967420316616e-07 -1.8869994591866083e-07 1.9517513712718146e-05 1.4497314021888555e-05 6.1531521829300813e-06 -2.0974355379955622e-07 -2.2576403341943367e-07 -1.0624887333487249e-07
leaf_weight=305 6545 567 8220 176558 345819 5334 2369 9086 20681 926 573
leaf_count=305 6545 567 8220 176558 345819 5334 2369 9086 20681 926 573
internal_value=-1.68148e-05 -0.00263083 -5.87865e-06 -3.04796e-05 -6.69619e-06 0.000532156 3.62298e-05 0.000891892 -0.000484432 -0.00333526 -0.00264811
internal_weight=576983 2371 574612 549603 522377 25009 10589 14420 27226 2066 1499
internal_count=576983 2371 574612 549603 522377 25009 10589 14420 27226 2066 1499
is_linear=0
shrinkage=0.03


Tree=153
num_leaves=13
num_cat=0
split_feature=2 2 1 2 9 10 2 9 9 3 7 0
split_gain=13.3812 8.46526 7.98987 6.504 4.95944 4.15659 4.17772 2.40153 1.85399 1.68981 1.21803 0.614304
threshold=0.00011970909161247253 0.001697485531501471 -1.8864272593767051 0.0082522769874591607 -0.6534550008223402 0.70710678118682402 0.00048099301382063304 -0.68755304707201925 0.02756978109200792 0.00028837523063133364 -1.0000000180025095e-35 0.061689827947805982
decision_type=8 8 8 8 8 10 10 10 10 10 10 10
left_child=4 5 7 -4 -1 6 -2 -3 -7 10 -6 -11
right_child=1 2 3 -5 9 8 -8 -9 -10 11 -12 -13
leaf_value=8.6051520696026879e-08 -3.7238310965572754e-07 -6.260170441937112e-06 8.9468042579552182e-07 2.1870468745103929e-05 -2.6305421140237024e-07 4.8837095247753752e-08 -2.013756487700852e-07 -1.9255773097587975e-06 7.2756972030238185e-07 -1.2364676545596436e-07 -2.3111679046111531e-07 -3.2851784695908228e-07
leaf_weight=300 36975 1661 191017 4089 439 27398 285829 11977 16368 531 594 480
leaf_count=300 36975 1661 191017 4089 439 27398 285829 11977 16368 531 594 480
internal_value=-1.37311e-05 -4.39057e-06 0.000147992 0.000197298 -0.00227103 -9.13307e-05 -0.000128638 -0.000552608 0.000182429 -0.00280721 -0.00372196 -0.00178648
internal_weight=577658 575314 208744 195106 2344 366570 322804 13638 43766 2044 1033 1011
internal_count=577658 575314 208744 195106 2344 366570 322804 13638 43766 2044 1033 1011
is_linear=0
shrinkage=0.03


Tree=154
num_leaves=15
num_cat=0
split_feature=5 7 0 5 0 7 5 6 3 6 5 5 7 0
split_gain=6.8532 5.27268 5.04275 4.58158 3.60856 2.56143 2.50612 1.65239 1.96877 1.19139 2.27176 0.780635 0.513583 0.473945
threshold=-0.94253992232512129 -7.2602393155307313e-06 -0.54506645114494867 1.0527603844801492 -0.33545729695368504 -1.857026019510603e-11 0.069163144022159381 2.0695244849081802 0.0097636439148019293 1.0341110280311299 1.2496948667500878 1.1503385001172266 1.9542529868955239e-08 -0.41785930353900136
decision_type=10 8 10 10 8 10 10 10 8 10 10 10 8 10
left_child=4 9 6 -4 5 13 -3 8 -6 10 -2 -11 -9 -1
right_child=1 2 3 -5 7 -7 -8 12 -10 11 -12 -13 -14 -15
leaf_value=-9.6211426327398703e-07 2.2989379766538135e-05 -6.5152168627054491e-06 3.7076342210337402e-08 -3.4327852360475418e-07 1.6349503858220518e-06 -5.6188310372466993e-06 -1.5353309793840705e-06 -4.4919311276331437e-06 1.3932683787212766e-05 -1.9773113229210813e-06 -7.4899222472817426e-06 1.1858402818484329e-05 2.1625747588720382e-06 4.1618901494448029e-06
leaf_weight=363 2246 697 371960 178811 15667 885 1415 532 2488 925 317 439 320 413
leaf_count=363 2246 697 371960 178811 15667 885 1415 532 2488 925 317 439 320 413
internal_value=-1.87225e-05 -3.87378e-05 -4.66311e-05 -4.08947e-05 0.000517361 -0.000804309 -0.00150707 0.000636378 0.000698596 0.00105461 0.00144112 0.000279476 -0.000612529 0.000389313
internal_weight=577478 556810 552883 550771 20668 1661 2112 19007 18155 3927 2563 1364 852 776
internal_count=577478 556810 552883 550771 20668 1661 2112 19007 18155 3927 2563 1364 852 776
is_linear=0
shrinkage=0.03


Tree=155
num_leaves=12
num_cat=0
split_feature=2 2 9 2 0 9 2 9 3 4 8
split_gain=12.9297 8.69777 7.22927 6.30657 5.21959 4.61415 4.30557 3.5128 2.57669 1.77047 0.882053
threshold=0.00011970909161247253 0.0040734730298429885 -0.66976046100938114 0.00063335451416563708 -0.37557749808342289 -0.38496394859188166 0.010578366677787563 0.37427061527026501 0.0078547551433117511 0.95295253933982582 -5.8181022958388693e-08
decision_type=8 8 10 10 10 8 8 10 10 10 10
left_child=2 3 -1 7 -5 8 -7 -2 -3 10 -4
right_child=1 5 9 4 -6 6 -8 -9 -10 -11 -12
leaf_value=5.7975171530561757e-08 -1.9573282108134437e-07 -3.3316528573807618e-06 -6.4304016849909833e-07 -1.6098501722681252e-06 6.7207358940071419e-08 5.5881678493584371e-06 4.9727079276335842e-05 -7.9671384643841734e-07 4.1217339088762222e-06 -1.1796534757811927e-07 -1.781660167216066e-07
leaf_weight=306 66374 5305 456 14194 443789 24754 1787 14895 2678 413 1194
leaf_count=306 66374 5305 456 14194 443789 24754 1787 14895 2678 413 1194
internal_value=-1.47877e-05 -5.53168e-06 -0.00222194 -3.51925e-05 7.89968e-06 0.000455899 0.000646529 -0.000278744 -0.000170399 -0.0028712 -0.0033253
internal_weight=576145 573776 2369 539252 457983 34524 26541 81269 7983 2063 1650
internal_count=576145 573776 2369 539252 457983 34524 26541 81269 7983 2063 1650
is_linear=0
shrinkage=0.03


Tree=156
num_leaves=12
num_cat=0
split_feature=2 2 5 4 1 1 8 7 7 4 5
split_gain=9.62011 7.70958 8.52013 6.32261 5.46873 4.18276 4.10656 6.05491 4.57362 1.88533 0.7336
threshold=0.00011970909161247253 0.0010599949820247893 -0.33554855782630444 0.75981036841480043 -1.0447218778230198 0.40777790428221539 -1.3352702655950105e-06 4.2960034621720721e-08 -9.3865307012237281e-12 0.95295253933982582 0.41351960885798783
decision_type=8 8 10 8 10 10 10 10 10 8 10
left_child=4 6 3 -3 -1 -4 7 -2 -8 10 -6
right_child=1 2 5 -5 9 -7 8 -9 -10 -11 -12
leaf_value=6.9441572294369363e-08 -8.3243502880164021e-07 2.5863536653641944e-06 -2.2860176079543451e-07 -1.9018242725933278e-07 -4.8836047999336303e-07 7.3250017861030236e-07 2.4338994938535381e-07 9.3721972459850255e-07 -2.6145521655291809e-07 -7.4981261104400962e-08 -1.8175000408408031e-07
leaf_weight=474 36405 49756 195488 21312 544 96998 53407 7631 113509 418 926
leaf_count=474 36405 49756 195488 21312 544 96998 53407 7631 113509 418 926
internal_value=-1.07336e-05 -2.7571e-06 8.08496e-05 0.000375475 -0.00191737 9.04628e-06 -0.000147126 -0.000405122 -7.86816e-05 -0.00264594 -0.00316216
internal_weight=576868 574506 363554 71068 2362 292486 210952 44036 166916 1888 1470
internal_count=576868 574506 363554 71068 2362 292486 210952 44036 166916 1888 1470
is_linear=0
shrinkage=0.03


Tree=157
num_leaves=13
num_cat=0
split_feature=2 1 2 5 9 0 4 3 1 4 1 5
split_gain=11.7332 8.05813 8.84332 10.0145 8.0552 5.2753 4.50126 3.47417 2.82792 2.09603 1.19509 0.438333
threshold=0.00011970909161247253 -0.88612457171952019 0.0032733304173342801 0.49287565365743935 -0.66976046100938114 -0.21413330697779645 0.58884339263265761 0.0056744553899959133 -2.5125796521151451 0.71143776106929835 -0.79177822633576 0.4258728911424971
decision_type=8 8 8 10 10 10 8 10 10 10 10 10
left_child=4 6 5 -4 -1 -3 7 -2 -8 10 -6 -11
right_child=1 2 3 -5 9 -7 8 -9 -10 11 -12 -13
leaf_value=9.2042391507248381e-08 -4.4599622410971614e-07 -6.6310873566617551e-07 8.6658115461588715e-06 1.815710388779932e-07 -9.7079126452516988e-08 1.1701645132060602e-07 -5.9901058813430561e-06 1.9616630192187979e-06 -1.1923811755376798e-06 -1.793538557419141e-07 -3.0381298110456064e-07 -3.1654373482598573e-08
leaf_weight=300 74216 50257 21301 22314 359 373228 1487 12682 19849 307 1098 309
leaf_count=300 74216 50257 21301 22314 359 373228 1487 12682 19849 307 1098 309
internal_value=-6.67801e-06 1.91885e-06 5.60682e-05 0.000462808 -0.00210743 1.40261e-05 -0.0002312 -0.000134418 -0.000622318 -0.00278541 -0.0034274 -0.00114058
internal_weight=577707 575334 467100 43615 2373 423485 108234 86898 21336 2073 1457 616
internal_count=577707 575334 467100 43615 2373 423485 108234 86898 21336 2073 1457 616
is_linear=0
shrinkage=0.03


Tree=158
num_leaves=12
num_cat=0
split_feature=2 2 9 9 2 10 9 2 8 9 1
split_gain=8.43474 7.56575 7.25027 5.80246 5.57732 3.48082 3.18522 3.05821 1.17949 1.49182 1.14956
threshold=0.00011970909161247253 0.0017098126415121353 -0.47124949501208863 -0.6534550008223402 0.0072123597952773238 0.70710678118688575 -0.68755304707201925 0.00045885339593508529 -6.0967031433034092e-08 -0.42348551080135621 1.5586232468407391
decision_type=8 8 8 10 8 10 10 10 10 10 10
left_child=3 5 6 -1 -4 7 -3 -2 -5 -10 -7
right_child=1 2 4 8 -6 10 -8 -9 9 -11 -12
leaf_value=7.5233222459738455e-08 -3.2159796875847804e-07 -5.0201817896004648e-06 9.7728722659635437e-07 -5.7223189946024646e-07 1.8763645213012697e-05 3.6348577782678332e-07 -8.410649925926871e-07 -1.7308681530021046e-07 -1.969697926498178e-07 -1.043655672557635e-07 -7.4221112183483405e-07
leaf_weight=320 33605 2748 174098 536 5930 36496 23270 296551 401 1105 2027
leaf_count=320 33605 2748 174098 536 5930 36496 23270 296551 401 1105 2027
internal_value=-5.59351e-06 1.67034e-06 0.000147368 -0.00179089 0.000215221 -7.95955e-05 -0.000319733 -0.000111199 -0.00239181 -0.0018562 0.000189656
internal_weight=577087 574725 206046 2362 180028 368679 26018 330156 2042 1506 38523
internal_count=577087 574725 206046 2362 180028 368679 26018 330156 2042 1506 38523
is_linear=0
shrinkage=0.03


Tree=159
num_leaves=12
num_cat=0
split_feature=2 5 2 1 1 10 6 8 8 5 10
split_gain=10.2137 7.26665 8.9159 9.24926 5.23187 4.18155 1.55976 1.96282 1.42764 1.40375 2.45255
threshold=0.00011970909161247253 1.0461484755717292 0.0011858181115232708 -1.9462096604902357 -1.2654285975002018 0.70710678118714465 1.5188905311984595 -0.00050223480137287057 -0.0015598055149562968 -0.26055313563020172 -0.70710678118485248
decision_type=8 10 8 8 10 10 10 10 10 8 8
left_child=4 2 5 -4 -1 -2 7 -3 -8 -6 -11
right_child=1 6 3 -5 9 -7 8 -9 -10 10 -12
leaf_value=7.5808079245696817e-08 -2.1811442829036584e-07 -2.3419528507947063e-06 -3.0524922749916775e-06 1.0197125890125784e-06 -6.9457668538437033e-07 5.6924792180016319e-07 1.213913971394212e-05 -3.4566856463092602e-07 3.6735456401776964e-07 -2.2431547761955088e-07 -6.0762175918113488e-08
leaf_weight=378 156601 8164 9247 213343 435 13248 458 164554 9320 639 912
leaf_count=378 156601 8164 9247 213343 435 13248 458 164554 9320 639 912
internal_value=-1.01436e-05 -1.93062e-06 7.06945e-05 0.000195687 -0.00197388 -9.27593e-05 -0.000158428 -0.000179485 0.000207192 -0.00259719 -0.00207175
internal_weight=577299 574935 392439 222590 2364 169849 182496 172718 9778 1986 1551
internal_count=577299 574935 392439 222590 2364 169849 182496 172718 9778 1986 1551
is_linear=0
shrinkage=0.03


Tree=160
num_leaves=14
num_cat=0
split_feature=2 5 2 1 9 2 4 8 8 0 2 8 9
split_gain=9.76137 7.40348 6.37379 6.20343 4.97769 5.50097 4.90716 9.75341 5.08997 4.03215 3.82061 2.13708 1.35223
threshold=0.00023287522757989724 -0.4561112543615658 0.0031696375311133632 -2.3804907354382348 -0.66976046100938114 0.00011970909161247253 -0.46390189129537057 -1.3591092747993641e-05 -0.00030059726627098692 -0.24113348122511316 0.00016848823110797654 -5.8181022958388693e-08 0.28158918519705994
decision_type=8 10 8 8 10 10 8 10 8 10 10 10 10
left_child=4 2 9 -4 10 11 7 -3 -8 -2 -1 -6 -7
right_child=1 6 3 -5 5 12 8 -9 -10 -11 -12 -13 -14
leaf_value=1.3423135084826422e-07 -1.2206489911429177e-06 -9.12338344132855e-07 -8.9529344242286894e-06 9.4865633161091134e-06 -5.7683716567155266e-07 -2.0181759910234833e-07 1.3551778555914685e-06 5.2886873760854174e-07 -3.3902759494913498e-07 6.0753866973269259e-07 -2.7405520317323785e-07 -1.2258341247565741e-07 -6.4787939239924799e-07
leaf_weight=492 9725 32099 760 13722 553 4564 18760 136012 296278 61164 305 1511 1755
leaf_count=492 9725 32099 760 13722 553 4564 18760 136012 296278 61164 305 1511 1755
internal_value=-6.07571e-06 9.49818e-06 0.000267109 0.000841292 -0.000976061 -0.00119528 -3.59012e-05 9.47889e-05 -0.000105831 0.00014886 0.00124164 -0.0025487 -0.000740401
internal_weight=577700 568520 85371 14482 9180 8383 483149 168111 315038 70889 797 2064 6319
internal_count=577700 568520 85371 14482 9180 8383 483149 168111 315038 70889 797 2064 6319
is_linear=0
shrinkage=0.03


Tree=161
num_leaves=12
num_cat=0
split_feature=2 9 2 5 0 0 10 4 9 8 5
split_gain=8.96275 7.84743 7.0037 6.99049 9.27413 4.15811 3.13079 2.97121 2.19781 2.05665 2.65027
threshold=0.00011970909161247253 -0.66976046100938114 0.0021341570467762819 -0.17434119677653781 -0.28477987131608362 -0.25693918708752622 -0.70710678118661641 0.95295253933982582 -0.15803153001310763 -5.8181022958388693e-08 1.1503385001172266
decision_type=8 10 8 10 8 10 10 8 10 10 10
left_child=1 -1 5 4 -4 8 -7 -5 -2 -3 -11
right_child=2 9 3 7 -6 6 -8 -9 -10 10 -12
leaf_value=1.0363822712669047e-07 -6.2020313070109651e-07 -5.7076565928162654e-07 -2.7748902982041282e-06 7.773740633414987e-07 4.899355820537823e-06 -9.3243236661738627e-07 -2.6364761099427078e-08 -1.6724063566951685e-06 -1.5844208433476159e-06 -1.7962427828808371e-07 4.0684469217369568e-08
leaf_weight=306 28336 540 6517 87741 32612 10224 384462 17100 7442 1177 347
leaf_count=306 28336 540 6517 87741 32612 10224 384462 17100 7442 1177 347
internal_value=-3.07898e-06 -0.00184034 4.42863e-06 0.000185651 0.000527964 -5.60452e-05 -2.78037e-05 5.72813e-05 -0.000365821 -0.00251977 -0.0018618
internal_weight=576804 2370 574434 143970 39129 430464 394686 104841 35778 2064 1524
internal_count=576804 2370 574434 143970 39129 430464 394686 104841 35778 2064 1524
is_linear=0
shrinkage=0.03


Tree=162
num_leaves=13
num_cat=0
split_feature=2 2 9 9 9 7 4 3 2 4 0 3
split_gain=11.1422 7.06234 6.53771 4.78646 4.77497 6.3789 5.47541 3.5053 3.17535 1.58559 0.732826 0.546984
threshold=0.00011970909161247253 0.0044453775671086182 -0.6534550008223402 -0.15803153001310763 -0.31192239198428279 -7.2442883728329753e-12 0.16624137569544603 0.022649684052356862 0.0082522769874591607 0.49560514305987602 -0.0094879068641940938 0.00048062002407800675
decision_type=8 8 10 8 10 8 10 10 8 10 10 10
left_child=2 4 -1 7 5 -2 -6 -3 -5 10 -4 -11
right_child=1 3 9 8 6 -7 -8 -9 -10 11 -12 -13
leaf_value=7.2557802086735714e-08 1.8015795532011118e-07 -5.7814282975698917e-07 -1.7769884546285475e-07 6.8705962225640197e-06 3.6388602626670341e-07 -6.1754821486810501e-07 -1.599655806717916e-07 3.8539281448956831e-05 3.1585265928322199e-05 -1.3527033623103249e-07 -3.391367962771391e-07 -5.4881614097970237e-08
leaf_weight=320 58910 12492 619 11722 193748 86122 208817 820 2437 474 708 310
leaf_count=320 58910 12492 619 11722 193748 86122 208817 820 2437 474 708 310
internal_value=-2.76359e-06 5.71749e-06 -0.0020254 0.000475092 -1.7728e-05 -0.000165387 3.53226e-05 6.17024e-05 0.0008592 -0.00264215 -0.00331189 -0.00140554
internal_weight=577499 575068 2431 27471 547597 145032 402565 13312 14159 2111 1327 784
internal_count=577499 575068 2431 27471 547597 145032 402565 13312 14159 2111 1327 784
is_linear=0
shrinkage=0.03


Tree=163
num_leaves=15
num_cat=0
split_feature=5 4 8 7 3 9 3 9 4 8 5 9 7 4
split_gain=6.3218 11.2361 8.3499 5.62648 3.85857 3.70117 3.12499 2.35079 2.28852 5.98255 2.31185 2.2642 1.25481 1.01745
threshold=-0.028244900836934452 -0.044798243980802781 -1.6491496652978168e-07 5.3250938468439314e-08 0.0082216983054546541 2.0533891610338428 0.00317123473680004 -0.78028015525852956 -0.84837738732640522 -1.3591092747993641e-05 1.2435403291983005 -0.40593414162718017 -3.6964185912954586e-13 -1.2343220430182806
decision_type=10 10 10 10 8 10 10 8 10 8 10 8 10 8
left_child=1 4 3 -3 11 -6 -4 12 9 -9 -10 -1 13 -2
right_child=7 2 6 -5 5 -7 -8 8 10 -11 -12 -13 -14 -15
leaf_value=1.4426076851627172e-08 -5.4480728406136501e-07 2.302740565431791e-07 -2.9156614359994433e-07 4.3005359753060579e-06 9.1565581396022781e-06 -1.4123300667999595e-05 -2.4369030675109397e-06 -7.4821735575788416e-07 -1.029510531103911e-07 3.9921275699228208e-07 -5.1387579673727541e-07 1.2100830639865011e-06 -1.7355890226841872e-07 -3.282559791110936e-06
leaf_weight=12445 550 39115 28441 7248 9036 403 13866 19097 243136 75850 83976 42523 893 543
leaf_count=12445 550 39115 28441 7248 9036 403 13866 19097 243136 75850 83976 42523 893 543
internal_value=-5.54119e-06 0.000159596 -5.88633e-05 0.000218403 0.000461245 0.00102487 -0.000364109 -6.52981e-05 -6.02887e-05 6.89997e-05 -9.80001e-05 0.0003632 -0.00109419 -0.00177879
internal_weight=577122 153077 88670 46363 64407 9439 42307 424045 422059 94947 327112 54968 1986 1093
internal_count=577122 153077 88670 46363 64407 9439 42307 424045 422059 94947 327112 54968 1986 1093
is_linear=0
shrinkage=0.03


Tree=164
num_leaves=12
num_cat=0
split_feature=2 9 5 4 3 9 2 4 9 5 6
split_gain=8.3276 7.06229 6.34182 5.34087 8.31911 5.34117 4.32904 1.8089 1.71417 1.67675 1.12156
threshold=0.00011970909161247253 -0.66976046100938114 -0.94253992232512129 -0.067989236129265815 0.0020486603590152341 -0.31960628173666128 0.0045979157259734603 0.75981036841480043 -0.21467928624362562 1.0461484755717292 1.6431771122769521
decision_type=8 10 10 8 10 10 8 10 8 10 10
left_child=1 -1 6 4 -4 -5 10 9 -8 -3 -2
right_child=2 7 3 5 -6 -7 8 -9 -10 -11 -12
leaf_value=1.0605655685779318e-07 1.4040112708476534e-06 -2.7112472036417343e-07 -1.8364235669681652e-07 -1.0237198858904244e-06 8.0644728874043156e-07 -1.2675224149093931e-07 -2.3732498407051744e-06 -8.8976509489014814e-08 3.2282399294259149e-05 -8.7874933263878457e-08 -2.0651002207554813e-06
leaf_weight=313 17077 1038 124138 43935 141090 245270 303 549 1683 500 1551
leaf_count=313 17077 1038 124138 43935 141090 245270 303 549 1683 500 1551
internal_value=-7.82396e-06 -0.00176763 -3.44314e-07 -1.9663e-05 7.74323e-05 -0.000108916 0.000516098 -0.00241202 0.0018517 -0.00295349 0.000369568
internal_weight=577447 2400 575047 554433 265228 289205 20614 2087 1986 1538 18628
internal_count=577447 2400 575047 554433 265228 289205 20614 2087 1986 1538 18628
is_linear=0
shrinkage=0.03


Tree=165
num_leaves=15
num_cat=0
split_feature=4 8 8 7 7 10 5 1 0 8 4 4 7 4
split_gain=5.66749 8.11793 8.0816 6.80632 5.2684 5.1299 3.74011 3.51917 3.31521 4.25153 3.25357 2.17389 1.94316 1.5289
threshold=-0.067989236129265815 -0.00030059726627098692 0.00024775336570523245 -3.3109312333790662e-07 -1.9123657480757206e-07 0.70710678118693726 0.028606324403837733 -0.22088841726260544 0.65554608937459613 0.0017121122168303395 1.4704823522407622 -0.88691053983586787 5.2234615719033493e-11 0.28902120622819155
decision_type=8 8 8 10 10 10 10 10 10 10 8 10 10 8
left_child=2 3 4 13 11 10 -6 -5 9 -4 -3 -1 -7 -2
right_child=1 5 8 7 6 12 -8 -9 -10 -11 -12 -13 -14 -15
leaf_value=-3.6997870395076262e-06 -3.5486576659283808e-06 -2.7665560061335833e-07 1.8111519134648988e-06 -1.0506763641452646e-06 7.2966553137045514e-07 8.9883348644656615e-07 2.0427946543967234e-08 3.7896485497014813e-06 -1.9000245711738483e-06 1.4743127807101322e-05 -1.0753197934327216e-06 -9.3265172691985278e-07 -8.6487854183871159e-08 -2.2703324436085029e-08
leaf_weight=5170 1860 233675 27807 2124 48519 14333 178769 11498 3639 3256 27734 7394 7733 3233
leaf_count=5170 1860 233675 27807 2124 48519 14333 178769 11498 3639 3256 27734 7394 7733 3233
internal_value=4.25485e-06 -8.52747e-05 0.000103014 0.000519092 4.08235e-05 -0.000125403 7.4123e-05 0.000870158 0.000530998 0.000631996 -0.000162635 -0.000556386 0.000312828 -0.000407995
internal_weight=576744 302190 274554 18715 239852 283475 227288 13622 34702 31063 261409 12564 22066 5093
internal_count=576744 302190 274554 18715 239852 283475 227288 13622 34702 31063 261409 12564 22066 5093
is_linear=0
shrinkage=0.03


Tree=166
num_leaves=13
num_cat=0
split_feature=2 2 9 0 5 9 5 5 6 4 4 5
split_gain=9.60742 7.06174 6.88586 5.2631 5.74205 3.92803 2.89487 2.84688 1.55164 1.32618 0.94115 0.247903
threshold=0.00011970909161247253 0.0082522769874591607 -0.6534550008223402 -0.49187374687867924 -0.4561112543615658 -0.16158162980730126 0.54603700894886342 0.72073825118956525 -0.1749034203014341 -1.0658077895861313 0.031978502927368063 -0.56170931536744628
decision_type=8 8 10 10 10 8 10 10 10 10 10 10
left_child=2 3 -1 8 -5 9 -7 11 -2 -3 -9 -4
right_child=1 5 7 4 -6 6 -8 10 -10 -11 -12 -13
leaf_value=7.6235841821109214e-08 -9.7112314199477698e-07 2.4928750237686475e-05 -8.2531328566693646e-07 6.5697806373899248e-07 -8.9688243670665888e-08 6.0755944010775675e-05 1.4000383811083743e-05 -1.5232872355783937e-07 -4.5069692908153687e-06 -1.6926172578571858e-06 -1.5105413699636556e-08 -2.0272244605569012e-07
leaf_weight=321 1793 340 300 84065 481544 1401 1045 475 2675 1751 484 766
leaf_count=321 1793 340 300 84065 481544 1401 1045 475 2675 1751 484 766
internal_value=-8.37132e-06 -4.28106e-07 -0.0019202 -9.9248e-06 -1.70786e-06 0.00117704 0.00199349 -0.00257985 -0.00103439 0.000188482 -0.00127554 -0.00367472
internal_weight=576960 574614 2346 570077 565609 4537 2446 2025 4468 2091 959 1066
internal_count=576960 574614 2346 570077 565609 4537 2446 2025 4468 2091 959 1066
is_linear=0
shrinkage=0.03


Tree=167
num_leaves=12
num_cat=0
split_feature=2 2 9 1 5 10 3 10 8 5 8
split_gain=10.3249 6.55513 5.928 5.50288 5.30458 4.81672 3.97871 2.93476 1.79558 2.09974 1.11212
threshold=0.00011970909161247253 0.0017098126415121353 -0.57509857845416956 -1.2654285975002018 -0.33554855782630444 -0.70710678118661641 0.0061309955085534608 0.70710678118700365 -5.8181022958388693e-08 1.1503385001172266 -1.2985318807431547e-08
decision_type=8 8 8 10 8 10 10 10 8 8 8
left_child=3 5 6 -1 -4 10 -3 -7 -5 -10 -2
right_child=1 2 4 8 -6 7 -8 -9 9 -11 -12
leaf_value=6.7093790008672768e-08 -8.3918239819556396e-07 -3.4425901974986972e-06 2.8503702279821211e-06 -5.3793420942410439e-07 4.2792584080286859e-07 -1.56747843367275e-07 3.9495177200256964e-06 3.6847858410999795e-07 -1.469887719421708e-07 2.3730205081109761e-08 -1.3714940306182062e-06
leaf_weight=388 7339 9308 42738 511 152300 326470 1726 31125 1173 328 4078
leaf_count=388 7339 9308 42738 511 152300 326470 1726 31125 1173 328 4078
internal_value=-7.28319e-06 8.24213e-07 0.00013646 -0.00196681 0.000174972 -7.47598e-05 -0.000538392 -5.52006e-05 -0.00260534 -0.00198147 -0.000681544
internal_weight=577484 575084 206072 2400 195038 369012 11034 357595 2012 1501 11417
internal_count=577484 575084 206072 2400 195038 369012 11034 357595 2012 1501 11417
is_linear=0
shrinkage=0.03


Tree=168
num_leaves=12
num_cat=0
split_feature=2 2 1 5 1 1 0 4 4 5 4
split_gain=9.02192 6.8968 5.82263 5.51283 7.89574 5.12164 5.02418 2.58868 2.11388 2.16508 1.34237
threshold=0.00011970909161247253 0.0038033957607043318 -1.2654285975002018 -0.028244900836934452 -1.9462096604902357 -1.2654285975002018 -0.24504761504666431 -0.18058284906237526 1.1528997515126302 -0.27525091754729053 1.7405674609506416
decision_type=8 8 10 10 8 10 10 10 8 10 8
left_child=2 5 -1 4 -3 10 -7 -5 9 -4 -2
right_child=1 3 8 7 -6 6 -8 -9 -10 -11 -12
leaf_value=9.5037387346687495e-08 -5.619891430032852e-07 -7.694007161391322e-06 -7.9529216006681298e-07 3.8179795884570977e-06 1.198476556694391e-05 -7.3012514338304995e-07 1.0181860590423691e-07 -1.0865524289505125e-06 -2.3494294310940898e-08 -1.383466291690301e-07 -4.1453103379577322e-06
leaf_weight=383 56180 1432 326 12428 13269 45569 431551 14139 305 1356 314
leaf_count=383 56180 1432 326 12428 13269 45569 431551 14139 305 1356 314
internal_value=2.77517e-06 1.05098e-05 -0.00184034 0.000384176 0.000850792 -1.82825e-05 1.35812e-05 0.00012349 -0.00250275 -0.00291844 -0.000288404
internal_weight=577252 574882 2370 41268 14701 533614 477120 26567 1987 1682 56494
internal_count=577252 574882 2370 41268 14701 533614 477120 26567 1987 1682 56494
is_linear=0
shrinkage=0.03


Tree=169
num_leaves=15
num_cat=0
split_feature=3 5 1 4 6 4 5 7 9 4 3 3 1 4
split_gain=7.18401 4.57578 6.06173 4.7818 2.88517 3.65925 2.655 2.57264 2.26335 1.83344 1.54304 0.574345 0.499374 0.455202
threshold=0.02002298996470812 1.1310584580206964 -2.1735121966174415 0.82233538137026885 1.1090492808095871 -0.21512832719819863 -0.028244900836934452 -2.657093886240462e-07 1.5012782331606842 -0.90041276053497599 0.0025388521874035413 0.02622700872947609 -0.13992574435699304 -1.2017328445652236
decision_type=10 10 8 10 10 10 10 10 10 10 10 10 10 8
left_child=1 2 10 -4 5 11 -7 9 -9 -3 -1 -2 -6 -14
right_child=4 7 3 -5 12 6 -8 8 -10 -11 -12 -13 13 -15
leaf_value=-5.6271817963822864e-07 1.6267980357576872e-05 -2.964053616588209e-07 2.0256240627934784e-07 -3.0941046233203967e-07 1.2805074969243353e-05 2.1300718320806011e-05 -1.4128580168772337e-06 -3.0354431998380328e-07 1.9337716750182128e-06 -3.3299614249263598e-06 -4.8772381914246699e-06 4.240162652457334e-05 -1.1352220354416211e-05 6.4267063356049493e-07
leaf_weight=5670 1506 3666 311727 96109 478 996 2125 137293 3331 6471 3908 1384 355 2362
leaf_count=5670 1506 3666 311727 96109 478 996 2125 137293 3331 6471 3908 1384 355 2362
internal_value=-1.62005e-05 -2.9779e-05 2.1259e-05 3.89265e-05 0.000814453 0.00120179 0.000461833 -0.000171479 -0.000137634 -0.000634473 -0.00072403 0.00197586 6.55226e-05 -7.26073e-05
internal_weight=577381 568175 417414 407836 9206 6011 3121 150761 140624 10137 9578 2890 3195 2717
internal_count=577381 568175 417414 407836 9206 6011 3121 150761 140624 10137 9578 2890 3195 2717
is_linear=0
shrinkage=0.03


Tree=170
num_leaves=15
num_cat=0
split_feature=5 2 2 1 5 2 8 8 2 8 1 2 7 7
split_gain=7.47111 5.54934 5.20477 4.54944 4.82154 4.27155 4.1184 4.06329 2.42167 2.29776 1.91972 0.979339 0.909228 1.17674
threshold=-0.86058845968578157 0.0056945744615923216 0.00038386087456429634 -1.2161792003998453 1.0396750044919298 0.00035513832159629561 -0.00013689805014082329 -1.292619718376224e-07 0.00016848823110797654 -2.7966531414230245e-07 1.6738190058727918 0.00020362843610001645 -2.1304364686516839e-08 1.1174378077990299e-07
decision_type=10 8 10 10 10 10 10 8 10 10 10 10 10 10
left_child=1 5 7 6 -5 11 -4 8 -2 -7 -9 -1 -3 -14
right_child=2 12 3 4 -6 9 -8 10 -10 -11 -12 -13 13 -15
leaf_value=-9.2780870303568439e-07 -4.3960055528619527e-07 7.2494194614087853e-05 -4.1740303467843558e-06 2.6012220680638525e-07 -2.8573520062924301e-07 2.9251436187873991e-06 -5.3029621551558246e-07 -4.5680839795253045e-08 -8.5638709511064956e-07 4.0690350063978242e-07 -3.1922646874312607e-07 -7.0428225468642033e-07 5.7382169101632708e-06 6.3688960378284687e-05
leaf_weight=374 969 686 3012 308489 149783 13622 60321 18541 5128 13277 1413 696 542 323
leaf_count=374 969 686 3012 308489 149783 13622 60321 18541 5128 13277 1413 696 542 323
internal_value=3.74229e-07 0.00046529 -2.45843e-05 -3.7959e-06 2.90258e-05 0.000365417 -0.000242205 -0.000438356 -0.00111806 0.000441265 -0.000227209 -0.00147222 0.00221397 0.00140571
internal_weight=577176 29520 547656 521605 458272 27969 63333 26051 6097 26899 19954 1070 1551 865
internal_count=577176 29520 547656 521605 458272 27969 63333 26051 6097 26899 19954 1070 1551 865
is_linear=0
shrinkage=0.03


Tree=171
num_leaves=11
num_cat=0
split_feature=2 9 2 4 8 9 8 7 9 4
split_gain=7.92528 6.03918 5.54504 5.3309 6.5557 5.60719 2.29193 2.31824 1.86044 0.920738
threshold=0.00011970909161247253 -0.66976046100938114 0.010578366677787563 0.60052466197567644 -0.00088891685075825108 -0.029420224414091142 -6.723142134802676e-08 1.0000000180025095e-35 -0.40163660269604856 -0.13521414559556161
decision_type=8 10 8 8 8 8 10 10 8 10
left_child=1 -1 3 5 -5 -2 -3 -8 -4 -10
right_child=2 6 8 4 -6 -7 7 -9 9 -11
leaf_value=9.7259247854810728e-08 -6.3979580646729752e-08 -5.0844180449293728e-07 -3.1333927332185821e-06 9.6304389370981595e-06 -3.9294110457670122e-07 5.3939053137610829e-07 -1.4252916068665043e-07 -3.4357394305309341e-08 7.3371189650195856e-05 3.1425573101218464e-05
leaf_weight=308 267495 534 359 2619 164164 138451 812 730 734 1126
leaf_count=308 267495 534 359 2619 164164 138451 812 730 734 1126
internal_value=-9.28046e-06 -0.00173183 -2.00362e-06 -7.91984e-06 -0.000150798 5.0636e-05 -0.00232694 -0.00165464 0.00149125 0.00187701
internal_weight=577332 2384 574948 572729 166783 405946 2076 1542 2219 1860
internal_count=577332 2384 574948 572729 166783 405946 2076 1542 2219 1860
is_linear=0
shrinkage=0.03


Tree=172
num_leaves=13
num_cat=0
split_feature=2 5 1 1 2 2 4 8 10 5 7 5
split_gain=8.35342 5.65196 4.9953 4.71079 5.92253 3.26675 3.05347 2.30247 1.94799 1.64406 1.14782 0.466122
threshold=0.00011970909161247253 -0.94253992232512129 -1.2161792003998453 -0.28248417149608962 0.0022543050140457453 0.0065335628254655168 1.4290667358078137 -4.0938123897448379e-07 -0.7071067810778896 -1.0000000180025095e-35 -1.1029645173864227e-08 0.97738001641465311
decision_type=8 10 10 10 10 8 8 10 8 8 10 10
left_child=2 5 -1 6 -5 7 -3 -2 11 -10 -7 -4
right_child=1 3 8 4 -6 10 -8 -9 9 -11 -12 -13
leaf_value=7.4840053558810327e-08 2.929291687877663e-06 -2.602119459035213e-07 -2.7363896863505937e-07 -3.1895415463359043e-08 2.0665337417099537e-06 7.4203449067625134e-05 -1.7434250601145273e-06 1.8903009575418024e-07 -5.0135493971012775e-07 -3.0975704876769551e-08 1.7032598855151197e-05 -1.4057036585148002e-07
leaf_weight=395 9607 203603 603 274498 68861 420 7233 10003 315 757 406 324
leaf_count=395 9607 203603 603 274498 68861 420 7233 10003 315 757 406 324
internal_value=-9.7741e-06 -2.28665e-06 -0.00177454 -2.04617e-05 4.79484e-05 0.00048743 -0.000132153 0.000405199 -0.00239223 -0.00140296 0.00233971 -0.00344504
internal_weight=577025 574631 2394 554195 343359 20436 210836 19610 1999 1072 826 927
internal_count=577025 574631 2394 554195 343359 20436 210836 19610 1999 1072 826 927
is_linear=0
shrinkage=0.03


Tree=173
num_leaves=15
num_cat=0
split_feature=4 5 9 8 0 8 0 10 4 8 9 7 7 4
split_gain=5.2823 7.18942 5.76366 4.61129 4.23882 2.84802 2.65218 2.20383 1.61851 4.02982 1.69858 0.92795 0.828101 0.395324
threshold=1.2301675112822543 0.49287565365743935 -0.24860645595928396 -3.322844840325407e-05 -0.23407420809321436 -0.00061305886690057149 0.41595355304824694 0.70710678118704207 -0.81004669579083555 -1.3591092747993641e-05 -0.47124949501208863 -3.3109312333790662e-07 1.2535673745613458e-05 1.4491617233152267
decision_type=8 10 10 10 10 8 8 10 10 10 10 10 8 10
left_child=1 2 3 -1 -4 11 7 -7 9 -3 -10 -2 -8 -13
right_child=5 8 4 -5 -6 6 12 -9 10 -11 -12 13 -14 -15
leaf_value=-3.2804431444108205e-06 -2.0389261869563874e-06 -6.8883960297407874e-07 -1.1480315248411859e-06 -2.8722589798586547e-08 8.385500716334511e-07 -8.962546655513226e-07 2.2653118941318732e-06 8.9009241075506503e-07 -6.7410888263220079e-07 3.0835428509574396e-07 -1.785266889322194e-07 2.7842599069072614e-06 -5.2538352350065505e-06 9.6232544246739889e-06
leaf_weight=2205 454 17930 9227 68908 133478 52619 3040 3328 20605 64945 198490 549 496 755
leaf_count=2205 454 17930 9227 68908 133478 52619 3040 3328 20605 64945 198490 549 496 755
internal_value=-5.31333e-06 2.5859e-05 0.000159044 -6.09086e-05 0.000269068 -0.000268796 -0.000304775 -0.000355773 -6.82496e-05 4.41576e-05 -0.000111043 0.000909502 0.000483926 0.00131963
internal_weight=577029 515788 213818 71113 142705 61241 59483 55947 301970 82875 219095 1758 3536 1304
internal_count=577029 515788 213818 71113 142705 61241 59483 55947 301970 82875 219095 1758 3536 1304
is_linear=0
shrinkage=0.03


Tree=174
num_leaves=15
num_cat=0
split_feature=2 5 9 2 6 9 9 7 7 1 9 7 7 6
split_gain=6.14592 5.61056 8.00501 9.78531 6.70526 4.05273 2.86124 3.05564 2.36125 1.97521 1.75664 1.4477 1.21052 0.952533
threshold=0.0002811199083325127 1.0728206273978222 -0.25207514994528174 0.0032733304173342801 0.17916199951208614 1.5012782331606842 0.40769027073268976 9.4036624446545568e-10 -2.657093886240462e-07 0.40777790428221539 -0.01240522644096703 4.5652508937587177e-07 -1.1029645173864227e-08 0.37025660132408339
decision_type=8 10 8 8 10 10 10 10 10 10 8 10 10 10
left_child=6 2 4 -4 -2 8 9 12 -3 10 -1 -7 -8 -11
right_child=1 5 3 -5 -6 11 7 -9 -10 13 -12 -13 -14 -15
leaf_value=-7.0722178864623479e-08 -1.1500059808632483e-07 -2.0093562490693853e-06 2.3705875293849234e-07 6.3497935357295153e-06 -1.782813054758258e-06 1.5294185683432716e-07 -7.432145447355458e-07 -1.530021732570561e-07 -3.220672813153707e-07 -1.9147493669933599e-07 1.8357374297724173e-07 4.1544606051812235e-06 -5.8853413547659739e-07 -5.4046902065104987e-07
leaf_weight=6049 114511 11364 237686 26215 14567 1967 342 1338 153246 2658 1675 2903 1090 760
leaf_count=6049 114511 11364 237686 26215 14567 1967 342 1338 153246 2658 1675 2903 1090 760
internal_value=-7.79693e-06 7.50975e-06 6.9834e-05 0.000164624 -0.000123497 -0.000136645 -0.000630513 -0.0015 -0.000162192 -0.000407819 -0.000132661 0.000713115 -0.00246741 -0.00100992
internal_weight=576371 562459 392979 263901 129078 169480 13912 2770 164610 11142 7724 4870 1432 3418
internal_count=576371 562459 392979 263901 129078 169480 13912 2770 164610 11142 7724 4870 1432 3418
is_linear=0
shrinkage=0.03


Tree=175
num_leaves=15
num_cat=0
split_feature=4 8 8 7 2 1 0 2 2 0 9 7 1 4
split_gain=5.51645 7.44836 4.81168 8.1758 4.26136 3.66628 3.19885 3.99434 3.1616 2.72342 2.42765 2.15031 1.39285 1.14613
threshold=-0.067989236129265815 0.00024775336570523245 -0.00030059726627098692 -6.6624580086183486e-08 0.0022329768480674342 -2.6905755353592253 0.77985676263972725 0.0033819808515759176 0.00011970909161247253 -0.24504761504666431 0.12484925296595552 -2.1312405668006384e-07 -0.22088841726260544 1.0213591083877978
decision_type=8 10 8 10 10 8 10 10 10 10 10 10 10 8
left_child=1 4 3 10 8 13 7 -3 -1 -7 -2 -6 -5 -4
right_child=2 6 5 12 11 9 -8 -9 -10 -11 -12 -13 -14 -15
leaf_value=-1.2022088552709204e-07 -5.3482286140324639e-06 1.5203508587289804e-06 -2.1101063549593528e-06 3.972754875771194e-07 -2.4733405662967085e-06 -1.0073017133025846e-06 -3.0330964650484931e-06 1.3672914024872402e-05 -5.596716889116449e-08 -1.6705399715196073e-07 -4.6579856122705149e-07 1.9995466012293512e-06 3.9216057097520553e-06 -8.6349612597122138e-06
leaf_weight=1164 1351 27774 1986 1716 4836 35131 2281 4818 188938 245681 6321 45429 9537 467
leaf_count=1164 1351 27774 1986 1716 4836 35131 2281 4818 188938 245681 6321 45429 9537 467
internal_value=-9.19576e-06 8.78474e-05 -9.77829e-05 0.000364405 2.81308e-05 -0.000128885 0.000497606 0.000574566 -3.65469e-05 -0.000118538 -0.000385056 0.000273894 0.000880582 -0.0012838
internal_weight=577430 275240 302190 18925 240367 283265 34873 32592 190102 280812 7672 50265 11253 2453
internal_count=577430 275240 302190 18925 240367 283265 34873 32592 190102 280812 7672 50265 11253 2453
is_linear=0
shrinkage=0.03


Tree=176
num_leaves=11
num_cat=0
split_feature=2 9 2 5 8 8 5 1 8 5
split_gain=6.47556 7.24053 5.18361 4.52607 6.55868 3.13398 3.5707 2.69873 2.69144 1.10782
threshold=0.00011970909161247253 -0.66976046100938114 0.010578366677787563 0.50361500283757998 -0.00088891685075825108 -5.8181022958388693e-08 1.0985530123958764 -1.1045052178353372 -1.3591092747993641e-05 -0.028244900836934452
decision_type=8 10 8 10 8 10 10 8 10 10
left_child=1 -1 3 4 -2 -3 -7 -4 -5 -9
right_child=2 5 7 8 -6 6 -8 9 -10 -11
leaf_value=1.0768562429085808e-07 9.3145099334658307e-06 -4.5589294965425502e-07 -2.4003413005769319e-06 -5.8979960686997335e-07 1.8042124317737262e-07 -1.4638643586585544e-07 3.7229171655175604e-08 8.8213599126702342e-05 -6.3001531646598168e-08 2.6422768776924694e-05
leaf_weight=302 4142 563 562 61300 242120 1118 401 629 265037 1011
leaf_count=302 4142 563 562 61300 242120 1118 401 629 265037 1011
internal_value=5.19755e-07 -0.00155639 7.10842e-06 1.4041e-06 9.85983e-05 -0.00220268 -0.00141661 0.0014566 -7.1758e-05 0.00207273
internal_weight=577185 2384 574801 572599 246262 2082 1519 2202 326337 1640
internal_count=577185 2384 574801 572599 246262 2082 1519 2202 326337 1640
is_linear=0
shrinkage=0.03


Tree=177
num_leaves=15
num_cat=0
split_feature=2 4 2 8 4 8 6 0 10 2 8 7 3 6
split_gain=5.26754 5.92132 4.77037 5.18497 3.87319 3.45108 4.7034 3.28021 2.98025 2.67572 2.42656 1.83749 1.66059 1.55241
threshold=0.0035097707010538323 -0.18058284906237526 0.00011970909161247253 -9.6050984944122377e-08 1.2458703087925715 0.0017121122168303395 1.5188905311984595 -0.27471214334146044 0.70710678118693726 0.0016346348072455014 -2.1855765821057493e-07 -1.0000000180025095e-35 0.022649684052356862 -0.4631932378351466
decision_type=8 10 10 8 8 8 10 10 10 10 10 8 10 10
left_child=2 5 3 -1 9 12 -7 13 -6 -4 -9 -5 -2 -3
right_child=1 7 4 11 8 6 -8 10 -10 -11 -12 -13 -14 -15
leaf_value=-4.4295611234438514e-07 3.9068316720891986e-06 2.2933517757928533e-06 -7.4802209801746504e-08 -9.2404434620597625e-08 -7.423053925734729e-07 2.9431035478494156e-05 -1.2196933512767157e-05 3.4054410279771854e-06 1.1319702288728534e-06 5.1962704926332829e-07 -1.5545339754997569e-06 1.5057074155534149e-08 2.2060580402123835e-05 -6.3557429728335867e-06
leaf_weight=550 17750 1244 318828 805 49673 1887 431 15166 3941 152051 8642 1013 1487 4115
leaf_count=550 17750 1244 318828 805 49673 1887 431 15166 3941 152051 8642 1013 1487 4115
internal_value=1.48548e-06 0.000293543 -2.65226e-05 -0.00136754 -2.03278e-05 0.000670531 0.0017732 1.27498e-05 -0.000261935 7.05899e-06 0.000165757 -0.00054814 0.000533694 -0.000654871
internal_weight=577583 50722 526861 2368 524493 21555 2318 29167 53614 470879 23808 1818 19237 5359
internal_count=577583 50722 526861 2368 524493 21555 2318 29167 53614 470879 23808 1818 19237 5359
is_linear=0
shrinkage=0.03


Tree=178
num_leaves=15
num_cat=0
split_feature=2 4 9 8 2 8 3 9 4 3 1 1 0 7
split_gain=5.58269 4.62892 4.9735 9.01625 5.22667 3.85155 4.09692 2.49913 1.90515 1.65012 1.25385 1.20491 0.907628 0.318549
threshold=0.0072123597952773238 0.93995918758982899 -0.075049909925796729 -1.3591092747993641e-05 0.00064147182141194238 -0.00088891685075825108 0.0016150074558966413 -0.29036745365188998 0.24387872948865988 0.014111927539686916 -0.45624223231875305 1.4037457031366987 -0.11391254237135338 -2.4364751428984402e-09
decision_type=10 8 10 10 10 8 10 10 10 10 10 10 10 10
left_child=1 2 3 -1 -4 -3 -7 9 11 12 -10 -9 -2 -11
right_child=7 5 4 -5 -6 6 -8 8 10 13 -12 -13 -14 -15
leaf_value=-1.3147857725616897e-06 -1.1033637953809308e-06 8.4697037886100028e-06 -1.8681230132511171e-07 2.2745085571856028e-09 6.744386995498104e-07 7.8225106096159258e-08 -1.0083761609624165e-06 4.0500545619117753e-05 -3.3416702907972703e-06 3.1979780262927823e-05 1.8906789994195493e-05 2.0767648196469952e-06 -1.7426242714056361e-05 1.4168229362785477e-05
leaf_weight=22451 1187 1626 29719 250653 162878 34465 69129 2022 723 348 1578 341 301 344
leaf_count=22451 1187 1626 29719 250653 162878 34465 69129 2022 723 348 1578 341 301 344
internal_value=1.45385e-06 -8.65954e-06 3.18352e-05 -5.03306e-05 0.000148655 -0.000188444 -0.000211729 0.000852641 0.0012439 0 0.000586759 0.00185335 -0.000548732 0.00121368
internal_weight=577765 570921 465701 273104 192597 105220 103594 6844 4664 2180 2301 2363 1488 692
internal_count=577765 570921 465701 273104 192597 105220 103594 6844 4664 2180 2301 2363 1488 692
is_linear=0
shrinkage=0.03


Tree=179
num_leaves=15
num_cat=0
split_feature=2 5 1 2 5 6 10 2 1 7 6 7 6 6
split_gain=6.2747 6.13277 4.66843 4.01862 3.99029 3.64695 3.27585 3.43482 5.08539 2.46549 2.45302 2.25646 1.04744 1.54208
threshold=0.00082374001072606597 -0.70370662564784181 -1.1507480556071181 0.0056945744615923216 1.0728206273978222 0.10742105800794378 0.70710678118682402 0.00011970909161247253 -1.2654285975002018 -1.6513839209216929e-08 1.1640257453119969 -9.9372787435071738e-10 -0.62325038720486503 0.026329735799870416
decision_type=8 10 10 8 10 10 8 10 10 10 10 10 10 10
left_child=6 3 5 10 -4 -3 7 8 -1 -5 -2 -9 -8 -14
right_child=1 2 4 9 -6 -7 12 11 -10 -11 -12 -13 13 -15
leaf_value=9.7151568611396431e-08 1.5756831074252203e-06 -2.9210323897728848e-07 3.7380891423040743e-07 5.3509962676289188e-05 -3.8029295506067805e-07 -1.7531528648572487e-06 -1.7252645852727294e-07 -6.8292658875302473e-07 -1.6178367834110682e-07 1.1586132226487127e-05 -1.5457679383463457e-06 -2.0802776877278397e-07 5.1257767346895744e-07 -1.1862384361937753e-08
leaf_weight=302 31942 35707 231225 1005 108861 20141 3842 25392 1549 1452 5978 93597 7563 8686
leaf_count=302 31942 35707 231225 1005 108861 20141 3842 25392 1549 1452 5978 93597 7563 8686
internal_value=-2.61723e-05 2.99229e-05 -5.84931e-06 0.000382103 3.57428e-05 -0.00026016 -0.000200254 -0.000259412 -0.00154433 0.00156141 0.000303717 -0.000238792 0.00015253 0.000259795
internal_weight=577242 436311 395934 40377 340086 55848 140931 120840 1851 2457 37920 118989 20091 16249
internal_count=577242 436311 395934 40377 340086 55848 140931 120840 1851 2457 37920 118989 20091 16249
is_linear=0
shrinkage=0.03


Tree=180
num_leaves=15
num_cat=0
split_feature=2 1 2 8 7 6 6 2 4 1 1 7 6 8
split_gain=5.40257 6.10953 4.64803 3.96859 4.99361 4.24988 3.54817 2.8264 2.82472 3.13714 2.49993 2.0407 1.98673 1.96506
threshold=0.0010146986049956734 -1.2161792003998453 0.0053940208967316544 -1.6874663176910741e-06 1.9542529868955239e-08 2.0695244849081802 -1.4244083897868476 0.00016848823110797654 -0.54440592124634979 -2.9335714081676865 2.5340792964142165 -4.6099734504939354e-09 -0.14800546444582083 -0.00011586719937976256
decision_type=8 8 10 8 10 10 8 10 8 10 10 10 10 10
left_child=3 8 6 4 7 10 -3 -1 13 -10 -5 -4 -6 -2
right_child=1 2 11 5 12 -7 -8 -9 9 -11 -12 -13 -14 -15
leaf_value=-3.9564287047839642e-07 -3.6721569280025544e-06 -1.5240494095028993e-06 1.6700001565096197e-05 -3.7122859650870591e-08 -7.0707151961630403e-07 -1.6968102697968158e-06 4.1412961228538709e-07 -8.4191587128852072e-07 -5.3636765679492074e-06 -1.1420549142778088e-06 -1.1210211741397421e-06 5.2705454610625892e-06 9.8287958395781987e-07 3.9144458254486772e-07
leaf_weight=916 1295 8552 4942 156145 2720 1033 305621 30547 2158 28747 1336 7677 7656 18178
leaf_count=916 1295 8552 4942 156145 2720 1033 305621 30547 2158 28747 1336 7677 7656 18178
internal_value=-4.36339e-07 6.63344e-05 0.000113867 -0.000126431 -0.000386533 -5.73793e-05 9.09597e-05 -0.00057516 -0.000240772 -0.000419214 -4.43454e-05 0.000678914 0.000179665 3.9419e-05
internal_weight=577523 377170 326792 200353 41839 158514 314173 31463 50378 30905 157481 12619 10376 19473
internal_count=577523 377170 326792 200353 41839 158514 314173 31463 50378 30905 157481 12619 10376 19473
is_linear=0
shrinkage=0.03


Tree=181
num_leaves=15
num_cat=0
split_feature=0 2 2 5 10 7 6 5 5 1 0 1 1 4
split_gain=5.25709 6.52378 4.84921 6.76832 4.37826 3.05741 2.95024 2.90961 2.51125 1.7823 1.62292 1.55288 1.27027 1.14587
threshold=-0.26140911430933872 0.0072123597952773238 0.00115280101907767 1.0728206273978222 0.70710678118714465 -2.7858647544514521e-10 0.30212483969124909 1.4586853984590273 0.59735084349351852 -1.7314080928878972 -0.49187374687867924 -2.9335714081676865 -0.70544155486875504 -0.86138421729900316
decision_type=8 10 10 10 8 8 10 10 10 10 10 8 10 10
left_child=5 2 4 -4 -2 10 11 -8 9 -3 12 -7 -1 -10
right_child=1 8 3 -5 -6 6 7 -9 13 -11 -12 -13 -14 -15
leaf_value=-1.0111444723057717e-05 -1.5417620610020116e-07 -8.3225986890059593e-06 8.3070750114833118e-07 -4.2870864809011059e-07 4.2615512609058022e-07 -4.4130226913285058e-06 -2.8638984605315819e-06 7.7638434187676427e-07 2.1527726144206677e-05 3.5332873977994617e-05 2.1736464620766912e-06 -4.9474331724852022e-07 -7.3580446426213203e-07 -5.1752880227209959e-07
leaf_weight=353 207035 313 202338 86928 17777 819 9583 1949 582 2655 9182 34886 684 1939
leaf_count=353 207035 313 202338 86928 17777 819 9583 1949 582 2655 9182 34886 684 1939
internal_value=4.45035e-06 3.46667e-05 2.35524e-05 0.000104869 -8.08106e-05 -0.000267706 -0.000369928 -0.000789118 0.00106274 0.00165816 0.000198846 -0.000232675 -0.000905444 0.000334255
internal_weight=577023 519567 514078 289266 224812 57456 47237 11532 5489 2968 10219 35705 1037 2521
internal_count=577023 519567 514078 289266 224812 57456 47237 11532 5489 2968 10219 35705 1037 2521
is_linear=0
shrinkage=0.03


Tree=182
num_leaves=15
num_cat=0
split_feature=2 4 5 2 5 9 0 10 5 4 4 7 2 4
split_gain=4.52046 4.27004 4.1451 5.68242 3.01163 3.01088 2.71125 2.63499 2.38062 1.67349 1.27983 1.30509 1.27344 0.722689
threshold=0.0065335628254655168 0.91330953844422946 0.12181798009404948 0.00011970909161247253 -0.21609831453108497 -0.24528846093507548 0.41595355304824694 -0.70710678118538028 1.3605597736645239 0.60052466197567644 -0.87368181033791614 -3.3550851859996808e-06 0.00060032507192564466 0.17739986582358791
decision_type=8 8 10 10 10 8 10 10 10 10 10 10 10 10
left_child=1 2 3 -1 5 13 7 -3 -4 -7 -6 -12 -8 -2
right_child=4 6 8 -5 10 9 12 -9 -10 -11 11 -13 -14 -15
leaf_value=-3.6978222813492875e-07 1.2131683731572727e-05 -1.4968150409043247e-07 -1.4483426591927637e-08 4.3481655631110617e-07 1.413595920476601e-05 5.4326186933696049e-05 -1.2901999295879357e-06 -7.3078587428152523e-07 -4.8563423536329831e-07 1.2607225634592714e-05 -2.1117379039763326e-05 2.9711868747248701e-06 2.008747378353599e-06 -1.5989436692129664e-05
leaf_weight=516 387 44068 267460 132471 1262 1294 495 58765 58535 919 352 4518 5894 434
leaf_count=516 387 44068 267460 132471 1262 1294 495 58765 58535 919 352 4518 5894 434
internal_value=-1.88091e-05 -2.95769e-05 1.04185e-05 0.000151673 0.000641456 0.00141721 -0.000198184 -0.000235816 -4.70238e-05 0.0019919 0.000246174 1.22951e-05 0.000397562 -6.4982e-05
internal_weight=577370 568204 458982 132987 9166 3034 109222 102833 325995 2213 6132 4870 6389 821
internal_count=577370 568204 458982 132987 9166 3034 109222 102833 325995 2213 6132 4870 6389 821
is_linear=0
shrinkage=0.03


Tree=183
num_leaves=15
num_cat=0
split_feature=0 5 2 10 2 5 9 2 5 6 0 9 0 6
split_gain=4.74416 6.3876 5.67113 4.13658 3.36617 3.47565 2.99817 2.94147 2.35746 4.02543 1.718 1.45636 0.584828 0.587162
threshold=-0.27002110552772557 -0.86058845968578157 0.00090327586612225588 0.70710678118628645 0.0002811199083325127 1.0728206273978222 0.28158918519705994 0.00020362843610001645 1.5033922701039684 0.22316035690076144 -0.41785930353900136 -0.68755304707201925 -0.28477987131608362 0.28579795542657577
decision_type=8 8 10 10 10 8 8 10 8 10 10 8 10 10
left_child=8 2 7 -4 6 -6 -3 -2 9 11 -11 -1 13 -10
right_child=1 4 3 -5 5 -7 -8 -9 12 10 -12 -13 -14 -15
leaf_value=-1.7837199735797063e-06 -9.5278864004879703e-07 -4.568148013571165e-08 5.4439109208050026e-06 1.5187671286902871e-06 1.4698197833729229e-07 -2.8982029243200113e-07 -3.9080159983936164e-07 -2.0892603249172138e-07 1.1683600359645355e-07 -4.2635438662144353e-06 -1.4577305118616672e-06 -3.1627823637422946e-07 -1.8623455900128901e-06 3.3154611298460413e-06
leaf_weight=3035 353 9126 8607 10765 333618 152847 3268 5936 1727 3510 10064 31945 402 2148
leaf_count=3035 353 9126 8607 10765 333618 152847 3268 5936 1727 3510 10064 31945 402 2148
internal_value=-9.34251e-06 1.78445e-05 0.000479374 0.00073429 -5.78509e-06 6.53682e-06 -0.000493873 -0.000296238 -0.00028035 -0.000340499 -0.000780035 -0.000168048 0.000387684 0.000509653
internal_weight=577351 524520 25661 19372 498859 486465 12394 6289 52831 48554 13574 34980 4277 3875
internal_count=577351 524520 25661 19372 498859 486465 12394 6289 52831 48554 13574 34980 4277 3875
is_linear=0
shrinkage=0.03


Tree=184
num_leaves=15
num_cat=0
split_feature=9 8 7 2 6 4 0 2 10 0 4 6 7 10
split_gain=4.99009 6.47754 5.43905 5.10764 4.43031 4.23654 3.93492 3.47887 3.21125 3.00303 2.84889 2.01556 2.43095 1.78163
threshold=-0.1791112334813055 -3.322844840325407e-05 -2.5745979527070326e-11 0.0032199994317876884 0.80396230370534039 1.4491617233152267 -0.19125639935926084 0.00075012056136151777 0.70710678118644343 -0.31406152224104178 -0.42864235430652997 -1.1150828208957237 -4.8478504408710517e-08 -0.70710678118522907
decision_type=8 10 10 10 10 10 8 10 10 10 10 8 10 10
left_child=1 11 5 6 8 -3 13 -8 -5 -6 -4 12 -1 -2
right_child=3 2 10 4 9 -7 7 -9 -10 -11 -12 -13 -14 -15
leaf_value=-9.798580669522902e-06 -3.857416432682666e-07 4.518659322703411e-07 -4.7287671807648361e-08 9.158135594217938e-06 -1.1532407316202704e-05 -6.3296576332777655e-06 -1.2655690016379038e-07 3.4782135113401377e-07 2.7768976162899625e-06 4.6177441049400306e-07 -5.9017126685084537e-07 -1.4649683724981811e-06 -1.8264469785003273e-06 -1.5976813903883468e-06
leaf_weight=311 14465 75557 65342 10565 741 976 67300 212782 12129 10045 87264 10700 947 7916
leaf_count=311 14465 75557 65342 10565 741 976 67300 212782 12129 10045 87264 10700 947 7916
internal_value=-7.95425e-06 -0.000112183 -7.63521e-05 6.667e-05 0.000418334 0.000129574 2.7533e-05 5.83094e-05 0.000656448 -7.72508e-05 -0.00018002 -0.000793115 -0.00194953 -0.000354785
internal_weight=577040 241097 229139 335943 33480 76533 302463 280082 22694 10786 152606 11958 1258 22381
internal_count=577040 241097 229139 335943 33480 76533 302463 280082 22694 10786 152606 11958 1258 22381
is_linear=0
shrinkage=0.03


Tree=185
num_leaves=15
num_cat=0
split_feature=1 0 5 7 10 8 8 10 1 1 7 0 8 8
split_gain=4.08028 3.38738 4.54542 3.30948 2.83374 2.39875 1.93652 1.67256 1.42359 1.36531 1.0847 0.972746 0.863518 0.658518
threshold=-1.2654285975002018 -0.24504761504666431 -0.86058845968578157 9.309216338370375e-12 0.70710678118688575 -9.6918980638471762e-05 -4.0938123897448379e-07 0.70710678119057335 -2.6905755353592253 -0.24129575748225549 -5.4549720937176037e-07 -0.41785930353900136 -4.7838384688345485e-08 -0.00077172310326569036
decision_type=8 8 8 10 8 10 10 8 10 10 10 10 10 10
left_child=5 3 6 11 -4 10 -3 8 -7 -5 -1 -2 -9 -12
right_child=1 2 4 9 -6 7 -8 12 -10 -11 13 -13 -14 -15
leaf_value=-1.1003329870957831e-05 -1.0505810102494339e-06 2.8907788693583574e-06 -2.1268877217151694e-09 -5.9943739301791352e-07 4.4382908128957963e-07 -1.4086622758701093e-06 4.6405386618801545e-07 1.7244004472541273e-07 -2.9486984880814415e-07 -2.1803861262633681e-06 3.9303413072553968e-06 1.2081840087893145e-07 3.2736935795712833e-06 -1.8797654428305094e-06
leaf_weight=438 4974 10036 398233 8229 39480 6635 12815 348 54108 12539 336 25994 322 2844
leaf_count=438 4974 10036 398233 8229 39480 6635 12815 348 54108 12539 336 25994 322 2844
internal_value=-9.86246e-06 1.84459e-05 4.44098e-05 -0.000211495 2.27267e-05 -0.00023376 0.000456935 -0.000188236 -0.000205619 -0.000504476 -0.000987321 -1.2977e-05 0.00127941 -0.000761755
internal_weight=577331 512300 460564 51736 437713 65031 22851 61413 60743 20768 3618 30968 670 3180
internal_count=577331 512300 460564 51736 437713 65031 22851 61413 60743 20768 3618 30968 670 3180
is_linear=0
shrinkage=0.03


Tree=186
num_leaves=13
num_cat=0
split_feature=2 6 10 2 7 8 2 3 1 7 1 6
split_gain=4.51937 4.15171 3.95822 4.26675 1.35854 1.52939 1.49871 1.33165 1.1559 1.10568 0.784148 0.621194
threshold=0.010578366677787563 -1.4244083897868476 0.70710678118707815 0.0016346348072455014 -1.1908298347134773e-11 -5.915235060719715e-05 0.00016848823110797654 0.034310187099720973 1.596198889090285 -2.4061777814115171e-08 -0.98729432839113662 0.46234461789423259
decision_type=10 8 8 10 8 10 10 10 10 10 10 10
left_child=1 4 3 -3 5 -1 -6 9 -4 -2 -11 -9
right_child=7 2 8 -5 6 -7 -8 11 -10 10 -12 -13
leaf_value=-3.993996047353787e-06 4.5415421007334434e-05 -1.3907052204066018e-07 5.8151154136026524e-07 4.6487297469822498e-07 6.2214559430465009e-08 -2.7798182011678355e-08 -1.2831878337317319e-06 9.8044372097627015e-05 -6.192575051601635e-07 -7.1175760823755063e-06 1.1247795786916031e-05 3.4490072417774858e-05
leaf_weight=311 491 318657 32420 203540 414 6619 11219 333 1738 418 631 301
leaf_count=311 491 318657 32420 203540 414 6619 11219 333 1738 418 631 301
internal_value=-4.76172e-06 -1.00395e-05 4.58332e-06 -1.57754e-05 -0.0004513 -0.000108069 -0.000650348 0.00135714 0.00031749 0.000812903 0.000192635 0.0025528
internal_weight=577092 574918 556355 522197 18563 6930 11633 2174 34158 1540 1049 634
internal_count=577092 574918 556355 522197 18563 6930 11633 2174 34158 1540 1049 634
is_linear=0
shrinkage=0.03


Tree=187
num_leaves=15
num_cat=0
split_feature=2 5 10 4 8 6 6 2 4 5 4 6 5 2
split_gain=3.96504 5.82489 3.31863 3.22218 3.21224 3.45129 2.91542 2.82147 2.53009 2.11051 1.43321 1.28482 2.04589 1.26109
threshold=0.0020796610785449852 -0.30512237499055017 0.70710678118707815 0.79670933663969012 0.0009108391631100567 2.0695244849081802 0.39720019745114149 0.0056945744615923216 1.2630300176805003 1.2933641831562153 -0.78362668427834481 -0.64452810043671505 1.0261917318827904 0.0044453775671086182
decision_type=8 10 8 8 10 10 10 10 8 10 10 10 10 10
left_child=2 3 4 7 5 -1 -5 -2 9 -3 -6 12 -4 -10
right_child=1 8 11 6 10 -7 -8 -9 13 -11 -12 -13 -14 -15
leaf_value=-1.3611171402777478e-07 3.4553614405851078e-06 9.1334274542197154e-07 1.8326314386466352e-07 3.0953802880872521e-06 4.7651842802311759e-06 -1.5879051694475966e-06 -3.0324277589113478e-06 2.1674766866864585e-05 -2.8572954293167391e-06 -8.6862588132646545e-07 7.1883687663186767e-07 5.3005163803824854e-07 -1.0404562766690853e-06 5.1023887199227271e-06
leaf_weight=384631 22118 79592 4341 5070 3152 2750 5282 2850 8517 25510 5205 24837 1397 1681
leaf_count=384631 22118 79592 4341 5070 3152 2750 5282 2850 8517 25510 5205 24837 1397 1681
internal_value=3.11989e-08 0.000132444 -4.66125e-05 0.000469573 -6.99991e-05 -8.26916e-05 1.85292e-05 0.000654096 2.86185e-05 7.28937e-05 0.000510577 0.000254046 -0.000143006 -0.000421434
internal_weight=576933 150620 426313 35320 395738 387381 10352 24968 115300 105102 8357 30575 5738 10198
internal_count=576933 150620 426313 35320 395738 387381 10352 24968 115300 105102 8357 30575 5738 10198
is_linear=0
shrinkage=0.03


Tree=188
num_leaves=15
num_cat=0
split_feature=0 2 5 1 2 1 8 1 1 8 2 5 3 3
split_gain=3.9824 3.9001 4.33223 3.12334 5.03592 2.85355 2.60511 2.11761 1.70338 1.24291 1.16188 1.13206 1.09515 0.728891
threshold=-0.43706957243055433 0.0053940208967316544 -0.30512237499055017 -0.099657680365004539 0.00096225791866100035 -1.2161792003998453 -1.1587267120551709e-05 1.0000000180025095e-35 1.596198889090285 -2.7966531414230245e-07 0.0010599949820247893 0.99921025247329687 0.00065356364601148315 0.00036320989729176045
decision_type=8 8 10 8 10 8 10 10 10 8 10 8 10 10
left_child=7 3 5 6 -5 -3 -2 10 -4 -9 12 -11 -1 -12
right_child=1 2 8 4 -6 -7 -8 9 -10 11 13 -13 -14 -15
leaf_value=1.5885555298462715e-06 -7.5723288469303282e-07 -1.2116924417662552e-06 3.1817592417282298e-06 -1.4375988070369422e-07 5.5144902299961712e-07 2.6770304745661306e-05 -9.5862442957928768e-08 -3.0808706280994859e-06 -1.3635967033446445e-05 -3.7828124444664067e-06 -5.7058024794174448e-06 -1.1668593559093609e-06 -3.635465588871469e-07 -1.3838426963982976e-06
leaf_weight=464 31867 981 10147 105793 201124 3514 213816 2169 682 976 368 302 620 4120
leaf_count=464 31867 981 10147 105793 201124 3514 213816 2169 682 976 368 302 620 4120
internal_value=-6.83245e-06 3.00035e-06 0.000475023 -9.98896e-06 5.37001e-05 0.0012586 -8.9795e-05 -0.000631964 0.000143371 -0.00122013 -0.000255822 -0.00198913 0.000597806 -0.000476212
internal_weight=576943 567924 15324 552600 306917 4495 245683 9019 10829 3447 5572 1278 1084 4488
internal_count=576943 567924 15324 552600 306917 4495 245683 9019 10829 3447 5572 1278 1084 4488
is_linear=0
shrinkage=0.03


Tree=189
num_leaves=14
num_cat=0
split_feature=7 4 5 4 9 5 7 9 5 10 6 5 0
split_gain=4.07963 3.18432 3.35005 4.02115 3.02527 3.79234 3.02022 2.33868 2.78155 2.26877 0.43326 0.939065 0.306504
threshold=-7.2602393155307313e-06 1.4704823522407622 -1.0000000180025095e-35 -0.044798243980802781 0.11320752482033437 -0.013974087933262906 -4.3451327836669021e-08 0.86325131790164367 1.2435403291983005 0.70710678118689374 1.1369503149029454 0.7298001281443639 0.35075022374185055
decision_type=8 8 8 10 8 8 10 10 10 8 10 10 10
left_child=7 2 3 -2 6 -6 -3 8 12 -4 -9 -12 -1
right_child=1 4 9 -5 5 -7 -8 10 -10 -11 11 -13 -14
leaf_value=3.0333988658010998e-05 8.6632465092289303e-07 -8.9693659210262661e-06 -1.3077169663082618e-07 -2.4283244092654153e-08 -1.3278259755026955e-06 3.9912892679171431e-07 -1.4760510950661081e-06 9.7018723288536125e-06 -7.7964289172606424e-06 2.8771261590171828e-07 -9.2279509431588424e-06 9.4180282050345471e-06 1.2704713052396489e-05
leaf_weight=1347 64262 316 363311 79402 6667 13229 11474 584 390 34632 850 376 1129
leaf_count=1347 64262 316 363311 79402 6667 13229 11474 584 390 34632 850 376 1129
internal_value=-3.07278e-06 -1.03819e-05 6.61353e-06 0.00013088 -0.000302688 -7.35457e-05 -0.000683898 0.000878361 0.00141029 -3.81e-05 4.91247e-13 -0.000286408 0.00178842
internal_weight=577969 573293 541607 143664 31686 19896 11790 4676 2866 397943 1810 1226 2476
internal_count=577969 573293 541607 143664 31686 19896 11790 4676 2866 397943 1810 1226 2476
is_linear=0
shrinkage=0.03


Tree=190
num_leaves=15
num_cat=0
split_feature=9 7 2 5 0 7 8 8 8 1 1 2 9 1
split_gain=3.71305 6.13436 5.33835 6.86039 4.98012 3.70381 6.29716 3.65293 2.63371 2.61725 2.25918 2.30426 1.54615 1.16783
threshold=-0.31192239198428279 -2.0789220224712866e-11 0.0017098126415121353 1.0396750044919298 -0.28477987131608362 -9.9372787435071738e-10 1.6125959750814459e-05 -0.00061305886690057149 -0.00045718737697021276 -2.2679108389856641 0.1322494129010934 0.00016848823110797654 1.1708651425950649 1.4602798168996498
decision_type=8 8 10 10 10 8 10 10 10 10 10 10 10 10
left_child=1 8 5 4 -4 6 -2 -7 -1 -10 11 -3 -5 -12
right_child=2 10 3 12 -6 7 -8 -9 9 -11 13 -13 -14 -15
leaf_value=-8.0689670430272628e-06 -9.6946162093375631e-07 7.7536740384953338e-08 -2.1701249966882738e-06 -8.0607527833107977e-07 2.1482127230228603e-06 3.5470166326746646e-06 9.6087786086972639e-08 2.7478714593754342e-08 -1.6318775967103661e-06 6.4349761865402071e-07 -9.0234485322575683e-07 -4.686664051746113e-07 2.9861078385293278e-06 -1.6260308057838009e-06
leaf_weight=354 38528 1096 6652 42164 93249 2852 37660 198201 4454 48544 15055 83766 3745 994
leaf_count=354 38528 1096 6652 42164 93249 2852 37660 198201 4454 48544 15055 83766 3745 994
internal_value=-6.0382e-06 -0.000132116 3.97957e-05 0.000186806 0.000326451 -3.73092e-05 -0.000215517 2.99309e-05 0.000127282 0.000145789 -0.000269855 -0.000206994 -0.000115769 -0.000598169
internal_weight=577314 154263 423051 145810 99901 277241 76188 201053 53352 52998 100911 84862 45909 16049
internal_count=577314 154263 423051 145810 99901 277241 76188 201053 53352 52998 100911 84862 45909 16049
is_linear=0
shrinkage=0.03


Tree=191
num_leaves=15
num_cat=0
split_feature=4 8 7 3 3 5 5 8 9 9 7 10 9 6
split_gain=3.68715 7.24233 6.66821 6.05687 3.94886 3.40851 2.86126 2.79939 2.71142 2.61007 2.12967 2.10142 1.91546 1.8913
threshold=-0.067989236129265815 -0.00027833192799970767 -5.9836212032710978e-08 0.0084034722696372591 0.0016761147312243259 -0.013974087933262906 1.4103453744823895 -1.3591092747993641e-05 1.8073740499889293 -0.2007353311848484 2.3798316201327881e-06 -0.70710678117854597 0.29853382866015971 -1.5396194406764774
decision_type=8 8 10 10 10 10 10 10 10 10 10 8 10 8
left_child=3 2 -2 5 13 11 8 -7 -5 -6 -4 -1 -8 -3
right_child=1 4 10 6 9 7 12 -9 -10 -11 -12 -13 -14 -15
leaf_value=1.0740555343459052e-06 -7.7177687074562004e-07 -1.2284535687958337e-06 2.7225106075246126e-06 4.4592741870196405e-06 -1.4249058262185934e-06 -5.5452054356877821e-07 1.3600324258069699e-06 2.8546046614873678e-08 -7.3429181083635284e-06 -4.5787658741559119e-07 1.5174546486497755e-05 8.3638169821693945e-08 -6.8933707344965806e-06 3.1937410858222605e-08
leaf_weight=26352 8151 2132 10034 22721 41161 40191 2416 152703 951 126044 1843 28774 1052 112791
leaf_count=26352 8151 2132 10034 22721 41161 40191 2416 152703 951 126044 1843 28774 1052 112791
internal_value=-1.75014e-05 -8.99307e-05 0.000460525 6.18163e-05 -0.000129235 1.49982e-05 0.000487293 -4.41982e-05 0.00060603 -0.000222289 0.000914613 0.000223194 -0.000305348 5.63807e-06
internal_weight=577316 302156 20028 275160 282128 248020 27140 192894 23672 167205 11877 55126 3468 114923
internal_count=577316 302156 20028 275160 282128 248020 27140 192894 23672 167205 11877 55126 3468 114923
is_linear=0
shrinkage=0.03


Tree=192
num_leaves=15
num_cat=0
split_feature=0 2 4 2 8 1 1 1 6 8 1 10 6 4
split_gain=4.87725 3.7013 3.62747 5.14589 4.01129 3.07738 2.11619 1.37221 1.11585 0.856197 1.05515 0.708977 0.454906 0.264094
threshold=-0.43706957243055433 0.010578366677787563 0.91330953844422946 0.0012258898326818672 -0.00045718737697021276 -0.07915857879507264 -1.1045052178353372 -0.31383848469868209 0.2780384279534181 -2.1893686888640825e-06 1.3003245472371063 0.7071067811864522 -0.16164713825362484 -0.48723105887970125
decision_type=8 10 8 10 8 10 10 10 10 8 10 10 10 10
left_child=5 2 3 -2 -4 7 -3 8 -1 10 -7 -11 -9 -8
right_child=1 6 4 -5 -6 9 13 12 -10 11 -12 -13 -14 -15
leaf_value=-2.0189065780965001e-07 -9.6148160621119354e-08 -2.6585442684054015e-06 3.9407535947716966e-06 5.8187751740649668e-07 -4.1835624458100206e-07 3.5185702987964038e-07 7.1199864678496753e-05 5.8150425235366153e-06 -3.7598051691871905e-06 -4.1773667788368046e-06 -1.2799345367582125e-05 -8.6989893536950137e-07 1.5868426169618407e-07 3.3624974245756438e-05
leaf_weight=3162 209582 534 4154 247527 104923 754 481 309 1597 2249 305 434 361 1116
leaf_count=3162 209582 534 4154 247527 104923 754 481 309 1597 2249 305 434 361 1116
internal_value=-6.09872e-06 4.87747e-06 6.35822e-08 3.72638e-05 -0.000155271 -0.000692081 0.00124988 -0.000221732 -0.000410149 -0.00135608 -0.000538821 -0.00165317 0.00101471 0.00179963
internal_weight=577488 568317 566186 457109 109077 9171 2131 5429 4759 3742 1059 2683 670 1597
internal_count=577488 568317 566186 457109 109077 9171 2131 5429 4759 3742 1059 2683 670 1597
is_linear=0
shrinkage=0.03


Tree=193
num_leaves=15
num_cat=0
split_feature=0 2 5 8 6 7 8 7 6 4 5 7 6 10
split_gain=3.3809 3.6657 6.43409 5.41498 3.09661 3.35557 2.69284 7.7467 2.78946 2.59277 2.5846 1.41862 1.68569 1.50927
threshold=-0.21413330697779645 0.0012258898326818672 1.0796470788858528 -2.4677871404692736e-07 0.093897078512878998 -9.9372787435071738e-10 -1.6874663176910741e-06 1.9542529868955239e-08 2.0695244849081802 -0.9537714184077436 1.3745077432634856 -1.9969978811302257e-10 -1.7958099853030471 0.70710678118682402
decision_type=8 10 8 10 10 10 10 8 10 10 10 8 8 10
left_child=4 6 3 -3 11 -6 7 -2 -8 -4 -7 13 -13 -1
right_child=1 2 9 -5 5 10 8 -9 -10 -11 -12 12 -14 -15
leaf_value=1.2012497681411112e-06 -6.6778707122820146e-07 1.7918303303616236e-06 8.7554223339080704e-07 1.9731317501739871e-07 1.5043490920459392e-06 -1.7954931716092004e-06 8.2379315631567936e-10 7.9367671747337267e-07 -1.4505246915402404e-06 -8.299096044461333e-07 4.7323709554729736e-08 -1.6760268229189194e-06 -1.8997634388525259e-07 8.3286153655661703e-06
leaf_weight=8816 38878 81338 15903 100099 4534 20259 177659 14390 1239 60173 5357 1954 46063 458
leaf_count=8816 38878 81338 15903 100099 4534 20259 177659 14390 1239 60173 5357 1954 46063 458
internal_value=-9.51259e-06 2.10623e-05 9.90902e-05 0.000196322 -0.000181404 -0.000427719 -6.52264e-05 -0.000252487 -9.12201e-06 -0.000132009 -0.000561695 -5.06797e-05 -0.000117184 0.000286945
internal_weight=577120 489679 257513 181437 87441 30150 232166 53268 178898 76076 25616 57291 48017 9274
internal_count=577120 489679 257513 181437 87441 30150 232166 53268 178898 76076 25616 57291 48017 9274
is_linear=0
shrinkage=0.03


Tree=194
num_leaves=15
num_cat=0
split_feature=5 0 2 1 4 8 7 6 8 4 7 6 4 7
split_gain=3.77517 4.81561 5.43299 7.09266 3.87838 2.61379 3.84404 4.33615 1.92928 1.63691 1.6011 1.58964 3.03099 2.66922
threshold=1.1310584580206964 -0.38779696343920089 0.0041896435610545828 -1.9462096604902357 -0.067989236129265815 -0.00050223480137287057 -4.7584929793807629e-07 1.1640257453119969 -0.0010393352949251528 -0.83540279305301157 -1.3130480031283949e-06 -0.16841851454265996 -1.2017328445652236 -8.2932654053274175e-09
decision_type=10 8 8 8 10 10 10 10 10 10 10 10 10 10
left_child=1 11 4 -4 -3 6 7 -2 -8 10 -7 12 -1 -13
right_child=5 2 3 -5 -6 9 8 -9 -10 -11 -12 13 -14 -15
leaf_value=-4.1968879917685043e-06 -6.5849631687777006e-06 2.7292805362978713e-07 -8.2511729299925399e-06 7.1238371509888328e-06 -1.1234265322371018e-07 6.9714615798422537e-06 6.6990768241413636e-06 8.5237903641388217e-07 -1.1995491310297734e-06 -3.2387165271493065e-07 7.1912832040617059e-08 3.5739190557929714e-07 1.9501891155754094e-07 -3.3825022040527483e-06
leaf_weight=557 2950 180478 1797 20187 210419 860 1126 1324 2961 108257 35835 330 4587 5404
leaf_count=557 2950 180478 1797 20187 210419 860 1126 1324 2961 108257 35835 330 4587 5404
internal_value=-3.51423e-06 4.25326e-05 5.90858e-05 0.00051805 3.31076e-05 -0.000131174 -0.000647951 -0.00127591 0 -0.000100909 7.11075e-05 -0.000579721 -0.000181607 -0.000925487
internal_weight=577072 423759 412881 21984 390897 153313 8361 4274 4087 144952 36695 10878 5144 5734
internal_count=577072 423759 412881 21984 390897 153313 8361 4274 4087 144952 36695 10878 5144 5734
is_linear=0
shrinkage=0.03


Tree=195
num_leaves=15
num_cat=0
split_feature=4 3 9 3 8 5 2 9 9 0 0 9 5 2
split_gain=4.08068 4.23309 5.47527 3.68051 3.67389 3.44993 7.847 2.74212 1.8281 1.86561 1.79109 1.72842 1.45246 1.07477
threshold=0.91330953844422946 0.022649684052356862 1.2335471843947161 0.0013073412751030439 -0.00045718737697021276 0.18843418256151132 0.00011970909161247253 1.6386091515050356 0.77646022821925842 0.21651560947163531 0.13730035815895272 -0.57509857845416956 1.2496948667500878 0.0043132252855988254
decision_type=8 10 10 10 8 10 10 10 10 10 10 8 10 8
left_child=1 5 12 8 -5 6 -1 -6 11 -10 -7 -2 -3 -4
right_child=3 2 13 4 7 10 -8 -9 9 -11 -12 -13 -14 -15
leaf_value=-3.7799607438728408e-07 -3.6507079511560906e-06 2.7931335000412976e-05 -3.8849419453101254e-08 4.479906443742481e-06 -9.948799031721705e-07 2.3258001511258025e-08 4.6957624007815527e-07 1.6049137763440505e-06 -8.7663049617414e-07 7.7621952000210218e-07 -3.7450892198706453e-07 3.1898327893212333e-07 5.3344408845217738e-06 -1.2526294859925501e-05
leaf_weight=561 332 2917 702 3299 74246 254907 141863 3372 2329 1138 63865 26269 917 532
leaf_count=561 332 2917 702 3299 74246 254907 141863 3372 2329 1138 63865 26269 917 532
internal_value=6.65213e-07 3.96848e-05 0.000901536 -0.00016271 -0.000268242 3.00647e-05 0.000152871 -0.000310481 0.00011929 -0.000522865 -2.46187e-05 0.000205404 0.00146566 -0.000800643
internal_weight=577249 466264 5068 110985 80917 461196 142424 77618 30068 3467 318772 26601 3834 1234
internal_count=577249 466264 5068 110985 80917 461196 142424 77618 30068 3467 318772 26601 3834 1234
is_linear=0
shrinkage=0.03


Tree=196
num_leaves=14
num_cat=0
split_feature=2 5 10 4 3 7 4 7 1 2 5 6 1
split_gain=3.62148 3.07478 3.06753 3.26569 5.84901 2.40355 1.98149 1.24406 1.17588 1.12845 1.05886 0.92015 0.758909
threshold=0.0065335628254655168 -0.96576677965228408 0.70710678118707815 -0.067989236129265815 0.0020249963964159901 -3.9170373463584845e-09 -0.86138421729900316 -1.1029645173864227e-08 -1.7314080928878972 0.0018778711692193386 0.62769457231286763 0.45267255213197904 -0.39969414298635658
decision_type=8 10 8 8 10 10 10 10 10 10 10 10 10
left_child=2 7 3 4 -1 -5 12 -2 11 -10 -8 -4 -3
right_child=1 6 8 5 -6 -7 10 -9 9 -11 -12 -13 -14
leaf_value=-1.6618302720770653e-07 7.0253698970463587e-05 8.2546361617483959e-06 -1.4001015671370474e-06 -8.1818735543712219e-07 6.1247513149371968e-07 -1.4276507623193692e-07 7.814963182845744e-06 1.6625108050215935e-05 3.233197905878497e-07 3.5980630857819839e-06 -2.5459041612678579e-06 1.4158194329166731e-06 3.5316173025348686e-05
leaf_weight=114051 395 771 1284 40752 140069 238148 3627 366 28349 5195 3104 380 790
leaf_count=114051 395 771 1284 40752 140069 238148 3627 366 28349 5195 3104 380 790
internal_value=-3.62729e-06 0.000591195 -1.32198e-05 -3.12365e-05 4.63936e-05 -0.000102184 0.000413394 0.00242023 0.000257766 0.00029755 0.000178905 -0.000505376 0.00137874
internal_weight=577281 9053 568228 533020 254120 278900 8292 761 35208 33544 6731 1664 1561
internal_count=577281 9053 568228 533020 254120 278900 8292 761 35208 33544 6731 1664 1561
is_linear=0
shrinkage=0.03


Tree=197
num_leaves=15
num_cat=0
split_feature=0 4 3 0 1 2 5 5 1 9 3 4 5 9
split_gain=4.15349 3.41909 5.87318 3.33615 3.20755 2.7702 2.00385 1.62322 1.50901 1.51254 1.36233 1.33782 1.17362 1.09569
threshold=-0.46032408699521693 -0.42864235430652997 0.0020249963964159901 0.5424529159799284 -1.8864272593767051 0.0017905340730559665 -0.94253992232512129 0.82356884738504166 0.0091542684025621452 -0.66976046100938114 0.00051238793956718935 -0.70936951089250255 -0.17434119677653781 -0.08659131825879289
decision_type=8 10 8 10 8 10 8 10 10 8 10 8 8 10
left_child=8 2 7 -4 5 -3 -6 -2 9 11 -10 -1 -11 -12
right_child=1 4 3 -5 6 -7 -8 -9 10 12 13 -13 -14 -15
leaf_value=-2.6181488154797829e-07 7.2543045500066753e-08 -3.8566656283311014e-08 9.9965776345976433e-07 -2.0463036421552642e-06 1.0672353888817098e-06 -3.6236736043035424e-06 -1.0327204125984511e-07 -2.8969746180491668e-07 5.3365300982893119e-07 -3.3892909078229557e-06 -5.1124173211256455e-06 -6.1182086490040527e-06 6.827988048928074e-07 -5.9389519611177688e-07
leaf_weight=455 43051 5558 105081 6377 13587 7185 344158 44684 361 1114 1774 414 2226 494
leaf_count=455 43051 5558 105081 6377 13587 7185 344158 44684 361 1114 1774 414 2226 494
internal_value=-3.23661e-06 5.48719e-06 0.000105812 0.000250458 -4.82918e-05 -0.000516114 -3.14461e-05 -7.72694e-05 -0.000737734 -0.000364067 -0.00130959 -0.0014744 -5.37313e-05 -0.0015856
internal_weight=576519 569681 199193 111458 370488 12743 357745 87735 6838 4209 2629 869 3340 2268
internal_count=576519 569681 199193 111458 370488 12743 357745 87735 6838 4209 2629 869 3340 2268
is_linear=0
shrinkage=0.03


Tree=198
num_leaves=14
num_cat=0
split_feature=5 7 6 8 8 7 6 6 5 8 4 4 8
split_gain=3.53336 2.7335 2.56219 3.39001 2.46145 4.25638 2.95559 1.63447 1.34752 0.882314 0.735059 0.701431 0.356075
threshold=-1.0853427823898432 -7.2602393155307313e-06 1.1369503149029454 -0.00045718737697021276 -0.001235211267911418 -8.030763638123586e-07 0.3183288088801311 1.5747554493140605 0.79054848791057719 -0.0010393352949251528 0.18823151581253164 -0.044798243980802781 -0.00025721694337196068
decision_type=10 8 10 10 8 10 10 10 10 10 10 8 10
left_child=7 2 3 -2 5 -3 -6 9 -4 -1 -11 -9 -13
right_child=1 4 8 -5 6 -7 -8 11 -10 10 -12 12 -14
leaf_value=1.8032238502221502e-05 -1.1674651451839027e-05 -2.5531023411743843e-06 -9.8010953229688344e-06 2.0515870853497234e-05 3.9136143380333195e-08 8.1853355098986555e-06 -2.8710016572160456e-07 3.762341891696245e-06 1.1237604210150467e-05 2.9720629993587269e-06 1.0495384044899823e-06 -8.5142713536343958e-07 -3.8380560038998085e-06
leaf_weight=319 526 1989 894 2337 391044 3460 167471 579 512 4039 3418 368 460
leaf_count=319 526 1989 894 2337 391044 3460 167471 579 512 4039 3418 368 460
internal_value=-3.73035e-06 -1.32725e-05 0.000741762 0.00125931 -1.91073e-05 0.000614398 -2.54062e-05 0.000579571 -0.000271186 0.000752119 0.000672559 -0.000330275 -0.000909308
internal_weight=577416 568233 4269 2863 563964 5449 558515 9183 1406 7776 7457 1407 828
internal_count=577416 568233 4269 2863 563964 5449 558515 9183 1406 7776 7457 1407 828
is_linear=0
shrinkage=0.03


Tree=199
num_leaves=15
num_cat=0
split_feature=9 7 2 4 5 5 8 8 6 4 6 8 6 5
split_gain=3.57354 5.39809 4.14531 3.36033 4.0145 3.3566 3.30442 3.22953 2.16606 1.8677 1.63969 1.98107 1.48711 1.30114
threshold=-0.31192239198428279 -2.5745979527070326e-11 0.0082522769874591607 0.16624137569544603 0.95518542703454046 0.56732186844161026 -3.322844840325407e-05 -0.00030059726627098692 -0.073363204159186055 -0.4523792547881762 0.026329735799870416 -1.6874663176910741e-06 -1.231644501070831 0.43741522390888027
decision_type=10 8 10 10 10 10 10 10 8 10 10 10 8 10
left_child=1 6 3 4 -2 9 13 -5 -8 -4 12 -12 -3 -1
right_child=2 10 5 7 -6 -7 8 -9 -10 -11 11 -13 -14 -15
leaf_value=-6.1221500992028982e-06 6.0029371457920839e-07 -7.5077753529290008e-07 8.2432069040929426e-05 1.545989286122092e-06 -1.2839967827947702e-07 3.0476686891347619e-07 8.8434672633950132e-07 -1.817625455994454e-07 -4.7658929469206545e-07 2.263103008524362e-05 8.5946411739415847e-07 -1.0789552238659261e-06 -2.4101572570197768e-07 -1.3616426642293003e-06
leaf_weight=575 123919 15695 437 14708 77950 1415 36985 202565 12153 1401 2683 15800 68773 1668
leaf_count=575 123919 15695 437 14708 77950 1415 36985 202565 12153 1401 2683 15800 68773 1668
internal_value=-1.10068e-05 -0.000134623 3.40195e-05 2.55802e-05 0.000113801 0.0010996 0.000115701 -5.61112e-05 0.000168227 0.00194156 -0.000260137 -0.000518142 -0.000202917 -0.00100399
internal_weight=576727 154332 422395 419142 201869 3253 51381 217273 49138 1838 102951 18483 84468 2243
internal_count=576727 154332 422395 419142 201869 3253 51381 217273 49138 1838 102951 18483 84468 2243
is_linear=0
shrinkage=0.03


Tree=200
num_leaves=14
num_cat=0
split_feature=7 8 7 5 6 8 6 9 7 9 8 2 0
split_gain=3.10405 3.58278 4.77582 2.9209 2.87266 3.23081 2.704 7.24089 2.67393 1.21059 0.706284 0.531308 0.482136
threshold=-7.2602393155307313e-06 -0.001235211267911418 -5.4549720937176037e-07 0.90268653563475709 1.1090492808095871 -0.00088891685075825108 0.33571292713188955 -0.0039387269700512642 -3.1788619766178387e-11 1.0000000180025095e-35 0.0033453081166158285 0.0029117417943717201 0.4683469853715399
decision_type=8 8 10 10 10 10 10 10 8 10 10 10 10
left_child=4 2 3 -2 5 -1 8 -8 -3 -4 11 -6 -7
right_child=1 6 9 -5 10 12 7 -9 -10 -11 -12 -13 -14
leaf_value=-1.0684480454617697e-05 1.01339105482644e-05 3.1738418832959021e-07 -1.0958461259450064e-06 -5.0168135059359648e-06 3.7178770585977135e-06 2.4361287559748263e-05 -9.9884678833358907e-07 -2.8193809802999317e-08 -9.2058552862414358e-08 1.1457000469767915e-05 1.2472272316193709e-05 -6.8933102301002851e-06 1.2604982073661344e-05
leaf_weight=520 610 143286 425 1530 399 1425 46151 121937 255523 3259 539 781 1006
leaf_count=520 610 143286 425 1530 399 1425 46151 121937 255523 3259 539 781 1006
internal_value=-1.90578e-05 -2.54465e-05 0.000713747 -0.000390698 0.00075 0.00131915 -3.31589e-05 -0.0001341 9.23727e-06 0.00137087 -0.000194332 -0.000630252 0.00178451
internal_weight=577391 572721 5824 2140 4670 2951 566897 168088 398809 3684 1719 1180 2431
internal_count=577391 572721 5824 2140 4670 2951 566897 168088 398809 3684 1719 1180 2431
is_linear=0
shrinkage=0.03


Tree=201
num_leaves=14
num_cat=0
split_feature=3 0 9 7 2 9 6 7 7 4 1 0 7
split_gain=3.73855 3.50945 2.76208 4.04203 3.61256 1.5675 1.26014 1.84883 1.51121 0.496092 0.556846 0.373725 0.0591054
threshold=0.034310187099720973 -0.49187374687867924 -0.31192239198428279 -3.1788619766178387e-11 0.0017098126415121353 1.0134381442876355 0.23098440154773672 -1.1450505534308125e-09 -1.5386146631839896e-09 -0.15804085316935565 0.23751508233790883 0.24566465640556726 -3.3550851859996808e-06
decision_type=8 10 10 10 10 10 10 10 10 10 10 10 10
left_child=1 6 3 -3 -4 9 7 -1 -8 11 -11 -2 -7
right_child=5 2 4 -5 -6 12 8 -9 -10 10 -12 -13 -14
leaf_value=-5.7845738430303955e-06 7.4776603914036865e-05 3.2720082811240488e-07 -4.8802652056512482e-08 -3.6100885713609068e-07 8.7936343966364781e-07 1.033062302174706e-05 2.5175439006147702e-06 -2.1632086461117996e-07 -5.3377019884289576e-06 6.8210556269198274e-06 5.3049669492311429e-05 3.5832867913136683e-05 -1.9163676589359314e-06
leaf_weight=318 372 47923 277011 103199 142552 402 360 2401 1542 387 305 365 459
leaf_count=318 372 47923 277011 103199 142552 402 360 2401 1542 387 305 365 459
internal_value=-6.8455e-06 -1.17744e-05 -4.99391e-06 -0.000115052 3.45065e-05 0.0012 -0.000834377 -0.000386955 -0.00143724 0.00180959 0.00104274 0.0024257 0.000110218
internal_weight=577596 575306 570685 151122 419563 2290 4621 2719 1902 1429 692 737 861
internal_count=577596 575306 570685 151122 419563 2290 4621 2719 1902 1429 692 737 861
is_linear=0
shrinkage=0.03


Tree=202
num_leaves=13
num_cat=0
split_feature=2 6 9 5 2 1 1 2 5 1 8 3
split_gain=3.15026 2.85392 4.85316 2.78115 4.45227 2.08748 1.97118 1.91897 1.65105 1.40403 0.512389 0.446945
threshold=0.010578366677787563 0.8541285422705186 0.018212528284382471 -0.18749561318543048 0.0010220843988269902 -1.0249243297139012 2.7509153434900537 0.00044701160991356424 -0.17434119677653781 -0.51359553126048374 -7.1393440300785914e-06 0.013440732687436308
decision_type=10 10 10 8 8 10 10 10 10 10 10 10
left_child=1 3 9 4 -1 11 -5 -4 -7 -3 -10 -2
right_child=5 2 7 6 -6 8 -8 -9 10 -11 -12 -13
leaf_value=-1.5484005614853315e-07 -1.0075669273603261e-05 -1.1044557239967096e-06 -3.8125584761852769e-07 4.3875766659623972e-10 1.2930580192289312e-06 8.7743047388371727e-05 -1.978242115510342e-06 -4.6970705702663381e-08 7.2421283814249666e-06 -2.2965797036402018e-06 4.7904540880215989e-05 1.5296388728742531e-05
leaf_weight=34973 302 7773 3994 395653 70650 547 1205 55970 591 4541 450 322
leaf_count=34973 302 7773 3994 395653 70650 547 1205 55970 591 4541 450 322
internal_value=1.19172e-05 7.45343e-06 -0.000168659 3.29081e-05 0.00016972 0.00113951 -3.35628e-06 -5.61243e-05 0.00171965 -0.000711295 0.000919125 -0.000246057
internal_weight=576971 574759 72278 502481 105623 2212 396858 59964 1588 12314 1041 624
internal_count=576971 574759 72278 502481 105623 2212 396858 59964 1588 12314 1041 624
is_linear=0
shrinkage=0.03


Tree=203
num_leaves=11
num_cat=0
split_feature=3 4 3 10 1 8 3 6 6 4
split_gain=3.76609 3.24752 5.49733 4.51141 4.04314 3.58286 1.83495 1.4907 1.45529 1.00508
threshold=0.034310187099720973 -0.067989236129265815 0.0020719687383747147 -0.70710678118530901 -2.6905755353592253 -0.00018896303131475068 0.0016761147312243259 -1.3357877937884053 1.9286105341737312 0.95295253933982582
decision_type=8 8 10 10 10 8 10 10 10 10
left_child=1 2 7 -4 6 -6 -3 -1 9 -2
right_child=8 4 3 -5 5 -7 -8 -9 -10 -11
leaf_value=-5.0293049928940053e-07 4.6681759710613201e-05 -5.5738253607859303e-07 1.9271250951126209e-06 2.9028696110420292e-07 1.0773148107285243e-06 -1.8361219842841269e-07 -7.1752945137516778e-06 -5.5118785585000247e-08 -1.166868257531688e-06 9.3048270124542998e-06
leaf_weight=9124 1356 988 43890 101136 25350 272986 1507 119956 491 411
leaf_count=9124 1356 988 43890 101136 25350 272986 1507 119956 491 411
internal_value=4.78166e-06 0 7.46618e-05 0.000201509 -6.80891e-05 -5.77987e-05 -0.00126946 -6.73948e-05 0.00122487 0.00162746
internal_weight=577195 574937 274106 145026 300831 298336 2495 129080 2258 1767
internal_count=577195 574937 274106 145026 300831 298336 2495 129080 2258 1767
is_linear=0
shrinkage=0.03


Tree=204
num_leaves=15
num_cat=0
split_feature=0 1 2 5 8 7 1 10 2 8 7 5 5 2
split_gain=3.90111 4.31419 4.58438 5.8027 3.28432 4.66625 2.61607 2.56059 2.39947 2.04107 1.62466 0.536009 0.706255 0.676508
threshold=-0.24504761504666431 -0.28248417149608962 0.0024943326241616591 -0.30512237499055017 -1.3591092747993641e-05 2.3110583625089465e-07 1.596198889090285 0.7071067811869266 0.00020362843610001645 -1.4361704248240445e-06 -5.4026603752095199e-08 -0.29044902765279429 0.055635734171924557 0.0022759156844283268
decision_type=8 8 10 8 10 10 10 8 10 8 10 8 10 10
left_child=6 4 7 -4 10 -6 8 -3 -1 -10 -2 13 -13 -8
right_child=1 2 3 -5 5 -7 11 -9 9 -11 -12 12 -14 -15
leaf_value=2.3593943185760401e-07 -2.6658336782109099e-06 1.3729189692317755e-08 7.9137582088183841e-06 1.2181030590374791e-06 -2.6653903671924073e-08 -2.9624405617002378e-06 -4.9504708508961695e-06 6.3172686638388959e-07 8.5893284251379882e-07 -7.1991461142167157e-07 -5.1235129712186019e-07 8.0721724486530245e-07 -2.2166406155923184e-06 -7.991015450595483e-06
leaf_weight=409 6921 252273 12354 38984 150582 5891 405 24856 12880 51014 18974 311 1282 324
leaf_count=409 6921 252273 12354 38984 150582 5891 405 24856 12880 51014 18974 311 1282 324
internal_value=-9.14333e-06 1.89098e-05 8.39694e-05 0.000344473 -9.79394e-05 -4.57046e-05 -0.000225107 3.5484e-05 -0.000188173 -0.000203837 -0.000411118 -0.00121698 -0.000830942 -0.0019567
internal_weight=577460 510835 328467 51338 182368 156473 66625 277129 64303 63894 25895 2322 1593 729
internal_count=577460 510835 328467 51338 182368 156473 66625 277129 64303 63894 25895 2322 1593 729
is_linear=0
shrinkage=0.03


Tree=205
num_leaves=14
num_cat=0
split_feature=6 4 8 8 8 7 6 0 4 8 4 1 7
split_gain=3.43354 3.92534 6.6979 5.03723 4.88135 10.4548 4.09246 2.58927 1.10206 1.42115 1.15253 1.02081 0.782318
threshold=-1.3793410784729161 -0.42864235430652997 0.00056580363791250052 -3.322844840325407e-05 -0.00030059726627098692 -3.3109312333790662e-07 1.9286105341737312 -0.32816723651118745 -1.4798272731296884 -0.00010600187665685947 -1.5522850774972488 0.16094771363930291 6.3987341845770696e-11
decision_type=10 8 10 10 8 10 10 10 8 10 10 10 10
left_child=8 2 3 -2 5 -3 -4 -6 10 -10 12 -11 -1
right_child=1 4 6 -5 7 -7 -8 -9 9 11 -12 -13 -14
leaf_value=-7.5298232696333838e-07 -6.0114521558979355e-07 -2.4845775687728928e-06 4.1106631805265387e-06 2.9088320951857413e-07 -1.032550119112557e-06 2.930504265650793e-06 -1.1982732476035444e-05 -1.1899606075828906e-07 -3.8969524752133123e-06 -4.3345624322183131e-07 2.7356452024481948e-06 -1.1893808555554441e-06 2.7130087509056543e-06
leaf_weight=1545 30145 7004 16801 142352 19187 17253 695 323187 542 12176 518 5815 330
leaf_count=1545 30145 7004 16801 142352 19187 17253 695 323187 542 12176 518 5815 330
internal_value=-3.63599e-06 1.04449e-05 0.000121198 6.4067e-05 -4.67869e-05 0.000363951 0.000680681 -7.60725e-05 -0.000380875 -0.00046012 0.000207241 -0.000409644 -0.000111406
internal_weight=577550 556624 189993 172497 366631 24257 17496 342374 20926 18533 2393 17991 1875
internal_count=577550 556624 189993 172497 366631 24257 17496 342374 20926 18533 2393 17991 1875
is_linear=0
shrinkage=0.03


Tree=206
num_leaves=15
num_cat=0
split_feature=4 0 7 7 5 8 4 8 1 1 1 4 5 1
split_gain=3.517 3.00249 2.85398 2.54277 2.45488 2.42851 2.26555 1.80996 1.79142 1.75238 1.52168 0.995603 0.843621 0.655678
threshold=1.4704823522407622 -0.46032408699521693 -7.2602393155307313e-06 -5.2877008198591984e-11 -1.0000000180025095e-35 0.00073307821457496778 1.7405674609506416 -1.6491496652978168e-07 -0.089695662207077156 -0.10994372964991103 -0.039148563172760519 -0.60112751390690577 1.2374912256833199 1.2744061236685778
decision_type=8 10 10 10 8 10 8 10 10 8 10 10 10 10
left_child=1 8 5 6 -4 -3 13 -8 11 12 -11 -1 -5 -2
right_child=3 2 4 9 -6 -7 7 -9 -10 10 -12 -13 -14 -15
leaf_value=1.0427063104595774e-06 -1.4233876099087518e-06 -5.0403844562992614e-06 2.9880509368212882e-07 -9.9937471143956306e-07 -5.0486379644039686e-08 1.2778829790637907e-05 -4.0138698255261158e-06 -1.0896867068999574e-06 -3.3746620578265902e-06 2.8765292898059474e-06 -1.1678008726128134e-07 -1.4974851208085345e-06 -3.0263888454435035e-06 6.7154768291161827e-07
leaf_weight=1302 4084 939 141415 5659 393441 3604 1466 789 2555 559 17328 2561 886 1034
leaf_count=1302 4084 939 141415 5659 393441 3604 1466 789 2555 559 17328 2561 886 1034
internal_value=-5.43252e-06 1.23336e-05 2.0122e-05 -0.000312117 1.36408e-05 0.000768285 -0.000802113 -0.00160265 -0.000631923 -0.000161525 -4.35827e-06 -0.000204493 -0.000581236 -0.000435257
internal_weight=577622 545817 539399 31805 534856 4543 7373 2255 6418 24432 17887 3863 6545 5118
internal_count=577622 545817 539399 31805 534856 4543 7373 2255 6418 24432 17887 3863 6545 5118
is_linear=0
shrinkage=0.03


Tree=207
num_leaves=15
num_cat=0
split_feature=9 2 5 7 0 7 8 2 1 0 4 1 8 9
split_gain=4.25573 4.62665 4.49625 4.41371 4.36322 3.08727 5.05692 3.04988 6.89482 2.31214 2.17086 2.03712 1.86855 1.22503
threshold=-0.31192239198428279 0.001697485531501471 1.0461484755717292 -3.1788619766178387e-11 -0.27002110552772557 -9.9372787435071738e-10 5.0261836632229362e-05 0.00016848823110797654 -0.96993810007172387 -0.13411323987358217 -0.46390189129537057 -2.2679108389856641 -0.00014819044046953571 -0.30442503596824955
decision_type=8 10 8 8 10 10 10 10 10 10 8 10 10 10
left_child=3 5 4 11 -3 6 -2 8 -5 -7 -9 -1 -13 -4
right_child=1 2 13 7 -6 9 -8 10 -10 -11 -12 12 -14 -15
leaf_value=-1.7145175093155381e-06 -7.240260248568736e-07 -1.7973420304710305e-06 5.8088030513861466e-06 2.3459583943748282e-07 1.9435383542414689e-06 -3.1336881626516467e-07 2.2656336209129327e-07 -2.6401354764712999e-07 -3.6701958356169532e-08 1.5157379073838145e-07 -8.4114320839117042e-07 -3.636622698948721e-06 5.5786828917909447e-07 -3.8365204838141485e-07
leaf_weight=4231 44320 7737 571 582 93362 40700 31449 50576 878 159347 53022 924 44126 45500
leaf_count=4231 44320 7737 571 582 93362 40700 31449 50576 878 159347 53022 924 44126 45500
internal_value=-2.13048e-06 4.6965e-05 0.000182837 -0.000137066 0.00029487 -2.53203e-05 -0.000188522 -0.000247097 0.00110204 3.61997e-05 -0.000266794 9.62853e-05 0.000156458 -6.17174e-05
internal_weight=577325 422986 147170 154339 101099 275816 75769 105058 1460 200047 103598 49281 45050 46071
internal_count=577325 422986 147170 154339 101099 275816 75769 105058 1460 200047 103598 49281 45050 46071
is_linear=0
shrinkage=0.03


Tree=208
num_leaves=11
num_cat=0
split_feature=2 0 5 2 2 4 3 5 4 8
split_gain=3.03856 2.53831 2.46337 2.72053 2.3411 2.23903 1.98455 1.28592 1.1193 0.536023
threshold=0.010578366677787563 -0.24504761504666431 1.4586853984590273 0.0020422639368544225 0.00020362843610001645 1.7842829528291066 0.0025104308814071791 -0.47202004529258207 -0.53331337553511593 -6.2164932180247345e-06
decision_type=10 8 8 10 10 8 10 10 10 10
left_child=1 4 3 -3 -1 -6 -4 -2 -9 -10
right_child=7 2 6 -5 5 -7 -8 8 9 -11
leaf_value=2.696259264819842e-07 6.8068254263873844e-05 -2.2858246109432651e-08 1.0600554952734832e-07 9.2195018791396217e-07 -5.0320882526492611e-07 -3.6928630064228627e-06 -1.3988640708492932e-06 3.8536585800700413e-05 -5.9285957666565068e-06 1.6274284008944794e-05
leaf_weight=442 567 359164 13238 115044 65129 774 21263 508 648 472
leaf_count=442 567 359164 13238 115044 65129 774 21263 508 648 472
internal_value=-9.15707e-06 -1.3522e-05 9.12881e-06 2.70509e-05 -0.000188079 -0.000203632 -0.000235403 0.00110204 0.000615385 2.65487e-05
internal_weight=577249 575054 508709 474208 66345 65903 34501 2195 1628 1120
internal_count=577249 575054 508709 474208 66345 65903 34501 2195 1628 1120
is_linear=0
shrinkage=0.03


Tree=209
num_leaves=15
num_cat=0
split_feature=0 6 1 2 2 1 1 2 4 2 9 9 4 4
split_gain=2.86265 2.38968 2.47793 4.29596 2.49915 2.01018 1.52686 1.95276 1.39359 1.36567 1.13338 0.866863 1.2999 0.402765
threshold=-0.43706957243055433 -1.2979389986990337 -1.40378203916365 0.0041896435610545828 0.00020362843610001645 -0.028919448862122384 -0.30355779268766186 0.00016848823110797654 -1.2850222817356804 0.0038891536094643295 -0.63974381990447216 0.13046957933540707 1.2958033427921194 -0.15804085316935565
decision_type=10 8 8 8 10 10 10 10 10 10 10 8 8 10
left_child=5 6 4 -4 -3 9 7 -2 -8 10 -1 12 -7 -11
right_child=1 2 3 -5 -6 11 8 -9 -10 13 -12 -13 -14 -15
leaf_value=-1.7912153380210283e-06 1.4961160131516125e-07 1.4303141350841027e-07 5.5481478965256591e-08 4.5317068563818997e-06 -4.8813802933192482e-07 -2.9155560720785847e-06 5.8114219866713205e-07 -2.2632991974660696e-07 -1.134022649769003e-06 -9.4197193019313788e-07 1.074053267258067e-06 3.8530012787575004e-07 -7.4837545383249475e-06 -7.9318509315737515e-06
leaf_weight=1201 311 588 471098 24847 46953 2874 1707 12418 10395 391 3301 337 300 605
leaf_count=1201 311 588 471098 24847 46953 2874 1707 12418 10395 391 3301 337 300 605
internal_value=3.9076e-06 1.24259e-05 2.56782e-05 4.5609e-05 -0.000180943 -0.000526222 -0.00027511 -4.05055e-05 -0.000516678 -0.000154684 5.58511e-05 -0.0010889 -0.0012456 -0.00115706
internal_weight=577326 568317 543486 495945 47541 9009 24831 12729 12102 5498 4502 3511 3174 996
internal_count=577326 568317 543486 495945 47541 9009 24831 12729 12102 5498 4502 3511 3174 996
is_linear=0
shrinkage=0.03


Tree=210
num_leaves=15
num_cat=0
split_feature=4 8 0 8 7 0 8 2 1 7 1 5 7 2
split_gain=3.18081 5.16331 4.06535 3.74263 7.91502 3.58156 3.26937 2.9725 2.85755 2.62386 2.2448 2.50111 2.16519 1.27013
threshold=-0.38201695918677347 0.00078524141487376902 0.20633665716715835 -0.00032696774156491912 -3.3109312333790662e-07 0.65554608937459613 -3.322844840325407e-05 0.0037245010918557819 -0.20057186565523996 2.7880005083968259e-08 -2.5125796521151451 0.49287565365743935 5.1746628496580095e-07 0.0024166037045902774
decision_type=8 10 10 8 10 10 10 10 10 10 8 8 8 10
left_child=1 2 6 4 13 7 -1 -3 -6 -4 11 -5 -12 -2
right_child=3 5 9 10 8 -7 -8 -9 -10 -11 12 -13 -14 -15
leaf_value=-4.443864237401328e-07 -2.9091337877904351e-06 3.4069680924445945e-06 -1.0076490816974913e-06 -4.4388472594292358e-06 -7.8919254305419598e-07 -2.2779562629300494e-06 2.9108779126133637e-07 2.3246990997614818e-05 3.3364376346821185e-06 1.0434024936856665e-06 -1.2497048348542862e-07 -1.8062501282483574e-07 -1.4850362975532188e-06 -6.5172158237873658e-07
leaf_weight=23764 3543 8071 20697 2187 2654 2524 148754 2320 12854 4801 318196 2328 21473 3053
leaf_count=23764 3543 8071 20697 2187 2654 2524 148754 2320 12854 4801 318196 2328 21473 3053
internal_value=-1.24318e-05 8.02404e-05 4.19945e-05 -6.59627e-05 0.000311748 0.000661509 9.45238e-05 0.000909143 0.000683593 -0.000310961 -9.04025e-05 -0.000755801 -8.13592e-05 -0.000553134
internal_weight=577219 210931 198016 366288 22104 12915 172518 10391 15508 25498 344184 4515 339669 6596
internal_count=577219 210931 198016 366288 22104 12915 172518 10391 15508 25498 344184 4515 339669 6596
is_linear=0
shrinkage=0.03


Tree=211
num_leaves=15
num_cat=0
split_feature=9 8 7 5 2 2 0 4 2 7 8 7 4 9
split_gain=3.07942 4.14632 5.72935 3.82926 6.68477 3.74042 3.73333 3.62944 2.64592 2.31803 2.08245 1.56023 1.62558 1.44013
threshold=-0.24860645595928396 -2.51078384644387e-05 -1.9969978811302257e-10 1.085732346483937 0.0033819808515759176 0.0004110636473599285 -0.1299233616168203 0.64983659425135265 0.00016848823110797654 -2.657093886240462e-07 0.00039720204727578082 -1.9123657480757206e-07 -1.4798272731296884 1.6386091515050356
decision_type=8 10 10 8 10 10 10 10 10 10 10 10 10 10
left_child=1 11 5 4 6 -3 -2 -6 -4 10 -5 -1 -13 -11
right_child=3 2 8 9 7 -7 -8 -9 -10 13 -12 12 -14 -15
leaf_value=-5.9139022247409555e-06 -4.2805245209617141e-07 -6.3441128949620883e-07 6.9985638569293067e-08 -2.422637354731956e-06 8.3012070272550065e-06 1.1793733268103538e-06 2.4568283708294161e-07 1.1513749910492566e-06 -3.7535057320462722e-07 -1.5716693715966571e-07 7.1798522859383345e-07 5.6318007188707144e-07 -1.6943656238206645e-06 1.9738903475652879e-06
leaf_weight=900 41059 1141 1619 8471 15482 34612 206027 8952 148690 96216 2436 1655 6224 3323
leaf_count=900 41059 1141 1619 8471 15482 34612 206027 8952 148690 96216 2436 1655 6224 3323
internal_value=-3.35982e-06 -0.000100508 -7.00697e-05 4.60395e-05 0.000106729 0.000270615 5.96367e-05 0.000580265 -0.000151518 -0.000102611 -0.000518274 -0.000737968 -0.000590189 -5.64144e-05
internal_weight=576807 194841 186062 381966 271520 35753 247086 24434 150309 110446 10907 8779 7879 99539
internal_count=576807 194841 186062 381966 271520 35753 247086 24434 150309 110446 10907 8779 7879 99539
is_linear=0
shrinkage=0.03


Tree=212
num_leaves=14
num_cat=0
split_feature=4 8 6 9 9 7 8 2 4 7 1 6 4
split_gain=3.0838 2.7033 2.17112 2.33335 2.11178 1.93874 2.04197 1.92722 1.4162 1.35224 1.10368 1.0195 1.362
threshold=1.2630300176805003 0.0024680258805624155 1.1369503149029454 -0.29036745365188998 -0.3539495406168261 -2.4929665426876727e-10 -0.00061305886690057149 0.00060846341470508489 1.7405674609506416 -1.5929176625462558e-10 0.16094771363930291 2.0695244849081802 0.95295253933982582
decision_type=8 10 10 10 8 8 10 10 10 10 10 10 10
left_child=1 2 3 -1 9 8 -7 -4 -6 -2 -11 12 -3
right_child=4 11 7 -5 5 6 -8 -9 -10 10 -12 -13 -14
leaf_value=-1.0543502930834314e-07 -9.6520942376267218e-06 1.4987357730640922e-05 -5.6599511923885571e-07 1.9173491494074584e-07 -7.4077887240916973e-07 3.6421987409856005e-06 -2.5672834468206012e-07 -4.498022061130812e-07 -2.4715159349148735e-06 -8.7546425162298124e-07 -4.1754192200143095e-06 -2.799041875018402e-06 -2.7780255764084566e-06
leaf_weight=161899 325 2723 3943 321404 8513 1117 42268 29616 1822 2166 355 461 387
leaf_count=161899 325 2723 3943 321404 8513 1117 42268 29616 1822 2166 355 461 387
internal_value=3.00515e-06 2.5974e-05 2.01636e-05 3.64733e-05 -0.000207226 -0.000163596 -7.39717e-05 -0.000212875 -0.000533591 -0.0010063 -0.000732517 0.000847808 0.00104808
internal_weight=576999 520433 516862 483303 56566 53720 43385 33559 10335 2846 2521 3571 3110
internal_count=576999 520433 516862 483303 56566 53720 43385 33559 10335 2846 2521 3571 3110
is_linear=0
shrinkage=0.03


Tree=213
num_leaves=15
num_cat=0
split_feature=2 5 0 1 0 1 1 2 2 6 1 1 5 1
split_gain=2.71711 3.58295 4.62517 5.71148 2.19723 3.95291 2.68103 3.12391 2.56396 1.21342 1.86685 1.09077 1.05816 0.796556
threshold=0.003976662478468577 -0.028244900836934452 -0.30753494353199667 -1.8864272593767051 -0.36455830766920311 -0.009861597229229328 -0.17025666430022673 0.00016848823110797654 0.00075732326890808326 1.0341110280311299 0.056812621901407963 -1.5681275574961628 -0.071993356382129933 0.77798485032441034
decision_type=10 8 10 10 8 10 8 10 8 10 8 10 10 10
left_child=4 2 11 -4 5 12 7 -6 -8 10 -3 -2 -1 -7
right_child=1 9 3 -5 6 13 8 -9 -10 -11 -12 -13 -14 -15
leaf_value=-1.1581730953586514e-06 5.1563326493130865e-06 -8.7668966680866829e-07 -7.1325504609526668e-06 1.3561587880963442e-05 9.1873852406284606e-08 -1.563724895366837e-06 -1.03364817165063e-07 -2.2723165156744109e-07 2.9687739149007056e-07 -3.6112959088832669e-06 4.4970904526392077e-06 -7.1953294046778473e-06 5.5379261192347966e-07 -3.0627752421235989e-06
leaf_weight=3381 484 12687 1061 10054 1834 3993 72290 212812 236126 3140 7761 1624 7518 2607
leaf_count=3381 484 12687 1061 10054 1834 3993 72290 212812 236126 3140 7761 1624 7518 2607
internal_value=-3.82416e-06 0.000245403 0.000640671 0.000887191 -2.09112e-05 -0.000351591 -9.72715e-06 -9.12343e-05 4.68054e-05 2.11035e-05 0.000107928 -0.000628895 0 -0.000930408
internal_weight=577372 36811 13223 11115 540561 17499 523062 214646 308416 23588 20448 2108 10899 6600
internal_count=577372 36811 13223 11115 540561 17499 523062 214646 308416 23588 20448 2108 10899 6600
is_linear=0
shrinkage=0.03


Tree=214
num_leaves=15
num_cat=0
split_feature=0 10 10 3 10 3 1 7 6 3 8 0 0 9
split_gain=2.5825 2.90977 3.2877 2.54734 2.54187 2.89943 2.03991 1.22462 1.26345 1.08717 1.02392 0.995725 0.853646 0.482286
threshold=-0.43706957243055433 1.0000000180025095e-35 0.70710678118714465 0.00028837523063133364 -0.70710678118625114 0.0064344097540911197 -0.099657680365004539 2.616269154759662e-09 -0.16841851454265996 0.001538319122794082 -2.159264043383868e-08 0.12408559928761377 -0.14478731044370116 -0.016787643804132665
decision_type=8 10 10 10 8 10 10 8 10 10 8 10 8 10
left_child=6 4 3 -3 5 -2 7 8 -1 10 -8 -4 -6 -11
right_child=1 2 11 -5 12 -7 9 -9 -10 13 -12 -13 -14 -15
leaf_value=1.2118642012574144e-06 -1.1368713815353621e-08 -5.9719433022261757e-07 2.002021389114208e-07 -2.4381390182345719e-07 6.1672542440737612e-08 3.0136432074988761e-06 5.2687266098516774e-07 -6.6173166931481228e-06 -1.4455015606916716e-06 -5.1783435370392734e-06 -1.74095369866105e-06 1.2899060387775011e-06 5.3153471444216353e-07 -1.7698676271763815e-06
leaf_weight=2386 214275 674 25661 252801 12811 14845 1139 399 2599 1894 311 6386 40997 386
leaf_count=2386 214275 674 25661 252801 12811 14845 1139 399 2599 1894 311 6386 40997 386
internal_value=-9.56761e-06 -1.4249e-06 -6.90921e-05 -0.00010545 6.66506e-05 2.27818e-05 -0.000510303 -0.000123471 0 -0.0010508 -0.000349315 0.000216552 0.000252295 -0.00146725
internal_weight=577564 568450 285522 253475 282928 229120 9114 5384 4985 3730 1450 32047 53808 2280
internal_count=577564 568450 285522 253475 282928 229120 9114 5384 4985 3730 1450 32047 53808 2280
is_linear=0
shrinkage=0.03


Tree=215
num_leaves=15
num_cat=0
split_feature=9 6 10 2 10 5 3 7 1 5 10 5 2 3
split_gain=2.62636 4.20906 3.61899 6.06391 3.56261 2.34687 2.03682 1.92364 1.84639 1.717 1.70553 1.53118 1.59293 1.25882
threshold=-0.19328838522604588 0.16468808143844885 -0.7071067810778896 0.0028724448926746547 0.70710678118690451 0.94037654482462385 0.010058309797956543 9.4036624446545568e-10 -0.4221360168812141 1.4263391154730294 -0.70710678118577042 1.3605597736645239 0.0025517143531015901 0.0053588207881834155
decision_type=8 10 10 8 10 10 10 8 10 8 8 10 10 10
left_child=1 6 3 10 9 -5 7 -1 -6 -4 -2 12 -3 -13
right_child=2 11 4 5 8 -7 -8 -9 -10 -11 -12 13 -14 -15
leaf_value=-2.3187184083407741e-08 9.9647510801390355e-08 -5.573298140529207e-07 -1.4472218883374301e-07 7.2318711187204886e-06 -4.3111505117843268e-07 1.6679177924873236e-06 3.9536509499765991e-06 -9.0663360855648442e-07 7.7269583237422545e-07 -1.0203228228259816e-06 7.3970491221278592e-07 -5.5733935989847727e-07 -4.3032022360905942e-06 3.8928800496984697e-06
leaf_weight=171940 119271 20366 146317 12681 4532 6785 6195 16390 23735 17620 14555 7057 7561 2056
leaf_count=171940 119271 20366 146317 12681 4532 6785 6195 16390 23735 17620 14555 7057 7561 2056
internal_value=-4.25251e-06 -8.25219e-05 4.80339e-05 0.000156828 -3.84259e-05 0.000651879 -2.63706e-05 -4.42816e-05 0.000272023 -9.23347e-05 8.43271e-05 -0.000375709 -0.000486022 -3.09109e-05
internal_weight=577061 231565 345496 153292 192204 19466 194525 188330 28267 163937 133826 37040 27927 9113
internal_count=577061 231565 345496 153292 192204 19466 194525 188330 28267 163937 133826 37040 27927 9113
is_linear=0
shrinkage=0.03


Tree=216
num_leaves=13
num_cat=0
split_feature=3 4 3 0 8 0 10 2 0 5 5 5
split_gain=3.36028 3.25232 3.48535 3.34098 3.32187 3.32078 2.14972 1.98641 1.68345 0.899345 0.469275 0.180631
threshold=0.034310187099720973 0.91330953844422946 0.0012548400522728927 1.0402894789262571 0.00099093816833408259 0.23922668488213819 0.7071067811877253 0.0019243397751454114 0.51550006737225351 1.1375702932377674 -0.10099731576785768 1.1696050714714443
decision_type=8 8 10 10 10 10 8 10 10 10 10 10
left_child=1 3 6 4 -1 -4 -3 -5 9 -2 -10 -12
right_child=8 2 5 7 -6 -7 -8 -9 10 -11 11 -13
leaf_value=4.1283105305621574e-08 5.8070567086552661e-05 8.7739695260117408e-08 -9.4694280516736423e-07 1.0824014498523361e-07 3.3186854791471733e-06 5.5959905525175711e-07 1.1588080305173118e-06 -1.1904997126208904e-05 2.1128831506661653e-05 1.3375802293826563e-05 -8.9278393450374238e-06 8.0418010240286129e-06
leaf_weight=449968 950 26902 68565 510 12095 12877 2007 948 320 362 312 339
leaf_count=449968 950 26902 68565 510 12095 12877 2007 948 320 362 312 339
internal_value=0 -4.63161e-06 -0.000151086 3.0108e-05 3.47737e-05 -0.00025178 0.000130502 -0.00139782 0.0011461 0.0018472 0.00012844 -0.000263238
internal_weight=576155 573872 110351 463521 462063 81442 28909 1458 2283 1312 971 651
internal_count=576155 573872 110351 463521 462063 81442 28909 1458 2283 1312 971 651
is_linear=0
shrinkage=0.03


Tree=217
num_leaves=15
num_cat=0
split_feature=5 2 0 2 2 6 9 5 8 2 10 6 5 9
split_gain=3.04796 3.76344 4.08834 3.07297 2.28484 2.24102 6.21898 2.38061 3.68071 3.28463 2.19024 2.03267 1.941 0.7909
threshold=-0.86058845968578157 0.00090327586612225588 -0.32075418960466168 0.0051485707725636553 0.00020362843610001645 0.33571292713188955 -0.0039387269700512642 1.3003117110442604 -3.9183446961489419e-07 0.0020977114974389285 0.70710678118638393 1.3738565642105531 0.58728479593858929 1.0134381442876355
decision_type=8 10 10 10 10 10 10 8 10 8 10 10 10 10
left_child=1 4 11 -4 -1 7 12 9 -9 -2 -8 -3 -7 -6
right_child=5 2 3 -5 13 6 10 8 -10 -11 -12 -13 -14 -15
leaf_value=-7.9328367111586039e-07 -2.8194882973760217e-08 -1.6775624735161414e-06 2.2610037037988969e-06 3.0791447140799075e-05 -1.6073422331226923e-07 -1.5389515234081172e-06 3.5586649018174494e-07 -1.3236367417590661e-06 4.3275280977911679e-08 1.2085518960908165e-06 -2.6177047466691697e-07 -1.2210525934812513e-05 -5.3190652556818006e-07 -1.9175483487415624e-06
leaf_weight=374 260331 2046 18696 1723 5978 15895 45438 19323 28636 80527 70857 332 26952 426
leaf_count=374 260331 2046 18696 1723 5978 15895 45438 19323 28636 80527 70857 332 26952 426
internal_value=-1.45028e-05 0.0002819 0.000467488 0.000606197 -0.000333235 -3.06149e-05 -0.000125465 8.055e-06 -0.000189622 3.60491e-05 -1.10915e-05 -0.00069598 -0.000434421 -0.000188026
internal_weight=577534 29575 22797 20419 6778 547959 159142 388817 47959 340858 116295 2378 42847 6404
internal_count=577534 29575 22797 20419 6778 547959 159142 388817 47959 340858 116295 2378 42847 6404
is_linear=0
shrinkage=0.03


Tree=218
num_leaves=15
num_cat=0
split_feature=4 7 9 8 9 0 0 2 8 9 9 8 7 2
split_gain=2.58009 2.50764 2.86784 2.48398 2.29118 4.67122 3.87128 3.93814 3.86839 2.00595 1.68079 1.49443 1.35393 0.0799993
threshold=1.4704823522407622 -7.561247323280973e-10 -0.11720052125283296 -0.00061305886690057149 -0.19328838522604588 0.30296492174091022 -0.25693918708752622 0.0027694249079377431 -2.1558351438958131e-05 0.02756978109200792 1.1136051899779498 0.00056580363791250052 -4.3451327836669021e-08 0.0021721013245447362
decision_type=8 10 8 10 10 10 10 10 10 8 10 10 10 10
left_child=4 2 -2 13 5 8 12 -8 -1 -5 -4 -7 -6 -3
right_child=1 3 10 9 6 11 7 -9 -10 -11 -12 -13 -14 -15
leaf_value=-1.3132466829532235e-06 -1.0821394155844934e-05 4.8039284367595371e-06 -7.8138241291797036e-07 -1.3556941062598451e-06 5.4573100236316213e-06 -3.2663769432565414e-06 8.489379190640174e-08 2.9167227360011908e-06 -3.0361638536629744e-08 -1.0923793082210253e-10 -2.8487182081911918e-06 1.9602123454550304e-06 -1.3971066008760031e-06 1.6140734768163269e-05
leaf_weight=12072 358 325 4185 8634 412 1981 264018 41606 213457 16961 800 328 11612 323
leaf_count=12072 358 325 4185 8634 412 1981 264018 41606 213457 16961 800 328 11612 323
internal_value=-2.00665e-06 -0.000265667 -0.000859705 -0.000142155 1.3155e-05 -5.93027e-05 6.53155e-05 8.626e-05 -4.52516e-05 -0.000190978 -0.000654655 -0.00139974 -0.000461692 0.00166869
internal_weight=577072 31586 5343 26243 545486 227838 317648 305624 225529 25595 4985 2309 12024 648
internal_count=577072 31586 5343 26243 545486 227838 317648 305624 225529 25595 4985 2309 12024 648
is_linear=0
shrinkage=0.03


Tree=219
num_leaves=15
num_cat=0
split_feature=4 8 8 8 6 0 3 4 9 0 9 1 0 0
split_gain=3.30772 4.91422 3.97255 3.37749 3.21301 2.81182 2.57931 2.85214 2.63274 2.46518 2.20425 1.42411 1.08917 0.928266
threshold=-0.53331337553511593 -3.322844840325407e-05 -0.00030059726627098692 0.001477007358268962 -0.64452810043671505 0.65554608937459613 0.0013073412751030439 0.60052466197567644 0.6629205688786538 0.3307928135301606 -0.062705517396911978 0.42792184657418786 -0.066898843931326599 0.22187097836631844
decision_type=8 10 8 10 8 10 10 8 10 10 10 8 10 10
left_child=1 4 10 5 13 -3 8 -8 -4 -5 -2 -6 -12 -1
right_child=2 3 6 9 11 -7 7 -9 -10 -11 12 -13 -14 -15
leaf_value=-1.7449399576845032e-06 -2.414499645138402e-06 3.2656676717612024e-07 9.0753525615833905e-08 1.3421237445837e-05 -5.997438676133779e-07 -3.2283952351883717e-06 -1.178457737720455e-07 -6.9783467033172224e-07 -5.2531475233570945e-07 2.8345031357748672e-06 -1.5287603408570129e-06 4.7326351430254104e-07 1.8270253952723659e-06 -4.2789678560539733e-06
leaf_weight=3431 2091 146309 120009 2051 15015 2015 131183 112443 7448 3299 1493 8155 22180 438
leaf_count=3431 2091 146309 120009 2051 15015 2015 131183 112443 7448 3299 1493 8155 22180 438
internal_value=-1.76602e-06 0.000104514 -5.03154e-05 0.000170376 -0.000267515 0.00014315 -7.54582e-05 -0.000132714 3.35146e-05 0.000912313 0.000309382 -0.000130716 0.000393447 -0.00106883
internal_weight=577560 180713 396847 153674 27039 148324 371083 243626 127457 5350 25764 23170 23673 3869
internal_count=577560 180713 396847 153674 27039 148324 371083 243626 127457 5350 25764 23170 23673 3869
is_linear=0
shrinkage=0.03


Tree=220
num_leaves=15
num_cat=0
split_feature=4 3 8 8 0 0 0 7 9 10 7 7 7 6
split_gain=2.53501 4.2868 3.47536 3.37562 3.04565 2.99188 2.89942 2.65749 1.54297 1.62757 1.18448 1.03295 0.692405 0.536044
threshold=0.91330953844422946 0.0020249963964159901 -0.00045718737697021276 0.0024680258805624155 0.49172756519260158 0.41595355304824694 1.0402894789262571 1.2535673745613458e-05 -0.60453566820043614 0.70710678119216441 -2.657093886240462e-07 3.0877421173321994e-06 -4.6790402653942306e-06 1.5747554493140605
decision_type=8 10 8 10 10 10 10 10 8 8 10 10 10 10
left_child=3 8 10 6 11 -4 7 -1 -2 -10 -3 -5 -8 -6
right_child=1 2 5 4 13 -7 12 -9 9 -11 -12 -13 -14 -15
leaf_value=6.224612374918289e-08 -3.2748171058903003e-06 -8.1607731373008658e-07 -1.2231052242243762e-06 2.4537713105543923e-05 4.8329656293172408e-06 1.2800279793096411e-06 -1.714435196533049e-07 3.3527398200011369e-05 1.4835935047886305e-07 1.7361253850811244e-06 5.9523159058256269e-06 6.8814081998295117e-06 -5.763759688910342e-06 -5.7145051348564971e-06
leaf_weight=460848 306 940 58481 1233 938 5398 319 453 43367 779 1877 322 1052 557
leaf_count=460848 306 940 58481 1233 938 5398 319 453 43367 779 1877 322 1052 557
internal_value=4.88837e-06 -0.000123716 -0.000276047 3.57115e-05 0.00102941 -0.000322215 2.90091e-05 3.32444e-05 0.000103504 0.000119712 0.000747082 0.00195527 -0.00134251 1.99336e-05
internal_weight=576870 111148 66696 465722 3050 63879 462672 461301 44452 44146 2817 1555 1371 1495
internal_count=576870 111148 66696 465722 3050 63879 462672 461301 44452 44146 2817 1555 1371 1495
is_linear=0
shrinkage=0.03


Tree=221
num_leaves=15
num_cat=0
split_feature=6 1 0 8 8 5 7 1 1 3 9 5 7 9
split_gain=2.33419 2.39275 4.30399 2.68044 3.1866 2.64744 2.17801 1.86552 1.47455 1.26965 1.62314 1.36326 0.970953 1.22191
threshold=-1.2979389986990337 -0.28248417149608962 -0.36455830766920311 1.3939925233333634e-06 -9.8281827256496236e-06 1.2314399938278022 2.5618052176907436e-07 -0.39969414298635658 0.84463503807524731 0.0026733501922057883 -0.098462037497352092 1.0396750044919298 5.3269986258257979e-13 -0.63974381990447216
decision_type=8 8 8 10 10 8 10 10 10 10 10 10 8 10
left_child=7 3 8 4 -2 -4 -5 12 -3 11 -11 -9 13 -1
right_child=1 2 5 6 -6 -7 -8 9 -10 10 -12 -13 -14 -15
leaf_value=-2.8347624457491888e-07 -7.1471009655463919e-07 -8.6082621743583636e-07 2.7094707550399276e-07 -4.2294798497309724e-07 7.8949070875725054e-08 -2.2479111047415297e-07 -2.7793482038778076e-06 -9.0404172012521368e-07 -3.0868479327285962e-06 5.4901010472862364e-07 -5.2360703366177052e-06 -2.0417660127258543e-06 -8.4239932755983475e-07 9.6391926633996028e-07
leaf_weight=2771 27891 6181 274376 30763 140459 63735 5521 7328 2745 3939 562 1378 4954 4532
leaf_count=2771 27891 6181 274376 30763 140459 63735 5521 7328 2745 3939 562 1378 4954 4532
internal_value=-2.02722e-06 1.08323e-05 5.89027e-05 -7.03954e-05 -1.96009e-05 7.62331e-05 -0.000304348 -0.000282877 -0.000590197 -0.000530226 -0.000105076 -0.000742772 -1.12497e-05 0.000203473
internal_weight=577135 551671 347037 204634 168350 338111 36284 25464 8926 13207 4501 8706 12257 7303
internal_count=577135 551671 347037 204634 168350 338111 36284 25464 8926 13207 4501 8706 12257 7303
is_linear=0
shrinkage=0.03


Tree=222
num_leaves=12
num_cat=0
split_feature=3 4 8 7 3 8 7 3 6 5 9
split_gain=2.95693 2.28258 5.05021 4.98223 4.46283 3.81112 7.35044 2.91002 1.35068 0.46996 0.352317
threshold=0.034310187099720973 -0.53331337553511593 -3.322844840325407e-05 -1.9123657480757206e-07 0.0054325515270080811 -0.00030059726627098692 -6.6624580086183486e-08 0.0030086981571319036 1.9286105341737312 -0.68696587053783065 0.018212528284382471
decision_type=8 8 10 10 10 8 10 10 10 10 10
left_child=1 2 3 -1 -4 6 -3 -7 9 -2 -11
right_child=8 5 4 -5 -6 7 -8 -9 -10 10 -12
leaf_value=-3.5205772829460843e-06 6.4024757093482682e-05 -1.0958036082475565e-06 8.2316037320918016e-08 -1.8660293351934855e-07 2.2540637851652307e-06 -2.8486791615182704e-08 2.8476020711152732e-06 -7.0245970423677503e-07 -1.730086330542389e-06 4.7538367647060552e-05 1.4245201484449013e-05
leaf_weight=5804 357 10754 119882 21190 33078 232249 14622 137331 470 360 1061
leaf_count=5804 357 10754 119882 21190 33078 232249 14622 137331 470 360 1061
internal_value=-1.22356e-05 -1.65936e-05 7.18144e-05 -0.000305732 0.000138851 -5.70277e-05 0.000298038 -8.15769e-05 0.00107086 0.00145302 0.0011153
internal_weight=577158 574910 179954 26994 152960 394956 25376 369580 2248 1778 1421
internal_count=577158 574910 179954 26994 152960 394956 25376 369580 2248 1778 1421
is_linear=0
shrinkage=0.03


Tree=223
num_leaves=15
num_cat=0
split_feature=2 5 1 4 7 8 8 7 5 3 4 1 7 5
split_gain=2.64244 4.35563 5.12477 2.85029 1.73776 7.37847 3.92655 4.23819 3.79731 3.35706 2.41454 1.40952 1.29294 1.05015
threshold=0.0038033957607043318 1.2685089597366963 -1.9462096604902357 0.75981036841480043 -1.5386146631839896e-09 -1.3591092747993641e-05 -0.00030059726627098692 -9.5681731658199592e-11 0.9179174305270783 0.0021182047134187024 1.5141193614264501 -1.7764443724822181 3.3418999575110459e-10 1.4336869001221491
decision_type=8 10 8 10 10 10 10 10 10 10 10 10 10 10
left_child=4 2 12 -4 5 9 8 -8 -6 -1 -7 13 -2 -3
right_child=1 11 3 -5 6 10 7 -9 -10 -11 -12 -13 -14 -15
leaf_value=-2.6222850758315457e-07 -7.0514430322051482e-06 -3.1089338013230127e-06 6.1242783881452068e-06 3.2960355410746388e-07 3.0996927060339353e-06 2.3765283299677486e-07 8.1971266835707718e-07 -7.2596394152632462e-08 -3.9161623809349499e-07 -2.0484965697018702e-06 -1.9763931097656209e-06 -4.2225659361600428e-06 5.5667351094738332e-07 8.8017343077966133e-06
leaf_weight=22311 1776 468 22383 8134 10352 76273 48723 347466 5758 23447 1637 6833 929 901
leaf_count=22311 1776 468 22383 8134 10352 76273 48723 347466 5758 23447 1637 6833 929 901
internal_value=5.72566e-06 0.000236617 0.000390347 0.000502572 -1.20117e-05 -0.000110707 1.74481e-05 -1.07522e-06 0.000476427 -0.000413214 6.62218e-05 -0.000378471 -0.000850829 0.000474257
internal_weight=577391 41424 33222 30517 535967 123668 412299 396189 16110 45758 77910 8202 2705 1369
internal_count=577391 41424 33222 30517 535967 123668 412299 396189 16110 45758 77910 8202 2705 1369
is_linear=0
shrinkage=0.03


Tree=224
num_leaves=15
num_cat=0
split_feature=4 9 9 2 7 7 5 7 3 2 7 3 0 5
split_gain=3.27895 3.93977 2.94074 2.75328 2.43533 2.36285 2.29296 2.10191 2.42018 1.99325 1.74869 1.616 1.40543 1.12485
threshold=1.4704823522407622 -0.18628461238210689 -0.31192239198428279 0.0072123597952773238 -1.5386146631839896e-09 -7.561247323280973e-10 0.71175404343504933 -1.9969978811302257e-10 0.0023740425083244917 0.00016848823110797654 -1.5929176625462558e-10 0.00076725507323333021 -0.17288155005692199 0.69379108948187163
decision_type=8 8 10 10 10 8 10 10 10 10 10 10 8 8
left_child=2 10 7 4 -4 13 -5 8 -1 -9 -2 -12 -7 -3
right_child=1 5 3 6 -6 12 -8 9 -10 -11 11 -13 -14 -15
leaf_value=-5.2115552321040669e-07 -8.2998142488805311e-06 -1.7943495973851723e-06 -1.4528372506307013e-07 2.7985573352409401e-05 2.1576120307327168e-07 -1.3222947785891882e-06 -6.2330016489548555e-07 6.3680857627017499e-08 1.2733866307956002e-06 -3.5510544940206268e-07 6.0043313536647e-07 -3.3452323906800105e-06 1.8875704517443458e-07 -3.077612903752354e-07
leaf_weight=8789 481 3431 116717 2649 271540 3992 1803 1445 21015 121294 682 2808 18591 1684
leaf_count=8789 481 3431 116717 2649 271540 3992 1803 1445 21015 121294 682 2808 18591 1684
internal_value=1.03999e-08 -0.0002966 1.73531e-05 6.08679e-05 5.21857e-05 -0.000167172 0.000802779 -9.42754e-05 0.00013061 -0.000149378 -0.00118161 -0.000917143 -3.23994e-05 -0.000749268
internal_weight=576921 31669 545252 392709 388257 27698 4452 152543 29804 122739 3971 3490 22583 5115
internal_count=576921 31669 545252 392709 388257 27698 4452 152543 29804 122739 3971 3490 22583 5115
is_linear=0
shrinkage=0.03


Tree=225
num_leaves=15
num_cat=0
split_feature=10 5 2 1 10 10 8 4 3 1 1 3 1 2
split_gain=2.61809 3.08389 4.21242 3.26131 2.48159 2.21886 2.00703 1.99469 3.66358 3.29785 1.42349 1.09052 1.07913 0.956527
threshold=-0.7071067810778896 0.44974006515712167 0.0014632563621488155 -1.6059849747273842 -0.70710678118619141 0.70710678118696457 -1.6874663176910741e-06 -0.46390189129537057 0.014111927539686916 -1.40378203916365 1.0676444449528184 0.00034837586483866558 1.4917241604545521 0.00057560327648803011
decision_type=10 10 8 8 8 10 8 8 10 10 10 10 10 10
left_child=1 2 6 -4 10 7 -1 8 -2 -9 -3 -7 -13 -6
right_child=5 4 3 -5 13 11 -8 9 -10 -11 -12 12 -14 -15
leaf_value=-6.6571513743078592e-07 -1.0750675670541878e-07 -2.2922228589691068e-07 -1.3812320119019008e-06 2.241628251405979e-06 3.3621923143205509e-07 -1.8150017276004911e-07 1.1883006073119048e-07 -1.6769900175677983e-06 6.0819868692842093e-06 -3.1597880602139617e-07 5.1135114724148805e-07 4.343539982417716e-07 -7.8024186477423173e-07 3.4018991365673967e-07
leaf_weight=12015 81067 129184 5029 49386 5069 3163 49439 9990 7040 147450 15551 36726 2381 23863
leaf_count=12015 81067 129184 5029 49386 5069 3163 49439 9990 7040 147450 15551 36726 2381 23863
internal_value=-7.50308e-06 5.6074e-05 0.000175994 0.000368213 -2.35955e-05 -7.16681e-05 4.78329e-06 -0.000106362 7.28577e-06 -0.00017034 -7.4614e-05 0.00012843 0.000172866 0.000229493
internal_weight=577353 289536 115869 54415 173667 287817 61454 245547 88107 157440 144735 42270 39107 28932
internal_count=577353 289536 115869 54415 173667 287817 61454 245547 88107 157440 144735 42270 39107 28932
is_linear=0
shrinkage=0.03


Tree=226
num_leaves=15
num_cat=0
split_feature=0 10 10 2 3 1 9 6 2 6 3 3 7 3
split_gain=2.61353 2.23611 3.04279 3.36286 1.83744 1.8821 1.76951 1.72941 1.72473 1.63159 1.30766 1.20647 0.781822 0.506631
threshold=-0.46032408699521693 0.7071067811869266 1.0000000180025095e-35 0.0015139750721761529 0.00048062002407800675 -0.089695662207077156 -0.6265943796561515 -0.64452810043671505 0.00098506093134150181 0.33571292713188955 0.00034837586483866558 0.00065356364601148315 -3.9695104850109665e-10 0.00027335582710579941
decision_type=8 8 10 10 10 10 10 8 10 8 8 10 10 10
left_child=4 2 3 -2 8 6 -6 11 -1 -4 -9 -3 -7 -10
right_child=1 7 9 -5 5 12 -8 10 13 -11 -12 -13 -14 -15
leaf_value=1.0982182959949633e-06 -5.1543205301601092e-08 -4.9267711314399121e-07 -6.6426376807234697e-08 8.0125362428625189e-07 -3.8175911859433831e-06 -1.2081707227120153e-06 3.7748355386195596e-07 -1.5746082280479025e-07 -3.3130798399765129e-06 -4.6536370524802954e-07 7.4441061803371053e-07 4.9722867249597311e-08 -4.256683697852132e-06 1.0473078120046566e-06
leaf_weight=397 163321 1904 154362 121009 990 616 2426 2489 351 86233 34045 6654 1815 307
leaf_count=397 163321 1904 154362 121009 990 616 2426 2489 351 86233 34045 6654 1815 307
internal_value=0 7.02072e-06 -1.0287e-05 5.60245e-05 -0.000579861 -0.000791873 -0.000313485 0.000209791 0.000535211 -8.89009e-05 0.000300296 -0.000169468 -0.00143548 -0.000332335
internal_weight=576919 570017 524925 284330 6902 5847 3416 45092 1055 240595 36534 8558 2431 658
internal_count=576919 570017 524925 284330 6902 5847 3416 45092 1055 240595 36534 8558 2431 658
is_linear=0
shrinkage=0.03


Tree=227
num_leaves=15
num_cat=0
split_feature=6 9 6 5 3 1 0 1 1 7 5 4 7 9
split_gain=2.96997 3.46323 2.2016 2.32743 2.52056 2.25479 2.03796 2.21091 2.08274 1.93857 2.8132 2.19797 1.39442 1.53127
threshold=0.33571292713188955 -0.0039387269700512642 -1.0445391017716783 -0.028244900836934452 0.022649684052356862 2.7509153434900537 -0.21130272811130638 0.32589861653949592 -0.74694214150773963 8.5364117474062348e-11 -0.96576677965228408 -0.056333008706142211 -8.2373045890700767e-12 0.076166744386740551
decision_type=10 10 8 10 8 10 10 10 10 10 10 10 8 10
left_child=2 9 12 4 -4 -5 8 -8 -3 10 -2 -11 13 -1
right_child=1 6 3 5 -6 -7 7 -9 -10 11 -12 -13 -14 -15
leaf_value=2.0601189921092267e-07 3.508016933007038e-06 4.9481026927744153e-06 4.8321648378250318e-07 4.4622295937093519e-08 3.2288604274533074e-05 -3.0478535924390137e-06 -3.5467963392325404e-07 2.5233904974927464e-07 -1.8686990007842284e-06 -5.0054240706613401e-07 -4.8020752446517403e-07 -3.1906985277030959e-06 -4.2738542533316976e-07 -1.9473878826094365e-06
leaf_weight=17837 1593 454 88020 266445 688 580 44784 77900 5935 6880 30336 7837 27668 654
leaf_count=17837 1593 454 88020 266445 688 580 44784 77900 5935 6880 30336 7837 27668 654
internal_value=-5.13139e-06 -0.000108098 3.9741e-05 6.51538e-05 0.000198359 2.06714e-05 -2.75172e-05 0 -0.000549461 -0.000329733 -0.00019556 -0.000616419 -0.000154779 4.41057e-05
internal_weight=577611 175719 401892 355733 88708 267025 129073 122684 6389 46646 31929 14717 46159 18491
internal_count=577611 175719 401892 355733 88708 267025 129073 122684 6389 46646 31929 14717 46159 18491
is_linear=0
shrinkage=0.03


Tree=228
num_leaves=14
num_cat=0
split_feature=4 10 1 5 1 3 6 5 1 1 6 7 4
split_gain=2.66439 2.19086 2.46165 2.12022 2.93897 2.16301 2.04785 2.42741 1.81111 1.78197 1.54552 1.41579 1.15986
threshold=1.4704823522407622 -0.70710678118823145 0.085513346647221114 0.082514245541177048 1.1046692692226567 0.0097636439148019293 1.3738565642105531 -0.94253992232512129 -2.014359452543895 2.5340792964142165 1.225575461941806 -1.3724954834041232e-12 1.6453051430982817
decision_type=8 8 10 8 10 10 10 10 8 10 10 10 10
left_child=1 2 -1 6 5 -5 10 -8 11 -10 -2 -3 -6
right_child=3 8 -4 4 12 -7 7 -9 9 -11 -12 -13 -14
leaf_value=6.5648024865082717e-08 -1.1075306433264237e-06 -1.1831216900084054e-06 -2.9010986035841149e-06 -4.4770633302008724e-07 1.0295987689771421e-07 -7.7101939558232572e-06 4.8002878305069934e-07 -3.8069652728191634e-06 6.957346556688256e-08 -1.0592522921091795e-06 3.6250237931291122e-06 -3.3559928509705022e-08 2.6221184464035223e-06
leaf_weight=586 11276 9763 547 12185 2559 1247 339 870 518243 5552 396 10836 2875
leaf_count=586 11276 9763 547 12185 2559 1247 339 870 518243 5552 396 10836 2875
internal_value=-6.85971e-07 1.47598e-05 -0.00129659 -0.000267909 -6.16656e-05 -0.000302634 -0.000565045 -0.00175226 1.76229e-05 2.85793e-05 -0.000435542 -0.000257946 0.00052241
internal_weight=577274 545527 1133 31747 18866 13432 12881 1209 544394 523795 11672 20599 5434
internal_count=577274 545527 1133 31747 18866 13432 12881 1209 544394 523795 11672 20599 5434
is_linear=0
shrinkage=0.03


Tree=229
num_leaves=15
num_cat=0
split_feature=0 2 6 10 6 8 9 9 9 2 7 7 9 8
split_gain=2.74333 2.48079 2.19941 2.11822 2.24483 1.11985 1.04119 1.02531 1.22119 1.02323 0.979695 0.791546 0.527232 0.217047
threshold=-0.43706957243055433 0.010578366677787563 -0.16841851454265996 0.70710678118707815 0.33571292713188955 -1.1587267120551709e-05 -0.17233734461041469 -0.6265943796561515 -0.25207514994528174 0.0038891536094643295 -3.3298363163926374e-14 -2.7169305434897739e-08 -0.34590207886798419 -1.5932400743290083e-05
decision_type=8 10 10 8 8 10 8 8 10 10 10 10 10 10
left_child=2 3 7 4 -2 -4 -5 10 -9 -7 -1 13 -13 -3
right_child=1 11 5 6 -6 9 -8 8 -10 -11 -12 12 -14 -15
leaf_value=-2.5862298962309032e-06 7.0190338065453906e-08 2.7091589080719085e-05 4.0312463397076413e-07 4.5514501293456984e-08 -2.1655069869051905e-07 -2.1613717736037085e-06 8.074327104083593e-07 2.4416663651036795e-06 -2.7678279191047663e-06 -1.1810031228900595e-05 4.5766186120914992e-07 -3.6139955964767768e-06 2.878341003343114e-05 8.5614857014195095e-05
leaf_weight=707 368804 427 509 14738 162237 3952 20161 2243 325 791 577 375 974 347
leaf_count=707 368804 427 509 14738 162237 3952 20161 2243 325 791 577 375 974 347
internal_value=5.32246e-06 1.37095e-05 -0.000510862 9.75351e-06 -5.01647e-06 -0.00090992 0.000236157 1.86432e-05 0.000379364 -0.0010566 -0.000653787 0.00103516 0.000525386 0.00182908
internal_weight=577167 568063 9104 565940 531041 5252 34899 3852 2568 4743 1284 2123 1349 774
internal_count=577167 568063 9104 565940 531041 5252 34899 3852 2568 4743 1284 2123 1349 774
is_linear=0
shrinkage=0.03


Tree=230
num_leaves=15
num_cat=0
split_feature=5 4 2 8 2 9 2 1 8 2 9 7 9 7
split_gain=2.34939 5.32402 5.17361 4.22939 3.98204 3.75825 2.67611 5.56664 3.25319 2.52754 1.95377 1.89129 1.34143 1.21853
threshold=0.16209425344759734 0.60052466197567644 0.0028724448926746547 -7.0504209513094136e-08 0.00039817041348855269 -0.38496394859188166 0.00016848823110797654 -1.2654285975002018 -9.6050984944122377e-08 0.00020362843610001645 -0.78028015525852956 2.0755945038820217e-07 1.6386091515050356 -7.8915393777323585e-13
decision_type=10 10 10 10 10 10 10 10 10 8 10 10 10 10
left_child=1 2 9 4 -3 -4 7 -2 -9 -1 13 -5 -12 -8
right_child=6 3 5 11 -6 -7 10 8 -10 -11 12 -13 -14 -15
leaf_value=-2.6173512756208489e-07 2.8412310932181644e-07 -1.1267857254180378e-06 -7.4198962070787633e-07 -5.7899574511106868e-07 3.8213991967375428e-07 7.6656767375557848e-06 -2.323153698738362e-06 -1.9443913016507254e-07 7.1351791610071469e-08 3.3795969582401953e-07 -1.4053208736045098e-07 -3.7816985106579286e-06 1.2671699124599017e-06 -2.3277201773078429e-07
leaf_weight=1401 514 1052 4335 23486 36168 15467 907 653 2018 99830 381282 3090 6221 780
leaf_count=1401 514 1052 4335 23486 36168 15467 907 653 2018 99830 381282 3090 6221 780
internal_value=-4.99988e-06 8.30669e-05 0.00020016 -0.000138137 6.68815e-05 0.000644155 -4.66379e-05 0.000816901 0.000237225 0.000112662 -5.38798e-05 -0.000427443 -4.9268e-05 -0.0010713
internal_weight=577204 184829 121033 63796 37220 19802 392375 3185 2671 101231 389190 26576 387503 1687
internal_count=577204 184829 121033 63796 37220 19802 392375 3185 2671 101231 389190 26576 387503 1687
is_linear=0
shrinkage=0.03


Tree=231
num_leaves=15
num_cat=0
split_feature=4 3 10 6 9 10 6 3 0 9 3 3 4 7
split_gain=2.48347 3.1249 3.06368 3.03278 2.67593 2.55001 2.05135 1.87552 1.78182 2.82209 1.69858 1.03619 1.41374 1.32887
threshold=-0.53331337553511593 0.010665595405385406 0.70710678118693726 1.9286105341737312 -0.33464892253558037 -0.7071067810778896 0.11436413928766333 0.02622700872947609 0.18786061335214169 0.0091689715639101683 0.0020249963964159901 0.00036320989729176045 0.87382819775797926 6.3987341845770696e-11
decision_type=8 10 8 10 10 10 8 10 10 10 10 8 8 10
left_child=1 8 4 7 6 -6 -2 -3 10 -10 -1 12 -4 -13
right_child=2 3 11 -5 5 -7 -8 -9 9 -11 -12 13 -14 -15
leaf_value=-7.0481796419088814e-09 -3.6640814427235683e-07 3.4722570279959886e-06 -3.2383368909281676e-07 -1.1835356925195223e-05 1.1940103607842188e-07 -2.8033679035527022e-07 -1.3095543648997895e-06 2.5337181814983924e-05 -1.1580493229347893e-06 1.4022359113176947e-07 6.2217620104020613e-07 8.2306951581494433e-07 3.9888294877850373e-07 2.644240878396175e-08
leaf_weight=71031 51556 10710 1872 678 160110 142230 11163 1492 9204 16890 71038 18596 620 9879
leaf_count=71031 51556 10710 1872 678 160110 142230 11163 1492 9204 16890 71038 18596 620 9879
internal_value=-3.74299e-07 9.15643e-05 -4.25567e-05 0.000542281 -6.69901e-05 -2.97668e-05 -0.000245437 0.000654438 5.66559e-05 -0.000170319 9.8776e-05 0.000243471 -0.000330935 0.000295945
internal_weight=577069 181043 396026 12880 365059 302340 62719 12202 168163 26094 142069 30967 2492 28475
internal_count=577069 181043 396026 12880 365059 302340 62719 12202 168163 26094 142069 30967 2492 28475
is_linear=0
shrinkage=0.03


Tree=232
num_leaves=15
num_cat=0
split_feature=0 2 5 4 3 3 4 4 8 2 8 5 8 9
split_gain=2.42062 1.96422 1.93855 1.71658 3.97458 3.94099 1.33147 1.29498 1.67409 1.29462 1.34972 1.05841 1.0419 0.40143
threshold=-0.38779696343920089 0.010578366677787563 1.0728206273978222 -0.067989236129265815 0.0013073412751030439 0.0020249963964159901 -0.20422880487466857 -1.186059134237343 -7.0504209513094136e-08 0.00068069461386458311 -4.1877327330991247e-06 -0.47202004529258207 -1.04821231580966e-07 -0.29036745365188998
decision_type=8 10 8 8 10 10 10 10 10 10 10 10 8 10
left_child=2 3 7 5 -5 -2 13 12 -9 -4 -11 -8 -1 -3
right_child=1 6 9 4 -6 -7 11 8 -10 10 -12 -13 -14 -15
leaf_value=-2.517650876950928e-06 -1.1314682190928052e-07 1.0719709942131913e-05 1.9435847971447047e-06 1.3366389086951074e-07 -3.974945388098799e-07 5.1629151041619562e-07 4.5896743256099187e-05 -2.7160768067897804e-06 1.2010438975801985e-07 5.9294585531018257e-06 -1.095260708742664e-06 -4.1721917747151487e-06 -3.4709722621561995e-06 7.0372876438128205e-05
leaf_weight=356 123314 303 441 94652 197381 143748 365 6955 2877 929 4179 910 320 537
leaf_count=356 123314 303 441 94652 197381 143748 365 6955 2877 929 4179 910 320 537
internal_value=-1.70248e-05 -6.52151e-06 -0.000380158 -1.00876e-05 -6.04432e-05 4.4752e-05 0.000903529 -0.00062008 -0.000523064 6.36805e-05 -6.09613e-05 0.000233463 -0.00191545 0.00183529
internal_weight=577267 561210 16057 559095 292033 267062 2115 10508 9832 5549 5108 1275 676 840
internal_count=577267 561210 16057 559095 292033 267062 2115 10508 9832 5549 5108 1275 676 840
is_linear=0
shrinkage=0.03


Tree=233
num_leaves=13
num_cat=0
split_feature=2 1 1 6 0 0 2 5 10 5 7 6
split_gain=2.27008 2.19521 1.79219 2.85545 2.87151 2.74972 2.91863 2.38262 0.762971 0.740207 0.705929 0.503163
threshold=0.010578366677787563 -1.1045052178353372 0.41826545482672961 0.16468808143844885 0.056884618410974482 -0.43706957243055433 0.0002811199083325127 -0.94253992232512129 -0.70710678118575021 0.78202054650490394 -2.0822921976031103e-09 -0.14800546444582083
decision_type=10 10 8 10 10 8 10 10 10 10 8 10
left_child=2 -2 3 4 -1 10 -7 -5 11 -10 -4 -3
right_child=1 8 5 7 -6 6 -8 -9 9 -11 -12 -13
leaf_value=1.0972873988975239e-07 -5.6512812845623882e-06 2.706912539043487e-05 1.1401621418647363e-06 1.4070259048566984e-06 -4.0360838267390117e-07 -1.8920075161479086e-07 2.6943048857768708e-07 -4.1246492327021346e-07 4.8045593664442135e-05 -7.1037653025417913e-06 -3.0342499919189582e-06 6.5254223643125702e-05
leaf_weight=204318 560 308 315 7561 49117 5423 189335 116635 500 312 1951 499
leaf_count=204318 560 308 315 7561 49117 5423 189335 116635 500 312 1951 499
internal_value=-7.34341e-06 0.000956601 -1.11195e-05 -4.94756e-05 8.04908e-06 6.20908e-05 7.44886e-05 -0.000167335 0.00152486 0.000744526 -0.000972759 0.00221787
internal_weight=576834 2179 574655 377631 253435 197024 194758 124196 1619 812 2266 807
internal_count=576834 2179 574655 377631 253435 197024 194758 124196 1619 812 2266 807
is_linear=0
shrinkage=0.03


Tree=234
num_leaves=14
num_cat=0
split_feature=2 0 1 10 5 10 4 2 1 2 0 10 0
split_gain=2.40943 2.16248 2.56567 2.08266 3.14796 2.9407 1.78224 1.53324 0.960234 0.890576 0.463465 0.444119 0.215666
threshold=0.010578366677787563 -0.43706957243055433 -0.069279370326928533 1.0000000180025095e-35 -0.013974087933262906 0.70710678118705272 -0.48723105887970125 0.0010752205268085473 -0.65070768447975069 0.0023921166071085745 -0.16303166836038782 -0.70710678118575021 -0.065146455712673398
decision_type=10 8 10 10 10 10 10 10 10 10 10 10 10
left_child=1 2 7 4 -3 -5 12 -1 10 -4 -8 -10 -2
right_child=6 3 9 5 -6 -7 8 -9 11 -11 -12 -13 -14
leaf_value=1.3566533553452929e-06 3.2294751067361732e-05 5.9477838861234824e-07 -2.397709373893701e-06 -2.1339011666357091e-07 2.0709532493890564e-09 3.4158830195245081e-07 7.1351400899960563e-06 -1.1453159376543391e-06 4.2858980255938706e-05 -2.3898947187157724e-06 -1.3278887577824198e-05 1.2877304114487455e-05 7.6702506904566389e-05
leaf_weight=1036 304 72150 2052 248348 209047 36218 319 4355 497 1595 301 457 364
leaf_count=1036 304 72150 2052 248348 209047 36218 319 4355 497 1595 301 457 364
internal_value=-1.42448e-06 -5.36524e-06 -0.000465517 1.88768e-06 5.98918e-05 -5.5219e-05 0.000977798 -3.77708e-05 0.000375 -0.00107957 -0.00047619 0.000989627 0.00228319
internal_weight=577043 574801 9038 565763 281197 284566 2242 5391 1574 3647 620 954 668
internal_count=577043 574801 9038 565763 281197 284566 2242 5391 1574 3647 620 954 668
is_linear=0
shrinkage=0.03


Tree=235
num_leaves=15
num_cat=0
split_feature=9 8 6 3 1 2 10 10 5 8 3 6 3 6
split_gain=2.83939 5.87121 4.31051 2.58268 2.32698 3.75463 3.67947 2.63759 1.98143 1.9282 1.73653 1.75443 1.66628 1.58426
threshold=-0.07892755334481609 -1.3591092747993641e-05 0.20098758015268461 0.0088006170992023618 0.037701289031880476 0.0010294663053992134 0.7071067811864522 0.707106781186842 -0.67087810784143576 1.3939925233333634e-06 0.00049591139983294283 -0.21008732086724088 0.0048930073656329193 0.019914613969515219
decision_type=8 10 10 10 8 8 10 8 8 10 10 10 10 10
left_child=1 10 3 -3 7 8 -7 12 -6 -4 11 -1 -2 -9
right_child=4 2 9 -5 5 6 -8 13 -10 -11 -12 -13 -14 -15
leaf_value=-2.4118549424972502e-06 -6.5542756218880005e-08 1.2306547471816185e-08 -4.3151582771649812e-07 3.348862878845192e-06 -6.7461752079713095e-07 1.7104630784914884e-06 3.7374808033073629e-07 1.7148001370502172e-06 6.6809690197677981e-09 -1.8080299732479127e-06 -1.0798219980003193e-06 -5.5373774638946417e-07 -1.6344133795073875e-06 1.8340266565558698e-07
leaf_weight=1895 48549 221745 40711 10622 7167 51966 72271 2203 67004 6016 20438 1586 19951 5028
leaf_count=1895 48549 221745 40711 10622 7167 51966 72271 2203 67004 6016 20438 1586 19951 5028
internal_value=1.26827e-06 -6.19161e-05 -2.30237e-05 2.96157e-05 7.13262e-05 0.000125432 0.000226339 -6.9632e-05 -4.27872e-05 -0.000286026 -0.000513018 -0.00114122 -0.000127865 0.000473139
internal_weight=577152 303013 279094 232367 274139 198408 124237 75731 74171 46727 23919 3481 68500 7231
internal_count=577152 303013 279094 232367 274139 198408 124237 75731 74171 46727 23919 3481 68500 7231
is_linear=0
shrinkage=0.03


Tree=236
num_leaves=13
num_cat=0
split_feature=3 4 3 9 5 2 1 0 0 5 2 1
split_gain=2.32945 1.9088 3.74714 3.3408 3.04885 3.99812 2.42246 1.96713 1.85472 0.949909 0.349889 0.111646
threshold=0.034310187099720973 0.60052466197567644 0.0059371012827143591 0.53938990426876565 0.12181798009404948 0.0035789106301292537 2.7509153434900537 0.17919757065338829 0.1405407978946214 -0.056647625316887974 0.0065335628254655168 -0.26193324731509909
decision_type=8 8 10 10 10 10 10 10 10 10 10 10
left_child=1 4 6 -4 5 -1 -3 -6 11 -10 -11 -2
right_child=8 2 3 -5 7 -7 -8 -9 9 10 -12 -13
leaf_value=2.3746263877323536e-07 7.4746402588082546e-05 -1.9271340646566044e-08 -2.9306586077436636e-06 1.8220341214382513e-07 1.7786346992764657e-08 6.7526701754158479e-06 -1.3296303920951685e-06 -4.9472555595368801e-07 3.4938827926605396e-05 -5.1147612130167733e-06 1.1216470636507995e-05 3.0448013136364731e-05
leaf_weight=104074 313 133529 21144 11461 246218 11365 1354 45774 559 581 417 419
leaf_count=104074 313 133529 21144 11461 246218 11365 1354 45774 559 581 417 419
internal_value=-2.87933e-06 -6.79388e-06 -9.21324e-05 -0.000380806 2.81415e-05 0.000158719 -2.1884e-05 -2.32807e-05 0.000949978 0.000313976 -0.000190476 0.00219946
internal_weight=577208 574919 167488 32605 407431 115439 134883 291992 2289 1557 998 732
internal_count=577208 574919 167488 32605 407431 115439 134883 291992 2289 1557 998 732
is_linear=0
shrinkage=0.03


Tree=237
num_leaves=15
num_cat=0
split_feature=1 0 2 5 7 8 2 5 8 7 0 5 4 5
split_gain=2.41425 4.79407 3.74885 5.32104 2.87883 3.31702 2.73804 4.10284 2.30444 2.0928 1.96341 1.95344 1.6348 1.18834
threshold=-0.27210110232618173 -0.23407420809321436 0.00016848823110797654 1.0000000180025095e-35 1.5195471391808063e-08 -0.00020383729828848672 0.0011048415069730799 1.0728206273978222 -1.6874663176910741e-06 7.1848795973848028e-12 0.054518832979921335 1.4177270586146684 -0.079689110104072897 0.61748749647380974
decision_type=8 8 10 10 8 10 10 10 10 10 10 8 8 8
left_child=2 9 3 -1 5 -4 8 -8 -3 13 -5 -11 -6 -2
right_child=1 6 4 10 12 -7 7 -9 -10 11 -12 -13 -14 -15
leaf_value=-2.0445569165271714e-07 3.6703171663952719e-07 -3.4035255481716784e-07 -2.4498032545545012e-06 2.1008482107960977e-07 -3.4647048336815028e-07 -6.3983961150773774e-08 1.0437367534835682e-06 -2.5167382348761736e-07 6.3950596845835433e-08 -1.9021309434635626e-06 2.9130387203308803e-08 2.1643447298033431e-06 -1.6067820109694423e-06 -6.9362634816316934e-07
leaf_weight=354 10621 35202 5658 984 10555 188298 133617 52151 102402 13104 369 1372 14020 8876
leaf_count=354 10621 35202 5658 984 10555 188298 133617 52151 102402 13104 369 1372 14020 8876
internal_value=1.27772e-06 4.95306e-05 -7.67408e-05 0.00131741 -8.79652e-05 -4.88436e-05 8.52923e-05 0.00016045 -1.57397e-05 -0.000289027 0.00219222 -0.000562888 -0.000394143 -8.24319e-05
internal_weight=577583 357345 220238 1707 218531 193956 323372 185768 137604 33973 1353 14476 24575 19497
internal_count=577583 357345 220238 1707 218531 193956 323372 185768 137604 33973 1353 14476 24575 19497
is_linear=0
shrinkage=0.03


Tree=238
num_leaves=15
num_cat=0
split_feature=9 8 0 2 5 3 1 0 5 5 1 3 9 10
split_gain=2.45279 4.2678 4.05061 3.11494 2.63582 2.60437 2.57934 2.24726 2.3547 1.99524 1.47903 1.02527 1.00654 0.637769
threshold=-0.13958685569266741 -1.3591092747993641e-05 0.15492319149660386 0.0082522769874591607 1.0461484755717292 0.016953620687748125 1.6738190058727918 -0.17541598033008796 1.085732346483937 0.5570374980966587 -1.4658523036162479 0.0025654170392977421 0.20718079892376676 0.70710678118639836
decision_type=8 10 10 10 10 10 10 8 8 8 10 10 10 10
left_child=1 2 9 7 13 6 -3 10 -9 -1 -2 -4 -6 -5
right_child=3 5 11 4 12 -7 -8 8 -10 -11 -12 -13 -14 -15
leaf_value=-1.9233234147112763e-06 5.5572293646847602e-06 -5.4692674094102873e-08 -2.7561621747701137e-06 4.9617163478794042e-05 1.0137632360059059e-05 1.4089493220481975e-05 -1.704694575201524e-06 3.291702558894613e-07 -1.1798588090281757e-07 -1.9411612815932343e-07 -6.1607561676700525e-07 -3.190265827704476e-06 -2.6468143641787519e-05 2.5042879072489798e-05
leaf_weight=4916 407 243780 1524 761 347 1687 2126 198438 84129 10808 25886 1237 321 922
leaf_count=4916 407 243780 1524 761 347 1687 2126 198438 84129 10808 25886 1237 321 922
internal_value=2.12022e-06 -6.46478e-05 -0.000504461 5.93983e-05 0.00114612 -3.15505e-05 -3.98673e-05 5.08952e-05 7.57386e-05 -0.00031308 -0.00021374 -0.00156767 -0.000371681 0.00178263
internal_weight=577289 266078 18485 311211 2351 247593 245906 308860 282567 15724 26293 2761 668 1683
internal_count=577289 266078 18485 311211 2351 247593 245906 308860 282567 15724 26293 2761 668 1683
is_linear=0
shrinkage=0.03


Tree=239
num_leaves=13
num_cat=0
split_feature=0 5 5 6 2 1 2 6 2 4 8 4
split_gain=1.99331 1.92019 1.85698 3.42546 2.93558 1.71694 5.78494 2.36015 1.38588 1.83598 1.13293 0.527576
threshold=-0.49187374687867924 -0.62326240953477652 -0.94253992232512129 2.0695244849081802 0.0047702214701795132 -0.38872796872458321 0.00016848823110797654 -1.6939801898982922 0.00066540936190037452 1.0357599760741676 -0.0001739954698703244 0.88711405595099613
decision_type=8 8 10 10 8 10 10 10 8 8 10 10
left_child=1 11 3 4 -2 6 -4 -7 -3 -10 -5 -1
right_child=2 8 5 10 -6 7 -8 -9 9 -11 -12 -13
leaf_value=-7.3138299393093013e-06 8.6970802728779735e-07 5.1629050031166788e-07 1.3157696149316935e-07 -1.02769277911085e-06 2.5249577529127123e-05 -1.1353582826108908e-06 -2.165182213428361e-07 8.897513732403008e-08 -7.8989553605712767e-07 -5.889268366605246e-06 -9.7235255647441042e-06 -3.083593646426667e-06
leaf_weight=547 17826 345 1535 336 1560 4341 185372 361060 2934 446 530 312
leaf_count=547 17826 345 1535 336 1560 4341 185372 361060 2934 446 530 312
internal_value=6.13355e-07 -0.00062168 5.71109e-06 0.000287829 0.000373067 -4.53e-06 -7.85803e-05 3.31846e-05 -0.000305221 -0.000504425 -0.00153425 -0.00190564
internal_weight=577144 4584 572560 20252 19386 552308 186907 365401 3725 3380 866 859
internal_count=577144 4584 572560 20252 19386 552308 186907 365401 3725 3380 866 859
is_linear=0
shrinkage=0.03


end of trees

feature_importances:
garman_klass_vol_6=829
q75_ts_zscore_close_6__6_=419
taker_ratio_z_6=298
_body_pct_mean_4____imbalance_x_high_volume_3___rolling_ret_mean_4__=271
_ret_x_volume_z_2____body_pct_mean_4____imbalance_x_high_volume_3___rolling_ret_mean_3___=270
abs_bb_width_2_=267
delta__buy_pressure_negative_ratio_6___taker_buy_base_volume_log_delta_4___3_=249
taker_buy_quote_volume_ratio_6=237
ema_trade_count_ratio_3__1_=172
taker_buy_quote_volume_log_delta_6=116
realized_vol_z_2=88

parameters:
[boosting: gbdt]
[objective: quantile]
[metric: quantile]
[tree_learner: serial]
[device_type: cpu]
[data_sample_strategy: bagging]
[data: ]
[valid: ]
[num_iterations: 250]
[learning_rate: 0.03]
[num_leaves: 15]
[num_threads: 0]
[seed: 42]
[deterministic: 0]
[force_col_wise: 1]
[force_row_wise: 0]
[histogram_pool_size: -1]
[max_depth: 4]
[min_data_in_leaf: 300]
[min_sum_hessian_in_leaf: 0.001]
[bagging_fraction: 0.8]
[pos_bagging_fraction: 1]
[neg_bagging_fraction: 1]
[bagging_freq: 1]
[bagging_seed: 42]
[bagging_by_query: 0]
[feature_fraction: 0.7]
[feature_fraction_bynode: 1]
[feature_fraction_seed: 42]
[extra_trees: 0]
[extra_seed: 12879]
[early_stopping_round: 0]
[early_stopping_min_delta: 0]
[first_metric_only: 0]
[max_delta_step: 0]
[lambda_l1: 2]
[lambda_l2: 10]
[linear_lambda: 0]
[min_gain_to_split: 0]
[drop_rate: 0.1]
[max_drop: 50]
[skip_drop: 0.5]
[xgboost_dart_mode: 0]
[uniform_drop: 0]
[drop_seed: 17869]
[top_rate: 0.2]
[other_rate: 0.1]
[min_data_per_group: 100]
[max_cat_threshold: 32]
[cat_l2: 10]
[cat_smooth: 10]
[max_cat_to_onehot: 4]
[top_k: 20]
[monotone_constraints: ]
[monotone_constraints_method: basic]
[monotone_penalty: 0]
[feature_contri: ]
[forcedsplits_filename: ]
[refit_decay_rate: 0.9]
[cegb_tradeoff: 1]
[cegb_penalty_split: 0]
[cegb_penalty_feature_lazy: ]
[cegb_penalty_feature_coupled: ]
[path_smooth: 0]
[interaction_constraints: ]
[verbosity: -1]
[saved_feature_importance_type: 0]
[use_quantized_grad: 0]
[num_grad_quant_bins: 4]
[quant_train_renew_leaf: 0]
[stochastic_rounding: 1]
[linear_tree: 0]
[max_bin: 255]
[max_bin_by_feature: ]
[min_data_in_bin: 3]
[bin_construct_sample_cnt: 200000]
[data_random_seed: 42]
[is_enable_sparse: 1]
[enable_bundle: 1]
[use_missing: 1]
[zero_as_missing: 0]
[feature_pre_filter: 1]
[pre_partition: 0]
[two_round: 0]
[header: 0]
[label_column: ]
[weight_column: ]
[group_column: ]
[ignore_column: ]
[categorical_feature: ]
[forcedbins_filename: ]
[precise_float_parser: 0]
[parser_config_file: ]
[objective_seed: 16083]
[num_class: 1]
[is_unbalance: 0]
[scale_pos_weight: 1]
[sigmoid: 1]
[boost_from_average: 1]
[reg_sqrt: 0]
[alpha: 0.2]
[fair_c: 1]
[poisson_max_delta_step: 0.7]
[tweedie_variance_power: 1.5]
[lambdarank_truncation_level: 30]
[lambdarank_norm: 1]
[label_gain: ]
[lambdarank_position_bias_regularization: 0]
[eval_at: ]
[multi_error_top_k: 1]
[auc_mu_weights: ]
[num_machines: 1]
[local_listen_port: 12400]
[time_out: 120]
[machine_list_filename: ]
[machines: ]
[gpu_platform_id: -1]
[gpu_device_id: -1]
[gpu_use_dp: 0]
[num_gpu: 1]

end of parameters

pandas_categorical:[]
