tree
version=v4
num_class=1
num_tree_per_iteration=1
label_index=0
max_feature_idx=7
objective=binary sigmoid:1
feature_names=ma_ratio_close_30 trade_count_log_z_600 parkinson_vol_600 realized_vol_z_3 buy_pressure_positive_ratio_800 taker_delta_quote_z_60 logret_close_50 efficiency_ratio_400
feature_infos=[-0.27472619445129109:0.17491257839904728] [-16.470509994973693:7.5180797473697796] [0.00079493983247898726:0.019018763499167222] [-1.1547005398436716:1.1547005389821969] [0.28749999999999998:0.77375000000000005] [-4.8544786432202294:4.6390124775377322] [-0.40141455504065604:0.38383267847806657] [0:0.36185857247628311]
tree_sizes=1741 1789 1788 1791 1801 1799 1791 1791 1798 1802 1802 1652 1802 1682 1571 1799 1793 1798 1805 1805 1808 1803 1791 1806 1789 1802 1763 1802 1805 1797 1806 1801 1805 1808 1804 1780 1796 1811 1810 1803 1811 1809 1810 1791 1807 1794 1806 1810 1785 1821 1806 1800 1795 1793 1810 1818 1820 1769 1803 1817 1802 1795 1810 1803 1811 1810 1817 1802 1812 1818 1682 1807 1823 1814 1810 1791 1795 1810 1815 1796 1821 1809 1815 1784 1812 1816 1800 1811 1783 1809 1800 1789 1790 1813 1817 1793 1697 1786 1813 1805 1811 1797 1792 1581 1693 1792 1800 1813 1820 1790 1824 1799 1691 1813 1789 1795 1796 1797 1817 1816 1810 1693 1817 1817 1721 1819 1799 1806 1819 1811 1796 1761 1809 1787 1805 1809 1804 1813 1654 1832 1750 1801 1819 1393 1772 1791 1684 1689 1785 1447 1756 1802 1808 1678 1467 1417 1778 1449 1748 1805 1358 1140 1785 1783 1574 1559 1821 1830 1820 1782 1758 1812 1320 1823 1699 1445 1794 1565 1813 1778 1774 1785 1806 1829 1412 1310 1425 1694 1777 1587 1666 1817 1575 1794 1810 1668 1474 1245 1691 1583 1812 1828 1806 1821 1805 1257 1800 1804 1143 1329 1815 1670 1236 1629 1555 1247 1343 1469 1365 1763 1134 1828 1800 1763 1432 1357 1834 1697 1476 1791 1729 1679 1817 1569 1431 1476 1696 1651 1594 1444 1160 1669 1456 1779 1836 1819 1829 1349 1800 1457

Tree=0
num_leaves=15
num_cat=0
split_feature=0 0 6 6 0 0 6 6 0 6 6 6 4 4
split_gain=8087.4 5864.23 2026.76 1319.46 1032.68 1002.76 254.598 236.956 156.707 129.514 102.341 86.0858 36.1342 9.88877
threshold=-0.010239097130758988 0.0081743192531785764 -0.017602406521675992 0.017407800205788252 -0.019730210586930582 0.019297759693340025 -0.03845494364480561 -0.0065452037162145862 0.028809310225199506 -0.068807594727604546 -0.043862520125166775 -0.0067508324162535152 0.67187500000000011 0.47437500000000005
decision_type=10 10 10 10 10 10 10 10 10 8 8 10 10 10
left_child=4 2 6 -4 9 7 -2 -3 -7 -1 13 -12 -11 -6
right_child=1 5 3 -5 10 8 -8 -9 -10 12 11 -13 -14 -15
leaf_value=-1.2410642126013713 -1.2979961528804436 -1.2869814551880698 -1.3504518978371989 -1.3260003514936485 -1.2726002668027325 -1.2907509525559913 -1.3225931699506168 -1.3170120463177759 -1.2652231715289199 -1.2679852882084242 -1.3073788111211011 -1.2890712545049525 -1.303990903497722 -1.2979369041072712
leaf_weight=267.70397388935089 495.60741865634918 259.1163078546524 16674.770228028297 2245.50952064991 144.99943804740906 656.6261568069458 1624.3900599479675 2477.7067984342575 439.45729458332062 774.70656478404999 1175.0239199399948 336.24015474319458 55.984976649284363 97.932422280311584
leaf_count=1621 3001 1569 100969 13597 878 3976 9836 15003 2661 4691 7115 2036 339 593
internal_value=-1.33271 -1.3382 -1.34443 -1.34754 -1.28496 -1.30413 -1.31668 -1.31399 -1.27994 -1.26211 -1.29962 -1.30301 -1.26997 -1.2808
internal_weight=27725.8 24873.2 21040.3 18920.3 2852.59 3832.91 2120 2736.82 1096.08 1098.4 1754.2 1511.26 830.692 242.932
internal_count=167885 150612 127403 114566 17273 23209 12837 16572 6637 6651 10622 9151 5030 1471
is_linear=0
shrinkage=1


Tree=1
num_leaves=15
num_cat=0
split_feature=2 2 2 1 1 1 1 1 1 2 2 2 2 0
split_gain=20116.1 3422.35 2308.21 2063.81 816.762 728.868 681.05 394.722 350.538 301.285 221.423 216.2 201.022 175.324
threshold=0.004283565586432057 0.0028756279559095919 0.005442031007640939 0.47891955073573406 -0.15249851215788088 0.36442101041522451 1.1012185922268034 1.5198098575172285 -0.44952336009472177 0.0080722935438988647 0.0017372338072111071 0.0074696459271216525 0.00235217571412407 -0.015446927119490915
decision_type=8 10 8 10 8 10 10 10 10 10 10 10 10 10
left_child=1 6 5 8 9 -2 12 -5 -3 -4 -8 -6 -1 -7
right_child=2 3 4 7 11 13 10 -9 -10 -11 -12 -13 -14 -15
leaf_value=-0.033122454205920748 0.015299701950768978 -0.017075663697550241 0.037577707896207256 0.012447657637875309 0.064537409683214433 0.071032420726961254 -0.027956565667018714 0.037347236050272653 -0.0036991317698354446 0.066160123018108932 -0.0018009612266289957 0.088459028803774584 -0.023783375120651564 0.038554880059202358
leaf_weight=5644.6258807182312 2224.9481261372566 3601.6395575106144 1423.0902821421623 1920.55944865942 1247.155971467495 217.46298988163471 376.14037546515465 825.9063321352005 3485.7357365489006 476.59227956831455 1216.4814924895763 689.09092703461647 3630.204369366169 751.99504467844963
leaf_count=34470 13471 21945 8587 11570 7421 1272 2285 4918 21140 2853 7326 4063 22104 4511
internal_value=9.52226e-05 -0.0147942 0.0439055 -0.00195986 0.0595954 0.0249188 -0.02639 0.0200655 -0.0105197 0.0450888 -0.00815164 0.0734925 -0.0295031 0.0465521
internal_weight=27731.6 20701.3 7030.34 9833.84 3835.93 3194.41 10867.5 2746.47 7087.38 1899.68 1592.62 1936.25 9274.83 969.458
internal_count=167936 125758 42178 59573 22924 19254 66185 16488 43085 11440 9611 11484 56574 5783
is_linear=0
shrinkage=0.03


Tree=2
num_leaves=15
num_cat=0
split_feature=2 2 2 1 1 1 1 1 1 2 2 2 2 1
split_gain=18392.9 3247 2048.1 1944.32 735.941 682.495 659.959 380.409 358.182 249.782 243.357 187.029 165.882 156.409
threshold=0.004283565586432057 0.0028756279559095919 0.005442031007640939 0.5756127726881014 -0.15249851215788088 0.37690554160485973 0.96769995628936922 -0.36668769995926803 1.5198098575172285 0.0080722935438988647 0.0023216729328646127 0.00235217571412407 0.0074696459271216525 -0.34829153175391903
decision_type=8 10 8 10 8 10 10 10 10 10 10 10 10 10
left_child=1 6 5 7 9 13 11 -3 -5 -4 -8 -1 -6 -2
right_child=2 3 4 8 12 -7 10 -9 -10 -11 -12 -13 -14 -15
leaf_value=-0.032974049269570677 0.0074374694990060287 -0.01632070656883855 0.035125686695935576 0.012394355610021082 0.060472754016194376 0.044102764174913489 -0.018574923007868657 -0.0025787458848806921 0.036571606176714178 0.060833738438008586 0.003479686772273529 -0.0237464896699019 0.081303945002241126 0.023780504872863442
leaf_weight=5415.8595459759235 1373.9795428961515 3911.0143097043037 1472.3833310008049 1660.62611310184 1304.2237310707569 967.76690323650837 1086.7547386139631 3402.4078038930893 839.09496240317822 490.33430869877338 752.5362613350153 3468.7795240879059 721.04823213815689 876.74035166203976
leaf_count=33733 8262 24049 8694 9927 7484 5624 6643 20655 4891 2827 4539 21424 4050 5244
internal_value=-0.000143875 -0.0146169 0.0410562 -0.0021352 0.0554276 0.0231138 -0.0260203 -0.00994801 0.0206474 0.0418544 -0.00954893 -0.0294089 0.0682817 0.0139073
internal_weight=27743.5 20537.1 7206.48 9813.14 3987.99 3218.49 10723.9 7313.42 2499.72 1962.72 1839.29 8884.64 2025.27 2250.72
internal_count=168046 125861 42185 59522 23055 19130 66339 44704 14818 11521 11182 55157 11534 13506
is_linear=0
shrinkage=0.03


Tree=3
num_leaves=15
num_cat=0
split_feature=2 2 1 2 1 1 1 1 1 2 2 2 1 1
split_gain=16838.1 3191.91 1914.99 1812.87 686.048 666.613 644.157 389.655 265.869 234.948 202.529 197.849 149.284 145.105
threshold=0.004283565586432057 0.0028756279559095919 0.35273615078122827 0.005442031007640939 1.2553710978542398 0.37690554160485973 -0.056149561288726509 1.5198098575172285 -0.44952336009472177 0.0080722935438988647 0.00235217571412407 0.0019546629117876799 -0.3299063130487126 1.1012185922268034
decision_type=8 10 10 8 10 10 8 10 10 10 10 10 10 10
left_child=1 4 8 5 10 12 9 -4 -3 -5 -1 -6 -2 -8
right_child=3 2 7 6 11 -7 13 -9 -10 -11 -12 -13 -14 -15
leaf_value=-0.032204721633317057 0.0066115382214477223 -0.016672764189860318 0.010659324348626766 0.033967117403407548 -0.020999761356119768 0.042394340585767853 0.058627052765706365 0.034283142402499092 -0.0045979806326691876 0.057596313365845773 -0.022828125333206988 0.0030833971039550645 0.022586769086813039 0.080266998346269228
leaf_weight=5606.7157129943371 1399.6226764023304 3536.1579116135836 2302.523536965251 1592.1518902480602 462.28732225298882 988.20561227202415 1421.9565499871969 869.90934145450592 3106.0288595557213 552.48985870182514 3619.5768327265978 862.28688336908817 862.2579088062048 515.83910316228867
leaf_count=35584 8378 21976 13735 9195 2865 5606 7834 4970 18930 3076 22637 5203 5088 2801
internal_value=-0.000177889 -0.0142164 -0.00189073 0.0387709 -0.0256636 0.0219195 0.0520855 0.0172434 -0.0110508 0.0403212 -0.0285614 -0.00537124 0.0128005 0.0648009
internal_weight=27698 20365.5 9814.62 7332.52 10550.9 3250.09 4082.44 3172.43 6642.19 2144.64 9226.29 1324.57 2261.88 1937.8
internal_count=167878 125900 59611 41978 66289 19072 22906 18705 40906 12271 58221 8068 13466 10635
is_linear=0
shrinkage=0.03


Tree=4
num_leaves=15
num_cat=0
split_feature=2 2 2 6 2 6 2 6 6 6 7 7 6 6
split_gain=16025 2955.06 1655.77 894.35 423.942 351.315 341.048 310.877 252.053 162.037 133.666 123.689 63.3543 55.0863
threshold=0.0042505236578338169 0.0028756279559095919 0.0053927673544491841 -0.021491531990514009 0.0080722935438988647 0.024591279000317105 0.0024039869930330819 -0.024139744254736858 -0.027250367864836807 -0.01322938879661084 0.079770124052300051 0.15216229982414128 -0.035583515385673607 -0.063349117521078732
decision_type=8 10 8 10 8 10 10 10 10 10 10 10 10 10
left_child=1 6 7 12 8 -5 11 13 -4 -8 -9 -1 -3 -2
right_child=2 3 4 5 -6 -7 9 10 -10 -11 -12 -13 -14 -15
leaf_value=-0.029997128206487297 0.063241487316411382 0.028867239651228258 0.059817708872170729 -0.0080856308118166277 0.064743910159066775 0.0096526479202440098 -0.0031712332115109683 0.011686273710021074 0.038164606605855848 -0.020473298716878186 0.025763428604366336 -0.0060905233748315829 0.01461222288396148 0.035143474674459579
leaf_weight=6461.7988644242287 103.48163041472435 581.44256192445755 674.95983140170574 7256.828074708581 1213.8267976641655 1154.6076565235853 593.18597453832626 1788.9050550013781 2418.8618203997612 3080.153364405036 962.33094210922718 213.30716323852539 667.06283624470234 439.24247848987579
leaf_count=41579 563 3381 3647 44564 6448 6829 3665 10504 13473 19454 5572 1340 3980 2494
internal_value=3.47514e-05 -0.0140512 0.0370884 -0.00210639 0.0493381 -0.00563507 -0.0251827 0.0209499 0.0430854 -0.0177118 0.0167074 -0.0292524 0.0214752 0.0416567
internal_weight=27610 20008.4 7601.61 9659.94 4307.65 8411.44 10348.4 3293.96 3093.82 3673.34 2751.24 6675.11 1248.51 542.724
internal_count=167493 124792 42701 58754 23568 51393 66038 19133 17120 23119 16076 42919 7361 3057
is_linear=0
shrinkage=0.03


Tree=5
num_leaves=15
num_cat=0
split_feature=2 2 1 2 1 1 1 1 2 1 2 2 2 2
split_gain=14976.5 2849.14 1795.19 1531.33 633.175 541.083 491.076 475.035 262.401 191.508 169.856 157.341 143.934 121.201
threshold=0.0042240118865713439 0.0027195488069857018 0.20332472955456996 0.0053927673544491841 0.76130195089509156 -0.35763036366884404 1.8385319234672457 1.1012185922268034 0.003552681884281731 -0.3299063130487126 0.0071915022378682041 0.0019877204066549993 0.0080722935438988647 0.0023358565281525515
decision_type=8 10 10 8 10 8 10 10 10 10 10 10 10 10
left_child=1 7 8 4 9 12 -4 13 -3 -2 -7 -9 -5 -1
right_child=3 2 6 5 -6 10 -8 11 -10 -11 -12 -13 -14 -15
leaf_value=-0.031893694663996226 0.0056849940808463475 -0.017611772102016497 0.0075687010529005717 0.028154449415371832 0.045197542196507998 0.04817958024111333 0.035695950698737697 -0.021764384666762133 -0.0051623381424472231 0.021691413635576463 0.065404132551801206 -0.001084086570090673 0.048702155662607501 -0.023494652113377285
leaf_weight=5155.317071646452 1458.8250294774771 4177.4318919479847 3412.3695821464062 1347.1629390865564 699.39218407869339 1555.7680618464947 662.97011788189411 564.51145707070827 2437.7976180016994 1276.0989144742489 1074.9955698102713 799.61836034059525 448.70680169761181 2559.8745666444302
leaf_count=34016 8646 26154 20368 7504 3824 8257 3728 3606 15159 7293 5509 4905 2355 16465
internal_value=1.52521e-05 -0.0139101 -0.00340162 0.0350176 0.0198676 0.0466866 0.0122353 -0.0262595 -0.0130478 0.0132272 0.0554617 -0.00978189 0.0335629 -0.0291487
internal_weight=27630.8 19769.9 10690.6 7860.95 3434.32 4426.63 4075.34 9079.32 6615.23 2734.92 2630.76 1364.13 1795.87 7715.19
internal_count=167789 124401 65409 43388 19763 23625 24096 58992 41313 15939 13766 8511 9859 50481
is_linear=0
shrinkage=0.03


Tree=6
num_leaves=15
num_cat=0
split_feature=2 2 2 1 1 1 1 1 1 2 6 2 6 2
split_gain=13710.3 2403.25 1919.32 1288.44 1076.28 553.398 409.791 384.552 247.659 195.666 163.231 122.904 119.87 110.322
threshold=0.0038080536024029036 0.0053927673544491841 0.0026088958670837099 0.23601329327341466 0.6968951412403751 -0.09463883693309702 1.2010392010076487 1.8950323717228763 -0.45933897015971231 0.0080722935438988647 -0.013595556009620145 0.0017372338072111071 -0.024872446401529299 0.0080722935438988647
decision_type=8 8 10 10 10 8 10 10 10 10 10 10 10 10
left_child=2 4 6 10 8 9 -1 -5 -2 -3 -4 -8 -6 -7
right_child=1 5 3 7 12 13 11 -9 -10 -11 -12 -13 -14 -15
leaf_value=-0.02952745376413719 -4.1408345184705588e-05 0.027795025050726792 -0.0034093124168316897 0.0030916109705833796 0.055299976235159802 0.049734291479276292 -0.025439955434650979 0.030094383849408119 0.014197309410497388 0.048677410615701688 -0.017632535288157079 -0.0031881700433555502 0.032590187362444539 0.067190239665758933
leaf_weight=7005.220689997077 2070.0309473723173 1707.7290063500404 870.18349224328995 2938.3873418718576 323.48176515102386 1614.9007540494204 307.61856703460217 558.57388839125633 2314.450096771121 578.37121756374836 4938.4557314068079 792.60771822929382 944.41596554219723 603.60065780580044
leaf_count=46758 12552 9330 5382 17588 1716 8269 2007 3112 13504 2955 31361 4908 5246 2961
internal_value=-2.47387e-05 0.0276569 -0.0161832 -0.00686681 0.0145735 0.0439919 -0.0268501 0.00749542 0.00747638 0.0332933 -0.0155216 -0.00963682 0.0388185 0.0547907
internal_weight=27568 10157 17411 9305.6 5652.38 4504.6 8105.45 3496.96 4384.48 2286.1 5808.64 1100.23 1267.9 2218.5
internal_count=167649 56533 111116 57443 33018 23515 53673 20700 26056 12285 36743 6915 6962 11230
is_linear=0
shrinkage=0.03


Tree=7
num_leaves=15
num_cat=0
split_feature=2 2 2 1 1 1 1 1 7 0 0 0 2 2
split_gain=12953.9 2283.4 1790.51 1262.53 953.077 464.101 347.108 340.597 261.18 260.678 162.914 142.137 117.864 107.424
threshold=0.0037798306691608631 0.0053927673544491841 0.0025593995991118391 0.74496767310870837 0.65083771172273031 -0.41274357435780445 -0.17124088131480655 1.1012185922268034 0.095653675984470235 -0.0066927545905441912 -0.022131525567186557 -0.01616312885097498 0.0080722935438988647 0.0017372338072111071
decision_type=8 8 10 10 10 8 10 10 10 10 8 10 10 10
left_child=2 4 7 6 9 12 -4 -1 -5 -2 -7 -6 -3 -9
right_child=1 5 3 8 11 10 -8 13 -10 -11 -12 -13 -14 -15
leaf_value=-0.02972065565968042 0.023814829341961059 0.024498257521708314 -0.01870876158648133 0.00526558839624268 0.054080475692591772 0.066313019880600954 -0.0053748818056283407 -0.025741341056216518 0.027518064474674978 0.0038925839972245068 0.04569999917982509 0.029693999703814384 0.043226948380342377 -0.0055608718344844132
leaf_weight=6398.1054485738277 693.85591858625412 1318.1214556545019 4364.7373599112034 1424.1802609860897 301.36037257313728 494.6643797904253 2979.8268048912287 337.94321551918983 713.94670201838017 3814.9662303924561 2372.8270774483681 1097.4266864210367 441.62090222537518 808.68201702833176
leaf_count=43607 4008 7133 28072 8303 1555 2383 18484 2244 4098 22737 11939 6013 2215 5048
internal_value=5.90757e-05 0.0261942 -0.016113 -0.00741439 0.0137815 0.0419646 -0.0133218 -0.0270138 0.0128174 0.00701758 0.0494949 0.0353371 0.02945 -0.0117316
internal_weight=27562.3 10534.8 17027.4 9482.69 5907.61 4627.23 7344.56 7544.73 2138.13 4508.82 2867.49 1398.79 1759.74 1146.63
internal_count=167839 57983 109856 58957 34313 23670 46556 50899 12401 26745 14322 7568 9348 7292
is_linear=0
shrinkage=0.03


Tree=8
num_leaves=15
num_cat=0
split_feature=2 2 2 0 0 0 0 0 0 0 2 0 0 0
split_gain=12264.8 2482.94 1169.69 1094.8 562.792 418.554 327.5 286.29 257.697 215.765 199.1 150.867 59.4554 16.9265
threshold=0.0041748883435299448 0.0027195488069857018 0.005442031007640939 -0.0072884544007937304 0.0089077890009516842 -0.0089843788974214838 -0.013122764472455693 -0.012199706618455762 0.0069511909723140039 0.0094464768421306262 0.0071915022378682041 -0.01616312885097498 -0.017855609637251076 -0.018711053761267357
decision_type=8 10 8 10 10 10 10 10 10 10 8 10 10 10
left_child=1 7 5 11 -5 12 -4 13 -9 -7 -8 -3 -2 -1
right_child=2 3 6 4 -6 9 10 8 -10 -11 -12 -13 -14 -15
leaf_value=0.014107866731183909 0.04967589718780735 0.032431116484677822 0.056216317860731675 -0.010821904145998177 0.010479977296559393 0.0088660836377790139 0.029581668769285405 -0.027924172066020481 -0.0089134873126720561 0.027988243300610123 0.044522596614587191 0.012499378054847705 0.029367897497276897 -0.00071740410465497061
leaf_weight=99.335008278489113 298.36186629533768 528.63923642039299 959.45817378163338 7536.1651767939329 1299.0019694268703 2499.4120640605688 2111.426821321249 7640.4058358073235 723.7916357666254 678.01143322885036 1492.3166528940201 1048.5410884171724 403.18111033737659 167.97466215491295
leaf_count=603 1505 2924 4607 47436 7547 14418 10917 52490 4683 3700 7355 6230 2194 1065
internal_value=-8.81517e-05 -0.0134326 0.0299875 -0.00355638 -0.00767488 0.0177778 0.0402916 -0.0253216 -0.0262989 0.0130403 0.0358914 0.0193801 0.0386658 0.00488553
internal_weight=27486 19043.9 8442.17 10412.3 8835.17 3878.97 4563.2 8631.51 8364.2 3177.42 3603.74 1577.18 701.543 267.31
internal_count=167674 122978 44696 64137 54983 21817 22879 58841 57173 18118 18272 9154 3699 1668
is_linear=0
shrinkage=0.03


Tree=9
num_leaves=15
num_cat=0
split_feature=2 2 2 1 1 1 1 1 2 2 7 2 2 1
split_gain=11412.1 1892.62 1789.42 1223.53 865.727 428.4 395.509 353.447 189.588 186.506 153.001 131.013 91.0479 72.3652
threshold=0.0037934352431188167 0.0053927673544491841 0.0025593995991118391 0.069389573707070745 0.41454519896616304 1.8385319234672457 0.49203696061066243 1.2010392010076487 0.0046510927379661516 0.0071915022378682041 0.086462420989831937 0.0032931053952402136 0.0017372338072111071 0.35273615078122827
decision_type=8 8 10 10 10 10 8 10 10 10 10 10 10 10
left_child=2 4 7 11 8 -5 9 13 -2 -3 -6 -4 -9 -1
right_child=1 6 3 5 10 -7 -8 12 -10 -11 -12 -13 -14 -15
leaf_value=-0.030980044554074659 0.00041043794665779245 0.026458204610779149 -0.020309209889841411 0.0012182140058336602 0.022408772022768586 0.027860144075346344 0.052059406385965484 -0.023612068163860661 0.014010122192505865 0.041383719482393319 0.040838004608837006 -0.010463507028625786 -0.0037855094946038057 -0.022713078750003779
leaf_weight=4843.7204330265522 2651.4080970138311 2015.3007397204638 3136.2939553558826 3614.5282068401575 1079.2833952158689 630.71891456842422 1391.3854746371508 292.99882689118385 1413.2865177541971 1363.8435136824846 735.2957878857851 2103.6297417879105 716.3781280964613 1459.2394873648882
leaf_count=34308 15965 10357 20620 21881 5807 3439 6571 2003 8070 6616 3859 13531 4513 10215
internal_value=7.29208e-05 0.0243564 -0.0153248 -0.00670749 0.0129148 0.00524669 0.0383882 -0.0264702 0.00517653 0.0326043 0.0300924 -0.0163954 -0.00977474 -0.0291146
internal_weight=27447.3 10649.8 16797.5 9485.17 5879.27 4245.25 4770.53 7312.34 4064.69 3379.14 1814.58 5239.92 1009.38 6302.96
internal_count=167755 57245 110510 59471 33701 25320 23544 51039 24035 16973 9666 34151 6516 44523
is_linear=0
shrinkage=0.03


Tree=10
num_leaves=15
num_cat=0
split_feature=2 2 2 0 0 0 0 2 0 0 0 7 0 7
split_gain=10603.5 1711.13 1614.6 874.189 628.668 369.046 329.236 276.174 200.308 213.551 180.976 131.52 94.807 51.9969
threshold=0.0038080536024029036 0.0026088958670837099 0.0053927673544491841 -0.0079523074299736578 -0.0084403072407728801 0.01097405567358223 0.0091660974063684248 0.0071915022378682041 0.0069511909723140039 -0.0092904581580653383 -0.012199706618455762 0.10529302620677816 -0.019730210586930582 0.15905407352226877
decision_type=8 10 8 10 10 10 10 8 10 10 10 10 10 10
left_child=1 8 4 11 12 -5 -6 10 9 -1 -4 -3 -2 -10
right_child=2 3 7 5 6 -7 -8 -9 13 -11 -12 -13 -14 -15
leaf_value=-0.0044984757432046142 0.047485973968503674 0.011437517905372393 0.045631056599137763 -0.011970115783174019 0.0039523052735909578 0.0090812679218819393 0.023267057952953384 0.04460311426073988 -0.011998902545987055 -0.028121407358735528 0.025666540533022652 0.034370848073080947 0.026631620517023488 0.012601400412781847
leaf_weight=374.19319345057011 331.08623744547367 894.85284173488617 535.34327682852745 7114.116114154458 3804.1318715810776 826.98426955938339 1000.0492235720158 2064.5419466048479 519.34132324159145 6603.7250820845366 2255.6184363216162 307.19597285985947 708.60850429534912 79.878068000078201
leaf_count=2421 1637 5209 2531 45683 22340 4768 5429 9702 3454 47269 11365 1727 3840 511
internal_value=1.74154e-05 -0.014901 0.0233287 -0.00614478 0.0126566 -0.00976162 0.00802535 0.0361085 -0.0254371 -0.0268715 0.0296667 0.0175831 0.0337189 -0.00846809
internal_weight=27419.7 16720.3 10699.4 9143.15 5843.88 7941.1 4804.18 4855.5 7577.14 6977.92 2790.96 1202.05 1039.69 599.219
internal_count=167886 111042 56844 57387 33246 50451 27769 23598 53655 49690 13896 6936 5477 3965
is_linear=0
shrinkage=0.03


Tree=11
num_leaves=14
num_cat=0
split_feature=6 6 6 6 1 6 1 1 4 1 4 6 6
split_gain=3835.15 2461.66 712.332 553.626 452.13 407.966 158.622 90.925 78.7799 73.468 71.78 41.3139 7.08614
threshold=-0.022091074454356981 0.019212237430568994 -0.010415513318590362 0.045492492248119916 -0.085319150817296033 -0.063349117521078732 0.37690554160485973 0.38961326487564896 0.46437500000000004 1.9610083703676942 0.67687500000000012 -0.036996482936426205 -0.068807594727604546
decision_type=10 10 10 10 8 10 8 8 10 8 10 10 10
left_child=5 2 7 9 -4 12 8 -2 -7 -3 -5 -8 -1
right_child=1 3 4 10 -6 6 11 -9 -10 -11 -12 -13 -14
leaf_value=0.050919445256654768 0.00010904008623916475 0.0071043728465625365 -0.016250968021336899 0.033285256429560317 -0.0059196002454802313 0.023022118197035979 0.036341419095898365 0.011087605578462969 0.0098910056629298287 0.02343937403585114 0 0.024591939530737954 0.033488182192068297
leaf_weight=572.88570547103882 2039.8633557707071 3073.9473968297243 9278.7514468282461 1217.6073805689812 6534.1026870161295 848.00447481870651 660.05605205893517 1016.3246365338564 885.44636653363705 267.1558114439249 57.765560552477837 774.05458162724972 133.61435803771019
leaf_count=2698 12565 17725 61410 6307 41448 4650 3382 5973 5071 1471 326 4203 670
internal_value=-5.63611e-05 -0.00462362 -0.00942986 0.014986 -0.0119921 0.0275567 0.0227917 0.00380375 0.0164444 0.00849448 0.0317468 0.0302554 0.04822
internal_weight=27359.6 23485.5 18869 4616.48 15812.9 3874.06 3167.56 3056.19 1733.45 3341.1 1275.37 1434.11 706.5
internal_count=167899 147225 121396 25829 102858 20674 17306 18538 9721 19196 6633 7585 3368
is_linear=0
shrinkage=0.03


Tree=12
num_leaves=15
num_cat=0
split_feature=2 2 2 1 1 1 1 1 2 1 2 1 1 2
split_gain=9866.34 1936.67 1200.56 867.392 767.349 526.592 327.694 288.853 198.615 184.08 156.479 122.124 92.5404 86.1798
threshold=0.003552681884281731 0.0047080774960687015 0.0025462049533089225 0.15021907122194497 0.30432456158073407 -0.14289894619869994 1.2010392010076487 1.8950323717228763 0.0071915022378682041 1.0760015873782804 0.0065673277622668074 -0.44952336009472177 -0.3760446630015763 0.0017372338072111071
decision_type=8 8 10 10 10 8 10 10 10 10 8 10 10 10
left_child=2 4 6 12 11 8 -1 -5 -3 -6 -7 -2 -4 -8
right_child=1 5 3 7 9 10 13 -9 -10 -11 -12 -13 -14 -15
leaf_value=-0.028468098007956504 -0.0062656235359172226 0.016547908377105701 -0.02048440734266456 -0.00081078397636385807 0.013276297562628454 0.032460202765712015 -0.023292035836085433 0.023442653599297793 0.033107690246248295 0.031785518998433029 0.04607218176895346 0.0046179453037716398 -0.011409375217911638 -0.0037686447791737817
leaf_weight=5943.2235320359468 2068.2056341618299 2290.7057320177555 2858.4049721956253 2810.7662527561188 1150.3263326138258 1982.3581387847662 284.83110611140728 513.41567745804787 951.39001502096653 882.37937219440937 1517.6756253987551 1662.2819667011499 1701.2567763626575 706.46295417845249
leaf_count=43853 12925 12241 19364 17006 6427 9750 2005 2740 4523 4593 6859 9949 11137 4493
internal_value=-0.000138847 0.0194744 -0.0166966 -0.00865975 0.00667409 0.0303811 -0.0257994 0.00297621 0.0215127 0.0214566 0.0384941 -0.00140055 -0.0171439 -0.00961487
internal_weight=27323.7 12505.3 14818.4 7883.84 5763.19 6742.13 6934.52 3324.18 3242.1 2032.71 3500.03 3730.49 4559.66 991.294
internal_count=167865 67267 100598 50247 33894 33373 50351 19746 16764 11020 16609 22874 30501 6498
is_linear=0
shrinkage=0.03


Tree=13
num_leaves=14
num_cat=0
split_feature=0 0 6 6 0 0 6 6 0 4 7 7 6
split_gain=3984.65 3153.12 1306.36 761.035 506.107 328.264 188.032 143.168 71.366 54.0721 30.8467 23.3619 15.3618
threshold=-0.010239097130758988 0.0069511909723140039 -0.01470088418372306 0.013642358940179735 0.018387226209576338 -0.022131525567186557 -0.035583515385673607 -0.0065452037162145862 0.028809310225199506 0.47187500000000004 0.059053280749068862 0.071966034948089438 -0.075757322407788749
decision_type=10 10 10 10 10 8 10 10 10 10 8 10 8
left_child=5 2 6 -4 7 12 -2 -3 -6 10 -7 -11 -1
right_child=1 4 3 -5 8 9 -8 -9 -10 11 -12 -13 -14
leaf_value=0.053491254637976722 0.023131921936678734 0.027937381428286185 -0.015993823713867678 0.0013230584429724033 0.025802695763153461 0.023097594034270329 0.004773671357042839 0.0085255941638309515 0.040678746871349994 0.013607744109205037 0.03428149726278678 0.024022119908099916 0.040165720568957314
leaf_weight=277.76545321941376 659.06613767147064 381.88837926089764 13416.353225946426 2742.9352561384439 914.71357944607735 728.8645782917738 2099.0471928417683 3129.2135143429041 559.64260904490948 602.02111431956291 527.58391571044922 393.10797764360905 843.23439459502697
leaf_count=1228 3566 1975 90829 16490 4688 3818 12620 17908 2682 3250 2734 2126 4034
internal_value=0.000110803 -0.00419805 -0.00979383 -0.0130517 0.0170003 0.0305893 0.00924987 0.0107273 0.0317258 0.0237387 0.0280747 0.0179795 0.0439644
internal_weight=27275.4 23902.9 18917.4 16159.3 4985.46 3372.58 2758.11 3511.1 1474.36 2251.58 1256.45 995.129 1121
internal_count=167948 150758 123505 107319 27253 17190 16186 19883 7370 11928 6552 5376 5262
is_linear=0
shrinkage=0.03


Tree=14
num_leaves=13
num_cat=0
split_feature=6 6 6 6 6 1 1 1 4 6 6 6
split_gain=3166.68 2102.28 527.763 491.305 389.838 362.957 167.446 105.887 78.6005 76.5524 67.1262 19.5732
threshold=-0.019713223789592501 0.018260364021662315 -0.0084437363105402934 0.05018662551829501 -0.068807594727604546 0.029466880634103073 0.74496767310870837 0.86834350206104138 0.46187500000000009 0.03598493855181318 -0.03094719683050506 0.066047323932674665
decision_type=10 10 10 10 8 8 8 8 10 10 10 10
left_child=4 2 7 9 -1 -4 8 -2 -6 -3 -8 -5
right_child=1 3 5 11 6 -7 10 -9 -10 -11 -12 -13
leaf_value=0.045873212487171564 -0.0013417640952407895 0.0052219227752957863 -0.015454949098024398 0.025078253950225723 0.020440124456761428 -0.0055323349395711915 0.03435453998561043 0.011975827181898395 0.0097671345486106103 0.014971695073757854 0.019014055518203919 0.035744881923993672
leaf_weight=585.46354445815086 2792.0039833337069 2876.8712519109249 9178.117071390152 523.0718582868576 1263.1698366105556 5253.5063411146402 763.38782729208469 653.68660372495651 1345.2929331809282 986.63998565077782 495.127101957798 535.83288240432739
leaf_count=2649 17549 16611 62425 2652 6778 33660 3765 3787 7578 5318 2642 2613
internal_value=-3.03109e-05 -0.00455407 -0.00933582 0.0127839 0.0230795 -0.0118533 0.0195036 0.00119472 0.0150169 0.00775947 0.028564 0.0308159
internal_weight=27252.2 22799.7 17877.3 4922.42 4452.44 14431.6 3866.98 3445.69 2608.46 3863.51 1258.51 1058.9
internal_count=168027 144615 117421 27194 23412 96085 20763 21336 14356 21929 6407 5265
is_linear=0
shrinkage=0.03


Tree=15
num_leaves=15
num_cat=0
split_feature=2 2 2 0 0 0 0 0 0 0 2 7 7 0
split_gain=9265.97 1644.44 1170.71 608.834 536.368 276.895 264.119 201.528 164.914 166.192 160.637 117.115 73.0302 32.2104
threshold=0.0035658219514951802 0.0053927673544491841 0.0025593995991118391 -0.006158752378700282 -0.0084403072407728801 0.0091660974063684248 0.0081743192531785764 -0.012199706618455762 0.0081743192531785764 -0.0092904581580653383 0.0084826783003338312 0.10427435844124795 0.074519501629899718 0.018387226209576338
decision_type=8 8 10 10 10 10 10 8 10 10 8 10 10 10
left_child=2 4 8 11 12 -6 -5 -3 9 -1 -9 -4 -2 -10
right_child=1 7 3 6 5 -7 -8 10 13 -11 -12 -13 -14 -15
leaf_value=-0.0056040650628060695 0.021004430403737076 0.043640903844723571 0.0047925676541463692 -0.014615429211286479 0.0031074111170425428 0.018928487141779412 0.0018925393734850774 0.025160862895380384 -0.011255904000167198 -0.02755935695875978 0.039894536339800828 0.025105907242553526 0.036487253933748381 0.0076932078383289406
leaf_weight=340.479975476861 786.72775940597057 1140.5401733964682 1006.2008209228516 5421.1211002916098 4926.6056548655033 1244.3902288675308 1029.1575242429972 2969.0895469337702 349.17668388783932 6044.6859164088964 939.48393587768078 340.88625904917717 522.07901261746883 92.533193960785866
leaf_count=2170 4095 5026 5913 36332 29616 6607 5964 14431 2343 45913 4205 1880 2595 567
internal_value=0.000104023 0.0190319 -0.0161097 -0.00814 0.0100687 0.00633292 -0.0119734 0.032252 -0.0251784 -0.0264086 0.0288104 0.0101243 0.0274558 -0.00707102
internal_weight=27153.2 12528.9 14624.2 7797.37 7479.8 6171 6450.28 5049.11 6826.88 6385.17 3908.57 1347.09 1308.81 441.71
internal_count=167657 66575 101082 50089 42913 36223 42296 23662 50993 48083 18636 7793 6690 2910
is_linear=0
shrinkage=0.03


Tree=16
num_leaves=15
num_cat=0
split_feature=0 0 6 6 0 0 6 6 0 0 0 7 4 4
split_gain=3397.36 2896.68 931.159 677.36 422.023 400.048 144.702 108.79 65.4119 58.2681 39.18 39.1309 21.264 11.0911
threshold=-0.0079523074299736578 0.0069511909723140039 -0.014337313907883951 0.01270428156869219 -0.018711053761267357 0.018387226209576338 -0.03845494364480561 -0.0044911234739135599 0.028809310225199506 -0.012199706618455762 -0.030186480072467822 0.041253472623327521 0.47187500000000004 0.45937500000000003
decision_type=10 10 10 10 8 10 10 10 10 10 10 8 10 10
left_child=4 2 6 -4 10 7 -2 -3 -7 12 -1 -11 -6 -12
right_child=1 5 3 -5 9 8 -8 -9 -10 11 13 -13 -14 -15
leaf_value=0.043537963912529141 0.021254204712439877 0.023715814744318081 -0.016334514208041273 -0.00012195385707135886 0.025560230050631804 0.022708138261608331 0.0029293446546353498 0.0076399517544094714 0.036734485498585358 0.0069533231381516481 0.035937326809857582 0.016962288219008893 0.016519259254239974 0.026199478728878966
leaf_weight=594.74322779476643 477.70333962142467 432.00049351155758 12353.482651263475 2864.2449847459793 709.45220066606998 929.52830518782139 1973.685468301177 3097.805340141058 564.91958503425121 671.26995252072811 514.92456936836243 862.8032331764698 576.06186063587666 466.28069712221622
leaf_count=2626 2498 2213 86393 17399 3588 4652 11888 17595 2626 3801 2395 4799 3035 2267
internal_value=-0.000126968 -0.00480744 -0.0105246 -0.013289 0.0239799 0.0152674 0.00659654 0.00968581 0.0282591 0.0168903 0.03644 0.0126949 0.0217139 0.0316813
internal_weight=27088.9 22693.4 17669.1 15217.7 4395.54 5024.25 2451.39 3529.81 1494.45 2819.59 1575.95 1534.07 1285.51 981.205
internal_count=167775 145264 118178 103792 22511 27086 14386 19808 7278 15223 7288 8600 6623 4662
is_linear=0
shrinkage=0.03


Tree=17
num_leaves=15
num_cat=0
split_feature=0 0 6 6 0 0 6 6 0 6 0 4 0 4
split_gain=3180.04 2790.47 873.327 671.282 425.009 407.369 155.002 110.061 82.4161 70.7343 57.9428 28.7278 18.5584 4.18664
threshold=-0.0072884544007937304 0.0064188242436876717 -0.012210907408316094 0.013642358940179735 -0.019730210586930582 0.019297759693340025 -0.024872446401529299 -0.0046511912945526026 -0.012199706618455762 -0.031959016104557307 0.03697891092662809 0.47312500000000007 -0.023555705579258231 0.66937500000000016
decision_type=10 10 10 10 8 10 10 10 10 10 10 10 10 10
left_child=4 2 6 -4 12 7 -2 -3 11 -10 -7 -6 13 -1
right_child=1 5 3 -5 8 10 -8 -9 9 -11 -12 -13 -14 -15
leaf_value=0.039164627762659589 0.01355936955923441 0.022139431556047664 -0.016861790295553163 0.00022643685390959811 0.025480366845199737 0.02417475582217038 -0.0010470245932054458 0.0070791931145020321 0.025016814536173146 0.0090199401647004917 0.040497350586023467 0.015947871118837092 0.027798594578554846 0.021642187117917322
leaf_weight=978.67695915699005 1071.363318786025 499.48574827611446 11632.40733807534 2507.3791619986296 814.19084274768829 1092.7377382665873 1633.7204849272966 3509.9001052752137 299.89252027869225 1588.0566668882966 292.33534188568592 638.83724150061607 419.74142788350582 70.348494574427605
leaf_count=4342 5929 2553 82527 15149 4058 5317 10233 19971 1532 9110 1320 3325 1983 338
internal_value=-3.9129e-05 -0.00482712 -0.010842 -0.0138293 0.0220513 0.0139292 0.00474445 0.00902073 0.0160237 0.011711 0.0279284 0.021468 0.0355203 0.0382617
internal_weight=27049.1 22239.3 16844.9 14139.8 4809.74 5394.46 2705.08 4009.39 3340.98 1887.95 1385.07 1453.03 1468.77 1049.03
internal_count=167687 142999 113838 97676 24688 29161 16162 22524 18025 10642 6637 7383 6663 4680
is_linear=0
shrinkage=0.03


Tree=18
num_leaves=15
num_cat=0
split_feature=2 2 2 1 1 1 1 7 2 2 2 7 1 0
split_gain=8428.77 1429.72 1106.64 712.743 627.901 354.281 299.391 241.721 149.731 148.081 147.396 120.548 98.8803 82.1734
threshold=0.0035658219514951802 0.0047080774960687015 0.0025593995991118391 0.099497566449326821 0.30432456158073407 -0.38512122640182139 0.45283947621469356 0.095653675984470235 0.0060445863019311158 0.0017372338072111071 0.0065673277622668074 0.10633071406205749 -0.795998489005312 -0.006158752378700282
decision_type=8 8 10 10 10 8 10 10 10 10 8 10 10 10
left_child=2 4 6 13 12 8 -1 -5 -3 -8 -7 -6 -2 -4
right_child=1 5 3 7 11 10 9 -9 -10 -11 -12 -13 -14 -15
leaf_value=-0.02899106294698283 -0.0077439276592305862 0.0094743418318886299 -0.0021820602560547746 -0.0032094354349806896 0.015425540551448635 0.02708041913060685 -0.027245267974657712 0.01370821866362291 0.024168281501224437 -0.0097036735731108412 0.038763854209609358 0.032568921545209489 0.0026947475066706338 -0.017431850133340001
leaf_weight=4528.315303876996 1232.1582473814487 1098.5975709110498 359.60679614543915 2405.277527526021 1536.2215544879436 2450.3534464538097 628.7555100992322 1097.6317766755819 1557.9490443915129 1471.5689194053411 1903.2341864854097 512.64796277880669 2366.7548194527626 3879.6671117693186
leaf_count=36114 7862 6025 2268 14426 8140 11759 4777 6275 7500 10215 8290 2591 14377 27291
internal_value=8.5789e-05 0.017931 -0.0156298 -0.00789953 0.00666674 0.0269752 -0.0246241 0.00209854 0.0181725 -0.0150876 0.0322789 0.0198815 -0.000874066 -0.0161605
internal_weight=27028.7 12657.9 14370.8 7742.18 5647.78 7010.13 6628.64 3502.91 2656.55 2100.32 4353.59 2048.87 3598.91 4239.27
internal_count=167910 66544 101366 50260 32970 33574 51106 20701 13525 14992 20049 10731 22239 29559
is_linear=0
shrinkage=0.03


Tree=19
num_leaves=15
num_cat=0
split_feature=2 2 2 1 1 1 1 1 2 2 6 7 2 0
split_gain=7888.17 1345.22 1090.94 687.252 538.141 320.088 283.047 219.28 159.53 132.51 109.793 105.765 97.5622 76.0156
threshold=0.0035814386601532833 0.0047080774960687015 0.0025462049533089225 0.069389573707070745 0.34074117143220889 -0.52500638080014117 0.53409779314950001 1.3466660082386379 0.0071915022378682041 0.0017372338072111071 -0.0096180998631911745 0.072569225632720932 0.0060445863019311158 -0.006158752378700282
decision_type=8 8 10 10 10 8 10 10 10 10 10 10 10 10
left_child=2 4 6 13 10 12 -1 -5 -7 -8 -2 -6 -3 -4
right_child=1 5 3 7 11 8 9 -9 -10 -11 -12 -13 -14 -15
leaf_value=-0.028482712766869998 0.0080718467616985382 0.0089694808884288272 -0.0023158409165548047 -0.0028705562349847194 0.012323665640008545 0.026581818237840744 -0.02662525152559695 0.01329976601635172 0.039017920561590425 -0.0091081818771270168 -0.003749018789387301 0.026689523673703173 0.021804998809400431 -0.017236985551292293
leaf_weight=4536.0466187894344 949.87577258050442 949.56427554786205 347.76445311307907 2658.6687795370817 1087.7456980794668 3332.59968110919 562.51342508941889 1041.0933649092913 1440.6682950258255 1329.1795392110944 2668.6480595618486 872.67549757659435 1344.0554050654173 3847.6057624220848
leaf_count=36902 5536 5192 2201 16364 5714 15766 4343 5555 6158 9227 16782 4418 6420 27426
internal_value=1.67051e-05 0.0172789 -0.0152215 -0.00772451 0.0062359 0.0259671 -0.0243944 0.0016871 0.0304216 -0.0144612 -0.000615769 0.018852 0.0165791 -0.0160229
internal_weight=26968.7 12645.8 14322.9 7895.13 5578.95 7066.89 6427.74 3699.76 4773.27 1891.69 3618.52 1960.42 2293.62 4195.37
internal_count=168004 65986 102018 51546 32450 33536 50472 21919 21924 13570 22318 10132 11612 29627
is_linear=0
shrinkage=0.03


Tree=20
num_leaves=15
num_cat=0
split_feature=2 2 2 0 0 2 7 0 0 0 0 7 0 0
split_gain=7279.37 1287.2 1029.29 456.568 339.003 256.283 215.842 201.821 174.776 165.604 154.382 94.9067 63.3259 31.2185
threshold=0.003552681884281731 0.0047080774960687015 0.0025593995991118391 -0.006158752378700282 -0.0055241800456648496 0.0071915022378682041 0.096630472506023884 0.0086589533359027211 -0.0065156254419503892 0.0077285800754378639 -0.0055241800456648496 0.10529302620677816 -0.019730210586930582 0.019297759693340025
decision_type=8 8 10 10 10 8 10 10 10 10 10 10 10 10
left_child=2 4 9 11 12 8 -5 -6 -3 10 -1 -4 -2 -11
right_child=1 5 3 6 7 -7 -8 -9 -10 13 -12 -13 -14 -15
leaf_value=-0.011421934248966821 0.031093800113138843 0.029687773190344765 0.0032812644446965386 -0.014160114734823115 -0.0019183656239797719 0.033131571962914226 -0.00080235750311449209 0.013420801121699555 0.016907943055914511 -0.010346240299326825 -0.027146252617607287 0.021490748210279628 0.01483039275554498 0.008426647559259922
leaf_weight=667.79682223498821 291.64356833696365 1403.4506253302097 1016.898037314415 4758.7550299018621 3438.5016559660435 2244.2743476033211 1424.9656878560781 983.52421775460243 3459.9020092487335 385.32817998528481 5240.5083704888821 342.48545753955841 1088.626305013895 88.282962918281555
leaf_count=4653 1333 6390 5878 32592 21321 9728 9207 5160 17333 2645 43058 1821 5940 528
internal_value=-0.000123623 0.0160953 -0.0151653 -0.00763564 0.00558311 0.0246485 -0.0110979 0.00150234 0.0206616 -0.0240296 -0.0254014 0.00803624 0.0185089 -0.00662095
internal_weight=26834.9 12909.9 13925 7543.1 5802.3 7107.63 6183.72 4422.03 4863.35 6381.92 5908.31 1359.38 1380.27 473.611
internal_count=167587 67205 100382 49498 33754 33451 41799 26481 23723 50884 47711 7699 7273 3173
is_linear=0
shrinkage=0.03


Tree=21
num_leaves=15
num_cat=0
split_feature=0 0 6 6 0 0 6 6 6 6 0 0 4 4
split_gain=2625.67 2517.08 683.588 537.338 425.719 368.42 100.52 93.6205 78.7345 60.7864 53.7981 50.6424 13.9335 10.3174
threshold=-0.006333882628523523 0.0064188242436876717 -0.013967417575902806 0.013642358940179735 -0.016968335790861096 0.018387226209576338 -0.0040186922002201078 -0.024872446401529299 -0.031959016104557307 0.00087168910267010357 -0.030186480072467822 0.026467819734381618 0.45187500000000008 0.46187500000000009
decision_type=8 8 10 10 10 10 8 10 10 10 10 10 10 10
left_child=4 2 7 -4 10 6 -3 -2 13 -10 -1 -7 -12 -6
right_child=1 5 3 -5 8 11 -8 -9 9 -11 12 -13 -14 -15
leaf_value=0.037797289726493308 0.011546740122451682 0.020133076898506137 -0.016102397445468774 -0.00059427533299293478 0.025740951256934649 0.019224356907811203 0.0057980408123870543 -0.00089862613907943712 0.0077055644832498419 0.018859786011953712 0.029871728967218354 0.030996518397567827 0.021588856196384881 0.015919986827685792
leaf_weight=624.75219030678272 984.73034329712391 505.47243045270443 11286.825687736273 2457.0495700836182 358.80254256725311 825.51194293797016 3391.2124859914184 1179.776242479682 2286.7043450698256 560.95836554467678 615.6260808557272 739.68593953549862 662.23500117659569 306.75393472611904
leaf_count=2663 5411 2529 83270 14937 1725 4018 19194 7345 13044 2916 2786 3337 3127 1558
internal_value=-0.000103085 -0.00483516 -0.0108689 -0.0133368 0.0185326 0.0127156 0.00771969 0.00476279 0.0122563 0.00998213 0.0299659 0.0249872 0.0258268 0.021606
internal_weight=26786.1 21370.3 15908.4 13743.9 5415.83 5461.88 3896.68 2164.51 3513.22 2847.66 1902.61 1565.2 1277.86 665.556
internal_count=167860 140041 110963 98207 27819 29078 21723 12756 19243 15960 8576 7355 5913 3283
is_linear=0
shrinkage=0.03


Tree=22
num_leaves=15
num_cat=0
split_feature=0 0 0 0 0 0 0 7 0 4 7 0 4 4
split_gain=2390.35 2249.4 367.227 351.933 298.15 285.571 57.9652 55.4247 42.1662 37.5541 22.9777 17.952 12.3125 11.6827
threshold=-0.0072884544007937304 0.0069511909723140039 -0.004146248308437738 -0.01616312885097498 0.0025712019759165376 0.018387226209576338 -0.030186480072467822 0.040832782835173033 0.026467819734381618 0.67687500000000012 0.073841857531545083 -0.012199706618455762 0.47187500000000004 0.67812500000000009
decision_type=10 10 10 10 10 10 8 8 10 10 8 10 10 10
left_child=3 2 10 6 -4 9 -1 11 -7 -3 -2 -5 -8 -9
right_child=1 5 4 7 -6 8 12 13 -10 -11 -12 -13 -14 -15
leaf_value=0.036562651135182742 -0.00021432881018241832 0.0089956855297910546 -0.014052930206444237 0.012367691736185429 -0.0043539787776578831 0.018291588170069796 0.027508654222622959 0.016294390864654777 0.029103168281878172 -0.0041765320258486558 0.0064324390429326616 0.0043117221365993269 0.020023905943533808 0.0043063607611493887
leaf_weight=620.25317278504372 1537.691229827702 3419.5078763663769 10449.792086839676 383.2640173882246 3965.8486477732658 819.14054000377655 828.54540292918682 1521.5159570798278 749.12204726040363 194.526995703578 652.65531004965305 842.10914719104767 610.64911003410816 100.40881834179163
leaf_count=2625 9856 18751 75527 1938 26414 3959 3748 8051 3346 1137 4072 4724 2894 553
internal_value=-4.78529e-06 -0.00426891 -0.0096552 0.0188879 -0.0113937 0.0129645 0.0283451 0.0119513 0.0236457 0.00826056 0.00175917 0.0069597 0.0245344 0.0156199
internal_weight=26695 21788.3 16606 4906.75 14415.6 5182.3 2059.45 2847.3 1568.26 3614.03 2190.35 1225.37 1439.19 1621.92
internal_count=167595 143062 115869 24533 101941 27193 9267 15266 7305 19888 13928 6662 6642 8604
is_linear=0
shrinkage=0.03


Tree=23
num_leaves=15
num_cat=0
split_feature=2 2 2 0 0 2 7 0 0 7 2 7 7 2
split_gain=6561.17 1098.94 985.847 424.661 242.261 233.296 190.752 149.796 147.851 145.415 105.981 89.9289 56.616 24.7417
threshold=0.003552681884281731 0.0047080774960687015 0.0025593995991118391 -0.0072884544007937304 -0.0056733203031123494 0.0071915022378682041 0.096630472506023884 0.0084137111099452672 -0.011370216990536362 0.15216229982414128 0.0017989135513542737 0.10529302620677816 0.10740991242072372 0.01006235347145863
decision_type=8 8 10 10 10 8 10 10 10 10 10 10 10 10
left_child=2 4 9 11 12 8 -5 -6 -3 10 -1 -4 -2 -7
right_child=1 5 3 6 7 13 -8 -9 -10 -11 -12 -13 -14 -15
leaf_value=-0.030230285634285651 0.013139974527600967 0.029788206029009438 0.0040496368630436866 -0.013214331985355921 -0.0010453406198979035 0.027931195399097889 -0.00083713928351618805 0.01190059742465787 0.016484545202647975 -0.00012804795453485838 -0.021369442387468914 0.022839581906348962 0.029186919884197811 0.036177016343031429
leaf_weight=1977.6248631849885 1120.7948107719421 969.06374497711658 864.62688155472279 4835.3460718095303 3417.5506277382374 1487.6365959048271 1473.3748415410519 1039.0561942905188 3963.5298563241959 236.74105740338564 3986.9551985859871 310.82817251980305 256.63456885516644 792.03957891464233
leaf_count=16919 5856 4171 4798 33675 21422 6433 9555 5371 19650 1668 32339 1576 1242 3323
internal_value=-9.858e-05 0.0151157 -0.0146071 -0.007251 0.00540761 0.0229419 -0.0103391 0.00197945 0.0191653 -0.0234492 -0.0243631 0.00921967 0.0163618 0.0309678
internal_weight=26731.8 13046.3 13685.5 7484.18 5834.04 7212.27 6308.72 4456.61 4932.59 6201.32 5964.58 1175.46 1377.43 2279.68
internal_count=167998 67468 100530 49604 33891 33577 43230 26793 23821 50926 49258 6374 7098 9756
is_linear=0
shrinkage=0.03


Tree=24
num_leaves=15
num_cat=0
split_feature=2 2 2 1 1 1 7 1 1 1 2 1 7 2
split_gain=6377.84 989.876 988.68 693.949 498.373 224.911 215.211 214.289 170.192 108.61 104.546 77.9251 75.9194 34.7582
threshold=0.0035814386601532833 0.0024039869930330819 0.005442031007640939 0.23601329327341466 -0.3299063130487126 1.1012185922268034 0.096630472506023884 1.1012185922268034 -0.72103091910316175 -0.36668769995926803 0.0042505236578338169 1.1012185922268034 0.15216229982414128 0.0080722935438988647
decision_type=8 10 8 10 10 10 10 10 8 10 10 10 10 10
left_child=1 5 4 9 10 -1 -5 -6 13 -3 -2 -10 -7 -4
right_child=2 3 8 6 7 12 -8 -9 11 -11 -12 -13 -14 -15
leaf_value=-0.027439000879305859 -0.006695820562593123 -0.018623214905476668 0.012610720469179132 -0.0026502257359799384 0.010678187318000848 -0.013421849266965945 0.013256147601649691 0.025467143415033162 0.026381779099856964 -0.009568912025409897 0.0044292478621443965 0.038432420698025882 0.014511794725861255 0.02433567017467108
leaf_weight=4229.1652659252286 1500.1208526790142 3026.5915156304836 990.76442341506481 2459.8309107497334 3500.8430811315775 777.48333367705345 1097.5633690357208 1199.0557795912027 3193.5121027231216 2089.9962193518877 1517.0403602421284 672.50189782679081 88.245206780731678 339.9373966306448
leaf_count=36890 9859 22930 4802 15078 18993 5593 6189 5612 14011 14746 8669 2775 547 1478
internal_value=0.000110969 -0.0140862 0.015252 -0.00789607 0.00841106 -0.0245769 0.00226395 0.01451 0.0253636 -0.0149623 -0.00108612 0.0285872 -0.0103728 0.0158099
internal_weight=26682.7 13768.9 12913.8 8673.98 7717.06 5094.89 3557.39 4699.9 5196.72 5116.59 3017.16 3866.01 865.729 1330.7
internal_count=168172 101973 66199 58943 43133 43030 21267 24605 23066 37676 18528 16786 6140 6280
is_linear=0
shrinkage=0.03


Tree=25
num_leaves=15
num_cat=0
split_feature=2 2 2 1 1 1 1 1 2 1 2 2 1 2
split_gain=5943.5 970.609 918.945 552.6 509.205 308.183 193.947 176.233 136.327 128.508 125.192 114.942 60.7294 31.5737
threshold=0.003552681884281731 0.005336873009065009 0.0025593995991118391 0.019810588286327768 0.19308892435269057 0.47891955073573406 1.3466660082386379 1.1012185922268034 0.0017372338072111071 1.0760015873782804 0.0042505236578338169 0.0080722935438988647 -0.36668769995926803 0.0019736335366390503
decision_type=8 8 10 10 10 10 10 10 10 10 10 8 10 10
left_child=2 4 5 12 10 13 -5 11 -7 -6 -2 -3 -4 -1
right_child=1 7 3 6 9 8 -8 -9 -10 -11 -12 -13 -14 -15
leaf_value=-0.030968405015994047 -0.003766420127912202 0.018672935079852779 -0.017788660948159743 -0.0030141197354312003 0.011575245425996687 -0.025379951799321145 0.012346698533289261 0.038054467775935845 -0.0075999769342253286 0.024250329063087148 0.0062125792160331646 0.029398316111155069 -0.0092298922234725911 -0.024721521232787157
leaf_weight=1784.4114297255874 2398.6390109360218 3426.1851578354836 2549.2225977107882 2656.3689223974943 1878.449808254838 548.41721940040588 1012.7408796995878 713.24522988498211 1376.688887603581 1232.9076620340347 2120.2623927146196 1327.7633399963379 1158.4533906579018 2282.8912895992398
leaf_count=16253 15438 15725 19275 16616 9807 4590 5312 2935 9980 5764 11851 5569 8203 20036
internal_value=-5.69301e-05 0.0142985 -0.0141252 -0.0070097 0.00735874 -0.0228484 0.00123147 0.0239419 -0.0128011 0.0166787 0.000905844 0.0217365 -0.0151627 -0.0275461
internal_weight=26466.6 13097.5 13369.2 7376.79 7630.26 5992.41 3669.11 5467.19 1925.11 3111.36 4518.9 4753.95 3707.68 4067.3
internal_count=167354 67089 100265 49406 42860 50859 21928 24229 14570 15571 27289 21294 27478 36289
is_linear=0
shrinkage=0.03


Tree=26
num_leaves=15
num_cat=0
split_feature=2 2 1 1 2 2 1 1 7 2 1 1 6 2
split_gain=5603.88 1129.25 728.552 489.612 375.282 354.851 250.372 148.35 136.373 121.3 114.608 85.5028 78.1595 66.0122
threshold=0.0033663546919533052 0.0047080774960687015 0.35273615078122827 0.19308892435269057 0.0023358565281525515 0.0025593995991118391 -0.52500638080014117 1.8385319234672457 0.10740991242072372 0.0073433263091247031 -0.73181136835468374 2.1836158683276099 -0.022730622876990122 0.0080722935438988647
decision_type=8 8 10 10 10 10 8 10 10 10 10 10 10 10
left_child=2 3 5 10 11 -1 13 -6 -5 -8 -2 -4 -7 -3
right_child=1 6 4 8 7 12 9 -9 -10 -11 -12 -13 -14 -15
leaf_value=-0.027545494423067491 -0.0085922863852789053 0.010145244140428309 -0.019643334030783312 0.0095511622493797115 -0.0023977669464897082 0 0.021557794609401802 0.014544971685487842 0.0244525817266571 0.032409532525332997 0.0014701591065120572 0 -0.015626316207574566 0.023041449049478704
leaf_weight=3728.5366908609867 1657.2941181957722 1943.1198288351297 1409.4791720360518 2273.8681496530771 2190.4484580233693 310.89121049642563 3556.5130386501551 579.07382021844387 745.78331379592419 1386.8551206588745 2593.5092656612396 231.80729968845844 3391.0191531330347 455.66063688695431
leaf_count=34040 11083 9766 11445 11999 13724 1923 16137 3040 3698 5715 16218 1600 25329 1949
internal_value=7.2962e-05 0.0125011 -0.0152564 0.00410086 -0.00556222 -0.0209877 0.0207942 0.00116275 0.0133198 0.0246736 -0.00244984 -0.0168847 -0.0143101 0.0127053
internal_weight=26453.9 14612.6 11841.3 7270.45 4410.81 7430.45 7342.15 2769.52 3019.65 4943.37 4250.8 1641.29 3701.91 2398.78
internal_count=167666 76565 91101 42998 29809 61292 33567 16764 15697 21852 27301 13045 27252 11715
is_linear=0
shrinkage=0.03


Tree=27
num_leaves=15
num_cat=0
split_feature=2 2 1 1 2 2 1 1 2 1 6 1 6 2
split_gain=5389.45 1075.38 687.273 485.655 405.382 290.876 232.218 183.032 139.768 116.138 99.4141 79.5521 75.3559 49.5796
threshold=0.0033663546919533052 0.0047080774960687015 0.53409779314950001 -0.18041914787823304 0.0026088958670837099 0.0023358565281525515 0.49203696061066243 1.1750325177491956 0.0060445863019311158 2.1836158683276099 -0.013595556009620145 2.2735583090594309 -0.009141063269318293 0.0021062118175967973
decision_type=8 8 10 10 10 10 8 10 10 10 10 10 10 10
left_child=2 3 4 12 13 11 8 -5 -3 -7 -6 -4 -2 -1
right_child=1 6 5 7 10 9 -8 -9 -10 -11 -12 -13 -14 -15
leaf_value=-0.029727659175308528 0.0030629493730419894 0.010862401848544596 -0.018342397350716303 0.0069350288077082893 -0.0018301987372424864 -0.00095507521294284229 0.028603291825368325 0.0213436638349409 0.02099674137964995 0.016758548811922732 -0.01497973106636194 0.0013270530408259747 -0.0073600839867070996 -0.022573536822332291
leaf_weight=2231.363820925355 826.06861717998981 2202.5875155776739 1163.5697213113308 2957.2784772664309 635.5113632529974 1941.3641004040837 2156.7994171530008 1095.4995930939913 2979.3295360803604 390.74969632923603 3140.4859273135662 211.51320792734623 2405.8571584373713 2034.8515632227063
leaf_count=21118 5041 11114 9365 16642 4071 11836 9098 5212 13162 2014 23509 1458 16161 18117
internal_value=7.07169e-06 0.012162 -0.0151134 0.00397734 -0.0200373 -0.00439036 0.0202617 0.0108875 0.0167299 0.00204614 -0.0127932 -0.0152858 -0.00467626 -0.0263902
internal_weight=26372.8 14623.4 11749.4 7284.7 8042.21 3707.2 7338.72 4052.78 5181.92 2332.11 3776 1375.08 3231.93 4266.22
internal_count=167918 76430 91488 43056 66815 24673 33374 21854 24276 13850 27580 10823 21202 39235
is_linear=0
shrinkage=0.03


Tree=28
num_leaves=15
num_cat=0
split_feature=2 2 2 1 1 1 1 1 1 2 2 0 2 2
split_gain=5040.97 861.926 804.16 573.76 339.242 214.521 190.922 144.46 138.391 92.0588 90.9858 69.5768 67.6552 43.1721
threshold=0.003552681884281731 0.0024039869930330819 0.0049402804779042639 0.19308892435269057 -0.29254301448209213 1.2010392010076487 -0.57268597444351554 1.3466660082386379 1.0760015873782804 0.0028756279559095919 0.0074696459271216525 -0.0035241769373015037 0.0016809067096505068 0.0060445863019311158
decision_type=8 10 8 10 10 10 8 10 10 10 8 10 10 10
left_child=1 5 4 9 11 -1 13 -5 -6 -3 -8 -2 -7 -4
right_child=2 3 6 7 8 12 10 -9 -10 -11 -12 -13 -14 -15
leaf_value=-0.026185761558445486 0.0063027222442349215 -0.019943615366258893 0.0064725503375301224 -0.0025039354166078607 0.0076438260475998193 -0.022340497374461102 0.020791161189103281 0.010263687356613109 0.020189127247213189 -0.010989097228033101 0.03032633424781608 -0.0052200646723191569 -0.0025994664441044146 0.01588607025402149
leaf_weight=3980.8052915930748 596.89103910326958 1692.5856148004532 715.52400970458984 2463.2804844677448 2891.1552038043737 216.43562443554401 3132.7929454296827 1164.9599078893661 1109.5263580977917 2944.3628228381276 1445.1813297271729 2069.253288641572 543.09126295894384 1354.9180854409933
leaf_count=37422 3550 13954 3719 15646 15782 1791 13915 6186 5128 21722 5914 13279 3721 6144
internal_value=7.77612e-05 -0.0131991 0.0130505 -0.00732491 0.00566278 -0.0233918 0.0204301 0.00159596 0.0111797 -0.0143065 0.0238739 -0.00260403 -0.00852007 0.0127084
internal_weight=26320.8 13005.5 13315.2 8265.19 6666.83 4740.33 6648.42 3628.24 4000.68 4636.95 4577.97 2666.14 759.527 2070.44
internal_count=167873 100442 67431 57508 37739 42934 29692 21832 20910 35676 19829 16829 5512 9863
is_linear=0
shrinkage=0.03


Tree=29
num_leaves=15
num_cat=0
split_feature=2 2 2 1 1 1 1 1 1 2 7 2 7 2
split_gain=4721.81 950.639 651.632 482.794 455.577 203.851 186.996 156.395 155.843 124.809 113.789 61.2958 51.9283 36.0935
threshold=0.0033663546919533052 0.0047080774960687015 0.0023358565281525515 0.069389573707070745 0.74496767310870837 0.46599959433634947 1.2010392010076487 2.1836158683276099 -0.44952336009472177 0.0071915022378682041 0.09753557154896754 0.0028607738135652005 0.12061692563016281 0.007831627661724792
decision_type=8 8 10 10 10 8 10 10 10 10 10 10 10 10
left_child=2 4 6 11 8 9 -1 -5 -2 -3 -6 -4 -8 -7
right_child=1 5 3 7 10 13 12 -9 -10 -11 -12 -13 -14 -15
leaf_value=-0.02650054083336572 -0.0064257623516126641 0.01224669263916503 -0.020802260142990903 -0.0031923656983987394 0.010946310816959902 0.023938883175333828 -0.013105251651604102 0.016744592657084004 0.0037068018642063679 0.022538263560548201 0.027103365255685911 -0.012712288573157799 0.0072394769817358019 0.034435723090812963
leaf_weight=3575.0805808603764 2436.0871044918895 3623.3638061881065 1687.4653975814581 3131.4763836488128 1205.8567274659872 1769.762152031064 565.72822614014149 388.77294255793095 3079.9763657599688 1568.261090785265 609.1543185710907 1973.0039347633719 129.48848012834787 483.17010697722435
leaf_count=34441 16334 17481 14447 20169 5969 7487 4255 1982 18040 6608 2848 14927 861 1944
internal_value=7.22305e-06 0.0112124 -0.0144431 -0.00889078 0.00352622 0.0187585 -0.0237231 -0.000932357 -0.000760767 0.0154044 0.0165206 -0.0165046 -0.00918191 0.0263588
internal_weight=26226.6 14775.6 11451 7180.72 7331.07 7444.56 4270.3 3520.25 5516.06 5191.62 1815.01 3660.47 695.217 2252.93
internal_count=167793 76711 91082 51525 43191 33520 39557 22151 34374 24089 8817 29374 5116 9431
is_linear=0
shrinkage=0.03


Tree=30
num_leaves=15
num_cat=0
split_feature=2 2 2 1 1 1 7 1 1 2 1 2 1 2
split_gain=4499.85 799.532 711.565 482.249 412.132 185.764 152.358 144.616 130.653 112.518 79.438 71.3766 64.3318 29.6754
threshold=0.0034434709815845299 0.0053927673544491841 0.0023358565281525515 0.24791527374334291 -0.18981889323190473 0.98821406175250937 0.09848189736813763 1.0760015873782804 -0.52500638080014117 0.0042505236578338169 -0.38512122640182139 0.0017372338072111071 1.1012185922268034 0.0080722935438988647
decision_type=8 8 10 10 10 10 10 10 8 10 10 10 10 10
left_child=2 4 5 10 9 -1 -5 -6 13 -2 -4 -7 -10 -3
right_child=1 8 3 6 7 11 -8 -9 12 -11 -12 -13 -14 -15
leaf_value=-0.026810966566794981 -0.0063588700764842434 0.010955808529334806 -0.018158921590076399 -0.0036882851145245334 0.0079706851047302383 -0.022304861585086214 0.010433318040466917 0.019345550378977044 0.021437276211109021 0.0040019124320245826 -0.0098794859579738551 -0.0041102520299943273 0.032207655409545406 0.020242067658876352
leaf_weight=3347.1060266122222 2116.6181297972798 1340.1003291159868 2543.799290060997 2295.5116518288851 3438.6433853954077 304.26653149724007 969.23828516155481 1451.4756802171469 2981.0596211701632 1680.0527835935354 1921.4334395602345 550.98326627165079 696.04837749898434 461.08725842833519
leaf_count=33092 14351 6266 20983 14400 18441 2616 5497 6646 12603 9441 14531 3931 2823 1935
internal_value=-0.000105563 0.0113219 -0.0136745 -0.00824323 0.00564135 -0.0236074 0.000504869 0.0113918 0.0202918 -0.00175992 -0.0146396 -0.0108355 0.0235741 0.0134648
internal_weight=26097.4 14165.1 11932.3 7729.98 8686.79 4202.36 3264.75 4890.12 5478.3 3796.67 4465.23 855.25 3677.11 1801.19
internal_count=167556 72506 95050 55411 48879 39639 19897 25087 23627 23792 35514 6547 15426 8201
is_linear=0
shrinkage=0.03


Tree=31
num_leaves=15
num_cat=0
split_feature=2 2 1 1 2 2 1 1 1 7 2 2 1 1
split_gain=4315.41 936.618 581.236 390.46 299.285 267.509 211.204 150.403 140.209 97.2007 97.0971 71.9624 60.1059 35.8327
threshold=0.0032931053952402136 0.0046510927379661516 0.36442101041522451 0.59025181720934639 0.0025593995991118391 0.0019877204066549993 -0.34829153175391903 2.1836158683276099 -0.795998489005312 0.10041154288884542 0.0065673277622668074 0.0080722935438988647 -0.34829153175391903 2.3702013067977661
decision_type=8 8 10 10 10 10 8 10 10 10 10 10 10 10
left_child=2 3 4 8 -1 13 11 -7 -2 -5 -8 -3 -6 -4
right_child=1 6 5 9 12 7 10 -9 -10 -11 -12 -13 -14 -15
leaf_value=-0.026424226188177267 -0.0094633142867935876 0.0089000341402894912 -0.022199180593908095 0.0087716990885649548 -0.017324642932658622 -0.0043601333892859312 0.017726347087622073 0.014021030323137028 0.0012260835627249487 0.022527103403380312 0.026917332648843707 0.020865007286678755 -0.0088035171072117085 -0.0026406947116291457
leaf_weight=3441.6906178295612 1526.6284170523286 2523.6845832169056 803.248968988657 1545.2524701058865 1737.11774751544 2683.638320595026 2828.6952407062054 459.95043170452118 3895.6833479851484 683.5094209164381 1837.0174187123775 567.69085094332695 1439.9996202215552 105.21256615966558
leaf_count=34609 10619 12423 7228 7765 14143 17819 12560 2456 24093 3221 7519 2365 10438 787
internal_value=-0.000133494 0.0100175 -0.0147923 0.00255474 -0.0202693 -0.00580326 0.0173578 -0.00161576 -0.00178431 0.0130987 0.0214077 0.0111768 -0.0135211 -0.0200528
internal_weight=26079 15408.2 10670.9 7651.07 6618.81 4052.05 7757.09 3143.59 5422.31 2228.76 4665.71 3091.38 3177.12 908.462
internal_count=168045 80565 87480 45698 59190 28290 34867 20275 34712 10986 20079 14788 24581 8015
is_linear=0
shrinkage=0.03


Tree=32
num_leaves=15
num_cat=0
split_feature=2 2 2 1 1 1 1 1 2 2 0 1 2 0
split_gain=4064.92 774.324 569.675 500.247 310.285 193.312 185.489 133.742 109.646 96.7241 73.0454 59.5421 50.3095 30.7712
threshold=0.003552681884281731 0.0024039869930330819 0.005442031007640939 -0.16177798398710028 0.41454519896616304 0.41454519896616304 1.3466660082386379 -0.52500638080014117 0.0042505236578338169 0.0017372338072111071 -0.012199706618455762 1.1012185922268034 0.0028607738135652005 0.0062625634162445385
decision_type=8 10 8 10 10 10 10 8 10 10 10 10 10 10
left_child=1 5 4 12 8 -1 -5 13 -2 -7 -6 -9 -3 -4
right_child=2 3 7 6 10 9 -8 11 -10 -11 -12 -13 -14 -15
leaf_value=-0.027044945021130286 -0.0021002883858433105 -0.020770236039451245 0.0095206030831577956 -0.003894689127984598 0.022998836408998191 -0.02407050474087721 0.0097928646974056281 0.020314587455236649 0.0064927131845875004 -0.0082095781664137182 0.011523620569375283 0.030785084992439492 -0.012737041613000653 0.018807154530809715
leaf_weight=2865.9593265876174 2697.6455228328705 1170.1310903057456 1303.7670505940914 3567.3634515553713 702.28078266978264 535.87085165083408 1176.1089963465929 2879.1671251505613 2617.8566275388002 1047.1468498706818 2038.2135799378157 683.07748474180698 2190.6526828110218 476.17261850833893
leaf_count=29828 17280 10386 5936 23910 3004 5013 6182 12066 14102 8259 9890 2762 17104 2087
internal_value=-4.99736e-05 -0.0123135 0.0114363 -0.00676818 0.00637485 -0.0223635 -0.000474877 0.0190315 0.0021247 -0.0137338 0.014559 0.0224197 -0.0156051 0.0121297
internal_weight=25951.4 12553.2 13398.2 8104.26 8056 4448.98 4743.47 5342.18 5315.5 1583.02 2740.49 3562.24 3360.78 1779.94
internal_count=167809 100682 67127 57582 44276 43100 30092 22851 31382 13272 12894 14828 27490 8023
is_linear=0
shrinkage=0.03


Tree=33
num_leaves=15
num_cat=0
split_feature=2 2 1 1 2 2 1 1 2 1 6 1 2 2
split_gain=3702.15 798.171 574.411 351.13 271.576 255.563 184.307 167.994 120.514 117.785 94.2115 65.9942 36.1197 30.2677
threshold=0.0032662870358655155 0.0046510927379661516 0.36442101041522451 -0.17124088131480655 0.0025593995991118391 0.0017639783319164475 0.84896355346176666 2.2735583090594309 0.0084826783003338312 1.0760015873782804 -0.011572826365970455 -0.33912921613013358 0.0019877204066549993 0.007831627661724792
decision_type=8 8 10 10 10 10 8 10 10 10 10 10 10 10
left_child=2 3 4 10 12 -4 8 -7 -3 -5 -2 -6 -1 -8
right_child=1 6 5 9 11 7 13 -9 -10 -11 -12 -13 -14 -15
leaf_value=-0.029606216906909521 0.004635601756125241 0.011621864553226354 -0.023556682435901442 0.0045475503229959998 -0.017170299758961709 -0.0045870282196312498 0.022555187628000788 0.014794551197711297 0.02291792630039519 0.01519081957142991 -0.0074999207958779089 -0.0080181101767341986 -0.022420639386298791 0.034419251892698767
leaf_weight=1456.7559050470591 718.83702986687422 5202.829717040062 567.40074357390404 3021.7894004285336 1638.2833341360092 2934.0971820801497 1220.7298029661179 455.53655406832695 1044.5425813496113 1372.8262841552496 2678.2087762802839 1359.8211607933044 1832.6340748369694 319.57576832175255
leaf_count=15763 4413 24162 5401 17119 13660 20040 5048 2466 4264 6427 18718 9973 18684 1287
internal_value=-8.73804e-05 0.00911934 -0.0140896 0.00231627 -0.0197226 -0.00509673 0.0159065 -0.00192881 0.0135537 0.00791294 -0.00490829 -0.0130796 -0.0257012 0.0252615
internal_weight=25823.9 15579.3 10244.5 7791.66 6287.49 3957.03 7787.68 3389.63 6247.37 4394.62 3397.05 2998.1 3289.39 1540.31
internal_count=167425 81438 85987 46677 58080 27907 34761 22506 28426 23546 23131 23633 34447 6335
is_linear=0
shrinkage=0.03


Tree=34
num_leaves=15
num_cat=0
split_feature=0 0 6 6 0 0 6 6 6 0 4 0 1 6
split_gain=1420.4 1307.63 484.669 403.706 220.758 209.583 82.6599 73.3244 48.5254 35.1983 31.2675 14.1203 11.9889 7.73759
threshold=-0.006333882628523523 0.0053790295787271578 -0.011572826365970455 0.010174602068515172 0.019297759693340025 -0.018711053761267357 -0.0046511912945526026 -0.024872446401529299 -0.033090458182147835 -0.012199706618455762 0.67687500000000012 -0.027512917684473889 0.31610158478546985 -0.022091074454356981
decision_type=8 8 10 10 10 10 8 10 10 10 10 10 8 8
left_child=5 2 7 -4 6 11 -3 -2 12 -10 -6 -1 -7 -13
right_child=1 4 3 -5 10 8 -8 -9 9 -11 -12 13 -14 -15
leaf_value=0.025723835984185001 0.0096949123813062539 0.014309089147029696 -0.014678474211668178 -0.0015847103472538808 0.018530196123502485 0.011602849913581475 0.0028258734500079714 -0.0008837902470823372 0.012532300902272043 0.0055088416755670376 -0.0010348790865706847 0.016298511916003181 0.020528264875453138 0.024730107197582802
leaf_weight=795.36195999383926 950.58151537925005 649.47640562057495 8614.1133024767041 2827.2354964390397 1437.0719638243318 373.18103781342506 4171.8798959180713 1500.4338696151972 969.794383905828 2140.3557369112968 70.27160719037056 658.99869351089001 379.00844340771437 233.65531067550182
leaf_count=3320 5246 3239 72355 18374 6370 1791 23902 9999 4746 12201 338 2932 1764 1013
internal_value=-1.70175e-05 -0.00371022 -0.00885944 -0.0114524 0.0075797 0.0134098 0.00441159 0.00321731 0.00948695 0.00775124 0.0175777 0.0222414 0.0163892 0.0188215
internal_weight=25771.4 20221.1 13892.4 11441.3 6328.7 5550.36 4821.36 2451.02 3862.34 3110.15 1507.34 1688.02 752.189 892.654
internal_count=167590 139823 105974 90729 33849 27767 27141 15245 20502 16947 6708 7265 3555 3945
is_linear=0
shrinkage=0.03


Tree=35
num_leaves=15
num_cat=0
split_feature=2 2 1 1 2 2 1 1 7 2 1 1 2 2
split_gain=3616.91 733.724 506.817 363.939 262.93 242.58 159.07 154.522 143.407 108.992 91.8044 66.2487 36.6227 16.1446
threshold=0.0032543807002979523 0.0047080774960687015 0.36442101041522451 0.27094022556165259 0.0025593995991118391 0.0017639783319164475 2.484476637731575 1.1012185922268034 0.095653675984470235 0.0080722935438988647 -0.91953518346047136 -0.17124088131480655 0.0019877204066549993 0.0067561699990020012
decision_type=8 8 10 10 10 10 10 8 10 10 8 10 10 10
left_child=2 3 4 10 12 -4 -7 9 -5 -3 -2 -6 -1 -9
right_child=1 7 5 8 11 6 -8 13 -10 -11 -12 -13 -14 -15
leaf_value=-0.029550622998396343 -0.0092067999668633549 0.011784442452489351 -0.023839534301663273 0.0059909421770253284 -0.016241200194946202 -0.004866420353529472 0.016100850956328096 0.022486907729475113 0.019596207889574311 0.021815473332924263 0 -0.006500441843423241 -0.022219809737817245 0.032360092125323869
leaf_weight=1409.208158351481 1328.9582334309816 5222.8033300191164 557.47608765214682 2185.6090425550938 1914.6772267222404 2983.8472128286958 354.69547958672047 759.17898242175579 1039.0572383254766 1241.5717433691025 3599.1559630781412 999.85640572011471 1779.0108859017491 358.79945549368858
leaf_count=15764 9427 23919 5433 11220 16069 20383 1888 3115 5008 5054 23152 7246 18601 1450
internal_value=-8.21601e-05 0.0088792 -0.0141855 0.00261725 -0.019581 -0.00569014 -0.00257945 0.015592 0.0104404 0.013751 -0.0025004 -0.0129537 -0.0255611 0.0259676
internal_weight=25733.9 15735.1 9998.77 8152.78 6102.75 3896.02 3338.54 7582.35 3224.67 6464.38 4928.11 2914.53 3188.22 1117.98
internal_count=167729 82345 85384 48807 57680 27704 22271 33538 16228 28973 32579 23315 34365 4565
is_linear=0
shrinkage=0.03


Tree=36
num_leaves=15
num_cat=0
split_feature=0 0 6 6 0 0 6 6 7 6 6 7 7 3
split_gain=1314.14 1128.23 462.573 344.753 166.018 155.223 81.0627 64.9836 42.1908 36.7796 21.8894 20.5018 8.94022 5.87873
threshold=-0.0070860893853195153 0.0059524329161042564 -0.011572826365970455 0.012401231907222867 0.024506944546554114 -0.014230892624115086 -0.024872446401529299 0.053059060985795277 0.071966034948089438 -0.068807594727604546 -0.034279340225711323 0.055284324982864654 0.1631402089546222 -1.1454986214373817
decision_type=10 10 10 10 10 10 8 10 10 8 10 8 10 10
left_child=5 2 6 -4 7 9 -2 -3 10 -1 -7 -11 -10 -6
right_child=1 4 3 -5 13 8 -8 -9 12 11 -12 -13 -14 -15
leaf_value=0.026997495182468769 0.0098642591146526609 0.0043579621681226728 -0.01308178472022445 -0.00063072482586013499 0.0099232356708107376 0.014142518839184125 -0.00076641783119508306 0.016693183754585481 0.012492968054719637 0.013397413337668135 0.0041154135348367088 0.020067777478948202 0.025597933501193305 0.020184108364401297
leaf_weight=462.06111009418964 1044.073174700141 4577.8808167055249 9294.5907368883491 2564.3070407733321 111.6281800866127 227.8248680755496 1638.7253206446767 416.92207976430655 795.3321385383606 1007.394667647779 1503.8988081067801 1072.067511588335 63.503209739923477 833.00084519386292
leaf_count=1902 5722 25157 78380 16150 488 1081 10899 1916 4169 4547 8290 4795 318 3592
internal_value=4.8326e-05 -0.00335207 -0.00785271 -0.0103973 0.0076516 0.0136104 0.00336974 0.00543088 0.00835062 0.0188944 0.00554265 0.0169446 0.0138145 0.0191511
internal_weight=25613.2 20481.1 14541.7 11858.9 5939.43 5132.08 2682.8 4994.8 2590.56 2541.52 1731.72 2079.46 858.835 944.629
internal_count=167406 142304 111151 94530 31153 25102 16621 27073 13858 11244 9371 9342 4487 4080
is_linear=0
shrinkage=0.03


Tree=37
num_leaves=15
num_cat=0
split_feature=2 2 1 1 2 2 1 1 1 2 6 1 0 2
split_gain=3370.34 654.621 493.98 312.231 245.13 229.631 156.543 136.39 102.291 86.6054 78.7063 68.7906 50.2565 9.27044
threshold=0.0032794510662527919 0.0047080774960687015 0.34074117143220889 -0.18041914787823304 0.00235217571412407 0.0017372338072111071 -0.61122106268764564 2.1836158683276099 1.2553710978542398 0.0084826783003338312 -0.009141063269318293 -0.25547504793460307 0.0073254301669652975 0.0019736335366390503
decision_type=8 8 10 10 10 10 8 10 10 10 10 10 10 10
left_child=2 3 4 10 13 -4 12 -7 -5 -8 -2 -6 -3 -1
right_child=1 6 5 8 11 7 9 -9 -10 -11 -12 -13 -14 -15
leaf_value=-0.029016340416636859 0.0034136582091735933 0.0056951877159755072 -0.023609880687625331 0.0051092562065640926 -0.017428772692327416 -0.0051215357641624286 0.015852699322880567 0.011462288590778946 0.015530251173843006 0.026193829984562537 -0.0068811464588762203 -0.0087462927835737746 0.016825975941892609 -0.023393520533587803
leaf_weight=1316.4320128932595 889.3505275696516 1760.9067171066999 536.3186891451478 3418.8151770830154 2229.5515709072351 2999.8453652560711 4445.5771406888962 512.79350592195988 1141.1586045771837 932.50348624587059 2546.1116654723883 1412.6494153365493 470.94429422914982 1047.6826255768538
leaf_count=15237 5528 8397 5396 18974 19944 20789 19286 2755 5194 3769 17990 11042 2092 11653
internal_value=-9.86157e-05 0.0086246 -0.0136378 0.00261542 -0.0190959 -0.00549923 0.0149186 -0.00265784 0.00775857 0.0177022 -0.00419651 -0.0141108 0.00813524 -0.0266588
internal_weight=25660.6 15605.4 10055.3 7995.44 6006.32 4048.96 7609.93 3512.64 4559.97 5378.08 3435.46 3642.2 2231.85 2364.11
internal_count=168046 81230 86816 47686 57876 28940 33544 23544 24168 23055 23518 30986 10489 26890
is_linear=0
shrinkage=0.03


Tree=38
num_leaves=15
num_cat=0
split_feature=2 2 1 1 2 1 7 2 2 1 2 6 1 2
split_gain=3175.87 850.648 394.175 372.32 202.468 160.22 140.057 128.994 90.4712 83.7268 78.708 58.3065 47.9033 22.5832
threshold=0.0030228907372991261 0.004283565586432057 -0.17124088131480655 0.79528162682054615 0.00235217571412407 -0.15249851215788088 0.10633071406205749 0.0017372338072111071 0.0061243861919275519 2.7922668467689333 0.0060445863019311158 -0.011572826365970455 -0.10483344154260504 0.0017639783319164475
decision_type=8 8 10 10 10 8 10 10 8 10 10 10 10 10
left_child=3 2 11 4 13 10 -4 -5 -7 -9 -3 -2 -6 -1
right_child=1 5 6 7 12 8 -8 9 -10 -11 -12 -13 -14 -15
leaf_value=-0.029109789058503612 0.00014851581213282125 0.0053000021530315378 0.0027504997066721119 -0.021649819259216132 -0.017269239125962878 0.013434428272340568 0.014570024869370712 -0.0038913539857552732 0.021910397131422569 0.015856210176216516 0.0134252967109805 -0.0094850932937719651 -0.0094248214904920549 -0.022517997766909336
leaf_weight=1119.3984673395753 695.58981005102396 2282.5602455288172 3592.5486719682813 332.00287157297134 1754.3101648837328 2710.4747131764889 1206.8233631551266 1597.424775108695 2147.7648265063763 209.11052712053061 2114.3198650032282 2746.9239276126027 1322.9509092643857 1719.0957748889923
leaf_count=13165 4504 12102 20348 3250 16233 12125 6366 10690 8748 1116 9177 20948 10081 19067
internal_value=4.1478e-05 0.00721933 0.000200326 -0.0155337 -0.0194108 0.0134565 0.00575916 -0.00474048 0.0172312 -0.00149779 0.00924241 -0.00752637 -0.0139577 -0.0252317
internal_weight=25551.3 17497 8241.89 8054.29 5915.76 9255.12 4799.37 2138.54 4858.24 1806.54 4396.88 3442.51 3077.26 2838.49
internal_count=167920 94318 52166 73602 58546 42152 26714 15056 20873 11806 21279 25452 26314 32232
is_linear=0
shrinkage=0.03


Tree=39
num_leaves=15
num_cat=0
split_feature=2 2 2 6 7 7 2 7 6 6 7 6 2 7
split_gain=2961.39 625.929 433.045 200.832 187.569 152.683 134.107 102.331 100.018 90.8377 58.7305 53.911 50.9518 9.3377
threshold=0.0032013059292748292 0.0046510927379661516 0.0023358565281525515 -0.012210907408316094 0.054243039784935561 0.14910434254433766 0.0084826783003338312 0.15216229982414128 -0.012210907408316094 -0.03094719683050506 0.051684935685727219 -0.0084437363105402934 0.0017372338072111071 0.007978547701257336
decision_type=8 8 10 10 10 10 8 10 10 10 10 10 10 8
left_child=2 4 7 10 8 -5 9 12 -2 -3 -4 -6 -1 -8
right_child=1 6 3 5 11 -7 13 -9 -10 -11 -12 -13 -14 -15
leaf_value=-0.027421872095945099 0.0053757036260158918 0.019613814679694454 -0.0045232839823116889 -0.01278775933959485 0.01161241777516 0.0099524283544317731 0.011109875641898762 0.001580684332520047 -0.0050722437254698532 0.010156284480839859 0.0083165390157029836 0.0041332005223166336 -0.019431291821444659 0.022941326249598742
leaf_weight=1349.164678402245 1095.1797252446413 1138.5932167172432 592.1979241296649 4020.9997533112764 1308.7962953299284 274.31043983250856 114.20728555321693 159.17915241420269 3206.0028487369418 5339.7947555035353 669.58847233653069 2720.2112623229623 2189.015994399786 1316.0511716902256
leaf_count=15638 5966 4728 3957 32991 7009 1818 466 1267 21005 24370 4111 16422 22841 5341
internal_value=-1.06567e-05 0.00770463 -0.0135489 -0.00821433 0.00195292 -0.0113018 0.0137452 -0.0215067 -0.00239174 0.0118554 0.00225503 0.00660037 -0.0225638 0.0221219
internal_weight=25493.3 16238.8 9254.46 5557.1 8330.19 4295.31 7908.65 3697.36 4301.18 6478.39 1261.79 4029.01 3538.18 1430.26
internal_count=167930 85307 82623 42877 50402 34809 34905 39746 26971 29098 8068 23431 38479 5807
is_linear=0
shrinkage=0.03


Tree=40
num_leaves=15
num_cat=0
split_feature=2 2 1 1 1 7 2 2 1 2 2 6 1 2
split_gain=2834.84 798.695 367.601 348.867 171.349 139.85 134.89 133.898 112.684 105.46 72.0582 59.1319 32.7171 17.3297
threshold=0.0029311035973404779 0.0042505236578338169 -0.17124088131480655 0.53409779314950001 -0.34829153175391903 0.10529302620677816 0.0017372338072111071 0.0023358565281525515 2.2735583090594309 0.0062969978145501143 0.0053927673544491841 -0.0084437363105402934 -0.16177798398710028 0.0019736335366390503
decision_type=8 8 10 10 8 10 8 10 10 8 10 10 10 10
left_child=3 2 11 7 10 -4 -5 13 -8 -6 -3 -2 -9 -1
right_child=1 4 5 6 9 -7 8 12 -10 -11 -12 -13 -14 -15
leaf_value=-0.028204097725972481 -0.00076057859703585449 0.0022281965650556355 0.0021797544200926906 -0.021890830107797538 0.012350315053197206 0.013526761266181613 -0.0064355346659820557 -0.018174372689608757 0.012200714149674398 0.020860097545009601 0.010830679538809691 -0.0095873192125509078 -0.010465463787564135 -0.021758827751939384
leaf_weight=1356.5889723077416 936.07902391254902 1469.8557457476854 3834.5555401518941 416.59116826951504 3390.0236624628305 1313.0685936510563 1708.5338888838887 1392.385076880455 340.58254498243332 2288.3129584789276 2260.6877214312553 2699.4009455293417 934.71132474392653 1073.6628348082304
leaf_count=16641 6340 8212 21938 4350 15258 6886 12451 13509 1908 9333 9945 21057 7685 12454
internal_value=0.000144296 0.00646009 -4.07637e-05 -0.0157413 0.0125285 0.00510642 -0.00651158 -0.0204887 -0.00326467 0.0158209 0.00747231 -0.00733935 -0.0151617 -0.0254821
internal_weight=25415 18192 8783.1 7223.06 9408.88 5147.62 2465.71 4757.35 2049.12 5678.34 3730.54 3635.48 2327.1 2430.25
internal_count=167967 98969 56221 68998 42748 28824 18709 50289 14359 24591 18157 27397 21194 29095
is_linear=0
shrinkage=0.03


Tree=41
num_leaves=15
num_cat=0
split_feature=2 2 1 1 2 2 1 1 1 2 1 2 2 7
split_gain=2705.46 507.912 479.376 287.813 274.747 211.684 137.98 118.35 85.6689 78.0116 62.0704 44.8214 30.135 13.4821
threshold=0.003306648901506786 0.0053927673544491841 0.36442101041522451 -0.44952336009472177 0.0025593995991118391 0.0017372338072111071 2.2735583090594309 0.98821406175250937 0.83049701434399903 0.0038915564186724851 -0.34829153175391903 0.0073433263091247031 0.0019736335366390503 0.085666869791897429
decision_type=8 8 10 10 10 10 10 10 10 10 10 8 10 10
left_child=2 3 4 9 12 -4 -7 -5 11 -2 -6 -3 -1 -10
right_child=1 8 5 7 10 6 -8 -9 13 -11 -12 -13 -14 -15
leaf_value=-0.028350566826777467 -0.0094343345768602167 0.01062626161510148 -0.022582780077948634 0.0047038449603402097 -0.01531934156838032 -0.0039790629385027046 0.013108517243343878 0.013635148930019209 0.019696135846441285 8.9157664600263088e-05 -0.0065311099375704633 0.016903912524453026 -0.021235064907579475 0.029150163558595083
leaf_weight=1214.7843555063009 1270.7992151603103 2747.5584782958031 483.14757679402828 4812.8656405434012 1615.8166249915957 2987.1680868342519 484.87826450169086 1869.9820896238089 678.81120570003986 1925.3647147715092 1407.2646380737424 1841.4334552586079 1677.2975719422102 324.98483021557331
leaf_count=15355 9647 11967 5239 26541 14470 20795 2546 8438 2759 11577 10663 7532 19082 1321
internal_value=-3.28058e-05 0.00779236 -0.0123003 0.00368782 -0.0177035 -0.00418024 -0.00154472 0.00722859 0.0150123 -0.0036963 -0.0112832 0.0131896 -0.0243319 0.0230735
internal_weight=25342.2 15471.8 9870.36 9879.01 5915.16 3955.19 3472.05 6682.85 5592.79 3196.16 3023.08 4588.99 2892.08 1003.8
internal_count=167932 79782 88150 56203 59570 28580 23341 34979 23579 21224 25133 19499 34437 4080
is_linear=0
shrinkage=0.03


Tree=42
num_leaves=15
num_cat=0
split_feature=2 2 2 0 0 0 0 2 7 0 0 7 0 0
split_gain=2551.27 711.383 288.411 279.181 136.459 134.483 115.852 99.1856 94.9599 79.4842 61.6879 46.1576 30.2676 12.7063
threshold=0.0030228907372991261 0.0043497958137187591 0.0023358565281525515 -0.0058341611268002405 -0.013122764472455693 -0.004859409530417135 0.0046465923884769786 0.01006235347145863 0.15216229982414128 0.022913732970064164 -0.010239097130758988 0.10427435844124795 -0.014823901634883506 -0.022131525567186557
decision_type=8 8 10 10 10 10 10 8 10 10 10 10 10 8
left_child=2 3 8 11 13 12 -5 -6 10 -7 -1 -2 -4 -3
right_child=1 4 5 6 7 9 -8 -9 -10 -11 -12 -13 -14 -15
leaf_value=-0.0018984963945207893 0.0071755886976583409 0.023238724927291229 0.0095999943679751076 -0.0057869676050475282 0.0092105029172534561 -0.012673235922391734 0.0025843548914469758 0.021107356256898191 0.0016179169451834487 0.014666641052545554 -0.022681828965780967 0.018007813076173135 -0.0022999462499181996 0.016620921087629061
leaf_weight=142.43357203155756 1433.2694565281272 807.82806208729744 261.3502159640193 4309.6369511783123 6711.0633849203587 3164.6717750951648 2250.8084100931883 706.02648730576038 156.59022714197636 88.65490885078907 3225.4769776314497 492.68326012790203 640.39045025408268 802.19707268476486
leaf_count=1015 7634 3290 1337 30769 31100 27372 12798 2856 1259 444 37497 2360 4487 3313
internal_value=-3.75954e-05 0.00628163 -0.014446 3.69176e-05 0.0121391 -0.00903163 -0.00290618 0.0103779 -0.0207685 -0.0118672 -0.0218289 0.0100563 0.00115065 0.0201014
internal_weight=25193.1 17513.5 7679.57 8486.4 9027.12 4155.07 6560.45 7417.09 3524.5 3253.33 3367.91 1925.95 901.741 1610.03
internal_count=167531 94120 73411 53561 40559 33640 43567 33956 39771 27816 38512 9994 5824 6603
is_linear=0
shrinkage=0.03


Tree=43
num_leaves=15
num_cat=0
split_feature=2 2 1 1 2 2 1 1 1 2 2 0 1 1
split_gain=2346.76 513.982 413.5 319.556 222.236 155.38 131.55 109.152 88.7888 79.77 48.9016 45.4356 19.954 16.7243
threshold=0.0032013059292748292 0.005336873009065009 0.079182276184212544 -0.18981889323190473 0.0017639783319164475 0.0024039869930330819 2.2735583090594309 1.3466660082386379 0.36442101041522451 0.0038915564186724851 0.01006235347145863 -0.004859409530417135 1.7338962950319667 2.7922668467689333
decision_type=8 8 10 10 10 10 10 10 8 10 10 10 10 10
left_child=2 3 5 9 13 -1 -6 -5 10 -2 -3 -7 -10 -4
right_child=1 8 4 7 6 11 -8 -9 12 -11 -12 -13 -14 -15
leaf_value=-0.025600678630666455 -0.0079246683812253006 0.0096677562256249627 -0.02384139940944989 0.0049042830513362883 -0.0054515124953687238 -0.0020686621903954262 0.011791789389832594 0.014665889148351881 0.017479946772212946 0.000108103602130574 0.019802612151446096 -0.015442761654401945 0.027119651902238907 -0.0012285755023204933
leaf_weight=1927.5048771500587 1996.5727693662047 3371.2178152054548 590.69066137075424 4705.3473655804992 3442.668298996985 270.77156944572926 438.8299053311348 1332.6999131292105 1581.4209650307894 2464.3966202735901 513.44164125621319 2181.7727284878492 296.79249070584774 38.049041427671909
leaf_count=24627 15205 14576 6897 25091 25881 2110 2323 5914 6439 14544 2074 20433 1214 339
internal_value=-0.000216343 0.00655583 -0.012604 0.00259238 -0.00618775 -0.0191682 -0.00346133 0.00708944 0.0137492 -0.00348335 0.0110701 -0.014005 0.0191705 -0.0226075
internal_weight=25152.2 16261.9 8890.29 10499 4510.24 4380.05 3881.5 6038.05 5762.87 4460.97 3884.66 2452.54 1878.21 628.74
internal_count=167667 85057 82610 60754 35440 47170 28204 31005 24303 29749 16650 22543 7653 7236
is_linear=0
shrinkage=0.03


Tree=44
num_leaves=15
num_cat=0
split_feature=2 2 2 0 7 7 7 0 0 0 6 2 7 0
split_gain=2288.23 499.698 360.163 246.137 177.051 149.018 108.359 96.6695 77.5588 69.2725 66.015 41.667 39.5085 18.3679
threshold=0.0034434709815845299 0.0023358565281525515 0.005442031007640939 -0.006158752378700282 0.054753994114120151 0.096630472506023884 0.15216229982414128 -0.0040358308070839169 -0.022131525567186557 -0.0095886513789126809 -0.022091074454356981 0.0084826783003338312 0.10529302620677816 0.0023033078868387462
decision_type=8 10 8 10 10 10 10 10 8 10 10 10 10 10
left_child=1 6 4 12 10 -5 9 -6 -4 -1 -2 -10 -3 -8
right_child=2 3 8 5 7 -7 13 -9 11 -11 -12 -13 -14 -15
leaf_value=-0.001725962838250217 0.0082728048745208949 0.0021584953487744037 0.024060900843654948 -0.011446262058190737 0.014958840937051646 -0.00013081253366873036 -0.007470008529220651 0.0052747446298875367 0.010890015674947214 -0.022203938334757117 -0.0016100760587925765 0.017803939134089834 0.013871868394821622 0.011911169970472976
leaf_weight=164.70411996543407 710.33365789055824 1059.444489851594 606.5396965444088 4474.7889465540648 1369.7508146837354 1381.0152740180492 63.901243537664413 2997.097994171083 3765.8895896524191 3094.7586738318205 3897.8278277814388 1084.0371891409159 343.22758746892214 93.873612001538277
leaf_count=1202 3419 6367 2487 37496 6589 9982 593 16498 16014 37308 23132 4386 1761 688
internal_value=-4.06617e-05 -0.0105676 0.0077444 -0.00608762 0.0040321 -0.00879266 -0.0200203 0.0083533 0.013821 -0.021196 -5.90539e-05 0.0124812 0.00514508 0.0037265
internal_weight=25107.2 10675.7 14431.5 7258.48 8975.01 5855.8 3417.24 4366.85 5456.47 3259.46 4608.16 4849.93 1402.67 157.775
internal_count=167922 95397 72525 55606 49638 47478 39791 23087 22887 38510 26551 20400 8128 1281
is_linear=0
shrinkage=0.03


Tree=45
num_leaves=15
num_cat=0
split_feature=0 0 6 6 0 0 6 7 7 4 7 4 0 4
split_gain=896.647 880.191 330.985 303.125 130.243 93.8723 62.3868 40.6301 39.3364 27.4193 17.1787 14.9097 11.0638 6.92462
threshold=-0.006158752378700282 0.0069511909723140039 -0.010149575979001567 0.01270428156869219 -0.019730210586930582 0.024506944546554114 -0.024872446401529299 0.10957987532263623 0.035375273189152075 0.47187500000000004 0.10330186259751745 0.62187500000000007 0.04624270955055599 0.46562500000000007
decision_type=8 10 10 10 10 10 8 8 10 10 8 10 10 8
left_child=4 2 6 -4 10 7 -2 -3 11 -10 13 -6 -7 -1
right_child=1 5 3 -5 8 12 -8 -9 9 -11 -12 -13 -14 -15
leaf_value=0.017704282544319203 0.0081987574407251761 0.0039531186403710108 -0.012137881697262097 -0.00053024518009064838 0.0047045665172932146 0.013826916464038747 -0.001134640295912926 0.011487189524857359 0.012677625065676284 0.0063207680877003609 0.023134791834033844 -0.0043065216305450708 0.023958218240454552 0.011573082650505103
leaf_weight=628.81773637235165 981.77733924239874 3612.1437356993556 8524.208489254117 2670.1894347444177 1356.414217799902 774.44190994650126 1811.3157449215651 797.8436331525445 1413.4969552382827 1231.4447612464428 465.8205236941576 173.16361310333014 159.76811473071575 473.72798755764961
leaf_count=2663 5355 19098 77183 17039 7301 3344 12581 4169 7223 6493 1964 940 663 2053
internal_value=-2.00171e-05 -0.00311509 -0.00707295 -0.00937742 0.0103755 0.00722655 0.00214221 0.00535264 0.00754998 0.00977552 0.0177627 0.0036241 0.0158585 0.0152515
internal_weight=25074.6 19331.7 13987.5 11194.4 5742.89 5344.2 2793.09 4409.99 4174.52 2644.94 1568.37 1529.58 934.21 1102.55
internal_count=168069 139432 112158 94222 28637 27274 17936 23267 21957 13716 6680 8241 4007 4716
is_linear=0
shrinkage=0.03


Tree=46
num_leaves=15
num_cat=0
split_feature=2 2 1 1 1 1 2 2 2 2 1 6 1 1
split_gain=2190.69 647.728 341.658 289.635 142.687 142.018 107.345 97.1343 72.6955 61.7094 60.6751 55.3919 38.993 10.5779
threshold=0.0028756279559095919 0.004283565586432057 0.53409779314950001 -0.44952336009472177 1.2553710978542398 -0.075739227095112147 0.0017372338072111071 0.0021062118175967973 0.0060445863019311158 0.0066638782940363116 1.7821885545188734 -0.012210907408316094 -0.7106732758758002 2.7922668467689333
decision_type=8 8 10 10 10 8 10 10 10 8 10 10 10 10
left_child=2 3 7 11 -5 8 13 -1 -3 -7 -8 -2 -9 -4
right_child=1 5 6 4 -6 9 10 12 -10 -11 -12 -13 -14 -15
leaf_value=-0.02618666070962242 0.00062421076929781267 0.0035670977310795298 -0.021558384817635421 0.00071560791704376671 0.011443377531425197 0.012056789017684675 -0.0060407344192056362 -0.022282361437001196 0.011048095225121405 0.019675400783239618 0.00567875967731257 -0.010444999613632872 -0.013756425978645345 -0.0015484983451364844
leaf_weight=1557.7763206362724 481.78964427858591 2478.1213210523129 344.29002791643143 4998.5063543021679 1432.5184016376734 3058.4304279536009 1344.6957079544663 769.26738614588976 2284.1578358709812 1526.6856245994568 549.18595679849386 2266.8830768018961 1819.7605498954654 34.233670681715012
leaf_count=21051 3232 12855 4004 30816 6720 13258 10449 8746 9707 6220 3281 18609 18240 316
internal_value=7.06882e-05 0.00530656 -0.0150165 -0.000348614 0.0031286 0.0108611 -0.00559685 -0.020138 0.00718345 0.0146439 -0.00259884 -0.0084878 -0.0163888 -0.0199896
internal_weight=24946.3 18527.1 6419.21 9179.7 6431.02 9347.4 2272.41 4146.8 4762.28 4585.12 1893.88 2748.67 2589.03 378.524
internal_count=167504 101417 66087 59377 37536 42040 18050 48037 22562 19478 13730 21841 26986 4320
is_linear=0
shrinkage=0.03


Tree=47
num_leaves=15
num_cat=0
split_feature=2 2 1 1 1 2 2 2 1 6 1 1 2 1
split_gain=2038.6 561.927 331.943 273.96 141.33 132.494 104.295 84.7329 68.658 68.0593 54.7443 37.7905 35.9748 29.2848
threshold=0.0029311035973404779 0.0041748883435299448 0.79528162682054615 0.17155454455546187 -0.72103091910316175 0.00235217571412407 0.0065673277622668074 0.0016809067096505068 -0.91953518346047136 -0.017602406521675992 2.7922668467689333 -0.10483344154260504 0.005336873009065009 -0.09463883693309702
decision_type=8 8 10 10 8 10 8 10 10 10 10 10 10 10
left_child=2 3 5 8 12 13 -6 -4 -2 -5 -9 -7 -3 -1
right_child=1 4 7 9 6 11 -8 10 -10 -11 -12 -13 -14 -15
leaf_value=-0.026288394023389377 -0.011740635656601925 -0.00060460550703911385 -0.019342601452328086 0.012102783564976302 0.0095359252448549391 -0.016640420506397479 0.017240218221046655 -0.0028881412128368852 -0.0033174434537167419 0.0029141714743481806 0.013737084779328498 -0.0087456556596137991 0.0066993005910233258 -0.018624801581630657
leaf_weight=1456.1687193065882 1199.547041900456 989.64127086102962 248.6533176228404 977.9059012234211 4917.8403013050556 1328.3662588149309 2426.7818561047316 1426.0492117628455 3285.3578953146935 2880.4740899354219 193.09106916934252 1073.4365129843354 1497.6560275107622 973.19327810406685
leaf_count=20158 9860 5716 2815 4625 22492 13757 9940 10171 23721 15829 1042 8804 6565 12038
internal_value=-5.37389e-05 0.0051583 -0.0141903 -0.000561847 0.0100141 -0.0183388 0.0121097 -0.00338731 -0.00560479 0.0052838 -0.000796514 -0.0131878 0.00377843 -0.0233319
internal_weight=24874.2 18175.2 6698.96 8343.28 9831.92 4831.16 7344.62 1867.79 4484.9 3858.38 1619.14 2401.8 2487.3 2429.36
internal_count=167533 98748 68785 54035 44713 54757 32432 14028 33581 20454 11213 22561 12281 32196
is_linear=0
shrinkage=0.03


Tree=48
num_leaves=15
num_cat=0
split_feature=6 6 6 1 6 1 7 6 4 1 6 4 4 1
split_gain=732.348 466.016 198.598 150.936 129.075 88.2804 50.9908 39.0794 34.7884 34.4258 15.3836 12.4948 10.8247 10.04
threshold=-0.020322905531501508 0.017814039670330576 -0.0069495728791597591 -0.22749239418479308 0.05018662551829501 0.86834350206104138 0.074519501629899718 -0.033090458182147835 0.44062500000000004 3.0063222569592827 -0.063349117521078732 0.41687500000000005 0.52312500000000017 1.2283440343456784
decision_type=10 10 10 8 10 10 8 10 10 10 10 8 8 8
left_child=5 2 6 -4 9 8 -2 -7 11 -3 -10 -1 -9 -6
right_child=1 4 3 -5 13 7 -8 12 10 -11 -12 -13 -14 -15
leaf_value=0.0085699241238207918 -0.0016272525577616668 0.0020783411008718305 -0.010835051013282332 -0.003797451956351814 0.011321358323756836 0.019834382677260103 0.0059195536704045029 0.012112300723804367 0.013274642612141879 0.020657733316313109 0.0040447346802601619 0.015562571284652181 0.0020997606861561826 0.018141371676949573
leaf_weight=649.92893779277802 2852.4596556127071 3945.5221132040024 5536.42380233109 5528.9312987625599 795.86262738704681 1053.3000257015228 1109.5357202813029 348.26487627625465 181.46774277836084 82.947770245373249 1728.1024901345372 496.49537818133831 161.68130644410849 395.71199575066566
leaf_count=3282 19596 22003 49269 41535 3624 4565 7111 1717 811 420 9188 2296 770 1717
internal_value=-0.000122051 -0.00258453 -0.00526824 -0.00733066 0.00512513 0.010641 0.000480667 0.016469 0.00759615 0.00252596 0.0050177 0.0117586 0.0091546 0.0137683
internal_weight=24866.6 20247.4 15027.4 11065.4 5220.04 4619.24 3962 1563.25 3055.99 4028.47 1909.57 1146.42 509.946 1191.57
internal_count=167904 145275 117511 90804 27764 22629 26707 7052 15577 22423 9999 5578 2487 5341
is_linear=0
shrinkage=0.03


Tree=49
num_leaves=15
num_cat=0
split_feature=2 2 0 2 2 0 0 7 0 6 7 0 0 0
split_gain=1925.56 530.903 204.192 202.958 128.144 114.374 112.854 111.923 93.1076 53.5442 48.0862 27.3833 23.9767 15.7542
threshold=0.0028756279559095919 0.0042505236578338169 -0.006158752378700282 0.0019877204066549993 0.0080722935438988647 -0.0055241800456648496 -0.0065156254419503892 0.054243039784935561 0.0059524329161042564 0.016988119487024281 0.10957987532263623 -0.010989676527327462 -0.025382312272960224 0.0042149997397984426
decision_type=8 8 10 10 10 10 8 10 10 10 10 10 10 10
left_child=3 2 10 9 6 12 -3 -4 -7 11 -2 -1 -5 -11
right_child=1 4 7 5 -6 8 -8 -9 -10 13 -12 -13 -14 -15
leaf_value=-0.0014293124961011453 0.0054221692840501429 0.013998467235919909 -0.0063018149827679601 0.01575964721204905 0.018038666919020101 -0.015470880069401272 0.0060424591849996163 0.0012485941099353421 -0.0031792676598241146 -0.017962869346619156 0.016562663895506577 -0.025134141253809229 -0.0021336294504806798 0.00028014644130251352
leaf_weight=51.88736866414547 1536.1875893697143 2258.4922373890877 3732.0958337560296 63.940982207655907 1451.6403133571148 2906.3648268431425 5795.9075710773468 3321.6647237464786 708.2610460370779 52.087118282914162 462.21269738674164 1613.1433241888881 730.4705743342638 115.37151815742254
leaf_count=383 8091 9575 26773 307 5930 31668 27264 21842 5107 582 2162 21798 5200 987
internal_value=8.2354e-06 0.00485917 -0.000335164 -0.0143904 0.00980696 -0.0108342 0.00829539 -0.00274105 -0.0130944 -0.0228088 0.00809838 -0.0244442 -0.000440827 -0.00574861
internal_weight=24799.7 18558.2 9052.16 6241.53 9506.04 4409.04 8054.4 7053.76 3614.63 1832.49 1998.4 1665.03 794.412 167.459
internal_count=167669 101637 58868 66032 42769 42282 36839 48615 36775 23750 10253 22181 5507 1569
is_linear=0
shrinkage=0.03


Tree=50
num_leaves=15
num_cat=0
split_feature=2 2 1 1 2 2 1 2 1 6 1 1 2 1
split_gain=1911.62 472.083 296.443 263.239 146.565 117.315 90.8625 81.5929 71.508 67.955 50.9262 36.1942 22.4082 18.3045
threshold=0.0029311035973404779 0.0045505388473486329 0.81197372467804974 0.069389573707070745 0.00235217571412407 0.0080722935438988647 1.1012185922268034 0.0017372338072111071 1.4477018921011204 -0.009141063269318293 3.2882728992079229 -0.10483344154260504 0.0017639783319164475 -0.85226924130394477
decision_type=8 8 10 10 10 10 10 10 10 10 10 10 10 10
left_child=2 3 4 9 12 6 -3 -4 -5 -2 -9 -6 -1 -7
right_child=1 5 7 8 11 13 -8 10 -10 -11 -12 -13 -14 -15
leaf_value=-0.027470393676540503 0.0014415802944778792 0.00720055965114085 -0.018447166985860564 0.0033259339181650593 -0.015885768000995157 0.010319162645683758 0.017552938676313187 -0.002374104090678827 0.011721835100814773 -0.0064324716386229865 0.018747464104496861 -0.008126812130906871 -0.020366195008621853 0.019826378340056214
leaf_weight=902.29932319372892 1330.5021849125624 6058.5096565037966 272.55085492879152 3647.9914860129356 1300.4799408465624 295.08097955584526 884.26244543492794 1463.0028164461255 1230.7974510192871 3649.0558953136206 100.18558287620544 1068.0937867611647 1446.748127989471 1151.9896762520075
leaf_count=13272 8511 27352 3158 20126 13843 1196 3624 10179 5563 28115 519 8870 19131 4720
internal_value=-5.90662e-06 0.00498331 -0.0138942 0.000523525 -0.0178714 0.0102097 0.00855106 -0.00359944 0.00547593 -0.00431788 -0.000871709 -0.012461 -0.0232253 0.018013
internal_weight=24801.6 18248.2 6553.36 9858.35 4717.62 8389.84 6942.77 1835.74 4878.79 4979.56 1563.19 2368.57 2349.05 1447.07
internal_count=168179 99207 68972 62315 55116 36892 30976 13856 25689 36626 10698 22713 32403 5916
is_linear=0
shrinkage=0.03


Tree=51
num_leaves=15
num_cat=0
split_feature=0 0 0 0 0 0 7 7 7 4 4 7 4 4
split_gain=693.043 615.282 244.06 137.181 95.4015 71.7667 33.6494 29.9848 20.4553 19.9581 18.4234 13.1361 12.8517 5.34242
threshold=-0.0089843788974214838 0.0069511909723140039 -0.004146248308437738 0.0027824204289841341 0.019297759693340025 -0.022131525567186557 0.036990399872768233 0.073841857531545083 0.059053280749068862 0.45062500000000005 0.67187500000000011 0.050283712081566012 0.62187500000000007 0.47187500000000004
decision_type=8 8 10 10 10 10 8 8 8 10 10 8 10 10
left_child=5 2 7 -4 6 11 -3 -2 12 -10 -6 13 -7 -1
right_child=1 4 3 -5 10 8 -8 -9 9 -11 -12 -13 -14 -15
leaf_value=0.015082944846956981 0.00038161532190128945 0.00010076492490675818 -0.0091930454930022679 -0.0020405025425096149 0.013602618082050122 0.0070009807435382349 0.006003719136845883 0.007013158991929236 0.015558210327429168 0.0077608940342999994 -7.0504776385215437e-05 0.019777553402191738 -0.0011509594723429538 0.0069114700713570456
leaf_weight=285.22457347810268 2011.8212503790855 1374.5753837227821 8770.8751230612397 3369.6780770421028 1444.3345302566886 1485.7629966586828 2457.3542276769876 887.61546251922846 584.9794875010848 773.21410524100065 85.060178071260452 782.38114090263844 180.06535298377275 179.80834229290485
leaf_count=1206 13141 7421 77414 24497 6310 7282 13164 5438 2721 3722 394 3314 905 770
internal_value=6.32306e-05 -0.00223619 -0.00534835 -0.00721607 0.00647678 0.0110394 0.00390762 0.0024495 0.00845357 0.0112523 0.0128077 0.0171432 0.0060824 0.0122617
internal_weight=24672.8 20401.3 15040 12140.6 5361.32 4271.44 3831.93 2899.44 3024.02 1358.19 1529.39 1247.41 1665.83 465.033
internal_count=167699 147779 120490 101911 27289 19920 20585 18579 14630 6443 6704 5290 8187 1976
is_linear=0
shrinkage=0.03


Tree=52
num_leaves=15
num_cat=0
split_feature=2 2 2 7 0 0 6 7 6 2 0 0 7 0
split_gain=1730.28 494.119 199.21 166.799 122.983 121.427 90.3019 83.8381 63.7455 63.4974 31.6194 30.1431 27.198 14.9896
threshold=0.0029311035973404779 0.0045804745418079537 0.0019877204066549993 0.10136039517552714 -0.0056733203031123494 -0.004859409530417135 -0.031959016104557307 0.15216229982414128 0.017407800205788252 0.0080722935438988647 -0.010989676527327462 -0.0077195679602117808 0.088821181421427087 0.0029961878196322904
decision_type=8 8 10 10 10 10 8 10 10 8 10 10 10 10
left_child=2 3 8 4 -2 12 -3 -7 10 -8 -1 -5 -4 -10
right_child=1 6 5 11 -6 7 9 -9 13 -11 -12 -13 -14 -15
leaf_value=0 0.0050242073490665579 0.016835443741211251 -0.0036443073673499398 0.013927745913840158 -0.0039477195178375772 -0.013663563330461351 0.0072123854955958386 0.0059022023067904642 -0.017214326948686583 0.015007209239911893 -0.024586456856287082 0.0054243047689249424 0.0075793063528085758 0.0018637764535407101
leaf_weight=51.175482608377934 1769.541648671031 1488.7692050039768 726.83077648282051 506.53611180186272 5993.535651884973 3509.2884234711528 5584.2302436977625 199.00764312595129 40.296195887029171 1162.8753614276648 1550.8589956611395 1672.9052324220538 252.81473540514708 119.9765282869339
leaf_count=379 9230 6180 5308 2271 41200 36520 25193 1496 466 4721 21928 10133 1670 1048
internal_value=-6.21625e-05 0.00467249 -0.0134014 0.000163103 -0.00189108 -0.0101078 0.0101022 -0.0125844 -0.0220227 0.00858494 -0.0238254 0.00748263 -0.00063991 -0.0033098
internal_weight=24628.6 18178.4 6450.25 9942.52 7763.08 4687.94 8235.87 3708.3 1762.31 6747.11 1602.03 2179.44 979.646 160.273
internal_count=167743 98928 68815 62834 50430 44994 36094 38016 23821 29914 22307 12404 6978 1514
is_linear=0
shrinkage=0.03


Tree=53
num_leaves=15
num_cat=0
split_feature=0 0 0 1 0 1 0 4 7 4 7 4 7 1
split_gain=632.297 611.487 119.296 111.192 98.8049 58.555 49.1251 45.4759 27.6679 22.1671 18.6585 16.7566 13.4626 10.8608
threshold=-0.0056733203031123494 0.0044259112385637298 -0.019730210586930582 -0.70073917437853284 0.018387226209576338 1.3466660082386379 -0.002523315214211896 0.67562500000000014 0.037807155162892299 0.47187500000000004 0.13299988772034707 0.62437500000000012 0.050733483445909257 1.0089680515130131
decision_type=10 10 8 8 10 8 10 10 8 8 10 10 8 8
left_child=2 3 12 6 7 -5 -2 -3 11 -10 -6 -4 -1 -14
right_child=1 4 8 5 10 -7 -8 -9 9 -11 -12 -13 13 -15
leaf_value=0.011286185613326409 -0.0039181532746073852 0.0027448075892344561 0.0037786068053381272 -0.0057650876237301573 0.0088555820300936228 0.0047014398968332942 -0.012979111555689409 -0.0088379194109423579 0.010230763594603551 0.0046721961610783416 0.018025383237819766 -0.0052963483741278287 0.01255035170318668 0.020683586462846522
leaf_weight=610.073356077075 687.91954075545073 5132.4726483002305 1554.7871297597885 7118.4633598588407 1385.2251881435513 502.1913206204772 3123.8631834201515 312.5886715054512 1442.5226689651608 1318.6045570001006 261.698153026402 193.46412467211485 354.95265172421932 594.43416830897331
leaf_count=2620 5114 29927 8473 60511 6059 3489 28948 2024 7427 6946 1207 1094 1512 2525
internal_value=-0.000131567 -0.00288762 0.00826201 -0.00718007 0.00402382 -0.00506224 -0.0113741 0.00205389 0.00574482 0.0076243 0.0104489 0.00271582 0.0154196 0.0178678
internal_weight=24593.3 18524.4 6068.84 11432.4 7091.98 7620.65 3811.78 5445.06 4509.38 2761.13 1646.92 1748.25 1559.46 949.387
internal_count=167876 137279 30597 98062 39217 64000 34062 31951 23940 14373 7266 9567 6657 4037
is_linear=0
shrinkage=0.03


Tree=54
num_leaves=15
num_cat=0
split_feature=2 2 1 1 2 1 1 2 2 1 1 2 0 1
split_gain=1631.28 462.38 298.958 215.633 127.066 101.765 82.3892 74.3411 73.6311 49.5356 42.0961 36.8238 32.614 13.8521
threshold=0.0028756279559095919 0.004283565586432057 0.96769995628936922 -0.44952336009472177 0.0021062118175967973 -0.69087384983516376 1.4477018921011204 0.0016809067096505068 0.0064893139797160262 -0.22749239418479308 3.0063222569592827 0.003552681884281731 0.01097405567358223 1.0000000180025095e-35
decision_type=8 8 10 10 10 8 10 10 8 10 10 10 10 10
left_child=2 3 4 11 13 12 -5 -4 -7 -6 -9 -2 -3 -1
right_child=1 5 7 6 9 8 -8 10 -10 -11 -12 -13 -14 -15
leaf_value=-0.026843490305704865 -0.011038186534423506 0.0024834422077769538 -0.018467807995281381 0.00087972637122082269 -0.017828608010638295 0.008510478602418629 0.0096186650669461988 -0.0012192663398164169 0.01507423060445004 -0.0096763218734664362 0.015358520185997636 -0.0038588539902389804 0.0136421022771386 -0.019525532360509485
leaf_weight=1006.4135586097836 1377.0260670781136 2203.2542009949684 200.75098692625761 5269.1810805574059 1337.3208766132593 4421.8861563205719 1186.9097669273615 1151.1881427839398 2484.1653412282467 1548.197662062943 146.04672872275114 1292.8696749433875 259.72287991642952 636.44245453923941
leaf_count=15681 12482 10763 2360 32215 16224 19854 5392 8092 10225 14631 773 9403 1125 8585
internal_value=-6.54555e-05 0.00434964 -0.0136102 -0.000451065 -0.0174478 0.00902771 0.00250799 -0.00193056 0.0108986 -0.0135238 0.000704425 -0.00761143 0.0037348 -0.0241801
internal_weight=24521.4 18495 6026.36 9125.99 4528.37 9369.03 6456.09 1497.99 6906.05 2885.52 1297.23 2669.9 2462.98 1642.86
internal_count=167805 101459 66346 59492 55121 41967 37607 11225 30079 30855 8865 21885 11888 24266
is_linear=0
shrinkage=0.03


Tree=55
num_leaves=15
num_cat=0
split_feature=2 2 1 1 1 2 2 7 2 7 1 2 7 1
split_gain=1596.15 437.558 270.823 191.119 121.318 105.159 97.6913 94.8746 79.8171 60.6266 40.7508 35.8593 22.1304 4.28414
threshold=0.0028756279559095919 0.0041748883435299448 0.53409779314950001 -0.27435340233964495 0.88687115408329775 0.0021062118175967973 0.0016585640722040918 0.10740991242072372 0.0060445863019311158 0.14653798625209205 -0.77468910754255649 0.003552681884281731 0.081902334043703937 -0.26497564792983674
decision_type=8 8 10 10 10 10 10 10 8 10 10 10 10 10
left_child=2 3 5 11 8 13 -4 -5 -3 -8 -7 -2 -6 -1
right_child=1 4 6 7 12 10 9 -9 -10 -11 -12 -13 -14 -15
leaf_value=-0.027680094378241291 -0.0095722821329061424 0.0043160151506608921 -0.021040338096524575 0.00050971113416771506 0.012403000871171039 -0.021235205369919737 -0.0044826901471350057 0.0097147259549227368 0.010320458311623745 0.011936894076959385 -0.011920220271468846 -0.0029420423542013243 0.019863212769984189 -0.021452458295867668
leaf_weight=765.13368136808276 1672.9264500960708 4428.9175800383091 288.97469498962164 4255.4234399199486 974.73165501654148 622.99782856553793 1681.4909716397524 1317.5063649341464 3730.2470090389252 218.75131899863482 1764.3057526275516 1382.5758949443698 774.28840981423855 592.58837912976742
leaf_count=12281 14973 22041 3673 24847 4084 7873 12868 6877 15530 1442 19125 9973 3217 8812
internal_value=7.29289e-06 0.00434557 -0.0135185 -0.000587603 0.00864388 -0.0184166 -0.00506652 0.00271014 0.00707777 -0.0025085 -0.0144546 -0.00661114 0.0158339 -0.0251826
internal_weight=24470.9 18536.6 5934.24 8628.43 9908.18 3745.03 2189.22 5572.93 8159.16 1900.24 2387.3 3055.5 1749.02 1357.72
internal_count=167616 101542 66074 56670 44872 48091 17983 31724 37571 14310 26998 24946 7301 21093
is_linear=0
shrinkage=0.03


Tree=56
num_leaves=15
num_cat=0
split_feature=2 2 1 1 2 1 2 7 2 1 6 6 6 2
split_gain=1495.29 327.481 270.277 196.952 155.345 113.459 93.5123 71.9337 69.0752 64.3042 35.5813 34.0092 30.2528 19.5514
threshold=0.0030228907372991261 0.0041748883435299448 0.53409779314950001 -0.43132817454026756 0.00235217571412407 0.84896355346176666 0.0017372338072111071 0.10229160609044675 0.0064893139797160262 2.1836158683276099 -0.023434466428167152 -0.0077722197793992356 -0.03094719683050506 0.0019736335366390503
decision_type=8 8 10 10 10 8 10 10 10 10 10 10 8 10
left_child=2 3 4 11 13 8 -4 -5 -3 -8 -6 -2 -7 -1
right_child=1 5 6 7 10 12 9 -9 -10 -11 -12 -13 -14 -15
leaf_value=-0.026165587046416989 -0.0012041149351442219 0.0044180538651418504 -0.018619606857799547 0.00088496581224294557 0.00070550093170449759 0.020245103168601928 -0.0043903169776895847 0.0087493662413953531 0.010336139492318833 0.0083853971898877229 -0.01240347809594705 -0.0097171538254740876 0.011776289188846017 -0.018878645964130608
leaf_weight=1031.0074731782079 590.45407295972109 5174.4464538097382 338.8779511153698 3961.4809993728995 192.91903360188007 626.27363479137421 1776.4927632808685 1424.7253941595554 2769.170246437192 430.58771273493767 2206.1666834279895 1672.9758207648993 1348.9897301495075 886.07627659291029
leaf_count=16685 4247 25194 4326 23333 1423 2630 13360 7556 11461 2329 22639 14276 5603 12719
internal_value=-0.00010302 0.00453321 -0.0119708 -0.000123921 -0.0165413 0.00812744 -0.00416468 0.00298869 0.00649906 -0.00184421 -0.0113259 -0.00753784 0.0145801 -0.0229441
internal_weight=24430.6 17568.5 6862.13 7649.64 4316.17 9918.88 2545.96 5386.21 7943.62 2207.08 2399.09 2263.43 1975.26 1917.08
internal_count=167781 94300 73481 49412 53466 44888 20015 30889 36655 15689 24062 18523 8233 29404
is_linear=0
shrinkage=0.03


Tree=57
num_leaves=15
num_cat=0
split_feature=2 2 7 2 7 0 0 6 0 2 0 7 0 0
split_gain=1369.23 353.159 175.498 174.111 104.928 90.6156 89.7199 73.5006 53.4748 52.5595 31.2893 15.4938 11.6603 10.3075
threshold=0.0028756279559095919 0.0053927673544491841 0.046146106744854441 0.0017639783319164475 0.123441941854011 -0.004610523665389831 -0.0052425829219914779 -0.012210907408316094 -0.0095886513789126809 0.01006235347145863 0.0043178310826815789 0.15535315416955706 0.013329240817862244 -0.023555705579258231
decision_type=8 8 10 10 10 10 10 10 8 10 10 10 10 10
left_child=3 2 7 11 5 -5 -4 -2 13 -10 -6 12 -1 -3
right_child=1 8 6 4 10 -7 -8 -9 9 -11 -12 -13 -14 -15
leaf_value=-0.024651731652862573 0.0028939020080851639 0.019004770325061853 0.0097757346143470033 -0.0032334174883486889 -0.0037038301787671768 -0.014061574669838687 0.0022346042910136245 -0.0048319486864322201 0.0070078813736659563 0.016970416297706205 0.010869802546497321 0 0 0.012775281197351182
leaf_weight=1025.5472106002271 1494.9134735018015 532.66506525874138 1951.7093824222684 907.48105727136135 300.81561762839556 3320.9915486238897 5295.2189375385642 4133.7180874347687 3617.3918862342834 561.62899492681026 217.91370526328683 22.102107383310795 20.044199235737324 934.93007284402847
leaf_count=16115 8048 2273 9359 6947 2880 38302 32536 27898 15272 2294 1458 234 185 3810
internal_value=-3.69631e-05 0.00394833 0.00119708 -0.0127266 -0.0102034 -0.011765 0.00428449 -0.0027679 0.010198 0.00839841 0.00239474 -0.023691 -0.0242121 0.0151902
internal_weight=24337.1 18522.2 12875.6 5814.9 4747.2 4228.47 7246.93 5628.63 5646.62 4179.02 518.729 1067.69 1045.59 1467.6
internal_count=167611 101490 77841 66121 49587 45249 41895 35946 23649 17566 4338 16534 16300 6083
is_linear=0
shrinkage=0.03


Tree=58
num_leaves=15
num_cat=0
split_feature=0 0 0 0 1 0 7 7 7 4 4 4 1 4
split_gain=499.144 474.116 105.518 87.8307 87.7936 68.5258 46.7566 41.3956 37.4944 22.328 17.6069 15.6151 9.29817 12.5639
threshold=-0.006158752378700282 0.0043178310826815789 -0.0026704602486051772 0.018387226209576338 -0.44045240400068902 -0.023555705579258231 0.099443182984050318 0.073841857531545083 0.05800242177451085 0.67937500000000017 0.47062500000000002 0.62437500000000012 1.8950323717228763 0.45937500000000003
decision_type=10 10 10 10 8 8 8 8 8 10 10 10 8 10
left_child=5 2 7 6 -4 12 -3 -2 11 -5 -10 -7 13 -1
right_child=1 3 4 9 -6 8 -8 -9 10 -11 -12 -13 -14 -15
leaf_value=0.015620060380280579 -0.0035681768428341364 0.00025875725970529202 -0.01110768606386966 0.010348033011616345 -0.0049908857768757326 0.0043286571093909716 0.0070233114277398877 0.0044284138322584375 0.011649050672981023 -0.0058541303065627126 0.0059052097734518076 -0.0029621387904472146 0.01880488296110417 0.0067787356952040967
leaf_weight=384.99646230041981 1904.925442982465 4339.0903772972524 4110.0623896345496 1585.2985112965107 4503.7758990749717 2272.6345130875707 1164.4329306334257 823.42896274477243 1106.0513487011194 69.437870211899281 1024.5457570180297 281.88306426629424 374.07411059737206 321.27883560955524
leaf_count=1642 14590 25996 39651 6967 39087 11923 6566 5820 5400 323 5170 1521 1594 1386
internal_value=-7.7975e-05 -0.00248277 -0.00629783 0.00355413 -0.00792595 0.00761918 0.00171102 -0.0011255 0.00600332 0.00960102 0.00895551 0.00349233 0.0144522 0.0118328
internal_weight=24265.9 18500.5 11342.2 7158.26 8613.84 5765.46 5503.52 2728.35 4685.11 1654.74 2130.6 2554.52 1080.35 706.275
internal_count=167636 139000 99148 39852 78738 28636 32562 20410 24014 7290 10570 13444 4622 3028
is_linear=0
shrinkage=0.03


Tree=59
num_leaves=15
num_cat=0
split_feature=2 2 2 7 2 6 7 7 6 6 6 7 4 6
split_gain=1326.21 350.596 181.122 117.108 80.5183 65.9422 64.8623 64.1598 60.5421 58.7249 44.1269 28.2669 13.3553 9.66756
threshold=0.0029311035973404779 0.0041748883435299448 0.0021062118175967973 0.054243039784935561 0.0073433263091247031 0.025835208701407989 0.079770124052300051 0.15905407352226877 -0.0088996138962409415 -0.017602406521675992 -0.009141063269318293 0.10229160609044675 0.48187500000000005 0.0082586005798841473
decision_type=8 8 10 10 8 10 10 10 10 10 10 10 10 10
left_child=2 3 5 9 6 11 -3 8 -4 -2 -5 -1 -6 -9
right_child=1 4 7 10 12 -7 -8 13 -10 -11 -12 -13 -14 -15
leaf_value=-0.022172906586702963 0.003375606600589858 0.0043120791830104522 -0.0030491580250653887 0.0075622930190124664 0.011351705763599056 0.0039888687861200974 0.010240875069738357 0.015355825610605502 -0.011657993653913127 -0.0058085428494048623 0.00081582054976060063 -0.009757169566428572 0.017703829305426435 0.0013995884676408659
leaf_weight=1702.4363138265908 749.19769066572189 5221.4160288125277 1030.7093494236469 1284.3574957922101 1721.2708239108324 94.356978006660938 2493.2856285274029 78.420873865485191 2838.7525614127517 3454.3986101895571 2761.8836608380079 228.10016056895256 470.85506270825863 116.87304490804672
leaf_count=25484 4058 24517 8242 6937 7110 817 11231 625 29999 25043 18038 2865 1946 774
internal_value=-0.000144952 0.00391647 -0.0122508 -0.000645374 0.00771819 -0.0195964 0.00624673 -0.00853761 -0.00939409 -0.00415331 0.00298544 -0.0207947 0.0128175 0.00777103
internal_weight=24246.3 18156.7 6089.65 8249.84 9906.83 2024.89 7714.7 4064.76 3869.46 4203.6 4046.24 1930.54 2192.13 195.294
internal_count=167686 98880 68806 54076 44804 29166 35748 39640 38241 29101 24975 28349 9056 1399
is_linear=0
shrinkage=0.03


Tree=60
num_leaves=15
num_cat=0
split_feature=6 0 0 6 0 0 1 7 6 4 0 6 4 0
split_gain=459.291 323.647 378.856 160.276 75.5495 74.7712 54.5332 31.5451 27.6366 22.8115 14.0038 12.9088 12.404 11.7646
threshold=-0.020322905531501508 0.0064188242436876717 -0.004146248308437738 0.013642358940179735 -0.014823901634883506 0.024506944546554114 0.76130195089509156 0.034173143144111344 -0.03094719683050506 0.46187500000000009 0.04624270955055599 -0.068807594727604546 0.52937500000000015 0.0018863075458170899
decision_type=8 10 8 8 10 10 10 8 10 10 10 10 8 10
left_child=6 2 4 -4 -2 7 9 -3 -8 13 -7 -11 -10 -1
right_child=1 5 3 -5 -6 10 8 -9 12 11 -12 -13 -14 -15
leaf_value=0.0071829141249710373 0.013634060651351707 -0.00098833764219718534 -0.0093511756582980946 -0.00016888496971343849 0.0017822588669720273 0.0099424052897584166 0.015224616612409017 0.0043273186930184266 0.0093967091503986775 0.012916440548322588 0.020652434745527342 0.0022390622205916075 -0.00058414980306875652 0.015017125144523248
leaf_weight=1219.5311570987105 561.98225384950638 1474.710916750133 8192.8529769033194 2179.0704517066479 3312.5682391002774 743.63503682613373 1208.3962997347116 3017.4112042672932 342.18123612552881 104.96225929260254 154.23703517019749 1351.965648047626 146.73031742870808 230.23415400087833
leaf_count=6019 2457 8031 80091 14203 20517 3207 5316 16162 1697 470 645 7269 702 1104
internal_value=-6.66711e-05 -0.00206948 -0.0044398 -0.00742984 0.00354742 0.00418112 0.00844843 0.0025706 0.0127496 0.00588121 0.0120555 0.00313201 0.00632936 0.0085625
internal_weight=24240.5 19636.5 14246.5 10371.9 3874.55 5389.99 4604 4492.12 1697.31 2906.69 897.872 1456.93 488.912 1449.77
internal_count=167890 145313 117268 94294 22974 28045 22577 24193 7715 14862 3852 7739 2399 7123
is_linear=0
shrinkage=0.03


Tree=61
num_leaves=15
num_cat=0
split_feature=2 2 2 7 7 0 2 0 6 0 7 0 0 2
split_gain=1229.97 301.254 184.035 126.405 89.8602 86.9495 76.5554 66.4644 54.8324 23.6389 18.0379 12.5608 11.1269 9.26778
threshold=0.0029167956340290162 0.0041748883435299448 0.0017639783319164475 0.099443182984050318 0.123441941854011 -0.0051109007468804193 0.0080722935438988647 -0.0037262768096938954 -0.051652259568160545 0.0042149997397984426 0.15535315416955706 0.013816284318143747 0.0035582704074282883 0.010570226405862491
decision_type=8 8 10 10 10 10 10 10 8 10 10 10 10 10
left_child=2 3 10 7 5 -4 8 -2 -3 -6 11 -1 -5 -8
right_child=1 6 4 12 9 -7 13 -9 -10 -11 -12 -13 -14 -15
leaf_value=-0.024656707662671366 0.0021511233304736359 0.014877309367278947 -0.0024641386139603451 0.0043615041352719755 -0.0033494632947216742 -0.01310725968378367 0.010996423869687933 -0.0045400601104898216 0.0054188390948066226 0.0091079418258797062 0.00082453555472948776 0 0.0093590722372183036 0.016735111420962491
leaf_weight=982.19892874360085 1877.2320687025785 597.53693710267544 885.42294041439891 1293.7587904855609 306.29141967743635 3490.7763156555593 806.22193466126919 4501.9624637886882 7854.632707670331 228.04587289690971 21.207624647766352 19.153013586997986 665.94034274667501 630.35590426623821
leaf_count=16216 10806 2497 6519 7823 2930 40757 3327 32620 36288 1499 226 173 3571 2628
internal_value=-0.000173315 0.00368662 -0.0120281 -0.00050694 -0.00956061 -0.0109781 0.00722593 -0.00256134 0.0061114 0.00192657 -0.0236123 -0.0241922 0.00612912 0.0136543
internal_weight=24160.7 18227.6 5933.1 8338.89 4910.54 4376.2 9888.75 6379.19 8452.17 534.337 1022.56 1001.35 1959.7 1436.58
internal_count=167880 99560 68320 54820 51705 47276 44740 43426 38785 4429 16615 16389 11394 5955
is_linear=0
shrinkage=0.03


Tree=62
num_leaves=15
num_cat=0
split_feature=2 2 2 1 1 1 1 6 1 2 1 1 6 2
split_gain=1186.72 305.754 181.658 170.719 138.57 126.416 59.4899 53.7257 49.2286 43.3127 34.2066 32.1413 29.0577 22.2194
threshold=0.003306648901506786 0.0023358565281525515 0.0060445863019311158 0.069389573707070745 -0.44952336009472177 1.2010392010076487 1.3466660082386379 -0.0082139277780974834 -1.1305725816252805 0.0038915564186724851 -0.27435340233964495 1.1012185922268034 0.024591279000317105 0.0026088958670837099
decision_type=8 10 8 10 10 10 10 10 8 10 10 10 10 10
left_child=1 5 4 13 9 10 -6 -5 -4 -2 -1 -10 -7 -3
right_child=2 3 8 7 6 12 -8 -9 11 -11 -12 -13 -14 -15
leaf_value=-0.024836032836465034 -0.0066411971640823681 -0.015710834702353391 0.0019706252547550028 0.0047918939010041708 0.0039421862219616924 -0.0074280382685040355 0.010860757126566542 -0.0032537901424665246 0.010238781913784132 0.00036792588502618804 -0.0165979794464527 0.018712644891001152 0.0096556176242617031 -0.0088816370536690496
leaf_weight=961.56109169125557 1173.4876510202885 617.29187565296888 595.46246649324894 1185.8295344933867 6231.9001696780324 479.31022094935179 1380.6549313515425 1977.1245885491371 3302.0442617684603 2361.2354543656111 1256.1518774554133 497.32561275362968 97.99597155302763 2026.7070624306798
leaf_count=16676 9595 7972 2546 6919 32402 4417 5921 14035 13659 13589 17968 2145 653 19419
internal_value=3.7414e-05 -0.00889426 0.00498716 -0.00494073 0.00293826 -0.0170399 0.00521745 -0.000212861 0.010152 -0.00195427 -0.0202922 0.0114099 -0.00431095 -0.0105518
internal_weight=24144.1 8601.97 15542.1 5806.95 11147.3 2795.02 7612.56 3162.95 4394.83 3534.72 2217.71 3799.37 577.306 2644
internal_count=167916 88059 79857 48345 61507 39714 38323 20954 18350 23184 34644 15804 5070 27391
is_linear=0
shrinkage=0.03


Tree=63
num_leaves=15
num_cat=0
split_feature=6 6 1 6 6 7 6 1 4 4 4 4 7 1
split_gain=397.716 291.336 122.437 73.613 71.6983 68.2179 54.9692 32.9485 27.1062 26.4419 21.4639 18.8141 12.9782 10.3085
threshold=-0.013967417575902806 0.019212237430568994 -0.21810803241039053 -0.031959016104557307 0.045492492248119916 0.035375273189152075 -0.0075500259620175916 0.76130195089509156 0.44437500000000002 0.67437500000000006 0.46312500000000006 0.67437500000000006 0.027007747851211687 1.3466660082386379
decision_type=10 10 8 10 10 8 10 10 10 10 10 10 10 8
left_child=3 2 6 7 11 -4 -2 10 -5 -6 -1 -3 -9 -10
right_child=1 4 5 8 9 -7 -8 12 13 -11 -12 -13 -14 -15
leaf_value=0.010667217819069623 -0.00064016085439928296 0.0022086970822012644 -0.0057149165617013361 0.0070689554375955692 0.010488967097599137 0.00055372161210911781 -0.0086972087507417896 0.0063120864796563517 0.00061862116879478183 -0.0075343527686624759 0.0034141645293355376 -0.0069682794192675252 0.015661970437103212 0.0065960591937767018
leaf_weight=814.35394930094481 908.23303788900375 3217.6972750909626 2433.0645223110914 1298.0957201085985 1396.275568947196 4289.9783330224454 5389.7436149977148 203.74170224368572 1821.7239707149565 66.49001944065094 743.65761107206345 202.12867784500122 974.24298349022865 300.2859777584672
leaf_count=3737 7156 17919 19719 7287 6321 31561 51532 907 10649 337 3707 1228 4279 1454
internal_value=6.19521e-05 -0.00219758 -0.00454235 0.00663591 0.00403976 -0.0017111 -0.00754767 0.0103099 0.00365781 0.00958338 0.00728737 0.00163006 0.0141621 0.0015196
internal_weight=24059.7 17903.6 13021 6156.1 4882.59 6723.04 6297.98 2736 3420.11 1462.77 1558.01 3419.83 1177.98 2122.01
internal_count=167793 135773 109968 32020 25805 51280 58688 12630 19390 6658 7444 19147 5186 12103
is_linear=0
shrinkage=0.03


Tree=64
num_leaves=15
num_cat=0
split_feature=0 0 6 6 6 6 0 6 4 7 7 7 4 4
split_gain=391.792 414.968 240.605 161.907 69.595 63.9341 55.7902 35.6807 21.2176 18.8837 17.992 11.1834 11.1586 10.5485
threshold=-0.006158752378700282 0.0037340580355349489 -0.009141063269318293 0.01181076142711124 0.053059060985795277 -0.0037127266891614492 -0.012199706618455762 -0.024872446401529299 0.44812500000000005 0.089670628956409731 0.035772066061481457 0.051684935685727219 0.67812500000000009 0.41312500000000002
decision_type=8 10 8 10 8 10 10 10 10 10 10 8 10 10
left_child=6 2 7 -4 5 -3 8 -2 11 -10 -8 -1 -12 -6
right_child=1 4 3 -5 13 -7 10 -9 9 -11 12 -13 -14 -15
leaf_value=0.0090064792980678078 0.0068900369554308893 0.0087126858317137391 -0.010849506299040787 -0.00072717180041864638 0.018086725770335706 0.00086809894548482811 0.0004027919028765861 -0.00048698832537958818 0.0049371331265127012 0.011769546712063284 0.0062420298958174468 0.015245783448500267 -0.0032936266881209118 0.0090591839258533733
leaf_weight=601.57458508759737 869.34917610883713 1116.3432805873454 6128.8400030918419 1869.7935367785394 174.75189732015133 5673.6634432785213 996.44881900772452 1750.7753572575748 1157.7185093611479 584.95264354348183 1534.0963960513473 742.47547801584005 104.39722137898207 719.92609491944313
leaf_count=2709 4818 5852 64751 12609 777 34177 5730 13268 5272 2599 8249 3263 587 3128
internal_value=7.10263e-05 -0.00206884 -0.00591123 -0.00849462 0.0032336 0.00217757 0.00691852 0.00195476 0.00966432 0.00731883 0.00365486 0.0125846 0.00558177 0.0110692
internal_weight=24025.1 18303.4 10618.8 7998.63 7684.68 6790.01 5721.66 2620.12 3086.72 1742.67 2634.94 1344.05 1638.49 894.678
internal_count=167789 139380 95446 77360 43934 40029 28409 18086 13843 7871 14566 5972 8836 3905
is_linear=0
shrinkage=0.03


Tree=65
num_leaves=15
num_cat=0
split_feature=2 1 2 2 2 1 1 1 1 1 2 0 1 1
split_gain=1099.48 274.382 178.262 130.97 124.384 114.814 88.4269 68.9664 57.3727 37.8157 23.7466 17.6202 17.2055 12.7589
threshold=0.0032013059292748292 0.048619355087025758 0.0046510927379661516 0.0017372338072111071 0.0025462049533089225 0.86834350206104138 1.8385319234672457 1.1012185922268034 -1.0452112726575498 -1.1626162192458194 0.0019877204066549993 -0.0039258010509891075 2.7922668467689333 3.0063222569592827
decision_type=8 10 8 10 10 10 10 10 10 8 10 10 10 10
left_child=1 4 5 13 10 8 -5 9 -2 -4 -1 -6 -7 -3
right_child=2 3 7 6 11 12 -8 -9 -10 -11 -12 -13 -14 -15
leaf_value=-0.026143336708668353 -0.0074415939513563277 -0.020082487227096411 0.00083759485270857919 -0.0045192587457057228 -0.0026861469630894853 0.0066991328226089454 0.0070307029897088043 0.015058018315873825 0.00056428806391367419 0.0074079990831178643 -0.017854204918536436 -0.011190099777794388 0.016821351405463456 0.00012956911341550434
leaf_weight=691.82818754389882 935.62989606708288 445.5297712944448 933.08037263154984 3053.3631286807358 288.47521318495274 1752.0510784387589 728.30136413872242 992.06490591168404 5380.8067659884691 6069.2068931907415 1002.4357136823237 1489.4854116141796 173.14779591560364 23.557320311665535
leaf_count=12988 7460 6864 4300 25168 2388 8087 4028 4195 34045 26273 15209 15567 728 233
internal_value=4.55218e-08 -0.00930854 0.00443456 -0.00416292 -0.0155606 0.00132701 -0.00226638 0.00762508 -0.000621997 0.00654347 -0.0214077 -0.00986663 0.00772272 -0.0189607
internal_weight=23959 7722.98 16236 4250.75 3472.22 8241.64 3781.66 7994.35 6316.44 7002.29 1694.26 1777.96 1925.2 469.087
internal_count=167533 82445 85088 36293 46152 50320 29196 34768 41505 30573 28197 17955 8815 7097
is_linear=0
shrinkage=0.03


Tree=66
num_leaves=15
num_cat=0
split_feature=2 2 2 7 0 7 7 2 0 2 2 6 0 0
split_gain=1066.39 241.685 169.606 111.921 106.273 74.7274 72.6582 59.9849 42.458 40.0867 29.9701 22.905 20.2696 19.9425
threshold=0.0032794510662527919 0.0024039869930330819 0.0060445863019311158 0.054243039784935561 -0.0035241769373015037 0.15216229982414128 0.11188711026338242 0.0017639783319164475 -0.0040358308070839169 0.0038915564186724851 0.01006235347145863 -0.0054554791429826102 -0.023555705579258231 0.0029961878196322904
decision_type=8 10 8 10 10 10 10 10 10 10 10 10 8 10
left_child=1 5 3 9 11 7 -6 -1 -5 -2 12 -3 -4 -7
right_child=2 4 10 8 6 13 -8 -9 -10 -11 -12 -13 -14 -15
leaf_value=-0.023113192744244379 -0.003549050256040034 0.003658627166878075 0.015880047286072958 0.0094053150322085978 -0.0095697963110265138 -0.0073895390379327399 0.0013621684535898709 -0.013435681692155274 0.0037733757478714946 0.0016365070643949685 0.014969034397510662 -0.0049229134044420416 0.007566807850837463 0.012513321240608425
leaf_weight=922.66913119703531 2180.4447539746761 1213.5904311537743 305.94814693927765 1808.1062411814928 3024.180346287787 68.361166451126337 653.41380619257689 1906.3582186698914 3847.5239458680153 3441.9016959443688 796.02570497989655 348.97755403071642 3296.708419084549 93.071375280618668
leaf_count=16149 14810 7449 1341 8458 28470 705 4808 25445 21327 18003 3342 2839 13716 650
internal_value=-5.956e-06 -0.00874657 0.0045819 0.00262145 -0.00483097 -0.0155489 -0.00761277 -0.0166834 0.00559792 -0.000366621 0.00957745 0.00168479 0.0083314 0.00379573
internal_weight=23907.3 8230.62 15676.7 11278 5240.16 2990.46 3677.59 2829.03 5655.63 5622.35 4398.68 1562.57 3602.66 161.433
internal_count=167512 86515 80997 62598 43566 42949 33278 41594 29785 32813 18399 10288 15057 1355
is_linear=0
shrinkage=0.03


Tree=67
num_leaves=15
num_cat=0
split_feature=0 0 6 6 0 0 6 6 6 4 1 1 1 4
split_gain=333.337 393.374 188.95 134.667 59.8567 55.5656 37.473 31.2815 22.4302 16.5594 12.7761 10.4424 9.75057 12.9724
threshold=-0.0056733203031123494 0.0051255490975993254 -0.009141063269318293 0.0087060239895908626 -0.023555705579258231 0.024506944546554114 -0.0037127266891614492 -0.035583515385673607 -0.033090458182147835 0.52937500000000015 0.86834350206104138 2.1836158683276099 2.1836158683276099 0.45312500000000006
decision_type=8 8 10 10 10 10 8 10 10 8 10 10 8 8
left_child=4 2 7 -4 12 6 -3 -2 10 -10 -6 -7 13 -1
right_child=1 5 3 -5 8 11 -8 -9 9 -11 -12 -13 -14 -15
leaf_value=0.014252553963853753 0.008659070741698062 0.0086728082479385436 -0.010156667982516345 -0.0021340634765874881 0.0059672646683724528 0.0085156198202979878 0.0016144784270985346 2.0091057040137138e-05 0.0047991357203761645 0.00045968531513344152 0.013354592129427025 0.016965836050297976 0.017623961754596816 0.0059816018865575101
leaf_weight=394.51757109165192 448.35344333201647 789.24370475113392 5903.2966902777553 2802.8926770724356 751.75957018136978 726.47782714664936 4767.014899648726 2211.7504236735404 2697.6298298873007 1166.6608219780028 344.65090020745993 202.08182735741138 290.8995491117239 400.35450899600983
leaf_count=1717 2297 3881 63883 20164 3447 3122 27193 16036 14624 6203 1524 867 1248 1734
internal_value=-1.9864e-05 -0.00208469 -0.00544894 -0.00758615 0.00605964 0.00380207 0.00264164 0.00152562 0.00462651 0.00350908 0.00844338 0.0105797 0.0124506 0.0102873
internal_weight=23897.6 17851.1 11366.3 8706.19 6046.47 6484.82 5556.26 2660.1 4960.7 3864.29 1096.41 928.56 1085.77 794.872
internal_count=167940 137443 102380 84047 30497 35063 31074 18333 25798 20827 4971 3989 4699 3451
is_linear=0
shrinkage=0.03


Tree=68
num_leaves=15
num_cat=0
split_feature=2 2 1 1 2 1 1 7 2 2 2 1 1 7
split_gain=1020.34 297.681 219.543 136.657 65.3276 63.2577 61.7504 60.0257 57.9206 49.7556 38.3565 30.011 17.2176 8.41831
threshold=0.002734849764020508 0.0041194717281430775 0.5616575708339544 -0.17124088131480655 0.0080722935438988647 -0.51469019699702712 3.0063222569592827 0.10427435844124795 0.0019736335366390503 0.0016809067096505068 0.003552681884281731 -0.64125877388447217 0.84896355346176666 0.045221610946820402
decision_type=8 8 10 10 10 8 10 10 10 10 10 10 10 10
left_child=2 3 8 10 5 -3 9 -5 -1 -4 -2 -10 -6 -8
right_child=1 4 6 7 12 -7 13 -9 11 -11 -12 -13 -14 -15
leaf_value=-0.02434899915740062 -0.0082271785814795606 0.0018218283445131586 -0.018501433338947229 0.00010182779252679012 0.010657339259950625 0.0073140583382677636 0.0019393975991836476 0.0071893335760681697 -0.020165555892044332 -0.0036589376614315316 -0.0017368518859630997 -0.011860101487703554 0.01984358277220815 0.019093375656410647
leaf_weight=881.03476459160447 2059.1539661437273 2845.8796434402466 234.45767737925053 4199.6413135007024 1173.0076552778482 5843.7113293558359 48.927373930811882 1444.1488611921668 659.87880015745759 1387.7502526789904 1412.2803233787417 1344.5131837278605 259.64887374639511 91.976085036993027
leaf_count=16763 19524 14393 3513 24957 4813 25698 330 7447 10054 11352 10314 17060 1183 541
internal_value=-5.68899e-05 0.00298976 -0.0126573 -0.000937026 0.00652923 0.00552639 -0.00423873 0.00193552 -0.0177483 -0.00594109 -0.00561653 -0.0147107 0.0124898 0.0140577
internal_weight=23886 19237.5 4648.54 9115.22 10122.2 8689.59 1763.11 5643.79 2885.43 1622.21 3471.43 2004.39 1432.66 140.903
internal_count=167942 108329 59613 62242 46087 40091 15736 32404 43877 14865 29838 27114 5996 871
is_linear=0
shrinkage=0.03


Tree=69
num_leaves=15
num_cat=0
split_feature=0 0 6 6 0 7 0 6 6 7 4 7 6 6
split_gain=299.007 341.325 168.463 140.412 59.6582 39.6629 39.4789 28.4973 27.2997 23.2652 27.3848 14.2441 13.9144 8.24455
threshold=-0.0056733203031123494 0.0043178310826815789 -0.0096180998631911745 0.010174602068515172 0.012888053921045752 0.044321572804979434 -0.027512917684473889 0.011245078459495518 -0.031959016104557307 0.035375273189152075 0.47187500000000004 0.050283712081566012 0.0018023672247178271 -0.043862520125166775
decision_type=8 8 8 10 10 8 10 10 10 8 10 8 10 10
left_child=6 2 8 -4 5 -3 11 -6 -2 12 -11 13 -8 -1
right_child=1 4 3 -5 7 -7 9 -9 -10 10 -12 -13 -14 -15
leaf_value=0.0015290197552687106 0.007357013089312847 -0.0024745216102655837 -0.0099276016264112244 -0.0011095560286344846 0.012821308270070867 0.0033254319635724959 0.00089740261860869828 0.0048983917451774833 -0.00022186562877703458 0.0086812707692910489 0.0031904090620513202 0.015193589529333905 0.0084572731569996246 0.012532501497486557
leaf_weight=180.40405936539173 536.4026678353548 1877.6969269663095 5943.6345295906067 2261.1262417063117 512.50913975387812 2400.1119018010795 1640.9916636385024 2332.0771800801158 1904.5282056443393 1839.3568021543324 1578.7385820783675 489.35233649611473 248.97255607694387 100.01021566987038
leaf_count=794 2834 11936 65127 15847 2277 14598 8815 10973 13857 9109 8068 2136 1255 426
internal_value=-8.31183e-05 -0.00205056 -0.00545156 -0.00750907 0.00302496 0.00076578 0.00565261 0.0063868 0.00144236 0.00469632 0.00617938 0.0120251 0.00196415 0.00595644
internal_weight=23845.9 17768.1 10645.7 8204.76 7122.4 4277.81 6077.83 2844.59 2440.93 5308.06 3418.1 769.767 1889.96 280.414
internal_count=168052 137449 97665 80974 39784 26534 30603 13250 16691 27247 17177 3356 10070 1220
is_linear=0
shrinkage=0.03


Tree=70
num_leaves=14
num_cat=0
split_feature=6 0 0 6 0 6 6 7 0 1 1 7 7
split_gain=276.557 225.291 258.66 96.2463 52.6912 47.4132 46.9596 31.4259 23.8061 17.9265 10.0352 1.96983 2.68929
threshold=-0.018590878347533032 0.0064188242436876717 -0.0047330950965998589 0.015797926302375313 -0.013675986149512763 -0.068807594727604546 0.053059060985795277 0.044321572804979434 0.012453430536371603 2.1836158683276099 1.1750325177491956 0.13939408746881107 0.1129829735010431
decision_type=10 10 10 10 10 8 10 8 10 10 8 10 10
left_child=5 2 4 -4 -2 11 7 -3 9 -7 -8 12 -1
right_child=1 6 3 -5 -6 8 10 -9 -10 -11 -12 -13 -14
leaf_value=0.013190169494268687 0.011163250521162156 -0.00077103477393657659 -0.0076459959241703783 -0.00012478707208274666 0.0015156699054721368 0.0040060703663677205 0.0067604842906437458 0.0042673754457224862 0.018067226821238427 0.011604031078033325 0.01414014448244022 0.019142939874133545 0.0042618737921967312
leaf_weight=404.58196321129799 627.43570218235254 1893.7361889258027 8276.6198618002236 1898.7595369592309 2673.6177563145757 3914.514287840575 502.58724284172058 2628.2625336498022 116.44852730631828 306.2295490950346 331.92543445527554 130.8189340159297 68.849381938576698
leaf_count=1788 2768 10315 84061 12149 16339 19999 2212 13931 487 1362 1416 572 296
internal_value=-0.000151669 -0.001812 -0.003882 -0.0062499 0.0033957 0.006155 0.00338224 0.00214709 0.00501381 0.00459764 0.00989945 0.0140336 0.0121309
internal_weight=23774.4 18832.9 13476.4 10175.4 3301.05 4941.44 5356.51 4522 4337.19 4220.74 834.513 604.25 473.431
internal_count=167695 143191 115317 96210 19107 24504 27874 24246 21848 21361 3628 2656 2084
is_linear=0
shrinkage=0.03


Tree=71
num_leaves=15
num_cat=0
split_feature=2 2 1 1 2 1 1 2 1 6 6 1 2 1
split_gain=911.449 250.364 180.316 152.031 68.9178 66.3126 57.181 48.0063 38.477 34.1639 32.5689 30.7814 24.1949 7.8108
threshold=0.0027195488069857018 0.004283565586432057 0.5616575708339544 -0.44045240400068902 0.0019736335366390503 0.98821406175250937 -0.15249851215788088 0.0016585640722040918 -0.77468910754255649 -0.048555453613358772 -0.012882908648133904 2.2735583090594309 0.01006235347145863 2.1836158683276099
decision_type=8 8 10 10 10 10 8 10 10 8 10 10 10 10
left_child=2 3 4 10 -1 -5 12 13 -6 -8 -2 -9 -3 -4
right_child=1 6 7 5 8 -7 9 11 -10 -11 -12 -13 -14 -15
leaf_value=-0.024222953173939004 0.00032200998257694976 0.0030978031252379312 -0.019482898618780161 -0.00020543231711353852 -0.020898845292035829 0.0060669236065070921 0.014682050303652404 -0.00459452506055029 -0.010846969601458638 0.0074050763625125686 -0.0080781563817257252 0.0061489827682847734 0.011217101130003179 -0.003405998889844759
leaf_weight=854.11817226558924 490.547253228724 4176.2215835899115 192.60296984761953 4891.4306491985917 503.90886126086116 2177.4549468234181 709.17664267122746 1208.5814534649253 1406.3170298486948 4164.6211490631104 2267.141950674355 285.71412744373083 359.25527556240559 48.026577912271023
leaf_count=16839 3390 19804 3022 31760 7996 10475 3081 10395 18546 17739 21059 1649 1455 561
internal_value=-9.8842e-05 0.00274307 -0.0122414 -0.00060079 -0.0169966 0.00172403 0.00623853 -0.00457635 -0.0136249 0.00850411 -0.00656646 -0.00247323 0.0037774 -0.0167775
internal_weight=23735.1 19235.8 4499.27 9826.57 2764.34 7068.89 9409.27 1734.93 1910.23 4873.8 2757.69 1494.3 4535.48 240.63
internal_count=167771 108763 59008 66684 43381 42235 42079 15627 26542 20820 24449 12044 21259 3583
is_linear=0
shrinkage=0.03


Tree=72
num_leaves=15
num_cat=0
split_feature=2 2 2 7 7 2 4 0 6 0 0 2 7 6
split_gain=834.244 186.611 153.718 85.1528 80.243 58.2114 52.2836 47.0846 42.6847 34.9245 27.5399 23.1393 19.313 6.89816
threshold=0.0028756279559095919 0.0038915564186724851 0.0017639783319164475 0.081217329594164875 0.046607530178200546 0.0057558723285817152 0.52062500000000012 -0.0035241769373015037 -0.0084437363105402934 -0.012659548797972984 -0.0047330950965998589 0.01006235347145863 0.15905407352226877 -0.022091074454356981
decision_type=8 8 10 10 10 8 10 10 10 10 10 10 10 10
left_child=2 4 12 9 6 7 -2 -3 -6 -4 -5 -7 13 -1
right_child=1 5 3 10 8 11 -8 -9 -10 -11 -12 -13 -14 -15
leaf_value=-0.00016134854231401332 -0.0016281432200339549 0.0071184428292876602 0.0008232017433311182 0.005841706571260331 0.0063684535097219934 0.0069573626984757537 -0.0099690589407466484 0.001700179823277914 -0.00017073750147626911 -0.01169240961637746 -0.0041331279211700191 0.012803869038525066 0.0047381171137649628 -0.02284288307333621
leaf_weight=17.796392358839512 2076.7154246717691 2198.9679179936647 204.71684839576483 315.75386118143797 1338.1481178179383 4047.6511196196079 1013.5341612696648 4315.0887926071882 2640.8932575136423 2877.9119772948325 1017.4855013117194 771.62363751232624 17.175066463649273 855.50337310135365
leaf_count=190 15054 10197 1159 2189 7404 16990 7669 22803 18296 35578 10893 3270 180 16224
internal_value=1.13024e-05 0.0030364 -0.0104546 -0.00810545 -0.000780888 0.00542135 -0.00440647 0.00354654 0.0020238 -0.0108419 -0.0017002 0.00793046 -0.0218177 -0.0224557
internal_weight=23709 18402.6 5306.34 4415.87 7069.29 11333.3 3090.25 6514.06 3979.04 3082.63 1333.24 4819.27 890.475 873.3
internal_count=168096 101683 66413 49819 48423 53260 22723 33000 25700 36737 13082 20260 16594 16414
is_linear=0
shrinkage=0.03


Tree=73
num_leaves=15
num_cat=0
split_feature=2 2 2 7 7 0 7 2 2 0 7 2 7 0
split_gain=791.526 205.789 137.006 85.4623 80.2486 78.7876 58.5402 47.538 31.819 29.5729 28.4144 24.4541 15.5562 12.7721
threshold=0.0032013059292748292 0.0023358565281525515 0.005442031007640939 0.15216229982414128 0.048399561361017633 -0.0036224577769889961 0.12483913359018094 0.0016064990190196478 0.0039104420775709688 -0.02089933306513236 0.049324688919103361 0.0084826783003338312 0.084856571751616747 0.0021239635318321963
decision_type=8 10 8 10 10 10 10 10 10 10 10 8 10 10
left_child=1 3 4 7 8 10 -7 -1 -2 -6 -3 12 -4 -5
right_child=2 5 11 13 9 6 -8 -9 -10 -11 -12 -13 -14 -15
leaf_value=-0.023742214573768187 -0.0036215125702157374 -0.0030443547388426286 0.0054363511354690464 -0.0039426895713282313 0.012551180354455117 -0.0083369106047901011 0.003152952272704874 -0.01359486096679466 0.0012266953391981532 0.0036381415419763411 0.0052977206670526758 0.011247663937355001 0.010136826601387856 0.01267115994478998
leaf_weight=608.56713334470987 2230.1768746078014 661.37876644730568 3201.8218774199486 55.230186603963375 356.23577155172825 2997.7409925684333 446.58815081417561 1785.2375038340688 2638.7577957287431 5546.8092616125941 791.00809171795845 1371.7098287940025 864.93113243579865 95.754364520311356
leaf_count=11904 15627 4747 13482 578 1476 29962 3301 26613 14226 30815 5044 5776 3625 691
internal_value=0.000105435 -0.00798569 0.00382605 -0.0149012 0.00185583 -0.00435649 -0.00682496 -0.0162876 -0.000984561 0.00420649 0.00146309 0.00770688 0.00647319 0.0063537
internal_weight=23651.9 7441.51 16210.4 2544.79 10772 4896.72 3444.33 2393.8 4868.93 5903.05 1452.39 5438.46 4066.75 150.985
internal_count=167867 82840 85027 39786 62144 43054 33263 38517 29853 32291 9791 22883 17107 1269
is_linear=0
shrinkage=0.03


Tree=74
num_leaves=15
num_cat=0
split_feature=2 2 1 1 0 7 2 2 1 1 2 1 0 1
split_gain=795.357 209.02 181.548 112.19 62.2979 62.1651 56.2857 53.8294 51.4654 39.777 34.7637 34.6596 23.1317 13.5908
threshold=0.002734849764020508 0.0045505388473486329 0.46599959433634947 0.74496767310870837 -0.0035241769373015037 0.10229160609044675 0.0016585640722040918 0.0019877204066549993 -0.69087384983516376 2.2735583090594309 0.0065673277622668074 -0.77468910754255649 0.011318902850639192 2.1836158683276099
decision_type=8 8 10 10 10 10 10 10 8 10 10 10 10 10
left_child=2 3 7 4 -2 -5 13 -1 12 -8 -10 -9 -3 -4
right_child=1 8 6 5 -6 -7 9 11 10 -11 -12 -13 -14 -15
leaf_value=-0.023320050581818852 0.0022385472005552551 0.0011028382980884364 -0.020712148210573381 0.0016528557865390014 -0.0037732617291428286 0.010848019273593797 -0.0043874433037147118 -0.020493619494203582 0.00576741218022202 0.0076933441875024142 0.01055519459490115 -0.010719271137115032 0.010923328071842882 -0.0011274630541600766
leaf_weight=793.71599976718426 2119.5036360621452 2036.2526285052299 199.09854802116752 2058.5610759034753 5625.9638730213046 982.89356199651957 1332.6479289270937 491.3661658577621 3930.546899959445 287.92794577032328 2231.7341639250517 1298.2777405828238 235.31956136226654 46.849438667297363
leaf_count=16605 13030 9540 3353 10415 43635 4439 11843 8003 17086 1657 9392 17637 991 564
internal_value=-8.01884e-05 0.00256444 -0.0114969 -0.000197187 -0.00211966 0.00466989 -0.00429182 -0.016643 0.00609971 -0.00217023 0.00752537 -0.0135352 0.00218989 -0.0174058
internal_weight=23670.7 19220.8 4449.88 10786.9 7745.47 3041.45 1866.52 2583.36 8433.85 1620.58 6162.28 1789.64 2271.57 245.948
internal_count=168190 108528 59662 71519 56665 14854 17417 42245 37009 13500 26478 25640 10531 3917
is_linear=0
shrinkage=0.03


Tree=75
num_leaves=15
num_cat=0
split_feature=6 0 0 6 0 6 1 4 4 6 5 6 5 1
split_gain=242.428 179.572 278.795 71.6266 58.6503 47.4887 31.3708 29.3233 25.1311 10.545 8.55529 8.07896 7.5451 6.64386
threshold=-0.022091074454356981 0.0043178310826815789 -0.004146248308437738 0.022251496242412298 -0.015446927119490915 0.053059060985795277 1.1012185922268034 0.70812500000000012 0.47312500000000007 -0.075757322407788749 0.68271159001907211 -0.068807594727604546 -1.0952459812678066 1.1750325177491956
decision_type=8 10 8 8 10 8 10 10 10 10 10 10 10 8
left_child=6 2 4 -4 -2 7 8 -3 12 -8 -11 -10 -1 -7
right_child=1 5 3 -5 -6 13 9 -9 11 10 -12 -13 -14 -15
leaf_value=0.0014069746784295899 0.011898055282964783 0.0018695495665989029 -0.0075536962345792947 0.0013309924175323401 0.0014678972110522023 0.0064940042612395676 0.016730808232764467 -0.012885217699863042 0.0090332596576369519 0.010136807722632465 0.0012559520212573846 0.00099623096239657744 0.008061602235110427 0.012553467528812168
leaf_weight=201.0127655044198 558.47044303268194 5804.4054564647377 7574.5411973521113 899.5169693492353 3500.0885188244283 538.32237729430199 239.99320574104786 113.02576446533203 118.02655325829983 804.1119622066617 132.37768642604351 1261.3289168439806 1493.6914804130793 340.55666315555573
leaf_count=976 2448 33820 79326 5505 21650 2382 1098 718 524 3607 612 6598 7231 1457
internal_value=4.82413e-05 -0.0013764 -0.00350681 -0.00660306 0.00294358 0.00254273 0.00652874 0.00155634 0.00487088 0.0107325 0.00897138 0.00178718 0.00732036 0.0090243
internal_weight=23579.5 19328.9 12532.6 8474.06 4058.56 6796.31 4250.54 5917.43 3074.06 1176.48 936.49 1379.36 1694.7 878.879
internal_count=167952 147306 108929 84831 24098 38377 20646 34538 15329 5317 4219 7122 8207 3839
is_linear=0
shrinkage=0.03


Tree=76
num_leaves=15
num_cat=0
split_feature=0 0 6 6 0 6 7 1 4 7 0 1 1 7
split_gain=247.562 255.96 138.156 117.318 53.3858 40.9379 37.2375 24.1564 21.358 17.6776 14.8163 9.08552 8.34091 0.6557
threshold=-0.0058341611268002405 0.0043178310826815789 -0.009141063269318293 0.010174602068515172 0.026467819734381618 -0.075757322407788749 0.036990399872768233 1.1249307956090273 0.47687500000000005 0.13507389778673481 -0.012199706618455762 3.2882728992079229 1.0089680515130131 0.073841857531545083
decision_type=8 10 8 10 10 8 8 10 10 10 10 8 10 10
left_child=5 2 7 -4 6 12 -3 -2 10 -10 -7 -6 13 -1
right_child=1 4 3 -5 11 8 -8 -9 9 -11 -12 -13 -14 -15
leaf_value=0.0031654596681018232 0.00048097752523545506 -0.0013476037564212307 -0.0090018512823796335 -0.00085273444256819071 0.0086447570979636366 0.008427095574439351 0.0034361664082750731 0.012172015773168489 0.0015928473808904089 0.010173514493334547 0.0041409628664985914 0.020798263911619704 0.018571014940856976 0.010099932705378897
leaf_weight=69.04809981584549 2409.7395368628204 2262.6299118958414 5646.5670026428998 2238.222517311573 709.59996171295643 1547.5538375973701 4047.915226649493 161.66711420565844 2201.2082058563828 235.45815601944923 1586.1516870893538 67.665464654564857 234.28682079911232 74.062685459852219
leaf_count=307 17033 13432 64413 15852 3049 6921 22902 953 11336 1090 8808 288 1071 319
internal_value=4.27312e-05 -0.0017481 -0.00473174 -0.00670021 0.00264548 0.00532925 0.00171205 0.00128355 0.00464746 0.00248472 0.00629679 0.0100297 0.0148579 0.00757132
internal_weight=23491.8 17544 10456.2 7884.79 7087.81 5947.77 6310.55 2571.41 5570.37 2436.67 3133.71 777.265 377.398 143.111
internal_count=167774 137922 98251 80265 39671 29852 36334 17986 28155 12426 15729 3337 1697 626
is_linear=0
shrinkage=0.03


Tree=77
num_leaves=15
num_cat=0
split_feature=2 1 2 1 2 1 2 7 2 7 1 7 1 1
split_gain=720.733 200.007 172.862 99.3278 79.9073 71.01 61.0484 41.3017 40.4585 35.1959 29.5121 26.7383 23.9091 6.02663
threshold=0.0028756279559095919 0.36442101041522451 0.0038915564186724851 -0.17124088131480655 0.0021062118175967973 1.0760015873782804 0.001719074333767883 0.12791804174467453 0.0057558723285817152 0.047059329066527551 -0.91953518346047136 0.14412097565984719 -0.77468910754255649 2.1836158683276099
decision_type=8 10 8 10 10 10 10 10 8 10 10 10 10 10
left_child=1 4 3 10 -1 8 13 -8 -4 -5 -2 -7 -6 -3
right_child=2 6 5 9 12 11 7 -9 -10 -11 -12 -13 -14 -15
leaf_value=-0.022546523677028647 -0.0099840546900589015 -0.017549706490363352 0.0024153827043678971 -0.0014538141080870592 -0.017284545549850965 0.009362424054670495 -0.0033480519737109694 0.008018274382116301 0.006341937853922449 0.0040285722625486749 -0.0031439023310145127 0.021676009710694784 -0.0092092564487924519 -0.0037140127576361912
leaf_weight=933.92822890356183 873.71081238240004 256.91646965220571 5491.5797652229667 1703.3606185317039 501.62515666335821 1413.0004434287548 1706.6320064067841 333.95767413452268 4262.9547144323587 2685.5381575003266 1747.5325152724981 189.85491645336151 1343.3768619373441 51.687159813940525
leaf_count=19692 8478 4419 28696 10353 7825 6064 14262 2295 17817 14655 14698 804 17092 615
internal_value=5.65744e-05 -0.00987363 0.00283617 -0.000860419 -0.0153138 0.00512185 -0.00337524 -0.00142858 0.00414226 0.00188871 -0.00547594 0.0109835 -0.0115185 -0.01561
internal_weight=23495.7 5128.12 18367.5 7010.14 2778.93 11357.4 2349.19 2040.59 9754.53 4388.9 2621.24 1602.86 1845 308.604
internal_count=167765 66200 101565 48184 44609 53381 21591 16557 46513 25008 23176 6868 24917 5034
is_linear=0
shrinkage=0.03


Tree=78
num_leaves=15
num_cat=0
split_feature=2 2 1 1 2 1 2 1 1 2 7 7 7 1
split_gain=719.192 191.953 150.265 139.238 80.1545 62.9105 43.7149 43.5053 38.8938 32.4068 26.6515 22.7092 17.5838 13.7086
threshold=0.0026932655064740569 0.0038915564186724851 -0.085319150817296033 -0.17124088131480655 0.0017372338072111071 1.1012185922268034 0.0073433263091247031 2.1836158683276099 2.2735583090594309 0.0019736335366390503 0.046607530178200546 0.085666869791897429 0.081217329594164875 3.2882728992079229
decision_type=8 8 10 10 10 8 10 10 10 10 10 10 10 10
left_child=2 3 9 10 13 6 -3 -5 -6 -1 -2 -7 -11 -4
right_child=1 5 4 7 8 11 -8 -9 -10 12 -12 -13 -14 -15
leaf_value=-0.025186163406001664 -0.0089457238661155986 0.0031966983237970287 -0.019093923632416271 0.0011358290857115022 -0.0055776916477701857 0.0073479216789912516 0.0084349362903988374 0.010521537693392521 0.0066498214321127165 -0.01721920783420626 -0.0031073702727557107 0.014791200215095165 -0.0070474252532168741 0.0033646136561264845
leaf_weight=490.97628674656153 1499.1249029934406 7852.8019118458033 430.14042894542217 4556.123174957931 1843.5278029404581 990.85421282052994 1780.5716240853071 486.45924545824528 255.15790381282568 850.34443220868707 1427.4741888716817 688.18775659799576 237.59696569666266 18.242107711732388
leaf_count=11329 14181 38587 7865 27634 19239 4253 7392 2120 1455 14036 12834 2925 3671 183
internal_value=0.000183678 0.00261992 -0.0111657 -0.000939586 -0.00657946 0.00513138 0.00417887 0.00207218 -0.00403813 -0.0184384 -0.00613873 0.0105037 -0.0151368 -0.0179959
internal_weight=23407.6 19281.6 4125.99 7969.18 2547.07 11312.4 9633.37 5042.58 2098.69 1578.92 2926.6 1679.04 1087.94 448.383
internal_count=167704 109926 57778 56769 28742 53157 45979 29754 20694 29036 27015 7178 17707 8048
is_linear=0
shrinkage=0.03


Tree=79
num_leaves=15
num_cat=0
split_feature=2 2 2 7 7 7 4 0 2 2 7 0 7 7
split_gain=653.277 175.39 104.736 68.6759 66.1647 63.2813 42.944 37.2837 36.4304 32.3096 20.8341 17.676 13.4977 11.2026
threshold=0.0032013059292748292 0.0023358565281525515 0.0054997834566165573 0.15216229982414128 0.074519501629899718 0.093921020462573876 0.5056250000000001 -0.0039258010509891075 0.0016064990190196478 0.0080722935438988647 0.15535315416955706 -0.0040358308070839169 0.079770124052300051 0.0049113831123673559
decision_type=8 10 8 10 10 10 10 10 10 10 10 10 10 10
left_child=1 3 4 8 6 7 -2 -3 -1 12 -7 -6 -4 -11
right_child=2 5 9 -5 11 10 -8 -9 -10 13 -12 -13 -14 -15
leaf_value=-0.02245965296122418 0.0016281580604711901 -0.0013127121629462031 0.0041544932370815206 0.0050768893394399564 0.0074855288618504105 -0.000649043331132154 -0.0032425532348747807 -0.0081909112360558315 -0.013118748251597038 0 0.0082356461052702275 0.0031612866846763453 0.0083813350374303281 0.011276937081172164
leaf_weight=555.22935669869184 4202.1826643049717 1013.1367560140789 2914.2508299946785 146.28790077194571 1300.3041384071112 908.34868796169758 2643.37410659343 2580.2472760118544 1696.2766924202442 73.112938657402992 306.57071220129728 2775.448035299778 963.40741643309593 1328.440920189023
leaf_count=11857 24796 7039 12253 1238 6028 7201 16510 26888 26503 304 1907 15583 4042 5659
internal_value=-0.000104384 -0.00761548 0.00323554 -0.0142394 0.00154861 -0.00427712 -0.000245875 -0.00627731 -0.0155379 0.00670448 0.00159285 0.0045705 0.00523895 0.0106508
internal_weight=23406.6 7206.1 16200.5 2397.79 10921.3 4808.3 6845.56 3593.38 2251.51 5279.21 1214.92 4075.75 3877.66 1401.55
internal_count=167808 82633 85175 39598 62917 43035 41306 33927 38360 22258 9108 21611 16295 5963
is_linear=0
shrinkage=0.03


Tree=80
num_leaves=15
num_cat=0
split_feature=2 2 2 0 7 7 0 2 6 2 6 6 6 7
split_gain=636.059 166.992 112.932 77.6058 70.7434 50.3226 37.6164 28.2103 26.4529 23.8812 13.8658 13.9198 13.7599 6.34762
threshold=0.002734849764020508 0.0042505236578338169 0.0017639783319164475 -0.0034294580918031721 0.092180867337696967 0.02856738364090957 -0.022131525567186557 0.01006235347145863 -0.0084437363105402934 0.0024177048866860667 0.016988119487024281 -0.021491531990514009 -0.023434466428167152 0.12061692563016281
decision_type=8 8 10 10 10 10 8 10 10 10 10 10 10 8
left_child=2 3 10 12 8 -5 13 -8 -4 -6 11 -1 -2 -3
right_child=1 6 4 5 9 -7 7 -9 -10 -11 -12 -13 -14 -15
leaf_value=0.00028139468069551338 0.0061078358067811183 0.0098506977212138736 -0.0050686255966311926 -0.0063831249903289053 -0.0050109827820128457 -0.00056713672565753036 0.0041050842965269212 0.01063961012678351 -0.012237216776675058 0.0049655011952309223 -0.0054871583506274323 -0.022553293009835634 0.0018941139187020747 0.018396739009528085
leaf_weight=19.247596509754658 1123.877374112606 625.16154544055462 677.15007405728102 1907.9996928349137 462.54647591337562 4533.3472520336509 8146.5613310039043 652.21382954716682 1948.1968133114278 385.98142189532518 68.823951177299023 707.71267855912447 2017.3678197488189 130.8678375184536
leaf_count=217 5297 2781 6756 15180 5295 32562 36695 2742 27758 3265 888 15538 12514 589
internal_value=3.69346e-05 0.00237648 -0.0104164 -0.000416355 -0.00801047 -0.00230642 0.00518122 0.0046078 -0.0104373 -0.000397979 -0.0206148 -0.0218717 0.00343534 0.0116292
internal_weight=23407.1 19137.4 4269.66 9582.59 3473.87 6441.35 9554.8 8798.78 2625.35 848.528 795.784 726.96 3141.25 756.029
internal_count=168077 108360 59717 65553 43074 47742 42807 39437 34514 8560 16643 15755 17811 3370
is_linear=0
shrinkage=0.03


Tree=81
num_leaves=15
num_cat=0
split_feature=2 2 2 7 7 2 7 4 0 7 2 0 6 4
split_gain=590.913 154.437 126.405 72.5083 58.0819 44.2348 47.0704 41.1924 30.567 23.4098 21.8287 20.1525 9.71682 6.44069
threshold=0.0028756279559095919 0.0038915564186724851 0.0017639783319164475 0.046607530178200546 0.081217329594164875 0.0080722935438988647 0.084856571751616747 0.52187500000000009 -0.0052425829219914779 0.15535315416955706 0.003391060834323664 0.0084137111099452672 -0.023434466428167152 0.36937500000000006
decision_type=8 8 10 10 10 10 8 10 10 10 10 10 10 10
left_child=2 3 11 7 8 6 -3 -2 -4 -6 -5 12 -1 -7
right_child=1 5 4 10 9 13 -8 -9 -10 -11 -12 -13 -14 -15
leaf_value=0 -0.0020339410033136836 0.0026472298953674673 -0.0031266364981178576 -0.00044444347895958704 -0.0036627284933172153 0.014596476829972969 0.0072743476792468675 -0.0095939986769698112 -0.010977657834675646 0.0064379476513470304 0.0039829427420686727 -0.00081184187474861631 -0.022026228415422844 0.00847319074752571
leaf_weight=14.663482666015623 2040.1969425827265 7174.4976878538728 594.40925011783838 2073.7910334318876 1047.599798951298 247.27592964470387 2776.9827246591449 966.83445003628731 2294.2577268965542 243.9841221794486 1888.7627923563123 52.091704461723566 710.75226335972548 1141.5946740955114
leaf_count=157 14992 34683 4599 14405 11177 1070 12612 7515 31916 1813 11202 578 15835 4856
internal_value=1.76942e-05 0.00250876 -0.00915673 -0.000997938 -0.00703626 0.00466818 0.00395047 -0.00450832 -0.00939919 -0.00167378 0.00165549 -0.0202471 -0.0215311 0.00970283
internal_weight=23267.7 18309.9 4957.76 6969.59 4180.25 11340.4 9951.48 3007.03 2888.67 1291.58 3962.55 777.507 725.416 1388.87
internal_count=167410 101335 66075 48114 49505 53221 47295 22507 36515 12990 25607 16570 15992 5926
is_linear=0
shrinkage=0.03


Tree=82
num_leaves=15
num_cat=0
split_feature=2 2 2 7 7 0 4 6 4 0 4 7 0 7
split_gain=555.378 121.121 118.127 67.9668 53.8894 50.0535 44.395 31.6651 29.6291 19.7535 18.8332 14.8321 11.4696 5.47703
threshold=0.0028756279559095919 0.0035658219514951802 0.0017639783319164475 0.09848189736813763 0.094813598781161884 -0.019730210586930582 0.47437500000000005 -0.0077722197793992356 0.52437500000000015 0.003309990399575025 0.48937500000000006 0.15905407352226877 0.013816284318143747 0.12791804174467453
decision_type=8 8 10 10 10 8 10 10 10 10 10 10 10 8
left_child=2 3 11 8 7 13 -7 -4 -2 -6 -5 12 -1 -3
right_child=1 5 4 10 9 6 -8 -9 -10 -11 -12 -13 -14 -15
leaf_value=-0.02104580904074415 -0.0019249430065953099 0.0086139973522283367 -0.0040207353758673859 -0.00085689785328551019 -0.0038846435162524021 0.0047454037871533352 0.0010895542225792905 -0.010764847797996115 -0.0078145434819623626 0.0049531300084451578 0.0065193163743266051 0.0042326637697245222 0.00032538357374657445 0.015407039485424937
leaf_weight=728.73590142279863 2328.9248711913824 965.9461771696806 933.29154365137219 454.80271768569946 626.12448617070913 7211.0016585811973 5199.1586393788457 2266.0101085491478 1175.524752035737 341.95549643412232 882.71374732255936 15.197524096816776 17.313198059797287 171.08714880049229
leaf_count=16214 17865 4222 8961 2866 6772 35048 26583 31244 9227 2575 5298 162 172 753
internal_value=-6.59819e-05 0.00232913 -0.00900113 -0.0017323 -0.00696165 0.00378537 0.00322075 -0.00883483 -0.00393422 -0.000682803 0.00397887 -0.0198533 -0.0204728 0.00981385
internal_weight=23317.8 18389.2 4928.63 4841.97 4167.38 13547.2 12410.2 3199.3 3504.45 968.08 1337.52 761.247 746.049 1137.03
internal_count=167962 101862 66100 35256 49552 66606 61631 40205 27092 9347 8164 16548 16386 4975
is_linear=0
shrinkage=0.03


Tree=83
num_leaves=15
num_cat=0
split_feature=2 2 1 1 2 1 1 1 2 4 2 1 2 1
split_gain=543.775 159.107 153.198 95.7752 64.3937 54.5973 41.875 38.84 35.0644 33.5228 16.5885 16.1076 12.5224 6.9032
threshold=0.002734849764020508 0.0037934352431188167 -0.085319150817296033 -0.35763036366884404 0.001719074333767883 1.0760015873782804 2.484476637731575 -1.1471024265438847 0.0022175214254662079 0.63187500000000008 0.0068353086740594888 -0.795998489005312 0.003552681884281731 3.2882728992079229
decision_type=8 8 10 10 10 10 10 8 10 10 10 10 10 10
left_child=2 3 8 12 13 7 -6 -3 -1 -5 -7 -10 -2 -4
right_child=1 5 4 9 6 10 -8 -9 11 -11 -12 -13 -14 -15
leaf_value=-0.022385960637562093 -0.0083284732164222025 -0.0014485968522453768 -0.017317271605410585 0.0017891577788318946 -0.0047902765537438385 0.0074696506775492845 0.0085837443862596795 0.0039389943239808017 -0.018185490842317034 -0.0047204068460231412 0.015552898215935732 -0.0089177309790412461 -0.0026594553237946354 0
leaf_weight=728.95859118923545 1576.464496999979 1368.3488187119365 377.49308153241873 4093.8971156701446 1972.9569264166057 1416.9175643473864 223.71971127390862 8948.457858607173 326.96664510667324 848.8803690597415 303.87999351322651 514.09752019494772 510.18830116093159 16.314294524490833
leaf_count=16972 16177 7287 7558 25167 20608 5980 1241 42527 5473 5348 1433 7640 4103 173
internal_value=-0.000178943 0.00196377 -0.00999427 -0.0016149 -0.00544407 0.00405815 -0.00336829 0.0032179 -0.017382 0.000651807 0.00901337 -0.0127625 -0.00699031 -0.0165041
internal_weight=23227.5 19067 4160.51 7029.43 2590.48 12037.6 2196.68 10316.8 1570.02 4942.78 1720.8 841.064 2086.65 393.807
internal_count=167687 108022 59665 50795 29580 57227 21849 49814 30085 30515 7413 13113 20280 7731
is_linear=0
shrinkage=0.03


Tree=84
num_leaves=15
num_cat=0
split_feature=6 0 0 6 6 0 7 4 6 6 0 7 7 4
split_gain=177.193 133.861 160.243 62.2827 35.2486 30.1219 24.9857 23.049 18.7912 16.4696 13.6521 8.39826 8.38304 7.99927
threshold=-0.018590878347533032 0.0053790295787271578 -0.004146248308437738 0.012100532655991538 0.053059060985795277 -0.011370216990536362 0.042573250163869203 0.46187500000000009 -0.068807594727604546 -0.033090458182147835 0.010305087018099403 0.016154849552955198 0.060127009103182243 0.42562500000000009
decision_type=8 10 8 8 10 10 8 10 10 10 10 10 8 8
left_child=7 2 5 -4 6 -2 -3 9 -9 13 -10 -6 -11 -1
right_child=1 4 3 -5 11 -7 -8 8 10 12 -12 -13 -14 -15
leaf_value=0.0067085157618266529 0.0065757682228351167 -0.0012231275769140303 -0.0068194841382559724 -0.00083350070212721936 0.016193394628906368 0.00039664971462556251 0.0030382007480785826 0.010748064805015453 0.0014318541259252526 0.0019137596965679629 0.014734613318487482 0.0064969869063790245 0.0073538460323380773 0.011865386927323791
leaf_weight=708.1777400970459 974.56433051079512 2060.3112343624234 6650.7759111635387 2079.5430249534547 100.89484162628651 2637.9214498698711 3024.448788844049 236.98371685296297 2116.3533722274005 676.78837208077312 63.365229487419128 753.7166081443429 456.01828837767243 652.06391577795148
leaf_count=3272 4464 11856 74856 14324 444 17326 16644 1068 11030 3607 269 3289 2348 2934
internal_value=-6.03544e-05 -0.00142222 -0.00320414 -0.00540309 0.00226993 0.00209375 0.00130075 0.00499114 0.00284346 0.0070294 0.00191149 0.00788518 0.00420139 0.00929292
internal_weight=23191.9 18282.2 12342.8 8730.32 5939.37 3612.49 5084.76 4909.75 2416.7 2493.05 2179.72 854.611 1132.81 1360.24
internal_count=167731 143203 110970 89180 32233 21790 28500 24528 12367 12161 11299 3733 5955 6206
is_linear=0
shrinkage=0.03


Tree=85
num_leaves=15
num_cat=0
split_feature=2 1 2 1 1 2 2 1 2 1 1 6 2 4
split_gain=511.876 150.234 145.996 90.8479 60.0126 51.4056 41.9207 35.9402 29.2489 27.2743 18.6211 16.7577 9.3695 4.77133
threshold=0.0025593995991118391 0.23601329327341466 0.0037798306691608631 -0.36668769995926803 1.8385319234672457 0.0016585640722040918 0.0073433263091247031 1.3466660082386379 0.0019736335366390503 3.7810991809203216 -0.70073917437853284 -0.022730622876990122 0.0066638782940363116 0.36312500000000009
decision_type=8 10 8 10 10 10 8 10 10 10 10 10 10 10
left_child=1 8 3 11 6 13 -4 -5 -1 -7 -10 -2 -6 -3
right_child=2 5 4 7 12 9 -8 -9 10 -11 -12 -13 -14 -15
leaf_value=-0.023414385547081432 0.0019675845048930905 -0.0023834926085002585 0.0024700650000144468 -0.00069050461506061126 0.010522494822532936 -0.0030244900188508127 0.0072097534007067969 0.0049988675459469601 -0.019963037605248899 0.020823642457287083 -0.010656986178901951 -0.0072746139553904509 0.021317122974672979 -0.018189189131295375
leaf_weight=571.67844363301992 178.01384920626879 31.751197647303343 9468.5435257777572 4261.9696295335889 504.96210867166519 1350.6110901832581 2064.7334562391043 1290.6445057615638 357.30221723392606 34.161631278693676 649.65652836486697 2063.1796997375786 113.27546575665474 229.19327112287283
leaf_count=14389 1236 543 46542 29477 2122 13611 8705 6223 6989 179 10845 21791 554 4437
internal_value=-1.59653e-05 -0.0110896 0.00177586 -0.00142235 0.00383155 -0.00465405 0.00332929 0.000627751 -0.0176894 -0.00224807 -0.0141819 -0.00650839 0.0129037 -0.0166464
internal_weight=23169.7 3224.35 19945.3 7793.81 12151.5 1645.72 11533.3 5552.61 1578.64 1384.77 1006.96 2241.19 618.238 260.944
internal_count=167643 50993 116650 58727 57923 18770 55247 35700 32223 13790 17834 23027 2676 4980
is_linear=0
shrinkage=0.03


Tree=86
num_leaves=15
num_cat=0
split_feature=2 1 2 2 1 2 7 1 2 4 2 1 2 3
split_gain=463.297 189.171 92.6447 89.0986 87.2508 77.4457 72.4941 55.8262 24.5404 11.8633 11.5778 10.4116 2.01917 0.457586
threshold=0.0033663546919533052 -0.14289894619869994 0.0025462049533089225 0.0016809067096505068 2.1836158683276099 0.005442031007640939 0.027412014305882505 2.7922668467689333 0.01006235347145863 0.46062500000000006 0.0019736335366390503 3.2882728992079229 0.005336873009065009 1.1342452953772717
decision_type=8 10 10 10 10 8 10 10 10 10 10 10 10 10
left_child=1 2 10 11 5 6 -2 -5 -7 -4 -1 -3 13 -6
right_child=4 3 9 7 12 8 -8 -9 -10 -11 -12 -13 -14 -15
leaf_value=-0.023615715197855731 -0.00328336899376877 -0.017953724258244236 -0.011050697384670212 -0.0022008135357211261 0.013850500714693535 0.0045576217809927882 0.0025711134918357556 0.011368345509436415 0.010543616029291821 -0.0056643517541224249 -0.015761561048236429 0.003062614476540426 0.019728212261210295 0.0076683894304118523
leaf_weight=404.69774540141225 2675.4939912036061 337.20109817385674 648.90388593822718 4613.4060969799757 292.24606966972351 4536.581465959549 6494.9525891169906 279.0895479619503 738.50877864658833 1147.456058781594 704.67298962175846 14.626510031521319 135.11985076963902 115.22942918539047
leaf_count=10743 16203 7107 7233 38756 1226 19059 35606 1374 3192 12524 13338 160 632 484
internal_value=-0.000142198 -0.0058973 -0.0120297 -0.00247166 0.00298508 0.00253059 0.000854806 -0.00139292 0.00542537 -0.0076937 -0.0188657 -0.0168537 0.0147115 0.0124716
internal_weight=23138.2 8150.05 2905.73 5244.32 14988.1 14445.5 9170.45 4892.5 5275.09 1796.36 1109.37 351.828 542.595 407.475
internal_count=167637 91235 43838 47397 76402 74060 51809 40130 22251 19757 24081 7267 2342 1710
is_linear=0
shrinkage=0.03


Tree=87
num_leaves=15
num_cat=0
split_feature=0 0 6 6 1 6 4 6 1 6 1 0 1 0
split_gain=145.972 206.065 105.261 74.3799 45.6963 29.3242 28.2088 24.6873 23.4353 10.9014 10.3594 7.28905 4.94659 0.266661
threshold=-0.004146248308437738 0.0027824204289841341 -0.0067508324162535152 0.0091846586144690451 2.2735583090594309 -0.075757322407788749 0.47312500000000007 0.053059060985795277 -0.69087384983516376 0.023944482651099722 0.23601329327341466 -0.012199706618455762 1.2837810836613726 -0.023555705579258231
decision_type=8 10 10 10 8 8 10 10 8 8 8 10 10 10
left_child=5 2 8 -4 7 12 10 -3 -2 -6 -7 -8 13 -1
right_child=1 4 3 -5 9 6 11 -9 -10 -11 -12 -13 -14 -15
leaf_value=0.0090951987738872569 -0.0041886771936322275 0.00049954633510641356 -0.009828659414913685 -0.0021790812433566615 0.0040761513288801272 0.0030796603609553048 0.0027345894468478191 0.0061255143045718273 0.002452900190068876 0.013827432004755395 0.0064005022731152992 -0.00021879415747834703 0.015338925908097913 0.0037985121399220631
leaf_weight=91.047378391027451 686.02676470577717 7161.2137707844377 3676.0330557860434 1701.0654176659882 199.8870335817337 1723.4394755288959 1221.4423240572214 773.51374823600054 1508.1165221109986 309.73022561520338 1949.0059760510921 1844.5499058663845 193.24127912521362 99.950260110199451
leaf_count=423 5499 45647 47676 12741 1138 9512 5564 3422 11899 1386 10308 11335 923 435
internal_value=7.01341e-06 -0.00157939 -0.00517184 -0.00742836 0.00163683 0.00357971 0.00309683 0.00106256 0.000339523 0.0102702 0.00487096 0.000943346 0.0116026 0.0069488
internal_weight=23138.3 16015.6 7571.24 5377.1 8444.34 7122.68 6738.44 7934.73 2194.14 509.617 3672.45 3065.99 384.239 190.998
internal_count=167908 129408 77815 60417 51593 38500 36719 49069 17398 2524 19820 16899 1781 858
is_linear=0
shrinkage=0.03


Tree=88
num_leaves=15
num_cat=0
split_feature=2 2 2 7 7 0 0 7 2 7 0 7 0 7
split_gain=433.655 102.611 99.742 69.4743 46.6537 44.3413 41.9475 28.0257 27.8921 23.822 16.1443 13.4964 7.7247 6.12058
threshold=0.0029311035973404779 0.0017372338072111071 0.0047080774960687015 0.042122279824431792 0.123441941854011 -0.0036224577769889961 -0.012659548797972984 0.1418067483863894 0.01006235347145863 0.074519501629899718 0.0043178310826815789 0.15905407352226877 -0.012199706618455762 0.036160941307763018
decision_type=8 10 8 10 10 10 10 10 10 8 10 10 10 10
left_child=1 11 3 5 6 -2 -3 -5 9 -4 -6 12 -1 -10
right_child=2 4 8 7 10 -7 -8 -9 13 -11 -12 -13 -14 -15
leaf_value=0 0.001908207066319507 0.0031575724382375873 0.0030423583305462625 0.0015852662959741064 -0.0020786392750755372 -0.0046867276155681727 -0.00790541974943571 0.0073515544169610826 0.0070040143624536628 0.0068350104598256236 0.0081823186280312859 0.0053194391228178848 -0.019543794939983278 0.013359737947748038
leaf_weight=13.530839428305624 1331.2263600751758 323.85588231682777 4665.6662523150444 5205.0092567428946 297.5812021382153 2839.531645655632 3600.6438398212194 892.28199800103903 371.23505701124668 2284.5728238373995 233.15835465863347 13.144848093390463 644.77311338111758 383.01528869569302
leaf_count=135 7538 1799 20276 31913 3089 21085 46745 4888 1585 9873 1508 149 15645 1708
internal_value=0.000150178 -0.00753471 0.00234861 0.000405205 -0.0058405 -0.00256787 -0.00697153 0.00244959 0.00492699 0.00430567 0.00238608 -0.0184375 -0.0190742 0.0104426
internal_weight=23099.2 5126.69 17972.5 10268 4455.24 4170.76 3924.5 6097.29 7704.49 6950.24 530.74 671.449 658.304 754.25
internal_count=167936 69070 98866 65424 53141 28623 48544 36801 33442 30149 4597 15929 15780 3293
is_linear=0
shrinkage=0.03


Tree=89
num_leaves=15
num_cat=0
split_feature=2 1 2 1 2 1 7 2 2 1 1 1 1 0
split_gain=442.332 140.813 114.935 83.3165 52.7611 49.9986 41.4747 40.2969 35.9405 35.6821 28.1201 26.142 15.1991 3.03397
threshold=0.002734849764020508 0.34074117143220889 0.0045804745418079537 0.079182276184212544 0.0019877204066549993 1.7821885545188734 0.10740991242072372 0.0020032689886634769 0.003552681884281731 1.8950323717228763 -1.1471024265438847 -0.73181136835468374 3.2882728992079229 0.0064188242436876717
decision_type=8 10 8 10 10 10 10 10 10 10 8 10 10 10
left_child=1 4 3 8 13 7 -5 -3 -2 10 -4 -6 -7 -1
right_child=2 5 9 6 11 12 -8 -9 -10 -11 -12 -13 -14 -15
leaf_value=-0.022402189639218716 -0.005433042796422493 -0.013851355297494521 -0.00046893431861535497 0.00088804949274629247 -0.017310117162883231 0.0018214269656984413 0.0067843118448208707 -0.0026785293007930856 -0.00042590954203477961 0.014217576363738837 0.0048473858804714423 -0.0082750450970981628 0.014587566107385834 -0.00024318825768709682
leaf_weight=584.17039175704122 2481.5271909981966 417.20807952433825 1002.3566078543663 4155.4357321411371 452.189707942307 434.81764403730631 1454.8892414718866 989.7282315120101 2738.300363317132 329.55011032521725 6955.1417464613914 1027.0078963972628 100.37440260499716 11.37754227593541
leaf_count=15504 23894 6816 4629 22971 8533 3293 6986 9144 18410 1489 30202 15561 602 195
internal_value=3.1679e-05 -0.00900268 0.00193682 -9.31465e-05 -0.0144275 -0.00313244 0.00243712 -0.0061084 -0.00282363 0.00459387 0.00417044 -0.011175 0.0045494 -0.0220889
internal_weight=23134.1 4016.87 19117.2 10830.2 2074.75 1942.13 5610.32 1406.94 5219.83 8287.05 7957.5 1479.2 535.192 595.548
internal_count=168229 59648 108581 72261 39793 19855 29957 15960 42304 36320 34831 24094 3895 15699
is_linear=0
shrinkage=0.03


Tree=90
num_leaves=15
num_cat=0
split_feature=0 0 1 7 1 4 7 1 0 1 1 4 4 5
split_gain=138.064 198.69 64.2061 52.2006 42.8729 41.6164 23.1423 24.3902 21.0899 18.8412 12.0227 11.7552 9.6437 7.96848
threshold=-0.0042624406283175978 0.0029961878196322904 -0.97993467139424117 0.1129829735010431 1.2837810836613726 0.71062500000000017 0.054753994114120151 0.47891955073573406 -0.0032482679516741548 1.8385319234672457 2.3702013067977661 0.52187500000000009 0.45062500000000005 1.2350642683928161
decision_type=8 10 8 8 10 10 8 10 10 10 10 10 8 8
left_child=6 2 8 5 -4 -3 11 12 -2 -5 -9 13 -8 -1
right_child=1 3 4 9 -6 -7 7 10 -10 -11 -12 -13 -14 -15
leaf_value=0.003278790571109586 0.0008257347292339181 0.00084037983584875798 -0.0041977882776263525 0.0050728165730581981 0.0066003436659435918 -0.017255285123911411 0.0051508128466655105 0.0064266560195708582 -0.011133181489393455 0.014281435206443623 0.013651289523677057 -0.00095597157116447684 0.00041209590390831047 -0.0029682706301576056
leaf_weight=2365.2897583730519 133.18854771926999 6721.8958136998117 5715.7681392468512 1157.3170343562961 338.31380687281489 106.16715230792761 683.1403156593442 1541.9668430201709 1587.9572265185416 253.67142510041595 267.82518669217825 1026.0950973890722 947.68992528319359 181.4324569478631
leaf_count=13223 1041 41378 58839 6517 2666 745 3652 7641 17718 1177 1256 5756 5252 1041
internal_value=-7.58642e-05 -0.00161559 -0.00505428 0.00162443 -0.00357458 0.00052542 0.00342865 0.00519081 -0.0101737 0.00685944 0.00759792 0.00170519 0.00245296 0.0028004
internal_weight=23027.7 16014.3 7775.23 8239.05 6054.08 6828.06 7013.44 3440.62 1721.15 1410.99 1809.79 3572.82 1630.83 2546.72
internal_count=167902 130081 80264 49817 61505 42123 37821 17801 18759 7694 8897 20020 8904 14264
is_linear=0
shrinkage=0.03


Tree=91
num_leaves=15
num_cat=0
split_feature=2 1 2 1 2 2 1 1 1 2 1 1 1 6
split_gain=427.427 151.714 90.5654 78.8237 66.6099 47.2832 39.5992 37.3139 26.9184 21.5609 18.3883 15.3941 15.0302 10.0886
threshold=0.0028756279559095919 -0.10483344154260504 0.005442031007640939 -0.99293426889450409 0.0016585640722040918 0.0021062118175967973 1.7338962950319667 1.8385319234672457 1.1012185922268034 0.0039915687364262924 -1.2907707024045829 2.2735583090594309 -0.795998489005312 0.0099161561643983393
decision_type=8 10 8 10 10 10 10 10 10 10 8 10 10 10
left_child=1 5 3 9 11 -1 -5 -6 10 -2 -4 -3 -7 -10
right_child=2 4 8 6 7 12 -8 -9 13 -11 -12 -13 -14 -15
leaf_value=-0.022679800598010395 -0.0089437146367476444 -0.019225142400349504 -0.00063192991152590666 0.0010846206395870644 -0.0041078424620611337 -0.01606190384190978 0.0070530501017145933 0.0046186197297760799 0.014445499379370799 -0.0018061995473399243 0.0052838104274819161 0 -0.0083324615969030923 0.0054117769250963677
leaf_weight=537.29621046409011 790.18748334050179 275.7278101965785 509.05386526882648 10159.882360547781 2207.6472102254629 428.5696174018085 1107.5800337344408 535.78940873220563 386.49046322703362 787.50435869395733 4288.9390953332186 38.598200540989637 698.30481100827456 215.09732854366302
leaf_count=14369 7890 6291 2190 60959 23702 7616 4781 3235 1827 4784 17936 505 10605 929
internal_value=8.98915e-05 -0.00794237 0.00217523 0.00079779 -0.00392599 -0.0152187 0.00168237 -0.0023712 0.00543341 -0.00545263 0.00464368 -0.0168197 -0.0114403 0.0114549
internal_weight=22966.7 4721.93 18244.7 12845.2 3057.76 1664.17 11267.5 2743.44 5399.58 1577.69 4797.99 314.326 1126.87 601.588
internal_count=167619 66323 101296 78414 33733 32590 65740 26937 22882 12674 20126 6796 18221 2756
is_linear=0
shrinkage=0.03


Tree=92
num_leaves=15
num_cat=0
split_feature=2 1 2 1 2 2 7 1 2 4 1 2 1 0
split_gain=395.779 164.724 73.2273 69.7336 67.9246 50.537 43.9286 41.4548 35.3976 19.8217 17.0643 13.2819 12.8841 11.6657
threshold=0.0032413562939885613 -0.14289894619869994 0.0025462049533089225 -0.7106732758758002 0.0016585640722040918 0.0071915022378682041 0.10529302620677816 2.1836158683276099 0.0039276411513036926 0.46312500000000006 1.150230307323705 0.0021062118175967973 2.1836158683276099 0.005000613336002103
decision_type=8 10 10 8 8 10 10 10 10 10 10 10 10 10
left_child=1 2 11 8 12 7 -6 -5 13 -10 -7 -1 -3 -2
right_child=3 4 -4 5 6 10 -8 -9 9 -11 -12 -13 -14 -15
leaf_value=-0.022232031676446273 -0.0075169050902393376 -0.01804237143677756 -0.0075926737748047389 0.0024862312966630884 -0.0033172209537725848 0.0072662919556991104 0.0036256902807332665 0.010967604207299851 0.0028638341086300485 -0.0021601396287536322 0.016540267608784503 -0.014108586165001444 0 0.0032173626791034918
leaf_weight=505.37514618039131 768.42223536223173 276.12862880527973 1399.5445358455181 10058.61031588167 3245.1550821326673 1349.5190697461367 1080.3713703043759 543.60234861075878 1568.9265428259969 1260.5145542621613 223.68895700573921 532.49147385731339 41.954543888568878 89.220030106604099
leaf_count=13850 7152 6477 16342 51404 29657 5712 7579 2314 7770 6703 1114 10229 560 710
internal_value=-2.95065e-05 -0.00592453 -0.0122308 0.00260033 -0.00258233 0.00369528 -0.00156491 0.00293667 -0.000999384 0.0006048 0.00871897 -0.0182959 -0.0157657 -0.00630686
internal_weight=22943.5 7081.02 2437.41 15862.5 4643.61 12175.4 4325.53 10602.2 3687.08 2829.44 1573.21 1037.87 318.083 857.642
internal_count=167573 84694 40421 82879 44273 60544 37236 53718 22335 14473 6826 24079 7037 7862
is_linear=0
shrinkage=0.03


Tree=93
num_leaves=15
num_cat=0
split_feature=6 6 0 0 1 7 1 6 4 7 0 7 7 1
split_gain=112.569 115.98 78.4972 86.7424 46.541 37.596 29.8559 22.5843 16.5165 15.1217 12.6354 12.469 12.1731 9.60205
threshold=-0.0058003385284512978 0.0076256006763735238 -0.0056733203031123494 0.0025712019759165376 1.9610083703676942 0.055284324982864654 0.47891955073573406 0.041777503415344704 0.52062500000000012 0.12483913359018094 0.007949987447340991 0.013341533046711516 0.14412097565984719 0.6968951412403751
decision_type=8 8 10 10 8 10 10 10 10 10 10 8 10 10
left_child=5 2 11 -4 7 8 -7 -3 10 -6 -1 -2 -8 -10
right_child=1 4 3 -5 9 6 12 -9 13 -11 -12 -13 -14 -15
leaf_value=0.0013380509650366705 -0.0050334436397794571 -0.00099210246421262138 -0.0090995735095586137 -0.00093285387011669352 0.0047357705335393926 0.0022351707522339269 0.0061136779161737442 0.003163407642770955 -0.00053741166377314486 0.014803446973077247 0.0095429370879679797 0.0051201863845637026 0.012716210317009896 -0.0062886720950067927
leaf_weight=2984.2081333212554 114.25555694103241 6003.1123736649752 3429.4667227454484 1804.3248562775552 511.66314442455769 2294.7521491162479 1533.4653457142413 1451.6971816718578 1053.6603475734591 199.09598412364721 173.23349227011204 707.52669623866677 338.08142229542136 351.58235273510218
leaf_count=19651 671 39996 45192 14581 2579 14497 7888 6802 6996 907 765 3874 1561 1869
internal_value=-0.000154793 -0.00180292 -0.00494623 -0.00630273 0.000524017 0.00252244 0.00458158 -0.000171696 0.000623155 0.00780541 0.00183586 0.00359281 0.00739951 -0.002053
internal_weight=22950.1 14221.1 6055.57 5233.79 8165.57 8728.98 4166.3 7454.81 4562.68 710.759 3157.44 821.782 1871.55 1405.24
internal_count=167829 114602 64318 59773 50284 53227 23946 46798 29281 3486 20416 4545 9449 8865
is_linear=0
shrinkage=0.03


Tree=94
num_leaves=15
num_cat=0
split_feature=2 2 7 0 0 0 2 2 4 0 0 7 2 2
split_gain=381.559 136.659 57.2564 49.5349 41.9869 39.7991 33.5068 29.7724 21.4839 12.6773 9.24352 8.61449 7.24984 5.85945
threshold=0.0024039869930330819 0.003552681884281731 0.095653675984470235 0.0081743192531785764 -0.0034294580918031721 -0.019730210586930582 0.0017639783319164475 0.0054997834566165573 0.39437500000000009 -0.010239097130758988 -0.013122764472455693 0.12791804174467453 0.0017372338072111071 0.0020734814841331258
decision_type=8 8 10 10 10 8 10 10 10 10 10 8 10 10
left_child=3 2 4 6 -2 11 10 -7 -4 -8 -1 -3 -5 -14
right_child=1 5 8 12 -6 7 9 -9 -10 -11 -12 -13 13 -15
leaf_value=0.0018610469325940934 0.0001903372272751982 0.0071232806269813358 -0.0061735747725420662 -0.0090524860856332195 -0.0056637250839396587 0.0014637474711288786 -0.0013767125154803465 0.0045315008640088115 0.0034897356380049248 -0.011143662117354241 -0.019446094332950331 0.015049363360981331 0.0085983861988937638 -0.0005863374593996876
leaf_weight=11.903962869197128 1599.5504722222686 957.88280983269215 222.80616052076221 44.681888423860073 3401.4536662101746 7955.508560039103 150.02983289957047 4518.5174638777971 1683.1528878547251 1356.1853137537837 601.30038336105645 168.61027480661869 89.432061474770308 136.72200446948409
leaf_count=114 10964 4264 1520 560 33646 43181 1014 18924 11364 23745 15936 759 691 1070
internal_value=8.81071e-06 0.00133541 -0.00209395 -0.011306 -0.00378271 0.00308166 -0.0128445 0.00258254 0.00230246 -0.0102259 -0.018913 0.00848441 0.000548077 0.00300197
internal_weight=22897.7 20507.5 6906.96 2390.26 5001 13600.5 2119.42 12474 1905.96 1506.22 613.204 1126.49 270.836 226.154
internal_count=167752 124622 57494 43130 44610 67128 40809 62105 12884 24759 16050 5023 2321 1761
is_linear=0
shrinkage=0.03


Tree=95
num_leaves=15
num_cat=0
split_feature=2 2 1 1 4 1 2 4 7 2 1 1 2 1
split_gain=349.783 132.907 101.218 91.2813 52.7006 33.3301 30.652 30.1153 28.8186 21.0152 18.447 6.97849 6.90554 3.59217
threshold=0.0023358565281525515 0.0038915564186724851 -0.43132817454026756 0.11981596510748525 0.60687500000000016 -1.1962808296579921 0.0071915022378682041 0.46312500000000006 0.15216229982414128 0.0016064990190196478 -0.90785040659484306 1.5582694039150586 0.0019736335366390503 -0.785284227139883
decision_type=8 8 10 10 10 8 10 10 10 10 10 10 10 10
left_child=3 2 10 12 -4 7 -7 -3 9 -5 -2 -10 -1 -14
right_child=1 5 4 8 -6 6 -8 -9 11 -11 -12 -13 13 -15
leaf_value=-0.02185694048151474 -0.0094821377654888215 0.0028965504589241534 0.0018844488401943171 -0.015780211558116725 -0.0044564284788886389 0.0032690323362976948 0.0075282782673579624 -0.006624317500293209 0 -0.0051335898810575577 -0.0040492496645590454 0.013427569548014195 -0.019720949294413634 -0.011634400758999321
leaf_weight=453.91908465698361 1099.2253668010235 679.40654897689819 5527.6773711070418 217.57590771093965 1486.544312544167 8259.6837979480624 1907.8252550512552 513.58511909097433 73.648827485740185 842.36163180693984 1314.4225165434182 60.571941412985325 153.3255482390523 313.78647461161017
leaf_count=13341 13025 3431 37560 4852 10249 38870 8216 2841 680 10488 13901 345 3694 6416
internal_value=0.000150786 0.00133788 -0.00128996 -0.0114393 0.000527635 0.00352318 0.00408074 -0.00117332 -0.00581558 -0.00750219 -0.00657717 0.00668414 -0.0185255 -0.0147722
internal_weight=22903.6 20788.4 9427.87 2115.19 7014.22 11360.5 10167.5 1192.99 1194.16 1059.94 2413.65 134.221 921.031 467.112
internal_count=167909 128093 74735 39816 47809 53358 47086 6272 16365 15340 26926 1025 23451 10110
is_linear=0
shrinkage=0.03


Tree=96
num_leaves=14
num_cat=0
split_feature=2 2 7 2 4 6 4 2 0 4 5 4 7
split_gain=331.851 122.101 65.5697 44.6089 35.647 35.4604 33.8354 28.581 27.5938 17.0393 10.4456 8.72244 0.88032
threshold=0.0023817632904604758 0.003552681884281731 0.096630472506023884 0.0014092396667470914 0.70812500000000012 0.010719700726574468 0.52687500000000009 0.0057558723285817152 -0.0092904581580653383 0.42312500000000003 -0.24916768020327595 0.73812500000000014 0.11536603435587876
decision_type=8 8 8 10 10 10 10 8 10 10 10 10 10
left_child=3 2 6 12 7 8 -2 -3 -5 -4 -7 -6 -1
right_child=1 4 9 5 11 10 -8 -9 -10 -11 -12 -13 -14
leaf_value=-0.023416691829297707 -0.0020701884073437171 0.00200538008916937 -0.0028473323975192312 -1.8425186138999001e-05 -0.01432697056967628 -0.0075349529584792657 -0.0073391257888354095 0.0049190279249077488 -0.012803060658365041 0.0041267556869075952 0.0019526814596184856 -0.001004182793428686 -0.0063613806123088944
leaf_weight=244.27995303086936 3447.5049544349313 8641.3725818023086 378.428321570158 181.47153521701694 116.89445193111897 150.8817806430161 1643.1763661690056 4782.4585833102465 1362.9462819304317 1528.1921872347593 274.49070326238871 86.260370045900345 22.025167556479573
leaf_count=6846 30763 45664 2689 1382 736 1967 15193 20307 28007 10243 3057 551 429
internal_value=6.28655e-06 0.00120092 -0.00201344 -0.0109418 0.00285612 -0.00924247 -0.00379372 0.00305077 -0.0113492 0.00270359 -0.00137059 -0.00926405 -0.0225045
internal_weight=22860.4 20624.3 6997.3 2236.1 13627 1969.79 5090.68 13423.8 1544.42 1906.62 425.372 203.155 266.305
internal_count=167834 126146 58888 41688 67258 34413 45956 65971 29389 12932 5024 1287 7275
is_linear=0
shrinkage=0.03


Tree=97
num_leaves=15
num_cat=0
split_feature=2 2 1 1 1 1 2 1 7 1 4 6 7 4
split_gain=299.763 119.229 94.1042 85.6362 52.4942 51.8012 30.8818 28.7748 23.282 20.8018 18.5303 14.0262 10.6308 2.34592
threshold=0.0023358565281525515 0.003552681884281731 -0.68031260900575952 1.3148130271077227 -0.795998489005312 0.96769995628936922 0.0017639783319164475 1.9610083703676942 0.13507389778673481 -0.56290049079137139 0.5056250000000001 -0.025636660821582776 0.039071123538253941 0.6881250000000001
decision_type=8 8 10 10 8 10 10 10 10 10 10 10 10 10
left_child=3 2 11 6 10 -4 13 -6 12 -8 -3 -2 -5 -1
right_child=1 4 5 8 7 -7 9 -9 -10 -11 -12 -13 -14 -15
leaf_value=-0.020799176285905621 0.0038771991179850003 0.00079424747208902519 -0.0024283770753916068 -0.008918185279754581 0.003229887608252643 0.0036253458324247111 -0.018277409805912716 0.0099034510262848065 0.013038406823217687 -0.0082933876098663321 -0.0042397571436939008 -0.010376603973326379 0.00088939085127696157 0
leaf_weight=501.03501168824732 54.356990285217762 1907.5871534943581 4060.7657304927707 153.12131615355611 10171.116201609373 1836.8829599842429 278.1963964626193 621.0269461274147 92.215849727392197 807.82732978835702 982.74247450381517 1165.7609838992357 226.9788505807519 10.527487536892293
leaf_count=14405 440 10254 35191 1653 48586 10020 6970 2714 589 13476 5883 15123 2284 315
internal_value=-5.6001e-05 0.00102674 -0.00211576 -0.0109178 0.00266623 -0.000529782 -0.014218 0.00362828 0.000184013 -0.0110491 -0.000905396 -0.00966646 -0.00303506 -0.0204896
internal_weight=22870.1 20800.2 7117.77 2069.9 13682.5 5897.65 1597.59 10792.1 472.316 1086.02 2890.33 1220.12 380.1 511.562
internal_count=167903 128211 60774 39692 67437 45211 35166 51300 4526 20446 16137 15563 3937 14720
is_linear=0
shrinkage=0.03


Tree=98
num_leaves=15
num_cat=0
split_feature=2 1 1 2 2 1 2 1 2 1 7 6 4 7
split_gain=290.359 129.115 63.95 63.9492 51.0483 47.2625 43.5449 37.6332 32.3557 25.67 20.3886 17.4362 13.7408 10.7751
threshold=0.0028756279559095919 0.34074117143220889 -0.80747704338311976 0.0019877204066549993 0.0039276411513036926 1.8950323717228763 0.0037610934198525005 2.1836158683276099 0.0016809067096505068 -0.7106732758758002 0.10957987532263623 -0.012210907408316094 0.48312500000000008 0.091344717883759821
decision_type=8 10 8 10 10 10 8 10 10 10 10 10 10 10
left_child=1 3 4 -1 11 6 -4 8 -3 -5 -9 -2 -6 -7
right_child=2 7 5 9 12 13 -8 10 -10 -11 -12 -13 -14 -15
leaf_value=-0.021044686479747658 0.0010318727189851389 -0.015321074031860192 -0.00033699884418121953 -0.014543932011754614 0.0021267688046593971 0.005683881775526649 0.0032335698263333975 0.0019786181526298121 -0.0021030276889638863 -0.0064126760869738231 0.017024342702041527 -0.0091507570268459012 -0.0024840552267191285 0.012180591251427793
leaf_weight=523.76075534336269 167.497010178864 179.15074978396297 4599.1059004366398 528.79535343870521 1536.7766604200006 643.12668688595295 9077.9706571772695 303.31580693274736 1645.7772434838116 1251.0673087537289 108.7350404523313 883.62403190881014 916.88074930757284 452.14128948748112
leaf_count=15659 1276 4117 31386 10253 7598 2846 42195 2083 15303 18289 583 9471 4974 1949
internal_value=-3.18412e-05 -0.00681551 0.00165296 -0.0117892 -0.0019765 0.00251887 0.00202916 -0.00163723 -0.00350975 -0.00892975 0.00640046 -0.00747717 0.000376356 0.00850604
internal_weight=22817.7 4540.6 18277.1 2303.62 3504.78 14772.3 13677.1 2236.98 1824.93 1779.86 412.051 1051.12 2453.66 1095.27
internal_count=167982 66287 101695 44201 23319 78376 73581 22086 19420 28542 2666 10747 12572 4795
is_linear=0
shrinkage=0.03


Tree=99
num_leaves=15
num_cat=0
split_feature=2 2 2 2 6 6 6 0 0 5 4 0 0 0
split_gain=299.217 114.825 42.9108 38.2092 37.9555 34.4315 28.2819 25.0699 24.8389 12.1451 9.67185 6.86112 6.76493 3.99095
threshold=0.0023358565281525515 0.003552681884281731 0.0016064990190196478 0.0080722935438988647 -0.012210907408316094 -0.0065452037162145862 0.010719700726574468 0.0024298396324026199 -0.0025975140828659589 0.11497157486145688 0.47562500000000002 0.004763480347650618 0.0029961878196322904 -0.010602406162804499
decision_type=8 8 10 8 10 10 10 10 10 10 10 10 10 10
left_child=2 4 11 5 9 -3 8 -6 -4 -2 -5 13 -8 -1
right_child=1 3 6 10 7 -7 12 -9 -10 -11 -12 -13 -14 -15
leaf_value=0 0.0036288630389312128 0.004110421016947842 -0.0046946954900125553 0.0058299093771017009 -0.0052834582646702471 0.00081288954859848296 -0.0075659383028691051 -0.0010523117723387164 -0.013911410559881512 -0.0011391582818483968 0.012331524720340376 -0.0056611046239783882 0.0012610359456334949 -0.021660622537732894
leaf_weight=12.099942341446875 1081.8215086907148 4660.2597252428532 444.34768415428698 1183.8087986409664 2837.9207537211478 7481.4290675446391 95.604348324239254 2345.878797840327 804.57446334511042 826.66567005962133 287.97914639115334 49.285881159827113 268.95598652586341 359.441406942904
leaf_count=142 6611 21812 5759 5142 30292 38909 1599 18400 17800 5408 1260 851 2650 10964
internal_value=-4.1829e-05 0.00103611 -0.0109941 0.00264989 -0.00205244 0.00208584 -0.00860627 -0.00338596 -0.0107432 0.00153714 0.00721718 -0.0195978 -0.00103381 -0.0210924
internal_weight=22740.1 20705.8 2034.31 13613.5 7092.29 12141.7 1613.48 5183.8 1248.92 1908.49 1471.79 420.827 364.56 371.541
internal_count=167599 127834 39765 67123 60711 60721 27808 48692 23559 12019 6402 11957 4249 11106
is_linear=0
shrinkage=0.03


Tree=100
num_leaves=15
num_cat=0
split_feature=6 7 0 0 6 0 0 6 5 0 4 7 5 5
split_gain=102.699 75.2376 49.9856 57.7327 23.1822 18.0558 41.661 16.0255 14.9669 14.7102 13.3339 5.80963 1.05776 0.0985843
threshold=-0.022091074454356981 0.094813598781161884 -0.012659548797972984 0.0084137111099452672 -0.068807594727604546 0.0029961878196322904 -0.0030732124356162012 -0.011572826365970455 -0.068487379663526624 0.012453430536371603 0.46187500000000009 0.051213677192040501 -0.118199170006018 0.85512461342886881
decision_type=8 8 10 10 10 10 8 10 10 10 10 10 10 10
left_child=4 2 7 -4 11 6 -3 -2 -7 10 -6 12 -1 -13
right_child=1 5 3 -5 9 8 -8 -9 -10 -11 -12 13 -14 -15
leaf_value=0.00042274804972542877 0.001068473313987269 0.0053164961622846514 -0.003400293109169744 0.0012209648028554398 0.004863624649245348 0.0014750597060507438 -0.0030303316614624445 0.01032095671578258 0.0069019943641006861 0.014655556624560707 0.0011222950165276503 0.012825512498599062 0.0063006595960381079 0.0060672156351832644
leaf_weight=71.722441539168358 355.41827836632729 967.54191496036947 10584.751295458525 3130.4647756442428 1747.9238494448364 813.8679679799825 1181.6684174500406 345.91619033366442 1162.9110109303147 94.131680935621262 1789.6394034735858 331.02233332395554 96.020932540297508 67.741197824478149
leaf_count=336 1671 5674 100381 15854 8461 4512 11097 1545 6472 406 9117 1551 435 312
internal_value=4.45403e-05 -0.000912565 -0.00193719 -0.00234101 0.00427825 0.00264909 0.000706715 0.00579732 0.00471652 0.0033544 0.00299631 0.00993572 0.00429017 0.0120007
internal_weight=22740.7 18542.5 14416.6 13715.2 4198.2 4125.99 2149.21 701.334 1976.78 3631.69 3537.56 566.507 167.743 398.764
internal_count=167824 147206 119451 116235 20618 27755 16771 3216 10984 17984 17578 2634 771 1863
is_linear=0
shrinkage=0.03


Tree=101
num_leaves=15
num_cat=0
split_feature=2 2 1 1 4 1 2 1 4 2 1 2 0 0
split_gain=285.603 85.6005 79.6241 79.0728 46.5765 40.6063 36.2866 25.6777 19.7073 17.9494 16.479 12.1805 11.2439 4.93665
threshold=0.0023358565281525515 0.003552681884281731 -0.14289894619869994 0.23601329327341466 0.60687500000000016 -1.1471024265438847 0.0060445863019311158 2.7922668467689333 0.46562500000000007 0.0016585640722040918 -0.74280368609487091 0.0019736335366390503 -0.0033382307061620149 -0.0053843744586180567
decision_type=8 8 10 10 10 8 8 10 10 10 10 10 10 10
left_child=3 2 10 11 -4 8 -7 9 -3 -5 -2 -1 -9 -13
right_child=1 5 4 7 -6 6 -8 12 -10 -11 -12 13 -14 -15
leaf_value=-0.021094279076293139 -0.0088011237580905965 0.00079137741134302042 0.002296042416529261 -0.014655648430741358 -0.0049589288298664 0.0018880705917244994 0.0054733129181767093 -0.0015839185465391238 -0.0060966539131162394 -0.0043957724640207672 -0.0037126092220768894 0 0.016198831255080353 -0.013716129240029193
leaf_weight=454.92433274723589 1074.9860341176391 820.54778076708317 3587.4590061567724 198.50704907439649 1010.4173254854977 8397.6623121798038 3702.9667256623507 47.32164541259408 654.65082536637783 783.34188345074654 1404.3905268311501 30.842356216162443 57.531842906028032 449.95156483352184
leaf_count=14399 14117 4368 24560 4703 6843 42852 15767 332 3993 9213 15266 474 436 10339
internal_value=-2.96843e-05 0.00102314 -0.00164527 -0.0107628 0.000681386 0.00241882 0.00299377 -0.00510623 -0.0022454 -0.00665742 -0.00596944 -0.0171453 0.00821171 -0.0129328
internal_weight=22675.5 20653.1 7077.25 2022.42 4597.88 13575.8 12100.6 1086.7 1475.2 981.849 2479.38 935.718 104.853 480.794
internal_count=167662 127766 60786 39896 31403 66980 58619 14684 8361 13916 29383 25212 768 10813
is_linear=0
shrinkage=0.03


Tree=102
num_leaves=15
num_cat=0
split_feature=2 2 1 1 1 7 1 7 7 2 2 1 1 5
split_gain=266.873 92.8123 90.8997 74.6008 50.002 45.2889 35.2945 29.2754 24.8322 15.8578 14.7869 14.7069 7.60751 7.34734
threshold=0.0024039869930330819 0.0035814386601532833 0.41454519896616304 -0.38512122640182139 1.0760015873782804 0.10229160609044675 -1.1626162192458194 0.084856571751616747 0.15535315416955706 0.0019736335366390503 0.0032543807002979523 2.484476637731575 -0.77468910754255649 0.15373096203646661
decision_type=8 8 10 10 10 10 8 10 10 10 10 10 10 10
left_child=2 3 9 10 6 -5 -3 -6 11 -1 -2 -4 -11 -10
right_child=1 4 8 5 7 -7 -8 -9 13 12 -12 -13 -14 -15
leaf_value=-0.020037232215077656 -0.0089818951078166273 -0.0026786386561288233 -0.0066671025652404606 -0.0016771176943677476 0.0037298643150431277 0.0045244573139221608 0.0023399429420472399 0.011287600777794133 0 -0.017870216883958009 -0.0031692206898448188 0.0035114064417993405 -0.009439277386499698 0.01529662625110669
leaf_weight=499.3272616583854 1174.1635919250548 1422.9330742955208 826.63100782781839 3732.7535834796727 1175.6628115326166 1468.0229657366872 10046.136456601322 807.47648158669472 60.434196311980486 178.34978643059731 671.19024522602558 136.06648182496428 483.65201445296407 60.412790145725012
leaf_count=15746 15794 7996 11412 27944 5177 8639 49353 3502 432 4513 6626 1057 9550 410
internal_value=-5.54883e-05 0.00101898 -0.00985424 -0.00176367 0.00248118 6.72095e-05 0.00171028 0.00687845 -0.00348315 -0.0156669 -0.00692853 -0.00514549 -0.0120321 0.00868208
internal_weight=22743.2 20498.3 2244.87 7046.13 13452.2 5200.78 11469.1 1983.14 1083.54 1161.33 1845.35 962.697 662.002 120.847
internal_count=168151 125031 43120 59003 66028 36583 57349 8679 13311 29809 22420 12469 14063 842
is_linear=0
shrinkage=0.03


Tree=103
num_leaves=13
num_cat=0
split_feature=1 6 0 0 7 6 0 6 1 7 3 7
split_gain=95.3851 73.1286 67.1436 98.4249 24.4615 24.455 20.312 19.0684 14.9582 8.01699 1.36817 0.580347
threshold=1.8385319234672457 -0.0065452037162145862 0.0027824204289841341 -0.004859409530417135 0.10529302620677816 0.053059060985795277 0.012453430536371603 -0.031959016104557307 3.7810991809203216 0.01823623251926822 -0.50865557526259952 0.16751948955608281
decision_type=10 8 10 8 10 8 10 10 10 10 10 10
left_child=1 6 3 -3 8 -4 7 -1 9 -2 -8 -6
right_child=4 2 5 -5 11 -7 10 -9 -10 -11 -12 -13
leaf_value=0.0040071762841978028 -0.0014520468139579345 0.0027204031850625258 -0.00020833559370579441 -0.0058017220435276394 0.010152100103155924 0.0056399980266956156 0.0055076637136990958 0.00065618153934646195 0.016073802089107244 0.0045639436121238984 0.013509613309487044 0.015376555722265199
leaf_weight=2203.2583062462509 234.88824551925063 1572.7422144562006 5853.4184236191213 5226.5647182911634 390.75697138905525 710.99787489324808 86.170057192444801 5146.7333267070353 82.942165534943342 868.77018018811941 126.75768572092056 168.67002832889557
leaf_count=10476 1311 8820 38794 61335 1877 3163 371 35134 420 4773 547 756
internal_value=0.000164188 -0.000396465 -0.00173254 -0.00382056 0.00688193 0.000423592 0.00195564 0.00167292 0.00430303 0.00322816 0.0109328 0.012075
internal_weight=22672.7 20926.6 13363.7 6799.31 1746.03 6564.42 7562.92 7349.99 1186.6 1103.66 212.928 559.427
internal_count=167777 158640 112112 70155 9137 41957 46528 45610 6504 6084 918 2633
is_linear=0
shrinkage=0.03


Tree=104
num_leaves=14
num_cat=0
split_feature=1 0 0 1 1 7 4 4 7 4 0 3 7
split_gain=94.877 68.9944 104.02 49.2935 38.8184 25.784 19.1947 17.322 16.5416 11.3421 6.45258 5.44764 0.550671
threshold=1.3466660082386379 -0.0035241769373015037 0.0027824204289841341 -0.99293426889450409 3.2882728992079229 0.094813598781161884 0.67687500000000012 0.49187500000000006 0.029744274382679552 0.44937500000000002 0.013816284318143747 0.52884155083340001 0.048399561361017633
decision_type=8 10 10 10 10 8 10 8 10 8 8 10 10
left_child=1 8 3 -3 5 7 -4 -2 11 -10 -7 -1 -6
right_child=4 2 6 -5 12 10 -8 -9 9 -11 -12 -13 -14
leaf_value=0.0009424245431679855 0.003839198928687049 -0.0094799794560709583 0.0010421229486820504 -0.0031732145056842169 0.0091801804266943305 0.0089513103416230342 -0.0058028792333817769 -0.002052174790840423 0.0049204521515575439 0.0016655222072673116 0.0035556460749952253 -0.0023305656604287626 0.017764243834644106
leaf_weight=1153.5834007039666 1164.4322264678776 1459.1952678374946 6596.6493093185127 4973.1462359204888 84.724345210939646 780.85857789218426 378.7105030361563 704.85988952219486 1727.4149985089898 2383.914233179763 351.34710999578238 734.98036975599825 181.9747248403728
leaf_count=7040 6829 17219 41366 54162 457 3930 2810 3916 9641 13590 1559 4385 855
internal_value=0.000116853 -0.000677472 -0.00187597 -0.00462573 0.00483979 0.00380738 0.000654125 0.00158669 0.00198944 0.00305629 0.00737524 -0.000305302 0.0156844
internal_weight=22675.8 19407.6 13407.7 6432.34 3268.2 3001.5 6975.36 1869.29 5999.89 4111.33 1132.21 1888.56 266.699
internal_count=167759 150213 115557 71381 17546 16234 44176 10745 34656 23231 5489 11425 1312
is_linear=0
shrinkage=0.03


Tree=105
num_leaves=15
num_cat=0
split_feature=2 1 2 1 7 2 2 4 1 2 1 7 7 1
split_gain=227.297 98.8972 71.6347 51.9401 34.361 33.2638 29.903 27.1599 23.3911 22.3551 16.4584 10.4568 9.86565 7.68347
threshold=0.0025462049533089225 0.25957367961998501 0.0038915564186724851 -0.36668769995926803 0.007649293141773753 0.0016585640722040918 0.01006235347145863 0.32687500000000008 2.7922668467689333 0.0019736335366390503 -0.70073917437853284 0.024044359966650223 0.026246275233560382 2.1836158683276099
decision_type=8 10 8 10 10 10 10 8 10 10 10 10 10 10
left_child=1 9 3 11 -5 13 7 -4 -7 -1 -11 -2 -8 -3
right_child=2 5 6 4 -6 8 12 -9 -10 10 -12 -13 -14 -15
leaf_value=-0.019583812645830236 -0.007873724112393508 -0.015951032792962623 -0.0071106065406624673 -0.0075691283229129026 0.0012235234760702592 -0.0019768984790454122 0.0034954632831823568 0.0026202138370029983 0.011591383520994163 -0.016683822078475682 -0.0073604887661835351 -0.0032762287825940767 0.011228630780855064 0
leaf_weight=442.40353631041944 663.96014665812254 170.82028678432107 252.1777461618185 418.95109651982784 5727.512563534081 1177.9754120670259 269.6614304035902 10392.594589918852 116.03728535398841 287.92173944786191 579.51525163277984 1675.9655527994037 476.81616081297398 40.671206463128328
leaf_count=14595 7401 4259 1252 2925 36208 12630 1162 48969 650 6896 10873 17559 2163 560
internal_value=0.000109243 -0.00785019 0.00124296 -0.000837649 0.000603138 -0.00252728 0.00279764 0.0023776 -0.000634626 -0.0138573 -0.0106784 -0.00463427 0.00859751 -0.0132851
internal_weight=22693 2815.34 19877.6 8486.39 6146.46 1505.5 11391.2 10644.8 1294.01 1309.84 867.437 2339.93 746.478 211.491
internal_count=168102 50463 117639 64093 39133 18099 53546 50221 13280 32364 17769 24960 3325 4819
is_linear=0
shrinkage=0.03


Tree=106
num_leaves=15
num_cat=0
split_feature=2 2 1 1 1 1 2 1 0 2 2 6 6 2
split_gain=254.389 88.0587 66.0606 61.8145 35.5496 32.3078 30.1623 21.0595 19.7503 15.4359 14.4911 11.1246 10.8912 7.01352
threshold=0.0023358565281525515 0.0036186789201165357 0.38961326487564896 -0.57268597444351554 -1.1626162192458194 1.3466660082386379 0.0071915022378682041 2.7922668467689333 0.0077285800754378639 0.0019877204066549993 0.0016585640722040918 -0.012882908648133904 -0.0014728376058474877 0.0020166696977497881
decision_type=8 8 10 10 8 10 10 10 10 10 10 10 10 10
left_child=2 3 9 11 8 -5 -6 10 -3 -1 -4 -2 -9 -11
right_child=1 4 7 5 6 -7 -8 12 -10 13 -12 -13 -14 -15
leaf_value=-0.01986092467488082 -0.0006413502539020275 -0.0033577858357480305 -0.013953576538116604 -0.0013968108184807153 0.0023604990270968684 0.0038713075791550538 0.0065435349144433563 -0.0019687406620034795 0.0071692724653578902 0 -0.0040225391312530695 -0.0081330446726097932 0.015686203571810532 -0.012341793810014767
leaf_weight=487.69548513740301 230.26608740538359 1231.3771790638566 169.54314208216965 4642.3063969947398 9939.2940320149064 1340.7651096656919 1864.6063788384199 47.174966860562563 171.82432459294796 38.894858967512846 702.49136345088482 1258.6439743712544 54.740810226649046 449.50669749081135
leaf_count=15970 2110 7075 4013 37684 48579 6781 8117 337 771 946 7824 16979 396 10133
internal_value=3.79543e-05 0.00101918 -0.0102889 -0.00157728 0.00249276 -0.00020176 0.00303133 -0.00460218 -0.00198466 -0.015798 -0.00615769 -0.00702646 0.00753223 -0.0113035
internal_weight=22629.1 20679.1 1950.05 7471.98 13207.1 5983.07 11803.9 973.95 1403.2 976.097 872.035 1488.91 101.916 488.402
internal_count=167715 128096 39619 63554 64542 44465 56696 12570 7846 27049 11837 19089 733 11079
is_linear=0
shrinkage=0.03


Tree=107
num_leaves=15
num_cat=0
split_feature=2 2 7 7 6 0 0 0 7 6 0 3 2 6
split_gain=209.629 74.0623 44.4177 41.6481 33.0366 25.7888 23.4781 24.9771 20.098 11.0687 7.24732 6.2256 6.33875 4.48136
threshold=0.0023358565281525515 0.003552681884281731 0.11072801885451458 0.12061692563016281 -0.0058003385284512978 -0.019730210586930582 0.0084137111099452672 -0.010239097130758988 0.007978547701257336 -0.01470088418372306 -0.0084403072407728801 0.60616869966241682 0.0022175214254662079 0.019664273246691625
decision_type=8 8 10 10 10 8 10 10 8 10 10 10 10 10
left_child=3 2 4 6 -2 9 7 -1 -7 -3 -4 12 -5 -8
right_child=1 5 10 11 -6 8 13 -9 -10 -11 -12 -13 -14 -15
leaf_value=0.00045443982802203245 0.00011268045256245097 0.0052456438076046736 0.0072725527220287457 0.0012109650201524928 -0.0046062875269306854 -0.0019607319440398795 -0.0045279206145083109 -0.013252159786827637 0.0022067527333575901 0.014365558604007614 0.0018943509311559312 0.0069915705125266781 -0.01107134144171267 0.0056300648912936497
leaf_weight=120.67522305995226 2140.0338262915611 953.75141340494156 292.73267450928688 123.03700422309339 3433.8253286033869 1122.8216821551323 62.429463896900415 1419.9745892900974 11430.282404504716 146.25320991873741 1175.9784064628184 102.86971233412623 40.237252756953239 71.493649732321501
leaf_count=936 16345 4339 1318 1536 34821 5832 690 34309 56544 641 8428 1127 527 673
internal_value=4.53154e-05 0.000933666 -0.00155868 -0.00935346 -0.00278678 0.00222386 -0.0111007 -0.0121439 0.00182795 0.00663075 0.0030488 0.00142696 -0.00193387 0.000492344
internal_weight=22636.4 20695.7 7042.57 1940.72 5573.86 13653.1 1674.57 1540.65 12553.1 1100 1468.71 266.144 163.274 133.923
internal_count=168066 128268 60912 39798 51166 67356 36608 35245 62376 4980 9746 3190 2063 1363
is_linear=0
shrinkage=0.03


Tree=108
num_leaves=15
num_cat=0
split_feature=2 2 1 1 1 2 7 1 7 2 2 7 1 2
split_gain=206.183 78.3646 69.2079 59.4631 37.0809 32.9339 28.0077 24.2491 17.134 13.3313 12.5145 8.43604 6.64125 4.66957
threshold=0.0023358565281525515 0.0035658219514951802 0.13970351648266746 -0.16177798398710028 2.1836158683276099 0.0061243861919275519 0.036990399872768233 2.2735583090594309 0.043872922595400467 0.0019736335366390503 0.0016809067096505068 0.044321572804979434 -0.68031260900575952 0.0040104733304191864
decision_type=8 8 10 10 10 8 10 10 10 10 10 10 10 10
left_child=2 3 9 8 5 -3 -5 10 -2 -1 -4 -9 -11 -6
right_child=1 4 7 6 13 -7 -8 11 -10 12 -12 -13 -14 -15
leaf_value=-0.020533908827795339 -0.0082751712872467797 0.00083839496778413984 -0.013187966596449992 -0.0032230356248259587 0.0050283528878583691 0.0040972634545013405 0.0017841714858670391 -0.0029828548679536409 -0.0030761496500817821 -0.016794118334085967 -0.004425821609846654 0.0094916590100381729 -0.0076989909751258613 0.013040294936174424
leaf_weight=383.03252239711583 1125.6431748233736 9072.6095553636551 196.61310394108295 1442.4049683250487 144.83055675029755 4069.5185272097588 3244.9617150202394 61.522431802004576 1290.7798312902451 159.450872303918 739.96709513105452 123.1399198397994 262.25966331735253 291.45496082305908
leaf_count=13479 14237 47539 5138 10818 603 17313 21257 559 15056 4372 9519 870 5846 1327
internal_value=-6.01084e-05 0.000813181 -0.00942468 -0.00173364 0.00215031 0.00185443 0.00022699 -0.00446734 -0.00554686 -0.0161185 -0.00644851 0.00508767 -0.0115862 0.0106873
internal_weight=22608.2 20682.2 1925.99 7103.79 13578.4 13142.1 4687.37 1121.24 2416.42 804.743 936.58 184.662 421.711 436.286
internal_count=167933 128150 39783 61368 66782 64852 32075 16086 29293 23697 14657 1429 10218 1930
is_linear=0
shrinkage=0.03


Tree=109
num_leaves=15
num_cat=0
split_feature=2 2 1 1 1 4 4 2 2 1 5 4 1 4
split_gain=213.68 67.0348 66.0407 64.6674 31.8306 33.4172 30.8299 17.8435 14.9759 14.8278 10.3467 9.56189 8.57359 1.19532
threshold=0.0024039869930330819 0.003552681884281731 0.38961326487564896 -0.56290049079137139 1.8385319234672457 0.47187500000000004 0.60687500000000016 0.0019877204066549993 0.0013313840679558082 3.7810991809203216 1.3267534867680635 0.73437500000000011 -0.80747704338311976 0.36562500000000003
decision_type=8 8 10 10 10 10 10 10 10 10 10 10 10 10
left_child=2 3 7 11 5 -3 -5 -1 13 -10 -6 -2 -9 -4
right_child=1 4 8 6 10 -7 -8 12 9 -11 -12 -13 -14 -15
leaf_value=-0.018890417487733027 -0.0077610853127922695 0.0030843616779213756 -0.00063871261692159892 0.0011504660682739689 0.0093530389334104194 0 -0.004272671556245014 -0.016782928452367611 -0.0032302027902770393 0.014744180222540921 -0.001887091158752295 0.0082260046348830423 -0.0076780054574147986 -0.016834088792358985
leaf_weight=469.56272689625621 1321.2512082383037 7419.4861290603876 13.556835768744348 4231.4666436314583 662.91840025782585 5501.4798784926534 1202.9815766662359 152.94330570846796 958.10012999176979 32.355070307850838 69.664508119225502 23.141086272895336 450.39327943697572 70.672352943569422
leaf_count=16132 17165 35961 289 31284 2932 28086 8853 4173 11331 189 297 284 9288 1773
internal_value=-3.0525e-05 0.000914517 -0.00901215 -0.00151754 0.00212663 0.00177201 -4.46342e-05 -0.0142661 -0.00362848 -0.00244156 0.00819235 -0.00738289 -0.0103199 -0.0152086
internal_weight=22580 20432.4 2147.58 6778.84 13653.5 12921 5434.45 1072.9 1074.68 990.455 732.583 1344.39 603.337 84.2292
internal_count=168037 124862 43175 57586 67276 64047 40137 29593 13582 11520 3229 17449 13461 2062
is_linear=0
shrinkage=0.03


Tree=110
num_leaves=15
num_cat=0
split_feature=0 0 6 6 7 0 7 4 7 4 6 5 7 5
split_gain=79.3193 95.8868 46.0865 36.1483 34.9965 25.4072 22.1529 16.4577 15.4414 12.559 14.0788 9.93022 7.92957 7.85176
threshold=-0.0039258010509891075 0.0018863075458170899 -0.005288168420757521 0.0096663677258996845 0.10957987532263623 0.03697891092662809 0.054753994114120151 0.47312500000000007 0.090529872613743803 0.52187500000000009 0.0018023672247178271 -0.50306718885896518 0.16751948955608281 -1.382613082901335
decision_type=8 10 8 10 8 10 8 8 8 10 10 10 10 10
left_child=6 2 12 -4 5 -3 9 -8 -9 10 -1 -6 -2 -11
right_child=1 4 3 -5 11 -7 7 8 -10 13 -12 -13 -14 -15
leaf_value=0.00096849624230290041 -0.00029005061051880329 -0.00059487992937479629 -0.0081621236461210528 -0.0019501193546765296 0.0002799947953871666 0.0097942943294959603 0.006176784851687051 -0.0011537981150683628 0.0045185078157768286 -0.0081371495213370271 0.0070744960118191199 0.0057361594122139576 -0.012274228330143896 -0.00073871137985435313
leaf_weight=2193.4983357191086 2035.4990911912173 7384.4155887775123 2668.4231132175773 1283.0097057595849 422.1023035030812 207.76547633111477 1825.9242918919772 750.22050427645445 957.34676045179367 146.55786424130201 402.04528845474124 1293.1525230016559 41.481063205748796 909.78780630417168
leaf_count=12682 17947 50255 39066 9770 2420 923 9588 4158 4894 814 2239 7342 265 5260
internal_value=-0.000104235 -0.00132532 -0.00427071 -0.00617028 0.000578501 -0.000290171 0.00249183 0.00418625 0.00199924 0.000828998 0.00196085 0.00443765 -0.000615813 -0.00188812
internal_weight=22521.2 15335.8 6028.41 3951.43 9307.44 7592.18 7185.38 3533.49 1707.57 3651.89 2595.54 1715.25 2076.98 1056.35
internal_count=167623 127988 67048 48836 60940 51178 39635 18640 9052 20995 14921 9762 18212 6074
is_linear=0
shrinkage=0.03


Tree=111
num_leaves=15
num_cat=0
split_feature=6 1 1 4 0 4 6 0 1 6 5 3 1 5
split_gain=75.9639 57.3365 44.4046 33.8825 31.822 26.8966 15.5559 14.1367 12.1864 11.7605 9.05927 5.88736 5.49251 4.36155
threshold=-0.013967417575902806 1.8385319234672457 -1.2907707024045829 0.66562500000000013 0.0084137111099452672 0.47312500000000007 -0.068807594727604546 0.010305087018099403 2.7922668467689333 -0.035583515385673607 -1.1718870072059511 1.1342452953772717 1.7338962950319667 0.97579997062347068
decision_type=8 8 10 10 10 10 10 10 10 10 10 8 10 10
left_child=5 2 4 -4 -2 9 -7 -8 11 12 -11 -3 -1 -10
right_child=1 8 3 -5 -6 6 7 -9 13 10 -12 -13 -14 -15
leaf_value=0.00580015812768393 -0.0086632762769024967 0.0045903441416789521 -0.00066739142096009635 -0.0059400288775782245 0.0077544292124809852 0.008146585266486598 -0.00047115922965770374 0.012762662009556744 0.012457250318380617 -0.0022379085022838081 0.0038784306670593713 -0.0010737003804718202 0.01144660007389111 0.0025008324882762815
leaf_weight=1051.3375017903745 1098.0396375376731 670.35433392971754 12920.149138880894 1194.87397784926 105.9477853924036 215.60969111323357 2442.795096013695 64.815574675798416 232.71840404719114 228.83413757383823 1764.5141629036516 192.84394442290068 230.22149994969368 73.782242707908154
leaf_count=4872 11463 3698 106531 11068 495 994 13392 277 1236 1260 9905 1073 1086 372
internal_value=-5.41224e-05 -0.00110846 -0.00160132 -0.00112187 -0.00711716 0.00283127 0.000598977 -5.59305e-05 0.00525422 0.00466177 0.00313867 0.00325844 0.00694172 0.0104048
internal_weight=22486.8 16488.7 15319 14115 1203.99 5998.13 2723.22 2507.61 1169.7 3274.91 1993.35 863.198 1281.56 306.501
internal_count=167722 135936 129557 117599 11958 31786 14663 13669 6379 17123 11165 4771 5958 1608
is_linear=0
shrinkage=0.03


Tree=112
num_leaves=14
num_cat=0
split_feature=2 1 1 2 1 4 1 2 2 7 1 1 2
split_gain=207.855 84.0643 45.238 45.6513 35.1898 31.3914 28.1971 26.6285 26.463 21.3537 10.8331 8.19126 10.9885
threshold=0.0027195488069857018 -0.11408454402498182 1.8950323717228763 0.003552681884281731 1.5582694039150586 0.5056250000000001 -0.45933897015971231 0.0019736335366390503 0.0016585640722040918 0.1631402089546222 -0.80747704338311976 3.2882728992079229 0.0066638782940363116
decision_type=8 10 10 8 10 10 10 10 10 10 10 10 10
left_child=1 7 3 6 8 -5 -2 -1 -3 -6 -9 12 -4
right_child=2 4 11 5 9 -7 -8 10 -10 -11 -12 -13 -14
leaf_value=-0.021385661760502727 -0.0054446119375131472 -0.01597108179824951 0.004546916135125932 0.002842857767875448 0.00037468787523883308 -0.00028179816218594717 -0.00022379697120233417 -0.014876896895761512 -0.0041941723452295528 0.017120928208193508 -0.0072631990898139182 0.013338802844116813 0.015675519985371318
leaf_weight=288.73831692710519 1261.4020653441548 192.08263083174825 912.03327037394047 8654.7156016677618 580.28456161543727 4292.249340519309 3581.7126090750098 322.41498884558678 1541.8158142715693 69.125375479459763 541.21123201027513 165.67764660716057 87.206636235117912
leaf_count=10978 14629 5765 3978 42080 4624 22120 24790 7527 19302 352 10294 718 467
internal_value=3.36963e-06 -0.00666101 0.0012525 0.000871574 -0.00338452 0.00180291 -0.00160435 -0.0132984 -0.00561733 0.00248081 -0.010312 0.00696177 0.00572329
internal_weight=22490.7 3535.67 18955 17790.1 2383.31 12947 4843.11 1152.36 1733.9 649.41 863.626 1164.92 999.24
internal_count=167624 58842 108782 103619 30043 64200 39419 28799 25067 4976 17821 5163 4445
is_linear=0
shrinkage=0.03


Tree=113
num_leaves=15
num_cat=0
split_feature=0 0 1 6 7 7 1 6 1 6 0 1 7 0
split_gain=75.8107 76.3892 57.0785 30.3627 28.6601 24.3148 23.337 22.7708 17.9211 14.4485 17.8644 13.8601 9.23513 9.22654
threshold=-0.0035241769373015037 0.0018863075458170899 -0.14289894619869994 -0.0037127266891614492 0.10850375647253933 0.073841857531545083 1.2283440343456784 -0.009374010626151728 0.46599959433634947 -0.029977913567287292 -0.016968335790861096 1.8385319234672457 0.14653798625209205 -0.011370216990536362
decision_type=8 10 8 10 8 8 10 10 10 10 10 8 10 10
left_child=5 2 3 -2 7 9 -4 -3 -7 13 -11 -6 -10 -1
right_child=1 4 6 -5 11 8 -8 -9 12 10 -12 -13 -14 -15
leaf_value=0.002297065635019207 -0.0025352860647776445 0.0041755105171318325 -0.0013030331779048791 -0.0084536976673566591 0.0025941951496996339 0.002029693607873979 0.0078526933786600313 -0.00089529243906833042 0.0056462742402975889 0.0060892373561203987 -0.00048954976728777459 0.0095479144829107403 0.011831678140706597 0.008222340576414135
leaf_weight=912.72927216440439 1281.9264897741377 893.48164220899343 1919.2384183201939 2182.307652272284 1421.4871890190989 1201.1437126435339 277.76090035960078 6660.6269978322089 1151.6021291650832 409.50904843956232 3180.5933288931847 324.21645491197705 312.19809159636497 341.58561803773046
leaf_count=4165 12862 5021 19478 29643 8511 6829 2255 46020 5742 1827 20690 1477 1466 1680
internal_value=7.62607e-05 -0.00115541 -0.00390086 -0.00629448 0.000511822 0.0025364 -8.79763e-05 -0.000282871 0.00484089 0.00124896 0.00025903 0.00396686 0.00707753 0.00401041
internal_weight=22470.4 14961 5661.23 3464.23 9299.81 7509.36 2197 7554.11 2664.94 4844.42 3590.1 1745.7 1463.8 1254.31
internal_count=167666 125267 64238 42505 61029 42399 21733 51041 14037 28362 22517 9988 7208 5845
is_linear=0
shrinkage=0.03


Tree=114
num_leaves=15
num_cat=0
split_feature=2 1 1 2 7 2 2 4 1 1 4 6 4 2
split_gain=168.11 81.5998 53.4678 54.6917 34.2596 32.998 25.2592 23.6957 19.1694 18.3084 13.5714 11.2583 5.64575 5.48878
threshold=0.0025462049533089225 -0.22749239418479308 0.83049701434399903 0.003552681884281731 0.10529302620677816 0.0013313840679558082 0.0065673277622668074 0.50437500000000013 3.7810991809203216 -0.86308447745060068 0.55562500000000015 0.033530469335014253 0.36062500000000003 0.0021062118175967973
decision_type=8 10 8 10 8 10 10 10 10 10 10 8 10 10
left_child=1 10 3 9 6 12 -4 -5 -7 -2 -1 -6 -3 -12
right_child=2 5 4 7 11 8 -8 -9 -10 -11 13 -13 -14 -15
leaf_value=-0.017627831205516333 -0.0070170197175283278 0 0.0010074616707468227 0.0023336408739053674 0.0092620732666599641 -0.0029617608507112449 0.008877260887773528 -0.00062170316769322371 0.015730088034826825 -0.0017566710095027831 -0.013998501085054469 0.0029404752687415352 -0.019807009771519571 -0.002861570900103159
leaf_weight=567.85349565558136 722.06495697796345 10.188098177313803 2792.7485345974565 7110.7710625454783 1073.04293551296 1759.7073094230145 418.59027771651745 3668.5325010940433 40.091133888810873 3630.0187027007341 68.356968378648162 387.71589379757643 113.54449296556413 133.8946072421968
leaf_count=16731 9488 280 13708 35309 4864 24370 2022 19430 226 31169 2382 1650 3346 3072
internal_value=8.40153e-05 -0.00693039 0.00104415 0.000172979 0.00384637 -0.00354911 0.00207627 0.00132264 -0.00242762 -0.00265727 -0.0151453 0.00765639 -0.0180121 -0.0073905
internal_weight=22497.1 2693.64 19803.5 15131.4 4672.1 1923.53 3211.34 10779.3 1799.8 4352.08 770.105 1460.76 123.733 202.252
internal_count=168047 50407 117640 95396 22244 28222 15730 54739 24596 40657 22185 6514 3626 5454
is_linear=0
shrinkage=0.03


Tree=115
num_leaves=15
num_cat=0
split_feature=2 1 1 2 2 1 0 0 1 0 4 1 2 0
split_gain=166.032 94.3818 54.1476 48.822 43.7667 29.7459 26.132 22.5605 14.0376 13.9962 12.5058 10.8692 4.83959 3.18806
threshold=0.0028756279559095919 0.96769995628936922 -1.1962808296579921 0.0017639783319164475 0.0060445863019311158 -0.77468910754255649 -0.0036224577769889961 0.0084137111099452672 1.9610083703676942 -0.0049834265342041375 0.66437500000000005 1.8385319234672457 0.0013313840679558082 -0.0066927545905441912
decision_type=8 10 8 10 10 10 8 10 10 10 10 10 10 8
left_child=1 3 7 12 6 -5 -4 9 -6 -2 11 -3 -1 -12
right_child=2 10 4 5 8 -7 -8 -9 -10 -11 13 -13 -14 -15
leaf_value=-0.024611155667563278 0.0010838580974185062 -0.00025314589089026524 0.0027969459624015971 -0.013715086239431306 0.0042748288700143388 -0.0051345815888952442 -2.774851814111207e-05 0.0069161642383667151 0.014554422571090759 -0.0064870591400173552 0 0.0053108059274682732 -0.014169330063708402 -0.011926228332623055
leaf_weight=126.0840925630182 249.37977275252342 694.21134004555643 4475.8314717188478 453.79080664180219 3525.2312491089106 2112.6881930697709 8475.453565530479 141.638486944139 121.62803749740124 1200.5001269802451 36.195627447217703 540.87897756323218 252.62095910869539 63.826834082603455
leaf_count=4875 1233 6603 22445 10611 15000 30676 52715 647 643 9015 217 3722 8908 610
internal_value=6.11121e-06 -0.00530019 0.00126028 -0.00829403 0.00177018 -0.00672237 0.000945213 -0.00399789 0.00467294 -0.00514526 0.00127203 0.00215835 -0.0183439 -0.00832845
internal_weight=22470 4280.3 18189.7 2945.18 16598.1 2566.48 12951.3 1591.52 3646.86 1449.88 1335.11 1235.09 378.705 100.022
internal_count=167920 66222 101698 55070 90803 41287 75160 10895 15643 10248 11152 10325 13783 827
is_linear=0
shrinkage=0.03


Tree=116
num_leaves=15
num_cat=0
split_feature=2 1 2 1 4 2 1 4 1 0 4 4 0 3
split_gain=162.299 55.6023 55.1352 50.3918 28.5622 28.535 27.2533 23.0211 20.2407 18.1703 13.6024 4.82009 4.52689 4.3959
threshold=0.0023358565281525515 1.5582694039150586 0.003552681884281731 -0.66100313309987968 0.60812500000000014 0.0016585640722040918 -0.795998489005312 0.70437500000000008 -0.09463883693309702 0.0081743192531785764 0.59312500000000012 0.63187500000000008 0.0091660974063684248 0.6685658641957003
decision_type=8 10 8 10 10 10 8 10 10 10 10 10 10 10
left_child=1 5 3 10 -5 11 9 -8 -7 -4 -2 -1 -3 -14
right_child=2 12 6 4 -6 8 7 -9 -10 -11 -12 -13 13 -15
leaf_value=-0.020240868100904891 -0.0089612340189850516 -0.00032426449701211907 -0.0016765235260103324 0.00080970858437651822 -0.0042946429654535283 -0.013626700868614857 0.0027256450364476982 -0.007487295027371125 -0.0051518596530941187 0.005320599373251779 -0.001167273529050181 -0.0041199819338952537 0 0.011924255006666979
leaf_weight=301.31618595868349 877.06983008980751 251.32341243699193 2510.7647622302175 4552.5298538058996 1246.7436555810273 450.89433711767197 10529.934599429369 190.06726964563131 691.79267185367644 372.75949812680483 289.03947750851512 34.033929742872715 59.63926338404417 54.411534480750561
leaf_count=10937 12242 2568 14483 35115 9653 13323 49870 1123 10860 1678 3943 1274 425 360
internal_value=-4.10682e-05 -0.00854648 0.000722064 -0.00144239 -0.000282814 -0.0111279 0.00183498 0.00253217 -0.00863722 -0.000735992 -0.00710674 -0.0189452 0.0017545 0.00647582
internal_weight=22412.3 1843.41 20568.9 6965.38 5799.27 1478.04 13603.5 10720 1142.69 2883.52 1166.11 335.35 365.374 114.051
internal_count=167854 39747 128107 60953 44768 36394 67154 50993 24183 16161 16185 12211 3353 785
is_linear=0
shrinkage=0.03


Tree=117
num_leaves=15
num_cat=0
split_feature=2 1 2 7 2 6 1 1 1 5 2 1 7 4
split_gain=150.676 79.7235 44.0398 43.9686 28.584 23.3722 22.4712 22.2598 19.7495 16.2409 14.6345 10.4555 10.0927 3.6648
threshold=0.0025593995991118391 -0.10483344154260504 0.005336873009065009 0.046146106744854441 0.0013313840679558082 -0.0037127266891614492 0.74496767310870837 3.7810991809203216 0.83049701434399903 -0.098416386540502984 0.0019736335366390503 -0.70073917437853284 0.075800315044144514 0.36187500000000006
decision_type=8 10 8 10 10 10 10 10 10 10 10 10 10 10
left_child=1 10 3 5 13 -2 -5 -6 9 -4 -1 -12 -10 -3
right_child=2 4 8 6 7 -7 -8 -9 12 -11 11 -13 -14 -15
leaf_value=-0.02009767020379823 0.00027771669325505813 0 0.00047350206010817277 0.00042926476357451417 -0.0025026593503808918 -0.003502579101975632 0.0038247067684600744 0.017222154379226584 0.0044783953755651021 0.0040259347474227705 -0.015430916378497084 -0.0066180428221954178 0.01136796600301118 -0.018905237161287163
leaf_weight=273.94512399286032 2555.7452079206705 10.521145608276127 2167.3915379047394 5484.577261749655 1679.1133091766387 3370.748296789825 2605.7868965342641 42.587414804846048 558.7153829485178 2594.1377667337656 263.09594259411097 333.98091311939061 350.43144451081753 97.741594022139907
leaf_count=11157 16486 285 9141 37728 22263 25864 12249 237 2554 10938 7013 7140 1664 2969
internal_value=8.45784e-05 -0.00654353 0.000999813 9.22843e-05 -0.00291429 -0.00186453 0.00153367 -0.00188347 0.00322838 0.00242587 -0.0139806 -0.0107904 0.00729405 -0.0172546
internal_weight=22388.5 2700.99 19687.5 14016.9 1829.96 5926.49 8090.36 1721.7 5670.68 4761.53 871.022 597.077 909.147 108.263
internal_count=167688 51064 116624 92327 25754 42350 49977 22500 24297 20079 25310 14153 4218 3254
is_linear=0
shrinkage=0.03


Tree=118
num_leaves=15
num_cat=0
split_feature=2 1 2 7 6 1 2 1 2 1 3 1 2 7
split_gain=146.24 74.7333 45.6952 51.9906 32.2002 27.746 26.9846 20.8402 18.4247 17.0672 15.7024 14.8179 2.47756 0.998744
threshold=0.0026236405565739254 0.35273615078122827 0.005442031007640939 0.094813598781161884 -0.005288168420757521 1.4118157547156993 0.0019877204066549993 1.7338962950319667 0.0013313840679558082 -0.80747704338311976 -0.90160338069010615 1.7821885545188734 0.0069216452242156648 0.043015841358295753
decision_type=8 10 10 8 10 10 10 10 10 10 10 10 10 10
left_child=1 6 3 4 -2 -5 -1 10 13 -8 -4 -10 -9 -3
right_child=2 8 7 5 -6 -7 9 12 11 -11 -12 -13 -14 -15
leaf_value=-0.017710805749370388 0.00099070947334338531 -0.020452957150844494 0.0056080484315174173 0.0016989976911359419 -0.0024370993178957048 0.0081339875857643264 -0.015095736269139 0.0071775382547150336 -0.0027412130937591581 -0.0057644565331286127 0.0018023127805616799 0.0037233145676378535 0.016196758947242589 -0.0069268098486064255
leaf_weight=414.07650322839618 4032.0751138366759 32.98205316439271 1377.5833071321249 3085.5897672176361 6251.0451720766723 755.68343244493008 251.20147604867816 122.98756448924541 1046.6227087713778 765.36577746830881 3636.0589419305325 442.89619113504887 104.61321793496609 46.339958265423775
leaf_count=15789 24175 971 5852 18142 45281 3258 6547 577 12615 14172 15425 3123 576 1150
internal_value=-3.95884e-05 -0.0061947 0.000913366 2.07432e-05 -0.00108755 0.00299835 -0.0111362 0.00330281 -0.00160847 -0.00825332 0.00286903 -0.000767015 0.0120828 -0.0148829
internal_weight=22365.1 2999.48 19365.6 14124.4 10283.1 3841.27 1430.64 5241.24 1568.84 1016.57 5013.64 1489.52 227.601 79.322
internal_count=167653 54367 113286 90856 69456 21400 36508 22430 17859 20719 21277 15738 1153 2121
is_linear=0
shrinkage=0.03


Tree=119
num_leaves=15
num_cat=0
split_feature=7 1 6 6 6 7 6 4 4 6 4 5 7 7
split_gain=61.5475 51.8526 33.2742 31.0636 30.7649 23.054 20.2287 31.1195 20.0271 17.2408 14.5644 10.3074 4.30043 1.75185
threshold=0.048399561361017633 0.71258748260563476 0.066047323932674665 -0.0069495728791597591 0.0076256006763735238 0.10529302620677816 -0.0077722197793992356 0.67937500000000017 0.49062500000000003 0.02888105140822184 0.52187500000000009 -1.4965433749717094 0.016848269262163196 0.031386520430046617
decision_type=8 10 10 10 10 10 8 10 10 10 10 10 10 10
left_child=2 6 3 10 -5 8 11 -8 -3 -7 -1 -2 -4 -14
right_child=1 5 12 4 -6 9 7 -9 -10 -11 -12 -13 13 -15
leaf_value=0.0013338192358329211 -0.0049212757840781515 0.0043654098359202529 0.01635868135951149 -0.0054862686300557271 -0.0013068985128258858 0.0086059720936661338 -0.00049539629564305837 -0.010190625180559854 -0.0016074061714851176 0.0019200824545223245 -0.0027140351074552336 0.0025818540875744162 0.00075707506701160195 0.0086976388836398077
leaf_weight=2654.6969333570451 161.93098632991314 1264.8321397621185 66.407232232391834 3058.4516632575542 3395.1663062125444 1268.6236907690763 5009.7851563096046 308.46214991249144 811.58453719131649 520.69492128491402 1131.5428064893931 2543.6257058251649 67.566383749246597 67.694984205067158
leaf_count=16971 1014 7461 290 37748 22581 6601 41658 3224 4687 2405 7071 15243 305 303
internal_value=-0.000109302 0.00136326 -0.00179152 -0.00203793 -0.00330226 0.0042127 -5.61903e-06 -0.00108706 0.00200561 0.0067152 0.000104323 0.00209422 0.00994199 0.00546936
internal_weight=22331.1 11889.5 10441.5 10239.9 6453.62 3865.74 8023.8 5318.25 2076.42 1789.32 3786.24 2705.56 201.669 135.261
internal_count=167562 82293 85269 84371 60329 21154 61139 44882 12148 9006 24042 16257 898 608
is_linear=0
shrinkage=0.03


Tree=120
num_leaves=15
num_cat=0
split_feature=1 7 0 0 1 4 5 4 0 6 1 7 7 4
split_gain=62.6759 49.3993 38.6901 78.8978 40.1296 23.9482 18.3569 16.8285 13.6564 10.8042 13.4866 10.0444 9.93638 7.2924
threshold=0.74496767310870837 0.10529302620677816 -0.0034294580918031721 0.0019432383699117264 -0.14289894619869994 0.49437500000000006 0.68271159001907211 0.38687500000000002 0.0044259112385637298 0.02888105140822184 2.2735583090594309 0.016848269262163196 0.01788422760300724 0.43312500000000004
decision_type=8 8 10 10 10 8 8 8 10 8 8 10 10 10
left_child=2 5 11 4 -4 6 -2 -5 -7 13 -11 -1 -13 -3
right_child=1 9 3 7 -6 8 -8 -9 -10 10 -12 12 -14 -15
leaf_value=-0.0017363323032621499 0.0037672120050110504 0.0041197768040050564 -0.0068107571872439926 -0.0038345188954771068 -0.00093420537888587083 -0.0044725928531484122 -0.0017647158686564775 0.00064459329725733436 0.0012548582951913494 -0.00023964363126710258 0.0097659236817454007 0.012830672782839997 0.0014798810073175643 0.009529093354980445
leaf_weight=919.67360927537084 2006.5878683906049 390.42526133544743 3401.3079569470137 862.10510334558785 1549.6479842010885 991.90958720631897 713.71475325711071 5596.4047542344779 570.99477306194603 386.75679834187031 159.41223949193954 62.539121240377426 3886.8900339584798 902.93091602250934
leaf_count=5725 12331 2132 42622 6343 16354 6177 4347 38552 3154 1828 682 391 22797 4549
internal_value=-0.000211558 0.00237026 -0.00118718 -0.00214378 -0.00498908 0.000584108 0.0022927 3.24259e-05 -0.00234729 0.0064711 0.00269592 0.00104188 0.00170673 0.00798636
internal_weight=22401.3 6122.73 16278.6 11409.5 4950.96 4283.21 2720.3 6458.51 1562.9 1839.53 546.169 4869.1 3949.43 1293.36
internal_count=167984 35200 132784 103871 58976 26009 16678 44895 9331 9191 2510 28913 23188 6681
is_linear=0
shrinkage=0.03


Tree=121
num_leaves=14
num_cat=0
split_feature=2 2 1 4 1 1 1 2 7 4 4 1 2
split_gain=128.19 60.0544 62.0873 42.2573 31.5252 24.5912 21.8063 19.9308 17.1965 14.6902 9.93718 3.87145 1.50863
threshold=0.0019877204066549993 0.0037798306691608631 -0.64125877388447217 0.57937500000000008 0.41454519896616304 -1.7534545168611089 2.1053868503930029 0.0025593995991118391 0.022934408192539373 0.36187500000000006 0.40687500000000004 -0.26497564792983674 0.0014092396667470914
decision_type=8 8 10 10 10 8 10 10 10 10 10 10 10
left_child=4 2 7 -4 11 10 -7 -2 -6 -10 -3 -1 -13
right_child=1 5 3 -5 8 6 -8 -9 9 -11 -12 12 -14
leaf_value=-0.02053716040939798 -0.01397317927649927 0.0031712066299220769 0.0011339849613555845 -0.0038503665335332471 -0.016166191556984812 0.0018085443873534193 0.0089416985341355514 -0.0050101753979031119 0.012537101214405539 -0.004458876675925043 -0.0097183990212434471 -0.017837112658246591 -0.0082035854481177471
leaf_weight=228.49814680963755 280.05792385153472 56.86555328220129 5605.3716773875058 2092.5903096795082 96.107374427840114 11503.2761111781 395.15821844339371 1337.5115181840956 41.8387759514153 332.79414449259639 218.00339179486036 50.752885323017836 140.91344123706222
leaf_count=9770 7541 287 45065 17180 1883 54897 1801 16035 627 5116 1244 2057 4342
internal_value=-3.78252e-06 0.000458118 -0.0013503 -0.000216399 -0.0110929 0.0018469 0.00205779 -0.00667517 -0.00539568 -0.00212818 -0.00682343 -0.0170627 -0.01181
internal_weight=22379.7 21488.8 9315.53 7697.96 890.905 12173.3 11898.4 1617.57 470.74 374.633 274.869 420.164 191.666
internal_count=167845 144050 85821 62245 23795 58229 56698 23576 7626 5743 1531 16169 6399
is_linear=0
shrinkage=0.03


Tree=122
num_leaves=15
num_cat=0
split_feature=2 1 2 0 1 2 1 4 1 2 4 4 4 2
split_gain=137.905 60.6049 38.3952 34.8318 34.3912 25.8472 19.4892 18.0641 14.5048 13.3257 11.9659 7.90141 7.41288 5.00009
threshold=0.0025462049533089225 -0.25547504793460307 0.0060445863019311158 -0.0035241769373015037 1.9610083703676942 0.0013313840679558082 2.2735583090594309 0.52187500000000009 1.1012185922268034 0.0020882479789558219 0.59312500000000012 0.36062500000000003 0.46062500000000006 0.0068353086740594888
decision_type=8 10 10 8 10 10 10 8 10 10 10 10 8 10
left_child=1 9 3 7 -5 11 -7 -2 12 -1 -11 -3 -4 -10
right_child=2 5 8 4 -6 6 -8 -9 13 10 -12 -13 -14 -15
leaf_value=-0.019076091577262203 0.0034136932410569602 0.0021039520750070059 0.0015411699705882797 -0.001292175407848261 0.0064835396366043855 -0.0039769907534083285 0.0049233043312981676 -0.00025079584672121078 0.0034447564129983697 -0.012746138438652981 -0.00028618431492189405 -0.019374007281035863 0.0043335837675517888 0.011154840359473308
leaf_weight=304.59094244241714 3380.6443175785244 10.040082888677714 2179.269717335701 9878.3418858833611 528.06258918344975 1551.7407892066985 243.68482422083616 1835.6282944865525 157.01201313734055 286.97844739444554 104.18393442220986 104.87427554652095 1537.7045000195503 270.83886469900608
leaf_count=12269 17837 283 9211 69938 2335 23535 1573 9743 719 6912 2580 3397 6449 1422
internal_value=-5.50694e-05 -0.00653059 0.000798483 0.000112765 -0.000885999 -0.0036897 -0.00271518 0.00211465 0.00336216 -0.0140831 -0.00966692 -0.0169989 0.00272101 0.00860573
internal_weight=22373.6 2606.09 19767.5 15622.7 10406.4 1910.34 1795.43 5216.27 4144.83 695.753 391.162 114.914 3716.97 427.851
internal_count=168203 50549 117654 99853 72273 28788 25108 27580 17801 21761 9492 3680 15660 2141
is_linear=0
shrinkage=0.03


Tree=123
num_leaves=15
num_cat=0
split_feature=6 7 6 4 4 7 4 4 0 7 7 6 7 4
split_gain=47.401 46.7508 36.1252 29.6194 26.799 25.6223 18.2089 14.9112 14.7507 13.4961 12.2533 9.80848 9.77697 8.90558
threshold=-0.0058003385284512978 0.026621410940203611 0.016988119487024281 0.67937500000000017 0.34437500000000004 0.14653798625209205 0.47312500000000007 0.42187500000000006 0.00027195920011380276 0.15216229982414128 0.10957987532263623 0.053059060985795277 0.093921020462573876 0.49062500000000003
decision_type=8 8 10 10 8 8 10 10 10 10 10 10 10 10
left_child=6 2 4 5 -2 -3 7 9 -9 -1 -5 -4 -8 -14
right_child=1 3 11 10 -6 -7 12 8 -10 -11 -12 -13 13 -15
leaf_value=0.0015516972283326372 -0.02026690803843656 -0.00010215238634739999 -0.00095046979818326786 -0.0090114435753446843 -0.0052985491795952923 0.0054540620136182133 -0.00066344288522624819 0.0032856981278802564 0.0089994731055390072 -0.012985646695375264 0.00022862599938355588 0.0062732997515262436 -0.0054311742243616469 0.0035906101877197557
leaf_weight=2098.8408628106117 108.02757121808827 8533.3438570778817 1067.2651811596006 437.7754431758076 2390.1796320900321 806.82114749960601 2915.8618623539805 1906.1119898650795 544.34827259741724 48.462418135255575 163.35295130684972 190.17492540925741 95.711393870413303 967.28431239910424
leaf_count=13325 1138 68763 6074 4421 26957 5127 18968 11187 3409 292 1168 865 585 5296
internal_value=-2.24106e-05 -0.00111993 -0.00396683 -3.54929e-05 -0.00604795 0.000376707 0.00172262 0.00300747 0.00461077 0.00113712 -0.00643968 0.000135588 0.000219052 0.00267933
internal_weight=22273.6 13696.9 3755.65 9941.29 2498.21 9340.17 8576.62 4597.76 2450.46 2147.3 601.128 1257.44 3978.86 1063
internal_count=167575 114513 35034 79479 28095 73890 53062 28213 14596 13617 5589 6939 24849 5881
is_linear=0
shrinkage=0.03


Tree=124
num_leaves=14
num_cat=0
split_feature=2 6 2 2 7 6 7 6 7 2 5 5 7
split_gain=119.386 37.6165 41.3032 35.0839 27.077 26.104 24.8943 17.9231 15.7881 9.94031 9.47769 9.24227 0.821074
threshold=0.0023358565281525515 -0.0058003385284512978 0.0033663546919533052 0.0013313840679558082 0.015824001392415389 0.010719700726574468 0.12483913359018094 -0.0049679311447068377 0.048399561361017633 0.0038915564186724851 -1.382613082901335 0.056937644115573581 0.12791804174467453
decision_type=8 8 8 10 8 10 10 10 10 10 10 10 10
left_child=3 8 6 12 -4 7 -3 -5 9 -2 -10 -7 -1
right_child=1 2 4 5 -6 11 -8 -9 10 -11 -12 -13 -14
leaf_value=-0.021242022090849098 -0.00095903127111146439 -0.004348704378720549 -0.0029244730155442073 -0.0034390173483073261 0.0014467065936668187 -0.0038608002635563739 0.0022843679330232271 -0.011081357253827284 -0.00092171250081470068 0.0021309793128229748 0.0039309855908600342 0.005188177880651572 -0.00062931142072950984
leaf_weight=151.52069609239697 1592.5020745657384 2831.3315232098103 1522.3639875054359 503.82675172761083 7450.9146751314402 182.40938492491841 601.00415459647775 732.24717488512397 373.48983346298337 2191.0319724529982 3945.1457199454308 200.34431613236666 8.524230217561124
leaf_count=5831 11781 30905 8748 8363 39102 2563 4344 20492 1962 10049 21082 2336 169
internal_value=1.40516e-05 0.000664775 -0.000369531 -0.00741607 0.000696004 -0.00595748 -0.00316656 -0.00806707 0.00225435 0.000815468 0.00349629 0.000734429 -0.0205986
internal_weight=22286.7 20507.8 12405.6 1778.87 8973.28 1618.83 3432.34 1236.07 8102.17 3783.53 4318.64 382.754 160.045
internal_count=167727 127973 83099 39754 47850 33754 35249 28855 44874 21830 23044 4899 6000
is_linear=0
shrinkage=0.03


Tree=125
num_leaves=15
num_cat=0
split_feature=2 1 1 2 1 2 5 1 4 2 4 1 6 6
split_gain=125.598 61.0655 42.0844 36.7969 23.808 22.9793 16.2404 14.0128 13.2469 12.2472 7.74948 6.39073 3.90861 0.86246
threshold=0.0025462049533089225 -0.10483344154260504 2.2735583090594309 0.005442031007640939 -0.86308447745060068 0.001719074333767883 -0.99057852624988774 2.3702013067977661 0.4043750000000001 0.0021062118175967973 0.59562500000000007 3.2882728992079229 0.010441147804512775 -0.0049679311447068377
decision_type=8 10 10 10 8 10 8 10 10 10 10 10 10 10
left_child=1 9 3 4 -2 8 -5 -7 -3 13 -11 12 -4 -1
right_child=2 5 11 6 -6 7 -8 -9 -10 10 -12 -13 -14 -15
leaf_value=-0.0093824663722745869 -0.0032374582777727895 -0.0023916463306596337 0.0078917561887649999 -0.0011718587135323409 0.00024091790404317799 -0.0026488786971060134 0.0034111940906278262 0.0057050960084396203 -0.016201800488649016 -0.011436804779336162 -0.0015950445920650484 0.012889602016909802 0.0022895126210058328 -0.018940128048243261
leaf_weight=70.86467482894659 2072.2883101925254 122.52365308627486 340.90561503171921 801.08663241565228 11714.546948503703 1289.1180498152971 4353.3650130629539 196.89351733028889 161.90896176919341 329.51398701034486 115.00362846814096 180.43661493062973 234.64285734295845 284.21988505125046
leaf_count=2414 18850 3156 1556 3432 73150 16436 18564 1127 4731 7774 2767 786 1015 11899
internal_value=-4.28654e-06 -0.00623115 0.000807883 0.000525407 -0.000279533 -0.00304589 0.0026864 -0.00147115 -0.0107399 -0.013085 -0.00911371 0.00770776 0.00578838 -0.0175063
internal_weight=22267.3 2570.05 19697.3 18941.3 13786.8 1770.44 5154.45 1486.01 284.433 799.602 444.518 755.985 575.548 355.085
internal_count=167657 50304 117353 113996 92000 25450 21996 17563 7887 24854 10541 3357 2571 14313
is_linear=0
shrinkage=0.03


Tree=126
num_leaves=15
num_cat=0
split_feature=2 1 2 2 1 1 7 7 1 2 2 2 6 6
split_gain=111.456 53.6205 33.4078 32.4153 30.4417 26.6228 20.7633 20.5493 13.4296 11.0322 7.91665 7.13542 6.3564 5.50598
threshold=0.0027195488069857018 0.5616575708339544 0.0019736335366390503 0.0057558723285817152 -1.5125736617201679 2.7922668467689333 0.080487788046014322 0.1631402089546222 0.5616575708339544 0.0017372338072111071 0.007831627661724792 0.01006235347145863 -0.009874363255819139 0.033530469335014253
decision_type=8 10 10 8 10 10 10 10 10 10 10 10 10 10
left_child=1 2 -1 4 12 -6 -4 9 11 -3 -10 -5 -2 -9
right_child=3 7 6 8 5 -7 -8 13 10 -11 -12 -13 -14 -15
leaf_value=-0.015934359117436514 0 -0.0087720580885782811 -0.0084124893780557399 0.0014862299431350411 0.00012054976356687633 0.0088529646378588938 -0.00014800728692764348 0.014419387493590183 0.0038941146759900289 -0.00093358159437707377 0.0098264059757497708 0.0052814231799584652 -0.0091626200602834725 0.0013215165750552343
leaf_weight=427.28558192774653 84.35866030305624 182.84332889318466 1027.4876090623438 3156.8683983683586 13440.380650687963 312.28569895029068 392.35605917684734 79.425720196217299 682.17089377343655 1196.5683030188084 340.74555173516273 536.28295043110847 367.54239631816745 62.268193211406469
leaf_count=16848 549 4167 20297 13201 83475 1331 6345 542 2979 10435 1753 2299 3371 347
internal_value=-0.000101519 -0.00512349 -0.00854829 0.000791554 7.11108e-05 0.000329487 -0.00618767 -0.0008968 0.00294406 -0.00207143 0.00600432 0.00206631 -0.00749904 0.00952555
internal_weight=22288.9 3368.23 1847.13 18920.6 14204.6 13752.7 1419.84 1521.11 4716.07 1379.41 1022.92 3693.15 451.901 141.694
internal_count=167939 58981 43490 108958 88726 84806 26642 15491 20232 14602 4732 15500 3920 889
is_linear=0
shrinkage=0.03


Tree=127
num_leaves=15
num_cat=0
split_feature=2 1 2 1 1 2 1 4 4 4 5 0 1 2
split_gain=114.237 56.7557 41.7266 30.4842 24.0399 24.4242 22.3455 22.2558 18.8147 13.6025 9.54986 7.95514 6.22236 1.55719
threshold=0.003306648901506786 0.029466880634103073 0.0021062118175967973 2.1836158683276099 2.1836158683276099 0.0019877204066549993 -1.1157553471436126 0.70437500000000008 0.46562500000000007 0.74687500000000007 0.48359490808868205 -0.0055241800456648496 3.7810991809203216 0.0040104733304191864
decision_type=8 10 10 10 10 10 8 10 10 10 10 10 10 10
left_child=1 2 11 6 5 -3 8 -8 -2 -4 -5 -1 -6 -12
right_child=3 4 9 10 12 -7 7 -9 -10 -11 13 -13 -14 -15
leaf_value=0.003245668428860132 0.00090431664366944007 -0.0083438982523755829 -0.0051960988651936716 0.010909686473005994 0.0029654144928941465 -0.00093860775553602453 0.0018858642623014676 -0.0057408236551427291 -0.0053600794299484512 0.014328917680949167 -0.00092713465197224911 -0.016338871793544672 0.011795011323068731 0.0044073943933767967
leaf_weight=11.139057297259567 915.27522622048855 454.6300444342196 2222.412329396233 391.59898029267788 526.43693456426263 3184.5578471161425 12736.771360732615 340.77524406462908 781.07273601740599 21.64132653363049 76.09278392791748 381.82571844942868 85.459864370524883 77.16559574007988
leaf_count=266 5178 10016 32278 1760 3064 25849 64538 2211 5288 336 319 15644 432 347
internal_value=7.51123e-05 -0.00312816 -0.00658092 0.00152049 -0.000961857 -0.00190049 0.00125552 0.00167831 -0.00195943 -0.00491845 0.00844482 -0.0155681 0.0044649 0.00149673
internal_weight=22206.9 6888.1 2637.02 15318.8 4251.08 3639.19 14773.9 13077.5 1696.35 2244.05 544.857 392.965 611.897 153.258
internal_count=167526 87885 48524 79641 39361 35865 77215 66749 10466 32614 2426 15910 3496 666
is_linear=0
shrinkage=0.03


Tree=128
num_leaves=15
num_cat=0
split_feature=2 1 2 7 0 1 2 7 1 1 0 3 2 0
split_gain=96.4733 56.5632 42.4181 40.5093 25.7587 22.7041 17.4613 15.7731 12.0517 11.914 16.0834 11.6371 11.338 5.34837
threshold=0.0025462049533089225 -0.22749239418479308 0.0060445863019311158 0.027412014305882505 -0.0034294580918031721 1.5582694039150586 0.0014092396667470914 0.1631402089546222 -0.84098563799387216 -0.72103091910316175 0.012054681171821626 -1.0834325301416621 0.0020882479789558219 -0.0053843744586180567
decision_type=8 10 8 10 10 10 10 10 10 10 10 10 10 10
left_child=1 12 3 8 -5 6 -3 -7 -2 10 -4 -11 13 -1
right_child=2 5 9 4 -6 7 -8 -9 -10 11 -12 -13 -14 -15
leaf_value=0.00038149466687759781 -0.0057179800331387618 -0.016579852660279372 -0.00038792653861211251 0.0029082201700763961 -9.9573136332650861e-05 0.00034410778850924506 -0.0036524557232854708 0.015663687900049378 -0.0016760343832282955 0.0085960971048335989 0.0088658660569669728 0.0035022883319083997 -0.0088200396915713349 -0.018349756332232937
leaf_weight=7.4343815837055436 857.21414594352245 97.287371395155787 1130.4003883302212 3869.5295042209327 7440.8687542118132 443.15036339685321 1232.3232569154352 61.893197372555733 3282.1623510457575 514.52719408273697 186.75706149637699 2427.2718532532454 388.75626309402287 280.68318711221218
leaf_count=191 7707 3671 4768 20106 50119 3887 20045 320 21318 2227 770 10549 9701 12284
internal_value=1.85522e-05 -0.00550407 0.000727789 0 0.000925817 -0.0026966 -0.00475985 0.00260569 -0.00253929 0.00337482 0.000935857 0.00443964 -0.0128763 -0.0176686
internal_weight=22220.3 2511.53 19708.7 15449.8 11310.4 1834.65 1329.61 505.044 4139.38 4258.96 1317.16 2941.8 676.874 288.118
internal_count=167663 50099 117564 99250 70225 27923 23716 4207 29025 18314 5538 12776 22176 12475
is_linear=0
shrinkage=0.03


Tree=129
num_leaves=15
num_cat=0
split_feature=6 6 0 0 7 4 4 4 4 4 6 4 4 7
split_gain=52.5718 38.0321 30.4606 45.9617 18.1623 15.7642 14.2295 12.1383 10.6964 12.5651 9.96624 13.2232 7.14124 4.26054
threshold=-0.0058003385284512978 0.041777503415344704 -0.0056733203031123494 0.0025712019759165376 0.051684935685727219 0.51562500000000011 0.52187500000000009 0.42437500000000006 0.67187500000000011 0.54687500000000011 -0.068807594727604546 0.47312500000000007 0.5631250000000001 0.14412097565984719
decision_type=8 10 8 10 10 10 10 8 10 8 10 8 10 10
left_child=4 2 5 -4 6 -2 7 -1 9 -3 13 -12 -8 -6
right_child=1 8 3 -5 10 -7 12 -9 -10 -11 11 -13 -14 -15
leaf_value=-0.0007636862008212731 0.0048999635386143218 0.0020834311089929893 -0.0043814593470550712 -0.00040473400801325447 0.0052441442998310429 -0.0022467589745137789 -0.006220281916101961 0.0031533527995201518 -0.0062085513717470599 0.0083104079294118709 0.0045472398789954196 0.0010142708698543388 -0.00079480234032230305 0.013125996901448129
leaf_weight=1113.3126168642193 884.20274784602225 1230.3906326852739 4765.501355221495 5870.5038858912885 285.38051514327526 382.67676620557904 287.37829790264368 1852.8274774830788 91.557330951094627 396.88217196241021 1969.9157061129808 1956.6344310771674 973.31706773303449 111.68409622460604
leaf_count=7645 4606 5728 59705 40331 1390 2021 1794 11945 461 1812 11651 11681 6350 538
internal_value=9.28573e-05 -0.00106144 -0.00166747 -0.0021946 0.00193787 0.00269353 0.00052043 0.00166534 0.00308596 0.00368028 0.00330535 0.00280902 -0.00211799 0.0078765
internal_weight=22172.2 13621.7 11902.9 10636 8550.45 1266.88 4226.84 2966.14 1718.83 1627.27 4323.61 3926.55 1260.7 397.065
internal_count=167658 114664 106663 100036 52994 6627 27734 19590 8001 7540 25260 23332 8144 1928
is_linear=0
shrinkage=0.03


Tree=130
num_leaves=15
num_cat=0
split_feature=2 2 1 1 1 4 0 7 4 7 4 0 1 7
split_gain=106.37 44.8193 34.7261 32.9849 29.6723 26.3149 24.7109 20.9301 17.7531 17.4488 16.7769 7.38556 2.28025 0.0941119
threshold=0.0021062118175967973 0.0033663546919533052 -0.09463883693309702 1.2837810836613726 -1.1471024265438847 0.46062500000000006 -0.0025975140828659589 0.013695087745505499 0.59312500000000012 0.021849635591579149 0.35562500000000002 -0.0058341611268002405 0.039036019736963259 0.12203316505687521
decision_type=8 8 10 10 8 10 10 8 10 10 10 10 10 10
left_child=2 3 11 6 5 -3 -2 -6 -5 12 -11 -1 -4 -13
right_child=1 4 9 8 7 -7 -8 -9 -10 10 -12 13 -14 -15
leaf_value=0.003260160617246551 0.00017277540803077189 0.0010272721475119357 0 0.0043658734498978535 -0.0011692982338578546 -0.0067031928591080592 -0.0043561026974016665 0.0022147787662271314 -0.0038391046980336603 0.012493845976152267 -0.0043044572913357075 -0.018132900760299005 -0.014318403265969011 -0.0017934606949070514
leaf_weight=7.6932256259024134 1569.0817349664867 814.90110568702221 14.346640568226574 1005.5752849131823 1888.805835314095 737.60580701380968 3322.8913865666837 11471.131755575538 293.79769215732813 48.08803235925734 548.96364388242364 318.23555852659047 166.29170256480575 10.893894659355281
leaf_count=185 13830 4524 493 5522 9971 4935 41233 57134 1635 798 9978 13883 3408 389
internal_value=-9.69633e-05 0.00037918 -0.00908949 -0.00176059 0.00127217 -0.00262652 -0.00289385 0.00173134 0.00244969 -0.00536962 -0.00266912 -0.0171028 -0.0133725 -0.0178378
internal_weight=22218.3 21103.8 1114.51 6191.35 14912.4 1552.51 4891.97 13359.9 1299.37 777.69 597.052 336.823 180.638 329.129
internal_count=167918 138784 29134 62220 76564 9459 55063 67105 7157 14677 10776 14457 3901 14272
is_linear=0
shrinkage=0.03


Tree=131
num_leaves=15
num_cat=0
split_feature=2 1 2 1 4 7 1 7 4 2 2 7 0 0
split_gain=89.7759 41.963 37.5605 32.5177 46.2935 29.5015 23.8544 19.9799 15.5627 14.8661 13.9472 7.96249 4.35913 3.26311
threshold=0.0021062118175967973 -0.075739227095112147 0.0034190409572881493 -0.16177798398710028 0.60812500000000014 0.013695087745505499 1.7338962950319667 0.023659550884582829 0.45687500000000009 0.0035658219514951802 0.0016809067096505068 0.10229160609044675 0.0081743192531785764 0.0053790295787271578
decision_type=8 10 8 10 10 8 10 10 10 10 10 10 10 10
left_child=1 11 3 8 -5 9 -7 12 -2 -4 -9 13 -3 -1
right_child=2 7 5 4 -6 6 -8 10 -10 -11 -12 -13 -14 -15
leaf_value=-0.018877791315328643 -0.0081707832444127861 -0.013777157233598507 -0.010877912485221446 0.0014809850144587942 -0.0060731224122855948 0.0014147218326482935 0.0066865342063903536 -0.0081083866318508706 -0.0026197285210128036 -0.0012635975372210673 0.0016758320870948436 0 0 0
leaf_weight=303.77337948791683 724.81049253419042 175.4077653773129 149.37242864072323 3539.7841205298901 908.96251240745187 11507.85040422529 828.14136339724064 179.22428433969617 1367.2497261557728 2015.0754688903689 401.32924253121018 27.463703149929643 14.292814366519449 7.383330959826707
leaf_count=13508 11009 3980 1195 26914 7012 58365 3712 4998 19775 10435 5392 990 170 220
internal_value=-8.1599e-05 -0.00836443 0.000355822 -0.00152589 -5.91634e-05 0.00120922 0.00177862 -0.00428562 -0.0046012 -0.00200167 -0.00132924 -0.0170813 -0.0125132 -0.0184129
internal_weight=22150.1 1108.87 21041.2 6540.81 4448.75 14500.4 12336 770.254 2092.06 2164.45 580.554 338.62 189.701 311.157
internal_count=167675 29258 138417 64710 33926 73707 62077 14540 30784 11630 10390 14718 4150 13728
is_linear=0
shrinkage=0.03


Tree=132
num_leaves=15
num_cat=0
split_feature=2 1 2 1 2 0 1 2 1 2 5 1 6 6
split_gain=86.7389 57.5784 32.0061 25.5024 20.4801 19.9779 12.9332 11.7974 12.3093 9.76577 9.78428 8.92519 6.61797 2.23417
threshold=0.0026236405565739254 -0.10483344154260504 0.005442031007640939 -1.4544362033721554 0.0013313840679558082 -0.002523315214211896 1.5582694039150586 0.0019736335366390503 -0.7106732758758002 0.010570226405862491 -0.41613935308443711 -0.51469019699702712 -0.0096180998631911745 -0.0010032227797411861
decision_type=8 10 8 10 10 10 10 10 10 10 10 10 10 10
left_child=1 7 3 12 13 -5 -6 -1 -9 11 -11 -4 -2 -3
right_child=2 4 9 5 6 -7 -8 8 -10 10 -12 -13 -14 -15
leaf_value=-0.017560970335942377 0 -0.0052314874636754565 0.00045394465971009256 0.0016028487592912976 -0.0029055227174580355 -0.00077631698164739324 0.0024918505206740459 -0.013698116314344939 -0.0048255876960088401 0.0003892698110627721 0.0090108332537709914 0.0031614475369794739 -0.0083284191756451062 -0.019215317078362239
leaf_weight=226.46903228387237 97.902839925140142 41.227740433067083 1848.5062836110592 5107.8193348348141 1347.3392579630017 8345.5809740908444 546.55658037215471 276.02918199077249 372.8576969858259 191.63435611128807 386.58862240612507 2915.9276212006807 406.89234377071261 56.056103559210896
leaf_count=11180 670 1371 7841 28358 20132 57440 4052 7791 8087 877 1777 12435 4059 1902
internal_value=-9.23467e-05 -0.00495471 0.00062889 -0.000123245 -0.00207588 0.000123038 -0.00131148 -0.011338 -0.00884154 0.00260168 0.00631068 0.00212671 -0.00667842 -0.0148884
internal_weight=22167.4 2866.54 19300.9 13958.2 1991.18 13453.4 1893.9 875.356 648.887 5342.66 578.223 4764.43 504.795 97.2838
internal_count=167972 54515 113457 90527 27457 85798 24184 27058 15878 22930 2654 20276 4729 3273
is_linear=0
shrinkage=0.03


Tree=133
num_leaves=15
num_cat=0
split_feature=2 2 4 2 2 4 5 6 4 6 0 0 4 0
split_gain=87.2958 37.4659 19.4129 30.0481 19.3632 30.8665 15.926 14.5991 14.514 11.106 11.0228 4.81939 2.62149 0.877308
threshold=0.002734849764020508 0.0013313840679558082 0.5056250000000001 0.0073433263091247031 0.0035658219514951802 0.41437500000000005 -1.0591553231519393 -0.017602406521675992 0.32687500000000008 0.05018662551829501 0.024506944546554114 0.013816284318143747 0.36062500000000003 0.0023033078868387462
decision_type=8 10 10 10 8 10 10 10 8 10 10 10 10 10
left_child=1 12 4 9 5 -2 7 -3 -6 -4 -8 -5 -1 -14
right_child=2 6 3 11 8 -7 10 -9 -10 -11 -12 -13 13 -15
leaf_value=-0.00022068202170719183 -0.0053043343001762718 0.0025112318474038073 -0.00121641732844787 0.0094147050945503959 -0.0036793731857833927 0.0013948770013502698 -0.0031233813439916322 -0.01136874527912589 0.0024839428967342939 0.0047378409180271388 0.0082359909997707561 0 -0.022371723159544003 -0.0063462389614180213
leaf_weight=12.664234194904564 859.79079680144787 71.019394958391786 6135.73614737764 295.61584736406803 341.72328673303127 2120.2263215333223 2701.724693281576 370.22811378538609 8727.6649185493588 282.26061247289181 67.010388590395451 70.16550549864769 104.24851845018566 25.214951366186142
leaf_count=479 6877 572 37882 1293 1727 16773 45593 7024 42234 1230 340 312 4673 753
internal_value=3.06899e-05 -0.0044196 0.000827904 -0.000448519 0.00155128 -0.00052918 -0.00369404 -0.00899564 0.00224131 -0.000938254 -0.00279821 0.00778101 -0.019092 -0.0203596
internal_weight=22185.3 3352.11 18833.2 6783.78 12049.4 2980.02 3209.98 441.248 9069.39 6418 2768.74 365.781 142.128 129.463
internal_count=167762 59434 108328 40717 67611 23650 53529 7596 43961 39112 45933 1605 5905 5426
is_linear=0
shrinkage=0.03


Tree=134
num_leaves=15
num_cat=0
split_feature=2 2 7 2 4 3 7 2 4 4 5 4 0 7
split_gain=85.9039 31.0109 27.1404 26.5519 30.9946 22.7135 19.1269 17.6562 21.1271 14.8112 11.5787 5.73737 4.26758 0.64534
threshold=0.0024039869930330819 0.0013313840679558082 0.048399561361017633 0.0038915564186724851 0.52187500000000009 -0.49480934052655795 0.15216229982414128 0.003391060834323664 0.39437500000000009 0.40062500000000006 -0.70402934301627973 0.36062500000000003 0.0019432383699117264 0.084856571751616747
decision_type=8 10 8 8 10 10 10 10 8 8 10 10 10 10
left_child=1 11 3 4 -2 -5 10 8 -4 -9 -3 -1 -8 -13
right_child=2 6 7 5 -6 -7 12 9 -10 -11 -12 13 -14 -15
leaf_value=0 -0.00064071382253991628 -0.010512459558528434 -0.0067265452531613231 0.0030542296230495463 -0.0064386618993908899 -0.00085240508163526407 -0.0011343447005715355 0.0053890265746952687 0.00065753774716427558 0.0017940142819676882 -0.0042883069387278953 -0.022790173815767166 0.0082742968613024326 -0.0061648184754872553
leaf_weight=12.354929393157361 2648.126270532608 376.23003370314837 385.31640478223562 2251.7843879908323 1219.2016239874065 3241.6929486393929 51.187772504985332 1261.9158080667257 2916.3953875340521 6287.8399322479963 1248.918932788074 106.90190125256777 101.10650550574064 22.425052683800459
leaf_count=466 22796 8611 3125 10967 11502 15502 600 6123 23589 31159 27069 4813 730 700
internal_value=7.58195e-06 -0.00603837 0.000587305 -0.000591333 -0.00249592 0.000740668 -0.00484991 0.00160917 -0.000203791 0.00240918 -0.0058214 -0.0192497 0.00486721 -0.0209874
internal_weight=22131.4 1919.13 20212.3 9360.81 3867.33 5493.48 1777.44 10851.5 3301.71 7549.76 1625.15 141.682 152.294 129.327
internal_count=167752 42989 124763 60767 34298 26469 37010 63996 26714 37282 35680 5979 1330 5513
is_linear=0
shrinkage=0.03


Tree=135
num_leaves=15
num_cat=0
split_feature=2 1 7 1 2 2 4 2 4 1 1 3 2 1
split_gain=88.1628 35.9787 31.6246 29.1411 31.8658 17.7773 14.1618 12.4305 11.6514 11.5244 8.6156 7.17018 4.6516 4.38427
threshold=0.0023358565281525515 0.23601329327341466 0.014743285150149383 1.9610083703676942 0.0034190409572881493 0.0060445863019311158 0.34812500000000007 0.0027195488069857018 0.55562500000000015 2.2735583090594309 3.2882728992079229 0.52884155083340001 0.0021062118175967973 -0.54406083157108409
decision_type=8 10 8 10 8 10 10 10 10 10 10 10 10 10
left_child=1 8 5 4 -4 7 -3 -2 13 -8 -5 -7 -10 -1
right_child=2 6 3 10 -6 11 9 -9 12 -11 -12 -13 -14 -15
leaf_value=-0.018171107459846157 -0.0098215074514999192 0.01129506250090479 -0.0013723198396591713 0.0043513721069678175 0.0015735620237710241 0.0044429313797805089 -0.0052753813190615662 -0.0026459091248351272 -0.0088404379723618937 0.0029453254085026618 0.011655761861709059 -0.0016291835535707229 0.00014746590599596903 -0.01055266183410288
leaf_weight=214.06253960728645 243.96800902485847 48.966942921280861 4590.9873711932451 935.88360225409269 11600.530792675912 415.39216694235802 777.40869148634374 2172.453560847789 84.297638483345509 173.6637262031436 188.55799651145935 272.08378866314888 86.731334520503879 300.924076911062
leaf_count=9290 3385 644 43111 4317 58620 1758 12635 14704 3380 1335 827 1160 2309 10053
internal_value=1.39625e-05 -0.00655569 0.000562295 0.00106465 0.000734244 -0.00221539 -0.0027988 -0.00343259 -0.0118272 -0.00369684 0.00572108 0.00196483 -0.00419473 -0.0141195
internal_weight=22105.9 1686.05 20419.9 17316 16191.5 3103.9 1000.04 2416.42 686.016 951.072 1124.44 687.476 171.029 514.987
internal_count=167528 39646 127882 106875 101731 21007 14614 18089 25032 13970 5144 2918 5689 19343
is_linear=0
shrinkage=0.03


Tree=136
num_leaves=15
num_cat=0
split_feature=2 1 2 1 0 4 2 4 1 2 4 4 3 1
split_gain=88.1028 51.6334 32.8348 28.258 25.8635 24.367 27.4889 15.6586 15.3078 15.2952 14.5441 12.6084 10.866 8.52774
threshold=0.0032662870358655155 -0.14289894619869994 0.0020882479789558219 -0.7106732758758002 0.010305087018099403 0.57937500000000008 0.0013313840679558082 0.74687500000000007 2.625312181747907 0.0062267357866081985 0.5056250000000001 0.50312500000000016 -0.37723938693605413 1.9610083703676942
decision_type=8 10 10 8 10 8 10 10 10 10 8 8 10 10
left_child=1 2 -1 4 12 6 -3 -4 -7 11 -6 -5 -2 -11
right_child=3 5 7 9 10 8 -8 -9 -10 13 -12 -13 -14 -15
leaf_value=-0.016220616062781523 -0.00018510761021884909 -0.01508080077825895 -0.0055592777729965067 0.0023199444354005572 0.010891328582864974 -0.0063179825879456867 0.00062284467059793883 0.016035214269975551 0.0052841441416253887 0.0035869653438669298 -0.0029913242585194225 6.1315271684487345e-05 -0.0036796314300824879 0.012295106560508771
leaf_weight=286.39176995679736 1750.6184819564223 93.326544046401978 1704.4844135344028 5487.9319700449705 228.3955068513751 930.81072133593261 3359.1931020058692 19.978481037542224 101.56343601644039 2572.6288765817881 81.474377013742924 3830.4035379365087 1530.1690848991275 104.44020131975412
leaf_count=13493 10985 3349 27213 27756 997 9317 31668 322 517 11120 383 20206 9683 586
internal_value=5.96769e-05 -0.00287016 -0.00685761 0.00128564 -0.00103602 -0.0010577 0.000138696 -0.0051835 -0.00507928 0.00198587 0.00707417 0.001399 -0.00183943 0.00399352
internal_weight=22081.8 6495.75 2010.85 15586.1 3590.66 4484.89 3452.52 1724.46 1032.37 11995.4 309.87 9318.34 3280.79 2677.07
internal_count=167595 85879 41028 81716 22048 44851 35017 27535 9834 59668 1380 47962 20668 11706
is_linear=0
shrinkage=0.03


Tree=137
num_leaves=15
num_cat=0
split_feature=2 7 7 2 4 7 7 0 4 2 4 4 2 0
split_gain=70.1607 31.8906 31.0103 28.6746 22.2789 17.7169 15.4841 11.0329 9.38209 8.43704 7.70539 18.6521 7.54393 6.07542
threshold=0.002734849764020508 0.081217329594164875 0.1418067483863894 0.0013313840679558082 0.71187500000000015 0.0042414045773093408 0.10957987532263623 0.007949987447340991 0.63687500000000008 0.0017372338072111071 0.39562500000000006 0.36187500000000006 0.0030863654409954808 -0.003825494058487366
decision_type=8 10 8 10 10 10 10 10 10 10 8 10 8 10
left_child=1 3 4 -1 5 -2 -6 -5 9 -3 11 -4 -12 -10
right_child=2 8 10 7 6 -7 -8 -9 13 -11 12 -13 -14 -15
leaf_value=-0.020836471904616568 -0.0037179157889391259 -0.0068562760779671576 0.0092093587878827512 -0.0059598421197452909 -0.0099857244002520273 0.00074515972736554151 0.0076621914506440963 0.00047815867212294721 0.003598261206914657 0.0022503776466436028 0.012920835433140248 -0.012936262801269261 0.0049015147703852097 -0.011199317938684528
leaf_weight=105.50776968244463 828.39765379205346 90.271972313523293 56.833124935626984 1901.4544630795717 277.63083131611347 16327.402079291642 41.452953450381756 252.81168628297746 21.030170606449246 859.35615121945739 127.94235472381115 58.574083209037781 1040.5960663557053 86.021406680345535
leaf_count=4971 5017 2376 307 38562 2150 93939 234 2318 196 9859 713 383 5325 1410
internal_value=-3.95964e-07 -0.00401867 0.000708577 -0.00602398 0.000372832 0.000524117 -0.00734755 -0.00517788 0.000229842 0.00125975 0.0051936 -0.00168732 0.00593264 -0.0077207
internal_weight=22075.3 3316.45 18758.8 2259.77 17474.9 17155.8 319.084 2154.27 1056.68 949.628 1283.95 115.407 1168.54 107.052
internal_count=167760 59692 108068 45851 101340 98956 2384 40880 13841 12235 6728 690 6038 1606
is_linear=0
shrinkage=0.03


Tree=138
num_leaves=14
num_cat=0
split_feature=2 6 2 1 2 4 2 1 4 5 1 4 2
split_gain=71.1797 32.1692 36.088 22.911 20.7079 17.9511 13.394 11.9972 19.5176 14.3672 7.36517 5.99659 3.19799
threshold=0.0019877204066549993 -0.005288168420757521 0.0033663546919533052 2.3702013067977661 0.010570226405862491 0.66437500000000005 0.0013313840679558082 0.36442101041522451 0.52062500000000012 -1.3071868306466576 -0.26497564792983674 0.36062500000000003 0.0018206385875575389
decision_type=8 8 8 10 10 10 10 10 8 10 10 10 10
left_child=3 7 5 6 -4 -3 11 9 -9 -2 -8 -1 -5
right_child=1 2 4 12 -6 -7 10 8 -10 -11 -12 -13 -14
leaf_value=0 -0.0044118449823567713 -0.0023261568488589001 4.7834073088818665e-05 0 0.0075003998321487332 -0.0086927157103000464 -0.014352956626043028 0.0045739013110933828 -7.1464918935768956e-05 0.0012137142134891524 -0.0059056416338349538 -0.021913068229539045 0.010613596146742168
leaf_weight=11.212516549974678 435.86534854397178 3455.1041474770755 8541.358620069921 49.690126545727253 340.09192463755608 455.1464831251651 147.0300193335861 2370.4538003206253 1198.3094573281705 4538.9385079648346 436.75002707913518 109.59348841384053 35.72402573376894
leaf_count=456 2874 40909 45764 574 1504 5472 7533 12231 6148 29341 9720 5265 218
internal_value=-8.17061e-05 0.000244867 -0.000703726 -0.00886916 0.000348073 -0.0031028 -0.0106649 0.00167131 0.00300149 0.000700935 -0.00834011 -0.019944 0.00488034
internal_weight=22125.3 21335.3 12791.7 790 8881.45 3910.25 704.586 8543.57 3568.76 4974.8 583.78 120.806 85.4142
internal_count=168009 144243 93649 23766 47268 46381 22974 50594 18379 32215 17253 5721 792
is_linear=0
shrinkage=0.03


Tree=139
num_leaves=15
num_cat=0
split_feature=2 1 1 3 2 2 6 1 2 1 2 0 6 6
split_gain=66.0727 45.3236 31.3436 22.6607 19.5641 16.1354 14.2487 13.3263 15.4386 13.2795 10.7722 4.53141 3.96641 2.76939
threshold=0.0025593995991118391 0.24791527374334291 0.74496767310870837 0.48194260161650426 0.0047080774960687015 0.007831627661724792 -0.0025992975639645972 -0.72103091910316175 0.0019736335366390503 3.2882728992079229 0.0016585640722040918 0.0015622758641353764 -0.0010032227797411861 0.0094117098877113409
decision_type=8 10 10 10 8 10 8 10 10 10 10 10 10 10
left_child=1 7 3 6 -5 9 -2 13 -9 -4 12 -12 -3 -1
right_child=2 10 5 4 -6 -7 -8 8 -10 -11 11 -13 -14 -15
leaf_value=-0.015550073454658855 0.0021895456791253859 -0.0011131747811648374 0.001907872523131036 -0.0030945895310894294 0.00048945147668258404 0.0097715921196480527 -0.00018800527775465856 -0.013685546483714919 -0.0037438515874015227 0.010106799803483311 -0.0016427903003901898 0.0019301325545122733 -0.011411810087030162 -0.0015365103249636151
leaf_weight=285.14439126569778 4029.1351097002625 71.289942063391209 4487.9335550218821 3202.8007381036878 2342.1341177821159 270.07669748365879 5077.905434589833 204.72203069552779 524.68801679648459 180.28199626505375 713.19456250406802 560.9625353179872 103.4125288259238 25.807498595677316
leaf_count=11219 24011 2028 21588 24777 10161 1454 33981 9294 11274 777 7874 5793 2911 778
internal_value=4.71728e-05 -0.00454368 0.000635588 -5.75452e-05 -0.00157176 0.00270021 0.000858537 -0.00929672 -0.00676266 0.00225826 -0.00104928 -2.02651e-05 -0.00782194 -0.0146581
internal_weight=22079.5 2489.22 19590.3 14652 5544.93 4938.29 9107.04 1040.36 729.41 4668.22 1448.86 1274.16 174.702 310.952
internal_count=167920 51171 116749 92930 34938 23819 57992 32565 20568 22365 18606 13667 4939 11997
is_linear=0
shrinkage=0.03


Tree=140
num_leaves=15
num_cat=0
split_feature=2 2 7 4 7 6 4 6 0 4 2 7 4 0
split_gain=66.3751 33.0734 25.1333 33.2907 23.3208 19.1782 18.6672 13.4181 13.0008 10.5453 14.9344 7.47547 5.01111 2.36717
threshold=0.0028756279559095919 0.0013313840679558082 0.1418067483863894 0.71187500000000015 0.023659550884582829 -0.0023343275722087493 0.66437500000000005 0.02888105140822184 -0.0024464474587663205 0.41687500000000005 0.0033533321982390737 0.19725015367461723 0.36062500000000003 0.0077285800754378639
decision_type=8 10 8 10 10 10 10 10 10 8 10 8 10 10
left_child=1 12 3 5 7 -2 -6 -3 -5 10 -4 -11 -1 -14
right_child=2 4 9 8 6 -7 -8 -9 -10 11 -12 -13 13 -15
leaf_value=0 0.0017944004815213959 -0.0079158257567353545 -0.010330979268341917 0 -0.00078711361871428292 -0.00025076792612694195 -0.0090904636164784759 0.0078786765440552638 -0.013142389993350365 0.007211694331582052 0.007922678510797811 0.00092898690757512771 -0.020603418820169098 0
leaf_weight=12.287871951237319 7548.2860516123474 877.61802991479635 83.413042090833187 92.913937367498875 2667.5110354907811 8989.9318345040083 261.80553583055735 39.641748957335949 210.67522495239973 861.77875509113073 58.836694374680519 244.30386127531528 111.41666079033166 7.032836601138114
leaf_count=472 40363 17106 507 590 38222 52516 4481 387 1674 4513 281 1159 5393 124
internal_value=2.82597e-05 -0.00347283 0.000802821 0.00049298 -0.00292318 0.000679572 -0.00157803 -0.00709091 -0.00917791 0.0048982 -0.00236242 0.00589853 -0.0178617 -0.0196131
internal_weight=22067.5 3977.31 18090.1 16841.8 3846.58 16538.2 2929.32 917.26 303.589 1248.33 142.25 1106.08 130.737 118.449
internal_count=167788 66185 101603 95143 60196 92879 42703 17493 2264 6460 788 5672 5989 5517
is_linear=0
shrinkage=0.03


Tree=141
num_leaves=15
num_cat=0
split_feature=2 6 2 7 7 2 4 4 7 7 4 4 2 7
split_gain=67.9032 31.0246 32.0924 22.095 20.2078 18.6453 15.4741 18.8372 13.8004 13.4933 7.73189 3.20356 2.06504 1.55907
threshold=0.0019877204066549993 -0.005288168420757521 0.0033663546919533052 0.12483913359018094 0.014051410670454371 0.0013313840679558082 0.47312500000000007 0.42187500000000006 0.093921020462573876 0.023659550884582829 0.35062500000000002 0.36062500000000003 0.0015802097810649572 0.084856571751616747
decision_type=8 10 8 10 8 10 8 10 8 10 10 10 10 10
left_child=5 6 3 -3 -4 11 7 -2 -8 12 -11 -1 -7 -13
right_child=1 2 4 -5 -6 9 8 -9 -10 10 -12 13 -14 -15
leaf_value=0 0.00072298099986342688 -0.003986821025531345 -0.0030347303803799344 0.0018632833479094578 0.00095434231594529126 -0.0035409368617635643 -0.00069361688505477001 0.0046828685317125834 0.0031985383871505698 0.0078745384372365668 -0.0046137545972702015 -0.022628707684727054 -0.015300731534393049 -0.0048119846562966525
leaf_weight=12.07693289965391 2013.4048738703132 3171.7554653659463 1333.6016859412193 689.27620083093643 7529.4329795241356 38.743433486670256 3013.4358405508101 2442.8114925846457 1109.8646246604621 37.24695317260921 438.6216022465378 94.520030471496284 135.26624291855842 20.848094089888036
leaf_count=476 11596 40632 7711 5414 39471 1813 19194 14068 5978 880 10847 4755 4331 697
internal_value=-2.46124e-05 0.000292278 -0.000644288 -0.00292484 0.000344609 -0.00867903 0.00168739 0.00291277 0.000344718 -0.00629368 -0.00337083 -0.0190632 -0.0133432 -0.0205283
internal_weight=22080.9 21303.6 12724.1 3861.03 8863.03 777.323 8579.52 4456.22 4123.3 649.878 475.869 127.445 174.01 115.368
internal_count=167863 144064 93228 46046 47182 23799 50836 25664 25172 17871 11727 5928 6144 5452
is_linear=0
shrinkage=0.03


Tree=142
num_leaves=15
num_cat=0
split_feature=2 7 2 7 4 7 2 5 7 0 4 2 5 7
split_gain=54.8755 22.1463 24.7251 22.0605 14.6072 14.0486 13.7046 10.0389 8.84408 8.63407 7.21563 4.54138 7.74236 5.8746
threshold=0.0023358565281525515 0.1418067483863894 0.0035658219514951802 0.12061692563016281 0.70437500000000008 0.02856738364090957 0.0013313840679558082 0.085952883685498624 0.084856571751616747 0.0091660974063684248 0.40312500000000007 0.0022034277975385235 0.056937644115573581 0.15216229982414128
decision_type=8 10 10 10 10 8 10 10 10 10 10 10 10 8
left_child=3 2 5 6 -4 -2 8 10 -1 -8 -3 12 -5 -13
right_child=1 7 4 11 -6 -7 9 -9 -10 -11 -12 13 -14 -15
leaf_value=-0.020045048386206712 -0.0037844519613376131 -0.00096949254959245159 0.00090338246876814734 -0.00084346806948473675 -0.0066257986091850379 -0.00061923053998580587 -0.0066428004879906617 0.00099192340561628819 0.00027369735173797598 0.0017113403753285558 0.0074074285559634339 -0.012093427838829477 0.010590204880148824 0.0027956975387102307
leaf_weight=97.506175061687827 1787.3564245067537 90.759160000830889 12587.056281894445 88.349436432123184 224.68633180111647 4469.7611298058182 1150.3875996964052 619.07316576316953 16.190273235552013 106.88017861172557 650.71746633574367 28.974408332258463 94.315114233642817 43.493051402270794
leaf_count=5017 18121 577 62048 1180 1482 38959 29805 3446 625 1070 3507 550 1100 368
internal_value=-0.000148944 0.000271509 3.61455e-06 -0.00543735 0.000761595 -0.00153755 -0.00694877 0.003955 -0.0168784 -0.00587737 0.00630297 0.00241382 0.00499191 -0.00317439
internal_weight=22055.5 20429.4 19068.9 1626.1 12811.7 6257.12 1370.96 1360.55 113.696 1257.27 741.477 255.132 182.665 72.4675
internal_count=167855 128140 120610 39715 63530 57080 36517 7530 5642 30875 4084 3198 2280 918
is_linear=0
shrinkage=0.03


Tree=143
num_leaves=12
num_cat=0
split_feature=2 1 2 1 2 0 1 7 0 1 0
split_gain=54.7831 31.9136 38.2837 25.127 24.9808 24.8434 8.37841 6.34871 6.42584 4.53179 3.47028
threshold=0.0014092396667470914 -0.80747704338311976 0.0028455801665946555 2.1836158683276099 0.0030228907372991261 0.0081743192531785764 3.7810991809203216 0.11536603435587876 0.0062625634162445385 1.7338962950319667 -0.004610523665389831
decision_type=8 10 8 10 10 10 10 10 10 10 10
left_child=7 2 10 4 -3 -4 -5 8 9 -1 -2
right_child=1 3 5 6 -6 -7 -8 -9 -10 -11 -12
leaf_value=-0.022623521487876882 0 -0.0016790585737829408 -0.0021369878573971003 0.0040267260035122942 0.0011078787714429062 0.0054531917800797573 0.01238039750786582 0 0 0 -0.011716934026680701
leaf_weight=114.64768596179783 17.322999354451895 3684.2668462991714 3106.6483671069145 991.77856008708477 13207.493393369019 430.39728720486164 126.96393937990069 16.397511785849929 11.229296579957007 12.874809423461555 365.12812491878867
leaf_count=6259 295 50015 21989 4979 69530 2015 597 425 237 325 11396
internal_value=0.000120937 0.000253151 -0.00219262 0.000789659 0.000495835 -0.00118371 0.00512921 -0.0170877 -0.0190418 -0.0208386 -0.0111026
internal_weight=22085.1 21930 3919.5 18010.5 16891.8 3537.05 1118.74 155.149 138.752 127.522 382.451
internal_count=168062 160816 35695 125121 119545 24004 5576 7246 6821 6584 11691
is_linear=0
shrinkage=0.03


Tree=144
num_leaves=15
num_cat=0
split_feature=2 1 1 4 1 2 4 1 5 4 6 0 5 0
split_gain=48.5755 37.2131 27.0388 27.9728 21.9709 20.0826 15.4146 13.8336 15.1861 10.3483 9.49401 8.74061 5.16216 3.25301
threshold=0.0032013059292748292 -0.25547504793460307 3.2882728992079229 0.64687500000000009 -1.4268424186073871 0.0020882479789558219 0.46312500000000006 2.2735583090594309 -1.5605242115668285 0.74437500000000012 -0.009874363255819139 0.0073254301669652975 0.99173844407476974 -0.0052425829219914779
decision_type=8 10 10 10 8 10 10 10 10 10 10 10 10 10
left_child=1 5 3 -3 6 13 11 8 -6 -7 -8 -2 -9 -1
right_child=4 2 -4 -5 7 9 10 12 -10 -11 -12 -13 -14 -15
leaf_value=0 -0.0017311530666746925 -0.00039123816679460951 0.011133947404706617 -0.007905205785117303 -0.0028111749626511377 -0.0050725280321110211 0 0.007280561830459149 0.0012186683530970635 0.012254297970433287 -0.010589178014768167 0.0094471620544953113 -0.00023202649809239562 -0.014922343370572157
leaf_weight=5.8428126424551001 363.91979130730033 3732.158707048744 152.54092704504728 500.17756616510451 878.84714378044009 1334.0989795271307 102.06749568879604 428.43968357145786 13774.943591557443 20.560414781793952 299.46381778642535 65.586977653205395 81.848021477460861 227.01648126542568
leaf_count=167 2146 40876 795 5574 4630 22974 564 1931 72574 330 2377 288 354 11834
internal_value=1.85155e-05 -0.0022851 -0.000839025 -0.00130992 0.000883297 -0.00621147 -0.00382155 0.00114744 0.000971138 -0.00467771 -0.00797228 1.54037e-05 0.00597895 -0.014327
internal_weight=21967.5 5972.4 4384.88 4232.34 15995.1 1587.52 831.038 15164.1 14653.8 1354.66 401.531 429.507 510.288 232.859
internal_count=167414 82550 47245 46450 84864 35305 5375 79489 77204 23304 2941 2434 2285 12001
is_linear=0
shrinkage=0.03


Tree=145
num_leaves=15
num_cat=0
split_feature=2 2 6 1 6 1 2 1 5 2 1 0 2 5
split_gain=50.1857 27.5508 26.2086 22.7955 22.1868 14.0409 9.74484 9.62164 8.42845 8.16886 7.69368 5.24014 2.08462 1.37259
threshold=0.0019877204066549993 0.0064893139797160262 -0.0058003385284512978 -0.795998489005312 0.016988119487024281 1.150230307323705 0.013345541704058437 1.2010392010076487 0.37677730323068237 0.0013313840679558082 2.2735583090594309 0.0056518102358001929 0.0017372338072111071 -0.91127623748215358
decision_type=8 10 8 8 10 10 10 10 10 10 10 10 8 10
left_child=4 2 10 -4 7 6 -3 9 12 -1 -2 -9 -6 -7
right_child=1 5 3 -5 8 13 -8 11 -10 -11 -12 -13 -14 -15
leaf_value=-0.020784495633349328 0.00093829833427745203 0.0015290842415547411 -0.0040186620233400644 -0.00048427293065085846 -0.0081515763611695047 0.0027537479483917045 0.0076553933336405561 0 0.011898543726213727 -0.009401180548477106 0.0051083543521110355 -0.01220070799766442 0.00043700005325517755 0.010232009909534838
leaf_weight=88.593262640759349 6581.5833796728402 2622.180614694953 2013.6658564843237 9052.0191560667008 25.714302657172084 60.696085751056671 256.00638337433338 135.83893847838044 51.20516737177968 378.87790809199214 424.1365782469511 32.160553766414523 47.735021779313684 231.92990043759346
leaf_count=5113 41010 11098 21767 65403 511 326 1143 2128 597 14603 1928 422 499 1230
internal_value=-4.43701e-05 0.000225529 -0.000224447 -0.0011359 -0.00756979 0.00280158 0.0021194 -0.00984094 0.00343364 -0.0120743 0.00120623 -0.00296021 -0.00246734 0.00902139
internal_weight=22002.3 21242.2 18071.4 11065.7 760.125 3170.81 2878.19 635.471 124.654 467.471 7005.72 167.999 73.4493 292.626
internal_count=167778 143905 130108 87170 23873 13797 12241 22266 1607 19716 42938 2550 1010 1556
is_linear=0
shrinkage=0.03


Tree=146
num_leaves=14
num_cat=0
split_feature=2 2 4 5 2 0 2 6 6 0 2 4 4
split_gain=54.8723 20.8347 14.4502 15.3549 12.7805 11.3351 10.8741 11.0556 9.59539 8.30913 5.95355 5.06706 4.73861
threshold=0.0019877204066549993 0.004283565586432057 0.52062500000000012 -1.5605242115668285 0.0013313840679558082 0.0014617338466991205 0.01006235347145863 -0.0024612821938472247 0.010174602068515172 -0.012659548797972984 0.001907142958340269 0.36062500000000003 0.40062500000000006
decision_type=8 8 10 8 10 10 10 8 10 10 10 10 10
left_child=4 2 3 -2 11 -4 7 -3 9 -6 -10 -1 -8
right_child=1 6 5 -5 8 -7 12 -9 10 -11 -12 -13 -14
leaf_value=0 -0.0054282442061218761 0.0021001276742654393 -0.0033310006089064879 0.00046450937145592612 0.004189837504591393 -0.00018394480654521455 0.0090013245186852924 -4.2049119332731939e-05 0.0032111860283960043 -0.009369718049386893 -0.0085055271597839072 -0.018844141135822765 0.0030671625391106424
leaf_weight=11.739327304065226 410.79030630365014 3944.1413542106748 2520.5117758903652 7175.5778459832072 32.783503357321024 1810.249661680311 185.03718046844006 4681.7123413681984 132.39326712489128 427.81372416205704 43.769222695380449 108.14579130709171 532.42030888795853
leaf_count=465 3643 17582 22692 60966 251 14672 865 21199 2154 14993 560 5491 2441
internal_value=-0.000104916 0.000176576 -0.000651485 0.000130801 -0.00799176 -0.00203281 0.00123873 0.000931804 -0.00597288 -0.00820858 0 -0.0169675 0.0047828
internal_weight=22017.1 21260.4 11917.1 7586.37 756.645 4330.76 9343.31 8625.85 636.76 460.597 176.162 119.885 717.457
internal_count=167974 144060 101973 64609 23914 37364 42087 38781 17958 15244 2714 5956 3306
is_linear=0
shrinkage=0.03


Tree=147
num_leaves=14
num_cat=0
split_feature=2 2 1 1 7 2 1 2 1 7 3 6 0
split_gain=51.7414 27.4053 37.9687 25.5715 21.6178 15.6235 13.124 11.8631 10.5346 9.74364 5.77801 4.12104 0.933662
threshold=0.0019877204066549993 0.0037798306691608631 -0.68031260900575952 2.1836158683276099 0.032164933426428899 0.013345541704058437 1.1012185922268034 0.0026088958670837099 -0.09463883693309702 0.048859740235530767 -1.1544540469430762 -0.0073501681634677843 0.005000613336002103
decision_type=8 8 10 10 10 10 10 10 10 10 10 10 10
left_child=3 2 7 8 -4 6 -3 -2 12 -5 -10 -7 -1
right_child=1 5 4 9 -6 11 -8 -9 10 -11 -12 -13 -14
leaf_value=-0.016139781034975809 -0.011283400238796084 0.00064133211729028717 -0.0026148588164866637 -0.0059759472592049402 0.00089262193539207382 0.0024325527619956846 0.0035713801578943515 -0.0039929424188537409 0.006956613263494173 0.011565459230863193 -0.0075727017167392689 0.010945738665983121 0
leaf_weight=196.22833535261452 257.51434791274369 10230.785065948963 2205.5819433946162 31.601469619199634 5502.8837784081697 109.36937057971954 1600.5115241631866 1180.3478313460946 14.231026601977645 69.722842620685697 427.80309842247516 175.60587941110134 5.3926059100776902
leaf_count=11301 7804 49574 20624 412 43195 540 7145 14458 348 583 10891 784 203
internal_value=8.12431e-06 0.000284755 -0.000950597 -0.00770697 -0.000105269 0.00122226 0.00104545 -0.00540898 -0.00993189 0.00551023 -0.00682866 0.00807514 -0.0158077
internal_weight=22007.6 21262.6 9146.33 744.979 7708.47 12116.3 11831.3 1437.86 643.655 101.324 442.034 284.975 201.621
internal_count=167862 144124 86081 23738 63819 58043 56719 22262 22743 995 11239 1324 11504
is_linear=0
shrinkage=0.03


Tree=148
num_leaves=15
num_cat=0
split_feature=2 6 7 2 2 7 0 0 7 0 7 3 0 0
split_gain=46.0386 24.9078 28.0243 25.0458 21.7954 17.3136 13.1385 9.77173 11.8246 8.39909 7.75215 2.75166 2.43164 2.22064
threshold=0.0019877204066549993 -0.005288168420757521 0.026621410940203611 0.0033663546919533052 0.0043497958137187591 0.023659550884582829 0.012888053921045752 0.0044259112385637298 0.07647498328092911 -0.0021729698817943284 0.0025935389726033649 -0.35651560067332899 0.0081743192531785764 -0.012659548797972984
decision_type=8 8 8 8 10 10 10 10 10 10 8 10 10 10
left_child=5 6 4 -4 -3 12 10 9 -9 -7 -2 -8 13 -1
right_child=1 2 3 -5 -6 7 11 8 -10 -11 -12 -13 -14 -15
leaf_value=0 -0.0038613675922912335 -0.0049705293483628199 -0.0020012731993458944 0.0013463754893695665 -9.2563935732633103e-05 -0.00031980608634414414 0.0031787997164944505 0.012289442886102668 -0.0040042209082584808 -0.0097991259532040961 0.0014821448344073814 0.011687404696029474 0 -0.016200043986838875
leaf_weight=7.3097930103540412 236.71142335049808 1942.4887787848711 2929.3976473938674 6331.3765205293894 1471.6262309476733 142.9048206936568 90.39288167655468 53.540403746068478 93.051215594634414 259.47969405539334 8077.4950097557157 126.37116648256779 7.6656571831554166 178.72282901220024
leaf_count=63 1515 20592 33109 32839 6727 3020 402 944 1046 10933 48147 558 108 7709
internal_value=7.28772e-06 0.000268688 -0.000571287 0.000279948 -0.00289186 -0.00728125 0.00152291 -0.00426016 0.00196841 -0.00666748 0.00131835 0.00870047 -0.0149195 -0.0155711
internal_weight=21948.5 21205.9 12674.9 9260.77 3414.12 742.674 8530.97 548.976 146.592 402.385 8314.21 216.764 193.698 186.033
internal_count=167712 143889 93267 65948 27319 23823 50622 15943 1990 13953 49662 960 7880 7772
is_linear=0
shrinkage=0.03


Tree=149
num_leaves=12
num_cat=0
split_feature=2 6 7 2 2 0 7 7 0 7 0
split_gain=44.0512 32.0377 22.8042 26.0291 19.8011 13.9937 13.2482 4.41303 0.190853 0.148494 0.0644986
threshold=0.0013313840679558082 -0.0048010771133695221 0.026621410940203611 0.0047391103548127568 0.010570226405862491 0.012453430536371603 0.0029134543953739218 0.1129829735010431 0.0023033078868387462 0.032164933426428899 0.0043178310826815789
decision_type=8 8 8 10 10 10 8 10 10 10 10
left_child=7 5 3 -3 -4 6 -2 8 -1 -7 -10
right_child=1 2 4 -5 -6 9 -8 -9 10 -11 -12
leaf_value=-0.021759410672182729 -0.0051843651355783183 -0.0050439267121672807 -0.00048934364588979569 0.00030568570854323665 0.0089173341832207813 0.0039945264188635298 0.0012924424317291737 0 0 0.009526863934572494 -0.0066448509130018554
leaf_weight=82.099063358269632 281.18541064858437 2249.2186361597851 9246.8190367883071 1250.0134410113096 195.48923519253731 73.69476630538702 8399.6979658249766 13.938017423264681 8.4922871887683886 167.44331308454275 11.148552959784864
leaf_count=4795 1986 26721 72531 5477 887 323 53309 417 427 742 313
internal_value=-0.000202593 -9.79848e-05 -0.00105374 -0.00312039 -0.000279016 0.00128126 0.00107002 -0.0179156 -0.0199135 0.00830141 -0.00543555
internal_weight=21979.2 21863.6 12941.5 3499.23 9442.31 8922.02 8680.88 115.678 101.74 241.138 19.6408
internal_count=167928 161976 105616 32198 73418 56360 55295 5952 5535 1065 740
is_linear=0
shrinkage=0.03


Tree=150
num_leaves=15
num_cat=0
split_feature=2 1 2 1 1 1 5 4 7 4 7 7 0 4
split_gain=46.3375 32.9328 26.4567 26.4806 17.7272 12.9171 6.81508 5.50498 4.81991 4.33619 3.88853 3.43428 2.75851 2.53568
threshold=0.0017639783319164475 2.2735583090594309 0.0032543807002979523 -0.14289894619869994 -1.4268424186073871 1.2010392010076487 1.0083954554713952 0.65187500000000009 0.077750666945984523 0.67187500000000011 0.037807155162892299 0.15535315416955706 0.00031646683605668363 0.3731250000000001
decision_type=8 10 8 10 8 10 10 10 10 10 10 10 10 10
left_child=5 2 3 -2 -4 7 9 11 -8 -3 -7 -1 -9 -12
right_child=1 6 4 -5 -6 10 8 12 -10 -11 13 -13 -14 -15
leaf_value=-0.015189065743027233 -0.0048516198693095937 0.0073147016285745256 -0.0036983893360133355 -0.0003747911688432635 0.0008123052642440479 -0.0082638090947067255 -0.0051146577627464301 -0.0079200835002293732 0.0051200850522332558 0 0.0097096168395104342 0 0.0064788151247693786 -0.00016842614028206678
leaf_weight=252.77258408535272 1791.9166422747076 742.38763709366322 815.78741838410497 3601.1367344558239 14378.532397635281 34.098850814625621 79.39526778459549 12.720204724930229 66.277954049408436 84.597269549965858 19.98662867769599 6.8035084325820199 15.19295184034854 58.247503951191902
leaf_count=12813 33031 3541 5239 33386 75069 815 382 675 294 387 300 148 751 997
internal_value=-7.83285e-06 0.000179305 -7.38851e-05 -0.00187961 0.000563905 -0.0100036 0.00554562 -0.0132944 -4.28885e-05 0.00659047 -0.000692867 -0.0146089 0 0.00248956
internal_weight=21959.9 21560 20587.4 5393.05 15194.3 399.822 972.658 287.489 145.673 826.985 112.333 259.576 27.9132 78.2341
internal_count=167828 151329 146725 66417 80308 16499 4604 14387 676 3928 2112 12961 1426 1297
is_linear=0
shrinkage=0.03


Tree=151
num_leaves=15
num_cat=0
split_feature=2 2 7 4 1 4 7 4 2 4 4 4 7 0
split_gain=46.5082 25.6176 27.5814 18.8733 18.3247 17.0175 16.7758 15.4863 28.4723 10.2697 7.68144 2.13689 2.95419 2.77306
threshold=0.0019877204066549993 0.0038915564186724851 0.042122279824431792 0.52187500000000009 0.029466880634103073 0.65187500000000009 0.022934408192539373 0.47187500000000004 0.0073433263091247031 0.32687500000000008 0.35562500000000002 0.63687500000000008 0.011642598996733792 0.004537150141502245
decision_type=8 8 10 10 10 10 10 10 10 8 10 10 10 10
left_child=4 2 3 -2 11 -4 -6 9 -9 -3 -8 13 -13 -1
right_child=1 7 5 -5 6 -7 10 8 -10 -11 -12 12 -14 -15
leaf_value=-0.016620662364282179 -0.0015421460271420615 -0.0032544331290975215 0.00090032433870462498 -0.0061312755367449734 -0.014260264082944452 -0.0035734134800605132 0.010092604086803443 -0.0010631454421399758 0.006166879093518836 0.0022909350828240909 -0.0025602866604352275 0.0067574164798147578 -0.0081272446074527639 0
leaf_weight=185.97870959620923 2627.0796319488436 298.50605541467667 5196.2780094202608 1196.6858218275011 104.5024152752012 885.1638704109937 37.822458010166883 4218.2182780504227 543.86880113184452 6238.4007874131203 367.53870360460132 5.4270959179848459 24.997197134420276 8.4657847853377444
leaf_count=10830 26657 1475 43389 12989 2869 7566 648 20547 2388 28969 7463 320 1393 315
internal_value=-0.000158182 9.77818e-05 -0.00101226 -0.00300626 -0.00752792 0.000234517 -0.00407182 0.00107623 -0.000213653 0.00202396 -0.00102069 -0.0146018 -0.00297305 -0.0158934
internal_weight=21938.9 21204.2 9905.21 3823.77 734.732 6081.44 509.864 11299 4762.09 6536.91 405.361 224.869 30.4243 194.444
internal_count=167818 143980 90601 39646 23838 50955 10980 53379 22935 30444 8111 12858 1713 11145
is_linear=0
shrinkage=0.03


Tree=152
num_leaves=15
num_cat=0
split_feature=7 6 4 6 6 6 3 5 7 3 4 3 7 0
split_gain=22.8589 25.855 16.2696 18.293 15.2632 13.8959 12.8999 11.7818 11.6956 10.3979 9.83 6.93302 5.69438 5.58478
threshold=0.048399561361017633 0.040119544359224164 0.67812500000000009 -0.0019597201715431107 -0.0037127266891614492 0.0076256006763735238 -0.35651560067332899 -1.382613082901335 0.18639821573072798 -1.1345929961152035 0.52062500000000012 0.25428348453315602 0.10957987532263623 -0.01616312885097498
decision_type=8 10 10 10 10 10 10 10 8 10 10 10 10 8
left_child=1 4 7 11 10 -6 9 13 -9 -3 -1 -4 -5 -2
right_child=2 6 3 12 5 -7 -8 8 -10 -11 -12 -13 -14 -15
leaf_value=0.00080237153796945888 0.0031641200683936986 2.4629741084734965e-05 0.0054631196668125329 -0.010601016354974322 -0.0043218845327076833 -0.0011405814098259216 0.00055208861671052721 0.0012851530272237658 0.0070504086451057667 0.012763994133760741 -0.0022704792090152744 -0.0025844814208950176 -0.0024352967952559652 -0.0030897946317127068
leaf_weight=3011.80016813986 136.49940872937441 91.701857257634401 184.10895662475377 241.96161571610719 2270.6693736612797 2868.4377414453775 353.4428705945611 9772.672038692981 323.68851684778929 206.2544678337872 1344.2680628569797 171.88744554296136 153.13274562545121 766.43264742381871
leaf_count=21518 633 434 1326 2412 30869 20357 1637 68237 1730 967 9477 1152 1101 5685
internal_value=-8.91314e-06 -0.00105416 0.000888698 -0.00333465 -0.00145711 -0.00256353 0.00466198 0.00118531 0.00148272 0.00916616 -0.000135186 0.00144907 -0.00772246 -0.00205434
internal_weight=21897 10146.6 11750.4 751.091 9495.18 5139.11 651.399 10999.3 10096.4 297.956 4356.07 355.996 395.094 902.932
internal_count=167535 85259 82276 5991 82221 51226 3038 76285 69967 1401 30995 2478 3513 6318
is_linear=0
shrinkage=0.03


Tree=153
num_leaves=14
num_cat=0
split_feature=1 6 0 0 5 6 4 1 5 0 4 4 5
split_gain=33.9332 24.6729 21.1194 32.4185 13.5142 10.6621 10.5557 10.2515 6.94723 6.79405 6.22068 5.68747 2.61543
threshold=1.8385319234672457 -0.0051277273759966482 0.0014091612785355203 -0.0026704602486051772 -1.3071868306466576 0.066047323932674665 0.47312500000000007 3.7810991809203216 0.48359490808868205 -0.010239097130758988 0.52187500000000009 0.68312500000000009 -0.28952165484684644
decision_type=10 8 10 8 10 8 8 10 10 10 10 8 10
left_child=1 4 3 -3 11 -4 -6 8 10 -10 -2 -1 -9
right_child=7 2 5 -5 6 -7 -8 12 9 -11 -12 -13 -14
leaf_value=-0.0036482806589117054 0.0062198974083356902 0 -0.00045291268249271217 -0.0049288098045781933 0.0024337373512432967 0.0044607666469107131 0.00011798259863015324 0.0050959020624524358 -0.0076142135722549647 0.0017651688580485427 0.0013970859983737907 0.0059463771342048201 0.016351011846932311
leaf_weight=685.18923568259925 712.14469252899289 2204.789330707863 6944.1309114871547 2679.0238705035299 3822.3277924358845 410.60269036144018 3402.2666174657643 69.0812550149858 74.109028283506632 387.43035885132849 426.74673400074244 47.066128732636571 67.637030120939016
leaf_count=4463 3915 15398 51595 38201 24575 1851 22250 338 363 2113 2143 304 331
internal_value=1.55222e-06 -0.000342548 -0.00118985 -0.00271781 0.000953019 -0.000164759 0.00135315 0.00401533 0.0032432 2.34888e-06 0.00449289 -0.00287894 0.0118079
internal_weight=21932.5 20195.4 12238.5 4883.81 7956.85 7354.73 7224.59 1737.15 1600.43 461.539 1138.89 732.255 136.718
internal_count=167840 158637 107045 53599 51592 53446 46825 9203 8534 2476 6058 4767 669
is_linear=0
shrinkage=0.03


Tree=154
num_leaves=12
num_cat=0
split_feature=2 7 2 4 5 4 7 4 7 7 4
split_gain=41.2455 23.0437 27.2433 23.2013 17.2749 7.41784 13.1401 7.66271 2.9061 0.722609 0.132412
threshold=0.0013313840679558082 0.094813598781161884 0.0033195604135832185 0.32687500000000008 -0.91127623748215358 0.33062500000000006 0.13299988772034707 0.43687500000000007 0.084856571751616747 0.1193005885243666 0.41437500000000005
decision_type=8 8 10 8 10 8 10 8 10 10 8
left_child=8 2 4 -4 -2 6 -3 -7 -1 10 -10
right_child=1 5 3 -5 -6 7 -8 -9 9 -11 -12
leaf_value=-0.02029607813114763 -0.0063876928898692602 -8.1055144272761099e-05 -0.0080322607368605581 0.0004122119593591267 -0.0016211445091909792 -0.00038875807565785889 0.018187690666596153 0.0022088524659935756 0.0024618583945313021 -0.0071561190172268994 -0.00090622681598563463
leaf_weight=86.196393232792616 842.03265306260437 61.788081331178546 290.10479593276978 11535.696746364236 3916.5014434335753 1348.1966278972104 56.773811548948288 3760.2800574479625 7.3224230632185945 11.144175096414981 7.2709120614454159
leaf_count=5055 11849 355 1514 61031 54559 9389 287 22804 283 302 320
internal_value=-0.000123433 -2.33977e-05 -0.000573641 0.000193376 -0.0024888 0.00170872 0.00893455 0.00151217 -0.0175236 -0.00347859 0
internal_weight=21923.3 21811.4 16584.3 11825.8 4758.53 5227.04 118.562 5108.48 111.934 25.7375 14.5933
internal_count=167748 161788 128953 62545 66408 32835 642 32193 5960 905 603
is_linear=0
shrinkage=0.03


Tree=155
num_leaves=12
num_cat=0
split_feature=2 1 1 2 1 0 0 4 6 3 0
split_gain=35.1255 25.6043 21.6827 20.5366 10.0094 9.53022 4.45376 2.68534 1.82119 1.22623 2.27511
threshold=0.0014092396667470914 3.2882728992079229 -1.5125736617201679 0.0037798306691608631 1.2837810836613726 -0.0099134581636119972 0.0056518102358001929 0.35562500000000002 0.005098681972713238 1.1463463474855231 -0.014230892624115086
decision_type=8 10 8 10 10 10 10 10 10 10 10
left_child=4 2 5 -4 6 -2 7 -1 -6 10 -3
right_child=1 9 3 -5 8 -7 -8 -9 -10 -11 -12
leaf_value=0 0.0079129174385756777 0.0049239623038352508 -0.00095416498631128836 0.00094265906796682465 0.0045113330506630833 -0.005841954859573768 0 -0.021434194791045216 -0.0063670709139874923 0.0038069201911819645 0.014213402101835722
leaf_weight=6.0374073572456828 36.193756200373173 83.119208060204983 9369.3767734626308 11334.335895046592 20.303367648273706 730.69955020956695 5.0092156883329144 92.733353733085096 15.21811901964247 77.903184723109007 101.12850100919604
leaf_count=321 159 388 97974 53989 559 6994 146 5896 311 368 498
internal_value=-8.4192e-05 1.26678e-05 -0.000100427 8.13166e-05 -0.0145861 -0.00502206 -0.0189301 -0.0202905 0 0.00915915 0.0108008
internal_weight=21872.1 21732.8 21470.6 20703.7 139.301 766.893 103.78 98.7708 35.5215 262.151 184.248
internal_count=167603 160370 159116 151963 7233 7153 6363 6217 870 1254 886
is_linear=0
shrinkage=0.03


Tree=156
num_leaves=15
num_cat=0
split_feature=2 1 2 2 7 6 7 1 3 5 1 2 6 2
split_gain=39.1034 22.6559 27.1832 18.9387 18.2616 16.9392 15.1532 14.3803 9.65914 8.03438 3.32384 2.14032 0.712871 1.25548
threshold=0.0019877204066549993 -0.80747704338311976 0.0065673277622668074 0.0042240118865713439 0.10850375647253933 -0.012210907408316094 0.023659550884582829 0.32839982684432778 -0.37723938693605413 -1.4086963361635039 2.3702013067977661 0.0014092396667470914 0.017407800205788252 0.0019546629117876799
decision_type=8 8 10 10 8 10 10 10 10 10 10 10 10 10
left_child=6 3 4 5 -3 -2 12 11 -5 -4 -9 -8 13 -1
right_child=1 2 9 8 -6 -7 7 10 -10 -11 -12 -13 -14 -15
leaf_value=-0.015230966963797483 0.0024188443308395644 -0.000287330998375929 -0.0019712779953896639 0.0018034836594387786 0.0022105505842137455 -0.0057780409124695243 -0.017322606015661504 -0.001825059809264127 -0.0021911258912337933 0.0043398315327120374 0.0049366640939398961 -0.007029486732153846 0 0
leaf_weight=165.27176120318472 257.39888130314648 11926.263939276338 179.65611888468266 1168.6892418265343 3361.977162912488 1295.3173150513321 42.811417890712619 276.46994506847113 1002.273030102253 2056.9318296611309 73.866573182865977 141.98268100339919 7.2699909824877968 11.912422755733131
leaf_count=7406 2226 83346 800 5624 18965 19375 2995 5480 4854 9130 645 6656 133 336
internal_value=2.50695e-05 0.000262149 0.000716319 -0.00185545 0.000259132 -0.00437404 -0.006801 -0.00394767 -1.47966e-05 0.00379966 -0.000135439 -0.010489 -0.0141417 -0.0145321
internal_weight=21968.1 21248.5 17524.8 3723.68 15288.2 1552.72 719.585 535.131 2170.96 2236.59 350.337 184.794 184.454 177.184
internal_count=167971 144320 112241 32079 102311 21601 23651 15776 10478 9930 6125 9651 7875 7742
is_linear=0
shrinkage=0.03


Tree=157
num_leaves=12
num_cat=0
split_feature=1 3 6 7 5 4 7 7 6 5 7
split_gain=27.251 20.9966 23.4763 15.4566 12.3453 10.5547 10.6422 10.1988 3.12905 4.61457 2.33298
threshold=3.2882728992079229 -0.64400362141591383 -0.005288168420757521 0.094813598781161884 0.84096832325030879 0.63687500000000008 0.15216229982414128 0.11188711026338242 0.038604001413766305 0.12402228811038582 0.073196532339771039
decision_type=10 10 8 8 8 10 10 10 10 10 10
left_child=1 5 4 -4 -3 6 -1 -7 9 10 -2
right_child=8 2 3 -5 -6 7 -8 -9 -10 -11 -12
leaf_value=0.0013804095555410205 0.0037580820671982229 0.0014338644857253609 -0.0024446444356285043 0.00052624721574849305 -0.0021602468300970222 -0.0034236792342359334 0.0072385600986052921 0.0038537948352846494 0.015883754044675156 0 0.013831285735764356
leaf_weight=6220.6252972595394 73.192020393908024 4589.775386438705 6511.6346854558215 2033.4576647514477 1037.9351737890393 727.80280495993793 289.40814302675426 210.83979088068008 61.948805332183838 68.803333088755608 64.593246426433325
leaf_count=49192 387 28657 58261 13850 6720 6735 1801 1329 262 364 313
internal_value=5.89464e-05 -5.8382e-05 -0.000738645 -0.00173087 0.000757693 0.00122718 0.00166074 -0.00170236 0.00938408 0.00651465 0.00950273
internal_weight=21890 21621.5 14172.8 8545.09 5627.71 7448.68 6510.03 938.643 268.537 206.589 137.785
internal_count=167871 166545 107488 72111 35377 59057 50993 8064 1326 1064 700
is_linear=0
shrinkage=0.03


Tree=158
num_leaves=15
num_cat=0
split_feature=2 1 2 1 4 1 4 0 2 5 0 4 4 3
split_gain=31.7961 25.6003 24.4771 22.3681 19.7165 10.0958 8.49936 4.28674 3.53067 3.20727 5.252 2.10233 3.29232 0.299597
threshold=0.0017639783319164475 2.7922668467689333 0.0035814386601532833 -0.99293426889450409 0.70437500000000008 0.90704947598756325 0.64187500000000008 0.0046465923884769786 0.0016991413525182368 1.1135758388522234 -0.0081932469486684072 0.3731250000000001 0.47062500000000002 0.57665754317916784
decision_type=8 10 8 10 10 10 10 10 10 10 10 10 10 10
left_child=5 2 3 -2 -4 6 7 -1 -8 10 -3 13 -13 -7
right_child=1 9 4 -5 -6 11 8 -9 -10 -11 -12 12 -14 -15
leaf_value=-0.015107373371218867 -0.0065690388027581006 0.0040663199822778178 0.00096993761254496205 -0.00080424946356767333 -0.0078417872399223799 0.0057915093106897138 0.0078218945986022748 0 -0.0087084771514616723 0 0.011575677309478585 -0.0075233664047467301 0.0019249308409384793 0
leaf_weight=201.03776633087546 657.99981812760234 230.78710842132568 12991.037862978876 7146.8845322616398 221.40863483399153 15.712131325155495 22.165944518521432 15.696449258364735 6.679325094446539 65.041053920984268 194.46613898873329 66.893211400136352 38.418990563601255 19.60668657720089
leaf_count=11532 12523 1058 63755 71229 1460 316 1227 470 335 290 918 1441 869 366
internal_value=2.71677e-05 0.000184949 2.24232e-05 -0.00130572 0.000811918 -0.00839098 -0.0119853 -0.0139792 0.00119312 0.00689228 0.00782522 -0.00133697 -0.00368818 0.00361668
internal_weight=21893.8 21507.6 21017.3 7804.88 13212.4 386.211 245.579 216.734 28.8453 490.294 425.253 140.631 105.312 35.3188
internal_count=167789 151233 148967 83752 65215 16556 13564 12002 1562 2266 1976 2992 2310 682
is_linear=0
shrinkage=0.03


Tree=159
num_leaves=15
num_cat=0
split_feature=2 2 2 7 4 2 7 0 4 4 5 7 2 3
split_gain=33.7463 16.9022 16.797 17.6537 27.8053 14.6072 13.5727 9.36141 8.36862 8.10527 7.35815 3.87379 4.30239 1.24872
threshold=0.0023358565281525515 0.0013313840679558082 0.01006235347145863 0.079770124052300051 0.32687500000000008 0.0026811221100681462 0.12061692563016281 0.0084137111099452672 0.39312500000000006 0.42562500000000009 0.056937644115573581 0.043015841358295753 0.0011258670578612672 0.25428348453315602
decision_type=8 10 10 10 8 8 10 10 10 10 10 10 8 10
left_child=1 11 3 4 -2 -5 7 -3 13 -10 -8 -1 -13 -4
right_child=2 6 8 5 -6 -7 10 -9 9 -11 -12 12 -14 -15
leaf_value=-0.0218164520793773 -0.0090803494051437377 -0.0054190349674445816 0.013975746197939551 0.0067195915606386757 -0.00017622436593184824 0.0011098883253167937 -0.0018456814954427503 0.0028662317822073088 -0.003630394955218318 0.0048182828294114121 0.0080036553683042518 4.1568337636575808e-05 -0.013419869782068914 0.0050963506273460539
leaf_weight=48.853238918818533 314.1128082703799 1094.4773089271039 87.720612198114395 447.56978537514806 13032.145573895425 5827.6084389351308 119.038907607086 121.87220364436507 116.47746998071671 434.88772109895945 122.71480108611286 29.97327561955899 27.681834241375327 70.031249433755875
leaf_count=3180 2218 29668 416 4581 86137 31796 1524 1266 532 2009 1385 1465 1291 342
internal_value=5.47457e-05 -0.00417321 0.000384965 0.00021661 -0.000396923 0.00152959 -0.0032172 -0.00452336 0.00489213 0.00289372 0.00303487 -0.0153465 -0.00656305 0.0109303
internal_weight=21895.2 1564.61 20330.6 19621.4 13346.3 6275.18 1458.1 1216.35 709.117 551.365 241.754 106.508 57.6551 157.752
internal_count=167810 39779 128031 124732 88355 36377 33843 30934 3299 2541 2909 5936 2756 758
is_linear=0
shrinkage=0.03


Tree=160
num_leaves=11
num_cat=0
split_feature=2 1 2 3 1 1 1 3 2 5
split_gain=29.9102 27.9291 24.0986 17.2461 14.5252 7.70356 5.15187 4.43362 2.55306 0.0688673
threshold=0.0013313840679558082 2.1836158683276099 0.0023358565281525515 -0.22004634494646078 -0.56290049079137139 3.7810991809203216 1.2837810836613726 1.1536004835464164 0.0011258670578612672 -0.22957369767728805
decision_type=8 10 8 10 10 10 10 10 10 8
left_child=6 2 4 -4 -2 7 -1 -3 -8 -7
right_child=1 5 3 -5 -6 9 8 -9 -10 -11
leaf_value=-0.018784710463577763 -0.010950814618384791 0.0044295206071260883 0.0011952519719121647 -0.00059456109819760506 -0.0024154547563689402 0.0064127167460468915 0.0047951945745096126 -0.0017129083565358152 -0.0086363987734097859 0.014720140125586392
leaf_weight=77.381096595898271 219.19162278342992 894.62218681722879 9109.62743620947 10286.901984237134 1041.5053826319054 67.253593679517508 13.511834524571897 99.344352725893259 13.980042301118372 64.074607040733099
leaf_count=5226 10287 4497 59149 64667 22191 316 364 503 349 297
internal_value=0.000149706 0.00023283 -1.60439e-05 0.00024312 -0.00402118 0.0048142 -0.0151105 0.00374489 -0.000916395 0.0116452
internal_weight=21887.4 21782.5 20657.2 19396.5 1260.7 1125.29 104.873 993.967 27.4919 131.328
internal_count=167846 161907 156294 123816 32478 5613 5939 5000 713 613
is_linear=0
shrinkage=0.03


Tree=161
num_leaves=9
num_cat=0
split_feature=2 1 1 2 0 2 1 4
split_gain=35.0175 22.8071 19.6887 21.7203 17.111 12.0298 4.36889 1.05887
threshold=0.0013313840679558082 -1.4268424186073871 3.7810991809203216 0.0029311035973404779 0.0073254301669652975 0.0035814386601532833 1.4477018921011204 0.40937500000000004
decision_type=8 8 10 8 10 10 10 10
left_child=6 4 3 -3 5 -2 -1 -8
right_child=1 2 -4 -5 -6 -7 7 -9
leaf_value=-0.020003738324812646 -0.012021798425925269 -0.0018969728772030483 0.011338211395042137 0.00058688612344986297 0.0064516439785266486 -0.0036240210947120783 0.0014227002716084736 -0.006715979005910964
leaf_weight=78.882035855203867 216.33369439002126 3890.4137798836455 131.86850090697408 16810.925533656031 101.07783312723041 646.52609652280807 12.121894121170046 12.343757804483174
leaf_count=5324 4701 59440 620 92769 483 3880 274 336
internal_value=-0.000100345 -1.10993e-05 0.00019582 0.000116506 -0.00450087 -0.00591183 -0.0167322 -0.00169988
internal_weight=21900.5 21797.1 20833.2 20701.3 963.938 862.86 103.348 24.4657
internal_count=167827 161893 152829 152209 9064 8581 5934 610
is_linear=0
shrinkage=0.03


Tree=162
num_leaves=15
num_cat=0
split_feature=1 5 7 4 4 1 4 0 7 0 5 1 6 7
split_gain=22.4636 14.643 13.6771 13.9314 13.5135 15.5688 10.6199 10.1612 7.49219 6.55356 5.18448 4.27247 4.19732 3.91951
threshold=1.3466660082386379 -1.2155316303081753 0.09753557154896754 0.53437500000000016 0.66687500000000011 -1.5452823894028416 0.74937500000000012 0.011318902850639192 0.14653798625209205 0.021500853054360339 -1.6330907855317907 -0.61122106268764564 0.060903767619051592 0.16751948955608281
decision_type=10 10 10 8 10 8 10 10 8 10 10 10 10 10
left_child=1 8 3 7 5 -3 -6 -2 11 -5 -10 -1 13 -4
right_child=2 4 12 9 6 -7 -8 -9 10 -11 -12 -13 -14 -15
leaf_value=-0.0055017324455400246 0.0039921195558706608 -0.0047025502788473408 0.0044851021446838642 -0.0045085257245338793 -0.0036720714220754027 0.00034301679156328857 0.0092059991479605512 -0.0014656252890119636 -0.00086705051187794819 0.0042299285279445153 0.010823100902462929 -0.0022253371515438135 0 0.009679889685540545
leaf_weight=561.689911483787 1036.5609259288758 560.68882938381284 764.55985371768475 475.16613297723234 1214.458812543191 14919.576516218483 48.659522151574492 409.0512653850019 58.449587630107999 76.740402579307556 48.966980621218681 1364.0096600288525 139.92413266003132 204.27863759547472
leaf_count=5613 6540 5265 3857 2763 11325 116768 509 2029 370 341 338 10395 595 976
internal_value=5.14219e-06 -0.000383411 0.00236677 0.000838521 -8.70796e-05 0.000153477 -0.00306042 0.00240711 -0.00278206 -0.00313304 0.00441894 -0.00323548 0.00503429 0.00572942
internal_weight=21882.8 18776.5 3106.28 1997.52 16743.4 15480.3 1263.12 1445.61 2033.12 551.907 107.417 1925.7 1108.76 968.838
internal_count=167684 150583 17101 11673 133867 122033 11834 8569 16716 3104 708 16008 5428 4833
is_linear=0
shrinkage=0.03


Tree=163
num_leaves=15
num_cat=0
split_feature=2 1 2 4 7 2 0 1 4 4 4 2 7 4
split_gain=31.737 23.9479 27.5006 21.5355 23.8128 17.2633 11.4592 9.24033 7.8851 4.98503 3.13276 2.69919 2.61949 1.79507
threshold=0.0017639783319164475 -0.73181136835468374 0.0026088958670837099 0.71187500000000015 0.10957987532263623 0.0064893139797160262 0.010305087018099403 1.2010392010076487 0.59812500000000013 0.65187500000000009 0.36187500000000006 0.0013313840679558082 0.061763097590317069 0.47062500000000002
decision_type=8 8 10 10 10 10 10 10 10 10 10 10 10 10
left_child=7 2 8 5 -5 -3 -4 9 -2 11 -9 -1 -11 -12
right_child=1 3 6 4 -6 -7 -8 10 -10 12 13 -13 -14 -15
leaf_value=-0.018898150417445397 -0.013999551182298684 0.00045064520878299421 -0.0016732191926401127 -0.011579363882363237 0.0053608160069850384 0.003281048186400271 0.0043405518296498798 0.0078090540869467069 0 0.006360791054148409 -0.0059940217392903125 -0.0089680340117439198 -0.0080878356596728925 0.0011770826739840136
leaf_weight=70.674091320484877 196.35402666497976 14724.629330310971 3673.1933052614331 244.03026223927736 93.313943896442652 2240.9682250991464 294.87174855917692 17.697558077052236 54.079226187430322 17.738950000144545 66.214960305020213 167.30949146300554 8.8835429903119785 28.692236600443721
leaf_count=5009 6826 101341 27570 1966 533 9972 1346 271 1872 960 1295 7947 464 577
internal_value=2.30755e-05 0.00017888 -0.00184141 0.000675677 -0.00670131 0.000829757 -0.00120146 -0.00848631 -0.0113155 -0.0114746 -0.000611709 -0.0128021 0 -0.00334858
internal_weight=21898.7 21521.4 4218.5 17302.9 337.344 16965.6 3968.07 377.211 250.433 264.606 112.605 237.984 26.6225 94.9072
internal_count=167949 151426 37614 113812 2499 111313 28916 16523 8698 14380 2143 12956 1424 1872
is_linear=0
shrinkage=0.03


Tree=164
num_leaves=13
num_cat=0
split_feature=2 2 7 4 2 4 7 7 4 2 5 6
split_gain=23.9429 16.4181 20.1754 13.2303 12.3044 13.2365 9.88347 4.95206 6.57196 7.26896 4.54935 0.794087
threshold=0.0013313840679558082 0.0038915564186724851 0.048399561361017633 0.52187500000000009 0.013345541704058437 0.32687500000000008 0.064651561160376084 0.043015841358295753 0.42437500000000006 0.0011258670578612672 -0.41613935308443711 -0.0051277273759966482
decision_type=8 10 8 10 10 8 10 10 10 10 10 10
left_child=7 2 3 -2 5 -3 -4 -1 9 -9 -6 -10
right_child=1 4 6 -5 10 -7 -8 8 11 -11 -12 -13
leaf_value=-0.020803142811211262 -0.0011311859774237436 -0.0055515321704428296 0.002683622620490093 -0.0046749960606331607 0.00071864423240726092 0.00092913715271067008 -0.00022852508103169837 0.015125692109863507 0 -0.007906480049879391 0.0096840589674559979 -0.015142867125014515
leaf_weight=45.965370742604136 3198.6719014085829 279.28742241114378 1330.9899786030874 1386.8903521513566 91.627095125615597 10621.054832980037 4688.267711231485 14.811721303500237 5.1765159014612463 12.240566444583235 186.54623411595821 23.28405424952507
leaf_count=3199 38455 1397 13396 16943 427 50168 40173 602 223 546 883 1408
internal_value=4.35028e-05 0.00011715 -0.000724932 -0.0022239 0.000921312 0.000752655 0.000408846 -0.0138198 -0.00482888 0.0037636 0.00706658 -0.0134112
internal_weight=21884.8 21783.3 10604.8 4585.56 11178.5 10900.3 6019.26 101.478 55.5129 27.0523 278.173 28.4606
internal_count=167820 161842 108967 55398 52875 51565 53569 5978 2779 1148 1310 1631
is_linear=0
shrinkage=0.03


Tree=165
num_leaves=13
num_cat=0
split_feature=1 6 4 1 7 5 3 7 7 1 6 5
split_gain=27.473 24.9499 21.7422 20.8847 14.6613 11.7904 6.69196 6.53493 5.62896 3.31064 4.92305 0.816397
threshold=2.2735583090594309 -0.0048010771133695221 0.70812500000000012 -1.4268424186073871 0.11413241529301477 -1.3071868306466576 -0.9707424482520709 0.013341533046711516 0.10330186259751745 3.0063222569592827 0.014690058509943428 -0.118199170006018
decision_type=10 8 10 8 10 10 10 10 8 10 10 10
left_child=1 5 3 -3 -4 8 -7 -2 -1 10 -9 -11
right_child=7 2 4 -5 -6 6 -8 9 -10 11 -12 -13
leaf_value=-0.0036618114764463377 -0.0016030324488233219 -0.0061997024425759703 -0.012225719791752623 -0.00061780576486128154 0.0040332993142832415 0.0029056638096617779 0.000828482416881571 0.0059484671958835687 0.0025503109643029592 0.0052854624460404202 0 0.010212746239788458
leaf_weight=649.60017372108996 111.43295924924314 630.77182451542467 238.6762817595154 11525.912288658321 50.886306557804346 1911.0477086501196 5706.3573517808691 348.38318982347846 144.52360760699958 187.09714506939054 211.03102973848581 170.22852113470435
leaf_count=4359 598 6868 2403 98376 346 12625 36915 1898 839 919 993 838
internal_value=-2.56885e-05 -0.000265368 -0.00112026 -0.000917222 -0.00912889 0.000992287 0.0013606 0.00473445 -0.00243899 0.00557852 0.00380647 0.00801027
internal_weight=21885.9 20857.8 12446.2 12156.7 289.563 8411.53 7617.41 1028.17 794.124 916.74 559.414 357.326
internal_count=167977 162731 107993 105244 2749 54738 49540 5246 5198 4648 2891 1757
is_linear=0
shrinkage=0.03


Tree=166
num_leaves=15
num_cat=0
split_feature=2 1 7 1 6 2 3 7 1 7 2 6 6 2
split_gain=31.2056 23.5287 17.4803 19.0412 18.3811 21.5681 13.1691 11.9931 11.1585 9.4548 9.22228 4.5697 5.78601 4.33038
threshold=0.0024039869930330819 -0.27435340233964495 0.10850375647253933 0.5616575708339544 -0.0058003385284512978 0.010570226405862491 -0.14076146754012561 0.0025935389726033649 3.7810991809203216 0.15216229982414128 0.0038518318681561611 -0.0048010771133695221 -0.015887769494200118 0.0022034277975385235
decision_type=8 10 8 8 10 10 10 10 10 10 10 10 10 10
left_child=1 11 4 6 7 -6 -4 -2 9 -3 -5 12 -1 -13
right_child=2 8 3 10 5 -7 -8 -9 -10 -11 -12 13 -14 -15
leaf_value=-0.013622919796605454 -0.0054968180406630976 -0.0032874181770787434 0.0024575437741048279 0.0024662765419651957 -0.0011265264011424969 0.0065119373460641667 -0.0027316803025968319 0.0014309882835961266 0.011803972377466268 0.0046352932775060906 0.007011971275104778 -0.014699614376952464 0.00092341720049998906 -0.0052357892186247488
leaf_weight=22.673306345008314 220.25135695189238 1171.712768452242 941.89973151311278 1011.1295743361115 9626.6324902046472 332.82458893954754 808.04778011143208 6364.965502589941 40.909881688654423 138.48023195564747 753.97606346011162 203.29831644147635 71.22851849719882 104.16775802895427
leaf_count=560 1272 23344 5911 4786 66939 1490 5130 35730 245 1171 3333 11579 2764 3283
internal_value=2.35807e-05 -0.00380083 0.000362408 0.00228083 -4.26839e-05 -0.00085897 2.53929e-05 0.0011822 -0.00181882 -0.00237582 0.00447036 -0.0101205 -0.00298453 -0.0119482
internal_weight=21812.2 1752.47 20059.7 3515.05 16544.7 9959.46 1749.95 6585.22 1351.1 1310.19 1765.11 401.368 93.9018 307.466
internal_count=167537 42946 124591 19160 105431 68429 11041 37002 24760 24515 8119 18186 3324 14862
is_linear=0
shrinkage=0.03


Tree=167
num_leaves=15
num_cat=0
split_feature=2 1 4 2 1 4 6 1 3 2 4 4 4 2
split_gain=25.5851 32.9023 28.4603 20.7712 15.9351 12.5792 11.2582 10.895 12.5083 14.8448 11.5104 9.15409 8.12786 7.84547
threshold=0.0032013059292748292 -0.22749239418479308 0.57812500000000011 0.0021062118175967973 0.92693968043928276 0.47687500000000005 -0.036996482936426205 -1.4268424186073871 0.52884155083340001 0.0093635765090480435 0.46312500000000006 0.39062500000000006 0.59312500000000012 0.0040104733304191864
decision_type=8 10 10 10 10 10 10 8 8 8 8 10 10 10
left_child=1 3 4 -1 -3 -5 -4 10 11 -10 13 -9 -12 -2
right_child=7 2 6 5 -6 -7 -8 8 9 -11 12 -13 -14 -15
leaf_value=-0.01381936150004425 -0.0082756220095309557 -0.00077270988632974669 0.0044385432258260927 -0.006652114157578032 0.0033825047433514491 -0.00075395465441524144 -0.0057842983551493095 -0.00077191490603021197 -0.00051206406437275225 0.0057003405966881745 -0.0098403183634990978 0.0019833808817861548 -0.00069411418721839044 0.0026020965625015856
leaf_weight=219.12388839013875 60.423383861780167 1835.7605469953269 94.523034494370222 685.75337884016335 1477.9799249870703 664.96083853766322 891.91110879741609 1224.6926372237504 5950.8804123178124 357.00979106873274 229.74698338285089 7651.3161726295948 163.83840972557664 351.64027857780457
leaf_count=12862 642 24620 499 12093 11518 11645 9753 6348 30897 1669 1758 40818 1196 1740
internal_value=6.17633e-05 -0.00162748 -0.000251992 -0.00533185 0.00106713 -0.00381941 -0.00470979 0.00068629 0.000870215 -0.000142496 -0.00267471 0.00159602 -0.00629322 0.000706589
internal_weight=21859.6 5870.01 4300.17 1569.84 3313.74 1350.71 986.434 15989.5 15183.9 6307.89 805.649 8876.01 393.585 412.064
internal_count=168058 82990 46390 36600 36138 23738 10252 85068 79732 32566 5336 47166 2954 2382
is_linear=0
shrinkage=0.03


Tree=168
num_leaves=15
num_cat=0
split_feature=2 1 4 4 1 1 5 0 0 0 4 4 2 0
split_gain=24.9387 29.0969 20.7104 19.2712 16.4019 12.0539 11.648 9.19084 8.93505 8.8755 14.1107 10.6315 7.06576 4.18132
threshold=0.0024039869930330819 -0.10483344154260504 0.55562500000000015 0.35562500000000002 0.86834350206104138 -1.4268424186073871 -1.8718500992297755 0.006763078303103188 -0.0056733203031123494 0.0097296202875797339 0.52312500000000017 0.37062500000000004 0.0013313840679558082 0.00031646683605668363
decision_type=8 10 10 10 10 8 10 10 10 10 8 10 10 10
left_child=1 2 -1 8 5 7 -7 -2 -3 10 -6 -11 -5 -4
right_child=4 3 13 12 9 6 -8 -9 -10 11 -12 -13 -14 -15
leaf_value=-0.013125103353669376 -0.0044026727815667764 -0.0013936655816194196 -0.0038293704378290824 -0.010839744423955201 0.0044403471115282743 -0.0043533414329785759 0.00042418590605358789 0.004385187368794982 0.017727458514311019 0.0093726340932564836 7.1299040610887885e-05 -0.00056433666850990046 -0.001137926065901253 0.0061330633535724129
leaf_weight=350.81441816780716 807.50803301297128 22.01647337153554 70.989906745031476 64.797583360224962 2058.9092123433948 463.15321471355855 14206.568149343133 108.38402489200234 60.452928645536304 94.24529692530632 1022.7391841337085 1334.5817961916327 1120.1270704250783 59.007389836013317
leaf_count=16310 6783 203 2717 3087 10349 3036 92287 525 1133 454 5227 6103 17213 2293
internal_value=0.000216619 -0.00320503 -0.00941836 -0.000745625 0.000518706 5.32577e-05 0.000266399 -0.00326181 0.0123752 0.00211008 0.00301467 0.00010999 -0.00180496 0.000379195
internal_weight=21844.3 1748.21 480.812 1267.39 20096.1 15585.6 14669.7 915.892 82.4694 4510.48 3081.65 1428.83 1184.92 129.997
internal_count=167720 42956 21320 21636 124764 102631 95323 7308 1336 22133 15576 6557 20300 5010
is_linear=0
shrinkage=0.03


Tree=169
num_leaves=15
num_cat=0
split_feature=7 6 4 4 7 7 4 4 0 3 0 4 4 7
split_gain=24.7895 23.3596 17.0979 15.0736 12.5835 10.3994 8.83142 42.0693 12.9551 7.96018 7.39531 5.88845 17.8567 7.30821
threshold=0.1418067483863894 -0.0035712612595935052 0.33062500000000006 0.35312500000000008 0.027412014305882505 0.0025935389726033649 0.39437500000000009 0.34062500000000007 0.0071404733379826233 -0.95992526585581406 0.012453430536371603 0.67437500000000006 0.60437500000000011 0.18639821573072798
decision_type=8 10 8 8 10 10 8 10 10 10 10 8 10 10
left_child=1 5 4 -4 -3 9 7 -2 -9 -1 -7 12 -8 -13
right_child=6 2 3 -5 -6 10 11 8 -10 -11 -12 13 -14 -15
leaf_value=0.0034186302849978784 0.018106445840598517 -0.016511840775007631 0.0054761309495225891 -0.0012654420022834966 -0.0034138153108855484 0.00079845955722736934 0.0033026462910693442 -0.019137942119800001 0 -0.0078987219272496148 0.0061808884468642338 0.0033544902997877757 0.013144655396172692 -0.0069382360519519822
leaf_weight=61.326926832087338 48.728096172213554 100.0073262155056 294.19338429253548 10844.135300164111 225.58299750182778 8257.9224910633639 949.57015777751803 76.170750538818538 42.909919008612633 199.34476733300835 230.82944978028536 197.50911581143737 204.06200132146478 78.170317687094212
leaf_count=477 244 931 2529 94044 1622 56057 5707 631 238 1495 1026 1129 1192 385
internal_value=-0.000105492 -0.000393096 -0.00128554 -0.00107724 -0.0079879 0.000769506 0.00347691 -0.00269625 -0.0124168 -0.00498654 0.000958981 0.00425706 0.00519313 8.52033e-05
internal_weight=21810.5 20213.3 11463.9 11138.3 325.59 8749.42 1597.12 167.809 119.081 260.672 8488.75 1429.31 1153.63 275.679
internal_count=167707 158181 99126 96573 2553 59055 9526 1113 869 1972 57083 8413 6899 1514
is_linear=0
shrinkage=0.03


Tree=170
num_leaves=15
num_cat=0
split_feature=2 1 2 2 1 7 0 0 1 1 2 0 0 7
split_gain=25.5439 22.8133 18.8844 18.5274 15.1693 14.7064 13.6208 12.2316 11.645 11.5666 3.9423 3.57482 3.291 1.05143
threshold=0.0019877204066549993 -0.795998489005312 0.0065673277622668074 0.0026088958670837099 3.2882728992079229 0.025152661291094825 0.0081743192531785764 0.001357937036334911 1.9610083703676942 0.05886221180362728 0.0016809067096505068 -0.012199706618455762 0.0086589533359027211 0.12203316505687521
decision_type=8 8 10 10 10 10 10 10 10 10 10 10 10 10
left_child=5 3 4 7 -3 11 -5 -2 -4 13 -11 -1 -13 -7
right_child=1 2 8 6 -6 9 -8 -9 -10 10 -12 12 -14 -15
leaf_value=0.00044092831513052475 -0.0152196974295788 0.00010651431226784166 0.0026970075104842681 -0.0021038965029212793 0.0077813338132325513 -0.010934527534704018 0.0037739415185281296 0.00041239556645738048 0.013822388749442504 -0.0039789616449372525 0.0021602475583194711 -0.014587808317818592 0 0
leaf_weight=8.0332210510969144 140.4076618514955 14978.222601955757 2124.3826302736998 3151.517435759306 225.90469647198915 118.68265552725643 384.08345152437687 53.164693143218756 82.408007986843586 138.55632107891142 246.30902399122715 168.12119201105088 7.4262820277363053 9.9881223794072849
leaf_count=69 4796 100707 9357 24101 1003 7396 1847 1688 500 4352 3364 8158 105 435
internal_value=-3.26035e-05 0.000152174 0.000611096 -0.00197032 0.000229531 -0.00564375 -0.0014396 -0.0108222 0.00320001 -0.00277431 0 -0.0128026 -0.0137231 -0.0102043
internal_weight=21837.2 21140.1 17410.9 3729.17 15204.1 697.117 3535.6 193.572 2206.79 513.536 384.865 183.581 175.547 128.671
internal_count=167878 143999 111567 32432 101710 23879 25948 6484 9857 15547 7716 8332 8263 7831
is_linear=0
shrinkage=0.03


Tree=171
num_leaves=15
num_cat=0
split_feature=2 1 2 7 0 1 1 1 7 1 7 5 7 2
split_gain=24.0094 19.7045 20.4832 15.4773 12.8458 12.8007 12.3567 10.3602 7.23845 7.28618 6.55814 6.33224 5.81775 2.12757
threshold=0.0019877204066549993 -0.57268597444351554 0.0032543807002979523 0.14653798625209205 0.0065866185440964795 -0.26497564792983674 0.84896355346176666 3.2882728992079229 0.022934408192539373 -0.065782689704796699 0.1631402089546222 -0.16817812386319925 0.082646617819239349 0.0017639783319164475
decision_type=8 8 10 10 10 10 10 10 10 10 10 10 10 10
left_child=5 2 10 7 -4 12 -5 -3 9 -7 -2 -10 -1 -14
right_child=1 3 4 6 -6 8 -8 -9 11 -11 -12 -13 13 -15
leaf_value=-0.015645293508484634 -0.0059114726677307562 0.00029956100137210848 -0.0013263544108096407 0.00056244996508002514 0.0029006658398206616 0.0063531813552293922 0.0068365954688839404 0.0070568413674890586 -0.005450297566023941 -0.012469618771929352 0.0088396849988646269 0.0016273717170078728 -0.0045113340335816189 0.0097173546509020155
leaf_weight=121.93055607192218 902.22148874402046 14479.992282751948 3622.3032085113227 553.10657035559416 771.88571226596832 11.275043794885276 624.82201707735658 198.23366343975067 179.60936741996557 101.05302654299885 16.214547934010625 258.21437570359558 10.976771301589908 5.7570632752031079
leaf_count=8693 18146 91704 23270 3427 3685 662 2940 902 4419 3135 191 5853 734 270
internal_value=-3.91403e-05 0.000138642 -0.00143737 0.000671042 -0.00056531 -0.00551243 0.00397056 0.000399647 -0.00318943 -0.00972487 -0.00549402 -0.00119901 -0.0134908 0
internal_weight=21857.6 21168.8 5312.62 15856.2 4394.19 688.816 1177.93 14678.2 550.152 112.328 918.436 437.824 138.664 16.7338
internal_count=168031 144265 45292 98973 26955 23766 6367 92606 14069 3797 18337 10272 9697 1004
is_linear=0
shrinkage=0.03


Tree=172
num_leaves=11
num_cat=0
split_feature=2 1 2 1 3 7 1 7 4 1
split_gain=27.7466 24.3654 26.0919 24.6106 15.6429 11.7526 7.31174 5.72819 4.25094 0.452236
threshold=0.0013313840679558082 1.7338962950319667 0.0026236405565739254 -0.64125877388447217 -0.92523248005020919 0.10850375647253933 3.7810991809203216 0.1129829735010431 0.66937500000000016 1.2837810836613726
decision_type=8 10 8 10 10 10 10 10 10 10
left_child=7 2 3 -2 -4 6 -3 9 -7 -1
right_child=1 5 4 -5 -6 8 -8 -9 -10 -11
leaf_value=-0.020384656610240873 -0.010887795287759506 0.00088156804949624955 0.001525159780104475 -0.0019947706947713202 -0.00048744260716525561 0.0075894285771006299 0.0094799150573317229 0 0 -0.0048268032305262111
leaf_weight=62.089555589482188 333.50815119221807 1253.7050582934171 4731.6605119854212 1730.5734710088 12988.21396490559 527.83474338427186 89.010800749063492 12.510399891994892 64.942839462310076 21.101388558745384
leaf_count=4857 13210 6811 28904 31937 77928 2497 426 420 283 639
internal_value=-8.18914e-05 -4.50437e-06 -0.000322128 -0.00350617 4.71468e-05 0.00319626 0.00156179 -0.0154153 0.00671168 -0.0180237
internal_weight=21815.2 21719.4 19784 2064.08 17719.9 1935.49 1342.72 95.7013 592.778 83.1909
internal_count=167912 161996 151979 45147 106832 10017 7237 5916 2780 5496
is_linear=0
shrinkage=0.03


Tree=173
num_leaves=15
num_cat=0
split_feature=4 3 1 5 4 1 5 0 0 1 3 0 5 6
split_gain=16.6808 15.6452 21.2425 12.7779 12.7639 11.9404 10.1242 9.73622 9.60406 9.52305 7.38236 6.55829 5.81119 4.33988
threshold=0.66437500000000005 -0.92523248005020919 0.92693968043928276 0.22145316451375291 0.32687500000000008 -1.4022482701610506 2.0074514118588742 -0.0033382307061620149 0.00082422766114897972 -1.4022482701610506 -0.9707424482520709 0.0039233936151182877 1.1522222159097384 -0.0044911234739135599
decision_type=10 10 8 10 8 10 10 10 10 10 8 10 8 10
left_child=1 3 4 10 -3 -5 -4 12 9 -9 -1 -10 13 -2
right_child=7 2 6 5 -6 -7 -8 8 11 -11 -12 -13 -14 -15
leaf_value=-1.753831076575019e-06 0.0030465805157102134 -0.0069606306697972903 0.0019367539189548938 -0.0046822653813083075 -0.00077915585857208378 0.0040714570608794392 -0.0068489391226671491 0.0062525351844980471 0.0010717122103327036 -0.0096181255548920645 0.0060316655271480286 -0.0043157236203791955 -0.0082681280486279138 -0.0031335801597920836
leaf_weight=2858.6707269726321 392.05706320144236 302.6102030556649 3639.8316722214222 136.73042741790414 10864.230205562897 1926.0053258566186 109.62730561569333 25.997242759913206 292.07780517078936 358.83136765100062 183.57280177623034 543.64332318305969 51.331541870720685 119.84994171652943
leaf_count=22386 2296 2355 20967 1254 88556 14801 575 412 3538 4547 1459 3536 330 899
internal_value=-5.67694e-05 0.000188639 -0.000298746 0.00162227 -0.000958114 0.00344247 0.00164638 -0.00283039 -0.00432979 -0.00826281 0.000361221 -0.0023715 0.000333032 0.00145237
internal_weight=21805.1 20021.3 14916.3 5104.98 11166.8 2062.74 3749.46 1783.79 1220.55 384.829 3042.24 835.721 563.239 511.907
internal_count=167911 152353 112453 39900 90911 16055 21542 15558 12033 4959 23845 7074 3525 3195
is_linear=0
shrinkage=0.03


Tree=174
num_leaves=14
num_cat=0
split_feature=2 2 4 2 2 6 2 0 5 0 2 4 0
split_gain=21.0446 17.8152 13.5098 16.4125 14.5143 11.493 11.0521 10.4076 10.3219 10.1241 9.38321 3.67529 1.45622
threshold=0.0041748883435299448 0.0013313840679558082 0.44562500000000005 0.0044547089837123121 0.0044547089837123121 -0.075757322407788749 0.0047080774960687015 0.004763480347650618 -0.74174694672434949 1.0000000180025095e-35 0.0048603372356067079 0.36062500000000003 0.0023033078868387462
decision_type=8 10 10 10 8 10 8 10 8 10 10 10 10
left_child=1 11 4 9 7 -3 -6 -2 -7 -4 -5 -1 -13
right_child=2 5 3 10 6 8 -8 -9 -10 -11 -12 12 -14
leaf_value=0 0.010554634419050756 0.0092620102047798521 -0.0078724737202746711 0.0032040029416089337 -0.0026240050819425396 -0.0026650519625856127 0.002108655425003591 0.00034438996809822822 -0.00052584268590028904 -0.00049481591998046942 -0.00015122871749778444 -0.017527927833519898 -0.002071414617010341
leaf_weight=10.15024255402386 284.64490406215191 87.839969381690025 357.81766027212143 911.80385185033083 492.38942212611437 2643.3468965133652 3354.085324048996 148.22080165892839 9175.3351145377383 343.96458303183317 3879.1617738604546 65.877208424732089 19.206849049776793
leaf_count=484 1485 399 1879 4404 2516 26229 14809 721 90397 1869 16970 4668 769
internal_value=-0.000194093 -0.00103752 0.000835641 -0.000139107 0.00209817 -0.000922681 0.00148203 0.00728067 -0.00101122 -0.00439851 0.000480176 -0.0133726 -0.0152546
internal_weight=21773.8 12001.8 9772.09 5492.75 4279.34 11906.5 3846.47 432.866 11818.7 701.782 4790.97 95.2343 85.0841
internal_count=167599 122946 44653 25122 19531 117025 17325 2206 116626 3748 21374 5921 5437
is_linear=0
shrinkage=0.03


Tree=175
num_leaves=12
num_cat=0
split_feature=2 1 2 7 7 1 1 2 4 0 4
split_gain=22.3413 20.9091 18.3478 21.3158 10.437 6.75658 5.05183 4.35496 4.1728 1.42899 1.33327
threshold=0.0013313840679558082 2.1836158683276099 0.0032543807002979523 0.15535315416955706 0.0042414045773093408 3.7810991809203216 1.2837810836613726 0.0033316699542914616 0.41312500000000002 -0.0084403072407728801 0.35562500000000002
decision_type=8 10 8 10 8 10 10 10 10 10 10
left_child=6 2 3 -2 -4 7 10 -3 -8 -7 -1
right_child=1 5 4 -5 -6 9 8 -9 -10 -11 -12
leaf_value=0 -0.0019379356243127363 0.0011698164353340517 -0.0029300857732631807 0.0051904256940795293 0.00078911459682840196 0.0048762179949496448 0.0072347760786390962 0.0053211024111864203 -0.010327953838462212 0.014427376825545422 -0.018507472792777438
leaf_weight=4.0004656724631777 5116.9556837296113 527.0340685620904 697.10441207513213 394.12437886931002 14399.60191237554 69.258093349635601 14.245672885328533 477.58401037752628 13.317859550938008 64.080108303576708 63.242798247374594
leaf_count=220 73574 2892 3898 2894 76066 322 349 2178 392 301 4968
internal_value=0.000221277 0.000290443 6.79422e-05 -0.00140881 0.000611579 0.00423185 -0.0135848 0.00323542 -0.000144123 0.0105712 -0.0175856
internal_weight=21840.5 21745.7 20607.8 5511.08 15096.7 1137.96 94.8068 1004.62 27.5635 133.338 67.2433
internal_count=168054 162125 156432 76468 79964 5693 5929 5070 741 623 5188
is_linear=0
shrinkage=0.03


Tree=176
num_leaves=15
num_cat=0
split_feature=2 1 3 0 7 0 0 5 7 7 7 0 7 5
split_gain=24.6408 20.8771 18.3489 15.7571 11.813 10.5463 10.499 9.66332 7.6735 7.48781 13.8182 5.17543 4.45802 4.25139
threshold=0.0019877204066549993 -1.0452112726575498 -0.90160338069010615 0.0081743192531785764 0.054753994114120151 -0.0044926411388459533 0.004537150141502245 -1.5975068025061918 0.11536603435587876 0.077097470362251744 0.024044359966650223 0.014318741442532536 0.10957987532263623 -0.14840819313211687
decision_type=8 8 10 10 8 10 10 8 10 10 10 10 10 10
left_child=6 3 7 5 -4 -2 8 -3 -1 10 -8 -5 -11 -10
right_child=1 2 4 11 -6 -7 9 -9 13 12 -12 -13 -14 -15
leaf_value=-0.0089466729757659933 0.00084947150849265692 -0.0039929052359686107 -0.00088779803370273025 0.0075784771920310891 0.00085353880272910491 -0.0043411379571243669 -0.0080418805537311299 0.0024405970222044766 -0.0050239294064783734 -0.012660040842994401 0.015656499018752219 -0.0015491955930930386 0 0.0083876746980995412
leaf_weight=457.87120619695634 417.36308476515114 204.62755158916116 6933.2311196345836 163.13799051940441 7071.9171862695366 1693.4520941432565 23.156101852655411 4564.9316437058151 29.23146906401962 27.800714554265141 51.477419902570546 63.815515283495188 62.854176707565784 32.169803334400058
leaf_count=20095 2234 1426 48192 803 43193 17281 538 30750 666 436 903 279 585 724
internal_value=1.77795e-05 0.000203336 0.00053922 -0.00245941 -4.24511e-06 -0.00328736 -0.0055391 0.00214425 -0.00761287 0.000696214 0.00751338 0.00480165 -0.00450893 0.00135306
internal_weight=21797 21112.5 18774.7 2337.77 14005.1 2110.82 684.561 4769.56 519.272 165.288 74.6335 226.954 90.6549 61.4013
internal_count=168105 144158 123561 20597 91385 19515 23947 32176 21485 2462 1441 1082 1021 1390
is_linear=0
shrinkage=0.03


Tree=177
num_leaves=13
num_cat=0
split_feature=2 1 6 4 0 7 6 2 0 6 1 4
split_gain=27.9576 17.9621 17.7116 18.7464 10.8635 3.39836 3.11056 6.25496 2.45497 1.99544 1.70215 1.09048
threshold=0.0013313840679558082 2.7922668467689333 -0.0058003385284512978 0.70812500000000012 0.012453430536371603 0.084856571751616747 -0.010149575979001567 0.0026360776246278947 0.010305087018099403 -0.0010032227797411861 0.92693968043928276 0.42437500000000006
decision_type=8 10 8 10 10 10 10 10 10 10 10 8
left_child=5 2 4 -4 -2 10 7 -3 -8 -7 -1 -12
right_child=1 6 3 -5 -6 9 8 -9 -10 -11 11 -13
leaf_value=-0.022482994552694185 0.00076744895369657072 -0.0046551582060802227 -0.00063132483573310268 -0.008049006825692406 0.0074889322402162907 0.0039329279247709414 0.012297513638131009 0.0054916589187815942 0.0048545114551267433 -0.0081618750526626024 0 -0.0091108341344304251
leaf_weight=47.542737958021462 8040.6649485984817 64.279738411307335 12652.239395284094 306.23918523360044 215.28236566483974 9.8717989381402749 86.502417009323835 168.07940298318863 198.36529210954905 13.717709172517059 12.36176820099354 9.6970334025099856
leaf_count=4229 50316 328 105508 2939 961 394 509 772 894 519 428 410
internal_value=-6.12456e-05 9.96337e-06 -0.000123151 -0.00081732 0.000958825 -0.01564 0.00548231 0.00236082 0.00765852 -0.00165012 -0.0188248 -0.00451512
internal_weight=21824.8 21731.7 21214.4 12958.5 8255.95 93.191 517.227 232.359 284.868 23.5895 69.6015 22.0588
internal_count=168207 162227 159724 108447 51277 5980 2503 1100 1403 913 5067 838
is_linear=0
shrinkage=0.03


Tree=178
num_leaves=15
num_cat=0
split_feature=3 1 7 5 4 5 0 5 7 1 3 4 7 0
split_gain=15.7752 15.8433 13.5651 18.3578 11.3506 8.36567 8.79726 7.01375 12.0944 7.05653 6.63711 6.27078 5.36882 5.97906
threshold=-0.64400362141591383 0.92693968043928276 0.077750666945984523 0.62032947999722898 0.63437500000000013 -1.2591296912947667 0.012453430536371603 0.23175751593574132 0.15216229982414128 -1.4544362033721554 -0.56382710802568314 0.69812500000000011 0.10957987532263623 0.00063950761672870737
decision_type=10 8 8 10 10 10 10 8 8 10 10 8 10 10
left_child=4 5 3 -3 7 11 -7 8 -1 -9 -4 -2 13 -6
right_child=1 2 10 -5 12 6 -8 9 -10 -11 -12 -13 -14 -15
leaf_value=0.00013262282759285473 -0.0043235125694176674 0.00091533681305075866 -0.0058938918009733728 -0.005367264927309337 -0.005894142728341524 -0.0013810717323333044 0.0017001213133244237 -0.0031250882185626773 0.0075430523809138315 0.0029976465530084711 0.0032510657939203787 0.006452442365961205 0.0016951307662628132 -0.00027221787658813471
leaf_weight=3711.8915761746466 1076.7287399498746 1574.2175552612171 61.23927122540772 555.08554471749812 385.48053902760148 8504.4293096307665 899.2724388949573 164.47836645785719 200.73834670335054 2448.9692055722699 1643.8183204066008 37.920187246985734 228.26208993047476 342.15856537036598
leaf_count=29688 9171 9676 314 3434 3665 73146 4234 1434 1199 18854 8493 357 1447 3149
internal_value=-0.000193294 -0.000777605 0.000862022 -0.000711854 0.000919127 -0.00138127 -0.00107855 0.00137224 0.000546373 0.002579 0.00285518 -0.00384945 -0.00209441 -0.00337141
internal_weight=21834.7 14352.7 3834.36 2129.3 7481.98 10518.4 9403.7 6526.08 3912.63 2613.45 1705.06 1114.65 955.901 727.639
internal_count=168261 108825 21917 13110 59436 86908 77380 51175 30887 20288 8807 9528 8261 6814
is_linear=0
shrinkage=0.03


Tree=179
num_leaves=15
num_cat=0
split_feature=2 1 2 4 7 2 7 1 4 3 2 7 4 4
split_gain=19.4294 16.4261 21.9706 14.2619 14.2037 10.9483 10.6302 8.94801 7.88346 3.98472 3.81613 2.7739 3.24792 1.24189
threshold=0.0017639783319164475 -0.80747704338311976 0.0025462049533089225 0.66687500000000011 0.0049113831123673559 0.0044841474273327941 0.11072801885451458 1.2010392010076487 0.65187500000000009 -1.1541131299819409 0.0016991413525182368 0.034173143144111344 0.3731250000000001 0.40062500000000006
decision_type=8 8 10 10 8 10 10 10 10 10 10 10 10 10
left_child=7 2 13 4 -3 -5 -4 8 9 -1 -10 -9 -13 -2
right_child=1 3 6 5 -6 -7 -8 11 10 -11 -12 12 -14 -15
leaf_value=0.0012772234232671527 -0.0024733957974004137 -0.0030446866616625034 -0.00065228857250445443 -0.0033440391513835186 0.0010128618508325 0.0042822275366471213 -0.0075975305273127134 -0.0064249681622912946 0.009837912219329845 -0.012661896154037657 -0.0075743651880905392 0.011113147409715956 0 -0.013208960787784448
leaf_weight=9.8812815891578776 31.682266794145107 801.27489614766091 3316.5164728146046 1239.7813960947096 15502.116294292733 180.83709739148617 204.23859054222703 28.523522924631834 19.830220782198015 209.8954255413264 5.8377003008499733 21.006612675264478 60.234629068523645 141.31061778310686
leaf_count=552 1503 5853 24755 9968 101230 831 1703 734 1157 12390 294 316 1061 5485
internal_value=5.2096e-05 0.000171747 -0.00164139 0.000553707 0.00080802 -0.00230817 -0.00109255 -0.00680528 -0.00988627 -0.0117458 0.00318232 0 0.00315159 -0.0118133
internal_weight=21773 21417.8 3693.75 17724 16303.4 1420.62 3520.76 355.209 245.445 219.777 25.6679 109.765 81.2412 172.993
internal_count=167832 151328 33446 117882 107083 10799 26458 16504 14393 12942 1451 2111 1377 6988
is_linear=0
shrinkage=0.03


Tree=180
num_leaves=15
num_cat=0
split_feature=2 1 4 2 5 2 4 4 2 0 3 5 5 4
split_gain=23.0862 20.1 12.876 21.2407 10.5294 9.86685 9.67759 9.21108 11.037 8.15559 6.8169 5.88638 5.52067 4.66861
threshold=0.0024039869930330819 -0.58230957807531403 0.48812500000000009 0.0073433263091247031 -1.4965433749717094 0.0038915564186724851 0.42562500000000009 0.35562500000000002 0.00155754180092554 0.0081743192531785764 0.84983098200002682 -0.53723559059873338 -0.19787471148926808 0.5368750000000001
decision_type=8 10 10 10 10 10 8 10 10 10 10 10 10 10
left_child=1 11 4 10 5 -2 -6 12 -9 -5 -4 -1 -3 -13
right_child=2 7 3 9 6 -7 -8 8 -10 -11 -12 13 -14 -15
leaf_value=-0.018463309402049807 -0.0066279409161541236 -0.0011164756540769959 -0.00037302066824695322 0.00870760660320671 0.00016816530839128895 0.00020302981629474761 0.0019868250825513245 -0.010466637305094631 -0.0015526992935920084 0 -0.002382673992503703 -0.0098900348410639743 0.012057190545042651 0
leaf_weight=73.922875535674393 291.45272898674011 34.794161422178149 5846.9333741255105 285.92530669271946 4651.9886504206806 471.33586809039116 6304.9225776307285 134.55002715066075 1241.9275879217312 127.49696065485477 2094.3858185037971 115.82671927008778 55.409904628060758 50.986691213212907
leaf_count=3953 2403 737 39363 1280 27783 2226 37981 6738 21921 572 13281 6359 1045 2230
internal_value=4.84161e-05 -0.00328681 0.000336574 -0.000558348 0.000979594 -0.00238136 0.001221 -0.00188136 -0.00253651 0.0059713 -0.000912908 -0.0111937 0.00677266 -0.00677077
internal_weight=21781.9 1707.42 20074.4 8354.74 11719.7 762.789 10956.9 1466.68 1376.48 413.422 7941.32 240.736 90.2041 166.813
internal_count=167872 42983 124889 54496 70393 4629 65764 30441 28659 1852 52644 12542 1782 8589
is_linear=0
shrinkage=0.03


Tree=181
num_leaves=15
num_cat=0
split_feature=2 1 1 0 7 6 1 6 2 3 2 6 6 0
split_gain=15.1274 17.3403 10.8557 11.9798 9.43357 8.23722 7.51348 7.26993 7.18117 6.76886 6.64043 6.62686 1.93574 1.79134
threshold=0.0029167956340290162 -0.10483344154260504 -1.4268424186073871 0.0073254301669652975 0.0055869596153916524 -0.029977913567287292 3.2882728992079229 0.043521742797939751 0.0019736335366390503 0.57293463266814249 0.0020166696977497881 -0.046105671955830367 0.010174602068515172 -0.0079523074299736578
decision_type=10 8 10 10 10 10 10 10 10 10 10 8 10 10
left_child=1 8 3 5 7 -2 11 -4 12 -6 -10 -3 -1 -8
right_child=2 6 4 -5 9 -7 13 -9 10 -11 -12 -13 -14 -15
leaf_value=-0.011720733414786064 0.0062848013964069529 0.0067006574140068874 -0.0029709466216499606 0.0064140561349879987 0.0012779250029028111 -0.0050559681890913208 0.00095579034813347938 0.0073824886419236605 0.008890247516618887 0 -0.0040728379144801584 -0.00099074125224443005 0 0.0095593685063426036
leaf_weight=140.82076212577522 49.672591663897038 93.206988006830215 902.10612989217043 97.129475295543671 9606.0007715150714 709.32641188427806 57.257369793951511 53.04535873234272 24.957353805191815 6206.5009308345616 976.01401220075786 2741.1834126766771 12.467574476264415 69.855660270899534
leaf_count=10490 237 514 5385 453 53695 5406 288 240 1049 33557 21387 33936 638 399
internal_value=4.41931e-05 -0.00158805 0.000429465 -0.00283414 0.000601265 -0.00416367 -0.000345449 -0.00226326 -0.00469432 0.000779409 -0.00360554 -0.000694052 -0.0107804 0.00647388
internal_weight=21739.5 4115.76 17623.8 856.128 16767.7 758.999 2961.5 955.151 1154.26 15812.5 1000.97 2834.39 153.288 127.113
internal_count=167674 68701 98973 6096 92877 5643 35137 5625 33564 87252 22436 34450 11128 687
is_linear=0
shrinkage=0.03


Tree=182
num_leaves=15
num_cat=0
split_feature=2 4 7 2 3 7 4 5 4 2 7 7 5 7
split_gain=13.2104 15.0921 12.8161 15.6428 10.4783 11.1037 13.644 9.6267 8.92986 8.42245 7.51253 8.04633 6.93845 4.80983
threshold=0.0034190409572881493 0.64687500000000009 0.022229828765364935 0.0027195488069857018 -0.24537968668359628 0.054243039784935561 0.39812500000000006 -0.088446021758334339 0.70437500000000008 0.0016809067096505068 0.117997612515506 0.075800315044144514 1.1321739125954886 0.17919347307664726
decision_type=10 10 8 10 10 10 8 8 10 8 10 10 8 10
left_child=1 2 3 -1 7 12 -7 -2 -9 -4 11 -3 -6 -12
right_child=4 10 9 -5 5 6 -8 8 -10 -11 13 -13 -14 -15
leaf_value=-0.006906166358726957 -2.2998379109733595e-05 -0.0040261452175297105 -0.0061624262424358938 -0.00029310156327679184 -0.00094840979567793998 0.0050041231699435428 0 0.0024839655666130914 -0.0074591949136279256 0.00025790608070199979 0.0019489620310591891 -0.011591499501994151 -0.0045150153979605498 -0.0069213756883684321
leaf_weight=586.34154374338686 2992.7277443893254 528.53095151018351 181.01518830377609 745.29352508485317 3507.0844806768 570.98219442367554 3088.1554515510798 3562.8123396411538 70.853858612477779 4898.1296740919352 203.36897755414248 190.44517114013433 581.68786676973104 63.526620127260685
leaf_count=14468 15500 8363 8508 7110 18384 2757 15033 18230 506 51897 1622 2255 3025 337
internal_value=-0.000186175 -0.00121726 -0.000671428 -0.00327944 0.000340701 -0.000402406 0.000786366 0.00121792 0.00225367 5.64328e-06 -0.00466398 -0.00624391 -0.00148023 -0.000119386
internal_weight=21771 7396.65 6410.78 1331.64 14374.3 7747.91 3659.14 6626.39 3633.67 5079.14 985.872 718.976 4088.77 266.896
internal_count=167995 94560 81983 21578 73435 39199 17790 34236 18736 60405 12577 10618 21409 1959
is_linear=0
shrinkage=0.03


Tree=183
num_leaves=15
num_cat=0
split_feature=7 2 2 0 2 7 7 6 3 3 0 0 2 6
split_gain=16.3305 18.0862 13.9981 12.0891 10.6294 9.09294 11.6757 8.79711 7.9148 6.60214 4.84798 12.0005 8.68162 4.3657
threshold=0.054753994114120151 0.0066638782940363116 0.0021062118175967973 0.0089077890009516842 0.0034074424238504219 0.093921020462573876 0.087253767619570002 -0.0058003385284512978 1.1545539654804615 -0.50865557526259952 0.0021801009821634802 -0.00090060918446777094 0.0035140349019793615 0.013313655389284309
decision_type=8 8 10 10 8 10 10 10 10 10 10 8 8 10
left_child=1 2 3 -1 5 6 -2 -4 -7 -3 11 -6 -12 -11
right_child=4 9 7 -5 10 8 -8 -9 -10 13 12 -13 -14 -15
leaf_value=-0.0076518904461489274 -0.0010395630496940302 0.003840597280937916 1.4081747880564494e-05 0.0088774257916139927 0.0016177960363690214 0.00046893306307744051 -0.008091141867529638 -0.0019157500816114864 0.012784760865471987 0.0017952387158891021 0.0093481827943869278 -0.0024334301092574441 0.0019719743310643665 -0.0019923242005132871
leaf_weight=463.41486015170813 1404.8726262394339 794.12037751078606 3476.3062105365098 31.918074268847704 3078.8717539012432 2062.5170920193195 246.92062027845532 5224.6965774353594 38.728658503852785 659.35089123249054 148.22906436771154 817.88573361188173 2831.3778789415956 448.19185610115528
leaf_count=18614 18480 3415 22268 371 14915 18483 2906 44391 278 2902 861 4765 13183 1921
internal_value=-6.91216e-05 -0.000876179 -0.0014305 -0.00631345 0.000767906 -0.000503522 -0.00217213 -0.00113871 0.000783829 0.00176657 0.00147027 0.000748079 0.00238904 0.000204715
internal_weight=21727.4 11098 9196.34 495.333 10629.4 3753.04 1651.79 8701 2101.25 1901.66 6876.36 3896.76 2979.61 1107.54
internal_count=167753 93882 85644 18985 73871 40147 21386 66659 18761 8238 33724 19680 14044 4823
is_linear=0
shrinkage=0.03


Tree=184
num_leaves=12
num_cat=0
split_feature=2 1 2 4 1 4 3 3 2 1 4
split_gain=18.7481 19.7799 17.6005 16.8817 7.04674 4.32289 4.29007 3.39032 2.95789 2.93111 0.241872
threshold=0.0013313840679558082 2.625312181747907 0.01006235347145863 0.32687500000000008 1.150230307323705 0.40187500000000004 0.57665754317916784 -0.29315752860848526 0.0011258670578612672 3.0063222569592827 0.35562500000000002
decision_type=8 10 10 8 10 10 10 10 10 10 10
left_child=4 2 3 -2 10 -4 7 -3 -6 -8 -1
right_child=1 6 5 -5 8 -7 9 -9 -10 -11 -12
leaf_value=0 -0.0060241407834109957 0.0040527572859307137 0.0085683628190852852 -0.00020357922983354511 0.006943460317144514 0.0028127561202638727 0 0.014247960097744527 -0.0077747409578925435 0.0050466068793894115 -0.018926341382400784
leaf_weight=3.9373225532472125 450.1030029496178 98.175735738128424 177.99187549948692 19865.608628313988 14.542310698889198 525.00734154880047 168.23390050977468 73.886053632944822 14.465860886499284 300.89551066979766 55.735911506228149
leaf_count=227 3444 477 856 152169 430 2436 848 356 413 1452 4868
internal_value=-7.32099e-05 -1.09928e-05 -0.000173209 -0.000338388 -0.0131203 0.0044539 0.00513543 0.00930242 0 0.00331963 -0.0182986
internal_weight=21748.6 21659.9 21018.7 20315.7 88.6814 702.999 641.191 172.062 29.0082 469.129 59.6732
internal_count=167976 162038 158905 155613 5938 3292 3133 833 843 2300 5095
is_linear=0
shrinkage=0.03


Tree=185
num_leaves=11
num_cat=0
split_feature=2 1 2 7 2 7 4 4 4 0
split_gain=19.2304 19.2669 15.0815 19.8406 8.62939 4.8587 2.4997 1.51687 0.645179 0.104027
threshold=0.0013313840679558082 3.7810991809203216 0.0045804745418079537 0.14653798625209205 0.01006235347145863 0.084856571751616747 0.36062500000000003 0.49062500000000003 0.40687500000000004 -0.006333882628523523
decision_type=8 10 10 8 10 10 10 10 10 10
left_child=5 2 3 -2 -4 6 -1 -3 -7 -8
right_child=1 7 4 -5 -6 8 9 -9 -10 -11
leaf_value=0 -0.001074251654637528 0.0048439736570577889 0.00060000038613737246 0.0030644375453212102 0.0040831786223627826 0.0031050021634709112 0 0.014716940296785832 -0.0041925833637662183 -0.018915069320314962
leaf_weight=3.9672789787873617 12374.278129569255 64.638714089989662 7308.2395150437951 1122.6214228859171 703.19017349183559 11.085880734957756 4.0110210655257097 67.207152612507343 11.468701289035378 57.645241844467819
leaf_count=273 118455 313 32310 7007 3303 371 137 306 535 4647
internal_value=-9.67136e-05 -3.38174e-05 -0.000109207 -0.000723555 0.00091792 -0.0133456 -0.0170014 0.0109824 0 -0.0183425
internal_weight=21728.4 21640.2 21508.3 13496.9 8011.43 88.1781 65.6235 131.846 22.5546 61.6563
internal_count=167657 161694 161075 125462 35613 5963 5057 619 906 4784
is_linear=0
shrinkage=0.03


Tree=186
num_leaves=12
num_cat=0
split_feature=2 1 3 2 2 3 2 4 4 0 1
split_gain=17.4891 16.3392 16.4091 18.2808 11.502 9.65899 9.39245 5.19994 4.16311 1.52166 2.1629
threshold=0.0013313840679558082 0.77767579194285419 0.48194260161650426 0.00235217571412407 0.0062267357866081985 -1.1546591565990316 0.0053927673544491841 0.36687500000000006 0.36062500000000003 0.0089077890009516842 1.7338962950319667
decision_type=8 10 10 10 10 10 8 8 10 10 10
left_child=8 2 3 -2 5 -3 -4 -6 -1 10 -10
right_child=1 4 6 -5 7 -7 -8 -9 9 -11 -12
leaf_value=0.00052409241034985401 -0.0049116563495195777 -0.0091522042847815548 -0.002388023504592759 0.00065075149271317362 0.011649008390749701 0.0011489057688549734 0.00019943176221501945 0.0037925774596841077 -0.018160210116056043 0 0
leaf_weight=9.3390245372429472 552.36557542253286 72.238623289391398 4349.9339712355286 9352.4515907745808 100.48327774554491 4990.1558582168072 1717.2053196132183 495.16994310170412 58.81224104994908 5.4783353917300692 11.865429893136023
leaf_count=471 17215 408 41779 63453 539 28686 7266 2472 5018 100 333
internal_value=1.08775e-05 7.01607e-05 -0.000417764 0.000329858 0.0014564 0.00097233 -0.00164669 0.00538743 -0.012796 -0.0149971 -0.0160363
internal_weight=21715.5 21630 15972 9904.82 5658.05 5062.39 6067.14 595.653 85.495 76.156 70.6777
internal_count=167740 161818 129713 80668 32105 29094 49045 3011 5922 5451 5351
is_linear=0
shrinkage=0.03


Tree=187
num_leaves=14
num_cat=0
split_feature=2 1 1 1 0 4 4 6 4 2 4 2 4
split_gain=16.4254 15.3052 11.5131 9.219 13.2105 10.7114 8.91153 6.88745 5.92034 5.01419 9.7415 5.91672 0.206781
threshold=0.0024039869930330819 0.38961326487564896 3.2882728992079229 -1.2136704744039102 0.0081743192531785764 0.69937500000000008 0.49312500000000009 -0.027250367864836807 0.34062500000000007 0.0014092396667470914 0.35562500000000002 0.0014982742317421387 0.55312500000000009
decision_type=8 10 10 8 10 10 10 10 10 10 10 10 10
left_child=1 9 3 4 -2 -5 8 -8 -3 10 -1 -11 -4
right_child=2 6 12 5 -6 -7 7 -9 -10 11 -12 -13 -14
leaf_value=0.0093993571114418493 -0.0029569145381564445 0.013737262186476794 0.0085809359095418581 0.00050186773057532509 0.0061624799813183107 -0.0034021491708561211 0.0070956146301819215 -0.0062753172025729852 0.00077906601043832352 0.0091350031205414892 -0.019344241498998098 -0.005639839278386456 0.0031418143798333667
leaf_weight=3.6600528620183459 1415.3005371652544 24.626476133242249 131.38520695269108 17603.982533870265 145.88532889634371 643.1022406257689 27.193389520049095 264.7501482302323 655.68031263723969 13.58618643414229 47.536652929149568 655.93841610383242 68.883674718439579
leaf_count=254 11774 306 592 106445 682 4880 201 3845 9228 895 4586 23614 297
internal_value=6.56627e-07 -0.00282499 0.000244031 0.000166719 -0.00203277 0.0003592 -0.00029112 -0.0046374 0.00152727 -0.00611031 -0.0151088 -0.00512171 0.00723386
internal_weight=21701.5 1692.97 20008.5 19808.3 1561.19 18247.1 972.25 291.944 680.307 720.721 51.1967 669.525 200.269
internal_count=167599 42929 124670 123781 12456 111325 13580 4046 9534 29349 4840 24509 889
is_linear=0
shrinkage=0.03


Tree=188
num_leaves=15
num_cat=0
split_feature=2 7 3 4 2 5 5 3 4 0 5 2 3 0
split_gain=12.3832 15.166 13.1616 12.7206 15.7587 13.9307 10.9244 11.3944 8.0003 6.53228 4.4174 4.38125 3.82104 2.31609
threshold=0.0019877204066549993 0.022934408192539373 -0.92523248005020919 0.5056250000000001 0.0073433263091247031 0.29454486507553218 -1.5975068025061918 -1.1511670464935311 0.40187500000000004 -0.0021729698817943284 -0.24916768020327595 0.0035658219514951802 -1.1499489167554555 0.0084137111099452672
decision_type=8 10 10 10 10 8 10 10 10 10 10 10 10 10
left_child=1 12 6 5 -5 -4 11 -8 10 -10 -3 -2 -1 -14
right_child=2 8 3 4 -6 -7 7 -9 9 -11 -12 -13 13 -15
leaf_value=0 -0.0098938418868569564 -0.0020260424533973995 0.0011441079451818483 -0.0018916651116523289 0.0054197027826393277 -0.0011465296357837031 -0.00043530487900110966 0.0025832735177223451 0.0020929506488173554 -0.0068270324949962092 0.006747660042402211 -0.0011771288012569444 -0.014275358024499099 0
leaf_weight=12.701676734257488 84.557157950475812 66.513069578912109 6107.258205588907 5395.2940184287727 265.69484363496304 3896.1569905597717 1597.9500055518001 3541.4931626226753 87.309982661623508 236.13457045797259 117.73567734286189 165.56315876543522 134.4779100860469 6.2338139191269866
leaf_count=640 961 2260 40588 38756 1187 25601 10963 25084 1999 8632 3290 850 6866 88
internal_value=-8.03246e-05 -0.00409302 4.47111e-05 -0.000392394 -0.00152898 0.000245698 0.00132461 0.00163407 -0.00137109 -0.00424869 0.00333026 -0.00462168 -0.0120984 -0.0134732
internal_weight=21715.1 661.107 21054 15664.4 5660.99 10003.4 5389.56 5139.44 507.693 323.445 184.249 250.12 153.413 140.712
internal_count=167765 23775 143990 106132 39943 66189 37858 36047 16181 10631 5550 1811 7594 6954
is_linear=0
shrinkage=0.03


Tree=189
num_leaves=13
num_cat=0
split_feature=5 2 4 2 3 4 7 7 7 0 3 0
split_gain=17.1687 11.8539 11.0938 10.8726 10.4669 10.4572 10.4008 5.56602 4.35478 3.93375 3.5974 2.22129
threshold=-0.74174694672434949 0.002442356624041569 0.74937500000000012 0.0013313840679558082 1.1130926344948266 0.71187500000000015 0.099443182984050318 0.042573250163869203 0.048859740235530767 -0.027512917684473889 1.1544483909896079 -0.0077195679602117808
decision_type=10 10 8 10 8 10 10 10 8 10 10 8
left_child=1 10 3 7 6 -5 -3 -2 -4 -6 11 -1
right_child=2 4 8 5 9 -7 -8 -9 -10 -11 -12 -13
leaf_value=-0.0010515206564437087 -0.019284357831254342 -0.0026539927944124004 0.01525291192792701 0.00048846987256765198 0.0086122318222255981 -0.0054496215217150227 0.0012320507536678347 -0.00084828273381337455 0.0034746863901235748 0.0011246268005333869 0.0043720167421762712 -0.0080568211572983432
leaf_weight=73.255871132016182 27.934386004228145 2878.7970170527697 47.989917155355215 16349.133609211072 64.188769742846489 260.00748989917338 759.32715152949095 37.895726616960019 110.61688974872231 759.15751055069268 13.548841916490344 333.119691752363
leaf_count=584 2411 18635 433 122055 316 2183 4233 2140 555 4417 248 9560
internal_value=-3.65081e-05 -0.00160365 0.000415052 0.000333674 -0.00112604 0.000388679 -0.00182532 -0.0109741 0.00808758 0.00187671 -0.00639425 -0.00699368
internal_weight=21715 4881.39 16833.6 16675 4461.47 16609.1 3638.12 65.8301 158.607 823.346 419.924 406.376
internal_count=167770 37993 129777 128789 27601 124238 22868 4551 988 4733 10392 10144
is_linear=0
shrinkage=0.03


Tree=190
num_leaves=14
num_cat=0
split_feature=7 2 4 4 7 4 4 7 5 4 4 4 7
split_gain=18.6707 19.3849 13.676 12.4775 10.23 8.44205 29.4289 26.4841 9.8733 7.45147 5.39423 5.06059 2.34542
threshold=0.1418067483863894 0.0016064990190196478 0.71062500000000017 0.33062500000000006 0.10957987532263623 0.42187500000000006 0.34062500000000007 0.19725015367461723 1.3525325582671928 0.65812500000000007 0.47312500000000007 0.4043750000000001 0.037406451149912166
decision_type=10 8 10 8 10 10 10 10 10 10 10 10 8
left_child=1 9 3 -3 -4 6 -2 -8 10 11 -7 -1 -11
right_child=5 2 4 -5 -6 8 7 -9 -10 12 -12 -13 -14
leaf_value=-0.0036741310910866003 0.018393453586894492 -0.0042840114865408813 -0.0075811087031461355 0.00024273562586682695 0.0061977000103620988 0.0088072618736486571 -0.010240585256767493 0.01119461298221283 -0.004109018635298568 -0.0013374900623065696 0.0037874972741159373 -0.015340212882328367 0.013169736612710125
leaf_weight=82.332379350904375 47.51818860322237 553.55028843414038 324.04009526968002 19062.491540544666 44.161685403436422 302.27823382616043 206.99794431775808 56.853481017053127 96.984490972012281 5.5682556340470883 835.75101317279041 103.09596704225987 7.9238790115341553
leaf_count=4492 237 3969 3043 139665 260 1696 1656 326 569 342 4835 6508 420
internal_value=0.000147098 -9.41074e-05 0 0.000109819 -0.00564967 0.0033142 -0.000920526 -0.00516261 0.00442886 -0.00918496 0.00523819 -0.0109204 0.00660776
internal_weight=21729.5 20183.2 19984.2 19616 368.202 1546.38 311.37 263.851 1235.01 198.92 1138.03 185.428 13.4921
internal_count=168018 158699 146937 143634 3303 9319 2219 1982 7100 11762 6531 11000 762
is_linear=0
shrinkage=0.03


Tree=191
num_leaves=15
num_cat=0
split_feature=2 1 4 1 0 3 0 2 2 4 4 4 0 2
split_gain=17.1329 25.036 14.9505 13.7837 14.5775 14.2855 12.9245 11.349 11.164 10.1678 7.38755 6.56091 6.28876 5.9916
threshold=0.0029311035973404779 -0.785284227139883 0.65187500000000009 -1.1962808296579921 0.002710909238733739 -0.92523248005020919 -0.0016129606527225391 0.0013313840679558082 0.0026088958670837099 0.32687500000000008 0.59812500000000013 0.46437500000000004 -0.0023766119811986504 0.005442031007640939
decision_type=10 8 10 10 10 10 10 8 10 8 10 10 10 10
left_child=1 8 7 4 6 13 -2 -3 10 -7 -1 -6 -10 -5
right_child=3 2 -4 5 11 9 -8 -9 12 -11 -12 -13 -14 -15
leaf_value=-0.01549407382476793 -0.00082711500220195076 -0.011338594181007616 -0.0067121097237346069 0.0013327952640625129 0.0047128191928527191 -0.0055452853522156599 -0.0076524712492669657 -0.0001032673183912188 0.007452701522413222 0.00017068382519528505 -0.001179498826510603 -0.0022599772503067625 -0.0053632473132246422 0.0039649181844555979
leaf_weight=191.68183497712016 508.3375853933394 73.335267764981836 368.8394116377458 2886.4478192031384 283.93202602118254 276.81524411588907 532.32920053601265 3311.118200821802 33.304749883711338 11717.796023853123 51.908964066766202 185.83978276327252 130.91162293404341 1135.4214501678944
leaf_count=9176 3153 4813 6057 17382 1542 1540 4684 44122 505 63843 2214 1280 2469 4913
internal_value=-0.000116354 -0.00184641 -0.00104979 0.00029178 -0.00243103 0.000553655 -0.00441518 -0.000397079 -0.00883398 2.92615e-05 -0.0128471 0.00183974 -0.00214105 0.00209875
internal_weight=21688 4161.1 3753.29 17526.9 1510.44 16016.5 1040.67 3384.45 407.807 11994.6 243.591 469.772 164.216 4021.87
internal_count=167693 69356 54992 98337 10659 87678 7837 48935 14364 65383 11390 2822 2974 22295
is_linear=0
shrinkage=0.03


Tree=192
num_leaves=13
num_cat=0
split_feature=1 2 4 2 4 6 6 4 2 4 4 4
split_gain=14.8343 14.4082 11.7241 13.1258 12.4687 8.16556 8.25491 8.96816 5.52895 3.61446 9.65945 4.00498
threshold=-1.1471024265438847 0.0016585640722040918 0.66437500000000005 0.0031480768482750865 0.41687500000000005 0.030587453302250548 -0.010415513318590362 0.65187500000000009 0.0069216452242156648 0.41187500000000005 0.38812500000000005 0.64187500000000008
decision_type=8 8 10 10 8 10 10 10 10 10 10 10
left_child=5 9 4 -4 -3 6 8 -8 -1 10 -2 -11
right_child=1 2 3 -5 -6 -7 7 -9 -10 11 -12 -13
leaf_value=0.0021803666015140968 -0.0081058646479039344 -0.00087275982965230451 -0.0063060447777020436 -0.00031973624081436193 0.00097579923197724336 0.0045343856733343025 -0.0051513313231410472 0.003054541638127795 -0.0052344092446325059 -0.013078565729665417 0.0090854257009675594 0
leaf_weight=350.45181748364121 76.557455374393612 4276.4247299255803 468.47269901633263 1140.4183763973415 13709.604054320604 120.42136751115322 1172.4218360902742 117.29812948219478 109.82812568545341 97.273156974930316 32.868630744982511 22.77415479067713
leaf_count=2285 3618 31934 6179 6879 92074 585 13607 1735 451 5519 1707 1162
internal_value=-2.06201e-05 0.000218035 0.000310201 -0.00212806 0.000532704 -0.00256971 -0.00311564 -0.0043411 0.000209849 -0.00708586 -0.00211129 -0.0106479
internal_weight=21694.8 19824.4 19594.9 1608.89 17986 1870.42 1750 1289.72 460.28 229.473 109.426 120.047
internal_count=167735 149072 137066 13058 124008 18663 18078 15342 2736 12006 5325 6681
is_linear=0
shrinkage=0.03


Tree=193
num_leaves=15
num_cat=0
split_feature=2 0 7 5 7 6 3 3 0 2 7 2 2 5
split_gain=18.0634 11.3918 12.2047 10.8905 13.6504 10.3577 9.71373 9.08877 7.30763 6.45342 6.27743 5.57606 3.7705 1.7312
threshold=0.0033663546919533052 -0.0025975140828659589 0.14910434254433766 -1.6728132938283669 0.0099633420119804462 0.05018662551829501 -1.1511670464935311 -1.0270553392371513 -0.023555705579258231 0.0084826783003338312 0.0062642766644998458 0.0030559005382342929 0.0080722935438988647 0.49437795584320082
decision_type=8 10 10 10 8 8 10 10 8 8 10 10 8 10
left_child=1 6 7 8 5 -5 13 -3 -2 -6 -8 -4 -10 -1
right_child=3 2 11 4 9 -7 10 -9 12 -11 -12 -13 -14 -15
leaf_value=-0.0074192004300736702 0.0061093868604704202 1.1382371636327978e-05 0.0049098583695991547 -0.0024344576799827287 0.00095709471143449337 0.00840367746233525 -0.0049891334564189987 -0.0034292421553114888 -0.004597707563936836 0.003412881167500562 0.0014341002602983942 -0.0013432358326745486 0.0021753666260712454 0
leaf_weight=143.22001330414787 60.47441229224205 845.08254050882533 288.49217512551695 1437.4530712030828 11511.458529055119 72.183828048408031 133.25785228749737 3083.1269255392253 608.78098507598042 1071.4140886291862 2118.9298153026029 198.1454209536314 65.30530834197998 53.534282389096916
leaf_count=1286 296 14764 2273 7992 59415 324 1476 50675 3249 4948 18965 1314 280 510
internal_value=6.58415e-05 -0.00120244 -0.00211338 0.000657417 0.000846994 -0.00182485 0.000417274 -0.00267567 -0.00286156 0.00117351 0.00100715 0.00226718 -0.00383162 -0.00576681
internal_weight=21690.9 6863.79 4414.85 14827.1 14092.5 1509.64 2448.94 3928.21 734.561 12582.9 2252.19 486.638 674.086 196.754
internal_count=167767 91263 69026 76504 72679 8316 22237 65439 3825 64363 20441 3587 3529 1796
is_linear=0
shrinkage=0.03


Tree=194
num_leaves=15
num_cat=0
split_feature=1 0 0 0 3 7 4 1 4 3 4 0 5 7
split_gain=13.7809 14.7144 14.142 15.1337 11.9851 12.1138 10.1279 9.82693 9.789 9.64901 6.95581 4.49792 4.36857 3.4301
threshold=-0.56290049079137139 0.0084137111099452672 -0.0023766119811986504 0.0010150316866403 0.57665754317916784 0.0012993573112333871 0.51062500000000011 1.3466660082386379 0.48187500000000005 0.75822356126926971 0.36562500000000003 0.012453430536371603 -0.12823157882055558 0.015114751392157847
decision_type=10 10 8 10 10 10 10 10 10 8 8 10 8 8
left_child=1 2 10 -4 5 -2 13 12 -7 -9 -1 -8 -6 -3
right_child=4 6 3 -5 7 8 11 9 -10 -11 -12 -13 -14 -15
leaf_value=0.0068407343841301628 -0.0080972792713942636 0.010626231570881137 -0.0052748493870746881 -0.001065527981637454 -9.2586535257004014e-05 0.0022431495024519059 0.00074378617639936709 -0.0025169757988487275 0.00025366550593072481 0.0026765549933236202 -9.7031734433767789e-05 -0.008591930558543414 -0.0019022116717393562 0.0035631933870919549
leaf_weight=130.64455440687016 111.55203672731295 87.461769182235003 1393.5442995601334 1814.0330744148232 2271.8333248081617 5159.6538149300031 84.962089454755187 397.93716270662844 4044.2248713402078 1394.792802689597 1541.0446373447776 68.859869360923767 2725.2425630772486 406.20559741556644
leaf_count=877 923 424 20705 17615 16931 37554 475 2195 28857 7704 10585 334 20354 1905
internal_value=0.000102382 -0.00118548 -0.00175802 -0.00292364 0.000548515 0.00124825 0.0029989 -0.000403106 0.0013767 0.00148288 0.000446938 -0.00333855 -0.00109331 0.00511979
internal_weight=21632 5526.76 4879.27 3207.58 16105.2 9315.43 647.489 6789.81 9203.88 1792.73 1671.69 153.822 4997.08 493.667
internal_count=167438 52920 49782 38320 114518 67334 3138 47184 66411 9899 11462 809 37285 2329
is_linear=0
shrinkage=0.03


Tree=195
num_leaves=14
num_cat=0
split_feature=2 7 4 4 4 4 4 4 4 4 7 7 0
split_gain=13.2927 11.2117 18.6539 16.3471 10.6814 9.22877 8.00921 5.29303 5.55844 16.6644 2.06176 1.99562 2.37325
threshold=0.0016585640722040918 0.094813598781161884 0.32687500000000008 0.5056250000000001 0.31437500000000002 0.73812500000000014 0.35312500000000008 0.63187500000000008 0.40687500000000004 0.38812500000000005 0.13299988772034707 0.064046884161811687 0.0013063039661518341
decision_type=8 8 8 10 10 10 8 10 10 10 10 10 8
left_child=7 2 4 -4 -2 6 -3 8 9 -1 -10 12 -9
right_child=1 5 3 -5 -6 -7 -8 11 10 -11 -12 -13 -14
leaf_value=-0.0099679493803320439 -0.0012147762440415659 0.0073382437797178098 0.00041338312629304874 -0.0016059025654329095 -0.011337802848254147 0.011209721783238884 0.0007372979999327754 0.013129471004721368 -0.014472351316957592 0.013851350624013556 0 -0.004040462027805513 -0.00040326823001753234
leaf_weight=77.480045470874757 194.72579843271524 164.21252143755555 10394.948489761911 5494.5761979017407 208.85169283766299 72.006501361727715 4959.2973791668192 13.421987215988336 98.82275345781818 26.965451916214079 7.8129285965114823 6.002058506011962 6.991940174251801
leaf_count=3978 1626 925 76189 43314 1453 446 30867 753 6346 1362 146 322 309
internal_value=-0.00014233 -5.98661e-05 -0.00044952 -0.00028168 -0.006746 0.00114908 0.000974434 -0.00705731 -0.00869669 -0.00262112 -0.0133981 0.0031857 0.00791302
internal_weight=21726.1 21488.6 16293.1 15889.5 403.577 5195.52 5123.51 237.497 211.081 104.445 106.636 26.416 20.4139
internal_count=168036 154820 122582 119503 3079 32238 31792 13216 11832 5340 6492 1384 1062
is_linear=0
shrinkage=0.03


Tree=196
num_leaves=12
num_cat=0
split_feature=1 2 3 5 3 1 0 0 0 4 4
split_gain=12.6561 15.5906 15.2283 16.0739 8.1178 7.82488 7.38053 17.5705 11.2007 4.81995 3.96374
threshold=1.4118157547156993 0.0015933974398020996 0.48194260161650426 -1.5605242115668285 -1.1545828115311243 -1.7017259802264992 -0.0059925444233398508 0.0065866185440964795 -0.012659548797972984 0.35562500000000002 0.65812500000000007
decision_type=10 8 10 10 10 8 10 10 10 10 10
left_child=1 9 3 -3 -2 -4 8 -8 -6 -1 -11
right_child=4 2 5 -5 6 -7 7 -9 -10 10 -12
leaf_value=0.0039504977141679954 -0.0084342574096255025 -0.0045652791812868876 -0.0090030151828868112 0.00061131586770815161 0.001971006351047115 -0.0012612345202427091 0.0081745498770073831 0.00118086705394359 -0.0043100518914204822 -0.013171718862845632 0.00099920887056078418
leaf_weight=9.251046313904224 57.58500818349421 556.80785505101085 112.62552829273045 10707.034109811299 909.5676758736372 7340.6130934944376 464.9373730905354 1110.9554244894534 342.65234149061143 121.48567802784964 10.138085898943244
leaf_count=522 311 4434 1082 81861 4342 54796 3691 5567 1939 9010 635
internal_value=-0.000140579 -0.000426475 -0.000345542 0.000346276 0.00170204 -0.00139817 0.00195856 0.00332059 0.000184218 -0.0100462 -0.0116631
internal_weight=21743.7 18858 18717.1 11263.8 2885.7 7453.24 2828.11 1575.89 1252.22 140.875 131.624
internal_count=168190 152340 142173 86295 15850 55878 15539 9258 6281 10167 9645
is_linear=0
shrinkage=0.03


Tree=197
num_leaves=10
num_cat=0
split_feature=1 7 6 5 6 3 6 3 0
split_gain=14.4787 13.7672 18.8677 12.7036 11.6216 6.55071 5.71786 2.58415 1.76127
threshold=3.2882728992079229 0.015824001392415389 0.053059060985795277 -1.4086963361635039 -0.0037127266891614492 1.1044346048004985 -0.0049679311447068377 1.1463463474855231 -0.019730210586930582
decision_type=10 8 10 10 10 8 10 10 10
left_child=1 2 6 5 -5 -3 -1 8 -2
right_child=7 3 -4 4 -6 -7 -8 -9 -10
leaf_value=-0.0007600627873181802 0.0029940759702147051 -0.0036349069799029542 0.0098224115367802362 0.0014070091106856018 -0.00019750828918170741 0.001064903872220099 -0.0033228746178535413 0.0012384317266934007 0.011296730140147497
leaf_weight=1454.1977624371648 68.250232309103012 1066.796670043841 109.5083255469799 6991.0837792246602 9549.3921346636489 326.09681823058054 1915.7267294144258 80.891211554408073 114.80152919329703
leaf_count=10404 322 8442 509 45666 79080 2306 19926 399 585
internal_value=0 -9.0165e-05 -0.00181633 0.000242228 0.00047748 -0.0024921 -0.00224024 0.00685069 0.00882735
internal_weight=21676.7 21412.8 3479.43 17933.4 16540.5 1392.89 3369.92 263.943 183.052
internal_count=167639 166333 30839 135494 124746 10748 30330 1306 907
is_linear=0
shrinkage=0.03


Tree=198
num_leaves=14
num_cat=0
split_feature=7 2 4 5 4 7 0 2 4 2 5 0 5
split_gain=13.8713 17.4372 13.1057 11.7301 12.5117 12.0242 10.0952 8.36195 6.47522 6.19954 5.86627 5.86588 5.58414
threshold=0.026621410940203611 0.002734849764020508 0.34062500000000007 -1.5605242115668285 0.67937500000000017 0.14653798625209205 -0.014230892624115086 0.0029038696640386469 0.31437500000000002 0.0038080536024029036 -0.44799779844382287 -0.030186480072467822 -2.3082413312824976
decision_type=8 10 8 10 10 8 10 10 10 10 10 8 10
left_child=1 6 8 11 5 -5 -1 -4 -3 -6 -8 -2 -13
right_child=3 2 7 4 9 -7 10 -9 -10 -11 -12 12 -14
leaf_value=0.0064433711569348139 0.0068733129895727921 0 0.0058770461811508117 0.00059956284192047528 -0.0043786435665154645 0.0037877918159830086 -0.010444299753300464 -0.00056326695542921663 -0.012372342393917104 0.00090131360160351315 -0.0041892568093556837 0.00074559746791136913 -0.0046049042750276065
leaf_weight=47.700068037956953 40.868842042982578 47.519113384187222 177.75110953301191 12850.930433195084 628.49596461188048 1163.7980606174096 229.39758131373674 4707.5826752893627 114.23523566126823 262.41007251292467 510.99434167798609 205.40375386411324 703.11039458820596
leaf_count=290 209 363 1974 95433 6253 6903 6229 28154 763 1367 13196 1504 5384
internal_value=-1.92086e-05 -0.00127115 -0.000604884 0.000438276 0.0006481 0.000871107 -0.0054018 -0.000305155 -0.00876318 -0.00276413 -0.00632059 -0.00276591 -0.00333495
internal_weight=21690.2 5835.18 5047.09 15855 14905.6 14014.7 788.092 4885.33 161.754 890.906 740.392 949.383 908.514
internal_count=168022 50969 31254 117053 109956 102336 19715 30128 1126 7620 19425 7097 6888
is_linear=0
shrinkage=0.03


Tree=199
num_leaves=13
num_cat=0
split_feature=1 2 7 4 4 5 7 2 2 1 7 3
split_gain=16.728 20.2718 10.4788 12.6715 9.60483 7.57812 4.47471 4.28415 4.89386 4.31268 3.2963 3.08684
threshold=2.1836158683276099 0.0019877204066549993 0.14653798625209205 0.71187500000000015 0.39437500000000009 1.0083954554713952 0.099443182984050318 0.0013313840679558082 0.0014982742317421387 1.4477018921011204 0.013695087745505499 -1.0988557788070012
decision_type=10 8 10 10 10 10 10 10 10 10 10 10
left_child=1 7 3 -3 -4 10 -7 9 -9 -1 -2 -12
right_child=5 2 4 -5 -6 6 -8 8 -10 -11 11 -13
leaf_value=-0.016074519872824464 -0.00011680533517694505 -0.00026255121344934362 -0.0055779551285393509 -0.006143149709925572 0.003568156484825934 -0.0056680312775951782 0.0034534484827868097 0.003309470856304795 -0.0056975738940811104 0.00015039927822477607 -0.00018927430639858043 0.0055699882316229818
leaf_weight=57.239201382733881 102.17834165506065 18576.911181877367 101.4952853359282 327.10648201219738 997.14868991822004 112.37254814989865 63.342463314533234 46.515608196146786 429.46788827423006 9.550032517872749 70.585601547732949 786.82005446217954
leaf_count=5312 559 129585 671 2960 5827 605 295 2557 14472 342 359 4072
internal_value=-0.000162481 -0.000361653 -0.00020183 -0.000370673 0.00262641 0.00336121 -0.00204791 -0.00603279 -0.00464391 -0.0132557 0.0044245 0.00502997
internal_weight=21680.7 20545.4 20002.7 18904 1098.64 1135.3 175.715 542.773 475.983 66.7892 959.584 857.406
internal_count=167616 161726 139043 132545 6498 5890 900 22683 17029 5654 4990 4431
is_linear=0
shrinkage=0.03


Tree=200
num_leaves=15
num_cat=0
split_feature=6 1 2 0 0 2 0 2 5 4 1 6 2 2
split_gain=17.116 17.5509 16.9968 9.47964 9.38046 9.3643 6.4562 7.33853 6.32055 7.71054 4.58453 4.40132 2.2758 0.767582
threshold=-0.0032830974870829972 1.9610083703676942 0.0020882479789558219 0.0025712019759165376 0.012453430536371603 0.0043497958137187591 0.0019432383699117264 0.0033790425544059106 -1.4086963361635039 0.47312500000000007 0.27094022556165259 0.047651340801809113 0.0051512152574994261 0.007831627661724792
decision_type=8 8 10 10 10 10 8 10 10 10 10 10 8 10
left_child=4 2 3 -2 8 -4 7 -3 10 -10 -1 -8 -6 -14
right_child=1 6 5 -5 12 -7 11 -9 9 -11 -12 -13 13 -15
leaf_value=-0.0043129354019405073 -0.010345450256479871 0.0019310763816624836 -0.0017963400424708443 -0.0012287984092586217 0.011257463260202232 -1.4044114195833924e-05 0.00013058972175758362 0.016320276980010522 0.0016785786922094523 -0.0001306342645762982 6.9954913679991232e-05 0.0053751793583019618 0.0011513458254575665 0.0060431369104324926
leaf_weight=373.69281163299456 274.78605616604909 86.352155381813645 6086.38317393139 190.75311749335378 67.876093298196793 4818.9382060244679 500.91410829685628 58.766305163502693 4477.8557367669418 3907.4940080437809 428.26613856758922 207.94312499463558 107.88021525740623 82.31659010052681
leaf_count=3009 15092 617 58088 4488 301 21804 2673 260 30385 27025 2360 902 455 401
internal_value=-0.000205616 -0.000948551 -0.00126457 -0.0068405 0.00074958 -0.00101499 0.00315582 0.00882131 0.000580309 0.000829204 -0.00192643 0.00180593 0.00630534 0.00376431
internal_weight=21670.2 12224.8 11370.9 465.539 9445.38 10905.3 853.976 145.118 9187.31 8385.35 801.959 708.857 258.073 190.197
internal_count=167860 103924 99472 19580 63936 79892 4452 877 62779 57410 5369 3575 1157 856
is_linear=0
shrinkage=0.03


Tree=201
num_leaves=15
num_cat=0
split_feature=2 4 0 0 1 4 4 2 0 0 4 4 0 0
split_gain=13.0501 15.0437 11.2464 17.5276 25.7064 13.9771 10.8966 9.45926 7.86076 7.60555 5.88729 5.22505 4.02155 1.04682
threshold=0.0060445863019311158 0.36437500000000006 -0.0026704602486051772 0.00073159687048307564 1.2283440343456784 0.38812500000000005 0.47312500000000007 0.0019877204066549993 -0.0099134581636119972 0.011318902850639192 0.37937500000000007 0.32312500000000005 -0.0031582197877911829 -0.0013797666008712459
decision_type=10 10 8 10 10 8 10 8 10 10 10 8 10 8
left_child=2 9 6 4 -4 -5 7 -1 -8 11 13 -2 -12 -3
right_child=1 10 3 5 -6 -7 8 -9 -10 -11 12 -13 -14 -15
leaf_value=-0.0061703461425656261 -0.0015329840697995952 -0.0011903068691949575 -0.0037645326362822223 -0.0036337797255926608 0.0080850836085988222 9.6807408403370377e-05 -0.0024718021010390759 0.0020326584300448332 0.00053348061841337652 0.013180873930959283 -0.00030622209022293062 0.0059023247036161901 0.001754426216835145 -0.0078473201108008647
leaf_weight=118.94053469365463 98.642965823411942 70.823222696781158 2785.6256156596355 1019.0014995718375 162.8857576129958 7221.7325228336267 1365.270487556234 3165.0208792574704 1758.8299200478941 108.91145226359367 1348.1478874087334 284.55583012104034 2110.0622376352549 66.714097589254379
leaf_count=2624 441 317 39636 9859 1380 57625 6534 18759 13643 486 6026 1293 8987 292
internal_value=-0.000148345 0.00137261 -0.00050565 -0.00108092 -0.00306452 -0.000361068 0.000489613 0.00169951 -0.000764417 0.00625236 0.000672646 0.00384542 0.000935237 -0.00513907
internal_weight=21685.2 4087.86 17597.3 11189.2 2948.51 8240.73 6408.06 3283.96 3124.1 492.11 3595.75 383.199 3458.21 137.537
internal_count=167902 17842 150060 108500 41016 67484 41560 21383 20177 2220 15622 1734 15013 609
is_linear=0
shrinkage=0.03


Tree=202
num_leaves=15
num_cat=0
split_feature=1 0 0 3 3 5 6 1 5 7 1 0 0 0
split_gain=12.5072 13.6783 11.3683 8.26201 12.1481 8.46307 8.12338 8.06405 9.61433 6.7531 5.95861 5.16864 4.91191 11.8469
threshold=-0.73181136835468374 0.0018863075458170899 -0.0019755700593828691 -0.93710052337625316 -1.1511670464935311 0.62032947999722898 -0.0061732950896438146 2.1836158683276099 0.94438895266133571 0.042122279824431792 -0.75384282560722904 0.00077803674575371861 0.010305087018099403 0.01546779032227741
decision_type=10 10 8 10 10 10 8 10 10 10 10 10 10 10
left_child=1 2 10 4 5 -2 -4 9 -9 -5 -1 -6 -3 -14
right_child=3 12 6 7 11 -7 -8 8 -10 -11 -12 -13 13 -15
leaf_value=-0.00015418615898766646 -0.0020722739297639879 0 -0.00056391028139492541 -0.0009413704651859983 0.0014941659111797347 0.0033732682367123789 -0.0060408563229815953 0.0040757397464972825 -0.0032580722774643699 0.00050060577863693379 -0.0097218190856452214 0.0041772798844390653 0.0088244338791301224 -0.0019524166872963513
leaf_weight=1321.314871321898 986.47063897736371 1266.5179762570187 363.20912783266976 4800.8197975535877 1457.6926832119934 331.47420273860916 951.06941789295524 840.39369322918355 181.33990284614265 7415.0565703567117 52.192564060445875 1341.5979124023579 191.70135169290006 149.3975636176765
leaf_count=9551 7129 10529 3389 39233 11291 2392 16331 4390 935 51047 359 9729 916 654
internal_value=0.000157985 -0.00128554 -0.00259696 0.000519253 0.00169263 -0.000642403 -0.00458826 0.00014877 0.002697 -6.14874e-05 -0.000628761 0.00281173 0.000872445 0.00401223
internal_weight=21650.2 4295.4 2687.79 17354.8 4117.24 1317.94 1314.28 13237.6 1021.73 12215.9 1373.51 2799.29 1607.62 341.099
internal_count=167875 41729 29630 126146 30541 9521 19720 95605 5325 90280 9910 21020 12099 1570
is_linear=0
shrinkage=0.03


Tree=203
num_leaves=15
num_cat=0
split_feature=7 2 1 3 7 6 1 6 2 3 6 2 0 0
split_gain=12.8552 15.29 12.3981 11.0678 9.98733 11.1175 9.69793 9.58293 8.91928 8.57873 10.2066 9.1978 8.40565 6.59253
threshold=0.024044359966650223 0.0039104420775709688 0.5756127726881014 -0.63280050883587435 0.14412097565984719 0.060903767619051592 -0.64125877388447217 0.01181076142711124 0.0069216452242156648 -0.0571749643098673 0.038604001413766305 0.0029167956340290162 0.0039233936151182877 -0.022131525567186557
decision_type=8 10 10 10 10 10 10 10 10 10 10 8 10 10
left_child=1 6 9 -3 8 -6 7 -1 -4 10 -2 -11 -8 -5
right_child=2 3 4 13 5 -7 12 -9 -10 11 -12 -13 -14 -15
leaf_value=-0.0083456235826928609 0.00033304031916010698 0.0027675515277134264 0.00070820750507564925 0.005878224871154838 0.0061370833405491399 -0.0027974329537588799 -0.00059238848441953412 0.0028321196890868186 0.0055730229316476171 -0.0041046521275216316 0.0050795641671379024 -0.00043576289359823286 -0.0050706159033335014 -0.0015532057050270361
leaf_weight=430.640806092415 5318.8662179675885 1031.8483580648899 4399.7959223194048 101.934475004673 722.97627002745867 135.01335347443819 1366.593485024292 67.881971523631364 364.5821031704545 721.56511018704623 436.17912669107318 4253.6548819541931 534.66807208955288 1757.8252970725298
leaf_count=9515 45263 5119 26727 482 3730 590 17131 897 1919 16153 2148 25048 4629 8617
internal_value=0.000103678 -0.00117678 0.000522143 0.000274175 0.00166241 0.00464599 -0.00294389 -0.00667984 0.00110394 -7.07282e-05 0.000711377 -0.00098707 -0.00190308 -0.00108454
internal_weight=21644 5291.39 16352.6 2891.61 5622.37 857.99 2399.78 498.523 4764.38 10730.3 5755.05 4975.22 1901.26 1859.76
internal_count=167968 46390 121578 14218 32966 4320 32172 10412 28646 88612 47411 41201 21760 9099
is_linear=0
shrinkage=0.03


Tree=204
num_leaves=15
num_cat=0
split_feature=3 5 7 6 6 7 4 4 4 4 0 7 7 7
split_gain=11.7743 13.8915 9.34132 15.0481 7.76806 6.27137 5.43672 7.06447 5.2626 9.31112 4.11474 4.06463 4.99694 3.49168
threshold=0.57665754317916784 -1.5605242115668285 0.0032477245262888255 0.03598493855181318 -0.0037127266891614492 0.094813598781161884 0.38437500000000008 0.39312500000000006 0.5056250000000001 0.50187500000000007 0.011318902850639192 0.01300250469448193 0.10229160609044675 0.14910434254433766
decision_type=10 10 10 10 10 8 10 10 8 10 10 8 10 8
left_child=1 11 3 -3 -4 8 13 -8 9 -2 -10 -1 -13 -7
right_child=5 2 4 -5 -6 6 7 -9 10 -11 -12 12 -14 -15
leaf_value=0.001734870180143414 -0.00091624511867380504 -0.0051368078979701862 0.0017873159524348446 0.012138713473879979 0.00024521357205000566 0.007293104391667987 -0.010004971154617825 0.00033313613790850898 -0.0030675227733076666 0.010399675734645779 0.00072918051390475584 -0.0061944068695361848 0.00032551578140608585 -0.00039026378217082259
leaf_weight=83.532327461987734 4138.7418500827625 429.24481943342835 5241.9222351298667 39.400729786604643 6929.2846533497795 151.39555371180177 51.546446176245809 1767.4158517159522 1909.0401867637411 55.826181614305824 264.33346344530582 431.74290803261101 115.44150724355131 56.902199439704418
leaf_count=809 32521 3922 35328 188 60391 1009 343 10930 15992 438 1269 3665 797 286
internal_value=-2.47962e-05 0.000528483 0.000750348 -0.00333578 0.000915217 -0.00090611 0.000523898 0 -0.00137087 -0.000726993 -0.00257705 -0.00376646 -0.00473004 0.0049976
internal_weight=21665.8 13270.6 12639.9 468.646 12171.2 8395.2 2027.26 1818.96 6367.94 4194.57 2173.37 630.717 547.184 208.298
internal_count=167888 105100 99829 4110 95719 62788 12568 11273 50220 32959 17261 5271 4462 1295
is_linear=0
shrinkage=0.03


Tree=205
num_leaves=10
num_cat=0
split_feature=1 5 7 6 5 6 7 6 5
split_gain=11.718 10.4413 8.89655 8.32248 8.04138 8.97346 7.86897 5.16508 1.64283
threshold=3.7810991809203216 -0.75550365819916032 0.15535315416955706 -0.0030071834447218389 0.84096832325030879 0.095688572407011577 0.017553809914878173 0.031504865548454226 -0.14840819313211687
decision_type=10 10 10 8 10 10 8 10 8
left_child=1 2 3 -1 5 -3 -6 -4 -2
right_child=8 4 7 -5 6 -7 -8 -9 -10
leaf_value=-0.00012550068101517108 0.0034022219943546095 0.0006516332430513542 0.0076107376665346888 -0.0027289377922938528 -0.0035255326039742999 0.0097617063867462637 -0.0001484154839656819 -0.0018116023477928206 0.012575105282481236
leaf_weight=2112.5945872352459 69.064217399805784 12486.546011522412 146.60167181305587 2432.0160266761668 760.92584087559953 89.204892098903656 3425.9756670398638 60.273944463580847 60.616947824135423
leaf_count=14422 338 96797 919 21591 6862 403 25973 322 294
internal_value=5.14808e-05 -1.96307e-06 -0.00124456 -0.00153482 0.000347214 0.000728727 -0.000783406 0.0046319 0.00871277
internal_weight=21643.8 21514.1 4751.49 4544.61 16762.7 12575.8 4186.9 206.876 129.681
internal_count=167921 167289 37254 36013 130035 97200 32835 1241 632
is_linear=0
shrinkage=0.03


Tree=206
num_leaves=15
num_cat=0
split_feature=7 1 2 7 4 5 2 0 0 5 4 7 0 2
split_gain=14.1398 13.9762 15.6032 8.56851 8.46173 6.51399 6.26352 4.85018 3.88414 3.83637 3.11276 3.09688 5.66179 3.40965
threshold=0.0049113831123673559 1.3466660082386379 0.00235217571412407 0.095653675984470235 0.5056250000000001 0.97579997062347068 0.0039478601575500165 0.0038338211966330031 0.0056518102358001929 1.0424573182314743 0.57562500000000016 0.0032477245262888255 0.0061021807851154861 0.0034074424238504219
decision_type=10 10 10 10 10 10 8 10 10 10 10 10 10 10
left_child=6 2 7 5 -4 -3 11 -2 -5 10 -8 13 -13 -1
right_child=1 3 4 8 -6 -7 9 -9 -10 -11 -12 12 -14 -15
leaf_value=-0.0043689773006471378 -0.0047891335049332967 0.0015499622069260245 0.00056229295130900319 0.0057978373535074578 -0.00085137243693805451 -0.0032206400135715708 -0.003342599917165632 0 0.0019766926072702384 0.0040282387862493963 0.0015830340800281513 -0.0046856870236012867 0.0075239447533455876 -0.011698109807683755
leaf_weight=216.90455121872947 813.22957381466404 1544.3402906600386 10565.987944057211 603.81444040127099 5939.7189900763333 293.41502378880978 453.04268537461758 216.52473231870681 519.39240356907248 92.320187516510487 128.5773368999362 141.72411876730621 31.96978687401861 120.99324990808964
leaf_count=3799 29846 9096 66722 3103 41154 1721 2168 3762 2438 448 668 2069 247 877
internal_value=-3.41837e-05 0.000147933 -0.000171192 0.00205227 4.97331e-05 0.000742511 -0.00320785 -0.00373648 0.00411685 -0.00116417 -0.00214393 -0.00571111 -0.00182452 -0.00742665
internal_weight=21682 20496.4 17535.5 2960.96 16505.7 1837.76 1185.53 1029.75 1123.21 673.94 581.62 511.592 173.694 337.898
internal_count=168118 157842 141484 16358 107876 10817 10276 33608 5541 3284 2836 6992 2316 4676
is_linear=0
shrinkage=0.03


Tree=207
num_leaves=15
num_cat=0
split_feature=2 5 1 2 0 7 7 2 0 1 7 3 5 3
split_gain=12.2745 14.527 11.7197 9.44591 9.16524 6.50686 6.35423 6.30114 8.24236 6.45589 4.69272 5.93482 4.51949 2.89508
threshold=0.0028756279559095919 -0.86720654544359299 -0.7106732758758002 0.0028034044645827189 -0.004146248308437738 0.092180867337696967 0.0012993573112333871 0.01006235347145863 0.00086971682337455569 -1.4268424186073871 0.00034723340369877213 -0.5779277558198993 1.1135758388522234 1.1385915660143022
decision_type=10 10 8 10 8 10 10 10 10 10 10 10 10 10
left_child=1 4 12 -4 13 -6 10 9 -9 -8 -2 -12 -3 -1
right_child=6 2 3 -5 5 -7 7 8 -10 -11 11 -13 -14 -15
leaf_value=-0.0026300138385337186 0.0019772380044005985 -0.003601426865551486 0.00066690499784106299 -0.005323852729655759 -0.0098396684029032726 -0.00082951955752990237 -0.0022204848077856903 -0.00019295250561133075 0.0061260510823274474 0.00050616984831313285 0 -0.010697334660395443 -0.01322892609264753 0.0040485424225692014
leaf_weight=180.80291924532503 60.412235517054796 275.89866602933034 2524.6060716225766 250.90485840290785 343.08890717336908 112.08356744563207 805.00689609721303 312.71085969358683 389.98591945320368 16066.995451241732 67.822174798697233 111.64577316120267 57.373700534459203 71.382870790548623
leaf_count=1652 365 10286 39365 2158 8793 1731 5954 1525 1799 90390 424 684 2152 548
internal_value=8.83916e-05 -0.00144989 -0.000538544 8.66349e-05 -0.0053082 -0.00781548 0.000421909 0.000492249 0.00326656 0.000371282 -0.00430488 -0.00672898 -0.00577071 -0.000428445
internal_weight=21630.7 3816.14 3108.78 2775.51 707.358 455.172 17814.6 17574.7 702.697 16872 239.88 179.468 333.272 252.186
internal_count=167826 66685 53961 41523 12724 10524 101141 99668 3324 96344 1473 1108 12438 2200
is_linear=0
shrinkage=0.03


Tree=208
num_leaves=9
num_cat=0
split_feature=1 4 1 7 4 4 3 4
split_gain=18.3233 11.2351 10.8299 10.1844 13.7971 12.6933 9.86088 9.29973
threshold=3.7810991809203216 0.66437500000000005 -1.5125736617201679 0.10957987532263623 0.70562500000000006 0.71187500000000015 0.80336102075095717 0.46312500000000006
decision_type=10 10 8 10 10 10 10 10
left_child=1 2 7 5 -5 -3 -4 -1
right_child=-2 3 6 4 -6 -7 -8 -9
leaf_value=-0.00020386338289960063 0.010784364528621193 -0.0020182275846083813 0.00068768364758199619 -0.0020510397695693208 0.00907844158191011 -0.009250917504684486 -0.00082623472005273176 -0.0074055212782449297
leaf_weight=372.61662193574011 130.77388024330139 989.63194948947057 13761.829118561 295.13534633163363 136.48318685218692 287.97376071382314 5350.7819472495466 302.02383901365101
leaf_count=3351 640 9735 105851 1998 830 2790 39395 3286
internal_value=-8.85855e-07 -7.42718e-05 0.000124901 -0.00240226 0.00145826 -0.00375427 0.000260498 -0.00357662
internal_weight=21627.2 21496.5 19787.3 1709.22 431.619 1277.61 19112.6 674.64
internal_count=167876 167236 151883 15353 2828 12525 145246 6637
is_linear=0
shrinkage=0.03


Tree=209
num_leaves=11
num_cat=0
split_feature=1 2 2 4 1 1 4 6 4 4
split_gain=15.7575 11.7802 10.0958 13.0983 9.47097 8.28757 6.24584 2.01121 3.75182 1.45058
threshold=3.2882728992079229 0.0019877204066549993 0.0020166696977497881 0.42562500000000009 -1.4268424186073871 -0.26497564792983674 0.41812500000000002 0.034711299341133824 0.49062500000000003 0.35312500000000008
decision_type=10 8 8 10 8 10 10 10 10 10
left_child=1 5 3 -3 -4 9 -7 8 -2 -1
right_child=7 2 4 -5 -6 6 -8 -9 -10 -11
leaf_value=0 0.00027020967211032843 0.022680337448027055 -0.0029506801246592233 -0.0010661535255255749 0.00015114240444274917 0.0011285743398689043 -0.0054317894660597466 0.0123794550990887 0.0089083144694150507 -0.011925613030963062
leaf_weight=8.6363763166591507 108.91806048154831 30.59161741565913 917.25966667290777 32.197298474609852 19801.481821272522 234.9594804761 247.79060452710837 62.306541100144386 93.278124893084168 110.29374197078869
leaf_count=661 580 622 8226 735 133407 6341 7374 266 454 9168
internal_value=2.26263e-05 -6.62476e-05 5.16533e-05 0.0112056 9.56683e-06 -0.00417081 -0.00215892 0.00716671 0.00476996 -0.011071
internal_weight=21647.7 21383.2 20781.5 62.7889 20718.7 601.68 482.75 264.503 202.196 118.93
internal_count=167834 166534 142990 1357 141633 23544 13715 1300 1034 9829
is_linear=0
shrinkage=0.03


Tree=210
num_leaves=15
num_cat=0
split_feature=6 4 1 6 2 3 1 4 4 2 5 5 5 6
split_gain=12.2531 12.746 11.4924 13.0874 10.6335 8.43927 5.85997 9.22204 8.8673 14.2342 8.5522 7.42306 6.54378 5.27121
threshold=-0.0048010771133695221 0.67937500000000017 -1.6150355683916431 0.0014451425405379583 0.0044841474273327941 -0.64400362141591383 0.43980653992337643 0.52187500000000009 0.67187500000000011 0.0035814386601532833 -1.5283810123781432 0.82771345938226948 0.55018284340177692 0.023944482651099722
decision_type=8 10 8 10 10 8 10 8 8 10 8 10 8 10
left_child=6 2 3 -2 13 -4 8 11 9 -1 -9 -8 -10 -3
right_child=1 4 5 -5 -6 -7 7 10 12 -11 -12 -13 -14 -15
leaf_value=-0.002489037678591688 -0.014034142312025637 -0.0038759770930087705 0.00098791942461219076 -0.0013181772709304599 0.0047492390849993736 -0.00070501770500260659 0.0036795051222006706 0.0066345052463214907 0.0070509786489295232 0.00099374867160070585 -0.0013066299814144173 -0.00081083855341175797 -0.00060262555747030697 -0.010730522370703087
leaf_weight=1503.5305604822934 104.2671762672253 472.40164381451905 4015.1044082143344 242.85855352599174 85.453330881893635 7704.7326950258575 1988.9642721423879 128.11605460289866 276.99277598131448 3478.9781982377172 996.84654438868165 368.25409342069179 131.50584579445422 154.15847539901733
leaf_count=18229 1624 6067 35082 2218 406 64409 11216 660 2100 16641 5332 2141 1022 968
internal_value=6.7862e-05 -0.000523689 -0.000286454 -0.00559174 -0.00440152 -0.000119571 0.000926187 0.00188686 0.000292212 -4.80855e-05 -0.000298903 0.0029522 0.0044882 -0.0057988
internal_weight=21652.2 12779 12067 347.126 712.013 11719.8 8873.19 3482.18 5391.01 4982.51 1124.96 2357.22 408.499 626.56
internal_count=168115 110774 103333 3842 7441 99491 57341 19349 37992 34870 5992 13357 3122 7035
is_linear=0
shrinkage=0.03


Tree=211
num_leaves=14
num_cat=0
split_feature=1 7 4 0 1 6 4 4 1 4 4 7 7
split_gain=9.981 13.5578 8.87802 11.575 10.8387 7.38788 8.40628 7.28355 19.502 12.7963 11.2015 7.84369 3.20517
threshold=0.98821406175250937 0.14412097565984719 0.49437500000000006 0.010010201968497336 3.2882728992079229 0.056631179254033277 0.43062500000000009 0.74937500000000012 -1.0000000180025095e-35 0.71437500000000009 0.73812500000000014 0.12061692563016281 0.1631402089546222
decision_type=10 10 8 10 10 10 10 8 8 10 10 10 8
left_child=7 2 3 -2 -4 6 -3 9 -9 11 -11 -1 -10
right_child=1 5 4 -5 -6 -7 -8 8 12 10 -12 -13 -14
leaf_value=-0.00010687126995047658 0.003006487453309782 0 -0.0019514864152675479 -0.0014375030722072661 0.0080974912450493177 -0.00090296548697144877 0.0089337925157570528 0.019233415086655839 -0.0053112071259956836 -0.012667394826048558 3.1502349228053679e-05 -0.0022878502476410267 0.0030389131798572722
leaf_weight=14931.735379541293 1724.9851228231564 120.80725661292672 1411.8809425709769 730.03118569217622 92.096849596127868 121.48743666708469 390.18548589013517 52.573274716734886 64.618579309433699 132.95899093337357 94.565783523023129 1648.1926439199597 77.849360480904579
leaf_count=126562 11031 660 8091 3677 438 520 1886 483 348 1296 747 11572 337
internal_value=-2.19795e-05 0.00121465 0.000540278 0.0016602 -0.00124708 0.00526835 0.0068399 -0.000359971 0.0052387 -0.000431585 -0.00735765 -0.000328545 -0.000454838
internal_weight=21594 4591.47 3958.99 2455.02 1503.98 632.48 510.993 17002.5 195.041 16807.5 227.525 16579.9 142.468
internal_count=167648 26303 23237 14708 8529 3066 2546 141345 1168 140177 2043 138134 685
is_linear=0
shrinkage=0.03


Tree=212
num_leaves=10
num_cat=0
split_feature=1 2 1 6 4 4 4 4 5
split_gain=10.8507 12.0292 10.405 10.3041 11.8682 10.8809 4.64625 4.59076 0.633839
threshold=3.7810991809203216 0.0023358565281525515 -0.58230957807531403 0.011245078459495518 0.52062500000000012 0.70812500000000012 0.37437500000000007 0.60187500000000005 -0.38324350958723824
decision_type=10 8 10 8 10 10 10 10 10
left_child=1 2 7 4 -3 -5 -4 -1 -2
right_child=8 3 6 5 -6 -7 -8 -9 -10
leaf_value=-0.011262152728231126 0.0033996189175539249 0.0013213481952479725 0.0024820446842828102 -0.000577532263483789 -0.0005335705927474641 -0.0091600014771951368 -0.0023730929312419523 0 0.010724534742745368
leaf_weight=151.57809685636312 63.493329618126154 9007.1497844867408 194.14895622665063 6282.304628437385 4672.0924080815166 127.20325660146773 1024.6163970585912 35.408690461423248 73.677767913788557
leaf_count=9491 309 59441 4757 34357 32929 909 23271 1931 355
internal_value=8.35973e-05 2.52008e-05 -0.00264442 0.000216221 0.000683498 -0.00077121 -0.00153694 -0.00911387 0.00820307
internal_weight=21631.7 21494.5 1405.75 20088.8 13679.2 6409.51 1218.77 186.987 137.171
internal_count=167750 167086 39450 127636 92370 35266 28028 11422 664
is_linear=0
shrinkage=0.03


Tree=213
num_leaves=14
num_cat=0
split_feature=2 7 6 6 5 2 5 7 2 6 2 0 4
split_gain=9.84663 8.95084 9.70848 6.94944 6.81016 12.7503 7.84567 6.41308 7.39149 5.93223 1.19046 2.2792 0.884799
threshold=0.0013313840679558082 0.0029134543953739218 0.020677032743742 -0.0010032227797411861 0.84096832325030879 0.003306648901506786 -0.76942393601564929 0.043015841358295753 0.0011258670578612672 -0.019713223789592501 0.0012970047784985046 0.0089077890009516842 0.44812500000000005
decision_type=8 8 10 10 8 10 10 10 10 10 10 10 10
left_child=3 2 9 7 6 -6 -3 -1 -9 -2 11 -5 -4
right_child=1 4 12 10 5 -7 -8 8 -10 -11 -12 -13 -14
leaf_value=-0.01105670684098369 0 -0.0008111571857831989 2.4736603747575756e-05 -0.020335122644011966 -0.0036916414065672038 -1.1841102393424684e-05 0.00064694964671331177 0.021790194843849055 -0.003969229862420532 -0.0069175299169672508 0 0 0.0065295623949732946
leaf_weight=13.42140270443633 134.68941324017942 4515.1254765233025 54.634023867547512 34.789777189027518 1204.3049606783316 2915.1298342496157 12278.033469685353 9.4997523911297339 9.175260585267095 418.47244397178292 5.3022607448510817 5.5176895540207616 54.914526997134089
leaf_count=1236 700 34110 296 3059 15626 15204 91234 596 540 4493 425 101 322
internal_value=-0.000170367 -0.000126712 -0.00353326 -0.0102107 -1.42556e-05 -0.00110848 0.000251093 0 0.0100712 -0.00518914 -0.0166405 -0.0180939 0.0040608
internal_weight=21653 21575.3 662.71 77.7061 20912.6 4119.43 16793.2 32.0964 18.675 553.162 45.6097 40.3075 109.549
internal_count=167942 161985 5811 5957 156174 30830 125344 2372 1136 5193 3585 3160 618
is_linear=0
shrinkage=0.03


Tree=214
num_leaves=13
num_cat=0
split_feature=7 4 4 4 4 4 0 4 7 5 0 6
split_gain=9.80489 16.3838 16.0997 22.1983 14.9329 10.8423 8.80423 8.02757 4.65974 3.87626 3.07784 1.9266
threshold=0.1418067483863894 0.32687500000000008 0.35062500000000002 0.39312500000000006 0.35562500000000002 0.31437500000000002 0.0091660974063684248 0.39312500000000006 0.091344717883759821 1.3525325582671928 0.0061021807851154861 -0.012529067755333577
decision_type=8 8 8 8 10 10 10 10 10 8 8 10
left_child=1 5 -2 10 6 11 -3 -6 -7 -5 -4 -1
right_child=2 4 3 9 7 8 -8 -9 -10 -11 -12 -13
leaf_value=0.0025539873239016457 0.017654454862900668 0.00191023553684748 -0.015374818420107387 0.0030432376888722477 -0.0022371785890508695 -0.011800497425181357 0.0095357446822989991 -9.1702713574834865e-05 0 -0.0020033145373579897 -0.0021436233204166831 -0.0028090357051974652
leaf_weight=80.475814923644066 49.049132868647575 566.57124096248299 60.90448946505785 1323.4449055027217 1727.7955877785571 203.10373669303954 187.2971560601145 17074.182304310147 43.552983745932579 131.00933650508523 40.401863794773817 146.91985670290887
leaf_count=438 249 4634 518 7823 17229 1453 932 132089 241 767 221 1444
internal_value=-7.75671e-05 -0.000261414 0.00216731 0.00153109 -0.000123259 -0.00571643 0.00398336 -0.000293134 -0.00996402 0.00253713 -0.0113038 -0.000630674
internal_weight=21634.7 20029.9 1604.81 1555.76 19555.8 474.052 753.868 18802 246.657 1454.45 101.306 227.396
internal_count=168038 158460 9578 9329 154884 3576 5566 149318 1694 8590 739 1882
is_linear=0
shrinkage=0.03


Tree=215
num_leaves=10
num_cat=0
split_feature=1 5 6 0 4 0 4 6 0
split_gain=10.4276 10.024 9.39865 12.1029 6.07183 7.73644 5.70581 3.56436 0.819812
threshold=3.7810991809203216 -1.6728132938283669 -0.0037127266891614492 -0.012199706618455762 0.38437500000000008 -0.0051109007468804193 0.47312500000000007 0.024591279000317105 -0.0029002358368288568
decision_type=10 10 10 10 8 10 10 10 10
left_child=1 4 6 -4 5 -1 -3 -6 -2
right_child=8 2 3 -5 7 -7 -8 -9 -10
leaf_value=0.013705188810238555 0.0035390276591508755 0.0016104223042981087 0.0055703970330904535 -0.00056269406671917899 -0.0045035067350106201 -0.0019421872216697058 5.7416897690386815e-05 0.00017396538790723684 0.011102623147600483
leaf_weight=33.381313630379736 71.50451622530818 4660.6175372279249 285.77590699493885 11445.714581182227 768.28447627695277 62.659871598239988 4066.8391698733903 149.82910070568323 64.403649132698774
leaf_count=177 358 30866 1274 99320 6264 805 27456 797 303
internal_value=5.68028e-05 0 0.000147407 -0.000403567 -0.00289387 0.00371016 0.00089451 -0.00368188 0.00804974
internal_weight=21609 21473.1 20458.9 11731.5 1014.15 96.0412 8727.46 918.114 135.908
internal_count=167620 166959 158916 100594 8043 982 58322 7061 661
is_linear=0
shrinkage=0.03


Tree=216
num_leaves=11
num_cat=0
split_feature=1 0 2 0 2 4 4 2 0 1
split_gain=11.6925 11.2596 9.74872 9.39857 9.21386 7.64209 5.84854 4.97637 2.98531 3.17955
threshold=-1.4268424186073871 0.0064188242436876717 0.013345541704058437 -0.010602406162804499 0.0013313840679558082 0.31937500000000002 0.65187500000000009 0.0011258670578612672 0.012888053921045752 -0.24632725562342361
decision_type=8 10 10 10 8 8 8 10 10 10
left_child=1 3 4 -1 7 -6 -5 -2 9 -4
right_child=2 -3 8 6 5 -7 -8 -9 -10 -11
leaf_value=0.0081339169172475224 0 0.0048750599784148051 -0.00081353475888629287 -0.0061931460853180947 -0.0045096207581092444 0.00022957165294720973 0.0018750340205832272 -0.015784831473666033 0.010316524594492543 0.0064771243308659691
leaf_weight=37.54122506082058 35.173639137297869 118.59185015037656 85.073726698756218 698.44764332473278 300.12684206850827 20053.177847322077 74.38010519836098 40.305271466262639 88.856358766555786 90.781544096767902
leaf_count=164 2535 586 360 7592 2332 149134 993 3146 441 478
internal_value=3.77744e-05 -0.00323306 0.000188995 -0.00453772 0.000110456 0.000154561 -0.00532595 -0.00970763 0.00580712 0.00277328
internal_weight=21622.5 928.961 20693.5 810.369 20428.8 20353.3 772.828 75.4789 264.712 175.855
internal_count=167761 9335 158426 8749 157147 151466 8585 5681 1279 838
is_linear=0
shrinkage=0.03


Tree=217
num_leaves=12
num_cat=0
split_feature=4 7 4 7 5 4 0 0 6 7 4
split_gain=10.7097 20.5937 14.9837 12.2958 9.97161 10.2352 7.97573 10.2055 7.95351 5.81594 4.1353
threshold=0.32687500000000008 0.10041154288884542 0.35312500000000008 0.039071123538253941 -1.6330907855317907 0.39187500000000003 -0.013675986149512763 0.011318902850639192 0.017407800205788252 0.049324688919103361 0.36437500000000006
decision_type=8 10 8 10 8 8 10 10 10 10 10
left_child=1 6 3 8 10 -6 -1 -8 -2 -5 -4
right_child=2 -3 4 9 5 -7 7 -9 -10 -11 -12
leaf_value=0.0037573115270039042 -0.0041913630408238348 0.007060323603039315 0.0051826112975350306 0.017058970837105749 -0.0021008903014046341 0.00027538212133594369 -0.010512772815664064 0.0041433915464349699 0.0098590786203542214 0.005738965286810358 -0.0033756702054616788
leaf_weight=38.986367478966713 162.64856576174498 100.24625104479492 39.469987648073584 52.007845089770854 1785.2301931735128 17720.641395326238 330.23239883780479 37.186634115874767 34.866861267015338 334.38965739030391 999.3361425534822
leaf_count=194 1571 526 312 374 17289 134343 2844 175 209 2258 7956
internal_value=-6.49372e-05 -0.00433337 3.65805e-05 0.00473629 -9.6313e-05 5.38597e-05 -0.00738995 -0.00879996 -0.00106636 0.00780588 -0.00294697
internal_weight=21635.2 506.652 21128.6 583.913 20544.7 19505.9 406.405 367.419 197.515 386.398 1038.81
internal_count=168051 3739 164312 4412 159900 151632 3213 3019 1780 2632 8268
is_linear=0
shrinkage=0.03


Tree=218
num_leaves=11
num_cat=0
split_feature=5 7 4 0 6 1 0 7 6 1
split_gain=10.8136 10.8301 11.999 15.6775 10.1209 8.89965 9.68874 7.34579 5.64036 4.35795
threshold=-0.74174694672434949 0.14653798625209205 0.43187500000000006 0.003232750918850003 0.095688572407011577 -1.1962808296579921 -0.013122764472455693 0.014743285150149383 0.066047323932674665 -1.5794115400120594
decision_type=10 10 10 10 10 8 10 8 10 10
left_child=1 8 -3 -4 5 6 -2 -7 9 -1
right_child=4 2 3 -5 -6 7 -8 -9 -10 -11
leaf_value=-0.0065446392623934486 0.011793434717524049 -0.006011362074267777 0.013475276734462671 -0.0021115813798640469 0.0090336789218553835 -0.00102307324084979 -0.0025374490599491587 0.00082133897103738463 0.0050029466600451109 -0.0015295417996908796
leaf_weight=162.02665088698268 32.874009467661381 63.585503523238003 140.68076466582716 80.924166733399034 112.18189787864685 2245.3236543941312 1251.4963624128141 13129.472183455247 100.72328070551157 4281.3168113371357
leaf_count=1532 140 491 838 419 513 19590 12699 96830 454 34243
internal_value=4.78221e-05 -0.00119844 0.00432305 0.0076789 0.000410754 0.000343703 -0.00203601 0.000547593 -0.00156688 -0.00174018
internal_weight=21600.6 4829.26 285.19 221.605 16771.3 16659.2 1284.37 15374.8 4544.07 4443.34
internal_count=167749 37977 1748 1257 129772 129259 12839 116420 36229 35775
is_linear=0
shrinkage=0.03


Tree=219
num_leaves=15
num_cat=0
split_feature=5 7 2 1 1 6 6 2 6 7 5 0 6 1
split_gain=10.6141 9.3169 10.3333 8.90838 7.32546 5.82512 4.87492 3.42036 9.71547 3.30364 2.25764 2.73915 2.60286 1.13558
threshold=-1.6330907855317907 0.0052531138686794316 0.0084826783003338312 -1.7017259802264992 0.84896355346176666 0.043521742797939751 -0.022730622876990122 0.0029038696640386469 -0.009141063269318293 0.090529872613743803 -1.7154879532274145 0.0038338211966330031 0.0028112410037737239 1.0760015873782804
decision_type=10 8 10 8 10 10 10 10 8 10 8 10 10 10
left_child=7 5 3 -3 -4 6 -2 8 13 -10 11 -9 -12 -1
right_child=1 2 4 -5 -6 -7 -8 10 9 -11 12 -13 -14 -15
leaf_value=0.0061200811990968218 0.001292732030285163 -0.0046870377632325915 0.0020592451808387588 0.00031240161755374715 0.0090741244366292148 0.005930159510224256 -0.0038982152667204409 0 -0.013066470026866228 -0.00022920415691014891 -0.0078227003392536704 -0.004222527078768531 0 -2.2879340736859347e-05
leaf_weight=30.287802141625434 174.47609696164727 315.47586628934368 843.90913924574852 18086.164358180482 163.49659560620785 57.08670599013567 880.49833624949679 584.82333427667618 105.26597153581679 33.398484536912292 100.89401139691472 172.22409337759018 69.552630074322224 30.476573195308447
leaf_count=445 881 3211 3725 141334 982 270 8901 3471 2453 502 570 876 388 176
internal_value=7.22232e-05 0.000231135 0.000387274 0.000220934 0.0033347 -0.00241969 -0.0029793 -0.00274534 -0.00635265 -0.0106015 -0.00184621 -0.00101084 -0.00496238 0.00262333
internal_weight=21648 20521.1 19409 18401.6 1007.41 1112.06 1054.97 1126.92 199.429 138.664 927.494 757.047 170.447 60.7644
internal_count=168185 159304 149252 144545 4707 10052 9782 8881 3576 2955 5305 4347 958 621
is_linear=0
shrinkage=0.03


Tree=220
num_leaves=9
num_cat=0
split_feature=1 1 5 3 0 0 1 5
split_gain=8.69256 8.28306 8.35433 8.77152 7.93347 8.8658 4.00753 3.33325
threshold=3.7810991809203216 -1.4268424186073871 -1.6728132938283669 0.27924558001127547 -0.010602406162804499 0.002710909238733739 2.2735583090594309 -0.118199170006018
decision_type=10 8 10 10 10 10 10 8
left_child=1 4 6 -4 -1 -6 -3 -2
right_child=7 2 3 -5 5 -7 -8 -9
leaf_value=0.0084374232600017141 0.0015324670808230499 -0.0032081878274290098 0.00078917188830177965 -0.00048106480698855152 -0.0055067224064422968 0.00079748751772787483 0.0039601227301285609 0.012121521539481829
leaf_weight=40.862665325403214 72.497585885226727 902.58851580973715 10316.100062889978 9239.0298147359863 611.49496444361284 270.44258372019976 60.371330229565501 61.606080487370491
leaf_count=179 359 7252 80906 69315 7358 1818 295 297
internal_value=-2.24504e-05 -7.4542e-05 4.82563e-05 0.000186029 -0.00284048 -0.00351903 -0.00266103 0.00731695
internal_weight=21575 21440.9 20518.1 19555.1 922.8 881.938 962.96 134.104
internal_count=167779 167123 157768 150221 9355 9176 7547 656
is_linear=0
shrinkage=0.03


Tree=221
num_leaves=15
num_cat=0
split_feature=1 0 0 4 3 0 5 0 1 4 3 3 4 3
split_gain=8.60204 13.0541 13.8307 10.9093 8.89401 9.8571 9.04677 11.9382 11.3532 8.21442 5.65622 5.54796 5.96121 3.26782
threshold=-0.44952336009472177 0.0084137111099452672 -0.010602406162804499 0.59312500000000012 -0.93710052337625316 -0.010602406162804499 0.70894715352155713 -0.0052425829219914779 2.3702013067977661 0.45937500000000003 -1.1546805114277519 -0.94891932061518525 0.5056250000000001 -1.0834325301416621
decision_type=10 10 8 10 10 10 10 10 10 10 10 10 10 10
left_child=1 2 13 -4 5 9 8 -8 -6 -2 -7 -3 -13 -1
right_child=4 11 3 -5 6 10 7 -9 -10 -11 -12 12 -14 -15
leaf_value=0.0081895869343235964 0.0017767399644300901 -0.00083778628770090897 -0.0025964238043217659 0.00077193406840525666 0.00014172311522288997 -0.0031722363842748781 -0.0053047692344181203 -0.00046527889447072726 0.0043167966831672844 -0.0045092529110344554 0.0028250535712388532 0.0063090110461037864 -0.00063599338135856707 0.0017831882149138879
leaf_weight=104.04329645633698 348.00238134525716 240.09737027995288 4083.8892830703408 1060.3335714377463 8303.7577318041585 132.08230086741969 581.24561421852559 2220.4129661135375 624.29240485094488 365.69885784387589 2658.5593892075121 385.40279491618276 131.59309880062938 323.49713376164436
leaf_count=468 1691 1187 43130 12072 59013 1001 3100 16488 3203 1745 20532 1829 696 1468
internal_value=-8.68362e-06 -0.000940165 -0.00145018 -0.00189034 0.000374719 0.00169877 -1.68507e-05 -0.00150594 0.00044488 -0.00137908 0.00250946 0.00270504 0.00444889 0.00363088
internal_weight=21562.9 6328.86 5571.76 5144.22 15234.1 3504.34 11729.7 2801.66 8928.05 713.701 2790.64 757.093 516.996 427.54
internal_count=167623 60850 57138 55202 106773 24969 81804 19588 62216 3436 21533 3712 2525 1936
is_linear=0
shrinkage=0.03


Tree=222
num_leaves=15
num_cat=0
split_feature=7 2 6 2 4 4 6 4 4 4 7 4 2 7
split_gain=11.8783 11.4821 7.84296 7.55524 7.5937 7.44235 7.3535 6.23672 5.05891 5.27852 4.7983 4.02156 2.36027 4.55535
threshold=0.0055869596153916524 0.0023358565281525515 0.018260364021662315 0.0084826783003338312 0.48312500000000008 0.5056250000000001 -0.019713223789592501 0.61062500000000008 0.35562500000000002 0.36687500000000006 0.027803485500775355 0.5368750000000001 0.003552681884281731 0.0032477245262888255
decision_type=8 8 10 10 8 10 10 8 10 10 10 10 10 10
left_child=2 8 6 5 -5 -3 11 -8 10 -10 -2 -1 -4 -14
right_child=1 3 12 4 -6 -7 7 -9 9 -11 -12 -13 13 -15
leaf_value=0.0030634256759864988 -0.0052639557452832334 0.00084455438773152946 0.0070238926016221431 0.0015975833789961074 0.0080841770406577095 -0.00041399358922591722 -0.0065153040034718456 0.00014397720925885747 -0.010940747727243235 -0.0022945877356062706 0.0076821981612268941 -0.0049876665799258851 0.0039580596908368876 -0.0051532684347169238
leaf_weight=175.30219736322761 23.517038964200765 11251.829636150971 53.254187762737274 852.79223327338696 206.17286470532417 6691.3631787672639 631.26551411719993 135.47138742916286 63.348866788204759 1197.7306825071573 73.160201123915613 67.851609688252211 111.13164941966534 72.923751942813396
leaf_count=922 772 70128 495 3990 968 44913 7051 1619 2121 32224 1562 342 523 356
internal_value=0.00015128 0.000328502 -0.00267366 0.000521922 0.00298042 0.000371906 -0.00384133 -0.00527475 -0.00231862 -0.00285878 0.00377232 0.000471498 0.00200724 0
internal_weight=21607.1 20359.9 1247.2 19002.2 1058.97 17943.2 1009.89 766.737 1357.76 1261.08 96.6772 243.154 237.31 184.055
internal_count=167986 156678 11308 119999 4958 115041 9934 8670 36679 34345 2334 1264 1374 879
is_linear=0
shrinkage=0.03


Tree=223
num_leaves=15
num_cat=0
split_feature=3 7 0 4 0 4 4 1 1 5 1 5 4 7
split_gain=9.43501 11.4582 11.7898 10.9545 10.2658 8.05954 7.73146 9.96935 7.0139 6.33849 5.02362 4.84726 4.21081 3.9938
threshold=-0.63280050883587435 0.029340888039577417 -0.002523315214211896 0.34812500000000007 0.00073159687048307564 0.38437500000000008 0.47062500000000002 -1.5125736617201679 0.11981596510748525 0.45122733207279581 1.3795207401498819 0.22145316451375291 0.31437500000000002 0.11188711026338242
decision_type=10 10 10 8 10 8 8 10 10 8 10 10 10 10
left_child=6 3 5 12 -4 -3 8 -8 13 -5 -10 -9 -2 -1
right_child=1 2 4 9 -6 -7 7 11 10 -11 -12 -13 -14 -15
leaf_value=0.0012376673042550173 0 0.0052805337400168061 -0.0028603428096150682 -0.00042484558310412079 7.5355167988084949e-05 0.0010092675514898474 -0.0064684808101597687 -0.00052203081024203128 0.0043336426091920913 -0.0029982129963488308 0 0.0017518828638359409 -0.011753319579608793 -0.0032297735913302023
leaf_weight=2151.7805390437134 43.104920743964612 455.61221626773477 1361.6665794132277 2678.3056586878374 4741.2209806893952 3354.499228595756 192.12245209096 2042.8331109238788 1248.67901131697 1314.1722563789226 295.20035343430936 1397.0816007815301 121.00555426348001 180.74073728080839
leaf_count=19232 481 2798 16261 22974 33284 19723 1829 15971 8529 11358 1717 11134 1004 1576
internal_value=0.000142402 -0.000312625 0.000236718 -0.00163457 -0.000573445 0.00154822 0.00100231 0 0.00193234 -0.00129227 0.00350756 0.000386502 -0.00906502 0.000853574
internal_weight=21578 14069.6 9913 4156.59 6102.89 3810.11 7508.44 3632.04 3876.4 3992.48 1543.88 3439.91 164.11 2332.52
internal_count=167871 107883 72066 35817 49545 22521 59988 28934 31054 34332 10246 27105 1485 20808
is_linear=0
shrinkage=0.03


Tree=224
num_leaves=12
num_cat=0
split_feature=2 1 2 6 0 4 0 2 0 1 0
split_gain=10.0378 9.81519 9.25902 9.88198 6.4519 4.30155 3.54633 5.25745 4.89866 2.66643 0.774529
threshold=0.0012970047784985046 2.7922668467689333 0.0040707763470456222 -0.075757322407788749 0.03697891092662809 0.36187500000000006 -0.0079523074299736578 0.0026932655064740569 0.0091660974063684248 1.7338962950319667 0.0059524329161042564
decision_type=8 10 8 10 10 10 10 10 10 10 10
left_child=5 2 3 -2 -4 -1 7 -3 -8 10 -7
right_child=1 6 4 -5 -6 9 8 -9 -10 -11 -12
leaf_value=0.0019949385769488888 0.010361904374703905 -0.0049842245968800668 0.00037215291505161141 -0.00085365132145052178 0.0060883555198840977 -0.017591909108273854 0.01355638774461685 0.0040474246738427247 0.0034150427432543379 0 0
leaf_weight=9.2971760439686459 60.463321387767792 72.710279002785683 9918.1729063764215 10854.219503028784 172.84612710773945 41.968608165159822 61.635778181254864 168.7237678989768 205.23854873329401 14.093033346347509 3.101942127570509
leaf_count=491 276 367 46027 112886 829 4310 393 793 933 377 119
internal_value=-0.000107816 -6.59168e-05 -0.000169211 -0.000776601 0.000481935 -0.0108235 0.00400784 0.000998768 0.00637896 -0.0137025 -0.0167148
internal_weight=21582.5 21514 21005.7 10914.7 10091 68.4608 508.308 241.434 266.874 59.1636 45.0706
internal_count=167801 162504 160018 113162 46856 5297 2486 1160 1326 4806 4429
is_linear=0
shrinkage=0.03


Tree=225
num_leaves=11
num_cat=0
split_feature=2 1 7 2 4 3 1 4 7 2
split_gain=13.4993 8.47005 13.3566 13.0677 11.6179 8.89826 8.31993 7.03699 5.88109 1.29558
threshold=0.0012970047784985046 0.35273615078122827 0.10529302620677816 0.0028756279559095919 0.49437500000000006 0.54669995934467897 -0.77468910754255649 0.67562500000000014 0.084856571751616747 0.0011258670578612672
decision_type=8 10 10 8 10 10 10 10 10 10
left_child=8 3 4 6 -3 -5 -2 -4 -1 -10
right_child=1 2 7 5 -6 -7 -8 -9 9 -11
leaf_value=-0.017344082917158755 -0.0069529536010233808 0.001088355549044693 0.0032910973240443584 0.00059646563573130453 -0.0016133547714292471 -0.001173305644022328 -0.0016529946537731446 -0.0022739851165278976 0.0058448008973049194 -0.0048659020485113469
leaf_weight=47.356636736076325 351.77310753799975 3974.347730553709 2146.7855258043855 7524.5045362561941 2222.1179315941408 3860.1812799945474 1261.9974802532233 205.86402507126331 11.264981281943621 8.5656343325972539
leaf_count=4388 13145 24965 11136 46317 14169 23925 27773 1067 471 396
internal_value=6.82936e-05 0.000115861 0.000850848 -0.000363212 0.000108788 0 -0.00288095 0.00277118 -0.0124483 0
internal_weight=21614.8 21547.6 8549.12 12998.5 6196.47 11384.7 1613.77 2352.65 67.1873 19.8306
internal_count=167752 162497 51337 111160 39134 70242 40918 12203 5255 867
is_linear=0
shrinkage=0.03


Tree=226
num_leaves=15
num_cat=0
split_feature=7 4 4 2 7 2 1 2 2 2 5 2 2 1
split_gain=9.98332 15.35 14.1506 12.1603 13.4966 11.007 9.16183 9.55855 8.67157 14.5868 7.09041 6.72282 6.29651 4.92973
threshold=0.026621410940203611 0.48187500000000005 0.41937500000000005 0.0073433263091247031 0.094813598781161884 0.0037256358619123255 0.47891955073573406 0.0026811221100681462 0.0039478601575500165 0.0034734786106127547 0.65785682131900314 0.0031480768482750865 0.0040341021866642781 -0.69087384983516376
decision_type=8 8 8 10 8 10 10 10 10 10 8 10 10 10
left_child=2 6 8 4 -3 10 7 -2 9 -1 -4 -8 -7 -10
right_child=1 3 5 -5 -6 12 11 -9 13 -11 -12 -13 -14 -15
leaf_value=-0.0033803447835613286 -0.0033053216988348237 -0.0019209255516574708 -0.0008801343583960319 0.0053413239659469642 0.00081374640186257356 0.0042142616914027323 0.0044250951826619164 0.00091614838543907322 -0.0048542298950744996 -0.014424133616160678 -0.0053215092170480743 0.0014930506374089669 0.0003082742900894101 0.00016343330368763498
leaf_weight=441.83088630624115 521.70679333526641 4216.0832529314794 1339.075390169397 283.9448199570179 2594.1094751865603 447.08808655291796 1119.9381526717916 4876.2649690248072 244.62336798757315 148.21905633807182 440.66548689641058 2185.6112171635032 2235.7045365646482 502.08360315859318
leaf_count=9787 15824 34716 17160 1304 16096 2902 9847 28991 1311 1022 5726 10088 10686 2419
internal_value=2.96034e-05 0.000423116 -0.00103091 -0.000606527 -0.000870783 -0.000202795 0.00126898 0.000491697 -0.00372883 -0.00644866 -0.00203694 0.00251489 0.000994723 -0.0014435
internal_weight=21596.9 15797.7 5799.29 7094.14 6810.19 4462.53 8703.52 5397.97 1336.76 590.05 1779.74 3305.55 2682.79 746.707
internal_count=167879 116866 51013 52116 50812 36474 64750 44815 14539 10809 22886 19935 13588 3730
is_linear=0
shrinkage=0.03


Tree=227
num_leaves=14
num_cat=0
split_feature=2 6 7 6 6 4 4 4 7 0 2 7 0
split_gain=13.2217 8.45243 7.74683 10.3926 12.3153 9.80326 10.6314 7.1735 6.88674 6.46234 5.65256 5.46443 6.20529
threshold=0.0023216729328646127 0.014342106952447866 0.014397161215242807 0.020677032743742 -0.0032830974870829972 0.6931250000000001 0.74937500000000012 0.41937500000000005 0.015824001392415389 0.0029961878196322904 0.01006235347145863 0.15905407352226877 -0.0010042339275375121
decision_type=8 10 8 10 10 10 10 8 10 10 10 10 10
left_child=1 11 3 4 -2 10 -7 -5 -3 -10 -4 12 -1
right_child=2 8 5 7 -6 6 -8 -9 9 -11 -12 -13 -14
leaf_value=-0.0018909071524274566 -5.8257929981686442e-05 0.013518416383937483 0.00049091090930407344 -0.0037781765501031512 -0.0043612577580146019 -0.0039744902244818444 0.0089886124438074769 0.0045704418573786149 -0.0086973674174218672 0.0021670887166777607 0.0035089380774028672 0.005679010004689124 -0.0067020313419561533
leaf_weight=521.89481132198125 1357.2659470699728 27.68365213740617 15910.802443793043 104.30735112726688 1103.7738527804613 686.12314453721046 50.143515350297093 392.66762528568506 52.642678280360997 219.44811691436917 577.75394481420517 36.732290010899305 548.68137560598552
leaf_count=12563 8672 467 99523 575 9359 5259 423 2095 1138 2199 2787 377 22384
internal_value=1.87534e-06 -0.00279648 0.000201227 -0.0012091 -0.00202227 0.000447464 -0.00290262 0.00265989 0.00149086 0 0.000602361 -0.00401382 -0.00445139
internal_weight=21589.9 1407.08 20182.8 2958.01 2461.04 17224.8 736.267 496.975 299.774 272.091 16488.6 1107.31 1070.58
internal_count=167821 39128 128693 20701 18031 107992 5682 2670 3804 3337 102310 35324 34947
is_linear=0
shrinkage=0.03


Tree=228
num_leaves=12
num_cat=0
split_feature=4 2 7 4 5 2 1 4 0 4 1
split_gain=8.01511 15.2954 19.4001 10.6676 9.4274 7.04443 13.5608 8.17983 7.03558 6.78439 3.85496
threshold=0.32687500000000008 0.0070329963745686562 0.13719576890507332 0.35312500000000008 -0.30988698708607221 0.0025593995991118391 -0.77468910754255649 0.74937500000000012 0.0091660974063684248 0.31437500000000002 0.35273615078122827
decision_type=8 10 10 8 10 8 10 10 10 10 10
left_child=1 2 9 4 10 6 -5 -7 -6 -1 -2
right_child=3 -3 -4 5 8 7 -8 -9 -10 -11 -12
leaf_value=-0.0034293889829392723 -0.0040079615858797822 0.0085117319524120483 0.010870657039344788 -0.0090370377450917361 0.0037061560915959794 6.3662318481910916e-05 -0.00089117743551061482 0.0110208150488087 0.013397159664322233 -0.012122223231843022 0.0038321544186165602
leaf_weight=190.95943013112992 134.00034704664722 65.461150176823139 43.371708668768406 197.55806181393564 270.95285541098565 18335.245027786121 1923.5937893213704 51.627626948058605 103.07344102859497 197.28279315494001 78.454381069168448
leaf_count=1717 1145 316 205 10521 2242 110589 38165 422 522 1467 540
internal_value=-5.70913e-05 -0.00378525 -0.00593666 2.96687e-05 0.00398662 -8.24542e-05 -0.00171686 0.000103664 0.00681234 -0.00819073 -0.000800959
internal_weight=21591.6 497.075 431.614 21094.5 586.481 20508 2121.15 18386.9 374.026 388.242 212.455
internal_count=167851 3705 3389 164146 4449 159697 48686 111011 2764 3184 1685
is_linear=0
shrinkage=0.03


Tree=229
num_leaves=15
num_cat=0
split_feature=2 1 6 7 1 5 7 1 7 7 2 5 2 6
split_gain=10.6994 12.0253 7.38631 8.98643 6.97487 6.66564 5.83563 22.096 12.5918 7.94572 5.8461 5.09243 4.70561 4.16509
threshold=0.003306648901506786 -0.35763036366884404 0.010979583644313175 0.0055869596153916524 3.7810991809203216 1.3782580431390037 0.1418067483863894 0.66601876049380038 0.15216229982414128 0.12483913359018094 0.0045194744968486585 -1.6728132938283669 0.0038518318681561611 -0.011890835430172329
decision_type=8 10 10 10 10 10 8 8 10 10 10 10 10 10
left_child=1 5 3 -3 -4 13 9 8 -8 11 -11 -2 -9 -1
right_child=6 2 4 -5 -6 -7 7 12 -10 10 -12 -13 -14 -15
leaf_value=0.00080858575351959439 -0.0021394931908211659 -0.0059873300774374531 -0.0025653534526318736 0.00072859410387316294 0.0091355846648615551 -0.010124043983224033 0.0039586217851228268 0.0031673825198904053 -0.0068417536564932104 -0.0055389225535602488 0 0.0005125042060151664 0.0097228216541435843 -0.0035472601964517516
leaf_weight=211.74799689091742 669.06803703308105 178.50888649001718 1418.8648439152166 3312.165516202338 35.696892872452736 123.90987201500684 145.62610401958227 231.47824031114578 234.25383971631527 353.5339932590723 292.36652765423059 13007.041911527514 262.92804391682148 1071.4027189379558
leaf_count=2706 3601 2714 12206 39047 166 3016 796 1004 1283 1874 1308 68694 1207 28273
internal_value=-5.99569e-05 -0.0010953 -0.000382672 0.000351888 -0.00217681 -0.0035372 0.000369325 0.00274054 -0.00255222 0.000218577 -0.00299708 0.00037691 0.0068962 -0.00278136
internal_weight=21548.6 6352.3 4945.24 3490.67 1454.56 1407.06 15196.3 874.286 379.88 14322 645.901 13676.1 494.406 1283.15
internal_count=167895 88128 54133 41761 12372 33995 79767 4290 2079 75477 3182 72295 2211 30979
is_linear=0
shrinkage=0.03


Tree=230
num_leaves=15
num_cat=0
split_feature=2 2 1 7 6 1 3 5 7 1 1 2 3 6
split_gain=10.4212 8.94137 9.45589 7.97191 5.80276 5.2575 2.94378 2.74597 1.74733 1.67938 1.58549 1.06856 0.836506 0.761917
threshold=0.010570226405862491 0.0013313840679558082 3.7810991809203216 0.035772066061481457 -0.068807594727604546 1.2837810836613726 -0.028829606494499078 -0.29976915007439553 0.084856571751616747 -0.43132817454026756 -0.11408454402498182 0.0011258670578612672 0.087476321710083446 -0.007152123665679965
decision_type=10 8 10 10 8 10 10 10 10 10 10 10 10 10
left_child=1 5 4 6 -3 8 9 -5 -1 -2 -8 -7 -9 -4
right_child=3 2 13 7 -6 11 10 12 -10 -11 -12 -13 -14 -15
leaf_value=-0.017342404418843018 0.0062466908749725103 0.0030971711805819076 0.0029271628883131306 0.0022912604712982012 -0.00030315517613852075 0.0055950075000476248 -0.0056594979653050792 0.0053909693664027985 0 0 0 -0.0035016700702622857 0.012894537772936669 0.010349431691113383
leaf_weight=38.854801001958549 68.550069287419319 449.5124356970191 63.382278829813004 99.911872290074825 20362.272218703292 12.183482298627498 68.774393990635872 92.746463596820831 11.094219437800346 66.176230162382126 69.157729268074036 11.797157347202299 83.163858652114868 65.801194403320551
leaf_count=4494 288 2194 300 495 156431 369 291 468 723 324 346 345 426 308
internal_value=-0.000102628 -0.000212728 -0.000170563 0.00393665 -0.000225378 -0.00999774 4.06746e-05 0.00744185 -0.0147942 0.00327647 -0.00272216 0 0.00976389 0.00761083
internal_weight=21563.4 21014.9 20941 548.481 20811.8 73.9297 272.658 275.822 49.949 134.726 137.932 23.9806 175.91 129.183
internal_count=167802 165164 159233 2638 158625 5931 1249 1389 5217 612 637 714 894 608
is_linear=0
shrinkage=0.03


Tree=231
num_leaves=14
num_cat=0
split_feature=1 2 2 4 0 0 4 6 5 0 5 2 0
split_gain=8.25086 10.191 10.0234 11.0206 6.24945 5.68548 11.6724 5.91859 5.19499 3.52318 2.89704 5.85018 2.65053
threshold=2.1836158683276099 0.0019877204066549993 0.0020166696977497881 0.42562500000000009 -0.0035241769373015037 0.00082422766114897972 0.36187500000000006 -0.0017144221343246 1.1730296124298099 0.016104051980748827 -0.20847918963374565 0.0043853518326880453 -0.010239097130758988
decision_type=10 8 8 10 8 10 10 10 10 10 10 10 10
left_child=1 5 3 -3 -4 6 -1 -7 10 -10 11 -2 -12
right_child=8 2 4 -5 -6 7 -8 -9 9 -11 12 -13 -14
leaf_value=0.0076082544463722396 0 0.022445386631807469 0.0006491693139282997 -0.00061069600589757419 -0.00047294242591472044 -0.011651743027872677 -0.0093149309803750909 0.0011259266855058452 -0.0073833488285887303 0.001118771894824517 0.00066585595889280384 0.007489769276520699 0.0065109510810126836
leaf_weight=30.983716269023716 438.72036871314049 27.341475402005017 6731.7765127830207 26.768052113242447 13152.908717229962 27.662432777229697 253.2274079117924 211.50240177242085 64.107097981497645 79.058189332485199 121.90800050273538 108.63458988070488 323.57465302757919
leaf_count=1389 2200 590 37124 692 100781 1315 12725 7396 387 347 606 582 1779
internal_value=-1.99134e-05 -0.000161323 -4.87776e-05 0.0117875 -8.99106e-05 -0.0042551 -0.0070702 -0.000519486 0.00245403 -0.0025301 0.00325063 0.00157912 0.00509288
internal_weight=21598.2 20462.2 19938.8 54.1095 19884.7 523.376 284.211 239.165 1136 143.165 992.838 547.355 445.483
internal_count=167913 162012 139187 1282 137905 22825 14114 8711 5901 734 5167 2782 2385
is_linear=0
shrinkage=0.03


Tree=232
num_leaves=15
num_cat=0
split_feature=5 2 2 5 0 4 7 0 4 1 1 4 4 4
split_gain=7.6574 16.4863 8.67005 13.168 9.81997 8.59104 7.24665 7.05674 6.78925 9.11092 6.27037 6.15238 5.20279 4.70962
threshold=-0.76942393601564929 0.002442356624041569 0.0053927673544491841 0.85512461342886881 0.01097405567358223 0.33062500000000006 0.13939408746881107 0.0034732650291615656 0.36562500000000003 -0.50477582206185612 0.25957367961998501 0.55312500000000009 0.60687500000000016 0.39187500000000003
decision_type=10 10 8 10 10 10 10 10 10 8 10 10 8 10
left_child=1 10 3 5 -5 -2 12 -8 9 -4 -1 -10 -3 -12
right_child=2 6 8 4 -6 -7 7 -9 11 -11 13 -13 -14 -15
leaf_value=-0.011056242889506029 -0.0048759651103908452 -0.00029753730968551763 0.010497101486703792 -0.0025454058977748039 0.0017777713829322502 0.00066700444416572938 0.0070623985263594544 -0.001942629164767557 0.00022037631748379616 0.0019047636972935277 0.0054098476083520013 0.0029533680268955934 -0.0032136078580543384 -0.0049812739706038027
leaf_weight=175.24227886879817 246.56713811866939 3280.2035958413035 161.11894492805004 2517.1567846736871 557.29680619947612 9352.7463403483853 204.40275926142931 103.99089423567057 2603.8131204769015 404.71940296888351 35.829342775046825 1059.9350254759192 668.9032909758389 177.49399907980114
leaf_count=6777 2078 20427 684 24991 2777 82941 1181 507 11308 1845 638 4559 4486 2603
internal_value=5.98323e-05 -0.00101417 0.000359006 -2.91818e-05 -0.00173908 0.000513458 -0.000451771 0.0038718 0.00153367 0.00459538 -0.00685988 0.00103326 -0.000813488 -0.00280324
internal_weight=21549.4 4646.07 16903.4 12673.8 3074.45 9599.31 4257.5 308.394 4229.59 565.838 388.566 3663.75 3949.11 213.323
internal_count=167802 36619 131183 112787 27768 85019 26601 1688 18396 2529 10018 15867 24913 3241
is_linear=0
shrinkage=0.03


Tree=233
num_leaves=13
num_cat=0
split_feature=2 7 1 1 2 4 4 6 4 6 6 1
split_gain=7.81976 8.65659 7.29315 6.45653 7.27801 4.85466 6.85959 4.84197 4.76573 3.20181 2.92158 2.62713
threshold=0.0013313840679558082 0.042573250163869203 -1.7017259802264992 3.0063222569592827 0.0037934352431188167 0.46062500000000006 0.65187500000000009 -0.0017144221343246 0.45062500000000005 -0.0088996138962409415 0.023944482651099722 1.3466660082386379
decision_type=8 10 8 10 10 10 10 10 8 10 10 8
left_child=1 -1 5 4 -4 8 -7 9 -2 -3 -5 -9
right_child=2 7 3 10 -6 6 -8 11 -10 -11 -12 -13
leaf_value=-0.019123664850424032 -0.0027582786856698194 -0.00038586620658760727 -0.00052067960285170759 0.0017583218443785568 0.00060851952007849608 -0.0096886124579255578 0.0027985490288914248 -0.012366271884182548 0.0081095198285524219 0.01664051805879594 0.0077818530225408251 0.00093923442637837472
leaf_weight=30.205292019993067 155.167920735199 6.7671936140395728 9296.062917615287 263.01790777593851 11410.476649537683 163.4975063437596 37.598071745596826 16.811325497925282 36.146700748242438 9.8038545716553909 122.68636483699083 9.7128231665119547
leaf_count=3191 1359 239 101204 1331 54750 1789 462 1576 244 732 537 237
internal_value=5.69721e-05 -0.00910964 9.52613e-05 0.000174233 9.86702e-05 -0.00389925 -0.00704773 0 -0.000106061 0.00990087 0.00397418 -0.00692805
internal_weight=21558 73.3005 21484.7 21092.2 20706.5 392.41 201.096 43.0952 191.315 16.571 385.704 26.5241
internal_count=167651 5975 161676 157822 155954 3854 2251 2784 1603 971 1868 1813
is_linear=0
shrinkage=0.03


Tree=234
num_leaves=12
num_cat=0
split_feature=2 4 4 7 6 5 4 7 6 2 4
split_gain=7.06477 6.39612 16.3041 10.9367 14.6675 10.8756 9.33314 5.6407 3.04068 0.559818 0.6196
threshold=0.0013313840679558082 0.32687500000000008 0.35562500000000002 0.095653675984470235 -0.011276265485405721 -0.30988698708607221 0.39187500000000003 0.084856571751616747 -0.0010032227797411861 0.0012970047784985046 0.36062500000000003
decision_type=8 8 8 10 10 10 8 10 8 10 10
left_child=7 3 5 4 -2 -3 -4 9 -9 10 -1
right_child=1 2 6 -5 -6 -7 -8 8 -10 -11 -12
leaf_value=0 0.0030448286006225177 -4.7110355573973227e-05 -0.0020400375644187342 0.0049402278120866195 -0.0091213047461105451 0.0075221374951612002 0.00026095427143658375 0.01110149583540765 -0.004575621966719479 0 -0.015348109213622643
leaf_weight=3.092229960486292 113.42119805514812 250.50089866481721 1723.2608705875464 102.01964525785297 282.19067630823702 438.85998456552625 18531.220507523045 9.3167131007648987 11.692985560279341 6.8667991491965941 41.848580091726035
leaf_count=248 638 1935 15645 540 2565 3168 137145 395 508 618 4151
internal_value=0.000100147 0.000136617 0.000219845 -0.00318334 -0.0054963 0.00472448 6.13139e-05 -0.00863407 0.00177962 -0.0134326 -0.0145656
internal_weight=21514.3 21441.5 20943.8 497.632 395.612 689.361 20254.5 72.8173 21.0097 51.8076 44.9408
internal_count=167556 161636 157893 3743 3203 5103 152790 5920 903 5017 4399
is_linear=0
shrinkage=0.03


Tree=235
num_leaves=12
num_cat=0
split_feature=4 7 2 4 2 2 2 4 0 6 6
split_gain=9.657 17.1503 19.809 15.1238 11.7267 12.4595 10.4553 9.10171 8.00393 7.79147 7.19974
threshold=0.32687500000000008 0.11536603435587876 0.0068353086740594888 0.35312500000000008 0.0043497958137187591 0.0053927673544491841 0.0019877204066549993 0.34812500000000007 0.0029961878196322904 -0.0035712612595935052 -0.011572826365970455
decision_type=8 10 10 8 10 10 8 10 10 8 10
left_child=1 2 10 4 7 -6 8 -2 -5 -8 -1
right_child=3 -3 -4 6 5 -7 9 -9 -10 -11 -12
leaf_value=-0.0010544161450618005 0.0045751820778687016 0.008500210054540519 0.0058909518182482775 -0.0065242898723547075 -0.0085392648018703578 0.004307952211428245 0.00062886623501253955 0.016810818745902869 0.00070527370037074639 -0.00056655707436775921 -0.012099327267967242
leaf_weight=83.894127286039293 203.83763509243727 68.627473291009665 80.133990950882435 389.76047356007621 86.781712114810944 215.16257512569427 8681.7408147342503 86.712845455855131 186.19478048756719 11239.768169858493 262.10570621583611
leaf_count=498 2104 343 377 18726 426 969 54148 1005 3644 83397 2506
internal_value=-0.000122333 -0.00422373 -0.00655836 -2.13158e-05 0.00466015 0.00026782 -0.000161769 0.0088643 -0.00411257 -4.25303e-05 -0.00969467
internal_weight=21584.7 494.761 426.134 21090 592.495 301.944 20497.5 290.55 575.955 19921.5 346
internal_count=168143 3724 3381 164419 4504 1395 159915 3109 22370 137545 3004
is_linear=0
shrinkage=0.03


Tree=236
num_leaves=14
num_cat=0
split_feature=5 3 3 5 6 0 7 3 4 3 5 3 7
split_gain=7.5679 9.03584 7.83146 7.75002 7.27503 10.6139 9.48936 5.63376 5.34441 5.23575 7.55288 4.9163 3.51729
threshold=-1.6728132938283669 1.1044346048004985 -0.92523248005020919 0.22145316451375291 -0.0035712612595935052 -0.02089933306513236 0.0025935389726033649 -1.1521556801682848 0.36437500000000006 1.1420825229517182 -1.9339457845328967 -1.1545828115311243 0.0039244731767421716
decision_type=10 8 10 10 10 10 8 10 8 10 8 10 10
left_child=1 8 3 7 6 -6 -4 -2 -1 -3 -11 -5 -10
right_child=2 9 4 11 5 -7 -8 -9 12 10 -12 -13 -14
leaf_value=0.0036618031001900355 -0.0018676648696119549 0.0078459117753537835 -0.0059423924304795655 -0.0016483186317156871 0.011930011767259378 -0.00084686508821767441 0.00077415028555897049 0.00097173422575960646 0.0024522761170041956 0.0040967622786291036 -0.0073251029813776901 0.0029508498126673273 -0.0054577082056969789
leaf_weight=56.6501923375763 864.65179312322289 84.225826782174408 183.601146875415 209.22251112526283 48.383873745799065 8653.0033038132824 6335.5744336908683 2199.4816728336737 38.245860903523862 110.20645249029621 80.172436876688153 2031.2982202474959 664.6424578721635
leaf_count=498 6765 648 1408 1619 231 73529 42182 17704 314 752 517 16248 5475
internal_value=2.82521e-05 -0.00245982 0.00015767 0.00115072 -0.000185016 -0.000755319 0.00056699 0.000147512 -0.00415786 0.00200707 -0.000539304 0.0024893 -0.00491478
internal_weight=21559.4 1034.14 20525.2 5304.65 15220.6 8701.39 6519.18 3064.13 759.539 274.605 190.379 2240.52 702.888
internal_count=167890 8204 159686 42336 117350 73760 43590 24469 6287 1917 1269 17867 5789
is_linear=0
shrinkage=0.03


Tree=237
num_leaves=14
num_cat=0
split_feature=2 1 0 0 7 6 6 6 7 6 6 0 1
split_gain=7.63497 6.44739 8.56558 10.4667 7.72153 7.15548 6.99373 5.49421 4.92076 6.67052 3.34771 2.02889 0.852463
threshold=0.0012970047784985046 -1.1962808296579921 0.0027824204289841341 -0.014230892624115086 0.0052531138686794316 0.041777503415344704 0.011534409551979154 -0.0017144221343246 0.042573250163869203 -0.0082139277780974834 -0.013595556009620145 0.0077285800754378639 1.7821885545188734
decision_type=8 8 10 10 8 10 8 10 10 10 10 10 10
left_child=7 2 3 -2 5 -3 -6 8 -1 -10 -4 12 -9
right_child=1 4 10 -5 6 -7 -8 11 9 -11 -12 -13 -14
leaf_value=-0.010670965493322223 0.011531284687680521 -0.0030908195439423875 0.0074904291627866972 -0.0038133423332271446 0.00062741089089479328 0.0067528692798567852 -0.00060862198959771925 -0.019390228431063486 -0.0047203467652681451 0.020509787289640986 0.00022814607608150799 0 0
leaf_weight=8.4306686935015041 30.1603132635355 976.9157911981456 60.327071487903595 1129.0818197042681 12810.603285760153 58.503477785736322 6022.3718905607238 28.647746238391846 7.1843352662399438 8.9005926651880127 421.01939711906016 6.4805164141580454 4.5713861277326933
leaf_count=867 130 8608 314 13006 102157 281 35133 3177 243 689 2932 136 160
internal_value=-9.59692e-05 -5.99901e-05 -0.00186327 -0.00326759 8.67559e-05 -0.00241796 0.000228857 -0.00970687 0 0.00945109 0.00139436 -0.0154982 -0.0178455
internal_weight=21573.2 21509 1640.59 1159.24 19868.4 1035.42 18833 64.2152 24.5156 16.0849 481.346 39.6996 33.2191
internal_count=167833 162561 16382 13136 146179 8889 137290 5272 1799 932 3246 3473 3337
is_linear=0
shrinkage=0.03


Tree=238
num_leaves=13
num_cat=0
split_feature=7 6 1 6 2 1 2 6 6 6 2 6
split_gain=8.92113 10.892 9.85417 6.80495 7.01495 6.60126 5.94643 6.14656 5.57509 8.83237 5.14435 3.05912
threshold=0.0055869596153916524 0.025835208701407989 -1.7017259802264992 -0.005288168420757521 0.0035814386601532833 0.15021907122194497 0.0013313840679558082 -0.0017144221343246 -0.011276265485405721 0.0099161561643983393 0.0084826783003338312 0.0019252163414540393
decision_type=10 10 8 8 8 10 8 10 10 10 10 10
left_child=1 3 8 4 -1 -3 7 -4 -2 -10 -8 -5
right_child=2 5 6 11 -6 -7 10 -9 9 -11 -12 -13
leaf_value=-0.0057658875695377493 0.0019455872445811536 0.0096158938192069734 0.0013929625047791891 -0.0088271132295825658 0.001441612082353062 -0.001527904520721304 0.00019337155187055405 -0.014234495410549376 -0.010233651104979667 0.00025391456498868794 0.0023753822607042452 -0.003679627034984432
leaf_weight=166.98403433989733 72.142611373215914 90.688314290717244 26.442879396956414 202.24203112674877 360.04908023774624 71.702614061534405 18756.496750769205 41.369789564516395 187.53437234088778 96.110052268020809 1024.4635110348463 404.47183312708512
leaf_count=2022 396 496 1906 3024 1756 376 142186 3643 2519 609 4835 3876
internal_value=2.45803e-05 -0.00237511 0.000182589 -0.0034497 -0.000795115 0.00454417 0.000275228 -0.00797376 -0.00468781 -0.00658809 0.000310554 -0.00560809
internal_weight=21500.7 1296.14 20204.6 1133.75 527.033 162.391 19848.8 67.8127 355.787 283.644 19781 606.714
internal_count=167644 11550 156094 10678 3778 872 152570 5549 3524 3128 147021 6900
is_linear=0
shrinkage=0.03


Tree=239
num_leaves=12
num_cat=0
split_feature=1 2 3 4 4 2 7 6 4 1 4
split_gain=11.838 9.4873 8.80487 9.76235 9.25891 5.982 5.54215 5.67859 4.7628 3.71803 1.07496
threshold=1.8385319234672457 0.0013313840679558082 0.8382506618491069 0.74937500000000012 0.49937500000000007 0.0066638782940363116 0.10529302620677816 0.066047323932674665 0.36062500000000003 3.7810991809203216 0.52312500000000017
decision_type=10 8 10 10 10 10 10 10 10 10 10
left_child=1 8 3 -3 -4 6 9 -8 -1 -2 -10
right_child=5 2 4 -5 -6 -7 7 -9 10 -11 -12
leaf_value=0.0029429313693079087 8.8913691397746205e-05 0.00023982245989282176 -0.00015314482426109064 0.012913516951292635 -0.0028802180497196511 0.0098728848357727775 0.0056964338033593815 -0.0025498871113780949 -0.01595264386628813 0.0063587793867631 0
leaf_weight=7.1384675484150639 1016.6395752383396 14814.145520706195 3076.8242834387347 45.125658193603158 1800.531402118504 87.555473983287811 468.78942870721221 72.267274007201195 44.183044999372214 85.314813677221537 3.9172926819883278
leaf_count=457 5680 115298 23260 460 13899 562 2246 308 4607 422 472
internal_value=9.59046e-05 -0.000109741 -6.88942e-05 0.000291005 -0.00117598 0.00246939 0.00198123 0.00445983 -0.0115369 0.000681114 -0.0148552
internal_weight=21522.4 19791.9 19736.6 14859.3 4877.36 1730.57 1643.01 541.057 55.2388 1101.95 48.1003
internal_count=167671 158453 152917 115758 37159 9218 8656 2554 5536 6102 5079
is_linear=0
shrinkage=0.03


Tree=240
num_leaves=9
num_cat=0
split_feature=0 3 5 0 0 6 2 2
split_gain=6.20263 6.46796 6.28113 6.0799 6.38716 5.45748 5.31034 1.03807
threshold=0.04624270955055599 0.48194260161650426 -2.4813458652211167 -0.0028209162769295966 0.00073159687048307564 0.0013331528099147507 0.0025593995991118391 0.0051512152574994261
decision_type=10 10 8 10 10 10 10 10
left_child=1 2 -1 5 -5 -3 -4 -2
right_child=7 3 6 4 -6 -7 -8 -9
leaf_value=-0.0076317229345727704 0.0017963935645271987 -0.00016680352488263858 -0.0013534465408901993 -0.0030069306253048488 -0.00063377887022648027 0.0029318607744159516 0.00071605026570594529 0.0086896799787351073
leaf_weight=75.282448926474899 70.000450313091278 2921.2768356008455 1216.872764417436 1372.8555329935625 4337.7061970215291 603.27576442062855 10855.978660995141 73.070742331445217
leaf_count=635 295 17313 29603 17291 31540 3585 66986 382
internal_value=2.83361e-05 -1.19344e-05 0.000439971 -0.000612707 -0.00121905 0.000353395 0.000501544 0.00604667
internal_weight=21526.3 21383.2 12148.1 9235.11 5710.56 3524.55 12072.9 143.071
internal_count=167630 166953 97224 69729 48831 20898 96589 677
is_linear=0
shrinkage=0.03


Tree=241
num_leaves=14
num_cat=0
split_feature=1 4 4 7 2 7 2 6 6 0 7 0 1
split_gain=6.82795 7.53535 15.3498 13.4466 13.9107 9.26998 7.8933 2.19219 11.0801 10.4793 3.50592 2.25487 1.00976
threshold=2.2735583090594309 0.32687500000000008 0.35562500000000002 0.10740991242072372 0.011644782828630353 0.039071123538253941 0.0014092396667470914 0.024591279000317105 0.010719700726574468 -0.0036224577769889961 0.061212464537279791 0.019297759693340025 3.0063222569592827
decision_type=10 8 8 10 10 10 8 10 10 10 10 10 10
left_child=1 3 5 4 -1 -3 -4 8 9 -2 -10 -9 -13
right_child=7 2 6 -5 -6 -7 -8 11 10 -11 -12 12 -14
leaf_value=-0.0081687787584472683 0.0010907370789145522 -0.00022634489219284796 -0.0093915608309083111 0.0066773263967982921 0.0075655957161022283 0.0069795759759624298 -8.1559822595493562e-05 0.0093120544589224141 0 0.011344025858284196 -0.010886602508914413 1.9340116961517739e-05 0.0046631406013877275
leaf_weight=353.5697779012844 493.36525587365031 224.87083283532411 72.481783697847277 78.594023765996099 46.787534981966019 438.75652355700731 19332.517737192102 73.541040871292353 56.619904030114412 105.78511112183332 61.914162337779999 114.66754210740328 97.814679607748985
leaf_count=3009 2510 2120 6578 397 221 3056 147352 357 328 744 325 501 423
internal_value=5.62596e-05 -5.94406e-05 2.72311e-05 -0.00374008 -0.00604422 0.00448166 -0.000124244 0.00246125 0.00141803 0.00315605 -0.00646233 0.00473985 0.00254028
internal_weight=21551.3 20547.6 20068.6 478.951 400.357 663.627 19405 1003.71 717.684 599.15 118.534 286.023 212.482
internal_count=167921 162733 159106 3627 3230 5176 153930 5188 3907 3254 653 1281 924
is_linear=0
shrinkage=0.03


Tree=242
num_leaves=12
num_cat=0
split_feature=2 7 1 6 4 7 4 6 0 2 0
split_gain=7.01525 6.31036 6.47181 5.49767 5.19828 4.75269 4.57939 4.02734 5.60675 2.74533 2.14581
threshold=0.0013313840679558082 0.0032477245262888255 2.1836158683276099 0.040119544359224164 0.74937500000000012 0.042573250163869203 0.64187500000000008 -0.0017144221343246 -0.0039258010509891075 0.0033790425544059106 0.0018294586544298499
decision_type=8 8 10 10 10 10 8 10 10 10 8
left_child=5 3 4 6 -3 -1 -2 8 -7 -4 -9
right_child=1 2 9 -5 -6 7 -8 10 -10 -11 -12
leaf_value=-0.016692139607151317 -0.0042905376132318365 4.6359621587400605e-05 0.0009789833935962191 0.0064309412359721029 0.0082128742224589543 -0.0048928076835130585 0.0025871905298201449 -0.013661676894901751 0.017794368850862215 0.0041949814346210904 0
leaf_weight=27.505020193755627 603.38732881844044 19566.596593409311 618.71251278743148 42.931841742247343 60.543246725574136 7.3023801669478443 83.306659270077944 11.768157545011489 9.3561084438115341 470.91179810464382 13.526076853275301
leaf_count=3149 5414 149146 3266 205 595 206 889 1285 755 2202 555
internal_value=7.19753e-05 0.000107655 0.000207454 -0.00260937 7.87755e-05 -0.00881669 -0.00334488 -0.000279391 0.00749377 0.00244894 -0.00777146
internal_weight=21515.8 21446.4 20716.8 729.626 19627.1 69.4577 686.694 41.9527 16.6585 1089.62 25.2942
internal_count=167667 161717 155209 6508 149741 5950 6303 2801 961 5468 1840
is_linear=0
shrinkage=0.03


Tree=243
num_leaves=15
num_cat=0
split_feature=2 5 5 7 7 6 2 3 6 2 3 2 5 7
split_gain=6.82795 8.63751 9.1855 10.2812 6.78709 10.1049 6.25748 5.70912 5.53093 4.65981 3.58413 6.73396 4.81357 3.51788
threshold=0.0032794510662527919 1.2555158695413908 -0.74174694672434949 0.15535315416955706 0.074519501629899718 0.066047323932674665 0.0074696459271216525 1.1545539654804615 0.011534409551979154 0.0031480768482750865 0.51855964590277326 0.0048603372356067079 -0.58363582599430897 0.18639821573072798
decision_type=10 8 10 10 10 10 10 10 10 10 10 10 10 8
left_child=1 2 3 -1 5 8 -7 13 -2 -4 12 -12 -6 -3
right_child=4 7 9 -5 10 6 -8 -9 -10 -11 11 -13 -14 -15
leaf_value=-0.0032090588232866848 0.00037528334360595518 -0.00522859491778739 0.00081681459265321092 0.0059647274343364682 0 0.0095163633688041972 0 0.0079387157385570738 -0.0011557527295314089 -0.0019777686393923095 -0.00091165564408864899 0.0025625545292141988 0.0027709526956641679 0.0032441442173237124
leaf_weight=1261.7140648229979 6861.2879428304732 572.4428581292741 3662.6925432956778 107.05774080567062 755.44975036010146 152.10967960953712 111.21547628939152 22.070518141612411 3053.4607036970556 610.70955084264278 1271.8956859260798 804.47697446495295 2242.9073070846498 32.194871783256531
leaf_count=18900 38667 8531 53748 738 3821 665 538 239 15383 4847 6624 3617 11270 168
internal_value=0.000168607 -0.000660049 -0.000274319 -0.00240996 0.000513324 5.9949e-05 0.00575391 -0.00397964 -9.08762e-05 0.00039975 0.00140893 0.000411477 0.00207605 -0.00463439
internal_weight=21521.7 6268.88 5642.17 1368.77 15252.8 10178.1 263.325 626.708 9914.75 4273.4 5074.73 2076.37 2998.36 604.638
internal_count=167756 87171 78233 19638 80585 55253 1203 8938 54050 58595 25332 10241 15091 8699
is_linear=0
shrinkage=0.03


Tree=244
num_leaves=15
num_cat=0
split_feature=1 2 4 6 1 4 0 2 6 0 1 2 2 2
split_gain=8.23787 14.2509 12.4456 15.9237 11.6814 7.0307 10.8277 8.22917 5.57879 11.6003 16.1357 6.05719 6.03681 7.28091
threshold=0.45283947621469356 0.0026236405565739254 0.55562500000000015 0.023341795474818742 -0.085319150817296033 0.5056250000000001 0.00068354932996950179 0.0026671347456262641 0.011245078459495518 -0.0065156254419503892 1.3466660082386379 0.0026932655064740569 0.0023817632904604758 0.0030375238398860633
decision_type=8 10 10 10 10 10 10 10 8 10 10 8 10 10
left_child=1 2 4 -4 -1 6 -3 -7 9 11 -11 -2 -10 -14
right_child=8 5 3 -5 -6 7 -8 -9 12 10 -12 -13 13 -15
leaf_value=-0.0084604646613076224 -0.00312541213609911 -0.00063583924486861607 -0.00030713290168401451 0.025613999535735898 -0.00096653426251266396 0.010019913863973702 0.0015669714576111045 -0.0012049951263249366 0.0033924336530244186 0.0014229636929469227 0.0071640284263804364 0.00071662276512588494 -0.0039966599371287458 2.0444168433651473e-05
leaf_weight=488.03578237071633 429.76702193077654 4070.0310119353235 300.95356195000932 12.648523474112151 336.00863033393398 48.630747348070145 3904.6239730902016 4423.849910762161 353.82263538148254 1692.6664623590186 609.27313610725105 2268.8559344038367 485.41708919405937 2092.3576535284519
leaf_count=20630 3144 25748 9214 210 8255 701 24169 30454 3250 14261 4592 10514 3110 9539
internal_value=5.27851e-05 -0.000392714 -0.00359294 0.00131215 -0.00552494 -9.27526e-05 0.000435818 -0.00104748 0.000822844 0.00143256 0.00299286 7.33313e-05 -0.00019812 -0.000725346
internal_weight=21516.9 13584.8 1137.65 313.602 824.044 12447.1 7974.65 4472.48 7932.16 5000.56 2301.94 2698.62 2931.6 2577.77
internal_count=167791 119381 38309 9424 28885 81072 49917 31155 48410 32511 18853 13658 15899 12649
is_linear=0
shrinkage=0.03


Tree=245
num_leaves=15
num_cat=0
split_feature=2 4 1 0 5 4 1 1 4 4 2 2 4 4
split_gain=12.8337 9.00733 11.8804 9.91234 9.76429 7.67566 7.93603 6.98166 6.95228 21.6476 11.9617 15.1474 10.0256 5.25687
threshold=0.0038915564186724851 0.64687500000000009 -0.91953518346047136 -0.0021069884328785977 -1.5605242115668285 0.74937500000000012 0.34074117143220889 2.7922668467689333 0.59687500000000016 0.48812500000000009 0.0073433263091247031 0.0040924085657698395 0.5368750000000001 0.32687500000000008
decision_type=10 10 8 10 10 10 8 10 8 10 10 10 10 10
left_child=1 2 3 -1 -4 7 -7 -3 9 13 11 -10 -11 -2
right_child=8 5 4 -5 -6 6 -8 -9 10 12 -12 -13 -14 -15
leaf_value=0.0019422004509094546 -0.0025785283850063034 -0.0039737845892851677 -0.0041000756170421144 -0.0055103926652157846 0.00030468078310584264 0.015492128086968046 -0.0026852196280851867 0.006045959681529189 0.00789191776377666 -0.0046615794748474096 0.0075403023603192003 7.6013482965219553e-05 -0.00041528081552633415 0.0014483282513101329
leaf_weight=194.06857237499207 285.89103692770004 1229.7165475022048 470.41099513182417 636.10685894871131 7823.7758157886565 30.779483690857887 31.348180066794157 52.646685026586056 257.24512848258018 860.93207307159901 335.14966635406017 1454.4276139214635 1264.4090871959925 6669.7358682528138
leaf_count=2716 1470 14374 4800 13975 78350 394 210 257 1553 4200 1492 7064 6055 31214
internal_value=0.000109758 -0.000640696 -0.000294151 -0.00369442 4.29999e-05 -0.00292868 0.00638773 -0.0034724 0.000821101 0.000455653 0.00240319 0.00132452 -0.00217724 0.00127074
internal_weight=21596.6 10468.9 9124.36 830.175 8294.19 1344.49 62.1277 1282.36 11127.8 9080.97 2046.82 1711.67 2125.34 6955.63
internal_count=168124 115076 99841 16691 83150 15235 604 14631 53048 42939 10109 8617 10255 32684
is_linear=0
shrinkage=0.03


Tree=246
num_leaves=15
num_cat=0
split_feature=1 2 2 2 0 2 0 0 7 0 6 0 0 6
split_gain=5.85777 10.0904 7.56988 9.0759 9.01275 5.59126 6.87095 8.63516 5.62228 5.41429 5.38584 5.23238 4.03844 5.98112
threshold=-1.0452112726575498 0.0026088958670837099 0.0029953417505763397 0.0028156294542010106 0.0024298396324026199 0.0064893139797160262 -0.0037262768096938954 0.0091660974063684248 0.0032477245262888255 -0.0099134581636119972 0.022798090947016906 -0.0095886513789126809 0.0022435418421922208 -0.0048010771133695221
decision_type=10 8 8 10 8 10 10 10 10 10 10 10 10 10
left_child=1 12 3 -3 -4 8 11 -8 10 -10 -2 -7 13 -1
right_child=5 2 4 -5 -6 6 7 -9 9 -11 -12 -13 -14 -15
leaf_value=8.163320961729845e-05 -0.0041905521904214019 -0.00184389122143856 -0.0025837570370748708 0.013097583006412667 0.0014316137919735284 0.0011354532578604511 0.0052745728393764259 0.00067867622696929245 -0.00096536068844667365 0.0004817335063307489 0.004227173645467399 -0.0034192473854648179 0.0012583845344072142 -0.014534516220211102
leaf_weight=23.102341333404183 445.3178924578242 54.960912965238094 1418.7101334370673 65.783087410032749 747.81526082754135 730.97822587937117 722.99976614117622 814.97646254301071 2794.6645630411804 13223.911823505536 65.315461391583085 314.60508789122105 16.382952066138387 87.163027246017009
leaf_count=893 4600 1184 10356 1073 4438 3593 3012 3628 13267 114331 398 1313 660 5274
internal_value=0.0001507 -0.00123357 -0.000728581 0.00621669 -0.00117 0.000329222 0.00162618 0.00289808 0.000122016 0.00022508 -0.00293808 -0.000197577 -0.00919379 -0.0112211
internal_weight=21526.7 2413.92 2287.27 120.744 2166.53 19112.8 2583.56 1537.98 16529.2 16018.6 510.633 1045.58 126.648 110.265
internal_count=168020 23878 17051 2257 14794 144142 11546 6640 132596 127598 4998 4906 6827 6167
is_linear=0
shrinkage=0.03


Tree=247
num_leaves=11
num_cat=0
split_feature=2 1 7 5 2 3 6 2 1 5
split_gain=8.00847 8.13143 7.85877 7.0182 9.59988 6.53498 5.85918 7.3455 2.47834 1.07068
threshold=0.0013313840679558082 3.7810991809203216 0.045673404130553784 -1.1140778447592252 0.002734849764020508 -0.92523248005020919 -0.0010032227797411861 0.0011258670578612672 1.6427060365314061 -0.28952165484684644
decision_type=8 10 10 10 10 10 10 10 8 10
left_child=2 3 -1 4 -2 -5 7 -4 -8 -3
right_child=1 9 6 5 -6 -7 8 -9 -10 -11
leaf_value=-0.018859867273433435 -0.0057566551306293375 0.0025970882905297205 0.022144067748970188 0.0013005608483544588 -0.00052778577148551731 2.0599146985684285e-05 -0.013544491755236992 -0.0041498294537614944 0.00014588225091428491 0.01037019970209057
leaf_weight=29.325593676418066 362.28963946131989 64.990731578320265 8.7843614998273569 4904.826034898404 2376.1574988737702 13689.870319292881 15.018718651030211 8.2040711701847595 7.3429917134344604 65.870171677321196
leaf_count=3359 7135 309 558 37635 14010 102602 1357 510 161 305
internal_value=0.000163195 0.00020086 -0.0093751 0.00015048 -0.00125981 0.000361964 0 0.0103903 -0.00853897 0.00739415
internal_weight=21532.7 21464 68.6757 21333.1 2738.45 18594.7 39.3501 16.9884 22.3617 130.861
internal_count=167941 161996 5945 161382 21145 140237 2586 1068 1518 614
is_linear=0
shrinkage=0.03


Tree=248
num_leaves=15
num_cat=0
split_feature=1 2 0 6 0 2 5 1 0 6 6 6 0 2
split_gain=8.21945 15.2025 7.85582 9.30889 7.81939 6.69268 7.55811 7.14286 4.84555 7.56265 6.78405 3.13571 2.91329 3.65813
threshold=-0.73181136835468374 0.0026088958670837099 0.010305087018099403 -0.027250367864836807 0.01546779032227741 0.0064893139797160262 -1.2372906535202308 1.9610083703676942 0.010010201968497336 0.018260364021662315 0.037201782524104672 -0.011572826365970455 0.0013063039661518341 0.0022415236238326618
decision_type=10 8 8 8 10 10 10 10 10 10 10 10 10 10
left_child=1 12 3 -3 -4 8 11 -8 9 -2 -10 -7 -1 -14
right_child=5 2 4 -5 -6 6 7 -9 10 -11 -12 -13 13 -15
leaf_value=-0.01056862130034157 -0.00014077044763318328 0.0031262452467749882 0.0070283924477407764 -0.001828243144334108 -0.0016363373030709918 -0.0070933674531332268 0.0018705332797376989 0.011443296257002153 -0.0023351317558176449 0.002058791411317637 0.0007673276054760888 0 -0.0092600258980489823 0.0029896272598569549
leaf_weight=175.89181528845802 10735.96223242674 363.59431904554367 203.51547920703888 3287.1418510861695 145.22012307867408 96.995006062090397 1910.5698928236961 66.604210987687111 1793.6658987887204 1604.0889584952965 935.4056551232934 138.29639609158039 25.478343086317182 39.57058219332248
leaf_count=9611 91829 1762 958 26001 636 474 8515 431 9426 10420 4313 589 1642 1228
internal_value=-0.000171738 -0.00135476 -0.000886239 -0.00131122 0.00330795 0.000115689 0.00165422 0.00227916 -0.000107168 0.000141729 -0.00125092 -0.00323145 -0.00854765 -0.00160339
internal_weight=21522 4240.41 3999.47 3650.74 348.736 17281.6 2212.47 1977.17 15069.1 12340.1 2729.07 235.291 240.941 65.0489
internal_count=167835 41838 29357 27763 1594 125997 10009 8946 115988 102249 13739 1063 12481 2870
is_linear=0
shrinkage=0.03


Tree=249
num_leaves=12
num_cat=0
split_feature=2 4 7 6 0 2 7 7 0 4 3
split_gain=9.53875 5.67861 8.2135 8.06415 12.4597 9.39568 5.73695 5.28507 3.21309 4.14017 2.21653
threshold=0.0014092396667470914 0.66437500000000005 0.18639821573072798 -0.0048010771133695221 0.0041131525410088585 0.0031892013919681975 0.025505474675853766 0.1129829735010431 0.0034732650291615656 0.36062500000000003 -0.56382710802568314
decision_type=8 10 10 10 10 10 10 10 10 10 10
left_child=7 2 6 4 -3 -5 -2 8 9 -1 -4
right_child=1 3 10 5 -6 -7 -8 -9 -10 -11 -12
leaf_value=0.00017521673756510679 -0.00066158530519119601 0.0023011877931941723 0.0010210906475882468 -0.0072996722445582713 -0.011551583636996843 -0.0011189631311355845 0.00049746448266156477 0.0034046592971716219 0 -0.017203917547881007 0.0073839580901840715
leaf_weight=6.7659075921401373 5228.7624877123162 623.01580769941211 105.7273368332535 331.52864598389715 53.684157077223063 729.93779681622982 14195.024869327433 13.407985676545648 13.932430210057644 55.92568912031129 172.57999797724187
leaf_count=481 43009 4500 596 5853 310 4860 100822 467 545 5732 941
internal_value=6.63767e-05 0.000112211 0.000260091 -0.00152158 0.000962626 -0.0031555 0.000182188 -0.00916897 -0.0122009 -0.0147368 0.00529411
internal_weight=21530.3 21440.3 19702.1 1738.17 676.7 1061.47 19423.8 90.032 76.624 62.6916 278.307
internal_count=168116 160891 145368 15523 4810 10713 143831 7225 6758 6213 1537
is_linear=0
shrinkage=0.03


end of trees

feature_importances:
parkinson_vol_600=796
trade_count_log_z_600=660
ma_ratio_close_30=470
efficiency_ratio_400=422
buy_pressure_positive_ratio_800=413
logret_close_50=349
taker_delta_quote_z_60=128
realized_vol_z_3=89

parameters:
[boosting: gbdt]
[objective: binary]
[metric: auc]
[tree_learner: serial]
[device_type: cpu]
[data_sample_strategy: bagging]
[data: ]
[valid: ]
[num_iterations: 250]
[learning_rate: 0.03]
[num_leaves: 15]
[num_threads: 0]
[seed: 42]
[deterministic: 0]
[force_col_wise: 1]
[force_row_wise: 0]
[histogram_pool_size: -1]
[max_depth: 4]
[min_data_in_leaf: 300]
[min_sum_hessian_in_leaf: 0.001]
[bagging_fraction: 0.8]
[pos_bagging_fraction: 1]
[neg_bagging_fraction: 1]
[bagging_freq: 1]
[bagging_seed: 42]
[bagging_by_query: 0]
[feature_fraction: 0.7]
[feature_fraction_bynode: 1]
[feature_fraction_seed: 42]
[extra_trees: 0]
[extra_seed: 12879]
[early_stopping_round: 0]
[early_stopping_min_delta: 0]
[first_metric_only: 0]
[max_delta_step: 0]
[lambda_l1: 2]
[lambda_l2: 10]
[linear_lambda: 0]
[min_gain_to_split: 0]
[drop_rate: 0.1]
[max_drop: 50]
[skip_drop: 0.5]
[xgboost_dart_mode: 0]
[uniform_drop: 0]
[drop_seed: 17869]
[top_rate: 0.2]
[other_rate: 0.1]
[min_data_per_group: 100]
[max_cat_threshold: 32]
[cat_l2: 10]
[cat_smooth: 10]
[max_cat_to_onehot: 4]
[top_k: 20]
[monotone_constraints: ]
[monotone_constraints_method: basic]
[monotone_penalty: 0]
[feature_contri: ]
[forcedsplits_filename: ]
[refit_decay_rate: 0.9]
[cegb_tradeoff: 1]
[cegb_penalty_split: 0]
[cegb_penalty_feature_lazy: ]
[cegb_penalty_feature_coupled: ]
[path_smooth: 0]
[interaction_constraints: ]
[verbosity: -1]
[saved_feature_importance_type: 0]
[use_quantized_grad: 0]
[num_grad_quant_bins: 4]
[quant_train_renew_leaf: 0]
[stochastic_rounding: 1]
[linear_tree: 0]
[max_bin: 255]
[max_bin_by_feature: ]
[min_data_in_bin: 3]
[bin_construct_sample_cnt: 200000]
[data_random_seed: 42]
[is_enable_sparse: 1]
[enable_bundle: 1]
[use_missing: 1]
[zero_as_missing: 0]
[feature_pre_filter: 1]
[pre_partition: 0]
[two_round: 0]
[header: 0]
[label_column: ]
[weight_column: ]
[group_column: ]
[ignore_column: ]
[categorical_feature: ]
[forcedbins_filename: ]
[precise_float_parser: 0]
[parser_config_file: ]
[objective_seed: 16083]
[num_class: 1]
[is_unbalance: 0]
[scale_pos_weight: 1]
[sigmoid: 1]
[boost_from_average: 1]
[reg_sqrt: 0]
[alpha: 0.9]
[fair_c: 1]
[poisson_max_delta_step: 0.7]
[tweedie_variance_power: 1.5]
[lambdarank_truncation_level: 30]
[lambdarank_norm: 1]
[label_gain: ]
[lambdarank_position_bias_regularization: 0]
[eval_at: ]
[multi_error_top_k: 1]
[auc_mu_weights: ]
[num_machines: 1]
[local_listen_port: 12400]
[time_out: 120]
[machine_list_filename: ]
[machines: ]
[gpu_platform_id: -1]
[gpu_device_id: -1]
[gpu_use_dp: 0]
[num_gpu: 1]

end of parameters

pandas_categorical:[]
