tree
version=v4
num_class=1
num_tree_per_iteration=1
label_index=0
max_feature_idx=7
objective=binary sigmoid:1
feature_names=ma_ratio_close_30 trade_count_log_z_600 parkinson_vol_600 realized_vol_z_3 buy_pressure_positive_ratio_800 taker_delta_quote_z_60 logret_close_50 efficiency_ratio_400
feature_infos=[-0.27472619445129109:0.17491257839904728] [-16.470509994973693:7.5180797473697796] [0.00079493983247898726:0.019018763499167222] [-1.1547005398436716:1.1547005389821969] [0.28749999999999998:0.77375000000000005] [-4.8544786432202294:4.6390124775377322] [-0.40141455504065604:0.38383267847806657] [0:0.36185857247628311]
tree_sizes=1636 1781 1793 1781 1800 1794 1788 1790 1808 1792 1799 1672 1791 1682 1566 1809 1795 1793 1796 1792 1810 1795 1797 1803 1796 1797 1801 1804 1799 1756 1805 1799 1807 1804 1796 1808 1792 1798 1805 1806 1799 1805 1770 1810 1812 1796 1812 1804 1790 1800 1813 1798 1816 1802 1802 1814 1810 1815 1792 1795 1795 1816 1804 1799 1782 1792 1806 1801 1813 1796 1578 1803 1814 1791 1810 1813 1808 1793 1782 1768 1813 1797 1789 1791 1810 1791 1764 1806 1815 1814 1781 1813 1808 1811 1812 1801 1811 1788 1812 1802 1807 1801 1806 1586 1582 1811 1814 1804 1792 1808 1814 1687 1812 1704 1797 1699 1794 1812 1812 1809 1815 1788 1794 1601 1819 1792 1820 1811 1819 1794 1810 1787 1786

Tree=0
num_leaves=14
num_cat=0
split_feature=0 0 6 6 0 0 6 6 4 0 0 6 0
split_gain=8864.78 5565.73 1971.99 1300 1042.58 803.279 300.048 242.372 126.329 70.8967 70.0823 64.5684 30.7285
threshold=-0.012199706618455762 0.012453430536371603 -0.018590878347533032 0.017407800205788252 -0.023555705579258231 0.024506944546554114 -0.03845494364480561 0.0036099551654986688 0.47937500000000005 -0.015446927119490915 0.03697891092662809 -0.068807594727604546 -0.016968335790861096
decision_type=10 10 10 10 10 10 10 10 10 10 10 8 10
left_child=4 2 6 -4 11 7 -2 -3 9 -6 -7 -1 -10
right_child=1 5 3 -5 8 10 -8 -9 12 -11 -12 -13 -14
leaf_value=-1.5702780849199485 -1.6475118306092646 -1.6230563905272815 -1.7042290136650673 -1.6801879830560906 -1.6225713695954651 -1.6241401461525466 -1.6754161752851249 -1.6615297266269382 -1.6437660398430567 -1.6463929995166129 -1.5918721352423517 -1.6042560871792693 -1.6616990658252684
leaf_weight=189.91432468593121 468.92100432515144 170.80427813529968 14284.034932762384 2348.954204633832 401.57456441223621 352.2838236540556 1350.6190141439438 1139.3541546911001 219.1724649220705 298.5121064633131 174.49449402093887 423.84765315055847 303.65205001831055
leaf_count=1441 3558 1296 108382 17823 3047 2673 10248 8645 1663 2265 1324 3216 2304
internal_value=-1.68689 -1.69261 -1.69758 -1.70083 -1.62396 -1.64296 -1.66802 -1.65602 -1.64072 -1.63193 -1.61177 -1.59195 -1.6534
internal_weight=22126.1 20289.5 18452.5 16633 1836.67 1836.94 1819.54 1310.16 1222.91 700.087 526.778 613.762 522.825
internal_count=167885 153949 140011 126205 13936 13938 13806 9941 9279 5312 3997 4657 3967
is_linear=0
shrinkage=1


Tree=1
num_leaves=15
num_cat=0
split_feature=2 2 1 2 1 1 1 2 1 2 0 2 1 2
split_gain=19923 2913.77 2630.68 2258.16 1267.64 590.587 551.396 415.344 411.118 375.478 194.678 134.224 132.536 73.7164
threshold=0.0047080774960687015 0.0029167956340290162 0.5616575708339544 0.0071915022378682041 0.49203696061066243 1.7821885545188734 1.7338962950319667 0.005442031007640939 -0.15249851215788088 0.0037798306691608631 -0.013122764472455693 0.0018206385875575389 0.52034671953123335 0.0080722935438988647
decision_type=8 10 10 8 10 10 10 10 10 10 10 10 10 8
left_child=1 5 9 4 7 12 -4 -2 13 -3 -6 -7 -1 -5
right_child=3 2 6 8 10 11 -8 -9 -10 -11 -12 -13 -14 -15
leaf_value=-0.030528858519006507 0.016314529326597303 -0.017201205814546119 0.017203835711429128 0.050793399964195886 0.096199232583527972 -0.020635238742252714 0.051766070738889676 0.042123405887084853 0.1077357460632488 -0.0022536390098473027 0.060991660629032107 0.011194221074526658 -0.021111990024789161 0.079062854332136404
leaf_weight=6438.5935895591974 1029.6830356270075 4074.9080371409655 1674.3097308725119 223.95659132301807 288.4253593981266 152.62128332257271 556.08826953172684 1306.940243601799 644.08951227366924 2422.9049296677113 533.31127427518368 433.5685943365097 1901.5671491473913 449.08006963133812
leaf_count=49318 7807 31096 12605 1687 2079 1159 4111 9866 4713 18436 3984 3247 14471 3357
internal_value=3.93658e-06 -0.0143306 -0.00199211 0.0564688 0.0424389 -0.0263727 0.0260404 0.0308937 0.089493 -0.0116488 0.0744295 0.0025993 -0.0284168 0.0706252
internal_weight=22130 17654.6 8728.21 4475.49 3158.36 8926.35 2230.4 2336.62 1317.13 6497.81 821.737 586.19 8340.16 673.037
internal_count=167936 134443 66248 33493 23736 68195 16716 17673 9757 49532 6063 4406 63789 5044
is_linear=0
shrinkage=0.03


Tree=2
num_leaves=15
num_cat=0
split_feature=2 2 1 2 1 1 1 2 0 1 0 2 2 2
split_gain=18134.8 2682.68 2408.91 1891.92 1309.68 549.474 517.353 418.251 369.913 368.735 195.008 131.734 113.658 87.8866
threshold=0.0046510927379661516 0.0028756279559095919 0.59025181720934639 0.0071915022378682041 0.37690554160485973 1.6843603004968217 1.5582694039150586 0.005442031007640939 -0.006158752378700282 -0.35763036366884404 -0.01616312885097498 0.0017639783319164475 0.0023817632904604758 0.0080722935438988647
decision_type=8 10 10 8 10 10 10 10 10 8 10 10 10 10
left_child=1 6 8 4 7 -4 12 -2 -3 13 -6 -8 -1 -5
right_child=3 2 5 9 10 -7 11 -9 -10 -11 -12 -13 -14 -15
leaf_value=-0.031620366003407563 0.013051322218714988 0.0065589521101662778 0.014671843292371627 0.037759780930172508 0.089599727635319801 0.048091012404953462 -0.024031340746918022 0.03830735902014154 -0.014666125801775197 0.093293764886707833 0.057140876576378737 0.0046481790236612133 -0.023698652079920293 0.068489873597554859
leaf_weight=4906.8939626514912 1121.8126248419285 838.24396768212318 1593.4481483250856 190.77741502225399 295.52961207926273 616.71511100232601 181.8316412717104 1295.7031228691339 5726.9494138509035 870.06066286563873 735.51866252720356 565.18917074799538 2870.4854628741741 330.68856060504913
leaf_count=38346 8428 6361 11869 1390 2002 4415 1404 9510 44109 5981 5292 4236 22353 2350
internal_value=-0.000104763 -0.014473 -0.00281495 0.0511627 0.0390175 0.0241986 -0.0264499 0.0267144 -0.0119411 0.0807257 0.0672735 -0.00247865 -0.0287385 0.0582822
internal_weight=22139.8 17299.8 8775.36 4840.09 3448.56 2210.16 8524.4 2417.52 6565.19 1391.53 1031.05 747.021 7777.38 521.466
internal_count=168046 133093 66754 34953 25232 16284 66339 17938 50470 9721 7294 5640 60699 3740
is_linear=0
shrinkage=0.03


Tree=3
num_leaves=15
num_cat=0
split_feature=2 1 2 2 2 1 1 1 2 7 1 1 1 1
split_gain=16495.2 2222.27 2196.87 1321.08 1149.46 1090.41 858.235 570.379 426.52 270.106 187.209 181.602 136.907 103.371
threshold=0.0043497958137187591 1.0089680515130131 0.005442031007640939 0.0028756279559095919 0.0026932655064740569 0.048619355087025758 0.41454519896616304 0.19308892435269057 0.0080722935438988647 0.10229160609044675 1.1012185922268034 -0.5345602779207016 2.3702013067977661 0.88687115408329775
decision_type=8 10 8 10 10 8 10 10 10 10 10 10 10 10
left_child=1 3 6 -1 12 8 11 -5 -4 -6 -7 -2 -3 -8
right_child=2 4 5 7 9 10 13 -9 -10 -11 -12 -13 -14 -15
leaf_value=-0.029570755026408324 -0.00037565639564980213 -0.017567427528281963 0.034506128210850445 -0.016053351232450028 0.018004595382276629 0.069923982711338359 0.032415006533469744 0.0038727183994665387 0.067707756526806495 0.046026596495970511 0.097696174155904203 0.019153375937375833 0.0070722636548268287 0.058615536396376983
leaf_weight=6974.9936407729983 823.69460029900074 948.68494093418121 1381.5356293916702 4958.6332173198462 1025.6118560284376 1033.1315681934357 289.22109265625477 1737.0884758234024 494.19709444046021 459.12679649889469 432.1016888320446 869.35285426676273 247.58091577887535 429.82313430309296
leaf_count=55601 6218 7379 9848 38534 7435 6932 2052 13145 3325 3284 2801 6511 1858 2955
internal_value=-0.00016077 -0.0155369 0.043483 -0.0204338 0.00939357 0.0592265 0.0214976 -0.0108769 0.0435982 0.02696 0.0787615 0.00967054 -0.0124019 0.0487484
internal_weight=22104.8 16351.7 5753.06 13670.7 2681 3340.97 2412.09 6695.72 1875.73 1484.74 1465.23 1693.05 1196.27 719.044
internal_count=167878 127236 40642 107280 19956 22906 17736 51679 13173 10719 9733 12729 9237 5007
is_linear=0
shrinkage=0.03


Tree=4
num_leaves=15
num_cat=0
split_feature=2 2 2 6 2 6 6 6 6 7 6 6 6 6
split_gain=15595.3 2113.02 1905.67 807.508 635.497 386.012 337.766 326.802 201.967 157.755 148.841 79.6753 68.2525 68.1055
threshold=0.0042505236578338169 0.0053927673544491841 0.0028756279559095919 -0.021491531990514009 0.0080722935438988647 -0.024872446401529299 0.030587453302250548 -0.027250367864836807 -0.020322905531501508 0.074519501629899718 0.022798090947016906 -0.035583515385673607 -0.063349117521078732 -0.055126258735085358
decision_type=8 8 10 10 8 10 10 10 10 10 10 10 10 10
left_child=2 5 8 11 7 12 -5 -3 13 -7 -10 -4 -2 -1
right_child=1 4 3 6 -6 9 -8 -9 10 -11 -12 -13 -14 -15
leaf_value=0.025633067650955126 0.071188700962639781 0.067644254027813822 0.028995734045474317 -0.010951119265381585 0.075763641702485507 0.0080324345954514847 0.011798918839486749 0.040740399988342474 -0.028197104425054114 0.024671165894164012 -0.011436010457275559 0.011513318816237759 0.037247918158328362 -0.010876909643433403
leaf_weight=40.318819478154182 86.514109715819359 562.98733729124069 470.91939046978951 6027.166298173368 1024.4297318905592 1343.5898907929659 639.97103457152843 1971.8583709746599 7102.8969248756766 852.47272662818432 544.41200709342957 534.14315181970596 341.2651606798172 491.65824139118195
leaf_count=301 563 3647 3381 46698 6448 9975 4695 13473 57665 6198 4252 3980 2397 3820
internal_value=4.68738e-05 0.0404221 -0.0157139 -0.00495369 0.0554715 0.0198514 -0.00874398 0.0469816 -0.0257812 0.014601 -0.0270282 0.0199687 0.0457185 -0.00757719
internal_weight=22034.6 6183.12 15851.5 7672.2 3559.28 2623.84 6667.14 2534.85 8179.29 2196.06 7647.31 1005.06 427.779 531.977
internal_count=167493 42701 124792 58754 23568 19133 51393 17120 66038 16173 61917 7361 2960 4121
is_linear=0
shrinkage=0.03


Tree=5
num_leaves=15
num_cat=0
split_feature=2 1 2 2 1 2 1 1 1 0 0 2 2 2
split_gain=14474.9 2058.28 1831.18 1202.29 994.72 983.21 624.841 523.608 202.312 186.073 182.227 167.231 166.277 137.889
threshold=0.004283565586432057 1.0760015873782804 0.0060445863019311158 0.0028756279559095919 0.37690554160485973 0.0029311035973404779 -0.15249851215788088 0.079182276184212544 -0.34829153175391903 -0.01616312885097498 -0.016968335790861096 0.0080722935438988647 0.0019546629117876799 0.0080722935438988647
decision_type=8 10 8 10 10 10 8 10 10 10 10 10 10 10
left_child=1 3 4 -1 8 12 11 -5 -2 -7 -6 -4 -3 -8
right_child=2 5 6 7 10 9 13 -9 -10 -11 -12 -13 -14 -15
leaf_value=-0.028722587433388611 0.0047263292412199074 -0.022632682754117981 0.032956735366386963 -0.016520418991342076 0.070469470048845226 0.054155866379785533 0.061207797973711529 0.0015893569229796095 0.02305701439357891 0.023477877709491075 0.039288623111247728 0.056336029977658138 -8.3125129315359014e-05 0.084026712718126756
leaf_weight=6796.5063033401966 1377.1769022196531 436.00517313182354 937.37093709409237 4428.6647064909339 248.05700071156025 231.31091065704823 973.34158053994179 2113.7438659220934 902.69953601062298 913.49278825521469 824.33508551120758 461.75540536642075 881.36494632065296 526.57463207840919
leaf_count=56365 10098 3504 6354 35004 1518 1545 6084 16057 6491 6475 5550 2860 6800 3084
internal_value=5.10928e-05 -0.0152344 0.0386595 -0.0198858 0.0234203 0.00991907 0.0561194 -0.0106668 0.0120794 0.0301437 0.047141 0.0410603 -0.00770575 0.069762
internal_weight=22052.4 15801.1 6251.31 13338.9 3352.27 2462.17 2899.04 6542.41 2279.88 1144.8 1072.39 1399.13 1317.37 1499.92
internal_count=167789 125750 42039 107426 23657 18324 18382 51061 16589 8020 7068 9214 10304 9168
is_linear=0
shrinkage=0.03


Tree=6
num_leaves=15
num_cat=0
split_feature=2 1 2 2 2 1 1 1 1 2 1 1 1 1
split_gain=13170.8 1973.64 1654.04 1032.01 1015.74 862.518 716.903 404.589 338.669 229.791 162.68 128.291 121.434 108.559
threshold=0.0042505236578338169 0.86834350206104138 0.0056769676153438954 0.0029311035973404779 0.0025462049533089225 0.37690554160485973 -0.14289894619869994 0.019810588286327768 1.8950323717228763 0.0080722935438988647 -0.5345602779207016 0.61981858538457879 0.90704947598756325 2.1836158683276099
decision_type=8 10 8 10 10 10 8 10 10 10 10 10 10 10
left_child=1 3 5 -1 13 10 9 -5 -6 -4 -2 -8 -7 -3
right_child=2 4 6 7 8 12 11 -9 -10 -11 -12 -13 -14 -15
leaf_value=-0.028428682830039319 0.00022312823231462639 -0.020343041689365484 0.027837121107019001 -0.016455256492559363 0.011350220156546399 0.02913691114135504 0.05471722054667074 0.00044119566769464872 0.038863417448313071 0.053393317931692899 0.017003234049660716 0.07404008633104614 0.052079062224537946 0.001166459905919367
leaf_weight=6607.6271694526076 1024.2188422679901 901.27725045382977 1148.0830548703671 3995.6299468651414 1320.9406050592661 432.22224834561348 952.6143070012331 1860.5447254180908 584.73363126814365 476.32961191236973 1062.4030920267105 795.20003528892994 573.16708636283875 266.77806911617517
leaf_count=55861 7585 7357 7646 31952 9629 2883 5761 14242 3975 2854 7639 4586 3622 2057
internal_value=-1.81851e-05 -0.0149924 0.0359323 -0.0203001 0.00650659 0.0199551 0.0504618 -0.0110853 0.0199824 0.0356486 0.00883568 0.0639138 0.0426593 -0.0154112
internal_weight=22001.8 15537.5 6464.24 12463.8 3073.73 3092.01 3372.23 5856.17 1905.67 1624.41 2086.62 1747.81 1005.39 1168.06
internal_count=167649 125073 42576 102055 23018 21729 20847 46194 13604 10500 15224 10347 6505 9414
is_linear=0
shrinkage=0.03


Tree=7
num_leaves=15
num_cat=0
split_feature=2 1 2 2 2 1 1 1 7 2 1 2 2 0
split_gain=12334.8 1877.99 1530.46 1189.84 725.361 683.868 619.224 541.666 230.566 223.075 197.042 171.157 93.8254 89.3542
threshold=0.0042505236578338169 1.2010392010076487 0.0053927673544491841 0.0028756279559095919 0.0025462049533089225 -0.41274357435780445 0.72909986236853885 0.019810588286327768 0.095653675984470235 0.0084826783003338312 -0.5345602779207016 0.0080722935438988647 0.00235217571412407 -0.013122764472455693
decision_type=8 10 8 10 10 8 10 10 10 10 10 10 10 10
left_child=1 3 6 12 -3 11 10 -5 -6 -7 -2 -4 -1 -8
right_child=2 4 5 7 8 9 13 -9 -10 -11 -12 -13 -14 -15
leaf_value=-0.030867553085822425 -0.0015128422649005675 -0.011265619871252488 0.022930486386273211 -0.016446473824549609 0.014981446926968643 0.049982957723311641 0.060929512641924588 0.0014102090232257333 0.041237625897276878 0.072630491820326271 0.016850342484121022 0.047002718205329613 -0.023137911122863751 0.033522884757914019
leaf_weight=4055.3530417829752 904.04961058497429 797.4377703666687 1079.4036991745234 4114.5512939766049 861.71467916667461 1837.1608049869537 195.82920280098915 2417.7144044265151 480.84329318255186 611.82860350608826 1224.0574537068605 379.3224376142025 2625.973889566958 412.54739511013031
leaf_count=35158 6764 6403 7133 33317 6027 10982 1149 18322 3245 3340 8641 2215 22496 2647
internal_value=2.0125e-05 -0.0147547 0.034142 -0.0189774 0.0112579 0.0461876 0.0168133 -0.00983616 0.0246649 0.0559377 0.00905075 0.0295084 -0.0278776 0.0432844
internal_weight=21997.8 15353.6 6644.2 13213.6 2140 3907.72 2736.48 6532.27 1342.56 2448.99 2128.11 1458.73 6681.33 608.377
internal_count=167839 124968 42871 109293 15675 23670 19201 51639 9272 14322 15405 9348 57654 3796
is_linear=0
shrinkage=0.03


Tree=8
num_leaves=15
num_cat=0
split_feature=2 0 2 2 0 0 0 2 2 0 0 0 0 0
split_gain=11648.1 1688.91 1345.46 1113.12 522.878 496.643 447.772 279.165 264.873 221.263 188.819 151.799 57.2054 28.1635
threshold=0.0042505236578338169 -0.0084403072407728801 0.0053927673544491841 0.0028756279559095919 0.0089077890009516842 -0.010989676527327462 -0.014230892624115086 0.002596455825755043 0.0080722935438988647 0.0081743192531785764 0.0097296202875797339 -0.016968335790861096 -0.017855609637251076 -0.018711053761267357
decision_type=8 10 8 10 10 10 10 10 8 10 10 10 10 10
left_child=1 7 5 9 -5 12 -4 13 -8 -3 -7 -9 -2 -1
right_child=2 3 6 4 -6 10 8 11 -10 -11 -12 -13 -14 -15
leaf_value=0.0076297564965000803 0.056940260343954191 -0.027826817497981614 0.064072429624921837 -0.012680130991858909 0.010946135058882636 0.0063633132640496916 0.032706966647831015 0.036095998941482334 0.052740201896763358 -0.007801511204617995 0.027406713033758648 0.013403589928883566 0.030562802101464771 -0.012716336506931769
leaf_weight=66.868721984326839 229.13421392440796 6567.260091163218 804.25769110023975 5555.0124915838242 982.90875335037708 1856.7929120063782 2302.7240260690451 433.55386437475681 878.84333497285843 556.57419529557228 481.88999208807945 747.34510130435228 197.94835859537125 274.15853671729565
leaf_count=504 1337 57651 4379 44396 7132 13354 14319 2902 4835 4510 3202 5586 1304 2263
internal_value=-0.000159618 -0.0147394 0.0325934 -0.0180811 -0.00910771 0.0163962 0.0437485 0.0151409 0.0384075 -0.0262838 0.0108231 0.0220184 0.0458308 -0.00845224
internal_weight=21935.3 15183.7 6751.59 13661.8 6537.92 2765.77 3985.83 1521.93 3181.57 7123.83 2338.68 1180.9 427.083 341.027
internal_count=167674 124944 42730 113689 51528 19197 23533 11255 19154 62161 16556 8488 2641 2767
is_linear=0
shrinkage=0.03


Tree=9
num_leaves=15
num_cat=0
split_feature=2 1 2 2 2 1 1 1 1 0 2 1 1 2
split_gain=10764.4 1801.53 1239.73 989.808 916.938 595.172 572.578 328.354 310.935 175.243 172.187 157.705 128.497 68.5334
threshold=0.0042505236578338169 0.74496767310870837 0.0053927673544491841 0.0026932655064740569 0.0028756279559095919 -0.18041914787823304 -0.056149561288726509 1.8950323717228763 0.019810588286327768 -0.014823901634883506 0.0071915022378682041 2.3702013067977661 1.1012185922268034 0.00235217571412407
decision_type=8 10 8 10 10 10 8 10 10 10 10 10 10 10
left_child=1 4 5 11 13 -2 10 -5 -6 -7 -4 -3 -8 -1
right_child=2 3 6 7 8 9 12 -9 -10 -11 -12 -13 -14 -15
leaf_value=-0.031128504131698313 0.00073078941523959176 -0.018114867900159783 0.022621504593960791 0.01075166604552313 -0.015927943993468488 0.050373411756248807 0.047565855757753336 0.038020618459126285 -0.00072318635493101721 0.023207893219627893 0.040858332111117314 0.0081439650409442094 0.066761350775728562 -0.02385354438775094
leaf_weight=3496.8100070133805 1301.1143522411585 1246.9911570474505 1221.626583725214 1475.2192791476846 4027.1876098737121 272.60896255075932 1465.7982418090105 546.53881813585758 1742.2687168940902 1205.9196279495955 843.72962258756161 236.68021202087402 552.72627918422222 2267.6870412677526
leaf_count=31721 9543 10589 7753 10573 33233 1554 8105 3508 13441 8013 4808 1819 2878 20217
internal_value=6.68798e-05 -0.0141372 0.031175 0.0046729 -0.0198584 0.0156052 0.0416937 0.0183036 -0.011356 0.0285617 0.0302614 -0.0138593 0.0531549 -0.0283233
internal_weight=21902.9 15039.4 6863.52 3505.43 11534 2779.64 4083.88 2021.76 5769.46 1478.53 2065.36 1483.67 2018.52 5764.5
internal_count=167755 125101 42654 26489 98612 19110 23544 14081 46674 9567 12561 12408 10983 51938
is_linear=0
shrinkage=0.03


Tree=10
num_leaves=15
num_cat=0
split_feature=2 0 2 2 0 0 0 2 0 0 2 0 7 7
split_gain=10048 1506.47 1200.59 967.733 567.938 408.012 322.876 276.181 263.413 231.193 188.999 181.389 42.7452 30.5835
threshold=0.0041748883435299448 -0.0075053536066866369 0.0060445863019311158 0.0032794510662527919 -0.010602406162804499 0.0069511909723140039 0.013329240817862244 0.002596455825755043 -0.013122764472455693 0.010010201968497336 0.0071915022378682041 -0.015446927119490915 0.085666869791897429 0.073841857531545083
decision_type=8 10 8 10 10 10 10 10 8 10 8 10 10 10
left_child=1 7 4 6 12 -5 -3 13 -4 -6 -10 -9 -2 -1
right_child=2 3 8 5 9 -7 -8 11 10 -11 -12 -13 -14 -15
leaf_value=-0.015721351160661468 0.034263697376051831 -0.024540514239944668 0.058277801709390106 -0.010585853658610317 0.0079765189249320287 0.012545836070055997 0.0023360381911483766 0.032581350593805493 0.027871567215374145 0.027467335685858726 0.045043018028642891 0.0095004324888286751 0.053334078971137448 0.0011594329160061275
leaf_weight=255.91151856631041 438.83135466277599 8577.7917970940471 748.89879904687405 3036.2761834263802 2569.8128675371408 874.73702636361122 416.05595391243696 504.6375535055995 1186.627334356308 697.92087557911873 1359.9850405752659 815.3981542289257 256.92496706545353 139.76454730331898
leaf_count=2151 2638 76093 3848 24689 18018 6415 3115 3310 7107 4420 7350 6141 1444 1147
internal_value=-3.53727e-05 -0.0143616 0.0287914 -0.0178741 0.0175708 -0.00537812 -0.0232893 0.0119733 0.0421741 0.0122288 0.0372055 0.0185478 0.0420468 -0.00972906
internal_weight=21879.6 14620.6 7259 12904.9 3963.49 3911.01 8993.85 1715.71 3295.51 3267.73 2546.61 1320.04 695.756 395.676
internal_count=167886 123061 44825 110312 26520 31104 79208 12749 18305 22438 14457 9451 4082 3298
is_linear=0
shrinkage=0.03


Tree=11
num_leaves=14
num_cat=0
split_feature=6 6 1 6 6 6 7 1 4 1 6 1 1
split_gain=3766.03 2173.71 742.489 417.95 373.899 367.655 281.817 166.744 132.627 89.4727 43.3928 29.7009 17.4138
threshold=-0.024139744254736858 0.026573214129332005 0.36442101041522451 -0.063349117521078732 -0.012210907408316094 0.05018662551829501 0.10427435844124795 0.74496767310870837 0.47187500000000004 2.1836158683276099 -0.033090458182147835 1.1750325177491956 0.84896355346176666
decision_type=10 10 8 10 10 10 8 8 10 8 10 8 8
left_child=3 2 4 12 -2 9 -4 8 -5 -3 -9 -7 -1
right_child=1 5 6 7 -6 11 -8 10 -10 -11 -12 -13 -14
leaf_value=0.041680911686767512 0.0013512928706092132 0.010091762025933248 -0.0024981634587208277 0.027425485570244056 -0.015074408507240379 0.030628352696847577 0.016266241248484102 0.042161403897944809 0.0094441955623309863 0.035978774102790489 0.024881685226817312 0.045389554388906572 0.059559175634246599
leaf_weight=253.4205714687705 1409.3293680250645 1603.6350612416863 3660.0250706374645 815.37786314636469 10312.738361768425 573.79199077934027 885.69809903204441 515.49861561506987 720.38541445881128 124.95186083763838 285.69545455276966 298.54996927827597 370.97514206171036
leaf_count=1451 10858 11122 28256 5361 86365 3534 6510 3080 5058 806 1819 1762 1917
internal_value=-8.63982e-05 -0.00503024 -0.00910627 0.0313048 -0.013095 0.0203779 0.00117244 0.0252358 0.0191454 0.0121937 0.0364563 0.0362054 0.053169
internal_weight=21830.1 18868.7 16267.8 2961.35 11722.1 2600.93 4545.72 2336.96 1535.76 1728.59 801.194 872.342 624.396
internal_count=167899 149213 131989 18686 97223 17224 34766 15318 10419 11928 4899 5296 3368
is_linear=0
shrinkage=0.03


Tree=12
num_leaves=15
num_cat=0
split_feature=2 2 1 2 1 1 2 1 0 7 1 7 2 1
split_gain=9126.23 1522.48 1346.94 832.198 828.271 455.92 402.679 402.626 162.823 147.258 126.384 123.547 108.32 76.5862
threshold=0.0038915564186724851 0.0053927673544491841 1.2837810836613726 0.0026088958670837099 0.49203696061066243 -0.41274357435780445 0.0025148856108319459 0.019810588286327768 -0.0055241800456648496 0.10740991242072372 0.86834350206104138 0.093921020462573876 0.0080722935438988647 2.7922668467689333
decision_type=8 8 10 10 10 8 10 10 10 10 10 10 10 10
left_child=2 4 3 -1 8 12 13 -5 -2 -6 -7 -8 -3 -4
right_child=1 5 6 7 9 10 11 -9 -10 -11 -12 -13 -14 -15
leaf_value=-0.028587261156345571 0.017074316266941475 0.018318018731583653 -0.013993654406451604 -0.018333384810383463 0.023932821254649874 0.039434728177069667 0.011434779888873273 -0.0030135298014305947 -0.00085530719139324818 0.046860892907509458 0.055027446555231702 0.032449707681765236 0.0367856858857427 0.011840631078598418
leaf_weight=5026.7184197083116 551.27551491558552 1142.1699276119471 576.84967744350433 3904.2315142378211 860.35638301074505 1921.154929086566 709.67554285377264 2574.3816117495298 2395.7472089007497 398.54693233966827 798.08646962046623 410.59040025621653 414.29656060039997 114.80707077682018
leaf_count=47383 3907 7060 4856 33811 5389 10393 4822 20176 18100 2344 3941 2611 2186 886
internal_value=-0.000146569 0.0241574 -0.0156365 -0.0194224 0.0112812 0.0367536 0.00834448 -0.0122691 0.00252475 0.0315508 0.044218 0.019409 0.0234755 -0.00951231
internal_weight=21798.9 8481.63 13317.3 11505.3 4205.93 4275.71 1811.92 6478.61 2947.02 1258.9 2719.24 1120.27 1556.47 691.657
internal_count=167865 53320 114545 101370 29740 23580 13175 53987 22007 7733 14334 7433 9246 5742
is_linear=0
shrinkage=0.03


Tree=13
num_leaves=14
num_cat=0
split_feature=0 0 6 6 0 0 6 6 0 4 7 0 7
split_gain=4098.94 3007.52 1135.64 624.817 505.979 401.975 176.325 126.69 96.0886 73.026 40.2218 21.4522 21.2748
threshold=-0.010239097130758988 0.0077285800754378639 -0.014337313907883951 0.017407800205788252 0.018387226209576338 -0.02089933306513236 -0.03845494364480561 -0.0065452037162145862 0.026467819734381618 0.47937500000000005 0.065258422862005047 -0.030186480072467822 0.071966034948089438
decision_type=10 10 10 10 10 10 10 10 10 10 8 8 10
left_child=5 2 6 -4 7 11 -2 -3 -6 10 -7 -1 -11
right_child=1 4 3 -5 8 9 -8 -9 -10 12 -12 -13 -14
leaf_value=0.053919128293513391 0.024834610195565376 0.030320229263340364 -0.016999993771336857 0.0021305328998501693 0.025585916660092429 0.023947903971673332 0.0042213797140735129 0.0086365671600257578 0.043466713442519733 0.011454729883304206 0.038070173799389193 0.041021402459391489 0.022926485129117529
leaf_weight=527.36000993847847 465.17637462168932 269.18053438514471 11078.31111703068 1774.9454209208488 653.18913289904594 647.27497973293066 1828.1176481023431 2206.8496788218617 609.71894962340593 439.44293728470802 373.68950768560171 595.88969717919827 290.85990682989359
leaf_count=2647 3011 1664 96094 13148 4004 4079 13902 15569 3366 2924 2324 3296 1920
internal_value=0.000149744 -0.00493249 -0.0108836 -0.0143539 0.0191244 0.033462 0.00851833 0.0111305 0.0345394 0.024172 0.0294942 0.0475521 0.0163526
internal_weight=21760 18885.5 15146.6 12853.3 3738.94 2874.52 2293.29 2476.03 1262.91 1751.27 1020.96 1123.25 730.303
internal_count=167948 150758 126155 109242 24603 17190 16913 17233 7370 11247 6403 5943 4844
is_linear=0
shrinkage=0.03


Tree=14
num_leaves=13
num_cat=0
split_feature=6 6 1 6 6 6 7 1 4 1 6 1
split_gain=3085.8 1859.1 626.388 350.806 345.755 332.264 217.24 157.305 112.907 68.9756 39.6078 11.0983
threshold=-0.024139744254736858 0.02518464759960715 0.19308892435269057 -0.068807594727604546 0.053059060985795277 -0.011890835430172329 0.10330186259751745 0.76130195089509156 0.47187500000000004 1.9610083703676942 -0.031959016104557307 1.150230307323705
decision_type=10 10 8 8 10 10 8 8 10 8 10 8
left_child=3 2 5 -1 9 -2 -4 8 -5 -3 -9 -6
right_child=1 4 6 7 11 -7 -8 10 -10 -11 -12 -13
leaf_value=0.050017917203222587 0.0010790513786964879 0.0089784132044501176 -0.0033002340759404748 0.024487273503281688 0.029428641825792631 -0.014966698939780499 0.011838672253940214 0.037634482835105343 0.0085242409268362733 0.027433668683824776 0.021245706496154641 0.040967726948253881
leaf_weight=529.57483200728893 1321.6866937726736 1864.2778275683522 4311.6679388135672 894.96933250129223 509.33083465695381 9104.7525126188993 1052.6568723246455 630.04816512018442 768.33023868501186 200.90993551909924 256.39632702618837 294.92136128246784
leaf_count=2649 10227 12765 33944 5651 2984 78755 7779 3532 5291 1244 1576 1630
internal_value=-6.56025e-06 -0.00460486 -0.00864533 0.0277637 0.0175622 -0.0129279 -0.000301818 0.0229408 0.0172443 0.0109263 0.033251 0.0341849
internal_weight=21739.5 18660.2 15790.8 3079.32 2869.44 10426.4 5364.32 2549.74 1663.3 2065.19 886.444 804.252
internal_count=168027 149328 130705 18699 18623 88982 41723 16050 10942 14009 5108 4614
is_linear=0
shrinkage=0.03


Tree=15
num_leaves=15
num_cat=0
split_feature=2 2 2 0 0 0 0 2 0 0 0 7 6 0
split_gain=8469.72 1477.54 921.017 707.816 371.503 307.656 279.938 234.891 184.901 180.228 161.128 89.8538 46.4104 45.3041
threshold=0.0041748883435299448 0.0028756279559095919 0.005442031007640939 -0.0075053536066866369 0.0089077890009516842 -0.0077195679602117808 -0.010239097130758988 0.0080722935438988647 -0.0095886513789126809 0.0081743192531785764 0.0091660974063684248 0.10957987532263623 -0.043862520125166775 -0.016968335790861096
decision_type=8 10 8 10 10 10 10 10 8 10 10 10 10 10
left_child=1 6 5 11 -5 13 12 8 -4 -8 -7 -3 -1 -2
right_child=2 3 7 4 -6 10 9 -9 -10 -11 -12 -13 -14 -15
leaf_value=0.023099875846823076 0.040011215409421153 0.012131180519701594 0.042959342758552142 -0.011525517920180767 0.0084543878985657052 0.0040800991513133215 -0.026305963471496586 0.046266521793983661 0.025576834076460466 -0.0080723569694512685 0.021747190088165242 0.031768925076688992 -0.0032564242741057992 0.022806076934595292
leaf_weight=63.283805839717388 311.85660046339035 895.83349836617708 790.67267490923405 4971.7741481661797 995.70647983253002 1885.2570056095719 6064.3278181925416 1228.9062331914902 2273.4395930618048 553.0723188444972 615.30574201047421 285.02665342390537 318.07836154103279 407.00360277295113
leaf_count=433 1610 6201 3994 41856 6940 13629 58766 5965 13025 4526 3847 1800 2471 2594
internal_value=8.92364e-05 -0.0135766 0.025816 -0.00396368 -0.00817316 0.0135936 -0.0233667 0.0349149 0.0302069 -0.0248056 0.00852059 0.0171485 0.00144236 0.0307989
internal_weight=21659.5 14147.1 7512.44 7148.34 5967.48 3219.42 6998.76 4293.02 3064.11 6617.4 2500.56 1180.86 381.362 718.86
internal_count=167657 122993 44664 56797 48796 21680 66196 22984 17019 63292 17476 8001 2904 4204
is_linear=0
shrinkage=0.03


Tree=16
num_leaves=15
num_cat=0
split_feature=0 0 6 6 0 0 6 6 7 0 0 0 4 6
split_gain=3404.17 2771.21 816.948 471.453 470.361 465.195 119.507 113.744 67.9932 66.2596 46.4447 37.3344 19.9023 4.80401
threshold=-0.0077195679602117808 0.0069511909723140039 -0.017154042589055504 0.017814039670330576 -0.019730210586930582 0.019297759693340025 -0.0065452037162145862 -0.041841807511324262 0.071365667660203816 0.03697891092662809 -0.012659548797972984 -0.030186480072467822 0.47062500000000002 -0.014337313907883951
decision_type=10 10 10 10 10 10 10 10 8 10 10 8 10 8
left_child=4 2 7 -4 11 6 -3 -2 10 -7 -6 -1 -10 -13
right_child=1 5 3 -5 8 9 -8 -9 12 -11 -12 13 -14 -15
leaf_value=0.04723485575682377 0.024073491111902236 0.02625828930262095 -0.017093601272827719 0.00061048927798444002 0.019926293930797905 0.027078108692291873 0.0071060092200601367 0.0040165164092174962 0.029703915586212815 0.045694065214972941 0.0093360492163592247 0.031560379556989801 0.018728906667351223 0.045551374889937025
leaf_weight=551.56517320871353 317.91831409931183 326.7693452835083 10574.000546708703 1544.0374879091978 687.13429043442011 918.04058618098497 2626.3242078498006 1214.6676982343197 443.26364783942699 264.04290971159935 954.15500432997942 641.72617535293102 428.36997374892235 110.96654483675957
leaf_count=2626 1971 1988 95028 11491 4186 5264 18496 9030 2794 1338 6703 3450 2841 569
internal_value=-0.000181257 -0.00570407 -0.0122232 -0.0148342 0.0254838 0.0157794 0.00932699 0.0083451 0.017736 0.0316351 0.0138999 0.0401172 0.0246518 0.0342719
internal_weight=21603 17785.8 13650.6 12118 3817.18 4135.18 2953.09 1532.59 2512.92 1182.08 1641.29 1304.26 871.634 752.693
internal_count=167775 144606 117520 106519 23169 27086 20484 11001 16524 6602 10889 6645 5635 4019
is_linear=0
shrinkage=0.03


Tree=17
num_leaves=15
num_cat=0
split_feature=0 0 6 6 0 0 6 6 7 4 0 0 4 0
split_gain=3195.87 2662.39 727.234 520.53 448.286 433.799 122.928 110.155 75.9977 52.3535 28.6095 27.7046 10.623 5.68495
threshold=-0.0072884544007937304 0.0069511909723140039 -0.014337313907883951 0.013313655389284309 -0.02089933306513236 0.024506944546554114 -0.0046511912945526026 -0.024872446401529299 0.037807155162892299 0.47187500000000004 -0.012199706618455762 0.04624270955055599 0.67687500000000012 -0.023555705579258231
decision_type=10 10 10 10 10 10 10 10 8 10 10 10 10 8
left_child=4 2 7 -4 12 6 -3 -2 10 -10 -6 -7 13 -1
right_child=1 5 3 -5 8 11 -8 -9 9 -11 -12 -13 -14 -15
leaf_value=0.042181486409421903 0.013001643281919264 0.025986729814567497 -0.017917555985332467 -0.0014073408130746519 0.016255695836406771 0.031683828823633763 0.0085031831436122689 -0.0016134274324309389 0.02619045875062043 0.015103082916536349 0.006218816555269545 0.050386285017183244 0.019883960056315812 0.030653777285271688
leaf_weight=908.77098496258259 881.68038468807936 411.44212796539068 9367.5292568653822 2116.3129718080163 501.94295001775026 621.09532305598259 3011.0441491156816 950.75973077118397 951.59769753366709 802.85448356717825 608.82066967338324 137.37364494800568 66.71043686568737 236.87994967401028
leaf_count=4385 5988 2462 85993 16337 3037 3328 20696 7528 5970 5326 4343 667 368 1259
internal_value=4.8632e-05 -0.00552515 -0.0120838 -0.014884 0.0239359 0.0153286 0.0106921 0.00541846 0.0173245 0.0212651 0.0109125 0.0357609 0.0392423 0.0401358
internal_weight=21574.8 17497.2 13316.3 11483.8 4077.58 4180.96 3422.49 1832.44 2865.22 1754.45 1110.76 758.469 1212.36 1145.65
internal_count=167687 142999 115846 102330 24688 27153 23158 13516 18676 11296 7380 3995 6012 5644
is_linear=0
shrinkage=0.03


Tree=18
num_leaves=15
num_cat=0
split_feature=2 2 1 1 2 2 1 1 1 1 1 2 1 2
split_gain=7760.14 1250.01 1091.01 740.224 564.199 439.385 258.159 223.423 155.631 135.395 129.713 102.945 89.1564 65.539
threshold=0.0037798306691608631 0.005442031007640939 0.59025181720934639 0.30432456158073407 0.0024519216204720831 0.0026088958670837099 -0.41274357435780445 1.8385319234672457 -0.40327835718290878 1.0760015873782804 -0.47787430835190325 0.0074696459271216525 2.3702013067977661 0.0080722935438988647
decision_type=8 8 10 10 10 10 8 10 10 10 10 10 10 10
left_child=2 3 5 10 12 -1 13 -6 -7 -5 -2 -8 -4 -3
right_child=1 6 4 9 7 8 11 -9 -10 -11 -12 -13 -14 -15
leaf_value=-0.028892773105902433 -0.004595980308358419 0.01798258434996099 -0.020690791043506383 0.017380064866263874 0.0015336341972044234 -0.020831609398610375 0.032677170276819031 0.022674292931916969 -0.0098066444137428835 0.034119670494609199 0.0076768419758301773 0.045527165276147002 0.0013793484964224143 0.032306466758114639
leaf_weight=3890.3487570658326 1626.8052328750491 1141.6434734761715 1099.6639999747276 1026.497861944139 1664.3233222961426 2284.3315069973469 1759.7618094235659 611.13572405278683 2445.9640644788742 842.99549639225006 1459.069599442184 1079.3776290118694 186.13221576064825 441.27807854115963
leaf_count=40107 12879 6852 10210 6613 12298 21064 9031 3716 21096 4692 10730 4982 1430 2210
internal_value=0.000149299 0.0206541 -0.0156341 0.0102577 -0.00164023 -0.0213995 0.0322414 0.00731215 -0.0151761 0.0251016 0.00119355 0.0377262 -0.0174636 0.0221911
internal_weight=21559.3 9377.43 12181.9 4955.37 3561.26 8620.64 4422.06 2275.46 4730.3 1869.49 3085.87 2839.14 1285.8 1582.92
internal_count=167910 57989 109921 34914 27654 82267 23075 16014 42160 11305 23609 14013 11640 9062
is_linear=0
shrinkage=0.03


Tree=19
num_leaves=15
num_cat=0
split_feature=2 2 1 1 2 2 1 2 1 1 7 2 7 2
split_gain=7219.65 1403.61 896.755 813.983 387.753 338.318 265.334 161.367 158.748 146.88 138.214 97.158 59.0858 52.9628
threshold=0.0035814386601532833 0.005442031007640939 0.86834350206104138 0.41454519896616304 0.0026088958670837099 0.0023216729328646127 -0.52500638080014117 0.0046186317142745221 -0.16177798398710028 1.8950323717228763 0.099443182984050318 0.0073433263091247031 0.15216229982414128 0.0080722935438988647
decision_type=8 8 10 10 10 10 8 10 10 10 10 10 10 10
left_child=2 3 4 7 -1 12 13 -2 -6 -7 -5 -8 -4 -3
right_child=1 6 5 10 8 9 11 -9 -10 -11 -12 -13 -14 -15
leaf_value=-0.028042163778183634 -0.0039511992554232675 0.015489423460561431 -0.019273879147225934 0.017769063735209253 -0.020265328689977331 0.00037358423720640642 0.030633914485720292 0.0089689693304845566 -0.0086462381261585425 0.019241951162368161 0.034721511782341376 0.042481224298034741 0.007165357861184711 0.029146624621188794
leaf_weight=4183.349007293582 2636.3113068416715 1020.6745267957449 740.27587807178497 1379.169474132359 2446.6987579613924 1107.3016536310315 1817.5216073542833 1285.6713694855571 1945.2162152081728 554.1268054023385 681.80861357599497 1242.7226303517818 76.017834655940533 390.08852730691433
leaf_count=43879 21589 6075 6713 8565 22937 8096 9306 8963 16366 3416 3846 5712 611 1930
internal_value=3.85778e-06 0.0178705 -0.01689 0.00833138 -0.0214789 -0.000961551 0.0305751 0.000280961 -0.0151641 0.00678001 0.0235468 0.0355872 -0.0166822 0.0194866
internal_weight=21507 10454 11053 5982.96 8575.26 2477.72 4471.01 3921.98 4391.91 1661.43 2060.98 3060.24 816.294 1410.76
internal_count=168004 65986 102018 42963 83182 18836 23023 30552 39303 11512 12411 15018 7324 8005
is_linear=0
shrinkage=0.03


Tree=20
num_leaves=15
num_cat=0
split_feature=2 2 2 0 0 0 0 2 0 0 0 7 7 0
split_gain=6747.97 1329.03 661.651 505.338 417.186 217.976 206.838 158.432 109.734 101.536 116.223 94.5888 53.7624 31.0803
threshold=0.0035658219514951802 0.0053927673544491841 0.0025593995991118391 -0.0084403072407728801 -0.006333882628523523 0.0069511909723140039 0.013329240817862244 0.0080722935438988647 -0.0095886513789126809 0.0077285800754378639 -0.0055241800456648496 0.10529302620677816 0.094813598781161884 0.019297759693340025
decision_type=8 8 10 10 10 10 10 8 10 10 10 10 10 10
left_child=2 3 9 12 11 -5 -6 8 -3 10 -1 -4 -2 -11
right_child=1 7 4 5 6 -7 -8 -9 -10 13 -12 -13 -14 -15
leaf_value=-0.012321530124132032 0.020412893085245042 0.03462831032020762 0.001364276730123275 -0.00080972204029799695 -0.015724243695095647 0.013283889035385866 0.0057039588365459465 0.037565856923584127 0.021511984003905724 -0.013511946428997773 -0.027910276700709464 0.021449674278046879 0.035738906099606456 0.0071567545631044125
leaf_weight=523.76435250788927 798.38843309134245 840.50752027332783 797.54976361989975 3453.6065489351749 4361.7341884970665 1368.8584876954556 437.49005430191755 1404.3402523994446 2387.672812923789 299.86733851581812 4026.5295660495758 281.44398744404316 343.47089114040136 72.061794780194759
leaf_count=4653 4822 4008 5755 27337 39730 8897 2883 6437 13197 2645 43058 1799 1838 528
internal_value=-0.000117073 0.0168804 -0.0167998 0.00748306 -0.0099617 0.00319755 -0.0137506 0.0289242 0.0250419 -0.0249172 -0.02616 0.00680729 0.0253453 -0.00926773
internal_weight=21397.3 10596.8 10800.4 5964.32 5878.22 4822.47 4799.22 4632.52 3228.18 4922.22 4550.29 1078.99 1141.86 371.929
internal_count=167587 66536 101051 42894 50167 36234 42613 23642 17205 50884 47711 7554 6660 3173
is_linear=0
shrinkage=0.03


Tree=21
num_leaves=15
num_cat=0
split_feature=0 0 6 6 0 0 6 6 7 0 0 4 0 6
split_gain=2657.82 2268.72 685.01 448.167 353.612 349.291 99.8775 94.51 50.4827 49.1708 33.008 23.1031 20.8718 10.2137
threshold=-0.0077195679602117808 0.0069511909723140039 -0.014337313907883951 0.01270428156869219 0.019297759693340025 -0.019730210586930582 -0.041841807511324262 -0.0044911234739135599 0.040832782835173033 0.028809310225199506 -0.030186480072467822 0.45062500000000005 -0.012199706618455762 -0.022091074454356981
decision_type=8 8 10 10 10 10 10 8 8 10 10 10 10 8
left_child=5 2 6 -4 7 10 -2 -3 12 -6 -1 -10 -7 -12
right_child=1 4 3 -5 9 8 -8 -9 11 -11 13 -13 -14 -15
leaf_value=0.040532505606420188 0.020048929586855155 0.021792673146918039 -0.017188359447028661 -0.0021104351065049159 0.021139687130461556 0.014701138491771515 0.0019904971036427011 0.0059770891232489281 0.023476477566069187 0.034326446833991012 0.025713801934087236 0.015117775633219838 0.0059813883943622024 0.0377993956152596
leaf_weight=590.77737763524055 327.53745145350695 389.08136107027531 8962.8445367887616 2226.9071244001389 724.30637036263943 508.69637627899647 1578.2751658931375 2622.4306209608912 676.96603870391846 540.85826832801104 600.86683434993029 847.02708516269922 582.25015998631716 177.08238952606916
leaf_count=2663 1976 2275 86144 17397 4042 3013 12082 18120 4083 2659 3057 5424 4054 871
internal_value=-9.61884e-05 -0.00516949 -0.0113662 -0.0141976 0.0137737 0.0219703 0.00521383 0.00810565 0.0154029 0.0270491 0.034271 0.0189987 0.0101984 0.0289858
internal_weight=21355.9 17372.2 13095.6 11189.8 4276.68 3983.67 1905.81 3011.51 2614.94 1265.16 1368.73 1523.99 1090.95 777.949
internal_count=167860 144695 117599 103541 27096 23165 14058 20395 16574 6701 6591 9507 7067 3928
is_linear=0
shrinkage=0.03


Tree=22
num_leaves=15
num_cat=0
split_feature=0 0 0 0 0 0 7 0 4 7 0 4 0 3
split_gain=2392.34 2146.84 345.245 318.127 306.608 209.329 57.3429 46.4076 33.0689 27.5686 26.9735 23.3052 22.9382 1.96102
threshold=-0.0072884544007937304 0.0069511909723140039 -0.019730210586930582 0.018387226209576338 -0.004146248308437738 0.0033912762291906655 0.040832782835173033 0.026467819734381618 0.67187500000000011 0.061763097590317069 -0.030186480072467822 0.47062500000000002 -0.012199706618455762 -0.24537968668359628
decision_type=10 10 10 10 10 10 8 10 10 8 8 10 10 8
left_child=2 4 10 8 9 -6 12 -5 -3 -2 -1 -8 -4 -12
right_child=1 3 6 7 5 -7 11 -9 -10 -11 13 -13 -14 -15
leaf_value=0.038280220737745341 -0.0023637450899522843 0.0083756516823776089 0.01363267410568493 0.018914168206161323 -0.015121190450932477 -0.0048080473166809464 0.021313710075206223 0.030972385296212965 -0.0047668689479729749 0.0054258068879960743 0.022847027080007101 0.013342117306822877 0.004881169819014596 0.030749223342995541
leaf_weight=589.06866054236889 1042.057925991714 2760.4433402493596 505.03631071746349 701.94211856275797 8807.523438513279 2254.7400615364313 872.11679773032665 681.24892761558294 171.5294786542654 655.7056722342968 349.94706735014915 764.75819393247366 670.26397395133972 450.82142959535122
leaf_count=2625 8644 18611 2962 3959 82805 19136 5281 3346 1277 5284 1777 4941 4724 2223
internal_value=-2.79449e-05 -0.00502311 0.0202198 0.0132421 -0.0112103 -0.0130308 0.014053 0.0250758 0.00757279 0.000623736 0.0324653 0.0177294 0.00877567 0.0276942
internal_weight=21277.2 17075.2 4202.01 4315.16 12760 11062.3 2812.18 1383.19 2931.97 1697.76 1389.84 1636.87 1175.3 800.768
internal_count=167595 143062 24533 27193 115869 101941 17908 7305 19888 13928 6625 10222 7686 4000
is_linear=0
shrinkage=0.03


Tree=23
num_leaves=15
num_cat=0
split_feature=2 2 2 0 0 0 7 2 7 0 7 7 0 2
split_gain=6077.59 1096.24 656.042 386.778 358.773 220.508 171.172 146.448 92.5404 91.8701 73.9289 72.445 65.194 24.6875
threshold=0.0035658219514951802 0.005442031007640939 0.0025593995991118391 -0.0075053536066866369 -0.0059925444233398508 0.007949987447340991 0.10136039517552714 0.0071915022378682041 0.15535315416955706 -0.0095886513789126809 0.069440229871555625 0.10529302620677816 -0.012659548797972984 0.010570226405862491
decision_type=8 8 10 10 10 10 10 8 10 10 10 10 10 10
left_child=2 4 8 11 10 -6 -5 9 12 -3 -2 -4 -1 -9
right_child=1 7 3 6 5 -7 -8 13 -10 -11 -12 -13 -14 -15
leaf_value=-0.0049363087360804738 0.013806720874939119 0.031525668332072779 0.0026105052107850439 -0.015853790162824111 -0.00095001831814549027 0.013613111352181465 -0.0020616740470736509 0.029971452241465531 -0.002154593169708193 0.017942938522471221 0.027522618615508667 0.021104917266072921 -0.026011641551087428 0.039186061510118581
leaf_weight=148.84735782444477 900.57151584327221 652.75031392276287 691.57278677821159 3815.4296817183495 3293.3299709409475 1293.0181098356843 1044.6678543388844 1505.0617274045944 168.02920947223902 1833.292436093092 662.80350908637047 260.36470948159695 4440.3269593343139 597.91130040585995
leaf_count=1107 5629 3041 4714 35232 26431 8055 8786 7101 1505 10140 3733 1555 48314 2655
internal_value=-0.000144726 0.0157402 -0.0162897 -0.00948542 0.00742716 0.00316336 -0.0129118 0.026827 -0.0245528 0.0216454 0.0197978 0.00789811 -0.0253533 0.0327928
internal_weight=21308 10738.7 10569.2 5812.04 6149.72 4586.35 4860.1 4589.02 4757.2 2486.04 1563.38 951.937 4589.17 2102.97
internal_count=167998 66785 101213 50287 43848 34486 44018 22937 50926 13181 9362 6269 49421 9756
is_linear=0
shrinkage=0.03


Tree=24
num_leaves=15
num_cat=0
split_feature=2 2 1 1 2 1 1 1 2 7 2 2 2 1
split_gain=5872.19 1042.6 848.286 624.359 476.989 249.244 231.64 210.989 187.47 107.161 78.8724 72.7667 52.7059 38.981
threshold=0.0035814386601532833 0.0053927673544491841 1.3466660082386379 -0.3299063130487126 0.0025593995991118391 -0.14289894619869994 1.1012185922268034 -0.46845548995246511 0.0019546629117876799 0.095653675984470235 0.0084826783003338312 0.0046510927379661516 0.0071915022378682041 0.23601329327341466
decision_type=8 8 10 10 10 10 10 8 10 10 10 10 10 10
left_child=2 3 4 11 13 -6 -5 12 -4 -10 -9 -2 -3 -1
right_child=1 7 8 6 5 -7 -8 10 9 -11 -12 -13 -14 -15
leaf_value=-0.029041015758424608 -0.0086258529773466774 0.012221735457387995 -0.016883925986601111 0.010183490557598035 -0.019599740122510229 -0.006107776127635663 0.026994052388863474 0.027638992509409377 0.003330318312315519 0.021842408839828083 0.039402696506976184 0.0030406214264264964 0.023727592408969184 -0.021775088628302401
leaf_weight=2798.6530003845692 1564.950380936265 946.08351655304432 275.28389279544353 2692.7954902052879 2504.6890014335513 2475.3678976297379 1031.6643115729094 2359.0454767644405 798.44708722084761 436.96853959560394 807.47823628783226 677.49600198864937 665.24638296663761 1233.9718279466033
leaf_count=32372 13335 5526 2545 18677 24832 20749 5541 11416 5662 2709 3471 4915 3318 13104
internal_value=0.000196497 0.0157924 -0.0157217 0.00739643 -0.0192073 -0.0129312 0.0149158 0.026228 0.00502305 0.0100491 0.0307723 -0.00507665 0.017126 -0.0268919
internal_weight=21268.1 10744.8 10523.4 5966.91 9012.68 4980.06 3724.46 4777.85 1510.7 1235.42 3166.52 2242.45 1611.33 4032.62
internal_count=168172 66199 101973 42468 91057 45581 24218 23731 10916 8371 14887 18250 8844 45476
is_linear=0
shrinkage=0.03


Tree=25
num_leaves=15
num_cat=0
split_feature=2 2 1 1 2 2 1 1 1 1 1 1 1 2
split_gain=5486.85 991.566 806.836 654.946 339.229 297.28 204.004 124.892 124.136 106.692 95.9892 73.9437 59.1843 58.7457
threshold=0.0035658219514951802 0.005336873009065009 0.77767579194285419 0.41454519896616304 0.0026088958670837099 0.0024519216204720831 -0.14289894619869994 -0.44045240400068902 -0.24632725562342361 1.8385319234672457 1.0760015873782804 1.150230307323705 2.1836158683276099 0.0071915022378682041
decision_type=8 8 10 10 10 10 8 10 10 10 10 10 10 10
left_child=2 3 4 7 -1 12 13 -2 -6 -7 -5 -8 -4 -3
right_child=1 6 5 10 8 9 11 -9 -10 -11 -12 -13 -14 -15
leaf_value=-0.027323314431321657 -0.0061529116663281078 0.013636491786796628 -0.01822696207922193 0.013171314680538634 -0.019636344442340095 0.00089986784580679163 0.027314227413954777 0.0046787180959899748 -0.0089020392784977826 0.017096505043303241 0.026355261738677523 0.04003091529295643 -0.00072040687007680568 0.023887210454980063
leaf_weight=3640.3868458941579 1951.688858948648 1320.9878549426794 763.82294987142086 1051.1982597112656 2083.0943819209933 1083.7342569306493 1997.4834689199924 1859.4747654497623 1915.8920069634914 550.41049607843161 1062.5418728739023 641.14869013428688 234.56922188401222 940.08339960873127
leaf_count=42435 16117 7593 7570 6610 20934 7951 9333 13799 16913 3227 5687 2744 1882 4559
internal_value=-3.7722e-05 0.0148566 -0.0157384 0.00656812 -0.0206691 -0.00138327 0.0248332 -0.000854021 -0.0145436 0.00646249 0.0199198 0.0305663 -0.0142213 0.0180113
internal_weight=21096.5 10824.6 10271.9 5924.9 7639.37 2632.54 4899.7 3811.16 3998.99 1634.14 2113.74 2638.63 998.392 2261.07
internal_count=167354 66442 100912 42213 80282 20630 24229 29916 37847 11178 12297 12077 9452 12152
is_linear=0
shrinkage=0.03


Tree=26
num_leaves=15
num_cat=0
split_feature=2 2 1 1 2 2 1 2 1 7 1 1 1 2
split_gain=5168.14 894.244 750.747 551.918 318.728 306.017 182.28 141.66 135.378 117.68 104.121 85.8715 76.4562 23.4858
threshold=0.003552681884281731 0.005442031007640939 0.59025181720934639 0.41454519896616304 0.0024519216204720831 0.0026088958670837099 -0.72103091910316175 0.004283565586432057 1.8950323717228763 0.10633071406205749 -0.075739227095112147 0.83049701434399903 2.1053868503930029 0.0080722935438988647
decision_type=8 8 10 8 10 10 8 10 10 10 10 10 10 10
left_child=2 3 5 7 12 -1 13 -2 -6 -5 -7 -8 -4 -3
right_child=1 6 4 9 8 10 11 -9 -10 -11 -12 -13 -14 -15
leaf_value=-0.027585474589461426 -0.0053589534921867753 0.010487268184387282 -0.019341289333152246 0.013954735848057807 -0.00052886128117404514 -0.018553198893132079 0.024443034135064441 0.0058889240627632428 0.017227938950112483 0.029250908062436243 -0.0076872009961449252 0.035730287127646136 -0.00048537908364542509 0.02065226429000239
leaf_weight=3316.6778097301722 2065.5466278418899 841.52107273042202 934.03052275627851 1601.5532104000449 1420.8573389276862 2376.3962222114205 2640.8248665034771 1948.4697945564985 517.433932043612 667.25382391363382 1256.3321959003806 925.61118434369564 252.38366878032684 319.41155524551868
leaf_count=39719 17682 4791 9636 9495 10705 24059 12730 13702 2998 3528 11118 3967 2046 1490
internal_value=3.94716e-05 0.0142436 -0.0154772 0.00679657 -0.00322718 -0.0209641 0.0240929 8.71075e-05 0.00424468 0.0185883 -0.0148432 0.0274809 -0.0154178 0.0134877
internal_weight=21084.3 11010.2 10074.1 6282.82 3124.71 6949.41 4727.37 4014.02 1938.29 2268.81 3632.73 3566.44 1186.41 1160.93
internal_count=167666 67385 100281 44407 25385 74896 22978 31384 13703 13023 35177 16697 11682 6281
is_linear=0
shrinkage=0.03


Tree=27
num_leaves=15
num_cat=0
split_feature=2 2 1 1 2 2 1 1 1 1 2 2 1 2
split_gain=4937.52 852.241 766.866 526.839 319.013 291.055 173.429 159.6 143.448 100.621 74.812 73.6082 72.0718 35.6516
threshold=0.0035658219514951802 0.0053927673544491841 0.5616575708339544 -0.18041914787823304 0.0024519216204720831 0.0026088958670837099 -0.52500638080014117 1.0760015873782804 1.8950323717228763 -0.34829153175391903 0.0046510927379661516 0.0070329963745686562 2.1053868503930029 0.0080722935438988647
decision_type=8 8 10 10 10 10 8 10 10 10 10 10 10 10
left_child=2 3 5 10 12 -1 13 -5 -6 -7 -2 -8 -4 -3
right_child=1 6 4 7 8 9 11 -9 -10 -11 -12 -13 -14 -15
leaf_value=-0.027428823536146132 -0.0070844163755187685 0.011548699610501031 -0.019010208968014128 0.0095625759867171839 -0.00054784926691584131 -0.019890696346506576 0.022749755327337258 0.023510541143213701 0.017521332084807825 -0.0096672133932693537 0.0039120127585885144 0.03238815961948549 -0.00089354369789608912 0.022247045011860995
leaf_weight=3236.5269061625004 1825.2776739224792 1106.6539526730776 951.31694595515728 2376.5841637328267 1495.0846649110317 1817.475645519793 1835.5690901875496 1098.8178788125515 524.48495894670486 1781.3244991600513 784.05644511431456 1489.4979717433453 258.93172754347324 427.55560727417469
leaf_count=39674 15633 6257 10001 16027 11302 18870 8818 5750 3012 16451 5605 6449 2098 1971
internal_value=-1.86672e-05 0.0139198 -0.0151789 0.00640804 -0.00309734 -0.0208661 0.0232812 0.0140445 0.00417839 -0.0148877 -0.00375497 0.0271695 -0.0152224 0.0146937
internal_weight=21009.2 10944 10065.1 6084.74 3229.82 6835.33 4859.28 3475.4 2019.57 3598.8 2609.33 3325.07 1210.25 1534.21
internal_count=167918 66510 101408 43015 26413 74995 23495 21777 14314 35321 21238 15267 12099 8228
is_linear=0
shrinkage=0.03


Tree=28
num_leaves=15
num_cat=0
split_feature=2 2 1 1 2 2 1 0 1 2 2 1 0 2
split_gain=4699.56 799.146 735.68 423.2 340.825 241.178 224.812 126.992 97.2042 97.1151 87.0768 80.715 77.7933 66.9018
threshold=0.0035814386601532833 0.0047080774960687015 0.79528162682054615 0.19308892435269057 0.0026088958670837099 0.0024519216204720831 -0.14289894619869994 -0.0047330950965998589 1.2553710978542398 0.0071915022378682041 0.007831627661724792 2.2735583090594309 -0.0036224577769889961 0.0017639783319164475
decision_type=8 8 10 10 10 10 8 10 10 10 10 10 10 10
left_child=2 3 4 12 -1 13 9 -6 -5 -3 -8 -7 -2 -4
right_child=1 6 5 8 7 11 10 -9 -10 -11 -12 -13 -14 -15
leaf_value=-0.026640883346595225 0.0045785703232655017 0.010178451805818771 -0.023997811593496468 0.0091120664208130531 -0.002026184776254829 0.0022908602991359482 0.022534602433303436 -0.016119404935837585 0.023456201730182348 0.021964223852103559 0.034256753801998024 0.018622557445513201 -0.007539047405555715 -0.0070201826589826721
leaf_weight=3422.2720132395625 625.41803646087646 2032.1671669483185 327.0039841607213 1270.1009693369269 714.63671147823334 1319.4307382777333 2737.1384701728821 3252.3635715097189 667.73954227566719 955.20043715834618 822.74933610856533 338.55591925233603 1864.0312602370977 625.11054667085409
leaf_count=42589 4773 12390 3421 8304 6019 9329 13295 32626 3500 4515 3426 1881 15910 5895
internal_value=1.79959e-05 0.0135701 -0.0148485 0.0036965 -0.0196796 -0.00112568 0.0202217 -0.0136071 0.0141806 0.0140276 0.025349 0.00575337 -0.00446463 -0.0131023
internal_weight=20973.9 10974.5 9999.37 4427.29 7389.27 2610.1 6547.26 3967 1937.84 2987.37 3559.89 1657.99 2489.45 952.115
internal_count=167873 66113 101760 32487 81234 20526 33626 38645 11804 16905 16721 11210 20683 9316
is_linear=0
shrinkage=0.03


Tree=29
num_leaves=15
num_cat=0
split_feature=2 2 1 1 2 2 1 7 1 7 1 2 2 1
split_gain=4352.97 777.425 743.599 417.039 302.563 262.636 211.24 123.176 113.87 99.911 77.33 76.872 72.0686 67.8581
threshold=0.003552681884281731 0.0049402804779042639 0.74496767310870837 0.19308892435269057 0.0025593995991118391 0.0024519216204720831 -0.19927531486651109 0.095653675984470235 -0.44952336009472177 0.10633071406205749 -0.80747704338311976 0.0071915022378682041 0.0084826783003338312 2.1053868503930029
decision_type=8 8 10 10 10 10 8 10 10 10 10 10 10 10
left_child=2 3 4 10 -1 13 11 -7 -6 -5 -2 -3 -8 -4
right_child=1 6 5 9 8 7 12 -9 -10 -11 -12 -13 -14 -15
leaf_value=-0.026782815430522845 -0.0097770010899058887 0.0096465637189322804 -0.017885902662975912 0.0099065599930826947 -0.020276866460511914 0 0.022747639857594287 0.016836544083664501 -0.009721503910215373 0.024146911762580762 0.00038629810503780238 0.020633166145328497 0.034334289959963682 0
leaf_weight=3121.2576318532228 1020.3270813822746 1666.0298095345497 742.66801895201206 1701.6898352503777 1613.4243916869164 1095.3939079493284 2638.1876124739647 594.5528916940093 2296.9927215799689 620.81928262114525 1914.7029126957059 929.70450556278229 689.01015536487103 249.88201496750116
leaf_count=39903 8819 9890 7830 10438 17409 7816 12447 3710 21654 3395 15222 4369 2843 2048
internal_value=1.37202e-05 0.0127748 -0.0146655 0.00435104 -0.0197864 -0.001196 0.0202222 0.00596634 -0.0141325 0.013826 -0.00314768 0.0136687 0.0252607 -0.0133885
internal_weight=20894.6 11180.5 9714.17 5257.54 7031.67 2682.5 5922.93 1689.95 3910.42 2322.51 2935.03 2595.73 3327.2 992.55
internal_count=167793 67423 100370 37874 78966 21404 29549 11526 39063 13833 24041 14259 15290 9878
is_linear=0
shrinkage=0.03


Tree=30
num_leaves=15
num_cat=0
split_feature=2 1 2 2 1 2 1 1 1 1 1 2 2 2
split_gain=4158.67 786.076 534.645 432.107 328.861 275.87 173.323 150.387 119.486 80.3747 69.6181 54.0428 41.4676 35.5428
threshold=0.0037934352431188167 0.23601329327341466 0.0053927673544491841 0.0024519216204720831 -0.29254301448209213 0.0025593995991118391 1.8385319234672457 -0.15249851215788088 1.0760015873782804 1.5582694039150586 -0.35763036366884404 0.0084826783003338312 0.0046186317142745221 0.0080722935438988647
decision_type=8 10 8 10 10 10 10 8 10 10 10 10 10 10
left_child=1 5 4 9 12 -1 -5 13 -6 -3 -7 -9 -2 -4
right_child=2 3 7 6 8 10 -8 11 -10 -11 -12 -13 -14 -15
leaf_value=-0.027851899886626969 -0.0064201782815551693 -0.020880268490661859 0.012506234185097343 -0.00091362934706126699 0.009066067177393675 -0.01813086251520964 0.016193146534703766 0.022969586450260315 0.02218638597114261 -0.0053268057763337226 -0.0095208846967169188 0.033665630726568439 0.0026080211625844484 0.021320424644916982
leaf_weight=2426.7565699741244 1149.6184513643384 1108.6800458952785 1650.8283773064613 2501.49762686342 2169.9323014244437 2206.2263488247991 665.27523317188025 2031.7989773750305 903.03929051756859 435.29183942824602 1499.6757527291775 669.48712274432182 737.89236617088318 633.79749967157841
leaf_count=32149 9784 13016 8950 19568 14127 23487 3714 9109 4498 3871 14426 2747 5289 2821
internal_value=-2.86787e-05 -0.0128765 0.0139707 -0.00363292 0.00695828 -0.0199496 0.00270093 0.0209074 0.0130006 -0.0165964 -0.0146978 0.025757 -0.00286398 0.0150599
internal_weight=20789.8 10843.4 9946.39 4710.74 4960.48 6132.66 3166.77 4985.91 3072.97 1543.97 3705.9 2701.29 1887.51 2284.63
internal_count=167556 110231 57325 40169 33698 70062 23282 23627 18625 16887 37913 11856 15073 11771
is_linear=0
shrinkage=0.03


Tree=31
num_leaves=15
num_cat=0
split_feature=2 2 1 1 2 2 1 2 1 7 1 1 1 2
split_gain=3913.63 687.216 678.205 322.448 281.549 260.135 237.261 169.022 112.941 93.8571 88.5127 69.9437 62.7266 30.3823
threshold=0.003552681884281731 0.0046510927379661516 0.46599959433634947 0.47891955073573406 0.0024519216204720831 0.0026088958670837099 0.74496767310870837 0.0073433263091247031 2.3702013067977661 0.10850375647253933 -0.44952336009472177 2.1836158683276099 -0.3299063130487126 0.0066638782940363116
decision_type=8 8 10 10 10 10 10 8 10 10 10 10 10 10
left_child=2 3 5 10 11 -1 7 -3 -6 -5 -2 -4 -7 -8
right_child=1 6 4 9 8 12 13 -9 -10 -11 -12 -13 -14 -15
leaf_value=-0.026956489968306734 -0.0088988035799293479 0.0110054283904333 -0.018121067166569662 0.0089747478782756795 0.00010519948897452326 -0.018355329205472653 0.023969784630535666 0.022690899793624601 0.019514366739069602 0.026073572739792272 0.0016396942683653169 3.2587868890632151e-05 -0.009756758053511316 0.034147784120437119
leaf_weight=2842.4808159470558 1374.1797050312161 3666.0633598491549 1028.5116748213768 1158.8690951615572 1860.0942855551839 1724.8964986428618 944.26795399188995 1647.982661947608 306.910788834095 394.68104004114866 1467.3585677593946 225.95119091123343 1525.9696070924401 600.76737728714943
leaf_count=38141 12232 20844 11560 6856 13954 18938 4256 7301 1661 2071 11322 1844 14599 2466
internal_value=-0.000136647 0.0118299 -0.0142946 0.00254403 -0.00356996 -0.0202911 0.017759 0.0146764 0.00295867 0.0134961 -0.00344906 -0.0148294 -0.0143798 0.0281601
internal_weight=20769 11254.2 9514.81 4395.09 3421.47 6093.35 6859.08 5314.05 2167.01 1553.55 2841.54 1254.46 3250.87 1545.04
internal_count=168045 67348 100697 32481 29019 71678 34867 28145 15615 8927 23554 13404 33537 6722
is_linear=0
shrinkage=0.03


Tree=32
num_leaves=15
num_cat=0
split_feature=2 1 2 1 2 2 1 1 2 1 0 1 2 2
split_gain=3690.04 644.977 595.814 329.68 310.948 215.703 207.055 119.657 104.202 74.9624 70.1959 69.9429 65.7809 51.5313
threshold=0.003552681884281731 0.79528162682054615 0.0047080774960687015 0.27094022556165259 0.0025593995991118391 0.0024519216204720831 -0.52500638080014117 -0.36668769995926803 0.0080722935438988647 1.4477018921011204 -0.0037262768096938954 2.625312181747907 0.0017372338072111071 0.0080722935438988647
decision_type=8 10 8 10 10 10 8 10 10 10 10 10 10 10
left_child=1 4 3 10 -1 12 13 -6 -8 -5 -2 -7 -3 -4
right_child=2 5 6 9 7 11 8 -9 -10 -11 -12 -13 -14 -15
leaf_value=-0.025981535814720923 0.0047800499462190829 -0.02397994131326512 0.0066511486383337357 0.0085418924128224574 -0.018928740907919895 0.0029099916261500149 0.018380681330959242 -0.0081791513622076397 0.029870750016975967 0.021587311695662883 -0.0064321213068833007 0.020647187556681927 -0.0066491662068661091 0.01837045955196721
leaf_weight=2987.9226394295692 655.72565174847841 299.37780471146107 1618.9134927839041 1364.5631167292595 1712.7119903787971 1403.9617631286383 3637.7334967851639 2158.114972949028 953.32118029892445 583.41146622598171 2000.5355049669743 227.22116910666227 617.9726449996233 438.91739949584007
leaf_count=40696 4987 3305 9669 8525 19283 9723 17802 20433 3930 2935 17328 1209 6033 1951
internal_value=-4.20356e-05 -0.0139036 0.0115426 0.00322084 -0.0186865 -0.000985639 0.0172828 -0.0129875 0.0208393 0.0125699 -0.00363423 0.00552807 -0.0125674 0.00925654
internal_weight=20660.4 9407.28 11253.1 4604.24 6858.75 2548.53 6648.89 3870.83 4591.05 1947.97 2656.26 1631.18 917.35 2057.83
internal_count=167809 100682 67127 33775 80412 20270 33352 39716 21732 11460 22315 10932 9338 11620
is_linear=0
shrinkage=0.03


Tree=33
num_leaves=15
num_cat=0
split_feature=2 1 2 1 2 2 1 1 1 0 6 1 2 2
split_gain=3416.48 657.134 569.169 351.692 266.646 262.939 138.259 135.905 106.07 83.3032 74.0906 65.6612 64.1635 15.7067
threshold=0.0035814386601532833 0.47891955073573406 0.0054997834566165573 -0.3201530673217387 0.0026088958670837099 0.0023358565281525515 1.3795207401498819 0.84896355346176666 1.7338962950319667 -0.0047330950965998589 -0.0065452037162145862 2.1836158683276099 0.0084826783003338312 0.007831627661724792
decision_type=8 10 8 10 10 10 10 10 10 10 10 10 8 10
left_child=1 4 3 10 -1 11 -5 12 -7 -6 -2 -3 -4 -9
right_child=2 5 7 6 9 8 -8 13 -10 -11 -12 -13 -14 -15
leaf_value=-0.02631504021165151 0.003693400668716726 -0.019019195481712336 0.013784944369903823 0.0076691451615376813 -0.0025402273365070756 -0.0015550344353733316 0.021502206961221695 0.025188695624642071 0.012094413693293992 -0.015605487102919726 -0.0077518156512545594 0.00011381758960512461 0.022613692673291955 0.036294841296035094
leaf_weight=2725.8692102283239 734.68525218218565 841.24422202259302 2772.2551292926073 3191.8506794571877 541.18430954217911 1672.068847052753 825.68136705458164 590.95771700143814 724.15785869210958 2744.2206762805581 1574.330090738833 191.39332888275385 1113.5305432230234 319.39864161610603
leaf_count=38219 5644 9793 13733 20554 4874 13393 3986 2483 4227 29649 13259 1593 4731 1287
internal_value=-0.000106571 -0.0133754 0.0111515 0.00521632 -0.0193473 -0.00286243 0.0105733 0.018941 0.00257812 -0.0134858 -0.00408407 -0.0154484 0.0163819 0.0295025
internal_weight=20562.8 9440.14 11122.7 6326.55 6011.27 3428.86 4017.53 4796.14 2396.23 3285.4 2309.02 1032.64 3885.79 910.356
internal_count=167425 101748 65677 43443 72742 29006 24540 22234 17620 34523 18903 11386 18464 3770
is_linear=0
shrinkage=0.03


Tree=34
num_leaves=15
num_cat=0
split_feature=0 0 6 6 0 0 6 6 0 6 6 4 1 4
split_gain=1394.3 1204.38 487.556 345.396 172.408 163.623 71.1758 61.569 31.3404 29.8101 26.5799 13.6516 6.66775 11.1977
threshold=-0.0072884544007937304 0.0069511909723140039 -0.011276265485405721 0.012100532655991538 0.019297759693340025 -0.02089933306513236 -0.024872446401529299 -0.0046511912945526026 0.04624270955055599 -0.033090458182147835 0.0089424936649304971 0.47312500000000007 2.1836158683276099 0.45312500000000006
decision_type=10 8 10 10 10 8 10 10 10 8 10 10 10 8
left_child=5 2 6 -4 7 12 -2 -3 -6 11 -11 -7 13 -1
right_child=1 4 3 -5 8 9 -8 -9 -10 10 -12 -13 -14 -15
leaf_value=0.025608032798069325 0.010139062835053388 0.015911219217688836 -0.015275560940639187 -0.0017790317636724149 0.016030774457451876 0.020170678297278716 -0.00078875466421693668 0.0034931829698284372 0.031162569430527157 0.008051311910831532 0.018326208077761922 0.010371873638582312 0.029566532075775982 0.017413158500176943
leaf_weight=514.91941258311272 875.81338008493185 412.00792497396469 7209.434623286128 2252.2141549438238 1213.3058604970574 437.3274090513587 1333.9804693460464 2698.1563144847751 156.59406065940857 2059.5901185199618 268.35971602797508 282.10935452580452 307.71991609036922 501.08885671943426
leaf_count=2241 5913 2265 79988 18293 6036 2231 11705 18242 672 13313 1383 1611 1373 2324
internal_value=3.04433e-05 -0.00403597 -0.00911225 -0.0120745 0.00916619 0.0150447 0.00354143 0.00520317 0.0180173 0.0111196 0.00933476 0.0166054 0.0238847 0.021834
internal_weight=20522.6 16151.5 11671.4 9461.65 4480.06 4371.11 2209.79 3110.16 1369.9 3047.39 2327.95 719.437 1323.73 1016.01
internal_count=167590 143114 115899 98281 27215 24476 17618 20507 6708 18538 14696 3842 5938 4565
is_linear=0
shrinkage=0.03


Tree=35
num_leaves=15
num_cat=0
split_feature=2 1 2 1 2 2 1 7 7 2 0 6 1 1
split_gain=3280.12 600.029 515.657 328.492 250.184 238.267 174.432 115.691 102.394 79.1278 71.8059 68.4503 65.7853 60.4135
threshold=0.003552681884281731 0.47891955073573406 0.0047080774960687015 0.34074117143220889 0.0025593995991118391 0.0023069954082973669 0.05886221180362728 0.10330186259751745 0.10633071406205749 0.0073433263091247031 -0.0052425829219914779 -0.009141063269318293 2.3702013067977661 1.8385319234672457
decision_type=8 10 8 10 10 10 8 10 10 10 10 10 10 10
left_child=1 4 3 11 -1 12 9 -7 -5 -4 -6 -2 -3 -8
right_child=2 5 6 8 10 7 13 -9 -10 -11 -12 -13 -14 -15
leaf_value=-0.026554478439902593 0.0037439994915813017 -0.01884533752604255 0.0083310828922038647 0.008239402666396221 -0.0028828692939912122 -0.0024166419240274606 0.019413671959281946 0.012104464496909049 0.024429401746837932 0.018110410857395346 -0.015641518644464145 -0.0066715652121897085 0.0022373548425919975 0.032951999041338526
leaf_weight=2489.2642571032047 780.87015020102262 840.70182406157255 2531.3698800504208 1364.0064874663949 481.68625517189503 1660.3274610489607 2754.4668247699738 689.23308238387108 484.00222501903772 1099.4105239659548 2816.4648673981428 1968.8802130073309 149.68973042815924 370.86305785179138
leaf_count=36229 5932 9913 14680 8078 4295 12873 12418 4556 2531 4903 31400 17160 1224 1537
internal_value=-0.000115693 -0.0135008 0.0106417 0.00286646 -0.0193387 -0.00333952 0.0159121 0.00185088 0.0126206 0.0113504 -0.0138106 -0.00368918 -0.0156084 0.0211393
internal_weight=20481.2 9127.37 11353.9 4597.76 5787.42 3339.95 6756.11 2349.56 1848.01 3630.78 3298.15 2749.75 990.392 3125.33
internal_count=167729 100490 67239 33701 71924 28566 33538 17429 10609 19583 35695 23092 11137 13955
is_linear=0
shrinkage=0.03


Tree=36
num_leaves=15
num_cat=0
split_feature=0 0 6 6 0 0 6 6 7 6 1 3 1 1
split_gain=1284.19 1064.15 478.57 277.239 172.267 152.599 80.0949 61.7947 42.2801 31.2248 22.4159 15.109 10.5487 6.99925
threshold=-0.0072884544007937304 0.0059524329161042564 -0.011890835430172329 0.012401231907222867 0.024506944546554114 -0.016968335790861096 -0.024872446401529299 -0.0046511912945526026 0.071365667660203816 -0.035583515385673607 1.0308799363012184 0.76907529939135866 0.069389573707070745 3.2882728992079229
decision_type=10 8 10 10 10 10 10 10 8 10 8 8 10 8
left_child=5 2 6 -4 7 10 -2 -3 9 -7 -1 -12 -10 -6
right_child=1 4 3 -5 13 8 -8 -9 12 -11 11 -13 -14 -15
leaf_value=0.016657517833227328 0.010777050136004385 0.01435348147234672 -0.014921451311415422 -0.0021744147053969483 0.018177561132078923 0.016318160568151798 -0.0010846359317488049 0.0034842185045142666 0.008841576169216445 0.0046653364736125112 0.02031879538006692 0.02987055119080308 0.017205750611109336 0.03151405390216945
leaf_weight=848.41226308047771 862.9245802089572 542.07633887976408 6961.9521014168859 1988.9473397359252 816.02562277019024 244.77735144644976 1217.3059628531337 3545.2834905534983 268.01652647554874 1400.0359653756022 629.36522540450096 385.93776708841324 610.64914716035128 66.239061594009399
leaf_count=4019 5826 3029 79173 16195 3765 1320 10641 24044 1687 9172 2875 1726 3619 315
internal_value=4.39838e-05 -0.00389691 -0.00908981 -0.0121013 0.00761289 0.0144068 0.00383516 0.00497189 0.00949391 0.00652387 0.0209408 0.0242641 0.0148502 0.0195881
internal_weight=20387.9 16000.8 11031.1 8950.9 4969.62 4387.19 2080.23 4087.36 2523.48 1644.81 1863.72 1015.3 878.666 882.265
internal_count=167406 142988 111835 95368 31153 24418 16467 27073 15798 10492 8620 4601 5306 4080
is_linear=0
shrinkage=0.03


Tree=37
num_leaves=15
num_cat=0
split_feature=2 2 1 1 2 1 2 1 1 2 1 2 1 1
split_gain=3034.97 654.684 463.068 404.21 175.326 165.461 150.666 131.414 85.5844 75.8407 72.8222 58.116 50.0439 3.69963
threshold=0.003306648901506786 0.0047080774960687015 0.4276167029729297 0.19308892435269057 0.0017639783319164475 0.05886221180362728 0.0024039869930330819 2.1836158683276099 1.4477018921011204 0.0060445863019311158 -0.76430550749430837 0.007831627661724792 -0.16177798398710028 3.0063222569592827
decision_type=8 8 10 10 10 8 10 10 10 10 10 10 10 10
left_child=2 3 6 10 13 9 -1 -6 -5 -3 -2 -7 -8 -4
right_child=1 5 4 8 7 11 12 -9 -10 -11 -12 -13 -14 -15
leaf_value=-0.027366757419277778 -0.011453577448614867 0.0052324977669891293 -0.024475109837251405 0.0065802962542045439 -0.0059139910255718471 0.017831423852553308 -0.019316696884505935 0.011765030494460911 0.018360794273512383 0.014233725232784614 -0.002091837667149348 0.028079738508307948 -0.010385714730402954 -0.0067039802313975409
leaf_weight=1968.5358755812049 1179.0967631936073 1423.3957754969597 388.86821916699409 1946.1020609661937 2097.1925928145647 2440.2255280166864 1717.4842048361897 450.03957107663155 796.36077066510916 2220.1481679528952 2086.7983545288444 715.92190121114254 961.07409553229809 30.031801827251911
leaf_count=29855 11412 8880 4890 12748 18928 11093 21197 2774 4008 10666 18183 2905 10251 256
internal_value=-8.27705e-05 0.00882894 -0.0150751 0.00159704 -0.00575924 0.0151987 -0.0209832 -0.00273324 0.0100772 0.0107577 -0.0055147 0.0202564 -0.0161851 -0.023527
internal_weight=20421.3 12808 7613.23 6008.36 2966.13 6799.69 4647.09 2547.23 2742.46 3643.54 3265.9 3156.15 2678.56 418.9
internal_count=168046 79895 88151 46351 26848 33544 61303 21702 16756 19546 29595 13998 31448 5146
is_linear=0
shrinkage=0.03


Tree=38
num_leaves=15
num_cat=0
split_feature=2 2 1 1 2 2 1 7 2 1 1 1 2 6
split_gain=2914.61 545.878 441.785 312.442 250.129 154.925 138.881 122.81 98.733 97.5501 90.2268 65.4846 22.9024 4.87828
threshold=0.003391060834323664 0.0047080774960687015 0.79528162682054615 0.19308892435269057 0.002393234486268788 0.0017639783319164475 -0.7106732758758002 0.10850375647253933 0.0069216452242156648 2.7922668467689333 -0.17124088131480655 -0.51469019699702712 0.0060445863019311158 0.024591279000317105
decision_type=8 8 10 10 10 10 8 10 10 10 10 10 10 10
left_child=2 3 4 11 -1 13 12 -5 -8 -7 -6 -2 -3 -4
right_child=1 6 5 7 10 9 8 -9 -10 -11 -12 -13 -14 -15
leaf_value=-0.026431324232112478 -0.0087045411854017162 0.0023270889694142877 -0.024353406600919579 0.0059448699821010404 -0.017892408639256226 -0.0023169355951891501 0.014093448168421348 0.021241217279445699 0.023002057225437363 0.01773113298297609 -0.0080802839713175964 0.00013064109547011117 0.0098468899624658494 -0.0047258199670471169
leaf_weight=2214.6253139972687 1538.6601684093475 610.23850780725479 262.52266512811184 1884.3118759840727 1896.9127047508955 1755.9595978409052 3357.5068201720715 635.79330042004585 1814.1423874944448 239.2125239521265 1619.902220249176 1446.9930740296841 1028.9374316185713 25.75841923058033
leaf_count=33860 14590 4032 3161 11639 23586 13990 16684 3465 7636 1379 16475 12069 5118 236
internal_value=1.04977e-05 0.00917377 -0.0140572 0.00213005 -0.0184987 -0.002851 0.0148475 0.00989638 0.0172684 0.000133258 -0.0134255 -0.00441641 0.00711486 -0.023018
internal_weight=20331.5 12316.6 8014.89 5505.76 5731.44 2283.45 6810.83 2520.11 5171.65 1995.17 3516.81 2985.65 1639.18 288.281
internal_count=167920 75233 92687 41763 73921 18766 33470 15104 24320 15369 40061 26659 9150 3397
is_linear=0
shrinkage=0.03


Tree=39
num_leaves=15
num_cat=0
split_feature=2 2 2 7 6 7 2 6 7 6 7 6 2 7
split_gain=2732.63 513.157 386.742 232.4 201.172 124.754 84.4579 82.6109 79.4428 73.5971 69.3142 66.8773 35.8969 9.18512
threshold=0.0033663546919533052 0.005292812870999245 0.0024039869930330819 0.054753994114120151 -0.0082139277780974834 0.123441941854011 0.01006235347145863 -0.012210907408316094 0.15905407352226877 -0.018096961626758553 0.10330186259751745 -0.027250367864836807 0.0017639783319164475 0.036160941307763018
decision_type=8 8 10 10 10 10 8 10 10 10 10 10 10 10
left_child=2 3 8 7 10 -6 11 -2 12 -5 -4 -3 -1 -8
right_child=1 6 4 9 5 -7 13 -9 -10 -11 -12 -13 -14 -15
leaf_value=-0.0280514270615051 0.0052648379412823113 0.020255196601439953 -0.0030008542582693649 0.016691326078868474 -0.015193242669888939 0.0010659933519856209 0.019447704885166131 -0.0048556571489519239 0.0025452041731742962 0.0063257850257380666 0.012257276716179774 0.011571589318318325 -0.020368504930518769 0.027895753088079869
leaf_weight=1093.1878032758832 991.44637272506952 1119.2003831267357 1124.1373843178153 814.36699254065752 2799.9049171358347 490.83695030212402 459.99294617772102 2602.1364975199103 104.26310988515615 2723.7687226012349 340.35866183787584 3352.3327816575766 1809.9569312371314 462.21510197222233
leaf_count=16355 6526 4800 10145 4514 31138 4422 1915 21253 1076 19476 2448 16340 25618 1904
internal_value=-4.419e-05 0.00861832 -0.0140225 0.00331878 -0.00864734 -0.012754 0.0155953 -0.00203997 -0.0224448 0.00876883 0.000563624 0.0137988 -0.0233685 0.0240001
internal_weight=20288.1 12525.5 7762.65 7131.72 4755.24 3290.74 5393.74 3593.58 3007.41 3538.14 1464.5 4471.53 2903.14 922.208
internal_count=167930 76728 91202 51769 48153 35560 24959 27779 43049 23990 12593 21140 41973 3819
is_linear=0
shrinkage=0.03


Tree=40
num_leaves=15
num_cat=0
split_feature=2 2 1 1 2 1 2 1 1 2 2 6 2 7
split_gain=2591.31 547.694 445.486 357.281 194.357 142.98 136.305 120.168 108.401 75.4169 49.2375 25.9183 15.6888 3.73735
threshold=0.003306648901506786 0.0053927673544491841 0.23601329327341466 -0.24632725562342361 0.0017639783319164475 2.2735583090594309 0.0025462049533089225 1.0760015873782804 0.84896355346176666 0.0042505236578338169 0.01006235347145863 -0.012529067755333577 0.007831627661724792 0.14412097565984719
decision_type=8 8 10 10 10 10 10 10 10 10 8 10 10 10
left_child=2 3 6 9 13 -6 -1 -5 10 -2 -3 -8 -10 -4
right_child=1 8 4 7 5 -7 11 -9 12 -11 -12 -13 -14 -15
leaf_value=-0.026555497635317022 -0.0092643106797766737 0.011914557067956704 -0.0248060417607355 0.0048482530247286985 -0.0058637422219090067 0.012938401649466991 -0.0072959396209256212 0.015141795817101213 0.021128946527560904 0.00044197114721055412 0.020705266966155968 -0.016826074439148946 0.031401736833435036 -0.0050581288940528086
leaf_weight=1988.4915484376252 1690.4152298495173 3466.4794194549322 431.64547597244382 3273.5363857895136 2481.9701964221895 415.19207587838173 359.612469188869 1503.7628903314471 655.31342965364456 1228.8745853975415 741.60039445757866 1642.688446469605 317.67284515500069 22.664007797837257
leaf_count=32063 17009 16549 5869 22534 23625 2515 3589 7569 2713 9040 3079 20282 1285 246
internal_value=5.71933e-05 0.00816786 -0.0141518 0.00307463 -0.00603654 -0.00311333 -0.0209198 0.00812577 0.0157019 -0.00517041 0.0135234 -0.015189 0.0248293 -0.0240803
internal_weight=20219.9 12877.7 7342.26 7696.59 3351.47 2897.16 3990.79 4777.3 5181.07 2919.29 4208.08 2002.3 972.986 454.309
internal_count=167967 79778 88189 56152 32255 26140 55934 30103 23626 26049 19628 23871 3998 6115
is_linear=0
shrinkage=0.03


Tree=41
num_leaves=15
num_cat=0
split_feature=2 2 1 1 2 1 2 1 1 2 6 1 6 1
split_gain=2479.11 519.362 429.554 319.804 162.605 144.375 135.591 134.295 98.4558 94.0098 50.6434 32.5747 15.0361 9.37121
threshold=0.0032794510662527919 0.0046510927379661516 0.36442101041522451 -0.24632725562342361 0.0017639783319164475 2.1836158683276099 0.0026088958670837099 0.94665998747284852 1.1750325177491956 0.0073433263091247031 -0.0065452037162145862 -0.17124088131480655 -0.031959016104557307 3.0063222569592827
decision_type=8 8 10 10 10 10 10 10 10 8 10 10 10 10
left_child=2 3 6 10 13 -6 -1 9 -5 -3 -2 -8 -9 -4
right_child=1 7 4 8 5 -7 11 12 -10 -11 -12 -13 -14 -15
leaf_value=-0.025548599987753766 -0.00087019219252950991 0.0086924093899070458 -0.024203634364190648 0.003393721815886271 -0.0059460530092918622 0.012494484215928926 -0.01735508104444114 0.027172718415802603 0.014113706952520861 0.017020146140766065 -0.010810135460246454 -0.00869257509929665 0.018788169540842971 -0.0025013840246364974
leaf_weight=2228.5998256504536 681.66912137717009 4034.332863971591 376.37308457866311 2644.3377151787281 2124.5452451258898 454.34529260545969 1231.6613159030676 482.66837395727634 1097.9753065854311 1815.8830211758614 1524.9980403706431 673.85985107719898 758.99607019126415 27.900385767221451
leaf_count=36245 6076 21832 5201 19290 19973 2775 15352 1962 5615 7738 15352 7022 3248 251
internal_value=1.85309e-05 0.00779238 -0.0142079 0.0012402 -0.00547808 -0.00263834 -0.0204643 0.0132707 0.00658413 0.0113122 -0.0077844 -0.0143844 0.0222865 -0.0229472
internal_weight=20158.1 13040.9 7117.29 5948.98 2983.16 2578.89 4134.12 7091.88 3742.31 5850.22 2206.67 1905.52 1241.66 404.273
internal_count=167932 81113 86819 46333 28200 22748 58619 34780 24905 29570 21428 22374 5210 5452
is_linear=0
shrinkage=0.03


Tree=42
num_leaves=15
num_cat=0
split_feature=2 2 0 0 2 0 0 7 2 6 2 7 7 7
split_gain=2313.95 539.437 325.646 193.014 180.026 126.948 119.648 84.5236 80.7618 77.7739 66.7845 44.8209 39.3501 21.9163
threshold=0.0032794510662527919 0.0046510927379661516 -0.0056733203031123494 -0.0056733203031123494 0.0023358565281525515 0.0069511909723140039 -0.013122764472455693 0.12483913359018094 0.01006235347145863 0.02518464759960715 0.0022415236238326618 0.10850375647253933 0.10330186259751745 0.066994930678936984
decision_type=8 8 10 10 10 10 10 10 8 10 10 10 10 10
left_child=2 3 10 11 9 -5 -3 -6 -8 -4 13 -2 -12 -1
right_child=1 6 4 5 7 -7 8 -9 -10 -11 12 -13 -14 -15
leaf_value=-0.02086823334543025 0.0070885978812179201 0.020831431708724212 -0.024766273571617228 -0.0057257333035831189 -0.014208105840704638 0.0052903588354854779 0.0096086433008161203 0 0.020676032514890606 -0.0017861294013678097 0 0.019798906519021192 0.013432644612945322 -0.0013745982054128932
leaf_weight=145.1367557272315 1170.9340173006058 1430.8716938048601 2197.3198049776256 3096.2613856494427 3000.4113765060902 1337.058839827776 4965.8696085587144 432.96862148866057 690.48265160620213 148.75954072922468 748.95288754999638 328.78899297863245 253.22968653962016 90.668041065335274
leaf_count=1697 7447 5989 35179 28522 35495 8503 25786 4087 2856 1544 6070 1766 1672 918
internal_value=-3.82085e-05 0.00744187 -0.0139162 0.000753758 -0.0169026 -0.00238542 0.0130234 -0.0124256 0.0110044 -0.0233484 8.62266e-07 0.0100275 0.0034548 -0.0139778
internal_weight=20037.7 13020.3 7017.45 5933.04 5779.46 4433.32 7087.22 3433.38 5656.35 2346.08 1237.99 1499.72 1002.18 235.805
internal_count=167531 80869 86662 46238 76305 37025 34631 39582 28642 36723 10357 9213 7742 2615
is_linear=0
shrinkage=0.03


Tree=43
num_leaves=15
num_cat=0
split_feature=2 2 1 1 2 1 1 2 2 1 1 6 6 0
split_gain=2182.33 450.187 384.521 308.507 186.958 135.022 134.723 93.4599 86.1675 69.3642 67.4135 24.6054 22.1379 9.19016
threshold=0.0032794510662527919 0.0045804745418079537 0.079182276184212544 0.22548404437313982 0.0017639783319164475 1.8385319234672457 0.86834350206104138 0.0025462049533089225 0.0071915022378682041 -0.76430550749430837 1.2837810836613726 -0.03845494364480561 -0.025636660821582776 -0.0055241800456648496
decision_type=8 8 10 10 10 10 8 10 10 10 10 8 10 10
left_child=2 3 7 9 -4 -6 8 13 -3 -2 -5 -8 -9 -1
right_child=1 6 4 10 5 -7 11 12 -10 -11 -12 -13 -14 -15
leaf_value=-0.01001916589879958 -0.011763834856167511 0.0073221910784536052 -0.023962598798443889 0.0045784537732241736 -0.0073771442905624955 0.0079256103388491428 0.025906376013078554 -0.0019267949244065902 0.015333209796914651 -0.0023214369464094088 0.014693940179782591 0.016762256639157286 -0.016751614125641349 -0.026766937927577387
leaf_weight=57.876677330583334 1077.8870794922113 4039.1272906884551 493.14084460586309 1661.8835357576609 2473.3054384551942 643.78160291165113 493.05202341079712 109.07550986111164 1780.7894511818886 2044.4992820620537 948.9101095199585 1040.7176887840033 1535.2684037387371 1607.6762079596519
leaf_count=838 11011 22128 7236 10951 25687 4168 2007 1029 7592 18192 4772 4444 19718 27894
internal_value=-0.000167895 0.00703293 -0.0137848 0.000716971 -0.00695941 -0.00418219 0.0119413 -0.021168 0.00980581 -0.00562738 0.00831993 0.0198894 -0.0158221 -0.026284
internal_weight=20007 13086.9 6920.12 5733.18 3610.23 3117.09 7353.69 3309.9 5819.92 3122.39 2610.79 1533.77 1644.34 1665.55
internal_count=167667 81097 86570 44926 37091 29855 36171 49479 29720 29203 15723 6451 20747 28732
is_linear=0
shrinkage=0.03


Tree=44
num_leaves=15
num_cat=0
split_feature=2 2 0 0 7 2 7 0 0 0 2 2 0 7
split_gain=2066.44 379.347 371.338 204.077 189.028 128.22 100.846 88.1974 85.3492 78.5639 53.9618 42.276 22.1281 19.5881
threshold=0.0033663546919533052 0.005442031007640939 -0.006158752378700282 0.0044259112385637298 0.054753994114120151 0.0023817632904604758 0.11188711026338242 -0.0049834265342041375 -0.0040358308070839169 -0.022131525567186557 0.0026236405565739254 0.0073433263091247031 -0.015446927119490915 0.075146926839640513
decision_type=8 8 10 10 10 10 10 10 10 8 10 8 10 10
left_child=2 4 10 5 7 -4 -5 -2 -6 -3 13 -11 -12 -1
right_child=1 9 3 6 8 -7 -8 -9 -10 11 12 -13 -14 -15
leaf_value=-0.010911587519050713 0.0055749171453722129 0.02373463798410453 -0.02482003531790181 -0.010787225223719452 0.014226197055808371 -0.01443386540957077 0.0065707148868579569 -0.0046284164986919304 0.0044845480916470845 0.0095437609329807813 0.013130056521560676 0.015681025793874464 0.0026644977014680027 0.0017546757037368546
leaf_weight=285.83664340525866 1042.1653392091393 612.47161430120468 1991.3521946705878 1152.7005138881505 1217.2097386270761 2556.1576113365591 394.40372341871262 2735.9884888157248 2510.8290948271751 2654.995620906353 287.90331567823887 1826.5273014307022 535.35363395512104 159.2224017418921
leaf_count=3022 6514 2487 33889 11972 6942 32068 3264 22289 17866 12690 1561 7710 4195 1453
internal_value=-0.00014412 0.00722958 -0.0127636 -0.0158336 0.00292428 -0.0190396 -0.00630985 -0.0017908 0.00771081 0.0135437 0.00195058 0.0120878 0.00651009 -0.00630933
internal_weight=19963.1 12600.2 7362.93 6094.61 7506.19 4547.51 1547.1 3778.15 3728.04 5093.99 1268.32 4481.52 823.257 445.059
internal_count=167922 76498 91424 81193 53611 65957 15236 28803 24808 22887 10231 20400 5756 4475
is_linear=0
shrinkage=0.03


Tree=45
num_leaves=15
num_cat=0
split_feature=0 0 6 6 0 0 7 6 6 7 4 6 6 0
split_gain=879.882 850.323 306.855 229.182 120.013 100.178 48.774 46.0704 34.2595 26.1858 18.7764 10.5876 11.1395 7.65585
threshold=-0.0056733203031123494 0.0069511909723140039 -0.011890835430172329 0.013016030422726923 -0.02089933306513236 0.026467819734381618 0.1129829735010431 -0.031959016104557307 -0.024872446401529299 0.068823776937084857 0.46312500000000006 -0.075757322407788749 -0.022091074454356981 0.04624270955055599
decision_type=8 8 10 10 10 10 8 8 10 8 10 8 10 10
left_child=4 2 8 -4 11 6 -3 10 -2 -9 -6 -1 -13 -7
right_child=1 5 3 -5 7 13 -8 9 -10 -11 -12 12 -14 -15
leaf_value=0.023923059692397313 0.0073935564828780118 0.0033073686802564855 -0.013839888896916187 -0.0021141255154975857 0.017828937341995327 0.014583483574560217 0.012335369819461494 0.0037628847881814222 -0.00092897995382195092 0.0097658691496702154 0.0081844533513723335 0.014025708601946497 0.023033714124864577 0.024069863595604854
leaf_weight=314.20332333445549 754.18485724180937 3155.0029946230352 6391.1719195656478 1981.1636788211763 490.56719546765089 586.68446294218302 653.77774433046579 1962.4030657932162 1036.4229398705065 1034.8957771733403 381.13281166553497 828.57468282431364 217.65762419253588 156.80298344790936
leaf_count=1305 5081 19905 79324 16410 2454 2677 4054 13440 9307 6617 2144 3757 931 663
internal_value=-8.20526e-05 -0.00384176 -0.0086684 -0.0110782 0.0104731 0.00691595 0.00490098 0.00771643 0.00256466 0.00588111 0.0138208 0.0181558 0.0161569 0.0169567
internal_weight=19944.6 14715.2 10162.9 8372.34 5229.43 4552.27 3808.78 3869 1790.61 2997.3 871.7 1360.44 1046.23 743.487
internal_count=168069 137421 110122 95734 30648 27299 23959 24655 14388 20057 4598 5993 4688 3340
is_linear=0
shrinkage=0.03


Tree=46
num_leaves=15
num_cat=0
split_feature=2 1 2 1 2 2 6 1 1 1 0 1 6 6
split_gain=2032.47 399.591 367.27 269.194 188.728 108.025 93.0692 92.7181 80.6781 77.7514 52.7052 49.7848 31.1404 19.3512
threshold=0.0033663546919533052 0.069389573707070745 0.005442031007640939 -0.30184657195514181 0.0024519216204720831 0.0025462049533089225 -0.0082139277780974834 1.4477018921011204 0.98821406175250937 1.7821885545188734 -0.0035241769373015037 -1.1305725816252805 -0.009141063269318293 0.0096663677258996845
decision_type=8 10 8 10 10 10 10 10 10 10 10 8 10 10
left_child=1 5 3 10 9 -1 -6 -5 11 -3 -2 -4 -7 -10
right_child=2 4 8 7 6 12 -8 -9 13 -11 -12 -13 -14 -15
leaf_value=-0.026000613531057974 0.0028935197950799947 -0.018040114730394317 0.0037472278591232696 0.0051280920904672378 0.0068194676710072065 -0.0072998149303932607 -0.0053579405415969924 0.015554550937520483 0.026245752272697865 -0.001138373101762867 -0.0069747884233886392 0.013124583729054812 -0.01714006625695862 0.014671669993875756
leaf_weight=1569.8985805548728 624.53827941417694 1143.7272356562316 623.89690686762333 3872.6451024934649 900.77771630510688 421.98205633834004 1473.455193284899 966.72371800243855 506.71350510418415 322.57685982435942 2022.848098129034 3699.4850769042969 1402.2019157484174 282.66010519862175
leaf_count=28522 4912 16772 3114 25333 6464 4673 13087 4543 2075 2964 18618 16560 18708 1159
internal_value=1.56422e-05 -0.0126447 0.00729422 0.00304404 -0.00597039 -0.0201396 -0.000703474 0.00725106 0.0134881 -0.0143954 -0.00462207 0.011797 -0.0149487 0.0224117
internal_weight=19834.1 7234.62 12599.5 7486.76 3840.54 3394.08 2374.23 4839.37 5112.76 1466.3 2647.39 4323.38 1824.18 789.374
internal_count=167504 91190 76314 53406 39287 51903 19551 29876 22908 19736 23530 19674 23381 3234
is_linear=0
shrinkage=0.03


Tree=47
num_leaves=15
num_cat=0
split_feature=2 1 2 1 2 2 6 1 1 6 1 1 2 1
split_gain=1839.72 488.698 258.717 194.489 192.196 183.76 79.3163 78.0228 66.3141 61.8595 60.5682 42.6787 37.6595 18.584
threshold=0.0035658219514951802 0.23601329327341466 0.0054997834566165573 -0.24632725562342361 0.0024039869930330819 0.0025462049533089225 -0.0151057912536654 0.54822545510621834 1.0760015873782804 -0.005288168420757521 1.3466660082386379 -0.45933897015971231 0.01006235347145863 1.9610083703676942
decision_type=8 10 8 10 10 10 10 10 10 10 10 10 8 10
left_child=1 5 3 9 10 -1 -6 12 -5 -2 -3 -7 -4 -9
right_child=2 4 7 8 6 11 -8 13 -10 -11 -12 -13 -14 -15
leaf_value=-0.025358556472703034 0.0035322587084005534 -0.018329948086410551 0.0090572044718954057 0.0051709419427733742 0.0093531069536875351 -0.016421677869839658 -0.0019056308177777448 0.017297336163724527 0.013537902483226179 -0.0063650830854270202 -0.0040919140565384808 -0.008530037788344446 0.01714437198613274 0.028633697324894482
leaf_weight=1721.9356809034944 864.27189992368221 739.27296546474099 3028.3178459405899 2802.9714397490025 779.99395598471165 1341.5553050898015 1937.6601442992687 1084.9517515599728 1259.1263852715492 1592.5711494386196 449.74047457426786 1304.2870782315731 668.4930379986763 200.92855204641819
leaf_count=31818 6658 11155 14192 17709 4934 17760 16128 4473 5930 13866 4633 14710 2744 823
internal_value=-2.0115e-05 -0.0108038 0.00773523 0.00377928 -0.00306331 -0.0176905 0.00132619 0.0128809 0.00780606 -0.00285885 -0.0130735 -0.0126008 0.0105781 0.0193223
internal_weight=19776.1 8274.45 11501.6 6518.94 3906.67 4367.78 2717.65 4982.69 4062.1 2456.84 1189.01 2645.84 3696.81 1285.88
internal_count=167533 101138 66395 44163 36850 64288 21062 22232 23639 20524 15788 32470 16936 5296
is_linear=0
shrinkage=0.03


Tree=48
num_leaves=15
num_cat=0
split_feature=6 6 1 6 6 7 1 1 6 4 1 4 6 7
split_gain=688.707 425.381 180.414 118.896 98.236 86.9689 78.3032 43.6241 38.6758 36.0908 17.5453 17.4702 14.5676 14.0613
threshold=-0.019135126627515927 0.017814039670330576 -0.17124088131480655 0.05018662551829501 -0.0077722197793992356 0.094813598781161884 0.35273615078122827 3.0063222569592827 -0.035583515385673607 0.44062500000000004 2.2735583090594309 0.42312500000000003 -0.063349117521078732 0.054753994114120151
decision_type=10 10 8 10 10 8 8 10 8 10 10 8 10 8
left_child=6 2 4 7 -2 -4 9 -3 10 11 -8 -1 -11 -10
right_child=1 3 5 -5 -6 -7 8 -9 13 12 -12 -13 -14 -15
leaf_value=0.0076472279432651452 -0.0019168609962200496 0.0015318276324559059 -0.0042744050414039994 0.013581242327887169 -0.011928009932430428 0.0045502060019936225 0.01579128152315128 0.023405977145427661 0.0051732205267506978 0.013716608915826498 0.025819211532680603 0.017949232688284768 0.001891533713346411 0.013021569192640556
leaf_weight=491.2237281948328 1128.1843020506203 3209.3243966661394 4368.3956128060818 1083.1678968816996 4377.154680788517 1289.8576442301273 1075.4234086275101 74.855262145400047 432.68844023346901 95.872663572430611 250.17235683649778 254.21069792285562 1132.0188008993864 507.19397898763418
leaf_count=2979 10628 22003 41846 5341 52966 10715 5041 420 2575 484 1085 1351 7635 2835
internal_value=1.0985e-07 -0.00292312 -0.00602959 0.00499941 -0.00989454 -0.00224768 0.0107066 0.00211815 0.0145299 0.00623585 0.0179079 0.011431 0.00296664 0.00956413
internal_weight=19769.7 15530.9 11163.6 4367.35 5505.34 5658.25 4238.8 3284.18 2265.48 1973.33 1325.6 745.434 1227.89 939.882
internal_count=167904 143919 116155 27764 63594 52561 23985 22423 11536 12449 6126 4330 8119 5410
is_linear=0
shrinkage=0.03


Tree=49
num_leaves=15
num_cat=0
split_feature=2 2 0 0 7 2 0 0 7 2 2 0 7 7
split_gain=1771.58 343.883 296.402 155.037 144.466 99.618 96.1055 90.1933 78.1438 77.3619 59.5846 35.8934 26.579 15.9988
threshold=0.0032662870358655155 0.0046510927379661516 -0.0058341611268002405 0.0037340580355349489 0.10850375647253933 0.00235217571412407 -0.013122764472455693 -0.0049834265342041375 0.11188711026338242 0.01006235347145863 0.0022415236238326618 -0.0084403072407728801 0.10529302620677816 0.051213677192040501
decision_type=8 8 10 10 10 10 8 10 10 10 10 10 10 8
left_child=2 4 10 5 7 -4 13 -2 -5 -8 -1 -6 -12 -3
right_child=1 6 3 8 11 -7 9 -9 -10 -11 12 -13 -14 -15
leaf_value=-0.01287158592938294 0.0054446236821860238 0.013480199377292791 -0.02450405302971536 -0.011468145305789589 0.019916059046172462 -0.0144201818959612 0.0077633971001474017 -0.0036894587197611583 0.0039761373531921121 0.019238700877578886 0.0010829574667473693 0.0073091162883530524 0.012640020242919421 0.020862171742634283
leaf_weight=221.06085330992937 1325.8787801787257 637.22715973854065 1709.0397293195128 1177.2097185403109 283.69544495642185 2063.0243854224682 5160.8960778489709 3550.310927502811 379.80936776474118 596.77321794629097 729.46927290037274 841.25808075815439 234.77310294285417 803.56191977858543
leaf_count=2510 8529 2674 31571 13292 1388 27846 26328 30925 3293 2448 5883 6138 1508 3336
internal_value=4.06738e-05 0.0063608 -0.0127462 -0.0157596 0.00104289 -0.0190575 0.0107783 -0.00118748 -0.00766114 0.00899449 0.000770207 0.0106887 0.00405931 0.0177541
internal_weight=19714 13199.6 6514.39 5329.08 6001.14 3772.06 7198.46 4876.19 1557.02 5757.67 1185.3 1124.95 964.242 1440.79
internal_count=167669 81766 85903 76002 46980 59417 34786 39454 16585 28776 9901 7526 7391 6010
is_linear=0
shrinkage=0.03


Tree=50
num_leaves=15
num_cat=0
split_feature=2 2 1 1 2 0 2 1 2 1 1 1 1 1
split_gain=1712.41 352.137 325.527 227.742 208.213 99.4262 95.3637 72.1953 70.2728 58.6651 54.7932 50.1054 21.5103 12.9977
threshold=0.0032149627665578229 0.0046510927379661516 1.2283440343456784 0.22548404437313982 0.00235217571412407 -0.004859409530417135 0.0080722935438988647 -0.3760446630015763 0.0017639783319164475 3.2882728992079229 -0.51469019699702712 1.5198098575172285 -0.85226924130394477 -0.085319150817296033
decision_type=8 8 10 10 10 10 10 8 10 10 10 10 10 10
left_child=2 3 4 10 13 -6 7 -3 -4 -10 -2 -5 -8 -1
right_child=1 6 8 11 5 -7 12 -9 9 -11 -12 -13 -14 -15
leaf_value=-0.027217114579867956 -0.0084378343591781386 0.0042293992445275154 -0.017691721482013926 0.0043492119303109511 -0.00021332594818316574 -0.014189494142701372 0.0091224837871834736 0.011264220710364991 0.00063080664201542349 0.02257370584905952 -0.00073920284825448174 0.013162025306585765 0.019339250794649401 -0.020691717725340682
leaf_weight=1021.8010900951922 1646.9080713093281 2115.6492336988449 157.95792269334197 2106.1176787242293 575.8253534771502 2417.8043984845281 283.35295058786869 3684.9770795851946 1007.2529211416841 114.10716248303652 1713.0506074354053 822.16261237114668 1154.1262974143028 891.74449752643704
leaf_count=20428 17243 12041 2019 13533 5443 32264 1196 16938 7727 640 14982 3970 4720 15035
internal_value=-1.07039e-06 0.00597522 -0.0130661 0.000768785 -0.0165737 -0.0115308 0.0104828 0.00872045 0.000365917 0.00309649 -0.00454439 0.00688035 0.0174437 -0.0243307
internal_weight=19712.8 13526.3 6186.49 6288.24 4907.18 2993.63 7238.11 5800.63 1279.32 1121.36 3359.96 2928.28 1437.48 1913.55
internal_count=168179 84623 83556 49728 73170 37707 34895 28979 10386 8367 32225 17503 5916 35463
is_linear=0
shrinkage=0.03


Tree=51
num_leaves=15
num_cat=0
split_feature=0 0 0 0 0 0 7 7 4 7 0 7 4 1
split_gain=676.498 659.381 137.943 102.159 95.4368 82.0245 32.9798 27.6159 22.0867 17.3745 16.8072 11.9403 9.13805 6.18334
threshold=-0.0072884544007937304 0.0069511909723140039 -0.004146248308437738 0.0033912762291906655 0.019297759693340025 -0.02089933306513236 0.11413241529301477 0.040399904069494667 0.45062500000000005 0.075800315044144514 0.04624270955055599 0.050733483445909257 0.62187500000000007 2.2735583090594309
decision_type=10 10 10 10 10 8 8 8 10 8 10 8 10 10
left_child=5 2 9 -4 6 11 -3 12 -9 -2 -6 -1 -7 -13
right_child=1 4 3 -5 10 7 -8 8 -10 -11 -12 13 -14 -15
leaf_value=0.011969465688494395 -0.0010247831349039904 0.002156542542294223 -0.010341145337405464 -0.0026389719804751767 0.011487703667793035 0.0048300810381838215 0.010599750240600709 0.013438459995493864 0.0066182774349250791 0.0057880133873127286 0.022444619828215114 0.016517711038138254 -0.0029643677417142151 0.024962105421823581
leaf_weight=513.69052414596081 1129.8477230332792 2654.5501966625452 6903.242625311017 2037.5403748676181 1252.5264349803329 1131.9510379396379 494.26090172305703 855.1574884429574 1033.2510087415576 463.67343262210488 163.69158755242825 645.26992946863174 136.88897961750627 199.21557182073593
leaf_count=2269 10068 17375 82677 19234 6015 6911 3183 4709 6164 3854 689 2824 871 856
internal_value=2.33388e-05 -0.00302115 -0.00714895 -0.00859749 0.00648591 0.0102014 0.00353021 0.00747374 0.00979289 0.00094388 0.0129447 0.0163972 0.00392565 0.0188488
internal_weight=19614.8 15099.3 10534.3 8940.78 4565.03 4515.42 3148.81 3157.25 1888.41 1593.52 1416.22 1358.18 1268.84 844.486
internal_count=167699 143095 115833 101911 27262 24604 20558 18655 10873 13922 6704 5949 7782 3680
is_linear=0
shrinkage=0.03


Tree=52
num_leaves=15
num_cat=0
split_feature=2 2 0 7 2 7 6 0 2 2 0 7 0 7
split_gain=1569.18 323.325 266.587 153.081 135.081 119.459 81.7136 63.6307 56.7509 49.5542 44.5923 24.0571 19.9861 12.4357
threshold=0.0032931053952402136 0.0045804745418079537 -0.0058341611268002405 0.15216229982414128 0.0023358565281525515 0.054753994114120151 -0.048555453613358772 -0.0049834265342041375 0.010570226405862491 0.0022415236238326618 -0.0079523074299736578 0.10529302620677816 0.003309990399575025 0.073841857531545083
decision_type=8 8 10 10 10 10 8 10 10 10 10 10 10 10
left_child=2 5 9 4 -4 7 -3 -2 -8 13 -7 -11 -5 -1
right_child=1 6 3 12 -6 10 8 -9 -10 11 -12 -13 -14 -15
leaf_value=-0.017195429303156051 0.0033483424509798431 0.018864584990133236 -0.022620324327065757 -0.0042891897052898245 -0.012268355633094655 0.012236940758590583 0.008028665903227452 -0.0064980195693611726 0.018492833911398044 0.00056852983233880911 0.0029263941906610543 0.011250567883676814 0.0099672354763505402 -0.0014090570452187561
leaf_weight=139.93979696929455 807.17336389422417 849.9655420333147 1920.7070330828428 135.42777460440993 3009.1437412984669 593.64513897150755 6059.2081555426121 2080.4007402211428 515.1929582208395 753.20881494134665 2168.8598704859614 250.52716883644462 205.85597341507673 79.379972763359547
leaf_count=1713 5282 3561 35605 1691 38256 3086 30426 18854 2107 6050 17089 1572 1650 801
internal_value=-3.60666e-05 0.00594741 -0.0120822 -0.0150054 -0.0163513 0.000525732 0.0100591 -0.00372287 0.00888463 0.000487216 0.00498573 0.00337858 0.00417816 -0.012054
internal_weight=19568.6 13074.4 6494.19 5271.13 4929.85 5650.08 7424.37 2887.57 6574.4 1223.06 2762.51 1003.74 341.284 219.32
internal_count=167743 80405 87338 77202 73861 44311 36094 24136 32533 10136 20175 7622 3341 2514
is_linear=0
shrinkage=0.03


Tree=53
num_leaves=15
num_cat=0
split_feature=0 0 1 0 0 1 0 7 7 4 1 7 4 7
split_gain=599.726 589.751 109.114 97.055 89.6801 49.1556 46.3447 32.568 31.1452 22.8242 19.6971 12.4903 10.4529 6.47445
threshold=-0.0056733203031123494 0.0051255490975993254 -0.24632725562342361 -0.023555705579258231 0.019297759693340025 1.3466660082386379 -0.0034294580918031721 0.1129829735010431 0.037807155162892299 0.47187500000000004 2.1053868503930029 0.050733483445909257 0.62437500000000012 0.039071123538253941
decision_type=10 10 8 10 10 8 10 8 8 10 10 10 10 10
left_child=3 2 6 11 7 -4 -2 -3 12 -10 -6 13 -5 -1
right_child=1 4 5 8 10 -7 -8 -9 9 -11 -12 -13 -14 -15
leaf_value=0.013400737042753328 -0.0030221865743329628 0.0010192718202041737 -0.0055552287119112901 0.0039077049428963683 0.0090120655812563986 0.0049539814057340545 -0.012262895544984049 0.0084120427036113964 0.011080540375313948 0.0052314683025954231 0.018429810960127857 0.019379991487145969 -0.0037257040035803004 0.0024221246878410644
leaf_weight=337.43332655727863 582.36054871231318 3424.7246028110385 3638.7249494828284 1417.5647230967879 1119.1509312093258 436.14559336006641 4155.6830501705408 633.57860006019473 1425.1821235977113 1181.3826917074621 276.16700433939695 670.28410336375237 166.0924665518105 78.304386742413044
leaf_count=1457 5620 24307 40166 9107 5296 3744 52551 4291 8253 7396 1304 2893 1147 344
internal_value=-4.99569e-05 -0.00324926 -0.00804642 0.00857913 0.00449239 -0.00440633 -0.0111485 0.00220601 0.00645626 0.0084826 0.0110366 0.0165815 0.00305112 0.0115793
internal_weight=19542.8 14266.5 8812.91 5276.24 5453.62 4074.87 4738.04 4058.3 4190.22 2606.56 1395.32 1086.02 1583.66 415.738
internal_count=167876 137279 102081 30597 35198 43910 58171 28598 25903 15649 6600 4694 10254 1801
is_linear=0
shrinkage=0.03


Tree=54
num_leaves=15
num_cat=0
split_feature=2 1 2 1 2 2 1 1 1 2 2 0 1 2
split_gain=1459.27 362.09 250.684 183.513 158.248 138.059 94.617 63.413 49.4787 49.2055 38.5186 29.0728 16.4412 10.4261
threshold=0.0033663546919533052 0.23601329327341466 0.005442031007640939 -0.24632725562342361 0.0017639783319164475 0.0025462049533089225 1.5582694039150586 -0.68031260900575952 2.1836158683276099 0.0042505236578338169 0.0084826783003338312 0.010305087018099403 -0.3760446630015763 0.0021062118175967973
decision_type=8 10 8 8 10 10 10 8 10 10 10 10 10 10
left_child=1 5 3 9 -3 13 -6 11 -5 -2 -9 -4 -7 -1
right_child=2 4 7 8 6 12 -8 10 -10 -11 -12 -13 -14 -15
leaf_value=-0.027420382745025285 -0.0073783028070233203 -0.02184275459105044 0.0033864848354608727 0.00510748906432156 -0.005314540877419829 -0.015016705912345768 0.0061666300926971002 0.011241661841234677 0.01630505392220135 0.00062195021787471872 0.018525224291326969 0.015660070893670056 -0.0089767287810383414 -0.020567618359545577
leaf_weight=872.63290952518582 1470.4711908772588 386.35233334451914 1140.6499525755644 4383.5643407776952 1993.7352064065635 1078.2456989921629 940.61806198954582 2842.5226617455482 386.70982258021832 1272.2973166853189 944.88572362065315 203.17075227200985 875.0187176540494 689.04082518443465
leaf_count=18438 15452 6227 5625 27070 20936 15576 6308 12396 1714 9300 3870 920 10475 13498
internal_value=-2.13604e-05 -0.0111824 0.00601173 0.00250465 -0.00403646 -0.0178858 -0.00160539 0.0111202 0.00606 -0.00365662 0.0131186 0.0053884 -0.012401 -0.0245851
internal_weight=19479.9 6835.64 12644.3 7513.04 3320.71 3514.94 2934.35 5131.23 4770.27 2742.77 3787.41 1343.82 1953.26 1561.67
internal_count=167805 91458 76347 53536 33471 57987 27244 22811 28784 24752 16266 6545 26051 31936
is_linear=0
shrinkage=0.03


Tree=55
num_leaves=15
num_cat=0
split_feature=2 1 2 1 2 2 7 1 1 1 2 0 2 0
split_gain=1389.07 340.071 280.634 163.612 139.129 118.938 97.708 95.4934 74.4926 55.7154 50.1234 45.5792 29.0417 4.64057
threshold=0.0032794510662527919 0.4276167029729297 0.0046510927379661516 0.5616575708339544 0.0024039869930330819 0.0017639783319164475 0.096630472506023884 -0.34829153175391903 1.5582694039150586 -0.44952336009472177 0.0064893139797160262 -0.0047330950965998589 0.0060445863019311158 0.013816284318143747
decision_type=8 10 8 10 10 10 10 8 10 10 10 10 10 10
left_child=1 4 3 9 -1 13 -5 12 -7 -2 -9 -6 -4 -3
right_child=2 5 7 6 11 8 -8 10 -10 -11 -12 -13 -14 -15
leaf_value=-0.025010960514814849 -0.007183320777232779 -0.021268765713580717 0.0011340256828055899 0.0025753674045314433 -0.0023599810926810657 -0.0051984343172414875 0.016259261265313556 0.0093413764439052166 0.0057876088615249378 9.6282825454908932e-05 0.015947676423737581 -0.014607031591656312 0.0074808401101810681 -0.0019939180262636626
leaf_weight=1425.036574114114 1657.0393520817161 302.70398003980517 1100.9511476308107 1375.5963091701269 340.79684580862522 1488.2069998458028 717.83428858965635 2621.7872770130634 870.24605470895767 2150.9625949338078 1881.8482098281384 1819.5082441531122 1677.126574292779 21.153682552278042
leaf_count=29964 17375 4915 6982 7865 3580 15299 3620 12278 5905 17327 7825 26634 7840 207
internal_value=-2.35466e-05 -0.0116429 0.00550071 0.00062517 -0.0176793 -0.00351622 0.00735107 0.00943757 -0.00111204 -0.00306621 0.0121443 -0.0127224 0.00500021 -0.0202869
internal_weight=19450.8 6267.65 13183.1 5901.43 3585.34 2682.31 2093.43 7281.71 2358.45 3808 4503.64 2160.31 2778.08 323.858
internal_count=167616 86504 81112 46187 60178 26326 11485 34925 21204 34702 20103 30214 14822 5122
is_linear=0
shrinkage=0.03


Tree=56
num_leaves=15
num_cat=0
split_feature=2 2 1 1 1 2 2 2 7 1 1 1 2 1
split_gain=1313.85 343.765 238.668 221.53 121.435 111.117 69.4819 68.6577 58.0573 53.5684 44.7714 43.7345 29.526 16.0901
threshold=0.0030228907372991261 0.0041748883435299448 0.94665998747284852 0.17155454455546187 0.84896355346176666 0.0023358565281525515 0.0064893139797160262 0.0017639783319164475 0.10229160609044675 3.2882728992079229 -0.74280368609487091 -0.17124088131480655 0.0065673277622668074 0.029466880634103073
decision_type=8 8 10 10 8 10 10 10 10 10 10 10 10 10
left_child=2 3 5 10 6 13 -3 -4 -5 -9 -2 -7 -6 -1
right_child=1 4 7 8 12 11 -8 9 -10 -11 -12 -13 -14 -15
leaf_value=-0.026437382251083986 -0.012476224749467801 0.003760574120578676 -0.018810253281917509 0.0015658553777532307 0.012135169315004661 -0.017404259157071486 0.010017015882776214 -0.0020815894002303523 0.010778636351040729 0.020109471784601672 -0.0044607415038650537 -0.0081154844652915545 0.020893395380138013 -0.018642445676933884
leaf_weight=988.04557802528143 992.05327954143286 4224.2509415894747 197.36172542348504 2015.7951867580414 1373.9488672912121 951.03446435183287 2630.2475780695677 1077.3770463913679 892.15244958549738 97.572436437010765 1833.0507826283574 1000.2485458850861 547.92074193060398 594.55671518296003
leaf_count=21908 12015 25194 2847 13481 5955 15659 11461 9304 5206 550 18710 12276 2278 10937
internal_value=-0.000184646 0.00435105 -0.0135921 -0.00135244 0.00808092 -0.0177096 0.00618117 -0.00289426 0.00444013 -3.39657e-05 -0.00733067 -0.012739 0.0147584 -0.0236821
internal_weight=19415.6 14509.4 4906.2 5733.05 8776.37 3533.89 6854.5 1372.31 2907.95 1174.95 2825.1 1951.28 1921.87 1582.6
internal_count=167781 94300 73481 49412 44888 60780 36655 12701 18687 9854 30725 27935 8233 32845
is_linear=0
shrinkage=0.03


Tree=57
num_leaves=15
num_cat=0
split_feature=2 2 2 7 0 7 7 6 0 6 2 7 2 0
split_gain=1249.68 236.823 228.942 137.172 112.695 77.8381 71.5021 68.1945 52.8918 50.7367 36.102 35.1105 34.7159 16.7157
threshold=0.0032931053952402136 0.005292812870999245 0.0023817632904604758 0.074519501629899718 -0.0044926411388459533 0.15535315416955706 0.12483913359018094 -0.024139744254736858 -0.0040358308070839169 -0.027250367864836807 0.011644782828630353 0.051684935685727219 0.0017989135513542737 0.0029961878196322904
decision_type=8 8 10 10 10 10 10 10 10 8 10 10 10 10
left_child=2 3 5 7 11 12 -6 -2 -5 -3 -11 -4 -1 -7
right_child=1 9 4 8 6 13 -8 -9 -10 10 -12 -13 -14 -15
leaf_value=-0.025112424684472008 0.0072485565280752135 0.01495800571777705 -0.0045513412893770401 0.012548475874688656 -0.011751711777423868 -0.0071570781654488888 0.0018353477061982166 -0.0029425705215787258 0.0039015767084469091 0.0073006784008555602 0.017560871334197269 0.0060724093989270875 -0.01654761663455093 0.014761946818867141
leaf_weight=830.7037656866014 681.81941167265177 1387.6110579222441 489.07023448124528 976.98419105261564 2467.0727085582912 42.749057587236166 394.12371448799968 3975.3540132120252 1927.6546669602394 3830.2824936658144 344.25883799791336 621.14316354319453 1304.8064584173262 62.695901852101088
leaf_count=16934 3910 5840 4314 5299 32715 598 3841 32579 13633 17728 1408 4676 23551 585
internal_value=-1.78141e-05 0.00522582 -0.0110955 0.00175553 -0.00671798 -0.0187624 -0.00985935 -0.00142538 0.00686365 0.00992134 0.00820108 0.00134003 -0.0200088 0.00550569
internal_weight=19336.3 13124 6212.37 7561.81 3971.41 2240.96 2861.2 4657.17 2904.64 5562.15 4174.54 1110.21 2135.51 105.445
internal_count=167611 80397 87214 55421 45546 41668 36556 36489 18932 24976 19136 8990 40485 1183
is_linear=0
shrinkage=0.03


Tree=58
num_leaves=15
num_cat=0
split_feature=0 0 0 0 1 7 0 7 7 1 4 1 4 4
split_gain=494.734 445.07 92.8144 86.996 67.5865 58.7506 54.1534 40.5778 33.9404 22.9475 13.1539 12.9661 12.2103 11.734
threshold=-0.006333882628523523 0.0043178310826815789 -0.0025975140828659589 0.021500853054360339 -0.48654183131879891 0.11413241529301477 -0.023555705579258231 0.057446311715997796 0.051684935685727219 3.2882728992079229 0.45187500000000008 1.8950323717228763 0.62437500000000012 0.44562500000000005
decision_type=10 10 10 10 8 8 8 8 8 10 8 10 10 10
left_child=6 2 8 5 -4 -3 11 12 -2 -5 -9 13 -8 -1
right_child=1 3 4 9 -6 -7 7 10 -10 -11 -12 -13 -14 -15
leaf_value=0.015358356105388401 -0.0055610373300609148 5.8633755557141957e-05 -0.012792640984151641 0.0093695017918923457 -0.0063979305868348173 0.0092407482767095633 0.0041981110160780313 0.012640951724367258 0.0018680577490184083 0.027352512603642052 0.0071013225652962692 0.01904983627362878 -0.0029463773960557217 0.0068458142822944911
leaf_weight=335.83426043391228 1163.0503287278116 4039.337957650423 2781.5000687874854 1086.1755914539099 3404.445949845016 735.42745335027575 1855.1871599070728 790.848399348557 1024.5811997354031 66.239267587661743 1032.137656647712 362.03534974902868 226.10167510062456 368.76611615717411
leaf_count=1430 12010 29523 37468 4989 40600 5027 11475 4358 9743 313 6042 1556 1466 1636
internal_value=-0.000131461 -0.00296875 -0.00742007 0.00331162 -0.00929899 0.00150179 0.00800863 0.006315 -0.00206164 0.0106812 0.00959311 0.014036 0.0033829 0.0111453
internal_weight=19271.7 14300.8 8373.58 5927.18 6185.95 4774.77 4970.91 3904.27 2187.63 1152.41 1822.99 1066.64 2081.29 704.6
internal_count=167636 139673 99821 39852 78068 34550 27963 23341 21753 5302 10400 4622 12941 3066
is_linear=0
shrinkage=0.03


Tree=59
num_leaves=15
num_cat=0
split_feature=2 2 7 2 6 7 6 6 2 6 5 7 6 6
split_gain=1157.67 331.266 132.034 129.167 79.2387 75.6329 60.3589 58.2934 49.2988 48.3435 30.3683 12.8268 9.0283 4.71911
threshold=0.0029576681526449233 0.0045804745418079537 0.054243039784935561 0.0017639783319164475 -0.0088996138962409415 0.123441941854011 -0.015887769494200118 -0.028105028860887945 0.0073433263091247031 -0.0084437363105402934 0.10518522450307673 0.15535315416955706 -0.059152643835604472 0.025835208701407989
decision_type=8 8 10 10 10 10 10 8 8 10 10 10 10 10
left_child=3 2 6 11 10 -6 -2 12 -9 -4 -5 13 -3 -1
right_child=1 7 9 4 5 -7 -8 8 -10 -11 -12 -13 -14 -15
leaf_value=-0.025480279260939091 0.0024166254310014857 0.016535858821359696 0.0080428783109752593 0.00088577327459330813 -0.015603289307605062 -0.00030413238414126527 -0.0068061134721080592 0.0051590466579525193 0.011459578532151741 0.00080716135607254182 -0.0097329913459408505 0 0.011163638466262 -0.0032428614440080422
leaf_weight=758.24671645835042 809.97976705431938 631.51508229970932 1276.1560265272856 561.19354197382927 2356.5174294523895 341.17298814281821 2797.2175551988184 4270.0531512349844 1563.0985657125711 2417.886870983988 403.10194127634168 16.143976934254169 1035.9811653792858 18.150338344275951
leaf_count=16091 5534 2654 8452 6069 38689 4004 27218 22486 6554 20158 4832 215 4498 232
internal_value=-0.000126056 0.00390716 -0.000634716 -0.0135202 -0.0110586 -0.0136989 -0.00471765 0.00833124 0.00687438 0.003338 -0.00354592 -0.0245396 0.0133204 -0.0250846
internal_weight=19256.4 14801.9 7301.24 4454.53 3661.99 2697.69 3607.2 7500.65 5833.15 3694.04 964.295 792.541 1667.5 776.397
internal_count=167686 97554 61362 70132 53594 42693 32752 36192 29040 28610 10901 16538 7152 16323
is_linear=0
shrinkage=0.03


Tree=60
num_leaves=15
num_cat=0
split_feature=6 0 0 6 0 0 1 7 6 4 1 4 6 7
split_gain=435.674 293.383 379.534 139.893 80.4134 60.4198 46.4739 34.9569 30.7141 29.9541 15.601 15.2828 12.5089 11.466
threshold=-0.018590878347533032 0.0057942947465003955 -0.0052425829219914779 0.010441147804512775 0.024506944546554114 -0.01616312885097498 0.76130195089509156 0.042122279824431792 -0.031959016104557307 0.44062500000000004 3.2882728992079229 0.41687500000000005 -0.063349117521078732 0.057446311715997796
decision_type=8 10 8 8 10 10 10 8 10 10 8 8 10 10
left_child=6 2 5 -4 7 -2 9 -3 -8 11 -6 -1 -11 -10
right_child=1 4 3 -5 10 -7 8 -9 13 12 -12 -13 -14 -15
leaf_value=0.0061212505810293097 0.0154831382487749 -0.0016795441710427074 -0.011203591408468971 -0.0019487947275644826 0.010251144840926081 0.0026199104072673054 0.015072546811073749 0.0040438122679065814 0.0012055490719519964 0.011053567412787438 0.025406420973576326 0.01393116112277549 0.0021655463696851739 0.010200430738475845
leaf_weight=577.66250951215625 385.5784116089344 1595.5802636183798 5605.540675919503 2020.3043211437762 783.24433633685112 2108.6541822366416 1124.208472520113 2347.1697252988815 266.00189739093184 154.7766956537962 70.746658235788345 455.48596251010895 1481.6340844556689 276.50649523735046
leaf_count=3436 1736 10890 77716 18320 3523 15119 5134 15686 1563 767 316 2380 9815 1489
internal_value=-0.00010864 -0.00254555 -0.00544274 -0.00876535 0.00355302 0.00468626 0.00824711 0.00171407 0.0122088 0.00571496 0.0118556 0.00972248 0.00310468 0.00600031
internal_weight=19253.1 14916.8 10120.1 7625.84 4796.74 2494.23 4336.28 3942.75 1666.72 2669.56 853.991 1033.15 1636.41 542.508
internal_count=167890 143306 112891 96036 30415 16855 24584 26576 8186 16398 3839 5816 10582 3052
is_linear=0
shrinkage=0.03


Tree=61
num_leaves=15
num_cat=0
split_feature=2 2 7 2 0 2 0 0 4 6 7 2 6 6
split_gain=1139.95 287.909 132.49 127.215 81.7685 76.8349 75.132 65.2092 58.8582 27.2844 20.3584 20.2266 9.92352 6.82192
threshold=0.0029311035973404779 0.0041748883435299448 0.096630472506023884 0.0017989135513542737 -0.0044926411388459533 0.0073433263091247031 0.0044259112385637298 -0.0056733203031123494 0.49312500000000009 -0.055126258735085358 0.15905407352226877 0.010570226405862491 -0.0084437363105402934 0.025835208701407989
decision_type=8 8 10 10 10 10 10 10 10 10 10 10 10 10
left_child=3 2 7 10 9 8 -6 -2 -3 -5 13 -7 -4 -1
right_child=1 5 12 4 6 11 -8 -9 -10 -11 -12 -13 -14 -15
leaf_value=-0.025804844901920726 0.0023763950479465681 0.0077625854631883469 0.0093300159820790384 0.015977554331463868 -0.017078358556306999 0.010076650121779952 -0.0056805656604608399 -0.0059122138407491703 0.0018855848990923384 -0.0044368264810480673 0.0033367439027771591 0.016984619633980704 0.0041688988054933629 -0.0029558937328895444
leaf_weight=768.94851574674249 1118.2764587551355 4267.87447784096 586.81701492518187 52.977046467363834 1870.8068546354771 1408.6517553180456 763.11534536629915 3431.0955482311547 2451.3400142714381 773.1725965924561 16.913342706859112 636.21193066239357 1012.254121568054 20.802644625306129
leaf_count=16767 7377 22686 3727 309 34879 5934 8550 34795 13492 7990 213 2628 8271 262
internal_value=-0.000185376 0.00372498 -0.00124273 -0.0138431 -0.0112509 0.00721436 -0.0138328 -0.0038609 0.00563341 -0.00288056 -0.0246146 0.0123273 0.00614639 -0.0253225
internal_weight=19179.3 14912.5 6148.44 4266.74 3460.07 8764.08 2633.92 4549.37 6719.21 826.15 806.665 2044.86 1599.07 789.751
internal_count=167880 98910 54170 68970 51728 44740 43429 42172 36178 8299 17242 8562 11998 17029
is_linear=0
shrinkage=0.03


Tree=62
num_leaves=15
num_cat=0
split_feature=2 1 2 1 2 2 1 1 1 1 6 6 1 2
split_gain=1063.5 283.444 188.65 155.487 106.458 104.871 66.0725 63.092 61.4451 43.9385 37.9968 25.8814 21.8558 20.7668
threshold=0.0032794510662527919 0.23601329327341466 0.0047080774960687015 -0.49575893374843644 0.0025593995991118391 0.0019877204066549993 1.5582694039150586 1.0760015873782804 1.3795207401498819 -1.1157553471436126 -0.0061732950896438146 0.024591279000317105 -0.3760446630015763 0.0071915022378682041
decision_type=8 10 8 10 10 10 10 10 10 8 10 10 10 10
left_child=1 4 3 10 -1 11 -7 9 -5 -4 -2 -3 -6 -9
right_child=2 5 7 8 12 6 -8 13 -10 -11 -12 -13 -14 -15
leaf_value=-0.023139131116683115 -0.00029658742779791798 -0.017962959966976232 0.00048308317202637658 0.0019085756916792473 -0.014839049177084724 -0.0046680787331317003 0.005784859339103954 0.011823022710358155 0.010516757798674437 0.0079293903251838656 -0.010273480181762546 0.0015386946631224352 -0.0073010693781726203 0.022166582118156076
leaf_weight=1397.5274793580174 520.11904885619879 487.97817154973745 846.59162028133869 3565.8979225903749 848.49997568503022 1656.4692221917212 795.4521295055747 695.16348861157894 945.81847333163023 5253.5060902684927 1083.8318631574512 61.757286835461855 716.05583195015788 294.63820844888687
leaf_count=32315 4887 8422 4533 26144 13335 17662 5209 2887 4493 24844 12148 665 9110 1262
internal_value=8.27172e-06 -0.0104932 0.00475972 0.000885176 -0.0170686 -0.0039495 -0.00124284 0.00808746 0.0037457 0.00690827 -0.0070973 -0.0156766 -0.0114955 0.015153
internal_weight=19169.3 5963.74 13205.6 6115.67 2962.08 3001.66 2451.92 7089.9 4511.72 6100.1 1603.95 549.735 1564.56 989.802
internal_count=167916 86718 81198 47672 54760 31958 22871 33526 30637 29377 17035 9087 22445 4149
is_linear=0
shrinkage=0.03


Tree=63
num_leaves=15
num_cat=0
split_feature=6 6 1 6 6 7 6 1 4 4 4 1 4 1
split_gain=379.588 258.97 119.873 71.4877 64.3927 61.7233 58.8297 33.0248 27.1834 21.7575 17.2303 15.0941 13.4907 13.2273
threshold=-0.013967417575902806 0.017407800205788252 -0.17124088131480655 0.045492492248119916 -0.033090458182147835 0.048399561361017633 -0.0075500259620175916 2.2735583090594309 0.44312500000000005 0.46062500000000006 0.67187500000000011 2.484476637731575 0.41687500000000005 0.36442101041522451
decision_type=10 10 8 10 10 8 10 10 10 10 10 8 8 10
left_child=4 2 6 11 7 -4 -2 9 12 -1 -5 -3 -6 -10
right_child=1 3 5 10 8 -7 -8 -9 13 -11 -12 -13 -14 -15
leaf_value=0.011974095801030515 -0.00069212707055815715 0.00036709838175666881 -0.005716457320362734 0.0099881687644156805 0.0045203547490666471 0.0011112125571671244 -0.010254598365325919 0.020730766844908825 -0.0006299344499595842 0.0056232358164433546 -0.0048788773344036708 0.0096532272999153689 0.01158330476919987 0.0045449667955024566
leaf_weight=1171.0320174284279 697.06731764599681 2955.1637616977096 2186.1919690594077 1265.1987809836864 659.84020278602839 2574.6405483558774 3912.4559552595019 260.6818725541234 1050.8791083395481 962.74944650381804 62.93887647613883 157.83476345986128 449.25430445373058 737.933937150985
leaf_count=5607 7485 20933 23560 6296 4551 23930 52370 1133 8134 5241 362 837 2827 4527
internal_value=6.46982e-05 -0.00255003 -0.00537879 0.00340356 0.00689161 -0.00201691 -0.00882615 0.0105401 0.00383047 0.00917621 0.0092076 0.000886537 0.00751286 0.0014849
internal_weight=19103.9 13811.5 9370.36 4441.14 5292.37 4760.83 4609.52 2394.46 2897.91 2133.78 1328.14 3113 1109.09 1788.81
internal_count=167793 135773 107345 28428 32020 47490 59855 11981 20039 10848 6658 21770 7378 12661
is_linear=0
shrinkage=0.03


Tree=64
num_leaves=15
num_cat=0
split_feature=0 0 6 6 0 0 6 6 6 6 4 7 7 3
split_gain=377.679 399.356 243.997 159.257 60.5911 46.3247 40.73 35.1003 30.485 21.5158 17.8019 14.6571 14.3913 12.6715
threshold=-0.006158752378700282 0.0043178310826815789 -0.009374010626151728 0.012401231907222867 0.018387226209576338 -0.014823901634883506 -0.0065452037162145862 -0.024872446401529299 0.013313655389284309 -0.03094719683050506 0.47187500000000004 0.068224471038188864 0.088031020552965106 -1.153510104586372
decision_type=8 10 10 10 10 10 10 8 10 8 8 8 8 10
left_child=5 2 7 -4 6 10 -3 -2 -6 -7 13 -11 -12 -1
right_child=1 4 3 -5 8 9 -8 -9 -10 11 12 -13 -14 -15
leaf_value=0 0.007495855818682169 0.0087516155622596754 -0.012516842946554028 -0.0011497279936065713 0.018135662625325531 0.009856351978358182 0.0004414718694995246 -0.00068532299531305055 0.0065305172184813923 0.0011943550300938827 0.0038863646651791767 0.0063501624333223644 0.011584839497869853 0.013446422473974595
leaf_weight=72.317608542740345 723.37651704624295 611.46953012421727 4602.5873016119003 1479.123743571341 249.43475440889597 534.66707206517458 3784.3172530643642 1288.6198887117207 1303.1917759366333 1425.2044468186796 604.64287640154362 789.77310166880488 386.00701162219048 1214.9607598036528
leaf_count=333 4961 3636 68294 12968 1090 2859 28967 13209 6255 10010 2912 4994 1801 5500
internal_value=8.49621e-05 -0.00243842 -0.00677465 -0.00976854 0.00345307 0.00713559 0.0016283 0.00224892 0.00853745 0.00445031 0.0103171 0.00307996 0.00703183 0.0127254
internal_weight=19069.7 14042.1 8093.71 6081.71 5948.41 5027.57 4395.79 2012 1552.63 2749.64 2277.93 2214.98 990.65 1287.28
internal_count=167789 139380 99432 81262 39948 28409 32603 18170 7345 17863 10546 15004 4713 5833
is_linear=0
shrinkage=0.03


Tree=65
num_leaves=15
num_cat=0
split_feature=2 1 2 1 2 1 1 2 2 1 1 2 1 0
split_gain=984.895 245.098 181.963 130.219 109.199 83.9703 72.276 71.9315 45.0768 33.678 30.4103 24.4841 9.80433 7.60297
threshold=0.0032013059292748292 0.069389573707070745 0.0042240118865713439 0.17155454455546187 0.0017639783319164475 1.8385319234672457 0.83049701434399903 0.0025462049533089225 0.0061243861919275519 1.5198098575172285 -0.74280368609487091 0.0069216452242156648 3.2882728992079229 -0.0039258010509891075
decision_type=8 10 8 10 10 10 10 10 8 10 10 10 10 10
left_child=1 7 3 10 12 -6 8 -1 -4 -5 -2 -8 -3 -9
right_child=2 4 6 9 5 -7 11 13 -10 -11 -12 -13 -14 -15
leaf_value=-0.023334499020002925 -0.0096970660767831465 -0.021131282389518578 0.0031205027554790207 0.0023220544277657257 -0.0058186267371831205 0.0066846757096801655 0.010108816324186053 -0.0062211295359431056 0.0080460914188617231 0.010118064334477941 -0.0026108120347956504 0.018680620399067958 0 -0.013678721252352056
leaf_weight=1177.3460358604789 856.65257345885038 358.05461661890149 3489.5130097493529 1796.1010326892138 2097.8982368893921 614.39162785559893 1329.305695399642 206.12875325977802 3342.4671386778355 702.80249936878681 1592.7796092256904 447.09574799239635 17.470691703259945 986.46370321884751
leaf_count=28610 10443 7069 21133 12081 24404 3973 5732 2441 14667 3384 15744 1904 178 15770
internal_value=1.12533e-05 -0.0107349 0.00434664 -0.000226386 -0.00511151 -0.00295017 0.00697952 -0.0179841 0.0055473 0.00457014 -0.00514287 0.0123923 -0.020085 -0.0125021
internal_weight=19014.5 5457.75 13556.7 4948.34 3087.82 2712.29 8608.38 2369.94 6831.98 2498.9 2449.43 1776.4 375.525 1192.59
internal_count=167533 82445 85088 41652 35624 28377 43436 46821 35800 15465 26187 7636 7247 18211
is_linear=0
shrinkage=0.03


Tree=66
num_leaves=15
num_cat=0
split_feature=2 2 2 7 0 7 0 7 2 0 2 7 0 0
split_gain=945.887 189.42 172.161 107.155 102.682 68.3841 53.5757 51.5083 34.0661 32.426 24.7708 20.0217 18.9206 16.7447
threshold=0.0032794510662527919 0.0024039869930330819 0.0061243861919275519 0.074519501629899718 -0.0043740936573993241 0.15216229982414128 -0.0051109007468804193 0.11188711026338242 0.0017639783319164475 -0.0040358308070839169 0.010570226405862491 0.041253472623327521 0.0029961878196322904 -0.023555705579258231
decision_type=8 10 8 10 10 10 10 10 10 10 10 10 10 8
left_child=1 5 3 6 11 8 -2 -6 -1 -5 13 -3 -7 -4
right_child=2 4 10 9 7 12 -8 -9 -10 -11 -12 -13 -14 -15
leaf_value=-0.024220297497033787 0.0040950148628896869 -0.0035435382175656419 0.015103059990948976 0.010358803334832283 -0.011144555168571994 -0.0085366685778689895 -0.0022848972531191373 -0.00016111776061232612 -0.015320472713674871 0.0041229536410685146 0.015126156887630783 0.0048346375152308616 0.013875050863977226 0.0076950444471970674
leaf_weight=692.32049348577857 1669.867630392313 386.8549238294363 329.45285701751709 1181.9285092949867 2125.0653495229781 47.19258364289999 3995.3441610261798 482.5615866817534 1307.9248885251582 2247.8527514189482 643.02782924473286 696.33859955891967 69.337947074323893 3102.1830508559942
leaf_count=16149 9680 3476 1393 6132 29853 705 32210 4958 25445 15249 2672 5279 650 13661
internal_value=0 -0.0100788 0.00444444 0.00213545 -0.00592439 -0.0172322 -0.000389892 -0.00914329 -0.0185359 0.00631318 0.00956577 0.0017825 0.0043672 0.0084655
internal_weight=18977.3 5807.6 13169.7 9094.99 3690.82 2116.78 5665.21 2607.63 2000.25 3429.78 4074.66 1083.19 116.531 3431.64
internal_count=167512 86515 80997 63271 43566 42949 41890 34811 41594 21381 17726 8755 1355 15054
is_linear=0
shrinkage=0.03


Tree=67
num_leaves=15
num_cat=0
split_feature=0 0 6 6 0 0 7 1 4 7 1 0 6 7
split_gain=324.946 370.7 191.298 121.542 59.7161 53.241 41.5051 33.2224 26.0854 24.0873 12.8642 11.7481 12.1988 9.86691
threshold=-0.0056733203031123494 0.0043178310826815789 -0.0084437363105402934 0.010441147804512775 0.024506944546554114 -0.02089933306513236 0.10957987532263623 0.4276167029729297 0.48187500000000005 0.0099633420119804462 3.2882728992079229 -0.04746787826079412 -0.022091074454356981 0.092180867337696967
decision_type=10 10 10 10 10 8 8 8 10 10 8 10 10 10
left_child=5 2 7 -4 6 11 -3 -2 9 -7 -6 -1 -13 -10
right_child=1 4 3 -5 10 8 -8 -9 13 -11 -12 12 -14 -15
leaf_value=0.019677115635886092 -0.0010058391702836237 0.00050283800983154337 -0.01246534110345692 -0.002775538698899775 0.0088294822431786175 -0.0017727101268864359 0.0076411396407206223 0.0081455843345744731 -2.313490356224115e-05 0.0075168862943285914 0.022602635248017842 0.0083785528718868987 0.01683250259249227 0.0051342930545483995
leaf_weight=151.12264108657837 1579.7563384026289 4116.9028167463839 4066.8815564773977 1665.1679831147194 823.37679485976696 270.7353443056345 888.59361474215984 448.18270321190357 1173.0133228413761 2049.4189663045108 69.811092168092728 998.3237110376358 215.5967523753643 444.39453987404704
leaf_count=662 15478 29797 63190 15412 3681 1743 5908 3643 7749 12369 308 4428 915 2657
internal_value=-0.000114276 -0.00256443 -0.00687209 -0.00967063 0.00309437 0.0061786 0.00179473 0.00101727 0.00436431 0.00640419 0.0102108 0.0112986 0.0100543 0.00137988
internal_weight=18961.3 13658.7 7759.99 5732.05 5898.68 5302.61 5005.5 2027.94 3937.56 2320.15 893.188 1365.04 1213.92 1617.41
internal_count=167940 137417 97723 78602 39694 30523 35705 19121 24518 14112 3989 6005 5343 10406
is_linear=0
shrinkage=0.03


Tree=68
num_leaves=15
num_cat=0
split_feature=2 2 1 1 1 7 1 2 2 1 1 0 1 2
split_gain=909.26 258.773 203.279 153.597 71.1558 67.1632 62.7154 52.9028 48.1364 39.9769 35.1526 26.784 17.0705 2.35897
threshold=0.0028756279559095919 0.004283565586432057 0.52034671953123335 0.20332472955456996 3.2882728992079229 0.099443182984050318 -0.52500638080014117 0.0017372338072111071 0.00235217571412407 1.8385319234672457 -0.56290049079137139 0.0073254301669652975 -0.21810803241039053 0.0019736335366390503
decision_type=8 8 10 10 10 10 8 10 10 10 10 10 10 10
left_child=2 3 8 10 7 -5 11 -4 13 -8 -2 -3 -10 -1
right_child=1 6 4 5 -6 -7 9 -9 12 -11 -12 -13 -14 -15
leaf_value=-0.0258384004971598 -0.0091563505752977788 0.0011921442520181397 -0.019620361444468618 0.00044297412460660791 0.018545714836891061 0.0095088438733388833 0.0077243445075619449 -0.0040007916917304638 -0.017642483622259484 0.017150367003007892 -0.0028683374249074065 0.0087626909956826909 -0.0092305947683617457 -0.019885523284935765
leaf_weight=627.92148273065686 1472.4573003649712 2035.2058000639081 227.33324952051044 2312.2048533558846 98.569868415594101 1079.7984245121479 5419.4102330282331 1264.6396890245378 575.36958816275001 450.4685290902853 1852.8107866048813 530.95479562878609 484.01597280427814 525.53103938698769
leaf_count=16477 18885 12062 4292 15646 658 6123 25494 13397 11234 1911 18945 2654 7366 12798
internal_value=-1.44293e-05 0.00327558 -0.0131123 -0.00110976 -0.0048375 0.00336608 0.00677172 -0.00653549 -0.0189846 0.00848586 -0.00568982 0.00280976 -0.0139776 -0.023372
internal_weight=18956.7 15153.3 3803.38 6717.27 1590.54 3392 8436.04 1491.97 2212.84 5869.88 3325.27 2566.16 1059.39 1153.45
internal_count=167942 101720 66222 59599 18347 21769 42121 17689 47875 27405 37830 14716 18600 29275
is_linear=0
shrinkage=0.03


Tree=69
num_leaves=15
num_cat=0
split_feature=0 0 6 6 0 0 6 7 4 7 1 7 6 1
split_gain=287.947 318.463 162.562 132.012 38.9688 38.3807 28.5776 26.3283 23.4687 20.4119 17.6584 13.2371 13.224 12.127
threshold=-0.0056733203031123494 0.0069511909723140039 -0.009141063269318293 0.010174602068515172 0.026467819734381618 -0.02089933306513236 -0.063349117521078732 0.11413241529301477 0.47687500000000005 0.0099633420119804462 2.3702013067977661 0.15535315416955706 -0.022730622876990122 2.1836158683276099
decision_type=10 8 10 10 10 8 10 8 10 8 10 10 10 10
left_child=5 2 6 -4 7 10 -2 -3 9 -7 12 -10 -1 -6
right_child=1 4 3 -5 13 8 -8 -9 11 -11 -12 -13 -14 -15
leaf_value=0.0064029853150449354 0.01693150206147993 0.0015328375328484355 -0.010883368790903656 -0.0020431113109015062 0.0076890078996261256 -0.0016530737860183517 0.00070464222423694369 0.0081623425097367124 0.00076224163880155189 0.0071788793186036877 0.017265609407034036 0.012431772631678703 0.01531789660683607 0.0173837086083851
leaf_weight=900.91474376618862 93.490457534790039 3157.5959820225835 4614.599084187299 2300.1519919410348 582.50119556486607 250.15063675120473 2013.1793731041253 652.83954632282257 1591.3928986079991 2043.7069016844034 264.66871337592602 84.121033642441034 199.54327946156263 172.98584938794374
leaf_count=4014 473 19924 70185 21115 2571 1650 18474 3920 10301 12186 1154 472 850 763
internal_value=-0.000146955 -0.00246892 -0.005737 -0.00795857 0.00397351 0.00574959 0.0015297 0.00270276 0.00421273 0.0061867 0.0101115 0.001454 0.00819692 0.0101853
internal_weight=18921.8 13587.3 9021.42 6914.75 4565.92 5334.5 2106.67 3810.44 3969.37 2293.86 1365.13 1675.51 1100.46 755.487
internal_count=168052 137425 110247 91300 27178 30627 18947 23844 24609 13836 6018 10773 4864 3334
is_linear=0
shrinkage=0.03


Tree=70
num_leaves=13
num_cat=0
split_feature=6 0 0 6 0 6 6 6 0 7 1 1
split_gain=258.85 212.92 270.645 76.4394 48.3161 42.9488 39.0052 34.1821 19.7004 14.4872 8.22426 4.7401
threshold=-0.019713223789592501 0.0059524329161042564 -0.0052425829219914779 0.017407800205788252 -0.014823901634883506 0.053059060985795277 -0.068807594727604546 0.005098681972713238 0.012453430536371603 0.051684935685727219 2.1053868503930029 2.2735583090594309
decision_type=10 10 8 10 10 10 8 10 10 10 8 10
left_child=6 2 4 -4 -2 7 11 -3 9 -8 -7 -1
right_child=1 5 3 -5 -6 10 8 -9 -10 -11 -12 -13
leaf_value=0.011509041759352074 0.01192570936739719 0.0073502013923451778 -0.0088718092686686303 -0.00074519279637004336 0.0016765040737339826 0.0076897696008765186 0.0026135973439256862 0.00044103924513620051 0.01749073614521535 0.0066118486316866917 0.016349408392835801 0.020438208835870161
leaf_weight=493.27375648915768 514.2609528452158 807.92643125727773 6067.6054840050638 1279.3211844526231 2090.9169005975127 645.93121937662363 1641.7697365768254 3153.2890384756029 108.41685146093369 1806.1134794652462 145.5224012285471 108.70066261291504
leaf_count=2185 2378 5180 86741 10429 15158 3049 9636 20962 461 10420 625 471
internal_value=-0.000153536 -0.00202599 -0.00452171 -0.00746781 0.0037605 0.00318597 0.00644256 0.0018803 0.00519197 0.00473843 0.00954099 0.0135271
internal_weight=18863 14704.8 9952.1 7346.93 2605.18 4752.67 4158.27 3961.22 3556.3 3447.88 791.454 601.974
internal_count=167695 144522 114706 97170 17536 29816 23173 26142 20517 20056 3674 2656
is_linear=0
shrinkage=0.03


Tree=71
num_leaves=15
num_cat=0
split_feature=2 2 1 1 2 1 2 6 1 1 2 1 1 2
split_gain=816.094 215.445 180.449 154.795 92.3431 51.9856 44.8395 39.7885 36.6335 33.6913 28.7145 26.1711 17.238 7.68932
threshold=0.0029311035973404779 0.0042505236578338169 1.2283440343456784 0.17155454455546187 0.00235217571412407 1.9610083703676942 0.0073433263091247031 -0.009141063269318293 1.5198098575172285 -0.16177798398710028 0.0016809067096505068 3.0063222569592827 0.41454519896616304 0.0062969978145501143
decision_type=8 8 10 10 10 10 10 10 10 10 10 10 10 10
left_child=2 3 4 7 12 6 -3 -2 -5 -6 -4 -12 -1 -7
right_child=1 5 10 8 9 13 -8 -9 -10 -11 11 -13 -14 -15
leaf_value=-0.023388723978487926 -0.00033531851902324065 0.004489911598543987 -0.014383089518222269 0.001459624044727363 -0.015548696317141378 0.012665362775346693 0.0097493742068754385 -0.0080005507662420927 0.0084902820457553024 -0.0064119473286373138 -0.00099224498940986674 0.012881823156524919 -0.014714359768339631 0.024110173188402789
leaf_weight=1051.6893797032535 868.30712657794356 6182.7241033613682 108.97709666565061 2329.9286965206265 673.584023732692 256.41894769668579 1962.379940032959 2183.1659313440323 944.64310435205698 903.67215858399868 696.98785213008523 136.87353586405516 405.39990695938468 125.46506172418594
leaf_count=27990 8135 32899 1739 16374 13086 1071 8225 26943 4642 11714 6104 813 7479 557
internal_value=-3.17266e-05 0.00319815 -0.0120867 -0.000988068 -0.0156392 0.00630839 0.00577482 -0.0058472 0.00352576 -0.0104251 -0.00054654 0.00133967 -0.0211329 0.0170979
internal_weight=18830.2 14853 3977.18 6326.04 3034.35 8526.99 8145.1 3051.47 3274.57 1577.26 942.838 833.861 1457.09 381.884
internal_count=167771 98846 68925 56094 60269 42752 41124 35078 21016 24800 8656 6917 35469 1628
is_linear=0
shrinkage=0.03


Tree=72
num_leaves=15
num_cat=0
split_feature=2 2 2 7 0 0 4 0 4 7 6 7 6 7
split_gain=750.21 191.653 112.659 78.2395 61.2817 66.1544 54.0382 45.2904 40.7181 39.2412 36.3559 14.4429 7.20585 5.38384
threshold=0.0029038696640386469 0.0040341021866642781 0.0017639783319164475 0.054243039784935561 -0.0047330950965998589 0.0044259112385637298 0.52062500000000012 -0.013122764472455693 0.48937500000000006 0.075146926839640513 -0.0077722197793992356 0.15905407352226877 0.025835208701407989 0.13507389778673481
decision_type=8 8 10 10 10 10 10 8 10 10 10 10 10 8
left_child=2 3 11 6 9 -6 -2 13 -9 -4 -5 12 -1 -3
right_child=1 7 4 10 5 -7 -8 8 -10 -11 -12 -13 -14 -15
leaf_value=-0.024288591276692931 -0.0019500950885350951 0.0093276579443345754 -0.0071240525220014625 0.0064726825057621748 -0.015068721036902533 -0.0040391301506189081 -0.010935189225914037 0.0062873947219436429 0.0016629770432708857 0.0067071108618825146 -0.000425938268886535 0.0023657615206501685 -0.0006799323544044452 0.015987525718323594
leaf_weight=632.91471704468131 1854.6775304041803 1539.611811876297 479.84247983247042 1066.5090982429683 1665.8042700067163 727.89532663300633 902.62724728509784 4875.7130783721805 2715.9490888267756 283.68848943710327 1859.8373695574701 13.5620268471539 17.78772359341383 167.51627948880196
leaf_count=16178 18093 6600 5168 7346 34994 8454 9392 25677 15653 2538 16884 180 236 703
internal_value=-1.23249e-05 0.00301214 -0.0118625 -0.00131806 -0.00941281 -0.0117705 -0.00494201 0.00566388 0.00464525 -0.00188727 0.00208132 -0.0231046 -0.0237541 0.0101054
internal_weight=18803.9 14982.4 3821.5 5683.65 3157.23 2393.7 2757.3 9298.79 7591.66 763.531 2926.35 664.264 650.702 1707.13
internal_count=168096 100348 67748 51715 51154 43448 27485 48633 41330 7706 24230 16594 16414 7303
is_linear=0
shrinkage=0.03


Tree=73
num_leaves=15
num_cat=0
split_feature=2 2 2 0 7 7 6 2 6 7 7 0 0 7
split_gain=726.455 158.588 138.177 100.415 85.6792 75.8935 36.1326 32.9027 30.2528 30.1058 13.9462 11.9435 6.20128 6.15092
threshold=0.0032013059292748292 0.0017639783319164475 0.0046510927379661516 -0.0047330950965998589 0.123441941854011 0.10957987532263623 -0.051652259568160545 0.010570226405862491 -0.0073501681634677843 0.050733483445909257 0.15905407352226877 -0.0084403072407728801 0.014872349589777569 0.014051410670454371
decision_type=8 10 8 10 10 10 8 8 10 10 10 10 10 8
left_child=1 10 5 9 -5 8 13 -8 -2 -3 12 -7 -1 -4
right_child=2 3 6 4 -6 11 7 -9 -10 -11 -12 -13 -14 -15
leaf_value=-0.024228711695271739 0.0019720576345363268 -0.0050851960572356652 0.0035218557827657944 -0.011950271244699332 0.0016664520773698233 0.012296176150887534 0.0050953091920074621 0.012370504129184723 -0.0028791808772467239 0.0043942651303580955 0.0023964286578292554 0.0051948984424521009 0 0.013808133385971885
leaf_weight=626.59062961861491 1776.4803193435073 540.48178582638502 83.086056798696518 2883.9568889923394 474.21291234716773 314.80266010016203 5936.3051743134856 631.5116261690855 3230.5902286879718 656.19896855205297 12.752393763512371 909.98688795417547 12.616207923740147 676.13752089440823
leaf_count=16357 12685 5354 352 49980 5437 1466 28953 2594 29468 5403 172 6619 137 2890
internal_value=0.000119781 -0.00939139 0.00378086 -0.00735807 -0.0100104 0.00048477 0.00657161 0.0058217 -0.00114553 5.64748e-05 -0.0231806 0.0071535 -0.0238123 0.0128209
internal_weight=18765.7 5206.81 13558.9 4554.85 3358.17 6231.86 7327.04 6567.82 5007.07 1196.68 651.959 1224.79 639.207 759.224
internal_count=167867 82840 85027 66174 55417 50238 34789 31547 42153 10757 16666 8085 16494 3242
is_linear=0
shrinkage=0.03


Tree=74
num_leaves=15
num_cat=0
split_feature=2 2 1 1 1 2 2 7 0 1 7 7 1 1
split_gain=713.715 221.026 159.549 139.929 65.6834 57.6635 46.7804 39.5769 34.749 29.8888 28.9847 20.7506 19.076 12.5302
threshold=0.0027195488069857018 0.0038915564186724851 1.1012185922268034 0.17155454455546187 -0.76430550749430837 0.0065673277622668074 0.0020882479789558219 0.050733483445909257 0.010609471995480126 -0.56290049079137139 0.079770124052300051 0.081902334043703937 2.2735583090594309 3.2882728992079229
decision_type=8 8 10 10 8 10 10 10 10 10 10 10 10 10
left_child=2 3 6 9 8 -6 -1 -5 -3 -2 13 -8 -12 -4
right_child=1 4 10 7 5 -7 11 -9 -10 -11 12 -13 -14 -15
leaf_value=-0.022803815408125292 -0.010677555625048015 -0.00064577190692684662 -0.0080454037028599677 -0.0019513018617810941 0.0048730295605590047 0.010577834806997413 -0.015878430119038989 0.0049926868185953847 0.011566902727870003 -0.0041640373834638741 -0.00038096774559466133 -0.0068700076780693134 0.014002436282619558 0.0068741615900239058
leaf_weight=906.56659493967891 1178.3663513585925 1942.7730656713247 435.81080400943756 1191.46481911093 5515.2745526954532 2306.3038535267115 956.03879199549556 1877.119199000299 224.28538148105145 1503.6720726527274 207.20408036187291 368.86061183363199 119.92363632470369 45.117297444492579
leaf_count=24310 16996 12798 5154 8981 29940 9751 19705 12358 1105 17274 2148 6525 805 340
internal_value=2.16215e-05 0.002597 -0.0132593 -0.00207867 0.00529424 0.00657419 -0.0173829 0.00227942 0.000637976 -0.0070771 -0.00172524 -0.0134856 0.00497289 -0.00641202
internal_weight=18778.8 15739.3 3039.52 5750.62 9988.64 7821.58 2231.47 3068.58 2167.06 2682.04 808.056 1324.9 327.128 480.928
internal_count=168190 109203 58987 55609 53594 39691 50540 21339 13903 34270 8447 26230 2953 5494
is_linear=0
shrinkage=0.03


Tree=75
num_leaves=15
num_cat=0
split_feature=0 0 6 6 0 0 6 6 1 1 6 4 4 5
split_gain=227.854 269.361 150.328 92.4684 44.8808 34.0009 28.9482 24.8454 20.8234 19.7495 12.6539 10.8908 10.0201 6.9374
threshold=-0.0056733203031123494 0.0043178310826815789 -0.009141063269318293 0.0094117098877113409 0.018387226209576338 -0.013675986149512763 -0.0065452037162145862 0.011245078459495518 2.3702013067977661 -0.18041914787823304 -0.029977913567287292 0.48812500000000009 0.48187500000000005 1.1935769763654422
decision_type=10 10 10 10 10 8 10 10 10 8 8 8 10 10
left_child=5 2 9 -4 6 8 -3 -6 12 -2 13 -12 -1 -7
right_child=1 4 3 -5 7 10 -8 -9 -10 -11 11 -13 -14 -15
leaf_value=0.0081870552023701679 -0.0015410417143880311 0.0070666416522705538 -0.011039596585415985 -0.0026386436882672912 0.016357297047852153 0.0082439936413233675 4.5571464245557586e-05 0.0053249437711010107 0.014706788989754168 0.0045216853529501909 0.0035383117392682978 -0.00064850297355640923 0.0037709156861363666 -0.001673589915719741
leaf_weight=1353.5627848468721 997.03950916603208 608.59429192915559 3802.6717137116939 1748.5368731319904 217.14445916563272 473.04796774312854 3753.8844853751361 1345.2033834122121 342.80273082852364 906.06219790875912 1352.4349214844406 908.05969928577542 841.82160363718867 58.411821708083153
leaf_count=6265 9727 3593 62797 16939 944 2523 28888 6424 1560 7994 9443 6413 4120 322
internal_value=-3.4621e-05 -0.00212751 -0.00592155 -0.00841373 0.00263778 0.00520162 0.0010527 0.00699072 0.00772483 0.00132259 0.00286697 0.00183456 0.00654567 0.00703238
internal_weight=18709.3 13379.1 7454.31 5551.21 5924.83 5330.14 4362.48 1562.35 2538.19 1903.1 2791.95 2260.49 2195.38 531.46
internal_count=167952 137306 97457 79736 39849 30646 32481 7368 11945 17721 18701 15856 10385 2845
is_linear=0
shrinkage=0.03


Tree=76
num_leaves=15
num_cat=0
split_feature=6 6 0 0 6 6 4 6 0 1 7 4 1 5
split_gain=213.965 190.852 133.228 153.322 54.393 52.9298 28.3962 26.0817 25.8222 16.4698 15.6025 12.2258 4.19927 1.98071
threshold=-0.0082139277780974834 0.017814039670330576 -0.0056733203031123494 0.0042149997397984426 0.045492492248119916 -0.068807594727604546 0.46562500000000007 -0.024872446401529299 -0.013122764472455693 1.9610083703676942 0.090529872613743803 0.67187500000000011 1.0089680515130131 0.47316174473383638
decision_type=8 10 8 10 10 10 10 10 10 8 10 10 10 10
left_child=5 2 8 -4 9 12 7 -7 -2 -3 -8 -6 -1 -14
right_child=1 4 3 -5 11 6 10 -9 -10 -11 -12 -13 13 -15
leaf_value=0.0089509692108341813 0.012558026218340419 -0.00036984823231589242 -0.010138804091503247 -0.00035532482199858559 0.0082918350550665945 0.0083474421823856258 -1.8764168905912845e-05 0.0027527081446564947 0.0016732253182499676 0.0070415079090550272 0.0048168298974888184 -0.0039505983533541069 0.017497098725601831 0.0077067833760074778
leaf_weight=275.21661795675755 255.98402908816934 2742.6230347678065 4355.3380462434143 2172.9497842639685 1264.0041077882051 1472.07369312644 2147.788216881454 1637.0103885754943 831.91575825959444 288.28941063210368 810.69496038928628 65.39985828846693 240.45568662881851 73.308074459433556
leaf_count=1233 1184 19550 69378 18279 6245 7662 16219 13437 5948 1575 5305 371 1064 324
internal_value=-9.79077e-06 -0.00240918 -0.00527472 -0.00689706 0.00258295 0.00429535 0.00343524 0.00543918 0.00438013 0.0003362 0.00129785 0.00761978 0.0128506 0.0157037
internal_weight=18633.1 11976.5 7616.19 6528.29 4360.32 6656.55 6067.57 3109.08 1087.9 3030.91 2958.48 1329.4 588.98 313.764
internal_count=167774 122530 94789 87657 27741 45244 42623 21099 7132 21125 21524 6616 2621 1388
is_linear=0
shrinkage=0.03


Tree=77
num_leaves=15
num_cat=0
split_feature=2 2 1 1 1 2 2 1 7 7 2 1 1 1
split_gain=676.293 185.205 167.287 114.157 59.3539 54.6012 48.9324 42.6622 41.4523 33.6245 25.5514 18.5733 17.948 5.64616
threshold=0.0028756279559095919 0.0038915564186724851 0.52034671953123335 -0.17124088131480655 -0.80747704338311976 0.0017639783319164475 0.0021062118175967973 2.2735583090594309 0.042122279824431792 0.15535315416955706 0.005336873009065009 -0.90785040659484306 -0.21810803241039053 3.2882728992079229
decision_type=8 8 10 10 8 10 10 10 10 10 10 10 10 10
left_child=2 3 6 11 10 13 -1 -6 -5 -7 -3 -2 -8 -4
right_child=1 4 5 8 7 9 12 -9 -10 -11 -12 -13 -14 -15
leaf_value=-0.023702996831768842 -0.012294661992470157 -0.0034019162065170331 -0.018359658051310311 -0.0029782267389381425 0.0060557419214440555 -0.0032445951924329275 -0.016850267290762586 0.017651701211651712 0.0039557886034229392 0.011975121956078451 0.003476742731275833 -0.0054895572550230113 -0.0091113418125584149 0
leaf_weight=718.22706668451428 587.99693318456411 798.16988153755665 216.23960073292255 1171.8815703839064 7661.84840849787 1171.1562362164259 703.7962801232934 296.25929087400436 2220.7318378202617 136.00470678135753 1198.6703238412738 1149.922259517014 591.5522388368845 16.878584690392017
leaf_count=21126 8654 7039 4449 9459 39264 12596 16288 1277 15549 1099 5801 14522 10466 176
internal_value=0.000192435 0.00297058 -0.0115587 -0.00164871 0.00535654 -0.00402757 -0.0172416 0.00651657 0.00154128 -0.0015366 0.000694081 -0.00788345 -0.0134589 -0.0171106
internal_weight=18639.3 15085.5 3553.85 5130.53 9954.95 1540.28 2013.58 7958.11 3392.61 1307.16 1996.84 1737.92 1295.35 233.118
internal_count=167765 101565 66200 48184 53381 18320 47880 40541 25008 13695 12840 23176 26754 4625
is_linear=0
shrinkage=0.03


Tree=78
num_leaves=15
num_cat=0
split_feature=2 1 2 1 2 2 2 1 1 1 2 1 1 1
split_gain=651.043 167.626 144.604 142.548 53.6101 53.3535 43.9977 40.3705 36.9582 34.8226 25.2696 18.6855 17.0879 7.85852
threshold=0.0028756279559095919 0.4276167029729297 0.0041467061150979615 0.019810588286327768 0.0017372338072111071 0.0080722935438988647 0.0021062118175967973 2.625312181747907 -0.7106732758758002 2.1836158683276099 0.003552681884281731 -0.785284227139883 1.0089680515130131 3.2882728992079229
decision_type=8 10 8 10 10 8 10 10 10 10 10 10 10 10
left_child=1 6 3 10 13 8 -1 -5 -4 -6 -2 -8 -7 -3
right_child=2 4 5 7 9 12 11 -9 -10 -11 -12 -13 -14 -15
leaf_value=-0.023867700187390213 -0.0087639999536295379 -0.01873550589315098 0.0004592604767868045 0.0023424945005417622 -0.0044439245304727596 0.0090245706183490048 -0.020318294323479581 0.014696219060430053 0.0054995097963910196 0.006849747041901123 -0.0026575364030193378 -0.011143933053868432 0.018672739729993032 0
leaf_weight=664.68134070932865 1375.5846916809678 217.71861919760704 1744.0825362503529 3353.4719309583306 1103.2474244497716 1316.4007182568312 318.5626502148807 249.96141581237316 5612.6086208820343 302.78358324244618 1174.8479385301471 900.35873136669397 212.39528466761112 17.295655004680157
leaf_count=20219 19419 4716 11031 23328 13391 5405 7797 1113 27810 1994 12234 18088 976 183
internal_value=0.000228473 -0.0113544 0.00295278 -0.000573127 -0.00425782 0.00539938 -0.0174503 0.00325435 0.00431499 -0.0019383 -0.00599588 -0.0137363 0.0105166 -0.0172445
internal_weight=18564 3524.65 15039.4 6153.87 1641.05 8885.49 1883.6 3603.43 7356.69 1406.03 2550.43 1218.92 1528.8 235.014
internal_count=167704 66388 101316 56094 20284 45222 46104 24441 38841 15385 31653 25885 6381 4899
is_linear=0
shrinkage=0.03


Tree=79
num_leaves=15
num_cat=0
split_feature=2 2 2 7 2 7 0 7 4 0 2 7 7 0
split_gain=585.894 147.476 88.5089 68.389 57.5768 52.5048 46.9295 43.2072 32.2521 29.291 20.9096 13.7082 10.1741 8.14499
threshold=0.0028756279559095919 0.0038915564186724851 0.0019546629117876799 0.043872922595400467 0.0080722935438988647 0.15535315416955706 -0.0047330950965998589 0.079770124052300051 0.52062500000000012 0.01546779032227741 0.003391060834323664 0.034173143144111344 0.15905407352226877 0.003309990399575025
decision_type=8 8 10 10 10 10 10 8 10 10 10 10 10 10
left_child=2 3 9 8 7 6 -4 -3 -2 12 -5 -6 -1 -7
right_child=1 4 5 10 11 13 -8 -9 -10 -11 -12 -13 -14 -15
leaf_value=-0.021001745964632199 -0.0031643908773382238 0.002184031016950235 -0.0022217184102237934 -0.0012053099637487003 0.0066308911603722136 0 -0.011832245547595091 0.0067825865168880204 -0.011292629103091487 0.0067980983018907622 0.0037223476144671898 0.013011494614607726 0 0.013737087010950203
leaf_weight=821.50853175297379 1395.7406571507454 5809.0704273432493 639.18817299604416 1559.9662523195148 648.93276830017567 68.5293686427176 1815.4049922768027 2736.8967975452542 662.88205059990287 28.960479862987995 1499.8505999930203 775.3949052542448 17.912840969860554 85.761294681578875
leaf_count=21928 14271 33395 6538 15089 2689 864 35564 14045 7264 260 11664 3274 256 707
internal_value=-6.173e-05 0.00249488 -0.0111481 -0.00163384 0.00461996 -0.00829078 -0.00937313 0.00366996 -0.00585265 -0.0194718 0.00119482 0.0102128 -0.0205181 0.00808544
internal_weight=18566 15088.7 3477.27 5118.44 9970.29 2608.88 2454.59 8545.97 2058.62 868.382 3059.82 1424.33 839.421 154.291
internal_count=167808 101691 66117 48288 53403 43673 42102 47440 21535 22444 26753 5963 22184 1571
is_linear=0
shrinkage=0.03


Tree=80
num_leaves=15
num_cat=0
split_feature=2 2 2 0 7 7 2 6 7 7 6 7 6 2
split_gain=566.267 136.508 101.223 87.6073 61.5297 51.8249 35.5709 34.9346 30.7379 25.0043 19.9787 11.0051 10.2208 9.5218
threshold=0.0032149627665578229 0.0017639783319164475 0.0045804745418079537 -0.004859409530417135 0.123441941854011 0.02856738364090957 0.0071915022378682041 -0.005288168420757521 0.1418067483863894 0.041253472623327521 -0.023434466428167152 0.15905407352226877 -0.023434466428167152 0.010570226405862491
decision_type=8 10 8 10 10 10 10 8 10 10 10 10 10 10
left_child=1 11 5 9 -5 10 7 -4 -7 -3 -2 12 -1 -8
right_child=2 3 6 4 -6 8 13 -9 -10 -11 -12 -13 -14 -15
leaf_value=0.00035061325418946608 0.0032505981411434584 -0.0053385313780875592 0.0069614482918463694 -0.010915790697859789 0.00058975387358157052 0.0010877823873455016 0.0073344382062776143 0.0020386099499175594 0.0087976543842626567 0.0035505373426288045 -0.0055118178439361896 0.00069036089091644207 -0.023263362956358717 0.012109928910247654
leaf_weight=11.54255937039852 263.52771835029125 442.03333791717887 2329.2997391447425 2793.1990515626967 479.02234008908272 3718.494610350579 1563.3712055534124 3047.4954925253987 528.17780872806907 757.3280943594873 1433.8386633992195 12.980504777282475 561.87831014208496 630.87845174968243
leaf_count=158 1583 4426 11001 50760 5514 29591 6607 15937 3456 6227 13672 178 16307 2660
internal_value=3.33795e-05 -0.00851619 0.0032414 -0.00668056 -0.00921654 0.0002992 0.00553997 0.00419135 0.0020792 0.00020774 -0.00410518 -0.0220663 -0.0226873 0.00878339
internal_weight=18573.1 5057.98 13515.1 4471.58 3272.22 5944.04 7571.04 5376.8 4246.67 1199.36 1697.37 586.401 573.421 2194.25
internal_count=168077 83570 84507 66927 56274 48302 36205 26938 33047 10653 15255 16643 16465 9267
is_linear=0
shrinkage=0.03


Tree=81
num_leaves=15
num_cat=0
split_feature=2 2 7 7 2 7 2 4 2 7 2 6 0 4
split_gain=540.279 177.642 80.7468 76.9099 44.7466 47.373 41.0446 26.5143 24.7365 23.3013 28.6007 21.8731 15.5256 15.1948
threshold=0.0027195488069857018 0.0038915564186724851 0.045221610946820402 0.081902334043703937 0.0062267357866081985 0.070720358635093808 0.0019877204066549993 0.52187500000000009 0.003391060834323664 0.15535315416955706 0.00235217571412407 -0.0082139277780974834 0.011318902850639192 0.36812500000000009
decision_type=8 8 10 10 10 8 10 10 8 10 10 10 10 10
left_child=3 2 7 6 5 -3 12 -2 -4 10 -5 -8 -1 -6
right_child=1 4 8 9 13 -7 11 -9 -10 -11 -12 -13 -14 -15
leaf_value=-0.02207622462044815 -0.0040858450960426394 0.00072629407255876363 -0.0014008020404058733 -0.012438792939023401 0.011920509421403899 0.0060840727132805816 -0.0052372687778863523 -0.011119384382139883 0.0037596053796243364 0.0054449266856172246 0 -0.014282821206112401 0.0023199273787079732 0.0062833594913301863
leaf_weight=666.28313403204083 1555.3455690778792 3610.5408611819148 1871.7225027233362 350.87772015668452 543.18368676304817 2552.9579223915935 372.89490986056626 737.91209423542023 1482.5966711193323 166.6620280072093 307.48103005439043 964.70448756217957 17.867068190127611 3260.5130494683981
leaf_count=19164 16488 22951 19014 7412 2345 13719 5309 8404 11447 1816 4188 20722 225 14206
internal_value=-3.38142e-05 0.00215622 -0.00208507 -0.0120328 0.00456509 0.0029615 -0.0151849 -0.00641356 0.00086664 -0.00414724 -0.00671038 -0.0118632 -0.0213284 0.00713325
internal_weight=18461.5 15614.8 5647.58 2846.77 9967.2 6163.5 2021.75 2293.26 3354.32 825.021 658.359 1337.6 684.15 3803.7
internal_count=167410 108574 55353 58836 53221 36670 45420 24892 30461 13416 11600 26031 19389 16551
is_linear=0
shrinkage=0.03


Tree=82
num_leaves=15
num_cat=0
split_feature=2 2 2 7 6 7 6 2 6 4 0 4 7 6
split_gain=505.283 113.884 92.366 59.9198 49.9315 49.1017 33.6082 30.5759 28.5908 21.8296 19.3471 16.0958 14.051 8.43888
threshold=0.0028756279559095919 0.0041467061150979615 0.0017639783319164475 0.11072801885451458 -0.0082139277780974834 0.092180867337696967 -0.0061732950896438146 0.0073433263091247031 -0.0082139277780974834 0.47312500000000007 -0.010602406162804499 0.48937500000000006 0.1631402089546222 0.025835208701407989
decision_type=8 8 10 10 10 10 8 8 10 10 10 10 10 10
left_child=2 3 12 4 -2 8 9 -8 -4 -3 -7 -5 13 -1
right_child=1 6 5 11 -6 10 7 -9 -10 -11 -12 -13 -14 -15
leaf_value=-0.02308765973905668 0.0017533499464451536 0.0083509517973470206 -0.0049547399355830473 0.00076333279305916004 -0.0046023101476084594 0.0095541059311991961 0.0014314524923725867 0.0068698496946113709 -0.012911972953679353 0.0035600834374081764 -0.0035993781777644588 0.0077595767280956079 0.0049386679625575509 0
leaf_weight=532.03586654923856 1668.0639096535742 2319.365271307528 622.5409524794668 533.33737197890878 3240.513303834945 108.84288394078612 3915.6046195104718 1233.090446934104 1481.0043843034655 1479.0010125562549 611.04260954633355 725.90223771333694 10.370437305420635 17.257374290376902
leaf_count=16171 13056 10800 8407 3893 34237 700 22082 5144 31178 7329 9267 5321 132 245
internal_value=-0.00014097 0.00220299 -0.0106065 -0.000924696 -0.00243112 -0.00831 0.00436444 0.00275635 -0.01062 0.00651549 -0.00142478 0.00487303 -0.0217377 -0.022428
internal_weight=18498 15114.9 3383.09 6167.82 4908.58 2823.43 8947.06 5148.7 2103.55 3798.37 719.885 1259.24 559.664 549.293
internal_count=167962 101862 66100 56507 47293 49552 45355 27226 39585 18129 9967 9214 16548 16416
is_linear=0
shrinkage=0.03


Tree=83
num_leaves=15
num_cat=0
split_feature=2 1 2 1 2 1 1 4 1 2 2 2 1 1
split_gain=494.713 149.274 124.425 97.8758 64.3691 56.1435 45.5681 39.161 29.8594 25.4285 13.5875 9.87252 6.14618 4.51501
threshold=0.0028756279559095919 -0.085319150817296033 0.0038915564186724851 -0.40327835718290878 0.001719074333767883 0.90704947598756325 1.8950323717228763 0.48937500000000006 1.4477018921011204 0.0021865447809102587 0.0065673277622668074 0.003552681884281731 -0.785284227139883 3.2882728992079229
decision_type=8 10 8 10 10 10 10 10 10 10 10 10 10 10
left_child=1 9 3 11 13 7 -6 -4 -5 -1 -7 -2 -11 -3
right_child=2 4 5 8 6 10 -8 -9 -10 12 -12 -13 -14 -15
leaf_value=-0.024795099720286352 -0.010710931428386469 -0.0194170577840635 0.0045273857546896555 -0.00066856220282415812 -0.0061184140323458126 0.007082273294976394 0.0050629557009526892 0.00013012767644601586 0.005620706092292275 -0.019061325329826077 0.013285147200540491 -0.0047497372814150072 -0.011697988124545779 0
leaf_weight=478.44895023852587 845.84015437215567 281.92601875029504 5186.1405345201492 2911.7287427149713 1461.7809913847595 1472.6677373498678 408.08880101516843 2852.6493538767099 871.48344419896603 276.6800341848284 472.79810535907745 453.09675634279847 436.34860725700855 15.376939240843056
leaf_count=16305 13169 7558 27817 25285 22402 6481 2919 16879 4428 7040 2091 5270 9870 173
internal_value=-0.00016304 -0.0105599 0.00215614 -0.00165455 -0.00578528 0.00410157 -0.00363227 0.00297653 0.000775386 -0.019074 0.00868064 -0.00872955 -0.0148623 -0.0185724
internal_weight=18425.1 3358.65 15066.4 5082.15 2167.17 9984.26 1869.87 8038.79 3783.21 1191.48 1945.47 1298.94 713.029 297.303
internal_count=167687 66267 101420 48152 33052 53268 25321 44696 29713 33215 8572 18439 16910 7731
is_linear=0
shrinkage=0.03


Tree=84
num_leaves=15
num_cat=0
split_feature=6 0 0 6 6 0 7 4 6 7 0 7 3 3
split_gain=165.505 106.979 182.913 46.0638 33.1029 30.772 30.2598 26.3632 13.5731 13.0705 12.0929 11.6087 8.53233 4.32507
threshold=-0.024139744254736858 0.0051255490975993254 -0.004146248308437738 0.010979583644313175 0.056631179254033277 -0.01616312885097498 0.036990399872768233 0.46187500000000009 -0.068807594727604546 0.038656485902093841 0.00082422766114897972 0.047483890707938452 -0.57165724177854582 -1.1529237989139616
decision_type=8 10 10 8 10 8 8 10 10 8 10 10 10 10
left_child=7 2 5 -4 6 -2 -3 9 -9 10 -1 -6 -10 -11
right_child=1 4 3 -5 11 -7 -8 8 12 13 -12 -13 -14 -15
leaf_value=0.0024617780553121749 0.0086474938713959632 -0.0023697861785750706 -0.0080008151128925786 -0.0020489772617587518 0.013132257637330782 0.0008479992502874545 0.0027706158701864738 0.0094871858302836704 -0.0013061326298866962 0.0017129403040084404 0.0143999745014118 0.0046766420644685771 0.0034505505887501438 0.010510289890092134
leaf_weight=541.1741512902081 534.61864369362593 1576.9001740813255 4630.6288164500147 1615.8451320901513 252.24465553462505 2952.9290323685855 2898.2293845620006 231.21821139752865 517.31409028917551 74.37775743752718 85.348693426698446 455.89776743203402 884.61358977854252 1141.2702706083655
leaf_count=2820 2451 11182 74668 15320 1123 22817 19503 1068 3094 374 458 2119 5051 5683
internal_value=-0.000172642 -0.00155007 -0.00340496 -0.00647651 0.00192165 0.00208207 0.000944671 0.00571003 0.00285224 0.00818208 0.00438301 0.00791306 0.00165601 0.0100394
internal_weight=18392.6 14917.3 9734.02 6246.47 5183.27 3487.55 4475.13 3475.32 1633.15 1842.17 626.523 708.142 1401.93 1215.65
internal_count=167731 149183 115256 89988 33927 25268 30685 18548 9213 9335 3278 3242 8145 6057
is_linear=0
shrinkage=0.03


Tree=85
num_leaves=15
num_cat=0
split_feature=2 2 1 1 1 2 1 2 1 6 1 2 1 1
split_gain=453.996 135.036 121.221 111.906 69.0571 42.1539 36.291 34.4089 31.5431 19.0772 18.8622 15.1071 8.69059 3.7657
threshold=0.0026088958670837099 0.0038915564186724851 0.23601329327341466 -0.44952336009472177 0.90704947598756325 0.0016585640722040918 1.3466660082386379 0.0061243861919275519 3.0063222569592827 -0.022730622876990122 2.1836158683276099 0.0019736335366390503 -0.10483344154260504 3.2882728992079229
decision_type=8 8 10 10 10 10 10 8 10 10 10 10 10 10
left_child=2 3 11 9 7 13 -5 -3 -7 -2 -6 -1 -13 -4
right_child=1 4 5 6 10 8 -8 -9 -10 -11 -12 12 -14 -15
leaf_value=-0.024789051268893348 0.0016939807440498307 0.00090450716978175618 -0.019155997859617375 -0.001125842098565952 0.0074452900855943209 -0.0048983181040606798 0.0049441171567355313 0.004889247359921454 0.012889353849218233 -0.010315080577378672 0.015644458097064495 -0.018180292695496262 -0.0086672609849163217 0
leaf_weight=403.12973649799824 119.07190362736583 4605.9764173030853 188.66620976291597 3427.9187126159668 1623.8544321060181 975.88222422078252 1182.0305904224515 3440.1733499467373 87.613733984529972 1273.6730081290007 328.11307868361473 537.35963683947921 170.59864867664874 13.477264463901518
leaf_count=14389 1186 29802 4827 32835 7188 14183 6391 14924 565 20236 1423 15435 4106 153
internal_value=-8.7568e-05 0.00172874 -0.0122966 -0.00181941 0.00386467 -0.00580972 0.000424893 0.00261961 -0.00327061 -0.00924084 0.00892681 -0.0195146 -0.0161241 -0.0181015
internal_weight=18377.5 16000.8 2376.73 6002.69 9998.12 1265.64 4609.95 8046.15 1063.5 1392.74 1951.97 1111.09 707.958 202.143
internal_count=167643 113985 53658 60648 53337 19728 39226 44726 14748 21422 8611 33930 19541 4980
is_linear=0
shrinkage=0.03


Tree=86
num_leaves=15
num_cat=0
split_feature=2 1 2 1 1 1 2 2 1 2 1 7 1 1
split_gain=409.965 130.783 130.171 122.883 61.0372 44.4813 35.339 34.493 26.0667 24.4621 23.8652 14.9885 14.0046 5.33754
threshold=0.0027195488069857018 0.5616575708339544 0.0045804745418079537 -0.44952336009472177 2.1836158683276099 1.1012185922268034 0.0016585640722040918 0.0021430054013436232 3.0063222569592827 0.003552681884281731 -1.0181926512351553 0.014051410670454371 -0.77468910754255649 3.2882728992079229
decision_type=8 10 8 10 10 10 10 10 10 10 8 10 10 10
left_child=1 7 3 9 -5 10 13 -1 -8 -2 -4 -7 -9 -3
right_child=2 6 5 4 -6 11 8 12 -10 -11 -12 -13 -14 -15
leaf_value=-0.021875910568902281 -0.011034775078368744 -0.017791972102708328 -0.00029653916910762906 0.00027338178361374313 0.010477791550793132 0 -0.0026625175238672674 -0.019082391551620441 0.01279023235456125 -0.0041716641829734474 0.0045054265972174767 0.011724605564036823 -0.0096313852959025344 0
leaf_weight=659.0752747040242 887.54661028087139 139.21751112304628 1094.129682302475 5499.880027808249 575.36721865087748 106.65628150105476 924.50111337006092 223.50837275199592 99.202558282762766 1104.3278193771839 5441.374282181263 905.96733644604683 671.67041498981416 13.447830095887182
leaf_count=22330 14746 3344 5953 43670 2634 460 11310 6274 621 11690 25708 3905 14837 155
internal_value=-7.92137e-05 -0.0107846 0.00179469 -0.000848467 0.0012653 0.00462491 -0.00313443 -0.0164794 -0.000997771 -0.00729957 0.00369312 0.0104851 -0.0122421 -0.0161509
internal_weight=18345.9 2730.62 15615.2 8067.12 6075.25 7548.13 1176.37 1554.25 1023.7 1991.87 6535.5 1012.62 895.179 152.665
internal_count=167637 58871 108766 72740 46304 36026 15430 43441 11931 26436 31661 4365 21111 3499
is_linear=0
shrinkage=0.03


Tree=87
num_leaves=15
num_cat=0
split_feature=0 0 6 6 1 4 6 1 1 0 6 6 5 1
split_gain=135.834 197.143 83.9737 69.9839 37.8194 26.0887 25.3981 17.8966 13.3063 12.7237 9.83133 7.54409 5.90336 3.18618
threshold=-0.004146248308437738 0.0033912762291906655 -0.009141063269318293 0.0091846586144690451 1.9610083703676942 0.47187500000000004 -0.0065452037162145862 3.0063222569592827 -0.18041914787823304 -0.023555705579258231 0.023944482651099722 -0.068807594727604546 0.82771345938226948 1.8950323717228763
decision_type=10 10 10 10 8 10 10 10 10 8 8 10 8 8
left_child=5 2 8 -4 6 9 -3 11 -2 13 -6 -7 -11 -1
right_child=1 4 3 -5 10 7 -8 -9 -10 12 -12 -13 -14 -15
leaf_value=0.007199271635569951 -0.0021386358202175951 0.0059090091257084469 -0.010548909564008531 -0.0023322743866714449 0.0033968270074002135 0.0069378249115558841 0.00019050029350577063 0.0133019799485685 0.0036146992161338719 0.0050850207851252409 0.011545696181413247 0.00044861830305697716 0.0010642640665116387 0.013070010208488587
leaf_weight=405.40806229412556 786.7941425498575 808.0075305160135 2927.0192348081619 1407.7452572938055 250.44359986111522 165.67630083858967 4989.1478149183095 100.54374554380774 647.52604536898434 2376.5125981327146 401.29000655189157 2451.7552184704691 433.81673294864595 202.93293426930904
leaf_count=1799 8014 4910 54882 14313 1637 754 37820 495 5897 15272 1910 16490 2808 907
internal_value=2.49488e-05 -0.00180054 -0.00582726 -0.00790582 0.00179586 0.00366625 0.00100668 0.00143464 0.000424218 0.00541361 0.00860363 0.000907045 0.0044916 0.00943439
internal_weight=18354.6 12218 5769.08 4334.76 6448.89 6136.65 5797.16 2717.98 1434.32 3418.67 651.734 2617.43 2810.33 608.341
internal_count=167908 129383 83106 69195 46277 38525 42730 17739 13911 20786 3547 17244 18080 2706
is_linear=0
shrinkage=0.03


Tree=88
num_leaves=15
num_cat=0
split_feature=2 2 2 7 7 0 0 2 7 4 7 0 6 7
split_gain=401.659 88.7457 75.9371 64.7853 51.3699 46.5117 33.288 29.844 25.9804 23.4779 14.4031 12.5983 9.72176 7.10298
threshold=0.0030228907372991261 0.0017639783319164475 0.0047080774960687015 0.042122279824431792 0.15216229982414128 -0.0044926411388459533 -0.0036224577769889961 0.010570226405862491 0.079112477270714077 0.42687500000000006 0.1631402089546222 0.003232750918850003 -0.024139744254736858 0.036160941307763018
decision_type=8 10 8 10 10 10 10 10 8 10 10 10 10 10
left_child=1 10 3 6 5 -3 -2 8 -4 -5 12 -6 -1 -9
right_child=2 4 7 9 11 -7 -8 13 -10 -11 -12 -13 -14 -15
leaf_value=0.0023679891813946376 0.0011883747208950551 -0.0015722774705078204 0.0027804997700813729 0.0065148404262674918 -0.00043652581441444864 -0.009804391097756977 -0.0055733629191956477 0.0068945753449840387 0.0069830395738876899 0.0013339250134448693 0.0065599159462142783 0.012743005657110696 -0.021282529024291705 0.014336563059489084
leaf_weight=9.5040795318782312 984.03378916531801 876.69435452483594 4591.9513558372855 1038.5635257773101 107.69711213745177 2282.6972231976688 1860.3717543892562 302.71140238642693 1921.5516910180449 3385.0359408594668 10.306650225073097 126.62458257377148 496.45877426490188 318.10311387479305
leaf_count=134 7086 8975 21880 7808 1258 45875 19261 1264 8922 26622 136 1010 16329 1376
internal_value=0.000148363 -0.00836288 0.00246738 0.000299117 -0.00653492 -0.00755117 -0.00321712 0.00466437 0.00403829 0.00257577 -0.0199125 0.00667002 -0.0206847 0.0109698
internal_weight=18312.3 3909.98 14402.3 7268.01 3393.71 3159.39 2844.41 7134.32 6513.5 4423.6 516.27 234.322 505.963 620.815
internal_count=167936 73717 94219 60777 57118 54850 26347 33442 30802 34430 16599 2268 16463 2640
is_linear=0
shrinkage=0.03


Tree=89
num_leaves=15
num_cat=0
split_feature=2 1 2 1 2 1 7 1 2 1 2 1 7 0
split_gain=402.153 144.629 94.0501 90.649 46.7501 44.6272 40.0111 36.2478 33.4144 26.7011 23.6209 17.6876 3.05393 2.11665
threshold=0.0028607738135652005 0.53409779314950001 0.0045804745418079537 0.079182276184212544 0.0021062118175967973 3.2882728992079229 0.055284324982864654 2.0276821110566989 0.0016585640722040918 -1.1626162192458194 0.003552681884281731 -0.17124088131480655 0.043015841358295753 0.0064188242436876717
decision_type=8 10 8 10 10 10 10 10 10 8 10 10 10 10
left_child=1 4 3 10 13 8 -5 9 -3 -4 -2 -6 -9 -1
right_child=2 5 7 6 11 -7 -8 12 -10 -11 -12 -13 -14 -15
leaf_value=-0.022687947868831191 -0.0068315265068571379 -0.017367904542134976 -0.00092264159041711145 -0.00065970624785014864 -0.01489120841357628 0.015639941275308693 0.0052116672895262343 0.0068927369874131903 -0.002181991536130547 0.004752308999934173 -0.0016556059807321321 -0.0068841408804819239 0.017500798673495802 -0.0037688152467291332
leaf_weight=574.41817661747336 1415.0165061876178 139.65828602947295 819.50809496641159 1788.276279091835 647.76517154462636 102.97473261877894 2441.0127686709166 73.730447202920914 1192.4584129229188 6528.0091452300549 1902.2459265366197 508.95544651709497 198.68157732486725 17.56492780521512
leaf_count=20779 20601 3509 4470 12605 16897 664 14660 321 13771 30647 18410 9610 882 403
internal_value=0.000145662 -0.00952682 0.00218503 -0.000181754 -0.0153014 -0.0023916 0.00271921 0.00453406 -0.00393632 0.0041108 -0.00389538 -0.0115087 0.0151878 -0.0222982
internal_weight=18350.3 3183.8 15166.5 7546.55 1748.7 1435.09 4229.29 7619.93 1332.12 7347.52 3317.26 1156.72 272.412 591.983
internal_count=168229 65633 102596 66276 47689 17944 27265 36320 17280 35117 39011 26507 1203 21182
is_linear=0
shrinkage=0.03


Tree=90
num_leaves=15
num_cat=0
split_feature=0 0 1 7 0 1 7 1 1 1 4 4 0 5
split_gain=127.31 172.717 57.2597 38.2511 34.6065 28.0271 26.6364 17.4456 14.6658 14.4531 11.3412 10.8198 6.926 6.26501
threshold=-0.0042624406283175978 0.0037340580355349489 -0.17124088131480655 0.1129829735010431 0.03697891092662809 1.5198098575172285 0.040832782835173033 1.8385319234672457 3.0063222569592827 -1.0322331182565763 0.45062500000000005 0.60437500000000011 -0.030186480072467822 -0.24916768020327595
decision_type=8 10 10 8 10 10 8 10 10 8 8 10 10 8
left_child=6 2 9 4 -3 -4 11 -5 10 -2 -8 12 -1 -13
right_child=1 3 5 7 -6 -7 8 -9 -10 -11 -12 13 -14 -15
leaf_value=0.008149621773297009 -0.010647426991698333 0.00011112515830257877 -0.0028037334369195089 0.0046621531463374912 0.012007533020426567 0.0086413384684331535 0.0067154335809283868 0.014099793765311395 0.014850870656427229 -0.0063406746916335726 0.0031838172635621962 0 0.0013922842264606147 -0.0076537302439744674
leaf_weight=144.08768831193447 1175.8038167469203 4901.8547056242824 2288.3772797808051 881.71430227719247 221.03541532158852 198.47567834705114 1573.2317701391876 232.16228030622005 134.47540784627199 2310.8599330186844 1983.3280922621489 178.79984789714217 1864.5384172778577 169.01668741740286
leaf_count=635 17943 35839 30027 5854 962 1914 9182 1155 645 36387 12226 1215 12733 1185
internal_value=4.81856e-05 -0.00171128 -0.0053554 0.0017724 0.000658498 -0.00183532 0.00360754 0.00679056 0.00519964 -0.00783649 0.00477729 0.00107695 0.00194471 -0.00368096
internal_weight=18257.8 12210.3 5973.52 6236.77 5122.89 2486.85 6047.48 1113.88 3691.04 3486.66 3556.56 2356.44 2008.63 347.817
internal_count=167902 130081 86271 43810 36801 31941 37821 7009 22053 54330 21408 15768 13368 2400
is_linear=0
shrinkage=0.03


Tree=91
num_leaves=15
num_cat=0
split_feature=2 1 2 1 2 1 2 1 1 2 0 1 0 4
split_gain=396.969 136.848 87.1381 80.0179 60.9508 41.6907 35.3331 31.8309 24.0903 20.4497 18.8624 9.59544 6.75791 3.42905
threshold=0.0028756279559095919 -0.16177798398710028 0.0041748883435299448 0.19308892435269057 0.0016585640722040918 1.7821885545188734 0.010570226405862491 -1.1157553471436126 2.7922668467689333 0.0020882479789558219 -0.0033382307061620149 2.3702013067977661 0.0094464768421306262 0.52062500000000012
decision_type=8 10 8 10 10 10 10 8 10 10 10 10 10 10
left_child=1 9 3 10 11 -6 7 -4 -5 -1 -2 -3 -8 -11
right_child=2 4 6 8 5 -7 12 -9 -10 13 -12 -13 -14 -15
leaf_value=-0.025115152153643346 -0.00012261238175708842 -0.021279621141060915 -0.0015276538635988302 0.0019185917519570497 -0.0058010464549125215 0.0043300909224531677 0.0078008947795483998 0.0042080627019049546 0.012387232307692522 -0.01697892794126496 -0.0056740412330965077 -0.00099227580357673438 0.015293488416524788 -0.010302537510047288
leaf_weight=338.41083283722401 774.69733136147261 213.27027346752584 967.50264574587345 3057.1170901581645 1490.4850898664445 468.39879916608334 384.7224268168211 7264.4094746485353 205.47320166230202 428.7169524859637 2112.2475954368711 31.219951599836349 238.10713016986847 235.93627768196166
leaf_count=13299 7516 6690 5869 20163 24802 3455 1648 36094 902 11309 28094 444 1010 6324
internal_value=0.000110272 -0.00945082 0.00216242 -0.000572165 -0.00518886 -0.00333838 0.00406684 0.00352562 0.00263206 -0.01861 -0.00421062 -0.0190656 0.0109565 -0.0148857
internal_weight=18210.7 3206.44 15004.3 6149.54 2203.37 1958.88 8854.74 8231.91 3262.59 1003.06 2886.94 244.49 622.83 664.653
internal_count=167619 66323 101296 56675 35391 28257 44621 41963 21065 30932 35610 7134 2658 17633
is_linear=0
shrinkage=0.03


Tree=92
num_leaves=15
num_cat=0
split_feature=2 1 1 2 2 2 2 7 1 1 0 7 7 7
split_gain=370.223 151.743 75.8773 59.4906 52.9535 44.1168 41.6444 39.6326 36.7597 21.3331 15.899 13.3739 8.87732 6.15436
threshold=0.0032794510662527919 0.069389573707070745 -0.56290049079137139 0.002125818736659867 0.001719074333767883 0.0065673277622668074 0.0038915564186724851 0.09848189736813763 1.3466660082386379 1.150230307323705 0.0077285800754378639 0.14910434254433766 0.045673404130553784 0.15216229982414128
decision_type=8 10 8 10 10 10 10 8 10 10 10 10 10 10
left_child=1 3 6 -1 13 7 12 -4 -6 -7 -8 -5 -2 -3
right_child=2 4 5 11 8 9 10 -9 -10 -11 -12 -13 -14 -15
leaf_value=-0.023300783964989975 -0.0114421259541764 -0.016900872866593766 0.0015553919181466311 -0.011016402228974164 -0.0041415761769800991 0.0064981476978639265 -0.0006122129033336479 0.0063060960044529109 0.002864326402996368 0.015055610944059598 0.0051366208410967718 0.0015982581905464009 -0.0037162521104860658 0.00083457401021394507
leaf_weight=429.28328813239932 333.906269852072 231.27728141099215 5365.137984007597 1476.9479593019933 1746.5191642455757 1706.1149389892817 2345.6669526398182 2268.5011456273496 1075.5358302779496 330.07966779172421 518.20065406709909 68.531960856169462 290.64225833117962 11.132272144779561
leaf_count=16832 4701 6576 33551 31270 22975 7135 15466 12066 7813 1511 2631 1052 3844 150
internal_value=2.76121e-05 -0.00687561 0.00267912 -0.0133472 -0.00265594 0.00404765 -0.00109801 0.00298142 -0.00144963 0.00798149 0.000421382 -0.0104118 -0.00805656 -0.0158479
internal_weight=18197.5 5039.23 13158.2 1974.76 3064.46 9669.83 3488.42 7633.64 2822.05 2036.19 2863.87 1545.48 624.549 242.41
internal_count=167573 86668 80905 49154 37514 54263 26642 45617 30788 8646 18097 32322 8545 6726
is_linear=0
shrinkage=0.03


Tree=93
num_leaves=15
num_cat=0
split_feature=0 0 6 6 7 0 7 1 1 1 4 4 6 0
split_gain=103.882 135.06 66.972 64.0355 46.2709 34.0034 30.0019 22.1636 16.9788 14.8261 12.8044 8.23954 6.59877 2.66836
threshold=-0.004146248308437738 0.0033912762291906655 -0.0067508324162535152 0.0094117098877113409 0.11413241529301477 0.03697891092662809 0.055284324982864654 1.8950323717228763 0.41454519896616304 2.3702013067977661 0.45062500000000005 0.61187500000000006 0.0066354975913327516 -0.0095886513789126809
decision_type=8 8 10 10 8 10 8 10 10 10 8 10 10 10
left_child=6 2 8 -4 5 -3 11 -6 -2 10 -8 12 -1 -13
right_child=1 4 3 -5 7 -7 9 -9 -10 -11 -12 13 -14 -15
leaf_value=0.00093191794139599641 -0.0016799883393931595 -0.00052833660256287516 -0.010087321267326581 -0.0019841805773505375 0.004359266253182054 0.011269588575986884 0.0067437810531861013 0.015009313067001418 0.005754085411507107 0.011962317054299973 0.002540554405187996 -0.0051075718293834421 0.005719928936542296 -2.5008518109618805e-05
leaf_weight=2354.2152158357203 1324.58283399418 5099.5072900056839 2588.6354786641896 1364.9333096239716 908.26852086372674 219.73600143194199 1207.4244636055082 224.25323286652565 338.33331554569304 261.63342570886016 1597.5696010738611 225.0133438333869 292.02702955715358 194.37415178120136
leaf_count=15912 14966 38305 50946 13867 6068 959 7003 1105 3037 1257 9817 1210 1698 1679
internal_value=-0.000179116 -0.0017975 -0.0051967 -0.00731699 0.00115579 -9.4778e-06 0.00299383 0.00663353 -0.000106248 0.00509114 0.0043887 0.000866609 0.00150243 -0.00294713
internal_weight=18200.5 12068.2 5616.48 3953.57 6451.77 5319.24 6132.26 1132.52 1662.92 3066.63 2804.99 3065.63 2646.24 419.387
internal_count=167829 129253 82816 64813 46437 39264 38576 7173 18003 18077 16820 20499 17610 2889
is_linear=0
shrinkage=0.03


Tree=94
num_leaves=15
num_cat=0
split_feature=2 2 2 7 4 7 0 0 4 4 0 7 2 0
split_gain=339.851 77.3269 75.196 55.7861 54.6224 41.3423 20.7442 16.7153 15.5848 13.5049 13.1953 13.0191 7.97137 4.10432
threshold=0.0028756279559095919 0.0017639783319164475 0.0061243861919275519 0.096630472506023884 0.5056250000000001 0.094813598781161884 -0.0021729698817943284 0.0029961878196322904 0.36812500000000009 0.37937500000000007 -0.025382312272960224 0.1631402089546222 0.0068353086740594888 0.013816284318143747
decision_type=8 10 10 8 8 10 10 10 10 10 8 10 10 10
left_child=1 11 3 4 -2 6 -3 -7 12 -10 -5 13 -4 -1
right_child=2 5 8 10 -6 7 -8 -9 9 -11 -12 -13 -14 -15
leaf_value=-0.021311235784241357 0.0012092438216973478 -0.0048091139115855564 0.0036501173513138825 0.011138316175595809 -0.0038830355850044082 -0.0042211187157807284 -0.011413263532154839 0.005329606961738698 -0.0063969043713960495 0.0049321379521265916 0.0034779034069245904 0.0061581924601225328 0.012448074484403359 -0.00072523539708520106
leaf_weight=453.95878964848816 5068.5926429890096 741.82754324562848 161.54132637381554 221.24897517263889 3007.3700752556324 397.84294205345213 1253.1085621919483 265.71605514548719 84.686621680855751 3288.3956819474697 2781.3456696681678 9.0432336963713151 401.8769273608923 15.79518726095557
leaf_count=16346 40104 11199 730 940 25138 6595 28994 2801 389 14329 18155 125 1719 188
internal_value=2.82105e-06 -0.00895782 0.00188379 0.0006104 -0.000682083 -0.00687425 -0.00902364 -0.000285194 0.0054417 0.0046119 0.00409738 -0.0200267 0.0101378 -0.0207737
internal_weight=18152.4 3137.29 15015.1 11078.6 8075.96 2658.5 1994.94 663.559 3936.5 3373.08 3002.59 478.797 563.418 469.754
internal_count=167752 66248 101504 84337 65242 49589 40193 9396 17167 14718 19095 16659 2449 16534
is_linear=0
shrinkage=0.03


Tree=95
num_leaves=15
num_cat=0
split_feature=2 2 1 1 4 1 1 7 1 1 2 2 2 2
split_gain=316.809 127.335 123.946 89.6803 42.0944 36.4559 26.0128 22.307 16.8365 11.4937 7.0881 6.72728 6.61703 0.67469
threshold=0.0023358565281525515 0.0038915564186724851 -0.41274357435780445 1.2010392010076487 0.61312500000000014 1.9610083703676942 -1.1157553471436126 0.15535315416955706 0.029466880634103073 -0.90785040659484306 0.0066638782940363116 0.0017639783319164475 0.0016585640722040918 0.0020882479789558219
decision_type=8 10 8 10 10 10 10 10 10 10 10 10 10 10
left_child=3 2 9 8 -4 6 -3 11 13 -2 -7 -5 -10 -1
right_child=1 5 4 7 -6 10 -8 -9 12 -11 -12 -13 -14 -15
leaf_value=-0.023736907742180499 -0.012185415940574977 -0.0011387632295605827 0.0016957024955838169 -0.01027301343363711 -0.0051383506804015726 0.0090675441183629794 0.0036611193774717891 0.014963382462916858 -0.019574731711156399 -0.00660144050253407 0.019674692776726857 -0.00083946186056974654 -0.010008437688496184 -0.0160141340300551
leaf_weight=378.47499421425164 698.97113942727447 1132.2810091823339 4251.6557853706181 97.411937626078725 990.37826268933713 368.68479740619659 8300.7142730280757 56.420108910650015 125.01153975538909 875.07739998400211 92.648053422570229 237.06811909750104 367.02847529947758 185.22290610149503
leaf_count=15673 13025 7381 38360 2023 9312 1567 43492 427 4353 14503 453 2658 8350 6332
internal_value=0.000150964 0.00132313 -0.00182472 -0.013264 0.000385795 0.00349736 0.00307802 -0.000790668 -0.0177753 -0.00918021 0.0116973 -0.00397947 -0.0128999 -0.0216273
internal_weight=18157 16710.4 6816.08 1446.64 5242.03 9894.33 9433 390.9 1055.74 1574.05 461.333 334.48 492.04 563.698
internal_count=167909 128093 75200 39816 47672 52893 50873 5108 34708 27528 2020 4681 12703 22005
is_linear=0
shrinkage=0.03


Tree=96
num_leaves=15
num_cat=0
split_feature=2 2 7 2 4 7 6 2 4 6 0 6 4 7
split_gain=306.527 101.711 58.1235 44.8988 40.2304 32.0807 31.7861 28.3772 16.9248 11.8636 11.4451 11.0611 10.6352 9.41778
threshold=0.0025148856108319459 0.0037798306691608631 0.10330186259751745 0.0017639783319164475 0.60687500000000016 0.081902334043703937 -0.011276265485405721 0.011644782828630353 0.45187500000000008 0.040119544359224164 0.003232750918850003 -0.024872446401529299 0.50437500000000013 0.1631402089546222
decision_type=8 8 10 10 10 10 8 10 10 10 10 10 10 10
left_child=3 2 4 11 -2 9 8 -8 -3 -5 -7 -1 -4 -13
right_child=1 6 12 5 -6 10 7 -9 -10 -11 -12 13 -14 -15
leaf_value=0.0045702368230309751 -0.0023510081812947235 0.0071866970775776471 0.00028607888626211409 -0.012052254479870109 -0.0099801204448725055 -0.005391476659571225 0.0013197512957286829 0.010666777816888058 0.0030756604741298795 0.0094374485779216907 0.0042581756883227958 -0.021025629026016558 0.0055547571103435646 0.0023030689617421444
leaf_weight=9.1295567415654642 3407.1233249679208 1937.212973177433 664.150972943753 988.45651128329337 765.88433860056102 285.03033019602299 6514.8272257000208 299.05156791210175 1860.4747381135821 13.559444129467009 162.00457555241883 440.58481816202402 771.72306066378951 9.4279582854360324
leaf_count=128 39471 9067 5677 24352 9452 5942 38302 1256 9358 159 1979 16293 6266 132
internal_value=-6.82767e-05 0.00126877 -0.00199007 -0.0114124 -0.00378606 -0.00864229 0.00299718 0.0017538 0.00520184 -0.0116118 -0.00174653 -0.0196564 0.00317811 -0.020367
internal_weight=18128.6 16220.4 5608.88 1908.19 4173.01 1449.05 10611.6 6813.88 3797.69 1002.02 447.035 459.142 1435.87 450.013
internal_count=167834 118849 60866 48985 48923 32432 57983 39558 18425 24511 7921 16553 11943 16425
is_linear=0
shrinkage=0.03


Tree=97
num_leaves=15
num_cat=0
split_feature=2 2 1 1 4 1 1 7 6 2 7 1 2 7
split_gain=276.845 102.598 106.569 90.1364 39.5285 33.0757 26.349 24.9861 23.5851 23.0584 22.5537 17.5372 7.32925 2.93358
threshold=0.0024519216204720831 0.0038915564186724851 0.19308892435269057 1.3148130271077227 0.61437500000000012 1.1012185922268034 -0.68031260900575952 0.15535315416955706 -0.0051277273759966482 0.0017989135513542737 0.1418067483863894 -0.11408454402498182 0.0016585640722040918 0.15535315416955706
decision_type=8 8 10 10 10 10 10 10 8 10 10 10 10 10
left_child=3 2 6 9 -4 8 -2 12 -3 13 -7 -11 -5 -1
right_child=1 5 4 7 -6 10 -8 -9 -10 11 -12 -13 -14 -15
leaf_value=-0.022422205185986359 -0.010030242682673492 0.004199140577812315 0.00324079042032157 -0.010825692360731907 -0.0049197759232795799 0.0055788888686771239 -0.0038808688855277284 0.016606900311598637 0.0009799461658626875 -0.017374925162029421 0.016493548902538801 -0.0082896463038251607 -0.0003203624491378275 0
leaf_weight=366.0754468049854 997.07195832580328 3556.3303368166089 2855.1390523537993 69.186690140515566 642.63415251672268 1323.8631131201982 1871.4678256381303 61.799386240541935 4983.2065594866872 391.01147355698049 200.47715066373348 515.85908784158528 301.70899691805243 8.6596762780100089
leaf_count=15093 17719 18066 21082 1481 4797 5856 25136 434 28745 13949 855 11224 3284 182
internal_value=-9.22688e-06 0.00118692 -0.00178605 -0.0114485 0.00171462 0.00307345 -0.00606658 0.000260348 0.00233096 -0.0154195 0.0071516 -0.0124191 -0.00267031 -0.0220131
internal_weight=18144.5 16430.2 6366.31 1714.3 3497.77 10063.9 2868.54 432.695 8539.54 1281.61 1524.34 906.871 370.896 374.735
internal_count=167903 122256 68734 45647 25879 53522 42855 5199 46811 40448 6711 25173 4765 15275
is_linear=0
shrinkage=0.03


Tree=98
num_leaves=15
num_cat=0
split_feature=2 1 1 2 1 1 2 2 2 7 4 6 2 4
split_gain=258.684 123.714 66.9764 68.6657 42.9176 38.5217 33.2486 28.0157 26.0576 25.4366 17.0597 12.8576 12.8392 7.77625
threshold=0.0028756279559095919 -0.085319150817296033 -0.41274357435780445 0.0038915564186724851 1.3148130271077227 1.9610083703676942 0.0062969978145501143 0.0019877204066549993 0.002125818736659867 0.1631402089546222 0.48937500000000006 -0.024139744254736858 0.0056769676153438954 0.52062500000000012
decision_type=8 10 8 10 10 10 10 10 10 10 10 10 10 10
left_child=1 8 3 11 7 6 -4 -3 -1 -6 -5 -2 -7 -10
right_child=2 4 5 10 9 12 -8 -9 13 -11 -12 -13 -14 -15
leaf_value=-0.023706158166332401 0.0018399267221483608 -0.01510007252005743 0.0012737830766933864 0.0022081730598109859 -7.6080006261990238e-05 0.0067214109590360361 0.005596243023197168 -0.0044908767373620893 -0.015235548695095925 0.017000346767796676 -0.0021959644402965608 -0.0086150387430303683 0.016507530646117118 -0.0072216921752430172
leaf_weight=340.89183264225721 103.38251395151019 299.6750286500901 7366.961284711957 2235.7977270483971 688.47046113200486 814.87208646535873 2063.4879776388407 981.70329564809799 430.35421967692673 77.649385150521994 1203.3358432501554 1093.8072227798402 156.69465783238411 233.4313289783895
leaf_count=14963 1011 9429 48956 13274 6945 3651 8720 16222 11750 497 8121 17224 738 6481
internal_value=-0.000120868 -0.00807208 0.00149321 -0.00149496 -0.00376807 0.002831 0.00223087 -0.00711622 -0.0166608 0.00177412 0.000647892 -0.00765474 0.00851294 -0.0126554
internal_weight=18090.5 3052.18 15038.3 4636.32 2047.5 10402 9430.45 1281.38 1004.68 766.12 3439.13 1197.19 971.567 663.786
internal_count=167982 66287 101695 39630 33093 62065 57676 25651 33194 7442 21395 18235 4389 18231
is_linear=0
shrinkage=0.03


Tree=99
num_leaves=15
num_cat=0
split_feature=2 2 6 2 2 6 0 5 6 4 0 5 0 6
split_gain=284.746 109.176 52.4547 36.5413 29.0923 25.7008 24.5948 20.3764 18.5881 15.4821 9.7938 8.9736 5.32582 2.95193
threshold=0.0023358565281525515 0.0038080536024029036 -0.0073501681634677843 0.0080722935438988647 0.0016585640722040918 -0.0061732950896438146 0.0024298396324026199 0.16308650203336014 0.024591279000317105 0.35812500000000008 -0.0095886513789126809 0.056937644115573581 -0.012199706618455762 0.016988119487024281
decision_type=8 8 10 10 10 10 10 10 10 10 10 10 10 10
left_child=4 2 7 5 12 -3 -4 -2 10 -5 -6 -10 -1 -14
right_child=1 3 6 9 8 -7 -8 -9 11 -11 -12 -13 13 -15
leaf_value=0 0.0036402256923482919 0.0039375052883512882 -0.0068532745941435585 0.016068136492908332 -0.0023540080917430813 0.00067269252517335133 -0.0020462256167035307 -0.002129937603641884 -0.0073993058499199011 0.0059507301412064176 -0.012967315859297274 0.0082149837860641638 -0.022708745266397549 -0.0064187510807619738
leaf_weight=8.3064242191612703 1370.6051464267075 3729.4765881225467 1882.9375919606537 160.14096687734127 107.6045294739306 5314.4651973471045 2059.959642464295 894.54547262750566 51.119382672011852 1233.7588137686253 819.80458994209766 60.653800185769796 304.10421623848379 31.342562498524785
leaf_count=109 11733 19072 29704 686 1051 31567 21373 8464 672 5235 24073 672 12572 616
internal_value=-0.000222382 0.000864062 -0.00227874 0.00273942 -0.0132549 0.0020285 -0.00436855 0.00133577 -0.0104548 0.007262 -0.0118381 0.000559884 -0.0210153 -0.0215902
internal_weight=18028.8 16645.9 6208.05 10437.8 1382.94 9043.94 3942.9 2265.15 1039.18 1393.9 927.409 111.773 343.753 335.447
internal_count=167599 127834 71274 56560 39765 50639 51077 20197 26468 5921 25124 1344 13297 13188
is_linear=0
shrinkage=0.03


Tree=100
num_leaves=15
num_cat=0
split_feature=6 0 0 7 7 6 6 4 4 0 7 0 7 4
split_gain=97.1925 69.4969 90.7285 34.8271 28.0689 24.2711 23.172 16.7294 16.1352 12.7262 11.1348 6.11394 2.49301 0.00259278
threshold=-0.01470088418372306 0.0069511909723140039 -0.011785569635913149 0.094813598781161884 0.038656485902093841 -0.068807594727604546 0.056631179254033277 0.46187500000000009 0.67687500000000012 0.012453430536371603 0.051684935685727219 -0.023555705579258231 0.048399561361017633 0.44562500000000005
decision_type=8 10 8 8 8 10 10 10 10 10 8 10 10 10
left_child=5 2 11 -4 6 12 -3 10 -6 -9 -7 -2 13 -1
right_child=1 4 3 -5 8 7 -8 9 -10 -11 -12 -13 -14 -15
leaf_value=0.0061798456379631422 0.015574076862888017 -0.0029899518319541356 -0.0047423811130151011 0.00010687038144613492 0.0041660765156208068 0.0024007811257052156 0.0079007962850326588 0.00048817622181584813 -0.0054880074525779747 0.01397548012214562 0.0067289170002273269 0.0063081876380808987 0.010788221612013912 0.0020377585427821298
leaf_weight=86.439739659428596 85.63715398311615 1285.4538803976029 6389.0371779501438 1652.7379587963223 2613.7041513063014 1145.7220106683671 191.65841472148895 2182.1747497953475 151.98406274616718 55.498313456773758 1136.2685622610152 559.97234594449401 415.63141326606274 72.08834258466959
leaf_count=386 370 8301 89987 18490 15435 7029 861 14300 1024 238 6399 2756 1923 325
internal_value=5.46668e-05 -0.00132475 -0.00286339 -0.00373942 0.00181092 0.00356368 -0.00149288 0.00279343 0.00359607 0.000910069 0.00460202 0.00784759 0.00937255 0.004885
internal_weight=18024 12930.2 8687.38 8041.78 4242.8 5093.82 1477.11 4519.66 2765.69 2237.67 2281.99 645.609 574.159 158.528
internal_count=167824 137224 111603 108477 25621 30600 9162 27966 16459 14538 13428 3126 2634 711
is_linear=0
shrinkage=0.03


Tree=101
num_leaves=15
num_cat=0
split_feature=2 1 2 1 7 1 2 1 1 2 0 2 0 1
split_gain=272.144 78.7988 77.5169 79.7409 37.3308 34.5909 29.5447 20.7211 20.6024 12.5652 11.0369 8.58957 5.20723 3.37714
threshold=0.0024039869930330819 0.66601876049380038 0.0038915564186724851 0.23601329327341466 0.054243039784935561 -1.0452112726575498 0.0064893139797160262 2.7922668467689333 -0.74280368609487091 0.0016585640722040918 0.0073254301669652975 0.0018894389554005039 -0.0029002358368288568 0.029466880634103073
decision_type=8 10 8 10 10 8 8 10 10 10 10 10 10 10
left_child=1 11 3 8 -5 10 -7 9 -2 -3 -4 -1 -9 -13
right_child=2 7 5 4 -6 6 -8 12 -10 -11 -12 13 -14 -15
leaf_value=-0.022435409041916411 -0.0089022282452427427 -0.015537795978021941 -0.0030232963073660349 -0.0020729750501565255 0.004208670559264654 0.0022066754651632937 0.0059811597391717462 0 -0.003353991940182364 -0.003732513849269912 0.0042737527478530265 -0.016897656837960632 0.013584811470230622 -0.0096605736855373808
leaf_weight=337.28989199362695 889.24945027381182 101.09826786257327 1087.6251814737916 1428.2712091952562 2051.4801848568022 5873.5265371277928 2804.099313095212 47.247897606343031 2096.2851668260992 442.21733494102955 209.78544249385595 350.59309628978372 52.262152910232544 195.75372263230383
leaf_count=15104 16568 2900 7350 11761 14152 32704 12004 375 28861 6429 1064 13013 459 4918
internal_value=-3.02133e-05 -0.012108 0.00109422 -0.00145711 0.00161461 0.00275367 0.00343875 -0.00390755 -0.00505078 -0.00627875 -0.00177384 -0.0178959 0.00788222 -0.0146327
internal_weight=17966.8 1526.46 16440.3 6465.29 3479.75 9975.04 8677.63 642.826 2985.53 543.316 1297.41 883.637 99.5101 546.347
internal_count=167662 43198 124464 71342 25913 53122 44708 10163 45429 9329 8414 33035 834 17931
is_linear=0
shrinkage=0.03


Tree=102
num_leaves=15
num_cat=0
split_feature=2 1 1 2 2 2 7 1 6 1 1 6 7 7
split_gain=226.548 149.442 57.5961 43.2006 42.8072 42.757 34.8283 31.822 29.3321 20.7751 17.7897 10.8657 7.00375 6.8538
threshold=0.0032662870358655155 0.029466880634103073 1.0760015873782804 0.004283565586432057 0.0016585640722040918 0.0025462049533089225 0.084856571751616747 1.8385319234672457 -0.0073501681634677843 -1.1471024265438847 2.7922668467689333 0.033530469335014253 0.099443182984050318 0.08412077426119316
decision_type=8 10 10 8 10 10 10 10 10 8 10 10 10 10
left_child=1 5 3 8 -3 13 10 -6 -2 -5 -4 -8 -7 -1
right_child=2 4 6 9 7 12 11 -9 -10 -11 -12 -13 -14 -15
leaf_value=-0.020067882775602276 0.0019545992427333139 -0.015092181060031644 0.001717638411681472 -0.0017822076317493441 -0.0024328933554706215 -0.009767908870572611 0.012334004068102832 0.0049794829942187936 -0.0036756488602407555 0.0029541132826928123 0.01344350520524175 0.0045986664794794305 -0.0028080333092605769 -0.009769766318004424
leaf_weight=573.09489201754332 1270.9753530286252 188.72389757633209 1216.199946783483 935.63304553925991 2176.7632032856345 854.05873910337687 740.10169484466314 672.05151539295912 2326.116488032043 6361.2894309163094 122.50180768966675 266.42413803935051 195.61064766719937 126.17380282655358
leaf_count=23366 10052 6108 5849 5401 28276 16582 3334 4356 24233 31301 542 1138 3134 4479
internal_value=-8.36511e-05 -0.0056734 0.00193548 0.00100818 -0.00161543 -0.0126379 0.0061949 -0.000651983 -0.00166975 0.00233699 0.00292686 0.0104109 -0.00856626 -0.0184583
internal_weight=18025.7 4786.48 13239.2 10894 3037.54 1748.94 2345.23 2848.81 3597.09 7296.92 1338.7 1006.53 1049.67 699.269
internal_count=168151 86301 81850 70987 38740 47561 10863 32632 34285 36702 6391 4472 19716 27845
is_linear=0
shrinkage=0.03


Tree=103
num_leaves=13
num_cat=0
split_feature=1 0 0 6 1 7 6 3 3 7 6 6
split_gain=92.856 67.3323 71.1636 63.3159 28.4135 20.3963 19.3215 12.8942 9.60639 6.79618 4.14199 3.3247
threshold=1.3466660082386379 -0.0056733203031123494 0.0029961878196322904 -0.011276265485405721 3.7810991809203216 0.085666869791897429 0.056631179254033277 1.131830537846511 -1.1484163497342414 0.007649293141773753 -0.055126258735085358 -0.0073501681634677843
decision_type=8 10 10 10 10 8 10 10 10 10 10 10
left_child=1 9 3 -3 5 8 -4 -7 -2 11 -11 -1
right_child=4 2 6 -5 -6 7 -8 -9 -10 10 -12 -13
leaf_value=-0.0034511594116283136 -0.0066416878084860275 0.0011253637520227341 -0.00014410808347056314 -0.0061934437926140663 0.018573555594812198 0.0055347288482990482 0.0061369980569770085 0.013838854870124545 0.0025620794395456756 0.005626406043067517 0.0024423672643841508 0.0032837691733134436
leaf_weight=234.67153267003596 97.042389381676912 1392.2770888935775 4932.7915833834559 4292.6802696101367 125.45899083837867 1037.5575714372098 472.47254906967282 218.906692719087 1459.5902121700346 460.3327412083745 3168.5450467243791 73.32524829171598
leaf_count=1470 630 12677 40034 71866 644 5410 2232 1155 9679 2116 19350 514
internal_value=9.97433e-05 -0.000851429 -0.00205056 -0.00439166 0.00497056 0.004279 0.000404161 0.00712673 0.00191127 0.00250798 0.00287711 -0.00160624
internal_weight=17965.7 15027.1 11090.2 5684.96 2938.56 2813.1 5405.26 1256.46 1556.63 3936.87 3628.88 307.997
internal_count=167777 150259 126809 84543 17518 16874 42266 6565 10309 23450 21466 1984
is_linear=0
shrinkage=0.03


Tree=104
num_leaves=13
num_cat=0
split_feature=1 0 0 1 7 1 4 4 4 7 0 7
split_gain=92.3861 61.7773 90.6951 53.6082 26.5598 22.2698 16.1946 10.8292 7.15363 6.31853 2.95864 2.03145
threshold=2.1836158683276099 -0.0035241769373015037 0.0042149997397984426 -0.3299063130487126 0.040832782835173033 3.2882728992079229 0.67312500000000008 0.45062500000000005 0.60437500000000011 0.029744274382679552 -0.017855609637251076 0.16751948955608281
decision_type=10 8 10 8 8 10 10 8 10 10 10 10
left_child=1 4 3 -3 8 9 -4 -6 -1 10 -2 -11
right_child=5 2 6 -5 7 -7 -8 -9 -10 11 -12 -13
leaf_value=0.0002229246386971762 0.0059795204009009707 -0.0074159168832433576 0.001331237169784637 -0.0014759947441028291 0.0055412093190747328 0.016375822546925763 -0.0058622644131639742 0.0021161316339782621 -0.0043663974638765788 0.0061719650619039088 -0.00190372514507524 0.012400183681054208
leaf_weight=1993.6783116534352 52.19806482642889 2798.7080577183515 5193.0784204471856 2735.7321154270321 1554.2603030595928 253.42248940840364 285.54070857539773 1997.3561978340149 347.2124385330826 558.72576988488436 118.16296498477459 86.644168026745319
leaf_count=14321 239 46903 35544 37344 9606 1312 2461 13098 2597 3120 815 399
internal_value=7.70138e-05 -0.000462602 -0.0017915 -0.00449853 0.00200977 0.0085903 0.000935389 0.00364321 -0.000447942 0.00592988 0.00037662 0.00727614
internal_weight=17974.7 16905.6 11013.1 5534.44 5892.51 1069.15 5478.62 3551.62 2340.89 815.731 170.361 645.37
internal_count=167759 161874 122252 84247 39622 5885 38005 22704 16918 4573 1054 3519
is_linear=0
shrinkage=0.03


Tree=105
num_leaves=15
num_cat=0
split_feature=2 1 2 1 1 7 2 2 4 1 7 7 1 2
split_gain=209.143 95.9311 60.887 52.4803 31.5695 28.3846 27.6715 26.759 25.5748 17.9776 17.0607 9.53309 5.51313 5.29747
threshold=0.0027195488069857018 0.53409779314950001 0.0038722241664001923 -0.40327835718290878 1.6843603004968217 0.0066143277398788862 0.0021430054013436232 0.0016585640722040918 0.49062500000000003 2.7922668467689333 0.13299988772034707 0.082646617819239349 -0.075739227095112147 0.003552681884281731
decision_type=8 10 8 10 10 10 10 10 10 10 10 10 10 10
left_child=1 6 3 13 8 -5 12 -3 -4 -9 -6 -8 -1 -2
right_child=2 7 4 5 10 -7 11 9 -10 -11 -12 -13 -14 -15
leaf_value=-0.022374864683960355 -0.0080072952108740658 -0.014105669051138471 0.0033215368274428039 -0.0095501747085881689 0.0062466908040748909 0.00097541510987388016 -0.011874633276570212 -0.0016800545080209364 2.2999945167450973e-05 0.0097927842605406937 0.018774090107978127 -0.0036228001338853353 -0.012959327779261284 -0.0033973219195398766
leaf_weight=323.11104290559888 856.41468299925327 130.08803687617183 6153.2517298012972 234.58225736767054 582.75374275445938 3909.7176739312708 565.84235301800072 894.92401680164039 3277.4075011312962 132.1302746757865 123.91182094812393 205.89716748520732 185.40411655977368 407.21854312717915
leaf_count=15409 15494 3632 32258 2177 2573 32086 15947 11566 18836 817 537 4874 6786 5110
internal_value=0 -0.0081516 0.00128293 -0.00127863 0.00265527 0.000343632 -0.0137846 -0.00180313 0.0021828 -6.60241e-05 0.00875837 -0.00982433 -0.0193738 -0.00660713
internal_weight=17982.7 2437.4 15545.3 5407.93 10137.3 4144.3 1280.25 1157.14 9430.66 1027.05 706.666 771.74 508.515 1263.63
internal_count=168102 59031 109071 54867 54204 34263 43016 16015 51094 12383 3110 20821 22195 20604
is_linear=0
shrinkage=0.03


Tree=106
num_leaves=15
num_cat=0
split_feature=2 2 1 1 1 1 2 1 0 1 2 2 0 1
split_gain=227.728 77.5149 77.5968 73.4354 32.4512 29.399 26.4329 16.9322 15.9836 15.9709 9.62815 6.28914 6.17479 1.67626
threshold=0.0023358565281525515 0.0037798306691608631 0.069389573707070745 0.66601876049380038 -0.52500638080014117 3.2882728992079229 0.0073433263091247031 -0.7106732758758002 0.0073254301669652975 2.7922668467689333 0.0016585640722040918 0.0018894389554005039 -0.0029002358368288568 -0.68031260900575952
decision_type=8 8 10 10 10 10 10 10 8 10 10 10 10 10
left_child=3 2 7 11 8 -4 -6 -2 -3 10 -5 -1 -11 -13
right_child=1 4 5 9 6 -7 -8 -9 -10 12 -12 13 -14 -15
leaf_value=-0.022071950547431982 -0.009251532703319269 -0.00092191385680899811 0.00053827716441249304 -0.013855492892567265 0.0028873242120362277 0.013994742391804114 0.0076152846610056208 -0.0038101480856676689 0.0042970733793563426 -4.8262370666997218e-05 -0.0031827870083435822 -0.019442124385878917 0.013996203319921323 -0.011847503533236516
leaf_weight=314.00442873686552 856.4758891556412 2577.1157213486731 3501.0286750588566 97.503467688336968 6072.6099264770746 143.3423573076725 1318.8475543856621 1493.8975509740412 652.68749676644802 39.949615810066462 388.35545804537833 115.35463246516883 46.254704263061285 315.9099760260433
leaf_count=14991 17248 17380 29194 2916 31614 649 5670 23050 3291 326 5748 4949 407 10282
internal_value=0.00015448 0.00111236 -0.00160713 -0.0117998 0.00265298 0.00112082 0.00374818 -0.0058492 0.000124242 -0.00349181 -0.00568185 -0.0179668 0.00753544 -0.0144094
internal_weight=17933.3 16616 5994.74 1317.33 10621.3 3644.37 7391.46 2350.37 3229.8 572.063 485.859 745.269 86.2043 431.265
internal_count=167715 128096 70141 39619 57955 29843 37284 40298 20671 9397 8664 30222 733 15231
is_linear=0
shrinkage=0.03


Tree=107
num_leaves=15
num_cat=0
split_feature=2 2 6 2 7 6 7 0 7 7 5 6 2 3
split_gain=203.275 54.0929 35.7358 35.0898 37.7322 27.463 28.3521 14.6382 14.1605 13.3401 13.1456 7.59272 7.52423 7.32445
threshold=0.0029311035973404779 0.0017639783319164475 -0.005288168420757521 0.0065673277622668074 0.05634588212962157 -0.0082139277780974834 0.123441941854011 0.012888053921045752 0.040832782835173033 0.16751948955608281 0.84096832325030879 -0.024872446401529299 0.011644782828630353 -0.50865557526259952
decision_type=8 10 10 8 10 10 10 8 10 10 10 10 10 10
left_child=1 9 7 4 -4 10 -7 8 -2 11 -3 -1 -5 -9
right_child=2 5 3 12 -6 6 -8 13 -10 -11 -12 -13 -14 -15
leaf_value=0.0024494225358490571 0.001096005892148405 0.00077367951678232471 -0.0030062483997216841 0.0030956380782656357 0.001460117073544193 -0.008881821162753354 0.00100365502337699 0.0026428324839779219 0.0041128149088440914 0.009836386728672571 -0.0091904750089314008 -0.018634812747562908 0.0087273971569946703 0.014929720710019013
leaf_weight=8.5430139712989313 2385.7835926450789 731.61167889274657 3321.507011808455 1471.9006846398115 3454.0388171486557 1594.9955560173839 296.85499628446996 88.312272228300571 3652.3128270953894 7.3183321654796591 130.71744452416897 385.35213475674391 267.54970327019691 137.4901674836874
leaf_count=119 15079 9300 29548 6359 24919 37148 3817 385 21123 100 2056 16378 1135 600
internal_value=4.14592e-05 -0.00685486 0.00152157 0.000247775 -0.000721745 -0.00528432 -0.007302 0.00324041 0.00293451 -0.0170995 -0.000756011 -0.0179796 0.00404111 0.0106946
internal_weight=17934.3 3155.39 14778.9 8515 6775.55 2754.18 1891.85 6263.9 6038.1 401.213 862.329 393.895 1739.45 225.802
internal_count=168066 68918 99148 61961 54467 52321 40965 37187 36202 16597 11356 16497 7494 985
is_linear=0
shrinkage=0.03


Tree=108
num_leaves=15
num_cat=0
split_feature=2 1 2 7 1 1 2 7 1 1 2 1 1 7
split_gain=190.243 109.545 53.3339 47.7892 37.4225 28.1264 27.1874 21.9884 20.4333 16.6952 15.8021 9.7138 5.64485 3.28349
threshold=0.0028756279559095919 -0.16177798398710028 0.0061243861919275519 0.054753994114120151 1.3466660082386379 0.49203696061066243 0.0016585640722040918 0.15535315416955706 -0.85226924130394477 1.9610083703676942 0.0020882479789558219 -0.72103091910316175 -0.785284227139883 0.10229160609044675
decision_type=8 10 8 10 10 10 10 10 10 10 10 10 10 10
left_child=1 10 3 8 6 -5 -3 -6 -2 11 13 -4 -12 -1
right_child=2 4 9 5 7 -7 -8 -9 -10 -11 12 -13 -14 -15
leaf_value=-0.023880264720660294 -0.0057124769077488893 -0.018928158037219783 0.0014814229964128557 0.00016573835400038835 0 0.0044193055002904012 -0.0047288779757093504 0.01496287303182034 -0.00092476048523493302 0.014756634804998467 -0.016841649532585309 0.004826811198966512 -0.0093459670305450892 -0.0037341016230039532
leaf_weight=240.28561262227595 994.81417278945446 132.1755300629884 1187.1533343493938 3107.3273989893496 659.27234580740333 2582.8724370226264 1185.1081250440329 91.694728258997202 4260.267667517066 126.38402605056763 237.84657950140536 2753.4664830565453 342.67853095382452 19.153338167816401
leaf_count=12470 11635 5650 5370 26253 6661 13061 22359 579 33089 621 7870 11745 9703 867
internal_value=-5.81093e-05 -0.00707046 0.00130015 0.000203227 -0.00328984 0.00211139 -0.00633071 0.00197845 -0.00185162 0.00422977 -0.0161607 0.00384047 -0.0127518 -0.0228094
internal_weight=17920.5 2908.21 15012.3 10945.3 2068.25 5690.2 1317.28 750.967 5255.08 4067 839.964 3940.62 580.525 259.439
internal_count=167933 66159 101774 84038 35249 39314 28009 7240 44724 17736 30910 17115 17573 13337
is_linear=0
shrinkage=0.03


Tree=109
num_leaves=15
num_cat=0
split_feature=2 1 2 1 1 4 1 2 2 1 1 6 2 5
split_gain=198.673 62.6827 78.5776 57.7373 37.6787 25.7315 22.8592 21.1788 19.156 10.2159 9.8254 7.89733 6.37009 0.970893
threshold=0.0024519216204720831 0.76130195089509156 0.003552681884281731 1.2837810836613726 -0.56290049079137139 0.48937500000000006 3.2882728992079229 0.007831627661724792 0.0019877204066549993 3.7810991809203216 -0.7106732758758002 0.030587453302250548 0.0019546629117876799 0.14380683880496362
decision_type=8 8 10 10 10 10 10 10 10 10 10 10 10 10
left_child=3 2 4 8 -2 -4 7 -3 11 12 -10 -1 -5 -8
right_child=1 6 5 9 -6 -7 13 -9 10 -11 -12 -13 -14 -15
leaf_value=-0.019092304468420047 -0.010017446760306383 0.0028464327668686002 0.002421835321560698 -0.0069604540749744663 -0.0023177717573764837 -0.00094077370838430206 0.016444945518374544 0.011252760877013778 -0.017525359452396694 0.012893182751219348 -0.007609669750802987 0.00044740442166288949 0.00049918576722662986 0.007158193348621879
leaf_weight=468.33747357130051 801.16402936726809 4178.1510989256203 5590.4671742618084 150.25008771568537 2081.4671471584588 3190.6446650512516 122.34396596997976 286.81992430984974 130.82996665500104 33.924589179456234 528.01994525641203 12.682819614186881 249.07302974909544 69.572975099086761
leaf_count=20791 16710 22699 32707 2624 26888 20984 540 1378 5465 243 13997 218 2481 312
internal_value=-2.22363e-05 0.000958096 -0.000212529 -0.0101726 -0.0045057 0.00119352 0.0038971 0.00342378 -0.0136926 -0.000676281 -0.00990095 -0.0184563 -0.00226249 0.0138967
internal_weight=17893.7 16320.6 11663.7 1573.12 2882.63 8781.11 4656.89 4464.97 1139.87 433.248 658.85 481.02 399.323 191.917
internal_count=168037 122218 97289 45819 43598 53691 24929 24077 40471 5348 19462 21009 5105 852
is_linear=0
shrinkage=0.03


Tree=110
num_leaves=15
num_cat=0
split_feature=0 0 6 6 7 0 7 4 6 5 6 4 5 7
split_gain=72.2367 83.1051 38.9739 45.1622 35.8565 21.3108 17.0413 18.9627 12.507 8.8276 7.21624 6.63709 6.38506 5.61618
threshold=-0.004146248308437738 0.0025712019759165376 -0.0067508324162535152 0.010719700726574468 0.1129829735010431 0.03697891092662809 0.072569225632720932 0.52187500000000009 -0.068807594727604546 -0.18824368720488491 0.0036099551654986688 0.38437500000000008 -0.99057852624988774 0.090529872613743803
decision_type=8 10 10 10 10 10 8 10 8 8 10 8 10 10
left_child=6 2 8 -4 5 -3 7 10 -2 -6 -1 13 -9 -8
right_child=1 4 3 -5 9 -7 11 12 -10 -11 -12 -13 -14 -15
leaf_value=0.0019383778312434393 0.014014949150748784 -0.00077829138093188073 -0.0087722139694665878 -0.0011375997128092287 0.001533341234413186 0.0086330011042158126 0.015426201427949666 -0.0061549836120564283 -0.00106471286211725 0.0071447514048652823 0.0065439791351783764 0.0038905839112648353 -0.00067330866185965992 0.005064328621954447
leaf_weight=2325.8117796741426 40.895434007048607 5543.902976885438 2242.1098781581968 1042.6789880450815 424.10972779616714 214.75132523477077 88.079819416627288 253.19720425829291 1488.1609287355095 784.93825148791075 366.21071255207062 2020.565497290343 833.92638401128352 177.28918192349374
leaf_count=15491 199 44653 48175 10471 2842 948 478 1651 16788 5215 2244 11757 5730 981
internal_value=-0.000138288 -0.0015106 -0.00453898 -0.0063778 0.000576551 -0.000402568 0.00251568 0.00125131 -0.000533973 0.00525433 0.00260901 0.00456528 -0.00204917 0.00915678
internal_weight=17846.6 11781.5 4813.85 3284.79 6967.7 5758.65 6065.08 3779.15 1529.06 1209.05 2692.02 2285.93 1087.12 265.369
internal_count=167623 129291 75633 58646 53658 45601 38332 25116 16987 8057 17735 13216 7381 1459
is_linear=0
shrinkage=0.03


Tree=111
num_leaves=14
num_cat=0
split_feature=6 1 6 0 4 4 1 6 0 1 1 1 6
split_gain=70.0269 54.0872 43.826 40.3264 25.5586 19.4169 14.2369 12.9956 15.2012 9.07011 7.45031 7.35193 6.01965
threshold=-0.0051277273759966482 1.9610083703676942 0.0076256006763735238 0.0084137111099452672 0.47187500000000004 0.70812500000000012 3.0063222569592827 -0.035583515385673607 0.0021239635318321963 1.7338962950319667 -1.231928932170204 3.7810991809203216 0.010719700726574468
decision_type=8 8 10 10 10 10 10 10 10 10 10 10 8
left_child=4 2 3 -2 7 -4 10 9 -9 -1 -6 12 -3
right_child=1 11 5 -5 6 -7 -8 8 -10 -11 -12 -13 -14
leaf_value=0.0050908134177405926 -0.0056685095341525021 0.0098839118559866292 -0.00022232393277909178 0.0045708287767472489 -0.0056635060335693604 -0.012280330824612645 0.011090635247252977 0.0016171345697028338 0.0073005005479478292 0.012004899880016573 0.00037311488022721514 0.01561574184607176 0.0031106809188469601
leaf_weight=997.85703165456653 3408.1968501973897 167.55912688560784 5760.6416385136545 371.1483443826437 185.68272062763572 113.17678478360176 97.870213311165571 2246.883298324421 530.40851224027574 233.05978631973267 3069.4078837931156 62.761631984263659 563.68966789543629
leaf_count=4820 58438 1321 45654 2186 1795 1151 480 19578 3768 1082 24176 331 2942
internal_value=8.00848e-05 -0.00149503 -0.00212037 -0.00463772 0.00232266 -0.000485332 0.000367852 0.00393799 0.00274637 0.00653446 0 0.00596481 0.00485605
internal_weight=17808.3 10447.2 9653.16 3779.35 7361.17 5873.82 3352.96 4008.21 2777.29 1230.92 3255.09 794.01 731.249
internal_count=167722 112023 107429 60624 55699 46805 26451 29248 23346 5902 25971 4594 4263
is_linear=0
shrinkage=0.03


Tree=112
num_leaves=15
num_cat=0
split_feature=2 1 2 1 2 1 4 1 4 7 1 7 2 0
split_gain=185.051 82.7332 44.683 44.5372 30.1762 29.8931 28.7249 19.5318 17.7186 17.3675 10.6227 9.51213 8.81048 5.35252
threshold=0.0027195488069857018 1.3466660082386379 0.0035658219514951802 0.19308892435269057 0.0017989135513542737 1.8385319234672457 0.48937500000000006 -0.15249851215788088 0.61437500000000012 0.1631402089546222 -0.45933897015971231 0.088031020552965106 0.0017989135513542737 0.0046465923884769786
decision_type=8 10 8 10 10 10 10 10 8 10 10 10 10 10
left_child=1 4 3 10 13 6 -4 -6 -5 12 -2 -7 -3 -1
right_child=2 9 5 8 7 11 -8 -9 -10 -11 -12 -13 -14 -15
leaf_value=-0.021024165506515726 -0.0077572364762747113 -0.0086373910593715245 0.0029171045569798258 0.0026880638537444706 -0.013627050815883933 0.0047536109649825098 -0.00028045746689666907 -0.0060556120288838521 -0.0038998702769627493 0.014669878593870582 -0.0027893095976389455 0.012293617163180533 0.0012892124152576014 -0.0029182602027421276
leaf_weight=283.4437601082027 794.57729517668486 86.227090841159225 7021.9895291291177 1711.757741946727 545.10700520314276 417.29599629342556 3895.0497237816453 866.3457389883697 452.00377781316638 68.959034394472837 883.65693174302578 297.28343206644058 467.39561327546835 27.455733736976981
leaf_count=14563 14900 1785 39137 12520 19804 1866 24138 17249 3331 433 11586 1304 4176 832
internal_value=4.88972e-05 -0.00778254 0.00124384 -0.00154921 -0.0111582 0.00217209 0.00177155 -0.00909723 0.00127265 0.00149014 -0.00520898 0.00809963 -0.000276225 -0.019753
internal_weight=17818.5 2344.93 15473.6 3842 1722.35 11631.6 10917 1411.45 2163.76 622.582 1678.23 714.579 553.623 310.899
internal_count=167624 58842 108782 42337 52448 66445 63275 37053 15851 6394 26486 3170 5961 15395
is_linear=0
shrinkage=0.03


Tree=113
num_leaves=14
num_cat=0
split_feature=1 0 0 6 1 7 6 7 6 6 3 3 7
split_gain=68.6136 59.5353 58.2424 34.2356 23.1308 14.3565 14.289 12.7284 9.63597 8.38594 6.98876 5.52217 2.94266
threshold=1.3466660082386379 -0.0036224577769889961 0.0021239635318321963 -0.010977681686876293 3.2882728992079229 0.085666869791897429 -0.0075500259620175916 0.068823776937084857 0.015439689589499041 -0.031959016104557307 -0.80157241326873374 -1.1541131299819409 0.045673404130553784
decision_type=8 10 10 10 10 8 10 10 8 8 10 10 10
left_child=1 7 3 -3 5 11 -4 9 -7 -1 -9 -2 -6
right_child=4 2 6 -5 12 8 -8 10 -10 -11 -12 -13 -14
leaf_value=0.0034361349581078092 -0.0076880527774856556 6.3219460117144464e-05 0.0031986730095366588 -0.0064796622683919976 0.0054226574330577242 0.0080722857102458884 -0.00087652370112598836 0.0066626570036677621 0.0023582208229504277 -0.00015613580361027827 0.0025073882564061456 0.0016946110667000695 0.015251316164543957
leaf_weight=755.15059326775372 46.997902752831578 918.3744179662317 901.52579211443663 3037.5401766058058 76.456432215869427 701.76874718628824 5059.078170215711 577.48720083385706 499.03395291045308 2363.9281922411174 1241.101297724992 1443.9727007877082 175.97732430323958
leaf_count=3780 304 8876 6101 56657 435 3746 44470 3744 2559 18634 7862 9631 867
internal_value=3.76703e-05 -0.000788883 -0.00213124 -0.00494926 0.00421668 0.00334289 -0.000245787 0.00189377 0.00578626 0.000702605 0.00388891 0.00130963 0.0128231
internal_weight=17798.4 14854.2 9916.52 3955.91 2944.21 2691.77 5960.6 4937.67 1200.8 3119.08 1818.59 1490.97 252.434
internal_count=167666 150124 116104 65533 17542 16240 50571 34020 6305 22414 11606 9935 1302
is_linear=0
shrinkage=0.03


Tree=114
num_leaves=15
num_cat=0
split_feature=2 1 2 1 2 2 4 7 2 6 4 5 6 7
split_gain=159.373 90.1083 39.9063 36.3771 35.5572 33.8541 33.5102 25.9114 20.6099 22.3941 12.5558 9.6006 8.46664 6.82704
threshold=0.0032013059292748292 -0.19927531486651109 0.0025462049533089225 -0.80747704338311976 0.0064893139797160262 0.0016585640722040918 0.57812500000000011 0.099443182984050318 0.005292812870999245 -0.0077722197793992356 0.62937500000000013 1.1522222159097384 -0.025636660821582776 0.15216229982414128
decision_type=8 10 10 8 10 10 10 8 10 10 8 10 10 10
left_child=1 2 -1 8 7 13 -7 -5 9 -2 -6 -10 -4 -3
right_child=3 5 12 4 10 6 -8 -9 11 -11 -12 -13 -14 -15
leaf_value=-0.018485568074867863 0.0018491681473983726 -0.015404816924381852 0.0033947415924257961 0.00051422846458604198 0.0048542569525626559 0.00044736469975900157 -0.0069590864816121336 0.0041735181694937395 0 -0.0069837782975512271 0.012060594215496783 0.0075965322244326743 -0.007935739217583301 0.0041092803910635148
leaf_weight=492.40514253266156 350.67650258913636 184.04919862933457 52.119100037962198 6218.8240566365421 2153.4063215702772 2227.1938521042466 714.30972786620259 2437.835867729038 1077.3377987220883 849.38348672538996 256.00525987148285 166.26831693202257 629.52745500952005 8.4272354096174222
leaf_count=22799 3203 7195 627 41409 9268 28881 9306 13570 5210 10600 1094 799 13972 114
internal_value=0.000126492 -0.00488759 -0.0119517 0.00173227 0.00246559 -0.00219253 -0.00134836 0.00155528 -0.00156061 -0.00435912 0.00569143 0.00110527 -0.0069461 -0.0140933
internal_weight=17817.8 4308.03 1174.05 13509.7 11066.1 3133.98 2941.5 8656.66 2443.67 1200.06 2409.41 1243.61 681.647 192.476
internal_count=168047 82894 37398 85153 65341 45496 38187 54979 19812 13803 10362 6009 14599 7309
is_linear=0
shrinkage=0.03


Tree=115
num_leaves=14
num_cat=0
split_feature=2 1 1 2 2 1 1 1 4 2 1 1 1
split_gain=161.116 94.4946 38.5305 36.3119 31.7366 25.9438 23.2268 19.0702 12.5181 12.2942 8.97842 8.18547 4.69837
threshold=0.0028756279559095919 0.53409779314950001 1.9610083703676942 0.0039478601575500165 0.0020882479789558219 -0.74280368609487091 -1.7534545168611089 3.2882728992079229 0.66437500000000005 0.0056769676153438954 -0.785284227139883 3.7810991809203216 -0.36668769995926803
decision_type=8 10 10 8 10 10 8 10 10 10 10 10 10
left_child=1 4 3 5 12 -2 -5 8 -3 11 -6 -4 -1
right_child=2 7 9 6 10 -7 -8 -9 -10 -11 -12 -13 -14
leaf_value=-0.023623377301785906 -0.0065202954801752656 -0.0010032300959086178 0.0041920167551669834 -0.0078944667116175541 -0.014421683654025486 -0.00032259164960117477 0.0021673595282680857 0.010636007497397003 -0.011917263130336919 0.014897324365128924 -0.0070348945286850505 0.014976586315359846 -0.013982263357178065
leaf_weight=189.61383421067148 714.46244299411774 1182.4758292660117 757.79339148849249 199.23692639172077 222.44312151893973 3946.4199172407389 9127.3086395338178 107.55109887942672 95.38261154666543 151.12663769721985 813.27826195210218 68.407489493489265 222.41875809617341
leaf_count=10768 12058 16042 3390 1295 7854 35693 48228 669 1306 745 19667 289 9916
internal_value=1.87625e-05 -0.00652481 0.00126514 0.0008553 -0.0118602 -0.0012974 0.00193776 -0.000861343 -0.00195068 0.00700197 -0.00880148 0.00532513 -0.0190158
internal_weight=17797.9 2833.16 14964.8 13987.4 1447.75 4660.88 9326.55 1385.41 1277.86 977.328 1035.72 826.201 412.033
internal_count=167920 66222 101698 97274 48205 47751 49523 18017 17348 4424 27521 3679 20684
is_linear=0
shrinkage=0.03


Tree=116
num_leaves=15
num_cat=0
split_feature=2 1 1 2 2 1 3 1 2 2 4 1 1 1
split_gain=149.427 57.0468 50.6351 56.3792 28.1251 26.2558 18.1241 13.7951 11.2196 9.70102 7.96146 6.50222 5.33952 4.17311
threshold=0.0023358565281525515 0.66601876049380038 -0.45933897015971231 0.003552681884281731 0.0057558723285817152 3.2882728992079229 -0.56382710802568314 1.9610083703676942 0.0016585640722040918 0.0019736335366390503 0.43187500000000006 2.1836158683276099 2.3702013067977661 -0.35763036366884404
decision_type=8 10 8 10 10 10 10 10 10 10 10 10 10 10
left_child=1 9 3 10 5 -4 -5 -6 12 -1 -2 -10 -3 -11
right_child=2 8 4 6 7 -7 -8 -9 11 13 -12 -13 -14 -15
leaf_value=-0.019866083989060538 -0.013525598468680991 -0.014358472376252349 0.00074729889091253664 0.0021034304281742993 0.0038840569258968998 0.011733202517551744 -0.0021311577008029567 0.013385330781600643 -0.0027745709578436196 -0.015538422617104546 -0.0064747571801478873 0.0049188912801707866 0 -0.0071150071510094233
leaf_weight=335.01122337020934 222.15328998118639 81.854162050411105 8899.5219604279846 1693.3784033022821 2688.9327849149704 191.31110991537571 1937.6813280284405 143.85738563537598 316.86637176387012 144.74246130883694 743.78100920654833 130.11397211998701 28.777916043996811 196.24563807621598
leaf_count=17509 4860 2738 68595 11717 11451 844 13501 714 5162 6677 16425 1010 456 6195
internal_value=3.06586e-05 -0.0099945 0.00078847 -0.00187724 0.00182194 0.000997722 -0.000139486 0.00443305 -0.0026838 -0.0158104 -0.00827982 -0.00034511 -0.0108234 -0.0112024
internal_weight=17754.2 1233.61 16520.6 4596.99 11923.6 9090.83 3631.06 2832.79 557.612 675.999 965.934 446.98 110.632 340.988
internal_count=167854 39747 128107 46503 81604 69439 25218 12165 9366 30381 21285 6172 3194 12872
is_linear=0
shrinkage=0.03


Tree=117
num_leaves=15
num_cat=0
split_feature=2 1 1 2 7 1 4 2 7 2 1 5 2 7
split_gain=142.694 72.1217 37.9198 34.7093 29.1691 29.0425 24.5175 22.2474 18.9652 13.0022 12.0095 11.1773 7.29186 4.12256
threshold=0.0025593995991118391 -0.10483344154260504 0.74496767310870837 0.0035658219514951802 0.014397161215242807 1.5582694039150586 0.48937500000000006 0.0069216452242156648 0.11188711026338242 0.0016585640722040918 3.7810991809203216 -0.068487379663526624 0.0020882479789558219 0.084856571751616747
decision_type=8 10 10 8 10 10 10 10 10 10 10 10 10 10
left_child=1 12 3 8 11 9 -5 -6 -2 -3 -7 -4 -1 -14
right_child=2 5 4 6 7 10 -8 -9 -10 -11 -12 -13 13 -15
leaf_value=-0.021743224050484129 -0.004184013382193286 -0.015948196743534461 0.00085085186596539305 0.0020863871984056325 0.0033264445386556886 0.00041691888689964363 -0.0012115481179589428 0.010841145280854152 0.0022542410387647936 -0.0052746958918573452 0.016190664670227686 -0.0077658883905705016 -0.014499779409756632 -0.0033828737798249605
leaf_weight=242.49385119695216 2189.128216220066 126.02684370800853 252.28413212671876 5676.5134938433766 3585.8734500221908 363.56267119199038 3121.629480984062 397.81090119481087 486.83721012622118 712.95808890461922 40.951681271195412 253.78507542982697 230.66147994436324 59.934570953249931
leaf_count=14053 33795 5722 1409 32897 19017 3943 20541 1881 5625 15818 271 1459 9094 2163
internal_value=1.17169e-05 -0.00802548 0.000914382 0 0.00324846 -0.00394263 0.000909403 0.00411715 -0.00298633 -0.00711764 0.00251062 -0.00342078 -0.0171908 -0.0125954
internal_weight=17740.5 1776.59 15963.9 11474.1 4489.75 1243.5 8798.14 3983.68 2675.97 838.985 404.514 506.069 533.09 290.596
internal_count=167688 51064 116624 92858 23766 25754 53438 20898 39420 21540 4214 2868 25310 11257
is_linear=0
shrinkage=0.03


Tree=118
num_leaves=15
num_cat=0
split_feature=2 1 2 1 7 7 1 5 1 7 2 2 2 2
split_gain=136.407 58.9271 48.3189 54.7025 28.72 27.3584 20.0952 15.4392 13.4256 8.9113 8.84056 6.23801 5.79055 3.83601
threshold=0.0023358565281525515 1.2553710978542398 0.005442031007640939 -0.3299063130487126 0.096630472506023884 0.027412014305882505 1.7338962950319667 -0.30988698708607221 -0.30184657195514181 0.041253472623327521 0.0014092396667470914 0.0021062118175967973 0.0016809067096505068 0.0066638782940363116
decision_type=8 10 10 8 8 10 10 8 10 10 10 10 10 10
left_child=1 8 3 5 -5 -2 7 -4 -1 11 -10 -3 -11 -8
right_child=2 9 6 4 -6 -7 13 -9 10 12 -12 -13 -14 -15
leaf_value=-0.019545121162123116 -0.007616806679927323 -0.010473935273322105 0.0003959306506388578 -0.00034267061919357217 0.0034317113587881104 -0.0017125104571014647 0.0056638464847611238 0.003947258306541559 -0.020872445768024619 -0.0044120753802028125 -0.0086600800493522711 0.0023029814877258649 0.0060129819061910793 0.015323436213815086
leaf_weight=294.57207113038749 1078.0471886768937 81.278487484902143 1790.8473491370678 5538.8019336424768 2670.7669985480607 2145.1466912701726 111.29326264560223 3040.5997897833586 70.410972795449197 47.758232636377215 486.46882508229464 39.714882783591747 196.4248597510159 128.4274970293045
leaf_count=16207 15045 1463 7889 45100 16696 28591 493 13388 3643 990 15116 443 1929 660
internal_value=-5.09375e-05 -0.00970619 0.000662637 -0.000414231 0.000880607 -0.0037233 0.00309824 0.00264684 -0.0139889 0.000226141 -0.010651 -0.00596635 0.0036446 0.0114855
internal_weight=17720.6 1216.63 16503.9 11432.8 8209.57 3223.19 5071.17 4831.45 851.452 365.176 556.88 120.993 244.183 239.721
internal_count=167653 39791 127862 105432 61796 43636 22430 21277 34966 4825 18759 1906 2919 1153
is_linear=0
shrinkage=0.03


Tree=119
num_leaves=15
num_cat=0
split_feature=1 6 6 0 7 4 1 6 5 6 7 4 4 1
split_gain=62.3698 43.909 35.7904 31.5012 29.2674 23.0847 20.6579 16.1559 13.6867 13.3472 11.0981 14.0281 8.63276 6.45562
threshold=1.1012185922268034 -0.007152123665679965 0.0084869709094483898 -0.0052425829219914779 0.093921020462573876 0.49187500000000006 2.625312181747907 0.038604001413766305 1.1730296124298099 0.032523106519563257 0.04167525718067823 0.63687500000000008 0.44062500000000004 0.32839982684432778
decision_type=10 8 10 8 10 8 8 10 10 10 10 10 10 10
left_child=1 10 3 -3 5 8 -7 -4 -2 12 11 -1 -6 -12
right_child=4 2 7 -5 9 6 -8 -9 -10 -11 13 -13 -14 -15
leaf_value=0.00025000630794163637 0.004635032749872545 0.0012214159374499714 -0.0016382143356892759 -0.0056744761816525102 0.0041445831877142715 -0.005014969891845451 0.0070670295581279838 0.0023444771055230063 -0.0036185905972591029 0.0016298086093485796 0.0012133299204443123 -0.007753731956827571 0.010557208193146988 0.0042281657734207006
leaf_weight=1991.9117142641917 1241.800825310871 704.23108218796551 3604.9091420602053 3353.1695480225608 339.92639649286866 683.08781123720109 143.39543168246746 1210.0549256298691 195.44818740524352 375.05362220853567 1947.8834601053968 207.45744496118277 669.16986959427595 1019.6792743895203
leaf_count=15897 8587 5095 32314 61278 2024 4713 795 6509 1303 1783 15509 1891 3626 6238
internal_value=-0.000195224 -0.00110681 -0.00238827 -0.00446276 0.00329014 0.00114655 -0.00278758 -0.000622099 0.00345394 0.00671951 0.00108242 -0.000509474 0.00851778 0.00228012
internal_weight=17687.2 14039.3 8872.36 4057.4 3647.88 2263.73 826.483 4814.96 1437.25 1384.15 5166.93 2199.37 1009.1 2967.56
internal_count=167562 144731 105196 66373 22831 15398 5508 38823 9890 7433 39535 17788 5650 21747
is_linear=0
shrinkage=0.03


Tree=120
num_leaves=15
num_cat=0
split_feature=1 1 6 0 6 4 7 1 4 7 7 0 4 4
split_gain=57.9264 32.6822 27.2846 39.1854 30.8994 21.5251 24.3828 10.5494 7.53871 6.83403 6.55642 5.88492 5.56019 1.48795
threshold=-0.24632725562342361 2.1836158683276099 -0.0077722197793992356 0.0046465923884769786 0.0055757528070188309 0.67812500000000009 0.051684935685727219 3.7810991809203216 0.50812500000000005 0.10330186259751745 0.0025935389726033649 -0.0035241769373015037 0.64187500000000008 0.46562500000000007
decision_type=8 8 10 10 10 10 10 10 10 8 10 10 10 10
left_child=2 5 10 4 -4 6 -2 9 -5 -3 13 -7 -12 -1
right_child=1 7 3 8 -6 11 -8 -9 -10 -11 12 -13 -14 -15
leaf_value=-0.00099844279683724028 -0.00090023969777716293 0.0023969694972437476 -0.0087778439930440658 0.0018035859279493377 -0.0024248258364971643 -0.0009274442869413983 0.002112487409649054 0.013727403989435488 -0.0032358539379689724 0.00757221582647337 0.001105206404230533 -0.0073385916551664925 -0.0040446395021143137 -0.012228983053641109
leaf_weight=33.806275351904333 4302.3840841073543 649.93802277185023 1575.6554169189185 915.52261892333627 1293.4282032074407 235.22225049510598 5443.242050611414 129.48185009881854 362.53866224363446 411.0939525142312 1791.6222510654479 370.18687803205103 197.75580904725939 34.611102922819555
leaf_count=306 39234 3804 33565 6520 15228 1653 41300 654 3003 1919 14581 4024 1878 315
internal_value=-0.000274177 0.000978695 -0.00261207 -0.00401127 -0.00595301 0.000428554 0.000776754 0.00566856 0.000313478 0.0045101 0.000184535 -0.00500068 0.000545603 -0.00827988
internal_weight=17746.5 11541.5 6204.94 4147.14 2869.08 10351 9745.63 1190.51 1278.06 1061.03 2057.8 605.409 1989.38 68.4174
internal_count=167984 92588 75396 58316 48793 86211 80534 6377 9523 5723 17080 5677 16459 621
is_linear=0
shrinkage=0.03


Tree=121
num_leaves=15
num_cat=0
split_feature=2 1 2 7 4 2 2 4 1 1 3 7 1 1
split_gain=126.085 60.9463 31.8709 30.9429 30.0494 23.7757 23.4946 21.5047 19.1514 13.8425 8.11023 7.93344 7.87065 6.74515
threshold=0.0028756279559095919 -0.10483344154260504 0.0061243861919275519 0.058549510852060643 0.52187500000000009 0.0020882479789558219 0.0016585640722040918 0.57937500000000008 1.2837810836613726 0.5616575708339544 -0.92523248005020919 0.030980610455274425 -0.785284227139883 3.7810991809203216
decision_type=8 10 10 8 10 10 10 10 10 10 10 10 10 10
left_child=1 5 3 4 -2 -1 13 -8 10 -5 -4 -10 -7 -3
right_child=2 6 8 9 -6 12 7 -9 11 -11 -12 -13 -14 -15
leaf_value=-0.021007450896293692 0.00033953759691764281 -0.014668715685538479 0.0052220672138272159 0.0006085326231382611 -0.0043208876195988339 -0.013710627038338244 0 -0.0077420567498695282 0.0012013514329896576 0.003666066277965833 0.001912911706124703 0.012922379079044337 -0.0056820634780160254 0.0043498087343128381
leaf_weight=229.91647298447788 3619.0804002210498 164.40339271817356 949.94215814769268 3175.3634688556194 1871.2722307220101 213.38001986965537 1395.945534851402 410.16686509735882 82.197384193539619 2367.1507883220911 2637.458703443408 252.45054458081722 354.88440024852753 9.0034552849829179
leaf_count=13970 30195 6621 4143 25930 16668 7893 20517 6380 379 11758 11435 1232 10626 98
internal_value=8.40066e-05 -0.00577021 0.0011785 0.00034562 -0.00124293 -0.0127397 -0.0028799 -0.00179174 0.00349932 0.00192943 0.00281793 0.0103359 -0.00898547 -0.0131708
internal_weight=17732.6 2777.7 14954.9 11032.9 5490.35 798.181 1979.52 1806.11 3922.05 5542.51 3587.4 334.648 568.264 173.407
internal_count=167845 66105 101740 84551 46863 32489 33616 26897 17189 37688 15578 1611 18519 6719
is_linear=0
shrinkage=0.03


Tree=122
num_leaves=15
num_cat=0
split_feature=2 1 2 1 4 2 1 1 2 6 4 2 5 4
split_gain=137.395 57.8324 40.392 30.9025 27.7141 24.4792 19.8172 12.8481 11.9676 10.8476 9.11926 7.94139 4.38346 3.19588
threshold=0.0027070756574095285 -0.19927531486651109 0.0060445863019311158 -0.86308447745060068 0.50437500000000013 0.0014092396667470914 2.1053868503930029 1.3466660082386379 0.0021865447809102587 -0.010415513318590362 0.55562500000000015 0.010570226405862491 -0.97399842510391954 0.36062500000000003
decision_type=8 10 10 8 8 10 10 10 10 10 10 10 8 10
left_child=1 8 3 9 -5 13 -7 11 -1 -2 -10 -4 -9 -3
right_child=2 5 7 4 -6 6 -8 12 10 -11 -12 -13 -14 -15
leaf_value=-0.020610684956682637 0.00032057168771155965 0 0.0023395699656802368 0.0019128693314795198 -0.0013100118371599072 -0.0047450256934860914 0.0036306284738086931 0.0011787900833193728 -0.013857209816889732 -0.0054369085293436972 -0.002219042368143867 0.0063390365633301457 0.011073860372836253 -0.019638431857416497
leaf_weight=244.37630992475897 369.59655127674341 8.8900128984823805 3190.1994719207287 5969.39661549218 3984.0457781590521 1227.7839661668986 303.83524479903281 67.321539744734764 228.44999208301306 1131.6051826328039 104.95333413034678 546.86774368584156 252.69507503509521 88.248804532922804
leaf_count=14780 3219 364 13925 43553 30058 25459 2280 330 8110 15081 3726 2328 1218 3772
internal_value=-7.1933e-05 -0.00706191 0.000922432 5.27204e-06 0.000616811 -0.00407063 -0.00303181 0.00349078 -0.0151795 -0.00398697 -0.0105396 0.0029562 0.00927285 -0.0180782
internal_weight=17718.3 2206.54 15511.7 11454.6 9953.44 1628.76 1531.62 4057.08 577.78 1501.2 333.403 3737.07 320.017 97.1388
internal_count=168203 58491 109712 91911 73611 31875 27739 17801 26616 18300 11836 16253 1548 4136
is_linear=0
shrinkage=0.03


Tree=123
num_leaves=13
num_cat=0
split_feature=6 7 4 6 0 0 0 4 5 6 4 0
split_gain=41.9679 39.3117 34.7269 22.6635 20.5973 19.004 16.3197 15.1817 10.8442 8.86322 8.16028 5.74981
threshold=-0.005288168420757521 0.026621410940203611 0.67937500000000017 0.017407800205788252 -0.0077195679602117808 0.0033912762291906655 0.016799027089661859 0.47187500000000004 0.11497157486145688 0.053059060985795277 0.42437500000000006 0.0014091612785355203
decision_type=8 8 10 10 10 10 10 10 10 10 10 10
left_child=6 3 5 4 -2 -3 7 10 -9 -5 -1 -4
right_child=1 2 11 9 -6 -7 -8 8 -10 -11 -12 -13
leaf_value=0.0013635166905044593 0.0039149793703814901 -0.0012760117106584059 -0.012851849631247633 -0.0020159205922639892 -0.0073460496883670148 0.0018229602527031065 0.011774516988848271 0.0015213560493750741 -0.0019577864282010983 0.0050527827446138207 0.0041837744937428976 -0.0048295519002999679
leaf_weight=1926.009938233532 147.40254914015532 3245.146941980347 166.03401918336749 855.37120968103409 1596.0870873797685 3898.3947679949924 135.41964178532362 1875.7911872128025 1397.771129139699 183.38433158025146 1955.6634151749313 256.78823479451239
leaf_count=14586 825 44784 2690 5868 26791 27873 590 14364 11595 865 13918 2826
internal_value=9.04394e-06 -0.00121533 -8.44188e-05 -0.00425806 -0.00634288 0.000406965 0.00175447 0.00154029 1.60937e-05 -0.000674505 0.00280694 -0.00834252
internal_weight=17639.3 10348.6 7566.36 2782.25 1743.49 7143.54 7290.66 7155.24 3273.56 1038.76 3881.67 422.822
internal_count=167575 112522 78173 34349 27616 72657 55053 54463 25959 6733 28504 5516
is_linear=0
shrinkage=0.03


Tree=124
num_leaves=15
num_cat=0
split_feature=2 7 2 7 2 6 0 2 3 6 7 5 2 6
split_gain=124.945 37.1008 35.8649 26.0343 19.2097 24.9483 16.351 14.8572 12.7443 7.99311 7.857 6.77399 9.07303 5.74702
threshold=0.0023358565281525515 0.054753994114120151 0.0038722241664001923 0.123441941854011 0.003391060834323664 -0.0079921595548082518 -0.0053843744586180567 0.0014092396667470914 -0.49480934052655795 0.02518464759960715 0.1418067483863894 0.076179108794584546 0.0022034277975385235 -0.0020858770923322108
decision_type=8 10 8 10 10 10 10 10 10 10 10 10 10 8
left_child=3 2 6 7 5 -3 -2 -1 -4 -9 -6 13 -13 -5
right_child=1 4 8 11 10 -7 -8 9 -10 -11 -12 12 -14 -15
leaf_value=-0.020954398061740945 0.00018530003217236008 0.0039485643767793975 0.0025774124957049223 0.0049418662921788294 0.0026890603674065532 -0.0026785017128812911 -0.0046542835269892174 -0.010128486248530633 -0.00036859100351090726 0.0012508807964074595 0.0062761040207904321 0.012150360047215486 -0.0063282971723329969 -0.0091922371421524172
leaf_weight=128.97887052409351 853.86563497595489 805.63914649374783 2207.4452159628272 26.351496337912977 5262.4206066206098 1356.3746127746999 2138.5548949893564 824.65369593910873 3196.3987411111593 47.364901514723897 649.13326731324196 66.332860586233437 22.657143633812666 62.549460673704743
leaf_count=7053 6713 6741 12462 416 30253 18394 32715 28970 17376 763 3319 1001 391 1160
internal_value=8.54108e-05 0.000766326 -0.000624116 -0.00930338 0.00221875 -0.0001746 -0.00325734 -0.0111714 0.000826293 -0.0094352 0.00310301 0.000923727 0.0066755 -0.00431995
internal_weight=17648.7 16469.8 8396.26 1178.89 8073.57 2162.01 2992.42 1001 5403.84 872.019 5911.55 177.891 88.99 88.901
internal_count=167727 127973 69266 39754 58707 25135 39428 36786 29838 29733 33572 2968 1392 1576
is_linear=0
shrinkage=0.03


Tree=125
num_leaves=15
num_cat=0
split_feature=2 1 1 2 6 2 1 2 1 6 2 4 1 3
split_gain=114.548 48.2135 37.5462 40.4348 30.9089 16.7104 13.2348 9.28966 9.24227 6.84452 6.549 5.27789 5.27021 1.48391
threshold=0.0023358565281525515 0.66601876049380038 2.3702013067977661 0.0034308405464706679 -0.0063618382280417043 0.0065673277622668074 2.3702013067977661 0.0018894389554005039 3.7810991809203216 0.024591279000317105 0.0016585640722040918 0.53937500000000005 -0.68031260900575952 -1.1545828115311243
decision_type=8 10 10 8 10 10 10 10 10 10 10 10 10 10
left_child=1 7 3 4 -2 -5 10 13 11 -8 -3 -4 -9 -1
right_child=2 6 8 5 -6 -7 9 12 -10 -11 -12 -13 -14 -15
leaf_value=0 0.0009836112272036512 -0.012794920532368356 0.0076339504436314463 0.00050991629826342688 -0.0045188506977046506 0.003106835888420281 0.00034672938451603332 -0.017531683198042318 0.016053856518425974 0.015106122463526231 -0.0028986720487894952 0.0011468849683649051 -0.0078724533388348193 -0.020076961562717426
leaf_weight=5.6546306079253545 1479.7168707586825 75.975966678932309 400.64228168874979 8953.1422531343997 2336.5659159682691 2999.0938513725996 104.47073482349515 93.773618128150702 96.166000790894032 34.412767183035612 335.8041735291481 193.73376674950123 282.0899406131357 242.04270249977708
leaf_count=346 15746 2734 1907 58478 37405 13006 1042 5034 425 215 5415 918 10376 14610
internal_value=-3.17397e-05 -0.00904692 0.000612882 0.000306793 -0.00237266 0.00116861 -0.00237546 -0.0147133 0.00741263 0.00517583 -0.00512691 0.00567276 -0.0108297 -0.0197245
internal_weight=17633.3 1174.22 16459.1 15768.5 3816.28 11952.2 550.664 623.561 690.542 138.884 411.78 594.376 375.864 247.697
internal_count=167657 39772 127885 124635 53151 71484 9406 30366 3250 1257 8149 2825 15410 14956
is_linear=0
shrinkage=0.03


Tree=126
num_leaves=15
num_cat=0
split_feature=2 1 1 2 7 1 2 2 7 2 2 1 7 7
split_gain=107.58 49.3057 32.3951 30.6957 25.0777 22.0868 15.3728 13.9686 13.4539 13.2732 8.5467 8.79197 6.45701 3.69848
threshold=0.0027195488069857018 -0.19927531486651109 1.9610083703676942 0.0039478601575500165 0.046607530178200546 1.5582694039150586 0.0019877204066549993 0.0080722935438988647 0.1631402089546222 0.002125818736659867 0.0064893139797160262 3.2882728992079229 0.081902334043703937 0.10229160609044675
decision_type=8 10 10 8 10 10 10 10 10 10 10 10 10 10
left_child=1 9 3 4 -2 6 -3 -5 -7 13 11 -4 -11 -1
right_child=2 5 10 7 -6 8 -8 -9 -10 12 -12 -13 -14 -15
leaf_value=-0.021377478650197995 -0.0039528956347809965 -0.011837075021962844 0.0033562965528279062 0.00094909807426151469 0.00030084586650745801 -0.00028441482926626159 -0.0036372447059520008 0.0042826290466111156 0.013630525552737494 -0.011757253951845558 0.014511792549073171 0.011371151226240153 -0.0011977965441875471 -0.00078756639823668664
leaf_weight=191.38137684948742 2109.7021725177765 290.81577720213681 789.44657934457064 7996.7664966136217 2971.0984117947519 454.81545567512512 827.54798645712435 1331.0008835792542 61.160290062427521 279.87567359395325 93.213310435414314 153.35520461201668 82.580882288515568 15.352900234051047
leaf_count=12601 25653 11336 3601 43823 29042 4597 15877 5676 356 10572 499 664 2792 850
internal_value=-9.71106e-05 -0.00628563 0.000785439 0.000410589 -0.00145795 -0.00354513 -0.00590868 0.00143527 0.00147868 -0.0138539 0.00588761 0.00482862 -0.00960927 -0.0202321
internal_weight=17648.1 2203.53 15444.6 14408.6 5080.8 1634.34 1118.36 9327.77 515.976 569.191 1036.02 942.802 362.457 206.734
internal_count=167939 58981 108958 104194 54695 32166 27213 49499 4953 26815 4764 4265 13364 13451
is_linear=0
shrinkage=0.03


Tree=127
num_leaves=15
num_cat=0
split_feature=2 1 2 1 4 2 2 4 7 4 4 5 7 2
split_gain=106.067 60.9309 35.3056 31.856 21.8864 46.1479 20.276 21.9119 12.3012 8.96691 6.66989 3.42037 2.23327 0.538784
threshold=0.0032794510662527919 0.069389573707070745 0.0023358565281525515 2.2735583090594309 0.50312500000000016 0.0073433263091247031 0.001719074333767883 0.57812500000000011 0.014743285150149383 0.46312500000000006 0.4043750000000001 0.6457431890331945 0.12635118655551453 0.0040104733304191864
decision_type=8 10 10 10 10 10 10 10 8 10 10 10 10 10
left_child=1 2 12 4 8 -6 10 -8 -2 -4 -3 13 -1 -5
right_child=3 6 9 11 5 -7 7 -9 -10 -11 -12 -13 -14 -15
leaf_value=-0.017028762178830755 -0.00066733135416707453 -0.0026418723389444228 -0.0092995126994015239 0.0071717179524981422 -0.0015636484659047429 0.0094666842363263105 0.00084756846215205798 -0.005335957071139397 0.0024969467143489306 -0.0036730225304935273 -0.015766556114522812 0.0031299734451044263 -0.00098586491759069974 0.012453932452562797
leaf_weight=373.3543356359005 1277.0418440252542 75.907561844214797 459.53826845809817 177.69367825984955 4018.8311137445271 362.26767539978027 2066.4119201749563 672.69088299944997 6931.5542819947004 736.52035936154425 101.48835324216634 114.63296623528004 17.443243870511651 193.81516069173813
leaf_count=21739 8156 2641 10214 770 28412 1549 23196 7548 40642 16430 4053 504 774 898
internal_value=1.1458e-05 -0.00395077 -0.00866926 0.00138262 0.00108243 -0.000618418 -0.0013421 -0.000663092 0.00199715 -0.00594371 -0.0109114 0.00885731 -0.0165049 0.0103389
internal_weight=17579.2 4503.35 1586.86 13075.8 12589.7 4381.1 2916.5 2739.1 8208.6 1196.06 177.396 486.142 390.798 371.509
internal_count=167526 86595 49157 80931 78759 29961 37438 30744 48798 26644 6694 2172 22513 1668
is_linear=0
shrinkage=0.03


Tree=128
num_leaves=15
num_cat=0
split_feature=2 1 2 0 7 7 1 7 3 7 2 0 5 1
split_gain=93.4118 44.5005 34.553 40.3781 26.924 16.4314 14.6796 13.5312 12.9763 13.6525 12.8697 6.03422 5.43159 4.61335
threshold=0.0024519216204720831 0.66601876049380038 0.0060445863019311158 -0.0036224577769889961 0.054243039784935561 0.010294617164477797 3.7810991809203216 0.1631402089546222 -0.84011500549964568 0.030144397741051276 0.0019736335366390503 0.0069511909723140039 -1.2831954496863465 -0.7106732758758002
decision_type=8 10 10 8 8 8 10 10 8 10 10 10 10 10
left_child=1 10 3 5 -5 -2 7 -3 12 -10 11 -1 -4 -12
right_child=2 6 8 4 -6 -7 -8 -9 9 -11 13 -13 -14 -15
leaf_value=-0.018281210472331944 -0.0031784093353273237 -0.0043883458088566007 -0.00034128899188152719 -0.0032672075127919255 0.00025742448493433576 0.0028441509431986812 0.01469509801889177 0.0087968307790118917 -0.00073821471391606825 0.0035156167423537202 -0.014361929342071573 0.00043564035688417135 0.0064159938317415116 -0.0062340623895427759
leaf_weight=280.96615509875119 437.43011964857578 561.10821952857077 99.225345179438591 3628.6793056037277 4139.6296641528606 3921.8863937053829 35.934131059795618 67.933381635695696 1027.8566101491451 1864.6079002171755 108.25861374475062 9.3224365562200529 1068.9534702897072 346.9497305303812
leaf_count=17241 3101 9902 433 40355 35813 25045 242 586 4471 8215 5527 269 4699 11764
internal_value=6.53124e-05 -0.00730751 0.00071552 -8.23342e-05 -0.00138335 0.0022202 -0.00151953 -0.00275515 0.0031075 0.00198598 -0.0123025 -0.0174858 0.00579308 -0.00856319
internal_weight=17598.7 1410.47 16188.3 12127.6 7768.31 4359.32 664.976 629.042 4060.64 2892.46 745.497 290.289 1168.18 455.208
internal_count=167663 45531 122132 104314 76168 28146 10730 10488 17818 12686 34801 17510 5132 17291
is_linear=0
shrinkage=0.03


Tree=129
num_leaves=15
num_cat=0
split_feature=6 6 0 0 7 4 4 0 4 0 6 7 7 4
split_gain=45.1658 30.4967 31.0324 36.5415 14.532 15.2379 13.7085 11.6193 9.64912 8.8922 6.72108 10.8503 7.99166 4.49272
threshold=-0.005288168420757521 0.041777503415344704 -0.0056733203031123494 0.0024298396324026199 0.068224471038188864 0.52187500000000009 0.51562500000000011 -0.0018515768056786006 0.42437500000000006 0.016799027089661859 0.066047323932674665 0.047910412808171647 0.11536603435587876 0.45062500000000005
decision_type=8 10 8 10 10 10 10 10 8 10 10 10 10 8
left_child=4 2 6 -4 5 8 -2 -7 -1 13 12 -12 -3 -6
right_child=1 10 3 -5 9 7 -8 -9 -10 -11 11 -13 -14 -15
leaf_value=-0.00013201456382740817 0.0051416526267362445 -0.0003658577697977328 -0.0050623187057235574 -0.00082056941930166831 0.0047426870207518141 0 -0.0022157241750879091 -0.0061115006702864398 0.0032702093186323181 0.014789824970206906 0.010486507200307289 0.0017707976762135925 0.0058469640564344583 0.0021810295422555982
leaf_weight=1177.5265331454575 739.06479061208665 769.66590340808034 3088.2063953131437 4571.73155299481 1166.9751866245642 903.21432209294289 307.54082827735692 395.55715863779187 1906.6662915311754 55.949137941002846 213.1588339805603 366.12239496782422 229.6507757678628 1668.2314492352307
leaf_count=9665 4411 4016 57215 41110 7687 6641 1930 4005 15151 245 971 1722 1292 11597
internal_value=9.88922e-05 -0.00117664 -0.00187642 -0.00254288 0.00190979 0.000799802 0.00292242 -0.00189309 0.00195564 0.00356329 0.00263262 0.00520328 0.00104624 0.00326946
internal_weight=17559.3 10285.1 8706.54 7659.94 7274.12 4382.96 1046.61 1298.77 3084.19 2891.16 1578.6 579.281 999.317 2835.21
internal_count=167658 112667 104666 98325 54991 35462 6341 10646 24816 19529 8001 2693 5308 19284
is_linear=0
shrinkage=0.03


Tree=130
num_leaves=15
num_cat=0
split_feature=2 1 2 7 0 1 4 2 7 4 4 4 7 2
split_gain=93.4651 58.0342 32.4557 22.4011 21.7482 20.1714 22.9304 16.036 15.0192 14.6431 10.0808 9.7343 6.30064 5.48727
threshold=0.0032149627665578229 -0.075739227095112147 0.0020882479789558219 0.15535315416955706 -0.0030732124356162012 -1.1471024265438847 0.46187500000000009 0.0084826783003338312 0.1418067483863894 0.43312500000000004 0.60687500000000016 0.46312500000000006 0.081902334043703937 0.0030975723142180316
decision_type=8 10 10 10 10 8 10 10 10 8 8 10 10 10
left_child=1 2 -1 4 -3 6 9 8 -7 -2 -9 -4 -8 -5
right_child=5 3 11 13 -6 7 12 10 -10 -11 -12 -13 -14 -15
leaf_value=-0.020194784805622239 -0.0023010039684617243 0.00047791493510664199 -0.010688910456101918 0.0077636475604868464 -0.0049827515935927155 0.00079151517252844391 -0.0079714937346162407 0.0037101436615020527 0.0050801527311192928 0.006535864147226074 0.0127802160506324 -0.0043837411687490807 0.00087587183502826156 -0.0012375321516752502
leaf_weight=209.30176850315183 405.81283782795072 1124.0605733953416 417.32687443867326 245.25580098293722 1502.5965829035267 10274.434904191643 513.16013508290052 965.97463339567184 790.6330483071506 269.32592578977346 127.20064170658588 615.36627683602273 68.069612752646208 62.589417196810246
leaf_count=14310 2953 11832 11322 2077 26976 64828 4894 4229 4506 1861 544 16502 688 396
internal_value=-0.00013476 -0.00405133 -0.00947117 -0.00171269 -0.00263019 0.00108226 -0.0025057 0.00145971 0.00110768 0.00118056 0.0049262 -0.00706737 -0.00683658 0.00576345
internal_weight=17591.1 4176.5 1241.99 2934.5 2626.66 13414.6 1256.37 12158.2 11065.1 675.139 1093.18 1032.69 581.23 307.845
internal_count=167918 83415 42134 41281 38808 84503 10396 74107 69334 4814 4773 27824 5582 2473
is_linear=0
shrinkage=0.03


Tree=131
num_leaves=15
num_cat=0
split_feature=2 1 2 1 2 6 7 1 1 0 0 7 1 4
split_gain=82.1726 46.3001 34.9561 29.4476 23.6436 21.5372 20.7825 16.8487 13.4312 13.3527 14.6055 11.7578 9.88224 2.67132
threshold=0.0030228907372991261 1.3466660082386379 0.0020882479789558219 -1.0452112726575498 0.0065673277622668074 -0.011890835430172329 0.0099633420119804462 0.029466880634103073 0.61981858538457879 0.0077285800754378639 -0.0032482679516741548 0.15535315416955706 3.2882728992079229 0.46187500000000009
decision_type=8 10 10 8 10 10 8 10 10 10 10 10 10 8
left_child=1 2 7 9 6 -4 -5 -1 -6 10 -2 12 -3 -11
right_child=3 11 5 4 8 -7 -8 -9 -10 13 -12 -13 -14 -15
leaf_value=-0.019611369416864113 0.00046520052089952569 -0.0012941047807170486 0.0010253950755083178 -0.0034399338338116921 0.0026760766443650018 -0.0063340169672993557 0.0012064832853420776 -0.007645957410465613 0.0078186939998246274 0.0063543412947021016 -0.0060138152421987286 0.0099730664622869301 0.0082724071042723484 0
leaf_weight=230.43604823295027 436.5449229888618 673.68805157020688 454.64843052998185 941.56000162661076 1883.8586845695972 1435.6960975453258 9191.0412853509188 270.92178019601852 635.28760083019733 133.52962254360318 957.77082369849086 115.26134330779314 103.23584067076445 73.651510335505009
leaf_count=15663 2854 6715 6002 7066 7960 34108 62129 9789 2950 672 10024 665 637 441
internal_value=-4.99027e-05 -0.00432395 -0.00649698 0.000932954 0.00142168 -0.00453634 0.000765839 -0.0135388 0.00402247 -0.00287563 -0.00395371 0.00144229 0 0.00395154
internal_weight=17537.1 3283.89 2391.7 14253.2 12651.7 1890.34 10132.6 501.358 2519.15 1601.5 1394.32 892.185 776.924 207.181
internal_count=167675 73579 65562 94096 80105 40110 69195 25452 10910 13991 12878 8017 7352 1113
is_linear=0
shrinkage=0.03


Tree=132
num_leaves=15
num_cat=0
split_feature=2 2 1 1 1 6 2 1 2 1 2 3 0 6
split_gain=88.4221 36.6213 33.8251 33.7125 21.4195 15.5659 14.8576 12.1562 10.8262 10.5206 4.94363 4.59711 1.86255 1.62018
threshold=0.0023358565281525515 0.0041748883435299448 -0.91953518346047136 -0.19927531486651109 1.2553710978542398 -0.009141063269318293 0.0014092396667470914 -1.7534545168611089 0.010570226405862491 1.3795207401498819 0.0020882479789558219 -0.77633105084160936 0.0071404733379826233 -0.0032830974870829972
decision_type=8 8 10 10 10 10 10 8 10 10 10 8 10 10
left_child=3 2 5 10 -4 -2 12 11 -9 -8 -1 -3 -5 -12
right_child=1 7 4 6 -6 -7 9 8 -10 -11 13 -13 -14 -15
leaf_value=-0.020689695026366285 0.00083273862900422118 0 -0.0014207760819246347 -0.017726700828223804 0.0024157908535272525 -0.0094738154402727714 -0.0062524995151775759 0.0016133024475822502 0.0058453784204285488 0.00077993749639622336 -0.00093346996505228247 -0.0092259327271932857 0 -0.011707363694504038
leaf_weight=178.05747899785638 155.18699606694281 78.298258766531944 5068.6097850427032 77.747460552491248 1748.6617632135749 571.22198000364006 457.09480694122612 8100.658216945827 590.19878333806992 297.6963091082871 32.549545247107744 110.01214694231749 11.822730166837571 69.676830186508596
leaf_count=12910 2179 472 59014 3929 9763 12383 14215 40991 2609 3395 1527 672 249 3664
internal_value=-0.00012018 0.000435691 -0.0010956 -0.00822257 -0.000425794 -0.00720908 -0.00501699 0.00174319 0.00191399 -0.00342646 -0.0171673 -0.00553604 -0.0161273 -0.00920037
internal_weight=17547.5 16422.8 7543.68 1124.65 6817.27 726.409 844.361 8879.17 8690.86 754.791 280.284 188.31 89.5702 102.226
internal_count=167972 128083 83339 39889 68777 14562 21788 44744 43600 17610 18101 1144 4178 5191
is_linear=0
shrinkage=0.03


end of trees

feature_importances:
parkinson_vol_600=497
trade_count_log_z_600=480
ma_ratio_close_30=273
efficiency_ratio_400=228
logret_close_50=221
buy_pressure_positive_ratio_800=111
taker_delta_quote_z_60=20
realized_vol_z_3=16

parameters:
[boosting: gbdt]
[objective: binary]
[metric: auc]
[tree_learner: serial]
[device_type: cpu]
[data_sample_strategy: bagging]
[data: ]
[valid: ]
[num_iterations: 250]
[learning_rate: 0.03]
[num_leaves: 15]
[num_threads: 0]
[seed: 42]
[deterministic: 0]
[force_col_wise: 1]
[force_row_wise: 0]
[histogram_pool_size: -1]
[max_depth: 4]
[min_data_in_leaf: 300]
[min_sum_hessian_in_leaf: 0.001]
[bagging_fraction: 0.8]
[pos_bagging_fraction: 1]
[neg_bagging_fraction: 1]
[bagging_freq: 1]
[bagging_seed: 42]
[bagging_by_query: 0]
[feature_fraction: 0.7]
[feature_fraction_bynode: 1]
[feature_fraction_seed: 42]
[extra_trees: 0]
[extra_seed: 12879]
[early_stopping_round: 0]
[early_stopping_min_delta: 0]
[first_metric_only: 0]
[max_delta_step: 0]
[lambda_l1: 2]
[lambda_l2: 10]
[linear_lambda: 0]
[min_gain_to_split: 0]
[drop_rate: 0.1]
[max_drop: 50]
[skip_drop: 0.5]
[xgboost_dart_mode: 0]
[uniform_drop: 0]
[drop_seed: 17869]
[top_rate: 0.2]
[other_rate: 0.1]
[min_data_per_group: 100]
[max_cat_threshold: 32]
[cat_l2: 10]
[cat_smooth: 10]
[max_cat_to_onehot: 4]
[top_k: 20]
[monotone_constraints: ]
[monotone_constraints_method: basic]
[monotone_penalty: 0]
[feature_contri: ]
[forcedsplits_filename: ]
[refit_decay_rate: 0.9]
[cegb_tradeoff: 1]
[cegb_penalty_split: 0]
[cegb_penalty_feature_lazy: ]
[cegb_penalty_feature_coupled: ]
[path_smooth: 0]
[interaction_constraints: ]
[verbosity: -1]
[saved_feature_importance_type: 0]
[use_quantized_grad: 0]
[num_grad_quant_bins: 4]
[quant_train_renew_leaf: 0]
[stochastic_rounding: 1]
[linear_tree: 0]
[max_bin: 255]
[max_bin_by_feature: ]
[min_data_in_bin: 3]
[bin_construct_sample_cnt: 200000]
[data_random_seed: 42]
[is_enable_sparse: 1]
[enable_bundle: 1]
[use_missing: 1]
[zero_as_missing: 0]
[feature_pre_filter: 1]
[pre_partition: 0]
[two_round: 0]
[header: 0]
[label_column: ]
[weight_column: ]
[group_column: ]
[ignore_column: ]
[categorical_feature: ]
[forcedbins_filename: ]
[precise_float_parser: 0]
[parser_config_file: ]
[objective_seed: 16083]
[num_class: 1]
[is_unbalance: 0]
[scale_pos_weight: 1]
[sigmoid: 1]
[boost_from_average: 1]
[reg_sqrt: 0]
[alpha: 0.9]
[fair_c: 1]
[poisson_max_delta_step: 0.7]
[tweedie_variance_power: 1.5]
[lambdarank_truncation_level: 30]
[lambdarank_norm: 1]
[label_gain: ]
[lambdarank_position_bias_regularization: 0]
[eval_at: ]
[multi_error_top_k: 1]
[auc_mu_weights: ]
[num_machines: 1]
[local_listen_port: 12400]
[time_out: 120]
[machine_list_filename: ]
[machines: ]
[gpu_platform_id: -1]
[gpu_device_id: -1]
[gpu_use_dp: 0]
[num_gpu: 1]

end of parameters

pandas_categorical:[]
