tree
version=v4
num_class=1
num_tree_per_iteration=1
label_index=0
max_feature_idx=7
objective=binary sigmoid:1
feature_names=ma_ratio_close_30 trade_count_log_z_600 parkinson_vol_600 realized_vol_z_3 buy_pressure_positive_ratio_800 taker_delta_quote_z_60 logret_close_50 efficiency_ratio_400
feature_infos=[-0.27472619445129109:0.17491257839904728] [-16.470509994973693:7.5180797473697796] [0.00079493983247898726:0.019018763499167222] [-1.1547005398436716:1.1547005389821969] [0.28749999999999998:0.77375000000000005] [-4.8544786432202294:4.6390124775377322] [-0.40141455504065604:0.38383267847806657] [0:0.36185857247628311]
tree_sizes=1785 1797 1807 1805 1799 1779 1801 1803 1797 1813 1812 1792 1800 1804 1685 1808 1798 1799 1794 1803 1807 1804 1795 1818 1813 1783 1812 1805 1816 1810 1810 1812 1808 1813 1787 1816 1804 1816 1808 1805 1820 1786 1818 1816 1805 1687 1817 1813 1790 1815 1785 1761 1820 1803 1812 1817 1818 1816 1806 1811 1679 1817 1818 1817 1692 1817 1788 1797 1821 1687 1800 1815 1789 1786 1811 1800 1819 1815 1818 1793 1823 1800 1792 1812 1814 1800 1809 1804 1805 1812 1795 1817 1821 1805 1743 1793 1813 1811 1814 1810 1810 1803 1799 1811 1817 1815 1834 1809 1816 1790 1830 1801 1812 1808 1808 1808 1816 1806 1702 1802 1818 1819 1819 1788 1750 1811 1817 1813 1800 1811 1810 1827 1826 1822 1791 1814 1795 1678 1707 1819 1824 1463 1706 1795 1789 1800 1593 1783 1797 1773 1772 1798 1791 1677 1775 1763 1805 1817 1804 1578 1787 1807 1809 1791 1810 1457 1809 1782 1779 1578 1783 1802 1677 1481 1795 1461 1478 1818 1790 1804 1820 1787 1775 1828 1463 1769 1597 1582 1795 1675 1784 1816 1803 1806 1584 1689 1696 1790 1810 1353 1697 1819 1822 1807 1682 1783 1813 1688 1249 1679 1513 1118 1820 1240 1486 1814 1453 1553 1589 1797 1251 1688 1804 1810 1525 1554 1805 1564 1788 1784 1365 1460 1465 1583 1678 1457 1253 1702 1456 1569 1260 1792 1816 1494 1800 1768 1793 1788 1697 1834

Tree=0
num_leaves=15
num_cat=0
split_feature=0 0 6 6 0 0 6 6 6 6 6 0 6 4
split_gain=5553.73 5295.96 2026.1 1896.24 542.992 540.163 223.449 209.912 118.31 74.0345 71.9636 58.2364 26.7699 18.6494
threshold=-0.0089843788974214838 0.0069511909723140039 -0.015498759986435571 0.012100532655991538 0.018387226209576338 -0.019730210586930582 -0.033090458182147835 -0.0065452037162145862 -0.033090458182147835 -0.0044911234739135599 -0.068807594727604546 0.032031635986376601 -0.068807594727604546 0.45937500000000003
decision_type=10 10 10 10 10 10 10 10 8 10 8 10 10 10
left_child=5 2 6 -4 7 10 -2 -3 12 -10 -1 -6 -7 -12
right_child=1 4 3 -5 11 8 -8 -9 9 -11 13 -13 -14 -15
leaf_value=-0.50956142082584011 -0.54265699485992824 -0.53352902050327899 -0.58455072632379235 -0.56262845147800478 -0.53692206917821261 -0.51759231236415237 -0.56041787185246228 -0.55497251197010966 -0.55120635717299116 -0.53809942437904945 -0.52196384241802629 -0.52268627671643231 -0.53747915833315885 -0.53333164456563653
leaf_weight=374.23448657989502 886.06536674499512 457.34640216827393 20381.119500160217 4290.1909093856812 1220.5908269882202 110.81588745117188 2322.7471742630005 4131.8165369033813 1817.8422870635986 543.92131423950195 578.08954620361328 461.27113151550293 599.79099082946777 583.16860771179199
leaf_count=1621 3838 1981 88281 18583 5287 480 10061 17897 7874 2356 2504 1998 2598 2526
internal_value=-0.56804 -0.572212 -0.577817 -0.580735 -0.547327 -0.537159 -0.555431 -0.552752 -0.544595 -0.548049 -0.522569 -0.532737 -0.533637 -0.527276
internal_weight=38759 34151.1 27880.1 24671.3 6271.02 4607.86 3208.81 4589.16 3072.37 2361.76 1535.49 1681.86 710.607 1161.26
internal_count=167885 147926 120763 106864 27163 19959 13899 19878 13308 10230 6651 7285 3078 5030
is_linear=0
shrinkage=1


Tree=1
num_leaves=15
num_cat=0
split_feature=2 2 2 1 1 1 1 6 2 7 2 7 2 2
split_gain=18430.8 3721.29 2874.25 981.3 852.138 442.161 415.163 327.278 317.817 237.328 203.467 184.174 177.387 150.812
threshold=0.0032931053952402136 0.0047080774960687015 0.002393234486268788 0.088933860867391565 0.27094022556165259 -0.17124088131480655 0.38961326487564896 -0.009874363255819139 0.0017372338072111071 0.095653675984470235 0.0061243861919275519 0.099443182984050318 0.0028455801665946555 0.0071915022378682041
decision_type=8 8 10 10 10 8 10 10 10 10 8 10 10 10
left_child=2 4 6 12 7 13 -1 -2 -8 -5 -7 -6 -4 -3
right_child=1 5 3 9 11 10 8 -9 -10 -11 -12 -13 -14 -15
leaf_value=-0.035781353609754124 0.015588077134927174 0.026057657273624923 -0.022057799896093456 -0.002438675065212437 0.017525926827304281 0.036842996715799645 -0.034483797613311884 0.00059033138641899081 -0.014463840765503671 0.013023865780419523 0.05137053426433786 0.032660847560310839 -0.01158522819366334 0.040005415522778739
leaf_weight=6658.6455030739307 1714.8939697295427 2788.8579789847136 2934.9309617877007 3209.2254403978586 2604.8375181257725 1874.1433888375759 1178.4956504404545 5479.9518890380859 1899.7908927202225 1225.0095064938068 2062.3084049075842 1053.7259561419487 3045.2507363259792 1037.270170673728
leaf_count=28950 7414 12069 12749 13892 11252 8080 5116 23783 8231 5293 8868 4544 13219 4476
internal_value=5.61955e-05 0.0215731 -0.0198191 -0.00884275 0.0102066 0.037424 -0.031532 0.00419005 -0.0222346 0.00183923 0.0445801 0.0219785 -0.0167632 0.029949
internal_weight=38767.3 18616 20151.3 10414.4 10853.4 7762.58 9736.93 7194.85 3078.29 4434.23 3936.45 3658.56 5980.18 3826.13
internal_count=167936 80486 87450 45153 46993 33493 42297 31197 13347 19185 16948 15796 25968 16545
is_linear=0
shrinkage=0.03


Tree=2
num_leaves=15
num_cat=0
split_feature=2 2 2 1 1 1 1 2 1 2 2 1 2 2
split_gain=17205.4 3128.18 3108.76 971.036 723.923 436.764 429.997 285.787 234.941 200.376 196.266 184.04 164.616 154.244
threshold=0.0033663546919533052 0.0047080774960687015 0.002393234486268788 0.019810588286327768 0.30432456158073407 0.49203696061066243 -0.18041914787823304 0.0017372338072111071 1.3466660082386379 0.0061243861919275519 0.0028455801665946555 -0.86308447745060068 0.0074696459271216525 0.0018894389554005039
decision_type=8 8 10 10 10 10 8 10 10 8 10 10 10 10
left_child=2 4 5 10 11 13 12 -7 -5 -8 -4 -2 -3 -1
right_child=1 6 3 8 -6 7 9 -9 -10 -11 -12 -13 -14 -15
leaf_value=-0.040030621794956589 -0.0026661961202665723 0.024668411799425714 -0.021733169307043439 -0.0017166431536751253 0.021957324952181806 -0.033062054133163127 0.035029881588795532 -0.0129786856351562 0.013313973466427476 0.049226883863220161 -0.010877101261677222 0.0080275137988479479 0.039897530894779161 -0.030564375374374866
leaf_weight=3226.2208310216665 2094.7167628854513 2957.5325611978769 2767.861118838191 3849.7332570403814 3239.7474813014269 1044.6825339198112 1914.4011247158051 1714.2982655316591 1224.0532074272633 2114.9185248911381 3425.1963948309422 4604.5033719688654 885.31783571839333 3719.3168008029461
leaf_count=14177 9084 12706 12100 16668 13905 4580 8175 7456 5275 8978 14908 19925 3780 16329
internal_value=-0.000128543 0.0215456 -0.0185409 -0.00780292 0.0103314 -0.0309806 0.0356653 -0.0206968 0.00191675 0.0425999 -0.0157659 0.00467586 0.0282869 -0.0350213
internal_weight=38782.5 17811.1 20971.4 11266.8 9938.97 9704.52 7872.17 2758.98 5073.79 4029.32 6193.06 6699.22 3842.85 6945.54
internal_count=168046 76553 91493 48951 42914 42542 33639 12036 21943 17153 27008 29009 16486 30506
is_linear=0
shrinkage=0.03


Tree=3
num_leaves=15
num_cat=0
split_feature=2 2 2 1 1 1 1 6 2 1 1 2 2 2
split_gain=16174.9 3178.67 2641.64 855.585 814.029 394.847 388.634 262.498 260.503 245.376 204.985 168.532 167.969 138.818
threshold=0.0032794510662527919 0.0047080774960687015 0.00235217571412407 -0.10483344154260504 -0.09463883693309702 0.47891955073573406 -0.18041914787823304 -0.009141063269318293 0.0017372338072111071 0.92693968043928276 1.2010392010076487 0.0027195488069857018 0.0055675591397784992 0.0080722935438988647
decision_type=8 8 10 10 10 10 8 10 10 10 10 10 8 10
left_child=2 4 5 11 7 -1 13 -2 -7 -5 -6 -4 -8 -3
right_child=1 6 3 9 10 8 12 -9 -10 -11 -12 -13 -14 -15
leaf_value=-0.034835786246606014 0.012915800248512929 0.024474040362050076 -0.024191993598930525 -0.0051477587744712516 0.014412837126885743 -0.032511362179822846 0.031903319649751495 -0.0019757677545012555 -0.013056409257106362 0.0082060705417142943 0.028283841350943532 -0.012999552000821906 0.045561296411256308 0.040107044558211895
leaf_weight=6499.4834891706705 1392.4413108229637 3178.63790987432 2062.5886144042015 3512.1968258619308 3959.3613251149654 1045.0544431954622 1416.3050683885813 4409.0622677505016 1600.5955634266138 1899.2484471648932 1302.9721998125315 3151.2476322650909 2630.1250420510769 661.87907998263836
leaf_count=28859 5996 13561 9084 15262 16996 4628 5998 19128 6988 8183 5551 13789 11057 2798
internal_value=-3.01071e-05 0.0197674 -0.0190103 -0.00881583 0.00937239 -0.0308256 0.0343117 0.00160417 -0.0208574 -0.000443423 0.0179059 -0.0174766 0.040886 0.027281
internal_weight=38721.2 18950.8 19770.4 10625.3 11063.8 9145.13 7886.95 5801.5 2645.65 5411.45 5262.33 5213.84 4046.43 3840.52
internal_count=167878 81085 86793 46318 47671 40475 33414 25124 11616 23445 22547 22873 17055 16359
is_linear=0
shrinkage=0.03


Tree=4
num_leaves=15
num_cat=0
split_feature=2 2 2 6 2 6 6 7 6 6 2 6 6 4
split_gain=15335.1 3525.43 2059.51 562.342 526.879 394.417 336.067 267.442 258.882 197.932 186.899 117.01 57.8304 22.3048
threshold=0.003552681884281731 0.0025593995991118391 0.0049402804779042639 -0.012529067755333577 0.0017989135513542737 -0.020907442972837306 0.023944482651099722 0.15216229982414128 -0.031959016104557307 0.018736851383508227 0.0074696459271216525 -0.035583515385673607 0.016597079077074643 0.47187500000000004
decision_type=8 10 8 10 10 10 10 10 8 10 8 10 10 10
left_child=1 4 5 11 12 13 -5 -6 -4 -7 -10 -3 -1 -2
right_child=2 3 8 6 7 9 -8 -9 10 -11 -12 -13 -14 -15
leaf_value=-0.037535316823981389 0.032510153404547271 0.020835254742754925 0.047185369905011473 -0.0094589687185058762 -0.023922658589669448 0.0076571660314805568 0.0073748698910002667 0.0044395134234556759 0.028550514312738872 0.019311617053456947 0.04140469347411143 0.0053067148198166977 -0.019739468916133575 0.022789444543740149
leaf_weight=3601.2546330988407 699.37922489643097 591.292480006814 1318.4756703972816 7859.4043728709221 7298.9375765621662 5752.1974349170923 1223.1853619217873 305.3058588206768 4213.3471881747246 1716.6731557846069 1482.8443903923035 1702.4937704354525 224.56575174629688 612.83520357310772
leaf_count=16182 2966 2529 5497 34308 32384 24760 5266 1337 17780 7324 6198 7361 998 2603
internal_value=7.25649e-05 -0.0156596 0.0227865 -0.0038244 -0.0274202 0.0130704 -0.00717968 -0.0227717 0.0349047 0.0103661 0.031974 0.00940877 -0.0365606 0.0282224
internal_weight=38602.2 22806.4 15795.8 11376.4 11430.1 8781.09 9082.59 7604.24 7014.67 7468.87 5696.19 2293.79 3825.82 1312.21
internal_count=167493 100365 67128 49464 50901 37653 39574 33721 29475 32084 23978 9890 17180 5569
is_linear=0
shrinkage=0.03


Tree=5
num_leaves=15
num_cat=0
split_feature=2 2 2 1 1 1 0 2 0 2 2 6 6 0
split_gain=14578.1 3448.4 1878.25 846.972 525.27 484.455 345.691 335.671 245.703 231.454 222.044 180.029 130.239 94.2809
threshold=0.003552681884281731 0.0025593995991118391 0.0047080774960687015 -0.19927531486651109 0.43980653992337643 0.34074117143220889 -0.013122764472455693 0.0017372338072111071 -0.0079523074299736578 0.0018374936339392381 0.0071915022378682041 -0.009374010626151728 -0.013967417575902806 -0.010239097130758988
decision_type=8 10 8 10 10 10 8 10 10 10 8 10 10 10
left_child=1 4 5 12 9 11 -4 -6 -5 -1 -8 -2 -3 -7
right_child=2 3 6 8 7 13 10 -9 -10 -11 -12 -13 -14 -15
leaf_value=-0.038376816989059745 0.015894877602206661 0 0.045848049073727963 0.016106542636587888 -0.031078386222012672 0.033065817476640669 0.025736329565879599 -0.01079807980799018 0.00087308420762877484 -0.027347274183722032 0.038467338646886777 0.0032850709721693652 -0.014419859343213045 0.018963373648494201
leaf_weight=2835.2538288086653 1367.7059672921896 639.03307512402534 1431.4893823266029 1169.3637570589781 1075.6021056771278 605.76555091142654 4786.3695302754641 2381.8430736958981 5023.2805517315865 5071.2525633871555 1787.2144882082939 4017.747864112258 4542.3213058263063 1898.7419940680265
leaf_count=12917 5836 2770 5922 5000 4871 2548 20093 10471 21758 22805 7416 17349 19983 8050
internal_value=1.52356e-05 -0.0153888 0.0220503 -0.00369873 -0.0270703 0.0116288 0.0322872 -0.017196 0.00378064 -0.0313535 0.0292599 0.00652214 -0.0126395 0.0225161
internal_weight=38633 22738 15895 11374 11364 7889.96 8005.07 3457.45 6192.64 7906.51 6573.58 5385.45 5181.35 2504.51
internal_count=167789 100575 67214 49511 51064 33783 33431 15342 26758 35722 27509 23185 22753 10598
is_linear=0
shrinkage=0.03


Tree=6
num_leaves=15
num_cat=0
split_feature=2 2 2 1 1 1 1 6 7 7 2 2 2 2
split_gain=13536.8 2560.17 2360.04 822.655 660.855 387.342 331.362 274.8 202.117 174.664 171.335 149.969 148.309 137.47
threshold=0.0032794510662527919 0.0047080774960687015 0.0023358565281525515 0.048619355087025758 0.27094022556165259 -0.085319150817296033 0.92693968043928276 -0.009874363255819139 0.11188711026338242 0.099443182984050318 0.0027195488069857018 0.0060445863019311158 0.0017989135513542737 0.0055675591397784992
decision_type=8 8 10 10 10 8 10 10 10 10 10 10 10 8
left_child=2 4 6 10 7 11 12 -2 -5 -6 -4 -3 -1 -7
right_child=1 5 3 8 9 13 -8 -9 -10 -11 -12 -13 -14 -15
leaf_value=-0.037268537926409044 0.013418114075933308 0.017747053566804057 -0.022042786199746034 -0.0020722373097436537 0.014347616585485511 0.029268258447289187 -0.016596723934803319 -0.00011751742532948392 0.013407730907105777 0.028777581750637847 -0.011487188279375907 0.029451313938865836 -0.0281088645569776 0.042014033421789158
leaf_weight=3065.0471514165401 1768.5210556983948 1904.02190323174 2367.7846088111401 3831.7852552980185 2679.6723151355982 1341.367315903306 1569.0817168951035 5565.150113478303 935.34420590102673 1093.0083604156971 3534.7867981940508 2312.1459544599056 4101.3539678901434 2482.9776369333267
leaf_count=14142 7535 7985 10628 16646 11337 5573 7029 24098 4026 4600 15594 9614 18639 10203
internal_value=-0.000116232 0.0177739 -0.0177714 -0.00828476 0.00842017 0.0306602 -0.0293289 0.00315227 0.00097419 0.0186091 -0.0157618 0.0242344 -0.0320813 0.0376472
internal_weight=38552 19146.9 19405.2 10669.7 11106.4 8040.51 8735.48 7333.67 4767.13 3772.68 5902.57 4216.17 7166.4 3824.34
internal_count=167649 80945 86704 46894 47570 33375 39810 31633 20672 15937 26222 17599 32781 15776
is_linear=0
shrinkage=0.03


Tree=7
num_leaves=15
num_cat=0
split_feature=2 2 2 1 1 1 0 2 2 2 1 2 7 7
split_gain=12927.5 2504.13 2081.61 818.095 553.469 346.063 337.65 239.129 205.312 195.089 182.897 165.472 150.047 112.721
threshold=0.0033663546919533052 0.00235217571412407 0.0047080774960687015 -0.11408454402498182 0.35273615078122827 1.2010392010076487 -0.012199706618455762 0.0029167956340290162 0.0071915022378682041 0.0017989135513542737 -0.87417444744009642 0.0028455801665946555 0.095653675984470235 0.15216229982414128
decision_type=8 10 8 10 10 10 10 10 8 10 10 10 10 10
left_child=1 5 4 11 10 9 -4 -5 -8 -1 -2 -3 -6 -7
right_child=2 3 6 7 12 13 8 -9 -10 -11 -12 -13 -14 -15
leaf_value=-0.036538437366057934 -0.0029081240841839591 -0.020884265446251743 0.04248318915606579 -0.0047549396965569195 0.01515291131239364 -0.015878907976356063 0.023316327730960072 0.0073355172863925951 0.035573866592616528 -0.026466542540163212 0.0077215991498625451 -0.010463602637486353 0.029576195117206296 0.015254188888672025
leaf_weight=3205.2546665370464 2066.5266274064779 2618.9342175424099 1553.5197175145149 3312.168065443635 2175.5750432163477 1041.7099629789591 4816.1534872800112 2632.5217892080545 1766.1888940632343 4404.4198581129313 4838.0172994881868 3030.8068881034851 975.23088312149048 106.36403791606426
leaf_count=14981 8940 11809 6347 14443 9160 4696 20005 11355 7238 20177 20761 13383 4074 470
internal_value=8.86268e-05 -0.0163319 0.018462 -0.00716912 0.00931044 -0.0284337 0.0297399 0.0005924 0.0266634 -0.0307592 0.00453185 -0.0153331 0.0197156 -0.0128359
internal_weight=38543.4 20352.2 18191.2 11594.4 10055.3 8757.75 8135.86 5944.69 6582.34 7609.67 6904.54 5649.74 3150.81 1148.07
internal_count=167839 91314 76525 50990 42935 40324 33590 25798 27243 35158 29701 25192 13234 5166
is_linear=0
shrinkage=0.03


Tree=8
num_leaves=15
num_cat=0
split_feature=2 2 2 0 6 6 0 0 0 2 0 7 2 6
split_gain=12231 2372.36 2014.17 537.885 351.374 307.615 306.32 300.732 268.777 221.343 179.426 87.1449 37.3259 33.8879
threshold=0.0033663546919533052 0.00235217571412407 0.0047080774960687015 -0.006333882628523523 -0.018590878347533032 0.019212237430568994 -0.013122764472455693 0.0071404733379826233 0.0084137111099452672 0.0017989135513542737 0.0094464768421306262 0.10740991242072372 0.003552681884281731 0.025835208701407989
decision_type=8 10 8 10 10 10 10 10 10 10 10 10 10 8
left_child=1 8 4 11 12 -5 -4 -6 9 -1 -8 -3 -2 -10
right_child=2 3 6 5 7 -7 10 -9 13 -11 -12 -13 -14 -15
leaf_value=-0.035107956759300743 0.011277195882658398 0.0047838701311372026 0.041399614109188812 -0.01216649048641498 0.003222044277124898 0.0026039604290170482 0.022642653410081814 0.017005758498698533 -0.011976441355913451 -0.024879213335156591 0.033758871842832876 0.021662072635152269 0.023659806161215775 0.0042522323892214995
leaf_weight=3510.1310230642557 321.16183660924435 1315.5727306455374 1458.3675317317247 8380.0639457553625 6640.5273852199316 1483.8375111222267 4720.5655088871717 1812.5475209802389 265.10715882480145 4726.6514658331871 1951.1202204525471 347.14070388674736 1323.3274485319853 186.01146920025349
leaf_count=16600 1351 5697 5922 37197 28494 6441 19495 7646 1197 21797 7989 1481 5535 832
internal_value=-0.000148483 -0.016215 0.0176652 -0.00727509 0.00869477 -0.00993809 0.0287747 0.0062013 -0.028047 -0.0292828 0.0259482 0.008452 0.0213606 -0.00520759
internal_weight=38442.1 20214.5 18227.6 11526.6 10097.6 9863.9 8130.05 8453.07 8687.9 8236.78 6671.69 1662.71 1644.49 451.119
internal_count=167674 91242 76432 50816 43026 43638 33406 36140 40426 38397 27484 7178 6886 2029
is_linear=0
shrinkage=0.03


Tree=9
num_leaves=15
num_cat=0
split_feature=2 2 2 1 1 2 0 6 1 1 6 1 1 2
split_gain=11453.2 3365.95 953.067 879.229 517.657 430.361 246.026 245.997 225.478 219.286 210.052 152.031 94.4744 64.6587
threshold=0.0028607738135652005 0.0043497958137187591 0.0021062118175967973 -0.11408454402498182 -0.24632725562342361 0.0053927673544491841 -0.0084403072407728801 -0.009874363255819139 -0.56290049079137139 0.96769995628936922 0.018736851383508227 0.37690554160485973 1.0000000180025095e-35 0.0025593995991118391
decision_type=8 8 10 10 10 8 10 10 8 10 10 10 10 10
left_child=2 3 10 7 13 11 -5 -2 -7 -6 12 -3 -1 -4
right_child=1 5 4 6 9 8 -8 -9 -10 -11 -12 -13 -14 -15
leaf_value=-0.035112260963043936 0.0066021147088311232 0.014676552746992077 -0.026780080687809932 0.021693544784490502 -0.012116691598109814 0.022675440221630518 0.0079006936210490927 -0.0069550870008539666 0.035664315792260558 0.0020569507532466418 -0.0070331938711651687 0.027504999596755536 -0.026843196179374428 -0.017780223407386688
leaf_weight=3234.202430203557 1517.0785401463509 2886.0177563428879 2060.5153487473726 1476.8729324489832 3258.429050013423 1910.4619359076023 5633.5851872265339 5654.4729424118996 3860.2871359884739 1391.2817686200142 347.73217630386353 1225.1151743382215 2590.6725687235594 1346.8962384462357
leaf_count=15441 6509 12099 9583 6189 14621 7850 24033 24765 15694 6083 1590 5046 12158 6094
internal_value=7.94294e-05 0.0126534 -0.0212625 0.00332975 -0.0144233 0.0261056 0.0108004 -0.00407363 0.0314213 -0.00786748 -0.0301422 0.0185714 -0.0314971 -0.0233026
internal_weight=38393.6 24163.9 14229.7 14282 8057.12 9881.88 7110.46 7171.55 5770.75 4649.71 6172.61 4111.13 5824.87 3407.41
internal_count=167755 102185 65570 61496 36381 40689 30222 31274 23544 20704 29189 17145 27599 15677
is_linear=0
shrinkage=0.03


Tree=10
num_leaves=15
num_cat=0
split_feature=2 2 2 0 2 6 0 0 6 0 0 2 7 0
split_gain=10759.9 3071.48 928.722 631.324 414.827 342.767 253.436 237.117 203.093 161.962 111.846 101.6 81.3319 46.8791
threshold=0.0028607738135652005 0.004283565586432057 0.0021062118175967973 -0.0075053536066866369 0.0053927673544491841 0.022251496242412298 -0.0052425829219914779 0.0059524329161042564 0.018736851383508227 -0.014823901634883506 -0.013122764472455693 0.0016064990190196478 0.073841857531545083 -0.018711053761267357
decision_type=8 8 10 10 8 10 10 10 10 8 10 10 10 10
left_child=2 3 8 12 10 -5 13 -8 11 -6 -3 -1 -2 -4
right_child=1 4 6 5 9 -7 7 -9 -10 -11 -12 -13 -14 -15
leaf_value=-0.035930440145977245 0.013482032222065453 0.031173036058857569 0.013858715690327053 -0.0017275467720337056 0.04107317534075576 0.012213547297268987 -0.018518240079599943 -0.0029097788896114522 -0.0066842747417086385 0.027518515026536312 0.015923685776522395 -0.027257467837276554 0.026210943337510069 -0.0034203485932773406
leaf_weight=2359.5582604408264 1250.0946461856365 504.57394887506962 153.20574194192886 10077.483777701855 1041.8311833143234 1873.2607147991657 5822.153576657176 1046.6924525499344 343.06175217032433 4764.4495254904032 3956.3566392362118 3361.5418295264244 782.35800798237324 1022.5622820407152
leaf_count=11471 5267 2060 658 43708 4193 7949 26691 4619 1573 19405 16508 15977 3269 4538
internal_value=0.000140077 0.0122595 -0.0206806 0.00310092 0.0247117 0.000461066 -0.0139555 -0.0161562 -0.0295545 0.0300274 0.0177278 -0.0309014 0.0185155 -0.00102035
internal_weight=38359.2 24250.4 14108.8 13983.2 10267.2 11950.7 8044.61 6868.85 6064.16 5806.28 4460.93 5721.1 2032.45 1175.77
internal_count=167886 102359 65527 60193 42166 51657 36506 31310 29021 23598 18568 27448 8536 5196
is_linear=0
shrinkage=0.03


Tree=11
num_leaves=15
num_cat=0
split_feature=6 6 6 6 6 6 6 7 6 4 4 1 7 7
split_gain=3225.93 2748.77 801.177 578.385 398.59 293.647 107.342 86.1314 63.9909 35.8385 33.4023 17.0867 23.8201 11.0619
threshold=-0.021491531990514009 0.018260364021662315 -0.0079921595548082518 0.0066354975913327516 0.047651340801809113 -0.035583515385673607 -0.075757322407788749 0.073841857531545083 0.030587453302250548 0.46437500000000004 0.67187500000000011 0.72909986236853885 0.096630472506023884 0.056873199580412169
decision_type=10 10 10 10 10 10 8 8 10 10 10 8 10 8
left_child=5 2 7 -4 8 6 -1 -2 -3 -8 -6 12 -7 -13
right_child=1 4 3 -5 10 11 9 -9 -10 -11 -12 13 -14 -15
leaf_value=0.042319946170782281 4.1510951716363372e-05 0.0073393416366928322 -0.013516777825862169 -0.002508329574405273 0.029074979638264942 0.01456825597883115 0.030079984799952456 0.008345352869263899 0.014472350772756874 0.021157066517969694 0.0063557791398571126 0.013729486304533592 0.0052401025270428277 0.023166851317020919
leaf_weight=492.67560827732086 4084.6512216627598 3108.4533799737692 15073.390514105558 6033.2509551495314 1370.4282518625259 1495.2373380362988 1093.7222632467747 1548.9324257671833 1876.5162705630064 1003.263629168272 74.672989025712013 325.18987096846104 338.73069187998772 366.59090808033943
leaf_count=1993 17849 13283 68380 26500 5654 6307 4500 6703 7892 4171 315 1371 1444 1537
internal_value=-3.34337e-05 -0.00345668 -0.0076933 -0.0103756 0.0141371 0.0221159 0.0292464 0.00234599 0.0100601 0.0259601 0.027994 0.0146949 0.0129157 0.0190749
internal_weight=38285.7 33170.3 26740.2 21106.6 6430.07 5115.41 2589.66 5633.58 4984.97 2096.99 1445.1 2525.75 1833.97 691.781
internal_count=167899 146576 119432 94880 27144 21323 10664 24552 21175 8671 5969 10659 7751 2908
is_linear=0
shrinkage=0.03


Tree=12
num_leaves=15
num_cat=0
split_feature=2 2 2 1 1 2 1 1 7 2 1 1 2 2
split_gain=10084.8 1836.12 1781.65 629.967 503.197 376.862 330.502 207.35 178.395 176.091 171.396 143.545 139.215 115.209
threshold=0.0032794510662527919 0.00235217571412407 0.004283565586432057 0.069389573707070745 -0.36668769995926803 0.0053927673544491841 1.2010392010076487 -0.085319150817296033 0.11188711026338242 0.0017989135513542737 1.3148130271077227 0.31610158478546985 0.0027195488069857018 0.0017372338072111071
decision_type=8 10 8 10 10 8 10 8 10 10 10 10 10 10
left_child=1 6 4 12 -2 11 9 -7 -5 -1 -6 -4 -3 -8
right_child=2 3 5 8 10 7 13 -9 -10 -11 -12 -13 -14 -15
leaf_value=-0.034234767098748488 -0.0030926274757192163 -0.019768061669290279 0.013117230271454845 -0.0020263728052401096 0.0086703352491749493 0.023004955252943271 -0.023248889746933624 0.034662860849586294 0.012677951525389182 -0.024434579899620439 0.022650494570066113 0.024860708039950503 -0.010110868449205038 -0.0033969522166165229
leaf_weight=3034.5163518935442 3719.3152858167887 2267.8542755693197 3029.6631023436785 3705.9012285321951 4498.7245411127806 3033.6566894054413 419.25186075270176 2791.0580839514732 917.28749895095825 4222.1167398691177 966.27725164592266 1419.3450432568789 3505.1165976375341 713.44540007412434
leaf_count=15052 16111 10516 12649 16146 19030 12347 2005 11233 3926 20124 3998 5805 15691 3232
internal_value=-0.000110538 -0.0157867 0.015021 -0.00734213 0.00540246 0.0236002 -0.026223 0.0286513 0.000899231 -0.0285825 0.01119 0.0169245 -0.0139426 -0.0109365
internal_weight=38243.5 18785.5 19458 10396.2 9184.32 10273.7 8389.33 5824.71 4623.19 7256.63 5465 4449.01 5772.97 1132.7
internal_count=167865 86692 81173 46279 39139 42034 40413 23580 20072 35176 23028 18454 26207 5237
is_linear=0
shrinkage=0.03


Tree=13
num_leaves=15
num_cat=0
split_feature=0 0 6 6 0 0 6 6 6 6 6 6 0 6
split_gain=2960.16 3162.94 1040.09 1065.38 415.574 380.859 230.091 114.454 97.6193 91.917 69.8328 52.6205 28.0614 7.49178
threshold=-0.0068935638206659147 0.0056518102358001929 -0.011276265485405721 0.012100532655991538 -0.01616312885097498 0.012453430536371603 -0.024872446401529299 -0.0084437363105402934 -0.033090458182147835 -0.0025992975639645972 -0.068807594727604546 -0.0034249051796999548 -0.025382312272960224 -0.059152643835604472
decision_type=10 10 10 10 10 10 10 10 10 10 8 10 10 10
left_child=4 2 6 -4 10 7 -2 -3 13 -7 -1 -10 -12 -6
right_child=1 5 3 -5 8 9 -8 -9 11 -11 12 -13 -14 -15
leaf_value=0.040706515293394134 0.015477513080157395 0.0215796485290492 -0.014800150728328446 0.0029481984564281769 0.031325063566505121 0.037124448619038325 7.2538223566010203e-05 0.0055437987270584212 0.0085617284616070384 0.01904737694961631 0.032057052017052882 0.017466598090710595 0.022919444616998071 0.020515663684729835
leaf_weight=443.65578520298004 1319.8759333193302 443.12492845952511 16692.160950273275 3712.0488568693399 165.69257389008999 290.37400150299072 2561.1117691248655 3892.5006518810987 2428.6224742084742 3089.9029316306114 647.02993106842041 836.97128027677536 1176.2601000219584 482.64916446805
leaf_count=1785 5562 1834 76780 16051 675 1178 11184 16723 10374 12828 2632 3501 4843 1998
internal_value=0.000127735 -0.00354322 -0.00886066 -0.0115685 0.0191186 0.0131751 0.00535331 0.00724245 0.0131152 0.0207229 0.0293541 0.0109087 0.026352 0.0238031
internal_weight=38182 32001.1 24285.2 20404.2 6180.88 7715.9 3880.99 4335.63 3913.94 3380.28 2266.95 3265.59 1823.29 648.342
internal_count=167948 142140 109577 92831 25808 32563 16746 18557 16548 14006 9260 13875 7475 2673
is_linear=0
shrinkage=0.03


Tree=14
num_leaves=14
num_cat=0
split_feature=6 6 6 6 6 6 7 4 6 4 6 1 6
split_gain=2670.15 2225.11 692.211 518.825 333.47 245.091 81.2482 77.1239 77.1055 33.0905 14.5481 14.4495 9.26517
threshold=-0.021491531990514009 0.018736851383508227 -0.0082139277780974834 0.0068275885480462159 0.05018662551829501 -0.063349117521078732 0.073841857531545083 0.67562500000000014 -0.035583515385673607 0.46437500000000004 0.095688572407011577 0.72909986236853885 -0.075757322407788749
decision_type=10 10 10 10 10 8 8 10 10 10 10 8 10
left_child=5 2 6 -4 7 12 -2 -3 9 -7 -6 -10 -1
right_child=1 4 3 -5 10 8 -8 -9 11 -11 -12 -13 -14
leaf_value=0.039124807725098736 0.00031832780125430247 0.010336414096737684 -0.012292220839870043 -0.0018657910878166573 0.024656685751220611 0.026273621684774848 0.00846225012873098 -0.0048385592804317491 0.011989972474681565 0.017211726346052794 0.037231396224531602 0.017655242651593784 0.028064429006884391
leaf_weight=495.32504343986511 3984.9510855078697 4719.6350287795067 15150.00610974431 6019.0923109799623 1127.9316235482693 922.7178543806076 1523.6512720733881 310.72160665690899 1843.6357897818089 872.23219545185566 158.72105325758457 700.52508683502674 327.20213061571121
leaf_count=1994 17431 19937 69612 26495 4623 3777 6578 1322 7758 3606 642 2924 1328
internal_value=6.39289e-05 -0.00307515 -0.00686793 -0.00933275 0.0129184 0.0201086 0.00259302 0.00937942 0.0171622 0.0220231 0.0265293 0.0136364 0.035187
internal_weight=38156.3 32994.7 26677.7 21169.1 6317.01 5161.64 5508.6 5030.36 4339.11 1794.95 1286.65 2544.16 822.527
internal_count=168027 146640 120116 96107 26524 21387 24009 21259 18065 7383 5265 10682 3322
is_linear=0
shrinkage=0.03


Tree=15
num_leaves=15
num_cat=0
split_feature=2 2 2 0 2 0 2 0 0 7 0 0 0 7
split_gain=9415.18 2431.14 916.853 428.872 344.444 255.115 240.442 173.315 168.282 163.33 103.852 102.959 63.782 60.7465
threshold=0.0029167956340290162 0.0042505236578338169 0.00235217571412407 -0.006333882628523523 0.0055675591397784992 0.0057942947465003955 0.0017989135513542737 -0.004859409530417135 0.0057942947465003955 0.15216229982414128 -0.011785569635913149 -0.011370216990536362 0.0084137111099452672 0.10229160609044675
decision_type=8 8 10 10 8 10 10 10 10 10 8 10 10 10
left_child=2 3 6 13 11 -5 12 -4 -9 -8 -6 -3 -1 -2
right_child=1 4 7 5 10 -7 9 8 -10 -11 -12 -13 -14 -15
leaf_value=-0.032711878894995224 0.011773056899892886 0.027441854605685555 0.00056401043393228246 -0.0020084521184444569 0.035911329916884956 0.0086874450182441998 -0.022410171524915729 -0.015214867700623762 -0.0010229868114238747 0.0040324609389682719 0.025360886663285988 0.014958218014772259 -0.010269018800298393 0.023272743719028741
leaf_weight=3263.6308980733156 1726.0130963176489 719.52168166637421 1079.4234419167042 8241.6608243137598 1201.2135775536299 2640.9870804548264 4620.4799681603909 4125.2331864237785 932.19828414916992 213.29793165624142 4165.4835570603609 4378.1481025367975 138.01924052834511 585.26093205809593
leaf_count=16539 7228 2910 4713 35998 4814 11153 22248 18992 4066 963 16835 18142 641 2415
internal_value=3.08844e-05 0.0116653 -0.0191112 0.00309066 0.0224575 0.000587299 -0.0256549 -0.0102925 -0.012618 -0.021225 0.0277959 0.0167823 -0.0318516 0.0147986
internal_weight=38030.6 23658.3 14372.3 13193.9 10464.4 10882.6 8235.43 6136.85 5057.43 4833.78 5366.7 5097.67 3401.65 2311.27
internal_count=167657 99495 68162 56794 42701 47151 40391 27771 23058 23211 21649 21052 17180 9643
is_linear=0
shrinkage=0.03


Tree=16
num_leaves=15
num_cat=0
split_feature=0 0 6 6 0 0 6 6 0 0 6 0 4 4
split_gain=2589.11 2620.32 961.121 928.122 266.193 264.13 209.188 117.545 70.6084 36.1034 36.0287 28.7517 19.0955 4.35776
threshold=-0.0079523074299736578 0.0062625634162445385 -0.011572826365970455 0.013642358940179735 -0.019730210586930582 0.018387226209576338 -0.024872446401529299 -0.0040186922002201078 -0.012199706618455762 0.026467819734381618 -0.035583515385673607 -0.030186480072467822 0.47187500000000004 0.45812500000000006
decision_type=10 10 10 10 10 10 10 10 10 10 8 10 10 10
left_child=4 2 6 -4 11 7 -2 -3 12 -7 -10 -1 -6 -13
right_child=1 5 3 -5 8 9 -8 -9 10 -11 -12 13 -14 -15
leaf_value=0.034797500192551234 0.014299030161405702 0.021387877613908701 -0.013171931408255953 0.0037144334214921147 0.022221155214430622 0.018321777274691607 0.00030356839505660472 0.0076952924070239539 0.021140963471431757 0.02782822534288254 0.008949616072708234 0.02827901324619142 0.014990976267895334 0.021044535126865514
leaf_weight=657.16377389431 1488.1791654676199 645.7810355424881 17747.633670866489 3497.2442535609007 954.45113368332386 969.28588424623013 2708.2620748728514 4656.4462695717812 259.53238219022751 812.25508333742619 1779.6508512198925 503.95238667726517 803.45961505174637 478.93827770650387
leaf_count=2649 6229 2661 82460 15051 3938 3980 11817 19768 1063 3298 7537 2043 3328 1953
internal_value=-9.60654e-05 -0.00330252 -0.00779713 -0.0103889 0.0190448 0.0128196 0.00530322 0.00941139 0.0145835 0.0228207 0.0106261 0.0291864 0.019054 0.0250617
internal_weight=37962.2 32525.1 25441.3 21244.9 5437.15 7083.77 4196.44 5302.23 3797.09 1781.54 2039.18 1640.05 1757.91 982.891
internal_count=167775 145264 115557 97511 22511 29707 18046 22429 15866 7278 8600 6645 7266 3996
is_linear=0
shrinkage=0.03


Tree=17
num_leaves=15
num_cat=0
split_feature=0 0 6 6 0 0 6 0 6 6 6 0 4 7
split_gain=2423.99 2482.98 932.317 852.424 264.007 257.126 111.402 78.8577 76.4758 61.0951 46.7932 41.255 11.8506 3.37721
threshold=-0.0077195679602117808 0.0062625634162445385 -0.015498759986435571 0.013642358940179735 -0.017855609637251076 0.012888053921045752 -0.035583515385673607 0.024506944546554114 -0.0046511912945526026 -0.035583515385673607 -0.0049679311447068377 -0.030186480072467822 0.46062500000000006 0.12950574665858736
decision_type=10 10 10 10 8 10 10 10 10 10 10 10 10 10
left_child=4 2 6 -4 11 8 -2 -7 -3 13 -11 -1 -13 -6
right_child=1 5 3 -5 9 7 -8 -9 -10 10 -12 12 -14 -15
leaf_value=0.033617787246778504 0.018502152084762406 0.018093663209332801 -0.012248533732718435 0.0038845686211679432 0.019781331792869492 0.015414581028167895 0.0048503924269816777 0.02596298552233469 0.0055431076376935007 0.0090403246196758096 0.01770985299852294 0.026726173585715614 0.019189170122580718 0.030939667701060443
leaf_weight=669.30053175985813 713.87323659658432 502.80145400762558 18701.330987244844 3487.4995437860489 542.59222666919231 2234.5579841434956 2226.6056781262159 985.0188180655241 3398.3119807690382 2243.0823386907578 799.67412129044533 677.7349599301815 630.13391362130642 87.695615097880363
leaf_count=2697 2946 2071 87028 14993 2213 9240 9548 3995 14503 9465 3313 2749 2569 357
internal_value=3.36168e-06 -0.00317219 -0.00760476 -0.00970952 0.0181128 0.0124509 0.0082365 0.0187308 0.00721817 0.0132612 0.011389 0.0269835 0.0233135 0.0218865
internal_weight=37900.2 32250 25129.3 22188.8 5650.21 7120.69 2940.48 3219.58 3901.11 3673.04 3042.76 1977.17 1307.87 630.288
internal_count=167687 144324 114515 102021 23363 29809 12494 13235 16574 15348 12778 8015 5318 2570
is_linear=0
shrinkage=0.03


Tree=18
num_leaves=15
num_cat=0
split_feature=2 2 2 1 1 2 7 2 1 1 1 1 2 2
split_gain=8658.13 2290.45 795.207 695.875 432.33 317.134 175.744 163.95 162.53 140.508 131.801 119.5 99.0709 44.8152
threshold=0.0028607738135652005 0.0042505236578338169 0.0021062118175967973 -0.11408454402498182 -0.24632725562342361 0.0053927673544491841 0.10229160609044675 0.003552681884281731 0.45283947621469356 -0.52500638080014117 1.3148130271077227 0.30432456158073407 0.001719074333767883 0.0025593995991118391
decision_type=8 8 10 10 10 8 10 10 10 8 10 10 10 10
left_child=2 3 8 7 13 11 -5 -2 -1 -7 -6 -3 -10 -4
right_child=1 5 4 6 10 9 -8 -9 12 -11 -12 -13 -14 -15
leaf_value=-0.030975887917252802 -0.0079695930493290344 0.01188874021914486 -0.024145714040043287 0.0066111962041968796 -0.0093886043589760798 0.019301458956016478 0.01766284169060112 0.0013822158228077325 -0.02667826342760363 0.029393470012450094 0.0032036614463116769 0.022354461886448851 -0.012139484116860678 -0.016397339243065703
leaf_weight=4002.8072233051062 3985.076077863574 3127.204567655921 1969.5408902317286 5144.7284270823002 3606.8131883889437 2037.6132683157921 1749.146286636591 2899.6209412664175 914.09052221477032 3852.039374217391 929.63026663661003 1501.6342194825411 871.88618806004524 1299.5586301535368
leaf_count=20605 17834 13012 9661 21787 16519 8253 7294 12538 4601 15479 4039 6094 4090 6104
internal_value=4.18603e-05 0.010769 -0.0191201 0.00271189 -0.0128305 0.021305 0.00944548 -0.00402591 -0.0275539 0.0259508 -0.00679357 0.0153377 -0.0197212 -0.0211432
internal_weight=37891.4 24297.1 13594.3 13778.6 7805.54 10518.5 6893.87 6884.7 5788.78 5889.65 4536.44 4628.84 1785.98 3269.1
internal_count=167910 102291 65619 59453 36323 42838 29081 30372 29296 23732 20558 19106 8691 15765
is_linear=0
shrinkage=0.03


Tree=19
num_leaves=15
num_cat=0
split_feature=2 2 2 1 1 2 6 7 2 1 1 1 2 1
split_gain=8153.98 2144.19 734.544 572.632 421.035 289.188 175.503 173.068 162.595 144.975 108.031 104.957 102.825 83.1385
threshold=0.0028607738135652005 0.004283565586432057 0.0021062118175967973 -0.11408454402498182 0.31610158478546985 0.0055675591397784992 0.018736851383508227 0.09848189736813763 0.0035814386601532833 -0.72103091910316175 0.31610158478546985 -0.54406083157108409 0.0016064990190196478 1.3148130271077227
decision_type=8 8 10 10 10 8 10 10 10 8 10 10 10 10
left_child=2 3 6 8 11 10 12 -5 -2 -7 -3 -4 -1 -6
right_child=1 5 4 7 13 9 -8 -9 -10 -11 -12 -13 -14 -15
leaf_value=-0.0334407418926033 -0.0072299961568063117 0.012243559012726194 -0.022739156743510434 0.0058203188393807894 -0.0069783173984948356 0.017088170720420452 -0.0054799275930043096 0.016493192607932968 0.0020833829569152531 0.028551758068772602 0.021893730273876477 -0.013792504091608003 -0.024503592406787768 0.0039175956402137538
leaf_weight=2189.7891988158226 4111.7760162502527 3385.8224443942308 2259.095002040267 5105.407469779253 1850.4735221713781 1447.9363159239292 336.64193014800549 1885.9426827430725 2836.4323375821114 3950.08951215446 1593.4749992340803 2756.8448186069727 3170.9734968692064 937.6293171942234
leaf_count=11586 18428 14012 11018 21587 8345 5854 1559 7842 12257 15870 6443 13068 16063 4072
internal_value=-1.26833e-05 0.0103646 -0.018701 0.00266913 -0.012681 0.0206833 -0.0268997 0.00872738 -0.00342189 0.0255252 0.0153815 -0.0178711 -0.0282209 -0.00329171
internal_weight=37818.3 24316.9 13501.4 13939.6 7804.04 10377.3 5697.4 6991.35 6948.21 5398.03 4979.3 5015.94 5360.76 2788.1
internal_count=168004 102293 65711 60114 36503 42179 29208 29429 30685 21724 20455 24086 27649 12417
is_linear=0
shrinkage=0.03


Tree=20
num_leaves=15
num_cat=0
split_feature=2 2 2 0 2 0 2 7 7 0 0 2 0 7
split_gain=7539.79 1406.45 1370.13 257.631 243.347 242.42 222.538 206.623 157.675 156.838 134.704 52.4517 48.0488 41.0623
threshold=0.0032013059292748292 0.0023358565281525515 0.0043497958137187591 -0.0058341611268002405 0.0074696459271216525 -0.0051109007468804193 0.0017639783319164475 0.15216229982414128 0.15216229982414128 0.0033912762291906655 -0.014230892624115086 0.002734849764020508 0.007949987447340991 0.046146106744854441
decision_type=8 10 8 10 8 10 10 10 10 10 10 10 10 10
left_child=1 6 3 13 10 11 12 -7 -8 -5 -4 -3 -1 -2
right_child=2 5 4 9 -6 7 8 -9 -10 -11 -12 -13 -14 -15
leaf_value=-0.031288714227873667 0.0092186259378506941 -0.0030640761140771325 0.028122443489538646 -0.00095247933369366558 0.029389981552878905 -0.010225573926399291 -0.021072678774013781 0.01206676961504949 0.0047686346329831302 0.0075163637387115588 0.016189608172956369 0.0076159732736812572 -0.011267949762656371 0.018116481174575243
leaf_weight=2941.7473967969418 935.06263409554958 672.25152638554573 1008.67662756145 5139.6494900435209 2092.4925290346146 7415.6685859709978 4453.3273894786835 383.47556622326374 215.70404945313931 3167.461934030056 6938.25660353899 1025.7313018143177 137.01337793469429 1113.3636599630117
leaf_count=15756 3885 2953 4053 22382 8400 34072 22206 1673 980 13358 28265 4372 649 4583
internal_value=-3.09683e-05 -0.0146299 0.0123113 0.00464053 0.0202051 -0.00687128 -0.0241114 -0.00910775 -0.0198584 0.00227459 0.0177452 0.0033593 -0.0304565 0.0141485
internal_weight=37639.9 17244.9 20395 10355.5 10039.4 9497.13 7747.79 7799.14 4669.03 8307.11 7946.93 1697.98 3078.76 2048.43
internal_count=167587 82661 84926 44208 40718 43070 39591 35745 23186 35740 32318 7325 16405 8468
is_linear=0
shrinkage=0.03


Tree=21
num_leaves=15
num_cat=0
split_feature=0 0 6 6 0 0 6 6 6 0 6 6 4 6
split_gain=2032.91 2267.58 702.697 771.535 313.268 244.826 152.877 98.8662 65.6871 58.4907 43.3923 37.6287 13.6254 3.05629
threshold=-0.006158752378700282 0.0059524329161042564 -0.011276265485405721 0.012100532655991538 -0.01616312885097498 0.016799027089661859 -0.024872446401529299 -0.0040186922002201078 -0.033090458182147835 -0.030186480072467822 -0.0044911234739135599 0.0021712977995118625 0.46062500000000006 -0.059152643835604472
decision_type=10 10 10 10 8 10 10 10 8 10 8 10 10 10
left_child=4 2 6 -4 9 7 -2 -3 13 -1 -10 -7 -11 -6
right_child=1 5 3 -5 8 11 -8 -9 10 12 -12 -13 -14 -15
leaf_value=0.031696981942177044 0.012501339704124266 0.018265078120453686 -0.013120501739693135 0.0019898478223513739 0.023929739464605537 0.032465017838711682 -0.0003626719337309398 0.0059123832260821107 0.0063001182058007752 0.02347575533539795 0.013376776896140438 0.018057938390503445 0.016692184539724344 0.016197171357843206
leaf_weight=657.87865974009037 1255.1661159843206 670.00777320563793 15940.479080349207 3746.4948122352362 176.98679529130459 204.15409722924232 2398.7720098346472 4608.4581852555275 2702.8718508332968 829.07588838040829 1153.5376018881798 1930.8305441439152 785.86871859431267 533.18665809929371
leaf_count=2663 5250 2749 76258 16232 715 821 10572 19585 11541 3371 4837 7880 3203 2183
internal_value=-0.00011524 -0.00340766 -0.00799972 -0.0102424 0.0146642 0.0110335 0.00406193 0.00752326 0.0100749 0.0237743 0.00846154 0.0196085 0.0203347 0.0185131
internal_weight=37593.8 30754.4 23340.9 19687 6839.41 7413.45 3653.94 5278.47 4566.58 2272.82 3856.41 2134.98 1614.94 710.173
internal_count=167860 139347 108312 92490 28513 31035 15822 22334 19276 9237 16378 8701 6574 2898
is_linear=0
shrinkage=0.03


Tree=22
num_leaves=15
num_cat=0
split_feature=0 0 0 0 0 0 0 7 4 1 7 0 4 7
split_gain=1864.4 2005.6 415.469 518.827 230.101 120.878 51.8937 33.2004 32.158 26.4518 25.1155 19.8289 11.1285 6.12988
threshold=-0.0077195679602117808 0.0081743192531785764 -0.0040358308070839169 0.0025712019759165376 -0.01616312885097498 0.018387226209576338 -0.030186480072467822 0.071966034948089438 0.67562500000000014 1.1249307956090273 0.038237401016976695 0.028809310225199506 0.4668750000000001 0.16751948955608281
decision_type=10 10 10 10 10 10 8 8 10 10 8 10 10 8
left_child=4 2 10 -4 6 8 -1 9 -3 -6 -2 -7 -8 -9
right_child=1 5 3 -5 7 11 12 13 -10 -11 -12 -13 -14 -15
leaf_value=0.030904063493844881 0.00019435467470625272 0.011058249703198455 -0.010744928593444116 -0.00083541851180105877 0.010247356078360222 0.017020016078249916 0.022843990012383165 0.014177595982016804 -0.00066880577849486977 0.0019044342429991776 0.0053004848807411079 0.024576106119888134 0.016519504803308133 0.025322208780762249
leaf_weight=647.49045829474926 1521.3793940395117 3585.6563098579645 15839.065123662353 6815.1971721202135 1784.0234275609255 1136.414203196764 882.15143881738186 1030.0939198583364 212.15756061673164 451.95308880507946 2088.5693919509649 661.85903833806515 750.56794445216656 73.585473626852036
leaf_count=2625 6761 14982 74862 30424 7429 4632 3586 4280 896 1932 9157 2673 3056 300
internal_value=2.47755e-05 -0.00278507 -0.00626157 -0.00776813 0.0159418 0.0135026 0.0233095 0.0108388 0.0103873 0.00860372 0.00317161 0.0199548 0.0200914 0.0151952
internal_weight=37480.2 31860.3 26264.2 22654.3 5619.87 5596.09 2280.21 3339.66 3797.81 2235.98 3609.95 1798.27 1632.72 1103.68
internal_count=167595 144387 121204 105286 23208 23183 9267 13941 15878 9361 15918 7305 6642 4580
is_linear=0
shrinkage=0.03


Tree=23
num_leaves=15
num_cat=0
split_feature=2 2 2 2 0 7 0 2 0 0 2 7 0 0
split_gain=6944.84 1795.35 736.188 306.767 287.941 172.283 144.672 137.451 128.6 96.7299 88.0356 68.7676 42.5127 40.7987
threshold=0.0028756279559095919 0.0040707763470456222 0.0021062118175967973 0.0053927673544491841 -0.006158752378700282 0.09848189736813763 -0.0047330950965998589 0.0016064990190196478 0.0094464768421306262 0.0091660974063684248 0.0084826783003338312 0.025505474675853766 -0.018711053761267357 -0.012199706618455762
decision_type=8 8 10 8 10 10 10 10 10 10 8 10 10 10
left_child=2 4 7 11 13 -6 12 -1 -8 -9 -5 -3 -4 -2
right_child=1 3 6 10 5 -7 8 9 -10 -11 -12 -13 -14 -15
leaf_value=-0.031881450881481088 0.015984100631924552 0.007643472480426532 0.011463183012880285 0.020636839670522645 -0.0024244625574641868 0.0071393138345041728 -0.014676045880120402 -0.02303624824387248 -0.00011952263078436844 -0.00014717396717896876 0.029565716732123402 0.015114915819834495 -0.0044462895911777022 0.0075997881810152381
leaf_weight=2167.2497268468142 991.91949780285358 1606.1523956209421 162.14994570612907 4419.5711555629969 8183.9746442437172 2126.5291158556938 5893.5917957574129 3125.8678071349859 611.26349839568138 181.17798598110676 1442.4923406541348 4193.1809095293283 1171.1666519343853 1259.4989402443171
leaf_count=11908 4028 6685 672 17805 35881 9152 28552 16267 2641 823 5807 17261 5248 5268
internal_value=-7.0465e-06 0.00955668 -0.0174078 0.0180287 0.00167914 -0.000441125 -0.0114745 -0.0258558 -0.0133197 -0.0218046 0.0228908 0.0130727 -0.00239588 0.0113746
internal_weight=37535.8 24223.3 13312.5 11661.4 12561.9 10310.5 7838.17 5474.3 6504.86 3307.05 5862.06 5799.33 1333.32 2251.42
internal_count=167998 101887 66111 47558 54329 45033 37113 28998 31193 17090 23612 23946 5920 9296
is_linear=0
shrinkage=0.03


Tree=24
num_leaves=15
num_cat=0
split_feature=2 2 2 1 1 1 1 2 7 1 2 2 2 2
split_gain=6658.31 1391.88 1032.97 466.899 322.183 317.479 195.988 176.734 160.624 131.018 98.6452 92.6543 90.0194 80.7567
threshold=0.0032794510662527919 0.00235217571412407 0.0046510927379661516 -0.20873268959085628 -0.50477582206185612 0.41454519896616304 -0.33912921613013358 0.0017372338072111071 0.12203316505687521 1.1249307956090273 0.0071915022378682041 0.0039276411513036926 0.0027195488069857018 0.0017989135513542737
decision_type=8 10 8 10 10 10 8 10 10 10 8 10 10 10
left_child=1 5 4 12 11 13 -4 -7 -5 -6 -8 -2 -3 -1
right_child=2 3 6 8 9 7 10 -9 -10 -11 -12 -13 -14 -15
leaf_value=-0.031754841770372556 -0.0049274294039530209 -0.018680415808764634 0.014574866823271547 -0.0023438989089958635 0.0076637362241596431 -0.024258881928561446 0.02092008117722554 -0.0075799235622229051 0.011524490665699773 0.017782249156169001 0.030583549655676768 0.0046878163743313299 -0.0096934851104611662 -0.023623189350826405
leaf_weight=2111.8493079990149 2252.1237986832857 1685.6619956940413 3699.1544286161661 4912.0940902382135 5732.8733826875687 916.18042036890984 3506.2408934086561 1574.6149145960808 876.89939674735069 1463.1095001399517 1470.9250908195972 1486.5119305104017 2707.6406663060188 3080.3828297406435
leaf_count=11921 9932 8336 14973 21732 24125 4895 14131 7492 3744 5954 5942 6365 12541 16089
internal_value=0.000124591 -0.0131185 0.0121925 -0.00582743 0.00604279 -0.0227535 0.0199201 -0.0138114 -0.00021656 0.00975121 0.0238436 -0.00108602 -0.0131899 -0.0269968
internal_weight=37476.3 17865.3 19610.9 10182.3 10934.6 7683.03 8676.32 2490.8 5788.99 7195.98 4977.17 3738.64 4393.3 5192.23
internal_count=168172 86750 81422 46353 46376 40397 35046 12387 25476 30079 20073 16297 20877 28010
is_linear=0
shrinkage=0.03


Tree=25
num_leaves=15
num_cat=0
split_feature=2 2 2 1 1 2 1 1 1 2 1 2 6 2
split_gain=6158.5 1500.27 702.715 493.556 359.476 264.218 170.602 141.399 130.994 130.473 108.344 98.3313 80.3897 73.8975
threshold=0.0029167956340290162 0.0041748883435299448 0.0021062118175967973 -0.36668769995926803 0.31610158478546985 0.0053927673544491841 0.92693968043928276 1.3148130271077227 -0.63123331702165097 0.0025593995991118391 0.6968951412403751 0.0035814386601532833 0.021733039676491653 0.0016064990190196478
decision_type=8 8 10 10 10 8 10 10 8 10 10 10 10 10
left_child=2 3 6 11 9 10 13 -5 -7 -4 -3 -2 -8 -1
right_child=1 5 4 7 -6 8 12 -9 -10 -11 -12 -13 -14 -15
leaf_value=-0.032396544890351486 -0.0086758970665177914 0.009946196024212723 -0.01969163041224696 0.0049215862950678316 -0.0021741584666371953 0.01467505543294804 -0.016780456230682875 0.015417739257712691 0.024696270160363441 -0.010006993278715577 0.020765042094862643 0 0.006529310881980604 -0.02378275892870917
leaf_weight=1717.3983438462019 2979.1788524240255 4062.5190258622169 2846.8349181413651 6343.0021891444921 2930.6760550290346 1786.5185722410679 885.48830223083496 1419.4049980938435 4061.5616708397865 2364.0805631577969 1077.7181257158518 1959.1020453572273 146.87142589688301 2606.5174957513809
leaf_count=9874 13517 16744 14460 26964 13121 7191 4519 5816 16379 11202 4345 8509 667 14046
internal_value=-3.26404e-05 0.00918033 -0.0162008 0.00214904 -0.0106147 0.0172926 -0.0246451 0.00686596 0.0216754 -0.015337 0.0122621 -0.00525219 -0.0133758 -0.0272847
internal_weight=37186.9 23689 13497.9 12700.7 8141.59 10988.3 5356.28 7762.41 5848.08 5210.92 5140.24 4938.28 1032.36 4323.92
internal_count=167354 99465 67889 54806 38783 44659 29106 32780 23570 25662 21089 22026 5186 23920
is_linear=0
shrinkage=0.03


Tree=26
num_leaves=15
num_cat=0
split_feature=2 2 2 1 1 2 1 7 1 2 2 2 1 1
split_gain=5927.33 1490.12 628.918 455.57 331.257 217.579 159.023 146.397 134.581 108.068 97.3881 89.8898 73.1034 64.8758
threshold=0.0028607738135652005 0.004283565586432057 0.0021062118175967973 -0.45933897015971231 0.31610158478546985 0.0071915022378682041 0.46599959433634947 0.095653675984470235 -0.47787430835190325 0.0035021854839194923 0.0017372338072111071 0.0025593995991118391 1.3466660082386379 -0.74280368609487091
decision_type=8 8 10 10 10 8 10 10 10 10 10 10 10 8
left_child=2 3 6 9 11 8 -1 -5 -3 -2 -8 -4 -6 -7
right_child=1 5 4 7 12 13 10 -9 -10 -11 -12 -13 -14 -15
leaf_value=-0.028056147032407535 -0.0094103395968651669 0.0097345108006700719 -0.019201060495136323 0.0039102225638182348 -0.0060432505090711039 0.015800621544407513 -0.023526100238489722 0.012558027664840685 0.01788138629666915 -0.0004402704521649313 -0.0086657263783833424 -0.010645983436083866 0.0042755437505118824 0.028084571567626612
leaf_weight=3617.0313859730959 2537.2194764465094 3023.9316581189632 2805.0590792447329 6670.7462067753077 1855.3769406229258 583.80208083987236 859.26814757287502 2410.8791097402573 4965.7406241744757 2330.325115531683 795.52361184358597 1976.6269908994436 908.80189995467663 1828.985593944788
leaf_count=20459 11619 12348 14375 28379 8471 2341 4688 10058 20084 10145 3868 9469 3953 7409
internal_value=-1.82118e-05 0.00867104 -0.016525 0.00225401 -0.0109327 0.0172598 -0.0244824 0.00622382 0.0148215 -0.00513795 -0.0165131 -0.0157067 -0.00262584 0.0252146
internal_weight=37169.3 24351.6 12817.7 13949.2 7545.86 10402.5 5271.82 9081.63 7989.67 4867.54 1654.79 4781.69 2764.18 2412.79
internal_count=167666 102383 65283 60201 36268 42182 29015 38437 32432 21764 8556 23844 12424 9750
is_linear=0
shrinkage=0.03


Tree=27
num_leaves=15
num_cat=0
split_feature=2 2 2 1 1 2 1 1 1 1 1 6 6 2
split_gain=5655.33 1413.7 637.231 401.096 318.184 267.771 175.564 133.713 127.085 117.193 106.903 94.502 68.8473 53.3727
threshold=0.0028607738135652005 0.0040707763470456222 0.0021062118175967973 -0.56290049079137139 -0.24632725562342361 0.0053927673544491841 0.66601876049380038 0.65083771172273031 0.59025181720934639 1.3466660082386379 -0.17124088131480655 0.018736851383508227 -0.008658310009895585 0.0016064990190196478
decision_type=8 8 10 10 10 8 10 10 10 10 8 10 10 10
left_child=2 3 6 12 -4 7 13 -3 -5 -6 -7 -8 -2 -1
right_child=1 5 4 8 9 10 11 -9 -10 -11 -12 -13 -14 -15
leaf_value=-0.03214305402140441 0.0013164807196152989 0.0090175452278344285 -0.017883813228318123 0.002366686938904529 -0.0077987952914016726 0.016379456402075752 -0.017985609183581455 0.020129678552536813 0.0098299132604478586 0.00414995698570264 0.024777848342358005 0.0033849432732308404 -0.0085164721106054005 -0.024195061421356974
leaf_weight=1530.8304802626371 795.47131139039993 4525.568845435977 3088.2223278582096 5594.2013053447008 3559.014417976141 2873.0411361306906 1139.115570306778 1266.9258378893137 3270.4367175400257 917.62544485926628 2946.6823253184557 213.40171983838081 3039.1055946052074 2343.1042189598083
leaf_count=9125 3448 18677 15806 24139 16765 11549 5999 5109 13533 3986 11946 986 13822 13028
internal_value=5.51014e-05 0.00855169 -0.0160831 0.00162579 -0.010481 0.0161128 -0.0241446 0.0114888 0.00513483 -0.00533237 0.0206773 -0.0145696 -0.00646293 -0.0274259
internal_weight=37102.7 24311.4 12791.3 12699.2 7564.86 11612.2 5226.45 5792.49 8864.64 4476.64 5819.72 1352.52 3834.58 3873.93
internal_count=167918 102223 65695 54942 36557 47281 29138 23786 37672 20751 23495 6985 17270 22153
is_linear=0
shrinkage=0.03


Tree=28
num_leaves=15
num_cat=0
split_feature=2 2 2 1 1 2 2 1 1 1 1 2 0 2
split_gain=5340.19 1325.32 610.021 454.408 388.003 256.233 115.654 110.207 103.203 102.424 97.5597 75.7508 64.9191 28.5075
threshold=0.0028607738135652005 0.0040707763470456222 0.0018374936339392381 0.039036019736963259 -0.35763036366884404 0.0053927673544491841 0.0025593995991118391 1.4477018921011204 0.30432456158073407 -0.56290049079137139 0.96769995628936922 0.003552681884281731 0.0086589533359027211 0.0016064990190196478
decision_type=8 8 10 10 10 8 10 10 10 8 10 10 10 10
left_child=2 4 12 6 11 8 -4 -6 -3 -7 -5 -2 13 -1
right_child=1 5 3 10 7 9 -8 -9 -10 -11 -12 -13 -14 -15
leaf_value=-0.030532895864436596 -0.0078800317839923788 0.0082318633925045626 -0.021325897386188442 -0.0084986438337463048 0.0041632343076679372 0.014221567922224792 -0.011268633809034393 0.013942141488470731 0.016891876785478419 0.022875530611172937 0.00051568488479358213 -0.00018179874947246976 -0.0060395969766194081 -0.023337811690270792
leaf_weight=1941.4200122505426 3077.6411527842283 3946.7601101696491 3363.0457375049591 2706.1057131439447 6526.2018836736679 1974.5111231803894 1585.227877959609 1237.9296117424965 1865.4792527109385 3898.5407400876284 1772.6413807719946 1860.1221325397491 139.7728845179081 1109.7362716048956
leaf_count=11612 14102 16311 18019 12981 27699 7934 7772 5056 7529 15801 7955 8095 671 6336
internal_value=8.13739e-05 0.00827983 -0.0157533 -0.0118823 0.00156388 0.0155673 -0.0181453 0.00574605 0.0110459 0.0200054 -0.0049243 -0.00499836 -0.0270982 -0.0280204
internal_weight=37005.1 24387.2 12617.9 9427.02 12701.9 11685.3 4948.27 7764.13 5812.24 5873.05 4478.75 4937.76 3190.93 3051.16
internal_count=167873 102527 65346 46727 54952 47575 25791 32755 23840 23735 20936 22197 18619 17948
is_linear=0
shrinkage=0.03


Tree=29
num_leaves=15
num_cat=0
split_feature=2 2 2 1 1 2 7 7 1 1 2 1 1 6
split_gain=5080.66 1387.86 450.486 410.034 382.205 234.485 138.277 118.881 111.617 98.5768 80.4099 60.9879 51.6017 24.1056
threshold=0.0027195488069857018 0.0040707763470456222 0.0017989135513542737 -0.34829153175391903 -0.075739227095112147 0.0053927673544491841 0.095653675984470235 0.081217329594164875 -0.3109854360165305 -0.16177798398710028 0.003552681884281731 -0.64125877388447217 1.2010392010076487 0.021733039676491653
decision_type=8 8 10 8 10 8 10 10 10 8 10 10 10 10
left_child=2 3 12 10 11 8 -5 -6 -3 -7 -2 -4 -1 -14
right_child=1 5 4 6 7 9 -8 -9 -10 -11 -12 -13 13 -15
leaf_value=-0.028917901949207327 -0.0081450499874785535 0.0058983552168485739 -0.023781543332792972 0.002654765083158349 -0.010580982932712878 0.015100155209100201 0.011197051983913861 3.4418407918982184e-05 0.014324436119017384 0.023144702329352083 -0.0004388439498694612 -0.015899821542613386 -0.019205087768034309 0.00057814406762957972
leaf_weight=2474.2148519903421 3570.3029637187719 2592.8476437181234 2071.8675712198019 6305.8245231956244 2885.2502522617579 2899.0052699148655 2348.1766769587994 1395.9639921933413 3256.7803411930799 2934.179610863328 1874.9263858944178 1867.6435198038816 353.80644348263741 57.841375961899757
leaf_count=14992 16550 10751 11192 26931 13947 11650 9799 6534 13217 11952 8159 9906 1944 269
internal_value=-3.30039e-05 0.00727273 -0.0169887 0.000930081 -0.0133658 0.0149148 0.0049898 -0.00711365 0.0106163 0.0191896 -0.00550828 -0.0201099 -0.0272064 -0.0163352
internal_weight=36888.6 25782 11106.6 14099.2 8220.73 11682.8 8654 4281.21 5849.63 5833.18 5445.23 3939.51 2885.86 411.648
internal_count=167793 109009 58784 61439 41579 47570 36730 20481 23968 23602 24709 21098 17205 2213
is_linear=0
shrinkage=0.03


Tree=30
num_leaves=15
num_cat=0
split_feature=2 2 2 1 1 2 1 6 7 6 6 2 1 6
split_gain=4782.22 1288.01 434.888 371.01 370.213 250.235 121.381 112.709 105.857 91.7899 85.6367 74.2935 52.1809 24.0239
threshold=0.0027195488069857018 0.0039915687364262924 0.0017989135513542737 -0.085319150817296033 -0.36668769995926803 0.0053927673544491841 0.54822545510621834 -0.013967417575902806 0.15216229982414128 -0.027250367864836807 -0.008658310009895585 0.00235217571412407 1.2010392010076487 0.016597079077074643
decision_type=8 8 10 10 10 8 10 10 10 10 10 10 10 10
left_child=2 4 12 11 10 6 -3 -6 -5 -7 -2 -4 -1 -14
right_child=1 5 3 8 7 9 -8 -9 -10 -11 -12 -13 13 -15
leaf_value=-0.028380303072218366 0.0016093508538553801 0.0075962387458276921 -0.023632031978774826 -0.0081840216891183211 0.010711292117284794 0.025640423753946606 0.017217000760153638 0.0025786005150837993 0.0093693953881200092 0.016466822588849111 -0.0077637640236246936 -0.014949251446927487 -0.019326923294364133 -0.00050648758654686817
leaf_weight=2429.2814398556948 1109.8817953020334 4834.9926029592752 2081.606944411993 3970.4025490283966 2029.8342103362083 1360.4610190987587 1592.177240267396 6360.3368526548147 323.89538469910622 4471.1737524271011 3953.8289300948381 1796.572984367609 329.36018531024456 83.174907132983208
leaf_count=14970 4864 19969 11711 19163 8365 5598 6420 27270 1447 18029 18233 9276 1844 397
internal_value=2.46482e-05 0.00711132 -0.0165051 -0.0129476 0.00069548 0.0141414 0.0100119 0.00456369 -0.00682743 0.0186574 -0.00569838 -0.0196739 -0.0266334 -0.0157762
internal_weight=36727 25712.7 11014.3 8172.48 13453.9 12258.8 6427.17 8390.17 4294.3 5831.63 5063.71 3878.18 2841.82 412.535
internal_count=167556 108748 58808 41597 58732 50016 26389 35635 20610 23627 23097 20987 17211 2241
is_linear=0
shrinkage=0.03


Tree=31
num_leaves=15
num_cat=0
split_feature=2 2 2 1 1 1 2 7 2 1 1 2 2 7
split_gain=4513.73 1054.05 681.96 312.418 275.578 243.517 142.367 127.514 121.608 117.995 85.1589 74.1164 69.9273 62.8032
threshold=0.0032794510662527919 0.0023358565281525515 0.0049402804779042639 -0.24632725562342361 -0.86308447745060068 0.20332472955456996 0.0017372338072111071 0.11188711026338242 0.0080722935438988647 0.83049701434399903 -0.46845548995246511 0.0041194717281430775 0.0018894389554005039 0.15535315416955706
decision_type=8 10 8 10 10 10 10 10 8 10 10 10 10 10
left_child=1 5 4 13 11 12 -7 -5 10 -6 -4 -2 -1 -3
right_child=2 3 8 7 9 6 -8 -9 -10 -11 -12 -13 -14 -15
leaf_value=-0.029363680948833983 -0.0073857351140530179 -0.012115066728468717 0.010123992619758042 -0.0028946481144853133 0.0057642685308748496 -0.022292358851694685 -0.0082457772503799088 0.0082699391988886317 0.024469518337488883 0.013550000731585955 0.017801044338887045 0.003377532183095327 -0.021027065771987086 0.0097812917051260731
leaf_weight=1933.3698469251394 1599.2464685291052 4042.4954736977816 2227.0949168354273 4867.4999084174633 7471.1842055767775 1041.0226131528616 1813.106494858861 1123.8580066114664 1566.1026877611876 2319.8278346657753 3511.1480569839478 880.34593668580055 2218.8405221700668 111.29256872832775
leaf_count=12152 7136 19944 8958 21752 31404 6141 8999 4808 6414 9406 14231 3678 12500 522
internal_value=-0.000141968 -0.0113757 0.00969874 -0.00517881 0.0053641 -0.0203202 -0.0134501 -0.000780108 0.016955 0.00762704 0.0148547 -0.00354206 -0.0249844 -0.0114919
internal_weight=36726.4 17151.5 19575 10145.1 12270.6 7006.34 2854.13 5991.36 7304.35 9791.01 5738.24 2479.59 4152.21 4153.79
internal_count=168045 86818 81227 47026 51624 39792 15140 26560 29603 40810 23189 10814 24652 20466
is_linear=0
shrinkage=0.03


Tree=32
num_leaves=15
num_cat=0
split_feature=2 2 2 1 1 0 1 1 2 2 2 1 2 1
split_gain=4307.02 1060.08 529.973 375.925 327.428 172.277 137.629 122.28 102.614 69.7174 65.9042 61.2969 38.2299 26.3537
threshold=0.0028607738135652005 0.0042505236578338169 0.0018374936339392381 -0.26497564792983674 -0.56290049079137139 -0.013122764472455693 0.96769995628936922 1.3466660082386379 0.0074696459271216525 0.0025593995991118391 0.003552681884281731 0.45283947621469356 0.0015933974398020996 0.86834350206104138
decision_type=8 8 10 10 10 8 10 10 8 10 10 10 10 8
left_child=2 4 11 9 10 13 -5 -6 -7 -4 -2 -1 -13 -3
right_child=1 5 3 6 7 8 -8 -9 -10 -11 -12 12 -14 -15
leaf_value=-0.02864288162890662 -0.008526802135472215 0.019464146385680673 -0.021352832865411411 -0.0092357812581324739 0.0033592364590936969 0.011228270170941773 0.00083842855760720781 0.012694226280009156 0.019890012926630823 -0.012156315527667759 -0.00088905596738668327 -0.023978181441654929 -0.011102859484601924 0.028372550069520219
leaf_weight=2022.1914139688015 2352.5940441638231 924.710403829813 2484.5890381485224 3856.1115816384554 8144.0085832029581 7315.0049030482769 1765.9499831050634 1497.3990381062031 1530.7389291226864 1185.2287312299013 1822.797033905983 558.50697241723537 411.23059673607349 699.15076190233231
leaf_count=12972 10947 3797 13984 19110 34658 29624 7965 6099 6222 5999 7949 3327 2244 2912
internal_value=-7.03177e-05 0.00724955 -0.0145415 -0.0109734 0.00178578 0.0144458 -0.00606484 0.00482691 0.0127547 -0.0184401 -0.00521692 -0.0255291 -0.0187485 0.0234865
internal_weight=36570.2 24286.4 12283.8 9291.88 13816.8 10469.6 5622.06 9641.41 8845.74 3669.82 4175.39 2991.93 969.738 1623.86
internal_count=167809 102208 65601 47058 59653 42555 27075 40757 35846 19983 18896 18543 5571 6709
is_linear=0
shrinkage=0.03


Tree=33
num_leaves=15
num_cat=0
split_feature=2 2 2 1 1 2 2 1 0 0 2 0 1 2
split_gain=4021.9 1129.69 433.052 346.334 326.661 174.353 133.81 126.417 109.177 73.5145 46.969 40.6012 23.1918 22.2435
threshold=0.0027195488069857018 0.0042505236578338169 0.0017989135513542737 -0.35763036366884404 0.088933860867391565 0.0080722935438988647 0.0032794510662527919 1.2837810836613726 -0.015446927119490915 -0.0079523074299736578 0.0021865447809102587 0.007949987447340991 0.65083771172273031 0.0014092396667470914
decision_type=8 8 10 10 10 8 10 10 10 10 10 10 10 10
left_child=2 4 11 10 6 8 -2 -5 -3 -6 -4 13 -7 -1
right_child=1 5 3 7 9 12 -8 -9 -10 -11 -12 -13 -14 -15
leaf_value=-0.030622501322309183 -0.0072664798746140792 0.021733513705652161 -0.025828013188900219 -0.0096850921108954206 0.011928333770193006 0.020776690263585203 0.00035073988352134764 0.0017057562044442607 0.011095874942436048 0.0044145960874230139 -0.017197396447649747 -0.0084594881821154055 0.031012806551795304 -0.023679139735619543
leaf_weight=1079.269487246871 3410.0279429554939 998.73193788528442 992.90633361041546 4082.3789761811495 1558.534287109971 1212.8142027705908 5242.3315690457821 1101.6972994059324 7909.6554475277662 4956.2371346354485 1878.835309997201 136.47445775568485 348.26617649197578 1479.9086611717939
leaf_count=7036 15989 4130 5887 20650 6323 4960 22816 4972 32020 20856 10234 689 1474 9389
internal_value=-5.32909e-05 0.00640398 -0.0154477 -0.011925 0.00116521 0.0139793 -0.00264932 -0.00725418 0.0123182 0.00623684 -0.0202815 -0.0258699 0.0232813 -0.0267385
internal_weight=36388.1 25636.6 10751.5 8055.82 15167.1 10469.5 8652.36 5184.08 8908.39 6514.77 2871.74 2695.65 1561.08 2559.18
internal_count=167425 108568 58857 41743 65984 42584 38805 25622 36150 27179 16121 17114 6434 16425
is_linear=0
shrinkage=0.03


Tree=34
num_leaves=15
num_cat=0
split_feature=6 6 0 0 6 6 0 6 4 4 4 0 4 4
split_gain=1182.07 981.766 560.891 629.409 173.614 132.335 107.839 43.6442 35.4156 23.6882 20.9576 21.3354 20.3982 7.79735
threshold=-0.018590878347533032 0.019212237430568994 -0.0051109007468804193 0.0044259112385637298 0.047651340801809113 -0.035583515385673607 -0.011785569635913149 -0.068807594727604546 0.67687500000000012 0.67562500000000014 0.44062500000000004 -0.0068935638206659147 0.46437500000000004 0.42437500000000006
decision_type=10 10 10 10 10 8 10 10 10 10 10 10 10 8
left_child=5 2 6 -4 8 7 -2 -1 -3 -6 13 -12 -9 -7
right_child=1 4 3 -5 9 10 -8 12 -10 -11 11 -13 -14 -15
leaf_value=0.024565520389605251 0.014619062339084582 0.0060678222228880236 -0.0099033545382532853 0.0026606108681112746 0.018153393868728492 0.0095596392048140442 0.0026356643811627466 0.018178194796109073 -0.0045031119094660812 0 0.009382487113525349 0.0032249453383287859 0.011371797699551132 0.015882970846310556
leaf_weight=630.28252832591534 889.86021906137466 4408.372442856431 16028.066399410367 4609.320865124464 1382.4780906438828 816.04869355261326 2817.8749303519726 975.11450977623463 291.28406427800655 73.483620196580887 1059.0578225255013 1068.8516091406345 936.71497428417206 334.38461695611477
leaf_count=2645 3677 18663 80993 20217 5667 3490 12394 4039 1238 303 4409 4585 3869 1401
internal_value=-8.84446e-05 -0.00245526 -0.00516327 -0.00709438 0.00823602 0.012287 0.00555942 0.0174453 0.00539173 0.0172767 0.00822792 0.00634716 0.0149511 0.0115703
internal_weight=36321.2 30500.7 24345.1 20637.4 6155.62 5820.45 3707.74 2542.11 4699.66 1455.96 3278.34 2127.91 1911.83 1150.43
internal_count=167590 143152 117281 101210 25871 24438 16071 10553 19901 5970 13885 8994 7908 4891
is_linear=0
shrinkage=0.03


Tree=35
num_leaves=15
num_cat=0
split_feature=2 2 2 1 1 1 7 2 1 7 2 6 2 2
split_gain=3883.22 934.283 539.374 274.009 240.618 225.675 123.471 119.371 113.696 108.279 73.6031 61.8179 52.2626 46.8288
threshold=0.0032794510662527919 0.0023358565281525515 0.0049402804779042639 -0.41274357435780445 -0.86308447745060068 0.46599959433634947 0.10740991242072372 0.0017372338072111071 0.05886221180362728 0.095653675984470235 0.0018374936339392381 -0.009141063269318293 0.0080722935438988647 0.0027616538798669486
decision_type=8 10 8 10 10 10 10 10 8 10 10 10 10 10
left_child=1 5 4 13 11 10 -5 -7 12 -6 -1 -2 -4 -3
right_child=2 3 8 6 9 7 -8 -9 -10 -11 -12 -13 -14 -15
leaf_value=-0.027669004323336566 0.0058437366211569093 -0.015978419201436497 0.010600906575557798 -0.0033414783539539548 0.0054475207369622152 -0.020654236133487106 0.006807240845238564 -0.0059115612175418978 0.020083180449496713 0.012764514618880268 -0.019518517810875349 -0.0056237404770113309 0.019272327336140052 -0.0086214497171747447
leaf_weight=1963.7337401658297 526.45749202370644 1424.9182587713003 3464.8729709386826 5354.4830249845982 7304.1948297023773 775.74950297176838 1338.411600664258 1413.1805722117424 2979.0185595303774 2460.1481874585152 2574.2522483319044 1945.2408236861229 812.68875773251057 1960.0874480754137
leaf_count=13100 2212 7655 13950 24272 30508 4685 5786 6922 12301 10127 14903 8599 3312 9397
internal_value=-5.83578e-05 -0.0106248 0.00904876 -0.00482946 0.00519136 -0.019278 -0.00129591 -0.0112338 0.0155288 0.00730837 -0.0231118 -0.00314335 0.0123035 -0.011774
internal_weight=36297.4 16804.8 19492.6 10077.9 12236 6726.92 6692.89 2188.93 7256.58 9764.34 4537.99 2471.7 4277.56 3385.01
internal_count=167729 86720 81009 47110 51446 39610 30058 11607 29563 40635 28003 10811 17262 17052
is_linear=0
shrinkage=0.03


Tree=36
num_leaves=15
num_cat=0
split_feature=6 6 0 0 6 6 0 6 0 0 1 0 6 1
split_gain=1057.74 892.162 510.066 561.433 139.719 130.755 105.382 52.2267 21.1047 20.4369 18.1267 16.5691 11.3245 5.69656
threshold=-0.018590878347533032 0.019212237430568994 -0.004859409530417135 0.0035582704074282883 0.045492492248119916 -0.035583515385673607 -0.012659548797972984 -0.068807594727604546 0.026467819734381618 -0.014823901634883506 0.76130195089509156 0.0061021807851154861 0.095688572407011577 0.84896355346176666
decision_type=10 10 10 10 10 8 10 10 10 10 10 10 10 10
left_child=5 2 6 -4 8 7 -2 13 -3 -7 -9 -11 -6 -1
right_child=1 4 3 -5 12 9 -8 10 -10 11 -12 -13 -14 -15
leaf_value=0.018360770478024181 0.015172724314430262 0.0046359485417746694 -0.0098924784522672962 0.0012800560012492489 0.014286679234301464 0.012128884185283304 0.0025919579639541428 0.011533947161950223 0.014160042937584414 0.0054955680370230003 0.018187816612858194 0.01487894624315777 0.023953462455062618 0.027782760194452128
leaf_weight=251.96261908113956 735.98265774548054 4308.242159485817 14638.526522740722 5578.3374112993479 1467.8970654308796 735.84985840320587 3179.7292846590281 1215.1205032914877 220.79997502267361 2367.3655518442392 703.78456303477287 187.42572784423828 161.95794501900673 379.45350904762745
leaf_count=1056 3038 18297 75012 24865 6037 3049 14020 5040 905 10130 2909 767 666 1615
internal_value=-2.81864e-05 -0.00228471 -0.00488724 -0.00680762 0.00789453 0.0116479 0.0050045 0.0167645 0.00514366 0.00762542 0.0140871 0.00626268 0.0154241 0.0244614
internal_weight=36132.4 30291.5 24132.6 20216.9 6158.9 5840.96 3915.71 2550.32 4529.04 3290.64 1918.91 2554.79 1629.86 631.416
internal_count=167406 142840 116935 99877 25905 24566 17058 10620 19202 13946 7949 10897 6703 2671
is_linear=0
shrinkage=0.03


Tree=37
num_leaves=15
num_cat=0
split_feature=2 2 2 1 1 2 1 1 1 1 6 1 2 2
split_gain=3539.3 987.273 388.508 303.735 295.071 170.819 105.26 97.1257 95.8278 75.2489 73.5508 53.7497 35.8427 25.1932
threshold=0.0027195488069857018 0.0040707763470456222 0.0017989135513542737 -0.44045240400068902 -0.36668769995926803 0.0053927673544491841 0.96769995628936922 -0.065782689704796699 0.92693968043928276 0.34074117143220889 -0.024872446401529299 1.3795207401498819 0.0022034277975385235 0.0013313840679558082
decision_type=8 8 10 10 10 8 10 8 10 10 10 10 10 10
left_child=2 4 11 12 10 9 -5 -7 -6 -3 -2 13 -4 -1
right_child=1 5 3 6 8 7 -8 -9 -10 -11 -12 -13 -14 -15
leaf_value=-0.031551355379819901 0.0091920119135783431 0.0063683284823353829 -0.025092200856854947 -0.009978288108856816 0.0019355673651867264 0.012359082147184926 -0.00066872042136703256 0.020345994148946212 0.0088490619930500954 0.013848507502856948 -0.0058620859203155073 -0.012252950937031772 -0.016957418261890723 -0.023593788190352162
leaf_weight=768.26080057024956 298.37519846856594 3996.4589586406946 904.38042719662189 3851.0917045027018 6250.9932319670916 3123.8201420456171 1546.6232237666845 2657.2543722093105 2551.0976549237967 1791.1799817532301 5016.1292370557785 317.67399428784847 1604.7367453277111 1534.0610381364822
leaf_count=5294 1262 16409 5560 20032 26799 12611 7073 11082 10485 7242 23211 1810 8960 10216
internal_value=-9.06618e-05 0.00591198 -0.0147344 -0.0113775 0.000581377 0.0124053 -0.00732805 0.0160694 0.00395387 0.00871356 -0.00498995 -0.0247606 -0.0200013 -0.0264001
internal_weight=36212.1 25685.3 10526.8 7906.83 14116.6 11568.7 5397.71 5781.07 8802.09 5787.64 5314.5 2620 2509.12 2302.32
internal_count=168046 109101 58945 41625 61757 47344 27105 23693 37284 23651 24473 17320 14520 15510
is_linear=0
shrinkage=0.03


Tree=38
num_leaves=15
num_cat=0
split_feature=2 2 2 1 1 2 7 7 1 2 1 2 1 2
split_gain=3392.94 969.677 370.919 272.146 256.466 139.004 131.526 116.573 97.5811 60.7201 50.9735 34.7143 28.7745 23.4426
threshold=0.002734849764020508 0.0041748883435299448 0.0017989135513542737 -0.44952336009472177 -0.57268597444351554 0.0080722935438988647 0.10740991242072372 0.15216229982414128 -0.52500638080014117 0.003552681884281731 1.2283440343456784 0.0021865447809102587 0.24791527374334291 0.001445588710339061
decision_type=8 8 10 10 10 8 10 10 10 10 10 10 10 10
left_child=2 4 10 11 9 8 -6 -5 -3 -2 13 -4 -7 -1
right_child=1 5 3 7 6 12 -8 -9 -10 -11 -12 -13 -14 -15
leaf_value=-0.030031943854561271 -0.008269256386238804 0.0070894473629750316 -0.024506379196457744 -0.008468111733021701 0.0016189978078829906 0.017599337324828206 0.010038752031903601 0.0090492599010363901 0.013532793983024654 -0.00082392650792960137 -0.013115645655531036 -0.016421276370940322 0.027307285460939277 -0.022514460111833633
leaf_weight=986.70374616980553 2593.1252725869417 3406.2943745553493 848.31396028399467 5158.4733905345201 8207.6174095273018 1028.2799296379089 2096.9715622961521 354.84294255077839 5998.8534936010838 1621.3135238438845 373.71647551655769 1682.6319607943296 513.37589181959629 1206.5443843454123
leaf_count=6935 12345 13852 5303 26150 35162 4236 8740 1609 24475 7117 2156 9480 2215 8145
internal_value=-5.4412e-05 0.00588271 -0.0143007 -0.0110941 0.000793286 0.0126206 0.0033463 -0.00731547 0.0112156 -0.00542794 -0.0242438 -0.0192406 0.0210259 -0.0260446
internal_weight=36077.1 25465.8 10611.2 8044.26 14519 10946.8 10304.6 5513.32 9405.15 4214.44 2566.96 2530.95 1541.66 2193.25
internal_count=167920 108142 59778 42542 63364 44778 43902 27759 38327 19462 17236 14783 6451 15080
is_linear=0
shrinkage=0.03


Tree=39
num_leaves=15
num_cat=0
split_feature=2 2 2 6 7 2 7 7 2 6 7 7 6 2
split_gain=3260.14 842.431 370.874 188.464 186.9 151.728 121.875 71.8859 69.7146 62.9473 56.6982 55.2312 43.4641 23.1645
threshold=0.0027195488069857018 0.0040707763470456222 0.0017989135513542737 -0.009874363255819139 0.08412077426119316 0.0053927673544491841 0.095653675984470235 0.046607530178200546 0.01006235347145863 -0.0059853809620538092 0.15216229982414128 0.079770124052300051 0.016597079077074643 0.0014092396667470914
decision_type=8 8 10 10 10 8 10 10 8 10 10 10 10 10
left_child=2 3 12 7 9 11 -5 -2 -7 -4 -6 -3 13 -1
right_child=1 5 4 6 10 8 -8 -9 -10 -11 -12 -13 -14 -15
leaf_value=-0.029371031891127955 0.0019398402540688447 0.0062136092708451485 -0.008333824395477453 -0.0029949794923250809 -0.0053169906882350095 0.013714092339797083 0.0047980017815668092 0.010413041471996282 0.02302924356363047 -0.015523624288107697 0.0075798575362703074 0.012512143309184815 -0.0090280392711815285 -0.022117054144746306
leaf_weight=989.31149546802044 1658.0504766851664 3936.23286254704 1588.0101051926613 8044.4663391709328 1604.9096353203058 4839.8126411437988 2314.5332680493593 2033.099644780159 906.44280382990837 4264.5381748229265 366.34520849585533 1918.4619341790676 185.0041988492012 1344.7476434856653
leaf_count=7008 7011 16113 8188 35973 8336 19831 10019 8488 3819 23512 1676 7791 1007 9158
internal_value=3.67757e-05 0.00577162 -0.0141721 0.000825083 -0.0109101 0.0117514 -0.00124504 0.00663865 0.0152314 -0.0136005 -0.00286375 0.00830555 -0.0241964 -0.0253295
internal_weight=35994 25651.1 10342.9 14050.1 7823.8 11601 10359 3691.15 5746.26 5852.55 1971.25 5854.69 2519.06 2334.06
internal_count=167930 109045 58885 61491 41712 47554 45992 15499 23650 31700 10012 23904 17173 16166
is_linear=0
shrinkage=0.03


Tree=40
num_leaves=15
num_cat=0
split_feature=2 2 2 1 1 2 7 1 1 1 6 1 2 6
split_gain=3090.3 696.527 453.505 259.746 242.294 163.213 112.061 106.345 95.4547 82.2935 64.3907 60.8682 46.1902 40.6528
threshold=0.0028607738135652005 0.0040707763470456222 0.0019736335366390503 -0.35763036366884404 -0.74280368609487091 0.0055675591397784992 0.042122279824431792 0.23601329327341466 0.88687115408329775 -0.72103091910316175 0.016988119487024281 0.72909986236853885 0.0025148856108319459 -0.009141063269318293
decision_type=8 8 10 10 10 8 10 10 10 8 10 10 10 10
left_child=2 4 7 12 13 11 -6 -1 -5 -7 -9 -3 -4 -2
right_child=1 5 3 8 6 9 -8 10 -10 -11 -12 -13 -14 -15
leaf_value=-0.02603209210012462 0.00093248889570070109 0.0067019300191338074 -0.019076016108465984 -0.0074367925874209134 -0.00031032794737037258 0.0092066849121024714 0.0062309350398782838 -0.017838820703646695 0.0011688241492486945 0.017806899896756878 -0.00044196005586643141 0.014154269404119978 -0.010974980586897052 -0.0079880896897967443
leaf_weight=2063.6858202219009 554.47372302412987 5027.8295114040375 1729.9182731509209 3603.984710752964 3919.452718988061 1457.2262932807207 5836.5621216446161 1221.0730008333921 1688.4174035191536 3790.9518225193024 235.78817057609558 1263.1307949572802 1163.2029083222151 2343.0661050230265
leaf_count=14431 2425 20529 10439 18285 16840 5870 24687 7593 7603 15800 1181 5130 6183 10971
internal_value=7.75598e-05 0.00620158 -0.0125682 -0.00866545 0.00133296 0.0115294 0.00359923 -0.0215751 -0.00468303 0.0154524 -0.0150863 0.00822786 -0.0158886 -0.00626307
internal_weight=35898.8 24192.7 11706.1 8185.52 12653.6 11539.1 9756.01 3520.55 5292.4 5248.18 1456.86 6290.96 2893.12 2897.54
internal_count=167967 102252 65715 42510 54923 47329 41527 23205 25888 21670 8774 25659 16622 13396
is_linear=0
shrinkage=0.03


Tree=41
num_leaves=15
num_cat=0
split_feature=2 2 2 1 1 2 7 1 1 1 6 1 1 6
split_gain=2904.5 899.565 269.703 254.991 250.443 204.754 120.867 100.48 86.362 76.071 55.3878 50.8745 27.4582 9.23583
threshold=0.0025593995991118391 0.0038080536024029036 0.0016064990190196478 -0.20873268959085628 0.029466880634103073 0.0053927673544491841 0.095653675984470235 0.74496767310870837 1.5582694039150586 1.1012185922268034 -0.018590878347533032 -0.64125877388447217 1.6843603004968217 0.0074266981318009693
decision_type=8 8 10 10 10 8 10 10 10 10 10 10 10 10
left_child=2 3 12 10 11 7 -5 -3 -6 -7 -2 -4 -1 -14
right_child=1 5 4 6 8 9 -8 -9 -10 -11 -12 -13 13 -15
leaf_value=-0.027310869450232995 0.0036853086430258118 0.0053655310595117208 -0.022122976444378897 0.00049398654015888688 -0.0091445180151617476 0.013228723011468501 0.0088377471789858175 0.013767826715741099 0.0025240189114354014 0.02429928619314935 -0.0063371309359669782 -0.014497437538477933 -0.016643009990787955 0
leaf_weight=1523.4133202284575 532.89361594617367 6408.6399344950914 1662.0592248886824 5446.8684351742268 2692.6805115938187 5047.8451912850142 2191.6424870938063 1620.2389311492443 709.54326529800892 658.05134016275406 5320.3503830581903 1854.0167584270239 87.700665161013603 49.770867466926575
leaf_count=11102 2300 26477 10462 23475 14149 20736 9146 6570 3326 2843 25392 11124 558 272
internal_value=1.78156e-07 0.00479874 -0.0152092 -0.000699555 -0.0125533 0.0102007 0.00290425 0.00708361 -0.00669316 0.0145562 -0.0054097 -0.0181716 -0.026095 -0.0112757
internal_weight=35805.7 27226.5 8579.18 13491.8 6918.3 13734.8 7638.51 8028.88 3402.22 5705.9 5853.24 3516.08 1660.88 137.472
internal_count=167932 116939 50993 60313 39061 56626 32621 33047 17475 23579 27692 21586 11932 830
is_linear=0
shrinkage=0.03


Tree=42
num_leaves=15
num_cat=0
split_feature=2 2 2 6 2 7 2 6 6 6 7 2 7 2
split_gain=2729.88 746.661 305.312 208.658 119.201 117.603 114.097 105.798 79.6979 53.7914 45.829 44.4168 24.0675 21.2811
threshold=0.0026932655064740569 0.004283565586432057 0.0019736335366390503 -0.020907442972837306 0.0071915022378682041 0.082646617819239349 0.0033790425544059106 0.016988119487024281 -0.019713223789592501 -0.0059853809620538092 0.15216229982414128 0.0016064990190196478 0.047059329066527551 0.01006235347145863
decision_type=8 8 10 10 8 10 10 10 10 10 10 10 10 10
left_child=2 3 7 12 8 9 -5 11 -3 -4 -7 -1 -2 -6
right_child=1 4 5 6 13 10 -8 -9 -10 -11 -12 -13 -14 -15
leaf_value=-0.026154121390896883 0.0056029504925782644 0.015281370027593975 -0.0066790236190324417 -0.003204650734138417 0.015086301676198515 -0.0050180716232910141 0.0023200423107398969 -0.0032266022723262977 0.0079865509794148862 -0.01397424836524807 0.0075801369559315478 -0.018380392256992333 0.012385015499904511 0.021938060805594781
leaf_weight=1538.4993274956942 858.15871740877628 1781.5929608941078 1333.2255047410727 6588.756681740284 1521.6347663551569 1381.2342260479927 6847.7576909512281 298.03073427081108 6134.3597996979952 3395.7212921977043 307.19956964254379 1592.6817835122347 1265.1842089146376 771.47914510965347
leaf_count=11381 3527 7364 6890 30113 6376 7240 29187 1562 24873 18910 1403 10237 5176 3292
internal_value=8.39403e-07 0.00513684 -0.0134258 0.000994293 0.0114375 -0.00952188 -0.000384964 -0.020665 0.00965313 -0.0119486 -0.00265945 -0.0222902 0.00971125 0.0175028
internal_weight=35615.5 25768.9 9846.59 15559.9 10209.1 6417.38 13436.5 3429.21 7915.95 4728.95 1688.43 3131.18 2123.34 2293.11
internal_count=167531 109908 57623 68003 41905 34443 59300 23180 32237 25800 8643 21618 8703 9668
is_linear=0
shrinkage=0.03


Tree=43
num_leaves=15
num_cat=0
split_feature=2 2 1 1 2 2 2 1 1 6 1 1 1 2
split_gain=2520.62 815.959 276.577 218.21 184.688 145.714 134.383 102.688 79.187 70.0336 62.3689 56.1188 41.1155 22.6536
threshold=0.0025593995991118391 0.0038080536024029036 0.46599959433634947 -0.11408454402498182 0.0053927673544491841 0.0019736335366390503 0.0017372338072111071 0.74496767310870837 0.05886221180362728 -0.020322905531501508 -0.6509568700522167 -0.90785040659484306 1.5582694039150586 0.0014092396667470914
decision_type=8 8 10 10 8 10 10 10 8 10 10 10 10 10
left_child=2 3 5 11 7 13 -4 -3 -6 -5 -7 -2 -8 -1
right_child=1 4 6 9 8 10 12 -9 -10 -11 -12 -13 -14 -15
leaf_value=-0.029794868303610191 -0.0088653213112074268 0.0047784536828684547 -0.017857216001418999 0.0091988235434796676 0.010558596811079929 -0.019817640653113696 -0.0055818098521510044 0.013277999679689475 0.01791440380661043 0.0013064639747112589 -0.011090666657313609 -0.0028944157030125219 0.0034493150698726369 -0.021869291431512013
leaf_weight=646.86970867216587 2179.6131185144186 6424.9229413717985 711.22782105207443 1224.7059648185968 3362.6709847897291 1212.312775105238 1444.0399643331766 1612.7356097251177 2329.7563129514456 5798.5006143003702 2192.4330544024706 4197.8421889692545 642.85289973020554 1577.1111567467451
leaf_count=5073 10581 26512 4698 5000 13685 7554 7170 6548 9947 24883 12411 19541 2964 11100
internal_value=-0.000126416 0.00432402 -0.0144501 -0.00093839 0.00946149 -0.0182861 -0.00667471 0.0065057 0.0136058 0.00270239 -0.0142645 -0.00495516 -0.00276804 -0.0243244
internal_weight=35557.6 27130.7 8426.85 13400.7 13730.1 5628.73 2798.12 8037.66 5692.43 7023.21 3404.75 6377.46 2086.89 2223.98
internal_count=167667 116697 50970 60005 56692 36138 14832 33060 23632 29883 19965 30122 10134 16173
is_linear=0
shrinkage=0.03


Tree=44
num_leaves=15
num_cat=0
split_feature=2 2 2 2 6 7 6 7 0 2 0 0 7 6
split_gain=2463.49 563.809 384.937 176.48 136.081 129.723 95.3259 88.7674 82.547 79.8865 63.9556 59.8008 27.97 25.2717
threshold=0.0028607738135652005 0.0038080536024029036 0.0021062118175967973 0.0060445863019311158 0.018260364021662315 0.10229160609044675 -0.017602406521675992 0.15216229982414128 -0.004610523665389831 0.0016064990190196478 -0.0047330950965998589 -0.014823901634883506 0.12203316505687521 -0.0073501681634677843
decision_type=8 8 10 8 10 10 10 10 10 10 10 8 10 10
left_child=2 5 4 8 9 6 -2 10 -3 -1 -4 -5 -6 -7
right_child=1 3 7 11 12 13 -8 -9 -10 -11 -12 -13 -14 -15
leaf_value=-0.025695285891204504 0.0061680361109672927 0.011643056136087128 -0.0015764326180751 0.022113518068450716 -0.0067462914273024076 0.011118210500236415 -0.0029406264250168936 0.0075734003532643701 0.0052786225683723554 -0.01659193855835922 -0.0092987112425359422 0.012652955320373879 0.010750880402720561 0.0041892951248094319
leaf_weight=1502.5275717824697 1199.7861076295376 2566.250187009573 1199.3564636260271 773.71837456524372 200.18600906431675 737.33868709206581 7014.8568552285433 338.14049910008907 6773.9909526258707 2508.997347086668 5499.5593605190516 3591.6218134462833 125.02939823269844 1490.7701389193535
leaf_count=11493 4953 10497 5540 3441 1068 3032 31288 1527 27876 16004 29362 14814 609 6418
internal_value=-2.19403e-05 0.00539806 -0.0115294 0.00939716 -0.0185625 0.000139749 -0.00159709 -0.00716635 0.00704426 -0.020072 -0.00792949 0.0143902 0 0.00654849
internal_weight=35522.1 24148.3 11373.8 13705.6 4336.74 10442.8 8214.64 7037.06 9340.24 4011.52 6698.92 4365.34 325.215 2228.11
internal_count=167922 102319 65603 56628 29174 45691 36241 36429 38373 27497 34902 18255 1677 9450
is_linear=0
shrinkage=0.03


Tree=45
num_leaves=14
num_cat=0
split_feature=6 0 0 6 6 6 0 7 6 4 4 6 0
split_gain=729.982 649.015 470.511 303.016 85.2173 79.5298 73.9866 62.5994 24.919 14.7164 13.0057 12.5603 4.37528
threshold=-0.021491531990514009 0.0069511909723140039 -0.004859409530417135 0.021183236672468023 -0.075757322407788749 0.047651340801809113 -0.011785569635913149 0.037406451149912166 -0.031959016104557307 0.46437500000000004 0.44062500000000004 0.066047323932674665 -0.0084403072407728801
decision_type=8 8 10 8 10 10 10 8 10 10 10 10 10
left_child=4 2 6 -4 12 7 -2 -3 9 -6 -10 -7 -1
right_child=1 5 3 -5 8 11 -8 -9 10 -11 -12 -13 -14
leaf_value=0.024908883776400801 0.011206411492955001 0.00088047612768317723 -0.0071952160055353993 0.0052195247274509013 0.013781382937733674 0.010713383797573356 0.0024358475451436924 0.0078248416633727759 0.010121891310259762 0.008775949163303402 0.0048539763012715705 0.018095327785243382 0.012301939914975267
leaf_weight=371.00762519240379 1159.94472040236 1850.104847162962 17649.13542919606 1953.5818532854319 1283.0044283717871 587.10169924795628 3472.1790540292859 3273.3658266365528 706.34851375222206 1236.0535298734903 1332.4858081042767 502.62985181808472 82.626121982932091
leaf_count=1657 4875 7876 91825 8432 5424 2436 15391 13861 3031 5165 5649 2097 350
internal_value=4.49747e-05 -0.00170059 -0.00391998 -0.00595289 0.0106445 0.006939 0.00466445 0.00533549 0.00934827 0.0113934 0.00674881 0.0143064 0.0230569
internal_weight=35459.6 30448 24234.8 19602.7 5011.53 6213.2 4632.12 5123.47 4557.89 2519.06 2038.83 1089.73 453.634
internal_count=168069 146793 120523 100257 21276 26270 20266 21737 19269 10589 8680 4533 2007
is_linear=0
shrinkage=0.03


Tree=46
num_leaves=15
num_cat=0
split_feature=2 2 1 1 2 2 1 1 2 1 1 2 4 2
split_gain=2273.74 735.05 249.776 220.708 170.933 165.369 108.42 97.5873 93.7041 57.8519 56.3221 36.2174 23.5786 22.5805
threshold=0.0025462049533089225 0.0038080536024029036 -0.085319150817296033 -0.64125877388447217 0.0017372338072111071 0.0060445863019311158 -0.48654183131879891 0.74496767310870837 0.0022034277975385235 1.3148130271077227 -0.09463883693309702 0.0035021854839194923 0.36062500000000003 0.0014092396667470914
decision_type=8 8 10 10 10 8 10 10 10 10 8 10 10 10
left_child=2 3 8 11 12 6 -3 -5 13 -6 -7 -2 -4 -1
right_child=1 5 4 7 9 10 -8 -9 -10 -11 -12 -13 -14 -15
leaf_value=-0.030670014570115738 -0.0090556172067335558 0.0025172440721484505 -0.0052894959998187356 -0.00044209804344523779 -0.0077366267853760948 0.010677765020552104 0.0092925157886568129 0.0059471556849275903 -0.013354565630245754 0.001344767073382267 0.017752392643324798 -0.001708814115594953 -0.020568123640398891 -0.021601947873242079
leaf_weight=416.58688517659903 2586.664533033967 3359.2940970659256 121.06300660222769 7028.1747063696384 2431.1508894115686 2342.6729654222727 5960.5715329349041 3080.6798181682825 1458.0988237857819 833.71211256086826 2004.3944225609303 821.75145073235035 996.35218229144812 1864.383884690702
leaf_count=3438 12890 13945 842 31342 12973 9566 24362 12835 8774 3889 8693 3689 7142 13124
internal_value=7.40398e-05 0.0042376 -0.0138431 -0.00071903 -0.0089256 0.00914127 0.00686215 0.00150305 -0.0195514 -0.00540226 0.0139868 -0.00731207 -0.0190276 -0.0234109
internal_weight=35305.6 27184.2 8121.35 13517.3 4382.28 13666.9 9319.87 10108.9 3739.07 3264.86 4347.07 3408.42 1117.42 2280.97
internal_count=167504 117322 50182 60756 24846 56566 38307 44177 25336 16862 18259 16579 7984 16562
is_linear=0
shrinkage=0.03


Tree=47
num_leaves=15
num_cat=0
split_feature=2 2 2 1 1 1 2 1 2 6 1 1 2 2
split_gain=2102.58 483.153 361.858 294.328 161.071 156.675 122.176 89.1979 68.0751 65.0399 53.0264 32.6839 31.1704 22.9268
threshold=0.0028607738135652005 0.0038080536024029036 0.0017989135513542737 -0.27435340233964495 1.1012185922268034 0.17155454455546187 0.0054997834566165573 0.96769995628936922 0.00235217571412407 -0.018590878347533032 1.2010392010076487 2.3702013067977661 0.0068353086740594888 0.0013313840679558082
decision_type=8 8 10 10 8 10 10 10 10 10 10 10 10 10
left_child=2 5 10 8 6 9 -3 -5 -4 -2 13 -7 -6 -1
right_child=1 4 3 7 12 11 -8 -9 -10 -11 -12 -13 -14 -15
leaf_value=-0.028849571064678534 0.0057302548755173432 0.0049682013908656569 -0.019900058002971312 -0.0063586061945638027 0.015029964355085875 0.0037770856431419975 0.011245187981619975 0.0017415982977871136 -0.011027988950218509 -0.0040027258211741464 -0.010064159907076407 0.013607378761091348 0.026325164374608037 -0.020609882526539645
leaf_weight=623.00023213773966 682.09313449263573 7287.1211589425802 1484.7429160773754 3788.2333425283432 1475.6022366881371 3829.7191826850176 4605.536343306303 1784.6554105728865 1855.5492334365845 5520.7962070256472 353.55862304568291 329.92236897349358 303.32114048302174 1290.7211892604828
leaf_count=5117 2847 29976 9908 19807 6132 15906 19132 8160 10423 25329 2206 1335 1385 9870
internal_value=-7.49778e-06 0.00499037 -0.0107514 -0.00800215 0.00869146 9.7952e-05 0.00741147 -0.00375539 -0.0150371 -0.00291529 -0.0214503 0.00460193 0.0171258 -0.0234595
internal_weight=35214.6 24034.1 11180.5 8913.18 13671.6 10362.5 11892.7 5572.89 3340.29 6202.89 2267.28 4159.64 1778.92 1913.72
internal_count=167533 102042 65491 48298 56625 45417 49108 27967 20331 28176 17193 17241 7517 14987
is_linear=0
shrinkage=0.03


Tree=48
num_leaves=15
num_cat=0
split_feature=6 6 6 6 6 6 7 4 1 4 4 1 7 6
split_gain=647.615 500.963 271.562 210.093 81.6585 56.6993 44.466 36.2819 20.8129 16.3873 12.4969 11.4709 4.99299 1.89016
threshold=-0.024872446401529299 0.020677032743742 -0.005288168420757521 0.0074266981318009693 0.047651340801809113 -0.068807594727604546 0.0062642766644998458 0.67562500000000014 2.3702013067977661 0.67312500000000008 0.47312500000000007 0.88687115408329775 0.031386520430046617 -0.075757322407788749
decision_type=10 10 10 10 10 8 8 10 8 10 10 10 10 10
left_child=5 2 6 -4 7 11 -2 -3 10 -6 -7 -1 -10 -13
right_child=1 4 3 -5 9 8 -8 -9 12 -11 -12 13 -14 -15
leaf_value=0.013254975039919899 -0.0061276024307713303 0.0052090002761547701 -0.0077086013230318849 -0.00071474740147532841 0.013563055695691771 0.010685232017157908 0.0019844021833599606 -0.0061642592200731238 0.0086615597402260585 -0.000198357138297268 0.0067534663406480268 0.02555025127863465 0.022024758894730351 0.013119782265009979
leaf_weight=255.8848822414875 650.28408697992563 3925.4061208665371 11511.670407727361 5850.560916826129 1361.524181842804 1788.8271551728249 7363.9273688867688 256.77248257398605 73.487622544169426 73.175691097974777 1590.8474535644054 279.99893681704998 155.42273016273975 71.938973069190979
leaf_count=1114 3110 16746 61615 27079 5691 7599 34316 1094 314 302 6686 1277 652 309
internal_value=4.74246e-05 -0.00145266 -0.0032489 -0.0053571 0.00664323 0.0110656 0.00131189 0.00448337 0.00955586 0.0128231 0.00887759 0.0196316 0.018528 0.0236078
internal_weight=35209.7 30993.3 25376.4 17362.2 5616.88 4216.41 8014.21 4182.18 3608.58 1434.7 3379.67 607.823 228.91 351.938
internal_count=167904 149953 126120 88694 23833 17951 37426 17840 15251 5993 14285 2700 966 1586
is_linear=0
shrinkage=0.03


Tree=49
num_leaves=15
num_cat=0
split_feature=2 2 2 2 7 7 0 6 6 7 0 0 2 4
split_gain=2002.63 619.385 226.149 146.532 142.121 112.324 99.2375 90.2921 54.517 53.1531 45.9775 28.608 25.2837 14.7205
threshold=0.0025593995991118391 0.0038080536024029036 0.0017989135513542737 0.0071915022378682041 0.095653675984470235 0.15216229982414128 -0.0065156254419503892 -0.012529067755333577 0.0076256006763735238 0.11536603435587876 -0.0099134581636119972 0.0097296202875797339 0.01006235347145863 0.56062500000000015
decision_type=8 8 10 8 10 10 10 10 10 10 10 10 10 10
left_child=2 4 9 6 7 8 -3 -2 -4 11 -6 -1 -5 -7
right_child=1 3 5 12 10 13 -8 -9 -10 -11 -12 -13 -14 -15
leaf_value=-0.023226107052987163 0.0031645785075335364 0.012105153216659279 -0.012465179439832136 0.012873929840079176 0.014001822170472231 0.0034996165210624377 0.0054426505592742808 -0.0038272896299800115 -0.0051022413470731415 -0.0046586583412024712 0.0033822891306973702 -0.0010195546596848545 0.020166709389417434 0.019451616744704938
leaf_weight=1989.7539861276746 2071.8014554381371 2653.0835648030043 4376.7212637811899 1497.0446217060089 422.50258946418762 222.3185595870018 8746.5615755170584 8124.1442676484585 1204.2232483029366 175.62483742833138 2762.4604405760765 60.392777353525162 754.01028677821159 67.356349378824234
leaf_count=15673 8788 11007 25893 6395 1712 1029 35932 37601 6434 1181 12091 322 3301 310
internal_value=-3.0549e-06 0.00391598 -0.0130837 0.0084099 -0.000666916 -0.00994773 0.00700775 -0.00239896 -0.0108991 -0.0212468 0.00484922 -0.0226092 0.0154216 0.00793437
internal_weight=35128 27031.6 8096.39 13650.7 13380.9 5870.62 11399.6 10195.9 5580.94 2225.77 3184.96 2050.15 2251.05 289.675
internal_count=167669 116827 50842 56635 60192 33666 46939 46389 32327 17176 13803 15995 9696 1339
is_linear=0
shrinkage=0.03


Tree=50
num_leaves=15
num_cat=0
split_feature=2 2 2 1 1 2 2 1 6 2 1 1 1 6
split_gain=2019.64 487.483 286.803 244.563 186.143 121.594 77.7575 67.4003 64.5544 62.5975 38.0187 29.2801 28.3912 9.3377
threshold=0.002734849764020508 0.004283565586432057 0.0016064990190196478 -0.20873268959085628 0.27094022556165259 0.0074696459271216525 0.0032794510662527919 1.6427060365314061 -0.022091074454356981 0.00235217571412407 1.8385319234672457 -0.60211369513955171 1.4477018921011204 0.0089424936649304971
decision_type=8 8 10 10 10 8 10 10 10 10 10 10 10 10
left_child=2 4 12 9 6 8 -2 -5 -3 -4 -6 -7 -1 -14
right_child=1 5 3 7 10 11 -8 -9 -10 -11 -12 -13 13 -15
leaf_value=-0.02537574949344383 -0.0049010825592841487 0.013176331898362367 -0.019448500241467007 -0.0067014903226768115 0.0042853877373234522 0.010925860772055792 0.00062611016158716014 0.0027071305978517749 0.0065129711435296467 -0.010885339139220237 0.011118027481831503 0.019189696372261245 -0.01508660002669087 0
leaf_weight=1300.7873686552048 3698.225099876523 1677.3500525653362 1849.8428116738796 4202.3780291378498 4600.5824097841978 702.24594427645206 5947.7178048342466 802.70288079977036 6589.9483760297298 1480.6027469038963 890.14806173741817 1234.7846331000328 114.30400384962559 52.628160089254379
leaf_count=10821 17579 7076 12907 22582 19110 2925 25859 3716 26809 8595 3620 5482 799 299
internal_value=-3.34212e-05 0.00443806 -0.0115909 -0.00940456 0.00101553 0.00950305 -0.00148967 -0.00517821 0.00788643 -0.0157036 0.00542219 0.0162961 -0.0238192 -0.0106022
internal_weight=35144.2 25341 9803.25 8335.53 15136.7 10204.3 9645.94 5005.08 8267.3 3330.45 5490.73 1937.03 1467.72 166.932
internal_count=168179 108460 59719 47800 66168 42292 43438 26298 33885 21502 22730 8407 11919 1098
is_linear=0
shrinkage=0.03


Tree=51
num_leaves=15
num_cat=0
split_feature=0 0 0 0 0 0 7 7 0 7 5 4 7 4
split_gain=574.408 568.448 224.176 197.229 55.6331 46.8816 20.7607 20.1275 18.705 15.4767 11.4856 10.4871 14.9188 7.78624
threshold=-0.010239097130758988 0.0089077890009516842 -0.0040358308070839169 0.002643844090300385 -0.022131525567186557 0.018387226209576338 0.059579112931912426 0.038237401016976695 0.04624270955055599 0.011642598996733792 1.3016228146546582 0.45812500000000006 0.089670628956409731 0.47687500000000005
decision_type=10 10 10 10 8 10 8 8 10 8 10 10 10 10
left_child=4 2 7 -4 11 9 13 -2 -7 -3 -8 -1 -13 -6
right_child=1 5 3 -5 6 8 10 -9 -10 -11 -12 12 -14 -15
leaf_value=0.019292900859544573 0.00040265623395644898 0 -0.0064312171303539025 -0.00021760620207612199 0.0077034591364419933 0.010747614967264155 0.012006066177804081 0.0043447787864029147 0.022059700954908872 0.0065036393876328558 0 0.0077599856940978977 0.018330760323951274 0.0031290560632096097
leaf_weight=622.16276820003986 2036.510846786201 381.75411015748978 14170.097797341645 6834.4872971177101 929.63320155441761 1590.3814909905195 1186.0585704594851 2840.6009753346443 160.07982730865479 2904.5849669575691 78.291237160563469 338.10983999073505 244.98716530203819 642.19201794266701
leaf_count=2791 9258 1617 75457 31835 3962 6665 5001 12628 689 12277 331 1446 1053 2689
internal_value=0.00011909 -0.00127059 -0.00306722 -0.00441335 0.0107424 0.00793728 0.00835171 0.00271516 0.0119356 0.00575962 0.0112773 0.0162037 0.0125366 0.00590405
internal_weight=34959.9 30918.5 25881.7 21004.6 4041.43 5036.8 2836.18 4877.11 1750.46 3286.34 1264.35 1205.26 583.097 1571.83
internal_count=167699 150426 129178 107292 17273 21248 11983 21886 7354 13894 5332 5290 2499 6651
is_linear=0
shrinkage=0.03


Tree=52
num_leaves=15
num_cat=0
split_feature=2 2 2 7 7 2 2 0 0 2 7 6 0 2
split_gain=1843.42 564.51 218.934 136.559 125.926 109.334 87.1908 79.2429 61.8886 57.4065 54.5854 21.605 11.6627 6.34305
threshold=0.0025593995991118391 0.0039915687364262924 0.0016064990190196478 0.046607530178200546 0.081902334043703937 0.0080722935438988647 0.0033663546919533052 -0.006333882628523523 -0.002523315214211896 0.0021062118175967973 0.16751948955608281 0.016988119487024281 -0.012199706618455762 0.0014092396667470914
decision_type=8 8 10 10 10 8 10 10 10 10 10 10 8 10
left_child=2 3 11 8 9 7 -5 -3 -2 -4 -6 13 -7 -1
right_child=1 5 4 6 10 12 -8 -9 -10 -11 -12 -13 -14 -15
leaf_value=-0.026625274609473656 0.00086683082403249867 0.012007107769768025 -0.016757014720376898 -8.8625689539671224e-05 -0.0053005786179791663 0.021509343515553728 0.0062441427465442624 0.005936128001898815 -0.0052560631698403059 -0.0099304221452616356 0.010574107635522181 -0.0063050388200576631 0.014225791371793155 -0.020005453177139455
leaf_weight=825.71633597463369 2151.0408979207277 2614.409600764513 1999.2691438943148 4869.5017292946577 1484.4173589721322 372.59165817499161 3240.4679991751909 7960.1185250729322 4666.617284193635 2829.1811204850674 212.70202706754208 81.637554451823235 1089.3112760484219 533.09749245643616
leaf_count=7046 9388 10981 13488 22181 8459 1744 13667 32606 21560 16073 979 488 4683 4400
internal_value=-3.65256e-05 0.00370829 -0.0127086 -0.000186335 -0.0103266 0.00853955 0.00243892 0.00745269 -0.003317 -0.0127982 -0.00322555 -0.0233127 0.0162564 -0.0242371
internal_weight=34930.1 26964.1 7966.02 14927.6 6525.57 12036.4 8109.97 10574.5 6817.66 4828.45 1697.12 1440.45 1461.9 1358.81
internal_count=167743 116810 50933 66796 38999 50014 35848 43587 30948 29561 9438 11934 6427 11446
is_linear=0
shrinkage=0.03


Tree=53
num_leaves=15
num_cat=0
split_feature=0 0 0 0 0 0 4 7 7 7 4 4 0 4
split_gain=518.938 485.344 201.956 165.213 50.6212 40.4837 32.7225 24.9266 18.9799 13.173 18.2097 11.4691 7.27028 6.61631
threshold=-0.010602406162804499 0.0081743192531785764 -0.0040358308070839169 0.0015124027059009173 -0.023555705579258231 0.026467819734381618 0.70562500000000006 0.033774054224728636 0.060127009103182243 0.068224471038188864 0.47437500000000005 0.62437500000000012 0.04624270955055599 0.36187500000000006
decision_type=10 10 10 10 10 10 10 8 8 8 10 10 10 10
left_child=4 2 7 -4 9 6 -3 -2 11 10 -1 -6 -7 -10
right_child=1 5 3 -5 8 12 -8 -9 13 -11 -12 -13 -14 -15
leaf_value=0.016249892455641592 -0.00046214323629276913 0.0059731784199546136 -0.0067856166644826759 -0.0013310873426945142 0.0065544282081352748 0.011072381197894696 -0.011354249842596323 0.0038703808198316206 0.019478369325218872 0.019454933981562245 0.0039963930402147916 -0.0015995514230582525 0.019765487616778338 0.0099642466694948948
leaf_weight=308.07784873247147 1879.1886933147907 4624.4007372111082 11692.168122507632 8788.372007958591 1392.3784762322903 621.84970286488533 88.964285597205162 3158.1299490183592 90.787912234663963 547.72617343068123 201.92930474877357 157.77968838810921 152.81578816473484 1176.0016805380583
leaf_count=1405 8538 19553 62935 42537 5903 2632 373 14031 399 2427 862 664 663 4954
internal_value=-8.67272e-05 -0.00138305 -0.00312557 -0.00444975 0.0102481 0.00669924 0.00561008 0.00224452 0.00805258 0.0159087 0.0116838 0.0056811 0.0130938 0.0108403
internal_weight=34880.6 31005.9 25517.9 20480.5 3874.68 5488.03 4713.37 5037.32 2816.95 1057.73 510.007 1550.16 774.665 1266.79
internal_count=167876 151262 128041 105472 16614 23221 19926 22569 11920 4694 2267 6567 3295 5353
is_linear=0
shrinkage=0.03


Tree=54
num_leaves=15
num_cat=0
split_feature=2 2 1 2 1 1 2 2 1 1 2 1 4 1
split_gain=1702.18 517.871 238.304 149.98 140.433 138.101 129.241 93.9462 55.0645 53.6869 43.7646 43.6857 24.9942 14.1376
threshold=0.0025593995991118391 0.0035814386601532833 1.0000000180025095e-35 0.0015933974398020996 -0.72103091910316175 -0.36668769995926803 0.0065673277622668074 0.0019273428732258953 1.5582694039150586 0.98821406175250937 0.0042505236578338169 -0.64125877388447217 0.73812500000000014 1.7821885545188734
decision_type=8 8 10 10 8 10 8 10 10 10 10 10 10 10
left_child=2 5 7 13 10 12 -6 -1 -5 -7 -3 -9 -2 -4
right_child=1 4 3 8 6 9 -8 11 -10 -11 -12 -13 -14 -15
leaf_value=-0.024232674632724768 -0.0062143192086158271 -0.0020497200339127481 -0.022068971253289781 -0.0065481886395172802 0.007134938333008229 -0.00053140280262498638 0.015178310288864068 -0.01832228241620865 0.0027361245295736019 0.0052695291443438713 0.0044332500198766079 -0.010092685076769132 0.011479619484691735 -0.008020487622504343
leaf_weight=1325.7139107584953 3926.1461403518915 1374.8310635685921 564.13561338186264 2684.7963012233377 9264.2144040763378 5196.5506161600351 2263.4351838231087 1204.6308944523335 714.49734863638878 1966.0763475596905 2838.7690979540348 1319.0831864029169 61.994722530245781 106.16578182578087
leaf_count=11196 19441 6040 4603 14863 38227 22985 9957 8136 3396 8160 11544 8248 307 702
internal_value=-8.44861e-05 0.00351427 -0.012302 -0.00718846 0.00701713 -0.00142712 0.00873123 -0.0176598 -0.00457682 0.00105766 0.00230391 -0.0141014 -0.00589624 -0.0200827
internal_weight=34811 26892 7919.02 4069.6 15741.2 11150.8 11527.6 3849.43 3399.29 7162.63 4213.6 2523.71 3988.14 670.301
internal_count=167805 116661 51144 23564 65768 50893 48184 27580 18259 31145 17584 16384 19748 5305
is_linear=0
shrinkage=0.03


Tree=55
num_leaves=15
num_cat=0
split_feature=2 2 2 7 1 7 1 1 2 1 1 2 2 0
split_gain=1614.63 342.521 340.327 142.709 139.46 128.587 123.239 94.2183 83.492 74.9608 53.184 38.5516 37.0578 31.5088
threshold=0.0029311035973404779 0.0046510927379661516 0.0021062118175967973 0.04167525718067823 -0.24632725562342361 0.11666317893783724 0.59025181720934639 -0.18041914787823304 0.0035658219514951802 -0.36668769995926803 1.5582694039150586 0.0084826783003338312 0.0025593995991118391 0.0073254301669652975
decision_type=8 8 10 10 10 10 10 8 10 10 10 10 10 10
left_child=2 3 5 8 12 9 -5 13 -2 -1 -6 -9 -4 -3
right_child=1 7 4 6 10 -7 -8 11 -10 -11 -12 -13 -14 -15
leaf_value=-0.02404792539091782 -0.0053429738145926884 0.0047267393077498991 -0.014089781835717007 0.0018984637418839928 -0.0037223863122563742 0.0004584510559594483 0.0098079277656174298 0.011268817983016455 0.001531490564803215 -0.014689049513265712 0.0048672888674906609 0.019788211196679919 -0.0070339792502190392 0.011158124488406604
leaf_weight=1287.4918866604567 2965.0956199616194 3329.0595309436321 1474.8346255272627 5991.4483332633972 3918.9251983016729 362.56211870163679 2528.6527452170849 3512.1634469479322 3388.5942074805498 2311.5944460257888 762.70032213628292 600.75042505562305 1383.0582779347897 895.55404908955097
leaf_count=10628 13399 13545 9590 26022 19305 2205 10316 14895 14240 16270 3295 2806 7421 3679
internal_value=-9.25056e-05 0.00445991 -0.00928116 0.00172412 -0.00551608 -0.0163995 0.00426167 0.00932533 -0.00167056 -0.018111 -0.00230283 0.0125727 -0.0107325 0.00612739
internal_weight=34712.5 23211.3 11501.2 14873.8 7539.52 3961.65 8520.1 8337.53 6353.69 3599.09 4681.63 4112.91 2857.89 4224.61
internal_count=167616 98902 68714 63977 39611 29103 36338 34925 27639 26898 22600 17701 17011 17224
is_linear=0
shrinkage=0.03


Tree=56
num_leaves=15
num_cat=0
split_feature=2 2 2 1 1 1 2 7 1 2 2 6 1 4
split_gain=1567.37 451.009 217.845 202.283 132.023 112.369 101.91 85.6079 76.7235 29.9973 27.495 21.8219 19.8421 16.0258
threshold=0.0025593995991118391 0.0038080536024029036 0.0016064990190196478 -0.44045240400068902 -0.87417444744009642 -1.231928932170204 0.0071915022378682041 0.10740991242072372 1.2010392010076487 0.0021865447809102587 0.0042240118865713439 -0.0073501681634677843 1.6843603004968217 0.67687500000000012
decision_type=8 8 10 10 10 8 8 10 10 10 10 10 10 10
left_child=2 4 12 9 11 10 -7 -6 -5 -4 -3 -2 13 -1
right_child=1 5 3 8 7 6 -8 -9 -10 -11 -12 -13 -14 -15
leaf_value=-0.024591480008195405 -0.0010894090001586402 -0.0082573522159031486 -0.021776729820712919 -0.0081660647969711269 -0.00053787815290526775 0.0069288756988489363 0.014408236457166032 0.0059715894286792304 0.0010406735559205537 -0.013627125537723375 0.0015542286251858338 -0.0086179814222187099 -0.0094957920007117946 -0.002611564302716112
leaf_weight=1206.3157954439521 455.62610511481762 319.57890284061432 924.74827424436808 3430.1015352606773 8749.1906586587429 10148.666049838066 1987.0963265299797 2281.2341971546412 1050.1104990541935 997.9932049959898 1143.3596818298101 1802.7743433266878 126.03518287837505 39.487703897058964
leaf_count=10719 2135 1403 7120 20318 39094 41892 8824 9719 5063 6546 4652 9095 847 354
internal_value=-4.5499e-05 0.00338377 -0.0119018 -0.00953393 -0.000542813 0.00722287 0.00816933 0.000807119 -0.00599724 -0.0176701 -0.000589885 -0.00713706 -0.022761 -0.0239689
internal_weight=34662.3 26887.5 7774.79 6402.95 13288.8 13598.7 12135.8 11030.4 4480.21 1922.74 1462.94 2258.4 1371.84 1245.8
internal_count=167781 116814 50967 39047 60043 56771 50716 48813 25381 13666 6055 11230 11920 11073
is_linear=0
shrinkage=0.03


Tree=57
num_leaves=15
num_cat=0
split_feature=2 2 2 6 7 7 0 2 6 7 7 2 7 0
split_gain=1432.28 363.669 245.557 137.809 129.036 108.07 70.1933 50.8926 49.3609 43.6392 42.3606 40.2682 31.6908 11.5871
threshold=0.0027195488069857018 0.0047080774960687015 0.0017989135513542737 -0.009874363255819139 0.081217329594164875 0.14653798625209205 -0.014823901634883506 0.01006235347145863 -0.0063618382280417043 0.029744274382679552 0.15905407352226877 0.0013313840679558082 0.1418067483863894 0.0028510857206830447
decision_type=8 8 10 10 10 10 8 10 10 10 10 10 10 10
left_child=2 3 11 9 8 -5 -3 -8 -4 -2 -6 13 -13 -1
right_child=1 6 4 5 10 -7 7 -9 -10 -11 -12 12 -14 -15
leaf_value=-0.02733497977428705 0.001289291224048632 0.016102842112902398 -0.004893109274872973 -0.00097889190699332199 -0.0027509255499549839 0.01068351417661991 0.0070997864146510204 0.01654346842675445 -0.011603402750993896 0.0076766775004480864 0.0091225633864185449 -0.016937526157843483 0.0032372543393160034 -0.011707496745336558
leaf_weight=569.11544427275658 1409.2906605601311 1121.7094161063433 1404.6688021421432 11887.70658364892 1701.7801804542542 750.56836341321468 6281.397047445178 570.23170453310013 3834.6128301247954 3237.5990096330643 310.19685952365398 1321.9256444275379 65.658790722489357 84.873640425503254
leaf_count=5261 5908 5187 7666 52570 9351 3197 25846 2519 23281 13463 1414 10886 415 647
internal_value=9.12539e-05 0.00379801 -0.00997074 0.00134718 -0.00735144 -0.000273636 0.00909524 0.00791745 -0.00982853 0.00575935 -0.000854591 -0.0191636 -0.0159236 -0.0256041
internal_weight=34551.3 25258.5 9292.83 17285.2 7251.26 12638.3 7973.34 6851.63 5239.28 4646.89 2011.98 2041.57 1387.58 653.989
internal_count=167611 108690 58921 75138 41712 55767 33552 28365 30947 19371 10765 17209 11301 5908
is_linear=0
shrinkage=0.03


Tree=58
num_leaves=15
num_cat=0
split_feature=0 0 1 0 0 0 7 7 7 0 7 0 7 4
split_gain=443.186 439.589 121.688 88.5719 75.1132 69.3452 61.5693 35.3029 31.2951 30.772 17.1097 13.2796 11.4072 8.47876
threshold=-0.006158752378700282 0.0038338211966330031 -0.56290049079137139 0.01097405567358223 -0.023555705579258231 -0.0026704602486051772 0.093921020462573876 0.033366952696210338 0.075146926839640513 0.028809310225199506 0.0059083308466516453 -0.04746787826079412 0.17289589068860317 0.45937500000000003
decision_type=8 10 8 10 10 10 8 10 8 10 10 10 10 10
left_child=4 2 5 7 11 -2 -4 -3 10 -5 -6 -1 -10 -13
right_child=1 3 6 9 8 -7 -8 -9 12 -11 -12 13 -14 -15
leaf_value=0.024102651592235368 -0.0010530348179662757 -0.0019131389010001068 -0.0035427018411827798 0.0058166313680868042 -0.0020491987277966206 -0.0086864945317459905 0.0018565056971325898 0.0029195458023255657 0.0081645869190310975 0.013283255550302738 0.0047024232689084336 0.015956389482566922 0.018663459765004053 0.0090745180254493477
leaf_weight=132.9954097867012 1326.9125467836857 2098.8213126286864 8277.1228649169207 3304.6916804462671 356.208725489676 6051.1481423527002 2443.7174364328384 3780.0808066129684 1695.6735072433949 607.66644236445427 3405.5674973204732 454.66943125426769 107.54614458978176 434.9736569672823
leaf_count=648 6324 9617 44162 13943 1541 33595 11765 16997 7253 2619 14752 2088 446 1886
internal_value=6.44947e-05 -0.00158729 -0.00435816 0.00352769 0.00705857 -0.00732505 -0.00230583 0.00118373 0.0056486 0.00702255 0.00404346 0.0145442 0.00892332 0.0127966
internal_weight=34477.8 27890.2 18098.9 9791.26 6587.63 7378.06 10720.8 5878.9 5565 3912.36 3761.78 1022.64 1803.22 889.643
internal_count=167636 139022 95846 43176 28614 39919 55927 26614 23992 16562 16293 4622 7699 3974
is_linear=0
shrinkage=0.03


Tree=59
num_leaves=15
num_cat=0
split_feature=2 2 2 6 7 7 6 2 6 7 4 6 6 2
split_gain=1395.27 402.949 189.756 128.599 108.655 101.66 96.8919 48.7086 48.3107 42.1627 29.1228 24.1999 12.9109 11.0718
threshold=0.0025462049533089225 0.0035658219514951802 0.0015933974398020996 -0.020907442972837306 0.082646617819239349 0.09848189736813763 0.045492492248119916 0.0021062118175967973 -0.012529067755333577 0.15216229982414128 0.41812500000000002 -0.048555453613358772 0.020677032743742 0.0013313840679558082
decision_type=8 8 10 8 10 10 10 10 10 10 10 10 10 10
left_child=2 5 12 11 7 8 -5 -4 -2 -6 -7 -3 13 -1
right_child=1 3 4 6 9 10 -8 -9 -10 -11 -12 -13 -14 -15
leaf_value=-0.026195981471693691 0.0016203305146208643 0.015637682273320647 -0.015241804986926033 0.004005799718649756 -0.0049893085250899043 -0.0024083233330572367 0.013217551315736022 -0.0088660554489534225 -0.0039735299374899875 0.006932159904407635 0.0055617992069103934 0.0096729190233332644 -0.0036895268082301189 -0.018532938523202477
leaf_weight=630.20769244432449 1723.3875922560692 1002.0153783708811 1994.887437440455 11582.984138473868 1302.2873976975679 497.98657697439194 1129.1640522927046 2664.5617880523205 6788.2033495754004 322.51857294142246 2052.3098322302103 2150.1093914061785 44.810711741447449 567.53933695703745
leaf_count=5854 7389 4557 14247 48171 7662 2225 4813 15640 32287 1552 8910 9012 269 5098
internal_value=-5.60318e-05 0.00313478 -0.0114677 0.00619847 -0.00930583 -0.0012552 0.0048385 -0.0116354 -0.0028333 -0.00255831 0.00397874 0.0116315 -0.0221919 -0.0227981
internal_weight=34453 26926.2 7526.81 15864.3 6284.26 11061.9 12712.1 4659.45 8511.59 1624.81 2550.3 3152.12 1242.56 1197.75
internal_count=167686 117364 50322 66553 39101 50811 52984 29887 39676 9214 11135 13569 11221 10952
is_linear=0
shrinkage=0.03


Tree=60
num_leaves=14
num_cat=0
split_feature=6 0 0 6 6 6 0 6 1 0 4 7 1
split_gain=402.001 339.112 341.582 169.556 74.8219 57.1945 55.9879 46.4036 20.311 11.7938 9.25573 8.55632 5.48721
threshold=-0.024872446401529299 0.005000613336002103 -0.0042624406283175978 0.020677032743742 0.047651340801809113 -0.0037127266891614492 -0.012659548797972984 -0.075757322407788749 2.1836158683276099 0.013816284318143747 0.5631250000000001 0.025505474675853766 1.1249307956090273
decision_type=8 10 8 8 8 10 10 10 8 8 8 10 10
left_child=7 2 6 -4 5 -3 -2 12 9 -9 -6 -10 -1
right_child=1 4 3 -5 10 -7 -8 8 11 -11 -12 -13 -14
leaf_value=0.012676532222324005 0.0091883627155976248 0.010701008234648885 -0.0062836383747992847 0.0039765071046947527 0.0091741460830004409 0.0018866228695625846 0.0017075499696531367 0.006546194441364778 0.0040775404683700287 0.018964209074046553 0.016100816626028924 0.018224001375625437 0.022413983250360481
leaf_weight=201.06164065003395 1128.189856544137 739.82331455498934 15109.829409666359 1589.1947389990091 814.41885882616043 6111.4978267624974 4508.3690213114023 3355.9422701224685 68.584464401006699 69.017460346221924 304.20656654238701 221.65725319087505 215.09237839281559
leaf_count=926 4835 3139 83261 6959 3476 26732 20291 14382 297 311 1286 950 1045
internal_value=-4.94741e-05 -0.00124886 -0.00314581 -0.00530183 0.00405706 0.00286138 0.00322912 0.00871587 0.00758476 0.00686838 0.011237 0.0153282 0.0182581
internal_weight=34436.9 30305.5 22335.6 16699 7969.95 6851.32 5636.56 4131.36 3715.2 3424.96 1118.63 290.242 416.154
internal_count=167890 149979 115346 90220 34633 29871 25126 17911 15940 14693 4762 1247 1971
is_linear=0
shrinkage=0.03


Tree=61
num_leaves=15
num_cat=0
split_feature=2 2 2 7 6 7 6 6 0 6 0 4 6 4
split_gain=1287.58 356.094 201.11 101.415 89.9875 79.7413 76.4712 56.9775 43.2624 35.7119 28.8637 26.463 25.7292 12.0672
threshold=0.0025593995991118391 0.0038080536024029036 0.0016064990190196478 0.095653675984470235 -0.022091074454356981 0.080487788046014322 0.045492492248119916 -0.0073501681634677843 0.0084137111099452672 0.01270428156869219 0.007949987447340991 0.35062500000000002 -0.063349117521078732 0.67687500000000012
decision_type=8 8 10 10 8 10 10 10 10 10 10 10 10 10
left_child=2 3 10 7 12 8 -6 -2 -4 -7 13 -5 -3 -1
right_child=1 4 5 11 6 9 -8 -9 -10 -11 -12 -13 -14 -15
leaf_value=-0.023239004890114837 0.0015045930570011363 0.017257031923188473 -0.01151189801708215 0.02077662867887145 0.0043671311487290376 -0.005583980664036506 0.012944315931733813 -0.0034104009090469268 0.0002262374427322611 0.0043306766226290476 -0.00077162916688310816 0.0037032850076516876 0.0097097991437573045 -0.0035660780469940327
leaf_weight=1201.295611910522 3004.2673817574978 563.70183080434799 4298.2537063136697 76.355556830763817 9765.7121487557888 1284.5047750845551 1039.4184343665838 7075.6033174097538 291.30863347649574 422.45350344479084 63.244551375508308 3102.6582389473915 2141.7211875021458 40.21986972540617
leaf_count=11230 13107 2683 28046 320 40377 7640 4467 33195 1418 2069 371 13466 9121 370
internal_value=-6.59633e-05 0.00302698 -0.0109559 -0.000461852 0.00645306 -0.00869317 0.00520898 -0.00193952 -0.0107549 -0.00308433 -0.0216807 0.00419604 0.0113622 -0.0226832
internal_weight=34370.7 26769.4 7601.28 13258.9 13510.6 6296.52 10805.1 10079.9 4589.56 1706.96 1304.76 3179.01 2705.42 1241.52
internal_count=167880 116736 51144 60088 56648 39173 44844 46302 29464 9709 11971 13786 11804 11600
is_linear=0
shrinkage=0.03


Tree=62
num_leaves=15
num_cat=0
split_feature=2 2 1 1 1 2 2 2 1 1 6 1 4 4
split_gain=1251.28 356.258 194.378 122.407 104.82 98.8183 94.0925 85.9384 49.896 45.2176 37.0754 35.5274 30.1955 16.977
threshold=0.0025593995991118391 0.0035658219514951802 0.029466880634103073 0.74496767310870837 -0.64125877388447217 0.0015933974398020996 0.0019736335366390503 0.0060445863019311158 -0.61122106268764564 1.3466660082386379 -0.041841807511324262 2.484476637731575 0.59312500000000012 0.40562500000000007
decision_type=8 8 10 8 10 10 10 10 10 10 8 10 10 10
left_child=2 4 6 7 12 13 -1 -3 -8 -6 -5 -7 -2 -4
right_child=1 3 5 10 9 11 8 -9 -10 -11 -12 -13 -14 -15
leaf_value=-0.022088594392584097 -0.0081006778561992197 0.0030234337863739354 -0.009695056469641878 0.018231179398629633 -0.00045802865043808764 -0.0048262851402398081 -0.016516163509839442 0.0086214908880547138 -0.0074997714528316876 0.0055853895483211841 0.0095111855264768154 0.0071712551471908113 -0.00058740843463067865 -0.02149202965594197
leaf_weight=1363.7272838875651 2033.8415198475122 9296.0224680006504 228.61843917518854 566.47414669394493 6928.5495951771736 3014.0839115083218 1130.2219878211617 3393.2292670160532 1201.5894391983747 1315.158097282052 2612.571012377739 227.17722699046135 655.01247960329056 362.63405708968639
leaf_count=12420 10382 38599 1899 2690 31094 16682 8045 14444 7712 5425 10970 1067 3293 3194
internal_value=-4.05314e-05 0.00299382 -0.0108408 0.00586402 -0.00116825 -0.00605757 -0.0157555 0.00453074 -0.0119475 0.000504436 0.0111361 -0.00394746 -0.00630161 -0.0172674
internal_weight=34328.9 26800.9 7528.05 15868.3 10932.6 3832.51 3695.54 12689.3 2331.81 8243.71 3179.05 3241.26 2688.85 591.252
internal_count=167916 116897 51019 66703 50194 22842 28177 53043 15757 36519 13660 17749 13675 5093
is_linear=0
shrinkage=0.03


Tree=63
num_leaves=15
num_cat=0
split_feature=6 6 1 6 6 7 6 4 1 7 7 6 4 6
split_gain=349.997 355.432 145.569 97.6195 95.2408 75.3537 40.2042 34.9273 31.6102 29.1327 27.1473 23.0696 13.0703 11.9324
threshold=-0.009874363255819139 0.0084869709094483898 -0.57268597444351554 0.030587453302250548 -0.034279340225711323 0.095653675984470235 -0.0054554791429826102 0.6931250000000001 0.76130195089509156 0.10427435844124795 0.029340888039577417 -0.022091074454356981 0.44312500000000005 -0.075757322407788749
decision_type=10 10 8 10 8 10 10 10 10 8 8 10 10 10
left_child=4 2 6 9 8 -4 -2 -5 -1 -3 11 -6 -12 -10
right_child=1 3 5 7 10 -7 -8 -9 13 -11 12 -13 -14 -15
leaf_value=0.0069314118227848508 -0.0027890700869677462 -0.00047341108655058909 -0.0038829874640172964 0.0072065882234232789 0.0049880720590551042 0.00302013001551984 -0.0098398360460012976 -0.0092469528989049359 0.019832788800140205 0.0045121569330492019 0.0066709514498193446 -0.0017229785692593786 0.0031492788165294701 0.011581427785064798
leaf_weight=1488.8903636336327 903.41645067930222 6077.905749052763 7193.9687596783042 3165.8692864775658 650.30711122602224 1755.7549843117595 4663.3179593682289 109.10444934666157 274.15936557948589 1263.3112544491887 1553.2637666538358 1508.8470325395465 2819.2527136430144 796.88101840019226
leaf_count=6444 4676 27950 39310 13496 2793 8576 27054 454 1356 5619 7100 7084 12418 3463
internal_value=-2.6232e-05 -0.00185276 -0.00490363 0.00231401 0.00501288 -0.00252018 -0.00871339 0.0066137 0.00991853 0.000381338 0.00306883 0.000284313 0.00442635 0.013913
internal_weight=34224.3 25132.6 14516.5 10616.2 9091.6 8949.72 5566.73 3274.97 2559.93 7341.22 6531.67 2159.15 4372.52 1071.04
internal_count=167793 127135 79616 47519 40658 47886 31730 13950 11263 33569 29395 9877 19518 4819
is_linear=0
shrinkage=0.03


Tree=64
num_leaves=14
num_cat=0
split_feature=6 0 0 6 0 6 6 7 4 6 4 0 3
split_gain=352.727 309.98 223.009 159.338 51.2121 37.6903 32.277 30.092 14.8182 12.9633 12.3561 8.48911 7.40735
threshold=-0.020907442972837306 0.0089077890009516842 -0.004146248308437738 0.022251496242412298 -0.010602406162804499 -0.075757322407788749 0.053059060985795277 0.034571370626915447 0.47312500000000007 -0.034279340225711323 0.49562500000000004 -0.0084403072407728801 -1.1492268161333408
decision_type=8 10 8 8 10 10 10 8 10 10 10 10 10
left_child=5 2 4 -4 -2 11 7 -3 9 -7 -10 -1 -8
right_child=1 6 3 -5 -6 8 12 -9 10 -11 -12 -13 -14
leaf_value=0.018377464190833775 0.007879897735467949 0.00072690816694722673 -0.0050697586638275395 0.0036893857078355262 0.0010863015291492808 0.010595965992297758 0.001652872360002506 0.0063343392831002052 -0.00024568829290078244 0.005934054213120276 0.0056478210167585745 0.0052305007287646935 0.012293167545141696
leaf_weight=327.00278759002686 1360.0646282434464 1293.452472910285 17104.625067614019 2082.9551181197166 3804.0341400951147 1146.9403492063284 82.374238699674606 2749.2319609671831 364.33095522969961 1291.4385996162891 1805.3340654522181 78.18312007188797 702.36236457526684
leaf_count=1621 5830 5506 93122 9033 17396 5032 354 11646 1581 5618 7675 347 3028
internal_value=1.65502e-05 -0.00124536 -0.00262404 -0.00411434 0.00289889 0.00736118 0.005688 0.00456127 0.00654009 0.0081857 0.00463407 0.0161723 0.0112866
internal_weight=34192.3 29179.1 24351.7 19187.6 5164.1 5013.23 4827.42 4042.68 4608.04 2438.38 2169.67 405.186 784.737
internal_count=167789 145915 125381 102155 23226 21874 20534 17152 19906 10650 9256 1968 3382
is_linear=0
shrinkage=0.03


Tree=65
num_leaves=15
num_cat=0
split_feature=2 2 2 1 1 1 1 0 2 4 1 2 1 2
split_gain=1159.83 360.17 156.801 141.345 107.254 100.504 54.2681 54.0026 52.0771 49.7016 46.0985 31.5109 28.0246 27.7441
threshold=0.0032013059292748292 0.0021062118175967973 0.0049402804779042639 0.34074117143220889 0.029466880634103073 -0.795998489005312 -0.64125877388447217 -0.022131525567186557 0.0017372338072111071 0.59312500000000012 1.5198098575172285 0.01006235347145863 -1.7017259802264992 0.0014092396667470914
decision_type=8 10 8 10 10 10 10 8 10 10 10 10 10 10
left_child=1 4 5 6 13 12 -3 -4 -6 -5 -7 -9 -2 -1
right_child=2 3 7 9 8 10 -8 11 -10 -11 -12 -13 -14 -15
leaf_value=-0.027838897087840549 -0.010328486639792722 -0.0099853957399224334 0.017219761293661904 0.0026592297628192565 -0.014827268783321312 0.0034493917150639972 -0.0042408799165879214 0.0067891419889985986 -0.0046898109843114587 -0.0054639685659549552 0.01006059306066384 0.014171491051749504 -0.0010576203657021452 -0.017591847405075824
leaf_weight=364.19294325262308 325.37226547300816 2385.5335390418768 573.10953670740128 3034.0017951726913 872.0769522562623 9128.466363877058 4114.9942582845688 5730.9436557888985 1022.2973487600684 859.73549748957157 1068.393700838089 594.88239774107933 2582.9498770236969 1443.2821155488491
leaf_count=3866 1469 14166 2870 13658 7234 38187 21535 23961 5902 3922 4383 2694 11524 12162
internal_value=4.51416e-05 -0.00654146 0.00469041 -0.00366498 -0.0145704 0.00275293 -0.00637029 0.00835283 -0.00944146 0.000840859 0.00415715 0.00751412 -0.00214721 -0.0198314
internal_weight=34100.2 14096.1 20004.1 10394.3 3701.85 13105.2 6500.53 6898.94 1894.37 3893.74 10196.9 6325.83 2908.32 1807.48
internal_count=167533 82445 85088 53281 29164 55563 35701 29525 13136 17580 42570 26655 12993 16028
is_linear=0
shrinkage=0.03


Tree=66
num_leaves=15
num_cat=0
split_feature=2 2 2 2 7 7 7 0 2 0 2 0 6 6
split_gain=1083.12 359.404 145.089 108.558 83.2203 76.1404 72.5482 70.9778 40.255 39.3908 37.9128 31.6509 23.6911 8.89978
threshold=0.0032794510662527919 0.0023358565281525515 0.0054997834566165573 0.00155754180092554 0.15216229982414128 0.046146106744854441 0.15216229982414128 -0.002523315214211896 0.0039104420775709688 -0.019730210586930582 0.01006235347145863 -0.010239097130758988 0.020175350038787346 -0.012210907408316094
decision_type=8 10 8 10 10 10 10 10 10 10 10 8 10 10
left_child=1 3 5 12 7 8 -5 -3 -2 -7 11 -4 -1 -6
right_child=2 4 10 6 13 9 -8 -9 -10 -11 -12 -13 -14 -15
leaf_value=-0.022047688571965113 -0.0016863063087642247 0.00079364810627751867 0.012896630556107107 -0.01100170346569708 0.00026816323437606437 0.014807322837359266 0.0055890216348907073 -0.0049672808949629025 0.0030487960767597009 0.0047339359583454706 0.015619054131720593 0.0066029745166895715 0 0.010255787149332949
leaf_weight=967.7806358486414 3055.0356555581093 2754.4586835503578 962.61840911209583 4129.4072405397892 112.37458702921867 367.19047790765762 240.83477502316236 6235.8535208255053 3389.7437158823013 7139.0578796416521 715.03493674099445 3456.8092754036188 42.97657772153616 464.0383634865284
leaf_count=9581 13307 12718 4516 28612 463 1593 1194 31657 13961 29790 3342 14488 265 2025
internal_value=6.11635e-05 -0.00598231 0.0047982 -0.0121806 -0.00248064 0.00320069 -0.0100631 -0.00319666 0.000795773 0.00525373 0.00911254 0.00801339 -0.021089 0.00844874
internal_weight=34033.2 14947.7 19085.5 5381 9566.73 13951 4370.24 8990.31 6444.78 7506.25 5134.46 4419.43 1010.76 576.413
internal_count=167512 86515 80997 39652 46863 58651 29806 44375 27268 31383 22346 19004 9846 2488
is_linear=0
shrinkage=0.03


Tree=67
num_leaves=15
num_cat=0
split_feature=6 0 0 6 6 7 6 0 4 4 7 1 1 4
split_gain=306.928 275.379 234.136 127.402 52.0772 49.9697 48.2748 46.9725 18.4144 17.918 13.7738 10.9632 4.47387 1.27129
threshold=-0.021491531990514009 0.0052496153987289249 -0.0039258010509891075 0.021183236672468023 0.05018662551829501 0.036990399872768233 -0.075757322407788749 -0.012659548797972984 0.54687500000000011 0.47312500000000007 0.011997553547563313 0.74496767310870837 0.76130195089509156 0.52062500000000012
decision_type=10 10 10 10 10 8 8 10 8 10 10 10 10 8
left_child=6 2 7 -4 5 -3 12 -2 -6 11 -11 -8 -1 -14
right_child=1 4 3 -5 8 -7 9 -9 -10 10 -12 -13 13 -15
leaf_value=0.010107262451992644 0.0084462389509656604 -0.00075446112855254697 -0.0056874838587118752 0.0033435929377033831 0.0071023088209326716 0.0046418319227389468 0.0061713645046416283 0.0010683017834300784 0.016552383881641777 -0.0025878794162128688 0.0047157029311673624 0.010855197960588319 0.021500154809888403 0.0098922342516748422
leaf_weight=140.90376470983028 935.15198829770088 2412.0134179517627 14552.795863159001 1540.8794402256608 700.53002436459064 4187.7161476910114 1596.0399473235011 4547.41960003227 288.36886243522167 247.6024307012558 1867.8360626176 756.95638377964497 205.83444198966026 59.596213847398758
leaf_count=655 4040 10629 81960 6754 3029 18155 6977 20777 1232 1054 7991 3338 1057 292
internal_value=-9.59137e-05 -0.00126292 -0.00299304 -0.00481754 0.00364578 0.00266241 0.0068621 0.00235075 0.0100562 0.00591403 0.00382447 0.0077431 0.0167513 0.0195655
internal_weight=34039.6 29164.9 21576.2 16093.7 7588.63 6599.73 4874.77 5482.57 988.899 4468.43 2115.44 2353 406.334 265.431
internal_count=167940 146576 113531 88714 33045 28784 21364 24817 4261 19360 9045 10315 2004 1349
is_linear=0
shrinkage=0.03


Tree=68
num_leaves=15
num_cat=0
split_feature=2 2 1 1 2 7 1 2 1 2 1 0 2 2
split_gain=1055.68 282.537 185.305 111.265 96.8166 78.9401 67.8338 59.1406 46.3187 39.6875 33.8381 30.6116 28.6613 27.7268
threshold=0.0025593995991118391 0.0046510927379661516 0.46599959433634947 -0.91953518346047136 0.0019736335366390503 0.10740991242072372 -0.60211369513955171 0.00155754180092554 -0.60211369513955171 0.0065673277622668074 3.0063222569592827 0.0048834240962972739 0.0039915687364262924 0.0013313840679558082
decision_type=8 8 10 10 10 10 8 10 10 10 10 10 10 10
left_child=2 3 4 12 13 -5 11 -4 -6 -8 -9 -3 -2 -1
right_child=1 6 7 5 8 -7 9 10 -10 -11 -12 -13 -14 -15
leaf_value=-0.027279680924473509 -0.0061748187397460174 0.0014017350143216496 -0.015030835836520163 0.00067563584787956816 -0.01518990471155675 0.0060978378726926578 0.0073528206217372454 -0.0027089467215065145 -0.0073039879353127687 0.012835237795538265 0.012794248332451217 0.0085730759914095008 0.00045507957225378445 -0.017002053814104173
leaf_weight=362.95542337745428 2303.6403731107712 1938.1749887615442 344.13619557023048 12472.125064641237 1112.6173427700996 2999.100663587451 3520.6231130510569 2130.9077581986785 1899.7647195458412 1935.7505904883146 123.821552708745 748.60113914310932 762.54586175084114 1362.9862481206656
leaf_count=3984 11547 7902 2942 54748 8201 12687 14840 11351 11811 8936 581 3075 3223 12114
internal_value=-2.33116e-05 0.0027469 -0.0100949 0.000695927 -0.0136257 0.00173387 0.00740187 -0.00360709 -0.0102771 0.00932871 -0.00177834 0.00344647 -0.00451037 -0.0193426
internal_weight=34017.8 26680.6 7337.19 18537.4 4738.32 15471.2 8143.15 2598.87 3012.38 5456.37 2254.73 2686.78 3066.19 1725.94
internal_count=167942 116958 50984 82205 36110 67435 34753 14874 20012 23776 11932 10977 14770 16098
is_linear=0
shrinkage=0.03


Tree=69
num_leaves=14
num_cat=0
split_feature=6 0 0 6 4 6 0 6 1 5 1 7 0
split_gain=250.581 240.637 193.728 148.404 31.7304 31.156 30.361 26.5939 11.4789 13.066 8.15116 4.2536 1.01497
threshold=-0.024872446401529299 0.0081743192531785764 -0.0047330950965998589 0.020677032743742 0.70562500000000006 -0.075757322407788749 -0.012659548797972984 0.060903767619051592 2.1836158683276099 -1.9339457845328967 1.2837810836613726 0.047059329066527551 -0.0084403072407728801
decision_type=10 10 10 10 10 8 10 10 10 8 10 10 10
left_child=5 2 6 -4 7 10 -2 -3 9 -7 12 -10 -1
right_child=1 4 3 -5 -6 8 -8 -9 11 -11 -12 -13 -14
leaf_value=0.011353676669837583 0.0072957492996188521 0.0043783587271728382 -0.004557509494913751 0.0035954482693497337 -0.010331796921556764 -0.005427346191462277 0.0016865261771215551 0.011383457950917698 0.0051737064201576796 0.0057591714381881164 0.019930556435237466 0.015108579539149521 0.0039030753635356393
leaf_weight=149.26241452991962 1121.8715250492096 4592.7008862495422 17251.555081367493 2258.2503983303905 110.13473199307919 83.67005917429924 3993.1194805055857 558.22949595749378 95.969177886843681 3334.4694373756647 185.89784437417984 173.46289131045341 66.947255149483681
leaf_count=747 4851 19602 94972 9852 461 365 17878 2447 411 14454 960 754 298
internal_value=-4.41251e-05 -0.000999658 -0.00224581 -0.00360938 0.00481487 0.00690932 0.00294034 0.00516974 0.00598585 0.00545281 0.0148818 0.0120964 0.00958644
internal_weight=33975.5 29885.9 24624.8 19509.8 5261.07 4089.68 5114.99 5150.93 3687.57 3418.14 402.108 269.432 216.21
internal_count=168052 150063 127553 104824 22510 17989 22729 22049 15984 14819 2005 1165 1045
is_linear=0
shrinkage=0.03


Tree=70
num_leaves=15
num_cat=0
split_feature=6 6 1 7 0 6 6 1 0 0 1 6 7 6
split_gain=242.72 237.641 132.937 86.39 66.6122 36.5421 24.8696 14.3179 14.1351 12.3001 8.43879 6.44833 4.67801 0.612804
threshold=-0.020322905531501508 0.02518464759960715 -0.80747704338311976 0.093921020462573876 0.0028510857206830447 -0.063349117521078732 0.066047323932674665 2.0276821110566989 0.012453430536371603 -0.0034294580918031721 1.6427060365314061 0.095688572407011577 0.023659550884582829 -0.10460329478491202
decision_type=10 10 8 8 10 8 10 10 10 10 10 10 10 10
left_child=5 2 4 -4 -2 10 9 8 -7 -3 13 -8 -9 -1
right_child=1 6 3 -5 -6 7 11 12 -10 -11 -12 -13 -14 -15
leaf_value=0.014610339176769701 -0.0079329090646058312 0.010590168040353187 -0.0021542750696444484 0.0028539655496390244 -0.00020202909308884813 0.003989455761092311 0.0085806124059952128 0.0022745209323979765 0.015751870489381904 0.0037703852290612047 0.018117204807468118 0.01698602701101792 0.012582158519176535 0.008377502988673402
leaf_weight=68.368309646844864 4635.437484562397 262.93837562203407 14575.817346945405 3918.7406009659171 1300.4862071573734 3990.8487034291029 467.76328387856483 69.403242036700249 89.406019419431686 3455.0210829824209 194.84060730040073 144.68385083973408 273.77829340100288 430.29288370907307
leaf_count=356 26069 1132 75927 18558 6046 17307 2016 296 407 14780 972 652 1187 1990
internal_value=-0.000124564 -0.00119788 -0.00234799 -0.00108889 -0.00625245 0.00588711 0.00526722 0.00484008 0.00429974 0.0042959 0.0123165 0.0109037 0.0107909 0.00962044
internal_weight=33877.8 28760.9 24430.5 18494.6 5935.92 5116.94 4330.41 4423.44 4080.25 3717.96 693.502 612.447 343.182 498.661
internal_count=167695 145180 126600 94485 32115 22515 18580 19197 17714 15912 3318 2668 1483 2346
is_linear=0
shrinkage=0.03


Tree=71
num_leaves=15
num_cat=0
split_feature=2 2 1 2 1 1 2 2 1 1 6 4 1 4
split_gain=957.217 271.088 166.337 127.956 89.4752 84.6912 76.9735 45.2122 43.6544 35.7065 30.0988 20.5245 20.3731 17.5358
threshold=0.0025462049533089225 0.003552681884281731 -0.44952336009472177 0.0016064990190196478 -0.36668769995926803 -0.73181136835468374 0.0060445863019311158 0.002174397887126357 1.5582694039150586 0.92693968043928276 -0.022091074454356981 0.73437500000000011 1.6843603004968217 0.60062500000000008
decision_type=8 8 10 10 10 8 8 10 10 10 10 10 10 10
left_child=2 4 7 12 11 10 -7 -1 -5 -6 -3 -2 -4 -9
right_child=1 5 3 8 9 6 -8 13 -10 -11 -12 -13 -14 -15
leaf_value=-0.021010028784492811 -0.0051451906449484957 0.0083093823358555297 -0.019481985138580179 -0.0060439291180047171 -0.00049673135473523959 0.0049175612218552937 0.010578662216872229 -0.014011695589073187 0.0021143243225966541 0.0041918097237828985 0.00042699197965400141 0.010482571981788582 -0.0044873646494749276 -0.0037523512127512412
leaf_weight=1161.4957111254334 3727.9999865293503 487.13627918064594 715.82538913190365 3577.7244028747082 4922.7318208366632 8759.992392078042 2922.9890868812799 680.74507965892553 689.17765437066555 2058.5981492251158 3737.4506658613682 65.719932079315186 111.98715075850487 225.48187323659658
leaf_count=10933 19068 2018 7085 21857 21986 36282 13315 4835 3296 8574 15761 326 816 1619
internal_value=-7.09441e-05 0.00254179 -0.00980265 -0.00684731 -0.00112731 0.00502998 0.00634689 -0.0169875 -0.00471034 0.000881224 0.00136755 -0.00483184 -0.0176029 -0.0115933
internal_weight=33845.1 26682.6 7162.44 5094.71 10775 15907.6 11683 2067.72 4266.9 6981.33 4224.59 3793.72 827.813 906.227
internal_count=167771 117330 50441 33054 49954 67376 49597 17387 25153 30560 17779 19394 7901 6454
is_linear=0
shrinkage=0.03


Tree=72
num_leaves=15
num_cat=0
split_feature=2 2 2 7 2 7 0 7 6 0 4 6 4 2
split_gain=859.719 298.037 110.726 80.5664 76.8094 61.0864 52.3223 39.4987 36.1281 27.1093 20.5098 18.7895 15.5373 11.7833
threshold=0.00235217571412407 0.003552681884281731 0.0015933974398020996 0.10529302620677816 0.0055675591397784992 0.15535315416955706 -0.0021069884328785977 0.075800315044144514 0.025835208701407989 -0.023555705579258231 0.41562500000000008 0.020175350038787346 0.43312500000000004 0.0013313840679558082
decision_type=8 8 10 10 8 10 10 10 10 8 10 10 10 10
left_child=2 3 11 6 7 8 -2 -3 -4 -6 -5 13 -7 -1
right_child=1 4 5 10 9 12 -8 -9 -10 -11 -12 -13 -14 -15
leaf_value=-0.023819089970688944 0.00046800900667730668 0.0021479446294727315 -0.010204204034303558 -0.0021260159099721256 0.015517689546977782 -0.0012636224887239012 -0.0040651617767865607 0.0060099064292172847 0.0032316937449195018 0.0072391109791833256 0.0048000636273136206 0 0.013563671255687 -0.015845237309010371
leaf_weight=557.13057769834995 3440.6692568361759 7362.7482768893242 3854.5176711380482 455.45280468463898 403.9170920997858 116.34772580862045 6709.5292504876852 3589.8357185125351 177.51289854943752 4502.1354746669531 2018.6736692339182 44.128714464604855 111.61498133838177 500.9012783318758
leaf_count=5927 15871 30699 27256 2058 2148 569 33538 14900 907 19452 8891 273 540 5067
internal_value=2.09473e-05 0.00209824 -0.0109855 -0.00133706 0.00483582 -0.00873033 -0.00252367 0.00342355 -0.0095913 0.00796307 0.00349749 -0.0194912 0.00600888 -0.0202839
internal_weight=33845.1 28483 5362.15 12624.3 15858.6 4259.99 10150.2 10952.6 4032.03 4906.05 2474.13 1102.16 227.963 1058.03
internal_count=168096 127557 40539 60358 67199 29272 49409 45599 28163 21600 10949 11267 1109 10994
is_linear=0
shrinkage=0.03


Tree=73
num_leaves=15
num_cat=0
split_feature=2 2 7 2 7 2 7 0 6 0 7 6 0 7
split_gain=831.792 293.838 106.875 82.5649 82.387 80.8124 57.5738 55.607 28.8126 25.577 19.2646 22.3389 18.7836 8.06341
threshold=0.0023358565281525515 0.003552681884281731 0.123441941854011 0.0016064990190196478 0.096630472506023884 0.0084826783003338312 0.074519501629899718 -0.0021069884328785977 0.02518464759960715 -0.011370216990536362 0.18639821573072798 0.012401231907222867 0.0084137111099452672 0.0069579045961160324
decision_type=8 8 10 10 10 8 10 10 10 10 8 10 10 8
left_child=2 4 3 12 7 6 -3 -2 -5 -6 11 -4 -1 -7
right_child=1 5 10 8 9 13 -8 -9 -10 -11 -12 -13 -14 -15
leaf_value=-0.020309449046029229 0.00048384260650917492 0.0028597298089675497 -0.0062993488506047452 -0.010614294071355709 0.010941439564803469 0.0024752403222812742 0.0069154243002289709 -0.0042764625378191598 0.0027661122947356905 0.0020313769975880179 0.013921257665658085 0.0074451528248249783 0 0.012907231906938052
leaf_weight=1076.9094617143273 3325.909151494503 9926.6853328198195 255.73353999108076 3429.057003557682 323.17909945547581 91.902122795581818 4690.7713272124529 6430.1506332457066 140.02014128863811 2621.3041122108698 88.476624429225922 166.27090604603291 40.287354566156864 1134.5650942772627
leaf_count=11384 15381 41674 1707 24482 1324 415 19733 32363 727 11830 408 831 247 5361
internal_value=6.4656e-05 0.00207719 -0.0109609 -0.0123801 -0.00131831 0.00480193 0.00416915 -0.00264866 -0.0100663 0.00306335 0.00193923 -0.000698105 -0.0195636 0.0122004
internal_weight=33741.2 28544.5 5196.76 4686.27 12700.5 15843.9 14617.5 9756.06 3569.08 2944.48 510.481 422.004 1117.2 1226.47
internal_count=167867 128081 39786 36840 60898 67183 61407 47744 25209 13154 2946 2538 11631 5776
is_linear=0
shrinkage=0.03


Tree=74
num_leaves=15
num_cat=0
split_feature=2 2 1 2 1 2 1 7 6 1 2 0 1 7
split_gain=841.773 198.551 182.991 125.534 82.3634 57.0049 52.5956 52.2453 49.0593 44.5614 37.9773 23.5843 19.6016 18.393
threshold=0.0026932655064740569 0.0046510927379661516 -0.44045240400068902 0.0016064990190196478 -0.91953518346047136 0.002174397887126357 1.8385319234672457 0.081902334043703937 -0.009141063269318293 -0.72103091910316175 0.0065673277622668074 0.010305087018099403 1.7338962950319667 0.051684935685727219
decision_type=8 8 10 10 10 10 10 10 10 8 10 10 10 10
left_child=2 4 5 12 8 13 -6 -5 -2 11 -11 -3 -4 -1
right_child=1 9 3 7 6 -7 -8 -9 -10 10 -12 -13 -14 -15
leaf_value=-0.022899043418841192 0.0042284960378197751 0.0019103986735353269 -0.018358469652415898 -0.005649416658420104 0.0013323898784409983 -0.010648095255192556 0.0084344538313643504 0.00078870994109294832 -0.0056540286233970798 0.006157947800989395 0.011340376395632793 0.01147755179008308 -0.0034053160121233351 -0.013173452959233533
leaf_weight=784.57760640233755 546.92593568563461 2072.7459120005369 677.90991975367069 3571.7714344635606 13336.41441231966 1322.7112145796418 1005.2908824533224 1634.6057671681046 2305.1850745677948 3760.2248769104481 2050.1726162582636 257.24147526919842 106.45439267903566 339.83187004178762
leaf_count=7710 2403 8451 6994 21232 57787 9087 4139 8605 11190 15902 9561 1074 791 3264
internal_value=8.26727e-06 0.00274371 -0.00819115 -0.00533656 0.000910896 -0.0151048 0.00183992 -0.00361895 -0.00372982 0.00660167 0.0080132 0.00303683 -0.016473 -0.0201546
internal_weight=33772.1 25334.2 8437.86 5990.74 17193.8 2447.12 14341.7 5206.38 2852.11 8140.38 5810.4 2329.99 784.364 1124.41
internal_count=168190 110507 57683 37622 75519 20061 61926 29837 13593 34988 25463 9525 7785 10974
is_linear=0
shrinkage=0.03


Tree=75
num_leaves=15
num_cat=0
split_feature=6 0 0 1 6 6 0 1 4 4 6 1 4 1
split_gain=216.161 185.746 204.852 88.483 49.7186 41.541 37.1179 31.8125 11.428 16.136 10.9634 9.97108 8.91885 8.36096
threshold=-0.024872446401529299 0.0043178310826815789 -0.0042624406283175978 -0.80747704338311976 0.047651340801809113 -0.0082139277780974834 -0.019730210586930582 1.1012185922268034 0.46437500000000004 0.58562500000000017 -0.075757322407788749 1.2010392010076487 0.41812500000000002 2.625312181747907
decision_type=10 10 10 8 10 10 10 10 10 10 10 8 8 10
left_child=7 2 6 -4 5 -3 -2 8 12 -10 -9 -6 -1 -12
right_child=1 4 3 -5 11 -7 -8 10 9 -11 13 -13 -14 -15
leaf_value=0.0038598578691334141 0.012640637311979702 0.0099641963226916978 -0.0076176485307674641 -0.0026427448172171475 0.0062750422340159696 0.001327287881056878 0.0019309396654054155 0.017683360214270877 0.00016072190966473471 0.0064379081246207061 0.0074231574385810002 0.012657907100076502 0.0088937362498516803 0.015769094529790539
leaf_weight=634.41979109495878 301.83162385225296 533.70417512208223 4653.5073032900691 10655.761902488768 715.46216213703156 7052.0723136886954 5277.7602463290095 205.12608034908772 855.14154103398323 666.7902440726757 695.46186798065901 405.5619824975729 841.99463874101639 157.96069271862507
leaf_count=2852 1363 2284 26747 59478 3128 31431 23764 1098 3686 2874 3063 1746 3751 687
internal_value=5.62678e-05 -0.000832825 -0.00236854 -0.00416285 0.00284318 0.00195516 0.0025426 0.00654318 0.00490002 0.00297413 0.0110519 0.00872877 0.00681155 0.00920215
internal_weight=33652.6 29595.7 20888.9 15309.3 8706.8 7585.78 5579.59 4056.89 2998.35 1521.93 1058.55 1121.02 1476.41 853.423
internal_count=167952 149941 111352 86225 38589 33715 25127 18011 13163 6560 4848 4874 6603 3750
is_linear=0
shrinkage=0.03


Tree=76
num_leaves=15
num_cat=0
split_feature=6 6 0 0 6 6 0 0 7 6 4 0 4 1
split_gain=225.119 239.559 139.151 130.389 73.6757 61.4144 36.1744 27.4556 25.7014 22.9965 15.4592 15.439 13.5047 10.0419
threshold=-0.0079921595548082518 0.0076256006763735238 -0.0055241800456648496 0.002643844090300385 0.037201782524104672 -0.035583515385673607 0.0062625634162445385 -0.0036224577769889961 0.0062642766644998458 -0.075757322407788749 0.67562500000000014 -0.012199706618455762 0.46187500000000009 0.96769995628936922
decision_type=8 10 8 8 10 10 10 10 8 10 10 10 10 10
left_child=5 2 11 -4 7 9 8 -3 -7 13 -6 -2 -11 -1
right_child=1 4 3 -5 10 6 -8 -9 -10 12 -12 -13 -14 -15
leaf_value=0.0078347741883161449 0.011160867750783723 0.0057503623314256024 -0.0074820964514739101 -0.00021375665199363525 0.0070659353461634189 -0.0040315995335554024 0.01069946003397855 -0.00010642102988977942 0.0025113809927857639 0.0092119504659336979 -0.0030853955575649637 0.0029380056741777072 0.0040207390665123067 0.019285698197228082
leaf_weight=162.58647882938385 258.61232373863459 780.44210570305586 8083.6299555823207 3086.1045218482614 2167.7162844389677 572.65765099972486 450.44700509309769 7939.0949197858572 6634.026783592999 972.06322583556175 129.99858444929123 1110.9516604617238 995.15281344950199 220.35396033525467
leaf_count=786 1116 3393 50359 15322 9352 2727 1921 36833 30651 4359 545 4952 4280 1178
internal_value=6.29439e-05 -0.00153662 -0.00437218 -0.00548127 0.00168628 0.00383198 0.00251244 0.000416904 0.00197828 0.00807696 0.00645472 0.00460385 0.00664984 0.0148997
internal_weight=33563.8 23556.6 12539.3 11169.7 11017.3 10007.3 7657.13 8719.54 7206.68 2350.16 2297.71 1369.56 1967.22 382.94
internal_count=167774 121872 71749 65681 50123 45902 35299 40226 33378 10603 9897 6068 8639 1964
is_linear=0
shrinkage=0.03


Tree=77
num_leaves=15
num_cat=0
split_feature=2 2 1 1 1 2 7 2 1 7 2 7 2 4
split_gain=743.281 258.182 123.792 88.3436 78.385 71.2367 60.4352 46.9144 40.5888 39.9502 33.8973 28.8715 23.7001 13.2951
threshold=0.002393234486268788 0.0035658219514951802 0.38961326487564896 -0.64125877388447217 1.0760015873782804 0.0014092396667470914 0.096630472506023884 0.0049402804779042639 -0.77468910754255649 0.15216229982414128 0.0017372338072111071 0.081902334043703937 0.0027616538798669486 0.35812500000000008
decision_type=8 8 10 10 8 10 10 10 10 10 10 10 10 10
left_child=2 3 5 12 7 13 -5 -3 -7 10 -4 -6 -2 -1
right_child=1 4 9 6 11 8 -8 -9 -10 -11 -12 -13 -14 -15
leaf_value=-0.0026111422298659833 -0.010451457241337956 0.0021237193041046846 -0.011774035843666316 -0.0012910156192910464 0.0068430384413331992 -0.017538611264280603 0.0041489226172174249 0.0056996409434539146 -0.0095392884943383185 0.0078339395080628 -0.0030450004795897889 0.014310454155089872 -0.0041483131145642546 -0.027037909696606219
leaf_weight=29.352413937449455 748.02109633386135 7651.5620765388012 578.46690483391285 6919.8981439471245 1221.5004025995731 852.86379505693913 2490.3486915081739 5934.1583752334118 2132.5320135205984 205.82021771371365 1381.0648210048676 846.3677718937397 2175.5248328894377 375.35991862416267
leaf_count=347 4853 31948 4971 32087 5412 7660 10771 25395 16497 943 7516 3798 11026 4541
internal_value=-1.24035e-05 0.0019763 -0.0100275 -0.00126554 0.00453362 -0.0136095 0.000145129 0.00369312 -0.0118955 -0.00435502 -0.00569903 0.00998245 -0.00581162 -0.0255167
internal_weight=33542.8 27987.4 5555.46 12333.8 15653.6 3390.11 9410.25 13585.7 2985.4 2165.35 1959.53 2067.87 2923.55 404.712
internal_count=167765 125290 42475 58737 66553 29045 42858 57343 24157 13430 12487 9210 15879 4888
is_linear=0
shrinkage=0.03


Tree=78
num_leaves=15
num_cat=0
split_feature=2 2 1 1 2 2 7 2 7 1 2 7 1 6
split_gain=781.424 238.044 119.747 104.878 74.4447 70.0803 56.5333 45.9253 44.8867 29.9706 24.7865 24.4494 13.1309 12.1438
threshold=0.002393234486268788 0.003552681884281731 0.31610158478546985 -0.64125877388447217 0.0080722935438988647 0.0014092396667470914 0.074519501629899718 0.0015933974398020996 0.10740991242072372 -0.44045240400068902 0.0027616538798669486 0.081217329594164875 1.1012185922268034 0.020175350038787346
decision_type=8 8 10 10 8 10 10 10 10 10 10 10 10 10
left_child=2 3 5 10 6 -1 -3 13 -5 -7 -2 -9 -6 -4
right_child=1 4 7 8 12 9 -8 11 -10 -11 -12 -13 -14 -15
leaf_value=-0.026159663238948173 -0.01073394749143314 0.0025494894278077261 -0.015504432346715617 -0.00061303833280349775 0.0099322807609358507 -0.015479944444897498 0.0065912356398197692 -0.0054227320633706078 0.0044472573732916888 -0.0090182021699830601 -0.0043127693200494914 0.0016517004033691264 0.019904954882558099 0.0015194527840279295
leaf_weight=382.90066353231668 761.01270568370819 9761.4165081679821 375.55517231673002 7300.5752579420805 1184.3015652596951 1402.5087378025055 4643.0802298784256 1210.8785280510783 1998.3204226791859 1446.1356150582433 2138.5689492672682 664.33611226081848 155.00419120490551 32.917507469654083
leaf_count=4735 4962 41016 3621 33841 5505 12513 19586 7152 8564 10855 10873 3412 876 193
internal_value=2.45326e-05 0.00206408 -0.0102828 -0.00107732 0.00450102 -0.0140043 0.00386012 -0.00495242 0.000471576 -0.0122636 -0.00604977 -0.00288916 0.0112699 -0.0139856
internal_weight=33457.5 27942.3 5515.23 12198.5 15743.8 3231.55 14404.5 2283.69 9298.9 2848.64 2899.58 1875.21 1339.31 408.473
internal_count=167704 125223 42481 58240 66983 28103 60602 14378 42405 23368 15835 10564 6381 3814
is_linear=0
shrinkage=0.03


Tree=79
num_leaves=15
num_cat=0
split_feature=2 2 2 2 7 7 7 0 4 0 0 4 4 4
split_gain=677.465 216.763 94.4851 75.0522 68.4303 64.5611 48.5562 41.5988 27.4294 26.9059 19.9879 14.8683 14.5825 14.2127
threshold=0.00235217571412407 0.0034190409572881493 0.0016064990190196478 0.0074696459271216525 0.11072801885451458 0.034571370626915447 0.15216229982414128 -0.0039258010509891075 0.41812500000000002 -0.0026704602486051772 0.0075254130577810949 0.49062500000000003 0.67687500000000012 0.43312500000000004
decision_type=8 8 10 10 10 8 10 10 10 10 10 8 10 10
left_child=2 4 10 5 7 -3 9 -2 -6 -4 12 -5 -1 -8
right_child=1 3 6 11 8 -7 13 -9 -10 -11 -12 -13 -14 -15
leaf_value=-0.019605199446702224 0.00096578878149156187 0.00067226076092432815 -0.0040724970146189358 0.0082674536273725421 -0.0033008072146943021 0.0046886295219933831 -0.0017521035592566829 -0.0037523296235082524 0.0053604654561053245 -0.010164026952209474 -0.00048146827629142624 0.015732563401586984 0 0.012096565311630227
leaf_weight=989.87697204947472 2198.817580550909 5719.4816170036793 917.14960169792175 1351.6240220367908 399.7361263781786 9914.304293051362 124.49815737456083 6850.4795616865158 1563.0853198468685 2865.6466394737363 63.239155180752277 340.41841074824333 34.756520815193653 115.34995315223932
leaf_count=11164 9768 24160 5766 6356 1812 41798 619 35123 6907 21387 399 1615 375 559
internal_value=-2.00847e-05 0.00179215 -0.0100646 0.00388405 -0.00149422 0.00322448 -0.00788151 -0.00259949 0.00355836 -0.00871757 -0.0179369 0.0098882 -0.0189411 0.00488557
internal_weight=33448.5 28337.9 5110.52 17325.8 11012.1 15633.8 4022.64 9049.3 1962.82 3782.8 1087.87 1692.04 1024.63 239.848
internal_count=167808 127539 40269 73929 53610 65958 28331 44891 8719 27153 11938 7971 11539 1178
is_linear=0
shrinkage=0.03


Tree=80
num_leaves=15
num_cat=0
split_feature=2 2 2 7 2 7 6 7 6 0 7 6 6 7
split_gain=648.948 213.237 92.2835 59.9524 56.8757 58.1786 52.6979 48.8712 39.136 12.6413 12.9484 10.9419 8.35375 7.37944
threshold=0.0023358565281525515 0.003552681884281731 0.0013313840679558082 0.011287748472436193 0.0080722935438988647 0.075800315044144514 -0.0054554791429826102 0.15216229982414128 -0.0048010771133695221 0.0028510857206830447 0.10957987532263623 0.0049450197427969309 0.041777503415344704 0.0062642766644998458
decision_type=8 8 10 10 8 10 10 10 10 10 10 10 10 8
left_child=2 3 9 11 5 -3 -5 8 -4 10 -1 -2 -9 -6
right_child=1 4 7 6 13 -7 -8 12 -10 -11 -12 -13 -14 -15
leaf_value=-0.025590570900555915 -0.0085975766879926654 0.0021632167146670017 -0.0046283267935161758 0.0024160848899844791 0.0006835510986242867 0.0062737261037430865 -0.0019255360000814672 0.0071002322919340296 -0.011179609483588806 -0.0078826026120707021 -0.0028386996988432511 -0.0028534441231068924 -0.0044746376435733067 0.010516890671675173
leaf_weight=405.21233736723661 1015.1891408860683 9911.1143995374441 1204.2499978095293 3821.4170612618327 88.036458224058151 4563.9880173653364 7297.0913890525699 190.41936955600977 3021.5799341499805 74.583102315664291 32.985324151813984 491.66049543768167 63.430155992507935 1259.7288827300072
leaf_count=4966 5194 41655 8366 17338 402 19266 35981 980 24182 674 355 2379 274 6065
internal_value=-4.28156e-05 0.00170704 -0.0100094 -0.00119653 0.00402694 0.00346684 -0.000427105 -0.00857018 -0.00934217 -0.0220633 -0.0241133 -0.00679408 0.00392061 0.00992853
internal_weight=33440.7 28448.2 4992.46 12625.4 15822.9 14475.1 11118.5 4479.68 4225.83 512.781 438.198 1506.85 253.85 1347.77
internal_count=168077 128280 39797 60892 67388 60921 53319 33802 32548 5995 5321 7573 1254 6467
is_linear=0
shrinkage=0.03


Tree=81
num_leaves=15
num_cat=0
split_feature=2 2 2 7 2 7 6 6 6 4 2 0 7 2
split_gain=636.695 222.588 89.116 80.2501 52.157 51.6471 43.645 38.5602 50.7053 35.2888 26.3208 16.9209 12.6256 5.69898
threshold=0.0023358565281525515 0.0038080536024029036 0.0015933974398020996 0.12483913359018094 0.0080722935438988647 0.0055869596153916524 -0.0059853809620538092 0.010174602068515172 -0.0048010771133695221 0.41812500000000002 0.002230157151037354 0.0084137111099452672 0.11536603435587876 0.01006235347145863
decision_type=8 8 10 10 10 10 8 10 10 10 10 10 10 10
left_child=2 3 11 5 6 -2 -3 8 -4 -5 -9 12 -1 -6
right_child=1 4 7 9 13 -7 -8 10 -10 -11 -12 -13 -14 -15
leaf_value=-0.019712980139345086 -0.0085505633860471601 0.0062880135723441637 -0.0041372530915188086 -0.0028144241044507916 0.0076261809695752679 -0.0010845112177588253 0.0025255029802761743 0.00095752855282982101 -0.012203121534280851 0.0071610210263577086 -0.012048573104663987 0 -0.0023885845829373989 0.012534754273570122
leaf_weight=892.51086559146643 888.93608307093382 4490.8736985176802 1133.6015037372708 391.00708355009556 553.31000217795372 12303.658799834549 7534.2287439852953 626.58222617208958 2023.8550628498197 1472.715532541275 167.70829037576914 45.549016714096069 50.915549412369728 676.41890998184681
leaf_count=10456 4379 19197 7520 1727 2606 58759 31375 3670 16315 6369 930 278 509 3320
internal_value=-1.15227e-05 0.00172179 -0.0099392 -0.000770696 0.004556 -0.00159822 0.00393969 -0.00786076 -0.00934843 0.00503231 -0.00182967 -0.0180224 -0.0188758 0.0104539
internal_weight=33251.9 28311.1 4940.72 15056.3 13254.8 13192.6 12025.1 3951.75 3157.46 1863.72 794.291 988.975 943.426 1229.73
internal_count=167410 127732 39678 71234 56498 63138 50572 28435 23835 8096 4600 11243 10965 5926
is_linear=0
shrinkage=0.03


Tree=82
num_leaves=15
num_cat=0
split_feature=2 2 2 7 7 2 7 0 0 0 4 0 2 7
split_gain=569.392 155.921 118.2 75.3482 66.66 61.5088 33.6726 27.3012 27.2286 26.9097 24.4959 19.7042 19.0665 5.99501
threshold=0.002734849764020508 0.0017989135513542737 0.0053927673544491841 0.082646617819239349 0.02856738364090957 0.0034074424238504219 0.11666317893783724 -0.0021069884328785977 0.007949987447340991 -0.022131525567186557 0.66437500000000005 -0.0036224577769889961 0.010570226405862491 0.15535315416955706
decision_type=8 10 8 10 10 10 10 10 10 8 10 8 10 10
left_child=1 6 4 7 11 -6 8 -3 -1 -4 -5 -2 -11 -8
right_child=2 3 9 10 5 -7 13 -9 -10 12 -12 -13 -14 -15
leaf_value=-0.017187565769359453 0.0014358202932544162 -0.0030918294918737522 0.013332646059997693 0.0015603965202860704 -6.2535213215683888e-05 0.0040586972369276129 -0.004708529048729997 -0.0080226894079430591 0 0.004993052076802138 -0.01000558927235469 -0.0024326132020311211 0.011561595502053539 0.0075977334313989094
leaf_weight=1417.811382882297 1608.8485277742147 1518.1119710579515 461.37036691606045 1735.9982746839523 5312.0696703344584 8308.1628161072731 103.13195383548737 3453.7218325808644 81.339544795453548 4382.4876019358635 171.50205584615469 4279.7218521237373 455.31877890229225 40.856253385543823
leaf_count=15590 6777 8764 2534 9528 24137 34730 855 23004 497 18923 999 19189 2184 251
internal_value=7.84823e-05 -0.006605 0.00237866 -0.00459618 0.00129399 0.00244809 -0.0149003 -0.00653836 -0.0162251 0.00635058 0.000442459 -0.00136488 0.00564621 -0.000560386
internal_weight=33330.5 8522.47 24808 6879.33 19508.8 13620.2 1643.14 4971.83 1499.15 5299.18 1907.5 5888.57 4837.81 143.988
internal_count=167962 59488 108474 42295 84833 58867 17193 31768 16087 23641 10527 25966 21107 1106
is_linear=0
shrinkage=0.03


Tree=83
num_leaves=15
num_cat=0
split_feature=2 2 1 1 1 2 2 2 4 2 4 1 1 1
split_gain=548.266 210.985 114.862 85.3234 59.9627 54.5825 37.013 33.286 30.6552 27.9993 25.6342 24.3135 17.7608 15.6866
threshold=0.002393234486268788 0.0035658219514951802 -0.11408454402498182 -0.64125877388447217 0.54822545510621834 0.00155754180092554 0.0019273428732258953 0.01006235347145863 0.60187500000000005 0.0065673277622668074 0.58812500000000012 1.2010392010076487 -0.77468910754255649 1.6843603004968217
decision_type=8 8 10 10 8 10 10 10 10 10 10 10 10 10
left_child=2 3 6 10 7 13 -1 -3 -5 -6 -2 -7 -8 -4
right_child=1 4 5 8 9 11 12 -9 -10 -11 -12 -13 -14 -15
leaf_value=-0.019026503255387198 -0.0074430492033642397 0.0024775266050008392 -0.0169283011916972 0.00099090503424460784 0.0059747468025753659 -0.0052927287541132944 -0.015023993834719085 0.010452138846815355 -0.0030660304181015993 0.013103249241707358 -0.0008430548222901665 0.00088741524488872043 -0.0075102066023946343 -0.001892802290075884
leaf_weight=884.946368932724 2190.5814516693354 11271.844705075026 392.26683533191681 7169.633242726326 3225.5082194954157 1842.2331949844956 542.93826103210449 488.75311560928822 2176.3877923637629 613.57045206427574 729.24110075831413 803.53302805870771 783.71952453255653 88.115562006831169
leaf_count=10184 12086 47295 4418 32768 13743 12191 4704 2303 9897 3205 3937 4211 6037 708
internal_value=-0.000102913 0.00158328 -0.00890334 -0.00135644 0.00389798 -0.00514543 -0.0141412 0.00282264 3.74949e-05 0.00716071 -0.00582365 -0.00339692 -0.0107195 -0.0143876
internal_weight=33203.3 27865.5 5337.75 12265.8 15599.7 3126.15 2211.6 11760.6 9346.02 3839.08 2919.82 2645.77 1326.66 480.382
internal_count=167687 125234 42453 58688 66546 21528 20925 49598 42665 16948 16023 16402 10741 5126
is_linear=0
shrinkage=0.03


Tree=84
num_leaves=15
num_cat=0
split_feature=6 6 0 0 6 6 0 7 0 0 4 7 4 4
split_gain=164.738 181.633 98.856 108.837 57.4884 45.2192 28.24 24.8433 23.5121 17.811 16.7426 13.3128 7.20672 6.42812
threshold=-0.0082139277780974834 0.0076256006763735238 -0.004610523665389831 0.0025712019759165376 0.045492492248119916 -0.035583515385673607 0.0051255490975993254 0.0062642766644998458 -0.0036224577769889961 -0.012199706618455762 0.67687500000000012 0.049324688919103361 0.48812500000000009 0.41687500000000005
decision_type=8 8 10 10 10 10 10 8 8 10 10 10 10 10
left_child=5 2 9 -4 8 11 7 -7 -3 -2 -6 12 -1 -8
right_child=1 4 3 -5 10 6 13 -9 -10 -11 -12 -13 -14 -15
leaf_value=0.0058843442304253027 0.0095591779779077134 0.0052779697870065905 -0.0069984748507853868 -0.00031863131099494864 0.0075459303539805013 -0.0045940303492000246 0.0020825056423197695 0.00202762316849986 8.6424461469253114e-06 0.0012153934748294186 -0.0054117086279964078 0.0086893609349545878 0.00014791604225844216 0.010364522295691566
leaf_weight=549.47953771054745 267.91579537838697 828.72712045907974 7481.3540815040469 3133.7703446224332 1435.464078605175 539.7905497699976 136.56744911521673 6397.8027529716492 8599.9189838990569 1532.6033546105027 83.292669788002968 1423.0710325539112 339.07943506538868 419.05252370983362
leaf_count=2574 1168 3620 48361 15741 6294 2601 594 29722 39829 7081 348 6536 1465 1797
internal_value=-7.53294e-05 -0.00144673 -0.00393044 -0.00503427 0.00136562 0.00318449 0.00203633 0.00149791 0.000483246 0.00253602 0.0067653 0.00685565 0.00378807 0.00850775
internal_weight=33167.9 23363 12415.6 10615.1 10947.4 9804.84 7493.21 6937.59 9428.65 1800.52 1518.76 2311.63 888.559 555.62
internal_count=167731 122442 72351 64102 50091 45289 34714 32323 43449 8249 6642 10575 4039 2391
is_linear=0
shrinkage=0.03


Tree=85
num_leaves=15
num_cat=0
split_feature=2 2 1 2 1 1 2 1 1 0 4 2 1 4
split_gain=532.178 156.278 108.598 79.6779 78.7261 63.4954 50.4434 49.8116 30.9601 27.1682 22.2948 15.173 12.4519 11.0895
threshold=0.00235217571412407 0.0035658219514951802 1.2010392010076487 0.0013313840679558082 -0.64125877388447217 -0.80747704338311976 0.0064893139797160262 -0.44045240400068902 0.92693968043928276 0.0094464768421306262 0.58812500000000012 0.00155754180092554 2.2735583090594309 0.41437500000000005
decision_type=8 8 10 10 10 8 8 10 10 10 10 10 10 10
left_child=2 4 3 -1 10 9 -7 -5 -6 -3 -2 13 -13 -4
right_child=1 5 11 7 8 6 -8 -9 -10 -11 -12 12 -14 -15
leaf_value=-0.02403244638187213 -0.0066342398105265245 -0.00055709587497100718 0 -0.014534217948406029 -0.00053217644855589282 0.0037389762397367931 0.0087371343729438621 -0.0070279954274016223 0.0033561997505998069 0.0086190900460277522 -0.00054991747705166328 -0.00023217006376318505 0.0080709052622674193 -0.016011315933564006
leaf_weight=388.85207328945398 2211.6014797911048 3417.5749035775661 76.589180238544941 1262.4050527662039 7153.554296001792 9581.9699946939945 2280.1947100907564 2399.6937672719359 2464.8687592446804 306.91314171254635 748.79472281038761 543.50122581422329 214.06713579595089 69.225261844694614
leaf_count=5154 12369 14424 632 12266 33733 40005 10859 17765 10416 1286 4103 2939 1067 625
internal_value=3.41383e-05 0.0016317 -0.00902092 -0.0111142 -0.000851711 0.00363898 0.00471135 -0.00966443 0.000460499 0.000204048 -0.00512252 0.000318864 0.00211045 -0.00814221
internal_weight=33119.8 28165.5 4954.33 4050.95 12578.8 15586.7 11862.2 3662.1 9618.42 3724.49 2960.4 903.383 757.568 145.814
internal_count=167643 127195 40448 35185 60621 66574 50864 30031 44149 15710 16472 5263 4006 1257
is_linear=0
shrinkage=0.03


Tree=86
num_leaves=15
num_cat=0
split_feature=2 2 1 1 7 2 2 1 2 1 1 4 4 2
split_gain=469.857 156.487 106.157 101.291 59.5009 50.5519 43.9269 43.412 35.9255 25.1844 17.0827 15.9189 12.8753 12.5498
threshold=0.002393234486268788 0.0049402804779042639 -0.91953518346047136 -0.10483344154260504 0.1418067483863894 0.0015933974398020996 0.0027616538798669486 1.1012185922268034 0.0019437657720499731 2.2735583090594309 -1.270635522630809 0.40687500000000004 0.59812500000000013 0.0054997834566165573
decision_type=8 8 10 10 10 10 10 10 10 10 8 10 10 10
left_child=3 2 6 8 -4 11 -2 10 -1 -7 -3 -5 -10 -9
right_child=1 7 4 5 -6 9 -8 13 12 -11 -12 -13 -14 -15
leaf_value=-0.018079803273021618 -0.013260410629127953 9.5730435516614478e-05 0.00054987804670266079 -0.0059552775977089745 0.0069353528760936383 -0.0039528408385613332 -0.0033017428790495635 0.0052537819850799541 -0.01153808911135995 0.0063039692984990037 0.0051290066829425595 -0.017516098505550304 -0.0038252118936460641 0.015013156972856125
leaf_weight=892.65415219217539 461.03232602775097 714.08144886791706 16338.61532138288 210.2309592962265 1422.1104661524296 2312.8662832826376 2957.3889872729778 201.2770469635725 992.49504810571671 224.35885868966579 5246.7361820042133 317.15436518192291 289.8710595741868 507.20304381847382
leaf_count=10509 3110 2926 72836 2169 6026 14468 13943 918 8180 1097 22909 3527 2356 2663
internal_value=-0.000150945 0.00139865 0.000133007 -0.00838541 0.00106816 -0.00481574 -0.0046971 0.00540266 -0.0133426 -0.00300112 0.00453726 -0.0132159 -0.00988416 0.0124358
internal_weight=33088.1 27848.4 21179.1 5239.63 17760.7 3064.61 3418.42 6669.3 2175.02 2537.23 5960.82 527.385 1282.37 708.48
internal_count=167637 125331 95915 42306 78862 21261 17053 29416 21045 15565 25835 5696 10536 3581
is_linear=0
shrinkage=0.03


Tree=87
num_leaves=15
num_cat=0
split_feature=6 6 0 0 6 6 0 1 4 0 4 1 0 3
split_gain=130.287 160.776 88.8672 94.4556 44.6735 41.8247 32.9255 18.5121 16.3195 14.5259 14.0049 5.52391 3.46666 2.94544
threshold=-0.009374010626151728 0.0066354975913327516 -0.006158752378700282 0.0044259112385637298 0.045492492248119916 -0.075757322407788749 -0.0036224577769889961 2.1836158683276099 0.47187500000000004 -0.012199706618455762 0.67687500000000012 1.2553710978542398 -0.033677212258606808 -0.91326537977048505
decision_type=8 8 10 10 10 10 8 8 10 10 10 10 10 10
left_child=5 2 9 -4 6 11 -3 8 -7 -2 -6 13 -9 -1
right_child=1 4 3 -5 10 7 -8 12 -10 -11 -12 -13 -14 -15
leaf_value=0.0013205789374571737 0.0096579826656452601 0.0061067572928784368 -0.0055771274538625095 0.0020681186282452768 0.0069040014252036777 0.0035725006436759417 0.00011722906488986828 0.014732002883066831 0.00088488142282996615 0.0020222582597104761 -0.0050972112541999076 0.0171502812206932 0.0066291560333165247 0.010509423368326805
leaf_weight=63.701970428228378 296.30681496858597 900.5412462875247 9355.7971797212958 1703.7799309790134 1428.6995103657246 4274.2802559882402 9166.8419099375606 78.452214106917381 4026.256546035409 993.53211523592472 80.35527715086937 172.54220825433731 400.82037959247828 143.69275017082691
leaf_count=317 1292 3942 58706 7831 6292 19934 43015 363 17963 4410 336 980 1790 737
internal_value=2.27555e-05 -0.00114029 -0.00352138 -0.00439312 0.00139547 0.00306517 0.000664483 0.00262619 0.0022787 0.00388333 0.00619611 0.0127282 0.00835213 0.00815361
internal_weight=33085.6 23925.9 12349.4 11059.6 11576.4 9159.75 10067.4 8779.81 8300.54 1289.84 1509.05 379.937 479.273 207.395
internal_count=167908 125824 72239 66537 53585 42084 46957 40050 37897 5702 6628 2034 2153 1054
is_linear=0
shrinkage=0.03


Tree=88
num_leaves=15
num_cat=0
split_feature=2 2 2 7 7 2 7 7 6 4 6 7 0 7
split_gain=456.461 152.922 76.7424 57.5038 48.6503 46.7491 42.5895 42.083 32.7615 15.2069 14.6892 14.2498 12.3209 6.92669
threshold=0.0023358565281525515 0.003552681884281731 0.0013313840679558082 0.0055869596153916524 0.15216229982414128 0.01006235347145863 0.14653798625209205 0.071966034948089438 -0.0048010771133695221 0.43187500000000006 0.0049450197427969309 0.11413241529301477 0.004537150141502245 0.036990399872768233
decision_type=8 8 10 10 10 10 8 8 10 10 10 10 10 10
left_child=2 3 11 10 8 7 -5 -3 -4 -6 -2 12 -1 -7
right_child=1 5 4 6 9 13 -8 -9 -10 -11 -12 -13 -14 -15
leaf_value=-0.023148048382534047 -0.011951994499742791 0.0020399618360566062 -0.003587400381902214 -0.00093875467957051713 -0.0013713264136143448 0.0075350473962905798 0.005528953442366028 0.0054170799626175872 -0.0096568583598991963 0.012735690218140147 -0.0025159642743254971 -0.00094066030871161699 -0.0014959375902514715 0.014787930168154703
leaf_weight=387.77758976072073 492.9879426881671 9995.7166017144918 1175.264206789434 10830.765620179474 128.4187418371439 330.65208864212036 989.62451089918613 5056.0430503338575 2912.2373322993517 119.775396078825 245.15941750258207 39.653973191976547 33.037984617054462 322.23753045499325
leaf_count=5233 2569 42344 8370 52827 654 1621 4276 21555 24351 582 1199 404 279 1672
internal_value=0.000104725 0.00155945 -0.00844073 -0.000904132 -0.0071493 0.00353265 -0.000387979 0.0031812 -0.00793939 0.00543375 -0.00897374 -0.0200626 -0.0216616 0.0113743
internal_weight=33059.4 28263.2 4796.17 12558.5 4335.7 15704.6 11820.4 15051.8 4087.5 248.194 738.147 460.47 420.816 652.89
internal_count=167936 128063 39873 60871 33957 67192 57103 63899 32721 1236 3768 5916 5512 3293
is_linear=0
shrinkage=0.03


Tree=89
num_leaves=15
num_cat=0
split_feature=2 2 1 1 2 1 7 1 1 2 1 7 6 7
split_gain=456.493 144.32 102.405 74.1812 55.8107 55.113 45.8124 42.3046 35.6304 33.9497 26.294 23.5745 22.0887 21.2723
threshold=0.0023358565281525515 0.0038080536024029036 0.25957367961998501 0.5756127726881014 0.0014092396667470914 1.1012185922268034 0.093921020462573876 -0.90785040659484306 -1.1962808296579921 0.0017372338072111071 -0.44045240400068902 0.084856571751616747 0.010441147804512775 0.14653798625209205
decision_type=8 8 10 10 10 10 10 10 8 10 10 10 10 10
left_child=2 3 4 7 -1 8 -5 -2 -3 13 -6 -7 -11 -4
right_child=1 5 9 6 10 11 -8 -9 -10 12 -12 -13 -14 -15
leaf_value=-0.024538804606534601 -0.0056557648671628196 -0.0012906418352124432 -0.011082004920156523 0.00050363594206098727 -0.014189004609051134 0.0055910788705513699 0.0071818927055414669 -0.0010394574973733972 0.0035315032643825949 -0.0036935437743969941 -0.0074810016940098307 0.013364935385132172 0.0041055442625226157 0.010825451636107607
leaf_weight=319.03016116470098 2272.3909794017673 1570.739872828126 579.26414564996958 2947.8168274909258 1160.5683835297823 909.93997085094452 1353.0672066658735 8505.1713664904237 10141.64742898941 1047.70801525563 1144.8883203268051 642.34536078572273 458.2598542496562 32.243402451276779
leaf_count=4624 12536 6563 5598 12721 11514 4160 5610 40741 43123 6181 9349 3013 2297 199
internal_value=-0.000126557 0.00131385 -0.00873325 -0.000690645 -0.0126943 0.00359575 0.00263033 -0.00202268 0.00287914 -0.00375899 -0.0109304 0.00891131 -0.00126931 -0.00967474
internal_weight=33085.1 28343.1 4741.96 15078.4 2624.49 13264.7 4300.88 10777.6 11712.4 2117.48 2305.46 1552.29 1505.97 611.508
internal_count=168229 128467 39762 71608 25487 56859 18331 53277 49686 14275 20863 7173 8478 5797
is_linear=0
shrinkage=0.03


Tree=90
num_leaves=15
num_cat=0
split_feature=1 1 0 0 0 0 7 7 0 7 4 1 4 4
split_gain=124.465 80.454 57.0717 93.2755 40.5557 51.227 26.4981 26.3116 21.0484 17.6519 13.4855 12.465 12.1363 9.22898
threshold=-0.89641833844237617 1.7821885545188734 0.0024298396324026199 -0.0032482679516741548 -0.004610523665389831 0.0015124027059009173 0.10529302620677816 0.041253472623327521 0.0097296202875797339 0.007978547701257336 0.53437500000000016 -1.270635522630809 0.4043750000000001 0.51812500000000006
decision_type=8 8 10 10 10 10 10 10 10 10 10 10 10 8
left_child=2 4 3 11 9 -6 10 -5 12 -2 -3 -1 -4 -10
right_child=1 6 8 7 5 -7 -8 -9 13 -11 -12 -13 -14 -15
leaf_value=-0.0018758055942342247 -0.0026860298779007859 0.0057680771340760618 -0.0068337159279418282 -0.011068524569090216 -0.0021692401173459023 0.00098667662846417211 0.011495270236032437 -0.0054090519154606836 0.011996609043693434 0.002907054083430552 -0.00033739865117589807 0.0046941322506021928 0.00063511647114666619 0
leaf_weight=429.05071945488453 538.63063406944275 1155.6910743191838 227.95554725825787 1659.3733079060912 8159.7322979196906 10647.260002560914 630.11864472925663 1500.0447364598513 182.83295832574368 5688.7287252619863 425.21405510604382 600.61790449172258 1050.9272462949157 71.492302343249321
leaf_count=1908 2441 5527 1109 10462 47197 51070 2830 8851 779 25742 1924 2746 5011 305
internal_value=-4.2649e-05 0.000800625 -0.00406256 -0.00587334 0.000312487 -0.000379808 0.00627427 -0.00842597 0.000852039 0.00241013 0.00409638 0.0019071 -0.000692311 0.00857724
internal_weight=32967.7 27245.4 5722.29 4189.09 25034.4 18807 2211.02 3159.42 1533.21 6227.36 1580.91 1029.67 1278.88 254.325
internal_count=167902 136731 31171 23967 126450 98267 10281 19313 7204 28183 7451 4654 6120 1084
is_linear=0
shrinkage=0.03


Tree=91
num_leaves=15
num_cat=0
split_feature=2 2 1 1 1 2 2 2 4 4 2 4 1 4
split_gain=441.059 129.317 103.096 55.7631 54.9338 50.286 38.5222 36.6457 28.7151 25.8626 24.8249 24.0878 17.1635 15.1873
threshold=0.002393234486268788 0.003552681884281731 -0.11408454402498182 1.1012185922268034 -0.64125877388447217 0.0016064990190196478 0.0084826783003338312 0.0019273428732258953 0.35562500000000002 0.39437500000000009 0.0055675591397784992 0.58812500000000012 1.7821885545188734 0.67687500000000012
decision_type=8 8 10 8 10 10 10 10 10 10 10 10 10 10
left_child=2 4 7 6 11 12 -3 13 -7 -6 -5 -2 -4 -1
right_child=1 3 5 10 9 8 -8 -9 -10 -11 -12 -13 -14 -15
leaf_value=-0.019197765481451839 -0.005977343549961431 0.0022752166376982588 -0.014846283407935559 0.0060722625553024951 -0.0038848028008473001 0.0093213572596486678 0.0085862767612009516 -0.0096615285398421718 -0.0033898679711327649 0.00098028633111619102 0.014122707840057112 0.00033898392668348169 -4.3094707348976685e-05 -0.00088586843324873956
leaf_weight=766.99009408056736 2114.2500629425049 12740.667088970542 460.28380744159222 1481.8966696560383 1105.3613831847906 159.88754641264677 935.798549503088 1274.1405249163508 2346.9344971776009 8166.4365483522415 481.80600303411484 705.13530951738358 92.600025489926338 51.358279190957546
leaf_count=9566 11877 53555 5372 6351 5077 1011 4513 10762 14422 37330 2589 3858 738 598
internal_value=0.000105598 0.00160567 -0.00794431 0.00340675 -0.000719984 -0.00438234 0.00271739 -0.0130786 -0.00252148 0.000390257 0.00813943 -0.00438079 -0.0125184 -0.0181455
internal_weight=32883.5 27731.4 5152.19 15640.2 12091.2 3059.71 13676.5 2092.49 2506.82 9271.8 1963.7 2819.39 552.884 818.348
internal_count=167619 125150 42469 67008 58142 21543 58068 20926 15433 42407 8940 15735 6110 10164
is_linear=0
shrinkage=0.03


Tree=92
num_leaves=15
num_cat=0
split_feature=2 2 1 1 2 7 1 2 0 7 1 4 1 7
split_gain=392.845 152.867 94.1708 61.7312 44.6422 43.4826 40.4748 39.7506 31.6693 31.1728 22.7791 20.7874 18.6578 18.0661
threshold=0.0032794510662527919 0.0017989135513542737 -0.56290049079137139 -0.51469019699702712 0.0065673277622668074 0.123441941854011 0.25957367961998501 0.0021865447809102587 0.0084137111099452672 0.093921020462573876 -1.7017259802264992 0.62687500000000007 1.1012185922268034 0.047059329066527551
decision_type=8 10 10 8 10 10 10 10 10 10 10 10 10 10
left_child=1 6 7 8 9 -4 11 -3 10 -5 -2 -1 -6 -8
right_child=3 2 5 4 12 -7 13 -9 -10 -11 -12 -13 -14 -15
leaf_value=-0.019014857695873449 -0.0063748393941271088 -0.015409692331561559 -0.0020645555853202285 0.0022688584179889142 0.0070013602708895182 0.0037362450880270414 -0.011830862757366833 -0.0057686893391415747 0.0065149938587944966 0.0059181155322596511 0.00029390787275040503 -0.0041921358946093211 0.015703533860394758 -0.0017734017535674697
leaf_weight=738.08426267653704 493.24000580608845 461.85185950249434 8116.2796688601375 7539.4213912039995 1413.617681697011 1341.8754393532872 335.66621077060699 2614.0738380849361 681.51991321146488 2985.9265702068806 5381.1562938392162 115.70299001038074 285.79410849511623 338.61973316967487
leaf_count=9633 2149 4566 42588 31600 6776 6080 3340 16154 2874 12623 23257 1403 1626 2904
internal_value=-3.77889e-05 -0.00382985 -0.00272597 0.00279888 0.0040582 -0.00123215 -0.0127689 -0.00728098 0.000438884 0.00331444 -0.000265715 -0.0171474 0.00858323 -0.00696751
internal_weight=32842.8 14062.2 12534.1 18780.7 12224.8 9458.16 1528.07 3075.93 6555.92 10525.3 5874.4 853.787 1699.41 674.286
internal_count=167573 86668 69388 80905 52625 48668 17280 20720 28280 44223 25406 11036 8402 6244
is_linear=0
shrinkage=0.03


Tree=93
num_leaves=15
num_cat=0
split_feature=6 6 0 0 6 1 0 7 6 0 1 4 1 6
split_gain=111.901 118.066 83.4119 64.55 36.9972 32.7883 26.7759 18.9563 18.0314 12.8994 11.1832 8.23487 2.81632 4.64655
threshold=-0.0084437363105402934 0.0066354975913327516 -0.0058341611268002405 0.0040166039401795537 -0.068807594727604546 1.7821885545188734 0.0051255490975993254 0.0055869596153916524 0.02518464759960715 -0.012199706618455762 3.0063222569592827 0.41687500000000005 0.88687115408329775 -0.075757322407788749
decision_type=8 10 8 10 10 8 10 8 10 10 10 10 10 10
left_child=4 2 9 -4 12 8 7 -6 -3 -2 -7 -8 -1 -14
right_child=1 5 3 -5 6 10 11 -9 -10 -11 -12 -13 13 -15
leaf_value=0.006842952051398626 0.0097150081767064383 -0.0004255333658620862 -0.0052773213923806008 0.00086345907962345324 -0.0034849018738235369 0.0044284875900004019 0.0014693501563046618 0.0021350803694611914 0.0021674649213504473 0.002219543980816563 0.012854389184247746 0.010006864202201883 0.015005114667258514 0.0033713265456470475
leaf_weight=228.79364621639252 266.36740034818649 6856.3895875178277 8605.0877012163401 1853.2575307637453 563.30147111043334 791.44946372509003 154.44383577257395 7883.0164702609181 3692.3765874877572 1011.43115580827 185.97892680764198 487.67815309762955 220.66837534308434 60.178559988737106
leaf_count=1121 1168 33048 55359 8712 2693 3528 686 36340 16130 4531 814 2132 1277 290
internal_value=-5.24612e-05 -0.00117876 -0.00329672 -0.00418364 0.00266942 0.00097357 0.00221314 0.0017495 0.000477603 0.00389193 0.00620642 0.00809944 0.0104916 0.0129202
internal_weight=32860.4 23262.3 11736.1 10458.3 9598.08 11526.2 9088.44 8446.32 10548.8 1277.8 977.428 642.122 509.641 280.847
internal_count=167829 123290 69770 64071 44539 53520 41851 39033 49178 5699 4342 2818 2688 1567
is_linear=0
shrinkage=0.03


Tree=94
num_leaves=15
num_cat=0
split_feature=2 2 2 7 0 7 7 4 0 7 4 5 0 0
split_gain=384.828 128.545 75.867 53.326 45.1684 43.4048 36.7305 29.8212 25.391 16.2958 12.1918 7.39383 6.39316 5.89201
threshold=0.0023358565281525515 0.0035658219514951802 0.0013313840679558082 0.0055869596153916524 -0.02089933306513236 0.15216229982414128 0.12483913359018094 0.70937500000000009 0.013816284318143747 0.1129829735010431 0.43062500000000009 -1.6728132938283669 0.0097296202875797339 0.0064188242436876717
decision_type=8 8 10 10 8 10 10 10 10 10 10 10 10 10
left_child=2 3 9 12 11 8 -5 -6 -4 13 -7 -3 -2 -1
right_child=1 4 5 6 7 10 -8 -9 -10 -11 -12 -13 -14 -15
leaf_value=-0.022513163007134365 -0.0094358236651155471 0 -0.007845266112638527 -0.0010687669805612557 0.0029615750247628104 -0.00091240034385257484 0.0037617535005415536 -0.00674802157532302 0.0061896646988792462 0 0.01167593714793751 0.010584691843112979 0 -0.0018691058490620635
leaf_weight=375.05787480250001 686.67098913341761 69.161163851618767 3874.1229934841394 10276.002563804388 14328.771497741342 127.37741544097662 1630.3178699091077 277.63026025891304 107.75338403880596 39.312542878091335 120.82162453979254 806.58510132133961 62.072502195835114 21.438975609838963
leaf_count=5381 3574 354 32127 50479 60734 653 7139 1173 522 424 582 4180 269 161
internal_value=1.62783e-05 0.00134207 -0.00795173 -0.000896735 0.00317533 -0.00666993 -0.000399693 0.00276843 -0.00743588 -0.01983 0.00519801 0.00978646 -0.00861205 -0.021618
internal_weight=32803.1 28137.2 4665.88 12655.1 15482.1 4230.08 11906.3 14606.4 3981.88 435.809 248.199 875.746 748.743 396.497
internal_count=167752 127902 39850 61461 66441 33884 57618 61907 32649 5966 1235 4534 3843 5542
is_linear=0
shrinkage=0.03


Tree=95
num_leaves=15
num_cat=0
split_feature=2 2 1 1 1 2 2 2 4 0 1 7 4 1
split_gain=369.076 103.92 83.1571 56.0687 53.8405 50.5568 42.8034 36.6273 33.7271 27.9012 20.0593 20.042 18.9297 16.1096
threshold=0.002393234486268788 0.0033195604135832185 0.029466880634103073 -0.41274357435780445 -1.0452112726575498 0.0018894389554005039 0.0065673277622668074 0.00155754180092554 0.60187500000000005 0.0081743192531785764 -0.795998489005312 0.0055869596153916524 0.49312500000000009 1.6843603004968217
decision_type=8 8 10 10 8 10 10 10 10 10 10 10 10 10
left_child=2 3 5 11 9 -1 -6 13 -5 -3 -7 -2 -9 -4
right_child=1 4 7 8 6 10 -8 12 -10 -11 -12 -13 -14 -15
leaf_value=-0.017503409751226981 -0.013663531158562846 -0.002005762049106755 -0.015108248374740042 0.0015521458898269226 0.0027772456958246672 -0.013024333075850502 0.0072398173426287387 -0.0003271252843132794 -0.003759461257301143 0.0086645739090784619 -0.0054031990781534941 -0.0038284607075558222 -0.0061263084169833632 0
leaf_weight=834.04136314615607 199.11533563584089 2548.8442237079144 314.89887685328722 5116.8178295344114 13298.323366820812 500.31582533568144 2289.9856632351875 1571.6785213127732 1348.78687299788 230.1120487600565 994.96642717719078 2723.1957075670362 755.96348690986633 85.353591948747635
leaf_count=10821 1192 11077 3849 23419 56106 4720 11000 9753 6235 966 7928 15496 4633 714
internal_value=8.106e-05 0.00144166 -0.00736252 -0.00112067 0.00275449 -0.011529 0.00344088 -0.00375373 0.000430734 -0.00107279 -0.00806265 -0.00456336 -0.00225438 -0.0120594
internal_weight=32812.4 27755.2 5057.22 9387.92 18367.3 2329.32 15588.3 2727.89 6465.6 2778.96 1495.28 2922.31 2327.64 400.252
internal_count=167909 125491 42418 46342 79149 23469 67106 18949 29654 12043 12648 16688 14386 4563
is_linear=0
shrinkage=0.03


Tree=96
num_leaves=15
num_cat=0
split_feature=2 2 2 7 6 7 4 4 0 6 2 5 7 0
split_gain=342.204 103.803 75.9131 60.0168 48.7522 38.6155 32.7967 27.9731 25.919 24.3107 31.5123 18.4444 11.0267 12.361
threshold=0.002393234486268788 0.0041467061150979615 0.0013313840679558082 0.1418067483863894 -0.0084437363105402934 0.080487788046014322 0.42187500000000006 0.66437500000000005 -0.012659548797972984 -0.005288168420757521 0.010570226405862491 -1.3302155156199509 0.11413241529301477 0.002922206856630805
decision_type=8 8 10 10 10 10 10 10 10 8 10 8 10 10
left_child=2 3 12 4 -2 8 -5 -7 -4 11 -11 -3 13 -1
right_child=1 9 5 6 -6 7 -8 -9 -10 10 -12 -13 -14 -15
leaf_value=-0.022829678121639906 0.0020224314077140534 -0.00055559348751065875 0.0069635880336690967 -0.002671360793077279 -0.0016417897455167601 1.3575338374814272e-05 0.008497995944784625 -0.015246186338449437 -0.0081099446239990044 0.0020073442983314081 0.011801782797568799 0.0061351476807014176 -0.0014674302360830496 -0.0043789030017618528
leaf_weight=336.17733815312386 4567.928310289979 391.08364716172218 94.432472132146358 290.43150429427624 11349.422654427588 1133.8467781245708 1042.4467988610268 108.62338719516993 3261.1916168183088 5988.9342462867498 305.15434885025024 3794.3240540623665 37.728385984897614 51.280225820839405
leaf_count=5025 19879 1773 466 1271 54473 7402 4448 822 27704 25177 1505 16968 395 526
internal_value=5.10323e-05 0.00135865 -0.00714375 -6.8951e-05 -0.000585862 -0.00597535 0.00601777 -0.00138369 -0.00764849 0.00371215 0.00250969 0.00549583 -0.0192136 -0.0207103
internal_weight=32753 27729.7 5023.28 17250.2 15917.4 4598.09 1332.88 1242.47 3355.62 10479.5 6294.09 4185.41 425.186 387.458
internal_count=167834 125494 42340 80071 74352 36394 5719 8224 28170 45423 26682 18741 5946 5551
is_linear=0
shrinkage=0.03


Tree=97
num_leaves=15
num_cat=0
split_feature=2 2 1 1 1 7 1 6 6 2 7 7 1 6
split_gain=303.558 100.372 87.81 64.1344 46.7169 36.5622 36.4092 31.3219 28.0203 27.9585 25.8404 22.5675 16.5129 4.41441
threshold=0.0023358565281525515 0.003552681884281731 -0.085319150817296033 0.92693968043928276 1.1012185922268034 0.15535315416955706 -0.91953518346047136 0.025835208701407989 -0.0096180998631911745 0.0014092396667470914 0.094813598781161884 0.081902334043703937 -1.1157553471436126 0.020677032743742
decision_type=8 8 10 10 10 10 10 10 8 10 10 10 10 10
left_child=2 3 9 6 8 7 -2 -4 -3 -1 -5 -6 -11 -7
right_child=1 4 5 10 11 13 -8 -9 -10 12 -12 -13 -14 -15
leaf_value=-0.022770685651966788 -0.0059150295620405136 0.0041133511473925004 -0.0056890618487297259 0.0011466755389657245 0.0041447604445779412 0.012826551214322203 -0.0011579317306603749 0.007550153297962936 0.0011545768518584191 -0.017137970364813661 0.0076991886084984799 0.010982883528105551 -0.0090678137668315992 0.003032420706839462
leaf_weight=210.73305075988173 1764.1213545948267 4161.1509291529655 2331.0092958770692 1641.6550958007574 1084.7739520967007 90.193691588938236 8248.6820781826973 160.42472131550312 9653.5778537839651 320.79359533637762 822.90799006819725 792.94155697524548 1336.049146451056 121.40845775604248
leaf_count=3469 10267 17978 17913 7047 4897 459 40065 821 40865 3483 3395 3697 13004 543
internal_value=-9.42976e-05 0.00106816 -0.00725861 -0.000936174 0.00266525 -0.00374775 -0.00200712 -0.00478582 0.00205246 -0.0122611 0.00338105 0.0071071 -0.0107598 0.00786827
internal_weight=32740.4 28169.8 4570.61 12477.4 15692.4 2703.04 10012.8 2491.43 13814.7 1867.58 2464.56 1877.72 1656.84 211.602
internal_count=167903 128211 39692 60774 67437 19736 50332 18734 58843 19956 10442 8594 16487 1002
is_linear=0
shrinkage=0.03


Tree=98
num_leaves=15
num_cat=0
split_feature=2 2 1 1 2 7 2 1 7 6 1 2 6 7
split_gain=306.138 93.2726 78.9098 54.8985 52.7386 51.3725 43.4579 40.5345 31.5464 27.2319 23.2533 20.213 13.8203 7.80952
threshold=0.0023358565281525515 0.0032794510662527919 0.20332472955456996 -1.0452112726575498 0.0014092396667470914 0.15535315416955706 0.0061243861919275519 -0.99293426889450409 0.11666317893783724 0.025835208701407989 -0.77468910754255649 0.0039915687364262924 -0.010700291245456127 0.18639821573072798
decision_type=8 8 10 8 10 10 8 10 10 10 10 10 10 10
left_child=2 5 4 11 -1 7 -5 -2 9 -4 -6 -3 -7 -10
right_child=1 3 8 6 10 12 -8 -9 13 -11 -12 -13 -14 -15
leaf_value=-0.023501734138530395 -0.0072144438290443307 -0.0050676437292373434 -0.0057098105803704263 0.0023314666256761467 -0.014053132369404191 -0.0014166744949582911 0.006305039190378863 -0.0010162573610385892 0.0019005423705741222 0.0094776818391143474 -0.0069630267195228317 0.0003172781805571924 0.010028793032312055 0.012215526321005315
leaf_weight=267.18591342493892 1080.3531781211495 910.4162535071373 1653.3525484986603 12864.919322356582 648.56103787571192 106.8840050548315 3102.9967663437128 7748.3159838393331 332.14083518087864 101.80319886654615 1462.5575697794557 1910.1569770425558 431.30214183032513 81.928797744214535
leaf_count=4387 6676 4360 12348 54136 7079 446 14737 38093 1858 516 13178 7928 1873 367
internal_value=3.94971e-05 0.00120855 -0.00717214 0.00242838 -0.0109461 -0.00123182 0.00311086 -0.00178881 -0.00297564 -0.00474621 -0.00922546 -0.00141142 0.00766189 0.0043229
internal_weight=32702.9 28155.3 4547.53 18788.5 2378.3 9366.86 15967.9 8828.67 2169.23 1755.16 2111.12 2820.57 538.186 414.07
internal_count=167982 128249 39733 81161 24644 47088 68873 44769 15089 12864 20257 12288 2319 2225
is_linear=0
shrinkage=0.03


Tree=99
num_leaves=15
num_cat=0
split_feature=2 2 2 6 6 4 6 6 2 2 2 2 2 0
split_gain=318.208 90.7685 69.3262 31.545 30.2987 31.514 24.8243 42.1751 27.0252 23.1787 15.188 11.4143 10.5702 9.51222
threshold=0.0023358565281525515 0.0039915687364262924 0.0015933974398020996 -0.022091074454356981 -0.0073501681634677843 0.41812500000000002 0.010441147804512775 -0.0049679311447068377 0.002230157151037354 0.011644782828630353 0.0028756279559095919 0.0053927673544491841 0.0013313840679558082 0.0075254130577810949
decision_type=8 8 10 8 10 10 10 10 10 10 10 8 10 10
left_child=2 4 12 11 10 -6 7 -4 -8 -5 -2 -3 13 -1
right_child=1 3 6 9 5 -7 8 -9 -10 -11 -12 -13 -14 -15
leaf_value=-0.020115273732166004 -0.00092792456127936066 0.0038254452039248898 -0.0019678034087151942 0.0021373880067138739 -0.0044053171853625098 -0.00034717385524183269 0.0023000998751995256 -0.0095296586826544433 -0.011239908700237961 0.010872670913942603 0.0027031017003371796 0.0082887184107165082 -0.011055323305006873 0
leaf_weight=385.02540272846818 1411.1962994784117 1020.3923883587122 1071.0589423105121 8966.2613674104214 2114.4968112409115 9335.5939377844334 592.1873952075839 1868.0573362112045 159.50752539932728 276.82465671002865 3648.859705477953 1286.0857355892658 427.48198240622878 22.619331993162632
leaf_count=5790 6903 4384 7434 37686 10273 45221 3561 16565 919 1387 15453 6527 5342 154
internal_value=-1.32838e-05 0.00117624 -0.00738762 0.00321542 -0.000247705 -0.00110502 -0.00556762 -0.00681036 -0.000604124 0.00241696 0.00167878 0.00636509 -0.015199 -0.0190319
internal_weight=32585.6 28059.7 4525.94 11549.6 16510.1 11450.1 3690.81 2939.12 751.695 9243.09 5060.06 2306.48 835.127 407.645
internal_count=167599 127834 39765 49984 77850 55494 28479 23999 4480 39073 22356 10911 11286 5944
is_linear=0
shrinkage=0.03


Tree=100
num_leaves=15
num_cat=0
split_feature=6 6 0 0 6 6 0 7 4 7 0 7 6 4
split_gain=102.299 116.66 77.6615 75.97 38.8801 30.2865 24.6943 24.381 17.5625 16.136 14.4506 13.2516 11.4156 10.4886
threshold=-0.0054554791429826102 0.0070195368906968989 -0.004610523665389831 0.0025712019759165376 -0.033090458182147835 0.037201782524104672 0.0065866185440964795 0.15216229982414128 0.67562500000000014 0.048399561361017633 -0.012199706618455762 0.0029134543953739218 -0.075757322407788749 0.67562500000000014
decision_type=8 10 10 10 10 10 10 8 10 10 8 8 10 8
left_child=4 2 10 -4 9 7 11 -3 -7 13 -2 -6 -11 -1
right_child=1 5 3 -5 6 8 -8 -9 -10 12 -12 -13 -14 -15
leaf_value=0.0013777074251793973 0.010387638057411285 -0.00029034093509861263 -0.0064919102052343842 -0.0003661304885231012 -0.005067486467642315 0.0046212357003580576 0.0077950976375081677 0.0069690500170704415 -0.0062562079795821313 0.013159843264568939 0.0016807483364879509 0.0011590953032464162 0.0060829906352367286 0.012199010757811537
leaf_weight=922.15475922077894 200.56542655825615 8536.222096670419 6042.2280069217086 2639.112396851182 307.06149442121387 2126.6765071377158 491.89334990084171 427.55850795656443 129.44558449089527 275.04007789492607 1127.2248258180916 8001.8705355599523 1290.5005514025688 81.773102998733521
leaf_count=4254 886 40306 41614 13566 1572 9376 2137 1872 544 1510 5184 38854 5791 358
internal_value=-1.76061e-05 -0.00124921 -0.00360328 -0.00463915 0.00227568 0.000846822 0.00131567 5.66148e-05 0.00394581 0.00552276 0.00310861 0.000915961 0.00744 0.00242993
internal_weight=32599.3 21229 10009.1 8681.34 11370.3 11219.9 8800.83 8963.78 2256.12 2569.47 1327.79 8308.93 1565.54 1003.93
internal_count=167824 113348 61250 55180 54476 52098 42563 42178 9920 11913 6070 40426 7301 4612
is_linear=0
shrinkage=0.03


Tree=101
num_leaves=15
num_cat=0
split_feature=2 1 2 1 2 1 4 1 0 1 7 2 1 4
split_gain=272.502 82.645 80.8523 51.252 47.5326 36.374 36.3444 31.7915 29.502 25.349 22.0336 21.947 20.9966 4.33993
threshold=0.0023358565281525515 0.11981596510748525 0.0033663546919533052 -1.1626162192458194 0.001445588710339061 -0.41274357435780445 0.60312500000000013 1.3466660082386379 0.002643844090300385 2.484476637731575 0.0055869596153916524 0.00155754180092554 -1.1794147247910078 0.35812500000000008
decision_type=8 10 8 8 10 10 10 8 10 10 10 10 10 10
left_child=1 4 5 8 13 10 -7 -5 -4 11 -2 -3 -6 -1
right_child=2 9 3 7 12 6 -8 -9 -10 -11 -12 -13 -14 -15
leaf_value=-0.0036729659580130628 -0.012801272953037792 -0.01096965359997327 -0.0043703796626483205 0.0024456242349597621 -0.017245354007760793 0.0013158196973151212 -0.0038887094744185116 0.0068572124190996123 0.0033276499395625291 0.0071004612911538681 -0.0029275522476446599 -0.002447120674715472 -0.0078178509544977216 -0.024052294126709221
leaf_weight=21.261843744665384 214.73609730601311 321.6630155518651 1474.5117824524641 13898.131944820285 262.60458465665579 5590.738396435976 1528.1751480102539 1661.992335036397 624.7021112293005 197.75865456461906 3019.4385540187359 1795.415122166276 1666.4939598068595 247.59717542678118
leaf_count=339 1327 3893 6431 59541 2934 25734 7088 7606 2651 1092 17388 11481 15950 4207
internal_value=-5.95443e-06 -0.00684079 0.00109504 0.00232965 -0.0110049 -0.00100527 0.00018629 0.00292479 -0.00204617 -0.00283079 -0.00363906 -0.0038157 -0.00921446 -0.0228453
internal_weight=32525.2 4512.79 28012.4 17659.3 2197.96 10353.1 7118.91 15560.1 2099.21 2314.84 3234.17 2117.08 1929.1 268.859
internal_count=167662 39896 127766 76229 23430 51537 32822 67147 9082 16466 18715 15374 18884 4546
is_linear=0
shrinkage=0.03


Tree=102
num_leaves=15
num_cat=0
split_feature=2 1 2 1 1 7 2 7 2 7 1 7 2 1
split_gain=241.429 83.9308 82.37 50.8144 50.1946 35.3594 34.9529 32.4888 29.9904 26.3188 26.2238 18.9888 14.9403 11.138
threshold=0.002393234486268788 -0.056149561288726509 0.0035814386601532833 -0.45933897015971231 1.1012185922268034 0.096630472506023884 0.0014092396667470914 0.084856571751616747 0.0013313840679558082 0.18639821573072798 -1.1626162192458194 0.052187790211920791 0.0032413562939885613 1.7821885545188734
decision_type=8 10 8 10 10 10 10 10 10 10 8 10 10 10
left_child=1 6 3 12 10 -5 -1 -6 13 -10 -4 -8 -2 -3
right_child=2 8 4 5 7 -7 11 -9 9 -11 -12 -13 -14 -15
leaf_value=-0.022717566503788946 -0.0050316907110267489 -0.015639653344225776 -0.0013583458107602961 -0.00065328672090572085 0.0038123999348088182 0.0036529970840122831 -0.011675337830735452 0.012118837496194154 -0.0023928262054287051 0.013234603986216717 0.0024313778514172802 -0.0050515999228071254 -0.00097954634276099036 0
leaf_weight=200.48362945392728 2461.7851346209645 197.31938384845853 1885.8376582562923 6267.6524896472692 1101.2490690648556 2345.631955832243 1175.5741451978683 728.57502249628305 2518.7423563525081 90.051167152822018 11612.816717460752 676.08553145825863 1293.9514962136745 45.995986133813858
leaf_count=3567 14477 2771 7996 28844 5013 10038 12068 3430 16915 407 49589 6316 6310 410
internal_value=-1.67307e-05 -0.00614672 0.00106834 -0.00074889 0.00253816 0.00051535 -0.0107701 0.00720025 -0.00277315 -0.00178201 0.00189688 -0.00932921 -0.00365786 -0.0126733
internal_weight=32601.8 4904.25 27697.5 12369 15328.5 8613.28 2052.14 1829.82 2852.11 2608.79 13498.7 1851.66 3755.74 243.315
internal_count=168151 42454 125697 59669 66028 38882 21951 8443 20503 17322 57585 18384 20787 3181
is_linear=0
shrinkage=0.03


Tree=103
num_leaves=15
num_cat=0
split_feature=1 6 6 0 7 0 6 7 1 7 0 5 0 5
split_gain=89.7771 61.4682 78.606 62.0986 30.6952 22.8369 18.0613 15.0672 14.821 11.6426 9.06555 8.90194 8.43709 1.15788
threshold=1.3466660082386379 -0.005288168420757521 0.0060896989147298805 -0.0049834265342041375 0.094813598781161884 0.0094464768421306262 0.066047323932674665 0.0055869596153916524 2.625312181747907 0.17289589068860317 -0.0040358308070839169 -0.78236691818126736 -0.012659548797972984 -0.45904543116743446
decision_type=8 10 10 10 10 10 10 10 10 10 10 10 10 10
left_child=1 5 3 -3 8 7 -4 -1 11 10 -6 -2 -10 -7
right_child=4 2 6 -5 9 13 -8 -9 12 -11 -12 -13 -14 -15
leaf_value=-0.0032517811992909835 -0.0021686099200870952 0.0036067297274294196 1.0533823157656472e-05 -0.0044934437387918252 0.010108140011206076 0.0036586067448141661 0.0065871041016133478 0.0014522919302913471 0.012687461054133983 0.014298241028547369 0.0039247000905509666 0.0024407971167548174 0.0035831819674780898 0.010375739809246439
leaf_weight=641.573212582618 474.30336970835924 940.96805522218347 9830.2096199356019 7752.5252047143877 408.25415316969156 75.857235595583916 381.56874749064445 8919.4663161039352 168.72888023406267 248.51986321806908 582.29582533240318 1563.7932180911303 266.86006309092045 248.44151608645916
leaf_count=3241 2256 4237 46589 50040 1938 345 1738 42939 766 1094 2614 7555 1295 1130
internal_value=5.71109e-05 -0.000507717 -0.00151135 -0.00360667 0.00444279 0.00140521 0.000268345 0.0011273 0.00246034 0.00830116 0.00660872 0.00133346 0.00745004 0.00914045
internal_weight=32503.4 28790.6 18905.3 8693.49 3712.76 9885.34 10211.8 9561.04 2473.69 1239.07 990.55 2038.1 435.589 324.299
internal_count=167777 150259 102604 54277 17518 47655 48327 46180 11872 5646 4552 9811 2061 1475
is_linear=0
shrinkage=0.03


Tree=104
num_leaves=15
num_cat=0
split_feature=1 1 0 0 7 0 0 0 7 7 4 5 0 0
split_gain=88.0454 48.4874 34.0822 47.0496 29.6896 23.1606 21.6703 21.0819 14.7108 14.1375 13.7465 10.8168 10.0333 3.68815
threshold=1.3466660082386379 -0.86308447745060068 0.0028510857206830447 -0.0031582197877911829 0.051684935685727219 -0.01616312885097498 -0.006158752378700282 0.0089077890009516842 0.035375273189152075 0.17289589068860317 0.51312500000000016 1.3782580431390037 0.01097405567358223 -0.02089933306513236
decision_type=8 10 10 10 8 8 10 10 10 10 10 10 10 10
left_child=1 2 3 -1 10 -6 8 -8 -3 -7 11 -2 -4 -12
right_child=4 6 12 -5 5 9 7 -9 -10 -11 13 -13 -14 -15
leaf_value=0.0010108004824132383 0.0039530162938307654 -0.00030035837352782263 -3.7247972553848789e-06 -0.0060113774918606503 0.012214430143985612 0.0037317101452074342 -0.00083954571161077229 0.0018054512685291245 0.0033040732632280394 0.012476650074979089 0.0023855798441087912 -0.0059983437025720645 0.0068510498647568925 -0.0045414252475875598
leaf_weight=1127.982371609658 919.31934460997581 1563.4742277041078 1235.8688710480928 3381.0789904184639 503.08987424522638 1570.1700676679611 15209.069169506431 3281.1262635439634 2761.8798907399178 189.01776158064604 65.413290664553642 96.601361557841301 213.89191524684429 376.54758802801371
leaf_count=5163 4514 7078 5842 21244 2475 7251 83151 14394 12421 790 294 449 920 1773
internal_value=1.1406e-05 -0.000548728 -0.00295628 -0.00424309 0.00434982 0.00649873 7.84538e-05 -0.00036622 0.00198966 0.00477044 0.000952809 0.00289904 0.0010065 -0.00335333
internal_weight=32494.5 28774.4 5958.82 4509.06 3720.16 2262.28 22815.5 18490.2 4325.35 1759.19 1457.88 1015.92 1449.76 441.961
internal_count=167759 150213 33169 26407 17546 10516 117044 97545 19499 8041 7030 4963 6762 2067
is_linear=0
shrinkage=0.03


Tree=105
num_leaves=15
num_cat=0
split_feature=2 2 1 7 2 2 1 4 2 1 7 1 4 4
split_gain=246.102 76.7017 70.9351 51.7054 36.4978 34.0118 33.1158 32.5214 28.3119 24.8991 21.0526 20.1471 18.5341 14.6194
threshold=0.002393234486268788 0.0038080536024029036 -0.085319150817296033 0.042573250163869203 0.00155754180092554 0.0014092396667470914 1.1012185922268034 0.53437500000000016 0.0033663546919533052 -1.7017259802264992 0.081902334043703937 1.2010392010076487 0.36062500000000003 0.65812500000000007
decision_type=8 8 10 10 10 10 10 10 10 8 10 8 10 10
left_child=2 3 5 7 12 -1 9 -2 -5 -3 -8 -6 -4 -7
right_child=1 6 4 8 11 13 10 -9 -10 -11 -12 -13 -14 -15
leaf_value=-0.022652386623292685 -0.0010468357537913094 -0.0048622602021340744 0.0068444148298437788 -1.0266602332528328e-05 -0.0035599982558539942 -0.010143290458078023 0.0037553820107822807 -0.0058980074220984302 0.003737444477961933 0.0025046691298300579 0.011129246172843863 0.00219750611868666 -0.013445285219283364 -0.0014354779281049921
leaf_weight=190.46400620415807 4208.693510055542 414.31455163657665 35.131204530596733 5922.2407954931259 1729.2698415145278 1560.8483684249222 864.59554259479046 1784.8046982213855 2585.3268058001995 11235.271714121103 639.26781102269888 776.44502981007099 370.1325718164444 217.57561752945185
leaf_count=3483 20405 1742 403 28520 11942 15780 4038 8810 11019 47964 3111 4109 4604 2172
internal_value=2.89722e-05 0.00112743 -0.00617336 -0.000373719 -0.00315157 -0.0105722 0.00278596 -0.00250888 0.00112462 0.00223357 0.00698234 -0.00175043 -0.0114195 -0.00912549
internal_weight=32534.4 27654.5 4879.87 14501.1 2910.98 1968.89 13153.4 5993.5 8507.57 11649.6 1503.86 2505.71 405.264 1778.42
internal_count=168102 125609 42493 68754 21058 21435 56855 29215 39539 49706 7149 16051 5007 17952
is_linear=0
shrinkage=0.03


Tree=106
num_leaves=15
num_cat=0
split_feature=2 2 1 1 2 1 2 6 6 1 1 2 2 6
split_gain=252.122 81.0476 60.929 42.7574 42.4468 40.2382 33.4133 23.5843 20.4797 19.1147 18.1438 17.6034 16.2052 3.19153
threshold=0.0023358565281525515 0.0034190409572881493 0.46599959433634947 -0.72103091910316175 0.0013313840679558082 -0.56290049079137139 0.0070329963745686562 -0.0056292319832023088 -0.009141063269318293 2.2735583090594309 -0.44045240400068902 0.0026088958670837099 0.0017372338072111071 0.023944482651099722
decision_type=8 8 10 8 10 10 10 10 10 10 10 10 10 10
left_child=2 5 4 8 -1 11 -5 -7 -3 12 -6 -2 -4 -11
right_child=1 3 9 6 10 7 -8 -9 -10 13 -12 -13 -14 -15
leaf_value=-0.022082072268168291 -0.0087759859541593904 0.0031557595032712629 -0.0086467271416852381 0.0026543211121494181 -0.011319552589622018 0.0021908231593344911 0.0075860461132280996 -0.0011516243972390489 -0.0013745540367593129 0.0025928011928499019 -0.0058779719374174129 -0.0028131371648628285 -0.0015391464116292924 0.011068474041141961
leaf_weight=221.19250068813562 575.73752329498529 1212.211542904377 404.2010970339179 11092.633470281959 1059.6716977059841 2991.5750323235989 1406.8921641930938 5160.8535436689854 3362.9264434278011 194.01993261277676 1398.3938318416476 2222.1654542386532 1072.6428120657802 59.128693670034409
leaf_count=4022 4287 5069 4137 46940 11969 13318 7221 24585 14550 1149 12018 12126 6062 262
internal_value=-2.85131e-05 0.00101946 -0.00669019 0.00231197 -0.00952378 -0.000990734 0.00321983 6.87343e-05 -0.000156869 -0.00223777 -0.00828451 -0.00408839 -0.00356986 0.00514588
internal_weight=32434.2 28025 4409.25 17074.7 2679.26 10950.3 12499.5 8152.43 4575.14 1729.99 2458.07 2797.9 1476.84 253.149
internal_count=167715 128096 39619 73780 28009 54316 54161 37903 19619 11610 23987 16413 10199 1411
is_linear=0
shrinkage=0.03


Tree=107
num_leaves=15
num_cat=0
split_feature=2 2 7 7 2 2 6 6 0 5 7 2 0 2
split_gain=203.51 93.0571 50.4425 45.6625 29.6113 29.2972 28.3508 23.5302 20.8928 16.8264 12.3495 9.72202 4.88483 3.07156
threshold=0.0019877204066549993 0.0049402804779042639 0.025152661291094825 0.046146106744854441 0.0013313840679558082 0.0033790425544059106 -0.0059853809620538092 0.012100532655991538 -0.022131525567186557 -0.99057852624988774 0.10957987532263623 0.0019273428732258953 -0.0089843788974214838 0.0058481530767542445
decision_type=8 8 10 10 10 10 10 10 10 8 10 10 10 8
left_child=2 3 11 6 10 -5 -2 -6 13 -10 -4 12 -1 -3
right_child=1 8 4 5 7 -7 -8 -9 9 -11 -12 -13 -14 -15
leaf_value=-0.00053004750586107586 0.00041116013610824364 0.0042866332458248221 -0.017137618542823821 -0.00037413497781579468 -0.0058783289722899703 0.0025051763197559201 -0.0028110698412919691 0.0035351455879333374 -0.00046244901964297245 0.0039008992942339542 0 -0.0040481316150715978 -0.017345815261467386 0.0112823964947543
leaf_weight=24.206064350903034 3665.9673051759601 124.40488025546074 229.29277155920863 7042.3642433285713 955.53196365013719 5742.4239116460085 7250.7440568357706 301.62066949903965 910.07135182619095 5135.8891905099154 40.39963087067008 81.097569175064564 594.25773001089692 361.92144653946161
leaf_count=161 16997 660 3624 36317 9558 24084 37413 1872 3983 22572 470 684 7473 2198
internal_value=-7.01136e-05 0.000573793 -0.00880442 -0.00029803 -0.00562322 0.000915396 -0.00172413 -0.00356239 0.00374187 0.00323452 -0.0145443 -0.015486 -0.016802 0.00973615
internal_weight=32460.2 30233.8 2226.41 23701.5 1526.85 12784.8 10916.7 1257.15 6532.29 6045.96 269.692 699.561 618.464 486.326
internal_count=168066 144224 23842 114811 15524 60401 54410 11430 29413 26555 4094 8318 7634 2858
is_linear=0
shrinkage=0.03


Tree=108
num_leaves=15
num_cat=0
split_feature=2 1 2 1 7 2 1 7 6 1 2 2 6 6
split_gain=206.116 68.1216 66.7324 53.3728 37.5901 32.549 29.3765 27.3299 26.4373 21.5356 19.9801 19.8958 14.8767 10.7159
threshold=0.0023358565281525515 -0.056149561288726509 0.0039915687364262924 -0.91953518346047136 0.007978547701257336 0.001445588710339061 1.3466660082386379 0.1193005885243666 0.02518464759960715 -1.1157553471436126 0.01006235347145863 0.0027616538798669486 0.0099161561643983393 0.045492492248119916
decision_type=8 10 8 10 10 10 10 10 10 10 10 10 10 10
left_child=1 5 3 11 -5 -1 10 8 -3 -7 -4 -2 -8 -9
right_child=2 7 6 4 -6 9 12 13 -10 -11 -12 -13 -14 -15
leaf_value=-0.021771691866645865 -0.009803592770335252 -0.0051083085898435653 0.0019221750560814491 -0.004770917811393059 0.00090319339981988851 -0.016352811387462796 0.011054367331459704 0.0057896191119840134 0.0085418400337596116 -0.0070553920042610938 0.007657935547187935 -0.0029379930428943051 0.0028770382724726978 -0.0070159946574737155
leaf_weight=206.40345350652933 484.82061211764812 2035.1594305224717 10060.604616552591 1132.0344441309571 12900.184793457389 292.115837816149 540.49732507020235 377.64992257207632 124.19022599607706 1301.2199763506651 578.82217122614384 1946.7536065429449 365.89446784555912 56.674470767378807
leaf_count=3869 3545 16218 42787 5415 59018 3435 2805 2160 645 13214 2959 9938 1683 242
internal_value=3.01677e-06 -0.00602887 0.000953096 -0.000270011 0.000438096 -0.0105115 0.00270111 -0.00286692 -0.00425984 -0.00888873 0.00224675 -0.00436601 0.00788621 0.0038633
internal_weight=32403 4393.41 28009.6 16463.8 14032.2 1799.74 11545.8 2593.67 2159.35 1593.34 10639.4 2431.57 906.392 434.324
internal_count=167933 39783 128150 77916 64433 20518 50234 19265 16863 16649 45746 13483 4488 2402
is_linear=0
shrinkage=0.03


Tree=109
num_leaves=15
num_cat=0
split_feature=2 2 1 1 2 1 1 4 6 4 2 5 4 5
split_gain=208.796 94.3092 60.1279 44.3172 30.1042 29.4715 28.9078 27.7986 20.3239 17.0283 16.3156 11.6585 11.1372 3.7489
threshold=0.0019736335366390503 0.003552681884281731 -0.64125877388447217 0.019810588286327768 0.0026088958670837099 3.0063222569592827 1.7821885545188734 0.5056250000000001 0.025835208701407989 0.36187500000000006 0.0013313840679558082 1.1522222159097384 0.38562500000000005 0.076179108794584546
decision_type=8 8 10 10 10 10 10 10 10 10 10 10 10 8
left_child=3 2 4 10 -2 -4 7 -3 9 -5 -1 -8 -12 -10
right_child=1 6 5 8 -6 -7 11 -9 13 -11 12 -13 -14 -15
leaf_value=-0.023709415766021265 -0.0091367226054508179 0.002895272908502701 -0.00029953006960111453 0.0035595140058516804 -0.0027678570707475518 0.010023414224328602 0.0094949583682977321 0.00015558306403673744 0 -0.007862871803852256 -0.018602943048362273 -0.0012545089295192893 -0.0092550322466611167 0.010691606473953921
leaf_weight=150.08154494315386 961.30848520249128 9694.0807645991445 11141.426100283861 119.72306052967906 2337.4067288190126 244.51193404197693 638.07763029634953 5151.5333761647344 59.591749310493469 982.37036103382707 188.35283758118749 91.897310622036457 555.46255824714899 59.031807705760002
leaf_count=3003 8540 41878 55250 1061 12684 1036 3066 21919 312 9159 2546 413 6880 290
internal_value=-1.83413e-05 0.00061789 -0.00110387 -0.00911114 -0.004664 -6.39797e-05 0.00224468 0.00194936 -0.00524808 -0.00654723 -0.0142038 0.00806195 -0.0119171 0.00592608
internal_weight=32374.9 30260.2 14684.7 2114.61 3298.72 11385.9 15575.6 14845.6 1220.72 1102.09 893.897 729.975 743.815 118.624
internal_count=168037 144786 77510 23251 21224 56286 67276 63797 10822 10220 12429 3479 9426 602
is_linear=0
shrinkage=0.03


Tree=110
num_leaves=15
num_cat=0
split_feature=7 6 6 0 0 0 6 0 4 4 6 0 4 4
split_gain=75.7244 44.7991 71.3193 32.485 55.1456 32.0173 31.3757 28.5178 22.0967 20.4116 16.9519 13.3046 10.4472 10.1562
threshold=0.046146106744854441 -0.0040186922002201078 0.0060896989147298805 -0.0040358308070839169 0.0015124027059009173 -0.0036224577769889961 -0.0051277273759966482 -0.0023102789844967049 0.67687500000000012 0.48187500000000005 -0.068807594727604546 0.0081743192531785764 0.6881250000000001 0.37062500000000004
decision_type=8 10 10 8 10 10 8 10 10 10 8 10 10 8
left_child=1 9 7 10 6 -4 -5 -3 -6 11 -2 -1 -11 -12
right_child=3 2 5 4 8 -7 -8 -9 -10 12 13 -13 -14 -15
leaf_value=0.0015180342353401262 0.010245896401952961 -0.001174512243244229 0.0070666568725477408 0.0013613246130355487 0.0025758724316065659 -0.0013392340732534883 -0.0035669940265032393 -0.0072659878070038923 -0.0035853114930513024 -0.0023736036833474751 0.0078165012884637234 0.011005118753056528 0.0035609184600449073 0.0024130371462535356
leaf_weight=3165.0617183633149 302.10578631609678 920.66784401610494 434.54540383070707 1720.1996110975742 6879.157435271889 4782.8592687509954 3460.9861101955175 3174.098250631243 550.57617630064487 2183.1884316802025 347.33533927425742 132.12744823098183 287.69053245335817 3939.5336272753775
leaf_count=16337 1687 4958 1952 8805 32455 23270 20873 22661 2620 10582 1671 607 1397 17748
internal_value=-0.000117569 -0.00167047 -0.00295704 0.00124065 0.00044768 -0.00061547 -0.00191972 -0.00591719 0.00210703 0.000397758 0.00340104 0.00194848 -0.00164688 0.00288198
internal_weight=32280.1 15080.2 9312.17 17199.9 12610.9 5217.4 5181.19 4094.77 7429.73 5768.07 4588.97 3297.19 2470.88 4286.87
internal_count=167623 81764 52841 85859 64753 25222 29678 27619 35075 28923 21106 16944 11979 19419
is_linear=0
shrinkage=0.03


Tree=111
num_leaves=15
num_cat=0
split_feature=1 6 6 0 4 4 1 0 5 4 0 0 5 5
split_gain=67.8308 53.5126 60.1032 60.7684 21.915 21.8533 21.6409 16.0127 13.3021 11.428 7.63081 5.3257 3.2925 2.9429
threshold=1.7821885545188734 -0.0049679311447068377 0.0060896989147298805 -0.004610523665389831 0.47312500000000007 0.71437500000000009 3.0063222569592827 0.01097405567358223 -1.5283810123781432 0.51562500000000011 -0.013675986149512763 0.018387226209576338 1.0083954554713952 -0.79583539041855311
decision_type=8 10 10 10 10 8 10 10 8 10 8 10 10 10
left_child=1 4 3 -3 8 -4 9 -6 -1 10 -2 -11 13 -8
right_child=6 2 5 -5 7 -7 12 -9 -10 11 -12 -13 -14 -15
leaf_value=-0.0030159411532297517 0.0095167380267575548 0.0034098768169137854 0.00041881322590254052 -0.0040920926548409578 -0.00025820715578029957 -0.0092483516180862733 0.0068690664721122721 0.011893006879991386 0.0030732144982801189 -0.0013056522724195895 0.0036775382164918337 0.005680705154701279 0.003178114354958364 0.014871291621961481
leaf_weight=326.70456281304359 296.40029944479465 1098.644720222801 10583.372168593109 7549.503996592015 5085.1758648380637 204.42767239362001 127.61908891797066 89.493906483054161 5159.7546553984284 467.95345110446215 878.03197260200977 113.29556685686111 67.612327143549919 229.86671344935894
leaf_count=1662 1471 5006 50184 49533 23986 922 592 411 25694 2151 4237 488 303 1082
internal_value=4.01643e-05 -0.000328838 -0.00126712 -0.00312929 0.00137567 0.000221669 0.00513843 -1.39506e-05 0.00269488 0.00357826 0.00526978 2.76783e-05 0.0112138 0.0124425
internal_weight=32277.9 30097.1 19435.9 8648.15 10661.1 10787.8 2180.78 5174.67 5486.46 1755.68 1174.43 581.249 425.098 357.486
internal_count=167722 157398 105645 54539 51753 51106 10324 24397 27356 8347 5708 2639 1977 1674
is_linear=0
shrinkage=0.03


Tree=112
num_leaves=15
num_cat=0
split_feature=2 1 2 2 7 7 1 4 1 4 1 2 5 7
split_gain=189.765 85.4283 51.7603 42.1325 38.0168 31.1978 29.4396 23.7836 23.711 21.6392 19.2122 16.2823 13.5876 9.65743
threshold=0.0026932655064740569 -0.64125877388447217 0.0016585640722040918 0.0053927673544491841 0.02856738364090957 0.083366694868768978 -0.77468910754255649 0.5368750000000001 1.7338962950319667 0.71437500000000009 1.1012185922268034 0.001907142958340269 -1.1140778447592252 0.050283712081566012
decision_type=8 10 10 8 10 10 10 10 10 10 10 10 8 10
left_child=1 7 8 4 6 -4 -2 11 -3 -6 12 -1 -5 -9
right_child=3 2 5 10 9 -7 -8 13 -10 -11 -12 -13 -14 -15
leaf_value=-0.019573456566286854 -0.0046551425131929206 -0.01196147624656479 -0.0029177626803957679 -0.00093643707012768364 0.001827058159477179 0.0020796554419813319 4.441295293422029e-05 -0.0077315036774580305 0.0023402514137977714 -0.0050606584495013207 0.0094103533867051069 -0.010330329037774724 0.0038015851214032352 0.0012148108073627205
leaf_weight=272.8024396263063 1643.9722347408533 643.78234477713704 3628.3755013793707 603.40016190707684 13337.111581549048 1604.8090428709984 4277.4532282054424 249.55525188520551 112.61489033699036 409.7826654613018 499.84541890025139 788.41518802940845 4014.2079646736383 165.05906556546688
leaf_count=4388 7878 8951 23503 2715 58245 8841 18592 2432 907 1792 2820 6972 18067 1521
internal_value=0.000117354 -0.00407045 -0.00245532 0.00138226 0.000746635 -0.00137277 -0.00125586 -0.0105243 -0.00975115 0.00161385 0.00380731 -0.012923 0.0031688 -0.00408391
internal_weight=32251.2 7465.41 5989.58 24785.8 19668.3 5233.18 5921.43 1475.83 756.397 13746.9 5117.45 1061.22 4617.61 414.614
internal_count=167624 57515 42202 110109 86507 32344 26470 15313 9858 60037 23602 11360 20782 3953
is_linear=0
shrinkage=0.03


Tree=113
num_leaves=15
num_cat=0
split_feature=1 6 0 0 7 0 6 1 6 0 5 6 0 7
split_gain=70.1579 54.0965 49.9626 101.898 29.5879 15.3427 15.8032 14.4729 10.7063 9.95251 8.49103 5.11659 2.6565 1.96634
threshold=1.3466660082386379 -0.0049679311447068377 -0.0039258010509891075 0.0015124027059009173 0.10529302620677816 0.0089077890009516842 -0.035583515385673607 2.7922668467689333 -0.026449257536636846 -0.012199706618455762 -1.0074351888170801 0.066047323932674665 -0.033677212258606808 0.092180867337696967
decision_type=8 10 10 10 8 10 10 8 10 10 10 8 10 10
left_child=1 5 9 -4 7 6 -1 10 -9 -3 -2 12 -6 -7
right_child=4 2 3 -5 11 13 -8 8 -10 -11 -12 -13 -14 -15
leaf_value=0.0037268674114029543 -0.002991256179388592 0.0084825695949162973 -0.0049130926631672156 -8.3142950001191643e-05 0.014814987519108862 0.0052054255646263306 0.00047669726934136041 0.015513171376255986 0.0039295694576515208 0.0020660935821002523 0.0019287863161912752 0.0014006040762712529 0.0079073284672929595 0.011706851271333786
leaf_weight=1622.7248848304152 364.64682024717331 250.61565379798412 6567.5210160277784 9836.2460866943002 86.844817727804184 262.17526504397392 8097.9127542115748 100.40212553739548 306.83106193691492 1812.7279936335981 1814.5505885481834 120.6516904681921 898.42373833060265 92.212310433387756
leaf_count=7477 1728 1152 43003 48653 493 1204 39878 475 1458 8343 8792 553 4043 414
internal_value=1.31786e-06 -0.000500651 -0.00146657 -0.00202236 0.00388865 0.00126359 0.00102871 0.00208602 0.00723264 0.00291154 0.0010682 0.00799425 0.00871921 0.00733662
internal_weight=32234.5 28542.1 18467.1 16403.8 3692.35 10075 9720.64 2586.43 407.233 2063.34 2179.2 1105.92 985.269 354.388
internal_count=167666 150124 101151 91656 17542 48973 47355 12453 1933 9495 10520 5089 4536 1618
is_linear=0
shrinkage=0.03


Tree=114
num_leaves=15
num_cat=0
split_feature=2 2 7 7 1 1 2 4 2 1 2 1 4 2
split_gain=166.396 69.3961 68.4909 46.3084 39.749 37.2152 36.4891 35.3674 26.2304 20.9634 16.5883 16.5258 12.1787 8.51003
threshold=0.0021062118175967973 0.0032543807002979523 0.027803485500775355 0.15535315416955706 -0.73181136835468374 0.98821406175250937 0.0065673277622668074 0.35062500000000002 0.0012970047784985046 -0.38512122640182139 0.0018206385875575389 -1.7017259802264992 0.49062500000000003 0.0018894389554005039
decision_type=8 8 10 8 8 10 10 10 10 10 10 10 10 10
left_child=2 3 9 5 11 -2 -6 10 -9 -1 -4 -3 -5 -11
right_child=1 4 7 12 6 -7 -8 8 -10 13 -12 -13 -14 -15
leaf_value=-0.019350097222254382 -0.0026134004640318452 -0.005391100848731842 0.0022220946783046642 0.001715474078518833 0.0020184740709953742 0.0020640191956607158 0.0065254822882296459 -0.014009669095916803 -0.0029354788433056415 -0.012535338354429503 0.026837463954812138 0.00011311804457440463 0.010526362617941067 -0.0047904629222003999
leaf_weight=347.73191263899207 8029.7703422158957 539.9073995500803 71.585265517234802 279.25789199769497 12128.387275338173 1868.6448346525431 1880.353485584259 218.42207243293524 1500.3938890062273 380.32734414935112 35.599930375814438 4409.8668838739395 333.35089211165905 265.39213018119335
leaf_count=4954 45520 2382 772 1236 51371 8248 9494 3492 13363 4390 215 19247 1438 1925
internal_value=6.14775e-05 0.000730294 -0.00688581 -0.00122071 0.00181521 -0.00172314 0.00263194 -0.00335989 -0.00445036 -0.0132087 0.0125022 -0.000484828 0.00669835 -0.00956528
internal_weight=32289 29469.5 2819.45 10511 18958.5 9898.42 14008.7 1826 1718.82 993.451 107.185 4949.77 612.609 645.719
internal_count=168047 138936 29111 56442 82494 53768 60865 17842 16855 11269 987 21629 2674 6315
is_linear=0
shrinkage=0.03


Tree=115
num_leaves=15
num_cat=0
split_feature=2 2 1 1 1 2 2 0 4 1 1 4 4 4
split_gain=159.1 69.0357 55.4472 43.7005 38.794 36.2171 31.8504 21.9316 21.1393 16.2511 16.1891 10.7492 8.27119 9.64154
threshold=0.0021062118175967973 0.0032794510662527919 -0.44952336009472177 -1.231928932170204 1.7821885545188734 0.0071915022378682041 0.0013313840679558082 0.0025028687437168577 0.35312500000000008 1.7338962950319667 -0.26497564792983674 0.52187500000000009 0.37937500000000007 0.39687500000000003
decision_type=8 8 10 8 10 10 10 10 10 10 10 10 10 10
left_child=2 4 12 7 10 -5 9 -3 -8 -4 -2 -6 -1 -14
right_child=1 3 6 5 11 -7 8 -9 -10 -11 -12 -13 13 -15
leaf_value=-0.021146934140878499 -0.0032779627749064903 -0.0046394731442160652 -0.016807239974177886 0.0018081826780083424 0.0074460797758074421 0.0065007311828376626 0.0084288383106904761 0.0023454845405507119 -0.0036683199314981574 0.0012794545959429599 -0.00077230438529057508 0.00026313547346212525 -0.0016484718995139023 -0.013421305242123368
leaf_weight=148.3325914517045 3869.2378316521645 1320.324614867568 229.54359372705221 15165.277406424284 532.02717798948288 1648.3684535846114 128.63926792517304 561.26542742550373 1704.4250880330801 45.917800664901733 6011.0876828208566 315.06508691608906 89.340411782264709 467.10320563986897
leaf_count=2267 24539 5847 3774 64672 2263 8372 1006 2396 14005 423 29308 1350 1241 6457
internal_value=3.20413e-05 0.000686434 -0.0067688 0.00178817 -0.00122791 0.00227539 -0.00425532 -0.0025228 -0.00274569 -0.0136429 -0.00176193 0.00487872 -0.0140399 -0.0116995
internal_weight=32236 29422.7 2813.3 18695.2 10727.4 16813.6 2108.53 1881.59 1833.06 275.461 9880.33 847.092 704.776 556.444
internal_count=167920 138747 29173 81287 57460 73044 19208 8243 15011 4197 53847 3613 9965 7698
is_linear=0
shrinkage=0.03


Tree=116
num_leaves=15
num_cat=0
split_feature=2 2 1 2 4 1 4 4 1 1 1 1 4 2
split_gain=145.206 75.1853 56.7153 35.8384 27.1037 25.3216 23.8391 21.9066 19.8977 18.1777 15.3904 12.3162 11.2738 7.63251
threshold=0.0028607738135652005 0.0015933974398020996 -0.77468910754255649 0.0053927673544491841 0.50312500000000016 0.81197372467804974 0.50812500000000005 0.39312500000000006 1.1012185922268034 1.7821885545188734 -1.7017259802264992 -1.270635522630809 0.36062500000000003 0.0071915022378682041
decision_type=8 10 10 10 10 10 10 8 10 10 10 10 10 10
left_child=1 9 4 6 -3 -4 7 -2 11 12 -8 -5 -1 -10
right_child=3 2 5 8 -6 -7 10 -9 13 -11 -12 -13 -14 -15
leaf_value=-0.00023734661258675746 -0.0012213346347953733 -0.011447980224404651 -0.0026085549365380987 -0.0012082164233567388 -0.0021363258182058283 0.0012725642877562428 -0.0089583043818913365 0.0020962556942040167 0.0056184430442258113 3.7035870935816752e-05 -0.00054461349470650362 0.0033768045331095619 -0.015278811073624944 0.014086263883787359
leaf_weight=57.538554642349482 2213.066114127636 832.31780450791121 4785.2085117734969 583.1648330539465 456.8577735312283 2179.4827300906181 192.85683064162731 8860.5906712114811 312.11417347192764 83.966142259538174 6925.7780881077051 3904.629546880722 600.08198214322329 186.48231828957796
leaf_count=883 9615 7687 31867 2414 3904 10845 918 38563 1643 717 30086 17809 9706 1197
internal_value=-7.61644e-05 -0.00331093 -0.0024713 0.00117752 -0.00823614 -0.00138534 0.000555169 0.00142732 0.00343043 -0.0124189 -0.000793219 0.0027663 -0.0140759 0.00911819
internal_weight=32174.1 8995.45 8253.87 23178.7 1289.18 6964.69 18192.3 11073.7 4986.39 741.587 7118.63 4487.79 657.621 498.596
internal_count=167854 65609 54303 102245 11591 42712 79182 48178 23063 11306 31004 20223 10589 2840
is_linear=0
shrinkage=0.03


Tree=117
num_leaves=15
num_cat=0
split_feature=2 2 7 7 1 2 1 2 2 1 4 6 2 1
split_gain=140.477 73.1303 47.8105 43.5158 33.7127 30.8701 28.4209 27.2633 23.8378 15.9386 13.5809 11.1083 5.9233 3.96357
threshold=0.0019736335366390503 0.0032794510662527919 0.15535315416955706 0.027803485500775355 -0.56290049079137139 0.01006235347145863 -1.4268424186073871 0.0012970047784985046 0.0019273428732258953 2.0276821110566989 0.42562500000000009 0.021733039676491653 0.0019273428732258953 -1.1471024265438847
decision_type=8 8 10 10 10 10 8 10 10 10 10 10 10 10
left_child=3 2 4 9 -2 6 -3 10 -9 12 -5 -4 -1 -7
right_child=1 5 11 7 -6 13 -8 8 -10 -11 -12 -13 -14 -15
leaf_value=-0.015578135404284387 -0.0046992589581777416 -0.0030768064683911371 0.0093920136827103495 -0.0038364301540627158 -0.00081199724317729434 0.00032485745265483707 0.001818958643728947 -0.00025919659229250248 -0.011694797502499037 0.00405166397986242 -0.020245317700673667 0.0011419203120749588 -0.0030418769755608905 0.0091181292552184427
leaf_weight=603.1679158359766 2691.5437577441335 1121.5654297471046 414.54362918436527 93.74623566120863 8064.4228808730841 66.63981369137764 16894.304152391851 952.21894605457783 191.39415932446718 34.201564379036427 122.03750536963344 256.73776805400848 54.623768590390682 554.24722847342491
leaf_count=8115 18795 4919 1874 1450 41610 296 72845 9354 1465 256 2111 1063 505 3030
internal_value=6.1986e-05 0.000583117 -0.00130274 -0.00751208 -0.00179377 0.00174274 0.00150931 -0.00427621 -0.00230985 -0.0136319 -0.0138679 0.00638783 -0.0146881 0.00828956
internal_weight=32115.4 30064 11427.2 2051.39 10756 18636.8 18015.9 1359.4 1143.61 691.993 215.784 671.281 657.792 620.887
internal_count=167688 144432 63342 23256 60405 81090 77764 14380 10819 8876 3561 2937 8620 3326
is_linear=0
shrinkage=0.03


Tree=118
num_leaves=14
num_cat=0
split_feature=2 2 7 7 1 7 1 1 2 1 5 2 7
split_gain=129.891 54.3835 50.501 45.7219 41.3809 34.9521 34.9248 27.9453 23.2269 13.8786 11.4587 6.99895 6.78811
threshold=0.0019736335366390503 0.005442031007640939 0.02856738364090957 0.027007747851211687 1.5198098575172285 0.17919347307664726 -0.77468910754255649 1.1012185922268034 0.0015933974398020996 1.8385319234672457 -0.99057852624988774 0.0019273428732258953 0.061763097590317069
decision_type=8 8 10 10 8 10 10 10 10 10 10 10 10
left_child=3 2 6 9 -4 8 -2 10 -5 11 -3 -1 -9
right_child=1 7 4 5 -6 -7 -8 12 -10 -11 -12 -13 -14
leaf_value=-0.015931246621043185 -0.0056537819625347065 -0.00092156858048147462 0.00023636839297864714 -0.010474933778250827 0.0050505989003064465 0.02065726311526718 -0.00098056753648617721 0.005753907625257567 -0.0020786152281287431 0.0013022874200539034 0.0031811992538965154 -0.0023447209513444318 0.013896275895058312
leaf_weight=570.87968726828694 1949.0780623331666 702.04371802508831 15762.791669920087 461.65535163506866 1784.1507402211428 38.757667183876038 5622.5621285364032 241.09827764332294 883.02456964924932 42.145020641386509 3741.6896895170212 51.480452366173267 239.73937101662159
leaf_count=7853 10726 3181 75929 6893 7713 205 27066 1349 7562 319 16953 478 1426
internal_value=-8.33511e-05 0.000414078 -0.000149216 -0.0073763 0.000731889 -0.00415491 -0.00219732 0.00329389 -0.00506157 -0.0138329 0.00251894 -0.0149571 0.0101362
internal_weight=32091.1 30043.2 25118.6 2047.94 17546.9 1383.44 7571.64 4924.57 1344.68 664.505 4443.73 622.36 480.838
internal_count=167653 144343 121434 23310 83642 14660 37792 22909 14455 8650 20134 8331 2775
is_linear=0
shrinkage=0.03


Tree=119
num_leaves=15
num_cat=0
split_feature=1 6 0 0 7 7 4 0 1 7 0 0 6 4
split_gain=61.7594 42.3372 42.6364 76.5895 40.2728 37.6538 29.8075 14.2077 13.6671 13.1755 7.5995 6.21899 5.55774 12.6945
threshold=0.98821406175250937 -0.0054554791429826102 0.0015124027059009173 -0.0036224577769889961 0.10529302620677816 0.027412014305882505 0.49437500000000006 -0.014823901634883506 3.0063222569592827 0.0025935389726033649 0.012453430536371603 -0.0027461586560745261 0.033530469335014253 0.44062500000000004
decision_type=8 10 10 10 10 10 10 8 10 10 10 10 10 10
left_child=1 9 3 -3 6 -4 7 -2 -8 11 -11 -1 13 -6
right_child=4 2 5 -5 12 -7 8 -9 -10 10 -12 -13 -14 -15
leaf_value=-0.0091094571592074871 0.0077378123072978193 0.0018144451509396837 -0.0029743142018734581 -0.0047172464431339258 0.0032281296237710931 0.0012014230178965938 -0.0031250215857871748 0.0020199256108714733 0.0071672790771606541 0.0010994967175137643 0.0076682406887002086 0 0.0034968222937609224 0.010377974386128959
leaf_weight=153.09642386436462 492.25851508975029 2151.3618964850903 2798.1907883472741 6290.5960479788482 373.45343416184187 6295.8963299877942 1314.4711348973215 2098.4885673075914 114.81142342835665 8549.3035353571177 155.41354675590992 129.95674470067024 392.69937668740749 751.56303283572197
leaf_count=726 2451 10065 14409 41969 1822 30919 6191 10488 519 41434 741 712 1706 3410
internal_value=-4.83769e-05 -0.000652071 -0.00151123 -0.00304542 0.00282825 -7.86891e-05 0.00123099 0.00315501 -0.00221252 0.00101739 0.00123232 -0.00520422 0.00698395 0.00810677
internal_weight=32061.6 26523.8 17536 8441.96 5537.75 9094.09 4020.03 2590.75 1429.28 8987.77 8704.72 283.053 1517.72 1125.02
internal_count=167562 140975 97362 52034 26587 45328 19649 12939 6710 43613 42175 1438 6938 5232
is_linear=0
shrinkage=0.03


Tree=120
num_leaves=15
num_cat=0
split_feature=1 7 6 6 4 4 0 6 4 6 4 1 0 1
split_gain=65.5814 45.9083 33.1878 40.3737 37.8756 29.9522 24.2135 19.2336 17.9952 14.0203 13.6016 12.2557 11.8594 9.61525
threshold=0.34074117143220889 0.10529302620677816 -0.0040186922002201078 0.0047913447927507855 0.39312500000000006 0.58062500000000006 0.0036424995948954879 -0.029977913567287292 0.67562500000000014 0.038604001413766305 0.6881250000000001 1.7821885545188734 0.03697891092662809 0.92693968043928276
decision_type=8 8 10 10 8 10 10 10 10 10 8 10 10 10
left_child=2 5 6 4 -4 12 10 -7 11 -5 -1 -3 -2 -10
right_child=1 8 3 9 -6 7 -8 -9 13 -11 -12 -13 -14 -15
leaf_value=-0.00042446962405489654 0.0014302829532992823 0.0046764184807697859 -0.0096284475871483925 -0.00098444652531175431 -0.0027869888430192735 0.0047665731660772341 0.0051467201612133608 -0.0040241612084609647 -0.008823354752263082 0.0030285481999170771 0.0051056910065021728 0.0098981166895162967 0.01048251033720194 0.0025210754773160441
leaf_weight=6390.2934663332999 6392.9710565768182 2035.9086487516761 869.97258576005697 6870.3931133560836 4699.0813001953065 247.62261544913054 894.37092000246048 1530.1858915500343 108.26925224810839 869.47072550654411 416.64508478343487 554.8642443716526 125.77447378635406 136.32915652543306
leaf_count=32384 32081 9347 6880 34334 30267 1151 3999 7430 468 3856 1998 2570 638 581
internal_value=-3.90432e-05 0.00181973 -0.00102714 -0.0019346 -0.00388183 0.000682755 0.000533779 -0.00274637 0.00511146 -0.000522572 -7.01799e-05 0.00585157 0.00162992 -0.00241409
internal_weight=32142.2 11131.9 21010.2 13308.9 5569.05 8296.55 7701.31 1777.81 2835.37 7739.86 6806.94 2590.77 6518.75 244.598
internal_count=167984 54266 113718 75337 37147 41300 38381 8581 12966 38190 34382 11917 32719 1049
is_linear=0
shrinkage=0.03


Tree=121
num_leaves=15
num_cat=0
split_feature=2 2 7 7 1 1 4 2 2 1 4 2 1 2
split_gain=131.466 59.6185 50.9998 44.4167 38.6478 25.1926 23.4916 21.7223 21.5742 12.7809 12.6804 10.0562 6.60311 3.93657
threshold=0.0019877204066549993 0.0032794510662527919 0.025152661291094825 0.15535315416955706 -0.64125877388447217 -1.7017259802264992 0.36062500000000003 0.0060445863019311158 0.0012970047784985046 -0.38512122640182139 0.48312500000000008 0.0043497958137187591 -0.0097538349278845585 0.0019273428732258953
decision_type=8 8 10 10 10 8 10 10 10 10 10 10 10 10
left_child=2 3 9 4 -2 11 12 -7 -8 -1 -5 -3 -4 -11
right_child=1 5 6 10 -6 7 8 -9 -10 13 -12 -13 -14 -15
leaf_value=-0.020405829414333727 -0.0050342199596673676 -0.00946513399851911 -0.0013074776868193076 0.0014976313028825521 -0.00068099461676459337 0.0012431742162977157 -0.014238544337952899 0.00385350003522556 -0.0035293059324403462 -0.011519402547150203 0.0099898042005589788 -0.00088789896711229262 0.01112200607078505 -0.0011915933111606178
leaf_weight=224.40387443453074 2365.4718981310725 226.65223033726215 44.357250154018402 315.68806759268045 8299.6280929148197 14516.677869737148 200.18376871943474 3620.9762159138918 1119.2294637486339 361.65141300484538 361.73073510825634 297.54255719482899 98.38435423374176 53.764958791434765
leaf_count=3670 16711 1089 637 1391 43073 61757 3430 17244 10618 4248 1563 1222 798 394
internal_value=2.42197e-05 0.000535143 -0.00720847 -0.0011765 -0.00165595 0.00157875 -0.00401026 0.00176944 -0.00529415 -0.0142507 0.00619895 -0.00481662 0.00703397 -0.0103832
internal_weight=32106.3 30004.4 2101.98 11342.5 10665.1 18661.8 1462.15 18137.7 1319.41 639.82 677.419 524.195 142.742 415.416
internal_count=167845 144050 23795 62738 59784 81312 15483 79001 14048 8312 2954 2311 1435 4642
is_linear=0
shrinkage=0.03


Tree=122
num_leaves=15
num_cat=0
split_feature=2 2 1 1 2 1 4 4 4 4 2 2 4 2
split_gain=127.336 60.5151 43.3297 30.8575 28.3913 25.7356 33.0521 23.4995 22.7385 18.1759 14.7656 13.9416 13.1085 6.21546
threshold=0.0019736335366390503 0.0038080536024029036 -0.44952336009472177 1.150230307323705 0.0013313840679558082 -0.91953518346047136 0.61062500000000008 0.58062500000000006 0.33562500000000006 0.65812500000000007 0.0011258670578612672 0.0065673277622668074 0.36312500000000009 0.001719074333767883
decision_type=8 8 10 10 10 10 10 10 8 10 10 10 10 10
left_child=2 5 9 8 10 6 -2 -7 -3 -1 -4 -5 -6 -11
right_child=1 3 4 11 12 7 -8 -9 -10 13 -12 -13 -14 -15
leaf_value=-0.017246054123597868 -0.0052911259618250326 -0.0048474501496659139 -0.0045747214646543362 0.0047006121662025238 0.0051898814150853423 0.00048144768384086731 0.0037618641950587792 -0.0022091231617781294 0.0017581778645295132 0.0088175379430960963 -0.020056337157600891 0.012904893830215211 -0.0039445984039090517 -0.0088405398102154552
leaf_weight=422.72064133733511 1943.1471330672503 475.58807900547981 118.15433814004064 1131.9935380667448 147.34415582567453 10684.196801237762 430.23153042793274 4001.987851023674 11201.883949548006 30.741880547255278 141.93412173911929 237.17012248188257 1131.6696102544665 21.16101036593318
leaf_count=6945 12427 2058 1881 5174 1287 53002 2707 19935 48101 489 2301 1511 10115 270
internal_value=-3.65841e-05 0.000451048 -0.00732278 0.00198952 -0.00476427 -0.000722487 -0.00361598 -0.000248655 0.0014801 -0.0152262 -0.0136752 0.00624855 -0.00281365 0.000383874
internal_weight=32119.9 30106.2 2013.73 13046.6 1539.1 17059.6 2373.38 14686.2 11677.5 474.624 260.088 1369.16 1279.01 51.9029
internal_count=168203 144915 23288 56844 15584 88071 15134 72937 50159 7704 4182 6685 11402 759
is_linear=0
shrinkage=0.03


Tree=123
num_leaves=15
num_cat=0
split_feature=6 6 0 0 4 6 4 0 7 4 4 4 4 4
split_gain=54.5072 49.6945 43.3942 52.186 24.1975 17.047 13.7343 12.8883 8.25369 8.03665 7.0021 14.4874 6.1237 5.41477
threshold=-0.0054554791429826102 0.024591279000317105 -0.0052425829219914779 0.0025712019759165376 0.67687500000000012 -0.034279340225711323 0.55062500000000014 0.0065866185440964795 0.0032477245262888255 0.52687500000000009 0.47437500000000005 0.58062500000000006 0.42187500000000006 0.40687500000000004
decision_type=8 10 8 10 10 10 8 10 8 8 10 10 10 8
left_child=5 2 9 -4 6 10 -3 8 -7 -2 13 -12 -9 -1
right_child=1 4 3 -5 -6 7 -8 12 -10 -11 11 -13 -14 -15
leaf_value=0.0024440086039787265 0.0046119975801131577 0.0014725406101863375 -0.0037372901202221234 -0.0001517129850042418 -0.006734108019836235 -0.0037168257606129971 0.0055523430711272746 0 0.00096989975872959541 -4.6933156522445585e-05 -0.0014481798933843079 0.005375144581454867 0.007631429608610879 0.0068854854726103755
leaf_weight=437.75819892436266 1040.0158820040524 3103.0920927301049 8359.8831089362502 6548.3196789212525 260.0479104667902 338.77125266939402 1002.9104258567095 124.47238261252642 8011.7760597616434 450.9028752297163 523.46311589330435 560.39902959018946 369.50988890230656 853.05286542326212
leaf_count=2213 4683 13803 55131 32080 1110 1747 4390 558 39157 1992 2370 2536 1623 4182
internal_value=-5.59677e-06 -0.000917681 -0.00167679 -0.00216753 0.00191717 0.00167651 0.0024947 0.00105885 0.00076837 0.00317208 0.00393777 0.00204178 0.00573755 0.00545572
internal_weight=31984.4 20765.2 16399.1 14908.2 4366.05 11219.2 4106 8844.53 8350.55 1490.92 2374.67 1083.86 493.982 1290.81
internal_count=167575 113189 93886 87211 19303 54386 18193 43085 40904 6675 11301 4906 2181 6395
is_linear=0
shrinkage=0.03


Tree=124
num_leaves=15
num_cat=0
split_feature=2 2 6 6 0 6 6 2 7 6 2 0 2 0
split_gain=122.004 47.7543 36.9572 31.6958 25.0045 19.9174 28.7201 16.077 13.0827 11.8283 10.3433 9.09163 6.24644 3.91099
threshold=0.0023358565281525515 0.0013313840679558082 -0.009374010626151728 0.066047323932674665 -0.012659548797972984 0.010441147804512775 -0.0049679311447068377 0.002230157151037354 0.10957987532263623 -0.068807594727604546 0.0028756279559095919 0.002922206856630805 0.003391060834323664 -0.0019755700593828691
decision_type=8 10 8 10 8 10 10 10 10 10 8 10 8 10
left_child=1 8 9 4 -4 6 -3 -7 11 13 -11 -1 -5 -2
right_child=2 5 3 12 -6 7 -8 -9 -10 10 -12 -13 -14 -15
leaf_value=-0.019773528096055894 0.0080414583341707913 -0.00094504855155529317 0.0072441695186501289 0 -0.00035685816096174512 0.0025329236423901414 -0.0070623916536748611 -0.0078998956064256654 0 -0.00042553149953781198 0.0025786863866448604 -0.0024245298613227917 0.0084390316487382173 0
leaf_weight=252.78060489520431 412.687614351511 1108.3725233860314 387.38765877485275 92.72041717171669 18660.987723208964 646.3164244890213 1954.2053878940642 156.04478841274977 37.598594233393669 1181.6403837874532 6542.4122249186039 42.761783238500357 459.29247295856476 57.505771487951279
leaf_count=5010 2369 8363 1783 378 86890 4101 20374 916 469 5696 28371 521 2197 289
internal_value=0 -0.00476182 0.000719292 8.5954e-06 -0.000195408 -0.00377767 -0.00487828 0.0003578 -0.0155618 0.00240986 0.00211138 -0.0176212 0.00703313 0.00704208
internal_weight=31992.7 4198.08 27794.6 19600.4 19048.4 3864.94 3062.58 802.361 333.141 8194.25 7724.05 295.542 552.013 470.193
internal_count=167727 39754 127973 91248 88673 33754 28737 5017 6000 36725 34067 5531 2575 2658
is_linear=0
shrinkage=0.03


Tree=125
num_leaves=15
num_cat=0
split_feature=2 2 1 1 4 6 1 4 3 2 1 2 2 4
split_gain=117.408 48.5101 35.4785 32.3254 34.7049 21.8609 21.3987 21.3217 19.598 15.1391 12.6552 9.86545 5.49894 0.490484
threshold=0.0019877204066549993 0.0033663546919533052 0.039036019736963259 0.66601876049380038 0.57937500000000008 0.025835208701407989 1.7821885545188734 0.74187500000000017 0.27924558001127547 0.0013313840679558082 1.7338962950319667 0.0060445863019311158 0.0015339518385634133 0.36812500000000009
decision_type=8 8 10 10 10 10 10 10 10 10 10 10 10 10
left_child=2 3 9 7 -5 10 8 -2 -3 13 -4 -8 -11 -1
right_child=1 6 5 4 -6 -7 11 -9 -10 12 -12 -13 -14 -15
leaf_value=-0.0062593540871084654 -0.00211068677443916 0.0021485507518917745 -0.0065034270646810808 0.0032873385828901635 -0.003480918578759025 0.0077913704705956117 0.0044990779496502037 0.010494235766340662 7.1425192527405641e-05 -0.0023852193977552203 0.0013773745674125525 0.013737805779837287 -0.01066250993710292 -0.023198145567180913
leaf_weight=21.483100302517414 8800.2655900269747 9302.6778843030334 871.37640143558383 2539.470710888505 914.43877975642681 125.07385447621346 704.51222628355026 111.19426201283932 7397.937616340816 111.30133937671781 212.70557554811239 129.77815172821283 620.51673019304872 105.05356911942363
leaf_count=480 51348 40284 8816 11424 4146 635 3127 608 32085 1977 1497 845 7902 2483
internal_value=-1.93618e-05 0.000457768 -0.00691747 -0.000977813 0.00147321 -0.00348832 0.00147352 -0.00193509 0.00123262 -0.0115832 -0.00490385 0.00615297 -0.00953363 -0.0214308
internal_weight=31967.8 29900.3 2067.51 12365.4 3453.91 1209.16 17534.9 8911.46 16700.6 858.355 1084.08 834.29 731.818 126.537
internal_count=167657 143867 23790 67526 15570 10948 76341 51956 72369 12842 10313 3972 9879 2963
is_linear=0
shrinkage=0.03


Tree=126
num_leaves=15
num_cat=0
split_feature=2 2 7 1 2 1 1 2 2 1 1 1 2 2
split_gain=95.3299 46.8006 46.5596 31.6919 32.6622 24.3485 23.0263 19.544 22.5329 13.1805 10.8589 10.043 6.67363 4.25801
threshold=0.0019877204066549993 0.0053927673544491841 0.024778987606094205 -0.91953518346047136 0.0027616538798669486 1.1012185922268034 3.0063222569592827 0.0015933974398020996 0.0019273428732258953 -0.41274357435780445 1.4477018921011204 -1.2498623388348045 0.0018894389554005039 0.0071915022378682041
decision_type=8 8 10 10 10 10 10 10 10 10 10 8 10 10
left_child=2 3 9 4 -2 11 -5 10 -9 -1 -4 -3 -11 -7
right_child=1 5 7 6 -6 13 -8 8 -10 12 -12 -13 -14 -15
leaf_value=-0.019694321875309014 -0.0083521399306588362 -0.0012577790222453146 -0.010414352048983246 0.00018241130356862006 -0.0012848492577209152 0.0064508069112042309 0.0080268984779123202 0.0018953668988947398 -0.0083701389662474389 -0.011260685248125258 0.00057486706347322132 0.0028567006062299115 -0.00081659183663980244 0.013433903913567581
leaf_weight=203.6048141643405 722.5672555565834 589.33784928917885 376.23713957518339 20662.054261773825 3192.4540874958038 306.06360998004675 332.99531581997871 727.25315282866359 248.95945331454277 330.76971643790603 88.28751215338707 3957.7583561837673 82.816517859697342 180.19991112500429
leaf_count=3495 6419 2444 6392 97506 15193 1641 1439 6451 1965 4127 801 18213 642 1211
internal_value=-4.34308e-05 0.000384787 -0.00627486 -0.000146435 -0.00262245 0.00302078 0.000313449 -0.00322324 -0.00072009 -0.0131378 -0.0082312 0.00230868 -0.00937966 0.00937807
internal_weight=32001.4 29943.4 2057.93 24910.1 3915.02 5033.36 20995 1440.74 976.213 617.191 464.525 4547.1 413.586 486.264
internal_count=167939 144066 23873 120557 21612 23509 98945 15609 8416 8264 7193 20657 4769 2852
is_linear=0
shrinkage=0.03


Tree=127
num_leaves=15
num_cat=0
split_feature=2 2 2 1 7 7 1 4 1 4 2 1 7 4
split_gain=113.833 40.4876 38.9547 33.4501 29.5431 25.0763 21.6882 21.3713 18.8695 18.7628 17.379 16.8866 15.1938 6.0777
threshold=0.0023358565281525515 0.0013313840679558082 0.0033195604135832185 -0.44045240400068902 0.0055869596153916524 0.034571370626915447 1.0760015873782804 0.37937500000000007 1.7821885545188734 0.64687500000000009 0.0042505236578338169 0.92693968043928276 0.11413241529301477 0.47562500000000002
decision_type=8 10 8 10 10 10 10 10 10 10 8 10 10 10
left_child=1 11 4 7 -2 10 -7 -3 -6 -5 -4 12 -1 -13
right_child=2 3 5 9 8 6 -8 -9 -10 -11 -12 13 -14 -15
leaf_value=-0.021330515593027309 -0.0074249074265978036 -0.01848429754867743 -0.0014479013438863958 -0.0011136028564468507 -0.00076396791839621232 0.0018872583514818455 0.0056500662980587578 -0.0062465076558153015 0.0043106275230718133 -0.0088188196003075332 0.0015848302783771126 0.0015028388834571584 0.0034324085856746399 -0.01304152573020924
leaf_weight=208.11025911197066 558.04147530347109 159.21961034461856 3251.1371751725674 2561.9240581840277 8371.0261916667223 9694.5855579078197 1630.7144731357694 798.93913237005472 703.87007246911526 315.74515843763947 3536.5818589776754 67.486920807510614 17.467252001166344 26.017401695251465
leaf_count=4553 3074 2206 14092 19140 42864 41743 7643 9775 2943 2625 15506 748 273 341
internal_value=5.8655e-05 -0.00456412 0.000754464 -0.00366572 -0.000782258 0.00157502 0.00243886 -0.00851198 -0.000359455 -0.00200743 0.000123413 -0.0147422 -0.019094 -0.00283342
internal_weight=31900.9 4154.91 27746 3835.83 9632.94 18113 11325.3 958.159 9074.9 2877.67 6787.72 319.082 225.578 93.5043
internal_count=167526 39661 127865 33746 48881 78984 49386 11981 45807 21765 29598 5915 4826 1089
is_linear=0
shrinkage=0.03


Tree=128
num_leaves=15
num_cat=0
split_feature=2 1 2 1 1 0 3 2 2 7 0 7 1 3
split_gain=80.5755 50.4522 58.4486 29.6099 28.0861 23.0038 21.3425 18.329 14.2421 13.994 12.87 9.30954 9.21719 8.3219
threshold=0.0032794510662527919 1.7821885545188734 0.0014092396667470914 -0.86308447745060068 -0.64125877388447217 0.0081743192531785764 -0.60176018797061392 0.01006235347145863 0.0064893139797160262 0.10957987532263623 -0.0031582197877911829 0.17919347307664726 3.7810991809203216 -0.73867188923931482
decision_type=8 10 10 8 10 10 10 10 10 10 10 10 10 10
left_child=1 2 9 5 -4 10 8 -8 -5 -1 -2 12 -3 -7
right_child=3 11 4 6 -6 13 7 -9 -10 -11 -12 -13 -14 -15
leaf_value=-0.016203873900882685 0.0012968833781576733 0.0023713982311232406 -0.0046309118651256444 0.0028435000402237871 -0.0011216191373965591 7.9042094045426889e-05 0.00085913504994881236 0.0082209097588943434 0.0074067585459493693 0.0019973483339756465 -0.0027505825753484539 0.0135677785922729 0.01261362340217443 0.0098099310590599072
leaf_weight=314.9224426150322 930.65150180459023 1006.770115762949 2672.1526527032256 4357.8678164184093 9142.1052134148777 142.34730790555477 9199.7640610039234 307.65075425803661 742.37297782301903 34.226594384759665 2671.9746500253677 83.087677329778671 81.345149859786034 213.3261756747961
leaf_count=6330 3974 4859 21275 18480 52934 607 39751 1751 3735 459 11869 347 384 908
internal_value=5.91015e-05 -0.00171727 -0.00229374 0.00133841 -0.00192367 -0.000951093 0.00196314 0.00111205 0.00353265 -0.0142466 -0.00168771 0.00418756 0.00329962 0.00618819
internal_weight=31900.6 13334.6 12163.4 18566 11814.3 3958.3 14607.7 9507.41 5100.24 349.149 3602.63 1171.2 1088.12 355.673
internal_count=167663 86588 80998 81075 74209 17358 63717 41502 22215 6789 15843 5590 5243 1515
is_linear=0
shrinkage=0.03


Tree=129
num_leaves=15
num_cat=0
split_feature=6 7 6 0 4 4 7 7 6 0 4 5 7 4
split_gain=44.6475 46.6872 34.6866 30.1308 23.4686 23.4095 28.2047 18.608 16.3139 13.3984 9.59593 8.1232 7.75438 7.61492
threshold=-0.005288168420757521 0.14653798625209205 0.0076256006763735238 0.0091660974063684248 0.69812500000000011 0.42437500000000006 0.17289589068860317 0.0049113831123673559 -0.035583515385673607 0.0077285800754378639 0.68562500000000015 -0.76942393601564929 0.074519501629899718 0.45312500000000006
decision_type=8 10 10 10 10 10 10 8 10 10 10 8 10 8
left_child=7 2 3 -2 -4 6 -3 11 12 -10 -7 -1 -9 -13
right_child=1 5 4 -5 -6 10 -8 8 9 -11 -12 13 -14 -15
leaf_value=-0.0094876042000523273 -0.0028670563943497618 -0.011043868142275908 0.00033506591783400249 0.0051117155838212502 -0.0073598359791064681 0.0086470756744958781 0.0060649243999559895 0.0023608806700463748 0.00094864338754269096 0.0066198906799929029 -0.00010498512346562745 0.0025863224139849477 0.0061637015912533099 -0.0046221000705677509
leaf_weight=143.23949100077152 9034.6036001481116 151.44816351309419 9547.0195404104888 432.92765499651432 360.45012674480677 757.16679608821869 174.377401702106 1120.3151871263981 8144.8845340833068 388.48553730547428 116.1167353540659 221.08291525021195 984.90067049115896 282.2589387781918
leaf_count=730 58733 770 44948 1867 1668 3401 781 5342 39838 1739 499 1171 4802 1369
internal_value=-8.78902e-07 -0.000834418 -0.00119327 -0.00249087 4.19239e-05 0.0048761 -0.00180087 0.00151284 0.0018176 0.0012213 0.00742741 -0.00336146 0.00418908 -0.00135036
internal_weight=31859.3 20574.1 19375 9467.53 9907.47 1199.11 325.826 11285.2 10638.6 8533.37 873.284 646.581 2105.22 503.342
internal_count=167658 112667 107216 60600 46616 5451 1551 54991 51721 41577 3900 3270 10144 2540
is_linear=0
shrinkage=0.03


Tree=130
num_leaves=15
num_cat=0
split_feature=2 7 1 2 7 4 1 1 2 1 7 2 0 4
split_gain=109.565 50.2959 36.4836 39.3089 32.5795 29.8246 19.8374 17.8258 16.3359 14.3655 12.6376 8.49565 7.90777 5.87513
threshold=0.0021062118175967973 0.027007747851211687 1.8385319234672457 0.0032794510662527919 0.15535315416955706 0.34812500000000007 -1.6150355683916431 0.81197372467804974 0.0018206385875575389 -0.39444328928317912 0.023295561961378216 0.0018374936339392381 -0.0003217352555873742 0.63937500000000014
decision_type=8 10 10 8 10 10 8 10 10 10 10 10 10 10
left_child=1 9 3 4 -2 8 -5 -7 -3 13 -4 -11 -12 -1
right_child=2 5 10 6 -6 7 -8 -9 -10 11 12 -13 -14 -15
leaf_value=-0.019112070306791653 -0.0017457614416028604 0.0011746953413377438 -0.00049885904335392954 -0.0038885105184808433 0.0056790856116780211 -0.0060895729754331107 0.0012457930637789175 0.00032493981856405307 0.025984139493885394 -0.012040733102256217 0.0083899723598527161 -0.0042380007785589825 0.00344788429962456 -0.0034298027446551566
leaf_weight=252.74307797476649 9314.1290066018701 63.800603192299604 306.16355739533901 690.55373062193394 551.17494510114193 1111.5744362846017 17063.415280260146 569.84859503433108 35.703278869390488 314.1105131059885 678.70716905593872 283.33038052171469 645.52120590955019 39.358788263052702
leaf_count=4165 51765 707 1347 3046 2427 13255 74182 4003 215 4092 3219 2120 2798 577
internal_value=-7.41618e-05 -0.00588097 0.000455773 0.000195267 -0.00131953 -0.0028964 0.00104064 -0.0038911 0.0121845 -0.011691 0.00480414 -0.00856983 0.00606972 -0.0173811
internal_weight=31920.1 2670.47 29249.7 27619.3 9865.3 1780.93 17754 1681.42 99.5039 889.543 1630.39 597.441 1324.23 292.102
internal_count=167918 29134 138784 131420 54192 18180 77228 17258 922 10954 7364 6212 6017 4742
is_linear=0
shrinkage=0.03


Tree=131
num_leaves=15
num_cat=0
split_feature=2 1 7 4 7 2 4 4 2 2 4 7 6 2
split_gain=77.7066 54.6817 33.11 36.2205 28.8304 28.5137 27.5521 44.7387 23.3054 24.2081 21.5875 20.0243 17.1495 14.8291
threshold=0.0028607738135652005 -0.54406083157108409 0.050283712081566012 0.69062500000000016 0.035375273189152075 0.0013313840679558082 0.50812500000000005 0.54687500000000011 0.0039104420775709688 0.0029038696640386469 0.43187500000000006 0.08412077426119316 -0.00077875360650825332 0.01006235347145863
decision_type=8 10 10 10 8 10 8 8 8 10 10 10 10 10
left_child=1 2 3 -1 8 -3 13 -8 9 -2 -4 -7 -10 -6
right_child=4 5 10 -5 6 11 7 -9 12 -11 -12 -13 -14 -15
leaf_value=-0.011424558299247633 0.0090293365118853958 -0.010771558387237668 -0.0096485028806232703 0.008929205072452295 0.0025142968608276328 -0.0018409065231701548 -0.0053472521574751469 0.0013786224681731089 0.0029534404813011572 -0.002665481222407682 0.0011885906583037238 0.0017437915712610965 -0.00071084090666299405 0.0096460188803124628
leaf_weight=1099.2893089465797 154.52540215849876 257.34095706790686 220.801260124892 74.138136487454176 8567.4598009064794 4604.1986841894686 1095.7301271632314 4549.5983078256249 2100.5432731360197 3812.2240324318409 553.94709277525544 1991.3248976506293 2476.5206606537104 269.15651984512806
leaf_count=11947 748 4491 2373 634 37642 30537 4786 19950 9235 17504 4828 10834 10621 1545
internal_value=-2.65989e-05 -0.00242452 -0.00685252 -0.0100233 0.000887998 -0.00114881 0.00170387 5.54074e-05 -0.000488281 -0.00217326 -0.00190709 -0.000748527 0.000960493 0.00274896
internal_weight=31826.8 8801.04 1948.18 1173.43 23025.8 6852.86 14481.9 5645.33 8543.81 3966.75 774.748 6595.52 4577.06 8836.62
internal_count=167675 65644 19782 12581 102031 45862 63923 24736 38108 18252 7201 41371 19856 39187
is_linear=0
shrinkage=0.03


Tree=132
num_leaves=15
num_cat=0
split_feature=2 2 1 6 1 1 2 2 6 6 5 1 6 0
split_gain=81.8082 42.0029 40.9232 28.4742 23.7306 20.1578 14.455 14.0053 9.9655 6.17067 4.81072 4.71321 12.9286 12.2724
threshold=0.0017989135513542737 0.0049402804779042639 -0.99293426889450409 -0.008658310009895585 0.45283947621469356 3.0063222569592827 0.01006235347145863 0.0013313840679558082 -0.00089340910467683432 0.0059193054402415521 1.2789259390723888 1.7821885545188734 -0.00077875360650825332 -0.00084839977127582056
decision_type=8 10 8 10 10 10 10 10 10 10 10 10 10 10
left_child=4 2 3 -2 7 -4 8 -1 -3 -9 -8 12 -6 -13
right_child=1 6 5 -5 11 -7 10 9 -10 -11 -12 13 -14 -15
leaf_value=-0.018921983236654574 0.0023401580706743723 0.0032568732540035261 6.5958486754978508e-05 -0.0048365083310538681 0.0022276413070897627 0.007308500146143094 0.0077418514105123872 -0.0062778665053539236 0.00072691850386015955 -0.015273241871629274 -0.00026028475534486262 -0.0083145466840280173 -0.008884551935940458 0.0081367123133750194
leaf_weight=168.70669487118721 597.66525647044182 2783.9924806132913 20766.89030251652 2569.9186583943665 143.90995837748051 342.16972126066685 546.27351029962301 438.06472318246961 2978.1554610580206 101.18782495707273 59.912420503795147 54.651044495403767 215.8537029363215 95.878244519233704
leaf_count=4039 2865 12893 101566 15680 1705 1479 3003 6810 12894 1253 321 460 2324 680
internal_value=-2.08224e-05 0.000281478 -0.000285405 -0.00346042 -0.00761437 0.000189603 0.00244895 -0.0111602 0.00196319 -0.00832238 0.0068622 -0.00245976 -0.00433724 0.00164429
internal_weight=31863.2 30645 24276.6 3167.58 1218.25 21109.1 6368.33 707.959 5762.15 539.253 606.186 510.293 359.764 150.529
internal_count=167972 150701 121590 18545 17271 103045 29111 12102 25787 8063 3324 5169 4029 1140
is_linear=0
shrinkage=0.03


Tree=133
num_leaves=15
num_cat=0
split_feature=2 2 2 3 2 6 4 5 0 0 0 4 0 0
split_gain=88.5133 33.9489 18.8861 18.9906 16.3797 17.0022 16.0486 15.8797 12.9504 17.9105 12.1993 12.1808 8.91934 7.12037
threshold=0.0023358565281525515 0.0013313840679558082 0.0054997834566165573 0.11809398841820688 0.0011258670578612672 -0.00077875360650825332 0.35312500000000008 -0.64267270782156827 -0.010239097130758988 0.0028510857206830447 -0.0022404399961643002 0.32312500000000005 0.026467819734381618 0.0024298396324026199
decision_type=8 10 8 10 10 10 10 10 10 10 10 10 8 10
left_child=1 4 3 7 5 -1 11 -2 -4 -10 -8 -3 -5 -6
right_child=2 6 8 12 13 -7 10 -9 9 -11 -12 -13 -14 -15
leaf_value=0.0063262369883231558 -0.00088252837849717288 -0.0090473600322143969 0.0053857774921049571 -0.00075312026473019471 -0.023151817805755689 -0.013413319313493544 -0.00082268748554274577 0.0016997788156459478 -0.0007245194088446468 0.0033996283061229916 -0.0048653034355296935 0.007741362674716209 0.005492420218837675 -0.0039666896517428505
leaf_weight=57.119161784648895 2767.6115738674998 37.033653471618891 991.87643943727016 11006.098022855818 131.00659764558077 79.617004305124283 961.99858617037535 9041.1849819943309 1725.2185784131289 2033.8291107863188 2601.4339277558029 180.22911603748798 197.79173421859741 34.377015002071857
leaf_count=1132 12872 470 5498 50188 2795 1513 7090 41876 7424 9474 24650 1471 844 465
internal_value=0 -0.00411844 0.000607248 0.000248386 -0.0137064 -0.00488939 -0.00330229 0.00108926 0.00232874 0.00149403 -0.00379609 0.00434344 -0.000632712 -0.0199596
internal_weight=31846.4 4082.82 27763.6 23012.7 302.12 136.736 3780.7 11808.8 4750.92 3759.05 3563.43 217.263 11203.9 165.384
internal_count=167762 39586 128176 105780 5905 2645 33681 54748 22396 16898 31740 1941 51032 3260
is_linear=0
shrinkage=0.03


Tree=134
num_leaves=15
num_cat=0
split_feature=2 2 7 7 4 4 0 7 4 7 4 4 4 0
split_gain=79.2828 37.0086 35.1448 20.6439 25.251 23.6248 18.2315 16.8426 15.7246 10.1816 9.09657 3.90649 7.67545 4.63753
threshold=0.0017989135513542737 0.0033790425544059106 0.034571370626915447 0.15216229982414128 0.44187500000000007 0.52687500000000009 0.002710909238733739 0.027412014305882505 0.39437500000000009 0.16751948955608281 0.62687500000000007 0.36437500000000006 0.34812500000000007 0.0056518102358001929
decision_type=8 8 8 10 10 10 8 10 8 10 10 10 10 10
left_child=7 3 8 5 -5 -2 -4 11 -3 10 -9 12 -1 -13
right_child=1 2 6 4 -6 -7 -8 9 -10 -11 -12 13 -14 -15
leaf_value=-0.015390472229244195 -0.00025891923978257593 -0.0043323860908733112 0.0012765164906092166 -0.0028752778650578104 0.0071148893953788279 -0.0030637377203755964 0.0038124489523805481 -0.0065941197177371309 6.7878920878183688e-05 0.011260740790764443 0.0029711136980250419 -0.014608625609799889 0.0031868094721955609 0
leaf_weight=20.395219948142767 8245.9753573536873 824.15691089630127 6525.2994929179549 347.37173715233803 595.84112928807735 4052.245615772903 4314.2958673760295 676.72113892063498 5710.9786599501967 23.158680237829685 87.770604681223631 329.34606667608023 41.759165186434984 21.916421681642532
leaf_count=275 47550 3587 28793 1564 2583 23009 18587 9173 24880 140 1166 5586 669 190
internal_value=3.48761e-05 0.000334442 0.00124609 -0.000857291 0.00338114 -0.00118972 0.00229396 -0.00749147 -0.00048365 -0.00469434 -0.00539429 -0.0124422 -0.0033657 -0.0137445
internal_weight=31817.2 30616.2 17374.7 13241.4 943.213 12298.2 10839.6 1201.07 6535.14 787.65 764.492 413.417 62.1544 351.262
internal_count=167752 150553 75847 74706 4147 70559 47380 17199 28467 10479 10339 6720 944 5776
is_linear=0
shrinkage=0.03


Tree=135
num_leaves=15
num_cat=0
split_feature=2 1 7 2 7 4 2 1 7 2 4 1 7 1
split_gain=86.9967 40.4159 30.4256 25.9056 34.151 23.7508 24.4949 18.7673 17.6305 17.2587 17.1284 16.7086 12.2943 10.1358
threshold=0.0025593995991118391 -0.44952336009472177 0.050283712081566012 0.0055675591397784992 0.02856738364090957 0.35562500000000002 0.00155754180092554 1.1012185922268034 0.05634588212962157 0.0020882479789558219 0.71437500000000009 -0.77468910754255649 0.030144397741051276 -1.1157553471436126
decision_type=8 10 10 10 8 10 10 10 10 10 10 10 10 10
left_child=1 2 9 4 11 12 -7 13 -4 -1 -6 -2 -3 -5
right_child=3 5 8 7 10 6 -8 -9 -10 -11 -12 -13 -14 -15
leaf_value=-0.015599977374576102 -0.0039583028283279587 -0.0024189428804132804 0.011134474124192438 -0.00089626578615669783 0.0013640041584056838 -0.0093552959221709329 -0.0014932922624527991 0.0089111877718307704 -0.0039979021693666312 -0.0067028103358425404 -0.0046720682326054338 -0.00048060535740341003 0.012106769954910475 0.0029620348745091341
leaf_weight=406.46427395194769 1714.9173845946789 63.79866461828351 68.881585970520973 719.35513535141945 14576.767404735088 389.0626083239913 3865.8277541026473 423.36233112961054 506.71850402653217 491.23082973062992 422.00658923387527 4653.6677080094814 153.62875969707966 3309.9412548094988
leaf_count=6768 8452 540 799 3004 64728 6207 25447 2570 5401 4588 1865 20537 1138 15484
internal_value=8.58586e-05 -0.00318062 -0.00748602 0.000841299 0.000403648 -0.00173539 -0.0022465 0.00292244 -0.00192535 -0.0109249 0.00118718 -0.00143122 0.00766179 0.00225784
internal_weight=31765.6 5945.61 1473.3 25820 21367.4 4472.32 4254.89 4452.66 575.6 897.695 14998.8 6368.59 217.427 4029.3
internal_count=167528 50888 17556 116640 95582 33332 31654 21058 6200 11356 66593 28989 1678 18488
is_linear=0
shrinkage=0.03


Tree=136
num_leaves=15
num_cat=0
split_feature=2 1 2 1 2 4 4 1 4 0 0 1 2 4
split_gain=72.0101 50.2046 33.3427 27.7765 23.0663 23.714 22.4924 16.0956 10.4944 18.2571 14.4258 8.52983 7.44966 3.77087
threshold=0.0025593995991118391 0.40155679146423334 0.0013313840679558082 1.7821885545188734 0.0039915687364262924 0.39437500000000009 0.49437500000000006 -0.44045240400068902 0.49312500000000009 0.0094464768421306262 -0.0056733203031123494 3.2882728992079229 0.0059498431259504261 0.35937500000000006
decision_type=8 10 10 10 8 10 10 10 10 10 10 10 10 10
left_child=1 2 13 4 5 -2 -6 -4 10 -10 -3 12 -5 -1
right_child=3 8 7 11 6 -7 -8 -9 9 -11 -12 -13 -14 -15
leaf_value=0 -0.0038177574054888952 -0.0033935340308818953 -0.0071670850889434898 0.0027415197614233167 0.0023840833367607386 -1.6592260428439169e-05 -0.0004435173093081855 -0.0028285088635055036 -0.0044245122680688382 0.0079163713168706289 0.0031100006910917649 0.010795733947745219 0.01066807263994499 -0.020053808214527579
leaf_weight=12.393503393977879 1683.1989998966455 387.60600566491485 1416.2861219644547 1139.2582291513681 6939.4348340332508 11832.222312040627 3928.40245911479 1872.3925300016999 714.4368040189147 114.5640205219388 1265.7007322274148 177.77024594694376 118.4998325407505 143.03176756203175
leaf_count=268 7871 2096 15951 4914 30630 54847 16827 15164 4586 531 8659 803 794 3654
internal_value=-0.000113366 -0.00309433 -0.00543359 0.00056949 0.000327163 -0.000496895 0.00135701 -0.00473119 0.000136001 -0.00257352 0.00153798 0.00461331 0.00361391 -0.0187486
internal_weight=31745.2 5926.41 3444.1 25818.8 24383.3 13515.4 10867.8 3288.68 2482.31 829.001 1653.31 1435.53 1257.76 155.425
internal_count=167595 50909 35037 116686 110175 62718 47457 31115 15872 5117 10755 6511 5708 3922
is_linear=0
shrinkage=0.03


Tree=137
num_leaves=14
num_cat=0
split_feature=2 2 7 7 7 4 4 7 4 6 6 2 4
split_gain=71.8902 35.4343 35.0919 27.3789 22.4272 21.0422 19.3678 17.461 17.3218 17.2486 12.5802 5.14375 5.57642
threshold=0.0019736335366390503 0.0032794510662527919 0.025152661291094825 0.15535315416955706 0.17919347307664726 0.71062500000000017 0.53437500000000016 0.10957987532263623 0.36062500000000003 0.045492492248119916 0.018260364021662315 0.0019273428732258953 0.36437500000000006
decision_type=8 8 10 10 10 10 10 8 10 10 10 10 10
left_child=2 3 11 6 8 9 -2 -7 -4 -3 -5 12 -1
right_child=1 5 4 10 -6 7 -8 -9 -10 -11 -12 -13 -14
leaf_value=-0.0030401309459062486 -0.00044578208681677158 0.0011128505662890546 0.0058491383190937525 0.0082237380825611033 0.017278335172097002 -0.0082995101967290007 -0.0032169900832348789 0.0045436348024278286 -0.0048893391065877997 0.0050031753186350067 0 -0.0006848236597889987 -0.014122420499523499
leaf_weight=67.78768577426672 7334.7364092990756 16942.127525188029 139.39899602532387 395.93540477007627 37.06187979131937 354.03496606647968 3322.888449408114 115.18239748477936 1164.6198168694973 1095.3062094449997 284.57478256523609 45.792198441922665 438.56312207877636
leaf_count=1004 41408 73867 1445 1798 195 1536 19182 476 13506 5099 1181 445 6618
internal_value=1.57036e-05 0.000377968 -0.00563549 -0.000939233 -0.0029133 0.00118827 -0.00131763 -0.00499258 -0.00365996 0.00135505 0.00483335 -0.0119711 -0.0128426
internal_weight=31738 29844.8 1893.22 11338.1 1341.08 18506.7 10657.6 469.217 1304.02 18037.4 680.51 552.143 506.351
internal_count=167760 144547 23213 63569 15146 80978 60590 2012 14951 78966 2979 8067 7622
is_linear=0
shrinkage=0.03


Tree=138
num_leaves=14
num_cat=0
split_feature=2 2 2 2 1 4 1 6 1 4 4 1 5
split_gain=65.0089 28.9358 24.9011 18.7982 18.7916 39.5555 16.8393 16.6893 16.3316 14.0169 13.2157 12.7507 5.82622
threshold=0.0019877204066549993 0.0032794510662527919 0.0013313840679558082 0.01006235347145863 0.5616575708339544 0.57812500000000011 2.484476637731575 -0.018590878347533032 0.20332472955456996 0.45812500000000006 0.42562500000000009 -1.231928932170204 -0.40493747085169901
decision_type=8 8 10 10 10 10 10 8 10 10 10 10 10
left_child=2 4 8 7 9 -6 11 -3 -1 -2 -10 -4 -5
right_child=1 3 6 12 5 -7 -8 -9 10 -11 -12 -13 -14
leaf_value=-0.020998661931541315 -0.0033198365862468116 0.0027666359039957805 -0.015773234897663791 0.0016635958077884057 0.0028119866137193525 -0.0043627895822696975 0.0081349536191169976 0.00045137983123035491 0.0016901446096424088 -0.00065799788708845934 -0.014312346827400039 -0.0037665761914664189 0.0083818524833880522
leaf_weight=131.60336765646935 2906.2374444305897 3498.6009733229876 79.756831273436546 205.02727673202753 2660.9635688662529 919.46636499464512 88.665997348725796 14460.007159039378 86.353010345250368 4780.1118758320808 74.584728606045246 1498.3166555315256 399.53254289925098
leaf_count=3499 18106 15889 1387 1126 12112 4254 503 62005 1189 28534 1244 15944 2217
internal_value=8.66828e-06 0.000358954 -0.00526869 0.00108807 -0.000836912 0.00094575 -0.00375389 0.000907054 -0.0132915 -0.00167525 -0.00577845 -0.00450668 0.00626523
internal_weight=31789.2 29829.9 1959.28 18563.2 11266.8 3580.43 1666.74 17958.6 292.541 7686.35 160.938 1578.07 604.56
internal_count=168009 144243 23766 81237 63006 16366 17834 77894 5932 46640 2433 17331 3343
is_linear=0
shrinkage=0.03


Tree=139
num_leaves=15
num_cat=0
split_feature=2 1 1 2 0 0 2 3 6 0 0 2 5 1
split_gain=64.2068 31.5401 29.0102 23.4503 21.0553 17.2834 14.0721 13.439 11.5209 11.492 9.79553 8.70659 7.28068 6.73513
threshold=0.0019877204066549993 0.34074117143220889 0.019810588286327768 0.0032931053952402136 -0.030186480072467822 0.0024298396324026199 0.0013313840679558082 0.5677129757943673 0.018260364021662315 0.0046465923884769786 -0.013122764472455693 0.0017372338072111071 0.49437795584320082 -1.231928932170204
decision_type=8 8 10 10 8 10 10 10 10 10 10 10 8 10
left_child=2 3 6 9 12 -5 -1 -6 10 -2 -4 -10 -3 -8
right_child=1 4 8 5 7 -7 13 -9 11 -11 -12 -13 -14 -15
leaf_value=-0.020051938844494917 -0.0012691423021110927 0.0098963128218086446 0.0085365675146232556 -0.0004434569950882155 0.0025131945760585753 0.0018371761148499222 -0.016055899543666 0.00026442565474187827 -0.0022443282641456419 -0.0049009502175512039 -0.0043513427411734822 0.0090753742566178977 -0.00040775737038301415 -0.0062932304534339279
leaf_weight=104.34009527787566 6003.4803800582886 353.33219721913338 44.21095734834671 8000.5778001695871 4888.7713908553123 4739.4261711537838 81.544076360762119 4807.6225550472736 98.197652839124203 916.0707720965147 927.09842342883348 118.33295121788979 60.159052394330502 591.94814721867442
leaf_count=2925 38079 2039 252 34775 22110 20278 1442 21669 641 4718 9734 574 349 8335
internal_value=-6.57353e-06 0.000338996 -0.0052457 -0.000358798 0.00170086 0.000401034 -0.00973654 0.00140582 -0.00219814 -0.00176499 -0.00362257 0.00380451 0.00828126 -0.00778066
internal_weight=31735.1 29769.4 1965.67 19659.6 10109.9 12740 777.832 9696.39 1187.84 6919.55 971.309 216.531 413.491 673.492
internal_count=167920 144017 23903 97850 46167 55053 12702 43779 11201 42797 9986 1215 2388 9777
is_linear=0
shrinkage=0.03


Tree=140
num_leaves=15
num_cat=0
split_feature=2 7 4 4 2 2 4 4 4 7 2 7 2 3
split_gain=55.7636 36.1631 27.2646 28.4156 26.7777 26.7566 22.6873 19.984 18.8323 14.6791 15.2624 14.2462 12.9279 12.0072
threshold=0.0028756279559095919 0.051684935685727219 0.50812500000000005 0.55312500000000009 0.003136861609594806 0.0013313840679558082 0.71437500000000009 0.66562500000000013 0.42312500000000003 0.025505474675853766 0.0029167956340290162 0.061212464537279791 0.0021062118175967973 1.1536004835464164
decision_type=8 10 10 10 10 10 10 10 10 10 8 10 10 10
left_child=1 5 9 4 -4 -1 -5 8 -3 10 -2 -9 -7 -11
right_child=2 7 3 6 -6 12 -8 11 -10 13 -12 -13 -14 -15
leaf_value=-0.015558436796213184 0.012090309301913295 -0.0025239780667070345 0.0049011864348801554 0.00085070761853845442 -0.0054701451426254063 -0.0059200056498650922 -0.0056361599714707632 0.0040918206152008307 0.0019577370974282128 0.0024171247262234391 -0.00016385421189023635 -0.009465744122370669 -0.0022739150403270074 -0.0030247805624451945
leaf_weight=163.73290502466261 83.463095009326935 1195.5587133839726 249.07362158596516 6230.552160449326 1498.2932190224528 1300.9493273943663 515.03180237114429 76.609738253057003 2765.2375996932387 9830.9732656478882 4118.9720514640212 302.44052332639694 3013.2288101390004 361.06468566507101
leaf_count=3765 420 8577 1162 27395 6564 14607 2269 544 17613 43759 18434 2146 18933 1600
internal_value=2.19363e-05 -0.00200177 0.000804755 -0.000537589 -0.00393817 -0.0038901 0.000338938 -3.51067e-05 0.00058688 0.00160075 9.34016e-05 -0.00653666 -0.00339842 0.00221568
internal_weight=31705.2 8817.76 22887.4 8492.95 1747.37 4477.91 6745.58 4339.85 3960.8 14394.5 4202.44 379.05 4314.18 10192
internal_count=167788 66185 101603 37390 7726 37305 29664 28880 26190 64213 18854 2690 33540 45359
is_linear=0
shrinkage=0.03


Tree=141
num_leaves=12
num_cat=0
split_feature=2 2 7 6 2 4 6 7 7 6 2
split_gain=55.814 34.9856 31.28 23.6688 21.1808 20.9066 15.9745 13.3468 11.5579 5.64959 3.09988
threshold=0.0013313840679558082 0.0028607738135652005 0.051684935685727219 -0.005288168420757521 0.010570226405862491 0.66437500000000005 -0.0037127266891614492 0.1129829735010431 0.1418067483863894 0.015797926302375313 0.0011258670578612672
decision_type=8 8 10 10 8 10 10 10 8 10 10
left_child=7 2 6 8 -5 -4 -2 9 -3 10 -1
right_child=1 3 5 4 -6 -7 -8 -9 -10 -11 -12
leaf_value=-0.0098356768232382222 -0.00091506201170269471 0.0016480464757036878 0.0009899168155758694 -0.00021390641920832949 0.0072645093247010106 -0.0063028503016268837 -0.0047771496434742024 0.0028557686729417148 0.006125289850143054 0 -0.020464302040650126
leaf_weight=109.88417055271566 1582.219392798841 8047.6326517611742 3754.2498762086034 14111.607471421361 339.212726123631 379.68542623892426 2666.515032146126 32.605578579008579 560.15438343584538 13.688276272267101 128.12641303054988
leaf_count=2431 10778 35733 23543 62303 1784 2700 22529 421 2565 127 2949
internal_value=-1.63041e-05 0.000103492 -0.00155289 0.000708663 -2.93098e-05 0.000292033 -0.00335853 -0.0130218 0.00195314 -0.0153384 -0.0163937
internal_weight=31725.6 31441.3 8382.67 23058.6 14450.8 4133.94 4248.73 284.304 8607.79 251.699 238.011
internal_count=167863 161935 59550 102385 64087 26243 33307 5928 38298 5507 5380
is_linear=0
shrinkage=0.03


Tree=142
num_leaves=14
num_cat=0
split_feature=2 7 2 2 5 7 3 7 7 4 0 0 5
split_gain=55.2585 23.232 23.0762 21.2491 19.2422 16.8171 14.8822 13.1118 12.2318 10.999 10.3446 8.82084 5.77787
threshold=0.0023358565281525515 0.0055869596153916524 0.0013313840679558082 0.003552681884281731 -1.0074351888170801 0.18639821573072798 0.46769821303701054 0.1129829735010431 0.11072801885451458 0.35562500000000002 0.0041131525410088585 0.0012591489040164607 1.0947268277656994
decision_type=8 8 10 10 10 10 10 10 10 10 10 10 8
left_child=2 3 7 11 8 9 -6 10 -3 -4 -1 -2 -5
right_child=1 4 5 12 6 -7 -8 -9 -10 -11 -12 -13 -14
leaf_value=-0.016073134810845078 -0.0095649427676384128 -0.0019943665020054416 0.0028764364675201467 -0.0010417055976309989 0.0016274190092636569 0.0091000115269773401 3.3542997052605482e-05 0.0042378269438374102 0.0025357314700269963 -0.0035033931968225171 0.0011404207398468878 -0.0022631641006281449 0.0055203377720468875
leaf_weight=219.42347053997219 435.98000507056713 3396.2335107028484 244.17686593532562 878.71230901032686 12908.169023022056 93.666174449026585 9040.5723984315991 31.200856223702431 617.28813321888447 3389.0406604483724 27.537102974951267 272.58360762894154 129.295369528234
leaf_count=5188 2372 15896 2207 3778 59858 427 41498 416 2760 31166 311 1426 552
internal_value=-7.76726e-05 0.000397347 -0.00336829 -0.00296665 0.000623135 -0.00270645 0.000973956 -0.0116259 -0.00127814 -0.00305144 -0.0139506 -0.00691004 -9.51065e-05
internal_weight=31683.9 27678.8 4005.05 1716.57 25962.3 3726.88 21948.7 278.161 4013.52 3633.22 246.961 708.564 1008.01
internal_count=167855 128140 39715 8128 120012 33800 101356 5915 18656 33373 5499 3798 4330
is_linear=0
shrinkage=0.03


Tree=143
num_leaves=15
num_cat=0
split_feature=2 1 2 1 2 0 7 2 2 7 7 3 5 1
split_gain=53.4515 35.6012 33.9981 26.4299 25.2606 18.8851 18.8549 10.957 10.4854 8.90576 7.00726 6.76434 6.53835 1.11255
threshold=0.0016585640722040918 -1.0452112726575498 0.0026088958670837099 3.0063222569592827 0.0032013059292748292 0.0081743192531785764 0.027412014305882505 0.0012970047784985046 0.0011258670578612672 0.083366694868768978 0.052187790211920791 1.0949392918099725 0.84096832325030879 1.6427060365314061
decision_type=8 10 8 10 10 10 10 10 10 10 10 10 10 10
left_child=6 2 10 4 -3 -4 11 8 -8 -9 -2 13 -5 -1
right_child=1 3 5 12 -6 -7 7 9 -10 -11 -12 -13 -14 -15
leaf_value=-0.016578337944092286 -0.012650357769472138 -0.00063898179060043684 -0.0019925611114299732 0.010335616713435998 0.0012597604864256883 0.0059129036151535867 -0.002004283566795253 0.0023404878399024497 -0.017206188152099955 -0.0080739595932563402 -0.004155381468709753 -0.0011228858690132976 0 -0.0016400619451568388
leaf_weight=215.97421908006072 303.60419236123562 10228.629641212523 3283.0773374661803 302.88755283504725 16294.705799996853 283.73251339793205 98.424802359193563 245.94791016727686 80.882187159731984 92.722290191799402 175.02326061204076 43.45085777901113 74.252300277352333 16.22833713516593
leaf_count=4333 3487 59711 15614 1393 71259 1262 1908 3497 1664 949 1744 749 324 168
internal_value=4.47681e-05 0.000244931 -0.00237234 0.000641496 0.000525291 -0.00133215 -0.00759142 -0.00392324 -0.00972521 -0.000488521 -0.00981535 -0.0138956 0.00843423 -0.0158929
internal_weight=31739.5 30945.9 4045.44 26900.5 26523.3 3566.81 793.631 517.977 179.307 338.67 478.627 275.653 377.14 232.203
internal_count=168062 154794 22107 132687 130970 16876 13268 8018 3572 4446 5231 5250 1717 4501
is_linear=0
shrinkage=0.03


Tree=144
num_leaves=15
num_cat=0
split_feature=2 1 2 1 0 1 2 1 6 2 5 4 1 5
split_gain=54.9766 35.5337 31.7116 23.2941 24.4008 23.2844 21.8668 22.1016 15.1875 6.446 6.19423 6.01432 5.71519 3.972
threshold=0.0023358565281525515 1.7338962950319667 0.0013313840679558082 -0.99293426889450409 0.0081743192531785764 -0.77468910754255649 0.0088198125431252512 3.2882728992079229 -0.009141063269318293 0.0011258670578612672 -0.52522255643477622 0.46187500000000009 2.625312181747907 0.67046742041847829
decision_type=8 10 10 8 10 10 10 10 10 10 10 10 10 10
left_child=1 2 9 4 8 -4 7 -5 -2 -1 -6 -8 13 -3
right_child=3 12 5 6 10 -7 11 -9 -10 -11 -12 -13 -14 -15
leaf_value=-0.0073026066291548668 0.0011896007693011235 -1.5460160851777984e-05 -0.0092069843069333707 0.00065883004168642352 0 -0.0022962287625421913 0.0037326504175933246 0.010481910346860674 -0.0032156525090238971 -0.019660477491067623 0.0095492626337224402 0.010043632661305767 0.0088484620185681779 0.0076060715941414919
leaf_weight=106.230981701985 897.54651913791895 240.39268102496862 527.09517439082265 22609.299279637635 74.736395597457886 2760.5873914249241 451.86092181503773 199.05006534606218 2927.7060232535005 126.90885063074529 199.93613103032112 242.65695665031672 163.77648915350437 66.38081319630146
leaf_count=2418 3989 1431 7449 102667 323 23975 2607 888 15115 3057 865 1333 903 394
internal_value=7.21664e-05 -0.00321207 -0.00425607 0.000550232 -0.00152841 -0.00344694 0.000915885 0.000751742 -0.00216597 -0.0148083 0.00690399 0.00613407 0.00440067 0.00163236
internal_weight=31594.2 3991.37 3520.82 27602.8 4099.93 3287.68 23502.9 22808.3 3825.25 233.14 274.673 694.518 470.55 306.773
internal_count=167414 39627 36899 127787 20292 31424 107495 103555 19104 5475 1188 3940 2728 1825
is_linear=0
shrinkage=0.03


Tree=145
num_leaves=15
num_cat=0
split_feature=2 1 1 2 2 5 2 1 2 6 3 1 0 1
split_gain=52.8917 29.0094 27.4018 22.7737 21.5879 16.649 15.1355 14.5154 12.275 11.5914 10.3041 8.8982 3.95019 1.10062
threshold=0.0019736335366390503 0.54822545510621834 0.23601329327341466 0.0026932655064740569 0.007831627661724792 -1.5283810123781432 0.0013313840679558082 -0.81904368321888132 0.0019273428732258953 0.016988119487024281 -1.1546261594985072 -1.231928932170204 0.012453430536371603 1.2553710978542398
decision_type=8 10 10 8 10 8 10 10 10 10 10 10 10 10
left_child=2 3 6 7 10 -5 -1 -2 9 -4 -3 -8 -6 -10
right_child=1 4 8 5 12 -7 11 -9 13 -11 -12 -13 -14 -15
leaf_value=-0.018450919996636363 -0.0061811496982995479 -0.0063617881987338559 -0.0018611419587932188 -0.0033434363200622401 0.013016120986609297 0.00043371920911136239 -0.016679285808824718 -0.0013950598932135558 -0.012567202633312128 0.0063951228598289889 0.0017327626035432847 -0.0054438035950020083 0.003966331937095168 -0.0032305102450509529
leaf_weight=123.14288450591266 738.63410586863756 131.58430147171021 650.06942613422871 1106.5960476920009 169.93016374856234 17209.497312486172 72.094574864953756 2682.2361322939396 72.393678992986679 189.17740258201957 7661.4384201914072 682.84263641387224 103.16386538743973 47.840946853160858
leaf_count=3573 7099 591 6961 5000 1156 77296 1340 18397 507 1094 34412 9467 632 253
internal_value=4.42386e-05 0.000351349 -0.0048792 -0.000216494 0.0018874 0.000200542 -0.00869019 -0.00246096 -0.00127597 0 0.00158042 -0.00679922 0.0100703 -0.00984618
internal_weight=31640.6 29803.1 1837.56 21737 8066.12 18316.1 878.08 3420.87 959.481 839.247 7793.02 754.937 273.094 120.235
internal_count=167778 144583 23195 107792 36791 82296 14380 25496 8815 8055 35003 10807 1788 760
is_linear=0
shrinkage=0.03


Tree=146
num_leaves=13
num_cat=0
split_feature=2 2 0 0 6 5 3 4 2 0 3 5
split_gain=48.0071 17.861 18.1406 14.7901 15.9761 14.0809 14.5505 13.5277 11.5041 11.0638 10.1643 3.01086
threshold=0.0019736335366390503 0.0057558723285817152 -0.022131525567186557 -0.013675986149512763 0.016988119487024281 -0.81033468203134218 0.20053661466754794 0.49687500000000007 0.0018894389554005039 0.003309990399575025 1.1545539654804615 -0.24916768020327595
decision_type=8 8 8 10 10 8 10 10 10 10 10 10
left_child=3 5 11 -1 7 10 -7 -5 -6 -4 -2 -3
right_child=1 2 9 4 8 6 -8 -9 -10 -11 -12 -13
leaf_value=0.012099969919527971 -0.0016066790350522621 0.0048545825607594411 3.2336385908977669e-05 -0.0045230573852153488 0.0054615650205621638 0.0011095760851305586 -0.00049439610087577618 -0.011321945154126198 -0.0084318503710865047 0.0032693949407014734 0.006688506273971803 0.011913853941936592
leaf_weight=34.902716070413589 5082.5511398911476 173.03047044575214 2158.9672928452492 1178.6370788644999 190.87192282453179 10913.770248226821 9463.9714323729277 369.81819808855653 61.471590884029865 1742.8867517858744 124.24900145828724 164.67724725604057
leaf_count=194 24858 1147 9770 16192 1219 53529 45474 5310 330 8275 585 1091
internal_value=1.27732e-05 0.000305131 0.00210625 -0.00468049 -0.00510389 3.62147e-06 0.000361828 -0.00624757 0.00165599 0.00149827 -0.00138479 0.00871311
internal_weight=31659.8 29824.1 4239.56 1835.7 1800.8 25584.5 20377.7 1548.46 252.344 3901.85 5206.8 337.708
internal_count=167974 144729 20283 23245 23051 124446 99003 21502 1549 18045 25443 2238
is_linear=0
shrinkage=0.03


Tree=147
num_leaves=15
num_cat=0
split_feature=2 1 7 1 2 2 1 2 1 2 3 1 3 7
split_gain=41.2112 28.9565 26.5793 25.4759 24.3265 14.6974 14.6589 12.6657 9.15129 6.00524 4.42866 4.36182 1.77177 0.799103
threshold=0.0019877204066549993 3.0063222569592827 0.024778987606094205 -1.5125736617201679 0.0033663546919533052 0.0027752499353625639 2.3702013067977661 0.0015933974398020996 -0.41274357435780445 0.0018894389554005039 1.1475033202893381 3.2882728992079229 0.81489823453427268 0.001939111192175026
decision_type=8 10 10 8 10 10 10 10 10 10 10 10 10 10
left_child=2 3 8 5 -5 -2 7 -4 13 -10 11 -3 -8 -1
right_child=1 10 6 4 -6 -7 12 -9 9 -11 -12 -13 -14 -15
leaf_value=-0.0018178506141560526 -0.01227882563199968 0.0040345310947611773 -0.0073751934600362421 -0.00068589682122205018 0.0010993970162076255 -0.0026265665897922575 0.012244532668834553 -0.0007654994582207632 -0.008554918399411306 0 0.001881687029560566 0.013717058175698451 0.0021802351183404173 -0.016595306863848493
leaf_weight=15.608830403536556 162.70321292430162 96.824586138129234 382.6483762152493 11770.517691582441 16392.636934071779 1067.6475388258696 50.673588328063488 860.84567167982459 292.73956906981766 80.768960915505886 91.942371152341366 166.76071371883154 52.359369888901711 156.58798979409039
leaf_count=316 1529 437 6944 64487 71559 4946 301 7940 4065 654 408 758 332 3186
internal_value=-1.272e-06 0.000270477 -0.00428412 0.000163983 0.000351142 -0.00404007 -0.00193407 -0.00288991 -0.00983575 -0.00660911 0.00866541 0.0106571 0.00830623 -0.0157584
internal_weight=31641.3 29749 1892.23 29393.5 28163.2 1230.35 1346.53 1243.49 545.705 373.509 355.528 263.585 103.033 172.197
internal_count=167862 144124 23738 142521 136046 6475 15517 14884 8221 4719 1603 1195 633 3502
is_linear=0
shrinkage=0.03


Tree=148
num_leaves=15
num_cat=0
split_feature=2 2 6 2 7 7 5 0 5 6 2 7 0 7
split_gain=42.4916 24.141 23.2048 20.7108 19.1612 18.8497 18.4106 14.5573 21.1275 14.5514 11.6154 10.9583 12.6277 3.75248
threshold=0.0025593995991118391 0.0013313840679558082 -0.0054554791429826102 0.011644782828630353 0.12061692563016281 0.14653798625209205 1.0947268277656994 4.4430862930822108e-05 -1.437423054820101 -0.021491531990514009 0.0022175214254662079 0.10957987532263623 0.0024298396324026199 0.028966743766788771
decision_type=10 8 8 10 10 10 8 10 10 10 8 10 10 10
left_child=1 11 7 5 6 -4 -3 9 -9 -2 -6 12 -1 -5
right_child=2 4 3 13 10 -7 -8 8 -10 -11 -12 -13 -14 -15
leaf_value=-0.016553495457182453 0.0024724584938326175 -0.0017381788861806494 -0.00051731729404465743 0.0030305019692288752 0.0065521976402337411 0.0039643055942761816 -0.0071165859316090242 -0.0077982966059305702 0.004504090014339681 -0.00023269065627053745 -0.0010912052796811554 0.002668722256820502 0 0.012587912318196179
leaf_weight=188.02189315110445 3363.9343440979719 4289.3388819992542 15186.082466490567 91.627996996045113 352.02346174046397 882.61384738981724 667.41265492886305 120.92467194795609 2191.0129242837429 3730.8553100600839 326.80281932651997 35.295716516673565 44.199143067002296 117.84398972988129
leaf_count=4767 15519 35982 69021 485 2128 3824 5694 544 9782 16393 1779 475 663 656
internal_value=1.60387e-05 -0.00227493 0.000545583 -0.000136622 -0.00183318 -0.000265109 -0.00248732 0.00173139 0.00380397 0.00104316 0.00282296 -0.0109635 -0.0133078 0.00900923
internal_weight=31588 5903.09 25684.9 16278.2 5635.58 16068.7 4956.75 9406.73 2311.94 7094.79 678.826 267.517 232.221 209.472
internal_count=167712 51488 116224 73986 45583 72845 41676 42238 10326 31912 3907 5905 5430 1141
is_linear=0
shrinkage=0.03


Tree=149
num_leaves=15
num_cat=0
split_feature=2 7 2 0 7 2 2 2 0 5 7 0 6 0
split_gain=39.481 22.7768 18.0125 17.5558 15.9586 15.6967 14.071 13.66 11.0844 10.311 8.04222 7.57865 4.88507 4.22901
threshold=0.0017989135513542737 0.048399561361017633 0.0057558723285817152 -0.0021069884328785977 0.11536603435587876 0.0033790425544059106 0.0013313840679558082 0.001907142958340269 0.002922206856630805 -1.0074351888170801 0.017198461180983095 -0.014230892624115086 0.020677032743742 -0.0014925977382659881
decision_type=8 10 8 10 10 10 10 8 10 8 10 8 10 10
left_child=4 2 3 -2 6 7 8 -3 -1 -7 -8 -4 13 -6
right_child=1 5 11 -5 12 9 10 -9 -10 -11 -12 -13 -14 -15
leaf_value=-0.01601154520996461 0.00045392279134504575 0.0081318055269303212 0.0061461758920213711 -0.0018987102929605645 0 -0.0005364440712615254 -0.0095959909630393744 -0.00023360962715757749 0 0.0023214741144078929 -0.0024360681244410052 0.0010720923557271077 -0.0026052081631147443 0.012231032285205624
leaf_weight=196.80513804405928 4347.4106615409255 170.21358487382531 307.15463143587112 8091.6824866198003 29.451111525297165 1301.9131310582161 205.62257222831249 6923.6339214965701 40.305233236402273 7322.8151966407895 549.66378613188863 2025.7693676128983 49.76934277266264 55.545360207557678
leaf_count=5039 20689 1151 1784 43478 276 5727 3275 36617 542 31979 7221 9222 277 651
internal_value=2.14137e-05 0.000227926 -0.000615139 -0.00107195 -0.00546501 0.00102392 -0.00679753 -1.32748e-05 -0.0131979 0.001883 -0.00456364 0.00178914 0.00372476 0.00794692
internal_weight=31617.8 30490.6 14772 12439.1 1127.16 15718.6 992.397 7093.85 237.11 8624.73 755.286 2332.92 134.766 84.9965
internal_count=167928 150647 75173 64167 17281 75474 16077 37768 5581 37706 10496 11006 1204 927
is_linear=0
shrinkage=0.03


Tree=150
num_leaves=15
num_cat=0
split_feature=2 1 4 1 4 5 7 7 7 2 2 5 7 4
split_gain=40.8044 36.0289 25.9064 22.0845 19.7966 19.5516 15.5738 15.3282 14.7351 14.0835 10.2882 6.94321 5.79889 5.56106
threshold=0.0025593995991118391 -0.44045240400068902 0.5368750000000001 1.8385319234672457 0.35562500000000002 -1.4086963361635039 0.051213677192040501 0.0055869596153916524 0.093921020462573876 0.00155754180092554 0.0059498431259504261 0.88262439235368539 0.029340888039577417 0.66812500000000008
decision_type=8 10 10 10 10 8 10 8 10 10 10 10 10 10
left_child=1 2 6 5 12 -2 -1 -7 10 -6 -5 -4 -3 -10
right_child=3 4 11 8 9 7 -8 -9 13 -11 -12 -13 -14 -15
leaf_value=-0.01207945305465513 -0.0027241623527763646 0 0.0016625761944766176 0.00039333167997650492 -0.0070927919077590192 -0.0025307544949700468 -0.0038959247498599778 0.00066954503203374167 0.0094968698965849103 -0.00089857732242275832 0.011059258882785221 -0.0073701927670783741 0.010567158220829317 0
leaf_weight=619.9566073641181 1860.7720690965652 59.072903603315353 340.50723869912326 759.56710448861122 357.89826968312263 1422.3157640770078 372.0153875425458 21198.886514380574 426.83811314404011 3793.7286616489291 83.403615109622478 87.441831154748797 154.6043594814837 65.670732237398624
leaf_count=8737 8463 521 3714 3219 6215 6534 4303 95863 2028 25267 563 962 1153 286
internal_value=-8.13815e-05 -0.00235795 -0.00649914 0.000427148 -0.000985436 0.000218814 -0.00913981 0.000464645 0.00417172 -0.00146274 0.00163625 -0.000172212 0.00767082 0.00827309
internal_weight=31602.7 5785.23 1419.92 25817.5 4365.3 24482 991.972 22621.2 1335.48 4151.63 842.971 427.949 213.677 492.509
internal_count=167828 50872 17716 116956 33156 110860 13040 102397 6096 31482 3782 4676 1674 2314
is_linear=0
shrinkage=0.03


Tree=151
num_leaves=15
num_cat=0
split_feature=2 7 1 7 2 4 4 2 1 7 4 1 4 7
split_gain=44.4033 26.8218 24.7042 30.9825 24.1859 17.0166 16.6849 16.1547 14.0765 12.8816 11.0325 9.06443 6.4255 5.20709
threshold=0.0019877204066549993 0.025152661291094825 0.59025181720934639 0.082646617819239349 0.004283565586432057 0.49437500000000006 0.36062500000000003 0.0012970047784985046 -1.4268424186073871 0.117997612515506 0.66937500000000016 -0.41274357435780445 0.64187500000000008 0.011287748472436193
decision_type=8 10 8 8 10 10 10 10 10 10 8 10 10 10
left_child=1 11 4 5 8 -4 -3 -8 -2 -6 -5 12 -1 -13
right_child=2 6 3 10 9 -7 7 -9 -10 -11 -12 13 -14 -15
leaf_value=-0.018480330689067886 -0.0048271593775195401 0.0070750129188458669 0.0014230417940545262 0.004592241541286993 0.0012953163732224524 -0.0022630660145458721 -0.012228780222125507 -0.0019974172492660432 -0.00090885796995645088 -0.0035974930072312501 -0.00085055139776311103 -0.010852234856371858 0 -0.0030725377555445884
leaf_weight=144.97413543052971 879.44783187657595 139.32123668119311 2961.3303839936852 2630.7063139230013 6906.51742836833 1805.6145682930946 156.78114340081811 1042.0091759506613 13636.692035652697 505.66145931184292 359.94252671301365 176.67838903144002 22.506754696369171 200.52948234416544
leaf_count=3102 5406 1452 13747 11927 29793 8164 3442 10618 71168 2148 1627 2239 409 2576
internal_value=-0.000209336 -0.0046649 7.27089e-05 0.00152835 -0.00043998 1.24497e-05 -0.00228793 -0.00347524 -0.00115354 0.000949046 0.00391652 -0.0102496 -0.0162982 -0.00705755
internal_weight=31568.7 1882.8 29685.9 7757.59 21928.3 4766.94 1338.11 1198.79 14516.1 7412.18 2990.65 544.689 167.481 377.208
internal_count=167818 23838 143980 35465 108515 21911 15512 14060 76574 31941 13554 8326 3511 4815
is_linear=0
shrinkage=0.03


Tree=152
num_leaves=15
num_cat=0
split_feature=7 6 6 6 4 7 4 4 4 7 4 3 7 3
split_gain=28.59 23.0181 21.3771 27.302 17.7629 23.1993 14.6656 14.205 27.8627 21.9006 13.1894 8.1555 6.2693 3.53881
threshold=0.046146106744854441 0.05018662551829501 -0.0037127266891614492 0.0060896989147298805 0.71437500000000009 0.10957987532263623 0.48187500000000005 0.35562500000000002 0.39312500000000006 0.11536603435587876 0.7243750000000001 -0.11342028446789457 0.028192386057834435 -1.1035362182142106
decision_type=8 10 10 10 10 10 10 8 8 10 10 10 10 10
left_child=1 2 6 -4 7 10 -1 9 -9 -2 -6 13 -13 -3
right_child=4 11 3 -5 5 -7 -8 8 -10 -11 -12 12 -14 -15
leaf_value=0.0015631637012351004 0.0025360311135070391 0.0030078707157394566 -0.0040180180499069258 -0.00057911327280767155 -0.02197536998375588 0.0038486889432319325 -0.0014780556869968483 -0.0032267251475246164 0.0011865091177032422 0.015662530231036125 -0.0053381323316851505 0.0055027482543528955 -0.0052677763912261982 0.013500480719878364
leaf_weight=3300.0160685386509 759.91070244088769 67.13910399377346 3759.1035718694329 4746.7648765500635 68.817307271063328 127.13997156918049 2488.8425725959241 1400.2444023061544 14207.71118440479 130.54692910611629 146.19549914449453 115.77676256000996 66.118237003684044 125.25750426948071
leaf_count=17429 3906 318 26985 23420 356 537 12325 7905 71554 637 676 560 329 598
internal_value=1.16002e-05 -0.000954366 -0.00115195 -0.00210889 0.000856635 -0.00578733 0.000244991 0.00100148 0.000784928 0.00467966 -0.0116697 0.00626922 0.00120453 0.0104649
internal_weight=31509.6 14669 14294.7 8505.87 16840.6 342.153 5788.86 16498.4 15608 890.458 215.013 374.292 181.895 192.397
internal_count=167535 81964 80159 50405 85571 1569 29754 84002 79459 4543 1032 1805 889 916
is_linear=0
shrinkage=0.03


Tree=153
num_leaves=14
num_cat=0
split_feature=1 6 6 0 4 0 4 1 0 4 5 1 3
split_gain=35.0411 23.985 32.4643 17.5349 16.1497 16.5197 12.5051 7.04105 6.71829 6.04098 6.9966 4.92576 1.00978
threshold=1.7821885545188734 -0.0025992975639645972 0.0036099551654986688 0.0015124027059009173 0.47312500000000007 0.01097405567358223 0.42687500000000006 0.46599959433634947 -0.030186480072467822 0.48187500000000005 0.85512461342886881 3.2882728992079229 -0.50865557526259952
decision_type=10 8 10 10 8 10 8 10 10 10 10 10 10
left_child=1 4 3 -3 7 -6 -4 -1 12 10 -10 -11 -2
right_child=8 2 6 -5 5 -7 -8 -9 9 11 -12 -13 -14
leaf_value=0.0011532619674789217 0.0030978188448675305 -0.0043666711860981316 -0.0017472707869645992 -0.00058499067124917904 -0.00060365892217611994 0.010503524266516431 0.00039392969115048607 0.0034625559519805772 0.0060859140163043437 0.00012832906663370804 0 0.0066742320144869919 0.010623765372732462
leaf_weight=4435.5972687397152 58.605401270091534 3228.8717398997396 3354.3935222923756 1738.7427784260362 5929.8626845255494 112.64214337617159 9004.5956736467779 1699.8630409054458 756.9496701285243 740.53413004800677 228.92537043988705 114.55482948571444 145.09498601406813
leaf_count=23691 335 23703 17894 10183 29359 532 43835 8789 3714 3360 1085 516 844
internal_value=-2.86223e-05 -0.000294211 -0.00101251 -0.00305891 0.000722841 -0.000369678 -0.000183312 0.00180742 0.00375741 0.00310109 0.00471181 0.00114164 0.00898557
internal_weight=31549.2 29504.6 17326.6 4967.61 12178 6042.5 12359 6135.46 2044.66 1840.96 985.875 855.089 203.7
internal_count=167840 157986 95615 33886 62371 29891 61729 32480 9854 8675 4799 3876 1179
is_linear=0
shrinkage=0.03


Tree=154
num_leaves=15
num_cat=0
split_feature=2 2 7 7 6 2 2 2 2 4 4 0 6 4
split_gain=40.3892 28.4461 24.2801 21.3458 24.9274 17.5873 23.3116 14.7157 8.79328 4.81525 4.21485 2.44811 7.74222 3.11616
threshold=0.0019736335366390503 0.01006235347145863 0.024778987606094205 0.079112477270714077 0.066047323932674665 0.0019273428732258953 0.0017989135513542737 0.0049402804779042639 0.0019273428732258953 0.39812500000000006 0.68187500000000012 0.010010201968497336 0.032523106519563257 0.42812500000000003
decision_type=8 10 10 8 10 10 10 10 10 10 10 10 10 10
left_child=2 3 8 4 -2 6 -4 -5 10 -7 -1 13 -13 -3
right_child=1 11 5 7 -6 9 -8 -9 -10 -11 -12 12 -14 -15
leaf_value=-0.011785728134798059 -0.00061228544499664854 0.00075272021520062383 -0.0035250446037213183 0.00069271766913003201 0.0098168312906547362 0 0.0058646509996278509 0.003938027265447246 0.0012629687384750476 -0.012903962199545716 0 0.014847237394280363 0.0024010204262469438 0.0068332729622163479
leaf_weight=444.67447761073709 19999.355763152242 150.91487706452608 773.76780639030039 7424.8210942521691 197.86950446665287 38.150760050863028 329.96442725881934 1526.3824638426304 45.445336155593395 144.75011858716607 18.596987079828978 110.52354294061661 100.4356347694993 228.04255077987909
leaf_count=7274 98493 862 11073 34721 921 312 2572 7104 460 1201 290 615 600 1250
internal_value=-9.13263e-05 0.000171171 -0.00444946 3.60009e-05 -0.000502336 -0.00216131 -0.000636638 0.00125659 -0.00996768 -0.0105411 -0.0111996 0.00663815 0.00957009 0.00464764
internal_weight=31533.7 29738.3 1795.35 29148.4 20197.2 1286.63 1103.73 8951.2 508.717 182.901 463.271 589.917 210.959 378.957
internal_count=167748 144566 23182 141239 99414 15158 13645 41825 8024 1513 7564 3327 1215 2112
is_linear=0
shrinkage=0.03


Tree=155
num_leaves=15
num_cat=0
split_feature=2 6 1 2 4 0 1 1 4 4 4 4 6 6
split_gain=32.7201 26.4787 21.8659 29.4816 18.0286 16.9857 14.4684 13.8804 8.41328 20.2648 6.37818 5.43322 3.78079 2.24979
threshold=0.001445588710339061 -0.005288168420757521 -0.795998489005312 0.0021865447809102587 0.69937500000000008 0.013329240817862244 0.27094022556165259 3.2882728992079229 0.42562500000000009 0.39437500000000009 0.65812500000000007 0.35812500000000008 -0.014337313907883951 -0.0031483897584445582
decision_type=8 8 8 10 10 10 10 10 10 10 10 10 10 10
left_child=6 5 3 -3 -4 7 10 -2 9 -8 11 -1 -7 -10
right_child=1 2 4 -5 -6 12 8 -9 13 -11 -12 -13 -14 -15
leaf_value=0 0.00095350642269173623 -0.011733128483262748 0.00015874514915750621 -0.0017717563005560111 -0.0049937600042454146 0.0052846297549680428 -0.0057930807542764893 0.010533489644707026 0 0.018267017844538887 0.0018469852107984529 -0.017792483135029059 0.016219996101945567 -0.012422142066704564
leaf_weight=17.040465082973242 10823.03555752337 279.77783423289657 14917.620420388877 4155.0281518697739 627.02417893707752 112.70127902179956 80.494149941951036 129.42656909674406 19.948298182338476 37.418911140412092 11.103458890691398 153.39195415750146 64.581907972693443 55.949350371956825
leaf_count=380 52445 4436 76378 21833 3074 605 1058 633 329 531 243 4372 303 983
internal_value=-3.73893e-05 6.82952e-05 -0.000582851 -0.00243867 -4.83109e-05 0.00124205 -0.00872682 0.00108169 -0.00242789 0.00220433 -0.0146605 -0.0161113 0.010242 -0.00974173
internal_weight=31484.5 31109.2 19979.5 4434.81 15544.6 11129.7 375.347 10952.5 193.811 117.913 181.536 170.432 177.283 75.8976
internal_count=167603 159707 105721 26269 79452 53986 7896 53078 2901 1589 4995 4752 908 1312
is_linear=0
shrinkage=0.03


Tree=156
num_leaves=15
num_cat=0
split_feature=2 7 2 1 2 1 2 5 7 2 2 7 1 2
split_gain=38.4857 31.2904 23.6185 27.291 21.8138 15.2829 19.6178 13.0756 11.691 12.2635 8.9921 8.79205 6.53396 4.13039
threshold=0.0019877204066549993 0.023659550884582829 0.0049402804779042639 -0.91953518346047136 0.0027616538798669486 0.099497566449326821 0.0019273428732258953 -0.73010643203788395 0.075800315044144514 0.01006235347145863 0.0019273428732258953 0.12483913359018094 -0.35763036366884404 0.0013313840679558082
decision_type=8 10 8 10 10 10 10 8 10 10 10 10 10 10
left_child=1 10 3 4 -2 13 -7 -5 9 -4 12 -10 -1 -3
right_child=2 5 8 7 -6 6 -8 -9 11 -11 -12 -13 -14 -15
leaf_value=-0.017812280505355202 -0.0074870474225264601 -0.012867272927442237 0.00044842416572381878 -0.0012114230394158513 -0.0014742466551818986 0.0028233543226094419 -0.0090607554072552124 0.00062182883128697355 0.0049802520846803202 0.0053729565311961183 0 -0.00010484130458518565 -0.0085729949034062166 -0.0043705379964012886
leaf_weight=145.24305432476103 674.88637889921665 66.43704972974956 4137.1225708574057 4521.2207498773932 2880.9045619815588 696.50374185666442 141.06596499681473 15263.20141735673 1399.1763085275888 508.01798049360514 67.518083319067955 361.14078597724438 289.94744308851659 446.14512579143047
leaf_count=3271 6377 2093 18506 21623 14041 6585 906 72633 6532 2805 653 1803 3951 6192
internal_value=-5.2268e-05 -0.00423683 0.000207709 -0.000233042 -0.00265009 -0.00177274 0.000667719 0.000199455 0.00182093 0.00101027 -0.0105741 0.00390842 -0.0121222 -0.00581179
internal_weight=31598.5 1852.86 29745.7 23340.2 3555.79 1350.15 837.57 19784.4 6405.46 4645.14 502.709 1760.32 435.19 512.582
internal_count=167971 23651 144320 114674 20418 15776 7491 94256 29646 21311 7875 8335 7222 8285
is_linear=0
shrinkage=0.03


Tree=157
num_leaves=15
num_cat=0
split_feature=7 1 1 6 6 7 4 7 7 4 6 4 4 4
split_gain=26.2432 27.0998 24.8584 16.6907 21.3156 12.1786 14.4126 12.1746 8.48152 9.46811 7.35997 7.07529 6.52935 4.51527
threshold=0.046607530178200546 -1.5794115400120594 0.59025181720934639 -0.0037127266891614492 0.0047913447927507855 0.075146926839640513 0.66937500000000016 0.0039244731767421716 0.050733483445909257 0.52187500000000009 0.014690058509943428 0.39312500000000006 0.67187500000000011 0.48812500000000009
decision_type=10 8 10 8 10 10 10 8 10 8 10 10 8 10
left_child=1 12 8 7 -5 10 -7 -3 9 -2 -4 -10 13 -1
right_child=2 3 5 4 -6 6 -8 -9 11 -11 -12 -13 -14 -15
leaf_value=-0.0049186596612933809 0.0051733695554274251 -0.0035140488387957422 0.0017560337761004657 -0.0033588319498809569 -0.00023829042153955676 0.0042024400016780813 -0.0023012900983634022 0.001167515795321118 -0.0020647296367298004 -0.0012588708569465259 -0.0026400776954500125 0.0001893202509350041 0.0018828374876849868 -0.011045605755208758
leaf_weight=336.10867550224066 576.70828606374562 539.59645079262555 1126.0497767478228 3132.1140799894929 5410.8897134382278 3254.7789382040501 319.7623647749424 5106.5379544273019 1437.1153880674392 292.2371634542942 475.67132160067558 9201.9166813604534 55.790350280702114 249.65249291062355
leaf_count=2034 3206 2849 5797 22879 27331 15415 1412 26263 7924 1518 2167 47353 327 1396
internal_value=8.23153e-05 -0.000833505 0.000899997 -0.000553784 -0.00139198 0.00262499 0.00359911 0.000704073 0.000117285 0.00295215 0.000404991 -0.000111174 -0.00682454 -0.00777226
internal_weight=31514.9 14830.7 16684.2 14189.1 8543 5176.26 3574.54 5646.13 11508 868.945 1601.72 10639 641.552 585.761
internal_count=167871 83079 84792 79322 50210 24791 16827 29112 60001 4724 7964 55277 3757 3430
is_linear=0
shrinkage=0.03


Tree=158
num_leaves=15
num_cat=0
split_feature=2 1 2 4 4 3 5 4 1 0 1 0 4 1
split_gain=28.915 26.2595 24.3965 23.637 22.466 18.0676 27.3043 17.0789 12.6969 11.2748 10.9305 10.6031 9.41144 6.34382
threshold=0.0032543807002979523 0.34074117143220889 0.0014092396667470914 0.57812500000000011 0.74187500000000017 0.54669995934467897 0.0097015132262858478 0.35812500000000008 3.0063222569592827 0.0010150316866403 2.625312181747907 0.014872349589777569 0.5056250000000001 -1.7017259802264992
decision_type=8 10 10 10 10 10 10 10 8 10 10 10 8 10
left_child=1 2 7 10 -4 6 12 -1 13 -8 -3 -5 -2 -7
right_child=5 3 4 11 -6 8 9 -9 -10 -11 -12 -13 -14 -15
leaf_value=0.010432172135228294 0.0010959184343628425 0.0012890864685296769 -0.0020300571537581087 -0.0039584345662275174 0.012526972766382283 -0.0066480855642763849 0.0017474803611312643 -0.016539939368253598 0.0079042849431472731 0.0044783572687004036 0.0072170258620036743 0.0050838838144581797 -0.0014135241734687383 -0.00033333582057805351
leaf_weight=14.6461333502084 3595.8219570666552 3721.9763712510467 7268.7321110069752 1088.7712051905692 85.77867291867733 137.66210722923279 2900.5026820376515 148.40872452035546 156.16586218029261 2775.0244468525052 300.68873374909163 116.45155863463879 2127.8432537391782 7056.7360538616776
leaf_count=340 15859 20676 51765 5703 502 619 12871 4433 766 12029 1442 490 9301 30993
internal_value=0.000126693 -0.00097314 -0.0021095 0.000650365 -0.00183535 0.000877641 0.00162572 -0.0133077 -0.000274958 0.00309881 0.00176387 -0.00300072 0.000151699 -0.000471555
internal_weight=31495.2 12745.5 7517.57 5227.89 7354.51 18749.8 11399.2 163.055 7350.56 5675.53 4022.67 1205.22 5723.67 7194.4
internal_count=167789 85351 57040 28311 52267 82438 50060 4773 32378 24900 22118 6193 25160 31612
is_linear=0
shrinkage=0.03


Tree=159
num_leaves=13
num_cat=0
split_feature=2 7 2 0 7 7 4 4 4 4 0 4
split_gain=29.2374 20.7498 16.1293 16.3319 16.2652 16.2401 16.7026 15.7009 13.546 13.3735 10.8121 9.23767
threshold=0.0017989135513542737 0.16751948955608281 0.0032794510662527919 -0.0021729698817943284 0.12483913359018094 0.075800315044144514 0.33562500000000006 0.62687500000000007 0.35812500000000008 0.6618750000000001 0.0021239635318321963 0.36062500000000003
decision_type=8 10 10 8 10 10 8 10 8 10 10 10
left_child=1 7 3 8 -5 6 -4 11 -2 -9 -7 -1
right_child=2 -3 5 4 -6 10 -8 9 -10 -11 -12 -13
leaf_value=0 0.0076767442800894248 0.019063129814949176 -0.0058072794268083519 -0.0020086163872698459 0.0019459966420483509 0.00086410069692254465 0.00030264775765182958 0.016099071492152728 0.00038924296042920365 -0.002392071260424631 0.0035510174275239538 -0.0081520914711987382
leaf_weight=134.55759009346366 237.0819637067616 21.153675340116024 405.91968216747046 7056.7931343428791 1055.6882218047976 3205.8622974976897 12325.151193246245 41.016829477623105 3692.7452651448548 94.86141349375248 2429.8648999333382 799.49322506599128
leaf_count=1825 1218 128 1804 44500 5068 14314 54058 626 19249 1392 10407 13221
internal_value=-3.52338e-05 -0.00483915 0.000136693 -0.000713772 -0.00148485 0.000697656 9.87236e-05 -0.00553943 0.000862488 0.00349941 0.00203744 -0.00694102
internal_weight=31500.2 1091.08 30409.1 12042.3 8112.48 18366.8 12731.1 1069.93 3929.83 135.878 5635.73 934.051
internal_count=167810 17192 150618 70035 49568 80583 55862 17064 20467 2018 24721 15046
is_linear=0
shrinkage=0.03


Tree=160
num_leaves=15
num_cat=0
split_feature=1 2 6 2 2 6 0 1 3 5 2 5 0 5
split_gain=24.5916 34.1459 21.1982 18.7442 14.0839 23.7603 13.2584 7.03822 7.15516 5.2048 8.44581 5.14421 4.51598 1.23984
threshold=1.7821885545188734 0.0013313840679558082 -0.0032830974870829972 0.010570226405862491 0.0011258670578612672 -0.00033603757179800903 0.012453430536371603 3.2882728992079229 1.1404173513285387 -0.78236691818126736 0.0034074424238504219 0.85512461342886881 0.0025028687437168577 0.14380683880496362
decision_type=10 8 8 10 10 10 10 10 10 10 10 10 10 10
left_child=1 4 6 -4 5 -1 -3 9 13 10 -2 -11 -6 -9
right_child=7 2 3 -5 12 -7 -8 8 -10 11 -12 -13 -14 -15
leaf_value=0.012017714640690305 -0.0041205476830649575 0.00078835038187949694 -0.00083978002296183668 0.0069752675564888561 -0.021210557439022844 -0.01495878781462643 0.008194477585644221 0.013603366227166363 0.00025476228546533866 0.0044589274287304588 0.0040613412365251653 0 -0.0010613608953649795 0.0049475216088026861
leaf_weight=43.528874821960926 236.16423597931862 11435.443526351824 17310.891311377287 269.32692138105631 95.350237878039479 53.577287528663874 214.04897158592939 112.96489399671555 93.245204873383045 1007.5409282557666 198.96125528216362 323.72230134159327 19.382858609780669 66.86425507068634
leaf_count=1128 1098 56928 93044 1440 2730 1329 1063 549 443 4913 986 1529 355 311
internal_value=7.48215e-05 -0.000144367 -5.32965e-05 -0.000712746 -0.0118711 -0.00231307 0.000936489 0.00325356 0.00776943 0.00248184 -0.00023739 0.00341051 -0.0186456 0.0111312
internal_weight=31481 29441.5 29229.7 17580.2 211.839 97.1062 11649.5 2039.46 273.074 1766.39 435.125 1331.26 114.733 179.829
internal_count=167846 158017 152475 94484 5542 2457 57991 9829 1303 8526 2084 6442 3085 860
is_linear=0
shrinkage=0.03


Tree=161
num_leaves=15
num_cat=0
split_feature=2 1 4 4 6 0 6 0 6 0 4 6 2 2
split_gain=37.5894 30.7002 32.7166 23.5481 21.01 19.1382 20.607 17.3106 15.191 15.0814 14.0083 13.4571 12.128 9.87389
threshold=0.0025593995991118391 -0.44045240400068902 0.59812500000000013 0.46937500000000004 -0.0054554791429826102 -0.0040358308070839169 0.066047323932674665 0.00013587842355844429 -0.068807594727604546 -0.0014361168541224265 0.37937500000000007 0.0043456561953663106 0.0017989135513542737 0.0031687766861593688
decision_type=8 10 10 10 8 8 8 10 10 10 10 10 10 10
left_child=1 2 10 12 7 -6 -7 8 -2 -4 -1 -5 -3 -9
right_child=4 3 9 11 5 6 -8 13 -10 -11 -12 -13 -14 -15
leaf_value=-0.016617091670743503 0.006359927305131228 -0.0026837168028498179 -0.0080306520515821406 -0.0053271926293605564 0.0024320817350205817 -0.0008651682541008437 0.0051496482362078187 -0.00017978556746328154 0.00043617962347600669 0.0063220497764214026 -0.0068751270202567381 0 0.0021688022685891224 0.004737961136092878
leaf_weight=171.37074741348624 406.77413086593151 603.0083594918251 79.203099260106683 1248.2929745055735 2081.8714557960629 13737.853887148201 520.3272969648242 427.02480184286833 6723.2990672066808 226.77657305262983 904.95022162236273 673.74824949167669 1819.1045073568821 1868.8954893648624
leaf_count=2869 2430 7950 800 9534 9151 62862 2489 2101 29742 2683 11345 4370 11326 8175
internal_value=-8.12156e-05 -0.00227911 -0.00616512 -0.0010175 0.00040563 -0.000241932 -0.000638008 0.00153361 0.00079097 0.00228038 -0.00862015 -0.00349483 0.000929984 0.00380046
internal_weight=31492.5 5726.45 1382.3 4344.15 25766 16340.1 14258.2 9425.99 7130.07 305.98 1076.32 1922.04 2422.11 2295.92
internal_count=167827 50877 17697 33180 116950 74502 65351 42448 32172 3483 14214 13904 19276 10276
is_linear=0
shrinkage=0.03


Tree=162
num_leaves=15
num_cat=0
split_feature=1 0 4 1 5 4 4 4 0 7 4 7 7 1
split_gain=26.5431 22.2075 38.9055 25.7268 18.367 17.2715 17.1659 15.8993 21.2419 17.183 14.9213 12.1457 6.86491 11.1366
threshold=-0.56290049079137139 0.0024298396324026199 0.61062500000000008 -1.3112871948813813 -1.0074351888170801 0.40312500000000007 0.63437500000000013 0.49562500000000004 0.002922206856630805 0.1418067483863894 0.5056250000000001 0.021849635591579149 0.11072801885451458 0.11981596510748525
decision_type=8 10 8 10 8 10 8 10 10 10 10 10 10 8
left_child=1 2 3 -1 12 11 -4 8 -6 -9 -7 -3 -2 -14
right_child=4 5 6 -5 7 10 -8 9 -10 -11 -12 -13 13 -15
leaf_value=-0.0071609091465725467 -0.0021454321547614806 -0.0119534735220377 0.0091996742035586332 -0.0022587515964844727 0.0026071817107589613 0.0041520815319926489 0.00047144447215170462 -0.00071589608265050541 -8.5196053129892171e-06 0.0039629951584664166 -0.00082378361619357492 -0.001083744511462254 -0.0047842672552884415 0.0040463963106564926
leaf_weight=1307.2206838279963 2831.7745861578733 123.80660845339298 256.39751801639795 3912.495220605284 6901.2565932683647 1247.3235715962946 926.84019377268851 6688.8224989138544 4614.0443032309413 778.20530480518937 918.895796649158 357.37324404902756 170.12244966253638 416.55908270180225
leaf_count=8132 14854 662 1371 24339 38617 6046 5693 33551 22030 3410 4446 1749 842 1942
internal_value=-6.31686e-05 -0.00143508 -0.00239203 -0.00350926 0.000488824 0.000857119 0.00247431 0.000855477 0.0015548 -0.000215595 0.0020197 -0.00418908 -0.00152622 0.00134791
internal_weight=31451.1 9050.35 6402.95 5219.72 22400.8 2647.4 1183.24 18982.3 11515.3 7467.03 2166.22 481.18 3418.46 586.682
internal_count=167684 52438 39535 32471 115246 12903 7064 97608 60647 36961 10492 2411 17638 2784
is_linear=0
shrinkage=0.03


Tree=163
num_leaves=15
num_cat=0
split_feature=2 7 4 6 1 2 6 0 4 0 4 2 4 2
split_gain=29.4492 27.6571 20.2673 30.2392 19.5091 16.3196 14.2303 18.9173 14.5335 10.3497 12.6065 8.81448 6.94598 3.77401
threshold=0.0032013059292748292 0.15905407352226877 0.39812500000000006 0.041777503415344704 3.2882728992079229 0.0013313840679558082 -0.010149575979001567 -0.011785569635913149 0.71437500000000009 0.00054676942150733165 0.41687500000000005 0.0038518318681561611 0.31437500000000002 0.0025316596608429532
decision_type=8 10 10 10 10 10 8 8 10 10 10 8 10 10
left_child=1 4 13 -4 5 -1 9 11 -9 12 -11 -8 -2 -3
right_child=6 2 3 -5 -6 -7 7 8 -10 10 -12 -13 -14 -15
leaf_value=-0.0093474101638423655 0.0097075602556851975 0 0.01211138431617116 -0.004587386164638301 0.008810035222533083 -0.0015178494169271819 0.01442387868335553 8.8406966276393569e-05 -0.0065154056460589001 -0.00094495544661217154 0.0060357054590423802 0.0035981207642731498 0.0010522063575832024 -0.0093301271705203293
leaf_weight=238.79202533885837 77.29103222489357 67.710048265755177 361.07823576778173 120.27312607318163 149.84349440038204 11163.905357418582 89.501381039619446 12866.338288538158 296.90413726866245 286.03317660093307 945.05058560520411 335.07521080225706 4440.7478718757629 67.791919618844986
leaf_count=5848 384 308 1645 504 710 73424 367 56012 1302 1275 4146 1623 20098 303
internal_value=-5.30217e-05 -0.00121039 0.00490684 0.00780838 -0.00154617 -0.00169512 0.000672495 0.000137932 -6.08238e-05 0.00192306 0.00437091 0.00629767 0.00123464 -0.00481637
internal_weight=31506.3 12169.4 616.853 481.351 11552.5 11402.7 19336.9 13587.8 13163.2 5749.12 1231.08 424.577 4518.04 135.502
internal_count=167949 82742 2760 2149 79982 79272 85207 59304 57314 25903 5421 1990 20482 611
is_linear=0
shrinkage=0.03


Tree=164
num_leaves=15
num_cat=0
split_feature=7 2 4 7 4 4 7 4 4 2 7 2 0 6
split_gain=24.8706 26.4846 18.8886 37.4062 15.1912 14.8288 20.803 23.8437 19.1169 61.9029 13.8311 13.8311 8.9304 7.76644
threshold=0.046146106744854441 0.0021062118175967973 0.39812500000000006 0.021849635591579149 0.34062500000000007 0.35562500000000002 0.11666317893783724 0.33562500000000006 0.39312500000000006 0.0034580631669225508 0.14653798625209205 0.002230157151037354 -0.0022404399961643002 -0.008658310009895585
decision_type=8 8 10 10 8 8 10 10 10 8 10 10 10 10
left_child=1 2 3 -1 13 6 7 -2 9 -7 -10 -6 -4 -3
right_child=5 4 12 -5 11 8 -8 -9 10 -11 -12 -13 -14 -15
leaf_value=-0.0080059834145758298 -0.0023840084946278031 0.0002103331286623313 -0.0016610846197525108 0.0084719960872589577 0.0059637500972603008 -0.0085769851749785096 0.015252926550851519 0.008066790681779689 0.00061514893026551202 0.0035130384437080686 0.0036186720382427196 -0.00043076515010056468 -0.0096538423449259031 -0.0081536853523022628
leaf_weight=254.2058774754405 403.53050199523568 121.33180575072765 189.1143894623965 223.28389372117817 301.13058400899172 760.2136711422354 131.25363963097334 356.51259705796838 12896.408836863935 738.01741079241037 1552.0181304253638 12603.056403927505 595.12443300150335 330.4739576280117
leaf_count=3623 2021 563 1927 2831 2447 5014 632 1927 65625 3416 7104 60383 8680 1627
internal_value=3.49945e-05 -0.000868052 -0.00501001 -0.000161742 -0.000468821 0.000822578 0.00457702 0.00248132 0.000606236 -0.00259794 0.00094421 -0.000272395 -0.00784716 -0.0058217
internal_weight=31455.7 14617.7 1261.73 477.49 13356 16838 891.297 760.043 15946.7 1498.23 14448.4 12904.2 784.239 451.806
internal_count=167820 82081 17061 6454 65020 85739 4580 3948 81159 8430 72729 62830 10607 2190
is_linear=0
shrinkage=0.03


Tree=165
num_leaves=12
num_cat=0
split_feature=1 3 5 1 6 4 3 1 7 6 6
split_gain=26.6731 21.5921 28.3982 15.0823 20.5235 15.0377 12.933 8.28979 7.46803 8.10824 3.6215
threshold=2.2735583090594309 0.27924558001127547 -0.91127623748215358 -1.0181926512351553 -0.0065452037162145862 0.71437500000000009 -1.1545828115311243 -0.4221290492169123 0.012662876363569353 -0.03094719683050506 -0.010700291245456127
decision_type=10 10 10 8 10 10 10 10 10 10 10
left_child=1 2 7 4 -3 -5 -4 -1 -2 -10 -11
right_child=8 3 6 5 -6 -7 -8 -9 9 10 -12
leaf_value=-0.0041627102402122772 -0.0019630893600144552 0.0019836236573744564 -0.0030774143737618857 -0.00051781182798676831 -0.0060028570276490509 -0.0078453015780883296 0.0013242294924594889 -0.00071695080194508147 0.010806175805545796 0 0.0049319967801430614
leaf_weight=1156.6808867305517 120.19832433015108 374.8654971960932 612.21573513187468 12117.450289156288 1082.8180830478668 249.07509525120258 13314.179913723841 1484.8959152493626 207.81092158704996 170.3558024764061 594.07463592290878
leaf_count=6803 571 1800 3268 63670 6809 1154 71533 7694 1108 783 2784
internal_value=1.67064e-05 -0.000147612 0.000580357 -0.00102419 -0.00390861 -0.000676463 0.00112436 -0.0022584 0.00460242 0.00548692 0.00384253
internal_weight=31484.6 30392.2 16568 13824.2 1457.68 12366.5 13926.4 2641.58 1092.44 972.241 764.43
internal_count=167977 162731 89298 73433 8609 64824 74801 14497 5246 4675 3567
is_linear=0
shrinkage=0.03


Tree=166
num_leaves=15
num_cat=0
split_feature=2 1 7 2 6 2 1 6 2 7 0 6 6 6
split_gain=26.4778 19.9447 18.6017 23.7697 27.069 18.2201 16.2175 14.308 16.2429 10.7254 10.5972 7.54801 6.40283 6.6398
threshold=0.002393234486268788 1.3795207401498819 0.0055869596153916524 0.003552681884281731 0.0030624303768993504 0.0013313840679558082 -1.1794147247910078 -0.0024612821938472247 0.011644782828630353 0.079770124052300051 0.012453430536371603 -0.01322938879661084 -0.028994667801127246 0.019212237430568994
decision_type=8 10 8 10 10 10 10 8 10 10 10 10 10 10
left_child=1 5 3 4 -2 9 -7 10 -9 -1 -4 -5 -3 -14
right_child=2 12 7 11 -6 6 -8 8 -10 -11 -12 -13 13 -15
leaf_value=-0.015548149087507382 -0.011809720318677729 0.011365746659650372 0.001299798715155027 0.0044253977784921312 0.00025666333279210596 -0.010093928542459465 -0.0018972558615842862 -0.00010896546881798991 0.0084761001097408816 0.00027338722006214872 0.00776528579617905 -0.001294156458912303 -0.00038733864278719986 0.0060574249752753792
leaf_weight=148.04022405296564 400.74615576118231 55.74391121417284 10644.248975403607 275.01699263602495 265.55448506772518 229.71401100419462 3113.202250154689 14354.1944103688 191.10801350325346 40.872973896563053 228.00155257433653 743.12423859536648 504.19104664027691 183.20324097573757
leaf_count=4458 2193 253 48879 1199 1370 3468 29113 66204 1063 838 1146 3180 3339 834
internal_value=7.23996e-05 -0.00211673 0.000420571 -0.00261645 -0.00697925 -0.00306296 -0.00250682 0.000625146 5.45578e-06 -0.0119817 0.00144791 0.000220449 0.00228162 0.0013065
internal_weight=31377 4274.97 27102 1684.44 666.301 3531.83 3342.92 25417.6 14545.3 188.913 10872.3 1018.14 743.138 687.394
internal_count=167537 42303 125234 7942 3563 37877 32581 117292 67267 5296 50025 4379 4426 4173
is_linear=0
shrinkage=0.03


Tree=167
num_leaves=15
num_cat=0
split_feature=2 1 1 1 7 3 2 4 7 2 4 4 7 4
split_gain=26.5847 19.9427 18.8525 15.58 18.2312 15.3073 13.7997 16.9695 11.9966 11.9664 10.9599 10.1603 9.03088 6.7083
threshold=0.0017989135513542737 -1.4268424186073871 0.45283947621469356 1.3466660082386379 0.094813598781161884 -0.11342028446789457 0.0027752499353625639 0.63937500000000014 0.045673404130553784 0.0029953417505763397 0.63437500000000013 0.36062500000000003 0.070099900069409818 0.39312500000000006
decision_type=8 8 10 8 10 10 10 10 10 10 10 10 10 10
left_child=2 6 10 5 -5 -3 7 -2 13 -8 11 -1 -12 -4
right_child=1 3 8 4 -6 -7 9 -9 -10 -11 12 -13 -14 -15
leaf_value=0 -0.013642695361234951 0.00084023286181243088 0.00070780431482664211 0.00065921046043632505 0.0053302438230155205 -0.00063114301323517546 0.0087238420657185737 0.0063349591926663727 0.0039402094702243673 -0.0026312721013449507 0.0067713919938943217 -0.011434152166097703 -0.012458064564953164 -0.0095557195232775331
leaf_weight=74.987700916826725 184.98497309163213 12681.217006459832 79.465794570744038 2258.833094149828 1148.0655282586813 12730.294369000942 77.702286139130592 36.794128898531199 273.11052896827459 1262.6107757538557 68.425014225766063 440.08620900474489 19.845186289399862 125.73548194020987
leaf_count=1327 1956 63302 908 10444 5304 63148 466 365 2577 5780 1172 9315 320 1674
internal_value=1.06906e-05 0.000177815 -0.00458699 0.000359057 0.00226182 0.000100806 -0.0031087 -0.00993913 0 -0.00186881 -0.00806922 -0.00972899 0.0010098 -0.00545408
internal_weight=31462.2 30380.5 1081.66 28818.4 3406.9 25411.5 1562.09 221.779 478.312 1340.31 603.344 515.074 88.2702 205.201
internal_count=168058 150765 17293 142198 15748 126450 8567 2321 5159 6246 12134 10642 1492 2582
is_linear=0
shrinkage=0.03


Tree=168
num_leaves=15
num_cat=0
split_feature=1 2 4 0 2 4 0 4 2 2 4 0 2 1
split_gain=20.5731 28.5617 20.0139 21.2157 18.3235 23.3637 14.6444 12.4367 12.1944 10.6191 10.0616 8.62105 6.38531 2.72447
threshold=0.34074117143220889 0.0014092396667470914 0.58062500000000006 0.0018294586544298499 0.0032794510662527919 0.74687500000000007 0.00073159687048307564 0.35812500000000008 0.0032149627665578229 0.0019877204066549993 0.35062500000000002 0.0094464768421306262 0.0071915022378682041 -1.3307488634935301
decision_type=10 8 10 10 8 10 10 10 10 10 10 10 10 10
left_child=1 7 3 9 5 -3 -6 -1 11 -2 -5 -4 -10 -9
right_child=2 4 8 10 6 -7 -8 13 12 -11 -12 -13 -14 -15
leaf_value=0.0073345279452224701 -0.0011590654722145987 -0.0017766297132218226 -0.004835208300502416 0.006192868766909828 -0.00071652163280511497 0.015633333734241486 0.0013010166145217845 0 0 0.0036332168135103089 -0.00027081808013715606 0.0018107815972290043 0.0079763453622292389 -0.01701131960428633
leaf_weight=14.317833101376889 437.57557144388556 7438.0373794026673 911.77728435769677 220.409323528409 6698.787477478385 59.461762383580208 6221.4188132435083 9.9470103923231346 1304.8399170711637 4136.8605649098754 3554.9707298725843 196.65552441030741 87.663630396127701 128.61860193498433
leaf_count=340 4393 52760 4927 1074 29216 369 26880 365 5573 19413 16990 853 522 4045
internal_value=2.23366e-05 -0.000533191 0.00108054 0.00178821 -0.000430117 -0.00160992 0.000250591 -0.0130589 -0.00125597 0.00316019 0.000106049 -0.0035968 0.000576905 -0.0159218
internal_weight=31421.3 20570.6 10850.8 8349.82 20417.7 7497.5 12920.2 152.883 2500.94 4574.44 3775.38 1108.43 1392.5 138.566
internal_count=167720 113975 53745 41870 109225 53129 56096 4750 11875 23806 18064 5780 6095 4410
is_linear=0
shrinkage=0.03


Tree=169
num_leaves=13
num_cat=0
split_feature=7 4 4 4 7 7 6 6 7 4 6 4
split_gain=19.4182 18.3853 16.8963 22.7666 32.5076 26.413 15.4801 19.6445 13.9797 15.7165 11.704 5.71798
threshold=0.046607530178200546 0.74937500000000012 0.35562500000000002 0.39312500000000006 0.14412097565984719 0.14653798625209205 0.05018662551829501 -0.0030071834447218389 0.10427435844124795 0.33562500000000006 -0.0038588686641682908 0.41187500000000005
decision_type=8 8 8 10 10 10 10 10 10 10 10 10
left_child=1 6 8 4 -4 -5 7 -1 9 -2 -10 -8
right_child=2 -3 3 5 -6 -7 11 -9 10 -11 -12 -13
leaf_value=9.7952182631989759e-05 -0.0017874333522452407 0.011518934310086841 -0.0016320158064720325 0.00024181116533818504 -0.016305559640713348 0.0044099885798603126 0.012045244991166982 -0.0021468454094461143 0.0012033047703126529 0.0070838449933166943 0.017643315378455315 0.002575101900661703
leaf_weight=6022.6319696065038 355.49914643168449 95.108095586299896 1329.870056796819 12785.296977723017 143.99293216317892 1528.4250000678003 75.040655359625816 8230.5524131953716 72.226708270609379 332.20754954218864 110.35059515759349 292.13880442082882
leaf_count=31492 1773 538 7643 65124 678 6999 383 48979 351 1779 571 1397
internal_value=-0.000145082 -0.000940355 0.000554001 0.000324154 -0.00320625 0.000693848 -0.00103332 -0.0011947 0.00460439 0.00245209 0.0118515 0.00493763
internal_weight=31373.3 14715.5 16657.9 15787.6 1473.86 14313.7 14620.4 14253.2 870.284 687.707 182.577 367.179
internal_count=167707 82789 84918 80444 8321 72123 82251 80471 4474 3552 922 1780
is_linear=0
shrinkage=0.03


Tree=170
num_leaves=15
num_cat=0
split_feature=1 2 7 3 1 5 7 7 1 2 1 3 2 3
split_gain=26.4872 26.1981 21.1718 16.4866 16.0449 15.0825 11.1368 9.28234 8.94042 7.8445 7.33038 6.18741 5.1761 3.66444
threshold=1.7821885545188734 0.0019736335366390503 0.025152661291094825 0.27924558001127547 -1.231928932170204 -1.8136109650957433 0.093921020462573876 0.17919347307664726 3.2882728992079229 0.0060445863019311158 -0.41274357435780445 1.1404173513285387 0.0024039869930330819 0.57665754317916784
decision_type=10 8 10 10 8 8 10 10 10 10 10 8 10 10
left_child=1 2 10 5 -5 -3 8 -4 9 -2 -1 -10 -8 -14
right_child=6 3 7 4 -6 -7 12 -9 11 -11 -12 -13 13 -15
leaf_value=-0.015155873243745772 -0.00015886796401120637 -0.0048116133967669329 -0.0022329007143242303 -0.0048183495981032817 -0.00057783293879533793 0.00075355569103019036 0.0010272336986512645 0.013536066722832456 0.011805684196846087 0.0089582390733298663 -0.0061204868000166585 0 0.010977211714165169 0.0051052778417175456
leaf_weight=149.61771435849369 1079.6321251355112 439.1977296769619 1042.9576799310744 860.12297275662422 11573.024295024574 14965.105235565454 164.70885546505451 23.945312328636646 107.86476986855268 81.268736191093922 299.44088996015489 61.365073077380657 213.84868110716343 349.03487981110811
leaf_count=3484 5126 2184 13732 4616 55859 73614 789 133 517 559 4307 294 1028 1636
internal_value=-4.44893e-05 -0.000277459 -0.00410544 -6.54422e-05 -0.00087965 0.000587974 0.00323507 -0.00170086 0.00152191 0.000499188 -0.00952618 0.00778363 0.00622251 0.00759353
internal_weight=31411.1 29353.4 1515.96 27837.5 12433.1 15404.3 2057.72 1066.9 1330.13 1160.9 449.059 169.23 727.592 562.884
internal_count=167878 157929 21656 136273 60475 75798 9949 13865 6496 5685 7791 811 3453 2664
is_linear=0
shrinkage=0.03


Tree=171
num_leaves=15
num_cat=0
split_feature=1 2 2 7 7 2 7 1 2 5 2 0 7 5
split_gain=18.8543 24.4738 17.2334 17.9018 12.0124 11.5321 10.5012 10.6366 8.88987 7.1933 6.40218 5.54892 2.52757 0.50566
threshold=1.3466660082386379 0.0013313840679558082 0.0035658219514951802 0.0055869596153916524 0.10957987532263623 0.0036605700281063338 0.1418067483863894 3.2882728992079229 0.0032662870358655155 -0.74174694672434949 0.0011258670578612672 -0.012659548797972984 0.17289589068860317 0.11497157486145688
decision_type=10 8 10 8 10 10 10 10 10 8 10 10 10 10
left_child=1 4 3 -3 10 -4 7 9 12 -2 -1 -9 -8 -10
right_child=6 2 5 -5 -6 -7 8 11 13 -11 -12 -13 -14 -15
leaf_value=-0.0049950804331157245 -0.0016835314831784827 -0.0050162719321048535 0.0041129750424493596 -0.00051366405115969578 0.0062721213448434232 0.00047471427016179311 -0.00030336448050175289 0.012648858824571481 0.012664313008690267 0.00181978593047772 -0.019214618253930935 0.0025004972624931552 0.0049167543385702627 0.0057804017677111586
leaf_weight=73.788037981837988 677.08326173201203 841.88522239029408 831.87409256398678 13046.909936113283 21.743388395756483 13019.11696845293 136.76049042493105 102.38332759588957 137.16734048724174 2109.989655803889 86.47060476988554 129.16720578074455 144.4819174259901 85.738259613513947
leaf_count=2131 3294 6091 3554 79565 386 56460 598 503 695 10373 2739 613 607 422
internal_value=0.000137258 -0.000121923 -4.5854e-05 -0.000794324 -0.0107972 0.000700362 0.00220306 0.00149596 0.00620873 0.000944273 -0.0136978 0.00757402 0.00224908 0.010636
internal_weight=31444.6 27921.8 27739.8 13888.8 182.002 13851 3522.77 3018.62 504.148 2787.07 160.259 231.551 281.242 222.906
internal_count=168031 150926 145670 85656 5256 60014 17105 14783 2322 13667 4870 1116 1205 1117
is_linear=0
shrinkage=0.03


Tree=172
num_leaves=14
num_cat=0
split_feature=2 1 2 1 3 2 6 4 7 1 1 1 4
split_gain=23.8445 20.0666 16.7479 18.9841 18.1061 13.2748 15.3658 11.9725 10.6699 7.66626 6.54474 4.60321 2.78225
threshold=0.0013313840679558082 1.7821885545188734 0.00235217571412407 -0.44045240400068902 0.27924558001127547 0.0012082362596986117 -0.00055305676209282939 0.4668750000000001 0.094813598781161884 3.2882728992079229 1.7821885545188734 1.7338962950319667 0.49562500000000004
decision_type=8 8 10 10 10 10 10 10 10 10 10 10 10
left_child=5 2 3 -2 -4 6 7 -1 9 -3 -8 -7 -10
right_child=1 8 4 -5 -6 11 10 -9 12 -11 -12 -13 -14
leaf_value=0.01521320647432969 -0.0059404159351852557 0.0003682418682441452 0.00082020931595323289 -0.00075930153572759595 -0.00077775196506475915 -0.019971543383287105 -0.015123865494935829 -0.0085441290669801689 0.0036768700765250637 0.0070719633794125731 0.0019302274904248176 0 0.0081170489970423775
leaf_weight=44.522250417619944 871.79747000709176 1208.6252856180072 14297.394434079528 2431.0912147909403 11493.941718071699 81.208544263616204 63.589538557454944 17.956388840451837 377.24565098434687 170.54180932044983 17.088223338127136 12.321576692163942 324.92128796875477
leaf_count=1025 12307 5776 66612 20004 53190 2494 1664 441 1813 799 156 136 1495
internal_value=-1.95059e-05 5.20765e-05 -0.000149941 -0.00215877 0.000105725 -0.00931122 -0.0026775 0.00732071 0.00289191 0.00128533 -0.0110355 -0.0176458 0.0059009
internal_weight=31412.2 31175.6 29094.2 3302.89 25791.3 236.687 143.156 62.4786 2081.33 1379.17 80.6778 93.5301 702.167
internal_count=167912 161996 152113 32311 119802 5916 3286 1466 9883 6575 1820 2630 3308
is_linear=0
shrinkage=0.03


Tree=173
num_leaves=12
num_cat=0
split_feature=1 3 5 4 4 4 3 6 4 5 3
split_gain=19.9997 14.071 9.79566 9.00282 18.7486 9.4181 8.23063 8.14082 6.67448 6.74159 5.9376
threshold=1.3466660082386379 0.87325831193077497 -1.382613082901335 0.50812500000000005 0.42812500000000003 0.54687500000000011 -1.1545828115311243 -0.0040186922002201078 0.71062500000000017 2.0074514118588742 0.58851046973059373
decision_type=10 10 8 10 8 10 10 8 10 10 10
left_child=1 2 10 4 -3 -5 -2 -4 9 -8 -1
right_child=6 3 7 5 -6 -7 8 -9 -10 -11 -12
leaf_value=-0.0031360590490002922 -0.0074847432350223491 -0.0030712106905990554 0.00097371524594147226 -0.0071260845659529256 0.0010561667562194281 -0.0021028786001388387 0.0027198142764785242 -0.00026929493282624182 -0.00614949101847334 -0.0050892655539538619 0.0017220477671302087
leaf_weight=1270.5518003944308 67.279303256422281 1721.6400779243559 7609.3702831249684 427.32868314348161 2278.6760387849063 1856.3436050321907 3303.3217115625739 12439.790649939328 69.425342090427876 88.454657927155495 251.22654923610389
leaf_count=7065 326 10291 38219 2240 11783 9546 16127 70241 303 402 1368
internal_value=-6.93788e-05 -0.000340993 2.04064e-05 -0.00158916 -0.000708425 -0.00309597 0.00205278 0.000199731 0.00227648 0.00248416 -0.00228887
internal_weight=31383.4 27854.9 21570.9 6283.99 4000.32 2283.67 3528.48 20049.2 3461.2 3391.78 1521.78
internal_count=167911 150753 116893 33860 22074 11786 17158 108460 16832 16529 8433
is_linear=0
shrinkage=0.03


Tree=174
num_leaves=15
num_cat=0
split_feature=2 2 4 4 4 2 6 3 5 4 5 5 0 4
split_gain=21.1 14.2458 12.8858 23.517 18.2602 11.9711 13.9634 8.90661 11.4604 11.0456 10.1878 9.88364 8.87285 5.01329
threshold=0.0045505388473486329 0.0013313840679558082 0.35562500000000002 0.39312500000000006 0.33562500000000006 0.0012082362596986117 -0.00077875360650825332 1.1536004835464164 -0.098416386540502984 0.33062500000000006 -0.118199170006018 0.26289124579433509 0.0024298396324026199 0.44812500000000005
decision_type=8 10 10 10 10 10 10 10 10 8 8 10 10 8
left_child=1 5 4 -4 -3 6 -1 8 10 -10 -2 13 -7 -9
right_child=7 2 3 -5 -6 12 -8 11 9 -11 -12 -13 -14 -15
leaf_value=0.0080584003284096418 0.00049970484622288138 -0.00070170870559279209 -0.0035519744260131521 -0.00023639144080840767 0.0070104985238059227 -0.020223521323960335 -0.0094622115705926928 0.0068497924476689336 -0.0049965538444491277 0.0028579827272185846 -0.009420406968110388 -0.0099488728572323989 0 -0.0031033871162235542
leaf_weight=61.755156373605132 3471.5366849452257 587.84154224768281 2130.0402394775301 19835.590309917927 488.99935825169086 70.43645934201777 82.337187070399523 66.560861200094223 153.51018294692039 4081.2986923009157 85.448656052350998 121.21852109581232 21.395917914807796 96.345564275979996
leaf_count=1406 15813 3215 13522 105394 2844 2264 1888 320 710 18466 399 550 363 445
internal_value=-2.158e-05 -0.00048188 -0.000402298 -0.000562109 0.00277752 -0.00767811 -0.00152819 0.00129674 0.00149407 0.00254802 0.000218833 -0.00377758 -0.015641 0.000777268
internal_weight=31354.3 23278.4 23042.5 21965.6 1076.84 235.925 144.092 8075.92 7791.79 4234.81 3556.99 284.125 91.8324 162.906
internal_count=167599 130896 124975 118916 6059 5921 3294 36703 35388 19176 16212 1315 2627 765
is_linear=0
shrinkage=0.03


Tree=175
num_leaves=12
num_cat=0
split_feature=1 2 1 4 4 7 2 4 4 0 6
split_gain=21.9405 26.614 17.8073 14.8339 13.6163 13.2701 17.7439 12.5591 4.5928 4.92693 4.06051
threshold=2.2735583090594309 0.0023358565281525515 -1.1471024265438847 0.53437500000000016 0.47062500000000002 0.0055869596153916524 0.003552681884281731 0.50812500000000005 0.35562500000000002 -0.039029755399088088 0.047651340801809113
decision_type=10 8 10 10 10 8 10 8 10 10 10
left_child=1 2 3 -1 -4 6 -3 -7 -2 -10 -11
right_child=8 5 4 -5 -6 7 -8 -9 9 10 -12
leaf_value=-0.014985886120317296 0.012143342898410093 -0.0059500782073049199 -0.00029687659148838167 0.0011003531327463535 -0.0042431081664850183 0.0010303843642255311 0.0002619377972919677 -0.00034902322846732292 0.010803744073282329 0.002001510870357796 0.0078941595092735933
leaf_weight=163.67853675782681 61.782513312995434 678.61428545415401 2087.7027965392917 62.072079578414559 1291.2348814308643 15518.081356845796 992.02478014677763 9531.3501054495573 77.71364614367485 829.09328935667872 126.69927044957876
leaf_count=2965 312 3738 21864 929 12631 72200 4272 44157 476 3935 575
internal_value=0.00015289 0 -0.00241444 -0.0104493 -0.00183067 0.000328278 -0.00224607 0.000503193 0.00430466 0.00366669 0.00291841
internal_weight=31420 30324.8 3604.69 225.751 3378.94 26720.1 1670.64 25049.4 1095.29 1033.51 955.793
internal_count=168054 162756 38389 3894 34495 124367 8010 116357 5298 4986 4510
is_linear=0
shrinkage=0.03


Tree=176
num_leaves=12
num_cat=0
split_feature=2 1 0 2 7 0 1 3 7 2 2
split_gain=19.3728 18.3437 23.0175 15.2963 16.6022 13.5317 11.688 10.4325 9.04415 5.83924 4.90211
threshold=0.0013313840679558082 -1.1626162192458194 0.0019432383699117264 0.0057558723285817152 0.0055869596153916524 -0.011370216990536362 1.7338962950319667 -0.90160338069010615 0.10957987532263623 0.0011258670578612672 0.003834280977830552
decision_type=8 8 10 10 8 10 10 10 10 10 10
left_child=6 2 5 4 -3 -2 8 -5 9 -1 -4
right_child=1 3 10 7 -6 -7 -8 -9 -10 -11 -12
leaf_value=-0.0057672675958215956 0.008029886521906256 -0.0029247707856292844 0.0045965828723643961 0.0050679702220960974 0.00033803823147577716 -0.0042651021204051396 0.0044973890032806189 0.0012590392184435699 0.0029211423041897167 -0.019204946314725555 5.507649085716319e-05
leaf_weight=81.904734943062067 71.627857506275177 1482.4184057973325 342.11909635737538 891.73161436617374 23127.427377296612 2042.2795259114355 40.760094650089741 2586.6812966242433 24.429842768236995 88.783319361507893 616.44513702392578
leaf_count=2300 314 8440 2152 4367 118867 12580 418 12811 401 2864 2591
internal_value=9.33768e-05 0.0001614 -0.00203235 0.00040414 0.000137952 -0.0037844 -0.0082899 0.00226443 -0.0113427 -0.013765 0.00176865
internal_weight=31396.6 31160.7 3072.47 28088.3 24609.8 2113.91 235.878 3478.41 195.118 170.688 958.564
internal_count=168105 162122 17637 144485 127307 12894 5983 17178 5565 5164 4743
is_linear=0
shrinkage=0.03


Tree=177
num_leaves=15
num_cat=0
split_feature=2 1 4 6 4 2 1 1 6 0 2 4 7 0
split_gain=22.821 18.4956 18.1707 29.6647 16.5931 12.9986 12.4347 10.9753 10.8833 9.55646 8.6718 7.92863 3.17874 0.270953
threshold=0.0023358565281525515 1.0000000180025095e-35 0.49937500000000007 0.027296799234448169 0.38187500000000002 0.0013313840679558082 3.0063222569592827 -1.7017259802264992 -0.00022201017516110252 -0.0012714290861708941 0.01006235347145863 0.44687500000000008 0.044769070216518027 -0.012659548797972984
decision_type=8 10 10 10 10 10 10 8 10 10 10 10 10 10
left_child=1 4 8 -4 9 -6 7 11 -3 -1 -9 -2 -8 -14
right_child=6 2 3 -5 5 -7 12 10 -10 -11 -12 -13 13 -15
leaf_value=-0.00078603859907710398 0.00098623082743578747 0.0037943632353856041 -0.0069958160324006735 0.013956198536651065 -0.016534543854214885 -0.0023372126856758789 0.0010167059127792557 0.00022233663487996192 -0.00099069616113572683 -0.014335740438366898 0.0039832299703182099 -0.0058524291743152048 0.010974445779900248 0.0051863762760102549
leaf_weight=73.060449812561274 205.63741817325354 759.3974457681179 567.91148294508457 56.988235980272293 53.529506701976061 1194.991241728887 102.08237040787935 26071.668297760189 926.20049168355763 212.8622785191983 556.46570452302694 442.91481843590736 87.372550845146179 117.13724163174629
leaf_count=1038 980 6238 4713 271 2100 14765 442 120527 7140 3577 3203 2250 457 506
internal_value=-2.11169e-05 -0.00218502 -0.000455152 -0.00480085 -0.00473111 -0.00312013 0.000279026 0.000208061 0.00113935 -0.0112198 0.000304649 -0.00361093 0.00619708 0.00833524
internal_weight=31428.2 3844.94 2310.5 624.9 1534.44 1248.52 27583.3 27276.7 1685.6 285.923 26628.1 648.552 306.592 204.51
internal_count=168207 39842 18362 4984 21480 16865 128365 126960 13378 4615 123730 3230 1405 963
is_linear=0
shrinkage=0.03


Tree=178
num_leaves=15
num_cat=0
split_feature=3 5 1 1 4 1 7 3 3 3 4 7 0 5
split_gain=17.1847 19.9006 12.5586 11.2843 10.5509 14.2521 11.4715 10.0879 8.98031 5.14405 4.7622 4.28501 3.85959 1.05838
threshold=0.27924558001127547 -1.8136109650957433 -1.5125736617201679 3.0063222569592827 0.50812500000000005 -1.231928932170204 0.080487788046014322 -1.1545828115311243 -0.66597886720245769 -0.6546050534910649 0.41687500000000005 0.11666317893783724 -0.012659548797972984 -2.186756553521584
decision_type=10 10 8 8 8 10 10 10 10 10 10 8 10 8
left_child=1 9 8 4 5 -2 -6 -4 -3 10 -1 12 -5 -11
right_child=3 2 7 11 6 -7 -8 -9 -10 13 -12 -13 -14 -15
leaf_value=-0.0088393179775164941 -0.0049343579459605212 -0.00041743091686558654 -0.0025224398516799644 0.005877553966912836 -0.0030150208754774932 -2.6825645509427365e-05 0 0.0011277430741497025 -0.0072196049357606817 -0.0043707417314988303 -0.00027157012112287405 0.0087298104288554834 -0.0010199937495775156 -0.011977328767149098
leaf_weight=73.273321557790041 560.08040938153863 522.17635635100305 695.50806876830757 106.24865810573101 3518.1536763180047 8509.5624088868499 1646.6757545787841 14815.064910331741 270.56206353008747 78.577293774113059 252.64035558700562 120.26593108475208 161.93220926076174 99.037757404148579
leaf_count=447 3412 3050 3698 510 18596 45915 7751 79652 1551 444 1312 582 781 560
internal_value=-7.10551e-05 0.000581027 0.000766955 -0.00082451 -0.000966696 -0.000341591 -0.00205003 0.00095868 -0.00287478 -0.00521983 -0.00258222 0.00412874 0.00161006 -0.00934429
internal_weight=31429.8 16806.8 16303.3 14622.9 14234.5 9069.64 5164.83 15510.6 792.738 503.529 325.914 388.447 268.181 177.615
internal_count=168261 90714 87951 77547 75674 49327 26347 83350 4601 2763 1759 1873 1291 1004
is_linear=0
shrinkage=0.03


Tree=179
num_leaves=15
num_cat=0
split_feature=1 2 2 4 2 7 2 4 4 7 1 4 7 3
split_gain=18.0225 25.0018 33.6303 19.9109 17.7741 15.8069 20.9345 17.2509 10.4043 9.51097 9.13797 11.3488 6.53506 5.64356
threshold=-1.1471024265438847 0.0027616538798669486 0.0029953417505763397 0.50312500000000016 0.0061243861919275519 0.022934408192539373 0.0019273428732258953 0.5056250000000001 0.58812500000000012 0.021488817715404302 1.1012185922268034 0.45812500000000006 0.052677914727378518 -0.48104907874486508
decision_type=8 10 10 10 10 8 10 8 10 10 10 8 10 10
left_child=1 3 9 -1 5 6 -2 -7 -4 -3 11 -6 -5 -12
right_child=4 2 8 12 10 7 -8 -9 -10 -11 13 -13 -14 -15
leaf_value=-0.012540200734001529 -0.0081546240116263814 0.0014050870920993351 -0.0028366306222700507 -0.0039279075067257044 0.00013032118208373316 0.0012113484293655886 -0.00080722001085196666 -0.0006201168956087318 0.0017516286722719864 0.016830323591604468 0.014107715435808731 0.0041479822203230208 0.0078379125328486773 0.0042061676418057329
leaf_weight=319.36658990383148 365.55001744441688 68.464632160961628 1962.8642104566097 112.60308868810534 1476.9416819140315 11646.500857746229 5638.0058740079403 7621.4735398553312 549.72041653096676 104.96255216002464 82.45403266698122 1142.0458702594042 54.948599103838205 220.95326586812735
leaf_count=4189 6187 427 8956 1302 7267 62080 28184 38089 2534 618 574 5387 584 1454
internal_value=7.84215e-05 -0.00205898 -0.000886776 -0.00825656 0.000321736 6.27346e-05 -0.00127739 0.000483852 -0.00180603 0.0114765 0.00253315 0.00191421 0 0.00745274
internal_weight=31366.9 3172.93 2686.01 486.918 28193.9 25271.5 6003.56 19268 2512.58 173.427 2922.39 2618.99 167.552 303.407
internal_count=167832 18610 12535 6075 149222 134540 34371 100169 11490 1045 14682 12654 1886 2028
is_linear=0
shrinkage=0.03


Tree=180
num_leaves=15
num_cat=0
split_feature=2 1 4 4 4 4 0 2 1 0 0 2 4 4
split_gain=20.068 18.7186 33.6491 18.1499 28.7573 16.5465 13.3752 13.7006 12.4998 11.4337 9.93713 9.64673 7.43607 5.74043
threshold=0.0024039869930330819 -0.44045240400068902 0.5368750000000001 0.71437500000000009 0.73437500000000011 0.49312500000000009 -0.004610523665389831 0.0024304647363403431 -0.2368277145833009 0.0004105768368579677 -0.00079585549193827976 0.002125818736659867 0.46187500000000009 0.37937500000000007
decision_type=8 10 10 10 10 10 8 8 10 10 10 10 10 10
left_child=1 2 13 6 -5 9 12 -8 -6 -3 -4 -7 -2 -1
right_child=3 5 10 4 8 11 7 -9 -10 -11 -12 -13 -14 -15
leaf_value=-0.014586344714396068 0.0026326361077426991 0.0027578953052555142 -0.0043802204913990471 -0.012033840316594017 0.0065476217640859247 -0.0068580418828975438 0.0083413086304500467 -1.3890585296311792e-05 -0.0044273534226117895 -0.0014795409727421101 0.00662597552084192 -0.0009686610044537928 0.00062087315526977531 -0.007106552957078468
leaf_weight=150.43005729652941 3295.2445288822055 1167.5663701426238 98.402118811383843 262.74628689885139 170.93149072676897 495.74786860868335 168.14722876995802 19419.691730730236 179.68394859135151 1089.8297356385738 201.57717644236982 558.09479157626629 3521.5969010666013 562.28875441104174
leaf_count=2804 15215 10255 1182 1203 820 5186 1036 90252 783 8947 2579 3479 15580 8551
internal_value=3.36368e-05 -0.00185937 -0.00541705 0.000339387 -0.00471205 -0.000740197 0.000460739 5.89908e-05 0.000789964 0.000688173 0.00279722 -0.00383396 0.00160458 -0.00894828
internal_weight=31342 4323.94 1012.7 27018 613.362 3311.24 26404.7 19587.8 350.615 2257.4 299.979 1053.84 6816.84 712.719
internal_count=167872 42983 15116 124889 2806 27867 122083 91288 1603 19202 3761 8665 30795 11355
is_linear=0
shrinkage=0.03


Tree=181
num_leaves=15
num_cat=0
split_feature=2 7 1 7 3 6 6 6 6 1 2 3 7 7
split_gain=15.3773 16.5369 22.5775 14.1105 13.9585 13.8802 12.9585 11.7728 11.4078 10.442 15.8797 11.6854 9.19873 3.48371
threshold=0.0028607738135652005 0.051684935685727219 -0.54406083157108409 0.039506115125800649 -0.085994172349883949 -0.0032830974870829972 -0.046105671955830367 -0.017154042589055504 -0.075757322407788749 -0.54406083157108409 0.0029953417505763397 -1.1545828115311243 0.030980610455274425 0.123441941854011
decision_type=8 10 10 10 10 10 10 10 10 10 8 10 8 10
left_child=1 2 5 -4 9 -1 -3 -8 13 10 -2 -11 -10 -6
right_child=4 6 3 -5 8 -7 7 -9 12 11 -12 -13 -14 -15
leaf_value=-0.00081100585622883594 0.0078849028765904418 0.010488722933847063 0 -0.0048709671229968665 0.010166596144528013 -0.008392845897366134 -0.004344233187784984 0.00062342252416175935 -0.0015512989088122622 -0.0032150212921640752 -0.00032199769515013968 0.0022730048533507138 0.00024179580013973623 0
leaf_weight=336.43678341247141 213.44114521145821 99.665183871984482 2483.2390702180564 665.26791777648032 112.11485548317432 732.86482197791338 476.5923244766891 3629.6085288506001 3828.9749770909548 351.6748598664999 4141.9975603818893 6484.0051557049155 7693.6433710902929 45.229745656251907
leaf_count=3311 1174 438 19304 4872 751 9552 2465 25633 17114 1549 18664 28589 33966 292
internal_value=8.37143e-05 -0.001009 -0.00233572 -0.00102557 0.000489062 -0.00609256 0.000309638 2.31144e-05 -0.000232056 0.00124657 8.35834e-05 0.00197761 -0.000349677 0.00752914
internal_weight=31294.8 8423.67 4217.81 3148.51 22871.1 1069.3 4205.87 4106.2 11680 11191.1 4355.44 6835.68 11522.6 157.345
internal_count=167674 65575 37039 24176 102099 12863 28536 28098 52123 49976 19838 30138 51080 1043
is_linear=0
shrinkage=0.03


Tree=182
num_leaves=15
num_cat=0
split_feature=5 6 3 2 5 3 7 6 3 4 6 4 4 5
split_gain=15.6804 12.8935 12.7008 14.828 12.2663 10.7635 6.30564 5.18689 4.80417 4.29949 3.73409 2.02846 1.64159 4.38128
threshold=-1.4086963361635039 -0.068807594727604546 0.27924558001127547 0.0032794510662527919 1.3782580431390037 1.0949392918099725 0.10041154288884542 -0.0059853809620538092 -0.6546050534910649 0.33562500000000006 0.0012173738681502402 0.4356250000000001 0.40187500000000004 -0.22957369767728805
decision_type=8 8 10 10 10 10 8 10 10 10 10 10 8 10
left_child=5 12 3 -3 -4 6 9 11 -8 -1 -9 -7 -2 -14
right_child=1 2 4 -5 -6 7 8 10 -10 -11 -12 -13 13 -15
leaf_value=-0.012373226077997342 0.0010218291033406179 -0.00049788346615251488 -0.00033708159791964173 0.0013847435066177123 -0.0033109818356167353 0 0.0045190382039376874 -0.0056322177962256524 -0.0025734901175911715 -0.0039274091883930206 0.00079630377714749409 0.0055568109484924908 0.0007472938005646609 0.0089080643713961485
leaf_weight=57.151134714484215 99.424005500972271 6349.2243785541505 11664.065176649019 9103.9721556901932 1399.559186398983 63.17844439484179 128.59762402810156 111.21226711198688 215.48554784804583 1438.6680232621729 205.87481698207557 201.70875032618642 107.74963134527206 205.93048337846994
leaf_count=295 655 43587 61622 39644 7464 334 634 730 1066 8097 1083 959 654 1171
internal_value=-8.96485e-05 0.000102818 2.35646e-05 0.00060753 -0.000662566 -0.00240435 -0.00353226 0.0010596 0 -0.00436997 -0.0013782 0.00414004 0.00530207 0.00639989
internal_weight=31351.8 28929.9 28516.8 15453.2 13063.6 2421.88 1839.9 581.974 344.083 1495.82 317.087 264.887 413.104 313.68
internal_count=167995 154797 152317 83231 69086 13198 10092 3106 1700 8392 1813 1293 2480 1825
is_linear=0
shrinkage=0.03


Tree=183
num_leaves=15
num_cat=0
split_feature=7 2 2 0 5 7 0 6 2 5 3 0 2 0
split_gain=14.481 29.8949 17.6778 14.6538 10.6359 11.2244 11.3895 9.68295 17.3386 9.71143 8.84258 8.51677 4.42415 2.79284
threshold=0.02856738364090957 0.0019273428732258953 0.0064893139797160262 0.0069511909723140039 -1.382613082901335 0.11072801885451458 -0.0011654042500445769 -0.0022068534441261885 0.011644782828630353 -1.3071868306466576 -0.50865557526259952 0.0046465923884769786 0.0016991413525182368 -0.0075053536066866369
decision_type=8 10 10 10 8 8 10 8 10 10 10 10 8 10
left_child=1 11 3 -3 5 6 -2 9 -9 -6 -4 12 -1 -7
right_child=4 2 10 -5 7 13 -8 8 -10 -11 -12 -13 -14 -15
leaf_value=-0.0060452424483827946 -0.00043116093894974601 -0.00057771975229208526 0.0063144451019554095 -0.0041277339463873892 0.0095825925942086537 0.0071558427525137101 -0.0059187021568666252 -0.00014207057958150047 0.011494655208529447 0.001175345918924659 0.00051273427623411223 0.001983768371849156 -0.013362180234400993 0.00086365382995280129
leaf_weight=244.21507507748902 733.12023405730724 6783.2427837587893 422.89155774563551 1243.6145365536213 118.06947658397257 84.576601035892963 672.98620775528252 11494.686434421688 106.38313081860542 8271.0770802460611 580.92589910328388 52.28160179965198 190.87191508710384 298.83430777676404
leaf_count=5564 3726 35386 2012 5400 607 405 3886 60835 613 42013 2836 526 2479 1465
internal_value=-8.92962e-05 -0.00106633 -0.000663968 -0.00113965 0.000335221 -0.00186678 -0.00312321 0.000536178 -2.03852e-05 0.00131208 0.00305426 -0.00823801 -0.00961807 0.00255077
internal_weight=31297.8 9518.04 9030.67 8026.86 21779.7 1789.52 1406.11 19990.2 11601.1 8389.15 1003.82 487.369 435.087 383.411
internal_count=167753 54203 45634 40786 113550 9482 7612 104068 61448 42620 4848 8569 8043 1870
is_linear=0
shrinkage=0.03


Tree=184
num_leaves=12
num_cat=0
split_feature=2 1 2 2 6 0 0 2 6 3 1
split_gain=18.7052 17.3142 19.7931 16.363 14.9728 5.49379 6.29686 3.96038 1.95447 2.19131 1.48073
threshold=0.010570226405862491 1.8385319234672457 0.0013313840679558082 0.0011258670578612672 -0.0034249051796999548 -0.012659548797972984 -0.0056733203031123494 0.0040536030343945812 -0.046105671955830367 1.0386789309129096 -0.95477460471362241
decision_type=10 10 8 10 8 10 10 10 10 10 10
left_child=1 2 3 -1 -4 7 -7 -3 -2 10 -10
right_child=8 5 4 -5 -6 6 -8 -9 9 -11 -12
leaf_value=0 0.00052718100872603264 0.0031843779718712128 0.00065408807563740686 -0.017402550204514328 -0.00074357804598589061 -0.0027279576318459614 0.0025310711457699449 0.0090959459031639076 0.0020120164650701505 0.00074499104891019802 0.0090646236784521893
leaf_weight=91.91699143871665 75.146600753068924 411.82003891468048 11369.387743135914 100.37891799211502 17433.228279856965 233.88637635111809 1072.957242641598 170.97177921235561 63.61776864528656 67.502382591366768 250.0877643674612
leaf_count=2448 576 1814 56474 3102 94165 1114 5105 1078 294 381 1425
internal_value=1.40695e-05 -7.40342e-05 -0.000257623 -0.00961487 -0.000189753 0.00269793 0.00153073 0.00514404 0.00597902 0.00685941 0.00792609
internal_weight=31340.9 30884.5 28994.9 192.296 28802.6 1889.64 1306.84 582.792 456.355 381.208 313.706
internal_count=167976 165300 156189 5550 150639 9111 6219 2892 2676 2100 1719
is_linear=0
shrinkage=0.03


Tree=185
num_leaves=15
num_cat=0
split_feature=2 1 2 0 4 4 4 1 4 7 7 0 7 7
split_gain=15.5587 15.6696 30.2542 13.7816 12.2223 12.1725 11.8659 9.59966 6.39159 8.09557 5.1424 4.86191 2.79377 5.63059
threshold=0.0088198125431252512 -0.57268597444351554 0.002174397887126357 0.0097296202875797339 0.71437500000000009 0.59812500000000013 0.73437500000000011 3.7810991809203216 0.45562500000000006 0.036160941307763018 0.050733483445909257 0.0064188242436876717 0.023659550884582829 0.063460784764946834
decision_type=10 8 10 10 10 10 10 10 10 10 10 10 10 10
left_child=1 2 5 -4 7 -1 -6 -3 9 11 -11 -2 -10 -14
right_child=8 4 3 -5 6 -7 -8 -9 12 10 -12 -13 13 -15
leaf_value=-0.010553200246568677 -0.0055866940599917526 0.00035034861038094891 -0.0010580773213218493 0.0043900593702600622 -0.0096747927022331811 0.00080908318754219395 0 0.008141632780741424 0.011008792798310371 0.010907854607488218 0.0014389975471212299 0.0023458438088254422 0 0.0098783620931777432
leaf_weight=403.84605830535293 140.8647685199976 21337.965906409547 7619.5899324342608 428.87319237738848 205.07313910499215 93.014831889420748 231.99528964608908 134.11676145344973 127.45138569176197 90.391870096325874 150.97638565301895 108.37246122211218 123.21791205555201 81.009097300469875
leaf_count=7764 744 110135 39154 1849 952 1499 1040 645 660 516 956 595 661 487
internal_value=-9.41523e-06 -0.000121884 -0.00121212 -0.000755233 0.000300967 -0.00833375 -0.00459804 0.000405574 0.00403536 0.00164112 0.00551663 -0.00194861 0.00724953 0.00421905
internal_weight=31276.8 30454.5 8545.32 8048.46 21909.2 496.861 437.068 21472.1 822.284 490.605 241.368 249.237 331.678 204.227
internal_count=167657 163038 50266 41003 112772 9263 1992 110780 4619 2811 1472 1339 1808 1148
is_linear=0
shrinkage=0.03


Tree=186
num_leaves=13
num_cat=0
split_feature=2 4 1 4 4 6 4 4 1 6 0 2
split_gain=16.6183 14.5863 13.6771 12.2002 23.8744 11.5102 24.9667 12.0295 9.86225 7.16564 16.0403 12.3285
threshold=0.0023358565281525515 0.74937500000000012 0.66601876049380038 0.71437500000000009 0.73437500000000011 -0.0048010771133695221 0.47187500000000004 0.55562500000000015 -0.085319150817296033 0.010441147804512775 0.0014091612785355203 0.0022034277975385235
decision_type=10 10 10 10 10 8 10 8 10 10 10 10
left_child=2 3 5 8 -5 6 -1 -7 -2 10 -4 -11
right_child=1 -3 9 4 -6 7 -8 -9 -10 11 -12 -13
leaf_value=0.0045467142222665171 -0.00032355340871098457 0.010320995291969457 0.0013047961909764304 -0.010636278830293 0.0022268885168358972 -0.005942239205742007 -0.0070629849863254575 -0.00045277106485766831 0.00082557583420109876 0.0059086727168618722 -0.0076491281785122075 -0.005782851369652519
leaf_weight=427.74756085313857 13526.907565236092 117.83806668967009 659.89352073147893 258.01620112359524 234.37104421854019 1319.8590530641377 259.05359771288931 528.20437011867762 13255.791621394455 380.0212764814496 233.56959914416075 89.052148953080177
leaf_count=4269 65040 594 4860 1194 1038 18400 2453 5678 59705 2130 1952 427
internal_value=-5.5221e-05 0.000203807 -0.00188702 0.000154132 -0.00447167 -0.00318918 4.30417e-05 -0.00441644 0.000243051 0.000497388 -0.00102829 0.00348945
internal_weight=31290.3 27392.9 3897.4 27275.1 492.387 2534.86 686.801 1848.06 26782.7 1362.54 893.463 469.073
internal_count=167740 127571 40169 126977 2232 30800 6722 24078 124745 9369 6812 2557
is_linear=0
shrinkage=0.03


Tree=187
num_leaves=13
num_cat=0
split_feature=1 2 4 2 0 1 2 4 4 6 6 3
split_gain=15.3549 20.2975 21.8039 16.7455 14.3927 12.6601 13.4697 23.1149 12.5653 9.25914 6.16359 3.96546
threshold=-1.2907707024045829 0.0027616538798669486 0.63937500000000014 0.0029311035973404779 0.002710909238733739 3.2882728992079229 0.0032794510662527919 0.35812500000000008 0.39062500000000006 -0.0075500259620175916 0.0015642954181958049 1.1420825229517182
decision_type=8 10 10 10 10 10 8 10 8 10 10 10
left_child=1 2 9 -3 -5 6 7 -2 -8 -1 -4 -7
right_child=5 3 10 4 -6 11 8 -9 -10 -11 -12 -13
leaf_value=0.001118430340329199 0.0045160231942092755 0.012478074874167515 0.013551717115840212 -0.0033060825247551297 0.0025123011686990458 0.0090392534208850166 -0.0014463841246659271 -0.00093743807569547774 0.0010314590944791378 -0.014447097419139637 -0.0026018398541848382 0.00054450081087836831
leaf_weight=30.015791013836861 732.98749329708517 67.740675449371338 32.449792295694351 1355.1174516230822 511.78521630167961 181.84311132878065 2080.2635937184095 11305.25922030583 14602.568357169628 247.41497778892517 27.387969940900803 89.685887232422829
leaf_count=269 4882 420 370 6370 2256 882 9377 74660 64004 3380 301 428
internal_value=4.08295e-05 -0.0023263 -0.00903092 -0.00108619 -0.0016742 0.000229129 0.000164872 -0.000596934 0.000718209 -0.012574 0.00598516 0.00656557
internal_weight=31264.5 2271.91 337.269 1934.64 1866.9 28992.6 28721.1 12038.2 16682.8 277.431 59.8378 271.529
internal_count=167599 13366 4320 9046 8626 154233 152923 79542 73381 3649 671 1310
is_linear=0
shrinkage=0.03


Tree=188
num_leaves=15
num_cat=0
split_feature=5 3 2 5 7 2 0 4 3 7 3 7 7 0
split_gain=18.029 17.8956 14.6562 12.6279 12.6019 10.4948 8.91111 7.99755 7.56881 6.12856 5.51179 4.08295 3.05565 2.16168
threshold=-0.91127623748215358 -0.14076146754012561 0.0032794510662527919 1.3782580431390037 0.0096498360973261196 0.001719074333767883 0.00073159687048307564 0.50812500000000005 1.1364889261813975 0.09848189736813763 1.1420825229517182 0.067612408433824794 0.10850375647253933 0.00059114629667811347
decision_type=10 8 10 10 8 10 10 10 8 10 10 8 10 8
left_child=5 2 4 7 -2 12 -4 -3 9 -7 -10 -5 13 -1
right_child=1 3 6 11 -6 8 -8 -9 10 -11 -12 -13 -14 -15
leaf_value=-0.0052137268682467168 -0.0044409567855576938 0.00050104088694598488 0.00095109666781253044 -0.0041549619912676968 0.00041712605240891957 -0.0023086705114134009 0.0030618834992628789 -0.0011305194971399186 0.0078778729991249418 0.00040877743825307389 0.00030940699274424583 -0.00081494405490077052 0 -0.015236655514408145
leaf_weight=90.406249770894647 526.0869902446866 7405.1218584794551 3790.609895914793 977.10580264590681 4590.4173239022493 3698.8523310273886 3642.6190492138267 4235.7589770257473 92.805700689554214 887.06861226260662 692.06091319769621 578.52996597625315 18.568178113549948 57.547545537352562
leaf_count=1772 4223 40127 16856 5432 30779 19084 15810 21606 457 4226 3406 2884 209 894
internal_value=0 0.000334335 0.00114627 -0.000433547 -7.83741e-05 -0.00155114 0.00199626 -8.79448e-05 -0.00129883 -0.00177023 0.00136767 -0.00296429 -0.00881461 -0.0102099
internal_weight=31283.6 25746.2 12549.7 13196.5 5116.5 5537.31 7433.23 11640.9 5370.79 4585.92 784.867 1555.64 166.522 147.954
internal_count=167765 137717 67668 70049 35002 30048 32666 61733 27173 23310 3863 8316 2875 2666
is_linear=0
shrinkage=0.03


Tree=189
num_leaves=14
num_cat=0
split_feature=7 2 4 7 4 4 3 4 2 4 2 2 7
split_gain=16.6211 26.2023 18.3378 26.1204 20.184 15.4164 14.8113 13.8544 45.0256 13.2254 11.1127 24.1111 8.6819
threshold=0.02856738364090957 0.0021062118175967973 0.35312500000000008 0.13939408746881107 0.33562500000000006 0.74687500000000007 -0.26918371107478928 0.39312500000000006 0.0034580631669225508 0.5056250000000001 0.0020166696977497881 0.0019273428732258953 0.0052531138686794316
decision_type=8 10 8 10 10 8 10 8 10 8 8 10 10
left_child=1 10 3 4 -2 6 -3 8 -4 -9 11 -1 -12
right_child=2 5 7 -5 -6 -7 -8 9 -10 -11 12 -13 -14
leaf_value=-0.0071974530434655241 -0.00051224855397094559 0.00067875272389156509 -0.00629650946386256 0.021604997531198638 0.0080863772514656717 0.011389889581384195 -0.0018060889121989645 0.0012665346761092174 0.0026723373472478098 -0.00033241845894231835 0 0.0066055433300262747 -0.016188299768733632
leaf_weight=481.29141156747937 586.02230772934854 3961.6418493017554 1058.2877024021 64.801427975296974 397.61951986514032 86.232523426413536 4662.260977614671 10402.231191435829 934.17631961405277 8330.1197456978261 41.70465187355876 135.42680233716965 137.22602031007409
leaf_count=8597 3027 19499 7649 285 2158 479 22622 54363 4241 41837 370 1340 1303
internal_value=3.78891e-05 -0.00100603 0.00049665 0.00435256 0.00294961 -0.000519106 -0.000658191 0.000296685 -0.00206911 0.000552494 -0.00618938 -0.00401364 -0.0127615
internal_weight=31279 9505.78 21773.3 1048.44 983.642 8710.14 8623.9 20724.8 1992.46 18732.4 795.649 616.718 178.931
internal_count=167770 54210 113560 5470 5185 42600 42121 108090 11890 96200 11610 9937 1673
is_linear=0
shrinkage=0.03


Tree=190
num_leaves=15
num_cat=0
split_feature=7 4 4 7 2 4 2 7 4 4 7 2 4 0
split_gain=16.03 33.6711 29.4555 42.8228 18.7337 16.3699 20.4929 20.122 12.1011 13.0743 8.54638 6.78274 16.432 7.73166
threshold=0.1418067483863894 0.42187500000000006 0.35562500000000002 0.17289589068860317 0.0016064990190196478 0.5056250000000001 0.0073433263091247031 0.0055869596153916524 0.65812500000000007 0.48437500000000006 0.037406451149912166 0.0047750893397121314 0.50812500000000005 0.0020608906115446861
decision_type=10 10 10 10 8 10 10 8 10 10 10 10 10 10
left_child=4 2 -2 -4 8 7 -7 -6 9 -1 -10 13 -13 -3
right_child=1 11 3 -5 5 6 -8 -9 10 -11 -12 12 -14 -15
leaf_value=-0.0042002097589813742 0.012139103450808373 0.0076891275012472438 -0.016881828105517225 0.0023951172813096236 -0.003175144904232317 -0.0011767206401769401 0.0066299702758264864 0.00081394639708840888 -0.0048188446225740297 -0.016718020393775603 0.017372337790572259 0.0094989056802850854 -0.0068638328189932069 0.002861022803442104
leaf_weight=427.97498624585569 70.160132627934217 728.34083965793252 203.81863439828157 188.05614579468966 1204.9153268262744 10179.782722178847 300.07548768818378 17044.647476371378 16.21450475230813 92.52500587888062 24.91010969504714 82.741410732269287 126.2882207557559 619.81948283314705
leaf_count=8672 312 3339 1070 837 6592 51100 1546 87699 342 2328 420 441 619 2701
internal_value=7.27402e-05 0.00265244 -0.0043264 -0.00765234 -0.000103892 1.01952e-06 -0.00094136 0.000545689 -0.00548167 -0.00681169 0.00821809 0.00477581 0 0.00555098
internal_weight=31310.3 2019.22 462.035 391.875 29291 28729.4 10479.9 18249.6 561.625 520.5 41.1246 1557.19 209.03 1348.16
internal_count=168018 9319 2219 1907 158699 146937 52646 94291 11762 11000 762 7100 1060 6040
is_linear=0
shrinkage=0.03


Tree=191
num_leaves=15
num_cat=0
split_feature=2 1 4 4 3 6 0 1 0 1 4 3 1 4
split_gain=15.8757 18.1347 32.7203 31.0013 13.9517 13.7813 11.0956 11.0852 15.5196 9.9121 8.4957 8.48991 8.32539 8.15581
threshold=0.0033790425544059106 0.079182276184212544 0.45437500000000003 0.5681250000000001 -0.56382710802568314 -0.029977913567287292 0.0023033078868387462 -1.270635522630809 0.002643844090300385 -0.6509568700522167 0.46437500000000004 -1.1545828115311243 2.0276821110566989 0.55312500000000009
decision_type=8 10 10 10 10 10 10 8 10 10 8 8 8 10
left_child=1 2 9 6 10 -5 -3 8 -6 -1 11 -2 -9 -12
right_child=4 3 -4 5 7 -7 -8 12 -10 -11 13 -13 -14 -15
leaf_value=-0.0068118862231126296 -0.0029645726024245711 0.0025217470276899774 -0.00026724517859912008 0.0039664531957690789 -0.0060877955501274237 -0.0040407993107126625 -0.00025287187884383619 -7.8589884815372029e-05 0.002725921803981235 -0.0029384000401378178 -0.0011566978461834581 0.0030828517465135044 0.003733313481641902 0.0017832657565386085
leaf_weight=1062.7911782320589 206.1233628988266 3166.7586642168462 4221.8413024935871 203.61441294848919 588.09404896199703 1640.213906513527 2127.7672330662608 9114.0658294707537 239.36556369066238 1602.0873757079244 1450.3468413725495 3102.9008053466678 535.32537239789963 1979.5909536704421
leaf_count=10957 907 18693 29102 869 2627 8685 10958 39870 1028 12651 6350 13737 2669 8590
internal_value=-7.9164e-05 -0.000829787 -0.00192782 0.00022236 0.000528984 -0.00310756 0.001397 -0.000150904 -0.00346443 -0.00452532 0.00159353 0.00268028 0.00013032 0.000522913
internal_weight=31240.9 14025.1 6886.72 7138.35 17215.8 1843.83 5294.53 10476.9 827.46 2664.88 6738.96 3309.02 9649.39 3429.94
internal_count=167693 91915 52710 39205 75778 9554 29651 46194 3655 23608 29584 14644 42539 14940
is_linear=0
shrinkage=0.03


Tree=192
num_leaves=15
num_cat=0
split_feature=1 2 4 4 0 0 4 2 4 4 6 2 4 1
split_gain=14.8086 23.112 21.3119 12.0512 11.2638 27.6823 23.2549 9.97872 10.1635 8.66494 8.44771 7.98507 5.70899 3.55948
threshold=-0.085319150817296033 0.0021598888065144863 0.71437500000000009 0.37812500000000004 0.0015124027059009173 -0.0026704602486051772 0.41562500000000008 0.0071915022378682041 0.46312500000000006 0.49562500000000004 -0.0040186922002201078 0.0013313840679558082 0.73812500000000014 0.59025181720934639
decision_type=8 10 10 10 10 10 10 10 8 8 10 10 10 10
left_child=1 3 7 10 5 -3 -6 9 -9 -2 -1 -5 13 -4
right_child=2 4 12 11 6 -7 -8 8 -10 -11 -12 -13 -14 -15
leaf_value=0 0.0011466818720662769 0.00077783003410597821 -0.015032352389130262 -0.014646214111669959 -0.0030308215908734074 -0.0026321654010779613 0.0016300145468348965 0.0011859526499632636 0.0085617760186970024 -0.00032016248251021747 -0.016015447129073403 -0.0024930753593636287 -0.0018157317581739018 -0.0040300831050650177
leaf_weight=38.259037276729941 9089.0717193372548 3841.6246146336198 89.744515441358089 46.307235112413764 1214.6453925557435 4766.3243410475552 4436.825400069356 464.61315121501684 280.20264906436205 5931.4009119663388 127.67226934991777 713.5546671692282 132.69904256612062 74.676333151757717
leaf_count=571 46622 17765 412 1971 5796 26141 21216 2852 1641 28804 2658 10376 588 322
internal_value=-5.04405e-05 -0.000723645 0.000582321 -0.00529656 -0.00041904 -0.00110423 0.0006141 0.000737802 0.00411692 0.000563623 -0.0125499 -0.00349227 -0.00722764 -0.0108969
internal_weight=31247.6 15185.2 16062.4 925.793 14259.4 8607.95 5651.47 15765.3 744.816 15020.5 165.931 759.862 297.12 164.421
internal_count=167735 86494 81241 15576 70918 43906 27012 79919 4493 75426 3229 12347 1322 734
is_linear=0
shrinkage=0.03


Tree=193
num_leaves=15
num_cat=0
split_feature=2 3 5 7 6 6 6 7 0 0 6 7 5 2
split_gain=13.6153 11.532 15.2558 11.4683 17.9571 16.8223 11.4788 23.1708 19.9539 10.0555 7.87653 7.29278 8.16233 5.91856
threshold=0.0033195604135832185 0.3030253156463168 -0.038152779477519876 0.15216229982414128 -0.010977681686876293 0.021733039676491653 -0.0017144221343246 0.0073002882107672147 0.00086971682337455569 0.0012103630335100759 -0.031959016104557307 0.030144397741051276 1.2789259390723888 0.0064893139797160262
decision_type=8 10 10 10 10 10 10 10 10 10 8 8 10 10
left_child=3 2 13 6 10 -6 7 -1 -8 -4 -5 -3 -13 -2
right_child=1 11 9 4 5 -7 8 -9 -10 -11 -12 12 -14 -15
leaf_value=-0.0060990309917942501 -0.00031682389735834127 -0.0014289637431285826 0.0012014936685758434 0 0.0088312237586400267 -9.371436528114518e-05 -0.0037425064793700515 0.00078490346405852586 -0.0003777077244475643 0.0039083530720420995 -0.012810669832838127 0.00090985478812974309 -0.0026629967880461578 0.0026130003073524671
leaf_weight=471.13024678267539 3979.3561431616545 2684.7613868489861 2693.5434448122978 93.513674512505531 395.96969320252538 332.4304763674736 2553.6613812465221 5082.3419594354928 4288.8453302737325 2437.2605044469237 70.125752873718739 4806.3299527466297 637.97237454354763 722.31034314632416
leaf_count=3400 17105 11785 11977 401 1918 1409 21751 31685 27767 10577 300 21333 2788 3571
internal_value=0.000142681 0.000682666 0.00137391 -0.000582674 0.00266868 0.00473066 -0.000823446 0.000180206 -0.00164585 0.00250409 -0.00590802 -0.000146713 0.000476067 0.000125137
internal_weight=31249.6 17961.5 9832.47 13288 892.04 728.4 12396 5553.47 6842.51 5130.8 163.639 8129.06 5444.3 4701.67
internal_count=167767 79136 43230 88631 4028 3327 84603 35085 49518 22554 701 35906 24121 20676
is_linear=0
shrinkage=0.03


Tree=194
num_leaves=13
num_cat=0
split_feature=1 3 5 1 5 1 3 4 7 5 0 7
split_gain=10.7924 9.47677 12.7931 9.84169 8.81174 7.18635 6.78937 6.24584 4.18104 1.51246 0.165597 0.0870664
threshold=3.0063222569592827 0.27924558001127547 -0.91127623748215358 -0.28357021280145928 1.5581958289930906 0.59025181720934639 0.90839473669919879 0.50812500000000005 0.044321572804979434 0.74658245391821854 0.012054681171821626 0.021488817715404302
decision_type=10 10 8 10 10 8 10 10 10 10 10 10
left_child=1 2 3 -1 7 -4 -6 -3 11 10 -10 -2
right_child=8 4 5 -5 6 -7 -8 -9 9 -11 -12 -13
leaf_value=-0.0032787080220732946 0.00099855556738535239 0.00014659922576313315 0.00051288731624151915 0.00036850382838296065 -0.0066803078254837629 0.0022065000940812572 -0.0013018236381927646 -0.0012060209556664088 0.0096022876937000845 0.001353961614422724 0.0037607919182429655 -0.00021382921792674706
leaf_weight=1283.9090736750513 65.133751593530178 8392.7812210675329 11150.936598265544 1314.6214606780559 342.08791412226856 2876.8490310031921 639.28635607287288 4779.3929776549339 141.62003295868635 63.425594054162502 66.537939310073853 65.299572214484215
leaf_count=7563 307 45723 61356 6784 1851 14282 3472 24478 719 291 291 321
internal_value=8.40096e-05 1.74841e-05 0.000504914 -0.00141621 -0.000550821 0.000865816 -0.00328565 -0.000340177 0.00490776 0.00697185 0.00826806 0
internal_weight=31181.9 30779.9 16626.3 2598.53 14153.5 14027.8 981.374 13172.2 402.017 271.584 208.158 130.433
internal_count=167438 165509 89985 14347 75524 75638 5323 70201 1929 1301 1010 628
is_linear=0
shrinkage=0.03


Tree=195
num_leaves=14
num_cat=0
split_feature=2 5 2 7 4 4 0 2 6 0 0 0 2
split_gain=14.3571 9.13589 11.4062 9.7583 9.61348 23.0442 9.93363 9.04804 9.30607 13.3438 7.97288 7.42095 4.40893
threshold=0.0013313840679558082 -0.78236691818126736 0.0024039869930330819 0.09848189736813763 0.74187500000000017 0.71437500000000009 0.0029961878196322904 0.0012082362596986117 -0.00033603757179800903 -0.0037262768096938954 0.0029961878196322904 0.0024298396324026199 0.002230157151037354
decision_type=8 10 10 10 10 10 10 10 10 10 10 10 8
left_child=7 2 12 -4 5 -3 -6 8 9 -1 -10 -9 -2
right_child=1 4 3 -5 6 -7 -8 11 10 -11 -12 -13 -14
leaf_value=-0.012165002458626796 -0.0024044295809453114 0.00035738908624490722 -0.0010619017857402401 0.0020443311453250631 0.011147309334271124 -0.0079978491854990601 -0.0020729636878228349 -0.019008445540387039 -0.015786430272660957 0.013338793773106495 0.0016342312592119957 0 -0.007219623782078975
leaf_weight=15.790213814005254 588.63810217939317 23969.557153463364 4608.3990066498518 1115.3364523649216 135.51747239381075 290.38019701838493 64.152066051959991 65.218122689053416 45.074405690655112 48.653551261872053 28.640322994440794 19.652879774570465 288.74905882775784
leaf_count=221 6159 124963 21565 5025 686 1388 286 2288 1400 1334 342 356 2023
internal_value=-1.3297e-05 4.04266e-05 -0.000946884 -0.000443642 0.000309611 0.000251654 0.0067173 -0.00743339 -0.00187402 0.0054891 -0.00891457 -0.0146994 -0.00412023
internal_weight=31283.8 31060.7 6601.12 5723.74 24459.6 24259.9 199.67 223.029 138.158 64.4438 73.7147 84.871 877.387
internal_count=168036 162095 34772 26590 127323 126351 972 5941 3297 1555 1742 2644 8182
is_linear=0
shrinkage=0.03


Tree=196
num_leaves=14
num_cat=0
split_feature=1 2 2 4 3 2 3 1 2 4 4 5 0
split_gain=14.065 13.1016 21.6961 20.1317 11.6483 14.5949 12.4382 12.1111 9.64173 9.38841 8.21305 5.22498 2.46163
threshold=-1.4268424186073871 0.0027752499353625639 0.0029953417505763397 0.63937500000000014 0.27924558001127547 0.0025593995991118391 -1.1545828115311243 2.2735583090594309 0.0014092396667470914 0.46937500000000004 0.44687500000000008 0.99173844407476974 0.001722952310417081
decision_type=8 10 10 10 10 10 10 8 10 8 8 10 10
left_child=1 3 -3 12 5 9 -7 8 -6 -2 -4 -9 -1
right_child=4 2 10 -5 7 6 -8 11 -10 -11 -12 -13 -14
leaf_value=-0.015042609938014536 0.00023412719952106765 0.012765788835531205 0.00055914459094320629 0.007699977553176628 -0.0088998557989118741 -0.0031912152788377197 0.001250206592314461 0.003849852165544673 -0.00072615723466493327 -0.0031821687383795732 -0.0043768720396549273 -0.0017456267549720839 -0.0022419304665936917
leaf_weight=158.96011823602021 1536.7625889945775 77.06775264441967 438.59952089190483 39.919730890542269 122.78007559105754 578.62132985144854 12263.807921379805 736.65131817385554 13022.321914900094 1308.6618872396648 836.42889504134655 165.39740131795406 31.473596168681979
leaf_count=2176 15087 460 1961 451 3112 2619 55765 3608 66929 11020 3904 766 332
internal_value=-9.88653e-05 -0.0028463 -0.0016316 -0.00936205 4.62395e-05 0.000609785 0.0010431 -0.000578846 -0.000813771 -0.00132172 -0.00264109 0.0027502 -0.0134438
internal_weight=31317.5 1582.45 1352.1 230.353 29735 15687.9 12842.4 14047.2 13145.1 2845.42 1275.03 902.049 190.434
internal_count=168190 9284 6325 2959 158906 84491 58384 74415 70041 26107 5865 4374 2508
is_linear=0
shrinkage=0.03


Tree=197
num_leaves=15
num_cat=0
split_feature=1 7 0 7 6 7 7 0 0 5 6 0 5 3
split_gain=13.8752 13.5722 17.2833 12.947 10.9745 14.8448 13.0552 13.2372 9.55848 8.03573 7.26136 6.80495 4.56489 4.43757
threshold=-1.5125736617201679 0.048399561361017633 0.0028510857206830447 0.021849635591579149 -0.0017144221343246 0.0032477245262888255 0.14653798625209205 -0.0026704602486051772 0.012453430536371603 -0.56044949655658882 0.021733039676491653 -0.004610523665389831 -0.79583539041855311 -0.73867188923931482
decision_type=8 10 10 10 8 8 10 8 10 8 10 10 8 10
left_child=1 2 11 -4 5 12 7 -6 -7 -3 -8 -1 -2 -11
right_child=4 9 3 -5 6 8 10 -9 -10 13 -12 -13 -14 -15
leaf_value=0 -0.0097279158419923805 -0.0049171315688093103 0.010364449918769916 -0.0048234713345975105 0.0015293850879818873 0.00085928005725487133 0.0052608654841790978 -0.00096009040306134204 0.0068691882218298384 0.0075563014415951603 0.00026804193799636705 -0.0091445399181797355 -0.0024135650218303174 0.00020140199394866567
leaf_weight=86.240087606012821 105.24993056058884 132.13514058664441 86.49782520532608 91.590160839259624 2219.0832045301795 12544.12258027494 530.18893343582749 13392.432002460584 236.43196041882038 132.97019892558455 563.94908025115728 520.84017332829535 387.53437636420131 190.76036802306771
leaf_count=373 592 768 403 431 10776 65306 2512 75363 1200 741 2440 3513 2159 1062
internal_value=2.22948e-06 -0.00309131 -0.00546953 0.00239319 0.000133281 0.000778395 -0.000375858 -0.000601633 0.000980434 0.000905545 0.0027675 -0.00787471 -0.00425752 0.00353806
internal_weight=31220 1241.03 785.168 178.088 29979 13273.3 16705.7 15611.5 12780.6 455.866 1094.14 607.08 492.784 323.731
internal_count=167639 7291 4720 834 160348 69257 91091 86139 66506 2571 4952 3886 2751 1803
is_linear=0
shrinkage=0.03


Tree=198
num_leaves=15
num_cat=0
split_feature=7 2 7 4 4 4 4 4 7 4 4 4 4 7
split_gain=13.8512 15.7912 16.5096 18.9742 13.8039 13.71 9.29675 9.92516 27.2819 17.256 7.4386 10.5032 7.2528 7.03723
threshold=0.046607530178200546 0.0020882479789558219 0.024778987606094205 0.40937500000000004 0.34062500000000007 0.35062500000000002 0.67937500000000017 0.42812500000000003 0.14653798625209205 0.35562500000000002 0.73437500000000011 0.71437500000000009 0.64187500000000008 0.017553809914878173
decision_type=8 8 10 10 8 10 8 10 10 10 10 10 10 10
left_child=1 2 12 -4 13 -6 7 9 -9 -2 11 -8 -1 -3
right_child=6 4 3 -5 5 -7 10 8 -10 -11 -12 -13 -14 -15
leaf_value=-0.0082102340665159371 0.0034156247977825986 -0.0095407023015369446 0.0066057224095948186 -0.0049291744726914681 0.0082998542292595668 -0.00023924662353409364 -0.0014261663531101895 0.00084412966508706625 0.0058486289138665049 -0.0012867250302899859 0.0035316812661052976 -0.0097973307708079452 0.00046625277543794146 -0.0016504061951781274
leaf_weight=578.07353211846203 865.83039782196283 200.15487733483315 220.1682303417474 279.56031980924308 161.27407039701939 12826.476259365678 943.37122281268239 9929.926043478772 1086.4857791811228 3490.7054685950279 184.75769752264023 154.86123203858733 85.368778839707375 251.03287196904421
leaf_count=8812 4461 992 2924 3901 765 63017 4900 50120 4995 19156 810 759 1197 1213
internal_value=6.74028e-05 -0.000604703 -0.0039471 6.50034e-05 -0.00030823 -0.000122293 0.000660241 0.000867882 0.00134799 -0.000332744 -0.0017688 -0.00273847 -0.00701434 -0.00541176
internal_weight=31258 14602.1 1163.17 499.729 13438.9 12987.8 16655.9 15372.9 11016.4 4356.54 1282.99 1098.23 663.442 451.188
internal_count=168022 82821 16834 6825 65987 63782 85201 78732 55115 23617 6469 5659 10009 2205
is_linear=0
shrinkage=0.03


Tree=199
num_leaves=11
num_cat=0
split_feature=2 7 1 1 5 3 4 5 3 5
split_gain=15.165 13.3111 18.9808 13.0192 11.8994 9.88514 9.83123 7.70305 6.13146 2.14598
threshold=0.0013313840679558082 0.1129829735010431 0.76130195089509156 3.0063222569592827 -1.4086963361635039 1.1169385799073448 0.47437500000000005 0.85512461342886881 1.1044346048004985 -0.82365029008708945
decision_type=8 10 10 10 8 10 10 10 10 10
left_child=1 2 -1 4 8 -6 -4 9 -2 -5
right_child=3 -3 6 7 5 -7 -8 -9 -10 -11
leaf_value=-0.017682416248995653 -0.0028156845777250186 0.008030373159587538 0.0079656841372834561 0.0028766769534252154 0.00042615263341541399 -0.0013127252184204114 -0.012683465640947165 -0.0022601905484093249 0.00079331796767746602 0.0093412854475214933
leaf_weight=117.16462362371385 1831.9055548030883 30.061609700322151 52.862379506230354 113.43174879252911 24929.676959900185 3314.8127270899713 20.430602740496397 78.477494806051254 514.54421411268413 213.36524444073439
leaf_count=4309 9809 421 791 545 130333 16988 392 348 2666 1014
internal_value=6.1581e-05 -0.00760063 -0.0106447 0.000120462 4.68433e-05 0.00021956 0.000657635 0.00539791 -0.00199881 0.0074276
internal_weight=31216.7 220.519 190.458 30996.2 30590.9 28244.5 73.293 405.274 2346.45 326.797
internal_count=167616 5913 5492 161703 159796 147321 1183 1907 12475 1559
is_linear=0
shrinkage=0.03


Tree=200
num_leaves=14
num_cat=0
split_feature=6 0 2 6 2 4 0 5 4 4 2 4 6
split_gain=16.5535 15.3284 16.5648 15.9645 16.474 13.8962 12.0443 10.8926 10.332 17.8535 15.75 3.99128 3.4038
threshold=-0.002732616973985635 -0.0039258010509891075 0.0022175214254662079 0.0043456561953663106 0.0015933974398020996 0.39312500000000006 0.012453430536371603 -1.0074351888170801 0.46312500000000006 0.45437500000000003 0.002596455825755043 0.45312500000000006 -0.013595556009620145
decision_type=8 8 8 8 8 8 10 8 10 10 10 10 10
left_child=6 2 -2 5 -5 -3 8 -4 9 -1 -10 12 -8
right_child=1 3 7 4 -6 -7 11 -9 10 -11 -12 -13 -14
leaf_value=0.0009209192697458323 -0.011268715754268077 -0.0063789427585490849 -0.0018266406954284627 -0.0097410377973200998 -0.00027007398854675548 -0.0017752140185303348 -0.00085640632016177154 0.0036384190458406762 -0.0034011927457260538 0.006531139874180707 0.00041264658620601067 0.011869803864958948 0.0077566771415387903
leaf_weight=5301.6196303125471 72.165927039459348 705.38913789950311 401.40107463300228 158.28514980524778 11494.627247247845 3998.3516794769093 71.519496306777 1439.9205421879888 1161.9924305882305 562.52507237717509 5708.8708307445049 99.381815426051617 59.921876922249794
leaf_count=28643 590 6393 1804 2494 55588 27903 397 6457 8554 2681 25573 496 287
internal_value=-0.000131602 -0.000714844 0.00180819 -0.00101459 -0.000412107 -0.0024904 0.000685536 0.00241122 0.000554297 0.0014795 -0.000227631 0.00735348 0.00291674
internal_weight=31236 18270.1 1913.49 16356.7 11652.9 4703.74 12965.8 1841.32 12735 5864.14 6870.86 230.823 131.441
internal_count=167860 101229 8851 92378 58082 34296 66631 8261 65451 31324 34127 1180 684
is_linear=0
shrinkage=0.03


Tree=201
num_leaves=15
num_cat=0
split_feature=4 4 4 2 0 0 1 2 2 5 0 4 4 5
split_gain=9.12264 27.8249 25.3576 30.3564 18.4039 25.3316 13.9195 11.7838 13.8872 10.0189 9.06821 8.80474 18.0846 10.6292
threshold=0.35562500000000002 0.34062500000000007 0.39062500000000006 0.0037610934198525005 0.010305087018099403 -0.0036224577769889961 0.010026654075214919 0.0043497958137187591 0.0054997834566165573 -0.1784981311642172 -0.00074994349802826033 0.50812500000000005 0.54687500000000011 0.84096832325030879
decision_type=10 10 10 10 10 8 10 10 10 10 10 10 10 8
left_child=1 4 3 6 5 -1 -2 9 -9 -3 -5 13 -13 -4
right_child=2 7 11 10 -6 -7 -8 8 -10 -11 -12 12 -14 -15
leaf_value=0.0043711000695065344 -0.0088149062232988854 0.003603292905778115 0.00093806277435569787 0.0041007456430978868 0.0082091966830216516 -0.005610468495897759 -0.0029418767521330524 -0.0075524053614311254 0.0077434021505205439 0.01347976931556547 -0.0015892618410498914 -0.0030902301550712031 5.4221252298486382e-06 -0.0010189435207837664
leaf_weight=327.41898184642196 696.12398185115308 186.13645138218999 12453.80575314723 460.4051611199975 165.06100325286388 679.74029712565243 869.79898362606764 88.405800059437752 105.51700656116009 258.28258066438138 516.62975643575191 2058.2902607778087 9283.7013888843358 3088.3159771282226
leaf_count=1630 6800 1134 66591 2180 787 3735 5507 375 536 1559 2255 10851 47504 16458
internal_value=-6.04923e-05 0.00199754 -0.000189791 -0.00304769 -0.000708636 -0.00229549 -0.00563015 0.00699387 0.00044769 0.00964556 0.00104562 7.93379e-05 -0.000553304 0.00054493
internal_weight=31237.6 1810.56 29427.1 2542.96 1172.22 1007.16 1565.92 638.342 193.923 444.419 977.035 26884.1 11342 15542.1
internal_count=167902 9756 158146 16742 6152 5365 12307 3604 911 2693 4435 141404 58355 83049
is_linear=0
shrinkage=0.03


Tree=202
num_leaves=15
num_cat=0
split_feature=1 3 3 0 0 6 6 5 1 6 1 7 7 1
split_gain=10.6536 12.79 14.4231 11.825 11.3355 13.1736 12.5691 11.1598 8.17999 5.46004 6.64123 5.81251 3.20266 3.49429
threshold=-0.64125877388447217 -1.1546261594985072 -0.77633105084160936 0.0016709257794780277 -0.0031582197877911829 0.0082586005798841473 -0.0061732950896438146 -0.10836423458759399 2.2735583090594309 0.0094117098877113409 -0.97993467139424117 0.0035877508695406602 0.024778987606094205 0.66601876049380038
decision_type=8 8 10 10 10 10 10 10 10 10 10 10 8 8
left_child=3 12 7 4 5 -1 -6 -3 -4 10 -5 -11 -2 -14
right_child=1 2 8 9 6 -7 -8 -9 -10 11 -12 -13 13 -15
leaf_value=-0.00071739525223099023 -0.0091821151803844515 0.0003041251622482684 -0.0001137123453026986 0.0033901644749527744 0.0003312592103258213 0.0070767345466707515 -0.0037361254214950427 0.0028983448804749674 0.0027329388035944153 0.0068919749354324454 -0.00029967855091144195 -0.0014802433853032359 -0.00026537305160244932 -0.0069399256432968841
leaf_weight=1447.5202549770474 105.72703246027231 2753.9006948955357 15628.313307261094 965.77138921618462 888.28631789796054 214.55926659703255 2605.4219454433769 3407.2951842360198 953.71207638829947 68.419189643114805 745.22383079119027 1090.7781122233719 228.24477866105735 108.47576862573624
leaf_count=6888 585 14517 81412 5257 4800 940 19825 17783 4632 322 4165 5032 1190 527
internal_value=8.31092e-05 0.000410961 0.00051248 -0.000855864 -0.00171715 0.000289178 -0.00268686 0.00175089 4.79445e-05 0.000671047 0.00175579 -0.000880054 -0.00457082 -0.0027268
internal_weight=31211.6 23185.7 22743.2 8025.98 5155.79 1662.08 3493.71 6161.2 16582 2870.19 1711 1159.2 442.448 336.721
internal_count=167875 120646 118344 47229 32453 7828 24625 32300 86044 14776 9422 5354 2302 1717
is_linear=0
shrinkage=0.03


Tree=203
num_leaves=15
num_cat=0
split_feature=7 2 6 1 6 2 0 6 3 6 3 6 3 7
split_gain=14.2024 17.1697 22.2065 13.2468 10.9162 10.6496 8.75081 7.60273 7.28164 7.13356 5.70567 4.95372 3.07917 2.05069
threshold=0.0055869596153916524 0.003552681884281731 0.0049450197427969309 3.0063222569592827 -0.002732616973985635 0.0013313840679558082 0.01097405567358223 0.021733039676491653 0.030810763972982037 -0.011890835430172329 -0.95992526585581406 0.03598493855181318 1.1420825229517182 0.044769070216518027
decision_type=8 10 10 10 10 8 10 10 10 10 10 10 10 10
left_child=1 2 8 4 6 -6 -2 -4 -1 10 -3 -11 13 -5
right_child=3 9 7 12 5 -7 -8 -9 -10 11 -12 -13 -14 -15
leaf_value=-0.011898276737188478 0.00065146891572975124 0.011227574396365599 -0.0014694162173951183 0.0018652198497116725 -0.0082795814114898399 -0.00031809185314862569 0.0058280507038880333 0.0088717659006448055 -0.0047762800431818912 -0.0022587464243559955 0.001295688071142513 0.0054713447918080492 0.00080743465702387508 0.009032868195454782
leaf_weight=315.06557710375637 11649.087007166818 68.455078393220901 227.64048291929066 79.31868664547801 143.36505871918052 16796.022548278794 295.45444247871637 75.325929574668407 317.66140050441027 646.53033736348152 220.18645636737347 71.073444679379463 117.2778394818306 195.26148325204849
leaf_count=2585 59666 298 1558 378 4139 89510 1465 368 2443 2759 962 327 563 947
internal_value=3.79081e-06 -0.00247199 -0.00537693 0.000170852 9.3448e-05 -0.000393858 0.000789301 0.0011113 -0.00854597 0.000196562 0.00414916 -0.001346 0.00558274 0.00731147
internal_weight=31217.7 1941.94 935.693 29275.8 28883.9 16939.4 11944.5 302.966 632.727 1006.25 288.642 717.604 391.858 274.58
internal_count=167968 11300 6954 156668 154780 93649 61131 1926 5028 4346 1260 3086 1888 1325
is_linear=0
shrinkage=0.03


Tree=204
num_leaves=14
num_cat=0
split_feature=4 7 6 7 4 7 4 4 4 4 7 5 6
split_gain=10.2467 21.6243 16.7415 14.8213 17.2748 14.8151 13.8455 22.5797 12.6456 9.56559 9.00841 8.70137 5.54327
threshold=0.50812500000000005 0.1418067483863894 0.066047323932674665 0.0055869596153916524 0.45312500000000006 0.19725015367461723 0.39312500000000006 0.35812500000000008 0.54687500000000011 0.60687500000000016 0.17289589068860317 -0.79583539041855311 -0.019135126627515927
decision_type=10 10 10 10 10 10 8 10 10 10 10 10 10
left_child=3 2 8 4 11 9 7 -5 -2 -3 -8 -1 -6
right_child=1 5 -4 6 12 -7 10 -9 -10 -11 -12 -13 -14
leaf_value=-0.0057110608164136767 -0.0034609986597088347 0.0013507065680343168 0.0099919958424381644 0.0017047728759333951 0 -0.0060720083558442146 0.0009533714938491307 -0.0027745850672277689 -0.00073487406868984098 0.0079562497663342585 0.0057331191326547735 0.0012141557682422389 -0.00939070423828791
leaf_weight=199.67233184725046 1894.957060450688 399.77653932571411 109.74450233578682 1726.033835042268 69.714051850140095 112.26630706340075 14058.667753389105 2392.9711812715977 8410.8941776510328 448.04382405802608 360.56337460130453 712.88332253787667 326.62564278021455
leaf_count=1213 10135 1755 515 9389 320 492 74846 15585 43681 2022 1674 4436 1825
internal_value=6.80013e-06 -0.000708738 -0.00111119 0.000420094 -0.00264433 0.00356195 0.000641001 -0.000883434 -0.00124482 0.00496351 0.00108094 -0.000281564 -0.00779602
internal_weight=31222.8 11375.7 10415.6 19847.1 1308.9 960.087 18538.2 4119.01 10305.9 847.82 14419.2 912.556 396.34
internal_count=167888 58600 54331 109288 7794 4269 101494 24974 53816 3777 76520 5649 2145
is_linear=0
shrinkage=0.03


Tree=205
num_leaves=15
num_cat=0
split_feature=7 4 7 6 1 4 1 5 6 0 7 6 7 5
split_gain=11.2073 35.9305 28.2179 12.027 21.2819 10.6924 10.223 11.1107 11.1609 10.8338 12.6582 7.92585 6.35286 4.8936
threshold=0.14653798625209205 0.42187500000000006 0.19725015367461723 -0.0151057912536654 0.50677403351667105 0.36187500000000006 -1.5125736617201679 -1.4086963361635039 0.095688572407011577 0.0028510857206830447 0.047483890707938452 0.021733039676491653 0.015824001392415389 -1.4651735573285711
decision_type=10 10 10 10 10 10 8 10 10 10 10 10 10 10
left_child=6 2 5 4 -3 -2 9 13 -9 10 -1 -5 -11 -8
right_child=1 3 -4 11 -6 -7 7 8 -10 12 -12 -13 -14 -15
leaf_value=-0.0070191233657736695 0.00035875965857625993 -0.0091647922014142444 0.0094489800402649416 0.0085975680666041422 0.0058705232484180742 -0.012178072449480907 -0.0014969079129526673 0.00014683567995792194 0.011010552884334498 0.0097323256764705497 0 0.0027925452862715035 -0.00014742198394301741 -0.0062731913769084845
leaf_weight=584.63335326500237 67.270665131509304 131.97245465219021 79.428401790559292 599.68513886630535 199.76883737742901 251.761968113482 2006.7735227001831 25944.351313241757 75.581456281244755 64.84085051715374 353.02019230648875 402.41612607240677 217.95244907587767 218.61724804341793
leaf_count=3797 298 559 347 2748 1020 1258 10982 140123 424 300 2120 1735 1003 1207
internal_value=3.02713e-05 0.00236972 -0.0053739 0.00475041 -2.837e-05 -0.00942166 -0.000105988 8.50247e-06 0.000184915 -0.00278298 -0.00434661 0.00637634 0.00216798 -0.00201892
internal_weight=31198.1 1732.3 398.461 1333.84 331.741 319.033 29465.8 28245.3 26019.9 1220.45 937.654 1002.1 282.793 2225.39
internal_count=167921 7965 1903 6062 1579 1556 159956 152736 140547 7220 5917 4483 1303 12189
is_linear=0
shrinkage=0.03


Tree=206
num_leaves=15
num_cat=0
split_feature=7 2 1 2 2 7 2 2 5 4 2 5 5 4
split_gain=13.6903 13.3614 12.9895 11.5043 11.3132 10.5668 8.61213 17.8588 7.50536 7.38252 6.16995 3.93521 3.62109 2.22219
threshold=0.0055869596153916524 0.010570226405862491 0.98821406175250937 0.0039276411513036926 0.0023358565281525515 0.17289589068860317 0.0023693445118215585 0.0019273428732258953 1.1935769763654422 0.5006250000000001 0.0040707763470456222 -0.23970255715776112 0.70894715352155713 0.45937500000000003
decision_type=10 10 10 8 8 10 10 10 8 10 8 10 10 10
left_child=3 2 4 6 -2 -4 7 -1 10 -8 -5 13 -13 -3
right_child=1 11 5 8 -6 -7 9 -9 -10 -11 -12 12 -14 -15
leaf_value=-0.0092264505818734632 -0.0021490168628156446 -0.00068071221148889702 0.0010168083554991682 0.0065630373973787253 -4.0772785420178807e-05 0.0065362950769020023 -0.0080894033646616761 0.0062307078687741952 0.0073408738279291562 -0.0021736890394245994 -0.0019012192134595771 0.010577832905637128 0.0020978751152197399 0.0059129475691933652
leaf_weight=98.531892582774162 2567.279048374854 117.86836881190538 4701.0047755222768 75.623076662421227 21218.90567945689 331.37909981608391 526.91336034238338 166.15494630858302 104.40816688537598 359.77189967781305 672.50745303183794 153.87760158628225 98.931070804595947 53.882980562746525
leaf_count=1807 30538 702 22984 320 98950 1511 2738 1462 460 1873 2952 928 588 305
internal_value=-6.25974e-05 0.000100162 1.93338e-05 -0.00245625 -0.000271648 0.0014044 -0.00440072 0.000131808 0.000120814 -0.00580703 -0.000891204 0.00532191 0.00769379 0.00126929
internal_weight=31247 29243.1 28818.6 2003.91 23786.2 5032.38 1151.37 264.687 852.539 886.685 748.131 424.56 252.809 171.751
internal_count=168118 156506 153983 11612 129488 24495 7880 3269 3732 4611 3272 2523 1516 1007
is_linear=0
shrinkage=0.03


Tree=207
num_leaves=14
num_cat=0
split_feature=2 2 0 0 0 1 3 7 1 1 0 7 1
split_gain=8.15923 11.9703 9.1512 7.58002 13.8027 24.4997 12.211 11.6538 7.3773 4.4436 4.26355 4.16105 3.33511
threshold=0.0013313840679558082 0.0012082362596986117 0.0024298396324026199 -0.0026704602486051772 0.0015124027059009173 -1.0055549211307451 -1.1545828115311243 0.022584723169606819 0.32839982684432778 3.2882728992079229 -0.0029002358368288568 0.081217329594164875 0.35273615078122827
decision_type=8 10 10 8 10 8 8 10 10 10 10 10 10
left_child=1 8 -3 6 5 -5 12 -6 11 -8 -10 -1 -2
right_child=3 2 -4 4 7 -7 9 -9 10 -11 -12 -13 -14
leaf_value=-0.011983684527899299 -0.0082864808210649111 -0.019068266246085454 0.0010090392170847892 -0.0041639267993544872 -0.0011026581564608715 -0.00017313160117513702 0.0009818118010306064 0.00099176381683633544 -0.0037898001696689281 0.0064081400491657146 0.0091966692471983965 0.0028130819730083439 -0.0004408806243185001
leaf_weight=41.3869011644274 147.87523743137717 60.963081720285118 19.71381757594645 1801.0597054567188 3112.4777963235974 6033.9727377165109 9675.1287488341331 9966.4855475556105 18.612548727542162 132.61121586710215 63.945696551352739 12.35662213899195 97.014343436807394
leaf_count=1671 711 2284 358 12446 15964 36807 46544 48274 255 662 1056 334 460
internal_value=0.000174611 -0.0054827 -0.0139303 0.000217945 -0.000104962 -0.00110229 0.000895137 0.000488296 0 0.00106775 0.00552753 -0.00773276 -0.00555303
internal_weight=31183.6 216.979 80.6769 30966.6 20914 7835.03 10052.6 13079 136.302 9807.74 82.5582 53.7435 244.89
internal_count=167826 5958 2642 161868 113491 49253 48377 64238 3316 47206 1311 2005 1171
is_linear=0
shrinkage=0.03


Tree=208
num_leaves=10
num_cat=0
split_feature=1 3 3 4 1 4 4 1 3
split_gain=18.1613 9.73062 9.69649 11.3602 9.62247 12.2198 10.0927 2.63189 0.723981
threshold=3.7810991809203216 -0.92523248005020919 -1.1546591565990316 0.35812500000000008 -0.60211369513955171 0.61062500000000008 0.71437500000000009 -0.99293426889450409 1.1236101647868337
decision_type=10 10 8 8 8 8 10 8 8
left_child=1 2 7 -4 5 -3 -6 -1 -2
right_child=8 4 3 -5 6 -7 -8 -9 -10
leaf_value=0.0011247605734204442 0.013692112107314193 -0.0021028053177996916 0.0056725926433490526 0.00075755817349365626 4.473625455738434e-05 0.0014605235847366459 -0.0051776402653934519 -0.0042104878894793042 0.0049415011270672908
leaf_weight=78.604035139083862 70.094043701887131 4834.4383396692574 446.28893239796162 7146.1733865533024 16779.697006778792 1026.7045840136707 329.53467307239771 411.43583628442138 61.275680243968964
leaf_count=467 348 28564 2458 38829 87310 5906 1514 2188 292
internal_value=-5.11642e-05 -0.000101887 0.000790209 0.00106144 -0.000418603 -0.00146697 -5.53109e-05 -0.00322933 0.0106732
internal_weight=31184.2 31052.9 8082.5 7592.46 22970.4 5861.14 17109.2 490.04 131.37
internal_count=167876 167236 43942 41287 123294 34470 88824 2655 640
is_linear=0
shrinkage=0.03


Tree=209
num_leaves=14
num_cat=0
split_feature=6 2 4 4 1 1 4 2 2 5 4 4 4
split_gain=14.997 10.3278 13.5976 17.5206 10.7391 7.70288 6.41165 30.7262 11.0718 5.04441 2.61329 8.27278 2.51929
threshold=-0.0030071834447218389 0.011644782828630353 0.39062500000000006 0.38312500000000005 -1.7017259802264992 2.2735583090594309 0.47312500000000007 0.0073433263091247031 0.0015339518385634133 -0.41613935308443711 0.52187500000000009 0.64187500000000008 0.42812500000000003
decision_type=8 10 8 10 8 8 8 10 10 10 10 10 10
left_child=5 2 3 -2 -4 6 8 -8 -1 -3 12 -12 -7
right_child=1 9 4 -5 -6 10 7 -9 -10 -11 11 -13 -14
leaf_value=0.012360318781341716 -0.0016387920251853872 0 -0.0051830167382274101 -0.0089624578025515426 -0.000170806389580676 0.002628382707301668 -0.00048500347353879945 0.01111127098423023 0.0011382625635413799 0.0093001097889896852 -0.0038055117890453218 0.0088028402454592338 0.0085168415128982246
leaf_weight=71.55947270989418 2197.8347866684198 68.457196347415447 386.17556155379862 338.84221723489463 15314.242500777356 184.80230820924044 5832.4851204957813 203.07660683989525 6119.3491635248065 130.87639112770557 109.24384060874581 65.363206088542938 171.5858849324286
leaf_count=1486 14077 382 2399 2158 82799 1015 28678 1122 31273 748 512 319 866
internal_value=-7.80302e-06 -0.000556774 -0.000635473 -0.00267198 -0.000301129 0.000780657 0.000619365 -6.71689e-05 0.00129738 0.00604312 0.00430351 0.000810513 0.00578226
internal_weight=31193.9 18436.4 18237.1 2536.68 15700.4 12757.5 12226.5 6035.56 6190.91 199.334 530.995 174.607 356.388
internal_count=167834 102563 101433 16235 85198 65271 62559 29800 32759 1130 2712 831 1881
is_linear=0
shrinkage=0.03


Tree=210
num_leaves=13
num_cat=0
split_feature=2 1 1 4 4 3 2 5 3 1 5 1
split_gain=10.2566 11.3642 10.6203 9.18512 12.1927 8.49936 11.8111 8.67805 6.41185 2.09583 1.99015 0.458512
threshold=0.0013313840679558082 0.05886221180362728 3.2882728992079229 0.42687500000000006 0.38687500000000002 0.27924558001127547 0.0025593995991118391 0.44013146454209656 1.1404173513285387 -1.0727120971075275 0.13392812399775791 1.7338962950319667
decision_type=8 10 10 10 10 10 10 10 10 10 10 10
left_child=1 9 5 4 -3 6 -2 -7 10 -1 -4 -5
right_child=2 3 8 11 -6 7 -8 -9 -10 -11 -12 -13
leaf_value=0 -0.0012717822913075906 -0.0034553508932946382 0.011943088811060761 -0.010362061416743697 0.017262813450745523 1.4870339687094137e-05 0.00085176373362540029 -0.0015450263169642462 0 -0.017368705912310975 0.0030193047770899245 0
leaf_weight=10.79584654048085 2815.6410957183689 48.825272751972079 106.4425288811326 48.968418974429369 32.697703171521425 9330.753610253334 13768.834886595607 4823.960112079978 89.155362509191036 59.866673565469682 65.016128621995449 15.027278345078228
leaf_count=554 24540 831 520 1246 562 48481 62923 24993 417 2559 303 186
internal_value=3.02197e-05 -0.00633185 7.85489e-05 -0.000822896 0.00517707 2.4489e-05 0.000487072 -0.000513226 0.00599662 -0.0154244 0.00924277 -0.00894371
internal_weight=31216 216.181 30999.8 145.519 81.523 30739.2 16584.5 14154.7 260.614 70.6625 171.459 63.9957
internal_count=168115 5938 162177 2825 1393 160937 87463 73474 1240 3113 823 1432
is_linear=0
shrinkage=0.03


Tree=211
num_leaves=9
num_cat=0
split_feature=6 1 7 4 4 5 0 7
split_gain=10.1199 8.3368 9.93862 9.4614 13.7644 5.47593 5.2942 1.28978
threshold=0.095688572407011577 1.3466660082386379 0.17289589068860317 0.74937500000000012 0.71437500000000009 0.44013146454209656 0.001618401388685853 0.094813598781161884
decision_type=10 10 10 10 10 10 10 8
left_child=1 3 6 4 -1 -4 -3 -2
right_child=7 2 5 -5 -6 -7 -8 -9
leaf_value=-0.00023268128934774627 0.011612409777272631 0.0019378111437660592 0.010528859712714353 0.0081199605085381533 -0.0054622670450613711 0 -0.0004660187892185164 0.0029520621313696462
leaf_weight=26997.164948061109 59.919116020202637 1764.4113649874926 145.96834036707878 109.50567366927862 452.19138763099909 70.804790280759335 1475.0969968140125 62.729682296514511
leaf_count=147409 341 8918 693 582 2153 318 6924 310
internal_value=-7.09827e-05 -0.000108221 0.00127535 -0.000284317 -0.000322975 0.00738322 0.000826707 0.0081918
internal_weight=31137.8 31015.1 3456.28 27558.9 27449.4 216.773 3239.51 122.649
internal_count=167648 166997 16853 150144 149562 1011 15842 651
is_linear=0
shrinkage=0.03


Tree=212
num_leaves=15
num_cat=0
split_feature=4 2 7 2 5 4 1 1 2 6 2 4 6 1
split_gain=14.3968 19.3287 17.0515 26.8219 14.4394 16.0132 16.0636 13.119 11.5093 10.3491 5.05646 10.3618 7.27189 1.81591
threshold=0.50812500000000005 0.0073433263091247031 0.1418067483863894 0.0047080774960687015 1.2555158695413908 0.39312500000000006 -0.0097538349278845585 -0.73181136835468374 0.0021062118175967973 0.010174602068515172 0.0025725545066354123 0.36937500000000006 0.0024198686434608878 -0.58230957807531403
decision_type=10 10 10 10 8 10 10 10 10 10 8 10 8 10
left_child=4 2 8 -4 5 6 -1 -7 -2 13 11 -6 -12 -3
right_child=1 9 3 -5 10 7 -8 -9 -10 -11 12 -13 -14 -15
leaf_value=-0.0027216713909841879 -0.0058844491313449626 0.0036080626411754413 0.0047524806416163155 -0.0094054112008124836 0.0056080648905484191 -0.00050253041044374318 0.0010462143400354498 0.0017160031103940737 -0.0012244557506710719 -0.00026088951320612434 0.00087021755039738832 -0.0070454505773319253 -0.0030170481089326962 0.012798160828561739
leaf_weight=2121.364966657944 502.00036911759526 58.544487252831459 823.59766073152423 129.05295684188604 56.892954295501113 3039.1166734928265 1913.6638431251049 10674.059871826321 9591.1458973251283 113.53104813396931 805.45934598892927 336.19184737093747 877.21857967972755 130.53869093954563
leaf_count=13845 6500 261 3596 610 613 17764 10817 55380 46224 568 3732 3153 3922 765
internal_value=-3.58948e-05 -0.00088934 -0.00110125 0.00269444 0.000449845 0.000729426 -0.000921702 0.00121995 -0.00146776 0.00644155 -0.0019039 -0.0049715 -0.00112671 0.0105782
internal_weight=31172.4 11348.4 11045.8 952.651 19824 17748.2 4035.03 13713.2 10093.1 302.614 2075.76 393.085 1682.68 189.083
internal_count=167750 58524 56930 4206 109226 97806 24662 73144 52724 1594 11420 3766 7654 1026
is_linear=0
shrinkage=0.03


Tree=213
num_leaves=10
num_cat=0
split_feature=6 2 4 2 7 2 4 0 7
split_gain=10.7606 7.68949 10.9403 8.23911 8.03877 10.4721 7.50017 5.61979 1.18282
threshold=0.095688572407011577 0.0013313840679558082 0.47562500000000002 0.0011258670578612672 0.0055869596153916524 0.0039276411513036926 0.50812500000000005 -0.0022404399961643002 0.10957987532263623
decision_type=10 8 10 10 8 10 8 10 8
left_child=1 2 3 -1 5 -3 -6 -4 -2
right_child=8 4 7 -5 6 -7 -8 -9 -10
leaf_value=0.0047306246411409928 0.011514868634619634 -0.0038075416035174806 0 -0.0084169353679556594 0.00039251753457794473 0.00062724103356349905 -0.00060707844920167937 -0.018927162582118073 0.0028894374397693745
leaf_weight=88.174931904301047 64.56024194508791 1139.3454636167735 11.551119545474647 64.582046032883227 18222.277691913769 782.59590405225754 10715.796761978418 51.657692965120077 57.667335219681263
leaf_count=2128 367 7564 271 1809 96308 3378 54086 1749 282
internal_value=-0.000107016 -0.000145205 -0.00566418 -0.000634833 -0.000102816 -0.00197678 2.02117e-05 -0.0152521 0.00842541
internal_weight=31198.2 31076 215.966 152.757 30860 1921.94 28938.1 63.2088 122.228
internal_count=167942 167293 5957 3937 161336 10942 150394 2020 649
is_linear=0
shrinkage=0.03


Tree=214
num_leaves=12
num_cat=0
split_feature=6 0 0 0 7 4 0 7 6 6 4
split_gain=10.8711 15.2378 13.2117 18.8242 14.6897 11.1104 6.55417 21.1116 9.57103 4.39314 1.91162
threshold=-0.0049679311447068377 -0.012199706618455762 0.0015124027059009173 -0.0037262768096938954 0.12203316505687521 0.74187500000000017 -0.0056733203031123494 0.15905407352226877 -0.018590878347533032 0.0041918454439819905 0.44312500000000005
decision_type=8 8 10 8 8 10 10 10 10 8 8
left_child=5 9 3 -3 -4 6 8 -8 -1 -2 -11
right_child=1 2 4 -5 -6 -7 7 -9 -10 10 -12
leaf_value=0.00084084576557118121 0.0097491740132552348 0.00098888791386162974 -0.0002845292848976222 -0.0022682947367037342 0.002897440768947573 0.010613134150880856 0.0015856634225918081 -0.0095570514517622756 -0.0018494810447981602 -0.0014023772735567903 0.004446139961322434
leaf_weight=3201.2386381402612 147.42019481211901 2111.9186926800758 9667.2701564235613 6216.2795903347433 1497.2068008370697 92.535152353346348 6071.3568737115711 145.80042888969183 1874.7878640536219 61.183690212666988 106.39493188261986
leaf_count=15321 676 9977 49336 43750 6792 440 31593 651 8658 317 527
internal_value=1.85126e-06 -0.000420772 -0.000530754 -0.00143493 0.000139029 0.000742076 0.000646567 0.00129979 -0.00014269 0.0060074 0.00201422
internal_weight=31193.4 19807.7 19492.7 8328.2 11164.5 11385.7 11293.2 6217.16 5076.03 314.999 167.579
internal_count=168038 111375 109855 53727 56128 56663 56223 32244 23979 1520 844
is_linear=0
shrinkage=0.03


Tree=215
num_leaves=15
num_cat=0
split_feature=5 6 4 1 4 0 4 6 0 4 4 0 3 5
split_gain=12.4568 11.0632 10.8307 10.6754 12.7624 9.90498 9.04642 5.36768 8.82623 7.86126 7.80619 6.55243 4.93896 4.65309
threshold=-1.4086963361635039 -0.0024612821938472247 0.44062500000000004 1.7821885545188734 0.42687500000000006 0.012453430536371603 0.48187500000000005 0.0059193054402415521 -0.0023102789844967049 0.46187500000000009 0.68187500000000012 0.0046465923884769786 0.61963847870702493 -1.2372906535202308
decision_type=10 10 10 8 8 10 8 10 8 8 10 10 10 10
left_child=7 2 13 4 -3 -4 -5 8 9 -1 -10 -9 -13 -2
right_child=1 3 5 6 -6 -7 -8 11 10 -11 -12 12 -14 -15
leaf_value=0.0022802291325774112 0.0077558430686770468 -0.0019119942979277261 8.7140936009826812e-05 0.0051482857265628809 7.3729149001410052e-06 0.0087498844433577926 -0.00022379792374809256 0.0019917018890814836 -0.0065945024686164325 -0.0032742927588079685 0.0044876795386011329 -0.0058234141199575247 0.0014318576674403677 0.0019230934586049731
leaf_weight=360.61236587353051 126.46789032593369 4261.0677702100947 7833.5779818305746 563.80171107873321 11319.914944050834 110.99211807549 513.40236398205161 518.57953350618482 629.0184029629454 566.03437938913703 49.322692774236202 226.00607416778803 108.59165458753705 3954.7200359264389
leaf_count=1862 696 26715 39040 2722 60272 561 2373 2703 4313 2713 317 1036 494 21803
internal_value=8.94827e-06 0.000186776 0.000881134 -0.000311117 -0.000514575 0.000226557 0.00255422 -0.00203414 -0.00305192 -0.00104738 -0.00564805 -3.68196e-05 -0.00332142 0.00213702
internal_weight=31142.1 28683.9 12025.8 16658.2 15581 7944.57 1077.2 2458.17 1604.99 926.647 678.341 853.177 334.598 4081.19
internal_count=167620 154182 62100 92082 86987 39601 5095 13438 9205 4575 4630 4233 1530 22499
is_linear=0
shrinkage=0.03


Tree=216
num_leaves=12
num_cat=0
split_feature=2 5 3 1 0 5 4 4 2 1 1
split_gain=10.5777 9.84614 8.36718 9.09135 8.14625 4.8417 4.56666 6.38176 5.56586 4.44937 3.21458
threshold=0.01006235347145863 -1.0074351888170801 1.1523263353483724 0.66601876049380038 0.0025028687437168577 1.0771673027585689 0.5056250000000001 0.42812500000000003 0.0035140349019793615 1.1012185922268034 0.4276167029729297
decision_type=10 10 10 8 10 10 8 10 8 10 10
left_child=1 6 3 -3 -4 9 7 -1 -8 10 -2
right_child=5 2 4 -5 -6 -7 8 -9 -10 -11 -12
leaf_value=-0.0023035065860055647 0.0049229782796574644 -0.00014044364151296178 0 0.0012019161536435054 -0.0050929917844312013 -0.0022598955616469287 -0.00088222250474553606 0.00052951964583479449 -0.0043176647771565237 0.012954423547330637 -0.0010632802093987815
leaf_weight=1217.4644262017682 352.61149621754885 18831.093197270297 601.92457986529917 5952.0621240828186 535.85329116880894 78.295449361205101 917.8217848688364 1653.1519658155739 888.805883012712 54.591235630214214 80.081513419747353
leaf_count=7504 1876 103706 3414 29308 2539 454 5434 8646 3894 464 522
internal_value=-8.72215e-05 -0.000164844 6.17223e-05 0.00017988 -0.00243886 0.00393786 -0.00143071 -0.000654999 -0.00261985 0.00507977 0.00368053
internal_weight=31163.8 30598.2 25920.9 24783.2 1137.78 565.58 4677.24 2870.62 1806.63 487.284 432.693
internal_count=167761 164445 138967 133014 5953 3316 25478 16150 9328 2862 2398
is_linear=0
shrinkage=0.03


Tree=217
num_leaves=13
num_cat=0
split_feature=7 1 4 0 5 5 4 0 4 4 6 6
split_gain=9.23811 10.1703 23.2578 12.6782 9.81335 9.31092 9.2975 9.01804 5.92344 9.5497 6.16813 4.33216
threshold=0.0055869596153916524 -1.1471024265438847 0.59812500000000013 0.0028510857206830447 -0.76942393601564929 -1.5283810123781432 0.71437500000000009 -0.002523315214211896 0.34812500000000007 0.37437500000000007 0.0034691746239250425 -0.0048010771133695221
decision_type=10 8 10 10 10 8 10 10 8 8 10 10
left_child=8 2 3 -2 -4 7 -7 -3 -1 11 -11 -10
right_child=1 5 4 -5 -6 6 -8 -9 9 10 -12 -13
leaf_value=-0.010110748102524113 -0.0042191418477326454 0.00045463942092795792 -0.0037522063637055077 0.00082320231947346871 0.005703850393653999 0.00052914597864736623 -0.0035779608016627503 -0.0039554255174570722 0.011802014017053183 -0.0036040075276187315 0 0
leaf_weight=70.853558277711272 1728.7569615310058 747.14763934724033 109.46218708530068 576.02822146192193 461.23180862888694 24200.95850643795 493.26671362295747 872.0673307729885 53.493920808658004 1087.1372591694817 728.65170368831605 63.701948154717684
leaf_count=390 11011 3628 663 2713 2659 128366 2316 5074 318 6549 3848 516
internal_value=-2.4295e-05 0.000109308 -0.00157827 -0.00293489 0.00375342 0.000296532 0.000443263 -0.00189338 -0.0019911 -0.00161209 -0.00218281 0.00623513
internal_weight=31192.8 29188.9 2875.48 2304.79 570.694 26313.4 24694.2 1619.21 2003.84 1932.98 1815.79 117.196
internal_count=168051 156430 17046 13724 3322 139384 130682 8702 11621 11231 10397 834
is_linear=0
shrinkage=0.03


Tree=218
num_leaves=13
num_cat=0
split_feature=5 1 4 7 0 4 4 0 1 0 0 4
split_gain=12.3869 9.83439 7.92149 13.6695 10.8208 6.56034 23.1857 10.6556 6.15552 5.22139 5.35177 1.989
threshold=-1.0074351888170801 0.98821406175250937 0.53437500000000016 0.13118764647751655 0.0061021807851154861 0.73812500000000014 0.71437500000000009 0.0036424995948954879 -1.7017259802264992 -0.033677212258606808 -0.018711053761267357 0.44937500000000002
decision_type=8 8 10 10 10 8 10 8 10 10 10 10
left_child=8 5 4 -4 -3 6 -2 -7 11 -10 -11 -1
right_child=1 2 3 -5 -6 7 -8 -9 9 10 -12 -13
leaf_value=-0.0011893349251601332 3.8861461012000147e-05 0.0037279225650301228 -0.0022443196440660963 0.0052132188708331161 0.00017584554369086281 0.0083526220015074128 -0.0095428742613021898 -0.0049197945786650732 0.0060115823348107352 -0.0057693316809177822 -0.0010869136214904892 -0.010763632317929242
leaf_weight=49.051436398178339 21444.324858679436 1944.8428656924516 946.77517764270306 275.96708723902702 1337.8992517851293 186.11507847905159 219.63874895125628 61.657094545662403 75.870520450174809 230.62287203967571 4286.0049143023789 75.838631409220397
leaf_count=302 117349 10326 4521 1229 6179 916 1091 278 474 1128 23504 452
internal_value=4.5056e-06 0.000259425 0.00153428 -0.000483881 0.00230341 -5.53349e-07 -5.98722e-05 0.00475434 -0.00140787 -0.001204 -0.00135147 -0.00781501
internal_weight=31134.6 26417.2 4505.48 1222.74 3282.74 21911.7 21664 247.772 4717.39 4592.5 4516.63 124.89
internal_count=167749 141889 22255 5750 16505 119634 118440 1194 25860 25106 24632 754
is_linear=0
shrinkage=0.03


Tree=219
num_leaves=15
num_cat=0
split_feature=5 1 2 2 0 1 2 5 0 2 2 5 2 7
split_gain=11.1312 9.74781 11.668 9.73182 8.77705 8.64517 6.43929 4.09846 3.69789 3.61696 3.49029 3.47598 3.32993 2.92119
threshold=-0.91127623748215358 1.8385319234672457 0.0013313840679558082 0.0011258670578612672 0.01546779032227741 -1.7017259802264992 0.0024039869930330819 0.48359490808868205 -0.0021729698817943284 0.0025316596608429532 0.0018894389554005039 0.38690417027386143 0.0040924085657698395 0.044769070216518027
decision_type=10 8 10 10 10 10 10 10 10 10 8 10 8 10
left_child=4 2 3 -2 6 -4 8 11 -1 -8 -9 -3 -6 -14
right_child=1 7 5 -5 12 -7 9 10 -10 -11 -12 -13 13 -15
leaf_value=-0.00036735341948369681 0 0.0031918239835671209 -0.0034571755383672543 -0.014875198848980059 -0.010589719863449563 0.00032612696932101689 0.003429105166996676 0.0066644368718309296 -0.0050575247325867307 -0.00062159615856251108 -0.00021750515104472211 0.010561583932925776 -0.0068750063428257707 0.00061998639660102871
leaf_weight=266.26197808142751 73.976684186607599 889.24727002903819 544.4301042612642 74.533483181148767 106.481778383255 23469.484161984175 194.54284528642893 63.954406626522541 468.33403352089226 4331.2199497446418 522.37448810040951 64.349376391619444 70.162309035658836 78.994621604681015
leaf_count=2089 2048 4424 3116 2545 450 122853 1194 425 5676 19946 2379 319 343 378
internal_value=6.69347e-05 0.00033126 0.000180574 -0.00792137 -0.00115223 0.000236453 -0.000868586 0.00264049 -0.00346587 -0.00042707 0.000531704 0.00385585 -0.00651054 -0.00273906
internal_weight=31218.3 25702.3 24162.4 148.51 5516 24013.9 5260.36 1539.93 734.596 4525.76 586.329 953.597 255.639 149.157
internal_count=168185 138109 130562 4593 30076 125969 28905 7547 7765 21140 2804 4743 1171 721
is_linear=0
shrinkage=0.03


Tree=220
num_leaves=10
num_cat=0
split_feature=1 1 4 0 3 3 7 1 5
split_gain=9.17017 7.72569 14.2677 15.1375 10.0277 10.5277 4.94859 3.34006 2.45053
threshold=3.7810991809203216 -0.91953518346047136 0.59812500000000013 0.0094464768421306262 -1.1545828115311243 0.46769821303701054 0.0059083308466516453 0.60563197716131201 -0.12823157882055558
decision_type=10 8 10 10 8 10 10 8 10
left_child=1 2 3 -1 7 -6 -4 -3 -2
right_child=8 4 6 -5 5 -7 -8 -9 -10
leaf_value=-0.002434421021808326 0.002018660281431787 -0.0019790784553767949 -0.0040054319387528986 0.0055918439151148129 0.00077011014245867871 -0.00045531935586757882 0.0026489349634165296 -0.0072289583331792443 0.011616587691992317
leaf_weight=3796.107474334538 70.452575534582138 434.75718096923083 97.028588563203812 210.45886567980051 13764.260275691748 11576.980575235561 935.79380152747035 172.33975171297789 63.809870585799217
leaf_count=23075 357 2341 622 924 73223 60658 5419 861 299
internal_value=-5.59821e-05 -9.29959e-05 -0.00116771 -0.001985 0.000113782 0.000207955 0.00193384 -0.00365961 0.00748514
internal_weight=31122 30987.7 5039.39 4006.57 25948.3 25341.2 1032.82 607.097 134.262
internal_count=167779 167123 30040 23999 137083 133881 6041 3202 656
is_linear=0
shrinkage=0.03


Tree=221
num_leaves=14
num_cat=0
split_feature=3 3 5 1 5 4 0 6 5 1 5 3 0
split_gain=9.97723 14.1809 8.13502 9.1426 7.91018 9.06798 5.29136 6.18831 6.96281 5.10734 4.58774 4.56147 2.44797
threshold=-1.1545828115311243 -0.77633105084160936 0.85512461342886881 2.3702013067977661 -1.5975068025061918 0.35812500000000008 -0.0035241769373015037 0.0096663677258996845 0.27312267971379595 -1.1305725816252805 0.5852893136939562 -1.1529237989139616 -0.0086995771009828454
decision_type=8 10 8 8 10 10 10 10 10 8 8 10 8
left_child=6 4 3 -3 11 -6 12 10 -9 -4 -8 -2 -1
right_child=1 2 9 -5 5 -7 7 8 -10 -11 -12 -13 -14
leaf_value=-0.0032637084284873026 0.0037429165579553419 -0.00014484374145944947 -0.0046123381046285121 0.0033013940386853419 0.0051680292152443052 0.0010691397319685832 -0.00095106387200632851 -0.00052577748852899423 -0.011788899220484437 -0.0010884966928134709 0.0068986458365997245 -0.0043046206921506505 -0.010951400663037965
leaf_weight=123.65127135440707 61.299416160210967 16462.334886876866 417.43422212731093 713.24178771674633 519.54860589466989 7898.8607765780762 218.69224891997874 137.43666708096862 80.792335649952292 3947.0914598675445 80.62400075700134 342.42456920538098 97.663311388343573
leaf_count=571 327 88738 2492 3508 2851 42969 1399 644 376 20874 497 1893 484
internal_value=3.24582e-05 0.000118702 -0.000294057 0 0.00113248 0.00133506 -0.00338574 -0.0015168 -0.00529232 -0.00144901 0.00112403 -0.00287676 -0.00724236
internal_weight=31101.1 30362.2 21540.1 17175.6 8822.13 8418.41 738.86 517.545 218.229 4364.53 299.316 403.724 221.315
internal_count=167623 163652 115612 92246 48040 45820 3971 2916 1020 23366 1896 2220 1055
is_linear=0
shrinkage=0.03


Tree=222
num_leaves=15
num_cat=0
split_feature=2 4 6 7 7 4 7 7 7 3 7 4 6 3
split_gain=9.52453 10.4358 18.0048 18.8786 11.673 11.3994 23.1244 15.4334 9.84491 7.91897 6.96746 12.5813 6.68188 4.39966
threshold=0.0049402804779042639 0.39062500000000006 -0.0040186922002201078 0.022584723169606819 0.14412097565984719 0.50812500000000005 0.1418067483863894 0.088821181421427087 0.075146926839640513 -0.85290068307154276 0.117997612515506 0.50812500000000005 0.013642358940179735 1.1463463474855231
decision_type=8 10 10 10 10 10 10 10 8 10 10 10 10 10
left_child=1 2 4 -4 -1 7 -7 -3 9 12 13 -12 -2 -10
right_child=8 5 3 -5 -6 6 -8 -9 10 -11 11 -13 -14 -15
leaf_value=0.0022306968999683467 0.00073543828859949016 0.0013666937091729057 -0.0078147839509995695 -0.0014905931563266429 -0.010943713067793241 -0.0011170575278654535 0.0040220618579473941 -0.0010917725018877798 0.0046525734421695285 -0.00035322393405976075 0.0046412788456491709 -0.0049616887593677819 0.0053706224823390934 -0.0013883372775634882
leaf_weight=1029.109115915373 838.69930877536535 9060.4096106514335 590.69792247842997 1595.4050747603178 53.277975030243397 8627.1641484955326 853.76399923861027 3043.1396224517375 1242.670481801033 3215.4115911051631 239.91562563180923 231.26887059956789 444.19314877688885 98.160593293607235
leaf_count=5952 3844 51651 4830 10269 241 46371 3722 15344 5917 14927 1260 1119 2062 477
internal_value=0.000156292 -0.000105894 -0.00168428 -0.00325455 0.00143305 0.000131008 -0.000644204 0.000743229 0.00119693 0.000426806 0.00306298 0 0.00241587 0.0041589
internal_weight=31163.3 24853 3268.49 2186.1 1082.39 21584.5 9480.93 12103.5 6310.32 4498.3 1812.02 471.184 1282.89 1340.83
internal_count=167986 138380 21292 15099 6193 117088 50093 66995 29606 20833 8773 2379 5906 6394
is_linear=0
shrinkage=0.03


Tree=223
num_leaves=15
num_cat=0
split_feature=3 5 5 4 4 4 7 4 1 3 1 4 7 0
split_gain=10.2145 8.29333 7.61938 11.2976 13.3252 9.37041 8.47071 7.43345 7.16257 7.16227 7.01335 6.91922 6.69028 6.63936
threshold=-0.77633105084160936 0.62032947999722898 0.84096832325030879 0.50812500000000005 0.51812500000000006 0.45312500000000006 0.1129829735010431 0.5993750000000001 -1.1007138269133236 -1.15165774714695 0.47891955073573406 0.33062500000000006 0.15216229982414128 0.0086589533359027211
decision_type=10 10 8 8 8 8 10 10 10 8 8 8 10 10
left_child=1 9 3 5 -5 -2 11 8 -3 -1 -8 -4 -11 -9
right_child=2 7 6 4 -6 -7 10 13 -10 12 -12 -13 -14 -15
leaf_value=-0.0012330293064331853 -1.6411355549903375e-05 -0.00279618189347934 -0.0095482984812083286 -0.0067749893041558458 -0.00063495356288243657 0.0018302137977260051 -0.0011426662818029391 0.0068869970700523916 0.0023057853673813999 0.0006971889762020664 0.0050192719054199383 -0.0016621642555459714 0.0056710879861016075 -0.0027515872169540053
leaf_weight=1777.3935854528099 7048.6137754311785 274.645303809084 97.376512929797173 329.53655912168324 6020.1951586306095 3747.9346260279417 320.48138293251395 460.03115839324892 1584.3865334792063 5150.4497197978199 305.20352018624544 3708.1357773179188 250.87046834081411 59.382348261773586
leaf_count=9568 40209 1639 523 1795 30883 19190 1570 2470 8542 28369 1387 20318 1144 264
internal_value=0.000102479 0.000919803 -0.000257011 2.63887e-05 -0.000973194 0.000620178 -0.00136471 0.00245624 0.00150901 0.000399699 0.00180036 -0.00190418 0.000949348 0.00564057
internal_weight=31134.6 9557.16 21577.5 17146.3 6349.73 10796.5 4431.2 2378.45 1859.03 7178.71 625.685 3805.51 5401.32 519.414
internal_count=167871 51996 115875 92077 32678 59399 23798 12915 10181 39081 2957 20841 29513 2734
is_linear=0
shrinkage=0.03


Tree=224
num_leaves=13
num_cat=0
split_feature=2 4 2 6 1 0 4 0 7 7 7 4
split_gain=10.8308 13.6491 11.1543 18.7985 10.2305 7.57096 7.34993 7.09675 2.26782 1.58807 2.30869 0.115499
threshold=0.0012970047784985046 0.47437500000000005 0.0011258670578612672 1.0000000180025095e-35 3.0063222569592827 0.04624270955055599 0.71437500000000009 0.0025028687437168577 0.099443182984050318 0.045673404130553784 0.087253767619570002 0.46312500000000006
decision_type=8 10 10 10 10 10 10 10 10 10 10 8
left_child=1 2 3 -1 5 6 -2 -4 -3 11 -11 -6
right_child=4 8 7 -5 9 -7 -8 -9 -10 10 -12 -13
leaf_value=0.01773614550046744 -2.0891468951157841e-05 -0.02052904798939224 -0.017462910287104307 -0.0070833317117547177 0.0021373747126586604 0.0080578437648810217 -0.0032976485680577677 0.0025939515826949025 0 0.009918207839734041 0.0030676945934934 0
leaf_weight=42.420899998396635 29833.280727642588 46.92111639212817 36.132460132241249 45.247274534776807 63.279485478997231 92.85589188337326 620.11904089525342 13.607574533671139 9.6031182520091516 99.187383376061916 163.00539050996304 67.354713052511215
leaf_count=1011 157118 1579 1249 1084 306 526 2988 180 194 467 795 304
internal_value=-4.40881e-05 -0.0069351 -0.000990177 0.00489832 0 -6.12832e-05 -9.06459e-05 -0.0114558 -0.0181638 0.00475102 0.00614884 0.00128112
internal_weight=31133 193.932 137.408 87.6682 30939.1 30546.3 30453.4 49.74 56.5242 392.827 262.193 130.634
internal_count=167801 5297 3524 2095 162504 160632 160106 1429 1773 1872 1262 610
is_linear=0
shrinkage=0.03


Tree=225
num_leaves=13
num_cat=0
split_feature=2 7 1 2 4 7 4 4 1 7 1 1
split_gain=10.3477 8.9095 11.9524 19.6612 10.7387 18.5482 14.1046 8.7845 8.31805 8.71658 1.83173 0.932046
threshold=0.0013313840679558082 0.046146106744854441 -0.76430550749430837 0.0027752499353625639 0.35562500000000002 0.12791804174467453 0.39312500000000006 0.34062500000000007 1.7821885545188734 0.072569225632720932 0.47891955073573406 -1.0181926512351553
decision_type=8 10 8 10 8 10 10 8 10 10 10 10
left_child=8 2 3 -2 5 -3 -6 -4 9 11 -11 -1
right_child=1 4 7 -5 6 -7 -8 -9 -10 10 -12 -13
leaf_value=0 -0.0069766922797389729 0.0019349765725230571 -0.0045302944227653269 -0.0010056031741021432 -0.0025567004754023632 0.015176465568166222 0.00059515554052145018 0.00014880115200970468 0.0040610705301766629 0.0055953024844848332 -0.0038729847519618082 -0.014324439736382585
leaf_weight=10.152133774943648 591.06674028933048 757.60040562227368 364.12432250753045 3113.4312155991793 1388.5531750433147 103.01224594563246 14312.870298076421 10314.319517636672 40.455217201262712 25.332209959626198 26.159735087305307 110.17662975098938
leaf_count=556 7526 3855 1962 14612 7632 460 70979 54815 417 766 397 3775
internal_value=-2.51334e-05 1.92556e-05 -0.000524772 -0.00199068 0.000495357 0.00374497 0.000311153 -9.22704e-06 -0.00647571 -0.0093735 0 -0.0135192
internal_weight=31157.3 30945 14382.9 3704.5 16562 860.613 15701.4 10678.4 212.276 171.821 51.4919 120.329
internal_count=167752 161841 78915 22138 82926 4315 78611 56777 5911 5494 1163 4331
is_linear=0
shrinkage=0.03


Tree=226
num_leaves=15
num_cat=0
split_feature=2 1 4 3 4 5 7 4 4 4 7 1 7 4
split_gain=7.91444 9.23052 9.3424 8.45928 7.81354 9.22104 8.87297 7.13795 15.9265 11.3756 6.97956 6.3611 12.4608 4.39884
threshold=0.002393234486268788 -1.3769369508276628 0.42812500000000003 0.27924558001127547 0.35562500000000002 1.3016228146546582 0.016154849552955198 0.35812500000000008 0.34437500000000004 0.39062500000000006 0.052187790211920791 1.0760015873782804 0.007978547701257336 0.33562500000000006
decision_type=8 10 10 10 10 10 10 8 10 8 10 8 8 8
left_child=1 2 -1 7 6 -6 -3 8 -2 -9 -4 13 -13 -5
right_child=3 4 10 11 5 -7 -8 9 -10 -11 -12 12 -14 -15
leaf_value=-0.01867274582084831 0.00027984999517787331 -0.0067344857433333152 -0.008107573918055366 -0.0039201930426799635 -0.00066537226517497596 -0.0058019817428426618 0.0067889996965775435 -0.0025142657818974607 0.0089583641199306244 0.00088142829482328207 0.0077761730749942026 -0.00624368716944536 0.001697256624064255 -0.00046557526995140116
leaf_weight=43.892368145287037 540.61055802553892 41.676965653896332 51.695286237634718 340.27644924819469 3437.9646348245442 343.07383703999221 210.78683913312852 936.98292168974876 297.67736408114433 12746.587207049131 29.874062268063426 180.15250068902969 2346.3093889206648 9597.8428714573383
leaf_count=971 2543 465 907 1592 34272 3560 1903 4447 1381 59334 437 797 10699 44571
internal_value=0.000131947 -0.00108138 -0.00883238 0.000321491 -0.000804205 -0.00116135 0.0041564 0.000814309 0.00350161 0.00064286 -0.00142112 -0.00024805 0.00108498 -0.000593713
internal_weight=31145.4 4158.96 125.462 26986.4 4033.5 3781.04 252.464 14521.9 838.288 13683.6 81.5693 12464.6 2526.46 9938.12
internal_count=167879 42515 2315 125364 40200 37832 2368 67705 3924 63781 1344 57659 11496 46163
is_linear=0
shrinkage=0.03


Tree=227
num_leaves=13
num_cat=0
split_feature=4 4 6 0 0 2 7 4 0 4 0 7
split_gain=8.80055 32.9602 14.5337 11.6366 16.794 10.2411 11.0163 18.2826 9.10863 8.39045 8.35374 3.1857
threshold=0.71437500000000009 0.73437500000000011 -0.0048010771133695221 0.0052496153987289249 -0.0014361168541224265 0.0027195488069857018 0.081217329594164875 0.66437500000000005 0.03697891092662809 0.70562500000000006 0.0091660974063684248 0.1129829735010431
decision_type=10 10 10 10 8 8 10 10 8 8 10 8
left_child=5 2 -2 4 -3 6 10 -8 9 -7 -1 -10
right_child=1 3 -4 -5 -6 8 7 -9 11 -11 -12 -13
leaf_value=-0.0020725542874383178 -0.0008795616343587469 -0.001741105647577925 -0.016383550543711819 -0.0078319209167267215 0.012131193923049602 0.00023160977341804518 0.0017504733247943609 -0.0084122080259283281 0.0083786022779226508 0.004426855601903844 0.0026220182045142574 0
leaf_weight=4509.1088016694412 91.781126782298088 145.16804021596909 170.5004068762064 67.377113297581673 141.72102175652981 22948.634891688824 1896.321450708434 162.70235268399119 162.48692639917135 429.49097167700529 349.61535909771919 69.254374988377094
leaf_count=43050 412 666 891 290 715 103263 12333 1165 875 2035 1768 358
internal_value=2.44876e-06 -0.0035151 -0.0114101 0.00231804 0.0050874 7.65832e-05 -0.000935228 0.000881651 0.000375857 0.000313108 -0.00171774 0.00618299
internal_weight=31144.2 616.548 262.282 354.266 286.889 30527.6 6917.75 2059.02 23609.9 23378.1 4858.72 231.741
internal_count=167821 2974 1303 1671 1381 164847 58316 13498 106531 105298 44818 1233
is_linear=0
shrinkage=0.03


Tree=228
num_leaves=15
num_cat=0
split_feature=1 2 2 7 4 7 2 2 5 4 2 4 1 4
split_gain=9.14087 8.93681 16.0355 12.1934 9.33361 8.01623 12.7956 11.2442 10.4091 9.80823 8.59571 7.96445 5.895 5.02298
threshold=-1.5125736617201679 0.0027752499353625639 0.003157671466059313 0.050283712081566012 0.44687500000000008 0.0099633420119804462 0.0019273428732258953 0.0023693445118215585 -1.4086963361635039 0.64187500000000008 0.0093635765090480435 0.63937500000000014 1.7821885545188734 0.46812500000000007
decision_type=8 10 10 10 8 8 10 10 10 10 10 10 10 10
left_child=1 3 13 11 -4 6 9 -8 12 -2 -10 -1 -7 -3
right_child=5 2 4 -5 -6 8 7 -9 10 -11 -12 -13 -14 -15
leaf_value=-0.018323322095579787 -0.012291958634334478 0.00064906290603322886 0.0013141546968707413 0.0008774031682830378 -0.0047466898178345814 -0.0022259951113317382 0.004703276850468379 -0.0014083603274891664 0.00039544959865132158 0.0057108778532003138 0.0042207135308609516 0 0.0031344078679936718 0.015024764927194996
leaf_weight=84.936992312781513 139.29448738787323 49.362018056213856 328.53211516141891 64.285353792831302 634.48063750565052 1913.7058990933001 287.17933917045593 2772.5638930052519 24050.460075316951 22.130679884925485 534.86282729357481 24.169503089040518 186.74872336909175 52.82651287317276
leaf_count=1305 2646 302 1446 757 2961 10457 2446 13123 127334 372 3187 282 913 320
internal_value=2.80573e-05 -0.00248443 -0.00135024 -0.00867135 -0.00262511 0.000134913 -0.00127284 -0.00080174 0.0003075 -0.00928468 0.000482791 -0.0144025 -0.00170839 0.00929224
internal_weight=31145.5 1238.59 1065.2 173.392 963.013 29906.9 3221.17 3059.74 26685.8 161.425 24585.3 109.106 2100.45 102.189
internal_count=167851 7373 5029 2344 4407 160478 18587 15569 141891 3018 130521 1587 11370 622
is_linear=0
shrinkage=0.03


Tree=229
num_leaves=15
num_cat=0
split_feature=2 7 2 6 1 2 7 1 7 7 3 7 7 5
split_gain=11.7993 8.11157 16.768 14.0208 8.33935 10.1586 7.47685 6.43594 3.05105 5.59962 4.35203 3.5874 3.58226 0.792151
threshold=0.01006235347145863 0.027412014305882505 0.0019273428732258953 0.05018662551829501 1.3466660082386379 0.0069216452242156648 0.10529302620677816 2.1053868503930029 0.038237401016976695 0.023659550884582829 -0.52166621057268581 0.048859740235530767 0.059053280749068862 0.019202019280305887
decision_type=8 10 10 10 10 10 10 10 8 10 10 8 8 10
left_child=1 2 7 -4 5 -3 -6 -1 9 10 -2 -10 -13 -11
right_child=8 4 3 -5 6 -7 -8 -9 11 13 -12 12 -14 -15
leaf_value=-0.0075691083092511982 0.0098351787921563596 0.0001210262906855926 -0.00076695799966224705 0.0075094805286097304 0.00049381284688863837 -0.0031752730319404682 0.0038346307608540069 0.0050884992046010815 0.012284878099915745 0 8.7852409393670723e-05 -0.0023323387475129576 0.0054927485225243714 -0.0055650665474773313
leaf_weight=410.41155294142663 75.295231334865093 18043.767439365387 8299.6557085029781 177.38025948405266 1676.8457799442112 872.20198827236891 981.36864764615893 26.903743498027325 65.376273840665817 63.106306172907352 105.334582477808 49.577355332672596 224.63946960121393 55.672942943871021
leaf_count=8040 409 95808 42221 815 8154 4269 4642 225 384 356 578 296 1380 318
internal_value=-3.62806e-05 -0.000123354 -0.000885261 -0.000578061 0.000188947 -2.93909e-05 0.00175942 -0.00655993 0.00396367 0.00141101 0.00476854 0.0059379 0.00383461 -0.00320273
internal_weight=31127.5 30488.5 8914.35 8477.04 21574.2 18916 2658.21 437.315 639.002 299.409 180.63 339.593 274.217 118.779
internal_count=167895 164174 51301 43036 112873 100077 12796 8265 3721 1661 987 2060 1676 674
is_linear=0
shrinkage=0.03


Tree=230
num_leaves=11
num_cat=0
split_feature=2 2 7 2 6 6 2 6 7 5
split_gain=9.94881 7.65307 15.7921 9.15853 7.67472 7.37378 5.97784 3.01779 2.32951 1.09446
threshold=0.011644782828630353 0.0019736335366390503 0.18639821573072798 0.0020166696977497881 0.003194832662238412 0.025835208701407989 0.0020296195999655047 -0.0073501681634677843 0.027412014305882505 -0.19787471148926808
decision_type=10 8 10 8 10 10 8 10 10 10
left_child=1 2 5 4 -3 -1 -5 9 -9 -2
right_child=7 3 -4 6 -6 -7 -8 8 -10 -11
leaf_value=-0.0031795222521704505 -0.0020624986738664677 0.009398743208373769 0.017006468029514232 -0.0081199770673874346 -0.0014894705949563603 0.0044213951218151108 -8.77519569835569e-05 0.0021887171341847616 0.010012210097317221 0.0030985762655411303
leaf_weight=1524.2279964648187 47.85311571508646 156.53681789338589 27.201406240463257 73.843641705811024 72.635310806334019 109.20762273296714 28835.45639564842 88.55214399844408 116.96796268969774 71.166166104376316
leaf_count=22446 316 1431 137 653 573 579 140009 488 690 480
internal_value=-0.000120422 -0.000178138 -0.0021539 -6.27786e-05 0.00577891 -0.00261102 -0.000113144 0.00501917 0.00717767 0.000559433
internal_weight=31123.6 30799.1 1660.64 29138.5 229.172 1633.44 28909.3 324.539 205.52 119.019
internal_count=167802 165828 23162 142666 2004 23025 140662 1974 1178 796
is_linear=0
shrinkage=0.03


Tree=231
num_leaves=12
num_cat=0
split_feature=1 2 2 5 4 5 6 5 4 0 6
split_gain=7.97159 8.08262 19.0301 12.1542 10.9132 9.18804 7.0344 5.56181 4.86305 3.90149 2.83255
threshold=2.2735583090594309 0.0032013059292748292 0.003157671466059313 1.0947268277656994 0.59062500000000007 0.037630266360492319 -0.018590878347533032 -0.21924935294788059 0.35812500000000008 -0.039029755399088088 0.03598493855181318
decision_type=10 10 10 8 10 8 10 10 8 10 10
left_child=1 2 3 -1 -4 7 -7 -3 -2 -10 -11
right_child=8 5 4 -5 -6 6 -8 -9 9 10 -12
leaf_value=0 0.010269097222262064 4.6122379801379986e-05 -0.0083284768701400499 -0.0029623056096918835 0.0015024093907528649 0.0027403523367053959 0.00059778020520473288 -0.0017357804592211601 0.0083221733009350013 0.00035532296199670353 0.0045026760865139589
leaf_weight=9406.5687473006546 63.048853494226933 7611.267354786396 425.97940120100975 1434.0893057454377 116.25592245161533 1728.5982450693846 7386.6848988905549 1959.1456296667457 72.936811774969101 753.18154982104897 189.00644633919001
leaf_count=67140 323 33658 2023 10435 548 7998 32197 8661 474 3610 846
internal_value=3.81522e-05 -5.11626e-05 -0.000682739 -0.000399701 -0.00612304 0.000330529 0.00101322 -0.000313817 0.00256172 0.00192899 0.00128886
internal_weight=31146.8 30068.6 11382.9 10840.7 542.235 18685.7 9115.28 9570.41 1078.17 1015.12 942.188
internal_count=167913 162660 80146 77575 2571 82514 40195 42319 5253 4930 4456
is_linear=0
shrinkage=0.03


Tree=232
num_leaves=12
num_cat=0
split_feature=1 2 7 2 5 1 4 5 4 4 4
split_gain=8.55052 7.21314 10.6761 18.5509 9.6808 10.2362 7.92474 6.0103 4.83209 1.57276 0.906209
threshold=3.2882728992079229 0.0053927673544491841 0.027007747851211687 0.0018894389554005039 1.7173158491131237 1.1012185922268034 0.5006250000000001 0.51704216209078069 0.42937500000000006 0.58312500000000012 0.45312500000000006
decision_type=10 10 10 8 10 10 10 10 10 8 10
left_child=1 2 3 -1 5 -3 -4 9 -6 10 -2
right_child=7 4 6 -5 8 -7 -8 -9 -10 -11 -12
leaf_value=-0.0074688691709787237 0.0050240681979263789 0.000956805456829873 0.0007552711477548477 -0.00073948247589815776 0.00052992873215789891 0.0059410023411176965 -0.00050266705390724069 -0.0011155673517154936 -0.0081792537798895081 0.0022566032046821517 0.013785664441656015
leaf_weight=382.48607276473194 72.164954304695129 4185.7235527411103 11010.943715769798 7066.1198838949203 72.466880939900875 406.01009723544121 7564.8398536313325 75.092155765742064 136.13136310130358 63.07477430999279 58.520392522215843
leaf_count=7658 387 19462 60310 36850 354 2609 38617 345 630 290 290
internal_value=0.000102044 5.27506e-05 -0.000142424 -0.00110263 0.00112143 0.00142251 0.000239763 0.00533392 -0.00499338 0.00805998 0.010075
internal_weight=31093.6 30824.7 26024.4 7448.61 4800.33 4591.73 18575.8 268.852 208.598 193.76 130.685
internal_count=167802 166490 143435 44508 23055 22071 98927 1312 984 967 677
is_linear=0
shrinkage=0.03


Tree=233
num_leaves=13
num_cat=0
split_feature=2 2 4 4 7 7 4 5 5 4 4 7
split_gain=10.3174 16.0363 12.3015 26.2984 30.6717 24.1013 13.279 11.3256 10.3074 25.3179 12.8583 10.3057
threshold=0.0038080536024029036 0.0038215618030757572 0.35062500000000002 0.39312500000000006 0.14412097565984719 0.12950574665858736 0.34062500000000007 0.88262439235368539 0.62032947999722898 0.59812500000000013 0.49562500000000004 0.041253472623327521
decision_type=10 10 8 8 10 10 10 8 8 8 10 10
left_child=2 11 5 4 -4 6 -1 -5 10 -10 -3 -2
right_child=1 8 3 7 -6 -7 -8 -9 9 -11 -12 -13
leaf_value=-0.0015320537991215057 0.00067727839492097788 0.00087438391387327616 -0.0027324120407990087 0.00018589207669812423 -0.0167115363481679 0.01902737620557839 0.0080198477771676966 -0.0018765626132080976 0.00066514169983464505 0.0072813840850248944 -0.0014593635097175774 0.016605083907062518
leaf_weight=413.42641941271722 75.227656126022339 5819.3292653784156 1704.1149938656017 12988.797569811344 147.76890337839723 70.2957449182868 176.37439976073802 2919.846737167798 2723.3353357538581 642.49901211261749 3332.396430246532 83.28445215523243
leaf_count=2676 318 26203 13640 75739 701 310 1138 17225 12037 2794 14522 348
internal_value=1.56582e-05 0.000675952 -0.000435585 -0.000588722 -0.00396385 0.00354247 0.00131041 -0.000189819 0.000546671 0.00196371 1.73876e-05 0.0098908
internal_weight=31096.7 12676.1 18420.6 17760.5 1851.88 660.097 589.801 15908.6 12517.6 3365.83 9151.73 158.512
internal_count=167651 56222 111429 107305 14341 4124 3814 92964 55556 14831 40725 666
is_linear=0
shrinkage=0.03


Tree=234
num_leaves=14
num_cat=0
split_feature=4 4 6 5 2 7 2 2 5 3 7 4 3
split_gain=7.70426 21.9258 13.8143 7.88996 6.03532 5.93032 17.1182 9.1329 5.5496 5.42408 5.41776 4.32597 2.71306
threshold=0.71437500000000009 0.73437500000000011 -0.0044911234739135599 -1.0074351888170801 0.001719074333767883 0.027412014305882505 0.0018894389554005039 0.0019273428732258953 0.89729239059293608 1.0949392918099725 0.10740991242072372 0.7243750000000001 0.22782729679658412
decision_type=10 10 10 8 10 8 10 10 10 10 10 10 10
left_child=3 2 -2 4 10 6 -5 -7 12 -6 -1 -4 -3
right_child=1 8 11 5 9 7 -8 -9 -10 -11 -12 -13 -14
leaf_value=-0.0095552620763679659 0 0.0022562315771254434 -0.01920566871523758 -0.0068685838431872337 -0.0013278524887451715 0.0035282753041475444 -2.317540691136892e-05 0.00048989514226644782 0.0088537978909071207 0.0011874337088321587 0.0049262759866268643 -0.0063007557920810222 -0.0033330502645341487
leaf_weight=115.55435166042298 91.179945603013039 154.47273713350296 94.3550222851336 335.38337758369744 3524.7400416005403 938.46760894637555 7235.7453404851258 17323.132690034807 63.855268575251102 954.4718993678689 16.076162029057741 70.793574243783951 135.2762780636549
leaf_count=2295 412 731 524 6581 18086 11298 36983 84412 301 4775 186 345 627
internal_value=8.23883e-05 -0.00322418 -0.00976068 0.000151642 -0.000986749 0.000357457 -0.000342986 0.000651168 0.00148726 -0.000777056 -0.00714003 -0.0146919 -0.00017723
internal_weight=31053.5 609.933 256.329 30443.6 4610.84 25832.7 7571.13 18261.6 353.604 4479.21 131.631 165.149 289.749
internal_count=167556 2940 1281 164616 25342 139274 43564 95710 1659 22861 2481 869 1358
is_linear=0
shrinkage=0.03


Tree=235
num_leaves=12
num_cat=0
split_feature=2 7 7 2 2 4 6 2 0 4 1
split_gain=9.15664 16.7556 11.9717 12.8955 7.36153 18.362 7.05691 16.3047 12.0467 6.80458 4.75899
threshold=0.0019736335366390503 0.17919347307664726 0.022934408192539373 0.0019273428732258953 0.0020166696977497881 0.38062500000000005 -0.0054554791429826102 0.011644782828630353 -0.0013278553561287263 0.4043750000000001 1.4118157547156993
decision_type=8 10 10 10 8 10 8 10 10 10 10
left_child=1 2 10 -4 5 -2 8 -8 -6 -7 -1
right_child=4 -3 3 -5 6 9 7 -9 -10 -11 -12
leaf_value=-0.0085088064020901483 0.02121266790992089 0.014716641457411996 7.8049620847451026e-06 -0.0085712517099566961 -4.4484688957675371e-05 -0.0089090571995696591 -0.0004393618396458093 0.00796835969748785 0.0021356078773961582 0.0038309871559227141 0
leaf_weight=346.22495277319103 41.474183015525341 40.087262645363808 1051.6157816816121 172.71469759196043 7291.1643196567893 38.720649473369122 18502.43646351248 199.36063834279776 3276.0576191954315 148.1051035374403 54.515491399914026
leaf_count=6947 352 206 14110 1516 34139 354 91900 1150 15685 1279 505
internal_value=-6.99914e-05 -0.00222839 -0.00277053 -0.00121346 5.05329e-05 0.00530234 5.7223e-06 -0.000342319 0.000627097 0.00056722 -0.00723621
internal_weight=31162.5 1665.16 1625.07 1224.33 29497.3 228.3 29269 18701.8 10567.2 186.826 400.74
internal_count=168143 23284 23078 15626 144859 1985 142874 93050 49824 1633 7452
is_linear=0
shrinkage=0.03


Tree=236
num_leaves=10
num_cat=0
split_feature=4 0 0 4 6 4 3 3 0
split_gain=5.8667 10.7405 21.7987 9.91795 8.75482 11.6824 5.87406 8.24272 5.99729
threshold=0.74187500000000017 0.004763480347650618 -0.0014361168541224265 0.71437500000000009 -0.0079921595548082518 0.7243750000000001 -1.1545828115311243 -0.92523248005020919 -0.0035241769373015037
decision_type=10 10 10 10 10 10 8 10 10
left_child=3 2 -2 6 -5 -6 8 -8 -1
right_child=1 -3 -4 4 5 -7 7 -9 -10
leaf_value=-0.0066374534224728091 -0.0023533270353035549 -0.0050909270125696062 0.01654509604562255 0.0017052333917808426 -0.014763118785689765 -0.001434383543170751 0.0010239937119634693 -0.00013983591632044226 -0.00060951339422817723
leaf_weight=218.55304576829076 90.029198728501797 64.69195281714201 107.46667014062405 109.61693450808525 111.5958785712719 142.11882151663303 7200.6901649907231 22555.766655115411 507.96125645469874
leaf_count=1046 428 282 553 468 615 672 39355 121591 2880
internal_value=5.18653e-05 0.00443754 0.00794279 1.12173e-05 -0.00484651 -0.00786202 7.26555e-05 0.00014003 -0.00256983
internal_weight=31108.5 262.188 197.496 30846.3 363.332 253.715 30483 29756.5 726.514
internal_count=167890 1263 981 166627 1755 1287 164872 160946 3926
is_linear=0
shrinkage=0.03


Tree=237
num_leaves=14
num_cat=0
split_feature=1 2 4 4 4 7 0 0 6 7 1 1 7
split_gain=6.09802 6.77885 9.52619 61.8446 10.1947 6.62912 8.77032 6.31469 6.22434 6.12165 8.47783 5.163 4.85711
threshold=-1.7017259802264992 0.0016064990190196478 0.40562500000000007 0.38812500000000005 0.67687500000000012 0.048399561361017633 -0.0019755700593828691 0.0019432383699117264 -0.0061732950896438146 0.0029134543953739218 -0.93091120118371806 3.2882728992079229 0.061763097590317069
decision_type=8 8 10 10 10 10 10 10 10 8 10 10 10
left_child=5 2 3 -2 -4 6 -1 -8 -7 10 -3 -11 -10
right_child=1 9 4 -5 -6 8 7 -9 12 11 -12 -13 -14
leaf_value=0.002092001572211912 -0.0075558678161617649 0.0033531231189970964 -0.0081233132176437781 0.026782459304253447 0.0094053532314566316 0.0088255879133977647 -0.010834422269095699 -0.0017351161174838183 0.0038846366866230825 4.0379204583386189e-05 -0.0037130066942760147 0.0043107329027606105 -0.0053308981530344616
leaf_weight=98.869606465101242 170.71655234787613 172.45147369429469 305.65097813215107 53.679631408303976 21.570318508893251 56.961216308176517 197.2980325864628 135.67784334719181 69.244667803868651 28676.093819918111 780.68374378979206 247.62960648536682 120.87171547301114
leaf_count=492 3594 1032 6820 963 375 258 1464 665 387 145723 4162 1164 734
internal_value=-0.000124436 -5.92117e-05 -0.00332464 0.00119467 -0.00654526 -0.00291734 -0.00513973 -0.00746036 0.000782429 1.6269e-07 -0.00235069 8.04906e-05 -0.00164818
internal_weight=31107.4 30428.5 551.617 224.396 327.221 678.923 431.845 332.976 247.078 29876.9 953.135 28923.7 190.116
internal_count=167833 163833 11752 4557 7195 4000 2621 2129 1379 152081 5194 146887 1121
is_linear=0
shrinkage=0.03


Tree=238
num_leaves=12
num_cat=0
split_feature=1 2 7 1 0 1 3 2 2 0 7
split_gain=9.64491 7.05049 11.2072 13.6859 7.00693 5.53328 6.10326 4.34325 16.6016 3.45978 2.37819
threshold=-1.7017259802264992 0.0013313840679558082 0.1129829735010431 0.92693968043928276 0.0073254301669652975 3.0063222569592827 0.9844917769757926 0.003157671466059313 0.0027752499353625639 0.00068354932996950179 0.044321572804979434
decision_type=10 10 10 10 10 10 10 8 10 10 10
left_child=4 2 3 -2 7 6 -3 8 -1 -9 -7
right_child=1 5 -4 -5 -6 10 -8 9 -10 -11 -12
leaf_value=-0.0068313087074370563 -0.014132318850798535 0.0004022719636317394 0.0090847771988682505 0.0019986773506169876 0.0042586459448657197 0 -0.00066009226621666561 -0.0030076129493078426 0.013822542048157561 -0.0084884755900613614 0.005347936282387211
leaf_weight=88.092785635963082 113.69077655859292 23607.764044146985 29.278408147394657 63.575921759009361 83.569257937371731 129.46807877719402 6089.8138639684767 314.76436823606491 44.257102996110916 220.53712013363838 260.93898396193981
leaf_count=1212 4471 124006 421 978 399 604 31509 1489 274 1021 1260
internal_value=0.000105405 0.000191019 -0.00519129 -0.00822881 -0.00322551 0.000231673 0.000182254 -0.00429986 0.000139579 -0.00548994 0.00374263
internal_weight=31045.8 30294.5 206.545 177.267 751.221 30088 29697.6 667.651 132.35 535.301 390.407
internal_count=167644 163249 5870 5449 4395 157379 155515 3996 1486 2510 1864
is_linear=0
shrinkage=0.03


Tree=239
num_leaves=13
num_cat=0
split_feature=2 2 6 6 6 3 6 1 1 7 2 2
split_gain=8.48334 9.58558 11.0563 7.77037 7.17795 6.52384 9.17728 6.74715 6.01617 1.63092 3.33145 0.607797
threshold=0.0013313840679558082 0.0012082362596986117 -0.00077875360650825332 0.095688572407011577 -0.0096180998631911745 1.1090273294455153 -0.035583515385673607 1.8385319234672457 1.6427060365314061 0.10041154288884542 0.0012970047784985046 0.0053927673544491841
decision_type=8 10 10 10 10 10 8 10 10 10 10 10
left_child=1 2 4 5 -1 7 -7 -2 -4 10 -3 -5
right_child=3 9 8 11 -6 6 -8 -9 -10 -11 -12 -13
leaf_value=-0.0058156338356034299 0.00012162914801243702 -0.019138596497092798 -0.012742912139153965 0.010037469634563782 0.013607774222821315 0.0040441634703816016 -0.0014364375525446657 0.0023694122390128789 0.0031212067596645562 0 -0.00030245253963052991 0.0027218363590196556
leaf_weight=13.040884513407944 25306.270233646035 46.041836484335363 54.691894968040287 61.309619754552841 45.480084227398038 281.43163499236107 3887.0718360561877 1257.8998148515821 19.424814891070127 9.1506323218345624 18.230295419692993 57.932256758213043
leaf_count=187 133669 1837 1695 286 1225 1431 19992 6031 186 146 626 360
internal_value=4.55633e-05 -0.00587419 -0.000361469 8.89361e-05 0.00818674 5.60807e-05 -0.00104327 0.000231178 -0.00799511 -0.0138766 -0.0153638 0.00743311
internal_weight=31058 206.06 132.638 30851.9 58.521 30732.7 4168.5 26564.2 74.1167 73.4228 64.2721 119.242
internal_count=167671 5902 3293 161769 1412 161123 21423 139700 1881 2609 2463 646
is_linear=0
shrinkage=0.03


Tree=240
num_leaves=10
num_cat=0
split_feature=0 5 4 2 3 3 6 2 2
split_gain=7.26174 6.07897 10.4454 12.4593 7.70397 6.69899 6.12345 5.99141 1.27181
threshold=0.04624270955055599 -0.81033468203134218 0.42812500000000003 0.0035140349019793615 1.0998088459636295 1.1342452953772717 0.033530469335014253 0.010570226405862491 0.0054997834566165573
decision_type=10 8 10 10 10 10 8 10 8
left_child=1 2 3 -1 -4 7 -7 -3 -2
right_child=8 5 4 -5 -6 6 -8 -9 -10
leaf_value=-0.0054689372011440468 0.0023808610315373233 0.00033057659548722199 -0.0006810072580860062 -0.00029832153998012381 0.0023802462631735567 -0.0007528754430865314 -0.0060350206128542598 0.0045444267225541448 0.010577230884317071
leaf_weight=815.88681276608258 66.837616831064224 22019.715120112523 3634.4208586867899 907.9361490085721 917.26814804784954 2134.8300210386515 214.90633125603199 300.72542610019445 55.311486937105656
leaf_count=6494 311 118433 19120 4064 4655 11416 970 1801 366
internal_value=4.733e-05 1.54143e-05 -0.000815417 -0.00279761 -4.7077e-05 0.000229434 -0.00128493 0.000392047 0.00706592
internal_weight=31067.8 30945.7 6275.51 1723.82 4551.69 24670.2 2349.74 22320.4 122.149
internal_count=167630 166953 34333 10558 23775 132620 12386 120234 677
is_linear=0
shrinkage=0.03


Tree=241
num_leaves=15
num_cat=0
split_feature=6 0 4 7 7 2 0 0 7 6 7 4 1 6
split_gain=7.6094 14.7402 23.8622 21.6755 9.68513 9.12801 8.66882 17.9084 12.6776 6.0547 5.58283 5.13123 4.84966 1.09223
threshold=-0.0054554791429826102 -0.0037262768096938954 0.70562500000000006 0.15905407352226877 0.0029134543953739218 0.011644782828630353 0.0015124027059009173 -0.0026704602486051772 0.042573250163869203 -0.013967417575902806 0.027412014305882505 0.48687500000000006 -0.30184657195514181 0.038604001413766305
decision_type=8 10 10 10 8 10 8 10 8 10 10 8 10 8
left_child=1 4 3 -3 11 6 7 -2 -8 -6 -7 -1 -4 -12
right_child=5 2 12 -5 9 10 8 -9 -10 -11 13 -13 -14 -15
leaf_value=-0.0016573571900617774 0.0006557283977677177 0.0018345858431206888 0.018079014297312984 -0.010722011030338234 0.00052238605955268929 0 -0.0010334046952864397 -0.0021328601662983972 0.0010213441372868871 -0.0016064974770516522 0.012747072657393346 -0.011811554856909502 0.0049912936624124217 0.0033413527536051194
leaf_weight=121.73084036260843 3270.1046597110108 4587.7871715771034 84.76229290291667 116.09803389757872 4288.3402111083269 86.471312552690506 4579.279241620563 5509.1308120712638 6534.896396683529 1655.882655756548 67.758533865213394 86.813638940453529 70.66849122941494 48.604799181222916
leaf_count=588 16313 23955 419 522 20276 479 24092 40072 31703 8072 374 404 329 323
internal_value=3.12485e-05 0.000666496 0.00190147 0.00148986 -0.000300626 -0.00031402 -0.000382782 -0.00108777 0.000169182 -6.22824e-05 0.00584913 -0.00650597 0.0131526 0.00986847
internal_weight=31108.3 11012.1 4859.32 4703.89 6152.77 20096.2 19893.4 8779.24 11114.2 5944.22 202.835 208.544 155.431 116.363
internal_count=167921 54565 25225 24477 29340 113356 112180 56385 55795 28348 1176 992 748 697
is_linear=0
shrinkage=0.03


Tree=242
num_leaves=15
num_cat=0
split_feature=6 0 0 1 2 7 7 4 1 4 7 0 2 4
split_gain=6.98054 16.8296 18.6981 13.6656 12.2585 12.0934 10.1321 8.56497 15.3632 12.3501 10.9693 10.0061 7.93138 5.24431
threshold=-0.002732616973985635 -0.0026704602486051772 0.00082422766114897972 1.0089680515130131 0.0020593652842502883 0.12203316505687521 0.117997612515506 0.6881250000000001 -0.22749239418479308 0.65562500000000012 0.018593073842301206 -0.0023766119811986504 0.0055675591397784992 0.6931250000000001
decision_type=8 8 10 8 10 10 10 8 8 10 10 10 10 10
left_child=7 4 3 -3 -2 -4 -6 9 11 12 -11 -9 -1 -10
right_child=1 2 5 -5 6 -7 -8 8 13 10 -12 -13 -14 -15
leaf_value=0.00022332929974371331 -0.0072364336829389463 -0.0029942606843323129 -0.00050522256735605964 0.0045092640578766104 0.0030194371317870008 0.0023409383561003314 -0.0026699546749340782 0.0017223610084844711 0.0067122992423488117 -0.012254563091502279 -0.0016308517175155231 0.013357018060078369 0.0023552967249924023 -0.0012404626651408559
leaf_weight=9664.0505671603605 114.81328336894512 3617.4156582402065 10135.126663957722 217.60581941157579 2239.126812633127 1536.251621555537 303.02559632062912 130.42668510600924 80.896757826209068 106.44603122398257 449.5433808285743 173.0790201202035 1887.5760623589158 398.38470623642206
leaf_count=50083 1125 26307 53588 1281 10506 7025 1354 629 433 558 2350 903 9701 1824
internal_value=3.07553e-05 -0.000346047 -0.000727035 -0.00254227 0.00184934 -0.000123775 0.00230995 0.0005662 0.00359592 0.000362564 -0.00395139 0.00876302 0.000578626 8.89882e-05
internal_weight=31053.8 18163.4 15506.4 3835.02 2656.97 11671.4 2542.15 12890.4 782.787 12107.6 555.989 303.506 11551.6 479.281
internal_count=167667 101186 88201 27588 12985 60613 11860 66481 3789 62692 2908 1532 59784 2257
is_linear=0
shrinkage=0.03


Tree=243
num_leaves=12
num_cat=0
split_feature=2 2 5 7 0 6 2 6 5 0 6
split_gain=7.92997 15.1589 9.06456 7.54774 7.32342 12.6192 11.1865 6.65919 6.94481 5.56107 5.58244
threshold=0.0038080536024029036 0.0038215618030757572 0.88262439235368539 0.038237401016976695 0.0062625634162445385 0.0047913447927507855 0.0036605700281063338 -0.055126258735085358 0.96032324811450398 0.04624270955055599 -0.00089340910467683432
decision_type=10 10 8 10 10 10 10 10 10 10 10
left_child=2 3 4 -2 5 -1 -6 -4 -9 10 -3
right_child=1 9 7 -5 6 -7 -8 8 -10 -11 -12
leaf_value=-0.00017070618906846936 0.001125958214010756 0.0012622754486464329 -0.011258216485779722 0.015180824370068841 -0.00069967733275508391 0.0019715637501908673 -0.0076290916622702909 -0.0052588732074995773 -0.00088457564162449862 0.00794710324601469 -4.693868207184779e-06
leaf_weight=9236.4943397119641 70.903963759541512 5716.3266624584794 55.194721981883049 88.214050084352493 2212.2265817839652 3350.351745585911 226.2165971249342 369.39970741420984 2957.4755770014599 84.258440159261227 6696.5192407369614
leaf_count=59857 300 26083 242 369 10209 19929 929 2230 18205 507 28896
internal_value=0.000182904 0.000761701 -0.000211995 0.00970958 0.000100414 0.00039587 -0.00139556 -0.00161381 -0.00140256 0.000635303 0.000574484
internal_weight=31063.6 12656.2 18407.4 159.118 15025.3 12586.8 2438.44 3382.07 3326.88 12497.1 12412.8
internal_count=167756 56155 111601 669 90924 79786 11138 20677 20435 55486 54979
is_linear=0
shrinkage=0.03


Tree=244
num_leaves=15
num_cat=0
split_feature=5 1 2 5 4 4 0 0 1 2 4 4 0 5
split_gain=9.01811 10.6146 12.2161 14.2567 8.10151 7.22769 11.1413 8.5471 6.50466 6.20807 9.324 6.44156 5.87997 2.5115
threshold=-1.0074351888170801 0.66601876049380038 0.0025462049533089225 1.0771673027585689 0.74187500000000017 0.57312500000000011 0.0018294586544298499 0.014872349589777569 -1.270635522630809 0.0033790425544059106 0.42812500000000003 0.47937500000000005 0.0014091612785355203 -1.6330907855317907
decision_type=8 8 10 10 8 10 10 10 10 10 10 8 10 10
left_child=8 2 3 -2 -4 6 -3 -7 12 10 -10 -11 13 -1
right_child=1 5 4 -5 -6 7 -8 -9 9 11 -12 -13 -14 -15
leaf_value=-0.0022133984460894428 -0.00093801019745133119 0.0031909050758293935 9.6384047483026697e-05 -0.0064988148080601469 0.0062191756528245596 -0.0016846809788238753 0.00033569514904359713 0.0039737864693572753 -0.0055938578452463935 0.0016250108227642876 -0.00082985446818146689 -0.0014982077184972635 0 -0.009736024730106348
leaf_weight=91.68569310195744 2503.6423717699945 2548.9809664711356 16632.462020993233 499.19325071573257 187.36018943041563 1210.2355089057237 2473.4415897279978 286.04298425465822 505.86289309151471 1267.7407020106912 1471.7991951582953 1094.2229765579104 130.3592874109745 166.24537130817771
leaf_count=618 26868 13405 76260 5491 867 5857 11886 1273 4113 5696 8912 4776 687 1082
internal_value=-1.18954e-05 0.000202812 -0.000139945 -0.00190086 0.000171807 0.00125291 0.00180016 -0.000543921 -0.00121869 -0.000862914 -0.00210063 0.000152611 -0.00492281 -0.00746834
internal_weight=31069.3 26341.4 19822.7 3002.84 16819.8 6518.7 5022.42 1496.28 4727.92 4339.63 1977.66 2361.96 388.29 257.931
internal_count=167791 141907 109486 32359 77127 32421 25291 7130 25884 23497 13025 10472 2387 1700
is_linear=0
shrinkage=0.03


Tree=245
num_leaves=15
num_cat=0
split_feature=2 2 2 4 4 2 4 1 5 2 0 1 4 5
split_gain=8.45353 7.53881 11.7078 11.5279 6.56225 13.281 6.635 6.29681 6.876 6.63674 5.02486 3.95972 5.02432 3.93681
threshold=0.0053927673544491841 0.0013313840679558082 0.0011258670578612672 0.42687500000000006 0.42812500000000003 0.0035658219514951802 0.5056250000000001 1.1012185922268034 -0.99057852624988774 0.0069216452242156648 0.0024298396324026199 1.2553710978542398 0.36812500000000009 -2.186756553521584
decision_type=10 8 10 10 10 10 10 10 8 10 10 10 10 10
left_child=1 2 3 -1 5 -3 -6 8 13 -10 -4 -9 -13 -2
right_child=7 4 10 -5 6 -7 -8 11 9 -11 -12 12 -14 -15
leaf_value=0.0095872278335427889 0.0042909360888651014 -0.0018524574152879599 -0.016106470447900579 -0.0086817324880044799 0.00087395451469400728 0.00081651605621818016 -0.00023940679077504335 0.010317455284102803 0.0025574133875794804 0 0 0.010807955854140672 0.001021494227889134 -0.0025833485164617506
leaf_weight=58.240401021204889 70.236715629696846 4190.5184472315013 73.986217899248004 45.828905553556979 9155.9848284926265 2749.8210131302476 10022.879292944446 90.119485951960087 2134.2998718172312 1553.8722904920578 26.277842938899994 51.732266627252102 299.90382078289986 617.39323480427265
leaf_count=1324 321 29155 2792 1356 46705 11547 51513 536 9419 7810 465 394 1945 2842
internal_value=0.000166531 -4.28861e-05 -0.0056464 0.000960334 7.98762e-07 -0.000786702 0.000289163 0.00132095 0.000953125 0.00147551 -0.0125132 0.00472987 0.00288623 -0.00174374
internal_weight=31141.1 26323.5 204.333 104.069 26119.2 6940.34 19178.9 4817.56 4375.8 3688.17 100.264 441.756 351.636 687.63
internal_count=168124 144857 5937 2680 138920 40702 98218 23267 20392 17229 3257 2875 2339 3163
is_linear=0
shrinkage=0.03


Tree=246
num_leaves=15
num_cat=0
split_feature=5 2 1 2 2 6 2 2 2 6 6 7 2 0
split_gain=7.8559 7.685 11.9635 8.80754 7.84545 13.2164 8.59298 6.02274 4.32153 10.1486 4.43687 4.02077 3.00689 4.37899
threshold=-0.81033468203134218 0.0013313840679558082 0.20332472955456996 0.0012082362596986117 0.0015339518385634133 0.0018023672247178271 0.0015933974398020996 0.0028756279559095919 0.0031122096355388827 0.003194832662238412 0.0037515200867295211 0.081217329594164875 0.0027752499353625639 0.011318902850639192
decision_type=8 8 10 10 8 10 8 10 10 10 10 10 8 10
left_child=7 2 11 -4 5 -3 -6 12 9 -9 -10 -2 13 -1
right_child=1 4 3 -5 6 -7 -8 8 10 -11 -12 -13 -14 -15
leaf_value=-0.0014958269813479866 -0.018790518607766701 0.0146506871988504 0.0060353888876385963 -0.010621887926390695 -0.0084010349263683934 -0.0020052805407645741 0.00028276200884742744 0.0060302366938834876 -0.001535336798831669 -0.002526277111000781 0.0004321186642865561 0 -0.0059325344537650305 -0.0094248708026960903
leaf_weight=1450.437402041629 48.618661563843489 79.689737554639578 72.842305913567543 33.511612804606557 92.605020735412836 67.624876491725445 24376.242406995967 273.89601536095142 2363.5676079317927 202.95689326524734 1752.417941391468 11.263714825734494 205.84105459600687 60.055283561348915
leaf_count=12522 2409 1610 1211 780 1570 1026 124528 1320 10732 973 7675 352 1027 285
internal_value=1.03596e-07 0.000242704 -0.00598436 0 0.000289605 0.00698191 0.000244028 -0.00094221 -0.000358188 0.00228811 -0.000684116 -0.015633 -0.00245915 -0.00191045
internal_weight=31091.6 24782.4 166.236 106.354 24616.2 147.315 24468.8 6309.17 4592.84 476.853 4115.99 59.8824 1716.33 1510.49
internal_count=168020 133486 4752 1991 128734 2636 126098 34534 20700 2293 18407 2761 13834 12807
is_linear=0
shrinkage=0.03


Tree=247
num_leaves=15
num_cat=0
split_feature=2 1 6 6 7 1 2 2 2 1 3 7 7 1
split_gain=7.80761 8.05897 10.1378 6.68492 10.1691 12.7459 9.66495 9.0221 7.48636 6.44332 5.54135 4.30215 4.05337 3.8038
threshold=0.0016064990190196478 -1.7017259802264992 -0.0069495728791597591 -0.00077875360650825332 0.046146106744854441 -0.81904368321888132 0.0011258670578612672 0.0013313840679558082 0.0010022500424530596 3.2882728992079229 1.1532299737280038 0.038237401016976695 0.048399561361017633 1.7338962950319667
decision_type=8 8 10 10 10 10 10 10 10 10 10 10 10 10
left_child=3 2 11 6 13 -6 8 -8 -1 10 -3 -2 -4 -5
right_child=1 9 12 4 5 -7 7 -9 -10 -11 -12 -13 -14 -15
leaf_value=-0.0028285344649351513 -0.00071550748056735804 0.00019387625574061689 -0.0072130844558232149 -0.01306203958355337 0.017568127125526439 -0.0041191290795547812 -0.013584889586451926 0.00086713571888123384 0.018230290499710776 0.0048523894067451648 -0.0018982332636815079 0.0084872196851095549 -0.0012702734014514024 0
leaf_weight=13.325154231861232 82.754733178764582 28435.672890255228 324.68154298700392 138.67019810155034 18.503336152993143 151.0634964518249 40.95388638228178 133.9811853133142 31.757241275161505 250.7493719831109 1173.7583084739745 67.648203205317259 196.39722168073058 19.313094958662987
leaf_count=301 387 145158 2015 4015 529 2403 1364 2320 808 1184 5835 308 1116 198
internal_value=1.01284e-05 7.62739e-05 -0.00314552 -0.00350567 -0.00616966 -0.000571882 0.000295277 -0.0027434 0.0115331 0.000151762 0.000108304 0.0033207 -0.00515228 -0.011429
internal_weight=31079.2 30531.7 671.482 547.568 327.55 169.567 220.017 174.935 45.0824 29860.2 29609.4 150.403 521.079 157.983
internal_count=167941 156003 3826 11938 7145 2932 4793 3684 1109 152177 150993 695 3131 4213
is_linear=0
shrinkage=0.03


Tree=248
num_leaves=14
num_cat=0
split_feature=1 5 2 2 3 3 2 5 0 6 0 3 5
split_gain=8.25597 8.44198 7.97456 5.67797 5.66027 5.02045 5.68516 5.21522 4.13667 5.19781 3.51114 3.23413 1.20285
threshold=1.3466660082386379 -1.382613082901335 0.0065673277622668074 0.0084826783003338312 -1.15165774714695 1.1532299737280038 0.0029460470317908953 1.8742046970905371 0.012054681171821626 0.0066354975913327516 0.0091660974063684248 1.0049139425457139 -0.63084256953106899
decision_type=10 8 10 10 8 10 10 10 10 10 10 10 8
left_child=1 8 5 4 -3 7 -7 -2 9 -1 12 -5 -4
right_child=2 3 10 11 -6 6 -8 -9 -10 -11 -12 -13 -14
leaf_value=-0.0026762974677318778 0.0016113520068521871 -0.0017124727321089388 0.003257920192752842 0.0032975320951200587 -3.0148074288285911e-05 0.0018076225248523463 -0.0057937882139346541 -0.0053934306751345622 -0.0072001860478058208 0.00048259935047830486 0.00069762861260618003 -0.0013405846087538762 0.014616379509311692
leaf_weight=1397.9004919799045 2904.3260704856366 1953.4511259989813 36.552980981767178 655.57965448498726 22676.742215486243 137.16597445309162 188.10007141530514 85.713843621313572 128.30664060264826 655.01416823919863 57.251616656780243 143.25419655442238 54.187221124768257
leaf_count=8385 13926 10602 292 3605 123589 704 832 397 579 3308 378 777 461
internal_value=-6.45049e-05 -0.000239674 0.00131138 -8.32185e-05 -0.000166651 0.00097376 -0.00245098 0.00137324 -0.00202757 -0.00164186 0.00795464 0.00238531 0.011414
internal_weight=31073.5 27610.2 3463.3 25429 24630.2 3315.31 325.266 2990.04 2181.22 2052.91 147.992 798.834 90.7402
internal_count=167835 150845 16990 138573 134191 15859 1536 14323 12272 11693 1131 4382 753
is_linear=0
shrinkage=0.03


Tree=249
num_leaves=15
num_cat=0
split_feature=7 2 0 0 4 2 0 4 0 4 4 6 2 6
split_gain=9.76671 13.4076 13.1237 18.4617 12.7197 12.3098 10.5611 14.8685 18.0276 9.45212 9.42149 8.50966 7.27038 7.21684
threshold=0.046607530178200546 0.0021062118175967973 -0.0025975140828659589 -0.004859409530417135 0.34062500000000007 0.0022583477467551616 0.0015124027059009173 0.67562500000000014 0.0057942947465003955 0.59812500000000013 0.36187500000000006 -0.075757322407788749 0.0039104420775709688 -0.001238472955503944
decision_type=10 8 10 10 8 8 10 8 10 10 10 10 8 10
left_child=1 2 3 -1 13 -6 11 9 -9 -8 -4 -2 -13 -3
right_child=6 4 10 -5 5 -7 7 8 -10 -11 -12 12 -14 -15
leaf_value=-0.0047523341994631487 0.0055477349129760059 -0.00065661184015221113 0.0024481380568285955 0.010241513449739085 0.0052788107845149843 -0.00032231816932261223 0.0012235819060527808 0.0016914762892442346 -0.0086353006892447987 0.0043890957017583658 -0.0066338678006491953 0.00024436814680024515 -0.0015320812910563576 -0.0086510894229015495
leaf_weight=153.66917787492275 214.65498124808073 201.14485642313957 102.52364325150847 121.9844578448683 352.64994717389345 12607.383845232427 5564.0431684553623 301.47818167507648 277.41122117638588 1024.5267932750285 778.25857188832015 6059.2372152488679 3109.2108290567994 244.67729212343693
leaf_count=1250 1409 977 1523 1517 2943 60863 26852 1622 1223 4810 12840 35214 13845 1228
internal_value=-4.4908e-05 -0.000613091 -0.00370344 0.00179907 -0.000339474 -0.00016133 0.000451463 0.00131884 -0.00321796 0.00173082 -0.00549374 -0.000205409 -0.000352538 -0.00526933
internal_weight=31112.9 14562.3 1156.44 275.654 13405.9 12960 16550.6 7167.46 578.889 6588.57 880.782 9383.1 9168.45 445.822
internal_count=168116 83141 17130 2767 66011 63806 84975 34507 2845 31662 14363 50468 49059 2205
is_linear=0
shrinkage=0.03


end of trees

feature_importances:
parkinson_vol_600=831
trade_count_log_z_600=591
buy_pressure_positive_ratio_800=464
efficiency_ratio_400=436
logret_close_50=415
ma_ratio_close_30=412
taker_delta_quote_z_60=128
realized_vol_z_3=95

parameters:
[boosting: gbdt]
[objective: binary]
[metric: auc]
[tree_learner: serial]
[device_type: cpu]
[data_sample_strategy: bagging]
[data: ]
[valid: ]
[num_iterations: 250]
[learning_rate: 0.03]
[num_leaves: 15]
[num_threads: 0]
[seed: 42]
[deterministic: 0]
[force_col_wise: 1]
[force_row_wise: 0]
[histogram_pool_size: -1]
[max_depth: 4]
[min_data_in_leaf: 300]
[min_sum_hessian_in_leaf: 0.001]
[bagging_fraction: 0.8]
[pos_bagging_fraction: 1]
[neg_bagging_fraction: 1]
[bagging_freq: 1]
[bagging_seed: 42]
[bagging_by_query: 0]
[feature_fraction: 0.7]
[feature_fraction_bynode: 1]
[feature_fraction_seed: 42]
[extra_trees: 0]
[extra_seed: 12879]
[early_stopping_round: 0]
[early_stopping_min_delta: 0]
[first_metric_only: 0]
[max_delta_step: 0]
[lambda_l1: 2]
[lambda_l2: 10]
[linear_lambda: 0]
[min_gain_to_split: 0]
[drop_rate: 0.1]
[max_drop: 50]
[skip_drop: 0.5]
[xgboost_dart_mode: 0]
[uniform_drop: 0]
[drop_seed: 17869]
[top_rate: 0.2]
[other_rate: 0.1]
[min_data_per_group: 100]
[max_cat_threshold: 32]
[cat_l2: 10]
[cat_smooth: 10]
[max_cat_to_onehot: 4]
[top_k: 20]
[monotone_constraints: ]
[monotone_constraints_method: basic]
[monotone_penalty: 0]
[feature_contri: ]
[forcedsplits_filename: ]
[refit_decay_rate: 0.9]
[cegb_tradeoff: 1]
[cegb_penalty_split: 0]
[cegb_penalty_feature_lazy: ]
[cegb_penalty_feature_coupled: ]
[path_smooth: 0]
[interaction_constraints: ]
[verbosity: -1]
[saved_feature_importance_type: 0]
[use_quantized_grad: 0]
[num_grad_quant_bins: 4]
[quant_train_renew_leaf: 0]
[stochastic_rounding: 1]
[linear_tree: 0]
[max_bin: 255]
[max_bin_by_feature: ]
[min_data_in_bin: 3]
[bin_construct_sample_cnt: 200000]
[data_random_seed: 42]
[is_enable_sparse: 1]
[enable_bundle: 1]
[use_missing: 1]
[zero_as_missing: 0]
[feature_pre_filter: 1]
[pre_partition: 0]
[two_round: 0]
[header: 0]
[label_column: ]
[weight_column: ]
[group_column: ]
[ignore_column: ]
[categorical_feature: ]
[forcedbins_filename: ]
[precise_float_parser: 0]
[parser_config_file: ]
[objective_seed: 16083]
[num_class: 1]
[is_unbalance: 0]
[scale_pos_weight: 1]
[sigmoid: 1]
[boost_from_average: 1]
[reg_sqrt: 0]
[alpha: 0.9]
[fair_c: 1]
[poisson_max_delta_step: 0.7]
[tweedie_variance_power: 1.5]
[lambdarank_truncation_level: 30]
[lambdarank_norm: 1]
[label_gain: ]
[lambdarank_position_bias_regularization: 0]
[eval_at: ]
[multi_error_top_k: 1]
[auc_mu_weights: ]
[num_machines: 1]
[local_listen_port: 12400]
[time_out: 120]
[machine_list_filename: ]
[machines: ]
[gpu_platform_id: -1]
[gpu_device_id: -1]
[gpu_use_dp: 0]
[num_gpu: 1]

end of parameters

pandas_categorical:[]
