tree
version=v4
num_class=1
num_tree_per_iteration=1
label_index=0
max_feature_idx=14
objective=binary sigmoid:1
feature_names=clip_quote_volume_proxy_log_delta_7_ ts_corr_trade_size_base_ratio_30__trade_size_quote_log_delta_7__20_ q75__signed_volume_sum_ratio_14___taker_buy_base_volume_log_delta_120___14_ range_pct_mean_14 _vol_regime_z_14___ts_corr_trade_size_base_ratio_30__trade_size_quote_log_delta_7__20__ buy_pressure_mean_10 rolling_logret_mean_120 taker_buy_quote_volume_log_delta_120 trade_count_ratio_480 rolling_logret_mean_400 realized_vol_z_480 volatility_x_buy_pressure_120 taker_buy_base_volume_log_z_20 trade_size_base_log_delta_320 _ret_close_20____vol_regime_z_14___buy_pressure_negative_ratio_50__
feature_infos=[-5:5] [-0.3586406299970602:0.98699690253868677] [-1.1749487431600838:12.421610241820989] [0.0001395535741712335:0.089777662998264035] [-4.3883083969392853:3.0831319407192779] [-0.43392013518898631:0.51401825451251892] [-0.0058590456143728705:0.0026873055893317827] [-17.394289363104605:17.083944226139966] [-1:31.111915028039512] [-0.0018791760831412185:0.00098649334705427352] [-19.696254017287441:16.948161325635883] [-0.066350681175719822:0.087679628822009997] [-3.97895556324477:4.0953430988265049] [-0.45113908102038108:0.41378808677256496] [-0.45148112058747492:0.27588489966281127]
tree_sizes=1789 1839 1819 1837 1808 1835 1801 1813 1827 1832 1810 1795 1830 1809 1826 1834 1810 1825 1825 1838 1834 1826 1843 1829 1806 1833 1836 1818 1833 1820 1832 1821 1821 1813 1818 1829 1834 1837 1821 1715 1835 1811 1827 1840 1834 1828 1709 1803 1828 1841 1842 1835 1722 1828 1801 1806 1838 1806 1839 1832 1823 1820 1844 1708 1805 1831 1842 1844 1832 1807 1815 1608 1832 1831 1829 1715 1625 1722 1835 1806 1609 1778 1827 1623 1479 1685 1733 1810 1614 1713 1829 1829 1820 1839 1815 1826 1829 1796 1600 1833 1601 1829 1827 1803 1596 1827 1600 1823 1830 1829 1827 1811 1827 1820 1818 1462 1491 1812 1807 1470 1837 1495 1835 1466 1837 1796 1830 1499 1475 1824 1418 1603 1807 1822 1488 1814 1820 1835 1843 1822 1830 1583 1691 1581 1357 1250 1821 1785 1798 1354 1781 1601 1813 1695 1826 1692 1369 1447 1379 1796 1588 1728 1492 1700 1262 1823 1686 1824 1823 1809 1755 1835 1822 1709 1698 1596 1711 1684 1811 1265 1840 1821 1793 1370 1605 1272

Tree=0
num_leaves=15
num_cat=0
split_feature=3 3 3 11 3 3 3 5 11 3 5 11 5 12
split_gain=2424.95 621.083 399.27 122.689 74.1392 63.069 51.0216 47.0852 38.2813 34.5779 33.1674 23.1631 19.6176 11.6425
threshold=0.0025203210977352447 0.0048484322137185435 0.0015163003913740674 -0.0021822999675114208 0.0033197455194125675 0.00092217967610447392 0.0087415006360045695 0.02514067513783742 -0.00032171814844940687 0.0020514247007591612 -0.010173157647280389 2.2707028070425529e-05 -0.034444181845167794 1.4920590491510284
decision_type=8 8 10 10 10 10 10 10 8 10 8 8 10 10
left_child=2 4 5 10 8 -1 -5 -6 -2 12 -3 -11 -4 -7
right_child=1 3 9 6 7 13 -8 -9 -10 11 -12 -13 -14 -15
leaf_value=-0.53437798826956751 -0.50215615011978454 -0.48717259835341886 -0.51032180680581529 -0.49676583291443904 -0.4991566492590403 -0.52357286509281242 -0.49192908485981102 -0.50354855519372077 -0.50703060842965997 -0.50688320231982531 -0.49274146759536025 -0.51207976702460534 -0.51572922146035005 -0.513878885191281
leaf_weight=618.9071910828352 2537.1671643555164 2533.4090941250324 1036.5227454453707 7733.8736549466848 6346.4411017298698 1831.1197198033333 2715.4406209141016 3328.4758272618055 3363.4728562831879 1681.7364281415939 1817.4967152178288 1596.2403303980827 2104.0495702922344 192.60109931230545
leaf_count=2635 10802 10786 4413 32927 27020 7796 11561 14171 14320 7160 7738 6796 8958 820
internal_value=-0.502169 -0.498107 -0.515782 -0.493709 -0.502286 -0.525601 -0.495495 -0.500674 -0.504937 -0.511701 -0.489458 -0.509454 -0.513995 -0.522742
internal_weight=39437 30375.8 9061.18 14800.2 15575.6 2642.63 10449.3 9674.92 5900.64 6418.55 4350.91 3277.98 3140.57 2023.72
internal_count=167903 129325 38578 63012 66313 11251 44488 41191 25122 27327 18524 13956 13371 8616
is_linear=0
shrinkage=1


Tree=1
num_leaves=15
num_cat=0
split_feature=3 3 3 3 11 3 3 6 11 11 6 3 8 11
split_gain=2276.45 455.93 444.135 81.474 80.0941 60.4405 53.9468 47.1809 36.6548 34.3972 33.1965 28.2215 23.0387 20.8445
threshold=0.0027761515879522569 0.0049064167234857932 0.0015786655875112906 0.0010557887056074243 -0.00074538251382735398 0.0036850603537769422 0.0023870173253806733 -0.00045994590143372255 -0.00090672967657696275 -0.00027443724167957304 -2.8071082054300271e-05 0.0084985289741862802 0.25741121120486138 0.00025007382171941025
decision_type=8 8 10 10 10 10 10 10 8 8 10 8 10 10
left_child=2 5 3 -1 11 8 10 -6 -2 -8 -4 -3 -5 -7
right_child=1 4 6 12 7 13 9 -9 -10 -11 -12 -13 -14 -15
leaf_value=-0.029175732919814446 0.0017132310256736895 0.0093335854111738763 -0.0062847012656154716 -0.018795957367695369 0.011523257063333611 0.0040296127725808432 -0.00074260069123033789 0.0052907950385930646 -0.0029777860638209985 -0.0074673143380363221 -0.011501316965305895 0.013846999081737966 -0.0046984982383069121 0.00079174689912564272
leaf_weight=921.86608627438545 2230.8349282741547 4132.6778659075499 1789.2907067984343 1873.9166036695242 1325.2934782058001 3915.2806456834078 1261.9646231979132 7045.2388942837715 4457.8908812254667 1550.825705781579 3379.1657154709101 2033.249524474144 131.01927444338799 3399.0953024476767
leaf_count=3953 9496 17552 7636 8017 5631 16661 5375 29948 18989 6613 14422 8631 560 14467
internal_value=6.22625e-05 0.00451933 -0.0115871 -0.0215815 0.00823937 0.000650188 -0.00789209 0.0062973 -0.00140405 -0.00448483 -0.00972256 0.0108516 -0.0179324 0.00253626
internal_weight=39447.6 28539.6 10908 2926.8 14536.5 14003.1 7981.25 8370.53 6688.73 2812.79 5168.46 6165.93 2004.94 7314.38
internal_count=167951 121375 46576 12530 61762 59613 34046 35579 28485 11988 22058 26183 8577 31128
is_linear=0
shrinkage=0.03


Tree=2
num_leaves=15
num_cat=0
split_feature=3 3 3 3 5 5 3 8 5 3 3 5 12 8
split_gain=2202.66 612.357 255.035 107.762 83.1321 45.2602 35.3365 33.0486 31.7459 31.6667 29.8679 25.5001 11.6357 11.6032
threshold=0.0023013908290525705 0.0047878009357598421 0.0013394559451828606 0.0033814671297761859 -0.010173157647280389 0.028268242100178451 0.0065768298763446975 0.66753108225603641 -0.01487451730120694 0.0016900752871000736 0.00092217967610447392 -0.043208655391531049 1.4920590491510284 0.41579049977360188
decision_type=8 8 10 10 8 10 10 8 8 10 10 10 10 10
left_child=2 3 10 8 6 -5 -3 -6 -2 13 -1 -11 -12 -4
right_child=1 4 9 5 7 -7 -8 -9 -10 11 12 -13 -14 -15
leaf_value=-0.030397945766888639 -0.00068000398055767638 0.0075735884765400531 -0.015595386509071283 0.0031277375079743651 0.0047635478456600966 -0.0014180892024888748 0.012076282720156026 0.0098789316203631659 -0.0046321877180955269 -0.0056721860248540651 -0.02222196076031736 -0.01140980586941364 -0.010104832656034705 -0.0027359158934762632
leaf_weight=619.03506699204445 2951.4803124368191 2957.7944558560848 1632.9040009379387 5971.5103958249092 6959.93192461133 2911.9447354525328 3857.6926105171442 1402.7199940234423 4990.4307857900858 1029.948992818594 1125.2095230668783 2855.3892855346203 122.62176191806793 82.496585786342621
leaf_count=2678 12583 12546 7007 25395 29529 12398 16343 5950 21285 4404 4843 12219 526 353
internal_value=-0.000118156 0.00330455 -0.0147795 -0.000633888 0.00767191 0.00163098 0.0101449 0.00563952 -0.00317367 -0.011522 -0.0244067 -0.00992271 -0.0211687 -0.0150312
internal_weight=39471.1 32003.5 7467.61 16825.4 15178.1 8883.46 6815.49 8362.65 7941.91 5600.74 1866.87 3885.34 1247.83 1715.4
internal_count=168059 136029 32030 71661 64368 37793 28889 35479 33868 23983 8047 16623 5369 7360
is_linear=0
shrinkage=0.03


Tree=3
num_leaves=15
num_cat=0
split_feature=6 9 6 8 6 8 5 5 6 9 14 14 14 12
split_gain=463.985 514.548 225.852 151.109 143.631 62.786 59.1349 43.6858 36.5794 27.6561 26.2687 22.9553 21.0983 15.006
threshold=-8.7747454563436004e-05 0.00010882473944757056 0.00016953879621173972 0.16054335907473585 -0.00045994590143372255 -0.13074345701430914 -0.010173157647280389 -0.0096229205397235871 0.0003619624114908682 8.1227803031675986e-05 -0.048586748266025527 0.0062727521196036069 0.00094201913598331412 0.51460877102387381
decision_type=10 8 10 10 8 8 10 10 10 8 10 10 10 8
left_child=4 2 3 -2 10 8 13 -7 -3 -8 -1 -4 -12 -6
right_child=1 5 11 -5 6 7 9 -9 -10 -11 12 -13 -14 -15
leaf_value=0.022869300786762151 -0.0082257219587008167 -0.00037737126880662956 -0.00013047529235343924 -0.00015879243875218518 0.0042688372423352224 0.010517535693322637 -0.0001588266015910269 0.0042016683903509126 0.006708381598467119 0.0061893581353433596 0.0079235315328476819 0.0053695766124920562 0.014028807266224158 0.0080457815196559226
leaf_weight=160.84870086610317 11829.618027463555 2980.4367993175983 3726.9031429886818 2556.8059122413397 3183.8488720953465 1547.4361766427755 4199.6317316144705 2906.2864135354757 825.73716117441654 710.91627214848995 1646.2209076136351 820.92625512182713 856.5484659075737 1475.4230950176716
leaf_count=679 50614 12689 15846 10896 13526 6562 17879 12340 3503 3020 6966 3481 3624 6267
internal_value=-4.52736e-05 -0.00222949 -0.00495574 -0.00679731 0.00480304 0.00401113 0.003073 0.00642819 0.00115769 0.000758738 0.0109615 0.000858775 0.0100844 0.00549238
internal_weight=39427.6 27194.1 18934.3 14386.4 12233.4 8259.9 9569.82 4453.72 3806.17 4910.55 2663.62 4547.83 2502.77 4659.27
internal_count=167892 115931 80837 61510 51961 35094 40692 18902 16192 20899 11269 19327 10590 19793
is_linear=0
shrinkage=0.03


Tree=4
num_leaves=15
num_cat=0
split_feature=3 3 3 3 5 5 3 12 3 8 5 6 14 14
split_gain=2025.74 492.789 275.914 92.3544 59.3786 40.7115 39.3166 34.6127 31.9512 28.069 25.9945 24.4056 18.7212 15.0227
threshold=0.002432075145192157 0.0049064167234857932 0.0013394559451828606 0.003554088008742426 -0.010173157647280389 0.017909509576685686 0.00092217967610447392 0.54267723787335598 0.0065768298763446975 0.69382567808265772 -0.01487451730120694 -2.6213172019192339e-05 -0.0022121474546391308 0.0026075066241742126
decision_type=8 8 10 10 8 10 10 10 8 8 8 10 10 10
left_child=2 3 6 10 8 -5 -1 11 -3 -6 -2 -4 -9 -8
right_child=1 4 7 5 9 -7 13 12 -10 -11 -12 -13 -14 -15
leaf_value=-0.030231214850094855 -6.8401320343838463e-05 0.0070553397197069233 -0.0083917966252303935 0.003886195489865667 0.0049486381176052571 -0.00041986160836958637 -0.020721620555520258 0 0.011447119181445659 0.009827340757270743 -0.0035775060040094315 -0.013218397086308824 -0.0079396785714881072 -0.004548013938795132
leaf_weight=595.98872086405754 3064.6258593350649 2698.2603996396065 1612.3061358183622 5060.5712025761604 6644.1921166628599 3196.6411629617214 1165.2223854213953 320.30351056158543 3896.3238266408443 1314.1602692604065 5147.1659486293793 3046.7999639809132 1502.2041489928961 70.936591625213623
leaf_count=2606 13061 11414 6920 21495 28143 13609 5051 1374 16438 5556 21977 13105 6453 307
internal_value=2.85191e-06 0.00352942 -0.0131374 -2.19197e-05 0.00754971 0.00221343 -0.0234294 -0.0101873 0.00967265 0.00577311 -0.00227689 -0.0115825 -0.00654412 -0.0198856
internal_weight=39335.7 31021.9 8313.76 16469 14552.9 8257.21 1832.15 6481.61 6594.58 7958.35 8211.79 4659.11 1822.51 1236.16
internal_count=167509 131693 35816 70142 61551 35104 7964 27852 27852 33699 35038 20025 7827 5358
is_linear=0
shrinkage=0.03


Tree=5
num_leaves=15
num_cat=0
split_feature=3 3 3 3 11 5 3 11 3 12 11 3 9 14
split_gain=1867.14 484.449 245.716 72.3988 70.8099 42.5562 41.865 40.1103 39.3854 33.6773 30.8402 30.3907 14.4926 11.3764
threshold=0.0023870173253806733 0.0047878009357598421 0.0013394559451828606 0.0032768945309244791 -0.0011368828676792833 0.02514067513783742 0.0016900752871000736 -0.0013536884449953553 0.00092217967610447392 0.076718857454446079 -0.0025241886551957962 0.0067556695741575945 2.3774060694319311e-05 0.0025252271644077284
decision_type=8 8 10 10 10 10 10 8 10 8 10 10 10 10
left_child=2 3 8 7 9 -5 12 -2 -1 -3 -8 -6 -4 -10
right_child=1 4 6 5 11 -7 10 -9 13 -11 -12 -13 -14 -15
leaf_value=-0.029355969729342995 0.0011329673946075518 0.0078695120591376292 -0.016387887469367597 0.002719799198768017 0.0037259994124659566 -0.0014509946347414334 -6.7252413514399886e-05 -0.0042097473081547576 -0.019864695155876622 0.012730107154343473 -0.0092451149197913616 0.0072094178349697263 -0.009851501456870403 -0.0055555786296316821
leaf_weight=606.9413131326437 1685.9112630337477 3755.3680992275476 1093.0103401690722 6323.4853797703981 4804.5388191193342 3346.6267365813255 372.66131448745728 4826.0009693205357 1142.6305807977915 2147.0078403800726 4109.5503411144018 4512.1804153621197 597.32608969509602 74.518278524279594
leaf_count=2678 7189 15840 4728 26858 20335 14262 1602 20633 4982 9046 17688 19048 2584 323
internal_value=-5.62683e-05 0.00323867 -0.0129902 -0.000371885 0.00707933 0.00127017 -0.0100849 -0.00281772 -0.02268 0.00966626 -0.00849725 0.00542541 -0.0141849 -0.0190899
internal_weight=39397.8 31401.1 7996.64 16182 15219.1 9670.11 6172.55 6511.91 1824.09 5902.38 4482.21 9316.72 1690.34 1217.15
internal_count=167796 133211 34585 68942 64269 41120 26602 27822 7983 24886 19290 39383 7312 5305
is_linear=0
shrinkage=0.03


Tree=6
num_leaves=15
num_cat=0
split_feature=11 6 6 14 6 6 6 4 11 14 14 4 6 4
split_gain=428.485 325.808 349.495 93.394 63.3622 52.9451 40.475 30.4255 30.1968 26.1318 23.5823 10.6503 10.0955 11.5135
threshold=-0.0022751041771591316 -8.7747454563436004e-05 0.00015418724303464991 0.0031792413796118573 -0.00045994590143372255 -0.0004038553351673727 0.00026815040722555735 -1.0422787383417531 -0.004985803859952692 0.0038671996879850777 0.0062727521196036069 -0.86996971459189953 -0.00088379628506232136 -2.5348648730239662
decision_type=10 10 10 10 10 8 10 10 10 10 10 8 10 10
left_child=5 4 3 -3 7 12 -4 -2 11 -6 -10 -7 -1 -14
right_child=1 2 6 -5 9 8 -8 -9 10 -11 -12 -13 13 -15
leaf_value=0.01868999655320621 0.0037795064590588085 -0.0072279203581181572 -0.00093929516457789345 -0.00058963192683068617 0.0011318688839884209 0.0058708893904189565 0.0035519339873779812 0.01171899764686416 0.0030435791043786271 0.0059549497120645551 0.0094256582538211255 0.010346518527120057 0 0.011797940680694723
leaf_weight=237.6487703025341 839.12577819824219 12397.395645350218 2976.058074593544 2279.7644166052341 6274.4901432096958 1089.6438588202 4502.6611503362656 995.36377280950546 4055.1671716123819 1211.2322144955397 607.78351536393166 1135.3104697167873 72.03455862402916 688.82203251123428
leaf_count=996 3536 53294 12668 9722 26688 4605 19071 4188 17220 5134 2565 4787 303 2896
internal_value=3.31672e-05 -0.0015324 -0.00351287 -0.006202 0.00316785 0.00628324 0.00175783 0.00816005 0.00531778 0.00192718 0.00390667 0.00821756 0.0127649 0.010618
internal_weight=39362.5 31476.1 22155.9 14677.2 9320.21 7886.41 7478.72 1834.49 6887.91 7485.72 4662.95 2224.95 998.505 760.857
internal_count=167673 134301 94755 63016 39546 33372 31739 7724 29177 31822 19785 9392 4195 3199
is_linear=0
shrinkage=0.03


Tree=7
num_leaves=15
num_cat=0
split_feature=11 6 6 8 6 6 8 5 14 14 4 11 4 12
split_gain=408.144 323.589 301.781 120.521 67.651 62.643 43.1682 34.8676 34.1574 27.29 22.48 16.725 8.53855 4.13227
threshold=-0.0021822999675114208 -8.7747454563436004e-05 0.00015418724303464991 0.081096734222883007 -0.0004038553351673727 -0.00045994590143372255 0.056107708611053415 -0.01487451730120694 0.0070120839602355739 0.0038671996879850777 -1.2727322205203302 -0.0031369316227199116 -2.4172335786064614 0.19280510108739027
decision_type=10 10 10 8 10 8 8 10 8 10 10 8 10 10
left_child=5 4 3 -3 10 12 7 -7 -4 -6 -2 -8 -1 -14
right_child=1 2 8 -5 9 6 11 -9 -10 -11 -12 -13 13 -15
leaf_value=0.0037606873014359122 0.0039641038568323872 -0.0074373368090667902 0.00043293312835802948 -0.0007477623819723368 0.00086549558841463264 0.0057546136219553869 0.010268766135078104 0.00071698113009973741 0.0056648472541267229 0.0060194324479053932 0.01018992080694929 0.0046620828072825461 0.011797260433148144 0.018061450038035217
leaf_weight=95.832674369215965 948.86477716267109 11414.668092280626 6017.3911242038012 3105.6688493341208 5822.993430107832 2726.7352044731379 1557.9704328477383 2316.6629166156054 1380.7683065384626 1101.1777404248714 1339.927850201726 798.14914977550507 451.02363736927509 322.72838541865349
leaf_count=402 4000 49175 25552 13272 24769 11549 6559 9829 5832 4662 5632 3373 1890 1349
internal_value=5.62041e-05 -0.00151622 -0.00350005 -0.00601217 0.0031957 0.00597796 0.00505644 0.00345847 0.00142383 0.0017013 0.00766346 0.00842256 0.0136046 0.0146837
internal_weight=39400.6 31131.5 21918.5 14520.3 9212.96 8269.1 7399.52 5043.4 7398.16 6924.17 2288.79 2356.12 869.585 773.752
internal_count=167845 132894 93831 62447 39063 34951 31310 21378 31384 29431 9632 9932 3641 3239
is_linear=0
shrinkage=0.03


Tree=8
num_leaves=15
num_cat=0
split_feature=6 6 11 8 6 11 8 5 11 14 8 11 10 10
split_gain=411.67 308.636 190.584 117.51 63.6812 47.2919 40.8939 33.3073 31.827 30.732 24.0401 22.5788 16.8094 13.4195
threshold=-0.00014939775844116096 0.00019079092038122675 -0.0025241886551957962 -0.1383783047964591 -0.00043097050265659867 -0.001450852717287741 1.4965446714845341 0.0036072038692701153 -0.003764607836434251 0.0067471054231790168 0.34797501106181256 -0.0045535179292605027 -1.1038146777042621 -1.8709905475940378
decision_type=10 10 10 8 10 10 10 10 10 10 8 10 10 10
left_child=4 2 11 -4 6 10 12 8 -6 -7 -3 -2 -1 -9
right_child=1 5 3 -5 7 9 -8 13 -10 -11 -12 -13 -14 -15
leaf_value=0.012956986140043274 0.0068248652357275853 0.0044412008359186591 -0.0068486674422502444 -0.0019504081653747814 0.011912729727544225 0.00014149623213755708 0.020228935540950156 0.0066869487511125444 0.0041500588779501031 0.0055601208935958405 0.011008282221837863 0.0012756669859564941 0.0065713932637627356 7.9928589839748571e-06
leaf_weight=487.02520667016506 1051.5158638656139 2257.7530463337898 11246.8898948282 7328.9536795169115 569.93593589961529 4480.4532999545336 263.0692640542984 301.95781442523003 3182.7214967757463 1191.463815510273 675.96358962357044 1853.9022386223078 2281.8202337920666 2188.856786236167
leaf_count=2042 4437 9531 48473 31357 2396 19009 1097 1283 13474 5025 2839 7871 9572 9297
internal_value=-0.000173757 -0.00187886 -0.00380277 -0.00492142 0.00534674 0.00291546 0.00892343 0.00358876 0.00537349 0.00129809 0.00600697 0.00332111 0.00775876 0.000865167
internal_weight=39362.3 30086.9 21481.3 18575.8 9275.39 8605.63 3031.91 6243.47 3752.66 5671.92 2933.72 2905.42 2768.85 2490.81
internal_count=167703 128542 92138 79830 39161 36404 12711 26450 15870 24034 12370 12308 11614 10580
is_linear=0
shrinkage=0.03


Tree=9
num_leaves=15
num_cat=0
split_feature=3 3 3 3 3 3 11 5 11 11 6 6 12 10
split_gain=1713.17 419.779 240.063 69.214 65.1149 44.6053 43.3617 41.1333 38.2588 30.2658 22.6014 21.3593 11.8242 5.51826
threshold=0.0023870173253806733 0.0047878009357598421 0.0015163003913740674 0.0032975346897918464 0.0088677349443059984 0.00092217967610447392 -0.0011679835752441115 0.028268242100178451 -0.00032171814844940687 -0.0025241886551957962 -0.00088379628506232136 -5.3973302795151663e-05 1.4920590491510284 0.40508722244037826
decision_type=8 8 10 10 8 10 10 10 8 10 8 10 10 10
left_child=2 3 5 8 6 -1 -3 -5 -2 13 -6 -11 -7 -4
right_child=1 4 9 7 10 12 -8 -9 -10 11 -12 -13 -14 -15
leaf_value=-0.027606253061409316 9.853767822549124e-05 0.0080176099828896327 0.0018187290868535934 0.002858803801982428 0.016028158996065311 -0.018365412885691629 0.004109341126446682 -0.0013238839270025022 -0.004477524481211686 -0.0058273902703040907 0.0090928833388223031 -0.010587006682539693 -0.008976922948014705 -0.0047719068813919761
leaf_weight=588.40581822395325 2857.8399571925402 4163.5064911097288 244.36312232911587 6419.9394270479679 529.74782687425613 1769.6812719553709 7021.51959836483 3124.2158714085817 3782.4291900992393 1245.2827669680119 3557.1165008544922 3690.4267883896828 189.25463132560253 189.33376406133175
leaf_count=2636 12199 17481 1049 27249 2208 7778 29663 13327 16234 5370 14918 16020 824 812
internal_value=7.32402e-05 0.00321479 -0.0123901 -0.000148539 0.00678077 -0.0199868 0.00557537 0.0014834 -0.00250187 -0.00874447 0.0100434 -0.00941249 -0.0175391 -0.00096594
internal_weight=39373.1 31456.3 7916.75 16184.4 15271.9 2547.34 11185 9544.16 6640.27 5369.41 4086.86 4935.71 1958.94 433.697
internal_count=167768 133279 34489 69009 64270 11238 47144 40576 28433 23251 17126 21390 8602 1861
is_linear=0
shrinkage=0.03


Tree=10
num_leaves=15
num_cat=0
split_feature=3 3 3 5 3 3 11 11 5 8 12 11 8 6
split_gain=1619.79 363.621 275.35 70.2677 53.3484 40.2079 35.3663 34.213 33.9469 27.2564 26.5771 24.3139 11.2399 10.991
threshold=0.0025203210977352447 0.0047878009357598421 0.0014481319848859576 -0.010173157647280389 0.0032768945309244791 0.00073023645112328358 -0.0041796686811824118 -0.00022812554300873398 -0.0096229205397235871 1.3200284431862686 0.37847521675318957 -0.00032171814844940687 0.53292616093930067 -2.2584860515880336e-05
decision_type=8 8 10 8 10 10 10 8 10 8 10 8 10 10
left_child=2 4 5 6 11 -1 -3 10 -6 -5 -4 -2 -9 -7
right_child=1 3 7 9 8 13 -8 12 -10 -11 -12 -13 -14 -15
leaf_value=-0.031301085161328443 0 0.012885404400277857 -0.0072449563024447111 0.0041919644626307213 0.0035243657608568565 -0.014326688273507511 0.007626146710585288 -0.010528125319940861 -7.6092848780222013e-05 0.010538193591832425 -0.00047577927123872675 -0.0040191967231833509 -0.0026668926815089961 -0.020344844199093399
leaf_weight=292.70226915180683 2408.2128554582596 1563.4885296821594 2261.0154840946198 7724.4734380692244 3960.5508255213499 622.40463821589947 5366.0944482088089 3422.9207559227943 5720.3185333162546 674.26891647279263 704.90890473127365 3154.9136942327023 202.11513215303421 1318.5892686545849
leaf_count=1324 10276 6515 9795 32544 16789 2751 22529 14872 24358 2826 3044 13551 873 5854
internal_value=5.91861e-05 0.00332934 -0.0112542 0.00659052 4.40145e-05 -0.0203615 0.00883827 -0.00813237 0.00139282 0.00472052 -0.0056633 -0.00229068 -0.0101149 -0.0185291
internal_weight=39397 30572.3 8824.66 15328.3 15244 2233.7 6929.58 6590.96 9680.87 8398.74 2965.92 5563.13 3625.04 1940.99
internal_count=167901 129388 38513 64414 64974 9929 29044 28584 41147 35370 12839 23827 15745 8605
is_linear=0
shrinkage=0.03


Tree=11
num_leaves=15
num_cat=0
split_feature=11 8 9 9 8 14 8 4 14 4 5 8 9 5
split_gain=350.461 208.859 161.896 177.894 75.8457 43.0389 40.3001 24.0762 21.8088 20.4419 18.6695 11.7129 11.0076 9.98077
threshold=-0.0021822999675114208 0.18472701159656882 0.0001689442217556825 -9.763297713134333e-05 0.056107708611053415 0.0029736584521008295 1.3992878466366345 -0.77679764814548158 0.0072849934786075781 -0.50049383452082219 0.006192104371023111 0.34797501106181256 -0.00023665060063832841 0.076221408040696992
decision_type=8 8 10 10 8 10 8 10 10 10 8 8 8 10
left_child=4 2 3 -2 5 7 8 -1 -3 -7 -4 13 -8 -6
right_child=1 6 10 -5 11 9 12 -9 -10 -11 -12 -13 -14 -15
leaf_value=0 0.0012046547346293672 0.0010679763292408139 0.00582184221792855 -0.0053157627114495537 0.0076430800406776835 0.011542065386096621 0.016810116363219902 0.0045730054520652392 0.0056658027849720268 0.0029690720615869293 0.0010931808606014554 0.011126909107161341 0.0068664948418905572 -0.0023733020291766349
leaf_weight=2454.4286228269339 4897.1401552706957 4833.9347790926695 1586.5273476988077 16045.760268390179 1042.4782793372869 727.02147942781448 120.82954823970795 1775.8469923883677 1158.6088376045227 425.4212903380394 1500.0386770516634 1690.0075713545084 1048.0852198749781 83.668453797698021
leaf_count=10395 20815 20519 6722 69163 4374 3056 502 7494 4883 1787 6368 7058 4423 353
internal_value=-4.77711e-05 -0.00150037 -0.00284165 -0.00378836 0.00546611 0.00335136 0.00298948 0.00192284 0.00197488 0.00848175 0.00355409 0.00946081 0.00807912 0.00683175
internal_weight=39389.8 31190.9 24029.5 20942.9 8198.87 5382.72 7161.46 4230.28 5992.54 1152.44 3086.57 2816.15 1168.91 1126.15
internal_count=167912 133395 103068 89978 34517 22732 30327 17889 25402 4843 13090 11785 4925 4727
is_linear=0
shrinkage=0.03


Tree=12
num_leaves=15
num_cat=0
split_feature=11 6 9 6 9 9 12 14 14 14 6 11 9 5
split_gain=312.512 241.1 329.703 126.739 68.5919 41.4924 40.1149 31.1499 24.4606 17.5063 20.4282 15.8654 8.21681 6.76286
threshold=-0.00280927834993756 -8.7747454563436004e-05 0.00011841065618924507 0.00015418724303464991 -0.00028234078011366346 5.5080616534601842e-05 0.15684551647923514 0.0026915056011945358 0.0062727521196036069 -0.003181285969609603 -9.0387041637100344e-05 -0.0062374282102200806 -0.00043843680992561746 -0.042383081440462302
decision_type=10 10 8 10 10 10 10 10 10 8 8 8 8 8
left_child=6 4 3 -3 12 -6 8 -4 11 -8 -11 -1 -2 -10
right_child=1 2 7 -5 5 -7 9 -9 13 10 -12 -13 -14 -15
leaf_value=0.0068031160488799215 0.012698131735703192 -0.0065107568458694243 0.0016447167785900707 -0.00047467307842888513 0.00078557504179645405 0.0063237147796251373 0.01288185066620051 0.0063127994406588211 0.013946623178318993 0.012652830240131689 0.003869723072268608 0.002250346166922353 0.0071263983726557499 0.0068357258886320845
leaf_weight=949.87131987512112 433.76151539385319 12676.395104035735 4382.1475188136101 4187.7688023000956 7056.7407318353653 1472.4465745091438 881.58173123002052 1851.7788362652063 248.31015811860561 372.68786436319351 754.9842151850462 2783.3315685093403 907.29309667646885 420.73262728750706
leaf_count=3974 1809 54974 18632 17791 29935 6221 3671 7813 1035 1559 3170 11741 3805 1758
internal_value=1.86552e-05 -0.00115881 -0.00283683 -0.00501658 0.00276086 0.00175497 0.006075 0.00304886 0.00442926 0.00961127 0.00691092 0.00343986 0.00905362 0.00972976
internal_weight=39379.8 32968.3 23098.1 16864.2 9870.24 8529.19 6411.5 6233.93 4402.25 2009.25 1127.67 3733.2 1341.05 669.043
internal_count=167888 140980 99210 72765 41770 36156 26908 26445 18508 8400 4729 15715 5614 2793
is_linear=0
shrinkage=0.03


Tree=13
num_leaves=15
num_cat=0
split_feature=3 3 3 3 3 5 11 5 11 5 3 3 1 0
split_gain=1435.75 337.065 254.934 62.1767 54.3172 42.2705 38.5969 35.2364 34.6796 29.4786 22.9316 11.8869 11.7411 9.98083
threshold=0.0025203210977352447 0.0042289316830057579 0.0015163003913740674 0.0058422114134424096 0.00092217967610447392 -0.051434782137590965 8.806346799881925e-05 -0.034444181845167794 0.00043748453234265826 0.046471064563534732 0.0020514247007591612 0.0018251773343567121 0.86539634951855882 0.86449644677672943
decision_type=8 8 10 8 10 8 10 8 8 8 10 10 10 10
left_child=2 5 4 9 -1 12 -5 11 -7 -3 -9 -4 -2 -6
right_child=1 3 7 6 13 8 -8 10 -10 -11 -12 -13 -14 -15
leaf_value=-0.027067264509265922 0.0035706496196479124 0.0045848633304915957 -0.0074882846872410813 0.0089058786390733696 -0.016787386052664204 0 0.0052196520357241042 -0.011303816701963822 -0.00354874932702854 0.00020892286159670051 -0.0067691487500591355 -0.0021875613973954635 -0.00525239458419782 -0.0073747737782098814
leaf_weight=582.51161052286625 2018.7200357317924 6049.2240021675825 571.62551330029964 5440.1021264046431 1778.9933788776398 5370.0601146072149 5172.6576016843319 2018.5864888131618 4604.0846412628889 1835.3076346218586 2363.5006480365992 1296.3377094566822 131.50951614975929 156.31572008132935
leaf_count=2667 8590 25515 2493 22694 7923 22898 21720 8828 19716 7777 10261 5617 559 689
internal_value=1.57835e-06 0.00306837 -0.0106936 0.00561594 -0.0187579 -0.000814753 0.00712147 -0.00741055 -0.00164131 0.00357542 -0.00889266 -0.00387285 0.00298144 -0.0160998
internal_weight=39389.5 30621.7 8767.87 18497.3 2517.82 12124.4 10612.8 6250.05 9974.14 7884.53 4382.09 1867.96 2150.23 1935.31
internal_count=167947 129469 38478 77706 11279 51763 44414 27199 42614 33292 19089 8110 9149 8612
is_linear=0
shrinkage=0.03


Tree=14
num_leaves=15
num_cat=0
split_feature=3 3 3 5 3 3 11 3 5 6 11 11 9 5
split_gain=1347.93 290.38 213.493 61.909 51.0315 32.2895 32.7254 28.6219 28.5532 25.1646 24.1793 20.598 14.4991 13.7365
threshold=0.002432075145192157 0.0047878009357598421 0.0013394559451828606 -0.010173157647280389 0.0033814671297761859 0.0016900752871000736 -1.0000000180025095e-35 0.00073023645112328358 0.028268242100178451 -5.3973302795151663e-05 0.0015309599865373134 -0.0041796686811824118 2.3774060694319311e-05 -0.075330850038374267
decision_type=8 8 10 8 10 10 8 10 10 10 8 10 10 10
left_child=2 4 7 11 9 12 -7 -1 -6 -2 -5 -3 -4 -9
right_child=1 3 5 10 8 6 -8 13 -10 -11 -12 -13 -14 -15
leaf_value=-0.029501067616306019 0.00065488937628781327 0.010984520439800102 -0.014149957728438098 0.0054229700665615575 0.0026837656828392195 -0.0044120115973452423 -0.0095020532160087958 -0.012503943114803729 -0.00091238464205593416 -0.003179629558038008 0.0021327032621133303 0.00694161721113972 -0.0077142035151806241 -0.020108522395113917
leaf_weight=285.35152220726013 2250.8205246329308 1585.2186423689127 1059.094734609127 4840.6779856830835 5999.5951083898544 2401.5038126260042 2329.4127817004919 421.95633666217327 2931.6417350322008 4695.3463661670685 3600.0742569416761 5361.9483412802219 588.42689338326454 1052.2091988921165
leaf_count=1323 9626 6561 4683 20297 25420 10445 10184 1906 12513 20174 15144 22428 2596 4748
internal_value=1.15226e-05 0.00284444 -0.0108551 0.00577981 0 -0.00826381 -0.00694566 -0.020115 0.00149693 -0.00192932 0.00403092 0.00788722 -0.011948 -0.0180712
internal_weight=39403.3 31265.3 8137.96 15387.9 15877.4 6378.44 4730.92 1759.52 8931.24 6946.17 8440.75 6947.17 1647.52 1474.17
internal_count=168048 132163 35885 64430 67733 27908 20629 7977 37933 29800 35441 28989 7279 6654
is_linear=0
shrinkage=0.03


Tree=15
num_leaves=15
num_cat=0
split_feature=6 9 6 11 6 11 9 5 12 7 9 14 14 14
split_gain=266.019 316.929 139.636 100.921 79.1252 44.155 37.0401 30.014 27.0983 27.0807 26.5956 24.8946 21.9269 17.1717
threshold=-7.9762887892006093e-05 0.00010195679667911684 0.00015418724303464991 -0.0022751041771591316 -0.00043097050265659867 -0.00096359415358679629 0.00017272267231142283 -0.01487451730120694 0.12225075247888445 0.82774026530569611 0.00033981962161303562 -0.048586748266025527 0.0062727521196036069 0.0010247896329257605
decision_type=8 8 10 8 10 8 8 8 10 10 8 10 10 10
left_child=4 2 3 -2 11 8 9 -8 -6 -3 -7 -1 -4 -13
right_child=1 6 12 -5 5 10 7 -9 -10 -11 -12 13 -14 -15
leaf_value=0.019052105237840997 0.0011621675554669222 -0.00067724831362194859 -0.00049802500651967209 -0.0065634014351496454 0.002931575930956885 0.00051610223248280693 0.0077821027419805438 0.0029438041128524253 0.008532569806024036 0.0060466784880140786 0.017550525703050896 0.0053138542575067544 0.0047932305710888879 0.010402088492232422
leaf_weight=168.07503283023834 1738.3340102881193 2765.3544155061245 3968.857272490859 11388.334136649966 2210.9366048723459 6168.3780811876059 1811.3749542832375 3397.3162737637758 1251.0473338961601 656.64652691781521 73.943883523344994 1887.4889444857836 843.9769990593195 976.54396672546864
leaf_count=691 7371 11799 16844 49705 9330 26223 7599 14326 5251 2777 310 7856 3540 4060
internal_value=4.67563e-05 -0.00166034 -0.00393372 -0.00553565 0.00361126 0.00227631 0.00305716 0.00464956 0.00499162 0.00060938 0.000755229 0.00784252 0.000425422 0.00709981
internal_weight=39306.6 26570.2 17939.5 13126.7 12736.4 9704.31 8630.69 5208.69 3461.98 3422 6242.32 3032.11 4812.83 2864.03
internal_count=167682 113961 77460 57076 53721 41114 36501 21925 14581 14576 26533 12607 20384 11916
is_linear=0
shrinkage=0.03


Tree=16
num_leaves=15
num_cat=0
split_feature=3 3 3 3 11 3 11 3 3 11 11 12 8 8
split_gain=1268.7 334.873 169.941 62.3945 43.5363 38.5501 35.2979 29.4209 27.9058 21.624 19.9165 17.5362 14.487 12.9752
threshold=0.0022791639974936834 0.0042289316830057579 0.0013394559451828606 0.0087415006360045695 -0.00027443724167957304 0.0028423945426834375 -0.00099090715598797153 0.00073023645112328358 0.0016900752871000736 -0.00044220983145367197 1.0000000180025095e-35 0.26525377008753775 0.19354478967886338 0.41579049977360188
decision_type=8 8 10 8 8 10 10 10 10 10 10 8 10 10
left_child=2 4 7 6 11 -6 -3 -1 13 -5 -10 -2 -9 -4
right_child=1 3 8 9 5 -7 -8 12 10 -11 -12 -13 -14 -15
leaf_value=-0.029137394063189354 -9.6855977365382339e-06 0.0062009772234350394 -0.012578093046773205 0.010780550119328422 -0.0057414202836372852 -0.0010329515546844711 0.0030922225689537161 -0.018307003616393452 -0.0048579664833555422 0.0063382047762482862 -0.0094492764181581933 0.0035471756760653132 -0.0044369019796862506 0
leaf_weight=278.98540590703487 4484.7638909965754 5455.1999060958624 1585.728863298893 2012.4139695614576 2221.3642853051424 5410.2594401091337 8709.5606165081263 1369.3493121415377 1854.2322225570679 2278.3103729337454 1787.0658031702042 1700.6548490673304 91.397393882274628 79.646285876631737
leaf_count=1311 19126 22785 7047 8327 9630 23150 36713 6236 8093 9503 7851 7232 409 348
internal_value=0.000107536 0.00262784 -0.0114143 0.0052714 -0.000900092 -0.00241703 0.00429724 -0.0195698 -0.00869756 0.0084559 -0.00714742 0.000962721 -0.017516 -0.0119882
internal_weight=39318.9 32272.5 7046.41 18455.5 13817 7631.62 14164.8 1739.73 5306.67 4290.72 3641.3 6185.42 1460.75 1665.38
internal_count=167761 136466 31295 77328 59138 32780 59498 7956 23339 17830 15944 26358 6645 7395
is_linear=0
shrinkage=0.03


Tree=17
num_leaves=15
num_cat=0
split_feature=3 3 3 3 3 8 5 5 5 5 13 14 8 9
split_gain=1253.05 278.557 196.909 48.0624 46.4369 45.5756 45.7957 36.5963 32.6345 19.9823 16.8228 15.6579 10.7124 9.27869
threshold=0.002432075145192157 0.0047878009357598421 0.0015163003913740674 0.0033814671297761859 0.00092217967610447392 0.88399309601769005 0.081654897606575363 -0.036694939712002932 -0.035227352743223479 -0.01487451730120694 0.013793695623539107 0.0031792413796118573 0.14463160020482738 0.00046145036536788365
decision_type=8 8 10 10 10 8 8 10 8 8 10 10 10 8
left_child=2 3 4 9 -1 6 -3 12 -5 -2 -9 -6 -4 -7
right_child=1 5 7 8 11 13 -8 10 -10 -11 -12 -13 -14 -15
leaf_value=-0.025461075251751033 0.000125882744883726 0.0055150084076821797 -0.0045384005289797625 0.0046033560826882897 -0.015765337478772862 0.010378006973793014 -0.00043167194926591599 -0.0099155969074590962 0.00035312159675895136 -0.0031888154044680457 -0.0047232700471320681 -0.0025338603827057028 0.0020034544835023814 0.001908006418234232
leaf_weight=559.49668498337269 2574.7541034817696 12108.624267607927 1391.0181815177202 2147.8696993887424 1811.5253437310457 1894.5066575109959 1267.4689227044582 3196.1661469489336 6757.4079596400261 4323.0803705304861 775.18576210737228 100.05576211214066 248.6172651797533 148.16362239420414
leaf_count=2639 11018 50585 6090 9074 8206 7859 5325 14058 28723 18611 3402 447 1079 614
internal_value=5.72306e-06 0.00273313 -0.0105135 -6.2534e-05 -0.0175794 0.00560055 0.00494714 -0.00736525 0.00138898 -0.00194446 -0.00893156 -0.0151208 -0.00350396 0.00980516
internal_weight=39303.9 31221.9 8082.07 15803.1 2471.08 15418.8 13376.1 5610.99 8905.28 6897.83 3971.35 1911.58 1639.64 2042.67
internal_count=167730 131809 35921 67426 11292 64383 55910 24629 37797 29629 17460 8653 7169 8473
is_linear=0
shrinkage=0.03


Tree=18
num_leaves=15
num_cat=0
split_feature=3 3 3 5 5 6 3 3 3 9 9 9 0 1
split_gain=1188.65 278.884 170.69 60.0723 53.1837 38.726 38.1758 26.1282 22.116 18.5319 18.1636 20.3848 9.035 6.24374
threshold=0.0022569594480945517 0.0042289316830057579 0.0013755129483446779 -0.010173157647280389 -0.051434782137590965 -4.3593037500115149e-05 0.0067556695741575945 0.00092217967610447392 0.0058422114134424096 7.5481566254151944e-05 0.00011120079531200978 -4.0763789943931701e-05 0.82761202129756406 0.71159507294814051
decision_type=8 8 10 8 10 10 8 10 8 10 10 10 10 10
left_child=2 4 7 6 9 -6 -3 -1 -5 -2 11 -4 -9 -12
right_child=1 3 10 8 5 -7 -8 12 -10 -11 13 -13 -14 -15
leaf_value=-0.025027829802705129 0.0013134791591086371 0.0047185555978577504 -0.0055493593360826958 0.001614542240521802 0.00058656127041735689 -0.0030564328475801619 0.0088828086293850309 -0.017246220443562936 0.0044381525898116022 0.0070001626302356882 0.0013327115462383138 -0.010308843343857892 -0.0065410557713499635 -0.0054016740949722865
leaf_weight=559.51835465431213 1760.6241191774607 4472.5794743895531 1215.7763431072235 4617.4725017249584 4036.0753734409809 7364.2110113799572 3776.4338511228561 1204.8388651162386 5705.209754884243 746.12228783965111 188.8473179936409 3290.4233145713806 112.64095440506935 282.96504333615303
leaf_count=2666 7513 18714 5363 19482 17245 31648 15629 5513 23830 3169 829 14568 508 1241
internal_value=-7.51293e-05 0.00232003 -0.0114189 0.00472517 -0.000888613 -0.00176205 0.00664068 -0.0191454 0.00318371 0.00305103 -0.00846095 -0.00905315 -0.0164323 -0.00260993
internal_weight=39333.7 32478.7 6855.01 18571.7 13907 11400.3 8249.01 1877 10322.7 2506.75 4978.01 4506.2 1317.48 471.812
internal_count=167918 137230 30688 77655 59575 48893 34343 8687 43312 10682 22001 19931 6021 2070
is_linear=0
shrinkage=0.03


Tree=19
num_leaves=15
num_cat=0
split_feature=3 3 3 5 11 3 3 6 11 14 11 8 3 8
split_gain=1108.18 246.382 191.788 47.2957 46.6342 35.7224 34.0496 33.0259 23.4215 21.9858 21.8942 19.8284 18.1439 12.0227
threshold=0.002432075145192157 0.0047878009357598421 0.0013755129483446779 -0.0096229205397235871 0.00058280917144982872 0.00083577473917845115 0.0035103597498010899 -2.2584860515880336e-05 0.00031974909358336662 0.016145975834879589 0.0010628691230530789 0.53292616093930067 0.0059289134295225894 0.18472701159656882
decision_type=8 8 10 10 8 10 10 10 10 10 8 10 8 10
left_child=2 4 5 12 6 -1 -2 8 -4 -6 -5 -9 -3 -7
right_child=1 3 7 10 9 13 -8 11 -10 -11 -12 -13 -14 -15
leaf_value=-0.026540279736723515 -0.00043585304772330072 0.0047255603799034483 -0.0016533947656233309 0.0052289430324029022 -0.0022737935064632482 -0.016574185187538427 0.0031493442242691541 -0.0094396098834139425 -0.0079295280313480144 0.0089183765237779 0.0021150389828114508 0.00019959822336455504 0.008161874066805774 -0.0046315613439564043
leaf_weight=408.99065911769867 4806.6284056603909 2144.5142347514629 1319.3818713277578 4410.8289640545845 6244.3342746049166 1347.2228967994452 4667.7906122356653 3738.5512759685516 936.50162647664547 150.38253489136696 3965.9324105232954 189.18068824708462 4909.0765112191439 105.44308160245419
leaf_count=1974 20580 8947 5783 18405 26748 6226 19750 16584 4133 639 16627 828 20319 476
internal_value=6.04633e-05 0.00261511 -0.00986163 0.00531307 -6.17679e-06 -0.0183098 0.00132561 -0.00728305 -0.00430883 -0.00198771 0.00376612 -0.00896077 0.00713379 -0.0157859
internal_weight=39344.8 31299.5 8045.27 15430.4 15869.1 1861.66 9474.42 6183.62 2255.88 6394.72 8376.76 3927.73 7053.59 1452.67
internal_count=168019 132015 36004 64298 67717 8676 40330 27328 9916 27387 35032 17412 29266 6702
is_linear=0
shrinkage=0.03


Tree=20
num_leaves=15
num_cat=0
split_feature=3 3 3 3 11 3 11 3 14 3 12 9 14 8
split_gain=977.702 221.021 142.655 39.1555 38.8329 32.9512 32.4546 28.3306 25.02 22.2433 21.8362 16.549 10.695 10.2667
threshold=0.0027761515879522569 0.0014481319848859576 0.0049362117712414685 0.0020514247007591612 -0.0011679835752441115 0.00092217967610447392 2.2707028070425529e-05 0.0033197455194125675 0.018378582738329204 0.018000175796742023 0.044204251897799328 0.00011120079531200978 0.0012036647687624516 0.18472701159656882
decision_type=8 10 8 10 10 10 8 10 10 10 10 10 10 10
left_child=1 5 7 11 10 -1 -5 12 -9 -6 -4 -3 -2 -7
right_child=2 3 4 6 9 13 -8 8 -10 -11 -12 -13 -14 -15
leaf_value=-0.023300786368647027 -0.0024326819792867957 -0.0088843630536216828 0.0053677552779297999 -0.0015842308681671528 0.0033743877076566767 -0.014838191049136818 -0.0064440409633150248 0.0013046477203206845 0.01186144513542968 0.011846047139251631 0.0093330230029077688 -0.0011109979722081112 0.00097887030992989659 -0.0047380005610595521
leaf_weight=533.57070317864418 2850.3519484996796 2994.0709473192692 3558.7320950329304 2600.7344481647015 8685.8207740336657 1447.4108748137951 2438.038267493248 9980.3868962824345 198.15080831944942 286.7099034935236 2115.6564444452524 291.36283175647259 1127.4646583050489 128.35181200504303
leaf_count=2594 12247 13322 14740 11266 36302 6683 10677 42318 835 1184 8721 1284 4839 577
internal_value=-9.45331e-06 -0.0078749 0.00283934 -0.00565325 0.00491459 -0.016546 -0.00395567 0.000685992 0.00152749 0.00366466 0.00687055 -0.00821867 -0.00145064 -0.0140884
internal_weight=39236.8 10433.5 28803.3 8324.21 14646.9 2109.33 5038.77 14156.4 10178.5 8972.53 5674.39 3285.43 3977.82 1575.76
internal_count=167589 46403 121186 36549 60947 9854 21943 60239 43153 37486 23461 14606 17086 7260
is_linear=0
shrinkage=0.03


Tree=21
num_leaves=15
num_cat=0
split_feature=11 8 9 9 8 14 14 14 8 11 5 12 11 9
split_gain=231.793 149.945 105.754 114.799 58.4567 29.3131 23.0047 17.3438 15.0987 13.6233 10.552 6.48715 5.51032 9.13718
threshold=-0.0016923067700651798 0.57461531721850911 0.0001689442217556825 -7.1350755498151818e-05 0.056107708611053415 0.0029736584521008295 -0.0002491159042987811 -0.003181285969609603 1.3992878466366345 -0.004985803859952692 -0.013334932145681192 2.3997122703535481 -0.0030686011215092152 -8.7803171241691562e-05
decision_type=10 8 10 10 8 10 10 10 8 10 10 10 8 8
left_child=4 2 3 -2 5 7 -4 -1 10 -7 -3 -10 -6 -14
right_child=1 8 6 -5 12 9 -8 -9 11 -11 -12 -13 13 -15
leaf_value=0.0039189730610398182 0.00043822793149079342 0.0058342217313943154 0.00010700724632711744 -0.0042709369743752666 0.0081454052091551338 0.010600808100984216 0.0050214313546328914 0.00012562455828930773 0.0059509117845806796 0.0039692028644748379 0.0014750881759419863 0.011815866746470645 0.0097983583186453289 0.0038735272951902627
leaf_weight=1526.6184628754854 6582.5921131670475 837.45218010246754 1645.7672999054193 15737.867203831673 2068.8629959821701 431.81840448081493 1840.1626006215811 3812.081069663167 803.66554152965546 962.62691836059093 1369.329244107008 277.80622026324272 335.08217822015285 1057.4376735240221
leaf_count=6381 27984 3522 6940 68575 8541 1786 7755 16224 3354 4037 5783 1175 1392 4437
internal_value=1.3629e-05 -0.00134892 -0.00211964 -0.00287988 0.00390567 0.00225804 0.00272535 0.00122686 0.00466962 0.00612639 0.00317526 0.00760691 0.00707763 0.0054017
internal_weight=39289.2 29094.6 25806.4 22320.5 10194.5 6733.14 3485.93 5338.7 3288.25 1394.45 2206.78 1081.47 3461.38 1392.52
internal_count=167886 125088 111254 96559 42798 28428 14695 22605 13834 5823 9305 4529 14370 5829
is_linear=0
shrinkage=0.03


Tree=22
num_leaves=15
num_cat=0
split_feature=3 3 3 5 3 11 6 3 8 11 12 3 6 6
split_gain=905.573 218.286 135.812 50.7532 39.5422 37.4555 35.8434 25.8698 25.567 21.6064 22.3709 19.0537 13.0827 11.5793
threshold=0.0022569594480945517 0.0042289316830057579 0.0015163003913740674 -0.010173157647280389 0.00092217967610447392 0.0010323730011632438 1.8539684674956372e-05 0.0065768298763446975 0.84677133419485417 -0.00015858312151683754 0.47209736483712855 0.0030698266610277923 -1.7433461708097709e-05 -0.0001106209879166838
decision_type=8 8 10 8 10 8 10 8 8 10 10 10 10 10
left_child=2 5 4 7 -1 6 -2 -3 -5 10 -4 -7 -6 -11
right_child=1 3 9 8 12 11 -8 -9 -10 13 -12 -13 -14 -15
leaf_value=-0.023011955016797987 0.0022279784255526841 0.0044000644579992726 -0.0059631471963657191 0.0023147620933280659 -0.0094608831795187226 -0.0053955031750790522 -0.0014656014812965039 0.0078398692885476833 0.0068793167523555892 -0.0028583224601948839 0.0015359806833643108 -0.0013315756004192527 -0.01533801911143128 -0.0095104094605615048
leaf_weight=537.62711147964001 4798.3973231464624 4265.4220395386219 1594.1677559018135 9036.4448515623808 674.70150598883629 1722.4168866574764 4629.0481854528189 3966.7345028221607 1274.8009031713009 309.31753072142601 441.15303789079189 2751.5193774402142 1205.4875083267689 2012.3259767442942
leaf_count=2644 20522 17802 7058 37876 3105 7493 19823 16349 5289 1361 1938 11771 5586 8996
internal_value=9.37023e-05 0.00217896 -0.00987236 0.00430908 -0.0155873 -0.000659203 0.000408374 0.00607234 0.00289102 -0.00665881 -0.00430882 -0.00291807 -0.013322 -0.00866593
internal_weight=39219.6 32444.8 6774.78 18543.4 2417.82 13901.4 9427.45 8232.16 10311.2 4356.96 2035.32 4473.94 1880.19 2321.64
internal_count=167613 136925 30688 77316 11335 59609 40345 34151 43165 19353 8996 19264 8691 10357
is_linear=0
shrinkage=0.03


Tree=23
num_leaves=15
num_cat=0
split_feature=3 3 3 3 3 11 5 6 6 5 2 8 6 8
split_gain=904.888 177.968 135.986 63.3999 40.6561 34.975 31.6918 29.4588 21.3189 19.555 17.6205 17.379 15.4178 12.3144
threshold=0.0023870173253806733 0.0057140673107819685 0.0015163003913740674 0.0032768945309244791 0.00083577473917845115 -0.00056400633330613804 0.024346505676163359 -2.8071082054300271e-05 1.206857598693804e-05 -0.036694939712002932 1.1789313315994685 0.23860554718574226 -2.2584860515880336e-05 1.3200284431862686
decision_type=8 8 10 10 10 10 10 10 10 10 10 8 10 8
left_child=2 3 4 8 -1 11 -5 9 -2 -4 -9 -3 -6 -7
right_child=1 5 7 6 12 13 -8 10 -10 -11 -12 -13 -14 -15
leaf_value=-0.024199012102631538 -9.4554859921778631e-05 0.0057634113433018023 0.0014198280755016734 0.0027777542078733417 -0.0089064410508524743 0.0033367095143434331 -0.00021723306851399897 -0.0085973603129790785 -0.0035628019319835758 -0.0053137175744106934 0.0015616016603009549 0.0095548652049743301 -0.015175578552438651 0.0083214610952134106
leaf_weight=398.3295426517725 3224.8897236287594 3225.1613793969154 530.9863059669733 9232.4895530045033 638.01525574922562 5644.560404509306 4791.1736866384745 3273.0586232542992 3219.8429657816887 1287.5313587933779 147.85561114549637 1856.348061516881 1337.4747037291527 502.4577584862709
leaf_count=1987 13882 13325 2328 38875 2954 23527 20348 14595 13904 5689 660 7619 6257 2075
internal_value=5.34176e-05 0.00228617 -0.00922535 0.0006171 -0.0151947 0.00532012 0.00175082 -0.0064856 -0.00183945 -0.00331777 -0.00813752 0.00717631 -0.0132361 0.00376676
internal_weight=39310.2 31696.9 7613.25 20468.4 2373.82 11228.5 14023.7 5239.43 6444.73 1818.52 3420.91 5081.51 1975.49 6147.02
internal_count=168025 133555 34470 87009 11198 46546 59223 23272 27786 8017 15255 20944 9211 25602
is_linear=0
shrinkage=0.03


Tree=24
num_leaves=15
num_cat=0
split_feature=3 3 3 5 5 3 3 0 8 3 11 11 8 8
split_gain=854.359 221.712 116.774 43.8575 40.895 31.6701 25.1531 22.0178 18.7823 18.6173 18.4975 17.1039 12.5122 5.86902
threshold=0.0022569594480945517 0.0047878009357598421 0.0012124440778360347 0.0084111119207923874 -0.01487451730120694 0.0016900752871000736 0.0030910349131228459 -0.27321466176432624 0.84677133419485417 0.00073023645112328358 1.0000000180025095e-35 -0.0041796686811824118 0.41579049977360188 0.1765133608843942
decision_type=8 8 10 8 10 10 10 10 8 10 10 10 10 10
left_child=2 4 9 11 7 12 -6 -2 -5 -1 -7 -3 -4 -11
right_child=1 3 5 8 6 10 -8 -9 -10 13 -12 -13 -14 -15
leaf_value=-0.025914836054157276 -0.00093102940876527976 0.0085113022847997013 -0.011343221768417878 0.0019865709148073648 -0.0034510689392036713 -0.0037287086537322349 -0.0003913715455992864 0.0028098361474314885 0.0067300842254184061 -0.016367079387611522 -0.0082546223216399851 0.0052383713439143036 0 -0.0047028549833844002
leaf_weight=260.02487307786942 2082.8148655444384 1935.6923105418682 1930.3320870697498 5445.7456882894039 3730.7907194495201 1757.4737519770861 6999.467720001936 4258.4198838174343 884.6439832597971 907.66201834380627 1684.0505142658949 7292.8102000802755 95.129741474986076 66.260721907019615
leaf_count=1319 8875 7930 8854 22747 16205 7775 29834 18104 3655 4348 7538 30257 423 307
internal_value=2.00348e-05 0.00202591 -0.00972716 0.00461526 -0.000331818 -0.00780038 -0.001463 0.00157215 0.00266849 -0.0180842 -0.00597827 0.00593984 -0.0108223 -0.0156903
internal_weight=39331.3 32630.4 6700.93 15558.9 17071.5 5466.99 10730.3 6341.23 6330.39 1233.95 3441.52 9228.5 2025.46 973.923
internal_count=168171 137607 30564 64589 73018 24590 46039 26979 26402 5974 15313 38187 9277 4655
is_linear=0
shrinkage=0.03


Tree=25
num_leaves=15
num_cat=0
split_feature=3 3 3 3 3 8 3 13 6 0 13 6 14 6
split_gain=790.023 173.845 162.062 41.9395 29.2174 26.3781 24.288 28.4242 23.2781 20.8428 13.3373 12.6717 11.1504 5.99723
threshold=0.0025203210977352447 0.0013394559451828606 0.0057140673107819685 0.0036850603537769422 0.00073023645112328358 1.3200284431862686 0.0017719570554298764 0.017462928694119074 -6.5410114308687514e-05 -0.69892706370890589 0.073484840998674042 -2.6213172019192339e-05 0.004581062842274432 -0.00082165338257017171
decision_type=8 10 8 10 10 8 10 10 10 10 8 10 10 8
left_child=1 4 3 9 -1 10 12 -8 -5 -2 -4 -6 -3 -7
right_child=2 6 5 8 11 13 7 -9 -10 -11 -12 -13 -14 -15
leaf_value=-0.026370935448809994 -0.0048143139956761932 -0.0090410474762865328 0.0048917403237537307 0.0037460677247799987 -0.0094730287766176448 0.01606978108282215 -0.0056353092793710721 0.00052235786971037879 0.00086461309877598628 -0.00030787769599574625 -0.0033308666586071229 -0.016636350531485225 0.0018048435076178572 0.0085697594490654564
leaf_weight=259.08033774793148 1052.6844371110201 1967.2654255181551 9974.0550493001938 4016.8346154391766 413.48757654428482 146.42123576998711 3994.1182878762484 788.43916146457195 6984.0371897518635 7391.8229125440121 165.47634661197662 993.37187343835831 76.442660287022591 905.17893245816231
leaf_count=1330 4528 8946 41312 16850 1955 594 17692 3480 29458 31713 686 4774 344 3716
internal_value=0.00011652 -0.00797299 0.0023627 0.000702992 -0.0166593 0.00523799 -0.00582305 -0.00460868 0.00192464 -0.000881773 0.00474849 -0.0146551 -0.00859934 0.00981209
internal_weight=39128.7 8492.21 30636.5 19445.4 1665.94 11191.1 6826.27 4782.56 11000.9 8444.51 10139.5 1406.86 2043.71 1051.6
internal_count=167378 38521 128857 82549 8059 46308 30462 21172 46308 36241 41998 6729 9290 4310
is_linear=0
shrinkage=0.03


Tree=26
num_leaves=15
num_cat=0
split_feature=3 3 3 11 5 3 3 5 3 12 8 12 9 6
split_gain=778.641 179.709 120.054 42.237 39.756 29.8238 26.7376 24.8236 22.1588 20.1527 19.9194 15.757 13.4668 11.891
threshold=0.0022569594480945517 0.0048484322137185435 0.0015163003913740674 -0.00027443724167957304 -0.0096229205397235871 0.00092217967610447392 0.0031944220093874228 -0.034444181845167794 0.0088677349443059984 0.26525377008753775 -0.61411958482113171 0.39143239412345493 0.00016218646813557892 -2.2584860515880336e-05
decision_type=8 8 10 8 8 10 10 10 8 10 8 10 10 10
left_child=2 3 5 9 8 -1 -5 11 -3 -2 -6 -4 -9 -7
right_child=1 4 7 6 10 13 -8 12 -10 -11 -12 -13 -14 -15
leaf_value=-0.021599772765030879 0.00046899388878922816 0.0047740721223249174 -0.0050139967731346836 -0.0035257553253278504 -0.0080859876501722591 -0.0088606665756601494 -0.00025764636416164576 -0.0083380751066155136 0.008536950387644994 0.0038780187958330249 0.0030373184950533453 0.0019250401699904204 0.0012077671006331383 -0.014689949799133867
leaf_weight=507.72454334795475 5604.9276485443115 4841.0842738896608 941.31608386337757 3713.4570764154196 135.33982844650745 600.51068124175072 5821.7531556040049 2826.9655569791794 2127.2677882760763 2183.332838922739 8134.7383362799883 405.20408661663532 125.64587838947773 1224.5077875256538
leaf_count=2596 23860 20015 4197 16184 566 2803 24787 12708 8710 9248 33852 1796 557 5798
internal_value=-1.81612e-05 0.00188926 -0.0093812 -0.000197962 0.00426458 -0.0148745 -0.00153905 -0.00635896 0.00594197 0.00143611 0.00283849 -0.00288283 -0.0079089 -0.0128633
internal_weight=39193.8 32561.9 6631.87 17323.5 15238.4 2332.74 9535.21 4299.13 6968.35 7788.26 8270.08 1346.52 2952.61 1825.02
internal_count=167677 137222 30455 74079 63143 11197 40971 19258 28725 33108 34418 5993 13265 8601
is_linear=0
shrinkage=0.03


Tree=27
num_leaves=15
num_cat=0
split_feature=3 3 3 11 3 9 6 3 3 12 11 11 11 14
split_gain=723.146 182.192 111.856 38.8891 30.358 26.2124 23.288 22.9295 21.1276 20.6497 17.5766 17.0894 12.1945 11.6912
threshold=0.0022791639974936834 0.0047878009357598421 0.0012573079232550345 -0.00051437841322736217 0.0087415006360045695 0.00012813847556231609 -2.2584860515880336e-05 0.0028423945426834375 0.00055309223146937376 0.26525377008753775 0.00068341578049972327 -0.0026921923033424275 0.00018122047846554684 0.0025252271644077284
decision_type=8 8 10 8 8 8 10 10 10 10 8 10 10 8
left_child=2 3 8 9 5 -3 12 -5 -1 -2 -6 -8 -4 -10
right_child=1 4 6 7 10 -7 11 -9 13 -11 -12 -13 -14 -15
leaf_value=-0.028887143982732524 0.00044892215659465465 0.0024114453357479927 -0.0019859579018956497 -0.0040106805373693703 0.0081681277040859673 0.005585778001130433 0 -0.00063390256372754814 -0.015731231581854282 0.0041403636643931787 0.0041957122089726871 -0.0089054709327046379 -0.006855208342466914 -0.0010753635929866649
leaf_weight=127.84003227949142 4990.863144338131 7723.7418537735939 1098.279952287674 2390.1674769371748 2365.8231839984655 3455.5424337089062 201.10404954850674 7637.7485153675079 1155.8267212957144 1892.8847548663616 1959.4136674553156 3296.8090710788965 872.63541629910469 61.9546989351511
leaf_count=672 21230 32107 4902 10460 9687 14325 888 32640 5672 8006 8094 15014 3936 296
internal_value=2.719e-05 0.00189679 -0.00884743 -0.000253557 0.00424482 0.00340212 -0.00689924 -0.00144793 -0.0166116 0.00147723 0.00639622 -0.00838906 -0.00419586 -0.0150493
internal_weight=39230.6 32416.2 6814.45 16911.7 15504.5 11179.3 5468.83 10027.9 1345.62 6883.75 4325.24 3497.91 1970.92 1217.78
internal_count=167929 136549 31380 72336 64213 46432 24740 43100 6640 29236 17781 15902 8838 5968
is_linear=0
shrinkage=0.03


Tree=28
num_leaves=15
num_cat=0
split_feature=6 9 14 14 9 9 5 8 5 2 5 9 8 14
split_gain=144.89 187.543 70.6042 84.2129 40.897 42.7047 35.4048 31.9367 22.3874 22.2156 18.797 15.863 9.6833 7.89398
threshold=-8.2360292628573043e-05 0.00010195679667911684 -0.0029990541971544075 0.004581062842274432 -0.00028234078011366346 8.1227803031675986e-05 -0.010173157647280389 -0.13074345701430914 -0.0096229205397235871 0.018865674296149375 -0.053418998089100826 0.00033981962161303562 0.53292616093930067 -0.00086615000659283098
decision_type=8 8 10 10 10 10 10 8 8 10 10 10 8 10
left_child=4 2 9 -4 12 6 -6 10 -9 -2 -3 -7 13 -1
right_child=1 7 3 -5 5 11 -8 8 -10 -11 -12 -13 -14 -15
leaf_value=0.0028984717928255796 -0.003908990550258451 0.0044434766265339367 -0.0050257681725562357 0.0010271052781859779 0.0029608519822824663 0.0053514253122132361 -0.0007686516716418298 0.0068183198178628276 0.002431264450157115 0.0019869035910722171 -0.00067144860490932884 0.015949508048265958 0.010373504321746389 0.0075546672896891869
leaf_weight=749.44532342255116 710.09416891634464 795.82370740175247 11850.553645446897 2482.9899650216103 4541.3646421581507 1430.447164773941 4568.0873377174139 1652.1422351151705 3072.9705504328012 2787.4613886624575 3224.4053906053305 142.13144761323929 496.77772708237171 707.49662786722183
leaf_count=3091 3036 3373 52533 10504 19063 5974 19401 6871 12879 11895 13722 587 2024 2928
internal_value=-1.57146e-05 -0.00127459 -0.00304042 -0.00397306 0.00262622 0.00188475 0.00108526 0.00231829 0.00398904 0.000765047 0.000334701 0.00644193 0.00661945 0.00523653
internal_weight=39212.2 26576.4 17831.1 14333.5 12635.8 10682 9109.45 8745.34 4725.11 3497.56 4020.23 1572.58 1953.72 1456.94
internal_count=167881 114813 77968 63037 53068 45025 38464 36845 19750 14931 17095 6561 8043 6019
is_linear=0
shrinkage=0.03


Tree=29
num_leaves=15
num_cat=0
split_feature=3 3 3 8 5 12 12 9 3 10 14 14 12 8
split_gain=633.89 150.858 111.349 46.361 37.2205 27.999 25.8181 23.9785 16.6527 16.4294 15.6902 11.003 9.19134 5.09344
threshold=0.0022569594480945517 0.0039389301378917252 0.0012124440778360347 1.3200284431862686 0.047602171050727997 0.72878320290450238 0.48606300744064007 0.00019964632091076467 0.00073023645112328358 -2.9151416718914631 -0.0027386006221151163 -0.0022121474546391308 1.4920590491510284 1.9169727040637714
decision_type=8 8 10 8 8 10 10 10 10 10 10 10 10 10
left_child=2 5 8 4 -3 7 9 -2 -1 -4 -7 -8 -10 -5
right_child=1 3 6 13 -6 10 11 -9 12 -11 -12 -13 -14 -15
leaf_value=-0.024423477958179427 -0.0022060707666729114 0.0034860102748161077 0.0030055147621152753 0.010352363533386203 0.00018433112073492865 0.005638978318734807 0.0018948949356311943 0.0037524793953095524 -0.01556701704747826 -0.0083919525751611872 0.00032425153926511418 -0.0045275783617637075 -0.0039469841145258443 0.0062718532831011658
leaf_weight=250.01732985675335 8670.4066260159016 15228.099756807089 104.87608024477959 715.21930362284184 3899.3727727383375 663.83832770586014 271.38473381102085 637.65150782465935 846.36444856226444 3648.9678487181664 2052.2796794474125 1343.9633475095034 90.065209075808525 771.75016292929649
leaf_count=1331 37353 63264 479 2939 16368 2833 1215 2715 4165 16634 8824 6095 433 3166
internal_value=-4.57454e-05 0.00166319 -0.00855273 0.00322101 0.00281651 -0.00100305 -0.00667342 -0.00178785 -0.0168804 -0.00805045 0.00166114 -0.00340664 -0.0145663 0.00833067
internal_weight=39194.3 32638.6 6555.64 20614.4 19127.5 12024.2 5369.19 9308.06 1186.45 3753.84 2716.12 1615.35 936.43 1486.97
internal_count=167814 137462 30352 85737 79632 51725 24423 40068 5929 17113 11657 7310 4598 6105
is_linear=0
shrinkage=0.03


Tree=30
num_leaves=15
num_cat=0
split_feature=11 6 6 8 6 12 12 14 14 12 6 14 11 2
split_gain=147.948 115.828 93.5851 66.3333 29.1918 25.6357 20.5045 18.9758 18.0698 17.4767 12.7426 10.8506 6.56385 6.48735
threshold=-0.0021822999675114208 -7.9762887892006093e-05 0.00015418724303464991 0.081096734222883007 -0.00035957584603375867 0.48606300744064007 0.26525377008753775 0.0029736584521008295 0.0013017775288745846 2.3997122703535481 -0.00043097050265659867 -0.0025804233157816665 -0.0039618511445929519 0.40898754671836396
decision_type=10 10 10 8 8 10 8 10 10 10 10 8 8 10
left_child=4 5 3 -3 12 8 7 -6 -2 -4 -7 -8 -1 -14
right_child=1 2 9 -5 6 10 11 -9 -10 -11 -12 -13 13 -15
leaf_value=0.0095771150327914473 -0.00029375931505277975 -0.00482010221124397 0.00018552454606335256 0.0002227875396592275 0.00072902814514174319 0.007968532561327301 0.0082311936291476866 0.005025284281809283 0.0031016700723528797 0.0085804915427009631 0.0029890766707030936 0.0034358410575574825 0.0066026695245830613 -0.00109488207923781
leaf_weight=768.41177304089069 4764.1835386157036 10674.496697828174 7245.765069514513 2978.7266297340393 3997.7244329154491 610.75505237281322 764.05691538751125 1215.0099152177572 1978.378440991044 221.11114014685154 2290.7663362771273 1156.6028342396021 339.0804828107357 116.44395841658115
leaf_count=3135 20168 47642 30586 12866 16832 2512 3148 5035 8310 929 9709 4827 1392 479
internal_value=-3.16378e-05 -0.000994887 -0.00223971 -0.00371614 0.00350396 0.0017245 0.00274904 0.00174961 0.000696748 0.000453287 0.0040816 0.00540731 0.00779729 0.00452484
internal_weight=39121.5 30764.2 21120.1 13653.2 8357.33 9644.08 7133.39 5212.73 6742.56 7466.88 2901.52 1920.66 1223.94 455.524
internal_count=167570 132722 92023 60508 34848 40699 29842 21867 28478 31515 12221 7975 5006 1871
is_linear=0
shrinkage=0.03


Tree=31
num_leaves=15
num_cat=0
split_feature=3 3 3 5 4 3 13 12 3 5 8 9 8 8
split_gain=636.521 131.063 119.287 37.2255 28.6207 25.2206 25.8401 19.6108 18.2873 17.6794 15.1315 10.872 8.67335 7.94105
threshold=0.0024987643290259281 0.003554088008742426 0.0012124440778360347 -0.0096229205397235871 0.54605662258271648 0.0016622155592751536 0.0025739529099482691 0.9462472695405264 0.00055309223146937376 -0.01487451730120694 0.44624392967494125 0.00020891283436181633 0.18472701159656882 0.48010047766038438
decision_type=8 8 10 8 10 10 10 8 10 8 10 10 10 10
left_child=2 9 8 7 -5 10 -7 -3 -1 11 -4 -2 -10 -11
right_child=1 3 5 4 -6 6 -8 -9 12 13 -12 -13 -14 -15
leaf_value=-0.027844333749141123 -0.00010187865898924841 0.0037333742073875557 -0.0095959018978051518 0.0012517497782012926 0.0048330745323381793 -0.0065257905214183582 -0.0021128189685564458 0.0071683748117058856 -0.015297572352536872 -0.0029657787855673465 0.0029362691367499504 0.0072959544592572792 -0.0022251484643305941 0.0011981280348493009
leaf_weight=124.99073842167854 2705.0748626887798 8360.1547087728977 1771.245441749692 10492.101408168674 2505.6384167820215 3206.4491350054741 1997.5126050710678 1902.2073683142662 1000.0119725167751 4413.9795436263084 79.252721190452576 180.48460546135902 63.125174969434738 427.54226821660995
leaf_count=678 11576 34644 8296 43965 10457 14364 8903 7842 5013 19089 356 764 301 1832
internal_value=-6.7704e-05 0.00190203 -0.00747331 0.00302709 0.00194994 -0.00596252 -0.0048507 0.00438228 -0.0162689 -0.00147642 -0.00901403 0.000363715 -0.0146053 -0.002584
internal_weight=39229.8 30987.2 8242.59 23260.1 12997.7 7054.46 5203.96 10262.4 1188.13 7727.08 1850.5 2885.56 1063.14 4841.52
internal_count=168080 130169 37911 96908 54422 31919 23267 42486 5992 33261 8652 12340 5314 20921
is_linear=0
shrinkage=0.03


Tree=32
num_leaves=15
num_cat=0
split_feature=3 3 3 11 8 5 8 3 5 12 8 5 0 3
split_gain=545.276 147.046 99.4293 42.6385 29.2745 31.7465 24.3014 22.9272 19.2385 18.8465 14.925 7.46532 6.01619 4.32833
threshold=0.0022569594480945517 0.0041785226241125061 0.0010557887056074243 -0.00049059874874147851 0.88399309601769005 0.087251316368667411 0.41579049977360188 0.0016622155592751536 -0.051434782137590965 0.7120604401883851 -0.02087419738549778 0.10756469565091656 1.2723660794431073 0.00073023645112328358
decision_type=8 8 10 8 8 8 10 10 10 10 10 10 10 10
left_child=2 3 10 9 5 -3 7 -4 -5 -2 13 -6 -8 -1
right_child=1 4 6 8 11 -7 12 -9 -10 -11 -12 -13 -14 -15
leaf_value=-0.024173747961197662 0.00048692007992574165 0.0033344380256923691 -0.0093677684671124549 0.0015503990958299061 0.0059714923282329479 -0.0012205678262025153 -0.0013506051216252404 -0.0052709045278369962 -0.0026968260222604507 0.0051257412520814708 -0.0034476492687054079 0.012926232236999558 0.0068060116297952479 -0.016313877616894651
leaf_weight=230.45000100135803 4605.1689957231283 15204.616883665323 2150.0176545381546 1088.1910320520401 2144.3512407690287 1488.6777548491955 242.80205292999744 3300.2032014876604 6935.6507448852062 952.24053843319416 73.197248950600624 167.4104750752449 105.99398519098759 463.82088768482208
leaf_count=1259 19660 63092 10183 4671 8789 6249 1085 14908 30010 4025 366 690 470 2351
internal_value=7.73229e-05 0.00166865 -0.00780106 -0.000711426 0.00337211 0.00292415 -0.00642007 -0.00691223 -0.00211214 0.00130032 -0.0179419 0.00655448 0.00108145 -0.0193142
internal_weight=39152.8 32586.3 6566.49 13581.3 19005.1 16693.3 5799.02 5450.22 8023.84 5557.41 767.468 2311.76 348.796 694.271
internal_count=167808 137186 30622 58366 78820 69341 26646 25091 34681 23685 3976 9479 1555 3610
is_linear=0
shrinkage=0.03


Tree=33
num_leaves=15
num_cat=0
split_feature=3 3 3 5 6 3 5 0 9 14 8 14 14 8
split_gain=560.224 149.526 80.6146 33.6894 30.8796 29.6817 24.4427 18.7505 17.72 17.3013 16.3609 12.8718 12.8432 9.74826
threshold=0.0027761515879522569 0.0015163003913740674 0.0057564368727808036 0.02514067513783742 -2.8071082054300271e-05 0.00092217967610447392 -0.0080773034922232301 -0.65192828233964473 9.1177166753897445e-05 -0.00013523564739282155 0.57461531721850911 -0.021107815004521958 0.0031792413796118573 0.49772272306303272
decision_type=8 10 8 10 10 10 8 10 10 10 10 10 10 10
left_child=1 5 3 7 8 -1 13 -2 -3 -5 -6 -8 -7 -4
right_child=2 4 6 9 10 12 11 -9 -10 -11 -12 -13 -14 -15
leaf_value=-0.019659024717703096 -0.0010370502792781656 -0.0023481974393429936 0.0047588479537351023 -0.002816006156087398 -0.0059567875094377436 -0.011501160849026696 -0.0025886395080918613 0.0022609754363529955 0.0059353813017603901 0.00040340011170064005 0.0014767447913707939 0.0030667992374270965 0 0.0078945133502009886
leaf_weight=487.92693243920803 1804.7341205924749 2607.288109973073 4048.6272212713957 2649.9770990163088 4780.2199923098087 1696.241432338953 369.32804097235203 9947.4879458099604 242.1307936757803 3386.1911122649908 264.91982944309711 5374.982628390193 94.924935072660446 1301.1696648597717
leaf_count=2626 7626 11515 16614 11301 21451 8206 1523 41936 1063 14424 1162 22256 445 5297
internal_value=-6.23644e-05 -0.00611428 0.00206868 0.000811937 -0.0041391 -0.0128819 0.0040758 0.00174896 -0.00160502 -0.00100237 -0.00555244 0.00268889 -0.0109036 0.005546
internal_weight=39056.1 10173.7 28882.5 17788.4 7894.56 2279.09 11094.1 11752.2 2849.42 6036.17 5045.14 5744.31 1791.17 5349.8
internal_count=167445 46468 120977 75287 35191 11277 45690 49562 12578 25725 22613 23779 8651 21911
is_linear=0
shrinkage=0.03


Tree=34
num_leaves=15
num_cat=0
split_feature=3 3 3 3 5 11 6 5 3 12 3 6 14 14
split_gain=515.836 152.423 76.4384 51.6414 35.2062 26.1326 24.0988 22.619 19.3719 18.1914 16.7824 15.0107 8.8556 4.8807
threshold=0.0021214777333941038 0.0033814671297761859 0.001163931362229775 0.0060635061206800386 0.024346505676163359 0.0012723802198496142 2.2022430570811661e-05 -0.051434782137590965 0.00073023645112328358 1.7946439124532916 0.0016900752871000736 -7.2413491727330023e-05 0.0012522008911607025 -0.0013923574097878439
decision_type=8 8 10 8 10 8 10 8 10 10 10 10 10 10
left_child=2 5 8 4 -3 6 -2 -5 -1 10 -4 -10 -7 -11
right_child=1 3 9 7 -6 12 -8 -9 11 13 -12 -13 -14 -15
leaf_value=-0.023751778211780941 0.00075951334886974859 0.0025761155981143462 -0.0092699964386511631 0.0070948573300911926 -0.00053484659181751097 -0.0056758581405013274 -0.0028656438363911822 0.0035607429616918065 0 0.0066231672779204515 -0.0053482053758772121 -0.01442394491316331 -0.0013446174425520156 -0.0017494068023588022
leaf_weight=239.42031797766685 3541.2164735943079 9571.1566729098558 1961.5566353797913 2137.2972323894501 4925.5807194262743 1768.230757817626 3046.5293633192778 7846.7584259361029 80.314296543598175 74.442011192440987 2335.3695310503244 705.4745112657547 619.94032672047615 223.65048348903656
leaf_count=1337 15348 40063 9290 8728 20852 7758 13257 32336 392 334 10590 3581 2707 1018
internal_value=2.50638e-05 0.00143998 -0.00837473 0.00266684 0.00151532 -0.00189872 -0.000909663 0.00432964 -0.0158058 -0.00667301 -0.00716981 -0.0130413 -0.00458683 0.00029382
internal_weight=39076.9 33456.7 5620.23 24480.8 14496.7 8975.92 6587.75 9984.06 1025.21 4595.02 4296.93 785.789 2388.17 298.092
internal_count=167591 141049 26542 101979 60915 39070 28605 41064 5310 21232 19880 3973 10465 1352
is_linear=0
shrinkage=0.03


Tree=35
num_leaves=15
num_cat=0
split_feature=3 3 3 5 3 5 5 9 4 3 3 4 3 14
split_gain=510.308 114.079 104.073 34.6776 28.5148 27.0362 24.508 21.8741 20.6992 17.0366 16.7159 11.9675 10.8993 3.56429
threshold=0.002432075145192157 0.0047878009357598421 0.0011136097761142495 -0.01487451730120694 0.0017719570554298764 0.074512621172836677 -0.021696065271564324 0.0001689442217556825 0.73891429890172866 0.014637930235198472 0.0082692392722928821 0.96851974093093041 0.00073023645112328358 0.00015254342448260656
decision_type=8 8 10 10 10 8 8 10 10 8 8 10 10 10
left_child=2 3 12 7 11 9 -6 -2 -5 -3 -7 -4 -1 -14
right_child=1 5 4 8 6 10 -8 -9 -10 -11 -12 -13 13 -15
leaf_value=-0.022885143738320686 0.0010293759899903049 0.0036940743119265253 -0.0085987248209367113 -0.0016865932257925783 -0.00088928640383681857 -0.0016494090692666878 -0.0057419317177472892 0.0064940097101625436 0.0023404729081232425 0.0080020313470987679 0.0050326045540183819 -0.00041742106908376406 -0.016197331806950283 -0.0097311489767884733
leaf_weight=234.78098525106907 5094.8683446645737 12927.368297353387 2482.5942018777132 8645.0476439744234 1504.8859072178602 1321.0646416395903 2639.1496883928776 757.65751414000988 1304.2844644784927 911.8252417743206 441.02813631296158 189.71034264564514 388.09534606337547 260.855662971735
leaf_count=1328 21628 53319 11737 37105 6723 5513 11921 3181 5568 3714 1819 884 1987 1332
internal_value=2.45541e-05 0.00172351 -0.00688976 -6.96625e-05 -0.00560401 0.00354247 -0.00400054 0.00175692 -0.00115083 0.00398782 8.11253e-06 -0.00804401 -0.0165661 -0.0138763
internal_weight=39103.2 31403.1 7700.07 15801.9 6816.34 15601.3 4144.04 5852.53 9949.33 13839.2 1762.09 2672.3 883.732 648.951
internal_count=167759 131847 35912 67482 31265 64365 18644 24809 42673 57033 7332 12621 4647 3319
is_linear=0
shrinkage=0.03


Tree=36
num_leaves=15
num_cat=0
split_feature=3 3 3 6 5 5 12 5 12 3 6 6 0 6
split_gain=472.405 108.863 90.2138 31.7361 39.0882 29.7601 24.7059 22.1045 20.3308 20.0983 18.1615 15.9695 15.0539 14.7204
threshold=0.0023013908290525705 0.0042289316830057579 0.0012573079232550345 -4.3593037500115149e-05 -0.05750870408928218 0.05711093443817241 0.72878320290450238 -0.043208655391531049 2.3997122703535481 0.00055309223146937376 -0.00088379628506232136 -4.7728807274297988e-05 0.024387464989366951 -2.0809158872207389e-05
decision_type=8 8 10 10 10 8 10 10 10 10 8 10 10 10
left_child=2 3 9 6 -5 10 -2 11 -7 -1 -3 -4 -9 -11
right_child=1 5 7 4 -6 8 -8 12 -10 13 -12 -13 -14 -15
leaf_value=-0.026903688792949809 0.00024901234335278013 0.0087506626041103635 0.0024680528210696859 0.0030808181939222788 -0.00244992335869108 -4.4193556828487564e-05 0.0053312519975913259 -0.0086007128163374646 0.01449662087527958 -0.0071002552937022368 0.0033550193350861952 -0.0042224174413804669 -0.0046967548617171152 -0.015196043090503887
leaf_weight=112.83969166874886 3752.4819591194391 593.87179900705814 421.43202613294125 1346.0093029439449 7334.3330666869879 3062.5045145750046 1118.7916855365038 1948.5363642722368 78.841423824429512 350.60486760735512 15000.997571617365 1169.7680429369211 1915.1973784863949 811.53907543420792
leaf_count=652 16039 2411 1894 5745 31671 12794 4755 9010 326 1764 61989 5383 8789 4203
internal_value=4.26591e-05 0.00155174 -0.00718006 -0.000492615 -0.00158284 0.00303307 0.00143708 -0.0054646 0.000346555 -0.0143732 0.00356981 -0.00240862 -0.00669819 -0.0128862
internal_weight=39017.7 32287.8 6729.92 13551.6 8680.34 18736.2 4871.27 5454.93 3141.35 1274.98 15594.9 1591.2 3863.73 1162.14
internal_count=167425 135730 31695 58210 37416 77520 20794 25076 13120 6619 64400 7277 17799 5967
is_linear=0
shrinkage=0.03


Tree=37
num_leaves=15
num_cat=0
split_feature=3 3 3 5 11 0 8 12 12 3 5 5 11 11
split_gain=449.186 120.33 74.2737 32.8477 30.2054 23.0825 23.0221 19.0592 17.0177 16.9298 14.0529 12.4143 11.1654 10.9547
threshold=0.0022569594480945517 0.0042289316830057579 0.0013394559451828606 0.076221408040696992 0.0009486431339477202 -0.83501294728842612 1.0112528315262308 0.67822451865644229 0.48606300744064007 0.00055309223146937376 -0.056461661046723587 -0.081392398100059479 0.00092043403584679182 -1.0000000180025095e-35
decision_type=8 8 10 8 10 10 8 10 10 10 10 10 10 8
left_child=2 4 9 5 7 -3 -5 -2 13 -1 -6 -11 -10 -4
right_child=1 3 8 6 10 -7 -8 -9 12 11 -12 -13 -14 -15
leaf_value=-0.024561981036873976 -0.00032451550012950643 0.00055919430375813426 -0.0049460595271121691 -0.0016583729316999507 0.0024331365884042127 0.0039143624661729381 0.0075063831203330223 0.0031060708005632839 -0.00039667213241594142 -0.0066740447430521958 -0.0031614662614733308 -0.013619954585090048 -0.0057437902212970062 -0.0085744188774589062
leaf_weight=113.39635191857815 7475.2557306438684 2167.6159304231405 1966.9164228737354 1873.0282753258944 427.45102480053902 14488.819760292768 273.0598461329937 1794.7542562484741 902.75211250782013 390.21493178606033 4192.6083120852709 1036.4551977217197 596.82701371610165 1451.7228649109602
leaf_count=665 32094 8966 9025 7851 1832 59817 1121 7636 4100 2004 18167 5293 2739 6749
internal_value=3.71396e-05 0.0014674 -0.00718483 0.00303167 -0.000646429 0.00348193 -0.000435051 0.000335842 -0.00534451 -0.0129508 -0.00262675 -0.0118216 -0.0025885 -0.00652485
internal_weight=39150.9 32692.6 6458.28 18802.5 13890.1 16656.4 2146.09 9270.01 4918.22 1540.07 4620.06 1426.67 1499.58 3418.64
internal_count=168059 137484 30575 77755 59729 68783 8972 39730 22613 7962 19999 7297 6839 15774
is_linear=0
shrinkage=0.03


Tree=38
num_leaves=15
num_cat=0
split_feature=3 3 3 5 14 3 12 5 10 3 3 5 1 5
split_gain=419.645 110.675 83.2196 31.1432 25.2402 22.4308 20.7645 20.1977 16.6906 16.1004 15.4925 12.9265 9.136 7.54592
threshold=0.0022569594480945517 0.0048484322137185435 0.0013394559451828606 0.02908502130587062 -0.0001572172904343428 0.0033403733733262677 0.48606300744064007 0.07988253889748391 -2.3628510343510816 0.00092217967610447392 0.018000175796742023 -0.081392398100059479 0.82485695619689803 -0.047636914263665835
decision_type=8 8 10 10 10 10 10 8 10 10 8 10 10 10
left_child=2 3 9 5 -5 -2 8 10 -4 -1 -3 -11 -9 -8
right_child=1 7 6 4 -6 -7 13 12 -10 11 -12 -13 -14 -15
leaf_value=-0.017932193523262779 -0.0007957323223398156 0.0034425434282450841 0.00055674052834683635 -0.0043527220431977855 -0.00027765471672105285 0.0018362464161252544 0.0015125100624140198 -0.0011136563263259602 -0.006917285037577099 -0.004372758404653572 0.0090522898322150692 -0.012609508801923889 0.0047230177396561509 -0.0032399326802902404
leaf_weight=475.91888915002346 5222.1582407951355 13295.114347890019 276.31696832180023 2427.7444094717503 3198.3196047097445 6513.1281928420067 385.19673962891102 1241.9665890932083 3142.7956802248955 267.89099235832691 467.72691230475903 796.36071330308914 288.99606427550316 1106.6410450041294
leaf_count=2683 22616 54711 1279 10488 13793 27422 1742 5168 14533 1335 1899 3999 1202 5069
internal_value=3.71422e-05 0.00142044 -0.0069471 -0.000215697 -0.00205137 0.000660237 -0.00500096 0.00328061 -0.00629591 -0.0130415 0.00364398 -0.010652 0 -0.00197099
internal_weight=39106.3 32655.2 6451.12 17361.4 5626.06 11735.3 4910.95 15293.8 3419.11 1540.17 13762.8 1064.25 1530.96 1491.84
internal_count=167939 137299 30640 74319 24281 50038 22623 62980 15812 8017 56610 5334 6370 6811
is_linear=0
shrinkage=0.03


Tree=39
num_leaves=14
num_cat=0
split_feature=6 9 8 9 5 14 8 0 6 14 9 2 13
split_gain=110.367 137.662 50.0342 38.01 38.3125 31.3146 29.4077 27.3542 20.1539 15.1378 14.5696 11.3499 1.42263
threshold=-8.2360292628573043e-05 0.00011841065618924507 0.13689878655163149 0.00031182016407328212 -0.010173157647280389 0.004581062842274432 -0.11074187081884772 -1.1747986083978617 -3.5745371359396919e-05 0.0013017775288745846 -0.00028234078011366346 0.4747288887454082 -0.0086971556544395822
decision_type=8 8 10 8 10 10 8 10 8 10 10 10 8
left_child=3 2 5 4 7 -2 9 -1 -8 -3 -6 -4 -5
right_child=1 6 11 12 10 -7 8 -9 -10 -11 -12 -13 -14
leaf_value=-0.0046529813590508945 -0.0037439969021905066 -0.00094588819724092334 -0.00051732427084916655 0.0084789246034512739 0.0038287910568590173 0.00078133343375554954 0.014066436448458914 0.0042731495626939986 0.0035432235182467154 0.0032088616968124748 -0.00013804560538789403 0.002953474696576083 0.018157598014112448
leaf_weight=311.66747425496578 13028.347597450018 2554.9805327057838 2846.3279431462288 85.293595805764198 973.59191246330738 1511.2239251583815 167.07891097664833 5902.4210672974586 3992.9931838065386 1125.5159270018339 5297.1336006373167 1186.3421912044287 118.20594353973866
leaf_count=1290 58237 10877 12170 351 4014 6408 700 24584 16593 4736 22467 5041 485
internal_value=6.23315e-05 -0.00104074 -0.00244918 0.0023623 0.00214019 -0.0032693 0.0022867 0.00380906 0.00401297 0.000313651 0.000473407 0.000493663 0.0149691
internal_weight=39101.1 26412.8 18572.2 12688.3 12484.8 14539.6 7840.57 6214.09 4160.07 3680.5 6270.73 4032.67 203.5
internal_count=167953 114762 81856 53191 52355 64645 32906 25874 17293 15613 26481 17211 836
is_linear=0
shrinkage=0.03


Tree=40
num_leaves=15
num_cat=0
split_feature=3 3 3 11 8 14 3 14 10 6 6 5 5 3
split_gain=380.352 98.8257 64.907 32.4231 21.3602 19.4831 19.0014 18.6328 17.255 17.2596 15.744 15.3309 11.1672 9.57575
threshold=0.0020981096146107455 0.0057140673107819685 0.001163931362229775 0.0008150801822306759 0.49772272306303272 0.0039981292328065011 0.0032154599580003491 -0.022566079753905319 -2.075101331866064 -2.2584860515880336e-05 -6.3119550786853521e-05 -0.044940912972777566 -0.010173157647280389 0.00055309223146937376
decision_type=8 8 10 8 8 8 10 10 10 10 10 10 8 10
left_child=2 3 10 5 7 -2 -5 -3 9 -4 -1 -10 -6 -12
right_child=1 4 8 6 12 -7 -8 -9 11 -11 13 -13 -14 -15
leaf_value=-0.0028184434892601562 0.00037882599394898963 -0.0023433757475965588 0.0067914133334991394 -0.0035933165201233294 0.0078194707476397177 0.0034643121647749799 -0.00049566501487532694 0.0030616690261177624 -0.0035514970588624763 -0.0044391674752167331 -0.025096101247465443 -0.0077821963245468901 0.0038037196173818541 -0.013972903366838126
leaf_weight=112.90450006723404 11940.842000007629 598.42648041248322 173.99304400384426 2654.5652837157249 1300.0294672846794 2183.676703363657 5569.4868977069855 7998.7502488791943 1207.1021450310946 357.26652127504349 110.32690791785717 2678.093130081892 1431.6132939606905 775.79083429276943
leaf_count=571 50927 2451 801 11727 5271 9193 23571 32914 5612 1687 665 12577 5862 4135
internal_value=-3.78544e-05 0.00114786 -0.00741105 -6.85699e-06 0.00342907 0.000862206 -0.00150596 0.00267618 -0.00580207 -0.000592663 -0.0143366 -0.00649564 0.00575831 -0.0156894
internal_weight=39092.9 33677.4 5415.48 22348.6 11328.8 14124.5 8224.05 8597.18 4416.45 531.26 999.022 3885.2 2731.64 886.118
internal_count=167964 141916 26048 95418 46498 60120 35298 35365 20677 2488 5371 18189 11133 4800
is_linear=0
shrinkage=0.03


Tree=41
num_leaves=15
num_cat=0
split_feature=3 3 3 3 5 5 5 13 3 5 3 14 8 14
split_gain=367.133 85.6085 72.9618 30.027 24.1715 17.6906 16.5162 15.4374 19.7665 17.5742 15.3606 11.16 10.9406 9.88625
threshold=0.0023870173253806733 0.0059289134295225894 0.0012124440778360347 0.003554088008742426 0.02908502130587062 -0.0096229205397235871 -0.0020050286682367076 0.0025739529099482691 0.0016900752871000736 -0.043208655391531049 0.00073023645112328358 -0.012976035193356704 0.49772272306303272 0.0020666022076422179
decision_type=8 8 10 10 10 8 8 10 10 10 10 10 10 10
left_child=2 3 10 6 -5 12 -2 9 -9 -4 -1 -7 -3 -12
right_child=1 5 7 4 -6 11 -8 8 -10 -11 13 -13 -14 -15
leaf_value=-0.0205729308603631 0.00036425911812827498 0.0041397443081825705 -0.0025357883117624242 0.0021722858352162316 -0.00062613500698082477 -0.0010656009977393435 -0.0022753504913333921 -0.007106414716026006 -0.0008845088272100279 -0.0071341596462196604 -0.011834522792466766 0.0029925880300076227 0.0075405698269516847 0
leaf_weight=220.78569433093071 4043.2744213938713 3743.0012308955193 1105.9320532083511 8790.7853726297617 4011.5471981614828 667.93204076588154 4423.5412167161703 643.34701144695282 1659.5498726963997 2781.6698059886694 821.81720846891403 4885.7886451333761 1216.9212454408407 68.335672467947006
leaf_count=1322 17352 15287 5105 36689 16977 2748 19230 3059 7507 12954 4300 20145 4928 347
internal_value=7.54553e-05 0.00147094 -0.0059845 0.000372589 0.00129093 0.00368473 -0.0010088 -0.00468441 -0.00267184 -0.00585129 -0.0130691 0.0024927 0.00499971 -0.0109334
internal_weight=39084.2 31782.8 7301.44 21269.1 12802.3 10513.6 8466.82 6190.5 2302.9 3887.6 1110.94 5553.72 4959.92 890.153
internal_count=167950 133356 34594 90248 53666 43108 36582 28625 10566 18059 5969 22893 20215 4647
is_linear=0
shrinkage=0.03


Tree=42
num_leaves=15
num_cat=0
split_feature=3 3 3 11 11 5 3 3 10 5 6 8 0 13
split_gain=361.899 88.013 66.9506 35.0756 29.3873 19.2423 18.7536 17.5421 17.0863 15.7262 15.5692 12.3388 12.2839 6.19493
threshold=0.0022569594480945517 0.0037537681064115781 0.0013394559451828606 8.806346799881925e-05 -0.0013536884449953553 0.01175649046876779 0.0081576120311152942 0.00055309223146937376 -2.9151416718914631 -0.052423070095429049 -1.7433461708097709e-05 0.28978203127513952 -0.38495214873649969 -0.0046192509213527138
decision_type=8 8 10 10 8 10 8 10 10 8 10 10 10 10
left_child=2 4 7 6 12 -5 -3 -1 13 -6 -10 -9 -2 -4
right_child=1 3 8 5 9 -7 -8 11 10 -11 -12 -13 -14 -15
leaf_value=-0.024207567354372274 -0.0018275996177966357 0.0028501020402441342 0.011106176761859288 0.0023562730325849086 0.0012738653606795441 -0.00018205933542787486 0.0057835785349740678 -0.011585125020771917 -0.0028329367208114005 -0.0024488300671208999 -0.0064666793228023997 0.00083531016552892262 0.0027542584418381076 -0.0002392197977057629
leaf_weight=105.1294824630022 668.73228047788143 8543.0897338688374 65.788425654172897 5568.6132937073708 1175.6095963716507 5105.9075326770544 2644.0188218057156 1326.965857937932 1816.9537027478218 6697.6924446970224 2931.7699942737818 65.242973700165749 2184.9239712208509 77.426894664764404
leaf_count=650 2862 35384 306 23062 5054 21380 10744 6965 8322 29164 13687 319 9297 354
internal_value=3.02902e-06 0.00128501 -0.00651814 0.00237752 -0.00093609 0.00113747 0.00355332 -0.0120829 -0.00478144 -0.00188445 -0.00509782 -0.0109585 0.00165695 0.0049656
internal_weight=38977.9 32588.6 6389.28 21861.6 10727 10674.5 11187.1 1497.34 4891.94 7873.3 4748.72 1392.21 2853.66 143.215
internal_count=167550 136947 30603 90570 46377 44442 46128 7934 22669 34218 22009 7284 12159 660
is_linear=0
shrinkage=0.03


Tree=43
num_leaves=15
num_cat=0
split_feature=3 3 3 11 12 11 12 8 3 11 11 3 6 8
split_gain=329.929 84.4161 57.0499 24.0624 22.2059 21.9116 19.4211 15.6578 13.9365 13.6422 13.2962 11.7426 10.4796 8.42861
threshold=0.0025203210977352447 0.0012124440778360347 0.0057140673107819685 -0.00044220983145367197 0.66297791268624795 0.00043748453234265826 0.47209736483712855 0.31212932928705411 0.00055309223146937376 -0.0011679835752441115 -9.0141786035156875e-05 0.0031543108348377285 -0.00062198642529885564 0.18472701159656882
decision_type=8 10 8 10 10 8 10 10 10 10 8 10 10 10
left_child=1 8 5 7 10 6 -2 -4 -1 -6 -3 -7 -5 -10
right_child=2 4 3 12 9 11 -8 -9 13 -11 -12 -13 -14 -15
leaf_value=-0.02409055386642564 0.00055799307586771349 -0.0036929172007655639 0.0033825861942263745 0.0049996548271986612 0.0047896660345467575 -0.0028243256164398028 0.0035189017859317165 0.0069666197579201323 -0.012445189099186214 -0.0023704747174362775 -0.0068055924098016224 -0.00014065665830034191 0.0012584363792466219 -7.6962660777556071e-05
leaf_weight=105.54506412148476 8426.125513151288 2854.2975167483091 3559.1894825547934 785.32365125417709 270.78610591590405 1902.3404660671949 2633.7313026189804 1699.1729007065296 915.93274086713791 1505.306218996644 2459.4561070799828 6549.7954357713461 5263.4313569813967 62.873725607991219
leaf_count=662 35629 13102 14542 3200 1201 8330 11044 6887 4927 6906 11472 27741 21716 315
internal_value=-4.2662e-05 -0.00539862 0.00137725 0.00307259 -0.0041819 0.000390666 0.00127105 0.00456313 -0.0131882 -0.00122453 -0.00515496 -0.00075439 0.00176152 -0.0117202
internal_weight=38993.3 8174.2 30819.1 11307.1 7089.85 19512 11059.9 5258.36 1084.35 1776.09 5313.75 8452.14 6048.76 978.806
internal_count=167674 38585 129089 46345 32681 82744 46673 21429 5904 8107 24574 36071 24916 5242
is_linear=0
shrinkage=0.03


Tree=44
num_leaves=15
num_cat=0
split_feature=11 8 9 9 14 12 14 12 8 7 4 7 9 9
split_gain=77.0667 56.0072 37.6893 56.3851 21.9859 21.6874 13.7502 15.5112 9.48179 11.6931 8.89266 7.27687 6.91896 6.11822
threshold=-0.0030686011215092152 0.57461531721850911 0.00010882473944757056 -4.9415391048579498e-05 -5.7691625692695789e-05 0.25334021692567105 0.0058463515730433346 -0.38048791477942751 -0.26518821131942194 1.1714351688163049 0.59143111235529833 0.025080941995265785 0.00013561151441841891 -1.7583189350840462e-05
decision_type=10 8 10 10 10 10 10 10 10 10 10 10 8 8
left_child=5 2 3 -2 -4 6 7 -1 -7 -10 -8 13 -13 -3
right_child=1 11 4 -5 -6 8 10 -9 9 -11 -12 12 -14 -15
leaf_value=0.0024430486178565374 0.00029144530522140228 0.0039123120237290893 -0.00069294187768817179 -0.0027519377556793363 0.0027386217268046127 -0.0013333426695139984 0.0072077661608232063 -0.0020784397115612631 0.0082157560144718086 0.0019378496641703088 -0.0021472833643529643 0.0024432162766159114 0.0055657084353401449 -0.0047173079721474984
leaf_weight=2553.4197876006365 9154.7770497351885 102.03884398937225 3282.8041900098324 13507.140001505613 3381.2331858575344 126.32532335817814 605.42162668704987 908.68856485188007 1192.128462806344 387.5963140130043 91.782330319285393 2640.0791567713022 922.66157521307468 189.70835226774216
leaf_count=10639 39165 423 13888 60334 14280 528 2471 3768 4887 1571 375 11036 3801 794
internal_value=7.15811e-05 -0.000487485 -0.000936111 -0.00152026 0.00104069 0.00323988 0.0020412 0.00123646 0.00609837 0.00673505 0.00587845 0.00290385 0.00328197 -0.00147062
internal_weight=39045.8 33180.4 29326 22661.9 6664.04 5865.36 4159.31 3462.11 1706.05 1579.72 697.204 3854.49 3562.74 291.747
internal_count=167960 143721 127667 99499 28168 24239 17253 14407 6986 6458 2846 16054 14837 1217
is_linear=0
shrinkage=0.03


Tree=45
num_leaves=15
num_cat=0
split_feature=3 3 3 6 4 9 6 6 3 10 3 0 6 2
split_gain=323.974 86.0211 50.7717 32.2816 25.6088 22.8449 20.8826 17.0499 16.7402 15.3347 14.4625 13.5883 9.48939 6.67939
threshold=0.0020981096146107455 0.0057140673107819685 0.0012573079232550345 -7.9762887892006093e-05 -3.073193121660406 8.1227803031675986e-05 -2.8071082054300271e-05 4.999590443416728e-05 0.018000175796742023 -1.6192993386108472 0.00055309223146937376 0.69105719061720106 -2.6213172019192339e-05 0.025276534200771261
decision_type=8 8 10 10 10 10 10 10 8 10 10 10 10 8
left_child=2 3 10 5 -5 -2 9 -8 11 -4 -1 -3 -12 -10
right_child=1 8 6 4 -6 -7 7 -9 13 -11 12 -13 -14 -15
leaf_value=-0.023207998049373926 0.0011155139347159178 0.0025166148785355719 0.003598513345453577 -0.0067622033490305411 -0.00045981370810126756 0.0065229418899397885 -0.0088371978058454214 -0.0039252090850655855 0.0037205202615737776 -0.0038089244238762535 -0.0057849447533596205 0.0054717556750015148 -0.012702903120818095 0.011667707927674981
leaf_weight=106.18643571436405 6030.9609657227993 9164.8565272837877 312.96477437019348 596.16594867408276 14923.958596721292 796.39258173108101 1523.934283465147 1235.8446353077888 198.29909852147102 1054.3488020598888 310.16005003452301 1714.5526578277349 808.34298269450665 290.60777941346169
leaf_count=677 25483 37603 1443 2562 64058 3342 7253 5813 801 4881 1612 6988 4377 1179
internal_value=3.68411e-05 0.00112736 -0.00681147 4.35189e-05 -0.000709966 0.00176367 -0.00517216 -0.00668136 0.00325077 -0.00205605 -0.0122006 0.00299244 -0.010906 0.0087038
internal_weight=39067.6 33715.8 5351.78 22347.5 15520.1 6827.35 4127.09 2759.78 11368.3 1367.31 1224.69 10879.4 1118.5 488.907
internal_count=168072 142016 26056 95445 66620 28825 19390 13066 46571 6324 6666 44591 5989 1980
is_linear=0
shrinkage=0.03


Tree=46
num_leaves=14
num_cat=0
split_feature=3 3 3 9 5 11 0 10 9 4 3 4 9
split_gain=283.056 87.0924 57.3322 24.8839 22.1893 22.1435 21.8793 16.5517 17.1693 11.6308 9.81398 8.88931 6.56588
threshold=0.0021214777333941038 0.0057140673107819685 0.001163931362229775 0.0001689442217556825 -0.01487451730120694 0.0014660268721667557 -0.28647831225067394 -2.9151416718914631 -0.00016955465337271212 -3.3823599208713682 0.00055309223146937376 1.6688036966908981 4.7651434919497865e-05
decision_type=8 8 10 10 10 10 10 10 10 8 10 10 10
left_child=2 3 10 6 -5 9 -2 -4 -9 -3 -1 -7 -12
right_child=1 5 7 4 -6 11 -8 8 -10 -11 12 -13 -14
leaf_value=-0.022673018026781948 -0.0019180378756916883 -0.0042889519856124537 0.0054635754138740739 0.005734671806252041 0.00045154057178251522 0.0011460703175244997 0.00024086239660622768 0.0056094772914326982 -0.0055203426326793249 0.0043550235309286018 -0.012564772544041274 0.0096462735499533141 -0.0029467220736881681
leaf_weight=100.99931867420673 6265.0583221316338 128.3808953166008 121.81178310513496 1142.3704102784395 1966.394379362464 4039.423317193985 12813.188881829381 115.48403066396713 4245.1359801590443 7042.4117139726877 751.01064927875996 106.57008048892021 96.018951117992401
leaf_count=653 26872 525 571 4760 8306 16632 54778 538 20091 28746 4101 435 521
internal_value=1.08475e-06 0.00103298 -0.00634446 -5.70476e-05 0.00242432 0.00317348 -0.000465584 -0.00488505 -0.0051997 0.00418615 -0.0130591 0.00140168 -0.0115916
internal_weight=38934.3 33503.8 5430.46 22187 3108.76 11316.8 19078.2 4482.43 4360.62 7170.79 948.029 4145.99 847.03
internal_count=167529 141054 26475 94716 13066 46338 81650 21200 20629 29271 5275 17067 4622
is_linear=0
shrinkage=0.03


Tree=47
num_leaves=15
num_cat=0
split_feature=3 3 8 11 11 12 7 0 3 12 12 9 3 9
split_gain=277.487 95.9349 29.5685 27.3966 26.8803 25.8491 17.3843 13.1042 13.0726 12.4 8.45636 4.66577 11.3134 7.56063
threshold=0.0032354133623741389 0.0013394559451828606 1.3200284431862686 -0.0013536884449953553 0.00015760380388152136 0.37847521675318957 -1.0843913854554994 1.0165156102533894 0.00055309223146937376 0.72878320290450238 -1.4377954910885997 0.00013561151441841891 0.0057996626905976066 0.00039312585126101814
decision_type=8 10 10 8 10 10 10 10 10 10 10 10 10 10
left_child=1 8 4 5 7 -3 -6 -2 -1 -5 -10 12 -4 -13
right_child=2 3 11 9 6 -7 -8 -9 10 -11 -12 13 -14 -15
leaf_value=-0.021798625348719201 0.002204199619770991 -0.001619916317619304 0.00064794706641865558 -0.0041459777563879899 0.0044332327713125967 0.0053094800243339317 9.4409458291969719e-05 0.0065168728331752995 -0.00030543887487243226 -0.0015409768089295185 -0.01049273913174803 0.010333630275353462 0.0070416547431805194 0
leaf_weight=97.619334608316422 11766.715909302235 2192.2144419252872 442.63925029337406 6743.0740556269884 894.15703184902668 610.81491330265999 10733.471162483096 681.45550747215748 91.365342393517494 2305.2052067667246 1270.1435673087835 367.73745040595531 641.46452334523201 83.55674783885479
leaf_count=640 48741 9659 1835 30547 3755 2638 44888 2803 489 10317 6783 1501 2592 339
internal_value=-8.13093e-05 -0.00359493 0.00174311 -0.00268916 0.00148083 -7.50788e-05 0.000436741 0.00245015 -0.0108426 -0.00349137 -0.00986007 0.00578078 0.00451573 0.00852587
internal_weight=38921.6 13310.4 25611.2 11851.3 24075.8 2803.03 11627.6 12448.2 1459.13 9048.28 1361.51 1535.4 1084.1 451.294
internal_count=167527 61073 106454 53161 100187 12297 48643 51544 7912 40864 7272 6267 4427 1840
is_linear=0
shrinkage=0.03


Tree=48
num_leaves=15
num_cat=0
split_feature=3 3 3 3 0 5 12 5 9 7 0 12 10 5
split_gain=270.912 67.6329 57.6494 23.7129 23.6476 18.8359 18.4562 16.3562 17.2206 16.013 14.0154 11.485 9.90165 7.95934
threshold=0.0022569594480945517 0.0049064167234857932 0.001607191131954903 0.00055309223146937376 -0.38495214873649969 -0.01487451730120694 1.709618337566382 -0.010173157647280389 -0.00023665060063832841 -0.55633375426615739 0.030232351082775114 0.7120604401883851 -2.3628510343510816 -0.047636914263665835
decision_type=8 8 10 10 10 8 10 8 10 10 10 8 10 10
left_child=2 4 3 -1 9 -6 -5 11 -9 -2 12 -3 -4 -12
right_child=1 7 10 6 5 -7 -8 8 -10 -11 13 -13 -14 -15
leaf_value=-0.023340420530914216 9.5348665743796526e-05 0.0029461297246258403 0.0017925006688361994 -0.0092053817610589627 0.001979607936294155 -0.0003740181959468134 0.00032844248213827724 0.0045746097677977198 0.00099022669528961416 -0.003442999088724356 0.0018976889520974651 0.0058995965538038838 -0.0057531588692591859 -0.0025295564998052216
leaf_weight=99.896199434995651 1912.4317671656609 5212.8557839393616 154.58102343976498 2284.5620273053646 4850.3065679371357 8177.4891263246536 184.68023976683617 1487.9906748533249 6677.7441145479679 2762.1517254561186 474.45027458667755 1634.4875102341175 1726.7969285696745 1362.6937884092331
leaf_count=664 8219 21283 716 11757 20540 35165 912 6112 27577 11869 2148 6637 8041 6291
internal_value=2.23431e-07 0.00109829 -0.00569631 -0.00915942 -0.000154806 0.000498492 -0.00846968 0.00257897 0.00165552 -0.00198549 -0.0032694 0.00366746 -0.00509526 -0.00134964
internal_weight=39003.1 32715.5 6287.66 2569.14 17702.4 13027.8 2469.24 15013.1 8165.73 4674.58 3718.52 6847.34 1881.38 1837.14
internal_count=167931 137402 30529 13333 75793 55705 12669 61609 33689 20088 17196 27920 8757 8439
is_linear=0
shrinkage=0.03


Tree=49
num_leaves=15
num_cat=0
split_feature=3 3 3 3 11 11 6 8 8 0 11 8 6 11
split_gain=226.626 78.7426 33.9661 24.8554 23.7015 21.0332 18.4301 18.2824 17.6864 13.2283 12.3423 11.3456 10.9083 6.09199
threshold=0.0029051489689404125 0.0015163003913740674 0.0068905250558499234 0.00073023645112328358 2.2707028070425529e-05 -0.00061491225937041686 -0.00065544914966604291 2.3800136398381855 0.18472701159656882 0.073972668154445934 0.0010628691230530789 0.53292616093930067 1.8539684674956372e-05 0.0054483836547117694
decision_type=8 10 8 10 8 10 8 8 10 10 10 10 10 10
left_child=1 3 5 -1 9 12 13 -7 -5 -3 -8 -6 -2 -4
right_child=2 4 6 8 11 7 10 -9 -10 -11 -12 -13 -14 -15
leaf_value=-0.018757934832226559 0.0030173360723836618 -0.0023630839348009872 0.0076642825604087139 -0.0085031677480699158 -0.0044387891041342458 -0.0001729575051384094 0.0035346697546342885 0.0096985091297746278 0.0018241558988954048 0.00089722923867191387 0.0008108053819239721 0.0017620499110067897 0.00082897700932831682 0.0020831785844361754
leaf_weight=209.06453914940357 4152.7512242347002 2437.4820422679186 952.04701544344425 1774.4155941307545 3948.233694896102 11936.258963957429 3835.4883841276169 161.23576737940311 149.16531236469746 2024.0266677886248 2572.0904280245304 265.08051544427872 4251.1141605079174 265.87036490440369
leaf_count=1349 17266 10947 3849 9242 18012 50466 15610 668 723 8977 10575 1173 17754 1081
internal_value=-9.09514e-06 -0.00370102 0.00140817 -0.00886383 -0.00241613 0.000767737 0.00311888 -2.8533e-05 -0.00766601 -0.00087188 0.00245359 -0.00403121 0.00191978 0.00652168
internal_weight=38934.3 10807.5 28126.9 2132.65 8674.82 20501.4 7625.5 12097.5 1923.58 4461.51 6407.58 4213.31 8403.87 1217.92
internal_count=167692 50423 117269 11314 39109 86154 31115 51134 9965 19924 26185 19185 35020 4930
is_linear=0
shrinkage=0.03


Tree=50
num_leaves=15
num_cat=0
split_feature=6 11 6 14 4 4 0 14 5 14 4 11 10 4
split_gain=76.4206 49.019 35.1943 30.4271 41.6384 38.2102 27.2702 23.4862 23.3065 18.5772 14.65 14.4797 13.8676 12.9543
threshold=-7.9762887892006093e-05 -0.0011679835752441115 0.00015418724303464991 0.0012036647687624516 -0.84655004558136149 -0.50049383452082219 -0.46304985490252454 0.0027847327877475177 -0.055447192236911517 -0.0002491159042987811 -1.0422787383417531 -0.004985803859952692 0.47083159272697211 -0.86996971459189953
decision_type=8 10 10 10 8 10 10 10 10 10 8 10 10 10
left_child=3 11 7 4 9 10 -6 -3 -4 -1 -5 13 -7 -2
right_child=1 2 8 5 6 12 -8 -9 -10 -11 -12 -13 -14 -15
leaf_value=-0.0028482715642025318 0.00079662336186958323 -0.0034700301919842465 0.0051396342207688656 0.005537061269897477 -0.00098325047573509928 -0.003379621796095592 0.0038639445032055274 1.0833428606739619e-05 -0.00068742194200611506 0.0018147033645936241 0.015422018867762618 0.00030481039813373575 0.0031526445210376193 0.0062029620727547885
leaf_weight=2667.3218788504601 857.22384655475616 9442.7071808427572 682.07315248250961 2424.9134696125984 1383.850210994482 626.07640454173088 3997.6540665179491 2097.2202743291855 5726.4006323218346 1054.4552151560783 145.73451144993305 6612.9858469665051 528.12238615751266 793.06799058616161
leaf_count=11298 3537 43218 2882 10108 5755 2615 16638 9097 24158 4549 596 28305 2189 3243
internal_value=-3.23196e-05 -0.000962321 -0.00184341 0.00186255 0.000917428 0.00414764 0.00260685 -0.00283278 -5.08415e-05 -0.00150976 0.0061783 0.000944125 -0.000337734 0.00345256
internal_weight=39039.8 26211.7 17948.4 12828.1 9103.28 3724.85 5381.5 11539.9 6408.47 3721.78 2570.65 8263.28 1154.2 1650.29
internal_count=168188 114440 79355 53748 38240 15508 22393 52315 27040 15847 10704 35085 4804 6780
is_linear=0
shrinkage=0.03


Tree=51
num_leaves=15
num_cat=0
split_feature=3 3 3 8 3 11 5 5 1 6 6 13 2 14
split_gain=240.426 88.9612 30.2172 25.5721 23.3612 22.9268 26.9375 15.818 15.9946 14.8348 13.3089 12.7837 12.1503 6.24277
threshold=0.0029051489689404125 0.0016622155592751536 0.0087415006360045695 0.18472701159656882 0.00092217967610447392 -0.00061491225937041686 -0.051434782137590965 -0.044048090958088044 0.68468521735708598 -0.00088379628506232136 1.8539684674956372e-05 0.025915572125509757 0.08949645832139233 -0.040238160431264172
decision_type=8 10 8 10 10 10 10 8 10 10 8 10 10 10
left_child=1 3 5 4 -1 10 -7 8 -3 13 -2 -9 -11 -4
right_child=2 7 9 -5 -6 6 -8 11 -10 12 -12 -13 -14 -15
leaf_value=-0.015952735120124531 0.003187378255446779 -0.003679652907057256 0.015059506235091799 0.00084118665648972744 -0.0079342677331860623 0.0035894907411184534 -0.0003298179053451851 -0.0035090605950950323 0.0020797089904155855 0.00035183310189097663 0.00095792081171209925 0.00061412169393356688 0.0040831644017898698 0.006247185373829801
leaf_weight=418.18372020125389 4894.4293746203184 644.39700828492641 106.36186440289021 230.79522156715393 2164.2194688171148 1803.1766977459192 12090.773295283318 5293.3248661011457 1274.6234395354986 1165.5374430418015 4959.6311932206154 744.98965631425381 2670.7421634942293 462.09173257648945
leaf_count=2578 20263 2861 427 1107 10917 7520 51022 23903 5657 4741 20632 3330 10881 1867
internal_value=-6.24175e-05 -0.00387377 0.00139444 -0.00845813 -0.00931242 0.000966837 0.000176736 -0.00223693 0.000105592 0.00367884 0.00207347 -0.00299026 0.00296897 0.0082316
internal_weight=38923.3 10770.5 28152.7 2813.2 2582.4 23748 13893.9 7957.33 1919.02 4404.73 9854.06 6038.31 3836.28 568.454
internal_count=167706 50353 117353 14602 13495 99437 58542 35751 8518 17916 40895 27233 15622 2294
is_linear=0
shrinkage=0.03


Tree=52
num_leaves=14
num_cat=0
split_feature=3 3 3 5 11 8 9 9 9 3 5 12 5
split_gain=225.212 59.7441 41.6462 29.4039 24.4888 19.7046 17.7561 18.1634 17.7023 11.9691 14.3368 10.8642 7.15291
threshold=0.0021214777333941038 0.0033814671297761859 0.001163931362229775 -0.010173157647280389 0.0012723802198496142 0.84677133419485417 -0.00016955465337271212 2.256273730710357e-05 8.1227803031675986e-05 0.00073023645112328358 -0.1141278720100783 0.67822451865644229 -0.089854452105873395
decision_type=8 8 10 10 8 8 10 10 10 10 10 10 8
left_child=2 4 9 8 11 -5 -4 -8 -3 -1 -11 -2 -6
right_child=1 3 6 5 12 -7 7 -9 -10 10 -12 -13 -14
leaf_value=-0.018430132978361907 -0.00092760643636599031 0.0019177875127257492 0.0066022881647859084 0.00027333260411158209 0.0039495219334269903 0.0039121560824185962 -0.0063779162370768737 -0.0022915001871388588 0.0045537320700530558 -0.00018742495214427277 -0.011393251995877731 0.0021159977835233852 -0.0042147814274213647
leaf_weight=201.59990903735161 5249.1140488088131 7319.0493197739124 112.67467826604843 12350.994861602783 85.689482018351555 1500.1802972853184 2690.6554250270128 1648.9789088666439 3453.0639450997114 137.82655955851078 586.26447781920433 1304.3368902057409 2280.0864856988192
leaf_count=1331 22963 30118 527 51650 374 6156 12881 7848 14182 756 3233 5631 10099
internal_value=-8.0566e-05 0.000832146 -0.00577526 0.00159508 -0.0012668 0.00067431 -0.00453043 -0.00484779 0.00277176 -0.011586 -0.00937363 -0.000310394 -0.00387843
internal_weight=38920.5 33542.5 5378 24623.3 8919.23 13851.2 4452.31 4339.63 10772.1 925.691 724.091 6553.45 2365.78
internal_count=167749 141173 26576 102106 39067 57806 21256 20729 44300 5320 3989 28594 10473
is_linear=0
shrinkage=0.03


Tree=53
num_leaves=15
num_cat=0
split_feature=3 3 3 3 14 4 4 12 6 9 1 6 8 4
split_gain=209.853 70.1798 26.2747 21.7204 18.4907 51.157 43.1299 17.7634 22.5872 14.2422 13.2372 13.448 9.58646 7.68494
threshold=0.0027761515879522569 0.0015163003913740674 0.0047878009357598421 0.00092217967610447392 0.0019289465335234764 -0.7079388023938552 -0.33096799446291025 0.66297791268624795 -0.00016938349408104344 0.00010195679667911684 0.87455282896466635 4.4132001323352977e-05 0.19354478967886338 0.25730503465739551
decision_type=8 10 8 10 10 8 10 10 10 10 10 8 10 10
left_child=1 3 4 -1 6 -6 -2 9 -9 -3 11 -4 -5 -12
right_child=2 7 10 12 5 -7 -8 8 -10 -11 13 -13 -14 -15
leaf_value=-0.014949151265983699 -0.0019639770784363009 -0.0039622584621067988 0.0025739903688752497 -0.0077429702052226809 0.0058469310966904409 -0.0013751843530023736 0.0021413427814964453 0.010053613858577325 -0.0010793347897359432 0.0002398614707146179 0.0034049497321550349 0.0007198649826281702 0.00013187021493469596 0.0091849764761095243
leaf_weight=422.26350067555904 6274.933114156127 5035.8458334058523 8196.8923694193363 1537.4757537096739 1677.9900576472282 1822.9928025901318 3617.5782127678394 170.82478956878185 1751.3220295757055 815.50562101602554 787.88236230611801 6375.7415029853582 136.1129165738821 319.96971675753593
leaf_count=2641 26795 23021 33570 7974 7091 7741 15372 748 7901 3653 3236 26200 656 1307
internal_value=-9.80837e-05 -0.00387706 0.00118354 -0.00874931 0.000202431 0.00207602 -0.000456003 -0.00254616 -1.19626e-05 -0.00336696 0.00201707 0.00176795 -0.00706989 0.00519524
internal_weight=38943.3 9869.35 29074 2095.85 13393.5 3500.98 9892.51 7773.5 1922.15 5851.35 15680.5 14572.6 1673.59 1107.85
internal_count=167906 46594 121312 11271 56999 14832 42167 35323 8649 26674 64313 59770 8630 4543
is_linear=0
shrinkage=0.03


Tree=54
num_leaves=15
num_cat=0
split_feature=6 8 14 4 2 6 0 14 4 4 5 4 5 8
split_gain=64.4926 49.4788 28.5251 94.4689 21.9823 18.8919 19.055 16.0279 40.2524 13.5207 12.9325 10.8762 10.5993 6.6899
threshold=-7.9762887892006093e-05 0.056107708611053415 0.0018650567021050786 -0.7079388023938552 -0.029317038438523031 -0.00045994590143372255 -1.2098152269451157 0.00094201913598331412 -0.84655004558136149 1.6688036966908981 -0.010173157647280389 0.48715813838401828 0.053416665366144152 -0.41301352876572855
decision_type=8 8 10 8 10 10 10 10 10 10 10 8 8 10
left_child=5 2 4 -4 -2 7 13 8 -1 12 -8 -9 -3 -7
right_child=1 9 3 -5 -6 6 10 11 -10 -11 -12 -13 -14 -15
leaf_value=-0.0035143168178923679 -0.0056003922213752515 0.0013927181875108604 0.0048480577043030441 -0.0041179184487824018 -0.001930507634005596 0 0.0025213541068723187 0.0083119112881758841 0.0055930541722549717 0.0057164035140330914 0.00031024648463981122 -0.0024739155585171146 -0.0012887722222899383 -0.0075981957690097425
leaf_weight=669.53000096976757 1691.089139521122 5658.492159858346 2137.6525308936834 2071.4601459503174 12287.203070238233 138.9578071385622 4709.037403985858 810.57231062650681 1191.7602886706591 528.68539433181286 4952.4158869534731 80.095776364207268 1701.6821948438883 282.9611397087574
leaf_count=2751 7614 23910 9244 8851 54986 586 19722 3297 4833 2232 21070 326 7221 1178
internal_value=-1.02255e-05 -0.000868578 -0.00173024 0.000422046 -0.00238246 0.00172825 0.00111647 0.003936 0.00228368 0.00111003 0.00139565 0.00725865 0.000763706 -0.00502184
internal_weight=38911.6 26076.3 18187.4 4209.11 13978.3 12835.3 10083.4 2751.96 1861.29 7888.86 9661.45 890.668 7360.17 421.919
internal_count=167821 114058 80695 18095 62600 53763 42556 11207 7584 33363 40792 3623 31131 1764
is_linear=0
shrinkage=0.03


Tree=55
num_leaves=15
num_cat=0
split_feature=3 3 3 6 9 3 11 9 9 6 8 6 5 8
split_gain=177.945 70.0252 27.2406 27.1302 25.7524 23.167 18.7347 16.3005 20.2172 14.9712 11.8592 10.9285 8.10791 5.75889
threshold=0.0016900752871000736 0.0032768945309244791 0.0087415006360045695 1.206857598693804e-05 0.0001306157474677372 0.0010557887056074243 0.00046118230305382675 1.5636157982745762e-05 -4.0763789943931701e-05 -5.6174806669699125e-05 0.48010047766038438 -0.00088379628506232136 0.06815661935671162 -0.0053161819415338809
decision_type=8 8 8 10 8 10 10 10 10 10 10 10 10 10
left_child=5 3 4 6 -3 9 -2 8 -7 -1 -5 -4 -9 -11
right_child=1 2 11 10 -6 7 -8 12 -10 13 -12 -13 -14 -15
leaf_value=0 0.0014178122626099766 0.00030704816201153513 0.0074823500477544554 -0.0034753255579259958 0.0026838380631135561 -0.0024196224267207344 -0.0022093240158674553 -0.0033900270136192254 -0.010310222138493875 -0.014686306039404164 0.0016519239055407225 0.0029352863932965616 0.0050566500374573456 -0.002499749278037265
leaf_weight=74.80184018611908 3260.5863926112652 15354.140542685986 567.66642370820045 4769.5126433670521 5627.9931964725256 475.63554964959621 2097.4512125402689 790.56288670003414 896.24214322865009 534.03500156104565 421.32646967470646 3840.4019789248705 103.13378511369228 55.165176436305046
leaf_count=413 14351 64115 2288 21397 23313 2368 9408 3937 4509 3261 1840 15625 516 308
internal_value=-2.97423e-05 0.000549013 0.00140366 -0.00150175 0.000948402 -0.00712785 0 -0.00559 -0.00765525 -0.0121252 -0.00304525 0.00355004 -0.00230371 -0.0137062
internal_weight=38868.7 35939.1 25390.2 10548.9 20982.1 2929.58 5358.04 2265.57 1371.88 664.002 5190.84 4408.07 893.697 589.2
internal_count=167649 152337 105341 46996 87428 15312 23759 11330 6877 3982 23237 17913 4453 3569
is_linear=0
shrinkage=0.03


Tree=56
num_leaves=15
num_cat=0
split_feature=3 3 3 0 11 2 0 3 3 6 6 6 12 14
split_gain=195.471 50.7706 34.6763 27.423 24.5403 14.5819 22.4658 13.614 12.6619 11.8715 17.8684 11.5952 7.09475 5.05414
threshold=0.0019051078728689831 0.0057140673107819685 0.001163931362229775 -0.38495214873649969 0.0008150801822306759 -0.012386937527858294 -0.71045943740807693 0.018000175796742023 0.0033814671297761859 5.843102808701003e-05 -2.0809158872207389e-05 -4.9761118017525392e-05 0.66297791268624795 0.0020666022076422179
decision_type=8 8 10 10 8 10 8 10 10 10 10 10 10 10
left_child=2 3 11 8 -5 6 -3 -7 -2 10 -4 -1 -11 -13
right_child=1 5 9 4 -6 7 -8 -9 -10 12 -12 13 -14 -15
leaf_value=-0.0027509893207283568 -0.003452625203266987 -0.0056386898701529728 -0.0029403131207590984 0.0013811027538195467 -0.00096663289436496787 0.0026320390054403097 0.00170323984779552 0.0088626115039739418 -0.00067547010584487416 -0.0031581288815370908 -0.0083222820406707084 -0.013621213156864593 0.0030770672327836402 -0.0019603034453247797
leaf_weight=140.57453998923302 2504.4710155278444 463.28429839015007 1124.2358877509832 10895.946606770158 6297.4290482401848 8801.1444408297539 1789.8388554006815 329.18125945329666 3767.3591844141483 582.86873352527618 1222.1088567227125 711.64146958291531 209.74047312140465 51.724284052848816
leaf_count=763 11139 1892 5368 46525 27196 35989 7285 1330 15859 2844 6045 4249 997 288
internal_value=-2.73413e-05 0.000696137 -0.00626467 -9.9158e-05 0.000517646 0.00233943 0.000148845 0.00287269 -0.00179773 -0.00471432 -0.00579243 -0.0114721 -0.00141563 -0.0129442
internal_weight=38891.5 34848.7 4042.89 23465.2 17193.4 11383.4 2253.12 9130.33 6271.83 3138.95 2346.34 903.94 792.609 763.366
internal_count=167769 147215 20554 100719 73721 46496 9177 37319 26998 15254 11413 5300 3841 4537
is_linear=0
shrinkage=0.03


Tree=57
num_leaves=15
num_cat=0
split_feature=3 3 3 11 0 12 4 14 3 11 5 2 11 3
split_gain=180.527 44.4571 37.2808 22.3602 21.1837 19.8534 14.919 14.2041 13.4674 13.3296 11.783 7.52604 8.46203 6.94212
threshold=0.0024095318881913797 0.0014481319848859576 0.0087415006360045695 -0.00099090715598797153 0.030232351082775114 3.1394458821405595 -2.8024239321741313 0.0047403675151535376 0.00073023645112328358 0.00084083700370998716 -0.048573879936488908 0.2489203611746871 0.0073725977704048092 0.025614244351226476
decision_type=8 10 8 8 10 10 10 10 10 10 10 8 10 10
left_child=1 8 3 6 7 -5 -2 -3 -1 -6 -10 13 -13 -4
right_child=2 4 11 5 9 -7 -8 -9 10 -11 -12 12 -14 -15
leaf_value=-0.01602500049349026 -0.0029349777030328104 -0.0051559721738242198 0.001878832897279283 -0.00016541267298407348 0.00041556053844594298 0.014106660106592726 0.0019992525640237296 0.0059984532867040138 -0.003795536871288239 -0.0041499938053095545 -0.009385692275068809 0.0056502630742676632 0 0.0090487038130604141
leaf_weight=195.337372854352 568.6880646944046 2685.4702488929033 2262.6279495358467 17392.145122855902 1857.2770791202784 78.110966220498085 9147.7563566416502 93.830787852406502 614.74948313832283 811.28817009925842 987.96516695618629 1758.0907432436943 270.67940844595432 125.566456630826
leaf_count=1340 2369 12607 9185 73703 8541 328 38023 432 3281 3786 5304 7140 1107 505
internal_value=-1.09806e-05 -0.00428005 0.000966955 0.000548399 -0.00290357 -9.01351e-05 0.00170157 -0.00473773 -0.00837829 -0.000960355 -0.00731552 0.00352258 0.00489401 0.00231699
internal_weight=38849.6 7245.92 31603.7 27186.7 5447.87 17470.3 9716.44 2779.3 1798.05 2668.57 1602.71 4416.96 2028.77 2388.19
internal_count=167651 35291 132360 114423 25366 74031 40392 13039 9925 12327 8585 17937 8247 9690
is_linear=0
shrinkage=0.03


Tree=58
num_leaves=15
num_cat=0
split_feature=3 3 3 6 1 11 7 12 10 6 7 10 14 8
split_gain=158.304 50.2273 39.8345 23.2551 17.1922 16.5947 15.6883 23.186 15.6741 15.0117 11.3375 10.5547 8.70823 5.84298
threshold=0.0022569594480945517 0.0046138624949333988 0.0010557887056074243 -4.3593037500115149e-05 0.83897568922110721 8.806346799881925e-05 -0.61113770602403583 0.48606300744064007 0.40508722244037826 -2.8071082054300271e-05 -1.2170960524632937 0.53172964040546267 -0.0054904274355513346 -0.30920020281722238
decision_type=8 8 10 10 10 10 10 10 10 10 10 10 10 10
left_child=2 3 9 4 -2 12 8 -8 -4 13 -7 -5 -3 -1
right_child=1 5 6 11 -6 10 7 -9 -10 -11 -12 -13 -14 -15
leaf_value=-0.0068520342030369318 0.0017079459391367484 0.00136026945941382 0.0010749073494584972 -0.0006492081547394763 -0.0030324400673050096 0.005719706463812509 -0.0065779057271518112 -0.0017339617766653553 -0.0047811936267758677 -0.013852465305677516 0.00065285954349082894 -0.0027503433731919996 0.0034898057643811989 0.0045259538083762922
leaf_weight=89.836056739091873 5055.8658078312874 2632.1849371045828 1043.4048361331224 7038.1829511523247 779.95389226078987 414.18414670228958 2318.1923971027136 1518.0261884778738 654.94405518472195 512.85340541601181 7708.2861024737358 3169.4278270602226 5848.0651202946901 53.718365639448166
leaf_count=526 21534 10702 5076 30422 3315 1715 11208 7173 3145 3181 31800 13635 23903 301
internal_value=-8.26405e-05 0.000750218 -0.00447826 -0.000443738 0.00106003 0.00190714 -0.00361995 -0.00468621 -0.00116306 -0.0114622 0.000925323 -0.00130953 0.00283827 -0.00218615
internal_weight=38837.1 32646.2 6190.98 16043.4 5835.82 16602.7 5534.57 3836.22 1698.35 656.408 8122.47 10207.6 8480.25 143.554
internal_count=167636 137026 30610 68906 24849 68120 26602 18381 8221 4008 33515 44057 34605 827
is_linear=0
shrinkage=0.03


Tree=59
num_leaves=15
num_cat=0
split_feature=3 3 6 5 4 3 9 3 9 6 13 4 0 12
split_gain=163.076 61.075 29.4013 24.6843 22.9276 17.8668 17.8375 16.2717 14.2057 13.5285 12.6275 11.3268 11.3077 9.49854
threshold=0.0033197455194125675 0.0016900752871000736 1.206857598693804e-05 -0.0096229205397235871 0.47356930003750691 0.00092217967610447392 0.00019964632091076467 0.003961997344567863 2.8655176669987185e-05 -0.00013438357086463789 0.0029271807701255763 0.28325113939445379 1.4798306829576069 2.3125273741183885
decision_type=8 10 10 8 10 10 10 8 10 8 10 8 10 10
left_child=1 5 12 6 7 -1 9 -5 -7 -2 -4 -8 -3 -6
right_child=3 2 10 4 13 8 11 -9 -10 -11 -12 -13 -14 -15
leaf_value=-0.012418596649276886 0.0032721058409975784 -0.00024624049074747602 -0.0043663154851266038 -0.0023704220023800702 0.0023925365594439814 -0.006936094331965569 0.0037820902799430966 0.00053814572446428378 -0.0018270858347186857 0.00094058671965051516 -0.0013298400171974562 0.0095441836493108893 0.0087668539407796328 0.0087740764683194999
leaf_weight=405.32220914959908 4066.5882168114185 5392.1412554234266 3184.2032209783792 2135.7686045616865 2770.991067096591 1749.5403750389814 1316.085409194231 8939.0788175016642 740.46823807060719 5217.0861043781042 2138.2756034135818 437.21198619902134 118.20144562423229 229.59096477925777
leaf_count=2638 16578 23927 14326 9141 11514 8948 5375 37130 3733 21621 9526 1780 508 946
internal_value=7.23944e-06 -0.00261922 -0.00157432 0.0014459 0.00060668 -0.00648918 0.00250921 -1.89871e-05 -0.00545418 0.00197076 -0.00316246 0.00529896 -2.65024e-05 0.00292828
internal_weight=38840.6 13728.2 10832.8 25112.4 14075.4 2895.33 11037 11074.8 2490.01 9283.67 5322.48 1753.3 5510.34 3000.58
internal_count=167691 63606 48287 104085 58731 15319 45354 46271 12681 38199 23852 7155 24435 12460
is_linear=0
shrinkage=0.03


Tree=60
num_leaves=15
num_cat=0
split_feature=3 3 11 11 6 7 4 6 6 4 4 6 3 3
split_gain=169.28 62.3188 22.5276 20.3593 17.6812 17.6615 17.4059 16.7762 15.6257 13.9093 10.8469 10.4202 10.0564 6.11082
threshold=0.0032975346897918464 0.0014481319848859576 -0.00025084599406092822 0.00015760380388152136 -2.2584860515880336e-05 -0.78630125537491835 1.19996089479365 -0.00088379628506232136 -2.0809158872207389e-05 -2.8024239321741313 1.6688036966908981 8.3954819816297235e-05 0.0010557887056074243 0.010552880715830482
decision_type=8 10 8 10 10 10 10 8 10 8 10 10 10 10
left_child=1 4 8 7 -1 11 -7 13 -3 -9 -4 -5 -6 -2
right_child=3 2 10 5 12 6 -8 9 -10 -11 -12 -13 -14 -15
leaf_value=-0.0031755656729472691 0.0016613501691123513 0.001610900844963047 -0.0032203742676967665 0.0054192359322142291 -0.013417459008450552 -0.00016909446176480795 0.0046456587390680485 -0.0018091096382596413 -0.001706441791228268 0.0023802980712071147 0.0049742190275834566 0.00022633463313473669 -0.0073147280083637242 0.01158485663798833
leaf_weight=553.98705399036407 97.188797891139984 2096.8654323220253 6352.3089199066162 991.72289723157883 491.4261611700058 9819.2207673937082 714.71164754033089 734.16831155121326 3211.5289101153612 12146.742231369019 134.53416733443737 572.14889097213745 740.37242510914803 232.06466291844845
leaf_count=2953 392 9183 28894 4150 3095 40949 2954 3036 14390 50083 597 2396 3930 931
internal_value=5.0302e-05 -0.00264889 -0.00184778 0.00150161 -0.00786709 0.000604984 0.000155985 0.00231712 -0.000384214 0.00213564 -0.00303379 0.00357102 -0.00988617 0.00896782
internal_weight=38889 13581 11795.2 25308 1785.79 12097.8 10533.9 13210.2 5308.39 12880.9 6486.84 1563.87 1231.8 329.253
internal_count=167933 63042 53064 104891 9978 50449 43903 54442 23573 53119 29491 6546 7025 1323
is_linear=0
shrinkage=0.03


Tree=61
num_leaves=15
num_cat=0
split_feature=11 6 9 9 0 2 6 10 4 0 13 10 1 7
split_gain=46.3047 41.9432 48.8568 23.8844 19.2279 17.7718 14.7942 11.8701 10.603 8.20708 12.2347 7.45815 7.0326 5.68228
threshold=-0.0030686011215092152 -5.1843062980250204e-05 0.00012071932981584157 8.1227803031675986e-05 -0.4881364047246794 -0.048659623679770385 -0.00047736136371535242 0.78988466330454232 0.29662690412391268 0.59312677957868776 0.047416627516533222 0.44919401680013976 0.89501905656563374 -0.44200092098474103
decision_type=8 8 10 8 10 10 10 8 8 10 10 8 10 10
left_child=6 3 5 4 -2 -3 11 -5 -4 12 -11 -1 -8 -13
right_child=1 2 8 7 -6 -7 9 -9 -10 10 -12 13 -14 -15
leaf_value=0.011058296712946532 -0.0018959962829939196 -0.0053145385568160721 0.00019870209461406949 0.0019823053869290311 0.0010910314261165482 -0.0018821855036180322 0.00090642739720661809 0.0073058372654472258 0.0030974489010602989 0.005490556755573992 -0.0030826101063633356 0.010039466564138582 0.00810489339864481 0.0019991587058785028
leaf_weight=225.34538047015667 2542.2234180569649 1535.0568243265152 4500.8420539945364 951.84463581442833 7987.1888243556023 13336.081025376916 3874.2615750283003 678.34782460331917 1533.8621507883072 922.17040929198265 162.24953170120716 104.94844254851341 119.21644718945026 380.08891190588474
leaf_count=909 10751 6960 19010 3973 33979 60114 16046 2844 6382 3781 669 425 490 1530
internal_value=-6.84257e-05 -0.000503422 -0.00131923 0.000894179 0.000363035 -0.00224385 0.00240272 0.00426513 0.000949318 0.00181121 0.00413658 0.00646377 0.00115602 0.00402772
internal_weight=38853.7 33065.4 20905.8 12159.6 10529.4 14871.1 5788.28 1630.19 6034.7 5077.9 1084.42 710.383 3993.48 485.037
internal_count=167863 144013 92466 51547 44730 67074 23850 6817 25392 20986 4450 2864 16536 1955
is_linear=0
shrinkage=0.03


Tree=62
num_leaves=15
num_cat=0
split_feature=6 9 14 4 4 0 8 14 14 8 9 6 12 14
split_gain=56.2106 65.2708 34.5195 51.9071 47.2694 25.2217 24.3225 24.0403 18.1057 17.9026 17.886 16.6533 13.7135 13.2289
threshold=-6.3119550786853521e-05 0.00012071932981584157 0.00082485110336607181 -0.56859627949847613 -0.84655004558136149 -0.49660548919191422 0.14463160020482738 -0.0002491159042987811 0.004581062842274432 -0.13074345701430914 -0.00017956580877461989 -3.5745371359396919e-05 2.3997122703535481 0.00064753183286450253
decision_type=8 10 10 10 10 10 10 10 10 8 8 10 10 10
left_child=2 6 4 -4 7 -6 8 -1 -2 13 -5 -11 -8 -3
right_child=1 9 3 10 5 -7 12 -9 -10 11 -12 -13 -14 -15
leaf_value=-0.003361735180072086 -0.002768572753208604 -0.0015343959590922048 0.006011088011754144 0.0050076178952413678 -0.0011813166622840672 0.0034364530673892642 -0.00028330066984910663 0.0021076773523971012 0.00072242091307267865 0.014337071997358763 -0.0027479214883062734 0.002527871510591629 0.0056305557841228055 0.0023683275717656278
leaf_weight=2902.1249544918537 12212.10256677866 2093.2479692697525 2997.7015100866556 339.12847448885441 1387.0843032747507 4282.9595011174679 3422.6268120706081 940.41455778479576 1467.6033681184053 103.65395230054855 1107.0858797430992 4005.3990796506405 382.02554382383823 1232.5241970419884
leaf_count=12356 55679 8923 12519 1390 5781 17847 14619 4090 6223 433 4653 16580 1643 5198
internal_value=5.53834e-05 -0.000796661 0.00158048 0.00376258 0.000551902 0.00229614 -0.00179918 -0.00200559 -0.00238941 0.00155213 -0.000866193 0.00287442 0.000307985 -6.7304e-05
internal_weight=38875.7 24919.2 13956.5 4443.92 9512.58 5670.04 17484.4 3842.54 13679.7 7434.83 1446.21 4109.05 3804.65 3325.77
internal_count=167934 109298 58636 18562 40074 23628 78164 16446 61902 31134 6043 17013 16262 14121
is_linear=0
shrinkage=0.03


Tree=63
num_leaves=14
num_cat=0
split_feature=6 9 8 9 9 14 4 4 0 1 12 14 1
split_gain=48.6842 48.86 30.9498 22.7678 22.6864 21.5967 47.6157 29.0135 19.0785 15.1766 13.5235 6.39784 1.40526
threshold=-5.6174806669699125e-05 0.00012813847556231609 0.16054335907473585 0.0003045935847186488 -0.00028234078011366346 2.5636471606260273e-05 -0.82272200458090794 -0.9587839332732796 0.4780155748273654 0.8285192952620144 2.9084277473582669 0.00078672336928814056 0.69285828787691339
decision_type=8 10 10 8 10 10 8 8 10 10 10 10 8
left_child=3 2 9 4 11 6 -3 -7 -6 -2 -4 -1 -5
right_child=1 5 10 12 8 7 -8 -9 -10 -11 -12 -13 -14
leaf_value=0.0028719307582563973 -0.0027444721294925594 -0.003173588407588059 0.00036414629391912475 0.0043249641400523722 6.4491942065039777e-05 0.0065604531437209327 0.0041659832236067926 0.00089392999380870017 0.0029329612551847713 2.0351550222981488e-05 0.0097682373862161814 0.006667326137088197 0.011898352948901058
leaf_weight=1364.5027649253607 11711.642904862761 2118.860655605793 3579.8987528383732 76.483187288045883 9407.7986757904291 1262.1228060424328 1257.8246320039034 2350.4514312446117 2688.8769401907921 2057.3089298307896 134.25918862223625 650.11572402715683 179.40515941381454
leaf_count=5563 53100 8940 15273 312 39936 5300 5227 9754 11262 9191 576 2642 733
internal_value=-6.96149e-06 -0.000822218 -0.00167101 0.00137714 0.00120752 0.00129176 -0.000417633 0.00290285 0.000708954 -0.00232729 0.000745513 0.00415322 0.0101082
internal_weight=38839.6 24472.4 17483.1 14367.2 14111.3 6989.26 3376.69 3612.57 12096.7 13769 3714.16 2014.62 255.888
internal_count=167809 107361 78140 60448 59403 29221 14167 15054 51198 62291 15849 8205 1045
is_linear=0
shrinkage=0.03


Tree=64
num_leaves=15
num_cat=0
split_feature=3 3 3 0 0 11 5 8 11 0 1 8 14 3
split_gain=136.915 30.6237 25.1317 21.2423 20.0822 16.8953 16.396 16.1971 15.6791 13.3873 10.8338 6.25646 5.94091 1.48014
threshold=0.0023013908290525705 0.00092217967610447392 0.0033814671297761859 0.82761202129756406 -0.32032516576250808 1.0000000180025095e-35 0.081654897606575363 1.3992878466366345 0.0015644847661735566 1.0413153592616775 0.7834818975505915 -0.20517211051465981 0.0019289465335234764 0.00073023645112328358
decision_type=8 10 8 10 10 10 10 8 8 10 8 10 10 10
left_child=1 11 4 5 12 -3 9 -8 -6 -4 -5 13 -2 -1
right_child=2 3 6 10 8 -7 7 -9 -10 -11 -12 -13 -14 -15
leaf_value=-0.016916315950957699 -0.0038928690431213296 -0.0023580659564463179 0.0012975026058654579 0.005491840715101449 0.0011369297361287936 -0.0057608770787228938 -0.0015970928361499744 0.0066871111305542956 -0.0026087834159656122 0.0040716464787817737 -0.0027258196618614198 -0.0027049284585967822 0 -0.0095030182117299654
leaf_weight=165.44033390283585 1773.4447021782398 2809.9212626516819 20153.725856810808 329.57781036198139 4237.7365389019251 2649.9689956754446 2578.4988948702812 219.65011414885521 1304.2382147610188 1718.7707830220461 232.23563073575497 75.717107877135277 425.26804079115391 162.70175296068192
leaf_count=1187 7816 13568 83343 1542 18365 13014 10873 897 5756 7029 1088 477 1856 1014
internal_value=-1.8164e-05 -0.00401667 0.000773686 -0.0034532 -0.000712081 -0.00402811 0.00124239 -0.000903933 0.000241502 0.00152 0.00200173 -0.0119868 -0.00313302 -0.0138078
internal_weight=38836.9 6425.56 32411.3 6021.7 7740.69 5459.89 24670.6 2798.15 5541.97 21872.5 561.813 403.859 2198.71 328.142
internal_count=167825 31890 135935 29212 33793 26582 102142 11770 24121 90372 2630 2678 9672 2201
is_linear=0
shrinkage=0.03


Tree=65
num_leaves=15
num_cat=0
split_feature=3 3 3 3 5 12 2 14 0 9 0 9 13 0
split_gain=143.043 48.5689 24.1911 18.3284 17.7892 16.3615 16.0395 15.7319 20.371 15.9925 13.5432 9.99139 9.62908 7.22958
threshold=0.0029051489689404125 0.0016900752871000736 0.0060635061206800386 0.00055309223146937376 -0.029386397858363573 1.709618337566382 -0.012386937527858294 0.0010698522886218764 1.1565886567596106 0.00021851883200414427 -0.6630138006173637 -0.00046462528798211442 0.028795923578494715 0.1054807880303983
decision_type=8 10 8 10 8 10 10 10 10 10 10 8 10 10
left_child=1 3 7 -1 13 -5 10 8 -2 -9 -4 -8 -6 -3
right_child=2 4 6 5 12 -7 11 9 -10 -11 -12 -13 -14 -15
leaf_value=-0.019321710859061158 -0.00044834189046864955 -0.00098054273786694858 -0.0044400631236708767 -0.0064384560853703778 -0.003105574495389713 0.0019513777790937084 0.0073366883859234591 0.0011303787452579281 0.0052060300290589483 0.0058596287122428875 0.0013013455027600762 0.0026542063194182242 0.00079669478400591458 0.0023265362869462343
leaf_weight=89.498822599649429 11212.154001653194 1334.9166727811098 473.87998640537262 2558.9128089696169 4761.2317695766687 211.70532836019993 445.92064297199249 5565.4664207398891 593.66968110203743 730.76798607409 1555.3338515609503 7565.7784992009401 615.28339187800884 1041.3912405371666
leaf_count=679 47361 6013 1933 13578 21680 1058 1805 23386 2458 3025 6317 30864 2762 4606
internal_value=2.56409e-05 -0.00293907 0.00114644 -0.00628187 -0.00169164 -0.00577109 0.00232827 0.000486658 -0.000154762 0.00169721 -2.52144e-05 0.00293113 -0.00264721 0.000447282
internal_weight=38755.9 10612.9 28143 2860.12 7752.82 2770.62 10040.9 18102.1 11805.8 6296.23 2029.21 8011.7 5376.52 2376.31
internal_count=167525 50376 117149 15315 35061 14636 40919 76230 49819 26411 8250 32669 24442 10619
is_linear=0
shrinkage=0.03


Tree=66
num_leaves=15
num_cat=0
split_feature=6 8 9 9 12 7 11 10 6 11 12 10 10 14
split_gain=49.2731 37.2513 32.91 29.2676 19.2345 17.3676 15.4088 13.5588 12.4762 11.9258 13.3893 11.053 12.6806 12.4781
threshold=-2.8071082054300271e-05 0.050446090751254176 2.9939383732471297e-05 7.9308416487098316e-05 0.48606300744064007 -0.56743400094928542 -0.00082550153855991094 -1.8073524853687049 0.00018186880445483964 0.0009486431339477202 2.9084277473582669 0.78988466330454232 0.65020330382749736 -0.012976035193356704
decision_type=8 8 10 8 10 10 10 10 10 8 10 10 10 10
left_child=3 2 8 4 5 -1 -4 -6 -2 -3 -11 12 -5 -13
right_child=1 9 6 11 7 -7 -8 -9 -10 10 -12 13 -14 -15
leaf_value=0.0018931854989726246 -0.0038981919949604713 0.0018074814490295855 0.0012471825135667758 0.0033801535499748546 0.0068107651710900951 -0.0008534704482501275 -0.0014573849647670897 0.0017155363632897294 -0.00092253340360582488 -0.0012420435864908836 0.0085865354893948521 -0.0034975856556949824 -0.0065046315470664411 0.0078354869270271851
leaf_weight=2966.985179528594 5570.5449405014515 4515.3643613010645 3068.9550998061895 1392.0483183562756 547.81848381459713 6802.5456477999687 4880.5026290267706 3612.8894245475531 1724.1658335477114 2468.7811562567949 120.39717942476273 83.489828735589981 114.4756405800581 888.64214468002319
leaf_count=12833 26104 19062 13097 5807 2333 28816 21491 15246 7264 10417 511 339 483 3731
internal_value=1.52341e-06 -0.000913325 -0.00175042 0.00125099 0.000709891 -1.20989e-05 -0.000405471 0.00241551 -0.00320531 0.000874324 -0.000730652 0.00425281 0.00255154 0.00677537
internal_weight=38757.6 22348.7 15244.2 16408.9 13930.2 9769.53 7949.46 4160.71 7294.71 7104.54 2589.18 2478.66 1506.52 972.132
internal_count=167534 97946 67956 69588 59228 41649 34588 17579 33368 29990 10928 10360 6290 4070
is_linear=0
shrinkage=0.03


Tree=67
num_leaves=15
num_cat=0
split_feature=3 3 14 5 5 1 11 3 11 6 9 8 14 10
split_gain=126.089 44.3468 23.2975 21.6812 20.4797 20.0774 17.8164 17.5274 17.1493 11.4568 8.81871 7.75534 7.27593 4.08703
threshold=0.0018251773343567121 0.0036850603537769422 0.0025252271644077284 -0.028082582581014284 -0.0096229205397235871 0.76198256139690168 0.0022112353644570854 0.00073023645112328358 -0.0041796686811824118 9.6989611333901202e-05 0.00017272267231142283 -0.37818231475883574 0.0047403675151535376 -0.98773175237872346
decision_type=8 8 10 8 10 8 8 10 10 10 10 10 10 10
left_child=2 3 7 10 8 -5 -6 13 -3 -9 -2 -4 -13 -1
right_child=1 4 11 5 6 -7 -8 9 -10 -11 -12 12 -14 -15
leaf_value=-0.0067138598012009033 0.00054188943289299027 0.0048668501294677488 0.0088061151585448975 -0.00050149222905980257 0.0013087347620390475 -0.0034049473185106586 -0.0010877464029300714 -0.0062442246810125506 0.001708348113870026 -0.00048665801921871993 0.0058161899879732581 -0.0050598441708376331 0.0060458370582968995 -0.019511561233399179
leaf_weight=68.856523633003235 3516.9912519603968 1958.2558238506317 99.807159498333931 5310.163476139307 8370.5164561569691 3657.4820872545242 4153.9155308306217 2694.5343683212996 8017.0460144430399 379.34789036214352 305.86917531490326 134.70518058538437 71.786673218011856 105.25166022777557
leaf_count=498 15368 7919 501 23555 34741 16220 17304 13949 32913 1902 1297 670 340 771
internal_value=-2.0655e-05 0.000520778 -0.00539971 -0.000886466 0.00132346 -0.00169483 0.000508885 -0.00614961 0.00233866 -0.00555702 0.000993617 0.0023056 -0.000820894 -0.0154158
internal_weight=38844.5 35290.2 3554.29 12790.5 22499.7 8967.65 12524.4 3247.99 9975.3 3073.88 3822.86 306.299 206.492 174.108
internal_count=167948 149317 18631 56440 92877 39775 52045 17120 40832 15851 16665 1511 1010 1269
is_linear=0
shrinkage=0.03


Tree=68
num_leaves=15
num_cat=0
split_feature=11 8 8 14 4 9 9 14 2 4 4 14 10 9
split_gain=39.814 25.3352 20.0846 22.4359 17.8152 17.5 21.4345 16.6148 13.9603 9.52637 8.05031 17.8091 5.78823 5.20126
threshold=-0.0011679835752441115 0.64193427232050548 0.027206253023543406 0.004134702800084755 -0.13462740525737302 0.0001689442217556825 -5.094248123538758e-05 -0.0030834808860268573 -0.1655906213632026 1.4764093494053319 -2.180304467263054 0.01974695950978474 -1.8492488636661963 0.00046145036536788365
decision_type=8 8 8 10 10 10 10 10 10 10 10 10 10 10
left_child=2 5 3 8 -5 6 -2 -7 -1 12 11 -4 -3 -12
right_child=1 9 10 4 -6 7 -8 -9 -10 -11 13 -13 -14 -15
leaf_value=-0.0065272926560255001 -9.4024094459444979e-06 0.0050802354459912611 -0.0036713556059818613 0.0065577333550853011 -0.00074708489080332072 -0.0025543067446002028 -0.0020543828834779635 0.0022815225387447231 9.4398957965481328e-05 0.0058840750855188072 0.0036163140247943569 0.010474856940454851 0.00057708927104972566 -0.0028616655291821605
leaf_weight=289.07457429170609 7298.6309616863728 293.90657302737236 373.23789514601231 867.48303009569645 433.06316493451595 843.20573291182518 12808.943753674626 2466.5326981842518 6552.2947951704264 475.72180362045765 3925.1380076706409 90.648547247052193 2031.9179966300726 97.384732231497765
leaf_count=1226 31369 1232 1549 3577 1785 3509 57978 10335 28113 1984 16128 366 8429 393
internal_value=7.94655e-06 -0.000657006 0.00139269 0.000494438 0.00409241 -0.000981454 -0.00131545 0.00102747 -0.000185755 0.00202746 0.00300477 -0.000617708 0.00119114 0.0034379
internal_weight=38847.2 26218.9 12628.3 8141.92 1300.55 23417.3 20107.6 3309.74 6841.37 2801.55 4486.41 463.886 2325.82 4022.52
internal_count=167973 114836 53137 34701 5362 103191 89347 13844 29339 11645 18436 1915 9661 16521
is_linear=0
shrinkage=0.03


Tree=69
num_leaves=15
num_cat=0
split_feature=3 3 3 5 12 6 7 6 10 12 6 3 8 6
split_gain=127.019 32.319 28.3674 16.6686 14.5114 18.1269 16.6766 13.7223 27.2173 13.6387 13.4502 11.9858 10.2041 9.4687
threshold=0.0022569594480945517 0.0037302784606520248 0.001163931362229775 0.0084111119207923874 0.74485493319737073 -4.3593037500115149e-05 0.21856080716818219 -2.8071082054300271e-05 -1.6508929830281238 1.5245852302015221 -0.00088379628506232136 0.00055309223146937376 0.88399309601769005 -4.9761118017525392e-05
decision_type=8 8 10 10 10 8 10 10 10 10 8 10 8 10
left_child=2 4 11 10 6 -6 -2 8 -4 -9 -3 -1 -5 -13
right_child=1 3 7 12 5 -7 -8 9 -10 -11 -12 13 -14 -15
leaf_value=-0.019385659293380295 -0.00033256499487354843 0.0071437648329432 0.0063053168021679398 0.00012597745956075693 0.005048280258364967 -0.00040983548848223545 -0.0034427751333527498 -0.0047414524040150299 -0.0027607109522721782 0.0013777211537010093 0.0019713460301689707 0 0.0032462072328534098 -0.0088992788884076635
leaf_weight=89.19162729382515 6088.6833795011044 471.85950574278831 366.40511126816273 8211.1691094487906 835.36196166276932 1502.0838291496038 2098.8385818451643 3140.6150690615177 1395.5496428906918 345.11874903738499 12464.117517128587 133.63782742619514 1063.571373090148 644.72759984433651
leaf_count=695 26544 1896 1717 34244 3551 6518 9136 15410 6594 1623 51147 733 4343 3898
internal_value=8.05301e-05 0.00082372 -0.00388291 0.00147312 -0.000541107 0.00152844 -0.0011404 -0.00302342 -0.000816591 -0.00411623 0.00217002 -0.00891975 0.00049336 -0.00741369
internal_weight=38850.9 32735.7 6115.25 22210.7 10525 2337.45 8187.52 5247.69 1761.95 3485.73 12936 867.557 9274.74 778.365
internal_count=168049 137379 30670 91630 45749 10069 35680 25344 8311 17033 53043 5326 38587 4631
is_linear=0
shrinkage=0.03


Tree=70
num_leaves=15
num_cat=0
split_feature=3 3 3 7 0 5 9 6 5 9 3 5 10 9
split_gain=118.298 31.8047 24.9729 18.6864 16.6499 16.3242 16.2909 15.4637 14.0962 12.7346 10.9316 8.52684 8.44789 7.1356
threshold=0.0020514247007591612 0.0042289316830057579 0.001163931362229775 -0.61113770602403583 -0.96192437182762169 -0.01487451730120694 1.5636157982745762e-05 -4.9761118017525392e-05 -0.010173157647280389 0.0001761664616809711 0.0029474122204000415 -0.0065699961857590356 0.40508722244037826 4.7651434919497865e-05
decision_type=8 8 10 10 10 8 10 10 8 10 10 10 10 10
left_child=2 4 7 12 10 -6 -5 -1 9 -3 -2 -10 -4 -9
right_child=1 8 3 6 5 -7 -8 13 11 -11 -12 -13 -14 -15
leaf_value=0 -0.0086834918037563772 0.0016706103750805694 0.0015873966078368232 -0.0068066692434349653 0.0010719932372209797 -0.0010215939218239927 -0.0019380347140045908 -0.011959395340416561 -0.0030345577550079036 0.0046177083962393034 -0.0017020659353667404 0.00081650649087787301 -0.0034723402863724526 -0.0012787045696040918
leaf_weight=140.48048661649227 334.31039817631245 6748.9772468954325 754.82807278633118 1579.8992076814175 5360.2743370682001 8864.745940387249 1097.6108264029026 641.31882986426353 530.67012549936771 1687.6117799282074 572.86306983232498 9912.0131753981113 471.33671461045742 78.444441735744476
leaf_count=777 1508 27534 3737 7734 23006 38777 5340 4045 2182 6848 2466 40980 2300 475
internal_value=-8.2869e-05 0.000536132 -0.00450659 -0.00344581 -0.00048549 -0.000228274 -0.0048478 -0.00915644 0.00135799 0.00227201 -0.0044069 0.000612349 -0.000321381 -0.010911
internal_weight=38775.4 34011.5 4763.92 3903.67 15132.2 14225 2677.51 860.244 18879.3 8436.59 907.173 10442.7 1226.16 719.763
internal_count=167709 143301 24408 19111 65757 61783 13074 5297 77544 34382 3974 43162 6037 4520
is_linear=0
shrinkage=0.03


Tree=71
num_leaves=13
num_cat=0
split_feature=3 3 11 3 5 10 0 7 0 11 8 4
split_gain=99.8721 26.6142 21.8419 21.5558 15.3732 15.9485 14.4403 14.211 13.3617 11.7564 14.4839 14.3186
threshold=0.0020981096146107455 0.0049362117712414685 0.00060732554814626257 0.00055309223146937376 -0.047636914263665835 -1.7167703688611227 -0.94185527229912747 -1.0843913854554994 -0.36298222824397802 0.0015309599865373134 -0.25573220801002711 -3.073193121660406
decision_type=8 8 8 10 10 10 10 10 10 10 10 8
left_child=3 2 6 -1 8 -6 -2 -4 -5 11 -11 -3
right_child=1 9 7 4 5 -7 -8 -9 -10 10 -12 -13
leaf_value=-0.018411849302468922 -0.0032556422005233696 -0.0041380088026800182 0.0026111064793507628 -0.0059045830653863089 -0.00081890346539868991 -0.0059224897938977396 0.00088633788753745917 -0.0019263621453942865 0.00032821282519620313 0.0026288434761781538 -0.00075965726253357773 0.002293679259943962
leaf_weight=84.285990588366985 801.3150322586298 306.85693417489529 665.16891402006149 399.47725631296635 734.21707603335381 2665.7033758461475 10586.243648290634 6709.2802589535713 1203.1720913797617 1644.8362749814987 3574.8732036203146 9398.6553920954466
leaf_count=671 3456 1254 2902 2054 3712 13473 45276 29156 6092 6796 14670 38288
internal_value=-7.38931e-05 0.00051654 -0.000232811 -0.0039891 -0.00369788 -0.00484359 0.000587012 -0.00150598 -0.00121515 0.00146207 0.00029964 0.0020801
internal_weight=38774.1 33687.2 18762 5086.86 5002.57 3399.92 11387.6 7374.45 1602.65 14925.2 5219.71 9705.51
internal_count=167800 141798 80790 26002 25331 17185 48732 32058 8146 61008 21466 39542
is_linear=0
shrinkage=0.03


Tree=72
num_leaves=15
num_cat=0
split_feature=3 3 3 0 5 9 9 0 12 2 4 5 1 3
split_gain=95.2948 26.8082 21.2838 18.9672 18.7417 13.9631 15.598 12.1679 12.0628 11.0923 11.01 5.87126 3.29908 3.76556
threshold=0.0019051078728689831 0.0049064167234857932 0.00092217967610447392 -0.37751502524802832 0.028268242100178451 2.7447014919907981e-05 -0.00016955465337271212 -0.9036476464380313 -1.2067883280259528 -0.048659623679770385 -3.1303891787143256 -0.10264620656591765 0.76885048093276176 0.00055309223146937376
decision_type=8 8 10 10 10 10 10 10 10 10 10 10 10 10
left_child=2 3 12 8 -5 6 -4 9 -2 -3 -9 -7 13 -1
right_child=1 7 5 4 -6 11 -8 10 -10 -11 -12 -13 -14 -15
leaf_value=-0.014778441425731053 0.00031270618633563767 -0.0056324600971506518 0.0079087715115288351 0.0011348332051121374 -0.0011603786389678414 0.0043586388099995238 -0.0053188297444191311 -0.0028733834968360837 -0.0027253754225268372 0.0003237756215560274 0.001979998451701099 -0.0016865956474129038 -0.015998951514785399 -0.0051701776564261597
leaf_weight=61.971071682870388 1715.6051111966372 336.30278958380222 70.928860634565353 9864.5573108196259 4709.4971076399088 155.71358659863472 2350.8953725099564 416.39155355095863 3501.8682518005371 1420.4442417770624 12929.612237378955 988.70216792821884 119.57681075483561 200.53105953335762
leaf_count=501 7454 1377 346 42402 20585 773 11966 1706 15279 5829 52817 4939 818 1317
internal_value=5.82041e-05 0.000559984 -0.00435146 -0.000163724 0.000388751 -0.00358457 -0.00487583 0.00151182 -0.00171623 -0.000807922 0.00182204 -0.000781452 -0.0110825 -0.00811775
internal_weight=38842.6 34894.3 3948.32 19791.5 14574.1 3566.24 2421.82 15102.8 5217.47 1756.75 13346 1144.42 382.079 262.502
internal_count=168109 147449 20660 85720 62987 18024 12312 61729 22733 7206 54523 5712 2636 1818
is_linear=0
shrinkage=0.03


Tree=73
num_leaves=15
num_cat=0
split_feature=3 3 9 6 8 12 6 7 10 9 5 11 9 8
split_gain=87.4019 36.5805 23.1758 19.4744 19.0433 18.508 16.259 15.3267 11.22 10.5263 10.1125 10.0074 9.75645 8.14231
threshold=0.0016622155592751536 0.0037302784606520248 0.0001834814739472757 -2.2584860515880336e-05 0.88399309601769005 0.72878320290450238 4.7952878357341678e-05 -0.049945093336527073 -1.9571019203793094 6.8290624245470621e-05 -0.095879141610567806 0.00089304558347849824 0.00012324652704918783 -0.059377550768529123
decision_type=8 8 10 10 8 10 10 10 8 10 10 10 10 10
left_child=3 2 5 8 7 -2 13 -3 -1 -8 -4 -10 -6 -5
right_child=1 4 10 6 12 -7 9 -9 11 -11 -12 -13 -14 -15
leaf_value=0.0076879849741903561 -0.0017689510969051882 0.0017224225320638432 0.013547976720140997 -0.010194476386772153 0.0022726873065912995 0.00091755623020309566 -0.0049221733807896829 3.8434043168136592e-05 -0.00060948420843944104 0.0041770243764291662 0.0025642833526766801 -0.0086099560465284185 0.0064006527609721297 -0.0031297499200017252
leaf_weight=94.870476797223091 9983.6951655596495 9187.2297483831644 78.011814445257187 989.76727068424225 1743.9722131788731 2961.8147331625223 472.91262299567461 10484.731085211039 587.56513356417418 134.6558995693922 880.73664183914661 184.46780049800873 787.11967980861664 216.1145378947258
leaf_count=483 44539 37997 329 5776 7082 13016 2537 43273 3077 690 3800 962 3193 1143
internal_value=1.88832e-06 0.000392004 -0.000811762 -0.00521302 0.00114857 -0.00114944 -0.00698266 0.000828417 -0.00140531 -0.00277337 0.00365057 -0.00268347 0.00360015 -0.00901386
internal_weight=38787.7 36107.3 13904.3 2680.35 22203.1 12945.5 1813.45 19672 866.903 607.569 958.748 772.033 2531.09 1205.88
internal_count=167897 153229 61684 14668 91545 57555 10146 81270 4522 3227 4129 4039 10275 6919
is_linear=0
shrinkage=0.03


Tree=74
num_leaves=15
num_cat=0
split_feature=3 5 6 3 3 10 0 14 0 2 14 7 1 2
split_gain=100.634 31.4929 25.9706 22.403 20.0097 18.5837 16.679 16.4131 14.5303 13.7618 13.5012 12.8303 8.33403 6.03625
threshold=0.0020981096146107455 -0.010173157647280389 -2.2584860515880336e-05 0.001163931362229775 0.0049362117712414685 -1.6508929830281238 -0.38495214873649969 0.004134702800084755 -0.9036476464380313 0.20032881273214578 -0.012976035193356704 0.62392523146788392 0.69416308651643421 -0.12502911942876119
decision_type=8 10 10 10 8 10 10 10 10 10 10 8 10 10
left_child=2 8 5 -4 6 12 -3 -5 13 -7 -6 -10 -1 -2
right_child=1 4 3 7 10 9 -8 -9 11 -11 -12 -13 -14 -15
leaf_value=0.01144309071103158 -0.0058426246830934067 -0.0028765677842310881 -0.010628580559222677 -0.0047408829386771786 -0.0025858882009814135 -0.0053195824532396062 -0.00023264563706439092 0.0052039077615304834 0.0025983384057103654 0.00056717739253758293 0.0014295642063505459 0.00044506018569275891 0.0013987566819841932 -0.00026694114690303973
leaf_weight=119.05620548129082 201.67112839221954 2939.545804426074 611.41621421277523 2559.270767018199 821.26831601560116 703.94356705993414 8126.5607742667198 144.86394444108009 9780.1581005603075 679.40066846460104 7327.122411891818 3442.2067201137543 223.07247333973646 1173.6193217784166
leaf_count=578 831 12831 3937 12748 3367 3507 35203 688 40866 3348 30115 14192 1071 4906
internal_value=9.4696e-05 0.000686051 -0.00385339 -0.00540647 -0.000109141 -0.000820558 -0.000942344 -0.00416881 0.00173621 -0.00240204 0.00101482 0.00204307 0.00529015 -0.00116414
internal_weight=38853.2 33812.2 5041.02 3315.55 19214.5 1725.47 11066.1 2704.13 14597.7 1383.34 8148.39 13222.4 342.129 1375.29
internal_count=168188 142311 25877 17373 81516 8504 48034 13436 60795 6855 33482 55058 1649 5737
is_linear=0
shrinkage=0.03


Tree=75
num_leaves=14
num_cat=0
split_feature=3 3 6 11 12 3 4 9 6 6 1 6 10
split_gain=97.9114 25.0092 18.4168 24.2266 19.2151 16.6076 18.2308 20.737 17.0917 10.9578 8.49323 8.36672 2.84987
threshold=0.002432075145192157 0.00073023645112328358 -2.6213172019192339e-05 -0.00013589341578914782 1.709618337566382 0.0087415006360045695 -2.8024239321741313 8.1227803031675986e-05 0.0010099600148238891 -0.00013790385499225322 0.78152282275176399 -0.00088379628506232136 -1.1170780615941311
decision_type=8 10 10 10 10 8 8 8 10 10 10 8 10
left_child=1 12 3 -3 -4 6 9 -8 11 -2 -10 -7 -1
right_child=5 2 4 -5 -6 8 7 -9 10 -11 -12 -13 -14
leaf_value=-0.0058925551046830789 0.0012670469133386362 0.0023472970608978635 -0.0044894586406351933 -0.0035855392580940986 0.0027618384530757362 0.0063775834896456695 5.8296607874641193e-05 0.0018716277823236014 -0.0090672383639686695 -0.0041385542130475735 0.0019989912936459924 0.0023518094236830334 -0.017572552986226356
leaf_weight=61.494663201272488 447.15889838337898 1189.817991271615 4263.3997979909182 1261.1420331597328 339.23776000738144 557.84509220719337 16941.2148232162 8581.4976578503847 157.492566883564 1164.9328421652317 82.385849267244339 3636.6350638866425 108.83166955411434
leaf_count=466 1859 5573 21329 6069 1615 2243 71476 35820 638 4944 334 14748 844
internal_value=3.1881e-05 -0.00311471 -0.00281756 -0.000683229 -0.00393716 0.000754569 0.000473203 0.000670837 0.00245787 -0.0026036 -0.00509855 0.00291538 -0.014249
internal_weight=38793.1 7223.92 7053.6 2450.96 4602.64 31569.2 27134.8 25522.7 4434.36 1612.09 239.878 4194.48 170.326
internal_count=167958 35896 34586 11642 22944 132062 114099 107296 17963 6803 972 16991 1310
is_linear=0
shrinkage=0.03


Tree=76
num_leaves=13
num_cat=0
split_feature=3 5 3 11 3 6 6 2 6 3 6 9
split_gain=63.0394 29.326 28.0011 20.5648 20.4144 16.0515 20.9364 15.6241 12.744 11.4392 11.3299 9.10985
threshold=0.0016622155592751536 -0.01487451730120694 0.0037537681064115781 -0.0044165127001650146 0.00055309223146937376 -2.2584860515880336e-05 4.7952878357341678e-05 -0.043658181489680731 8.8461993006457497e-06 0.0081576120311152942 6.0627629218249872e-05 -2.9816628316057244e-05
decision_type=8 10 8 10 10 10 10 10 10 10 8 10
left_child=4 3 8 9 -1 11 -7 -5 -3 -2 -4 -6
right_child=1 2 10 7 5 6 -8 -9 -10 -11 -12 -13
leaf_value=-0.018751713773906796 0.0023252712985928248 -0.0005703818675003011 0.0012910858279762435 -0.0015648564240304291 0.0038947249142680107 -0.0080389369818113093 -0.00098290650675025696 0.0013176592741081612 -0.0029008596596759224 0.0071593978105738377 -0.00046969329805753176 -0.0026555443043398395
leaf_weight=80.547436214983463 1283.4113015085459 4234.8922104388475 6766.6478242427111 1995.9639377743006 266.56656901538372 1126.6577253043652 603.06013804674149 10365.876983806491 4372.8513005226851 725.37846787273884 6319.0245759785175 592.79832719266415
leaf_count=672 5251 18814 28039 8356 1364 6374 3211 43832 19651 2911 26215 3099
internal_value=-6.80141e-05 0.000260201 -0.000433974 0.00131185 -0.00450869 -0.00397206 -0.00563316 0.000846505 -0.00176325 0.00412742 0.000436521 -0.000533271
internal_weight=38733.7 36064 21693.4 14370.6 2669.63 2589.08 1729.72 12361.8 8607.74 2008.79 13085.7 859.365
internal_count=167789 153069 92719 60350 14720 14048 9585 52188 38465 8162 54254 4463
is_linear=0
shrinkage=0.03


Tree=77
num_leaves=14
num_cat=0
split_feature=3 0 3 11 4 2 3 5 0 8 11 8 10
split_gain=76.0067 24.921 21.3005 20.1479 17.0828 15.3922 17.1095 13.5319 12.9461 17.5677 12.293 10.4057 2.56957
threshold=0.0023870173253806733 -0.86763169271764251 0.00073023645112328358 0.00043748453234265826 -2.9740154210790362 -0.0038563797948996978 0.015469850714323887 0.05711093443817241 -0.060325823598036614 -0.5422438191966098 -0.0030686011215092152 -0.39714405524796775 -0.98773175237872346
decision_type=8 8 10 8 10 10 10 8 10 10 10 8 10
left_child=2 5 12 4 -3 11 -7 -5 9 -4 -10 -2 -1
right_child=1 3 8 7 -6 6 -8 -9 10 -11 -12 -13 -14
leaf_value=-0.0056904132469671343 0.00065916037911654523 -0.0030596409970384854 0.00052747221771986196 0.00049567484714260377 0.0017471742030686994 -0.0013458836487528839 0.011532870265846953 -0.0017803108205306686 0.0055734434836432669 -0.0052794226111791687 -0.0018765005129315045 -0.0080567130533483189 -0.016743993037948834
leaf_weight=65.263074271380901 144.19792625308037 678.11399531364441 559.05824916064739 9455.3970559239388 15258.585904255509 2585.3270693421364 85.650199890136719 3115.2734808921814 197.81142684817314 2369.1721491515636 3618.9549750834703 502.62982377409935 101.23859819024801
leaf_count=502 611 2838 2852 39697 63461 10865 346 13304 903 11754 17783 2087 803
internal_value=-7.69593e-05 0.000540941 -0.00292752 0.000828944 0.00153709 -0.00191068 -0.000869044 -6.45593e-05 -0.00264278 -0.00415233 -0.00146116 -0.00604187 -0.0133192
internal_weight=38736.7 31825.2 6911.5 28507.4 15936.7 3317.81 2670.98 12570.7 6745 2928.23 3816.77 646.828 166.502
internal_count=167806 133209 34597 119300 66299 13909 11211 53001 33292 14606 18686 2698 1305
is_linear=0
shrinkage=0.03


Tree=78
num_leaves=15
num_cat=0
split_feature=3 3 6 5 9 14 10 0 0 7 14 6 9 1
split_gain=59.9718 29.7505 19.3207 15.4854 14.3143 15.1461 13.8337 13.8094 11.863 13.6948 10.6634 9.26554 5.16754 3.71987
threshold=0.0032354133623741389 0.0012124440778360347 -2.2584860515880336e-05 0.047602171050727997 -0.00039191065876209347 -0.00049273858574103743 -1.7869777080497016 -0.20798015630268105 -1.1116969283198148 -0.90605670602086608 -0.0087223209507713961 -4.9761118017525392e-05 4.7651434919497865e-05 0.66691239575506711
decision_type=8 10 10 8 10 10 10 10 10 10 10 10 10 10
left_child=1 11 6 8 -5 -6 -3 -4 9 -2 -10 13 -13 -1
right_child=3 2 7 4 5 -7 -8 -9 10 -11 -12 12 -14 -15
leaf_value=0.0056231369882998525 0.003932767780380847 0.003740049539714521 -0.0040628249543421526 0.0072777828380415216 -0.0030496417493607372 0.00025828514998471207 -0.00055609205584096206 -0.0013065030096426355 -8.6222462112578051e-05 -0.0033986282557634689 0.0016886817207424796 -0.0090464491683641506 -0.00085022165117977174 -0.0033376893782950771
leaf_weight=52.906215652823448 284.75277091562748 806.04767708480358 2560.1985431313515 186.53358533978462 1940.2121041864157 3366.3325071185827 3840.8934196233749 4828.0718041956425 3726.3855521380901 960.64626078307629 15240.81822411716 696.78526695072651 97.439956709742546 111.97370797395706
leaf_count=298 1180 3621 12004 762 8178 14123 17309 22319 15216 3973 63017 4499 590 620
internal_value=-7.39953e-05 -0.00173567 -0.00132107 0.000764004 -0.000640562 -0.000943356 0.000182654 -0.00227394 0.00114881 -0.00165658 0.00133695 -0.00680899 -0.00813857 0
internal_weight=38700 12994.3 12035.2 25705.7 5493.08 5306.54 4646.94 7388.27 20212.6 1245.4 18967.2 959.105 794.225 164.88
internal_count=167709 61260 55253 106449 23063 22301 20930 34323 83386 5153 78233 6007 5089 918
is_linear=0
shrinkage=0.03


Tree=79
num_leaves=15
num_cat=0
split_feature=3 3 5 8 9 6 9 8 7 6 7 6 9 8
split_gain=64.9591 27.988 22.0393 16.5386 15.079 15.0212 25.6239 15.7279 14.0802 9.29546 9.2242 8.81547 7.78747 4.68789
threshold=0.0029051489689404125 0.00092217967610447392 -0.045834372427628681 1.1143656404347235 2.256273730710357e-05 4.4132001323352977e-05 0.0003045935847186488 -0.56965249689816599 0.82774026530569611 -2.6213172019192339e-05 -0.62229396040132723 -0.00077010378048480977 -4.6530806853735114e-05 -0.15419912271053468
decision_type=8 10 8 8 10 10 10 10 8 10 10 8 10 8
left_child=1 9 10 5 -4 6 -2 -7 12 -1 -3 -10 -5 -11
right_child=3 2 4 8 -6 7 -8 -9 11 13 -12 -13 -14 -15
leaf_value=0 0.0009388564774338783 0.0030994384946669996 -0.0036706829916558796 0.0026884211036135898 -0.00089120121693630214 -0.0061337657126541972 0.0084176211370214742 -6.6306151873448522e-05 0.0083680220953901967 -0.01393772929481977 -0.00061784659988788765 0.0011586513491273355 0.011406663869725091 -0.0010558400417452415
leaf_weight=70.005348160862923 14021.988927841187 880.97455124557018 4470.3600951880217 185.43807533383369 3012.3161675333977 389.06959040462971 417.70104582607746 11263.225949168205 165.96890315413475 252.01548207551241 1788.470558911562 1519.1610638350248 256.6954407542944 41.481580771505833
leaf_count=461 58299 4201 21210 749 14099 1641 1709 47044 665 1864 8378 6189 1048 280
internal_value=-1.97216e-05 -0.00203265 -0.00172692 0.000728704 -0.00256243 0.000517929 0.00116502 -0.000279129 0.00327138 -0.0101358 0.000593534 0.00194928 0.00802313 -0.0124095
internal_weight=38734.9 10515.6 10152.1 28219.2 7482.68 26092 14439.7 11652.3 2127.26 363.502 2669.45 1685.13 442.134 293.497
internal_count=167837 50493 47888 117344 35309 108693 60008 48685 8651 2605 12579 6854 1797 2144
is_linear=0
shrinkage=0.03


Tree=80
num_leaves=13
num_cat=0
split_feature=3 3 0 14 3 9 9 12 8 12 6 4
split_gain=70.4412 21.4098 20.7151 20.7493 18.3519 15.2085 14.9219 14.7026 12.186 17.9157 11.3272 7.35837
threshold=0.0020981096146107455 0.0087415006360045695 -0.86763169271764251 0.018378582738329204 0.00055309223146937376 9.3374202305576158e-05 -0.00016955465337271212 -1.2067883280259528 -0.1945714990907926 1.0000000180025095e-35 -0.00062198642529885564 -0.27522646507084431
decision_type=8 8 10 10 10 10 10 10 10 10 8 10
left_child=4 2 7 -4 -1 6 -6 -2 10 -10 -3 -7
right_child=1 8 3 -5 5 11 -8 -9 9 -11 -12 -13
leaf_value=-0.017217983522814461 0.00063078063090733099 0.012121538583666044 0.00037009279459188706 0.0051842042342218758 0.0065529541649653007 0.0040527996833335149 -0.0038379212382104308 -0.0038162943928795549 -0.001052870953671339 0.0034425625555549355 0.0037258993481785307 -0.0041704852584239799
leaf_weight=75.436856500804424 1028.2483313381672 173.48944698274136 25686.845162451267 824.87131349742413 115.10343945026398 372.07884189486504 4341.6438095271587 1788.5920482575893 1380.3147290349007 1820.1646167933941 1062.2774682193995 116.46294903755188
leaf_count=654 4369 701 108792 3378 562 1807 22416 7593 5589 7352 4321 560
internal_value=6.3767e-05 0.000558562 0.000262089 0.000524037 -0.00324634 -0.00298679 -0.00354206 -0.00217524 0.00250009 0.00148783 0.00504057 0.00192778
internal_weight=38785.5 33764.8 29328.6 26511.7 5020.73 4945.29 4456.75 2816.84 4436.25 3200.48 1235.77 488.542
internal_count=168094 142095 124132 112170 25999 25345 22978 11962 17963 12941 5022 2367
is_linear=0
shrinkage=0.03


Tree=81
num_leaves=15
num_cat=0
split_feature=3 3 9 6 8 5 2 0 14 2 14 5 14 5
split_gain=68.1267 23.3763 13.7737 14.746 13.4272 14.7771 12.2823 11.3962 11.0523 10.945 10.4293 10.0693 7.28116 6.82556
threshold=0.0016900752871000736 0.003554088008742426 5.958396690252555e-05 -2.2584860515880336e-05 1.3200284431862686 0.05711093443817241 0.31064637532122824 -0.20163925286258075 0.0020666022076422179 0.064938023246082263 0.0019289465335234764 -0.10523118447706369 -9.5426935791629466e-05 0.037274133476142966
decision_type=8 8 10 10 8 10 10 10 10 10 10 8 10 8
left_child=2 7 3 9 5 -3 -4 10 -5 -1 -2 -9 -8 -6
right_child=1 4 6 8 13 -7 12 11 -10 -11 -12 -13 -14 -15
leaf_value=-0.0076030153452757449 -0.0026079301049256069 0.0010716419035940647 -0.0032333549383878096 -0.0079666184399103373 0.0021988726914509704 -0.00098051542420263065 0 0.0040423137168965097 0 6.5441424937423749e-05 0.0011028470623022765 -0.00029932006977291314 0.012859806503735003 0.0066812273207239106
leaf_weight=215.29105131328106 3621.8002618700266 17988.685087770224 249.86066379398108 1396.5555828511715 1123.1945531964302 3791.943837672472 57.688203856348991 503.25680731236935 165.99774061888456 594.4356057420373 807.95555302500725 7553.5259775966406 80.778141498565674 461.96776428818703
leaf_count=1137 16353 74077 1308 8126 4538 15914 300 2192 879 3112 3584 33570 420 1880
internal_value=0 0.000348744 -0.00453386 -0.00539064 0.000909717 0.000711328 0.000553468 -0.000696078 -0.00710226 -0.00196814 -0.00191664 -1.60126e-05 0.0075484 0.00357649
internal_weight=38612.9 35852.3 2760.61 2372.28 23365.8 21780.6 388.327 12486.5 1562.55 809.727 4429.76 8056.78 138.466 1585.16
internal_count=167390 152108 15282 13254 96409 89991 2028 55699 9005 4249 19937 35762 720 6418
is_linear=0
shrinkage=0.03


Tree=82
num_leaves=15
num_cat=0
split_feature=3 3 4 9 9 9 0 4 0 5 12 6 3 9
split_gain=62.8539 24.9656 16.0716 14.8997 14.517 21.2881 13.2626 13.301 13.0754 12.0489 11.9128 9.67709 5.99211 8.96754
threshold=0.0016900752871000736 0.0032768945309244791 0.77427058113283775 0.0001306157474677372 2.9939383732471297e-05 -2.9816628316057244e-05 -0.94185527229912747 -1.3936013815667421 -1.9901886383924416 -0.032961596819148592 1.6716403543413578 -7.4971554527936127e-05 0.001163931362229775 4.0623616692367922e-05
decision_type=8 8 10 8 10 10 10 8 10 8 10 10 10 10
left_child=4 6 8 -4 5 11 7 -2 -3 -8 -7 -1 -6 -14
right_child=1 2 3 -5 12 10 9 -9 -10 -11 -12 -13 13 -15
leaf_value=0.0051677522167180466 0.00012911125924198528 -0.0086867536934957176 0.0015264229420095957 0.005992562583530061 -0.0056145603962375092 -0.0088701323164253037 0.0010601035850890108 -0.0086344170884424844 0.0006111432056642522 -0.0012639721522095483 0.0011284193857223146 -0.0032282351088913186 0.0078801198655417213 -0.0011009399329643056
leaf_weight=143.27080921828747 240.80829910933971 126.23257781565189 2596.6431980729103 932.860052973032 165.0683992728591 1173.6792544350028 2764.8706201463938 371.21060967445374 21882.37715344131 7086.3266236484051 104.07199389487505 573.36218154430389 114.52134971320629 475.26335506141186
leaf_count=708 1099 525 10683 3806 1026 6734 12234 1698 90647 32033 548 3237 590 2412
internal_value=1.39347e-05 0.000349831 0.000856617 0.00273739 -0.00434822 -0.00568845 -0.000881015 -0.00514317 0.000551168 -0.000605191 -0.00800673 -0.0014191 -0.000700703 0.000645227
internal_weight=38750.6 36001.3 25538.1 3529.5 2749.24 1994.38 10463.2 612.019 22008.6 9851.2 1277.75 716.633 754.853 589.785
internal_count=167980 152725 105661 14489 15255 11227 47064 2797 91172 44267 7282 3945 4028 3002
is_linear=0
shrinkage=0.03


Tree=83
num_leaves=13
num_cat=0
split_feature=3 11 3 3 2 12 14 9 9 3 12 10
split_gain=55.2728 30.7918 28.2612 14.6641 14.3646 11.6299 20.6638 11.6172 12.9502 11.6006 10.8822 4.16228
threshold=0.0016900752871000736 8.806346799881925e-05 0.0028423945426834375 0.00055309223146937376 0.029069809235459317 0.26525377008753775 1.0000000180025095e-35 3.1167436636951877e-05 -2.9816628316057244e-05 0.012914306759199736 0.72878320290450238 -0.19637977331535419
decision_type=8 10 10 10 10 8 10 10 10 8 10 10
left_child=3 5 10 -1 -4 6 -2 8 -5 -7 -3 -9
right_child=1 2 4 7 -6 9 -8 11 -10 -11 -12 -13
leaf_value=-0.016467178765379942 -0.00039895067858843677 -0.0040743612731774124 -0.0017871407224839427 -0.0013884318618236052 0.00058367842988167249 0.0020863881934202787 0.0019842914353790987 -0.0029347816732537956 -0.0065982555206576515 0.008704231765128986 -0.00030164929678072128 0.0016158879034245057
leaf_weight=75.752578519284725 6694.9306495189667 2365.1335025280714 2887.995888993144 710.89050176739693 11092.445092022419 5274.7619090974331 6332.3341849148273 298.26782187819481 1250.1418814063072 248.33177968859673 1021.2108483910561 419.70869199931622
leaf_count=671 28345 11040 12062 3846 46531 21999 26756 1585 7008 996 4664 2210
internal_value=8.58173e-05 0.000401859 -0.000503378 -0.00399965 8.87128e-05 0.00125239 0.000755534 -0.00356488 -0.00475672 0.00240998 -0.00295854 -0.000206514
internal_weight=38671.9 35917.1 17366.8 2754.76 13980.4 18550.4 13027.3 2679.01 1961.03 5523.09 3386.34 717.977
internal_count=167713 152393 74297 15320 58593 78096 55101 14649 10854 22995 15704 3795
is_linear=0
shrinkage=0.03


Tree=84
num_leaves=12
num_cat=0
split_feature=3 3 0 3 13 12 14 1 13 2 12
split_gain=57.0448 22.872 14.7837 12.1364 12.5982 19.0723 12.1317 11.7565 10.0082 9.47051 7.8975
threshold=0.0016622155592751536 0.006019183562158731 -0.4881364047246794 0.00055309223146937376 0.030453957076491105 1.709618337566382 0.016145975834879589 0.86764990457891489 -0.059923487051801026 0.058808037423732883 -1.7189755833418741
decision_type=8 8 10 10 10 10 10 10 8 8 10
left_child=3 2 10 -1 5 -5 -4 8 -3 -9 -2
right_child=1 7 6 4 -6 -7 -8 9 -10 -11 -12
leaf_value=-0.015666321137500595 0.0016761740265104695 -0.005744008008738517 9.9797048266367662e-05 -0.003996862392223903 -0.012696437740403037 0.0063597392442833094 0.0047862003944505937 -0.00043933453701497176 0.0013469006069581173 0.0067055814101397012 -0.0019281270699080973
leaf_weight=75.592750176787376 589.85138389468193 169.97760955989361 19781.83734947443 2258.23181027174 132.15829901397228 159.10306131839752 501.23898905515671 202.76611116528511 9246.9411823600531 637.36100178956985 4919.5441057235003
leaf_count=678 2553 694 85348 12526 696 822 2071 824 37602 2592 21347
internal_value=1.05568e-05 0.000323481 -0.000151043 -0.00424889 -0.00382703 -0.00326711 0.000220866 0.00152155 0.00120659 0.00492568 -0.00152903
internal_weight=38674.6 36049.5 25792.5 2625.09 2549.49 2417.33 20283.1 10257 9416.92 840.127 5509.4
internal_count=167753 153031 111319 14722 14044 13348 87419 41712 38296 3416 23900
is_linear=0
shrinkage=0.03


Tree=85
num_leaves=14
num_cat=0
split_feature=3 3 8 5 3 2 6 6 2 2 0 12 9
split_gain=53.6396 22.7669 22.0322 17.5369 17.2857 12.0341 10.8173 16.903 11.6549 10.4847 7.81174 7.57675 6.31261
threshold=0.0015786655875112906 0.018000175796742023 0.18472701159656882 -0.051434782137590965 0.0042289316830057579 0.025276534200771261 -2.0809158872207389e-05 4.602575085740727e-05 0.064938023246082263 -0.1847169406448684 -0.56757399055793545 0.41815110421385798 1.4521077302784847e-05
decision_type=8 8 10 10 10 10 10 10 10 10 10 8 10
left_child=2 3 6 9 -5 11 8 -8 -1 -2 -7 -3 -4
right_child=1 5 12 4 -6 10 7 -9 -10 -11 -12 -13 -14
leaf_value=-0.008424680602525117 -0.0027237908665530973 -0.0034068999118455883 0 -0.00093873770582672002 0.00052550052892589639 0.017783467647161592 -0.0094101989800460112 -0.0020225616294261054 0.00015577615129171025 0.0018093327651960949 0.0061159122592838646 0.0077763106304421141 0.011548326113968476
leaf_weight=184.13139540702105 475.24888025224209 131.44850295782089 108.80452060699463 14115.687561884522 14867.187940448523 89.530233502388 905.86148248612881 443.17289097607136 485.85563141107559 6496.7701108455658 204.42907007038593 76.986123025417328 69.819044470787048
leaf_count=1005 1971 529 553 62547 61139 361 5577 2490 2642 27369 823 309 349
internal_value=-4.45069e-05 0.00022883 -0.00458663 0.000137602 -0.000185644 0.00651052 -0.00549687 -0.00706017 -0.00220335 0.00148828 0.010335 0.000615883 0.00512981
internal_weight=38654.9 36457.3 2197.64 35954.9 28982.9 502.394 2019.02 1349.03 669.987 6972.02 293.959 208.435 178.624
internal_count=167664 155048 12616 153026 123686 2022 11714 8067 3647 29340 1184 838 902
is_linear=0
shrinkage=0.03


Tree=86
num_leaves=14
num_cat=0
split_feature=3 11 14 9 9 9 6 5 6 4 9 13 8
split_gain=44.0494 22.3176 18.4276 15.5948 17.534 15.5053 15.4213 16.2466 14.1409 8.83198 8.78722 7.34305 3.49877
threshold=0.0016900752871000736 -0.00049059874874147851 0.0026915056011945358 2.8655176669987185e-05 -2.9816628316057244e-05 0.00018732167247024204 -3.5745371359396919e-05 -0.051434782137590965 1.8539684674956372e-05 -3.073193121660406 -0.00030785257052438284 0.017836854047510804 -0.29986489114157533
decision_type=8 10 10 10 10 10 10 10 8 8 10 10 10
left_child=2 5 3 4 -1 8 10 -8 -2 -7 -3 -5 -4
right_child=1 6 12 11 -6 9 7 -9 -10 -11 -12 -13 -14
leaf_value=-0.0019140795764997294 0.0014735649039584473 0.0032031610555584046 0.0088801223156040558 0.00035492208997444128 -0.0081871169733864664 -0.0052077200367491774 0.0017292818922645184 -0.0016085064118495961 -0.00051093361926612285 0.0036122930900594017 0.00013335532205875294 -0.009753525417564855 0.00047855727956671522
leaf_weight=665.45184522867203 7413.7574936002493 940.40942831337452 86.862466298043728 635.45005477964878 1158.1872001960874 92.860911995172501 1477.5247708708048 10361.493275746703 5657.4849481731653 2332.2582284212112 7650.7944001704454 61.041343621909618 115.86882229149342
leaf_count=3714 30968 3834 452 3449 6735 383 6360 44897 23992 9538 32442 311 584
internal_value=-0.000111119 0.000166532 -0.00378372 -0.0044981 -0.00595371 0.00102596 -0.000482595 -0.00118577 0.000610315 0.00322993 0.000479691 -0.000571584 0.00460857
internal_weight=38649.4 35926.6 2722.86 2520.13 1823.64 15496.4 20430.2 11839 13071.2 2425.12 8591.2 696.491 202.731
internal_count=167659 152414 15245 14209 10449 64881 87533 51257 54960 9921 36276 3760 1036
is_linear=0
shrinkage=0.03


Tree=87
num_leaves=15
num_cat=0
split_feature=11 9 9 14 4 4 9 4 2 6 14 6 14 13
split_gain=24.6112 18.3886 18.3387 15.0216 18.0422 16.3001 14.8042 14.2097 11.5525 11.5343 10.2421 9.39811 7.82748 7.27693
threshold=-0.00053805838023339664 0.00012324652704918783 -5.094248123538758e-05 0.0062727521196036069 -2.5853962550418053 -0.56859627949847613 1.3408521298639011e-05 -2.8024239321741313 0.049069807551301671 -5.6174806669699125e-05 -0.001825389657907426 -0.00043097050265659867 -0.0081103869824548907 0.045489246826584694
decision_type=10 8 10 10 8 8 10 10 10 10 10 10 10 10
left_child=3 2 9 4 10 7 -6 -5 -4 -2 -1 -3 -13 -7
right_child=1 11 8 5 6 13 -8 -9 -10 -11 -12 12 -14 -15
leaf_value=-0.0060174233833116524 0.00095252641680555576 0.010085251523971309 -0.003877672886237438 0 -0.00017879550991144015 0.0012502597033772868 0.0018341331161139129 0.0077655455375386234 -0.0014206362277942347 -0.0015373639113247554 0 -0.0026360207752112856 0.0011572524546113376 -0.0075251477892726831
leaf_weight=564.66852199286222 4454.7300684303045 89.697985902428627 2236.7149304747581 279.13995097577572 6907.3890355974436 965.56467258930206 6180.7595695927739 799.59907247126102 8271.5913553982973 2668.5875931307673 430.83885081857443 536.12106397747993 4241.1176710128784 82.332403346896172
leaf_count=2409 18663 364 10246 1153 29654 3944 26339 3258 37719 11830 1929 2218 17865 334
internal_value=-6.10678e-05 -0.00070448 -0.00115649 0.000828121 0.000467163 0.00317711 0.000767886 0.00575292 -0.00195252 1.04873e-05 -0.00339515 0.000919739 0.000714406 0.000439451
internal_weight=38708.9 22498.6 17631.6 16210.3 14083.7 2126.64 13088.1 1078.74 10508.3 7123.32 995.507 4866.94 4777.24 1047.9
internal_count=167925 98905 78458 69020 60331 8689 55993 4411 47965 30493 4338 20447 20083 4278
is_linear=0
shrinkage=0.03


Tree=88
num_leaves=13
num_cat=0
split_feature=3 11 3 2 3 14 4 4 1 12 14 14
split_gain=45.2431 20.8713 21.2702 16.8425 14.5626 11.3553 22.9108 15.8367 9.65952 9.34333 12.9256 11.2292
threshold=0.0016900752871000736 -0.00049059874874147851 0.0031543108348377285 -0.034024446685948527 0.00055309223146937376 -0.0002031030198136399 -0.72947523979062712 0.96851974093093041 0.70432725380443373 0.26525377008753775 -1.0000000180025095e-35 -0.0010253413003692899
decision_type=8 8 8 10 10 10 10 10 8 10 10 10
left_child=4 9 8 -4 -1 7 -7 -6 -3 10 -2 -11
right_child=1 2 3 -5 5 6 -8 -9 -10 11 -12 -13
leaf_value=-0.016184251586754822 -0.00027662821973682504 -0.00017982772085918818 -0.002068334879086085 0.00076608445361968434 -0.0066886260925062314 0.0012559207770495553 -0.00613132966882763 0.005764176490651635 -0.0027573030063251683 0.0039114651858950748 0.0017809427575611091 0.00086750277951931382
leaf_weight=73.630831994116306 5596.944266423583 2139.4413908272982 2200.3545449972153 12649.828848168254 994.34761644154787 982.68140096217394 592.4811160042882 88.379227578639984 3591.0403773188591 2174.2736155688763 5305.0897529125214 2318.7947468012571
leaf_count=676 23575 9799 9142 52813 5492 5427 3261 469 16442 8923 22284 9662
internal_value=8.31262e-05 0.000367641 -0.000254919 0.000340961 -0.00362989 -0.00320025 -0.00150602 -0.00557379 -0.00180746 0.00120342 0.000719832 0.00235927
internal_weight=38707.3 35975.8 20580.7 14850.2 2731.52 2657.89 1575.16 1082.73 5730.48 15395.1 10902 4493.07
internal_count=167965 152640 88196 61955 15325 14649 8688 5961 26241 64444 45859 18585
is_linear=0
shrinkage=0.03


Tree=89
num_leaves=14
num_cat=0
split_feature=3 5 4 9 0 6 4 14 6 6 2 1 2
split_gain=48.9868 26.7976 19.9692 18.6591 18.3268 16.5132 14.409 14.0246 13.7616 10.6425 7.89827 7.18302 4.58757
threshold=0.0015786655875112906 -0.01487451730120694 2.0384458272858388 0.00017272267231142283 0.092725942996274582 -4.6190877638278368e-06 0.20553154615236655 0.0023654003770326722 -3.3776796698433323e-05 8.9169922606650406e-05 0.19206645711024606 0.72190229193083955 0.43612543037435497
decision_type=8 10 10 10 8 8 8 10 10 10 10 10 10
left_child=7 3 5 4 -2 -3 -5 8 10 -10 -1 -9 -4
right_child=1 2 12 6 -6 -7 -8 11 9 -11 -12 -13 -14
leaf_value=-0.0044256965895281735 -0.00019114076741492343 0.00043822435742059195 0.010346842602488407 0.0022992410901988181 0.0021247744777948994 -0.0012245191845296553 0.0078978629519935867 0.0099642771394613614 -0.0076525388239324201 -0.00010516777184617625 0.0025696099880341936 -0.0012789035781360998 0.00093183231896615693
leaf_weight=280.28733770549297 7005.0799935460091 9609.8185304403305 177.82061809301376 1640.7138023674488 5411.975558578968 12070.369916796684 576.62403491139412 74.673781588673592 1240.693492166698 213.32185707241297 272.45227048546076 105.30368404835463 84.524727419018745
leaf_count=1528 29743 40961 743 6728 22736 51968 2346 388 7567 1162 1449 554 352
internal_value=1.71599e-05 0.00027995 -0.000381076 0.00127476 0.000814321 -0.000484874 0.00381104 -0.00433241 -0.00506427 -0.00659451 -0.000886612 0.00334909 0.00767934
internal_weight=38763.7 36576.9 21942.5 14634.4 12417.1 21680.2 2217.34 2186.73 2006.75 1454.02 552.74 179.977 262.345
internal_count=168225 155577 94024 61553 52479 92929 9074 12648 11706 8729 2977 942 1095
is_linear=0
shrinkage=0.03


Tree=90
num_leaves=15
num_cat=0
split_feature=3 6 7 6 13 10 11 3 4 8 13 8 10 6
split_gain=46.699 16.6409 16.4322 26.1992 16.9665 16.1337 18.8551 15.6055 15.2064 14.4027 13.3762 11.6352 11.022 9.11609
threshold=0.002432075145192157 -2.8071082054300271e-05 -0.81398453903270063 6.0627629218249872e-05 -0.0048239158164721111 -1.9571019203793094 0.00089304558347849824 0.0010557887056074243 0.70436296700604129 0.66753108225603641 -0.0077991737366371423 0.53292616093930067 -1.0772864082781186 -0.00077010378048480977
decision_type=8 10 8 10 8 10 10 10 8 8 10 10 8 8
left_child=1 5 3 8 -5 10 -7 -3 -2 12 -1 -9 -4 -11
right_child=2 7 9 4 -6 6 -8 11 -10 13 -12 -13 -14 -15
leaf_value=0.014854719606730874 0.0032831097486107561 -0.0085151161867330748 0.00087360569588903906 0.0019436159759136046 -0.0036027596230424346 0.00068151580763176935 -0.0056354826023863325 -0.0029481154386924503 0.011959514518412708 0.0068317849471638886 0.001413306825789624 0.0040169685413238097 -0.00051956503759909977 0.0014672343083601293
leaf_weight=97.815058596432209 2792.163098320365 446.16864264756441 7763.3421821296215 1092.0229917615652 886.6841127127409 1503.535270228982 575.77859362959862 4069.4558870643377 193.82332800328732 310.17582805454731 212.21023151278496 212.3306198567152 14890.257605925202 3635.4202698916197
leaf_count=465 11725 3182 32759 4604 3718 7230 2804 20257 810 1244 986 972 62234 14883
internal_value=5.1745e-05 -0.00213994 0.000548366 0.00213256 -0.000517234 -7.25338e-05 -0.00105759 -0.00316971 0.00390437 0.000249735 0.0061733 -0.00258019 -3.93061e-05 0.00192033
internal_weight=38681.2 7117.29 31563.9 4964.69 1978.71 2389.34 2079.31 4727.96 2985.99 26599.2 310.025 4281.79 22653.6 3945.6
internal_count=167873 35896 131977 20857 8322 11485 10034 24411 12535 111120 1451 21229 94993 16127
is_linear=0
shrinkage=0.03


Tree=91
num_leaves=15
num_cat=0
split_feature=3 3 14 11 12 7 7 3 12 2 14 13 11 7
split_gain=45.395 21.6223 16.0242 16.0618 12.7632 17.1791 9.92193 9.69927 8.95971 8.82045 8.03796 6.49051 5.52387 3.5195
threshold=0.0016622155592751536 0.0060635061206800386 -0.011909997854178697 0.00031974909358336662 1.709618337566382 -0.61113770602403583 -0.85903747273663444 0.018000175796742023 0.9462472695405264 -0.038464477752789931 0.0027847327877475177 0.0054727047991266113 0.0011222970371599511 0.64697377116087218
decision_type=8 8 10 10 10 10 10 8 10 10 10 10 10 10
left_child=4 2 8 -4 5 6 -1 9 -2 -3 -7 -9 13 -6
right_child=1 7 3 -5 12 10 -8 11 -10 -11 -12 -13 -14 -15
leaf_value=-0.0030678885923128181 -0.0055768998863653784 -0.00081444651978246287 0.00058891913117791535 -0.0009482785120333312 0.011908022158598101 -0.0071052161382591031 0.0039575103283019048 0.010148612084218309 -3.2121657727947776e-05 0.0015705544919810623 0.0010103136067983196 0.0025783029856211725 -0.0026179905413348677 0.00081053058710686048
leaf_weight=656.35152487456799 761.70374168455601 1650.0521292388439 13771.307310536504 10975.91296210885 57.468254767358303 1386.6001300811768 233.57899343967438 171.61790522933006 430.80999201536179 7948.2904067933559 102.84697226434946 327.46070671081543 72.721292302012444 64.978582933545113
leaf_count=3790 3199 6704 59084 47904 309 7948 1335 691 1768 32330 534 1317 383 328
internal_value=-7.46003e-05 0.000199201 -0.000257402 -9.05445e-05 -0.00391629 -0.00453234 -0.00113378 0.00137722 -0.0036406 0.00115388 -0.00650182 0.00544758 0.00315654 0.00697779
internal_weight=38611.7 36037.2 25939.7 24747.2 2574.55 2379.38 889.931 10097.4 1192.51 9598.34 1489.45 499.079 195.168 122.447
internal_count=167624 152997 111955 106988 14627 13607 5125 41042 4967 39034 8482 2008 1020 637
is_linear=0
shrinkage=0.03


Tree=92
num_leaves=15
num_cat=0
split_feature=3 3 9 0 12 1 7 0 5 5 1 11 9 8
split_gain=39.6991 15.7311 15.3652 13.6584 13.8692 12.3139 12.2999 14.4075 11.908 10.5957 8.27303 7.53542 6.8076 5.08483
threshold=0.0029051489689404125 0.001163931362229775 2.256273730710357e-05 -0.86763169271764251 -1.2386388293586414 0.86347355022179584 0.60078183139330943 1.1565886567596106 -0.044048090958088044 -0.0086005067547195533 0.73904199440379725 6.5975332525418257e-05 0.00017272267231142283 -0.5422438191966098
decision_type=8 10 10 8 10 8 8 8 8 10 10 10 8 10
left_child=1 11 8 4 12 -6 9 -8 -3 -5 -4 13 -2 -1
right_child=3 2 10 6 5 -7 7 -9 -10 -11 -12 -13 -14 -15
leaf_value=0.0029853501473402146 0.00030009653414512746 9.5626276403123394e-05 0.0016352109280134482 0.002121515452220806 -0.0034472382028167456 0.0042558958418401713 -0.00079890060417263907 0.0026027033402932259 -0.0029626378472940988 0.00064154274798031272 -0.0011276931769453665 -0.008784762561431677 0.0065775456109334633 -0.0043469546562254933
leaf_weight=94.012183621525764 806.12585060298443 1518.1314278542995 2000.2921073138714 8031.334360614419 1834.7206512838602 192.61335898935795 5896.583412528038 1370.681145966053 4229.0335188806057 9870.1424818187952 1867.7551447153091 360.91678351163864 190.41816695034504 346.27439893037081
leaf_count=646 3369 7119 9317 33099 7658 802 24368 5608 20033 41467 8683 2403 783 2269
internal_value=7.04285e-05 -0.00150958 -0.00116183 0.000656654 -0.00123727 -0.00266863 0.000886982 -0.000146383 -0.0021456 0.00130968 0.000286154 -0.00554314 0.00161262 -0.00261655
internal_weight=38609 10416.4 9615.21 28192.6 3023.88 2027.33 25168.7 7267.26 5747.16 17901.5 3868.05 801.203 996.544 440.287
internal_count=167624 50470 45152 117154 12612 8460 104542 29976 27152 74566 18000 5318 4152 2915
is_linear=0
shrinkage=0.03


Tree=93
num_leaves=15
num_cat=0
split_feature=11 0 14 4 4 9 6 7 9 5 2 4 9 6
split_gain=22.0507 15.5811 14.7256 88.5901 43.5851 13.7776 13.4256 13.9793 12.8508 11.9317 10.8679 5.43909 5.06859 2.95987
threshold=-0.00082550153855991094 -1.1116969283198148 0.0011589534968814714 -0.7079388023938552 -0.91485417022648285 0.00018732167247024204 1.206857598693804e-05 -0.92243662824420969 0.00022369464087546034 -0.078252262761868405 0.95421602246468817 -1.9677145781435212 0.00046145036536788365 -0.00056376468468042327
decision_type=10 10 10 10 10 10 8 10 8 8 10 10 10 10
left_child=5 8 4 -4 -3 6 7 -1 13 11 -8 -7 -11 -2
right_child=1 2 3 -5 -6 9 10 -9 -10 12 -12 -13 -14 -15
leaf_value=0.0043764665128359732 0.00040596924287279713 -0.0024790674247438206 0.0044611371347773434 -0.002116452644853909 0.00070618436571146935 0.00062094520055187147 -0.00097217423768684928 0.0007878613615986069 0.0050268437779778354 0.0027327071965643599 0.0039497113339228007 0.010952050312313383 -0.0019864256304652599 -0.0051032469283345599
leaf_weight=1192.2579272687435 72.078345447778702 7689.0537738054991 3249.8431528881192 4219.4218838885427 7717.4428829401731 74.424965605139732 4977.6489598080516 5654.8236974254251 121.81092853844166 1731.4963338673115 426.13770884275436 223.80729725956917 209.80946904420853 1104.1872834041715
leaf_count=5212 293 34808 14097 18014 33968 303 21393 23771 503 7088 1816 908 849 4833
internal_value=1.92803e-05 -0.000533757 -0.000348611 0.000739543 -0.000880192 0.000945763 0.000543069 0.00142695 -0.00372307 0.00310973 -0.000566377 0.00867233 0.00218437 -0.0047145
internal_weight=38664.2 24173.8 22875.8 7469.27 15406.5 14490.4 12250.9 6847.08 1298.08 2239.54 5403.79 298.232 1941.31 1176.27
internal_count=167856 106516 100887 32111 68776 61340 52192 28983 5629 9148 23209 1211 7937 5126
is_linear=0
shrinkage=0.03


Tree=94
num_leaves=15
num_cat=0
split_feature=3 11 3 0 14 5 0 3 8 12 14 7 11 11
split_gain=38.5814 16.1676 15.4354 14.5734 13.9765 14.6641 12.342 10.6795 9.79512 6.40626 11.7434 7.30265 5.748 4.77537
threshold=0.0027761515879522569 -0.0016923067700651798 0.00055309223146937376 0.67815275329234936 0.0065040531345379633 -0.065081825438095611 1.0667151492534368 0.0087415006360045695 -0.52231280739107133 0.31506040723075829 -0.0022121474546391308 -1.5346000548788028 -0.0068596140145325011 -0.0032055531968257478
decision_type=8 8 10 10 10 10 10 8 10 10 10 10 10 8
left_child=1 9 -3 -4 6 12 7 -2 -7 11 -11 -1 -6 -8
right_child=4 2 3 -5 5 8 13 -9 -10 10 -12 -13 -14 -15
leaf_value=0.0054096985092666411 -0.00023776319034408502 -0.015641101644406918 -0.0026467217160862414 0.001056570862753481 -7.0665339779829058e-05 0.0085655941167712187 0.0055248350546993324 0.0016738699406177852 0.0010342559786363395 0.014413331309472732 0.0012186341544509701 -0.00096556627008673483 0.0079116690389108811 0.0016321195245346894
leaf_weight=180.6933531537652 19899.231584221125 68.640094250440598 6789.3330349326134 1082.1927950382233 80.242225542664528 155.05352957546711 429.88333761692047 3019.9325474947691 4026.0940805226564 74.631074190139771 268.35355488210917 1053.7732801660895 455.94206814467907 1051.408399567008
leaf_count=862 83532 651 33556 5139 322 638 1735 12231 16526 322 1201 4853 1856 4343
internal_value=-6.1578e-05 -0.00172011 -0.00227316 -0.00212928 0.000478883 0.00197324 0.000186832 1.21256e-05 0.00134763 0.00102269 0.00458668 0 0.0066278 0.00283152
internal_weight=38635.4 9517.62 7940.17 7871.53 29117.8 4717.33 24400.5 22919.2 4181.15 1577.45 342.985 1234.47 536.184 1481.29
internal_count=167767 46584 39346 38695 121183 19342 101841 95763 17164 7238 1523 5715 2178 6078
is_linear=0
shrinkage=0.03


Tree=95
num_leaves=15
num_cat=0
split_feature=9 5 12 7 11 12 10 2 7 1 9 4 11 12
split_gain=16.7534 17.3292 13.9934 22.1995 16.6494 18.2154 14.4986 13.464 13.3713 12.9642 10.6637 9.44603 11.0206 10.8794
threshold=0.00010663013278569446 0.0010155118173114099 0.50010513555359382 0.84278605499158943 0.0009486431339477202 2.9084277473582669 -1.2824234112230102 0.011275440387245575 0.92288179262425463 0.68323152932571107 -0.00039191065876209347 0.5015087970859794 -0.00280927834993756 -0.95105584956588418
decision_type=10 10 8 8 8 10 10 10 10 8 8 8 8 10
left_child=2 7 3 6 8 -6 -1 -2 -4 -9 -5 13 -13 -3
right_child=1 11 4 10 5 -7 -8 9 -10 -11 -12 12 -14 -15
leaf_value=0.00070730269620643987 -0.0013015677608703544 0.0020876096905138933 0.0029903423149726287 0.003695259163454946 -0.0012700131662888023 0.010657953284918267 -0.0010884107237517388 0.00026292050437174552 -0.00032234851066264262 0.0040679401844953729 -0.005083971515412883 -0.0049664062187242406 0.0036417518910390407 -0.001722297119901449
leaf_weight=5776.908965498209 753.06321234256029 842.43157859146595 3049.6271017342806 121.52597035467625 3560.5927975252271 108.33329997956753 13236.056819997728 1162.9869128912687 1658.6129677295685 2909.9877298921347 1387.7382748350501 143.38644562661648 877.6489605307579 3071.974409788847
leaf_count=25859 3141 3551 13516 489 15553 468 58264 4843 7013 12092 5930 582 3647 12971
internal_value=-3.49177e-05 0.00103729 -0.000399391 -0.000822321 0.000629289 -0.000873491 -0.000539561 0.00231461 0.00181243 0.00299946 -0.00431791 -0.000201744 0.00233825 -0.000883836
internal_weight=38660.9 9761.48 28899.4 20522.2 8377.17 3668.93 19013 4826.04 4708.24 4072.97 1509.26 4935.44 1021.04 3914.41
internal_count=167919 40827 127092 90542 36550 16021 84123 20076 20529 16935 6419 20751 4229 16522
is_linear=0
shrinkage=0.03


Tree=96
num_leaves=15
num_cat=0
split_feature=3 3 9 11 9 13 3 14 4 12 13 12 12 10
split_gain=34.6075 14.3564 11.7823 11.6985 10.8688 10.0727 9.85867 9.53292 37.0805 9.26944 8.73827 8.68993 6.70012 6.67727
threshold=0.0016900752871000736 0.0033403733733262677 2.9939383732471297e-05 6.5975332525418257e-05 -4.2224490904159134e-05 0.017462928694119074 0.001412994413145215 -0.011909997854178697 -1.1821157835668406 0.79742044701847103 0.027264783613215656 1.709618337566382 -1.4180662518526699 -0.078860338132824129
decision_type=8 8 10 8 10 10 10 10 10 10 10 10 10 10
left_child=2 3 4 9 13 6 -4 8 -3 -2 -9 -6 -5 -1
right_child=1 7 5 12 11 -7 -8 10 -10 -11 -12 -13 -14 -15
leaf_value=0.002423756310654271 -0.00015059585162349623 -0.0048820028997629819 -0.0022961516265135318 0.0036531658192004812 -0.006463305186832617 -0.0099394862032321438 0.004823015926705693 0.0011924379100739537 0.0016784516990791065 0.0031320676004135857 -0.00060648670222808215 0.0018180518987722112 -0.0018107412916182801 -0.0041118954362824381
leaf_weight=278.94014170765877 4800.571239978075 1225.8528554588556 331.06988319754601 194.36720913648605 1306.1681550964713 71.305998899042606 338.53922207653522 18990.250985905528 2056.7091143578291 907.00434955954552 2733.4677742123604 108.60131993889809 5046.2988134175539 257.53308456391096
leaf_count=1583 21396 5062 1935 896 7697 365 1696 78641 8331 3915 11290 573 23052 1416
internal_value=8.9133e-05 0.000336631 -0.00318309 -0.000565911 -0.00440074 0 0.00123286 0.000734249 -0.000760674 0.000365132 0.000963146 -0.0057772 -0.0015901 -0.000621709
internal_weight=38646.7 35954.5 2692.16 10948.2 1951.24 740.915 669.609 25006.3 3282.56 5707.58 21723.7 1414.77 5240.67 536.473
internal_count=167848 152583 15265 49259 11269 3996 3631 103324 13393 25311 89931 8270 23948 2999
is_linear=0
shrinkage=0.03


Tree=97
num_leaves=15
num_cat=0
split_feature=9 7 2 9 10 5 0 8 10 10 2 10 12 13
split_gain=21.6568 16.8697 16.5024 15.1246 15.9752 13.933 11.4842 11.1595 10.4275 9.84158 9.22584 8.65221 8.54397 12.1291
threshold=7.9308416487098316e-05 -0.62229396040132723 0.21497967848632676 -5.2379514396614362e-05 -1.2824234112230102 0.0010155118173114099 -0.37751502524802832 1.1725168171071314 1.9324273065098383 -1.6045395684538628 0.011275440387245575 -0.65288246633886449 -1.3408134399029585 -0.022107840264590527
decision_type=10 8 8 10 10 10 10 10 8 10 10 10 10 10
left_child=1 2 8 4 -3 7 -4 10 -1 -5 -2 -9 13 -7
right_child=5 3 6 9 -6 12 -8 11 -10 -11 -12 -13 -14 -15
leaf_value=-6.7700879896604707e-05 -0.00094866617110642636 0.002339130814161287 0.00036950422781253397 -0.00016530290855676298 -0.0006603339116120437 0.0093100169168360107 0.0042008040233600689 0 -0.0065196870202432798 -0.0021879913294008419 0.0023279037777400842 0.011788325381921967 -0.00031334909036856499 0
leaf_weight=3057.1110501810908 891.73532193154097 2023.4682433307171 1309.0930350646377 3036.2673186808825 7449.6711243540049 198.51229536533356 1618.7616985589266 82.008690059185028 235.27992749214172 8170.9940733835101 4680.8058126419783 173.88408105075359 5443.7521023154259 294.89439089596272
leaf_count=14014 3747 8573 5768 13800 31313 847 7214 332 987 36719 19614 703 23029 1242
internal_value=-1.61121e-05 -0.000487172 0.000876807 -0.000900554 -1.15284e-05 0.00105531 0.00251528 0.00209607 -0.000565286 -0.00164599 0.00179207 0.00817422 2.17218e-05 0.00377053
internal_weight=38666.2 26900.6 6220.25 20680.4 9473.14 11765.6 2927.85 5828.43 3292.39 11207.3 5572.54 255.893 5937.16 493.407
internal_count=167902 118388 27983 90405 39886 49514 12982 24396 15001 50519 23361 1035 25118 2089
is_linear=0
shrinkage=0.03


Tree=98
num_leaves=13
num_cat=0
split_feature=3 6 7 4 3 10 11 13 13 6 6 2
split_gain=35.8841 19.1449 22.2532 22.9794 16.3682 14.8151 13.2681 12.5269 12.1611 13.2714 25.38 13.0883
threshold=0.0016622155592751536 1.206857598693804e-05 -1.0431907575070223 0.70436296700604129 0.0033403733733262677 -0.82189502941623782 0.00084083700370998716 -0.027598947941553997 0.026565840476826249 -2.0809158872207389e-05 4.7952878357341678e-05 0.21195577547959152
decision_type=8 8 10 8 8 10 10 8 10 10 10 10
left_child=8 2 3 -2 5 -3 -4 -6 9 11 -11 -1
right_child=1 4 6 -5 7 -7 -8 -9 -10 10 -12 -13
leaf_value=-0.0032622487173991207 0.0029165880702625305 -0.00012192955994891062 0.0011919470717318826 0.0157748778157011 0.0028454472253299258 -0.0032982588986140053 -0.00055970957193569328 -0.00022096674269487534 -0.011363843828470508 -0.0071341527471376273 0.00072166916142188539 0.0042961521199389192
leaf_weight=428.96618960052729 1956.0844907909632 2464.2204446345568 9989.735132843256 127.71196565032005 1334.088506102562 2947.1937841325998 6310.3766670972109 10979.59605614841 159.84791798144579 1055.3923753648996 544.4937454983592 377.0439165905118
leaf_count=2334 8351 11234 41997 541 5569 13354 26767 45512 867 6475 3007 2000
internal_value=-3.28476e-05 0.000209562 0.000888785 0.00380488 -0.000491628 -0.0018658 0.00051021 0.000108425 -0.00345526 -0.00286011 -0.00443541 0.00020929
internal_weight=38674.8 36109 18383.9 2083.8 17725.1 5411.41 16300.1 12313.7 2565.74 2405.9 1599.89 806.01
internal_count=168008 153325 77656 8892 75669 24588 68764 51081 14683 13816 9482 4334
is_linear=0
shrinkage=0.03


Tree=99
num_leaves=15
num_cat=0
split_feature=9 10 9 10 5 6 8 4 9 11 6 9 9 8
split_gain=19.2446 16.7586 20.1336 16.3822 15.16 13.4104 13.407 12.8252 12.5191 11.5174 9.68307 18.9098 9.09345 8.16873
threshold=0.00017272267231142283 -1.2824234112230102 -9.763297713134333e-05 -1.5611806266203356 -0.052423070095429049 -0.00033108511769391517 -0.48836099048588472 -1.1821157835668406 0.00036353397163001682 -0.00015858312151683754 -2.0809158872207389e-05 0.00031182016407328212 0.00041196947602709202 -0.51335163831250397
decision_type=8 10 10 10 8 10 10 8 8 10 10 8 10 10
left_child=1 2 3 -1 8 7 -4 -3 13 -7 11 -6 -10 -2
right_child=4 5 6 -5 10 9 -8 -9 12 -11 -12 -13 -14 -15
leaf_value=0.0018048961643109317 -0.0020273969513634137 -0.0010633585296166883 0.003783736679471501 0.0090154150752027977 0.00094124440809904939 -0.00021347523597491064 -0.00013363089725529375 0.0025143774188431966 -0.0085403032682908817 -0.0016967434664678465 0.00028447119769496549 0.010629665155445708 0.0042266721986964455 0.0073742759946285761
leaf_weight=896.96069721877575 77.975147694349289 1535.5277559310198 865.07716900855303 430.89906822144985 677.00601316988468 9174.7513033896685 7544.3572745323181 2106.1363839358091 88.853285193443298 9912.3142171800137 4156.0439546257257 247.62559294700623 86.866651564836502 776.25052313506603
leaf_count=3780 326 6316 4029 1802 2799 40016 33529 8571 359 44313 17224 1008 350 3165
internal_value=6.91817e-05 -0.000220027 0.000818014 0.0042395 0.00161341 -0.000667541 0.000266237 0.000990594 0.004928 -0.000987395 0.000921338 0.00368607 -0.00201816 0.00643312
internal_weight=38576.6 32466 9737.29 1327.86 6110.62 22728.7 8409.43 3641.66 1029.95 19087.1 5080.68 924.632 175.72 854.226
internal_count=167587 142356 43140 5582 25231 99216 37558 14887 4200 84329 21031 3807 709 3491
is_linear=0
shrinkage=0.03


Tree=100
num_leaves=13
num_cat=0
split_feature=3 3 7 0 0 3 13 3 9 2 2 1
split_gain=29.0543 16.5029 15.1107 15.768 11.4959 11.7752 11.714 13.0321 11.5245 8.75824 8.64335 8.47783
threshold=0.0042289316830057579 0.00055309223146937376 -0.62229396040132723 -0.024188561219720125 -0.83501294728842612 0.012046019087944219 0.021895137755327993 0.010552880715830482 0.00046145036536788365 0.022014246031706819 0.15598000131534137 0.83897568922110721
decision_type=8 10 10 10 10 8 8 8 8 10 10 8
left_child=1 -1 10 -4 5 11 8 -8 -6 -7 -3 -2
right_child=4 2 3 -5 6 9 7 -9 -10 -11 -12 -13
leaf_value=-0.01451450082302508 -0.0027693881116771808 -0.0006424827893451642 -0.0024100151187664352 -0.00038800303478502679 0.0016829039242067789 -0.0019451642989424195 -0.0014509423912877422 0.0033066665827550874 -0.0039049254904998921 0.0081682372170531273 0.0017903543498790173 0.0019127552448425069
leaf_weight=68.996239148080349 1739.1913402974606 2425.4354249238968 5976.6052879020572 8478.5289123654366 12937.652950465679 106.6900729238987 2545.9531448632479 636.08485908806324 325.49939830601215 190.70580700039864 2786.6975996047258 411.22742673754692
leaf_count=665 7185 11310 27352 38290 53032 432 10433 2564 1323 771 12775 1696
internal_value=1.59353e-05 -0.000787269 -0.00072871 -0.00122926 0.000858136 -0.00104404 0.00114538 -0.000473727 0.00153841 0.00439964 0.000647696 -0.00184153
internal_weight=38629.3 19736.3 19667.3 14455.1 18893 2447.81 16445.2 3182.04 13263.2 297.396 5212.13 2150.42
internal_count=167828 90392 89727 65642 77436 10084 67352 12997 54355 1203 24085 8881
is_linear=0
shrinkage=0.03


Tree=101
num_leaves=15
num_cat=0
split_feature=3 5 6 9 6 6 12 2 7 13 10 0 9 9
split_gain=37.236 18.3542 14.9755 20.1516 14.6843 15.1192 13.471 10.6306 9.89084 9.11309 8.86247 8.03891 7.3792 7.11156
threshold=0.0016622155592751536 -0.051434782137590965 -3.5745371359396919e-05 0.00031182016407328212 -2.2584860515880336e-05 5.2023742902333292e-05 2.3125273741183885 0.064938023246082263 -0.62229396040132723 0.06441215663404648 1.086925375309842 -0.92294642854415343 6.4697229458665645e-05 -4.0763789943931701e-05
decision_type=8 10 10 8 10 10 10 10 10 8 10 10 10 10
left_child=4 9 3 -3 7 8 -4 13 -6 11 -9 -2 -7 -1
right_child=1 2 6 -5 5 12 -8 10 -10 -11 -12 -13 -14 -15
leaf_value=0.0022389770654196177 -0.0014484095084677121 0.00053517442437660029 -0.00082175567822047942 0.0094984118311556461 -0.0027362131959570565 -0.0029065003871820367 0.0040133626173673781 0.0036070557008839785 -0.0089584275216624768 -0.0056245085306224438 -0.0052680115052131235 0.0020959815228482784 0.0048958788666206444 -0.0088266338210732168
leaf_weight=58.757766835391521 606.8407279998064 11619.036373749375 16683.245053544641 221.3889529556036 384.47927935421467 409.93505102396011 521.7612377256155 497.73807714134455 787.89298907667398 140.08697202801704 112.80064637213945 6244.5549601316452 134.5131154358387 164.68687582761049
leaf_count=308 2561 48867 71777 899 2405 2287 2206 2661 4785 575 600 26160 698 904
internal_value=-1.90191e-05 0.000227748 -0.000102639 0.000715703 -0.00351596 -0.00509623 -0.000669394 -0.000169939 -0.007009 0.00160706 0.00181217 0.00177165 -0.000817069 -0.0056885
internal_weight=38587.7 36036.9 29045.4 11840.4 2550.8 1716.82 17205 833.983 1172.37 6991.48 610.539 6851.4 544.448 223.445
internal_count=167693 153045 123749 49766 14648 10175 73983 4473 7190 29296 3261 28721 2985 1212
is_linear=0
shrinkage=0.03


Tree=102
num_leaves=15
num_cat=0
split_feature=3 5 4 13 0 6 6 10 7 14 10 14 0 6
split_gain=38.0631 18.1554 16.3395 11.7186 12.5012 11.6775 16.654 15.792 14.3085 10.7388 9.10425 8.59977 8.08183 6.92454
threshold=0.0020981096146107455 -0.01487451730120694 1.19996089479365 0.06441215663404648 1.0165156102533894 -2.2584860515880336e-05 4.999590443416728e-05 -1.7004777300624261 -0.62229396040132723 -0.0058402409549270394 -2.1299697322318991 -0.0026601809848365221 0.48702699030673374 -7.2413491727330023e-05
decision_type=8 10 10 8 10 10 10 10 10 10 8 10 10 10
left_child=5 3 9 4 -2 7 8 13 -7 -3 -4 -9 -5 -1
right_child=1 2 10 12 -6 6 -8 11 -10 -11 -12 -13 -14 -15
leaf_value=0.00013587143110747635 0.0010470680699337419 -0.0022093517597545453 -0.0048299327929803683 0.0001301231993166942 0.0044392648894518482 -0.0013209583962755962 -0.00088307681064653948 0.0047384441891281798 -0.0070987864710053989 -0.00014058620903912997 0.0039753789334652104 -0.0026873428771007775 -0.010434812569310928 0.0093771739658320991
leaf_weight=144.86238634586334 12081.845191299915 2620.7453258037567 102.32712283730507 109.13643752038479 1072.0190598219633 593.3458418995142 1318.9334632530808 143.84355698525906 1301.828934662044 16576.901538565755 1108.7309322208166 1236.724874779582 119.18125437200069 172.19626501202583
leaf_count=678 50290 10939 430 446 4385 3414 6743 698 7294 70609 4624 6272 487 864
internal_value=-7.29011e-06 0.000350067 -0.000210556 0.00120905 0.00133125 -0.00247368 -0.00353677 -0.000416877 -0.00533777 -0.000427128 0.00314878 -0.00184198 -0.00533943 0.00547158
internal_weight=38702.6 33790.9 20408.7 13382.2 13153.9 4911.74 3214.11 1697.63 1895.17 19197.6 1211.06 1380.57 228.318 317.059
internal_count=168173 142210 86602 55608 54675 25963 17451 8512 10708 81548 5054 6970 933 1542
is_linear=0
shrinkage=0.03


Tree=103
num_leaves=15
num_cat=0
split_feature=3 8 10 8 14 14 6 8 3 3 3 14 13 1
split_gain=29.9234 16.9998 19.1136 15.2248 12.8874 12.7893 10.2647 9.45534 7.26327 6.8524 11.4872 5.65938 5.41595 2.53987
threshold=0.0016900752871000736 0.66753108225603641 -1.2824234112230102 0.16054335907473585 -0.024272470011437428 0.0025252271644077284 -2.0809158872207389e-05 -0.36544088324306351 0.0050298920430430849 0.0056320655850498206 0.0048766976702956447 -0.0011977026615903762 0.043707503953172758 0.69285828787691339
decision_type=8 8 8 10 10 10 10 10 10 8 10 10 8 10
left_child=3 2 8 5 -4 6 -1 -7 -2 10 -3 -5 -11 -13
right_child=1 9 4 11 -6 7 -8 -9 -10 12 -12 13 -14 -15
leaf_value=-0.0015103186735074083 0.00058371185655483194 0.0019505991033155767 -0.004785479624897929 0.01091995350626945 -0.00035834058988160327 0.01078554423523034 -0.0059070831317908539 -0.0021328260517760578 0.0024601049685807302 0.0038531403294949436 -0.0034674509396216109 0.0054259468429430045 0 -0.0015502557963530561
leaf_weight=780.70117664337158 6414.2034484297037 1512.1272726505995 601.30298878252506 63.675025440752506 22069.193675354123 79.953019268810749 1468.5584955587983 98.410669274628162 2686.477781355381 1822.7002745717764 443.6934966146946 59.200017988681793 399.10895179212093 121.03430289030075
leaf_count=4234 28149 6372 2457 318 93814 419 8860 515 10989 7352 1806 304 1607 614
internal_value=-3.88001e-06 0.000222545 -1.23893e-05 -0.00306255 -0.000480468 -0.00379435 -0.004421 0.00360458 0.00114629 0.00201933 0.000679564 0.00384731 0.00316349 0.000590529
internal_weight=38620.3 35948.8 31771.2 2671.53 22670.5 2427.62 2249.26 178.364 9100.68 4177.63 1955.82 243.909 2221.81 180.234
internal_count=167810 152546 135409 15264 96271 14028 13094 934 39138 17137 8178 1236 8959 918
is_linear=0
shrinkage=0.03


Tree=104
num_leaves=13
num_cat=0
split_feature=3 3 2 0 5 0 9 6 12 2 2 1
split_gain=28.4288 16.0081 13.8492 12.5464 13.0525 11.9102 10.8326 10.3213 9.34689 8.77316 6.79525 5.36727
threshold=0.0031944220093874228 0.00055309223146937376 -0.034024446685948527 -0.94185527229912747 -0.053418998089100826 1.3155472427162238 -0.00046462528798211442 -0.00077010378048480977 2.3997122703535481 0.083326147855714558 0.65518563405570174 0.77856753953664393
decision_type=8 10 10 10 8 8 10 8 10 10 10 8
left_child=1 -1 5 10 -5 7 9 -2 -8 -4 -3 -7
right_child=2 3 6 4 -6 11 8 -9 -10 -11 -12 -13
leaf_value=-0.014937968136132332 0.0035960790852542748 -0.0062679280240062925 -0.0015649104635184236 0.00096893878173392783 -0.0014023365621766196 0.011798732474722167 0.00063593930278067821 -0.0019542889184859533 0.0047044080721255314 0.0070505686073772866 0.0020407791618233858 0.00033396134370711547
leaf_weight=66.433716550469398 314.84419572353363 580.6395313963294 122.93644237518311 2675.9279700666666 9057.8372738808393 77.996732145547867 21208.790535524487 3391.3950022608042 516.63224065303802 422.01852647960186 87.241810545325279 83.725292459130287
leaf_count=655 1268 2778 496 12833 42919 316 87906 14029 2112 1704 418 340
internal_value=-3.0908e-06 -0.0011828 0.000557577 -0.0010923 -0.000856085 -0.00109067 0.000846902 -0.00145823 0.000737568 0.00500571 -0.00508 0.00657778
internal_weight=38606.4 12468.1 26138.3 12401.6 11733.8 3867.96 22270.4 3706.24 21725.4 544.955 667.881 161.722
internal_count=167774 59603 108171 58948 55752 15953 92218 15297 90018 2200 3196 656
is_linear=0
shrinkage=0.03


Tree=105
num_leaves=15
num_cat=0
split_feature=11 9 2 6 2 7 9 0 6 8 1 6 12 9
split_gain=13.6942 12.5129 13.2503 18.1904 10.5975 10.526 8.68106 11.5856 10.7233 7.3975 6.2072 5.61004 5.92428 5.50764
threshold=-0.00049059874874147851 -0.00030785257052438284 -0.029317038438523031 -0.00065544914966604291 1.0760030081863854 -0.033723570826994724 5.6586332477206462e-05 -0.47950757217308387 1.206857598693804e-05 2.3800136398381855 0.60883746945227013 -2.2584860515880336e-05 0.28984349121783126 8.8734405369628199e-06
decision_type=8 8 10 8 10 10 10 10 10 8 10 10 10 10
left_child=4 11 3 -3 6 13 7 -1 -8 -4 -7 -2 -13 -6
right_child=1 2 9 -5 5 10 8 -9 -10 -11 -12 12 -14 -15
leaf_value=-0.0019264841117638543 0.0035925093219546745 0.0080070191366694125 -0.00034752698293794005 -0.0029640868925082395 0.0032481874578247625 0.0081787241414750331 0.003527706067333795 0.00055732495661010059 0.00062543968713086792 0.0043468538472700036 -0.00090948850303719509 0.0021914980620080259 -0.0077353082198837264 0.01066864181185625
leaf_weight=2159.4333853647113 951.02989563345909 130.72678984701633 17953.309244148433 2827.0642254725099 222.41564476490021 70.595991089940071 1640.8644953221083 7638.150175742805 3999.9814827889204 295.80943629145622 381.18729707598686 115.51624144613743 79.396982416510582 215.22144594043493
leaf_count=9301 3879 531 79595 12493 954 298 6867 32930 16724 1212 1607 482 330 912
internal_value=7.64048e-05 -0.000404236 -0.000571993 -0.00243363 0.00073792 0.00391489 0.000548592 2.35797e-06 0.00148505 -0.000265808 0.00052707 0.00262648 -0.00173949 0.00718827
internal_weight=38680.7 22352.9 21206.9 2957.79 16327.8 889.42 15438.4 9797.58 5640.85 18249.1 451.783 1145.94 194.913 437.637
internal_count=168115 98522 93831 13024 69593 3771 65822 42231 23591 80807 1905 4691 812 1866
is_linear=0
shrinkage=0.03


Tree=106
num_leaves=13
num_cat=0
split_feature=3 5 2 2 2 3 12 7 3 9 9 5
split_gain=19.0255 12.0196 12.4778 12.9606 11.2478 11.1474 11.0132 10.6247 10.136 9.79296 9.68288 7.41913
threshold=0.0017719570554298764 -0.051434782137590965 1.1789313315994685 1.267696890967041 -0.17475855269739368 0.00055309223146937376 2.3125273741183885 -0.61113770602403583 0.0063609740340675276 -0.00011809992474124397 4.3964520420081151e-06 0.037274133476142966
decision_type=8 8 8 10 10 10 10 10 10 10 10 10
left_child=5 4 6 -4 9 -1 -3 11 -6 -2 -9 -7
right_child=1 2 3 -5 8 7 -8 10 -10 -11 -12 -13
leaf_value=-0.013801683961910347 -0.008032160416496556 -0.0003043467030799166 0.0086079062009179769 0.0011876763996151206 0.00093440972726963447 -0.00051975141516451479 0.0033559425542013287 -0.005157623679161785 0.0036538190218935607 0.00015466105946912971 -0.00089251161456102178 0.00642013267356861
leaf_weight=65.280333004891872 191.30101235210896 26580.461330443621 264.96989274024963 1069.3983450233936 4580.9230675399303 853.9148080945015 749.11434386670589 1061.8114666119218 1735.8193333894014 338.85523696243763 946.6422576457262 153.26923765987158
leaf_count=651 777 113065 1121 4541 19411 4751 3136 5916 6994 1413 5128 829
internal_value=1.00482e-05 0.000208033 -5.98552e-05 0.00275884 0.00133672 -0.00224581 -0.000200631 -0.00193104 0.00169577 -0.00278239 -0.00319146 0.00053008
internal_weight=38591.8 35510.8 28663.9 1334.37 6846.9 3080.92 27329.6 3015.64 6316.74 530.156 2008.45 1007.18
internal_count=167733 150458 121863 5662 28595 17275 116201 16624 26405 2190 11044 5580
is_linear=0
shrinkage=0.03


Tree=107
num_leaves=15
num_cat=0
split_feature=14 4 4 14 14 2 5 4 9 2 4 5 9 9
split_gain=16.5164 118.104 48.6006 100.024 85.3583 29.6423 23.9084 17.7917 17.0894 16.3187 13.894 12.9257 12.4927 11.4249
threshold=0.0019289465335234764 -0.61519719893098113 -0.82272200458090794 -0.0011977026615903762 -0.0002031030198136399 -0.085379483903145578 0.039217292665206779 0.29662690412391268 1.5636157982745762e-05 0.10115612361249102 -3.073193121660406 0.0089778236852827275 -0.00046462528798211442 0.0002527705246794199
decision_type=10 8 8 8 10 10 10 8 10 8 10 8 10 10
left_child=2 9 4 5 12 -4 -6 13 -5 -2 -11 -9 -1 -3
right_child=1 7 3 8 6 -7 -8 11 -10 10 -12 -13 -14 -15
leaf_value=0.0045443793844565511 0.0018556723440597239 -0.0052410886433862085 -0.00055766172638546955 -0.0032649995056401549 0.00020071018643359637 0.0041621531650721886 0.0049909625111279323 -0.0028595800385632646 -0.00024325806039107885 0 0.0062967294289940651 0.00072771369103339755 -0.0035441161683823288 0.00084372159789190848
leaf_weight=160.49537767469883 1647.0251789391041 1706.1129712462425 1477.5199402794242 3603.4549565315247 3345.2945908010006 5815.2896304503083 1309.2881360948086 1525.2476428672671 3244.5084848105907 344.5608714595437 2847.8888789266348 2149.8913162350655 9178.086074501276 308.70504842698574
leaf_count=650 6925 7151 6119 16393 15473 24370 5902 6439 14321 1478 12039 9068 40487 1258
internal_value=-0.000104095 0.000906936 -0.000484804 0.000752369 -0.00173896 0.00319825 0.00156883 -0.00201471 -0.00184451 0.00435148 0.00561054 -0.000748515 -0.00339397 -0.0042796
internal_weight=38663.4 10529.4 28133.9 14140.8 13993.2 7292.81 4654.58 5689.96 6847.96 4839.47 3192.45 3675.14 9338.58 2014.82
internal_count=168073 44358 123715 61203 62512 30489 21375 23916 30714 20442 13517 15507 41137 8409
is_linear=0
shrinkage=0.03


Tree=108
num_leaves=15
num_cat=0
split_feature=3 5 11 14 4 11 12 14 4 11 9 12 4 14
split_gain=26.9133 12.4646 13.8395 12.9366 57.2175 12.1102 13.0152 13.3776 11.5081 11.5034 11.4885 10.1378 9.75014 9.66099
threshold=0.0029051489689404125 0.055778057655564643 0.0010923677068152267 -0.006638227316876859 -1.0634116456137996 2.2707028070425529e-05 0.48606300744064007 -0.00079117921729236946 -1.2913021219566432 0.0040389978359388901 0.00010663013278569446 1.7946439124532916 0.24432449125402075 0.00011195171664372455
decision_type=8 10 8 10 8 8 10 10 10 10 10 10 10 10
left_child=5 3 12 4 -2 6 13 -8 -5 -4 11 -7 -3 -1
right_child=1 2 9 8 -6 10 7 -9 -10 -11 -12 -13 -14 -15
leaf_value=-0.0024288063935128798 -0.0046450282857825546 -0.00053933351019527537 -0.0040077577673911253 0.0021539752068632291 0.0018481831316713335 -0.0034125571378568012 0.0065251127715551353 0 0.00055879349866351199 2.8808963471230236e-05 0.0013197453789821163 0.0015364309390517316 0.0033318640836597448 0.00043900540792307619
leaf_weight=2318.0552831441164 1927.0352039039135 1874.4161907583475 1580.2269444912672 6503.5470082163811 3284.9621124863625 3944.5806392729282 435.12962678819895 773.53388361632824 11271.773967653513 1009.2886041402817 624.63973239064217 388.00184283405542 829.29257763922215 1876.8148416131735
leaf_count=11291 7992 7914 6742 27026 13363 19773 1972 3659 46755 4238 2890 1854 3465 9055
internal_value=-2.08873e-05 0.000456778 -0.000849257 0.000760363 -0.000545364 -0.00132968 -0.000333177 0.00238163 0.00114669 -0.00241733 -0.00240097 -0.00295302 0.000633848 -0.00113347
internal_weight=38641.3 28280.5 5293.22 22987.3 5212 10360.8 5403.53 1208.66 17775.3 2589.52 4957.22 4332.58 2703.71 4194.87
internal_count=167989 117495 22359 95136 21355 50494 25977 5631 73781 10980 24517 21627 11379 20346
is_linear=0
shrinkage=0.03


Tree=109
num_leaves=15
num_cat=0
split_feature=6 14 4 4 14 14 0 8 0 8 11 4 8 6
split_gain=15.0174 14.0128 106.265 52.3364 50.324 22.4545 13.5137 12.4427 11.2931 11.6911 12.0822 6.13214 5.77356 6.05804
threshold=-4.6190877638278368e-06 0.00039950441406461237 -0.7079388023938552 -0.98099138294298227 -0.0020132854285966036 -0.00040609020481918528 -0.35540956407684282 -0.2086815845155893 -1.2098152269451157 -0.53699225172006682 0.00086716128255895028 0.40383220473791348 -0.45735616770094162 -0.00043097050265659867
decision_type=8 10 8 10 8 10 10 10 10 10 10 8 10 10
left_child=8 3 6 5 -5 -2 -3 -4 12 11 -11 -10 -1 -14
right_child=1 2 7 4 -6 -7 -8 -9 9 10 -12 -13 13 -15
leaf_value=0.0010801267420013797 -0.0041821578173730223 0.0013356639528961003 -0.0047222874613209766 0.0044945380555402505 -0.0015273569427931379 0.00053176225184747828 0.0055082437016586499 -0.001487029793826171 0.0026706324550153284 0.001060597118963412 -0.00062421137371802317 0.010105972639489234 0.00089054667786321953 -0.0062720729401259424
leaf_weight=195.34012469649315 4872.2596531957388 1044.8782841637731 1506.3212268278003 2020.6004176288843 3218.1978628560901 1088.1470099911094 2452.1777626350522 4030.4232402220368 1136.0528806000948 10414.015565872192 6001.6236606091261 110.894232429564 118.45666186511517 433.61425375938416
leaf_count=852 21553 4593 6680 8479 14559 5202 10846 17016 5124 44658 25644 502 481 1847
internal_value=-0.000115296 -0.000680528 0.000192674 -0.00138979 0.00078799 -0.00331207 0.004286 -0.00238495 0.000502682 0.000658964 0.000440967 0.00345475 -0.00307124 -0.00463996
internal_weight=38643 20233 9033.8 11199.2 5238.8 5960.41 3497.06 5536.74 18410 17662.6 16415.6 1246.95 747.411 552.071
internal_count=168036 88928 39135 49793 23038 26755 15439 23696 79108 75928 70302 5626 3180 2328
is_linear=0
shrinkage=0.03


Tree=110
num_leaves=15
num_cat=0
split_feature=6 1 7 8 8 1 2 11 14 4 7 11 10 13
split_gain=14.9473 14.0968 16.9172 13.6725 12.9192 12.8686 14.9623 11.3554 7.3016 13.4425 11.5687 5.87088 12.2165 6.74629
threshold=-5.6174806669699125e-05 0.58491787345032986 -1.0431907575070223 -0.53699225172006682 0.18472701159656882 0.8285192952620144 -0.029317038438523031 -0.00082550153855991094 -0.0013405630849782127 -0.15084793026942253 -0.2383376244332753 0.0017089080171315456 1.5515953713652146 0.060704386712283155
decision_type=8 10 10 10 8 10 10 10 10 10 10 8 8 8
left_child=1 8 -3 -4 5 6 -2 -7 10 -10 -1 13 -13 -6
right_child=4 2 3 -5 11 7 -8 -9 9 -11 -12 12 -14 -15
leaf_value=-0.0048650235402837643 -0.0037021165534796615 0.0035978131285851864 0.004811759636165501 -0.00011496424376260183 0.001717435793754535 0.0034478108813716045 -0.00076696162353695929 -0.00036853444057043512 0.00732602128096887 -0.00059541282739272066 0.0034776237030334544 0.00081806701787740638 -0.0051905219607511809 -0.0037390011215741575
leaf_weight=196.97068719565868 1775.9148816838861 1405.5497989654541 521.38840139657259 10758.999909125268 4045.3024118840694 1098.8320516198874 13687.911960087717 1843.5521549656987 691.33728191256523 245.29850390553474 508.50786897540092 1174.1158879697323 396.02326656877995 199.0615718960762
leaf_count=831 8122 6022 2231 45102 17044 4712 61756 8318 2948 1040 2102 4927 1633 828
internal_value=8.14541e-05 0.000850465 0.000505023 0.000111499 -0.00037115 -0.000762236 -0.0011101 0.00104321 0.0034636 0.00520369 0.00102904 0.000855739 -0.000682716 0.00143924
internal_weight=38548.8 14328.1 12685.9 11280.4 24220.7 18406.2 15463.8 2942.38 1642.11 936.636 705.479 5814.5 1570.14 4244.36
internal_count=167616 60276 53355 47333 107340 82908 69878 13030 6921 3988 2933 24432 6560 17872
is_linear=0
shrinkage=0.03


Tree=111
num_leaves=15
num_cat=0
split_feature=3 6 5 11 6 10 5 2 6 11 6 5 5 4
split_gain=24.2589 15.2503 12.41 15.6299 12.2538 13.5802 11.1972 12.1601 10.903 10.8153 8.46176 8.4049 10.6572 10.1218
threshold=0.0035989577711491301 -1.2341095642180256e-05 0.10495379439977499 0.0012073927145426105 0.00019956078109042435 -1.0480761585456131 -0.051434782137590965 -0.17475855269739368 -0.0009629492248613387 0.0054483836547117694 -7.4971554527936127e-05 -0.032961596819148592 0.05711093443817241 -2.7652256550918053
decision_type=8 10 10 8 10 10 10 10 10 10 10 10 10 8
left_child=1 2 3 -1 9 -6 7 -2 -9 -3 -4 13 -13 -8
right_child=6 4 10 -5 5 -7 11 8 -10 -11 -12 12 -14 -15
leaf_value=0.00067051503649965031 -0.0027713885878916308 -0.0023222162817275061 0.0071994321317317067 -0.0029482641408019364 0.0044065368892387312 -0.0012609533343892765 -0.0093622163659027625 0.01184024784183307 0.0022598787767143073 0.009095898537575163 0 0.0010225586859315444 -0.00074193961388394243 -0.00082150118905677705
leaf_weight=4529.9740598797798 408.33735492825508 7164.7667486146092 355.9976292848587 1394.3194625601172 560.88986533880234 1111.0459934324026 125.7021123021841 104.18735010921955 3891.2737119495869 63.755252420902252 250.04483090341091 12517.854751124978 4037.2824474722147 2067.1111105233431
leaf_count=20757 1659 34812 1581 6396 2460 4905 515 418 15842 289 1166 51629 16898 8440
internal_value=6.32256e-05 -0.000856161 0.00023678 -0.000174609 -0.00166416 0.00061956 0.000678698 0.00204111 0.00255362 -0.00220079 0.00429322 0.000354559 0.000588442 -0.00137861
internal_weight=38582.5 15430.8 6530.34 5924.29 8900.46 1671.94 23151.7 4403.8 3995.46 7228.52 606.042 18748 16555.1 2192.81
internal_count=167767 72366 29900 27153 42466 7365 95401 17919 16260 35101 2747 77482 68527 8955
is_linear=0
shrinkage=0.03


Tree=112
num_leaves=15
num_cat=0
split_feature=14 0 7 7 6 2 1 13 6 10 8 10 11 10
split_gain=13.009 17.4327 16.0002 12.6187 11.871 9.43844 8.73976 8.69232 8.22518 14.7653 7.26988 7.24633 9.34219 6.10721
threshold=0.0010698522886218764 0.96681462627928305 -0.60019707645362874 0.59010309607310873 -0.00033108511769391517 -0.029317038438523031 0.70563396549006507 0.0010303182974135234 -9.5997820353506855e-05 -1.3222820435289686 0.64193427232050548 -2.024500353872313 0.0041468483246835551 2.0726049897067576
decision_type=10 10 10 8 10 8 8 10 10 8 10 8 10 8
left_child=1 3 8 5 7 -1 -6 -4 13 -10 -5 -3 -13 -2
right_child=2 11 4 10 6 -7 -8 -9 9 -11 -12 12 -14 -15
leaf_value=-0.0020025708871285533 0.0062948316922908495 -0.0030263621276216978 -0.00029489243053137107 -0.0027034323587082697 0.0010541472439536644 -5.1876746881357985e-05 -0.00089464899888841345 0.004914862699598308 0.0062514960266070573 0.00010056352742840223 0.00012800301752983426 0.0035670370283415092 -0.0039346734751002782 -0.0014252528441818936
leaf_weight=2583.6240160539746 708.23995530605316 190.59659583121538 427.42782343924046 3595.3514108583331 3211.0024448186159 16562.028009541333 5745.059060126543 754.79510985314846 463.32143890857697 1444.5261772572994 1002.3369270861149 1623.2288191094995 148.795734167099 88.022188127040863
leaf_count=11479 2948 823 1742 15609 13710 73467 24523 3066 2042 6271 4116 6866 621 358
internal_value=-4.44445e-05 -0.000435409 0.000733191 -0.000662259 0.000178998 -0.000319155 -0.000188862 0.0029943 0.00278056 0.00165041 -0.00207419 0.002268 0.00288491 0.00535991
internal_weight=38548.4 25706 12842.4 23743.3 10138.3 19145.7 8956.06 1182.22 2704.11 1907.85 4597.69 1962.62 1772.02 796.262
internal_count=167641 112981 54660 104671 43041 84946 38233 4808 11619 8313 19725 8310 7487 3306
is_linear=0
shrinkage=0.03


Tree=113
num_leaves=15
num_cat=0
split_feature=9 6 14 4 6 4 14 10 9 14 14 8 12 4
split_gain=17.9371 15.3618 23.8768 28.3677 14.3174 14.8798 15.9848 11.5384 19.7156 10.5036 8.93099 8.52882 9.05177 8.2673
threshold=6.3025909016924966e-05 -0.00033108511769391517 0.00098269767746481085 -1.0422787383417531 -2.8071082054300271e-05 0.5015087970859794 -0.0093950031641540817 -1.2824234112230102 -3.6383723863917524e-05 0.0023654003770326722 -0.001825389657907426 0.77782488690542839 -1.6805658825006164 -0.15084793026942253
decision_type=10 8 10 8 10 8 10 8 10 10 8 8 10 10
left_child=1 2 3 -1 5 6 -2 8 -3 -7 -9 12 -6 -4
right_child=4 7 13 -5 11 9 -8 10 -10 -11 -12 -13 -14 -15
leaf_value=-0.0046505728737336388 -0.0059329538317302224 0.0022738062686336489 0.0056739781623894557 0.0017244848269199443 0.0046747350059123081 0.0096338443429362531 0.002483829718065292 -0.00017892173992713567 -0.0010328113393033576 0 -0.001805853098048593 0.0026943316257938962 -0.00017100556451044133 -9.4957249918409622e-05
leaf_weight=928.00279386341572 212.05410335958004 2556.0939095765352 1053.4848565906286 1882.1409068107605 351.2920964807272 401.42637054622173 2071.5345578640699 4497.0977527871728 4390.6640461832285 137.4674581438303 9941.2461355850101 1211.715935215354 8661.6483410447836 257.00199976563454
leaf_count=3849 866 11140 4287 7651 1491 1659 8701 19230 20244 566 45014 4956 36948 1047
internal_value=-3.10115e-05 -0.000495287 0.00117405 -0.000368521 0.000871685 0.00276223 0.00165363 -0.000820149 0.00017677 0.00723495 -0.00130374 0.000341756 1.61859e-05 0.00450503
internal_weight=38552.9 25505.7 4120.63 2810.14 13047.1 2822.48 2283.59 21385.1 6946.76 538.894 14438.3 10224.7 9012.94 1310.49
internal_count=167649 112462 16834 11500 55187 11792 9567 95628 31384 2225 64244 43395 38439 5334
is_linear=0
shrinkage=0.03


Tree=114
num_leaves=15
num_cat=0
split_feature=3 4 11 7 7 8 3 9 6 3 8 1 4 10
split_gain=19.4796 12.1898 15.1507 11.7636 14.8982 10.1479 8.52616 8.42027 7.85882 7.66542 6.57989 9.3852 6.30388 5.31677
threshold=0.0017166074774379984 -2.9282647707153924 0.00084083700370998716 -0.61113770602403583 -0.85903747273663444 0.31212932928705411 0.0028423945426834375 -9.763297713134333e-05 2.0266917108309934e-05 0.018000175796742023 -0.48836099048588472 0.78446476741193016 -0.13462740525737302 -1.00453662671886
decision_type=8 10 8 10 10 10 10 10 10 10 8 8 8 8
left_child=3 10 9 4 7 8 -4 -1 -5 -3 13 -12 -6 -2
right_child=1 2 6 5 12 -7 -8 -9 -10 -11 11 -13 -14 -15
leaf_value=0.0077254939999313876 0.0081791129932082297 0.00062929897019126189 -0.0023635346207975961 -0.006210544213087801 0.0085916621877563902 0.0030321133704170849 -0.00026016967948021968 -0.0031686677024565287 -0.0017885176409541119 0.005894281522217412 -0.005259263883146909 -0.00033715478464813546 -0.0018654919901408555 -0.0007480578871741371
leaf_weight=58.601498082280159 74.96915528178215 21066.153734192252 2083.2287151217461 1052.1614275202155 203.8597899377346 155.93628108501434 10727.463082164526 644.77338189631701 632.86727175861597 245.10509420931339 823.81308200955391 649.02713264524937 52.884218595921993 167.55691055953503
leaf_count=321 324 89077 9749 6121 1161 769 44936 3745 3563 984 3521 2758 301 725
internal_value=-0.000108862 7.81256e-05 0.000204087 -0.0025143 0.000118874 -0.00391322 -0.000608468 -0.00208134 -0.00460546 0.000695403 -0.00237937 -0.00314763 0.00622357 0.00198851
internal_weight=38638.4 35837.3 34122 2801.08 960.119 1840.96 12810.7 703.375 1685.03 21311.3 1715.37 1472.84 256.744 242.526
internal_count=168055 152074 144746 15981 5528 10453 54685 4066 9684 90061 7328 6279 1462 1049
is_linear=0
shrinkage=0.03


Tree=115
num_leaves=12
num_cat=0
split_feature=3 2 0 1 9 10 3 10 8 4 9
split_gain=16.5112 16.0632 16.0105 17.3399 13.0934 17.0154 12.6014 9.39828 7.49771 9.44725 11.0793
threshold=0.0012124440778360347 -0.029317038438523031 -0.69892706370890589 0.84937368344403785 -0.00046462528798211442 1.9992014879998667 0.0048484322137185435 1.5317947977412796 0.18472701159656882 -2.6392202950432195 -5.8922289003469067e-05
decision_type=8 10 10 10 8 10 8 8 10 10 10
left_child=8 2 3 -2 7 -6 -4 -3 9 -1 -11
right_child=1 4 6 -5 5 -7 -8 -9 -10 10 -12
leaf_value=0.0048454432359603906 -0.0064939311124178516 0 -0.002000924353147969 0.0053040761576296919 0.00057237364009236718 -0.0020613809063893458 0.0011413147513222939 0.008352699453799203 0.0057486784270593247 0.0041801420250571278 -0.0069407103040627039
leaf_weight=71.188567362725735 804.5571852773428 179.75446002185345 2492.2494698017836 116.66286213696003 29352.909301906824 2369.8181109726429 2091.234551474452 310.86962378025055 53.640072710812092 77.507964283227921 685.12614651024342
leaf_count=483 3426 726 11112 495 126597 9830 8509 1254 298 502 4690
internal_value=9.67303e-05 0.000193886 -0.00129952 -0.00489449 0.000451269 0.000373143 -0.000554839 0.00527456 -0.00392176 -0.00467572 -0.00569335
internal_weight=38605.5 37718.1 5504.7 921.22 32213.4 31722.7 4583.48 490.624 887.463 833.823 762.634
internal_count=167922 161949 23542 3921 138407 136427 19621 1980 5973 5675 5192
is_linear=0
shrinkage=0.03


Tree=116
num_leaves=12
num_cat=0
split_feature=3 3 12 3 14 10 14 7 13 6 2
split_gain=23.2076 15.4256 14.0117 12.9198 14.9706 11.8296 11.7055 10.0577 7.80459 7.5579 4.2865
threshold=0.0029262467724184647 0.00055309223146937376 0.48606300744064007 0.018000175796742023 -0.022566079753905319 2.5674733877202449 -0.048586748266025527 -0.6569871955784724 0.029614623075485083 -0.00016099033902548703 0.025276534200771261
decision_type=8 10 10 8 10 10 8 10 10 10 8
left_child=1 -1 7 4 6 -6 -2 -3 10 -4 -5
right_child=3 2 9 8 5 -7 -8 -9 -10 -11 -12
leaf_value=-0.014716306013007947 0.0029506568661258441 -0.00041558380589305603 0.004999308519473695 0.002428956503475643 0.0005294053421878251 -0.0026882088126632159 -0.0042577378063033758 -0.0027693367097195746 -0.00063763062847803202 -9.6157426411668868e-06 0.0099947806388657277
leaf_weight=67.705139301717281 232.60742750763893 2610.9997706636786 286.92310306429863 141.47924354672432 25239.267634138465 1057.1754823178053 1056.7649064213037 4688.5012808591127 135.83837875723839 2854.4092774316669 220.42239056527615
leaf_count=691 941 12754 1273 569 105075 4318 4306 22829 546 13696 887
internal_value=-0.0001191 -0.0013222 -0.00121561 0.000329261 0.000239607 0.000396797 -0.00289844 -0.00193734 0.00507734 0.000443262 0.00734323
internal_weight=38592.1 10508.5 10440.8 28083.6 27585.8 26296.4 1289.37 7299.5 497.74 3141.33 361.902
internal_count=167885 51243 50552 116642 114640 109393 5247 35583 2002 14969 1456
is_linear=0
shrinkage=0.03


Tree=117
num_leaves=15
num_cat=0
split_feature=3 14 12 6 9 11 3 10 1 2 12 14 14 9
split_gain=19.2467 14.4361 16.0206 15.7023 16.5059 15.644 11.8 10.887 9.83461 9.82188 9.63687 10.2217 6.7482 6.60637
threshold=0.006019183562158731 0.0012036647687624516 0.47209736483712855 -9.0387041637100344e-05 0.00019145305216746071 0.0010628691230530789 0.0023653665727553937 -0.93360705895338292 0.87204762146240078 0.058808037423732883 1.4596716769534106 -0.0081103869824548907 -0.0054904274355513346 -0.00019054280368004936
decision_type=8 10 10 10 10 8 10 10 8 10 10 10 10 10
left_child=1 2 6 4 -3 -4 -1 -5 10 -10 11 -2 -12 -11
right_child=8 3 5 7 -6 -7 -8 -9 9 13 12 -13 -14 -15
leaf_value=-0.0028959006958518803 -0.0011952497090440932 0.0022718016347289039 0.0017594110978984702 0.0013174388897438485 0.016050088753174652 -0.0014487014869573958 -0.00088964703125942596 -0.0011891912138373877 -0.0013517645762912375 0 0.0066513140011948075 0.0011299095893298325 0.0012303788112679004 0.0078350979060194947
leaf_weight=3591.6216625645757 2297.4758770316839 2022.720565982163 3418.2807661220431 2685.6893886476755 73.786668822169304 2251.5696462392807 10542.77179902792 3676.3500187247992 185.80664645135403 120.93231457471848 401.739252358675 6317.4738504439592 493.8523827791214 465.91925838589668
leaf_count=18822 9330 8506 15226 11839 301 10089 45054 16087 754 489 1618 25691 2000 1893
internal_value=-1.40136e-05 -0.000419924 -0.000864164 0.000612898 0.0028591 0.000474558 -0.00140538 -0.000121212 0.0010951 0.00434686 0.000820331 0.000502202 0.00377492 0.00624408
internal_weight=38546 28262.8 19804.2 8458.55 2096.51 5669.85 14134.4 6362.04 10283.2 772.658 9510.54 8614.95 895.592 586.852
internal_count=167699 125924 89191 36733 8807 25315 63876 27926 41775 3136 38639 35021 3618 2382
is_linear=0
shrinkage=0.03


Tree=118
num_leaves=15
num_cat=0
split_feature=3 8 3 6 14 12 14 6 10 8 10 1 1 2
split_gain=24.6441 15.0032 12.7441 14.3417 12.4607 15.7191 11.6292 10.181 9.45058 7.87675 7.79972 7.32101 4.40175 1.93704
threshold=0.001607191131954903 0.18472701159656882 0.0086145175013772283 0.0010099600148238891 -0.022566079753905319 3.1394458821405595 0.0016788573096282507 0.00011985491411744914 2.1098456449045866 -0.34661527963621985 1.6330058901101367 0.77558630513371496 0.68737551570826716 0.22054322687388886
decision_type=8 10 8 10 10 10 10 10 10 10 8 10 10 10
left_child=1 6 4 8 10 -6 7 -1 -4 -8 -2 -5 -3 -14
right_child=2 12 3 11 5 -7 9 -9 -10 -11 -12 -13 13 -15
leaf_value=-0.0052249051914797289 -0.0022635548930112406 0.01100521423054817 0.0029117883818385788 -0.0090539010140368061 7.2024735209580648e-05 0.010673382238319913 0.0069281465933409524 0.0034877090399931367 -0.00032745573454402954 -0.002882667980609334 -0.010870889138656822 0.0010091988413184496 0.0049265355349838195 -0.0015907187030986456
leaf_weight=1684.3029798939824 543.54720199108124 58.781636133790016 3308.3291547298431 151.70692789554596 30921.065521642566 116.5179368108511 133.48644772171974 114.77303849905729 1027.7651002407074 132.93785732239485 116.90005511045456 89.433303713798523 58.449406832456589 76.137796141207218
leaf_count=10246 2231 303 13389 614 132625 489 746 627 4148 731 479 362 299 386
internal_value=5.25683e-05 -0.00297866 0.000243746 0.00172189 2.79322e-05 0.000117181 -0.00374625 -0.00461971 0.00213121 0.00188859 -0.00401598 -0.00519125 0.00470649 0.000969639
internal_weight=38534.1 2258.87 36275.3 4577.23 31698 31037.6 2065.5 1799.08 4336.09 266.424 660.447 241.14 193.369 134.587
internal_count=167675 13338 154337 18513 135824 133114 12350 10873 17537 1477 2710 976 988 685
is_linear=0
shrinkage=0.03


Tree=119
num_leaves=12
num_cat=0
split_feature=12 7 2 10 9 9 9 0 4 7 4
split_gain=11.9208 12.8651 16.122 13.3422 11.3697 15.1637 11.0624 8.44443 7.74364 5.59201 4.3031
threshold=2.3997122703535481 -0.61113770602403583 0.25193336447312586 1.4059387482656642 5.8076608133177392e-05 -3.7848034453913376e-05 -0.00018494501113683887 -0.20798015630268105 -2.8833033629406684 0.26136531005239499 1.0192477802652966
decision_type=8 8 8 8 10 8 8 10 8 8 10
left_child=1 2 3 -1 5 -3 -2 -4 -6 -8 -11
right_child=6 4 7 -5 8 -7 9 -9 -10 10 -12
leaf_value=0.00062214374629460903 -0.0055695072012985703 -5.1640959373738167e-05 0.001142691926874108 -0.0030570425273439869 -0.0031786003153691346 -0.0017803352613124464 -0.0028448169233387765 0.0040842546709044265 0.00060713102512687509 0.007779702323903806 0.002833019880896221
leaf_weight=4073.9329448416829 97.375752136111259 10169.272671237588 2166.9147911071777 1120.8234869986773 498.52794187515974 8391.4542855918407 68.515270702540874 1577.8889611586928 9586.361136443913 353.29376316815615 410.05943406373262
leaf_count=18483 398 43176 9438 4801 2128 38238 307 6919 40476 1519 1711
internal_value=0 -8.3961e-05 0.000906939 -0.0001645 -0.000395498 -0.000836966 0.00333775 0.00240569 0.000411083 0.00450545 0.00527101
internal_weight=38514.4 37585.2 8939.56 5194.76 28645.6 18560.7 929.244 3744.8 10084.9 831.868 763.353
internal_count=167594 163659 39641 23284 124018 81414 3935 16357 42604 3537 3230
is_linear=0
shrinkage=0.03


Tree=120
num_leaves=15
num_cat=0
split_feature=6 3 7 12 6 4 9 5 2 3 14 12 14 5
split_gain=20.3471 19.8948 18.3327 21.7012 16.6547 13.8559 13.2198 12.6391 16.3973 12.2849 8.37253 8.89578 6.9541 5.39669
threshold=-2.2584860515880336e-05 0.0013394559451828606 -0.56743400094928542 0.48606300744064007 -0.00035957584603375867 -1.6485058897634173 0.00010882473944757056 -0.051434782137590965 -0.085379483903145578 0.0038014016100753321 0.0020666022076422179 1.5245852302015221 -0.0090471925222297914 0.0072855361591475272
decision_type=8 8 10 10 10 8 8 10 10 8 10 10 10 8
left_child=2 10 4 6 13 -5 -4 8 -3 -9 11 -2 -6 -1
right_child=1 7 3 5 12 -7 -8 9 -10 -11 -12 -13 -14 -15
leaf_value=0.0089844781891781945 -0.0070115221861705617 -0.0054171773416123404 -0.001124180461293923 -0.0018093911700574629 -0.0033264704561606359 0.0025872953816218356 0.0028875024843527139 -0.0016570776640390554 0.0017694827332503467 -2.9068251906199161e-05 0.0040141251894579028 0.0033481737153763587 0.0020083716522842198 0.0030011266675179079
leaf_weight=417.09414567053318 709.27395286411047 298.32775942981243 7198.5184265822172 748.57030162960291 218.55474846065044 3899.6464818492532 807.57523137331009 7425.0354187041521 3474.4200166016817 9680.0062662959099 69.054102309048176 69.07721671462059 3320.5378730818629 273.94910506904125
leaf_count=1698 4860 1296 30639 3232 900 16354 3344 34095 14978 40094 405 430 14542 1129
internal_value=2.71919e-05 -0.000578226 0.000809615 0.000232143 0.00251833 0.00186399 -0.000708939 -0.000390982 0.00117252 -0.000739823 -0.00506308 -0.0059852 0.00165357 0.00677474
internal_weight=38609.6 21725.2 16884.4 12654.3 4230.14 4648.22 8006.09 20877.8 3772.75 17105 847.405 778.351 3539.09 691.043
internal_count=167996 96158 71838 53569 18269 19586 33983 90463 16274 74189 5695 5290 15442 2827
is_linear=0
shrinkage=0.03


Tree=121
num_leaves=12
num_cat=0
split_feature=3 5 7 9 12 14 12 11 9 3 7
split_gain=16.3636 14.2124 18.2306 14.9586 11.7352 9.70475 9.39609 11.4468 8.6498 7.96532 5.85644
threshold=0.0019051078728689831 -0.010173157647280389 0.62392523146788392 0.0001380822928276282 1.7946439124532916 -0.0064237662422583445 2.3997122703535481 0.0009486431339477202 -0.00017449315523116569 0.00055309223146937376 1.3288859074658073
decision_type=8 10 8 10 10 10 10 8 10 10 10
left_child=5 2 4 -4 -2 -1 7 -3 -7 -10 -8
right_child=1 6 3 -5 -6 8 10 -9 9 -11 -12
leaf_value=0.0092536618696885658 0.0014538429586226156 0.00031649772244054462 -0.0017036799939273164 0.0031912971990500582 0.0077954927487825258 0.0080367733282105218 9.2929938371994383e-05 -0.0011545051180601759 -0.012114511630200286 -0.0019711253613922592 0.0069859230788474509
leaf_weight=58.975717082619667 11053.11601023376 11018.574341475964 3046.2607325315475 672.79947213828564 264.72835323214531 63.848806068301201 225.78472392261028 8315.186458170414 64.211829021573067 3547.4049053788185 249.74156850576401
leaf_count=291 46323 46898 12609 2737 1099 324 955 35644 670 19287 1036
internal_value=0.000114379 0.000318259 0.00101402 -0.000795877 0.00161422 -0.00176778 -0.000207097 -0.000313329 -0.00198554 -0.00220099 0.00390596
internal_weight=38580.6 34846.2 15036.9 3719.06 11317.8 3734.44 19809.3 19333.8 3675.47 3611.62 475.526
internal_count=167873 147301 62768 15346 47422 20572 84533 82542 20281 19957 1991
is_linear=0
shrinkage=0.03


Tree=122
num_leaves=15
num_cat=0
split_feature=6 1 12 9 8 9 6 9 2 1 1 8 14 1
split_gain=14.6446 17.9832 16.1794 17.7619 14.3628 13.8203 11.6064 11.1333 10.7606 9.40477 7.75033 7.74058 6.54118 5.66596
threshold=-2.8071082054300271e-05 0.8285192952620144 0.64689662491560562 7.9308416487098316e-05 -0.30295500644261081 1.3408521298639011e-05 0.00015418724303464991 0.00046145036536788365 0.87985784583625881 0.85962058987650203 0.55292232857476675 0.056107708611053415 -0.010130967362924582 0.84313820702715392
decision_type=8 10 10 8 10 10 8 10 10 10 10 10 10 10
left_child=2 5 3 4 -1 11 9 -8 -7 -3 -4 -2 -5 -12
right_child=1 6 10 12 -6 8 7 -9 -10 -11 13 -13 -14 -15
leaf_value=0.00099497975252574897 -0.002512028490307139 0.0017387218447424823 0.0068766119444104946 -0.0022015401264833877 -0.0012820520892379414 -0.0005757000370647759 0.0035361753885636603 -0.0073441779307908735 0.0024853596534753705 -0.0024586773043073352 0.002347899558608116 -9.1650372096430157e-05 0.0033997377085233124 -0.00080522738977288676
leaf_weight=4088.4599251970649 5367.9876402691007 974.05412731319666 304.5201088488102 190.76656749844551 6299.4330868795514 10336.843037940562 1797.9662575721741 76.273009434342384 1134.1132812425494 921.46551490575075 3318.9041799753904 1594.7184688150883 1678.9642968326807 569.81554433703423
leaf_count=17831 25122 4443 1284 777 26572 45064 7514 310 4892 4156 13972 6899 7014 2383
internal_value=-2.03957e-05 -0.000524429 0.000656149 0.000100174 -0.000379994 -0.000912502 0.00135472 0.00302492 -0.000265931 -0.000272459 0.00226299 -0.0019672 0.00278765 0.0018696
internal_weight=38654.3 22203.4 16450.9 12257.6 10387.9 18433.7 3769.76 1874.24 11471 1895.52 4193.24 6962.71 1869.73 3888.72
internal_count=168233 98400 69833 52194 44403 81977 16423 7824 49956 8599 17639 32021 7791 16355
is_linear=0
shrinkage=0.03


Tree=123
num_leaves=12
num_cat=0
split_feature=3 3 1 9 6 9 8 2 0 9 8
split_gain=15.7873 13.5106 12.5939 16.049 14.0432 6.9081 6.00312 8.34472 5.49241 4.347 3.09031
threshold=0.0066941950141934338 0.00099139487194890527 0.7834818975505915 -0.00030785257052438284 -5.1843062980250204e-05 0.0005464921332872109 0.49772272306303272 0.37307489994417714 2.0330500407850987 -5.5558057800439977e-05 -0.02087419738549778
decision_type=8 10 10 10 10 10 8 10 8 10 10
left_child=1 9 4 -4 -3 6 7 -2 -8 -1 -11
right_child=5 2 3 -5 -6 -7 8 -9 -10 10 -12
leaf_value=0.0018336970568522697 -0.0001126543298449035 0.0012311120520523242 0.0080433437961135376 -0.001323832275605466 -0.00043659555469944622 -0.0053115977341515689 0.0029473732849208973 0.0022195593595504379 -0.0040915332541170751 -0.0075437408597947807 0
leaf_weight=46.696559675037861 3745.9276700764894 6951.8511339873075 155.94027526676655 9788.9506490081549 13026.228162288666 134.67234352231026 2047.244736135006 2135.8102739751339 89.3963672965765 346.57873243838549 41.998898170888424
leaf_count=339 15232 29729 652 42720 58149 546 8252 8681 359 2676 273
internal_value=-5.36877e-05 -0.000369995 -0.000290589 -0.00116299 0.000141047 0.00111576 0.00123766 0.000726378 0.00260723 -0.00556489 -0.00662824
internal_weight=38511.3 30358.2 29923 9944.89 19978.1 8153.05 8018.38 5881.74 2136.64 435.274 388.578
internal_count=167608 134538 131250 43372 87878 33070 32524 23913 8611 3288 2949
is_linear=0
shrinkage=0.03


Tree=124
num_leaves=15
num_cat=0
split_feature=10 9 9 2 5 2 8 1 11 11 5 10 13 13
split_gain=13.3922 14.5222 12.3265 15.1829 11.0445 16.1868 11.5049 10.6277 9.51306 10.652 9.15332 8.23894 6.42875 4.81916
threshold=-1.2824234112230102 0.00013561151441841891 -3.6383723863917524e-05 -0.23563759948908508 0.0020322080108936993 0.080152107263429362 1.1725168171071314 0.70681595443510492 0.0034052595770728065 -0.0030686011215092152 0.15026121923848137 -0.59294908432893401 0.017836854047510804 0.02135145781592138
decision_type=10 10 10 10 8 10 10 10 10 8 10 10 10 10
left_child=2 10 3 -1 6 -6 -3 -5 9 -4 11 -2 -12 -10
right_child=1 4 8 7 5 -7 -8 -9 13 -11 12 -13 -14 -15
leaf_value=-0.0065621682923104434 -0.0017070319014637525 0.001676976193667395 0.0029436795830716312 0.0052094927238207044 0.0039908833183796419 -0.0014417001206527224 0.009668358898410721 0.001460378566708319 0.004529858093139362 -0.00056525672510411205 -0.0016834616154180076 -0.00030455278380177113 -0.0084104259799251003 -0.0012546472192388558
leaf_weight=147.05676561594009 5023.8018385693431 2924.6949589401484 877.36257588863373 1142.0531181842089 602.12587244808674 2501.4042469114065 166.94927303493023 1849.5955941975117 619.07777160406113 6263.2197092548013 363.99753545224667 15685.293447338045 223.05771867930889 139.63519823551178
leaf_count=614 22358 12108 3618 4941 2541 10449 672 7957 2623 28244 1636 68381 981 595
internal_value=-2.83726e-05 -0.000384279 0.000852165 0.00244122 0.000888686 -0.000359004 0.00215764 0.00292417 0.000210894 -0.000122209 -0.000757651 -0.000648335 -0.00443799 0.00338474
internal_weight=38529.3 27491.3 11038 3138.71 6195.17 3103.53 3091.64 2991.65 7899.3 7140.58 21296.2 20709.1 587.055 758.713
internal_count=167718 119126 48592 13512 25770 12990 12780 12898 35080 31862 93356 90739 2617 3218
is_linear=0
shrinkage=0.03


Tree=125
num_leaves=15
num_cat=0
split_feature=4 11 10 9 6 6 10 9 13 11 11 6 9 12
split_gain=14.3855 13.2092 12.0579 14.7471 10.7302 7.93815 8.59302 7.73231 7.49809 7.07961 5.41518 4.52839 3.9382 3.55049
threshold=-3.073193121660406 8.806346799881925e-05 -1.1746552259801943 0.00012324652704918783 0.00015418724303464991 -9.0387041637100344e-05 0.40508722244037826 1.5636157982745762e-05 -0.045298544682097971 -4.3529669424614756e-05 -0.0034273780253315316 0.0003619624114908682 -9.763297713134333e-05 -0.7890276228326385
decision_type=8 8 10 10 10 10 10 10 8 10 8 10 10 10
left_child=5 7 4 -4 -3 6 13 9 -9 -2 -7 -12 -8 -1
right_child=1 2 3 -5 -6 10 12 8 -10 -11 11 -13 -14 -15
leaf_value=0 -5.3414438749910088e-05 -2.6943378722285472e-05 -0.0015780960523130601 0.00082075394754319519 0.003002130535449845 0.0010342101278122361 -0.0075281179499246519 0.0048782498509845748 0.0011034899369428658 0.0037385117649453414 -0.0063074419615856969 0 0.00019782383551338536 0.0071476981524273659
leaf_weight=94.432896330952644 9688.7251442596316 4325.7043682858348 9143.0343827083707 3040.0805664360523 1364.9946921318769 116.38606858253479 113.21331368386745 504.85855002701283 8640.7896747365594 453.28936900943518 697.11836697161198 118.39653931558132 85.980079755187035 137.112873069942
leaf_count=397 42055 19447 40390 12788 5780 484 467 2179 36920 2125 3192 496 363 579
internal_value=3.24153e-05 0.000145319 -0.000440058 -0.000974403 0.00069309 -0.00298157 0.000256363 0.000690842 0.00132352 0.000113668 -0.00452873 -0.00539824 -0.00405642 0.00422929
internal_weight=38524.1 37161.5 17873.8 12183.1 5690.7 1362.64 430.739 19287.7 9145.65 10142 931.901 815.515 199.193 231.546
internal_count=167662 161684 78405 53178 25227 5978 1806 83279 39099 44180 4172 3688 830 976
is_linear=0
shrinkage=0.03


Tree=126
num_leaves=15
num_cat=0
split_feature=3 1 2 6 2 1 14 6 0 10 14 7 6 3
split_gain=15.6485 13.1932 19.5077 12.8547 15.7312 12.2442 12.0507 9.62647 9.55951 9.38358 8.80588 8.63235 9.84587 8.42186
threshold=0.0046138624949333988 0.7834818975505915 -0.024794602391665744 -0.00029833843271048391 0.51837775120939189 0.8285192952620144 0.0081765536284179683 4.4132001323352977e-05 -0.17049331802256337 1.3183595830147246 -0.0020132854285966036 -1.3888363145596301 -2.2584860515880336e-05 0.00092217967610447392
decision_type=8 10 10 10 10 8 10 8 10 8 10 8 10 10
left_child=1 2 10 4 -3 7 -4 8 -2 -9 -1 -7 -13 -5
right_child=5 3 6 13 -6 11 -8 9 -10 -11 -12 12 -14 -15
leaf_value=0.00026005384679656781 -0.00014809737027306319 0.0073949586272214077 0.0002470815159098009 -0.0109958572325794 -0.0070521394048110638 0.0091735622181962836 0.0049410545208331382 0.00020219788525638473 0.001973047987600405 -0.0023877305804233442 -0.0040798142944687386 0.000126154120249684 0.0035995299600911205 -0.0017285830391870374
leaf_weight=567.69914274662733 3341.3144225329161 270.86128181219101 12448.877555727959 82.563471339643002 76.801580026745796 156.72884358465672 505.14973476529121 4151.2187882810831 4307.7562452554703 1775.2928876578808 1369.0532168224454 1407.8615184575319 1617.1158163249493 6502.3763495534658
leaf_count=2516 13661 1147 57083 646 323 640 2140 17037 17522 7255 6375 5727 6625 29244
internal_value=4.20865e-05 -0.000485609 1.39384e-05 -0.00156572 0.00392778 0.000732774 0.000438424 0.000334282 0.00103966 -0.000566226 -0.00278209 0.00240787 0.00200849 -0.00187037
internal_weight=38580.7 21823.4 14890.8 6932.6 347.663 16757.3 12954 13575.6 7649.07 5926.51 1936.75 3181.71 3024.98 6584.94
internal_count=167941 99474 68114 31360 1470 68467 59223 55475 31183 24292 8891 12992 12352 29890
is_linear=0
shrinkage=0.03


Tree=127
num_leaves=12
num_cat=0
split_feature=3 14 4 4 14 8 4 14 3 12 13
split_gain=20.3229 13.8079 160.241 138.154 28.763 24.728 19.7394 17.1118 9.42535 8.13142 7.32354
threshold=0.0012124440778360347 9.251263816613071e-05 -0.7079388023938552 -0.82272200458090794 -0.0011977026615903762 0.16866893918260364 -3.073193121660406 -0.0002031030198136399 0.00055309223146937376 1.6716403543413578 -0.010321777998210385
decision_type=8 10 10 10 8 10 8 10 10 10 10
left_child=8 3 6 7 -5 -4 -3 -2 -1 10 -10
right_child=1 2 5 4 -6 -7 -8 -9 9 -11 -12
leaf_value=-0.015280574180682809 -0.0034395353775718671 -0.0014227358026989922 -0.0034355943671652237 0.0029492459126156524 -0.00044145879946386304 -9.7343678453172175e-05 0.0039904629970103252 0.00070093266438511434 -0.00037012839281901837 0.0056450116494159881 -0.0067207874594271697
leaf_weight=62.542985193431377 9067.5789207965136 635.11270447075367 5508.8240711241961 7195.2286554425955 3229.9681752771139 3189.4983131438494 7817.2884198278189 967.48650404810905 281.24196731299162 65.590361170470715 470.06408927589655
leaf_count=663 39519 2721 23870 29963 14235 13295 33602 4360 1852 389 3084
internal_value=-0.000100493 3.90647e-06 0.000633119 -0.000520649 0.00189356 -0.00221993 0.00357542 -0.00303408 -0.00458266 -0.00351616 -0.0044584
internal_weight=38490.4 37611 17150.7 20460.3 10425.2 8698.32 8452.4 10035.1 879.439 816.896 751.306
internal_count=167553 161565 73488 88077 44198 37165 36323 43879 5988 5325 4936
is_linear=0
shrinkage=0.03


Tree=128
num_leaves=12
num_cat=0
split_feature=3 9 3 0 9 9 10 10 10 1 13
split_gain=14.1389 12.646 12.406 11.0982 8.92866 9.05523 12.6158 7.83571 4.52446 5.47001 0.383538
threshold=0.0033814671297761859 -0.00031763637664037329 0.00055309223146937376 -0.96192437182762169 0.00049060746616751865 0.00012813847556231609 -1.1170780615941311 -1.8910863012315384 0.11682995499297624 0.69285828787691339 -0.0091447764696338894
decision_type=8 10 10 10 10 10 10 10 10 8 10
left_child=1 -1 10 -4 5 6 -2 -7 -6 -10 -3
right_child=4 2 3 -5 8 7 -8 -9 9 -11 -12
leaf_value=0.011399844581476182 0.0012716649228873258 -0.0050667236200126805 -0.0044397630075269949 -0.00062099963571925101 0.001114280543116998 -0.0014466082911726865 -0.00044775035255828141 0.0017722681989585161 0 -0.0096578394101028888 -0.017484252745352258
leaf_weight=65.000513583421707 5557.4232116788626 34.503878697752953 721.30573923885822 12940.1863136217 77.256940141320229 743.27351516485214 12336.517016142607 5763.3304243087769 88.918583050370216 157.46117009222507 29.643220737576485
leaf_count=290 23082 371 3441 61213 314 3046 50974 23647 362 640 318
internal_value=-6.06719e-05 -0.000831303 -0.000901851 -0.000830113 0.000366907 0.000435629 8.33191e-05 0.0013937 -0.00449231 -0.00645928 -0.0131984
internal_weight=38514.8 13790.6 13725.6 13661.5 24724.2 24400.5 17893.9 6506.6 323.637 246.38 64.1471
internal_count=167698 65633 65343 64654 102065 100749 74056 26693 1316 1002 689
is_linear=0
shrinkage=0.03


Tree=129
num_leaves=15
num_cat=0
split_feature=2 9 0 9 10 5 8 14 12 0 10 0 12 9
split_gain=11.6085 13.5317 12.4004 10.2235 14.254 8.8455 8.83857 8.77003 13.6891 10.3505 5.72771 5.60251 6.47364 5.34525
threshold=-0.0038563797948996978 -0.00046462528798211442 -0.6630138006173637 3.6430948731849275e-05 2.1507136697961626 0.0051493463298533772 -0.25875571273748843 0.004581062842274432 1.1841703794001102 1.2322424122386206 -0.34218375627534725 -0.24694861860645997 -0.81066003614618976 -0.00017449315523116569
decision_type=10 10 10 10 10 8 8 10 10 10 10 10 10 10
left_child=2 11 6 4 -3 -5 13 9 -9 -4 -8 12 -2 -1
right_child=1 3 7 5 -6 -7 10 8 -10 -11 -12 -13 -14 -15
leaf_value=0.0060731390799962232 0.0028138782031037089 1.4111699627552016e-05 -0.001284032720298112 0.0016367537651108533 -0.0038105410041213259 9.4144886104076411e-05 -0.0096120189473367125 0.0041344404701714023 -0.0062306661746986845 0.0049098639020653725 -0.003357356678591925 0.0023993923916754106 0.014996593335476698 -0.0021383073042287337
leaf_weight=73.935041591525078 100.11344203352928 16994.963343337178 4296.7391440421343 7138.2903898730874 913.05260021984577 6454.5269311219454 267.7979641854763 690.0016126781702 124.04192207753658 244.3031115680933 367.3546601831913 326.85593968629837 87.833241701126099 415.97454937547445
leaf_count=310 404 75632 18934 30328 3790 27666 1137 2853 515 1021 1522 1318 355 1858
internal_value=0.000134416 0.000370219 -0.00102011 0.000288511 -0.00017956 0.000909267 -0.00387488 -0.000403061 0.00242578 -0.000927568 -0.00619561 0.00515482 0.00928033 -0.000682354
internal_weight=38495.8 32015.6 6480.15 31500.8 17908 13592.8 1125.06 5355.09 814.044 4541.04 635.153 514.803 187.947 489.91
internal_count=167643 139493 28150 137416 79422 57994 4827 23323 3368 19955 2659 2077 759 2168
is_linear=0
shrinkage=0.03


Tree=130
num_leaves=12
num_cat=0
split_feature=3 3 11 1 4 13 12 8 0 12 0
split_gain=18.1035 11.6371 10.9123 11.6219 11.4015 5.44344 6.09824 4.92073 2.66908 2.0052 0.976574
threshold=0.00092217967610447392 0.018000175796742023 8.806346799881925e-05 0.66994375326231548 -3.0248364559772916 -0.0059759707309408648 0.39143239412345493 -0.20517211051465981 0.27253022332654281 -1.0259868559501413 0.53775327989031052
decision_type=8 8 10 10 10 8 8 10 10 10 10
left_child=7 2 4 -4 -2 -3 -7 8 9 -1 -10
right_child=1 5 3 -5 -6 6 -8 -9 10 -11 -12
leaf_value=-0.002628435622486624 -0.003060506996938371 0.011237333284773067 0.00067271525631025346 -0.0010441714779730552 0.00058553475015108434 0 0.0074072761610302733 0 0 -0.012600211960664529 -0.0053202383413958956
leaf_weight=46.534525915980339 790.7232271283865 85.26708011329174 4785.8239683508873 13302.095414325595 18849.218628719449 269.72516655921936 148.99695089459419 67.480067066848278 36.716244004666805 142.41648810356855 36.947410777211189
leaf_count=375 3417 343 20955 58048 80806 1085 599 493 303 1181 308
internal_value=-5.38064e-05 5.92323e-06 -5.35742e-05 -0.00058647 0.000434205 0.00449094 0.00274711 -0.00694493 -0.00874162 -0.0107015 -0.00231901
internal_weight=38561.9 38231.9 37727.9 18087.9 19639.9 503.989 418.722 330.095 262.615 188.951 73.6637
internal_count=167913 165253 163226 79003 84223 2027 1684 2660 2167 1556 611
is_linear=0
shrinkage=0.03


Tree=131
num_leaves=13
num_cat=0
split_feature=2 10 10 3 14 5 5 13 6 6 7 2
split_gain=11.9706 11.1497 16.2143 15.7741 13.8319 10.6327 8.91447 8.7537 8.3152 6.92099 6.20007 5.72412
threshold=-0.029317038438523031 -1.0616797664108557 -0.97076103311920636 0.0013394559451828606 0.003622870287707716 0.10756469565091656 -0.093906816318444525 -0.078908366602504082 -0.00077010378048480977 0.0003619624114908682 -0.50306438373550566 -0.091182765529393042
decision_type=10 10 10 10 10 10 10 8 8 10 10 10
left_child=7 4 6 -4 5 -2 -3 -1 11 -10 -6 -9
right_child=1 2 3 -5 10 -7 -8 8 9 -11 -12 -13
leaf_value=0.0082719684253296424 5.9056057375935876e-05 -0.013971793509170841 -0.0046366539543860382 5.3578854354482066e-05 0.0065096997292629017 0.0035072933222028619 -0.0032082857779167661 0.0053879931055812692 -0.0021211771224598133 0.0021073074199955558 0.002223864496693974 -0.002526892410338133
leaf_weight=72.06432780623436 8575.5076428800821 74.279997706413269 656.45365948975086 19861.90990178287 394.19801042973995 882.96611772477627 712.48250105977058 243.78437924385071 4818.9648389145732 353.44166170060635 1750.558676019311 102.63336028158665
leaf_count=321 38151 331 4261 84646 1643 3968 3121 981 21064 1462 7325 413
internal_value=-7.2998e-05 0.000143522 -0.000261827 -9.57407e-05 0.000892549 0.000390656 -0.0044624 -0.00135614 -0.00150745 -0.00181715 0.00306598 0.0028696
internal_weight=38499.2 32908.4 21305.1 20518.4 11603.2 9458.47 786.762 5590.89 5518.82 5172.41 2144.76 346.418
internal_count=167687 143446 92359 88907 51087 42119 3452 24241 23920 22526 8968 1394
is_linear=0
shrinkage=0.03


Tree=132
num_leaves=15
num_cat=0
split_feature=3 9 0 5 7 0 3 5 7 4 2 4 8 12
split_gain=15.6605 13.807 13.5865 11.8497 8.92292 10.8535 8.40591 8.34399 7.68604 6.97548 7.01422 6.51095 5.73858 5.20904
threshold=0.0029051489689404125 9.7594376600331772e-05 -0.94185527229912747 -0.01487451730120694 -1.0843913854554994 -1.6399293817962508 0.0065768298763446975 -0.044048090958088044 0.50561915774887123 0.73891429890172866 0.045692019515834924 -0.39136432956032613 -0.48006433545194455 -0.83288627546158234
decision_type=8 10 10 10 8 10 8 10 10 10 10 10 10 10
left_child=1 2 12 11 9 8 -7 -4 -6 10 -2 -3 -1 -5
right_child=4 3 7 13 5 6 -8 -9 -10 -11 -12 -13 -14 -15
leaf_value=-0.0015159541959136158 0.0043205882792115465 0.0066933405896760804 0.00029809613585940302 -0.0049277317860682941 -0.0077585333194017825 -0.00014261633387625046 0.0010415416552543206 -0.0017888385387018755 0.0020189557741854178 0.0081027936891170764 0.00058506678013783267 0 -0.0089073291687150977 0.00058025919931539531
leaf_weight=173.99727264791727 612.88201344013214 438.90037249773741 2339.0669382885098 187.78888003528118 249.72196437418461 17537.717618003488 7742.1253585517406 6069.6844899356365 83.345634743571281 152.51747779548168 1860.3580385893583 177.40889640152454 300.70474846661091 647.63133288174868
leaf_count=899 2564 2001 11783 864 1045 73591 31403 29898 348 632 7735 797 1480 2977
internal_value=-4.66505e-05 -0.0010466 -0.00149344 0.00163815 0.000317442 0.000143815 0.000217936 -0.00120152 -0.00514942 0.00198135 0.00154858 0.00477015 -0.00640905 -0.000630519
internal_weight=38573.9 10335.2 8883.45 1451.73 28238.7 25612.9 25279.8 8408.75 333.068 2625.76 2473.24 616.309 474.702 835.42
internal_count=168017 50699 44060 6639 117318 106387 104994 41681 1393 10931 10299 2798 2379 3841
is_linear=0
shrinkage=0.03


Tree=133
num_leaves=15
num_cat=0
split_feature=11 3 4 10 10 7 14 9 11 12 9 9 5 11
split_gain=13.8724 19.6802 15.383 13.4193 10.5115 9.10336 9.04473 8.38564 9.94953 7.42721 6.95598 6.73621 6.30256 11.7511
threshold=2.2707028070425529e-05 0.0028423945426834375 -3.073193121660406 -1.5470208257831199 1.5698003715649946 -0.77238578958411785 0.028738319561379764 1.4521077302784847e-05 1.0000000180025095e-35 -0.38048791477942751 3.2485165319808832e-05 0.00046145036536788365 0.012339256553178997 -0.0027512470380273752
decision_type=8 8 10 10 10 10 10 10 10 10 10 10 10 10
left_child=2 3 12 9 6 -6 -3 8 -4 -2 -5 -9 13 -1
right_child=1 4 7 10 5 -7 -8 11 -10 -11 -12 -13 -14 -15
leaf_value=0.00022343223415097733 -0.0032175640033585318 0.00012825975305542976 -6.9927435669099887e-05 -0.0043280799479308773 0.002128217918006861 -0.0026282364289005105 0.0058374579102711275 0.001423633133884266 0.010360820179921853 0.0018932451845444316 -0.0014424453942538237 -0.0036186966768726328 0 -0.0093983594592042963
leaf_weight=163.07918345928192 351.81371584534645 11467.472299411893 9771.8527177348733 2220.9480288848281 411.78901290893555 2185.9289118498564 246.29947277903557 8770.5874200835824 72.984483391046524 846.26378425210714 1267.3015346154571 229.37815526127815 219.96989399939775 294.47320242226124
leaf_count=676 1774 48257 42479 11343 1712 9049 1001 37529 342 4239 6156 928 958 1321
internal_value=-9.97487e-05 -0.00067797 0.000459924 -0.0023638 -0.000120485 -0.00184597 0.000258299 0.000623176 1.17473e-05 0.000328587 -0.00330398 0.00128459 -0.00393656 -0.00590924
internal_weight=38520.1 18997.8 19522.3 4686.33 14311.5 2597.72 11713.8 18844.8 9844.84 1198.08 3488.25 8999.97 677.522 457.552
internal_count=167764 83531 84233 23512 60019 10761 49258 81278 42821 6013 17499 38457 2955 1997
is_linear=0
shrinkage=0.03


Tree=134
num_leaves=12
num_cat=0
split_feature=3 5 14 4 14 12 14 3 13 3 8
split_gain=13.8818 10.0398 11.2257 14.1769 9.2813 12.1515 8.17134 7.68966 6.0129 6.43598 5.42835
threshold=0.0015163003913740674 -0.051434782137590965 0.005646505957763147 0.34999318726455397 -0.022566079753905319 2.9084277473582669 -0.048586748266025527 0.012046019087944219 0.027264783613215656 0.00055309223146937376 0.19354478967886338
decision_type=8 10 10 8 10 10 8 8 10 10 10
left_child=8 2 6 -4 7 -6 -2 -3 9 -1 -11
right_child=1 4 3 -5 5 -7 -8 -9 -10 10 -12
leaf_value=-0.01125694813158414 0.006958311639255854 -0.0051886192312140308 0.0058681254387262637 -0.0031988723093061629 -0.00013380987245383499 0.006855564567610801 0.00040269821749338598 0.00062914943627729106 -0.0096761333734811279 -0.0022073068957788405 0.0039303198549870905
leaf_weight=59.218588024377823 167.91448862850666 579.11375588178635 775.57775792479515 177.32338914275169 28413.008906036615 215.45406126976013 6079.7066176384687 283.9326318949461 97.416960380971432 1545.4561968669295 125.97035063803196
leaf_count=647 675 2383 3168 730 121780 903 25730 1147 569 9374 655
internal_value=-5.41398e-05 7.16996e-05 0.00107634 0.00410286 -0.000171836 -7.67382e-05 0.000599317 -0.00322063 -0.00259922 -0.0021131 -0.00168842
internal_weight=38520.1 36692 7200.52 952.901 29491.5 28628.5 6247.62 863.046 1828.06 1730.65 1671.43
internal_count=167761 156516 30303 3898 126213 122683 26405 3530 11245 10676 10029
is_linear=0
shrinkage=0.03


Tree=135
num_leaves=15
num_cat=0
split_feature=7 6 3 9 1 4 11 12 12 14 3 14 4 1
split_gain=14.307 17.8877 11.609 10.4842 13.5264 9.85091 9.28501 13.3351 9.64016 8.81059 10.6153 8.51332 8.03858 7.00404
threshold=-0.61113770602403583 4.4132001323352977e-05 0.0016900752871000736 8.8734405369628199e-06 0.64432900051903852 -3.1303891787143256 0.0015309599865373134 0.011099667268477421 2.3997122703535481 0.0020666022076422179 0.0060635061206800386 0.0011589534968814714 -0.11950892660915001 0.80375423023918657
decision_type=8 10 8 10 10 10 10 8 10 10 10 10 8 10
left_child=1 9 3 4 -2 -3 7 -4 -8 10 -1 -7 -11 -5
right_child=2 5 6 13 -6 11 8 -9 -10 12 -12 -13 -14 -15
leaf_value=0.00092114555247245792 0.0017398784797596977 -0.0081667497703052493 -0.00044659129285597833 -0.0013485995153327416 -0.0065273923299112415 -0.0011817270671918192 -0.001110513571455928 0.001126898613460606 0.0036276982667376458 0.0060956021552350083 0.0049502175888070715 0.0020600335414403485 0 0.0058602708700052448
leaf_weight=3651.3108723163605 213.94529638439417 134.78581704199314 10016.312511026859 583.10477960109711 752.74136684089899 2309.1977138370275 8085.5801741033792 9319.8284257352352 391.00317569077015 835.02036136388779 710.24934592843056 1049.6372623890638 277.69975811988115 142.18136439472437
leaf_count=16958 1288 591 42622 3294 4463 10190 34359 39276 1643 3524 2884 4468 1185 804
internal_value=0.00011615 0.00116578 -0.000201138 -0.00260704 -0.00463718 -0.000496686 -5.17356e-05 0.000308904 -0.000880865 0.00223666 0.0016008 -0.000147757 0.00463918 4.34704e-05
internal_weight=38472.6 8967.9 29504.7 1691.97 966.687 3493.62 27812.7 19336.1 8476.58 5474.28 4361.56 3358.83 1112.72 725.286
internal_count=167549 39800 127749 9849 5751 15249 117900 81898 36002 24551 19842 14658 4709 4098
is_linear=0
shrinkage=0.03


Tree=136
num_leaves=15
num_cat=0
split_feature=0 7 0 8 5 14 12 11 8 9 10 9 7 9
split_gain=13.0747 11.9952 14.3178 13.4366 13.1533 11.1469 10.1296 12.2323 10.5214 8.13462 7.17891 6.67007 6.96873 5.93501
threshold=-0.86763169271764251 0.60078183139330943 1.1565886567596106 1.0604370015839115 -0.0096229205397235871 0.0065040531345379633 -1.1482545303033911 -0.0055275265878715436 0.49772272306303272 -5.094248123538758e-05 0.44919401680013976 0.00019145305216746071 -0.90605670602086608 -0.00030785257052438284
decision_type=10 8 10 8 10 10 10 10 8 10 10 8 10 10
left_child=6 3 5 4 -2 -3 11 -8 -9 -5 -4 13 -13 -1
right_child=1 2 10 9 -6 -7 7 8 -10 -11 -12 12 -14 -15
leaf_value=0.0067102844018055831 0.00120426122281006 -0.0018800977291454906 0.0032423437559155107 2.4414131265866433e-05 -0.00016269373122199991 0.0010760961774651607 0.0082376059769683659 -0.0039606307749089145 0.0037570608763551269 0.0096942705154528554 -0.00072573295888928415 0.011937535708510832 0.00027048830660125788 -0.0011538395622170221
leaf_weight=82.082262769341469 11520.426073811948 5924.4195821583271 1060.7252024337649 137.74562877416611 13913.272170342505 1388.6945164948702 72.878049537539482 2016.8096209168434 156.7784665375948 220.59029997885227 625.84360152482986 74.247755944728851 127.52603051066399 1155.6250834241509
leaf_count=334 50665 25479 4454 556 61356 5704 295 8764 642 907 2574 305 523 5063
internal_value=2.74168e-05 0.000209113 -0.000730542 0.00053947 0.000454353 -0.00130985 -0.0016673 -0.0029241 -0.00336183 0.00624162 0.00173893 0.000259309 0.00520796 -0.000534617
internal_weight=38477.7 34791.7 8999.68 25792 25433.7 7313.11 3685.95 2246.47 2173.59 358.336 1686.57 1439.48 201.774 1237.71
internal_count=167621 151695 38211 113484 112021 31183 15926 9701 9406 1463 7028 6225 828 5397
is_linear=0
shrinkage=0.03


Tree=137
num_leaves=15
num_cat=0
split_feature=14 4 4 14 14 8 2 9 9 2 0 8 2 11
split_gain=12.8574 155.221 100.312 45.5755 26.7259 26.0371 22.2234 18.5605 15.1945 12.1882 11.8174 11.2422 15.2256 9.11301
threshold=0.00039950441406461237 -0.7079388023938552 -0.82272200458090794 -0.00043366481305328588 -0.0002031030198136399 0.056107708611053415 -0.17475855269739368 0.00022369464087546034 2.256273730710357e-05 0.93565585449697319 -0.26022227902388456 -0.36217889302042272 0.64595715531869224 0.0040389978359388901
decision_type=10 10 10 8 10 10 10 10 10 8 10 10 10 8
left_child=2 11 4 6 9 7 -4 -3 -5 -1 -7 13 -13 -2
right_child=1 5 3 8 -6 10 -8 -9 -10 -11 -12 12 -14 -15
leaf_value=-0.003427544432013741 0.00475036955652282 -0.0045026894639050791 -0.001604741033874907 -0.0035144831403465986 0.00073638378205931766 0.0031289571278214807 0.0031902985425776619 0.0015728433143970073 0.00075479509361329252 0.00038273806234634991 -0.0011777945622281731 0.0022123868126937003 0.0068034480367327194 0.010975769245021064
leaf_weight=8517.26626072824 2224.9135323911905 3820.9023936837912 957.1507460847497 1683.222530670464 1954.3043939396739 697.68298150599003 7680.7215825244784 492.34614406526089 1307.4950342327356 796.20609354227781 2953.7370841801167 4388.5527329966426 781.50341758877039 253.92815853655338
leaf_count=37792 9980 16831 3978 7845 9142 2903 32482 2024 5798 3463 12375 18735 3360 1067
internal_value=4.38445e-05 0.000708808 -0.000407102 0.00154377 -0.00242535 -0.00221647 0.00265079 -0.00379327 -0.00163173 -0.00309531 -0.000332211 0.0037616 0.00292975 0.00545373
internal_weight=38509.9 15613.6 22896.4 11628.6 11267.8 7964.67 8637.87 4313.25 2990.72 9313.47 3651.42 7648.9 5170.06 2478.84
internal_count=167775 67275 100500 50103 50397 34133 36460 18855 13643 41255 15278 33142 22095 11047
is_linear=0
shrinkage=0.03


Tree=138
num_leaves=15
num_cat=0
split_feature=3 12 14 4 1 4 14 14 14 4 2 4 14 14
split_gain=14.71 12.3363 11.735 16.6895 13.619 8.43514 40.7399 37.0449 8.36051 35.9832 18.935 15.6526 33.7132 32.757
threshold=0.0035989577711491301 0.67822451865644229 -0.0022121474546391308 -1.1235375860756973 0.78640661906380549 -1.4571945308885328 0.00029537724046598289 -0.0016520735627741231 -0.0075758164046075879 -1.2363458492954755 -0.1655906213632026 -0.29335034906180385 -0.0017664162751882954 7.4728196764283083e-05
decision_type=8 10 10 10 8 8 10 10 10 10 10 10 10 8
left_child=1 5 3 -3 -4 6 -1 -7 9 -2 -11 13 -13 -10
right_child=8 2 4 -5 -6 7 -8 -9 11 10 -12 12 -14 -15
leaf_value=-0.0025938483845399343 -0.0039468775567406402 -0.0018846074440917813 0.0012123764694374028 0.0067330213113365317 -0.0031722621984554759 0.0035884508215001652 0.0026328446614642298 -0.0029766804643870924 -0.00030226947408922944 -0.0033694315529874527 0.0025978929896208706 0.0030723273837412945 -0.0014033277526439628 0.0030495629081278503
leaf_weight=3150.3441598191857 1842.8178322762251 289.89565075188875 1985.2418446093798 573.33671993017197 924.61180770397186 891.49618231505156 2318.1846382021904 5217.0264156237245 4833.3083368688822 583.73476621508598 2351.0136499851942 2018.9234499782324 5942.7320109307766 5650.5835984051228
leaf_count=15157 7646 1327 9367 2482 4326 4032 10841 24831 20097 2375 9527 8307 24531 23188
internal_value=-2.79101e-05 -0.00074969 0.00072866 0.00378185 -0.000166395 -0.00123689 -0.000366468 -0.00200444 0.00044671 -0.000664165 0.00138318 0.000737892 -0.00025843 0.00149976
internal_weight=38573.3 15350.1 3773.09 863.232 2909.85 11577.1 5468.53 6108.52 23223.1 4777.57 2934.75 18445.5 7961.66 10483.9
internal_count=168034 72363 17502 3809 13693 54861 25998 28863 95671 19548 11902 76123 32838 43285
is_linear=0
shrinkage=0.03


Tree=139
num_leaves=15
num_cat=0
split_feature=11 14 13 13 6 10 3 6 2 9 2 1 14 11
split_gain=12.5669 10.6925 11.8622 11.1354 8.52856 7.68958 7.82198 7.553 12.996 8.70813 8.82953 7.40342 6.5051 5.66202
threshold=-0.00082550153855991094 0.00039950441406461237 0.0043764438334793808 -0.012971891126771495 -0.00033108511769391517 3.3630940611038063 0.0018251773343567121 2.2022430570811661e-05 1.1789313315994685 1.4521077302784847e-05 0.25193336447312586 0.83354806135194581 -0.028728998494648276 -0.0033482513025922529
decision_type=10 8 10 8 10 10 10 8 10 8 8 10 10 10
left_child=7 5 3 -3 -4 6 -2 9 11 12 -11 -9 -1 -10
right_child=1 2 4 -5 -6 -7 -8 8 13 10 -12 -13 -14 -15
leaf_value=-0.0034647074935177662 -0.0028324209457694536 0.0010861961853999276 0.0053310727917479971 -0.0015990012383053085 0.0010735145074633864 -0.0075394736170515675 -0.00057415514860119355 -0.00072586762497297154 0 0.0010971204822299758 0.0048137576866840335 0.0020194309622106345 0.00095107769094281798 0.008652437223136732
leaf_weight=305.16569995880127 1568.5996774211526 2308.6113336831331 484.47032019495964 3410.1144282072783 3633.1342666596174 148.22890588641167 12466.585486069322 5513.835550352931 108.27974742650986 1282.8190700039268 1130.7473224028945 1036.2904522716999 4937.7331211343408 207.4328680112958
leaf_count=1227 9140 10248 1976 15019 15711 606 53715 23444 444 5450 4759 4343 20964 888
internal_value=3.53851e-05 -0.000384149 0.000371378 -0.000504528 0.00160069 -0.000912234 -0.000832652 0.000733206 1.71473e-06 0.00138048 0.00287579 -0.000279974 0.000676526 0.00585931
internal_weight=38542 24019.7 9836.33 5718.73 4117.6 14183.4 14035.2 14522.3 6865.84 7656.47 2413.57 6550.13 5242.9 315.713
internal_count=167934 106415 42954 25267 17687 63461 62855 61519 29119 32400 10209 27787 22191 1332
is_linear=0
shrinkage=0.03


Tree=140
num_leaves=15
num_cat=0
split_feature=6 9 3 9 3 12 8 12 10 9 6 4 3 6
split_gain=10.305 16.1474 15.5991 16.5906 13.5791 12.2093 12.2015 13.6945 9.83195 8.71639 8.19212 7.32996 7.08945 4.81773
threshold=-2.2584860515880336e-05 0.0003045935847186488 0.0022569594480945517 -0.00022247245369312772 0.0081576120311152942 0.48606300744064007 -0.53699225172006682 0.48606300744064007 -1.0616797664108557 -0.000165462659084572 2.0266917108309934e-05 0.1227960790702335 0.0068212338079811823 -7.9762887892006093e-05
decision_type=8 8 8 10 8 10 10 10 10 10 10 8 10 10
left_child=1 6 5 4 -4 9 11 -8 -5 -2 -7 -1 13 -3
right_child=2 12 3 8 -6 10 7 -9 -10 -11 -12 -13 -14 -15
leaf_value=0.0022927440263304489 0.0070259055905805019 0.015178487829529042 -0.0071031061744335098 0.0011196968590812195 2.1935997264791518e-05 -0.0029289488000813551 -0.00039132748831532954 0.0015284713562950093 -0.00037427521572522065 -0.0036059064795001695 0.0022693170926014476 0.0091871637252827314 0.0015847903035190517 0.0034366837233948191
leaf_weight=988.42570380121469 58.662206284701824 104.00298716127872 518.53769224882126 6258.1683299690485 411.47605475783348 414.4818007349968 10515.969870865345 4876.4156445041299 10709.322720140219 2524.5751044675708 741.49576644599438 166.0615453645587 149.28288614749908 75.230546161532402
leaf_count=4370 307 423 2185 26614 1675 2346 44809 20583 45226 13849 3770 724 600 310
internal_value=2.17679e-05 0.000578726 -0.000409922 -3.78915e-05 -0.00392017 -0.00216977 0.000441888 0.00021358 0.000173552 -0.00331517 0.000344858 0.00340634 0.00707716 0.0110092
internal_weight=38512.1 16875.4 21636.7 17897.5 930.014 3739.21 16546.9 15392.4 16967.5 2583.24 1155.98 1154.49 328.516 179.234
internal_count=167791 71819 95972 75700 3860 20272 70486 65392 71840 14156 6116 5094 1333 733
is_linear=0
shrinkage=0.03


Tree=141
num_leaves=13
num_cat=0
split_feature=3 14 9 14 10 2 4 2 2 14 12 10
split_gain=12.085 16.3398 10.9611 14.8024 13.328 10.7285 9.31826 13.5333 11.1468 5.42431 5.3671 2.00546
threshold=0.018000175796742023 -0.022566079753905319 0.00017272267231142283 -0.0015978884660264453 2.034291675877888 0.025276534200771261 -1.0217783012118338 0.74798984784559763 -0.20794831730001312 0.016145975834879589 0.36584376710236094 1.7269491305420386
decision_type=8 10 10 10 8 8 10 10 8 8 10 10
left_child=1 6 4 -4 -3 10 7 -1 -8 11 -2 -7
right_child=5 2 3 -5 -6 9 8 -9 -10 -11 -12 -13
leaf_value=-0.0095437318009754402 -0.0044342488598893238 1.8342549427213874e-05 -0.0009570647761512832 0.0023007079438497522 -0.0025641401393376702 0.0044890951911766347 -0.008264841569106722 0.0015802529954309372 0.00037487115362910985 0.00043764994873325041 0.0050664301615002587 0.013065761720846026
leaf_weight=356.70905081927776 124.02824954688549 29048.985531926155 1791.2859798073769 3992.974351271987 1904.4319223314524 78.294170558452606 155.03768867254257 119.22847957909107 663.02378644049168 77.384036749601364 77.109760344028473 138.61150459945202
leaf_count=1481 499 128751 7411 16481 7947 315 628 497 2671 311 310 558
internal_value=2.71413e-05 -3.25275e-05 8.29949e-05 0.00128157 -0.000139386 0.00463637 -0.0033338 -0.00665838 -0.00127009 0.00820378 -0.000440371 0.0105686
internal_weight=38527.1 38031.7 36737.7 5784.26 30953.4 495.428 1294 475.938 818.061 294.29 201.138 216.906
internal_count=167860 165867 160590 23892 136698 1993 5277 1978 3299 1184 809 873
is_linear=0
shrinkage=0.03


Tree=142
num_leaves=14
num_cat=0
split_feature=0 11 7 6 9 8 2 6 2 1 1 10 10
split_gain=10.24 11.3495 8.47764 15.7159 13.1244 10.8683 7.94926 7.7187 6.57542 6.45739 10.108 8.94419 3.7091
threshold=-1.1116969283198148 -0.0040682941330482192 -0.61113770602403583 4.2209406046126818e-05 0.00012324652704918783 -0.11074187081884772 0.25511671860944757 -7.7282663434837432e-05 1.0229193825241671 0.71400392550166625 0.81656497287507979 -1.9128846664915093 1.086925375309842
decision_type=10 10 8 10 10 8 10 8 8 10 10 8 8
left_child=1 12 3 8 7 -6 -5 -4 -2 11 -11 -3 -1
right_child=2 9 4 6 5 -7 -8 -9 -10 10 -12 -13 -14
leaf_value=0.0081908519883588885 0.0017506607137159672 0.0091185157429603363 0.00015253970657659209 -0.0019111621366455513 -0.00050136409565725384 0.0020108976346954691 0.0010763949541063309 -0.00098914458868539748 0.0075768052901655138 -0.0061882360488965038 -0.00045229987708871814 -0.0016575797194738797 0
leaf_weight=103.05599883198738 4788.9066066965461 69.26068077236414 8919.3538331016898 1936.4506394714117 2505.8889818638563 3907.3418379575014 1327.8035270571709 12931.163286775351 179.71311338245869 768.55417782813311 468.17674917727709 528.38550033420324 84.033304736018181
leaf_count=422 21546 308 37277 8559 10569 16083 5737 58597 781 3339 2013 2283 342
internal_value=-3.71902e-05 -0.00211126 7.65915e-05 0.000924277 -0.000168446 0.00102067 -0.00067801 -0.000520509 0.00198824 -0.00285399 -0.00408601 -0.000180495 0.00464191
internal_weight=38518.1 2021.47 36496.6 8232.87 28263.7 6413.23 3264.25 21850.5 4968.62 1834.38 1236.73 597.646 187.089
internal_count=167856 8707 159149 36623 122526 26652 14296 95874 22327 7943 5352 2591 764
is_linear=0
shrinkage=0.03


Tree=143
num_leaves=13
num_cat=0
split_feature=8 10 9 14 4 1 9 9 9 9 10 10
split_gain=9.02426 8.46469 14.9593 9.91292 21.7854 9.01736 7.47956 5.59531 4.09135 6.80287 6.61779 5.88703
threshold=0.64193427232050548 1.9992014879998667 -0.00046462528798211442 0.0085127735071148704 -1.0012827211239339 0.33632467336988792 0.0001042977387820976 -0.00056241288559048406 0.00049060746616751865 0.00013561151441841891 -0.55010338128023661 -1.0340177207236529
decision_type=8 8 10 10 8 8 10 10 8 10 8 10
left_child=1 3 7 5 -5 -1 -4 -3 9 11 -11 -2
right_child=8 2 6 4 -6 -7 -8 -9 -10 10 -12 -13
leaf_value=-0.0059744362477991151 0.0025460619696043027 0.00056083675364850948 -0.0037850199127588678 0.0045578214441334896 -0.001099845081115139 -0.00016922390689002849 -0.0001191370944612139 0.01159768204433167 -0.0034602071523006464 0 0.0050687527702420031 -0.00017749477824843428
leaf_weight=233.63628420233727 1033.8231734782457 101.17936138808727 1518.1814167946577 1232.7681382894516 1175.9152954518795 29021.556620046496 797.53031852841377 80.279471844434738 144.29918825626373 346.02716544270515 736.28833948075771 2148.5357975512743
leaf_count=1029 4324 407 6376 5056 4850 128616 3302 324 582 1407 2989 8807
internal_value=-3.3673e-05 -0.000200153 -0.00187902 -6.5304e-05 0.00177782 -0.000219661 -0.00255423 0.00610777 0.00124018 0.00142099 0.00347861 0.000693691
internal_weight=38570 34161 2497.17 31663.9 2408.68 29255.2 2315.71 181.459 4408.97 4264.67 1082.32 3182.36
internal_count=168069 149960 10409 139551 9906 129645 9678 731 18109 17527 4396 13131
is_linear=0
shrinkage=0.03


Tree=144
num_leaves=11
num_cat=0
split_feature=3 5 14 12 7 1 12 3 10 10
split_gain=11.3224 10.5582 9.1729 11.1009 8.72403 13.5859 11.625 7.4983 6.93751 0.116454
threshold=0.00073023645112328358 -0.046753184625303097 -0.022566079753905319 2.3997122703535481 -0.61113770602403583 0.77754816334995902 0.011099667268477421 0.018000175796742023 -0.98773175237872346 0.33657830223409818
decision_type=8 8 10 10 8 8 10 8 10 10
left_child=8 4 7 -4 5 -2 -6 -3 -1 -10
right_child=1 2 3 -5 6 -7 -8 -9 9 -11
leaf_value=0 0.00085099239621461208 -0.0044925615123957889 -0.00023730993848582546 0.0036844664540410556 -0.0010144693200442143 0.0059456338641472924 0.0015465307489145384 0.0034838137652848382 -0.016273337012877691 -0.0051796663943524104
leaf_weight=54.534906305372715 1427.8647286593914 714.91155159473419 28260.177188917994 653.68096701800823 2867.7616350203753 723.36250428855419 3534.2927985042334 108.03582426905632 47.788229770958424 34.871533639729023
leaf_count=498 6378 2940 122934 2777 12368 3179 15128 435 467 336
internal_value=-1.71556e-06 2.86395e-05 -0.000236966 -0.000145329 0.000958263 0.00261144 0.000390196 -0.00334414 -0.00830762 -0.0133049
internal_weight=38427.3 38290.1 29736.8 28913.9 8553.28 2151.23 6402.05 822.947 137.195 82.6598
internal_count=167440 166139 129086 125711 37053 9557 27496 3375 1301 803
is_linear=0
shrinkage=0.03


Tree=145
num_leaves=10
num_cat=0
split_feature=3 12 13 6 14 11 14 12 8
split_gain=10.0046 8.63121 10.2076 8.48901 8.22966 7.53087 4.73082 2.16668 3.50512
threshold=0.00073023645112328358 2.6064005486669246 0.06441215663404648 0.00032232385789576773 -0.021107815004521958 -0.00066772652939992765 0.005646505957763147 -0.75612415300193081 -0.35584009103115077
decision_type=8 10 10 10 10 10 10 10 10
left_child=7 2 5 -4 -3 -2 -6 -1 -9
right_child=1 4 3 -5 6 -7 -8 8 -10
leaf_value=0 0.00064382381196578483 -0.0044255545044848549 -0.003927591980539445 0.0042366200947989915 0.0070912473354771462 -0.00023128697512157722 0.00078711938287556694 -0.013498870759296141 -0.00047963137158355093
leaf_weight=31.323389761149883 14747.992868736386 83.596137866377831 903.78827826678753 115.88300634920597 343.37291069328785 21984.204607881606 190.71412225067616 66.332435242831707 38.909641124308109
leaf_count=298 62592 337 3885 479 1473 96952 792 651 354
internal_value=6.26185e-05 9.40222e-05 3.43973e-05 -0.00290935 0.00358401 0.000118517 0.00500626 -0.00775563 -0.0096654
internal_weight=38506.1 38369.6 37751.9 1019.67 617.683 36732.2 534.087 136.565 105.242
internal_count=167813 166510 163908 4364 2602 159544 2265 1303 1005
is_linear=0
shrinkage=0.03


Tree=146
num_leaves=15
num_cat=0
split_feature=3 6 13 4 10 11 1 10 4 3 14 1 6 13
split_gain=10.0295 13.4866 11.1638 11.7018 10.2834 11.3068 9.59825 8.56944 9.1819 8.02282 12.8014 7.95369 7.56514 6.91116
threshold=0.0025203210977352447 -1.7433461708097709e-05 0.0089513897258176617 -0.22092045720976305 1.28192132299052 0.00089304558347849824 0.67142633157890386 -1.1746552259801943 -3.6637707853201218 0.018000175796742023 -0.022566079753905319 0.63644764538279031 0.00016549464014328221 -0.0059759707309408648
decision_type=8 10 10 8 10 8 10 8 10 8 10 10 10 8
left_child=1 4 3 -3 5 -1 -4 8 -2 10 -9 -6 -10 -11
right_child=7 2 6 -5 11 -7 -8 9 12 13 -12 -13 -14 -15
leaf_value=0.0025555711410741454 -0.0070012781439154253 -0.0015810902674329244 0.0050489090418509609 -0.0054476834168873736 -0.011219443583626344 -0.001889262924160931 -0.0010285305284648521 -0.0033184469101627139 0.00064057266180600773 0.011562139533595512 7.4167667286410396e-05 -0.0010413997821323157 0.0025753768908664144 0.0018801407768785879
leaf_weight=1907.3338351324201 112.66989481449127 2459.9799507856369 313.08656024187803 1029.1536933481693 90.14793748408556 680.57033406943083 810.91024260222912 1041.9632963985205 6497.347448527813 78.598475843667984 20250.717308312654 285.34695813059807 2596.4496634304523 392.2638666331768
leaf_count=9274 479 13163 1570 5414 434 3364 4034 4250 27380 316 84549 1381 10818 1578
internal_value=7.98665e-05 -0.000895706 -0.00191198 -0.00275104 0.000667262 0.00136079 0.00064101 0.00032068 0.00108742 -1.26271e-06 -9.05142e-05 -0.00386822 0.00120181 0.00382792
internal_weight=38546.5 7576.53 4613.13 3489.13 2963.4 2587.9 1124 30970 9206.47 21763.5 21292.7 375.495 9093.8 470.862
internal_count=168004 38634 24181 18577 14453 12638 5604 129370 38677 90693 88799 1815 38198 1894
is_linear=0
shrinkage=0.03


Tree=147
num_leaves=15
num_cat=0
split_feature=10 3 5 9 5 8 11 0 8 1 4 3 9 4
split_gain=11.1176 11.0159 9.89965 11.4618 11.2976 9.29335 8.41388 12.4502 11.0072 8.1855 7.41922 6.85435 8.04951 7.42601
threshold=-2.3628510343510816 0.0020514247007591612 -0.054439660442100309 -2.9816628316057244e-05 0.010658132940599347 -0.41964588648936085 0.0014967566275282632 1.0165156102533894 -0.30599403145436099 0.77655854720632267 -0.11950892660915001 0.0024770460909827332 4.3364458820964742e-05 1.3720711286306619
decision_type=8 8 10 10 10 10 8 10 8 10 10 10 10 10
left_child=5 2 3 -2 -4 9 7 -3 -8 10 -1 12 -7 -13
right_child=1 6 4 -5 -6 11 8 -9 -10 -11 -12 13 -14 -15
leaf_value=0.011037994430534263 0.0048942461641480767 0.00013039459165404665 -0.0042402184289283794 -0.0012690897758884743 -0.00040542151172759768 -0.0042208852427276389 0.00077788930722858852 0.0027319801835194043 -0.0013899408836521951 0 0 0.0026476416280963645 0.0056987194534450216 -0.0064232291110474238
leaf_weight=234.26636692881584 377.95666066557169 20594.835280701518 1622.5826108232141 875.82493451982737 1268.1593641266227 355.17555836588144 3020.9500357508659 1797.5596005767584 6730.7638150453568 153.90736500918865 63.746785841882229 1268.782136797905 78.758070729672909 73.888547271490097
leaf_count=1108 2022 86781 8829 4848 6787 1798 12970 7385 28311 698 301 5333 380 306
internal_value=-3.70366e-05 -0.000165094 -0.00161899 0.000565417 -0.00258579 0.00201283 2.09446e-05 0.000343043 -0.000712121 0.00583303 0.00865697 0.000980276 -0.00219753 0.00206031
internal_weight=38517.2 36288.6 4144.52 1253.78 2890.74 2228.52 32144.1 22392.4 9751.71 451.921 298.013 1776.6 433.934 1342.67
internal_count=167857 157933 22486 6870 15616 9924 135447 94166 41281 2107 1409 7817 2178 5639
is_linear=0
shrinkage=0.03


Tree=148
num_leaves=15
num_cat=0
split_feature=2 6 3 0 7 0 2 10 4 0 4 7 7 1
split_gain=9.51435 11.4014 9.63389 11.8823 12.7437 8.66233 9.71526 7.96544 7.44791 7.32142 7.89496 7.6114 7.21717 6.54156
threshold=-0.029317038438523031 -0.00077010378048480977 0.0057140673107819685 -0.38495214873649969 -0.62229396040132723 0.018132121248191527 -0.1847169406448684 2.4256543127799142 1.1658465783018381 -0.53995170056474595 -2.6392202950432195 0.68208315978585798 0.92288179262425463 0.74605697975551
decision_type=10 8 10 10 10 10 10 10 8 10 8 10 8 10
left_child=1 5 3 7 -5 6 -1 -2 12 11 -11 -4 -3 -7
right_child=2 8 9 4 -6 13 -8 -9 -10 10 -12 -13 -14 -15
leaf_value=0.007640822160927401 -0.00094461072496971775 -0.0011159798128726397 0.0018605909796681867 0.0020306978470663721 8.2450498662147848e-06 0.014913238395415052 -0.0053631720976620133 -0.0082752474997278835 0.0027797924944520051 -0.0029783107340833818 0.00095399965435620439 0.0068209649399607721 -0.0042154508682775149 0.0016591972569014841
leaf_weight=76.380722567439079 5902.816783234477 4029.3663266077638 1891.4762092232704 3511.6606414690614 14058.687219902873 78.085477501153946 118.6571082174778 129.34487915039062 345.59220242500305 478.05440697073936 6607.690372928977 338.0013771802187 836.3714139983058 77.272650510072708
leaf_count=308 26573 17786 7715 15952 62622 314 478 556 1458 1953 26823 1377 3506 311
internal_value=0.000149691 -0.000994084 0.000345006 1.98624e-05 0.000416796 0.00413005 0 -0.00112516 -0.00135736 0.0011615 0.000676419 0.0026665 -0.00166861 0.00918275
internal_weight=38479.5 5561.73 32917.7 23602.5 17570.3 350.396 195.038 6032.16 5211.33 9315.22 7085.74 2229.48 4865.74 155.358
internal_count=167732 24161 143571 105703 78574 1411 786 27129 22750 37868 28776 9092 21292 625
is_linear=0
shrinkage=0.03


Tree=149
num_leaves=11
num_cat=0
split_feature=10 5 12 6 7 10 14 1 13 1
split_gain=11.6025 13.4475 11.4687 9.8911 9.36292 8.90112 9.38035 7.34953 6.18298 3.96363
threshold=-1.1884714943199852 0.14460347808841825 2.9084277473582669 -0.00065544914966604291 1.2191022016331419 -0.61423454070184025 -0.012437455918679232 0.59461101092465773 -0.067525310052782242 0.63844206438920181
decision_type=10 10 8 8 8 10 10 10 10 8
left_child=2 5 3 -1 -5 7 -7 -2 -3 -10
right_child=1 8 -4 4 -6 6 -8 -9 9 -11
leaf_value=0.0087974545620281598 0.0017499149766623764 0.0036406268624893613 0.010103798453629315 0.00088304740703593195 -0.0022381220873610107 -0.0017846231759535659 0.00032204511932532514 -0.0017454765071853761 0 -0.005968522126510353
leaf_weight=126.54258471727371 593.28942473977804 68.367304474115372 109.93528708815575 10961.102365218103 920.29572276771069 2105.666258007288 18574.612275853753 4345.0585233047605 127.73915193229914 599.00304169207811
leaf_count=509 2622 305 464 48432 3940 8614 80717 19130 573 2642
internal_value=6.15754e-05 -0.00028935 0.000831054 0.000732831 0.000634567 -0.000166865 0.000103885 -0.00131073 -0.00411022 -0.00496032
internal_weight=38531.6 26413.7 12117.9 12007.9 11881.4 25618.6 20680.3 4938.35 795.109 726.742
internal_count=167948 114603 53345 52881 52372 111083 89331 21752 3520 3215
is_linear=0
shrinkage=0.03


Tree=150
num_leaves=15
num_cat=0
split_feature=13 7 4 14 4 5 14 1 9 14 14 14 14 7
split_gain=10.5192 7.93614 15.2564 10.2354 7.55369 7.10129 18.845 9.31327 6.09923 6.26172 6.02593 4.68229 3.32432 5.63977
threshold=0.047416627516533222 0.18457419982283699 -0.31211447516275292 0.00098269767746481085 -3.6637707853201218 -0.051434782137590965 0.00328942672183481 0.70432725380443373 0.00013561151441841891 0.00328942672183481 -0.0013405630849782127 -0.00090349221955367449 -0.0015437787974958326 0.175913759417095
decision_type=10 10 10 10 8 8 10 10 10 10 8 10 10 10
left_child=4 2 3 -2 12 6 -6 -7 9 -3 -10 -4 13 -1
right_child=1 8 11 -5 5 7 -8 -9 10 -11 -12 -13 -14 -15
leaf_value=-0.010153210530446811 -0.003991824488260784 -0.00039689932641509275 -0.0039910280033192873 0.0062208662169460308 0.00028799996445081993 0.00067378555851587373 0.0042419016381038599 -0.00045045018490700981 0.010097843487536463 -0.0057973559681009602 0 -0.014022323267104125 -0.00088127772686992154 0
leaf_weight=127.30554596334696 301.61481533944607 889.28864850848913 98.954338103532791 111.07078717648983 6157.7693357914686 10426.644778892398 1318.6324363276362 18152.916750334203 72.716420516371727 248.6593396961689 161.77619212865829 148.07037152349949 226.17410535365343 76.20621270686388
leaf_count=566 1318 3825 412 471 27358 45587 5475 78894 300 1032 665 640 979 334
internal_value=7.31529e-06 -0.00208632 -0.00478132 -0.00101907 0.000126109 0.000175313 0.000998109 -3.81058e-05 -0.000722252 -0.00166947 0.0035093 -0.010549 -0.00377634 -0.00652081
internal_weight=38517.8 2032.15 659.71 412.686 36485.6 36056 7476.4 28579.6 1372.44 1137.95 234.493 247.025 429.686 203.512
internal_count=167856 8663 2841 1789 159193 157314 32833 124481 5822 4857 965 1052 1879 900
is_linear=0
shrinkage=0.03


Tree=151
num_leaves=13
num_cat=0
split_feature=2 10 13 1 13 8 2 9 5 10 13 7
split_gain=9.42025 10.0351 9.62913 10.1395 10.1682 9.24236 9.09014 12.2935 9.02947 13.264 9.54506 5.72079
threshold=-0.034024446685948527 2.5674733877202449 -0.067525310052782242 0.86539634951855882 0.0045636704337200388 0.53292616093930067 0.58479549999955627 0.00016218646813557892 0.017909509576685686 -1.0340177207236529 0.06441215663404648 0.39759151817149713
decision_type=10 10 8 10 10 10 10 10 10 10 10 10
left_child=2 8 -1 5 -5 -4 7 -3 10 -10 -2 -8
right_child=1 6 3 4 -6 -7 11 -9 9 -11 -12 -13
leaf_value=0.0071202784151469028 0.00081055726943353456 -0.0061307928569657617 -0.0022708947648032909 0.0072870950990066184 -0.0021799388625009931 0.0011180116142329099 0.0064043201007628102 0.0011335199417966959 0.00095566627909949133 -0.0011204778043882885 -0.0049798150682749199 -0.0029980772177959185
leaf_weight=113.46733578294516 20081.862589418888 635.57893119752407 4070.0019632428885 227.23886677622795 159.60375083982944 848.41572289168835 139.06717669963837 287.68771536648273 4498.9451643675566 7112.2971756160259 246.98979072272778 77.889540746808052
leaf_count=506 87761 2613 17891 988 673 3466 575 1175 19855 30932 1045 320
internal_value=6.07092e-05 0.000252195 -0.00109553 -0.00129561 0.00327348 -0.00167306 -0.00249456 -0.00381507 0.000352879 -0.000310752 0.000734842 0.00278103
internal_weight=38499 33080.3 5418.73 5305.26 386.843 4918.42 1140.22 923.267 31940.1 11611.2 20328.9 216.957
internal_count=167800 144276 23524 23018 1661 21357 4683 3788 139593 50787 88806 895
is_linear=0
shrinkage=0.03


Tree=152
num_leaves=15
num_cat=0
split_feature=0 7 8 8 0 12 6 4 2 8 0 9 8 13
split_gain=8.41776 10.1822 12.9991 9.17397 11.8737 9.0687 8.47475 8.20717 6.82431 6.99489 4.34487 3.67679 6.98932 2.71557
threshold=1.1565886567596106 0.54651785891299831 1.1725168171071314 0.14463160020482738 0.43222792959118733 -0.75612415300193081 -0.0004447068659421941 0.83360496226774539 0.074122172520158333 0.88399309601769005 1.4798306829576069 -0.00022953029409277233 1.6060913278503284 0.0027459692600526613
decision_type=10 8 8 8 10 8 10 8 10 8 10 10 10 8
left_child=1 2 6 4 -3 -5 -1 11 10 -10 -9 -2 -13 -4
right_child=7 3 13 5 -6 -7 -8 8 9 -11 -12 12 -14 -15
leaf_value=0.002050100991285447 -0.0012735003626006096 -0.0011832641835752067 0.012237803765358907 -0.0062675192616775911 -0.0050942528607459941 5.2804596334349337e-05 -0.0001084328546788629 -0.00041290890242174814 -0.0056978245129681738 0.00020654948523221171 0.0068330897657249336 0.0054428099150518423 -0.00043277388513007417 0.0035064465054153201
leaf_weight=1737.1506491154432 104.93491648137569 2783.135177642107 75.326825127005577 203.10206228494644 958.38034930080175 4590.2479655444622 25781.706672526896 101.55058337002993 238.10333055257797 596.98398004472256 166.73640292137861 774.41469064354897 211.59854911267757 115.32190226018429
leaf_count=7067 426 12202 309 833 4277 19126 114055 428 1010 2446 687 3330 867 468
internal_value=-8.22295e-05 -0.000193138 8.40136e-05 -0.00109901 -0.00221196 -0.000214997 2.63421e-05 0.00171502 -5.98914e-05 -0.00145343 0.00395849 0.00354889 0.00412998 0.00769328
internal_weight=38438.7 36244.4 27709.5 8534.87 3741.52 4793.35 27518.9 2194.32 1103.37 835.087 268.287 1090.95 986.013 190.649
internal_count=167531 158337 121899 36438 16479 19959 121122 9194 4571 3456 1115 4623 4197 777
is_linear=0
shrinkage=0.03


Tree=153
num_leaves=14
num_cat=0
split_feature=2 0 1 0 0 4 1 10 10 14 10 11 8
split_gain=6.41834 9.10682 8.7214 11.7161 7.27929 6.17237 6.2698 8.74173 6.41216 5.55846 4.16476 3.42672 2.21105
threshold=-0.029317038438523031 1.3155472427162238 0.88229800953903936 -0.67456232932924187 -0.4881364047246794 -3.073193121660406 0.37452662274214882 1.0531049721613133 2.3609322868063876 0.0035072190326727311 -1.2021638989552443 0.00060732554814626257 1.6060913278503284
decision_type=10 10 10 10 10 8 8 10 10 10 8 10 8
left_child=1 2 3 -1 -4 9 7 -7 -8 11 -11 -2 -3
right_child=5 12 4 -5 -6 6 8 -9 -10 10 -12 -13 -14
leaf_value=-0.0044616496831089234 -0.0051350762415282684 0.0082762060315109045 0.01177141996490994 -0.00071179069290246459 0.00027276834362044904 -0.006219080782244841 0.00043736998752235253 0.003375045782281223 -0.0015946061473324032 0.0058146117053619892 -0.00089742654667962138 -0.00081657294734049013 0.0011829703654334606
leaf_weight=921.1155179142952 439.58749231696129 99.165326364338398 70.742202028632164 4221.4257974326611 159.4020059555769 281.2093400657177 29965.446466244757 104.63082025945187 1445.4120534211397 104.15837742388248 265.96871902048588 327.75006324797869 104.77896732091904
leaf_count=3959 1986 420 300 18435 688 1239 130974 438 5965 441 1123 1473 425
internal_value=5.20954e-05 -0.000886096 -0.00113504 -0.00140245 0.0044001 0.000212998 0.00029256 -0.00344627 0.000341479 -0.00194197 0.000936858 -0.00340195 0.00513804
internal_weight=38510.8 5576.63 5372.69 5142.54 230.144 32934.2 31796.7 385.84 31410.9 1137.46 370.127 767.338 203.944
internal_count=167866 24227 23382 22394 988 143639 138616 1677 136939 5023 1564 3459 845
is_linear=0
shrinkage=0.03


Tree=154
num_leaves=15
num_cat=0
split_feature=7 3 9 12 14 4 4 4 10 10 10 3 9 14
split_gain=10.4004 12.6424 11.28 13.338 10.3298 54.8513 38.936 12.603 12.4537 11.3168 9.67484 12.8642 8.82523 7.30948
threshold=-0.55633375426615739 0.0016622155592751536 5.5080616534601842e-05 1.709618337566382 9.251263816613071e-05 -0.68357356519760926 -0.50049383452082219 0.85386309597311139 -0.57244878975460689 2.4915854456895707 -1.1884714943199852 0.010790093825345749 7.9308416487098316e-05 -0.00055422274921431921
decision_type=8 8 10 10 10 8 10 10 10 8 10 8 10 10
left_child=4 2 3 -2 6 9 -1 -7 -8 -6 11 -3 -12 -4
right_child=1 10 13 -5 5 7 8 -9 -10 -11 12 -13 -14 -15
leaf_value=-0.0017518813194639506 -0.0050544982864216825 0.00052699045842468533 -0.0045787151231009909 0.0039305299376845675 0.0049368536806357229 -0.0033536766797121176 0.00070956809238486489 0.0043997036592965328 0.0059086172316111735 -0.0054200958812878576 -0.00092456088076299872 0.0068072665947210053 0.00045640197787437267 0.0064771943982253897
leaf_weight=3604.3708304688334 1163.7586599960923 8420.1077992320061 63.271380059421062 155.12661598622799 2668.2926698997617 1428.1071170121431 765.08927830308676 202.20127386599779 985.93036068230867 85.040337473154068 12261.528614670038 296.73919507861137 6231.4414552301168 163.81620053946972
leaf_count=16281 7056 36111 350 835 11754 6284 3365 897 4271 351 52099 1197 26043 881
internal_value=6.70199e-05 -0.000218311 -0.00284926 -0.00393091 0.000915013 0.00199331 1.91228e-05 -0.00233451 0.00368795 0.0045768 -6.56333e-05 0.000755215 -0.00045599 0.00308052
internal_weight=38494.8 28755.8 1545.97 1318.89 9739.03 4383.64 5355.39 1630.31 1751.02 2753.33 27209.8 8716.85 18493 227.088
internal_count=167775 124572 9122 7891 43203 19286 23917 7181 7636 12105 115450 37308 78142 1231
is_linear=0
shrinkage=0.03


Tree=155
num_leaves=14
num_cat=0
split_feature=9 10 2 10 14 4 14 9 2 9 4 12 13
split_gain=7.02897 13.0496 12.7454 8.87169 11.6767 16.0542 13.4556 9.70486 9.30111 8.94578 4.09762 3.73482 3.43091
threshold=-0.00046462528798211442 1.5115847058904943 0.064938023246082263 1.5698003715649946 0.0081765536284179683 -1.217795722182764 -0.0029990541971544075 0.00035096983831423017 0.31427963934926739 0.00049060746616751865 -0.18505417095826332 0.52889185493740476 0.0093922418181503226
decision_type=10 8 10 8 10 8 10 10 10 10 10 10 10
left_child=1 12 10 4 6 -6 -2 8 -5 -9 -3 -4 -1
right_child=3 2 11 7 5 -7 -8 9 -10 -11 -12 -13 -14
leaf_value=-0.0056913458092684183 0.00087227024826561301 -0.0045524606435963259 0.011383553078256883 -0.0027824388748752373 0.0044240804532912712 0 -0.00057773016698379814 0.0046290507311308078 -7.9626887506278524e-05 -0.0034829511091954467 0.0040175139269225963 0.0024802033920425359 0.00077851192742662786
leaf_weight=135.63426515460014 7869.1159934997559 99.446714654564857 220.77033695578575 2994.9158421382308 1214.846952483058 1882.0999041944742 21261.309793032706 419.21724300086498 1928.7096937149763 154.46296954154968 79.89706414937973 83.323484361171722 117.2423309981823
leaf_count=547 33170 401 890 12601 4982 7749 95736 1705 8108 629 321 336 473
internal_value=-0.000129091 0.00274893 0.0056367 -0.000187568 7.28919e-07 0.00175087 -0.000183812 -0.00130033 -0.00173815 0.00231985 -0.000407139 0.00929164 -0.00254795
internal_weight=38461 736.314 483.438 37724.7 32227.4 3096.95 29130.4 5497.31 4923.63 573.68 179.344 304.094 252.877
internal_count=167648 2968 1948 164680 141637 12731 128906 23043 20709 2334 722 1226 1020
is_linear=0
shrinkage=0.03


Tree=156
num_leaves=11
num_cat=0
split_feature=3 3 8 6 14 8 1 3 1 10
split_gain=9.79857 7.927 11.0173 11.9533 10.6901 8.73456 7.62385 12.144 7.22619 4.12736
threshold=0.00073023645112328358 0.0087415006360045695 -0.21927969575212655 -0.00062198642529885564 -0.022566079753905319 0.88399309601769005 0.76979136126063208 0.00055309223146937376 0.84473313793071825 -1.7336271664704741
decision_type=8 8 10 8 10 8 10 10 10 8
left_child=6 4 3 -3 9 -6 7 -1 -4 -2
right_child=1 2 8 -5 5 -7 -8 -9 -10 -11
leaf_value=-0.012273479231667665 0.002071137534369662 0.011194386411776072 -0.00021277503276804016 0.0023706281533493944 -0.00017311512035693722 0.0018667041642094261 -0.017040003020827765 0.0070943812668396184 0.0039405181024094443 -0.004706034399701701
leaf_weight=44.383011564612389 74.318601801991463 160.61255465447903 2856.7837662100792 985.1500658094883 31315.697620131075 1998.9519612342119 42.85167570412159 50.440291427075863 421.22928062081337 596.78422230482101
leaf_count=501 305 647 11544 3998 137756 8253 403 421 1701 2459
internal_value=-3.81239e-07 2.77092e-05 0.00122206 0.00374561 -0.000126302 -4.83976e-05 -0.00771475 -0.0017046 0.000313042 -0.00384804
internal_weight=38547.2 38409.5 4423.78 1145.76 33985.8 33314.6 137.675 94.8233 3278.01 671.103
internal_count=167988 166663 17890 4645 148773 146009 1325 922 13245 2764
is_linear=0
shrinkage=0.03


Tree=157
num_leaves=12
num_cat=0
split_feature=3 12 6 3 9 4 9 12 12 6 2
split_gain=12.0531 12.2871 7.19682 9.97884 10.5504 6.60523 6.8281 6.61329 6.43409 6.53685 2.52729
threshold=0.0013755129483446779 1.4920590491510284 -0.0009629492248613387 0.0094339008384871203 -0.00050557830009159135 -2.8833033629406684 1.4521077302784847e-05 -0.85584474981775349 1.1368660385855762 -1.2341095642180256e-05 0.17502389564647344
decision_type=8 10 8 10 10 8 10 10 10 10 10
left_child=1 8 3 -2 -5 7 -7 -4 9 -1 -3
right_child=2 10 5 4 -6 6 -8 -9 -10 -11 -12
leaf_value=-0.00020269721691426685 -0.0045884973500610439 0 -0.0042221370203015789 0 0.0097426443280799087 -0.00041958518155016416 0.00042050470999476072 -0.00043250711327294159 -0.012226171664481318 -0.005053570403246976 0.0081138034564887992
leaf_weight=433.2889623567462 94.898263424634933 54.153104059398174 667.34192590415478 176.72108481824398 226.51739607751369 17933.085126325488 16899.78002910316 1182.8499067723751 75.586244858801365 685.5098679959774 82.930271409451962
leaf_count=2646 384 328 2876 710 911 77115 72091 5144 497 4712 484
internal_value=-0.000156805 -0.00295138 -5.43502e-05 0.00348805 0.00559902 -0.000105027 -1.0275e-05 -0.00184699 -0.0039614 -0.00324651 0.00511182
internal_weight=38512.7 1331.47 37181.2 498.137 403.238 36683.1 34832.9 1850.19 1194.39 1118.8 137.083
internal_count=167898 8667 159231 2005 1621 157226 149206 8020 7855 7358 812
is_linear=0
shrinkage=0.03


Tree=158
num_leaves=11
num_cat=0
split_feature=3 5 13 14 3 14 4 1 1 3
split_gain=9.89389 7.6544 14.0103 9.57199 8.55857 11.2274 10.8979 6.68924 5.08467 4.88785
threshold=0.00073023645112328358 -0.051434782137590965 0.036544583287741732 0.00328942672183481 0.0047878009357598421 0.021284921437417698 -0.29335034906180385 0.77170688649359465 0.76979136126063208 0.00055309223146937376
decision_type=8 8 8 10 8 10 8 8 10 10
left_child=8 2 3 -2 5 -3 -6 -4 9 -1
right_child=1 4 7 -5 6 -7 -8 -9 -10 -11
leaf_value=-0.0089208038543969834 0.00066715327507674564 -0.00069729523628807798 -0.00069067143880294365 0.0035166859755347704 0.0012384173310713547 0.0081771887732078677 -0.00052079990427900287 -0.0077785981229854563 -0.015652911321865932 0.00309793557653426
leaf_weight=46.830113455653191 5968.7310674861073 17816.491147316992 304.51431162655354 1308.4481314569712 6541.8514569401741 118.30658270418644 6073.7444833666086 216.21249894797802 42.332473926246166 48.042807228863239
leaf_count=534 26208 80540 1272 5434 26812 492 24794 904 404 398
internal_value=-2.42492e-05 3.98424e-06 0.000843819 0.00119186 -0.000208624 -0.000630887 0.000386953 -0.00383784 -0.00778717 -0.00254744
internal_weight=38485.5 38348.3 7797.91 7277.18 30550.4 17934.8 12615.6 520.727 137.205 94.8729
internal_count=167792 166456 33818 31642 132638 81032 51606 2176 1336 932
is_linear=0
shrinkage=0.03


Tree=159
num_leaves=15
num_cat=0
split_feature=7 0 10 3 6 2 4 7 10 0 10 9 3 0
split_gain=9.05989 11.3512 12.9094 10.211 10.8469 7.76664 9.02409 9.74426 7.72995 7.1953 6.21183 6.13293 11.6609 4.03704
threshold=-0.61113770602403583 -0.86763169271764251 -2.1881337396506155 0.0020514247007591612 4.999590443416728e-05 0.72583124948567512 0.70436296700604129 -1.0622153596909694 -0.89826952946379024 1.0962362771354359 2.034291675877888 -1.9947031090428166e-05 0.0058830412268133852 -1.0575983631354464
decision_type=8 10 10 8 10 8 10 10 10 10 8 8 10 8
left_child=5 2 13 4 -3 6 10 -8 -4 -5 -1 12 -7 -2
right_child=1 3 8 9 -6 11 7 -9 -10 -11 -12 -13 -14 -15
leaf_value=0.00062633502567733743 0.0093811723276231735 -0.0027654706185243454 -0.0053917662167407322 7.3188049374430384e-05 0.0012341558513257055 -0.003051962151484545 0.0090098716022154728 0.00053520638170048815 -0.0014761712751274643 0.0018571148552365879 -0.0028318491763434043 0.006014679710758428 0.0085680436144038412 0
leaf_weight=7135.6508442163467 94.045739464461803 2121.8782153502107 694.68012049049139 22020.716885849833 824.36630652099848 233.50384871661663 226.90141772478819 288.62265188246965 1496.8451531454921 2243.1621849536896 485.78655871748924 458.67735576629639 103.14926448464394 72.122826896607876
leaf_count=31905 415 11647 3028 92898 4289 1032 1006 1260 6369 9235 2028 1991 418 317
internal_value=0.000116451 -0.000134782 -0.00212756 3.64017e-05 -0.00162568 0.000954017 0.000665997 0.00447986 -0.00276346 0.000241279 0.000394628 0.00378136 0.00047974 0.00559935
internal_weight=38500.1 29567.8 2357.69 27210.1 2946.24 8932.29 8136.96 515.524 2191.53 24263.9 7621.44 795.33 336.653 166.169
internal_count=167838 128198 10129 118069 15936 39640 36199 2266 9397 102133 33933 3441 1450 732
is_linear=0
shrinkage=0.03


Tree=160
num_leaves=13
num_cat=0
split_feature=3 6 0 9 1 3 9 13 2 8 4 2
split_gain=11.2852 9.63976 15.0393 11.8149 9.97283 13.8833 11.4065 9.16935 7.72863 7.00088 4.83867 2.83175
threshold=0.018000175796742023 -1.2341095642180256e-05 -1.2098152269451157 0.00033981962161303562 0.8285192952620144 0.0041292739370791046 -0.00022247245369312772 0.024653007669327754 0.025276534200771261 -0.44005406271032188 0.1227960790702335 0.2032692049875329
decision_type=8 8 10 8 10 10 10 10 8 10 10 10
left_child=1 2 9 -4 6 -6 -3 8 -2 -1 -9 -10
right_child=7 4 3 -5 5 -7 -8 10 11 -11 -12 -13
leaf_value=0.00063878494742809528 0.00094600527557128636 -0.0043079031944432671 0.0006309299145684222 0.0071462100732153921 -0.0010008810479560132 0.0027426473740647548 -0.00053733978311018777 0.0034735050197614746 0.015784456090999321 -0.0057000508045741546 -0.006094990985273315 0.0062205963989306777
leaf_weight=203.67426601052284 127.72211356461048 752.24147035181522 16380.993962623179 246.65527833998203 1605.4496008306742 1939.8156373053789 16392.059795461595 85.767916589975357 81.859662801027298 483.26750221848488 79.787053167819977 120.31057097017765
leaf_count=885 514 3169 70299 999 7437 7973 73053 345 329 2048 321 484
internal_value=8.90794e-05 2.8257e-05 0.000551847 0.000735421 -0.000407079 0.00103249 -0.000708693 0.004543 0.00738719 -0.00375233 -0.000880641 0.0109373
internal_weight=38499.6 38004.2 17314.6 16627.6 20689.6 3545.27 17144.3 495.447 329.892 686.942 165.555 202.17
internal_count=167856 165863 74231 71298 91632 15410 76222 1993 1327 2933 666 813
is_linear=0
shrinkage=0.03


Tree=161
num_leaves=14
num_cat=0
split_feature=10 10 13 13 14 10 1 1 10 0 14 0 14
split_gain=7.84972 11.8973 14.997 13.393 8.29511 7.90958 7.89157 8.88952 10.282 7.59599 7.15442 4.9889 2.37067
threshold=-1.2824234112230102 -0.55010338128023661 0.049537633081433774 0.0062568172372523831 -0.011909997854178697 -1.2445600438604505 0.37452662274214882 0.70432725380443373 -1.5470208257831199 -0.07228831495977682 -0.00082813662180282824 0.52706939182450452 0.0002686221602414553
decision_type=10 10 10 10 10 10 10 10 10 10 10 10 8
left_child=6 3 4 5 -3 -2 12 8 -8 -9 -5 -4 -1
right_child=1 2 11 10 -6 -7 7 9 -10 -11 -12 -13 -14
leaf_value=-0.0098221431867588395 -0.0073539624549608757 -0.0015173861921361973 -0.0014067962055739642 0.0022585425449305734 0.00050368952559468202 -0.0020198149096563056 0.0029106903509270999 -0.00091208143347513884 -0.00051036536883162207 0.00106210761308498 -0.00096447058098495506 -0.0057940778418239716 -0.00087627360898737681
leaf_weight=69.230185709893703 271.42508578300476 2016.4131351560354 593.97165030241013 1044.6027334034443 17781.305884324014 3847.6980399489403 2798.926706187427 3197.4903434589505 1058.0999436527491 3837.3825127109885 1469.7893615141511 446.14014448225498 68.435071773827076
leaf_count=308 1209 8262 2512 4431 77424 17183 12422 14092 4625 16805 6399 1870 295
internal_value=2.62728e-05 -0.000243544 0.000106192 -0.0013497 0.00029415 -0.00240279 0.000703352 0.000800928 0.00195778 0.000156261 0.000354403 -0.00338305 -0.00614187
internal_weight=38500.9 27471.3 20837.8 6633.52 19797.7 4119.12 11029.6 10891.9 3857.03 7034.87 2514.39 1040.11 137.665
internal_count=167837 119290 90068 29222 85686 18392 48547 47944 17047 30897 10830 4382 603
is_linear=0
shrinkage=0.03


Tree=162
num_leaves=12
num_cat=0
split_feature=3 2 6 14 9 3 5 4 6 4 5
split_gain=7.71043 7.59905 14.7942 11.1426 9.54194 10.5169 7.24127 6.10026 2.82267 4.41069 1.50353
threshold=0.00092217967610447392 -0.1655906213632026 -0.00077010378048480977 -0.0070736594699529667 -0.00046462528798211442 0.011336233162949074 -0.01487451730120694 0.0559451972558846 -2.6213172019192339e-05 -2.2301172578099249 -0.12112447451014301
decision_type=8 10 8 10 10 10 10 10 10 10 10
left_child=8 2 7 -4 5 -3 -6 -2 -1 -10 -11
right_child=1 4 3 -5 6 -7 -8 -9 9 10 -12
leaf_value=5.7373449873024271e-05 0.012593066213624842 -0.0011286828215123757 -0.0056547857796964626 -0.00084137873768760137 0.00058462330191085161 0.0066406029346433521 -0.00029226355898345725 3.0351994468379821e-05 0.0012427154709389991 -0.0012115485014223329 -0.009333002080648585
leaf_weight=66.601720497012138 74.505706802010536 229.90219117701054 637.61842605471611 1437.0144782215357 14075.209920614958 402.39412380754948 21216.021458759904 75.984202995896339 44.395632468163967 47.678718619048595 158.08352603763342
leaf_count=477 300 930 2629 6251 60598 1619 92431 306 381 423 1354
internal_value=-2.13311e-05 1.64022e-05 -0.00167903 -0.00236954 0.000123526 0.00374869 5.58323e-05 0.00702098 -0.00461076 -0.00603866 -0.00787258
internal_weight=38465.4 38148.7 2225.12 2074.63 35923.5 632.296 35291.2 150.49 316.76 250.158 205.762
internal_count=167699 165064 9486 8880 155578 2549 153029 606 2635 2158 1777
is_linear=0
shrinkage=0.03


Tree=163
num_leaves=14
num_cat=0
split_feature=11 12 10 2 10 7 5 8 9 6 5 11 7
split_gain=11.4321 10.8507 11.0156 8.70701 10.9257 11.2534 7.67678 9.02197 7.46923 9.13321 7.15914 6.35238 5.52179
threshold=0.001003923153756754 2.9084277473582669 -0.26009251892088286 1.0229193825241671 0.54956290138264308 0.0080416756701060538 -0.051434782137590965 -0.37184048407242848 0.00018732167247024204 -2.2584860515880336e-05 0.0030882212909937984 -0.003764607836434251 -1.2949967957960362
decision_type=10 10 10 10 10 10 10 8 8 10 10 10 10
left_child=3 6 -3 8 11 -6 7 -2 9 -1 -10 -5 -8
right_child=1 2 -4 4 5 -7 12 -9 10 -11 -12 -13 -14
leaf_value=0.00073552448504709438 0.0048596411322645418 0.013649851617014873 -0.00078160075674946748 -0.0011464576545386362 0.0032197161995006071 -0.0055400127544296216 0.0017121922843404288 -0.00017342144436006642 0.0028613108161732095 -0.00052753535389220253 0 0.0051089295066542263 -0.0012038673653837636
leaf_weight=9699.7183596491814 424.40673957765102 85.360602349042892 78.492296025156975 150.43321061134338 253.95426817238331 248.01849090307951 592.81585487723351 1142.1144407615066 1806.8689349740744 10946.171077623963 1352.9419905394316 962.80181310325861 10785.456297926605
leaf_count=41392 1926 362 330 614 1083 1042 2609 4846 7373 49816 5582 4274 46698
internal_value=4.97627e-05 -0.000667783 0.00674416 0.000422252 0.00255135 -0.00101484 -0.000771367 0.00117427 0.000274263 6.30313e-05 0.00163095 0.00420753 -0.0010453
internal_weight=38529.6 13108.6 163.853 25420.9 1615.21 501.973 12944.8 1566.52 23805.7 20645.9 3159.81 1113.24 11378.3
internal_count=167947 56771 692 111176 7013 2125 56079 6772 104163 91208 12955 4888 49307
is_linear=0
shrinkage=0.03


Tree=164
num_leaves=10
num_cat=0
split_feature=3 9 9 3 13 5 14 10 4
split_gain=10.1598 8.7122 12.6084 10.1925 8.08526 6.02863 4.92633 3.63887 0.680133
threshold=0.00073023645112328358 0.00046145036536788365 0.00043622755058640554 0.0087415006360045695 0.019471973474848112 0.0056676418883410806 0.0020001374625771627 -0.98773175237872346 -0.89278806910996855
decision_type=8 10 10 8 10 10 10 10 10
left_child=7 2 3 -2 6 -4 -3 -1 -9
right_child=1 4 5 -5 -6 -7 -8 8 -10
leaf_value=-0.0004725129691159629 -7.553539896416234e-05 -0.0029178439747737863 0.01407798904877389 0.0015018712730845811 0.0027799667880930566 0.0016093124845624866 -0.010744916724028813 -0.014719621936761594 -0.003602791619643182
leaf_weight=54.996074467897415 33594.591617263854 240.25687973201275 75.082259893417358 4125.1357811540365 107.56284591555595 85.392264977097511 129.31564243137836 46.723467953503132 33.746015824377537
leaf_count=513 147212 983 305 16680 437 352 524 477 339
internal_value=4.98617e-05 8.13995e-05 0.000134162 9.57363e-05 -0.00390102 0.00827867 -0.00602558 -0.00785937 -0.0116344
internal_weight=38492.8 38357.3 37880.2 37719.7 477.135 160.475 369.573 135.466 80.4695
internal_count=167822 166493 164549 163892 1944 657 1507 1329 816
is_linear=0
shrinkage=0.03


Tree=165
num_leaves=15
num_cat=0
split_feature=14 4 4 14 6 4 8 14 0 0 10 9 10 13
split_gain=10.0295 123.777 113.804 24.0318 27.3082 18.4233 17.7242 17.4758 14.5916 13.5575 11.7292 11.5321 10.9839 9.4136
threshold=9.251263816613071e-05 -0.7079388023938552 -0.82272200458090794 -0.0016520735627741231 -0.0001106209879166838 0.026974555144075377 0.038730716974828223 -0.0002031030198136399 -0.20798015630268105 -0.4881364047246794 -0.95217974430091712 0.00021851883200414427 2.6562715496457403 -0.036505447587647191
decision_type=10 10 10 8 10 10 10 10 10 10 10 10 10 10
left_child=2 9 7 4 -4 -5 11 10 -8 13 -1 -3 -11 -2
right_child=1 6 3 5 -6 -7 8 -9 -10 12 -12 -13 -14 -15
leaf_value=-0.0016755289830175601 0.0058054366198962565 -0.0037213551524288993 0.00078654229038818224 0.0014114272466440223 0.0046375492416676671 -0.0028280852549664765 0.00298298056632396 0.00093811617352711923 -0.0014330394736731013 0.0039373731450508594 -0.0039352301426741681 0.00077214658618875046 -0.0023083174184080173 0
leaf_weight=3394.7206406891346 281.23973935097456 4313.8205279782414 3237.0229418575764 2489.286913625896 3493.0400826781988 1449.8810864239931 843.02318117022514 1036.2586320638657 3125.169990003109 6479.9706779941916 5894.4818793535233 555.47865840792656 245.20155991613865 1692.0264514312148
leaf_count=15229 1232 19241 13203 11133 14769 6620 3518 4894 13135 28379 26020 2288 1002 7318
internal_value=-1.52e-05 0.000512628 -0.000458962 0.00170971 0.00279811 -0.000137018 -0.00198272 -0.00270512 -0.000474655 0.00305412 -0.00311857 -0.00319592 0.00369766 0.000823035
internal_weight=38530.6 17535.9 20994.7 10669.2 6730.06 3939.17 8837.49 10325.5 3968.19 8698.44 9289.2 4869.3 6725.17 1973.27
internal_count=167981 76113 91868 45725 27972 17753 38182 46143 16653 37931 41249 21529 29381 8550
is_linear=0
shrinkage=0.03


Tree=166
num_leaves=14
num_cat=0
split_feature=3 9 9 14 10 2 3 10 5 5 4 7 3
split_gain=9.18615 8.03998 10.7443 11.4495 7.45109 5.3278 6.11469 4.48602 6.07114 4.95069 3.98033 3.16842 1.67699
threshold=0.00092217967610447392 0.00046145036536788365 0.00017272267231142283 -0.0002491159042987811 1.5698003715649946 0.49018006458664948 0.010552880715830482 -0.95217974430091712 -0.11102021341543238 -0.07977142644350084 -1.1626535633479513 0.28789197860392607 0.00083577473917845115
decision_type=8 10 8 10 8 10 10 10 10 10 10 10 10
left_child=7 2 4 -4 -2 6 -3 9 -9 -1 -11 -7 -10
right_child=1 5 3 -5 -6 11 -8 8 12 10 -12 -13 -14
leaf_value=-0.0068581207528513261 0.00015739867270446871 0.0015364661141014657 -8.7097772091556714e-05 0.0026102432010430875 -0.0011614392186213116 -0.0023715137995753014 -0.0065598331558180964 0 -0.013361094653284524 0.0099591896954678693 -0.0015098632020845008 -0.012574849772713099 -0.0028002207165965108
leaf_weight=54.114629693329334 27523.982541024685 216.37193283438683 2518.8251987993717 3106.0051682144403 4470.8217192143202 75.512295678257942 118.08292697370052 51.985357724130154 93.591572962701321 39.52948909252882 39.52348668128252 73.788938343524933 41.492906920611858
leaf_count=447 120877 886 10454 12776 18787 308 478 438 855 320 322 300 302
internal_value=8.95042e-05 0.00013418 0.000185569 0.0013937 -2.53209e-05 -0.00366338 -0.00125529 -0.00488769 -0.00777843 -0.00014812 0.00402569 -0.00826376 -0.0109473
internal_weight=38423.6 38103.4 37619.6 5624.83 31994.8 483.756 334.455 320.237 187.07 133.168 79.053 149.301 135.084
internal_count=167550 164866 162894 23230 139664 1972 1364 2684 1595 1089 642 608 1157
is_linear=0
shrinkage=0.03


Tree=167
num_leaves=15
num_cat=0
split_feature=3 0 7 5 12 9 0 13 0 14 3 5 0 12
split_gain=11.0236 10.8325 9.58806 11.0233 9.50145 8.48006 10.287 8.39344 7.49508 7.25764 6.92412 6.48407 5.43267 4.28341
threshold=0.0048484322137185435 -0.38495214873649969 0.59010309607310873 -0.084603897483969251 2.3997122703535481 4.3964520420081151e-06 -0.51386857317528889 0.073484840998674042 -1.6399293817962508 -0.022566079753905319 0.011041968135189871 -0.035227352743223479 -0.012092631711446698 -1.0384839016050347
decision_type=8 10 10 8 10 10 10 8 10 10 8 10 10 10
left_child=1 5 3 -3 -4 11 -7 8 13 -10 12 -1 -9 -2
right_child=7 2 4 -5 -6 6 -8 10 9 -11 -12 -13 -14 -15
leaf_value=-0.00011918136592216088 0.0005621913549706389 0.0030514435177572499 -0.0015933629971943205 0.00024718658994128722 0.0027662045463774276 0.0007965877193600525 -0.0032366257398636069 -0.011605162283137993 -0.0011148207287711297 0.001226670760824443 0.0030983665950408573 -0.0034254254070270802 -0.0022683759489308471 -0.0066106824867052617
leaf_weight=777.32613731920719 99.746855273842812 1416.2765751853585 3795.2769776508212 11620.156650774181 492.30181164294481 2225.3316887244582 750.73439506441355 94.129577189683914 1271.7703656554222 13528.63146969676 87.25709331035614 2019.595912694931 183.83986827731133 174.32854944467545
leaf_count=3665 410 6740 16850 52950 2108 10086 3414 387 5168 55195 352 9264 752 721
internal_value=0.00019147 -0.000221333 0.000150762 0.000558545 -0.00107356 -0.00134665 -0.000208158 0.000812628 0.000925565 0.0010208 -0.00358931 -0.00253162 -0.00593168 -0.00386108
internal_weight=38536.7 23097 17324 13036.4 4287.58 5772.99 2976.07 15439.7 15074.5 14800.4 365.227 2796.92 277.969 274.075
internal_count=168062 105077 78648 59690 18958 26429 13500 62985 61494 60363 1491 12929 1139 1131
is_linear=0
shrinkage=0.03


Tree=168
num_leaves=15
num_cat=0
split_feature=3 6 14 10 10 10 7 13 5 8 8 3 5 10
split_gain=9.28396 10.6213 10.9416 23.0174 10.2781 10.1066 10.8683 10.2269 7.57904 14.577 10.8327 9.57712 7.59557 6.65126
threshold=0.0042289316830057579 -4.6190877638278368e-06 0.0026915056011945358 -0.93360705895338292 2.1973361990082885 -1.9349182034105035 0.59010309607310873 -0.0098603553837548503 0.081654897606575363 1.0112528315262308 -0.61411958482113171 0.009965195084971146 0.11036045685021884 3.0001526944504548
decision_type=8 10 10 10 10 10 10 10 8 8 10 10 10 10
left_child=1 5 4 -4 -3 7 -7 -1 10 11 -2 -10 -11 -12
right_child=8 2 3 -5 -6 6 -8 -9 9 12 13 -13 -14 -15
leaf_value=0.0068142426645596086 -0.0048211607056635481 -0.001730575555174846 0.0048512419520731487 -0.001864947883162384 0.0049998488868524833 0.00040335875876824548 -0.0025134744406108416 0.00082832946570238848 -0.0030938001960519293 -0.00049296138479124378 0.0008775993182125125 0.0047934172604921759 0.0091999775249787651 -0.0021411389200062698
leaf_weight=383.21333456039429 307.36758983135223 8642.86390376091 780.90288666635752 1071.9748784601688 195.34794375300407 6220.0994853228331 1397.140225507319 834.33624318242073 1535.2600941359997 109.88873481750488 16036.446397602558 137.75478908419609 152.66867911815643 664.82096691429615
leaf_count=1752 1262 40949 3442 4725 878 28434 6195 3758 6440 445 65592 564 618 2692
internal_value=-3.07001e-05 -0.000491081 -0.0011278 0.000944257 -0.00156955 0.000273041 -0.000126369 0.00280139 0.00044066 -0.00132353 0.000645609 -0.0023841 0.00505379 0.000752634
internal_weight=38470.1 19525.9 10691.1 1852.88 8838.21 8834.79 7617.24 1217.55 18944.2 1935.57 17008.6 1673.01 262.557 16701.3
internal_count=167746 90133 49994 8167 41827 40139 34629 5510 77613 8067 69546 7004 1063 68284
is_linear=0
shrinkage=0.03


Tree=169
num_leaves=15
num_cat=0
split_feature=3 6 5 3 13 3 9 2 9 0 1 9 14 3
split_gain=8.3241 7.97797 7.51824 7.83613 7.42762 6.98545 13.0584 10.6106 9.3701 10.6428 9.45819 5.42629 3.46857 2.44396
threshold=0.001163931362229775 -2.8071082054300271e-05 -0.10264620656591765 0.00073023645112328358 -0.0052087443612199675 0.0086145175013772283 0.00037735553874437947 0.24577246474080763 1.4521077302784847e-05 -0.65192828233964473 0.51990015551068669 0.00043622755058640554 -0.00022517934097029415 0.00099139487194890527
decision_type=8 10 10 10 10 8 8 10 8 10 8 8 10 10
left_child=1 12 3 -3 -4 8 7 -7 9 -2 -10 -8 -1 -14
right_child=5 2 4 -5 -6 6 11 -9 10 -11 -12 -13 13 -15
leaf_value=-0.0022348314143223755 -0.0023803671846845589 -0.0086023050695233014 -0.0024417437007278318 0.0055490120862567898 -0.011000321492741789 0.00028254450605051906 -0.0080697941855869156 0.0033924993851892128 -0.0026306405863304153 -0.00029392854894105504 0.0005619724880265083 -0.0010837980448736772 0.0094649124887828968 0
leaf_weight=83.815569750964642 2616.4462030082941 41.352926075458527 209.3946266695857 97.610136866569519 205.99222525954247 2236.1715538948774 146.32514494657516 1829.549279153347 868.14646309614182 14264.692415863276 15371.451654329896 363.0570130944252 51.394636400043964 60.669409796595573
leaf_count=523 11482 420 1572 655 1518 9043 590 7399 3739 62337 66273 1469 349 342
internal_value=-3.68097e-05 -0.00314544 -0.00499037 0.000640269 -0.00698585 2.42854e-05 0.00112309 0.00170162 -0.000125979 -0.00062208 0.000386094 -0.00332285 0.00177315 0.00519987
internal_weight=38446.1 750.23 554.35 138.963 415.387 37695.8 4575.1 4065.72 33120.7 16881.1 16239.6 509.382 195.88 112.064
internal_count=167711 5379 4165 1075 3090 162332 18501 16442 143831 73819 70012 2059 1214 691
is_linear=0
shrinkage=0.03


Tree=170
num_leaves=15
num_cat=0
split_feature=4 8 10 2 1 0 3 14 1 6 7 14 10 8
split_gain=7.22047 8.40378 8.96086 7.70105 9.50886 8.84275 8.65407 8.30655 6.83275 5.72883 6.24423 5.52096 4.76816 4.73434
threshold=-2.8833033629406684 -0.48836099048588472 0.58903452120119304 -0.029317038438523031 0.88229800953903936 -0.69892706370890589 0.018000175796742023 -0.022566079753905319 0.68323152932571107 -0.00029833843271048391 -1.2170960524632937 -0.0011107975098649196 -0.42396092850201811 0.056107708611053415
decision_type=8 10 10 10 8 10 10 10 10 10 10 10 10 8
left_child=1 2 11 4 5 -2 7 -5 -8 12 -11 -1 -3 -6
right_child=3 9 -4 6 13 -7 8 -9 -10 10 -12 -13 -14 -15
leaf_value=0 -0.0040633904707327254 0.0073265296525682486 -0.003266486679478175 -0.0028779591347049601 0.0081639839847402265 -0.00067171210346293178 0.010827390038283185 0.00029898736368562184 0.0013989902512711366 -0.01006409045021988 -0.0026783236782494313 0.011054498969824213 -0.0011832967768605673 0
leaf_weight=74.842148788273335 839.60439875721931 74.910416379570961 116.44765128940344 746.58418747782707 136.59797213971615 4175.4758847430348 112.43477556109428 30248.393643051386 209.40858325362206 113.14998734742403 1285.244908593595 103.9767566844821 163.94628603756428 105.40210054814816
leaf_count=351 3614 308 526 3035 599 18202 452 132220 842 505 5690 479 673 435
internal_value=0 -0.00178356 0.00271111 9.33935e-05 -0.000965499 -0.00125843 0.000273314 0.000219625 0.0051006 -0.0026421 -0.00338575 0.00688834 0.00143162 0.00467599
internal_weight=38506.4 1932.52 295.267 36573.9 5257.08 5015.08 31316.8 30995 321.843 1637.25 1398.39 178.819 238.857 242
internal_count=167931 8532 1356 159399 22850 21816 136549 135255 1294 7176 6195 830 981 1034
is_linear=0
shrinkage=0.03


Tree=171
num_leaves=15
num_cat=0
split_feature=6 1 9 1 9 0 5 7 9 13 10 5 10 14
split_gain=10.9098 12.6268 12.8462 11.8154 11.2157 11.0582 10.501 10.4551 8.24884 8.21792 8.1334 7.14995 6.16866 5.88293
threshold=-5.6174806669699125e-05 0.81324514901999279 -0.00029042976889178892 0.8285192952620144 -0.00025831901702729084 -0.86763169271764251 0.13048597793860431 0.65829117818508209 7.3650952808097545e-05 -0.028306120643509763 -1.5901804237025801 -0.0055466028126920355 1.0531049721613133 0.00090391131853527127
decision_type=8 10 10 10 8 10 10 10 8 8 10 10 10 10
left_child=1 5 12 4 11 -1 9 -4 -7 -5 -6 -2 -3 -8
right_child=3 2 7 6 10 8 13 -9 -10 -11 -12 -13 -14 -15
leaf_value=-0.0018352675095731812 -0.0081303547807676738 0.0092274772539043554 -0.00074306831834371667 0.0053867824245686664 0.00054696958513452277 0.0010206017436050949 -0.010089364458255477 -0.0051346926273447176 0.0034818724213619514 0.00087339207213041727 -0.00093112038293584982 -0.0015691877732278495 0.0010083143719280304 3.5098648252687663e-05
leaf_weight=1036.9159423336387 284.93921715021133 124.17887303233147 2159.7458942085505 406.95676795393229 4231.0808827579021 8670.9492837041616 104.97808846831322 640.60728247463703 1458.4608855098486 3445.4009307771921 15251.587757520378 373.52030171453953 272.67139954864979 72.821219846606255
leaf_count=4363 1172 504 9131 1792 19142 36671 477 2659 6027 15041 68051 1595 1107 308
internal_value=-5.2976e-05 0.000599827 -0.00105069 -0.000443466 -0.000741914 0.0010783 0.00103135 -0.00178374 0.00138398 0.00137843 -0.000606927 -0.00457735 0.00389125 -0.00584214
internal_weight=38534.8 14363.5 3197.2 24171.3 20141.1 11166.3 4030.16 2800.35 10129.4 3852.36 19482.7 658.46 396.85 177.799
internal_count=168040 60462 13401 107578 89960 47061 17618 11790 42698 16833 87193 2767 1611 785
is_linear=0
shrinkage=0.03


Tree=172
num_leaves=15
num_cat=0
split_feature=6 7 12 3 13 2 10 9 2 10 0 6 4 10
split_gain=9.94658 14.1943 13.2337 12.3015 10.1517 10.1476 10.0874 9.01608 8.56048 7.76702 7.49434 7.0313 6.18291 6.01405
threshold=-1.2341095642180256e-05 -1.0843913854554994 0.7120604401883851 0.0015163003913740674 0.024021662697559221 0.31427963934926739 2.3609322868063876 5.5080616534601842e-05 0.97542218799996727 -1.5901804237025801 -1.2098152269451157 4.4132001323352977e-05 -2.1159063241357345 -1.5611806266203356
decision_type=10 10 10 10 10 10 10 10 10 10 8 10 8 8
left_child=1 4 6 5 10 11 -3 -7 13 -4 -1 -2 -10 -5
right_child=3 2 9 8 -6 7 -8 -9 12 -11 -12 -13 -14 -15
leaf_value=-0.002749609880159468 -0.0035462137458759585 -0.00013361914504973613 0.004259511430301904 0.00053357063935731961 -0.0056255513114518369 -0.0090999969007317574 -0.0035882700161372549 0.0021949498377996676 0.0056175760775246707 0.00092572339978534365 0.0039558441804376909 0.0026499155734969011 0.00077115192255497662 -0.00081587679636044514
leaf_weight=146.60119578242302 427.9519948810339 10783.892223328352 794.97280853241682 3673.0440861880779 106.22243668138981 356.83252839744091 812.95113463699818 63.028061896562576 297.35704244673252 3321.2526510730386 1708.1025835201144 245.5549403950572 1251.1839412599802 14520.119901582599
leaf_count=631 2924 46331 3390 16011 449 2362 3331 356 1289 14047 7493 1464 5358 62512
internal_value=-8.55344e-05 0.00043596 0.00013085 -0.000530783 0.00283732 -0.0036196 -0.000383846 -0.00725324 -0.000354929 0.00159289 0.00338175 -0.00119366 0.00177035 -0.000539995
internal_weight=38509.1 17674 15713.1 20835.1 1960.93 1093.37 11596.8 419.861 19741.7 4116.23 1854.7 673.507 1548.54 18193.2
internal_count=167948 75672 67099 92276 8573 7106 49662 2718 85170 17437 8124 4388 6647 78523
is_linear=0
shrinkage=0.03


Tree=173
num_leaves=14
num_cat=0
split_feature=0 13 8 6 10 6 12 1 9 14 12 13 2
split_gain=11.2933 7.4993 7.12147 7.34402 6.64504 6.90221 6.25164 6.3845 7.0358 5.92901 3.55123 5.38206 4.68007
threshold=-1.1418733006580835 0.060704386712283155 0.57461531721850911 -0.00077010378048480977 -2.1011699521841005 -0.00031428626296019501 -1.1482545303033911 0.64985918905321916 0.00010195679667911684 0.0019289465335234764 -0.93877006398577845 -0.013258136262915898 0.21765056659197965
decision_type=10 8 8 10 8 8 8 10 10 10 8 8 10
left_child=6 2 9 -4 -3 -6 7 -1 -9 -2 11 -8 -12
right_child=1 4 3 -5 5 -7 10 8 -10 -11 12 -13 -14
leaf_value=0.0065301632236600309 -0.00035081263542482153 0.004257747491009059 0.0057054521595807676 0.00082721071366355413 0.0016731007889588191 -0.0040914795492947489 -0.00032297489446675556 -0.0033460165796397575 0.0036765905555898775 0.00059932334177279249 -0.0051057978648637089 -0.011075722840440018 -0.0006788412433678748
leaf_weight=97.550527125597 23012.757007859647 110.90272948890924 295.03764913976192 4152.9378234148026 209.77867464721203 949.07859041541815 78.09078960865736 452.59510417282581 161.9926401078701 7917.2958545982838 434.26451659202576 128.34501673281193 493.74123859405518
leaf_count=419 102713 483 1186 17119 857 4075 344 1985 677 33505 1875 547 2129
internal_value=-0.000143033 -2.57305e-05 5.42088e-05 0.00117632 -0.0022829 -0.00299125 -0.00242607 -0.000129036 -0.00136971 -0.000105548 -0.00380186 -0.00748823 -0.00284677
internal_weight=38494.4 36647.8 35378 4447.98 1269.76 1158.86 1846.58 712.138 614.588 30930.1 1134.44 206.436 928.006
internal_count=167914 159938 154523 18305 5415 4932 7976 3081 2662 136218 4895 891 4004
is_linear=0
shrinkage=0.03


Tree=174
num_leaves=14
num_cat=0
split_feature=6 12 7 7 6 9 0 7 0 14 4 3 14
split_gain=9.37707 13.248 9.21795 8.08867 16.8302 10.0805 9.82478 9.72086 9.61149 7.61787 6.77234 6.64726 1.63262
threshold=-0.00045994590143372255 1.6316947249504496 -0.049945093336527073 -0.61113770602403583 4.4132001323352977e-05 5.8076608133177392e-05 -1.0309334163370438 0.92288179262425463 -1.2098152269451157 0.0039981292328065011 -0.86996971459189953 0.0065768298763446975 -0.028728998494648276
decision_type=8 10 10 8 10 8 8 10 10 10 10 10 10
left_child=1 2 11 4 8 7 -7 -5 -2 -6 -4 -1 -3
right_child=3 12 10 5 9 6 -8 -9 -10 -11 -12 -13 -14
leaf_value=0 -0.0031765921132233233 0.003660930232835815 -0.0024029712914575489 -0.00044922805025926672 -0.0014693639678260747 -0.003447124212626012 0.00062351181614942104 -0.0023486555031964379 0.0021696851385800769 0.0024441317079755285 0.0014488553635807055 0.0052997613385212146 0.01101574065383553
leaf_weight=337.76576496660709 305.75938206166029 88.516980454325676 737.47816769778728 13811.165288954973 2961.0379825532436 551.24595347046852 9784.8409768939018 2972.1374322623014 4751.5982799455523 508.23179917037487 891.28862416744232 599.40947410464287 133.57217244803905
leaf_count=1393 1353 356 3000 61781 13061 2316 41363 12823 21497 2109 3600 2417 539
internal_value=4.91162e-05 0.00172241 0.00107034 -8.05231e-05 0.000722677 -0.000335443 0.000397495 -0.000790367 0.00182899 -0.000873433 -0.000262595 0.00342859 0.00862693
internal_weight=38434 2788.03 2565.94 35646 8526.63 27119.4 10336.1 16783.3 5057.36 3469.27 1628.77 937.175 222.089
internal_count=167608 11305 10410 156303 38020 118283 43679 74604 22850 15170 6600 3810 895
is_linear=0
shrinkage=0.03


Tree=175
num_leaves=13
num_cat=0
split_feature=0 2 6 9 3 8 2 3 3 6 8 4
split_gain=13.0557 10.5589 10.2444 7.77381 7.44463 7.89584 7.82608 3.61706 9.4148 3.35351 2.56451 1.12906
threshold=-1.6399293817962508 0.13309357528872445 -6.7634692012282394e-05 0.00049060746616751865 0.0087415006360045695 -0.22252187189864334 -0.034024446685948527 0.0094339008384871203 0.0074938798718445542 0.00066061687300456777 -0.081051212323054109 -0.63769664017621863
decision_type=10 8 10 10 8 10 10 10 10 10 8 10
left_child=1 2 -1 4 6 -6 -2 8 -5 -9 11 -3
right_child=3 10 -4 7 5 -7 -8 9 -10 -11 -12 -13
leaf_value=-0.0058973199493901245 -0.0013099869698626734 -0.0043624111644129061 0.0082795364101316271 -0.0079998276209339129 0.0034062411243108944 0.00040753526058512585 4.0308744050508313e-05 -0.0016895291566461025 0.0059956940568482008 -0.011377978957470379 -0.0017763124533043606 -0.011857240487940462
leaf_weight=82.834409937262535 4430.8306663706899 73.498724929988384 78.784350827336311 75.610133096575737 1082.0549955666065 3093.809137403965 29161.43075337261 78.126037120819092 75.480168968439102 90.148617073893547 68.424065247178078 153.1083944439888
leaf_count=347 19540 325 348 310 4384 12495 128408 317 307 366 287 660
internal_value=-9.04583e-05 -0.00507866 0.000743619 -2.776e-05 1.06715e-05 0.00120518 -0.000136347 -0.00461717 -0.000697456 -0.0075635 -0.00838464 -0.00996703
internal_weight=38544.1 456.65 161.619 38087.5 37768.1 4175.86 33592.3 319.365 151.09 168.275 295.031 226.607
internal_count=168094 1967 695 166127 164827 16879 147948 1300 617 683 1272 985
is_linear=0
shrinkage=0.03


Tree=176
num_leaves=14
num_cat=0
split_feature=8 14 10 6 10 0 6 9 9 7 9 6 2
split_gain=8.93 8.53069 8.63075 7.91636 11.4066 7.87146 6.98507 9.9489 8.20856 7.83796 6.51755 4.14982 1.74588
threshold=0.57461531721850911 -0.022566079753905319 -1.5751762512883305 -0.0004038553351673727 2.5674733877202449 -0.94185527229912747 -0.00082165338257017171 -0.00035543739988748592 -0.00014899416859619704 0.94036715636865431 -0.00025098285828350825 -3.3776796698433323e-05 -0.06856095421784783
decision_type=8 10 8 10 8 10 8 10 10 10 10 10 10
left_child=1 2 -1 4 -3 -5 7 12 10 -10 -8 -4 -2
right_child=6 3 11 5 -6 -7 8 -9 9 -11 -12 -13 -14
leaf_value=0.0048204587212818204 0.004534754502202463 0.0024902815169978673 -0.0065447078691535576 -0.0017034155762454875 -0.0032149880280333671 6.8927308287282752e-06 0.0003981502725510167 0.013150838261734871 0.003211237335943801 0.00040905906915865745 -0.0052271978964562238 -0.0015169970075888605 -0.00051865949808856202
leaf_weight=91.509065419435501 85.614227175712585 2092.0866284072399 370.41860890388489 2636.0229574665427 353.85835103690624 27802.436687141657 413.8569655418396 97.50923615694046 1513.9012153595686 2340.7812867760658 300.35597789287567 315.69984273612499 121.29552188515663
leaf_count=376 344 8536 1507 11531 1441 123378 1667 392 6269 9660 1217 1322 488
internal_value=9.06965e-05 -8.1524e-05 -0.0031671 -5.79387e-06 0.00163073 -0.000139763 0.00129031 0.00565909 0.000974402 0.00153058 -0.0019242 -0.00437255 0.00140837
internal_weight=38535.3 33662 777.628 32884.4 2445.94 30438.5 4873.31 304.419 4568.9 3854.68 714.213 686.118 206.91
internal_count=168128 148091 3205 144886 9977 134909 20037 1224 18813 15929 2884 2829 832
is_linear=0
shrinkage=0.03


Tree=177
num_leaves=14
num_cat=0
split_feature=3 7 5 12 3 0 9 9 10 9 5 4 10
split_gain=7.06679 6.4416 8.59467 15.3219 6.77484 7.2348 6.29375 6.10707 4.01365 3.77397 3.71324 2.0518 1.84193
threshold=0.00092217967610447392 0.87340914730415531 0.038271468248120173 -0.70220223380447144 0.0057996626905976066 -0.38495214873649969 5.958396690252555e-05 0.0005464921332872109 -0.95217974430091712 -1.7583189350840462e-05 -0.081392398100059479 -1.1437821622080906 0.35951727972376119
decision_type=8 8 10 10 10 10 8 10 10 10 10 10 10
left_child=8 4 6 -4 5 -2 -3 -6 10 -10 -1 -12 -11
right_child=1 2 3 -5 7 -7 -8 -9 9 12 11 -13 -14
leaf_value=-0.0061960920114099349 -0.00091734380392997905 -0.0023546744044865265 -0.010942413442072599 0.0016130310465181372 0.0010038695417178825 0.00024796426522388928 0 -0.0057322719624498643 -0.000445235172802386 -0.013933347938825818 0.0076023611270437143 -0.00018666600866474949 -0.003385858436118288
leaf_weight=48.652920082211494 6688.6446102261543 3007.3089189827442 81.692961439490318 1624.6065613478422 8423.7862669378519 16772.686111852527 1538.2005444616079 110.61620889604092 68.144175603985786 63.820206552743912 40.781747683882713 41.118835590779781 52.338590584695339
leaf_count=407 29879 12705 347 6930 34273 74640 6351 450 566 558 328 337 462
internal_value=-3.04939e-05 5.36104e-06 -0.000872985 0.000916698 0.000179079 -8.19491e-05 -0.00155851 0.000902932 -0.0044368 -0.00717655 0 0.00344415 -0.0103016
internal_weight=38562.4 38247.5 6251.81 1706.3 31995.7 23461.3 4545.51 8534.4 314.856 184.303 130.554 81.9006 116.159
internal_count=168233 165575 26333 7277 139242 104519 19056 34723 2658 1586 1072 665 1020
is_linear=0
shrinkage=0.03


Tree=178
num_leaves=15
num_cat=0
split_feature=6 8 12 7 14 14 10 14 7 5 1 1 12 10
split_gain=6.41858 9.8251 10.2913 13.3974 9.82158 9.49903 8.09231 7.73159 13.489 10.3778 6.71238 6.65647 11.0471 7.5614
threshold=-1.5689311211837992e-06 -0.38129246554464313 0.45911095995507395 0.9570643192178504 -0.021107815004521958 0.0017382254626054753 -2.3243982490325057 0.025698031125100374 1.8923286218362529 0.03268047286305098 0.62795027074798515 0.82485695619689803 0.044204251897799328 2.1973361990082885
decision_type=8 10 10 10 10 10 10 10 10 10 10 10 10 10
left_child=1 5 4 -4 -3 6 -1 11 9 -9 -7 13 -13 -2
right_child=7 2 3 -5 -6 10 -8 8 -10 -11 -12 12 -14 -15
leaf_value=0.006301059936363167 -0.00089019363097596902 -0.0051771471995592849 0.0021138786569076663 -0.0010410044778634102 -0.00039941315238420171 0.0095722988353055087 0.00044938224398640125 0.0018766250581811273 -0.0044920996898113272 0.013321705001925921 0.0028877042913419077 0.0021767017602939273 -0.0011642686445781758 0.0021875095940481755
leaf_weight=220.97459787875414 15164.777443110943 399.62794391810894 3541.0516872182488 1802.3568274378777 8440.9771078974009 174.10353003442287 3286.8552169278264 194.878736525774 120.95237228274345 122.90546281635761 807.79717589914799 1987.0714269503951 1575.2114465087652 734.40247358381748
leaf_count=995 67388 1626 15189 7511 36139 734 14918 788 489 499 3428 8626 6853 3090
internal_value=-1.0042e-05 0.000387742 0 0.00103856 -0.000627769 0.00160916 0.000851927 -0.000386331 0.00349148 0.00675752 0.00421801 -0.000478582 0.000683433 -0.000742974
internal_weight=38573.9 18673.7 14184 5343.41 8840.61 4489.73 3507.83 19900.2 438.737 317.784 981.901 19461.5 3562.28 15899.2
internal_count=168273 80540 60465 22700 37765 20075 15913 87733 1776 1287 4162 85957 15479 70478
is_linear=0
shrinkage=0.03


Tree=179
num_leaves=10
num_cat=0
split_feature=5 13 9 14 4 4 14 14 11
split_gain=7.42016 7.79342 6.94428 6.79916 105.409 72.5669 5.19649 5.32551 4.33086
threshold=0.21337886460444019 -0.0011800781224854705 0.00049060746616751865 0.00039950441406461237 -0.7079388023938552 -0.72947523979062712 0.0023654003770326722 -0.0044236365546037361 0.0024049227367192549
decision_type=10 10 10 10 10 10 10 10 8
left_child=2 -2 3 5 -5 -1 7 -4 -3
right_child=1 8 6 4 -6 -7 -8 -9 -10
leaf_value=-0.0018978160989645758 -0.0099850738455895208 0.0036596027901240075 -0.0062788589010131573 0.0031118093472054837 -0.0018524713879747498 0.0015076011809301933 -0.0092451301063402359 0.0031921921565915543 -0.0056249613568462656
leaf_weight=11528.916980557144 126.19123601913452 97.082262359559536 85.730687618255615 7553.890126824379 7817.8793976679444 10981.678758464754 113.45419822633266 104.86640088260174 67.864648967981339
leaf_count=51725 566 435 350 32685 33581 47296 460 428 299
internal_value=1.94101e-05 -0.00466891 5.79382e-05 9.62935e-05 0.000583578 -0.000233905 -0.00438067 -0.000869424 0
internal_weight=38477.6 291.138 38186.4 37882.4 15371.8 22510.6 304.051 190.597 164.947
internal_count=167825 1300 166525 165287 66266 99021 1238 778 734
is_linear=0
shrinkage=0.03


Tree=180
num_leaves=15
num_cat=0
split_feature=7 6 13 2 1 9 2 0 14 1 5 2 9 6
split_gain=7.81524 12.8272 9.33086 9.96083 13.8462 9.29796 8.87276 8.74715 7.68345 7.40849 9.85643 8.28345 7.33792 7.15896
threshold=-0.61113770602403583 2.0266917108309934e-05 0.0051103138445020681 1.1789313315994685 0.74103635509011789 3.6430948731849275e-05 0.32138824904552193 -0.096612225912306102 -0.006638227316876859 0.61645804608929844 0.010116768722771154 0.81527547373396314 0.00046145036536788365 -0.00041726038480184666
decision_type=8 10 10 10 10 10 10 10 10 8 10 8 10 10
left_child=1 9 5 13 -5 7 8 -2 -3 10 -1 -11 -7 -4
right_child=2 6 3 4 -6 12 -8 -9 -10 11 -12 -13 -14 -15
leaf_value=-0.0036267018848367611 -0.0023357811839127976 -0.0066467260054891598 0.0020587772369428745 0.0083693855246022818 -0.00058428450951402702 0.00025351596290237177 0.0014578929671194125 -0.00047700375191557281 -0.00096915206606070956 0.001869158680532391 0.0033957674116603972 0.0072087685207730947 -0.0052998029307298727 -0.00011722314637903925
leaf_weight=465.46837903559208 4392.0147654265165 232.62498199939728 1539.3115830570459 311.4779804199934 276.12124556303024 6888.2285715043545 1346.2579441666603 4944.2712845057249 2441.9193513169885 3950.05651435256 273.77926409989595 282.87147808820009 210.6892376691103 10920.356249861419
leaf_count=2115 19579 981 6239 1334 1180 29530 5864 22133 10992 17568 1219 1220 861 47058
internal_value=-2.32175e-05 0.000748732 -0.000260892 0.000334817 0.00412216 -0.000737367 -0.000499073 -0.0013594 -0.00150824 0.0017688 -0.00093525 0.00225628 7.30353e-05 0.000148231
internal_weight=38475.4 8992.98 29482.5 13047.3 587.599 16435.2 4020.8 9336.29 2674.54 4972.18 739.248 4232.93 7098.92 12459.7
internal_count=167873 39959 127914 55811 2514 72103 17837 41712 11973 22122 3334 18788 30391 53297
is_linear=0
shrinkage=0.03


Tree=181
num_leaves=15
num_cat=0
split_feature=2 6 9 9 1 3 5 13 12 1 14 12 14 13
split_gain=7.55798 10.9518 9.33348 8.55554 9.84915 8.39841 9.63778 7.16458 5.78122 10.0598 8.53019 5.12503 5.33303 3.73839
threshold=-0.029317038438523031 -0.00077010378048480977 -0.00046462528798211442 0.0001797484796836213 0.76299411457885336 0.016543070614408028 0.023610662129488039 -0.07253528631731164 0.72878320290450238 0.78248376382343465 -0.0058402409549270394 0.40531929200675726 -0.011389768084061688 0.014420292364236031
decision_type=10 8 8 8 8 10 10 10 10 10 10 10 10 10
left_child=1 11 5 7 -5 6 -2 -3 10 -10 -4 12 -1 -7
right_child=2 3 8 4 -6 13 -8 -9 9 -11 -12 -13 -14 -15
leaf_value=-0.0043507367051897937 -0.001966579291582313 0.0060549692024695996 -0.0015956554070847815 0.0054731092749333698 -0.0019723730572029237 0.014342773759575626 0.0089161050010451905 -0.0020876507470965222 0.0015826057921655759 -0.00068575456439253207 2.4480325875894208e-05 0.0085270898225493254 0.0046773898077891712 0.0036448069596760708
leaf_weight=88.118767663836479 237.0103402286768 86.356463246047497 3363.5341991856694 314.57091288268566 292.28588607907295 76.90129779279232 92.002584561705589 4504.7009562551975 4808.7646381556988 2720.747393772006 21495.32657533139 127.9267987459898 130.20471881330013 88.269626826047897
leaf_count=355 955 390 14064 1306 1206 309 374 19820 20874 11706 94937 515 525 355
internal_value=-8.04219e-05 -0.00110484 9.07598e-05 -0.0014596 0.00181597 0.0041419 0.00107282 -0.00190862 2.58359e-05 0.000755166 -0.000192873 0.00394391 0.000739754 0.0095026
internal_weight=38426.7 5544.16 32882.6 5197.91 606.857 494.184 329.013 4591.06 32388.4 7529.51 24858.9 346.25 218.323 165.171
internal_count=167691 24117 143574 22722 2512 1993 1329 20210 141581 32580 109001 1395 880 664
is_linear=0
shrinkage=0.03


Tree=182
num_leaves=15
num_cat=0
split_feature=2 0 6 1 2 6 1 11 14 14 8 0 13 4
split_gain=8.5367 10.8532 12.9132 11.3184 13.0713 11.2332 9.02688 8.03185 10.0872 8.85408 6.10553 12.2114 6.02036 5.54654
threshold=-0.0038563797948996978 0.21633014021067257 -0.00077010378048480977 0.84473313793071825 -0.063659592877766721 0.0003619624114908682 0.63230319940001078 -0.0094600710823669418 2.5636471606260273e-05 0.0088717324615609251 -0.5422438191966098 -0.81930503181177083 0.016014703250360088 -2.9282647707153924
decision_type=10 8 8 8 10 10 8 10 10 10 10 10 8 10
left_child=1 3 -3 5 -5 -1 -4 8 12 -10 11 -9 -2 -12
right_child=7 2 6 4 -6 -7 -8 10 9 -11 13 -13 -14 -15
leaf_value=-0.0027689471161650206 0.002994431721287391 0.0094397330242504632 0.0045897234874243374 0.0055103158647252055 -0.0048492300102200708 0.0037268121425764402 -0.00071233368390843444 -0.0024917767827606712 0.011855096773378119 0 -0.0017856903984214707 0.0029488298395435523 -0.0053284911176170206 0.00019728794527813074
leaf_weight=3583.3830152526498 217.40970534086227 135.88883656263351 337.23144856095314 354.90903693437576 142.30206762999296 240.57540082931519 1687.4728625416756 454.80880370736122 170.84437918663025 97.142769023776054 1316.2888151854277 1693.3917802944779 109.01694615185261 27969.983707383275
leaf_count=15773 883 547 1469 1521 617 999 7356 2069 694 390 5793 7861 441 121607
internal_value=8.6799e-05 -0.000903013 0.000811613 -0.00177408 0.00238996 -0.00233598 0.000159497 0.000289202 0.00372115 0.00792242 0.000221234 0.00176296 0 0.000105535
internal_weight=38510.6 6481.76 2160.59 4321.17 497.211 3823.96 2024.7 32028.9 594.414 267.987 31434.5 2148.2 326.427 29286.3
internal_count=168020 28282 9372 18910 2138 16772 8825 139738 2408 1084 137330 9930 1324 127400
is_linear=0
shrinkage=0.03


Tree=183
num_leaves=11
num_cat=0
split_feature=14 10 14 3 1 9 3 7 1 12
split_gain=9.22778 8.75053 7.93586 7.58433 6.21381 4.74719 4.00478 3.33465 3.22853 2.46159
threshold=-0.048586748266025527 3.3630940611038063 -0.040238160431264172 0.0067556695741575945 0.79747890623122597 2.1866311001694787e-06 0.0094339008384871203 0.62392523146788392 0.72297504429141568 -0.60730295778180798
decision_type=8 10 10 10 10 10 8 10 10 10
left_child=4 2 6 -4 8 9 -2 -7 -1 -3
right_child=1 5 3 -5 -6 7 -8 -9 -10 -11
leaf_value=0.0045413189967865152 -0.011206261331117519 -0.0020986329687350952 -0.0001576586715066258 0.00092139919110406914 0.011156065631183012 0.0037185966021593747 -0.00090991537265450737 -0.0037159844740943791 -0.0022345334321766629 -0.0096920904621701602
leaf_weight=146.06000098586082 74.330602303147316 93.086753189563751 30284.00447255373 7251.0648184418678 95.128692090511322 78.972625955939293 84.052770778536797 121.54666514694691 85.182428300380707 137.78625233471394
leaf_count=592 305 378 134633 29420 386 327 340 494 345 559
internal_value=1.31508e-05 -2.89251e-05 1.86618e-05 4.93867e-05 0.00496134 -0.00422905 -0.00647695 -0.000465383 0.00180743 -0.00709378
internal_weight=38451.2 38124.8 37693.5 37535.1 326.371 431.392 158.383 200.519 231.242 230.873
internal_count=167779 166456 164698 164053 1323 1758 645 821 937 937
is_linear=0
shrinkage=0.03


Tree=184
num_leaves=13
num_cat=0
split_feature=3 4 4 7 6 13 6 3 10 9 8 13
split_gain=10.8838 8.99756 8.41088 7.30827 11.817 8.40685 7.60094 8.64749 7.40701 6.31789 5.41985 2.64617
threshold=0.0013755129483446779 1.1022306962815325 0.16430743007340018 -0.61113770602403583 4.999590443416728e-05 -0.0048239158164721111 -0.00088379628506232136 0.0089977225259031939 2.3609322868063876 -9.0205277946646663e-05 0.18472701159656882 -0.0010019717218042628
decision_type=8 10 10 8 10 10 8 10 10 8 10 10
left_child=1 2 10 4 9 -6 7 -5 -8 -2 -1 -4
right_child=3 -3 11 6 5 -7 8 -9 -10 -11 -12 -13
leaf_value=-0.0027815481824916312 0.00012797097563672913 0.0065159060777859948 -0.012294349063272793 -0.0039885652125985953 0.00081253013324297948 -0.0021976367304101857 -0.00010639395272406832 0.0048423908009326772 -0.0024111412696646707 0.0024481058949565732 0.005717045824641824 -0.0030485848463608213
leaf_weight=984.71495815366507 1573.7403115332127 76.026485837996006 109.56122480332851 108.49683111906052 1835.2168900817633 1492.9695789963007 26774.882427945733 501.69319540262222 1312.1450335085392 3601.5853785723448 59.015886642038822 74.22930359095335
leaf_count=6549 6644 462 742 440 7965 6400 114791 2019 5420 15742 322 480
internal_value=-8.5776e-06 -0.00269381 -0.00336074 8.46016e-05 0.000857523 -0.000522346 -0.000142558 0.00313644 -0.00021702 0.00175577 -0.00219437 -0.00921979
internal_weight=38504.3 1303.55 1227.52 37200.7 8503.51 3328.19 28697.2 610.19 28087 5175.33 1043.73 183.791
internal_count=167976 8555 8093 159421 36751 14365 122670 2459 120211 22386 6871 1222
is_linear=0
shrinkage=0.03


Tree=185
num_leaves=10
num_cat=0
split_feature=3 5 13 3 2 14 14 13 4
split_gain=9.16552 7.09512 9.80942 9.53105 9.09204 8.99074 8.87172 7.96388 2.96658
threshold=0.00073023645112328358 -0.051434782137590965 0.04052201874431114 0.0013394559451828606 1.1789313315994685 -0.013587536985884907 0.005646505957763147 -0.017255257775970295 -0.89278806910996855
decision_type=8 10 8 8 8 8 10 10 10
left_child=8 2 6 7 -5 -4 -2 -3 -1
right_child=1 3 5 4 -6 -7 -8 -9 -10
leaf_value=-0.011204231525848707 0.00057615902353965701 0.0015793468649297443 0.003098251633841846 -0.00033063122208182657 0.0021556277117334402 -0.0063211310047745425 0.0037597031649517316 -0.0057390272054936124 -0.00070338743437692655
leaf_weight=78.577192567288876 6536.8098671063781 161.45860155671835 111.18455012142658 28408.147003188729 1373.9490954726934 307.93210764229298 901.67218551039696 494.28201707452536 53.311596274375916
leaf_count=789 28643 1015 449 122241 5873 1305 3690 3135 533
internal_value=-0.000115708 -8.5903e-05 0.000715007 -0.000294797 -0.000213233 -0.00366854 0.000974644 -0.00385029 -0.00773121
internal_weight=38427.3 38295.4 7857.6 30437.8 29782.1 419.117 7438.48 655.741 131.889
internal_count=167673 166351 34087 132264 128114 1754 32333 4150 1322
is_linear=0
shrinkage=0.03


end of trees

feature_importances:
range_pct_mean_14=441
rolling_logret_mean_400=230
rolling_logret_mean_120=226
_ret_close_20____vol_regime_z_14___buy_pressure_negative_ratio_50__=213
buy_pressure_mean_10=177
volatility_x_buy_pressure_120=158
trade_count_ratio_480=157
_vol_regime_z_14___ts_corr_trade_size_base_ratio_30__trade_size_quote_log_delta_7__20__=141
realized_vol_z_480=135
taker_buy_base_volume_log_z_20=133
clip_quote_volume_proxy_log_delta_7_=118
q75__signed_volume_sum_ratio_14___taker_buy_base_volume_log_delta_120___14_=107
taker_buy_quote_volume_log_delta_120=85
ts_corr_trade_size_base_ratio_30__trade_size_quote_log_delta_7__20_=84
trade_size_base_log_delta_320=72

parameters:
[boosting: gbdt]
[objective: binary]
[metric: auc]
[tree_learner: serial]
[device_type: cpu]
[data_sample_strategy: bagging]
[data: ]
[valid: ]
[num_iterations: 250]
[learning_rate: 0.03]
[num_leaves: 15]
[num_threads: 0]
[seed: 42]
[deterministic: 0]
[force_col_wise: 1]
[force_row_wise: 0]
[histogram_pool_size: -1]
[max_depth: 4]
[min_data_in_leaf: 300]
[min_sum_hessian_in_leaf: 0.001]
[bagging_fraction: 0.8]
[pos_bagging_fraction: 1]
[neg_bagging_fraction: 1]
[bagging_freq: 1]
[bagging_seed: 42]
[bagging_by_query: 0]
[feature_fraction: 0.7]
[feature_fraction_bynode: 1]
[feature_fraction_seed: 42]
[extra_trees: 0]
[extra_seed: 12879]
[early_stopping_round: 0]
[early_stopping_min_delta: 0]
[first_metric_only: 0]
[max_delta_step: 0]
[lambda_l1: 2]
[lambda_l2: 10]
[linear_lambda: 0]
[min_gain_to_split: 0]
[drop_rate: 0.1]
[max_drop: 50]
[skip_drop: 0.5]
[xgboost_dart_mode: 0]
[uniform_drop: 0]
[drop_seed: 17869]
[top_rate: 0.2]
[other_rate: 0.1]
[min_data_per_group: 100]
[max_cat_threshold: 32]
[cat_l2: 10]
[cat_smooth: 10]
[max_cat_to_onehot: 4]
[top_k: 20]
[monotone_constraints: ]
[monotone_constraints_method: basic]
[monotone_penalty: 0]
[feature_contri: ]
[forcedsplits_filename: ]
[refit_decay_rate: 0.9]
[cegb_tradeoff: 1]
[cegb_penalty_split: 0]
[cegb_penalty_feature_lazy: ]
[cegb_penalty_feature_coupled: ]
[path_smooth: 0]
[interaction_constraints: ]
[verbosity: -1]
[saved_feature_importance_type: 0]
[use_quantized_grad: 0]
[num_grad_quant_bins: 4]
[quant_train_renew_leaf: 0]
[stochastic_rounding: 1]
[linear_tree: 0]
[max_bin: 255]
[max_bin_by_feature: ]
[min_data_in_bin: 3]
[bin_construct_sample_cnt: 200000]
[data_random_seed: 42]
[is_enable_sparse: 1]
[enable_bundle: 1]
[use_missing: 1]
[zero_as_missing: 0]
[feature_pre_filter: 1]
[pre_partition: 0]
[two_round: 0]
[header: 0]
[label_column: ]
[weight_column: ]
[group_column: ]
[ignore_column: ]
[categorical_feature: ]
[forcedbins_filename: ]
[precise_float_parser: 0]
[parser_config_file: ]
[objective_seed: 16083]
[num_class: 1]
[is_unbalance: 0]
[scale_pos_weight: 1]
[sigmoid: 1]
[boost_from_average: 1]
[reg_sqrt: 0]
[alpha: 0.9]
[fair_c: 1]
[poisson_max_delta_step: 0.7]
[tweedie_variance_power: 1.5]
[lambdarank_truncation_level: 30]
[lambdarank_norm: 1]
[label_gain: ]
[lambdarank_position_bias_regularization: 0]
[eval_at: ]
[multi_error_top_k: 1]
[auc_mu_weights: ]
[num_machines: 1]
[local_listen_port: 12400]
[time_out: 120]
[machine_list_filename: ]
[machines: ]
[gpu_platform_id: -1]
[gpu_device_id: -1]
[gpu_use_dp: 0]
[num_gpu: 1]

end of parameters

pandas_categorical:[]
