tree
version=v4
num_class=1
num_tree_per_iteration=1
label_index=0
max_feature_idx=3
objective=binary sigmoid:1
feature_names=ema_ma_ratio_close_30__160_ _trade_count_log_z_50___vol_of_vol_60_ parkinson_vol_600 buy_pressure_positive_ratio_400
feature_infos=[-0.054884784773526228:0.030614427863545863] [-6.6801053879525822:6.5176870787465209] [0.00079493983247898726:0.019018763499167222] [0.20499999999999999:0.84250000000000003]
tree_sizes=1789 1805 1808 1810 1825 1808 1795 1805 1823 1800 1812 1813 1815 1801 1803 1812 1814 1817 1816 1817 1823 1813 1800 1803 1793 1812 1813 1825 1822 1810 1808 1828 1829 1705 1805 1795 1826 1818 1793 1816 1816 1825 1812 1810 1823 1804 1809 1826 1795 1817 1822 1815 1824 1806 1816 1808 1831 1821 1773 1816 1834 1804 1836 1804 1809 1822 1812 1813 1813 1834 1828 1813 1836 1806 1807 1796 1831 1826 1817 1820 1808 1797 1836 1823 1808 1825 1799 1828 1817 1706 1815 1829 1824 1793 1825 1797 1811 1810 1789 1831 1829 1800 1803 1798 1704 1819 1807 1800 1451 1810 1815 1820 1801 1703 1821 1825 1830 1818 1795 1810 1812 1813 1808 1829 1823 1819 1616 1814 1794 1597 1587 1819 1589 1821 1825 1697 1664 1797 1786 1819 1811 1804 1583 1691 1609 1809 1804 1599 1812 1831 1682 1690 1322 1360 1803 1548 1676 1823 1475 1820 1577 1833 1792 1343 1132 1696 1151 1709 1818 1812 1816 1574 1824 1449 1223 1360 1608 1460 1211 1256 1600 1607 1534 1787 1598 1439 1595 1681 1804 1831 1812 1831 1817 1816 1137 1805 1684 1746 1833 1132 1261 710 920 826 1812 1805 1667 1692 1602 1597 823 1484 1139 1259 1830 1711 1266 1715 1831 1420 1828 1817 1142 1474 1034 1588 1033 1156 1226 1340 1466 1717 1254 1591 1766 1779 1782 1825 1684 1695 1804 813 1145 1253 1125 1712 1588 1568 1659

Tree=0
num_leaves=15
num_cat=0
split_feature=2 2 2 2 1 2 0 0 1 2 0 1 2 0
split_gain=11265.5 3700.28 1252.91 587.233 406.46 368.385 360.616 156.655 154.266 136.843 121.296 119.559 73.7629 51.0863
threshold=0.0027070756574095285 0.0047080774960687015 0.0018374936339392381 0.003599897591987184 0.35048740277938201 0.0071915022378682041 -0.0019364805331244593 -0.0036391420074520071 0.99304100929724115 0.0024039869930330819 0.0027063659757853818 0.16845558912892164 0.0016226914765030776 0.0021461270542633653
decision_type=8 8 10 10 10 8 10 10 10 10 10 10 10 10
left_child=2 3 11 6 9 7 -2 -3 -5 -4 -6 13 -13 -1
right_child=1 5 4 8 10 -7 -8 -9 -10 -11 -12 12 -14 -15
leaf_value=-0.16051107885356022 -0.11122567126167823 -0.087650627094241887 -0.14367900247832949 -0.11241553574692759 -0.12924373458645458 -0.08283256182158906 -0.12417264149539009 -0.099669394180049317 -0.10103331273107471 -0.13463517459990826 -0.11060628141843447 -0.15278383743058238 -0.13900783345072873 -0.1440982863041653
leaf_weight=2516.3092974126339 2494.3893589675426 1324.9108248800039 4118.9557060003281 6624.5541244000196 2885.2118978351355 2425.1422806978226 8518.3869880139828 4601.4434420019388 1293.2763682603836 2550.6837463378906 341.25358715653419 1280.0745871514082 586.35835340619087 257.55927672982216
leaf_count=10102 10014 5319 16536 26595 11583 9736 34198 18473 5192 10240 1370 5139 2354 1034
internal_value=-0.120771 -0.109405 -0.142093 -0.116752 -0.136025 -0.0927823 -0.121229 -0.096921 -0.110526 -0.140255 -0.127229 -0.15496 -0.148608 -0.159098
internal_weight=41818.5 27282.1 14536.4 18930.6 9896.1 8351.5 11012.8 5926.35 7917.83 6669.64 3226.47 4640.3 1866.43 2773.87
internal_count=167885 109527 58358 75999 39729 33528 44212 23792 31787 26776 12953 18629 7493 11136
is_linear=0
shrinkage=1


Tree=1
num_leaves=15
num_cat=0
split_feature=0 0 0 0 0 0 1 1 1 1 0 0 0 1
split_gain=3103.13 2919.18 772.746 594.479 440.292 356.857 177.906 158.94 123.089 119.853 69.1724 37.9152 27.746 12.5522
threshold=-0.0030366068549800129 0.0023353706532947683 -0.0012166972279151075 -0.0065479513879402066 0.00082159576828511516 0.0055487076018163779 0.90867270426566316 0.53359748957242403 0.21447329653578062 -0.11783368501460188 -0.010703741393565216 -0.0041502997841843673 -0.0051556924144032226 -0.21819266326705192
decision_type=10 10 10 10 10 10 10 10 10 10 10 10 10 10
left_child=3 2 6 10 -4 7 -2 -3 -7 11 -1 -5 -11 -12
right_child=1 5 4 9 -6 8 -8 -9 -10 12 13 -13 -14 -15
leaf_value=0.041005301805098912 -0.0010101501043200715 0.0043223894401097814 -0.014035242699838116 0.011923894361484916 -0.0047806449749735278 0.015298325949480636 0.012767592238746803 0.015224788838688268 0.02867547823982412 0.026002020643916355 0.023942495736202933 0.0040558433157779914 0.016354235401202007 0.032113999745428348
leaf_weight=707.49812480807304 4562.4834552407265 4455.8642834126949 14215.396087318659 1228.2418238967657 6911.9364237189293 1791.4306878149509 1023.0095826983452 1659.6990197747946 1020.3291752636433 417.61463712155819 682.46040436625481 1075.1980920284986 1427.8889657109976 648.13665008544922
leaf_count=2836 18318 17887 57109 4928 27756 7188 4106 6660 4093 1675 2737 4315 5729 2599
internal_value=-1.94479e-05 -0.00342691 -0.00839126 0.0195733 -0.0110141 0.0114137 0.00152089 0.007311 0.0202583 0.0129794 0.0328382 0.00831059 0.0186981 0.0281775
internal_weight=41827.2 35640.1 26712.8 6187.04 21127.3 8927.32 5585.49 6115.56 2811.76 4148.94 2038.1 2303.44 1845.5 1330.6
internal_count=167936 143117 107289 24819 84865 35828 22424 24547 11281 16647 8172 9243 7404 5336
is_linear=0
shrinkage=0.03


Tree=2
num_leaves=15
num_cat=0
split_feature=2 2 2 1 2 2 0 2 2 1 1 0 1 2
split_gain=10386 3173.76 1381.62 446.072 427.35 385.315 278.289 212.845 152.58 152.033 106.571 74.6457 71.1604 68.8248
threshold=0.0028156294542010106 0.0046510927379661516 0.001867979531125979 0.8489086169884742 0.0035814386601532833 0.0053927673544491841 -0.0022166544134780315 0.0024177048866860667 0.0074696459271216525 0.86881265241924532 0.16845558912892164 -0.0044985007898030718 1.9505640182238675 0.0016226914765030776
decision_type=8 8 10 10 10 8 10 10 8 10 10 10 10 10
left_child=2 4 10 7 6 11 -2 -4 -7 -6 -1 -3 -5 -12
right_child=1 5 3 12 9 8 -8 -9 -10 -11 13 -13 -14 -15
leaf_value=-0.03650000924905341 0.0097677148966208837 0.030017067362678437 -0.020562259889012564 -0.0049583863244161532 0.0073264690194782362 0.026915686724844876 -0.0027525133022046045 -0.011092113401682081 0.037437247061866519 0.018158719375134125 -0.030941870715307043 0.014996498415555124 0.0064983245349824938 -0.018101498054443884
leaf_weight=2867.1778549700975 2016.8647411316633 357.39453166723251 4883.2036883980036 1506.1373887211084 6287.0218290686607 3822.3840761333704 7535.4764607846737 3946.3704176992178 2095.0108577162027 1446.940320879221 1277.2507604956627 2446.6965602487326 707.22974579036236 654.32097399234772
leaf_count=11550 8087 1431 19639 6050 25228 15320 30265 15857 8391 5802 5143 9811 2841 2631
internal_value=-6.35908e-05 0.0115977 -0.0192073 -0.0133373 0.00414423 0.0263423 -9.52892e-05 -0.0163537 0.0307078 0.00938165 -0.0326472 0.0170321 -0.00125791 -0.0267387
internal_weight=41849.5 26007.8 15841.7 11042.9 17286.3 8721.49 9552.34 8829.57 5917.39 7733.96 4798.75 2804.09 2213.37 1931.57
internal_count=168046 104335 63711 44387 69382 34953 38352 35496 23711 31030 19324 11242 8891 7774
is_linear=0
shrinkage=0.03


Tree=3
num_leaves=15
num_cat=0
split_feature=2 2 2 2 1 2 0 2 1 2 2 1 0 1
split_gain=9833.85 3013.02 1293.42 432.066 412.197 330.146 227.81 174.996 150.55 124.078 105.983 104.821 67.1238 59.6696
threshold=0.0028156294542010106 0.0046771635379937336 0.0018374936339392381 0.003599897591987184 0.36396005852626095 0.0053927673544491841 -0.0022166544134780315 0.0024177048866860667 0.43342850222588375 0.0074696459271216525 0.0016064990190196478 1.9505640182238675 -0.0036391420074520071 0.16845558912892164
decision_type=8 8 10 10 10 8 10 10 10 8 10 10 10 10
left_child=2 3 10 6 7 12 -2 -4 -5 -7 -1 -6 -3 -12
right_child=1 5 4 8 11 9 -8 -9 -10 -11 13 -13 -14 -15
leaf_value=-0.035543344204364981 0.0088388983113632334 0.027943590067478395 -0.021140465020511749 0.0067705642860599064 -0.0072684134397393418 0.026500853405287923 -0.0023580109936580029 -0.011826450234462809 0.015987807369971289 0.036077867191465961 -0.030157711975137575 0.0053956543409639486 0.014665017693527306 -0.017580123705698291
leaf_weight=2963.5553206503391 2067.9262544363737 435.5608137100935 4233.9334007948637 5468.7721587866545 2876.1487824171782 3785.7130750119686 7668.2217455208302 3341.2899037450552 2287.9097924828529 2096.043974250555 1009.3273991942406 725.42909963428974 2187.3607092946768 646.24202527105808
leaf_count=11975 8288 1743 17059 21936 11562 15158 30803 13437 9170 8387 4079 2913 8765 2603
internal_value=2.41748e-05 0.0113675 -0.0186367 0.0042367 -0.0130888 0.0260052 2.06489e-05 -0.0170611 0.00951409 0.0299794 -0.0319904 -0.00469313 0.0169906 -0.0254192
internal_weight=41793.4 25997.5 15795.9 17492.8 11176.8 8504.68 9736.15 7575.22 7756.68 5881.76 4619.12 3601.58 2622.92 1655.57
internal_count=167878 104250 63628 70197 44971 34053 39091 30496 31106 23545 18657 14475 10508 6682
is_linear=0
shrinkage=0.03


Tree=4
num_leaves=15
num_cat=0
split_feature=2 2 2 2 2 0 0 0 2 0 0 0 2 0
split_gain=9264.02 3082.41 976.82 437.677 324.867 246.185 205.627 176.806 128.113 110.156 109.132 67.6759 52.2956 17.0878
threshold=0.0027195488069857018 0.0046510927379661516 0.0018374936339392381 0.0035814386601532833 0.0053927673544491841 -0.0017495571167721435 0.0027063659757853818 -0.0026645119348182159 0.0074696459271216525 -0.0029547587501495896 0.002103123930810523 -0.0036391420074520071 0.0016226914765030776 0.0052497230220488293
decision_type=8 8 10 10 8 10 10 10 8 10 10 10 10 10
left_child=2 3 10 5 11 -2 7 -4 -6 -5 12 -3 -1 -8
right_child=1 4 6 9 8 -7 13 -9 -10 -11 -12 -13 -14 -15
leaf_value=-0.034814864616771669 0.0073216585091301876 0.027109840204462537 -0.0034144463949153151 0.016915840648489843 0.025499968575015089 -0.0032277721215946938 -0.0046967838646242311 -0.017187325888703239 0.035183862031710984 0.0071333774473340437 -0.015248837207868626 0.014167717810978062 -0.026460430373669311 0.0030282643782368166
leaf_weight=2904.1928895264864 2632.4724590778351 459.93528015911579 957.97920206189156 1249.1095033437014 3792.3215254247189 8053.4251755177975 854.12130318582058 7843.2522567659616 2098.0935918539762 6494.2615452259779 407.6017844825983 2330.8031772524118 1250.2106782495975 349.40353372693062
leaf_count=11782 10552 1840 3855 5004 15175 32361 3437 31611 8393 26036 1647 9335 5060 1405
internal_value=-0.000102006 0.0102635 -0.0193913 0.00331231 0.0249925 -0.000618893 -0.0141104 -0.0157006 0.0290132 0.00873894 -0.0309035 0.0164113 -0.0323847 -0.00239816
internal_weight=41677.2 27110.4 14566.8 18429.3 8681.15 10685.9 10004.8 8801.23 5890.42 7743.37 4562.01 2790.74 4154.4 1203.52
internal_count=167493 108696 58797 73953 34743 42913 40308 35466 23568 31040 18489 11175 16842 4842
is_linear=0
shrinkage=0.03


Tree=5
num_leaves=15
num_cat=0
split_feature=2 2 2 2 1 2 0 2 0 0 0 1 1 1
split_gain=8566.83 2696.94 1180.18 362.423 362.291 311.428 232.339 197.292 140.099 131.101 99.6395 77.1673 56.9092 19.1384
threshold=0.0028156294542010106 0.0046771635379937336 0.0018374936339392381 0.003599897591987184 0.8489086169884742 0.0074696459271216525 -0.0022166544134780315 0.00235217571412407 -0.0053505284069585114 0.0022347214628811369 0.0020612868340231642 0.86881265241924532 2.005251759939529 0.88812662624768623
decision_type=8 8 10 10 10 8 10 10 10 10 10 10 10 10
left_child=2 3 10 6 7 8 -2 -4 -3 -5 11 -1 -6 -12
right_child=1 5 4 9 12 -7 -8 -9 -10 -11 13 -13 -14 -15
leaf_value=-0.033910816795637559 0.008994505337751894 0.031915630911670392 -0.019431807126560077 0.0062898939794217481 -0.0044470942367237287 0.034594954151528017 -0.0023709893258621697 -0.010417218650451086 0.019163540599138412 0.015073186419478305 -0.018508821389113656 -0.022930650864664417 0.0058864299817517852 -0.00091276114225328651
leaf_weight=3271.0863059014082 2042.3157471418381 952.34593977034092 4328.0284512192011 5639.6728840470314 1578.2312864661217 2106.0736629366875 7652.5333530753851 4595.4159900099039 5457.2153768390417 2131.4190861284733 354.62051630020142 864.71513710916042 674.4741413295269 75.510818049311638
leaf_count=13321 8180 3810 17490 22601 6351 8428 30750 18519 21837 8538 1436 3513 2710 305
internal_value=7.72056e-05 0.0106587 -0.0173789 0.00390054 -0.0121011 0.0244921 2.38829e-05 -0.014813 0.0211144 0.00872292 -0.0302297 -0.0316904 -0.00131431 -0.015647
internal_weight=41723.7 25981.6 15742.1 17465.9 11176.1 8515.63 9694.85 8923.44 6409.56 7771.09 4565.93 4135.8 2252.71 430.131
internal_count=167789 104144 63645 70069 45070 34075 38930 36009 25647 31139 18575 16834 9061 1741
is_linear=0
shrinkage=0.03


Tree=6
num_leaves=15
num_cat=0
split_feature=0 0 0 0 1 0 1 1 1 1 0 0 1 1
split_gain=2485.82 2314.5 676.7 453.864 392.105 296.9 170.644 154.765 104.637 100.796 67.2321 31.628 21.429 18.5321
threshold=-0.0030366068549800129 0.0021900459649415479 -0.0012556167928797826 -0.0065479513879402066 0.86881265241924532 0.0055487076018163779 0.90867270426566316 0.27361477342269752 0.010709347827261019 0.21447329653578062 -0.0097776924312434326 -0.0041502997841843673 2.1376717743595877 -0.15824222841507704
decision_type=10 10 10 10 10 10 10 10 10 10 10 10 10 10
left_child=3 2 6 10 -4 7 -2 -3 11 -7 -1 -5 -10 -12
right_child=1 5 4 8 -6 9 -8 -9 12 -11 13 -13 -14 -15
leaf_value=0.036010226735901894 -0.0006787377006032821 0.0029226382644683704 -0.012143724440030207 0.011090636971678228 -0.0018826651684546857 0.013482810660452975 0.013029118251211816 0.012633222920194651 0.01635106331322422 0.025629993400431619 0.019483365027583036 0.0041691116567250681 0.028886055498354119 0.028751968862118556
leaf_weight=863.75998766720295 4474.8744616508484 4305.3441998958588 16457.537354558706 1338.0536271780729 4231.3639631867409 1773.5705682337284 987.99505756795406 2264.2311160266399 1453.9642954170704 1015.8665474057198 632.18155466020107 1162.1413652151823 165.09326677024364 531.12056723237038
leaf_count=3460 17998 17295 66451 5364 17047 7110 3964 9082 5826 4069 2532 4663 661 2127
internal_value=6.0655e-05 -0.0029881 -0.00757072 0.0176611 -0.0100499 0.00980504 0.00180873 0.00629266 0.0118696 0.0180038 0.0292845 0.0079267 0.0178355 0.0239752
internal_weight=41657.1 35510.8 26151.8 6146.31 20688.9 9359.01 5462.87 6569.58 4119.25 2789.44 2027.06 2500.19 1619.06 1163.3
internal_count=167649 143016 105460 24633 83498 37556 21962 26377 16514 11179 8119 10027 6487 4659
is_linear=0
shrinkage=0.03


Tree=7
num_leaves=15
num_cat=0
split_feature=2 2 2 2 1 2 1 1 2 2 1 1 1 2
split_gain=8080.66 2594.55 933.911 380.908 305.384 281.19 260.553 117.435 110.761 109.198 107.527 77.7387 58.8254 54.1687
threshold=0.0027070756574095285 0.0046771635379937336 0.001867979531125979 0.003599897591987184 0.43342850222588375 0.0053927673544491841 0.11072098639653465 0.88812662624768623 0.0074696459271216525 0.0024177048866860667 0.16845558912892164 1.9505640182238675 -0.28887428737013071 0.0016226914765030776
decision_type=8 8 10 10 10 8 10 10 8 10 10 10 10 10
left_child=2 3 10 6 9 12 -2 -5 -7 -4 -1 -6 -3 -12
right_child=1 5 4 7 11 8 -8 -9 -10 -11 13 -13 -14 -15
leaf_value=-0.033057906036894714 -0.0039542388448193643 0.0099507298725108034 -0.019309783774729958 0.0066875037526079404 -0.0072114791112126301 0.023698866813007154 0.0054563624650497142 0.016332015051783024 0.032703666797012525 -0.011254967289822978 -0.027054124137869846 0.0046410143792584386 0.019219994166487106 -0.015550669757230311
leaf_weight=2797.0320735871792 6655.9825085401535 1221.7645111382008 4224.3280052691698 6337.0375238955021 2296.585984647274 3814.3362359255552 4382.1077283620834 1401.7054686546326 2097.2434817254543 2525.625247836113 1241.7077949047089 621.2281538695097 1426.9638592153788 645.09165516495705
leaf_count=11459 26746 4890 17122 25393 9257 15264 17600 5610 8406 10195 5076 2495 5711 2615
internal_value=4.02416e-05 0.00961089 -0.0181799 0.00336235 -0.0128198 0.02329 -0.000211254 0.00846096 0.0269535 -0.0163259 -0.0291799 -0.00466025 0.0150205 -0.0232555
internal_weight=41688.7 27337.1 14351.6 18776.8 9667.77 8560.31 11038.1 7738.74 5911.58 6749.95 4683.83 2917.81 2648.73 1886.8
internal_count=167839 109620 58219 75349 39069 34271 44346 31003 23670 27317 19150 11752 10601 7691
is_linear=0
shrinkage=0.03


Tree=8
num_leaves=15
num_cat=0
split_feature=2 2 2 2 0 0 0 0 0 0 2 0 0 0
split_gain=7589.1 1990.88 1325.76 389.199 319.054 219.183 193.754 238.588 121.847 99.2824 93.2756 48.9076 45.4583 44.1442
threshold=0.0034434709815845299 0.0022415236238326618 0.0053927673544491841 0.0016226914765030776 -0.0018851828256214898 0.0027063659757853818 -0.0033776381542644815 0.0021900459649415479 0.0021900459649415479 -0.0065479513879402066 0.0074696459271216525 -0.0053505284069585114 -0.0010755043604371854 -0.0097776924312434326
decision_type=8 10 8 10 10 10 10 10 10 10 8 10 10 10
left_child=1 3 6 12 9 -6 13 -8 -5 -3 11 -4 -1 -2
right_child=2 4 10 8 5 -7 7 -9 -10 -11 -12 -13 -14 -15
leaf_value=-0.019456029842360792 0.031150534045991475 0.016533071008037057 0.031281703030041436 -0.019634858408619161 -0.0088880535842345305 0.001260367548606279 0.0041017859134506555 0.013646929058878087 -0.0061926094431124139 0.0016400701666980039 0.03161095608028882 0.021497879005813597 -0.032754327492907381 0.016151622083781399
leaf_weight=337.26328763365746 222.04921713471413 470.06906266510487 650.19457904994488 4823.3359117656946 9457.0002251714468 2385.7907505184412 6889.2164017111063 3606.0583905726671 723.00650988519192 2609.2429226487875 2096.2968728989363 3125.9575753808022 2717.1680962443352 1496.8770710974932
leaf_count=1385 890 1882 2608 19616 38151 9587 27616 14436 2924 10474 8416 12509 11189 5991
internal_value=-4.57019e-06 -0.0112385 0.0146008 -0.0227278 -0.00460155 -0.0068392 0.00894898 0.00739697 -0.0179077 0.00397912 0.0263106 0.0232765 -0.0313738 0.0182928
internal_weight=41609.5 23522.9 18086.7 8600.77 14922.1 11842.8 12214.2 10495.3 5546.34 3079.31 5872.45 3776.15 3054.43 1718.93
internal_count=167674 95208 72466 35114 60094 47738 48933 42052 22540 12356 23533 15117 12574 6881
is_linear=0
shrinkage=0.03


Tree=9
num_leaves=15
num_cat=0
split_feature=2 2 2 2 1 1 2 1 1 2 2 1 1 1
split_gain=7344.87 2314.35 835.166 388.21 341.891 267.77 160.59 113.113 107.546 101.61 91.7887 85.8699 41.2783 35.2306
threshold=0.0027070756574095285 0.0043497958137187591 0.001867979531125979 0.0053927673544491841 -0.021162657617581414 1.0852265344658598 0.0034878767261754045 1.3320348130530442 0.16845558912892164 0.0074696459271216525 0.0024039869930330819 -0.34797502895987376 2.4564214737292143 1.9505640182238675
decision_type=8 8 10 8 8 10 10 10 10 8 10 10 10 10
left_child=2 4 8 11 6 10 -2 -6 -1 -5 -4 -3 -10 -7
right_child=1 3 5 9 7 13 -8 -9 12 -11 -12 -13 -14 -15
leaf_value=-0.03166539283239804 -0.0047897522333909632 0.0086505111456418558 -0.017031288791052215 0.022414849674469804 0.0049619415566430573 -0.0045369302541071865 0.0030604376560284517 0.013331507753463359 -0.023320363833500567 0.031072033553912668 -0.010345150620454192 0.017372338610399028 -0.0068978879493599796 0.0046466526054091345
leaf_weight=2782.6268109977245 5358.7817148715258 1893.1228091567755 4961.9565635174513 3789.2343913912773 5636.375292673707 900.76016266644001 4147.1605069488287 1982.6079780459404 1712.2850951403379 2079.024237960577 3153.4722850769758 2389.7461389452219 172.61562129855156 627.39173971116543
leaf_count=11515 21547 7579 20175 15180 22616 3632 16620 7950 7034 8364 12748 9566 708 2521
internal_value=3.32088e-05 0.00916625 -0.0173638 0.0205097 0.00243065 -0.0122893 -0.00135903 0.00716235 -0.0277868 0.0255398 -0.0144565 0.0135602 -0.0218924 -0.000721852
internal_weight=41587.2 27276.1 14311.1 10151.1 17124.9 9643.58 9505.94 7618.98 4667.53 5868.26 8115.43 4282.87 1884.9 1528.15
internal_count=167755 109422 58333 40689 68733 39076 38167 30566 19257 23544 32923 17145 7742 6153
is_linear=0
shrinkage=0.03


Tree=10
num_leaves=15
num_cat=0
split_feature=2 2 2 2 0 2 1 1 0 1 2 2 1 0
split_gain=6849.58 1754.51 1251.21 395.999 228.807 224.536 194.084 194.031 149.11 130.334 102.561 75.2875 51.3532 42.2633
threshold=0.0034190409572881493 0.0020593652842502883 0.0053927673544491841 0.0027070756574095285 -0.0014884970829303593 0.0016064990190196478 0.3250001939790193 0.2377539896763996 -0.0033776381542644815 0.86881265241924532 0.0074696459271216525 0.0040924085657698395 1.0161750266758363 -0.0065479513879402066
decision_type=8 10 8 10 10 10 10 10 10 10 8 10 10 10
left_child=1 5 7 6 -5 12 -3 8 -2 -7 13 -9 -1 -4
right_child=2 3 10 4 -6 9 -8 11 -10 -11 -12 -13 -14 -15
leaf_value=-0.03245124657772535 0.015057706171994799 -0.014055050108398727 0.030605415203714209 0.006360222868579248 -0.0043655866434701932 -0.021875190037067956 -0.0038868669834663519 0.0095693216129169329 0.0037445740198982416 -0.0076251798932211057 0.030572682655509442 0.017613655191674835 -0.020634871373573345 0.020465024287098298
leaf_weight=2339.9236175268888 1235.2902788966894 5122.1844622194767 500.08741055428982 2468.5501196682453 6416.852238625288 2959.0167078971863 2560.8780006617308 2375.2995648384094 6937.5039207786322 752.44782295823097 2078.4234617650509 2028.2428748905659 506.23564940690994 3294.5590983480215
leaf_count=9752 4946 20814 2014 9892 25822 12149 10338 9514 27798 3051 8383 8119 2093 13201
internal_value=-3.34093e-05 -0.010909 0.0135942 -0.00569888 -0.00137519 -0.0240349 -0.0106831 0.00823697 0.00547816 -0.0190306 0.0250223 0.0133196 -0.0304501 0.0218941
internal_weight=41575.5 23126.1 18449.4 16568.5 8885.4 6557.62 7683.06 12576.3 8172.79 3711.46 5873.07 4403.54 2846.16 3794.65
internal_count=167886 93911 73975 66866 35714 27045 31152 50377 32744 15200 23598 17633 11845 15215
is_linear=0
shrinkage=0.03


Tree=11
num_leaves=15
num_cat=0
split_feature=2 2 2 2 1 1 2 0 1 1 0 2 0 0
split_gain=6499.9 2123.89 748.102 349.399 263.718 212.148 210.605 106.367 105.2 99.6952 86.062 77.0986 62.6747 50.7328
threshold=0.0027070756574095285 0.0047080774960687015 0.0018374936339392381 0.003599897591987184 0.36396005852626095 -0.10759265303183205 0.0055675591397784992 0.0018538034524133397 0.043500492131758668 0.86881265241924532 0.002285420124053529 0.0080722935438988647 0.0012373289577195512 -0.0036391420074520071
decision_type=8 8 10 10 10 10 8 10 10 10 10 10 10 10
left_child=2 3 9 5 7 -2 13 -4 -5 12 -6 -8 -1 -3
right_child=1 6 4 8 10 -7 11 -9 -10 -11 -12 -13 -14 -15
leaf_value=-0.030945138155707728 -0.0044334667247510262 0.023199284020012083 -0.017030535563533854 0.0048139688597504705 -0.0065653302624811387 0.0038968033546298644 0.022324612774231443 -0.007174380127021966 0.011854571276419226 -0.017344716470343254 0.0077975364518499471 0.030851944982710093 -0.01935689741543626 0.012612800450248055
leaf_weight=2910.4535245448351 5756.0582341253757 529.7406550347805 5376.2091813087463 4604.8112351000309 2744.5523738563061 5249.9825778901577 3903.4622574597597 1260.2616800814867 3340.3052375614643 915.20284999907017 422.51012405753136 1479.6457107514143 605.66180655360222 2428.7594155669212
leaf_count=12191 23150 2130 21941 18439 11099 21082 15688 5115 13369 3779 1698 5986 2511 9721
internal_value=-7.27681e-06 0.0085622 -0.0164364 0.00300222 -0.0117812 -0.000454474 0.0211679 -0.0151815 0.00779272 -0.0266719 -0.00461182 0.0247325 -0.0290266 0.0146004
internal_weight=41527.6 27292.8 14234.9 18951.2 9803.53 11006 8341.61 6636.47 7945.12 4431.32 3167.06 5383.11 3516.12 2958.5
internal_count=167899 109565 58334 76040 39853 44232 33525 27056 31808 18481 12797 21674 14702 11851
is_linear=0
shrinkage=0.03


Tree=12
num_leaves=15
num_cat=0
split_feature=2 2 2 1 1 0 2 2 0 0 0 0 0 2
split_gain=6003.5 1816.25 866.751 284.462 281.834 232.693 181.468 120.711 89.5318 84.4585 74.1059 64.7644 64.1983 45.7208
threshold=0.0028156294542010106 0.0047080774960687015 0.001867979531125979 0.2991710790823468 1.0852265344658598 -0.0047907054333534817 0.0061243861919275519 0.0024304647363403431 0.00096216234887393909 -0.002733966124784791 -0.0009444987947838712 -0.0046363695387136661 -0.0071950488747032646 0.0036867912319779894
decision_type=8 8 10 10 10 10 8 10 10 10 10 10 10 10
left_child=2 4 8 7 5 -2 12 -4 10 -5 -1 -8 -3 -6
right_child=1 6 3 9 13 -7 11 -9 -10 -11 -12 -13 -14 -15
leaf_value=-0.017852610788300631 0.014267312012728793 0.028089692791736912 -0.017068195827139539 0.01145124418253984 0.0090972097662911765 0.0006673314797723905 0.031407915789191804 -0.0091228692948896514 -0.017201969680924006 -0.0047305335603477034 -0.029984821967494715 0.022344748102175745 0.014303190208868772 0.017450736504909359
leaf_weight=632.48419342935085 1225.0809577703476 349.32888241112232 4033.2493882626295 305.7974770963192 1625.0060448944569 13786.669785276055 1080.8335189968348 3157.3116565048695 991.11704449355602 3421.1236632317305 2974.4149900227785 3284.2126327902079 3576.9423723816872 1022.4979413449764
leaf_count=2643 4902 1412 16528 1230 6517 55323 4389 12801 4116 13831 12509 13237 14335 4092
internal_value=9.84481e-06 0.00883676 -0.014746 -0.0101195 0.00339007 0.00178995 0.0204121 -0.0136053 -0.0256723 -0.00335966 -0.0279292 0.0246693 0.0156133 0.0123995
internal_weight=41466.1 25950.6 15515.5 10917.5 17659.3 15011.8 8291.32 7190.56 4598.02 3726.92 3606.9 4365.05 3926.27 2647.5
internal_count=167865 104207 63658 44390 70834 60225 33373 29329 19268 15061 15152 17626 15747 10609
is_linear=0
shrinkage=0.03


Tree=13
num_leaves=15
num_cat=0
split_feature=2 2 2 1 1 2 2 2 1 2 2 1 2 2
split_gain=5682.36 1799.68 804.46 272.66 249.744 215.937 199.051 127.243 96.6773 81.3745 51.7223 37.0446 32.9743 29.3031
threshold=0.0028156294542010106 0.0046510927379661516 0.001867979531125979 0.8489086169884742 0.99304100929724115 0.0071915022378682041 0.003599897591987184 0.0024304647363403431 0.19055655952459163 0.0053927673544491841 0.0016226914765030776 1.9505640182238675 0.0016064990190196478 0.0036867912319779894
decision_type=8 8 10 10 10 8 10 10 10 10 10 10 10 10
left_child=2 4 8 7 6 9 -2 -4 12 -3 -10 -5 -1 -6
right_child=1 5 3 11 13 -7 -8 -9 10 -11 -12 -13 -14 -15
leaf_value=-0.031451440056666211 -0.0016689794638662947 0.012863159679328398 -0.015463729949424116 -0.0030880059168648826 0.0085827471030922153 0.02756126322821852 0.0054186756003502205 -0.0080476780115348381 -0.02292462393891051 0.019948399015984438 -0.011669702199110617 0.005195371600634921 -0.023515261691582932 0.015077686075935248
leaf_weight=1699.6395373940468 8076.3105545639992 2803.5250265300274 4882.8958658128977 1507.3660666197538 1799.6169143915176 2392.3886239826679 6359.9141107797623 3781.4491867274046 1192.3214818388224 3467.5619287192822 622.41616941988468 703.25243835151196 1049.6977079510689 1094.1695359200239
leaf_count=7237 32458 11234 20032 6086 7215 9727 25461 15336 5017 13957 2565 2827 4416 4380
internal_value=9.81726e-05 0.00866099 -0.0143108 -0.00984981 0.00307153 0.0198185 0.00145094 -0.012247 -0.0248821 0.016816 -0.0191824 -0.00041431 -0.0285394 0.0111027
internal_weight=41432.5 25993.5 15439 10875 17330 8663.48 14436.2 8664.35 4564.07 6271.09 1814.74 2210.62 2749.34 2893.79
internal_count=167948 104432 63516 44281 69514 34918 57919 35368 19235 25191 7582 8913 11653 11595
is_linear=0
shrinkage=0.03


Tree=14
num_leaves=15
num_cat=0
split_feature=0 0 0 1 0 0 1 1 1 0 0 1 0 1
split_gain=1739.47 1842.66 420.946 367.086 262.227 220.6 104.577 103.527 87.0127 77.8438 54.5255 34.4883 32.0591 13.2677
threshold=-0.0023389976477505999 0.0021461270542633653 -0.0065479513879402066 0.75774813351067094 0.0055487076018163779 -0.0010397748304740357 1.2429795763090199 -0.11783368501460188 0.21447329653578062 -0.0014884970829303593 -0.009143318059400397 2.5625947355903973 -0.0041502997841843673 -0.12806309473469035
decision_type=10 10 10 10 10 10 10 10 10 10 8 10 10 8
left_child=2 3 10 5 6 -2 -3 12 -6 -5 -1 -9 -4 -12
right_child=1 4 7 9 8 -7 -8 11 -10 -11 13 -13 -14 -15
leaf_value=0.029983989312064099 -0.00275003569928643 0.0035954753839289042 0.0087985276810699092 0.009775875441191002 0.011820966587239858 -0.010950638762256208 0.014872331629347417 0.012201132086180519 0.023088857880737248 -0.0017196093833751805 0.015207915072051915 0.028258345852046805 0.0025518067271278174 0.023529931620352319
leaf_weight=983.36295874416828 3719.6764792650938 5885.8976176381111 1234.0394790172577 583.81177763640881 1786.337234467268 14859.776978284121 845.19381253421307 2480.4734175950289 1013.2444803416729 4900.6350592374802 553.32218021154404 130.65069781243801 1950.9982967674732 467.85039536654949
leaf_count=3997 15091 23740 4971 2350 7198 60816 3396 9985 4082 19875 2234 525 7872 1895
internal_value=8.29438e-05 -0.00287974 0.0128371 -0.00730208 0.00827586 -0.00931444 0.00504032 0.0086961 0.0159881 -0.000469446 0.0246785 0.0131322 0.00501083 0.01927
internal_weight=41395.3 33594.6 7800.7 24063.9 9530.67 18579.5 6731.09 5796.16 2799.58 5484.45 2004.54 2611.12 3185.04 1021.17
internal_count=168027 136548 31479 98132 38416 75907 27136 23353 11280 22225 8126 10510 12843 4129
is_linear=0
shrinkage=0.03


Tree=15
num_leaves=15
num_cat=0
split_feature=2 2 2 2 1 1 0 0 0 1 1 0 2 0
split_gain=5395.21 1644.93 735.604 337.464 261.225 214.004 114.819 105.04 96.4811 87.0854 82.1065 81.1892 77.5192 57.9646
threshold=0.0028156294542010106 0.0042240118865713439 0.0018374936339392381 0.0053927673544491841 0.33742110855504287 -0.021162657617581414 -0.0023389976477505999 0.0027063659757853818 0.0044720206500732931 1.2716954758469721 -0.31818666965122427 -0.002733966124784791 0.0074696459271216525 0.0012676150125032863
decision_type=8 8 10 8 10 10 10 10 10 10 10 10 10 10
left_child=2 5 9 10 7 6 -2 -4 -7 13 -3 -6 -5 -1
right_child=1 3 4 12 11 8 -8 -9 -10 -11 -12 -13 -14 -15
leaf_value=-0.02784365755261874 0.0056540456361407867 0.0072181562257237035 -0.014444907083967264 0.019714908241525653 0.011590580521765419 0.0048909502851670807 -0.0029104994198336392 -0.0036385678401428729 0.017193749142075502 -0.013095393193066889 0.015135620965496675 -0.0045694997769856064 0.027425646806444312 -0.017057436062377564
leaf_weight=3134.2942581772804 1775.3415082246065 2222.6285748779774 6413.7166455984116 3888.1510389447212 293.71600693464279 6096.549354866147 6633.1278117597103 953.10814560949802 632.01356337964535 587.6086590886116 2691.1753052324057 3376.329076513648 1945.4847113192081 632.70267137885094
leaf_count=13398 7106 8904 26327 15700 1180 24449 26664 3870 2531 2455 10790 13667 7962 2654
internal_value=0.000110479 0.00847465 -0.0139484 0.0174448 -0.0098044 0.00209447 -0.00109051 -0.0130618 0.00607926 -0.0243911 0.0115885 -0.00323191 0.0223392 -0.0260979
internal_weight=41275.9 25884.5 15391.5 10747.4 11036.9 15137 8408.47 7366.82 6728.56 4354.61 4913.8 3670.05 5833.64 3767
internal_count=167657 104106 63551 43356 45044 60750 33770 30197 26980 18507 19694 14847 23662 16052
is_linear=0
shrinkage=0.03


Tree=16
num_leaves=15
num_cat=0
split_feature=0 0 0 1 0 0 1 1 0 1 0 0 0 1
split_gain=1627.27 1628.67 397.256 343.022 192.118 191.095 128.684 79.534 77.8859 75.7167 52.3455 30.8089 26.2585 10.9752
threshold=-0.002276469726065006 0.0022347214628811369 -0.0065479513879402066 0.75774813351067094 -0.0008856033047645388 0.005105434321112161 -0.096953904592439813 0.19055655952459163 -0.0010085898518181762 1.2148960868044945 -0.009143318059400397 -0.0041502997841843673 -0.0047907054333534817 -0.12806309473469035
decision_type=10 10 10 10 10 10 10 10 10 10 8 10 10 8
left_child=2 3 10 4 -2 9 11 -7 -5 -3 -1 -4 -8 -12
right_child=1 5 6 8 -6 7 12 -9 -10 -11 13 -13 -14 -15
leaf_value=0.029016169055950548 -0.0032876768389080431 0.0032429504273659613 0.0079781730121293564 0.0070635232493394444 -0.010581608479277024 0.0099578320787322809 0.019325268054847081 0.019872614929549635 -0.0021028991501844062 0.01329095342663684 0.014684447167417111 0.0019438399031137974 0.011499907172747027 0.022431505005271031
leaf_weight=973.79724651575089 4240.3213049769402 5121.4029660075903 1249.3080440312624 1014.9799277931452 14457.064353987575 2059.4915765821934 547.17167592048645 1200.5246366411448 4458.1185494810343 777.19293738901615 547.99652482569218 2042.5812896490097 2085.0159751176834 468.53777223825455
leaf_count=3983 17255 20668 5038 4093 59369 8310 2209 4846 18110 3125 2218 8250 8396 1905
internal_value=-1.15406e-05 -0.00291751 0.0122067 -0.00700046 -0.00893329 0.00784714 0.00827034 0.013677 -0.000382272 0.00459727 0.0237932 0.00426933 0.0132163 0.0184974
internal_weight=41243.5 33329.1 7914.41 24170.5 18697.4 9158.61 5924.08 3260.02 5473.1 5898.6 1990.33 3291.89 2632.19 1016.53
internal_count=167775 135776 31999 98827 76624 36949 23893 13156 22203 23793 8106 13288 10605 4123
is_linear=0
shrinkage=0.03


Tree=17
num_leaves=15
num_cat=0
split_feature=2 2 2 2 0 0 0 0 0 2 0 0 0 0
split_gain=5037.23 1411.07 787.523 298.158 246.237 153.41 124.084 155.897 100.165 85.9136 72.466 40.1607 39.2827 13.8748
threshold=0.0034878767261754045 0.0022415236238326618 0.005292812870999245 0.0016064990190196478 -0.0018393464278976877 0.0027063659757853818 -0.0051556924144032226 0.0021900459649415479 0.0016941721477928017 0.0074696459271216525 -0.0065479513879402066 -0.0011445930297114785 -0.0053505284069585114 -0.011748775767563344
decision_type=8 10 8 10 10 10 10 10 10 8 10 10 10 10
left_child=1 3 6 11 10 -6 13 -8 -5 12 -3 -1 -4 -2
right_child=2 4 9 8 5 -7 7 -9 -10 -11 -12 -13 -14 -15
leaf_value=-0.015022770487760529 0.029156355901735057 0.014406080833431848 0.025173250511157701 -0.016671574355486437 -0.0072551445773076043 0.0010809478593857723 0.0040928217017373193 0.011953287665694938 -0.0058055428972592759 0.026066676751472243 0.0018285191576623953 -0.028284552417998911 0.016751595363466026 0.016362486689847057
leaf_weight=286.68607112765312 119.8989687114954 479.35148239135742 682.84253205358982 4615.6516846120358 9641.5705372691154 2483.7687699794769 7136.4340196102858 3361.4979798346758 953.1587149053812 2050.5705219656229 2764.3898344635963 2483.2302922159433 3405.0886649340391 730.07117111980915
leaf_count=1221 488 1921 2802 19200 39141 9989 28597 13467 3912 8443 11115 10721 13733 2937
internal_value=2.80823e-05 -0.00897852 0.0122407 -0.0189089 -0.00357793 -0.00554314 0.00753892 0.00662448 -0.0148362 0.0208964 0.0037442 -0.0269925 0.018231 0.018555
internal_weight=41194.2 23707.8 17486.4 8338.73 15369.1 12125.3 11347.9 10497.9 5568.81 6138.5 3243.74 2769.92 4087.93 849.97
internal_count=167687 97220 70467 35054 62166 49130 45489 42064 23112 24978 13036 11942 16535 3425
is_linear=0
shrinkage=0.03


Tree=18
num_leaves=15
num_cat=0
split_feature=2 2 2 2 1 1 1 2 2 2 2 2 1 1
split_gain=4843.04 1329.58 782.568 302.355 223.752 176.953 155.117 103.157 81.6749 67.673 60.2595 56.5176 47.6495 27.1718
threshold=0.0034878767261754045 0.0023069954082973669 0.0053927673544491841 0.0016064990190196478 0.40484675479734733 -0.14820887064369262 -0.076061553923435513 0.0027070756574095285 0.0080722935438988647 0.0040924085657698395 0.0042240118865713439 0.0027195488069857018 2.4564214737292143 -0.30873636656184172
decision_type=8 10 8 10 10 10 10 10 10 10 10 10 10 8
left_child=1 3 6 12 7 -5 10 -3 13 -8 -2 -6 -1 -4
right_child=2 4 8 5 11 -7 9 -9 -10 -11 -12 -13 -14 -15
leaf_value=-0.026880013436529356 0.001745162243056811 -0.0099362546150706579 0.01588009252405605 -0.019147562498980343 -0.0021445658095283334 -0.0090616147508354658 0.0078502096688039674 -0.0034667937229232652 0.02740338728368738 0.014718901118070353 0.0077099643557149468 0.0049068446573535054 -0.0055156255231542297 0.02115455073546919
leaf_weight=2655.9250204563141 3623.7646007090807 3343.8024386614561 1978.1302494704723 3170.280990049243 1555.8107832074165 3216.7064920812845 2722.1219948977232 6751.8200460225344 1444.7412577718496 2644.5973291695118 2674.6094021946192 2902.2854132205248 110.85777606070042 2388.364126637578
leaf_count=11547 14523 13700 8026 13279 6291 13263 10906 27207 5980 10619 10723 11650 470 9726
internal_value=3.4924e-05 -0.00879496 0.0120147 -0.0177482 -0.00315125 -0.0140994 0.00751516 -0.00562321 0.0210081 0.0112672 0.00429584 0.00243328 -0.0260686 0.0188205
internal_weight=41183.8 23707.5 17476.3 9153.77 14553.7 6386.99 11665.1 10095.6 5811.24 5366.72 6298.37 4458.1 2766.78 4366.49
internal_count=167910 97407 70503 38559 58848 26542 46771 40907 23732 21525 25246 17941 12017 17752
is_linear=0
shrinkage=0.03


Tree=19
num_leaves=15
num_cat=0
split_feature=2 2 2 1 2 0 0 1 1 0 2 2 1 0
split_gain=4448.3 1237.11 728.821 263.343 183.202 169.624 144.767 141.198 103.628 76.7174 72.0824 68.9586 51.1926 31.5224
threshold=0.0034434709815845299 0.0020593652842502883 0.0053927673544491841 -0.32833771128418837 0.0016064990190196478 -0.0024640327339440445 -0.0065479513879402066 0.054087385314740145 1.3033236169234386 -0.0041502997841843673 0.0040707763470456222 0.0080722935438988647 2.4564214737292143 -0.0075938501122531487
decision_type=8 10 8 10 10 10 10 10 10 10 10 10 10 10
left_child=1 4 7 6 12 -5 -3 9 -6 -2 -9 13 -1 -4
right_child=2 3 11 5 8 -7 -8 10 -10 -11 -12 -13 -14 -15
leaf_value=-0.02675240161945561 0.012841678673726247 0.013329832816932452 0.025538297628504184 0.0083265506881880606 -0.017413289753508435 -0.0028631006827074998 -0.0095959758272636132 0.0072164708406711811 -0.0021645815353269308 0.0030900561524741499 0.014517018730338442 0.025850485869560656 -0.0044629632433718603 0.016843319225195875
leaf_weight=2625.1221581399441 819.16550025343895 246.45082625746727 493.76683577895164 1421.5014611333609 3163.1400251984596 8166.7863586395979 6964.1008504331112 2574.9030839055777 473.14025342464447 6331.412368491292 2461.2762802541256 1426.8353138267994 107.45402465760708 3868.5814362466335
leaf_count=11503 3297 988 2056 5711 13325 33107 28390 10317 1936 25371 9890 5937 456 15720
internal_value=-4.78191e-05 -0.00873672 0.0111459 -0.00445815 -0.019988 -0.00119099 -0.0087867 0.00696518 -0.015457 0.00423195 0.010818 0.0199091 -0.0259173 0.0178974
internal_weight=41143.6 23167.7 17975.9 16798.8 6368.86 9588.29 7210.55 12186.8 3636.28 7150.58 5036.18 5789.18 2732.58 4362.35
internal_count=168004 95416 72588 68196 27220 38818 29378 48875 15261 28668 20207 23713 11959 17776
is_linear=0
shrinkage=0.03


Tree=20
num_leaves=15
num_cat=0
split_feature=2 2 2 2 2 0 0 0 0 0 2 0 0 0
split_gain=4235.47 1146.25 751.473 225.559 160.459 155.887 122.173 149.376 90.8662 89.5252 57.2186 38.2937 31.8466 9.70094
threshold=0.0034190409572881493 0.0020593652842502883 0.0053927673544491841 0.0027070756574095285 0.0016064990190196478 -0.0014884970829303593 0.0049741239461610241 -0.0029547587501495896 0.0021461270542633653 0.0027699166853085186 0.0074696459271216525 -0.0053505284069585114 -0.0011445930297114785 0.010911171974009589
decision_type=8 10 8 10 10 10 10 10 10 10 8 10 10 10
left_child=1 4 6 8 12 -5 7 -2 -3 -6 11 -4 -1 -8
right_child=2 3 10 5 9 -7 13 -9 -10 -11 -12 -13 -14 -15
leaf_value=-0.014204053176653063 0.012891763322785599 -0.0098083950205934307 0.024411721265333676 0.0050852324927740927 -0.016745260111875521 -0.0037429486879735738 0.013683105918906825 0.0038864987959660075 -0.0010938540178554749 0.00010656758464219964 0.023947609698584265 0.015788792341504591 -0.026380090640250674 0.021947107064343489
leaf_weight=276.81565576791763 2031.7140673547983 6268.8540799617767 630.75535753369331 2495.415370836854 3308.7638724446297 6363.3330948650837 1085.4837153702974 9155.4536166042089 1322.1863692998886 302.37905795872211 2012.1758580803871 3110.9353090971708 2400.7403220683336 217.35496562719345
leaf_count=1200 8179 25780 2620 10005 13959 25676 4358 36694 5370 1246 8400 12622 10605 873
internal_value=-4.53905e-05 -0.00868396 0.010717 -0.004509 -0.0195707 -0.00124645 0.00656817 0.00553737 -0.00830185 -0.0153212 0.0196854 0.0173196 -0.0252011 0.0152642
internal_weight=40982.4 22738.5 18243.9 16449.8 6288.7 8858.75 12490 11187.2 7591.04 3611.14 5753.87 3741.69 2677.56 1302.84
internal_count=167587 93841 73746 66831 27010 35681 50104 44873 31150 15205 23642 15242 11805 5231
is_linear=0
shrinkage=0.03


Tree=21
num_leaves=15
num_cat=0
split_feature=2 2 2 0 0 2 0 0 0 0 0 0 0 3
split_gain=4029.09 1188.13 584.601 163.52 213.913 149.531 125.407 132.186 74.4922 63.8841 55.5465 52.3114 40.304 10.0282
threshold=0.0028156294542010106 0.0046510927379661516 0.001867979531125979 -0.0021033192375306078 0.0012373289577195512 0.0061243861919275519 0.0027063659757853818 -0.0012556167928797826 0.0021461270542633653 -0.009143318059400397 -0.0065479513879402066 -0.0009444987947838712 -0.0046363695387136661 0.61875000000000013
decision_type=8 8 10 10 10 8 10 10 10 10 10 10 10 10
left_child=2 3 8 9 -5 10 7 -4 11 -2 -3 -1 -7 -8
right_child=1 5 6 4 -6 12 13 -9 -10 -11 -12 -13 -14 -15
leaf_value=-0.014051824611524476 0.022670951629864697 0.022898458983686712 -0.0035480981870754033 -0.0023991518378118268 0.0051858076088771715 0.025857779327936516 0.0012467740737068941 -0.011790965268147107 -0.0088452808896858602 0.0070256018481701602 0.011086565961968251 -0.024318136979350542 0.018499148155837447 -0.0053741782656632564
leaf_weight=607.16069115698338 248.97871194779873 411.06630304455757 2368.3438281565905 7263.2358640283346 6180.9523275643587 1039.8601300269365 1108.7776646316051 7098.0267984867096 411.3495838791132 3576.7561141848564 3850.168908521533 3366.9796883165836 3204.2386530637741 242.27854137122631
leaf_count=2629 1003 1706 9674 29217 24808 4388 4494 29337 1734 14329 15524 14860 13174 983
internal_value=-4.48823e-05 0.00717741 -0.0122903 0.00264966 0.00108483 0.01635 -0.00852188 -0.00974098 -0.0215314 0.00811589 0.012291 -0.0228039 0.0203728 0
internal_weight=40978.2 25775.3 15202.9 17269.9 13444.2 8505.33 10817.4 9466.37 4385.49 3825.73 4261.24 3974.14 4244.1 1351.06
internal_count=167860 104149 63711 69357 54025 34792 44488 39011 19223 15332 17230 17489 17562 5477
is_linear=0
shrinkage=0.03


Tree=22
num_leaves=15
num_cat=0
split_feature=0 0 1 0 0 0 1 1 0 1 0 0 1 3
split_gain=1202.35 1206.91 339.832 273.746 246.991 168.919 93.3417 80.6722 78.5986 71.3143 45.8627 19.1243 15.1262 10.903
threshold=-0.0029547587501495896 0.0021900459649415479 1.3320348130530442 -0.00091338571587651232 -0.0065479513879402066 0.005105434321112161 -0.11783368501460188 1.2429795763090199 -0.0012954243712309228 0.47585088497916839 -0.009143318059400397 -0.0041502997841843673 2.5625947355903973 0.68625000000000014
decision_type=10 10 10 10 10 10 10 10 10 10 8 10 10 10
left_child=4 2 3 -2 10 7 11 -3 -4 -7 -1 -6 -8 -12
right_child=1 5 8 -5 6 9 12 -9 -10 -11 13 -13 -14 -15
leaf_value=0.025919743973466421 -0.0014432363945249918 0.0027128076962446039 0.013257408616727345 -0.0089525268057659181 0.0066279800655103527 0.0097502095437178131 0.012189526743097 0.013096172027187238 0.0012161044702925859 0.019957625265493259 0.016965986133667368 0.0011645973551979575 0.025341991166876028 0.0036967497404196601
leaf_weight=945.83449609577656 6028.1228762716055 5262.2072993814945 593.40632456541061 16103.957852214575 1211.7446827292442 2357.760538995266 1794.2264733910561 769.99811409413815 2642.2188222557306 877.66463579237461 928.79705089330673 1160.987839654088 92.927676007151604 78.643423497676849
leaf_count=3957 24613 21321 2396 66842 4914 9573 7275 3109 10791 3576 3826 4707 377 318
internal_value=-1.51254e-05 -0.00219743 -0.00558325 -0.0069115 0.0121245 0.00705992 0.00801953 0.00406763 0.00347698 0.0125906 0.02096 0.00399601 0.012999 0.0160356
internal_weight=40848.5 34635.3 25367.7 22132.1 6213.16 9267.63 4259.89 6032.21 3235.63 3235.43 1953.27 2372.73 1887.15 1007.44
internal_count=167595 142221 104642 91455 25374 37579 17273 24430 13187 13149 8101 9621 7652 4144
is_linear=0
shrinkage=0.03


Tree=23
num_leaves=15
num_cat=0
split_feature=2 2 2 1 1 2 2 2 1 1 1 2 2 1
split_gain=3747.96 1216.44 512.772 214.923 213.813 172.443 148.383 74.9729 71.3307 68.2616 58.2372 38.1238 26.9121 14.5161
threshold=0.0027070756574095285 0.0046510927379661516 0.0017372338072111071 0.8489086169884742 0.86881265241924532 0.0034878767261754045 0.0074696459271216525 0.0023069954082973669 0.043500492131758668 0.27361477342269752 2.005251759939529 0.0036721435373353695 0.0012970047784985046 -0.31818666965122427
decision_type=8 8 10 10 10 10 8 10 10 10 10 10 10 8
left_child=2 4 9 7 5 -2 8 -4 -3 -1 -5 -6 -11 -8
right_child=1 6 3 10 11 -7 13 -9 -10 12 -12 -13 -14 -15
leaf_value=-0.025698005665062772 -0.002363994275845075 0.01100589074848121 -0.014160669340075935 -0.0039250517452375728 0.0064858471708838612 0.0040462293630714255 0.019393890581536625 -0.0082796448003739746 0.01755959775267784 -0.022936125131885237 0.0068406105834147536 0.013133791705385428 -0.013153251869220796 0.025919660868013648
leaf_weight=2247.3590716570616 7819.6965438276529 3842.7769150882959 4248.2870675772429 1449.5129601806402 2267.9665798544884 7279.4665312319994 877.28687496483326 3861.1931336522102 2658.8360874503851 447.24855382740498 644.06821116805077 1267.3328330516815 883.34547953307629 1122.5892367810011
leaf_count=10094 31545 15602 17875 5899 9099 29176 3688 15894 10855 1980 2603 5094 3835 4759
internal_value=0.000110274 0.00658174 -0.0126237 -0.00917127 0.00228466 0.000723104 0.0159797 -0.0113816 0.0137181 -0.0223993 -0.000567812 0.00891625 -0.0166329 0.0231976
internal_weight=40917 27136 13781 10203.1 18634.5 15099.2 8501.49 8109.48 6501.61 3577.95 2093.58 3535.3 1330.59 1999.88
internal_count=167998 109818 58180 42271 74914 60721 34904 33769 26457 15909 8502 14193 5815 8447
is_linear=0
shrinkage=0.03


Tree=24
num_leaves=15
num_cat=0
split_feature=2 2 2 2 1 1 1 2 1 2 1 1 2 3
split_gain=3587.78 1022.59 595.58 305.521 169.833 169.308 135.475 76.2083 73.7664 69.0907 44.4447 33.2617 31.9511 24.9113
threshold=0.0034434709815845299 0.0024039869930330819 0.0053927673544491841 0.0016226914765030776 1.2429795763090199 0.2991710790823468 -0.50513384952702223 0.0040924085657698395 -0.32833771128418837 0.0080722935438988647 2.4564214737292143 -0.010581839080213524 0.0042240118865713439 0.56625000000000003
decision_type=8 10 8 10 10 10 10 10 10 10 10 8 10 10
left_child=1 3 6 10 8 -5 12 -8 -3 11 -1 -4 -2 -6
right_child=2 4 9 5 13 -7 7 -9 -10 -11 -12 -13 -14 -15
leaf_value=-0.024258227959795934 0 -0.0060506165472448111 0.013533174779252456 -0.015070848427628174 0.0087079413716950119 -0.0053601025804298269 0.0058690477759154557 0.011918145535291722 -0.0011663903031023709 0.02401135499438033 -0.0037216546594484269 0.019227392272638304 0.0051220993535172881 0.00047807024103434405
leaf_weight=2678.2684994339943 2628.1005838215351 5579.7254015356302 2444.3818204849958 4743.8313054442406 1244.1011930257082 2506.3381518572569 4095.238817691803 3610.1332350671291 5626.6234700977802 1405.3415725380182 109.63088461756706 1861.1272288858891 1885.1004266887903 472.82561312615871
leaf_count=12111 10536 22671 10042 20124 5000 10322 16422 14544 22768 5981 473 7708 7570 1900
internal_value=4.38338e-06 -0.00784518 0.0100591 -0.0150248 -0.00225653 -0.0117342 0.00630465 0.00872273 -0.00360686 0.0180562 -0.0234883 0.0160473 0.00215283 0.00649215
internal_weight=40890.8 22961.3 17929.4 10038.1 12923.3 7250.17 12218.6 7705.37 11206.3 5710.85 2787.9 4305.51 4513.2 1716.93
internal_count=168172 95369 72803 43030 52339 30446 49072 30966 45439 23731 12584 17750 18106 6900
is_linear=0
shrinkage=0.03


Tree=25
num_leaves=15
num_cat=0
split_feature=2 2 2 1 1 2 2 0 0 1 0 0 0 0
split_gain=3385.61 1078.88 451.817 217.305 208.882 158.909 135.089 100.672 61.9956 61.5502 59.3248 41.0235 37.8359 27.5678
threshold=0.0027070756574095285 0.0046771635379937336 0.0017372338072111071 1.0621213625688903 0.86881265241924532 0.0034878767261754045 0.0071915022378682041 0.0018979333651366708 -0.0036391420074520071 0.27361477342269752 0.0047168589773173902 -0.0012954243712309228 0.0011458993517102589 0.0025356404382680642
decision_type=8 8 10 10 10 10 8 10 10 10 10 10 10 10
left_child=2 4 9 7 5 -2 8 -4 -3 13 -6 -11 -5 -1
right_child=1 6 3 12 10 -7 -8 -9 -10 11 -12 -13 -14 -15
leaf_value=-0.025549924062735579 -0.0024456386045228502 0.018600846452956635 -0.012539763255929386 -0.0019253479351222682 0.0073642103038688228 0.0036972784643455837 0.02136547043128325 -0.003986384564507524 0.010985912615223664 0.0015698450939984543 0.021313985437355378 -0.017523831291620988 0.008099359296258676 -0.009574065656223615
leaf_weight=2080.1543602198362 7788.7665361762047 1285.2600397616625 6884.4449547380209 1249.139627918601 3245.8088672012091 7357.1185967773199 2281.2519465684891 1551.1052688956261 4701.2406133711338 102.49298244714737 300.51347425580025 1210.8090862780809 452.03630700707436 131.46989019215107
leaf_count=9528 31436 5364 28881 5076 13032 29488 9699 6369 19074 442 1211 5359 1827 568
internal_value=-8.98411e-05 0.00607357 -0.0122527 -0.0090098 0.00207569 0.000534797 0.0150915 -0.0109807 0.0126591 -0.0215095 0.00861979 -0.0159878 0.000735118 -0.0246746
internal_weight=40621.6 26960 13661.7 10136.7 18692.2 15145.9 8267.75 8435.55 5986.5 3524.93 3546.32 1313.3 1701.18 2211.62
internal_count=167354 109304 58050 42153 75167 60924 34137 35250 24438 15897 14243 5801 6903 10096
is_linear=0
shrinkage=0.03


Tree=26
num_leaves=15
num_cat=0
split_feature=2 2 2 1 1 2 1 2 2 2 2 2 1 2
split_gain=3070.03 877.115 517.338 229.731 132.475 121.197 113.321 91.7607 78.6211 64.3061 56.4791 35.3423 34.9789 29.2154
threshold=0.0034434709815845299 0.0020593652842502883 0.0053927673544491841 -0.14820887064369262 1.3033236169234386 0.0024304647363403431 0.50332940631685597 0.0016064990190196478 0.0026500800987296421 0.0042240118865713439 0.0080722935438988647 0.0017372338072111071 0.65721629996608555 0.0040924085657698395
decision_type=8 10 8 10 10 10 10 10 10 10 10 10 10 10
left_child=1 4 6 5 7 -3 9 -1 -5 -2 12 -6 -4 -8
right_child=2 3 10 8 11 -7 13 -9 -10 -11 -12 -13 -14 -15
leaf_value=-0.023460952471651073 0.0019277350788596517 -0.013534817763060978 0.013390832139555549 -0.003622400987413065 -0.010975644123536034 -0.0051112010952092061 0.0077665170769235375 -0.015201617857611757 0.0022982809843157324 0.0071560307302511702 0.022291176407312777 0.0012895056515144236 0.020229683245153372 0.013630836050840214
leaf_weight=2230.1029524803162 5279.4951663613319 2054.7071771025658 3292.0061566829681 3437.2997627258301 472.55454859137535 6316.6120114177465 1763.2610169053078 3058.6158755868673 4857.3235645592213 3587.007700920105 1383.4560720324516 358.85541561245918 976.53876727819443 1563.5979897379875
leaf_count=10300 21163 8647 13621 14103 2065 25683 7077 13198 19551 14434 5957 1468 4073 6326
internal_value=2.2334e-05 -0.0072726 0.00933917 -0.00369653 -0.016979 -0.00719959 0.00584581 -0.0187334 -0.000149438 0.00405532 0.0168414 -0.00565801 0.015013 0.0105733
internal_weight=40631.4 22786.1 17845.4 16665.9 6120.13 8371.32 12193.4 5288.72 8294.62 8866.5 5652 831.41 4268.54 3326.86
internal_count=167666 95015 72651 67984 27031 34330 49000 23498 33654 35597 23651 3533 17694 13403
is_linear=0
shrinkage=0.03


Tree=27
num_leaves=15
num_cat=0
split_feature=2 2 2 2 0 0 0 0 0 2 0 0 0 0
split_gain=2894.74 978.936 420.193 182.06 174.629 171.444 133.861 141.247 54.5331 51.7724 38.0988 31.4087 28.7249 20.1653
threshold=0.0027070756574095285 0.0043497958137187591 0.0016226914765030776 0.0053927673544491841 -0.0019364805331244593 0.0018131082349302585 0.0019399252004496149 -0.002733966124784791 -0.009143318059400397 0.0074696459271216525 -0.0010755043604371854 -0.0062679720304125762 0.0029621956307032174 0.0052497230220488293
decision_type=8 8 10 8 10 10 10 10 10 8 10 10 8 10
left_child=2 4 10 11 8 -6 7 -4 -2 -5 -1 -3 -12 -8
right_child=1 3 6 9 5 -7 13 -9 -10 -11 12 -13 -14 -15
leaf_value=-0.010995018488875023 0.02114284054922928 0.017715916753982697 0.00075245728781199461 0.014570201748007076 -0.0028697613547863437 0.0042535675960788622 -0.0028847457830752017 -0.011413214381782577 0.0059738777580875119 0.02092529118822201 -0.023616898077006513 0.0077221753947976845 -0.0017194679014175816 0.0048763324690478038
leaf_weight=312.83640769124031 222.54481539130211 315.17883798480034 949.93804286420345 3651.6027520149946 8383.6339154839516 4756.7554051578045 1603.3217478245497 8036.7228892892599 3732.9277032315731 1942.6681301593781 2350.1553212851286 3945.0786784887314 62.913725033402443 356.69543002545834
leaf_count=1405 900 1311 3901 15112 33803 19101 6604 33906 14969 8383 10913 15884 276 1450
internal_value=1.72388e-05 0.00572238 -0.0112199 0.0132488 0.00137523 -0.000285316 -0.00857217 -0.0101212 0.00689362 0.0168212 -0.0217604 0.00851533 -0.0230802 -0.0014243
internal_weight=40623 26950.4 13672.6 9854.53 17095.9 13140.4 10946.7 8986.66 3955.47 5594.27 2725.91 4260.26 2413.07 1960.02
internal_count=167918 109463 58455 40690 68773 52904 45861 37807 15869 23495 12594 17195 11189 8054
is_linear=0
shrinkage=0.03


Tree=28
num_leaves=15
num_cat=0
split_feature=2 2 2 1 1 0 0 1 2 0 2 0 2 0
split_gain=2849.35 833.182 507.594 224.304 127.269 122.142 116.992 114.271 83.8784 62.6726 58.5335 52.7878 41.4358 26.2981
threshold=0.0034190409572881493 0.0020593652842502883 0.0053927673544491841 -0.32833771128418837 0.8489086169884742 -0.0019364805331244593 -0.0065479513879402066 -0.12806309473469035 0.0016064990190196478 0.0060883274071632607 0.0074696459271216525 -0.0033776381542644815 0.0016585640722040918 -0.0080447891194758668
decision_type=8 10 8 10 10 10 10 10 10 10 8 10 10 10
left_child=1 4 7 6 8 -5 -3 11 -1 -9 13 -2 -6 -4
right_child=2 3 10 5 12 -7 -8 9 -10 -11 -12 -13 -14 -15
leaf_value=-0.023588156289164691 0.0091816008856473209 0.012435191039613875 0.022260453057869559 0.0067609322311662171 -0.013616003793147908 -0.002061484033300193 -0.0082714404345890814 0.0076872790526724133 -0.015233968175291462 0.019640392246652642 0.020805402073423476 0.0016559121183763656 -0.0028138734749266303 0.013152193020875808
leaf_weight=1991.7657282948494 989.04555605351925 243.95860384404659 355.53327313065529 1723.454345613718 626.40557724237442 7595.1392677873373 6768.1398656964302 5560.2656209915876 2772.9264541715384 429.23008082807064 1938.9276218265295 5521.3721543848515 689.94432911276817 3336.7320504635572
leaf_count=9389 4000 980 1540 6944 2804 30961 27848 22382 12092 1742 8415 22140 2856 13780
internal_value=0.000135336 -0.0070152 0.00897636 -0.00347629 -0.0164878 -0.000417866 -0.00752581 0.0055923 -0.0187809 0.00858519 0.0164543 0.00282072 -0.00806337 0.0141032
internal_weight=40542.8 22411.7 18131.1 16330.7 6081.04 9318.59 7012.1 12499.9 4764.69 5989.5 5631.19 6510.42 1316.35 3692.27
internal_count=167873 93874 73999 66733 27141 37905 28828 50264 21481 24124 23735 26140 5660 15320
is_linear=0
shrinkage=0.03


Tree=29
num_leaves=15
num_cat=0
split_feature=2 2 2 1 1 2 2 1 1 2 1 2 2 1
split_gain=2718.83 829.746 367.572 183.19 174.919 123.908 112.711 67.4915 55.235 55.0313 49.9067 26.8242 14.8295 12.5704
threshold=0.0027070756574095285 0.0046510927379661516 0.0017372338072111071 1.0852265344658598 0.2496979714437132 0.003599897591987184 0.0074696459271216525 1.9505640182238675 -0.40724782905444784 0.0024304647363403431 0.27361477342269752 0.0012970047784985046 0.0036867912319779894 -0.31818666965122427
decision_type=8 8 10 10 10 10 8 10 10 10 10 10 10 10
left_child=2 3 10 5 9 -2 8 -6 -3 -4 -1 -12 -5 -8
right_child=1 6 4 12 7 -7 13 -9 -10 -11 11 -13 -14 -15
leaf_value=-0.022300485317855043 -0.0014041909217363238 0.0081133251877524345 -0.012955434808722173 0.007349900588457416 -0.0046493552121513277 0.0039933063502710737 0.016403874931200751 0.0057570454276616541 0.013889765461436904 -0.0069514212532919015 -0.020764336648277697 -0.010988463298147049 0.012207815712960658 0.022466586009201723
leaf_weight=2127.9544816762209 9290.160152643919 2690.9742817133665 4250.0424399077892 1821.2689451128244 2986.5470175147057 6486.4522102922201 854.63709978759289 676.56776125729084 3743.3026388734579 2173.3247488290071 426.29401542246342 872.59226201474667 990.02390271425247 1066.7700980305672
leaf_count=10030 37491 11015 18181 7306 12316 26005 3706 2737 15458 9001 1967 3901 3998 4681
internal_value=0.000103531 0.00561231 -0.0108718 0.00207609 -0.00796389 0.000812278 0.0134599 -0.00270054 0.0114996 -0.0109473 -0.0193652 -0.0143769 0.00911914 0.0198999
internal_weight=40456.9 26943.6 13513.3 18587.9 10086.5 15776.6 8355.68 3663.11 6434.28 6423.37 3426.84 1298.89 2811.29 1921.41
internal_count=167793 109660 58133 74800 42235 63496 34860 15053 26473 27182 15898 5868 11304 8387
is_linear=0
shrinkage=0.03


Tree=30
num_leaves=15
num_cat=0
split_feature=2 2 2 1 1 0 2 1 0 1 0 1 1 0
split_gain=2517.09 815.574 371.18 187.326 182.193 168.163 150.414 70.4107 64.4522 60.9839 49.1682 41.4177 37.0533 36.205
threshold=0.0027195488069857018 0.0043497958137187591 0.0017372338072111071 1.0391419018915939 0.35048740277938201 -0.0047907054333534817 0.0055675591397784992 1.9505640182238675 0.0027063659757853818 0.16845558912892164 -0.0012954243712309228 -0.30873636656184172 -0.51472807222262118 0.0044720206500732931
decision_type=8 8 10 10 10 10 8 10 10 10 10 8 10 10
left_child=2 3 9 5 8 -2 12 -6 -4 -1 -11 -8 -3 -5
right_child=1 6 4 13 7 -7 11 -9 -10 10 -12 -13 -14 -15
leaf_value=-0.022514805192717785 0.011252011333339416 0.0048236689753769473 -0.011513457004672149 0.0074631864146607564 -0.0040307697604706812 -0.00092794541003457867 0.012682283825292146 0.0066796439974787991 -0.0027388481035179476 0.0043557964640284661 -0.015607864946652847 0.018427695037153774 0.010441849057189567 0.019941565762177933
leaf_weight=1987.0417285561562 1096.2825835049152 1765.1798352599144 5946.1242521852255 2467.255541279912 2718.7783562391996 13097.01675504446 2290.5070985555649 680.05204916000366 892.21939547359943 112.12201772630215 1299.8672906011343 2790.8666766732931 2954.9986354261637 232.21832017600536
leaf_count=9458 4408 7126 25312 9911 11192 52729 9674 2749 3671 493 5933 11942 12021 937
internal_value=4.2741e-05 0.00540047 -0.0104375 0.00139999 -0.00756271 1.58631e-05 0.0122806 -0.00185688 -0.010383 -0.0190304 -0.0139609 0.0158796 0.00836817 0.0086284
internal_weight=40330.5 26694.3 13636.2 16892.8 10237.2 14193.3 9801.55 3398.83 6838.34 3399.03 1411.99 5081.37 4720.18 2699.47
internal_count=167556 108748 58808 67985 42924 57137 40763 13941 28983 15884 6426 21616 19147 10848
is_linear=0
shrinkage=0.03


Tree=31
num_leaves=15
num_cat=0
split_feature=2 2 2 0 0 0 0 0 0 2 0 0 0 0
split_gain=2381.7 758.85 420.525 125.795 136.421 125.604 183.647 107.843 90.2357 76.4291 60.1249 41.7643 19.7404 14.6518
threshold=0.0028156294542010106 0.0046771635379937336 0.001867979531125979 0.0027063659757853818 -0.0018851828256214898 -0.0021620054029895387 0.0024332975816174665 -0.0053505284069585114 0.00096216234887393909 0.0074696459271216525 -0.00066482403446349364 -0.0059975191124449169 0.0030305325383313485 0.0078154141061737344
decision_type=8 8 10 10 10 10 10 8 10 8 10 10 10 10
left_child=2 5 8 4 -4 11 -7 -3 10 -9 -1 -2 -10 -5
right_child=1 7 3 13 -6 6 -8 9 12 -11 -12 -13 -14 -15
leaf_value=-0.012605034169649315 0.01275387027607458 0.020848579705810704 0.00020091496338799398 0.0011330583373174181 -0.0093249384552597531 -0.0015758481930030902 0.0060898524103894522 0.0097786428645321079 -0.011470935574015097 0.017726716169637419 -0.02255246293261846 0.0050712492610417827 -0.00052380770155146823 0.012638553031153693
leaf_weight=809.74569599330425 837.17694875597954 1363.5710172206163 1625.6220842599869 1235.3225684165955 7700.9246542602777 9706.4982248097658 3946.1557372063398 5363.2635284364223 714.76201674342155 1423.2677934914827 2403.4911567270756 2946.5880443155766 202.3003789037466 100.92959968745708
leaf_count=3724 3383 5986 6683 5035 32349 39083 15853 22012 3254 6216 11364 11822 871 410
internal_value=-1.34648e-05 0.00552444 -0.00959328 -0.00642589 -0.00765971 0.00198545 0.000638286 0.0130767 -0.0177205 0.011478 -0.0201112 0.00681602 -0.00915246 0.00213408
internal_weight=40379.6 25586.5 14793.1 10662.8 9326.55 17436.4 13652.7 8150.1 4130.3 6786.53 3213.24 3783.76 917.062 1336.25
internal_count=168045 104355 63690 44477 39032 70141 54936 34214 19213 28228 15088 15205 4125 5445
is_linear=0
shrinkage=0.03


Tree=32
num_leaves=15
num_cat=0
split_feature=2 2 2 0 0 0 0 0 2 3 0 0 0 3
split_gain=2227.11 741.865 332.45 146.12 206.075 108.906 102.208 142.761 71.3076 62.4526 40.6158 36.1323 24.7668 10.5205
threshold=0.0027070756574095285 0.0046510927379661516 0.0017372338072111071 -0.0018851828256214898 0.0022347214628811369 -0.0053505284069585114 0.0015393805891067537 -0.00069292750797818662 0.0074696459271216525 0.40125000000000005 0.00098990204602065666 -0.0010397748304740357 0.0052497230220488293 0.36625000000000002
decision_type=8 8 10 10 10 10 10 10 8 10 10 10 10 10
left_child=2 3 10 9 -5 -3 7 -4 -7 -2 11 -1 -8 -12
right_child=1 5 6 4 -6 8 12 -9 -10 -11 13 -13 -14 -15
leaf_value=-0.010771914921606365 0.014039333563396813 0.020176847469499055 -0.0038151134074193996 -0.0023164689448952323 0.0054207810011531301 0.0092607366561932112 -0.0029007032849478363 -0.012129383841639873 0.017031507694230848 0.0046859096738935697 -0.0020166656813835255 -0.021362046567879274 0.0057299706005156086 -0.012787678953017363
leaf_weight=397.33173617720604 793.58856657147408 1386.7256198376417 3111.4186638891697 9680.8691915720701 4543.2865114957094 5485.7121138423681 1871.2436736524105 4751.1037977188826 1371.1534585952759 3561.2081633061171 116.61036458611488 2296.504777148366 342.81164506077766 547.68787550926208
leaf_count=1825 3196 6125 13012 39042 18255 22534 7766 20248 6013 14306 533 11053 1395 2506
internal_value=-3.20472e-05 0.00495998 -0.00999943 0.00163054 0.000152715 0.0124454 -0.00725252 -0.00885584 0.0108459 0.00643242 -0.0181781 -0.0198678 -0.00151765 -0.0110439
internal_weight=40257.3 26822.5 13434.7 18579 14224.2 8243.59 10076.6 7862.52 6856.87 4354.8 3358.13 2693.84 2214.06 664.298
internal_count=167809 109471 58338 74799 57297 34672 42421 33260 28547 17502 15917 12878 9161 3039
is_linear=0
shrinkage=0.03


Tree=33
num_leaves=14
num_cat=0
split_feature=0 0 0 1 1 1 0 0 0 1 0 1 0
split_gain=755.116 689.225 354.829 209.016 110.424 105.291 104.879 57.7423 55.0622 40.2201 19.4905 11.5501 10.1776
threshold=-0.0041502997841843673 0.0025356404382680642 -0.0012556167928797826 -0.13838632238430726 0.51861386362959128 0.16845558912892164 -0.0097776924312434326 0.0060883274071632607 0.0049741239461610241 -0.12806309473469035 -0.0051556924144032226 -0.58332325963757226 -0.0080447891194758668
decision_type=10 10 10 10 10 10 8 10 10 8 10 10 8
left_child=6 2 5 -4 8 -2 11 -6 -3 12 -11 -1 -8
right_child=1 4 3 -5 7 -7 9 -9 -10 10 -12 -13 -14
leaf_value=0.014579747256139964 -0.00067479739521895314 0.0016699783336875504 -0.0086701554823407825 -0.0026497920470440845 0.009038334828800839 0.006807849300656285 0.012422288403695589 0.020430059801421058 0.0075830554397201119 0.016424323733474893 0.0083648228952935104 0.025165899088202999 0.0057393668027603756
leaf_weight=217.36169248819351 4568.8317631185055 3415.7837314009666 10279.68689379096 10574.204595863819 1585.7523633688688 2665.6358757466078 264.70059116184711 565.43769653141499 2463.9434335380793 917.36106756329536 488.2594096660614 538.58975395560265 1550.1374027431011
leaf_count=943 18821 13955 43743 44299 6478 10899 1118 2367 10146 3882 2007 2377 6390
internal_value=-5.10403e-05 -0.00141972 -0.00363699 -0.00562307 0.00632269 0.00207959 0.0123385 0.0121411 0.00416675 0.00988892 0.013746 0.0224304 0.00680971
internal_weight=40095.7 36119.3 28088.4 20853.9 8030.92 7234.47 3976.41 2151.19 5879.73 3220.46 1405.62 755.951 1814.84
internal_count=167425 150708 117762 88042 32946 29720 16717 8845 24101 13397 5889 3320 7508
is_linear=0
shrinkage=0.03


Tree=34
num_leaves=15
num_cat=0
split_feature=2 2 2 1 1 0 1 0 1 2 0 0 0 0
split_gain=2147.44 735.83 309.577 219.286 117.89 107.942 81.5005 69.4461 68.6824 52.2 41.9916 35.1461 33.0876 25.3482
threshold=0.003599897591987184 0.0020593652842502883 0.0053927673544491841 0.3250001939790193 0.86881265241924532 -0.0041502997841843673 0.043500492131758668 0.0030305325383313485 2.4564214737292143 0.0088198125431252512 0.0017343141189097124 0.0081776640269217316 -0.009143318059400397 -0.0040383072127532548
decision_type=8 10 8 10 10 10 10 10 10 8 10 10 10 10
left_child=1 4 6 5 7 -3 12 -1 -5 13 -6 -8 -2 -4
right_child=2 3 9 8 10 -7 11 -9 -10 -11 -12 -13 -14 -15
leaf_value=-0.01799015815418013 0.017206525536893891 0.0041816014796132632 0.016934571012032568 0.00084067339856474523 -0.0087725485621145162 -0.0058729078592910967 0.0079557787121629659 -0.0016369728828994007 0.011328167148080678 0.020097106145214729 0.0068973686044487871 0.021457442396328998 0.0027735236187156824 0.011246549821096194
leaf_weight=4388.9508891403675 138.92173521220684 1036.3256504535675 1046.9777569323778 5463.0838497877121 1104.4345859736204 11269.631078660488 4114.1169838607311 257.63089045882225 619.36049750447273 1152.8709440231323 166.62518247961998 181.70827552676201 5855.3352249413729 3304.7471345961094
leaf_count=20485 587 4184 4618 22134 4856 46476 16649 1099 2491 5172 699 747 23519 13874
internal_value=-8.69835e-05 -0.005684 0.00852048 -0.00271536 -0.0148784 -0.0050186 0.00543046 -0.0171018 0.00193528 0.0142656 -0.00663371 0.00858932 0.00314611 0.0126645
internal_weight=40100.7 24306 15794.7 18388.4 5917.64 12306 10290.1 4646.58 6082.44 5504.6 1271.06 4295.83 5994.26 4351.72
internal_count=167590 102424 65166 75285 27139 50660 41502 21584 24625 23664 5555 17396 24106 18492
is_linear=0
shrinkage=0.03


Tree=35
num_leaves=15
num_cat=0
split_feature=0 0 1 0 0 0 1 1 1 1 0 1 3 1
split_gain=693.007 829.198 198.222 186.35 149.639 142.172 82.6983 70.5697 51.1522 36.5312 29.8544 22.7596 18.0794 13.3663
threshold=-0.002276469726065006 0.0015777799649173017 1.6965968415226571 -0.0065479513879402066 -0.0008856033047645388 0.0060883274071632607 1.136812141233041 -0.13838632238430726 0.41941447679965133 3.1880780260108446 -0.0097776924312434326 2.5625947355903973 0.3987500000000001 -0.57412510424350061
decision_type=10 10 10 10 10 10 10 10 10 10 10 10 10 10
left_child=3 2 4 10 -2 6 -3 12 -7 -4 13 -9 -5 -1
right_child=1 5 9 7 -6 8 -8 11 -10 -11 -12 -13 -14 -15
leaf_value=0.013548376279839397 -0.0018743370349136002 0.0016504565944283432 0.0018772424541420986 0.0070689135721134751 -0.0079971841982166454 0.008273107230644644 0.0096080052551173554 0.0082419077882810547 0.018577576354438807 0.013119632325534971 0.012774737635003018 0.021259105506457768 0.00118045389245109 0.024078783888112659
leaf_weight=239.86226019263268 4861.0269232541323 7954.2725987434387 1508.0720015019178 578.11473758518696 14145.704509630799 1603.9133220613003 1378.0400414019823 2546.4168669134378 629.775336176157 311.01701411604881 1095.4399524182081 129.11509375274181 2563.1294994056225 527.033023416996
leaf_count=1055 20195 32708 6226 2396 60441 6633 5635 10470 2651 1280 4652 532 10499 2356
internal_value=-2.93339e-05 -0.00195223 -0.00552963 0.00806596 -0.00643621 0.00448329 0.00284094 0.00538926 0.011275 0.00389342 0.0163208 0.00896925 0.0023022 0.0210792
internal_weight=40070.9 32391.8 20825.8 7679.11 19006.7 11566 9332.31 5816.78 2233.69 1819.09 1862.34 2675.53 3141.24 766.895
internal_count=167729 135769 88142 31960 80636 47627 38343 23897 9284 7506 8063 11002 12895 3411
is_linear=0
shrinkage=0.03


Tree=36
num_leaves=15
num_cat=0
split_feature=2 2 2 2 0 0 0 0 2 0 0 0 3 3
split_gain=1968 685.991 299.689 138.22 118.575 91.9188 92.8295 79.7243 37.7403 32.8262 31.9693 31.3971 15.7027 14.8659
threshold=0.0027070756574095285 0.0042240118865713439 0.0016585640722040918 0.0055675591397784992 -0.0047907054333534817 0.0019399252004496149 -0.00066482403446349364 0.0048440696736161692 0.0080722935438988647 0.002103123930810523 -0.0084981284614338171 -0.00066482403446349364 0.36875000000000008 0.40375000000000011
decision_type=8 8 10 8 10 10 10 10 10 10 10 10 10 10
left_child=2 4 9 10 13 6 -4 -6 -5 11 -3 -1 -7 -2
right_child=1 3 5 8 7 12 -8 -9 -10 -11 -12 -13 -14 -15
leaf_value=-0.012189132662608137 0.016626916036527783 0.017849889311015915 -0.004394349751032622 0.012674983756093095 -0.00053309930089808139 0.0069241931024389015 -0.010868317123160854 0.0070914356807394449 0.018918191276131976 -0.0057033933547745979 0.0067984097910492192 -0.021121600942985885 -0.0020569031442515501 0.0079276113794323599
leaf_weight=538.19313763082027 252.17909841239452 249.74258750677109 3249.5221399515867 3657.3899321854115 13833.504045009613 183.00495776534081 5403.7561492472887 1344.7208805978298 1305.8202159553766 195.7065431624651 5113.2770282775164 1972.8897468745708 1723.5071708261967 937.45198582112789
leaf_count=2565 1022 1083 13672 15591 55769 765 23333 5408 5919 887 20752 9749 7107 3784
internal_value=-1.68643e-06 0.00468995 -0.00944281 0.0107412 0.000864412 -0.00713838 -0.00845199 0.000142673 0.0143644 -0.0183515 0.00735648 -0.0192869 -0.00113188 0.00994494
internal_weight=39960.7 26694.1 13266.6 10326.2 16367.9 10559.8 8653.28 15178.2 4963.21 2706.79 5363.02 2511.08 1906.51 1189.63
internal_count=167406 109328 58078 43345 65983 44877 37005 61177 21510 13201 21835 12314 7872 4806
is_linear=0
shrinkage=0.03


Tree=37
num_leaves=15
num_cat=0
split_feature=2 2 2 1 1 1 0 2 0 0 0 2 0 1
split_gain=1813.77 519.449 384.796 197.549 104.606 95.3475 78.8719 69.1294 68.0942 55.5273 51.745 48.7294 31.3984 22.1956
threshold=0.0032662870358655155 0.0020593652842502883 0.0053927673544491841 -0.32833771128418837 0.8489086169884742 -0.31818666965122427 -0.00091338571587651232 0.0016064990190196478 0.0044720206500732931 -0.0065479513879402066 -0.0042609063521371528 0.0080722935438988647 0.0017343141189097124 0.65721629996608555
decision_type=8 10 8 10 10 10 10 10 10 10 10 10 10 10
left_child=1 4 5 9 7 10 -5 -1 -7 -3 -2 13 -6 -4
right_child=2 3 11 6 12 8 -8 -9 -10 -11 -12 -13 -14 -15
leaf_value=-0.020535697671581754 0.0086260384517929892 0.0081229970767621711 0.010187579826467091 0.004204050653484788 -0.0080320080937997442 0.0049353806306417156 -0.0021762859269660265 -0.012787835218566364 0.01334675933268992 -0.007870721942074322 0.00011631053694621186 0.01835663856421314 0.0054421129927133419 0.015748284266916934
leaf_weight=1877.8242804259062 717.05218523740768 190.59379081428051 3213.0160910338163 2501.8171080052853 1126.83336186409 6997.6833656877279 5685.5107916891575 2690.2972877174616 998.2973942309618 5920.0000428110361 5709.5802003741264 1309.134567797184 167.68828840553761 938.98280735313892
leaf_count=9425 2929 769 13660 10168 4995 28255 23341 12099 4071 24643 22954 5971 704 4062
internal_value=-2.51568e-05 -0.00636581 0.00640072 -0.00327226 -0.0138818 0.00382189 -0.000216565 -0.0160238 0.00600839 -0.00734961 0.00108703 0.0131809 -0.00621228 0.0114944
internal_weight=40044.3 20160.6 19883.7 14297.9 5862.64 14422.6 8187.33 4568.12 7995.98 6110.59 6426.63 5461.13 1294.52 4152
internal_count=168046 86144 81902 58921 27223 58209 33509 21524 32326 25412 25883 23693 5699 17722
is_linear=0
shrinkage=0.03


Tree=38
num_leaves=15
num_cat=0
split_feature=0 0 0 1 1 0 0 1 1 1 3 1 0 1
split_gain=638.061 528.653 375.021 165.395 93.7479 89.6466 69.7855 52.2268 47.31 31.5386 13.2609 8.55449 7.09152 5.33771
threshold=-0.0047907054333534817 0.0023353706532947683 -0.0010755043604371854 1.6965968415226571 1.3320348130530442 0.0074513926819164472 -0.009143318059400397 0.27361477342269752 0.48936993687878538 0.021224647518043028 0.62125000000000019 -0.53462929359071076 -0.010703741393565216 -1.1651099638493381
decision_type=10 10 10 10 10 10 8 10 10 10 10 10 10 8
left_child=6 2 4 -4 -2 7 11 -3 -7 13 -11 -1 -13 -8
right_child=1 5 3 -5 -6 8 9 -9 -10 10 -12 12 -14 -15
leaf_value=0.014352996124453768 0.00090833505329827077 0.0021333447237074188 -0.0063043769592529813 0.0033620566134860207 0.010642448747080958 0.0088301962934874776 0.0028015044575773716 0.0075159790338722877 0.021681199055464288 0.01628725328174023 0.004169127935001073 0.025612762756506473 0.015393002510258451 0.0080645942939713815
leaf_weight=293.21937952935696 7840.7157414108515 4765.1879865527153 17561.816755592823 1737.2696546167135 998.17796352505684 1065.9857200831175 265.90215815603733 2498.1005553901196 360.62158294022083 719.91060489416122 116.44072097539902 401.79563507437706 191.63611799478531 1133.3367085903883
leaf_count=1292 32386 19566 75056 7194 4088 4434 1116 10266 1540 3074 489 1840 840 4739
internal_value=1.65729e-05 -0.00108719 -0.00308599 -0.00542982 0.00202518 0.00537416 0.0130169 0.00400066 0.0122488 0.0100592 0.0147402 0.020212 0.0227217 0.00713398
internal_weight=39950.1 36827.9 28138 19299.1 8838.89 8689.9 3122.24 7263.29 1426.61 2235.59 836.351 886.651 593.432 1399.24
internal_count=167920 154530 118724 82250 36474 35806 13390 29832 5974 9418 3563 3972 2680 5855
is_linear=0
shrinkage=0.03


Tree=39
num_leaves=15
num_cat=0
split_feature=2 2 2 1 1 2 0 0 1 1 0 0 1 0
split_gain=1743.11 582.721 275.609 131.494 131.209 114.765 114.443 90.1058 45.2074 36.8528 33.0849 32.7384 27.6004 27.3397
threshold=0.0027070756574095285 0.0042240118865713439 0.0017372338072111071 1.0391419018915939 1.7908368253636169 0.0066638782940363116 -0.0047907054333534817 0.0016563620401740592 0.27361477342269752 0.72349149943762492 0.0060883274071632607 -0.00066482403446349364 -0.30873636656184172 0.0025356404382680642
decision_type=8 8 10 10 10 8 10 10 10 10 10 10 8 10
left_child=2 3 8 6 7 9 -2 -4 13 -3 -5 -10 -7 -1
right_child=1 5 4 10 -6 12 -8 -9 11 -11 -12 -13 -14 -15
leaf_value=-0.020308942165810692 0.0091232809232719356 0.0067820355628591487 -0.0090008950358856799 0.0062428333416565179 0.0051106788047991401 0.01149577849891305 -0.0010915681314304646 -0.0016777107905823587 -0.0008320804320224249 0.012039309343948233 0.022900852436584917 -0.013963951579738249 0.017780380704240456 -0.0047684011782427481
leaf_weight=1882.2642119675875 1059.6304443478584 5787.1729620397091 7224.2777230590582 2498.2447582632303 801.19309321045876 1321.3603001087904 12730.219063386321 1945.151055470109 218.56020118296146 1595.3855252861977 107.35641074180603 1012.71694034338 1612.5167715549469 126.08770908415318
leaf_count=9514 4286 23804 31029 10055 3250 5811 51362 8073 1004 6668 440 4793 7273 568
internal_value=-1.71132e-05 0.00438952 -0.00892869 0.000869092 -0.00643742 0.0099723 -0.000296255 -0.00745745 -0.0165342 0.00794101 0.00703705 -0.0117068 0.015019 -0.0193915
internal_weight=39922.1 26711.9 13210.3 16395.5 9970.62 10316.4 13789.8 9169.43 3239.63 7382.56 2605.6 1231.28 2933.88 2008.35
internal_count=167930 109699 58231 66143 42352 43556 55648 39102 15879 30472 10495 5797 13084 10082
is_linear=0
shrinkage=0.03


Tree=40
num_leaves=15
num_cat=0
split_feature=2 2 2 2 1 1 1 1 2 2 1 2 1 2
split_gain=1637.1 530.636 298.482 147.655 114.859 97.2052 59.3717 54.6549 44.7112 43.8416 40.9492 35.4408 15.0803 8.24112
threshold=0.0027070756574095285 0.005292812870999245 0.001867979531125979 0.0037934352431188167 0.43342850222588375 -0.10759265303183205 -0.52443853083944691 -0.11783368501460188 0.0024177048866860667 0.0080722935438988647 1.9505640182238675 0.0016064990190196478 -0.76120245961294131 0.001445588710339061
decision_type=8 8 10 10 10 10 10 10 10 10 10 10 8 10
left_child=2 3 7 5 8 -2 -5 13 -4 12 -6 -9 -3 -1
right_child=1 9 4 6 10 -7 -8 11 -10 -11 -12 -13 -14 -15
leaf_value=-0.022384159925155411 -0.0024105977767208599 0.0077379970623991708 -0.0098812518161712978 0.0017818520609074193 -0.0025523170315980425 0.0027905979952043253 0.007193881468726143 -0.015222791598198103 -0.0046261818883247411 0.017336760720366863 0.006121567796317574 -0.0068678713732041761 0.01198192680824009 -0.017003270408109686
leaf_weight=764.68073445558548 6808.4583640247583 1222.7158439457417 3977.3930866122246 2905.7691124230623 2216.8507875204086 6140.564646050334 5089.6926837861538 1232.537712007761 2430.8354040533304 1292.4318971931934 616.40239645540714 820.49570369720459 3200.4503405541182 1144.3490514159203
leaf_count=3957 27562 5171 17293 11704 9161 24730 20660 6040 10196 5981 2488 3673 13776 5575
internal_value=-2.33948e-05 0.00425328 -0.00865991 0.00203628 -0.00568571 5.14848e-05 0.00523918 -0.0155503 -0.00790751 0.0123491 -0.000629231 -0.0119623 0.0108424 -0.0192953
internal_weight=39863.6 26660.1 13203.5 20944.5 9241.48 12949 7995.46 3962.06 6408.23 5715.6 2833.25 2053.03 4423.17 1909.03
internal_count=167967 109584 58383 84656 39138 52292 32364 19245 27489 24928 11649 9713 18947 9532
is_linear=0
shrinkage=0.03


Tree=41
num_leaves=15
num_cat=0
split_feature=2 2 2 2 0 0 0 0 0 0 0 0 2 3
split_gain=1549.03 503.114 278.572 134.869 96.9715 76.5027 75.9823 75.4971 68.849 38.9083 34.9355 34.3016 27.4659 4.31713
threshold=0.0034190409572881493 0.0022811186681237655 0.005292812870999245 0.0016064990190196478 -0.0012556167928797826 0.00038089203784715388 0.0049741239461610241 0.0027063659757853818 -0.0051556924144032226 -0.0097776924312434326 -0.0065479513879402066 -0.0010755043604371854 0.0074696459271216525 0.39125000000000004
decision_type=8 10 8 10 10 10 10 10 10 8 10 10 8 10
left_child=1 3 6 11 10 -6 8 -5 -2 -4 -3 -1 -11 -8
right_child=2 4 9 7 5 -7 13 -9 -10 12 -12 -13 -14 -15
leaf_value=-0.0066375539471723302 0.011305032269189861 0.010006490446119846 0.021208569317206254 -0.0098949091865414389 -0.0066907705793649453 -0.0012910521745650291 0.019119970011019519 0.0011203723049786364 0.0025127891529827581 0.0097845220494478177 0.0011340372227131314 -0.018640605382448053 0.014697794301295352 0.010365677600427651
leaf_weight=273.09215886890888 868.65727426111698 446.66160172224045 410.46399053931236 5104.4805977195501 3855.3584355115891 6178.1862964481115 80.728389382362366 615.86031697690487 10025.464080810547 3645.4705646336079 3444.3525142073631 2080.0817972272635 1632.7476461082697 1133.6702025532722
leaf_count=1306 3623 1810 1976 22566 16013 25270 327 2563 40343 15447 13961 10626 7474 4627
internal_value=4.26834e-05 -0.00527852 0.00662255 -0.0112334 -0.00181596 -0.00337645 0.00403679 -0.00869863 0.00322908 0.0120992 0.00219095 -0.017307 0.0113406 0.011148
internal_weight=39795.3 21998.1 17797.2 8073.51 13924.6 10033.5 12108.5 5720.34 10894.1 5688.68 3891.01 2353.17 5278.22 1214.4
internal_count=167932 94115 73817 37061 57054 41283 48920 25129 43966 24897 15771 11932 22921 4954
is_linear=0
shrinkage=0.03


Tree=42
num_leaves=15
num_cat=0
split_feature=0 0 1 0 0 0 1 1 1 0 0 1 1 0
split_gain=517.688 563.14 169.526 152.438 127.43 114.011 63.3065 58.3733 52.7296 30.5141 27.6495 18.7037 12.8806 5.66147
threshold=-0.0023389976477505999 0.0016563620401740592 1.5745383644308688 -0.0084981284614338171 -0.00055764435789533906 0.0047168589773173902 0.65721629996608555 1.2148960868044945 -0.39726467404666471 -0.0041502997841843673 -0.00058519450179282488 2.5625947355903973 -0.53462929359071076 -0.010703741393565216
decision_type=10 10 10 8 10 10 8 10 10 8 10 10 10 10
left_child=3 2 4 12 -2 8 9 -7 -3 -5 -4 -8 -1 -14
right_child=1 5 10 6 -6 7 11 -9 -10 -11 -12 -13 13 -15
leaf_value=0.012044265185611547 -0.0019874237296366171 -0.0012667061538242216 0.0084990034117737208 0.0064127960389296123 -0.0071800143335765294 0.0067638754238561836 0.0097659122179634978 0.018723365054495549 0.0038187204718036724 0.0016791808008398482 0.0011187284672862336 0.021896030141054013 0.023571333718490527 0.015350133617524429
leaf_weight=347.68596941232681 6558.1376951336861 3088.16988684237 675.60099424421787 2288.8855649083853 12343.407523557544 3224.7238666564226 1218.3533937782049 419.11741292476654 4449.721401438117 2743.1461333781481 1452.7720755338669 137.76929004490376 400.26016968488693 287.41801178455353
leaf_count=1538 27650 12786 2775 9582 53464 13435 5097 1782 18331 11304 6057 577 1878 1275
internal_value=5.93394e-05 -0.00158552 -0.00447853 0.00719723 -0.00538355 0.00384925 0.00543545 0.00820336 0.00172842 0.00385268 0.00351827 0.0111934 0.0178539 0.0204905
internal_weight=39635.2 32211.7 21029.9 7423.52 18901.5 11181.7 6388.15 3643.84 7537.89 5032.03 2128.37 1356.12 1035.36 687.678
internal_count=167531 136280 89946 31251 81114 46334 26560 15217 31117 20886 8832 5674 4691 3153
is_linear=0
shrinkage=0.03


Tree=43
num_leaves=15
num_cat=0
split_feature=0 0 1 0 0 0 1 1 1 1 0 3 1 1
split_gain=522.303 566.241 161.58 155.378 120.501 95.6614 70.2315 54.6458 47.3927 30.2948 27.5198 18.4027 12.907 11.4227
threshold=-0.002276469726065006 0.0015777799649173017 1.5745383644308688 -0.0065479513879402066 -0.00082745345242874531 0.0047168589773173902 -0.13838632238430726 -0.45588390757371849 0.21447329653578062 3.1880780260108446 -0.0097776924312434326 0.3987500000000001 2.5625947355903973 -0.57412510424350061
decision_type=10 10 10 10 10 10 10 10 10 10 10 10 10 10
left_child=3 2 4 10 -2 7 11 -3 -7 -4 13 -5 -8 -1
right_child=1 5 9 6 -6 8 12 -9 -10 -11 -12 -13 -14 -15
leaf_value=0.012318912011436209 -0.0015844739191574727 -0.0013815178189116202 0.0016549647585479416 0.0063826775361969469 -0.0070440533452563164 0.0050407270615914837 0.0076217334659856757 0.0037447432690600074 0.012297049530953489 0.011794266201779818 0.011251004952228595 0.00040804209431844987 0.017571888274689675 0.022083442589538999
leaf_weight=241.4629420787096 5039.7267950177193 3020.5422529876232 1766.4048210978508 565.35799264907837 13437.562881752849 2341.7284662127495 2518.0251512676477 4836.8131123930216 1293.3632383644581 308.35999026894569 1069.9233609437943 2548.5046547651291 131.48971028625965 515.11261002719402
leaf_count=1094 21117 12516 7336 2363 58304 9716 10438 19943 5473 1274 4634 10494 550 2415
internal_value=-6.8557e-06 -0.00168483 -0.00466742 0.00706258 -0.00555985 0.00364316 0.0046161 0.00176722 0.00766564 0.00324003 0.0146824 0.00152897 0.00820231 0.0192467
internal_weight=39634.4 32044.5 20552.1 7589.88 18477.3 11492.4 5763.38 7857.36 3635.09 2074.76 1826.5 3113.86 2649.51 756.576
internal_count=167667 135679 88031 31988 79421 47648 23845 32459 15189 8610 8143 12857 10988 3509
is_linear=0
shrinkage=0.03


Tree=44
num_leaves=15
num_cat=0
split_feature=0 0 1 0 1 0 0 1 0 0 0 0 1 0
split_gain=509.693 544.675 168.064 127.703 100.737 93.1905 73.5676 58.7794 44.9286 34.9773 22.1278 18.6636 5.62916 2.60166
threshold=-0.002276469726065006 0.0015777799649173017 -0.39726467404666471 -0.009143318059400397 1.0391419018915939 -0.00063944326381168524 0.0049741239461610241 -1.0000000180025095e-35 -0.0012166972279151075 0.0033182832894782231 -0.0047907054333534817 -0.0053505284069585114 -0.53462929359071076 -0.010703741393565216
decision_type=10 10 10 8 10 10 10 8 10 10 10 8 10 10
left_child=3 2 8 12 6 -4 -3 11 -2 -6 -9 -5 -1 -14
right_child=1 4 5 7 9 -7 -8 10 -10 -11 -12 -13 13 -15
leaf_value=0.012670267983354156 -0.0033075096992384494 0.00051238179077052047 0.0012757286855305445 0.0065306190813769595 0.0056626523372204623 -0.0042823888194070507 0.0062510414818873769 0.012955507005634317 -0.0091433313869039023 0.014267884887871696 0.0068784324705485483 0.0018206617370917126 0.0221050966171761 0.014063239103137674
leaf_weight=291.30249685049057 1507.9508626163006 6839.4724550396204 3957.2412319779396 1044.424250587821 921.68052433431149 8513.679591819644 2854.9954886585474 847.59660789370537 6609.8375368714333 877.03721860051155 1869.5106281191111 2957.9456866383553 385.36190079152584 188.6801822334528
leaf_count=1308 6298 28282 16541 4416 3780 36565 11920 3672 28854 3693 7713 12194 1837 849
internal_value=-0.000135051 -0.00179042 -0.00471139 0.00685198 0.0034365 -0.00251428 0.00221328 0.00542514 -0.00807206 0.00994734 0.00883672 0.0030779 0.0176744 0.0198506
internal_weight=39666.7 32081.9 20588.7 7584.82 11493.2 12470.9 9694.47 6719.48 8117.79 1798.72 2717.11 4002.37 865.345 574.042
internal_count=167922 135933 88258 31989 47675 53106 40202 27995 35152 7473 11385 16610 3994 2686
is_linear=0
shrinkage=0.03


Tree=45
num_leaves=15
num_cat=0
split_feature=0 0 1 0 0 0 0 1 1 1 0 3 0 1
split_gain=439.396 529.003 138.33 107.073 92.5877 75.4562 65.042 55.9975 55.8015 35.5087 22.194 14.6938 4.74727 6.96809
threshold=-0.0023389976477505999 0.0015777799649173017 0.27361477342269752 -0.009143318059400397 0.0055487076018163779 -0.0010397748304740357 -0.00063944326381168524 0.65721629996608555 1.3320348130530442 0.19055655952459163 -0.0051556924144032226 0.37625000000000003 -0.010703741393565216 -0.57412510424350061
decision_type=10 10 10 8 10 10 10 8 10 10 8 8 10 10
left_child=3 2 5 12 8 -2 -4 10 -3 -6 -5 -9 13 -1
right_child=1 4 6 7 9 -7 -8 11 -10 -11 -12 -13 -14 -15
leaf_value=0.011445730417807765 -0.002010889535480672 0.0013103372298093859 0.0030251581843062894 0.0068976400790568305 0.0058403334386592318 -0.0074188583907836498 -0.0029680365685476441 0.018731604278375804 0.0086880383667753275 0.013207304770480714 0.002523558716883389 0.0091797555122580862 0.01195798666862047 0.021265669216021871
leaf_weight=167.97822472453117 3061.8253980278969 7807.7656794041395 2369.6860363781452 1511.7045768648386 1685.8541508764029 10181.424508661032 5128.8746803402901 189.34926024079323 1043.4864847511053 970.54532381892204 3658.3672018200159 1200.518251657486 294.39076383411884 392.0342542976141
leaf_count=767 12822 32270 9820 6429 7029 44565 21774 802 4294 4156 15089 5051 1318 1883
internal_value=4.33157e-05 -0.00146958 -0.00433212 0.00662502 0.00368403 -0.00617553 -0.00106458 0.00529379 0.0021957 0.00859388 0.00382495 0.0106484 0.016597 0.0186779
internal_weight=39663.8 32249.5 20741.8 7414.34 11507.7 13243.2 7498.56 6559.94 8851.25 2656.4 5170.07 1389.87 854.403 560.012
internal_count=168069 136730 88981 31339 47749 57387 31594 27371 36564 11185 21518 5853 3968 2650
is_linear=0
shrinkage=0.03


Tree=46
num_leaves=15
num_cat=0
split_feature=0 0 1 0 1 0 0 1 0 0 1 0 1 3
split_gain=440.074 460.034 141.728 121.278 93.5013 89.6284 59.7057 42.7954 40.693 38.816 25.6088 24.3577 15.9661 10.8039
threshold=-0.002276469726065006 0.0016563620401740592 1.5745383644308688 -0.0053505284069585114 0.21447329653578062 -0.00050632814563715469 0.0060883274071632607 -0.11783368501460188 0.0049741239461610241 -0.0097776924312434326 -0.15824222841507704 -0.0008856033047645388 2.5625947355903973 0.53375000000000006
decision_type=10 10 10 10 10 10 10 10 10 8 8 10 10 10
left_child=3 2 5 9 8 -2 -6 -5 -3 13 -11 -4 -9 -1
right_child=1 4 11 7 6 -7 -8 12 -10 10 -12 -13 -14 -15
leaf_value=0.020211435615928055 -0.0021591083969465207 -0.00014034338811506788 0.0090961630693561033 0.0012206191570858342 0.0052499200747188777 -0.0065099423938407919 0.014643355537485903 0.0061394087144133148 0.0047994801805267663 0.0060361307444026695 0.01333967120078436 0.001403751036260189 0.01749770172298773 0.0095693700061239249
leaf_weight=537.89962024986744 6702.8545241057873 4974.3473789393902 484.42400050163269 2720.979330137372 3287.5381412059069 11997.058192789555 759.93293692171574 2146.1055931299925 2125.5513681024313 1027.3604434579611 848.33820533752441 1609.217213794589 118.53582791984081 165.09363421797752
leaf_count=2555 28354 20574 1982 11217 13547 52216 3283 8872 8854 4366 3720 6707 496 761
internal_value=5.08229e-05 -0.00148892 -0.00412567 0.00655383 0.00342341 -0.00495561 0.00706012 0.00379128 0.00133476 0.0118365 0.00942441 0.00324691 0.00683461 0.0179656
internal_weight=39505.2 31940.9 20793.6 7564.31 11147.4 18699.9 4047.47 4985.62 7099.9 2578.69 1875.7 2093.64 2264.64 702.993
internal_count=167504 135517 89259 31987 46258 80570 16830 20585 29428 11402 8086 8689 9368 3316
is_linear=0
shrinkage=0.03


Tree=47
num_leaves=15
num_cat=0
split_feature=2 2 2 2 0 0 0 0 2 0 0 0 3 3
split_gain=1305.15 541.604 160.087 99.1772 87.9255 55.5486 53.6924 46.6599 32.1771 24.7908 21.5503 19.53 11.9716 6.92837
threshold=0.0024304647363403431 0.0041194717281430775 0.0016064990190196478 0.0055675591397784992 -0.0047907054333534817 0.0027063659757853818 0.0013674571868498725 -0.00066482403446349364 0.0088198125431252512 -0.0023389976477505999 -0.011748775767563344 0.0021461270542633653 0.67375000000000018 0.62625000000000008
decision_type=8 8 10 8 10 10 10 10 10 10 10 10 10 10
left_child=2 4 9 10 12 7 -6 -4 -5 -1 -3 -11 -2 -7
right_child=1 3 5 8 6 13 -8 -9 -10 11 -12 -13 -14 -15
leaf_value=0.0014704394506654768 0.0089838189385611951 0.018616258844055166 -0.0046278419017637198 0.010397449849357485 -0.0016435530182039176 0.0011587774855006073 0.0018239984031068711 -0.010079073772132002 0.016767459805238645 -0.017703862352546031 0.0056014244424118856 -0.0053410785162979271 9.9103429155956313e-05 -0.0056624762828591593
leaf_weight=60.064373254776001 1063.5168604552746 113.24303670227528 2207.679774671793 3871.2691260278225 11593.298835545778 699.86079972982407 6128.5805665105581 4344.8931882530451 969.34283603727818 2093.0617284178734 5859.9670435339212 147.96880678832531 172.35625083744526 154.83925284445286
leaf_count=285 4335 524 9508 16984 47308 2898 24782 19439 4591 10900 23948 692 702 637
internal_value=4.10021e-05 0.00315764 -0.00950367 0.00851186 9.74537e-05 -0.00732442 -0.000440668 -0.00826145 0.0117174 -0.0164307 0.0058889 -0.0169416 0.00780365 -5.87807e-05
internal_weight=39479.9 29771.6 9708.37 10813.8 18957.8 7407.27 17721.9 6552.57 4840.61 2301.09 5973.21 2241.03 1235.87 854.7
internal_count=167533 123174 44359 46047 77127 32482 72090 28947 21575 11877 24472 11592 5037 3535
is_linear=0
shrinkage=0.03


Tree=48
num_leaves=15
num_cat=0
split_feature=0 0 1 0 0 0 1 1 1 1 3 0 1 0
split_gain=390.727 431.764 128.791 108.95 105.49 82.3036 58.1235 48.2743 46.9717 25.9448 15.7142 14.7086 8.6525 5.6003
threshold=-0.002276469726065006 0.0015777799649173017 1.8913997938054929 -0.009143318059400397 -0.00058519450179282488 0.0047168589773173902 0.010709347827261019 0.67426724709896646 1.3320348130530442 2.5625947355903973 0.32875000000000004 -0.00050632814563715469 -0.56382191213594346 -0.010703741393565216
decision_type=10 10 10 8 10 10 8 10 10 10 8 10 10 10
left_child=3 2 4 12 -2 8 10 -7 -3 -8 -5 -4 -1 -14
right_child=1 5 11 6 -6 7 9 -9 -10 -11 -12 -13 13 -15
leaf_value=0.010532663617874321 -0.001651532451571445 0.00054370660332658967 0.0085511092042028902 0.011344324839241972 -0.006382256319354772 0.0050005055011972084 0.0073962797469644473 0.013471427971582238 0.0076701883152850529 0.020463730301820176 0.0020418004260517189 0.0021124219523030821 0.02122829902893535 0.012264750609281897
leaf_weight=269.8775399774313 6484.6898423880339 6908.717734888196 503.56650069355965 165.12245726585388 12524.286870703101 2838.8115468770266 2544.3155407011509 788.27764613926411 941.04769757390022 145.29860167205334 3855.1737340986729 966.44234637916088 380.63461261987686 190.15805368125439
leaf_count=1232 27403 28591 2070 692 54662 11853 10714 3389 3872 619 16037 4031 1872 867
internal_value=-4.67872e-05 -0.00149888 -0.00410996 0.00608475 -0.0047733 0.00315455 0.00478116 0.00688997 0.00141435 0.00819762 0.00246596 0.00440147 0.0162404 0.018608
internal_weight=39506.4 31955.8 20479 7550.58 19009 11476.9 6709.91 3627.09 7849.77 2689.61 4020.3 1470.01 840.67 570.793
internal_count=167904 135871 88166 32033 82065 47705 28062 15242 32463 11333 16729 6101 3971 2739
is_linear=0
shrinkage=0.03


Tree=49
num_leaves=15
num_cat=0
split_feature=2 2 2 1 2 1 1 1 2 0 0 2 0 1
split_gain=1297.7 403.201 201.104 168.333 78.3628 77.7869 72.9363 63.7838 41.1656 39.0983 33.9273 18.9866 18.8879 15.3262
threshold=0.0034190409572881493 0.001867979531125979 0.0053927673544491841 -0.32833771128418837 0.0024993378467945055 1.5745383644308688 0.054087385314740145 -0.21819266326705192 0.0088198125431252512 0.0081776640269217316 0.00071140188539852822 0.0042240118865713439 0.0025356404382680642 0.69127899887594302
decision_type=8 10 8 10 10 10 10 10 10 10 10 10 10 8
left_child=1 6 7 4 -3 -5 12 11 13 -9 -8 -2 -1 -4
right_child=2 3 8 5 -6 -7 10 9 -10 -11 -12 -13 -14 -15
leaf_value=-0.018508388688970753 0.00032015281416587435 -0.010329824454934316 0.0085540008949689557 -0.001661352236581321 -0.004002782678125939 0.0053229189343833808 -0.011685028338892973 0.0055322448303288824 0.016649983386856481 0.01776300062562557 -0.0022276122739406678 0.0037818668520370252 -0.0069379917573724513 0.013155786659772812
leaf_weight=1885.2136610001326 3633.0776633471251 2841.0431287884712 3360.7076959908009 8570.2771318852901 4806.7571294605732 1711.7851657420397 1282.7464719563723 6113.6955834627151 969.72705325484276 242.49061810970306 494.2694950401783 2386.0103753805161 171.60927012562752 953.32647371292114
leaf_count=9859 14619 12501 14653 35534 19763 6917 6263 24883 4632 1020 2274 9680 765 4306
internal_value=5.50402e-07 -0.00489984 0.00604274 -0.00300343 -0.00637144 -0.00048872 -0.0137223 0.00393778 0.0109447 0.00603545 -0.00911525 0.00170635 -0.0176103 0.00961286
internal_weight=39422.7 21763.7 17659 17929.9 7647.8 10282.1 3833.84 12375.3 5283.76 6356.19 1777.02 6019.09 2056.82 4314.03
internal_count=167669 93876 73793 74715 32264 42451 19161 50202 23591 25903 8537 24299 10624 18959
is_linear=0
shrinkage=0.03


Tree=50
num_leaves=15
num_cat=0
split_feature=2 2 2 1 1 2 3 1 2 3 1 1 1 1
split_gain=1199.67 463.844 140.586 107.324 100.976 80.2291 48.5984 48.5385 40.5846 31.6958 29.7148 26.4072 20.5085 13.5209
threshold=0.0024177048866860667 0.0042240118865713439 0.0016064990190196478 -0.14820887064369262 -0.076061553923435513 0.0061243861919275519 0.56625000000000003 1.7908368253636169 0.0032794510662527919 0.42125000000000007 2.4564214737292143 -0.31818666965122427 -0.38687716387844889 0.043500492131758668
decision_type=8 8 10 10 10 8 10 10 10 10 10 10 10 10
left_child=2 4 10 9 8 12 -6 -5 -2 -4 13 -7 -3 -1
right_child=1 5 3 7 6 11 -8 -9 -10 -11 -12 -13 -14 -15
leaf_value=-0.018920769047971384 -0.0035286016243820111 0.003934264198485745 -0.014994889910988147 -0.0051275701534173809 0.0038996183592232914 0.0086959768229546083 -0.00089220809498783533 0.0041755022203820947 0.00018205233712845093 -0.008780203551558393 8.3811659428024394e-05 0.013914299852851284 0.0074953598999053248 -0.013341591599595257
leaf_weight=1214.6050950586796 5545.4900136739016 2685.7033263891935 1220.573217317462 3112.5663300305605 6620.2786584943533 1809.1003022193909 2642.2295385152102 587.08298562467098 5019.3841588199139 2307.2515463382006 93.471127450466156 2077.8212445676327 3583.4113357663155 962.50949364900589
leaf_count=6599 22915 11008 5627 13513 26860 8042 10716 2410 20236 10354 434 9590 14989 4886
internal_value=-2.8418e-05 0.00291366 -0.00931556 -0.00723682 0.000239029 0.00812401 0.00252674 -0.00362785 -0.00176149 -0.0109837 -0.0158453 0.0115295 0.00598803 -0.0165539
internal_weight=39481.5 29983.4 9498.06 7227.47 19827.4 10156 9262.51 3699.65 10564.9 3527.82 2270.59 3886.92 6269.11 2177.11
internal_count=168179 124356 43823 31904 80727 43629 37576 15923 43151 15981 11919 17632 25997 11485
is_linear=0
shrinkage=0.03


Tree=51
num_leaves=15
num_cat=0
split_feature=2 2 2 1 2 1 1 2 1 3 1 2 1 2
split_gain=1157.72 368.302 162.095 110.409 104.219 69.7008 51.8532 39.1456 29.1827 28.1614 27.873 25.8553 14.1246 10.637
threshold=0.0034878767261754045 0.0022415236238326618 0.0053927673544491841 0.36396005852626095 0.0016064990190196478 -0.14820887064369262 1.3320348130530442 0.0080722935438988647 0.6409600599255435 0.61625000000000008 -1.1518724797628306 0.0024304647363403431 -0.8802598567718426 0.0036605700281063338
decision_type=8 10 8 10 10 10 10 10 10 10 10 10 8 10
left_child=1 4 6 11 8 -6 10 12 -1 -5 -2 -3 -4 -8
right_child=2 3 7 9 5 -7 13 -9 -10 -11 -12 -13 -14 -15
leaf_value=-0.017379294971165422 -0.00037460121212211947 -0.0070997792496112506 0.0054980716512008773 0.003233145967386785 -0.010996023450829246 -0.0039609472221418043 0.0032290440138816288 0.015232565521613492 -0.0092732558702659142 -0.0024854550180119189 0.0040219803620245116 -0.0027398581155958037 0.009977066670824734 0.011064691976138736
leaf_weight=1618.348084539175 1492.8405476212502 1449.1320949792862 940.82871603965759 3926.3346620351076 2486.6399721950293 2686.0362499207258 221.48653036355972 1241.8194550722837 635.30116535723209 945.15169256925583 8746.7954965233803 8777.6446482390165 3078.1940593421459 1062.1053611338139
leaf_count=8787 6023 6307 4045 15936 11476 11684 897 5997 3136 3846 35478 36085 13606 4396
internal_value=0.000146362 -0.00429558 0.00611013 -0.00159804 -0.00976229 -0.00736916 0.00410351 0.0104779 -0.0151718 0.00210853 0.00337541 -0.00336985 0.0089597 0.00979443
internal_weight=39308.7 22524.6 16784.1 15098.3 7426.33 5172.68 11523.2 5260.84 2253.65 4871.49 10239.6 10226.8 4019.02 1283.59
internal_count=167699 97257 70442 62174 35083 23160 46794 23648 11923 19782 41501 42392 17651 5293
is_linear=0
shrinkage=0.03


Tree=52
num_leaves=15
num_cat=0
split_feature=2 2 2 1 1 0 0 1 2 0 2 0 1 0
split_gain=1092.36 263.528 247.558 110.083 76.7116 71.219 60.8092 56.5816 40.9173 40.1646 38.4443 30.5433 24.4245 17.3418
threshold=0.0030729163931431467 0.001907142958340269 0.0052406116286393594 -0.45588390757371849 0.41941447679965133 0.00093289548222463218 -0.0008856033047645388 2.5625947355903973 0.0037934352431188167 -0.0065479513879402066 0.0088198125431252512 0.0086479515447942159 0.14473275020376761 -0.0097776924312434326
decision_type=8 10 8 10 10 10 10 10 8 10 10 10 10 8
left_child=1 5 4 9 8 7 -5 -1 -2 -3 13 -6 -7 -4
right_child=2 3 10 6 11 12 -8 -9 -10 -11 -12 -13 -14 -15
leaf_value=-0.015420249856498182 -0.00046069750055411068 0.011499499633517311 0.016374608082496057 0.0026237069159200893 0.0052902106340282249 -0.0092012175562297422 -0.0030816947328195822 0.0053150123152896911 0.0030892842420460588 -0.0075495793528039621 0.015440927691457121 0.019871746085302192 0.00010856786192515066 0.0081481943048117827
leaf_weight=2951.1566627919674 6108.5485294908285 90.747159138321877 262.59314298629761 2338.8410954922438 4702.0592103153467 574.46076039969921 5847.9728972166777 114.33240662515163 5545.1677434891462 4758.8469422608614 947.68404433131218 127.97524523735046 425.46347983181477 4470.852630212903
leaf_count=15262 24723 368 1331 9623 19148 2784 24505 518 22454 20430 4605 545 1925 19522
internal_value=2.41568e-05 -0.00566892 0.00442006 -0.00357754 0.0025508 -0.0123353 -0.00144322 -0.0146126 0.00122454 -0.00715785 0.00981914 0.00572921 -0.00521868 0.00865077
internal_weight=39266.7 17101.8 22164.9 13036.4 16483.8 4065.41 8186.81 3065.49 11653.7 4849.59 5681.13 4830.03 999.924 4733.45
internal_count=167743 75415 92328 54926 66870 20489 34128 15780 47177 20798 25458 19693 4709 20853
is_linear=0
shrinkage=0.03


Tree=53
num_leaves=15
num_cat=0
split_feature=2 2 1 1 2 2 1 1 2 2 3 3 1 1
split_gain=1039.27 423.411 117.76 101.307 75.1249 70.0178 48.8749 47.3475 43.6773 40.7753 23.2715 22.7565 11.5363 9.40815
threshold=0.0024039869930330819 0.0041194717281430775 -0.30873636656184172 1.1104880283684551 0.0014092396667470914 0.0074696459271216525 2.5625947355903973 -0.86919452661175001 0.0016585640722040918 0.0034190409572881493 0.46875000000000006 0.56625000000000003 2.4564214737292143 -0.80380824629383241
decision_type=8 8 10 10 10 8 10 10 10 10 10 10 10 10
left_child=2 3 8 9 12 7 -6 -3 -1 -2 -10 -5 -4 -7
right_child=1 5 4 11 6 13 -8 -9 10 -11 -12 -13 -14 -15
leaf_value=-0.018399295259415038 -0.0020006007677116273 0.0024101267533734303 -0.015388915891623226 0.0067886529455252389 -0.0052057522564355153 0.0087645722930857831 0.0075231256881499731 0.0075980776667129981 -0.013326172828289481 0.0011089771476404833 -0.0075535934615077833 0.00070714636085257912 -0.0002894636481898616 0.014516925168336763
leaf_weight=994.3065011203289 10490.192825645208 2122.5562699586153 742.56764069199562 2131.2406661808491 4322.7581027299166 480.67639595270157 277.2837043851614 6848.836393147707 1576.9061716496944 5908.690744176507 1250.2892199158669 781.2375616133213 57.543107062578201 1257.1663912236691
leaf_count=5506 43132 8793 3937 8632 19273 2256 1152 28924 7250 23794 5658 3162 269 6138
internal_value=-1.06512e-05 0.002694 -0.00881536 3.68845e-05 -0.00592492 0.00747531 -0.0044108 0.00638138 -0.012858 -0.000876537 -0.0108301 0.00518589 -0.014394 0.0130194
internal_weight=39242.3 30020.6 9221.65 19311.4 5400.15 10709.2 4600.04 8971.39 3821.5 16398.9 2827.2 2912.48 800.111 1737.84
internal_count=167876 124831 43045 78720 24631 46111 20425 37717 18414 66926 12908 11794 4206 8394
is_linear=0
shrinkage=0.03


Tree=54
num_leaves=15
num_cat=0
split_feature=2 2 2 1 2 1 1 1 1 3 2 2 2 1
split_gain=974.249 304.51 173.637 92.8712 80.1174 73.9014 57.2147 49.9277 31.6494 30.2438 29.927 18.4762 8.81395 6.29055
threshold=0.0027070756574095285 0.0041194717281430775 0.001719074333767883 -0.40724782905444784 0.0074696459271216525 1.3320348130530442 1.8913997938054929 -0.40724782905444784 -0.2782830318197243 0.43125000000000008 0.0034190409572881493 0.0012970047784985046 0.0036867912319779894 -0.75084218104496359
decision_type=8 8 10 10 8 10 10 10 10 10 10 10 10 8
left_child=2 5 8 9 7 10 -5 -3 -1 -4 -2 -10 -7 -6
right_child=1 4 3 6 13 12 -8 -9 11 -11 -12 -13 -14 -15
leaf_value=-0.017163397272165159 -0.0014212146700563189 0.0033108467988189599 -0.012640930639435631 -0.0036916059131073945 0.0093671535960897032 0.0049436348272625221 0.0051895215196212869 0.0079009123087822684 -0.014992902521422272 -0.0067142175966473832 0.0013848918217651807 -0.0080148101269301251 0.010192254295200072 0.014417439220077882
leaf_weight=1194.275472342968 7728.0984003841877 3762.5526470988989 1188.5510398447514 5382.6419644802809 476.89765870571136 1401.9411387443542 728.74386033415794 5175.2549655884504 578.37608340382576 2638.8425789326429 6111.8439319431782 1142.1331085264683 418.79866534471512 1237.5225870609283
leaf_count=6582 31439 15618 5381 23081 2241 5655 2956 22005 3074 11638 24621 5722 1717 6075
internal_value=-7.0907e-05 0.00323432 -0.00683905 -0.00493221 0.00714537 0.000567374 -0.00261604 0.0059812 -0.0132813 -0.00859847 -0.000177575 -0.0104684 0.00623275 0.0131099
internal_weight=39166.5 26312.9 12853.6 9938.78 10652.2 15660.7 6111.39 8937.81 2914.78 3827.39 13839.9 1720.51 1820.74 1714.42
internal_count=167805 109371 58434 43056 45939 63432 26037 37623 15378 17019 56060 8796 7372 8316
is_linear=0
shrinkage=0.03


Tree=55
num_leaves=15
num_cat=0
split_feature=0 0 0 0 1 1 0 0 1 0 1 3 3 3
split_gain=332.081 277.344 202.558 124.799 62.0761 59.1486 37.9044 33.1802 20.3172 18.2121 8.7912 5.99474 2.53373 1.72689
threshold=-0.0051556924144032226 0.0024332975816174665 -0.0010397748304740357 0.00079339463704917177 1.136812141233041 0.41941447679965133 -0.0097776924312434326 0.0060883274071632607 -0.15824222841507704 0.0047168589773173902 -0.58332325963757226 0.67875000000000008 0.52375000000000005 0.49125000000000002
decision_type=10 10 10 10 10 10 8 10 10 10 10 10 10 10
left_child=6 2 5 -4 7 -2 10 -3 12 -6 13 -10 -8 -1
right_child=1 4 3 -5 9 -7 8 -9 11 -11 -12 -13 -14 -15
leaf_value=0.012241551713947321 -7.8799775164784672e-05 0.0017620574519299982 -0.0058245625580178925 -0.00076588480022808073 0.0071469801748851106 0.0052118575968763273 0.0037799475411239391 0.0064094242219947979 0.012166334695572725 0.015517945508727824 0.018937523652332991 0.0016001508816265756 0.0072132720596212634 0.0040724003675179201
leaf_weight=124.39816372096539 6525.3286141306162 5239.0807739198208 11997.083825871348 6969.7212952971458 647.14616669714451 2661.5230626761913 721.93946126103401 1905.8443345874548 810.12515419721603 443.38615441322327 465.975799664855 68.950415253639221 410.51887005567551 78.127519801259041
leaf_count=592 27319 21689 53160 29549 2686 11065 3137 8130 3626 1946 2334 291 1736 356
internal_value=-2.78918e-05 -0.000781123 -0.00219904 -0.0039702 0.00405567 0.00145143 0.0101419 0.00301731 0.00795646 0.010715 0.0164155 0.0114324 0.0051293 0.00971239
internal_weight=39069.1 36389.1 28153.7 18966.8 8235.46 9186.85 2680.04 7144.93 2011.53 1090.53 668.501 879.076 1132.46 202.526
internal_count=167616 155544 121093 82709 34451 38384 12072 29819 8790 4632 3282 3917 4873 948
is_linear=0
shrinkage=0.03


Tree=56
num_leaves=15
num_cat=0
split_feature=2 2 2 2 0 0 0 0 3 0 0 2 0 3
split_gain=907.606 311.734 139.203 76.245 58.183 51.7205 46.1893 44.786 39.6976 30.4254 28.2793 27.4523 22.0038 3.76334
threshold=0.0034878767261754045 0.0022415236238326618 0.005292812870999245 0.0014982742317421387 -0.0012556167928797826 0.00038089203784715388 -0.00066482403446349364 0.0049741239461610241 0.60875000000000012 -0.0080447891194758668 0.00076532002641895751 0.0088198125431252512 0.00079339463704917177 0.41125000000000006
decision_type=8 10 8 10 10 10 10 10 10 10 10 8 10 10
left_child=1 3 7 10 9 -6 -5 8 -2 -3 -1 12 -4 -9
right_child=2 4 11 6 5 -7 -8 13 -10 -11 -12 -13 -14 -15
leaf_value=-0.017110061072658146 0.0036448626779148783 0.011176988557533594 0.0098954602243471572 -0.0030744595942228097 -0.0052256133564722151 -0.00097062878475087568 -0.0091044646434948473 0.014057473877501264 -0.0010559187512111312 0.0008412546711037206 -0.0067464404143101333 0.013707309888786122 0.0054510013214535231 0.008013299443142826
leaf_weight=1223.0353559404612 8106.6695468574762 266.74340324103832 2641.0942291915417 1652.7869420945644 4213.2150735855103 6701.8891979604959 4084.6783987134695 159.27037125825882 1991.2800486832857 3861.2496769875288 342.57148234546185 1039.4346270263195 1826.2839341908693 964.88304214179516
leaf_count=6790 32916 1099 11818 7415 17718 27573 19075 656 8049 15694 1797 5145 8030 4006
internal_value=4.838e-06 -0.00394887 0.00528892 -0.00903149 -0.00147304 -0.00262182 -0.00738622 0.00335845 0.00271182 0.00154903 -0.0149377 0.00919885 0.00810818 0.00903894
internal_weight=39075.1 22346.2 16728.9 7303.07 15043.1 10915.1 5737.47 11222.1 10097.9 4127.99 1565.61 5506.81 4467.38 1124.15
internal_count=167781 97161 70620 35077 62084 45291 26490 45627 40965 16793 8587 24993 19848 4662
is_linear=0
shrinkage=0.03


Tree=57
num_leaves=15
num_cat=0
split_feature=2 2 2 2 1 1 1 0 2 0 0 0 0 0
split_gain=818.675 319.577 132.721 99.3513 84.4939 73.4121 48.0653 34.5018 34.4092 32.0534 29.4099 25.3662 20.1334 16.0171
threshold=0.003599897591987184 0.0022811186681237655 0.005292812870999245 0.0014092396667470914 0.2991710790823468 -0.10759265303183205 -0.50513384952702223 0.005105434321112161 0.0088198125431252512 -0.0065479513879402066 0.0015777799649173017 0.010911171974009589 0.0025356404382680642 0.0013674571868498725
decision_type=8 10 8 10 10 10 10 10 10 10 10 10 10 8
left_child=1 3 6 10 -5 9 12 -7 13 -3 -1 -8 -2 -4
right_child=2 5 8 4 -6 7 11 -9 -10 -11 -12 -13 -14 -15
leaf_value=-0.017571905520552791 -0.00073075970511555122 0.0063369792585389276 0.00944142122022016 -0.0095372902254179728 -0.0023475053515113523 0.00053452207258487816 0.0045934023740519577 0.0089562975473655975 0.014513752747675662 -0.0033940344676348937 -0.0020276927602893308 0.017361721116623006 0.004301365243046344 0.0055891282443693967
leaf_weight=1172.6260578632355 2721.2783199101686 303.73615269362926 2832.7515442371368 4072.0993172824383 2352.3140321820974 7194.230201870203 6083.7544986605644 458.32505664229393 927.04595556855202 7911.8511105775833 133.581602409482 138.66130937635899 954.84883114695549 1729.3219974189997
leaf_count=6561 10990 1239 12659 19460 10334 29353 24872 1852 4625 32856 674 589 3855 7692
internal_value=1.54846e-05 -0.00349292 0.0053987 -0.00849155 -0.0069218 -0.0010501 0.0033089 0.00105778 0.00914346 -0.00301971 -0.0160553 0.00491496 0.000568146 0.00800969
internal_weight=38986.4 23598.8 15387.7 7730.62 6424.41 15868.1 9898.54 7652.56 5489.12 8215.59 1306.21 6222.42 3676.13 4562.07
internal_count=167611 102329 65282 37029 29794 65300 40306 31205 24976 34095 7235 25461 14845 20351
is_linear=0
shrinkage=0.03


Tree=58
num_leaves=15
num_cat=0
split_feature=0 0 1 0 1 1 0 3 1 0 3 1 3 1
split_gain=286.465 314.667 107.378 80.0828 61.4811 55.5494 49.194 38.1077 37.0755 18.7729 18.5686 17.6323 11.7802 5.61114
threshold=-0.0021033192375306078 0.0015393805891067537 0.41941447679965133 -0.0097776924312434326 1.136812141233041 2.8192056832459476 0.0086479515447942159 0.39125000000000004 0.65721629996608555 0.007112700550997453 0.30375000000000002 2.5625947355903973 0.54625000000000012 -0.46574804205549952
decision_type=10 10 10 10 10 10 10 8 10 10 8 10 8 8
left_child=3 2 7 12 6 -4 -3 -2 10 -6 -5 -10 -1 -14
right_child=1 4 5 8 9 -7 -8 -9 11 -11 -12 -13 13 -15
leaf_value=0.017168083216506622 -0.0086880745345345439 0.0010472163322246761 -0.0012398463326776935 0.012916275633148851 0.006731896015055569 0.0092250615589983924 0.0087014524668799706 -0.0044199820141343302 0.0070517382830768503 0.017423564545798562 0.0026556194659295273 0.018117820922773295 0 0.010648454889579334
leaf_weight=514.74517919123173 2335.9355784207582 9055.1791182458401 5789.015666782856 157.8542740046978 1452.6773122698069 485.00484046339989 819.1394419670105 10925.123587101698 1338.9672330319881 171.78920628130436 5563.3871468007565 150.31565435230732 64.116014152765274 118.35536198318005
leaf_count=2586 10836 37855 24701 674 6075 2018 3539 47887 5712 783 23432 650 297 591
internal_value=-3.41158e-05 -0.00133476 -0.003653 0.00505793 0.00259818 -0.00040793 0.00169642 -0.00518231 0.00409471 0.00799894 0.00297123 0.00832207 0.0147358 0.00702705
internal_weight=38941.6 31033.9 19535.1 7907.74 11498.8 6274.02 9874.32 13261.1 7210.52 1624.47 5721.24 1489.28 697.217 182.471
internal_count=167636 133694 85442 33942 48252 26719 41394 58723 30468 6858 24106 6362 3474 888
is_linear=0
shrinkage=0.03


Tree=59
num_leaves=15
num_cat=0
split_feature=2 2 2 1 1 1 2 2 1 2 2 2 1 2
split_gain=755.5 205.538 197.768 95.5764 59.1661 57.2204 43.0397 38.4611 32.1655 27.1759 23.9708 14.058 12.3199 10.4607
threshold=0.0030729163931431467 0.001867979531125979 0.0053927673544491841 -0.14820887064369262 1.3320348130530442 -0.11783368501460188 0.0037934352431188167 0.0024304647363403431 1.8913997938054929 0.0012970047784985046 0.0088198125431252512 0.001445588710339061 0.72349149943762492 0.0036867912319779894
decision_type=8 10 8 10 10 10 10 10 10 10 8 10 10 10
left_child=1 5 4 7 6 11 -2 -3 -5 -7 12 -1 -4 -6
right_child=2 3 10 8 13 9 -8 -9 -10 -11 -12 -13 -14 -15
leaf_value=-0.018776097813601646 -7.6374377042603747e-05 -0.0082314611146260385 0.0068347683053880713 -0.0012949323364710057 0.0045115151176823376 -0.013410376662649026 0.0031308111122477387 -0.0035133297546613672 0.0046859859673180262 -0.0051280069959378253 0.013100183489230765 -0.012430589297157773 0.011118355075630549 0.0092795061665230747
leaf_weight=669.69718754291534 7634.575361892581 2800.0268162786961 3269.8056423664093 5818.0856598168612 874.02974782884121 499.85976848006248 7353.0190686732531 3699.1618495881557 927.76264993846416 1439.0469303876162 1017.192273914814 1052.0812499970198 860.12243098020554 1010.9891662150621
leaf_count=3905 30918 12663 14542 24334 3537 2704 29974 15459 3745 7025 5104 5552 3996 4228
internal_value=4.65167e-05 -0.0047203 0.00370946 -0.00297055 0.00213184 -0.0110095 0.00149413 -0.00556477 -0.000457771 -0.00735188 0.00885522 -0.0150275 0.00776609 0.00713586
internal_weight=38925.5 16905.7 22019.7 13245 16872.6 3660.69 14987.6 6499.19 6745.85 1938.91 5147.12 1721.78 4129.93 1885.02
internal_count=167686 75387 92299 56201 68657 19186 60892 28122 28079 9729 23642 9457 18538 7765
is_linear=0
shrinkage=0.03


Tree=60
num_leaves=15
num_cat=0
split_feature=2 2 2 1 2 1 1 0 0 0 0 0 0 0
split_gain=712.377 279.398 119.461 92.6127 71.4197 64.3134 47.3811 46.5658 35.6411 33.6423 24.6194 19.6626 18.1777 15.0566
threshold=0.0024304647363403431 0.0041194717281430775 0.0016064990190196478 -0.14820887064369262 0.0074696459271216525 1.0852265344658598 0.72349149943762492 -0.0047907054333534817 -0.0010397748304740357 0.0011458993517102589 0.00071140188539852822 -0.0034608320513114669 0.0044720206500732931 0.0020612868340231642
decision_type=8 8 10 10 10 10 10 10 10 10 10 10 10 10
left_child=2 5 8 11 6 7 -3 -2 -1 -5 -10 -4 -7 -6
right_child=1 4 3 9 13 12 -8 -9 10 -11 -12 -13 -14 -15
leaf_value=-0.0026566389780351136 0.0051552752835490783 0.0038569944895184695 -5.4145591803264736e-05 -0.0038453954319018816 0.014089645434598109 0.0033589873938561568 0.0092353034115717197 -0.0012030578772168432 -0.017001452652549372 0.0025581220283428146 -0.0084292069319743639 -0.0095516550946244706 0.012475574449723243 0.0074172058272934356
leaf_weight=256.94488970935345 1101.5791273415089 7120.4367029517889 222.36176736652851 2759.6456699222326 1058.7179145663977 2697.5410216450691 1895.3329671323299 14911.757713675499 1420.8321494162083 987.2612866461277 464.26961241662502 3260.4372534155846 211.44140399992466 550.87519110739231
leaf_count=1310 4501 29997 957 12086 5268 10925 8264 60935 8167 4178 2460 15228 880 2734
internal_value=-0.000110732 0.00217379 -0.00731452 -0.00544358 0.00606433 -9.72078e-06 0.00500327 -0.000758971 -0.0135467 -0.00213986 -0.0149775 -0.00896435 0.00408266 0.011903
internal_weight=38919.4 29547.7 9371.75 7229.71 10625.4 18922.3 9015.77 16013.3 2142.05 3746.91 1885.1 3482.8 2908.98 1609.59
internal_count=167890 123504 44386 32449 46263 77241 38261 65436 11937 16264 10627 16185 11805 8002
is_linear=0
shrinkage=0.03


Tree=61
num_leaves=15
num_cat=0
split_feature=2 2 2 1 1 2 1 1 1 2 1 1 3 1
split_gain=692.943 227.367 145.149 78.4488 64.4801 37.9272 32.5466 30.6797 29.8207 25.5547 12.444 12.3337 11.273 7.88579
threshold=0.0027195488069857018 0.005292812870999245 0.0016226914765030776 -0.12806309473469035 1.2429795763090199 0.003599897591987184 -0.40724782905444784 1.5363672114169329 0.62538792622324701 0.0074696459271216525 3.4776108912586401 2.4564214737292143 0.68375000000000019 -0.69129435235077041
decision_type=8 8 10 10 10 10 10 10 10 10 10 10 10 10
left_child=2 3 8 5 6 -2 -4 -5 12 -3 -6 -10 -1 -11
right_child=1 9 4 7 10 -7 -8 -9 11 13 -12 -13 -14 -15
leaf_value=-0.015340211912827702 -0.0021673770228952025 0.006853748459863071 -0.0072191032456569134 0.0024393566661849025 0.00060016092795374398 0.0013969374634816977 -0.0035466731915969386 0.006716549431822697 -0.0086358761650139997 0.0077735650875661068 0.010764484236389203 0.0022458230238263403 -0.00018347309424271874 0.013098902558248544
leaf_weight=1550.5425206720829 5510.4209511876106 3841.1451436728239 4033.2187329977751 8006.9477674365044 1414.0120338499546 5209.5901079624891 5003.0095465630293 1890.8487688601017 563.56914933025837 493.70078602433205 109.48515985906124 97.842886373400688 53.962267369031906 1087.9757368713617
leaf_count=8958 22494 17010 18280 32604 5823 21069 21831 7760 2928 2379 445 464 305 5530
internal_value=-2.33149e-05 0.00278621 -0.00573006 0.00134333 -0.00423541 -0.000429952 -0.00519862 0.00326847 -0.0126199 0.0082485 0.00143517 -0.00692731 -0.0148719 0.0115336
internal_weight=38866.3 26040.6 12825.6 20617.8 10559.7 10720 9036.23 9897.8 2265.92 5422.82 1523.5 661.412 1604.5 1581.68
internal_count=167880 108846 59034 83927 46379 43563 40111 40364 12655 24919 6268 3392 9263 7909
is_linear=0
shrinkage=0.03


Tree=62
num_leaves=15
num_cat=0
split_feature=2 2 2 2 0 0 0 0 0 0 2 3 0 3
split_gain=682.446 220.743 124.601 72.3583 63.3445 49.3907 43.4397 33.0216 44.897 26.7327 26.0861 16.3916 13.1163 8.48114
threshold=0.0027070756574095285 0.0055675591397784992 0.0016809067096505068 0.0037934352431188167 0.0018979333651366708 -0.00048298222937755554 -0.0019364805331244593 -0.0011445930297114785 0.00079339463704917177 -0.011748775767563344 0.0088198125431252512 0.36875000000000008 -0.0041502997841843673 0.3887500000000001
decision_type=8 8 10 10 10 10 10 10 10 10 10 10 10 10
left_child=2 3 7 6 5 -4 -2 13 -9 -5 12 -6 -3 -1
right_child=1 10 4 9 11 -7 -8 8 -10 -11 -12 -13 -14 -15
leaf_value=0.0060198434839212039 0.0032278935717510791 0.010884244392259363 -0.0026663079463918665 0.017047322121940666 0.0093107837095334385 -0.0074028302864813109 -0.00092374075758939816 -0.015433414467334068 -0.0053388279611775854 0.0033468927375915722 0.013355524367226611 -0.00017224256769475771 0.0064288660152177508 -0.0049986377904681903
leaf_weight=75.887699902057648 2931.3374382853508 857.52625696361065 3546.6988579630852 123.15834625065327 170.27219910919666 4681.0474081933498 9898.8607551902533 1668.7162375450134 564.57712778449059 8603.3648847192526 902.25643111765385 1707.8714075386524 2893.8636148422956 204.99866703152657
leaf_count=381 11866 4245 15339 594 721 21155 40231 9613 2920 35264 4611 7123 12810 1043
internal_value=-1.30681e-05 0.00274495 -0.00574354 0.00146054 -0.00423964 -0.00537408 2.18926e-05 -0.011724 -0.0129434 0.00356641 0.00866588 0.000700468 0.0074895 -0.00171087
internal_weight=38830.4 26210.4 12620.1 21556.7 10105.9 8227.75 12830.2 2514.18 2233.29 8726.52 4653.65 1878.14 3751.39 280.886
internal_count=167916 109621 58295 87955 44338 36494 52097 13957 12533 35858 21666 7844 17055 1424
is_linear=0
shrinkage=0.03


Tree=63
num_leaves=15
num_cat=0
split_feature=0 0 1 0 0 1 0 1 0 0 3 3 1 3
split_gain=235.088 253.447 80.7417 63.5241 62.0206 57.9508 48.6123 38.3755 21.2492 20.7938 16.514 12.0848 10.3581 6.62143
threshold=-0.0023389976477505999 0.0015393805891067537 -0.53462929359071076 -0.00063944326381168524 -0.0080447891194758668 -0.45588390757371849 0.0086479515447942159 0.65721629996608555 -0.00043720626935942809 0.0043640406471981774 0.3987500000000001 0.37375000000000008 -0.48501021408862216 0.38125000000000003
decision_type=10 10 10 10 10 10 10 10 10 10 10 10 8 10
left_child=4 2 8 -4 12 9 -7 10 -2 -3 -6 -9 13 -1
right_child=1 5 3 -5 7 6 -8 11 -10 -11 -12 -13 -14 -15
leaf_value=0 -0.0036107073433957874 -0.0017604072994458039 0.0012215983743128775 -0.0031805000539418334 0.0061862191821869935 0.0034124680476155848 0.012543176933815134 0.016096020692073637 -0.0071141716887665081 0.0025632095016032727 0.0016101986844523433 0.0069947632132820658 0.013771621832244634 0.0089315592427893723
leaf_weight=84.062932923436165 2709.6533233523369 2807.6426884680986 4391.1973746269941 8855.8827872425318 879.49993535876274 6510.7831756472588 570.27915932238102 164.92115043103695 4126.9175630807877 1539.5064727067947 3961.3309182077646 1123.1231492459774 704.99832709133625 326.4968965947628
leaf_count=406 11839 11805 18633 39056 3766 27309 2546 721 18755 6478 16623 4809 3539 1508
internal_value=5.72402e-05 -0.0010618 -0.00309212 -0.00171693 0.00492789 0.00250057 0.00417293 0.00371709 -0.00574165 -0.000213096 0.00246499 0.00832134 0.0114346 0.00704682
internal_weight=38756.3 31511.9 20083.7 13247.1 7244.43 11428.2 7081.06 6128.88 6836.57 4347.15 4840.83 1288.04 1115.56 410.56
internal_count=167793 136421 88283 57689 31372 48138 29855 25919 30594 18283 20389 5530 5453 1914
is_linear=0
shrinkage=0.03


Tree=64
num_leaves=15
num_cat=0
split_feature=2 2 1 1 2 2 2 1 2 1 1 3 3 1
split_gain=664.097 251.385 96.1126 63.4892 52.1195 45.353 43.5463 41.2213 41.0601 19.5469 17.9519 16.6484 16.0178 8.53969
threshold=0.0024304647363403431 0.0046510927379661516 -0.14820887064369262 1.3320348130530442 0.0012970047784985046 0.0034190409572881493 0.0063816902915668086 2.005251759939529 0.0016585640722040918 2.0713031688565704 -0.30873636656184172 0.49375000000000008 0.56125000000000014 1.4661057356431304
decision_type=8 8 10 10 10 10 8 10 10 10 10 10 10 10
left_child=2 3 8 5 13 -2 9 -6 -1 -3 -8 -10 -5 -4
right_child=1 6 4 12 7 -7 10 -9 11 -11 -12 -13 -14 -15
leaf_value=-0.015345619434341082 -0.0013146166519428062 0.0044624813642627457 -0.015387022502748402 0.0065103615864447271 -0.0040481090359250757 0.0016207517834431213 0.0070020078991932921 0.0046010815904263752 -0.010078202115337814 0.014485076209229227 0.011710442494747644 -0.0054487204382472117 0.0011075015461336722 -0.0045782062457436611
leaf_weight=1075.2232945710421 10597.314349889755 4285.0801528692245 381.82582549750805 1835.5088934153318 3820.637126788497 8550.0967330932617 1543.6982818841934 554.98765259981155 2123.7619914710522 181.55752009153366 1731.445208132267 1217.4177039414644 719.77854730188847 112.9325547516346
leaf_count=6372 43676 18317 2186 7491 17344 34561 7147 2340 9969 808 8461 5607 2933 577
internal_value=4.18431e-05 0.00224977 -0.00694701 0.000590088 -0.0040077 -5.61664e-07 0.00688791 -0.00292941 -0.0101585 0.00491472 0.00953751 -0.00843057 0.00502211 -0.0131783
internal_weight=38731.3 29444.5 9286.79 21702.7 4870.38 19147.4 7741.78 4375.62 4416.4 4466.64 3275.14 3341.18 2555.29 494.758
internal_count=167789 123394 44395 88661 22447 78237 34733 19684 21948 19125 15608 15576 10424 2763
is_linear=0
shrinkage=0.03


Tree=65
num_leaves=15
num_cat=0
split_feature=2 2 2 0 0 2 0 3 0 0 0 0 0 0
split_gain=596.776 207.941 137.781 56.836 80.7129 48.4673 41.1784 37.2614 24.5434 32.3688 22.2145 15.7843 10.4559 10.2941
threshold=0.0027070756574095285 0.0042240118865713439 0.0016226914765030776 0.00087616433058625382 -0.0028051028737475108 0.0071915022378682041 -0.0047907054333534817 0.57125000000000015 -0.0010755043604371854 0.00065871034215193565 -0.0065479513879402066 0.0027063659757853818 -1.7328291806329057e-05 -0.009143318059400397
decision_type=8 8 10 10 10 8 10 10 10 10 10 10 10 10
left_child=2 6 8 4 -4 10 13 -8 -1 -10 -3 -5 -7 -2
right_child=1 5 3 11 -6 12 7 -9 9 -11 -12 -13 -14 -15
leaf_value=-0.0031915398865362751 0.012472980311157768 0.010409713149402965 0.0028239449501482371 -0.0022527893714700455 -0.0066620111029003903 0.012740639843818614 0.001057745201592879 -0.0022470722003740859 -0.015697165746716236 -0.0065287180718425816 0.0045043757503738322 0.0019546370351176392 0.0078467054596032312 0.004529374002457
leaf_weight=268.80264984071255 185.55389492213726 641.03455930948257 916.04051284492016 2085.27411057055 6051.6038401275873 957.85529939830303 10772.531541898847 4280.5288840830326 1418.7599337100983 519.70460374653339 7279.2120636403561 1279.8278408199549 978.13431723415852 987.15541958808899
leaf_count=1382 792 3124 3821 9246 27269 4933 43681 17357 8399 2809 30637 5304 4742 4037
internal_value=4.64062e-05 0.00263356 -0.00532765 -0.0038584 -0.00540403 0.00606869 0.000540761 0.000113127 -0.0121301 -0.013316 0.00500242 -0.000633778 0.0103519 0.00593183
internal_weight=38622 26082 12540 10332.7 6967.64 9856.24 16225.8 15053.1 2207.27 1938.46 7920.25 3365.1 1935.99 1172.71
internal_count=167533 109303 58230 45640 31090 43436 65867 61038 12590 11208 33761 14550 9675 4829
is_linear=0
shrinkage=0.03


Tree=66
num_leaves=15
num_cat=0
split_feature=0 0 1 0 1 0 0 1 0 1 1 3 1 0
split_gain=205.182 240.868 75.4194 67.3501 64.0531 57.4759 40.8081 36.7165 26.1787 15.8762 14.4859 10.812 7.30375 3.09214
threshold=-0.002276469726065006 0.0013334946151947159 1.8913997938054929 -0.0084981284614338171 -0.33830324058772726 -0.00050632814563715469 0.0092551009283870032 -0.13838632238430726 0.0031002019267661832 2.5625947355903973 2.8192056832459476 0.3987500000000001 -1.1651099638493381 -0.010703741393565216
decision_type=10 10 10 8 10 10 10 8 10 10 10 8 10 10
left_child=3 2 5 12 8 -2 -6 11 -3 -9 -4 -5 -1 -14
right_child=1 4 10 7 6 -7 -8 9 -10 -11 -12 -13 13 -15
leaf_value=0.0029997378516107395 -0.0014445599484258923 -0.0023986644266879597 0.0012985893903387695 0.0048945741127008491 0.0035559241040039589 -0.0049932894353969378 0.013023438226809759 0.0053940759703257459 0.0018167642170856993 0.015886309101771093 0.0078581357272297161 0.00055460204362444755 0.01525274874533598 0.0099200617031972322
leaf_weight=95.111725956201553 6757.1828808486462 2529.9763322770596 916.34613080322742 635.00334505736828 6608.5074487924576 10737.423429429531 435.32283033430576 2810.7787781953812 2758.2198750972748 136.71164573729038 469.41159620881081 2849.8332467228174 457.89547051489353 376.04283487796783
leaf_count=449 29160 10756 3861 2727 27816 48446 1966 12055 11563 601 1963 11966 2413 1770
internal_value=9.98264e-05 -0.000961463 -0.00309207 0.00460306 0.00229551 -0.00362765 0.00416717 0.00348776 -0.000189375 0.00595309 0.00360394 0.00137434 0.0121416 0.0130652
internal_weight=38573.8 31212.4 18880.4 7361.38 12332 17494.6 7043.83 6432.33 5288.2 2947.49 1385.76 3484.84 929.05 833.938
internal_count=167512 135531 83430 31981 52101 77606 29782 27349 22319 12656 5824 14693 4632 4183
is_linear=0
shrinkage=0.03


Tree=67
num_leaves=15
num_cat=0
split_feature=0 0 0 0 1 1 0 0 1 0 1 0 3 3
split_gain=201.661 146.193 127.663 88.502 54.4297 35.6766 21.5822 18.9318 14.7543 9.57891 8.08363 6.89913 4.08008 1.82137
threshold=-0.0051556924144032226 0.0027699166853085186 -0.0008856033047645388 0.00079339463704917177 0.043500492131758668 1.136812141233041 -0.010703741393565216 0.0055487076018163779 0.13296841381195748 0.0040642569748076439 -0.50513384952702223 -0.0080447891194758668 0.5787500000000001 0.48875000000000007
decision_type=10 10 10 10 10 10 10 10 10 10 8 10 10 10
left_child=6 2 4 -4 -2 7 10 -3 11 -7 13 -8 -10 -1
right_child=1 5 3 -5 -6 9 8 -9 12 -11 -12 -13 -14 -15
leaf_value=0.0093871066321465201 -0.00061511790912768024 0.0011287361431288952 -0.0047247359043629811 -0.00055489099320973683 0.0038962385228633509 0.0045101084420468866 0.0081375009424284588 0.0045770833182733148 0.011444956822426407 0.011262033700547288 0.01627975968429177 0.0031668258453263817 0.0044335323621980177 0.0015091278586608649
leaf_weight=107.90838117897511 5883.5015080422163 3978.5945239514112 10969.214926853776 7926.5887972563505 4040.1144415736198 370.26154053211212 380.25664699077606 2297.8322898894548 553.19100800156593 560.78326860070229 358.61001239717007 1007.414351195097 142.28765897452831 66.207364693284035
leaf_count=542 24914 16526 49682 33798 16975 1554 1744 9894 2568 2486 1950 4348 645 314
internal_value=7.93884e-06 -0.000575366 -0.00153256 -0.00297992 0.00121758 0.00324053 0.0080359 0.00240601 0.00654447 0.00871712 0.0135293 0.00462032 0.0101787 0.00696206
internal_weight=38642.8 36026.9 28819.4 18895.8 9923.62 7207.47 2615.88 6276.43 2083.15 931.045 532.726 1387.67 695.479 174.116
internal_count=167940 155829 125369 83480 41889 30460 12111 26420 9305 4040 2806 6092 3213 856
is_linear=0
shrinkage=0.03


Tree=68
num_leaves=15
num_cat=0
split_feature=2 2 2 1 1 1 3 1 3 3 1 2 3 3
split_gain=551.517 191.154 102.788 78.402 59.3188 44.4969 35.0699 33.0327 28.2381 23.087 22.1362 17.397 9.68234 8.79446
threshold=0.0034878767261754045 0.0023069954082973669 0.0061243861919275519 -0.40724782905444784 -0.32833771128418837 2.5625947355903973 0.59875000000000012 -0.50513384952702223 0.43625000000000008 0.60875000000000012 2.5625947355903973 0.0088198125431252512 0.72125000000000006 0.62375000000000014
decision_type=8 10 8 10 10 10 10 10 10 10 10 10 10 8
left_child=1 3 7 8 12 -5 -6 9 -1 -2 -9 13 -3 -4
right_child=2 4 11 5 6 -7 -8 10 -10 -11 -12 -13 -14 -15
leaf_value=-0.013731191052870033 0.0019811431632053077 -0.0033984874947510209 0.0065665565111155313 -0.0051375411317970687 0.0018344777018776785 0.0067354996267564452 -0.0028223633428404124 0.0037986895186741987 -0.0075724832748701038 -0.0033235013995210473 0.011913555913497752 0.012447931761529576 0.0027140511868642895 0.011602246927073279
leaf_weight=1438.0249370783567 3892.2569878697395 5861.1337971836329 2372.9933097660542 4638.5020996928215 6260.779447004199 289.88239480555058 1878.7265903502703 7759.9209194034338 1476.6593311727047 894.9279473721981 315.76916272938251 891.46545635163784 224.77654753625393 425.78481817245483
leaf_count=7536 15889 24514 10953 22224 25638 1250 7711 32198 7426 3633 1340 4651 945 2034
internal_value=0.000104056 -0.00299865 0.00424349 -0.00675695 -0.000919035 -0.00441481 0.000750099 0.00296593 -0.0106681 0.000972112 0.00413775 0.00866038 -0.0031588 0.00739259
internal_weight=38621.6 22068.5 16553.1 7843.07 14225.4 4928.38 8139.51 12862.9 2914.68 4787.18 8075.69 3690.24 6085.91 2798.78
internal_count=167942 97244 70698 38436 58808 23474 33349 53060 14962 19522 33538 17638 25459 12987
is_linear=0
shrinkage=0.03


Tree=69
num_leaves=15
num_cat=0
split_feature=2 2 2 0 0 0 0 3 0 0 2 2 0 3
split_gain=502.765 181.099 88.2629 55.1002 54.1549 50.0947 46.5241 27.8958 23.5509 20.5441 18.896 16.2855 10.7709 10.3519
threshold=0.0034190409572881493 0.001907142958340269 0.0053927673544491841 -0.0012556167928797826 0.00038089203784715388 0.00093289548222463218 -0.00066482403446349364 0.60875000000000012 -0.0080447891194758668 -0.0062679720304125762 0.0038915564186724851 0.0088198125431252512 0.00079339463704917177 0.36875000000000008
decision_type=8 10 8 10 10 10 10 10 10 10 10 10 8 10
left_child=1 5 7 8 -5 6 -1 9 -3 -2 -9 12 -4 -7
right_child=2 3 11 4 -6 13 -8 10 -10 -11 -12 -13 -14 -15
leaf_value=-0.0046612628359211199 0.0091363773480909634 0.0097063063569340774 0.0075987802965227476 -0.0051668880696422942 -0.0011908501193090019 0.0039896063960573975 -0.013420322815087342 -0.003357463131032583 0.00044071272513313329 0.0027692306755748913 0.0018712132770738186 0.01091552610755581 0.0043242882205470822 -0.0043404397824903058
leaf_weight=792.70786790549755 482.10005556046963 253.39899723231792 2399.2020979523659 5272.9161970019341 7548.7695562392473 144.5865970402956 2064.6045818328857 1108.2693040668964 4342.138608455658 9376.3896945416927 1382.3164853900671 887.08570608496666 1729.7817182391882 821.72874158620834
leaf_count=4076 2160 1056 11086 22884 31613 717 11771 4475 17880 38167 5647 4661 7853 4006
internal_value=-3.10081e-05 -0.00312739 0.00375262 -0.0018226 -0.00283342 -0.009035 -0.0110359 0.00237881 0.000984613 0.00309562 -0.000435589 0.00711142 0.00625523 -0.00300449
internal_weight=38606 21240.9 17365.1 17417.2 12821.7 3823.63 2857.31 12349.1 4595.54 9858.49 2490.59 5016.07 4128.98 966.315
internal_count=168052 94003 74049 73433 54497 20570 15847 50449 18936 40327 10122 23600 18939 4723
is_linear=0
shrinkage=0.03


Tree=70
num_leaves=15
num_cat=0
split_feature=2 2 2 1 1 1 2 0 0 0 0 0 1 0
split_gain=485.029 149.914 122.278 84.3315 53.8984 43.52 35.3474 34.1634 29.8592 29.7635 28.532 26.857 24.3727 23.7264
threshold=0.0030729163931431467 0.001907142958340269 0.0046186317142745221 -0.46574804205549952 0.27361477342269752 0.054087385314740145 0.0071915022378682041 -0.00066482403446349364 0.0047168589773173902 0.0030305325383313485 -0.0065479513879402066 -0.0012954243712309228 -0.40724782905444784 0.0012373289577195512
decision_type=8 10 8 10 10 10 8 10 10 10 10 10 10 10
left_child=1 4 5 10 9 13 12 -5 -7 -1 -3 -6 -4 -2
right_child=2 3 6 7 11 8 -8 -9 -10 -11 -12 -13 -14 -15
leaf_value=-0.012959557336346251 -0.0013884775155229468 0.010627806433161271 0.0024198460211105502 0.0022641858386610739 0.0072367560339801481 0.0024712941359034271 0.0094551890879517753 -0.0018616665240806078 0.0098751362009032347 0.00037585318089173626 -0.005901175469300593 -0.0059475755772384524 0.0063718882797074378 0.0019818237283147793
leaf_weight=2142.2804009914398 5335.934838950634 84.588664248585701 2527.1840481460094 2669.9547511339188 142.35600388050079 5248.2192804813385 1918.4282446205616 5498.1985684633255 541.37963755428791 151.9970645904541 4581.7143694013357 1358.4220186918974 3399.1537403315306 2884.5697087794542
leaf_count=12292 21674 345 10736 11096 641 21328 9745 23275 2272 689 20095 6874 15009 11624
internal_value=-5.03017e-05 -0.00391151 0.00288542 -0.00235259 -0.00914782 0.00119923 0.00588382 -0.000504578 0.0031898 -0.0120522 -0.00556663 -0.00461764 0.00470363 -0.00019758
internal_weight=38484.4 16629.5 21854.9 12834.5 3795.06 14010.1 7844.77 8168.15 5789.6 2294.28 4666.3 1500.78 5926.34 8220.5
internal_count=167695 75307 92388 54811 20496 56898 35490 34371 23600 12981 20440 7515 25745 33298
is_linear=0
shrinkage=0.03


Tree=71
num_leaves=15
num_cat=0
split_feature=2 2 1 2 1 0 0 0 2 0 1 0 0 0
split_gain=478.805 202.573 82.8434 64.8577 51.5029 51.1889 68.7386 37.0603 32.5469 27.8012 16.4695 10.6889 8.97616 5.93257
threshold=0.0024039869930330819 0.0037934352431188167 -0.43610339862533021 0.0061243861919275519 2.5625947355903973 0.0017343141189097124 -0.00066482403446349364 -0.0037312769321812271 0.001867979531125979 -0.0062679720304125762 -0.75084218104496359 0.00096216234887393909 0.0052497230220488293 0.0055487076018163779
decision_type=8 8 10 10 10 10 10 10 10 10 10 10 10 10
left_child=2 4 8 9 7 6 -4 -2 11 -3 -5 -1 -10 -7
right_child=1 3 5 10 -6 13 -8 -9 12 -11 -12 -13 -14 -15
leaf_value=-0.015707298837236053 0.0034839816642847454 0.0094323744161477745 0 0.0046439762649097306 0.0092605108930231411 0.0013901642560253842 -0.0077156818137735445 -0.0012424374867195677 -0.0079541147411951174 0.0028137195932607336 0.0093543256775699343 -0.0079428258758409281 0.0021301265544001091 0.0088855172808359646
leaf_weight=920.20950929820538 1653.0699864029884 612.40071411430836 1524.8254643082619 1037.025607585907 466.30433917045593 830.19204731285572 3222.503601834178 14246.145268291235 1905.8354462236166 9065.6223822832108 2514.5773762017488 277.55769640207291 69.290943443775177 104.79583713412285
leaf_count=5574 6746 2904 6855 4806 1891 3601 16045 58530 8910 37438 12305 1449 289 428
internal_value=-5.25914e-05 0.00177731 -0.00617022 0.00453676 -0.000451127 -0.00397296 -0.00523894 -0.000745371 -0.0100616 0.00324803 0.00801271 -0.0140384 -0.00756117 0.00237889
internal_weight=38450.4 29595.1 8855.21 13229.6 16365.5 5682.32 4747.33 15899.2 3172.89 9678.02 3551.6 1197.77 1975.13 934.988
internal_count=167771 124620 43151 57453 67167 26929 22900 65276 16222 40342 17111 7023 9199 4029
is_linear=0
shrinkage=0.03


Tree=72
num_leaves=15
num_cat=0
split_feature=2 2 2 0 0 0 0 3 0 0 2 3 2 3
split_gain=417.543 166.915 65.1671 57.1238 47.8173 41.6107 47.117 35.3977 21.2949 16.7289 16.2503 12.7213 11.1289 9.42783
threshold=0.0034878767261754045 0.001907142958340269 0.0055675591397784992 -0.0013733188010398056 0.00038089203784715388 0.00093289548222463218 -0.0015685262580415363 0.60875000000000012 -0.0065479513879402066 -0.0051556924144032226 0.0088198125431252512 0.63875000000000004 0.0016064990190196478 0.59375000000000011
decision_type=8 10 8 10 10 10 10 10 10 10 10 10 10 8
left_child=1 5 7 8 -5 6 -1 9 -3 -2 13 -9 -7 -4
right_child=2 3 10 4 -6 12 -8 11 -10 -11 -12 -13 -14 -15
leaf_value=0.00056984925334308846 0.0075869870233305214 0.0073267185369319393 0.00491925950882447 -0.004527681924820697 -0.00092051371236564659 -0.0068946388266029144 -0.011605786183249147 -0.00481367191443561 0.00068860857866540634 0.0028939418872757942 0.010531859168530167 0.00037454097303026278 -0.00018862806995583064 0.0088481677479017012
leaf_weight=311.20248295366764 757.40655159950256 481.39176100492477 2896.0505469143391 5745.7639210522175 7916.9822582453489 368.44387426972389 2505.1217307597399 544.42149302363396 4125.4304878860712 8858.4283946454525 861.42261067032814 1753.3307167738676 589.86224117875099 771.81949524581432
leaf_count=1524 3383 1991 13412 24914 33144 1986 14332 2224 16974 36145 4581 7152 2727 3607
internal_value=3.50974e-05 -0.00266156 0.00365344 -0.00146881 -0.00244407 -0.00839958 -0.0102419 0.00247733 0.00140962 0.00327733 0.00672153 -0.000844269 -0.00287346 0.00578413
internal_weight=38487.1 22044.2 16442.9 18269.6 13662.7 3774.63 2816.32 11913.6 4606.82 9615.83 4529.29 2297.75 958.306 3667.87
internal_count=168096 97592 70504 77023 58058 20569 15856 48904 18965 39528 21600 9376 4713 17019
is_linear=0
shrinkage=0.03


Tree=73
num_leaves=15
num_cat=0
split_feature=0 0 1 0 1 0 0 1 0 3 3 0 3 3
split_gain=158.678 157.036 63.6027 52.7737 45.785 41.6566 33.4188 29.945 27.9758 17.1984 14.3777 11.7673 2.5819 1.29488
threshold=-0.002276469726065006 0.0013334946151947159 0.27361477342269752 -0.0097776924312434326 1.7430398526547062 -0.00063944326381168524 0.0055487076018163779 0.65721629996608555 -0.00043720626935942809 0.32875000000000004 0.37625000000000003 0.0039715153762893115 0.53125000000000011 0.3262500000000001
decision_type=10 10 10 8 10 10 10 10 10 8 10 10 10 10
left_child=3 2 8 12 6 -4 -3 9 -2 -5 -9 -6 13 -1
right_child=1 4 5 7 11 -7 -8 10 -10 -11 -12 -13 -14 -15
leaf_value=0.0057917100890271514 -0.0021488547269730711 0.00041472699522120474 0.0030566777021688255 0.01017147984842766 0.0057479482223735737 -0.0019072149866126977 0.0043793331962363753 0.014852326824408906 -0.0051342706031612178 0.0018231291741162183 0.00578691481475954 0.01378719752263053 0.0072111370243759087 0.014581094483598404
leaf_weight=59.699635446071625 4944.4506288319826 8999.7094649523497 2255.8050257712603 227.12565675377846 606.8312774002552 4610.1594077497721 2436.7406185567379 193.92021812498569 6951.6282337754965 5083.7888390719891 1182.5164466351271 264.48206442594528 156.74598097801208 412.33978664875031
leaf_count=318 21758 37912 9497 984 2528 20210 10608 872 32140 21695 5151 1183 791 2220
internal_value=8.80029e-05 -0.000846645 -0.00257484 0.00406115 0.00178291 -0.000265534 0.00126779 0.00325625 -0.00390131 0.00220987 0.00720529 0.00838505 0.0123426 0.0137372
internal_weight=38385.9 31069.8 18762 7316.14 12307.8 6865.96 11436.5 6687.35 11896.1 5310.91 1376.44 871.313 628.785 472.039
internal_count=167867 135836 83605 32031 52231 29707 48520 28702 53898 22679 6023 3711 3329 2538
is_linear=0
shrinkage=0.03


Tree=74
num_leaves=15
num_cat=0
split_feature=2 2 2 1 1 3 2 1 2 1 3 2 2 1
split_gain=439.096 127.715 86.7639 61.9651 56.0806 35.7941 31.1588 30.2619 18.186 16.5608 13.3112 11.5757 11.5304 9.9139
threshold=0.0027070756574095285 0.005292812870999245 0.0016064990190196478 0.28617163193749967 1.3320348130530442 0.42125000000000007 0.0037934352431188167 1.2429795763090199 0.0088198125431252512 1.8358038992683958 0.67375000000000018 0.0036867912319779894 0.0011258670578612672 -0.42684669377188705
decision_type=8 10 10 10 8 10 8 10 10 10 10 8 10 10
left_child=2 4 7 5 6 -4 -2 12 10 -5 -3 -6 -1 -10
right_child=1 8 3 9 11 -7 -8 -9 13 -11 -12 -13 -14 -15
leaf_value=-0.017267942838331961 -0.00045237164775584199 0.0051516874125769573 -0.0088874818826088393 -0.0015788961871858942 0.003535278633163403 -0.0039289033781637955 0.0020737277908952989 -0.0017410815033002014 0.0060347266629977164 0.0032008371475494121 0.014793132607615351 0.0079509759943410547 -0.010485536262954754 0.013254641623435974
leaf_weight=358.17123551666737 11334.115830034018 4205.8818553388119 1871.2759832590818 2955.683360978961 1396.3197043538094 4744.150679692626 7138.6456159949303 322.11375084519386 361.49012517929077 822.07245446741581 133.94214455783367 983.92834393680096 1318.4874836653471 502.10811004042625
leaf_count=2225 46156 19285 8928 12678 5662 21476 29276 1662 1856 3369 642 4201 7995 2779
internal_value=-7.06829e-05 0.00213857 -0.00471888 -0.00360251 0.00108455 -0.00535187 0.000521166 -0.010447 0.00634092 -0.00051724 0.00549637 0.00541133 -0.0120638 0.0104048
internal_weight=38448.4 26056.4 12392 10393.2 20853 6615.43 18472.8 1998.77 5203.42 3777.76 4339.82 2380.25 1676.66 863.598
internal_count=168190 109857 58333 46451 85295 30404 75432 11882 24562 16047 19927 9863 10220 4635
is_linear=0
shrinkage=0.03


Tree=75
num_leaves=15
num_cat=0
split_feature=0 0 1 0 1 0 0 0 1 3 0 3 1 3
split_gain=151.632 123.741 77.6474 57.3166 48.9844 28.2484 25.7343 20.5406 16.8359 11.6982 9.43759 8.84015 4.49272 3.34504
threshold=-0.0040383072127532548 0.0024332975816174665 -0.52443853083944691 -0.00063944326381168524 1.2148960868044945 -0.009143318059400397 -0.0021620054029895387 0.0086479515447942159 -0.11783368501460188 0.57625000000000004 0.0044720206500732931 0.3987500000000001 -0.53462929359071076 0.38375000000000009
decision_type=10 10 10 10 10 8 10 10 8 10 10 8 10 10
left_child=5 2 6 -4 7 12 -2 -3 11 -10 -6 -7 13 -1
right_child=1 4 3 -5 10 8 -8 -9 9 -11 -12 -13 -14 -15
leaf_value=0 -8.4651356406853655e-05 0.0011262542759470971 0.0017924476332573307 -0.0017794249755619209 0.0059101676709744245 0.0065188459257142888 -0.0045471512388922221 0.0061957555849289419 0.0083089869762547411 0.0010000316329367661 0.012427093583939921 0.0011595024672472691 0.012730902319812639 0.0085565436541947537
leaf_weight=64.941899999976158 1401.0232886821032 6306.8007782250643 6417.4156637340784 10860.528900757432 546.80652678012848 352.31250537931919 7746.6613281071186 813.44721753895283 1046.8865583986044 269.66642662882805 422.19374907016754 1401.7867483794689 499.13611772656441 199.12628142535686
leaf_count=328 5875 26515 27279 47993 2302 1544 35012 3602 4737 1184 1920 5992 2699 970
internal_value=-1.08634e-05 -0.000641703 -0.00163691 -0.000449011 0.00259999 0.00563965 -0.00387108 0.00172171 0.00429784 0.00687597 0.00890881 0.00230079 0.0108352 0.00669935
internal_weight=38348.7 34514.9 26425.6 17277.9 8089.25 3833.86 9147.68 7120.25 3070.65 1316.55 969 1754.1 763.204 264.068
internal_count=167952 150498 116159 75272 34339 17454 40887 30117 13457 5921 4222 7536 3997 1298
is_linear=0
shrinkage=0.03


Tree=76
num_leaves=15
num_cat=0
split_feature=2 2 2 0 0 0 0 0 3 0 2 3 0 0
split_gain=393.41 144.527 69.5424 53.9864 50.4475 49.0618 45.6889 27.3068 25.6826 20.6844 12.3998 11.6233 10.5132 10.4428
threshold=0.0034190409572881493 0.001907142958340269 0.0053927673544491841 -0.0012556167928797826 0.00038089203784715388 0.00093289548222463218 -0.00066482403446349364 0.0049741239461610241 0.60875000000000012 -0.0080447891194758668 0.0093635765090480435 0.36875000000000008 0.0099498557420046041 0.0099498557420046041
decision_type=8 10 10 10 10 10 10 10 10 8 10 10 10 10
left_child=1 5 7 9 -5 6 -1 8 -2 -3 12 -7 -4 -12
right_child=2 3 10 4 -6 11 -8 -9 -10 -11 13 -13 -14 -15
leaf_value=-0.0037736995142958266 0.0024545614129814482 0.0095069260845706306 0.0054399772631645868 -0.0048044867621075049 -0.00095718419923035869 0.0055482345839912772 -0.012476793679616946 0.0063640981330781556 -0.0011350643268264531 0.00073136732841166854 0.011296550120066636 -0.0034637475183461127 0.014025900141479506 -0.00055455438822891057
leaf_weight=790.7299248278141 8821.9992086738348 248.18793453276157 3969.034764289856 5224.361333116889 7546.2926970422268 139.50154341757298 1992.5609262287617 1283.1641212999821 2219.3777229338884 4377.9058041274548 669.40124610066414 803.75289304554462 137.50491555035114 62.609380483627319
leaf_count=4124 36120 1042 18442 22831 31699 695 11736 5435 9013 18050 3605 3968 662 352
internal_value=5.25777e-05 -0.00268647 0.00342672 -0.00153144 -0.0025383 -0.00804391 -0.0100481 0.00221962 0.00172722 0.00123461 0.0064781 -0.00202377 0.00577542 0.0102082
internal_weight=38286.4 21123.3 17163.1 17396.7 12770.7 3726.55 2783.29 12324.5 11041.4 4626.09 4838.55 943.254 4106.54 732.011
internal_count=167774 94145 73629 73622 54530 20523 15860 50568 45133 19092 23061 4663 19104 3957
is_linear=0
shrinkage=0.03


Tree=77
num_leaves=15
num_cat=0
split_feature=2 2 1 1 2 1 3 2 3 1 2 2 2 1
split_gain=363.721 150.981 76.0184 54.4377 48.3781 36.6328 29.3848 28.9155 24.0811 20.897 19.8565 18.6354 18.1444 8.65318
threshold=0.0024039869930330819 0.0041194717281430775 0.28617163193749967 0.44741275301483524 0.0016064990190196478 -0.32833771128418837 0.43875000000000003 0.0012970047784985046 0.61625000000000008 1.9505640182238675 0.005292812870999245 0.0061243861919275519 0.0032794510662527919 -1.1941445461649949
decision_type=8 8 10 10 10 8 10 10 10 10 10 8 10 10
left_child=2 3 4 12 13 10 -6 -4 -5 -9 -3 -7 -2 -1
right_child=1 5 7 8 6 11 -8 9 -10 -11 -12 -13 -14 -15
leaf_value=-0.019047070293106937 -0.0019004586783241714 0.00066498051892114175 -0.0097440381576281224 0.0035552114901086155 -0.0087564811189366643 0.0049705847087919046 -0.0036415808500424233 -0.001859193756978619 -0.0013816631007158128 0.004491699512092189 0.0045927229468696743 0.0087175688358934952 0.00030165670858255122 -0.011222047686435409
leaf_weight=207.23624129593372 7322.6470983177423 2337.3262590616941 341.64251436293125 4600.5078763216734 1828.0931958854198 3682.2995215505362 2442.9847908914089 2379.6159948706627 1076.3249375075102 566.65906664729118 2377.4910437762737 1940.5093471258879 6147.7429730296135 988.08525025844574
leaf_count=1348 30548 9560 1948 18752 8936 15789 11481 10782 4387 2412 10923 9792 24864 6243
internal_value=0.000128889 0.00172488 -0.00523546 0.000143681 -0.00740381 0.00464479 -0.0058602 -0.00160071 0.00260785 -0.000606364 0.00266381 0.00628755 -0.000891507 -0.0127752
internal_weight=38239.2 29484.8 8754.32 19147.2 5466.4 10337.6 4271.08 3287.92 5676.83 2946.28 4714.82 5622.81 13470.4 1195.32
internal_count=167765 124615 43150 78551 28008 46064 20417 15142 23139 13194 20483 25581 55412 7591
is_linear=0
shrinkage=0.03


Tree=78
num_leaves=15
num_cat=0
split_feature=2 2 2 1 2 1 1 1 1 1 3 1 3 2
split_gain=358.921 106.788 94.4827 65.5104 45.3792 36.5539 27.3409 27.2414 24.7583 23.0917 18.0362 13.6762 10.308 7.07099
threshold=0.0027070756574095285 0.0036867912319779894 0.0016064990190196478 -0.40724782905444784 0.0071915022378682041 -0.49460436680421732 -0.40724782905444784 2.9892386251955929 0.087567537746760585 2.4564214737292143 0.43125000000000008 2.4564214737292143 0.51375000000000004 0.0030863654409954808
decision_type=8 8 10 10 10 10 10 10 10 10 10 10 10 10
left_child=2 5 8 10 6 13 -3 -5 12 -7 -4 -10 -1 -2
right_child=1 4 3 7 -6 9 -8 -9 11 -11 -12 -13 -14 -15
leaf_value=-0.014721346699119384 -0.0038176111568209701 0.0015201375771635689 -0.0089598340743785691 -0.0014457022321281835 0.008394435500345878 0.00088189762125033143 0.004418061338256076 0.0093324524261943088 -0.0075792406458756924 0.0086002273912967712 -0.0045034282435619964 0.0036756388144953333 -0.0055721655206266143 -0.0012370993989994276
leaf_weight=875.21482376754284 1560.0705981552601 5117.8200479596853 1292.6830780357122 6233.2245970517397 1758.9084379523993 7148.5844407975674 7152.0228036791086 207.34617991745472 831.63997733592987 359.84914155304432 2624.4973472058773 96.242526188492775 171.7796586304903 2760.1541410088539
leaf_count=5645 6454 21280 6276 27314 9165 29044 30611 846 4722 1463 12050 470 1114 11250
internal_value=9.61459e-05 0.0021061 -0.00411148 -0.00295084 0.00387543 1.10234e-06 0.00321643 -0.00107548 -0.010123 0.00127073 -0.00600841 -0.00632114 -0.0133439 -0.00218946
internal_weight=38190 25857.4 12332.6 10357.8 14028.8 11828.7 12269.8 6440.57 1974.88 7508.43 3917.18 927.883 1046.99 4320.22
internal_count=167704 109267 58437 46486 61056 48211 51891 28160 11951 30507 18326 5192 6759 17704
is_linear=0
shrinkage=0.03


Tree=79
num_leaves=15
num_cat=0
split_feature=2 2 1 2 1 2 1 3 1 3 2 3 2 1
split_gain=314.462 128.707 61.5318 47.0624 45.8327 37.4807 26.7225 25.2347 25.0142 19.9966 15.9437 13.707 13.3767 6.59453
threshold=0.0024039869930330819 0.0037934352431188167 -0.18847860216692561 0.0080722935438988647 1.2429795763090199 0.0014092396667470914 -0.81399674079190165 0.49375000000000008 3.4776108912586401 0.59875000000000012 0.001445588710339061 0.56625000000000003 0.0020032689886634769 1.4661057356431304
decision_type=8 8 10 10 10 10 8 10 10 10 10 10 10 10
left_child=2 4 7 6 9 13 -3 10 -7 -2 -1 -6 -9 -4
right_child=1 3 5 -5 11 8 -8 12 -10 -11 -12 -13 -14 -15
leaf_value=-0.01513979169717744 -0.00032000569961517373 0.00067696052064919357 -0.011010623236916133 0.0096214444740092692 0.0051804006745775483 -0.0019696428938098696 0.0039473043579002056 -0.0080065276205355928 0.013753033276613633 -0.0030180849656874422 -0.0083894850605604355 -0.00010853000776891945 -0.0017286141009194463 -0.0030505017937670731
leaf_weight=420.43005114793777 11060.34425586462 3073.7424304485321 504.51685693860054 1097.9804635792971 1584.0880931913853 3984.995087236166 8927.3941151946783 528.80436035990715 82.486838430166245 3200.4816442877054 2186.5660761445761 578.75015836954117 797.33337946236134 154.13426101207733
leaf_count=2766 45554 12884 3064 5963 6443 18170 38528 3020 345 13196 11040 2350 3675 810
internal_value=-1.74954e-05 0.00145562 -0.00504273 0.00367275 -0.000310215 -0.00270739 0.00311596 -0.00781972 -0.00160313 -0.000931416 -0.00955473 0.00374355 -0.00431806 -0.00931105
internal_weight=38182 29522.8 8659.27 13099.1 16423.7 4726.13 12001.1 3933.13 4067.48 14260.8 2607 2162.84 1326.14 658.651
internal_count=167808 124918 42890 57375 67543 22389 51412 20501 18515 58750 13806 8793 6695 3874
is_linear=0
shrinkage=0.03


Tree=80
num_leaves=15
num_cat=0
split_feature=0 0 0 0 1 0 1 1 0 3 0 3 3 1
split_gain=118.377 135.655 68.4193 47.9649 46.7068 33.2158 29.4285 23.8933 21.8264 21.065 15.171 10.6715 4.11644 3.23418
threshold=-0.002276469726065006 0.0013334946151947159 -0.00043720626935942809 0.00038089203784715388 0.2496979714437132 -0.0097776924312434326 2.5625947355903973 0.3250001939790193 0.0030305325383313485 0.3987500000000001 0.0048440696736161692 0.53125000000000011 0.38625000000000004 -0.2782830318197243
decision_type=8 8 10 10 10 10 10 10 10 10 10 10 10 10
left_child=5 2 7 -4 10 11 9 -2 -6 -7 -3 12 -1 -13
right_child=1 4 3 -5 8 6 -8 -9 -10 -11 -12 13 -14 -15
leaf_value=0.0072582095638629085 -0.0014085414496452708 -0.00051296859276738968 -0.0057810012846144336 -0.0017932403856208343 0.0019252949299959274 0.0060494143260214689 0.016137395978090965 0.002132875936370611 0.0062518581694077898 0.0016703096422457258 0.0023977098875347818 -0.0014392645629124391 0.014875527172909981 0.0064992546857933287
leaf_weight=174.57670806348324 5026.6682339906693 5751.504904255271 5808.4519342780113 5217.5084644109011 2103.0340083837509 1234.8066174834967 138.34079940617085 2585.23200930655 2221.3808146715164 5278.5045029520988 2219.6678302586079 72.482163518667221 292.07405069470406 77.165153086185455
leaf_count=976 22249 24428 27124 23272 8823 5445 625 10984 9683 22595 9522 352 1588 411
internal_value=2.92593e-05 -0.000778859 -0.00239329 -0.00390276 0.0016634 0.00347332 0.00283378 -0.000196676 0.00417092 0.00251771 0.000292015 0.0101246 0.0123638 0.00242907
internal_weight=38201.4 30933.4 18637.9 11026 12295.6 7267.95 6651.65 7611.9 4324.41 6513.31 7971.17 616.298 466.651 149.647
internal_count=168077 136085 83629 50396 52456 31992 28665 33233 18506 28040 33950 3327 2564 763
is_linear=0
shrinkage=0.03


Tree=81
num_leaves=15
num_cat=0
split_feature=2 2 1 2 2 1 1 3 1 2 1 1 1 2
split_gain=307.653 123.66 64.1007 54.1923 52.1814 30.6551 23.7691 21.1364 19.1416 14.2493 13.1108 8.78448 7.2836 4.49447
threshold=0.003599897591987184 0.0016064990190196478 1.0852265344658598 0.0024304647363403431 0.0061243861919275519 2.4564214737292143 2.0713031688565704 0.48375000000000007 2.5625947355903973 0.0088198125431252512 -1.3837394796197677 -0.90248858402563081 -0.30873636656184172 0.0039478601575500165
decision_type=8 10 10 10 8 10 10 10 10 10 10 8 10 10
left_child=1 5 3 -3 6 10 7 -2 -4 11 -1 -6 -11 -8
right_child=4 2 8 -5 9 -7 13 -9 -10 12 -12 -13 -14 -15
leaf_value=-0.019757470066665651 0.00331688670023276 -0.0045554509986741164 0.0011702779277819664 -0.0010130915778092005 0.0021877199115110592 0.0065148900941238578 0.00378214286763138 0.00064939318621792049 0.0069223591785434468 0.0065316303293563574 -0.0093519625461120047 0.0063801710647867667 0.012911468073272734 0.010728895579962986
leaf_weight=130.36146900057793 5784.6439688205719 5824.2386397868395 2772.2125193923712 11858.759109377861 651.05138476192951 93.03970493376255 171.32333600521088 5096.3082937151194 645.50928923487663 399.6274321526289 1719.1059527397156 2098.3742050379515 441.9664860367775 345.08474817872047
leaf_count=870 24021 27379 11414 48983 2960 454 714 21152 2631 2094 10575 10117 2529 1517
internal_value=4.52184e-05 -0.00212901 -0.00145652 -0.00218514 0.00339108 -0.00935844 0.00238545 0.00207477 0.00229121 0.00655066 -0.01022 0.00542069 0.0100648 0.00865385
internal_weight=38031.6 23043.2 21100.7 17683 14988.4 1942.51 11397.4 10881 3417.72 3591.02 1849.47 2749.43 841.594 516.408
internal_count=167410 102306 90407 76362 65104 11899 47404 45173 14045 17700 11445 13077 4623 2231
is_linear=0
shrinkage=0.03


Tree=82
num_leaves=15
num_cat=0
split_feature=2 2 2 3 0 0 0 0 2 3 0 0 0 2
split_gain=290.452 87.7819 74.6155 42.1943 28.4189 35.9964 27.322 26.8302 19.8256 19.5026 18.1232 17.7673 4.90781 0.779136
threshold=0.0027070756574095285 0.0041194717281430775 0.0016809067096505068 0.60875000000000012 -0.0028051028737475108 0.00087616433058625382 -0.0047907054333534817 -0.010703741393565216 0.0059498431259504261 0.64875000000000005 0.0030305325383313485 -0.0010755043604371854 -0.0051556924144032226 0.0064306384626514647
decision_type=8 8 10 10 10 10 10 8 10 10 10 10 10 10
left_child=2 3 10 6 12 -6 -2 13 -9 -5 11 -1 -4 -3
right_child=1 7 4 9 5 -7 -8 8 -10 -11 -12 -13 -14 -15
leaf_value=-0.0019494569681302591 0.0063006298523837281 0.0085012184859950112 0.0065495462255145765 -0.0057865229895427504 -0.0046309256843096568 -0.00064255859192636697 0.00076957380617097542 0.0025664969865318221 0.0054074001099609689 -0.00093901966279087159 0.0042437228524572239 -0.010255546399386467 0.001033997916855799 0.01427231937165431
leaf_weight=289.90443734824657 860.38204826414585 205.6249773055315 187.88606882095337 1145.5093374848366 5762.7434901595116 3210.6449416577816 11419.522640183568 6326.0455578863621 3552.2935479730368 2237.0701915770769 82.060680627822876 1942.6282942146063 721.47763912379742 181.74763387441635
leaf_count=1541 3581 1099 773 4663 26434 13968 46445 26642 17115 9109 389 12003 3033 1167
internal_value=-3.02104e-05 0.00176409 -0.00384764 0.000346045 -0.00269795 -0.00321289 0.0011668 0.00391933 0.0035986 -0.00261053 -0.00869797 -0.00921722 0.00229769 0.0116509
internal_weight=38125.5 25928.2 12197.3 15662.5 9882.75 8973.39 12279.9 10265.7 9878.34 3382.58 2314.59 2232.53 909.364 387.373
internal_count=167962 109821 58141 63798 44208 40402 50026 46023 43757 13772 13933 13544 3806 2266
is_linear=0
shrinkage=0.03


Tree=83
num_leaves=15
num_cat=0
split_feature=2 1 2 2 2 1 1 3 2 3 2 1 1 2
split_gain=267.52 81.6546 77.4241 54.3955 42.9511 34.5194 34.0554 21.4252 19.2589 16.4003 11.9555 8.87367 6.76675 4.05483
threshold=0.0030729163931431467 -0.43610339862533021 0.0053927673544491841 0.0012970047784985046 0.0018894389554005039 -0.67134832036523651 1.7430398526547062 0.49875000000000008 0.0040707763470456222 0.60875000000000012 0.0088198125431252512 -0.31818666965122427 2.0713031688565704 0.001445588710339061
decision_type=8 10 8 10 10 10 10 10 10 10 10 10 8 10
left_child=1 4 5 -3 13 9 -5 -6 -7 -2 12 -12 -4 -1
right_child=2 3 10 6 7 8 -8 -9 -10 -11 11 -13 -14 -15
leaf_value=-0.013742019346821432 -5.1379544443577973e-05 -0.010548423855437901 0.0043663376349690778 -0.0015598501216239837 -0.0061197408452709707 0.001128834571132672 0.0035510235546320238 -0.0019693420882180247 0.0037234157538211929 -0.0042453621921423454 0.0049480735800941714 0.011719089827759072 0.010505389122213455 -0.0090664385662108365
leaf_weight=428.55070243775845 3957.6365713626146 541.91209852695465 3850.4828281700611 8498.5457716137171 2887.9926165044308 7804.8458964526653 1346.1745935976505 1930.0657131224871 3923.212179094553 1065.5450827181339 386.11368955671787 452.42357635498047 181.27402524650097 764.33031925559044
leaf_count=2911 16113 3334 18023 37790 12883 31728 5614 8513 16462 4327 2035 2616 919 4419
internal_value=-0.000103583 -0.00299378 0.00208591 -0.00137333 -0.00577694 0.00111189 -0.000852003 -0.00447708 0.00200431 -0.000959618 0.00541458 0.00876707 0.00468251 -0.0108963
internal_weight=38019.1 16397.6 21621.5 10386.6 6010.94 16751.2 9844.72 4818.06 11728.1 5023.18 4870.29 838.537 4031.76 1192.88
internal_count=167687 75464 92223 46738 28726 68630 43404 21396 48190 20440 23593 4651 18942 7330
is_linear=0
shrinkage=0.03


Tree=84
num_leaves=15
num_cat=0
split_feature=2 2 1 1 2 1 3 2 2 3 1 2 1 3
split_gain=269.874 103.911 70.4479 59.381 36.2971 29.6269 24.0165 22.0076 17.5679 13.5712 13.5042 8.40277 4.78364 4.7578
threshold=0.0024039869930330819 0.0059498431259504261 -0.14820887064369262 1.3320348130530442 0.0037934352431188167 2.8192056832459476 0.49375000000000008 0.0012970047784985046 0.001445588710339061 0.55625000000000013 -0.91352320272992327 0.0017372338072111071 1.6965968415226571 0.34625
decision_type=8 8 10 10 10 10 10 10 10 10 10 10 10 8
left_child=2 3 6 4 -2 7 8 -4 -1 -5 13 -8 -12 -3
right_child=1 10 5 9 -6 -7 11 -9 -10 -11 12 -13 -14 -15
leaf_value=-0.015101595152697735 -0.00081056138174755653 -0.0042747957107834847 -0.0091395342575197307 0.0058693854943159826 0.0016897441140369077 0.0079826945279514033 -0.008708151248964225 -0.0019793166290894061 -0.0080965360899949504 0.0012306902934084102 0.0064523347608742192 -0.0028188189614509105 0.011334233660976084 0.0032561884979906185
leaf_weight=420.47235667705536 14403.344853356481 67.577089190483093 428.19842299818993 2139.2559940069914 8183.0400123894215 233.90413650870323 295.83476650714874 3906.8772861808538 2272.9328811168671 828.11900345981121 2670.5768833607435 1052.7712836265564 248.05634358525276 851.88777808845043
leaf_count=2853 59383 320 2629 8919 34007 1006 1916 18100 11584 3432 13292 4959 1316 4015
internal_value=-5.13282e-05 0.00131567 -0.00472038 0.000620704 9.29901e-05 -0.00214254 -0.00760701 -0.00271978 -0.00926412 0.00460348 0.00591349 -0.00420947 0.00692502 0.0025981
internal_weight=38002.8 29391.9 8610.99 25553.8 22586.4 4568.98 4042.01 4335.08 2693.41 2967.37 3838.1 1348.61 2918.63 919.465
internal_count=167731 124684 43047 105741 93390 21735 21312 20729 14437 12351 18943 6875 14608 4335
is_linear=0
shrinkage=0.03


Tree=85
num_leaves=15
num_cat=0
split_feature=2 2 2 0 0 3 0 0 0 0 0 3 2 2
split_gain=260.519 73.4294 71.0042 38.9732 40.7842 30.7596 29.0146 28.8976 18.7356 19.4599 12.535 14.787 10.8763 10.4423
threshold=0.0027070756574095285 0.0053927673544491841 0.0014092396667470914 0.0016563620401740592 -0.00058519450179282488 0.36875000000000008 -0.0080447891194758668 0.0048440696736161692 0.00076532002641895751 -0.00063944326381168524 0.0015393805891067537 0.37375000000000008 0.0080722935438988647 0.0010889261252982538
decision_type=8 8 10 10 10 10 10 10 10 10 10 8 8 10
left_child=2 6 8 4 -4 -5 -2 -8 9 -1 12 -12 -3 -10
right_child=1 10 3 5 -6 -7 7 -9 13 -11 11 -13 -14 -15
leaf_value=-0.0039977574955532948 0.0079839540609266194 0.0052195957581640884 -0.0012202304871927617 0.011334524253558378 -0.0054184623410983516 -0.00043814987249262679 0.0004431939501274094 0.0042547107217646299 -0.012280074734459429 -0.015119786825811499 -0.0063371040041552791 0.0037891591643796599 0.0097010932907105503 0.00073750473937541456
leaf_weight=208.6891675144434 514.16261388361454 2396.7144394367933 3571.1584962457418 210.15522663295269 5159.5772759467363 2082.212760746479 18433.995612099767 1981.5092306435108 65.273079827427864 688.57586807012558 127.8415999263525 1630.0781175792217 693.23587571084499 179.86192120611668
leaf_count=1249 2336 11193 15966 916 25162 8927 75201 8245 399 4621 615 7883 3895 1035
internal_value=6.67778e-05 0.00177596 -0.00354838 -0.00279725 -0.00371147 0.000659604 0.00100061 0.000817976 -0.0106568 -0.0126717 0.00510208 0.00298713 0.00627243 -0.00283903
internal_weight=37943 25777.5 12165.5 11023.1 8730.74 2292.37 20929.7 20415.5 1142.4 897.265 4847.87 1757.92 3089.95 245.135
internal_count=167643 109368 58275 50971 41128 9843 85782 83446 7304 5870 23586 8498 15088 1434
is_linear=0
shrinkage=0.03


Tree=86
num_leaves=15
num_cat=0
split_feature=2 2 2 3 0 3 0 0 0 2 3 2 0 0
split_gain=211.143 90.8759 57.296 36.5097 30.0635 29.8315 25.3049 23.747 26.4517 17.6556 14.0511 10.7953 9.92621 9.42173
threshold=0.0024039869930330819 0.0047080774960687015 0.0012970047784985046 0.60875000000000012 0.00096216234887393909 0.65875000000000006 0.0024332975816174665 -0.0026645119348182159 0.002103123930810523 0.0065673277622668074 0.29125000000000006 0.0023216729328646127 0.0015777799649173017 -0.0011802403076704836
decision_type=8 8 10 10 8 10 10 10 10 8 8 10 10 10
left_child=2 3 12 6 10 -5 -2 11 -9 -6 -3 -4 13 -1
right_child=1 4 7 5 9 -7 -8 8 -10 -11 -12 -13 -14 -15
leaf_value=0 0.00038129567255173352 0.017450180434969348 0.0046481966580889317 -0.0050270959870879163 0.00023086795639682043 -7.840085872453581e-05 0.0031807965488326365 -0.0045085588734882602 0.0004092523825041748 0.004899087132026002 0.0056440302488686093 -0.0053421001775604063 -0.00014535228654937159 -0.013640562160324325
leaf_weight=53.770857095718384 13882.286554023623 90.935743540525436 458.42016726732254 1797.2130116075277 1969.1249971389771 2852.2040328979492 3690.3307175636292 6037.8256790935993 1147.603026971221 1176.937108412385 3905.4039129763842 109.01331126689911 72.177894607186317 678.98940522968769
leaf_count=299 57170 454 1999 7376 8531 11725 15062 30266 4993 5909 18448 458 407 4540
internal_value=8.58378e-05 0.00129601 -0.00405629 0.000346241 0.00423799 -0.00201086 0.000974091 -0.00324516 -0.00371531 0.00200624 0.00597054 0.00256571 -0.0116595 -0.0126956
internal_weight=37922.2 29364.4 8557.8 22222 7142.4 4649.42 17572.6 7752.86 7185.43 3146.06 3996.34 567.433 804.938 732.76
internal_count=167637 124675 42962 91333 33342 19101 72232 37716 35259 14440 18902 2457 5246 4839
is_linear=0
shrinkage=0.03


Tree=87
num_leaves=15
num_cat=0
split_feature=2 2 1 0 0 2 1 0 0 0 0 2 1 0
split_gain=230.326 72.5723 62.405 41.5014 56.5625 33.2977 32.1333 26.1463 20.0521 14.7475 12.9594 12.1612 11.758 11.7323
threshold=0.0027070756574095285 0.0046771635379937336 -0.40724782905444784 0.0021461270542633653 -0.00066482403446349364 0.001867979531125979 -0.10759265303183205 0.0060883274071632607 0.00096216234887393909 0.00096216234887393909 0.014417644949242536 0.0080722935438988647 1.1891585513068228 0.0024332975816174665
decision_type=8 8 10 10 10 10 10 10 10 10 10 10 10 10
left_child=2 6 5 4 -4 9 13 -8 11 -1 -10 -3 -5 -2
right_child=1 8 3 12 -6 -7 7 -9 10 -11 -12 -13 -14 -15
leaf_value=-0.012548619149331442 -0.0011289249601545463 0.0048061104719143493 0.0012537340568459935 0.0018625807037750525 -0.004629672020227963 -0.0046097432358296947 0.0015345766080940568 0.0088188884160318066 0.0020004384756207795 -0.0040871720022081521 0.014432274459755852 0.0095666062698403064 0.0094565678779742219 0.0013681190359990623
leaf_weight=874.98156736791134 7528.4407672286034 3525.2885798662901 2205.3718064576387 871.72921325266361 4302.5407292842865 3365.4011389017105 8302.954198807478 464.13869859278202 3152.6136242896318 280.16562458872795 69.567439943552017 607.55381332337856 237.3018015474081 2156.7916533052921
leaf_count=5765 30780 16103 9711 3686 21104 15530 33850 1969 14392 1534 348 3473 963 8700
internal_value=2.49755e-05 0.00162938 -0.00337998 -0.00170806 -0.00262786 -0.00617386 0.000620308 0.00193666 0.0041485 -0.0106006 0.00233123 0.00554182 0.00361109 -0.000565835
internal_weight=37944.8 25807.3 12137.5 7616.94 6507.91 4520.55 18452.3 8767.09 7355.02 1155.15 3222.18 4132.84 1109.03 9685.23
internal_count=167908 109615 58293 35464 30815 22829 75299 35819 34316 7299 14740 19576 4649 39480
is_linear=0
shrinkage=0.03


Tree=88
num_leaves=15
num_cat=0
split_feature=2 2 1 2 0 1 1 0 0 0 1 1 1 0
split_gain=215.088 69.506 55.6803 53.3499 34.6761 32.1361 29.5275 26.677 19.2574 18.2019 17.9059 13.936 10.8363 8.05404
threshold=0.0030729163931431467 0.0016064990190196478 -0.46574804205549952 0.0055675591397784992 0.0048440696736161692 1.8913997938054929 2.5625947355903973 -0.00063944326381168524 -0.0042609063521371528 0.00071140188539852822 0.16845558912892164 0.94996653248721907 0.65721629996608555 0.0036267477264901437
decision_type=8 10 10 8 10 10 10 10 10 10 10 10 10 8
left_child=1 7 8 4 6 -4 -2 10 -3 -9 -1 -6 13 -5
right_child=3 2 5 12 11 -7 -8 9 -10 -11 -12 -13 -14 -15
leaf_value=-0.0063384537519966914 0.00057452622250664365 0.0029068744140762501 -0.0010695799800067615 0.0049597059452883233 0.0040303308922409074 0.0044846250296829799 0.0085800940525510624 -0.011986760573841694 -0.0047838541796495406 -0.0041987294463852083 0.0059418390830086321 0.011719486990757803 0.0078744523594707228 0.0014223414736603351
leaf_weight=241.52856168150902 15041.939484328032 295.41915760934353 8264.670688867569 2584.1024565398693 1485.8841523081064 1045.2537882775068 418.08467063307762 1050.2140227407217 4864.5642287731171 418.76098656654358 173.40006129443645 258.14700353145599 958.06258668005466 825.99513018131256
leaf_count=1515 61633 1228 35894 12472 6178 4271 1753 7078 22347 2425 911 1161 5006 4064
internal_value=4.86995e-05 -0.00254358 -0.00182939 0.00201695 0.00125898 -0.000435412 0.000800305 -0.00795888 -0.00432717 -0.00985059 -0.00104622 0.00526299 0.00497881 0.00412709
internal_weight=37926 16353.8 14469.9 21572.2 17204.1 9309.92 15460 1883.9 5159.98 1468.98 414.929 1744.03 4368.16 3410.1
internal_count=167936 75669 63740 92267 70725 40165 63386 11929 23575 9503 2426 7339 21542 16536
is_linear=0
shrinkage=0.03


Tree=89
num_leaves=14
num_cat=0
split_feature=2 2 0 0 0 0 0 2 0 0 3 3 3
split_gain=214.671 95.6333 34.6191 29.9683 53.0205 26.4872 38.5346 24.3077 18.5177 14.5906 9.68501 9.51767 0.130436
threshold=0.0036867912319779894 0.001867979531125979 -0.010703741393565216 -0.0013733188010398056 0.00038089203784715388 0.00093289548222463218 -0.00066482403446349364 0.0074696459271216525 0.012260103503179713 -0.009143318059400397 0.37125000000000002 0.49125000000000002 0.38375000000000009
decision_type=8 10 8 10 10 10 10 8 10 10 8 8 10
left_child=1 5 12 9 -5 6 -1 8 -4 -3 -9 -7 -2
right_child=2 3 7 4 -6 11 -8 10 -10 -11 -12 -13 -14
leaf_value=-0.00171763613012909 0.0075270500616955328 0.0092660729078702393 0.0021613628865457314 -0.0036850726329337447 -9.8981657142476116e-05 0.0002422089973247917 -0.010216407008406401 0.013944248720842002 0.012328221737822226 0.00073827436496308625 0.0054805032800838219 -0.0069256514578002132 0.013185425952376916
leaf_weight=683.13574428856373 121.21170072257519 179.29001972079277 12023.205283612013 6271.9060572832823 9154.0924485623837 609.3637809753418 1809.3892827183008 144.82592350244522 156.69920578598976 5045.5761778056622 1279.2309499830008 212.03769958019257 266.18773393332958
leaf_count=3732 716 769 50869 27391 38406 3090 11416 780 702 20794 6845 1129 1590
internal_value=6.21919e-05 -0.00165991 0.00301521 -0.000895896 -0.00156235 -0.0063858 -0.00792726 0.00275216 0.00230709 0.00105951 0.00647434 -0.00159699 0.0117999
internal_weight=37956.2 23964.8 13991.4 20650.9 15426 3313.93 2492.53 13604 12179.9 5224.87 1424.06 821.401 387.399
internal_count=168229 106727 61502 87360 65797 19367 15148 59196 51571 21563 7625 4219 2306
is_linear=0
shrinkage=0.03


Tree=90
num_leaves=15
num_cat=0
split_feature=2 2 1 1 3 1 2 1 2 2 3 3 2 3
split_gain=190.577 85.2532 49.638 41.4517 35.4191 25.8471 24.9801 22.8377 20.5611 16.3385 15.4162 12.6419 10.4096 4.83395
threshold=0.0024039869930330819 0.0043497958137187591 -0.2373903025275331 -0.021162657617581414 0.61625000000000008 2.5625947355903973 0.001719074333767883 -0.73091158473852458 0.0012970047784985046 0.0088198125431252512 0.41375000000000001 0.43875000000000003 0.005292812870999245 0.41375000000000001
decision_type=8 8 10 10 10 10 10 8 10 10 10 10 10 10
left_child=2 3 6 10 -5 8 -1 12 -4 -9 -2 -8 -3 -7
right_child=1 7 5 4 -6 13 11 9 -10 -11 -12 -13 -14 -15
leaf_value=-0.010535198820797334 0.0012176827664403165 -0.00085755599099659433 -0.0086161333194789604 0.0025629626094258026 -0.0021377514657853381 0.00081595015293468496 -0.0074458676776711042 0.0041386897244402041 -0.0017655268749800458 0.0095780230165503633 -0.0016041641722790993 -0.0030971590822232047 0.0029114056964273179 0.0090281830050643278
leaf_weight=1024.5686536282301 2118.0479874610901 1123.5855288207531 435.54166468977928 7381.4904054403305 1770.5610405355692 121.5591871291399 1074.20923165977 5685.2153219431639 4086.3833805918694 566.06937284767628 9174.2642053812742 1583.301237732172 1512.4463267177343 198.20309130847454
leaf_count=6826 8725 4623 2779 30212 7244 538 5352 25782 19195 3305 37869 7566 7040 846
internal_value=6.42687e-05 0.00121345 -0.00388 0.000143536 0.00164567 -0.00185999 -0.00650771 0.003665 -0.00245616 0.00465533 -0.00106897 -0.00489879 0.00128507 0.00620763
internal_weight=37855.4 29331.7 8523.77 20444.4 9152.05 4841.69 3682.08 8887.32 4521.93 6251.28 11292.3 2657.51 2636.03 319.762
internal_count=167902 124800 43102 84050 37456 23358 19744 40750 21974 29087 46594 12918 11663 1384
is_linear=0
shrinkage=0.03


Tree=91
num_leaves=15
num_cat=0
split_feature=2 2 2 3 0 0 0 0 0 0 2 0 0 3
split_gain=183.82 54.8837 45.1024 27.5369 30.5041 28.1917 23.7709 24.4101 20.1244 17.7577 15.7026 12.1671 10.0969 6.36621
threshold=0.0027070756574095285 0.005292812870999245 0.0016226914765030776 0.42125000000000007 0.0019399252004496149 -0.003201857580337066 -0.0065479513879402066 0.0049741239461610241 -0.0010755043604371854 0.00065871034215193565 0.0093635765090480435 0.0010496858106737144 0.0099498557420046041 0.38125000000000003
decision_type=8 8 10 10 10 10 10 10 10 10 10 8 10 10
left_child=2 6 8 4 -4 -5 13 -8 -1 -10 11 -3 -12 -2
right_child=1 10 3 5 -6 -7 7 -9 9 -11 12 -13 -14 -15
leaf_value=0.00050826390427177672 -0.00039230405294931513 0.0049410540756145661 -0.0058967260542899169 0.0052852398076541638 0.0025231028214346132 -0.0016614636739063062 0.00029726343469454553 0.0039578658301411681 -0.010148673532108236 -0.0030911798822260304 0.0096664964014484666 0.0016503041563832228 -0.0022417525960824894 0.006860290332511323
leaf_weight=257.92642633616924 108.9247660189867 2614.2701831310987 2457.153244420886 557.87336444854736 442.61905379593372 6652.617995813489 17949.655846446753 1801.4262216836214 1245.2618904262781 483.26953409612179 638.68037030100822 1777.8737325519323 58.552654355764389 711.1182034611702
leaf_count=1405 498 12510 11679 2327 1910 29862 73186 7514 8422 2827 3644 8356 346 3133
internal_value=0.000104859 0.0015435 -0.00294071 -0.002116 -0.00458666 -0.00110911 0.000848766 0.000636004 -0.00707646 -0.00823915 0.00433268 0.00362941 0.00856406 0.00583154
internal_weight=37757.2 25660.5 12096.7 10110.3 2899.77 7210.49 20571.1 19751.1 1986.46 1728.53 5089.38 4392.14 697.233 820.043
internal_count=167619 109187 58432 45778 13589 32189 84331 80700 12654 11249 24856 20866 3990 3631
is_linear=0
shrinkage=0.03


Tree=92
num_leaves=15
num_cat=0
split_feature=2 2 0 0 0 0 0 3 0 0 0 2 2 3
split_gain=182.971 63.8471 45.8598 44.0077 36.0059 39.5278 31.3513 22.0118 18.8566 12.1213 9.88624 7.42779 6.06202 3.72756
threshold=0.0024039869930330819 0.0041194717281430775 0.0030305325383313485 -0.00066482403446349364 -0.0018851828256214898 0.00082159576828511516 0.00049267082477263383 0.40875 -0.0053505284069585114 0.014417644949242536 -0.0026645119348182159 0.0064306384626514647 0.0022811186681237655 0.42875000000000002
decision_type=8 8 10 10 10 10 10 10 8 10 10 10 10 10
left_child=2 4 3 10 7 -6 -5 -2 11 -10 -1 -3 13 -4
right_child=1 8 12 6 5 -7 -8 -9 9 -11 -12 -13 -14 -15
leaf_value=0.0020745687331911941 0.0072301845085657153 0.0041254205509210521 0.0011913482204719866 -0.0082577345858125106 -0.0023118242983241554 0.00077428032799576924 -0.003566407479465605 0.0013997829271783402 0.0022666860682227382 0.013111204848483137 -0.0023670097004894011 0.009113021690361189 -0.0019537554418723839 0.0066272343466051795
leaf_weight=577.9173492193222 703.92987622320652 732.31305947899818 220.83982409536839 2992.3083569854498 7304.5953649431467 7587.0109065622091 2387.9927702099085 3488.5161339640617 8817.3077367246151 86.733972653746605 1805.6550781130791 537.12573370337486 139.69308814406395 339.83320418000221
leaf_count=2525 2900 3615 971 16659 30368 31012 12007 14220 38813 429 8784 3239 582 1449
internal_value=-0.000143248 0.000979123 -0.0040265 -0.00469296 -4.13131e-05 -0.000736018 -0.00619715 0.00240789 0.00289737 0.00239364 -0.00126088 0.00633741 0.00323914 0.00464966
internal_weight=37721.8 29257.5 8464.24 7763.87 19084.1 14891.6 5380.3 4192.45 10173.5 8904.04 2383.57 1269.44 700.366 560.673
internal_count=167573 124596 42977 39975 78500 61380 28666 17120 46096 39242 11309 6854 3002 2420
is_linear=0
shrinkage=0.03


Tree=93
num_leaves=15
num_cat=0
split_feature=2 2 1 0 0 0 0 1 1 2 1 1 0 1
split_gain=139.919 61.5178 54.08 40.0519 61.4259 39.7583 27.9654 26.9896 26.5973 20.7981 16.259 14.0039 12.4473 7.4174
threshold=0.0023069954082973669 0.0039915687364262924 2.005251759939529 0.0016563620401740592 -0.00066482403446349364 -0.0018851828256214898 -0.010703741393565216 0.75774813351067094 1.8913997938054929 0.0038080536024029036 -1.0192571683505336 3.4776108912586401 0.00073738648560612641 -1.0067137764785983
decision_type=8 8 10 10 10 10 8 10 10 10 10 10 10 10
left_child=2 5 3 4 -1 9 13 -7 -8 -2 -5 12 -4 -3
right_child=1 6 11 10 -6 7 8 -9 -10 -11 -12 -13 -14 -15
leaf_value=-0.0011287700826576733 0.0016752856048698828 0 -0.00040352060664042234 -0.0069718550899323479 -0.0077921586333357115 -0.0016337418545463191 0.0019167640267113207 0.0013929148174182085 0.0085737707345339229 0.0091504160423537765 0.0019595837577363346 0.015917660906722086 0.010074081555424165 0.012131853391987656
leaf_weight=1899.3474950492382 3796.7711418271065 49.987377852201462 304.11475794017315 212.13662408292294 3756.9144627004862 11630.096663981676 10194.569431260228 3404.7611389160156 568.53753067553043 364.59551578760147 1025.9521041810513 86.021551504731178 135.95102752745152 328.2794096916914
leaf_count=9214 15513 274 1376 1021 21165 48481 45126 13875 2672 1499 4631 374 583 2025
internal_value=-9.79189e-05 0.000803888 -0.00378905 -0.00450242 -0.00557115 -0.0002226 0.00257649 -0.000943873 0.00228161 0.00236496 0.000337581 0.00535735 0.00285196 0.0105375
internal_weight=37758 30337.6 7420.44 6894.35 5656.26 19196.2 11141.4 15034.9 10763.1 4161.37 1238.09 526.087 440.066 378.267
internal_count=167829 129465 38364 36031 30379 79368 50097 62356 47798 17012 5652 2333 1959 2299
is_linear=0
shrinkage=0.03


Tree=94
num_leaves=15
num_cat=0
split_feature=2 1 2 2 0 0 1 0 0 0 1 0 0 2
split_gain=159.393 76.9932 54.0225 40.0689 35.9089 29.8503 27.9114 24.4868 22.5277 14.4614 13.9857 10.557 9.06165 3.31084
threshold=0.0030863654409954808 0.72349149943762492 0.0016226914765030776 0.0053927673544491841 -0.0080447891194758668 -0.00063944326381168524 1.3320348130530442 0.00038089203784715388 0.0031002019267661832 -0.0010397748304740357 2.4564214737292143 -0.0016579830001423311 0.0015036995512628692 0.0022034277975385235
decision_type=8 10 10 8 10 10 10 10 10 10 10 10 10 10
left_child=1 2 9 6 -4 13 8 -7 -2 -1 12 -8 -5 -3
right_child=3 5 4 10 -6 7 11 -9 -10 -11 -12 -13 -14 -15
leaf_value=-0.0011417310640925082 -7.2931454549973396e-05 0.0077536266195612847 0.013681518992543228 0.0048232881494780378 -0.0029079839009748939 -0.0038293814870260551 0.008617125442397594 0.001847888714168833 0.0028477994602881429 -0.010182502374344817 0.014378077747055636 0.0030781520204965726 0.0019914319194143429 0.0039329089044891708
leaf_weight=203.52907860279083 11787.5331043154 397.77963374555111 107.78049263358116 2923.7294149398804 10798.057135939598 1100.4690691679716 424.36733663082123 1761.2681368887424 2955.5155089795589 1222.0605433955789 111.20004679262638 1420.2988551855087 1727.8364383727312 762.88511192798615
leaf_count=1158 48180 1745 452 14529 48465 5152 1845 7541 12166 8477 591 5912 8430 3109
internal_value=-5.14725e-05 -0.00228097 -0.00345726 0.00165371 -0.00272615 0.00130993 0.000951363 -0.000320121 0.000510049 -0.00895051 0.00408016 0.00442434 0.00379079 0.00534863
internal_weight=37704.3 16353.8 12331.4 21350.5 10905.8 4022.4 16587.7 2861.74 14743 1425.59 4762.77 1844.67 4651.57 1160.66
internal_count=167752 76099 58552 91653 48917 17547 68103 12693 60346 9635 23550 7757 22959 4854
is_linear=0
shrinkage=0.03


Tree=95
num_leaves=15
num_cat=0
split_feature=2 2 1 1 1 2 1 3 2 3 1 3 3 3
split_gain=155.545 71.1169 52.6283 38.2367 27.7303 25.6088 19.2475 18.1856 15.8183 13.9035 12.825 8.78998 0.153708 2.98502
threshold=0.0034878767261754045 0.0020296195999655047 -0.63115970657021669 0.14473275020376761 2.5625947355903973 0.0071915022378682041 2.5625947355903973 0.49875000000000008 0.0011258670578612672 0.2737500000000001 2.8192056832459476 0.62875000000000003 0.48125000000000001 0.43125000000000008
decision_type=8 10 10 10 10 10 10 10 10 8 10 10 8 10
left_child=1 3 7 8 5 9 -4 -3 -1 -2 -5 -7 13 -6
right_child=4 2 6 10 12 11 -8 -9 -10 -11 -12 -13 -14 -15
leaf_value=-0.015449308792267743 0.013720242510134586 -0.0049198009487608071 7.1567270137552207e-05 -0.0025106038377565995 0.010688599787744568 0.004683070210715407 0.0059656339148317803 -0.0012558255632153946 -0.0065919147932920457 0.0015290114334806555 0.006646001788981783 0.01203478854630754 0.012578819347271947 0.0018221338620424533
leaf_weight=207.86464827507734 76.185746788978577 2818.4017888605595 11312.824768453836 1921.7091434448957 112.95435540378094 1487.3294306695461 512.91046950221062 2251.8263040930033 2374.1917998492718 14088.219178378582 135.62772423028946 174.52621783316135 170.11826893687248 79.962349131703377
leaf_count=1511 339 12248 47421 9896 526 8122 2081 9679 13846 59578 613 920 765 364
internal_value=4.38616e-06 -0.00166393 -0.000755106 -0.00495208 0.00222698 0.00203026 0.000337101 -0.00331002 -0.00738497 0.00160845 -0.00184871 0.00555839 0.0103578 0.00758012
internal_weight=37724.7 21535.4 16896 4639.39 16189.3 15826.3 11825.7 5070.23 2582.06 14164.4 2057.34 1661.86 363.035 192.917
internal_count=167909 97295 71429 25866 70614 68959 49502 21927 15357 59917 10509 9042 1655 890
is_linear=0
shrinkage=0.03


Tree=96
num_leaves=15
num_cat=0
split_feature=2 2 1 1 0 0 1 1 1 0 0 2 1 0
split_gain=134.903 57.1251 50.5893 49.9992 32.0239 51.2615 27.4374 16.403 13.4646 15.9068 11.7609 10.0229 11.2162 8.38581
threshold=0.0022415236238326618 0.005292812870999245 0.86881265241924532 -0.71037374039188639 -0.00066482403446349364 0.0019399252004496149 1.3320348130530442 -0.72062714534490557 3.1880780260108446 0.00098990204602065666 0.0047168589773173902 0.0088198125431252512 -0.42684669377188705 0.0092551009283870032
decision_type=8 8 10 10 10 10 10 10 10 10 10 8 10 10
left_child=2 3 4 10 7 -6 -5 -1 9 -4 -2 13 -13 -3
right_child=1 11 8 6 5 -7 -8 -9 -10 -11 -12 12 -14 -15
leaf_value=-0.0061490729008869096 -0.0022839022757369775 0.002711305265147373 -0.0018494233385069449 0.00051802404596079112 -0.0086403051194599585 5.4215338842146075e-05 0.0036352539688831722 0.0006128322779199104 0.010169029544248065 0.0054710039465997173 0.0020135178070140097 0.0024925767172296661 0.0095513070231869959 0.0093974143816182385
leaf_weight=458.70367169380188 6587.1284168660641 3979.0020270347595 1047.5867002159357 15747.747851967812 2917.551051825285 753.59898412227631 3039.4354402273893 992.42878216505051 117.92599038779736 347.43833163380623 605.16487240791321 392.14500990509987 510.97039067745209 177.3897579908371
leaf_count=2402 27528 18847 5055 65294 17195 3477 12608 4871 517 1513 2467 2130 3053 877
internal_value=-4.68706e-05 0.000781814 -0.00392775 0.000210847 -0.0053507 -0.00684393 0.00102719 -0.001511 0.000853937 0 -0.00191169 0.00369557 0.00661288 0.00303293
internal_weight=37674.2 31039 6635.23 25979.5 5122.28 3671.15 18787.2 1451.13 1512.95 1395.03 7192.29 5059.51 903.115 4156.39
internal_count=167834 132804 35030 107897 27945 20672 77902 7273 7085 6568 29995 24907 5183 19724
is_linear=0
shrinkage=0.03


Tree=97
num_leaves=15
num_cat=0
split_feature=2 2 1 1 3 1 2 1 2 3 1 3 2 2
split_gain=135.013 61.7736 51.0084 31.9001 28.9355 18.3516 17.9904 16.3128 17.3668 11.6381 10.5441 7.97537 0.410447 0.085481
threshold=0.0034074424238504219 0.0016064990190196478 -0.32833771128418837 2.5625947355903973 0.61625000000000008 1.2429795763090199 0.0024993378467945055 -0.31818666965122427 0.0061243861919275519 0.61125000000000018 -1.3837394796197677 0.42125000000000007 0.0040536030343945812 0.0037256358619123255
decision_type=8 10 10 10 10 10 10 10 8 10 10 10 10 8
left_child=1 5 6 7 -4 10 -3 9 -9 -2 -1 -7 13 -5
right_child=3 2 4 12 -6 11 -8 8 -10 -11 -12 -13 -14 -15
leaf_value=-0.017241033911075378 0.0012425438782597573 -0.004779926603442692 0.00088813863205185911 0.0086541009516888888 -0.0031030934777229549 0.0039498378911018601 -0.001809629751060285 0.0019066626992551082 0.0052575127876071754 -0.001735298999654972 -0.0074156776077255564 -0.0054179517634374268 0.012118537100368884 0.0033591794937223051
leaf_weight=116.05076694488525 6379.1801685541868 3157.9255927652121 8878.748810082674 105.57039488852024 1991.502399533987 170.6672320663929 4654.0894060879946 7197.9321559518576 1766.8412743210793 1425.8156010210514 1394.4609682261944 138.60969498753548 218.48610958456993 72.460326954722404
leaf_count=853 27344 15555 37766 439 8491 919 19465 30258 9338 5962 9388 761 1055 309
internal_value=-4.99162e-05 -0.00169456 -0.00117477 0.00191067 0.000149224 -0.00696246 -0.00302259 0.00170396 0.00257888 0.00068935 -0.00831843 -9.88292e-05 0.0102482 0.00711137
internal_weight=37668.3 20502.1 18682.3 17166.3 10870.3 1819.79 7812.01 16769.8 8964.77 7805 1510.51 309.277 396.517 178.031
internal_count=167903 93198 81277 74705 46257 11921 35020 72902 39596 33306 10241 1680 1803 748
is_linear=0
shrinkage=0.03


Tree=98
num_leaves=15
num_cat=0
split_feature=1 0 0 0 1 0 3 1 3 0 0 0 0 0
split_gain=65.2077 68.0494 58.7727 45.878 13.3757 13.0737 6.43332 6.42963 7.34336 5.77726 2.72733 3.12294 1.78134 1.55515
threshold=2.4564214737292143 -0.0053505284069585114 0.0027063659757853818 -0.00058519450179282488 -0.16805605019799072 0.014417644949242536 0.39125000000000004 2.9892386251955929 0.46875000000000006 -0.0080447891194758668 0.0012373289577195512 -0.0008856033047645388 0.0028318710392847076 -0.00097682626805730192
decision_type=10 8 10 8 10 10 10 10 8 10 8 10 10 10
left_child=1 4 3 -3 9 -4 -6 10 13 -1 11 -2 -12 -9
right_child=7 2 5 -5 6 -7 -8 8 -10 -11 12 -13 -14 -15
leaf_value=0.0049159330998364498 0.0054815348429428342 0.00017203035699790879 0.0015601025174078443 -0.0023321336402653443 0.012137515462513347 0.010516702365979137 0.0057520983537683252 0.0092320883980609031 0.012385721766386781 0.00070774608061097469 0.010039036401378716 0 0.0026122130907273496 0.0032001833182605985
leaf_weight=529.31862352788448 170.45501661300659 11134.161564022303 6944.001065030694 15950.919305585325 215.75469805300236 142.98309496045113 789.68019652366638 71.845016658306122 306.89094845950603 741.96316505968571 105.62864595651627 240.56045041978359 87.606037631630898 232.34554463624954
leaf_count=2673 763 48223 29813 72915 1191 666 3973 319 1307 3274 440 1031 394 1000
internal_value=-9.61994e-05 -0.000326523 -0.000663156 -0.00130082 0.00468068 0.00176382 0.00728746 0.00670872 0.00897801 0.00253141 0.0042073 0.00249056 0.0072614 0.00506429
internal_weight=37664.1 36448.8 34172.1 27085.1 2276.72 7086.98 1005.43 1215.33 611.082 1271.28 604.25 411.015 193.235 304.191
internal_count=167982 162728 151617 121138 11111 30479 5164 5254 2626 5947 2628 1794 834 1319
is_linear=0
shrinkage=0.03


Tree=99
num_leaves=15
num_cat=0
split_feature=2 0 2 2 0 0 2 3 0 2 0 2 2 3
split_gain=126.35 49.2898 41.5751 37.6075 21.077 21.6622 20.1283 17.1295 13.1664 16.1453 14.7771 7.29266 12.9399 7.13713
threshold=0.0024039869930330819 -0.0065479513879402066 0.003599897591987184 0.0012970047784985046 0.0027063659757853818 -0.00066482403446349364 0.0088198125431252512 0.59875000000000012 0.00076532002641895751 0.0010889261252982538 -0.00022941455417116184 0.003125806430861122 0.0037934352431188167 0.37375000000000008
decision_type=8 8 8 10 10 10 10 10 10 10 10 10 10 10
left_child=3 11 7 8 5 -5 -4 -3 10 -10 -1 -2 -13 -6
right_child=1 2 6 4 13 -7 -8 -9 9 -11 -12 12 -14 -15
leaf_value=-0.0054118182141581423 0.011296024959660303 -8.059958850822626e-05 0.0014074789165598092 -0.00083601650931188517 0.0088581077612118839 -0.0044678431130289508 0.0069171158925555075 -0.0026005065720601504 -0.012089241969358558 0.0065350526404749452 -0.015564701091042292 -6.765759247509174e-05 0.0066686473355459155 0.00056469946799204366
leaf_weight=255.61412757635117 215.97853545844555 10716.657046481967 13131.049110367894 2260.4041813611984 101.78169360756874 4551.4568508863449 623.3774061948061 3149.9954596608877 62.574892729520798 86.870261430740356 363.17510829865932 319.65313003957272 1006.4698640704155 713.52123729884624
leaf_count=1715 903 44277 55879 10551 446 23709 3448 13040 402 527 2658 1350 5630 3064
internal_value=-0.000140165 0.000791946 0.000497076 -0.00338227 -0.00272604 -0.00327447 0.00166639 -0.000658815 -0.00970162 -0.00115603 -0.0116189 0.00599757 0.00501165 0.00176753
internal_weight=37558.6 29163.2 27621.1 8395.4 7627.16 6811.86 13754.4 13866.7 768.234 149.445 618.789 1542.1 1326.12 815.303
internal_count=167599 124527 116644 43072 37770 34260 59327 57317 5302 929 4373 7883 6980 3510
is_linear=0
shrinkage=0.03


Tree=100
num_leaves=15
num_cat=0
split_feature=2 2 0 0 0 0 2 3 3 2 0 2 2 0
split_gain=121.491 66.7961 28.9737 29.5835 26.4153 47.2888 22.0982 13.9398 11.8154 11.1401 9.12575 8.32316 9.91529 5.66486
threshold=0.001907142958340269 0.0036867912319779894 0.00076532002641895751 -0.00066482403446349364 -0.0013733188010398056 0.00038089203784715388 0.0071915022378682041 0.24875000000000003 0.49375000000000008 0.0011258670578612672 -0.0042609063521371528 0.0010889261252982538 0.0013719695818470397 0.0031002019267661832
decision_type=8 8 10 10 10 10 10 10 10 10 10 10 10 10
left_child=2 4 3 8 10 -6 7 -3 -1 -5 -2 -4 -13 -8
right_child=1 6 11 9 5 -7 13 -9 -10 -11 -12 12 -14 -15
leaf_value=-0.0038942871559409713 0.0034487866364071901 0.012041753614551969 -0.010873774004313008 -0.015598512932788423 -0.0031049113512798855 0.00030470678942055683 0.0066442914224044587 0.0016959697493155279 0.005081692654258594 -0.0080446507767780364 0.00060382134068879851 0.0071205848513278443 -0.0014262719788809353 0.0024744770276090913
leaf_weight=595.88697408139706 1419.6022645384073 110.73314687609673 60.612791776657104 234.80558762699366 6138.59317445755 8976.7303059697151 1191.327307254076 12038.038793832064 154.79091863334179 1454.083588950336 3776.0888898968697 132.61441595852375 829.70170684158802 480.2751432955265
leaf_count=3255 5867 549 392 1724 26945 37717 6580 51411 844 9323 15613 798 4170 2636
internal_value=0.000106303 0.000651587 -0.00523793 -0.00701296 -0.000440726 -0.00107717 0.00226039 0.00180503 -0.00192208 -0.00921581 0.0013978 -0.000919688 -0.000125623 0.00550376
internal_weight=37593.9 34131.4 3462.5 2439.57 20311 15115.3 13820.4 12148.8 750.678 1688.89 5195.69 1022.93 962.316 1671.6
internal_count=167824 147318 20506 15146 86142 64662 61176 51960 4099 11047 21480 5360 4968 9216
is_linear=0
shrinkage=0.03


Tree=101
num_leaves=15
num_cat=0
split_feature=2 2 1 0 0 1 0 1 1 0 0 2 1 2
split_gain=135.883 46.8419 38.3782 27.1118 48.0103 24.7759 24.601 23.7984 15.243 14.1518 9.75264 8.78317 6.53708 2.53393
threshold=0.0022415236238326618 0.0037934352431188167 -0.43610339862533021 0.0017343141189097124 -0.00029028835979325485 1.3961550821939037 -0.010703741393565216 1.8913997938054929 -0.6612530336821093 -0.003832532432603421 0.0044720206500732931 0.001445588710339061 -1.1236009919490295 0.001867979531125979
decision_type=8 8 10 10 10 10 10 10 10 10 10 10 10 10
left_child=2 5 9 4 -4 8 12 -8 -2 -1 -7 -11 -3 -5
right_child=1 6 3 13 -6 10 7 -9 -10 11 -12 -13 -14 -15
leaf_value=0.0045731348269009587 -0.0018987850575517401 0 0.00061486424205831611 0.00092876621898286085 -0.0062810820354853285 0.0023119011994598561 0.0016315779865991953 0.0074648000444907849 6.8172587895185628e-05 -0.011853358882809983 0.010877555433484161 -0.0065007237806369543 0.010997154789316076 0.0049210652816943723
leaf_weight=78.232541918754578 5235.4210545867682 52.137649729847908 1595.3453356027603 310.80258184671402 2052.1239532902837 1951.9380683898926 11755.655475333333 663.9809198230505 10774.080126896501 386.9324744194746 124.0468801856041 1837.591534614563 342.01099510490894 365.48596565425396
leaf_count=352 22105 295 7841 1465 11191 7947 51582 3109 44706 2907 524 9971 2136 1531
internal_value=-2.30237e-05 0.00081165 -0.00391949 -0.0022243 -0.00325507 -0.000168597 0.00219891 0.00195402 -0.000572099 -0.00705313 0.00290218 -0.00750749 0.00952777 0.00321401
internal_weight=37525.8 30899.3 6626.51 4323.76 3647.47 18085.5 12813.8 12419.6 16009.5 2302.76 2075.98 2224.52 394.149 676.289
internal_count=167662 132404 35258 22028 19032 75282 57122 54691 66811 13230 8471 12878 2431 2996
is_linear=0
shrinkage=0.03


Tree=102
num_leaves=15
num_cat=0
split_feature=2 1 1 2 3 3 2 2 2 1 2 3 3 3
split_gain=105.498 44.5801 39.7684 34.027 35.7901 26.6794 19.6786 18.8191 17.3837 14.3077 14.2731 13.7394 10.3278 8.91829
threshold=0.0024039869930330819 1.0000000180025095e-35 -0.32833771128418837 0.0040924085657698395 0.59875000000000012 0.49375000000000008 0.005336873009065009 0.001445588710339061 0.0012970047784985046 3.1880780260108446 0.0093635765090480435 0.40875 0.40875 0.53625000000000012
decision_type=8 10 8 8 10 10 10 10 10 10 8 10 8 10
left_child=1 5 6 4 -4 7 12 -1 11 -10 -5 -3 -2 -7
right_child=2 8 3 10 -6 13 -8 -9 9 -11 -12 -13 -14 -15
leaf_value=-0.012619196319905598 0.0010989093614483111 9.1879372343385907e-05 0.0018166780872314373 0.0033196183141035438 -0.0023063845971187211 0.0021380434159058155 0.0022068381447410339 -0.0056169792075306032 -0.00035397310416356736 0.0092933420448359175 0.0091742846394533544 -0.010972816523694818 -0.0013265297761561648 -0.0030743822842959311
leaf_weight=427.2155105099082 1891.9556986689568 153.23940312862396 8389.2199563682079 5146.0648796856403 2427.126122251153 380.39387073367834 2217.4943080991507 2439.2359092757106 3493.9681804031134 134.01788845658302 414.40555074810982 235.76286955177784 8766.4286136031151 1102.1356329396367
leaf_count=3180 7824 973 34380 23494 9946 2134 10562 12798 16310 564 2529 1534 36296 5627
internal_value=4.16819e-05 -0.00292535 0.000892984 0.00187392 0.000884669 -0.00502848 -0.000350492 -0.00672169 -0.000626676 1.0472e-05 0.00378241 -0.00657067 -0.000889743 -0.00169139
internal_weight=37618.7 8365.97 29252.7 16376.8 10816.3 4348.98 12875.9 2866.45 4016.99 3627.99 5560.47 389.002 10658.4 1482.53
internal_count=168151 43120 125031 70349 44326 23739 54682 15978 19381 16874 26023 2507 44120 7761
is_linear=0
shrinkage=0.03


Tree=103
num_leaves=15
num_cat=0
split_feature=0 1 0 0 1 0 0 0 1 3 3 0 1 3
split_gain=55.6653 54.9159 30.984 31.3242 21.9998 17.0922 16.0138 14.1574 6.5266 4.80231 4.64485 4.07206 4.03486 3.58437
threshold=-0.0051556924144032226 1.0852265344658598 0.0027063659757853818 -0.00046012491165091141 2.5625947355903973 0.0033182832894782231 0.014417644949242536 -0.010703741393565216 2.005251759939529 0.38125000000000003 0.5212500000000001 -0.0025283570821665246 -0.076061553923435513 0.52625000000000011
decision_type=8 8 10 8 10 10 8 10 10 10 10 10 10 10
left_child=7 2 3 -2 5 -3 -4 9 10 12 -9 -6 -1 -11
right_child=1 4 6 -5 11 -7 -8 8 -10 13 -12 -13 -14 -15
leaf_value=-0.0018199236654407021 -3.8409281333060727e-05 0.00075984655401504977 0.00084619385637641506 -0.0022629712666647102 0.013019749675277569 0.0059880533006830151 0.011344918067510984 0.0015922355344032005 0.012066816173294651 0.013198657587370785 0.0047526254213017677 0.005631671999749204 0.0083643168013165809 0.0046145052030619714
leaf_weight=59.460027858614922 10199.080508984625 3874.4558237195015 6125.0250145047903 13057.738047346473 87.910329237580299 658.54713675379753 124.93965141475201 1204.1262833327055 67.643295913934708 240.18442853540182 731.24393150210381 929.15152774751186 51.127053759992123 101.5084114074707
leaf_count=340 44599 16770 26202 60267 406 2993 578 5699 343 1439 3285 3966 331 559
internal_value=3.60154e-05 -0.000268718 -0.000785375 -0.00129042 0.00246376 0.00154411 0.00108344 0.0043948 0.00323542 0.0092185 0.00283547 0.00644923 0.0026941 0.0110228
internal_weight=37512.1 35056.8 29506.8 23256.8 5550.06 4533 6249.96 2455.29 2003.01 452.28 1935.37 1017.06 110.587 341.693
internal_count=167777 155781 131646 104866 24135 19763 26780 11996 9327 2669 8984 4372 671 1998
is_linear=0
shrinkage=0.03


Tree=104
num_leaves=14
num_cat=0
split_feature=1 0 0 0 0 0 1 3 0 3 1 3 1
split_gain=63.5352 40.0759 36.5121 32.7948 35.1616 28.3995 20.8077 16.6797 14.5235 11.4136 9.91926 9.77644 5.14532
threshold=0.65721629996608555 -0.003201857580337066 0.0012373289577195512 -0.0026645119348182159 0.0033182832894782231 -0.00043720626935942809 2.4564214737292143 0.30875000000000002 0.0092551009283870032 0.72125000000000006 -1.1651099638493381 0.3987500000000001 2.5625947355903973
decision_type=8 8 10 10 10 8 10 8 10 10 10 10 10
left_child=1 9 5 11 6 -3 -5 -4 -6 10 -1 -2 -13
right_child=3 2 7 4 8 -7 -8 -9 -10 -11 -12 12 -14
leaf_value=-0.0016386597751758473 0.011468543388021538 -0.00072560184717385752 -0.012963798590484306 -0.00014150595136472818 0.0046767787807290477 -0.0033757423841137457 0.0046145229220897477 0.00040592105700354544 0.014789573669146195 0.012651594874572934 0.0024366490160338465 0.0040709611326278884 0.011825673715808407
leaf_weight=613.04608447849751 304.85015355050564 7177.0245368853211 74.535850703716278 5580.3286386728287 1123.9270796328783 7536.1641200780869 957.94452127814293 9545.9217884242535 147.47233234345913 81.630957365036011 3386.6045079901814 875.15562940388918 91.250877320766449
leaf_count=2715 1531 31735 342 24265 4984 36127 4060 41062 743 366 15355 4038 436
internal_value=1.08823e-05 -0.000685706 -0.00114879 0.00219552 0.00145372 -0.00208846 0.000552136 0.000282753 0.00600287 0.00205673 0.00179451 0.00665883 0.00497825
internal_weight=37495.9 28414.9 24333.6 9080.93 7809.67 14713.2 6538.27 9620.46 1271.4 4081.28 3999.65 1271.26 966.407
internal_count=167759 127702 109266 40057 34052 67862 28325 41404 5727 18436 18070 6005 4474
is_linear=0
shrinkage=0.03


Tree=105
num_leaves=15
num_cat=0
split_feature=2 2 0 0 3 3 2 0 0 3 2 3 0 2
split_gain=88.6982 41.2124 30.7507 49.8869 24.03 22.1007 21.9961 17.8714 16.865 16.0652 28.5261 11.564 10.7283 7.65057
threshold=0.0022583477467551616 0.0041194717281430775 -0.0009444987947838712 0.0010190200297170084 0.60375000000000012 0.3887500000000001 0.0088198125431252512 -0.0080447891194758668 0.012260103503179713 0.4562500000000001 0.0022034277975385235 0.36875000000000008 -0.0055551076254080328 0.0016809067096505068
decision_type=8 8 10 10 10 10 10 10 10 10 10 10 10 10
left_child=2 4 9 5 7 -4 8 -2 -3 10 -1 -5 -6 -11
right_child=1 6 3 11 12 -7 -8 -9 -10 13 -12 -13 -14 -15
leaf_value=-0.00032380026057880892 0.0084435873243146071 0.001647076034255829 -0.0099905244278715426 0.0054574298650364242 0.004467673332574096 -0.0046493133742742491 0.0070263658430713 0.00030744178385970527 0.012790659275688586 -0.0030172678773664296 -0.020245932765420759 -0.0011279181887985455 -0.0023433535638547353 0.0053761482781150803
leaf_weight=721.44972006976604 237.58757875859737 9190.3152817934752 1036.1039938703179 276.38319674134254 203.67324139177799 2485.9409079998732 791.49218472838402 15892.358684971929 115.9336868673563 100.56939467787743 61.889175787568092 1467.1216405928135 4393.6202175319195 582.13359072804451
leaf_count=3527 1031 40981 6192 1332 846 14317 4667 65870 559 575 274 7047 18289 2595
internal_value=-2.31666e-05 0.000656752 -0.00314187 -0.00421164 -0.000106332 -0.0062614 0.0022276 0.000436159 0.00180592 0.000662226 -0.00220877 -2.46114e-05 -0.00201954 0.00402738
internal_weight=37556.6 30825 6731.59 5265.55 20727.2 3522.04 10097.7 16129.9 9306.25 1466.04 783.339 1743.5 4597.29 682.703
internal_count=168102 132243 35859 28888 86036 20509 46207 66901 41540 6971 3801 8379 19135 3170
is_linear=0
shrinkage=0.03


Tree=106
num_leaves=15
num_cat=0
split_feature=2 1 2 1 1 2 1 3 1 2 3 2 3 3
split_gain=102.545 50.4773 53 21.3918 19.0699 17.1366 15.9221 12.2273 12.1113 10.6873 12.4269 10.6354 6.03372 4.28232
threshold=0.0034434709815845299 0.83104242237676273 0.0019877204066549993 -0.50513384952702223 3.1880780260108446 0.0071915022378682041 -0.77249895144551728 0.61625000000000008 2.5625947355903973 0.0052406116286393594 0.61125000000000018 0.0011258670578612672 0.50375000000000003 0.51375000000000004
decision_type=8 10 10 8 10 8 10 10 10 10 8 10 10 10
left_child=1 2 11 9 7 8 -4 -3 -5 10 -2 -1 -11 -6
right_child=3 4 6 5 13 -7 -8 -9 -10 12 -12 -13 -14 -15
leaf_value=-0.01170205375617776 0.00021775958543423924 0.0014780132903812412 -0.0030217092386611061 0.0018321059416393571 0.0049010406424424132 0.0061151183489013394 -0.00075339796064872425 -0.0027681605040129958 0.0075909296033222027 0.00087012180078268708 -0.0037862954712891191 -0.0052060175640992476 0.004486094749931703 0.013558723533539221
leaf_weight=265.54538407921791 3431.261272624135 3511.7996195554733 4061.897317558527 8883.0602558255196 193.71448734402657 1060.7244527935982 9194.4197692126036 721.53176271915436 340.68786144256592 1344.9466647803783 858.44992052018642 2843.1370211169124 635.9924181997776 105.5894932448864
leaf_count=1977 13947 15188 17774 38009 815 6140 39225 3051 1531 6423 3497 16775 2930 433
internal_value=-0.000114511 -0.00151288 -0.00228987 0.00164688 0.0012781 0.00248897 -0.00145471 0.000735335 0.0020593 0.00025445 -0.000576513 -0.00581589 0.00207789 0.00848893
internal_weight=37452.8 20897.6 16365 16555.1 4532.64 10284.5 13256.3 4233.33 9223.75 6270.65 4289.71 3108.68 1980.94 299.304
internal_count=167715 95238 75751 72477 19487 45680 56999 18239 39540 26797 17444 18752 9353 1248
is_linear=0
shrinkage=0.03


Tree=107
num_leaves=15
num_cat=0
split_feature=1 0 0 1 0 0 0 0 3 3 1 3 3 3
split_gain=65.3607 49.094 35.9341 24.7806 23.1313 25.4159 21.475 19.5678 18.1921 7.32679 4.09891 2.6947 1.60072 0.0116889
threshold=0.72349149943762492 -0.0037312769321812271 0.0027063659757853818 3.1880780260108446 0.0074513926819164472 -0.0015685262580415363 -0.00082745345242874531 -0.009143318059400397 0.60875000000000012 0.30375000000000002 -0.38687716387844889 0.54125000000000012 0.44875000000000004 0.4512500000000001
decision_type=10 8 10 10 8 10 8 10 10 10 10 10 8 10
left_child=1 7 6 4 5 -2 -3 10 -4 -9 -1 13 -6 -5
right_child=3 2 8 11 12 -7 -8 9 -10 -11 -12 -13 -14 -15
leaf_value=0.0047260816709143181 0.0048201158333391284 -0.00026996057726326017 0.0018520456199070704 0.0079137471295883961 0.0046515383607026173 0.00071504921711099177 -0.002387248902132755 0.01042450706571924 -0.0023181613030382807 0.0013629443382392912 0.010642792746583701 0.01317955151023224 0.013193621543753973 0.0040013360420207787
leaf_weight=303.76145519316196 1760.0984377190471 6457.497433707118 4555.3965402841568 189.89683003723621 68.404150024056435 6065.3660691082478 13401.476731389761 75.600823074579239 1166.1118685007095 2769.9418424069881 270.89388728141785 142.31247028708458 160.31067711114883 123.0910896062851
leaf_count=1590 8012 27952 19583 824 355 26444 62394 345 4900 12167 1576 605 787 532
internal_value=3.22461e-05 -0.00064459 -0.00109781 0.00234402 0.00194291 0.00165099 -0.00170228 0.00272101 0.000989077 0.00166037 0.00775219 0.00911644 0.0111921 0.00673237
internal_weight=37510.2 29000.7 25580.5 8509.48 8054.18 7825.46 19859 3420.2 5721.51 2845.54 574.655 455.3 228.715 312.988
internal_count=168066 130507 114829 37559 35598 34456 90346 15678 24483 12512 3166 1961 1142 1356
is_linear=0
shrinkage=0.03


Tree=108
num_leaves=12
num_cat=0
split_feature=1 0 1 0 0 1 3 0 0 3 1
split_gain=54.5961 46.3312 38.3768 29.6338 12.3923 5.00843 3.03035 4.66512 2.27709 1.96049 1.53263
threshold=2.5625947355903973 -0.0097776924312434326 -0.64143520316693958 0.0086479515447942159 -0.0042609063521371528 -1.1236009919490295 0.47625000000000001 -0.0017495571167721435 0.00073738648560612641 0.53375000000000006 2.9892386251955929
decision_type=8 8 10 10 8 10 8 10 10 10 10
left_child=1 5 4 -4 -3 -1 7 -2 -9 -7 -8
right_child=6 2 3 -5 -6 9 10 8 -10 -11 -12
leaf_value=0 0.010869483172025213 0.0014991072767141296 0.00022094427734131844 0.0068886312773050575 -0.0020317936150339166 0.010546876657389263 0.0056433435818302752 0.00096939365213806244 0.0056089924931820951 0.004510191012944244 0.010516581428523211
leaf_weight=58.058815494179726 93.123928338289261 952.90567137300968 24020.218179285526 606.40024499595165 10258.932432159781 378.48755360394716 227.09753520786762 257.58578723669052 197.5449992865324 126.95361859351397 283.58363018929958
leaf_count=303 442 4201 106598 2858 46356 2291 1013 1102 859 693 1217
internal_value=6.13231e-05 -0.000133256 -0.000270175 0.000390293 -0.00172528 0.00832302 0.00674497 0.00477276 0.00318946 0.00926394 0.00861471
internal_weight=37460.9 36402 35838.5 24626.6 11211.8 563.5 1058.94 548.255 455.131 505.441 510.681
internal_count=167933 163300 160013 109456 50557 3287 4633 2403 1961 2984 2230
is_linear=0
shrinkage=0.03


Tree=109
num_leaves=15
num_cat=0
split_feature=2 1 2 1 0 0 0 0 0 0 1 0 1 2
split_gain=92.9493 49.1965 31.773 30.7727 24.6747 21.0244 26.2476 19.1682 18.3831 14.4339 8.18333 5.77808 5.76966 5.10262
threshold=0.0030729163931431467 0.3250001939790193 0.001445588710339061 1.5745383644308688 -0.010703741393565216 -0.0008856033047645388 0.00040252504061792047 -0.009143318059400397 0.014417644949242536 0.0020612868340231642 -1.0835056008814448 -0.0033776381542644815 2.6791864375262295 0.0061243861919275519
decision_type=8 10 10 8 8 10 10 10 10 10 10 10 10 8
left_child=1 2 9 4 10 11 -7 -4 -6 -1 -2 -3 13 -5
right_child=3 5 7 12 8 6 -8 -9 -10 -11 -12 -13 -14 -15
leaf_value=-0.010424882147494506 -0.0015586242563152132 0.0074772677278201307 0.012513913514054625 0.0031610614637682401 0.00083557409550603023 -0.0031067669710235358 0.0016125847681479598 -0.0024913261391500052 0.01201102194200418 0.0030766827496136588 0.010273124263584951 0.0026468666181883407 0.008406915423799911 0.0084187172555849257
leaf_weight=630.81866535544395 49.33354714512825 309.17588992416859 66.205429002642632 1140.5317239612341 19120.741808697581 1848.5500291436911 2448.9084941446781 9590.9812593236566 124.35756629705429 68.298208653926849 329.2680502384901 1106.6751638799906 421.40190028399229 217.23021417856216
leaf_count=4832 262 1270 283 4888 81456 8835 10606 44812 588 387 2045 4644 1894 1235
internal_value=0.000124237 -0.00159778 -0.00283082 0.0014201 0.00107223 0.000627848 -0.000406013 -0.00236941 0.000917104 -0.00899649 0.00857656 0.00378879 0.00519609 0.00410151
internal_weight=37472.5 16069.6 10356.3 21402.9 19623.7 5713.31 4297.46 9657.19 19245.1 699.117 378.602 1415.85 1779.16 1357.76
internal_count=168037 75669 50314 92368 84351 25355 19441 45095 82044 5219 2307 5914 8017 6123
is_linear=0
shrinkage=0.03


Tree=110
num_leaves=15
num_cat=0
split_feature=1 0 0 0 0 0 0 0 1 1 1 0 3 1
split_gain=52.5632 34.0268 46.9469 53.1116 25.0752 20.8957 14.1957 11.5143 7.44962 7.34298 6.90372 5.56228 2.8722 1.69219
threshold=-0.71037374039188639 -0.003201857580337066 0.00087616433058625382 -0.00037297150880163894 -0.0042609063521371528 0.0019399252004496149 0.0092551009283870032 -0.0084981284614338171 -1.8450947436383462 -0.12806309473469035 -1.1651099638493381 0.0099498557420046041 0.37625000000000003 -0.76120245961294131
decision_type=8 8 8 10 8 10 10 10 10 10 10 10 10 10
left_child=4 7 3 -3 10 8 -4 -2 -6 -9 12 -7 -1 -12
right_child=1 2 6 -5 5 11 -8 9 -10 -11 13 -13 -14 -15
leaf_value=-0.0054726844699771928 0.0072264615391716249 0.00075743948857886286 0.0014615296177217865 -0.0030690344369207795 -0.0072939154797647936 0.00020119886076031983 0.0064655486497536769 0.00051325270733507003 -0.0029846902028663239 0.0037129558601120189 0.0051557934378992174 -0.0058439259335033933 0.00071953864872356438 0
leaf_weight=72.184498310089111 594.8191324621439 7214.3290035277605 9850.8173165842891 5922.0292310193181 403.47904552519321 2537.2199794501066 538.61668229103088 1067.7946767956018 6244.041605964303 1845.4585988223553 531.91588334739208 134.36743360757828 328.78369837999344 77.447629824280739
leaf_count=338 3421 31594 42487 27896 1901 10834 2550 4610 28823 8309 2417 603 1488 352
internal_value=-5.50193e-05 0.000638906 0.000224568 -0.00096404 -0.0018758 -0.00236608 0.00173269 0.00339195 -0.00326582 0.00256646 0.0025665 -0.000101125 -0.000355263 0.00456063
internal_weight=37363.3 27033.9 23525.8 13136.4 10329.4 9319.11 10389.4 3508.07 6647.52 2913.25 1010.33 2671.59 400.968 609.364
internal_count=167623 120867 104527 59490 46756 42161 45037 16340 30724 12919 4595 11437 1826 2769
is_linear=0
shrinkage=0.03


Tree=111
num_leaves=15
num_cat=0
split_feature=2 1 0 0 0 2 1 0 0 1 0 0 0 1
split_gain=78.7653 43.2353 32.7577 29.184 31.4386 23.5425 22.3684 11.3731 9.19482 8.65896 8.37492 6.4252 6.73639 4.22289
threshold=0.0024177048866860667 1.7430398526547062 -0.0053505284069585114 0.0027063659757853818 -0.00066482403446349364 0.0059498431259504261 1.3320348130530442 0.0017343141189097124 -0.010703741393565216 -0.50513384952702223 0.0052497230220488293 0.00053974529043447682 -0.00017265298343091602 -0.15824222841507704
decision_type=8 10 8 10 10 8 10 8 10 10 10 10 10 10
left_child=1 3 8 4 -1 6 -4 -7 9 -2 -5 12 -3 -10
right_child=2 11 5 10 -6 7 -8 -9 13 -11 -12 -13 -14 -15
leaf_value=-0.00077693807000898919 0.0020025468669312716 0.0045383620724743848 -5.8559963616295196e-05 0.00035426435911310847 -0.005162293322817672 0.0047182046447459903 0.0027916388451034047 0.00095405372794169982 0.0019362320694302942 0.011593246574188457 0.0074894236466101789 0.0077596173947842911 -0.002323463627237652 0.0050794962323031491
leaf_weight=2217.2016093507409 151.46597500145435 327.36673377454281 20933.992607921362 618.3400170058012 4601.9615101665258 1694.5909887701273 2795.5789057463408 1345.3265715837479 984.41883742809296 274.31425733119249 194.06178365647793 286.46734909713268 187.49707819521427 768.25431945174932
leaf_count=10706 825 1436 86576 2709 25880 8065 11695 6860 4480 1767 814 1232 879 3798
internal_value=0.000144 -0.00240381 0.000888854 -0.0031051 -0.00374844 0.000597522 0.000275729 0.00308063 0.00442232 0.0084434 0.00220197 0.00415698 0.00192853 0.00336907
internal_weight=37380.8 8432.9 28947.9 7631.56 6819.16 26769.5 23729.6 3039.92 2178.45 425.78 812.402 801.331 514.864 1752.67
internal_count=167722 43656 124066 40109 36586 113196 98271 14925 10870 2592 3523 3547 2315 8278
is_linear=0
shrinkage=0.03


Tree=112
num_leaves=15
num_cat=0
split_feature=2 1 2 1 1 3 2 2 1 1 3 3 1 3
split_gain=77.4355 53.8797 40.8805 17.636 15.4823 14.3486 13.5887 12.8132 11.7814 11.7055 9.86023 8.57831 8.04692 3.67608
threshold=0.003599897591987184 1.2429795763090199 0.0016585640722040918 -0.45588390757371849 -1.138085543162108 0.45875000000000005 0.0088198125431252512 0.0037610934198525005 1.7908368253636169 3.1880780260108446 0.36625000000000002 0.56625000000000003 -1.5774901982303859 0.54125000000000012
decision_type=8 10 10 10 10 10 10 10 10 10 8 10 10 10
left_child=1 2 12 -4 5 10 8 -7 -6 11 -2 -3 -1 -11
right_child=4 9 3 -5 6 7 -8 -9 -10 13 -12 -13 -14 -15
leaf_value=-0.015433808799627127 -0.0032486302948298335 0.0029018304329947622 -0.0022297534198822823 -0.00031067155174796318 0.0017166095264461647 0.0063292970901964894 0.0064894710717869168 -0.0040035057686381619 0.0053917860117160101 0.0050861023152027262 0.0036782825515173758 -0.00082672207592341253 -0.0054706145378687898 0.01321170340361826
leaf_weight=78.620192356407642 225.06347002089024 2185.8583969175816 7596.7868281006813 10151.451590150595 11110.145667761564 107.89142438769341 643.3863088041544 996.84698392450809 858.51002125442028 227.80808001756668 771.08275453746319 708.03297778964043 1573.190007686615 96.373303160071373
leaf_count=605 984 9393 33833 43535 48218 439 3915 4260 3967 958 3372 2949 10801 395
internal_value=0.000136122 -0.000964005 -0.00156243 -0.00113627 0.00183092 -0.000528375 0.00222879 -0.00289283 0.00198952 0.00261868 0.00203689 0.00196922 -0.00607095 0.0080043
internal_weight=37331 22618.1 19400 17748.2 14712.9 2100.88 12612 1104.74 11968.7 3218.07 996.146 2893.89 1651.81 324.181
internal_count=167624 102469 88774 77368 65155 9055 56100 4699 52185 13695 4356 12342 11406 1353
is_linear=0
shrinkage=0.03


Tree=113
num_leaves=14
num_cat=0
split_feature=2 2 1 1 2 3 2 1 3 1 2 1 3
split_gain=72.4245 36.6602 30.147 27.8126 20.3665 14.8971 12.9464 11.2126 8.11528 8.00756 7.88867 7.61717 4.45931
threshold=0.0022811186681237655 0.0062267357866081985 1.0852265344658598 0.72349149943762492 0.0014092396667470914 0.4562500000000001 0.0030863654409954808 2.5625947355903973 0.67125000000000012 -1.2726131171810871 0.011644782828630353 3.4776108912586401 0.42875000000000002
decision_type=8 10 10 8 10 10 10 10 10 10 10 10 10
left_child=2 3 4 6 9 -6 -2 -5 10 -1 -3 12 -4
right_child=1 8 11 7 5 -7 -8 -9 -10 -11 -12 -13 -14
leaf_value=-0.017133573136448092 -0.0012760157105458263 0.0027513338619603242 -0.0011739706412457389 0.0015794859195669127 -0.0043633959949623815 -0.00094835081777585499 0.00029286718824349202 0.0055945907340986594 0.011356933634612366 -0.0067804353210555593 0.007776598712229796 0.0097193367280703769 0.0024169763708785344
leaf_weight=82.195375137031078 7080.6345814168453 2730.8868229612708 575.86584168672562 5273.6842438131571 2771.2655161246657 2060.4549174755812 14132.862542971969 723.50864163041115 117.48587714135647 743.33883047103882 328.48200350999832 82.043565303087234 627.53560675680637
leaf_count=664 30409 13908 2720 22175 14671 10346 58468 3075 604 5418 1991 355 2862
internal_value=4.96587e-06 0.00063836 -0.00275564 0.000279324 -0.00369965 -0.00292443 -0.000228322 0.00208237 0.00368425 -0.00807579 0.00333402 0.00134913 0.000653633
internal_weight=37330.2 30387.5 6942.7 27210.7 5657.25 4831.72 21213.5 5997.19 3176.85 825.534 3059.37 1285.45 1203.4
internal_count=167666 130630 37036 114127 31099 25017 88877 25250 16503 6082 15899 5937 5582
is_linear=0
shrinkage=0.03


Tree=114
num_leaves=15
num_cat=0
split_feature=2 0 0 0 0 2 3 2 2 3 2 3 3 3
split_gain=71.0558 28.5942 25.9749 27.2498 29.7285 21.6868 25.6563 9.37961 7.70882 9.66752 7.67938 6.67835 6.12614 2.53664
threshold=0.0022415236238326618 -0.0053505284069585114 -0.0026645119348182159 0.0011458993517102589 -0.00029028835979325485 0.0059498431259504261 0.60875000000000012 0.0025316596608429532 0.0019437657720499731 0.41125000000000006 0.0026811221100681462 0.36875000000000008 0.62375000000000014 0.45375000000000004
decision_type=8 10 10 10 10 8 10 8 10 10 8 10 8 10
left_child=2 7 8 4 -4 6 -3 -2 9 -1 -9 -5 -7 -10
right_child=1 5 3 11 -6 12 -8 10 13 -11 -12 -13 -14 -15
leaf_value=0.00031806812846937741 -0.006532137393403888 0.00063553542500466645 -0.0016743874675121684 0.0046257710676782179 -0.0066041311797630075 0.0023085727998540294 -0.0017089190700424956 0.014359461017762282 -0.0015782371763798703 0.017005267550435958 0.0039130937981976038 -0.00066973426346964753 0.0067004357567334253 0.003766783620493912
leaf_weight=64.087772116065025 61.468425720930099 20361.462360277772 2037.3021035417914 245.5892231464386 2515.5708933994174 2674.2395191937685 5277.2356407791376 62.073247298598289 127.7011795938015 70.616993919014931 2121.3769118487835 1289.0462586805224 337.37519712746143 155.53756453096867
leaf_count=317 251 84862 10899 1184 14981 13146 22034 251 550 329 10734 6192 1654 663
internal_value=9.27496e-05 0.000694511 -0.00275256 -0.00325623 -0.00441984 0.000435992 0.000150157 0.00395064 0.004348 0.0100514 0.00430154 0.000163327 0.00284097 0.00118067
internal_weight=37400.7 30895.2 6505.45 6087.51 4552.87 28650.3 25638.7 2244.92 417.944 134.705 2183.45 1534.64 3011.61 283.239
internal_count=168047 132932 35115 33256 25880 121696 106896 11236 1859 646 10985 7376 14800 1213
is_linear=0
shrinkage=0.03


Tree=115
num_leaves=15
num_cat=0
split_feature=2 0 0 0 2 0 0 0 2 3 3 0 3 3
split_gain=67.4341 33.9302 63.3604 26.5929 22.0746 14.77 14.5001 14.1169 13.1494 12.3259 10.5797 6.2195 8.62311 3.69641
threshold=0.0022415236238326618 -0.00029028835979325485 0.00058631126683921007 -0.0065479513879402066 0.0034190409572881493 -0.0044985007898030718 -0.0012556167928797826 0.014417644949242536 0.0018374936339392381 0.69125000000000003 0.39625000000000005 -0.010703741393565216 0.40375000000000011 0.53625000000000012
decision_type=8 10 10 8 8 10 10 10 8 10 10 10 10 10
left_child=1 5 10 11 6 -1 -5 -6 -7 -4 -3 13 -13 -2
right_child=3 2 9 4 7 8 -8 -9 -10 -11 -12 12 -14 -15
leaf_value=0.01114078665229582 0.0090359497620621128 -0.011942476560612808 -0.0015892266520876764 0.0011057173107721775 0.00099483580106301183 -0.0032349260360041176 -0.0011429006719222326 0.01104425944999409 0.0012750284473508951 0.0089635409051137347 -0.0067563644308058371 0.0076664239259083668 0.0013765866603196301 0.0013724966832671225
leaf_weight=91.477854579687119 332.6258964240551 639.21612250059843 2118.7888615429401 3432.0237019211054 15678.106654122472 967.67068192362785 10104.389951363206 118.24161677062511 1408.2429913878441 93.331862799823284 1180.9615270495415 267.06060995161533 816.85863801091909 96.036186128854752
leaf_count=398 2093 4018 10704 14074 67370 5907 42830 577 6520 485 7112 1354 3932 546
internal_value=-6.28349e-05 -0.00283893 -0.00453127 0.000520927 0.000317952 -4.19187e-05 -0.000567961 0.0010808 -0.000542514 -0.00107866 -0.00866573 0.00438978 0.00303707 0.00752626
internal_weight=37345 6499.69 4032.3 30845.3 29332.8 2467.39 13536.4 15796.3 2375.91 2212.12 1820.18 1512.58 1083.92 428.662
internal_count=167920 35144 22319 132776 124851 12825 56904 67947 12427 11189 11130 7925 5286 2639
is_linear=0
shrinkage=0.03


Tree=116
num_leaves=15
num_cat=0
split_feature=2 1 1 2 1 3 2 2 3 1 3 2 2 2
split_gain=64.0691 33.0852 31.5619 23.5205 22.1478 17.9359 15.8971 15.2284 10.3581 10.0503 8.60198 7.90454 7.80783 2.01976
threshold=0.0022583477467551616 -0.40724782905444784 -1.0581604452977842 0.0041194717281430775 3.1880780260108446 0.61625000000000008 0.0034190409572881493 0.0010889261252982538 0.50125000000000008 1.7908368253636169 0.42125000000000007 0.0015802097810649572 0.0037435674904515545 0.0022034277975385235
decision_type=8 10 10 10 10 10 8 10 10 10 10 10 10 10
left_child=1 10 6 5 7 -4 8 -3 -2 -5 13 -12 -8 -1
right_child=2 4 3 9 -6 -7 12 -9 -10 -11 11 -13 -14 -15
leaf_value=-0.0069536682250324177 -0.0054067973103079882 -0.0096632185323580564 0.00093752072421962997 0.0020920492657342978 0.011058019343184407 -0.0014231449829472092 0.0030270931084304029 -0.00097003589280845114 -0.00095891255194105387 0.006212612535066807 -0.0087062824134211871 -0.0025428141146069147 -0.00089309888069958546 -0.013842251846343594
leaf_weight=957.70170756429434 1176.7290103435516 182.74999692291021 14064.260350808501 7566.7896325439215 121.97766627371311 3622.5011740922928 562.20499259233475 3951.6687518581748 851.65970949828625 586.61604212969542 237.20754695683718 1110.4150873571634 2248.9079687446356 64.51938708126545
leaf_count=5953 5055 1271 58350 34906 530 15127 2317 20057 3666 2923 1861 5774 9732 332
internal_value=7.2005e-05 -0.00259906 0.00065152 0.00106935 -0.000995251 0.000450101 -0.00156469 -0.00139116 -0.00358256 0.00240311 -0.00543811 -0.00372804 -7.98658e-05 -0.00757647
internal_weight=37305.9 6626.24 30679.7 25840.2 4256.4 17686.8 4839.5 4134.42 2028.39 8153.41 2369.84 1347.62 2811.11 1022.22
internal_count=167854 35778 132076 111306 21858 73477 20770 21328 8721 37829 13920 7635 12049 6285
is_linear=0
shrinkage=0.03


Tree=117
num_leaves=15
num_cat=0
split_feature=1 0 0 1 0 0 3 1 3 1 0 3 3 3
split_gain=42.438 33.9937 26.7311 25.0736 19.8189 20.1077 12.6926 10.0384 9.10524 6.2917 5.1359 4.51342 3.22364 2.15576
threshold=-0.40724782905444784 0.0081776640269217316 -0.003201857580337066 2.8192056832459476 -0.0021620054029895387 0.0018131082349302585 0.68125000000000013 -1.1651099638493381 0.40125000000000005 -0.021162657617581414 -0.0062679720304125762 0.3987500000000001 0.49625000000000002 0.49875000000000008
decision_type=10 10 10 10 8 10 10 10 10 10 8 10 10 10
left_child=4 2 10 -4 7 6 -6 13 -7 -3 -2 -9 -11 -1
right_child=1 9 3 -5 5 8 -8 11 -10 12 -12 -13 -14 -15
leaf_value=-0.0028009640428730896 0.0052351950826422505 0.0021704630773031462 4.7611135562568226e-05 0.0058733494412304887 -0.0030420771823704397 0.0031629917531058793 0.001426579481169393 0.0047323525918447308 -0.00068712849346823032 0.0062423516103117241 0.0023950653104422388 0.0012555252758186927 0.012842557253856118 6.2819300917678046e-05
leaf_weight=585.77833579480648 954.53295217454433 163.33715942502022 18320.204637289047 680.94233803451061 7001.4477613940835 649.29679362475872 598.06236768513918 435.38495148718357 3396.0577831566334 227.41374929249287 1869.0400693789124 1828.9581079334021 209.66886745393276 325.76803654432297
leaf_count=2613 5183 739 81185 2917 33263 2858 2735 2015 14492 1143 8225 7949 985 1386
internal_value=4.54187e-05 0.000870071 0.000671445 0.000262523 -0.00119805 -0.00177239 -0.00268111 0.000887952 -4.80967e-05 0.00786238 0.00339146 0.00196829 0.00975911 -0.00172282
internal_weight=37245.9 22425.1 21824.7 19001.1 14820.8 11644.9 7599.51 3175.89 4045.35 600.42 2823.57 2264.34 437.083 911.546
internal_count=167688 100377 97510 84102 67311 53348 35998 13963 17350 2867 13408 9964 2128 3999
is_linear=0
shrinkage=0.03


Tree=118
num_leaves=15
num_cat=0
split_feature=1 0 0 0 1 0 0 3 0 1 3 3 0 3
split_gain=42.8509 30.4344 28.5536 26.5242 14.4591 16.7227 13.9662 12.831 11.8159 10.4815 6.68386 6.29121 3.54581 1.6449
threshold=1.0852265344658598 -0.0032884539664639867 0.00082159576828511516 -0.00043720626935942809 3.1880780260108446 0.0036267477264901437 -0.009143318059400397 0.61875000000000013 -0.00058519450179282488 -1.1941445461649949 0.47625000000000001 0.37875000000000009 1.983766620259071e-05 0.44375000000000003
decision_type=10 8 10 8 10 8 10 10 10 10 8 10 10 10
left_child=1 6 3 -3 5 8 11 -4 -2 -8 -7 -1 -6 -14
right_child=4 2 7 -5 12 10 9 -9 -10 -11 -12 -13 13 -15
leaf_value=0 0.0031584361685247685 -0.00053825044245241985 0.00072005109310578576 -0.0030983901002137933 0.010684822381491644 0.0027270682308099532 -0.0027467599722271149 -0.0017415982796410187 4.8656188993164559e-05 0.0018355713789862649 0.0093427869745165929 0.007691528809633013 0.00032191348309072064 0.0062246621817170994
leaf_weight=127.56816031038761 1812.66421341151 8136.5035951063037 10024.366960734129 6694.0042648240924 203.82074200361967 297.22923497855663 504.96731163561344 2335.0315160080791 2874.6133482307196 3166.6371327191591 342.1934559494257 474.20403123646975 90.306153699755669 150.5187724083662
leaf_count=768 8110 36017 43712 32822 892 1404 2205 10000 12502 13945 1571 2673 390 642
internal_value=-2.35232e-06 -0.000440028 -0.000811596 -0.00169917 0.00236995 0.00191231 0.00190648 0.000249095 0.00126821 0.0011833 0.00644927 0.0061293 0.00755776 0.0043515
internal_weight=37234.6 31463.3 27189.9 14830.5 5771.35 5326.7 4273.38 12359.4 4687.28 3671.6 639.423 601.772 444.646 240.825
internal_count=167653 142142 122551 68839 25511 23587 19591 53712 20612 16150 2975 3441 1924 1032
is_linear=0
shrinkage=0.03


Tree=119
num_leaves=15
num_cat=0
split_feature=2 1 2 1 1 3 2 3 1 3 2 3 3 2
split_gain=64.5437 34.7011 22.6858 22.0687 19.6691 18.2047 16.9197 8.88382 8.29227 9.36275 7.47 10.7455 7.22982 5.94128
threshold=0.001867979531125979 -0.40724782905444784 0.0030975723142180316 2.5625947355903973 0.054087385314740145 0.49625000000000002 0.0040707763470456222 0.61375000000000013 2.5625947355903973 0.51125000000000009 0.0011258670578612672 0.42625000000000007 0.44375000000000003 0.0046771635379937336
decision_type=8 10 10 10 10 10 8 10 10 10 10 10 10 8
left_child=4 2 5 6 10 -2 -3 -4 9 -6 11 -1 -12 -5
right_child=1 3 7 13 8 -7 -8 -9 -10 -11 12 -13 -14 -15
leaf_value=-0.0036377376019260652 -0.0037964359292291128 0.00044865331110432755 0.00068152403511745525 0.0045545232855715625 -0.0010095950898891888 -0.00011706904816213503 0.0023998863581671543 -0.0017841516870218252 0.005082062685762616 -0.0073029764417993854 -0.0073246351893177242 -0.019591376983481203 -0.0026274073978539798 0.011792015282371235
leaf_weight=89.823994599282742 2985.8119247108698 13742.781431809068 7099.7820841744542 775.64913599193096 1115.9141838923097 2089.5188686102629 5699.57105666399 1597.0975906997919 138.02833406627178 264.89622262120247 838.45932077616453 87.315780706703663 553.03698040544987 133.73913510143757
leaf_count=690 13702 57582 30295 3219 6350 9386 26803 6665 644 1516 5637 736 3621 716
internal_value=7.8157e-05 0.000455991 -0.000703879 0.00124379 -0.00406643 -0.00229664 0.00102469 0.000220306 -0.00156458 -0.00230389 -0.00642559 -0.0124489 -0.00553265 0.00580085
internal_weight=37211.4 34124 13772.2 20351.7 3087.47 5075.33 19442.4 8696.88 1518.84 1380.81 1568.64 177.14 1391.5 909.388
internal_count=167562 148368 60048 88320 19194 23088 84385 36960 8510 7866 10684 1426 9258 3935
is_linear=0
shrinkage=0.03


Tree=120
num_leaves=15
num_cat=0
split_feature=1 0 0 0 1 0 0 3 3 1 3 3 3 0
split_gain=41.4393 25.9448 31.3451 32.6187 15.1315 12.655 19.0024 10.415 7.10178 6.30034 6.14097 5.78363 5.26249 4.1419
threshold=-0.32833771128418837 -0.0051556924144032226 0.00096216234887393909 -0.00050632814563715469 1.7908368253636169 -0.0021620054029895387 0.0022347214628811369 0.68125000000000013 0.41375000000000001 -1.2099351634385063 0.39625000000000005 0.54375000000000007 0.3987500000000001 -0.010703741393565216
decision_type=8 10 10 10 10 8 10 10 8 10 8 10 10 10
left_child=5 10 3 -3 -4 9 7 -7 -8 11 -2 -1 -11 -12
right_child=1 2 4 -5 -6 6 8 -9 -10 12 13 -13 -14 -15
leaf_value=-0.00019923421789358209 0.009039174088784574 0.0010714895813852294 0.0015804043188030307 -0.002051096957804473 0.0056621182551982114 -0.0026425147971716992 0.0027907433315689989 0.0011426771601105864 -0.00044739446598770967 0.003878288657270797 0.0080656589935140001 -0.0060121407399326742 0.00047652899588630413 0.0026639190048889884
leaf_weight=608.29225969314575 284.04711638391018 6592.2067498639226 6947.6047390848398 5510.7836061418056 938.80087740719318 8160.648203253746 751.38173604011536 682.53230595588684 2991.2053830623627 517.05050498992205 170.02836032211781 208.089959025383 2120.7512008175254 808.54667057096958
leaf_count=2685 1607 28577 30137 25683 4099 38560 3287 3094 12718 2397 1110 895 9229 3906
internal_value=6.87748e-06 0.000877109 0.000608948 -0.000345866 0.00208045 -0.00114222 -0.00158447 -0.00234263 0.000192427 0.000451779 0.00503726 -0.00180833 0.00117812 0.00373526
internal_weight=37292 21252 19989.4 12103 7886.41 16040 12585.8 8843.18 3742.59 3454.18 1262.62 816.382 2637.8 978.575
internal_count=167984 95119 88496 54260 34236 72865 57659 41654 16005 15206 6623 3580 11626 5016
is_linear=0
shrinkage=0.03


Tree=121
num_leaves=15
num_cat=0
split_feature=0 1 0 0 0 1 1 0 3 1 3 3 3 1
split_gain=33.5589 27.0908 18.1673 28.5047 16.6925 9.44565 8.51322 6.02221 8.10876 5.7529 3.88392 2.42963 5.1538 3.62047
threshold=-0.0053505284069585114 1.7430398526547062 0.0015393805891067537 -0.00043720626935942809 0.004591353258762562 -0.33830324058772726 -0.33830324058772726 -0.0080447891194758668 0.37375000000000008 3.1880780260108446 0.5212500000000001 0.41375000000000001 0.54375000000000007 -0.021162657617581414
decision_type=8 10 10 10 10 10 10 10 10 10 10 10 10 10
left_child=5 2 3 -2 9 7 -4 8 -1 -3 -9 13 -13 -7
right_child=1 4 6 -5 -6 11 -8 10 -10 -11 -12 12 -14 -15
leaf_value=-0.0040739375695503285 1.8636591490100625e-05 0.0012063012709452139 -0.00041644122366306147 -0.0021432412387414903 0.011055187861241973 0.0012161158982204299 0.0012982124958627306 -0.0023450856270579652 0.0058458159113928222 0.0051016833558381602 0.0024659311197224301 0.0018417688895515463 0.0068822020347119421 0.009427418449804513
leaf_weight=76.983590841293335 11399.492980502546 2120.5220698863268 4773.7432736009359 10479.797124713659 187.59483969211578 83.9439682289958 5619.8023445606232 392.44657523930073 373.90150497108698 420.85618558526039 225.09989595413208 459.40418453514576 366.46581371128559 266.79381383955479
leaf_count=417 50057 9173 20548 49742 919 455 24311 1763 1905 1805 979 2424 1805 1542
internal_value=-4.87278e-05 -0.000278775 -0.000523281 -0.00101463 0.00258221 0.0034966 0.000505263 0.00135921 0.0039703 0.00189237 -0.000484477 0.0053591 0.00420574 0.00771668
internal_weight=37246.8 35001.8 32272.8 21879.3 2728.97 2245.04 10393.5 1068.43 450.885 2541.38 617.546 1176.61 825.87 350.738
internal_count=167845 156555 144658 99799 11897 11290 44859 5064 2322 10978 2742 6226 4229 1997
is_linear=0
shrinkage=0.03


Tree=122
num_leaves=15
num_cat=0
split_feature=1 0 0 1 0 0 3 3 1 3 3 1 1 3
split_gain=34.2834 26.5967 24.1341 24.8348 13.6978 19.1362 8.53597 8.50488 7.83692 7.12448 5.18763 4.9087 0.588682 0.15724
threshold=-0.31818666965122427 0.0092551009283870032 -0.0057640954610213386 2.5625947355903973 -0.0021033192375306078 0.0019399252004496149 0.72125000000000006 0.41375000000000001 0.37680513618660788 0.72125000000000006 0.41125000000000006 -1.1794747233830412 0.098929137813321882 0.4612500000000001
decision_type=10 10 8 10 8 10 10 8 10 8 10 10 10 8
left_child=4 2 10 -4 9 6 -6 -7 12 11 -2 -1 -3 -10
right_child=1 8 3 -5 5 7 -8 -9 13 -11 -12 -13 -14 -15
leaf_value=-0.0015394308857220192 0.0085676536696708723 0.0048023269252630389 0.00014334951668753529 0.0049440281991697081 -0.0025141726759059912 0.0027778827854270487 0.0028892955598700657 -0.00054650525758556505 0.0064162230273958403 0.0092030947202695647 0.0035105911749160794 0.0010315681421615725 0.00035173406625866829 0.014458941344879628
leaf_weight=879.37868386507034 298.91584392637014 123.83394132554531 18713.736936345696 1015.1707105115056 8151.9920963346958 858.96200960874557 253.61649580299854 3370.0017389804125 61.66664807498455 74.913668766617775 713.37455672025681 2578.0243577137589 75.286790236830711 135.09817473590374
leaf_count=3858 1746 569 82847 4405 38773 3775 1101 14343 344 323 3716 11382 354 667
internal_value=-9.14068e-06 0.000784466 0.000632188 0.000395792 -0.00105028 -0.00151308 -0.00234077 0.000119531 0.00840263 0.000587766 0.00513177 0.000357785 0.00350378 0.0126607
internal_weight=37304 21137.1 20741.2 19728.9 16166.9 12634.6 8405.61 4228.96 395.886 3532.32 1012.29 3457.4 199.121 196.765
internal_count=168203 94648 92714 87252 73555 57992 39874 18118 1934 15563 5462 15240 923 1011
is_linear=0
shrinkage=0.03


Tree=123
num_leaves=15
num_cat=0
split_feature=2 2 0 0 2 0 0 0 3 2 0 0 3 3
split_gain=51.1287 24.3357 20.0273 16.3333 14.884 16.9666 14.7908 37.7673 11.2396 10.2741 8.95657 8.33586 7.4384 5.59239
threshold=0.0034434709815845299 0.001445588710339061 0.00076532002641895751 -0.00029028835979325485 0.0063816902915668086 0.0086479515447942159 -0.00077369828667790957 0.00038089203784715388 0.30875000000000002 0.0010889261252982538 -0.0080447891194758668 0.0055487076018163779 0.46375000000000005 0.33875000000000005
decision_type=10 8 10 10 10 10 8 10 10 10 10 10 10 10
left_child=1 2 3 -1 5 8 10 -8 -2 -4 -3 13 -13 -6
right_child=4 6 9 -5 11 -7 7 -9 -10 -11 -12 12 -14 -15
leaf_value=-0.002259470997355852 0.0068892492202118367 0.0059478837908341683 -0.0082876838526707488 -0.010996970266319888 -0.0011012680699238624 0.0065480853394635956 -0.0033744084586640726 -3.4630527920988478e-05 0.00056888933582752751 0.0050608264028641735 0.00027842861193212303 -0.0032849056220025752 0.004180177147846036 0.004406245215657194
leaf_weight=355.91049180179834 250.66262866556644 253.66431847214699 56.429214000701904 490.02745277434587 156.8695332556963 456.1114237010479 4742.4118863865733 8597.6033657118678 12750.176966413856 206.61464745551348 6124.4862939864397 290.25949962437153 188.76570944488049 2240.9924894198775
leaf_count=2468 1092 1093 386 3830 839 2059 22838 37628 53514 1244 26213 1603 1000 11768
internal_value=7.66188e-05 -0.00090695 -0.00521889 -0.0074603 0.00133422 0.000907929 -0.000658875 -0.00122806 0.000700562 0.00177885 0.000522258 0.0032974 -0.000195181 0.00401794
internal_weight=37161 20827.1 1108.98 845.938 16333.8 13457 19718.2 13340 13000.8 263.044 6378.15 2876.89 479.025 2397.86
internal_count=167575 95700 7928 6298 71875 56665 87772 60466 54606 1630 27306 15210 2603 12607
is_linear=0
shrinkage=0.03


Tree=124
num_leaves=15
num_cat=0
split_feature=2 2 0 0 3 0 2 3 3 2 2 2 3 3
split_gain=47.7685 22.63 21.8739 25.7925 13.7698 15.3177 13.7073 12.303 10.4663 13.0713 10.2747 17.0232 9.23615 8.95068
threshold=0.001907142958340269 0.0039915687364262924 0.00076532002641895751 -0.00058519450179282488 0.60375000000000012 -0.0080447891194758668 0.0024636053458222591 0.35125000000000001 0.69875000000000009 0.0041467061150979615 0.0010889261252982538 0.0013719695818470397 0.42125000000000007 0.46625000000000011
decision_type=8 10 10 10 10 8 8 10 10 10 10 10 10 10
left_child=2 4 3 7 5 -2 -6 -1 12 -10 -4 -12 -3 -5
right_child=1 8 10 13 6 -7 -8 -9 9 -11 11 -13 -14 -15
leaf_value=0.00891238839591031 0.0076754246216099858 0.002716290286792461 -0.010967964652506799 -0.0089677711635589973 0.0011750050203553535 7.9344439449658389e-05 -0.0024790618041166585 -0.0020282835106346449 -0.0014049228760684928 0.011233754821576623 0.010944310780824688 -0.00046106020740015533 0.00072566597961178949 -0.0037767181182898832
leaf_weight=95.213873587548733 232.57540951669216 2972.3665757477283 57.709731034934521 1012.8831264153123 1188.9513127207756 17766.658625394106 3791.5171409547329 717.59518361836672 98.334644913673401 199.85511844605207 126.16014475375414 813.02735739201307 7579.7068008854985 523.32524380087852
leaf_count=520 1019 13945 399 7104 5460 75417 15708 4070 397 911 775 4140 34308 3554
internal_value=-4.47581e-06 0.000332469 -0.00341999 -0.00499584 -0.000198483 0.000185036 -0.00159412 -0.000581013 0.00146164 0.00696084 0.000246377 0.00110696 0.00129412 -0.00727405
internal_weight=37175.9 33830 3345.91 2349.02 22979.7 17999.2 4980.47 812.809 10850.3 298.19 996.897 939.188 10552.1 1536.21
internal_count=167727 147165 20562 15248 97604 76436 21168 4590 49561 1308 5314 4915 48253 10658
is_linear=0
shrinkage=0.03


Tree=125
num_leaves=15
num_cat=0
split_feature=2 1 2 3 1 3 1 2 3 2 1 2 3 2
split_gain=41.1123 30.8887 19.6116 18.1713 16.0434 14.8666 11.073 9.15403 8.80277 8.0805 4.86604 4.8395 6.2556 3.58208
threshold=0.0024304647363403431 -0.14820887064369262 0.0062267357866081985 0.49375000000000008 2.5625947355903973 0.60875000000000012 1.7430398526547062 0.0012970047784985046 0.53625000000000012 0.001445588710339061 3.4776108912586401 0.011644782828630353 0.62375000000000014 0.0026500800987296421
decision_type=8 10 8 10 10 10 10 10 10 10 10 10 10 10
left_child=1 3 4 9 5 -2 7 -3 -5 -1 -8 12 -4 -6
right_child=2 6 11 8 13 -7 10 -9 -10 -11 -12 -13 -14 -15
leaf_value=-0.0096086632768193972 0.00055604743322023556 -0.0054906466795801396 0.0017991615703490409 0.0030726179340435636 -7.317896030802266e-05 -0.0012761855815726893 0.0019711712507978346 -0.00031425629092545355 -0.0023373182316153464 -0.0044672001861949164 0.0089829558133590528 0.0063374715137182163 0.0061794755083231061 0.0058088802437681062
leaf_weight=349.13919670879841 19798.643771767616 332.03789702802896 2572.7144664674997 354.09636921435595 87.24618037045002 4969.20416636765 715.3630955517292 3446.1212357580662 996.09279961138964 2203.4399238750339 103.48474022746086 324.88230998814106 343.47566179931164 561.05818219482899
leaf_count=2804 82788 2342 13263 2015 353 20669 3178 16545 5177 11858 439 2007 1789 2430
internal_value=4.94293e-05 -0.00177989 0.000594532 -0.00373944 0.000311107 0.000185656 -9.87352e-05 -0.000798308 -0.000862255 -0.00522861 0.00302739 0.00279087 0.00235494 0.00493707
internal_weight=37157 8499.78 28657.2 3902.77 25416.2 24767.8 4597.01 3778.16 1350.19 2552.58 818.848 3241.07 2916.19 648.304
internal_count=167657 44358 123299 21854 106240 103457 22504 18887 7192 14662 3617 17059 15052 2783
is_linear=0
shrinkage=0.03


Tree=126
num_leaves=13
num_cat=0
split_feature=2 1 2 0 0 1 0 2 0 0 2 0
split_gain=36.0086 25.8452 21.3073 23.4187 19.8853 18.6449 14.1814 13.8478 12.7631 11.5823 6.81979 6.59214
threshold=0.001867979531125979 -0.79349096514732265 0.0037934352431188167 0.0052497230220488293 -0.0025950212133476311 -0.076061553923435513 0.00053974529043447682 0.0032794510662527919 -0.010703741393565216 0.0012995561505921398 0.0037610934198525005 0.0027063659757853818
decision_type=8 8 8 10 10 10 10 8 8 10 10 10
left_child=4 7 3 -3 -1 9 -7 11 -4 -6 -9 -2
right_child=1 2 8 -5 5 6 -8 10 -10 -11 -12 -13
leaf_value=0.0094483959542797855 -0.0030799346516810254 -0.00017358443643148092 0.0082740220353403372 0.0047440950291403744 -0.0076658293382379323 -0.0034402233907710024 0.0023311327996412595 0.0017022587822748854 0.0016950450315664787 -0.00075943584656776677 -0.00080081435020200309 0.00046108339672670719
leaf_weight=97.796538084745407 3099.6746944636106 15438.358903989196 269.84945008158684 913.08002734184265 1045.7410121336579 1046.1824447885156 580.75250943005085 1347.9677257984877 9062.2362178042531 303.68849271535873 3483.3917627036572 521.47756940126419
leaf_count=489 14143 65407 1858 3737 7789 6273 3028 5507 40759 1685 15096 2168
internal_value=8.58585e-08 0.000282095 0.000757036 0.000100088 -0.0031027 -0.00356545 -0.00134176 -0.00115314 0.00190036 -0.0061727 -8.79806e-05 -0.00255361
internal_weight=37210.2 34136 25683.5 16351.4 3074.16 2976.36 1626.93 8452.51 9332.09 1349.43 4831.36 3621.15
internal_count=167939 148675 111761 69144 19264 18775 9301 36914 42617 9474 20603 16311
is_linear=0
shrinkage=0.03


Tree=127
num_leaves=15
num_cat=0
split_feature=2 1 2 3 1 1 2 2 3 2 2 3 2 2
split_gain=40.7849 29.9259 28.6711 21.7811 23.3718 16.2874 13.5747 7.82049 7.90786 5.60081 5.42194 4.5818 1.7846 1.41116
threshold=0.0039478601575500165 0.2496979714437132 0.0020032689886634769 0.61625000000000008 2.9892386251955929 2.0713031688565704 0.0012970047784985046 0.011644782828630353 0.69375000000000009 0.0032794510662527919 0.0011258670578612672 0.45375000000000004 0.0047080774960687015 0.004283565586432057
decision_type=10 10 8 10 10 10 8 10 10 10 10 10 10 10
left_child=1 2 10 6 -5 7 -3 8 -2 -4 -1 -9 13 -7
right_child=5 3 9 4 -6 12 -8 11 -10 -11 -12 -13 -14 -15
leaf_value=-0.0093012225177129901 0.0010568218467147854 -0.0045902615771433956 -0.0012264869375835652 -0.0031931105087401081 0.011502434371375873 0.006187207332130175 0.0017155830354346679 0.0023815839823657366 0.0055272653138383207 2.5411951487539052e-05 -0.0038395385978152365 0.010416218317026792 0.0090019846685769137 0.00013415386115070939
leaf_weight=194.38140584528446 10004.550757214427 306.07195727527142 9241.4270022511482 1590.4373773038387 92.543555051088333 99.903043478727341 7542.953383564949 185.15944319963455 367.96016925573349 4787.6906307935715 2219.1406482085586 125.82485670596361 266.57835847884417 82.740990534424782
leaf_count=1595 44989 1999 40599 6786 383 436 32224 1138 1589 19441 13770 775 1427 375
internal_value=0.000104149 -0.000545272 -0.00132165 0.000787674 -0.00228642 0.00162388 0.00145652 0.00137768 0.00122636 -0.000795266 -0.00434074 0.00604257 0.00719083 0.00390583
internal_weight=37107.4 25974.6 16442.6 9532.01 1682.98 11132.7 7849.03 10683.5 10372.5 14029.1 2413.52 310.984 449.222 182.644
internal_count=167526 116797 75405 41392 7169 50729 34223 48491 46578 60040 15365 1913 2238 811
is_linear=0
shrinkage=0.03


Tree=128
num_leaves=15
num_cat=0
split_feature=2 0 0 2 3 3 0 2 3 3 3 2 3 3
split_gain=41.903 21.3624 22.5423 19.1346 11.9685 19.1395 13.125 10.6752 10.0756 10.566 8.93848 8.92643 7.66924 7.05238
threshold=0.0019273428732258953 0.00098990204602065666 -0.0024032223010540701 0.0039478601575500165 0.61625000000000008 0.67875000000000008 0.0052497230220488293 0.0014092396667470914 0.69375000000000009 0.48375000000000007 0.42625000000000007 0.0043497958137187591 0.36875000000000008 0.3887500000000001
decision_type=8 10 10 8 10 10 10 10 8 10 10 10 10 10
left_child=1 2 10 4 6 -6 -2 -4 9 -5 -1 -10 -3 -14
right_child=3 12 7 8 5 -7 -8 -9 11 -11 -12 -13 13 -15
leaf_value=0 7.2792524110629493e-05 0.0070223754480255429 -0.0081033016051508568 0.0020613494747833824 -0.0033609456075787839 0.00057415214319231638 0.0036843790699254424 -0.0036680965132165895 0.001879523835851151 0.00014937369418569342 0.013473063035652374 0.010644045833166282 -0.0084251147424243451 0.00059060881847401269
leaf_weight=86.434674680233002 17053.946834787726 140.70010961592197 788.75388403236866 6142.5570399686694 2302.2835350334644 2096.6875760853291 949.17810961604118 1596.3252377584577 273.05604863166809 4633.5452846139669 68.984391525387764 190.99333695322275 76.902933299541473 714.8581455051899
leaf_count=437 72492 727 5995 28509 9789 8894 3894 9671 1234 20718 324 890 402 3687
internal_value=0.000106978 -0.00302335 -0.00444792 0.000432714 -7.16487e-05 -0.0014747 0.000268477 -0.00518759 0.00144243 0.0012457 0.00616782 0.00576183 0.000800259 -0.000304404
internal_weight=37115.2 3472.96 2540.5 33642.2 22402.1 4398.97 18003.1 2385.08 11240.2 10776.1 155.419 464.049 932.461 791.761
internal_count=167663 21243 16427 146420 95069 18683 76386 15666 51351 49227 761 2124 4816 4089
is_linear=0
shrinkage=0.03


Tree=129
num_leaves=13
num_cat=0
split_feature=2 0 2 0 0 0 0 3 0 0 3 0
split_gain=38.125 26.6859 21.872 17.5703 14.7089 14.235 12.1103 8.76062 5.37609 4.11128 3.96433 1.79311
threshold=0.0019273428732258953 -0.0025950212133476311 0.0088198125431252512 0.00076532002641895751 0.0086479515447942159 -0.0051556924144032226 -0.00029028835979325485 0.36875000000000008 0.014417644949242536 0.0099498557420046041 0.41625000000000006 -0.0071950488747032646
decision_type=8 10 10 10 10 8 10 10 10 10 10 10
left_child=1 10 4 6 5 -2 -3 -5 -6 11 -1 -4
right_child=2 3 9 7 8 -7 -8 -9 -10 -11 -12 -13
leaf_value=0.0027208656018555908 0.002372380036433361 -0.0025415225034215736 0.0019572141191079723 0.0057295593178403569 0.0028965941324581032 -0.00013676781519194161 -0.0071035548854889979 -0.0015776974553089946 0.010025767629034583 -0.0014266388131416465 0.015067374382861182 0.006709653288164058
leaf_weight=64.003054022789001 2172.7141764387488 1024.5692852288485 137.52673738449812 164.58896978199482 670.17974519729614 29908.324102804065 1235.5574455112219 912.88226475566626 118.60815979540348 58.238781049847603 61.975732758641243 564.36774403601885
leaf_count=320 10489 6252 1056 882 3028 127722 8646 4837 548 370 291 3217
internal_value=-5.43339e-05 -0.00304791 0.000253007 -0.00358256 0.000134002 3.19829e-05 -0.00508221 -0.000363882 0.0041558 0.00525259 0.00989741 0.00590333
internal_weight=37093.5 3463.58 33630 3337.6 32869.8 32081 2260.13 1077.47 788.788 760.133 125.979 701.894
internal_count=167658 21228 146430 20617 141787 138211 14898 5719 3576 4643 611 4273
is_linear=0
shrinkage=0.03


Tree=130
num_leaves=13
num_cat=0
split_feature=2 1 3 2 1 1 2 3 2 2 3 2
split_gain=38.7102 35.4017 18.2552 17.6005 13.9271 13.7395 11.15 7.73839 7.02659 6.64202 4.6561 3.40253
threshold=0.0034580631669225508 -0.32833771128418837 0.2737500000000001 0.0022415236238326618 2.4564214737292143 1.5745383644308688 0.0012970047784985046 0.40625000000000006 0.0071915022378682041 0.0022034277975385235 0.43625000000000008 0.0065673277622668074
decision_type=8 8 8 10 10 10 10 10 10 10 10 8
left_child=1 3 -2 9 6 8 -3 -5 -4 -1 -6 -7
right_child=2 4 5 7 10 11 -8 -9 -10 -11 -12 -13
leaf_value=-0.0040158192936743864 0.01478790977652219 -0.0049061917479755295 0.00049512853951964137 0.0010316608914339609 0.00058530735463862779 0.0032047070436969517 4.8556146243554763e-05 -0.0019409493552511301 0.0026676734409445523 -0.010219957030718584 0.0056674102042373704 0.0080119708719620861
leaf_weight=2264.2928789630532 77.353359296917915 413.6856157258153 13444.740243777633 893.47067235410213 280.75081148743629 1084.1219968646765 11107.436889350414 5218.16163367033 1501.8645390868187 179.19832842051983 508.40933202207088 177.03897838294506
leaf_count=13796 361 2957 57110 3833 1205 4866 48788 22406 8523 875 2113 1085
internal_value=-3.6632e-05 -0.000893535 0.00105747 -0.00237501 0.00013225 0.000979166 -0.00012825 -0.0014956 0.000719079 -0.00453507 0.00396443 0.00398446
internal_weight=37150.5 20865.4 16285.1 8555.12 12310.3 16207.8 11521.1 6111.63 14946.6 2443.49 789.16 1261.16
internal_count=167918 95973 71945 40910 55063 71584 51745 26239 65633 14671 3318 5951
is_linear=0
shrinkage=0.03


Tree=131
num_leaves=15
num_cat=0
split_feature=2 1 2 0 0 0 2 2 0 1 0 1 1 0
split_gain=37.9277 29.8334 27.3465 24.7353 17.1332 29.4047 16.1667 15.8178 13.7708 12.026 7.69316 6.94139 5.21 4.93401
threshold=0.003599897591987184 0.27361477342269752 0.0020032689886634769 0.0030305325383313485 -0.00091338571587651232 0.00040252504061792047 0.011644782828630353 0.0032931053952402136 0.012260103503179713 1.5363672114169329 0.0016563620401740592 -1.0835056008814448 0.20211627628993054 -0.0042609063521371528
decision_type=8 10 10 10 10 10 10 10 10 10 10 10 10 10
left_child=1 2 3 -1 7 -6 8 -3 9 -2 13 -4 -10 -8
right_child=6 4 11 -5 5 -7 10 -9 12 -11 -12 -13 -14 -15
leaf_value=-0.0054277867306667072 0.00060031921198417932 0.0040386133082338594 -0.0024467276624940324 0.0054666267218351832 -0.0027499710458609361 0.0015180168737733673 0.0045540167358542657 -0.0026629309306774934 0.0036414886725182043 0.0037874476700169033 0.0014527539743088428 -0.00065702552389590874 0.015352148547950598 0.01630315678468407
leaf_weight=2263.235705204308 12970.344461470842 1818.4195961207151 2526.8076820373535 191.04768554866314 2435.0738076865673 3561.7135836035013 86.39987376332283 364.91681027412415 108.11278021335602 1163.8654267564416 129.42422312498093 9285.3724353015423 69.046866938471794 98.161828696727753
leaf_count=14849 56833 7584 11080 884 11421 15215 646 1507 507 5501 779 39963 366 540
internal_value=-4.91596e-05 -0.00082514 -0.00165403 -0.00453665 0.000613415 -0.00020676 0.00113744 0.00288415 0.000981886 0.000869494 0.00779335 -0.00104669 0.00910263 0.0116281
internal_weight=37071.9 22446.6 14266.5 2454.28 8180.12 5996.79 14625.4 2183.34 14311.4 14134.2 313.986 11812.2 177.16 184.562
internal_count=167675 102503 66776 15733 35727 26636 65172 9091 63207 62334 1965 51043 873 1186
is_linear=0
shrinkage=0.03


Tree=132
num_leaves=13
num_cat=0
split_feature=1 0 0 0 1 3 3 0 3 3 0 1
split_gain=25.352 18.4403 25.0977 26.7847 18.2752 10.7498 24.9933 21.074 3.36232 3.05302 4.2886 1.95152
threshold=2.5625947355903973 0.0028318710392847076 -0.00046012491165091141 0.00033825066567456176 -1.1941445461649949 0.61625000000000008 0.49875000000000008 0.0033182832894782231 0.62375000000000014 0.58125000000000016 -0.0017495571167721435 2.9892386251955929
decision_type=10 10 8 10 10 10 8 10 8 10 10 10
left_child=1 2 4 -4 -1 6 -3 -7 9 10 -2 -10
right_child=8 5 3 -5 -6 7 -8 -9 11 -11 -12 -13
leaf_value=-0.002504715047599939 0.0090570727827832126 0.00047906288447152482 -0.0030310115945794305 -0.00038479445224010787 0.00086102879726023083 -0.0097051050344704182 0.0048772477550655287 0.00054183886497209926 0.0028263480725780432 -0.0016613838167282972 0.0029280223514296828 0.011178813017809109
leaf_weight=1629.2951551824808 136.45693141967058 3780.0634104609489 5245.9535738900304 10175.879195027053 12338.96867711097 207.84525328874588 1695.2445618510246 1005.1296451091766 72.030248582363129 69.538488149642944 661.94768671691418 109.60486762225628
leaf_count=7348 663 16630 25955 45526 55455 859 7271 4307 309 307 2875 467
internal_value=2.57473e-06 -0.000130099 -0.000455219 -0.00129021 0.000462636 0.00128815 0.00185816 -0.00122993 0.00457795 0.00360138 0.00414885 0.00849994
internal_weight=37128 36078.4 29390.1 15421.8 13968.3 6688.28 5475.31 1212.97 1049.58 867.943 798.405 181.635
internal_count=167972 163351 134284 71481 62803 29067 23901 5166 4621 3845 3538 776
is_linear=0
shrinkage=0.03


Tree=133
num_leaves=15
num_cat=0
split_feature=2 0 0 3 3 3 2 3 0 3 3 0 2 3
split_gain=34.5271 27.5529 44.9472 25.7292 13.7247 12.3943 20.39 19.9096 11.1528 9.9708 9.77385 6.1183 3.03248 2.48763
threshold=0.0027070756574095285 0.00087616433058625382 -0.00031031060513747648 0.46875000000000006 0.7087500000000001 0.60875000000000012 0.0055675591397784992 0.64875000000000005 -0.010703741393565216 0.24875000000000003 0.35875000000000007 0.0052497230220488293 0.0048603372356067079 0.67625000000000013
decision_type=8 10 10 10 10 10 10 10 8 10 10 10 10 10
left_child=1 2 4 -4 -1 8 7 -7 12 -10 -3 -12 -2 -8
right_child=5 10 3 -5 -6 6 13 -9 9 -11 11 -13 -14 -15
leaf_value=-0.00037903412272253216 0.010980620811100412 0.0064626908768198868 -0.0069245370038430541 -0.0016920924486629183 0.012082225075362982 -0.0040487655342945515 0.0035504686840992609 0.0001963508609172287 0.0099976828370426495 0.00097484710266113994 6.4462740988140266e-05 0.0042581110113359246 0.0039350045519340971 0.0093574984422241225
leaf_weight=4411.7968125939369 101.60779051482677 263.50157906115055 1998.2733958661556 1537.9410140812397 70.886420473456383 1476.2920819371939 413.56204631179571 2928.0942244827747 102.49669104814529 20062.972883507609 3012.9620275944471 343.83457207679749 247.57402398437262 105.80597434937954
leaf_count=21290 514 1272 11672 8198 307 6090 2067 12095 521 86050 13965 1421 1738 562
internal_value=0.000180205 -0.00117049 -0.00215277 -0.00467699 -0.00014217 0.000800781 -0.000541829 -0.00121891 0.00112605 0.00102861 0.000988649 0.000523208 0.00640087 0.00500124
internal_weight=37077.6 11639.2 8018.9 3536.21 4482.68 25438.4 4923.75 4404.39 20514.7 20165.5 3620.3 3356.8 349.182 519.368
internal_count=167762 58125 41467 19870 21597 109637 20814 18185 88823 86571 16658 15386 2252 2629
is_linear=0
shrinkage=0.03


Tree=134
num_leaves=15
num_cat=0
split_feature=2 1 3 3 1 2 2 2 3 3 1 2 3 1
split_gain=32.5886 24.3265 21.2681 17.6108 13.9698 13.4987 13.1796 17.3789 12.1522 10.0943 9.53799 9.14178 7.75975 10.4165
threshold=0.0030729163931431467 -0.43610339862533021 0.61625000000000008 0.49625000000000002 -0.81399674079190165 0.0024993378467945055 0.0040707763470456222 0.0040536030343945812 0.48375000000000007 0.53125000000000011 2.0713031688565704 0.0012970047784985046 0.54125000000000012 -1.5774901982303859
decision_type=8 10 10 10 10 10 10 10 10 10 10 10 10 10
left_child=1 3 11 8 12 -4 7 -6 -1 -5 -8 -3 -2 -14
right_child=4 2 5 9 6 -7 10 -9 -10 -11 -12 -13 13 -15
leaf_value=-0.0033001145829147623 0.00031564991405961092 -0.0034276361897704727 -0.00076272479628438955 0.0030226447417995199 0.00066196696256450591 -0.0063559306994271179 0.0019501871569430678 -0.010240459938156895 -0.01033805873025382 -0.0015859268260097676 0.0067250178793686862 0.00079796613378577662 -0.007898860764133089 -0.0011190575796337302
leaf_weight=3248.0869981274009 3596.7790220528841 474.9257890060544 947.20816101878881 562.91970462352037 8359.3003050237894 687.80141948163509 7052.6749387979507 123.2029785066843 240.93854402750731 1645.4628862664104 403.19709964096546 7997.0572708621621 234.71804325282574 1488.947342261672
leaf_count=16873 15434 3376 4515 2766 34256 2879 32910 503 1182 7871 2060 35898 985 6244
internal_value=9.00508e-05 -0.000939526 -4.92293e-05 -0.00250551 0.00085837 -0.00317643 0.00130348 0.000484679 -0.00383143 -0.000375819 0.0022251 0.00055025 -0.000463737 -0.00211713
internal_weight=37063.2 15804.4 10107 5697.41 21258.8 1635.01 15938.4 8482.5 3489.03 2208.38 7455.87 8471.98 5320.44 1723.67
internal_count=167752 75360 46668 28692 92392 7394 69729 34759 18055 10637 34970 39274 22663 7229
is_linear=0
shrinkage=0.03


Tree=135
num_leaves=14
num_cat=0
split_feature=1 0 3 1 0 0 3 0 0 3 3 3 1
split_gain=33.152 23.253 14.7808 19.4777 13.1126 14.7155 21.3427 19.1071 7.86593 7.53414 4.02432 2.75491 0.906249
threshold=0.65721629996608555 0.007112700550997453 0.61625000000000008 2.5625947355903973 -0.0051556924144032226 0.00079339463704917177 0.31125000000000008 -0.00043720626935942809 -0.0014884970829303593 0.72125000000000006 0.37875000000000009 0.56375000000000008 1.0621213625688903
decision_type=10 8 10 10 8 10 8 8 10 10 10 8 10
left_child=4 2 8 -4 9 7 -7 -6 -2 10 -1 12 -3
right_child=1 11 3 -5 5 6 -8 -9 -10 -11 -12 -13 -14
leaf_value=-0.0016096053445487652 0.0035681602112526967 0.0025219675798616326 -0.0029290125505548473 0.0071409945395140952 -0.00050964752964202805 -0.012046860370648777 0.00021744095014093168 -0.0027262153057378028 0.0012149181414860578 0.011424060479996485 0.0020180387251570475 0.014908554821934211 0.0086701800133124583
leaf_weight=307.04355072975159 1730.050480954349 81.144628092646599 1242.0948236510158 188.43011081218719 9226.3150112777948 119.13621160387993 11053.761934630573 5722.2637374922633 5506.4378849044442 62.409063056111336 1566.415778554976 89.012897670269012 113.1742027848959
leaf_count=1601 8014 406 5365 807 40771 550 48184 28597 24281 292 7623 444 593
internal_value=-6.08393e-05 0.00152609 0.00123549 -0.00152057 -0.000569575 -0.000747934 7.06462e-05 -0.00136341 0.00178994 0.00179774 0.00138625 0.00986578 0.00664553
internal_weight=37007.7 8950.35 8667.01 1430.52 28057.3 26121.5 11172.9 14948.6 7236.49 1935.87 1873.46 283.332 194.319
internal_count=167528 39910 38467 6172 127618 118102 48734 69368 32295 9516 9224 1443 999
is_linear=0
shrinkage=0.03


Tree=136
num_leaves=14
num_cat=0
split_feature=1 0 0 3 0 0 1 1 3 3 3 0 3
split_gain=27.81 16.0023 14.5521 13.4268 12.1422 19.3151 11.4228 11.0237 9.09992 8.41809 5.43433 2.5791 1.85718
threshold=0.72349149943762492 0.0074513926819164472 -0.0014884970829303593 0.37625000000000003 -0.0021620054029895387 0.0012373289577195512 -1.8450947436383462 -1.1651099638493381 0.61625000000000008 0.40875 0.30875000000000002 -0.003201857580337066 0.50375000000000003
decision_type=10 8 10 10 8 10 8 10 10 8 8 10 8
left_child=4 2 3 -2 7 6 -6 11 -4 -9 -7 -1 -3
right_child=1 12 8 -5 5 10 -8 9 -10 -11 -12 -13 -14
leaf_value=-0.0032616070682614522 0.010145390495695657 0.0052890757811483663 0.0011606582399153209 0.0025881309244870135 -0.0072167992871976705 -0.0070921600925731619 -0.0013227093344471642 0.0036374321389884725 -0.0018513620953989549 0.00067914774627091524 0.00036744085695134909 0 0.013016503251949902
leaf_weight=623.30543805658817 246.8273307159543 123.99501916766167 5231.4855721443892 1605.0872146561742 298.95422322303057 78.063205137848854 12670.686326086521 1137.5355474948883 1068.8603491485119 3886.563721857965 9661.296114616096 280.65469288825989 98.469241723418236
leaf_count=2775 1209 658 23061 7349 1472 360 60056 5405 4569 17183 41802 1198 498
internal_value=4.99833e-05 0.00157101 0.00133932 0.00367668 -0.00039313 -0.00071013 -0.00146865 0.000810272 0.000638034 0.00136676 0.000294283 -0.00219811 0.00938037
internal_weight=37011.8 8374.72 8152.26 1851.91 28637.1 22709 12969.6 5928.06 6300.35 5024.1 9739.36 903.96 222.464
internal_count=167595 37344 36188 8558 130251 103690 61528 26561 27630 22588 42162 3973 1156
is_linear=0
shrinkage=0.03


Tree=137
num_leaves=15
num_cat=0
split_feature=1 1 0 0 3 3 1 1 0 3 3 3 1 0
split_gain=27.1023 15.7773 16.1268 12.9884 12.3744 19.2212 12.9135 9.17594 6.61118 8.03169 5.01538 3.66855 3.5643 3.53954
threshold=-0.71037374039188639 2.5625947355903973 -0.010703741393565216 0.00079339463704917177 0.49875000000000008 0.54375000000000007 -1.4040335774978197 -1.0192571683505336 0.0049741239461610241 0.48375000000000007 0.51875000000000016 0.36375000000000007 0.13296841381195748 0.0099498557420046041
decision_type=10 10 8 10 10 10 10 10 10 10 8 10 10 10
left_child=4 2 12 -4 8 7 -7 -6 9 -1 11 -3 -2 -10
right_child=1 10 3 -5 5 6 -8 -9 13 -11 -12 -13 -14 -15
leaf_value=-0.0020138305654182104 0.0031533475999327501 0.0077437209955951965 -0.00021957789340684461 0.0011604062599852945 0.0057978464014429793 -0.0049311382229650222 -0.00013096819034295391 0 0.0023100280398171799 -0.0060761935401005196 0.0070358164283120207 0.0013613147125506317 0.010674036091840085 -0.0041243045483626657
leaf_weight=5161.6629746556282 155.38813752681017 95.220117919147015 15217.855921156704 10216.403516218066 626.22055822610855 637.85353470593691 2409.0905595421791 415.90847231447697 421.16902634501457 493.43132664263248 369.10216801613569 586.65838007628918 145.94109180569649 79.196393027901649
leaf_count=24335 984 435 69678 44521 2801 2835 10596 1865 1846 2270 1606 2601 1022 365
internal_value=6.54097e-05 0.000568859 0.00041829 0.000332613 -0.00124439 2.07484e-05 -0.00116832 0.00353239 -0.00209322 -0.00238898 0.00416061 0.00243834 0.00721438 0.0011132
internal_weight=37031.1 26786.6 25735.6 25434.3 10244.5 4089.07 3046.94 1042.13 6155.46 5655.09 1050.98 681.878 301.329 500.365
internal_count=167760 120847 116205 114199 46913 18097 13431 4666 28816 26605 4642 3036 2006 2211
is_linear=0
shrinkage=0.03


Tree=138
num_leaves=15
num_cat=0
split_feature=2 1 1 3 3 3 3 3 1 1 2 2 3 2
split_gain=26.8694 19.7021 15.2316 13.5853 22.8741 11.6685 10.8075 19.0809 12.6744 7.93819 6.68403 4.58979 4.37605 0.851142
threshold=0.0023069954082973669 1.0852265344658598 2.5625947355903973 0.61375000000000013 0.64875000000000005 0.24875000000000003 0.49375000000000008 0.63875000000000004 1.0000000180025095e-35 3.4776108912586401 0.0034580631669225508 0.001867979531125979 0.64375000000000016 0.0047080774960687015
decision_type=8 10 8 10 10 10 10 10 10 10 10 10 8 10
left_child=1 6 3 5 -5 -2 8 -8 -1 11 12 -3 -4 -12
right_child=2 9 10 4 -6 -7 7 -9 -10 -11 13 -13 -14 -15
leaf_value=-0.00469025360159881 0.010979011481232176 -0.0010604220154815415 0 -0.0040106574650284514 0.00018752751889908469 0.00051616368269043981 0.001860443597447081 -0.004350730435173587 -0.0011184390676542099 0.0099036971812472979 0.0053173611495449403 0.0025446871823594738 0.0076660341002264803 0.010343545884005023
leaf_weight=2416.5023324489594 86.968197584152222 556.93222449719906 341.60601282119751 1669.5546463057399 3752.8063545227051 23715.949397303164 1136.1684456989169 713.594024091959 1508.7153934910893 87.209315985441208 223.29827615618706 675.05489091575146 77.918994769454002 128.28196743875742
leaf_count=14460 429 2916 1401 7192 15920 102594 6152 3819 7871 374 986 2823 356 716
internal_value=-2.72949e-05 -0.00168781 0.00036385 0.000251087 -0.00109906 0.000561506 -0.0024469 -0.000513926 -0.00333895 0.00158351 0.00450289 0.000871235 0.00169112 0.00755256
internal_weight=37090.6 7094.18 29996.4 29225.3 5422.36 23802.9 5774.98 1849.76 3925.22 1319.2 771.105 1231.99 419.525 351.58
internal_count=168009 38415 129594 126135 23112 103023 32302 9971 22331 6113 3459 5739 1757 1702
is_linear=0
shrinkage=0.03


Tree=139
num_leaves=15
num_cat=0
split_feature=1 0 0 3 3 0 0 3 3 0 3 1 3 3
split_gain=26.8642 25.4184 19.1617 13.8638 9.98653 7.3889 7.26307 6.2604 6.18635 4.88687 3.05559 3.05525 5.01168 3.62083
threshold=-0.31818666965122427 -0.0051556924144032226 0.0052497230220488293 0.60375000000000012 0.53125000000000011 -0.0042609063521371528 0.0015777799649173017 0.44625000000000009 0.68625000000000014 -0.0043761895228003559 0.40375000000000011 0.13296841381195748 0.55625000000000013 0.67875000000000008
decision_type=10 10 10 10 8 8 10 10 10 10 10 10 10 10
left_child=5 11 3 -3 -4 9 7 -7 -8 10 -1 12 -2 -13
right_child=1 2 4 -5 -6 6 8 -9 -10 -11 -12 13 -14 -15
leaf_value=0.0026746082216202341 7.9175156102216331e-05 0.00049163560944473223 0.0016946467695838933 -0.0016052342420252634 0.0068802796614710069 -0.0026791428937265995 2.3849187140141042e-05 -0.0010773387331028431 -0.004290781318538407 0.007822893946651711 -0.00030180627677269407 0.0065992001412648327 0.0071973598437407469 -0.00022914300266155212
leaf_weight=404.70216115564108 300.03725278377533 14741.975264430046 1008.404373690486 3500.1249000057578 534.0945977717638 3686.25088763237 4471.7135443538427 5983.4926261752844 308.6102215051651 77.806649595499039 1132.5551175102592 720.06495843082666 128.52464530616999 57.956832528114319
leaf_count=1972 1571 65710 4736 15129 2426 18248 19316 27167 1304 332 5134 3971 618 286
internal_value=-8.14097e-05 0.000623356 0.000361077 8.53613e-05 0.00356159 -0.00100583 -0.00122268 -0.00169631 -0.000250547 0.000893034 0.000455216 0.00483636 0.00246615 0.00601795
internal_weight=37056.3 20991.2 19784.6 18242.1 1542.5 16065.1 14450.1 9669.74 4780.32 1615.06 1537.26 1206.58 428.562 778.022
internal_count=167920 94447 88001 80839 7162 73473 66035 45415 20620 7438 7106 6446 2189 4257
is_linear=0
shrinkage=0.03


Tree=140
num_leaves=15
num_cat=0
split_feature=1 0 1 0 0 3 3 3 0 3 3 1 0 0
split_gain=24.0216 17.0925 11.2525 11.1805 13.5573 9.3612 8.44773 7.48493 7.22175 6.66228 5.40509 8.29074 3.87951 3.82653
threshold=1.3320348130530442 -0.0053505284069585114 -0.74074858462786197 -0.001702239153931625 0.0011458993517102589 0.41125000000000006 0.77625000000000011 0.49875000000000008 -0.0022166544134780315 0.49875000000000008 0.7087500000000001 0.13296841381195748 -0.0030366068549800129 0.0078154141061737344
decision_type=8 8 10 10 10 10 8 10 10 10 10 10 10 10
left_child=1 10 9 5 7 12 -4 -5 -7 -3 11 -1 -2 -6
right_child=3 2 6 4 13 8 -8 -9 -10 -11 -12 -13 -14 -15
leaf_value=0.00074898044061220883 0.0059992779920583356 -0.0019719799762714842 -8.7840604046244514e-05 0.0011517178392953023 0.0030638655854450603 0.0010996198066174378 0.0092255197977886023 -0.0025069990730122822 0.0088482979487199236 -0.00029878050447545762 0.0095704704314988065 0.0051748889811392123 0.015577781413561044 0.0098916135315656167
leaf_weight=1427.469184756279 157.18206930905581 5469.2972561046481 21281.63993383944 1345.0915085822344 1366.2610791176558 498.77164352685213 77.949012726545334 786.31502188742161 139.46790684759617 3676.190679371357 85.375765711069107 534.84805601090193 87.064784288406372 81.273757502436638
leaf_count=6974 863 25524 95445 5918 5951 2365 388 3359 595 16256 404 2917 385 444
internal_value=3.46935e-05 -0.000246796 -0.000426849 0.00209796 0.0013218 0.00512839 -4.67438e-05 -0.000175435 0.00299579 -0.00130702 0.00239538 0.00200585 0.0101281 0.00355362
internal_weight=37014.2 32552.8 30505.1 4461.43 3578.94 882.486 21359.6 2131.41 638.24 9145.49 2047.69 1962.32 244.247 1447.53
internal_count=167788 147908 137613 19880 15672 4208 95833 9277 2960 41780 10295 9891 1248 6395
is_linear=0
shrinkage=0.03


Tree=141
num_leaves=15
num_cat=0
split_feature=1 0 0 3 3 0 0 3 0 0 1 3 3 3
split_gain=24.3214 16.8956 14.0841 12.751 9.76295 9.08739 9.16336 7.74217 5.93864 5.53016 5.27869 3.65219 3.60334 3.1311
threshold=1.3320348130530442 -0.009143318059400397 0.014417644949242536 0.77625000000000011 0.37875000000000009 -0.0015685262580415363 0.00033825066567456176 0.56625000000000003 5.8486308301401602e-05 0.0078154141061737344 -0.021162657617581414 0.6412500000000001 0.53375000000000006 0.37625000000000003
decision_type=8 8 10 10 10 10 10 10 10 10 10 10 10 8
left_child=1 4 3 -3 10 7 8 13 -7 -8 -1 -9 -6 -2
right_child=5 2 -4 -5 12 6 9 11 -10 -11 -12 -13 -14 -15
leaf_value=-0.0066999714876843424 0.01088385135119966 -0.00048435588293224539 0.0091791599051459002 0.011688592641940308 0.0084975793468710405 0.00041441367887397139 0.0022218742794359939 -0.004029104676832926 -0.0044308555789166811 0.010019684278499962 0.0043753891808262094 0.0036842486713224536 0.0022702817415729865 0.004920410679109216
leaf_weight=84.516174495220184 125.65505442023277 31806.202535539865 126.69000269472599 67.279057934880257 315.26381772756577 1167.4297030717134 1997.9710901230574 107.85166750848293 268.52764600515366 82.089712798595428 50.64880196005106 91.770150385797024 166.04025045782328 582.62179119884968
leaf_count=487 625 143606 610 313 1895 5080 8696 504 1183 451 347 411 902 2753
internal_value=-2.8236e-05 -0.000313139 -0.000410257 -0.000453121 0.00455844 0.00205473 0.00133238 0.00474181 -0.000474546 0.00260479 -0.00212099 -0.000190296 0.00656135 0.00619871
internal_weight=37040.6 32616.6 32000.2 31873.5 616.469 4423.92 3516.02 907.899 1435.96 2080.06 135.165 199.622 481.304 708.277
internal_count=167863 148160 144529 143919 3631 19703 15410 4293 6263 9147 834 915 2797 3378
is_linear=0
shrinkage=0.03


Tree=142
num_leaves=13
num_cat=0
split_feature=2 1 3 3 3 3 2 3 2 2 3 3
split_gain=24.8089 21.6257 20.3493 13.6151 13.3782 30.1693 12.8154 11.8477 10.9471 8.076 7.6565 7.653
threshold=0.0034074424238504219 -1.0450551789936695 0.49875000000000008 0.2737500000000001 0.60375000000000012 0.68125000000000013 0.00235217571412407 0.53875000000000017 0.0016064990190196478 0.0074696459271216525 0.61125000000000018 0.56625000000000003
decision_type=10 10 10 10 10 10 8 10 8 10 10 10
left_child=1 2 8 -2 6 -6 -3 -4 -1 10 -5 -11
right_child=3 4 7 9 5 -7 -8 -9 -10 11 -12 -13
leaf_value=-0.012410849414959161 0.01260520236589545 -0.0010082943127662804 0.0049816374118436604 0.00093322410644546547 -0.0042691710864575984 0.001415957810316256 0.0008641373650665877 -0.0017956874126134742 -0.0041664728580096764 0.0020546058871247328 -0.0007644358789279783 0.0088221015588916679
leaf_weight=163.7025061622262 79.328969359397888 5338.7330410256982 313.72287200391293 12462.671012163162 2043.1872390955687 1394.5591777712107 8504.2025858461857 807.35712577402592 1663.2240695431828 1162.4252565652132 2911.2189873605967 175.64281076192856
leaf_count=1375 372 28507 1472 53511 9174 6201 35481 3760 7823 6861 12258 1060
internal_value=2.11936e-05 -0.000684558 -0.00305689 0.000874895 -0.000274846 -0.00194812 0.000137469 7.5107e-05 -0.00500142 0.00080812 0.000607565 0.00304631
internal_weight=37020 20228.7 2948.01 16791.3 17280.7 3437.75 13842.9 1121.08 1826.93 16712 15373.9 1338.07
internal_count=167855 93793 14430 74062 79363 15375 63988 5232 9198 73690 65769 7921
is_linear=0
shrinkage=0.03


Tree=143
num_leaves=14
num_cat=0
split_feature=2 1 2 3 3 1 3 3 3 2 2 2 3
split_gain=21.6157 15.217 13.7228 14.3018 13.625 13.339 10.5271 17.5703 8.17807 7.69306 11.0791 4.30916 1.80736
threshold=0.0023069954082973669 2.8192056832459476 0.0011258670578612672 0.43625000000000008 0.40875 -1.0450551789936695 0.61625000000000008 0.65375000000000016 0.30625000000000008 0.005292812870999245 0.0060445863019311158 0.0051512152574994261 0.47625000000000001
decision_type=10 10 8 8 10 10 10 10 10 10 10 10 8
left_child=1 2 4 -4 -1 9 8 -8 -7 11 -11 -2 -3
right_child=5 12 3 -5 -6 6 7 -9 -10 10 -12 -13 -14
leaf_value=4.6768312460931881e-05 -0.0013496788276751684 0.0031834488835958733 -0.0027500576566393689 2.3978475247655753e-05 -0.012050633193761635 0.0051491669794990593 -0.0031511131145671753 0.00076730647863211033 0.00096366773835843285 0.0068312624655369591 -0.00045908150430571467 -0.0078618310506191735 0.010317804013086426
leaf_weight=120.62631370127201 3847.3937799632549 134.28998453915119 3141.8086231648922 3473.6074597015977 206.62731973081827 427.340770624578 1526.2491741105914 3078.7137830704451 20039.454012215137 244.63801091909409 661.26821556687355 88.768510952591896 75.444624081254005
leaf_count=889 16120 583 17437 17976 1647 1937 6559 13037 86893 1072 3213 374 325
internal_value=0.000128467 -0.00134977 -0.00160061 -0.00128658 -0.00754443 0.000484251 0.000763983 -0.00052241 0.00105646 -0.000950401 0.00149724 -0.0015313 0.0063756
internal_weight=37066.2 7152.4 6942.67 6615.42 327.254 29913.8 25071.8 4604.96 20466.8 4842.07 905.906 3936.16 209.735
internal_count=168062 38857 37949 35413 2536 129205 108426 19596 88830 20779 4285 16494 908
is_linear=0
shrinkage=0.03


Tree=144
num_leaves=13
num_cat=0
split_feature=2 0 0 0 2 1 1 1 2 0 0 0
split_gain=34.4115 21.674 18.121 22.4894 15.5209 14.1784 10.6437 10.2891 14.1699 9.57956 8.15159 4.99
threshold=0.0020449271461166637 0.0052497230220488293 -0.00069292750797818662 0.00053974529043447682 0.0037934352431188167 0.2991710790823468 -1.0581604452977842 -0.64143520316693958 0.0037610934198525005 0.0078154141061737344 -0.0097776924312434326 0.0047168589773173902
decision_type=8 10 10 10 10 10 10 10 10 8 10 10
left_child=1 2 5 -4 7 -1 11 8 -2 -9 -8 -6
right_child=4 -3 3 -5 6 -7 10 9 -10 -11 -12 -13
leaf_value=-0.0018374366959817627 -0.00096089216106194425 0.012820925219817375 -0.0060326658780892554 -0.0010612346493632777 -0.0012973701099584769 0.0053691931093899489 0.006067167419567694 0.00018820736516079423 -0.011693253392202283 0.0055424696323782136 0.0014451187508019478 0.0027378409531169179
leaf_weight=667.49374691396952 5806.6304678171873 71.474049344658852 1817.8229943811893 1554.1991810798645 1843.3529241532087 371.60073167085648 356.60418812930584 13693.501149594784 104.26193884015083 298.87120082974434 10023.481240592897 307.39046174287796
leaf_count=3775 25251 305 12117 8452 7950 1728 2457 57398 421 1280 44898 1382
internal_value=4.64716e-05 -0.00241242 -0.00270126 -0.00376894 0.000388794 0.000709217 0.00121589 -0.000129273 -0.00117976 0.000310734 0.00161537 -0.000682876
internal_weight=36916.7 4482.59 4411.12 3372.02 32434.1 1039.09 12530.8 19903.3 5910.89 13992.4 10380.1 2150.74
internal_count=167414 26377 26072 20569 141037 5503 56687 84350 25672 58678 47355 9332
is_linear=0
shrinkage=0.03


Tree=145
num_leaves=15
num_cat=0
split_feature=2 0 2 0 2 0 0 3 3 3 2 0 2 0
split_gain=24.0901 17.2438 14.2474 15.6174 10.8395 10.9553 10.6215 9.94777 13.3823 8.35826 3.46297 3.37568 3.2869 1.84638
threshold=0.0037934352431188167 0.0060883274071632607 0.0014092396667470914 0.0020612868340231642 0.0088198125431252512 0.012260103503179713 -0.003201857580337066 0.4562500000000001 0.51875000000000016 0.24875000000000003 0.0028034044645827189 0.0099498557420046041 0.0051512152574994261 -0.0075938501122531487
decision_type=8 8 10 10 10 10 10 10 10 10 10 10 8 10
left_child=1 2 3 -1 5 9 -4 10 -9 -2 -3 13 -7 -6
right_child=4 7 6 -5 11 12 -8 8 -10 -11 -12 -13 -14 -15
leaf_value=-0.0053127203636187011 0.0089507357378373151 0.013342350262153415 0.001339092270258599 0.0084283898393480491 0.0010647199932853151 0.0030793909311173703 -0.00073060772537936755 -0.0046325505824438866 0.0048922160845068247 0.00068022544853736883 0.0048357993920552268 -0.0013491051594899739 0.01358549248555866 0.0059246243249790565
leaf_weight=903.77479584515095 102.47162753343582 94.520294219255447 2483.8082079589367 68.988015621900558 121.51904850453138 82.417516231536865 20056.215375542641 199.17166656255722 342.14737257361412 11647.958289057016 169.38469384610653 59.307959884405136 67.075186774134636 575.02999767661095
leaf_count=6897 531 394 10349 389 963 376 89461 816 1400 51441 699 381 356 3325
internal_value=4.45294e-05 -0.000506173 -0.000656809 -0.00420131 0.001107 0.000877288 -0.000499383 0.00377295 0.00125841 0.000765001 0.00847745 0.00458651 0.00872575 0.00518876
internal_weight=36973.8 24318 23512.8 972.763 12655.8 11899.9 22540 805.224 541.319 11750.4 263.905 755.857 149.493 696.549
internal_count=167778 110405 107096 7286 57373 52704 99810 3309 2216 51972 1093 4669 732 4288
is_linear=0
shrinkage=0.03


Tree=146
num_leaves=15
num_cat=0
split_feature=2 1 1 0 0 2 0 0 0 1 0 1 0 0
split_gain=23.8731 23.1807 12.8053 13.4769 12.8816 11.4594 10.9546 34.978 7.31459 4.51058 4.48762 3.57547 3.42325 4.28319
threshold=0.0032662870358655155 -0.14820887064369262 2.5625947355903973 -0.010703741393565216 0.014417644949242536 0.001867979531125979 -0.00069292750797818662 0.00038089203784715388 -0.0084981284614338171 0.20211627628993054 -0.0024640327339440445 -1.0067137764785983 -0.0021620054029895387 0.0013674571868498725
decision_type=8 10 10 8 10 10 10 10 10 10 10 10 10 10
left_child=1 5 3 11 -5 10 9 -8 -7 -3 -1 -2 -4 -14
right_child=2 6 12 4 -6 8 7 -9 -10 -11 -12 -13 13 -15
leaf_value=0.0022446347072913168 0 -0.00019185517198709888 0.011441407306901836 0.0003684669389444289 0.0099727921548171828 0.005797621992369377 -0.0033115593692339767 0.0011770585327525087 -0.0016120505289615853 0.002393027885656989 -0.0050066626407708186 0.0076105629512723955 0.00049646030029768288 0.0076335282338142697
leaf_weight=64.600238367915154 52.52716189622879 781.53004515171051 83.10684422403574 17765.272056005895 117.17798854410648 108.93566146492958 2484.3296562358737 4151.8983956649899 7370.6433759778738 2179.5687642395496 1223.0857407450676 293.56156843900681 185.71516253054142 148.51410694420338
leaf_count=351 292 3423 462 76934 590 467 12399 18214 33132 9208 8943 2034 815 710
internal_value=-7.06656e-05 -0.000839643 0.00068354 0.000559232 0.000440293 -0.00195444 0.000173463 -0.000496721 -0.00148853 0.00169225 -0.00458215 0.00635137 0.00583255 0.00397173
internal_weight=37010.5 18364.6 18645.9 18228.5 17882.5 8767.27 9597.33 6636.23 7479.58 2961.1 1287.69 346.089 417.336 334.229
internal_count=167974 86137 81837 79850 77524 42893 43244 30613 33599 12631 9294 2326 1987 1525
is_linear=0
shrinkage=0.03


Tree=147
num_leaves=13
num_cat=0
split_feature=2 0 0 2 2 3 3 2 3 3 0 0
split_gain=29.1181 24.1115 25.3848 30.2483 25.1524 11.5318 9.80969 15.4578 9.03035 8.32241 7.58564 0.240115
threshold=0.0034434709815845299 -0.0012556167928797826 0.00033825066567456176 0.003136861609594806 0.0010889261252982538 0.24875000000000003 0.61875000000000013 0.0043497958137187591 0.3262500000000001 0.57125000000000015 -0.0080447891194758668 -0.0025283570821665246
decision_type=8 10 10 10 10 10 10 10 10 10 10 10
left_child=1 8 3 -3 -4 -2 9 -8 11 -7 -10 -1
right_child=5 2 4 -5 -6 6 7 -9 10 -11 -12 -13
leaf_value=0.010224492706785016 0.010514835278624587 -0.0018165303806318856 -0.014964572829068611 -0.0076749161180856796 -3.6717176686713276e-05 0.001026394629611804 -0.002578010649415399 0.0020795662902578982 0.0060674851633630549 0.0034478276070385111 0.00059197874578816739 0.0042092023757968238
leaf_weight=79.657409012317657 106.12748445570469 5524.2026793882251 92.864551305770874 931.54395167529583 8966.4241665750742 12189.100231789052 1582.1652760207653 1053.6363642960787 233.46152970194817 1453.4059814438224 4678.4538106769323 85.72455021739006
leaf_count=331 552 28940 712 3877 40105 54367 6490 4846 1015 6353 19893 381
internal_value=9.2981e-05 -0.000656039 -0.00124497 -0.00268172 -0.000212686 0.00103785 0.000965966 -0.000692689 0.00113072 0.00129109 0.000876217 0.00786641
internal_weight=36976.8 20592.3 15515 6455.75 9059.29 16384.4 16278.3 2635.8 5077.3 13642.5 4911.92 165.382
internal_count=167862 95254 73634 32817 40817 72608 72056 11336 21620 60720 20908 712
is_linear=0
shrinkage=0.03


Tree=148
num_leaves=15
num_cat=0
split_feature=2 1 2 3 2 1 2 1 3 3 3 3 3 2
split_gain=21.7429 14.2119 12.829 13.6697 11.4467 11.0865 8.53625 7.02913 6.50375 16.7859 7.73392 2.81125 3.59429 3.5173
threshold=0.001867979531125979 0.72349149943762492 0.0030863654409954808 0.35125000000000001 0.0093635765090480435 -0.6612530336821093 0.003125806430861122 3.1880780260108446 0.53375000000000006 0.68375000000000019 0.4562500000000001 0.3937500000000001 0.52625000000000011 0.001445588710339061
decision_type=8 10 10 8 8 10 10 10 10 10 10 10 10 10
left_child=5 2 3 -2 7 11 -4 -3 10 -10 -7 13 -13 -1
right_child=1 4 6 -5 -6 8 -8 -9 9 -11 -12 12 -14 -15
leaf_value=-0.01333987904558937 0.0032515249510059376 0.00087452992591352486 0.0047581949329187148 -0.0013475266261124576 0.0097200413442561379 -0.0018217120621389382 0.00019980533512897928 0.0050795322185424076 -0.009322724990962681 0.0050296020898530367 0.0025637673368274772 -0.002099910695231993 -0.0084292591526867987 -0.0047355791201288073
leaf_weight=94.995850153267384 604.37108978629112 7011.7897132784128 370.26762446761131 9257.8105800151825 133.76431882381439 1461.8125366568565 16188.792233198881 376.02997116744518 245.21117624640465 89.553980983793736 462.31500151008368 352.29633304476738 120.84751214832067 162.79341392219067
leaf_count=831 2690 30301 1528 41583 938 8935 69805 1630 1486 527 2884 2604 868 1102
internal_value=-8.81767e-05 0.00012647 -0.000199196 -0.0010566 0.00127716 -0.00253732 0.000308164 0.00110325 -0.00144954 -0.00527474 -0.000729173 -0.00575308 -0.00398171 -0.00851008
internal_weight=36932.7 33942.8 26421.2 9862.18 7521.58 2989.83 16559.1 7387.82 2258.89 334.765 1924.13 730.933 473.144 257.789
internal_count=167712 148475 115606 44273 32869 19237 71333 31931 13832 2013 11819 5405 3472 1933
is_linear=0
shrinkage=0.03


Tree=149
num_leaves=15
num_cat=0
split_feature=2 1 0 1 0 2 2 0 0 0 0 2 1 2
split_gain=26.0511 15.0249 14.211 13.9218 8.17692 8.05454 9.95097 7.74824 12.7051 6.83211 7.75232 5.83383 4.40608 3.41209
threshold=0.001867979531125979 0.72349149943762492 0.0074513926819164472 -0.032743077586652326 -0.0015685262580415363 0.0037934352431188167 0.0037610934198525005 0.00053974529043447682 -0.0012954243712309228 0.0024830039026835491 -0.00066482403446349364 0.011644782828630353 1.8358038992683958 0.0047391103548127568
decision_type=8 10 8 10 10 10 10 10 10 10 10 10 10 10
left_child=3 5 4 9 -3 6 -2 8 -5 10 -1 -7 -9 -4
right_child=1 2 13 7 -6 11 -8 12 -10 -11 -12 -13 -14 -15
leaf_value=-0.0013896495060100006 -0.00042586249756203682 0.0029674852994373141 0.011993899438096013 0.0050822145520452991 0.00058221032638427681 0.00042849577382408384 -0.0063421861042290478 0.00056031158727380714 -0.003783953359511559 0.0007277546614651196 -0.0070254396486790884 0.0050055954546795933 0.0073451461810219807 0.0031317443403766927
leaf_weight=332.58332054316998 16217.747357487679 1720.4954968169332 127.94581967592239 160.54477980732918 5556.6929971948266 9748.8986111059785 251.88682933151722 461.357396684587 860.67021352052689 153.71193899214268 920.02231498807669 250.70324610173702 104.41071128845215 98.857962273061275
leaf_count=2130 70269 8053 607 767 23569 43004 1019 2471 5418 774 7236 1542 480 589
internal_value=-1.53496e-05 0.000219712 0.00140426 -0.00269507 0.00115768 -0.000114244 -0.000523781 -0.00071595 -0.00229616 -0.00486525 -0.00559944 0.00055413 0.00202246 0.00867986
internal_weight=36966.5 33973.2 7503.99 2993.3 7277.19 26469.2 16469.6 1586.98 1021.21 1406.32 1252.61 9999.6 565.768 226.804
internal_count=167928 148652 32818 19276 31622 115834 71288 9136 6185 10140 9366 44546 2951 1196
is_linear=0
shrinkage=0.03


Tree=150
num_leaves=14
num_cat=0
split_feature=2 1 2 3 1 2 3 3 1 3 3 1 3
split_gain=20.3117 17.3957 11.6181 15.135 10.6566 9.03927 7.89891 6.55006 5.58579 5.78448 2.88141 5.37281 2.90639
threshold=0.0032662870358655155 1.3320348130530442 0.0011258670578612672 0.40875 -0.83562602527534457 0.0080722935438988647 0.2737500000000001 0.36625000000000002 3.9158367039363204 0.57625000000000004 0.4612500000000001 -0.46574804205549952 0.36625000000000002
decision_type=10 10 8 10 10 10 10 10 10 10 10 10 10
left_child=1 2 3 -1 -4 6 -2 -8 9 -3 12 -12 -7
right_child=5 8 4 -5 -6 10 7 -9 -10 -11 11 -13 -14
leaf_value=0.0014759413386448614 0.0090455861606845347 0.0019607089086226205 -0.0024443284799684725 -0.01239529370833891 -0.00061667361063838446 0.00662971485930775 -0.0015561320094786416 0.00054941390104756448 0.0083203708128671526 -0.0015966394459513264 0.00067043150241431141 0.0087840928511894421 0.00091967462683932371
leaf_weight=100.40212914347649 85.744341373443604 1855.3019797131419 3855.4572070688009 173.98983892053366 11813.657872334123 95.887984901666641 1427.8978296145797 16071.33053932339 97.067882359027863 501.23662991821766 142.23287503421307 199.58298413455486 526.59764404594898
leaf_count=773 406 8038 18940 1476 54715 608 6255 68775 409 2112 806 1302 3213
internal_value=-0.000114275 -0.000821723 -0.00118579 -0.0072353 -0.00107148 0.000584202 0.000424201 0.000373389 0.00151481 0.00117516 0.00340609 0.00569348 0.00198503
internal_weight=36946.4 18397.1 15943.5 274.392 15669.1 18549.3 17585 17499.2 2453.61 2356.54 964.301 341.816 622.486
internal_count=167828 86463 75904 2249 73655 81365 75436 75030 10559 10150 5929 2108 3821
is_linear=0
shrinkage=0.03


Tree=151
num_leaves=14
num_cat=0
split_feature=0 1 1 0 3 3 0 0 3 1 1 1 3
split_gain=14.5263 14.0263 9.54339 9.73689 8.14119 4.76384 9.48391 3.9808 3.52896 3.54708 4.39757 2.5919 2.04299
threshold=-0.009143318059400397 2.5625947355903973 -1.8450947436383462 0.0012676150125032863 0.24875000000000003 0.47625000000000001 -0.0017495571167721435 -0.00074431215373777957 0.38625000000000004 1.1104880283684551 0.27361477342269752 -0.53462929359071076 0.35375000000000006
decision_type=8 8 10 10 10 8 10 10 10 10 10 10 10
left_child=8 2 3 -2 -4 6 -3 -7 11 10 -10 -1 -13
right_child=1 5 4 -5 -6 7 -8 -9 9 -11 -12 12 -14
leaf_value=-0.003932752421782767 -0.0067062959798489434 0.0097427560424210632 0.0086813116500225086 0.0013960535210905433 -0.00019041616699509646 0.00088085107247081048 -0.00056106550765109241 0.0071370103972120576 0.0044349267863883967 -0.00057152058476697199 0.01248131559091027 0.0064036402646271244 -0.0005900332116584423
leaf_weight=61.949934765696526 388.27211448550224 85.670794636011124 83.0931396484375 179.85792972892523 34566.381221413612 158.14655882120132 450.14770850539207 350.93041372299194 342.77930622547865 54.576758965849876 92.191305108368397 64.337951123714447 45.285568073391914
leaf_count=344 1880 417 418 787 156094 741 1963 1516 1945 372 593 442 306
internal_value=-4.44049e-05 -0.000126917 -0.000230547 -0.0040577 -0.000164911 0.00327805 0.00112478 0.00536351 0.00432646 0.00561133 0.00651736 0.000222785 0.00320517
internal_weight=36923.6 36262.5 35217.6 568.13 34649.5 1044.9 535.819 509.077 661.121 489.547 434.971 171.573 109.624
internal_count=167818 163816 159179 2667 156512 4637 2380 2257 4002 2910 2538 1092 748
is_linear=0
shrinkage=0.03


Tree=152
num_leaves=11
num_cat=0
split_feature=1 2 0 1 2 2 1 0 2 2
split_gain=17.3267 17.941 17.856 13.9434 12.7246 11.1237 10.6449 0.973217 0.676109 4.56943
threshold=3.1880780260108446 0.0011258670578612672 -0.00022941455417116184 -0.71037374039188639 0.0040707763470456222 0.0024993378467945055 1.3033236169234386 -0.00058519450179282488 0.002174397887126357 0.0029311035973404779
decision_type=10 8 10 10 10 8 10 10 8 10
left_child=1 2 7 5 -5 -3 -4 -1 -2 -10
right_child=8 3 6 4 -6 -7 -8 -9 9 -11
leaf_value=0 0.0086986869864795185 -0.002824406201516568 -0.01449704725162964 -3.2145306578067123e-05 0.0014678726904256438 -0.00041026823413873567 0.0013229610405497715 0.0055881105423966019 0 0.0069267937780732149
leaf_weight=67.5504030585289 111.87167333066463 2219.9501718953252 185.8390751555562 19089.242824234068 6893.7934374511242 7884.2791162878275 37.251085430383682 41.359306246042252 115.01640056073666 217.63473341614008
leaf_count=468 486 12414 1574 84261 32583 33700 235 347 469 998
internal_value=2.39039e-06 -6.86122e-05 -0.00690753 -2.1364e-06 0.000363941 -0.000948867 -0.0116546 0.00247416 0.00582509 0.00445793
internal_weight=36863.8 36419.3 332 36087.3 25983 10104.2 223.09 108.91 444.523 332.651
internal_count=167535 165582 2624 162958 116844 46114 1809 815 1953 1467
is_linear=0
shrinkage=0.03


Tree=153
num_leaves=11
num_cat=0
split_feature=1 0 0 3 1 1 3 3 3 3
split_gain=17.7049 13.7833 12.318 10.8692 7.68615 6.73705 9.15015 4.84786 7.55139 3.54281
threshold=0.72349149943762492 0.0092551009283870032 -0.0041502997841843673 0.77375000000000005 -0.76120245961294131 2.9892386251955929 0.60625000000000007 0.30375000000000002 0.34125000000000011 0.51875000000000016
decision_type=8 8 8 10 10 10 10 10 10 10
left_child=2 5 7 4 -4 6 -2 -1 -9 -7
right_child=1 -3 3 -5 -6 9 -8 8 -10 -11
leaf_value=0.0080204334758976169 0.0011704239102224782 0.010148515980424355 -0.001448696812530875 0.01031574350484637 -0.00033615913992348002 0.0019598843977449341 -0.0015280937612857173 -0.0060641030515314106 0.0014845173569320027 0.0071713791341186392
leaf_weight=89.391698852181435 6299.9466655254364 140.50912693887949 8434.1637521907687 70.15977469086647 17166.606675192714 375.11712327599525 1351.9987317323685 112.46956321597099 2656.0625557750463 211.33292596042156
leaf_count=460 28347 785 38774 322 77587 1661 5861 567 12555 921
internal_value=-0.000101695 0.00110784 -0.0004593 -0.000668987 -0.00070545 0.000934254 0.000684428 0.00139903 0.00113554 0.00402724
internal_weight=36907.8 8378.9 28528.9 25670.9 25600.8 8238.4 7651.95 2857.92 2768.53 586.45
internal_count=167840 37575 130265 116683 116361 36790 34208 13582 13122 2582
is_linear=0
shrinkage=0.03


Tree=154
num_leaves=15
num_cat=0
split_feature=2 2 2 1 0 2 0 2 0 1 1 2 0 1
split_gain=25.8474 13.7615 17.079 11.8175 10.6901 12.9973 12.6193 9.63539 8.76482 6.73948 6.26074 5.77422 5.20372 3.0583
threshold=0.0012970047784985046 0.0024304647363403431 0.0024519216204720831 -0.69129435235077041 0.00063471171309916884 0.0010889261252982538 -0.00022941455417116184 0.013345541704058437 -0.0026645119348182159 0.13296841381195748 -0.80380824629383241 0.0010889261252982538 0.0027063659757853818 0.99304100929724115
decision_type=8 8 8 10 10 10 10 10 10 10 10 10 10 10
left_child=4 3 10 12 6 -6 11 -4 -5 -7 -3 -1 -2 -8
right_child=1 2 7 8 5 9 13 -9 -10 -11 -12 -13 -14 -15
leaf_value=0.0033556353905041638 -0.0037071510662296898 -1.9054350178084339e-05 0.00019269413409045031 0.0037010920538162306 -0.009540160222858007 0 -0.014293673330183358 0.006521275333588073 -0.00074686996967418193 0.013814300911875967 0.0094123576156878528 -0.00584413939658277 0.00082332597153466725 -0.0044185353247979042
leaf_weight=81.746832989156246 1707.0332638397813 67.821577250957489 28014.117462679744 418.11876864731312 59.848527483642101 57.673673033714294 206.9480414763093 208.96047047525644 5323.1926191449165 49.904525376856327 242.03756089508533 152.46315450966358 235.30329413712025 68.546327129006386
leaf_count=601 9842 308 120667 1777 446 412 1924 1347 26428 301 1032 1138 1067 458
internal_value=-8.84715e-05 1.92328e-05 0.00032438 -0.00110507 -0.00585284 0.00038307 -0.0079846 0.000243969 -0.000406637 0.00675578 0.00722438 -0.00238151 -0.00312617 -0.0122876
internal_weight=36893.7 36216.6 28532.9 7683.65 677.131 167.427 509.704 28223.1 5741.31 107.578 309.859 234.21 1942.34 275.494
internal_count=167748 162468 123354 39114 5280 1159 4121 122014 28205 713 1340 1739 10909 2382
is_linear=0
shrinkage=0.03


Tree=155
num_leaves=13
num_cat=0
split_feature=2 1 2 1 3 3 3 3 3 3 3 3
split_gain=19.8325 16.7832 12.3192 11.3015 7.78841 7.28831 7.21252 7.02444 14.3546 11.5959 3.0114 1.47626
threshold=0.0016064990190196478 3.1880780260108446 0.0036867912319779894 -1.3837394796197677 0.49125000000000002 0.43125000000000008 0.43125000000000008 0.42875000000000002 0.47125 0.38625000000000004 0.5162500000000001 0.43375000000000002
decision_type=10 10 10 8 8 10 10 10 10 10 10 10
left_child=3 2 6 4 -1 -4 -2 9 -9 -5 11 -3
right_child=1 10 5 7 -6 -7 -8 8 -10 -11 -12 -13
leaf_value=-0.01735475844779831 -0.001244641374123836 0.0057322933688883091 0.0018280870098883303 -0.0037769979135139713 0 0.00030956519987213429 -1.7108491913654327e-05 -0.012269449988353489 -0.0020305898690803153 0.0028096855693044236 0.0095439528367297754 0.0005317291302399526
leaf_weight=71.994150422513485 6041.1425321474671 123.97340592741966 4205.9349908456206 502.37462009489536 35.078197613358498 9163.5858335569501 15311.731411106884 164.10734391957521 513.37008606642485 437.18137626349926 157.95474548637867 126.65726711601019
leaf_count=642 27314 545 19417 3555 277 40721 66000 1249 3639 3008 685 551
internal_value=-1.6225e-06 0.000151301 7.75439e-05 -0.00313515 -0.012291 0.000792773 -0.00036763 -0.0024202 -0.00474045 -0.000651672 0.00612442 0.00345562
internal_weight=36855.1 35131 34722.4 1724.11 107.072 13369.5 21352.9 1617.03 677.477 939.556 408.585 250.631
internal_count=167603 155233 153452 12370 919 60138 93314 11451 4888 6563 1781 1096
is_linear=0
shrinkage=0.03


Tree=156
num_leaves=14
num_cat=0
split_feature=0 0 0 3 3 1 3 0 1 3 3 0 1
split_gain=11.9893 17.6396 19.816 14.789 12.9758 23.9065 12.1796 8.06928 7.98902 10.218 6.35504 5.35044 1.5859
threshold=0.0027699166853085186 -0.00050632814563715469 0.00044769806541465048 0.3887500000000001 0.40875 -1.1099903546781709 0.74875000000000014 0.014417644949242536 1.7908368253636169 0.50375000000000003 0.67625000000000013 0.0028964758871890196 -0.032743077586652326
decision_type=10 8 10 8 8 10 10 10 10 8 8 10 10
left_child=1 4 3 -3 5 -1 -6 8 11 -10 -4 -2 -9
right_child=7 2 10 -5 6 -7 -8 12 9 -11 -12 -13 -14
leaf_value=-0.0041070980747331389 0.0046346162773002767 -0.0053546201805296408 -0.0003621160529166756 -0.0015623291264021122 -0.00010022188019444107 0.0032490987697284227 0.010303362305150261 0.0032063745804515481 0.00049859567779700776 0.010750045198863424 0.0022298687258885935 0.00048027323183310786 0.01207898218562712
leaf_weight=449.91219945997 287.55413575470448 1151.9648868218064 8733.8974960744381 5138.1312752366066 10729.057567037642 2722.0060013234615 92.24042222648859 71.432957693934441 212.70581410825253 157.78086810559034 930.82376199960709 6211.3297575861216 60.010645836591721
leaf_count=2159 1222 6314 39018 24864 47518 13018 416 332 1016 723 4090 26957 324
internal_value=-1.84022e-05 -0.000281346 -0.000964204 -0.00227377 0.000493086 0.00217719 0 0.00109665 0.000939284 0.00518991 -0.00010423 0.000680145 0.00824895
internal_weight=36948.8 29948 15954.8 6290.1 13993.2 3171.92 10821.3 7000.81 6869.37 370.487 9664.72 6498.88 131.444
internal_count=167971 137397 74286 31178 63111 15177 47934 30574 29918 1739 43108 28179 656
is_linear=0
shrinkage=0.03


Tree=157
num_leaves=15
num_cat=0
split_feature=2 1 3 3 3 3 2 1 3 2 1 3 2 3
split_gain=20.4506 15.8146 30.4326 12.2875 11.7144 9.82381 25.2133 12.2147 9.38812 9.52563 7.19701 6.99064 5.29562 4.997
threshold=0.0032662870358655155 -0.32833771128418837 0.49625000000000002 0.67875000000000008 0.48125000000000001 0.60375000000000012 0.0055675591397784992 -0.67134832036523651 0.61625000000000008 0.0024636053458222591 2.6791864375262295 0.24875000000000003 0.0012970047784985046 0.68875000000000008
decision_type=8 10 10 10 10 10 10 10 10 10 8 10 10 10
left_child=1 2 4 -4 -1 10 7 -7 12 -10 11 -2 -3 -8
right_child=5 8 3 -5 -6 6 13 -9 9 -11 -12 -13 -14 -15
leaf_value=-0.0027262256484069164 0.0090874794338475992 -0.0026466232883717573 -0.00032971586027733652 0.0043591571397987401 -0.0080808659075426309 -0.0043547568659480914 0.0039083732764336292 -0.00033558141335748631 0.00045559952811777287 -0.0038207088057124949 0.0059071264207190164 0.00098582056876946348 0.00067617833668854287 0.012915317135492184
leaf_weight=4035.1283313333988 88.59795469045639 438.57281520217657 2350.4596972689033 623.77760542184114 415.45745058357716 978.10655026137829 480.93271041661501 2315.9383844584227 834.28339824825525 993.50763186812401 275.9667054861784 14392.798633888364 8605.6549989655614 66.973089694976807
leaf_count=20683 447 3180 11056 2945 1988 4002 2416 9606 3997 4135 1364 63560 38116 376
internal_value=8.99773e-05 -0.000620122 -0.00168686 0.000644873 -0.00325652 0.000791711 -0.000547937 -0.00155673 0.000103755 -0.00184431 0.00114467 0.00104576 0.000505677 0.00532864
internal_weight=36896.2 18296.8 7424.82 2974.24 4450.59 18599.3 3841.95 3294.04 10872 1827.79 14757.4 14481.4 9044.23 547.906
internal_count=167871 86100 36672 14001 22671 81771 16400 13608 49428 8132 65371 64007 41296 2792
is_linear=0
shrinkage=0.03


Tree=158
num_leaves=12
num_cat=0
split_feature=2 3 3 1 1 3 2 2 3 1 1
split_gain=17.2594 15.6626 13.4967 12.4898 12.2016 12.4752 9.9897 8.48256 2.65883 3.3068 1.03396
threshold=0.0012970047784985046 0.41125000000000006 0.78375000000000006 -0.73091158473852458 -0.80380824629383241 0.3887500000000001 0.0034190409572881493 0.0040707763470456222 0.49375000000000008 1.0621213625688903 -0.096953904592439813
decision_type=8 10 8 10 10 10 8 10 10 10 10
left_child=1 4 3 6 -1 -6 -2 -5 9 -3 -10
right_child=2 8 -4 7 5 -7 -8 -9 10 -11 -12
leaf_value=-0.011168111151756291 -0.0016797296516027666 -0.012930249484957487 0.010708974664784057 0.00019860928009540025 -0.00084695766965522999 0.013200670343676901 0.00023530468914542354 0.0014185492819001103 -0.00092571298794814308 -0.0016694989461728822 -0.0066931559606441425
leaf_weight=49.65751951187849 4916.3119693920016 165.8019195869565 100.30866242945194 19352.821873135865 148.33327151089907 74.913185775279999 4781.7239196896553 7050.6484071537852 79.167386949062347 45.728385597467422 102.12701117992401
leaf_count=458 23495 1420 546 84579 1136 523 20505 33420 686 285 736
internal_value=0.000131158 -0.00461529 0.000221349 0.00018759 0.000708889 0.00397352 -0.000730051 0.000527061 -0.00838883 -0.010952 -0.00466834
internal_weight=36867.5 665.729 36201.8 36101.5 272.904 223.246 9698.04 26403.5 392.825 211.53 181.294
internal_count=167789 5244 162545 161999 2117 1659 44000 117999 3127 1705 1422
is_linear=0
shrinkage=0.03


Tree=159
num_leaves=15
num_cat=0
split_feature=2 0 3 0 2 3 2 2 2 3 3 0 0 0
split_gain=15.6659 19.818 14.3855 16.0193 11.2765 11.6548 15.4027 9.83205 7.74934 6.07202 10.0578 6.81301 4.92465 7.59493
threshold=0.0024304647363403431 0.0027063659757853818 0.46875000000000006 -0.00066482403446349364 0.0024519216204720831 0.60875000000000012 0.0060445863019311158 0.002393234486268788 0.013345541704058437 0.62625000000000008 0.67625000000000013 0.0037942396867210368 0.00044769806541465048 -0.0011091965484157284
decision_type=8 10 10 10 8 10 10 10 10 10 10 10 10 10
left_child=1 2 3 -1 12 8 -7 -4 -6 11 -11 -3 13 -2
right_child=4 9 7 -5 5 6 -8 -9 -10 10 -12 -13 -14 -15
leaf_value=-2.6580650064191319e-05 0.0088176577520278319 0.0073481064791690075 0.0003156695746785081 -0.0040550328194472098 0.0004712412925301054 -0.0014565375285264704 0.0047414105248273644 -0.0058593092555119927 0.0062181209127296876 -0.0097896647487973193 0.0045537761459763923 0.001320978381112046 0.0099526904627929499 -0.0031643481542467538
leaf_weight=1312.3288023322821 71.57885804772377 328.53644147515297 2950.6295978799462 2951.703231997788 22556.753748454154 5083.946923956275 375.01350006461143 241.22744274139404 205.20705978572369 72.442079350352287 79.655322909355164 407.25453636050224 141.4230622947216 96.890105560421944
leaf_count=6511 297 1467 15574 17393 97515 21256 1976 1067 1327 307 337 1742 606 435
internal_value=-3.89241e-05 -0.00118299 -0.00169335 -0.00283221 0.00029385 0.000228067 -0.0010119 -0.000149113 0.000528394 0.00300703 -0.00209016 0.00415503 0.0059025 0.00179918
internal_weight=36874.6 8343.78 7455.89 4264.03 28530.8 28220.9 5458.96 3191.86 22762 887.888 152.097 735.791 309.892 168.469
internal_count=167810 44398 40545 23904 123412 122074 23232 16641 98842 3853 644 3209 1338 732
is_linear=0
shrinkage=0.03


Tree=160
num_leaves=13
num_cat=0
split_feature=1 0 0 1 1 0 3 3 3 3 1 3
split_gain=15.4888 14.8903 12.1844 12.6123 4.62825 4.48352 3.84491 4.41733 14.6036 5.94324 3.55246 1.40008
threshold=-0.71037374039188639 0.0086479515447942159 -0.010703741393565216 2.5625947355903973 0.36396005852626095 0.010911171974009589 0.28625000000000006 0.50125000000000008 0.54375000000000007 0.48375000000000007 1.136812141233041 0.48125000000000001
decision_type=10 10 8 10 10 10 8 10 10 8 10 8
left_child=6 2 10 -4 5 -3 -1 9 -9 -8 -2 -6
right_child=1 4 3 -5 11 -7 7 8 -10 -11 -12 -13
leaf_value=0.0050650274887957449 0.0074694386708131187 0.00572583897240271 -7.3499871017435819e-06 0.0033865816222647996 0.003758683811866424 -0.00040859970005508117 -0.0012876174221494311 0.0028196419643815368 -0.0013748167073377926 -0.0043518663439362703 -0.00037248977989645947 0.0105945367593486
leaf_weight=78.069942981004715 254.94384770095348 188.64277394115925 24782.182587035 1014.8164804577827 95.558445379137993 194.59590731561184 5420.0346967950463 977.94217912852764 3016.732068836689 656.0804131180048 45.867404833436012 135.87081459909678
leaf_count=374 1720 857 111547 4487 528 916 25594 4383 13347 3047 352 694
internal_value=-6.66484e-05 0.000310696 0.00019866 0.000125098 0.00489219 0.00252722 -0.00106508 -0.00112353 -0.000328506 -0.00163495 0.00610715 0.00829309
internal_weight=36861.3 26712.5 26097.8 25797 614.668 383.239 10148.9 10070.8 3994.67 6076.12 300.811 231.429
internal_count=167846 121101 118106 116034 2995 1773 46745 46371 17730 28641 2072 1222
is_linear=0
shrinkage=0.03


Tree=161
num_leaves=15
num_cat=0
split_feature=2 0 0 3 3 2 3 2 3 2 0 3 3 2
split_gain=19.2174 14.9561 24.7561 29.8475 13.232 13.9645 15.5177 11.5756 10.8803 10.9997 8.19215 7.59315 5.57216 4.32329
threshold=0.0025316596608429532 0.00058631126683921007 -0.00031031060513747648 0.39125000000000004 0.60875000000000012 0.0060445863019311158 0.64875000000000005 0.0022034277975385235 0.37375000000000008 0.0010889261252982538 -0.0097776924312434326 0.2737500000000001 0.62375000000000014 0.002125818736659867
decision_type=10 10 10 8 10 10 10 8 10 10 10 10 10 10
left_child=1 2 7 -4 10 6 -6 -1 13 -10 -2 -12 -7 -3
right_child=4 8 3 -5 5 12 -8 -9 9 -11 11 -13 -14 -15
leaf_value=0.00099667641765836031 0.0048593528644545461 0.006562932754421217 -0.0098368665959285805 -0.0022708885158577701 -0.0035892831808149446 -0.0027365824554235452 -3.868297812758413e-05 -0.0023932226013905268 -0.010113237329268811 0.00012086872081296166 0.0097069860309181282 0.00067622751636267782 0.0062010670826819041 0.00047068894269222753
leaf_weight=2175.5639177188277 434.19787172973156 323.45229923725128 640.13964141905308 1844.0911333188415 1726.1688409894705 61.231484904885292 3158.2325043529272 1527.5914543867111 87.531268090009689 2821.1203250065446 75.24361926317215 21481.786681383848 318.00397067517042 187.99017621576786
leaf_count=11677 2807 1744 4148 10703 7241 319 13093 6808 603 13481 345 92311 1685 862
internal_value=6.87339e-05 -0.00108238 -0.00196329 -0.00427618 0.000476958 -0.000867544 -0.00131051 -0.000388214 0.000494871 -0.000200148 0.000801742 0.000715017 0.00457061 0.00449065
internal_weight=36862.3 9607.48 6187.39 2484.23 27254.9 5263.64 4884.4 3703.16 3420.09 2908.65 21991.2 21557 379.235 511.442
internal_count=167827 50026 33336 14851 117801 22338 20334 18485 16690 14084 95463 92656 2004 2606
is_linear=0
shrinkage=0.03


Tree=162
num_leaves=15
num_cat=0
split_feature=1 2 3 2 3 3 1 3 1 3 3 3 1 1
split_gain=19.6935 12.3229 8.91739 7.56919 15.5194 7.3377 6.62264 4.20612 10.0201 6.77427 5.14787 3.55908 2.90445 1.31549
threshold=1.7430398526547062 0.0024304647363403431 0.77375000000000005 0.0011258670578612672 0.37125000000000002 0.61375000000000013 -0.46574804205549952 0.55625000000000013 2.5625947355903973 0.63875000000000004 0.47125 0.37875000000000009 2.2057698526993232 2.9892386251955929
decision_type=8 10 10 8 10 10 10 10 10 10 8 10 8 10
left_child=1 3 5 4 -1 -3 -5 10 9 -9 11 -2 -12 -10
right_child=7 2 -4 6 -6 -7 -8 8 13 -11 12 -13 -14 -15
leaf_value=0.0095778526073760362 0.0045865868220817344 0.00033630561228788165 0.010083890788463648 -0.0022234784255261843 -0.0088156704976864279 -0.00096074497908520248 -0.00032752876218600734 -0.0059847617696621403 0.0013399199587864859 0.0011093987481222557 0.0079430841715747644 0.0010684044038567599 0.0032455441982801778 0.006390224198564466
leaf_weight=37.569130904972553 371.50715382397175 21606.491279639304 70.905091628432274 2676.0915370136499 250.35626708716154 4775.8871293440461 4587.7536936625838 221.60450234264135 117.29273452609777 224.83205964416265 269.91259875893593 1065.7532808855176 365.67325709760189 176.15235466510057
leaf_count=281 1708 93507 320 15376 2118 20263 23233 969 515 979 1203 4782 1656 774
internal_value=2.67714e-05 -0.000171406 0.000131789 -0.00124018 -0.00597332 9.89577e-05 -0.00103637 0.00243606 0.000392785 -0.00233455 0.00313119 0.00204466 0.00542551 0.00467998
internal_weight=36817.8 34005.1 26453.3 7551.77 287.925 26382.4 7263.85 2812.73 739.882 446.437 2072.85 1437.26 635.586 293.445
internal_count=167684 155098 114090 41008 2399 113770 38609 12586 3237 1948 9349 6490 2859 1289
is_linear=0
shrinkage=0.03


Tree=163
num_leaves=11
num_cat=0
split_feature=2 0 3 0 0 3 2 2 2 3
split_gain=12.9281 14.2511 11.1139 10.1106 9.77564 9.44666 8.46455 6.8276 5.57412 5.49919
threshold=0.0014092396667470914 0.00076532002641895751 0.24875000000000003 -0.0013733188010398056 -0.0053505284069585114 0.46625000000000011 0.011644782828630353 0.0011258670578612672 0.003125806430861122 0.3887500000000001
decision_type=8 10 10 10 10 8 10 10 10 10
left_child=1 3 -2 -1 8 7 -6 -3 -4 -5
right_child=2 5 4 9 6 -7 -8 -9 -10 -11
leaf_value=0.0054086514960565201 0.0094239271365852296 0 0.005186994770218026 -0.010419738875564025 -6.1178287621323042e-05 -0.0043293452418011252 0.0055196046474368845 0.013228030459973162 0.0012528917250750051 -0.00415323481682979
leaf_weight=57.321773871779442 105.76943688839674 63.101920641958714 414.40526476502419 231.22503402084112 33422.861412808299 81.592783600091934 236.3264544159174 75.777860529720783 1765.7502182051539 434.2572321370244
leaf_count=339 555 431 1745 1926 147523 553 1414 445 9460 3558
internal_value=4.46973e-05 -0.00340112 0.000137713 -0.00545096 0.000106012 0.00300371 -1.8585e-05 0.00771636 0.00204835 -0.00654141
internal_weight=36888.4 943.277 35945.1 722.804 35839.3 220.473 33659.2 138.88 2180.16 665.482
internal_count=167949 7252 160697 5823 160142 1429 148937 876 11205 5484
is_linear=0
shrinkage=0.03


Tree=164
num_leaves=9
num_cat=0
split_feature=0 2 3 0 0 3 0 2
split_gain=13.4632 11.5433 11.4002 20.6918 14.2792 9.81005 9.69226 2.31128
threshold=0.014417644949242536 0.0012970047784985046 0.40875 -0.00029028835979325485 0.0013674571868498725 0.24875000000000003 -0.009143318059400397 0.0045505388473486329
decision_type=10 8 10 10 10 10 10 8
left_child=1 2 3 -1 -4 -3 -7 -2
right_child=7 5 4 -5 -6 6 -8 -9
leaf_value=0.012086070326998859 0.003472122322817856 0.0088219788513983852 -0.0090091991112733749 -0.0047951671583354666 0.0075238748047295198 0.0037069553233668143 2.4927637531683278e-05 0.013336835075809314
leaf_weight=88.355970688164234 73.664859116077423 106.46830293536186 358.69916214048862 181.83897989988327 42.208459913730621 646.22736993432045 35280.451010487974 65.225036129355431
leaf_count=632 322 563 2949 1467 276 3959 157282 370
internal_value=8.71979e-05 4.90207e-05 -0.00381739 0.000745328 -0.0069818 0.000123735 9.38404e-05 0.00909235
internal_weight=36843.1 36704.2 671.103 270.195 400.908 36033.1 35926.7 138.89
internal_count=167820 167128 5324 2099 3225 161804 161241 692
is_linear=0
shrinkage=0.03


Tree=165
num_leaves=14
num_cat=0
split_feature=0 2 0 2 2 0 2 3 3 0 3 2 2
split_gain=12.3297 13.9964 12.6236 10.1059 9.15427 8.76081 7.55707 7.48814 5.45711 4.65878 4.64764 3.54581 0.932885
threshold=-0.0042609063521371528 0.003125806430861122 0.014417644949242536 0.0030863654409954808 0.0032662870358655155 -0.00066482403446349364 0.011644782828630353 0.42875000000000002 0.3987500000000001 -0.009143318059400397 0.43875000000000003 0.0040924085657698395 0.0045505388473486329
decision_type=8 10 10 10 10 10 10 10 10 10 10 10 8
left_child=1 7 3 5 10 -2 -5 8 -1 -9 -3 -6 -4
right_child=2 4 12 6 11 -7 -8 9 -10 -11 -12 -13 -14
leaf_value=0.0041528187802615307 0.00030882152474312865 0.00080339541441022406 0.0037508580457444969 0.00014793311913863003 0.0029958512077021093 -0.0012777559780436257 0.0056610459503741188 0.014374497852905833 -0.0056987812344302183 0.0055865624297692512 -0.0073033833674029415 0.00039478220358139967 0.012023963501231081
leaf_weight=116.6144977658987 4310.4975016117096 75.73681865632534 65.008237957954407 18066.960142947733 716.51208883523941 10909.24504673481 217.47387884557247 74.515745386481285 73.994628667831421 460.89450994133949 173.43325452506542 1552.0234419777989 62.91611909866333
leaf_count=502 19620 320 285 76574 3040 54009 1291 329 308 1905 719 8717 358
internal_value=-4.18261e-05 0.00171959 -0.000213954 -0.000252906 0.000626014 -0.000824562 0.000219844 0.00537037 0 0.00716076 -0.00467185 0.0012522 0.00883155
internal_weight=36875.8 3243.72 33632.1 33504.2 2517.71 15219.7 18284.4 726.019 190.609 535.41 249.17 2268.54 127.924
internal_count=167977 15840 152137 151494 12796 73629 77865 3044 810 2234 1039 11757 643
is_linear=0
shrinkage=0.03


Tree=166
num_leaves=9
num_cat=0
split_feature=3 3 1 3 3 1 0 0
split_gain=12.4692 11.6408 14.9909 15.4974 10.6799 15.2734 13.9645 7.96057
threshold=0.77625000000000011 0.60375000000000012 0.20211627628993054 0.59375000000000011 0.66125000000000012 -1.6099843387754122 0.0060883274071632607 -0.010703741393565216
decision_type=10 10 10 10 10 10 10 8
left_child=1 2 3 -1 6 -6 -3 -4
right_child=-2 4 7 -5 5 -7 -8 -9
leaf_value=-0.00046415012830173787 0.011178782202482855 -0.0029077322494034494 0.0084932326806933991 0.0057834944080368336 -0.011427832139499989 0.00023833840969850073 0.0051522683379070832 0.00096013755218995697
leaf_weight=18073.108596593142 78.768657982349396 3121.3195921629667 120.18849799782038 353.4775283485651 93.755220040678978 3707.3406775742769 192.16131547838449 11021.326873138547
leaf_count=83729 377 13806 900 1524 428 16309 872 49592
internal_value=-4.69014e-05 -7.56815e-05 0.000184806 -0.000337975 -0.00116543 -6.28985e-05 -0.00240815 0.00105432
internal_weight=36761.4 36682.7 29568.1 18426.6 7114.58 3801.1 3313.48 11141.5
internal_count=167537 167160 135745 85253 31415 16737 14678 50492
is_linear=0
shrinkage=0.03


Tree=167
num_leaves=14
num_cat=0
split_feature=1 2 0 0 1 2 0 0 2 0 2 0 0
split_gain=13.8421 13.5161 12.8196 13.8353 6.47625 5.01027 11.4186 8.1485 2.03984 5.03893 4.71719 4.66697 4.56777
threshold=2.5625947355903973 0.001907142958340269 0.00076532002641895751 -0.0025950212133476311 1.0391419018915939 0.0032662870358655155 -0.00055764435789533906 0.014417644949242536 0.0036320624947112209 0.0018979333651366708 0.0031780249928003092 0.0013334946151947159 -0.0025283570821665246
decision_type=8 8 10 10 10 8 10 10 8 10 10 10 10
left_child=1 2 3 -1 -4 6 -3 -7 9 10 -2 12 -10
right_child=8 5 4 -5 -6 7 -8 -9 11 -11 -12 -13 -14
leaf_value=0.0066859806872162815 0.0046429669200016236 0.00069969914832578766 -0.00032822123340043398 -0.0039304435021602999 0.0058901201875355431 0.00031005596302506865 -0.0010280102543753832 0.007879603240395168 0.0080103585578006984 -0.0029770084694215942 -0.0016860701159659511 0.010298995045319389 -0.00078512609755031681
leaf_weight=103.99681706726551 508.54533472657204 5465.4070450216532 788.25811399519444 2008.6016767472029 172.3111710101366 18011.927521497011 9157.7522432357073 119.70781184732914 67.911467239260674 117.56207382678986 111.84657627344131 112.24327617138624 132.01452845335007
leaf_count=515 2150 23335 4448 14137 804 79009 40486 617 419 492 469 569 608
internal_value=-4.25494e-05 -0.00014408 -0.00204335 -0.00335053 0.000774627 3.28538e-05 -0.000378142 0.000367654 0.00333355 0.00227607 0.00339812 0.00549892 0.002156
internal_weight=36878.1 35828 3073.17 2112.6 960.569 32754.8 14623.2 18131.6 1050.12 737.954 620.392 312.169 199.926
internal_count=168058 163351 19904 14652 5252 143447 63821 79626 4707 3111 2619 1596 1027
is_linear=0
shrinkage=0.03


Tree=168
num_leaves=15
num_cat=0
split_feature=1 0 1 3 3 0 3 3 1 3 1 0 1 3
split_gain=10.9271 14.4106 9.20458 7.30872 14.4496 6.9771 6.59273 5.79438 4.45897 8.7051 5.5087 3.29347 5.27383 3.02928
threshold=-0.71037374039188639 0.0086479515447942159 2.8192056832459476 0.49875000000000008 0.54125000000000012 -0.0037312769321812271 0.61625000000000008 0.51875000000000016 -1.5774901982303859 0.48125000000000001 -1.0450551789936695 0.0099498557420046041 -0.043413844614757467 0.65875000000000006
decision_type=10 8 10 10 10 10 10 10 8 8 10 8 10 8
left_child=3 2 6 8 7 -6 -2 -5 9 -1 -10 -3 -13 -4
right_child=1 11 13 4 5 -7 -8 -9 10 -11 -12 12 -14 -15
leaf_value=0.0015857360274002547 0.00040970970489144151 0.0081503428170763819 0.0026522416854727645 0.0011270573596866495 0.0030539706866511778 -0.0013253353614802029 -0.00086133703226864272 0.0059002471962582787 -0.0027255198681856749 -0.0072341232448180255 -0.00072387212800084102 -0.00087725131034248447 0.0056372084336289768 0.0088656947717049416
leaf_weight=812.66949092596769 20855.015634790063 202.27426851540804 640.6043900847435 554.06825242191553 355.94669163227081 2724.1601699590683 4427.2929862141609 442.33654978871346 2645.6207252070308 103.83511061221361 2527.7155437320471 163.86936028301716 257.82247351109982 87.506751775741577
leaf_count=3900 95041 945 2847 2514 1570 12062 19490 1967 12455 492 11939 771 1347 380
internal_value=7.41259e-05 0.000394979 0.000283493 -0.000760129 0.000210093 -0.000791587 0.000184506 0.00334322 -0.00141871 0.000454439 -0.00176236 0.0048699 0.00300502 0.00359028
internal_weight=36800.7 26634.4 26010.4 10166.4 4076.51 3080.11 25282.3 996.405 6089.84 916.505 5173.34 623.966 421.692 728.111
internal_count=167720 120821 117758 46899 18113 13632 114531 4481 28786 4392 24394 3063 2118 3227
is_linear=0
shrinkage=0.03


Tree=169
num_leaves=15
num_cat=0
split_feature=2 0 2 3 3 2 3 0 3 3 0 2 0 0
split_gain=12.761 15.8923 13.7669 13.422 11.4827 8.54673 7.52588 7.02097 7.00576 6.67801 14.7171 6.42671 5.18076 4.96035
threshold=0.0030729163931431467 -0.0042609063521371528 0.003125806430861122 0.34875000000000006 0.39125000000000004 0.0088198125431252512 0.42875000000000002 0.014417644949242536 0.30125000000000007 0.48625000000000002 0.00023823886517415746 0.0022034277975385235 0.0092551009283870032 -0.0051556924144032226
decision_type=10 8 10 10 10 10 10 10 8 10 10 10 10 10
left_child=1 6 9 8 -5 7 13 -4 -3 -2 -11 -8 -7 -1
right_child=2 3 5 4 -6 12 11 -9 -10 10 -12 -13 -14 -15
leaf_value=0.0027005231456583715 0.0011467398404796324 -0.0027220715440951248 0.0001380308032015412 -0.0034274437205264398 -0.00080764950759687091 0.0042486354753898913 0.013458349216095299 0.0076691648470523293 0.0034603152658868059 0.012200583094831531 -2.7148016969709914e-05 0.0037922590635927015 -0.0040244973741488345 -0.0066790125994904536
leaf_weight=99.99607515335083 298.49055455625057 183.55772364139557 19560.627571299672 1735.0185876190662 12244.20120408386 681.3557974845171 76.241070970892906 102.44317803531885 882.02004878222942 215.31051874160767 129.97625464200974 431.86671835184097 60.286026813089848 78.663051337003708
leaf_count=425 1227 937 84022 9455 58149 4281 326 492 4446 896 530 1792 398 331
internal_value=-3.3162e-05 -0.000680813 0.000448134 -0.000888638 -0.00113931 0.000307531 0.00373324 0.000184196 0.00232414 0.00473996 0.00755761 0.00559022 0.00345171 -0.00124635
internal_weight=36780.1 15731.6 21048.5 15044.8 13979.2 20404.7 686.767 19663.1 1065.58 643.777 345.287 508.108 741.642 178.659
internal_count=167707 75861 91846 72987 67604 89193 2874 84514 5383 2653 1426 2118 4679 756
is_linear=0
shrinkage=0.03


Tree=170
num_leaves=15
num_cat=0
split_feature=2 0 1 0 1 2 1 2 1 0 0 2 0 1
split_gain=13.708 15.4759 9.93934 9.58731 9.3307 9.98654 6.70275 8.46521 7.46893 6.27741 11.0329 7.23106 5.99157 1.11617
threshold=0.0036867912319779894 0.0044720206500732931 2.5625947355903973 -0.0012166972279151075 1.7908368253636169 0.0034190409572881493 0.72349149943762492 0.0038215618030757572 0.79281428166418455 0.0038820078858212343 0.0047168589773173902 0.005292812870999245 0.0018979333651366708 1.3320348130530442
decision_type=8 10 10 10 10 10 10 10 10 8 8 10 10 10
left_child=1 2 3 -1 5 -3 9 13 -9 11 -11 -2 -4 -8
right_child=6 4 12 -5 -6 -7 7 8 -10 10 -12 -13 -14 -15
leaf_value=0.00029825145966371315 0.00017955271826005219 0.00051914414121153891 0.0039183736402973587 -0.0011296985318468055 0.011346665493427971 0.0066441480462052158 0.0037881531381895699 0.0072752435120066296 0.0010101275303956629 -0.0051210401285011389 0.00012682018840046071 0.0020090309170406597 -0.0037353254922147749 0.0092738842395535676
leaf_weight=5787.1276019066572 5785.0170480310917 1248.8679296076298 626.0777839422226 15119.380450829864 91.412105545401573 295.67283001542091 138.85965919494629 181.02370300889015 2299.1042224913836 449.94675645232201 1573.1544372141361 2986.7920275107026 91.604061275720596 144.5206638649106
leaf_count=24599 23767 5116 2645 72211 396 1214 591 855 11234 1943 7386 14907 379 635
internal_value=4.59171e-05 -0.000394265 -0.000609673 -0.000731606 0.00240296 0.00176545 0.000805228 0.00212696 0.00151889 0.000459655 -0.00103026 0.000810899 0.0028211 0.00701107
internal_weight=36818.6 23260.1 21624.2 20906.5 1635.95 1544.54 13558.4 2763.51 2480.13 10794.9 2023.1 8771.81 717.682 283.38
internal_count=167878 106560 99834 96810 6726 6330 61318 13315 12089 48003 9329 38674 3024 1226
is_linear=0
shrinkage=0.03


Tree=171
num_leaves=13
num_cat=0
split_feature=1 2 0 0 0 2 1 0 1 0 0 2
split_gain=17.3921 12.0585 18.3081 13.7541 8.28521 6.87243 6.42336 5.82458 4.71243 5.36195 3.81474 0.14934
threshold=1.7908368253636169 0.0022583477467551616 -0.0039273784534298957 0.0019399252004496149 0.0044720206500732931 0.013345541704058437 -1.0450551789936695 0.0016563620401740592 2.9892386251955929 0.0018538034524133397 0.00033825066567456176 0.0020734814841331258
decision_type=8 10 8 10 10 10 10 10 8 10 10 10
left_child=1 2 11 -4 8 6 -3 -7 10 -10 -2 -1
right_child=4 5 3 -5 -6 7 -8 -9 9 -11 -12 -13
leaf_value=0.010510180198727291 0 -0.00087854941620774086 -0.0023060404889821908 0.0016095084367003423 0.0084442210029757221 0.0095548372198285894 0.00031966465139743018 -0.00015200711447368922 0.0055231254422559665 -0.002036468171706868 0.0026677118540623084 0.0044577410814386582
leaf_weight=80.204775035381317 1098.7019889652729 4844.3495965600014 4733.8658537194133 946.91644009947777 186.3060215190053 118.62749194353819 23287.909126423299 76.8061228916049 488.90589992702007 83.354940608143806 817.86261287331581 83.497844025492668
leaf_count=355 4981 20847 28165 4420 942 797 100623 479 2180 371 3516 355
internal_value=7.98584e-05 -0.000101105 -0.00134163 -0.00164114 0.0024056 0.000153102 0.000110962 0.00562624 0.00189757 0.00430289 0.00112962 0.00820286
internal_weight=36847.3 34172.2 5844.48 5680.78 2675.13 28327.7 28132.3 195.434 2488.83 572.261 1916.56 163.703
internal_count=168031 156041 33295 32585 11990 122746 121470 1276 11048 2551 8497 710
is_linear=0
shrinkage=0.03


Tree=172
num_leaves=15
num_cat=0
split_feature=1 2 0 0 2 0 2 0 0 2 1 2 2 0
split_gain=14.7298 15.2673 16.4073 13.3683 7.73603 11.0323 7.47714 7.25569 11.5306 8.08565 5.20573 4.85019 3.79469 2.73658
threshold=1.3320348130530442 0.0020296195999655047 0.0052497230220488293 -0.002276469726065006 0.0020734814841331258 -0.00020981811049925917 0.0088198125431252512 -0.0014884970829303593 0.0011152365576763826 0.0032794510662527919 1.613000334612485 0.0037060611158785469 0.0048168642418436125 0.0015036995512628692
decision_type=10 8 10 10 8 10 10 10 10 10 10 8 10 10
left_child=1 2 3 -1 5 -3 -6 10 9 -9 12 -12 -2 -10
right_child=7 4 -4 -5 6 -7 -8 8 13 -11 11 -13 -14 -15
leaf_value=0.0044044301737771385 0.0096299688917616585 0.0095768343306354264 0.01185941501575891 -0.0028842781826028479 -0.0001537709689573726 -0.0005758563861769972 0.0030560540183857438 0.00071959247676060421 0.0060453436469131991 -0.0033705733457280876 1.9738917225403292e-05 0.0053146525310755902 0.00023854374741048956 0.0022744748595352367
leaf_weight=228.04833430051804 195.15281385183334 171.78066653013229 63.208455920219421 3315.7923523709178 27809.486744262278 180.82408002018929 657.9168534502387 1380.5987704694271 233.78790764510632 615.24796468019485 389.31930673122406 278.32492249459028 64.909754395484924 1235.1085791066289
leaf_count=1100 831 823 271 21188 119825 926 4099 6119 987 2618 1649 1542 383 5551
internal_value=-2.902e-05 -0.00025161 -0.00208895 -0.00238729 -1.89262e-05 0.00433253 -7.64339e-05 0.00159745 0.000937902 -0.000521864 0.00396042 0.00236146 0.00760374 0.00295203
internal_weight=36819.5 32427.1 3607.05 3543.84 28820 352.605 28467.4 4392.45 3464.74 1995.85 927.707 667.644 260.063 1468.9
internal_count=167912 148232 22559 22288 125673 1749 123924 19680 15275 8737 4405 3191 1214 6538
is_linear=0
shrinkage=0.03


Tree=173
num_leaves=12
num_cat=0
split_feature=2 0 1 1 0 2 2 1 0 2 0
split_gain=11.9542 12.1146 8.3766 6.43368 10.7771 6.81017 4.74375 6.61037 2.89265 1.55755 1.39662
threshold=0.0014092396667470914 0.002103123930810523 3.1880780260108446 -0.32833771128418837 0.0092551009283870032 0.0024304647363403431 0.0013719695818470397 -1.0835056008814448 0.00011949582671638683 0.0022034277975385235 -0.00074431215373777957
decision_type=8 10 8 10 10 10 10 10 8 10 10
left_child=1 6 3 5 -5 -2 7 -1 10 -10 -4
right_child=2 -3 8 4 -6 -7 -8 -9 9 -11 -12
leaf_value=-0.010953671131841225 -0.0017372722470091616 0.0077304056246658469 0.0034120927007701752 0.00028808063216964586 0.0052859880725884744 -0.00011646566582341118 -0.0117059046589266 -0.0023283232065926048 0.0050831855802466368 0 0.010155746580645301
leaf_weight=89.014224462211132 2884.9803888201714 69.338234603404999 119.67182688415051 19582.806756950915 388.16270515322685 12560.722170621157 70.811822459101677 711.92798760533333 64.842867717146873 172.11579442024231 82.975626885890961
leaf_count=868 15890 390 556 86958 1970 53819 550 5501 304 758 347
internal_value=0 -0.00332051 8.71219e-05 3.37476e-05 0.000390821 -0.000424014 -0.00434523 -0.00348416 0.00415736 0.00146779 0.00680323
internal_weight=36797.4 941.092 35856.3 35416.7 19971 15445.7 871.754 800.942 439.606 236.959 202.647
internal_count=167911 7309 160602 158637 88928 69709 6919 6369 1965 1062 903
is_linear=0
shrinkage=0.03


Tree=174
num_leaves=10
num_cat=0
split_feature=2 0 3 3 0 2 0 3 3
split_gain=10.08 14.0064 10.5775 9.79609 8.73916 6.61335 5.68862 1.58678 0.548533
threshold=0.0011258670578612672 -0.00022941455417116184 0.42875000000000002 0.77625000000000011 0.014417644949242536 0.0037934352431188167 0.0016563620401740592 0.50625000000000009 0.38375000000000009
decision_type=8 10 10 10 10 10 10 10 10
left_child=1 2 -1 4 5 -2 8 -6 -3
right_child=3 6 -4 -5 7 -7 -8 -9 -10
leaf_value=0.011199069483204867 -0.00029692721221638194 -0.0034400576982403616 -0.0058942049503520567 0.010064807125177147 0.0025138999737668445 0.00055785988492089108 0 0.011264890465179115 -0.012981052254567913
leaf_weight=58.537615485489368 23864.228818506002 34.231962092220783 48.695354416966438 77.705016031861305 66.669635452330112 12353.470615625381 40.408075548708439 59.567551657557487 141.71280469745398
leaf_count=402 107836 304 404 371 347 56125 257 289 1264
internal_value=0 -0.00518967 0.00308441 4.90596e-05 2.32323e-05 -3.63876e-06 -0.00951079 0.0076074 -0.0117323
internal_weight=36745.2 323.586 107.233 36421.6 36343.9 36217.7 216.353 126.237 175.945
internal_count=167599 2631 806 164968 164597 163961 1825 636 1568
is_linear=0
shrinkage=0.03


Tree=175
num_leaves=11
num_cat=0
split_feature=1 0 3 0 0 3 3 3 0 3
split_gain=8.97541 11.1704 7.64622 7.02824 31.7032 12.1448 4.96546 8.04599 7.98087 4.71382
threshold=1.8913997938054929 0.0044720206500732931 0.77625000000000011 -0.00046012491165091141 0.00038089203784715388 0.3262500000000001 0.49875000000000008 0.47625000000000001 0.0012373289577195512 0.48875000000000007
decision_type=10 8 10 8 10 8 10 8 10 8
left_child=2 6 3 5 -5 -1 7 -2 -8 -3
right_child=1 9 -4 4 -6 -7 8 -9 -10 -11
leaf_value=0.0049441209003607423 0.0015859065474723361 0.0025704695059457412 0.0091001325513073144 -0.0023074040670231985 0.00040320914792284657 0.00042719542129494181 -0.0022089870256708213 0.0086276053522466659 0.0041586797946609917 0.014600225248977238
leaf_weight=553.1735630184412 1199.9452155902982 72.940548300743103 75.024490192532539 5124.6086925566196 15856.878262557089 12858.493502527475 606.29792862385511 165.64718208462 236.59261126816273 78.765313737094402
leaf_count=2600 5377 379 360 25944 70470 58128 2656 735 1008 397
internal_value=0.000232723 0.00201991 0.000108055 8.40566e-05 -0.000256768 0.000621514 0.00142367 0.0025402 -0.000323482 0.00970398
internal_weight=36828.4 2360.19 34468.2 34393.2 20981.5 13411.7 2208.48 1365.59 842.891 151.706
internal_count=168054 10552 157502 157142 96414 60728 9776 6112 3664 776
is_linear=0
shrinkage=0.03


Tree=176
num_leaves=13
num_cat=0
split_feature=1 2 0 0 2 2 1 2 0 2 2 0
split_gain=11.5772 11.7001 14.9021 13.3092 6.87229 7.1034 4.33365 4.02331 3.29378 1.86295 2.72516 0.159362
threshold=2.5625947355903973 0.0022583477467551616 -0.0026645119348182159 0.0010190200297170084 0.0064893139797160262 0.0068353086740594888 2.2804587486391972 0.0019273428732258953 -0.0025283570821665246 0.0021062118175967973 0.0029038696640386469 0.00027797720862573946
decision_type=10 8 10 10 10 10 10 10 10 8 10 10
left_child=1 2 7 -4 6 -6 -3 -1 -2 11 -11 -10
right_child=8 4 3 -5 5 -7 -8 -9 9 10 -12 -13
leaf_value=0.0086227025154298181 0.0079780099958859825 -3.1600640518186372e-06 -0.0026741939385873706 0.00049087357029030593 0.0046474796915829042 0.00070955030898736313 -0.0034549384342283883 0.0017871206048960067 0.0062917402064126028 -0.00090012588503980196 0.0028394830489996718 0.0023051127583776027
leaf_weight=118.04540306329727 111.47382996976376 26864.082626231015 4083.2555768117309 1643.4780665189028 534.64968883246183 1947.9390969797969 321.86564409732819 301.37331053614616 110.73089218139648 249.08855678886175 440.5435850918293 99.590754121541977
leaf_count=572 593 113846 24779 8112 2570 11026 1377 1298 499 1012 1989 432
internal_value=-6.50856e-05 -0.000156455 -0.00134726 -0.00175614 8.85827e-05 0.00159694 -4.74887e-05 0.00400672 0.00308142 0.00232795 0.00140945 0.00486664
internal_weight=36826.1 35814.7 6146.15 5726.73 29668.5 2482.59 27185.9 419.419 1011.43 899.954 689.632 210.322
internal_count=168105 163580 34761 32891 128819 13596 115223 1870 4525 3932 3001 931
is_linear=0
shrinkage=0.03


Tree=177
num_leaves=12
num_cat=0
split_feature=2 0 0 3 3 0 0 2 0 3 2
split_gain=10.7554 7.68026 7.42046 7.03485 6.87041 12.2728 20.5545 6.7446 6.30348 3.95845 0.553528
threshold=0.0012970047784985046 0.014417644949242536 -0.0051556924144032226 0.77625000000000011 0.40875 -0.00029028835979325485 0.00027797720862573946 0.003125806430861122 0.0013674571868498725 0.46625000000000011 0.0044547089837123121
decision_type=8 10 8 10 10 10 10 10 10 10 8
left_child=4 2 7 -4 5 -1 -7 -2 9 -6 -3
right_child=1 10 3 -5 8 6 -8 -9 -10 -11 -12
leaf_value=0.0088115642426425875 0.0049981047900841914 0.0027609753919797613 -8.5816171506401142e-05 0.0088615146033519162 -0.012334162892446982 -0.014306435650075965 0.0049037267385267326 0.00085145937059966765 0.0032076679725131078 -0.0045995830237364251 0.0095241594301243796
leaf_weight=84.946754924952984 442.88446648418903 64.496211662888527 33642.961897611618 69.178542017936707 115.31850555539131 86.5342076420784 90.407540984451771 1903.8327944949269 42.54516626894474 239.31970930099487 66.909584879875183
leaf_count=607 1867 284 149907 323 1017 788 674 10124 278 1955 383
internal_value=6.75519e-06 7.80373e-05 4.89838e-05 -6.30543e-05 -0.0037604 0 -0.00443287 0.00167738 -0.00619848 -0.00754848 0.00705898
internal_weight=36849.3 36190.3 36058.9 33712.1 659.072 261.889 176.942 2346.72 397.183 354.638 131.406
internal_count=168207 162888 162221 150230 5319 2069 1462 11991 3250 2972 667
is_linear=0
shrinkage=0.03


Tree=178
num_leaves=10
num_cat=0
split_feature=2 3 3 0 0 0 3 3 3
split_gain=11.5276 10.7501 7.8981 9.47804 17.2083 8.79219 7.24392 8.00053 2.5852
threshold=0.0012970047784985046 0.24875000000000003 0.40875 -0.00033072351709718679 0.00029741297146978579 0.0013334946151947159 0.77625000000000011 0.61125000000000018 0.5212500000000001
decision_type=8 10 10 10 10 10 10 10 10
left_child=2 -2 3 -1 -5 8 7 -3 -4
right_child=1 6 5 4 -6 -7 -8 -9 -10
leaf_value=0.0079507068205472396 0.0093062875364964132 0.00028732898234222498 -0.0090777761993282285 -0.012623935178583325 0.0048491844481496765 0.0046892257162491598 0.008649319565090987 -0.00085975005471784858 0
leaf_weight=83.626795500516891 104.56257237493992 29321.066322512925 306.78134083747864 88.811292260885239 90.035707145929337 42.228972174227238 78.988263517618179 6707.561780847609 37.248883403837681
leaf_count=587 562 132375 2594 816 658 278 379 29705 307
internal_value=5.2445e-05 0.000125561 -0.00387773 0 -0.00371886 -0.0065525 9.47441e-05 7.19295e-05 -0.00819535
internal_weight=36860.9 36212.2 648.733 262.474 178.847 386.259 36107.6 36028.6 344.03
internal_count=168261 163021 5240 2061 1474 3179 162459 162080 2901
is_linear=0
shrinkage=0.03


Tree=179
num_leaves=10
num_cat=0
split_feature=2 0 1 0 1 0 0 2 2
split_gain=10.332 13.7329 9.67373 9.14281 8.21287 4.04898 3.66105 3.03553 3.35649
threshold=0.0011258670578612672 -0.00020981811049925917 3.4776108912586401 0.014417644949242536 -0.50513384952702223 0.00076532002641895751 -0.00053171845944752455 0.0022175214254662079 0.002969708413972033
decision_type=8 10 10 10 10 10 10 8 10
left_child=1 6 3 4 -2 -3 -1 -4 -9
right_child=2 5 7 -5 -6 -7 -8 8 -10
leaf_value=-0.00094797615877345294 -0.00061270349490425346 -0.013012867939945934 0.010713373455488451 0.0078623538176375643 0.000329419180624393 -0.0026326620506473787 0.0088910412565447305 -0.0013682841641455997 0.0057061588103484795
leaf_weight=71.880875810980797 13033.062320373952 130.33750054240227 73.276905730366707 123.24144621193409 23013.885556444526 74.326903857290745 41.037267103791237 76.689553022384644 139.75328525155783
leaf_count=502 59678 1228 311 629 103633 531 360 313 647
internal_value=1.45866e-05 -0.00528735 6.38512e-05 1.7705e-05 -9.62423e-06 -0.0098209 0.00257206 0.005432 0.00298486
internal_weight=36777.5 317.583 36459.9 36170.2 36046.9 204.664 112.918 289.72 216.443
internal_count=167832 2621 165211 163940 163311 1759 862 1271 960
is_linear=0
shrinkage=0.03


Tree=180
num_leaves=13
num_cat=0
split_feature=2 3 3 2 2 3 3 3 2 3 2 3
split_gain=10.3827 8.10948 12.9594 14.51 9.2876 13.4026 6.50465 6.04149 5.08429 12.3775 7.89858 4.9187
threshold=0.0064893139797160262 0.60375000000000012 0.66125000000000012 0.0020296195999655047 0.0025462049533089225 0.46875000000000006 0.67125000000000012 0.24875000000000003 0.0068353086740594888 0.33875000000000005 0.011644782828630353 0.74625000000000019
decision_type=10 10 10 8 8 10 10 10 10 10 10 10
left_child=1 4 3 -3 5 -1 8 -6 9 -2 -10 -4
right_child=6 2 11 -5 7 -7 -8 -9 10 -11 -12 -13
leaf_value=-0.0016686329782265702 -0.0054801401525774156 -0.0093486298761156755 0.00048412549511983122 -0.0018505417872159823 0.0073029277637906053 0.0009380085085112979 0.0091165171847839652 0.0003863060856036979 -0.00011742469591795071 0.0061915358497671722 0.0050051132930815159 -0.0030906676619454503
leaf_weight=5247.4338151291013 86.489118598401546 250.21994759142399 3364.3247541859746 2873.3477210700512 105.45582865923643 2640.7280044704676 99.295263066887856 19367.358539611101 1595.5516987591982 438.10236696153879 311.40912434458733 374.76647436618805
leaf_count=28432 426 1434 14786 12237 563 13217 554 81663 8814 2103 2038 1605
internal_value=-1.35835e-05 -0.000152529 -0.00107441 -0.00249826 7.68126e-05 -0.000788325 0.00183491 0.000430572 0.00147686 0.00408848 0.000709539 0.000102535
internal_weight=36754.5 34223.6 6862.66 3123.57 27361 7888.16 2530.85 19472.8 2431.55 524.591 1906.96 3739.09
internal_count=167872 153937 30062 13671 123875 41649 13935 82226 13381 2529 10852 16391
is_linear=0
shrinkage=0.03


Tree=181
num_leaves=13
num_cat=0
split_feature=1 3 3 0 0 1 0 0 3 0 3 0
split_gain=8.29645 7.11168 16.3904 7.7799 7.25003 6.67206 6.14128 5.09342 6.50065 4.50518 3.77468 3.69311
threshold=-1.0450551789936695 0.61625000000000008 0.69125000000000003 0.0023353706532947683 0.004591353258762562 0.16845558912892164 0.0099498557420046041 0.004591353258762562 0.43125000000000008 0.00040252504061792047 0.49875000000000008 -0.0097776924312434326
decision_type=10 10 10 10 10 10 8 10 8 10 10 8
left_child=6 5 4 -4 -3 11 7 10 -9 -7 -1 -2
right_child=1 2 3 -5 -6 9 -8 8 -10 -11 -12 -13
leaf_value=-0.0018040495511123513 0.0036953074637027569 -0.0023410942700604312 0.002692545154406081 -0.0020860390854568573 0.0017448240389817654 0.00040611400744282881 -0.0087208870665258197 -0.0032734993225737633 0.0042476159133513847 0.0016029058164273638 -0.00011136828489505219 -8.476102207781501e-05
leaf_weight=3185.5989713668823 226.54695373028517 3359.6510073766112 1368.0090860500932 372.15110348165035 417.62615988403559 6422.3279132470489 83.640141889452934 129.37346215546131 341.37892088294029 5327.2492607235909 2012.821004845202 13471.031843908131
leaf_count=15184 1425 14960 6022 1579 1853 29698 411 576 1462 23606 9020 61878
internal_value=2.12051e-05 0.000217257 -0.000754304 0.00163023 -0.00187009 0.000430481 -0.00102218 -0.000882877 0.00203074 0.000954742 -0.00116164 -1.52144e-05
internal_weight=36717.4 30964.6 5517.44 1740.16 3777.28 25447.2 5752.81 5669.17 470.752 11749.6 5198.42 13697.6
internal_count=167674 141021 24414 7601 16813 116607 26653 26242 2038 53304 24204 63303
is_linear=0
shrinkage=0.03


Tree=182
num_leaves=13
num_cat=0
split_feature=1 0 0 0 3 1 3 1 3 3 1 0
split_gain=11.6498 6.80976 7.96913 22.6963 12.4454 5.55514 4.42961 3.36478 2.98711 2.8733 2.68569 1.833
threshold=2.4564214737292143 -0.010703741393565216 0.00038089203784715388 -0.00043720626935942809 0.30875000000000002 -0.56382191213594346 0.64875000000000005 2.9892386251955929 0.5787500000000001 0.51875000000000016 1.0852265344658598 -0.013260464893472651
decision_type=10 8 10 8 8 10 8 10 10 10 10 10
left_child=1 5 3 -3 -4 11 8 -8 9 -2 -7 -1
right_child=6 2 4 -5 -6 10 7 -9 -10 -11 -12 -13
leaf_value=-0.0048605251083357424 0.001815021199884327 0 -0.0080040429793501334 -0.0023198055154770997 0.00034422789012505879 0.0075283381105274725 0.0016308133028896941 0.011566878072316274 -0.0018815509852352101 0.0069938904487224672 0 0.001505784950945759
leaf_weight=55.165516816079617 767.4321291744709 13574.154694356024 151.87212239205837 5237.6350276768208 16253.510092906654 216.11203519254923 76.238479122519493 81.910920485854149 130.26273322105408 118.89592102169991 42.524019852280617 81.352088317275047
leaf_count=345 3458 60754 735 26424 72202 1516 334 355 574 531 335 432
internal_value=-7.7173e-05 -0.000176073 -0.000222109 -0.000644305 0.00025846 0.00368286 0.00284652 0.0075157 0.00199556 0.00264695 0.00622146 -0.000813431
internal_weight=36787.1 35612.3 35217.2 18811.8 16405.4 395.154 1174.74 158.149 1016.59 886.328 258.636 136.518
internal_count=167995 162743 160115 87178 72937 2628 5252 689 4563 3989 1851 777
is_linear=0
shrinkage=0.03


Tree=183
num_leaves=15
num_cat=0
split_feature=1 2 0 0 0 0 0 0 0 2 2 0 2 2
split_gain=10.7782 9.28315 13.6439 11.7704 8.77058 7.82174 7.33476 9.07298 6.64133 6.51412 5.68315 5.00258 3.76741 2.26358
threshold=1.3320348130530442 0.0055675591397784992 0.0049741239461610241 0.0036267477264901437 -0.0024640327339440445 -0.00039343980229462953 -0.0017495571167721435 0.0011152365576763826 0.0060883274071632607 0.0025593995991118391 0.0032794510662527919 -0.0019907551813733919 0.0044210984305639994 0.005292812870999245
decision_type=8 10 10 10 10 8 8 8 10 10 10 10 10 10
left_child=1 2 5 4 -3 -1 11 10 -5 -4 -8 13 -9 -2
right_child=6 3 9 8 -6 -7 7 12 -10 -11 -12 -13 -14 -15
leaf_value=6.2044696782123947e-05 0.0038516646019448862 0.00016052458956983501 0.0059194220771093507 -0.0047953887721683495 0.0036175235085903934 -0.00097569280538973657 0.00058552613495951259 0.0034543447399908189 0.00041432040404094667 0.001200508157883443 -0.0027379012351901569 0.010898242786542268 0 0
leaf_weight=11226.651149243116 581.69422034919262 1169.0152734145522 313.407471165061 364.99996627867222 1633.2344131916761 15297.119214132428 1440.9532683044672 1117.9581951126456 485.44037810713053 1840.1113768666983 660.03157931566238 81.961415991187096 351.68170066177845 161.78351014852524
leaf_count=49430 2578 6779 1354 1831 7666 70559 6359 4758 2624 7760 2823 355 1827 1050
internal_value=2.52901e-05 -0.0001627 -0.000345882 0.0012561 0.0022024 -0.000534333 0.00141867 0.000802901 -0.00178165 0.00193918 -0.000438141 0.00396903 0.00260861 0.00299102
internal_weight=36726 32330 28677.3 3652.69 2802.25 26523.8 4396.06 3570.62 850.44 2153.52 2100.98 825.439 1469.64 743.478
internal_count=167753 148003 129103 18900 14445 119989 19750 15767 4455 9114 9182 3983 6585 3628
is_linear=0
shrinkage=0.03


Tree=184
num_leaves=13
num_cat=0
split_feature=2 0 0 2 2 3 3 3 2 0 0 2
split_gain=12.4175 11.2409 14.1475 25.249 10.5967 6.96126 5.25517 12.1036 7.26031 4.91899 5.63689 0.547348
threshold=0.0041194717281430775 -0.0047907054333534817 0.00082159576828511516 0.0040341021866642781 0.0039915687364262924 0.69875000000000009 0.3987500000000001 0.38625000000000004 0.003157671466059313 0.014417644949242536 0.00079339463704917177 0.0046510927379661516
decision_type=10 8 10 10 10 10 10 10 10 10 10 10
left_child=1 6 3 -3 -4 9 7 -1 -8 10 -2 -7
right_child=5 2 4 -5 -6 11 8 -9 -10 -11 -12 -13
leaf_value=0.0011195997613021704 0.0013448843949617512 -0.00089074492758710192 0.0001446014504372966 -0.0089939934092727741 0.0049511765848605635 0.0030366220708804501 0.0039985524713142357 0.01591100466756265 -0.00085756403063052395 0.0083155314217324035 -0.00011478499913325105 0.008227895359096923
leaf_weight=159.314588367939 5143.1077874079347 15315.687294594944 9677.8328746780753 346.31485851109028 423.23511324822903 104.19886210560799 493.20733696222305 71.251526951789856 577.00505977869034 68.093033917248249 4293.4575571343303 106.30353371053934
leaf_count=690 24550 72039 41756 1404 1746 425 2067 320 2445 387 19592 555
internal_value=-4.26636e-05 -0.000374495 -0.000514105 -0.00107938 0.000356629 0.000874994 0.00232767 0.00641137 0.00134113 0.000744719 0.000674993 0.00618457
internal_weight=36779 27063.8 25763.1 15662 10101.1 9715.16 1300.78 230.566 1070.21 9504.66 9436.57 210.502
internal_count=167976 122467 116945 73443 43502 45509 5522 1010 4512 44529 44142 980
is_linear=0
shrinkage=0.03


Tree=185
num_leaves=12
num_cat=0
split_feature=0 1 0 3 1 3 3 1 3 0 3
split_gain=9.60734 9.10325 9.89293 15.7507 6.47555 4.06017 4.90222 3.60571 3.0028 3.00238 2.36695
threshold=-0.0097776924312434326 3.1880780260108446 0.00087616433058625382 0.30875000000000002 -0.33830324058772726 0.53125000000000011 0.32375000000000004 1.0621213625688903 0.59875000000000012 0.00084962685549874728 0.65375000000000016
decision_type=8 8 10 8 10 10 10 10 8 10 10
left_child=5 2 3 -2 -4 6 -1 -8 9 -3 -7
right_child=1 8 4 -5 -6 10 7 -9 -10 -11 -12
leaf_value=-0.002230918131807016 0.0047461781176417429 0.004441043010571159 -0.0001433586493450997 -0.00055904540506590333 0.0011505249976024332 -0.0036348145153114754 0.0081446307176230338 0 0.0084791214127796864 -0.0010058081766105851 0.0037749423609437318
leaf_weight=45.963000454008579 504.05218970775604 224.45120245218277 6020.1823064684868 21186.733567640185 8002.927548199892 76.306751318275928 290.34065167605877 45.772389531135559 112.92434651404619 118.89213837683201 59.471655175089836
leaf_count=297 2384 994 26456 98396 35056 454 1887 348 526 530 329
internal_value=8.51432e-05 2.48285e-05 -2.78681e-05 -0.000430867 0.000591073 0.00410395 0.00565642 0.00694165 0.00419042 0.00241003 0
internal_weight=36688 36170.2 35713.9 21690.8 14023.1 517.854 382.076 336.113 456.268 343.343 135.778
internal_count=167657 164342 162292 100780 61512 3315 2532 2235 2050 1524 783
is_linear=0
shrinkage=0.03


Tree=186
num_leaves=13
num_cat=0
split_feature=1 0 0 3 0 0 0 0 3 1 3 3
split_gain=11.6371 6.44992 6.20772 17.1623 11.2924 5.69302 8.10697 6.50009 4.36844 3.39432 3.26107 2.22012
threshold=-0.71037374039188639 0.0086479515447942159 -0.0014884970829303593 0.40625000000000006 0.00033825066567456176 0.0099498557420046041 0.0047168589773173902 0.0052497230220488293 0.74125000000000008 0.51861386362959128 0.47375000000000006 0.44125000000000009
decision_type=10 10 8 8 10 8 10 10 10 10 10 8
left_child=5 2 3 -2 -4 6 8 -8 -1 11 -7 -3
right_child=1 9 4 -5 -6 10 7 -9 -10 -11 -12 -13
leaf_value=-0.001204403003068847 0.0038206132863101714 0.0052568369022315117 -0.0010281331680849647 0.00012669057325994526 0.00045872200338461844 -0.00087334244783518402 0.007169901784068085 0.00047807315815604629 0.0042514298890643657 0.0067261216095148985 -0.010707313059496569 7.4165231935417777e-05
leaf_weight=9057.645172663033 1453.2374973744154 98.802369609475136 7455.6678437814116 5170.3063708990812 11914.043877400458 72.458917185664177 163.10261717438698 639.16184477508068 119.80563420057297 180.74094352126122 76.47665436565876 317.42801257967949
leaf_count=42107 7076 471 35237 23111 52562 371 697 2772 527 991 335 1483
internal_value=-9.62633e-05 0.00023158 0.000157706 0.000950738 -0.000110728 -0.00096223 -0.000864666 0.00198393 -0.0011221 0.00329371 -0.00665646 0.00153964
internal_weight=36718.9 26590.2 25993.3 6623.54 19369.7 10128.7 9979.72 802.264 9177.45 596.971 148.936 416.23
internal_count=167740 120931 117986 30187 87799 46809 46103 3469 42634 2945 706 1954
is_linear=0
shrinkage=0.03


Tree=187
num_leaves=14
num_cat=0
split_feature=1 3 0 3 1 1 3 0 1 0 3 0 3
split_gain=10.4814 9.5242 11.2578 9.88816 7.52464 5.57816 5.52065 4.26475 2.4962 2.53345 3.44797 0.848189 0.765966
threshold=2.4564214737292143 0.69375000000000009 0.0023353706532947683 0.61875000000000013 -1.0450551789936695 -0.89165541869024667 0.62625000000000008 0.0033182832894782231 3.9158367039363204 -0.0017495571167721435 0.44875000000000004 0.00025758385641822017 0.46875000000000006
decision_type=10 10 10 10 10 10 10 10 10 10 8 10 10
left_child=1 3 5 4 -1 -3 -5 -4 9 12 -11 -10 -2
right_child=8 2 7 6 -6 -7 -8 -9 11 10 -12 -13 -14
leaf_value=-0.0010577899325607688 0.0076789997148932867 -0.00021149153213676717 -0.0061993855932466202 -0.0047251573572984233 0.00023143458745387738 0.0041872463893922272 -0.0011348109322741331 0 0.0090414492941870532 -0.00082982645912017101 0.0029319155870386479 0.00230565985041431 0.0019961399245979569
leaf_weight=4872.6440088972449 88.908976256847382 299.53246070444584 149.13771438598633 438.71095141768456 24562.257840827107 1159.3326214700937 3797.8764322474599 235.20976260304451 77.120350569486618 342.45856999605894 503.35514096915722 69.808490172028542 86.318676270544529
leaf_count=22692 457 1353 617 1925 112659 5102 17021 1006 342 1507 2191 302 425
internal_value=2.99735e-05 -6.06992e-05 0.00203057 -0.000177528 1.56923e-05 0.00324796 -0.00153098 -0.00240334 0.00281512 0.00215745 0.00134683 0.00657435 0.0054624
internal_weight=36682.7 35514.7 1843.21 33671.5 29434.9 1458.87 4236.59 384.347 1167.97 1021.04 845.814 146.929 175.228
internal_count=167599 162375 8078 154297 135351 6455 18946 1623 5224 4580 3698 644 882
is_linear=0
shrinkage=0.03


Tree=188
num_leaves=15
num_cat=0
split_feature=1 2 0 2 2 0 2 0 0 0 2 0 2 1
split_gain=9.7362 9.51611 9.26636 7.54077 7.50754 15.8517 9.92337 6.64153 10.3947 7.7669 6.75999 5.7321 5.58882 3.2937
threshold=1.0852265344658598 0.0011258670578612672 -0.00022941455417116184 0.001051306329718196 0.0012504703659142271 3.8426387507697393e-05 0.0012970047784985046 0.0030305325383313485 -0.00046012491165091141 0.00031659335776716555 0.0048603372356067079 0.0024830039026835491 0.0030975723142180316 1.4328941485589544
decision_type=10 10 8 8 10 10 10 10 8 10 8 10 10 10
left_child=1 2 3 -1 5 -3 -6 8 12 -10 -9 -4 -2 -12
right_child=7 4 11 -5 6 -7 -8 10 9 -11 13 -13 -14 -15
leaf_value=0.010776208900507728 0.0040753447416109652 -0.0033220991168454997 -0.010892029103258937 -0.0050259269342974094 -0.0082741038771898118 0.015488477382961673 -0.00017450097119727436 0.0052042167164802339 -0.0027138028792810559 0.00059760428103140741 -0.0052849839287731609 0 0.00081367581354100803 0.0018679682164458042
leaf_weight=41.575818851590157 903.98718740046024 65.103853836655617 177.50094920396805 43.272714465856552 127.14523431658745 72.482634417712688 30459.063130609691 611.29214534163475 936.4722303673625 1895.0052095577121 82.18945986032486 52.919373035430908 1112.0563264638186 133.63793332129717
leaf_count=328 3822 525 1608 350 1133 577 137452 2668 4252 8158 449 296 5369 778
internal_value=-2.39675e-05 -0.000234542 -0.00534543 0.00240433 -0.000178423 0.00655906 -0.000212825 0.00111566 0.00067271 -0.000482179 0.00360096 -0.00843002 0.00231871 -0.000703673
internal_weight=36713.7 31039.1 315.269 84.8485 30723.8 137.586 30586.2 5674.64 4847.52 2831.48 827.12 230.42 2016.04 215.827
internal_count=167765 142269 2582 678 139687 1102 138585 25496 21601 12410 3895 1904 9191 1227
is_linear=0
shrinkage=0.03


Tree=189
num_leaves=15
num_cat=0
split_feature=2 3 2 3 0 2 0 3 3 0 2 3 0 2
split_gain=8.54927 10.6031 12.8539 11.7045 11.6458 24.8991 17.4923 10.104 9.31899 18.8501 20.1885 11.4975 8.95072 9.3027
threshold=0.0036867912319779894 0.43125000000000008 0.00155754180092554 0.56125000000000014 -0.00046012491165091141 0.0033316699542914616 0.00033825066567456176 0.46625000000000011 0.42875000000000002 0.0035449160129804699 0.0047391103548127568 0.38625000000000004 0.012260103503179713 0.011644782828630353
decision_type=8 10 10 10 10 10 10 10 10 10 10 8 10 10
left_child=1 4 7 -4 5 -1 -6 -3 9 11 -11 -2 13 -10
right_child=8 2 3 -5 6 -7 -8 -9 12 10 -12 -13 -14 -15
leaf_value=0.0016301105455273398 0.00099599076534016492 -0.012598704035408741 0.00086993883550787459 -0.0008061938953631601 -0.0049478008108126336 -0.0059872010191294464 -0.00092173896748691184 -0.0021607428242338832 -0.00021652023714515932 0.0027990190312875123 -0.0069365486941883724 0.0045396383174896139 0.0067668252875294141 0.0069897721724312654
leaf_weight=2120.3537246212363 1794.118900924921 103.48997184634209 9420.5107757970691 6190.8446208164096 1477.7206188216805 461.00263543426991 2960.6103585064411 427.19449146091938 9078.32856849581 333.95935704559088 410.36129359155893 1616.9768266528845 164.85734279453754 153.93134853243828
leaf_count=10090 8331 868 40712 27070 8536 1896 13938 3267 40157 1433 2100 7500 860 1012
internal_value=-2.79114e-05 -0.000379599 4.02669e-05 0.00020132 -0.00135231 0.000228731 -0.00228379 -0.00450261 0.000568546 0.00175004 -0.00250969 0.0027017 3.84033e-05 -8.24435e-05
internal_weight=36714.3 23161.7 16142 15611.4 7019.69 2581.36 4438.33 530.684 13552.5 4155.42 744.321 3411.1 9397.12 9232.26
internal_count=167770 106377 71917 67782 34460 11986 22474 4135 61393 19364 3533 15831 42029 41169
is_linear=0
shrinkage=0.03


Tree=190
num_leaves=15
num_cat=0
split_feature=1 0 0 3 0 3 3 1 3 3 3 0 1 3
split_gain=8.32495 7.65624 14.4396 13.3511 10.7814 5.79376 5.70581 5.62645 3.84328 14.005 7.40873 6.57613 6.28136 4.98916
threshold=-1.0450551789936695 -0.0014884970829303593 0.00033825066567456176 0.3987500000000001 0.00011949582671638683 0.31875000000000003 0.74125000000000008 1.3320348130530442 0.49875000000000008 0.53875000000000017 0.55375000000000008 0.00049267082477263383 -1.0704869886318611 0.48125000000000001
decision_type=8 8 10 8 10 8 10 10 10 10 10 10 10 8
left_child=8 3 4 7 -3 -4 -5 -2 12 11 -11 -10 13 -1
right_child=1 2 5 6 -6 -7 -8 -9 9 10 -12 -13 -14 -15
leaf_value=-0.00083934819366195687 0.0027751996159378735 -0.0005311924333538361 -0.0039634719194054802 0.00034892211290587832 -0.0035610654805600973 0.00065291436311647785 0.0083948484503747495 0.0083150748511746711 0.0073317336144973237 -0.0070574674358013529 -0.00061031623629349667 0.0005040629569378573 -0.0071132558038530525 -0.0046418026486141004
leaf_weight=2989.5869299694896 1306.6699607670307 7381.9016916006804 235.76552130281925 6299.0011748224497 1242.1305904984474 14272.669802382588 71.235154926776886 202.747807495296 275.65552320331335 174.67944499105215 1510.8722890466452 268.11553094536066 171.0999616459012 350.84503948688507
leaf_count=14218 6290 34936 1092 28136 6201 63391 338 1037 1269 767 6737 1177 802 1627
internal_value=7.27431e-05 0.000268588 -4.06896e-06 0.00107563 -0.000978157 0.000571086 0.000461316 0.00360864 -0.000973407 0 -0.00135153 0.00414348 -0.00159047 -0.00126929
internal_weight=36753 31012.1 23132.5 7879.65 8624.03 14508.4 6370.24 1509.42 5740.85 2229.32 1685.55 543.771 3511.53 3340.43
internal_count=168018 141421 105620 35801 41137 64483 28474 7327 26597 9950 7504 2446 16647 15845
is_linear=0
shrinkage=0.03


Tree=191
num_leaves=15
num_cat=0
split_feature=2 0 2 3 2 3 3 3 0 3 2 2 0 2
split_gain=8.85104 9.78365 14.9168 31.1735 12.5949 8.38494 8.05667 7.25042 5.16945 13.8281 12.7409 10.6105 9.46549 9.05838
threshold=0.001907142958340269 0.00076532002641895751 0.0017989135513542737 0.4512500000000001 0.001719074333767883 0.49625000000000002 0.69625000000000015 0.44125000000000009 -0.00039343980229462953 0.3987500000000001 0.0032662870358655155 0.003552681884281731 -0.00066482403446349364 0.0032283467278680996
decision_type=10 10 10 10 10 10 10 8 10 10 10 10 10 10
left_child=1 2 4 -4 -1 7 -7 -3 9 -2 13 -12 -11 -10
right_child=8 5 3 -5 -6 6 -8 -9 10 12 11 -13 -14 -15
leaf_value=-0.0023403731050999571 0.0026687252646160767 0.00058967363850799851 -0.015599699562129914 0.00081436758946967086 0.0051425351490844958 -0.0065157935077377552 0.0051533180343499279 0.0071887453561069172 -0.00079670351026737897 -0.00010938330329640459 0.0024690788807127419 8.3537855648362585e-05 0.0028692191122413114 -0.0063208337417584781
leaf_weight=1612.7661958038807 2425.4558770656586 571.34629023075104 206.91818371415138 185.85026195645332 217.8263291567564 201.07366505265236 57.267989791929722 206.81107522547245 8710.6170534044504 10137.189166158438 2084.44326351583 8744.8584412932396 1047.8020005524158 270.0004146695137
leaf_count=11998 11274 3065 1142 977 1278 1147 315 1116 38489 44572 8536 38076 4596 1112
internal_value=2.0494e-05 -0.00146731 -0.00259279 -0.00785653 -0.00139426 0.000891301 -0.0036098 0.00248859 0.000167806 0.000618533 -0.000138995 0.000550101 0.000166604 -0.000976305
internal_weight=36680.2 3259.86 2223.36 392.768 1830.59 1036.5 258.342 778.157 33420.4 13610.4 19809.9 10829.3 11185 8980.62
internal_count=167693 21038 15395 2119 13276 5643 1462 4181 146655 60442 86213 46612 49168 39601
is_linear=0
shrinkage=0.03


Tree=192
num_leaves=15
num_cat=0
split_feature=1 3 0 3 0 0 3 3 3 3 1 0 1 3
split_gain=9.96146 11.4436 7.78603 7.57195 6.21803 16.9709 12.7409 11.8465 9.54594 7.07026 4.33643 3.95072 3.30894 1.07684
threshold=0.65721629996608555 0.61625000000000008 -0.0047907054333534817 0.66125000000000012 0.00051576960448254021 -0.00026977484475632595 0.43375000000000002 0.74875000000000014 0.30375000000000002 0.61375000000000013 1.1104880283684551 0.0092551009283870032 1.2148960868044945 0.46875000000000006
decision_type=10 10 10 10 10 8 10 10 8 10 10 10 10 8
left_child=4 2 13 12 5 7 -7 -1 -6 -10 -5 -4 -3 -2
right_child=1 3 11 10 8 6 -8 -9 9 -11 -12 -13 -14 -15
leaf_value=-0.0001753396723063282 0.0034744130625747284 -0.0012407151880284733 0.0010306063997847501 -0.002454560561357187 -0.0097124538050046162 -0.0047339500163417203 -0.0010510697077736461 0.010672527657167526 0.00069614329654741616 -0.0010926542194885573 0.0019081127046808597 0.0069183070979933151 -0.0061573457014980097 0.0077905006656341525
leaf_weight=11763.840503141284 251.07223950326443 261.90754230320454 6930.5495742633939 313.2369246929884 75.556187205016613 1354.6069250553846 2396.6201785728335 81.213962361216545 9668.8583548888564 2473.9317819923162 539.06730974465609 98.506751745939255 324.3951421007514 154.63201093673706
leaf_count=53823 1491 1164 30799 1359 386 7700 11749 369 42929 10784 2344 565 1428 845
internal_value=2.5713e-05 0.000901823 0.00137994 -0.00152013 -0.000251849 -0.000649767 -0.002406 -8.69619e-05 0.000251288 0.000326163 0.000225301 0.00113135 -0.00411929 0.00541163
internal_weight=36688 8873.37 7434.76 1438.61 27814.6 15596.3 3751.23 11845.1 12218.3 12142.8 852.304 7029.06 586.303 405.704
internal_count=167735 39995 33700 6295 127740 73641 19449 54192 54099 53713 3703 31364 2592 2336
is_linear=0
shrinkage=0.03


Tree=193
num_leaves=15
num_cat=0
split_feature=2 0 0 3 2 3 3 2 3 3 3 3 0 0
split_gain=8.5794 9.02567 14.1675 16.7579 11.4718 6.28559 6.05632 4.67722 24.1897 10.0271 9.75178 6.76123 8.90899 8.4614
threshold=0.0034434709815845299 -0.0008856033047645388 0.00033825066567456176 0.3887500000000001 0.0010889261252982538 0.72125000000000006 0.48125000000000001 0.0035378186859288973 0.47125 0.45375000000000004 0.61625000000000008 0.42375000000000002 0.012260103503179713 0.00031659335776716555
decision_type=10 8 10 8 8 10 8 10 10 10 10 10 10 10
left_child=1 5 3 -3 -4 6 -1 8 9 -2 -10 13 -13 -9
right_child=7 2 4 -5 -6 -7 -8 11 10 -11 -12 12 -14 -15
leaf_value=0.0013150641527434779 -0.00044763325434091325 -0.0055751894453577536 -0.010392745889464894 -0.0011868338732275595 5.4829578912886799e-05 0.0073146403304857072 -0.00058644408797150908 0.0026487203005283503 0.0088221786686053915 -0.011725079867973959 0.0011539729428011389 -9.2390247855895016e-05 0.0067100740517133826 -2.5906994374322316e-05
leaf_weight=3288.1636502370238 374.95619340240955 966.59063822031021 85.537730738520622 4344.7037664875388 8979.2999858930707 113.94623765349388 2718.2440551221371 2309.0416398718953 416.78358536958694 81.750471845269203 264.9743764847517 10696.739940077066 166.08643282949924 1886.4205236807466
leaf_count=14423 1530 5840 717 22225 40416 472 11616 10963 1704 333 1083 47251 859 8335
internal_value=4.1714e-05 -0.000364229 -0.000776651 -0.00200571 -4.84879e-05 0.000594412 0.000445005 0.000559032 0.00241572 -0.00280283 0.00598833 0.000413167 1.2173e-05 0.00143465
internal_weight=36693.2 20496.5 14376.1 5311.29 9064.84 6120.35 6006.41 16196.8 1138.46 456.707 681.758 15058.3 10862.8 4195.46
internal_count=167767 95709 69198 28065 41133 26511 26039 72058 4650 1863 2787 67408 48110 19298
is_linear=0
shrinkage=0.03


Tree=194
num_leaves=9
num_cat=0
split_feature=2 3 1 3 3 1 1 3
split_gain=10.2411 8.85045 8.34877 7.1413 8.06592 4.48763 4.35791 4.22987
threshold=0.0011258670578612672 0.37125000000000002 1.5745383644308688 0.77625000000000011 0.61625000000000008 1.501502433870898 1.613000334612485 0.37625000000000003
decision_type=8 10 10 10 8 10 10 10
left_child=1 -1 3 4 -2 -3 -4 -8
right_child=2 5 6 -5 -6 -7 7 -9
leaf_value=0.0054932949148500231 -2.2066340712329113e-05 -0.009230586121197204 0.0063449124786720832 0.0088353608981446598 -0.0012549549830633611 8.274618700673407e-05 0.00400011585779525 0.000644922815973722
leaf_weight=42.95825769007206 27131.993338994682 224.41284716874361 146.02281319350004 67.874686881899834 5814.1919988021255 42.202547043561935 391.58519039303064 2759.6014522388577
leaf_count=306 123833 2031 653 329 25934 261 1824 12267
internal_value=-0.000121919 -0.00547146 -7.31652e-05 -0.000218628 -0.000241776 -0.00758977 0.00136142 0.00109217
internal_weight=36620.8 309.574 36311.3 33014.1 32946.2 266.615 3297.21 3151.19
internal_count=167438 2598 164840 150096 149767 2292 14744 14091
is_linear=0
shrinkage=0.03


Tree=195
num_leaves=15
num_cat=0
split_feature=1 2 3 3 3 1 3 3 3 3 2 1 2 3
split_gain=7.54018 7.33279 14.755 9.04163 5.69191 5.82896 5.63305 5.50037 5.45927 13.3993 9.17349 2.7927 2.21071 1.06804
threshold=1.5745383644308688 0.0032662870358655155 0.34875000000000006 0.34125000000000011 0.55625000000000013 2.9892386251955929 0.42125000000000007 0.53875000000000017 0.36625000000000002 0.41125000000000006 0.0046771635379937336 1.613000334612485 0.0029576681526449233 0.66125000000000012
decision_type=10 10 8 10 10 10 8 8 10 10 10 10 10 10
left_child=1 2 3 -1 7 12 -4 11 10 -10 -3 -2 -6 -7
right_child=4 8 6 -5 5 13 -8 -9 9 -11 -12 -13 -14 -15
leaf_value=0.00127742021655256 0.0063117754567626515 -0.003562849638711227 -0.0020197743699130822 0.0086128260165874854 -0.0040789401624136213 0.0010099335605757585 -0.00062906206664650028 0.0085729876277074284 0.0025171427793823876 -1.1758652307457131e-05 0.0011660609535891844 0.0013445118527813721 -0.00049747060591740107 0.0067203193009325026
leaf_weight=786.22320605814457 106.28280083835125 858.66430857777596 3453.6934836357832 188.49414298683405 284.56683543324471 102.82301481813192 11922.467963606119 102.92102769762278 2177.0294967442751 13351.764186322689 610.16834468394518 2288.2131908386946 431.90276010334492 70.33295302093029
leaf_count=3895 479 3530 18272 996 1209 457 55217 467 9826 57980 3089 10382 1931 306
internal_value=-0.000123411 -0.00026198 -0.000716064 0.00282996 0.00122002 -0.000786491 -0.000946444 0.00195899 0.000171463 0.000340306 -0.00156324 0.00161528 -0.00203911 0.00389726
internal_weight=36735.5 33348.5 16350.9 974.717 3387.04 889.626 15376.2 2497.42 16997.6 15528.8 1468.83 2394.5 716.47 173.156
internal_count=168036 152805 78380 4891 15231 3903 73489 11328 74425 67806 6619 10861 3140 763
is_linear=0
shrinkage=0.03


Tree=196
num_leaves=14
num_cat=0
split_feature=3 3 0 0 3 0 3 0 1 1 1 3 3
split_gain=7.1795 11.2651 11.0574 18.4011 8.65601 8.63482 7.05951 18.5581 9.69235 7.0208 6.74418 6.51859 5.81634
threshold=0.69375000000000009 0.7037500000000001 0.0016176916191433896 -0.0025950212133476311 0.61625000000000008 -0.0025950212133476311 0.50375000000000003 0.0027699166853085186 -0.021162657617581414 2.9892386251955929 -1.3244323795725956 0.71125000000000005 0.66625000000000012
decision_type=8 8 10 10 10 10 10 10 10 10 8 8 10
left_child=4 2 3 -2 6 12 8 -8 -1 -7 -3 -12 -6
right_child=1 10 -4 -5 5 9 7 -9 -10 -11 11 -13 -14
leaf_value=-0.00087286736376754846 -0.0022247891219804002 -0.006605511854178331 -0.001473435495347192 0.013126458786694967 0.0044870595573167794 -0.0021243186118063231 0 0.0036109937086189047 0.00037883933159767018 0.0064158657463961356 -0.0036715972124013408 0.0018811075803212901 -0.0013064406138493605
leaf_weight=12128.800477482378 87.251285925507545 103.21286897361279 117.50439298152924 228.23883826285601 333.76844152063131 3917.3198458477855 6324.9456885755062 1606.8077396452427 10198.674465991557 75.797365128993988 211.34365260601044 1183.9133115634322 256.70671684294939
leaf_count=57252 368 466 496 1036 1534 17507 28022 6927 46952 323 954 5237 1116
internal_value=-0.000109297 0.00166285 0.00587592 0.00875869 -0.000209705 -0.00142336 -2.34711e-05 0.000742615 -0.000298517 -0.0019316 0.000374794 0.000977184 0.00188863
internal_weight=36774.3 1931.46 432.995 315.49 34842.8 4583.59 30259.2 7931.75 22327.5 3993.12 1498.47 1395.26 590.475
internal_count=168190 8557 1900 1404 159633 20480 139153 34949 104204 17830 6657 6191 2650
is_linear=0
shrinkage=0.03


Tree=197
num_leaves=15
num_cat=0
split_feature=1 2 1 3 2 3 1 3 3 3 2 2 2 2
split_gain=7.52487 7.65523 9.26332 6.63752 11.7622 8.46322 4.16981 4.13806 3.81067 3.24106 3.18714 8.17185 3.25943 2.14264
threshold=1.3320348130530442 0.0016226914765030776 -1.3837394796197677 0.32875000000000004 0.0028912966445649069 0.34125000000000011 1.4328941485589544 0.43375000000000002 0.49375000000000008 0.51125000000000009 0.0036721435373353695 0.0035378186859288973 0.003834280977830552 0.004283565586432057
decision_type=10 10 8 10 10 10 10 10 8 10 8 10 10 10
left_child=1 2 8 4 -3 -5 9 -4 -1 13 11 -8 -12 -2
right_child=6 3 7 5 -6 -7 10 -9 -10 -11 12 -13 -14 -15
leaf_value=-0.014045933473998275 0.0073131863346518524 0.0068143033977271349 0 -0.004324989762948225 0 -1.7631306178647822e-06 0.00072436102574590234 -0.0033734831284047001 -5.540231868319734e-05 0 0.0061435003411472056 -0.0063568641417016862 0.001468416040932604 0.00025158854381274485
leaf_weight=71.148951672017574 215.63993582129478 344.16795226931572 806.6444076448679 403.68131526559591 657.45163858681917 29372.748093798757 2575.3884577602148 569.33773513883352 33.743017241358757 146.44516540318727 161.42848575115204 144.66998647153378 1075.5866672024131 69.43211791664362
leaf_count=668 948 1649 6054 1834 2949 130063 11026 4398 277 643 712 614 5444 360
internal_value=7.25809e-05 -8.43699e-05 -0.00218413 1.53871e-05 0.00240675 -6.38201e-05 0.00123748 -0.00143871 -0.0104641 0.00404596 0.000906664 0.000303854 0.002171 0.00586342
internal_weight=36647.5 32258.9 1480.87 30778 1001.62 29776.4 4388.59 1375.98 104.892 431.517 3957.07 2720.06 1237.02 285.072
internal_count=167639 147892 11397 136495 4598 131897 19747 10452 945 1951 17796 11640 6156 1308
is_linear=0
shrinkage=0.03


Tree=198
num_leaves=15
num_cat=0
split_feature=1 2 2 0 2 0 0 0 0 2 0 0 1 0
split_gain=8.79277 6.68515 6.98795 7.62522 5.86358 9.88064 8.29079 5.07235 4.86377 4.82335 6.76234 4.41666 2.47072 1.52846
threshold=-0.50513384952702223 0.0024993378467945055 0.002475083398719029 0.0052497230220488293 0.0088198125431252512 0.0053957968554761747 0.0086479515447942159 -0.00037297150880163894 0.00087616433058625382 0.0026088958670837099 0.00011949582671638683 0.0022347214628811369 0.51861386362959128 -0.0071950488747032646
decision_type=10 10 8 10 8 10 10 10 8 10 10 10 10 8
left_child=1 2 3 -1 6 13 7 -2 -4 10 -3 -11 -8 -6
right_child=4 9 8 -5 5 -7 12 -9 -10 11 -12 -13 -14 -15
leaf_value=-0.0016893920171562452 0.00082788488961506649 0.0067580525240300534 -0.012478722316298575 0.0070013996977308594 0.0011758260841682594 -0.004367665010483586 0.0022857845069877399 -8.4535444345953183e-05 -0.0010424089200724636 -0.00068415543095964361 -0.00051050208313679175 0.00075711071875437684 0.0073682790595908368 0.0070211693798161931
leaf_weight=2744.426575653255 9100.8828805834055 203.3508149087429 83.353792354464531 81.859553173184395 82.015378348529339 91.815476320683956 312.54957130551338 13515.996658995748 74.927943721413612 7197.1617704927921 217.5849791020155 2563.9123342782259 161.73319789767265 291.89423921704292
leaf_count=16206 40842 916 385 351 734 630 1425 60854 376 30797 986 10877 851 1792
internal_value=8.88859e-05 -0.000529732 -0.00177776 -0.00139272 0.000437272 0.00374828 0.000366302 0.000280168 -0.00780516 -0.000156635 0.00293699 -0.000299054 0.0042592 0.00595933
internal_weight=36723.5 13166.6 2984.57 2826.29 23556.9 465.725 23091.2 22616.9 158.282 10182 420.936 9761.07 474.283 373.91
internal_count=168022 60894 17318 16557 107128 3156 103972 101696 761 43576 1902 41674 2276 2526
is_linear=0
shrinkage=0.03


Tree=199
num_leaves=9
num_cat=0
split_feature=3 3 2 2 3 2 3 3
split_gain=8.00498 6.73303 13.4773 22.9316 11.5819 11.9646 7.61088 3.75724
threshold=0.24875000000000003 0.69375000000000009 0.0041467061150979615 0.0036453061980855602 0.61875000000000013 0.0020296195999655047 0.47125 0.72375000000000012
decision_type=10 10 10 8 10 8 10 10
left_child=-1 4 3 -3 6 -6 -2 -4
right_child=1 2 7 -5 5 -7 -8 -9
leaf_value=0.0079578425683425602 -0.00033093670231334533 0.0027027230379097389 0.003681487768397833 -0.0054534138059426545 -0.006682564591076523 -0.0010849823748328193 0.00063866219503553744 0.012525651216714256
leaf_weight=102.52966571599245 18120.309342838824 1245.151324339211 130.08541987836361 400.07913602143526 373.9830668643117 4012.498832821846 12151.107684247196 106.42426829785109
leaf_count=554 84929 5493 585 1665 2229 17402 54247 512
internal_value=-2.7774e-05 -5.39942e-05 0.00168628 0.000662141 -0.000150672 -0.00158998 5.63664e-05 0.00825125
internal_weight=36642.2 36539.6 1881.74 1645.23 34657.9 4386.48 30271.4 236.51
internal_count=167616 167062 8255 7158 158807 19631 139176 1097
is_linear=0
shrinkage=0.03


Tree=200
num_leaves=10
num_cat=0
split_feature=1 0 0 2 0 0 2 2 2
split_gain=5.42165 5.29716 4.7117 7.95346 4.40476 2.68537 2.78854 1.69552 1.4927
threshold=2.9892386251955929 0.014417644949242536 -0.0053505284069585114 0.0031480768482750865 0.00038089203784715388 -0.0016579830001423311 0.0021430054013436232 0.0025593995991118391 0.0045505388473486329
decision_type=10 10 8 10 10 10 8 10 8
left_child=1 2 3 -1 -4 -2 -7 -8 -3
right_child=5 8 4 -5 -6 6 7 -9 -10
leaf_value=0.0047921220560080335 0.0073871998685488072 0.0011270013328592982 -0.00058705304139814352 0.00023210001729921225 9.5203469070878754e-05 0.0052590712716385412 -0.0033057143603809711 0.0013271327147216445 0.009055799181703756
leaf_weight=431.01229792833328 91.206000320613384 64.7049470692873 17229.639978758991 1725.901572547853 16575.566644318402 130.27070216834545 80.855815812945366 295.70977156609297 60.239028081297874
leaf_count=1825 464 288 79665 9358 73694 567 328 1313 358
internal_value=-8.97758e-05 -0.000138655 -0.000162495 0.00118892 -0.000250821 0.00271477 0.00163121 0.000117377 0.00578213
internal_weight=36685.1 36087.1 35962.1 2156.91 33805.2 598.042 506.836 376.566 124.944
internal_count=167860 165188 164542 11183 153359 2672 2208 1641 646
is_linear=0
shrinkage=0.03


Tree=201
num_leaves=5
num_cat=0
split_feature=3 3 3 2
split_gain=7.29471 7.15769 5.21568 4.49053
threshold=0.77625000000000011 0.24875000000000003 0.75875000000000015 0.0011258670578612672
decision_type=10 10 10 10
left_child=1 -1 3 -3
right_child=-2 2 -4 -5
leaf_value=0.007288177871632065 0.0087572783112375083 -0.0035054091134732227 -0.0056756374180553688 -2.0324943929551243e-05
leaf_weight=108.96104700118303 74.720360457897186 326.38550344854593 139.45532583445311 36043.442924052477
leaf_count=589 363 2716 606 163628
internal_value=-3.13674e-05 -5.33249e-05 -7.88681e-05 -5.42046e-05
internal_weight=36693 36618.2 36509.3 36369.8
internal_count=167902 167539 166950 166344
is_linear=0
shrinkage=0.03


Tree=202
num_leaves=7
num_cat=0
split_feature=2 3 3 1 3 2
split_gain=7.51947 7.00173 6.27476 5.47179 3.92425 2.22672
threshold=0.013345541704058437 0.77625000000000011 0.24875000000000003 -0.77249895144551728 0.4562500000000001 0.016339679877975164
decision_type=10 10 10 10 10 10
left_child=1 2 -1 -4 5 -2
right_child=4 -3 3 -5 -6 -7
leaf_value=0.0070784250453399299 0.0054806833752549357 0.0086134706063114557 -0.00061314296059884581 0.00023526335069527519 0.011797005281314591 -0.0013330677956328964
leaf_weight=103.81955430656672 73.259096078574657 76.120121650397778 9125.366855211556 27184.053742744029 61.009265474975109 61.667402051389217
leaf_count=568 493 371 42154 123476 425 388
internal_value=9.9806e-05 6.58624e-05 4.39868e-05 2.02778e-05 0.00581966 0.00207539
internal_weight=36685.3 36489.4 36413.2 36309.4 195.936 134.926
internal_count=167875 166569 166198 165630 1306 881
is_linear=0
shrinkage=0.03


Tree=203
num_leaves=6
num_cat=0
split_feature=3 0 0 0 3
split_gain=7.66004 5.54147 5.42298 18.0224 10.2613
threshold=0.78375000000000006 0.014417644949242536 -0.00055764435789533906 0.00033825066567456176 0.32875000000000004
decision_type=8 10 10 10 10
left_child=1 2 4 -4 -1
right_child=-2 -3 3 -5 -6
leaf_value=0.0042779006549048763 0.0081183813125560184 0.0061640970672188784 -0.0017594420303883816 0.00016972436334926406 0.00025371202548391474
leaf_weight=589.98081163316965 94.556473016738892 120.14740202575922 5828.3967729136348 17025.542931959033 13036.577811323106
leaf_count=2799 537 620 29347 75765 58900
internal_value=8.90415e-06 -1.26193e-05 -3.629e-05 -0.000320197 0.000435354
internal_weight=36695.2 36600.6 36480.5 22853.9 13626.6
internal_count=167968 167431 166811 105112 61699
is_linear=0
shrinkage=0.03


Tree=204
num_leaves=15
num_cat=0
split_feature=3 3 2 2 2 0 2 3 2 2 3 0 2 0
split_gain=6.82283 20.0299 11.8646 29.1743 7.72775 13.9092 8.88529 17.6262 10.8915 6.79061 6.05778 5.83707 4.79125 2.93403
threshold=0.61625000000000008 0.66125000000000012 0.0020296195999655047 0.0023358565281525515 0.0016064990190196478 -0.0024032223010540701 0.0017989135513542737 0.41625000000000006 0.0018374936339392381 0.0049859152011909958 0.63875000000000004 0.00058631126683921007 0.0021430054013436232 0.00056349958638879209
decision_type=10 10 8 10 8 10 8 10 8 10 10 10 8 10
left_child=4 2 10 -4 5 -1 7 -6 -8 12 -2 -7 -3 -11
right_child=1 9 3 -5 6 11 8 -9 -10 13 -12 -13 -14 -15
leaf_value=0.012573222081619531 -0.0017088871859183685 0.0033054132549030324 0.007783872098982598 -0.0033887891525538633 0 -0.0037675894575932337 -0.0062466639922266294 0.0091941502932446507 0.00021491579514993863 0.0089330558804880476 -0.012887871794988634 0.00046578443984681052 -0.00025414316250089303 0.00099334435744454831
leaf_weight=45.638745605945587 83.239609740674496 368.18653578311205 221.16204133629799 2123.4136695712805 485.02497339993715 1022.3174324631691 226.31474138796329 285.00133977085352 27797.984787993133 106.36202547699213 150.14954747259617 373.19331632554531 3295.479628033936 99.963476717472076
leaf_count=251 482 2083 1042 9140 2772 8195 1237 1563 122736 599 883 2449 13969 487
internal_value=-4.81205e-05 -0.000934503 -0.0029806 -0.00228082 0.00013917 -0.00199242 0.000248594 0.00341063 0.000158384 0.000417191 -0.00938137 -0.00259753 9.52721e-05 0.00558741
internal_weight=36683.4 6447.96 2577.96 2344.58 30235.5 1441.15 28794.3 770.026 28024.3 3869.99 233.389 1395.51 3663.67 206.326
internal_count=167888 28685 11547 10182 139203 10895 128308 4335 123973 17138 1365 10644 16052 1086
is_linear=0
shrinkage=0.03


Tree=205
num_leaves=15
num_cat=0
split_feature=2 3 1 3 3 3 1 3 2 3 2 3 3 3
split_gain=7.00203 7.70979 5.93518 6.01617 8.73998 7.02532 4.53411 5.14004 4.4566 18.5546 15.836 3.83497 2.45103 2.37737
threshold=0.0062267357866081985 0.46375000000000005 2.5625947355903973 0.61625000000000008 0.67625000000000013 0.49625000000000002 -0.65107460557109742 0.52875000000000016 0.0069216452242156648 0.37625000000000003 0.0074696459271216525 0.46875000000000006 0.49375000000000008 0.62375000000000014
decision_type=10 10 10 10 10 8 10 10 10 10 10 8 10 10
left_child=2 8 3 5 -5 -1 13 -8 9 -2 -10 -4 -13 -3
right_child=1 6 11 4 -6 -7 7 -9 10 -11 -12 12 -14 -15
leaf_value=-0.00028047371057535886 -0.0047766546401504786 -0.00056726324829566173 0.00016275785454189593 -0.0021164687335850211 0.00017120950631924615 0.00078065406366425647 0.0068580076097999477 0.0020681402069094887 -0.0083453361726193286 0.0058603418053496644 0.00065900772818822779 0.0086539521861889093 0.0026985427537551485 0.0042427869614301309
leaf_weight=18727.272643968463 215.72492434084415 359.30437625944614 488.70224220305681 3103.0240318924189 2816.9439372271299 8000.4214818254113 402.52155581861734 517.59156185388565 209.86160815507174 401.59842675924301 828.81407345086336 88.629367120563984 409.20436924695969 108.60957254469395
leaf_count=85983 1081 1749 2147 13771 12295 35079 2269 2757 1066 1964 5047 388 1786 539
internal_value=3.99364e-05 0.00141643 -8.32423e-05 -0.000154529 -0.00101933 3.50836e-05 0.00305713 0.00427927 0 0.00203069 -0.00116531 0.00219354 0.00402646 0.000489089
internal_weight=36678.2 3044.03 33634.2 32647.7 5919.97 26727.7 1388.03 920.113 1656 617.323 1038.68 986.536 497.834 467.914
internal_count=167921 16472 151449 147128 26066 121062 7314 5026 9158 3045 6113 4321 2174 2288
is_linear=0
shrinkage=0.03


Tree=206
num_leaves=14
num_cat=0
split_feature=2 1 1 2 2 3 1 3 1 3 1 1 1
split_gain=7.96551 6.66787 6.66314 9.41224 7.82255 6.61764 5.13639 4.41869 1.75959 1.69145 1.30617 1.38622 0.823988
threshold=0.0093635765090480435 -0.42684669377188705 0.65721629996608555 0.0011258670578612672 0.0012504703659142271 0.30625000000000008 3.1880780260108446 0.40875 -0.75084218104496359 0.29625000000000007 0.88812662624768623 0.27361477342269752 -1.2726131171810871
decision_type=10 10 10 10 10 10 10 8 10 8 10 10 10
left_child=2 8 3 7 -5 9 -7 -1 12 -4 11 -3 -2
right_child=1 10 5 4 -6 6 -8 -9 -10 -11 -12 -13 -14
leaf_value=0 -0.00037523029676897311 0.0057803037782127743 0.0025530025921421361 0.0068888246842558065 -0.00033108384676602473 0.00029490209873409944 0.0036181983331038448 -0.0082552993508411762 -0.0036266593833336035 0.010381856711713633 0.0095310755545582153 0.00031665515669644526 0.0029924506383190918
leaf_weight=75.556081093847752 79.543663531541824 155.71686070412397 93.139664560556412 125.07327584177256 26952.918647229671 8169.8860322535038 437.04696179181337 188.08554589003325 82.215917900204659 64.208008714020252 96.365476191043854 90.590002983808517 112.80985178053379
leaf_count=640 441 1029 462 1031 121663 36479 1934 1601 502 322 725 633 656
internal_value=-5.94626e-05 0.00328899 -0.000119262 -0.000351377 -0.000292989 0.000597599 0.00047462 -0.00589915 -1.8723e-06 0.00653569 0.00602124 0.00409566 0.00135359
internal_weight=36723.2 617.242 36105.9 27341.6 27078 8764.28 8606.93 263.642 274.569 157.348 342.672 246.307 192.354
internal_count=168118 3986 164132 124935 122694 39197 38413 2241 1599 784 2387 1662 1097
is_linear=0
shrinkage=0.03


Tree=207
num_leaves=14
num_cat=0
split_feature=1 0 3 3 0 3 0 1 3 1 1 1 3
split_gain=7.42165 7.61717 6.96092 7.87009 6.9532 6.60403 7.22305 5.8961 6.0829 5.74437 3.3551 2.40247 2.13333
threshold=-0.32833771128418837 0.0081776640269217316 0.49875000000000008 0.44375000000000003 0.0099498557420046041 0.30375000000000002 -0.00091338571587651232 -0.35749064482675807 0.72125000000000006 -0.26779869948735729 -0.81399674079190165 0.35048740277938201 0.48125000000000001
decision_type=8 10 10 8 8 10 8 10 10 10 10 10 10
left_child=4 5 3 -3 7 6 -2 8 -1 -7 -6 -4 -9
right_child=1 2 11 -5 10 9 -8 12 -10 -11 -12 -13 -14
leaf_value=-0.00016917137941668443 0.0091837121310583917 0.005794568976561827 0.0036132408425272244 -0.0035368572519725132 -0.0088189090811668196 0.0028606635962253007 6.8734776669338092e-05 -0.0011250381530173883 0.0034537637049851014 0.00032865610968501924 -0.00094237543191860382 0.010992806715332256 -0.0058165385174913289
leaf_weight=14659.848351202905 155.29962958395481 143.40344017744064 125.45151859521866 158.412681825459 114.87693332135677 841.00937102735043 174.75242676585913 222.0106723383069 418.67802464216948 19194.708970785141 115.8754191249609 120.74600401520729 205.84020013362169
leaf_count=67924 782 750 575 801 525 3845 894 1054 1816 86779 539 626 916
internal_value=0.000240566 0.000611596 0.00408581 0.000748054 -0.000248777 0.000513206 0.004678 -0.000166123 -6.23763e-05 0.000439306 -0.00531625 0.0077545 -0.00360046
internal_weight=36650.9 20913.8 548.014 301.816 15737.1 20365.8 330.052 15506.4 15078.5 20035.7 230.752 246.198 427.851
internal_count=167826 95052 2752 1551 72774 92300 1676 71710 69740 90624 1064 1201 1970
is_linear=0
shrinkage=0.03


Tree=208
num_leaves=13
num_cat=0
split_feature=1 2 2 2 2 3 2 3 3 2 1 3
split_gain=8.78379 11.6835 4.8022 4.94725 4.62927 16.9508 6.40945 4.21808 10.0744 4.9832 4.08045 3.8604
threshold=0.72349149943762492 0.0020032689886634769 0.0093635765090480435 0.0020882479789558219 0.0011258670578612672 0.42625000000000007 0.0017989135513542737 0.41125000000000006 0.38625000000000004 0.002125818736659867 2.8192056832459476 0.43625000000000008
decision_type=10 10 8 10 8 10 8 10 10 10 10 10
left_child=1 4 3 10 5 -1 -6 8 -3 -9 -2 -5
right_child=2 7 -4 11 6 -7 -8 9 -10 -11 -12 -13
leaf_value=0.0011438765445393009 0.0016947899751111055 -0.00030698141451765713 0.0064087261302234726 -0.00067404897141633551 -0.00040004414142614267 -0.015070184784368309 -0.0034057744154304594 0.0025754702506933765 0.002422990921461577 -0.00033364952484905413 0.0068873419114697217 0.00087070877416833782
leaf_weight=112.30456914752722 1192.3463744074106 3200.5987371578813 130.16978617757559 2044.6958327889442 1576.0756145194173 95.584693096578121 1131.5864580273628 530.76656238734722 1921.0315453112125 19808.523821182549 159.84571109712124 4763.915501922369
leaf_count=963 6073 14434 968 9080 11223 978 5990 2646 8556 85659 703 20603
internal_value=-1.37048e-05 -0.000266331 0.000842979 0.000739124 -0.00206244 -0.00638526 -0.00168619 -5.75729e-05 0.000708016 -0.000253557 0.00239871 0.000397695
internal_weight=36667.4 28376.5 8290.97 8160.8 2915.55 207.889 2707.66 25460.9 5121.63 20339.3 1352.19 6808.61
internal_count=167876 130449 37427 36459 19154 1941 17213 111295 22990 88305 6776 29683
is_linear=0
shrinkage=0.03


Tree=209
num_leaves=13
num_cat=0
split_feature=1 0 0 3 3 0 3 3 0 0 3 3
split_gain=5.45963 5.747 8.82687 14.0259 9.86608 8.11375 13.8447 5.95245 1.79143 2.38506 4.30985 2.31611
threshold=2.4564214737292143 0.0027699166853085186 0.0038820078858212343 0.49625000000000002 0.56625000000000003 -0.00046012491165091141 0.3887500000000001 0.40125000000000005 -0.0026645119348182159 -0.00074431215373777957 0.51875000000000016 0.45875000000000005
decision_type=10 10 8 8 8 8 8 8 10 10 8 10
left_child=1 5 4 -4 -3 7 -7 -1 -2 11 -11 -10
right_child=8 2 3 -5 -6 6 -8 -9 9 10 -12 -13
leaf_value=0.0014622564977710794 0.0054895002082975958 0.0034156433704685199 -0.0015971807706144222 0.0017610655211942477 -0.00093123344262375184 -0.0029004508581051427 -0.00038461229501440103 -8.7021779741195947e-05 0.0017497431639440727 0.00050021793139787979 0.0051576807075174409 -0.0039274394279538161
leaf_weight=2772.3524317741394 119.30368949472904 1642.2871081382036 2498.6957720816135 2007.7943989410996 624.62561300396919 2345.4401030018926 12588.66125190258 10997.406822651625 103.41427697241306 546.46886978298426 285.33939126878977 120.54064030945301
leaf_count=13442 645 7026 11239 8784 2607 12116 58246 49103 449 2414 1240 523
internal_value=-4.5015e-05 -0.000113493 0.000669172 -8.70969e-05 0.00219272 -0.000300441 -0.000785423 0.000221385 0.00195532 0.0014519 0.00221146 -0.00108672
internal_weight=36652.3 35477.3 6773.4 4506.49 2266.91 28703.9 14934.1 13769.8 1175.07 1055.76 831.808 223.955
internal_count=167834 162563 29656 20023 9633 132907 70362 62545 5271 4626 3654 972
is_linear=0
shrinkage=0.03


Tree=210
num_leaves=6
num_cat=0
split_feature=3 3 3 3 0
split_gain=6.58246 6.40667 5.6022 11.383 6.50152
threshold=0.77625000000000011 0.24875000000000003 0.38625000000000004 0.40125000000000005 -0.0017495571167721435
decision_type=10 10 10 10 10
left_child=1 -1 4 -4 -3
right_child=-2 2 3 -5 -6
leaf_value=0.0069991235464519717 0.0082193639147553742 0.00078410380053942996 0.0022974139841580006 -0.00014734283060443336 -0.0016792681810337221
leaf_weight=102.65982881933451 74.934718824923038 1236.2418015897274 1809.3245357945561 29588.148288168013 3896.9471637308598
leaf_count=561 366 6013 8816 133122 19237
internal_value=-0.000111616 -0.000132533 -0.000156126 -3.8632e-06 -0.00107397
internal_weight=36708.3 36633.3 36530.7 31397.5 5133.19
internal_count=168115 167749 167188 141938 25250
is_linear=0
shrinkage=0.03


Tree=211
num_leaves=12
num_cat=0
split_feature=1 2 0 0 0 2 2 0 0 0 2
split_gain=6.27986 6.00184 18.2513 9.22969 4.16018 13.8576 3.81668 2.36551 1.0992 5.19888 2.92649
threshold=3.1880780260108446 0.0019273428732258953 -0.0025950212133476311 0.00096216234887393909 -0.009143318059400397 0.003136861609594806 0.0074696459271216525 0.0018538034524133397 -0.00074431215373777957 -0.0014884970829303593 0.003157671466059313
decision_type=8 10 8 10 10 10 10 10 10 8 10
left_child=1 2 -1 -4 5 -3 -6 8 9 -2 -10
right_child=7 4 3 -5 6 -7 -8 -9 10 -11 -12
leaf_value=0.0096958514668685856 0.0071589191372202279 0.012596824265618102 -0.0027359574395619201 0.000762705206177751 2.6609998625259456e-05 0.00048556968184773765 0.0017678460527026086 -0.00044782221898720652 0.0080477853696160062 -0.0035733321840248156 0.00012280186432044905
leaf_weight=121.3211222589016 68.814311407506466 93.820187717676163 2205.811375387013 939.04352731257677 31081.713811501861 544.64476627856493 1169.7182751521468 81.433881267905235 162.52684442698956 67.624279409646988 76.727125510573387
leaf_count=590 345 424 15602 4989 133623 3553 6802 380 680 323 337
internal_value=6.47073e-05 1.83813e-05 -0.00120423 -0.00167314 0.000141947 0.00252461 9.21506e-05 0.00352155 0.00452681 0.0015491 0.00585391
internal_weight=36613.2 36156.1 3266.18 3144.85 32889.9 638.465 32251.4 457.126 375.693 136.439 239.254
internal_count=167648 165583 21181 20591 144402 3977 140425 2065 1685 668 1017
is_linear=0
shrinkage=0.03


Tree=212
num_leaves=9
num_cat=0
split_feature=0 3 3 3 3 2 2 2
split_gain=6.06231 6.23696 5.42072 4.3537 4.26786 10.7699 11.3032 2.02531
threshold=-0.0097776924312434326 0.24875000000000003 0.77625000000000011 0.60375000000000012 0.53125000000000011 0.0048603372356067079 0.0064893139797160262 0.0048168642418436125
decision_type=8 10 10 10 10 10 10 10
left_child=4 -2 3 -3 5 -1 -7 -6
right_child=1 2 -4 -5 7 6 -8 -9
leaf_value=0.01187024772718401 0.0071096884183759002 0.00017002430379850017 0.007549857995605003 -0.00066248274976887507 -0.0046428307291318726 -0.0048677905836193493 0.0073177843988626217 0.0020196789483415199
leaf_weight=124.06272016465664 102.31211142987013 28929.231431625783 75.977419428527355 7014.5083172544837 64.467493742704391 126.77574190497398 124.12909980863333 69.753288224339485
leaf_count=642 559 132518 372 30989 295 829 1061 485
internal_value=9.70711e-05 4.91082e-05 2.542e-05 5.75064e-06 0.00331754 0.0049539 0.000980174 -0.000864396
internal_weight=36631.2 36122 36019.7 35943.7 509.188 374.968 250.905 134.221
internal_count=167750 164438 163879 163507 3312 2532 1890 780
is_linear=0
shrinkage=0.03


Tree=213
num_leaves=10
num_cat=0
split_feature=2 0 1 2 0 0 2 0 0
split_gain=5.55082 9.63067 5.3683 3.88324 4.94784 3.36624 2.63277 3.37849 0.188769
threshold=0.013345541704058437 0.0012995561505921398 3.1880780260108446 0.0014092396667470914 -0.0023389976477505999 0.0092551009283870032 0.0021062118175967973 3.8426387507697393e-05 -0.0033776381542644815
decision_type=10 8 10 10 10 8 8 10 10
left_child=2 8 3 4 -1 -5 -4 -8 -2
right_child=1 -3 6 5 -6 -7 7 -9 -10
leaf_value=0.0064537071768679937 0.0054240911458773916 -0.0022886431203013014 0.0073155492064065899 -7.9804195563870907e-05 -0.0024983956102005525 0.0020864944337639691 0.0048040178514058007 -0.00084713595031158696 0.013753579083833819
leaf_weight=46.284594349563122 64.330391839146614 80.927471749484539 104.04845079779625 34409.491551779211 928.14287856966257 646.9054920822382 153.82282411307096 189.14918990433216 48.66480764746666
leaf_count=282 512 518 449 153855 7423 3076 707 837 283
internal_value=-1.96895e-05 0.00491326 -4.88976e-05 -9.1474e-05 -0.00195099 -3.75342e-05 0.00317848 0.00158172 0.0103258
internal_weight=36671.8 193.923 36477.8 36030.8 974.427 35056.4 447.02 342.972 112.995
internal_count=167942 1313 166629 164636 7705 156931 1993 1544 795
is_linear=0
shrinkage=0.03


Tree=214
num_leaves=15
num_cat=0
split_feature=1 0 2 2 2 2 0 0 2 0 2 0 1 1
split_gain=7.08855 7.28809 5.00455 10.2634 4.89249 8.09458 5.4545 8.47426 4.58377 9.33273 6.95578 4.09223 3.22158 2.4002
threshold=-0.71037374039188639 -0.003201857580337066 0.0064306384626514647 0.0051512152574994261 0.0024993378467945055 0.0025593995991118391 0.0027063659757853818 0.0017741742992075293 0.0020449271461166637 0.00053974529043447682 0.0020734814841331258 0.0099498557420046041 -1.0192571683505336 0.92944679649135675
decision_type=8 10 8 10 10 10 10 8 8 10 10 10 10 8
left_child=4 2 3 -2 6 -6 7 -1 9 -3 -10 -7 -8 -4
right_child=1 8 13 -5 5 11 12 -9 10 -11 -12 -13 -14 -15
leaf_value=-0.0017322137114235458 0.0018579118416020041 -0.0021769860332955695 0.0027909272359881642 -0.0030003191771948495 0.0061999243514346738 -0.00031261317080943235 -0.00063004141148887013 -0.0085053998241799086 0.0053689868753953717 0.001083787379774861 0.00021976671275386793 -0.0056091150757597271 0.0054444983535803272 0.0081056034026745494
leaf_weight=1793.6215964332223 2462.1125927716494 2039.6976300999522 381.5371125638485 447.87467171251774 159.47367706894875 7578.892815425992 155.93142193555832 182.33839632570744 230.3229945898056 1249.9662629887462 19636.430771335959 125.47595493495464 120.96819278597832 126.10693076252937
leaf_count=10995 10603 12639 2540 2448 723 32379 717 949 1130 6572 84300 568 545 930
internal_value=4.61366e-05 0.000304937 0.00159736 0.00108192 -0.000627374 -0.000264364 -0.00186121 -0.00242712 0.000110992 -0.000920284 0.000285153 -0.000413811 0.00191186 0.00435817
internal_weight=36690.8 26574 3417.63 2909.99 10116.7 7863.84 2252.86 1975.96 23156.4 3289.66 19866.8 7704.37 276.9 507.644
internal_count=168038 121162 16521 13051 46876 33670 13206 11944 104641 19211 85430 32947 1262 3470
is_linear=0
shrinkage=0.03


Tree=215
num_leaves=14
num_cat=0
split_feature=2 3 0 0 0 3 3 2 2 0 2 3 3
split_gain=6.59946 10.8106 7.35906 22.6663 5.39689 4.3585 10.0594 12.3829 9.78868 4.77387 7.04932 4.31614 3.48691
threshold=0.0012970047784985046 0.41125000000000006 -0.00033072351709718679 0.00027797720862573946 0.0013334946151947159 0.61625000000000008 0.67625000000000013 0.0039104420775709688 0.0024636053458222591 -0.0097776924312434326 0.003136861609594806 0.32875000000000004 0.49875000000000008
decision_type=10 8 10 10 10 10 10 10 10 10 10 10 10
left_child=1 2 -1 -4 12 9 7 -7 -8 10 -2 -11 -3
right_child=5 4 3 -5 -6 6 8 -9 -10 11 -12 -13 -14
leaf_value=0.0084983974518535593 0.012986817666190633 -0.0096209259088711231 -0.012211401024514632 0.0079614447365209152 0.00022549403374505571 -0.0029242344238459288 0.0037663387627352557 0.00091903939563545188 -0.0002584737491583031 0.0020138831136242473 0.0016305153445879315 0.00014218772610205359 -0.0025200569790864262
leaf_weight=88.452122144401073 51.196689605712891 222.21840940415859 85.391833767294884 93.862691476941109 93.112167432904243 2353.4229129776359 693.4948467835784 1072.8155978992581 2297.6969585195184 1153.011901602149 387.54354573041201 27874.617326453328 134.30663365125656
leaf_count=630 236 1927 824 696 574 10613 3436 4788 9696 5345 2668 125067 1120
internal_value=5.43875e-05 -0.00277152 0.00179583 -0.00146877 -0.0056013 0.000113308 -0.000591672 -0.0017042 0.00066411 0.000269028 0.00334927 0.000219268 -0.00725139
internal_weight=36601.1 717.344 267.707 179.255 449.637 35883.8 6417.43 3426.24 2991.19 29466.4 438.74 29027.6 356.525
internal_count=167620 5771 2150 1520 3621 161849 28533 15401 13132 133316 2904 130412 3047
is_linear=0
shrinkage=0.03


Tree=216
num_leaves=10
num_cat=0
split_feature=2 1 2 3 3 2 3 3 3
split_gain=6.82991 4.77587 8.9207 4.96576 4.59642 9.07727 5.83635 4.58932 4.58376
threshold=0.013345541704058437 -1.0450551789936695 0.0024993378467945055 0.49625000000000002 0.60875000000000012 0.0060445863019311158 0.59375000000000011 0.34125000000000011 0.41375000000000001
decision_type=10 10 8 10 10 10 10 10 10
left_child=1 2 3 -1 6 -6 -3 -4 -2
right_child=8 4 7 -5 5 -7 -8 -9 -10
leaf_value=-0.0043464769425677818 -0.00014440326492916913 0.00029810616105312859 -0.0040932371268497031 -0.00020302231004018067 -0.00083579434792638936 0.0043921617102088322 0.0031036188369947294 0.00011430721778981228 0.0086000011974471276
leaf_weight=816.0109538435936 65.745419405400753 24146.615207538009 236.05873039364815 427.42217019945383 5590.6636044532061 303.16779500991106 682.60051364451647 4233.4359817504883 130.97680884599686
leaf_count=5016 427 110885 1056 2351 24478 1645 2957 18044 902
internal_value=8.14782e-05 4.89524e-05 -0.000744578 -0.00298304 0.000198655 -0.000549731 0.000378869 -0.000103164 0.00552172
internal_weight=36632.7 36436 5712.93 1243.43 30723 5893.83 24829.2 4469.49 196.722
internal_count=167761 166432 26467 7367 139965 26123 113842 19100 1329
is_linear=0
shrinkage=0.03


Tree=217
num_leaves=14
num_cat=0
split_feature=1 0 2 2 0 0 2 2 0 2 2 2 2
split_gain=8.08496 6.74177 5.50252 15.4742 9.99676 9.80139 4.86306 10.8382 5.55336 3.12896 3.62976 3.50679 0.530884
threshold=1.7908368253636169 0.004591353258762562 0.0027070756574095285 0.0026811221100681462 0.0052497230220488293 0.0018979333651366708 0.0029460470317908953 0.0030729163931431467 0.00065871034215193565 0.00235217571412407 0.0039478601575500165 0.0018894389554005039 0.0044547089837123121
decision_type=10 10 10 10 10 10 10 10 10 8 10 10 10
left_child=2 9 3 4 -1 -5 8 -8 -4 11 -11 -2 -3
right_child=1 12 6 5 -6 -7 7 -9 -10 10 -12 -13 -14
leaf_value=-0.00070000178193533452 0.00030228027295184514 0.0090569757041063514 0.0026099345318565449 -0.010972815330414486 0.0044388601850361645 0.00063457871951492887 -0.0026638239466234897 0.00013160879283279157 -0.0001720044309927272 -0.0004311951820964358 0.0024632078325103495 0.0048469362132447088 0.0027912120503860854
leaf_weight=9877.2566647976637 311.94691753387451 103.89355596899986 1393.3725423663855 200.991574421525 340.42498438060284 79.769257932901382 1321.814759016037 19715.531772978604 1123.8190222233534 1239.6170608997345 544.01448813080788 363.62299160659313 65.527854345738888
leaf_count=51690 1541 481 5823 887 1457 329 5482 85925 4635 5138 2776 1488 399
internal_value=-2.26586e-05 0.00157522 -0.00014819 -0.000719785 -0.00051875 -0.00756019 0.000104225 -4.23648e-05 0.00134841 0.00113157 0.000426968 0.00287096 0.00725858
internal_weight=36681.6 2628.62 34053 10498.4 10217.7 280.761 23554.5 21037.3 2517.19 2459.2 1783.63 675.57 169.421
internal_count=168051 11823 156228 54363 53147 1216 101865 91407 10458 10943 7914 3029 880
is_linear=0
shrinkage=0.03


Tree=218
num_leaves=15
num_cat=0
split_feature=2 0 2 3 0 0 3 2 2 3 0 2 2 3
split_gain=6.68914 11.7226 8.99973 7.49569 7.19028 15.6458 16.7179 13.4024 13.2535 12.5338 12.3988 5.74021 17.5599 8.20214
threshold=0.0062267357866081985 0.0033949173976625109 0.0065673277622668074 0.46375000000000005 0.00038089203784715388 -0.00029028835979325485 0.3887500000000001 0.0051512152574994261 0.0010889261252982538 0.40125000000000005 0.0092551009283870032 0.0068353086740594888 0.0074696459271216525 0.40625000000000006
decision_type=10 10 10 10 10 8 10 10 8 8 10 10 10 10
left_child=4 11 -3 -4 5 9 -7 8 -6 -1 -9 13 -13 -2
right_child=1 2 3 -5 7 6 -8 10 -10 -11 -12 12 -14 -15
leaf_value=0.0017521795944892332 -7.4210619933114428e-05 -0.0087192596759997024 -0.0029757960210050672 0.00356032715508014 -0.010870243398272601 -0.0060854051595636977 -0.0012238848781568367 -0.004288554915463396 0.00062393482003560835 -0.00051945289526993056 0.0060825201365449352 -0.0033684095455477955 0.0035497466390834701 0.0061657993129938639
leaf_weight=2709.9550959765911 244.87378552556038 131.08109539747238 375.47239145636559 255.39840974658728 80.36941234767437 789.09200698137283 3458.040104188025 868.78998915851116 14452.495896346867 11083.347529940307 104.36171321570873 487.25983697921038 949.77789000421762 614.9207077100873
leaf_count=12824 1247 639 2132 1391 688 4617 17120 3865 62948 48564 537 2430 5814 2933
internal_value=-3.06377e-05 0.00130798 -0.00185543 -0.000221858 -0.000154835 -0.000563084 -0.00215339 0.00031633 0.000548813 -6.78549e-05 -0.00306477 0.00238692 0.00115546 0.00433921
internal_weight=36605.2 3058.78 761.952 630.871 33546.5 18040.4 4247.13 15506 14532.9 13793.3 973.152 2296.83 1437.04 859.794
internal_count=167749 16586 4162 3523 151163 83125 21737 68038 63636 61388 4402 12424 8244 4180
is_linear=0
shrinkage=0.03


Tree=219
num_leaves=12
num_cat=0
split_feature=2 3 2 1 3 3 3 3 3 2 3
split_gain=6.34562 8.32458 5.42501 4.57462 4.11388 3.81622 4.68001 3.29974 4.36185 2.92804 2.1648
threshold=0.0011258670578612672 0.40875 0.001051306329718196 -1.8450947436383462 0.3987500000000001 0.77375000000000005 0.61625000000000008 0.38125000000000003 0.60375000000000012 0.0010889261252982538 0.47125
decision_type=10 10 8 10 8 10 10 10 10 10 10
left_child=1 2 -1 7 -4 6 -5 -2 -9 10 -3
right_child=3 9 4 5 -6 -7 -8 8 -10 -11 -12
leaf_value=0.0077128846553695474 -0.0084308676389402287 -0.012832692709508766 -0.0088276072617362034 0.00027087825529351241 0.0015370997339483764 0.0065926367015318402 -0.00063252251755352396 -1.3218350422699387e-05 -0.007593796069827392 0 -0.0040771105202000186
leaf_weight=60.984168522059917 70.123895958065987 85.691730491816998 45.756360307335854 29467.731289148331 65.70243563503027 72.324823990464211 6222.2321791648865 404.4303827136755 76.50911832600832 45.179392896592617 90.486203134059906
leaf_count=499 352 774 326 134448 418 329 27659 1878 356 417 729
internal_value=4.1273e-05 -0.00369548 0.000940895 8.44543e-05 -0.00260033 0.000128188 0.000111565 -0.0025985 -0.00147149 -0.00745122 -0.00911857
internal_weight=36707.2 393.8 172.443 36313.4 111.459 35762.3 35690 551.063 480.94 221.357 176.178
internal_count=168185 3163 1243 165022 744 162436 162107 2586 2234 1920 1503
is_linear=0
shrinkage=0.03


Tree=220
num_leaves=15
num_cat=0
split_feature=1 2 2 0 0 1 2 0 1 0 2 0 2 1
split_gain=4.50112 6.40526 5.15217 9.72224 6.46777 5.70424 3.97078 3.88339 7.30494 3.57324 3.27811 4.02719 3.24619 1.97667
threshold=-0.50513384952702223 0.0024304647363403431 0.0088198125431252512 0.0092551009283870032 0.0092551009283870032 0.51861386362959128 0.0080722935438988647 0.0099498557420046041 -0.81399674079190165 0.0022347214628811369 0.0023817632904604758 0.00017892025600308074 0.0022415236238326618 0.92944679649135675
decision_type=8 10 8 10 10 10 10 10 8 10 8 10 10 10
left_child=1 10 4 13 6 -6 -2 9 -9 -3 12 -12 -1 -4
right_child=2 7 3 -5 5 -7 -8 8 -10 -11 11 -13 -14 -15
leaf_value=-0.0019705985900158093 0.00012945284525438792 -0.00036165147180245799 0.003158225819768224 -0.0083543626099122498 0.00089720339947059805 0.0087065014369323741 -0.0050028916507683973 -0.0090764969036908529 0.0025490539559963311 0.00093599463947101758 -0.0092317096978865604 -0.00060098971910222277 0.00071211670382813395 0.0085919003299359271
leaf_weight=1921.2636858969927 22485.965608976781 7829.2837188318372 327.18287241458893 45.032421067357063 250.85697382688522 137.31065562367439 126.04916560649872 107.97857376933098 65.800064906477928 2509.6007707417011 108.4636018872261 112.73793117702007 470.84345637261868 106.60332368314266
leaf_count=12287 101046 33731 2170 318 1153 731 795 489 302 10582 518 532 2328 797
internal_value=-1.39279e-05 -0.000460193 0.000233093 0.00328748 0.000165498 0.00395964 9.59918e-05 -0.000123008 -0.0044489 -4.02706e-05 -0.00178809 -0.00530873 -0.00141681 0.00479227
internal_weight=36605 13126 23479 478.819 23000.2 388.168 22612 10512.7 173.779 10338.9 2613.31 221.202 2392.11 433.786
internal_count=167779 60769 107010 3285 103725 1884 101841 45104 791 44313 15665 1050 14615 2967
is_linear=0
shrinkage=0.03


Tree=221
num_leaves=15
num_cat=0
split_feature=2 0 3 0 2 0 0 0 0 2 0 3 2 2
split_gain=7.41164 12.1937 14.494 10.9517 7.28866 7.92113 7.29428 23.7625 15.9297 6.75297 6.73916 5.97362 5.0779 5.04166
threshold=0.0053927673544491841 0.0016176916191433896 0.38375000000000009 -0.0015685262580415363 0.0051512152574994261 -0.009143318059400397 0.00093289548222463218 0.0044720206500732931 -0.001702239153931625 0.0080722935438988647 0.00098990204602065666 0.38625000000000004 0.0066638782940363116 0.00762371370298292
decision_type=10 10 10 10 8 10 8 10 10 10 10 10 10 10
left_child=4 3 12 9 5 11 8 -8 -6 -2 -7 -1 -3 -4
right_child=1 2 13 -5 6 10 7 -9 -10 -11 -12 -13 -14 -15
leaf_value=-0.002522550089919176 -2.1715592858397152e-05 -0.014473843521108773 0.001325436979737855 0.0048054448806907051 -0.0046185708922467043 -0.00030389889014440462 -0.011841550745142204 0.0021547714887941447 0.0070531547422079486 0.0045033105751881523 0.00061311596096463351 0.0070504076209790814 -0.0028479607486703098 -0.0026514494404854786
leaf_weight=60.626682698726654 1335.1672241985798 73.994663909077644 1050.9950545057654 1120.7970484793186 252.56059782207012 19659.526602312922 228.23349379748106 185.38007786124945 165.60786183178425 362.50306557863951 11367.810350686312 235.95607970654964 94.34434100240469 379.9307658970356
leaf_count=321 7096 347 5079 5190 1175 90672 1044 879 690 2608 48557 1165 537 2263
internal_value=0.000164062 0.00131484 -0.000745989 0.00250392 3.73632e-06 7.96039e-05 -0.00274907 -0.00552403 0 0.000930089 3.02336e-05 0.00487937 -0.00881969 0.000216805
internal_weight=36573.4 4417.73 1599.26 2818.47 32155.7 31323.9 831.782 413.614 418.168 1697.67 31027.3 296.583 168.339 1430.93
internal_count=167623 23120 8226 14894 144503 140715 3788 1923 1865 9704 139229 1486 884 7342
is_linear=0
shrinkage=0.03


Tree=222
num_leaves=9
num_cat=0
split_feature=3 3 3 1 0 3 1 3
split_gain=7.10023 6.20384 5.66497 6.15621 4.74315 4.57888 4.49661 4.31583
threshold=0.24875000000000003 0.61625000000000008 0.62625000000000008 -1.6099843387754122 -0.0097776924312434326 0.47125 -0.93615693575699854 0.38125000000000003
decision_type=10 10 10 10 10 10 10 10
left_child=-1 4 6 -4 7 -6 -3 -2
right_child=1 2 3 -5 5 -7 -8 -9
leaf_value=0.0075835324678999059 -0.0011767164612111521 0.0015312509874496325 -0.0062715045114650567 -0.00033150769384078413 -0.00013708676243447736 0.00062219097357875061 -0.0047363137555217569 0.0050719291079644735
leaf_weight=102.44480607658625 117.50586410611868 106.88718070089817 153.37111964821815 5680.8854621499777 17837.463475175202 11820.348459385335 508.04859688133001 321.87923904508352
leaf_count=561 808 478 716 25301 83148 52619 2228 2127
internal_value=5.43998e-05 2.95845e-05 -0.000812147 -0.000508389 0.000212152 0.000163615 -0.00354382 0.00327832
internal_weight=36648.8 36546.4 6449.19 5834.26 30097.2 29657.8 614.936 439.385
internal_count=167986 167425 28723 26017 138702 135767 2706 2935
is_linear=0
shrinkage=0.03


Tree=223
num_leaves=12
num_cat=0
split_feature=1 0 3 0 0 3 3 1 3 3 3
split_gain=9.15498 4.22016 4.44132 7.2147 4.15518 4.15443 6.29862 2.11689 1.81811 2.99419 1.09156
threshold=3.1880780260108446 -0.010703741393565216 0.34875000000000006 -1.7328291806329057e-05 0.00033825066567456176 0.38375000000000009 0.53375000000000006 -0.076061553923435513 0.61125000000000018 0.43125000000000008 0.46875000000000006
decision_type=10 8 8 10 10 10 10 10 10 10 10
left_child=1 5 3 -3 -4 7 -7 -1 9 -2 -11
right_child=8 2 4 -5 -6 6 -8 -9 -10 10 -12
leaf_value=-0.0055341368412477323 0.0061006580238054664 0.0028313259955351322 -0.00052864044339360496 -0.00066963848637436273 0.00013551724930346547 0.0077639232236101181 -0.0011047782806779276 0.0020255470593841902 0.0082465770010760695 -0.0022348337691727627 0.0019718576948444984
leaf_weight=55.581331484019756 139.24626719206572 1131.6000517755747 17517.264504119754 941.54630136489868 16202.617876343429 197.14821713417768 90.4875757843256 45.195067651569843 89.529082342982292 73.091362349689007 138.50780726969242
leaf_count=353 627 5370 81270 4418 72204 1386 551 359 392 320 621
internal_value=-3.30023e-05 -8.75166e-05 -0.000123271 0.00121693 -0.000207784 0.00297714 0.00482894 -0.00172542 0.00421519 0.00282016 0.00021273
internal_weight=36621.8 36181.4 35793 2073.15 33719.9 388.412 287.636 100.776 440.375 350.845 211.599
internal_count=167871 165911 163262 9788 153474 2649 1937 712 1960 1568 941
is_linear=0
shrinkage=0.03


Tree=224
num_leaves=8
num_cat=0
split_feature=0 1 2 1 2 2 2
split_gain=5.26984 4.40027 4.50674 7.63696 3.57408 1.39713 0.905017
threshold=0.014417644949242536 3.9158367039363204 0.0012970047784985046 -0.98312973590737573 0.0062267357866081985 0.0027485174086459493 0.0045505388473486329
decision_type=10 10 8 10 10 10 8
left_child=1 2 3 -1 -4 -3 -2
right_child=6 5 4 -5 -6 -7 -8
leaf_value=-0.010500856743836617 0.0018042715297568019 0.0081552904679277286 2.9551855474924449e-06 -0.00095412445293543426 0.0010824548676337804 0.0010691745988334982 0.0088820259651353761
leaf_weight=82.369371153414249 64.972660705447197 68.541657388210297 32693.386352099478 544.26784715801477 3016.5933545157313 75.949842281639576 59.210284061729908
leaf_count=847 290 289 144889 4415 16367 346 358
internal_value=9.65832e-05 7.30705e-05 4.99083e-05 -0.00244849 9.61029e-05 0.00512925 0.00603652
internal_weight=36605.3 36481.1 36336.6 626.637 35710 144.491 124.183
internal_count=167801 167153 166518 5262 161256 635 648
is_linear=0
shrinkage=0.03


Tree=225
num_leaves=13
num_cat=0
split_feature=1 0 1 0 0 2 0 2 2 0 2 0
split_gain=4.14511 6.75607 4.49115 3.92255 3.74936 4.79433 3.52853 3.52829 6.49754 3.05759 2.21612 0.58184
threshold=-1.8450947436383462 0.0012995561505921398 -1.6871735409237978 -0.00039343980229462953 -0.0097776924312434326 0.003136861609594806 0.0048440696736161692 0.0032931053952402136 0.0021598888065144863 0.0028964758871890196 0.0039276411513036926 -0.0017947561892054
decision_type=8 10 10 8 8 10 10 10 10 10 10 10
left_child=1 7 3 11 5 -4 -6 8 -1 -3 -5 -2
right_child=2 9 4 10 6 -7 -8 -9 -10 -11 -12 -13
leaf_value=-0.0085543084679317958 0.0009568454214079218 0.0063304776313527654 0.0099141043973903203 0.007185493055078384 4.1846071392686026e-05 0.0013366837332564694 0.0010983734169634726 -0.0074455505270563504 0.0023107938633793825 -0.0008716381278372564 0.00061462188106079776 -0.0023366432474938442
leaf_weight=63.980585813522339 90.973271459341049 79.190540082752705 64.696720078587532 185.5252573043108 31977.762164019048 433.96685269474983 3130.6554388105869 192.07488091289997 129.31243297457695 97.532567217946053 90.969307780265808 69.955593958497047
leaf_count=486 405 351 300 946 145470 2989 14228 826 595 428 392 336
internal_value=0.00017463 -0.00235033 0.00021631 0.00321126 0.000176942 0.0027405 0.000138052 -0.0045919 -0.00123433 0.00220053 0.00532996 -0.000176751
internal_weight=36606.6 562.091 36044.5 437.423 35607.1 498.664 35108.4 385.368 193.293 176.723 276.495 160.929
internal_count=167752 2686 165066 2079 162987 3289 159698 1907 1081 779 1338 741
is_linear=0
shrinkage=0.03


Tree=226
num_leaves=8
num_cat=0
split_feature=3 0 0 0 3 1 3
split_gain=9.12305 5.61885 4.66513 4.57197 3.98648 4.86963 2.89427
threshold=0.78375000000000006 -0.009143318059400397 0.014417644949242536 0.0099498557420046041 0.38125000000000003 1.163319702742456 0.35375000000000006
decision_type=8 10 10 10 10 10 10
left_child=1 4 3 -3 6 -6 -1
right_child=-2 2 -4 -5 5 -7 -8
leaf_value=0.0013612415905913772 0.0088499144833881944 -3.3362616249802698e-06 0.005583109652103244 -0.0032025942530899362 0.0051527393323927426 -0.0035812259436044393 -0.0067520482205745526
leaf_weight=94.745979785919189 95.926388069987297 35364.997405253351 123.13781996071339 397.12948866933584 443.43163435161114 50.274791665375233 48.015263520181179
leaf_count=636 550 160745 644 1925 2696 372 311
internal_value=5.65226e-05 2.93677e-05 -1.89041e-05 -4.14259e-05 0.00280203 0.00409079 -0.00123812
internal_weight=36617.7 36521.7 35885.3 35762.1 636.468 493.706 142.761
internal_count=167879 167329 163314 162670 4015 3068 947
is_linear=0
shrinkage=0.03


Tree=227
num_leaves=9
num_cat=0
split_feature=3 3 3 1 3 0 0 0
split_gain=9.38709 5.33835 9.52642 10.9558 7.3016 15.064 6.08792 5.93849
threshold=0.24875000000000003 0.60875000000000012 0.66125000000000012 -1.6099843387754122 0.43875000000000003 -0.00046012491165091141 0.0060883274071632607 0.00093289548222463218
decision_type=10 10 10 10 10 10 10 10
left_child=-1 4 6 -4 5 -2 -3 -6
right_child=1 2 3 -5 7 -7 -8 -9
leaf_value=0.0088498451039183152 0.00094785279398780704 -0.0022936645125830979 -0.0089906847789065197 0.000574895526688503 0.0001741308583465266 -0.0011821023932126543 0.0032331879198237816 0.0013212005069742514
leaf_weight=99.630916722118855 4966.6821279525757 2872.4418131485581 100.56274406611919 3729.1310998126864 10463.35982581228 7417.8803487196565 173.98095647245646 6787.7352617010474
leaf_count=552 23562 12812 465 16520 47637 35903 794 29576
internal_value=8.11229e-05 5.31359e-05 -0.00069719 0.000285329 0.000229428 -0.000322993 -0.00194885 0.000629445
internal_weight=36611.4 36511.8 6876.12 3829.69 29635.7 12384.6 3046.42 17251.1
internal_count=167821 167269 30591 16985 136678 59465 13606 77213
is_linear=0
shrinkage=0.03


Tree=228
num_leaves=10
num_cat=0
split_feature=1 3 3 2 2 3 2 3 2
split_gain=6.16129 7.55508 5.6567 5.44515 5.3383 14.0736 6.18134 3.78878 3.49617
threshold=0.65721629996608555 0.77375000000000005 0.73375000000000012 0.0033195604135832185 0.0011258670578612672 0.40875 0.0012504703659142271 0.30375000000000002 0.003136861609594806
decision_type=10 10 10 10 10 10 10 10 8
left_child=1 4 7 -4 5 -1 -6 -2 -9
right_child=2 -3 3 -5 6 -7 -8 8 -10
leaf_value=0.0022896507791199125 0.0055135839784526486 0.0086676157430137929 -0.010481788430513322 0.0001629989162363313 0.0061636270104935458 -0.011162727322070848 -0.00034905442754963221 0.0012020738465330833 0
leaf_weight=121.40647473186255 136.81219280511141 73.223172649741173 70.847338296473026 69.691958665847778 120.91190696507692 131.36820700764656 27328.501386918128 4249.171367533505 4317.8511060401797
leaf_count=915 697 347 307 306 999 1302 124283 18863 19832
internal_value=-0.000109127 -0.000330086 0.000577596 -0.0051444 -0.000359153 -0.00463203 -0.000315947 0.000682672 0.00059219
internal_weight=36619.8 27775.4 8844.37 140.539 27702.2 252.775 27449.4 8703.83 8567.02
internal_count=167851 127846 40005 613 127499 2217 125282 39392 38695
is_linear=0
shrinkage=0.03


Tree=229
num_leaves=11
num_cat=0
split_feature=1 3 3 3 3 2 2 3 2 2
split_gain=6.72682 5.67563 4.63613 4.2202 4.51545 1.59531 2.97479 1.52943 1.41392 0.394643
threshold=2.5625947355903973 0.47625000000000001 0.24875000000000003 0.77625000000000011 0.75875000000000015 0.0021430054013436232 0.0026500800987296421 0.67375000000000018 0.0017372338072111071 0.0035257648129666183
decision_type=10 8 10 10 10 10 10 10 10 8
left_child=2 5 -1 4 -4 8 -7 9 -2 -3
right_child=1 7 3 -5 -6 6 -8 -9 -10 -11
leaf_value=0.0062200940428316651 0 0.0040777718301354083 -2.5204353216247124e-06 0.0065998937459034205 -0.0052736853867749629 -0.0053658256820240287 0.0005748541618298403 0.0003150770626370972 0.0052797486721326402 0.0078343257841133433
leaf_weight=97.857898026704788 76.843268752098083 276.37087228894234 35296.678451150656 76.698905862867832 136.98004236072302 87.41459421813488 284.85982897877693 86.706664428114891 79.745335772633553 125.78535395860672
leaf_count=538 363 1162 161812 375 597 356 1344 377 327 644
internal_value=7.97111e-05 0.00247276 8.95539e-06 -8.21814e-06 -2.60728e-05 0.000184286 -0.00076701 0.00477488 0.00271635 0.00555989
internal_weight=36625.9 1017.73 35608.2 35510.4 35433.7 528.863 372.274 488.863 156.589 402.156
internal_count=167895 4573 163322 162784 162409 2390 1700 2183 690 1806
is_linear=0
shrinkage=0.03


Tree=230
num_leaves=12
num_cat=0
split_feature=2 0 3 2 0 2 0 2 3 0 0
split_gain=6.38206 11.7439 8.21931 6.08757 10.5058 5.99829 5.17192 3.78953 2.81284 1.60863 0.447068
threshold=0.0011258670578612672 -0.00020981811049925917 0.42875000000000002 0.0012504703659142271 0.00033825066567456176 0.0012970047784985046 0.0024830039026835491 0.011644782828630353 0.4512500000000001 -0.00029028835979325485 -0.00063944326381168524
decision_type=10 8 8 10 10 10 10 10 8 10 10
left_child=1 2 -1 4 10 9 8 -7 -3 -5 -2
right_child=3 6 -4 5 -6 7 -8 -9 -10 -11 -12
leaf_value=0.010814792830618961 0.0014815284815438653 -0.012291283418407635 -0.0036609219648416113 -8.6292525171157111e-05 0.014123490327171076 -5.0769842581239668e-06 0 0.003363428632652446 -0.0034899603300903468 -0.0077949590276412814 -0.0020094599105004232
leaf_weight=60.08389725536108 41.057663142681122 126.54093392193317 55.386943511664867 52.304090864956379 64.956618554890156 35601.745842345059 56.405985929071903 292.89256923645735 87.486956007778645 102.39393380284309 62.076536931097507
leaf_count=414 274 1147 478 416 454 160081 330 1974 758 915 561
internal_value=-1.696e-05 -0.00380621 0.00365476 2.27985e-05 0.00555592 -2.87097e-06 -0.0072226 2.16673e-05 -0.00927781 -0.00571642 -8.12445e-05
internal_weight=36603.3 385.905 115.471 36217.4 168.091 36049.3 270.434 35894.6 214.028 154.698 103.134
internal_count=167802 3127 892 164675 1289 163386 2235 162055 1905 1331 835
is_linear=0
shrinkage=0.03


Tree=231
num_leaves=14
num_cat=0
split_feature=2 2 0 0 2 0 2 1 0 0 2 0 2
split_gain=4.77127 9.47941 5.88669 5.56103 9.01281 5.07361 4.71466 4.55341 8.21391 4.88495 4.15472 9.28329 3.63922
threshold=0.0066638782940363116 0.0068353086740594888 -0.0011091965484157284 0.0031002019267661832 0.0074696459271216525 0.0037942396867210368 0.00762371370298292 1.3320348130530442 0.0068085870360407976 -0.0014884970829303593 0.0011258670578612672 -0.00022941455417116184 0.0012504703659142271
decision_type=10 10 10 10 10 10 10 10 8 8 10 8 10
left_child=7 2 -2 4 -3 -4 -5 10 9 -9 11 -1 -12
right_child=1 3 5 6 -6 -7 -8 8 -10 -11 12 -13 -14
leaf_value=0.004059477429670221 6.3634448244499631e-05 -0.0016073651773498153 0.013623159905953194 0.0013175478103163393 0.0033685003889636525 0.0017065285162663995 -0.0041115397860900264 0.0026871486314161024 0.0091132336094156951 0.00011147646223850198 0.0044793299931305134 -0.0066785401558855364 -0.00014458058467538233
leaf_weight=88.156842149794102 100.05115201324224 476.65127743035555 107.50347925722599 219.63447315990925 930.41933690756559 66.110658213496208 332.44734647870064 842.54279482364655 97.919472850859165 3236.0965877175331 143.31008370965719 232.32651732861996 29747.046713717282
leaf_count=720 526 2380 482 1120 5747 330 2025 3844 517 14057 1147 2005 133013
internal_value=5.7837e-05 0.00139904 0.00654876 0.00061963 0.00164112 0.00975226 -0.00185993 -2.78864e-05 0.000897221 0.00066349 -0.00015802 -0.00350977 -0.000118914
internal_weight=36620.2 2232.82 273.665 1959.15 1407.07 173.614 552.082 34387.4 4176.56 4078.64 30210.8 320.483 29890.4
internal_count=167913 12610 1338 11272 8127 812 3145 155303 18418 17901 136885 2725 134160
is_linear=0
shrinkage=0.03


Tree=232
num_leaves=10
num_cat=0
split_feature=0 3 3 2 0 3 0 2 2
split_gain=4.846 4.50412 13.9101 15.1521 10.6414 10.2298 6.6263 2.92246 2.55493
threshold=0.014417644949242536 0.69375000000000009 0.7037500000000001 0.0041748883435299448 0.0014681544973237709 0.61625000000000008 -0.0025950212133476311 0.0011258670578612672 0.0045505388473486329
decision_type=10 10 10 10 10 8 8 10 8
left_child=1 5 4 -4 -3 7 -7 -1 -2
right_child=8 2 3 -5 -6 6 -8 -9 -10
leaf_value=-0.002670247106508592 0.00045244210567277414 0.0090488178914916433 -0.0010948340529604993 0.0082372465662455766 -0.00081587142898921342 0.0015650277338045257 -0.0017959733581458472 0.00020650645164928255 0.0099703617462921432
leaf_weight=308.70036441087723 65.225817203521729 309.16334895044565 1269.4979080706835 168.37692201137543 124.69465313851833 581.78680010885 3968.2904418185353 29734.67616610229 57.885907627642155
leaf_count=2687 293 1378 5504 805 526 2613 17859 135785 352
internal_value=7.35076e-05 5.09764e-05 0.0014809 5.86847e-06 0.00612393 -2.50635e-05 -0.00135058 0.000174072 0.00579124
internal_weight=36588.3 36465.2 1871.73 1437.87 433.858 34593.5 4550.08 30043.4 123.112
internal_count=167802 167157 8213 6309 1904 158944 20472 138472 645
is_linear=0
shrinkage=0.03


Tree=233
num_leaves=13
num_cat=0
split_feature=1 0 3 1 0 0 1 3 0 3 0 0
split_gain=4.93521 7.64004 4.16524 7.5158 6.09305 3.36428 4.76457 3.75454 8.88236 2.74609 2.73538 1.05629
threshold=1.7908368253636169 0.004591353258762562 0.55625000000000013 2.5625947355903973 0.0019399252004496149 -0.010703741393565216 -0.50513384952702223 0.43625000000000008 -0.00043720626935942809 0.48875000000000007 0.014417644949242536 -0.013260464893472651
decision_type=10 10 10 10 8 8 8 10 8 10 10 10
left_child=5 2 4 -4 -2 6 9 8 -7 -1 -9 -8
right_child=1 -3 3 -5 -6 7 11 10 -10 -11 -12 -13
leaf_value=0.0016887106032969995 0.0023452948521590989 0.0074316509734171643 -0.0039531099845681698 0.0024338748401330564 -0.0022496936833516401 0.00047278654370004933 0.0020327912090844133 8.717603163588256e-05 -0.0012612398436417408 -0.0058815886507405084 0.0048614288481407236 0.0074142120027496103
leaf_weight=87.899837367236614 1523.4059373661876 162.20576353371143 375.27886727452278 271.29303774237633 291.45977405458689 4387.6992904543877 108.91165554523468 22494.154586017132 6577.4850488752127 59.584445774555206 99.125691093504429 123.88670768588781
leaf_count=532 6857 850 1622 1192 1297 20422 896 100203 32121 325 504 830
internal_value=2.33236e-05 0.00127559 0.000817208 -0.00118558 0.0015662 -7.20631e-05 0.0026915 -0.000105959 -0.000562107 -0.00116801 0.000112919 0.00533112
internal_weight=36562.4 2623.64 2461.44 646.572 1814.87 33938.7 380.283 33558.5 10965.2 147.484 22593.3 232.798
internal_count=167651 11818 10968 2814 8154 155833 2583 153250 52543 857 100707 1726
is_linear=0
shrinkage=0.03


Tree=234
num_leaves=15
num_cat=0
split_feature=1 2 0 2 2 2 0 2 2 0 0 2 2 0
split_gain=5.19896 9.0065 8.77875 7.26529 6.63678 6.40998 7.00574 6.96488 5.93251 5.58865 5.16851 3.42289 3.39181 2.4971
threshold=-0.12806309473469035 0.001867979531125979 0.0092551009283870032 0.01006235347145863 0.0017989135513542737 0.0019546629117876799 0.00025758385641822017 0.0020032689886634769 0.0017639783319164475 -0.00058519450179282488 0.00093289548222463218 0.0070329963745686562 0.0034074424238504219 0.0028318710392847076
decision_type=8 10 10 10 8 10 10 10 10 10 10 8 10 10
left_child=1 4 3 9 8 6 -3 -7 -1 -2 -6 12 -4 -5
right_child=2 5 11 13 10 7 -8 -9 -10 -11 -12 -13 -14 -15
leaf_value=-0.0022651409151370214 0.00095190306823902406 0 0 0.0078464829719776356 -0.011506767356937012 -0.0056816022201561615 0.0086112753690998269 -0.00014795497942620507 0.0075396019816410323 -0.0001633313497336788 -0.00075076286261481333 -0.00035956034073516147 0.0085638906893476183 0
leaf_weight=1009.6550499275327 6248.5289845690131 159.91441981494427 62.548685267567635 143.51625502109528 119.43719436973333 198.12434986233711 146.19878332316875 16773.976435057819 46.67767296731472 11244.534099280834 78.907333076000214 58.241420529782772 197.72174833714962 50.843306124210358
leaf_count=8101 28141 879 262 1067 749 1071 765 73468 285 50596 411 405 1013 343
internal_value=3.09175e-05 -0.00031994 0.00039535 0.000301324 -0.00276631 -0.000137326 0.00408599 -0.000219393 -0.00170897 0.000231919 -0.00775711 0.00526602 0.0067136 0.00593738
internal_weight=36538.8 18532.9 18005.9 17687.4 1254.68 17278.2 306.113 16972.1 1056.33 17493.1 198.345 318.512 260.27 194.36
internal_count=167556 85729 81827 80147 9546 76183 1644 74539 8386 78737 1160 1680 1275 1410
is_linear=0
shrinkage=0.03


Tree=235
num_leaves=15
num_cat=0
split_feature=2 3 3 3 2 2 1 1 3 1 3 2 2 3
split_gain=5.2191 5.89391 15.2247 9.26869 3.71284 7.15885 3.39352 3.7552 6.9096 6.39364 1.97865 4.73428 4.44418 0.352487
threshold=0.0012970047784985046 0.40875 0.38625000000000004 0.37125000000000002 0.0012753927761415685 0.0010889261252982538 -1.8450947436383462 -1.4467968623974055 0.68375000000000019 -1.3837394796197677 0.47125 0.0031122096355388827 0.0037798306691608631 0.39625000000000005
decision_type=10 10 10 10 8 10 10 10 10 10 10 10 10 10
left_child=1 2 3 -1 5 -3 10 8 -8 -9 11 -2 -12 -4
right_child=6 4 13 -5 -6 -7 7 9 -10 -11 12 -13 -14 -15
leaf_value=-0.00013951818430188491 -0.0053306635937343597 -0.0081643870409595001 0.0038664385405110299 -0.015064334994353759 -0.011415805873663415 0.00024985353226106272 0.002039740494314005 -0.0036069830727918106 -0.0063526733232255423 5.5862267323715113e-05 -0.00042401775647736209 0.002385097820593771 -0.0087307560624029952 0.013033913741461879
leaf_weight=176.87048605084419 102.7607005238533 139.68474631756544 42.445760011672974 40.74841732531786 64.437011174857616 197.73655423521996 1458.2352904528379 424.39283832907677 81.365285478532314 33449.654187135398 155.28639316558838 180.30528983473778 103.20355425775051 49.500487506389618
leaf_count=1342 577 1305 315 367 463 1605 6692 1943 368 150831 729 786 439 381
internal_value=-1.20278e-05 -0.0025397 0.000399729 -0.00373679 -0.00490445 -0.00319549 3.70097e-05 7.49976e-05 0.00151936 7.1504e-06 -0.00229465 -0.000297519 -0.00416566 0.0101848
internal_weight=36666.6 711.423 309.565 217.619 401.858 337.421 35955.2 35413.6 1539.6 33874 541.556 283.066 258.49 91.9462
internal_count=168143 5778 2405 1709 3373 2910 162365 159834 7060 152774 2531 1363 1168 696
is_linear=0
shrinkage=0.03


Tree=236
num_leaves=15
num_cat=0
split_feature=1 2 3 2 2 3 2 3 2 3 2 1 1 3
split_gain=5.19316 8.90542 12.4865 8.69292 8.06209 6.8286 3.64817 8.29284 4.54164 6.18131 4.08614 3.62577 2.94816 1.2448
threshold=-0.71037374039188639 0.0024993378467945055 0.49625000000000002 0.0026236405565739254 0.002475083398719029 0.42875000000000002 0.0010889261252982538 0.37125000000000002 0.0012504703659142271 0.47125 0.0012970047784985046 -1.8450947436383462 -0.78264435853800629 0.40875
decision_type=10 10 10 10 8 10 10 10 10 10 10 10 10 10
left_child=1 2 12 5 -4 -3 7 -2 9 -8 -10 -5 -1 -9
right_child=6 3 4 11 -6 -7 8 13 10 -11 -12 -13 -14 -15
leaf_value=-0.0042650049720427711 0.0055529259530176754 -0.0024644073100114085 0.0017360107339150267 -0.0029815474443189507 -0.0086769494189463062 0.0066537383708473894 0.0089384865476665742 -0.00031901443004513005 -0.0049923950830477789 -0.0010181459338550823 0.00030604555842925961 -9.3143264022100162e-05 0 -0.0081204099257549105
leaf_weight=1317.8001374453306 54.546627163887024 81.919280976057053 741.96609594672918 408.24611955881119 62.472824841737747 281.44711925089359 117.15834564715624 41.270594902336597 120.48628403991461 79.807493679225445 25959.657242439687 7074.3999591320753 135.6542980670929 131.57718815654516
leaf_count=8101 365 366 4075 1755 288 1282 868 329 984 594 116748 30207 824 1104
internal_value=5.75433e-05 -0.000518779 -0.00217501 -3.23572e-05 0.000757059 0.00442645 0.000279622 -0.00340193 0.000315045 0.00476004 0.000277364 -0.000262509 -0.00383289 -0.00670514
internal_weight=36608.4 10103.9 2257.89 7846.01 804.439 363.366 26504.5 227.394 26277.1 196.966 26080.1 7482.65 1453.45 172.848
internal_count=167890 46898 13288 33610 4363 1648 120992 1798 119194 1462 117732 31962 8925 1433
is_linear=0
shrinkage=0.03


Tree=237
num_leaves=15
num_cat=0
split_feature=1 3 2 3 3 2 3 1 3 3 2 3 2 2
split_gain=4.83329 4.8795 9.71871 11.9597 8.86082 14.5591 6.32164 5.42595 4.67293 10.7653 14.491 6.51312 11.3906 5.31019
threshold=-0.71037374039188639 0.49875000000000008 0.0032662870358655155 0.45375000000000004 0.54375000000000007 0.0037610934198525005 0.37875000000000009 -1.5774901982303859 0.69375000000000009 0.7037500000000001 0.004283565586432057 0.56625000000000003 0.00762371370298292 0.0020296195999655047
decision_type=10 10 10 8 10 10 10 10 8 10 10 10 8 10
left_child=1 2 3 -1 5 -3 -4 -6 11 13 -11 -2 -13 -10
right_child=8 4 6 -5 7 -7 -8 -9 9 10 -12 12 -14 -15
leaf_value=-0.0011235486348414277 0.00024008319706532726 0.0049590096646758407 -0.0027073344606714307 -0.0053342869278196602 -0.0042070391871831415 -0.0024285260277736331 0.00059333725551253592 -0.00022700103237552712 -0.00029662707957746695 -0.00097458364167991841 0.010255697549298694 -0.0011050829714983337 0.0088678539699066517 0.0081008378696372091
leaf_weight=1948.1801553368568 19439.266287744045 700.91217321157455 647.21654111146927 913.20161781460047 345.82553191483021 342.71652521193027 2512.2527388185263 2657.4398245289922 70.267632655799389 954.0463275834918 105.59830909222364 5580.1149630993605 93.946378901600838 276.01431842893362
leaf_count=10492 89800 3236 2843 4466 1567 1470 10860 11814 404 4097 532 24477 614 1161
internal_value=-0.00013685 -0.000696697 -0.00123822 -0.00250219 9.52343e-05 0.00247605 -7.02826e-05 -0.000717655 7.36103e-05 0.0017509 0.000173887 -1.85611e-05 -0.000914093 0.00626792
internal_weight=36587 10067.7 6020.85 2861.38 4046.89 1043.63 3159.47 3003.27 26519.3 1405.93 1059.64 25113.3 5674.06 346.282
internal_count=167833 46748 28661 14958 18087 4706 13703 13381 121085 6194 4629 114891 25091 1565
is_linear=0
shrinkage=0.03


Tree=238
num_leaves=14
num_cat=0
split_feature=1 2 3 3 3 3 2 2 3 2 1 2 2
split_gain=4.6496 3.91658 6.85987 3.57696 7.60493 5.14641 3.51523 6.40339 3.95379 3.20447 2.82569 2.31941 4.08743
threshold=1.8913997938054929 0.0011258670578612672 0.37125000000000002 0.61125000000000018 0.69375000000000009 0.4512500000000001 0.0039478601575500165 0.0030975723142180316 0.49625000000000002 0.0029953417505763397 0.79281428166418455 0.0044841474273327941 0.0047080774960687015
decision_type=10 10 8 10 10 10 10 8 10 10 10 10 10
left_child=1 2 -1 5 -5 -3 7 9 -9 -2 -4 -8 -13
right_child=6 3 10 4 -6 -7 11 8 -10 -11 -12 12 -14
leaf_value=0.0069125815758060141 0.0013859337594538306 -0.00029833276661403744 -0.0063244785634085339 -0.0013296876051123987 0.00098318170116295286 0.0005196647152426008 0.0064515746834949194 0.0001969167877972904 -0.0045656188631815336 0.0076713639317951493 0 -0.0046106109888805263 0.0032654468688032138
leaf_weight=38.875751636922359 1140.0154376029968 13481.213423728943 240.29021110385656 4518.9880467653275 1745.4755275472999 14117.647720456123 166.26147039234638 316.20089618116617 261.9268663674593 75.398838877677917 61.639910593628883 57.798509493470192 320.13459225744009
leaf_count=294 4896 63542 2123 20269 7636 62779 760 1358 1109 313 457 270 1838
internal_value=2.5346e-05 -6.16077e-05 -0.00321669 -2.71429e-05 -0.000675147 0.000117961 0.00131799 0.000627482 -0.00189972 0.00188424 -0.00489306 0.00343311 0.00181847
internal_weight=36541.9 34204.1 340.806 33863.3 6264.46 27598.9 2337.74 1793.54 578.128 1215.41 301.93 544.195 377.933
internal_count=167644 157100 2874 154226 27905 126321 10544 7676 2467 5209 2580 2868 2108
is_linear=0
shrinkage=0.03


Tree=239
num_leaves=14
num_cat=0
split_feature=1 0 0 1 3 0 3 0 1 0 1 0 3
split_gain=5.01623 8.51601 4.28895 5.29558 3.16054 8.55571 3.12965 2.95977 2.87307 5.32312 3.56459 1.19055 1.171
threshold=1.7908368253636169 0.0040642569748076439 -0.010703741393565216 -0.57412510424350061 0.40375000000000011 -0.00019140626351286396 0.50375000000000003 -0.0051556924144032226 -1.8450947436383462 0.0012995561505921398 -1.6099843387754122 -0.013260464893472651 0.48625000000000002
decision_type=8 10 8 10 10 10 8 10 10 10 10 10 10
left_child=2 4 3 12 5 -2 -3 -6 9 -4 -10 -5 -1
right_child=1 6 8 11 7 -7 -8 -9 10 -11 -12 -13 -14
leaf_value=0.00032715497230636294 0.006496076416457437 0.002579057576987248 -0.0042914900562468529 0.0022996570977482653 0.0056656578513473825 -0.00070662575520686927 0.011014407256343469 -0.00013065135645035997 0.0019927637141340521 0.0017444951134014789 -0.00014406632252142771 0.0078279679756781389 -0.004602579137101351
leaf_weight=79.305044412612915 265.64587972313166 116.65825518220663 376.12063869088888 115.91350505501032 72.497856289148331 289.61182452738285 93.751325502991676 1805.3079470321536 705.6029569581151 175.65767569094896 32267.94881362468 128.17597248405218 52.311949364840984
leaf_count=471 1318 602 1857 949 421 1297 470 7831 3301 773 147242 854 285
internal_value=4.07005e-07 0.00125818 -9.62423e-05 0.00304277 0.00071596 0.0026871 0.00693898 9.01746e-05 -0.000134106 -0.00226629 -9.59308e-05 0.00563264 -0.00139517
internal_weight=36544.5 2643.47 33901 375.706 2433.06 555.258 210.41 1877.81 33525.3 551.778 32973.6 244.089 131.617
internal_count=167671 11939 155732 2559 10867 2615 1072 8252 153173 2630 150543 1803 756
is_linear=0
shrinkage=0.03


Tree=240
num_leaves=15
num_cat=0
split_feature=3 0 2 2 0 2 3 2 0 2 3 2 3 3
split_gain=4.14154 11.4963 8.62145 17.9712 7.39042 6.83262 5.75791 8.12228 9.21772 8.78694 7.98454 13.8659 4.74228 2.27945
threshold=0.32875000000000004 -0.00082745345242874531 0.0028912966445649069 0.0016064990190196478 -0.0046363695387136661 0.0040104733304191864 0.38625000000000004 0.0065673277622668074 0.0011774604874582894 0.0045505388473486329 0.40125000000000005 0.001445588710339061 0.43875000000000003 0.30125000000000007
decision_type=8 10 10 10 10 10 8 10 10 10 8 10 8 10
left_child=1 4 3 -3 13 -4 7 9 -9 -2 11 -8 -12 -1
right_child=6 2 5 -5 -6 -7 10 8 -10 -11 12 -13 -14 -15
leaf_value=0.0022047633912210423 -0.00091518669034728402 -0.0096810240021859822 -0.0081005589681880687 0.0066261283835134521 0.0070964712834663468 0 0.011929507767957755 0.0071614025718631184 -0.0036246113811381534 -0.0052153004478199625 -0.00083576415680849416 0.0012664648931897113 0.00014267224945737998 -0.0049332851577940963
leaf_weight=78.932301625609398 3143.4116149172187 67.862010478973389 170.08081419765949 248.75951559096575 390.89797125756741 210.33492556959391 110.07792610675097 199.44024579972029 92.271308928728104 499.7650334239006 5451.8044744879007 1700.4704116359353 24117.953034900129 58.372268132865429
leaf_count=450 15513 485 701 1233 1738 910 808 1252 545 2288 25456 8017 107908 326
internal_value=4.87046e-06 0.00171386 -0.000744943 0.0027579 0.00502364 -0.00381002 -5.31919e-05 -0.00113447 0.00354376 -0.00153415 8.07998e-05 0.00200968 -3.59162e-05 -0.00055141
internal_weight=36540.4 1225.24 697.037 316.622 528.203 380.416 35315.2 3934.89 291.712 3643.18 31380.3 1810.55 29569.8 137.305
internal_count=167630 5843 3329 1718 2514 1611 161787 19598 1797 17801 142189 8825 133364 776
is_linear=0
shrinkage=0.03


Tree=241
num_leaves=6
num_cat=0
split_feature=3 3 1 0 0
split_gain=5.83189 5.45967 5.63325 4.07623 0.41452
threshold=0.77625000000000011 0.75875000000000015 3.9158367039363204 0.014417644949242536 0.00025758385641822017
decision_type=10 10 10 10 10
left_child=1 2 3 -1 -4
right_child=-2 -3 4 -5 -6
leaf_value=5.1062685341672349e-05 0.0078731868519836753 -0.0056807860234878819 0.0077319753363171697 0.0054427115068829005 0.0021023935794961769
leaf_weight=36131.556140646338 76.652482382953167 137.48138957470655 77.939149484038353 116.93767311424017 68.795011594891548
leaf_count=165685 379 598 349 612 298
internal_value=9.30216e-05 7.29054e-05 9.78423e-05 7.16072e-05 0.00577795
internal_weight=36609.4 36532.7 36395.2 36248.5 146.734
internal_count=167921 167542 166944 166297 647
is_linear=0
shrinkage=0.03


Tree=242
num_leaves=9
num_cat=0
split_feature=3 0 0 3 3 0 3 3
split_gain=3.526 3.48552 11.6441 10.4014 10.1874 8.49805 9.40141 7.13247
threshold=0.24875000000000003 0.00038089203784715388 -0.00029028835979325485 0.75375000000000003 0.44375000000000003 0.00061042213445666944 0.39125000000000004 0.30875000000000002
decision_type=10 10 10 10 10 10 10 10
left_child=-1 2 3 -2 -4 6 -3 -7
right_child=1 5 4 -5 -6 7 -8 -9
leaf_value=0.0054193492201199366 4.88675479353794e-05 -0.0027235720897392148 -0.0033429456074458492 0.010810806109409515 -0.0003886206298585303 -0.0062214348832266529 0.0037326506946197 0.00017305538259064246
leaf_weight=98.075249888002872 15078.244345739484 228.72390111535788 1834.6953882128 71.376436993479729 2571.6672183051705 148.29096554219723 1121.5989780053496 15393.540994741023
leaf_count=546 69070 1216 10028 338 12422 711 5332 68004
internal_value=7.85949e-06 -6.53858e-06 -0.000280739 0.000110627 -0.0016371 0.000307331 0.00258298 0.000104224
internal_weight=36546.2 36448.1 19556 15149.6 4406.36 16892.2 1350.32 15541.8
internal_count=167667 167121 91858 69408 22450 75263 6548 68715
is_linear=0
shrinkage=0.03


Tree=243
num_leaves=10
num_cat=0
split_feature=1 2 0 0 2 0 0 1 2
split_gain=5.45847 6.13514 8.48518 6.35197 3.39727 3.25332 2.89738 1.54443 1.45777
threshold=3.9158367039363204 0.001907142958340269 -0.0024032223010540701 0.00065871034215193565 0.0088198125431252512 0.0092551009283870032 0.014417644949242536 -0.38687716387844889 0.0030375238398860633
decision_type=10 8 8 10 10 10 10 10 8
left_child=1 2 7 -4 6 -6 -3 -1 -2
right_child=8 4 3 -5 5 -7 -8 -9 -10
leaf_value=0.00053280176478919937 0.0084193073708553785 0.0001172773340187528 -0.0025982062031161294 0.00024636369938659723 0.0029062930003482378 -0.0037582533170922206 0.0047898684185892354 0.0081898021237477789 0.0010792836278892388
leaf_weight=58.38227953016758 78.539938345551491 32491.962426938117 1915.8994648903608 1056.005990408361 646.8834083750844 57.198912933468819 110.63440464437008 82.485218957066536 68.039594300091267
leaf_count=321 330 141513 13846 5905 4207 384 556 378 316
internal_value=8.82653e-05 6.25517e-05 -0.00120642 -0.00156989 0.000183275 0.0022358 0.000136437 0.00565973 0.00568192
internal_weight=36566 36419.5 3112.77 2971.91 33306.7 704.082 32602.6 140.867 146.58
internal_count=167756 167110 20450 19751 146660 4591 142069 699 646
is_linear=0
shrinkage=0.03


Tree=244
num_leaves=9
num_cat=0
split_feature=3 0 3 3 1 0 3 3
split_gain=5.39735 4.45125 5.32649 6.48879 4.01739 7.87813 4.06097 1.04364
threshold=0.24875000000000003 -0.010703741393565216 0.38625000000000004 0.4562500000000001 0.72349149943762492 0.007112700550997453 0.77375000000000005 0.35875000000000007
decision_type=10 10 10 10 10 10 10 10
left_child=-1 2 7 -4 6 -6 -3 -2
right_child=1 4 3 -5 5 -7 -8 -9
leaf_value=0.0065132467059538061 0 -0.00027293576676592661 0.010939459187890925 0.0011652216939925194 0.00032894443923687616 0.0057266269801495981 0.0063579466441736161 -0.0052146592941051092
leaf_weight=103.30974323302507 62.366210334002972 27864.613034576178 104.78895485401154 171.69937955588102 7911.0248890444636 243.35980305820704 72.695205971598625 42.869841903448105
leaf_count=575 446 127624 775 1104 35292 1322 348 305
internal_value=-2.07704e-05 -4.27026e-05 0.00313434 0.00533163 -7.88255e-05 0.000504199 -0.000251266 -0.00207966
internal_weight=36576.7 36473.4 381.724 276.488 36091.7 8154.38 27937.3 105.236
internal_count=167791 167216 2630 1879 164586 36614 127972 751
is_linear=0
shrinkage=0.03


Tree=245
num_leaves=14
num_cat=0
split_feature=2 0 0 1 1 2 2 2 0 0 2 0 0
split_gain=5.38326 9.80803 7.46684 5.49937 4.44475 4.14663 6.36233 3.67851 10.7115 7.83085 2.15557 2.2912 1.61224
threshold=0.0014092396667470914 0.00076532002641895751 -0.0024032223010540701 -1.2726131171810871 2.4564214737292143 0.0013719695818470397 0.0010889261252982538 0.0059498431259504261 0.0036267477264901437 0.0031002019267661832 0.0047080774960687015 -0.0010085898518181762 -0.00074431215373777957
decision_type=10 10 10 10 10 8 10 10 10 10 10 10 10
left_child=1 2 -1 -4 7 6 -3 9 -9 -2 12 -12 -6
right_child=4 5 3 -5 10 -7 -8 8 -10 -11 11 -13 -14
leaf_value=0.0066826172550200876 -0.00015279748393970218 -0.002647826421764937 -0.014196532808756624 -0.0037288652758421747 -0.00028589675649884117 -0.0019415305796600479 0.008818665716623493 0.0020417141017878772 -0.0018863366142834988 0.0011353673614926171 0.010162132387065688 0.0014489073594062402 0.0022379395851914066
leaf_weight=42.715925380587578 26115.142360441387 48.183194816112518 47.081946536898613 614.67140158265829 276.84828372299671 90.345818482339382 127.02934753149748 2593.4524793177843 798.64363552629948 5056.1044451743364 53.834938034415245 89.781630262732506 688.59003381431103
leaf_count=263 115944 395 524 5218 1216 530 797 13871 4298 21317 357 493 2901
internal_value=0.000159252 -0.00202838 -0.00390136 -0.00476318 0.000220973 0.00268376 0.00536873 0.000158798 0.00109642 5.4521e-05 0.00208628 0.00555457 0.00145718
internal_weight=36642.4 970.028 704.469 661.753 35672.4 265.558 175.213 34563.3 3392.1 31171.2 1109.05 143.617 965.438
internal_count=168124 7727 6005 5742 160397 1722 1192 155430 18169 137261 4967 850 4117
is_linear=0
shrinkage=0.03


Tree=246
num_leaves=13
num_cat=0
split_feature=1 2 0 0 0 1 0 2 2 1 0 0
split_gain=5.11126 6.83069 5.53421 6.92943 4.12296 4.80022 3.5642 7.89265 7.14185 3.27597 2.32071 1.9902
threshold=-1.0450551789936695 0.0015933974398020996 0.0099498557420046041 0.0055487076018163779 0.00033825066567456176 -1.2726131171810871 -0.009143318059400397 0.003136861609594806 0.0036605700281063338 2.5625947355903973 0.014417644949242536 -0.0025283570821665246
decision_type=8 8 10 10 10 10 8 10 10 8 10 8
left_child=1 4 3 -3 5 -1 7 -2 -9 10 -8 -11
right_child=6 2 -4 -5 -6 -7 9 8 -10 11 -12 -13
leaf_value=-0.0067414709927454868 0.010600788163518665 -0.00087128526034290985 -0.0086138166349425619 0.0036570210135399152 -0.012487975749615908 0.0046501461448476937 -7.7494240037915082e-05 -0.0081910767631182789 0.0022718255675764241 0.0056190642978074861 0.0040491912585121151 0.0011101781144762096
leaf_weight=74.135932825505733 80.307791575789452 5183.6839430108666 70.118152469396591 309.26841415464878 62.395030952990055 40.492231264710426 29206.409361690283 57.458372712135315 401.2226844727993 100.95808938890696 112.74653626978397 912.3702626824379
leaf_count=763 374 23346 318 1345 543 397 132602 264 2882 541 596 4049
internal_value=-0.000107718 -0.000929411 -0.000726302 -0.000599244 -0.00661132 -0.00218573 4.33723e-05 0.00243904 0.000686329 0 -5.82042e-05 0.00166855
internal_weight=36611.6 5740.09 5563.07 5492.95 177.023 114.628 30871.5 538.989 458.681 30332.5 29319.2 1013.33
internal_count=168020 26712 25009 24691 1703 1160 141308 3520 3146 137788 133198 4590
is_linear=0
shrinkage=0.03


Tree=247
num_leaves=13
num_cat=0
split_feature=2 0 0 0 0 2 2 3 2 3 0 0
split_gain=3.91204 4.35767 6.93334 3.22286 13.9527 15.3283 12.6323 8.0479 5.4413 4.90264 0.99815 0.232876
threshold=0.011644782828630353 0.0049741239461610241 -0.0042609063521371528 -0.00050632814563715469 0.00033825066567456176 0.0049402804779042639 0.0010889261252982538 0.40125000000000005 0.0012504703659142271 0.37875000000000009 0.00061042213445666944 -0.0084981284614338171
decision_type=10 10 10 8 10 10 8 8 10 10 10 10
left_child=3 2 11 7 5 -5 -6 9 -9 -1 -4 -2
right_child=1 -3 10 4 6 -7 -8 8 -10 -11 -12 -13
leaf_value=0.00079957119560455849 0 -0.00192645299155513 0.012533164158452834 -0.0019780877451474371 -0.011018113896644371 0.004027634731864016 0.00026980066917020644 -0.0074655380189765589 6.4021677235767455e-05 0.0034868346204309755 0.0041307723427603683 -0.0024736664934276236
leaf_weight=1746.8995787575841 40.375695891678333 77.890187755227089 72.355914182960987 5108.4734750762582 79.503129422664642 398.18161495029926 16983.533805117011 77.064875304698944 10888.334850668907 1010.2350036129355 65.729503616690636 35.760138407349586
leaf_count=8397 384 514 436 26238 720 1751 75201 574 48162 4921 387 256
internal_value=3.5132e-05 0.00343517 0.0056512 5.17402e-06 -0.000213558 -0.00152643 0.000207269 0.000369189 0 0.00181493 0.00948778 -0.000904174
internal_weight=36584.3 292.111 214.221 36292.2 22569.7 5506.66 17063 13722.5 10965.4 2757.13 138.085 76.1358
internal_count=167941 1977 1463 165964 103910 27989 75921 62054 48736 13318 823 640
is_linear=0
shrinkage=0.03


Tree=248
num_leaves=14
num_cat=0
split_feature=1 1 3 3 2 2 3 2 2 3 3 1 3
split_gain=5.1103 6.10485 3.36123 9.78195 7.01755 4.76319 5.88933 4.25906 3.82711 3.0776 8.02892 1.4516 0.0447415
threshold=1.5745383644308688 1.613000334612485 0.69625000000000015 0.7037500000000001 0.004283565586432057 0.0034074424238504219 0.63875000000000004 0.0034308405464706679 0.0035378186859288973 0.57625000000000004 0.65875000000000006 2.4564214737292143 0.47125
decision_type=10 10 10 10 10 10 8 8 10 10 10 10 10
left_child=2 12 5 7 -5 6 -1 -4 -7 11 -11 -3 -2
right_child=1 9 3 4 -6 8 -8 -9 -10 10 -12 -13 -14
leaf_value=-0.00040580224325963696 0.0034222928985435954 0.00065489257714280188 0.0086244051660960951 -0.00068146727086680809 0.00625270655144984 0.0016410439518287784 -0.0022634532985101145 0 -1.5610303660559925e-05 -0.0038508813255829521 0.0022810806286409275 0.0022673919394971338 0.0088627634035354109
leaf_weight=15234.470197144896 75.037396714091301 1591.461131490767 188.22071602195501 1184.1969844475389 137.4033253416419 1368.2370879650116 1725.0766091421247 74.753023341298103 13317.61498182267 393.73108801990747 346.80355067551136 864.26219248026609 72.050132378935814
leaf_count=72589 346 7243 838 5147 669 5585 8170 315 59433 1743 1513 3925 319
internal_value=-7.31944e-05 0.0010403 -0.00018731 0.00114992 3.59444e-05 -0.000256506 -0.000599515 0.00632213 0.000135664 0.000733022 -0.000907117 0.00125362 0.00686378
internal_weight=36573.3 3343.35 33230 1584.57 1321.6 31645.4 16959.5 262.974 14685.9 3196.26 740.535 2455.72 147.088
internal_count=167835 15089 152746 6969 5816 145777 80759 1153 65018 14424 3256 11168 665
is_linear=0
shrinkage=0.03


end of trees

feature_importances:
ema_ma_ratio_close_30__160_=999
parkinson_vol_600=880
_trade_count_log_z_50___vol_of_vol_60_=694
buy_pressure_positive_ratio_400=641

parameters:
[boosting: gbdt]
[objective: binary]
[metric: auc]
[tree_learner: serial]
[device_type: cpu]
[data_sample_strategy: bagging]
[data: ]
[valid: ]
[num_iterations: 250]
[learning_rate: 0.03]
[num_leaves: 15]
[num_threads: 0]
[seed: 42]
[deterministic: 0]
[force_col_wise: 1]
[force_row_wise: 0]
[histogram_pool_size: -1]
[max_depth: 4]
[min_data_in_leaf: 300]
[min_sum_hessian_in_leaf: 0.001]
[bagging_fraction: 0.8]
[pos_bagging_fraction: 1]
[neg_bagging_fraction: 1]
[bagging_freq: 1]
[bagging_seed: 42]
[bagging_by_query: 0]
[feature_fraction: 0.7]
[feature_fraction_bynode: 1]
[feature_fraction_seed: 42]
[extra_trees: 0]
[extra_seed: 12879]
[early_stopping_round: 0]
[early_stopping_min_delta: 0]
[first_metric_only: 0]
[max_delta_step: 0]
[lambda_l1: 2]
[lambda_l2: 10]
[linear_lambda: 0]
[min_gain_to_split: 0]
[drop_rate: 0.1]
[max_drop: 50]
[skip_drop: 0.5]
[xgboost_dart_mode: 0]
[uniform_drop: 0]
[drop_seed: 17869]
[top_rate: 0.2]
[other_rate: 0.1]
[min_data_per_group: 100]
[max_cat_threshold: 32]
[cat_l2: 10]
[cat_smooth: 10]
[max_cat_to_onehot: 4]
[top_k: 20]
[monotone_constraints: ]
[monotone_constraints_method: basic]
[monotone_penalty: 0]
[feature_contri: ]
[forcedsplits_filename: ]
[refit_decay_rate: 0.9]
[cegb_tradeoff: 1]
[cegb_penalty_split: 0]
[cegb_penalty_feature_lazy: ]
[cegb_penalty_feature_coupled: ]
[path_smooth: 0]
[interaction_constraints: ]
[verbosity: -1]
[saved_feature_importance_type: 0]
[use_quantized_grad: 0]
[num_grad_quant_bins: 4]
[quant_train_renew_leaf: 0]
[stochastic_rounding: 1]
[linear_tree: 0]
[max_bin: 255]
[max_bin_by_feature: ]
[min_data_in_bin: 3]
[bin_construct_sample_cnt: 200000]
[data_random_seed: 42]
[is_enable_sparse: 1]
[enable_bundle: 1]
[use_missing: 1]
[zero_as_missing: 0]
[feature_pre_filter: 1]
[pre_partition: 0]
[two_round: 0]
[header: 0]
[label_column: ]
[weight_column: ]
[group_column: ]
[ignore_column: ]
[categorical_feature: ]
[forcedbins_filename: ]
[precise_float_parser: 0]
[parser_config_file: ]
[objective_seed: 16083]
[num_class: 1]
[is_unbalance: 0]
[scale_pos_weight: 1]
[sigmoid: 1]
[boost_from_average: 1]
[reg_sqrt: 0]
[alpha: 0.9]
[fair_c: 1]
[poisson_max_delta_step: 0.7]
[tweedie_variance_power: 1.5]
[lambdarank_truncation_level: 30]
[lambdarank_norm: 1]
[label_gain: ]
[lambdarank_position_bias_regularization: 0]
[eval_at: ]
[multi_error_top_k: 1]
[auc_mu_weights: ]
[num_machines: 1]
[local_listen_port: 12400]
[time_out: 120]
[machine_list_filename: ]
[machines: ]
[gpu_platform_id: -1]
[gpu_device_id: -1]
[gpu_use_dp: 0]
[num_gpu: 1]

end of parameters

pandas_categorical:[]
