tree
version=v4
num_class=1
num_tree_per_iteration=1
label_index=0
max_feature_idx=3
objective=binary sigmoid:1
feature_names=ema_ma_ratio_close_30__160_ _trade_count_log_z_50___vol_of_vol_60_ parkinson_vol_600 buy_pressure_positive_ratio_400
feature_infos=[-0.054884784773526228:0.030614427863545863] [-6.6801053879525822:6.5176870787465209] [0.00079493983247898726:0.019018763499167222] [0.20499999999999999:0.84250000000000003]
tree_sizes=1759 1779 1818 1808 1817 1813 1809 1812 1817 1808 1814 1814 1797 1812 1801 1815 1800 1805 1821 1817 1814 1814 1589 1809 1804 1820 1816 1830 1821 1818 1812 1811 1835 1586 1826 1701 1826 1825 1673 1697 1816 1818 1590 1711 1599 1577 1823 1823 1698 1828 1820 1816 1805 1819 1818 1783 1822 1814 1672 1816 1835 1816 1830 1789 1815 1824 1695 1819 1817 1811 1824 1837 1826 1805 1818 1810 1826 1803 1798 1784 1816 1694 1827 1816 1821 1822 1836 1805 1818 1806 1791 1699 1811 1834 1822 1794 1822 1800 1818 1803 1816 1815 1582 1784 1766 1763 1778 1813 1809 1815 1556 1830 1785 1670 1808 1602 1586 1142 1766 1797 1797 1144 1120 1822 1477 1572 1809 1805 1710 1686 1585 1808 1660 1359 1478 1803 1805 1031 1450 1817 1119 1160 1560 1590 1803 1813 1757 1569 1772 1798 923 817 1462 1156 1712 1337 1004 1145 1590 1597 1576 1258 1573 1046 1252 1128 1141 1836 1258 1688 1809 1476 1665 1821 1125 1828 1813 1692 1019 1224 1573 1154 1810 1776 1026 1589 1471 1772 1587 1261 1687 997 1811 815 1566 1148 1595

Tree=0
num_leaves=15
num_cat=0
split_feature=2 2 2 2 0 0 0 0 0 0 2 0 1 0
split_gain=9365.99 2339.6 1493.04 369.492 263.681 237.242 230.132 199.944 171.664 135.939 67.5019 51.5386 41.7603 26.0068
threshold=0.0027070756574095285 0.0018374936339392381 0.0049402804779042639 0.0034190409572881493 0.00084962685549874728 0.0018131082349302585 -0.002733966124784791 -0.0049660549414077384 0.0021461270542633653 -0.0016121923316226919 0.0074696459271216525 0.0031666333971192254 0.17930766512891197 -0.0053505284069585114
decision_type=8 10 8 10 10 10 10 10 10 10 8 10 10 10
left_child=1 4 3 7 9 6 -3 -2 -5 -1 13 -6 -7 -4
right_child=2 5 10 8 11 12 -8 -9 -10 -11 -12 -13 -14 -15
leaf_value=0.79360881793731697 0.834519813190712 0.81644644006079903 0.84310019618208532 0.82356916957584825 0.78742585611465832 0.81041319896012665 0.79919496404732893 0.81592257084403275 0.83251502200503236 0.76939821948964926 0.84456569283888938 0.80811717538298711 0.82044432418547908 0.83601871092709834
leaf_weight=265.3750205039978 552.65198580920696 777.20008008182049 720.63777603209019 6660.7429024577141 741.26387938857079 1020.0352350622416 6078.5339231789112 7029.2484397441149 2767.0874533802271 2808.1270198523998 1792.5572298467159 146.50912590324879 572.21488796174526 3766.921865567565
leaf_count=1248 2599 3655 3389 31324 3486 4797 28586 33057 13013 13206 8430 689 2691 17715
internal_value=0.815664 0.794624 0.826881 0.822253 0.775619 0.803579 0.801158 0.817309 0.826216 0.771391 0.839375 0.790653 0.814064 0.837228
internal_weight=35699.1 12409.3 23289.8 17009.7 3961.28 8447.98 6855.73 7581.9 9427.83 3073.5 6280.12 887.773 1592.25 4487.56
internal_count=167885 58358 109527 79993 18629 39729 32241 35656 44337 14454 29534 4175 7488 21104
is_linear=0
shrinkage=1


Tree=1
num_leaves=15
num_cat=0
split_feature=0 0 0 0 0 0 1 1 0 0 1 0 3 1
split_gain=1999.19 2366.68 753.587 765.244 150.519 123.808 86.1731 35.3615 33.8196 25.0464 6.3446 7.09112 5.58713 2.24715
threshold=-0.003832532432603421 0.0023819043545426229 -0.0012954243712309228 0.00084962685549874728 0.0047168589773173902 -0.0051556924144032226 0.62538792622324701 0.40484675479734733 -0.009143318059400397 0.0027063659757853818 -1.0192571683505336 -0.0041502997841843673 0.65375000000000016 -1.1651099638493381
decision_type=10 10 10 10 10 10 8 10 10 10 10 10 10 10
left_child=5 2 6 -4 9 8 -2 -6 -1 -3 11 -7 -12 -10
right_child=1 4 3 -5 7 10 -8 -9 13 -11 12 -13 -14 -15
leaf_value=0.029386271738666207 0.00044237277422346974 0.0038014603396757862 -0.01405224424295606 -0.00095832324002416295 0.015000811422345325 0.01092089361238424 0.0090230662194958951 0.022347075556308434 0.014964361690107921 0.0097636554323038052 0.0146402412852886 0 0.0061422510614246905 0.021903287652189778
leaf_weight=878.37118636071682 4376.7669616341591 847.25339603424072 12620.057419314981 5907.6411273777485 2260.3163383305073 167.1896947324276 1384.810896679759 967.25637491047382 204.14520990848541 3368.3554254621267 1036.183915361762 88.607879772782326 123.90742513537407 1474.8003179579973
leaf_count=4168 20599 3995 59092 27774 10685 789 6517 4575 967 15900 4890 418 584 6983
internal_value=0.00011214 -0.00240014 -0.00693706 -0.00988319 0.0123866 0.0201474 0.00252722 0.0172831 0.0241312 0.0085914 0.0127913 0.00744956 0.0138441 0.0211887
internal_weight=35705.7 31732.5 24289.3 18527.7 7443.18 3973.21 5761.58 3227.57 2557.32 4215.61 1415.89 255.798 1160.09 1678.95
internal_count=167936 149137 113982 86866 35155 18799 27116 15260 12118 19895 6681 1207 5474 7950
is_linear=0
shrinkage=0.03


Tree=2
num_leaves=15
num_cat=0
split_feature=2 2 2 2 0 0 0 0 0 2 2 0 0 1
split_gain=8556.59 2181.42 1461.58 282.88 232.2 228.658 213.723 187.503 159.992 134.854 125.174 51.0953 33.2177 30.6228
threshold=0.0027070756574095285 0.0018374936339392381 0.0046771635379937336 0.0035021854839194923 0.0018131082349302585 0.00084962685549874728 -0.0028051028737475108 -0.0049660549414077384 0.0021461270542633653 0.0055675591397784992 0.001445588710339061 0.0030305325383313485 -0.0065479513879402066 -0.21819266326705192
decision_type=8 10 8 10 10 10 10 10 10 8 10 10 10 10
left_child=1 5 3 7 6 10 -3 -2 -5 12 -1 -7 -4 -6
right_child=2 4 9 8 13 11 -8 -9 -10 -11 -12 -13 -14 -15
leaf_value=-0.049245951164099057 0.017895934052362544 0.0011171017716667339 0.027725334481757131 0.0069972415340784537 -0.0053026614063307071 -0.027667287424529858 -0.015677637471520275 0.00051905358088618931 0.016755056971959142 0.025017090789601043 -0.036088471952384273 -0.0079404231886360758 0.015058214880552308 0.0029702700057821869
leaf_weight=1406.4271664619446 592.67182536423206 757.86502929031849 225.68972188234329 5424.1868427842855 775.77912180125713 736.49713492393494 6156.3829177170992 7833.4052648991346 2128.5252306461334 4561.9170555025339 1736.2520538419485 163.15583708882332 2419.3783377707005 808.84660091996193
leaf_count=6472 2832 3579 1082 25570 3652 3427 28676 36838 10120 21737 8001 768 11473 3819
internal_value=-0.000165311 -0.0201202 0.0106297 0.00555964 -0.0114576 -0.038245 -0.0138292 0.00176818 0.00977367 0.0218391 -0.0421333 -0.0242823 0.016262 -0.00105011
internal_weight=35727 12541.2 23185.8 15978.8 8498.87 4042.33 6914.25 8426.08 7552.71 7206.99 3142.68 899.653 2645.07 1584.63
internal_count=168046 58394 109652 75360 39726 18668 32255 39670 35690 34292 14473 4195 12555 7471
is_linear=0
shrinkage=0.03


Tree=3
num_leaves=15
num_cat=0
split_feature=2 2 2 2 0 0 2 0 0 0 1 2 1 0
split_gain=8032 2057.69 1409.98 307.45 193.627 195.763 191.115 167.403 162.857 79.848 64.3109 60.8678 34.956 22.8964
threshold=0.0027070756574095285 0.0018374936339392381 0.0049402804779042639 0.0035021854839194923 0.0020201149905654595 -0.002733966124784791 0.0016064990190196478 0.0021900459649415479 -0.0018851828256214898 0.00093289548222463218 2.4564214737292143 0.0074696459271216525 0.010709347827261019 -0.0046363695387136661
decision_type=8 10 8 10 10 10 10 10 10 10 10 8 10 10
left_child=1 6 3 8 5 -3 10 -5 -2 -8 -1 13 -6 -4
right_child=2 4 11 7 12 -7 9 -9 -10 -11 -12 -13 -14 -15
leaf_value=-0.042543516480437749 0.0095082258843866702 0.0012827650938300426 0.026010393475968882 0.0074216518119232635 -0.004588977074351297 -0.014532189873033714 -0.03197164506653951 0.016795295787376707 -0.0002843899738294682 -0.015495733914699751 -0.014392945154743791 0.027912249727435848 0.0048604173950650862 0.019586281612910983
leaf_weight=2538.5626999735832 1989.30272115767 783.19044379889965 804.88751205801964 6065.4579879194498 835.13201139867306 6316.5873554199934 1043.0511164814234 2428.6541064828634 6442.2190112620592 417.99654667079449 95.250258952379227 1737.5251396149397 591.85458338260651 3595.1120141744614
leaf_count=11542 9437 3699 3900 28685 3927 29260 4747 11625 30288 1935 433 8387 2801 17212
internal_value=4.74039e-05 -0.0191816 0.0105771 0.00609855 -0.0107552 -0.0127798 -0.0366443 0.0101254 0.00202746 -0.0274362 -0.0416065 0.0228879 -0.000621458 0.0208314
internal_weight=35684.8 12621.6 23063.2 16925.6 8526.76 7099.78 4094.86 8494.11 8431.52 1461.05 2633.81 6137.52 1426.99 4400
internal_count=167878 58344 109534 80035 39687 32959 18657 40310 39725 6682 11975 29499 6728 21112
is_linear=0
shrinkage=0.03


Tree=4
num_leaves=15
num_cat=0
split_feature=2 2 2 2 0 0 0 0 0 2 2 0 0 3
split_gain=7602.16 1760.23 1355.88 305.39 210.269 197.998 175.329 161.252 149.308 109.219 65.3015 47.7043 24.0376 23.7832
threshold=0.0027070756574095285 0.0018374936339392381 0.0049402804779042639 0.0035021854839194923 0.00084962685549874728 0.0018979333651366708 -0.0028051028737475108 -0.0049660549414077384 0.0021461270542633653 0.001445588710339061 0.0074696459271216525 0.0031002019267661832 -0.0034608320513114669 0.38375000000000009
decision_type=8 10 8 10 10 10 10 10 10 10 8 10 10 10
left_child=1 4 3 7 9 6 -3 -2 -5 -1 12 -6 -4 -7
right_child=2 5 10 8 11 13 -8 -9 -10 -11 -12 -13 -14 -15
leaf_value=-0.045060591006317541 0.016865481223676659 0.00064430497537395581 0.02452747230803589 0.007264140216564823 -0.024663381050583633 0.009150379840575611 -0.014666961040626664 0.00063046959926421598 0.016075112163175254 -0.032897121624236123 0.027587858340090306 -0.0052984301542725511 0.018714606649524134 -0.0024270362069745192
leaf_weight=1441.2522168755531 583.38393785059452 744.23395255208015 1109.8115580230951 5971.8025643676519 764.66738064587116 169.91226533055305 6296.7275670170784 7810.9855075478554 2481.1030908674002 1750.91498054564 1718.6077160686255 151.51811577379704 3246.1596973389387 1345.6543137431145
leaf_count=6430 2819 3518 5419 28324 3485 800 29010 36762 11956 7869 8393 705 15663 6340
internal_value=-6.11028e-05 -0.0187081 0.0102429 0.00585006 -0.0348355 -0.0109261 -0.0130414 0.00178462 0.00987337 -0.0385312 0.0223865 -0.0216174 0.0202621 -0.00103827
internal_weight=35586.7 12664.9 22921.9 16847.3 4108.35 8556.53 7040.96 8394.37 8452.91 3192.17 6074.58 916.185 4355.97 1515.57
internal_count=167493 58157 109336 79861 18489 39668 32528 39581 40280 14299 29475 4190 21082 7140
is_linear=0
shrinkage=0.03


Tree=5
num_leaves=15
num_cat=0
split_feature=2 2 2 0 0 0 0 0 0 2 0 2 0 1
split_gain=7218.43 1776.11 1299.61 256.633 241.986 177.93 164.15 159.164 114.807 105.054 49.2883 42.7806 33.1133 22.2573
threshold=0.0027070756574095285 0.0018374936339392381 0.0046771635379937336 -0.0047907054333534817 0.0024830039026835491 0.0018131082349302585 0.00084962685549874728 -0.0036391420074520071 -0.0015685262580415363 0.0052406116286393594 0.0029621956307032174 0.0074696459271216525 -0.0053505284069585114 0.65721629996608555
decision_type=8 10 8 10 10 10 10 10 10 8 10 8 10 10
left_child=1 6 3 -2 -5 7 8 -3 -1 12 -8 -11 -4 -7
right_child=2 5 9 4 -6 13 10 -9 -10 11 -12 -13 -14 -15
leaf_value=-0.018246509505835371 0.018759390596452 0.0044220298311038351 0.026320373374662177 0.0020812410799697333 0.011154211896656434 -0.0030472122971275215 -0.025729218326410241 -0.013509221984012396 -0.039187186877893902 0.020903108111824935 -0.0070795309461571723 0.027256534705893957 0.012615586056035756 0.0054080568749907791
leaf_weight=296.2247129380703 1177.0647614598274 468.09483523666859 191.31578579545021 11234.496346399188 3463.9200643897057 1240.5412756800652 747.24349729716778 6553.1226597726345 2953.9372475296259 3510.4877043515444 176.07220605015755 1705.4974085837603 1567.4144174903631 348.21130712330341
leaf_count=1329 5686 2217 939 53078 16616 5828 3376 30065 13054 17146 816 8428 7562 1649
internal_value=-2.11013e-05 -0.0180669 0.0100754 0.00532184 0.00422964 -0.0102508 -0.0341143 -0.0123006 -0.0373588 0.0208636 -0.0223511 0.0230402 0.0142807 -0.00113428
internal_weight=35633.6 12783.4 22850.2 15875.5 14698.4 8609.97 4173.48 7021.22 3250.16 6974.72 923.316 5215.99 1758.73 1588.75
internal_count=167789 58334 109455 75380 69694 39759 18575 32282 14383 34075 4192 25574 8501 7477
is_linear=0
shrinkage=0.03


Tree=6
num_leaves=15
num_cat=0
split_feature=0 0 0 0 0 0 1 0 1 0 1 3 3 1
split_gain=1716.8 1806.16 714.231 390.796 251.467 117.031 113.935 70.2755 34.9202 28.6395 11.7642 7.24815 4.40186 2.43023
threshold=-0.0037312769321812271 0.0016563620401740592 -0.00091338571587651232 0.00079339463704917177 0.0047168589773173902 -0.0055551076254080328 0.79281428166418455 0.0027063659757853818 0.67426724709896646 -0.0097776924312434326 -1.0704869886318611 0.65375000000000016 0.43625000000000008 -0.43610339862533021
decision_type=10 10 10 10 10 10 10 10 10 8 10 10 10 8
left_child=5 2 6 -4 7 9 -2 -3 -6 -1 12 -12 -7 -11
right_child=1 4 3 -5 8 10 -8 -9 -10 13 11 -13 -14 -15
leaf_value=0.029062867707842319 -0.0012683722791192249 0.0018991661982165422 -0.013764479657745224 -0.0025999908779441431 0.013582586306520384 0.00070105885771361146 0.0081100962546484107 0.0081596998873660967 0.021656221544125397 0.017512176043588734 0.014596882359860839 0.0064315120203887318 0.0090947290806420861 0.022391847117165457
leaf_weight=663.92559456825256 5741.056147351861 3227.0669958740473 10983.163023769855 3822.3709287643433 2402.9404095858335 103.56491957604885 1450.9718834161758 3296.8398713767529 697.68330143392086 625.8304371535778 1339.9311057925224 159.93963359296322 189.91761527955532 877.05207449197769
leaf_count=3308 26990 15272 50404 17859 11670 500 6839 15855 3406 3075 6469 767 913 4322
internal_value=-4.5392e-05 -0.00238096 -0.00712415 -0.0108899 0.00844984 0.0185482 0.000624011 0.00507974 0.0154823 0.0232927 0.012685 0.0138143 0.00645115 0.0205287
internal_weight=35582.3 31622.1 21997.6 14805.5 9624.53 3960.16 7192.03 6523.91 3100.62 2166.81 1793.35 1499.87 293.483 1502.88
internal_count=167649 148295 102092 68263 46203 19354 33829 31127 15076 10705 8649 7236 1413 7397
is_linear=0
shrinkage=0.03


Tree=7
num_leaves=15
num_cat=0
split_feature=2 2 2 2 1 2 3 2 1 1 1 1 2 2
split_gain=6641.89 1534.78 1174.12 267.057 172.124 167.652 118.706 50.9082 50.1922 46.2915 40.0481 36.4719 35.2473 17.4463
threshold=0.0027070756574095285 0.0018374936339392381 0.0049859152011909958 0.0034190409572881493 0.36396005852626095 0.0016064990190196478 0.42875000000000002 0.0074696459271216525 1.0161750266758363 -0.11783368501460188 1.2716954758469721 0.19055655952459163 0.0020449271461166637 0.0053927673544491841
decision_type=8 10 8 10 10 10 10 8 10 10 10 10 10 10
left_child=1 5 3 10 6 8 -3 13 -1 -5 -2 -7 -6 -4
right_child=2 4 7 9 12 11 -8 -9 -10 -11 -12 -13 -14 -15
leaf_value=-0.038623407021971493 0.00071351589826337196 -0.019532804823035564 0.015510940989651386 0.0070760955308067424 -0.010262193218910349 -0.027482470417316981 -0.010031161375111402 0.026050240940266593 -0.026138671464490761 0.011394877031069837 0.0072991302539398882 -0.016755051927679284 -0.0019175808341643046 0.020702633145769873
leaf_weight=2250.2041766345501 6618.1651050299406 1711.0069831907749 1083.5581648647785 4903.1070087701082 577.90581944584846 900.59791713953018 4164.4453902542591 1672.8631368130445 480.8065150231123 4448.0129559487104 946.52958633005619 577.46155582368374 2189.3226389437914 3086.1532236784697
leaf_count=9837 31290 7845 5326 23513 2648 3994 19151 8406 2104 21348 4473 2561 10079 15264
internal_value=3.70418e-05 -0.0171948 0.00977385 0.00575779 -0.00993001 -0.0320389 -0.0128368 0.0213615 -0.0365507 0.00914678 0.00155401 -0.0234725 -0.00371254 0.0194082
internal_weight=35610.1 12851.8 22758.4 16915.8 8642.68 4209.07 5875.45 5842.57 2731.01 9351.12 7564.69 1478.06 2767.23 4169.71
internal_count=167839 58219 109620 80624 39723 18496 26996 28996 11941 44861 35763 6555 12727 20590
is_linear=0
shrinkage=0.03


Tree=8
num_leaves=15
num_cat=0
split_feature=2 2 2 2 0 0 0 0 0 2 2 0 0 2
split_gain=6136.74 1373.38 1169.31 223.456 172.636 150.58 148.392 148.24 134.298 113.344 101.491 46.798 29.8257 23.1286
threshold=0.0027070756574095285 0.0018374936339392381 0.0046771635379937336 0.0035021854839194923 0.00084962685549874728 0.0020201149905654595 -0.0036391420074520071 -0.0022166544134780315 0.0021461270542633653 0.001445588710339061 0.0053927673544491841 0.0031002019267661832 -0.0065479513879402066 0.0074696459271216525
decision_type=8 10 8 10 10 10 10 10 10 10 8 10 10 10
left_child=1 4 3 7 9 6 -3 -2 -5 -1 12 -6 -4 -12
right_child=2 5 10 8 11 -7 -8 -9 -10 -11 13 -13 -14 -15
leaf_value=-0.040074466142138512 0.0094431975039234398 0.0047922871802795379 0.026358867765651817 0.0061926966050950332 -0.021588450073860985 -0.00060237488236980605 -0.012462440215298557 -0.00044021984550573714 0.015251334106263351 -0.028167853145574948 0.020523548672053523 -0.0031221913271155944 0.012959460278469843 0.025739856545417186
leaf_weight=1498.0551346093416 1704.1953626424074 470.11196506023407 176.0817614197731 5367.5370242148638 779.1762810498476 1422.8882246315479 6760.2093315273523 6670.089791610837 2060.5904842764139 1824.2947764396667 3123.5402478724718 160.15469819307327 1974.2031504660845 1560.1367540508509
leaf_count=6432 8212 2234 892 25639 3458 6698 30699 31427 10120 7931 15602 737 9662 7931
internal_value=2.43647e-05 -0.016468 0.00943962 0.00494469 -0.0303981 -0.00957331 -0.0113272 0.0015728 0.00873079 -0.0336587 0.0198022 -0.0185692 0.0142014 0.022325
internal_weight=35551.3 12914.9 22636.4 15802.4 4261.68 8653.21 7230.32 8374.29 7428.13 3322.35 6833.96 939.331 2150.28 4683.68
internal_count=167674 58189 109485 75398 18558 39631 32933 39639 35759 14363 34087 4195 10554 23533
is_linear=0
shrinkage=0.03


Tree=9
num_leaves=15
num_cat=0
split_feature=2 2 2 2 1 2 3 2 1 1 1 1 2 2
split_gain=5840.94 1367.92 1098.84 260.533 167.531 106.249 86.2007 51.4538 50.2205 46.2615 33.0018 25.9209 25.8258 14.4098
threshold=0.0027070756574095285 0.0018374936339392381 0.0049859152011909958 0.0034434709815845299 0.39114199491900309 0.0016064990190196478 0.43125000000000008 0.0074696459271216525 -0.10759265303183205 2.1376717743595877 0.19055655952459163 0.83104242237676273 0.0020449271461166637 0.0053927673544491841
decision_type=8 10 8 10 10 10 10 8 10 10 10 10 10 10
left_child=1 5 3 11 6 9 -3 13 -5 -1 -7 -2 -6 -4
right_child=2 4 7 8 12 10 -8 -9 -10 -11 -12 -13 -14 -15
leaf_value=-0.034364425013530743 0.0005156045895213881 -0.017431156694202754 0.015034003189052235 0.0067159061705920446 -0.0085381080226420176 -0.026694021960998387 -0.0094554215301449057 0.025431512268124845 0.011284358253354922 -0.015015291013554501 -0.016559981706977409 0.0048400003938308253 -0.001298663287550228 0.019901106624571174
leaf_weight=2630.8991376459599 6244.2233605831861 1796.5343794226646 1057.6243304312229 4765.9769816994667 561.04203642904758 935.50894711911678 4199.9612447172403 1625.6368516683578 4260.2339726388454 150.77847525477409 589.25027601420879 1563.8934965133667 2146.7875623255968 3013.3394988626242
leaf_count=11282 29558 8157 5266 23013 2553 4085 19183 8364 20627 651 2581 7414 9841 15180
internal_value=4.20732e-05 -0.0159533 0.00928442 0.00541929 -0.00908315 -0.0297723 -0.01188 0.0206665 0.00888889 -0.0333947 -0.0229502 0.0013945 -0.00284659 0.0186913
internal_weight=35541.7 13010.8 22530.9 16834.3 8704.33 4306.44 5996.5 5696.6 9026.21 2781.68 1524.76 7808.12 2707.83 4070.96
internal_count=167755 58333 109422 80612 39734 18599 27340 28810 43640 11933 6666 36972 12394 20446
is_linear=0
shrinkage=0.03


Tree=10
num_leaves=15
num_cat=0
split_feature=2 2 2 0 0 0 1 0 0 2 0 0 1 2
split_gain=5497.9 1250.16 1089.93 226.203 214.226 164.218 147.828 115.195 110.046 98.8815 47.7161 44.4383 33.25 30.5998
threshold=0.0027070756574095285 0.001867979531125979 0.0046771635379937336 -0.0051556924144032226 0.0027063659757853818 0.00093289548222463218 0.36396005852626095 -0.0015685262580415363 0.0027063659757853818 0.0052406116286393594 0.0030305325383313485 0.002285420124053529 -0.39726467404666471 0.0074696459271216525
decision_type=8 10 8 10 10 10 10 10 10 8 10 10 10 8
left_child=1 5 3 -2 -5 7 8 -1 -3 12 -7 -8 -4 -11
right_child=2 6 9 4 -6 10 11 -9 -10 13 -12 -13 -14 -15
leaf_value=-0.013397173172830205 0.018407677370030132 -0.012988946777940429 0.0075712425054814897 0.0018392858810009174 0.010685628925551057 -0.020126870029931011 -0.0044696581313937653 -0.033152900008058629 -0.00025462650943113084 0.019408170664607313 -0.0025951214836692996 0.0067513076767556123 0.016341565730669479 0.025026699780135397
leaf_weight=321.6092317700386 1002.6875744014978 5141.7244122028351 737.7346218675375 11634.902902334929 3126.8304019570351 749.86837321519852 2394.0594266504049 3188.47673638165 704.29621690511703 3382.6415189057589 185.12901809811592 353.16300849616528 1000.0216781198978 1609.5533434599638
leaf_count=1401 4970 23252 3646 55288 15273 3285 10883 13558 3292 17171 845 1681 4958 8383
internal_value=1.26547e-05 -0.0154788 0.00899746 0.00467203 0.00372315 -0.0283859 -0.00877005 -0.031403 -0.0114681 0.0190986 -0.0167833 -0.00298616 0.0127172 0.0212781
internal_weight=35532.7 13038.3 22494.4 15764.4 14761.7 4445.08 8593.24 3510.09 5846.02 6729.95 934.997 2747.22 1737.76 4992.19
internal_count=167886 58197 109689 75531 70561 19089 39108 14959 26544 34158 4130 12564 8604 25554
is_linear=0
shrinkage=0.03


Tree=11
num_leaves=15
num_cat=0
split_feature=2 2 2 2 0 0 0 0 0 2 2 2 0 2
split_gain=5222.9 1148.15 1001.62 215.639 138.913 130.475 130.118 126.656 125.538 92.0078 85.1074 40.5879 27.3837 21.0888
threshold=0.0027070756574095285 0.0018374936339392381 0.0047080774960687015 0.0034190409572881493 0.0027063659757853818 -0.0018851828256214898 -0.0028051028737475108 0.00093289548222463218 0.0021461270542633653 0.001445588710339061 0.0055675591397784992 0.0017372338072111071 -0.0037312769321812271 0.0074696459271216525
decision_type=8 10 8 10 10 10 10 10 10 10 8 10 10 10
left_child=1 7 3 5 6 -2 -3 9 -5 -1 12 -9 -4 -12
right_child=2 4 10 8 -6 -7 -8 11 -10 -11 13 -13 -14 -15
leaf_value=-0.035954636676921933 0.0080904532088654502 0.0015057422421454246 0.021323721240160076 0.005720899979003889 0.0017047059581844013 -0.0011823850190181789 -0.011402626687101642 -0.02006409603395164 0.0140074551838193 -0.02541668579685551 0.019352142089584877 -0.0028053093647951947 0.012253155354508265 0.024535740887535955
leaf_weight=1563.3410600572824 1778.7994381785393 769.5055360943079 405.7652880102396 6019.132403254509 997.59228259325027 5740.2856799215078 7016.8366475701332 726.87733732163906 2297.4760267436504 1890.3245882987976 2670.5260827541351 161.4437321126461 1956.3185318559408 1508.8875814974308
leaf_count=6550 8608 3604 2089 28943 4692 27069 31557 3176 11420 8038 13720 717 9762 7954
internal_value=-1.52141e-05 -0.0150342 0.00879464 0.00470456 -0.00876889 0.00101116 -0.0101189 -0.0276459 0.00803135 -0.0302942 0.0186645 -0.0170604 0.0139199 0.021292
internal_weight=35503.1 13125.9 22377.2 15835.7 8783.93 7519.09 7786.34 4341.99 8316.61 3453.67 6541.5 888.321 2362.08 4179.41
internal_count=167899 58334 109565 76040 39853 35677 35161 18481 40363 14588 33525 3893 11851 21674
is_linear=0
shrinkage=0.03


Tree=12
num_leaves=15
num_cat=0
split_feature=2 2 2 0 0 1 0 0 0 2 0 0 2 0
split_gain=4850.12 1225.53 841.56 189.86 195.251 146.102 131.76 102.359 97.7257 85.3019 47.2421 35.1149 26.9531 26.0298
threshold=0.0028156294542010106 0.001867979531125979 0.0046771635379937336 -0.0047907054333534817 0.0012373289577195512 0.36396005852626095 0.00093289548222463218 0.0027063659757853818 -0.001702239153931625 0.0053927673544491841 -0.0026645119348182159 0.0030305325383313485 0.0074696459271216525 -0.0065479513879402066
decision_type=8 10 8 10 10 10 10 10 10 8 10 10 8 10
left_child=1 6 3 -2 -5 7 8 -3 -1 13 -7 -8 -11 -4
right_child=2 5 9 4 -6 10 11 -9 -10 12 -12 -13 -14 -15
leaf_value=-0.011301268632504306 0.017061103044076854 -0.01138187774751182 0.024496000907236255 0.0012403720801900861 0.0086839605714182956 0.010007680605616184 -0.018913992530704242 0 -0.030519362734329827 0.018396746823498952 -0.0032141298238675866 -0.0038566641957638345 0.023873047734063471 0.011616783339876171
leaf_weight=284.36973522603512 1093.1160896122456 5839.5744660496712 164.77864269912243 8346.3280581533909 5132.4377853423357 254.37592688202858 770.91407708823681 812.62214827537537 3300.0996525138617 2939.3994971811771 2853.4369824230671 189.76488633453846 1568.2765025049448 1913.5957072973251
leaf_count=1226 5463 26354 864 39704 25017 1205 3342 3813 13838 15212 13018 862 8368 9579
internal_value=-1.2819e-05 -0.0135019 0.00910656 0.00507219 0.00408352 -0.00748743 -0.0263591 -0.00999589 -0.0290471 0.0180024 -0.00208405 -0.0160719 0.0203639 0.012779
internal_weight=35463.1 14305.2 21157.9 14571.9 13478.8 9760.01 4545.15 6652.2 3584.47 6586.05 3107.81 960.679 4507.68 2078.37
internal_count=167865 63658 104207 70184 64721 44390 19268 30167 15064 34023 14223 4204 23580 10443
is_linear=0
shrinkage=0.03


Tree=13
num_leaves=15
num_cat=0
split_feature=2 2 2 2 1 2 2 1 1 1 2 1 2 2
split_gain=4598.92 1124.3 871.434 170.951 144.431 121.678 101.557 63.4361 51.79 45.6635 32.1639 22.9455 19.9516 1.62416
threshold=0.0028156294542010106 0.0018374936339392381 0.0052406116286393594 0.0034434709815845299 0.8489086169884742 0.0024039869930330819 0.0016064990190196478 1.613000334612485 -0.51472807222262118 0.19055655952459163 0.0074696459271216525 0.27361477342269752 0.0020449271461166637 0.0069216452242156648
decision_type=8 10 8 10 10 10 10 10 10 10 8 10 10 10
left_child=1 6 3 11 5 -3 7 -1 -5 -8 13 -2 -6 -4
right_child=2 4 10 8 12 -7 9 -9 -10 -11 -12 -13 -14 -15
leaf_value=-0.030668767211043821 0.0004893697118909697 -0.012736280893605951 0.018605207103630509 0.0050848504299725933 -0.0065652128392085897 -0.0052069350451746021 -0.023391954463109512 -0.014119806713684029 0.0097378041458835857 -0.012147743704235084 0.023820247217764639 0.0042151199465831311 0.0011273629492303218 0.014635972719886771
leaf_weight=2601.682864010334 4375.3460687994957 4344.5213023126125 2805.0817702114582 3499.1918407231569 361.89140565693378 3577.1575275659561 949.20495830476284 269.17985652387142 6088.2320547997952 597.8719018548727 1557.9149570018053 2282.0582816451788 1622.0940786600113 506.36237266659737
leaf_count=10856 20824 19523 14602 17139 1632 16338 4040 1130 29933 2558 8413 10871 7439 2650
internal_value=-6.11002e-05 -0.0131789 0.00883704 0.00548849 -0.00754363 -0.0093547 -0.0257549 -0.0291923 0.0080529 -0.0191911 0.0199618 0.00177991 -0.000271609 0.0180622
internal_weight=35437.8 14323.6 21114.2 16244.8 9905.66 7921.68 4417.94 2870.86 9587.42 1547.08 4869.36 6657.4 1983.99 3311.44
internal_count=167948 63516 104432 78767 44932 35861 18584 11986 47072 6598 25665 31695 9071 17252
is_linear=0
shrinkage=0.03


Tree=14
num_leaves=15
num_cat=0
split_feature=0 0 0 0 0 0 1 0 1 0 1 3 3 1
split_gain=1187.1 1251.45 551.435 242.649 213.816 86.8154 77.2887 40.7602 37.006 35.4321 7.10527 8.92405 5.82746 1.07115
threshold=-0.0037312769321812271 0.0016563620401740592 -0.0010397748304740357 0.00084962685549874728 0.0047168589773173902 -0.0051556924144032226 0.79281428166418455 0.0027063659757853818 0.2991710790823468 -0.0097776924312434326 -1.0581604452977842 0.41875000000000001 0.65375000000000016 -1.2892980198657746
decision_type=10 10 10 10 10 10 10 10 10 8 10 8 10 8
left_child=5 2 6 -4 7 9 -2 -3 -6 -1 11 -7 -12 -11
right_child=1 4 3 -5 8 10 -8 -9 -10 13 12 -13 -14 -15
leaf_value=0.026061249094129466 -0.0001028309482918999 0.0017429759481607176 -0.010857154379220069 -0.0019169042732620504 0.011366854045363334 -0.004157411528063283 0.0079656349554716472 0.0065580655019254631 0.018781642164325971 0.010959589030198469 0.011751455770219962 0.0079232549993380336 0.003861945818485227 0.01741610915838682
leaf_weight=619.78545643389225 5257.6079729795456 3196.9803644418716 12028.806783005595 3562.9276556372643 2011.4608664363623 61.284024029970169 1326.5351788252592 3228.4396238476038 994.35467778146267 144.1699530184269 1108.8344911038876 191.761803150177 130.19135524332523 1551.9369639605284
leaf_count=3320 24876 15250 54340 16629 10140 302 6353 15902 5076 744 5492 940 631 8032
internal_value=5.29089e-05 -0.00185352 -0.00574742 -0.00882057 0.00729234 0.0158559 0.00152327 0.00417806 0.0138938 0.0195304 0.0100206 0.00472257 0.0110081 0.0169699
internal_weight=35415.1 31607.1 22175.9 15591.7 9431.24 3807.96 6584.14 6425.42 3005.82 2315.89 1492.07 253.046 1239.03 1696.11
internal_count=168027 148566 102198 70969 46368 19461 31229 31152 15216 12096 7365 1242 6123 8776
is_linear=0
shrinkage=0.03


Tree=15
num_leaves=15
num_cat=0
split_feature=2 2 2 0 0 1 0 2 0 2 0 2 0 2
split_gain=4243.5 982.013 791.698 174.34 188.885 140.205 97.1882 94.3424 77.1562 47.6489 43.5344 37.009 21.6779 10.5087
threshold=0.0028156294542010106 0.001867979531125979 0.0049402804779042639 -0.0051556924144032226 0.0012995561505921398 0.36396005852626095 0.00084962685549874728 0.0024039869930330819 -0.0016121923316226919 0.0074696459271216525 -0.0026645119348182159 0.0010889261252982538 -0.0068428042098904142 0.0032662870358655155
decision_type=8 10 8 10 10 10 10 10 10 10 10 10 8 10
left_child=1 6 3 13 -5 7 8 -3 -1 12 -7 -8 -4 -2
right_child=2 5 9 4 -6 10 11 -9 -10 -11 -12 -13 -14 -15
leaf_value=-0.011174836979941451 0.011532828061372503 -0.012778973108216752 0.023406109656500657 0.0016582206412761094 0.0087689272537039582 0.0099180396001878526 -0.033929864431394778 -0.005551678875755345 -0.027697591045728717 0.023323945091439358 -0.0028570211590590372 -0.013238958352348238 0.01570621457003251 0.019575637385862512
leaf_weight=309.82511340081692 318.0967762619257 3647.2019761651754 450.35942961275578 8958.81082457304 5404.2456303685904 250.54191449284554 86.425304785370827 3045.3579243719578 3239.4846607744694 1449.8990222811699 2874.1262409836054 936.75578525662422 3662.5808447748423 688.81433223187923
leaf_count=1324 1631 16279 2464 42756 26646 1194 366 13857 13401 7962 13072 4058 19128 3519
internal_value=0.000101463 -0.0124333 0.00872286 0.00520112 0.00434211 -0.0070634 -0.023909 -0.00951243 -0.0263076 0.0184158 -0.00178518 -0.0153562 0.0166186 0.0172322
internal_weight=35322.5 14389.7 20932.8 15370 14363.1 9817.23 4572.49 6692.56 3549.31 5562.84 3124.67 1023.18 4112.94 1006.91
internal_count=167657 63551 104106 74552 69402 44402 19149 30136 14725 29554 14266 4424 21592 5150
is_linear=0
shrinkage=0.03


Tree=16
num_leaves=15
num_cat=0
split_feature=0 0 0 0 0 1 0 0 0 1 1 3 3 1
split_gain=1136.31 1134.46 485.727 260.376 176.752 101.057 90.6183 31.3882 30.6375 28.7663 9.85249 8.56548 8.13008 6.81056
threshold=-0.0037312769321812271 0.0016563620401740592 -0.00074431215373777957 0.00065871034215193565 0.0047168589773173902 0.7066987578807753 -0.0053505284069585114 0.0027063659757853818 -0.009143318059400397 0.50332940631685597 -1.0581604452977842 0.65375000000000016 0.43125000000000008 -0.12806309473469035
decision_type=10 10 10 10 10 10 10 10 8 10 10 10 10 8
left_child=6 2 5 -4 7 -2 8 -3 -1 -6 12 -12 -8 -10
right_child=1 4 3 -5 9 -7 10 -9 13 -11 11 -13 -14 -15
leaf_value=0.02499734336634683 -0.0015022160259902328 0.0018898763870855992 -0.0117375492970878 -0.0030070511408597611 0.01097036503859691 0.0065734416318613638 -0.0027049692783086433 0.0061319391101503076 0.014039906962067621 0.018046987980328041 0.011945777965197 0.0033245874679750462 0.007703270881640782 0.019586291915365987
leaf_weight=728.92913223803043 6253.3082350939512 3205.656425267458 9610.66804048419 4561.5154940634966 2174.4245952665806 1783.2286285758018 86.591415733098984 3196.6596225500107 784.66722603142262 781.53249210119247 1188.3028584569693 145.75289770960808 184.26524329185486 626.32763265073299
leaf_count=3983 29371 15333 43076 21150 11067 8494 429 15834 4097 4053 5949 711 909 3319
internal_value=-4.70747e-05 -0.00190398 -0.00559668 -0.00893585 0.0068496 0.000288179 0.0155531 0.00402354 0.019634 0.0129161 0.00998672 0.0110803 0.00418434 0.0166646
internal_weight=35311.8 31567 22208.7 14172.2 9358.27 8036.54 3744.84 6402.32 2139.92 2955.96 1604.91 1334.06 270.857 1410.99
internal_count=167775 148378 102091 64226 46287 37865 19397 31167 11399 15120 7998 6660 1338 7416
is_linear=0
shrinkage=0.03


Tree=17
num_leaves=15
num_cat=0
split_feature=2 2 2 2 0 0 0 0 0 0 2 0 3 2
split_gain=3823.85 840.771 839.823 192.73 116.054 108.734 118.381 98.3392 68.9434 56.7692 38.6662 17.8486 14.8234 12.8494
threshold=0.0027070756574095285 0.001719074333767883 0.0049402804779042639 0.0035021854839194923 -0.0019364805331244593 0.0027063659757853818 -0.0040383072127532548 0.0021461270542633653 0.0016941721477928017 -0.00066482403446349364 0.0074696459271216525 -0.0065479513879402066 0.35875000000000007 0.0024039869930330819
decision_type=8 10 8 10 10 10 10 10 10 10 10 10 10 10
left_child=1 8 3 4 -2 6 -3 -5 9 -1 11 -4 -10 -7
right_child=2 5 10 7 -6 13 -8 -9 12 -11 -12 -13 -14 -15
leaf_value=-0.018072628893816639 0.0076396329238840426 0.0069312705742738167 0.022137297372840078 0.0054472186093148904 -0.00083710019680477042 -0.0017240097257177323 -0.0098893066456410446 0.012789905354491279 0 -0.028488742320772559 0.022338606088056448 0.015297668882868411 -0.015017516873012558 0.0048461939437838509
leaf_weight=710.57026349008083 1862.9947421699762 383.7545128762722 492.54138873517513 5828.8159503638744 6449.4944648146629 630.93405397236347 8154.9321780800819 2326.9660928845406 70.947933465242386 2576.521135777235 1426.6479579508305 3572.5836104750633 336.76760442554951 442.99414603412151
leaf_count=2951 9162 1812 2760 28370 30500 2951 36043 11896 304 10602 7967 18822 1455 2092
internal_value=-1.1661e-06 -0.0126872 0.00768589 0.00428787 0.00106239 -0.00798806 -0.0091191 0.00756264 -0.0248419 -0.0263169 0.0178384 0.0161934 -0.0124612 0.000950544
internal_weight=35267.5 13307.4 21960 16468.3 8312.49 9612.61 8538.69 8155.78 3694.81 3287.09 5491.77 4065.12 407.716 1073.93
internal_count=167687 58210 109477 79928 39662 42898 37855 40266 15312 13553 29549 21582 1759 5043
is_linear=0
shrinkage=0.03


Tree=18
num_leaves=15
num_cat=0
split_feature=2 2 2 2 1 2 3 1 1 2 1 2 1 2
split_gain=3815.18 877.037 735.746 157.419 112.739 83.5406 81.4529 48.6678 44.2007 41.3302 41.1398 34.2461 31.2809 11.2286
threshold=0.0028156294542010106 0.0018374936339392381 0.0049859152011909958 0.0035021854839194923 0.36396005852626095 0.0016064990190196478 0.43125000000000008 2.1376717743595877 -0.29886915707875444 0.0074696459271216525 0.19055655952459163 0.0020449271461166637 -0.021162657617581414 0.0053927673544491841
decision_type=8 10 8 10 10 10 10 10 10 8 10 8 10 10
left_child=1 5 3 12 6 7 -3 -1 -5 13 -7 -6 -2 -4
right_child=2 4 9 8 11 10 -8 -9 -10 -11 -12 -13 -14 -15
leaf_value=-0.026736512554110536 -7.3994544912112376e-06 -0.013965300629744177 0.012794553422112975 0.0053687580613042043 -0.0084846091796761287 -0.020685131402132829 -0.0067213300804492421 -0.0086995831298723181 0.0098602813719535134 0.022384864963096277 -0.010195103470034349 -0.00046789116502905922 0.0039549029235203476 0.017226063897055444
leaf_weight=2760.1572553366423 4001.3494794666767 2027.5532804578543 999.55035980045795 3749.2610068768263 586.02763983607292 985.55547970533371 4812.3670399338007 164.83464126288891 4492.8368449211121 1501.8549101948738 605.19658525288105 2562.4253821969032 3195.6615113317966 2830.0942829400301
leaf_count=11334 19130 9014 5244 18509 2617 4133 21603 683 22349 8485 2554 11699 15309 15247
internal_value=8.76951e-05 -0.0117127 0.00833244 0.00500289 -0.00673194 -0.022677 -0.00889467 -0.0257736 0.00783338 0.0179356 -0.0168203 -0.00200119 0.00174669 0.0161214
internal_weight=35274.7 14504.1 20770.6 15439.1 9988.37 4515.74 6839.92 2924.99 8242.1 5331.5 1590.75 3148.45 7197.01 3829.64
internal_count=167910 63637 104273 75297 44933 18704 30617 12017 40858 28976 6687 14316 34439 20491
is_linear=0
shrinkage=0.03


Tree=19
num_leaves=15
num_cat=0
split_feature=2 2 2 0 0 1 0 0 1 2 0 0 0 2
split_gain=3406.23 799.47 662.953 171.802 145.059 111.461 103.667 88.4759 79.6662 44.3133 36.8727 36.257 21.43 6.2869
threshold=0.0028156294542010106 0.001867979531125979 0.0049402804779042639 -0.0051556924144032226 0.0012995561505921398 0.36396005852626095 0.00084962685549874728 -0.0041502997841843673 -0.25718352593222943 0.0074696459271216525 0.0030305325383313485 -0.002733966124784791 -0.0065479513879402066 0.0032662870358655155
decision_type=8 10 8 10 10 10 10 10 10 10 10 10 10 10
left_child=1 6 3 13 -5 7 8 -3 -1 12 -8 -7 -4 -2
right_child=2 5 9 4 -6 11 10 -9 -10 -11 -12 -13 -14 -15
leaf_value=-0.029010483047419384 0.011805674558245421 0.0073521343661411267 0.021566312923987779 0.0014200199500775509 0.0076740388668849278 0.0094980252318763916 -0.015338392772625586 -0.0091617058701718036 -0.019546003156506727 0.021690524852577431 -0.00040376860199341311 -0.0024952208266907751 0.01417856894005289 0.018643462176738332
leaf_weight=1587.4828086495399 318.51265592873096 294.53038038313389 476.95276337862015 8933.8597009927034 5354.0455252081156 234.7784436494112 854.11450131237507 6483.1536028087139 2026.3152897506952 1384.6404735743999 190.44761137664318 2891.0833949893713 3546.6957807838917 674.23276944458485
leaf_count=6494 1664 1401 2729 42751 26706 1129 3611 28852 8308 7922 851 13082 18977 3527
internal_value=4.43177e-06 -0.0111052 0.00782843 0.00462238 0.00377149 -0.00626449 -0.0213481 -0.00842547 -0.0237887 0.0168505 -0.012702 -0.00154788 0.0151205 0.0166491
internal_weight=35250.8 14561.9 20688.9 15280.7 14287.9 9903.55 4658.36 6777.68 3613.8 5408.29 1044.56 3125.86 4023.65 992.745
internal_count=168004 63728 104276 74648 69457 44464 19264 30253 14802 29628 4462 14211 21706 5191
is_linear=0
shrinkage=0.03


Tree=20
num_leaves=15
num_cat=0
split_feature=2 2 2 0 0 2 0 0 0 2 3 2 0 3
split_gain=3269.08 744.505 652.098 179.577 139.021 114.306 111.088 85.0399 93.7882 59.7298 22.4368 22.0827 19.9846 15.8791
threshold=0.0027070756574095285 0.0043497958137187591 0.0018894389554005039 -0.0047907054333534817 0.0012074677452677317 0.0053927673544491841 0.0029621956307032174 0.0018538034524133397 -0.0028051028737475108 0.001445588710339061 0.36625000000000002 0.0074696459271216525 -0.0075938501122531487 0.44625000000000009
decision_type=8 8 10 10 10 8 10 10 10 10 10 10 10 10
left_child=2 3 6 -2 -5 12 9 8 -4 -1 -9 -7 -3 -8
right_child=1 5 7 4 -6 11 13 10 -10 -11 -12 -13 -14 -15
leaf_value=-0.025861387720677653 0.015406968807321375 0.020773273819562708 0.0017776974531491456 -0.00019654357671438131 0.0061829620546799812 0.016308930007783558 0.0068681690249057948 0.011733419219486774 -0.0093017083255860205 -0.018448196103324873 -0.0013780248092389309 0.021518491231308324 0.0098564255225134356 -0.008924308722630607
leaf_weight=1878.8302518129349 982.00678080320358 170.36781819164753 757.88080812990665 8316.0343654155731 4850.9289242476225 2865.9463361054659 129.549440279603 117.88365612924099 6341.960439234972 2679.7331286668777 1404.0856175273657 1368.2175627797842 3159.4961749613285 86.851426377892494
leaf_count=7642 5127 949 3540 39577 24005 15720 577 544 27827 11121 6517 7922 16127 392
internal_value=-2.99462e-05 0.00715784 -0.0116808 0.00308655 0.00215213 0.0147514 -0.0205716 -0.00673175 -0.00810975 -0.0215666 -0.000253355 0.0180532 0.0104935 0.000150693
internal_weight=35109.8 21713 13396.8 14149 13167 7564.03 4774.96 8621.81 7099.84 4558.56 1521.97 4234.16 3329.86 216.401
internal_count=167587 109427 58160 68709 63582 40718 19732 38428 31367 18763 7061 23642 17076 969
is_linear=0
shrinkage=0.03


Tree=21
num_leaves=15
num_cat=0
split_feature=2 2 2 0 0 2 0 0 0 0 2 2 3 0
split_gain=3056.74 733.492 604.251 156.936 144.308 96.7701 92.186 92.7925 52.4792 41.3102 22.4055 17.356 15.4194 6.90223
threshold=0.0028156294542010106 0.001867979531125979 0.0052406116286393594 -0.0049660549414077384 0.0012373289577195512 0.0016064990190196478 0.0027063659757853818 -0.003832532432603421 -0.0013733188010398056 0.0031666333971192254 0.0074696459271216525 0.0032662870358655155 0.38375000000000009 -0.00029028835979325485
decision_type=8 10 8 10 10 10 10 10 10 10 10 10 10 10
left_child=1 5 3 11 -5 8 7 -3 -1 -7 -4 -2 -8 -12
right_child=2 6 10 4 -6 9 12 -9 -10 -11 13 -13 -14 -15
leaf_value=-0.0089587913510451277 0.0086790164275070952 0.0057198962415757424 0.01552068477612463 0.0014804355533841458 0.0075511413448011789 -0.015740572222831727 0.012325932283348637 -0.007667386057744436 -0.024872210886929161 0.0015289364925934106 0.023528974376225288 0.017873160752024605 0.00079063917966776178 0.017399418005443243
leaf_weight=229.15044382214546 317.79441954195499 481.47227728366852 3184.8431136906147 9035.5435452014208 5808.270429417491 1620.4758245944977 108.15351848304272 8297.8461557775736 2700.7981058061123 126.36482563614845 674.67624908685684 813.1695342361927 1056.2270345836878 678.91791069507599
leaf_count=945 1679 2308 17568 43386 29231 6728 507 36703 10979 571 3985 4353 4970 3947
internal_value=-1.60756e-05 -0.0104953 0.00745137 0.00469594 0.00386338 -0.0202873 -0.00586806 -0.00692071 -0.0236827 -0.0144556 0.0171054 0.015441 0.00200902 0.0206487
internal_weight=35133.7 14620.5 20513.2 15974.8 14843.8 4676.79 9943.7 8779.32 2929.95 1746.84 4538.44 1130.96 1164.38 1353.59
internal_count=167860 63711 104149 78649 72617 19223 44488 39011 11924 7299 25500 6032 5477 7932
is_linear=0
shrinkage=0.03


Tree=22
num_leaves=13
num_cat=0
split_feature=0 0 0 0 0 1 0 1 0 3 1 1
split_gain=818.777 875.824 291.774 330.637 88.3509 82.9604 66.8739 29.8396 19.0698 17.1316 9.61845 7.69719
threshold=-0.003832532432603421 0.0024830039026835491 -0.00091338571587651232 0.00076532002641895751 0.0047168589773173902 0.7066987578807753 -0.009143318059400397 0.16845558912892164 -0.0051556924144032226 0.60625000000000007 -0.51472807222262118 -1.4467968623974055
decision_type=10 10 10 10 10 10 8 10 10 10 10 8
left_child=6 2 5 -4 9 -2 -1 -6 11 -3 -10 -8
right_child=1 4 3 -5 7 -7 8 -9 10 -11 -12 -13
leaf_value=0.022348300596177605 -0.00070540943574068252 0.0061418814215380398 -0.0092935648806841947 -0.00079939807682309172 0.0096474081238798644 0.007043380900337121 0.0032047004443937683 0.016286404413435884 0.005249675499279168 0.00094970921046580599 0.010958859702590917 0.014598772008139025
leaf_weight=682.76987886428833 5694.213095754385 2941.8688797801733 11163.222035229206 6566.42783819139 1800.5381820648909 1577.2118135690689 76.406081065535545 1068.6122620552778 531.77446900308132 749.74225750565529 775.88714525103569 1402.476765409112
leaf_count=3957 26957 14772 49755 30939 9408 7624 418 5699 2675 3751 3959 7681
internal_value=4.01504e-06 -0.0015164 -0.00407822 -0.00615324 0.00822816 0.00097447 0.0138177 0.0121889 0.0116336 0.00510901 0.00874016 0.0140759
internal_weight=35031.2 31561.8 25001.1 17729.6 6560.76 7271.42 3469.31 2869.15 2786.54 3691.61 1307.66 1478.88
internal_count=167595 148905 115275 80694 33630 34581 18690 15107 14733 18523 6634 8099
is_linear=0
shrinkage=0.03


Tree=23
num_leaves=15
num_cat=0
split_feature=2 2 2 2 1 2 3 1 1 1 2 3 3 1
split_gain=2904.58 852.111 406.604 170.819 120.664 113.844 106.248 67.5596 46.905 35.0433 22.1401 21.851 17.5279 14.1867
threshold=0.0024039869930330819 0.0039915687364262924 0.0016064990190196478 0.0053927673544491841 0.79281428166418455 0.0034190409572881493 0.4512500000000001 -0.65107460557109742 -0.010581839080213524 1.1104880283684551 0.0074696459271216525 0.61625000000000008 0.66375000000000017 1.7908368253636169
decision_type=8 8 10 8 10 10 10 10 10 10 8 10 10 10
left_child=2 5 9 7 6 8 -4 -3 -2 12 -5 -7 -1 -6
right_child=1 3 4 10 13 11 -8 -9 -10 -11 -12 -13 -14 -15
leaf_value=-0.024957340108158213 -0.0021414454243636623 0.0039661272681655044 -0.015774820476374234 0.015495930475184957 -0.004086493792735622 0.0061668503162130642 -0.0074393274593566672 0.011413913418507077 0.0018190323118821548 -0.014449819213150096 0.020659326905573022 0.0010325878615940266 -0.0097350194915185213 0.0019526731583277075
leaf_weight=2368.6112162619829 6072.7197842895985 1643.7499946504831 2782.8611111789942 2715.1861322969198 948.20712235569954 3837.7621129751205 2860.1711199134588 3564.2660525888205 4807.8592772185802 465.52683240175247 1419.2084596604109 967.44097609817982 101.21392327547073 528.66388717293739
leaf_count=9602 28373 8341 11998 15165 4188 19071 12497 18264 22629 1895 8447 4785 411 2332
internal_value=0.000113878 0.00558695 -0.013495 0.0127551 -0.00958399 0.00130837 -0.0115812 0.00908685 -0.000385835 -0.0228963 0.0173284 0.00514991 -0.0243995 -0.00188575
internal_weight=35083.4 25028.2 10055.3 9342.41 7119.9 15685.8 5643.03 5208.02 10880.6 2935.35 4134.39 4805.2 2469.83 1476.87
internal_count=167998 125075 42923 50217 31015 74858 24495 26605 51002 11908 23612 23856 10013 6520
is_linear=0
shrinkage=0.03


Tree=24
num_leaves=15
num_cat=0
split_feature=2 2 2 2 1 2 2 1 1 3 2 3 3 1
split_gain=2742.78 609.91 550.03 152.798 107.706 79.789 76.0526 45.6325 42.8432 33.19 26.5055 19.8875 5.73192 5.35414
threshold=0.0028156294542010106 0.0018894389554005039 0.0052406116286393594 0.0034434709815845299 1.0852265344658598 0.0024039869930330819 0.0016064990190196478 -0.51472807222262118 -0.25718352593222943 0.41875000000000001 0.0074696459271216525 0.3312500000000001 0.50125000000000008 1.8913997938054929
decision_type=8 10 8 10 10 10 10 10 10 10 8 10 10 10
left_child=1 6 3 11 5 -3 8 -5 -1 -8 12 -2 -4 -6
right_child=2 4 10 7 13 -7 9 -9 -10 -11 -12 -13 -14 -15
leaf_value=-0.025985849500906742 -0.0075880005690242914 -0.009584657215975673 0.0133035834394531 0.0042200676917396448 0.00015022686335923328 -0.0036282934215095654 -0.017849994592183865 0.0086358676112549444 -0.018060100214520904 -0.0095127903145627839 0.020117375290424341 0.0013725079163112433 0.016838137323549791 0.003813533673971573
leaf_weight=1290.8010403364897 219.39266726374626 4466.4746239036322 1925.756708547473 3430.9560141861439 851.40891943871975 3807.6864846944809 918.30377946794033 5899.1321162879467 1649.7751907259226 983.02527642250061 1405.2734914720058 6411.3392398357391 1151.2928372770548 661.54130361974239
leaf_count=5219 1055 19613 10820 17198 3864 17164 3815 29876 6684 4125 8459 30832 6450 2998
internal_value=7.24231e-05 -0.00983957 0.00716967 0.00455107 -0.00551252 -0.00685853 -0.0185442 0.00702472 -0.0216358 -0.0136432 0.0164499 0.00105601 0.0146958 0.00180594
internal_weight=35072.2 14629 20443.1 15960.8 9787.11 8274.16 4841.91 9330.09 2940.58 1901.33 4482.32 6630.73 3077.05 1512.95
internal_count=168172 63482 104690 78961 43639 36777 19843 47074 11903 7940 25729 31887 17270 6862
is_linear=0
shrinkage=0.03


Tree=25
num_leaves=15
num_cat=0
split_feature=2 2 2 0 0 1 0 0 0 0 2 2 0 0
split_gain=2497.52 578.414 548.368 159.54 138.407 113.5 73.0364 70.5014 57.1493 30.7965 25.4481 22.2357 9.98914 7.27817
threshold=0.0028156294542010106 0.0018374936339392381 0.0052406116286393594 -0.0051556924144032226 0.0012373289577195512 0.36396005852626095 0.00076532002641895751 0.0027063659757853818 -0.001702239153931625 0.0023353706532947683 0.0010889261252982538 0.0074696459271216525 -0.011748775767563344 -0.0075938501122531487
decision_type=8 10 8 10 10 10 10 10 10 10 10 10 10 8
left_child=1 6 3 12 -5 7 8 -3 -1 -7 -8 13 -2 -4
right_child=2 5 11 4 -6 9 10 -9 -10 -11 -12 -13 -14 -15
leaf_value=-0.0067247537975478671 0.025295804320495059 -0.0087313505351682818 0.020064382135901938 0.0010478168309557144 0.0070097931357252022 -0.0019100930065786227 -0.025826149434880437 0.00052230291739345058 -0.021654318326389213 0.0066842552979034962 -0.0095603192897844476 0.019738621385171119 0.014038360722183646 0.013910224064490473
leaf_weight=273.71002532541752 107.04679848253727 6049.4281049221754 294.44473822414875 9058.861646592617 5740.3020745664835 2758.0126420557499 96.623645409941673 829.16884970664978 3188.205553367734 422.58712719380856 993.85978272557259 1294.8156894147396 936.27742999792099 2817.9151565134525
leaf_count=1133 610 26519 1790 43659 29183 12338 394 3860 12854 2025 4160 7895 5088 15846
internal_value=-2.52777e-05 -0.00947626 0.00679264 0.00417827 0.00336757 -0.00544277 -0.0183442 -0.00760804 -0.020514 -0.000732038 -0.0112777 0.0161462 0.0154795 0.014574
internal_weight=34861.3 14611.6 20249.7 15842.5 14799.2 10059.2 4552.4 6878.6 3461.92 3180.6 1090.48 4407.18 1043.32 3112.36
internal_count=167354 63283 104071 78540 72842 44742 18541 30379 13987 14363 4554 25531 5698 17636
is_linear=0
shrinkage=0.03


Tree=26
num_leaves=15
num_cat=0
split_feature=2 2 2 2 2 3 1 1 1 1 1 1 2 2
split_gain=2308.55 732.876 282.396 137.15 114.052 99.6614 76.9166 52.9114 41.5135 39.7143 35.5097 26.2079 23.5976 20.2908
threshold=0.0024039869930330819 0.0040707763470456222 0.0016064990190196478 0.0053927673544491841 0.0030863654409954808 0.42375000000000002 0.74031031002998604 -0.41663659988481333 -0.25718352593222943 -0.096953904592439813 0.19055655952459163 2.4564214737292143 0.0034434709815845299 0.0074696459271216525
decision_type=8 8 10 8 10 10 10 10 10 10 10 10 10 10
left_child=2 4 8 7 9 6 -4 -3 -1 -2 -7 -10 -6 -5
right_child=1 3 5 13 12 10 -8 -9 11 -11 -12 -13 -14 -15
leaf_value=-0.024251864739570611 -0.0038499538076815078 0.0044012279611152765 -0.016200603922765955 0.014315116332155452 0.0015927934379620422 -0.0081559555706228609 -0.0037177350358551567 0.011038289834784746 -0.017515539112918643 0.00060736046737347904 -0.0025487654558310861 -0.0016964053599913026 0.0047217555112563023 0.01939406431826304
leaf_weight=1280.1438105404377 3742.9274769127369 1892.8613293468952 2077.1568426638842 2741.6147160977125 3966.1961311101913 2816.9744505137205 590.31640319526196 2708.9225930571556 1552.5484945625067 3412.8372562527657 1664.1685144305229 111.73667731881142 5025.0419490784407 1286.0816993713379
leaf_count=5159 17185 9713 8834 15717 19138 12201 2573 14121 6267 15870 7333 455 25166 7934
internal_value=-4.53445e-05 0.00487971 -0.0121342 0.0119328 0.00110155 -0.00887724 -0.0134847 0.00833673 -0.0199645 -0.00171785 -0.00609728 -0.0165058 0.00335148 0.0159957
internal_weight=34869.5 24776.5 10093 8629.48 16147 7148.62 2667.47 4601.78 2944.43 7155.76 4481.14 1664.29 8991.24 4027.7
internal_count=167666 124844 42822 47485 77359 30941 11407 23834 11881 33055 19534 6722 44304 23651
is_linear=0
shrinkage=0.03


Tree=27
num_leaves=15
num_cat=0
split_feature=2 2 2 0 0 2 3 0 0 0 0 0 0 0
split_gain=2242.84 719.32 305.422 160.289 143.462 129.904 75.4381 56.6183 49.293 47.758 46.5882 40.7347 35.6322 17.8483
threshold=0.0024039869930330819 0.0039915687364262924 0.0016226914765030776 -0.0018851828256214898 0.00038089203784715388 0.0053927673544491841 0.4512500000000001 -0.002733966124784791 0.0010190200297170084 0.0048440696736161692 -0.0013733188010398056 -0.0051556924144032226 0.00076532002641895751 -0.0043761895228003559
decision_type=8 8 10 10 10 8 10 10 10 10 10 10 10 10
left_child=2 3 10 11 -5 9 8 -8 -4 -3 -1 -2 -12 -7
right_child=1 5 6 4 -6 13 7 -9 -10 -11 12 -13 -14 -15
leaf_value=-0.0064889856956711718 0.012931779020604052 0.0073437595425498358 -0.013535753866616032 -0.0043104874707164328 0.0022431170682000998 0.019798641657820908 0.0078057436733544802 -0.0062128724213366083 -0.0052609307291996525 0.016284423857260002 -0.022437971416958111 0.0050103476999900426 -0.013418201598706823 0.014482019918864789
leaf_weight=251.43514439463615 785.24314068257809 4472.8518085032701 2574.2664209157228 5139.6647511869669 7204.9253405183554 939.62289446592331 269.30449876189232 3288.3949655592442 925.14548073709011 629.17727597057819 2279.593867406249 2521.2645904123783 592.14910483360291 3025.1442874073982
leaf_count=1025 4200 23000 10941 23721 34802 5870 1233 14272 4070 3434 9141 12156 2428 17625
internal_value=0.000105321 0.00498784 -0.0117369 0.00108631 -0.000481897 0.0117074 -0.00824553 -0.00511599 -0.0113864 0.00848775 -0.0195552 0.00694297 -0.0206519 0.0158038
internal_weight=34898.2 24717.9 10180.3 15651.1 12344.6 9066.8 7057.11 3557.7 3499.41 5102.03 3123.18 3306.51 2871.74 3964.77
internal_count=167918 124808 43110 74879 58523 49929 30516 15505 15011 26434 12594 16356 11569 23495
is_linear=0
shrinkage=0.03


Tree=28
num_leaves=15
num_cat=0
split_feature=2 2 2 0 0 2 1 1 0 0 0 0 1 0
split_gain=2201.06 662.281 252.655 144.844 156.213 131.573 97.1952 56.2994 52.5697 47.0281 42.6588 37.1205 28.2023 25.1936
threshold=0.0024039869930330819 0.0040707763470456222 0.0016064990190196478 -0.0018851828256214898 0.00079339463704917177 0.0053927673544491841 0.19055655952459163 -0.68178353170490991 0.0028318710392847076 -0.0053505284069585114 -0.00069292750797818662 0.00076532002641895751 0.67426724709896646 -0.0028051028737475108
decision_type=8 8 10 10 10 8 10 10 10 10 10 10 10 10
left_child=2 3 10 9 -5 7 8 -3 -4 -2 12 -12 -1 -8
right_child=1 5 6 4 -6 -7 13 -9 -10 -11 11 -13 -14 -15
leaf_value=-0.014327373020546099 0.013521868136393955 0.0031978026434268682 -0.012251158869059836 -0.0033352586549602581 0.0033112009593416849 0.015798567261555038 0.0080075013750533861 0.010492492381432118 -0.0011694579892922604 0.0049714846567988835 -0.022836920552479652 -0.013294265923104313 0.0016627934211897613 -0.0046173857537214731
leaf_weight=422.90035039186478 758.89888633787632 1417.9958030432463 4063.3559457808733 6385.892464324832 6324.4237937480211 3969.965981990099 138.38978220522404 3150.0066900700331 441.3537934422493 2656.1008673757315 1854.2971200495958 567.34564709663391 117.9079801440239 2553.5565735846758
leaf_count=1704 4092 7305 17269 29449 30947 23735 645 16535 2004 12876 7425 2318 478 11091
internal_value=0.000188758 0.00503113 -0.0115546 0.00144739 -2.33804e-05 0.011783 -0.00848381 0.00825312 -0.0111837 0.00692305 -0.0189405 -0.0206898 -0.0107653 -0.00391892
internal_weight=34822.4 24663.3 10159.1 16125.3 12710.3 8537.97 7196.66 4568 4504.71 3415 2962.45 2421.64 540.808 2691.95
internal_count=167873 124939 42934 77364 60396 47575 31009 23840 19273 16968 11925 9743 2182 11736
is_linear=0
shrinkage=0.03


Tree=29
num_leaves=15
num_cat=0
split_feature=2 2 2 2 1 2 1 3 1 2 1 1 2 2
split_gain=2014.92 572.229 345.951 91.9614 80.2026 69.3242 65.4057 63.5443 47.8361 32.5956 28.824 27.65 26.2669 8.55808
threshold=0.0030863654409954808 0.0020032689886634769 0.0052406116286393594 0.001445588710339061 -0.37763704550690946 0.0035021854839194923 0.8489086169884742 0.49625000000000002 -0.28887428737013071 0.003136861609594806 2.1376717743595877 0.79281428166418455 0.0074696459271216525 0.0069216452242156648
decision_type=8 10 8 10 10 10 10 10 10 10 10 10 10 10
left_child=1 3 5 10 7 9 -5 -3 -7 -2 -1 -6 13 -4
right_child=2 4 12 6 11 8 -8 -9 -10 -11 -12 -13 -14 -15
leaf_value=-0.020981498413847825 0.0085882547427030744 -0.0092237011034519631 0.013736883276602382 -0.013964350787790267 -0.0025423498780030164 0.0039605529588949652 -0.0042365253723557561 -0.0020867431580294687 0.0084828006010927125 0.00082325897613346713 -0.0037981835268023007 0.0014763745592495843 0.018575155904888892 0.0084340861650833571
leaf_weight=1862.1658003926277 549.67532093822956 2709.4608880579472 2571.2671249061823 3161.9060781002045 4312.7603474855423 4012.1793480962515 811.38345119357109 1967.9181959182024 4668.3360230326653 3967.2755862623453 106.42184466123581 2366.2308136671782 1242.8072604089975 448.11835864186287
leaf_count=7481 2639 12148 15031 13131 19488 20384 3413 8850 24097 19254 430 10903 7906 2638
internal_value=6.04222e-05 -0.00719247 0.0072497 -0.0147309 -0.00323346 0.00483639 -0.0120085 -0.00624462 0.00640646 0.00179833 -0.0201068 -0.00110955 0.0146795 0.0130001
internal_weight=34757.9 17298.2 17459.7 5941.88 11356.4 13197.5 3973.29 4677.38 8680.52 4516.95 1968.59 6678.99 4262.19 3019.39
internal_count=167793 75844 91949 24455 51389 66374 16544 20998 44481 21893 7911 30391 25575 17669
is_linear=0
shrinkage=0.03


Tree=30
num_leaves=15
num_cat=0
split_feature=2 2 2 0 0 1 0 1 2 2 0 0 0 0
split_gain=1894.47 437.296 435.553 126.311 139.166 89.1701 83.7199 63.7715 59.153 23.3045 14.4757 11.3217 6.86253 4.72504
threshold=0.0028156294542010106 0.0052406116286393594 0.001867979531125979 -0.0047907054333534817 0.0012373289577195512 1.0852265344658598 -0.003832532432603421 2.1376717743595877 0.001445588710339061 0.0074696459271216525 -0.000717733065980874 -0.0097776924312434326 -0.0084981284614338171 -0.00026977484475632595
decision_type=8 8 10 10 10 10 10 10 10 8 10 10 10 8
left_child=2 3 7 11 -5 6 -4 8 -1 12 -7 -2 -3 -11
right_child=1 9 5 4 -6 10 -8 -9 -10 13 -12 -13 -14 -15
leaf_value=-0.020655992616136837 0.020258052594857828 0.018866489621658267 0.0069852947235926801 0.000620567178751203 0.0066440891861581043 0.0065093184540791667 -0.0064516357713329461 -0.00073309036489510007 -0.013373371547909723 0.020865639570111363 0.0001070202753447859 0.011484564895094976 0.012353823370808427 0.01544334453201701
leaf_weight=1854.5672267377377 204.09796616435051 231.22751095890999 427.93628767132759 8874.4606373459101 5668.4817898124456 453.28684513270855 8036.2875013053417 254.76877461373806 2624.0628845393658 613.90902364253998 1077.1509862542152 959.10902163386345 2699.9107689112425 689.56234502792358
leaf_count=7446 1183 1482 2039 42931 29168 2082 35227 1040 10712 3999 4848 5262 15762 4375
internal_value=3.64489e-05 0.0060639 -0.00811881 0.00374702 0.00297546 -0.00455194 -0.00575777 -0.0156122 -0.0164417 0.014614 0.00207216 0.0132347 0.0129504 0.0181822
internal_weight=34668.8 19940.8 14728.1 15706.1 14542.9 9994.66 8464.22 4733.4 4478.63 4234.61 1530.44 1163.21 2931.14 1303.47
internal_count=167556 104162 63394 78544 72099 44196 37266 19198 18158 25618 6930 6445 17244 8374
is_linear=0
shrinkage=0.03


Tree=31
num_leaves=15
num_cat=0
split_feature=2 2 2 0 2 0 3 0 3 0 0 0 2 0
split_gain=1814.62 597.736 229.036 130.603 103.003 100.289 88.8106 67.9766 61.4188 40.2314 28.9447 34.0287 26.0369 14.5592
threshold=0.0024039869930330819 0.0040707763470456222 0.0016064990190196478 -0.0042609063521371528 0.0052406116286393594 0.0015777799649173017 0.42375000000000002 -0.0037312769321812271 0.37375000000000008 0.0030305325383313485 -0.0013733188010398056 0.00076532002641895751 0.0088198125431252512 -0.009143318059400397
decision_type=8 8 10 10 8 10 10 10 10 10 10 10 10 10
left_child=2 3 10 13 9 -5 8 -8 -4 -3 -1 -12 -6 -2
right_child=1 4 6 5 12 -7 7 -9 -10 -11 11 -13 -14 -15
leaf_value=-0.006540907164465589 0.019852887532369284 0.0058094505247570059 -0.0064829402640008155 -0.0013924262596535285 0.013012926355819231 0.003942057885449172 0.011885149159971697 -0.0059340057578580402 -0.015808222836383317 0.01295025228619873 -0.020361538490683711 -0.011448746298281572 0.019741636868290741 0.009060225637197444
leaf_weight=224.45456598699093 142.06627784669399 3216.793887630105 1125.5456272512674 10394.47708837688 3486.012990385294 4550.8492763489485 190.36098499596119 4353.5319442451 1617.1451316475868 947.78200402855873 2163.3244523704052 568.30870853364468 713.81459431350231 1036.3385524302721
leaf_count=909 794 16605 4759 48554 20979 22669 886 18758 6849 5198 8660 2309 4649 5467
internal_value=-5.64118e-05 0.00437677 -0.010655 0.000994853 0.0108798 0.000229461 -0.00776471 -0.00514986 -0.0120406 0.00747607 -0.0177091 -0.0185777 0.014215 0.010568
internal_weight=34730.8 24488.1 10242.7 16123.7 8364.4 14945.3 7286.58 4543.89 2742.69 4164.58 2956.09 2731.63 4199.83 1178.4
internal_count=168045 124915 43130 77484 47431 71223 31252 19644 11608 21803 11878 10969 25628 6261
is_linear=0
shrinkage=0.03


Tree=32
num_leaves=15
num_cat=0
split_feature=2 2 2 0 0 2 0 0 0 0 0 0 2 2
split_gain=1671.84 422.557 332.637 113.045 111.352 89.3795 72.0976 62.2118 70.953 55.9389 49.0213 28.8064 25.7466 22.3044
threshold=0.0027070756574095285 0.0040707763470456222 0.001867979531125979 -0.0018851828256214898 0.0015393805891067537 0.0053927673544491841 0.00084962685549874728 0.0018979333651366708 -0.0037312769321812271 -0.0015685262580415363 0.0033949173976625109 -0.0047907054333534817 0.0010889261252982538 0.0019273428732258953
decision_type=8 8 10 10 10 8 10 10 10 10 10 10 10 10
left_child=2 3 6 11 -5 10 9 8 -4 -1 -3 -2 -8 -9
right_child=1 5 7 4 -6 -7 12 13 -10 -11 -12 -13 -14 -15
leaf_value=-0.0045469932747958606 0.012002414002596756 0.0059859080071014616 0.0056381722017929282 -0.0021777180202523288 0.0043557340919925143 0.013990772597230292 -0.022483975491246797 0.014205680885002814 -0.0066195059178944709 -0.017801334631291993 0.013852990560535195 0.0051427625121786254 -0.0059376318246556255 -0.00018758882711094102
leaf_weight=336.07575491070747 801.47916835546494 3545.9924502670765 439.82463160157204 6062.9971074610949 3814.8886188268661 3800.3265809416771 88.909705698490143 93.430629134178162 6975.9588901996613 3328.1082539856434 919.77922375500202 2022.2704030275345 985.80042766034603 1426.7232678979635
leaf_count=1378 4422 18522 2092 28646 19344 23517 358 422 30070 13360 5114 9906 4093 6565
internal_value=-1.20912e-05 0.00530761 -0.00817113 0.00186334 0.000341319 0.0105842 -0.0145956 -0.0047449 -0.00587782 -0.0166177 0.00764696 0.00714643 -0.00755647 0.000744885
internal_weight=34642.6 20967.7 13674.8 12701.6 9877.89 8266.1 4738.89 8935.94 7415.78 3664.18 4465.77 2823.75 1074.71 1520.15
internal_count=167809 109471 58338 62318 47990 47153 19189 39149 32162 14738 23636 14328 4451 6987
is_linear=0
shrinkage=0.03


Tree=33
num_leaves=13
num_cat=0
split_feature=0 0 0 0 0 0 1 1 3 3 3 0
split_gain=571.204 556.984 181.157 189.82 56.2275 50.7032 48.3629 38.9382 20.4276 16.8022 10.8628 6.04851
threshold=-0.0041502997841843673 0.0027063659757853818 -0.0012954243712309228 0.00093289548222463218 0.0060883274071632607 -0.0097776924312434326 0.79281428166418455 0.41941447679965133 0.53875000000000017 0.61375000000000013 0.3987500000000001 -0.0053505284069585114
decision_type=10 10 10 10 10 8 10 10 8 10 10 8
left_child=5 2 6 -4 9 -1 -2 -6 10 -3 -7 -10
right_child=1 4 3 -5 7 8 -8 -9 11 -11 -12 -13
leaf_value=0.021429705620142788 0.00023594263116464306 0.0062745011174945688 -0.0063574715798445595 -2.1530987535633003e-05 0.0088847284972191267 0.012600827954828545 0.0070641304969138686 0.019454228179279168 0.01753918768687247 0.0012485548597618149 0.0067972927303987718 0.010584437423622165
leaf_weight=517.86121992766857 4806.5291069000959 3388.2342457473278 13620.320109561086 6215.2231600135565 1193.0177683532238 484.2998438179493 1155.0676249265671 462.4244441986084 461.52641256153584 771.50435443222523 1110.9075891673565 321.19288240373135
leaf_count=3320 23279 17733 60891 29771 6619 2764 5774 2660 2677 3981 6231 1725
internal_value=6.2884e-05 -0.00110506 -0.00299769 -0.00437622 0.00727138 0.0127935 0.00157858 0.0119723 0.0108058 0.00536196 0.00866413 0.0149305
internal_weight=34508.1 31612.3 25797.1 19835.5 5815.18 2895.79 5961.6 1655.44 2377.93 4159.74 1595.21 782.719
internal_count=167425 150708 119715 90662 30993 16717 29053 9279 13397 21714 8995 4402
is_linear=0
shrinkage=0.03


Tree=34
num_leaves=15
num_cat=0
split_feature=2 2 2 0 1 0 0 0 0 0 2 0 2 2
split_gain=1603.63 463.035 298.944 95.9483 89.1271 84.1947 183.443 80.7582 75.618 33.6477 28.9377 28.8387 21.1349 10.465
threshold=0.0030863654409954808 0.0018894389554005039 0.0052406116286393594 -0.0042609063521371528 0.79281428166418455 0.00082159576828511516 -0.0018851828256214898 0.00084962685549874728 -0.00063944326381168524 0.0030305325383313485 0.0039915687364262924 -0.0084981284614338171 0.0074696459271216525 0.0069216452242156648
decision_type=8 10 8 10 10 10 10 10 10 10 10 10 8 10
left_child=1 7 5 11 -5 6 -2 8 -1 -9 -7 -3 13 -4
right_child=2 3 12 4 -6 10 -8 9 -10 -11 -12 -13 -14 -15
leaf_value=-0.0091164538954955129 0.0078064609165710581 0.024505752409502684 0.01274250198633861 -0.0052834093975207058 0.0010527418801892807 0.0052449785910505548 -0.0016634715485575899 -0.0095900058279333924 -0.019046832103417614 0.0033051078150941387 0.0098339825434419059 0.0054622362311630016 0.016953758653789546 0.0070502915479949751
leaf_weight=998.15309907495975 3087.4656070321798 81.411945044994354 2402.2358377277851 9457.7936777472496 2509.7506633251905 3259.9504188597202 4513.9052431881428 938.75023648142815 2735.9167655110359 212.1917482316494 2150.3630767464638 460.07770255208015 1271.1328648775816 438.59425526857376
leaf_count=4047 16150 446 14478 41999 11464 16600 21645 3852 10986 926 11577 2307 8451 2662
internal_value=-4.01542e-05 -0.00645584 0.0064733 -0.00338539 -0.00394986 0.00423222 0.00218027 -0.0142831 -0.0164398 -0.00715294 0.00709475 0.00882663 0.0135228 0.0119125
internal_weight=34517.7 17394 17123.6 12509 11967.5 13011.7 7601.37 4885.01 3734.07 1150.94 5410.31 541.49 4111.96 2840.83
internal_count=167590 76027 91563 56216 53463 65972 37795 19811 15033 4778 28177 2753 25591 17140
is_linear=0
shrinkage=0.03


Tree=35
num_leaves=14
num_cat=0
split_feature=0 0 0 0 0 0 1 1 0 3 3 1 1
split_gain=513.849 524.724 150.135 174.295 58.939 54.8317 48.1659 38.8343 18.025 18.6442 15.1809 6.09728 0.720714
threshold=-0.0037312769321812271 0.0024830039026835491 -0.0012954243712309228 0.00076532002641895751 0.0060883274071632607 -0.0097776924312434326 0.79281428166418455 0.41941447679965133 -0.0053505284069585114 0.52375000000000005 0.61375000000000013 -1.0704869886318611 -0.53462929359071076
decision_type=10 10 10 10 10 10 10 10 10 10 10 10 8
left_child=5 2 6 -4 10 12 -2 -6 9 -7 -3 -10 -1
right_child=1 4 3 -5 7 8 -8 -9 11 -11 -12 -13 -14
leaf_value=0.014393479805637257 -0.00011106829646930747 0.0056375042330242637 -0.00637934410027705 -0.00034816693278715596 0.0084160768208792706 0.0090641541451666561 0.0069302140099811614 0.019036821496562481 0.0022830172054536212 0.016983846255701523 0.0011521238155419687 0.0078923116916916961 0.022174242115740397
leaf_weight=159.27880473434925 4396.2208021730185 3811.7706592977047 12800.094486951828 6535.3834647983313 1185.5418922305107 852.55562010407448 1076.4862273931503 452.70674000680447 250.91800056397915 482.49711003899574 875.98764090240002 1262.1673419326544 360.97946682572365
leaf_count=1026 21210 19920 57028 31060 6633 5078 5382 2651 1307 2845 4511 6693 2385
internal_value=6.89346e-05 -0.0011348 -0.00310332 -0.00434514 0.00656821 0.0111833 0.00127313 0.0114851 0.00944631 0.012076 0.00481634 0.0070226 0.0202217
internal_weight=34502.6 31134.2 24808.2 19335.5 6326.01 3368.4 5472.71 1638.25 2848.14 1335.05 4687.76 1513.09 520.258
internal_count=167729 148395 114680 88088 33715 19334 26592 9284 15923 7923 24431 8000 3411
is_linear=0
shrinkage=0.03


Tree=36
num_leaves=15
num_cat=0
split_feature=2 2 2 2 0 0 0 0 3 0 0 0 2 0
split_gain=1467.19 369.917 300.716 87.497 85.9679 77.3812 63.5906 51.418 48.511 66.7692 37.855 32.6389 27.4115 24.2285
threshold=0.0027070756574095285 0.0040707763470456222 0.0018894389554005039 0.0053927673544491841 -0.0018851828256214898 0.0011774604874582894 0.0016563620401740592 -0.00063944326381168524 0.42875000000000002 -0.0039273784534298957 0.0010190200297170084 0.005105434321112161 0.0018374936339392381 -0.0047907054333534817
decision_type=8 8 10 8 10 10 10 10 10 10 10 10 10 10
left_child=2 4 6 11 13 -6 7 -1 10 -10 -4 -3 -8 -2
right_child=1 3 8 -5 5 -7 12 -9 9 -11 -12 -13 -14 -15
leaf_value=-0.0087581962083881307 0.010901793895815129 0.0060834856981478915 -0.009928177336043854 0.01337978116328899 -0.0019456785382042574 0.0034037285691912627 -0.0069716990524231011 -0.016857601736011932 0.010918991931696119 -0.0035853957418310609 -0.0013152919826461401 0.014249334999645836 0.011169848264322733 0.0045523321166743916
leaf_weight=994.29860065877438 786.77381648123264 3940.5422810614109 1915.4571862220764 3712.6617202460766 5458.2138355970383 4369.8834684193134 567.61264465749264 3235.3965418189764 288.68183189630508 5933.2236254066229 629.60412040352821 511.48140363395214 74.770683214068413 1992.3510931581259
leaf_count=4029 4448 20853 8187 23515 25586 22160 2362 13027 1406 25937 2796 2941 334 9825
internal_value=-3.27752e-05 0.00498426 -0.00767604 0.00995662 0.00175397 0.000427781 -0.0136511 -0.0149929 -0.00433693 -0.00288636 -0.00783447 0.00706492 -0.00462928 0.00640403
internal_weight=34411 20771.9 13639 8164.69 12607.2 9828.1 4872.08 4229.7 8766.97 6221.91 2545.06 4452.02 642.383 2779.12
internal_count=167406 109328 58078 47309 62019 47746 19752 17056 38326 27343 10983 23794 2696 14273
is_linear=0
shrinkage=0.03


Tree=37
num_leaves=15
num_cat=0
split_feature=2 2 2 0 0 2 1 1 0 1 0 2 0 1
split_gain=1347.36 458.559 168.408 103.064 108.751 86.4535 69.8401 53.4047 46.2144 42.063 30.3185 18.029 16.4577 11.061
threshold=0.0024039869930330819 0.0040707763470456222 0.0016064990190196478 -0.0018851828256214898 0.00079339463704917177 0.0053927673544491841 0.79281428166418455 -0.40724782905444784 -0.0036391420074520071 1.136812141233041 -0.0051556924144032226 0.0088198125431252512 -0.0014501816323883726 2.4564214737292143
decision_type=8 8 10 10 10 8 10 10 10 10 10 10 10 10
left_child=2 3 9 10 -5 7 8 -3 -4 12 -2 -7 -1 -11
right_child=1 5 6 4 -6 11 -8 -9 -10 13 -12 -13 -14 -15
leaf_value=-0.007088645724434104 0.010658673188854492 0.0026152277070671361 0.0040368497387754864 -0.0031963795263067578 0.0023278732951132063 0.011732131523171534 -0.0010577090810764025 0.0093807763774665324 -0.0088999463736310225 -0.0092894499145053031 0.0037957456116983162 0.017595309900819322 -0.017597838899355074 0.00079877283632535869
leaf_weight=182.80390958487988 772.46863783895969 1837.7745253145695 248.27424322068691 6525.3951064944267 6280.8178064525127 3026.6138499677181 1530.0350811034441 2570.3266754001379 5491.8881093263626 356.33546780049801 2551.5077680796385 683.96571637690067 2324.2012974023819 117.03563490509987
leaf_count=738 4370 9712 1145 29857 31020 19018 6668 13939 23192 1432 12469 4675 9339 472
internal_value=-0.000184476 0.00366843 -0.00929948 0.000735898 -0.000482621 0.00947931 -0.00680652 0.00658605 -0.00832392 -0.0153175 0.00543582 0.0128734 -0.0168866 -0.0067062
internal_weight=34499.4 24248.9 10250.6 16130.2 12806.2 8118.68 7270.2 4408.1 5740.16 2980.38 3323.98 3710.58 2507.01 473.371
internal_count=168046 125060 42986 77716 60877 47344 31005 23651 24337 11981 16839 23693 10077 1904
is_linear=0
shrinkage=0.03


Tree=38
num_leaves=14
num_cat=0
split_feature=0 0 1 3 0 0 0 1 0 3 3 3 1
split_gain=447.714 457.945 134.47 129.59 60.2579 53.6398 46.5696 32.237 21.7443 24.4261 21.6359 7.0991 2.71252
threshold=-0.0037312769321812271 0.0027063659757853818 0.79281428166418455 0.43875000000000003 -0.0097776924312434326 0.0060883274071632607 -0.00063944326381168524 0.40484675479734733 -0.0053505284069585114 0.52375000000000005 0.61375000000000013 0.65375000000000016 -1.138085543162108
decision_type=10 10 10 8 8 10 10 10 10 10 10 10 10
left_child=4 2 3 -2 12 10 -4 -7 9 -6 -3 -10 -1
right_child=1 5 6 -5 8 7 -8 -9 11 -11 -12 -13 -14
leaf_value=0.0078217384477057925 -0.0071565773906515241 0.0056831857676305619 0.005429361295103307 -0.0021384920336650504 0.0082137420649054087 0.0082926111373579914 -0.00054777046294173773 0.018045976030162416 0.0067073799166956737 0.01712657024065848 4.8313399808135203e-05 0 0.021123875224325319
leaf_weight=45.844836086034775 7383.2642363905907 3362.3514226973057 1696.6951600313187 12573.569489374757 864.51785503327847 1167.7848332971334 3702.4460764974356 452.17127838730812 1343.6014261543751 471.44497580826283 776.13695754110813 148.87031115591526 445.9516873061657
leaf_count=303 33457 17813 8255 58671 5253 6612 17016 2701 7199 2839 4026 766 3009
internal_value=-7.26386e-06 -0.00112763 -0.00286398 -0.00400065 0.0104457 0.00649931 0.00132603 0.0111458 0.00866613 0.0115074 0.00464354 0.00602319 0.020184
internal_weight=34434.7 31114.4 25356 19956.8 3320.23 5758.44 5399.14 1619.96 2828.43 1335.96 4138.49 1492.47 491.797
internal_count=167920 148551 117399 92128 19369 31152 25271 9313 16057 8092 21839 7965 3312
is_linear=0
shrinkage=0.03


Tree=39
num_leaves=14
num_cat=0
split_feature=2 2 2 0 1 0 0 0 1 2 0 0 0
split_gain=1302.78 369.668 249.9 82.8561 71.8133 68.1962 154.463 63.9122 55.5046 26.769 15.9438 7.19645 6.62594
threshold=0.0030975723142180316 0.0018894389554005039 0.0052406116286393594 -0.0080447891194758668 1.0852265344658598 0.0012373289577195512 -0.0018851828256214898 0.0030305325383313485 0.99304100929724115 0.0088198125431252512 0.0060883274071632607 0.0092551009283870032 0.0039715153762893115
decision_type=8 10 8 10 10 10 10 10 10 8 10 10 10
left_child=1 7 5 -3 -5 6 -2 8 -1 11 -7 -4 -9
right_child=2 3 9 4 -6 10 -8 12 -10 -11 -12 -13 -14
leaf_value=-0.015009057187989052 0.007608561441514612 0.023389440686417608 0.010773459970814523 -0.0042130179661393329 0.002041824277576649 0.0059552941011352728 -0.00090409345430763287 0.0078192364327281036 -0.0062420759622297461 0.017849115617264412 0.010883372195024396 0.018733182509007833 -0.0020449946056364872
leaf_weight=3842.6710095852613 3023.052660793066 95.613803192973137 3118.6896652579308 10643.230154231191 1935.0514151453972 3866.0636742711067 5187.8528536111116 111.39038623869419 837.17983686923981 742.97519108653069 761.39417161047459 139.89417678117752 102.95910155773163
leaf_count=15505 16067 544 19583 47450 8892 20363 24904 483 3392 5142 4238 914 453
internal_value=-2.10485e-05 -0.00573643 0.00593777 -0.0030212 -0.00324514 0.00388503 0.0022282 -0.012735 -0.0134702 0.0124826 0.00680081 0.0111898 0.00293372
internal_weight=34408 17568.1 16839.9 12673.9 12578.3 12838.4 8210.91 4894.2 4679.85 4001.56 4627.46 3258.58 214.349
internal_count=167930 76719 91211 56886 56342 65572 40971 19833 18897 25639 24601 20497 936
is_linear=0
shrinkage=0.03


Tree=40
num_leaves=15
num_cat=0
split_feature=2 2 2 2 1 3 2 1 1 1 1 3 3 2
split_gain=1235.82 392.587 164.086 82.0609 76.9951 70.7066 60.7233 36.6851 34.6447 31.4513 21.4103 19.7117 18.7836 17.5608
threshold=0.0024039869930330819 0.0039915687364262924 0.0016064990190196478 0.0055675591397784992 0.19055655952459163 0.42375000000000002 0.0034190409572881493 -0.90248858402563081 2.4564214737292143 -0.68178353170490991 1.7908368253636169 0.61625000000000008 0.66125000000000012 0.0074696459271216525
decision_type=8 8 10 8 10 10 10 10 10 10 10 10 10 10
left_child=2 6 8 9 5 -4 7 -2 12 -3 -6 -8 -1 -5
right_child=1 3 4 13 10 -7 11 -9 -10 -11 -12 -13 -14 -15
leaf_value=-0.015775087967066212 -0.003731678445891339 0.0029860648449574244 -0.013305612012996381 0.010887362477369931 -0.0034593280025821483 -0.0055782306630166199 0.0047596516779190075 0.00059093243648570919 0.0011410847317268294 0.0081252481702284111 0.0031407460555202714 -3.3115844074008629e-05 -0.0033937403929027504 0.015900479884261992
leaf_weight=2721.5168233811855 2207.8451268523932 1607.0116069167852 1750.1227351129055 2181.9875688254833 2157.3808507323265 2887.4094589799643 3757.3576077073812 8639.0884827822447 112.82708820700645 3610.2662639021873 538.21634219586849 940.12067207694054 134.47674025595188 1136.4975401610136
leaf_count=10949 10289 8563 7271 13740 9283 12286 19127 40708 455 19736 2352 4738 540 7930
internal_value=6.61662e-05 0.003788 -0.0086228 0.00895401 -0.00618507 -0.00852967 0.000943436 -0.000286016 -0.014583 0.00656251 -0.00211261 0.00378968 -0.0152269 0.0126649
internal_weight=34382.1 24080.2 10302 8535.76 7333.13 4637.53 15544.4 10846.9 2968.82 5217.28 2695.6 4697.48 2855.99 3318.49
internal_count=167967 124831 43136 49969 31192 19557 74862 50997 11944 28299 11635 23865 11489 21670
is_linear=0
shrinkage=0.03


Tree=41
num_leaves=15
num_cat=0
split_feature=2 2 2 0 2 3 3 2 0 0 0 2 0 2
split_gain=1140.08 371.455 172.067 92.7625 79.4224 56.0882 65.6536 50.232 46.767 35.7 32.8052 29.7112 26.228 14.1674
threshold=0.0024304647363403431 0.0039915687364262924 0.0016064990190196478 -0.0047907054333534817 0.0053927673544491841 0.42375000000000002 0.37875000000000009 0.0034190409572881493 -0.0036391420074520071 0.0025356404382680642 -0.000717733065980874 0.0011258670578612672 0.0016176916191433896 0.0074696459271216525
decision_type=8 8 10 10 8 10 10 10 10 10 10 10 10 8
left_child=2 3 10 -2 9 6 -4 -5 -7 -3 11 -1 -12 -6
right_child=1 4 5 7 13 8 -8 -9 -10 -11 12 -13 -14 -15
leaf_value=0.0073892067803401247 0.010401891638580747 0.0045278328667429828 -0.004139826615134185 -0.00092919388522896861 0.010529366477795848 0.0093028602032358097 -0.01348867940357377 0.0029052270312134596 -0.004470734464729364 0.010425228066843208 -0.017003778013165442 -0.010457026854799056 -0.0065354279825472969 0.014937085319798996
leaf_weight=91.630451753735542 848.33408811688423 3598.8762886822224 1293.9533521085978 9997.8125760406256 2399.1823776215315 221.26294834911823 1493.3309923112392 4424.4758931100368 4601.4813412874937 1289.7399583011866 2154.1516829580069 438.99767182767391 279.74478483200073 1199.0629930198193
leaf_count=368 4830 18955 5418 46530 15137 1048 6258 22310 19671 7401 8665 1764 1135 8442
internal_value=-2.4116e-05 0.00362132 -0.00821555 0.000818832 0.00864996 -0.00580069 -0.00920038 0.000244172 -0.00380846 0.00611407 -0.0143541 -0.00718463 -0.0158568 0.0120521
internal_weight=34332 23757.5 10574.6 15270.6 8486.86 7610.03 2787.28 14422.3 4822.74 4888.62 2964.52 530.628 2433.9 3598.25
internal_count=167932 123605 44327 73670 49935 32395 11676 68840 20719 26356 11932 2132 9800 23579
is_linear=0
shrinkage=0.03


Tree=42
num_leaves=13
num_cat=0
split_feature=0 0 0 0 1 0 0 1 3 3 3 0
split_gain=361.961 349.45 165.298 160.514 67.435 46.0214 43.5148 37.7085 18.5745 11.4962 10.6703 7.90538
threshold=-0.0041502997841843673 0.0025356404382680642 -0.00074431215373777957 0.00084962685549874728 1.0852265344658598 -0.0097776924312434326 0.0060883274071632607 0.40484675479734733 0.53625000000000012 0.61375000000000013 0.39625000000000005 -0.0053505284069585114
decision_type=10 10 10 10 8 8 10 10 10 10 8 10
left_child=5 2 4 -4 -2 -1 9 -8 10 -3 -7 -10
right_child=1 6 3 -5 -6 8 7 -9 11 -11 -12 -13
leaf_value=0.019028265654720863 -5.2574650005194812e-05 0.004803727269935866 -0.0062987729364183381 -0.00022735221027431876 0.0075392806240410981 0.010643890368231393 0.0068366338749155349 0.017369732790391623 0.015401933682972989 0.00084852636555296989 0.0048122202680579134 0.0078843780075117942
leaf_weight=479.71402005851269 7188.6954497843981 3646.4948136508465 10770.642191380262 6191.4157683849335 1220.6906587481499 436.1802444010973 1147.7189988046885 442.38196921348572 440.86305859684944 860.33464376628399 1096.316165342927 290.23292724788189
leaf_count=3338 34388 19390 47670 29599 6054 2592 6599 2710 2718 4467 6424 1582
internal_value=7.9597e-05 -0.000831006 -0.00238263 -0.00408758 0.00104996 0.010512 0.00560936 0.00989478 0.00860499 0.00406553 0.00656918 0.0126452
internal_weight=34211.7 31468.4 25371.4 16962.1 8409.39 2743.31 6096.93 1590.1 2263.59 4506.83 1532.5 731.096
internal_count=167531 150877 117711 77269 40442 16654 33166 9309 13316 23857 9016 4300
is_linear=0
shrinkage=0.03


Tree=43
num_leaves=14
num_cat=0
split_feature=0 0 0 0 1 0 0 1 3 1 3 3 1
split_gain=389.508 305.757 142.266 172.836 67.2858 42.6106 41.823 19.4444 12.4505 10.9456 8.53757 3.6672 1.23173
threshold=-0.0041502997841843673 0.0027063659757853818 -0.00074431215373777957 0.00084962685549874728 -0.28887428737013071 -0.0097776924312434326 0.0047168589773173902 0.27361477342269752 0.60625000000000007 -1.1941445461649949 0.46875000000000006 0.55875000000000019 -0.53462929359071076
decision_type=10 10 10 10 10 10 10 10 10 10 10 10 10
left_child=5 2 4 -4 -2 12 8 -8 -3 11 -11 -7 -1
right_child=1 6 3 -5 -6 9 7 -9 -10 10 -12 -13 -14
leaf_value=0.013355203119213977 -0.002037104663557162 0.0038474004499032956 -0.0062460965222164381 -8.5865319130761983e-05 0.0033307786089143503 0.00024775644492355895 0.0061748881464946314 0.01186826378261399 -0.00087642626995061799 0.007379271723973891 0.011805820723144263 0.0088296060602693401 0.021003200171299065
leaf_weight=167.01319240033627 3888.8898240476847 2392.9879026114941 10756.425195425749 6651.7153532207012 4533.8292592763901 198.3192216604948 1786.471216738224 868.19665741920471 606.12959378957748 973.99522398412228 1002.3262296468019 55.126953199505806 330.66958245635033
leaf_count=1151 18546 12657 47565 31897 22003 1147 10055 5134 3148 5762 5918 326 2358
internal_value=-1.83738e-05 -0.000963566 -0.00234853 -0.00389709 0.000845758 0.0108343 0.00534641 0.00809695 0.00287302 0.00893806 0.00970261 0.00260644 0.0188685
internal_weight=34212.1 31484.6 25830.9 17408.1 8422.72 2727.45 5653.79 2654.67 2999.12 2229.77 1976.32 253.446 497.683
internal_count=167667 151005 120011 79462 40549 16662 30994 15189 15805 13153 11680 1473 3509
is_linear=0
shrinkage=0.03


Tree=44
num_leaves=13
num_cat=0
split_feature=0 0 1 3 0 0 0 1 3 1 0 0
split_gain=350.577 312.193 127.863 109.737 50.9563 40.5722 35.2191 31.2179 18.4327 14.2787 9.04712 3.43876
threshold=-0.0037312769321812271 0.0027063659757853818 0.79281428166418455 0.43875000000000003 -0.0097776924312434326 -0.00069292750797818662 0.0060883274071632607 0.41941447679965133 0.61375000000000013 -1.0581604452977842 -0.0051556924144032226 -0.0055551076254080328
decision_type=10 10 10 8 8 10 10 10 10 8 10 10
left_child=4 2 3 -2 -1 -4 8 -8 -3 11 -11 -6
right_child=1 6 5 -5 9 -7 7 -9 -10 10 -12 -13
leaf_value=0.018591608457035183 -0.0064250671440187123 0.0048272585691876303 0.0056332866903628879 -0.0018114620525307226 0.0057128922454254636 -1.8667744900601646e-05 0.0064607456456183925 0.016217038330653612 -0.00026335847386359278 0.010671278189821019 0.0065322477734299864 0.00019611372341332977
leaf_weight=466.96822493523359 7391.415782019496 3308.1328524649143 1619.7817833125591 12612.30857385695 180.57788181304932 3757.3610746711493 1152.8337800502777 423.0155094563961 764.6580094397068 1177.5154340267181 1124.0502365231514 271.6875137090683
leaf_count=3326 33441 17758 7981 58841 1111 17272 6678 2635 3989 7362 6078 1450
internal_value=-1.48407e-05 -0.000995514 -0.00241696 -0.00352155 0.00938833 0.00168006 0.00537381 0.00920327 0.00385851 0.00774439 0.0087128 0.00260455
internal_weight=34250.3 31029.5 25380.9 20003.7 3220.8 5377.14 5648.64 1575.85 4072.79 2753.83 2301.57 452.265
internal_count=167922 148595 117535 92282 19327 25253 31060 9313 21747 16001 13440 2561
is_linear=0
shrinkage=0.03


Tree=45
num_leaves=13
num_cat=0
split_feature=0 0 0 0 0 0 1 3 1 0 3 1
split_gain=330.06 316.04 120.395 107.344 65.7936 54.0585 53.1588 15.9279 14.5491 10.7416 17.4142 8.14141
threshold=-0.0034608320513114669 0.0016941721477928017 -0.00063944326381168524 0.00053974529043447682 0.0047168589773173902 -0.0097776924312434326 0.79281428166418455 0.60625000000000007 0.67426724709896646 -0.0051556924144032226 0.53625000000000012 -1.2099351634385063
decision_type=10 10 10 10 10 8 10 10 10 10 10 10
left_child=5 2 6 -4 7 -1 -2 -3 -6 10 -7 -11
right_child=1 4 3 -5 8 9 -8 -9 -10 11 -12 -13
leaf_value=0.018333766812794312 -0.0011172422272842902 0.0029662111906771007 -0.0066096589710862453 -0.001190325916596884 0.0066230995321457696 0.0066003562357710753 0.0049343648910545167 -0.00091070825030853376 0.012311885344267011 0 0.014020692531471687 0.0062397320248022128
leaf_weight=457.90384969115257 6513.7526058107615 4821.7153083533049 8473.1182304024696 5430.6508969664574 2066.8738531917334 923.9818304926157 1623.0541239082813 1156.032528668642 569.54716104269028 207.08313588798046 476.88620871305466 1540.1217754036188
leaf_count=3301 30639 24661 37244 25114 11771 5795 7951 5856 3445 1079 2991 8222
internal_value=0.000110467 -0.00089864 -0.00280433 -0.00449962 0.00396799 0.00868433 8.7086e-05 0.00220617 0.0079166 0.00720816 0.0092504 0.00549328
internal_weight=34260.7 30654.7 22040.6 13903.8 8614.17 3605.98 8136.81 5977.75 2636.42 3148.07 1400.87 1747.2
internal_count=168069 146681 100948 62358 45733 21388 38590 30517 15216 18087 8786 9301
is_linear=0
shrinkage=0.03


Tree=46
num_leaves=15
num_cat=0
split_feature=0 0 3 0 0 0 3 1 0 3 1 1 3 3
split_gain=335.438 330.88 112.426 102.722 98.4632 78.3013 36.3746 31.0529 23.6918 23.6344 21.343 12.9938 18.4634 6.95251
threshold=-0.002276469726065006 0.0010190200297170084 0.44625000000000009 -0.00066482403446349364 0.0047168589773173902 -0.0053505284069585114 0.61625000000000008 0.098929137813321882 -0.0097776924312434326 0.52375000000000005 0.72349149943762492 -0.11783368501460188 0.43875000000000003 0.49625000000000002
decision_type=10 10 8 10 10 10 10 10 8 8 10 10 10 10
left_child=5 2 3 -2 7 8 -4 -3 -1 -10 -6 12 -7 -13
right_child=1 4 6 -5 10 11 -8 -9 9 -11 -12 13 -14 -15
leaf_value=0.018158528228389162 -0.0014433368779782265 -0.00025535848930794634 -0.00057637369033692893 -0.0091705737971851595 0.0063780374028957884 -0.00094226527309242039 -0.0045763540893293351 0.0033794434286833503 0.0063842687724813977 0.015184633889884423 0.013358862319831933 0.0078319895701031012 0.0047615888621871235 0.0036542050424765429
leaf_weight=454.44295913726091 2298.6626314818859 5208.4760957658291 6948.0579570233822 4890.2237873971462 2092.5312897711992 759.22962792217731 2918.9679612964392 3519.5323828309774 811.62211760878563 466.8643679022789 524.19538527727127 1106.8292353004217 1442.3604865372181 674.16123640537262
leaf_count=3316 10553 25809 31845 21280 11991 3851 13161 17685 5101 2985 3193 5813 7366 3555
internal_value=0.000115305 -0.00121796 -0.00385942 -0.00671354 0.00274789 0.00674138 -0.0017692 0.00120568 0.0120717 0.00973737 0.00784485 0.00438258 0.00277209 0.0063133
internal_weight=34116.2 28400.6 17055.9 7188.89 11344.7 5715.51 9867.03 8728.01 1732.93 1278.49 2616.73 3982.58 2201.59 1780.99
internal_count=167504 135517 76839 31833 58678 31987 45006 43494 11402 8086 15184 20585 11217 9368
is_linear=0
shrinkage=0.03


Tree=47
num_leaves=15
num_cat=0
split_feature=2 2 2 2 0 0 0 0 0 2 2 2 3 2
split_gain=967.329 241.72 233.078 64.9555 49.9323 44.8584 43.3165 34.8686 31.7858 33.1027 19.1142 16.516 16.069 8.97213
threshold=0.0028156294542010106 0.0052406116286393594 0.001867979531125979 0.0034190409572881493 0.0027063659757853818 -0.0033776381542644815 -0.0022166544134780315 -0.00046012491165091141 0.00084962685549874728 0.001445588710339061 0.0010889261252982538 0.0074696459271216525 0.38375000000000009 0.0069216452242156648
decision_type=8 8 10 10 10 10 10 10 10 10 10 8 10 10
left_child=2 3 8 6 7 -5 -2 -4 9 -1 -10 13 -6 -3
right_child=1 11 4 5 12 -7 -8 -9 10 -11 -12 -13 -14 -15
leaf_value=-0.015933728900262126 0.0053201731289976174 0.010535328057596736 -0.0016034842484085544 0.0099619711341148373 0.013112195622566799 0.0035835360138512001 -0.00084919967269069712 -0.0054457784054245091 -0.019028346221202426 -0.0098894321303889532 -0.0050858730092930285 0.014388710538961881 0.0013977683539830974 0.0051944970221731116
leaf_weight=1581.9269526153803 1278.9796747863293 2281.8894912153482 3657.1254612505436 1145.1052606552839 110.29834322631359 8031.4849038124084 4947.4147085398436 5289.7279362082481 94.387328773736954 2059.286441013217 1000.474248290062 1156.4875610992312 1063.1119329184294 413.19308978319168
leaf_count=6392 6772 14521 16145 6613 519 41535 23549 22646 378 8287 4127 8366 5030 2653
internal_value=4.3414e-05 0.00448182 -0.00570408 0.00279192 -0.00311976 0.00439598 0.000414945 -0.00388544 -0.0111955 -0.0125683 -0.0065035 0.0111997 0.0026511 0.00976092
internal_weight=34110.9 19254.6 14856.3 15403 10120.3 9176.59 6226.39 8946.85 4736.07 3641.21 1094.86 3851.57 1173.41 2695.08
internal_count=167533 104009 63524 78469 44340 48148 30321 38791 19184 14679 4505 25540 5549 17174
is_linear=0
shrinkage=0.03


Tree=48
num_leaves=14
num_cat=0
split_feature=0 0 0 3 0 1 0 1 3 3 3 0 1
split_gain=272.187 256.867 146.525 111.264 59.7965 53.7514 39.1358 33.6623 17.0752 11.9328 10.6427 5.65668 1.57621
threshold=-0.0041502997841843673 0.0016563620401740592 -0.00066482403446349364 0.44375000000000003 0.0060883274071632607 1.0852265344658598 -0.0097776924312434326 0.41941447679965133 0.53875000000000017 0.72625000000000017 0.3262500000000001 -0.0053505284069585114 -1.138085543162108
decision_type=10 10 10 8 10 10 8 10 8 8 10 10 10
left_child=6 2 5 -4 9 -2 12 -6 10 -3 -8 -10 -1
right_child=1 4 3 -5 7 -7 8 -9 11 -11 -12 -13 -14
leaf_value=0.0064728638749196321 -0.00043361104080464881 0.0021816551138934379 -0.0076118114608229696 -0.0021430432947444605 0.0060776983376216271 0.0061760801773935335 0.015092351218473637 0.016299650550251184 0.013673811584235626 0.0098948088557416283 0.0046916725059199674 0.0070223121911494549 0.018202677239655032
leaf_weight=42.514431208372116 7595.7013826370239 6973.8906443119049 5728.4430036097765 8169.0805739760399 1133.5346900075674 1284.1088620573282 94.490397840738297 410.93658287078142 440.10194435715675 181.41447626054287 1408.8168623447418 273.55781717598438 399.91334344446659
leaf_count=305 36259 36137 25177 36999 6658 6403 588 2622 2861 939 8444 1522 2990
internal_value=-2.49199e-05 -0.00080642 -0.00248267 -0.00440539 0.00357318 0.000521339 0.00917096 0.00892341 0.00743588 0.00239912 0.00548047 0.0113394 0.0173761
internal_weight=34136.5 31477.1 22777.3 13897.5 8699.78 8879.81 2659.39 1544.47 2216.97 7155.31 1503.31 713.66 442.428
internal_count=167904 151194 104838 62176 46356 42662 16710 9280 13415 37076 9032 4383 3295
is_linear=0
shrinkage=0.03


Tree=49
num_leaves=15
num_cat=0
split_feature=2 2 2 1 1 0 0 0 0 2 2 0 2 0
split_gain=922.459 269.89 172.396 73.8481 69.2029 65.5084 57.0746 72.7348 43.7261 32.9839 22.7245 15.563 13.8133 12.5907
threshold=0.0030975723142180316 0.0020449271461166637 0.0046771635379937336 -0.43610339862533021 1.3033236169234386 -0.001702239153931625 0.0011774604874582894 -0.0018851828256214898 -0.0036391420074520071 0.0088198125431252512 0.0024039869930330819 -0.0051556924144032226 0.0039915687364262924 0.00090512058798383689
decision_type=8 10 8 10 10 10 10 10 10 10 10 8 10 10
left_child=1 4 6 10 5 -1 7 -2 -5 11 -3 -4 -8 -6
right_child=2 3 9 8 13 -7 12 -9 -10 -11 -12 -13 -14 -15
leaf_value=0.00015815857384571507 0.0054795551248876095 -0.0079128740119819834 0.013105310214259763 0.0095083089220912645 -0.003585725828250562 -0.011769062337526183 0.0047305190673747948 -0.00078479614728724743 -0.00054496346686695404 0.01618522202282726 -0.003291037031006513 0.0078850592640982309 0.0088228669014365681 0.0047941931787312663
leaf_weight=439.55295169353485 2567.2506529986858 1522.6290741860867 666.26224401593208 404.5686856508255 634.26758483052254 5152.30723965168 2787.5095496028662 4688.1984942108393 6377.1115988194942 626.88188880681992 2837.917569771409 4040.4601217508316 1121.6759811490774 201.33865983784199
leaf_count=1839 13810 6483 4849 2142 2601 21083 14615 22241 28672 4632 12945 24633 6265 859
internal_value=5.46335e-05 -0.00472593 0.00514908 -0.00189191 -0.00961891 -0.0108222 0.00301695 0.001428 5.90582e-05 0.00958694 -0.00493304 0.00866295 0.00593958 -0.00146282
internal_weight=34067.9 17569.7 16498.2 11142.2 6427.47 5591.86 11164.6 7255.45 6781.68 5333.6 4360.55 4706.72 3909.19 835.606
internal_count=167669 76624 91045 50242 26382 22922 56931 36051 30814 34114 19428 29482 20880 3460
is_linear=0
shrinkage=0.03


Tree=50
num_leaves=15
num_cat=0
split_feature=2 2 2 1 3 1 2 1 2 2 2 1 3 2
split_gain=872.57 278.263 173.237 73.6325 61.6101 52.651 43.4476 38.814 25.5626 23.2145 18.7125 18.1959 10.6079 10.2877
threshold=0.0030863654409954808 0.0020449271461166637 0.0052406116286393594 -0.45588390757371849 0.49625000000000002 1.8913997938054929 0.001445588710339061 -0.076061553923435513 0.0034878767261754045 0.0040707763470456222 0.0088198125431252512 0.92944679649135675 0.49875000000000008 0.0017372338072111071
decision_type=8 10 8 10 10 10 10 10 10 10 10 10 8 10
left_child=1 5 7 4 -3 6 -1 8 -2 -9 12 -5 -4 -7
right_child=2 3 10 11 -6 13 -8 9 -10 -11 -12 -13 -14 -15
leaf_value=-0.014301436199746432 -0.00082843434805062745 -0.0079971533673588308 0.0079417342315893907 -0.00084270584017175868 -0.00064761172293993348 -0.003306109497044189 -0.0086080653020527021 0.0037238258075037323 0.0029916755924580146 0.0078839129279941536 0.015568603954475235 0.0025660843668457831 0.011847096188550938 0.0057876527741913203
leaf_weight=1827.8424701541662 2342.9336716234684 2429.9026354402304 1954.202281974256 4825.366268903017 1807.9555875211954 271.99875839054585 4182.9240115433931 4025.7923195958138 4658.5808037221432 1815.0350379943848 613.42504642158747 1976.1287204921246 1228.0378245711327 174.78012692928314
leaf_count=7403 11487 10779 12894 21708 8069 1099 17240 20415 24397 10093 4584 9153 8107 751
internal_value=-1.11476e-05 -0.00468886 0.0049043 -0.00178543 -0.00488472 -0.00963265 -0.0103702 0.00322857 0.00170543 0.00503809 0.0105349 0.0001412 0.00950001 0.000168844
internal_weight=34134.9 17496.9 16638 11039.4 4237.86 6457.55 6010.77 12842.3 7001.51 5840.83 3795.67 6801.49 3182.24 446.779
internal_count=168179 76202 91977 49709 18848 26493 24643 66392 35884 30508 25585 30861 21001 1850
is_linear=0
shrinkage=0.03


Tree=51
num_leaves=15
num_cat=0
split_feature=2 2 2 1 3 2 2 1 2 1 3 2 2 2
split_gain=878.762 243.156 165.479 60.8637 61.8434 40.7563 34.66 27.6795 24.2536 21.8657 18.6018 17.0949 17.0191 9.46682
threshold=0.0030863654409954808 0.0016064990190196478 0.0052406116286393594 1.0000000180025095e-35 0.42375000000000002 0.0035021854839194923 0.003136861609594806 0.27361477342269752 0.0020449271461166637 -1.1518724797628306 0.40625000000000006 0.0015802097810649572 0.0074696459271216525 0.0069216452242156648
decision_type=8 10 8 10 10 10 10 10 10 10 10 10 10 10
left_child=1 7 5 4 -3 6 -2 11 -5 -7 -9 -1 13 -4
right_child=2 3 12 8 -6 9 -8 10 -10 -11 -12 -13 -14 -15
leaf_value=-0.01344807384779937 0.0080920973985629217 -0.0087549827648325963 0.0099374292656367602 -0.0039751664853771209 -0.002994212729433089 0.00061652847277745377 4.0884569640608917e-05 -0.0037692211460819995 0.00027834714056254161 0.005245342175377179 -0.011967562723069505 -0.023391587080567825 0.013951438849869085 0.0044750031373841466
leaf_weight=1650.200320571661 542.02453619241714 2400.7319890856743 2305.2111596465111 1593.5179160088301 5765.3779240846634 1089.7053987979889 3874.647894769907 492.89423616230488 4784.4243428856134 7219.6043679267168 592.80061727762222 211.19151498377323 1070.0560788959265 402.73513606190681
leaf_count=6688 2638 10272 15020 6665 25440 5669 19106 1992 21863 38481 2392 851 7988 2634
internal_value=9.11547e-05 -0.00459104 0.00505682 -0.00298875 -0.00470378 0.00340811 0.00105855 -0.0124413 -0.000779553 0.00464699 -0.00836873 -0.0147273 0.0105709 0.00916657
internal_weight=33995.1 17491.1 16504 14544.1 8166.11 12726 4416.67 2947.09 6377.94 8309.31 1085.69 1861.39 3778 2707.95
internal_count=167699 76163 91536 64240 35712 65894 21744 11923 28528 44150 4384 7539 25642 17654
is_linear=0
shrinkage=0.03


Tree=52
num_leaves=15
num_cat=0
split_feature=2 2 2 0 0 0 0 0 1 2 1 2 0 0
split_gain=764.169 219.048 158.51 60.5512 67.6315 59.6299 47.3011 92.6398 46.0847 28.5374 13.5962 12.9885 9.07966 1.46895
threshold=0.0030863654409954808 0.0019736335366390503 0.0052406116286393594 0.00093289548222463218 -0.0015685262580415363 -0.0080447891194758668 0.00079339463704917177 -0.0018851828256214898 -0.46574804205549952 0.0010889261252982538 0.054087385314740145 0.0088198125431252512 0.0092551009283870032 0.0099498557420046041
decision_type=8 10 8 10 10 10 10 10 10 10 10 10 10 10
left_child=1 3 6 4 -1 -3 7 -2 -7 -5 -8 12 -4 -13
right_child=2 5 11 9 -6 8 10 -9 -10 -11 -12 13 -14 -15
leaf_value=0 0.005585737310141484 0.02180715254132392 0.0087253049481899585 -0.019862655141314689 -0.012205428021634308 -0.0046307673913850963 0.003849690772453927 -0.0012256934135044366 -0.0007436361701391224 -0.0022309561013153702 0.007035080090245685 0.014964227388478893 0.017031786804353705 0.0051327710522235314
leaf_weight=453.95708005130291 2970.260975971818 83.313875630497932 2976.9153543561697 80.429205328226089 3890.2212752699852 4444.4997778385878 3082.9868893325329 4495.2068988233805 7286.3372981250286 1241.2719748467207 2214.6187308877707 556.91963237524033 144.06967291980982 47.559825494885445
leaf_count=1875 16301 505 19824 322 15776 19584 16391 21437 32841 5180 12073 4228 1029 377
internal_value=3.02307e-07 -0.00436688 0.00463357 -0.00921412 -0.0109299 -0.00203132 0.00303313 0.00148017 -0.00222417 -0.00349004 0.00520337 0.0100777 0.00918108 0.0143845
internal_weight=33968.6 17480 16488.5 5665.88 4344.18 11814.2 12763.1 7465.47 11730.8 1321.7 5297.61 3725.46 3120.99 604.479
internal_count=167743 76083 91660 23153 17651 52930 66202 37738 52425 5502 28464 25458 20853 4605
is_linear=0
shrinkage=0.03


Tree=53
num_leaves=15
num_cat=0
split_feature=2 2 2 1 3 1 1 2 2 1 2 2 3 1
split_gain=756.076 211.611 159.073 54.1226 44.3595 43.9035 42.7609 42.0686 27.0758 19.0996 18.642 13.4058 11.5021 5.38358
threshold=0.0030863654409954808 0.0020449271461166637 0.0052406116286393594 -0.43610339862533021 0.49625000000000002 2.1376717743595877 -0.10759265303183205 0.001445588710339061 0.0039915687364262924 0.79281428166418455 0.0035021854839194923 0.0088198125431252512 0.50125000000000008 2.8192056832459476
decision_type=8 10 8 10 10 10 10 10 10 10 8 10 8 10
left_child=1 5 6 4 -3 7 10 -1 -8 -5 -2 12 -4 -7
right_child=2 3 11 9 -6 13 8 -9 -10 -11 -12 -13 -14 -15
leaf_value=-0.013182340426104951 -0.00086419924070365532 -0.007100232425090074 0.007507416679504374 -0.0013387656544923208 -0.00089721589884135631 -0.0016058621859092617 0.0032643526325147167 -0.0076222223592695921 0.0075722259781637932 0.0020358429388203105 0.0024259586922023946 0.014364365550161089 0.011587728003596953 0.0056321485351342329
leaf_weight=1830.0951591283083 2332.0367138981819 2492.1402591913939 1955.8869841620326 4455.2548989802599 1819.6254875212908 185.44485850632191 3867.3670015633106 4291.5788937062025 2076.0285450667143 2265.6742020398378 4462.4571679383516 600.86631045490503 1167.4072363004088 154.24476143717766
leaf_count=7437 11449 11000 13106 19997 8100 768 19654 17666 11561 10501 23507 4630 7863 637
internal_value=-7.68302e-05 -0.00441986 0.00453471 -0.00188472 -0.00450449 -0.00872971 0.00292903 -0.00931301 0.00478936 -0.000190912 0.00128827 0.00998803 0.0090838 0.00157624
internal_weight=33956.1 17494.1 16462 11032.7 4311.77 6461.36 12737.9 6121.67 5943.4 6720.93 6794.49 3724.16 3123.29 339.69
internal_count=167876 76106 91770 49598 19100 26508 66171 25103 31215 30498 34956 25599 20969 1405
is_linear=0
shrinkage=0.03


Tree=54
num_leaves=15
num_cat=0
split_feature=2 2 2 1 1 3 1 1 3 1 2 2 2 3
split_gain=671.202 256.047 89.7819 51.2839 49.7591 38.7155 24.8708 20.9455 16.3724 16.3006 19.604 15.659 13.8966 11.7738
threshold=0.0034190409572881493 0.0020032689886634769 0.0055675591397784992 0.19055655952459163 -0.60237693430250971 0.49625000000000002 2.1376717743595877 1.3620442263934056 0.42375000000000002 -0.29886915707875444 0.0040707763470456222 0.0074696459271216525 0.0069216452242156648 0.62125000000000019
decision_type=8 10 8 10 10 10 10 10 10 10 10 10 10 10
left_child=1 3 9 8 5 -3 -5 -6 -1 13 -11 12 -4 -2
right_child=2 4 11 6 7 -7 -8 -9 -10 10 -12 -13 -14 -15
leaf_value=-0.012837979222914048 0.0033224535094369023 -0.0060566018415072051 0.0094497072633688145 -0.0061867846395865598 -0.0006276310521444124 -0.00065021968933995529 0.0026884491618973175 0.0029847503207783813 -0.0085371906704706391 0.003356327582787021 0.0071190819103970591 0.013074225375531497 0.0028874503833389554 -0.00065706023625809555
leaf_weight=1848.8239772468805 3668.7341504320502 2735.5005673766136 1644.0992983579636 2022.6826462745667 8506.0477918684483 2159.4053408205509 314.37111641466618 1729.541686207056 1843.9130607843399 2803.5280393213034 2434.438085436821 1024.4994795024395 400.31801506131887 784.86265523731709
leaf_count=7522 19543 12258 11029 8304 39109 9897 1294 8139 7566 14595 13959 7844 2655 4091
internal_value=-1.70956e-05 -0.00329548 0.00541297 -0.00851925 -0.0012055 -0.00368998 -0.00496099 -9.06131e-06 -0.0107355 0.0039793 0.0051268 0.00989335 0.00821426 0.0026078
internal_weight=33920.8 21160.3 12760.5 6029.79 15130.5 4894.91 2337.05 10235.6 3692.74 9691.56 5237.97 3068.92 2044.42 4453.6
internal_count=167805 94089 73716 24686 69403 22155 9598 47248 15088 52188 28554 21528 13684 23634
is_linear=0
shrinkage=0.03


Tree=55
num_leaves=15
num_cat=0
split_feature=0 0 1 0 0 0 0 1 3 3 3 3 1 1
split_gain=227.449 212.182 97.9868 63.6169 49.2313 36.6013 35.8439 29.0723 13.7279 16.9538 10.0376 5.52775 2.38634 2.01247
threshold=-0.0041502997841843673 0.0023819043545426229 -0.076061553923435513 -0.0017947561892054 -0.00069292750797818662 -0.0097776924312434326 0.0060883274071632607 -0.28887428737013071 0.53875000000000017 0.39625000000000005 0.61375000000000013 0.57625000000000004 -1.138085543162108 1.136812141233041
decision_type=8 8 10 10 10 10 10 10 10 10 10 10 10 10
left_child=5 2 3 -2 -4 12 10 -8 9 -7 -3 -10 -1 -14
right_child=1 6 4 -5 -6 8 7 -9 11 -11 -12 -13 13 -15
leaf_value=0.0049747370065066398 0.00072392888908243244 0.0035387856207460709 0.0027679868746358512 -0.0047063568800131397 -0.0013523579322771947 0.010152795191562319 0.0035233304622499699 0.012098484103870663 0.014741292938259329 0.0028979784783436692 0 0.0079281176072575898 0.01872256491533663 0.0072963674504547688
leaf_weight=38.45384281873703 2337.2764923274517 3923.9022277370095 3912.5333244204521 10883.594061166048 7787.236506357789 421.06022571772337 693.4122716486454 808.4002970457077 226.13897820562124 1047.1954986602068 909.38388268649578 457.37544357776642 330.17714870721102 52.10515932738781
leaf_count=287 11601 21242 19218 49432 35548 2632 4130 5122 1409 6369 4771 2860 2572 423
internal_value=-1.68064e-05 -0.000725346 -0.00197336 -0.003742 2.15945e-05 0.00853813 0.00416992 0.00822837 0.00684929 0.00507368 0.00288209 0.0104488 0.0166765 0.0175438
internal_weight=33828.2 31255.7 24920.6 13220.9 11699.8 2572.51 6335.1 1501.81 2151.77 1468.26 4833.29 683.514 420.736 382.282
internal_count=167616 151064 115799 61033 54766 16552 35265 9252 13270 9001 26013 4269 3282 2995
is_linear=0
shrinkage=0.03


Tree=56
num_leaves=15
num_cat=0
split_feature=2 2 2 0 0 0 2 3 0 2 2 0 3 0
split_gain=657.776 176.149 132.648 61.0195 82.1021 56.3769 37.5648 31.1975 30.4867 28.0179 22.3812 21.3542 8.46887 8.2881
threshold=0.0030863654409954808 0.001867979531125979 0.0043497958137187591 0.00082159576828511516 -0.0018851828256214898 -0.0084981284614338171 0.0040104733304191864 0.74875000000000014 0.0030305325383313485 0.0066638782940363116 0.001445588710339061 -0.00017265298343091602 0.44625000000000009 -0.0097776924312434326
decision_type=8 10 8 10 10 10 10 10 10 8 10 10 10 8
left_child=1 8 3 4 -2 -3 -5 -7 10 11 -1 -4 -10 -11
right_child=2 5 9 6 -6 7 -8 -9 12 13 -12 -13 -14 -15
leaf_value=-0.012056176271333425 0.0047396699693989337 0.022377049692175594 0.0087311326286862723 0.0037307610166683182 -0.0024228303094472659 -0.0025495402929089088 0.011819540117872443 0.010685414548996205 0.0070222187085644027 0.018665299484868468 -0.0075907144711155001 0.0045050713009261757 -0.004639292826770159 0.01013889938018599
leaf_weight=1910.9600396901369 2294.9507496356964 72.977752193808556 2026.0792562887073 3213.8341258019209 3825.5956189781427 12520.538786232471 624.22744560241699 151.03006100654602 121.47472335398197 139.32530508190393 2632.8164369910955 2589.067231759429 83.145024091005325 1637.2747747525573
leaf_count=7779 12460 454 12472 16847 18049 55660 3466 669 519 1248 10630 15387 362 11779
internal_value=-1.79737e-05 -0.00406211 0.00430494 0.00212821 0.000256373 -0.00221487 0.00508922 -0.00237876 -0.00899235 0.00767838 -0.00950426 0.00638818 0.00200875 0.0109419
internal_weight=33843.3 17492.9 16350.4 9958.61 6120.55 12744.5 3838.06 12671.6 4748.4 6391.75 4543.78 4615.15 204.62 1776.6
internal_count=167781 76073 91708 50822 30509 56783 20313 56329 19290 40886 18409 27859 881 13027
is_linear=0
shrinkage=0.03


Tree=57
num_leaves=15
num_cat=0
split_feature=2 2 2 1 0 0 1 2 0 0 0 0 1 2
split_gain=626.708 213.218 71.9076 49.4465 46.01 45.672 29.5912 27.1765 21.4842 19.1173 18.4068 16.1054 11.9975 5.19037
threshold=0.0024039869930330819 0.0046771635379937336 0.0016226914765030776 0.19055655952459163 -0.0053505284069585114 0.0027063659757853818 2.0713031688565704 0.0061243861919275519 -0.0013733188010398056 -0.0068428042098904142 -0.002733966124784791 0.0016941721477928017 -1.8450947436383462 0.0032662870358655155
decision_type=8 8 10 10 10 10 10 10 10 8 10 10 10 10
left_child=2 4 6 11 13 -6 8 9 -1 -3 -5 -4 -9 -2
right_child=1 7 3 10 5 -7 -8 12 -10 -11 -12 -13 -14 -15
leaf_value=-0.001675434612221054 0.0049766825808879502 0.014654217518664617 -0.0071663492312506079 0.0089232679375081149 0.0002154130789733257 0.0041773190006271291 0.001420103417504179 -0.0019236131726690421 -0.01142898778328336 0.0052553778002390628 -0.0017657065198065098 -0.0023479332055344813 0.010906739700318933 0.010508571058864343
leaf_weight=239.82341338694096 361.89064520597458 215.4571487903595 3712.4461161643267 142.53332468867302 14322.089659571648 3205.7893591672182 183.24827039241791 56.50375397503376 2670.4424562752247 2535.0126435980201 2532.4715566784143 813.09670804440975 2336.1732316762209 452.33353887498379
leaf_count=963 2157 1628 15373 676 68103 17283 738 391 10869 15371 10820 3548 16817 2874
internal_value=8.80177e-05 0.00279503 -0.00607876 -0.0044098 0.0012756 0.000945422 -0.00991743 0.00818919 -0.0106543 0.00606379 -0.0011427 -0.00632095 0.010572 0.00821287
internal_weight=33779.3 23485.2 10294.1 7200.55 18342.1 17527.9 3093.51 5143.15 2910.27 2750.47 2675 4525.54 2392.68 814.224
internal_count=167611 124624 42987 30417 90417 85386 12570 34207 11832 16999 11496 18921 17208 5031
is_linear=0
shrinkage=0.03


Tree=58
num_leaves=14
num_cat=0
split_feature=0 0 1 3 0 0 1 1 1 3 3 1 1
split_gain=203.19 209.868 83.6102 72.3527 49.9878 45.6437 29.5054 25.2206 14.5982 13.0768 11.7718 9.25361 4.08758
threshold=-0.0023389976477505999 0.0016941721477928017 0.83104242237676273 0.3887500000000001 -0.0097776924312434326 0.0060883274071632607 0.41941447679965133 2.8192056832459476 -0.34797502895987376 0.46625000000000011 0.56125000000000014 2.5625947355903973 -1.1518724797628306
decision_type=10 10 10 8 8 10 10 10 8 10 10 8 10
left_child=4 2 3 -2 12 10 -7 -4 9 -6 -3 -10 -1
right_child=1 5 7 -5 8 6 -8 -9 11 -11 -12 -13 -14
leaf_value=0.0030030295923609077 -0.0078616639841943298 0.0028345098665192594 0.00042400380306083186 -0.0025436639800554294 0.00050159563940371636 0.0051960293716815072 0.01492948477519346 0.0078064500346388911 0.0057213967734688403 0.0050773258095037129 0 0.014691902766944124 0.016496776731340226
leaf_weight=38.394690029323101 2815.2723935544491 5094.4865303039551 3661.0968921482563 13014.243310272694 1151.8288269937038 1097.1817680522799 395.3919520676136 463.7396747469902 2558.1372359246016 1156.2284643575549 1822.8777664974332 113.00033186376095 375.86388197541237
leaf_count=290 12476 26808 16903 59242 6308 6644 2653 2126 14569 6397 9507 684 3029
internal_value=0.000184514 -0.000829087 -0.00250576 -0.00349762 0.00551784 0.0031403 0.00789661 0.00128537 0.00464695 0.00283172 0.00209544 0.00617665 0.0154878
internal_weight=33757.7 28364.3 19954.4 15829.5 5393.45 8409.94 1492.57 4124.84 4979.19 2308.06 6917.36 2671.14 414.259
internal_count=167636 136359 90747 71718 31277 45612 9297 19029 27958 12705 36315 15253 3319
is_linear=0
shrinkage=0.03


Tree=59
num_leaves=15
num_cat=0
split_feature=2 2 2 1 1 1 2 3 1 3 3 2 3 2
split_gain=571.236 165.43 122.983 41.6067 40.8239 39.052 31.6347 30.4514 17.2699 16.0874 13.2028 12.9474 15.0926 8.4279
threshold=0.0030863654409954808 0.001867979531125979 0.0052406116286393594 1.0000000180025095e-35 -0.25718352593222943 -0.77249895144551728 0.0039915687364262924 0.49625000000000002 2.4564214737292143 0.45875000000000005 0.62625000000000008 0.0088198125431252512 0.54875000000000018 0.003157671466059313
decision_type=8 10 8 10 10 10 10 10 10 10 10 8 10 10
left_child=1 4 5 7 9 13 -7 -3 -6 -1 -5 12 -4 -2
right_child=2 3 11 10 8 6 -8 -9 -10 -11 -12 -13 -14 -15
leaf_value=-0.013731223887964881 0.0058353525439346467 -0.0050443637783303295 0.0066031199610826997 0.00068278416120706677 -0.006613168954956318 0.0024063881892353108 0.0061161877218150482 -0.001049630241578325 0.0026807511114079938 -0.0076859084778870363 -0.0032538365810246698 0.0130804040136831 0.011617654953095687 -0.00047256637593361258
leaf_weight=1340.4843394756317 192.69617754220963 4248.6795523911715 2158.6185427010059 4657.7723093628883 2482.1721691340208 6089.9497428387403 3217.8899010717869 2961.710776746273 179.11310230195522 714.86188998818398 907.12856076657772 639.90002273023129 827.31283685564995 3125.2841102927923
leaf_count=5459 931 18531 14834 21097 10090 30989 17983 13133 726 2911 4095 5104 5694 16109
internal_value=6.46678e-05 -0.0036949 0.00411463 -0.00191303 -0.00849426 0.0027052 0.00370056 -0.00341554 -0.0059575 -0.0117051 2.56318e-05 0.00898507 0.00804667 -7.17631e-05
internal_weight=33743.6 17491.9 16251.7 12775.3 4716.63 12625.8 9307.84 7210.39 2661.29 2055.35 5564.9 3625.83 2985.93 3317.98
internal_count=167686 76042 91644 56856 19186 66012 48972 31664 10816 8370 25192 25632 20528 17040
is_linear=0
shrinkage=0.03


Tree=60
num_leaves=15
num_cat=0
split_feature=2 2 2 2 1 0 1 0 0 2 2 0 2 0
split_gain=532.07 180.925 89.0132 73.6635 55.752 36.4719 26.8784 37.6584 25.5046 22.4819 17.3792 13.1333 11.0864 7.46498
threshold=0.0024039869930330819 0.0053927673544491841 0.0016064990190196478 0.0034190409572881493 -0.39726467404666471 0.0048440696736161692 -0.77249895144551728 -0.0010397748304740357 -0.0042609063521371528 0.0020449271461166637 0.0074696459271216525 -0.0035479643904972095 0.0069216452242156648 -0.00029028835979325485
decision_type=8 8 10 10 10 10 10 10 10 10 10 10 10 10
left_child=2 3 6 8 11 -5 -1 -8 -2 -6 12 -4 -3 -12
right_child=1 10 4 5 9 -7 7 -9 -10 -11 13 -13 -14 -15
leaf_value=-0.015475989164913365 0.0050334844804259329 0.0082631081162060482 0.0010447866333034657 0.002615324158988424 -0.0040474476898306648 0.0089445828879351538 0.0022853438118615975 -0.0098673328220607072 -0.00077958193126678006 0.00021540138067153007 0.015293078580379744 -0.0076513121321592709 0.0023948037452550864 0.0091504151524180854
leaf_weight=705.10648967325687 716.78858265280724 1901.9958017393947 150.28570213913918 8424.2967898696661 2140.0841551423073 912.74083960056305 246.87245732545853 1977.0807449221611 10079.908663004637 2255.3413961827755 484.3123549297452 2832.5199050605297 389.53551608324051 522.18968363851309
leaf_count=2885 4136 13053 688 44726 8884 5600 993 8059 46679 9796 3989 11738 2651 4013
internal_value=-0.000125443 0.00237139 -0.00580415 0.00129888 -0.00402477 0.00324937 -0.010237 -0.00848726 -0.000383802 -0.00185099 0.00887692 -0.00719109 0.00730637 0.0122866
internal_weight=33739.1 23431.8 10307.3 20133.7 7378.23 9337.04 2929.06 2223.95 10796.7 4395.43 3298.03 2982.81 2291.53 1006.5
internal_count=167890 124847 43043 101141 31106 50326 11937 9052 50815 18680 23706 12426 15704 8002
is_linear=0
shrinkage=0.03


Tree=61
num_leaves=15
num_cat=0
split_feature=2 2 2 1 1 3 1 3 3 2 3 2 2 3
split_gain=481.477 199.359 83.7183 51.8488 37.4491 34.7814 26.5497 26.3031 19.3619 18.212 12.9871 12.6142 10.8895 10.6837
threshold=0.0034190409572881493 0.001719074333767883 0.0052406116286393594 -0.096953904592439813 0.51861386362959128 0.46625000000000011 -0.10759265303183205 0.41625000000000006 0.68625000000000014 0.0022811186681237655 0.35375000000000006 0.0088198125431252512 0.0051958790707838541 0.54875000000000018
decision_type=8 10 8 10 10 10 10 10 10 10 10 10 10 8
left_child=1 4 6 5 8 -3 12 -6 -1 -5 -8 13 -2 -4
right_child=2 3 11 9 7 -7 10 -9 -10 -11 -12 -13 -14 -15
leaf_value=-0.0113688618735315 0.0018245306123675564 -0.0048641270636047163 0.0064723007750790715 -0.0017151957215985122 0.00036361190579867675 -0.0011430177251641842 -0.0017027787925717015 -0.0087876154975851505 0.0014818018725670462 0.0013609126008768231 0.0053518968190721583 0.012959293080649137 -0.0099714755481523556 0.010680887850320451
leaf_weight=2561.7123905867338 4775.405906625092 4203.3345323801041 2133.5504857674241 2464.0270183384418 557.03881235420704 5012.3874098211527 231.81872425973415 538.45791156589985 99.217760443687439 5709.0514703541994 3933.5460082739592 566.49261911958456 60.222257934510708 880.15835517644882
leaf_count=10454 25187 18534 14793 10535 2261 22700 1252 2184 400 26941 21473 4621 363 6182
internal_value=9.46356e-05 -0.0026681 0.00474116 -0.00130786 -0.00892864 -0.00285017 0.00318107 -0.00411892 -0.0108635 0.00042523 0.00494177 0.0086269 0.00164497 0.00775253
internal_weight=33726.4 21145.2 12581.2 17388.8 3756.43 9215.72 9000.99 1095.5 2660.93 8173.08 4165.36 3580.2 4835.63 3013.71
internal_count=167880 94009 73871 78710 15299 41234 48275 4445 10854 37476 22725 25596 25550 20975
is_linear=0
shrinkage=0.03


Tree=62
num_leaves=15
num_cat=0
split_feature=2 2 2 0 3 3 2 0 2 3 0 0 0 2
split_gain=479.354 170.693 58.6633 45.2817 44.8614 50.4089 44.5355 42.3893 28.458 27.4446 27.1985 32.6293 23.0447 14.3738
threshold=0.0024039869930330819 0.0039915687364262924 0.001719074333767883 -0.0018851828256214898 0.46625000000000011 0.37875000000000009 0.0061243861919275519 0.00031659335776716555 0.0038080536024029036 0.53625000000000012 0.00084962685549874728 -0.00063944326381168524 -0.0057640954610213386 0.0014982742317421387
decision_type=8 8 10 10 10 10 8 10 10 10 10 10 10 10
left_child=2 3 10 8 5 -4 12 -5 -2 -6 11 -1 -3 -12
right_child=1 6 4 7 9 -7 -8 -9 -10 -11 13 -13 -14 -15
leaf_value=-0.0041021756461295869 0.002869061602260998 0.011457572468556276 -0.00033186086172578341 -0.0023228632922655825 0.0025882317895498464 -0.0082374705096757376 0.0094741476700464615 0.0012594486478881332 0.01278614345334105 -0.0031885628014611065 0.00058978710528400822 -0.011496911006246471 0.0039548482835443308 -0.0073164696572781589
leaf_weight=767.33570973575115 2850.2789202779531 401.8693655282259 1055.070618018508 5032.5840785503387 1212.7547286599874 2443.2784821242094 2386.9548464268446 7221.3946624100208 283.93655712902546 1846.5087564587593 410.09540216624737 2198.2437319755554 5198.9817957505584 380.75185824930668
leaf_count=3102 14867 2900 4396 22817 5160 10311 17673 35420 1546 7881 1648 9006 29635 1554
internal_value=8.5544e-05 0.0024642 -0.00529686 0.000611693 -0.00355945 -0.00587805 0.00602026 -0.000207572 0.00382437 -0.000878003 -0.00829643 -0.00962392 0.00452333 -0.00318557
internal_weight=33690 23376 10314 15388.2 6557.61 3498.35 7987.81 12254 3134.22 3059.26 3756.43 2965.58 5600.85 790.847
internal_count=167916 124858 43058 74650 27748 14707 50208 58237 16413 13041 15310 12108 32535 3202
is_linear=0
shrinkage=0.03


Tree=63
num_leaves=15
num_cat=0
split_feature=0 0 1 3 0 0 1 0 3 3 3 3 3 3
split_gain=160.885 136.531 76.1203 56.8821 34.8819 21.7974 30.3167 17.9907 14.1888 15.8299 7.56178 4.11942 4.03164 2.64766
threshold=-0.0042609063521371528 0.0024830039026835491 -0.032743077586652326 0.44625000000000009 -0.00058519450179282488 0.0060883274071632607 0.41941447679965133 -0.010703741393565216 0.53875000000000017 0.40125000000000005 0.61375000000000013 0.57625000000000004 0.38375000000000009 0.53625000000000012
decision_type=10 10 10 10 10 10 10 8 10 10 10 10 10 10
left_child=7 2 3 -2 -4 10 -7 12 9 -9 -3 -10 -1 -14
right_child=1 5 4 -5 -6 6 -8 8 11 -11 -12 -13 13 -15
leaf_value=0.006362341652831404 -0.0053138851578131271 0.0030875526327597594 0.0025361819394982784 -0.0013844248386836516 -0.00091198102398163197 0.0040349613470893261 0.013949199807831419 0.0090377147723556869 0.01416615428912868 0.0022288835240437174 0 0.0078356360535817623 0.019193625244350039 0.0077034220476749774
leaf_weight=86.257614530622959 5602.1033448055387 3618.0310267955065 4107.0264418795705 8266.589473746717 7326.9113198369741 1085.8297332450747 385.01198922097683 478.26475844532251 209.44087485969067 949.59016673266888 852.02526453137398 441.10239608585835 165.20836866647005 65.205195747315884
leaf_count=729 25542 19836 20229 38735 33637 6661 2637 3163 1363 5966 4506 2864 1385 540
internal_value=5.13354e-05 -0.000522251 -0.00148503 -0.00297869 0.000322477 0.0035638 0.00674733 0.00752975 0.00640439 0.00459825 0.00249016 0.0101482 0.0143099 0.0166472
internal_weight=33638.6 31243.5 25302.6 13868.7 11433.9 5940.9 1470.84 2395.07 2078.4 1427.85 4470.06 650.543 316.671 230.414
internal_count=167793 151783 118143 64277 53866 33640 9298 16010 13356 9129 24342 4227 2654 1925
is_linear=0
shrinkage=0.03


Tree=64
num_leaves=15
num_cat=0
split_feature=2 2 1 2 2 1 3 1 3 2 2 3 3 3
split_gain=476.446 159.397 62.1855 44.9291 40.9059 33.9678 27.2323 19.6134 19.2088 16.3344 12.9173 16.0001 12.543 11.4941
threshold=0.0024304647363403431 0.0052406116286393594 -0.46574804205549952 0.0020449271461166637 0.0034190409572881493 2.1376717743595877 0.4612500000000001 -0.51472807222262118 0.56625000000000003 0.0023817632904604758 0.0074696459271216525 0.50125000000000008 0.46625000000000011 0.35125000000000001
decision_type=8 8 10 10 10 10 10 10 10 10 8 10 10 10
left_child=2 4 6 5 8 -4 13 -6 -2 -8 11 -3 -5 -1
right_child=1 10 3 12 7 -7 9 -9 -10 -11 -12 -13 -14 -15
leaf_value=-0.0044538403506392751 0.0009443890480781412 0.0050517389662184551 -0.0062247436977678552 -0.0026459713335430543 0.0010192271564581179 0.0034668350381382436 -0.0041862093565111285 0.0039568116632857737 -0.0018636679972627117 -0.014075856255696068 0.011289922989989027 0.010225103369142423 0.0015195603834674762 -0.011372708367795826
leaf_weight=297.8088271021843 7439.3804199248552 1566.7990826740861 3775.2089890241623 1170.3612985759974 3321.6093225777149 341.55970977246761 1531.5834839791059 5634.6626772508025 3093.3442752510309 167.97025746107101 1028.8346867635846 927.15495993196964 1427.987636089325 1900.7241460233927
leaf_count=1221 34966 10721 15522 5056 17498 1411 6387 30725 14706 723 8370 6408 6230 7845
internal_value=2.72849e-05 0.00245413 -0.00522637 -0.00345291 0.00138684 -0.00539966 -0.00824944 0.00287639 0.000113017 -0.00527534 0.00832103 0.00703211 -0.000336647 -0.0104871
internal_weight=33625 23011.8 10613.2 6715.12 19489 4116.77 3898.09 8956.27 10532.7 1699.55 3522.79 2493.95 2598.35 2198.53
internal_count=167789 123394 44395 28219 97895 16933 16176 48223 49672 7110 25499 17129 11286 9066
is_linear=0
shrinkage=0.03


Tree=65
num_leaves=15
num_cat=0
split_feature=2 2 2 0 0 0 0 0 3 3 2 2 0 2
split_gain=452.641 178.804 76.1817 64.5414 51.1569 33.6541 54.1605 32.7794 19.6861 13.9506 13.8858 9.78191 9.15996 10.9661
threshold=0.0034190409572881493 0.0019736335366390503 0.0055675591397784992 0.0016563620401740592 -0.0015685262580415363 -0.0033776381542644815 0.00082159576828511516 -0.009143318059400397 0.73875000000000013 0.40125000000000005 0.001867979531125979 0.0030975723142180316 0.00056349958638879209 0.0064893139797160262
decision_type=8 10 8 10 10 10 10 10 10 10 10 10 10 8
left_child=1 3 5 4 -1 9 -7 11 -9 -2 -5 -3 -4 -14
right_child=2 7 12 10 -6 6 -8 8 -10 -11 -12 -13 13 -15
leaf_value=0.00086107240343898204 0.01386077836402046 0.022870873038436143 0.010326483091378371 -0.0014817585140719715 -0.0095499858552542394 5.8869118494450507e-05 0.004908987545099751 -0.001275948749899042 0.0070210391677045687 0.0058913537633799281 0.0077926960815343739 0.0023627733263162291 0.0022981519662933565 0.0085633113181955694
leaf_weight=456.86346161365509 280.89741824567318 55.274587139487267 1663.6791906803846 618.17255663871765 4387.2721733301878 4134.7581027001143 4196.1180109977722 15083.943384230137 249.98452563583851 929.85608924180269 177.62340578436852 45.204335078597069 411.75930254906416 844.08655446767807
leaf_count=1880 1799 358 12388 2545 17916 20804 23846 68777 1151 5742 786 303 2865 6373
internal_value=-7.26899e-06 -0.00268877 0.00452141 -0.00725683 -0.00855598 0.00320792 0.00251194 -0.00101204 -0.00113229 0.00788782 0.000584878 0.0152366 0.00876808 0.00659091
internal_weight=33535.5 21074.3 12461.2 5639.93 4844.14 9541.63 8330.88 15434.4 15333.9 1210.75 795.796 100.479 2919.53 1255.85
internal_count=167533 93716 73817 23127 19796 52191 44650 70589 69928 7541 3331 661 21626 9238
is_linear=0
shrinkage=0.03


Tree=66
num_leaves=14
num_cat=0
split_feature=0 0 1 3 0 3 3 3 1 1 3 1 3
split_gain=152.389 141.878 68.7218 36.0726 30.1152 20.5088 19.2336 30.4019 24.7597 12.3226 5.87041 3.74977 2.60295
threshold=-0.0037312769321812271 0.0027063659757853818 0.83104242237676273 0.44625000000000009 -0.009143318059400397 0.60875000000000012 0.61625000000000008 0.49625000000000002 -0.31818666965122427 -1.0192571683505336 0.46875000000000006 -1.1518724797628306 0.43625000000000008
decision_type=10 10 10 8 8 10 10 8 10 8 8 10 10
left_child=4 2 3 -2 11 -4 7 -3 -8 12 -11 -1 -6
right_child=1 6 5 -5 9 -7 8 -9 -10 10 -12 -13 -14
leaf_value=0.0030439980066164127 -0.0037642424048849438 0.0030447665230694376 0.0025365050152592957 -0.0011567411257135166 -0.0019862310094863091 -0.002458470409096945 -0.0052107701181428609 0.0084717886640674877 0.0042534056613593475 0.0043570533689822411 0.0078771844864224637 0.014443821308833267 0.0024781270543622409
leaf_weight=48.731361448764801 8095.2944677323103 3018.8327435255051 4249.7651477977633 11889.459046460688 179.14986458420753 875.16845337301493 428.4524747505784 1387.277067117393 564.21278081089258 1006.2755326852202 1042.3235359191895 434.89253265410662 276.10034311562777
leaf_count=376 36881 17543 20244 55824 1071 4143 2328 7947 3200 6203 6521 3598 1633
internal_value=0.000161357 -0.000470827 -0.00142144 -0.00221733 0.00661735 0.00166872 0.00393383 0.00478238 9.74252e-05 0.00521535 0.0062068 0.0135016 0.000587421
internal_weight=33495.9 30508.5 25109.7 19984.8 2987.47 5124.93 5398.78 4406.11 992.665 2503.85 2048.6 483.624 455.25
internal_count=167512 148110 117092 92705 19402 24387 31018 25490 5528 15428 12724 3974 2704
is_linear=0
shrinkage=0.03


Tree=67
num_leaves=15
num_cat=0
split_feature=0 0 1 0 0 0 0 1 3 3 0 3 3 3
split_gain=143.524 100.771 78.9661 46.3326 20.9757 20.9305 18.0586 17.8856 10.0139 13.3608 10.2629 8.95346 2.50853 4.92266
threshold=-0.0041502997841843673 0.0027063659757853818 1.0852265344658598 -0.00066482403446349364 -0.0097776924312434326 0.0047168589773173902 -0.00058519450179282488 0.41941447679965133 0.53875000000000017 0.39625000000000005 -0.0055551076254080328 0.50125000000000008 0.53125000000000011 0.60125000000000017
decision_type=10 10 10 10 10 10 10 10 10 10 10 8 10 10
left_child=4 2 3 -2 12 11 -4 -7 9 -6 -10 -3 -1 -14
right_child=1 5 6 -5 8 7 -8 -9 10 -11 -12 -13 13 -15
leaf_value=0.014949045526723633 -3.9247772809499437e-05 4.801028390482361e-05 0.005475302905448896 -0.0029613795300331104 0.0087239293977650293 0.0036357152579913894 0.0011622096252131668 0.0094554812628332829 0.012368151987152163 0.0021902573124069923 0.0042929589414117232 0.0034450136667491418 -0.00052957950618746062 0.011476668723899594
leaf_weight=310.21872325241566 7512.6203585192561 1690.3961083292961 1334.9324522837996 14171.979538947344 408.34397207945585 1805.1734063103795 2658.6293763369322 684.13814689964056 354.39167706668377 1016.6137559041381 306.45848686993122 1225.9633333012462 37.709069602191448 59.340379983186722
leaf_count=2667 36164 9254 6749 64777 2659 10776 12352 4480 2467 6367 1818 6608 313 489
internal_value=0.000103475 -0.000451075 -0.00123668 -0.00195226 0.00701578 0.00326505 0.00262901 0.0052906 0.00569878 0.00415214 0.00883267 0.00150342 0.0133188 0.00663741
internal_weight=33576.9 31083.8 25678.2 21684.6 2493.08 5405.67 3993.56 2489.31 2085.81 1424.96 660.85 2916.36 407.268 97.0494
internal_count=167940 151160 120042 100941 16780 31118 19101 15256 13311 9026 4285 15862 3469 802
is_linear=0
shrinkage=0.03


Tree=68
num_leaves=15
num_cat=0
split_feature=2 2 2 1 1 3 2 2 2 3 3 1 2 3
split_gain=427.617 104.706 89.7761 41.6095 31.7118 37.8028 23.0188 42.9079 21.1025 16.1678 11.9253 11.9204 8.22797 10.9336
threshold=0.0030863654409954808 0.0020032689886634769 0.0061243861919275519 1.0391419018915939 -0.46574804205549952 0.49625000000000002 0.0035021854839194923 0.003136861609594806 0.0013719695818470397 0.49625000000000002 0.30125000000000007 1.8913997938054929 0.0088198125431252512 0.58625000000000005
decision_type=8 10 8 10 10 10 10 10 10 10 10 10 10 8
left_child=1 3 6 8 5 -3 7 -2 -1 -5 -8 -6 13 -4
right_child=2 4 12 9 11 -7 10 -9 -10 -11 -12 -13 -14 -15
leaf_value=-0.010885100883254572 0.0086937988185737149 -0.005867122854254417 0.0063863416266669018 0.0013149024152109173 -0.00069790254180151937 -0.000194843461709969 0.011786370600185806 -0.00025713143646673435 -0.0062948320874994922 -0.007407957405472035 0.0033462805876189939 0.0032527166401311318 0.012535758670737054 0.01231768435972583
leaf_weight=1312.0630180537701 539.18529380857944 2555.7742250263691 1361.7903135716915 764.5078883767128 6399.4462490975857 1838.1341636180878 151.04778858274221 3851.9135523587465 3648.382194057107 241.86775834858418 9177.1354373246431 757.40727967023849 549.39671777933836 413.84553402662277
leaf_count=5419 2643 11136 9902 3148 28845 8141 850 19130 14944 997 51539 3512 4651 3085
internal_value=5.23782e-05 -0.00318572 0.00359133 -0.00641263 -0.00150949 -0.00351365 0.00265727 0.000845581 -0.00754051 -0.000774737 0.00350185 -0.000267483 0.00904226 0.00786359
internal_weight=33561.9 17517.6 16044.3 5966.82 11550.8 4393.91 13719.3 4391.1 4960.45 1006.38 9328.18 7156.85 2325.03 1775.64
internal_count=167942 76142 91800 24508 51634 19277 74162 21773 20363 4145 52389 32357 17638 12987
is_linear=0
shrinkage=0.03


Tree=69
num_leaves=15
num_cat=0
split_feature=2 2 2 0 0 0 0 2 3 3 0 2 2 3
split_gain=368.141 94.9303 93.914 29.6817 34.8998 22.4529 57.7431 19.6518 20.343 19.6303 18.6427 34.5153 26.0701 14.2884
threshold=0.0028156294542010106 0.0016064990190196478 0.0046510927379661516 0.0027063659757853818 -0.00050632814563715469 -0.0018851828256214898 0.00015965795570366603 0.0074696459271216525 0.34625 0.7087500000000001 -0.00066482403446349364 0.0011258670578612672 0.0011258670578612672 0.38625000000000004
decision_type=8 10 10 10 10 8 10 10 10 8 10 10 10 10
left_child=1 10 5 4 -3 9 -7 8 -4 -2 11 -1 -12 -5
right_child=2 3 7 13 -6 6 -8 -9 -10 -11 12 -13 -14 -15
leaf_value=0.01180904735747315 0.0042872814364105756 -0.00060477956315860499 0.013057303396431448 0.010554751629505548 -0.0041702826475934667 -0.0021531553319731425 0.002480597538819919 0.010313003363420607 0.0047303828817810457 -0.0079583358657892896 -0.015386735556328706 -0.0067776365687020777 -0.007664388240021568 0.00070177538664330057
leaf_weight=99.677483484148979 2928.7607286423445 3986.2676214277744 289.64314787089825 142.32569633424282 6695.0701274871826 3695.6852440610528 6930.7714923322201 945.60473519563675 3740.260142095387 110.4837940633297 551.66499182581902 464.7068933993578 1786.4945078492165 1184.2226414531469
leaf_count=406 16094 17389 1966 654 28098 17498 35941 7925 24395 630 2278 1882 7350 5546
internal_value=3.58005e-06 -0.00350704 0.00281519 -0.0023193 -0.00284706 0.00152232 0.000862914 0.00634396 0.00537456 0.00379781 -0.0083753 -0.00324209 -0.00956972 0.00187486
internal_weight=33551.6 14910.4 18641.2 12007.9 10681.3 13665.7 10626.5 4975.51 4029.9 3039.24 2902.54 564.384 2338.16 1326.55
internal_count=168052 63603 104449 51687 45487 70163 53439 34286 26361 16724 11916 2288 9628 6200
is_linear=0
shrinkage=0.03


Tree=70
num_leaves=15
num_cat=0
split_feature=2 2 2 0 0 0 0 0 1 1 2 2 2 2
split_gain=359.122 102.966 66.9301 44.0026 54.329 43.9974 54.0464 42.9828 35.5162 23.7839 15.1679 14.7471 11.8308 9.6879
threshold=0.0030863654409954808 0.0019736335366390503 0.0046510927379661516 0.00082159576828511516 -0.0019364805331244593 -0.0015685262580415363 0.00093289548222463218 -0.0080447891194758668 -0.48501021408862216 -0.40724782905444784 0.0018374936339392381 0.0052406116286393594 0.0061243861919275519 0.0044547089837123121
decision_type=8 10 8 10 10 10 10 10 10 8 10 10 8 10
left_child=1 5 3 4 -2 10 -7 -3 -9 11 -1 -4 -11 -5
right_child=2 7 9 13 -6 6 -8 8 -10 12 -12 -13 -14 -15
leaf_value=-0.00094439066726138094 0.0038353614272430229 0.019262370210595039 0 0.0046145897781912802 -0.0017771047396644959 -0.0089984793408710087 -0.0018982812244975307 -0.0037801022370887697 -0.00036127211648168513 0.0058713761786878841 0.010773025745462666 0.0052823373734098497 0.0099809255027635459 -0.00035905628314815814
leaf_weight=320.29684969782829 2444.3519197404385 78.853925377130508 707.98556537926197 3936.5995839089155 4205.5323117822409 3852.5636646300554 1325.2173523753881 4375.0430526286364 7392.7728203684092 1558.0638856962323 128.74899844825268 1431.5542665421963 1327.1096009910107 361.15309764444828
leaf_count=1294 13622 512 4048 21259 19943 15790 5478 19080 33256 10043 552 10388 10347 2083
internal_value=-0.000102331 -0.00307535 0.00314623 0.00181979 0.000279567 -0.00641655 -0.00719996 -0.00147923 -0.00163955 0.00601497 0.00244598 0.00354094 0.00781034 0.00418285
internal_weight=33445.8 17473.5 15972.4 10947.6 6649.88 5626.83 5177.78 11846.7 11767.8 5024.71 449.046 2139.54 2885.17 4297.75
internal_count=167695 75962 91733 56907 33565 23114 21268 52848 52336 34826 1846 14436 20390 23342
is_linear=0
shrinkage=0.03


Tree=71
num_leaves=15
num_cat=0
split_feature=2 2 1 2 0 0 0 1 1 0 0 0 0 0
split_gain=342.577 117.448 48.0462 38.7231 34.6506 34.9504 32.5956 29.5017 24.6524 24.5025 15.5905 15.2081 9.16796 5.26191
threshold=0.0023069954082973669 0.003599897591987184 0.13296841381195748 0.0052406116286393594 -0.0037312769321812271 0.00096216234887393909 -0.0033776381542644815 2.5625947355903973 -0.74074858462786197 -0.00055764435789533906 -0.0018851828256214898 0.00056349958638879209 -0.001702239153931625 0.00025758385641822017
decision_type=8 8 10 10 10 10 8 10 10 10 10 10 10 10
left_child=2 8 4 6 -1 -6 -3 9 12 -4 -10 -5 -2 -9
right_child=1 3 7 11 5 -7 -8 13 10 -11 -12 -13 -14 -15
leaf_value=0.0069002989078126038 0.00060708950654136116 0.0081839782259127691 0.0010970418502224356 0.0086763276750873898 -0.0085592252706396289 -0.0029338973123399755 0.0021698827200088496 0.01020423397927055 0.0032496291299769059 -0.0045784654971214069 0.00018402005565935564 0.0044272657444962386 -0.0029536106916577608 0.0014104524941005218
leaf_weight=151.52459974586964 810.25382909178734 934.55189222097397 910.60886535048485 1907.6851831525564 3978.9581204652786 1391.211837887764 6401.023701287806 162.22013945877552 1837.6694314628839 2535.6808380484581 8056.6102661937475 1452.5080207958817 2785.0280964672565 128.45333357155323
leaf_count=695 4039 5806 3873 14285 16350 5825 34597 685 9602 10601 37490 10720 12658 545
internal_value=-2.58745e-05 0.00185102 -0.00493184 0.00419725 -0.00671383 -0.00712123 0.00295434 -0.0022719 -6.57791e-06 -0.00306264 0.000762161 0.00687598 -0.00213505 0.00669383
internal_weight=33444 24185.3 9258.66 10695.8 5521.69 5370.17 7335.58 3736.96 13489.6 3446.29 9894.28 3360.19 3595.28 290.673
internal_count=167771 129197 38574 65408 22870 22175 40403 15704 63789 14474 47092 25005 16697 1230
is_linear=0
shrinkage=0.03


Tree=72
num_leaves=15
num_cat=0
split_feature=2 2 2 0 0 0 0 0 2 2 2 3 0 3
split_gain=319.233 101.347 42.1148 38.2427 35.0505 28.466 27.2406 29.3254 19.8833 15.0469 11.456 9.69426 9.11622 12.2176
threshold=0.0034190409572881493 0.0018894389554005039 0.0055675591397784992 0.00084962685549874728 -0.00063944326381168524 -0.009143318059400397 0.0048440696736161692 -0.0033776381542644815 0.0024039869930330819 0.0010889261252982538 0.0030975723142180316 0.39125000000000004 0.00079339463704917177 0.38375000000000009
decision_type=8 10 8 10 10 10 10 10 10 10 10 10 8 8
left_child=1 3 6 4 -1 10 7 -2 -7 -5 -3 -8 -4 -14
right_child=2 5 12 9 -6 8 11 -9 -10 -11 -12 -13 13 -15
leaf_value=-0.0025731255996473035 0.0067265608555752967 0.021913011830420024 0.0086017609402352698 -0.012084630087136778 -0.0092816549301420869 -0.0026369205587992604 0.019056954741896358 0.0016412573531976262 -0.00040679280836917748 -8.505703252025157e-05 0.00062521956572345169 0.0067219052890237036 -0.0032546104994465382 0.0059897610464751255
leaf_weight=996.86308607459068 1192.3368892148137 57.031119704246521 1656.4015695825219 94.246316164731979 2688.9866019636393 5458.4334991127253 63.171219304203987 7359.7410835772753 10776.552854314446 1076.0359807759523 44.522476240992546 849.01111767441034 131.32724745571613 1042.7848887741566
leaf_count=4049 7592 387 12652 380 11075 23170 389 38786 50535 4404 306 5423 1013 7935
internal_value=3.68095e-05 -0.00219212 0.00388238 -0.00599532 -0.00749539 -0.00105495 0.00290596 0.00236429 -0.00116145 -0.00119645 0.0140107 0.00783859 0.00710433 0.00488633
internal_weight=33487.4 21192.7 12294.8 4856.13 3685.85 16336.5 9464.26 8552.08 16235 1170.28 101.554 912.182 2830.51 1174.11
internal_count=168096 94306 73790 19908 15124 74398 52190 46378 73705 4784 693 5812 21600 8948
is_linear=0
shrinkage=0.03


Tree=73
num_leaves=15
num_cat=0
split_feature=0 0 1 3 0 0 3 1 0 0 3 3 1 1
split_gain=111.634 106.364 57.3131 43.1064 35.7379 27.8126 16.9773 15.1097 14.254 12.6777 21.2569 11.3623 12.3774 7.80384
threshold=-0.002276469726065006 0.0016563620401740592 0.86881265241924532 0.3887500000000001 -0.0053505284069585114 0.0047168589773173902 0.60625000000000007 1.2148960868044945 -0.00058519450179282488 -0.010703741393565216 0.53625000000000012 0.65375000000000016 -0.2782830318197243 0.65721629996608555
decision_type=10 10 10 8 8 10 10 10 10 10 10 10 10 8
left_child=4 2 3 -2 9 6 -3 -7 -4 -1 -11 13 -13 -6
right_child=1 5 8 -5 11 7 -8 -9 -10 10 -12 12 -14 -15
leaf_value=0.013614343931761804 -0.0061172748644489393 0.0017656122339375579 0.004087245212142797 -0.0019964573838994536 0.0021736618442902813 0.0038992183725042144 -0.0022732052124111945 0.01162064984465253 0.0001074447865097285 0.0033551899032461148 0.011831902138544846 -0.0084334674152329991 0.0023793109958905666 0.0057634948300148026
leaf_weight=296.62303902208805 2799.5384715572 4806.4997932314873 1158.9717936292291 12930.46471709758 2762.8609660863876 2189.8159889653325 1142.650770150125 261.28199079632759 2746.6882576048374 814.88112083822489 419.20769172906876 164.07126768678427 190.55903535336256 721.86764197796583
leaf_count=2662 12437 25189 5631 58970 14661 13475 5903 1751 12480 5700 3000 840 1009 4159
internal_value=3.89379e-05 -0.000718602 -0.00192855 -0.00273709 0.00399902 0.00210147 0.000977297 0.00479056 0.00131116 0.00787977 0.00635483 0.00241977 -0.00255281 0.00294883
internal_weight=33406 28035.9 19635.7 15730 5370.07 8400.25 5949.15 2451.1 3905.66 1530.71 1234.09 3839.36 354.63 3484.73
internal_count=167867 135836 89518 71407 32031 46318 31092 15226 18111 11362 8700 20669 1849 18820
is_linear=0
shrinkage=0.03


Tree=74
num_leaves=15
num_cat=0
split_feature=2 2 2 1 1 2 1 3 3 3 1 2 1 2
split_gain=306.97 92.0121 61.737 29.9994 29.7346 28.3234 27.1974 32.4434 22.4784 35.4184 17.015 14.7715 13.5776 8.38782
threshold=0.0027070756574095285 0.0039915687364262924 0.0018894389554005039 2.4564214737292143 -0.40724782905444784 0.0052406116286393594 0.11072098639653465 0.73875000000000013 0.61375000000000013 0.64875000000000005 -0.77249895144551728 0.0061243861919275519 0.74031031002998604 0.0026811221100681462
decision_type=8 10 10 10 10 10 10 10 10 10 10 10 8 10
left_child=2 8 3 10 5 -3 7 -4 12 -10 -1 -6 -2 -8
right_child=1 4 6 -5 11 -7 13 -9 9 -11 -12 -13 -14 -15
leaf_value=-0.0099575217541543089 0.00073605804562773026 0.00021646755547258888 -0.0036829675883106928 0.0051406281681432098 0.0053267768997864364 0.0058700919266681754 0.00032620657586080793 0.012434510300803807 -0.0072013592514646131 0.00055289783567543987 -0.0056033162642997137 0.0093097267926397342 0.003502734537550106 -0.0075327286825637501
leaf_weight=1154.8559322059155 7491.6926641091704 1865.8613643273711 5315.8471694737673 187.46578128635883 3158.617264971137 1414.8165948912501 3401.6646089851856 103.66315072774887 761.34151971340179 1653.1906320378184 3488.0440730452538 1273.8554370105267 2055.760984621942 116.69191403687
leaf_count=4758 37294 10217 22557 761 19123 10393 14975 446 3725 8423 14307 10104 10578 529
internal_value=-6.41055e-05 0.00233796 -0.00350028 -0.00623602 0.00489188 0.0026833 -0.00200975 -0.00334129 0.000683459 -0.00188702 -0.00671833 0.00650333 0.0013411 2.7937e-05
internal_weight=33443.4 19675.1 13768.2 4830.37 7713.15 3280.68 8937.87 5419.51 11962 2414.53 4642.9 4432.47 9547.45 3518.36
internal_count=168190 109857 58333 19826 49837 20610 38507 23003 60020 12148 19065 29227 47872 15504
is_linear=0
shrinkage=0.03


Tree=75
num_leaves=15
num_cat=0
split_feature=0 0 1 3 0 0 1 0 3 3 3 3 0 1
split_gain=106.214 93.878 59.2602 39.7083 36.4864 20.6747 22.0949 17.3615 12.4187 11.2576 11.0283 9.45141 3.38633 3.06775
threshold=-0.0042609063521371528 0.0022347214628811369 -0.31818666965122427 0.43875000000000003 -0.00063944326381168524 0.0047168589773173902 1.0161750266758363 -0.009143318059400397 0.53875000000000017 0.5837500000000001 0.3987500000000001 0.60375000000000012 -0.015845912499593242 0.12171301725302747
decision_type=10 10 10 10 10 10 10 8 10 10 10 10 10 10
left_child=7 2 3 -2 -4 11 -7 12 10 -10 -9 -3 13 -1
right_child=1 5 4 -5 -6 6 -8 8 9 -11 -12 -13 -14 -15
leaf_value=-0.0016905907807938053 -0.0053531447583016149 0.0021590625307951381 0.0020742929166968119 -0.00155740082074783 -0.0011435209377994963 0.0037317634462992097 0.012120450526906173 0.0071638247778005246 0.013696716608319242 0.0046418042590200097 0.0010425923192923963 -0.0013733652956492072 0.012623187302309489 0.0089722807570695572
leaf_weight=34.092845611274242 3961.2017219290137 3220.2408921271563 4926.6428060606122 6820.0688946992159 8858.6345612853765 2108.779853284359 331.92292689532042 392.65365329384804 228.57366275042295 354.94050718098879 876.15687567740679 834.77822568267584 393.26762402802706 32.765155762434006
leaf_count=343 18007 17377 24409 31961 40481 12980 2243 2638 1542 2341 5583 4393 3313 341
internal_value=1.43158e-05 -0.000446438 -0.00129624 -0.00296124 2.79617e-06 0.00275529 0.00494187 0.00620456 0.00480587 0.00846089 0.00302503 0.00141552 0.0114856 0.0032418
internal_weight=33374.7 31062.3 24566.5 10781.3 13785.3 6495.72 2440.7 2312.45 1852.32 583.514 1268.81 4055.02 460.126 66.858
internal_count=167952 151851 114858 49968 64890 36993 15223 16101 12104 3883 8221 21770 3997 684
is_linear=0
shrinkage=0.03


Tree=76
num_leaves=15
num_cat=0
split_feature=2 2 2 0 3 0 0 0 0 0 0 3 0 3
split_gain=292.088 107.767 51.8174 33.1755 32.781 26.8624 31.6967 18.5219 18.3968 16.138 15.5841 8.71333 7.40642 13.4727
threshold=0.0034190409572881493 0.0016226914765030776 0.0055675591397784992 -0.0023389976477505999 0.61375000000000013 0.0047168589773173902 -0.0033776381542644815 -0.0084981284614338171 -0.0013733188010398056 0.00065871034215193565 -0.0019364805331244593 0.37875000000000009 0.00056349958638879209 0.38125000000000003
decision_type=8 10 10 8 10 10 8 10 10 10 10 10 10 10
left_child=1 8 5 7 -5 6 -2 -3 10 -10 -1 -7 -4 -14
right_child=2 3 12 4 -6 11 -8 -9 9 -11 -12 -13 13 -15
leaf_value=-0.0067094950373696033 0.0067384614893485325 0.012789446443769397 0.0088940939650045975 -0.00096214782220241249 -0.0044339284141446571 0.018894456858148567 0.0014270682770747189 0.0014430892268548639 -0.0092473424081352534 -0.0037056439886229099 0.0076241923792820286 0.0065118695634106645 -0.0031971458759545456 0.0065744438129937003
leaf_weight=125.24450495839119 1178.141023658216 129.92846496403217 1557.5940379053354 12655.975833460689 3052.6237829774618 54.667120605707169 7305.3865904510021 2260.9472345858812 2115.4987698197365 685.76740972697735 126.93299911916256 923.09465535730124 129.60023740679026 1042.5882923677564
leaf_count=503 7591 889 12130 55863 13567 359 38629 11228 8807 2777 511 5977 987 7956
internal_value=0.000104453 -0.00202506 0.00380295 -0.00113969 -0.00164302 0.0027371 0.00217881 0.00213538 -0.00723268 -0.00793005 0.000292097 0.00744921 0.00745176 0.00542541
internal_weight=33344 21152.9 12191.1 18099.5 15708.6 9461.29 8483.53 2390.88 3053.44 2801.27 252.178 977.762 2729.78 1172.19
internal_count=167774 94145 73629 81547 69430 52556 46220 12117 12598 11584 1014 6336 21073 8943
is_linear=0
shrinkage=0.03


Tree=77
num_leaves=15
num_cat=0
split_feature=2 2 1 2 3 2 2 3 3 1 2 1 3 2
split_gain=266.913 96.2785 44.2603 34.8487 32.7933 28.6678 48.9995 22.6653 16.127 12.8347 14.5323 12.2556 10.2085 5.95405
threshold=0.0035021854839194923 0.0020449271461166637 -0.74074858462786197 0.0061243861919275519 0.49625000000000002 0.001445588710339061 0.0015339518385634133 0.40875 0.74125000000000008 0.054087385314740145 0.0040707763470456222 -0.97110283526698604 0.30125000000000007 0.0074696459271216525
decision_type=8 10 10 8 10 10 10 10 10 10 10 8 10 8
left_child=1 5 4 9 -3 7 -7 -1 -4 12 -11 13 -2 -5
right_child=3 2 8 11 -6 6 -8 -9 -10 10 -12 -13 -14 -15
leaf_value=-0.0044750729502258295 0.011628526170342351 -0.0056329002353842023 0.0001909170227567195 -0.00010067550569046228 -0.00022106167800860883 0.0073775818052877378 -0.0045298518926120109 -0.011234540951069029 0.0089882583593608369 0.0021957728108620398 0.0060521553383973943 0.0082877414600737703 0.0017663017556680729 0.0064035942746323701
leaf_weight=908.12664361298084 89.045805878937244 2319.2010889798403 11114.381855621934 275.48458783328533 1819.6760908961296 323.21223556995392 4218.8911805003881 1003.9708440750837 181.32078266143799 1722.3130979686975 1980.3575327917933 1757.6293803229928 5384.39832329005 199.58603487163782
leaf_count=3786 492 10344 51698 1949 8362 1323 17357 4163 866 9287 12289 14023 30169 1657
internal_value=2.20173e-05 -0.00191514 -0.000622947 0.0037423 -0.00327429 -0.00499027 -0.003655 -0.00809542 0.000345266 0.00290761 0.00428525 0.00711777 0.0019586 0.00258388
internal_weight=33297.6 21888.8 15434.6 11408.8 4138.88 6454.2 4542.1 1912.1 11295.7 9176.11 3702.67 2232.7 5473.44 475.071
internal_count=167765 97899 71270 69866 18706 26629 18680 7949 52564 52237 21576 17629 30661 3606
is_linear=0
shrinkage=0.03


Tree=78
num_leaves=15
num_cat=0
split_feature=2 2 1 3 3 3 2 2 2 1 2 1 3 3
split_gain=271.517 87.9552 53.3545 41.8882 30.5942 56.3504 26.8313 25.9756 27.1764 24.8762 24.3212 20.2045 15.7501 13.8019
threshold=0.0024304647363403431 0.0039915687364262924 -0.24757812926766462 0.46625000000000011 0.61375000000000013 0.67375000000000018 0.0074696459271216525 0.001445588710339061 0.0015339518385634133 -1.138085543162108 0.0012082362596986117 0.27361477342269752 0.34625 0.40875
decision_type=8 8 10 10 10 10 8 10 10 10 10 10 10 10
left_child=2 4 3 12 11 -6 9 13 -9 -3 -5 -2 -1 -4
right_child=1 6 7 10 5 -7 -8 8 -10 -11 -12 -13 -14 -15
leaf_value=-0.0018688426929595653 0.00033711498045000386 -0.00057350553280218256 -0.0023641449880914297 -0.016456387521559243 -0.0062860148986206921 0.0018431632878427538 0.0092316415700727881 0.0099028695247795305 -0.0014610330738113564 0.0045622065159683818 -0.0020689539083301469 0.0029438481058798502 -0.009424283101822235 -0.0093992826580413958
leaf_weight=304.35402543842793 7918.1836916357279 970.86389608681202 512.52111800014973 104.16466869413853 1489.6756339222193 1548.4707411453128 958.00444938987494 186.76350750029087 4513.7327011376619 5697.238503664732 1931.3666701316833 4084.2935899347067 2503.0620356947184 562.92397885024548
leaf_count=1251 38226 5827 2120 437 7187 7622 8357 761 19123 35666 8075 20363 10363 2326
internal_value=2.68729e-05 0.0018831 -0.00392777 -0.00625324 0.000546902 -0.00213063 0.0045064 -0.00196013 -0.000976712 0.00380573 -0.00291139 0.00123086 -0.00863603 -0.00615452
internal_weight=33285.6 22666.7 10618.9 4842.95 15040.6 3038.15 7626.11 5775.94 4700.5 6668.1 2035.53 12002.5 2807.42 1075.45
internal_count=167704 123248 44456 20126 73398 14809 49850 24330 19884 41493 8512 58589 11614 4446
is_linear=0
shrinkage=0.03


Tree=79
num_leaves=15
num_cat=0
split_feature=2 2 2 1 3 2 3 3 2 3 3 3 3 2
split_gain=229.302 59.4886 57.7742 40.3823 30.7736 29.8925 21.6239 109.107 58.1013 19.7762 28.04 20.1035 11.5757 12.8572
threshold=0.0028156294542010106 0.0061243861919275519 0.001445588710339061 -0.46574804205549952 0.42375000000000002 0.0015339518385634133 0.38375000000000009 0.40875 0.0012504703659142271 0.61625000000000008 0.6412500000000001 0.37375000000000008 0.63625000000000009 0.0088198125431252512
decision_type=8 10 10 10 10 10 10 10 10 10 10 8 10 10
left_child=2 9 6 4 -4 -5 8 -8 -1 11 -11 -2 13 -3
right_child=1 12 3 5 -6 -7 7 -9 -10 10 -12 -13 -14 -15
leaf_value=0.0015387629179908866 -0.001126050263726278 0.0046261094924125255 -0.0076781072886944251 0.010217237736131576 -0.0025217411511864406 -0.0010425887062927965 0.010548262134619325 -0.010024605026761063 -0.018087111700004189 -0.0056386002230840804 0.001034897659594551 0.0025411345604149371 0.014761562162587814 0.01034475389738553
leaf_weight=184.33427447080612 1491.3450412675738 1479.5329756438732 1563.9017147272825 207.36604334414005 3304.968901231885 7886.2656694054604 290.71768115460873 989.59656709432602 441.20592965185642 730.18171877413988 2382.175297178328 11629.188833981752 162.67631578445435 514.55111005157232
leaf_count=767 7990 11240 6464 845 14069 34112 1209 4118 1851 3848 12611 62761 1296 4627
internal_value=0 0.00223778 -0.00277089 -0.002044 -0.00420263 -0.000734446 -0.00764697 -0.00526113 -0.0122761 0.00160859 -0.000524582 0.00211919 0.00691635 0.00617594
internal_weight=33258 18389.7 14868.4 12962.5 4868.87 8093.63 1905.85 1280.31 625.54 16232.9 3112.36 13120.5 2156.76 1994.08
internal_count=167808 104373 63435 55490 20533 34957 7945 5327 2618 87210 16459 70751 17163 15867
is_linear=0
shrinkage=0.03


Tree=80
num_leaves=15
num_cat=0
split_feature=0 0 0 3 0 3 1 0 1 3 0 3 3 3
split_gain=90.2457 82.3085 52.4024 44.4446 30.2889 25.5288 22.2862 20.7279 14.3979 12.6335 16.5321 12.0054 6.13876 4.44872
threshold=-0.0028051028737475108 0.0010190200297170084 -0.00058519450179282488 0.44625000000000009 0.0047168589773173902 0.67375000000000018 0.79281428166418455 -0.0097776924312434326 0.67426724709896646 0.53625000000000012 -0.0055551076254080328 0.28625000000000006 0.53125000000000011 0.38625000000000004
decision_type=10 10 10 8 10 8 10 8 10 10 10 8 10 10
left_child=7 2 6 -4 5 -3 -2 12 -6 11 -11 -9 13 -1
right_child=1 4 3 -5 8 -7 -8 9 -10 10 -12 -13 -14 -15
leaf_value=0.0061400373836148908 -0.00080830458414425438 -3.769726638044975e-05 -0.0054796781676359537 -0.0015666552712439547 0.0030382345210497185 0.0054938791396270583 0.0033675821991559639 0.014498579244946777 0.0088616194050347395 0.011374043182811879 0.0034153849601647386 0.0017610788919600359 0.0025108413056012207 0.016194097622380929
leaf_weight=104.31571234017611 5839.558892250061 7770.5803484022617 4691.3658933416009 6037.8949344232678 1926.5239995643497 818.82946370542049 1421.6580663770437 60.202946275472641 498.2654816955328 348.53703044354916 830.94749291241169 2684.923092417419 86.425142906606197 173.72846208512783
leaf_count=976 27456 39665 20577 27196 11850 4033 7058 407 3410 2536 4692 15870 763 1588
internal_value=-0.000101573 -0.000704336 -0.00195572 -0.00328672 0.00133414 0.000488427 4.53857e-06 0.00395278 0.00429099 0.00327707 0.00589346 0.00211381 0.0107868 0.0129745
internal_weight=33293.8 29004.7 17990.5 10729.3 11014.2 8589.41 7261.22 4289.08 2424.79 3924.61 1179.48 2745.13 364.469 278.044
internal_count=168077 141245 82287 47773 58958 43698 34514 26832 15260 23505 7228 16277 3327 2564
is_linear=0
shrinkage=0.03


Tree=81
num_leaves=14
num_cat=0
split_feature=2 2 2 1 2 3 2 3 2 3 1 3 2
split_gain=240.064 76.8083 37.7514 32.5132 28.634 25.9539 23.9311 22.9856 19.2941 18.0664 13.3292 6.51775 11.0113
threshold=0.0034190409572881493 0.0016064990190196478 0.0074696459271216525 0.86881265241924532 0.0024993378467945055 0.54875000000000018 0.0015802097810649572 0.4562500000000001 0.001445588710339061 0.2737500000000001 -0.28887428737013071 0.54125000000000012 0.0088198125431252512
decision_type=8 10 10 10 10 10 10 10 10 8 8 10 10
left_child=1 6 9 4 -3 -5 8 -8 -1 -2 -11 12 -4
right_child=2 3 11 5 -6 -7 7 -9 -10 10 -12 -13 -14
leaf_value=-0.0069565895745019373 0.018702988638905918 -0.0032180955619550977 0.0030141585314890718 0.0030144727214670916 -0.00055933852830945753 -0.0027621942131786184 -0.019948953636839652 -0.0022847555725231082 -0.00082365746152995075 0.0016476506842021219 0.0037612174959085146 0.016103994662230992 0.010835410728556356
leaf_weight=1904.6292060762644 56.220634959638119 6980.7459956854582 300.42199194431305 2499.2265552580357 7765.7354330271482 952.24183642864227 209.03831841051579 110.93393005430698 642.71332029998302 5204.9419478029013 5931.5824125632644 127.35373729467392 462.58893212676048
leaf_count=7954 361 29231 2545 11563 36651 4448 859 452 2634 29847 35505 1181 4179
internal_value=0 -0.00193321 0.00336942 -0.00120827 -0.00182335 0.00140001 -0.00649313 -0.0142615 -0.00544194 0.00288309 0.00278113 0.00931656 0.00791238
internal_weight=33148.4 21065.3 12083.1 18197.9 14746.5 3451.47 2867.31 319.972 2547.34 11192.7 11136.5 890.365 763.011
internal_count=167410 93792 73618 81893 65882 16011 11899 1311 10588 65713 65352 7905 6724
is_linear=0
shrinkage=0.03


Tree=82
num_leaves=15
num_cat=0
split_feature=2 2 2 3 0 0 0 3 2 2 3 0 3 3
split_gain=222.53 54.5225 53.104 29.2958 42.5986 37.2282 26.7813 20.5559 16.287 22.8326 20.9474 12.3825 16.5235 10.6168
threshold=0.0027070756574095285 0.0016064990190196478 0.0052406116286393594 0.42375000000000002 0.00096216234887393909 -0.0037312769321812271 -0.0053505284069585114 0.60875000000000012 0.0015802097810649572 0.001445588710339061 0.38625000000000004 0.00056349958638879209 0.37125000000000002 0.35375000000000006
decision_type=8 10 10 10 10 10 8 10 10 10 10 10 10 10
left_child=1 8 6 4 -3 -5 -2 -8 9 -1 -10 13 -13 -4
right_child=2 3 11 5 -6 -7 7 -9 10 -11 -12 12 -14 -15
leaf_value=-0.0072833999956302044 0.0067690376246451016 -0.0061373798023476155 0.013550713877557113 0.0087004160892054008 0.0013077735614033478 -0.0012469595872928684 0.0017349557558499391 -0.00093495698791250692 0.00023036955922071917 -0.00065492496744237977 -0.017204222141111409 -0.0075804039636998017 0.0043743615828459202 0.0063117813030612912
leaf_weight=1904.1063874065876 805.43737693876028 2529.0832233279943 230.35512271523476 344.7014664709568 929.57325506210327 7051.6552262157202 12200.707009755075 3257.1620524376631 73.202348038554192 648.92397339642048 240.06245358288288 100.50857330858707 1313.6035287603736 1601.717851549387
leaf_count=7966 5527 10456 1811 1724 3964 30087 62640 16571 301 2659 984 753 10028 12491
internal_value=9.93446e-05 -0.00282492 0.00215949 -0.00184207 -0.00412107 -0.000764147 0.00145331 0.00116825 -0.00650688 -0.00563113 -0.0130635 0.00566369 0.00343528 0.00732316
internal_weight=33230.8 13721.3 19509.5 10855 3458.66 7396.36 16263.3 15457.9 2866.3 2553.03 313.265 3246.19 1414.11 1832.07
internal_count=167962 58141 109821 46231 14420 31811 84738 79211 11910 10625 1285 25083 10781 14302
is_linear=0
shrinkage=0.03


Tree=83
num_leaves=15
num_cat=0
split_feature=2 2 2 1 1 3 1 1 1 3 3 3 3 2
split_gain=196.353 64.6216 38.2668 35.2662 24.8045 24.679 15.4357 14.4966 14.1929 10.5925 29.1203 14.9565 9.77204 7.45742
threshold=0.0034190409572881493 0.0018894389554005039 0.0061243861919275519 -0.72062714534490557 -0.25718352593222943 0.44125000000000009 2.4564214737292143 1.3620442263934056 -0.85804109703272757 0.62125000000000019 0.55625000000000013 0.6412500000000001 0.34875000000000006 0.011644782828630353
decision_type=8 10 10 10 10 10 10 10 10 10 8 10 10 10
left_child=1 4 9 5 12 -3 -6 -5 13 10 -2 -11 -1 -4
right_child=2 3 8 7 6 -7 -8 -9 -10 11 -12 -13 -14 -15
leaf_value=-0.00082240260094347322 0.0018865113270036954 -0.006337011311119474 0.00080091095646532605 -0.00047458923499786267 -0.0035358285362045525 -0.0015578671011854481 0.0050694427237263978 0.0024242703306554389 0.008094460584729981 -0.0055833919341736161 0.0069084354696962724 0.0014232664313603373 -0.0079949192990171978 0.011829206334169793
leaf_weight=211.32790622115135 6965.9284722208977 1468.1253741979599 483.34677042067051 9929.8266632333398 2543.7157589048147 3017.7575879245996 188.32320757210255 1829.5897617563605 1588.238640896976 328.65712099522352 1232.4240839779377 1425.7147771045566 1889.2169422358274 55.348139457404613
leaf_count=875 39816 6396 3687 45309 10458 13586 765 8633 12976 1839 7155 7867 7834 491
internal_value=-4.85621e-05 -0.00179779 0.00299768 -0.000885952 -0.0048425 -0.00314593 -0.00290445 -1.67954e-05 0.00665675 0.00220381 0.00265624 5.24545e-05 -0.00730906 0.0022383
internal_weight=33157.5 21077.9 12079.7 16245.3 4832.58 4485.88 2732.04 11759.4 2126.93 9952.72 8198.35 1754.37 2100.54 538.695
internal_count=167687 93856 73831 73924 19932 19982 11223 53942 17154 56677 46971 9706 8709 4178
is_linear=0
shrinkage=0.03


Tree=84
num_leaves=15
num_cat=0
split_feature=2 2 1 2 3 1 1 2 2 2 3 3 3 2
split_gain=179.167 53.8836 48.1997 40.6346 24.3059 18.1972 17.4966 19.7065 12.3916 9.47438 7.74207 6.98878 6.0914 6.01192
threshold=0.0028156294542010106 0.0059498431259504261 0.8489086169884742 0.0018894389554005039 0.74125000000000008 -0.86919452661175001 -1.0192571683505336 0.0039915687364262924 0.0052406116286393594 0.0016226914765030776 0.63625000000000009 0.54875000000000018 0.40625000000000006 0.0088198125431252512
decision_type=8 8 10 10 10 10 10 10 10 10 10 10 10 8
left_child=2 6 3 5 -5 -1 8 -8 -2 12 13 -11 -4 -3
right_child=1 10 9 4 -6 -7 7 -9 -10 11 -12 -13 -14 -15
leaf_value=-0.0094198089320295785 -0.0013417268397476324 0.0045944631961408198 0.00080037112534326672 -0.0022779413319672149 0.010944891309337899 -0.0045529952580837859 0.0010087290582050969 0.003508081563730555 0.0069405721396976466 0.0029000127807851145 0.012373899350744257 -0.0007453488246798388 -0.0048444252165808525 0.0085504882159003412
leaf_weight=982.24952466785908 2566.7748382240534 1634.9459837004542 298.51255297660828 8018.6709583699703 115.88060779869556 2829.7281064093113 8944.0400921553373 4234.1358464583755 162.01752158999443 1684.7073240876198 183.94579257071018 619.23517663776875 346.08510069549084 533.93590021878481
leaf_count=4079 13085 12537 1219 34380 505 11686 45479 25556 1112 7507 1500 2764 1416 4906
internal_value=5.01684e-06 0.00199816 -0.00243404 -0.00328249 -0.002069 -0.00584411 0.00136443 0.00181837 -0.000804525 0.000982772 0.00623339 0.00189533 -0.00216637 0.00563067
internal_weight=33154.9 18259.8 14895.1 11946.5 8134.55 3811.98 15907 13178.2 2728.79 2948.54 2352.83 2303.94 644.598 2168.88
internal_count=167731 104175 63556 50650 34885 15765 85232 71035 14197 12906 18943 10271 2635 17443
is_linear=0
shrinkage=0.03


Tree=85
num_leaves=15
num_cat=0
split_feature=2 2 2 0 3 0 3 0 3 2 3 3 0 0
split_gain=179.659 47.817 43.5903 25.4084 26.247 23.5487 20.5646 19.8062 27.068 22.8587 19.1743 45.1877 30.7582 17.9595
threshold=0.0027070756574095285 0.0039915687364262924 0.0016064990190196478 -0.0018851828256214898 0.30875000000000002 0.00011949582671638683 0.71125000000000005 -0.00063944326381168524 0.43625000000000008 0.0015339518385634133 0.42375000000000002 0.37375000000000008 -0.0037312769321812271 0.010911171974009589
decision_type=8 8 10 10 10 10 8 10 10 10 10 10 10 10
left_child=2 3 7 4 -2 -5 13 8 -1 -9 11 -4 -12 -3
right_child=1 6 10 5 -6 -7 -8 9 -10 -11 12 -13 -14 -15
leaf_value=0.0036336486267294801 0.020504728893984171 0.0032686655150414331 0.00051035590436463384 -0.0020145441631108439 0.002808668886899924 0.0011355380121855665 0.012955870896754715 -0.0054599987191800573 -0.009674354109550724 -0.013056381414121951 0.0078190182477388924 -0.0064192521866031291 -0.0012333351340045916 0.013209337949821638
leaf_weight=393.26906611025333 69.577088505029678 7162.5434215292335 1432.5262007415295 3310.4182409644127 2460.5251299664378 5975.9348075985909 210.88609974086285 1816.9814271330833 197.53717452287674 469.59013579785824 343.48099005222321 2005.1140934824944 7092.1872952729464 163.16088138520718
leaf_count=1605 375 47365 5974 15343 13478 30142 1383 7629 811 1944 1723 8348 30241 1282
internal_value=7.30263e-05 0.00193732 -0.00254597 0.000738913 0.00339773 5.17701e-06 0.00380487 -0.0058321 -0.000803004 -0.00709624 -0.0016663 -0.00352105 -0.000797175 0.00351595
internal_weight=33103.7 19353 13750.7 11816.5 2530.1 9286.35 7536.59 2877.38 590.806 2286.57 10873.3 3437.64 7435.67 7325.7
internal_count=167643 109368 58275 59338 13853 45485 50030 11989 2416 9573 46286 14322 31964 48647
is_linear=0
shrinkage=0.03


Tree=86
num_leaves=15
num_cat=0
split_feature=2 2 2 0 3 3 0 0 0 0 0 0 3 3
split_gain=155.423 65.8739 34.0721 27.5824 25.9195 38.9348 27.4667 21.2593 15.2111 15.0065 12.7819 11.3723 9.46907 8.95297
threshold=0.0024039869930330819 0.0052406116286393594 0.0016226914765030776 -0.0057640954610213386 0.4512500000000001 0.37375000000000008 -0.0026645119348182159 0.00038089203784715388 0.00056349958638879209 -0.0013733188010398056 0.00076532002641895751 -0.0019364805331244593 0.37125000000000002 0.54875000000000018
decision_type=8 8 10 10 10 10 10 10 8 10 10 10 8 10
left_child=2 3 9 13 5 -4 -6 -5 -3 11 -11 -1 -10 -2
right_child=1 8 4 7 6 -7 -8 -9 12 10 -12 -13 -14 -15
leaf_value=-0.0049598324450488996 0.0036814104502579602 0.0071658084618556077 0.00085810356048540855 -0.00051644958810697218 0.008719220717914174 -0.0058200387377393154 -0.00092175404375326826 0.0014966814572678314 -0.0053024229705494526 -0.007502040337004961 -0.0023782526669307341 0.0073742601916716322 0.0036188852369720497 0.010995633238270549
leaf_weight=121.4968740940094 498.91431819647551 1805.0070105269551 1118.0781298577785 9609.7264388650656 278.57783055305481 2505.1841698139906 3351.3127976804972 9210.1507260650396 102.35006364434958 2156.9447555989027 611.32727706432343 124.28724735975266 1343.8786565884948 249.46984376758337
leaf_count=488 3391 14271 4626 46481 1292 10405 14087 47596 771 9091 2472 501 10431 1734
internal_value=-1.99665e-05 0.00135736 -0.00308534 0.000695572 -0.00195405 -0.00374607 -0.000143447 0.00046583 0.00530774 -0.00577242 -0.00640477 0.00108711 0.00291424 0.00631152
internal_weight=33086.7 22819.5 10267.2 19568.3 7253.15 3623.26 3629.89 18819.9 3251.24 3014.06 2768.27 245.784 1446.23 748.384
internal_count=167637 124675 42962 99202 30410 15031 15379 94077 25473 12552 11563 989 11202 5125
is_linear=0
shrinkage=0.03


Tree=87
num_leaves=15
num_cat=0
split_feature=2 2 0 0 1 2 2 0 0 0 2 2 0 0
split_gain=169.038 62.7705 39.8988 38.543 32.3967 26.3731 18.9471 15.8557 15.5766 19.9965 12.0011 7.88544 6.69596 4.93768
threshold=0.0034190409572881493 0.0019736335366390503 0.0016563620401740592 -0.0016579830001423311 -0.72062714534490557 0.0074696459271216525 0.0013313840679558082 -0.0084981284614338171 -0.0033776381542644815 0.005105434321112161 0.0027616538798669486 0.0034734786106127547 -0.00026977484475632595 -0.0062679720304125762
decision_type=8 10 10 10 10 10 10 10 8 10 10 10 10 10
left_child=1 2 3 -1 10 8 -4 -6 11 -10 -3 -2 13 -7
right_child=5 4 6 -5 7 12 -8 -9 9 -11 -12 -13 -14 -15
leaf_value=0.0031833262835246488 -0.0048286618663565348 -0.0041976302989700717 0.01309096390471721 -0.0061841008202899259 0.012356651880248343 0.0057894041044441371 0 0.00014344704413328879 0.0014890358316677625 0.0058109598361597761 -0.00094711152715615916 0.00564197732609833 0.0049676273730915451 0.013808853133653773
leaf_weight=419.71014070510864 54.029003567993641 2428.4591708183289 105.15587218105793 4363.2386653274298 86.709066979587078 174.44292557239532 695.30164375901222 11109.447098240256 8453.8487806692719 1096.2921824678779 1869.3601056188345 1549.231859177351 457.10093204677105 241.36682454496622
leaf_count=1727 330 10271 423 18050 616 1901 2912 50952 46996 7651 8935 11071 3971 2102
internal_value=3.77775e-05 -0.00157952 -0.00430547 -0.00534465 -0.000591181 0.0028762 0.00181922 0.000254329 0.00247053 0.001997 -0.00280321 0.00522419 0.00790486 0.0108004
internal_weight=33103.7 21077.4 5583.41 4782.95 15494 12026.3 800.458 11196.2 11153.4 9550.14 4297.82 1603.26 872.911 415.81
internal_count=167908 93886 23112 19777 70774 74022 3335 51568 66048 54647 19206 11401 7974 4003
is_linear=0
shrinkage=0.03


Tree=88
num_leaves=15
num_cat=0
split_feature=2 2 1 0 0 0 2 1 0 0 0 2 0 1
split_gain=158.252 58.9308 39.0768 28.2881 33.8542 25.8805 25.7247 22.6989 25.2016 10.8605 8.3495 8.2959 5.90354 4.89163
threshold=0.0034190409572881493 0.0016064990190196478 1.0852265344658598 0.0047168589773173902 -0.0033776381542644815 -0.009143318059400397 0.0059498431259504261 -0.24757812926766462 -0.000717733065980874 -0.010703741393565216 0.012260103503179713 0.0015802097810649572 -0.00053171845944752455 -0.73091158473852458
decision_type=8 10 10 10 8 10 10 10 10 10 10 10 10 10
left_child=1 7 5 4 9 -3 -6 11 -9 -2 13 -1 -4 -5
right_child=3 2 12 10 6 -7 -8 8 -10 -11 -12 -13 -14 -15
leaf_value=-0.0074026763758569094 0.012137638083241158 0.014136603681677845 0.0045139847836037179 0.0026400902409018084 0.00085140931766095756 -0.0014923702003089203 0.0054959071179394659 0.0049899115936994512 -0.0047381257293019939 0.0050148095957712954 0.013802754423168874 -0.015784700798003867 0.0014560764545950855 0.0071342674188438629
leaf_weight=1108.1296635717154 236.46649612486362 85.336673490703106 884.97959715127945 372.57655501365662 7459.8016520142555 15428.838790655136 1256.4717470780015 277.68568488955498 1329.2478931099176 1608.3186502680182 148.14938118308783 138.16120997071266 1868.8302746415138 904.34031062573195
leaf_count=4690 2366 612 4290 2563 40125 68735 9314 1127 5533 11664 1140 579 8536 6662
internal_value=0.00012261 -0.00143782 -0.000806275 0.00287621 0.0023278 -0.00139349 0.00153333 -0.00544345 -0.0029995 0.00602069 0.0068541 -0.0084979 0.00247327 0.00590029
internal_weight=33107.3 21121.2 18268 11986.1 10561.1 15514.2 8716.27 2853.22 1606.93 1844.79 1425.07 1246.29 2753.81 1276.92
internal_count=167936 94102 82173 73834 63469 69347 49439 11929 6660 14030 10365 5269 12826 9225
is_linear=0
shrinkage=0.03


Tree=89
num_leaves=15
num_cat=0
split_feature=2 2 2 0 2 3 0 0 2 3 3 2 2 2
split_gain=152.818 59.1823 25.2773 36.4296 30.2715 27.4901 22.3053 54.4762 20.7814 19.1862 16.8949 12.8012 12.3822 8.40315
threshold=0.0024304647363403431 0.0046771635379937336 0.001445588710339061 0.0015777799649173017 0.0015339518385634133 0.4512500000000001 0.00038089203784715388 -0.00053171845944752455 0.0030863654409954808 0.40875 0.28625000000000006 0.0014982742317421387 0.0088198125431252512 0.0013313840679558082
decision_type=8 8 10 10 10 10 10 10 10 10 8 10 10 10
left_child=2 6 3 9 11 -6 7 -2 -8 -1 -3 -4 -12 -5
right_child=1 10 4 13 5 -7 8 -9 -10 -11 12 -13 -14 -15
leaf_value=-0.0039622962476861222 0.0011532847230747471 0.020410622704059952 0.00013031447773057941 0.011005259775000272 -0.0043161762821572955 -0.00085066612760094275 -8.2339358111609362e-05 -0.003731245792654961 0.0029684060716512538 -0.010558431888958462 0.0036038861189641703 0.01217678016754804 0.0087134091533568117 -0.00060946227431933511
leaf_weight=805.86289891600609 6596.3012782484293 51.317693069577217 165.30286377668381 108.60991427302361 4217.7794655710459 4130.2834160327911 3275.4213529080153 2969.0744287967682 5038.177435874939 900.83802351355553 4116.2452938333154 164.11633796989918 498.51756647229195 87.119323626160622
leaf_count=3425 33745 415 677 437 17503 17488 15155 13398 27231 3808 29204 676 4716 351
internal_value=1.63088e-05 0.00141391 -0.00295474 -0.00609882 -0.0022523 -0.00261183 0.000623725 -0.000358912 0.0017606 -0.00752007 0.004421 0.00649056 0.00418647 0.00576555
internal_weight=33125 22545.1 10579.9 1902.43 8677.48 8348.06 17879 9565.38 8313.6 1706.7 4666.08 329.419 4614.76 195.729
internal_count=168229 123864 44365 8021 36344 34991 89529 47143 42386 7233 34335 1353 33920 788
is_linear=0
shrinkage=0.03


Tree=90
num_leaves=15
num_cat=0
split_feature=2 2 1 3 3 3 3 3 1 2 2 1 2 2
split_gain=145.07 58.7187 39.0715 26.8395 22.6683 26.4688 21.429 62.3403 17.4392 19.1931 17.3382 15.1155 14.7121 2.10725
threshold=0.0024039869930330819 0.0043497958137187591 -0.46574804205549952 0.71375000000000011 0.49625000000000002 0.53625000000000012 0.61625000000000008 0.65875000000000006 2.5625947355903973 0.0020449271461166637 0.0016064990190196478 0.41941447679965133 0.0074696459271216525 0.002174397887126357
decision_type=8 10 10 10 10 10 10 10 10 10 10 8 10 10
left_child=2 6 4 12 10 -6 11 -8 9 -4 -1 -2 -3 -10
right_child=1 3 8 -5 5 -7 7 -9 13 -11 -12 -13 -14 -15
leaf_value=-0.010819668271408088 0.0003578685717426341 0.0030495395884157562 -0.0031266409777140707 0.021134172289611446 0.0053962341965020965 -0.00454357016181296 -0.0070048861052460915 0.0013831178648780515 0.0064569976237828777 0.00032158544077346465 -0.0052358795459516213 0.0025509392222229288 0.0073956667016922021 0
leaf_weight=754.35851587355137 9541.68501611799 4800.5867318585515 3907.6574716567993 73.031884998083115 317.86061388254166 874.84052217006683 1233.1563513055444 2195.4730220288038 247.55566629767418 2259.2133168429136 1855.1795130074024 4064.260030888021 853.29668588191271 77.515814572572708
leaf_count=3208 46796 31895 16189 491 1336 3647 5952 11060 1036 9724 7614 20699 7907 348
internal_value=3.19973e-05 0.00137028 -0.00291971 0.00399684 -0.00533731 -0.00182183 0.000481895 -0.0016279 -0.0014885 -0.00185521 -0.00690807 0.00101876 0.00372796 0.00513688
internal_weight=33055.7 22761.5 10294.2 5726.92 3802.24 1192.7 17034.6 3428.63 6491.94 6166.87 2609.54 13605.9 5653.88 325.071
internal_count=167902 124800 43102 40293 15805 4983 84507 17012 27297 25913 10822 67495 39802 1384
is_linear=0
shrinkage=0.03


Tree=91
num_leaves=14
num_cat=0
split_feature=2 0 2 0 3 3 0 3 3 2 3 0 0
split_gain=123.517 39.168 37.2527 32.6557 33.2684 22.1967 34.3594 17.0242 13.2458 13.0955 12.9835 12.687 12.2471
threshold=0.0028156294542010106 0.0028964758871890196 0.0046771635379937336 -0.00058519450179282488 0.46875000000000006 0.36625000000000002 0.0039715153762893115 0.40125000000000005 0.28625000000000006 0.0088198125431252512 0.36375000000000007 -0.0039273784534298957 0.0041612793782773898
decision_type=8 10 8 10 10 10 10 10 8 10 10 10 10
left_child=1 3 5 11 -5 6 -2 -7 -4 -10 -3 -1 -12
right_child=2 10 8 4 -6 7 -8 -9 9 -11 12 -13 -14
leaf_value=0.0043170980971001137 -0.0049738895480334932 0.014081534570579788 0.01825919791476131 -0.0051173849687864538 -0.0014548372162383051 0.0046217646177024946 0.01335782511522879 0.00086827655008269095 0.0032093933963570219 0.0085104840315605272 0.0052169001707685807 -0.00090769624778445522 -0.0007193809058070144
leaf_weight=455.27075854688883 971.62092716246843 80.0540442019701 50.923209004104137 5101.7773631066084 4081.1410114914179 1208.7010649889708 90.507491290569305 11196.760734982789 4066.3003118932247 484.15169440954924 573.06859970092773 3986.6113248020411 638.1236741989851
leaf_count=2297 4951 367 417 21266 17224 6358 519 58040 29005 4640 2599 16933 3003
internal_value=1.5676e-05 -0.00200229 0.00168503 -0.00247821 -0.00349953 0.000881701 -0.0032458 0.00124225 0.00401623 0.00380399 0.00295383 -0.000350209 0.00205992
internal_weight=32985 14916 18069 13624.8 9182.92 13467.6 1062.13 12405.5 4601.38 4550.45 1291.25 4441.88 1211.19
internal_count=167619 63689 103930 57720 38490 69868 5470 64398 34062 33645 5969 19230 5602
is_linear=0
shrinkage=0.03


Tree=92
num_leaves=15
num_cat=0
split_feature=2 2 2 0 0 0 2 3 2 3 0 3 2 0
split_gain=120.484 46.4221 22.3666 21.1076 19.3641 19.1281 15.7657 15.717 13.9373 13.6802 11.1711 9.76252 8.53242 5.17967
threshold=0.0034190409572881493 0.001719074333767883 0.0074696459271216525 0.00084962685549874728 -0.009143318059400397 0.012260103503179713 0.0013313840679558082 0.73875000000000013 0.0013313840679558082 0.2737500000000001 -0.00029028835979325485 0.54125000000000012 0.0030975723142180316 -0.0034608320513114669
decision_type=8 10 10 10 10 10 10 10 10 8 10 8 10 10
left_child=1 3 5 8 12 9 -5 -6 -1 -2 13 -12 -3 -4
right_child=2 4 10 6 7 -7 -8 -9 -10 -11 11 -13 -14 -15
leaf_value=-0.0082704002103837909 0.015470873771678046 0.019197067006075885 0.0071573978327540318 0.0061637374229835578 -0.00099179730869500488 0.013684285678037818 -0.002937525191773112 0.0063190705682150882 -0.0038722861086391202 0.0017238854441844417 0.0014193354701699848 0.014231979694048562 0.00020959872222668638 0.015618037847376091
leaf_weight=1168.0747984647751 56.883581109344959 51.952627100050449 253.70192708075047 237.01460568606853 17041.817811131477 115.5602128431201 547.22801013290882 256.9398435652256 1716.9621636718512 10864.340490415692 388.89549737423658 56.016023956239223 42.874165207147598 146.32879763841629
leaf_count=4990 379 377 2712 959 76731 836 2216 1187 7118 64550 3452 503 312 1251
internal_value=-8.36237e-05 -0.00144781 0.00232882 -0.00451305 -0.000795511 0.00195705 -6.8415e-05 -0.000876154 -0.00569611 0.00181506 0.00703518 0.00344178 0.0120236 0.010704
internal_weight=32944.6 21062.9 11881.7 3669.28 17393.6 11036.8 784.243 17298.8 2885.04 10921.2 844.942 444.912 94.8268 400.031
internal_count=167573 93890 73683 15283 78607 65765 3175 77918 12108 64929 7918 3955 689 3963
is_linear=0
shrinkage=0.03


Tree=93
num_leaves=15
num_cat=0
split_feature=2 2 1 0 1 0 2 0 0 1 2 0 2 2
split_gain=102.387 40.9746 36.9943 28.0929 27.5032 25.8148 21.6395 21.6361 24.6107 20.3174 21.4916 17.6993 13.0245 12.9963
threshold=0.0024039869930330819 0.0039915687364262924 -0.46574804205549952 -0.0018851828256214898 -0.40724782905444784 0.00038089203784715388 0.0038080536024029036 -5.4510766416285801e-05 -0.00058519450179282488 1.8913997938054929 0.0020449271461166637 -0.010703741393565216 0.0052406116286393594 0.0011258670578612672
decision_type=8 8 10 10 8 10 10 10 10 10 10 8 10 10
left_child=2 3 7 6 12 -5 -2 8 -1 10 -4 -6 -3 -9
right_child=1 4 9 5 11 -7 -8 13 -10 -11 -12 -13 -14 -15
leaf_value=-0.0043128065095654287 0.0020212012455684113 -0.00079463345959156011 -0.0030479636113861139 -0.0019604540618638191 0.014869381018661776 0.00081857233950179261 0.010960775103060812 -0.011719296896785874 -0.011768143986622317 0.0037345995691589781 0.00071234012342872991 0.00415625451208332 0.0030860878690266631 -0.0019136332469115809
leaf_weight=1099.4644796699286 2774.8520909324288 1813.526173889637 3642.9428909868002 5242.054011926055 140.61651460826397 7001.4372555762529 263.4048068895936 124.4738846719265 674.56259015202522 694.14429786801338 2146.1731834858656 4140.0968696027994 1329.1723527312279 1886.2196750789881
leaf_count=4573 14813 10143 15103 23672 1498 34739 1499 533 2805 2962 9204 28112 10344 7829
internal_value=3.71911e-05 0.00116313 -0.00244542 0.000269978 0.00299085 -0.000367001 0.00284933 -0.00480287 -0.00723136 -0.0010547 -0.00164475 0.00455599 0.000832229 -0.00260535
internal_weight=32973.1 22705.2 10268 15281.7 7423.41 12243.5 3038.26 3784.72 1774.03 6483.26 5789.12 4280.71 3142.7 2010.69
internal_count=167829 124820 43009 74723 50097 58411 16312 15740 7378 27269 24307 29610 20487 8362
is_linear=0
shrinkage=0.03


Tree=94
num_leaves=15
num_cat=0
split_feature=2 2 1 0 0 2 0 1 0 0 2 2 1 0
split_gain=121.047 38.626 27.3273 24.1755 20.0997 21.7128 15.2993 14.2609 25.5154 22.9129 9.94865 6.57387 5.56329 5.25601
threshold=0.0034190409572881493 0.001719074333767883 -0.72062714534490557 -0.0051556924144032226 0.0047168589773173902 0.0053927673544491841 -0.0080447891194758668 -0.25718352593222943 -5.4510766416285801e-05 -0.0010755043604371854 0.0024039869930330819 0.0036605700281063338 -1.1651099638493381 -0.010703741393565216
decision_type=8 10 10 8 10 10 10 10 10 10 10 10 10 10
left_child=1 7 10 12 5 -5 -4 8 -1 -9 -3 -6 -2 -14
right_child=3 2 6 4 11 -7 -8 9 -10 -11 -12 -13 13 -15
leaf_value=-0.010526346028663083 0.00029774466181868738 -0.0044081284461539392 0.010904602728469905 0.00081095325348529092 0.010575590905175054 0.004462205673340526 -9.2136230846092337e-05 0.006408231613722162 -0.002751297073964252 -0.0035285703613026076 -0.001541572022419234 0.0043996816260604516 0.012227928335232251 0.0061004675220351435
leaf_weight=705.1270777285099 121.28019423782825 1823.8726859688759 104.90413719415665 7618.6257760971785 200.66257528215647 1828.1840683296323 12496.342109456658 222.15763637423515 890.86422394216061 1858.3489712625742 2979.9411250948906 1202.4005457982421 207.59659229964018 688.12183073908091
leaf_count=2984 977 7524 749 40921 1279 13716 56650 898 3747 7710 13723 9069 2163 5642
internal_value=4.02332e-05 -0.00132202 -0.000726524 0.00246442 0.00203786 0.00152787 3.22702e-06 -0.00411532 -0.00626792 -0.00241323 -0.00264928 0.005394 0.00689262 0.00770618
internal_weight=32948.4 21081.6 17405.1 11866.9 10849.9 9446.81 12601.2 3676.5 1595.99 2080.51 4803.81 1403.06 1017 895.718
internal_count=167752 93985 78646 73767 64985 54637 57399 15339 6731 8608 21247 10348 8782 7805
is_linear=0
shrinkage=0.03


Tree=95
num_leaves=15
num_cat=0
split_feature=2 2 1 3 3 1 3 3 1 3 2 1 3 1
split_gain=111.138 43.004 40.6747 23.534 22.7211 20.6917 17.9902 16.7505 16.6745 16.1119 13.3362 8.92458 7.78538 0.212913
threshold=0.0024039869930330819 0.0043497958137187591 -0.46574804205549952 0.71375000000000011 0.46625000000000011 -0.076061553923435513 0.53625000000000012 0.56625000000000003 2.9892386251955929 0.34875000000000006 0.0016226914765030776 -0.40724782905444784 0.37375000000000008 3.4776108912586401
decision_type=8 10 10 10 10 8 10 10 10 10 10 10 10 10
left_child=2 5 4 11 9 12 -6 -7 10 -1 -4 -3 -2 -10
right_child=1 3 8 -5 6 7 -8 -9 13 -11 -12 -13 -14 -15
leaf_value=0 -0.0033458907553483505 0.0017380774580021175 -0.0035287428057653222 0.019581841403429452 0.001348997602323543 0.0024171696424982706 -0.0050375889822815972 -0.00065014965419967321 0.0039167392768597745 -0.0079722141642861854 -0.00049759040556934234 0.0042199131213264294 -0.00027644423801911525 0.0092198635586427623
leaf_weight=267.85787717998028 814.558394305408 2421.8372948765755 1888.5752441436052 71.70166440308094 683.54356876015663 5568.0006586685777 889.40069274604321 2204.5243205502629 94.53255121409893 1953.5483897328377 4398.1372009217739 3189.569884441793 8418.8137956932187 99.738328695297241
leaf_count=1109 3991 16592 7877 489 2863 28242 3703 11110 403 8115 18564 23285 41144 422
internal_value=-1.25043e-05 0.00115788 -0.00260128 0.00341615 -0.00506873 0.000398111 -0.00223332 0.00153976 -0.00114187 -0.00703054 -0.00142186 0.00316444 -0.000557046 0.00725115
internal_weight=32964.3 22689 10275.3 5683.11 3794.35 17005.9 1572.94 7772.52 6480.98 2221.41 6286.71 5611.41 9233.37 194.271
internal_count=167909 124853 43056 40366 15790 84487 6566 39352 27266 9224 26441 39877 45135 825
is_linear=0
shrinkage=0.03


Tree=96
num_leaves=15
num_cat=0
split_feature=2 2 1 2 0 0 2 1 0 2 2 1 0 1
split_gain=93.188 36.3195 30.6054 27.13 20.0086 24.62 23.2813 17.7899 16.7104 15.7264 14.7725 13.3076 2.08778 3.5867
threshold=0.0024039869930330819 0.0039915687364262924 1.7430398526547062 0.0016064990190196478 -0.0018851828256214898 0.00027797720862573946 0.0038080536024029036 -0.40724782905444784 -0.010703741393565216 0.0015802097810649572 0.0052406116286393594 -0.69129435235077041 0.0016176916191433896 2.5625947355903973
decision_type=8 8 10 10 10 10 10 8 10 10 10 10 10 10
left_child=2 4 3 9 6 -6 -2 10 -9 -1 -3 -5 13 -4
right_child=1 7 12 11 5 -7 -8 8 -10 -11 -12 -13 -14 -15
leaf_value=-0.0045275967211573266 0.0015868989931712809 -0.00063139443999248035 0.0004215128257989593 -0.0037899313017019853 -0.001909049313754238 0.00083144461804028071 0.01079159891918843 0.013738352594586037 0.003706380502616553 -0.012031737737011584 0.0035008029317373764 -0.00091101627431205555 0.0072474976498112069 0.004927239983566538
leaf_weight=2282.9870879948139 2790.526529841125 1816.6515002325177 413.43234716355801 2128.2284855991602 4919.8778924196959 7311.6118305027485 266.23791833221912 152.18438328802586 4079.3030987605453 293.64792959392071 1325.8420645520091 4747.5122556388378 106.94961269199848 290.01403091847897
leaf_count=9661 14904 10188 1746 8761 22228 36125 1529 1644 27839 1223 10375 19899 488 1224
internal_value=3.52345e-05 0.00111101 -0.00233323 -0.00281674 0.000272014 -0.000266623 0.00244075 0.00283964 0.00411286 -0.00544922 0.00109855 -0.00181504 0.00319884 0.00240624
internal_weight=32925 22662.2 10262.8 9452.38 15288.3 12231.5 3056.76 7373.98 4231.49 2576.64 3142.49 6875.74 810.396 703.446
internal_count=167834 124832 43002 39544 74786 58353 16433 50046 29483 10884 20563 28660 3458 2970
is_linear=0
shrinkage=0.03


Tree=97
num_leaves=15
num_cat=0
split_feature=2 1 2 3 3 1 2 2 2 2 2 2 3 3
split_gain=92.6467 32.9182 34.568 16.1528 15.2072 12.9272 15.9415 10.1908 8.76978 11.6094 9.18645 8.42653 7.61633 7.41327
threshold=0.0034190409572881493 1.1891585513068228 0.0019273428732258953 0.34875000000000006 0.73875000000000013 -0.29886915707875444 0.0040707763470456222 0.0040536030343945812 0.0052406116286393594 0.0040536030343945812 0.0069216452242156648 0.0041979771552456118 0.53375000000000006 0.44875000000000004
decision_type=8 10 10 10 10 8 8 10 10 8 10 8 10 10
left_child=1 2 3 -1 -4 8 7 -7 9 -2 -10 -8 13 -3
right_child=5 12 4 -5 -6 6 11 -9 10 -11 -12 -13 -14 -15
leaf_value=0.0015138328708596421 0.0017305811295736172 0.0011029764086995864 -0.001106439461351703 -0.0046469032333020703 0.0068012700438362167 0.0015469104952127567 0.0090019455324884395 -0.0092765085885575232 0.0048183527220351944 -0.001480882526293829 0 0.0037908796981216972 -0.00076077589749454081 0.0047983582666369616
leaf_weight=403.8891034424305 2207.3724978193641 1259.7699450030923 13608.266301393509 3928.4344654083252 210.665990896523 2630.3615507856011 325.60518396645784 69.491932362318039 908.10910638421774 1845.3097811192274 551.51621335744858 3327.9793741330504 777.45282317698002 861.26298633217812
leaf_count=1684 11575 5633 61540 16370 988 14237 1879 383 6673 10419 4796 24090 3632 4004
internal_value=-4.46196e-05 -0.00124122 -0.00171695 -0.00405658 -0.000976719 0.00207235 0.00299869 0.00121298 0.000990304 0.000253489 0.00297962 0.00429497 0.00171295 0.00264715
internal_weight=32915.5 21049.7 18151.3 4332.32 13818.9 11865.7 6353.44 2699.85 5512.31 4052.68 1459.63 3653.58 2898.49 2121.03
internal_count=167903 93851 80582 18054 62528 74052 40589 14620 33463 21994 11469 25969 13269 9637
is_linear=0
shrinkage=0.03


Tree=98
num_leaves=15
num_cat=0
split_feature=0 0 0 3 3 0 1 3 3 0 3 0 0 3
split_gain=39.4222 42.5639 52.6753 40.6246 18.8171 23.9906 18.643 13.8682 7.93394 17.438 20.1047 10.1962 8.31253 2.34734
threshold=-0.0053505284069585114 0.00093289548222463218 -0.00058519450179282488 0.44625000000000009 0.67625000000000013 0.0047168589773173902 0.7066987578807753 0.68625000000000014 0.54875000000000018 -0.0097776924312434326 0.3987500000000001 -0.0075938501122531487 -0.009143318059400397 0.38625000000000004
decision_type=8 10 8 8 8 10 10 10 10 10 10 10 10 10
left_child=8 2 6 -4 5 -3 -2 -6 9 13 -11 12 -10 -1
right_child=1 4 3 -5 7 -7 -8 -9 11 10 -12 -13 -14 -15
leaf_value=0.0043648216927794385 -4.781421450998207e-05 0.00020936277130600864 -0.0045895975937232788 -0.00076952105002601882 0.011342335093914907 0.0037723489949447356 0.0031407747573622049 0.0030539411673581682 0.0085010548193875553 0.008187496786919303 -0.0022446546364795006 0.012892837440591685 -0.0034276667206165111 0.012318436075746862
leaf_weight=95.758573852479458 7865.8255023062229 8142.7955886051059 4484.6725036948919 5776.1435520425439 250.38493109494448 2154.8341091349721 2066.7497268542647 761.85703954845667 97.84926513582468 230.05388640612364 520.58232859522104 221.29851698130369 85.901516288518906 167.89960893243551
leaf_count=970 38925 41736 19778 26160 1359 13959 10850 3900 908 1732 3719 1633 683 1670
internal_value=0.000105866 -0.000113327 -0.000940202 -0.00244784 0.00135726 0.000963694 0.000612118 0.00525373 0.00497972 0.00340481 0.000939301 0.00860189 0.00272574 0.00991406
internal_weight=32922.6 31503.3 20193.4 10260.8 11309.9 10297.6 9932.58 1012.24 1419.34 1014.29 750.636 405.049 183.751 263.658
internal_count=167982 156667 95713 45938 60954 55695 49775 5259 11315 8091 5451 3224 1591 2640
is_linear=0
shrinkage=0.03


Tree=99
num_leaves=15
num_cat=0
split_feature=2 2 0 2 2 0 3 0 3 2 2 2 0 3
split_gain=95.2836 42.7788 32.0335 28.5814 38.3346 21.4982 20.8343 16.7508 17.6737 14.6408 9.94595 8.29823 3.18052 5.9089
threshold=0.003599897591987184 0.001445588710339061 0.0015777799649173017 0.0015339518385634133 0.0016064990190196478 -0.0053505284069585114 0.40875 0.0023353706532947683 0.30875000000000002 0.0048168642418436125 0.0014982742317421387 0.0013313840679558082 -0.010703741393565216 0.38125000000000003
decision_type=8 10 10 10 10 8 10 8 10 8 10 10 10 10
left_child=1 2 6 10 -5 12 -1 8 -7 -9 -3 -4 13 -2
right_child=5 3 11 4 -6 7 -8 9 -10 -11 -12 -13 -14 -15
leaf_value=-0.0032003004517599846 0.00086791713795579518 0.0019655299596968139 0.01029947868713876 -0.0081336507509287212 -0.00071220055802884131 0.0097917348683673171 -0.010096511555629507 0.0058362970953678671 0.00072092615743456949 0.0013736575502000434 0.013118790358340727 -0.0010124666540446397 0.0054075705460140582 0.013311673816191631
leaf_weight=787.33018386363983 58.701685570180416 158.13935597240925 116.17885376513004 639.19165496528149 19844.237953431904 191.08193645626307 884.74608053267002 1491.5837150961161 6338.4620770961046 1272.7080092653632 159.02737113833427 89.368174090981483 655.06803138554096 155.79955131560564
leaf_count=3380 618 651 468 2661 90480 1184 3780 9247 36841 10069 657 360 5522 1681
internal_value=-0.000120683 -0.00120411 -0.00553423 -0.000807886 -0.000950573 0.00228974 -0.0069233 0.00185422 0.00101012 0.00381564 0.00797122 0.00528409 0.00680231 0.0103638
internal_weight=32841.6 22678.2 1877.62 20800.6 20483.4 10163.4 1672.08 9293.84 6529.54 2764.29 317.167 205.547 869.569 214.501
internal_count=167599 102437 7988 94449 93141 65162 7160 57341 38025 19316 1308 828 7821 2299
is_linear=0
shrinkage=0.03


Tree=100
num_leaves=15
num_cat=0
split_feature=2 0 0 3 2 3 0 3 2 2 0 3 0 0
split_gain=92.2441 37.8911 30.8402 34.9983 28.6772 26.643 15.4523 28.3316 12.4509 16.7611 11.5661 9.44332 7.96533 15.2063
threshold=0.0028156294542010106 0.0027699166853085186 -0.003832532432603421 0.42875000000000002 0.0066638782940363116 0.35125000000000001 -0.0022166544134780315 0.37375000000000008 0.0068353086740594888 0.0074696459271216525 1.0000000180025095e-35 0.30875000000000002 0.0042642591950661805 0.0047168589773173902
decision_type=8 10 10 10 10 10 10 8 10 10 10 8 10 10
left_child=1 2 3 -1 6 -4 11 -8 10 -10 -6 -2 -3 -14
right_child=4 12 5 -5 8 -7 7 -9 9 -11 -12 -13 13 -15
leaf_value=-0.007315026775542406 0.011426596119618923 0.0051653350205329669 0.0022232661577460582 0.0099641426009799798 0.0038263605581096514 -0.0028403214683269873 -0.0037336476187480993 0.0011196848073555695 -0.00025328769653241816 0.0069187966328452932 0.020931597251914395 0.0026136465080668315 -0.0084469016656924644 0.0028538876123239674
leaf_weight=135.26356077194214 109.13790842890739 731.42188510298729 993.23718404769897 360.11707931756973 83.879425160586834 12032.039582550526 1176.4203368127346 11937.884327486157 427.28366669267416 822.83961197733879 81.839437484741211 3347.9005305320024 123.93144464492798 514.8126667290926
leaf_count=640 741 3313 4163 1848 668 50659 6178 63861 3301 7892 627 20924 567 2442
internal_value=6.40836e-05 -0.00167986 -0.00216453 0.00507596 0.00151129 -0.00244819 0.00115466 0.000677231 0.00560585 0.00443726 0.0133256 0.00294133 0.00304032 0.000472375
internal_weight=32878 14890.8 13520.7 495.381 17987.2 13025.3 16571.3 13114.3 1415.84 1250.12 165.719 3457.04 1370.17 638.744
internal_count=167824 63632 57310 2488 104192 54822 91704 70039 12488 11193 1295 21665 6322 3009
is_linear=0
shrinkage=0.03


Tree=101
num_leaves=15
num_cat=0
split_feature=2 0 0 2 0 0 1 2 2 2 0 2 2 1
split_gain=78.452 27.1776 30.5947 26.6866 24.9873 26.2771 22.752 17.3451 12.0322 35.9779 8.9005 8.52536 12.1061 0.411823
threshold=0.0023069954082973669 0.0016941721477928017 -0.0026645119348182159 0.0022034277975385235 0.005105434321112161 -0.0053505284069585114 2.1376717743595877 0.0053927673544491841 0.0014092396667470914 0.0016064990190196478 -0.010703741393565216 0.0025148856108319459 0.0034190409572881493 -0.31818666965122427
decision_type=8 10 10 10 8 10 10 10 10 10 10 8 8 10
left_child=1 2 3 -1 5 10 -4 -7 13 -10 -2 -6 -13 -3
right_child=4 8 6 -5 11 7 -8 -9 9 -11 -12 12 -14 -15
leaf_value=0.0076832313456226481 0.0098586174058618633 0.0049050824900478806 -0.0038679151143708643 -0.010731541818914048 0.014836387630294134 0.00011579737134239835 0.0033072606451597371 0.0031458473711234438 -0.014794161540239074 0.0022205626282079472 0.0034062094336728263 6.2282317580018153e-06 0.0054850222930839946 0.011935248620886119
leaf_weight=384.99404874444008 251.32667665928602 81.471514299511909 6983.3947925418615 74.841815605759621 61.976993814110756 18589.220084533095 405.27182175219059 1867.8117174506187 114.15944810211658 1098.6824257820845 1090.3264723345637 546.0530319660902 1220.9279926046729 74.77013324201107
leaf_count=1700 2597 328 28984 353 298 91437 1693 14267 460 4778 8318 2886 9262 301
internal_value=3.71848e-05 -0.00230684 -0.00298939 0.00439376 0.000954762 0.000667868 -0.00346231 0.000396787 0.00155574 0.000462091 0.0047233 0.0043193 0.00383523 0.00914589
internal_weight=32845.2 9217.59 7848.5 459.836 23627.6 21798.7 7388.67 20457 1369.08 1212.84 1341.65 1828.96 1766.98 156.242
internal_count=167662 38597 32730 2053 129065 116619 30677 105704 5867 5238 10915 12446 12148 629
is_linear=0
shrinkage=0.03


Tree=102
num_leaves=13
num_cat=0
split_feature=2 1 2 3 3 1 2 2 3 3 2 2
split_gain=85.6839 34.9649 29.2295 20.1912 16.1097 16.4586 26.2169 15.4246 14.728 15.535 8.91248 5.86835
threshold=0.0034190409572881493 1.3033236169234386 0.0024039869930330819 0.46625000000000011 0.2737500000000001 -0.40724782905444784 0.0040707763470456222 0.003391060834323664 0.49625000000000002 0.47125 0.0052406116286393594 0.001867979531125979
decision_type=8 10 10 10 8 8 8 10 10 10 10 10
left_child=1 2 3 -1 -2 10 -7 -4 9 -3 -6 -10
right_child=4 8 7 -5 5 6 -8 -9 11 -11 -12 -13
leaf_value=-0.0040104502672100636 0.017172856210061253 0.0026096245084923373 -0.00021324462276249502 -0.001095671941076149 -0.00010439466549313501 0.00075141558831349673 0.0045494799293644686 -0.0077991498424314614 -0.0059481562960905293 0.011210524784043475 0.0027623871296941797 0.00022425344610420135
leaf_weight=5261.5999327301979 54.40288295596838 1399.6731470674276 9289.7881867513061 3729.9669544547796 3641.0279082879424 2900.669767446816 3886.1437960788608 238.60202251374722 152.86559554934502 219.31768465042114 1305.4523484185338 829.63234974443913
leaf_count=21943 372 6313 43523 15674 19751 15717 27742 1177 626 1018 10333 3962
internal_value=1.75862e-05 -0.00112402 -0.00158345 -0.00281054 0.00206745 0.00197774 0.00293852 -0.000417472 0.00211719 0.00387325 0.000644135 -0.000725905
internal_weight=32909.1 21121.4 18520 8991.57 11787.7 11733.3 6786.81 9528.39 2601.49 1618.99 4946.48 982.498
internal_count=168151 94236 82317 37617 73915 73543 43459 44700 11919 7331 30084 4588
is_linear=0
shrinkage=0.03


Tree=103
num_leaves=15
num_cat=0
split_feature=0 1 0 0 0 1 3 1 3 0 3 3 0 0
split_gain=36.5391 35.6522 26.9559 24.4003 22.4856 16.9365 11.903 11.3786 8.1886 14.9272 11.3483 8.17532 7.28409 6.99522
threshold=-0.0051556924144032226 0.11072098639653465 0.0027063659757853818 0.0060883274071632607 -0.00058519450179282488 2.5625947355903973 0.61375000000000013 0.41941447679965133 0.53875000000000017 -0.010703741393565216 0.40125000000000005 0.38625000000000004 -0.0075938501122531487 -0.009143318059400397
decision_type=8 8 10 8 8 10 10 8 10 10 10 10 10 10
left_child=8 2 4 5 -2 -3 -4 -5 9 11 -11 -1 13 -10
right_child=1 3 6 7 -6 -7 -8 -9 12 10 -12 -13 -14 -15
leaf_value=0.0010712301125873449 0 0.00054414088817246627 0.002470110585529837 0.00020849999509634846 -0.0023333785761769361 0.0049239570338365712 -0.0020845552669113681 0.010429805753858219 0.0080915533459872922 0.005900305195116193 -0.0013170034486021964 0.014494057861995178 0.011193201737461893 -0.0026283374588979371
leaf_weight=74.562695696949959 6091.0437377020717 11007.769328907132 2601.6313534677029 151.25256588310003 9628.6850711777806 853.11552403122187 621.41165868192911 354.83034565299749 101.01641135662794 287.00553816556931 546.48049219697714 129.68719479441643 274.02637518942356 89.460421621799469
leaf_count=778 29959 54674 15287 1033 44363 4238 3483 2744 951 2232 3943 1355 2026 711
internal_value=0.000120323 -9.77515e-05 -0.000917304 0.00115245 -0.0014317 0.000868104 0.00156967 0.00755447 0.00467572 0.0030492 0.00113758 0.0101527 0.00804219 0.00287754
internal_weight=32812 31309.7 18942.8 12367 15719.7 11860.9 3223.04 506.083 1502.24 1037.74 833.486 204.25 464.503 190.477
internal_count=167777 155781 93092 62689 74322 58912 18770 3777 11996 8308 6175 2133 3688 1662
is_linear=0
shrinkage=0.03


Tree=104
num_leaves=15
num_cat=0
split_feature=1 0 0 0 0 0 3 3 3 3 3 1 3 1
split_gain=34.6749 29.2564 24.8063 29.561 23.3435 18.8959 14.5387 11.7688 11.5153 11.3683 20.9467 9.46321 7.66976 3.51016
threshold=-0.10759265303183205 0.0060883274071632607 -0.0041502997841843673 0.00068601602444976341 -0.00063944326381168524 -0.00058519450179282488 0.31125000000000008 0.48375000000000007 0.69375000000000009 0.46625000000000011 0.3987500000000001 -1.0067137764785983 0.49625000000000002 0.41941447679965133
decision_type=8 8 8 10 8 8 8 8 8 10 10 10 8 10
left_child=2 5 9 4 -4 7 -5 -2 -7 10 -1 -11 13 -3
right_child=1 12 3 6 -6 8 -8 -9 -10 11 -12 -13 -14 -15
leaf_value=0.0061068487671173026 0.0035897927718551515 0 -0.00070676464000481469 -0.01147736928802977 -0.003718279876372705 -0.00014486013350421801 0.00056868261403586744 0.0006408087678052677 0.004485627835202349 0 -0.0044076668410319118 0.008172576718557728 0.010949865340816992 0.006395268282658643
leaf_weight=301.72728525847197 2936.27132768929 139.83264025300741 4711.4591910839081 81.104468084871769 4673.4067665487528 9233.3259750157595 6539.1643818318844 2180.9557465985417 499.44133191555738 178.14053934067488 364.77643238008022 464.51016183197498 303.70844163745642 182.53950620442629
leaf_count=2267 16238 974 22769 406 20771 45111 34172 12076 2404 1224 2413 3300 2195 1439
internal_value=0.00011592 0.00114901 -0.000804156 -0.00113221 -0.00221516 0.000873935 0.00039497 0.00234834 9.09572e-05 0.00313912 0.00028349 0.00595909 0.00746289 0.00376666
internal_weight=32790.4 15476.1 17314.3 16005.1 9384.87 14850 6620.27 5117.23 9732.77 1309.15 666.504 642.651 626.081 322.372
internal_count=167759 80437 87322 78118 43540 75829 34578 28314 47515 9204 4680 4524 4608 2413
is_linear=0
shrinkage=0.03


Tree=105
num_leaves=15
num_cat=0
split_feature=2 2 3 2 3 0 2 3 0 2 2 3 2 3
split_gain=69.8224 31.3748 16.9986 36.9013 36.0569 16.3653 16.2966 14.8743 12.2586 34.3682 20.5972 7.15856 2.38072 2.28275
threshold=0.0034434709815845299 0.0016226914765030776 0.56125000000000014 0.0019736335366390503 0.46625000000000011 0.010911171974009589 0.0088198125431252512 0.2737500000000001 -0.00066482403446349364 0.0011258670578612672 0.0011258670578612672 0.44125000000000009 0.0040341021866642781 0.62875000000000003
decision_type=8 10 10 10 10 10 8 10 10 10 10 10 10 8
left_child=1 8 4 -4 -3 6 7 -2 9 -1 -10 -7 -13 -8
right_child=5 2 3 -5 -6 11 13 -9 10 -11 -12 12 -14 -15
leaf_value=0.015370788838554866 0.016197873726746394 -0.0011727779655037044 -0.010409338735830224 -0.0012682112991450249 0.0021121695933020834 0 0.0077428022621424336 0.0013253785827751568 -0.010138941305500332 -0.0033362716855310183 -0.0033148513055169387 0.0034581475040887317 0.01513666832726621 0
leaf_weight=97.305815428495407 51.729488126933575 8624.2710399776697 428.29823316633701 4689.8551787510514 4603.7930702194571 39.018098644912243 431.81356311589479 10791.919932961464 523.73547895252705 491.23910088837147 1867.8953461796045 42.787845067679882 120.08240503072739 53.056306451559067
leaf_count=404 359 38234 1749 21647 21129 327 4303 65986 2253 2020 7916 300 992 483
internal_value=-4.73942e-05 -0.00106593 -0.000597278 -0.00206367 -2.42459e-05 0.00183056 0.0016681 0.00141671 -0.00391929 0 -0.00487021 0.0101549 0.0127932 0.00702652
internal_weight=32856.8 21326.4 18346.2 5118.15 13228.1 11530.4 11328.5 10843.6 2980.18 588.545 2391.63 201.888 162.87 484.87
internal_count=168102 95352 82759 23396 59363 72750 71131 66345 12593 2424 10169 1619 1292 4786
is_linear=0
shrinkage=0.03


Tree=106
num_leaves=15
num_cat=0
split_feature=2 1 2 3 3 2 1 3 2 3 3 3 2 2
split_gain=71.7439 29.4719 26.6337 20.2433 16.8225 16.4846 15.5428 12.6789 9.3242 8.81547 8.767 6.30634 1.71957 8.20331
threshold=0.0034434709815845299 0.83104242237676273 0.0020032689886634769 0.54875000000000018 0.73625000000000018 0.0088198125431252512 -1.8450947436383462 0.67875000000000008 0.0033790425544059106 0.2737500000000001 0.7087500000000001 0.50625000000000009 0.013345541704058437 0.010570226405862491
decision_type=8 10 10 10 10 10 8 10 10 8 10 8 10 10
left_child=1 2 10 8 -4 6 11 -5 -3 -8 -1 -2 13 -7
right_child=5 3 4 7 -6 12 9 -9 -10 -11 -12 -13 -14 -15
leaf_value=-0.0037610265512897762 -0.0015533307307615434 0.0026451913022468168 -0.0010574086430123638 -0.0044548836482415722 0.0070208735070068171 0.0093099178570622936 0.013326934426207472 0.0025657239276097514 -0.0071458374037530765 0.0017084210179539837 0.0056635816676495849 -0.013352055483518676 0.010958692987233083 0
leaf_weight=4541.3060137480497 119.3570239841938 3096.0930625125766 12205.724366925657 763.85672326385975 224.8997887969017 193.84995354712009 50.930554151535034 310.96321011334658 77.557068787515163 10771.331980347633 77.071505561470985 69.16227462887764 132.13719324022532 133.0074146091938
leaf_count=18966 733 14080 55405 3564 1066 1941 358 1446 397 66370 314 395 1362 1318
internal_value=-4.12928e-05 -0.00107313 -0.00163153 0.0011522 -0.000900904 0.00186869 0.0016254 -0.00236347 0.00236538 0.00178089 -0.00357889 -0.00663872 0.00741807 0.00552576
internal_weight=32767.2 21297.5 17049 4248.47 12430.6 11469.8 11010.8 1074.82 3173.65 10822.3 4618.38 188.519 458.995 326.857
internal_count=167715 95238 75751 19487 56471 72477 67856 5010 14477 66728 19280 1128 4621 3259
is_linear=0
shrinkage=0.03


Tree=107
num_leaves=15
num_cat=0
split_feature=0 0 1 3 3 0 3 3 3 1 0 1 1 1
split_gain=45.7753 35.1028 35.7231 28.9032 22.9731 13.7247 12.2647 11.801 40.8861 11.9988 9.38667 6.28287 2.94908 1.1325
threshold=-0.0037312769321812271 0.0027063659757853818 0.27361477342269752 0.60875000000000012 0.4512500000000001 -0.0097776924312434326 0.70125000000000004 0.61375000000000013 0.51875000000000016 -0.29886915707875444 -0.015845912499593242 -1.0581604452977842 -0.75084218104496359 0.12171301725302747
decision_type=8 10 8 10 10 10 10 10 8 10 10 10 10 10
left_child=5 2 4 -4 -2 10 11 8 -3 -9 13 -7 -12 -1
right_child=1 7 3 -5 -6 6 -8 9 -10 -11 12 -13 -14 -15
leaf_value=-0.0047269333462927809 -0.0028605901904576233 0.0011279356806817872 0.0016194835621258024 -0.0029575591992668003 -0.0005721973417055975 -0.00083150239273111165 0.013074049287904033 -0.0045518206867659764 0.0084270049773017986 0.0019443297320078763 0.0041426323734568308 0.0031653345654503065 0.013825718132015056 0.0022339740851759072
leaf_weight=28.797715000808239 6974.5709152147174 3309.0209915265441 7161.2978767827153 1485.2859836444259 9288.1439065188169 402.17182597517967 96.188798889517784 445.20042476058006 873.96838844567537 562.14686615020037 68.349343821406364 1909.725235670805 201.69752870500088 26.142483666539192
leaf_count=341 32171 20051 34535 7066 43871 2515 655 2481 5280 3330 623 12775 2042 330
internal_value=7.6586e-05 -0.000259574 -0.000729112 0.000823813 -0.00155846 0.00378807 0.00294537 0.00197935 0.00268373 -0.00088421 0.00957885 0.00244363 0.0118246 -0.000656802
internal_weight=32832.7 30099.6 24909.3 8646.58 16262.7 2733.07 2408.09 5190.34 4182.99 1007.35 324.987 2311.9 270.047 54.9402
internal_count=168066 148785 117643 41601 76042 19281 15945 31142 25331 5811 3336 15290 2665 671
is_linear=0
shrinkage=0.03


Tree=108
num_leaves=15
num_cat=0
split_feature=1 1 0 0 3 3 0 0 3 0 3 0 3 3
split_gain=37.6918 25.8972 26.843 26.3479 19.4868 17.1753 20.2459 16.4337 18.4856 15.0296 12.6199 7.74478 6.36007 2.37069
threshold=-0.51472807222262118 2.5625947355903973 -0.0097776924312434326 0.0092551009283870032 0.49625000000000002 0.53875000000000017 -0.002733966124784791 0.0019399252004496149 0.40125000000000005 -0.0040383072127532548 0.5212500000000001 0.00025758385641822017 0.3887500000000001 0.49875000000000008
decision_type=8 8 8 10 10 10 10 10 8 8 10 10 8 10
left_child=4 2 -2 -4 7 10 -7 9 -9 -1 -6 13 -13 -3
right_child=1 11 3 -5 5 6 -8 8 -10 -11 -12 12 -14 -15
leaf_value=0.0013419814937445506 0.010986697050850794 0.010210154811821789 0.00022347740603164448 0.0091202745958967046 0.0009114095703400604 0.004715423821408795 -0.0018615888980014668 0.0054463040645186976 -0.0017303737016759928 -0.003671702980602438 0.0075143642135324868 -0.0051130675350537025 0.0041475459440946548 0.0044304607636883667
leaf_weight=578.43920240551233 206.9869971498847 298.0038263425231 19433.827271528542 294.85837610065937 815.41296831518412 473.80285695940256 3104.7548208832741 443.72557403147221 1102.3412583768368 5040.4917439594865 394.18728078901768 67.29417484998703 360.99238315969706 170.13196326047182
leaf_count=3983 2231 1544 98713 2233 4095 2980 15131 2403 6269 23306 1956 327 1879 883
internal_value=-5.66996e-05 0.000711826 0.000482792 0.000364039 -0.00140059 6.92854e-05 -0.000963356 -0.00238995 0.000312558 -0.00314344 0.00315636 0.00567763 0.00247212 0.00837175
internal_weight=32785.3 20832.1 19935.7 19728.7 11953.2 4788.16 3578.56 7165 1546.07 5618.93 1209.6 896.422 428.287 468.136
internal_count=167933 107810 103177 100946 60123 24162 18111 35961 8672 27289 6051 4633 2206 2427
is_linear=0
shrinkage=0.03


Tree=109
num_leaves=15
num_cat=0
split_feature=2 2 0 2 2 0 0 0 2 2 2 2 2 2
split_gain=64.2374 27.6583 27.4354 23.9654 28.5724 20.36 15.6414 14.8899 15.235 10.7081 9.54523 7.1062 3.87561 7.35169
threshold=0.0034434709815845299 0.001445588710339061 0.0015777799649173017 0.0015339518385634133 0.0016064990190196478 -0.0015294938915751284 -0.0051556924144032226 0.0047168589773173902 0.011644782828630353 0.0014982742317421387 0.0048168642418436125 0.0013313840679558082 0.0051958790707838541 0.0053927673544491841
decision_type=8 10 10 10 10 10 8 10 10 10 10 10 10 10
left_child=1 2 5 9 -5 -1 12 8 -8 -3 -9 -4 -2 -14
right_child=6 3 11 4 -6 -7 7 10 -10 -11 -12 -13 13 -15
leaf_value=0.0085811809722452798 0.0078425114869275572 0.0016075307612783223 0.010534752139925789 -0.0067886885454062004 -0.00035736496637076281 -0.0062909845965749504 0.0010782809668712706 0.0071524075030131038 0.012736755027331986 0.012907990975892852 0.0019150075138764096 -1.0989655650657462e-06 -0.0068350566492769273 0.004742901194385518
leaf_weight=75.563707739114761 448.8000470995903 167.85988916456699 113.15768885612488 635.16046151518822 18526.676764369011 1593.050816193223 9061.1060616448522 673.04236640036106 93.22033678740263 158.37316972017288 670.35548429191113 87.356580466032028 42.249976865947247 468.8754486143589
leaf_count=305 3359 693 456 2656 83499 6887 52791 4535 846 656 5696 352 361 4945
internal_value=0.000196143 -0.000773994 -0.00425367 -0.000435165 -0.000577104 -0.00553464 0.00200882 0.00166203 0.00121732 0.00749264 0.00461674 0.00587765 0.00568319 0.00355793
internal_weight=32814.8 21357.2 1869.13 19488.1 19161.8 1668.61 11457.6 10497.7 9154.33 326.233 1343.4 200.514 959.925 511.125
internal_count=168037 95504 8000 87504 86155 7192 72533 63868 53637 1349 10231 808 8665 5306
is_linear=0
shrinkage=0.03


Tree=110
num_leaves=13
num_cat=0
split_feature=1 0 0 0 0 3 3 3 3 1 0 3
split_gain=32.8615 31.8469 26.1067 53.1794 18.5614 16.686 11.372 16.226 7.2854 4.97434 2.48924 0.541407
threshold=1.0852265344658598 -0.009143318059400397 0.00084962685549874728 -0.00058519450179282488 0.0060883274071632607 0.30375000000000002 0.60875000000000012 0.66125000000000012 0.59125000000000016 -1.1518724797628306 -0.015845912499593242 0.50375000000000003
decision_type=8 8 10 8 8 8 8 10 10 10 10 10
left_child=1 9 3 -3 6 -4 8 -8 -2 -1 -11 -6
right_child=4 2 5 -5 11 -7 7 -9 -10 10 -12 -13
leaf_value=0 0.0022784317579768116 0.000271807751773621 -0.013456763048305858 -0.003031210382236841 0.0073017150185977486 0.0007705722581464045 -0.0060343814212176616 0.0023381517968478613 0.010475790821305529 0.00067571012572926158 0.010814046536886954 0.015574364325253711
leaf_weight=43.430619306862354 3788.9500764459372 9391.4895166009665 64.375715598464012 8171.3060565516353 95.982988685369492 9863.579223357141 360.54773908853531 455.31014380604029 95.871574722230434 39.181851036846638 264.87860701978207 70.821686930954456
leaf_count=387 19693 48854 325 36482 798 52856 1843 2287 512 486 2560 540
internal_value=-4.92359e-05 -0.000448864 -0.0005664 -0.0012624 0.00222026 0.000658833 0.00184192 -0.00131749 0.00252251 0.00843754 0.00976176 0.0118357
internal_weight=32705.7 27838.2 27490.8 17562.8 4867.48 9927.95 4700.68 815.858 3884.82 347.491 304.06 166.805
internal_count=167623 141950 138517 85336 25673 53181 24335 4130 20205 3433 3046 1338
is_linear=0
shrinkage=0.03


Tree=111
num_leaves=15
num_cat=0
split_feature=2 0 1 2 0 0 0 2 2 1 2 0 0 0
split_gain=61.1484 23.9993 23.58 19.9213 15.7375 35.4913 14.5996 18.6248 14.599 11.7359 8.84357 6.9879 4.08098 4.99477
threshold=0.0024039869930330819 -0.0055551076254080328 -0.39726467404666471 0.0061243861919275519 0.00098990204602065666 9.9345567484226784e-05 -5.4510766416285801e-05 0.0016991413525182368 0.0011258670578612672 0.3250001939790193 0.0023693445118215585 0.0011774604874582894 -0.010703741393565216 -0.0071950488747032646
decision_type=8 10 10 8 10 10 10 10 10 10 10 10 8 10
left_child=2 12 6 9 5 -4 7 -1 -8 -3 -6 -5 -2 -14
right_child=1 3 4 11 10 -7 8 -9 -10 -11 -12 -13 13 -15
leaf_value=-0.01002719692190541 0.008761292359256205 -3.3373612657102954e-05 0.00027117904342372623 0.0057711001316803146 0.0026124745210851369 -0.0053092698538962377 -0.011314135176122611 -0.0034374064075816746 -0.0011697628765347324 0.001534887348664502 -0.0070821672431515045 0.0017365911470419058 0.0016008017767212518 0.0060980813844118799
leaf_weight=579.27600394189358 239.54120904952288 13308.945389941335 3197.6411694735289 864.21306212246418 1414.0657815784216 1486.9920668303967 128.98698057234287 1317.6725998073816 2035.0102104097605 6280.6745090261102 77.601802036166191 812.54052449762821 484.40690527111292 510.09611243009567
leaf_count=2495 2592 67209 13480 6794 6038 6186 564 5429 8463 33316 348 6993 4031 3784
internal_value=0.000104389 0.000980608 -0.00181467 0.000740002 -0.000633362 -0.00149492 -0.00359062 -0.00552324 -0.00185129 0.000466896 0.00202437 0.00387347 0.00503948 0.004005
internal_weight=32737.7 22500.4 10237.2 21266.4 6176.3 4684.63 4060.95 1896.95 2164 19589.6 1491.67 1676.75 1234.04 994.503
internal_count=167722 124719 43003 114312 26052 19666 16951 7924 9027 100525 6386 13787 10407 7815
is_linear=0
shrinkage=0.03


Tree=112
num_leaves=15
num_cat=0
split_feature=2 1 2 3 3 1 1 3 2 3 1 1 3 2
split_gain=44.327 34.9349 23.4322 23.9663 21.0077 12.1214 9.58645 11.028 8.46962 7.45207 4.25727 3.35342 4.99276 1.50843
threshold=0.0034434709815845299 1.6540570933159879 0.0013313840679558082 0.40875 0.35375000000000006 0.69127899887594302 -1.8450947436383462 0.45375000000000004 0.0088198125431252512 0.55375000000000008 3.1880780260108446 3.1880780260108446 0.55375000000000008 0.0023358565281525515
decision_type=8 10 10 10 10 8 10 10 8 8 10 10 10 10
left_child=1 2 3 -1 -4 6 7 -2 10 -8 -7 12 -3 -13
right_child=5 11 4 -5 -6 8 9 -9 -10 -11 -12 13 -14 -15
leaf_value=3.6028896715697743e-05 0.0025767865198843354 0.0036325587914506469 0.003020872839645678 -0.0083379843710654766 -0.0010431546219314379 0.002706972003993877 0.00068466099164616505 -0.010985801429999531 0.011337893146152968 0.0026189600641569697 0.0088218691203023319 0.0090014261494826536 -0.00021485813002032999 0.0031902403182432538
leaf_weight=490.5154789686203 79.582709610462189 1147.1660984903574 1211.1608448326588 755.22724749147892 17032.085664615035 2236.2017835527658 6139.0211251452565 114.11024087667465 115.40629129111767 2610.5571940392256 110.86002467572689 136.21547302603722 371.19654465466738 140.197374522686
leaf_count=2119 513 5258 5316 3266 76276 14425 38907 679 1234 15963 679 579 1732 678
internal_value=0.000132567 -0.000674098 -0.00104575 -0.00501888 -0.000768551 0.00164238 0.00111697 -0.00526584 0.00351408 0.00127097 0.00305746 0.00331171 0.00265747 0.00647776
internal_weight=32689.5 21283.8 19489 1245.74 18243.2 11405.7 8943.27 193.693 2462.47 8749.58 2347.06 1794.78 1518.36 276.413
internal_count=167624 95224 86977 5385 81592 72400 56062 1192 16338 54870 15104 8247 6990 1257
is_linear=0
shrinkage=0.03


Tree=113
num_leaves=14
num_cat=0
split_feature=2 2 1 1 3 2 3 3 3 3 3 1 1
split_gain=59.2247 30.8887 18.5746 18.3127 18.9288 17.8953 15.0596 12.7976 12.7684 11.2441 9.08924 1.91904 2.33589
threshold=0.0035021854839194923 0.0016064990190196478 -0.92428762987501811 0.8489086169884742 0.73875000000000013 0.0088198125431252512 0.66375000000000017 0.49625000000000002 0.2737500000000001 0.54875000000000018 0.37375000000000008 0.40484675479734733 -0.076061553923435513
decision_type=8 10 10 10 10 10 10 10 8 10 8 10 10
left_child=1 2 7 4 -3 8 -4 -1 -2 -5 -10 12 -7
right_child=5 3 6 9 -6 11 -8 -9 10 -11 -12 -13 -14
leaf_value=-0.011842302854661126 0.01515641171780234 -0.0011222385447858152 -0.0032320554312717095 0.0024109476625426337 0.007667853240822196 0.0069031565654256643 0.0085814370011209132 -0.00033252157240621825 -0.0012066207381570147 -0.0012544187038110921 0.001682811619799877 0.011309983394420253 0
leaf_weight=377.91030977666378 51.9638616964221 15134.020186021924 2192.7406184971333 2624.9015939310193 212.28571580350399 257.09037355333567 89.622913405299187 126.87271325290203 1062.6661445945501 1023.607810638845 9335.9784920811653 126.39667144417763 70.822796411812305
leaf_count=1650 366 67794 9290 12297 1008 2536 371 544 6672 4836 58190 1375 737
internal_value=-6.7547e-05 -0.000972765 -0.00391961 -0.000535376 -0.000991824 0.00173431 -0.00270658 -0.00912863 0.00146955 0.00136559 0.00138089 0.0075327 0.00560754
internal_weight=32686.9 21782 2787.15 18994.8 15346.3 10904.9 2282.36 504.783 10450.6 3648.51 10398.6 454.31 327.913
internal_count=167666 97790 11855 85935 68802 69876 9661 2194 65228 17133 64862 4648 3273
is_linear=0
shrinkage=0.03


Tree=114
num_leaves=15
num_cat=0
split_feature=2 0 3 2 2 3 2 3 3 3 3 0 0 0
split_gain=43.6551 22.1904 33.3453 18.6089 18.8377 18.1028 15.8314 19.3047 33.056 13.4228 11.6349 16.7392 7.23775 6.38479
threshold=0.0027070756574095285 0.0016563620401740592 0.36375000000000007 0.0026932655064740569 0.001445588710339061 0.42875000000000002 0.0061243861919275519 0.61625000000000008 0.64875000000000005 0.59375000000000011 0.46375000000000005 0.0035449160129804699 0.0052497230220488293 0.0023353706532947683
decision_type=8 10 10 10 10 10 10 10 10 8 10 10 10 10
left_child=1 3 13 4 -1 -4 7 9 -9 -2 11 -8 -12 -3
right_child=6 2 5 -5 -6 -7 10 8 -10 -11 12 -13 -14 -15
leaf_value=-0.0045620161274258046 0.0010114416856394661 0.01864201493683916 -0.0043060116445422158 -0.013790604963608817 -0.0010846608770579179 0.0018986244593343271 0.0036345670079412293 -0.0059326170553093034 0.00062775500288943383 0.0053699564390866242 0.0047358206079377452 -0.004800273941423381 0.012666749562924105 0.0063827079305407925
leaf_weight=1656.5976542979479 13133.085051380098 90.85177980363369 560.384939879179 105.58032964169979 9591.5735154896975 1617.650869935751 784.02996084839106 973.41818235814571 2279.6267647519708 667.70752877742052 768.53011693060398 274.9242025911808 133.06431678682566 123.74974729120731
leaf_count=7174 71417 379 2392 455 40256 7251 6862 5095 12231 3745 6502 2518 1222 548
internal_value=0.000104659 -0.00118079 0.00142676 -0.00173635 -0.00160572 0.000262433 0.00103726 0.000738158 -0.0013291 0.00123039 0.00359158 0.00136418 0.00609826 0.0124388
internal_weight=32760.8 13746.4 2392.64 11353.8 11248.2 2178.04 19014.4 17053.8 3253.04 13800.8 1960.55 1058.95 901.594 214.602
internal_count=168047 58455 10570 47885 47430 9643 109592 92488 17326 75162 17104 9380 7724 927
is_linear=0
shrinkage=0.03


Tree=115
num_leaves=13
num_cat=0
split_feature=2 3 0 2 3 2 3 3 2 3 3 3
split_gain=48.1381 34.1247 37.4732 30.6768 29.6908 35.6897 25.2233 21.8964 17.368 18.4584 14.5961 9.39009
threshold=0.0023216729328646127 0.4562500000000001 0.00096216234887393909 0.0022034277975385235 0.53625000000000012 0.0015802097810649572 0.77625000000000011 0.57125000000000015 0.0059498431259504261 0.61625000000000008 0.36375000000000007 0.58625000000000005
decision_type=8 10 10 10 10 10 10 10 10 10 10 10
left_child=1 2 3 -1 5 -3 8 -6 9 -2 -4 -10
right_child=6 4 10 -5 7 -7 -8 -9 11 -11 -12 -13
leaf_value=-0.0040140116334937154 0.00074975213332343163 -0.0030683261164075218 0.0069093166056231545 -0.012979608355964871 -0.010079886221157245 0.0056564127267743755 0.018510838406226277 -0.0010138026224876745 0.0022004454248780638 -0.0014912886288236458 -0.00071211886258387919 0.0076513350335594916
leaf_weight=3660.4976981580257 17143.762047573924 602.1016952842474 272.47012017667294 381.48364661633968 273.89290605485439 1313.2621176242828 61.058351039886475 1715.9015810638666 1768.3141330182552 4076.6966695934534 1085.2248157262802 351.52927293628454
leaf_count=15338 89319 2589 1138 1577 1162 5538 379 7185 15399 20764 4542 2990
internal_value=-8.82218e-05 -0.00191389 -0.00345732 -0.00490494 0.000208282 0.0028809 0.000635642 -0.00233591 0.000578403 0.000315896 0.000812861 0.00316421
internal_weight=32706.2 9304.83 5399.68 4041.98 3905.16 1915.36 23401.4 1989.79 23340.3 21220.5 1357.69 2119.84
internal_count=167920 39069 22595 16915 16474 8127 128851 8347 128472 110083 5680 18389
is_linear=0
shrinkage=0.03


Tree=116
num_leaves=13
num_cat=0
split_feature=2 1 2 3 3 3 3 3 3 2 3 2
split_gain=43.9144 20.0177 18.9444 20.0672 17.9349 21.001 12.6805 11.4526 11.4256 7.43565 13.6878 10.6844
threshold=0.0034190409572881493 -0.72062714534490557 0.0020449271461166637 0.7087500000000001 0.49625000000000002 0.53125000000000011 0.2737500000000001 0.53625000000000012 0.48875000000000007 0.0074696459271216525 0.54125000000000012 0.0069216452242156648
decision_type=10 8 8 10 10 10 10 10 8 10 10 10
left_child=1 4 3 -3 8 -6 -2 -4 -1 11 -11 -8
right_child=6 2 7 -5 5 -7 9 -9 -10 10 -12 -13
leaf_value=-0.0031520439047067264 0.015139941316511436 -0.0020374502727178137 0.0012241246149663348 0.012843556833448908 0.0049707836633089706 -0.001792944093883894 0.0014165610876744207 -0.00084505551187240941 -0.011162256995919981 0.0024601614192412999 0.013567475813348502 -0.0039749236367727977
leaf_weight=3392.7421201094985 52.44853950291872 4633.1033255308867 7007.1560627818108 72.167014271020889 536.81235133856535 1674.9312728792429 10408.405834391713 3622.6976530626416 167.72667194157839 685.84585133939981 114.18006884306669 326.74154914170504
leaf_count=14719 379 19329 32556 294 2435 7494 62367 16950 765 6769 1211 2586
internal_value=5.70219e-05 -0.000755638 -0.00018408 -0.00176973 -0.00226078 -0.000109329 0.00154186 0.000513169 -0.0035764 0.00146178 0.0042674 0.00124333
internal_weight=32695 21107.3 15335.1 4705.27 5772.21 2211.74 11587.6 10629.9 3560.47 11535.2 800.026 10735.1
internal_count=167854 94542 69129 19623 25413 9929 73312 49506 15484 72933 7980 64953
is_linear=0
shrinkage=0.03


Tree=117
num_leaves=9
num_cat=0
split_feature=3 1 0 0 3 3 3 3
split_gain=26.5182 22.1276 26.6955 20.2215 17.0883 24.209 13.356 6.32525
threshold=0.77375000000000005 -0.10759265303183205 0.0060883274071632607 -0.00050632814563715469 0.49375000000000008 0.61125000000000018 0.34875000000000006 0.57625000000000004
decision_type=10 8 8 10 10 10 8 10
left_child=1 4 3 -3 6 -6 -1 -4
right_child=-2 2 7 -5 5 -7 -8 -9
leaf_value=0.0016390682753486267 0.016843335195959815 0.0020786217514133279 0.0046843435332771374 -0.00022862197374860462 0.00199323387171283 -0.0015215160262947579 -0.0018778641706577884 0.012121134163075078
leaf_weight=1062.681490033865 74.665448479354382 5312.2641433700919 434.84882564842701 9449.1057752668858 3924.4926825091243 3173.8999988809228 9045.4442012235522 166.82365797460079
leaf_count=5392 446 29354 3327 46370 20329 15721 45560 1189
internal_value=7.426e-05 2.88173e-05 0.000857836 0.000598483 -0.000707965 0.000413316 -0.00150094 0.00700886
internal_weight=32644.2 32569.6 15363 14761.4 17206.5 7098.39 10108.1 601.672
internal_count=167688 167242 80240 75724 87002 36050 50952 4516
is_linear=0
shrinkage=0.03


Tree=118
num_leaves=15
num_cat=0
split_feature=1 0 0 0 3 0 3 3 3 3 0 1 3 1
split_gain=28.0424 26.2334 26.4901 24.8996 14.0834 12.6853 12.9998 13.0486 9.81046 13.9941 7.48269 5.82662 5.19897 0.401259
threshold=1.0852265344658598 -0.0041502997841843673 0.00053974529043447682 -0.00050632814563715469 0.30375000000000002 0.004591353258762562 0.60875000000000012 0.66125000000000012 0.46875000000000006 0.4562500000000001 -0.00069292750797818662 -0.99554104225960627 0.41125000000000006 1.2716954758469721
decision_type=8 8 10 8 8 10 10 10 10 10 10 10 8 10
left_child=1 8 3 -3 -4 6 10 -8 9 -1 -2 -10 -7 -14
right_child=5 2 4 -5 -6 12 7 -9 11 -11 -12 -13 13 -15
leaf_value=0.0018666164472201617 0.0042948970503355237 -0.00043359614582124512 -0.011109284531889006 -0.0029518024585068561 0.00048728362476584131 0 -0.0062324029277166229 0.001420964189297008 0 -0.010578213965129103 0.0013801177001782372 0.0062170531796244422 0.0037541613830852408 0.010811359096950201
leaf_weight=939.49012304097414 1227.7160331904888 8107.5768985971808 84.703833043575287 6352.4821078255773 11288.25912310183 48.987142510712147 337.5639575496316 446.19970819354057 184.54940002411604 78.262210763990879 2530.7515028566122 765.6461845934391 52.666740514338017 193.20748478919268
leaf_count=6952 7200 39414 421 28268 59463 362 1699 2231 1289 556 12328 5684 383 1403
internal_value=-6.75793e-05 -0.000436337 -0.000692921 -0.0015453 0.00038596 0.00203599 0.00161777 -0.00183671 0.00288796 0.000757651 0.00235703 0.00507558 0.00801718 0.00973998
internal_weight=32638.1 27801 25833 14460.1 11373 4837.09 4542.23 783.764 1967.95 1017.75 3758.47 950.196 294.861 245.874
internal_count=167653 142047 127566 67682 59884 25606 23458 3930 14481 7508 19528 6973 2148 1786
is_linear=0
shrinkage=0.03


Tree=119
num_leaves=15
num_cat=0
split_feature=2 1 3 3 2 3 3 2 2 3 1 3 3 1
split_gain=48.399 24.558 30.0648 36.3849 21.3515 15.8559 16.7934 15.0156 14.8903 26.3702 13.3101 12.0697 10.5007 4.40422
threshold=0.0030863654409954808 -0.74074858462786197 0.49625000000000002 0.53125000000000011 0.003136861609594806 0.34625 0.3887500000000001 0.0013719695818470397 0.0034190409572881493 0.3362500000000001 -0.29886915707875444 0.48875000000000007 0.44625000000000009 -0.57412510424350061
decision_type=8 10 10 10 8 10 10 10 8 8 10 10 10 10
left_child=1 2 11 -4 12 7 -7 -3 9 -6 -10 -1 -2 -14
right_child=4 5 3 -5 8 6 -8 -9 10 -11 -12 -13 13 -15
leaf_value=-0.0042725747564045929 -7.1443686161939415e-05 -0.0061422738698054024 0.0079790397394617473 -0.0022763783629960619 -0.018979448943316744 -0.0035095919693056954 -0.00021443009998598175 0.0052026392549375262 0.00042434913124629272 -0.00036998883998749972 0.0024747679298176323 -0.013770005355287964 0.0037896674902625754 0.011579844204920366
leaf_weight=2831.1616140007973 126.08645771443844 109.34989599883556 407.91306497901678 1205.5130372494459 60.452107161283493 1607.0864597335458 10399.677528902888 723.55373731255531 5425.626458376646 2980.4232796356082 6198.5402744710445 125.3362128213048 136.12085634469986 280.15316685289145
leaf_count=12078 625 463 1803 5200 315 6875 45843 3165 33378 14824 40391 540 657 1405
internal_value=1.93853e-05 -0.00105853 -0.00294657 0.000312658 0.00125722 -0.000380097 -0.000663029 0.00358681 0.00103357 -0.000820606 0.00152407 -0.00474049 0.00706777 0.00932189
internal_weight=32617 17409.6 4569.92 1613.43 15207.4 12839.7 12006.8 832.904 14665 3040.88 11624.2 2956.5 542.36 416.274
internal_count=167562 75967 19621 7003 91595 56346 52718 3628 88908 15139 73769 12618 2687 2062
is_linear=0
shrinkage=0.03


Tree=120
num_leaves=15
num_cat=0
split_feature=1 0 0 0 0 0 0 0 3 3 3 0 3 1
split_gain=25.3522 20.5382 19.3812 14.4038 13.9037 18.2662 14.2911 16.4089 10.3747 9.55016 7.05603 5.06892 4.17903 0.313634
threshold=-0.75084218104496359 -0.010703741393565216 0.005105434321112161 -0.00058519450179282488 0.0026521353638429405 0.0081776640269217316 -0.0017947561892054 -5.4510766416285801e-05 0.66625000000000012 0.34875000000000006 0.49625000000000002 -0.015845912499593242 0.4512500000000001 0.90867270426566316
decision_type=8 8 10 10 8 10 10 10 10 10 8 10 8 10
left_child=4 11 3 -3 6 8 9 -8 -6 -1 -4 -2 -7 -13
right_child=1 2 10 -5 5 12 7 -9 -10 -11 -12 13 -14 -15
leaf_value=0.0076497586026793105 0 0.0011636106008779555 0.0016183560285462262 -0.00042673603367282114 0.0033989541897396689 -0.00015952461956652032 -0.0046821763848826255 -0.0013260080121278079 -0.0055648442146057804 -0.00029253596854446286 0.0059732566128489692 0.014118734605018161 -0.011051693339331162 0.0034657252689669249
leaf_weight=137.6735322624445 43.489187188446522 7950.902320496738 774.13561378419399 14329.247220054269 1154.7124624475837 59.600061319768429 2284.9189037904143 3249.0696314275265 115.43529729545116 1653.0714341923594 673.81096445769072 112.82666835188866 107.57956911623478 27.222076214849949
leaf_count=869 564 42761 5393 69089 6639 398 10359 15101 620 9446 4505 1208 721 311
internal_value=-6.13085e-05 0.000442679 0.000360514 0.000138371 -0.00144246 0.0012231 -0.00197466 -0.0027285 0.00250032 0.000323843 0.00371316 0.0101876 -0.00773541 0.0128169
internal_weight=32673.7 23911.6 23728.1 22280.1 8762.06 1437.33 7324.73 5533.99 1270.15 1790.74 1447.95 183.538 167.18 140.049
internal_count=167984 123831 121748 111850 44153 8378 35775 25460 7259 10315 9898 2083 1119 1519
is_linear=0
shrinkage=0.03


Tree=121
num_leaves=9
num_cat=0
split_feature=3 0 1 3 1 0 3 3
split_gain=23.3064 22.2409 19.4404 16.238 9.59622 8.96844 4.97625 4.95346
threshold=0.77375000000000005 -0.0053505284069585114 1.7430398526547062 0.61625000000000008 -0.40724782905444784 0.004591353258762562 0.54875000000000018 0.57375000000000009
decision_type=10 8 8 10 10 10 10 10
left_child=1 4 3 -3 7 -4 -6 -1
right_child=-2 2 5 -5 6 -7 -8 -9
leaf_value=-0.00060141630346093836 0.015836835359792866 -6.6366804190835311e-05 0.0019494135238272853 -0.0019447534339075061 0.0041334990034576392 0.010120471110512409 0.010058728600675394 0.0057123184142140607
leaf_weight=467.53886777162552 73.670380771160126 23870.084592469037 2191.974658228457 5021.4255513325334 543.19604835659266 123.82702149450779 210.46594738960266 132.20328307896852
leaf_count=3622 439 119638 11057 24530 4769 917 1807 1066
internal_value=2.30255e-05 -1.57633e-05 -0.000181399 -0.000395472 0.00373283 0.00245376 0.00597678 0.000762799
internal_weight=32634.4 32560.7 31207.3 28891.5 1353.4 2315.8 753.662 599.742
internal_count=167845 167406 156142 144168 11264 11974 6576 4688
is_linear=0
shrinkage=0.03


Tree=122
num_leaves=9
num_cat=0
split_feature=3 0 1 3 0 3 3 3
split_gain=23.1475 20.5282 21.009 15.9591 15.4716 6.7786 6.75777 4.13819
threshold=0.77625000000000011 -0.0097776924312434326 1.0852265344658598 0.2737500000000001 0.007112700550997453 0.53125000000000011 0.60125000000000017 0.38625000000000004
decision_type=10 8 8 8 10 10 10 10
left_child=1 5 3 -3 -4 7 -7 -1
right_child=-2 2 4 -5 -6 6 -8 -9
leaf_value=0.0032936365889762059 0.017401042190189914 0.013086086367296648 0.0014673659193948595 -0.00044065684555961521 0.012882634540608142 -0.0094189079311957965 0.0065903539301306532 0.01315366400230626
leaf_weight=87.158074781298637 58.916589021682739 68.468190461397171 4707.7353283390403 27476.471651129425 101.25386685878038 30.989323809742928 46.307462833821774 146.31711080670357
leaf_count=953 375 391 24429 138825 839 315 483 1593
internal_value=3.27188e-05 -2.08773e-06 -7.87721e-05 -0.000400119 0.0017464 0.00754791 0 0.0100057
internal_weight=32723.6 32664.7 32353.9 27544.9 4808.99 310.772 77.2968 233.475
internal_count=168203 167828 164484 139216 25268 3344 798 2546
is_linear=0
shrinkage=0.03


Tree=123
num_leaves=15
num_cat=0
split_feature=2 3 0 2 3 2 2 2 3 3 0 3 3 2
split_gain=43.3602 27.721 31.6069 28.941 27.6539 41.3872 19.4733 15.8149 16.3912 52.3559 17.9123 13.8638 11.2485 8.08053
threshold=0.0023216729328646127 0.46625000000000011 0.00096216234887393909 0.0022034277975385235 0.53625000000000012 0.0012082362596986117 0.0020032689886634769 0.0059498431259504261 0.61375000000000013 0.64875000000000005 0.005105434321112161 0.37375000000000008 0.62375000000000014 0.0060445863019311158
decision_type=10 8 10 10 8 10 8 10 10 10 10 10 10 10
left_child=1 2 3 -1 5 -3 -6 8 10 -10 -2 -4 13 -9
right_child=7 4 11 -5 6 -7 -8 12 9 -11 -12 -13 -14 -15
leaf_value=-0.0033956704301550868 0.00069053262338855833 -0.0078682502963174899 0.0057080634495628125 -0.011802169939506052 -0.0051993482765994616 0.0053232484449000491 0.00063675316338128061 0.011709859310038423 -0.0061731434306347265 0.00106611151938204 0.0046040655213021786 -0.00087034259926149771 0.010077519983143475 0.0020264625386754494
leaf_weight=3817.0182393938303 15797.616728499532 240.41321328282356 381.19554217159748 409.81494587659836 899.76456421613693 1389.1413267552853 1144.7798545658588 75.098786041140556 1279.5532857179642 2934.2753933891654 1126.949419260025 1054.4573078751564 194.1038875207305 1848.9094416424632
leaf_count=16023 80963 1041 1598 1698 3705 5872 5135 574 6456 14982 7181 4422 1742 16183
internal_value=9.53362e-05 -0.00162848 -0.00294465 -0.00425082 0.000386198 0.00330435 -0.0019152 0.000790362 0.000538509 -0.00112734 0.000957229 0.000862258 0.00326128 0.00249405
internal_weight=32593.1 9336.58 5662.49 4226.83 3674.1 1629.55 2044.54 23256.5 21138.4 4213.83 16924.6 1435.65 2118.11 1924.01
internal_count=167575 39494 23741 17721 15753 6913 8840 128081 109582 21438 88144 6020 18499 16757
is_linear=0
shrinkage=0.03


Tree=124
num_leaves=12
num_cat=0
split_feature=2 0 3 3 2 2 3 3 3 2 2
split_gain=33.134 21.7811 33.455 31.0045 30.299 25.7599 20.9908 16.023 15.4727 12.4838 8.85576
threshold=0.0023069954082973669 0.0010190200297170084 0.45875000000000005 0.36625000000000002 0.0013313840679558082 0.0020734814841331258 0.77375000000000005 0.2737500000000001 0.69375000000000009 0.0039915687364262924 0.001445588710339061
decision_type=10 10 10 10 10 10 10 10 10 10 10
left_child=1 2 5 10 -4 -1 7 -2 -5 -9 -3
right_child=6 3 4 8 -6 -7 -8 9 -10 -11 -12
leaf_value=-0.0028102837203093011 0.015190420745948001 0.00039629842632850798 -0.0062523385705436155 -0.0010146747370085318 0.0016223456448433466 -0.0087464707692784527 0.016720404407859959 5.8601237096131421e-05 0.010238060059366937 0.0015725190709405879 0.013086511520048043
leaf_weight=3277.0690131932497 57.540597043931484 77.193806819617748 529.98070085048676 1794.4472972378135 2350.9737201035023 841.53793093562126 62.92174531519413 16222.35082167387 106.78166966885328 7071.5183379724622 213.45016358792782
leaf_count=13870 425 382 2306 7596 9811 3493 351 78952 515 49118 908
internal_value=1.85298e-05 -0.00150498 -0.00232416 0.00108246 0.000136347 -0.00405598 0.00061954 0.000566448 -0.000301015 0.000521246 0.0100409
internal_weight=32605.8 9191.43 6999.56 2191.87 2880.95 4118.61 23414.3 23351.4 1901.23 23293.9 290.644
internal_count=167727 38881 29480 9401 12117 17363 128846 128495 8111 128070 1290
is_linear=0
shrinkage=0.03


Tree=125
num_leaves=13
num_cat=0
split_feature=2 1 3 3 1 3 3 1 3 3 3 1
split_gain=31.8923 20.5243 21.7636 18.0771 11.7372 11.3816 9.57064 9.21361 13.7997 12.7494 7.36289 2.66293
threshold=0.003599897591987184 1.8913997938054929 0.72375000000000012 0.71375000000000011 -1.1236009919490295 0.49375000000000008 0.2737500000000001 -1.0969349144478893 0.45875000000000005 0.43875000000000003 0.46375000000000005 2.9892386251955929
decision_type=8 10 10 10 10 10 8 8 10 8 10 10
left_child=1 2 3 -1 -4 10 -2 8 -8 -9 -3 -7
right_child=6 5 4 -5 -6 11 7 9 -10 -11 -12 -13
leaf_value=-0.00092798646171274876 0.013500484020381344 0.0033986799362314005 -0.0051145994913783903 -0.010277963853040093 0.0076188905527783792 -0.0017801359757544618 0.002225720256678887 8.1783468088457317e-05 -0.003404763014669466 0.0025687295827837666 0.01071926044221343 0.0026236035742180975
leaf_weight=20540.587849870324 49.726326555013657 729.43796506524086 64.917798653244972 179.34144556522369 383.69074559211731 411.80921573191881 712.32078558951616 2880.256580978632 832.83521454781294 5478.6486622579396 160.92247852683067 159.23119804263115
leaf_count=92706 365 3329 301 822 1842 1971 4522 19255 5133 35899 761 751
internal_value=-7.43741e-06 -0.000631716 -0.000871656 -0.00101673 0.00557406 0.00278537 0.00140505 0.00132471 -0.000772894 0.00172009 0.00489279 -0.000424897
internal_weight=32583.7 22629.9 21168.5 20719.9 448.609 1461.4 9953.79 9904.06 1545.16 8358.91 890.36 571.04
internal_count=167657 102483 95671 93528 2143 6812 65174 64809 9655 55154 4090 2722
is_linear=0
shrinkage=0.03


Tree=126
num_leaves=15
num_cat=0
split_feature=2 2 0 1 2 1 2 2 0 0 0 0 0 2
split_gain=25.2954 23.2414 20.9192 19.4155 15.7059 14.4823 14.3067 23.1752 14.4103 8.69448 12.2675 6.6162 4.63122 2.97874
threshold=0.0027070756574095285 0.0026811221100681462 0.00098990204602065666 2.4564214737292143 0.0074696459271216525 0.098929137813321882 0.0069216452242156648 0.0066638782940363116 -0.0051556924144032226 0.0021461270542633653 -0.00077369828667790957 -0.00050632814563715469 -0.0065479513879402066 0.00762371370298292
decision_type=8 10 10 10 10 10 10 10 10 8 10 10 10 10
left_child=1 2 3 -1 6 -4 7 -2 -8 10 -3 12 -6 -13
right_child=4 9 5 -5 11 -7 8 -9 -10 -11 -12 13 -14 -15
leaf_value=-0.0017579890722181156 0.00051790893639181953 -0.0013518704201610728 -0.00031886527827198108 0.0051439713914833976 0.0028204221025300764 0.0036023060950846268 0.0075792274641137735 0.0097214322240764556 -0.0082969733808967248 0 -0.016675977278095923 0.009441082193424764 0.010717548863709353 0.00099595585609719289
leaf_weight=9530.8701807409525 17584.814252905548 82.06495013833046 2143.021382778883 367.92195945978165 143.40446978807449 1365.4104510545731 50.472213059663773 240.73138302564621 279.86710727214813 65.483259961009026 149.7953575104475 36.242383375763893 214.49848766624928 388.53068773448467
leaf_count=40249 97165 376 9107 1586 1812 6051 494 1931 2144 312 629 334 2092 3657
internal_value=4.35776e-06 -0.000975112 -0.000782621 -0.00149047 0.000716441 0.00119602 0.000531947 0.000650946 -0.00554355 -0.00915143 -0.0117804 0.00485979 0.00787909 0.00205509
internal_weight=32643.1 13704.6 13407.2 9898.79 18938.6 3508.43 18155.9 17825.5 330.339 297.344 231.86 782.676 357.903 424.773
internal_count=167939 58310 56993 41835 109629 15158 101734 99096 2638 1317 1005 7895 3904 3991
is_linear=0
shrinkage=0.03


Tree=127
num_leaves=15
num_cat=0
split_feature=2 1 2 3 1 2 3 3 3 3 3 1 2 2
split_gain=41.5036 17.861 16.5917 19.5898 10.1495 9.9805 9.29188 23.0385 15.4065 7.82009 7.31834 4.82048 5.58438 1.82148
threshold=0.0034434709815845299 1.8913997938054929 0.0020032689886634769 0.53125000000000011 0.69127899887594302 0.0031687766861593688 0.55375000000000008 0.62125000000000019 0.54625000000000012 0.49375000000000008 0.46875000000000006 3.1880780260108446 0.0041194717281430775 0.0031122096355388827
decision_type=10 10 8 10 10 10 10 10 10 10 8 10 10 8
left_child=1 2 3 -1 6 -4 8 -8 -2 10 -3 12 -6 -11
right_child=4 9 5 -5 11 -7 7 -9 -10 13 -12 -13 -14 -15
leaf_value=-0.0014600750839083574 0.00075086412907042792 0.0031149759644659445 5.0433289687284072e-05 -0.0063854870853332912 0.0012041860388318914 -0.0019526443717940449 0.0057899647989615773 8.2522805982574105e-05 -0.008537816417502956 0.0006912679716363306 0.01131311496614542 0.0094484423167515742 0.0043060970530320658 -0.0035597179150598061
leaf_weight=4539.9630933254957 6102.968577131629 715.97802704572678 11770.623384252191 873.86985029280186 997.30865535140038 2739.4909372404218 1154.8304828554392 1452.1573329344392 154.3404298722744 425.787831582129 117.90940239280462 112.64314073324203 1295.7743356078863 103.19164162874222
leaf_count=19105 38920 3246 52901 3604 5611 13666 7323 8621 962 1957 564 710 9798 538
internal_value=0.000148352 -0.000628972 -0.00085893 -0.00227648 0.00162114 -0.000324697 0.00113946 0.00264617 0.000498922 0.00267089 0.00446559 0.00335906 0.00299415 -7.7339e-05
internal_weight=32556.8 21286.8 19923.9 5413.83 11270 14510.1 8864.3 2606.99 6257.31 1362.87 833.887 2405.73 2293.08 528.979
internal_count=167526 95581 89276 22709 71945 66567 55826 15944 39882 6305 3810 16119 15409 2495
is_linear=0
shrinkage=0.03


Tree=128
num_leaves=14
num_cat=0
split_feature=2 0 2 0 2 2 3 0 3 2 3 0 2
split_gain=33.1431 21.3812 30.5285 28.4017 21.3332 19.5137 12.3485 11.817 10.2408 9.65552 9.84405 4.37975 1.2181
threshold=0.0034190409572881493 -0.00066482403446349364 0.0011258670578612672 0.00038089203784715388 0.0011258670578612672 0.0014982742317421387 0.37875000000000009 0.010911171974009589 0.44125000000000009 0.0088198125431252512 0.30875000000000002 -0.0075938501122531487 0.0040341021866642781
decision_type=8 10 10 10 10 10 10 10 10 10 10 10 10
left_child=1 4 6 -4 -1 -6 -3 9 -9 10 -2 -11 -10
right_child=7 2 3 -5 5 -7 -8 8 12 11 -12 -13 -14
leaf_value=0.014163391176389706 0.0066464400047821391 0.0017590506485915024 -0.0026348532376931858 0.00011935914127019581 -0.0074877381559423691 0.00096105202898148702 -0.010337333986054704 -0.0030859158999384582 0.0036450240379154093 -0.00021199075813076637 0.00093798653598947256 0.007123216419231024 0.013868649076494141
leaf_weight=96.919462338089943 273.57935570180416 78.638082340359688 5505.9630281478167 8558.7816845923662 245.33826571702957 6071.579723149538 433.29905633628368 41.500037916004658 40.627561405301094 71.99299056455493 10684.511793136597 344.23327181488276 116.70386884361506
leaf_count=405 2006 341 23311 38595 1028 28270 1898 357 293 976 65810 3367 1006
internal_value=0.000119556 -0.000589055 -0.00122561 -0.000955683 0.000847959 0.000612116 -0.00836616 0.00140936 0.00853715 0.0012721 0.0010919 0.0057385 0.0119628
internal_weight=32563.7 20990.5 14576.7 14064.7 6413.84 6316.92 511.937 11573.1 198.831 11374.3 10958.1 416.226 157.331
internal_count=167663 93848 64145 61906 29703 29298 2239 73815 1656 72159 67816 4343 1299
is_linear=0
shrinkage=0.03


Tree=129
num_leaves=14
num_cat=0
split_feature=2 0 0 2 0 2 2 3 0 3 2 3 2
split_gain=23.6954 22.9212 19.3994 31.603 24.626 15.3913 16.6585 8.30765 7.49537 8.35674 9.71676 4.26087 0.292764
threshold=0.0052406116286393594 -0.0035479643904972095 0.00053974529043447682 0.0010889261252982538 -0.00058519450179282488 0.0021598888065144863 0.0034434709815845299 0.43375000000000002 -0.015845912499593242 0.67125000000000012 0.0088198125431252512 0.42125000000000007 0.0073433263091247031
decision_type=10 8 10 8 8 10 10 10 10 10 10 10 10
left_child=1 5 4 -4 -3 7 -7 -1 11 10 -10 -2 -11
right_child=8 2 3 -5 -6 6 -8 -9 9 12 -12 -13 -14
leaf_value=0.0014055240601776645 -0.015054315994294212 7.7232679264844268e-06 -0.014070765406391683 0.00057422517825759134 -0.0023855302656386338 -0.00048319331081459746 0.0049322146924642212 0.015875693577168171 0.0016784726654181269 0.015138067646807989 0.0066863612616444544 0 0.0042587193281722275
leaf_weight=68.063405722379684 23.179085209965706 7601.1390167549253 123.88211999833584 11899.126165755093 7768.2962865233421 1140.0742162317038 889.48836036026478 108.66036649048328 2421.1155393794179 43.763294376432896 416.37567336112261 22.596543282270432 33.642863810062408
leaf_count=292 302 35318 520 59425 33969 6477 6110 510 19428 369 4287 314 337
internal_value=1.54364e-06 -0.000252884 -0.000491996 0.000406772 -0.00119878 0.00267759 0.00187332 0.0109977 0.00255762 0.00277316 0.00245531 -0.00812788 0.0121243
internal_weight=32559.4 29598.7 27392.4 12023 15369.4 2206.29 2029.56 176.724 2960.67 2914.9 2837.49 45.7756 77.4062
internal_count=167658 142621 129232 59945 69287 13389 12587 802 25037 24421 23715 616 706
is_linear=0
shrinkage=0.03


Tree=130
num_leaves=13
num_cat=0
split_feature=2 1 3 2 3 3 3 3 3 1 2 3
split_gain=34.9996 28.8711 22.1092 22.0327 16.6463 18.0789 39.2654 15.5314 14.0719 9.29178 8.12731 2.62037
threshold=0.0024304647363403431 -0.25718352593222943 0.4612500000000001 0.0022926814748974902 0.77625000000000011 0.61625000000000008 0.64875000000000005 0.59125000000000016 0.34625 2.5625947355903973 0.0010022500424530596 0.49375000000000008
decision_type=8 10 10 10 10 10 10 10 10 10 10 10
left_child=1 2 8 -4 5 7 -7 -2 -1 10 -3 -11
right_child=4 9 3 -5 -6 6 -8 -9 -10 11 -12 -13
leaf_value=0.00095885197189793674 0.00080094660184139136 0.0084103964719145254 0.00080875418277410278 -0.0064042688263495724 0.015685725258825497 -0.0056088040518690926 0.00077448611649673566 0.0048201080345684853 -0.005803343616563446 0.0064652334877279612 -0.00049414517913079145 0.00015108750191771052
leaf_weight=294.28550681471825 17112.188408646733 83.346289157867432 1614.0926075428724 484.84875585138798 56.420179568231106 1248.2375912666321 2748.1463600620627 910.40026460587978 2332.0894653350115 232.0759389102459 5369.5224872529507 105.45898573100567
leaf_count=1227 96714 359 6764 2048 369 6670 14697 5115 9769 993 22731 462
internal_value=-2.50092e-05 -0.0014504 -0.00318793 -0.000851447 0.000651615 0.000603266 -0.00121333 0.00100986 -0.00502212 -1.90787e-05 -0.000331911 0.00472621
internal_weight=32591.1 10515.7 4725.32 2098.94 22075.4 22019 3996.38 18022.6 2626.37 5790.4 5452.87 337.535
internal_count=167918 44353 19808 8812 123565 123196 21367 101829 10996 24545 23090 1455
is_linear=0
shrinkage=0.03


Tree=131
num_leaves=15
num_cat=0
split_feature=2 0 0 1 2 1 2 0 0 2 2 0 0 0
split_gain=27.9431 29.0377 29.2761 18.897 16.2086 16.0361 13.9487 13.3839 11.6319 9.68725 6.78241 5.69338 3.95017 8.68348
threshold=0.0020449271461166637 0.0030305325383313485 -0.001702239153931625 -1.0581604452977842 0.0039915687364262924 0.51861386362959128 0.0024636053458222591 0.010911171974009589 0.00053974529043447682 0.0020734814841331258 0.0016585640722040918 0.0015393805891067537 0.0038820078858212343 0.0048440696736161692
decision_type=8 10 10 8 10 10 10 10 10 8 10 10 10 10
left_child=1 2 10 6 9 -4 11 -6 -8 -5 -1 -2 -3 -14
right_child=3 12 5 4 7 -7 8 -9 -10 -11 -12 -13 13 -15
leaf_value=0 -0.0035105946542068633 0.010729101981500294 -0.0039809121853865044 0.0058640708830833511 0.0018695918591738712 -0.00042155918190477527 -0.0021432811273778148 0.011493100588172492 0.0013200379029376555 0.00015738953716174195 0.0073999468238577079 -0.010276235373731152 -0.0038445049617323161 0.0086831069477611555
leaf_weight=189.38850185275078 579.70786878466606 138.99793472886086 3874.6155255436897 263.30507670342922 5708.2624726109207 1671.4352552741766 1973.0180508568883 126.44242707639933 1530.2010455057025 15866.636698879302 297.41364122927189 158.29149064421654 74.76739139854908 100.71881885826588
leaf_count=764 2377 592 16285 1110 40144 6935 10512 1122 8504 76596 1263 702 321 448
internal_value=-3.39788e-05 -0.00181998 -0.00229434 0.000396851 0.000752707 -0.0029217 -0.00142939 0.00210771 -0.000613979 0.000257838 0.00464728 -0.00515994 0.00688511 0.00310263
internal_weight=32553.2 6347.34 6032.85 26205.9 21964.6 5546.05 4241.22 5834.7 3503.22 16129.9 486.802 737.999 314.484 175.486
internal_count=167675 26608 25247 141067 118972 23220 22095 41266 19016 77706 2027 3079 1361 769
is_linear=0
shrinkage=0.03


Tree=132
num_leaves=14
num_cat=0
split_feature=0 1 0 1 3 0 0 3 3 3 1 3 1
split_gain=19.2051 17.5366 17.4254 13.4493 11.4731 10.7152 10.7045 5.85766 11.0195 3.94534 3.57208 3.04222 3.01191
threshold=-0.0097776924312434326 -0.74074858462786197 0.0092551009283870032 3.1880780260108446 0.44125000000000009 0.0019399252004496149 -0.0008856033047645388 0.38625000000000004 0.53375000000000006 0.59625000000000006 -0.49460436680421732 0.35875000000000007 0.83104242237676273
decision_type=8 10 10 10 8 10 8 10 10 10 10 10 10
left_child=7 4 3 -3 5 -2 -6 11 12 -10 -4 -1 -9
right_child=1 2 10 -5 6 -7 -8 8 9 -11 -12 -13 -14
leaf_value=0.0048283274796039125 -0.0034418390825303826 0.00019192263240739302 0 0.0057913487567418705 0.0016553754226766438 0.00078759240238614517 -0.0012047336320897169 0.016653170116088616 -0.0068925573281192025 0.0054848351899904812 0.008391336106774493 -0.0054306451572842113 0.0018646819183399878
leaf_weight=51.822690322995186 2619.9608284384012 22765.186367787421 52.479845143854618 383.8873827829957 1669.7844589501619 646.69138174504042 3877.1475657373667 116.4194438830018 29.122819177806377 46.249669518321753 282.11065934598446 33.969364270567894 27.376976825296879
leaf_count=578 12518 116005 361 1951 8817 3593 19192 1255 298 486 2216 373 329
internal_value=3.60043e-05 -3.40289e-05 0.000392345 0.000289831 -0.00117605 -0.00258639 -0.000331532 0.00740905 0.00992213 0 0.00709656 0 0.0145321
internal_weight=32602.2 32297.2 23483.7 23149.1 8813.58 3266.65 5546.93 304.961 219.169 75.3725 334.591 85.7921 143.796
internal_count=167972 164653 120533 117956 44120 16111 28009 3319 2368 784 2577 951 1584
is_linear=0
shrinkage=0.03


Tree=133
num_leaves=11
num_cat=0
split_feature=2 2 0 3 3 0 2 3 3 2
split_gain=26.855 37.9035 31.2266 20.329 16.1505 13.7049 31.8884 26.6341 6.14975 5.38019
threshold=0.0030975723142180316 0.003125806430861122 -0.0080447891194758668 0.74125000000000008 0.34875000000000006 0.00071140188539852822 0.0055675591397784992 0.31875000000000003 0.44625000000000009 0.0025148856108319459
decision_type=8 8 8 10 10 10 10 8 10 10
left_child=2 8 -1 4 -4 6 -3 -7 -2 -5
right_child=1 5 3 9 -6 7 -8 -9 -10 -11
leaf_value=0.017931765215979095 0.0020319510019368827 -0.00078386119403791557 0.0024406589719161219 0.014904168183857225 -0.0011348982522050494 -0.013531312630642715 0.0041379610298826501 0.0021411210846448495 0.014562675659062852 0.0032410506019812787
leaf_weight=70.495447047054768 60.533565141260624 7029.6962508708239 1204.6960357129574 75.189823031425476 16048.95249094069 88.3367660343647 1414.1813077181578 6228.9701901376247 204.55020608007908 103.44680082798004
leaf_count=518 300 37876 5213 330 69996 563 12487 38985 1021 473
internal_value=0.000114655 0.00104618 -0.000681778 -0.000770727 -0.000880499 0.000835602 3.72683e-05 0.00189145 0.0120972 0.0089981
internal_weight=32529 15026.3 17502.8 17432.3 17253.6 14761.2 8443.88 6317.31 265.084 178.637
internal_count=167762 91232 76530 76012 75209 89911 50363 39548 1321 803
is_linear=0
shrinkage=0.03


Tree=134
num_leaves=12
num_cat=0
split_feature=2 1 2 3 3 1 2 3 2 3 3
split_gain=27.4897 16.3073 17.9684 14.5246 21.596 14.5057 11.1926 9.17728 9.03717 15.6988 8.08202
threshold=0.0020449271461166637 -0.50513384952702223 0.0040707763470456222 0.30375000000000002 0.31875000000000003 2.3627965195024827 0.0040536030343945812 0.48125000000000001 0.0024993378467945055 0.43375000000000002 0.3987500000000001
decision_type=10 10 10 8 10 10 10 10 10 10 10
left_child=3 8 6 -1 -5 -6 -3 -4 9 -2 -10
right_child=1 2 7 4 5 -7 -8 -9 10 -11 -12
leaf_value=-0.011652475013854609 -0.0064353899727414504 0.00064245432006864291 0.0015250864064063989 0.011969746415627255 -0.001973813831705259 0.0051520865757775968 -0.010147318272777197 0.0044827015567168588 0.002214729154584504 -0.00043321287227946137 -0.00038052207319206564
leaf_weight=119.7018811404705 560.56552802026272 12261.00029155612 2182.266123726964 95.586204133927822 5892.8555997759104 255.10807700455189 76.578353174030781 1805.6421545036137 1277.4444940835238 1339.6636959463358 6666.7245009168983
leaf_count=497 2284 59604 16294 569 24819 1063 425 13007 7270 5634 36286
internal_value=0.000121341 0.000553157 0.00113541 -0.00164324 -0.00142342 -0.0016605 0.00056246 0.0028871 -0.000406499 -0.00225968 3.1518e-05
internal_weight=32533.1 26169.9 16325.5 6363.25 6243.55 6147.96 12337.6 3987.91 9844.4 1900.23 7944.17
internal_count=167752 140804 89330 26948 26451 25882 60029 29301 51474 7918 43556
is_linear=0
shrinkage=0.03


Tree=135
num_leaves=15
num_cat=0
split_feature=1 0 0 3 3 1 3 3 0 0 3 0 0 3
split_gain=18.3671 19.4589 14.5008 14.6834 14.4087 10.7605 9.97302 14.5039 15.4388 13.2227 14.3316 13.3926 8.20528 7.10059
threshold=-0.74074858462786197 0.0060883274071632607 -0.0051556924144032226 0.61375000000000013 0.49625000000000002 0.41941447679965133 0.49625000000000002 0.53875000000000017 -0.002733966124784791 0.00065871034215193565 0.40125000000000005 -0.00085772620145001352 0.00056349958638879209 0.46875000000000006
decision_type=8 10 8 10 8 10 10 10 10 10 8 8 10 10
left_child=6 2 13 -4 5 -3 9 12 -9 11 -11 -1 -8 -2
right_child=1 4 3 -5 -6 -7 7 8 -10 10 -12 -13 -14 -15
leaf_value=-0.0012125035315139804 0.0011199945500842583 -0.002222792736591614 0.00041996783273137923 -0.0016042476259957559 0.0083876122658629818 0.0067761829856349187 0.0058429922450343686 0.0047983111326830022 -0.002005563811681349 0.0037549369239513785 -0.0017621458404002261 -0.0050523179172152462 0 0.0063070175181954456
leaf_weight=1694.3417031988502 529.50726065412164 323.54739540070295 17732.039413593709 3929.5245508626103 455.68101868033409 173.38752395659685 496.69799030572176 332.29641483724117 2266.161790817976 602.65572234243155 1362.534962490201 1684.6624803841114 405.47546498477459 487.34724536538124
leaf_count=9083 4583 2245 88227 19047 3241 1428 2419 2127 11036 3068 7230 7514 2130 4150
internal_value=-3.70184e-05 0.000397586 0.000217386 4.94248e-05 0.00457837 0.000870448 -0.00120408 2.4125e-05 -0.00109741 -0.00201835 -2.94266e-05 -0.00315387 0.00329678 0.00370162
internal_weight=32475.9 23631 22678.4 21661.6 952.616 496.935 8844.83 3500.63 2598.46 5344.19 1965.19 3379 902.173 1016.85
internal_count=167528 122921 116007 107274 6914 3673 44607 17712 13163 26895 10298 16597 4549 8733
is_linear=0
shrinkage=0.03


Tree=136
num_leaves=15
num_cat=0
split_feature=1 0 3 3 0 0 3 3 1 1 3 3 1 0
split_gain=18.3901 21.6692 17.1745 19.2334 17.8702 14.3061 15.2317 13.598 8.6069 5.57347 4.74289 1.86074 1.54215 3.13783
threshold=0.74031031002998604 -0.0036391420074520071 0.67875000000000008 0.61375000000000013 0.0058854291629386489 0.0060883274071632607 0.61625000000000008 0.67875000000000008 -1.0192571683505336 3.1880780260108446 0.30375000000000002 0.47625000000000001 1.1104880283684551 0.0081776640269217316
decision_type=8 8 10 8 10 10 10 10 10 10 10 10 10 10
left_child=1 8 3 -3 -4 6 9 -8 11 -2 -10 -1 13 -7
right_child=5 2 4 -5 -6 12 7 -9 10 -11 -12 -13 -14 -15
leaf_value=0.0003845839491873513 0.0014739690090341407 -0.00058023166926492111 0.0028269998379943928 -0.0034000382268366733 -0.010207568302093623 -0.00099895637026051068 -0.0050561398499608589 0.0015962119459226921 0.012077033194306128 0.0056592482046458675 0.0029822911067941453 -0.0031020293967649729 0.011096511581936051 0.0088363844274387156
leaf_weight=293.6597832813859 5301.351215813309 18960.831778220832 1735.2404884696007 2468.0291000679135 88.714962609112263 42.100255496799946 614.46066856011748 471.19196560978889 49.656155966222286 307.746532574296 1766.3610112704337 212.37011533230543 133.74317383766174 41.799410864710808
leaf_count=1905 27944 93678 8133 12139 557 339 3085 2383 422 1564 12549 1425 1118 354
internal_value=-1.79467e-05 -0.00039092 -0.000669167 -0.000909231 0.0021081 0.00135191 0.00108844 -0.00212593 0.00236062 0.00172394 0.00332861 -0.000994159 0.00878886 0.00368131
internal_weight=32487.3 25574.9 23252.8 21428.9 1823.96 6912.39 6694.75 1085.65 2322.05 5609.1 1816.02 506.03 217.643 83.8997
internal_count=167595 130808 114507 105817 8690 36787 34976 5468 16301 29508 12971 3330 1811 693
is_linear=0
shrinkage=0.03


Tree=137
num_leaves=8
num_cat=0
split_feature=3 1 0 3 0 3 3
split_gain=25.2132 22.4606 20.7698 20.0785 13.6963 9.96884 8.50523
threshold=0.2737500000000001 1.0852265344658598 0.0027063659757853818 0.72375000000000012 0.0060883274071632607 0.61375000000000013 0.55125000000000013
decision_type=8 8 10 10 10 10 8
left_child=-1 2 3 -2 6 -4 -3
right_child=1 4 5 -5 -6 -7 -8
leaf_value=0.015404894835665357 -0.00090038426548590502 0.0022755209041430352 0.0021802772184164225 0.0049387815566936128 0.0107946497800497 -0.0013496776794156694 -0.00060039908793046461
leaf_weight=85.033058576285839 22658.26448629424 3450.2302723415196 3568.9923414364457 530.04573107510805 140.68069367855787 871.89929627627134 1217.8487255387008
leaf_count=543 112216 18038 21681 2655 1180 5010 6437
internal_value=-2.22211e-05 -6.9246e-05 -0.00040052 -0.000762253 0.00181855 0.00147227 0.00151272
internal_weight=32523 32438 27629.2 23188.3 4808.76 4440.89 4668.08
internal_count=167760 167217 141562 114871 25655 26691 24475
is_linear=0
shrinkage=0.03


Tree=138
num_leaves=12
num_cat=0
split_feature=2 2 3 2 3 3 3 3 3 3 3
split_gain=24.6312 17.3838 20.3723 20.2656 16.5732 12.7713 13.4296 31.6921 16.2832 9.97826 2.65759
threshold=0.0024039869930330819 0.0023817632904604758 0.46625000000000011 0.0012082362596986117 0.34625 0.77375000000000005 0.61625000000000008 0.64875000000000005 0.57375000000000009 0.59375000000000011 0.4562500000000001
decision_type=10 10 8 8 10 10 10 10 10 10 10
left_child=1 2 4 -4 -1 6 8 -8 -2 10 -3
right_child=5 9 3 -5 -6 -7 7 -9 -10 -11 -12
leaf_value=0.0022626679638602684 0.0005162012323819598 0 -0.0076494186683714049 0.0011401088222607887 -0.0027284040684589705 0.013217671828169408 -0.0050532327138504678 0.00066753421009600354 0.0035407780917452456 -0.017386697767188979 -0.0065201916438465575
leaf_weight=654.90217442810535 16404.287764918059 75.696597173810005 240.5865311473608 3822.9735350683331 5245.1938980072737 61.325134962797165 1245.8412152267992 2799.4722457081079 1779.2579620033503 74.682046160101891 158.19367852807045
leaf_count=2746 92575 322 1051 16388 22040 351 6629 14925 9986 317 679
internal_value=-4.69648e-05 -0.00126338 -0.00103479 0.000587488 -0.00216136 0.000511231 0.000467551 -0.00108762 0.000817237 -0.00819167 -0.00441714
internal_weight=32562.4 10272.2 9963.66 4063.56 5900.1 22290.2 22228.9 4045.31 18183.5 308.572 233.89
internal_count=168009 43543 42225 17439 24786 124466 124115 21554 102561 1318 1001
is_linear=0
shrinkage=0.03


Tree=139
num_leaves=15
num_cat=0
split_feature=1 0 0 3 0 3 3 3 3 0 1 3 0 0
split_gain=18.8423 16.4034 14.3137 10.782 20.3901 19.5653 13.256 10.8487 17.3174 13.4381 8.6977 4.86627 3.23905 2.61835
threshold=-0.14820887064369262 0.0060883274071632607 -0.003832532432603421 0.43875000000000003 0.00065871034215193565 0.34875000000000006 0.40125000000000005 0.61125000000000018 0.57375000000000009 0.0086479515447942159 3.1880780260108446 0.48625000000000002 0.0081776640269217316 -0.010703741393565216
decision_type=8 8 10 10 10 8 8 10 10 10 10 8 10 10
left_child=3 2 13 4 5 -1 -6 8 -5 -9 -4 12 -3 -2
right_child=1 11 10 7 6 -7 -8 9 -10 -11 -12 -13 -14 -15
leaf_value=0.0013676971740340012 0.0082705616806077378 -0.00058018422599024689 6.0413533693813771e-05 -0.00017478481988341188 0.0027085907267007272 -0.0041000737573198762 -0.0020643241969483216 -0.0013837659885637566 0.0039867487320767144 -0.014701363752284159 0.0046733149317174745 0.007996168218108524 0.0053859702626887574 0.0030885269922112739
leaf_weight=698.08270291239023 113.16218838468194 147.42127314209938 13791.351925261319 6569.0439733117819 1154.8915381059051 3188.8908857144415 932.19485069066286 3059.5265901088715 1029.0597127079964 61.112546861171722 369.07148244976997 323.78368767350912 136.11459213495255 973.38202095776796
leaf_count=3630 1385 1103 68249 33756 5851 15570 4930 15093 5418 402 1841 2489 1111 7092
internal_value=-9.12758e-05 0.000647099 0.000448394 -0.00079612 -0.00181767 -0.0031017 0.000548484 -0.000220008 0.000385451 -0.00170986 0.00018809 0.00545038 0.00216544 0.00375345
internal_weight=32547.1 15854.3 15247 16692.8 5974.06 3886.97 2087.09 10718.7 7598.1 3120.64 14160.4 607.32 283.536 1086.54
internal_count=167920 83270 78567 84650 29981 19200 10781 54669 39174 15495 70090 4703 2214 8477
is_linear=0
shrinkage=0.03


Tree=140
num_leaves=9
num_cat=0
split_feature=3 0 1 3 3 0 1 1
split_gain=17.2023 15.912 15.4829 15.9034 7.08401 3.17587 2.11556 1.07343
threshold=0.77375000000000005 -0.009143318059400397 1.3320348130530442 0.2737500000000001 0.49375000000000008 -0.015845912499593242 -1.0067137764785983 0.12171301725302747
decision_type=10 8 8 8 10 10 10 10
left_child=1 5 3 -3 -4 7 -7 -1
right_child=-2 2 4 -5 -6 6 -8 -9
leaf_value=-0.0041345391518871847 0.014010112460856072 0.013397823171492384 0.0028915788202718757 -0.00026220551762609883 0.00014937080028641894 0.00029596057240587748 0.0081804159141832308 0.003103067170014863
leaf_weight=27.144146226346493 70.153779365122318 66.772057272493839 2246.7756496816874 28296.249569818377 1436.5945630222559 53.150141566991806 278.77988681197166 24.38909712061286
leaf_count=340 436 386 11827 143478 7608 476 2903 334
internal_value=0.000124435 8.82376e-05 1.27353e-05 -0.000223222 0.0018416 0.00608486 0.00713897 0
internal_weight=32500 32429.9 32046.4 28363 3683.37 383.463 331.93 51.5332
internal_count=167788 167352 163299 143864 19435 4053 3379 674
is_linear=0
shrinkage=0.03


Tree=141
num_leaves=9
num_cat=0
split_feature=3 1 0 0 0 3 0 3
split_gain=17.3199 14.9842 13.3226 14.1225 12.6271 12.3879 10.2068 8.83511
threshold=0.77375000000000005 -1.0450551789936695 0.0025356404382680642 -0.0017495571167721435 -0.0051556924144032226 0.61375000000000013 0.0038820078858212343 0.46875000000000006
decision_type=10 8 10 10 8 10 10 10
left_child=1 2 3 -1 7 -6 -4 -3
right_child=-2 4 6 -5 5 -7 -8 -9
leaf_value=0.00072516984751279834 0.013928164020845976 0.00057048465494664998 0.0054793170634378427 -0.0031928064968518152 0.00036256334827810432 -0.0013350022050042667 -0.00093224025236303474 0.0058573029560869752
leaf_weight=1065.6937226057053 69.494937397539616 613.36151587590575 374.32711854577065 3332.2733677178621 21268.957824677229 4715.3907329440117 499.04930758476257 574.58267491683364
leaf_count=6098 439 5265 2023 15331 107604 23163 3072 4868
internal_value=-5.30822e-05 -8.91616e-05 -0.00155261 -0.00223032 0.000193003 5.18022e-05 0.00177874 0.00320524
internal_weight=32513.1 32443.6 5271.34 4397.97 27172.3 25984.3 873.376 1187.94
internal_count=167863 167424 26524 21429 140900 130767 5095 10133
is_linear=0
shrinkage=0.03


Tree=142
num_leaves=13
num_cat=0
split_feature=2 2 3 3 1 3 2 2 3 2 3 3
split_gain=24.4823 15.9425 15.7249 32.9484 9.94752 7.88206 5.59127 10.7467 9.77396 4.8195 4.62946 0.947484
threshold=0.0034190409572881493 0.003391060834323664 0.67875000000000008 0.61375000000000013 -1.4040335774978197 0.24875000000000003 0.0074696459271216525 0.0069216452242156648 0.63625000000000009 0.0034074424238504219 0.50625000000000009 0.57125000000000015
decision_type=8 10 10 10 10 10 10 8 10 10 10 10
left_child=1 2 3 -1 -4 -2 7 -7 -8 10 -3 -11
right_child=5 9 4 -5 -6 6 8 -9 -10 11 -12 -13
leaf_value=-0.00031003622405014326 0.011033965754367919 -0.0040456727943440091 -0.0067476811949264276 -0.004363965926278403 0.0029162616404461695 0.0010483927661132601 0.0025088122527948333 -0.0042064837488712294 0.016472637081375585 0 -0.017475446294156625 -0.005061051165149915
leaf_weight=17086.634781777859 63.176304303109646 65.920277252793312 89.447615057229996 2014.448075287044 1541.0485811308026 10339.468570202589 727.96625485271215 348.77651227265596 41.191757589578629 63.966747745871544 64.859625265002251 64.492393776774406
leaf_count=76348 542 319 392 8913 7019 62609 7473 2835 449 312 323 321
internal_value=1.17658e-05 -0.000596195 -0.000498659 -0.000742773 0.00231163 0.00112425 0.0010548 0.000867537 0.00353546 -0.00786517 -0.0119005 -0.00276079
internal_weight=32511.4 20990.8 20731.6 19101.1 1630.5 11520.6 11457.4 10688.2 769.158 259.239 130.78 128.459
internal_count=167855 93947 92672 85261 7411 73908 73366 65444 7922 1275 642 633
is_linear=0
shrinkage=0.03


Tree=143
num_leaves=13
num_cat=0
split_feature=1 2 3 2 3 3 3 3 2 2 3 1
split_gain=19.3475 18.9168 20.0686 18.3261 16.2897 35.5108 34.2115 7.99212 15.9753 7.44655 7.18015 1.12919
threshold=-1.0323190484816955 0.0039915687364262924 0.69875000000000009 0.0012082362596986117 0.3887500000000001 0.40625000000000006 0.37875000000000009 0.44125000000000009 0.0035378186859288973 0.0037610934198525005 0.68125000000000013 -0.43610339862533021
decision_type=8 10 10 8 8 8 10 10 10 10 10 10
left_child=3 4 10 -1 6 -6 -2 8 -5 -9 -3 -4
right_child=1 2 11 7 5 -7 -8 9 -10 -11 -12 -13
leaf_value=-0.013617024909901212 -0.00046958136127831857 0.0017859741524539733 0.0045436524721732515 -0.0046994013480940993 0.0049489895821437984 -1.8948811878238624e-05 -0.0083070935610627065 0.00056047673962033174 0.00087736783473464218 -0.0025025889679738227 -0.004704106276394707 0.013745366777644171
leaf_weight=101.97510081529617 2836.5152741298079 5443.9161273725331 53.11873921006918 1317.9910063445568 1392.9970077052712 16515.618468888104 604.62915869802237 2323.681303575635 679.95357852429152 1010.0694495439529 143.66965378820896 123.06594928726554
leaf_count=460 12765 39046 322 5705 6304 77815 2750 10526 4303 6368 894 804
internal_value=8.58889e-05 0.000415187 0.00193868 -0.001544 3.6631e-07 0.000366673 -0.00188414 -0.0012768 -0.00277668 -0.000354345 0.00160027 0.0116864
internal_weight=32547.2 27113.5 5763.77 5433.67 21349.8 17908.6 3441.14 5331.7 1997.94 3333.75 5587.59 176.185
internal_count=168062 140700 41066 27362 99634 84119 15515 26902 10008 16894 39940 1126
is_linear=0
shrinkage=0.03


Tree=144
num_leaves=15
num_cat=0
split_feature=2 2 0 2 0 0 2 0 2 2 0 2 2 2
split_gain=30.0114 21.5776 20.6891 19.3222 10.1617 9.73452 8.11622 8.07234 6.76437 12.7007 7.95562 4.68251 9.94915 4.85008
threshold=0.0027070756574095285 0.0026811221100681462 0.0016941721477928017 0.001445588710339061 0.0018979333651366708 -0.00077369828667790957 0.0014092396667470914 -0.0097776924312434326 0.0029460470317908953 0.0030729163931431467 -0.00013392316822818441 0.0064893139797160262 0.0054997834566165573 0.010570226405862491
decision_type=8 10 10 10 10 10 10 8 10 10 8 10 10 10
left_child=1 2 3 -1 5 -3 -4 11 10 -10 -9 12 -2 -13
right_child=7 4 6 -5 -6 -7 -8 8 9 -11 -12 13 -14 -15
leaf_value=-0.0043473219189173028 0.0066964589564510024 -0.0019493632426012949 0.0082440082921575453 -0.00080421960541641384 0.00035426803710964449 -0.016071149276473393 0.0012600175795515851 0.0043135343585687476 -0.002396407999149358 0.00079243579654307789 0.00076035100685959019 0.015780423641887101 -0.007426415315302074 0
leaf_weight=1631.4207850843668 145.22538647800684 78.845417730510235 157.14933839440346 9480.0366858318448 70.437082886695862 151.62872898578644 2089.8525725007057 998.48598480224609 1198.7601255550981 14860.749882645905 1426.0252532660961 59.105684574693441 50.731182746589184 29.932522602379322
leaf_count=7150 1374 359 634 39798 334 633 9297 4762 5764 88535 6916 804 602 452
internal_value=8.07518e-05 -0.000986606 -0.000799197 -0.00133327 -0.00882006 -0.0117715 0.00180941 0.000860841 0.00077806 0.000549328 0.00226001 0.00581802 0.00256581 0.0113879
internal_weight=32428.4 13659.4 13358.5 11111.5 300.911 230.474 2247 18769 18484 16059.5 2424.51 284.995 195.957 89.0382
internal_count=167414 58205 56879 46948 1326 992 9931 109209 105977 94299 11678 3232 1976 1256
is_linear=0
shrinkage=0.03


Tree=145
num_leaves=15
num_cat=0
split_feature=2 2 2 0 3 0 2 0 3 0 3 3 3 0
split_gain=20.77 16.4537 15.5867 19.6644 29.5007 25.5994 12.4488 11.5337 10.5363 6.53666 6.33774 5.90073 5.40559 2.01039
threshold=0.0066638782940363116 0.0068353086740594888 0.0019736335366390503 -0.0016579830001423311 0.41375000000000001 0.00093289548222463218 0.0074696459271216525 1.0000000180025095e-35 0.46375000000000005 0.012260103503179713 0.69125000000000003 0.63625000000000009 0.58625000000000005 -0.0022166544134780315
decision_type=10 10 10 8 10 10 10 10 10 10 10 10 10 10
left_child=2 7 3 4 -1 -5 8 13 -3 10 -4 -8 -11 -2
right_child=1 6 9 5 -6 -7 11 -9 -10 12 -12 -13 -14 -15
leaf_value=-0.003071397671981281 0.0069351123139970612 -0.0073428344595572485 4.6243777467408685e-07 -0.0033923431360660798 0.012167822488459403 0.0013722353148249709 0.0037061191481135404 0.020248181199893214 0.002141384728410464 0.010497828039416787 0.0019939506781260171 0.015018167557637432 -0.0010100141454193661 -0.00098402982192383648
leaf_weight=217.6705129519105 41.954202257096767 170.57137072086334 23942.041949316859 3768.3563551157713 213.87424713373184 1360.4371969029307 730.69055542722344 77.886056117713451 231.49326083809137 89.579959109425545 1521.0098307281733 40.521908912807703 41.728387355804443 36.371700614690781
leaf_count=894 395 1378 123009 16116 890 5767 7517 633 1860 644 7661 447 300 267
internal_value=5.35806e-06 0.00366503 -0.000150015 -0.00158915 0.00444982 -0.00211663 0.00232833 0.0125996 -0.00181713 0.000160791 0.000122633 0.00456193 0.00660348 0.00288338
internal_weight=32484.2 1329.49 31154.7 5560.34 431.545 5128.79 1173.28 156.212 402.065 25594.4 25463.1 771.212 131.308 78.3259
internal_count=167778 12497 155281 23667 1784 21883 11202 1295 3238 131614 130670 7964 944 662
is_linear=0
shrinkage=0.03


Tree=146
num_leaves=15
num_cat=0
split_feature=1 2 0 0 0 0 2 1 1 0 1 2 2 2
split_gain=21.1849 17.035 17.8635 14.395 11.895 11.1441 9.25313 7.75369 7.74637 6.04037 4.62444 3.89018 0.78218 0.349519
threshold=1.3033236169234386 0.0019736335366390503 -0.001702239153931625 -0.010703741393565216 0.0044720206500732931 0.00076532002641895751 0.0018374936339392381 -0.75084218104496359 3.1880780260108446 0.00096216234887393909 -0.93615693575699854 0.0037060611158785469 0.0023817632904604758 0.0044547089837123121
decision_type=8 8 10 8 8 10 10 10 10 10 10 8 10 10
left_child=1 2 6 10 8 -4 -1 -5 11 -10 -3 -2 -6 -14
right_child=4 3 5 7 12 -7 -8 -9 9 -11 -12 -13 13 -15
leaf_value=0.0010033147805600612 0.00064152356310059173 0 -0.0032880690674257774 -0.00069334852433310915 0.0019160412765215648 0 0.011477242718924932 0.00047989772129299751 0.0081932715347924085 0 0.010006511920278559 0.0031083219671854969 0.011751050738919799 0.0050801842178012143
leaf_weight=263.55950224399567 2436.2648542970419 39.466694720089436 3106.048197671771 7309.5687330812216 40.065389551222324 1320.3956334590912 107.66210551559925 16376.363675862551 265.85419108718634 99.626694425940514 166.25456599146128 789.97768429294229 113.57090885192156 79.006131716072559
leaf_count=1067 11393 386 13291 37668 269 5433 455 87264 1316 532 1955 5434 747 764
internal_value=0.000140409 -0.000137487 -0.00176805 0.000188039 0.00223567 -0.00230931 0.00441975 0.000115158 0.00177476 0.00590252 0.00790682 0.00127182 0.00873789 0.00969634
internal_weight=32513.7 28689.3 4797.67 23891.7 3824.37 4426.44 371.222 23685.9 3591.72 365.481 205.721 3226.24 232.642 192.577
internal_count=167974 147519 20246 127273 20455 18724 1522 124932 18675 1848 2341 16827 1780 1511
is_linear=0
shrinkage=0.03


Tree=147
num_leaves=13
num_cat=0
split_feature=2 0 3 3 2 2 0 2 2 3 2 3
split_gain=17.8233 13.7614 11.4588 43.7894 16.0032 8.93882 8.60001 10.0722 9.67273 8.80367 16.3823 13.7119
threshold=0.0034434709815845299 -0.009143318059400397 0.67875000000000008 0.63875000000000004 0.0029953417505763397 0.0030975723142180316 -0.0033776381542644815 0.0035378186859288973 0.003599897591987184 0.36875000000000008 0.0066638782940363116 0.40125000000000005
decision_type=8 10 10 10 10 10 10 8 8 8 10 10
left_child=1 5 3 -3 -4 -1 7 -2 -9 10 -8 -11
right_child=6 2 4 -5 -6 -7 9 8 -10 11 -12 -13
leaf_value=0.018700108326990136 0.013408673975845992 -0.00034567505889948765 0.003795216053521316 -0.0061067205483298585 -0.0023955166111595183 0 -0.0035800641180782351 -0.0095199864547428781 0.0028566080635736386 0.0046779520839656521 0.010058422685619879 0.00055498914690324432
leaf_weight=45.304562903940678 72.459458224475384 18185.973279565573 1171.1255695819855 1263.5086929798126 530.7576762586832 38.928548730909824 786.38124406337738 47.317457877099514 1577.900340359658 798.21697536855936 76.589458838105202 7882.9479832798243
leaf_count=366 481 81252 5073 5593 2665 305 4450 311 13365 5035 655 48311
internal_value=4.584e-05 -0.000463529 -0.000516962 -0.000725963 0.00182678 0.010948 0.00101292 0.00298418 0.00240356 0.000653242 -0.00219955 0.000945938
internal_weight=32477.4 21235.6 21151.4 19449.5 1701.88 84.2331 11241.8 1697.68 1625.22 9544.14 862.971 8681.16
internal_count=167862 95254 94583 86845 7738 671 72608 14157 13676 58451 5105 53346
is_linear=0
shrinkage=0.03


Tree=148
num_leaves=15
num_cat=0
split_feature=2 2 3 3 2 2 3 2 3 3 2 1 3 2
split_gain=18.9968 39.0521 18.8856 25.582 39.1218 22.5853 20.1494 19.5176 7.76659 23.5973 8.58631 6.27071 3.4224 1.65401
threshold=0.0030975723142180316 0.003125806430861122 0.34625 0.39125000000000004 0.001051306329718196 0.0028912966445649069 0.40625000000000006 0.0027070756574095285 0.61625000000000008 0.62625000000000008 0.0088198125431252512 -0.20773503040341443 0.44625000000000009 0.0031122096355388827
decision_type=10 10 8 8 10 10 8 10 10 10 10 10 10 10
left_child=2 12 5 4 -4 7 -5 -1 10 -10 -3 -7 -2 -14
right_child=1 8 3 6 -6 11 -8 -9 9 -11 -12 -13 13 -15
leaf_value=0.002818233745723174 0.0034065535692808548 0.00068833673515873337 0.014447391209475314 0.0034182492765461648 -0.0046853860175290231 0 -0.00082439265795005085 0.014680937107283293 -0.0086309233270283718 6.7249369949188152e-05 0.0050487265367985387 -0.012163486475989591 0.017630587298059844 0.008260239248973178
leaf_weight=811.35422569513321 60.046294473111629 11459.397662431002 89.492552429437637 1077.97402587533 2265.1041922420263 77.525988474488258 13048.230708397925 145.13831225782633 305.67884120345116 2417.4834954701364 417.53597432374954 83.699700430035591 104.09124431759119 100.06845854222775
leaf_count=3426 299 69003 393 4617 9691 353 57725 680 1724 13868 4504 403 525 501
internal_value=-5.51593e-05 0.000732221 -0.000723653 -0.00098288 -0.0038748 0.00302028 -0.000494202 0.00481364 0.000516901 -0.000915186 0.000850793 -0.00692839 0.0119593 0.0139181
internal_weight=32462.8 14864.3 17598.5 16480.8 2354.6 1117.72 14126.2 956.493 14600.1 2723.16 11876.9 161.226 264.206 204.16
internal_count=167712 90424 77288 72426 10084 4862 62342 4106 89099 15592 73507 756 1325 1026
is_linear=0
shrinkage=0.03


Tree=149
num_leaves=15
num_cat=0
split_feature=2 0 0 1 2 2 2 0 0 2 0 0 2 1
split_gain=19.6348 17.0626 18.6859 14.1571 13.5256 10.3014 9.94711 29.842 20.5446 16.7712 33.7617 10.0235 8.65716 6.46753
threshold=0.0023069954082973669 0.0016941721477928017 -0.0037312769321812271 2.8192056832459476 0.0022687285517906642 0.0018206385875575389 0.0023817632904604758 -0.00022941455417116184 0.0012074677452677317 0.0024039869930330819 0.0012995561505921398 -0.0018851828256214898 0.0020734814841331258 -0.74074858462786197
decision_type=8 10 10 10 10 10 8 10 10 8 10 8 10 10
left_child=1 2 12 -4 5 -3 7 13 -9 10 -8 -11 -1 -2
right_child=6 4 3 -5 -6 -7 9 8 -10 11 -12 -13 -14 -15
leaf_value=0.013029363434914161 -0.0082853474899501345 -0.00017090610960895746 -0.0021676823586051618 0.0058785408124140022 -0.0079334446527642936 0.0052148943967780916 0 0.015029973113324166 0.00088091861550111867 0.0016555833496354484 -0.020454121856072156 0.00012311456199655689 0.00045634505199325512 0.00012312219142810512
leaf_weight=96.983810409903526 99.253399848937988 539.4107863754034 7383.7049021720886 188.98666736483574 102.24014811217785 704.61397662758827 220.92179287970066 233.26378811895847 166.26347194612026 4967.7349419258535 94.311046674847603 17301.761160388589 112.25946392118931 279.98080311715603
leaf_count=439 410 2204 30903 800 458 3117 928 958 732 32327 414 92493 544 1201
internal_value=2.31577e-05 -0.001154 -0.00169762 -0.00195148 0.00193346 0.00284902 0.00048594 0.003806 0.00945364 0.000367169 -0.00638404 0.00046825 0.00688607 -0.00207972
internal_weight=32491.7 9128.2 7781.93 7572.69 1346.26 1244.02 23363.5 778.761 399.527 22584.7 315.233 22269.5 209.243 379.234
internal_count=167928 38465 32686 31703 5779 5321 129463 3301 1690 126162 1342 124820 983 1611
is_linear=0
shrinkage=0.03


Tree=150
num_leaves=7
num_cat=0
split_feature=3 1 3 2 2 2
split_gain=14.1798 13.2967 13.6014 12.6215 2.01174 2.85448
threshold=0.77375000000000005 3.1880780260108446 0.2737500000000001 0.0088198125431252512 0.003552681884281731 0.0023358565281525515
decision_type=10 10 8 10 10 8
left_child=1 2 -1 -4 5 -3
right_child=-2 4 3 -5 -6 -7
leaf_value=0.011185358039445767 0.012511094616894017 0.0065881723964944456 -0.00023493713739966102 0.0049220324632234334 0.0094818821937431626 0.00023597207942199406
leaf_weight=85.210471220314503 70.954602554440498 137.07164317369461 31502.970233481377 422.25125354900956 96.139855749905109 150.60218361765146
leaf_count=552 447 588 160278 4575 639 749
internal_value=-2.54034e-05 -5.85668e-05 -0.000127764 -0.000163331 0.00541687 0.00358389
internal_weight=32465.2 32394.2 32010.4 31925.2 383.814 287.674
internal_count=167828 167381 165405 164853 1976 1337
is_linear=0
shrinkage=0.03


Tree=151
num_leaves=6
num_cat=0
split_feature=3 3 1 0 0
split_gain=16.6793 13.8703 11.6187 11.3715 3.18285
threshold=0.77375000000000005 0.2737500000000001 -2.0288473760081831 -0.0097776924312434326 -0.00074431215373777957
decision_type=10 8 8 8 10
left_child=1 -1 4 -4 -3
right_child=-2 2 3 -5 -6
leaf_value=0.011500565304795473 0.013703158345809976 -3.1721179048304757e-05 0.0057496312633262079 -0.00018452158820753749 -0.0082131957243827547
leaf_weight=81.569969192147255 68.35408154129982 73.080457113683224 282.87046965956688 31761.957169353962 195.7691677287221
leaf_count=534 436 390 3219 162290 949
internal_value=-0.000113463 -0.000148688 -0.000183499 -0.00012849 -0.00628532
internal_weight=32463.6 32395.2 32313.7 32044.8 268.85
internal_count=167818 167382 166848 165509 1339
is_linear=0
shrinkage=0.03


Tree=152
num_leaves=12
num_cat=0
split_feature=1 0 2 2 2 0 1 0 2 0 0
split_gain=13.419 12.5939 20.6775 11.7923 28.929 20.142 5.89014 1.65018 2.62456 0.291082 0.376865
threshold=3.1880780260108446 -0.0041502997841843673 0.0020734814841331258 0.001445588710339061 0.0015339518385634133 0.00084962685549874728 -1.2099351634385063 0.00025758385641822017 0.002982444264385434 -0.00035194826972554267 -0.0013733188010398056
decision_type=10 8 10 8 8 10 10 10 8 10 10
left_child=1 2 -1 5 -5 -3 -4 9 -9 10 -2
right_child=7 3 6 4 -6 -7 -8 8 -10 -11 -12
leaf_value=0.018019137273148508 0.0071972353869676174 -0.0041511148770304682 -0.002677086403961811 0.0087779729748874349 -0.00013908220975678568 0.0036171632952769197 0.0021857296257082569 0 0.0064837035998835382 0.010956541488693516 0.0017247379164736633
leaf_weight=62.582634642720222 59.827168688178062 1432.4066999107599 235.70560455322266 321.29725344479084 27760.524411723018 363.07445494830608 1855.2197289578617 103.45565564930439 82.039139077067375 63.664113529026508 69.436275668442249
leaf_count=285 368 6363 1646 1341 139951 1480 14516 465 503 282 335
internal_value=4.20751e-05 -2.32649e-05 0.00218486 -0.000185108 -3.18337e-05 -0.00253568 0.00159886 0.00558533 0.00277651 0.00772036 0.00502335
internal_weight=32409.2 32030.8 2153.51 29877.3 28081.8 1795.48 2090.93 378.422 185.495 192.928 129.263
internal_count=167535 165582 16447 149135 141292 7843 16162 1953 968 985 703
is_linear=0
shrinkage=0.03


Tree=153
num_leaves=9
num_cat=0
split_feature=3 1 0 0 0 0 3 3
split_gain=14.5733 14.7079 15.4227 21.617 13.9728 24.0216 10.8633 7.38332
threshold=0.77375000000000005 -1.2099351634385063 -0.00058519450179282488 0.00051576960448254021 -5.4510766416285801e-05 -0.00061222535619592452 0.65875000000000006 0.3987500000000001
decision_type=10 10 8 10 10 10 8 10
left_child=1 4 6 -4 5 -1 -3 -6
right_child=-2 2 3 -5 7 -7 -8 -9
leaf_value=-0.0017015508634655935 0.012809084026288118 0.0013668282035689283 -0.0017464189089975569 0.00035590586922973382 0.0034958996372892255 -0.0098243492972025954 -0.0020687723026898601 -0.0010943152322689012
leaf_weight=1270.2125955894589 68.274177275598049 8942.6218267343938 6948.7203056514263 11889.273980766535 380.07945861667395 447.35196755081415 890.9593250118196 1608.4026153087616
leaf_count=6720 439 49376 31107 63367 1861 1994 4862 8114
internal_value=-0.000111575 -0.00014462 8.3503e-05 -0.000416905 -0.0019211 -0.00389654 0.00104767 -0.000173814
internal_weight=32445.9 32377.6 28671.6 18838 3706.05 1717.56 9833.58 1988.48
internal_count=167840 167401 148712 94474 18689 8714 54238 9975
is_linear=0
shrinkage=0.03


Tree=154
num_leaves=14
num_cat=0
split_feature=2 2 0 2 2 0 2 0 1 2 0 0 2
split_gain=15.6576 34.827 24.8073 30.967 19.1119 15.0469 15.8105 15.2328 10.9254 13.5046 7.09874 4.97408 2.18914
threshold=0.0030975723142180316 0.003136861609594806 0.00071140188539852822 0.0043497958137187591 0.0048168642418436125 -0.0042609063521371528 0.0020734814841331258 -0.0084981284614338171 0.86881265241924532 0.002969708413972033 3.8426387507697393e-05 0.0019806313249460029 0.003125806430861122
decision_type=8 8 10 8 8 10 10 10 10 10 10 10 10
left_child=5 11 3 -3 -4 6 -1 -8 9 -7 -10 12 -2
right_child=1 2 4 -5 -6 8 7 -9 10 -11 -12 -13 -14
leaf_value=0.01796774729539596 0.01250757762260662 -0.0020783357045349783 0.0028163094664782665 0.0017531390699441459 -0.00085284230975351497 -0.00099589474094545385 0.015144418007714933 -1.9986654440278304e-05 0.0021665866603883289 -0.0047534299609396664 -0.00059963142959427399 0.00036879671225578155 0.0051173380617638483
leaf_weight=57.348595753312111 234.87838516384363 5371.1215142756701 4483.7196159288287 2910.1135919801891 1748.9598172605038 12772.649467095733 58.490062601864338 401.22505468130112 1513.4518710821867 926.54509258270264 1790.1777440458536 63.626147136092186 105.59532184898853
leaf_count=262 1161 27711 25407 22079 13829 54650 460 2191 6757 4319 8056 342 524
internal_value=-0.000116152 0.000595706 0.000346406 -0.000724188 0.00177738 -0.000725709 0.0042483 0.002063 -0.000882906 -0.00125769 0.00065223 0.00918022 0.0105982
internal_weight=32437.9 14918 14513.9 8281.24 6232.68 17519.9 517.064 459.715 17002.8 13699.2 3303.63 404.1 340.474
internal_count=167748 91053 89026 49790 39236 76695 2913 2651 73782 58969 14813 2027 1685
is_linear=0
shrinkage=0.03


Tree=155
num_leaves=11
num_cat=0
split_feature=2 3 3 2 3 1 3 1 1 2
split_gain=16.8044 14.0024 25.0838 25.2922 19.4888 11.5545 10.791 7.61152 1.52398 2.12497
threshold=0.0019736335366390503 0.71625000000000016 0.58125000000000016 0.0016991413525182368 0.4562500000000001 3.1880780260108446 0.77375000000000005 -1.5464105476887722 3.4776108912586401 0.002969708413972033
decision_type=10 10 10 10 10 10 10 10 10 10
left_child=1 2 4 -4 -1 6 7 -2 -7 -10
right_child=5 -3 3 -5 -6 8 -8 -9 9 -11
leaf_value=-0.0021239523294878031 -0.0021287454016622868 0.01021480814436916 -0.0013011563450740097 -0.01324062515202701 0.002147453739749566 0.0095730427195247509 0.012147477538698702 0.00030262747171701883 0 0.006387868144904516
leaf_weight=3484.9044736102223 1200.1503609865904 78.746326461434364 345.20677529275417 312.9908335506916 1305.2164178043604 96.837027862668037 58.28456075489521 25331.723115369678 92.734135493636131 109.31289615482092
leaf_count=14894 6206 395 1455 1282 5546 539 348 135848 434 656
internal_value=-1.58494e-05 -0.00152263 -0.00172167 -0.00718168 -0.000945527 0.000292091 0.000222648 0.000189625 0.00606855 0.00373372
internal_weight=32416.1 5527.06 5448.32 658.198 4790.12 26889 26590.2 26531.9 298.884 202.047
internal_count=167603 23572 23177 2737 20440 144031 142402 142054 1629 1090
is_linear=0
shrinkage=0.03


Tree=156
num_leaves=8
num_cat=0
split_feature=3 0 1 3 3 3 3
split_gain=13.1636 12.6919 11.581 9.68175 8.76083 6.29451 9.96209
threshold=0.2737500000000001 0.012260103503179713 -0.74074858462786197 0.49625000000000002 0.69125000000000003 0.44625000000000009 0.58625000000000005
decision_type=8 10 8 10 8 10 10
left_child=-1 2 3 -2 -4 -3 -7
right_child=1 5 4 -5 -6 6 -8
leaf_value=0.011187254394086011 -0.0019325661976100491 -0.0011485138838154343 1.9641355120954988e-06 8.7716968887641529e-05 0.0025170351910925454 0.01700930398544389 0
leaf_weight=82.251858785748482 5315.3169280663133 38.409016847610474 22115.951947327703 3470.2670797929168 1314.032132897526 78.064264312386513 45.722266554832458
leaf_count=541 26704 323 115021 17542 6859 634 347
internal_value=-0.000120338 -0.000154362 -0.000199536 -0.00112855 0.000146591 0.00796028 0.0111097
internal_weight=32460 32377.8 32215.6 8785.58 23430 162.196 123.787
internal_count=167971 167430 166126 44246 121880 1304 981
is_linear=0
shrinkage=0.03


Tree=157
num_leaves=9
num_cat=0
split_feature=3 2 3 2 3 3 2 3
split_gain=13.5454 12.8365 20.1985 21.4187 16.5992 12.6392 15.4298 13.5321
threshold=0.77375000000000005 0.0028156294542010106 0.34875000000000006 0.0028034044645827189 0.30375000000000002 0.74375000000000013 0.0038080536024029036 0.72625000000000017
decision_type=10 10 10 8 8 10 10 10
left_child=1 2 4 -4 -1 7 -7 -3
right_child=-2 5 3 -5 -6 6 -8 -9
leaf_value=-0.0034680482988368221 0.012814292329158641 0.00062275120184983942 -0.00073368266159046962 -0.011868760879759325 0.0054833496212415601 -0.01348146598995942 0.0034206968845945877 0.0078498273965337401
leaf_weight=225.40469540655613 65.539815358817577 17150.032854348421 13654.29277510196 148.17668861150742 807.02504212409258 113.09637214243412 67.039375342428684 228.19837611913681
leaf_count=969 430 101322 58576 718 3608 604 394 1250
internal_value=0.000119785 8.83022e-05 -0.000559046 -0.000866074 0.00345696 0.000638662 -0.00702651 0.000725562
internal_weight=32458.8 32393.3 14834.9 13802.5 1032.43 17558.4 180.136 17378.2
internal_count=167871 167441 63871 59294 4577 103570 998 102572
is_linear=0
shrinkage=0.03


Tree=158
num_leaves=13
num_cat=0
split_feature=2 2 3 3 2 2 3 3 3 3 3 2
split_gain=16.9384 23.8281 19.3236 31.4968 18.5817 20.7247 19.8281 15.2417 12.0029 18.7698 15.0654 4.83779
threshold=0.0016064990190196478 0.0015802097810649572 0.4562500000000001 0.3887500000000001 0.001445588710339061 0.0015339518385634133 0.38375000000000009 0.77625000000000011 0.43875000000000003 0.53875000000000017 0.40625000000000006 0.0025316596608429532
decision_type=8 10 10 10 10 10 10 8 10 10 10 10
left_child=1 4 3 -3 6 -6 -1 8 10 -10 -2 -9
right_child=7 2 -4 -5 5 -7 -8 11 9 -11 -12 -13
leaf_value=-0.0069929080408827615 0.00047093444760803668 0.00061412744986844155 0.00013607002434190188 -0.022910597530311477 0.0087964821530746116 -0.0018547593531444682 -0.00028813874733498921 0.0027126654267506083 0.0016946000296578171 -0.00016127258765533144 -0.001895562631184224 0.019160291922114832
leaf_weight=594.96355259418488 6067.8716985099018 70.85892216861248 107.31475242972374 135.20005722343922 310.76289689540863 316.62014999985695 1216.4852360337973 43.909104719758034 10254.682430904359 9286.3592862561345 3987.6655544377863 40.781922705471516
leaf_count=2614 31832 300 449 581 1296 1341 5305 415 54057 48562 20773 264
internal_value=0.000205585 -0.00203789 -0.00971322 -0.0148893 -0.000991521 0.00338224 -0.00254954 0.000416249 0.000375583 0.000809946 -0.000462523 0.0124535
internal_weight=32433.5 2752.21 313.374 206.059 2438.83 627.383 1811.45 29681.3 29596.6 19541 10055.5 84.691
internal_count=167789 11886 1330 881 10556 2637 7919 155903 155224 102619 52605 679
is_linear=0
shrinkage=0.03


Tree=159
num_leaves=13
num_cat=0
split_feature=0 0 2 2 2 3 2 2 3 2 2 0
split_gain=12.4727 22.5533 40.168 26.6074 21.2163 20.4686 19.654 16.1745 20.1854 15.4407 10.0466 6.78775
threshold=-0.00058519450179282488 0.00038089203784715388 0.0010889261252982538 0.0051512152574994261 0.001051306329718196 0.46375000000000005 0.0012970047784985046 0.0014982742317421387 0.37875000000000009 0.0065673277622668074 0.0074696459271216525 0.00084962685549874728
decision_type=8 10 8 10 8 8 8 10 10 10 10 10
left_child=4 3 11 5 -1 -2 -4 8 -6 -5 -9 -3
right_child=1 2 6 9 7 -7 -8 10 -10 -11 -12 -13
leaf_value=0.016716394322977349 -0.0038311974125491244 -0.021615150854438492 0.0089671949429270936 0.013380272107115187 -0.018287091026598725 -0.00049489309653008269 0.00020610044847474613 0.00065708640100251004 -0.0011382489379141083 -0.00053070528131287579 0.005899502424270577 -0.0066563755512475363
leaf_weight=64.604785680770874 3561.02133692801 68.383616343140602 224.9154886007309 147.41759926080704 77.604168459773064 3176.8706504553556 13920.152885816991 10411.74387768656 244.97019582986832 116.14211017638445 333.8484630510211 87.253589630126953
leaf_count=273 15499 309 952 966 344 13994 73762 55595 1036 893 3824 363
internal_value=-7.24856e-05 -0.000499395 0.000179999 -0.00189392 0.000738721 -0.00227011 0.000355883 0.000625038 -0.0058701 0.00723552 0.000830872 -0.0144993
internal_weight=32434.9 21302.2 14300.7 7001.45 11132.8 6737.89 14145.1 11068.2 322.574 263.56 10745.6 155.637
internal_count=167810 106738 75386 31352 61072 29493 74714 60799 1380 1859 59419 672
is_linear=0
shrinkage=0.03


Tree=160
num_leaves=13
num_cat=0
split_feature=0 0 3 3 3 3 3 0 3 0 0 1
split_gain=15.4141 36.9302 30.4147 34.0172 27.7763 9.74574 36.3422 13.2158 8.24838 7.43083 7.47754 4.69951
threshold=-0.00058519450179282488 0.00046990126554205986 0.4612500000000001 0.53375000000000006 0.4562500000000001 0.67375000000000018 0.61625000000000008 0.0058854291629386489 0.2737500000000001 -0.0097776924312434326 -0.0011802403076704836 -0.53462929359071076
decision_type=8 10 10 10 10 8 10 10 10 10 10 10
left_child=8 2 4 -4 -2 6 -3 -7 -1 11 -11 -10
right_child=1 5 3 -5 -6 7 -8 -9 9 10 -12 -13
leaf_value=0.011558725099051589 -0.0034570375623701097 0.00075631285675756602 0.0031223314801174917 -0.0026969001649576546 -0.016346687642268435 0.0039211081522970287 -0.0043267696045395558 -0.0054983979050380839 0 0.00019494151388923552 0.0019874051656482211 0.0082339960248665744
leaf_weight=55.689877860248089 3759.8294621482491 10963.058800816536 1568.8171326369047 2101.6807506978512 150.90000975131989 1190.408009916544 1420.002679720521 137.16392288357019 94.788526266813278 7912.6539775654674 2887.057986676693 185.84621611610055
leaf_count=451 16805 58633 7062 9417 684 5888 7300 922 980 44161 13288 2255
internal_value=-1.71232e-05 -0.000491905 -0.00217198 -0.000191659 -0.00401013 0.00043362 0.000165558 0.0028692 0.000884893 0.000815462 0.000681062 0.00557976
internal_weight=32427.9 21291.9 7581.23 3670.5 3910.73 13710.6 12383.1 1327.57 11136 11080.3 10799.7 280.635
internal_count=167846 106711 33968 16479 17489 72743 65933 6810 61135 60684 57449 3235
is_linear=0
shrinkage=0.03


Tree=161
num_leaves=10
num_cat=0
split_feature=2 2 3 3 3 3 3 0 0
split_gain=17.0365 13.2141 16.0687 12.8709 15.6412 20.0237 15.0422 10.4185 7.34256
threshold=0.0024993378467945055 0.0024861754867517845 0.73875000000000013 0.77375000000000005 0.61375000000000013 0.67375000000000018 0.59125000000000016 0.0028964758871890196 -5.4510766416285801e-05
decision_type=10 10 10 10 10 10 10 10 10
left_child=1 2 7 4 6 -6 -2 -1 -3
right_child=3 8 -4 -5 5 -7 -8 -9 -10
leaf_value=-0.0011236172806541901 0.00070818754906424436 -0.015275175933021697 0.011617730890422326 0.013746698362518739 -0.0031265708281239327 0.0011512275311386497 0.0049390959919811067 0.002301662443027765 -0.0012609704137204465
leaf_weight=10338.688629776239 16213.470429718494 79.391680866479874 83.15354972332716 56.777487955987453 2155.0898572430015 1772.9797649867833 790.4808646813035 846.51030201464891 73.54456128180027
leaf_count=43713 93084 345 430 350 11672 9527 4492 3892 322
internal_value=5.1173e-05 -0.000878742 -0.000749607 0.000560232 0.000515052 -0.00118248 0.000911188 -0.000857204 -0.00939521
internal_weight=32410.1 11421.3 11268.4 20988.8 20932 3928.07 17004 11185.2 152.936
internal_count=167827 48702 48035 119125 118775 21199 97576 47605 667
is_linear=0
shrinkage=0.03


Tree=162
num_leaves=13
num_cat=0
split_feature=1 3 1 2 3 3 2 2 3 1 2 3
split_gain=16.0094 11.6875 11.4068 11.0549 8.07187 7.14627 4.56262 6.22267 3.789 8.17078 4.21012 1.78469
threshold=1.7430398526547062 0.77375000000000005 -0.72062714534490557 0.0051020652705412355 0.69125000000000003 0.55125000000000013 0.0039104420775709688 0.0024861754867517845 0.47125 2.2804587486391972 0.0022034277975385235 0.63625000000000009
decision_type=8 10 10 10 8 10 10 8 8 10 10 10
left_child=1 2 3 -1 -4 8 7 -7 10 -10 -2 -8
right_child=5 -3 4 -5 -6 6 11 -9 9 -11 -12 -13
leaf_value=-0.0015823975603926571 0.004641721495476577 0.011891896767230434 -7.7436307414222057e-05 0.0017392924050525305 0.0025258174857942929 0.002112060693332416 0.00020914511875701083 -0.0046223607364211479 0.0094044733298729328 0.0014084439651205652 0.00085122031080750774 0.0076648895921629205
leaf_weight=8066.2170189023018 431.12805663049221 60.445484913885593 19785.237559530884 990.06094448268414 1122.1263787895441 186.70348970592022 81.599053584039211 292.55742677301168 243.97139920294285 255.53214751556516 800.77163611352444 59.253437284380198
leaf_count=37892 1826 404 103189 7842 5771 820 602 1493 1399 1370 4664 412
internal_value=-0.000102789 -0.000291535 -0.000322073 -0.00121112 6.05561e-05 0.00227273 -0.000401678 -0.00188668 0.00326185 0.00553962 0.00225279 0.00404354
internal_weight=32375.6 30024.1 29963.6 9056.28 20907.4 2351.52 620.113 479.261 1731.4 499.504 1231.9 140.852
internal_count=167684 155098 154694 45734 108960 12586 3327 2313 9259 2769 6490 1014
is_linear=0
shrinkage=0.03


Tree=163
num_leaves=8
num_cat=0
split_feature=3 2 3 0 0 2 2
split_gain=14.6933 12.8777 21.5003 14.0134 13.1832 47.6022 38.3105
threshold=0.2737500000000001 0.0043497958137187591 0.71375000000000011 0.00023823886517415746 0.00096216234887393909 0.0040104733304191864 0.0040341021866642781
decision_type=8 8 10 8 10 10 10
left_child=-1 4 3 -3 6 -6 -2
right_child=1 2 -4 -5 5 -7 -8
leaf_value=0.012013659314200457 -0.00044723347497826338 0.0026465683353164462 0.016335649993187856 -0.00041271632074386667 7.1744622245337148e-05 0.0093251093193612213 -0.0067171173995476214
leaf_weight=81.235030852258205 17469.443412289023 2544.5885008834302 74.740234296768904 2787.857905395329 8041.5625831410289 524.59385920315981 916.17171723395586
leaf_count=537 79505 19682 609 20295 39071 3215 5035
internal_value=-6.44893e-06 -4.21804e-05 0.00129042 0.00103813 -0.000312138 0.000655632 -0.000766411
internal_weight=32440.2 32359 5407.19 5332.45 26951.8 8566.16 18385.6
internal_count=167949 167412 40586 39977 126826 42286 84540
is_linear=0
shrinkage=0.03


Tree=164
num_leaves=10
num_cat=0
split_feature=0 2 3 2 2 0 2 2 0
split_gain=13.7063 16.4474 11.48 10.9657 29.4599 29.1054 6.48368 3.14781 2.38904
threshold=-0.009143318059400397 0.003136861609594806 0.77625000000000011 0.001445588710339061 0.0015339518385634133 0.0015777799649173017 0.0036453061980855602 0.0025316596608429532 -0.015845912499593242
decision_type=8 10 8 10 10 10 10 10 10
left_child=1 -1 3 5 -5 -2 -3 -4 -8
right_child=2 6 7 4 -6 -7 8 -9 -10
leaf_value=0.020382576295383391 -0.0036082463532397316 -0.0068356444686537426 0.0023935494432283646 0.0090143355472168275 5.8621400137274802e-05 0.0081033407109297999 -0.00030919673793201912 0.016107571309159487 0.005897567121280688
leaf_weight=50.430314064025879 1621.1809727996588 40.421426102519035 45.221412278711796 324.52950856089592 29814.288466356695 204.26176100224257 48.929554365575314 39.826467536389828 221.3721994869411
leaf_count=422 7164 323 428 1353 153780 861 666 262 2561
internal_value=0.000122224 0.00585573 5.39374e-05 2.10931e-05 0.000160003 -0.00222805 0.00274894 0.0104659 0.00458903
internal_weight=32410.5 361.153 32049.3 31964.3 30138.8 1825.44 310.723 85.0479 270.302
internal_count=167820 3972 163848 163158 155133 8025 3550 690 3227
is_linear=0
shrinkage=0.03


Tree=165
num_leaves=9
num_cat=0
split_feature=3 2 2 3 3 2 2 2
split_gain=13.5962 13.2065 26.9846 22.1105 114.381 65.6595 16.7927 9.24962
threshold=0.2737500000000001 0.001445588710339061 0.0015339518385634133 0.38375000000000009 0.40875 0.001051306329718196 0.0016064990190196478 0.0014982742317421387
decision_type=8 8 8 10 10 10 8 10
left_child=-1 3 7 5 -5 -2 -4 -3
right_child=1 2 6 4 -6 -7 -8 -9
leaf_value=0.011441680964438738 0.015404750236756727 0.0028587270817050777 -0.004882485644952258 0.016256699831087743 -0.0052541251086036557 -0.011657105602437053 8.3080195196845664e-05 0.013761530763497168
leaf_weight=82.525118105113506 85.496546298265457 162.48782712221146 615.80560554563999 279.5845630466938 948.87184679508209 491.62372440099716 29612.377301521599 155.56936630606651
leaf_count=545 374 675 2617 1214 4157 2174 155573 648
internal_value=-3.79404e-05 -7.26039e-05 7.32135e-05 -0.00255937 -0.000218291 -0.00735178 -1.76748e-05 0.00863137
internal_weight=32434.3 32351.8 30546.2 1805.58 1228.46 577.12 30228.2 318.057
internal_count=167977 167432 159513 7919 5371 2548 158190 1323
is_linear=0
shrinkage=0.03


Tree=166
num_leaves=9
num_cat=0
split_feature=3 1 0 3 0 3 0 1
split_gain=12.0095 10.284 13.0194 9.7863 19.2417 15.3543 7.13563 3.73771
threshold=0.2737500000000001 -0.74074858462786197 0.0092551009283870032 0.31375000000000003 -0.0010755043604371854 0.35625000000000001 -0.00058519450179282488 -0.49460436680421732
decision_type=8 8 10 8 10 8 8 10
left_child=-1 3 6 4 -2 -5 -3 -4
right_child=1 2 7 5 -6 -7 -8 -9
leaf_value=0.010819096262500407 0.003445625146661586 0.00096159209521794241 -0.0001374197896430644 0.00441873181927817 -0.016005711631895382 -0.001043670410336999 -0.00014638615851580872 0.0076140762766952171
leaf_weight=82.43183445930481 67.358438745141029 7918.6441481932998 50.882000729441643 477.68741779774427 97.093366004526615 8205.0412902496755 15176.381373748183 269.8388619273901
leaf_count=550 393 44045 352 2377 465 41411 75756 2188
internal_value=2.03067e-05 -8.76894e-06 0.000318598 -0.000881363 -0.00795381 -0.000731512 0.000231164 0.00623592
internal_weight=32345.4 32262.9 23415.7 8847.18 164.452 8682.73 23095 320.721
internal_count=167537 166987 122341 44646 858 43788 119801 2540
is_linear=0
shrinkage=0.03


Tree=167
num_leaves=15
num_cat=0
split_feature=2 0 0 2 2 0 2 1 2 2 2 2 2 0
split_gain=12.7369 19.1216 26.2301 22.3964 10.3388 8.29845 7.36384 6.76808 8.53121 14.4637 8.15433 11.1227 9.05792 8.10145
threshold=0.0019736335366390503 -0.001702239153931625 0.00093289548222463218 0.0017989135513542737 0.0013313840679558082 -0.0019907551813733919 0.0016585640722040918 -0.74074858462786197 0.0052406116286393594 0.0061243861919275519 0.0040707763470456222 0.0040536030343945812 0.0048603372356067079 0.0086479515447942159
decision_type=8 10 10 10 10 10 10 8 8 8 8 10 10 10
left_child=1 5 3 -3 -4 6 -1 8 13 -10 11 -9 -12 -2
right_child=7 2 4 -5 -6 -7 -8 10 9 -11 12 -13 -14 -15
leaf_value=-0.0030564419722830987 -0.00077914249968211288 -0.0019021490436851652 0.007567393231263389 -0.0075324704784479482 0.00044378066840335871 0.011987632191552102 0.0058948844796459328 0.00023030652609405669 0.0075621495587966398 -0.00045661441201892472 0.0031201447576957734 -0.0098063778017100593 0.00040759137918821344 -0.0090404196282708182
leaf_weight=130.40126578509808 6521.144344612956 2924.404873535037 214.90539729595184 826.5692396312952 1128.0755270719528 99.69122351706028 177.15178130567074 14776.352711357176 290.18487510830164 580.94002649188042 2009.6417809650302 89.854452721774578 2594.3853633888066 100.41506308317184
leaf_count=527 31172 12660 878 3358 4663 405 752 71325 2133 4973 12381 500 21752 579
internal_value=-5.74135e-05 -0.00137303 -0.00188405 -0.00317554 0.00167556 0.00476711 0.00193388 0.000209195 -0.000552693 0.00220197 0.000505604 0.000159058 0.00160881 -0.000926915
internal_weight=32464.1 5501.2 5093.96 3750.97 1342.98 407.244 307.553 26962.9 7492.68 871.125 19470.2 14866.2 4604.03 6621.56
internal_count=168058 23243 21559 16018 5541 1684 1279 144815 38857 7106 105958 71825 34133 31751
is_linear=0
shrinkage=0.03


Tree=168
num_leaves=10
num_cat=0
split_feature=1 0 3 3 3 3 3 0 0
split_gain=12.9616 17.5764 12.5385 14.855 10.7571 10.7006 10.3334 10.4132 9.70258
threshold=0.67426724709896646 0.0060883274071632607 0.60875000000000012 0.67875000000000008 0.2737500000000001 0.59375000000000011 0.43875000000000003 -0.002276469726065006 0.00056349958638879209
decision_type=8 8 10 10 8 8 10 10 10
left_child=4 2 5 -4 -1 -2 8 -8 -6
right_child=1 -3 3 -5 6 -7 7 -9 -10
leaf_value=0.011149123246853448 0.0012422092859124859 0.0089941423862418164 -0.0045293006173163916 0.0020581536088096551 -0.0018810818880493478 0.0096442318847317077 0.0019052580994762297 -0.00018213092934672991 0.00015773858594085981
leaf_weight=63.76300622522831 5774.1826990880072 240.77823439985514 741.61084995046258 499.79796660318971 5622.9858959056437 132.61717867106199 2543.1723602749407 13480.857153438032 3265.6612225174904
leaf_count=411 30431 2082 3752 2550 28042 728 15750 66995 16979
internal_value=5.53333e-05 0.00115977 0.000875299 -0.00183396 -0.000269333 0.00145697 -0.000305427 0.000146398 -0.00112595
internal_weight=32365.4 7388.99 7148.21 1241.41 24976.4 5906.8 24912.7 16024 8888.65
internal_count=167720 39543 37461 6302 128177 31159 127766 82745 45021
is_linear=0
shrinkage=0.03


Tree=169
num_leaves=14
num_cat=0
split_feature=2 3 2 3 2 2 3 2 0 2 3 3 3
split_gain=12.2571 12.1305 39.7928 19.9587 18.2808 55.239 52.915 11.4506 23.2123 22.3981 43.5403 12.9427 8.63958
threshold=0.001719074333767883 0.39125000000000004 0.001051306329718196 0.35125000000000001 0.0012970047784985046 0.0015339518385634133 0.40875 0.0017989135513542737 0.0018131082349302585 0.0018374936339392381 0.47625000000000001 0.38375000000000009 0.28625000000000006
decision_type=10 8 10 10 10 10 8 10 10 10 10 10 10
left_child=1 2 -1 -4 6 -6 -3 8 11 10 -9 -2 -11
right_child=7 4 3 -5 5 -7 -8 9 -10 12 -12 -13 -14
leaf_value=0.013429146735413986 0.013843304391871564 0.013185158249587849 -0.00060035428262410087 -0.0090723349437196246 0.0092790496173836366 -0.0026484494284313188 -0.0068442728804765443 -0.014979439423200536 -0.0088059282271730661 0.0076929435516418093 0.0077176761098875441 0.0026023530023185121 8.0396361151140495e-05
leaf_weight=93.966108813881874 168.87130250036716 128.52563151717186 422.41765181720257 673.04162150621414 526.32318685948849 983.78969146311283 783.04126036167145 223.19008241593838 82.894789531826973 125.07582066580653 101.47623957693577 236.89988678693771 27817.866006609052
leaf_count=412 693 555 1796 2916 2223 4103 3716 917 346 896 417 966 147751
internal_value=-9.86063e-05 -0.00174448 -0.00421886 -0.00589473 -0.000492146 0.00150289 -0.0038427 0.000106525 0.00461364 2.48844e-05 -0.00768742 0.00764529 0.000119357
internal_weight=32367.4 3611.11 1189.43 1095.46 2421.68 1510.11 911.567 28756.3 488.666 28267.6 324.666 405.771 27942.9
internal_count=167707 15721 5124 4712 10597 6326 4271 151986 2005 149981 1334 1659 148647
is_linear=0
shrinkage=0.03


Tree=170
num_leaves=15
num_cat=0
split_feature=1 2 0 0 2 0 2 0 0 2 2 2 2 0
split_gain=16.7218 9.18864 17.1573 16.5511 13.1657 9.08172 9.15094 7.90444 7.28334 9.49029 5.26694 2.67119 1.34777 0.799303
threshold=0.7066987578807753 0.0022415236238326618 0.0016941721477928017 -0.003832532432603421 0.0017639783319164475 0.0060883274071632607 0.0066638782940363116 -0.00058519450179282488 -0.0097776924312434326 0.003136861609594806 0.0022687285517906642 0.0066638782940363116 0.0030375238398860633 0.0016941721477928017
decision_type=10 10 10 8 10 8 10 10 10 10 10 10 8 10
left_child=1 2 3 -1 -4 6 7 -2 9 -3 -10 12 -7 -8
right_child=5 8 4 -5 -6 11 13 -9 10 -11 -12 -13 -14 -15
leaf_value=0.0076298002701177241 0.0023429863729120602 0.018641336962889395 -0.0015766778799689773 -0.0022954570661593158 0.0053904158650867843 0.0010342494674057887 0.0081627478899313211 0.00012184081676750759 0.0042317571177574063 0.0020007568071439634 -0.00016360212245933276 0 0.0098012269335349123 0.0019739365407417091
leaf_weight=143.48990123718977 2151.3045669570565 30.571081079542637 414.72971452027559 5291.5132165551186 538.97318677604198 38.129895851016045 165.89700197055936 4527.1502709016204 238.02030093967915 195.73223555460572 18416.337720148265 34.776840284466743 151.20872067660093 61.829852424561977
leaf_count=664 11829 275 1804 22311 2332 227 1727 22121 995 2297 99017 420 1283 576
internal_value=-4.9672e-06 -0.000368912 -0.00135164 -0.00200887 0.00231351 0.00127514 0.00106624 0.000848734 -3.26673e-05 0.00519637 -0.000102068 0.00713571 0.00847714 0.00688854
internal_weight=32399.7 25269.4 6388.71 5435 953.703 7130.3 6906.18 6678.45 18880.7 226.303 18654.4 224.115 189.339 227.727
internal_count=167878 129695 27111 22975 4136 38183 36253 33950 102584 2572 100012 1930 1510 2303
is_linear=0
shrinkage=0.03


Tree=171
num_leaves=12
num_cat=0
split_feature=1 2 0 0 2 0 0 0 0 1 2
split_gain=13.8315 11.8293 40.0892 10.4092 7.35511 16.3387 13.0233 5.59431 4.37184 3.4941 2.43084
threshold=1.5745383644308688 0.0011258670578612672 -0.00066482403446349364 0.0013674571868498725 0.0034190409572881493 -0.0080447891194758668 0.010911171974009589 0.004591353258762562 0.0037123676284760254 3.1880780260108446 0.0038215618030757572
decision_type=8 10 8 10 10 10 10 10 10 8 8
left_child=1 2 -1 -4 5 -3 -6 8 9 -2 -9
right_child=7 4 3 -5 6 -7 -8 10 -10 -11 -12
leaf_value=0.012940776714078516 0.0015237841926445718 0.0097552405793495632 -0.010143216852236982 7.6867676455966242e-05 0.0005377180866521405 -0.00039001575549449207 0.00865063916891891 0.0026093647542817346 -0.0045048520231997739 0.0047920458089724975 0.0116438733953557
leaf_weight=89.469746097922325 2237.3572965189815 133.62666853517294 372.99364337325096 101.85747241973877 10294.056634664536 18414.409177362919 172.57054419070482 83.362690098583698 81.176925510168076 364.08087097853422 72.685162954032421
leaf_count=390 11679 1017 1739 568 65703 81846 1479 513 489 1914 694
internal_value=0.000156012 -3.42574e-05 -0.00429894 -0.00787085 4.8074e-05 -0.000308475 0.000685338 0.00215285 0.00178502 0.00202076 0.00762667
internal_weight=32417.6 29579 564.321 474.851 29014.7 18548 10466.6 2838.66 2682.62 2601.44 156.048
internal_count=168031 152742 2697 2307 150045 82863 67182 15289 14082 13593 1207
is_linear=0
shrinkage=0.03


Tree=172
num_leaves=14
num_cat=0
split_feature=1 2 0 2 0 2 0 1 2 0 0 2 2
split_gain=12.874 10.3891 35.2858 7.20665 8.31776 7.78516 7.0012 6.1195 5.88809 4.89945 4.31336 2.75986 3.44232
threshold=0.33742110855504287 0.0011258670578612672 -0.00061222535619592452 0.0059498431259504261 -0.009143318059400397 0.0069216452242156648 0.0074513926819164472 2.5625947355903973 0.001051306329718196 0.0011458993517102589 0.00025758385641822017 0.003391060834323664 0.0067561699990020012
decision_type=10 8 10 8 10 8 8 10 8 10 10 8 10
left_child=1 2 -1 4 -3 -5 7 8 -2 -4 -9 -8 -13
right_child=6 3 9 5 -6 -7 11 10 -10 -11 -12 12 -14
leaf_value=0.0126059049882793 0.0072518404373701209 0.0059628721322177872 -0.011993524761296354 0.0040112957565232796 -0.00054250172980989343 -0.0002862839436566356 0 0.0051720929891547075 0.00040837764622055685 -0.0015283417769070694 0.00072085093993998336 0.010368493458272758 0
leaf_weight=67.509009882807732 105.94129247963428 167.11531494557858 230.11812964081764 680.6890564635396 20140.942511580884 786.48182969540358 59.915730983018875 450.96984495222569 9084.647376857698 68.836210697889328 409.34238170087337 120.68354663997889 34.073910392820835
leaf_count=287 457 1544 1079 5429 97139 7490 362 2362 47849 284 2140 1080 410
internal_value=-1.34491e-05 -0.000422385 -0.00537444 -0.000333862 -0.000483107 0.0016806 0.000862294 0.000737638 0.000501581 -0.00990551 0.00315572 0.00613897 0.0081528
internal_weight=32407.3 22141.7 366.463 21775.2 20308.1 1467.17 10265.6 10050.9 9190.59 298.954 860.312 214.673 154.757
internal_count=167912 113252 1650 111602 98683 12919 54660 52808 48306 1363 4502 1852 1490
is_linear=0
shrinkage=0.03


Tree=173
num_leaves=15
num_cat=0
split_feature=0 1 0 2 0 2 1 2 2 0 2 2 2 0
split_gain=10.5384 8.63161 10.2737 9.5322 26.1806 9.50674 6.81153 4.25331 17.729 7.54997 3.84117 8.32634 3.60857 2.31846
threshold=-0.0051556924144032226 2.5625947355903973 0.00025758385641822017 0.0013719695818470397 0.00084962685549874728 0.0015339518385634133 -0.99554104225960627 0.003136861609594806 0.0032662870358655155 -0.0084981284614338171 0.0044547089837123121 0.0032662870358655155 0.0022034277975385235 0.00058631126683921007
decision_type=8 8 10 8 10 8 10 10 10 10 10 10 10 10
left_child=6 3 12 4 -2 -5 10 9 -9 -8 11 -1 -3 -4
right_child=1 2 13 5 -6 -7 7 8 -10 -11 -12 -13 -14 -15
leaf_value=-0.004385092720983759 -0.0044328548056880891 0.0098325884955314143 -0.0047607915499384276 0.0036322276332163709 0.0058857117294721113 -0.00012671024284004648 0.01659043483545003 -0.0097995483746083113 0.0039008664302065967 0.0036370699354852402 -0.0054973358103230672 0.0092140339316628666 0.0034758043344152584 0.00057942510784485387
leaf_weight=78.919108361005783 1193.1669756025076 155.01115141808987 79.49327152967453 608.49129332602024 257.79676498472691 28073.417643412948 52.584720745682716 83.373183481395245 802.9696796759963 199.65635547786951 117.96990998834372 61.560706004500389 288.81478005647659 343.04971681535244
leaf_count=464 5357 722 359 2593 1055 142407 441 577 7787 1169 1103 423 1577 1877
internal_value=3.43586e-05 -7.89968e-05 0.00285224 -0.000166183 -0.00253072 -4.36344e-05 0.00257497 0.00358451 0.00245026 0.00709592 -0.00161687 0.00139184 0.00599593 -0.000373357
internal_weight=32396.3 30999.2 866.369 30132.9 1450.96 28681.9 1397.03 1138.58 886.343 252.241 258.45 140.48 443.826 422.543
internal_count=167911 155947 4535 151412 6412 145000 11964 9974 8364 1610 1990 887 2299 2236
is_linear=0
shrinkage=0.03


Tree=174
num_leaves=9
num_cat=0
split_feature=3 3 3 2 2 2 2 2
split_gain=11.7272 9.44974 22.1371 80.5704 32.7476 19.993 40.3428 15.9805
threshold=0.2737500000000001 0.38625000000000004 0.40625000000000006 0.001445588710339061 0.0012082362596986117 0.001445588710339061 0.001051306329718196 0.0016064990190196478
decision_type=8 8 10 8 8 10 10 10
left_child=-1 5 3 -3 -4 6 -2 -7
right_child=1 2 4 -5 -6 7 -8 -9
leaf_value=0.010878836417523409 0.010980838104370163 0.01928277205633781 -0.0078472487693398377 0.00098156133738165532 0 0.0076592035765682331 -0.0098326884701531777 -0.0010021050386267265
leaf_weight=77.629693660885096 89.074339225888252 232.36456826329231 477.98150736093521 2135.788762550801 24526.334394712001 190.10717867314816 501.11516879498959 4099.7662877961993
leaf_count=528 390 1002 2132 11164 127964 806 2230 21383
internal_value=-7.44826e-05 -0.00010607 0.000108879 0.00287605 -0.000151845 -0.00132176 -0.00646082 -0.000587402
internal_weight=32330.2 32252.5 27372.5 2368.15 25004.3 4880.06 590.19 4289.87
internal_count=167599 167071 142262 12166 130096 24809 2620 22189
is_linear=0
shrinkage=0.03


Tree=175
num_leaves=15
num_cat=0
split_feature=3 3 3 0 0 1 0 0 3 0 0 3 3 0
split_gain=11.761 24.5036 20.4866 19.9075 18.9097 16.4299 14.6905 14.6025 14.5551 12.3185 10.8962 10.0525 9.93674 8.54346
threshold=0.61375000000000013 0.57375000000000009 0.67375000000000018 -0.00011319688731114988 0.0058854291629386489 0.11072098639653465 0.0041612793782773898 -0.0024640327339440445 0.56625000000000003 -0.00041507822734949056 0.0043640406471981774 0.49625000000000002 0.66375000000000017 -0.0015685262580415363
decision_type=10 8 10 10 10 10 10 10 10 10 10 10 10 10
left_child=1 5 7 9 13 11 -5 12 -7 -4 -9 -1 -2 -3
right_child=2 4 3 6 -6 8 -8 10 -10 -11 -12 -13 -14 -15
leaf_value=-0.00076397471507231457 0.0062969608546058911 -0.00022791606411817726 -0.00072617917396486321 0.0040830161306260456 0.015397082542960525 0.0013798553626848059 -0.0035853635802853183 -0.003987675512721508 -0.0077213552950269699 -0.009336540789517617 0.0021485995672026526 0.0011539149480094425 -0.0064981604658713712 0.004078657694831709
leaf_weight=11732.868748731911 238.34175608679652 540.54537199810147 875.34967148303986 1455.5719928368926 109.03364011645317 9544.6855188012123 249.31322519481182 2466.5176492705941 149.15657575428486 176.26710586249828 271.45868956297636 3083.0016730464995 57.05260219424963 1457.7278747558594
leaf_count=59620 1647 3329 4728 6857 773 50706 1544 11639 864 772 1711 16139 359 7366
internal_value=0.000267025 0.000535044 -0.000953559 0.000900852 0.0036337 0.000264807 0.00291228 -0.00265585 0.00122582 -0.00230028 -0.00335185 -0.000360329 0.00349738 0.00288849
internal_weight=32406.9 26617 5789.87 2756.5 2107.31 24509.7 1704.89 3033.37 9693.84 1051.62 2737.98 14815.9 295.394 1998.27
internal_count=168054 138797 29257 13901 11468 127329 8401 15356 51570 5500 13350 75759 2006 10695
is_linear=0
shrinkage=0.03


Tree=176
num_leaves=15
num_cat=0
split_feature=0 2 2 0 2 2 2 2 2 2 2 2 0 2
split_gain=11.3201 17.9869 27.203 11.2855 48.6916 27.4849 24.3625 13.117 9.73288 9.00519 11.831 4.26847 3.56677 2.50547
threshold=-0.0024640327339440445 0.0022034277975385235 0.0023358565281525515 0.00038089203784715388 0.0010889261252982538 0.0051958790707838541 0.001051306329718196 0.0063816902915668086 0.0012970047784985046 0.0020032689886634769 0.0018206385875575389 0.0027616538798669486 0.00084962685549874728 0.002125818736659867
decision_type=8 10 10 10 8 10 8 10 8 10 10 10 10 10
left_child=1 9 -3 5 12 6 -2 -7 -6 10 -1 -4 -5 -11
right_child=3 2 11 4 8 7 -8 -9 -10 13 -12 -13 -14 -15
leaf_value=0.0090136863933604049 0.0090819516614384522 -0.013185862194329443 -0.001156960445842218 -0.021488107289301263 0.0067024387275172381 0.0091068984013904872 -0.0012778596042494767 0.00075403975635105923 0.00050988299419825857 0.014557687620049217 -0.0038897769854166001 0.0016229948518609834 -0.0086431450185290096 0.0054552818217928206
leaf_weight=115.67787683010101 196.49606736004353 110.8375276401639 545.73564881086349 69.858668714761734 224.31898653507233 338.95890403538942 12605.937678083777 365.70744409412146 13934.766511805356 126.94357374310493 114.38653536140919 3504.6035290770233 88.084943071007729 90.661375775933266
leaf_count=474 878 512 2650 322 953 2356 56394 2935 73916 582 499 24849 368 417
internal_value=6.50905e-05 0.00144183 0.000802621 -0.000161235 0.000422763 -0.000784545 -0.00110721 0.0049271 0.000616886 0.00710492 0.00245345 0.00123172 -0.0156229 0.0114352
internal_weight=32433 4608.85 4161.18 27824.1 14317 13507.1 12802.4 704.666 14159.1 447.669 230.064 4050.34 157.944 217.605
internal_count=168105 29983 28011 138122 75559 62563 57272 5291 74869 1972 973 27499 690 999
is_linear=0
shrinkage=0.03


Tree=177
num_leaves=14
num_cat=0
split_feature=2 2 3 3 3 0 3 0 3 2 3 2 0
split_gain=9.00503 16.7921 15.7481 23.1982 16.3572 9.09937 7.06846 21.5694 11.7722 32.3704 25.3099 4.94432 3.12649
threshold=0.0027070756574095285 0.0026811221100681462 0.34625 0.30375000000000002 0.42375000000000002 0.0021461270542633653 0.30125000000000007 0.00051576960448254021 0.37375000000000008 0.0027752499353625639 0.40125000000000005 0.0040924085657698395 -0.00077369828667790957
decision_type=10 10 8 10 8 8 10 8 10 10 10 10 10
left_child=1 2 3 -1 -4 12 7 11 9 -8 -10 -2 -3
right_child=6 5 4 -5 -6 -7 8 -9 10 -11 -12 -13 -14
leaf_value=-0.0054006167226499265 0.015484430952177356 -0.0038735938672677722 -0.0022803702288352835 0.0064079188814114077 2.119650922520702e-05 0.0013717048812318738 0.018915194985117616 -0.011533771602335074 0.0044699974363095699 -0.0030375772297748975 0.00020597070410264534 0.0046046789857069267 -0.013114581961552952
leaf_weight=183.11389914155006 78.125054001808167 83.596261873841286 4071.5866162925959 615.49177956581116 8550.0322145298123 65.512097388505936 52.467522636055946 43.696492537856102 1357.0844321995974 1515.880319070071 15545.794680017978 129.2216079197824 147.21107850968838
leaf_count=768 439 386 17174 2617 37002 312 232 248 8335 9014 90067 999 614
internal_value=-3.24766e-05 -0.000617901 -0.000454268 0.00359281 -0.00071773 -0.00757618 0.000393322 0.00531067 0.000320407 -0.00214997 0.000554305 0.00950388 -0.0103166
internal_weight=32438.8 13716.5 13420.2 798.606 12621.6 296.319 18722.3 251.043 18471.2 1568.35 16902.9 207.347 230.807
internal_count=168207 58873 57561 3385 54176 1312 109334 1686 107648 9246 98402 1438 1000
is_linear=0
shrinkage=0.03


Tree=178
num_leaves=8
num_cat=0
split_feature=3 0 2 3 3 2 3
split_gain=10.6139 8.84662 8.12924 25.9573 9.92692 2.60698 0.592767
threshold=0.77625000000000011 0.014417644949242536 0.0013313840679558082 0.40875 0.3887500000000001 0.0025316596608429532 0.50375000000000003
decision_type=8 10 10 10 10 10 10
left_child=1 2 3 -1 -4 -2 -3
right_child=5 6 4 -5 -6 -7 -8
leaf_value=0.0025693460054905318 0.0022672567041711741 0.012580085678185682 -0.0012694651312686602 -0.0058080492986540425 0.00020656376173606577 0.014935397583706609 0.0030252180847804119
leaf_weight=543.04239001870155 45.151482172310352 39.505554541945457 4853.8853646591306 805.69717766344547 26073.373001590371 41.328742675483227 40.333208300173283
leaf_count=2385 433 336 25034 3607 135869 275 322
internal_value=-6.5838e-05 -9.72708e-05 -0.000125234 -0.00239682 -2.3488e-05 0.00986376 0.00929502
internal_weight=32442.3 32355.8 32276 1348.74 30927.3 86.4802 79.8388
internal_count=168261 167553 166895 5992 160903 708 658
is_linear=0
shrinkage=0.03


Tree=179
num_leaves=10
num_cat=0
split_feature=0 1 2 0 0 2 0 2 2
split_gain=9.07652 8.8013 9.95501 26.8338 8.75287 8.46865 7.88878 3.41176 3.20735
threshold=0.012260103503179713 0.65721629996608555 0.0011258670578612672 -0.00066482403446349364 0.0060883274071632607 0.0088198125431252512 3.8426387507697393e-05 0.003391060834323664 0.0059498431259504261
decision_type=10 8 10 8 8 10 10 10 10
left_child=1 2 3 -1 5 -3 -4 -2 -6
right_child=7 4 6 -5 8 -7 -8 -9 -10
leaf_value=0.010543931052871418 0 0.00062339393960830769 -0.0007080694685632266 -0.0080869554574928872 0.0085322309732284926 0.010157917893887479 0.00037102671702582651 0.0093720054111700191 0
leaf_weight=73.872112259268761 38.850302189588547 7158.8728187978268 11885.098708294332 366.4107698276639 172.45311786234379 75.896931797266006 12432.988013841212 119.39374069869518 41.435399375855923
leaf_count=323 230 37083 61352 1797 1365 903 63234 1069 476
internal_value=6.98975e-05 3.17108e-05 -0.000238431 -0.00466301 0.000936788 0.000745581 -0.000153973 0.00702149 0.00681416
internal_weight=32365.3 32207 24758.4 440.283 7448.66 7234.77 24318.1 158.244 213.889
internal_count=167832 166533 126706 2120 39827 37986 124586 1299 1841
is_linear=0
shrinkage=0.03


Tree=180
num_leaves=13
num_cat=0
split_feature=2 3 3 2 3 3 0 0 3 2 2 3
split_gain=12.484 13.5657 25.7887 23.4141 20.7737 26.8932 17.5183 15.887 10.6924 6.49119 10.2193 6.93971
threshold=0.0061243861919275519 0.61375000000000013 0.66125000000000012 0.001907142958340269 0.57375000000000009 0.56375000000000008 0.0058854291629386489 -0.00011319688731114988 0.63625000000000009 0.011644782828630353 0.0069216452242156648 0.42875000000000002
decision_type=10 10 10 8 10 10 10 10 10 10 10 10
left_child=1 4 3 -3 5 -1 -6 -4 9 10 -2 -11
right_child=8 2 7 -5 6 -7 -8 -9 -10 11 -12 -13
leaf_value=8.2807425018223952e-05 0.0035119373916416828 -0.01267469945833604 -0.0024088128900289075 -0.0027869462074135787 0.0024499806053953363 -0.0068737468090223708 0.015440469996016943 0.0018622931660805108 0.010278382639221373 0 -0.0012867231308325532 0.011864756476751084
leaf_weight=22475.680340632796 751.92541171982884 238.47915372252464 1249.2687015011907 2057.3545654267073 1806.6065889298916 501.3424765765667 91.657884329557419 2055.2238895967603 136.25435480475426 81.237492609769106 808.45642624050379 100.23121953383088
leaf_count=110926 6186 988 6285 10139 9070 2631 579 10015 1307 903 7708 1135
internal_value=2.43327e-05 -0.000120413 -0.00145416 -0.00389057 0.000177914 -6.92938e-05 0.0031863 0.000227096 0.00239306 0.00168684 0.000995113 0.00695877
internal_weight=32353.7 30475.6 5600.33 2295.83 24875.3 22977 1898.26 3304.49 1878.1 1741.85 1560.38 181.469
internal_count=167872 150633 27427 11127 123206 113557 9649 16300 17239 15932 13894 2038
is_linear=0
shrinkage=0.03


Tree=181
num_leaves=9
num_cat=0
split_feature=3 1 0 0 3 3 3 0
split_gain=8.32129 8.24244 12.1235 28.6728 12.3523 10.3175 20.56 8.16206
threshold=0.2737500000000001 -1.0450551789936695 9.9345567484226784e-05 -0.00058519450179282488 0.3987500000000001 0.68625000000000014 0.61625000000000008 5.8486308301401602e-05
decision_type=8 8 10 10 8 8 10 10
left_child=-1 2 3 -2 -4 6 -3 -7
right_child=1 5 4 -5 -6 7 -8 -9
leaf_value=0.0091822643695614915 -0.00029850344122311039 0.00050274573288834644 0.0047319041420251342 -0.0071664102218462226 -0.00050159557136268435 0.00015943597102274318 -0.0021018072117741102 0.0043623508293545096
leaf_weight=81.765790540724993 1819.9326800629497 22141.920257009566 486.40939852595329 785.37942064553499 2158.4525522887707 770.39102223515511 3096.6652993187308 981.67389810830355
leaf_count=557 9552 115958 2393 3506 11009 4120 15622 4957
internal_value=0.000152022 0.00012442 -0.00095909 -0.00241128 0.000452481 0.000337682 0.000180096 0.00255975
internal_weight=32322.6 32240.8 5250.17 2605.31 2644.86 26990.7 25238.6 1752.06
internal_count=167674 167117 26460 13058 13402 140657 131580 9077
is_linear=0
shrinkage=0.03


Tree=182
num_leaves=15
num_cat=0
split_feature=3 3 0 3 0 0 0 1 3 3 0 0 0 3
split_gain=10.7508 21.1879 20.559 18.558 21.1417 13.4197 13.0357 11.1384 14.042 9.92893 9.77653 7.67436 7.55846 5.95532
threshold=0.61625000000000008 0.59125000000000016 0.0053957968554761747 0.67375000000000018 -0.00011319688731114988 0.0058854291629386489 -0.0019364805331244593 0.67426724709896646 0.55125000000000013 0.2737500000000001 0.0019399252004496149 -0.00039343980229462953 0.0043640406471981774 0.66625000000000012
decision_type=10 10 10 10 10 10 10 8 10 8 10 10 10 10
left_child=1 7 10 6 11 -6 13 9 -9 -1 -3 -5 -8 -2
right_child=3 2 -4 4 5 -7 12 8 -10 -11 -12 -13 -14 -15
leaf_value=0.010884639100603402 0.0042988098694415732 0.004293965394797759 0.016892979937704521 -0.001533566707613173 0.0034153162918627599 -0.0062249582236968207 -0.0041555748194011125 0.0016099003714606021 -0.0038126833161157476 -0.00034830659015594299 -0.0026917267846566905 -0.0086026921220354897 0.0011837837969455847 -0.0061195715457297763
leaf_weight=60.790538046509027 285.6169566847384 835.5488877967 96.55742271989584 894.54514267295599 1564.937126904726 128.50615934282541 2327.8243257403374 5451.2424455136061 451.38162220269442 19625.825209278613 210.64443948119879 164.40724339336157 242.58620350062847 46.076007384806871
leaf_count=402 1868 4331 652 4800 7507 866 10910 29326 2594 100994 1212 716 1529 288
internal_value=-3.26604e-05 0.000216929 0.00419598 -0.0012215 0.000524603 0.0026163 -0.00289425 3.53212e-05 0.00117933 -0.000305065 0.00281846 -0.00275742 -0.00362578 0.00253924
internal_weight=32386.5 26732 1142.75 5654.5 2752.4 1693.44 2902.1 25589.2 5902.62 19686.6 1046.19 1058.95 2570.41 331.693
internal_count=167995 139511 6195 28484 13889 8373 14595 133316 31920 101396 5543 5516 12439 2156
is_linear=0
shrinkage=0.03


Tree=183
num_leaves=15
num_cat=0
split_feature=0 1 1 2 2 2 0 2 2 2 2 1 0 2
split_gain=12.0658 9.86099 8.76106 8.88857 8.5729 7.92402 5.17422 3.55124 6.6328 3.34532 3.0788 3.0151 2.90558 1.44078
threshold=0.0060883274071632607 -0.31818666965122427 1.3320348130530442 0.013345541704058437 0.0013719695818470397 0.0065673277622668074 0.0081776640269217316 0.002125818736659867 0.0017372338072111071 0.0021865447809102587 0.0067561699990020012 0.67426724709896646 0.00011949582671638683 0.0074696459271216525
decision_type=10 10 8 10 10 8 10 10 8 10 10 10 10 10
left_child=2 5 3 4 -1 6 -2 8 -4 -9 11 -3 -5 -12
right_child=1 10 7 12 -6 -7 -8 9 -10 -11 13 -13 -14 -15
leaf_value=-0.0027592487640749445 0.00096515756048621475 0.0040349671340329466 0.0002518721429438165 0.012364003443607727 -0.00028149607590701809 0.0071669122786882948 -0.0049213421850958297 -0.0057707733300228145 0.0055299520740124735 0.00081255552955463741 -0.0040289022319072608 0.0092974924197933174 0 0.002817579375137276
leaf_weight=1319.3741535842419 274.44956535100937 398.06386160850525 474.40033128857613 54.834769647568464 26072.04167644307 102.39309996366501 227.42797890305519 59.610684886574745 424.81966255605221 2611.7387579791248 35.00258519500494 193.9879288226366 30.089138425886631 61.323073603212833
leaf_count=5994 1621 2685 1952 662 132568 964 1411 273 1922 14771 327 1576 297 730
internal_value=-6.64114e-05 0.00275925 -0.000186841 -0.000370288 -0.000403996 0 -0.00162915 0.00120515 0.00284479 0.000622299 0.00518738 0.0059847 0.00876718 0
internal_weight=32339.6 1292.65 31046.9 27476.3 27391.4 604.271 501.878 3570.57 899.22 2671.35 688.377 592.052 84.9239 96.3257
internal_count=167753 9314 158439 139521 138562 3996 3032 18918 3874 15044 5318 4261 959 1057
is_linear=0
shrinkage=0.03


Tree=184
num_leaves=8
num_cat=0
split_feature=3 2 0 2 0 0 0
split_gain=10.8164 10.5776 9.53065 14.1161 7.65374 6.83754 3.22775
threshold=0.77375000000000005 0.0088198125431252512 -0.0040383072127532548 0.0022034277975385235 0.0099498557420046041 0.012260103503179713 -0.0071950488747032646
decision_type=10 10 8 10 10 10 10
left_child=1 2 3 -1 6 -4 -3
right_child=-2 4 5 -5 -6 -7 -8
leaf_value=0.011445435229283986 0.011558858668597337 0 -0.00027268211881379306 0.0011702416274637112 -0.0071276086005864023 0.0062138258681864924 0.0072057247037750323
leaf_weight=120.58298316597939 62.605930641293526 72.493069499731064 29617.604935795069 2021.6457115709782 32.506754122674465 136.30682561546564 315.17745272815228
leaf_count=570 429 1057 146148 15129 385 1042 3216
internal_value=-5.05305e-06 -3.28805e-05 -9.77147e-05 0.00182699 0.00463714 -0.000238873 0.00592894
internal_weight=32378.9 32316.3 31896.1 2142.23 420.177 29753.9 387.671
internal_count=167976 167547 162889 15699 4658 147190 4273
is_linear=0
shrinkage=0.03


Tree=185
num_leaves=13
num_cat=0
split_feature=0 3 3 0 3 1 1 3 1 1 1 0
split_gain=9.24811 11.9037 21.4575 13.8637 19.6342 10.7971 10.2197 9.7895 8.77307 8.34208 7.15672 5.96943
threshold=0.0027063659757853818 0.49625000000000002 0.61375000000000013 0.0032417142806995618 0.36375000000000007 -2.2075405628593341 2.5625947355903973 0.69125000000000003 1.3320348130530442 -1.0192571683505336 -0.48501021408862216 -0.0017495571167721435
decision_type=10 8 10 10 10 8 8 10 10 10 10 10
left_child=5 3 9 10 -5 -1 7 -7 -4 -3 -2 -8
right_child=1 2 8 4 -6 6 11 -9 -10 -11 -12 -13
leaf_value=-0.0092487354389502018 0.0081413855493574216 0.011178468560859058 -0.0014683065806458452 0.0069005966247946459 -0.0021579467574305415 -0.00046450710196566379 0.0087773437544152993 0.0020709404525733779 0.0076808287869533946 0.0041506564451804289 0.00093004508871829357 0.0017533063512280595
leaf_weight=110.14670470356941 222.68258172273636 193.24609503895044 900.81236164271832 228.53196247667074 2048.3149484097958 24917.57689800486 134.20744253322482 1433.6838561594486 94.368937239050865 1055.0276793465018 318.48232561349869 647.90804722905159
leaf_count=529 1189 1172 5207 1381 13160 124804 937 7126 593 6609 1824 3126
internal_value=-4.20923e-05 0.00113201 0.0027588 -0.00014705 -0.00119629 -0.000262762 -0.000220679 -0.000323553 -0.00047326 0.00536651 0.00410016 0.00312994
internal_weight=32305 5061.47 2243.46 2818.01 2276.85 27243.5 27133.4 26351.3 995.181 1248.27 541.165 782.115
internal_count=167657 31135 13581 17554 14541 136522 135993 131930 5800 7781 3013 4063
is_linear=0
shrinkage=0.03


Tree=186
num_leaves=12
num_cat=0
split_feature=3 3 0 3 3 3 3 0 1 3 0
split_gain=8.96853 11.0899 20.1618 11.1402 15.6539 9.45657 9.25387 21.2058 6.66714 6.42649 3.36886
threshold=0.72375000000000012 0.71375000000000011 0.00053974529043447682 0.69125000000000003 0.61625000000000008 0.7037500000000001 0.73375000000000012 -0.00080108843882078118 -0.12806309473469035 0.77375000000000005 5.8486308301401602e-05
decision_type=10 10 8 10 10 10 10 10 8 10 10
left_child=1 3 8 4 -1 -5 7 -2 -3 10 -8
right_child=6 2 -4 5 -6 -7 9 -9 -10 -11 -12
leaf_value=7.891041958474797e-05 -0.0063225232099205766 -0.019873391573051881 0.0029130273705951946 0.0058213679042992674 -0.0019461770026189718 -0.0009534162843557654 -0.003885995377108706 0.012934122385683183 -0.0041033005529196673 0.0089589385221761474 0.0013332632585591946
leaf_weight=26658.438129946589 58.782595045864582 71.972263813018799 102.08195696771145 507.60984236747026 3926.5149763710797 263.605488948524 166.34898149967194 181.30202268064022 59.559626884758472 63.348788551986217 273.7677196636796
leaf_count=139160 350 339 496 2516 19665 1328 894 888 300 433 1371
internal_value=-6.00673e-05 -0.000139001 -0.00651848 -8.74955e-05 -0.000179662 0.00344634 0.00317115 0.0079151 -0.0139509 0.00068198 -0.000548645
internal_weight=32333.3 31589.8 233.614 31356.2 30585 771.215 743.55 240.085 131.532 503.465 440.117
internal_count=167740 163804 1135 162669 158825 3844 3936 1238 639 2698 2265
is_linear=0
shrinkage=0.03


Tree=187
num_leaves=15
num_cat=0
split_feature=1 3 3 1 3 3 0 0 3 3 3 0 0 1
split_gain=10.8766 11.7187 9.89688 10.3547 9.62371 11.5593 10.4602 8.85848 7.3058 13.0327 7.10387 7.07278 4.53798 2.83262
threshold=-0.74074858462786197 0.49625000000000002 0.48875000000000007 -1.0192571683505336 0.53875000000000017 0.56875000000000009 -0.0040383072127532548 -0.0097776924312434326 0.68625000000000014 0.61625000000000008 0.35375000000000006 7.9497510265501701e-05 -0.015845912499593242 1.136812141233041
decision_type=8 10 8 10 10 10 10 8 8 10 10 10 10 10
left_child=1 2 10 -4 6 -6 -3 12 9 -9 -1 -10 -2 -14
right_child=7 4 3 -5 5 -7 -8 8 11 -11 -12 -13 13 -15
leaf_value=0.0015180415250398253 -0.001353809765747739 -0.0075233085919241592 -0.011863055376130154 5.5383244594124992e-05 -0.004955028833474674 0.00045458644253750923 0.004162628979017282 0.00047501065795875589 0 -0.0017677755881277118 -0.0018286920119759368 0.0041704761157266863 0.010070003154902335 0
leaf_weight=626.38338160514832 38.522983737289906 62.697087291628122 159.70381741970778 90.752362869679928 411.69784841686487 2191.1470879130065 824.42485082894564 19084.639795325696 664.672777146101 2640.1309339031577 4486.8571072258055 841.40298208594322 143.61978705972433 25.697915025055408
leaf_count=3193 550 416 833 485 2225 10980 4084 99225 3497 13241 22550 4308 1695 317
internal_value=6.18667e-05 -0.000831188 -0.00171296 -0.00747775 0.000507881 -0.00039379 0.00319519 0.000401976 0.000342631 0.000199005 -0.00140484 0.00235985 0.00643949 0.00852383
internal_weight=32292.4 8853.66 5363.7 250.456 3489.97 2602.84 887.122 23438.7 23230.8 21724.8 5113.24 1506.08 207.841 169.318
internal_count=167599 44766 27061 1318 17705 13205 4500 122833 120271 112466 25743 7805 2562 2012
is_linear=0
shrinkage=0.03


Tree=188
num_leaves=13
num_cat=0
split_feature=0 0 2 2 2 1 2 2 2 2 0 1
split_gain=11.8722 11.5641 37.129 19.1855 20.1808 16.692 12.2423 9.26591 25.455 11.7947 6.03279 5.24523
threshold=-0.00077369828667790957 0.00038089203784715388 0.0010889261252982538 0.0051020652705412355 0.0069216452242156648 2.4564214737292143 0.0012504703659142271 0.0011258670578612672 0.0014982742317421387 0.0015802097810649572 0.00084962685549874728 -0.35749064482675807
decision_type=8 10 8 10 10 10 8 8 10 10 10 10
left_child=7 3 10 5 -5 -2 -4 -1 11 -10 -3 -9
right_child=1 2 6 4 -6 -7 -8 8 9 -11 -12 -13
leaf_value=0.010633981871495182 -0.001908187744867679 -0.02066548015307829 0.0085419024818777535 0.010761699365501804 -0.0051588284044445732 0.0054798983188918899 0.00016406940945913151 -0.015459061163566884 0.010167435995648916 0.00083166908598372074 -0.0064984896240821736 -0.0041813194118576029
leaf_weight=76.897537067532539 7419.663643553853 69.202714458107948 149.22910271584988 217.5748894661665 91.595118641853333 272.46615874767303 13963.801265865564 81.394237041473389 114.80236954987049 9663.5114245899022 88.654018074274063 114.58821208775043
leaf_count=320 32500 324 626 1455 742 1212 74176 352 469 54732 372 485
internal_value=-2.79916e-05 -0.000416 9.20761e-05 -0.00132866 0.00584322 -0.00163193 0.000262889 0.000825383 0.000733178 0.000957681 -0.0139277 -0.00967952
internal_weight=32323.4 22272.2 14270.9 8001.3 309.17 7692.13 14113 10051.2 9974.3 9778.31 157.857 195.982
internal_count=167765 111407 75498 35909 2197 33712 74802 56358 56038 55201 696 837
is_linear=0
shrinkage=0.03


Tree=189
num_leaves=10
num_cat=0
split_feature=3 0 2 2 2 3 3 3 2
split_gain=8.15412 7.7232 8.50929 11.8611 10.4166 5.80185 20.6954 17.9218 1.79172
threshold=0.77625000000000011 -0.0051556924144032226 0.0051958790707838541 0.0064306384626514647 0.0049009725811658888 0.61375000000000013 0.67375000000000018 0.57375000000000009 0.0025316596608429532
decision_type=8 10 10 10 10 10 10 10 10
left_child=1 2 4 -4 -1 7 -7 -3 -2
right_child=8 5 3 -5 -6 6 -8 -9 -10
leaf_value=0.0028917421653582133 0.0018860243981287305 -0.00012573741932780488 -0.0066099110712654436 0.0028648042592399397 0.015957034715846651 -0.0026770003852956211 0.00098242668828836511 0.0028443685355801695 0.013279398184715111
leaf_weight=867.18526201695204 41.125900134444237 23343.900770269334 192.55410917848349 270.54457899928093 52.627605609595776 2962.9726375862956 2575.5819193273783 1972.0766249597073 39.97121050581336
leaf_count=6113 403 117722 1968 3326 494 14589 12509 10367 279
internal_value=3.78486e-05 1.06544e-05 0.0021974 -0.00100436 0.00386739 -8.60926e-05 -0.000965748 0.000104292 0.00900152
internal_weight=32318.5 32237.4 1382.91 463.099 919.813 30854.5 5538.55 25316 81.0971
internal_count=167770 167088 11901 5294 6607 155187 27098 128089 682
is_linear=0
shrinkage=0.03


Tree=190
num_leaves=14
num_cat=0
split_feature=1 3 3 3 3 3 3 0 0 0 0 0 0
split_gain=8.09114 7.27404 21.2703 28.9702 11.777 18.8743 14.0919 7.69988 3.22276 1.33729 1.24266 2.0327 0.295139
threshold=3.1880780260108446 0.43875000000000003 0.40625000000000006 0.3887500000000001 0.53375000000000006 0.5212500000000001 0.57375000000000009 -0.00058519450179282488 0.00093289548222463218 0.0019806313249460029 -0.0009444987947838712 -0.0018851828256214898 0.00011949582671638683
decision_type=8 8 10 10 8 10 8 10 10 10 10 8 10
left_child=1 2 3 -1 5 -3 -6 -4 10 -10 11 -2 -12
right_child=8 4 7 -5 6 -7 -8 -9 9 -11 12 -13 -14
leaf_value=-0.00064835859430398659 0.0062423067181778362 0.00079856959316909561 -0.0003619504614017156 0.0035732639864462512 -0.002479937059324647 0.0055773317410278966 0.00030945277569140043 -0.0030564390090870976 -0.0028917483648868694 0.0031530438749374622 0.0098462210181681029 -0.001351963089137696 0.00385525074055993
leaf_weight=5193.5176060944796 45.506589192897081 9795.169149979949 1528.9592070914805 2018.5355252623558 2043.6709055230021 802.79793026298285 7797.4875786006451 2809.849146053195 55.037858590483665 56.35745145380497 97.340670607984066 46.158691376447678 77.489941895008087
leaf_count=26600 302 51284 8251 10230 11293 4084 40209 14025 281 352 451 302 354
internal_value=0.000189369 0.00013517 -0.000463718 0.000528208 0.000476618 0.00117113 -0.000265647 -0.00212374 0.00450104 0 0.00623792 0.00207116 0.00786772
internal_weight=32367.9 31990 11550.9 7212.05 20439.1 10598 9841.16 4338.81 377.891 111.395 266.496 91.6653 174.831
internal_count=168018 165976 59106 36830 106870 55368 51502 22276 2042 633 1409 604 805
is_linear=0
shrinkage=0.03


Tree=191
num_leaves=8
num_cat=0
split_feature=3 0 3 3 2 2 3
split_gain=9.05056 7.85076 7.65237 9.83954 6.80736 26.7036 16.2666
threshold=0.2737500000000001 0.012260103503179713 0.44375000000000003 0.58125000000000016 0.001445588710339061 0.0015339518385634133 0.40875
decision_type=8 10 10 10 10 10 10
left_child=-1 4 -3 -4 6 -6 -2
right_child=1 2 3 -5 5 -7 -8
leaf_value=0.0095678739540268187 0.0010613105069014195 -0.003702851162292047 0.015904740056314023 0 0.0084426267319155559 -2.5736715892504944e-05 -0.0045450701542757849
leaf_weight=79.150173462927341 879.11419240385294 37.55189673602581 77.400991223752499 46.99156542122364 328.8088388890028 29922.241838105023 942.5002826154232
leaf_count=540 4055 320 661 360 1367 156152 4238
internal_value=2.21517e-05 -2.38646e-06 0.00638884 0.00993063 -3.85091e-05 6.70855e-05 -0.00181564
internal_weight=32313.8 32234.6 161.944 124.393 32072.7 30251.1 1821.61
internal_count=167693 167153 1341 1021 165812 157519 8293
is_linear=0
shrinkage=0.03


Tree=192
num_leaves=15
num_cat=0
split_feature=1 3 3 3 3 3 0 0 3 3 0 3 3 0
split_gain=10.4513 15.4084 10.936 10.0085 11.5521 8.17812 7.66714 9.59138 13.9912 11.8711 6.72312 6.23027 12.8081 4.67311
threshold=0.67426724709896646 0.55125000000000013 0.57375000000000009 0.47125 0.40625000000000006 0.47875000000000006 -0.0024640327339440445 0.0028318710392847076 0.69125000000000003 0.68625000000000014 0.0047168589773173902 0.43875000000000003 0.3987500000000001 -0.010703741393565216
decision_type=10 10 10 8 10 10 8 10 10 10 10 10 10 10
left_child=6 3 -3 4 -2 -5 11 8 -8 -9 -4 12 -1 -13
right_child=1 2 10 5 -6 -7 7 9 -10 -11 -12 13 -14 -15
leaf_value=0.0020941619354656622 0.0027725967125835031 -0.0074853006360631044 -0.0010256894709711783 0.0094420037308077156 -0.0005041795315966919 0.0028799263204108013 -0.0010336206889211092 0.001270280910839761 0.0026043375934884901 -0.0056287693022250077 0.0060154680025856881 0.0087324812005271524 -0.0036511677027133271 0.0015884552697929153
leaf_weight=714.68431641161442 1725.1952640935779 219.73525063693523 1537.2842078022659 203.17417803406715 2131.1986080147326 1378.3033274523914 16482.714979335666 3588.5438419431448 991.85929742455482 227.17068354040384 121.24033106118441 81.056480146944523 655.88972685858607 2247.6657546274364
leaf_count=4932 9021 1284 7883 1156 11563 7508 77115 21764 4601 1299 907 942 3988 13772
internal_value=-8.32151e-06 0.00098623 -0.00133308 0.00179932 0.000949579 0.0038147 -0.000302172 -0.000523084 -0.000822327 0.000830219 -0.000442044 0.000951038 -0.000618343 0.00189905
internal_weight=32305.7 7316.13 1878.26 5437.87 3856.39 1581.48 24989.6 21290.3 17474.6 3815.71 1658.52 3699.3 1370.57 2328.72
internal_count=167735 39322 10074 29248 20584 8664 128413 104779 81716 23063 8790 23634 8920 14714
is_linear=0
shrinkage=0.03


Tree=193
num_leaves=6
num_cat=0
split_feature=3 3 3 3 3
split_gain=8.19366 7.59586 7.25908 17.9785 12.1613
threshold=0.77375000000000005 0.2737500000000001 0.44125000000000009 0.40625000000000006 0.61375000000000013
decision_type=10 8 8 10 10
left_child=1 -1 3 -3 -4
right_child=-2 2 4 -5 -6
leaf_value=0.0088390412024308244 0.010205832356308281 0.00045892672592801769 0.00091648893160188626 -0.001908794020005511 -0.00071136829012961075
leaf_weight=80.024474292993546 62.969874106347561 7211.0844569802284 14459.916028838605 4770.5886456556618 5731.8310941122472
leaf_count=553 441 36675 76810 24473 28815
internal_value=0.000153627 0.000128984 0.000102716 -0.0004796 0.000451296
internal_weight=32316.4 32253.4 32173.4 11981.7 20191.7
internal_count=167767 167326 166773 61148 105625
is_linear=0
shrinkage=0.03


Tree=194
num_leaves=13
num_cat=0
split_feature=1 2 3 3 3 2 3 3 2 2 3 1
split_gain=8.44774 9.56615 7.78243 16.4402 13.7736 7.48625 13.3853 14.2239 11.0006 28.9384 17.6056 4.58064
threshold=-1.1099903546781709 0.0012082362596986117 0.53875000000000017 0.49625000000000002 0.57125000000000015 0.0061243861919275519 0.46375000000000005 0.45375000000000004 0.0048603372356067079 0.0047080774960687015 0.34875000000000006 -0.73091158473852458
decision_type=8 8 8 10 10 10 10 10 8 10 8 10
left_child=1 -1 3 -3 -4 8 7 -7 9 -2 -10 -8
right_child=5 2 4 -5 -6 6 11 -9 10 -11 -12 -13
leaf_value=-0.010737035064031168 6.4882142683400082e-05 -0.0011013657995171712 -0.0091208770531363507 0.004948907144478658 -0.0013299313803097166 0.0011545442758631739 0 -0.010095159642855976 0.0098377897789330409 0.0086578131249844831 -0.0031923709327716936 0.0062825905655056746
leaf_weight=84.731449812650681 24182.317205891013 2785.644899122417 255.62595991045237 461.5591801032424 1027.857501834631 716.13575381785631 117.29339439794421 107.0608885884285 87.939577929675579 348.26786457002163 1499.52085608989 584.10972952097654
leaf_count=394 115932 14055 1364 2318 5126 6837 1030 964 704 2201 11043 5470
internal_value=-4.1056e-05 -0.00122918 -0.0010149 -0.000210403 -0.00298653 0.000155525 0.00219253 -0.000340127 3.35281e-05 0.000192802 -0.00237592 0.00521231
internal_weight=32258.1 4615.42 4530.69 3247.2 1283.48 27642.6 1524.6 823.197 26118 24530.6 1587.46 701.403
internal_count=167438 23257 22863 16373 6490 144181 14301 7801 129880 118133 11747 6500
is_linear=0
shrinkage=0.03


Tree=195
num_leaves=9
num_cat=0
split_feature=3 1 3 3 2 2 3 3
split_gain=9.1285 8.94349 11.7473 14.5409 12.7162 7.26532 12.3798 9.25337
threshold=0.2737500000000001 -0.032743077586652326 0.49625000000000002 0.53875000000000017 0.0023216729328646127 0.0040707763470456222 0.53625000000000012 0.70125000000000004
decision_type=8 8 10 10 10 8 10 8
left_child=-1 2 4 -4 -2 6 -3 -7
right_child=1 5 3 -5 -6 7 -8 -9
leaf_value=0.0093494276274491105 -0.0027644308320544557 0.00066647465485091949 0.0025945877827523488 -0.00047645578851477027 -0.0005394300073437669 0.0013853905712265843 -0.0015066594680502613 0.010757108157816556
leaf_weight=80.384174972772598 3459.2429451346397 8177.6189886331558 1836.1874236278236 5518.5241533704102 7231.9485796950758 2654.4937858618796 3302.4280827343464 91.25433474034071
leaf_count=555 14667 38652 9367 28309 39555 20287 15890 754
internal_value=-0.000158496 -0.000186926 -0.000631428 0.0002846 -0.00126687 0.000372772 3.53471e-05 0.00175654
internal_weight=32352.1 32271.7 18045.9 7354.71 10691.2 14225.8 11480 2745.75
internal_count=168036 167481 91898 37676 54222 75583 54542 21041
is_linear=0
shrinkage=0.03


Tree=196
num_leaves=13
num_cat=0
split_feature=1 0 3 0 3 0 0 0 3 3 1 3
split_gain=11.5907 10.1077 9.17402 9.72131 8.42896 8.14855 6.62627 6.00896 13.1226 8.15865 3.1128 1.63503
threshold=-0.74074858462786197 0.0086479515447942159 0.43875000000000003 0.00065871034215193565 0.4512500000000001 0.012260103503179713 0.0025356404382680642 -0.00058519450179282488 0.68625000000000014 0.48625000000000002 0.41941447679965133 0.49875000000000008
decision_type=8 8 10 10 8 10 10 8 8 10 10 10
left_child=1 2 3 -1 -3 7 -4 9 -9 -2 11 -7
right_child=5 4 6 -5 -6 10 -8 8 -10 -11 -12 -13
leaf_value=-0.0034145273751374871 0.0016501597475285751 0.00055243270705464026 -0.00066172013698238819 4.2579058443765141e-05 -0.013381275700924188 -0.00065009109920320782 0.0020997736217167333 -0.00043514289643930811 0.003022398265256133 -0.00027753187929121105 0.013915768197412552 0.0061713242089060996
leaf_weight=2085.600486330688 4547.3880497440696 47.572092078626156 4642.7720857933164 1072.566478446126 98.164931319653988 38.387683212757111 925.68920784443617 14391.67650898546 1048.4552691578865 3402.272004969418 40.652611389756203 46.212249964475632
leaf_count=10278 25439 322 22806 5489 658 317 5296 72480 5285 19055 406 359
internal_value=-0.000154119 -0.00107844 -0.000934398 -0.00222507 -0.00870429 0.000192391 -0.000188958 0.000147253 -0.000194672 0.000818302 0.0075438 0.00270029
internal_weight=32387.4 8872.37 8726.63 3158.17 145.737 23515 5568.46 23389.8 15440.1 7949.66 125.253 84.5999
internal_count=168190 44849 43869 15767 980 123341 28102 122259 77765 44494 1082 676
is_linear=0
shrinkage=0.03


end of trees

feature_importances:
parkinson_vol_600=774
ema_ma_ratio_close_30__160_=748
buy_pressure_positive_ratio_400=610
_trade_count_log_z_50___vol_of_vol_60_=371

parameters:
[boosting: gbdt]
[objective: binary]
[metric: auc]
[tree_learner: serial]
[device_type: cpu]
[data_sample_strategy: bagging]
[data: ]
[valid: ]
[num_iterations: 250]
[learning_rate: 0.03]
[num_leaves: 15]
[num_threads: 0]
[seed: 42]
[deterministic: 0]
[force_col_wise: 1]
[force_row_wise: 0]
[histogram_pool_size: -1]
[max_depth: 4]
[min_data_in_leaf: 300]
[min_sum_hessian_in_leaf: 0.001]
[bagging_fraction: 0.8]
[pos_bagging_fraction: 1]
[neg_bagging_fraction: 1]
[bagging_freq: 1]
[bagging_seed: 42]
[bagging_by_query: 0]
[feature_fraction: 0.7]
[feature_fraction_bynode: 1]
[feature_fraction_seed: 42]
[extra_trees: 0]
[extra_seed: 12879]
[early_stopping_round: 0]
[early_stopping_min_delta: 0]
[first_metric_only: 0]
[max_delta_step: 0]
[lambda_l1: 2]
[lambda_l2: 10]
[linear_lambda: 0]
[min_gain_to_split: 0]
[drop_rate: 0.1]
[max_drop: 50]
[skip_drop: 0.5]
[xgboost_dart_mode: 0]
[uniform_drop: 0]
[drop_seed: 17869]
[top_rate: 0.2]
[other_rate: 0.1]
[min_data_per_group: 100]
[max_cat_threshold: 32]
[cat_l2: 10]
[cat_smooth: 10]
[max_cat_to_onehot: 4]
[top_k: 20]
[monotone_constraints: ]
[monotone_constraints_method: basic]
[monotone_penalty: 0]
[feature_contri: ]
[forcedsplits_filename: ]
[refit_decay_rate: 0.9]
[cegb_tradeoff: 1]
[cegb_penalty_split: 0]
[cegb_penalty_feature_lazy: ]
[cegb_penalty_feature_coupled: ]
[path_smooth: 0]
[interaction_constraints: ]
[verbosity: -1]
[saved_feature_importance_type: 0]
[use_quantized_grad: 0]
[num_grad_quant_bins: 4]
[quant_train_renew_leaf: 0]
[stochastic_rounding: 1]
[linear_tree: 0]
[max_bin: 255]
[max_bin_by_feature: ]
[min_data_in_bin: 3]
[bin_construct_sample_cnt: 200000]
[data_random_seed: 42]
[is_enable_sparse: 1]
[enable_bundle: 1]
[use_missing: 1]
[zero_as_missing: 0]
[feature_pre_filter: 1]
[pre_partition: 0]
[two_round: 0]
[header: 0]
[label_column: ]
[weight_column: ]
[group_column: ]
[ignore_column: ]
[categorical_feature: ]
[forcedbins_filename: ]
[precise_float_parser: 0]
[parser_config_file: ]
[objective_seed: 16083]
[num_class: 1]
[is_unbalance: 0]
[scale_pos_weight: 1]
[sigmoid: 1]
[boost_from_average: 1]
[reg_sqrt: 0]
[alpha: 0.9]
[fair_c: 1]
[poisson_max_delta_step: 0.7]
[tweedie_variance_power: 1.5]
[lambdarank_truncation_level: 30]
[lambdarank_norm: 1]
[label_gain: ]
[lambdarank_position_bias_regularization: 0]
[eval_at: ]
[multi_error_top_k: 1]
[auc_mu_weights: ]
[num_machines: 1]
[local_listen_port: 12400]
[time_out: 120]
[machine_list_filename: ]
[machines: ]
[gpu_platform_id: -1]
[gpu_device_id: -1]
[gpu_use_dp: 0]
[num_gpu: 1]

end of parameters

pandas_categorical:[]
