tree
version=v4
num_class=1
num_tree_per_iteration=1
label_index=0
max_feature_idx=3
objective=binary sigmoid:1
feature_names=ema_ma_ratio_close_30__160_ _trade_count_log_z_50___vol_of_vol_60_ parkinson_vol_600 buy_pressure_positive_ratio_400
feature_infos=[-0.054884784773526228:0.030614427863545863] [-6.6801053879525822:6.5176870787465209] [0.00079493983247898726:0.019018763499167222] [0.20499999999999999:0.84250000000000003]
tree_sizes=1757 1692 1814 1819 1814 1811 1582 1805 1817 1808 1827 1817 1818 1781 1701 1811 1806 1800 1807 1822 1817 1810 1592 1811 1813 1822 1807 1826 1822 1812 1819 1825 1833 1696 1815 1777 1815 1821 1665 1825 1814 1812 1669 1814 1713 1806 1802 1809 1809 1831 1813 1818 1824 1818 1811 1805 1821 1815 1792 1820 1809 1810 1821 1787 1809 1825 1697 1799 1816 1830 1833 1809 1824 1790 1817 1767 1830 1820 1820 1811 1795 1817 1820 1808 1812 1833 1822 1832 1811 1814 1798 1829 1828 1830 1823 1816 1832 1794 1805 1817 1817 1831 1798 1805 1798 1792 1815 1815 1468 1809 1814 1810 1784 1817 1703 1596 1461 1794 1680 1803 1814 1800 1704 1601 1590 1443 1703 1700 1555 1820 1821 1845 1584 1595 1587 1452 1682 1795 1574 1698 1569 1567 1473 1787 1709 1789 1702 1588 1829 1830 1642 1150 1695 1834 1491 1249 1807 1774 1149 1158 1538 1262 1788 1362 1821 1471 822 1693 1356 1817 1704 1817 1718 1483 1017 1837 1485 1805 1271 1656 1818 1827 1802 1699 1715 1368 1603 1487 1823 1116 1160 1462 1573 807 1324 925 1142 1361 1802 1823 1808 711 1147 825 1142 1566 1817 1680 1822 1585 1160 1809 1805 1704 1829 1356 1789 1832 1155 1346 1494 1814 822 924 923 1778 815 1139 928 1141 1609 1834 1822 1237 1483 1240 1467 1812 1726

Tree=0
num_leaves=15
num_cat=0
split_feature=2 2 2 2 1 0 2 0 0 0 0 0 2 0
split_gain=11097.1 2456.05 1860.85 467.178 322.274 272.094 247.063 189.027 171.225 158.263 105.962 94.1151 67.5576 60.1433
threshold=0.0027070756574095285 0.0046771635379937336 0.0018374936339392381 0.0034434709815845299 0.43342850222588375 -0.0018393464278976877 0.0053927673544491841 0.00093289548222463218 0.0021900459649415479 0.0017741742992075293 -0.0015685262580415363 0.0023819043545426229 0.0074696459271216525 -0.0034608320513114669
decision_type=8 8 10 10 10 10 8 10 10 10 10 10 8 10
left_child=2 3 7 5 9 -2 13 10 -5 -4 -1 -6 -8 -3
right_child=1 6 4 8 11 -7 12 -9 -10 -11 -12 -13 -14 -15
leaf_value=0.3253165702175162 0.35745636310623274 0.37513970906765459 0.32798390439305974 0.3553010408622394 0.3402423529781009 0.34529610253964543 0.37362258576977481 0.32311761492574625 0.36445161471260418 0.33965796096748768 0.30562934020870786 0.35630443665841377 0.38102362721025068 0.36259040703195627
leaf_weight=321.18976533412933 2178.4623056650162 445.8812603354454 5380.4137502610683 6739.6480819582939 2547.4423910677433 6791.0772588849068 3688.1027208268642 945.6176021695137 2570.7310749590397 1345.1640851795673 3252.410259693861 364.85604763031006 2045.037554204464 2111.2647490203381
leaf_count=1324 8980 1838 22179 27782 10501 27994 15203 3898 10597 5545 13407 1504 8430 8703
internal_value=0.347867 0.359298 0.326424 0.353145 0.333906 0.34825 0.372834 0.310546 0.357849 0.330294 0.307314 0.342297 0.376326 0.3649
internal_weight=40727.3 26570.2 14157.1 18279.9 9637.88 8969.54 8290.29 4519.22 9310.38 6725.58 3573.6 2912.3 5733.14 2557.15
internal_count=167885 109527 58358 75353 39729 36974 34174 18629 38379 27724 14731 12005 23633 10541
is_linear=0
shrinkage=1


Tree=1
num_leaves=14
num_cat=0
split_feature=0 0 0 0 0 1 0 1 1 0 0 1 1
split_gain=2611.99 2553.44 1151.96 588.242 265.192 206.332 191.164 65.1387 64.4005 25.3701 23.336 11.9307 6.86018
threshold=-0.0040383072127532548 0.0022347214628811369 -0.0010397748304740357 0.00079339463704917177 0.005105434321112161 0.40484675479734733 -0.0068428042098904142 0.16845558912892164 0.50332940631685597 -0.0051556924144032226 -0.009143318059400397 -0.33830324058772726 -1.2243153463448813
decision_type=10 10 10 10 10 10 10 10 10 10 10 10 10
left_child=6 2 5 -4 7 -2 10 -3 -6 11 -1 -8 -11
right_child=1 4 3 -5 8 -7 9 -9 -10 12 -12 -13 -14
leaf_value=0.033402421013547012 -0.00065742336418263725 0.0048829727430215646 -0.014747521561319189 -0.0037016983816686201 0.015468956705979619 0.0098354794601565737 0.015867831590339748 0.011495572795810025 0.025462767157036111 0.0054323063456630247 0.024823605809589196 0.023650674827616153 0.014182277560068795
leaf_weight=1007.0251352488995 5643.1246029287577 3576.3174934089184 12906.385117217898 6571.5206009447575 2350.7020009607077 2389.4676311761141 533.06581763923168 2216.6039545834064 859.28739288449287 129.57310985028744 808.17937779426575 582.24274425208569 1161.7852478325367
leaf_count=4168 23268 14760 53104 27080 9713 9857 2202 9152 3552 535 3342 2406 4797
internal_value=3.67712e-05 -0.00254697 -0.0070865 -0.0110277 0.0113104 0.0024648 0.02235 0.00743901 0.0182336 0.0166266 0.0297727 0.0201582 0.0133989
internal_weight=40735.3 36513.4 27510.5 19477.9 9002.91 8032.59 4221.87 5792.92 3209.99 2406.67 1815.2 1115.31 1291.36
internal_count=167936 150486 113309 80184 37177 33125 17450 23912 13265 9940 7510 4608 5332
is_linear=0
shrinkage=0.03


Tree=2
num_leaves=15
num_cat=0
split_feature=2 2 2 2 1 0 2 0 0 0 0 2 0 2
split_gain=10205.9 2311.87 1696.74 432.177 300.597 272.867 236.039 197.199 156.772 121.943 87.0882 75.5093 51.9028 41.8722
threshold=0.0027070756574095285 0.0046771635379937336 0.0018374936339392381 0.0034878767261754045 0.8489086169884742 -0.0018851828256214898 0.0053927673544491841 0.0017741742992075293 0.00087616433058625382 0.0021900459649415479 -0.0013733188010398056 0.0074696459271216525 -0.0065479513879402066 0.0017372338072111071
decision_type=8 8 10 10 10 10 8 10 10 10 10 8 10 10
left_child=2 3 8 5 7 -2 12 -4 10 -5 -1 -8 -3 -10
right_child=1 6 4 9 -6 -7 11 -9 13 -11 -12 -13 -14 -15
leaf_value=-0.023946602289249136 0.0095869309207986999 0.030891267643726534 -0.018474432947898481 0.0074678004076330915 -0.0028383881009497822 -0.0023787391414797493 0.024655085581154843 -0.0062912454026198142 -0.027603753868954934 0.015417118523297742 -0.040451289366898895 0.032407018218882221 0.014844891066142177 -0.010670394220762469
leaf_weight=395.47753682732582 2237.9227073341608 207.61488284170628 6208.2978527545929 6361.1122357845306 1940.2560869604349 7221.3424050062895 3693.9097232073545 1517.308110550046 807.296740680933 2440.8976649940014 3166.7444881647825 2018.9086433649063 2348.8867216110229 192.6361840069294
leaf_count=1624 9258 865 25485 26247 7987 29744 15320 6254 3314 10111 12939 8391 9716 791
internal_value=-0.000108799 0.0108824 -0.0206012 0.00491335 -0.0134504 0.00045296 0.0240347 -0.0161006 -0.0356759 0.00969404 -0.0387079 0.0274569 0.0162867 -0.0245389
internal_weight=40758.6 26530.6 14228 18261.3 9665.86 9459.27 8269.32 7725.61 4562.15 8802.01 3562.22 5712.82 2556.5 999.933
internal_count=168046 109652 58394 75360 39726 39002 34292 31739 18668 36358 14563 23711 10581 4105
is_linear=0
shrinkage=0.03


Tree=3
num_leaves=15
num_cat=0
split_feature=2 2 2 2 1 2 0 0 0 0 0 0 2 0
split_gain=9558.29 2193.39 1618.89 422.512 281.351 214.243 212.752 142.537 136.237 133.821 78.6302 73.5662 58.7794 56.9395
threshold=0.0027070756574095285 0.0046771635379937336 0.0018374936339392381 0.0034878767261754045 0.43342850222588375 0.0053927673544491841 -0.0017495571167721435 0.00093289548222463218 0.0021900459649415479 0.0018131082349302585 -0.0017495571167721435 0.0023353706532947683 0.0074696459271216525 -0.0036391420074520071
decision_type=8 8 10 10 10 8 10 10 10 10 10 10 8 10
left_child=2 3 7 6 9 13 -2 10 -5 -4 -1 -6 -7 -3
right_child=1 5 4 8 11 12 -8 -9 -10 -11 -12 -13 -14 -15
leaf_value=-0.019872170282373966 0.0083264438796898394 0.026580017622229925 -0.01814916142262701 0.0073605720479244683 -0.0067387241270842066 0.024406654784249748 -0.0020347240537379142 -0.023468471539287841 0.015780489913377032 -0.0072675011451888037 -0.038499628563327504 0.0072219566060275839 0.031394912736799362 0.014052206594002447
leaf_weight=267.71715316176414 2369.9652024656534 417.11482758820057 5462.6136965453625 6389.5629070550203 2537.1927614957094 3637.3777898848057 7098.5015547126532 959.05584147572517 2415.986430734396 1297.2865652143955 3355.2337087392807 379.61489729583263 2004.7051780670881 2113.9829239100218
leaf_count=1096 9819 1743 22354 26399 10423 15158 29226 3923 10037 5340 13638 1570 8387 8765
internal_value=7.89667e-05 0.0107537 -0.01971 0.00496611 -0.0127221 0.0236645 0.000558403 -0.0343948 0.00969284 -0.0160836 -0.0371982 -0.00488281 0.0269514 0.0162368
internal_weight=40705.9 26447.2 14258.7 18274 9676.71 8173.18 9468.47 4582.01 8805.55 6759.9 3622.95 2916.81 5642.08 2531.1
internal_count=167878 109534 58344 75481 39687 34053 39045 18657 36436 27694 14734 11993 23545 10508
is_linear=0
shrinkage=0.03


Tree=4
num_leaves=15
num_cat=0
split_feature=2 2 2 2 0 2 0 0 0 0 2 2 0 2
split_gain=9067.98 2176.34 1386.95 392.32 207.001 198.125 186.909 217.087 162.429 120.247 80.6396 59.8684 49.0504 19.6042
threshold=0.0027070756574095285 0.0046771635379937336 0.0018374936339392381 0.0034878767261754045 -0.0017495571167721435 0.0053927673544491841 0.0018979333651366708 -0.002733966124784791 0.0020612868340231642 0.0021461270542633653 0.001445588710339061 0.0074696459271216525 -0.0034608320513114669 0.0025316596608429532
decision_type=8 8 10 10 10 8 10 10 10 10 10 8 10 10
left_child=2 3 8 4 -2 12 7 -4 10 -5 -1 -7 -3 -8
right_child=1 5 6 9 -6 11 13 -9 -10 -11 -12 -13 -14 -15
leaf_value=-0.039931004104895793 0.0079875143542165444 0.025321702954918462 -0.00085887417438269831 0.0068519056777186322 -0.002273568635210596 0.02380816005702184 -0.0059021311990716998 -0.0166456422078902 -0.014530114724022908 0.014705986989841265 -0.030628403088110493 0.030847933863593673 0.013905549212570935 0.0011130769900624643
leaf_weight=1837.6413036584854 2346.2898142188787 444.24827103316784 891.98820942640305 6287.2783970981836 7089.0384277105331 3623.1461274027824 1256.2958488464355 7064.3761323094368 420.04782363772392 2481.9953256249428 2301.9516488611698 1992.5697931051254 2077.3351820260286 477.6329048871994
leaf_count=7443 9736 1866 3654 26011 29177 15175 5173 28874 1714 10342 9332 8393 8636 1967
internal_value=-0.000120773 0.0103058 -0.0193929 0.00453133 0.000277465 0.0231956 -0.0129402 -0.0148866 -0.033035 0.00909592 -0.0348587 0.0263671 0.0160326 -0.00394
internal_weight=40591.8 26341.9 14249.9 18204.6 9435.33 8137.3 9690.29 7956.36 4559.64 8769.27 4139.59 5615.72 2521.58 1733.93
internal_count=167493 109336 58157 75266 38913 34070 39668 32528 18489 36353 16775 23568 10502 7140
is_linear=0
shrinkage=0.03


Tree=5
num_leaves=15
num_cat=0
split_feature=2 2 2 2 1 0 2 0 0 0 1 2 0 0
split_gain=8448.88 2021.49 1415.97 349.788 236.242 199.512 180.283 145.359 137.038 129.351 73.1539 67.3124 47.3965 41.2433
threshold=0.0027070756574095285 0.0046771635379937336 0.0018374936339392381 0.0034190409572881493 0.79281428166418455 -0.0015685262580415363 0.0053927673544491841 0.0016941721477928017 -0.0033776381542644815 0.0020612868340231642 1.0161750266758363 0.0074696459271216525 0.0023819043545426229 -0.0034608320513114669
decision_type=8 8 10 10 10 10 8 10 10 10 10 8 10 10
left_child=2 3 9 5 7 -2 13 -4 -5 10 -1 -8 -6 -3
right_child=1 6 4 8 12 -7 11 -9 -10 -11 -12 -13 -14 -15
leaf_value=-0.035794427807675458 0.0077276851399172104 0.024339024371533478 -0.016481490951028546 0.017842267208655702 -0.0046138591871138866 -0.0025454773927507455 0.022957079413227725 -0.0061246377640236981 0.0071251736684056991 -0.015670794070228467 -0.024307980169309698 0.03034371858761346 0.0089837191639034406 0.013757210601049345
leaf_weight=3428.380233630538 2316.1145157814026 440.9892717897892 6104.3891228884459 1242.5113385468721 1804.7555704265833 6321.6870935708284 3609.6751229465008 1569.0437477976084 8335.8729144632816 427.5059706568718 740.80020436644554 1986.7199262529612 252.44484195113182 2059.8960001766682
leaf_count=13843 9620 1863 24874 5165 7394 26005 15197 6446 34590 1741 2991 8428 1045 8587
internal_value=5.33197e-05 0.0101472 -0.018475 0.00459404 -0.0119623 0.00020795 0.0226115 -0.0143823 0.00853881 -0.0321926 -0.0338309 0.0256395 -0.00288085 0.0157365
internal_weight=40640.8 26313.5 14327.3 18216.2 9730.63 8637.8 8097.28 7673.43 9578.38 4596.69 4169.18 5596.4 2057.2 2500.89
internal_count=167789 109455 58334 75380 39759 35625 34075 31320 39755 18575 16834 23625 8439 10450
is_linear=0
shrinkage=0.03


Tree=6
num_leaves=13
num_cat=0
split_feature=0 0 0 0 0 1 0 1 0 1 1 1
split_gain=2155.72 1933.98 906.226 432.402 218.994 176.193 151.539 65.3833 53.3646 53.14 22.0278 10.2931
threshold=-0.0040383072127532548 0.0022347214628811369 -0.0012954243712309228 0.00082159576828511516 0.0055487076018163779 0.69127899887594302 -0.0097776924312434326 0.054087385314740145 -0.0053505284069585114 -0.33830324058772726 -0.12806309473469035 -1.1794747233830412
decision_type=10 10 10 10 10 10 10 10 10 10 10 10
left_child=6 2 5 -4 7 -2 -1 -3 10 -6 -8 -10
right_child=1 4 3 -5 9 -7 8 -9 11 -11 -12 -13
leaf_value=0.032198875713584547 0.00054790064557463014 0.0040234466956911201 -0.01233857730914046 -0.002952789991696435 0.011717141071100546 0.01209053365693641 0.017442666377036464 0.010330123391146612 0.0049963736998720493 0.020695689282725398 0.024997610635365364 0.013835740553217875
leaf_weight=813.83430868387222 5372.673014074564 3594.493750423193 14260.036052122712 6436.563816472888 1117.586228877306 1523.9190073609352 1049.9009941220284 2591.0803296267986 171.7885305583477 1548.5612338036299 825.73682966828346 1271.0719546675682
leaf_count=3460 22229 14931 58319 26501 4681 6327 4413 10787 717 6498 3479 5307
internal_value=-4.02674e-05 -0.00237204 -0.0062874 -0.00942537 0.00981971 0.00312094 0.0204663 0.00668735 0.0174829 0.0170124 0.0209154 0.0128662
internal_weight=40577.2 36444.9 27593.2 20696.6 8851.72 6896.59 4132.33 6185.57 3318.5 2666.15 1875.64 1442.86
internal_count=167649 150273 113376 84820 36897 28556 17376 25718 13916 11179 7892 6024
is_linear=0
shrinkage=0.03


Tree=7
num_leaves=15
num_cat=0
split_feature=2 2 2 2 1 2 2 1 2 1 1 1 2 1
split_gain=8013.42 1785.55 1268.89 335.083 221.785 194.467 142.02 141.749 131.324 77.1033 62.0623 58.9225 53.4424 24.9464
threshold=0.0027070756574095285 0.0046771635379937336 0.001867979531125979 0.003599897591987184 1.0852265344658598 0.0053927673544491841 0.0024039869930330819 -0.10759265303183205 0.0016064990190196478 -0.11783368501460188 0.19055655952459163 1.6540570933159879 0.0074696459271216525 -0.29886915707875444
decision_type=8 8 10 10 10 8 10 10 10 10 10 10 8 10
left_child=2 3 8 7 6 13 -4 -2 11 -5 -10 -1 -7 -3
right_child=1 5 4 9 -6 12 -8 -9 10 -11 -12 -13 -14 -15
leaf_value=-0.036062152673234142 -0.0020010494080197091 0.010982046439005202 -0.016821679812859668 0.0065860878137249061 -0.0010387221294496712 0.022362497830652913 -0.0085607124533792437 0.0048909734788564743 -0.028460796849627278 0.012778308045192506 -0.016238945864481432 -0.019588997895625269 0.029060172157150708 0.01743288446015363
leaf_weight=2696.0118587762117 5632.5280147343874 1157.3617516756058 4936.8516247719526 3900.2458810657263 1504.8826566040516 3600.3516471683979 3138.8603636324406 5104.9479041695595 1086.0665289610624 3549.8660104125738 699.60044607520103 271.25556500256062 1961.2076976001263 1368.1677131056786
leaf_count=10849 23258 4855 20102 16221 6170 15264 12797 21088 4383 14782 2826 1092 8406 5746
internal_value=5.31131e-05 0.00989679 -0.0179814 0.00467251 -0.011664 0.0216183 -0.0136328 0.00127156 -0.0306517 0.0095578 -0.023823 -0.0346472 0.024783 0.0145553
internal_weight=40608.2 26274.7 14333.5 18187.6 9580.59 8087.09 8075.71 10737.5 4752.93 7450.11 1785.67 2967.27 5561.56 2525.53
internal_count=167839 109620 58219 75349 39069 34271 32899 44346 19150 31003 7209 11941 23670 10601
is_linear=0
shrinkage=0.03


Tree=8
num_leaves=15
num_cat=0
split_feature=2 2 2 2 0 0 0 2 0 0 2 2 0 2
split_gain=7337.76 1802.85 1144.37 340.53 194.147 173.054 235.075 160.808 88.0888 76.398 59.0223 42.0317 39.2446 24.5079
threshold=0.0027070756574095285 0.0046771635379937336 0.0017372338072111071 0.003599897591987184 -0.0047907054333534817 0.0016941721477928017 -0.0028051028737475108 0.0053927673544491841 0.0021900459649415479 0.002103123930810523 0.0014092396667470914 0.0074696459271216525 -0.0065479513879402066 0.0025316596608429532
decision_type=8 8 10 10 10 10 10 8 10 10 10 8 10 10
left_child=2 3 9 4 -2 6 -4 12 -5 10 -1 -9 -3 -7
right_child=1 7 5 8 -6 13 -8 11 -10 -11 -12 -13 -14 -15
leaf_value=-0.03666244521665632 0.014899796577627097 0.027620215788171237 0.00038342921016905779 0.0070561334409811908 -0.00037621200380728257 -0.0060478213551302005 -0.015673631051889514 0.021994773562571127 0.014403622663311241 -0.015630217460538678 -0.028077638702312804 0.028067524091622779 0.013539682207685345 0.0013273350730981361
leaf_weight=1714.4847590625286 799.46186429262161 206.72482918202877 913.73038351535797 5396.9631268233061 9912.0239674001932 1524.9333887696266 7420.8259015828371 3546.313164010644 2073.8759893476963 314.51972156763077 1932.6643179506063 1948.5000904798508 2299.4836436063051 530.14188265800476
leaf_count=6878 3353 892 3732 22432 40896 6253 30109 15117 8717 1274 7763 8416 9662 2180
internal_value=-8.37593e-06 0.00943911 -0.0172437 0.00420813 0.000771165 -0.0119831 -0.0139077 0.0212989 0.00912032 -0.0309597 -0.0322189 0.0242062 0.0148301 -0.004119
internal_weight=40534.6 26183.3 14351.3 18182.3 10711.5 10389.6 8334.56 8001.02 7470.84 3961.67 3647.15 5494.81 2506.21 2055.08
internal_count=167674 109485 58189 75398 44249 42274 33841 34087 31149 15915 14641 23533 10554 8433
is_linear=0
shrinkage=0.03


Tree=9
num_leaves=15
num_cat=0
split_feature=2 2 2 2 2 1 1 2 1 1 1 2 2 1
split_gain=6970.98 1675.31 1158.48 268.762 234.564 231.804 121.179 116.59 99.1459 81.8007 53.8113 53.0866 48.761 37.067
threshold=0.0027070756574095285 0.0043497958137187591 0.0018374936339392381 0.0053927673544491841 0.0034434709815845299 0.43342850222588375 -0.021162657617581414 0.0024039869930330819 0.19055655952459163 -0.076061553923435513 -0.20773503040341443 0.0074696459271216525 0.0016064990190196478 1.9505640182238675
decision_type=8 8 10 8 10 10 10 10 10 10 10 8 10 10
left_child=2 4 8 10 6 7 -2 -4 -1 -6 -3 -5 -10 -7
right_child=1 3 5 11 9 13 -8 -9 12 -11 -12 -13 -14 -15
leaf_value=-0.032707769867673216 -0.0028860377997224425 0.0097625226918697742 -0.01689971774766862 0.021280933064985401 0.0044817113705605746 -0.0054421613549833787 0.0041238638620697222 -0.0087212093931584578 -0.026937320623338493 0.010770553428482462 0.016878903151387861 0.02798443501910489 -0.015828864383599248 0.0026886382071127151
leaf_weight=2811.4399536401033 4957.8302739709616 2018.3088521361351 4238.8176937699318 3541.4103809893131 4097.0803400725126 2291.7566908597946 3999.9078886061907 2613.3776709735394 1181.9643016010523 3517.8705625534058 2055.372204631567 1921.5591630339622 641.60711352527142 628.74163492023945
leaf_count=11279 20450 8483 17186 15180 17070 9355 16522 10621 4739 14691 8662 8364 2581 2572
internal_value=6.6593e-05 0.00931097 -0.0166765 0.0193234 0.00353759 -0.0107897 0.000238518 -0.0138065 -0.0290259 0.00740514 0.0134003 0.0236966 -0.0231693 -0.00366804
internal_weight=40517 26109.3 14407.7 9536.65 16572.7 9772.69 8957.74 6852.2 4635.01 7614.95 4073.68 5462.97 1823.57 2920.5
internal_count=167755 109422 58333 40689 68733 39734 36972 27807 18599 31761 17145 23544 7320 11927
is_linear=0
shrinkage=0.03


Tree=10
num_leaves=15
num_cat=0
split_feature=2 2 2 2 1 0 2 0 0 2 0 0 2 0
split_gain=6603.64 1641.28 1065.04 311.349 214.082 159.862 157.041 128.549 125.407 111.516 105.522 63.2467 46.0774 42.4747
threshold=0.0027070756574095285 0.0046771635379937336 0.001867979531125979 0.0034434709815845299 0.43342850222588375 -0.0018393464278976877 0.0053927673544491841 0.00093289548222463218 -0.0033776381542644815 0.0024039869930330819 -0.00066482403446349364 0.0023353706532947683 0.0074696459271216525 0.0030305325383313485
decision_type=8 8 10 10 10 10 8 10 10 10 10 10 8 10
left_child=2 3 7 5 9 -2 -3 10 -5 -4 -1 -6 -8 -9
right_child=1 6 4 8 11 -7 12 13 -10 -11 -12 -13 -14 -15
leaf_value=-0.021138142661133355 0.0071797159968101038 0.013986599407657643 -0.016546801895010031 0.017012342810222642 -0.0053813837699181796 -0.0021892450496067322 0.02100050441415854 -0.021129902709530236 0.0065291994436537833 -0.0085005547318103246 -0.033531267654147476 0.0076690186665279558 0.027316746163091103 -0.0052594992833552515
leaf_weight=925.99625225365162 2145.0778531432152 2491.3902941048145 4132.1259199976921 1186.5728080421686 2520.2410834431648 6834.6799153834581 3529.7557352185249 816.87281133234501 8015.7612484246492 2605.2037335634232 2809.0918617397547 372.70798578858376 1910.1858961880207 208.87871322035789
leaf_count=3714 8960 10560 16722 4991 10266 28104 15215 3285 33476 10577 11245 1543 8383 845
internal_value=1.27262e-05 0.0090058 -0.0162964 0.00402958 -0.0105299 4.76281e-05 0.0203865 -0.027902 0.00790444 -0.0134616 -0.0305395 -0.00365876 0.0232755 -0.018038
internal_weight=40504.5 26113.4 14391.1 18182.1 9630.28 8979.76 7931.33 4760.84 9202.33 6737.33 3735.09 2892.95 5439.94 1025.75
internal_count=167886 109689 58197 75531 39108 37064 34158 19089 38467 27299 14959 11809 23598 4130
is_linear=0
shrinkage=0.03


Tree=11
num_leaves=15
num_cat=0
split_feature=2 2 2 2 1 0 2 0 0 0 1 0 0 2
split_gain=6268.62 1496.85 1008.76 283.495 195.056 152.636 148.892 116.031 115.743 104.935 77.4986 68.3757 45.3035 36.9531
threshold=0.0027070756574095285 0.0047080774960687015 0.0018374936339392381 0.0034434709815845299 0.43342850222588375 -0.0053505284069585114 0.0055675591397784992 0.0021900459649415479 0.00093289548222463218 0.0028318710392847076 1.613000334612485 -0.0026645119348182159 -0.0036391420074520071 0.0074696459271216525
decision_type=8 8 10 10 10 10 8 10 10 10 10 10 10 8
left_child=2 3 8 5 9 -2 12 -5 10 -4 -1 -6 -3 -8
right_child=1 6 4 7 11 -7 13 -9 -10 -11 -12 -13 -14 -15
leaf_value=-0.031373686804282562 0.015417023669899464 0.022597639238218295 -0.014516528625774372 0.0056570813216302316 0.011324152591733402 -0.00073112401508281411 0.02064930974149955 0.013192566297739345 -0.017733218359651717 -0.0028215236110895113 -0.015221872769018504 -0.0052615536490792265 0.012191131325129799 0.02656655732061082
leaf_weight=3306.7927878499031 551.82296876609325 489.66749779880047 6074.8439145982265 6754.8654768615961 232.32282741367817 8411.5455454736948 3053.0898092091084 2566.7314270883799 968.72555541992188 799.81456649303436 338.47639234364033 2718.3666833043098 2288.0527990311384 1906.8555828928947
leaf_count=13233 2327 2130 24548 28192 954 34673 13236 10848 3893 3267 1355 11084 9721 8438
internal_value=-1.42779e-05 0.00877935 -0.0158614 0.00409006 -0.0103999 0.000272411 0.0198333 0.00775034 -0.0274309 -0.0131707 -0.0299361 -0.00390157 0.0141216 0.0229852
internal_weight=40462 26022.6 14439.3 18285 9825.35 8963.37 7737.67 9321.6 4613.99 6874.66 3645.27 2950.69 2777.72 4959.95
internal_count=167899 109565 58334 76040 39853 37000 33525 39040 18481 27815 14588 12038 11851 21674
is_linear=0
shrinkage=0.03


Tree=12
num_leaves=15
num_cat=0
split_feature=2 2 2 2 1 0 2 0 0 0 0 0 2 0
split_gain=5812 1376.72 997.907 258.841 190.93 157.546 139.045 111.538 108.122 104.409 80.2473 60.4142 47.2791 36.2333
threshold=0.0027070756574095285 0.0046771635379937336 0.001867979531125979 0.0034190409572881493 0.44741275301483524 -0.0018393464278976877 0.0053927673544491841 0.00093289548222463218 -0.0041502997841843673 -0.0033776381542644815 -0.0010397748304740357 -0.0026645119348182159 0.0074696459271216525 -0.0034608320513114669
decision_type=8 8 10 10 10 10 8 10 10 10 10 10 8 10
left_child=2 3 7 5 8 -2 13 10 -4 -5 -1 -6 -8 -3
right_child=1 6 4 9 11 -7 12 -9 -10 -11 -12 -13 -14 -15
leaf_value=-0.017951012715209172 0.0073682421654758931 0.02118687624735368 0.0051448653718933956 0.015570097182714369 0.011241466944612939 -0.0020685395086018992 0.019497731305350478 -0.017257789084102651 -0.013159382425795299 0.0061596561097899995 -0.030792879759708916 -0.0043859406444749088 0.025879407561174819 0.011140657184888193
leaf_weight=596.25219252705574 2092.5263308137655 419.97451613843441 294.16439586877823 1228.193945273757 231.85804803669453 6545.2138247340918 3489.2127500772476 1046.3985753953457 6488.4475445449352 8279.7701499760151 3167.4730644375086 2624.3781510591507 1875.2588921785355 2027.346154615283
leaf_count=2389 8759 1834 1196 5192 954 26899 15212 4204 26213 34666 12675 10695 8368 8609
internal_value=3.64424e-05 0.00852591 -0.015206 0.00398404 -0.00961007 0.000216496 0.0190498 -0.0263639 -0.0123503 0.00739664 -0.0288273 -0.00306164 0.0217837 0.0129683
internal_weight=40406.5 25957.5 14449 18145.7 9638.85 8637.74 7811.79 4810.12 6782.61 9507.96 3763.73 2856.24 5364.47 2447.32
internal_count=167865 109539 58326 75516 39058 35658 34023 19268 27409 39858 15064 11649 23580 10443
is_linear=0
shrinkage=0.03


Tree=13
num_leaves=15
num_cat=0
split_feature=2 2 2 2 1 2 1 2 2 1 1 1 2 1
split_gain=5473.04 1399.08 902.92 231.217 183.81 163.013 127.67 110.21 95.9959 71.246 64.1418 56.5705 46.1238 33.6534
threshold=0.0027070756574095285 0.0046510927379661516 0.001867979531125979 0.003599897591987184 1.0621213625688903 0.0053927673544491841 -0.10759265303183205 0.0016064990190196478 0.0022811186681237655 -0.12806309473469035 0.19055655952459163 1.613000334612485 0.0074696459271216525 -0.29886915707875444
decision_type=8 8 10 10 10 8 10 10 10 10 10 10 8 10
left_child=2 3 7 6 8 13 -2 11 -4 -5 -9 -1 -7 -3
right_child=1 5 4 9 -6 12 -8 10 -10 -11 -12 -13 -14 -15
leaf_value=-0.030432401941143678 -0.0023233762919209612 0.0085589699859810898 -0.014856785454896167 0.0048076768542024244 0 0.019459133553423415 0.0042240875355647779 -0.023855831257012548 -0.0082018144806812986 0.010821225161405977 -0.011762684971572601 -0.015008617054754179 0.025779995844530151 0.015672071444791578
leaf_weight=2710.9528654515743 5619.4101604223251 1220.2811215221882 3715.0168419629335 3751.2940754890442 1552.3183323740959 3483.0798880308867 5098.7836438566446 1102.0572657734156 4355.8135915994644 3498.4090185910463 706.24252825975418 282.34403595328331 1869.4761018753052 1406.5281600654125
leaf_count=10856 23220 5206 14993 15747 6340 15271 21124 4416 17625 14746 2833 1130 8413 6028
internal_value=8.00735e-06 0.00824448 -0.0147991 0.00359381 -0.00947084 0.0186917 0.000786778 -0.0254233 -0.0112871 0.00772874 -0.0192564 -0.0290523 0.021722 0.0124354
internal_weight=40372 25947.3 14424.7 17967.9 9623.15 7979.37 10718.2 4801.6 8070.83 7249.7 1808.3 2993.3 5352.56 2626.81
internal_count=167948 109755 58193 74837 38958 34918 44344 19235 32618 30493 7249 11986 23684 11234
is_linear=0
shrinkage=0.03


Tree=14
num_leaves=14
num_cat=0
split_feature=0 0 0 0 0 1 0 1 1 0 1 1 0
split_gain=1512.9 1388 724.439 334.488 200.207 152.293 122.088 53.053 43.7344 26.3459 10.7459 6.11981 2.17057
threshold=-0.0041502997841843673 0.0022347214628811369 -0.0010397748304740357 0.00084962685549874728 0.0055487076018163779 0.40484675479734733 -0.0084981284614338171 0.50332940631685597 0.054087385314740145 -0.0053505284069585114 -0.12806309473469035 -1.2099351634385063 -0.0097776924312434326
decision_type=10 10 10 10 10 10 10 10 10 10 10 10 8
left_child=6 2 5 -4 8 -2 12 -6 -3 10 -8 -11 -1
right_child=1 4 3 -5 7 -7 9 -9 -10 11 -12 -13 -14
leaf_value=0.028435685021747533 -0.00026446124327805646 0.0033778460039360528 -0.01095416051604251 -0.0025278037633010226 0.012733097725195555 0.0087158997805695752 0.014305648013906002 0.022757018686003168 0.0085640732504431577 0.0038514757377492068 0.020525100131514876 0.011647913862561241 0.021369499434942534
leaf_weight=745.79359138011932 5737.7729484587908 3586.0370038747787 13298.935743153095 6262.7314875870943 1929.2991162836552 2397.3374133557081 857.26181398332119 695.67217968404293 2562.3102433979511 138.38567171990871 661.98557485640049 1120.9763371944427 344.26372171938419
leaf_count=3320 23872 15031 54340 25871 8269 10047 3696 3011 10815 586 2884 4771 1514
internal_value=5.38422e-05 -0.00183864 -0.00513385 -0.00826217 0.00855128 0.00238205 0.0178686 0.0154887 0.00555933 0.0143887 0.0171714 0.0108756 0.0264731
internal_weight=40338.8 36470.1 27696.8 19561.7 8773.32 8135.11 3868.67 2624.97 6148.35 2778.61 1519.25 1259.36 1090.06
internal_count=168027 151256 114130 80211 37126 33919 16771 11280 25846 11937 6580 5357 4834
is_linear=0
shrinkage=0.03


Tree=15
num_leaves=15
num_cat=0
split_feature=2 2 2 2 1 0 0 2 1 2 1 0 1 0
split_gain=5145.78 1160.15 929.12 236.068 202.804 130.841 124.001 111.924 100.183 81.2064 55.1873 52.004 51.6485 39.9593
threshold=0.0028156294542010106 0.0049402804779042639 0.001867979531125979 0.003599897591987184 1.0621213625688903 -0.0022166544134780315 0.0017741742992075293 0.0016064990190196478 -0.12806309473469035 0.0074696459271216525 0.86881265241924532 -0.0053505284069585114 1.613000334612485 -0.0026645119348182159
decision_type=8 8 10 10 10 10 10 10 10 8 10 10 10 10
left_child=2 3 7 5 6 -2 -4 12 -5 11 -9 -3 -1 -6
right_child=1 9 4 8 13 -7 -8 10 -10 -11 -12 -13 -14 -15
leaf_value=-0.029282203690096716 0.0083744807942196103 0.024713588053303651 -0.011928185973484436 0.005182031564087264 0.015850426507084167 -0.00035678780784089423 -0.0031188073369147989 -0.020739315157121178 0.011773053545747619 0.024908355517066182 -0.0070743787865277276 0.01575878285128245 -0.014437935699626746 -0.00043319171951280928
leaf_weight=2687.8852915912867 1935.1639367043972 758.49019674956799 7374.384596735239 4389.5654401481152 137.48685047030449 7444.9146926105022 1820.9746299237013 1449.8807011395693 4061.960395604372 1850.8833801448345 359.74104918539524 4056.241722792387 279.53289021551609 1620.5449749529362
leaf_count=10776 8147 3407 29779 18490 571 30698 7432 5811 17217 8430 1443 17717 1119 6620
internal_value=0.000135108 0.00873337 -0.0132483 0.00473209 -0.00841176 0.00144513 -0.0101954 -0.0242849 0.00836706 0.0194054 -0.0181096 0.0172302 -0.0279572 0.00088878
internal_weight=40227.7 24497.2 15730.4 17831.6 10953.4 9380.08 9195.36 4777.04 8451.53 6665.62 1809.62 4814.73 2967.42 1758.03
internal_count=167657 104106 63551 74552 44402 38845 37211 19149 35707 29554 7254 21124 11895 7191
is_linear=0
shrinkage=0.03


Tree=16
num_leaves=15
num_cat=0
split_feature=0 0 0 0 0 1 1 1 1 0 1 0 1 1
split_gain=1423.13 1514.41 340.74 293.493 232.669 196.004 99.3596 79.5473 54.16 49.6648 47.7718 30.5916 20.2453 6.30269
threshold=-0.002276469726065006 0.0016563620401740592 -0.0053505284069585114 -0.0008856033047645388 0.005105434321112161 0.28617163193749967 1.0852265344658598 0.16845558912892164 0.054087385314740145 -0.0097776924312434326 0.51861386362959128 -0.0041502997841843673 -0.12806309473469035 1.3033236169234386
decision_type=10 10 10 10 10 10 10 10 10 8 10 10 8 10
left_child=2 3 9 6 8 -5 -2 11 -3 -1 -6 -4 -11 -9
right_child=1 4 7 5 10 -7 -8 13 -10 12 -12 -13 -14 -15
leaf_value=0.027497758541016621 -0.0029171146313848348 0.0014531154028697862 0.0090455792944591912 -0.011732063564663421 0.010996926233139689 -0.0048676037471605945 0.0084916879708153061 0.01064468566545982 0.006504954961740487 0.014372227028980375 0.019851596893458331 0.0023387418852433791 0.021509076613234306 0.015452928638270866
leaf_weight=732.74634857475758 4490.9026201963425 4565.9782818853855 848.42048259079456 10651.614898249507 2259.5077784508467 5859.9459801763296 799.42478393018246 1177.1086616069078 3333.4340151548386 1029.8691604286432 789.9297957867384 2316.2952965348959 814.70593935251236 534.32203835248947
leaf_count=3315 18583 19092 3614 43564 9716 24009 3333 4996 14039 4485 3440 9708 3599 2282
internal_value=-6.75068e-05 -0.00276232 0.0117534 -0.00733415 0.00633422 -0.00930392 -0.00116903 0.00704712 0.00359803 0.0205725 0.0133677 0.00417849 0.0176557 0.0122618
internal_weight=40204.2 32750.7 7453.47 21801.9 10948.8 16511.6 5290.33 4876.15 7899.41 2577.32 3049.44 3164.72 1844.58 1711.43
internal_count=167775 135776 31999 89489 46287 67573 21916 20600 33131 11399 13156 13322 8084 7278
is_linear=0
shrinkage=0.03


Tree=17
num_leaves=15
num_cat=0
split_feature=2 2 2 2 0 0 2 2 0 0 0 0 2 0
split_gain=4715.84 1127.29 886.93 196.728 186.67 140.643 126.429 102.709 75.9245 67.2256 60.8575 56.6887 35.9343 31.1198
threshold=0.0028156294542010106 0.0043497958137187591 0.001867979531125979 0.0053927673544491841 -0.0047907054333534817 0.0013674571868498725 0.0024039869930330819 0.0016064990190196478 -0.0040383072127532548 0.0016941721477928017 0.0030305325383313485 -0.0011445930297114785 0.0074696459271216525 -0.0065479513879402066
decision_type=8 8 10 8 10 10 10 10 10 10 10 10 8 10
left_child=2 4 7 13 -2 -6 9 11 -8 -4 -9 -1 -5 -3
right_child=1 3 6 12 5 -7 8 10 -10 -11 -12 -13 -14 -15
leaf_value=-0.013740017960647506 0.014907438524227231 0.021482657246236759 -0.012537514724111421 0.018321727468385791 4.0881650605184273e-05 0.0063069660232747231 0.010210058448563352 -0.019311093368564628 -0.0054506146974433577 -0.0039732558933844534 0 -0.028517720955800609 0.024023653413296476 0.010609631649449815
leaf_weight=305.04998262226582 1131.5309438854456 268.9029588997364 4848.8639724850655 3411.2934708148241 9075.864629343152 5006.5595346838236 284.37047146260738 1672.3787727057934 4752.2684178650379 1034.300655990839 154.15609683096409 2669.2224231362343 1831.3809444457293 3708.1737630516291
leaf_count=1221 4858 1209 19530 15189 37652 20984 1177 6703 19310 4215 621 10721 8443 15854
internal_value=6.63891e-06 0.00825361 -0.0128045 0.0165271 0.00322833 0.00227574 -0.00805862 -0.0235476 -0.00453604 -0.0110513 -0.0176577 -0.0270733 0.0203669 0.0114119
internal_weight=40154.3 24433.7 15720.6 9219.75 15214 14082.4 10919.8 4800.81 5036.64 5883.16 1826.53 2974.27 5242.67 3977.08
internal_count=167687 104189 63498 40695 63494 58636 44232 19266 20487 23745 7324 11942 23632 17063
is_linear=0
shrinkage=0.03


Tree=18
num_leaves=15
num_cat=0
split_feature=2 2 2 2 1 2 2 1 2 1 1 1 1 2
split_gain=4619.68 1091.22 814.297 179.851 174.761 121.634 100.492 91.6357 80.9045 72.2803 49.2488 47.5723 44.7864 36.501
threshold=0.0028156294542010106 0.0046771635379937336 0.0018374936339392381 0.003599897591987184 0.43342850222588375 0.0055675591397784992 0.0024177048866860667 0.11072098639653465 0.0016064990190196478 0.03207477900423656 0.19055655952459163 1.9505640182238675 1.0391419018915939 0.0074696459271216525
decision_type=8 8 10 10 10 8 10 10 10 10 10 10 10 8
left_child=2 3 8 7 6 -3 -4 -2 12 -5 -10 -6 -1 -7
right_child=1 5 4 9 11 13 -8 -9 10 -11 -12 -13 -14 -15
leaf_value=-0.028015394465817099 -0.0012444251898377032 0.012544172568204023 -0.0136677204435799 0.0048255188456475789 -0.0042577855427541299 0.018227034889628038 -0.006722501273449465 0.0047991518568438378 -0.021678175470350124 0.010914467389317579 -0.010542753978058445 0.0044927628400774243 -0.017318931516282873 0.0241287312044411
leaf_weight=2463.5466664135456 5694.3324290961027 2860.8304171711206 4393.5555204749107 4238.2928836494684 2601.9666971713305 2963.6133849173784 3409.9581425338984 3718.0610910207033 1030.3339741230011 3093.4196341782808 637.24551756680012 696.59978951513767 524.59896695613861 1824.5035048872232
leaf_count=9912 23569 12464 17662 17864 10596 13277 13827 15461 4133 13153 2554 2848 2105 8485
internal_value=1.15955e-05 0.00819086 -0.0126432 0.00389309 -0.00820583 0.0175738 -0.010653 0.00113909 -0.0231716 0.00741413 -0.0175469 -0.00238369 -0.0262216 0.020534
internal_weight=40150.9 24393.1 15757.8 16744.1 11102.1 7648.95 7803.51 9412.39 4655.73 7331.71 1667.58 3298.57 2988.15 4788.12
internal_count=167910 104273 63637 70047 44933 34226 31489 39030 18704 31017 6687 13444 12017 21762
is_linear=0
shrinkage=0.03


Tree=19
num_leaves=15
num_cat=0
split_feature=2 2 2 2 1 0 0 0 0 0 0 2 2 0
split_gain=4160.95 972.41 766.43 236.944 180.365 145.545 114.236 99.6253 98.6777 67.9484 66.6391 43.917 30.9981 26.2398
threshold=0.0028156294542010106 0.0052406116286393594 0.001867979531125979 0.0036867912319779894 0.35048740277938201 -0.0022166544134780315 -0.0042609063521371528 -0.0057640954610213386 0.00087616433058625382 -0.0013733188010398056 -0.0026645119348182159 0.0084826783003338312 0.0010889261252982538 -0.0049660549414077384
decision_type=8 8 10 10 10 10 10 10 10 10 10 10 10 10
left_child=2 3 8 5 6 -2 -4 -5 9 -1 -6 13 -10 -3
right_child=1 11 4 7 10 -7 -8 -9 12 -11 -12 -13 -14 -15
leaf_value=-0.012468048544252095 0.0083727144801134662 0.022379074054173595 0.0070309138617450639 0.021274366239161874 0.01149009256514371 -0.00039400439976414094 -0.011049501258977518 0.0073720154438463399 -0.030982531459556199 -0.025898145373646191 -0.0032620853358678766 0.024286241492622707 -0.011931713480222123 0.015960555397643943
leaf_weight=430.22553813457489 2138.4239383041859 846.89030747115612 318.38363692164421 492.64397457242012 289.9596338570118 8190.6608693599701 7136.8507502824068 7869.6607672125101 84.574946209788322 3269.2122782915831 3246.9868465662003 1124.2031891047955 1004.5398367345333 3672.0684211850166
leaf_count=1723 9065 3941 1304 2189 1201 33853 28757 33474 339 13176 13202 5279 4026 16475
internal_value=-3.45633e-06 0.0077746 -0.0119987 0.00447023 -0.0076147 0.0014215 -0.0102609 0.00822264 -0.0220128 -0.0243903 -0.0020068 0.0186815 -0.0137341 0.0172234
internal_weight=40115.3 24334.6 15780.7 18691.4 10992.2 10329.1 7455.23 8362.3 4788.55 3699.44 3536.95 5643.16 1089.11 4518.96
internal_count=168004 104276 63728 78581 44464 42918 30061 35663 19264 14899 14403 25695 4365 20416
is_linear=0
shrinkage=0.03


Tree=20
num_leaves=15
num_cat=0
split_feature=2 2 2 0 2 2 0 0 0 0 0 2 0 0
split_gain=3877.76 1077.98 620.737 213.266 171.878 151.813 147.44 73.751 91.553 64.9261 41.334 34.4854 29.6481 12.5697
threshold=0.0027070756574095285 0.0043497958137187591 0.0020449271461166637 -0.0047907054333534817 0.0053927673544491841 0.0016226914765030776 0.0014366654336251271 0.0027063659757853818 -0.0028051028737475108 0.0016941721477928017 -0.0011445930297114785 0.0074696459271216525 -0.0065479513879402066 -0.009143318059400397
decision_type=8 8 10 10 8 10 10 10 10 10 10 10 10 10
left_child=2 3 5 13 12 10 -5 8 -4 -7 -1 -6 -3 -2
right_child=1 4 7 6 11 9 -8 -9 -10 -11 -12 -13 -14 -15
leaf_value=-0.012951969051943622 0.02195859106131683 0.020348170407771454 0.001710887435073037 -0.00070893047908673185 0.016984238790042353 -0.016721787865344784 0.0054949137456676359 0.00073752509478589359 -0.009138291018238166 -0.005399331171103073 -0.025439322280867704 0.022684889929957795 0.0096885993336377693 0.012747680430632784
leaf_weight=319.5398178845644 208.06552147865295 264.46054968237877 777.06138862669468 10029.909030333161 3464.4968313872814 2872.1795654147863 5231.9410828202963 1004.3827946633101 6103.1237745732069 575.83613830804825 2769.2610578238964 1674.0928462594748 3682.36122828722 977.62646889686584
leaf_count=1281 909 1211 3163 41618 15720 11539 21964 4101 24566 2324 11186 7922 15865 4218
internal_value=-5.55327e-05 0.00696625 -0.0124879 0.00237732 0.0152554 -0.0193237 0.0014161 -0.00679566 -0.00790355 -0.0148693 -0.0242128 0.0188936 0.0104676 0.0145843
internal_weight=39954.3 25533 14421.4 16447.5 9085.41 6536.82 15261.9 7884.57 6880.19 3448.02 3088.8 5138.59 3946.82 1185.69
internal_count=167587 109427 58160 68709 40718 26330 63582 31830 27729 13863 12467 23642 17076 5127
is_linear=0
shrinkage=0.03


Tree=21
num_leaves=15
num_cat=0
split_feature=2 2 2 0 0 2 2 0 0 0 0 0 0 0
split_gain=3722.45 894.052 727.372 155.571 204.128 116.667 103.514 88.3359 66.3853 56.2512 50.831 47.6693 35.5623 33.7169
threshold=0.0028156294542010106 0.0046771635379937336 0.001867979531125979 -0.0022166544134780315 0.0012074677452677317 0.0024039869930330819 0.0053927673544491841 0.00087616433058625382 -0.00066482403446349364 -0.0028051028737475108 -0.0039273784534298957 -0.0057640954610213386 -0.0065479513879402066 0.0031666333971192254
decision_type=8 8 10 10 10 10 8 10 10 10 10 10 10 10
left_child=2 3 7 11 -5 9 12 8 -1 -4 -7 -2 -3 -9
right_child=1 6 5 4 -6 10 -8 13 -10 -11 -12 -13 -14 -15
leaf_value=-0.016043652737978323 0.015357882944323355 0.023302705345503352 0 -0.0014499271077272643 0.0060268211727420602 0.00794460657247535 0.018376966153041067 -0.015816802009429719 -0.025909960042168102 -0.010872983937257824 -0.0045489831720930364 0.0070122551781044134 0.0094932389585367285 -0.0015908667611634105
leaf_weight=927.56058855354786 840.03681945800781 186.25135165452957 473.44899135828018 7208.2694934159517 6011.4816718548536 299.95973782241344 5078.0122999250889 902.51110248267651 2738.8336547613144 5462.2033737152815 4772.7300075739622 2636.4313704371452 2233.0947754234076 193.78451633453369
leaf_count=3732 3667 873 1920 29840 25347 1244 23530 3618 11095 21978 19346 11175 9717 778
internal_value=-7.48624e-05 0.00731488 -0.0114124 0.00344163 0.00194746 -0.00715513 0.0159163 -0.0212042 -0.0234806 -0.0100146 -0.00378423 0.00908433 0.0106726 -0.0133935
internal_weight=39964.6 24193.6 15771 16696.2 13219.8 11008.3 7497.36 4762.69 3666.39 5935.65 5072.69 3476.47 2419.35 1096.3
internal_count=167860 104149 63711 70029 55187 44488 34120 19223 14827 23898 20590 14842 10590 4396
is_linear=0
shrinkage=0.03


Tree=22
num_leaves=13
num_cat=0
split_feature=0 0 0 0 1 0 0 1 1 0 1 3
split_gain=1053.15 998.92 493.011 280.427 151.603 124.216 99.5697 40.5036 36.8328 18.7405 12.0108 6.57697
threshold=-0.0041502997841843673 0.0023353706532947683 -0.00091338571587651232 0.00071140188539852822 -0.31818666965122427 0.005105434321112161 -0.009143318059400397 0.62538792622324701 0.054087385314740145 -0.0053505284069585114 -0.12806309473469035 0.65375000000000016
decision_type=10 10 10 10 10 10 8 10 10 10 8 10
left_child=6 2 4 -4 -2 8 -1 -7 -3 10 -8 -11
right_child=1 5 3 -5 -6 7 9 -9 -10 11 -12 -13
leaf_value=0.02436925835411546 -0.0027187434638402774 0.0026241317355778131 -0.0098162917835621765 -0.0023242320213437218 0.0052171824407063524 0.01043709526999125 0.011862406230388371 0.019024120877890207 0.0077523353276747814 0.010076394395910945 0.017842839527402558 0.0019181269414604884
leaf_weight=841.44171103835106 3929.0175663083792 3068.5288392603397 11833.028446689248 7299.5074232816696 4791.1473698318005 2304.8558177947998 917.83279675245285 686.95474734902382 2213.5451868623495 1105.3885655552149 726.16121827065945 122.66349650919437
leaf_count=3957 16423 12976 48462 30266 20153 10088 4095 3061 9471 4805 3313 525
internal_value=1.44347e-05 -0.00154937 -0.00426966 -0.00696374 0.00163563 0.00759492 0.0152073 0.0124856 0.00479512 0.012427 0.0146322 0.00933205
internal_weight=39840.1 36126.6 27852.7 19132.5 8720.16 8273.88 3713.49 2991.81 5282.07 2872.05 1643.99 1228.05
internal_count=167595 150900 115304 78728 36576 35596 16695 13149 22447 12738 7408 5330
is_linear=0
shrinkage=0.03


Tree=23
num_leaves=15
num_cat=0
split_feature=2 2 2 1 2 2 2 1 1 1 2 2 2 1
split_gain=3460.63 836.277 686.44 165.047 155.582 99.9301 96.2192 95.1579 89.6735 60.0932 50.4246 38.0563 37.3089 33.1513
threshold=0.0028156294542010106 0.0046771635379937336 0.001867979531125979 0.8489086169884742 0.0034878767261754045 0.0023069954082973669 0.0074696459271216525 0.27361477342269752 -0.53462929359071076 -0.10759265303183205 0.0016064990190196478 0.001445588710339061 0.0053927673544491841 2.005251759939529
decision_type=8 8 10 10 10 10 8 10 10 10 10 10 10 10
left_child=2 4 7 5 8 -4 12 11 -2 -6 -9 -1 -3 -5
right_child=1 6 3 13 9 -7 -8 10 -10 -11 -12 -13 -14 -15
leaf_value=-0.028027500605303297 -0.0036900113368787723 0.010673155592660072 -0.0121372364921318 -0.0016755966155308413 0.0039720943626215454 -0.0056276758151799274 0.021894639890393534 -0.018501720247949539 0.002896405684998216 0.0090454802446107568 -0.0076134340960330301 -0.020392841736315569 0.015818940716730276 0.0063288781540088756
leaf_weight=1224.229649245739 2858.1939132958651 2417.822117626667 3808.8829448670149 1509.2906412780285 4562.0275944769382 4979.8876477330923 1749.228642359376 1082.2753963470459 5272.5386136472225 4036.4237868785858 659.13836626708508 1784.4957385212183 3299.4402790367603 658.71595402061939
leaf_count=4983 11822 10634 15290 6149 19283 20135 8447 4385 21909 17249 2648 7209 15165 2690
internal_value=0.000172998 0.00729172 -0.0107869 -0.00663875 0.00355687 -0.0084662 0.015636 -0.0203084 0.000572026 0.00636844 -0.0144817 -0.0236018 0.0136757 0.000746785
internal_weight=39902.6 24195.7 15706.9 10956.8 16729.2 8788.77 7466.49 4750.14 8130.73 8598.45 1741.41 3008.73 5717.26 2168.01
internal_count=167998 104509 63489 44264 70263 35425 34246 19225 33731 36532 7033 12192 25799 8839
is_linear=0
shrinkage=0.03


Tree=24
num_leaves=15
num_cat=0
split_feature=2 2 2 2 1 1 2 1 2 2 2 2 1 2
split_gain=3287.9 808.831 626.869 161.584 154.766 123.298 95.7773 81.3377 71.897 43.656 41.3253 39.7291 38.7092 33.1168
threshold=0.0028156294542010106 0.004283565586432057 0.0018894389554005039 0.0053927673544491841 1.0852265344658598 -0.021162657617581414 0.0024039869930330819 0.27361477342269752 0.0034878767261754045 0.0036867912319779894 0.0016064990190196478 0.0074696459271216525 -0.32833771128418837 0.0016585640722040918
decision_type=8 8 10 8 10 10 10 10 10 10 10 8 10 10
left_child=2 5 7 12 6 8 -4 10 -2 -7 -1 -5 -3 -9
right_child=1 3 4 11 -6 9 -8 13 -10 -11 -12 -13 -14 -15
leaf_value=-0.025605799968172895 -0.0023554983503046882 0.0062537255266168195 -0.011026568285008266 0.015433747276052037 0.0017122056029587876 0.0040274600300886573 -0.0048123994461119427 -0.017180731475065547 0.0032394282206140257 0.0094124895651324196 -0.017887036764181598 0.021416079300823395 0.012141457938634768 -0.0080618196009284351
leaf_weight=1851.0263932645321 4547.9788436740637 1923.7440805733204 4885.3707897216082 3303.6441639810801 1681.3663947284222 4555.1156876087189 4239.2234108746052 1185.2515546679497 3770.324500143528 1987.4885388761759 1259.6627783477306 1736.3631987422705 2355.6901987940073 597.96985706686974
leaf_count=7551 18814 8329 19613 15272 6862 19050 17164 4807 15928 8515 5081 8459 10323 2404
internal_value=1.81203e-05 0.0069596 -0.0106667 0.0138849 -0.00661357 0.00260623 -0.00815451 -0.0195722 0.000174078 0.00568433 -0.0225667 0.017545 0.00952947 -0.0142183
internal_weight=39880.2 24180.3 15699.9 9319.44 10806 14860.9 9124.59 4893.91 8318.3 6542.6 3110.69 5040.01 4279.43 1783.22
internal_count=168172 104690 63482 42383 43639 62307 36777 19843 34742 27565 12632 23731 18652 7211
is_linear=0
shrinkage=0.03


Tree=25
num_leaves=15
num_cat=0
split_feature=2 2 2 1 0 0 2 0 0 0 0 0 2 0
split_gain=3070.43 771.913 590.378 167.726 144.559 184.714 95.6495 92.7143 79.9523 53.0103 46.0303 36.0972 31.6117 26.3271
threshold=0.0028156294542010106 0.0046771635379937336 0.0018374936339392381 0.79281428166418455 -0.002276469726065006 0.0012995561505921398 0.0053927673544491841 -0.0042609063521371528 0.00093289548222463218 -0.0024640327339440445 -0.0062679720304125762 -0.00050632814563715469 0.0074696459271216525 -0.0034608320513114669
decision_type=8 8 10 10 10 10 8 10 10 10 10 10 10 10
left_child=2 4 8 7 10 -6 13 -4 9 -1 -2 -5 -8 -3
right_child=1 6 3 11 5 -7 12 -9 -10 -11 -12 -13 -14 -15
leaf_value=-0.0023360055498141555 0.015539364493984815 0.016876362420842166 0.0061896810824017372 0.0056727000455995252 -0.0014244709267985855 0.0057103113437613189 0.015341908744962825 -0.0091759992870026445 -0.011543878792917833 -0.022296136298069754 0.0067684055643281353 -0.0021515201414487898 0.02087482635073486 0.0081731259460246074
leaf_weight=133.60994657874107 699.75185830891132 400.53993977606297 357.58963026106358 790.84232084453106 7461.1441359966993 5780.9666423797607 3365.0574201643467 8381.0603116154671 979.35140743851662 3446.3867677152157 2680.790252327919 1555.1166412681341 1605.966739565134 1987.8068473935127
leaf_count=536 3094 1866 1469 3235 30906 24496 15675 33715 3933 14072 11438 6323 7895 8701
internal_value=-4.26177e-05 0.0066996 -0.0103799 -0.00662354 0.00310998 0.00168772 0.0147841 -0.00853401 -0.0194646 -0.0215765 0.00864211 0.000473505 0.0171798 0.00972201
internal_weight=39626 23982 15644 11084.6 16622.7 13242.1 7359.37 8738.65 4559.35 3580 3380.54 2345.96 4971.02 2388.35
internal_count=167354 104071 63283 44742 69934 55402 34137 35184 18541 14608 14532 9558 23570 10567
is_linear=0
shrinkage=0.03


Tree=26
num_leaves=15
num_cat=0
split_feature=2 2 2 2 1 1 2 2 1 2 1 2 2 1
split_gain=2765.41 781.507 476.274 153.189 143.374 140.174 83.5295 77.9694 56.0589 53.501 42.9451 37.4405 34.1554 27.7059
threshold=0.0027070756574095285 0.004283565586432057 0.001719074333767883 0.0053927673544491841 -0.13838632238430726 0.16845558912892164 0.0034878767261754045 0.0024304647363403431 -0.25718352593222943 0.0036867912319779894 -0.65107460557109742 0.0020593652842502883 0.0074696459271216525 2.4564214737292143
decision_type=8 8 10 8 10 10 8 10 10 10 10 10 10 10
left_child=2 4 8 10 6 7 -2 -4 -1 -6 -3 -7 -5 -10
right_child=1 3 5 12 9 11 -8 -9 13 -11 -12 -13 -14 -15
leaf_value=-0.024087205703092966 -0.0032929444079840909 0.0042083958060208232 -0.012215857047153621 0.0146839062631393 0.0033364144326594077 -0.007395631771744824 0.00280964822869608 -0.0051383637191983744 -0.017154757829117486 0.0088836119747729859 0.010811556804078823 -0.00096647456782325287 0.020391723153379681 -0.0025500201799002337
leaf_weight=1617.7954981923103 4820.9608427286148 1358.0653773397207 4431.3886834681034 3354.7911253720522 5636.6959240883589 1140.9851190000772 3450.8952907919884 2130.4256850481033 1968.4054091274738 2206.592572465539 2872.7704859972 2905.8228047788143 1599.2756615132093 138.68556262552738
leaf_count=6626 19907 5901 17785 15717 23554 4599 14595 8571 8028 9480 12630 11778 7934 561
internal_value=3.18945e-05 0.00599745 -0.0104905 0.0129777 0.00200971 -0.00722919 -0.00073947 -0.00993845 -0.0197187 0.004914 0.00872106 -0.00280771 0.016576 -0.0162384
internal_weight=39633.6 25300 14333.5 9184.9 16115.1 10608.6 8271.86 6561.81 3724.89 7843.29 4230.84 4046.81 4954.07 2107.09
internal_count=167666 109718 57948 42182 67536 42733 34502 26356 15215 33034 18531 16377 23651 8589
is_linear=0
shrinkage=0.03


Tree=27
num_leaves=15
num_cat=0
split_feature=2 2 2 2 0 0 0 2 0 0 0 0 2 3
split_gain=2747.21 752.087 482.196 156.45 146.481 111.122 140.147 101.811 39.0517 50.4112 35.7298 33.0071 16.6456 10.0656
threshold=0.0027070756574095285 0.0042240118865713439 0.0016585640722040918 0.0053927673544491841 -0.0047907054333534817 0.0016941721477928017 -0.0028051028737475108 0.0034190409572881493 -0.0011445930297114785 0.00076532002641895751 -0.0040383072127532548 -0.0065479513879402066 0.0025316596608429532 0.38375000000000009
decision_type=8 8 10 8 10 10 10 10 10 10 10 10 10 10
left_child=2 4 8 11 -2 6 -4 -6 13 -10 -5 -3 -7 -1
right_child=1 3 5 10 7 12 -8 -9 9 -11 -12 -13 -14 -15
leaf_value=-5.3332970587641349e-05 0.01258602692705307 0.018610574814054943 0.0020919004627310391 0.021061118891568746 -0.0010533296501200066 -0.0028363416072889154 -0.010157325825608155 0.0039545600321168484 -0.023976083816469016 -0.013826898632633909 0.014813328887169797 0.0079379276976414993 0.0031600325565641994 -0.012993728157701532
leaf_weight=78.605349034070969 1090.8390871584415 285.70693495869637 925.98956939578056 1265.0470386892557 7987.3273952007294 1687.2959983050823 8067.4901073127985 6699.0281272679567 2230.598817050457 652.79895986616611 3622.8651939630508 4241.1333601921797 535.11060275137424 273.03909526765347
leaf_count=317 4795 1356 3761 6294 32948 6823 32417 28384 9216 2638 17201 18485 2180 1103
internal_value=5.3789e-05 0.00603603 -0.0103677 0.0127427 0.00202459 -0.00740425 -0.00888853 0.00122802 -0.0205691 -0.0217548 0.0164823 0.00866428 -0.00135797 -0.0103484
internal_weight=39642.9 25191.9 14450.9 9414.75 15777.2 11215.9 8993.48 14686.4 3235.04 2883.4 4887.91 4526.84 2222.41 351.644
internal_count=167918 109463 58455 43336 66127 45181 36178 61332 13274 11854 23495 19841 9003 1420
is_linear=0
shrinkage=0.03


Tree=28
num_leaves=15
num_cat=0
split_feature=2 2 2 0 0 1 2 2 1 1 0 0 0 2
split_gain=2649.9 718.05 462.956 152.211 161.339 129.534 93.3506 85.8595 61.8643 46.8013 45.4718 36.4092 36.3684 31.3349
threshold=0.0027070756574095285 0.0046186317142745221 0.001719074333767883 -0.0022166544134780315 0.0022347214628811369 0.43342850222588375 0.0055675591397784992 0.0024177048866860667 0.03207477900423656 2.005251759939529 -0.0010397748304740357 -0.0062679720304125762 -0.0065479513879402066 0.0074696459271216525
decision_type=8 8 10 10 10 10 8 10 10 10 10 10 10 8
left_child=2 3 8 11 -5 7 12 -4 -1 -7 -10 -2 -3 -8
right_child=1 6 5 4 -6 9 13 -9 10 -11 -12 -13 -14 -15
leaf_value=-0.022825207891836855 0.014312284909341172 0.021036854959270743 -0.011382538556046031 -0.00080871987421513004 0.0062019908360307898 -0.0036493128055322859 0.014424484176096543 -0.0044998085158989738 -0.00022145723441033052 0.0053257806735513636 -0.016386883927683976 0.0066222230707803495 0.0086233974441556598 0.020017198089977806
leaf_weight=2041.9600679129362 718.11000625789165 235.24846167862415 4913.1294367313385 9814.8250093758106 4208.9278519451618 2552.1366090327501 2813.1038754582405 2520.6422700583935 183.52328845858574 643.36445917189121 1495.2985416054726 2891.328653305769 2857.1754290312529 1668.0461084842682
leaf_count=8420 3201 1151 19717 40674 17947 10328 13323 10138 740 2619 6128 12357 12715 8415
internal_value=0.000182176 0.00604162 -0.0101032 0.00271574 0.00129404 -0.00689478 0.0137634 -0.00906598 -0.0192095 -0.00181262 -0.014667 0.00820408 0.00965182 0.0165596
internal_weight=39556.8 25206.8 14350.1 17633.2 14023.8 10629.3 7573.57 7433.77 3720.78 3195.5 1678.82 3609.44 3092.42 4481.15
internal_count=167873 109783 58090 74179 58621 42802 35604 29855 15288 12947 6868 15558 13866 21738
is_linear=0
shrinkage=0.03


Tree=29
num_leaves=15
num_cat=0
split_feature=2 2 2 2 1 1 1 1 2 2 2 2 1 1
split_gain=2461.17 629.84 412.725 198.363 115.732 106.341 91.1455 73.1442 53.2612 46.7681 44.8966 43.3394 25.0331 4.22567
threshold=0.0027070756574095285 0.0052406116286393594 0.001867979531125979 0.0034434709815845299 -0.39726467404666471 -0.42684669377188705 -0.53462929359071076 0.67426724709896646 0.0020449271461166637 0.0024039869930330819 0.0074696459271216525 0.001445588710339061 2.1376717743595877 0.67426724709896646
decision_type=8 8 10 10 10 10 10 10 10 10 10 10 10 8
left_child=2 3 7 6 9 -5 -2 11 -6 -4 13 -1 -9 -3
right_child=1 10 4 5 8 -7 -8 12 -10 -11 -12 -13 -14 -15
leaf_value=-0.023646070213280981 -0.0041672146036065942 0.012192548686204559 -0.012945537524710124 0.0023506071996457893 -0.0095382990997988377 0.0084057839219386504 0.0021726356361187471 -0.012773413293727744 -0.0021637785948617982 -0.0060361178955781027 0.019349682398341991 -0.016350804254689984 -0.0018522949537028493 0.015426490361695787
leaf_weight=1419.7721542268991 3145.5506709218025 2859.4321562349796 2379.9856787025928 4429.011628895998 1090.2775734513998 6500.936955884099 5766.1449293941259 931.52614769339561 4692.4269526153803 1511.4502841830254 1553.1242636740208 2067.9117233008146 257.79150693118572 870.17060752213001
leaf_count=5903 12982 13510 9535 18956 4384 28173 23974 3801 18940 6075 7906 8450 1045 4159
internal_value=5.14987e-05 0.00571381 -0.00985434 0.00325532 -0.00629618 0.00596199 -6.05713e-05 -0.0171723 -0.0035786 -0.0102996 0.0149128 -0.0193968 -0.0104914 0.0130024
internal_weight=39475.5 25124.4 14351.1 19841.6 9674.14 10929.9 8911.7 4677 5782.7 3891.44 5282.73 3487.68 1189.32 3729.6
internal_count=167793 109660 58133 84085 38934 47129 36956 19199 23324 15610 25575 14353 4846 17669
is_linear=0
shrinkage=0.03


Tree=30
num_leaves=15
num_cat=0
split_feature=2 2 2 1 0 1 2 0 0 1 0 0 2 0
split_gain=2315.56 604.953 482.312 165.845 124.215 116.88 109.755 81.5175 66.3325 61.4258 49.6666 42.7936 38.3585 24.6643
threshold=0.0030863654409954808 0.0020449271461166637 0.0052406116286393594 0.79281428166418455 -0.0041502997841843673 -0.28887428737013071 0.0016064990190196478 0.0058854291629386489 -0.0051556924144032226 0.57818794456337408 -0.0011445930297114785 -0.00063944326381168524 0.0074696459271216525 -0.0084981284614338171
decision_type=8 10 8 10 10 10 10 10 10 10 10 10 8 10
left_child=1 6 5 4 -3 8 10 -7 -2 -8 -1 -5 13 -4
right_child=2 3 12 11 -6 7 9 -9 -10 -11 -12 -13 -14 -15
leaf_value=-0.0071964484958805374 0.011313952262375198 0.0079616297469056411 0.02163510990452806 0.0086692006711727634 -0.0063401038146203457 0.0058316425343107802 -0.013857258883103711 0.017543649101219527 0.00055715249010769889 -0.0048693915804120247 -0.020829069170525707 0.00035681116064458852 0.01876493990375995 0.012084797973571083
leaf_weight=295.78169383108616 551.91169576346874 569.62731109559536 293.93293328583241 827.7063764333725 9061.2766848355532 7783.9365695118904 2622.760527536273 574.7054682970047 6550.3323215693235 976.31457506120205 2569.3456019759178 1717.5715800821781 1630.8014037311077 3335.0299970805645
leaf_count=1201 2481 2395 1482 3424 36654 33368 10591 2543 27636 3939 10691 7015 8374 15762
internal_value=3.86106e-05 -0.00762938 0.00694002 -0.00367953 -0.00548061 0.00425973 -0.015043 0.00666408 0.00141623 -0.011456 -0.0194725 0.00310677 0.0147842 0.0129322
internal_weight=39361 18640.4 20720.7 12176.2 9630.9 15460.9 6464.2 8358.64 7102.24 3599.08 2865.13 2545.28 5259.76 3628.96
internal_count=167556 75910 91646 49488 39049 66028 26422 35911 30117 14530 11892 10439 25618 17244
is_linear=0
shrinkage=0.03


Tree=31
num_leaves=15
num_cat=0
split_feature=2 2 2 0 0 2 0 0 2 0 0 0 0 3
split_gain=2172.02 793.521 254.564 159.623 126.947 121.153 98.818 82.0351 39.5284 35.8756 33.4077 28.1955 17.432 8.90054
threshold=0.0024039869930330819 0.0042240118865713439 0.0016064990190196478 -0.0042609063521371528 0.0022347214628811369 0.0053927673544491841 0.0027063659757853818 -0.00048298222937755554 0.0088198125431252512 -0.0010397748304740357 0.00076532002641895751 0.005105434321112161 -0.0062679720304125762 0.37375000000000008
decision_type=8 8 10 8 10 8 10 10 10 10 10 10 10 10
left_child=2 3 9 12 -5 11 7 -4 -7 -1 -11 -3 -2 -8
right_child=1 5 6 4 -6 8 13 -9 -10 10 -12 -13 -14 -15
leaf_value=-0.0091235378362080448 0.01382892525829401 0.0068899913116150374 -0.0055743367802147184 -0.0013822886616889269 0.0045268365036426781 0.013385830382760845 0.0091494939951780752 -0.012423804679347636 0.020720031899292876 -0.022481234696333167 -0.013405032385146386 0.014121380715482568 0.0069738121073520589 -6.4322679904587626e-05
leaf_weight=322.80767422914505 671.80345888435841 3903.3842192292213 2553.736987426877 13724.449310466647 4285.2041839659214 3894.5846467316151 96.629324212670326 4391.0963789373636 895.46653202176094 1961.9903154224157 565.93479754030704 583.17885302007198 853.6480446010828 715.18746280670166
leaf_count=1314 2982 17202 10282 56635 18129 18990 390 17691 4649 8255 2309 2632 3696 2889
internal_value=-1.8585e-05 0.00425295 -0.0116196 0.000817097 2.21266e-05 0.0114732 -0.00876833 -0.0099254 0.0148097 -0.0192991 -0.0205338 0.00787261 0.0101023 0.00105736
internal_weight=39419.1 28811.7 10607.4 19535.1 18009.7 9276.61 7756.65 6944.83 4790.05 2850.73 2527.93 4486.56 1525.45 811.817
internal_count=168045 124915 43130 81442 74764 43473 31252 27973 23639 11878 10564 19834 6678 3279
is_linear=0
shrinkage=0.03


Tree=32
num_leaves=15
num_cat=0
split_feature=2 2 2 2 0 0 0 0 0 0 0 0 0 2
split_gain=2052.97 580.297 353.698 119.514 116.046 142.993 89.4265 117.767 50.5194 53.1014 43.3291 37.3103 30.3693 22.0076
threshold=0.0027070756574095285 0.0041194717281430775 0.001719074333767883 0.0053927673544491841 -0.0018393464278976877 0.0015393805891067537 0.0016563620401740592 -0.0028051028737475108 0.00093289548222463218 -0.00066482403446349364 -0.0065479513879402066 -0.0047907054333534817 -0.0036391420074520071 0.0010889261252982538
decision_type=8 8 10 8 10 10 10 10 10 10 10 10 10 10
left_child=2 4 8 10 11 -6 7 -4 9 -1 -3 -2 -5 -10
right_child=1 3 6 12 5 -7 -8 -9 13 -11 -12 -13 -14 -15
leaf_value=-0.011344074787610207 0.011179081990884188 0.018630153806890336 0.0023853158543218154 0.018390861956622925 -0.0026202732991342536 0.0041460331383163483 -0.0007655007118931961 -0.0088673641311509191 -0.02441813596087963 -0.021239122484197636 0.0068774724047412856 0.004250847156849708 0.012693588807668481 -0.0075418241001483305
leaf_weight=716.59117794036865 1017.1479439437389 302.36077950894833 926.89885683357716 1319.9112043231726 7024.8139530569315 4671.0264578610659 2155.2997200787067 7618.7945631295443 76.740477100014687 2210.5244730859995 4753.0310029834509 2439.2251011431217 3416.0632887482643 660.26531988382339
leaf_count=2950 4530 1461 3764 6792 28978 19794 8720 30607 315 9308 20858 10333 16725 2674
internal_value=-3.43333e-06 0.00519735 -0.00903559 0.0108867 0.00151221 7.81281e-05 -0.00626179 -0.00763848 -0.017081 -0.018884 0.00762763 0.00633338 0.0143295 -0.00968274
internal_weight=39308.7 24943.6 14365.1 9791.37 15152.2 11695.8 10701 8545.69 3664.12 2927.12 5055.39 3456.37 4735.97 737.006
internal_count=167809 109471 58338 45836 63635 48772 43091 34371 15247 12258 22319 14863 23517 2989
is_linear=0
shrinkage=0.03


Tree=33
num_leaves=14
num_cat=0
split_feature=0 0 0 1 0 1 0 1 1 1 3 0 1
split_gain=683.769 653.613 299.375 193.173 98.4325 95.2005 73.627 42.3287 33.3714 20.4873 11.3696 9.87106 2.27775
threshold=-0.0042609063521371528 0.0022347214628811369 -0.0010397748304740357 0.27361477342269752 0.0060883274071632607 -0.10759265303183205 -0.0097776924312434326 0.48936993687878538 1.2716954758469721 -0.12806309473469035 0.53625000000000012 -0.0051556924144032226 -0.58332325963757226
decision_type=10 10 10 10 10 10 8 10 10 8 10 10 10
left_child=6 2 5 -4 8 -2 12 -6 -3 10 -8 -11 -1
right_child=1 4 3 -5 7 -7 9 -9 -10 11 -12 -13 -14
leaf_value=0.015790719433515826 -0.0016083395515042152 0.0034400629678887408 -0.0077186215520197964 -0.0014435272046398695 0.0091586866975988772 0.0049061363333217202 0.0061622822635446156 0.019362937116346814 0.010155185187038607 0.015730638812033473 0.012013781165421131 0.008916361917052933 0.024004765289733089
leaf_weight=187.71828688681126 4342.3643486499786 5608.4798251241446 12337.748620942235 6921.5542082190514 1503.9731932431459 3743.5777429938316 1059.4905219525099 520.79280078411102 765.47786217927933 808.17421413958073 502.38343319296837 384.69341622292995 464.46979859471321
leaf_count=943 18371 24255 51286 28774 6838 16038 4854 2441 3362 3882 2276 1728 2377
internal_value=3.87173e-05 -0.00118508 -0.00343473 -0.00546846 0.00612777 0.00140261 0.0128617 0.0118951 0.00427056 0.0106034 0.00814707 0.0136753 0.0220053
internal_weight=39150.9 35744 27345.2 19259.3 8398.72 8085.94 3406.93 2024.77 6373.96 2754.74 1561.87 1192.87 652.188
internal_count=167425 151365 114469 80060 36896 34409 16060 9279 27617 12740 7130 5610 3320
is_linear=0
shrinkage=0.03


Tree=34
num_leaves=15
num_cat=0
split_feature=2 2 2 1 0 0 0 0 1 0 2 1 0 1
split_gain=1982.38 672.393 289.806 175.677 103.977 115.757 82.7608 83.7059 69.8648 68.3094 29.8357 21.59 18.7496 10.1044
threshold=0.0034190409572881493 0.0020449271461166637 0.0053927673544491841 -0.48501021408862216 0.0016941721477928017 -0.0014125635007722953 0.0049741239461610241 -0.0033776381542644815 1.1891585513068228 -0.0041502997841843673 0.0074696459271216525 1.3033236169234386 0.00056349958638879209 -0.35749064482675807
decision_type=8 10 8 10 10 10 10 10 10 10 8 10 10 10
left_child=1 4 6 9 5 -1 7 -2 -5 -3 12 -6 -4 -8
right_child=2 3 10 8 11 -7 13 -9 -10 -11 -12 -13 -14 -15
leaf_value=-0.0034145707807026809 0.010939634553192671 0.0040834786651933021 0.014398632129698562 -0.0014740251022827421 -0.0060596035422981302 -0.017091414723224636 0.0088917852799947697 0.0033326973456309738 0.0044717651974677999 -0.0075130023870163083 0.017680872812900924 0.0076764559993136704 0.0093025712185409743 0.015422818877534713
leaf_weight=647.30632942914963 1533.9969238191843 484.36268872022629 1814.7824441790581 8081.0323297679424 775.98375944793224 4902.242778852582 477.46271495521069 8839.0364469140768 2268.8608644157648 5628.1438798606396 1601.0960282683372 106.1989855915308 1306.4941753149033 693.04721117019653
leaf_count=2613 6996 2072 8870 33093 3129 20297 2110 37855 9369 22817 8451 430 6343 3145
internal_value=-8.2278e-05 -0.00577227 0.00792128 -0.00255072 -0.0139919 -0.0155159 0.00534376 0.00447287 -0.000161764 -0.00657911 0.0141846 -0.00427127 0.0123212 0.0129075
internal_weight=39160 22894.1 16265.9 16462.4 6431.73 5549.55 11543.5 10373 10349.9 6112.51 4722.37 882.183 3121.28 1170.51
internal_count=167590 93820 73770 67351 26469 22910 50106 44851 42462 24889 23664 3559 15213 5255
is_linear=0
shrinkage=0.03


Tree=35
num_leaves=15
num_cat=0
split_feature=0 0 0 1 1 0 0 1 1 1 3 0 3 3
split_gain=607.851 613.614 269.747 163.279 87.838 83.0436 63.8006 41.5846 29.5595 13.0773 7.32543 6.64378 2.94627 1.35482
threshold=-0.0042609063521371528 0.0023353706532947683 -0.0012954243712309228 0.79281428166418455 0.69127899887594302 0.0060883274071632607 -0.0097776924312434326 -0.33830324058772726 1.0391419018915939 -0.17809663561207115 0.53625000000000012 -0.0053505284069585114 0.53125000000000011 0.68875000000000008
decision_type=10 10 10 10 10 10 10 10 10 10 10 10 8 8
left_child=6 2 4 -4 -2 8 12 -7 -3 10 -8 -11 -1 -14
right_child=1 5 3 -5 -6 7 9 -9 -10 11 -12 -13 13 -15
leaf_value=0.022505101626187709 0 0.003372761272098367 -0.0064391339803625876 2.50382213793891e-06 0.0081309008307293255 0.0061843380851602696 0.0061745059156449837 0.015153949084637594 0.009197860077893116 0.014410849404443246 0.011154858987075295 0.0089088197630915935 0.0095909719364845637 0.019749493487861071
leaf_weight=477.86724099516869 5473.0943539887667 5138.5307968258858 16171.453293696046 4509.8278853446245 1519.7059174031019 865.89493572711945 1010.4465994387865 1144.4349365383387 943.6819563806057 749.87641504406929 474.06248211860657 476.74085111916065 117.71793447434902 62.337247833609581
leaf_count=2489 23305 22254 67315 18785 6597 3938 4650 5346 4165 3633 2166 2164 596 326
internal_value=-3.32467e-05 -0.0011835 -0.00330982 -0.00503223 0.00177556 0.00607558 0.0121277 0.01137 0.00430001 0.00998379 0.00786907 0.0124103 0.0205908 0.0142778
internal_weight=39135.7 35766.6 27674.1 20681.3 6992.8 8092.54 3369.05 2010.33 6082.21 2711.13 1484.51 1226.62 657.922 180.055
internal_count=167729 151705 116002 86100 29902 35703 16024 9284 26419 12613 6816 5797 3411 922
is_linear=0
shrinkage=0.03


Tree=36
num_leaves=15
num_cat=0
split_feature=2 2 2 2 0 0 0 0 0 0 0 2 3 0
split_gain=1817.01 514.512 335.246 99.8083 95.2424 83.5664 75.5229 65.5814 31.0698 31.6492 26.7216 21.7024 12.9127 7.68923
threshold=0.0027070756574095285 0.0042240118865713439 0.0016585640722040918 0.0055675591397784992 -0.0047907054333534817 0.0027063659757853818 -0.0042609063521371528 0.0015777799649173017 0.0015777799649173017 -0.00066482403446349364 -0.011748775767563344 0.0088198125431252512 0.36375000000000007 -0.009143318059400397
decision_type=8 8 10 8 10 10 10 10 10 10 10 10 10 10
left_child=2 4 8 10 13 6 -4 -6 9 -1 -3 -5 -7 -2
right_child=1 3 5 11 7 12 -8 -9 -10 -11 -12 -13 -14 -15
leaf_value=-0.011689340385711648 0.016510641691573472 0.022579873691879995 0.0059945356090332132 0.012773329083041312 -0.000388102376623462 0.011717927184920209 -0.0075103281340715526 0.003896921591811456 -0.0080819203069728545 -0.020033927095741158 0.0072451604998366205 0.018568803300035644 0.00018075475804028116 0.0087940397854804637
leaf_weight=619.20694673061371 176.21785864233971 101.14774870872498 375.88236148655415 3386.0004224777222 9865.3186775743961 85.19991247355938 9452.7957037091255 4742.6819163262844 349.8729589432478 2165.2160051912069 4757.4286097288132 855.29576320946217 1213.7555428892374 887.4535776078701
leaf_count=2565 817 521 1542 16923 40989 345 38061 20188 1421 9215 21314 4587 4929 3989
internal_value=2.89644e-05 0.00494123 -0.00849642 0.0106122 0.00163981 -0.00603708 -0.00698219 0.0010007 -0.0171617 -0.0182482 0.00762245 0.0139971 0.00106707 0.0102702
internal_weight=39033.5 24771.5 14261.9 9099.87 15671.7 11127.6 9828.68 14608 3134.3 2784.42 4858.58 4241.3 1298.96 1063.67
internal_count=167406 109328 58078 43345 65983 44877 39603 61177 13201 11780 21835 21510 5274 4806
is_linear=0
shrinkage=0.03


Tree=37
num_leaves=15
num_cat=0
split_feature=2 2 2 1 2 1 0 0 2 1 0 1 2 0
split_gain=1634.13 565.533 269.662 154.476 87.0042 74.3487 63.3827 58.9369 54.0956 50.8415 49.014 42.5884 26.8507 21.9994
threshold=0.0033663546919533052 0.0020449271461166637 0.0053927673544491841 -0.32833771128418837 0.0016064990190196478 -0.31818666965122427 -0.0075938501122531487 -0.002276469726065006 0.0040707763470456222 1.0852265344658598 -0.0024640327339440445 1.6540570933159879 0.0088198125431252512 -0.0049660549414077384
decision_type=8 10 8 10 10 10 10 10 10 10 10 10 10 8
left_child=1 4 5 6 11 10 -3 -5 -7 -6 -2 -1 13 -4
right_child=2 3 12 7 9 8 -8 -9 -10 -11 -12 -13 -14 -15
leaf_value=-0.018161687867394739 0.007545078032434452 0.013729706951953507 0.016838904123393218 0.0059177506945433233 -0.011354255899917336 0.0042614563957174964 -0.0062126803099874089 -0.00084864558074563569 0.0097577538586221778 -0.0015269463754064353 0.00048533022713324013 -0.0050925429182682724 0.018064185710305894 0.010627495106848184
leaf_weight=2555.1720476597548 1108.0148149728775 135.60099460184574 713.42734514176846 1355.466588973999 3015.489490956068 3789.3152597993612 6752.4167539775372 7615.7475620210171 2915.3751672655344 582.9807243347168 4365.3742961585522 270.73042973875999 864.06569239497185 3081.4044165611267
leaf_count=10861 4946 606 3794 5764 12238 16287 27433 31060 13082 2356 18600 1120 4675 15224
internal_value=-0.000135961 -0.00546614 0.00691398 -0.00241629 -0.0129702 0.00455156 -0.00579205 0.000172464 0.0066713 -0.00978743 0.00193658 -0.0169532 0.0130534 0.0118522
internal_weight=39120.6 22283.6 16837 15859.2 6424.37 12178.1 6888.02 8971.21 6704.69 3598.47 5473.39 2825.9 4658.9 3794.83
internal_count=168046 91438 76608 64863 26575 52915 28039 36824 29369 14594 23546 11981 23693 19018
is_linear=0
shrinkage=0.03


Tree=38
num_leaves=14
num_cat=0
split_feature=0 0 0 1 1 0 0 1 3 1 3 1 3
split_gain=529.635 502.096 346.543 147.608 85.3246 75.485 40.5737 38.7699 22.3177 18.4883 8.11496 4.51138 1.30612
threshold=-0.0053505284069585114 0.002285420124053529 -0.0010397748304740357 0.86881265241924532 0.94996653248721907 0.0047168589773173902 -0.0097776924312434326 0.72349149943762492 0.60625000000000007 -1.1651099638493381 0.52375000000000005 -1.138085543162108 0.49125000000000002
decision_type=10 10 10 10 10 10 8 10 10 8 10 10 10
left_child=6 2 4 -4 -2 8 11 -7 -3 12 -11 -1 -8
right_child=1 5 3 -5 -6 7 9 -9 -10 10 -12 -13 -14
leaf_value=0.0083751242576744558 0.00078881470269166623 0.0042825524701028102 -0.0063268340088966299 0.00014700576315224102 0.0086335522130425724 0.0074091110217938102 0 0.015561446342875771 -0.00071738931926994384 0.01038699220515615 0.015862769865119732 0.02163491909623123 0.0051732923608524472
leaf_weight=57.982843607664108 7611.225892290473 3903.6675124019384 15444.877764940262 3964.4170709550381 1488.9769648760557 2650.275222286582 126.13650009036064 689.78058385848999 983.00307777523994 943.84733892977238 530.08146870136261 566.57230983674526 75.19881497323513
leaf_count=303 32620 16964 64409 16523 6506 12032 608 3238 4224 4601 2530 3009 353
internal_value=2.27029e-05 -0.000851651 -0.00273718 -0.00500204 0.00208703 0.0056707 0.0139584 0.00915205 0.0032651 0.0113205 0.0124904 0.0206498 0.00228628
internal_weight=39036 36736.2 28509.5 19409.3 9100.2 8226.73 2299.82 3340.06 4886.67 1675.26 1473.93 624.555 201.335
internal_count=167920 156516 120058 80932 39126 36458 11404 15270 21188 8092 7131 3312 961
is_linear=0
shrinkage=0.03


Tree=39
num_leaves=15
num_cat=0
split_feature=2 2 2 1 1 0 0 2 0 0 0 2 0 0
split_gain=1557.09 413.137 335.275 115.162 96.1509 92.781 96.4582 76.1495 59.7483 47.1107 42.5436 37.1085 30.7061 19.5479
threshold=0.0030863654409954808 0.0020449271461166637 0.0052406116286393594 -0.46574804205549952 -0.28887428737013071 0.0016563620401740592 -0.000717733065980874 0.0040707763470456222 -0.0036391420074520071 -0.0065479513879402066 -0.0033776381542644815 0.0088198125431252512 0.0052497230220488293 -0.0036391420074520071
decision_type=8 10 8 10 10 10 10 10 10 10 10 8 10 10
left_child=1 5 4 9 10 6 -1 -6 -5 -3 -2 13 -7 -4
right_child=2 3 11 8 7 12 -8 -9 -10 -11 -12 -13 -14 -15
leaf_value=-0.0066917638637179313 0.0063620024813203207 0.014068460341894694 0.014849638979586847 0.0091771304031828278 0.0037095671920120447 -0.0052002356231188448 -0.016186027325952722 0.0099226375578970339 -0.0014723975052177887 -0.0072184268679297316 -4.6550213840232034e-05 0.017973472664535466 0.013699772465620938 0.0097700853986652306
leaf_weight=1310.4997850656509 1089.2402361929417 84.736231938004494 1036.7852480858564 497.13872756063938 5647.0149512588978 837.16787694394588 4163.4313237965107 2633.2764571011066 7103.0159352272749 4505.0038747191429 6021.1010746359825 939.41162611544132 74.135950699448586 3065.5619399100542
leaf_count=5359 4887 371 5472 2127 24100 3383 17445 11832 28873 18204 25410 5142 300 15025
internal_value=0 -0.00628342 0.00571475 -0.00303425 0.00350544 -0.0124625 -0.0139403 0.00570225 -0.000756766 -0.00678265 0.000934312 0.0124268 -0.00346556 0.0111014
internal_weight=39007.5 18575.1 20432.4 12189.9 15390.6 6385.23 5473.93 8280.29 7600.15 4589.74 7110.34 5041.76 911.304 4102.35
internal_count=167930 76062 91868 49575 66229 26487 22804 35932 31000 18575 30297 25639 3683 20497
is_linear=0
shrinkage=0.03


Tree=40
num_leaves=15
num_cat=0
split_feature=2 2 2 2 1 1 2 3 1 1 1 2 3 1
split_gain=1490.5 537.652 199.564 119.036 101.126 95.7293 74.3206 63.7776 39.233 37.1629 32.2163 23.7984 23.4094 20.2769
threshold=0.0024039869930330819 0.0039915687364262924 0.0016064990190196478 0.0055675591397784992 0.19055655952459163 0.79281428166418455 0.0034190409572881493 0.43875000000000003 0.3250001939790193 2.2804587486391972 2.005251759939529 0.0074696459271216525 0.59875000000000012 -0.85804109703272757
decision_type=8 8 10 8 10 10 10 10 10 10 10 10 10 10
left_child=2 5 9 8 7 6 -2 -4 -3 13 -6 -5 -7 -1
right_child=1 3 4 11 10 12 -8 -9 -10 -11 -12 -13 -14 -15
leaf_value=-0.022768022921062073 -0.0021584965980631678 0.004655990267633559 -0.013704615731162672 0.011090722845933973 -0.0040293185594512835 0.005965132186404775 0.0025012940389085563 -0.0066510995767914641 0.0097981676848132009 -0.00075310896511538903 0.0045297609747902302 0.016177742068375328 3.5760306765520216e-06 -0.015654248895621337
leaf_weight=580.90558065474033 9822.6476363539696 4297.6564949303865 2122.5726137161255 2739.6104802191257 2419.0748374462128 2893.0200476795435 4468.1581907868385 2715.5008507817984 2018.4866629391909 136.77542339265347 458.02382948994637 1444.8166208267212 770.29386229813099 2076.3332268446684
leaf_count=2506 40342 19117 8604 13740 9775 12192 19084 10953 9182 567 1860 7930 3244 8871
internal_value=3.69537e-07 0.00356792 -0.00964765 0.00895695 -0.00713009 0.000409547 -0.000696642 -0.0097799 0.00632168 -0.0165278 -0.00263499 0.0128959 0.00473134 -0.0173114
internal_weight=38963.9 28454.7 10509.2 10500.6 7715.17 17954.1 14290.8 4838.07 6316.14 2794.01 2877.1 4184.43 3663.31 2657.24
internal_count=167967 124831 43136 49969 31192 74862 59426 19557 28299 11944 11635 21670 15436 11377
is_linear=0
shrinkage=0.03


Tree=41
num_leaves=15
num_cat=0
split_feature=2 2 2 2 0 0 0 0 0 0 2 0 2 0
split_gain=1393.8 493.305 222.831 90.561 86.9981 63.6782 72.847 56.2639 47.9962 44.1138 22.3495 16.0166 15.2054 2.97739
threshold=0.0034190409572881493 0.0020449271461166637 0.0053927673544491841 0.001445588710339061 -0.0065479513879402066 0.0047168589773173902 -0.0033776381542644815 0.0027063659757853818 0.0015777799649173017 -0.0017495571167721435 0.0074696459271216525 -0.0062679720304125762 0.003136861609594806 -0.00029028835979325485
decision_type=8 10 8 10 10 10 10 10 10 10 8 10 10 8
left_child=1 3 5 8 12 6 -2 -6 -1 -5 11 -4 -3 -12
right_child=2 4 10 9 7 -7 -8 -9 -10 -11 13 -13 -14 -15
leaf_value=-0.019147604997220347 0.0097809872815012057 0.016796201928914633 0.016813317568158542 -0.00028133492447388704 -0.0031151630465039559 0.010893770360691803 0.0026665562332600025 0.0017746980718543312 -0.0028342913757700349 -0.010452707140004815 0.017653569141968507 0.009806801001579735 0.0044631209020237501 0.0134105605093693
leaf_weight=1650.499738574028 1528.1589657366276 219.67786841094494 384.68054290115833 437.55279402434826 13619.914514452219 1268.4036669880152 8684.4633097946644 2484.0395241528749 193.88245542347431 4079.0114026516676 713.96891741454601 2633.8710210323334 190.85896745324135 811.54011231660843
leaf_count=7156 7107 980 2085 1767 55475 5780 37351 10283 796 16784 4027 13052 874 4415
internal_value=6.1348e-06 -0.00474444 0.00678995 -0.0118381 -0.00200303 0.00454926 0.00374552 -0.00235654 -0.0174896 -0.00948338 0.0124157 0.0107721 0.0114477 0.0155375
internal_weight=38900.5 22875.4 16025.1 6360.95 16514.5 11481 10212.6 16104 1844.38 4516.56 4544.06 3018.55 410.537 1525.51
internal_count=167932 94115 73817 26503 67612 50238 44458 65758 7952 18551 23579 15137 1854 8442
is_linear=0
shrinkage=0.03


Tree=42
num_leaves=14
num_cat=0
split_feature=0 0 0 1 1 0 0 1 1 1 0 3 1
split_gain=454.003 437.645 242.93 133.316 90.2545 72.5924 65.1036 38.143 22.7904 14.9533 13.7246 4.64024 1.09391
threshold=-0.0041502997841843673 0.0022347214628811369 -0.00091338571587651232 0.2991710790823468 1.0852265344658598 -0.0097776924312434326 0.0060883274071632607 -0.33830324058772726 1.3320348130530442 -1.1651099638493381 -0.0053505284069585114 0.53625000000000012 -0.58332325963757226
decision_type=10 10 10 10 10 8 10 10 10 8 8 10 10
left_child=5 2 4 -4 -2 12 8 -8 -3 11 -11 -7 -1
right_child=1 6 3 -5 -6 9 7 -9 -10 10 -12 -13 -14
leaf_value=0.014237585203431217 7.6533971599704575e-05 0.0028813249855015074 -0.0066229817481875371 -0.0012731469293363591 0.0087835450588359901 0 0.0048532826640174751 0.013478247028907505 0.0086297116446212765 0.011165948683232337 0.0063084485697368154 0.007582522693735245 0.021647894055483161
leaf_weight=176.22552508115768 7283.9594458788633 5641.104977414012 11981.38544356823 6501.4351505488157 1249.2484323978424 250.56623904407024 855.98252445459366 1119.0051583945751 708.38544426858425 1419.5846854895353 1040.0354100316763 91.01677006483078 435.84052966535091
leaf_count=939 31044 24632 50104 27183 5436 1176 3952 5357 3169 6958 4757 425 2399
internal_value=5.00273e-05 -0.000958624 -0.00281321 -0.0047461 0.00136704 0.0104833 0.00504915 0.0098136 0.00354464 0.00834667 0.00917014 0.0021543 0.019874
internal_weight=38753.8 35340.5 27016 18482.8 8533.21 3413.27 8324.48 1974.99 6349.49 2801.2 2459.62 341.583 612.066
internal_count=167531 150877 113767 77287 36480 16654 37110 9309 27801 13316 11715 1601 3338
is_linear=0
shrinkage=0.03


Tree=43
num_leaves=15
num_cat=0
split_feature=0 0 1 0 0 0 1 1 1 0 0 0 1 1
split_gain=463.772 506.382 144.741 132.425 99.6848 89.5733 59.0654 33.6098 27.6169 23.6486 20.4267 16.6207 7.2748 6.81097
threshold=-0.002276469726065006 0.0015777799649173017 1.5745383644308688 -0.0065479513879402066 -0.00058519450179282488 0.0047168589773173902 -0.14820887064369262 0.62538792622324701 0.054087385314740145 -0.0016579830001423311 -0.0097776924312434326 -0.0041502997841843673 2.5625947355903973 -1.0450551789936695
decision_type=10 10 10 10 10 10 10 10 10 10 8 10 10 8
left_child=3 2 4 10 -2 8 11 -7 -3 -4 -1 -5 -8 -12
right_child=1 5 9 6 -6 7 12 -9 -10 -11 13 -13 -14 -15
leaf_value=0.019213615927355987 -0.0020085014131636233 0.0003230619628439693 0.014155836033601092 0.0047959995851339287 -0.0066458488863626927 0.0061015566795264422 0.0076541198184201398 0.013499888615994172 0.0040215755734532704 0.0022383984087743481 0.0045245108085241025 4.6331815139252959e-05 0.015790016825498271 0.012676291889387426
leaf_weight=610.10591454803944 6298.4760739356279 4390.6437209248543 156.68899613618851 1043.1005040854216 12668.973192617297 2539.5849740803242 2332.2106166779995 742.29648976027966 3140.3966003656387 1899.4928047657013 148.42655979096889 1861.396704941988 120.44099950790405 802.64824432134628
leaf_count=3359 26475 18785 684 4756 52946 11641 10526 3548 13674 7926 737 8013 550 4047
internal_value=-4.43302e-05 -0.00157617 -0.00429024 0.0069883 -0.00511097 0.00369434 0.00471472 0.00782907 0.00187656 0.00323971 0.0146722 0.00178328 0.0081405 0.0115269
internal_weight=38754.9 31836.6 21023.6 6918.33 18967.4 10812.9 5357.15 3281.88 7531.04 2056.18 1561.18 2904.5 2452.65 951.075
internal_count=167667 135679 88031 31988 79421 47648 23845 15189 32459 8610 8143 12769 11076 4784
is_linear=0
shrinkage=0.03


Tree=44
num_leaves=14
num_cat=0
split_feature=0 0 1 0 0 0 1 1 1 0 0 0 0
split_gain=438.121 481.137 152.118 103.671 92.8937 82.8122 44.7242 43.3282 34.2953 33.0948 24.9998 14.7289 2.39964
threshold=-0.0023389976477505999 0.0015777799649173017 0.86881265241924532 -0.009143318059400397 0.005105434321112161 -0.00050632814563715469 0.054087385314740145 -0.11783368501460188 0.67426724709896646 -0.00063944326381168524 -0.0041502997841843673 -0.0047907054333534817 -0.0097776924312434326
decision_type=10 10 10 8 10 10 10 8 10 10 8 10 10
left_child=3 2 5 12 6 -2 -3 10 -6 -4 -5 -9 -1
right_child=1 4 9 7 8 -7 -8 11 -10 -11 -12 -13 -14
leaf_value=0.01869804818265813 -0.0026256923708136985 5.332410238396093e-06 0.0049223995429978629 0.0060377712819687911 0.0064467031844931801 -0.007013600931609981 0.0045691807709089417 0.011850003207531157 0.01465852383087252 -0.00082478425301329517 0.00078005936084972732 0.0067571985429322641 0.010714298839888539
leaf_weight=598.74514850974083 6120.5605181902647 4626.4805009514093 1275.5916000455618 1515.7498778551817 2229.7901345491409 10862.896368741989 3341.7023944854736 821.50180438160896 604.90314538776875 2976.7184376716614 1817.0563247650862 1870.3948268890381 130.04988573491573
leaf_count=3326 25695 19834 5427 7079 10318 45375 14585 4111 2938 12415 7832 8319 668
internal_value=-7.93386e-05 -0.0015451 -0.0041679 0.00685736 0.00360423 -0.00543828 0.00193017 0.00553082 0.00826551 0.000892661 0.00320011 0.00837171 0.0175189
internal_weight=38792.1 32038.6 21235.8 6753.5 10802.9 16983.5 7968.18 6024.7 2834.69 4252.31 3332.81 2691.9 728.795
internal_count=167922 136587 88912 31335 47675 71070 34419 27341 13256 17842 14911 12430 3994
is_linear=0
shrinkage=0.03


Tree=45
num_leaves=15
num_cat=0
split_feature=0 0 1 0 0 0 1 1 1 0 0 0 3 3
split_gain=392.885 477.885 121.258 98.2155 86.9036 84.3395 44.5963 31.5272 27.0666 22.0303 15.8712 13.975 1.40457 2.29724
threshold=-0.0023389976477505999 0.0015777799649173017 1.5745383644308688 -0.0097776924312434326 0.0055487076018163779 -0.00066482403446349364 -0.11783368501460188 -0.22814465035286546 1.0852265344658598 -0.0041502997841843673 -0.0016579830001423311 -0.0053505284069585114 0.53375000000000006 0.3312500000000001
decision_type=10 10 10 8 10 10 8 10 10 8 10 10 10 10
left_child=3 2 5 12 8 -2 9 -6 -3 -5 -4 -8 13 -1
right_child=1 4 10 6 7 -7 11 -9 -10 -11 -12 -13 -14 -15
leaf_value=0.0092003912587541106 -0.0017214990820220545 0.0016397474712070883 0.011554107537537713 0.0057281478269860788 0.0050990861438296375 -0.0060236453319459284 0.012137959843031308 0.012222668575229041 0.0063869061198846859 0.00084480427498694012 0.0020812100297522115 0.0069542016910477868 0.012173031462151637 0.021039147589837822
leaf_weight=59.027748644351959 6038.7666728794575 7156.0674596428871 169.39912015199661 1590.2390436828136 1126.9871815592051 13141.594069629908 706.84198354184628 1240.771301060915 1283.9971078932285 1809.3984484225512 1903.7034877836704 2038.4984940737486 142.609728962183 386.77252915501595
leaf_count=333 25398 30909 743 7488 5211 54890 3616 5974 5655 7803 7950 9131 776 2192
internal_value=6.73461e-05 -0.00131511 -0.00392776 0.00665106 0.00381597 -0.00467388 0.00549638 0.00889298 0.00237574 0.00315677 0.00293582 0.00834985 0.0183161 0.0198395
internal_weight=38794.7 32061.3 21253.5 6733.39 10807.8 19180.4 6144.98 2367.76 8440.06 3399.64 2073.1 2745.34 588.41 445.8
internal_count=168069 136730 88981 31339 47749 80288 28038 11185 36564 15291 8693 12747 3301 2525
is_linear=0
shrinkage=0.03


Tree=46
num_leaves=15
num_cat=0
split_feature=0 0 1 0 3 0 1 1 1 0 3 0 1 0
split_gain=378.42 420.833 135.649 100.748 67.8871 61.145 52.9933 28.8848 27.9686 23.177 17.9126 15.4751 7.47428 4.01145
threshold=-0.002276469726065006 0.0023353706532947683 1.0852265344658598 -0.0084981284614338171 0.42375000000000002 0.0060883274071632607 -0.11783368501460188 -0.28887428737013071 0.3250001939790193 -0.00058519450179282488 0.46625000000000011 -0.0051556924144032226 -1.1651099638493381 -0.0097776924312434326
decision_type=10 10 10 10 8 10 10 10 10 10 10 10 8 8
left_child=3 2 4 12 -2 8 10 -7 -3 -4 -5 -8 -1 -14
right_child=1 5 9 6 -6 7 11 -9 -10 -11 -12 -13 13 -15
leaf_value=0.0053859413496534034 -0.007020311615212803 0.0016348927009421537 0.0055155393480332939 0.00017286139924224182 -0.0031937283358751561 0.0050329997142154427 0.012393742228666543 0.012608970208760046 0.0060414174054394202 0.00030710160865989435 0.0045993933985469275 0.006737335609383781 0.01882965964663013 0.01194464863390279
leaf_weight=84.21201990544796 6043.5640209317207 4050.31129963696 1069.0806227624416 1661.7651904523373 13936.024757519364 884.2706006616354 628.82066065073013 1058.8461807519197 1946.3235940337181 2777.301476418972 1680.3143836855888 2027.1135271191597 534.58906888961792 253.37808015942574
leaf_count=450 25452 17644 4550 7433 58245 4124 3177 5163 8718 11621 7489 9076 3034 1328
internal_value=1.08249e-05 -0.00136881 -0.00336341 0.00639129 -0.00435715 0.00460581 0.00497427 0.00923545 0.00308278 0.00178087 0.00242339 0.00814052 0.0159013 0.0168683
internal_weight=38635.9 31765.7 23826 6870.19 19979.6 7939.75 5998.01 1943.12 5996.63 3846.38 3342.08 2655.93 872.179 787.967
internal_count=167504 135517 99868 31987 83697 35649 27175 9287 26362 16171 14922 12253 4812 4362
is_linear=0
shrinkage=0.03


Tree=47
num_leaves=15
num_cat=0
split_feature=2 2 2 2 0 0 0 2 3 0 0 0 2 2
split_gain=1190.31 449.072 156.468 94.6443 84.3551 67.2439 50.6959 40.1776 38.9812 25.9048 19.8122 22.1456 18.6007 6.43985
threshold=0.0024039869930330819 0.0039915687364262924 0.0016064990190196478 0.0055675591397784992 -0.0018393464278976877 0.00082159576828511516 0.0027063659757853818 0.0038080536024029036 0.43625000000000008 -0.011748775767563344 -0.0011445930297114785 0.00076532002641895751 0.0074696459271216525 0.00155754180092554
decision_type=8 8 10 8 10 10 10 10 10 10 10 10 8 10
left_child=2 4 10 9 7 -6 8 -2 -4 -3 13 -12 -5 -1
right_child=1 3 6 12 5 -7 -8 -9 -10 -11 11 -13 -14 -15
leaf_value=-0.0095933054331860512 0.0032678833969146917 0.020769761963980782 -0.0098342855261483366 0.010079176418986664 -0.0028072545776733245 0.0013435908664306679 0.00057379026578398859 0.013908369593865273 -0.0051943086241738202 0.0055777025259084881 -0.017321398649322511 -0.0098681890211307355 0.014620223933211289 0
leaf_weight=198.81640373170376 3470.856613278389 97.360500827431679 3003.2578137218952 2594.5951086878777 7020.7399712949991 6990.3103239089251 819.94422289729118 349.10823720693588 3860.1540215164423 6198.0327337235212 1893.0318204015493 556.80299140512943 1478.4937660694122 91.788198664784431
leaf_count=821 15001 544 12210 13209 28625 29329 3321 1548 15619 27884 8356 2324 8366 376
internal_value=2.96087e-05 0.00323327 -0.00862629 0.00819491 0.000341803 -0.000732579 -0.0064029 0.00428976 -0.00724473 0.00585474 -0.0147922 -0.0156988 0.011774 -0.00668202
internal_weight=38623.3 28199.5 10423.8 10368.5 17831 14011.1 7683.36 3819.96 6863.41 6295.39 2740.44 2449.83 4073.09 290.605
internal_count=167533 124506 43027 50003 74503 57954 31150 16549 27829 28428 11877 10680 21575 1197
is_linear=0
shrinkage=0.03


Tree=48
num_leaves=15
num_cat=0
split_feature=0 0 1 0 0 0 1 3 1 1 0 1 1 0
split_gain=313.049 407.559 119.395 87.9034 81.8137 68.49 49.5476 38.6981 26.5956 26.4613 22.6236 17.3492 5.50343 2.79924
threshold=-0.0023389976477505999 0.0016563620401740592 -0.39726467404666471 -0.009143318059400397 -0.00050632814563715469 0.005105434321112161 0.13296841381195748 0.42375000000000002 -0.39726467404666471 0.51861386362959128 -0.0041502997841843673 2.5625947355903973 -0.53462929359071076 -0.010703741393565216
decision_type=10 10 10 8 10 10 8 10 10 10 8 10 10 10
left_child=3 2 7 12 -4 8 10 -2 -3 -7 -5 -8 -1 -14
right_child=1 5 4 6 -6 9 11 -9 -10 -11 -12 -13 13 -15
leaf_value=0.010523658867480265 -0.0094793247674546943 -2.8227524222897556e-05 0.001425878741198264 0.0050989272028314249 -0.0035699558751962923 0.0057938051684091217 0.007510946616187974 -0.0050301283191094654 0.0035525661729676281 0.012686112389751421 0.0004606421191296348 0.019110293525453261 0.020523047024452987 0.012063880301145363
leaf_weight=233.25267212092876 2597.3036151379347 3128.3901564329863 4517.447260081768 1749.4582765996456 8397.6424069106579 2109.3817176371813 1994.6915269494057 6002.9748587608337 4500.4704729765654 701.00667057931423 2121.4203314632177 127.35861359536648 310.83798529207706 156.9823380112648
leaf_count=1283 10957 13435 19069 8279 35092 9833 9352 25037 19644 3444 9191 600 1838 850
internal_value=-5.20526e-05 -0.00128975 -0.00365062 0.00584042 -0.00181812 0.00356909 0.00463362 -0.00639021 0.00207821 0.00757314 0.00258013 0.00832161 0.0158619 0.0181219
internal_weight=38648.6 31954.6 21515.4 6694 12915.1 10439.2 5992.93 8600.28 7628.86 2810.39 3870.88 2122.05 701.073 467.82
internal_count=167904 136511 90155 31393 54161 46356 27422 35994 33079 13277 17470 9952 3971 2688
is_linear=0
shrinkage=0.03


Tree=49
num_leaves=15
num_cat=0
split_feature=2 2 2 1 1 1 0 2 2 0 0 2 0 0
split_gain=1148.08 320.409 244.963 101.459 64.1261 57.9013 49.751 49.66 41.3483 37.7242 32.9987 29.0694 28.8155 28.5075
threshold=0.0030729163931431467 0.001867979531125979 0.0046510927379661516 -0.37763704550690946 -0.10759265303183205 0.03207477900423656 -0.00077369828667790957 0.0074696459271216525 0.0024993378467945055 0.0011774604874582894 0.0025949444012007164 0.0036867912319779894 -0.0019907551813733919 -0.0053505284069585114
decision_type=8 10 8 10 10 10 10 10 10 10 10 10 10 8
left_child=1 5 4 8 9 10 -5 13 -3 -2 -1 -6 -7 -4
right_child=2 3 7 6 11 12 -8 -9 -10 -11 -12 -13 -14 -15
leaf_value=-0.016567316420019271 -0.00099401479627152754 -0.0087009357291390789 0.014023343298807242 0.0025608727849524954 0.0028759329601115895 0.0084421546624566073 -0.002543575656063887 0.014708656611249836 -0.0035039601180420236 0.0035566363476388259 -0.0025454205167836984 0.0070307843253522174 -0.0092751906217410068 0.0073326575685450151
leaf_weight=2248.2201072126627 4621.5832122564316 2962.4172552078962 688.91122281551361 2441.5418876707554 3444.7615546137094 75.169553160667419 5689.9559439867735 1375.5441767573357 2708.4447062462568 2519.8702010661364 177.13624514639378 2840.3398397564888 1982.6070285886526 4792.0565852671862
leaf_count=9761 19486 11925 3857 10083 14673 303 23105 7865 11033 10785 714 12632 8383 23064
internal_value=1.30139e-05 -0.00543522 0.0049279 -0.00316154 0.00256239 -0.0123993 -0.00100229 0.00954086 -0.00623992 0.000606026 -0.0155825 0.0047713 -0.00856127 0.00820855
internal_weight=38568.6 18285.5 20283.1 13802.4 13426.6 4483.13 8131.5 6856.51 5670.86 7141.45 2425.36 6285.1 2057.78 5480.97
internal_count=167669 75307 92362 56146 57576 19161 33188 34786 22958 30271 10475 27305 8686 26921
is_linear=0
shrinkage=0.03


Tree=50
num_leaves=15
num_cat=0
split_feature=2 2 2 1 2 1 3 2 3 2 1 1 1 2
split_gain=1105.34 389.623 117.268 93.5357 83.092 73.3315 48.2686 45.454 40.6459 39.1484 29.2765 19.1078 18.4249 7.71826
threshold=0.0024039869930330819 0.0039915687364262924 0.001445588710339061 -0.35749064482675807 0.0061243861919275519 -0.053827429209604406 0.43875000000000003 0.0020593652842502883 0.61625000000000008 0.0034878767261754045 0.50332940631685597 2.1376717743595877 -0.75084218104496359 0.0011258670578612672
decision_type=8 8 10 10 8 10 10 10 10 10 10 10 10 10
left_child=2 5 11 6 10 9 -4 -5 -7 -2 -3 13 -6 -1
right_child=1 4 3 7 12 8 -8 -9 -10 -11 -12 -13 -14 -15
leaf_value=-0.019637841238369771 -0.0025378592703267661 0.0046176873624168323 -0.014491140389999631 -0.0068192360565648659 0.0078297153316263732 0.0035089232783567727 -0.0073043066064513414 -0.001064790959301676 -0.0018517836535470343 0.0017265064189165181 0.0090545283662024339 -0.0019238027873750506 0.013174694794424161 -0.014168749737223213
leaf_weight=562.5051985681057 7155.1178881824017 5183.518993139267 1624.971880197525 2775.9472469091415 946.09895379841328 6546.0035009235144 1931.4250531792641 2277.6379222869873 1557.0799889266491 2630.4587151557207 1890.0368531048298 103.18746329843998 2306.3189179450274 1144.2533804625273
leaf_count=2483 29359 23668 6706 11431 5024 27645 7868 9196 6571 11227 8915 433 12608 5045
internal_value=-4.07823e-05 0.00304153 -0.0083876 -0.00690109 0.00767889 0.000358537 -0.0106363 -0.0042448 0.00247041 -0.00138484 0.00582278 -0.0153493 0.011667 -0.0161101
internal_weight=38634.6 28214.6 10419.9 8609.98 10326 17888.7 3556.4 5053.59 8103.08 9785.58 7073.56 1809.95 3252.42 1706.76
internal_count=168179 125017 43162 35201 50215 74802 14574 20627 34216 40586 32583 7961 17632 7528
is_linear=0
shrinkage=0.03


Tree=51
num_leaves=15
num_cat=0
split_feature=2 2 2 1 2 2 1 1 1 2 3 2 3 2
split_gain=1076.46 362.798 152.152 101.859 80.7857 52.9186 44.5898 37.0246 30.1522 28.0585 25.6439 21.5531 15.6297 8.87875
threshold=0.0034190409572881493 0.0020593652842502883 0.0053927673544491841 0.3250001939790193 0.0016064990190196478 0.0024304647363403431 -0.12806309473469035 1.8913997938054929 0.41941447679965133 0.0040707763470456222 0.61625000000000008 0.0074696459271216525 0.68125000000000013 0.0069216452242156648
decision_type=8 10 8 10 10 10 10 10 10 10 10 8 10 10
left_child=1 4 6 5 8 -3 12 -6 -1 -8 -5 13 -2 -4
right_child=2 3 11 10 7 -7 9 -9 -10 -11 -12 -13 -14 -15
leaf_value=-0.016349510992741036 0.0029205092488958665 -0.006856983939080831 0.010042772375582078 0.002709469424248284 -0.0079971681496291917 -0.0020918398658930993 0.0041967553091140364 0.0034557193506760176 -0.0092139009680678851 0.008637386128693152 -0.002586248772963979 0.013971076048031472 -0.0026421927677814875 0.0052108561648549134
leaf_weight=1822.778975173831 5494.2123339921236 2859.5196326524019 2434.4021523296833 4326.7614010572433 3459.8600991815329 8107.1773319989443 2903.3200037479401 261.03732492029667 892.46114538609982 2465.9123505502939 996.16560339927673 1462.3618618100882 476.50405339896679 506.11355338990688
leaf_count=8088 23902 11506 12533 17931 14176 33287 12695 1057 3835 11394 4122 8481 2058 2634
internal_value=9.38029e-05 -0.00408082 0.00612271 -0.00169132 -0.0101072 -0.00334491 0.00426976 -0.00717051 -0.0140686 0.00625961 0.00170415 0.010861 0.00246286 0.00925193
internal_weight=38468.6 22725.8 15742.8 16289.6 6436.14 10966.7 11339.9 3720.9 2715.24 5369.23 5322.93 4402.88 5970.72 2940.52
internal_count=167699 94002 73697 66846 27156 44793 50049 15233 11923 24089 22053 23648 25960 15167
is_linear=0
shrinkage=0.03


Tree=52
num_leaves=15
num_cat=0
split_feature=2 2 2 1 1 1 0 0 0 0 2 1 2 1
split_gain=973.005 253.212 212.558 73.9289 68.8286 61.9759 51.5418 42.9441 40.1476 38.2739 37.4144 24.7406 21.4649 12.6863
threshold=0.0030863654409954808 0.0020449271461166637 0.0053927673544491841 -0.46574804205549952 1.1104880283684551 0.33742110855504287 0.0016563620401740592 -0.0053505284069585114 -0.0065479513879402066 -0.00069292750797818662 0.0040707763470456222 2.5625947355903973 0.0088198125431252512 0.69127899887594302
decision_type=8 10 8 10 10 10 10 10 10 10 10 10 10 10
left_child=1 4 5 8 6 7 -1 -2 -3 -5 -7 -6 13 -4
right_child=2 3 12 9 11 10 -8 -9 -10 -11 -12 -13 -14 -15
leaf_value=-0.012457881339067349 0.0086632682789888806 0.013993418913276705 0.0083329181618609725 0.0025078845208672835 -0.0050100771011525325 0.0038591532329921305 -0.0038674284679178711 0.0011644820356272751 -0.0058081396382583736 -0.0020478360072027574 0.0094894548205380694 0.0062540424045129982 0.015171941608270869 0.013029822735905588
leaf_weight=4483.6156735569239 732.57679854333401 83.121207922697067 2809.2676022797823 2431.2967403233051 796.13702443242073 3246.9811164438725 768.89171406626701 10028.16893196106 4512.6008087545633 5143.0936284959316 1638.5100290626287 211.21743267774582 780.78404349088669 765.63989509642124
leaf_count=19206 3577 373 14757 10056 3304 14053 3121 42875 18242 20913 7632 868 4605 4161
internal_value=2.93536e-05 -0.00494055 0.00461185 -0.00240844 -0.00984209 0.00297102 -0.0112215 0.00168813 -0.00540736 -0.00057621 0.00577524 -0.00255103 0.0104719 0.00938913
internal_weight=38431.9 18430 20001.9 12170.1 6259.86 15646.2 5252.51 10760.7 4595.72 7574.39 4885.49 1007.35 4355.69 3574.91
internal_count=167743 76083 91660 49584 26499 68137 22327 46452 18615 30969 21685 4172 23523 18918
is_linear=0
shrinkage=0.03


Tree=53
num_leaves=15
num_cat=0
split_feature=2 2 2 1 1 2 2 1 1 1 3 3 3 2
split_gain=915.277 353.164 108.178 75.3087 72.3363 71.4241 37.9789 37.8596 32.3965 28.7597 27.4506 25.8632 19.3363 16.2697
threshold=0.0024039869930330819 0.0039915687364262924 0.0016064990190196478 -0.39726467404666471 0.79281428166418455 0.0053927673544491841 0.0034190409572881493 -1.138085543162108 2.5625947355903973 1.613000334612485 0.44375000000000003 0.56625000000000003 0.66375000000000017 0.0084826783003338312
decision_type=8 8 10 10 10 8 10 10 10 10 10 10 10 8
left_child=2 4 9 10 6 7 -2 -3 -5 12 -4 -6 -1 -7
right_child=1 5 3 8 11 13 -8 -9 -10 -11 -12 -13 -14 -15
leaf_value=-0.014434253126089661 -0.0017650438343940389 -0.0008582430649296854 -0.012594751059258225 -0.0039652565743546397 0.0055431956487158813 0.009077498717113195 0.0015766981204825817 0.0060189427269456194 0.006966142810673097 -0.0030554075285678969 -0.0066650603385552242 -9.2224893183356015e-05 -0.00030661700291671794 0.013795677377008115
leaf_weight=2316.0710906982422 9782.9793218374252 820.12819074094296 1412.3861944079399 4384.745218873024 2661.2775335758924 3376.8469853699207 4427.0723612010479 5044.2549951821566 245.62011578679085 266.39642848074436 1623.335843026638 981.02066150307655 100.07702577114105 967.90285140275955
leaf_count=10298 40210 3621 5787 17807 11329 17833 19008 22921 999 1121 6590 4156 443 5753
internal_value=-1.68971e-05 0.00279396 -0.00763999 -0.00579807 0.000244475 0.00724169 -0.000719344 0.00504714 -0.0033587 -0.0128404 -0.00947588 0.00401282 -0.0138775 0.0101716
internal_weight=38410.1 28061.5 10348.6 7666.09 17852.3 10209.1 14210.1 5864.38 4630.37 2682.54 3035.72 3642.3 2416.15 4344.75
internal_count=167876 124831 43045 31183 74703 50128 59218 26542 18806 11862 12377 15485 10741 23586
is_linear=0
shrinkage=0.03


Tree=54
num_leaves=15
num_cat=0
split_feature=2 2 2 1 2 1 2 1 3 1 2 3 3 3
split_gain=871.89 324.717 126.117 63.4202 60.6965 60.0824 49.3778 46.5191 31.8694 29.8296 27.8622 26.3169 12.3447 5.45927
threshold=0.0024039869930330819 0.0040707763470456222 0.0016064990190196478 1.3961550821939037 0.0074696459271216525 -0.39726467404666471 0.0034190409572881493 -0.40724782905444784 0.43875000000000003 -0.93615693575699854 0.0020593652842502883 0.66125000000000012 0.56625000000000003 0.49625000000000002
decision_type=8 8 10 10 8 10 10 10 10 10 10 10 10 10
left_child=2 3 9 6 7 8 -2 -3 -4 13 -7 -11 -5 -1
right_child=1 4 5 12 -6 10 -8 -9 -10 11 -12 -13 -14 -15
leaf_value=-0.022090484875447982 -0.0013623264272454179 0.0035156250668413702 -0.012225617877629652 0.006865406132180292 0.013034410483567673 -0.0056157177792261967 0.0021207363386385202 0.0081667771824459438 -0.0058742774444017981 -0.012098258137013606 -0.00092390072761463474 0.002600363272807694 0.0013645027718440065 -0.011217624097939572
leaf_weight=376.16697271168232 10952.258948713541 3433.9523297697306 1341.5496899783611 1469.7556768357754 1403.9066916555166 2281.302891343832 5487.1555779576302 4690.0426539927721 1703.9239577949047 2110.7711865752935 2346.1137318611145 105.22649465501308 535.01029565930367 114.82041446864605
leaf_count=1701 45094 16117 5508 6279 8316 9324 23661 22826 6920 9334 9472 462 2272 519
internal_value=-9.81729e-06 0.00274418 -0.00743267 0.000416525 0.00723862 -0.00544271 -0.000195518 0.00621489 -0.00872257 -0.0130103 -0.00325701 -0.0113648 0.00544122 -0.0199422
internal_weight=38352 27972.1 10379.9 18444.2 9527.9 7672.89 16439.4 8123.99 3045.47 2706.99 4627.42 2216 2004.77 490.987
internal_count=167805 124565 43240 77306 47259 31224 68755 38943 12428 12016 18796 9796 8551 2220
is_linear=0
shrinkage=0.03


Tree=55
num_leaves=15
num_cat=0
split_feature=0 0 0 0 1 0 0 1 1 1 3 3 1 1
split_gain=268.077 281.338 157.816 82.1175 66.1424 56.41 51.5072 36.993 24.3941 16.004 12.6873 5.32767 2.18158 0.00373837
threshold=-0.0040383072127532548 0.0016941721477928017 -0.00077369828667790957 0.00044769806541465048 0.90867270426566316 0.0047168589773173902 -0.0097776924312434326 1.0161750266758363 -0.71037374039188639 -1.1651099638493381 0.30375000000000002 0.56375000000000008 -0.58332325963757226 1.136812141233041
decision_type=10 10 10 10 10 10 8 10 10 8 8 10 10 10
left_child=6 2 4 -4 -2 8 12 -7 -3 11 -11 -8 -1 -14
right_child=1 5 3 -5 -6 7 9 -9 -10 10 -12 -13 13 -15
leaf_value=0.010941489975869472 -0.00056619223757975955 -0.00090943483586592973 -0.0062250394296518427 -0.0017951184030857899 0.0061283548769295029 0.0053293599983168221 -0.0015208643646682635 0.014693075063986653 0.0029965091536226221 0.019348706384333648 0.0066905777052971129 0.0070859315492845564 0.019475386561327149 0.010203398585451287
leaf_weight=164.79560278356075 7490.4777847826481 1986.305924013257 8973.0713347792625 6582.9968516379595 1601.7798112183809 2745.9726656377316 285.91750365495682 449.68967986106873 4988.7828236818314 72.449704349040985 2447.2099395543337 72.144904434680939 316.58313509821892 67.753041595220566
leaf_count=948 32065 8584 37841 27658 7054 12958 1363 2245 21839 374 12007 346 1911 423
internal_value=0 -0.000788397 -0.00252184 -0.0043566 0.000612029 0.00340498 0.00799384 0.00670745 0.00187591 0.00631206 0.00715331 0.000195681 0.0164294 0.0182932
internal_weight=38245.9 34819.1 24648.3 15556.1 9092.26 10170.8 3426.85 3195.66 6975.09 2877.72 2519.66 358.062 549.132 384.336
internal_count=167616 150244 104618 65499 39119 45626 17372 15203 30423 14090 12381 1709 3282 2334
is_linear=0
shrinkage=0.03


Tree=56
num_leaves=15
num_cat=0
split_feature=2 2 2 0 0 0 2 0 0 0 2 2 0 3
split_gain=840.352 279.342 116.803 57.1807 56.5976 82.4779 40.7413 38.2403 39.2239 36.0218 23.9669 18.4124 17.5818 7.81143
threshold=0.0034434709815845299 0.0020449271461166637 0.0053927673544491841 -0.0080447891194758668 0.0010190200297170084 -0.00066482403446349364 0.0024039869930330819 0.0049741239461610241 -0.0033776381542644815 0.0052497230220488293 0.003157671466059313 0.0088198125431252512 0.00068601602444976341 0.41375000000000001
decision_type=8 10 8 10 10 10 10 10 10 10 10 8 10 10
left_child=1 4 7 10 5 -1 -5 8 -2 -6 -3 12 -4 -9
right_child=2 3 11 6 9 -7 -8 13 -10 -11 -12 -13 -14 -15
leaf_value=-0.0043048291181535508 0.0077674179006733679 0.020573801379901703 0.010406780596572589 -0.0044314443687228592 -0.0049200218434249533 -0.013131782091540653 -0.00096205785150277464 0.015891184683214765 0.0023911568079477883 0.015193992222440332 0.00056294714114951086 0.013761817725756785 0.0058415090095207799 0.00783201597035834
leaf_weight=1369.5983471572399 1439.0961394459009 135.18084841966629 2028.7853400707245 4062.1391056776047 1367.1002551466227 3415.6763911098242 12418.689976871014 151.35205836594105 8489.4565054029226 74.221709400415421 96.657928392291069 850.21805083751678 1428.4072114527225 930.13976955413818
leaf_count=5708 6965 639 10930 16395 5607 14939 51144 711 36831 301 462 5145 7587 4417
internal_value=-1.336e-06 -0.00363565 0.00543628 -0.00160833 -0.0090562 -0.0106322 -0.00182299 0.00378279 0.00318349 -0.00374534 0.0128473 0.00963027 0.00856014 0.00915011
internal_weight=38256.7 22939.3 15317.5 16712.7 6226.6 4785.27 16480.8 11010 9928.55 1441.32 231.839 4307.41 3457.19 1081.49
internal_count=167781 95195 72586 68640 26555 20647 67539 48924 43796 5908 1101 23662 18517 5128
is_linear=0
shrinkage=0.03


Tree=57
num_leaves=15
num_cat=0
split_feature=2 2 2 1 1 0 0 0 2 0 0 0 1 0
split_gain=769.882 280.704 98.3436 73.3728 72.6651 56.6675 47.0135 39.3625 37.8868 30.047 25.6828 25.0862 23.1721 3.87182
threshold=0.0024039869930330819 0.0046771635379937336 0.001445588710339061 1.0852265344658598 0.19055655952459163 -0.0059975191124449169 -0.00050632814563715469 0.0015777799649173017 0.0088198125431252512 0.0030305325383313485 0.00058631126683921007 0.0060883274071632607 1.6965968415226571 0.0081776640269217316
decision_type=8 8 10 10 10 10 10 10 10 10 8 10 10 10
left_child=2 3 7 5 9 -2 -6 12 10 -4 -3 -5 -1 -10
right_child=1 8 4 11 6 -7 -8 -9 13 -11 -12 -13 -14 -15
leaf_value=-0.016213537268437155 0.008380425263656472 0.0091418135917978524 -0.008486534368619205 0.0045739831915598697 0.0033161898632948343 -0.0001059963618175052 -0.0044451818369097285 -0.00025697093720304149 0.01528166982792707 -0.00041838774373797804 0.0050206406040569146 0.018463822760816068 -0.0031312842484352331 0.0054402258927276756
leaf_weight=1408.6796875298023 727.71567310392857 3042.4704576730728 4800.1161270141602 3095.6921278089285 999.94518169760704 17423.988941624761 2260.5458634197712 191.35583224892616 682.99472412467003 473.08738192915916 2724.727923437953 116.54110090434551 151.96706841886044 74.113869607448578
leaf_count=6457 3477 15830 19855 13318 4073 73067 9256 797 4155 1901 13752 555 648 470
internal_value=5.84353e-05 0.00264745 -0.00695124 0.000979522 -0.00559795 0.000235354 -0.00204367 -0.0134397 0.00809006 -0.00777622 0.0072172 0.00515227 -0.0150059 0.01448
internal_weight=38173.9 27888.2 10285.7 21363.9 8533.69 18151.7 3260.49 1752 6524.31 5273.2 5767.2 3212.23 1560.65 757.109
internal_count=167611 124624 42987 90417 35085 76544 13329 7902 34207 21756 29582 13873 7105 4625
is_linear=0
shrinkage=0.03


Tree=58
num_leaves=15
num_cat=0
split_feature=0 0 1 0 0 3 1 1 1 1 1 0 3 3
split_gain=251.414 279.772 98.8666 66.4732 53.3972 51.2561 41.9559 32.0407 25.3435 21.8032 17.3347 8.0531 4.70533 2.42603
threshold=-0.0023389976477505999 0.0016941721477928017 0.41941447679965133 -0.0097776924312434326 0.0060883274071632607 0.42375000000000002 2.8192056832459476 -0.50513384952702223 0.72349149943762492 1.3320348130530442 2.5625947355903973 -0.0042609063521371528 0.53125000000000011 0.3262500000000001
decision_type=10 10 10 8 10 8 10 8 10 10 8 8 10 10
left_child=3 2 5 12 9 -2 -4 11 -6 -3 -9 -5 13 -1
right_child=1 4 6 7 8 -7 -8 10 -10 -11 -12 -13 -14 -15
leaf_value=0.0067087364134339154 -0.007063667422666833 0.0014224114862156924 -0.00065309243142316789 0.0036768148705994294 0.005779950379515399 -0.0031875173845898252 0.0082627845297542774 0.0057664679127291665 0.014817045100739407 0.0062891824459561504 0.0166888734245224 0.00011012395255210587 0.00844426068220663 0.018389913711212624
leaf_weight=50.740836381912231 4456.6819958537817 7313.0899948477745 6185.484247148037 1035.3457662761211 1531.2762671411037 10314.712894335389 504.41365699470043 3490.215482339263 358.49309496581554 939.09653325378895 136.13254234194756 1333.3985490351915 133.98825795948505 359.4483792334795
leaf_count=308 19075 32073 26191 5010 7418 43355 2126 16455 1879 4242 684 5809 781 2230
internal_value=5.26445e-05 -0.00105409 -0.00299549 0.00540391 0.00304709 -0.00436504 2.15325e-05 0.0044619 0.00759486 0.00199045 0.00623776 0.0017032 0.0154057 0.0172818
internal_weight=38142.5 31603.2 21461.3 6539.27 10142 14771.4 6689.9 5995.09 1889.77 8252.19 3626.35 2368.74 544.177 410.189
internal_count=167636 136359 90747 31277 45612 62430 28317 27958 9297 36315 17139 10819 3319 2538
is_linear=0
shrinkage=0.03


Tree=59
num_leaves=15
num_cat=0
split_feature=2 2 2 1 3 1 1 3 2 2 2 2 3 3
split_gain=698.556 233.013 115.864 91.7001 44.9169 43.1379 31.3954 30.4445 25.0448 24.7876 15.871 15.1405 14.5575 10.8871
threshold=0.0033663546919533052 0.001867979531125979 0.0053927673544491841 1.0000000180025095e-35 0.49625000000000002 -0.064921343697346923 -0.73091158473852458 0.61625000000000008 0.0012970047784985046 0.0040707763470456222 0.0011258670578612672 0.0088198125431252512 0.60875000000000012 0.67375000000000018
decision_type=8 10 8 10 10 10 10 10 10 10 10 8 10 10
left_child=1 5 6 4 -3 10 12 -5 -7 -8 -1 13 -2 -4
right_child=2 3 11 7 -6 8 9 -9 -10 -11 -12 -13 -14 -15
leaf_value=-0.019703483261868836 0.0017740654582358191 -0.0055772746377893466 0.0076590826441592253 0.0014634948291110637 -0.0014767194989227328 -0.011842490579595674 0.002780269342443038 -0.0034124775424479305 -0.0044313158986005498 0.0060868594669224781 -0.011434243951393332 0.012855849974045543 -0.0030997433380530238 0.017276074810682922
leaf_weight=282.17063634097576 2668.5125810652971 5567.1435682326555 3311.3142698407173 6291.170672506094 4326.9952387958765 583.18473613262177 4880.7923731654882 1396.3278991132975 1581.7955128699541 3678.7599787116051 1933.16649761796 828.23488873243332 678.83057202398777 118.11258229613304
leaf_count=1306 11628 22675 17880 25953 17674 2609 21210 5752 6719 17050 8552 5104 2916 658
internal_value=4.80903e-05 -0.00343352 0.00478128 -0.00188425 -0.00379334 -0.00961979 0.00324978 0.000566764 -0.00650053 0.00421384 -0.0125983 0.00903252 0.000761512 0.00805701
internal_weight=38126.5 21962 16164.6 17581.6 9894.14 4380.32 11906.9 7687.5 2164.98 8559.55 2215.34 4257.66 3347.34 3429.43
internal_count=167686 91240 76446 72054 40349 19186 52804 31705 9328 38260 9858 23642 14544 18538
is_linear=0
shrinkage=0.03


Tree=60
num_leaves=15
num_cat=0
split_feature=2 2 2 2 1 1 1 0 1 1 2 0 1 0
split_gain=648.983 239.987 116.069 86.3608 66.5206 45.9491 36.2728 45.1024 30.9154 30.3765 21.1247 15.2553 9.79548 5.9402
threshold=0.0024039869930330819 0.0053927673544491841 0.0016064990190196478 0.0034434709815845299 -0.30873636656184172 0.83104242237676273 -0.86919452661175001 -0.000717733065980874 2.005251759939529 0.2377539896763996 0.0074696459271216525 0.0028318710392847076 0.72349149943762492 0.002103123930810523
decision_type=8 8 10 10 10 10 10 10 10 10 10 10 10 10
left_child=2 3 6 5 11 -2 -1 -8 -6 -5 12 -4 -3 -12
right_child=1 10 4 9 8 -7 7 -9 -10 -11 13 -13 -14 -15
leaf_value=-0.019081604192045805 -0.0015048123949833222 0.006323515800944278 -0.008558538920432783 0.00187866749608448 -0.003047306908473821 0.0030212974879196392 -0.00051387980390576429 -0.01209884025652431 0.0051200885753513543 0.005226316476905476 0.01376034784386016 -0.0016511817536603193 0.010899885479271891 0.0085038968331619218
leaf_weight=537.24601277709007 10111.12432526052 2333.6087650954723 2949.2129940241575 7228.4365010261536 3868.2981312423944 2506.4141392558813 380.65328253805637 1725.020536467433 453.3621873408556 3762.8329282402992 865.35451738536358 349.20021656155586 606.6716570854187 442.30465477705002
leaf_count=2484 41593 12356 12117 31810 15741 10534 1639 7814 1847 17204 5289 1401 3348 2713
internal_value=-9.85651e-05 0.00227591 -0.00654535 0.00109019 -0.00464288 -0.00059929 -0.0119698 -0.0100453 -0.00216682 0.00303389 0.00883362 -0.0078526 0.00732185 0.012106
internal_weight=38119.7 27856.7 10263 23608.8 7620.07 12617.5 2642.92 2105.67 4321.66 10991.3 4247.94 3298.41 2940.28 1307.66
internal_count=167890 124847 43043 101141 31106 52127 11937 9453 17588 49014 23706 13518 15704 8002
is_linear=0
shrinkage=0.03


Tree=61
num_leaves=15
num_cat=0
split_feature=2 2 2 1 1 3 3 2 1 2 2 1 3 1
split_gain=634.274 176.077 163.515 60.9441 58.3557 32.7746 30.5889 30.544 28.0894 27.5661 16.0821 11.1161 6.18738 3.05046
threshold=0.0028156294542010106 0.0052406116286393594 0.0016226914765030776 -0.10759265303183205 1.1891585513068228 0.42375000000000002 0.68625000000000014 0.0036867912319779894 1.1104880283684551 0.0034878767261754045 0.0074696459271216525 2.005251759939529 0.33375000000000005 -0.54422105989766745
decision_type=8 8 10 10 10 10 10 10 10 10 10 10 8 10
left_child=2 3 6 9 5 -4 8 -5 -1 -2 12 -6 -3 -12
right_child=1 10 4 7 11 -7 -8 -9 -10 -11 13 -13 -14 -15
leaf_value=-0.013262612400628858 -0.0016217600815159672 0.012238788162963541 -0.0066663867022082116 0.0020682896476447508 -0.00025641591004739266 -0.0030062129625221452 0.0050110195122667258 0.0057491947394885815 -0.0047100038029908396 0.001594799941341585 0.008535556511390454 0.00447230301060324 0.0067338850039838144 0.012750418092215507
leaf_weight=2256.7584033459425 4254.3841043263674 237.18177364766598 3193.4247044175863 4775.3115908950567 1021.4654238671064 7561.6670717597008 89.760015770792961 3642.0973958522081 452.64878581464291 5457.7355629354715 466.67119574546814 755.51869161427021 3105.6556780487299 816.02966429293156
leaf_count=10308 17604 1278 13081 20363 4179 30662 395 16757 1952 23882 2793 3101 16409 5116
internal_value=-3.0338e-05 0.00314538 -0.00474671 0.0018059 -0.00327044 -0.00410376 -0.0112995 0.00367302 -0.0118784 0.000179399 0.00836722 0.00173429 0.0071777 0.0113413
internal_weight=38086.3 22755.1 15331.2 18129.5 12532.1 10755.1 2799.17 8417.41 2709.41 9712.12 4625.54 1776.98 3342.84 1282.7
internal_count=167880 104202 63678 78606 51023 43743 12655 37120 12260 41486 25596 7280 17687 7909
is_linear=0
shrinkage=0.03


Tree=62
num_leaves=15
num_cat=0
split_feature=2 2 2 0 0 0 0 0 2 2 0 2 0 3
split_gain=601.57 214.818 97.936 53.0065 64.2665 43.3185 35.2956 33.5415 28.6353 19.1226 17.9734 15.2115 13.5162 11.0578
threshold=0.0034190409572881493 0.0020449271461166637 0.0055675591397784992 0.0020612868340231642 -0.001702239153931625 -0.0080447891194758668 0.0049741239461610241 -0.0033776381542644815 0.0023069954082973669 0.003157671466059313 0.0052497230220488293 0.0088198125431252512 0.00068601602444976341 0.41375000000000001
decision_type=8 10 8 10 10 10 10 10 10 10 8 10 10 10
left_child=1 3 6 4 -1 9 7 -2 -7 -3 -5 12 -4 -8
right_child=2 5 11 10 -6 8 13 -9 -10 -11 -12 -13 -14 -15
leaf_value=0.0013445821455386406 0.0067404184123734459 0.01816137965638891 0.0094511174447616027 -0.0016714011908229437 -0.0098751537977233746 -0.0041726217623530293 0.015533738789072422 0.0019221449710056398 -0.00089164289690324915 1.8865811075960249e-05 0.013226528126704091 0.012821632684830692 0.0051962286974617574 0.0067444768817820954
leaf_weight=493.39789208769798 1533.8789851665497 135.59950506687164 1814.0198741853237 586.36715260148048 4979.0631068646908 2937.6440172791481 166.56376150250435 8947.6137667000294 13285.555223628879 92.074434459209442 72.956614553928375 731.2437532544136 1280.7413806021214 987.09117013216019
leaf_count=2018 7584 650 10063 2382 21759 11876 799 39077 54605 442 296 4611 6992 4762
internal_value=2.37354e-05 -0.00309563 0.00458284 -0.0078854 -0.00885203 -0.00130297 0.00320063 0.00263873 -0.00149165 0.0113862 6.04479e-05 0.00875128 0.007732 0.00818761
internal_weight=38043.8 22582.7 15461.2 6131.78 5472.46 16450.9 11635.1 10481.5 16223.2 227.674 659.324 3826.01 3094.76 1153.65
internal_count=167916 94028 73888 26455 23777 67573 52222 46661 66481 1092 2678 21666 17055 5561
is_linear=0
shrinkage=0.03


Tree=63
num_leaves=15
num_cat=0
split_feature=0 0 1 0 0 1 0 3 1 1 3 3 1 0
split_gain=191.918 184.237 106.687 89.6297 32.6355 30.0719 28.8765 24.2937 15.8974 13.715 8.01975 4.53399 4.99963 2.65968
threshold=-0.0042609063521371528 0.0024830039026835491 -0.75084218104496359 -0.0010397748304740357 0.0060883274071632607 0.48936993687878538 -0.009143318059400397 0.46625000000000011 1.3320348130530442 -1.1794747233830412 0.3987500000000001 0.38375000000000009 -0.58332325963757226 -0.0057640954610213386
decision_type=10 10 10 10 10 10 8 8 10 8 8 10 10 10
left_child=6 2 7 -4 8 -6 11 -2 -3 13 -11 12 -1 -8
right_child=1 4 3 -5 5 -7 9 -9 -10 10 -12 -13 -14 -15
leaf_value=0 -0.0066061553233749083 0.0018398652467179158 0.0025503007704635308 -0.0018614720684310172 0.0047711895795269736 0.013770075324355546 0.0022689570861852549 -0.0030786376767285208 0.0071086316071371598 0.010353923176469429 0.0053999001949990135 0.014549590286098972 0.01031812710065998 -0.0033254561829345786
leaf_weight=50.092212229967117 3605.0755344778299 4855.1122897863388 5773.2675299942493 14571.452509000897 1414.8284523487091 455.21070343255997 134.92432375252247 3665.5271760374308 582.24648804962635 417.01787815988064 1712.9628520458937 486.63574759662151 112.1422611027956 143.6663706600666
leaf_count=301 15504 21638 25274 61839 6887 2411 685 15526 2704 2122 8565 2946 723 668
internal_value=2.77206e-05 -0.000602471 -0.00172491 -0.000605948 0.0036277 0.00705523 0.00722395 -0.00484264 0.00242709 0.00562438 0.00644171 0.0128949 0.00702673 -0.000423381
internal_weight=37980.2 34922.7 27615.3 20344.7 7307.4 1870.04 3057.44 7270.6 5437.36 2408.57 2129.98 648.87 162.234 278.591
internal_count=167793 151783 118143 87113 33640 9298 16010 31030 24342 12040 10687 3970 1024 1353
is_linear=0
shrinkage=0.03


Tree=64
num_leaves=15
num_cat=0
split_feature=2 2 2 1 2 1 1 1 3 2 2 2 3 1
split_gain=564.634 166.101 146.053 72.0323 43.9924 36.9411 36.6466 26.2066 21.1226 18.6011 17.9269 16.3049 9.19255 5.06932
threshold=0.0030729163931431467 0.0016585640722040918 0.0053927673544491841 1.1891585513068228 0.0024304647363403431 2.1376717743595877 0.33742110855504287 -0.86919452661175001 0.55125000000000013 0.0035021854839194923 0.0040707763470456222 0.0074696459271216525 0.50125000000000008 -0.54422105989766745
decision_type=8 10 8 10 10 10 10 10 10 10 10 8 10 10
left_child=1 5 6 4 -3 7 9 -1 -5 -2 -8 12 -4 -13
right_child=2 3 11 8 -6 -7 10 -9 -10 -11 -12 13 -14 -15
leaf_value=-0.016935002254647124 -0.00046378456226047718 -0.0050533851064764167 0.0056062193386371782 0.004392895577104497 -0.0015558806145216781 0.0029002293648273973 0.0030826025180018123 -0.0094645275741930372 -0.0022771056512208756 0.0021524317558201784 0.0070275173160336034 0.0082931315853878394 0.00936377307589931 0.013058612480563451
leaf_weight=587.84772130846977 3674.1257965862751 6563.1176272332668 1680.3319833278656 1573.0261818617582 6529.6672641634941 168.6100073158741 3289.8896267265081 2158.2811825573444 565.01399753987789 7095.1700193583965 1601.9564392119646 495.87569332122803 1135.7799324542284 843.21144242584705
leaf_count=2745 15317 26784 9093 6497 26674 715 14357 9772 2329 31431 7646 3008 6059 5362
internal_value=7.56418e-05 -0.00374513 0.00357743 -0.00248062 -0.0033162 -0.0103012 0.00224266 -0.0111411 0.00259991 0.0012547 0.0043984 0.00857636 0.0071707 0.0114129
internal_weight=37961.9 18145.6 19816.3 15230.8 13092.8 2914.74 15661.1 2746.13 2138.04 10769.3 4891.85 4155.2 2816.11 1339.09
internal_count=167789 75516 92273 62284 53458 13232 68751 12517 8826 46748 22003 23522 15152 8370
is_linear=0
shrinkage=0.03


Tree=65
num_leaves=15
num_cat=0
split_feature=2 2 2 3 2 0 0 0 0 0 0 2 3 0
split_gain=561.163 178.833 141.976 45.2617 40.8201 40.436 50.793 35.3575 32.9121 25.5155 37.4026 21.7838 20.5601 15.2771
threshold=0.0027070756574095285 0.0042240118865713439 0.0016226914765030776 0.42125000000000007 0.0055675591397784992 -0.0018851828256214898 0.0012074677452677317 0.0010190200297170084 -0.0037312769321812271 0.00071140188539852822 -0.0010397748304740357 0.0010889261252982538 0.31375000000000003 -0.011748775767563344
decision_type=8 8 10 10 8 10 10 10 10 10 10 10 10 10
left_child=2 5 9 7 13 12 -7 -4 -5 10 -1 -11 -2 -3
right_child=1 4 3 8 -6 6 -8 -9 -10 11 -12 -13 -14 -15
leaf_value=-0.0029122860400732928 0.016615946042032325 0.01685644788665808 -0.0080196897674867373 0.0060763894224101405 0.0086872311833769787 -0.0016557381154403835 0.0022575887996486984 -0.00088662007696711093 -0.0024368589013967867 -0.017624160449164802 -0.014100998017020427 -0.0023269498524954467 0.0033259361538559747 0.004153358510460262
leaf_weight=339.02048176527023 101.74965591728687 81.49292317032814 2437.9930337816477 419.24279201030731 3778.5326937586069 6653.8734810650349 5394.8061967790127 870.1055271923542 7478.6359094381332 95.17600904405117 1811.6122742891312 507.60638573765755 3330.1127940863371 4554.168032169342
leaf_count=1442 452 505 10036 1734 21626 27386 23216 3534 30336 426 8533 2189 14813 21305
internal_value=4.25393e-05 0.00283562 -0.00473278 -0.00321978 0.0063544 0.000916303 9.19007e-05 -0.00616994 -0.00197025 -0.0108348 -0.0123866 -0.0050884 0.00378453 0.00442539
internal_weight=37854.1 23894.7 13959.4 11206 8414.19 15480.5 12048.7 3308.1 7897.88 2753.42 2150.63 602.782 3431.86 4635.66
internal_count=167533 109303 58230 45640 43436 65867 50602 13570 32070 12590 9975 2615 15265 21810
is_linear=0
shrinkage=0.03


Tree=66
num_leaves=14
num_cat=0
split_feature=0 0 1 0 0 3 1 0 1 1 3 3 1
split_gain=175.271 169.142 96.2058 41.5607 41.0052 36.2494 26.8776 25.4946 24.8727 22.36 15.6823 8.7448 4.89601
threshold=-0.0037312769321812271 0.0027699166853085186 1.0852265344658598 -0.009143318059400397 -0.00050632814563715469 0.61625000000000008 2.5625947355903973 0.012260103503179713 -0.45588390757371849 -0.12806309473469035 0.53875000000000017 0.57625000000000004 -1.1651099638493381
decision_type=10 10 10 8 10 10 10 10 10 8 10 10 10
left_child=3 2 4 12 -2 7 -4 -3 -7 10 -5 -11 -1
right_child=1 5 6 9 -6 8 -8 -9 -10 11 -12 -13 -14
leaf_value=0.0031560375864656872 -0.00068827651206172617 0.0044239247937712962 0.0013154290714121118 0.00057433147514714979 -0.0033110162820000188 -0.0065188806938332629 0.0072554591919772446 0.015458538252744271 0.0023718372159799678 0.0089946611927434646 0.0066428273842346307 0.0025502279124827733 0.01415931924839516
leaf_weight=61.316850915551186 8633.3636849075556 5146.6628360003233 3531.6612311601639 1234.5534321218729 14477.851912051439 438.13870847225189 855.93925060331821 192.83195647597313 750.1506110727787 1064.4100505262613 564.73471187055111 276.14256513118744 577.48975659906864
leaf_count=362 37084 23922 15256 5899 61750 1943 3676 1021 3458 5458 2691 1380 3612
internal_value=0.000151862 -0.000527878 -0.00156012 0.00627397 -0.00233459 0.00380706 0.00250173 0.0048618 -0.000883267 0.0047959 0.00253837 0.0077403 0.0132606
internal_weight=37805.2 34026.6 27498.8 3778.65 23111.2 6527.78 4387.6 5339.49 1188.29 3139.84 1799.29 1340.55 638.807
internal_count=167512 148110 117766 19402 98834 30344 18932 24943 5401 15428 8590 6838 3974
is_linear=0
shrinkage=0.03


Tree=67
num_leaves=15
num_cat=0
split_feature=0 0 1 0 0 1 0 0 0 3 3 3 3 3
split_gain=181.291 135.649 100.817 80.8044 29.1893 21.993 19.0735 18.1065 13.8962 8.02231 11.454 4.16398 4.202 1.17264
threshold=-0.0051556924144032226 0.0027699166853085186 1.0852265344658598 -0.00091338571587651232 -0.00080108843882078118 1.0391419018915939 -0.0097776924312434326 0.012260103503179713 0.0060883274071632607 0.32375000000000004 0.53625000000000012 0.53125000000000011 0.38625000000000004 0.62375000000000014
decision_type=10 10 10 10 10 10 10 10 10 10 10 10 10 10
left_child=6 2 3 -2 -4 7 11 -3 -7 -8 -11 12 -1 -13
right_child=1 5 4 -5 -6 8 9 -9 -10 10 -12 13 -14 -15
leaf_value=0.0095176006682987438 0.00031269321527400051 0.0022946828896669123 0.0062717265562387296 -0.0033410918755233292 0.0010643370575045259 0.0052737372126436793 0.017234069991954429 0.010991355730020505 0.014043343606765268 0.0039931924439065231 0.0095214562857965489 0.0020291716270023721 0.018175624784826948 0.0097449870927049063
leaf_weight=166.23315155506134 8082.4451324343681 5398.0758829712868 1421.0537093132734 16509.425112888217 3134.0871600359678 692.38793063163757 60.812362357974052 219.99314464628696 235.75750324130058 1017.043242752552 575.57968550920486 62.134588271379471 241.80325016379356 70.096424266695976
leaf_count=1097 35250 24795 6415 70352 13352 3245 333 1144 1276 5357 2952 379 1570 423
internal_value=1.45223e-05 -0.00049933 -0.0013774 -0.00213815 0.00271219 0.00339727 0.00836685 0.00266481 0.0076912 0.00662312 0.00607551 0.013377 0.0151039 0.0069388
internal_weight=37886.9 35693.2 29147 24591.9 4555.14 6546.21 2193.7 5618.07 928.145 1653.44 1592.62 540.267 408.036 132.231
internal_count=167940 155829 125369 105602 19767 30460 12111 25939 4521 8642 8309 3469 2667 802
is_linear=0
shrinkage=0.03


Tree=68
num_leaves=15
num_cat=0
split_feature=2 2 2 1 1 1 3 1 2 2 1 2 2 3
split_gain=496.825 122.374 119.169 51.3257 48.8178 38.984 38.9249 28.3181 23.8485 20.4031 20.3791 19.7808 16.1575 7.64096
threshold=0.0030863654409954808 0.0019877204066549993 0.0055675591397784992 -0.47584091669782125 0.51861386362959128 -0.28887428737013071 0.49625000000000002 1.8913997938054929 0.0011258670578612672 0.0040707763470456222 2.6791864375262295 0.0052406116286393594 0.0088198125431252512 0.28625000000000006
decision_type=8 10 8 10 10 10 10 10 10 10 10 10 10 10
left_child=1 4 5 6 8 11 -3 -5 -1 -7 -6 -2 13 -4
right_child=2 3 12 7 10 9 -8 -9 -10 -11 -12 -13 -14 -15
leaf_value=-0.016501983028592834 0.00027116564797624251 -0.0066474138489125154 0.015432352526548392 -0.0010335192370611054 -0.0040036468957836188 0.0025410527530411414 -0.001107867269193804 0.0046970180782347475 -0.0082575093832994474 0.0056878927402570119 0.0066578341485143636 0.0073638307501784463 0.012394104640469332 0.0067764133201139842
leaf_weight=372.0509312748909 7033.7576617747545 2768.0522546619177 104.24485781788826 7192.0702885240316 1457.7956489175558 5568.5699843466282 1995.5181239843369 857.9959365427494 3445.4447543025017 2897.9864930659533 168.40503488481045 364.37469491362572 718.36477600038052 2922.6580234467983
leaf_count=1772 30283 11247 643 29397 6226 24190 8094 3564 15143 13891 699 1811 4651 16331
internal_value=6.82231e-05 -0.00349049 0.00338462 -0.00188053 -0.00725869 0.00224021 -0.00434658 -0.000410231 -0.0091177 0.00363069 -0.00282896 0.000638063 0.00819739 0.00714411
internal_weight=37867.3 18257.3 19610 12813.6 5443.7 15864.7 4763.57 8050.07 3817.5 8466.56 1626.2 7398.13 3745.27 3026.9
internal_count=167942 76142 91800 52302 23840 70175 19341 32961 16915 38081 6925 32094 21625 16974
is_linear=0
shrinkage=0.03


Tree=69
num_leaves=15
num_cat=0
split_feature=2 2 2 0 0 0 0 0 0 0 2 2 3 0
split_gain=444.893 177.297 67.62 39.802 71.3517 30.7232 36.0809 23.15 21.8379 27.0873 20.5021 14.8898 8.48253 7.54336
threshold=0.0034190409572881493 0.001867979531125979 0.0053927673544491841 -0.00091338571587651232 0.00033825066567456176 0.00093289548222463218 -0.00066482403446349364 -0.0080447891194758668 0.0048440696736161692 -0.0034608320513114669 0.0010889261252982538 0.0074696459271216525 0.54125000000000012 0.00068601602444976341
decision_type=8 10 8 10 10 10 10 10 10 10 10 10 10 8
left_child=1 5 8 7 -5 6 -1 -3 9 -2 -7 13 -13 -4
right_child=2 3 11 4 -6 10 -8 -9 -10 -11 -12 12 -14 -15
leaf_value=-0.0041059156988434448 0.006154436787101333 0.010180921030699773 0.0073484704182052831 -0.0052114468432601993 -0.00055721192575368308 -0.017854136388007841 -0.011428781576064903 0.00035257402308700597 0.0066632471396052577 0.0016393348354250608 -0.0020613822446001471 0.0087638225257754537 0.016463075667334594 0.0040069336977625533
leaf_weight=863.64609482884407 1397.4796642661095 216.08979976177216 1649.5253382027149 4719.279406785965 8043.261604398489 72.702534392476082 2437.05947676301 5210.5418969094753 1151.3952288329601 8703.1762968748808 937.35722406208515 1050.8403629660606 186.90404537320137 1211.8245717734098
leaf_count=3735 6945 1056 9077 19097 32915 326 11320 21648 5563 37941 3906 6714 1211 6598
internal_value=1.21318e-05 -0.00267237 0.00394984 -0.00136992 -0.00228567 -0.00813825 -0.00954903 0.000772984 0.00273527 0.00227543 -0.00342083 0.0072545 0.0100972 0.00597306
internal_weight=37851.1 22499.9 15351.1 18189.2 12762.5 4310.77 3300.71 5426.63 11252.1 10100.7 1010.06 4099.09 1237.74 2861.35
internal_count=168052 94003 74049 74716 52012 19287 15055 22704 50449 44886 4232 23600 7925 15675
is_linear=0
shrinkage=0.03


Tree=70
num_leaves=15
num_cat=0
split_feature=2 2 2 1 1 1 0 0 0 0 0 0 2 0
split_gain=446.274 141.14 97.2491 57.4771 45.2196 39.7093 34.3988 24.3867 22.044 20.0951 19.5599 19.2455 13.951 9.79165
threshold=0.0030729163931431467 0.001867979531125979 0.0053927673544491841 -0.47584091669782125 0.054087385314740145 0.03207477900423656 -0.00074431215373777957 -0.0041502997841843673 -0.0019364805331244593 0.0081776640269217316 0.00093289548222463218 0.0021461270542633653 0.0093635765090480435 0.00068601602444976341
decision_type=8 10 8 10 10 10 10 10 10 10 10 10 10 10
left_child=1 5 4 7 11 10 -5 -3 -7 -6 -1 -2 13 -4
right_child=2 3 12 6 9 8 -8 -9 -10 -11 -12 -13 -14 -15
leaf_value=-0.012510502273903807 -0.00015840219754086675 0.0037528903838506119 0.0078026653781431516 0.0023835611808395909 0.0036146331551418181 0.0091531148800613211 -0.0017200400638913292 -0.0050060612831574073 -0.005709857761464922 0.01315221833282503 -0.0055647488096440857 0.0029239967947887993 0.011556761536058779 0.0043855816661553344
leaf_weight=1746.5104551017284 6845.2096375823021 289.18672235310078 2011.1573114618659 2625.4159173816442 6105.5872904360294 82.470644667744637 6034.4586309343576 4805.7503644824028 1910.4258595705032 202.89114502072334 536.18663142621517 2458.9802053123713 604.30631456524134 1471.983510568738
leaf_count=8186 29380 1233 11457 10878 27403 335 24548 19467 8388 1018 2272 10963 3972 8195
internal_value=-4.20019e-05 -0.00345299 0.00307701 -0.00196444 0.00199063 -0.00821197 -0.000467716 -0.00449078 -0.00502221 0.0039512 -0.0109366 0.00065206 0.00719696 0.00639246
internal_weight=37730.5 18030.4 19700.1 13754.8 15612.7 4275.59 8659.87 5094.94 1992.9 6308.48 2282.7 9304.19 4087.45 3483.14
internal_count=167695 75307 92388 56126 68764 19181 35426 20700 8723 28421 10458 40343 23624 19652
is_linear=0
shrinkage=0.03


Tree=71
num_leaves=15
num_cat=0
split_feature=2 2 2 1 2 1 0 1 0 0 0 1 2 1
split_gain=420.219 167.143 63.355 53.3765 45.2174 44.6621 36.4713 33.6243 29.04 23.5761 21.9486 19.3036 11.1646 6.66157
threshold=0.0023069954082973669 0.0037934352431188167 0.001445588710339061 2.005251759939529 0.0055675591397784992 -0.52443853083944691 0.0015777799649173017 -0.39726467404666471 -0.011748775767563344 -0.0041502997841843673 -0.0018851828256214898 0.51861386362959128 0.0074696459271216525 2.5625947355903973
decision_type=8 8 10 10 8 10 10 10 10 10 10 10 10 10
left_child=2 5 6 7 8 9 11 -4 -3 -2 -7 -1 -6 -5
right_child=1 4 3 13 12 10 -8 -9 -10 -11 -12 -13 -14 -15
leaf_value=-0.014867220233379878 0.0038328748585638446 0.019301770079775984 -0.0076339528576480449 0.0011208838321788823 0.0059915705182179268 0.0036971832428798418 0.0012636809503028031 -0.0033256007419356888 0.0029809763279541263 -0.0027766429952059599 0.000317971357462741 -0.0070345873321806694 0.0097205093502506414 0.0088380769379964915
leaf_weight=1029.269135132432 515.68758206069469 91.257550850510597 2849.2159276306629 210.06406004726887 2459.605411618948 2152.951339378953 185.4016360193491 4048.6621070057154 7699.7923012822866 5614.8898359239101 8915.3075290471315 479.1912594884634 1224.4395608901978 235.85782915353775
leaf_count=5012 2316 575 11990 862 13613 9510 786 16784 35337 22958 36960 2175 7928 965
internal_value=-5.9002e-05 0.0017175 -0.00569765 -0.0044664 0.00452006 -0.000150423 -0.010943 -0.00512236 0.00320433 -0.00220556 0.000983442 -0.0124813 0.00727013 0.0054386
internal_weight=37711.6 28673.9 9037.66 7343.8 11475.1 17198.8 1693.86 6897.88 7791.05 6130.58 11068.3 1508.46 3684.04 445.922
internal_count=167771 129197 38574 30601 57453 71744 7973 28774 35912 25274 46470 7187 21541 1827
is_linear=0
shrinkage=0.03


Tree=72
num_leaves=15
num_cat=0
split_feature=2 2 2 0 0 3 3 2 0 0 0 2 3 2
split_gain=395.053 111.351 80.8557 50.9081 30.888 27.6687 27.7065 24.6089 19.9961 25.2228 8.50633 12.2833 7.65975 5.40906
threshold=0.0030729163931431467 0.0016585640722040918 0.0055675591397784992 -0.0084981284614338171 0.0027063659757853818 0.60875000000000012 0.64875000000000005 0.0036867912319779894 -0.0011445930297114785 0.00065871034215193565 0.00068601602444976341 0.0064893139797160262 0.40375000000000011 0.0080722935438988647
decision_type=8 10 8 10 10 10 10 10 10 10 8 8 10 10
left_child=1 8 5 -3 -5 7 -7 -2 12 -10 13 -12 -1 -4
right_child=2 3 10 4 -6 6 -8 -9 9 -11 11 -13 -14 -15
leaf_value=0.0032234688437066308 0.0011894014596582686 0.019058125813013291 0.0072553512522923044 -0.0028116135756917687 0.0011775359224264321 -0.0040677822958138758 0.0015796511993898727 0.0038887044670907608 -0.011358172904473239 -0.0043942531684235423 0.0010878002202089326 0.0069543663798324173 -0.0055391755732913219 0.011396637846766765
leaf_weight=150.96171836555004 5557.1888454854488 90.79341259598732 1625.7605787962675 13151.400961324573 1985.7470428943634 1170.4186129868031 2295.1400641649961 6954.7219785153866 1840.8955312520266 693.99640712141991 500.64695164561272 1068.6896330714226 182.89239275455475 487.25683172047138
leaf_count=639 23608 445 9206 53779 8172 5092 10065 32038 8831 3045 2721 6384 782 3289
internal_value=2.58812e-05 -0.00317008 0.0029709 -0.0021403 -0.00228391 0.00203941 -0.000316602 0.0026965 -0.00858914 -0.00949994 0.00697987 0.00513955 -0.00142389 0.00828777
internal_weight=37756.5 18096.7 19659.8 15227.9 15137.1 15977.5 3465.56 12511.9 2868.75 2534.89 3682.35 1569.34 333.854 2113.02
internal_count=168096 75693 92403 62396 61951 70803 15157 55646 13297 11876 21600 9105 1421 12495
is_linear=0
shrinkage=0.03


Tree=73
num_leaves=15
num_cat=0
split_feature=0 0 0 0 1 0 1 3 0 3 3 1 3 3
split_gain=135.346 108.885 107.061 60.1043 56.6551 29.7936 21.0695 16.5899 16.045 12.4983 14.4341 9.98368 3.74888 2.60971
threshold=-0.0053505284069585114 0.0016563620401740592 -0.00058519450179282488 0.00040252504061792047 0.7066987578807753 0.0055487076018163779 -0.22814465035286546 0.60125000000000017 -0.0097776924312434326 0.53625000000000012 0.32875000000000004 -1.0450551789936695 0.53125000000000011 0.38625000000000004
decision_type=8 10 10 10 10 10 10 10 10 10 10 10 10 10
left_child=8 2 4 -4 -2 7 -7 -3 12 10 -10 -11 13 -1
right_child=1 5 3 -5 -6 6 -8 -9 9 11 -12 -13 -14 -15
leaf_value=0.0087351804843196889 -0.00031749778225685865 0.0021033561485554533 -0.0049808930482541178 -0.0010493979636641982 0.0048394162117389884 0.0022158107555933977 0.0081512227062510451 -0.0012920318960018202 0.01691114991347158 0 0.0026419704861784005 0.011342048440680765 0.0061905179850089845 0.016673037152186296
leaf_weight=143.49346055090427 8924.9728970080614 6319.1268513351679 7441.527620524168 6698.4823625981808 2425.8437188565731 1078.2172628939152 1162.5912990421057 1597.8534939438105 61.856000438332558 74.948835507035255 914.5021880120039 455.74952718615532 126.6529319435358 233.35495916008949
leaf_count=971 38930 28096 31924 28437 10896 5219 6028 6975 343 381 4914 2395 791 1567
internal_value=9.15857e-05 -0.000334829 -0.00138285 -0.00312474 0.000782622 0.00228804 0.00534445 0.00140974 0.00764616 0.00594922 0.00376909 0.00970528 0.0123938 0.0141096
internal_weight=37659.2 35648.6 25490.8 14140 11350.8 10157.8 2240.81 7916.98 2010.56 1507.06 976.358 530.698 503.501 376.848
internal_count=167867 156505 110187 60361 49826 46318 11247 35071 11362 8033 5257 2776 3329 2538
is_linear=0
shrinkage=0.03


Tree=74
num_leaves=15
num_cat=0
split_feature=2 2 2 1 3 1 1 1 3 2 2 1 3 2
split_gain=397.614 125.607 74.5856 45.8301 52.2031 32.468 29.8861 24.5348 24.2845 23.6529 19.791 16.3379 12.914 9.57691
threshold=0.0027070756574095285 0.0039915687364262924 0.001445588710339061 0.15686990787089269 0.42375000000000002 0.3250001939790193 -0.40724782905444784 1.7430398526547062 0.56625000000000003 0.0052406116286393594 0.0061243861919275519 2.005251759939529 0.37625000000000003 0.0034190409572881493
decision_type=8 8 10 10 10 10 10 10 10 10 8 10 10 10
left_child=2 5 7 4 -4 13 9 12 -7 -3 -8 -5 -1 -2
right_child=1 6 3 11 -6 8 10 -9 -10 -11 -12 -13 -14 -15
leaf_value=-0.016025033103602652 -0.0012776016199237388 0.00088038413575818638 -0.0084352051699912046 -0.0017228726451040772 -0.0029977682913073446 0.0039259821213343989 0.0051100063210688627 0.0008976924778531099 -0.001011558177938892 0.0054586787348178609 0.0091052587656375618 0.003059615401269279 -0.0092143211407906093 0.00065900947898558525
leaf_weight=413.07599161565304 5817.1853486448526 2317.5141868591309 2359.4279211163521 4049.1282024085522 5071.0398286730051 3259.1302420645952 3923.9020766615868 155.58386652171612 1206.382173538208 1858.529257029295 1693.113640576601 747.29166685044765 1098.6893413513899 3741.8987111002207
leaf_count=1986 24077 10433 9941 16608 20793 14138 19123 674 5201 10393 10359 3075 5256 16133
internal_value=-5.65064e-05 0.0022944 -0.00408952 -0.00326511 -0.00474142 0.000468259 0.00490034 -0.0100438 0.00257939 0.00294044 0.00633898 -0.000960453 -0.0112078 -0.00051335
internal_weight=37711.9 23817.7 13894.2 12226.9 7430.47 14024.6 9793.06 1667.35 4465.51 4176.04 5617.02 4796.42 1511.77 9559.08
internal_count=168190 109857 58333 50417 30734 59549 50308 7916 19339 20826 29482 19683 7242 40210
is_linear=0
shrinkage=0.03


Tree=75
num_leaves=15
num_cat=0
split_feature=0 0 1 0 0 0 1 1 1 3 3 1 1 3
split_gain=135.326 151.328 69.9743 44.0737 38.5659 31.3903 27.4212 25.1155 17.0974 9.52897 8.64827 8.29905 3.31159 4.27367
threshold=-0.002276469726065006 0.0016563620401740592 1.613000334612485 -0.009143318059400397 -0.00055764435789533906 0.0055487076018163779 0.88812662624768623 -0.12806309473469035 1.3320348130530442 0.60875000000000012 0.3987500000000001 2.5625947355903973 -0.53462929359071076 0.38375000000000009
decision_type=10 10 10 8 10 10 10 8 10 10 8 8 10 10
left_child=3 2 4 12 -2 8 -7 10 -3 -4 -5 -9 13 -1
right_child=1 5 9 7 -6 6 -8 11 -10 -11 -12 -13 -14 -15
leaf_value=0 -0.00093008199202602049 0.00076689281970966411 0.0040529448313453764 0.0045565829331137763 -0.003810971486096818 0.0037964842587117444 0.012988525058179632 0.0048099244374047662 0.0051794166377613585 -0.001181369585792484 0.00056157046951526006 0.012578528702117873 0.013448840784978816 0.0094967992431165479
leaf_weight=51.780359357595444 6367.1374257951975 7028.6061627417803 1613.5236646384001 601.40420047938824 12579.584676116705 1879.8038509041071 350.74538698792458 2503.9564109742641 891.298006772995 362.5463509708643 2692.5105829685926 136.91638046503067 403.52150627225637 158.61034289747477
leaf_count=328 27240 31044 6897 2848 53824 9329 1908 12188 4075 1533 12356 713 2699 970
internal_value=0 -0.000825643 -0.00228493 0.00391651 -0.002847 0.00217571 0.0053202 0.0030991 0.00127695 0.00306129 0.00132073 0.00528125 0.011546 0.00717964
internal_weight=37621.9 31073.2 20922.8 6548.7 18946.7 10150.5 2230.55 5934.79 7919.9 1976.07 3293.91 2640.87 613.912 210.391
internal_count=167952 135850 89494 32102 81064 46356 11237 28105 35119 8430 15204 12901 3997 1298
is_linear=0
shrinkage=0.03


Tree=76
num_leaves=15
num_cat=0
split_feature=2 2 2 0 0 0 3 2 0 0 3 0 0 2
split_gain=354.644 105.763 87.9644 42.5695 41.7837 26.1336 23.0422 21.0511 19.5325 17.4116 13.1193 11.8779 10.3193 8.20031
threshold=0.0027070756574095285 0.0042240118865713439 0.0016064990190196478 0.0027063659757853818 -0.0028051028737475108 -0.0053505284069585114 0.60875000000000012 0.0055675591397784992 -0.0010755043604371854 0.00076532002641895751 0.3887500000000001 0.007112700550997453 0.00058631126683921007 0.0028607738135652005
decision_type=8 8 10 10 10 10 10 10 10 10 10 10 10 10
left_child=2 5 8 4 -4 13 -7 11 10 -10 -1 -3 -9 -2
right_child=1 7 3 -5 -6 6 -8 12 9 -11 -12 -13 -14 -15
leaf_value=0.0076681833920014195 -0.0022592814616539873 0.0032562915134794605 0.0027511693461610889 0.0024384225599456627 -0.0038695229876062011 0.0011852294598396864 -0.0016860204503593335 0.0082830100770532392 -0.011235064745870603 -0.0046140103419941916 -0.0054402972609283277 0.0094922559986957249 0.0048133542174019399 0.0071629316471426329
leaf_weight=87.372269541025162 78.805293992161751 4333.8689061552286 928.85290955007076 1321.9721370339394 9132.7994831800461 11471.975280702114 3198.5670477002859 2029.782131716609 1711.4699606597424 520.53094486892223 213.83134062588215 300.46099996566772 1531.0181061476469 711.99696217477322
leaf_count=371 367 20617 3814 5381 37374 48591 13511 12174 8349 2286 923 1594 8899 3523
internal_value=7.68364e-05 0.00231361 -0.00371995 -0.0025828 -0.00325024 0.000847376 0.000554412 0.00506816 -0.00877623 -0.00974518 -0.00132081 0.00369308 0.00682564 0.00613257
internal_weight=37573.3 23656.5 13916.8 11383.6 10061.7 15461.3 14670.5 8195.13 2533.2 2232 301.204 4634.33 3560.8 790.802
internal_count=167774 109276 58498 46569 41188 65992 62102 43284 11929 10635 1294 22211 21073 3890
is_linear=0
shrinkage=0.03


Tree=77
num_leaves=15
num_cat=0
split_feature=2 2 1 1 1 3 3 2 1 2 2 2 2 2
split_gain=332.898 127.87 60.0199 35.5514 32.8835 31.1933 30.7747 29.8719 26.8921 26.7979 21.013 18.9849 17.2165 14.9257
threshold=0.0024039869930330819 0.0039915687364262924 -0.35749064482675807 0.44741275301483524 -0.40724782905444784 0.49375000000000008 0.56625000000000003 0.0020593652842502883 2.1376717743595877 0.0052406116286393594 0.0020032689886634769 0.0034878767261754045 0.0016064990190196478 0.0020734814841331258
decision_type=8 8 10 10 8 10 10 10 10 10 10 10 10 10
left_child=2 3 5 11 9 12 -5 8 -4 -3 -7 -2 -1 -9
right_child=1 4 7 6 -6 10 -8 13 -10 -11 -12 -13 -14 -15
leaf_value=-0.013389273021191373 -0.0013312827037116157 0.00022409680719722669 -0.0051408996405919978 0.0037590649903676871 0.0060268451428151333 -0.0078218369390827443 -0.0014325599300754241 0.010854859026449681 0.0034462061568258039 0.0051154829185367859 -0.00024615994802391715 0.0012893327357399126 -0.0077034125762537632 -0.00049809484141085942
leaf_weight=724.68382628262043 9228.6398319303989 2258.9775459170341 3397.3841246366501 3728.5790075808764 5571.318831294775 587.56811548769474 1391.2347904890776 99.45942822098732 347.71143199503422 1852.1384393796325 774.33330714702606 3375.5067239552736 2027.4129414111376 2154.0148255079985
leaf_count=3545 37985 10154 14808 16016 29460 2644 5928 402 1448 10432 3141 14640 8441 8721
internal_value=2.90684e-05 0.00174727 -0.0046187 0.000228489 0.00451816 -0.00741491 0.00233658 -0.00268183 -0.0043206 0.00244939 -0.00359148 -0.000624235 -0.00926539 2.22145e-05
internal_weight=37519 27406.4 10112.6 17724 9682.43 4114 5119.81 5998.57 3745.1 4111.12 1361.9 12604.1 2752.1 2253.47
internal_count=167765 124615 43150 74569 50046 17771 21944 25379 16256 20586 5785 52625 11986 9123
is_linear=0
shrinkage=0.03


Tree=78
num_leaves=15
num_cat=0
split_feature=2 2 1 2 1 3 1 1 1 3 2 3 2 2
split_gain=321.628 130.741 60.5436 44.6054 31.2756 27.7247 24.6645 19.9607 19.8315 12.7266 11.3297 10.1218 9.72817 9.02483
threshold=0.0034878767261754045 0.001867979531125979 -0.31818666965122427 0.0053927673544491841 -0.30873636656184172 0.49625000000000002 1.7430398526547062 2.8192056832459476 1.2716954758469721 0.36625000000000002 0.0084826783003338312 0.67375000000000018 0.0036867912319779894 0.0012082362596986117
decision_type=8 10 10 8 10 10 10 10 10 10 8 10 10 10
left_child=1 4 5 8 13 -3 -4 -6 9 -2 11 -5 -10 -1
right_child=3 2 6 10 7 -7 -8 -9 12 -11 -12 -13 -14 -15
leaf_value=-0.015507711573343226 -0.0015085245418569977 -0.0044619285882085656 -7.7036569140645541e-05 0.0050564515406052047 -0.0052405287010501463 -0.00094772430334965187 0.0041319865127564751 0.0069871615710091978 0.00063622557013922568 0.0024448197226479979 0.009556338504144897 0.014544001640590476 0.0075821901824075612 -0.0088441040099334657
leaf_weight=266.16314838826656 777.24865570664406 4649.951890334487 9201.7740602940321 3006.1615541726351 2402.5631243139505 3668.4532961547375 1435.9941916614771 113.92186291515827 249.42239107191563 8357.9956038296223 846.15104249864817 106.00411519408226 960.18927004933357 1445.7093814313412
leaf_count=1326 3489 19013 38014 17104 10769 15040 6025 477 1122 37677 5713 632 4594 6709
internal_value=0.000105715 -0.00207496 -0.00100565 0.00364362 -0.00684094 -0.00292235 0.000488852 -0.00463777 0.00259317 0.00210062 0.00636036 0.00544437 0.00621609 -0.00999906
internal_weight=37487.7 23184.5 18956.2 14303.2 4228.36 8318.41 10637.8 2516.48 10344.9 9135.24 3958.32 3112.17 1209.61 1711.87
internal_count=167704 97373 78092 70331 19281 34053 44039 11246 46882 41166 23449 17736 5716 8035
is_linear=0
shrinkage=0.03


Tree=79
num_leaves=15
num_cat=0
split_feature=2 2 2 3 1 2 3 1 3 1 3 3 3 2
split_gain=289.101 108.834 46.7154 38.7316 37.3588 36.4015 36.3122 33.9039 25.7228 24.0613 18.0804 14.1862 72.6775 30.4311
threshold=0.0022811186681237655 0.0037934352431188167 0.001445588710339061 0.46625000000000011 0.57818794456337408 0.0074696459271216525 0.63875000000000004 0.44741275301483524 0.56625000000000003 -0.40724782905444784 0.65875000000000006 0.38625000000000004 0.40875 0.0012504703659142271
decision_type=8 8 10 10 10 10 10 10 10 10 10 10 10 10
left_child=2 7 11 4 -4 9 -5 10 -9 -3 -2 13 -13 -1
right_child=1 5 3 6 -6 -7 -8 8 -10 -11 -12 12 -14 -15
leaf_value=-0.0022558726284639509 -0.0013395362845766087 0.0013858791207143168 -0.0072818874010100575 0.0015577593992623529 -0.00090361776261142898 0.0086799684007010502 -0.0057810985024093356 0.0033427674365893475 -0.0014010089428866004 0.0043743965265974306 0.0020249809850807839 0.0072682630057240138 -0.01123219496341096 -0.017978614084885981
leaf_weight=170.19497832655907 10922.261537224054 4305.7909607887268 3059.2952671051025 1780.7650009691715 1166.1197321712971 1192.5432193279266 903.48314101994038 3646.9692105799913 1404.1809434443712 5804.7208453416824 1633.4563832134008 233.7093151062727 854.1037258207798 391.35306400060654
leaf_count=813 45247 20448 13030 7347 4816 7971 3799 15529 5927 28956 6793 1108 4118 1906
internal_value=-1.81186e-05 0.00141432 -0.00485949 -0.00375226 -0.00554208 0.00371032 -0.000902424 -5.7506e-05 0.00201202 0.00311022 -0.000895786 -0.00941128 -0.00717284 -0.0134412
internal_weight=37468.9 28909.9 8559.02 6909.66 4225.41 11303.1 2684.25 17606.9 5051.15 10110.5 12555.7 1649.36 1087.81 561.548
internal_count=167808 130871 36937 28992 17846 57375 11146 73496 21456 49404 52040 7945 5226 2719
is_linear=0
shrinkage=0.03


Tree=80
num_leaves=15
num_cat=0
split_feature=0 0 1 1 0 1 1 3 0 1 0 3 3 3
split_gain=108.647 123.251 56.2165 32.7791 31.0917 21.5554 18.5651 19.068 11.8842 11.6851 8.802 8.66875 4.34053 2.12807
threshold=-0.002276469726065006 0.0027063659757853818 1.7430398526547062 -0.75084218104496359 -0.0097776924312434326 2.5625947355903973 1.0161750266758363 0.61625000000000008 0.0047168589773173902 -1.0581604452977842 -0.0016579830001423311 0.53125000000000011 0.38625000000000004 0.60125000000000017
decision_type=8 8 10 10 10 10 10 10 8 10 10 10 10 10
left_child=4 2 3 -2 11 9 7 -3 -8 -6 -4 12 -1 -13
right_child=1 6 10 -5 5 -7 8 -9 -10 -11 -12 13 -14 -15
leaf_value=0.0072025849438748808 -0.0039481830211322497 0.0030779307385968369 0.010724599855843188 -0.0013898262447666746 -0.00025277200339149993 0.015004943200725188 0.0035453939753474824 -0.0013500165660176853 0.0105717000039478 0.0032601375708483258 0.0025419995954146339 -0.0010852694237080587 0.015970214288055569 0.005896655718286058
leaf_weight=139.92480058223009 6343.3216820210218 4610.8238600194454 124.39939425885677 16056.920352250338 992.36831623315811 123.06677417457104 536.35193108022213 1052.8464501798153 424.91857171058655 4887.2086834013462 1851.6045807152987 47.019088178873062 230.38161965459585 73.119302719831467
leaf_count=976 27289 21687 569 69040 4624 625 2502 4791 2276 23416 7931 294 1588 469
internal_value=3.67358e-05 -0.000700978 -0.00168869 -0.00211842 0.00356383 0.00294527 0.00292129 0.00224329 0.00678993 0.00265761 0.00313875 0.0108045 0.0130915 0.00282964
internal_weight=37494.3 31001.2 24376.2 22400.2 6493.09 6002.64 6624.94 5663.67 961.271 5879.58 1976 490.445 370.306 120.138
internal_count=168077 136085 104829 96329 31992 28665 31256 26478 4778 28040 8500 3327 2564 763
is_linear=0
shrinkage=0.03


Tree=81
num_leaves=15
num_cat=0
split_feature=2 2 2 1 3 2 3 3 1 1 1 3 3 2
split_gain=293.703 86.4878 70.8739 34.7717 34.9226 30.6633 26.0879 24.5303 23.0788 22.3092 19.9309 15.0314 14.6511 13.2524
threshold=0.0027070756574095285 0.0037934352431188167 0.0016064990190196478 -0.37763704550690946 0.67875000000000008 0.0055675591397784992 0.56625000000000003 0.55875000000000019 -1.1518724797628306 2.005251759939529 -0.77249895144551728 0.66125000000000012 0.64875000000000005 0.0088198125431252512
decision_type=8 8 10 10 10 8 10 10 10 10 10 10 10 10
left_child=2 6 10 4 -4 8 7 -2 -3 -5 -1 -12 -8 -7
right_child=1 5 3 9 -6 13 12 -9 -10 -11 11 -13 -14 -15
leaf_value=-0.013065063466598208 0.00095172671980490531 -0.0012800683756346751 -0.0053497635298758017 -0.0016720674286708711 0.0034098291955621685 0.0052702592569593429 -0.0037004598103486767 0.01395988462303278 0.0034821356833599996 0.0039882649235136597 -0.0070706194723643475 0.0048985536446244137 0.00013350875231959097 0.010128844488827419
leaf_weight=577.38716506958008 8662.7432934641838 1037.9577509611845 4131.1085648834705 6034.3811773061752 439.17920158803463 2927.175195582211 1875.0855860114098 123.38719655573368 6594.3783779591322 684.56497006118298 1830.6125618070364 86.766574710607529 1654.6546539962292 671.39761650562286
leaf_count=2871 36671 4647 17008 24640 1802 17035 7849 532 30869 2814 8628 400 7021 4623
internal_value=-1.42818e-05 0.0020198 -0.00349234 -0.00246909 -0.00448931 0.00392293 0.000277685 0.00115689 0.00282582 -0.00108137 -0.00807042 -0.00647525 -0.00189094 0.00621893
internal_weight=37330.8 23546.8 13784 11289.2 4570.29 11230.9 12315.9 8786.13 7632.34 6718.95 2494.77 1917.38 3529.74 3598.57
internal_count=167410 109247 58163 46264 18810 57174 52073 37203 35516 27454 11899 9028 14870 21658
is_linear=0
shrinkage=0.03


Tree=82
num_leaves=15
num_cat=0
split_feature=2 2 0 0 2 2 0 3 0 3 0 3 3 3
split_gain=273.437 104.297 65.8747 67.7507 35.624 34.7645 29.81 20.9675 18.746 17.3523 17.0714 15.1537 20.454 8.82504
threshold=0.0022811186681237655 0.0036186789201165357 0.0016941721477928017 -0.00066482403446349364 0.0011258670578612672 0.0055675591397784992 -0.0047907054333534817 0.59125000000000016 -0.010703741393565216 0.67625000000000013 0.00058631126683921007 0.36375000000000007 0.43375000000000002 0.50375000000000003
decision_type=8 8 10 10 10 10 10 10 8 10 10 10 10 10
left_child=2 6 3 7 -5 8 13 -1 -3 -8 -7 -4 -13 -2
right_child=1 5 11 4 -6 10 9 -9 -10 -11 -12 12 -14 -15
leaf_value=-0.0026572573557176061 0.0017762727634653816 0.013810334574210398 0.0097997635054692406 -0.01633653977763265 -0.0069469162607939698 0.0078367552595096715 -0.0008430769434532089 0.0054120714537461111 0.0022974450023347834 0.0025493459208647609 0.0034781321280805064 -0.0043807345821020235 0.0035456216776681136 0.0081143723135231171
leaf_weight=1907.6000941991806 411.6656830906868 121.81900399923325 159.12870100140572 405.50474935770035 4576.0571060925722 1997.9861905127764 13610.121016800404 328.17729538679123 9275.5632427930832 1490.9464088827372 1510.5161725729704 497.91664125025272 680.76626212894917 448.49250261485577
leaf_count=8022 1917 796 656 2031 20153 12232 56118 1349 42679 6127 8933 2043 2772 2134
internal_value=3.20731e-05 0.00142989 -0.00467366 -0.00580742 -0.00775446 0.00343439 -0.000188276 -0.00142726 0.00246759 -0.000502703 0.00599251 0.00139602 0.000138092 0.00520523
internal_weight=37422.3 28867.1 8555.15 7217.34 4981.56 12905.9 15961.2 2235.78 9397.38 15101.1 3508.5 1337.81 1178.68 860.158
internal_count=167962 130936 37026 31555 22184 64640 66296 9371 43475 62245 21165 5471 4815 4051
is_linear=0
shrinkage=0.03


Tree=83
num_leaves=15
num_cat=0
split_feature=2 2 1 2 1 3 1 1 3 1 2 2 3 1
split_gain=239.719 83.9101 50.5537 40.4637 33.7221 25.4771 23.3719 20.7254 16.568 14.6252 8.55531 8.23618 7.04715 5.7854
threshold=0.0034878767261754045 0.001867979531125979 -0.72062714534490557 0.0057558723285817152 -0.064921343697346923 0.44375000000000003 1.7430398526547062 1.3320348130530442 0.62125000000000019 2.1376717743595877 0.0088198125431252512 0.0012082362596986117 0.62375000000000014 -0.42684669377188705
decision_type=8 10 10 10 10 10 10 8 10 10 10 10 10 10
left_child=1 4 5 7 11 -3 -4 8 -2 -6 12 -1 -5 -12
right_child=3 2 6 10 9 -7 -8 -9 -10 -11 13 -13 -14 -15
leaf_value=-0.013206286761711213 0.0022388947448589987 -0.0066354816071946812 -0.00054538252757895 0.0044240431508697298 -0.0039491569904689721 -0.0020942986536071424 0.0034914278317973182 0.0058956010708192423 -0.00098776702527811626 0.0035454566016027448 0.005133420626161159 -0.0074998609772416241 0.0094772065907661879 0.011643329512082804
leaf_weight=322.74790552258492 8094.6422384232283 1689.1775625646114 12332.538822233677 2277.6282745748758 1837.2805512994528 3445.9230990856886 1430.458433881402 1180.8858313411474 1705.1986886560917 252.08433751761913 279.0340486317873 1777.2589783221483 312.00197597593069 388.83791629225016
leaf_count=1631 37267 6929 50880 13275 8274 14088 6016 5730 7709 1063 1862 8311 1863 2789
internal_value=-3.9836e-05 -0.00192919 -0.00107228 0.00301876 -0.00576861 -0.00360976 -0.00011923 0.00213564 0.0016709 -0.00300376 0.00596167 -0.00846374 0.00509005 0.00912788
internal_weight=37325.7 23087.5 18898.1 14238.2 4189.37 5135.1 13763 10980.7 9799.84 2089.36 3257.5 2100.01 2589.63 667.872
internal_count=167687 97192 77913 70495 19279 21017 56896 50706 44976 9337 19789 9942 15138 4651
is_linear=0
shrinkage=0.03


Tree=84
num_leaves=15
num_cat=0
split_feature=2 2 1 3 1 1 2 3 3 1 2 2 2 1
split_gain=224.826 88.5093 57.2272 39.959 36.1412 23.9817 23.9046 22.5878 16.6729 16.6341 15.8268 14.4251 11.7833 6.1846
threshold=0.0024039869930330819 0.0046510927379661516 -0.2373903025275331 0.49375000000000008 1.3320348130530442 2.005251759939529 0.0020593652842502883 0.53375000000000006 0.71375000000000011 -1.0067137764785983 0.001445588710339061 0.0037060611158785469 0.0057558723285817152 3.4776108912586401
decision_type=8 8 10 10 10 10 10 8 10 10 10 10 10 10
left_child=2 4 3 10 9 6 -4 -5 12 -2 -1 -6 -3 -7
right_child=1 8 5 7 11 13 -8 -9 -10 -11 -12 -13 -14 -15
leaf_value=-0.013350845182609398 -0.0018815129956953162 0.0028299921039608438 -0.0042105305211019711 0.003742236501301757 0.0024198351961176017 0.0020215774944100664 8.1506406224044977e-05 -0.00453502527087884 0.018010601345046309 0.00038686130193459848 -0.0073125688960049276 0.0078396032274422062 0.0055463405620574894 0.010050063460800019
leaf_weight=519.22596310079098 3591.4194922149181 2906.0136077553034 3012.7107747942209 388.52761383354664 1797.6358663737774 516.67659921944141 1858.5502405017614 1102.5030703097582 74.563718505203724 15102.480299651623 2515.1698100566864 611.69829988479614 3214.6046152561903 105.75449907779694
leaf_count=2635 15006 14647 13228 1718 7721 2147 7515 4650 459 64378 10716 2885 19588 438
internal_value=-8.28701e-05 0.00132627 -0.00392575 -0.00642606 0.00039683 -0.00184728 -0.00256387 -0.00232763 0.00447692 -4.64975e-05 -0.00840597 0.00384736 0.00427315 0.00361788
internal_weight=37317.5 27298.4 10019.1 4525.43 21103.2 5493.69 4871.26 1491.03 6195.18 18693.9 3034.4 2409.33 6120.62 622.431
internal_count=167731 124684 43047 19719 89990 23328 20743 6368 34694 79384 13351 10606 34235 2585
is_linear=0
shrinkage=0.03


Tree=85
num_leaves=15
num_cat=0
split_feature=2 2 2 2 3 0 0 0 0 0 3 3 2 2
split_gain=241.209 88.2282 30.5336 29.8501 29.1818 24.2052 30.7008 22.3975 20.3664 18.4372 12.0027 9.50108 13.7135 5.65122
threshold=0.0034434709815845299 0.0016585640722040918 0.0024039869930330819 0.0059498431259504261 0.46875000000000006 -0.00066482403446349364 0.00065871034215193565 -0.011748775767563344 -0.0012556167928797826 0.0021461270542633653 0.35875000000000007 0.58875000000000011 0.0088198125431252512 0.0051512152574994261
decision_type=8 10 10 8 10 10 10 10 10 10 10 8 10 10
left_child=1 5 4 7 -3 10 -7 13 -4 -9 -1 12 -5 -2
right_child=3 2 8 11 -6 6 -8 9 -10 -11 -12 -13 -14 -15
leaf_value=0.0095243877900153835 0.021217382293044294 -0.0044142224293963472 0.0016849550436577297 0.0034312052873631013 -0.00055324235190211499 -0.010647322691181902 -0.0028082150932828955 0.0014328490428250197 -0.0010114516163512704 0.0040996917184397269 -0.0029634352307917776 0.0093284177250049748 0.0086364553047797461 0.0041756951333259242
leaf_weight=68.855644345283508 61.740549221634865 4025.8358577787876 3465.5188398510218 1858.5453161895275 3201.9924724698067 1532.1771256476641 680.28265498578548 8135.5004231631756 9113.7302551567554 3347.3086247891188 505.77773514389992 570.29785905778408 645.59983749687672 44.61553630232811
leaf_count=307 397 16669 14848 10953 13092 7685 3043 36755 37246 16072 2287 3442 4526 321
internal_value=7.22324e-05 -0.00187046 -0.00116184 0.00306892 -0.00271519 -0.00686282 -0.00828745 0.00235926 -0.000263091 0.00221836 -0.00122713 0.00570822 0.00482606 0.0155575
internal_weight=37257.8 22594.2 19807.1 14663.6 7227.83 2787.09 2212.46 11589.2 12579.2 11482.8 574.633 3074.44 2504.15 106.356
internal_count=167643 95177 81855 72466 29761 13322 10728 53545 52094 52827 2594 18921 15479 718
is_linear=0
shrinkage=0.03


Tree=86
num_leaves=15
num_cat=0
split_feature=2 2 0 0 2 0 0 2 2 3 0 3 3 3
split_gain=204.037 84.1136 48.652 53.5572 36.1704 32.7591 34.7738 33.4434 23.2481 21.9187 18.0123 8.62877 16.5549 7.94989
threshold=0.0022811186681237655 0.0039915687364262924 -0.0026645119348182159 0.00098990204602065666 0.0012970047784985046 -0.0018393464278976877 0.00014012782349038033 0.0038080536024029036 0.0074696459271216525 0.36375000000000007 -0.0065479513879402066 0.46625000000000011 0.38125000000000003 0.56625000000000003
decision_type=8 8 10 10 10 10 10 10 10 10 8 10 10 10
left_child=2 5 11 4 -4 7 -7 -2 10 -5 -3 12 -1 -10
right_child=1 8 3 9 -6 6 -8 -9 13 -11 -12 -13 -14 -15
leaf_value=0.011403547965432524 0.0016497140829648653 0.0081914564821160604 -0.011728403271484677 0.0073543424957563299 -0.0050508568704686618 -0.0024317981278823499 0.00054493226975827901 0.011474916282090731 0.0063920381910912583 -0.0016869757603285398 0.002592099685784454 0.0099902153523844361 -0.0033991532650601173 0.014353329121199642
leaf_weight=91.7586390376091 3652.4925265014172 559.99129624664783 878.23985923826694 265.34472806751728 5007.2644651830196 5527.4504334330559 9689.6456131786108 335.31574863195419 995.32941862940788 1894.9986208975315 7812.1928318291903 191.34453789889812 188.38989654183388 147.38133804500103
leaf_count=375 15992 3596 4436 1106 21721 22599 40547 1547 6813 7847 38457 779 774 1048
internal_value=3.33968e-05 0.0012445 -0.00403998 -0.00459391 -0.00607567 9.80605e-05 -0.00053328 0.00251751 0.00354965 -0.000520059 0.00298311 0.00518705 0.00146839 0.00758651
internal_weight=37237.1 28719.8 8517.34 8045.85 5885.5 19204.9 15217.1 3987.81 9514.89 2160.34 8372.18 471.493 280.149 1142.71
internal_count=167637 130599 37038 35110 26157 80685 63146 17539 49914 8953 42053 1928 1149 7861
is_linear=0
shrinkage=0.03


Tree=87
num_leaves=15
num_cat=0
split_feature=2 2 0 1 0 2 0 0 2 2 0 1 1 0
split_gain=202.481 72.8124 43.4284 42.7171 40.6511 31.3991 26.7452 22.2235 19.2251 18.8987 18.4874 7.16649 6.71787 4.97693
threshold=0.0034190409572881493 0.0019877204066549993 0.00087616433058625382 -0.72062714534490557 -0.00066482403446349364 0.0074696459271216525 -0.0062679720304125762 -0.0009444987947838712 0.0010889261252982538 0.0024039869930330819 0.0092551009283870032 -0.44589712363640516 -0.51472807222262118 -0.0062679720304125762
decision_type=8 10 10 10 10 8 10 10 10 10 10 10 10 8
left_child=1 2 4 9 -1 6 11 -5 -4 -3 -8 -2 13 -7
right_child=5 3 8 7 -6 12 10 -9 -10 -11 -12 -13 -14 -15
leaf_value=-0.0016570775591520598 0.0038165780010474678 -0.006297151215467184 -0.014331853529758095 0.0021426165258836773 -0.0084529064071658614 -0.0019118838850081289 0.0018494905142946807 -0.0006456001794066166 0.0006164513109533597 -0.0019769013160342258 0.0086308652876657468 0.010349994289819971 0.009263132503455852 0.0056291444056475633
leaf_weight=1162.0401322096586 305.87327794730663 1288.5779272466898 72.072285354137421 3627.7929935306311 2695.4299609810114 78.879971101880074 12629.029658004642 8747.7546529769897 1322.9819203466177 3358.2527659982443 369.11506511271 449.11926823854446 749.28073883056641 397.56982339918613
leaf_count=5031 1801 5277 338 15357 12859 609 58962 35767 5541 13716 1955 2844 5305 2546
internal_value=0.000104709 -0.00170703 -0.00479341 -0.000748906 -0.0064308 0.00280228 0.00238211 0.000167969 -0.000209621 -0.00319875 0.00205316 0.00786601 0.00741073 0.00424369
internal_weight=37253.8 22274.9 5252.52 17022.4 3857.47 14978.9 13753.1 12375.5 1395.05 4646.83 12998.1 754.993 1225.73 476.45
internal_count=167908 93886 23769 70117 17890 74022 65562 51124 5879 18993 60917 4645 8460 3155
is_linear=0
shrinkage=0.03


Tree=88
num_leaves=15
num_cat=0
split_feature=2 2 2 1 0 0 0 1 0 1 0 0 0 0
split_gain=187.746 60.9167 49.9821 40.6909 37.3557 32.4241 29.4332 19.2871 34.8512 9.09451 8.74074 11.3432 6.86574 6.46214
threshold=0.0030729163931431467 0.0016064990190196478 0.0052406116286393594 1.8913997938054929 -0.0080447891194758668 0.0047168589773173902 -0.0059975191124449169 -0.8802598567718426 -0.000717733065980874 1.0391419018915939 0.0013674571868498725 0.012260103503179713 -0.00020981811049925917 -0.0011091965484157284
decision_type=8 10 8 10 10 10 10 10 10 10 8 10 10 10
left_child=1 7 5 4 -3 6 -2 -1 -9 -7 13 -12 -5 -4
right_child=2 3 10 12 -6 9 -8 8 -10 -11 11 -13 -14 -15
leaf_value=-0.011949022290133124 0.0068533868477177514 0.015881315120129139 0.0049670448812057953 0.0073907898943152001 -0.001955874358282123 0.0045135814051103455 0.00053769108465459385 0.0030183140130344956 -0.0070126743351192388 0.011795175312747938 0.002498661769301188 0.013225340457859018 0.0021492480935056584 0.0084363433125765365
leaf_weight=481.86857168376446 693.18531760573387 95.860017836093903 1778.5513448417187 403.31151609122753 14352.988022342324 1268.4490613490343 12913.852568209171 371.26641325652599 1599.0423297733068 189.64938606321812 1548.3123394697905 88.787657305598259 623.84474340081215 837.55880501866341
leaf_count=2465 3712 477 11265 1695 58992 5985 56090 1661 7803 985 9183 594 2576 4453
internal_value=9.67229e-05 -0.00211193 0.00214958 -0.00140863 -0.00182248 0.00133157 0.000868635 -0.00650248 -0.00508653 0.00557543 0.00502305 0.00319361 0.0043166 0.0061285
internal_weight=37246.5 17928.2 19318.3 15476 14448.8 15065.1 13607 2452.18 1970.31 1458.1 4253.21 1637.1 1027.16 2616.11
internal_count=167936 75669 92267 63740 59469 66772 59802 11929 9464 6970 25495 9777 4271 15718
is_linear=0
shrinkage=0.03


Tree=89
num_leaves=15
num_cat=0
split_feature=2 2 2 0 3 3 0 2 2 3 3 0 2 0
split_gain=197.742 75.4936 35.2403 29.6264 29.5107 39.9085 26.3581 24.3448 22.5719 20.5111 26.9579 20.6136 17.8682 11.5643
threshold=0.0024039869930330819 0.0037934352431188167 0.0014982742317421387 0.00084962685549874728 0.43875000000000003 0.37625000000000003 -0.010703741393565216 0.002393234486268788 0.0010889261252982538 0.56625000000000003 0.67625000000000013 0.0013674571868498725 0.0088198125431252512 9.9345567484226784e-05
decision_type=8 8 10 10 10 10 8 10 10 10 10 10 10 10
left_child=2 9 3 13 5 -4 -3 -6 -5 11 -11 -2 -8 -1
right_child=1 6 4 8 7 -7 12 -9 -10 10 -12 -13 -14 -15
leaf_value=-0.0071135865546742144 -7.6373616277480879e-05 0.011957561850187894 -0.00040230607769996561 -0.013365624565575829 -0.00065448391868853874 -0.0069736612555159928 0.0027080785267262013 -0.013644030144787208 0.0040230025481820687 -0.0032618135376789991 0.0015156606274698112 0.0026932355140018112 0.008105458736981765 -0.013316056603750426
leaf_weight=903.66673412919044 8064.6414211839437 301.5176864117384 1299.258217856288 76.415452033281326 4363.8887256830931 2411.9593137651682 10268.763614103198 124.69199959933758 291.36540456116199 3064.3557970672846 1597.6631013900042 3420.4704881459475 590.70054246485233 488.40867967903614
leaf_count=4525 33688 2298 5519 363 18088 10221 51136 505 1287 12765 6706 14504 4101 2523
internal_value=5.43166e-05 0.00137567 -0.0035604 -0.0074237 -0.0027159 -0.00469649 0.00327184 -0.0010582 0 6.01017e-05 -0.001612 0.000744871 0.00301438 -0.00941197
internal_weight=37267.8 27308.1 9959.65 1759.86 8199.8 3711.22 11161 4488.58 367.781 16147.1 4662.02 11485.1 10859.5 1392.08
internal_count=168229 125198 43031 8698 34333 15740 57535 18593 1650 67663 19471 48192 55237 7048
is_linear=0
shrinkage=0.03


Tree=90
num_leaves=15
num_cat=0
split_feature=2 2 1 1 2 2 2 3 3 1 1 3 3 3
split_gain=178.31 74.8647 39.9995 25.0474 22.3268 21.0621 20.6638 27.7603 17.3803 16.947 15.7132 12.6575 11.2618 8.16749
threshold=0.0024039869930330819 0.0039915687364262924 -0.39726467404666471 1.501502433870898 0.0064893139797160262 0.0016064990190196478 0.0012970047784985046 0.40875 0.61625000000000008 -0.73091158473852458 2.5625947355903973 0.49625000000000002 0.43875000000000003 0.56625000000000003
decision_type=8 8 10 10 10 10 10 10 10 8 10 10 10 10
left_child=2 3 5 8 9 11 7 -4 -2 -3 -8 -1 -7 -5
right_child=1 4 6 13 -6 12 10 -9 -10 -11 -12 -13 -14 -15
leaf_value=-0.01196242222650004 0.00022641045320266544 0.00030648485852096042 0.00057869531473180534 0.0047990114108254793 0.0060992873119222997 -0.0066611528963763872 -0.0016616807553254363 -0.011644387313430492 -0.0022442656668167048 0.0035221040586705596 0.0053280187749690563 -0.0031220895702975646 -0.0028180094606104593 1.4027999949490336e-05
leaf_weight=675.11658073961735 12848.729259848595 2124.5434622615576 261.83392249047756 1248.8028724938631 2170.8887222111225 1303.1588481515646 5139.7815070450306 408.95669251680374 3182.4021075069904 5169.3754489570856 293.57537859678268 221.72958751022816 1668.8633246272802 465.0088677406311
leaf_count=3461 54004 10111 1271 5448 13910 5538 21596 2015 13341 25983 1212 1115 6894 2003
internal_value=0 0.00125765 -0.00342966 0.000104446 0.00341098 -0.0058206 -0.00189741 -0.00684672 -0.000261406 0.00259539 -0.0012639 -0.0099015 -0.00453994 0.00354312
internal_weight=37182.8 27209.8 9973.02 17744.9 9464.81 3868.87 6104.15 670.791 16031.1 7293.92 5433.36 896.846 2972.02 1713.81
internal_count=167902 124800 43102 74796 50004 17008 26094 3286 67345 36094 22808 4576 12432 7451
is_linear=0
shrinkage=0.03


Tree=91
num_leaves=15
num_cat=0
split_feature=2 2 2 0 0 0 0 0 3 0 2 3 2 0
split_gain=164.093 48.967 41.3954 33.3479 25.9329 37.5491 25.0671 20.8497 18.1935 17.4943 10.2236 10.0332 6.04622 2.21105
threshold=0.0030729163931431467 0.0016226914765030776 0.0053927673544491841 -0.0084981284614338171 0.00071140188539852822 -0.0018851828256214898 -0.0011445930297114785 0.0027063659757853818 0.74875000000000014 0.00065871034215193565 0.0084826783003338312 0.50375000000000003 0.0013719695818470397 -0.0047907054333534817
decision_type=8 10 8 10 10 10 10 10 10 10 10 10 10 10
left_child=1 6 4 -3 5 -2 12 -5 -6 -8 11 -4 -1 -12
right_child=2 3 10 7 8 -7 9 -9 -10 -11 13 -13 -14 -15
leaf_value=-0.0029113904521210895 0.0025794738883093879 0.016474663860102511 0.0025765293323731495 -0.0018639504169960484 0.0029296051522661173 -0.0014174929749921478 -0.0084654713817173717 0.0014128247120596762 -0.009055559825054767 -0.0023800490190654089 0.0043875780263568044 0.0061977537109590948 0.0054186797500380048 0.0092504776858589322
leaf_weight=110.95653890073299 3594.120718806982 83.742898300290108 1914.8312487453222 13211.619382575154 6587.477236956358 5100.9436128586531 1669.3330669999123 1985.1143219321966 104.17458692193031 623.2960798740387 200.39212669432163 1184.5359583944082 189.47119189798832 533.00486242026091
leaf_count=495 16949 425 11354 54317 29631 21470 8519 8176 449 2827 1658 6915 813 3621
internal_value=9.43015e-05 -0.00197255 0.00201956 -0.00131855 0.00131756 0.000228833 -0.00578355 -0.00143132 0.00272083 -0.00685461 0.00481138 0.00399529 0.00215419 0.00807935
internal_weight=37093 17873.5 19219.5 15280.5 15386.7 8695.06 2593.06 15196.7 6691.65 2292.63 3832.76 3099.37 300.428 733.397
internal_count=167619 75572 92047 62918 68499 38419 12654 62493 30080 11346 23548 18269 1308 5279
is_linear=0
shrinkage=0.03


Tree=92
num_leaves=15
num_cat=0
split_feature=2 2 0 0 0 0 3 2 0 2 0 0 0 2
split_gain=162.047 58.7247 46.4876 35.5605 33.2262 35.0847 25.9063 19.5156 18.1461 15.4427 13.8601 6.33035 9.59854 4.26961
threshold=0.0024304647363403431 0.0039915687364262924 0.0028318710392847076 -0.0026645119348182159 -0.0018393464278976877 0.00082159576828511516 0.46875000000000006 0.0038080536024029036 -0.010703741393565216 0.0022034277975385235 0.012260103503179713 0.0055487076018163779 0.0040642569748076439 0.0021598888065144863
decision_type=8 8 10 10 10 10 10 10 8 10 10 10 10 10
left_child=2 4 3 9 7 -6 -5 -2 -3 -1 -10 12 -4 -13
right_child=1 8 11 6 5 -7 -8 -9 10 -11 -12 13 -14 -15
leaf_value=0.0061685746609750295 0.0018678109515055691 0.010338647646516182 0.0045635366199714518 -0.0058430428362839619 -0.002124833820010249 0.00091155759748939402 -0.0024823813247110641 0.0094608667744268526 0.0025915510677331469 -0.0030978861078702412 0.011606124147712232 0.012920901592382404 -0.0025179325942081641 0.0022526974852191536
leaf_weight=418.25734665989876 3359.7662296742201 291.78308115154505 433.82402043044567 5082.6665950268507 6864.1643288135529 6785.4676621556282 3648.7653338760138 332.82704299688339 9005.3065934181213 242.71610528230667 151.34228595346212 86.080537438392639 261.700045093894 85.071904212236404
leaf_count=1711 14827 2265 1761 22479 28035 28778 15627 1548 46857 992 933 351 1060 349
internal_value=-0.000117152 0.00110899 -0.00332292 -0.00393945 6.83215e-05 -0.000611436 -0.00444997 0.00259211 0.00301067 0.00268096 0.00275959 0.00325878 0.00181608 0.00836652
internal_weight=37049.7 26790.7 10259.1 9392.41 17342.2 13649.6 8731.43 3692.59 9448.43 660.973 9156.65 866.677 695.524 171.152
internal_count=167573 123243 44330 40809 73188 56813 38106 16375 50055 2703 47790 3521 2821 700
is_linear=0
shrinkage=0.03


Tree=93
num_leaves=15
num_cat=0
split_feature=2 2 0 0 0 1 0 1 0 2 1 1 1 2
split_gain=137.156 56.8445 37.1531 45.3699 36.8946 35.5453 31.2789 30.7547 24.3944 19.9977 19.7975 15.6715 8.01856 7.84839
threshold=0.0023069954082973669 0.0039915687364262924 0.0016563620401740592 -0.00066482403446349364 -0.0018393464278976877 2.005251759939529 0.00038089203784715388 0.31209825431470956 -0.010703741393565216 0.0038080536024029036 0.65721629996608555 -0.84683139255990691 -0.51472807222262118 0.0015339518385634133
decision_type=8 8 10 10 10 10 10 10 8 10 10 10 10 10
left_child=2 4 3 7 9 -5 -6 -1 12 -2 -10 -4 -3 -13
right_child=1 8 11 5 6 -7 -8 -9 10 -11 -12 13 -14 -15
leaf_value=-0.0030967805578133007 0.0018953412655542429 0.0027939574630914837 -0.0045087012258554693 -0.0065221415458649673 -0.0023019989820632905 0.0030400328108170938 0.00047434055069199305 0.0042703832466695069 0.001794128219795798 0.0096101426004114587 0.0051881288708821877 0.0090597578702739465 0.014635463634458326 0.0016394003084031739
leaf_weight=1566.6414895355701 3600.1464764326811 93.789924845099449 338.34727720916271 4658.3200812041759 6266.4727653861046 363.62719793617725 8667.0315949171782 740.58758960664272 7125.8603374511003 327.53359633684158 2017.6517096459866 147.27883447706699 200.36165324598551 968.95883685350418
leaf_count=6643 15813 690 1395 21165 25596 1525 36432 3066 36731 1527 11067 630 1609 3940
internal_value=-7.02261e-05 0.000944748 -0.00334437 -0.00421421 -3.51649e-06 -0.00581318 -0.000687427 -0.000697909 0.0028442 0.0025767 0.00255447 0.000996337 0.0112731 0.00274348
internal_weight=37082.6 28298.8 8783.76 7329.18 18861.2 5021.95 14933.5 2307.23 9437.66 3927.68 9143.51 1454.58 294.152 1116.24
internal_count=167829 129465 38364 32399 79368 22690 62028 9709 50097 17340 47798 5965 2299 4570
is_linear=0
shrinkage=0.03


Tree=94
num_leaves=15
num_cat=0
split_feature=2 2 2 1 1 1 0 0 0 0 2 0 0 0
split_gain=141.471 42.7899 38.2791 31.3187 27.7418 22.5484 32.1188 21.6632 21.633 17.1313 14.5858 13.649 12.3161 10.3729
threshold=0.0028156294542010106 0.0047080774960687015 0.0016585640722040918 1.2716954758469721 0.8489086169884742 -0.86919452661175001 -0.0010397748304740357 -1.0000000180025095e-35 0.0027063659757853818 0.0012995561505921398 0.0047391103548127568 0.00098990204602065666 -0.0009444987947838712 0.0063052660042571063
decision_type=8 8 10 10 10 10 10 8 10 10 8 10 10 10
left_child=2 3 5 9 8 -1 -7 12 -4 -2 -9 -6 -3 -5
right_child=1 7 4 13 11 6 -8 10 -10 -11 -12 -13 -14 -15
leaf_value=-0.010954520182004093 -0.00046822986233313542 0.0047449248808818581 -0.0027551493629952278 0.0038298602852691339 -8.8785930076020403e-05 0.0050423891493906687 -0.0054417509127421305 0.014216643618816192 0.0014533329182431251 0.0017075173374950421 0.0015975569149527678 0.0047487880425886933 0.010408396164127771 0.015135519342397076
leaf_weight=539.63951124250889 9432.3274907320738 2314.3866482824087 8533.1573600322008 1835.6723149716854 1738.8099375218153 291.03561159968376 1901.2987165153027 76.619746506214142 1235.511820986867 4945.9365558922291 2957.4183556735516 727.66492669284344 439.87293004989624 72.077877670526505
leaf_count=2784 40426 14255 35088 8250 7123 1255 9305 371 5008 21773 16487 3007 2245 375
internal_value=2.67733e-05 0.00155475 -0.0022223 0.000761666 -0.00149609 -0.00543547 -0.00400615 0.00377069 -0.0022158 0.000276695 0.0019816 0.00132759 0.0057055 0.00436499
internal_weight=37041.4 22074.3 14967.1 16286 12235.1 2731.97 2192.33 5788.3 9768.67 14378.3 3034.04 2466.47 2754.26 1907.75
internal_count=167752 104182 63570 70824 50226 13344 10560 33358 40096 62199 16858 10130 16500 8625
is_linear=0
shrinkage=0.03


Tree=95
num_leaves=15
num_cat=0
split_feature=2 2 1 3 1 2 1 1 1 3 2 2 3 2
split_gain=137.829 57.3789 46.7221 23.2067 22.1086 20.4377 17.7423 17.1801 13.9963 13.7681 8.24358 7.32827 7.12963 6.56989
threshold=0.0034190409572881493 0.0016585640722040918 -0.46574804205549952 0.67625000000000013 -0.86919452661175001 0.0053927673544491841 1.7430398526547062 1.3320348130530442 2.4564214737292143 0.36625000000000002 0.0036721435373353695 0.0088198125431252512 0.62375000000000014 0.0015933974398020996
decision_type=8 10 10 10 10 8 10 10 10 10 10 10 10 10
left_child=1 4 3 -3 13 7 -4 9 -6 -2 -9 12 -7 -1
right_child=5 2 6 -5 8 11 -8 10 -10 -11 -12 -13 -14 -15
leaf_value=-0.012621560294019058 -0.0025734130057747198 -0.0033937679445380552 -0.0002284100091457714 0.0021933383275932849 -0.0047643866154565232 0.002892340131284258 0.0032519876772062065 0.00050180342424331538 0.0054304817964995694 0.0014734011496476253 0.0064385063596333015 0.0071774014176366812 0.007336208902291955 -0.0025658024924955767
leaf_weight=444.43430931866169 806.72829239070415 6602.7081784904003 10696.357419386506 724.12079395353794 2056.6605238616467 2786.6975443065166 1490.8474671691656 307.84709680080414 115.20485006272793 9037.6375799924135 878.89046366512775 627.48296895623207 392.78515154123306 91.946549654006958
leaf_count=2343 3647 27229 44289 2983 9983 16580 6258 1386 496 40985 4305 4587 2399 439
internal_value=-1.58937e-05 -0.00151223 -0.000939177 -0.00283117 -0.00560056 0.00222056 0.000194741 0.00155525 -0.0041737 0.00113341 0.00496569 0.00412353 0.00348142 -0.0110861
internal_weight=37060.3 22222.3 19514 7326.83 2708.25 14838.1 12187.2 11031.1 2171.87 9844.37 1186.74 3806.97 3179.48 536.381
internal_count=167909 94020 80759 30212 13261 73889 50547 50323 10479 44632 5691 23566 18979 2782
is_linear=0
shrinkage=0.03


Tree=96
num_leaves=15
num_cat=0
split_feature=2 2 1 1 2 1 0 0 0 0 2 0 0 1
split_gain=116.767 48.2009 36.8 35.212 33.4305 23.5069 19.7854 12.714 11.3126 9.48035 19.8635 9.16634 15.0176 5.10245
threshold=0.0023069954082973669 0.005292812870999245 1.6965968415226571 -0.74074858462786197 0.0012970047784985046 -0.35749064482675807 -0.0036391420074520071 0.00093289548222463218 0.00038089203784715388 0.0014681544973237709 0.0064893139797160262 0.00079339463704917177 -0.00017265298343091602 -1.2555963431595976
decision_type=8 8 10 10 10 10 10 10 10 8 8 10 10 10
left_child=2 3 4 8 7 -6 -5 -1 -2 13 -11 12 -4 -3
right_child=1 9 11 6 5 -7 -8 -9 -10 10 -12 -13 -14 -15
leaf_value=-0.010584484226650341 -0.0026265630031038802 0.0011403310896150065 0.0054106447864211036 0.0041548976937615667 -0.004893604246663655 -0.0013737631697776115 0.00076371425303689913 -0.00066872070582493272 -0.00011224337293686684 -0.0019864219392457922 0.004876580788534317 0.0082232586606947738 -0.0042631239001347651 0.0055797795992300059
leaf_weight=772.82546970248222 3518.7870623171329 305.78265222162008 303.69566667079926 1720.6581922918558 3107.7142023742199 3942.7522252053022 15905.024645760655 153.77920153737068 3059.7661772966385 635.27821962535381 887.10475246608257 217.77460291981697 253.84448045492172 2226.7714975848794
leaf_count=4086 14910 1774 1275 8440 13574 16733 68270 712 12954 3577 5752 897 1076 13804
internal_value=-2.62251e-05 0.000910033 -0.0030536 0.000399438 -0.00366371 -0.00293848 0.00110034 -0.00902764 -0.00146817 0.00393457 0.00197928 0.00311409 0.000903009 0.00507395
internal_weight=37011.6 28259.2 8752.39 24204.2 7977.07 7050.47 17625.7 926.605 6578.55 4054.94 1522.38 775.315 557.54 2532.55
internal_count=167834 129481 38353 104574 35105 30307 76710 4798 27864 24907 9329 3248 2351 15578
is_linear=0
shrinkage=0.03


Tree=97
num_leaves=15
num_cat=0
split_feature=2 2 1 1 1 3 2 3 1 3 3 2 3 3
split_gain=114.59 46.9626 32.3754 25.7016 23.2342 17.6271 13.9992 12.8548 12.1853 7.31789 7.09913 5.86013 2.2651 1.90206
threshold=0.0033663546919533052 0.0016064990190196478 1.7430398526547062 -0.85804109703272757 2.5625947355903973 0.67875000000000008 0.0053927673544491841 0.66125000000000012 -0.73091158473852458 0.49625000000000002 0.28625000000000006 0.0017372338072111071 0.60875000000000012 0.51875000000000016
decision_type=8 10 10 10 10 10 8 10 10 10 8 10 10 8
left_child=1 3 5 9 6 -3 8 -5 -2 -1 -8 -4 13 -6
right_child=4 2 11 7 12 -7 10 -9 -10 -11 -12 -13 -14 -15
leaf_value=-0.01388669225624139 -0.00029859225369549704 -0.0015956910295259058 -0.0041055495359733074 -0.0043521306888702916 0.0081917246541312119 0.0017248996811412814 0.014152268775946485 0.0065089455569178655 0.001847896509118349 -0.0039258348818664319 0.0031575300462378291 0.0037998764677687402 0.0030656068506067224 0.016853105606607556
leaf_weight=354.23282444477081 3310.3517680317163 16132.21438267827 74.610266968607903 1838.7507898211479 223.78872450441122 1554.3620744198561 47.98723566532135 90.634927749633789 8051.258882433176 116.03833928704262 3687.8174274861813 1382.8658598661423 77.579160898923874 60.537853464484215
leaf_count=1887 14582 66735 307 9004 1162 6449 320 427 37018 603 22903 5812 379 315
internal_value=-2.82086e-05 -0.00144374 -0.000942582 -0.00539652 0.00194022 -0.00129966 0.00175156 -0.00378005 0.0012175 -0.0116867 0.00335218 0.00332908 0.00939055 0.0107497
internal_weight=37003 21543.7 19144.1 2399.66 15459.3 17686.6 15097.4 1929.39 11361.6 470.271 3735.8 1457.48 361.906 284.327
internal_count=167903 91224 79303 11921 76679 73184 74823 9431 51600 2490 23223 6119 1856 1477
is_linear=0
shrinkage=0.03


Tree=98
num_leaves=15
num_cat=0
split_feature=0 0 1 0 0 3 1 3 3 1 0 3 0 1
split_gain=51.0116 56.9068 46.5218 39.6984 13.991 9.40877 9.30295 7.86892 14.9502 7.80713 7.49664 4.49871 9.41841 2.55932
threshold=-0.0053505284069585114 0.0027063659757853818 2.5625947355903973 -0.00050632814563715469 0.012260103503179713 0.61375000000000013 -0.30873636656184172 0.3937500000000001 0.46875000000000006 0.20211627628993054 -0.001702239153931625 0.5212500000000001 -0.0080447891194758668 -1.0969349144478893
decision_type=8 10 8 8 10 10 10 10 10 10 8 10 10 10
left_child=6 2 3 -2 5 -3 11 -8 -9 -6 -4 12 -1 -13
right_child=1 4 10 -5 9 -7 7 8 -10 -11 -12 13 -14 -15
leaf_value=0.0052648428183796215 0.00030503142093693135 0.0025304782785286698 0.012435174290355103 -0.0020002320391732291 0.0042148928521329315 -0.00039950501448073912 0.012048191321535876 -2.3740377688285747e-05 0.0084671241869107138 0.016414641262731327 0.0044733262623395335 7.7659000204319156e-05 -0.0021508674071636668 0.0068595896190761533
leaf_weight=249.71156613528728 11337.798819720745 5121.0795961990952 136.76641736924648 16356.882158502936 151.44481110572815 1175.9450281485915 218.52571389079094 288.08009169995785 455.63684636354446 85.482510507106781 744.1067807674408 85.579909026622772 358.67567375302315 242.31536567956209
leaf_count=1628 50330 24452 675 71214 817 5414 1481 1792 2776 515 3250 461 1854 1323
internal_value=1.12928e-06 -0.000256826 -0.000836006 -0.00105456 0.00226439 0.00197404 0.0047793 0.00687982 0.00514189 0.009346 0.00590256 0.00250725 0.00083179 0.00532177
internal_weight=37008 35109.5 28575.6 27694.7 6533.95 6297.02 1898.53 962.243 743.717 236.927 880.873 936.283 608.387 327.895
internal_count=167982 156667 125469 121544 31198 29866 11315 6049 4568 1332 3925 5266 3482 1784
is_linear=0
shrinkage=0.03


Tree=99
num_leaves=15
num_cat=0
split_feature=2 2 0 0 0 3 0 0 3 3 0 3 3 0
split_gain=114.931 46.3881 39.5686 52.3559 28.1775 21.2596 21.2018 17.0084 15.5038 33.6166 22.5503 10.8061 25.1997 4.45651
threshold=0.0022811186681237655 0.003599897591987184 0.0020612868340231642 -0.00066482403446349364 -0.0053505284069585114 0.45375000000000004 0.00096216234887393909 0.012260103503179713 0.67875000000000008 0.61625000000000008 0.0023819043545426229 0.36375000000000007 0.42875000000000002 -0.010703741393565216
decision_type=8 8 10 10 8 10 10 10 10 10 10 10 10 10
left_child=2 8 3 5 13 -1 -5 -6 9 -2 -10 -4 -13 -3
right_child=1 4 11 6 7 -7 -8 -9 10 -11 -12 12 -14 -15
leaf_value=-0.002875951004889923 -6.7697362992304278e-05 0.010091713218587666 0.010134071162029617 -0.0066656262248438215 0.0015270492191440184 0.002950633637484342 -0.0018953259264460228 0.010952602938928241 0.0044633918153556577 -0.004588259083514944 -0.0044416073101187755 -0.005214862106439214 0.0048365939681438838 0.0052571121720779946
leaf_weight=1191.6442017257214 12531.174250051379 288.51390318572521 126.2077853679657 4011.7259980291128 11439.63417185843 1049.7974383234978 1120.037378564477 167.59279321879148 1198.6046807318926 1673.4788141995668 309.76006756722927 351.13458533585072 575.85334189236164 876.90518029779196
leaf_count=5088 52119 2299 520 18584 56319 4379 4751 1022 4978 6927 1305 1443 2343 5522
internal_value=-0.000117057 0.000791886 -0.00319417 -0.0039736 0.00213448 -0.000119388 -0.00564186 0.00167762 -0.000296318 -0.000607348 0.00257792 0.00219208 0.000950138 0.0065807
internal_weight=36912.1 28485.7 8426.4 7373.21 12772.6 2241.44 5131.76 11607.2 15713 14204.7 1508.36 1053.2 926.988 1165.42
internal_count=167599 130491 37108 32802 65162 9467 23335 57341 65329 59046 6283 4306 3786 7821
is_linear=0
shrinkage=0.03


Tree=100
num_leaves=15
num_cat=0
split_feature=2 0 0 3 2 0 0 0 3 0 3 0 2 2
split_gain=118.94 43.0615 41.9309 50.1815 31.7304 22.9555 15.6289 15.5969 11.8741 11.301 11.3404 10.1522 6.52203 2.37892
threshold=0.0028156294542010106 0.0027699166853085186 -0.00058519450179282488 0.46875000000000006 0.0064893139797160262 -0.0022166544134780315 0.014417644949242536 -0.0042609063521371528 0.40125000000000005 0.0078154141061737344 0.36375000000000007 -0.0097776924312434326 0.0088198125431252512 0.011644782828630353
decision_type=8 10 10 10 10 10 10 10 8 10 10 10 10 10
left_child=1 2 7 -4 5 8 -7 -1 -2 10 -3 13 -13 -6
right_child=4 9 3 -5 11 6 -8 -9 -10 -11 -12 12 -14 -15
leaf_value=0.0050690564523730094 0.0061621285502109074 0.01191955833899523 -0.0059050631929834507 -0.0013278712267427741 0.01505695489257273 0.0004286323558742833 0.012065404391603194 -0.00084111536011511365 0.0021627707424100371 0.01176174874873147 0.0011112559023366963 0.0030833493218260424 0.0071283175791616148 0.0026920960931613369
leaf_weight=433.28374052047729 863.88930272310972 85.867721974849701 4735.9393416345119 4037.1627279371023 105.75437913089991 15534.751815833151 95.048964977264404 4189.2256944030523 3412.0146789550781 106.75362947583199 1351.4843526929617 1412.3889159187675 548.34752503782511 36.276423156261444
leaf_count=1839 4474 351 20910 17109 924 68633 506 17452 16776 441 5530 8614 3917 348
internal_value=2.09556e-05 -0.00204253 -0.00259176 -0.00380949 0.0014247 0.00104925 0.000510904 -0.000264436 0.00299728 0.00266963 0.00187629 0.00492874 0.00427546 0.0126783
internal_weight=36948.2 14939.7 13395.6 8773.1 22008.5 19905.7 15629.8 4622.51 4275.9 1544.11 1437.35 2102.77 1960.74 142.031
internal_count=167824 63632 57310 38019 104192 90389 69139 19291 21250 6322 5881 13803 12531 1272
is_linear=0
shrinkage=0.03


Tree=101
num_leaves=15
num_cat=0
split_feature=2 2 1 2 0 0 0 1 0 0 1 0 2 1
split_gain=108.312 35.4925 30.8455 29.0655 28.8531 21.43 34.6308 24.6853 19.1272 19.011 17.0234 9.3924 12.9665 10.4637
threshold=0.0023069954082973669 0.0053927673544491841 -1.0067137764785983 0.001445588710339061 0.0015777799649173017 -0.00048298222937755554 0.00053974529043447682 0.087567537746760585 -0.0062679720304125762 0.0024830039026835491 1.4661057356431304 0.0014681544973237709 0.0064893139797160262 0.69127899887594302
decision_type=8 8 10 10 10 10 10 10 10 10 10 10 8 10
left_child=3 2 9 4 10 7 -7 -5 -4 -2 -1 13 -13 -3
right_child=1 11 8 5 -6 6 -8 -9 -10 -11 -12 12 -14 -15
leaf_value=-0.009426658427547455 -0.0028812782413954697 0.0036474355699456038 0.0058383771412522639 -0.0022928777601898651 0.0041371835954632742 -0.0059513625187327694 -0.00085072839846617285 0.0039512287012764642 0.00077169503619305103 0.0020845923251619019 9.1479355791332183e-05 -0.0019731853860704631 0.0038740617910273658 0.0087326770653050629
leaf_weight=1200.6851599365473 3370.9120543003082 1861.0082417950034 689.63054524362087 1387.3263728916645 183.54703235626221 2266.3610308021307 2604.8073099255562 950.16246354579926 19460.714950159192 850.87166376411915 181.8992545157671 540.73856382071972 855.0039351657033 490.51655194163322
leaf_count=6357 14143 11557 3741 5848 800 10001 10843 3918 83964 3734 830 3104 5567 3255
internal_value=-2.47522e-05 0.000881746 0.000460312 -0.00293421 -0.00664565 -0.00211148 -0.00324347 0.00022574 0.000950885 -0.0018637 -0.00813966 0.00359825 0.00156812 0.00476609
internal_weight=36894.2 28119.4 24372.1 8774.79 1566.13 7208.66 4871.17 2337.49 20150.3 4221.78 1382.58 3747.27 1395.74 2351.52
internal_count=167662 129065 105582 38597 7987 30610 20844 9766 87705 17877 7187 23483 8671 14812
is_linear=0
shrinkage=0.03


Tree=102
num_leaves=15
num_cat=0
split_feature=2 1 2 3 1 1 2 3 3 3 3 3 2 3
split_gain=102.744 37.1418 36.4151 27.5165 24.8564 21.6116 19.8467 21.9244 18.1227 16.8095 14.0936 13.9316 12.7456 6.63511
threshold=0.0024039869930330819 -0.40724782905444784 0.0042240118865713439 0.72125000000000006 1.3320348130530442 -0.40724782905444784 0.0012970047784985046 0.40875 0.49375000000000008 0.53625000000000012 0.34625 0.61625000000000008 0.0016064990190196478 0.71375000000000011
decision_type=8 10 8 10 10 10 10 10 10 10 10 10 10 10
left_child=1 8 4 5 11 -4 7 -3 12 -10 -8 -2 -1 -6
right_child=2 6 3 -5 13 -7 10 -9 9 -11 -12 -13 -14 -15
leaf_value=-0.010233004914916329 0.00030471208888977375 0.00056719428470057196 0.00061896144124417825 0.017283537987742806 0.0036168618009944377 0.0038379099218747597 0.0053640718085531938 -0.010301422561167093 0.0036939268811563234 -0.0040126064004201503 -0.0009263034457690836 -0.0018269193505860916 -0.0050803304561550305 -0.0040425219171842169
leaf_weight=626.0548572987318 13570.817563086748 261.49056249856949 3356.6942954361439 106.16053500771523 2109.5512915700674 4411.6147046163678 330.24508985877037 404.17265589535236 332.98433521389961 932.11359904706478 5106.1397010087967 3447.8749868124723 1887.7940083742142 91.577910050749779
leaf_count=3335 57373 1302 17791 595 9266 25041 1430 2048 1500 3973 21512 14566 8020 399
internal_value=1.21029e-05 -0.00260339 0.000968767 0.00268646 0.000260869 0.0024573 -0.00113981 -0.00599793 -0.00494162 -0.00192407 -0.000524017 -0.000124438 -0.0064228 0.00325422
internal_weight=36975.3 9880.99 27094.3 7874.47 19219.8 7768.31 6102.05 665.663 3778.95 1265.1 5436.38 17018.7 2513.85 2201.13
internal_count=168151 43120 125031 43427 81604 42832 26292 3350 16828 5473 22942 71939 11355 9665
is_linear=0
shrinkage=0.03


Tree=103
num_leaves=15
num_cat=0
split_feature=0 1 0 0 0 1 3 0 3 3 3 3 3 1
split_gain=47.5488 45.3295 31.8072 29.5025 26.6514 20.6825 13.2527 9.76765 10.5197 15.0408 5.19308 3.8709 7.55806 7.42424
threshold=-0.0051556924144032226 0.72349149943762492 0.0027063659757853818 -0.00058519450179282488 0.0074513926819164472 2.5625947355903973 0.61625000000000008 -0.010703741393565216 0.53625000000000012 0.40375000000000011 0.65125000000000011 0.38625000000000004 0.53125000000000011 -0.30873636656184172
decision_type=8 8 10 8 10 10 10 10 10 10 10 10 10 10
left_child=7 2 3 -2 5 -3 -4 11 9 -9 -10 13 -13 -1
right_child=1 4 6 -5 -6 -7 -8 8 10 -11 -12 12 -14 -15
leaf_value=-0.0049365915774035891 0.00011373017946825617 0.00095332510227936324 0.0021010319131528768 -0.0021291252068962483 0.012633268770307945 0.0056740030981100404 -0.0017448994942079656 0.00622492792705342 0.0090253200037644973 -0.00098306434640992317 0.0025649670730413651 0.014623855918817092 0.0020761663773376238 0.0097347122006162714
leaf_weight=43.794437877833843 8707.8106898665428 6597.3330196887255 4227.0625229775906 13200.08662328124 193.28860909491777 958.6408823505044 970.91911169886589 399.97372943162918 361.75592828541994 680.2344950735569 219.24506565928459 174.55977129936218 76.943213045597076 56.669881358742714
leaf_count=318 38447 29747 20068 57631 1148 4302 4438 2341 2033 3794 1159 1348 543 460
internal_value=0.000104642 -0.00015318 -0.000733292 -0.00123527 0.00186657 0.00156688 0.00136917 0.0045768 0.00351646 0.00166345 0.00677363 0.00918021 0.0112407 0.0029281
internal_weight=36868.3 34855.1 27105.9 21907.9 7749.26 7555.97 5197.98 2013.18 1661.21 1080.21 581.001 351.967 251.503 100.464
internal_count=167777 155781 120584 96078 35197 34049 24506 11996 9327 6135 3192 2669 1891 778
is_linear=0
shrinkage=0.03


Tree=104
num_leaves=15
num_cat=0
split_feature=1 0 0 0 0 0 0 3 3 0 3 3 0 0
split_gain=52.3279 35.6038 41.8612 27.1951 24.3666 22.821 21.6411 16.1693 7.77338 12.5084 7.46134 7.04738 9.2903 5.27217
threshold=-0.12806309473469035 -0.002276469726065006 0.00098990204602065666 -0.0041502997841843673 -0.00050632814563715469 0.0018979333651366708 0.0092551009283870032 0.43875000000000003 0.49625000000000002 -0.0053505284069585114 0.41125000000000006 0.53625000000000012 -0.0080447891194758668 -0.010703741393565216
decision_type=8 10 10 8 10 10 10 10 10 10 8 10 10 8
left_child=3 8 4 11 -3 7 -4 -5 13 -10 -7 12 -1 -2
right_child=1 2 6 5 -6 10 -8 -9 9 -11 -12 -13 -14 -15
leaf_value=0.0056778265682549322 0.01178458494805599 0.0011746709104313799 0.0020431569345091814 -0.0035627566337348452 -0.0020569355633335623 0.0027286950514248038 0.010398663285267565 -0.0013012920175116849 0.0070397618998228927 0 -0.00025399033087604504 0.0053913511801629808 -0.00037488035196691651 0.004957955404225175
leaf_weight=291.82977184653282 122.59686027467251 3477.148461073637 5986.2179268673062 4491.3162819445133 5217.1953580230474 924.62369865179062 288.16640087962151 8170.3726201206446 318.50424913316965 757.65952186286449 3800.2173681333661 528.01937291026115 871.26982952654362 1601.9584135487676
leaf_count=1944 1033 15155 27497 20108 22668 4245 1679 35191 1919 3619 17378 2779 4324 8220
internal_value=0 0.00117137 0.000584562 -0.00109053 -0.000757754 -0.00144624 0.00245239 -0.00211039 0.00427302 0.00215037 0.000321562 0.00251835 0.00112809 0.00554299
internal_weight=36847.1 17769.4 14968.7 19077.6 8694.34 17386.5 6274.38 12661.7 2800.72 1076.16 4724.84 1691.12 1163.1 1724.56
internal_count=167759 81790 66999 85969 37823 76922 29176 55299 14791 5538 21623 9047 6268 9253
is_linear=0
shrinkage=0.03


Tree=105
num_leaves=15
num_cat=0
split_feature=2 2 0 0 0 0 0 2 3 0 2 3 2 2
split_gain=86.1301 36.0779 24.1171 20.2493 19.0543 18.6176 18.1568 18.478 17.4372 16.6864 11.4997 7.33886 0.755268 2.79629
threshold=0.0033663546919533052 0.001867979531125979 -0.010703741393565216 0.00093289548222463218 -0.009143318059400397 -0.001702239153931625 0.012260103503179713 0.0088198125431252512 0.49375000000000008 0.00033825066567456176 0.0030729163931431467 0.51375000000000004 0.01006235347145863 0.0064306384626514647
decision_type=8 10 8 10 10 10 10 10 10 10 10 10 10 10
left_child=1 3 12 5 10 -1 7 -4 -5 -6 -3 -8 13 -2
right_child=2 4 6 8 9 -7 11 -9 -10 -11 -12 -13 -14 -15
leaf_value=0.0019384093889104343 0.0071925271283354714 0.018602198972696972 0.001154702417162848 0.0022180980805008542 -0.0015985048621497829 -0.005803506409189918 0.0041162779422222176 0.0068388111959923744 -0.0068748719540787451 0.00026806712605534122 0 0.017483569502720845 0.0031229037900088719 0.016301126965453244
leaf_weight=293.71212743222713 158.63210255652666 63.123804807662964 14397.651437014341 739.15288597345352 9691.8044657111168 2760.174099072814 105.79980665445328 529.85440639406443 244.06954553723335 7666.2218903452158 59.16298146545887 77.240922726690769 44.937187045812607 82.643786750733852
leaf_count=1244 1164 331 69458 3165 40030 13775 665 3822 1061 31458 312 446 446 725
internal_value=-5.01577e-05 -0.00127731 0.00166064 -0.00383311 -0.000681757 -0.00503544 0.00148873 0.00136492 -2.51716e-05 -0.000770994 0.0106322 0.0106814 0.0101773 0.0110758
internal_weight=36914.2 21517.4 15396.8 4037.11 17480.3 3053.89 15110.5 14927.5 983.222 17358 122.287 183.041 286.213 241.276
internal_count=168102 91376 76726 19245 72131 15019 74391 73280 4226 71488 643 1111 2335 1889
is_linear=0
shrinkage=0.03


Tree=106
num_leaves=15
num_cat=0
split_feature=2 1 2 3 3 1 2 2 3 1 1 3 2 2
split_gain=83.6455 42.8298 27.5931 26.4946 20.8268 18.0359 16.4882 15.4146 13.4991 12.7394 11.373 5.86145 9.22724 4.69505
threshold=0.0034434709815845299 -0.74074858462786197 0.0020449271461166637 0.49625000000000002 0.54375000000000007 1.7430398526547062 0.0016064990190196478 0.0074696459271216525 0.54125000000000012 1.3320348130530442 -1.8450947436383462 0.54125000000000012 0.0088198125431252512 0.0035814386601532833
decision_type=8 10 10 10 10 10 10 10 10 10 8 10 10 8
left_child=1 3 5 6 -5 -3 -1 9 -4 10 -2 12 -9 -11
right_child=7 2 8 4 -6 -7 -8 11 -10 13 -12 -13 -14 -15
leaf_value=-0.010653612857621042 -0.0053363947512244745 -0.0031326955714085815 0.0010620154791736022 0.0034547654440108791 -0.0027170158051038505 0.0027540343759267266 -0.0042020926683217236 0.00020774473458691842 -0.0010405933202618123 -0.00013517348652252533 0.00129354498381225 0.010624093488442007 0.0065148856241017284 0.0048379970569561413
leaf_weight=419.61066627502441 224.61822472512722 3853.3195825517178 8141.5191907286644 688.93398639559746 1624.5020174086094 514.38733427226543 3067.9538530856371 364.35478004068136 4114.5912452340126 170.44627675414085 11674.590065702796 162.0969864949584 554.73291529715061 1234.8803828209639
leaf_count=2281 1062 17548 33748 2929 6766 2176 12736 2502 17054 770 56318 1211 4182 6432
internal_value=-7.17793e-06 -0.00115403 -0.000374743 -0.00337241 -0.000846296 -0.002421 -0.00502371 0.00177596 0.000350968 0.00148716 0.00115898 0.00522855 0.00410827 0.00419574
internal_weight=36810.5 22424.8 16623.8 5801 2313.44 4367.71 3487.56 14385.7 12256.1 13304.5 11899.2 1081.18 919.088 1405.33
internal_count=167715 95238 70526 24712 9695 19724 15017 72477 50802 64582 57380 7895 6684 7202
is_linear=0
shrinkage=0.03


Tree=107
num_leaves=15
num_cat=0
split_feature=0 1 0 0 3 0 1 0 0 3 0 0 3 1
split_gain=55.7456 49.0639 31.6402 27.1129 26.2461 24.2085 19.6884 13.5025 10.3542 6.1918 3.51493 2.57816 4.22649 1.79619
threshold=-0.0037312769321812271 0.27361477342269752 0.0016563620401740592 0.0081776640269217316 0.61625000000000008 -0.00058519450179282488 -1.1518724797628306 -0.0097776924312434326 0.014417644949242536 0.53875000000000017 -0.015845912499593242 -0.0059975191124449169 0.54125000000000012 0.54841095194364076
decision_type=8 10 10 8 10 8 10 10 10 10 10 10 10 10
left_child=6 2 5 4 -3 -2 11 10 -4 -9 -8 12 -1 -5
right_child=1 3 8 13 -6 -7 7 9 -10 -11 -12 -13 -14 -15
leaf_value=0.0038145925904575829 -0.00052388906407152146 0.0016313803860996338 0.00037285754487685862 0.0045907961882233617 -0.0022363614005791624 -0.0029701214782453882 0.0019250483557750424 0.0025487756144342189 0.010838360891794224 0.0057689252682656027 0.010970025436599362 -0.003783389703913299 -0.0054256429792795815 0.012413637238369616
leaf_weight=123.10350251197815 6306.6291957944632 9406.001514852047 6568.0816564932466 83.342521607875824 1876.740841627121 8843.7455739080906 68.036096498370171 1792.855993501842 76.799643971025944 871.47688762098551 332.00676894932985 285.95742854475975 55.046647019684315 186.62684930860996
leaf_count=729 27525 42316 29962 463 8200 38755 623 9359 426 4502 2420 1345 303 1138
internal_value=1.77829e-05 -0.000360377 -0.00119936 0.00121693 0.000981307 -0.00195681 0.00359967 0.00447645 0.000518935 0.00364212 0.00966252 -0.00203521 0.000503937 0.0104632
internal_weight=36876.5 33348 21795.3 11552.7 11282.7 15150.4 3528.48 3064.38 6644.88 2664.33 400.043 464.108 178.15 269.969
internal_count=168066 148785 96668 52117 50516 66280 19281 16904 30388 13861 3043 2377 1032 1601
is_linear=0
shrinkage=0.03


Tree=108
num_leaves=12
num_cat=0
split_feature=1 0 1 0 3 1 1 0 3 3 0
split_gain=49.477 38.8821 32.9805 33.2795 23.7331 4.49642 4.46292 3.46823 4.49951 2.59647 0.859538
threshold=2.5625947355903973 -0.0097776924312434326 -0.42684669377188705 0.0086479515447942159 0.49625000000000002 3.1880780260108446 -0.57412510424350061 -0.0017495571167721435 0.3887500000000001 0.48875000000000007 -0.015845912499593242
decision_type=8 8 10 10 10 10 10 8 8 10 10
left_child=1 6 4 -4 -3 7 9 -2 -9 -1 -8
right_child=5 2 3 -5 -6 -7 10 8 -10 -11 -12
leaf_value=0.0064419050956246405 0.0096739705329230638 -0.002436094903082719 0.00025931322757305508 0.0085850610847493583 2.0310361192206712e-05 0.0090139741852314405 0.0041083647964999847 -0.0027260489468117076 0.0044241136862509791 -0.00081456418408481243 0.01186950268110031
leaf_weight=82.448248445987701 97.555410154163837 8532.5207371115685 20459.078955546021 432.22404606640339 5962.4949395731091 425.75632963329554 55.919309742748737 79.941734731197357 401.18967986106873 57.235444083809853 238.65404493361712
leaf_count=594 521 38657 92635 2478 26243 1921 516 349 1842 377 1800
internal_value=-2.33289e-05 -0.000209923 -0.000322199 0.000438462 -0.0014222 0.00650835 0.00860537 0.00444116 0.00308261 0.00321194 0.0107765
internal_weight=36825 35820.6 35386.3 20891.3 14495 1004.44 434.257 578.687 481.131 139.684 294.573
internal_count=167933 163300 160013 95113 64900 4633 3287 2712 2191 971 2316
is_linear=0
shrinkage=0.03


Tree=109
num_leaves=15
num_cat=0
split_feature=2 1 0 1 2 2 1 0 0 1 2 0 1 0
split_gain=78.0722 28.7791 26.4394 26.0804 24.0094 21.4328 17.0078 14.2062 7.3373 7.12265 5.47298 4.51254 3.88047 2.79645
threshold=0.0024039869930330819 2.005251759939529 -0.0051556924144032226 1.501502433870898 0.0012970047784985046 0.004283565586432057 -0.46574804205549952 0.00076532002641895751 0.0044720206500732931 -1.0450551789936695 0.0031780249928003092 -0.010703741393565216 3.4776108912586401 -0.00017265298343091602
decision_type=8 10 8 10 10 8 10 10 8 10 10 10 10 10
left_child=1 4 9 5 7 -4 -6 -1 -5 10 -2 -11 13 -3
right_child=2 12 3 8 6 -7 -8 -9 -10 11 -12 -13 -14 -15
leaf_value=-0.0088591500779958907 0.007838634883655958 0.0053673770540856383 -0.00012110682198721625 0.003150472142353694 -0.0037184818694046468 0.0019594912500703124 -0.00090758332553320901 0.00015632603847144416 0.0091077993195138578 0.0087582396050825354 -0.0018836710477882917 0.0042867771366694417 0.0094616466613589092 0.00064653577686713817
leaf_weight=760.22761768102646 55.62155993282795 211.23318330943584 16695.168242231011 2124.3246435746551 3207.9273814558983 6045.6007941141725 5088.2604560405016 180.95426921546459 213.89661321789026 293.72425862401724 241.8499913662672 1321.6313960775733 100.71281336247921 307.96244968473911
leaf_count=4120 254 887 70104 9818 14035 32073 21568 858 1217 2339 1425 7632 420 1287
internal_value=0.000171153 -0.00211062 0.00100714 0.000743997 -0.00253549 0.000429998 -0.00200488 -0.00707931 0.00375746 0.00440418 0 0.00518563 0.00406494 0.00274571
internal_weight=36849.1 9857.28 26991.8 25079 9237.37 22740.8 8296.19 941.182 2338.22 1912.83 297.472 1615.36 619.908 519.196
internal_count=168037 43175 124862 113212 40581 102177 35603 4978 11035 11650 1679 9971 2594 2174
is_linear=0
shrinkage=0.03


Tree=110
num_leaves=15
num_cat=0
split_feature=1 0 0 0 0 0 0 0 3 1 1 0 1 0
split_gain=44.7255 29.1293 43.0542 38.5223 18.967 22.4772 16.7534 14.2255 14.1549 10.2568 9.76051 8.71062 2.64316 2.60731
threshold=-0.75084218104496359 -0.0023389976477505999 0.00084962685549874728 -0.00048298222937755554 -0.0041502997841843673 0.0020612868340231642 0.0092551009283870032 -0.0084981284614338171 0.49625000000000002 -1.1651099638493381 2.5625947355903973 0.0099498557420046041 -0.81399674079190165 -0.0057640954610213386
decision_type=8 8 10 10 8 10 10 10 10 10 10 10 10 10
left_child=4 7 3 -3 9 8 -4 -2 -6 13 -9 -7 -11 -1
right_child=1 2 6 -5 5 11 -8 10 -10 12 -12 -13 -14 -15
leaf_value=0.00099009033969971768 0.0077730417521515022 0.00088490829337708056 0.0013775164428094957 -0.0024618460962740453 -0.0041454222447837776 0.00090018083175534861 0.0072309378235114073 0.0019545109858453182 -0.0012836700247648412 0.0063464622117729314 0.010895021571658671 -0.0075067619635445304 0 -0.003826491962014171
leaf_weight=192.76174585521221 476.9496216699481 5529.1224254369736 9663.7385265976191 6956.6660473942757 4012.3779945373535 2122.4636464565992 458.27517072111368 3777.1287994384766 2676.2847637534142 399.59129355847836 107.40639675408602 106.18352247774601 82.436835311353207 170.51769557595253
leaf_count=1100 3488 24128 43797 30442 17812 9683 2600 18523 11505 2141 578 567 446 813
internal_value=4.87489e-06 0.000636368 0.000199956 -0.000975468 -0.00173236 -0.00214346 0.00165533 0.00287916 -0.00301295 0.00250864 0.00224446 0.000441088 0.00535672 -0.00115194
internal_weight=36731.9 26969.3 22607.8 12485.8 9762.62 8917.31 10122 4361.48 6688.66 845.308 3884.54 2228.65 482.028 363.279
internal_count=167623 123556 100967 54570 44067 39567 46397 22589 29317 4500 19101 10250 2587 1913
is_linear=0
shrinkage=0.03


Tree=111
num_leaves=15
num_cat=0
split_feature=2 1 0 0 2 2 0 0 2 1 2 2 0 1
split_gain=75.6345 29.5237 27.4107 22.7486 24.6517 21.0941 19.5641 18.9449 16.5066 14.2194 9.90026 7.22886 4.54039 5.03917
threshold=0.0024177048866860667 0.67426724709896646 -0.0053505284069585114 0.0016563620401740592 0.0011258670578612672 0.0039915687364262924 -0.00063944326381168524 0.00098990204602065666 0.0022926814748974902 1.0391419018915939 0.0040341021866642781 0.0022175214254662079 -0.010703741393565216 -0.51472807222262118
decision_type=8 10 8 10 10 8 10 10 10 10 8 10 10 10
left_child=1 3 12 4 -1 9 11 -8 -5 -4 -7 -3 13 -2
right_child=2 6 5 8 -6 10 7 -9 -10 -11 -12 -13 -14 -15
leaf_value=-0.012046484148471174 0.0018926237967254818 0.0071158074102245982 -0.00028730041695067092 0.0021377896021489364 -0.0033518681197916311 0.0073820165698575023 -0.0029530617031763768 0.0033906034357248228 -0.0062097671013751051 0.0021010423112565531 0.0017305487150871678 0 0.0037239254646818701 0.010636329772771864
leaf_weight=307.90248030424118 112.87462934851646 464.76811134815216 14100.130204066634 1077.3966440558434 5816.5219825208187 288.15015187859535 1261.3936183452606 620.26140004396439 253.94679339230061 2655.026224732399 7988.0499103590846 171.13213202357292 1429.8927757367492 213.49737062305212
leaf_count=1714 814 1932 58745 4429 25798 1290 5498 2560 1021 11526 41635 704 8278 1778
internal_value=0.000130897 -0.0020961 0.000962744 -0.00304507 -0.00381769 0.000704732 0.000691473 -0.000823373 0.000466381 8.86056e-05 0.00194323 0.00521021 0.00458131 0.00793689
internal_weight=36760.9 9973.32 26787.6 7455.77 6124.42 25031.4 2517.56 1881.66 1331.34 16755.2 8276.2 635.9 1756.26 326.372
internal_count=167722 43656 124066 32962 27512 113196 10694 8058 5450 70271 42925 2636 10870 2592
is_linear=0
shrinkage=0.03


Tree=112
num_leaves=15
num_cat=0
split_feature=2 1 2 3 1 3 2 2 2 1 3 2 1 2
split_gain=67.2647 42.113 31.8663 21.9712 15.1504 9.46518 9.0221 8.70033 7.76568 4.96567 6.524 4.877 2.50032 2.45832
threshold=0.003599897591987184 1.6965968415226571 0.001445588710339061 0.67625000000000013 0.69127899887594302 0.38625000000000004 0.0074696459271216525 0.0069216452242156648 0.0036867912319779894 3.1880780260108446 0.55375000000000008 0.003834280977830552 0.35048740277938201 0.0036453061980855602
decision_type=8 10 10 10 10 10 10 10 8 10 10 10 10 10
left_child=1 2 5 -4 6 -1 7 -2 13 10 -3 -10 -8 -6
right_child=4 9 3 -5 8 -7 12 -9 11 -11 -12 -13 -14 -15
leaf_value=-0.0092528795502021637 0.0012053494757615876 0.0036693256138443189 -0.0012434590908219523 0.0021242308951605129 0.00115544841089012 -0.0037118261062049651 0.0048447665758763218 -0.0035478446673354283 0.0080805529260043873 0.0068305076174283485 -0.00051717284234575986 0.0037356455991080545 0 -0.0051317601238423721
leaf_weight=455.68439900875092 8781.6595645174384 1241.808099552989 18799.510923579335 1900.6326446086168 92.620981007814407 913.98587447404861 750.23542117327452 345.44706027954817 296.87648703157902 318.54420630633831 421.91863922774792 2201.1367652490735 93.068421870470047 92.036730647087097
leaf_count=2420 42402 5316 78840 7951 424 4799 5377 2052 1419 1353 1790 12343 715 423
internal_value=7.96301e-05 -0.000850084 -0.00122867 -0.000930473 0.00185093 -0.00565251 0.00130092 0.0010152 0.00386037 0.00331985 0.00257504 0.0043061 0.00427488 -0.00177262
internal_weight=36705.2 24052.1 22069.8 20700.1 12653.1 1369.67 9970.41 9127.11 2682.67 1982.27 1663.73 2498.01 843.304 184.658
internal_count=167624 102469 94010 86791 65155 7219 50546 44454 14609 8459 7106 13762 6092 847
is_linear=0
shrinkage=0.03


Tree=113
num_leaves=15
num_cat=0
split_feature=2 2 1 1 2 1 3 3 3 1 3 2 2 3
split_gain=73.4957 35.4014 26.3739 21.3238 19.4957 15.1106 13.0964 12.2595 11.4923 11.2134 14.0179 5.83236 4.24741 3.88409
threshold=0.0022811186681237655 0.0061243861919275519 -0.77249895144551728 1.7908368253636169 0.0015933974398020996 2.5625947355903973 0.30375000000000002 0.34875000000000006 0.43625000000000008 -0.32833771128418837 0.59125000000000016 0.0093635765090480435 0.0039478601575500165 0.49625000000000002
decision_type=8 8 10 10 10 10 10 10 10 10 10 8 10 10
left_child=2 3 4 6 13 7 -2 -4 -6 10 -3 -11 -5 -1
right_child=1 9 5 12 8 -7 -8 -9 -10 11 -12 -13 -14 -15
leaf_value=-0.012479084321573261 0.006104541257737366 0.00032738094780089696 0.0026411153250345339 0.0026143155566822258 -0.0064503210764448775 0.0050208529755142528 3.4778539612121938e-05 -0.0022716066077851749 -0.0010533753621921017 0.0046124140910198874 0.0087221215405167678 0.0096267563733503283 0.0063015161435090016 -0.0047192723144330508
leaf_weight=363.18043620884418 314.71523166447878 1058.3742234185338 478.36373145878315 1308.1757887154818 714.73566399514675 286.61081659793854 23630.191668264568 5606.1783618330956 767.01216299831867 1119.1410639360547 210.14107023179531 310.20023053139448 415.4805308803916 122.69067175686359
leaf_count=2016 1444 6654 2142 5724 3123 1196 103616 24663 3245 7252 1296 2458 2186 651
internal_value=-2.4594e-05 0.000701714 -0.00250038 0.000354837 -0.00554021 -0.00154497 0.000119575 -0.00187183 -0.00372266 0.00396639 0.00182232 0.00580165 0.00356893 -0.0107753
internal_weight=36705.2 28366.4 8338.77 25668.6 1967.62 6371.15 23944.9 6084.54 1481.75 2697.86 1268.52 1429.34 1723.66 485.871
internal_count=167666 130630 37036 112970 9035 28001 105060 26805 6368 17660 7950 9710 7910 2667
is_linear=0
shrinkage=0.03


Tree=114
num_leaves=14
num_cat=0
split_feature=2 0 3 3 0 0 2 2 3 3 0 3 2
split_gain=60.1088 25.421 25.4643 29.3687 18.8854 17.4621 14.4953 13.6974 5.33262 5.28732 4.74531 4.53692 4.16451
threshold=0.0024304647363403431 -0.0053505284069585114 0.77375000000000005 0.61625000000000008 -0.002733966124784791 0.0028318710392847076 0.0012082362596986117 0.0022034277975385235 0.65375000000000016 0.72875000000000012 -0.0031180517273850417 0.32375000000000004 0.00235217571412407
decision_type=8 10 10 10 10 10 10 10 10 8 10 10 10
left_child=4 9 3 -3 7 6 -6 10 -7 11 -1 -2 -9
right_child=1 2 -4 -5 5 8 -8 12 -10 -11 -12 -13 -14
leaf_value=0.0042057217168459783 0.010726291028146928 0.0010465898136036162 0.016444975487972517 -0.0016322567012720542 -0.0070849322587864033 0.0028229573948673065 -0.0022382978646698667 -0.0058861791244040939 -0.0034256127670411643 0.012575323319207847 0.012745250283051368 0.0034588117697823056 0.0014019539835419938
leaf_weight=305.97365947067738 84.104276113212109 20308.491106033325 81.469885446131229 4475.4409252181649 605.24684415757656 745.85592940449715 8018.3420370072126 128.25887587666512 130.06646537780762 65.961433917284012 87.693222001194954 1626.0808510929346 117.51613661646843
leaf_count=1251 582 92470 396 19699 3194 3038 35020 525 527 428 365 10071 481
internal_value=0.000122738 0.000872425 0.000621013 0.000559965 -0.00184018 -0.00218043 -0.00259322 0.00307799 0.00179918 0.00433532 0.00652524 0.00391137 -0.00224824
internal_weight=36780.5 26641.5 24865.4 24783.9 10139 9499.51 8623.59 639.442 875.922 1776.15 393.667 1710.19 245.775
internal_count=168047 123646 112565 112169 44401 41779 38214 2622 3565 11081 1616 10653 1006
is_linear=0
shrinkage=0.03


Tree=115
num_leaves=13
num_cat=0
split_feature=2 3 3 0 3 3 2 0 3 2 2 0
split_gain=62.1459 28.6345 23.5498 28.7997 26.1975 38.8415 29.7725 21.8294 20.2535 18.8781 15.9288 4.37793
threshold=0.0023069954082973669 0.77375000000000005 0.4562500000000001 0.0016941721477928017 0.6412500000000001 0.66125000000000012 0.0012970047784985046 -0.0062679720304125762 0.36375000000000007 0.0022034277975385235 0.0034878767261754045 -0.010703741393565216
decision_type=8 10 10 10 10 8 10 8 10 10 8 10
left_child=2 7 3 9 6 -6 -4 11 -5 -1 -9 -2
right_child=1 -3 4 8 5 -7 -8 10 -10 -11 -12 -13
leaf_value=-0.003932693150282573 0.0074865194165376851 0.016729549748654236 -0.0061014964820350669 0.010520553675244826 -0.014227623504126171 -0.00088636373366602294 0.0024924085776232559 -0.00031829735020983161 -0.00087493973991545045 -0.010852834674090307 0.0011459429573710787 0.0031871567967130736
leaf_weight=3728.9119740128517 326.36507725715637 89.490184798836708 419.46923717856407 164.2300671339035 263.26605060696602 743.77588644623756 2260.7712285220623 13685.356100872159 683.25122557580471 401.7167830914259 12974.592382729053 982.67264068871737
leaf_count=17208 2630 448 2229 682 1143 3190 9498 56441 2823 1660 64102 5866
internal_value=-4.34413e-05 0.00064082 -0.00226417 -0.00360975 -0.000426465 -0.0045387 0.00110744 0.000581237 0.00136031 -0.00464477 0.000392217 0.00435318
internal_weight=36723.9 28058.5 8665.39 4978.11 3687.28 1007.04 2680.24 27969 847.481 4130.63 26659.9 1309.04
internal_count=167920 129487 38433 22373 16060 4333 11727 129039 3505 18868 120543 8496
is_linear=0
shrinkage=0.03


Tree=116
num_leaves=12
num_cat=0
split_feature=2 3 2 1 1 2 3 3 2 1 3
split_gain=59.753 24.2872 24.0173 23.0101 16.8668 16.4107 30.509 23.0797 15.1213 2.10206 1.05674
threshold=0.0022583477467551616 0.77375000000000005 0.0039915687364262924 2.5625947355903973 -1.0581604452977842 0.0012970047784985046 0.40875 0.46625000000000011 0.0040341021866642781 3.4776108912586401 0.43375000000000002
decision_type=8 10 10 10 8 10 10 10 10 10 10
left_child=3 2 4 5 -2 6 -1 -7 -4 10 -5
right_child=1 -3 8 9 -6 7 -8 -9 -10 -11 -12
leaf_value=0.00024973609941790357 -0.0020029273476304321 0.015739891995352188 0.0085903377492955006 0.00057074222263187675 0.00044301675456008961 -0.0033321720240551849 -0.010492126150784735 0.00027114085997490515 0.0016958194751359342 0.010124798245443685 0.0058095856114529117
leaf_weight=380.54051871597767 2986.390152618289 86.879572831094265 291.92220433056355 102.99498279392719 16497.272387042642 4255.5511349439621 579.09319867193699 2510.8516104668379 8829.5817828625441 88.105450943112373 88.310448035597801
leaf_count=2020 12373 436 1321 430 69941 18765 3112 10714 48005 367 370
internal_value=7.45311e-05 0.000715638 0.000662425 -0.00221378 6.41976e-05 -0.00252757 -0.00621194 -0.00198779 0.00193221 0.00604308 0.00345561
internal_weight=36697.5 28692 28605.2 8005.45 19483.7 7726.04 959.634 6766.4 9121.5 279.411 191.305
internal_count=167854 132076 131640 35778 82314 34611 5132 29479 49326 1167 800
is_linear=0
shrinkage=0.03


Tree=117
num_leaves=15
num_cat=0
split_feature=1 0 0 0 3 0 0 3 0 1 1 3 3 3
split_gain=30.1178 33.4975 27.6367 43.3717 18.2403 13.2999 20.1088 9.89852 6.051 5.95217 5.43776 2.99335 5.69795 1.24173
threshold=-0.29886915707875444 0.0081776640269217316 -0.00050632814563715469 0.00096216234887393909 0.72125000000000006 -0.0022166544134780315 0.0025949444012007164 0.48375000000000007 0.0027063659757853818 -1.1651099638493381 -0.73091158473852458 0.49625000000000002 0.44875000000000004 0.60875000000000012
decision_type=10 8 10 10 10 8 10 10 8 10 10 8 10 10
left_child=4 2 7 -4 5 9 -7 -2 10 -1 -6 12 -3 -13
right_child=1 11 3 -5 8 6 -8 -9 -10 -11 -12 13 -14 -15
leaf_value=-0.0014591605200235055 0.0031258734383774736 0.0095309180604974588 -0.0021005830645309319 0.0014406570162354498 0.0030423238722118483 -0.0021192266676664591 0.00066247469088003734 0.00084444087040781333 -0.0024505973518605707 0.0015128764603422099 0.010917700351106131 0.01455393826559833 0 0.006783328331014052
leaf_weight=800.03895864635706 4046.5726613923907 129.14296880364418 5767.3211002200842 6730.4074710384011 240.02768501639366 9965.5588284879923 3011.1505744233727 3128.8763557970524 67.490419238805771 2263.3465805798769 149.37700863927603 118.05900168418884 110.92001464962959 108.04201433062553
leaf_count=3865 19582 791 25197 30812 1022 43707 14017 14747 312 11073 640 676 642 605
internal_value=7.28552e-05 0.000852673 0.000658725 -0.000189093 -0.000875443 -0.00104808 -0.00146912 0.00214196 0.00494929 0.00071495 0.00641128 0.00872598 0.00548069 0.0115395
internal_weight=36636.3 20139.3 19673.2 12497.7 16497 16040.1 12976.7 7175.45 456.895 3063.39 389.405 466.164 240.063 226.101
internal_count=167688 93052 90338 56009 74636 72662 57724 34329 1974 14938 1662 2714 1433 1281
is_linear=0
shrinkage=0.03


Tree=118
num_leaves=14
num_cat=0
split_feature=1 0 3 0 0 0 0 3 3 3 3 1 3
split_gain=38.3291 30.6534 26.4811 21.8445 14.3794 14.0661 10.7969 15.2483 10.1186 9.63289 6.49058 3.08735 2.39108
threshold=1.0852265344658598 -0.0041502997841843673 0.77375000000000005 0.00053974529043447682 0.004591353258762562 -0.00058519450179282488 -0.0097776924312434326 0.53625000000000012 0.60875000000000012 0.53125000000000011 0.48875000000000007 1.2148960868044945 0.47875000000000006
decision_type=10 8 10 10 8 10 10 10 10 10 10 10 8
left_child=1 6 3 -3 5 10 9 -8 -7 -1 -2 -6 -13
right_child=4 2 -4 -5 11 8 7 -9 -10 -11 -12 12 -14
leaf_value=0.010267440230163226 0.0054617678495257373 -0.0015703277392771036 0.016508500037797729 9.0680745707936243e-05 0.00015906258991083669 0.0014341958170232959 3.3988959570088936e-05 0.0053816470012902368 -0.0027842352341548278 0 0.0016001794297723522 0.0048915125620492272 0.011666040379124798
leaf_weight=269.01976393908262 1063.1478723660111 15310.851303212345 69.497542187571526 13199.216827131808 56.539871998131275 2689.0922295451164 1492.932307317853 713.76585100591183 615.34636537730694 101.09547087550163 717.86143367737532 151.5255181863904 175.23876326531172
leaf_count=2140 5266 67675 344 59642 313 11956 7888 3744 2655 709 3473 874 974
internal_value=-5.66866e-05 -0.000465063 -0.000749523 -0.00079947 0.00225555 0.00180866 0.00265741 0.00180725 0.000624515 0.00738748 0.00395642 0.00783539 0.00894129
internal_weight=36625.1 31156.4 28579.6 28510.1 5468.75 5085.45 2576.81 2206.7 3304.44 370.115 1781.01 383.304 326.764
internal_count=167653 142142 127661 127317 25511 23350 14481 11632 14611 2849 8739 2161 1848
is_linear=0
shrinkage=0.03


Tree=119
num_leaves=15
num_cat=0
split_feature=2 1 3 3 3 1 2 3 1 3 3 1 3 2
split_gain=51.4924 27.6571 20.6489 32.2055 19.2346 16.2661 14.8115 17.4133 12.8256 11.8241 14.3071 5.70877 5.42887 3.28043
threshold=0.0030729163931431467 -0.47584091669782125 0.49625000000000002 0.54125000000000012 0.35125000000000001 1.3320348130530442 0.0020449271461166637 0.31375000000000003 1.6540570933159879 0.2737500000000001 0.36625000000000002 2.5625947355903973 0.40625000000000006 0.0041194717281430775
decision_type=8 10 10 10 10 10 10 10 10 8 10 10 10 10
left_child=1 2 4 -4 -1 9 8 -8 -3 -2 -11 12 -7 -13
right_child=5 6 3 -5 -6 11 7 -9 -10 10 -12 13 -14 -15
leaf_value=0.0016694256983761815 0.012750131443229477 -0.002486896807328593 0.0048332166944078294 -0.0027326553842505247 -0.004763348909053171 0.006300057230190558 0.010033075118549553 0.00032618149106530207 0.0023335725280716718 -0.002175797164858744 0.0010318931427384537 0.0041637383068317078 0.0017660084286812937 0.010386549650028247
leaf_weight=454.43419651687145 65.255831278860569 3211.2830101847649 709.44963295757771 1688.7974074780941 3531.6919063478708 313.27416087687016 160.96811583638191 7304.4776568263769 566.56805446743965 1340.7407058700919 15570.961639173329 277.15596541762352 1247.3491732925177 163.76210187375546
leaf_count=2018 346 14682 3038 7045 15400 1694 666 30061 2403 6796 74815 1272 6352 974
internal_value=5.1664e-05 -0.00111377 -0.00268986 -0.000458828 -0.00401263 0.00113732 -0.00021188 0.000556647 -0.00174387 0.000829959 0.00077291 0.00369745 0.00274868 0.00678711
internal_weight=36606.2 17627.7 6384.37 2398.25 3986.13 18978.5 11243.3 7465.45 3777.85 16977 16911.7 2001.54 1560.62 440.918
internal_count=167562 75313 27501 10083 17418 92249 47812 30727 17085 81957 81611 10292 8046 2246
is_linear=0
shrinkage=0.03


Tree=120
num_leaves=15
num_cat=0
split_feature=1 0 0 0 0 0 3 3 1 3 1 0 1 0
split_gain=33.7278 24.6331 21.6081 16.5132 13.1467 14.4055 11.7885 6.26657 5.1159 4.96377 4.58356 4.17789 3.02891 2.51751
threshold=-0.31818666965122427 0.0081776640269217316 -0.0053505284069585114 0.0011458993517102589 -0.0040383072127532548 0.0016563620401740592 0.43875000000000003 0.39125000000000004 0.51861386362959128 0.31875000000000003 -1.240290345682787 -0.0046363695387136661 0.26196146107908441 -0.0057640954610213386
decision_type=8 8 10 10 8 10 10 10 10 10 10 10 10 10
left_child=4 2 7 -4 10 6 -6 -2 12 -7 13 -12 -3 -1
right_child=1 8 3 -5 5 9 -8 -9 -10 -11 11 -13 -14 -15
leaf_value=0.00078808862899204524 0.009824090796430934 0.0059645310587884207 -0.0003182138573491516 0.0015560107296809463 -0.0034102571807571626 -0.0072373393541067454 -0.0012620166777319393 0.0034827653434211718 0.011187769219402618 0.00015386264235631118 0.001258870227431452 0.005553702324453986 -0.00028106797093063881 -0.0042893567509196479
leaf_weight=149.91756775230169 195.52886927872896 213.05913232266903 12709.773604385555 6306.9960057511926 3644.7661219835281 73.317447379231453 6656.1800582706928 731.73798266798258 196.507424287498 4354.1360575407743 936.40600258111954 279.46200032532215 74.859908878803253 154.27773259580135
leaf_count=869 1406 1199 56478 29015 16488 356 28751 4701 1230 19827 5213 1294 426 731
internal_value=-0.000118478 0.000690908 0.00052341 0.000300719 -0.00113957 -0.0014159 -0.00203051 0.0049745 0.00731544 1.9112e-06 0.00149038 0.00233222 0.00418433 -0.00165062
internal_weight=36676.9 20428.5 19944 19016.8 16248.5 14728.4 10300.9 927.267 484.426 4427.45 1520.06 1215.87 287.919 304.195
internal_count=167984 94455 91600 85493 73529 65422 45239 6107 2855 20183 8107 6507 1625 1600
is_linear=0
shrinkage=0.03


Tree=121
num_leaves=15
num_cat=0
split_feature=0 1 3 0 0 1 0 0 3 3 3 3 3 0
split_gain=29.6575 29.3464 26.6347 21.6919 15.1197 8.32645 6.58582 5.34677 7.47083 5.2936 2.44165 4.30331 1.35636 0.561349
threshold=-0.0053505284069585114 1.7430398526547062 0.77375000000000005 0.0015393805891067537 0.004591353258762562 -0.12806309473469035 -0.0016579830001423311 -0.0097776924312434326 0.52375000000000005 0.38375000000000009 0.41625000000000006 0.54375000000000007 0.48875000000000007 -0.0068428042098904142
decision_type=8 10 10 10 10 10 8 10 10 10 10 10 8 10
left_child=5 2 3 -2 6 7 -3 9 -9 -1 13 -12 -6 -7
right_child=1 4 -4 -5 12 10 -8 8 -10 -11 11 -13 -14 -15
leaf_value=-0.0010920235142652744 -0.0010468856088498577 0.0057018000515177856 0.015799408192710428 0.00065098958073917402 0.006231666851259989 0.01028150603199446 0.0014285017878428957 -0.0014942867347789415 0.0043309524122285272 0.0084559140763530646 0.0017938086311610013 0.0076181708000244586 0.015400154535416459 0.003841262823946531
leaf_weight=56.331498868763447 22511.768531017005 399.77891800552607 79.868357695639133 9630.5237068012357 84.451903156936169 171.35800170153379 2033.1933669373393 520.31802181899548 301.017931625247 167.86588069051504 300.65578433126211 230.75096083432436 75.623576171696186 68.902599155902863
leaf_count=430 99547 2006 393 44718 496 1323 8972 2841 1624 1219 1991 1446 423 416
internal_value=-4.2966e-05 -0.000240044 -0.000489014 -0.000536255 0.00282069 0.0036806 0.0021757 0.0018248 0.000594894 0.00585653 0.00606276 0.00452772 0.0115667 0.0089016
internal_weight=36632.4 34815.2 32222.2 32142.3 2593.05 1817.2 2432.97 1045.53 821.336 224.197 771.667 531.407 160.075 240.261
internal_count=167845 156555 144658 144265 11897 11290 10978 6114 4465 1649 5176 3437 919 1739
is_linear=0
shrinkage=0.03


Tree=122
num_leaves=14
num_cat=0
split_feature=1 0 0 1 3 0 0 0 0 1 3 3 0
split_gain=26.3797 25.9844 21.7191 17.6486 15.4843 12.1974 19.3953 5.21856 4.71355 3.77048 3.7016 3.56966 3.00202
threshold=-0.31818666965122427 0.0081776640269217316 -0.0062679720304125762 3.1880780260108446 0.72125000000000006 -0.0022166544134780315 0.0025949444012007164 0.0027063659757853818 -0.0025950212133476311 0.54841095194364076 0.35875000000000007 0.49625000000000002 0.00031659335776716555
decision_type=10 10 8 10 10 8 10 8 10 10 10 10 10
left_child=4 2 10 -4 5 8 -7 12 -1 11 -2 -3 -6
right_child=1 9 3 -5 7 6 -8 -9 -10 -11 -12 -13 -14
leaf_value=0.00013551940592721197 0.011972865579927281 0.0010160913644643966 0.00019530983047587265 0.0063034281246574213 0.0027116116975390752 -0.0021320390361460207 0.00061827737892117772 -0.002233166842458893 0.0036801911381594082 0.011356778958474834 0.0046147022487806272 0.008327163886400632 0.0088496873018773341
leaf_weight=2616.7509070858359 81.944501921534538 148.04407376050949 18897.379343263805 426.69976136088371 198.85887259989977 9824.1959615498781 2969.9434747844934 68.978770643472672 385.51273973286152 178.74211360514164 604.23361098021269 131.18330611288548 177.89765371382236
leaf_count=12981 624 841 85274 1929 872 43128 13829 319 1685 1127 4145 708 741
internal_value=-2.01392e-05 0.000694425 0.000527508 0.000336479 -0.000924193 -0.00108392 -0.00148893 0.00450438 0.000621306 0.00769227 0.00573897 0.0048275 0.00591892
internal_weight=36710.4 20468.2 20010.3 19324.1 16242.1 15796.4 12794.1 445.735 3002.26 457.969 686.178 279.227 376.757
internal_count=168203 94648 91972 87203 73555 71623 56957 1932 14666 2676 4769 1549 1613
is_linear=0
shrinkage=0.03


Tree=123
num_leaves=13
num_cat=0
split_feature=2 0 0 2 3 3 2 3 0 2 0 0
split_gain=55.1415 25.9293 52.6247 33.9926 27.2634 15.1197 28.2642 15.8715 13.2565 11.054 8.56509 6.15626
threshold=0.0034434709815845299 -0.00069292750797818662 0.00044769806541465048 0.0010889261252982538 0.3887500000000001 0.68125000000000013 0.0032543807002979523 0.48375000000000007 0.014417644949242536 0.0074696459271216525 -0.0033776381542644815 0.0020612868340231642
decision_type=10 8 10 8 10 10 10 8 10 10 10 10
left_child=1 5 4 -4 -3 7 -7 -1 9 10 -2 -11
right_child=8 2 3 -5 -6 6 -8 -9 -10 11 -12 -13
leaf_value=0.0015238048019248396 0.0030968374979253761 -0.0076038696927091592 -0.01558702451662999 0.00014313766649665406 -0.0026111431693252481 0.010109222690710618 -0.0062757124721844375 -0.0014799609271390556 0.012241402345917486 0.0060690234186296394 0.00091095049663859938 0.00096603317353669926
leaf_weight=3907.5232195556164 1924.6427227109671 1256.6462238654494 115.30716264247894 9105.708066008985 4907.1414129883051 350.23745895922184 116.11458206176758 2635.6452839672565 95.828370824456215 704.56530535966158 11095.356985300779 352.46588078886271
leaf_count=16592 11130 5934 601 38149 21253 1488 513 11170 588 5287 52271 2599
internal_value=0.000109229 -0.000815681 -0.00150565 -6.37378e-05 -0.00364942 0.000690126 0.00585756 0.000304294 0.00157444 0.00148893 0.00124081 0.00444867
internal_weight=36567.2 22394.3 15384.8 9221.02 6163.79 7009.52 466.352 6543.17 14172.9 14077 13020 1057.03
internal_count=167575 95700 65937 38750 27187 29763 2001 27762 71875 71287 63401 7886
is_linear=0
shrinkage=0.03


Tree=124
num_leaves=13
num_cat=0
split_feature=2 2 0 0 2 3 3 0 3 0 0 3
split_gain=41.6472 20.0541 15.7108 14.8562 13.3319 11.7342 11.4014 11.0188 11.437 9.76437 9.53635 0.673538
threshold=0.001867979531125979 0.003599897591987184 -0.009143318059400397 0.0033182832894782231 0.003136861609594806 0.2737500000000001 0.67875000000000008 -0.0016579830001423311 0.36375000000000007 0.00084962685549874728 0.012260103503179713 0.44875000000000004
decision_type=8 10 8 10 10 10 8 10 10 10 10 10
left_child=3 2 4 7 -2 -3 -4 8 -1 -9 -7 -5
right_child=1 5 6 11 -6 10 -8 9 -10 -11 -12 -13
leaf_value=0.011241295911243922 0.016741984480000652 0.012885850549771935 -0.00058923285251757029 0.0072727330678752644 -0.00078716648438235644 0.0010626658076463163 0.0018779597592980832 -0.0047316219403922095 -0.0013388021848855112 -0.00092478628619340158 0.0083805410749775728 0.0017398657187653981
leaf_weight=77.724068105220795 79.744814440608025 68.563600905239582 18083.634062021971 94.194430485367775 56.660614773631096 12325.739338822663 1840.6133218407631 2648.9984296560287 223.39137874543667 846.92471285164356 155.31384082138538 78.185279861092567
leaf_count=328 434 374 75048 384 307 63499 7829 13527 956 3735 989 317
internal_value=-4.86032e-05 0.000303204 -0.000282799 -0.00294741 0.00949441 0.00124419 -0.000357475 -0.00335173 0.00197247 -0.00383176 0.00116517 0.0053252
internal_weight=36579.7 32610.3 20060.7 3969.42 136.405 12549.6 19924.2 3797.04 301.115 3495.92 12481.1 172.38
internal_count=167727 148480 83618 19247 741 64862 82877 18546 1284 17262 64488 701
is_linear=0
shrinkage=0.03


Tree=125
num_leaves=12
num_cat=0
split_feature=2 1 3 3 3 2 3 1 3 1 2
split_gain=36.4481 20.2835 19.8631 18.3373 32.1107 15.85 32.2786 15.4319 13.4262 5.60898 1.30248
threshold=0.0024304647363403431 1.7430398526547062 0.77375000000000005 0.61625000000000008 0.65875000000000006 0.0011258670578612672 0.40875 -0.021162657617581414 0.46875000000000006 3.4776108912586401 0.002125818736659867
decision_type=8 10 10 10 10 10 10 10 10 10 10
left_child=1 5 3 7 -5 6 -1 -2 -7 10 -3
right_child=2 9 -4 4 -6 8 -8 -9 -10 -11 -12
leaf_value=0.0029814571376719852 0.00023612848435232309 0.0026183484971454957 0.014179050907209292 -0.0041741905077224426 0.00086658733016323252 -0.002639532932021663 -0.013459285633357567 0.0018580978038101928 -0.00025279374613071653 0.0091687628524629253 0
leaf_weight=157.74934025108814 12284.075683407485 519.08864508569241 87.326246462762356 1863.1102575883269 2854.6210490614176 4998.0528580397367 279.60749506950378 9385.5062799751759 3787.5981203317642 105.43329699337482 237.64279730618
leaf_count=830 56343 2196 447 8461 12767 22162 1568 45281 16181 439 982
internal_value=3.76853e-05 -0.00149441 0.000623927 0.00057144 -0.00111603 -0.00191018 -0.0074611 0.000941935 -0.00161886 0.0028554 0.00178941
internal_weight=36559.8 10085.2 26474.6 26387.3 4717.73 9223.01 437.357 21669.6 8785.65 862.165 756.731
internal_count=167657 44358 123299 122852 21228 40741 2398 101624 38343 3617 3178
is_linear=0
shrinkage=0.03


Tree=126
num_leaves=14
num_cat=0
split_feature=2 1 0 0 2 0 1 0 2 2 0 0 1
split_gain=31.3953 26.4146 19.464 41.2917 18.2452 17.0165 16.2272 15.5098 12.3574 10.855 5.5608 2.83746 2.35377
threshold=0.0034878767261754045 0.03207477900423656 -0.00050632814563715469 0.00046990126554205986 0.001867979531125979 0.012260103503179713 2.6791864375262295 -0.009143318059400397 0.0032931053952402136 0.0074696459271216525 0.0034703010155290172 -0.0016579830001423311 -0.56382191213594346
decision_type=8 10 10 10 10 10 8 10 10 8 10 8 10
left_child=1 4 8 -4 10 6 9 -6 -3 -2 -1 -8 -7
right_child=5 2 3 -5 7 12 11 -9 -10 -11 -12 -13 -14
leaf_value=-0.0044355642528056387 0.00063984934813422756 0.0030699889984955584 -0.0033981416477612807 0.0014665764899198048 0.010868012646587245 0.0023470008921021878 0.014503141427131779 -0.0011335487428104252 -0.0027642458455340033 0.0038155562723356448 0.0026485639996525275 0.0056110954982391617 0.012531483902403972
leaf_weight=1999.2938032597303 12331.807714283466 2921.424906745553 2541.2482600063086 4060.8695526272058 86.997351184487343 49.156896933913231 60.063587285578251 10746.525083944201 349.10123713314533 1054.6986929774284 87.810154497623444 203.36854249984026 125.3090218231082
leaf_count=10190 60234 12457 10978 17113 465 289 376 44184 1552 7841 358 1083 819
internal_value=4.97579e-05 -0.000632569 0.000530985 -0.000399155 -0.001526 0.00117874 0.00105071 -0.0010217 0.00242242 0.000897198 -0.0040977 0.00831421 0.01027
internal_weight=36617.7 22793.3 9872.64 6602.12 12920.6 13824.4 13649.9 10833.5 3270.53 13386.5 2087.1 263.432 174.466
internal_count=167939 97297 42100 28091 55197 70642 69534 44649 14009 68075 10548 1459 1108
is_linear=0
shrinkage=0.03


Tree=127
num_leaves=14
num_cat=0
split_feature=2 1 2 1 3 3 3 3 2 2 3 3 3
split_gain=42.7037 25.192 24.8991 19.2709 16.8366 16.6359 16.5443 24.0859 11.6771 8.67385 5.12445 0.877756 2.31157
threshold=0.0020593652842502883 0.3250001939790193 0.0057558723285817152 2.1376717743595877 0.71625000000000016 0.60875000000000012 0.61625000000000008 0.63625000000000009 0.0021062118175967973 0.0034878767261754045 0.67375000000000018 0.37875000000000009 0.42375000000000002
decision_type=8 10 10 10 10 10 10 10 10 10 10 10 10
left_child=3 2 9 4 5 -1 8 -8 -3 -2 -4 -5 -13
right_child=1 6 10 11 -6 -7 7 -9 -10 -11 -12 12 -14
leaf_value=-0.0022461691341540079 -0.00090289175824640063 0.010472509126139546 0.0027147606365031112 0.0074578639294566977 0.011293833525066122 -0.0073748591611515184 -0.0083807097411484135 0.00078838150198949587 0.0022098242499887328 0.00040968301472979354 0.01115592277587887 -0.00054903946868821278 0.0048648111854365794
leaf_weight=4780.2289670556784 11469.025255121291 152.25199707597494 2036.684165365994 90.359866097569466 65.101962447166443 657.04682511091232 302.64310460537672 1425.530868858099 7811.8082450628281 7405.3311048895121 63.676906898617744 83.110243886709213 173.70136739313602
leaf_count=22378 47363 657 12907 383 287 2952 1396 6465 37181 34060 419 349 729
internal_value=9.54803e-05 0.000545276 -3.66071e-05 -0.00224929 -0.00269046 -0.00288934 0.00180944 -0.000821796 0.00238824 -0.000384783 0.00305075 0.0044545 0.00293297
internal_weight=36516.5 30667 20974.7 5849.55 5502.38 5437.28 9692.23 1728.17 7964.06 18874.4 2100.36 347.171 256.812
internal_count=167526 140448 94749 27078 25617 25330 45699 7861 37838 81423 13326 1461 1078
is_linear=0
shrinkage=0.03


Tree=128
num_leaves=13
num_cat=0
split_feature=2 2 3 3 2 0 0 3 0 2 3 0
split_gain=34.4334 23.5582 21.688 43.4668 40.2681 13.5396 42.7376 16.9673 12.3999 10.773 9.6992 4.5416
threshold=0.0034190409572881493 0.001445588710339061 0.37625000000000003 0.40875 0.0012504703659142271 -0.00050632814563715469 0.00038089203784715388 0.73625000000000018 0.014417644949242536 0.0088198125431252512 0.2737500000000001 -0.0065479513879402066
decision_type=8 10 10 10 10 10 10 10 10 8 10 10
left_child=1 2 4 -4 -1 7 -7 -3 9 10 -2 -11
right_child=8 5 3 -5 -6 6 -8 -9 -10 11 -12 -13
leaf_value=0.0041477144569926315 0.01152013528171573 0.00050612767573858693 0.0074896533881299143 -0.0056909864791683537 -0.015878452549613842 -0.0033907532627832455 0.00024633035682889619 0.014238188311923214 0.011620798827243267 0 0.00091910320107757766 0.0061992028674340855
leaf_weight=117.47774717211723 69.264549672603607 7235.8996162265539 302.62682338058949 780.84914734959602 294.64561465382576 4294.8694237321615 8874.6783898323774 72.353190705180168 94.4499751329422 135.92413558810949 13733.394486881793 515.56496662646532
leaf_count=600 380 30541 1579 4155 1581 18234 36844 314 594 1284 67809 3748
internal_value=0.000117346 -0.000630297 -0.00425598 -0.00191979 -0.0100647 -0.000360618 -0.00093692 0.000669547 0.00125033 0.00117042 0.000984947 0.004935
internal_weight=36522 21973.4 1495.6 1083.48 412.123 20477.8 13169.5 7308.25 14548.6 14454.1 13802.7 651.489
internal_count=167663 93848 7915 5734 2181 85933 55078 30855 73815 73221 68189 5032
is_linear=0
shrinkage=0.03


Tree=129
num_leaves=15
num_cat=0
split_feature=2 0 0 0 3 3 3 2 0 0 0 0 2 3
split_gain=28.953 18.2149 27.1725 38.219 12.7246 12.387 16.7813 12.1548 14.189 11.4182 4.49638 5.50855 3.84101 3.65193
threshold=0.0034190409572881493 0.0027063659757853818 -0.00058519450179282488 0.00038089203784715388 0.67875000000000008 0.61375000000000013 0.5162500000000001 0.0088198125431252512 0.012260103503179713 -0.010703741393565216 0.0081776640269217316 -0.0042609063521371528 0.0040924085657698395 0.69375000000000009
decision_type=10 10 8 10 10 10 8 10 10 10 10 10 10 10
left_child=1 2 4 -4 -1 6 -3 8 9 -2 11 -9 -10 -7
right_child=7 5 3 -5 -6 13 -8 10 12 -11 -12 -13 -14 -15
leaf_value=4.6227166373919697e-05 0.0074235873844321785 0.0010522825283961195 -0.0038085837972470539 -0.00037007041780778469 0.0049233163850795703 -0.0036401058615913736 0.0071301337729914932 0.00089980703232991606 0.0018914450075248716 0.00062530517892631175 -0.0019904530680222876 0.008039655604755825 0.013906103476545433 0.0011832908163648601
leaf_weight=6811.234249189496 218.18055951595306 1735.7732900977135 5302.8855488374829 6531.5661495476961 510.42380261421204 442.39677165448666 540.97548947483301 160.19816908985376 53.975470632314682 13509.078235730529 53.253362342715263 377.94107131659985 85.147530108690262 176.37478708475828
leaf_count=28954 1802 7251 23541 27491 2185 1845 2315 1499 284 66003 452 2692 538 806
internal_value=-6.04535e-06 -0.000691632 -0.00102879 -0.00191781 0.000400665 0.00151413 0.00254754 0.00103525 0.00084832 0.00074305 0.00523145 0.00607885 0.0100866 -0.00217287
internal_weight=36509.4 22051.6 19156.1 11834.5 7321.66 2895.52 2276.75 14457.8 13866.4 13727.3 591.393 538.139 139.123 618.772
internal_count=167658 94388 82171 51032 31139 12217 9566 73270 68627 67805 4643 4191 822 2651
is_linear=0
shrinkage=0.03


Tree=130
num_leaves=15
num_cat=0
split_feature=2 1 3 3 2 3 3 2 2 3 3 2 2 2
split_gain=31.2103 23.3411 20.6999 25.5154 19.6924 14.2406 10.38 10.8954 15.0327 11.4732 10.6343 20.0671 8.21325 7.59272
threshold=0.0039915687364262924 0.20211627628993054 0.61625000000000008 0.66125000000000012 0.0024304647363403431 0.49375000000000008 0.41125000000000006 0.0040341021866642781 0.0041194717281430775 0.52375000000000005 0.37875000000000009 0.0048603372356067079 0.0012970047784985046 0.0066638782940363116
decision_type=8 10 10 10 10 10 10 8 10 10 10 10 10 8
left_child=1 4 12 -4 5 -1 10 9 -9 -8 13 -12 -3 -2
right_child=6 2 3 -5 -6 -7 7 8 -10 -11 11 -13 -14 -15
leaf_value=-0.0035580150422942392 1.0565600149924047e-05 -0.0027065946485782741 -0.0066900965426557515 0.00062085993986813056 -0.00038343785157194261 -0.00047133956613217324 -0.00032186213578823424 -0.0042562345734720496 0.0011437694993481058 0.012866695052064472 0.010192873444035364 0.0014652396765496615 0.0015152527650326266 0.0055545177554889406
leaf_weight=4013.4010031372309 939.27849846333265 418.82076667249203 697.61114624142647 1057.1508651971817 11123.748625576496 2098.1459736078978 87.980244025588036 487.67238725721836 6265.1119414269924 128.67532688379288 461.27295991778374 522.90860272198915 7961.20974804461 290.60530195385218
leaf_count=18302 4801 2113 2941 4530 46563 9117 404 2283 34428 579 2165 3390 34199 2103
internal_value=3.67656e-05 -0.000469383 0.000668946 -0.00227307 -0.00114223 -0.00251064 0.00155066 0.000967388 0.000739203 0.00746841 0.00334712 0.0056775 0.00129413 0.00140315
internal_weight=36553.6 27370.1 10134.8 1754.76 17235.3 6111.55 9183.51 6969.44 6752.78 216.656 2214.07 984.182 8380.03 1229.88
internal_count=167918 117765 43783 7471 73982 27419 50153 37694 36711 983 12459 5555 36312 6904
is_linear=0
shrinkage=0.03


Tree=131
num_leaves=15
num_cat=0
split_feature=2 1 0 0 0 0 1 1 2 2 2 1 0 2
split_gain=36.7833 23.0465 25.2097 26.8183 13.6503 25.2734 12.7296 11.3524 9.31311 7.67084 15.3014 6.99422 6.80635 6.46738
threshold=0.0034190409572881493 -0.74074858462786197 -0.0009444987947838712 0.00038089203784715388 -3.5960400570690205e-05 -0.00058519450179282488 0.69127899887594302 0.40484675479734733 0.0036867912319779894 0.0052406116286393594 0.0051958790707838541 0.39114199491900309 5.8486308301401602e-05 0.0038215618030757572
decision_type=8 10 10 10 10 10 10 10 8 10 10 10 10 10
left_child=1 4 7 -4 5 -1 9 -3 12 10 -2 -11 -8 -10
right_child=6 2 3 -5 -6 -7 8 -9 13 11 -12 -13 -14 -15
leaf_value=-0.0022120036372708465 0.0003276552748266457 0.00046624229853983436 -0.0026100231649514032 0.00025043524581999638 -0.0010313847756372777 -0.008826282894238386 -0.0038809554684029932 0.003668913151895499 0.0082456461846508924 0.0023926993249480679 -0.010580875551810835 -0.0022797332122821133 0.0023163510721644514 0.0030699925720363342
leaf_weight=1996.3793805837631 8211.0368354022503 2620.6400190442801 5074.0493726730347 6944.3979677706957 2973.1745146363974 718.63694441318512 275.05139164626598 1653.4181777983904 257.64273772388697 2823.6327187418938 107.20609774440527 300.02256894111633 346.00959041714668 2190.5637562423944
leaf_count=8441 37254 11084 22110 29188 12708 3281 1253 7156 1251 17426 546 1957 1564 12456
internal_value=-4.97707e-05 -0.000825098 -0.00024649 -0.000953395 -0.00246852 -0.00401072 0.00112028 0.00172487 0.00283865 0.000652013 0.000167325 0.00191893 -0.0003512 0.0036704
internal_weight=36491.9 21980.7 16292.5 12018.4 5688.19 2715.02 14511.2 4274.06 3069.27 11441.9 8318.24 3123.66 621.061 2448.21
internal_count=167675 93968 69538 51298 24430 11722 73707 18240 16524 57183 37800 19383 2817 13707
is_linear=0
shrinkage=0.03


Tree=132
num_leaves=13
num_cat=0
split_feature=1 3 0 0 3 0 0 3 3 0 0 1
split_gain=21.4796 21.4069 16.672 14.6446 10.9115 9.49951 9.39423 9.35576 7.25972 3.68952 3.04122 1.72171
threshold=1.3320348130530442 0.77375000000000005 -0.009143318059400397 0.0027063659757853818 0.38625000000000004 -0.0016579830001423311 0.0044720206500732931 0.39125000000000004 0.60875000000000012 -0.003201857580337066 -0.0024032223010540701 1.7908368253636169
decision_type=10 10 8 10 10 10 10 10 10 8 10 10
left_child=1 2 4 -4 -1 7 8 9 -7 -2 -9 -8
right_child=5 -3 3 -5 -6 6 11 10 -10 -11 -12 -13
leaf_value=-0.0018912905679785176 0.0049606939291874869 0.01459564635624434 -0.00067603238251572886 0.00099113302243475604 0.0079460083561980529 0.0015250354517868272 0.0027866031861259956 0.001542020182108369 -0.0021369716445235991 0.016698108673875927 0.0064792079324238047 0.0087818618686943736
leaf_weight=124.62037958949804 78.404845453798771 77.099298171699047 26027.480520538986 5764.6821063384414 347.80061660706997 2586.5889552533627 126.47214902192354 427.94952798634768 579.20193834602833 73.196048811078072 177.86454594880342 157.12186607718468
leaf_count=994 503 394 116596 27680 2592 11505 716 2374 2508 370 842 898
internal_value=1.66876e-05 -0.000244159 -0.00028599 -0.000371632 0.00524123 0.00203212 0.00133224 0.0050824 0.000831535 0.0116817 0.00317067 0.00649855
internal_weight=36548.5 32341.7 32264.6 31792.2 472.421 4206.8 3449.38 757.415 3165.79 151.601 605.814 283.594
internal_count=167972 148256 147862 144276 3586 19716 15627 4089 14013 873 3216 1614
is_linear=0
shrinkage=0.03


Tree=133
num_leaves=13
num_cat=0
split_feature=2 0 2 3 3 2 0 0 0 0 3 0
split_gain=30.4153 31.9678 18.8272 16.9654 26.0836 14.3599 21.738 11.4854 8.23894 5.05143 3.39976 0.0914327
threshold=0.0030863654409954808 -0.0080447891194758668 0.003136861609594806 0.35125000000000001 0.3887500000000001 0.0057558723285817152 0.00071140188539852822 -0.0008856033047645388 0.0015036995512628692 -0.0028816108900721776 0.44625000000000009 -0.0037312769321812271
decision_type=8 10 10 10 10 10 10 10 10 10 8 8
left_child=1 -1 9 7 -5 6 -4 -3 -7 11 -11 -2
right_child=2 3 5 4 -6 8 -8 -9 -10 10 -12 -13
leaf_value=0.015792155849454498 0.00087437175655951391 0.0071014829219219859 -0.00061678888740892234 -0.0044256054882973652 -0.00068096718451922205 0.0038484841520614317 0.0016719991988405002 0.00062980795144280759 0.00052270353054635664 0.0014838032894374483 0.0081184425498876927 -0.00065170071699219821
leaf_weight=94.065356135368347 59.6594517827034 340.36421586573124 8365.8612495958805 1897.0578752011061 14432.646267235279 1929.3781852647662 6701.0771860554814 928.78571999073029 1098.964641712606 114.97875113785267 460.64517834037542 58.358935460448265
leaf_count=502 287 1420 37993 8542 61263 12740 30889 4131 7159 477 2043 316
internal_value=0.000131776 -0.000758749 0.000973503 -0.000859539 -0.0011221 0.000781987 0.000397612 0.00245426 0.00266702 0.00580225 0.00694362 0
internal_weight=36481.8 17692.9 18788.9 17598.9 16329.7 18095.3 15066.9 1269.15 3028.34 693.642 575.624 118.018
internal_count=167762 75858 91904 75356 69805 88781 68882 5551 19899 3123 2520 603
is_linear=0
shrinkage=0.03


Tree=134
num_leaves=13
num_cat=0
split_feature=2 1 3 3 3 3 3 2 1 1 2 2
split_gain=26.5774 18.7344 21.0078 27.1942 14.0998 10.3733 9.7708 44.787 11.9242 9.64257 11.3633 2.91344
threshold=0.003599897591987184 -0.46574804205549952 0.49625000000000002 0.53875000000000017 0.48875000000000007 0.2737500000000001 0.73125000000000007 0.0038915564186724851 -1.2099351634385063 2.5625947355903973 0.0020449271461166637 0.0023069954082973669
decision_type=10 10 10 10 8 10 10 10 10 10 8 10
left_child=1 2 4 -4 -1 -2 8 -8 -7 10 -3 -11
right_child=5 9 3 -5 -6 6 7 -9 -10 11 -12 -13
leaf_value=-0.002376778109453337 0.012121202029600797 -0.001452568547754021 0.0043130626550585156 -0.0014043043212097063 -0.0095550400627359613 -0.0011623859416735707 -0.018617580733960516 0.0059409721508001476 0.001663102962239941 0.0059113801612192792 0.00050450302212415592 0.0017056420980734021
leaf_weight=4972.2210515141487 69.913885802030563 3532.4110258072615 1028.7367784827948 2663.1137356311083 257.81096442043781 1505.1933390200138 105.89066785573959 144.77981624007225 10656.51163867116 293.04579489678144 10823.526262804866 426.36323910951614
leaf_count=21603 383 16145 4400 11174 1154 7471 458 719 55792 1230 45364 1859
internal_value=0.000134017 -0.000448142 -0.00153767 0.000179983 -0.00275964 0.00125748 0.00118176 -0.00451935 0.00130781 0.000193277 1.8095e-05 0.00355863
internal_weight=36479.5 23997.2 8921.88 3691.85 5230.03 12482.3 12412.4 250.67 12161.7 15075.3 14355.9 719.409
internal_count=167752 102929 38331 15574 22757 64823 64440 1177 63263 64598 61509 3089
is_linear=0
shrinkage=0.03


Tree=135
num_leaves=12
num_cat=0
split_feature=1 3 0 3 3 0 0 3 0 3 3
split_gain=24.4119 21.9886 17.9838 17.5918 19.909 16.0485 18.33 7.60403 7.13475 3.68666 3.45619
threshold=0.67426724709896646 0.77375000000000005 0.0060883274071632607 0.60875000000000012 0.65875000000000006 -0.0041502997841843673 0.0022347214628811369 0.53625000000000012 -0.002733966124784791 0.52875000000000016 0.46625000000000011
decision_type=8 10 10 10 10 8 10 10 10 8 10
left_child=1 5 3 8 -5 7 -7 -1 -2 10 -4
right_child=2 -3 9 4 -6 6 -8 -9 -10 -11 -12
leaf_value=0.00058501707004216463 0.004256821782003305 0.0154849167627497 0.007998408426340706 -0.0060862303936203739 0.00099719545815252263 -0.0012286789401888629 0.00065387165177302085 0.0042946911168070612 0.0012917974769123463 0.012668443792440582 0
leaf_weight=1614.3565242141485 860.58302512764931 66.840020641684532 117.68138708174229 599.50291531533003 829.80416709184647 19554.366800874472 6055.6873124688864 744.28234288096428 5771.4962473511696 118.31566794216633 87.313539169728756
leaf_count=9201 4972 343 754 2709 3689 86084 28449 4099 26001 704 523
internal_value=-8.89904e-05 -0.000515326 0.0013283 0.00103604 -0.00195381 -0.000561229 -0.000781112 0.00179415 0.0016914 0.00818559 0.00485027
internal_weight=36420.2 28035.5 8384.7 8061.39 1429.31 27968.7 25610.1 2358.64 6632.08 323.311 204.995
internal_count=167528 128176 39352 37371 6398 127833 114533 13300 30973 1981 1277
is_linear=0
shrinkage=0.03


Tree=136
num_leaves=14
num_cat=0
split_feature=1 0 0 0 0 1 3 1 3 3 3 3 3
split_gain=22.1224 18.7778 19.4255 22.4117 13.0365 10.3112 7.96059 12.5481 7.61153 6.57573 5.54654 5.47148 1.46097
threshold=1.7430398526547062 -0.002276469726065006 0.00071140188539852822 -0.00050632814563715469 0.0044720206500732931 -1.1794747233830412 0.55125000000000013 3.1880780260108446 0.67375000000000018 0.3987500000000001 0.42375000000000002 0.47125 0.48875000000000007
decision_type=10 8 10 8 10 10 10 10 8 10 10 10 8
left_child=1 5 3 -3 6 10 11 -8 -4 -7 -1 -2 -6
right_child=4 2 8 -5 12 9 7 -9 -10 -11 -12 -13 -14
leaf_value=0.0018512820346992559 0.001895749500132389 -1.1390490926373241e-05 2.444286376768979e-05 -0.0023862917967891078 0.0053952353233643856 0.00401417273423617 -0.0028594710057684857 0.0073781783513472594 0.0024389334596148678 0.0012481076842286009 -0.003556449751584622 0.0056498285329120235 0.014189556398678206
leaf_weight=224.35269998013973 1315.4016375765204 6584.9021220654249 12113.26781078428 7952.5021771192551 83.735292956233025 994.78057690709829 529.49019367992878 123.32266765832901 1297.9480268508196 4064.838455311954 537.5444682687521 525.38842175900936 80.907442919909954
leaf_count=1152 6097 28698 55461 35470 496 5493 2425 560 5744 20570 2545 2426 458
internal_value=-2.16734e-05 -0.000231021 -0.000555451 -0.00131542 0.00260627 0.00131454 0.0020125 -0.000752819 0.000264233 0.00181063 -0.00188297 0.00302437 0.0106255
internal_weight=36428.4 33770.1 27948.6 14537.4 2658.25 5821.52 2493.6 652.813 13411.2 5059.62 761.897 1840.79 164.643
internal_count=167595 155133 125373 64168 12462 29760 11508 2985 61205 26063 3697 8523 954
is_linear=0
shrinkage=0.03


Tree=137
num_leaves=15
num_cat=0
split_feature=1 1 0 3 3 1 0 3 0 3 1 0 0 3
split_gain=22.0146 15.1657 12.9327 10.5335 18.2889 12.9122 11.279 10.8659 10.7062 10.0933 6.17462 5.19579 4.87315 2.22924
threshold=-0.72062714534490557 2.5625947355903973 0.0086479515447942159 0.49625000000000002 0.53875000000000017 -1.4040335774978197 -0.0065479513879402066 0.5212500000000001 0.00053974529043447682 0.31375000000000003 -0.34797502895987376 -0.0017495571167721435 -0.0011091965484157284 0.37125000000000002
decision_type=10 10 10 10 10 10 8 10 10 10 10 10 10 10
left_child=3 2 9 6 7 -6 13 -5 -8 -2 -4 -3 -13 -1
right_child=1 11 10 4 5 -7 8 -9 -10 -11 -12 12 -14 -15
leaf_value=0 0.0043217805894011476 0.0091911910497434156 -0.0004078673370731197 0.0012021283563999089 -0.0047944013416253133 -5.8102992334400477e-05 -0.0032572084039260629 0.0078732646301498555 -0.0006266193215157986 0.00018048769228660923 0.0069406502762918614 -0.0038560019699180517 0.00374719410547141 0.0065938120763925938
leaf_weight=50.910209737718105 533.52838283032179 157.68866103887558 117.88945340365171 690.84191234409809 659.32258123159409 2412.6603648886085 3401.2144720926881 336.19820915162563 2471.600291326642 24255.414340235293 381.2701043561101 68.294956281781197 770.80495347827673 149.43369443714619
leaf_count=334 2658 870 615 3101 2934 10710 15516 1477 11234 111300 2281 310 3462 958
internal_value=5.99876e-05 0.000520151 0.00037363 -0.00112252 3.85608e-05 -0.00110635 -0.00191482 0.00349862 -0.00216326 0.000273746 0.00511334 0.0041371 0.00301958 0.0048391
internal_weight=36457.1 26284.9 25288.1 10172.2 4099.02 3071.98 6073.16 1027.04 5872.81 24788.9 499.16 996.789 839.1 200.344
internal_count=167760 121496 116854 46264 18222 13644 28042 4578 26750 113958 2896 4642 3772 1292
is_linear=0
shrinkage=0.03


Tree=138
num_leaves=13
num_cat=0
split_feature=2 3 1 3 2 3 3 3 3 2 2 3
split_gain=26.6389 16.0843 17.4889 15.6578 14.0121 16.2037 12.8826 15.3439 29.1005 10.199 8.56116 7.08248
threshold=0.0024039869930330819 0.46875000000000006 0.56333315961101149 0.35125000000000001 0.0012082362596986117 0.6412500000000001 0.77625000000000011 0.61375000000000013 0.64875000000000005 0.0088198125431252512 0.0021430054013436232 0.48625000000000002
decision_type=8 10 10 10 10 10 10 10 10 8 10 10
left_child=1 2 3 -1 11 -6 7 9 -9 -2 -4 -3
right_child=6 4 10 -5 5 -7 -8 8 -10 -11 -12 -13
leaf_value=0.0013062222606768184 0.00062012238478459793 0 0.0013461088139539513 -0.0042024221697177806 0.0017970892795441137 -0.0023410259071541227 0.012665114558710356 -0.0044659635415878786 0.0004494730287147202 0.0045158322853784223 -0.0038061922713903554 -0.011643622377651784
leaf_weight=511.56639708578587 21161.466980434954 59.838561519980431 1274.1853213757277 3530.6236889958382 2606.5241993069649 1245.9469214230776 67.544380649924278 1575.5497943013906 3366.8395060524344 619.13408646732569 363.76832436025143 124.53151914477348
leaf_count=2396 97467 323 5562 16136 11142 5333 364 7183 15072 4862 1485 684
internal_value=-5.6951e-05 -0.00140317 -0.00243085 -0.00348896 3.04736e-05 0.000440631 0.000429427 0.00039153 -0.00111122 0.000735637 0.000149288 -0.00781294
internal_weight=36507.5 9716.98 5680.14 4042.19 4036.84 3852.47 26790.5 26723 4942.39 21780.6 1637.95 184.37
internal_count=168009 43061 25579 18532 17482 16475 124948 124584 22255 102329 7047 1007
is_linear=0
shrinkage=0.03


Tree=139
num_leaves=14
num_cat=0
split_feature=1 0 0 1 3 3 0 1 0 3 0 1 1
split_gain=23.7269 20.5006 18.0173 13.5756 7.99901 12.9024 8.71038 5.25827 3.1561 4.39114 2.96429 2.04961 1.0174
threshold=-0.31818666965122427 -0.0051556924144032226 0.0081776640269217316 1.7430398526547062 0.72125000000000006 0.71125000000000005 0.0024830039026835491 -1.3244323795725956 -0.010703741393565216 0.54875000000000018 0.0024830039026835491 -0.021162657617581414 1.1891585513068228
decision_type=10 10 10 10 10 8 10 10 10 10 8 10 10
left_child=4 8 3 -3 5 6 -1 -6 12 -10 -9 -4 -2
right_child=1 2 11 -5 7 -7 -8 10 9 -11 -12 -13 -14
leaf_value=-0.0013507135026967734 0.0098389147373461674 -0.00011166807030098814 0.0015413972320941021 0.0022356901373351452 -0.0035100340975990083 -0.010068827324997724 0.00042492206906583974 0.0057382534080290251 0.0019775668329557457 0.0070269297480004241 -0.0003797869727183416 0.0073687730180970233 0.0012813212323934766
leaf_weight=12544.365867830813 145.43272199481726 16355.912081353366 104.53998609632254 2549.0568422228098 76.126722291111946 134.26772636920214 3036.2737607434392 299.79071720689535 529.80908390134573 255.12145031988621 67.931672438979149 346.72857011109591 35.717387095093727
leaf_count=56734 1291 73620 582 11686 334 654 14156 1287 3292 1525 308 2113 338
internal_value=-0.000113795 0.000566452 0.000349005 0.000202681 -0.00097285 -0.00108843 -0.00100079 0.00292113 0.0048135 0.00376196 0.00446905 0.00621157 0.00862081
internal_weight=36481.1 20322.3 19356.2 18905 16158.8 15714.9 15580.6 443.849 966.081 784.931 367.722 451.269 181.15
internal_count=167920 94447 88001 85306 73473 71544 70890 1929 6446 4817 1595 2695 1629
is_linear=0
shrinkage=0.03


Tree=140
num_leaves=13
num_cat=0
split_feature=1 3 0 3 0 3 0 0 1 3 0 3
split_gain=20.6002 20.2864 13.4741 11.9375 12.1693 11.5215 11.515 9.74721 8.23287 6.72173 6.22543 2.93477
threshold=0.67426724709896646 0.77375000000000005 -0.0040383072127532548 0.60875000000000012 -0.002733966124784791 0.66125000000000012 0.0016563620401740592 0.0092551009283870032 1.3620442263934056 0.53875000000000017 0.0013334946151947159 0.37375000000000008
decision_type=8 10 8 10 10 10 10 10 10 10 10 10
left_child=1 2 9 4 11 10 -4 -6 -7 -1 -5 -2
right_child=3 -3 6 5 7 8 -8 -9 -10 -11 -12 -13
leaf_value=0.00065238833958130291 0.0094661215042535374 0.01517047295182597 -0.0009667090931560398 -0.0060638086352940912 0.0012728156034466287 -0.0015822888036922369 0.00042040071374588621 0.011478974855256721 0.0042520636934026976 0.0040627191040131586 0 0.0042144843005239383
leaf_weight=1707.123857460916 146.64003649353981 65.946984827518463 17832.762807704508 431.07967204600573 6007.1224879100919 422.54583315551281 7638.3049590811133 77.301579788327217 412.24286600202322 779.28229643404484 210.94405204057693 702.46800985187292
leaf_count=9662 916 337 78611 1939 27328 1912 35370 533 1871 4275 1006 4028
internal_value=9.25258e-05 -0.000296589 -0.000340629 0.001395 0.00191924 -0.00102225 -0.000548384 0.00143095 0.00124409 0.00175727 -0.00403496 0.0052909
internal_weight=36433.8 28023.4 27957.5 8410.34 6933.53 1476.81 25471.1 6084.42 834.789 2486.41 642.024 849.108
internal_count=167788 128255 127918 39533 32805 6728 113981 27861 3783 13937 2945 4944
is_linear=0
shrinkage=0.03


Tree=141
num_leaves=13
num_cat=0
split_feature=1 0 3 0 0 0 3 3 3 1 0 3
split_gain=22.1724 18.1436 18.1455 14.4867 5.0874 4.95864 9.46741 5.07274 4.03962 8.40751 5.35919 1.98406
threshold=1.6965968415226571 -0.0062679720304125762 0.77375000000000005 0.00093289548222463218 0.0044720206500732931 -0.010703741393565216 0.5212500000000001 0.53375000000000006 0.55125000000000013 2.5625947355903973 0.0018538034524133397 0.48875000000000007
decision_type=8 8 10 10 10 10 10 10 10 10 8 8
left_child=1 5 3 -3 8 7 -7 -1 10 -10 -2 -6
right_child=4 2 -4 -5 11 6 -8 -9 9 -11 -12 -13
leaf_value=0.0087221538543553363 0.0035221285604626904 -0.00094922352766432989 0.013241997693448488 0.00035755360530443845 0.0028545727620358989 -0.00029844269872710894 0.0056943666217188094 0 -0.0024783551457129909 0.0042659599489121873 -0.0005569994207358977 0.010793654482482394
leaf_weight=230.54068996757269 1607.8405727222562 20141.744286410511 77.031988546252251 12202.564960338175 91.715210847556591 568.99887242168188 375.76115480065346 69.181014768779278 420.99610197544098 260.37491145730019 320.30954215675592 87.225816033780575
leaf_count=1973 7400 90211 397 55927 545 3492 2195 528 1918 1195 1583 499
internal_value=-6.26308e-05 -0.000277442 -0.000415937 -0.000454402 0.00250112 0.00325737 0.00205692 0.00665903 0.0021147 3.65175e-05 0.00281416 0.00740853
internal_weight=36454.3 33665.8 32421.3 32344.3 2788.46 1244.48 944.76 299.722 2609.52 681.371 1928.15 178.941
internal_count=167863 154723 146535 146138 13140 8188 5687 2501 12096 3113 8983 1044
is_linear=0
shrinkage=0.03


Tree=142
num_leaves=12
num_cat=0
split_feature=2 1 3 3 3 3 2 3 1 2 1
split_gain=21.936 16.4144 25.3668 23.1688 13.9351 17.6484 11.3627 10.7091 9.71008 9.25695 9.23626
threshold=0.003599897591987184 -1.0581604452977842 0.49625000000000002 0.54125000000000012 0.72875000000000012 0.60375000000000012 0.0016064990190196478 0.2737500000000001 2.6791864375262295 0.0036453061980855602 0.6409600599255435
decision_type=10 10 10 10 8 10 10 10 10 10 10
left_child=1 2 6 -4 5 -3 -1 -2 9 -9 -6
right_child=7 4 3 -5 10 -7 -8 8 -10 -11 -12
leaf_value=-0.010547345571578189 0.012272330010918684 0.0001014271278133592 0.0064910775284613195 -0.0018070089959537014 0.0078966211699099086 -0.0021716580474800415 -0.0035705093317942626 0.0050402036730834137 0.00703918769159592 0.00064396968378259759 -0.0013887852176778515
leaf_weight=244.05066928267479 66.481527581810951 16203.908332824707 426.13884042203426 967.94642382860184 300.49976157397032 3772.0462905094028 1949.5357581973076 443.30448532104492 222.92614192515612 11722.44731490314 121.397207275033
leaf_count=1442 368 69709 1817 4068 1352 15912 8151 1961 1250 61269 556
internal_value=-8.59539e-06 -0.000540585 -0.00241052 0.000714952 -0.000207732 -0.000325668 -0.0044183 0.00101068 0.000935559 0.000813099 0.00511561
internal_weight=36440.7 23985.5 3587.67 1394.09 20397.9 19976 2193.59 12455.2 12388.7 12165.8 421.897
internal_count=167855 103007 15478 5885 87529 85621 9593 64848 64480 63230 1908
is_linear=0
shrinkage=0.03


Tree=143
num_leaves=15
num_cat=0
split_feature=2 3 1 2 3 3 3 2 2 2 1 3 2 2
split_gain=25.7106 19.4202 18.3291 15.8939 15.4062 14.1973 13.9094 12.5353 13.9134 11.3411 7.22475 6.97867 5.75523 3.68346
threshold=0.0012970047784985046 0.40875 -1.0450551789936695 0.0039478601575500165 0.39625000000000005 0.49375000000000008 0.61625000000000008 0.0052406116286393594 0.0060445863019311158 0.0012504703659142271 1.0621213625688903 0.69875000000000009 0.0015933974398020996 0.0011258670578612672
decision_type=8 10 8 10 10 10 10 10 10 10 10 10 10 10
left_child=1 4 7 6 9 10 -4 12 -9 -1 -3 -5 -2 -7
right_child=2 5 3 11 -6 13 -8 8 -10 -11 -12 -13 -14 -15
leaf_value=0.0015598758139567783 -0.0071254322359453719 -0.014301731198837759 0.00054453444695885464 0.0015819127186524492 0.012182742834546956 -0.0077752327771841824 -0.0013589621018322933 0.0084436245348649581 -0.00029359539005323435 -0.0098414858804725912 -0.0013629287713419246 0.0067862423124927457 -0.0015892087736445626 0
leaf_weight=207.79552946984768 173.82304300367832 264.38528430461884 17805.958429664373 7458.1355236619711 71.776658549904823 69.953399434685707 4267.4088828414679 221.96109809726477 516.91887495666742 108.50503069162369 60.184791281819344 238.82624449580908 4831.2463473826647 188.70969016849995
leaf_count=1082 986 1510 76273 41192 378 395 18160 1190 3213 619 290 1213 20551 1010
internal_value=0.000151323 -0.00463545 0.000285197 0.000585994 0.000426381 -0.00805508 0.000173369 -0.00126169 0.00232867 -0.00234916 -0.0121943 0.00175978 -0.00180727 -0.00237733
internal_weight=36485.6 971.31 35514.3 29770.3 388.077 583.233 22073.4 5743.95 738.88 316.301 324.57 7696.96 5005.07 258.663
internal_count=168062 5284 162778 136838 2079 3205 94433 25940 4403 1701 1800 42405 21537 1405
is_linear=0
shrinkage=0.03


Tree=144
num_leaves=14
num_cat=0
split_feature=2 0 2 2 0 1 2 0 0 0 2 1 2
split_gain=29.1182 20.5768 31.8583 18.4301 11.5399 11.097 8.37289 10.5692 8.52667 7.10244 7.88855 6.91943 6.24255
threshold=0.0027070756574095285 0.0016563620401740592 0.0026932655064740569 0.001445588710339061 0.0078154141061737344 -1.0581604452977842 0.0053927673544491841 0.0018979333651366708 -0.0011091965484157284 0.0044720206500732931 0.0051512152574994261 0.94996653248721907 0.0064893139797160262
decision_type=8 10 10 10 10 10 8 8 10 10 10 10 8
left_child=1 2 3 -1 5 -3 9 8 -8 10 -2 -11 -9
right_child=6 4 -4 -5 -6 -7 7 12 -10 11 -12 -13 -14
leaf_value=-0.0046957586119164962 0.00046306555513844988 -0.0036943904512135865 -0.016768387590950534 -0.00087974857830039658 0.011663308510397024 0.0018677996589491006 0.0018487805116804788 -0.0027975301060946881 0.0056853065214370474 0.0014599223432304573 -0.0032879331499523086 0.0065778559165679158 0.0015480483653191725
leaf_weight=1301.069233700633 16831.762129642069 365.57695408165455 112.88859224319458 9445.9597261101007 86.8719212859869 2115.9599484503269 1496.7014377191663 471.62928808480501 869.79178237915039 1693.0861546248198 507.1071807667613 282.84136739373207 764.1941691711545
leaf_count=7129 73600 1504 459 40068 360 8685 10493 2810 4907 8012 2592 1518 5277
internal_value=0.000148177 -0.00095866 -0.0015323 -0.00135124 0.00144011 0.00101276 0.000799483 0.0021312 0.00330211 0.000547031 0.00034807 0.00225217 -7.13443e-05
internal_weight=36345.4 13428.3 10859.9 10747 2568.41 2481.54 22917.1 3602.32 2366.49 19314.8 17338.9 1975.93 1235.82
internal_count=167414 58205 47656 47197 10549 10189 109209 23487 15400 85722 76192 9530 8087
is_linear=0
shrinkage=0.03


Tree=145
num_leaves=15
num_cat=0
split_feature=2 0 2 3 2 2 3 3 3 3 2 0 3 0
split_gain=24.6028 16.6983 18.2578 43.7374 17.9935 15.9991 14.0273 18.3417 13.5082 13.3608 10.7569 5.46382 8.34136 7.50817
threshold=0.0018894389554005039 0.00093289548222463218 0.0017989135513542737 0.4562500000000001 0.0014092396667470914 0.0074696459271216525 0.49375000000000008 0.66375000000000017 0.77375000000000005 0.41875000000000001 0.0069216452242156648 -0.0065479513879402066 0.53875000000000017 -0.0097776924312434326
decision_type=8 10 10 10 10 10 10 10 10 10 10 10 10 10
left_child=1 2 4 -4 -1 8 9 -8 10 -3 -2 13 -13 -7
right_child=5 6 3 -5 -6 11 7 -9 -10 -11 -12 12 -14 -15
leaf_value=-0.0052880880672180747 0.00018186173840722175 0 -0.018054075781097113 0.001402400840692497 -0.00024015445245260828 0.0054718832454151165 -0.0096143081064380912 0.007080121454344738 0.011828758919613484 0.0081763711582916437 -0.0046918648506398593 0.0035489629095173118 0.012381316753544066 -0.0059772748615271659
leaf_weight=1098.1462027579546 30799.580502271652 487.00496385991573 217.3703838288784 179.34900638461113 1554.8882024288177 84.55407240241766 190.51446302235126 71.590151816606522 78.997392542660236 284.43886414170265 402.44040961563587 738.94285278767347 114.51709239184856 100.9469887688756
leaf_count=6107 137007 2105 972 777 7591 922 840 308 415 1216 2476 5340 838 864
internal_value=-6.66163e-07 -0.00219354 -0.00331243 -0.00929245 -0.00236414 0.000275119 0.00105062 -0.00474134 0.000150864 0.00313075 0.000115596 0.00392187 0.00493324 -0.000438728
internal_weight=36403.3 4083.3 3049.75 396.719 2653.03 32320 1033.55 262.105 31281 771.444 31202 1038.96 853.46 185.501
internal_count=167778 19916 15447 1749 13698 147862 4469 1148 139898 3321 139483 7964 6178 1786
is_linear=0
shrinkage=0.03


Tree=146
num_leaves=14
num_cat=0
split_feature=1 2 0 0 2 0 1 0 0 1 0 1 2
split_gain=23.989 21.8381 24.4011 16.3906 12.2289 10.8867 9.46249 8.05147 7.37687 6.3022 4.51522 4.40654 1.77598
threshold=1.0852265344658598 0.0011258670578612672 -0.000717733065980874 -0.010703741393565216 0.0030863654409954808 0.0044720206500732931 3.1880780260108446 -0.00058519450179282488 0.0012074677452677317 1.2148960868044945 9.9345567484226784e-05 -0.50513384952702223 0.0023817632904604758
decision_type=8 8 10 8 8 8 10 10 10 8 10 10 10
left_child=1 2 -1 11 -5 6 7 -2 -4 -7 -8 -3 -11
right_child=5 3 8 4 -6 9 10 -9 -10 12 -12 -13 -14
leaf_value=0.0083302831932155243 0.0027334702143368829 0.0015144574774949005 -0.013113899414309623 -0.00091550751385327392 0.00028801791569979177 -0.0013427459155085694 0.0090049495479828986 9.7945127416683783e-05 -0.00077265178073463597 0.0013638911495040158 0.0020999435035730738 0.010119023192464457 0.0091365867477239144
leaf_weight=62.093179792165756 1629.4110932946205 111.02820912003517 250.01202157139778 14486.71177084744 15855.966419622302 60.796116702258587 201.98576132208109 3010.2431390285492 66.674507588148117 54.065879888832569 203.20170600712299 160.02417835593224 288.23933459073305
leaf_count=317 8146 828 1519 61814 75998 343 942 13407 323 290 906 1420 1721
internal_value=1.32807e-05 -0.000307938 -0.00737811 -0.00021612 -0.000284725 0.00184885 0.00144688 0.00104031 -0.0108024 0.00657758 0.00582058 0.00698721 0.00815278
internal_weight=36440.5 30992.5 378.78 30613.7 30342.7 5447.94 5044.84 4639.65 316.687 403.101 405.187 271.052 342.305
internal_count=167974 142219 2159 140060 137812 25755 23401 21553 1842 2354 1848 2248 2011
is_linear=0
shrinkage=0.03


Tree=147
num_leaves=13
num_cat=0
split_feature=2 3 3 0 3 3 2 2 0 3 0 3
split_gain=24.6655 17.538 34.7147 22.4605 13.6747 11.604 10.3567 37.433 13.5046 8.92823 16.2231 8.6972
threshold=0.0033663546919533052 0.67875000000000008 0.63875000000000004 -0.0016579830001423311 0.35125000000000001 0.2737500000000001 0.002982444264385434 0.0030729163931431467 0.00071140188539852822 0.61875000000000013 -0.0014125635007722953 0.57375000000000009
decision_type=8 10 10 10 10 8 10 10 10 10 10 8
left_child=1 2 4 -4 -1 -2 8 -8 -3 11 -11 -7
right_child=5 6 3 -5 -6 9 7 -9 -10 10 -12 -13
leaf_value=0.0022770368253531496 0.012453716428833878 0.0011158777942753752 0.0046234628954369347 -0.0071701199136977971 -0.00077306453971975409 0.00095776592444545353 -0.015182746574703924 0.0032115752033387455 0.0077091606519238721 -0.0048706145966625402 0.00063433955156594194 0.0035345150169981601
leaf_weight=1417.514913469553 69.699931420385838 733.81229083240032 153.61088694632053 1109.8622761070728 16890.425572633743 11104.904405429959 121.06345088779926 397.73529639840126 473.9655107408762 622.17529501020908 1970.9241955801845 1339.789991505444
leaf_count=6226 390 3095 684 4684 72423 56944 512 1705 1949 3342 9147 6761
internal_value=4.4465e-05 -0.000611375 -0.000869586 -0.00566411 -0.000532517 0.000972806 0.00226914 -0.00117328 0.00379459 0.000907364 -0.000677079 0.00124261
internal_weight=36405.5 21298 19571.4 1263.47 18307.9 15107.5 1726.58 518.799 1207.78 15037.8 2593.1 12444.7
internal_count=167862 91278 84017 5368 78649 76584 7261 2217 5044 76194 12489 63705
is_linear=0
shrinkage=0.03


Tree=148
num_leaves=15
num_cat=0
split_feature=2 1 2 2 3 2 2 3 3 3 3 2 2 2
split_gain=22.1906 18.083 14.9889 17.5049 11.7519 11.7781 9.38306 8.61088 34.7358 9.59438 25.8207 16.6403 7.65499 5.97709
threshold=0.0020449271461166637 -0.73091158473852458 0.0022415236238326618 0.0022034277975385235 0.30875000000000002 0.0088198125431252512 0.0028912966445649069 0.6412500000000001 0.66125000000000012 0.39125000000000004 0.37875000000000009 0.0010889261252982538 0.0052406116286393594 0.0016064990190196478
decision_type=10 10 10 10 10 10 10 10 10 8 10 8 10 8
left_child=7 2 3 -2 6 -6 -3 9 -9 10 -1 -11 -4 -10
right_child=1 4 12 -5 5 -7 -8 8 13 11 -12 -13 -14 -15
leaf_value=-0.0011290663397015032 -0.0024028209268451848 0.013181069873691387 -0.00097400354219822813 -0.014752006535836594 0.00049272437089760684 0.0056863317847139546 0.0023524820341216776 -0.015758349418940457 0.0051989926216550256 -0.007482238467181412 -0.0099169537637801373 0.00016265222159767616 0.0016281509396463612 -0.0025420262580105914
leaf_weight=1315.3759229183197 446.61959283053875 107.05981110036373 6847.487388074398 134.14477935433388 21311.461677722633 393.22910844534636 252.19111684709787 182.61641672253609 114.81885035336018 267.88164103031158 389.87786614894867 3141.0276866406202 1171.0884667411447 303.10747303068638
leaf_count=6290 1868 445 29039 559 97130 3278 1378 832 569 1501 1868 14504 7062 1389
internal_value=-8.88351e-05 0.000229465 -0.000933849 -0.00555822 0.000685798 0.000592157 0.00601156 -0.00180463 -0.00521227 -0.00138338 -0.00321935 -0.000440683 -0.000584939 -0.000203295
internal_weight=36378 30663.3 8599.34 580.764 22063.9 21704.7 359.251 5714.71 600.543 5114.16 1705.25 3408.91 8018.58 417.926
internal_count=167712 140759 38528 2427 102231 100408 1823 26953 2790 24163 8158 16005 36101 1958
is_linear=0
shrinkage=0.03


Tree=149
num_leaves=15
num_cat=0
split_feature=2 0 0 1 2 0 0 0 2 1 1 2 2 0
split_gain=20.9126 18.0143 21.4105 13.5191 12.7572 12.4301 10.0444 10.4987 8.94641 8.30522 6.6314 6.32599 9.68676 4.78991
threshold=0.0019736335366390503 0.0016563620401740592 -0.00066482403446349364 -1.0581604452977842 0.0011258670578612672 -0.0034608320513114669 0.0025356404382680642 0.0028964758871890196 0.0049859152011909958 0.7066987578807753 1.8913997938054929 0.001867979531125979 0.0014092396667470914 -0.010703741393565216
decision_type=8 10 10 10 10 8 10 10 8 10 10 10 10 10
left_child=1 2 9 6 -4 13 8 -8 -2 -1 -7 12 -3 -5
right_child=3 11 4 5 -6 10 7 -9 -10 -11 -12 -13 -14 -15
leaf_value=-0.00038783029377890678 -0.0023731679473551551 0.0072263700426851429 -0.0093799030440969641 0.0062299729898027956 -0.0031612776113062475 0.00019707254373962381 0.009592631070927107 0.00030887152148853861 0.0014607956978612744 0.0058362036959051112 0.0021409546369636537 0.0069097339814618236 -0.0014177564509566406 0.0019539821802103015
leaf_weight=852.30587413907051 3449.2433221787214 143.18897689878941 345.04444082081318 268.82607059180737 2633.6439393609762 21640.664661057293 118.24540632963181 875.14411594718695 623.47024292498827 234.04206457734108 1706.7251656353474 190.97901424765587 462.43355712294579 2864.8838777020574
leaf_count=3879 14415 633 2006 2340 13009 96385 530 4171 3607 983 7967 774 1917 15312
internal_value=2.70337e-05 -0.00180059 -0.00261537 0.000311065 -0.00393068 0.000584224 -0.00110328 0.00155832 -0.00176941 0.000939347 0.000342597 0.00226372 0.00061272 0.00235854
internal_weight=36408.8 4861.64 4065.04 31547.2 2978.69 26481.1 5066.1 993.39 4072.71 1086.35 23347.4 796.602 605.623 3133.71
internal_count=167928 23201 19877 144727 15015 122004 22723 4701 18022 4862 104352 3324 2550 17652
is_linear=0
shrinkage=0.03


Tree=150
num_leaves=14
num_cat=0
split_feature=1 2 3 3 3 1 3 3 3 3 2 2 1
split_gain=16.9066 14.4276 33.6032 12.3808 12.0853 6.25157 6.46827 4.81937 4.56366 2.70565 1.73026 2.63277 1.36513
threshold=1.501502433870898 0.0011258670578612672 0.40875 0.77375000000000005 0.61375000000000013 3.1880780260108446 0.55375000000000008 0.66125000000000012 0.47125 0.37875000000000009 0.0035814386601532833 0.0020166696977497881 0.43342850222588375
decision_type=10 8 10 10 10 10 10 10 8 10 10 8 10
left_child=1 2 9 4 -3 6 8 -8 -2 -1 11 -7 -4
right_child=5 3 12 -5 -6 10 7 -9 -10 -11 -12 -13 -14
leaf_value=0.0087712173133932415 0.0012636443205560086 1.7858531743957752e-05 -0.014139761353973899 0.010951205998965487 -0.0014805545844927329 0.0077980180686954602 -0.00278054107649965 0.0019288511478015103 0.0043020320345425519 0 0.0088529908876199808 0.0013867847962224802 -0.0057763115911301476
leaf_weight=74.467336893081665 1590.9433784112334 26527.460228428245 184.35505755245686 78.794237710535526 5896.320936948061 91.481557294726372 483.65722869336605 301.37673070281744 672.62121499329805 72.81592832505703 113.16664829850197 223.29367887973785 73.644282072782516
leaf_count=400 7559 122488 1122 410 26210 382 2289 1371 3208 391 629 967 402
internal_value=-8.18048e-05 -0.000293766 -0.0058559 -0.000220786 -0.000253153 0.00190244 0.00138876 -0.000895603 0.00220785 0.00508277 0.00530955 0.00361753 -0.012281
internal_weight=36384.4 32907.9 405.283 32502.6 32423.8 3476.54 3048.6 785.034 2263.56 147.283 427.942 314.775 257.999
internal_count=167828 151423 2315 149108 148698 16405 14427 3660 10767 791 1978 1349 1524
is_linear=0
shrinkage=0.03


Tree=151
num_leaves=9
num_cat=0
split_feature=3 1 0 3 0 0 3 0
split_gain=14.4382 13.0963 12.3855 9.36298 8.11101 10.0059 6.59654 4.25946
threshold=0.77625000000000011 -0.75084218104496359 -0.0084981284614338171 0.31375000000000003 0.0086479515447942159 0.00038089203784715388 0.4512500000000001 -0.015845912499593242
decision_type=10 8 8 10 8 10 8 10
left_child=1 4 7 -4 5 -1 -6 -3
right_child=-2 2 3 -5 6 -7 -8 -9
leaf_value=-0.0018136825517360831 0.012879491211735473 -0.0018367656010911746 0.0039463349040426551 2.8792842778819807e-05 0.00012471289079029759 0.00013466710422382352 -0.010893499679447917 0.0061701637349761678
leaf_weight=5317.8360660225153 66.763961434364319 52.652477294206619 552.02944327145815 25624.818190909922 59.890091709792614 4177.0339597016573 124.9949624761939 397.74637215584517
leaf_count=24461 367 551 2726 117111 321 18644 638 2999
internal_value=-0.000109265 -0.000138342 0.000203356 0.000115174 -0.00108372 -0.000951002 -0.00719322 0.00508425
internal_weight=36373.8 36307 26627.2 26176.8 9679.76 9494.87 184.885 450.399
internal_count=167818 167451 123387 119837 44064 43105 959 3550
is_linear=0
shrinkage=0.03


Tree=152
num_leaves=14
num_cat=0
split_feature=2 1 1 0 0 2 0 2 1 2 0 2 0
split_gain=15.3604 12.1857 11.2346 9.59467 10.3202 8.36095 8.2001 8.69566 7.54438 3.51599 3.05957 0.819266 3.67602
threshold=0.0018894389554005039 0.087567537746760585 3.1880780260108446 -0.0019364805331244593 0.00071140188539852822 0.0084826783003338312 0.002103123930810523 0.0018206385875575389 -0.73091158473852458 0.0017639783319164475 3.8426387507697393e-05 0.0036453061980855602 0.00014012782349038033
decision_type=8 10 10 10 10 10 10 10 8 10 10 10 10
left_child=1 6 5 -3 -5 8 7 -1 -2 -8 -7 12 -4
right_child=2 3 11 4 -6 10 9 -9 -10 -11 -12 -13 -14
leaf_value=-0.0031150989801919443 -0.00063636978827295355 0.0094198797842690585 0.0073134454634567045 -0.001971346684182469 0.0029519012566813253 0.0056257510697716182 -0.00052311954368119214 -0.0096220287808875399 0.00039860437055620908 0.0063939241173372637 0.0012184105617545902 0.008365016890828773 0
leaf_weight=1713.9259398728609 8797.8363478407264 84.024179980158806 119.40710693597794 1216.5756635069847 543.02665263414383 319.55215884000063 203.6139573007822 215.54859110713005 22453.247335717082 79.271849632263184 337.11330552399158 105.37650443613529 123.98197637498379
leaf_count=9168 38812 344 522 5884 2328 2705 866 957 101972 320 2533 591 533
internal_value=1.89017e-05 -0.00171698 0.000239498 5.40404e-05 -0.000409994 0.00017814 -0.00321342 -0.00391881 0.000105208 0.00136248 0.00350536 0.00552438 0.00377613
internal_weight=36312.5 4055.99 32256.5 1843.63 1759.6 31907.7 2212.36 1929.47 31251.1 282.886 656.665 348.766 243.389
internal_count=167535 19867 147668 8556 8212 146022 11311 10125 140784 1186 5238 1646 1055
is_linear=0
shrinkage=0.03


Tree=153
num_leaves=15
num_cat=0
split_feature=0 0 3 3 1 3 1 0 3 0 1 3 3 3
split_gain=16.4068 31.9967 15.823 16.8506 14.6411 14.1587 12.3095 15.6471 11.0178 14.1326 10.6177 7.09699 4.62565 7.82375
threshold=-0.00058519450179282488 0.00033825066567456176 0.46875000000000006 0.51125000000000009 -1.2099351634385063 0.30875000000000002 0.19055655952459163 0.0081776640269217316 0.48375000000000007 -0.0033776381542644815 -0.11783368501460188 0.66125000000000012 0.46625000000000011 0.54375000000000007
decision_type=8 10 10 10 10 8 10 10 8 10 10 8 10 10
left_child=4 2 5 -4 12 -2 11 -8 10 -10 -6 -3 -1 -14
right_child=1 6 3 -5 8 -7 7 -9 9 -11 -12 -13 13 -15
leaf_value=-0.0036486330781766337 0.0059332632805881467 -0.00074482941069677143 0.0027758235797792135 -0.0020942653730198929 0.00067097819689732616 -0.0039893071223076962 0.0008845003581974722 0.0080666644129120148 0.0024508506286923621 -0.00093640883386932018 0.0031740735276225042 0.0016010616611220627 0.0029999593184125983 -0.0031954290866491103
leaf_weight=742.24295352399349 121.06119491159916 9286.2007548883557 884.67442733049393 2191.8643019497395 2946.4814550206065 3496.562762349844 5950.8995922133327 279.55081075429916 1609.4310339093208 3490.9013739898801 3337.9610907807946 1303.8696052655578 337.56371466815472 375.52331962436438
leaf_count=3478 554 42017 3929 9452 13891 16052 27297 1755 8709 15283 16495 5697 1527 1704
internal_value=-5.34614e-05 -0.000525887 -0.00227903 -0.000669951 0.000806781 -0.00362528 0.000169194 0.00122878 0.00117257 0.000123418 0.00201295 -0.000449101 -0.00200221 -0.000178727
internal_weight=36354.8 23514.7 6694.16 3076.54 12840.1 3617.62 16820.5 6230.45 11384.8 5100.33 6284.44 10590.1 1455.33 713.087
internal_count=167840 106753 29987 13381 61087 16606 76766 29052 54378 23992 30386 47714 6709 3231
is_linear=0
shrinkage=0.03


Tree=154
num_leaves=12
num_cat=0
split_feature=2 0 0 0 2 2 0 0 2 0 2
split_gain=19.731 15.2807 14.3247 16.4333 13.7774 10.9051 10.1919 7.82421 6.85185 6.84437 3.22805
threshold=0.0023069954082973669 -0.0026645119348182159 -0.0019364805331244593 -0.00069292750797818662 0.0020296195999655047 0.0022034277975385235 0.014417644949242536 -0.010703741393565216 0.0093635765090480435 -0.0033776381542644815 0.01006235347145863
decision_type=8 10 10 10 10 10 10 8 10 10 10
left_child=1 5 4 -4 -3 9 7 10 -9 -1 -2
right_child=6 2 3 -5 -6 -7 -8 8 -10 -11 -12
leaf_value=0.0022882934337976487 0.0061834051698854801 -0.0014420286551274858 0.0014688432336887871 -0.0020795860787557567 -0.014327712876084978 -0.0052954217125834556 0.0091637348564087527 0.0001146522528544875 0.0038913552598813486 0.010741057387026449 -0.0016534997687171025
leaf_weight=251.84480005502701 263.65960644930601 168.78357684612274 1414.3084356337786 6318.6523028761148 147.70098425447941 84.893721744418144 105.93138534575701 26961.094093821943 430.93880157917738 152.33446106314659 39.075156033039093
leaf_count=1032 2178 713 6151 28939 603 351 656 122712 3329 637 447
internal_value=-0.000112365 -0.00137402 -0.00169319 -0.00142179 -0.00789411 0.00368748 0.000273331 0.000233864 0.000177656 0.0058014 0.00495948
internal_weight=36339.2 8538.52 8049.45 7732.96 316.485 489.073 27800.7 27694.8 27392 404.179 302.735
internal_count=167748 38426 36406 35090 1316 2020 129322 128666 126041 1669 2625
is_linear=0
shrinkage=0.03


Tree=155
num_leaves=10
num_cat=0
split_feature=1 2 1 3 3 3 3 3 3
split_gain=19.877 16.8551 13.4437 10.156 9.50434 6.97804 5.58724 3.55328 2.66904
threshold=3.1880780260108446 0.001867979531125979 0.054087385314740145 0.77375000000000005 0.2737500000000001 0.68625000000000014 0.52625000000000011 0.46875000000000006 0.43125000000000008
decision_type=10 10 8 10 10 10 10 10 10
left_child=1 2 5 4 -3 -1 -4 8 -2
right_child=7 3 6 -5 -6 -7 -8 -9 -10
leaf_value=-0.0040219064864919331 0.0052658691071775518 0.010316277675360029 0.00069387619831420627 0.010715400007652129 6.2228440469067634e-05 0.0032692954830020296 -0.0037580721609147935 0.0091280642280495133 -0.0011611184534180898
leaf_weight=1981.8153932094574 137.96097892522812 71.664436548948288 1491.6082246378064 71.299145549535751 31865.611811965704 109.16961865127087 294.9346576705575 216.8991866633296 69.435593701899052
leaf_count=10303 637 403 7094 348 145542 553 1394 1007 322
internal_value=-2.67088e-05 -0.000105531 -0.00197178 0.000119218 9.03377e-05 -0.00359893 -2.45117e-05 0.00635065 0.00288371
internal_weight=36310.4 35886.1 3877.53 32008.6 31937.3 2090.99 1786.54 424.296 207.397
internal_count=167603 165637 19344 146293 145945 10856 8488 1966 959
is_linear=0
shrinkage=0.03


Tree=156
num_leaves=15
num_cat=0
split_feature=0 3 3 1 0 0 3 3 3 3 3 0 3 3
split_gain=17.6136 18.0535 16.5171 16.5649 14.0974 24.0297 13.1598 12.9282 8.79933 8.01245 7.67878 6.63479 4.34628 1.6338
threshold=0.0047168589773173902 0.51875000000000016 0.61375000000000013 -0.49460436680421732 -0.00050632814563715469 5.8486308301401602e-05 0.67625000000000013 0.31375000000000003 0.2737500000000001 0.75125000000000008 0.46875000000000006 0.0081776640269217316 0.49625000000000002 0.59375000000000011
decision_type=10 8 10 10 8 8 8 10 8 10 10 10 10 10
left_child=4 10 13 -4 8 7 -7 -6 -1 -10 11 -2 -12 -3
right_child=1 2 3 -5 5 6 -8 -9 9 -11 12 -13 -14 -15
leaf_value=0.010401252500801011 0.00037687914930679609 0.0075247231197978215 -0.0048314133263721746 0.0055155134684143738 0.0081264854312047032 -0.00045682749004598993 0.0024813119563840561 -0.0030026457198408713 0.00041992764789052536 0.0098038526263698623 -0.0043543135786537276 0.0053628769404955911 0.00046466749240142165 0.013467247322139728
leaf_weight=71.714715398848057 914.83934156596661 369.4124893322587 205.8950275182724 369.40428760647774 84.014756739139557 14499.505429856479 1502.2856082171202 4054.3382002413273 13156.071014739573 73.094772279262543 362.09933049976826 332.43659797310829 267.45255696028471 119.93424391746521
leaf_count=411 4697 1929 971 1899 390 64561 6507 18103 62339 361 1891 1954 1368 590
internal_value=-8.08461e-06 0.00221179 0.00531744 0.00169064 -0.000205742 -0.000707471 -0.000175863 -0.0027432 0.000549429 0.000483674 0.000399445 0.0017856 -0.002238 0.00934187
internal_weight=36382.5 2941.47 1064.65 575.299 33441 20140.1 16001.8 4138.35 13300.9 13229.2 1876.83 1247.28 629.552 489.347
internal_count=167971 15299 5389 2870 152672 89561 71068 18493 63111 62700 9910 6651 3259 2519
is_linear=0
shrinkage=0.03


Tree=157
num_leaves=15
num_cat=0
split_feature=2 3 3 2 2 1 1 3 3 3 2 3 3 3
split_gain=18.4138 15.8267 22.1632 24.1997 12.7913 11.6282 9.94104 9.28689 6.92731 7.15906 5.11628 2.01051 3.53499 2.54297
threshold=0.0034434709815845299 0.67875000000000008 0.63875000000000004 0.0022687285517906642 0.003391060834323664 0.33742110855504287 2.5625947355903973 0.7037500000000001 0.29125000000000006 0.34125000000000011 0.0046186317142745221 0.48125000000000001 0.60625000000000007 0.42375000000000002
decision_type=8 10 10 10 10 10 8 10 10 10 8 8 10 10
left_child=1 2 5 -4 7 -1 8 -3 10 -10 -2 13 -13 -8
right_child=6 4 3 -5 -6 -7 11 -9 9 -11 -12 12 -14 -15
leaf_value=-0.0009570251116580125 0 0.0047661129413548806 -0.009794660750830339 -0.0013151195239967655 -0.007848288314961295 0.00061160647749731632 0.0062002946358104601 0.00031341230438904007 -0.002835434732022362 0.00084886233733368988 0.010107684763552661 0.012159162729892786 0.0016003191249190543 -0.0005391395403975016
leaf_weight=12670.829127326608 82.327446907758713 966.1681140512228 475.90039169788361 868.5449037104845 95.600362300872803 6343.7849147617817 84.12868233025074 798.51266594231129 476.0408146828413 13141.486417479813 115.22017484158278 96.493134275078773 63.57138816267252 74.570793375372887
leaf_count=54582 379 4054 2110 3609 407 27201 487 3376 2554 67029 761 572 331 419
internal_value=8.2848e-05 -0.000453785 -0.000698337 -0.00441112 0.00217996 -0.000430487 0.000930437 0.00279821 0.000802116 0.000713678 0.00628121 0.00611574 0.0086591 0.00283362
internal_weight=36353.2 22219.3 20359.1 1344.45 1860.28 19014.6 14133.8 1764.68 13815.1 13617.5 197.548 318.764 160.065 158.699
internal_count=167871 95339 87502 5719 7837 81783 72532 7430 70723 69583 1140 1809 903 906
is_linear=0
shrinkage=0.03


Tree=158
num_leaves=9
num_cat=0
split_feature=3 1 2 2 2 3 3 3
split_gain=16.1082 15.4237 12.9356 10.7743 8.37524 7.88893 6.90018 2.98884
threshold=0.78375000000000006 -0.75084218104496359 0.0015933974398020996 0.0039915687364262924 0.0040341021866642781 0.67375000000000018 0.31375000000000003 0.49625000000000002
decision_type=8 10 10 10 10 10 10 10
left_child=1 2 7 6 -5 -4 -3 -1
right_child=-2 3 5 4 -6 -7 -8 -9
leaf_value=-0.0070823408477134137 0.012891106110638588 0.0043836133434141233 -0.00093527614192682605 0.0073962762564521983 0.0013349382445293717 0.0021755191411219729 5.9348746633165689e-05 -0.00096632464668052257
leaf_weight=357.38572010397911 78.951386943459511 328.62867778539658 8385.2610024884343 208.3678061068058 6136.7903456315398 784.63856621086597 19918.684901475906 123.74760723859072
leaf_count=2122 546 1453 37785 966 34757 3377 86095 688
internal_value=0.000134871 0.00010188 -0.00092271 0.000476191 0.00155475 -0.00066048 0.000134626 -0.00568317
internal_weight=36322.5 36243.5 9651.03 26592.5 6345.16 9169.9 20247.3 481.133
internal_count=167789 167243 43972 123271 35723 41162 87548 2810
is_linear=0
shrinkage=0.03


Tree=159
num_leaves=9
num_cat=0
split_feature=3 0 0 2 2 2 2 2
split_gain=14.2923 12.9058 27.1203 34.8863 23.8028 6.37045 15.4304 9.46505
threshold=0.77375000000000005 -0.00055764435789533906 0.00038089203784715388 0.0051512152574994261 0.0010889261252982538 0.0037934352431188167 0.0038518318681561611 0.003136861609594806
decision_type=10 8 8 8 8 10 10 8
left_child=1 5 3 -3 -4 7 -7 -1
right_child=-2 2 4 -5 -6 6 -8 -9
leaf_value=0.0009000695133692052 0.011926372027880957 -0.0025778781767905627 -0.012525218418004854 0.0072197118789844939 0.00026876496194343306 0.0087095342148990409 0.0011580030484771527 -0.0012088386928110846
leaf_weight=5948.608432456851 79.58184727281332 6490.5600137412548 121.81025016307831 332.0257493853569 16347.470339514315 253.92108644545078 3954.1346592381597 2800.0055652111769
leaf_count=25262 427 28687 672 1815 74613 1165 22788 12381
internal_value=-3.79532e-05 -6.91571e-05 -0.000492792 -0.00208242 0.000162954 0.000687565 0.00164747 0.000217651
internal_weight=36328.1 36248.5 23291.9 6822.59 16469.3 12956.7 4208.06 8748.61
internal_count=167810 167383 105787 30502 75285 61596 23953 37643
is_linear=0
shrinkage=0.03


Tree=160
num_leaves=13
num_cat=0
split_feature=1 0 0 0 3 3 0 1 3 0 1 3
split_gain=14.0475 13.4983 10.6776 12.0968 9.82371 11.1479 10.8124 6.19457 5.97634 4.77151 4.65348 0.472603
threshold=-0.75084218104496359 -0.0097776924312434326 0.0086479515447942159 -0.00050632814563715469 0.28625000000000006 0.31375000000000003 -0.0010397748304740357 0.54841095194364076 0.38625000000000004 0.0099498557420046041 1.1104880283684551 0.35375000000000006
decision_type=10 8 10 8 8 8 10 10 10 10 10 10
left_child=4 8 3 -3 -1 6 -6 -4 11 -7 -10 -2
right_child=1 2 7 -5 5 9 -8 -9 10 -11 -12 -13
leaf_value=0.0093215593149236706 0.0014547009862384294 0.0010028537505903953 0.0020827236133740381 -0.00034716690537767939 0 -0.00090406562650314148 -0.016473701089161987 0.0096402233012775288 0.010917818360327434 -0.0071797690235873412 0 -0.0026112364015541032
leaf_weight=70.662755109369755 50.108145728707314 9324.1306938007474 370.99772833287716 16512.160899043083 67.325113162398338 9350.3585266023874 73.59422367811203 144.87553330510855 181.25897853821516 103.64057814329863 35.241414472460747 33.725475378334522
leaf_count=357 455 43580 2076 74525 319 42507 332 978 1531 563 322 301
internal_value=-5.13914e-05 0.000302211 0.000226513 0.000137924 -0.00103194 -0.00112407 -0.00926498 0.00446219 0.00652952 -0.000986717 0.00906432 0
internal_weight=36318.1 26652.5 26352.2 25836.3 9665.58 9594.92 140.919 515.873 300.334 9454 216.5 83.8336
internal_count=167846 123768 121159 118105 44078 43721 651 3054 2609 43070 1853 756
is_linear=0
shrinkage=0.03


Tree=161
num_leaves=10
num_cat=0
split_feature=2 0 2 0 0 3 3 0 3
split_gain=16.2082 25.5102 18.5006 12.2411 14.0315 11.8704 11.7458 11.6517 5.3737
threshold=0.0020593652842502883 0.0053957968554761747 0.0020734814841331258 -0.00066482403446349364 0.00049267082477263383 0.77375000000000005 0.47375000000000006 -0.0084981284614338171 0.43375000000000002
decision_type=10 10 10 8 10 10 8 10 10
left_child=1 3 8 6 -5 7 -1 -4 -2
right_child=2 -3 5 4 -6 -7 -8 -9 -10
leaf_value=0.0027915279078569526 0.0026595969644205349 0.013974076052186965 0.0043394882828441672 -0.0039930730493558707 -0.00055617508016133201 0.011807686161535654 -0.0030753020066602824 0.00015789505107094017 0.015248504814222359
leaf_weight=907.44485175609589 72.544106468558311 84.976549550890923 603.87895582616329 2362.3649276196957 2035.7978166118264 70.371446318924427 445.64801496267319 29642.402911640704 84.523199111223221
leaf_count=4017 302 427 4629 12090 9106 350 1948 134611 347
internal_value=5.53949e-05 -0.00138958 0.000334466 -0.00165086 -0.0024207 0.000277475 0.000806855 0.000244772 0.0103005
internal_weight=36310 5836.23 30473.7 5751.26 4398.16 30316.7 1353.09 30246.3 157.067
internal_count=167827 27588 140239 27161 21196 139590 5965 139240 649
is_linear=0
shrinkage=0.03


Tree=162
num_leaves=15
num_cat=0
split_feature=1 1 2 2 2 3 3 2 3 3 2 3 3 3
split_gain=19.5418 13.4302 12.5638 14.9283 9.60755 16.3343 8.71483 7.96142 5.08488 6.51392 8.40561 6.51886 5.5021 5.0842
threshold=1.7430398526547062 -0.73091158473852458 0.0052406116286393594 0.0061243861919275519 0.0010889261252982538 0.40875 0.30875000000000002 0.0015933974398020996 0.56875000000000009 0.64375000000000016 0.0030559005382342929 0.60875000000000012 0.47125 0.49625000000000002
decision_type=8 10 10 10 8 10 10 10 10 10 10 10 8 8
left_child=1 2 7 -4 5 -3 -6 -1 12 11 -11 -10 -2 -14
right_child=8 4 3 -5 6 -7 -8 -9 9 10 -12 -13 13 -15
leaf_value=-0.0052272656881603733 0.0020225800948157281 0.0042959848312811924 0.0063187013526245887 -0.00065885650967617982 0.0044285584520626885 -0.011250494347570727 0.00014116679856264708 -0.0013142297412412174 0.0007203589433471229 -0.0015010002291777958 0.0075434977423783937 -0.0075449574111652743 0.0092105173942969541 0.0031686142740034126
leaf_weight=501.58212273567915 1368.9446539804339 82.200243681669235 405.34707341343164 780.78415036946535 426.27208640426397 156.48659241199493 23043.533105269074 8221.6530725955963 169.55690287053585 166.98007182776928 169.71407590806484 140.66663873195648 227.74026016145945 406.91168676316738
leaf_count=2953 6490 447 2211 4942 2189 904 106388 35064 815 702 842 656 1099 1982
internal_value=-2.91404e-05 -0.000226584 -0.00115421 0.00170838 0.000158926 -0.00569779 0.000223445 -0.00155183 0.00244403 3.43995e-05 0.00297099 -0.00295865 0.00318821 0.00553902
internal_weight=36268.4 33617.9 9909.37 1186.13 23708.5 238.687 23469.8 8723.24 2650.51 646.918 336.694 310.224 2003.6 634.652
internal_count=167684 155098 45170 7153 109928 1351 108577 38017 12586 3015 1544 1471 9571 3081
is_linear=0
shrinkage=0.03


Tree=163
num_leaves=11
num_cat=0
split_feature=2 0 3 2 2 3 3 0 3 2
split_gain=17.5645 20.5032 19.4715 17.739 14.1466 13.2626 12.9237 11.906 12.193 9.45943
threshold=0.0030729163931431467 -0.0084981284614338171 0.34875000000000006 0.0030559005382342929 0.003125806430861122 0.2737500000000001 0.33875000000000005 0.0021461270542633653 0.47875000000000006 0.0032662870358655155
decision_type=8 10 10 10 8 8 10 10 10 8
left_child=1 -1 6 -4 7 -6 -3 8 -2 -7
right_child=4 2 3 -5 5 9 -8 -9 -10 -11
leaf_value=0.013864060299901513 0.0015995957884691698 0.0010448101391486964 -0.00086106243954267884 -0.011020437220137857 0.012638828820975232 -0.0015125027407547884 0.0082637702762094773 -0.0034566234430655506 0.011060945411620102 0.00072380074030854301
leaf_weight=77.225344374775887 244.09932586550713 881.07215958833694 16086.778644487262 147.41342537105083 71.678860239684582 1877.2454863041639 303.09283877909184 106.75225339829922 286.8565358966589 16257.966361135244
leaf_count=428 1022 3848 69161 610 410 7949 1348 459 1203 81511
internal_value=6.85432e-05 -0.000613945 -0.000689495 -0.000963735 0.000705347 0.000546341 0.00299651 0.00507389 0.00693212 0.0004883
internal_weight=36340.2 17495.6 17418.4 16234.2 18844.6 18206.9 1184.16 637.708 530.956 18135.2
internal_count=167949 75395 74967 69771 92554 89870 5196 2684 2225 89460
is_linear=0
shrinkage=0.03


Tree=164
num_leaves=15
num_cat=0
split_feature=2 0 0 0 0 3 2 2 2 2 3 2 3 3
split_gain=14.8944 19.755 25.9604 12.7081 14.0942 25.2028 11.9995 15.4969 11.9674 29.7715 11.6829 11.6817 7.54257 6.66754
threshold=0.0046510927379661516 0.00082159576828511516 -0.00050632814563715469 0.00096216234887393909 -0.0018393464278976877 0.6462500000000001 0.0048168642418436125 0.0064893139797160262 0.0010889261252982538 0.0013719695818470397 0.48375000000000007 0.0012970047784985046 0.44875000000000004 0.69875000000000009
decision_type=8 10 10 8 10 10 8 8 10 10 10 10 10 10
left_child=1 2 10 4 13 -6 12 -8 -3 -10 -1 -4 -5 -2
right_child=3 8 11 6 5 -7 7 -9 9 -11 -12 -13 -14 -15
leaf_value=0.0011762416740151288 0.00065285815919136352 -0.010513027344759198 -0.0061301301050656794 0.011012580009489988 0.0062326067891675559 -0.0086434317841046146 -0.0028748558420737861 0.0021849273541607417 0.01348421553564934 0.00078442421061285521 -0.00080229763446304947 -0.0016173661426971738 0.0014896454963951296 0.011174548485744819
leaf_weight=5961.4769086614251 1774.1427690982819 71.316996827721596 557.09829334914684 117.69478857517242 1295.7060814499855 99.361817613244057 1345.7927032709122 890.49842577427626 159.50289829075336 10945.390616707504 4843.6414470821619 7952.0720531791449 235.30313022434711 47.150902546942234
leaf_count=26154 11996 376 3308 580 6869 499 7271 6088 736 47164 21087 34165 1175 352
internal_value=0.000158592 -0.000104908 -0.000687432 0.00155057 0.00280691 0.0050764 0 -0.000832566 0.000896139 0.000984201 0.000283847 -0.00192671 0.00504593 0.00101755
internal_weight=36296.1 30490.5 19314.3 5805.65 3216.36 1395.07 2589.29 2236.29 11176.2 11104.9 10805.1 8509.17 352.998 1821.29
internal_count=167820 132990 84714 34830 19716 7368 15114 13359 48276 47900 47241 37473 1755 12348
is_linear=0
shrinkage=0.03


Tree=165
num_leaves=12
num_cat=0
split_feature=2 0 3 2 0 2 3 2 2 2 2
split_gain=14.4144 11.9752 9.50562 7.99544 6.83655 11.6692 39.522 17.455 9.05032 21.93 0.0340757
threshold=0.001867979531125979 0.014417644949242536 0.24875000000000003 0.0061243861919275519 0.00084962685549874728 0.0017989135513542737 0.4562500000000001 0.001719074333767883 0.0010889261252982538 0.0013719695818470397 0.0045505388473486329
decision_type=8 10 10 10 10 10 10 8 10 10 8
left_child=4 2 -2 -4 5 7 -7 -1 -6 -10 -3
right_child=1 10 3 -5 8 6 -8 -9 9 -11 -12
leaf_value=-0.0027242692221173303 0.0095401362903792895 0.0047899967953468755 -5.0474047709720558e-05 0.0017081665364854354 -0.0093067064806339889 -0.01720812130624149 0.0038750950652275428 0.004990671557874961 0.011139678224810561 -0.00084315441488039473 0.012885954261451185
leaf_weight=2271.8200189173222 86.135120026767254 54.38119313120842 29743.239357277751 2510.1278027147055 70.675907552242279 171.7478392124176 130.69929099082947 284.45673497021198 154.35298942029476 798.31220279633999 48.069245681166649
leaf_count=12088 556 285 130523 16995 375 785 579 1315 705 3413 358
internal_value=-5.43225e-05 0.000150895 0.000114999 8.502e-05 -0.0017807 -0.0025339 -0.00807278 -0.00182629 0.000269495 0.00113155 0.00993027
internal_weight=36324 32442 32339.5 32253.4 3882.06 2858.72 302.447 2556.28 1023.34 952.665 102.45
internal_count=167977 148717 148074 147518 19260 14767 1364 13403 4493 4118 643
is_linear=0
shrinkage=0.03


Tree=166
num_leaves=6
num_cat=0
split_feature=3 0 0 0 3
split_gain=13.3254 10.3023 10.7694 29.0101 12.7474
threshold=0.77625000000000011 0.014417644949242536 -0.00058519450179282488 0.00040252504061792047 0.40125000000000005
decision_type=10 10 8 10 8
left_child=1 2 4 -4 -1
right_child=-2 -3 3 -5 -6
leaf_value=0.0025539457681875363 0.012572485723828256 0.0090399747313400294 -0.0020018621485290555 0.00029511501971317297 0.00019403133553444642
leaf_weight=2596.7316425144672 66.167548350989819 103.35562390089035 7099.1822407543659 16176.55855409801 10172.975638218224
leaf_count=13033 377 650 31866 73790 47821
internal_value=3.70161e-05 8.94093e-06 -1.77903e-05 -0.000403453 0.00068024
internal_weight=36215 36148.8 36045.4 23275.7 12769.7
internal_count=167537 167160 166510 105656 60854
is_linear=0
shrinkage=0.03


Tree=167
num_leaves=14
num_cat=0
split_feature=2 0 2 1 0 0 2 2 2 2 0 1 0
split_gain=11.0933 21.5174 18.5309 12.651 11.9687 11.3411 22.3932 11.3188 10.1118 9.99082 11.5039 5.3847 5.11111
threshold=0.0030863654409954808 -0.0040383072127532548 0.003136861609594806 1.0621213625688903 -0.000717733065980874 0.00071140188539852822 0.0043497958137187591 0.0030559005382342929 0.0048168642418436125 0.0020734814841331258 -0.0084981284614338171 -1.0450551789936695 0.0011458993517102589
decision_type=8 10 8 10 10 8 10 10 10 10 10 10 10
left_child=1 9 11 7 -5 6 -4 -3 -7 -1 -11 -2 -13
right_child=2 3 5 4 -6 8 -8 -9 -10 10 -12 12 -14
leaf_value=0.014412955360304286 -0.00066078556147094471 -0.00097798641070893423 -0.0013861244560211567 0.0045208510570944388 0 0.0018838228143977578 0.0015506966843387416 -0.0073266158035701009 -0.00045976808548762516 0.013004621176621068 0.0013493183942280002 0.0082444042429970221 0.00047991272245844391
leaf_weight=74.794742837548256 86.968585044145584 13886.027850314975 6373.6742935404181 680.28574453294277 2166.3139531165361 5678.1902310550213 3665.4542617946863 251.12771901488304 2281.0150359869003 81.910567328333855 579.39647983014584 418.97578921914101 114.84080110490322
leaf_count=303 355 59982 27893 2892 9198 25882 21771 1029 13494 459 2535 1774 491
internal_value=2.64705e-05 -0.000508942 0.000539244 -0.00073063 0.00108071 0.000358343 -0.000307395 -0.0011001 0.00120491 0.0044668 0.00305456 0.00560014 0.00672389
internal_weight=36339 17719.9 18619.1 16983.8 2846.6 17998.3 10039.1 14137.2 7959.21 736.102 661.307 620.785 533.817
internal_count=168058 76398 91660 73101 12090 89040 49664 61011 39376 3297 2994 2620 2265
is_linear=0
shrinkage=0.03


Tree=168
num_leaves=11
num_cat=0
split_feature=1 0 3 3 3 3 1 3 3 3
split_gain=12.7687 15.0242 13.501 12.7648 11.728 10.4147 8.31233 7.84028 0.67347 0.105895
threshold=0.69127899887594302 0.007112700550997453 0.61625000000000008 0.66125000000000012 0.77375000000000005 0.2737500000000001 -1.0969349144478893 0.44625000000000009 0.52875000000000016 0.43875000000000003
decision_type=10 8 10 10 10 8 10 8 8 10
left_child=4 2 7 -4 5 -1 -7 -2 9 -3
right_child=1 8 3 -5 -6 6 -8 -9 -10 -11
leaf_value=0.010174679656862695 0.00037451017895606496 0.0079514815308545858 -0.0053774571077105987 0.00056184566511592701 0.011477398162207128 -0.001340205490867541 -1.3100412965415868e-05 0.0024575481414213745 0.012130274008402879 0.0027356486409225193
leaf_weight=76.015446558594704 3192.6482389122248 52.695036552846432 532.38699259608984 772.50471723079681 67.037879191339016 5245.1666017025709 22656.643155910075 3487.3812781721354 82.386299766600132 79.533309422433376
leaf_count=413 15125 361 2404 3461 360 23963 104231 16357 526 519
internal_value=0.000105944 0.00114763 0.00092276 -0.00183819 -0.000196778 -0.000230985 -0.000265119 0.001473 0.00883345 0.00564902
internal_weight=36244.4 8199.54 7984.92 1304.89 28044.9 27977.8 27901.8 6680.03 214.615 132.228
internal_count=167720 38753 37347 5865 128967 128607 128194 31482 1406 880
is_linear=0
shrinkage=0.03


Tree=169
num_leaves=15
num_cat=0
split_feature=0 2 2 3 0 2 2 3 3 0 2 3 2 3
split_gain=10.087 13.8743 14.4609 15.5745 14.5135 8.87805 20.9408 11.5635 10.745 10.2282 8.65996 8.48427 6.75532 4.68286
threshold=-0.0022166544134780315 0.0039915687364262924 0.0038215618030757572 0.41625000000000006 0.00084962685549874728 0.0022034277975385235 0.0023358565281525515 0.4612500000000001 0.38125000000000003 -0.002733966124784791 0.0040341021866642781 0.45875000000000005 0.0019437657720499731 0.60625000000000007
decision_type=8 10 8 8 10 10 10 8 10 10 10 10 10 10
left_child=5 2 4 -4 -2 7 -7 8 -1 -8 13 -12 -9 -3
right_child=1 10 3 -5 -6 6 9 12 -10 -11 11 -13 -14 -15
leaf_value=0.0080439183392899318 -0.0010879209585911297 0.0028885634650461772 -0.010098182738932041 -0.0018020110475255187 0.00047072350157226678 -0.0098533228923825648 0.00039493709390042697 0.016035058280240027 -0.0036406549489938359 0.0038012525620690278 0.0019423566890795693 -0.00024684283683259339 0.0047266064331330862 0.01245718614808479
leaf_weight=99.17458002269268 13164.416689932346 177.09025989472866 272.25697413086891 852.18324562162161 9012.8725311607122 154.05419027805328 4626.6208762973547 85.944088310003281 188.8891015201807 963.348508477211 2778.5752313435078 3618.296415835619 167.33369328081608 74.148959711194038
leaf_count=411 57144 808 1200 4010 38122 632 25199 359 788 4443 14699 18874 683 335
internal_value=-4.67517e-05 -0.000277702 -0.000624123 -0.00393493 -0.000451855 0.00104289 0.000680331 0.00469901 0.000315721 0.000998419 0.00092661 0.000696251 0.00925508 0.006311
internal_weight=36235.2 29949.8 23301.7 1124.44 22177.3 6285.37 5744.02 541.341 288.064 5589.97 6648.11 6396.87 253.278 251.239
internal_count=167707 135192 100476 5210 95266 32515 30274 2241 1199 29642 34716 33573 1042 1143
is_linear=0
shrinkage=0.03


Tree=170
num_leaves=14
num_cat=0
split_feature=1 2 2 0 2 0 0 0 1 2 0 0 2
split_gain=16.1942 11.3928 21.5078 11.8265 20.0122 19.7289 9.60224 7.53433 2.59137 5.89837 1.58841 1.13559 0.439437
threshold=2.5625947355903973 0.0036186789201165357 0.0036320624947112209 0.00038089203784715388 0.0010889261252982538 -0.00058519450179282488 -0.0017495571167721435 -0.010703741393565216 3.4776108912586401 0.0023693445118215585 0.00073738648560612641 1.983766620259071e-05 0.0033533321982390737
decision_type=10 8 8 10 10 10 10 8 10 8 10 10 8
left_child=1 3 11 5 -5 -1 12 -4 10 -10 -8 -3 -2
right_child=6 2 7 4 -6 -7 8 -9 9 -11 -12 -13 -14
leaf_value=-8.5785009835837649e-05 0.0057493879709306734 0.0057125695534097813 0.0056627105261057098 -0.011617377593685954 0.00046622560685299121 -0.0024526277451682225 -0.00015449182973965007 0.00040819079147171868 0.010558428667371758 0.00078166849364179726 0.0028390940798109746 0.01509924754517886 0.013668637344614876
leaf_weight=7875.0818990916014 74.625597521662712 67.506708487868309 243.36500955373049 114.64267571270466 9938.8173089772463 5358.702608987689 314.96685332804918 11629.813060708344 94.063197180628777 155.43063566833735 253.93680237978697 78.042902737855911 75.142648071050644
leaf_count=33702 356 298 2288 648 41889 23950 1369 60189 392 731 1227 345 494
internal_value=3.25813e-05 -7.12238e-05 0.000676559 -0.00045986 0.000311063 -0.00104984 0.0038414 0.000525617 0.00239884 0.00496372 0.00110405 0.0117785 0.0107051
internal_weight=36274.1 35306 12018.7 23287.2 10053.5 13233.8 968.166 11873.2 818.397 249.494 568.904 145.55 149.768
internal_count=167878 163309 63120 100189 42537 57652 4569 62477 3719 1123 2596 643 850
is_linear=0
shrinkage=0.03


Tree=171
num_leaves=15
num_cat=0
split_feature=1 1 2 0 2 0 1 0 0 0 2 2 0 0
split_gain=19.4416 9.13133 14.4838 10.0144 10.4799 7.41083 6.66058 6.20609 4.34358 4.23654 2.42226 1.8882 1.63031 1.15725
threshold=1.7908368253636169 -1.1518724797628306 0.0015933974398020996 -0.00050632814563715469 0.0020449271461166637 0.00014012782349038033 2.9892386251955929 3.8426387507697393e-05 -0.0011091965484157284 0.004591353258762562 0.0017372338072111071 0.002125818736659867 -0.00074431215373777957 -3.5960400570690205e-05
decision_type=8 10 8 8 10 10 8 10 10 10 8 8 8 10
left_child=1 2 13 8 -5 -4 9 12 -3 10 -2 -9 -8 -1
right_child=6 3 5 4 -6 -7 7 11 -10 -11 -12 -13 -14 -15
leaf_value=-0.011284965094939921 -0.0016084315935706377 0.00042160183158935404 -0.0022101567838684641 -0.0019155743712119032 -4.5682832953649333e-05 0.00021661499420048136 0.0053891096860801445 0.0059983578922743544 0.0018584877317995045 0.006898174124633929 0.0016595717224869397 0.00040368949912564451 0.012232514421524149 -0.0047875617587291013
leaf_weight=114.26526100933552 206.93082895874977 8159.1016240790486 2203.1386759877205 3292.8428287133574 15121.338812917471 2233.6649643406272 151.18914909660816 76.587852835655212 2535.5450205057859 125.98744095116854 1618.61004229635 226.50889150798321 110.77393913269043 122.07058024406433
leaf_count=694 910 39880 9966 15943 67810 9972 776 318 11052 758 7627 1081 520 724
internal_value=3.0013e-05 -0.000158118 -0.00138796 3.76694e-05 -0.000384174 -0.00097719 0.0025698 0.00546186 0.00076929 0.00167825 0.0012497 0.00215544 0.00884692 -0.00850313
internal_weight=36298.6 33782 4673.14 29108.8 18414.2 4436.8 2516.59 565.06 10694.6 1951.53 1825.54 303.097 261.963 236.336
internal_count=168031 156041 21356 134685 83753 19938 11990 2695 50932 9295 8537 1399 1296 1418
is_linear=0
shrinkage=0.03


Tree=172
num_leaves=14
num_cat=0
split_feature=1 2 0 2 2 0 0 1 0 2 0 0 2
split_gain=14.6434 10.6482 14.1429 8.34551 12.8894 11.7719 7.78058 7.40815 6.43959 6.55248 3.69431 3.51685 3.32039
threshold=0.33742110855504287 0.0020032689886634769 0.0055487076018163779 0.0020734814841331258 0.0021062118175967973 -0.00026977484475632595 0.0039715153762893115 2.5625947355903973 0.007112700550997453 0.0093635765090480435 -0.0017495571167721435 -0.0011091965484157284 0.0067561699990020012
decision_type=10 10 8 10 10 10 10 10 8 10 10 8 10
left_child=1 2 6 5 -5 -3 -1 8 9 -2 -9 -12 -10
right_child=7 3 -4 4 -6 -7 -8 10 12 -11 11 -13 -14
leaf_value=-0.0021021880394756463 0.00033940197392112812 0.0088344092924576255 0.010445745728561299 -0.0075732864790969212 -0.00025247356512124859 -9.3849309462709651e-05 -0.01129127973278706 0.0077378180239375711 0.0060735962401260351 0.0071507887122484442 -0.0034761944819187199 0.0030032784010980708 -0.0012705015758941219
leaf_weight=3163.323340266943 10199.807607196271 207.64335323870182 67.954965829849243 209.51989606022835 20640.112285614014 307.75137449800968 79.406458236277103 147.74290712922812 266.98258271813393 119.88761214911938 66.972501866519451 753.45218843221664 49.558572053909302
leaf_count=15720 47037 864 394 867 93761 1310 336 843 1565 1056 310 3417 432
internal_value=-7.00684e-05 -0.000484868 -0.00206769 -0.000235937 -0.000332513 0.00348867 -0.00237967 0.000806457 0.000569275 0.000431187 0.00331832 0.00236661 0.00473634
internal_weight=36280.1 24675.7 3310.68 21365 20849.6 515.395 3242.73 11604.4 10636.2 10319.7 968.168 820.425 316.541
internal_count=167912 113252 16450 96802 94628 2174 16056 54660 50090 48093 4570 3727 1997
is_linear=0
shrinkage=0.03


Tree=173
num_leaves=12
num_cat=0
split_feature=1 0 0 2 2 0 1 2 1 2 0
split_gain=10.7093 8.92129 9.55878 8.83364 8.5928 6.55727 6.40739 6.33965 4.3973 2.92826 3.88642
threshold=3.1880780260108446 -0.0051556924144032226 0.0047168589773173902 0.0014092396667470914 0.0025593995991118391 3.8426387507697393e-05 -0.99554104225960627 0.004315428446572931 -0.93615693575699854 0.0020449271461166637 0.0014681544973237709
decision_type=8 8 10 10 10 8 10 10 10 10 10
left_child=1 6 3 -3 -4 -2 7 -1 -8 -7 -11
right_child=5 2 4 -5 -6 9 8 -9 -10 10 -12
leaf_value=0.0021623131498338124 0.0087233977079567929 -0.0026541793367271965 0.0055816937648384369 -0.00015220995854025408 0.00084181754991196787 0.0059711424248274853 0.011287185236633503 -0.0055946746554320212 0.0024675305320090348 -0.0051451686185348565 0.0031949397721021231
leaf_weight=177.93672299385071 192.55269780755043 1322.2940741032362 401.18369997292757 29717.264149703085 2503.723440758884 68.346959352493286 48.469641536474228 170.57448000460863 1484.6343577280641 89.444420121610165 85.909385003149509
leaf_count=838 918 7363 1737 131404 13420 330 284 1152 9635 395 435
internal_value=6.35177e-05 4.30854e-06 -0.000105722 -0.000261547 0.00153391 0.0046824 0.00201105 -0.00151704 0.00285659 0.00103503 -0.000783548
internal_weight=36262.3 35826.1 33944.5 31039.6 2904.91 436.253 1881.62 348.511 1533.1 243.701 175.354
internal_count=167911 165833 153924 138767 15157 2078 11909 1990 9919 1160 830
is_linear=0
shrinkage=0.03


Tree=174
num_leaves=8
num_cat=0
split_feature=3 2 3 3 3 3 2
split_gain=10.6412 11.6765 14.4933 20.9963 12.3491 9.42093 7.16135
threshold=0.2737500000000001 0.0012970047784985046 0.40875 0.36375000000000007 0.4562500000000001 0.77625000000000011 0.0088198125431252512
decision_type=8 8 10 10 10 10 10
left_child=-1 2 3 -2 -4 6 -3
right_child=1 5 4 -5 -6 -7 -8
leaf_value=0.0095179227822496 -0.0074488161803248675 -0.00010815262066770624 -0.013183027305270597 0.006801400353971138 -0.0031881821529938896 0.010549702580845819 0.0032650254401355838
leaf_weight=93.354000978171825 142.37799048423767 34547.128049954772 165.85665360093117 225.06533372402191 397.22752164304256 65.581041842699051 565.32135029882193
leaf_count=528 777 156852 963 1230 2245 371 4633
internal_value=-8.75633e-05 -0.000116687 -0.00341606 0.00106966 -0.00641553 -2.67605e-05 -5.12209e-05
internal_weight=36201.9 36108.6 930.527 367.443 563.084 35178 35112.4
internal_count=167599 167071 5215 2007 3208 161856 161485
is_linear=0
shrinkage=0.03


Tree=175
num_leaves=15
num_cat=0
split_feature=3 3 1 3 0 3 0 0 0 0 0 3 0 1
split_gain=10.0463 16.1734 15.4315 19.6463 23.0358 13.1943 11.6544 11.5186 11.1873 9.18735 19.2027 9.02463 8.6025 14.0385
threshold=0.61375000000000013 0.66125000000000012 0.27361477342269752 0.49375000000000008 0.0028318710392847076 0.48375000000000007 -0.00048298222937755554 -0.00080108843882078118 0.0041612793782773898 0.00044769806541465048 -5.4510766416285801e-05 0.44375000000000003 0.0027699166853085186 -0.39726467404666471
decision_type=10 10 10 10 10 8 10 10 10 8 10 8 10 10
left_child=2 6 3 5 -5 -1 7 -2 -8 10 -4 -11 -3 -14
right_child=1 12 9 4 -6 -7 8 -9 -10 11 -12 -13 13 -15
leaf_value=-0.00027840336985614689 -0.0011907194794795266 0.0012080976999722642 0.0015846656916416685 0.00063466244516055482 0.0055189784493307626 -0.0040992749054863525 -0.0048202362442554183 0.0077815430563717798 0.0014555094085322944 0.00094431626934507842 -0.0027613705568753566 0.0037362039501690892 -0.0076369227116614442 0.00092559426873416075
leaf_weight=12938.485945090652 710.11753529310226 3140.535637691617 4629.9603502675891 4698.7480714917183 1069.0112222060561 863.0179576203227 1566.4986207038164 146.01863947510719 283.87722319364548 1894.6944989338517 1123.0285446643829 2536.3942913487554 272.88574973493814 410.38496955484152
leaf_count=60239 3414 13819 22362 21112 5049 4083 6780 620 1397 8920 4966 12066 1233 1994
internal_value=0.000348175 -0.000712483 0.000583148 8.68195e-05 0.0015583 -0.000524464 -0.00248655 0.000342449 -0.00382254 0.00152996 0.000722555 0.00256074 0.000530774 -0.0024684
internal_weight=36283.7 6530.32 29753.3 19569.3 5767.76 13801.5 2706.51 856.136 1850.38 10184.1 5752.99 4431.09 3823.81 683.271
internal_count=168054 29257 138797 90483 26161 64322 12211 4034 8177 48314 27328 20986 17046 3227
is_linear=0
shrinkage=0.03


Tree=176
num_leaves=12
num_cat=0
split_feature=0 2 0 2 2 2 1 2 1 2 1
split_gain=9.1174 12.9171 12.2443 32.4327 27.1105 26.7415 14.6311 12.4573 6.06811 8.49389 5.30425
threshold=-0.0023389976477505999 0.0015933974398020996 0.00033825066567456176 0.0043497958137187591 0.0010889261252982538 0.0040536030343945812 -1.0969349144478893 0.0012504703659142271 -1.1794747233830412 0.0032662870358655155 2.5625947355903973
decision_type=8 10 10 10 8 10 10 8 10 10 10
left_child=1 -1 3 5 -4 -2 -5 -6 9 -3 -10
right_child=2 8 4 6 7 -7 -8 -9 10 -11 -12
leaf_value=0.013921896918550751 -0.0011238953063530711 -0.0055225263335920869 -0.012914934373835419 -0.0029070529004099599 0.0092342703415750852 -0.0081464928172506699 0.0045220268229522438 0.00034641013694650065 0.0011015685010273809 0.00087249079829734193 0.0077551111941636846
leaf_weight=60.087401121854782 11439.63965972513 291.67011705040932 127.99810408055782 275.27329362928867 133.83779747784138 503.98772566020489 1277.2721932679415 16534.935359463096 5095.974920772016 454.01558764278889 104.0826807320118
leaf_count=263 49682 1217 734 1377 659 2192 6693 75466 26792 2401 629
internal_value=-1.05308e-05 0.00105454 -0.000223948 -0.000897635 0.000314 -0.00143182 0.00315624 0.000426864 0.00089127 -0.00158946 0.00126089
internal_weight=36298.8 6005.83 30292.9 13496.2 16796.8 11943.6 1552.55 16668.8 5945.74 745.686 5200.06
internal_count=168105 31302 136803 59944 76859 51874 8070 76125 31039 3618 27421
is_linear=0
shrinkage=0.03


Tree=177
num_leaves=15
num_cat=0
split_feature=2 3 0 0 2 3 2 3 0 3 3 0 3 0
split_gain=12.3138 18.4879 14.4109 23.4019 7.83708 9.06302 22.2892 19.9686 8.75446 7.11058 6.58344 6.17355 5.62201 2.15484
threshold=0.0012970047784985046 0.40875 -0.000717733065980874 0.00073738648560612641 0.0034190409572881493 0.35125000000000001 0.0029311035973404779 0.39125000000000004 0.012260103503179713 0.4612500000000001 0.4562500000000001 -0.00053171845944752455 0.36625000000000002 -5.4510766416285801e-05
decision_type=8 10 10 10 10 8 10 8 10 10 10 10 10 10
left_child=1 2 -1 -4 5 6 -2 -7 12 -10 13 -12 -6 -3
right_child=4 10 3 -5 8 7 -8 -9 9 -11 11 -13 -14 -15
leaf_value=0.013227089200272647 0.0041530313355429491 -0.0047142129832001278 -0.0057764380483075863 0.012778775783050212 -0.0014026235940004541 -0.0032532400115307569 -0.0049344136947882733 -0.00017457541170221486 -0.0010337185464282413 0.011256587733152294 -0.010716758835383901 -0.0017913790667266295 0.000666840393660301 -0.014796460714068831
leaf_weight=67.313193157315254 1032.4097336381674 63.554927706718445 239.72617316246033 70.368404343724251 1274.6454504728317 2124.1608690172434 302.54768992960453 17546.170245192945 49.558537475764751 112.65119409561157 94.314322471618652 301.79917752742767 12926.567531369627 107.51311339437962
leaf_count=328 4488 376 1413 328 6754 9416 1284 74124 373 703 497 1750 65746 627
internal_value=-6.80543e-05 -0.00343067 0.00156711 -0.00111067 2.09993e-05 -0.000346457 0.00202751 -0.000511567 0.000562414 0.00731124 -0.00682973 -0.0042758 0.000476015 -0.0118493
internal_weight=36313.3 944.589 377.408 310.095 35368.7 21005.3 1334.96 19670.3 14363.4 162.21 567.182 396.113 14201.2 171.068
internal_count=168207 5319 2069 1741 162888 89312 5772 83540 73576 1076 3250 2247 72500 1003
is_linear=0
shrinkage=0.03


Tree=178
num_leaves=10
num_cat=0
split_feature=3 0 2 2 2 2 3 3 2
split_gain=8.90725 8.62933 10.5797 18.5787 13.0137 10.3652 17.9932 11.9237 5.00261
threshold=0.77625000000000011 0.0027063659757853818 0.0048168642418436125 0.0049402804779042639 0.0039915687364262924 0.0022811186681237655 0.46625000000000011 0.48375000000000007 0.0025316596608429532
decision_type=8 10 8 10 10 10 8 10 10
left_child=1 5 4 -4 -3 6 -1 -7 -2
right_child=8 2 3 -5 -6 7 -8 -9 -10
leaf_value=-0.0023664519049258069 0.00057047704829450642 0.00090248764471106025 -0.011876095132796523 -0.00011078335561494817 0.0049174810908801615 0.00076451269299393184 0.00064579083736747043 -0.00061915627343106332 0.014141305855975722
leaf_weight=4579.2492341399193 57.915246278047562 4007.3353853523731 124.13956256955862 1331.3898947313428 897.89268627762794 11540.288054317236 2872.3749697208405 10858.243847332895 52.483976490795612
leaf_count=21294 433 17406 657 8408 4566 53566 12886 48770 275
internal_value=1.19238e-05 -1.35044e-05 0.000987086 -0.00122936 0.00165814 -0.000228988 -0.00119797 9.10903e-05 0.0081591
internal_weight=36321.3 36210.9 6360.76 1455.53 4905.23 29850.2 7451.62 22398.5 110.399
internal_count=168261 167553 31037 9065 21972 136516 34180 102336 708
is_linear=0
shrinkage=0.03


Tree=179
num_leaves=14
num_cat=0
split_feature=1 2 0 0 0 0 0 0 1 1 2 2 2
split_gain=12.4188 10.9709 13.9368 8.48233 7.7419 7.29017 6.34271 5.89618 5.55338 2.71488 2.13035 2.14762 0.285016
threshold=0.7066987578807753 0.0011258670578612672 -0.00074431215373777957 0.007112700550997453 0.014417644949242536 -0.009143318059400397 -0.002733966124784791 0.0016563620401740592 3.4776108912586401 0.90867270426566316 0.0047750893397121314 0.0033663546919533052 0.0063816902915668086
decision_type=10 10 8 8 10 10 10 10 10 10 10 8 10
left_child=1 2 -1 6 5 -3 9 -4 -8 -2 11 -5 -12
right_child=3 4 7 10 -6 -7 8 -9 -10 -11 12 -13 -14
leaf_value=0.0070073556945315467 0.0065673674279574283 0.0037341657652208444 -0.01004383699146935 0.0027391974537124028 0.0085338826200691362 -0.00030130109532163288 0.00037585214610126561 0 0.0048110537013670287 0.0022209852813729115 0.0032653198522566975 0.012949799220816731 0
leaf_weight=55.769743472337723 185.13749580830336 397.12313024699688 242.71018863469362 55.985310658812523 80.482165895402431 27354.829984880984 6642.725892573595 67.75555307418108 257.98304130136967 738.46897024661303 43.863722138106823 70.702421218156815 38.828569114208221
leaf_count=294 1061 3119 1596 274 486 123880 30100 398 1168 4345 314 452 345
internal_value=1.42338e-05 -0.000280594 -0.0053758 0.00105562 -0.000209487 -0.000240069 0.000882477 -0.0079367 0.000557066 0.0032175 0.00691703 0.00940704 0.00185163
internal_weight=36232.4 28198.7 366.235 8033.7 27832.4 27752 7824.32 310.466 6900.71 923.606 209.38 126.688 82.6923
internal_count=167832 129773 2288 38059 127485 126999 36674 1994 31268 5406 1385 726 659
is_linear=0
shrinkage=0.03


Tree=180
num_leaves=15
num_cat=0
split_feature=3 3 2 2 2 2 3 0 3 0 3 0 2 3
split_gain=8.96948 23.2251 16.9646 56.3566 14.9247 17.6445 15.2443 25.5711 16.4718 11.2334 11.23 8.35125 8.32421 7.53586
threshold=0.61625000000000008 0.66125000000000012 0.0020296195999655047 0.0023358565281525515 0.0025462049533089225 0.0025847501261382993 0.46875000000000006 -0.0016121923316226919 0.35125000000000001 0.0039715153762893115 0.49875000000000008 0.0044720206500732931 0.0047750893397121314 0.63875000000000004
decision_type=10 10 8 10 8 8 10 10 10 10 10 10 10 10
left_child=4 2 13 -4 6 10 8 -8 -1 12 -6 -11 -3 -2
right_child=1 9 3 -5 5 -7 7 -9 -10 11 -12 -13 -14 -15
leaf_value=0.0025830463626091427 -0.0023337773674533963 0.00076233433693740954 0.010847965366887074 -0.0039151321167253074 0.0035193712207628024 0.00063093749340472792 -0.0045430978179384967 0.0022933039709372924 -0.0021016024223272319 -0.01294763692463698 0.015194725790960916 -0.001773227864991962 0.0076350905695754326 -0.013372301318472939
leaf_weight=749.28786805272102 104.22200265526772 3243.265800870955 251.73464691638947 2011.0386445596814 312.80592583119869 19895.203096345067 592.84095059335232 2609.3016318976879 5558.6910139024258 68.860519051551819 102.26583749055862 361.81818214058876 160.1589675322175 190.03492680191994
leaf_count=3447 476 13975 1034 9127 1277 95275 2435 11421 24985 307 418 1815 1003 877
internal_value=8.31299e-05 -0.000933579 -0.0031456 -0.00220583 0.000303283 0.000763812 -0.000673711 0.000998738 -0.00153244 0.000530391 0.0068269 -0.00394931 0.00112475 -0.009865
internal_weight=36211.5 6391.13 2557.03 2262.77 29820.4 20310.3 9510.12 3202.14 6307.98 3834.1 415.072 430.679 3403.42 294.257
internal_count=167872 28614 11514 10161 139258 96970 42288 13856 28432 17100 1695 2122 14978 1353
is_linear=0
shrinkage=0.03


Tree=181
num_leaves=15
num_cat=0
split_feature=1 0 3 0 3 1 0 0 3 3 3 3 3 0
split_gain=7.99512 7.44387 12.5987 11.4015 8.92544 7.26712 7.25265 11.9601 15.073 8.39776 8.93222 8.58004 7.82533 4.83465
threshold=-1.0581604452977842 0.00014012782349038033 0.40125000000000005 -0.00058519450179282488 0.50125000000000008 -1.3438591355050988 -0.00046012491165091141 0.00038089203784715388 0.46875000000000006 0.40875 0.74875000000000014 0.36625000000000002 0.61375000000000013 -9.4276442016774314e-05
decision_type=10 10 8 10 10 10 8 10 10 8 10 10 10 10
left_child=1 3 5 -1 -4 -3 9 8 -8 11 -11 -2 -9 -5
right_child=6 2 4 13 -6 -7 7 12 -10 10 -12 -13 -14 -15
leaf_value=-0.00078379639210479212 0.00035718326924156899 0.0077243233010450907 -0.002593044501016432 -0.0068054775238714487 0.0010933835705254765 0.00039269892354302951 -0.0027578225612993634 0.0007653709525281163 0.00044105939869547458 0.00033746134845701032 0.010261427756645651 0.0038767306168110711 -0.00099091557820827052 -0.0015312472052311096
leaf_weight=2043.3427364900708 1137.8540801554918 265.63506252318621 1198.7728092074394 512.76112331449986 1121.8039564788342 252.65909769386053 2840.8386049568653 11048.390591219068 2421.5871892422438 8643.6543509587646 72.964076817035675 1493.2380564585328 2843.3215553462505 280.85409797728062
leaf_count=9480 5764 1235 5481 2358 4960 1162 13018 51173 10552 40720 374 7437 12665 1295
internal_value=0.000102215 -0.00092811 0.000138769 -0.00201352 -0.000788176 0.00433895 0.000296147 -5.70473e-05 -0.00127638 0.000897122 0.000439071 0.00238448 0.000401128 -0.00505591
internal_weight=36177.7 5675.83 2838.87 2836.96 2320.58 518.294 30501.8 19154.1 5262.43 11347.7 8716.62 2631.09 13891.7 793.615
internal_count=167674 25971 12838 13133 10441 2397 141703 87408 23570 54295 41094 13201 63838 3653
is_linear=0
shrinkage=0.03


Tree=182
num_leaves=15
num_cat=0
split_feature=1 3 3 3 0 1 0 3 3 0 3 3 3 3
split_gain=14.2237 9.09871 18.5702 12.1427 11.7776 10.8825 6.03756 5.60272 4.5532 3.22604 5.78109 3.09413 1.41967 1.98986
threshold=2.5625947355903973 0.61625000000000008 0.67375000000000018 0.59375000000000011 0.0055487076018163779 0.043500492131758668 -0.0025283570821665246 0.77375000000000005 0.43625000000000008 3.8426387507697393e-05 0.3887500000000001 0.3937500000000001 0.6412500000000001 0.49375000000000008
decision_type=10 10 10 10 10 10 10 10 8 10 8 10 8 10
left_child=1 3 6 5 -5 -1 -3 -4 9 11 -11 -2 13 -10
right_child=8 2 7 4 -6 -7 -8 -9 12 10 -12 -13 -14 -15
leaf_value=-0.00054863748236246587 0.0071772525548679279 0.0008567581656423411 0.00020892386652050069 0.0019752911759352101 0.012343155446955632 0.00065830659075760657 -0.0032686294416849147 0.0078606975918725161 0.0059845954379244707 -0.0076159184345120333 0.0024101303829639474 -0.00011887479483031302 0.0082134979519987716 0.0016336070204431242
leaf_weight=16649.235788293183 87.61365657299757 330.74658063799143 2965.4346847310662 1085.0616660192609 103.41644395887852 11249.274914309382 2815.1900789365172 79.689287751913071 228.87654846906662 81.976463377475739 98.085488833487034 79.183771014213562 136.08625477552414 257.31783554702997
leaf_count=76964 437 1760 13058 4856 531 53376 12415 442 1090 369 449 383 633 1232
internal_value=-5.47363e-05 -0.000155315 -0.00119913 6.51324e-05 0.00302299 -5.97605e-05 -0.00281456 0.00045388 0.00350937 0.000532454 -0.00199927 0.00356338 0.00503914 0.00388209
internal_weight=36247.2 35278 6191.06 29087 1188.48 27898.5 3145.94 3045.12 969.14 346.859 180.062 166.797 622.281 486.194
internal_count=167995 163402 27675 135727 5387 130340 14175 13500 4593 1638 818 820 2955 2322
is_linear=0
shrinkage=0.03


Tree=183
num_leaves=14
num_cat=0
split_feature=1 2 0 2 0 0 2 0 2 2 0 2 2
split_gain=11.4781 11.707 10.5588 18.351 11.1064 9.36407 6.47426 2.83301 3.02107 6.30326 2.50325 1.38918 0.332251
threshold=1.8913997938054929 0.0012970047784985046 0.00076532002641895751 0.0010889261252982538 -0.00069292750797818662 0.014417644949242536 0.0064893139797160262 0.0044720206500732931 0.002125818736659867 0.0017372338072111071 -0.0015685262580415363 0.0035378186859288973 0.0044841474273327941
decision_type=8 8 10 10 10 10 10 10 8 10 10 10 8
left_child=1 2 4 -4 -1 6 -3 8 9 -2 -10 -9 -7
right_child=7 5 3 -5 -6 12 -8 11 10 -11 -12 -13 -14
leaf_value=0.0015869075336700643 0.00021291854590775049 -0.00021053965795248751 -0.0083705087431496239 0.010220407936763933 -0.007336182129847232 0.003654790905162126 0.0016016374545564989 0.0096079841421199096 0.0031647759738350745 0.0072572420865310381 0.00031393219557113156 0.001575655651588163 0.011540113158832596
leaf_weight=145.93796342611313 249.08050189912319 31171.511319123209 68.538944035768509 107.42878970503807 531.55461499094963 54.28021427989006 1867.0271448493004 62.846447497606277 376.38224206864834 236.01056006550789 1211.9211692288518 62.134758822619915 47.690659314393997
leaf_count=743 1084 138689 380 496 3290 286 13017 311 2173 969 5510 442 363
internal_value=-2.87319e-05 -0.000166471 -0.00361652 0.00259593 -0.00533167 -7.47482e-05 -0.000105863 0.00206509 0.00174088 0.00383873 0.00104261 0.00647177 0.0085798
internal_weight=36192.3 33994 853.46 175.968 677.493 33140.5 33038.5 2198.38 2073.39 485.091 1588.3 124.981 101.971
internal_count=167753 157264 4909 876 4033 152355 151706 10489 9736 2053 7683 753 649
is_linear=0
shrinkage=0.03


Tree=184
num_leaves=14
num_cat=0
split_feature=2 0 3 3 3 2 2 3 0 2 2 3 0
split_gain=9.61248 12.8484 13.5246 25.9296 25.3647 8.78469 21.6781 13.9783 6.41676 6.61987 7.78096 6.51731 4.32742
threshold=0.0040707763470456222 -0.0042609063521371528 0.67625000000000013 0.61625000000000008 0.7037500000000001 0.003125806430861122 0.0032662870358655155 0.46875000000000006 0.012260103503179713 0.0088198125431252512 0.0069216452242156648 0.49375000000000008 -0.0065479513879402066
decision_type=10 8 8 10 10 10 10 10 10 10 10 10 10
left_child=1 5 3 -3 -4 7 -7 -1 9 10 -2 -10 -11
right_child=8 2 4 -5 -6 6 -8 -9 11 12 -12 -13 -14
leaf_value=0.00010436242195641753 0.00085861724838454567 -0.00032771845329917571 0.0046207239954970773 -0.0035535236241817235 -0.0014941960336325192 -0.0076468927580248683 0.0032729217090955915 0.0089763878922485673 -0.00039931030326375867 -0.00084108428368371744 -0.0021541989132743185 0.01283409294503671 0.0053227830569876552
leaf_weight=312.22355887293816 6856.3564946651459 21506.443481519818 1257.8159793168306 2503.7217016220093 1150.3334283679724 214.77457740902901 587.9960692897439 351.06922788918018 42.209590509533882 109.94409689307213 850.81629311293364 70.04134675860405 426.97196619212627
leaf_count=1390 35797 93111 5454 10589 4927 1043 2989 1638 360 1151 5818 458 3251
internal_value=-2.7964e-05 -0.000297062 -0.00045101 -0.000667935 0.00168082 0.00242069 0.000219456 0.00495286 0.000862102 0.000751897 0.000515889 0.00774154 0.0039586
internal_weight=36240.7 27884.4 26418.3 24010.2 2408.15 1466.06 802.771 663.293 8356.34 8244.09 7707.17 112.251 536.916
internal_count=167976 121141 114081 103700 10381 7060 4032 3028 46835 46017 41615 818 4402
is_linear=0
shrinkage=0.03


Tree=185
num_leaves=11
num_cat=0
split_feature=1 3 3 0 3 0 1 1 0 3
split_gain=10.1968 8.14015 17.9798 13.6497 13.0641 13.2622 10.1168 8.66809 4.08374 4.66036
threshold=3.1880780260108446 0.61625000000000008 0.66125000000000012 -0.0042609063521371528 0.58875000000000011 0.0053957968554761747 -1.5774901982303859 -0.31818666965122427 3.8426387507697393e-05 0.45875000000000005
decision_type=8 10 10 10 10 10 10 10 8 8
left_child=1 4 3 -3 7 -6 -4 -1 -2 -10
right_child=8 2 6 -5 5 -7 -8 -9 9 -11
leaf_value=-0.00056009295849378661 0.0078010154423352506 0.0061967587869198497 -0.0081883143535350419 -0.0034745419092727793 0.0019343221804331372 0.011811856068294515 0.00059421953647146729 0.00050252845077913746 -0.0028643430043089522 0.0051019047338399627
leaf_weight=12431.506514877081 191.49750404059887 125.63951316475868 111.49881841242313 2424.1116290464997 1345.3534923642874 129.81935190409422 3639.0884564220905 15511.075758717954 101.12909418344498 138.00133515149355
leaf_count=57347 919 771 496 10712 6036 660 16222 73354 461 679
internal_value=2.1844e-05 -3.24341e-05 -0.00101158 -0.0029522 0.000175501 0.00291765 0.000296094 2.75961e-05 0.00455864 0.00151237
internal_weight=36148.7 35718.1 6300.34 2549.75 29417.8 1475.17 3750.59 27942.6 430.628 239.13
internal_count=167657 165598 28201 11483 137397 6696 16718 130701 2059 1140
is_linear=0
shrinkage=0.03


Tree=186
num_leaves=13
num_cat=0
split_feature=1 0 3 3 0 3 3 0 3 0 0 0
split_gain=7.93172 8.96811 9.49666 11.5065 10.6628 5.68069 12.1414 10.8288 8.98729 15.3732 7.68043 6.78883
threshold=-0.77249895144551728 0.0099498557420046041 0.67375000000000018 0.68625000000000014 0.0025949444012007164 0.69125000000000003 0.61625000000000008 0.0044720206500732931 0.7037500000000001 0.0016941721477928017 -0.00074431215373777957 0.0086479515447942159
decision_type=10 10 10 10 10 10 10 10 10 10 10 10
left_child=1 2 4 -4 -1 6 11 -8 9 -7 -10 -2
right_child=5 -3 3 -5 -6 8 7 -9 10 -11 -12 -13
leaf_value=-0.0014649224668406692 0.00030958341887940137 -0.0093187135217224753 0.0084477460275854035 0.00016340438496829996 0.0012860135418461293 0.0089490486509871871 -0.002164329824565602 0.0034297673272261618 -0.0035520506206011631 -0.0031111082317190524 0.0020702569663667084 0.0042624177354991114
leaf_weight=6960.0418763980269 21658.94822345674 100.4297843798995 201.78509763628244 581.25176177918911 1519.1017996817827 323.1232798025012 2939.5481754764915 331.64342937618494 290.87192490696907 118.3713972568512 767.65359956771135 391.37326116859913
leaf_count=31763 101110 545 877 2529 7094 1418 13034 1678 1434 537 3331 2390
internal_value=-2.25824e-05 -0.000775394 -0.000666338 0.0024535 -0.00096407 0.000238157 0.000128975 -0.00157017 0.00202844 0.00558536 0.000450369 0.000384363
internal_weight=36184.1 9362.61 9262.18 783.037 8479.14 26821.5 25321.5 3271.19 1500.02 441.495 1058.53 22050.3
internal_count=167740 42808 42263 3406 38857 124932 118212 14712 6720 1955 4765 103500
is_linear=0
shrinkage=0.03


Tree=187
num_leaves=12
num_cat=0
split_feature=1 3 1 0 0 3 0 0 0 0 0
split_gain=11.6212 8.05291 8.41105 8.41849 7.74456 2.77458 6.79306 3.09183 1.53843 1.85498 1.54069
threshold=2.5625947355903973 0.2737500000000001 -1.1099903546781709 -0.00046012491165091141 0.00014012782349038033 0.46875000000000006 -0.0017495571167721435 -0.00046012491165091141 -0.00074431215373777957 3.8426387507697393e-05 -0.0019364805331244593
decision_type=10 8 10 8 10 8 10 10 8 10 10
left_child=1 -1 4 -4 -3 6 -2 -8 10 -10 -7
right_child=5 2 3 -5 -6 8 7 -9 9 -11 -12
leaf_value=0.0082429041195704409 0.0092776166032744224 -0.0023662104126813319 0.00076476141829245068 -0.00027370715404424376 -6.7302297793990475e-06 0.0046361147806936939 -0.004943491558077529 0.0012033708773486174 0.010513635385447272 0.0041624479714942163 -0.00098421045845715734
leaf_weight=94.878586418926716 72.822659574449062 2559.701177239418 11165.422204606235 18821.292051248252 2541.9457392990589 64.673472687602043 84.02649562805891 324.80220608413219 79.31832941621542 265.60046089440584 70.277934372425079
leaf_count=531 428 11860 53260 85867 11514 374 375 1480 343 1241 326
internal_value=3.53766e-05 -5.2307e-05 -7.87888e-05 0.000111088 -0.00120463 0.0032731 0.00143693 -4.60323e-06 0.00492665 0.00604711 0.00142934
internal_weight=36144.8 35183.2 35088.4 29986.7 5101.65 961.522 481.651 408.829 479.87 344.919 134.951
internal_count=167599 163032 162501 139127 23374 4567 2283 1855 2284 1584 700
is_linear=0
shrinkage=0.03


Tree=188
num_leaves=15
num_cat=0
split_feature=0 0 2 2 2 2 1 2 0 2 2 2 1 0
split_gain=11.881 19.3239 23.1997 21.8249 18.3736 19.5211 11.6622 8.25339 8.87997 7.83513 12.2899 7.36971 4.4886 0.0352704
threshold=-0.00050632814563715469 0.00033825066567456176 0.0051020652705412355 0.0063816902915668086 0.0010889261252982538 0.0012504703659142271 2.5625947355903973 0.0084826783003338312 -0.0042609063521371528 0.0013719695818470397 0.0011258670578612672 0.0022034277975385235 -0.47584091669782125 0.00096216234887393909
decision_type=8 10 10 10 8 8 10 10 10 10 8 10 10 10
left_child=7 2 6 -4 13 -6 -2 9 12 10 -1 -11 -9 -3
right_child=1 4 3 -5 5 -7 -8 8 -10 11 -12 -13 -14 -15
leaf_value=0.0037695143520385735 -0.00259737908602261 -0.013578771375877602 0.01420755579272095 -0.0013180262581842666 0.011172652781024419 3.1016216137102156e-05 0.0046632649328146375 -0.0048003688030208783 0.011663399506773515 0.0023877147495456647 -0.0084975168693690404 0.00033025734873391792 0.0045134064310852042 -0.0055506772068631277
leaf_weight=98.946161478757858 5706.5394713431597 66.90886427462101 141.76409676671028 159.16170015931129 132.88106396794319 16504.479587510228 191.67573840171099 62.657644614577293 116.66316573321819 1849.1045133918524 196.50087821483612 10778.335003055632 111.23167069256306 59.060703217983246
leaf_count=513 25492 418 717 930 651 75432 812 552 869 7892 1017 50999 1153 318
internal_value=-7.51625e-05 -0.000488994 -0.00191883 0.00602471 3.7018e-05 0.000130266 -0.00234378 0.000639287 0.00557542 0.000519441 -0.00420391 0.000637941 0.000752541 -0.0109411
internal_weight=36175.9 22962.5 6199.14 300.926 16763.3 16637.4 5898.22 13213.4 290.552 12922.9 295.447 12627.4 173.889 125.97
internal_count=167765 104770 27951 1647 76819 76083 26304 62995 2574 60421 1530 58891 1705 736
is_linear=0
shrinkage=0.03


Tree=189
num_leaves=9
num_cat=0
split_feature=3 2 3 3 3 0 3 3
split_gain=10.5701 5.67269 12.3388 30.2582 11.5702 6.18049 9.23352 5.89314
threshold=0.78375000000000006 0.0034190409572881493 0.67875000000000008 0.6412500000000001 0.7037500000000001 0.012260103503179713 0.5162500000000001 0.3987500000000001
decision_type=8 10 10 10 10 10 10 10
left_child=1 2 3 -1 -4 7 -7 -3
right_child=-2 5 4 -5 -6 6 -8 -9
leaf_value=-0.00021377116775212786 0.010588179172607289 0.0017245076225985657 0.0042807945926067442 -0.005071169535236817 -0.00044495688365797078 0 0.014300910729832804 0.00010901120431092369
leaf_weight=18742.896281674504 75.160833768546581 2477.5215894281864 969.9966649711132 1222.9905690550804 846.63559749722481 96.503218673169613 62.379513069987297 11677.632383413613
leaf_count=80901 542 13226 4082 5237 3602 670 400 59110
internal_value=3.10967e-05 4.52639e-06 -0.000298613 -0.0005167 0.00205515 0.000469907 0.00620036 0.000397019
internal_weight=36171.7 36096.6 21782.5 19965.9 1816.63 14314 158.883 14155.2
internal_count=167770 167228 93822 86138 7684 73406 1070 72336
is_linear=0
shrinkage=0.03


Tree=190
num_leaves=9
num_cat=0
split_feature=3 1 0 3 0 3 0 3
split_gain=7.65739 5.92727 6.41048 6.23416 5.41677 11.1472 5.42149 4.90899
threshold=0.78375000000000006 -1.0581604452977842 -0.0084981284614338171 0.61625000000000008 0.00014012782349038033 0.40125000000000005 -0.00061222535619592452 0.38625000000000004
decision_type=8 10 10 10 10 10 10 10
left_child=1 4 7 -4 6 -6 -1 -3
right_child=-2 2 3 -5 5 -7 -8 -9
leaf_value=-0.00082634052832197575 0.0088854703137023761 -0.00115789387752117 0.0004178504447250356 -0.00070540332418801775 0.0040758446041085344 -0.00074636471803355645 -0.0037755116581666948 0.0052484685605998791
leaf_weight=2021.4990118816495 79.835718736052513 124.2529359832406 24574.609081715345 5389.1480679437518 518.96683935075998 2309.2522955387831 816.82531675696373 386.22190874814987
leaf_count=9340 580 1077 113586 23901 2406 10359 3759 3010
internal_value=0.000129477 0.000106023 0.000273198 0.000213657 -0.000781359 0.000128594 -0.00170641 0.00358155
internal_weight=36220.6 36140.8 30474.2 29963.8 5666.54 2828.22 2838.32 510.475
internal_count=168018 167438 141574 137487 25864 12765 13099 4087
is_linear=0
shrinkage=0.03


Tree=191
num_leaves=12
num_cat=0
split_feature=0 0 2 2 3 2 2 3 2 2 0
split_gain=9.11201 12.808 22.401 18.1825 17.9999 15.4197 8.756 6.94397 5.29127 11.1041 8.05411
threshold=-0.00050632814563715469 0.00046990126554205986 0.0051020652705412355 0.0010889261252982538 0.46375000000000005 0.0062969978145501143 0.0012082362596986117 0.2737500000000001 0.001445588710339061 0.0011258670578612672 -0.0011091965484157284
decision_type=8 10 10 8 10 10 8 8 10 8 10
left_child=7 2 4 -3 -2 -4 -5 -1 9 -9 -10
right_child=1 3 5 6 -6 -7 -8 8 10 -11 -12
leaf_value=0.009624717637024988 -0.0032841828464892785 -0.01229844516696715 0.012396174140056754 0.010048345599328571 -0.00016453690601806701 0 0.00016772944030500758 0.0044559371183555347 0.00027377069816530698 -0.0068706650673693321 0.0020623610345720466
leaf_weight=68.122552283108234 3491.6018705740571 94.968262895941734 160.46152959764004 71.416408002376556 3255.9876917153597 196.09182359278202 15678.62114713341 102.31265236437321 9831.4967145696282 222.49589562416077 2980.2065950781107
leaf_count=404 16015 545 814 335 14047 1144 71828 533 48055 1156 12817
internal_value=2.43956e-05 -0.000335114 -0.00139335 0.000136146 -0.00179018 0.00579657 0.000222686 0.00065353 0.000595158 -0.00309712 0.000695789
internal_weight=36153.8 22949.1 7104.14 15845 6747.59 356.553 15750 13204.6 13136.5 324.809 12811.7
internal_count=167693 104728 32020 72708 30062 1958 72163 62965 62561 1689 60872
is_linear=0
shrinkage=0.03


Tree=192
num_leaves=13
num_cat=0
split_feature=1 3 3 3 0 0 0 3 3 3 0 0
split_gain=10.9763 13.5418 6.7009 7.25105 6.67531 6.62917 6.43167 5.57828 16.9681 5.47085 3.43471 0.694338
threshold=0.69127899887594302 0.55125000000000013 0.2737500000000001 0.44375000000000003 0.00053974529043447682 0.012260103503179713 0.0060883274071632607 0.44625000000000009 0.40625000000000006 0.66125000000000012 0.00033825066567456176 0.0081776640269217316
decision_type=10 10 8 10 10 10 10 8 10 10 8 10
left_child=2 7 -1 4 -4 -5 9 8 -2 -3 -9 -8
right_child=1 6 3 5 -6 -7 11 10 -10 -11 -12 -13
leaf_value=0.008155399542756403 0.0027150846776344772 -0.0026671672429889074 -0.0015699438067671796 -7.9099287613259932e-06 0 0.0064457832751870234 0.0084376381173894826 0.0015255532713050629 -0.0016367253355491806 0.00049608976226882436 0.0037609339895513789 0.0012150952591050491
leaf_weight=73.635035969316959 1836.637995056808 1285.2396238967776 6255.9583715796471 17518.548119992018 4030.7461432591081 134.30143000930548 51.154599770903587 1374.1665624976158 1406.2915021926165 743.56103017181158 1393.5514055043459 48.646632723510265
leaf_count=406 8856 5963 30015 79295 18559 801 296 6484 6720 3329 6691 320
internal_value=-1.35771e-05 0.000953764 -0.00029702 -0.000324353 -0.000957297 4.14138e-05 -0.00108179 0.0016852 0.000810254 -0.00148165 0.00268216 0.00589485
internal_weight=36152.4 8139.25 28013.2 27939.6 10286.7 17652.8 2128.6 6010.65 3242.93 2028.8 2767.72 99.8012
internal_count=167735 38659 129076 128670 48574 80096 9908 28751 15576 9292 13175 616
is_linear=0
shrinkage=0.03


Tree=193
num_leaves=6
num_cat=0
split_feature=3 3 2 3 3
split_gain=7.49193 7.24509 6.46972 18.3668 5.74682
threshold=0.77375000000000005 0.24875000000000003 0.0012970047784985046 0.40875 0.61375000000000013
decision_type=10 10 10 10 10
left_child=1 -1 3 -3 -4
right_child=-2 2 4 -5 -6
leaf_value=0.0082919381323542773 0.0087361375311689159 0.0025749283544594477 0.00026217752980957744 -0.0058313252463308308 -0.00072814640742557737
leaf_weight=85.387797266244888 79.351831547915936 374.5195719897747 28616.928836651146 566.15886873751879 6440.1642636135221
leaf_count=569 441 2066 132653 3291 28747
internal_value=5.72411e-05 3.40775e-05 1.05259e-05 -0.00242949 7.83833e-05
internal_weight=36162.5 36083.2 35997.8 940.678 35057.1
internal_count=167767 167326 166757 5357 161400
is_linear=0
shrinkage=0.03


Tree=194
num_leaves=11
num_cat=0
split_feature=2 3 3 3 3 3 2 3 1 3
split_gain=9.19039 22.6044 8.25 8.00055 15.2819 13.6279 4.78568 11.9182 4.69913 2.31185
threshold=0.0011258670578612672 0.40875 0.77375000000000005 0.61625000000000008 0.66125000000000012 0.43875000000000003 0.001051306329718196 0.3937500000000001 1.3033236169234386 0.50125000000000008
decision_type=10 10 10 10 10 10 8 8 10 10
left_child=1 6 3 5 -5 -2 -1 -8 9 -3
right_child=2 8 -4 4 -6 -7 7 -9 -10 -11
leaf_value=0.008197947274640802 -0.00059016239435277231 -0.012638770263981676 0.009805066986450282 -0.0027967959084441475 0.00020375565414586005 0.00072024872425731563 -0.010491483502648426 0.0068052030971383695 0 -0.0030044947210656242
leaf_weight=86.869207248091698 12271.07815489918 192.40355025231838 66.786725632846355 2549.0689513087273 3704.7610409706831 16994.275570288301 52.634919881820679 72.919681079685688 51.161255873739719 53.622788317501545
leaf_count=485 58086 1222 340 11459 16420 78054 269 476 260 367
internal_value=-7.43639e-05 -0.00403578 -1.48307e-05 -3.77383e-05 -0.00101221 0.000168725 0.0031529 -0.000242323 -0.0093048 -0.0109726
internal_weight=36095.6 509.611 35586 35519.2 6253.83 29265.4 212.424 125.555 297.188 246.026
internal_count=167438 3079 164359 164019 27879 136140 1230 745 1849 1589
is_linear=0
shrinkage=0.03


Tree=195
num_leaves=7
num_cat=0
split_feature=3 1 3 2 3 3
split_gain=8.49857 8.13028 7.94028 7.44495 5.54239 4.48656
threshold=0.2737500000000001 1.6965968415226571 0.77375000000000005 0.0012970047784985046 0.71375000000000011 0.66125000000000012
decision_type=8 10 10 10 10 8
left_child=-1 2 3 -2 5 -3
right_child=1 4 -4 -5 -6 -7
leaf_value=0.0083318168423639084 -0.0029796928804865612 0.001323172263805602 0.0089064577296720827 -0.00017138641545026755 -0.0056639725528455868 0.0059283030301603978
leaf_weight=98.035134665668011 866.50900688022375 2477.0774054154754 75.191923253238201 32395.598073393106 81.532831139862537 209.21760950237513
leaf_count=555 5137 11858 420 148715 377 974
internal_value=-6.39198e-05 -9.06786e-05 -0.000222112 -0.000247222 0.00146589 0.00172474
internal_weight=36203.2 36105.1 33337.3 33262.1 2767.83 2686.3
internal_count=168036 167481 154272 153852 13209 12832
is_linear=0
shrinkage=0.03


Tree=196
num_leaves=9
num_cat=0
split_feature=3 1 0 1 3 3 3 3
split_gain=9.31815 8.58062 7.31718 7.06739 6.95711 16.9762 6.15204 3.99582
threshold=0.77375000000000005 -0.74074858462786197 0.0086479515447942159 3.1880780260108446 0.31375000000000003 0.28625000000000006 0.35125000000000001 0.53125000000000011
decision_type=10 8 10 8 10 8 10 8
left_child=1 4 3 -3 5 -1 -6 -4
right_child=-2 2 7 -5 6 -7 -8 -9
leaf_value=0.0052281537037379014 0.0096380268517627272 2.8125962649401766e-07 0.0013374085633127098 0.0038145651387817038 0.002719408734888486 -0.011532319818789136 -0.00093295622467150956 0.0071507112028377905
leaf_weight=68.781817190349102 77.813702881336212 25431.607058562338 321.40487543493509 435.41594801098108 417.66823210567236 152.96113919466734 9154.5709653645754 185.47018232941628
leaf_count=352 432 117899 1958 2074 1965 720 41699 1091
internal_value=-0.000113114 -0.00013841 0.000141268 6.82545e-05 -0.000897041 -0.00607327 -0.000764658 0.00367782
internal_weight=36245.7 36167.9 26373.9 25867 9793.98 221.743 9572.24 506.875
internal_count=168190 167758 123022 119973 44736 1072 43664 3049
is_linear=0
shrinkage=0.03


Tree=197
num_leaves=11
num_cat=0
split_feature=1 3 2 3 3 2 2 2 3 2
split_gain=9.06276 8.99146 8.71759 21.0208 6.16109 5.37298 5.25101 3.56803 3.08837 1.89602
threshold=1.3320348130530442 0.77375000000000005 0.0012970047784985046 0.40875 0.61625000000000008 0.0036721435373353695 0.003552681884281731 0.0037934352431188167 0.66125000000000012 0.0038722241664001923
decision_type=10 10 10 10 10 8 10 10 10 10
left_child=1 2 3 -1 -4 6 8 -7 -2 -9
right_child=5 -3 4 -5 -6 7 -8 9 -10 -11
leaf_value=0.0022512131440492727 0.00055515452587052603 0.0099955418353121252 0.00011273533682361102 -0.0072066897325786267 -0.00098354757895345829 0.0081209822661427108 -0.0051009735510066994 -0.0015751068536700562 0.0038051529159683767 0.0027733668209172667
leaf_weight=350.78342831879854 2543.6918649077415 68.381975442171097 25472.210083641112 483.13739813864231 5611.321808822453 115.12244642525911 123.98075911402702 74.66101336479187 297.38188242912292 981.7752607986331
leaf_count=2058 11012 378 117606 2907 24943 574 588 369 1273 5931
internal_value=2.88635e-05 -0.000140465 -0.000167185 -0.00317765 -8.3493e-05 0.00134983 0.000639953 0.00307503 0.000928537 0.0023979
internal_weight=36122.4 31985.8 31917.5 833.921 31083.5 4136.61 2965.05 1171.56 2841.07 1056.44
internal_count=167639 147892 147514 4965 142549 19747 12873 6874 12285 6300
is_linear=0
shrinkage=0.03


Tree=198
num_leaves=15
num_cat=0
split_feature=0 2 2 0 2 0 2 2 0 0 2 2 0 1
split_gain=7.37751 11.3202 12.5623 10.9397 10.8853 4.88825 4.28468 10.4925 9.56933 6.55553 5.90356 5.4099 2.10976 1.29697
threshold=-0.0037312769321812271 0.0074696459271216525 0.0069216452242156648 -0.00029028835979325485 0.0066638782940363116 0.0023353706532947683 0.0030863654409954808 0.0032662870358655155 -0.0084981284614338171 -0.0057640954610213386 0.0041467061150979615 0.0031780249928003092 0.00017892025600308074 0.43342850222588375
decision_type=8 10 10 10 10 10 10 10 10 10 10 10 10 10
left_child=6 2 4 13 -2 -4 8 11 -1 -10 -9 -8 -5 -3
right_child=1 3 5 12 -6 -7 7 10 9 -11 -12 -13 -14 -15
leaf_value=0.012581848106997032 -0.00016338807652214359 0.011310991311216691 -0.009345218439714361 -0.0042747394811489467 0.0058523718142867772 -0.0013125055183995666 0 0.0035184230059213829 -0.0024283635086254137 0.003601882022038384 0.00023553465121602988 -0.0079438218489876148 0.0018631398006075592 0.0026805538837558858
leaf_weight=80.573096111416817 31509.124930627644 140.58678301423788 173.27192159742117 41.58383622020483 262.68287201225758 146.03670999407768 153.72990569472313 796.7218292504549 199.78052327036858 608.3359712511301 1385.2238769903779 161.45243243873119 497.4134343713522 48.490018047392368
leaf_count=455 139982 974 992 267 1534 914 732 3976 915 2572 9862 762 3705 380
internal_value=4.98888e-05 -8.60995e-05 -0.000172316 0.00358358 -0.000109937 -0.00600505 0.00138208 0.00070837 0.00317944 0.0020263 0.00147221 -0.00427772 0.00121107 0.00964488
internal_weight=36205 32819.2 32091.1 728.074 31771.8 319.309 3385.82 2497.13 888.69 808.116 2181.95 315.182 538.997 189.077
internal_count=168022 148748 143422 5326 141516 1906 19274 15332 3942 3487 13838 1494 3972 1354
is_linear=0
shrinkage=0.03


Tree=199
num_leaves=15
num_cat=0
split_feature=3 3 2 2 0 3 0 0 2 0 3 2 2 0
split_gain=6.73181 19.0794 20.0859 14.3423 18.8687 24.4658 12.8437 12.1973 9.8837 9.63493 8.48449 12.6648 10.5608 6.80715
threshold=0.67625000000000013 0.61625000000000008 0.0039104420775709688 0.0032931053952402136 1.983766620259071e-05 0.74875000000000014 -0.0025950212133476311 -0.0031180517273850417 0.0032149627665578229 0.0052497230220488293 0.44625000000000009 0.0023069954082973669 0.0010889261252982538 -0.0012556167928797826
decision_type=8 10 8 8 10 10 10 8 10 8 10 10 10 10
left_child=1 10 6 8 7 -6 -3 -5 9 -2 11 -1 -12 -4
right_child=3 2 13 4 5 -7 -8 -9 -10 -11 12 -13 -14 -15
leaf_value=-0.001650603165924082 0.0032069582210598967 0.0038243855381875675 -0.0022591451671846504 0.0011616609791347402 0.0046214953542261074 -0.0094057561667391064 -0.004166719257712061 -0.0079162323990170699 0.013186576936129396 -0.0072380951586066399 -0.0079591586600017399 0.00027979472766667478 0.00074233443352288749 0.0033002529252534546
leaf_weight=4509.6623077318072 1530.413204729557 180.68040035665035 263.94706444442272 180.35882910341024 637.11243103444576 123.70982264727354 2329.7366165816784 389.89849277585745 79.493999361991882 71.26961986720562 115.52107058465481 9350.028632029891 15707.218352295458 640.38236405700445
leaf_count=20843 6430 811 1534 1056 2964 612 9827 1781 352 302 724 44763 72386 3231
internal_value=7.35119e-05 -4.84832e-05 -0.00217016 0.00142951 -0.00085869 0.00217039 -0.00355488 -0.00497117 0.00327105 0.00266293 0.000194228 -0.000344729 0.000670029 0.00160505
internal_weight=36109.4 33097.2 3414.75 3012.26 1331.08 760.822 2510.42 570.257 1681.18 1601.68 29682.4 13859.7 15822.7 904.329
internal_count=167616 154119 15403 13497 6413 3576 10638 2837 7084 6732 138716 65606 73110 4765
is_linear=0
shrinkage=0.03


Tree=200
num_leaves=15
num_cat=0
split_feature=0 2 2 0 2 0 2 2 2 0 0 0 0 1
split_gain=6.26631 6.94128 13.5148 11.5875 11.564 10.3754 6.49598 25.0628 16.3002 6.64427 3.55866 2.87453 1.34414 1.05094
threshold=-0.0053505284069585114 0.0074696459271216525 0.0069216452242156648 0.0015777799649173017 0.0066638782940363116 0.0023353706532947683 0.003136861609594806 0.0029953417505763397 0.0032662870358655155 -0.0080447891194758668 0.0057149311946807215 -0.0071950488747032646 -0.0075938501122531487 -0.75084218104496359
decision_type=8 10 10 10 10 10 10 10 10 10 10 10 10 10
left_child=6 2 4 13 -2 -4 7 9 12 -1 -5 -10 -8 -3
right_child=1 3 5 10 -6 -7 8 -9 11 -11 -12 -13 -14 -15
leaf_value=0.0088931910301951345 -0.00025642044235718977 0.0027595661809679678 -0.010138801934556055 -0.0036038236563947527 0.0057315657399402489 0 -0.012575244568874192 0.020418165351339303 0.00038108956615263111 -0.0012261416559089797 0.0019860965789326997 0.0033991383500948328 -0.003891209594161147 0.0074090758433984945
leaf_weight=64.686778903007507 32997.328805908561 131.44794534146786 209.34342643618584 214.89211540669203 282.15580654144287 150.25211211293936 61.150069922208786 67.37649430334568 697.84622958302498 235.54246684908867 165.88451905548573 542.11020862311125 74.086340367794037 265.31218506395817
leaf_count=347 147035 867 1212 1561 1665 940 319 382 5482 1059 1377 3324 360 1930
internal_value=-0.000110101 -0.000200712 -0.000267431 0.00257638 -0.000202143 -0.00597836 0.00163598 0.00514563 0.000624119 0.000977129 -0.00102654 0.00176522 -0.00882649 0.0061219
internal_weight=36159.4 34416.6 33639.1 777.537 33279.5 359.596 1742.8 367.606 1375.19 300.229 380.777 1239.96 135.236 396.76
internal_count=167860 156587 150852 5735 148700 2152 11273 1788 9485 1406 2938 8806 679 2797
is_linear=0
shrinkage=0.03


Tree=201
num_leaves=5
num_cat=0
split_feature=3 3 3 0
split_gain=7.19988 9.91627 7.18391 5.34204
threshold=0.77375000000000005 0.76375000000000004 0.24875000000000003 -0.0053505284069585114
decision_type=10 10 10 10
left_child=1 2 -1 -4
right_child=-2 -3 3 -5
leaf_value=0.0080037272708341576 0.0085657549623741978 -0.01062257791968382 0.0014853107518016792 -0.00021505004490876363
leaf_weight=87.775825873017311 75.671280287206173 71.040681965649128 1731.908192910254 34192.484689250588
leaf_count=589 427 316 11174 155396
internal_value=-0.000110383 -0.000132608 -0.000107306 -0.000131016
internal_weight=36158.9 36083.2 36012.2 35924.4
internal_count=167902 167475 167159 166570
is_linear=0
shrinkage=0.03


Tree=202
num_leaves=9
num_cat=0
split_feature=3 2 2 3 2 3 3 2
split_gain=7.52384 6.55008 9.73769 37.378 9.56219 6.41792 11.7755 4.97941
threshold=0.77375000000000005 0.0022811186681237655 0.0022034277975385235 0.43625000000000008 0.002174397887126357 0.30375000000000002 0.3362500000000001 0.0065673277622668074
decision_type=10 10 8 8 10 10 10 10
left_child=1 2 4 -4 -1 7 -7 -3
right_child=-2 5 3 -5 -6 6 -8 -9
leaf_value=-0.00054277558219622136 0.0089156545537757963 0.0054932048768164795 -0.011728286305904315 0.00043811545110715314 0.0046598987640163155 -0.0036925502739123565 0.00031121213056690223 -0.00284214373831001
leaf_weight=6868.6307130455971 76.420696474611759 336.79955360293388 321.55649654567242 692.75237283110619 321.92671619355679 666.19772751629353 26815.799026653171 62.375297397375107
leaf_count=31863 432 1629 1341 3021 1335 3136 124681 437
internal_value=7.06047e-05 4.77462e-05 -0.000694778 -0.00343715 -0.000295367 0.000268578 0.000210666 0.00400645
internal_weight=36162.5 36086 8204.87 1014.31 7190.56 27881.2 27482 399.175
internal_count=167875 167443 37560 4362 33198 129883 127817 2066
is_linear=0
shrinkage=0.03


Tree=203
num_leaves=6
num_cat=0
split_feature=3 0 0 0 1
split_gain=7.75902 7.24163 7.47318 16.6132 6.85971
threshold=0.78375000000000006 0.014417644949242536 -0.00055764435789533906 0.00033825066567456176 -1.2726131171810871
decision_type=8 10 10 10 10
left_child=1 2 4 -4 -1
right_child=-2 -3 3 -5 -6
leaf_value=-0.0015599515521129744 0.0091819677429574465 0.0078153649487165428 -0.0016481359189927606 0.00013654900430903503 0.00076534993762200827
leaf_weight=1241.4701499789953 72.740106120705605 95.908618189394474 6509.617567807436 16588.071827203035 11673.47116304189
leaf_count=5737 537 620 29347 75765 55962
internal_value=4.37611e-06 -1.49879e-05 -3.9671e-05 -0.000364327 0.00053615
internal_weight=36181.3 36108.5 36012.6 23097.7 12914.9
internal_count=167968 167431 166811 105112 61699
is_linear=0
shrinkage=0.03


Tree=204
num_leaves=9
num_cat=0
split_feature=0 3 0 2 3 3 3 0
split_gain=6.76443 6.5709 5.94142 15.8194 13.8227 5.4651 7.21733 3.76098
threshold=-0.010703741393565216 0.2737500000000001 0.00096216234887393909 0.0043497958137187591 0.36125000000000002 0.53375000000000006 0.41625000000000006 -0.013260464893472651
decision_type=8 8 10 10 10 10 10 10
left_child=5 -2 3 -3 -4 6 7 -1
right_child=1 2 4 -5 -6 -7 -8 -9
leaf_value=-0.003197548465481306 0.0076889325961118577 -0.00063928445042458614 0.0042264748881699638 0.0015309752712125374 0.00024351261534052298 -0.0020973480967389074 0.012421844928504153 0.0061746194102053915
leaf_weight=62.874005042016506 90.176622353494167 19243.654082223773 832.93539443612099 3565.3258738443255 12121.534945383668 68.172687031328678 100.53932777792215 64.598108313977718
leaf_count=632 500 84326 3807 20347 56259 552 901 564
internal_value=5.55588e-05 1.59563e-05 -3.85758e-06 -0.000296894 0.000507296 0.00449646 0.0067253 0.00121913
internal_weight=36149.8 35853.6 35763.5 22809 12954.5 296.184 228.011 127.472
internal_count=167888 165239 164739 104673 60066 2649 2097 1196
is_linear=0
shrinkage=0.03


Tree=205
num_leaves=13
num_cat=0
split_feature=1 2 2 2 1 3 3 3 2 2 2 3
split_gain=7.54528 6.378 7.11008 14.7724 8.25462 6.22698 20.4212 11.5193 1.1538 2.98146 1.06411 0.808058
threshold=3.1880780260108446 0.0061243861919275519 0.0069216452242156648 0.0071915022378682041 -1.3438591355050988 0.43875000000000003 0.40625000000000006 0.60875000000000012 0.0024519216204720831 0.002969708413972033 0.0042240118865713439 0.46375000000000005
decision_type=10 10 10 10 10 8 10 10 8 10 10 10
left_child=1 5 4 -4 -3 6 -1 -7 11 -10 -11 -2
right_child=8 2 3 -5 -6 7 -8 -9 9 10 -12 -13
leaf_value=0.00020942900018022085 0.0025640603125089111 -0.0041413447097065461 -0.0072384612607159071 0.0012474212400160308 0.0041208607094016161 0.00052408903359234488 -0.0023867532800450155 -0.00098511161827092111 -0.0024320848429572705 0.0055217617291504458 0 0.0087650309347839656
leaf_weight=7031.8855920433998 89.239934578537941 107.4490205347538 207.71513617783785 1203.2509133294225 954.18051709979773 15378.577541425824 4405.0883439183235 6445.4291537180543 70.224139362573624 133.80234231054783 57.144098207354546 73.205028384923935
leaf_count=32230 373 613 1278 9215 5901 68655 19799 28233 307 638 369 310
internal_value=-5.90163e-05 -0.000108353 0.00135518 -1.75065e-06 0.0031978 -0.000219329 -0.000786492 7.53717e-05 0.00387085 0.00211937 0.00412957 0.00605267
internal_weight=36157.2 35733.6 2472.6 1410.97 1061.63 33261 11437 21824 423.616 261.171 190.946 162.445
internal_count=167921 165924 17007 10493 6514 148917 52029 96888 1997 1314 1007 683
is_linear=0
shrinkage=0.03


Tree=206
num_leaves=15
num_cat=0
split_feature=1 3 1 2 3 2 3 3 2 3 2 3 3 2
split_gain=8.9967 6.28209 6.68462 7.1706 5.86528 12.9449 10.0591 8.63584 13.7555 7.49637 6.20899 5.00413 12.9812 2.9284
threshold=0.72349149943762492 0.54875000000000018 3.1880780260108446 0.0032413562939885613 0.67375000000000018 0.0033195604135832185 0.67875000000000008 0.63875000000000004 0.0022687285517906642 0.49375000000000008 0.0030975723142180316 0.44625000000000009 0.40375000000000011 0.0012082362596986117
decision_type=10 10 10 10 10 8 10 8 8 10 10 8 10 10
left_child=4 11 3 -3 7 10 -7 9 -9 -1 -6 12 -2 -13
right_child=1 2 -4 -5 5 6 -8 8 -10 -11 -12 13 -14 -15
leaf_value=-0.00065930342176108046 0.0023027615706104902 -0.002716488649756388 0.0057695300210058162 0.00084318377341794195 0.0020099555727389746 0.0071065489166974062 -0.0023932488433578672 -0.0082292580673956842 -0.0011157108643211214 0.00046061673647815869 0.0076175788603774748 0.0083682242696807609 -0.0015521383468851768 0.0021163771208678244
leaf_weight=16312.872315019369 1703.4686174839735 1039.4221205338836 129.25829622149467 947.12702530622482 1217.7411652803421 99.833891466259956 960.36821733415127 305.51561203598976 1243.3819921314716 7953.0442451909184 216.94078843295574 68.216723307967186 1428.757045738399 2568.4186414405704
leaf_count=76257 8235 4402 610 4870 5106 486 4487 1400 5701 36222 941 377 6832 12192
internal_value=-4.44777e-05 0.000849149 -0.000526978 -0.000993569 -0.000295696 0.00108374 -0.00138459 -0.000431704 -0.00260111 -0.000289745 0.00294628 0.00136428 0.00052592 0.00233181
internal_weight=36194.4 7884.67 2115.81 1986.55 28309.7 2494.88 1060.2 25814.8 1548.9 24265.9 1434.68 5768.86 3132.23 2636.64
internal_count=168118 37518 9882 9272 130600 11020 4973 119580 7101 112479 6047 27636 15067 12569
is_linear=0
shrinkage=0.03


Tree=207
num_leaves=14
num_cat=0
split_feature=1 0 0 3 3 0 0 0 3 3 3 3 0
split_gain=8.12983 11.3712 7.10052 7.59068 13.1173 7.09399 6.09968 14.945 5.44713 3.91453 2.4501 5.10584 1.37177
threshold=-0.31818666965122427 0.0081776640269217316 0.0099498557420046041 0.72125000000000006 0.71125000000000005 0.014417644949242536 -0.00050632814563715469 0.00042560483656899284 0.48375000000000007 0.49125000000000002 0.67125000000000012 0.60875000000000012 0.0024830039026835491
decision_type=10 8 8 10 8 8 10 10 8 8 10 10 10
left_child=2 6 3 4 -1 9 8 -8 -2 -4 11 -3 -5
right_child=1 10 5 12 -6 -7 7 -9 -10 -11 -12 -13 -14
leaf_value=-0.00014884688002661948 0.0020305252223033494 0.0055593827790632608 -0.0022897388422453663 0.0044976871511361186 -0.0099909959942312814 0.0024966890149151276 -0.0013336264504330041 0.00089742597206396413 0.00033354433781393711 -0.013416237594498346 0.011856155330512038 -0.0033913562428402977 0
leaf_weight=15305.222271025181 4010.0848804265261 342.94401599466801 72.089399203658104 358.58323961496353 113.14466293156147 54.90277025103569 3926.4150007739663 8562.0322154015303 3126.9222400039434 78.071548983454704 50.580464705824852 52.745908252894878 73.841779716312885
leaf_count=69985 19793 2169 410 1552 511 350 17456 39258 14985 407 297 318 335
internal_value=0.000306093 0.000709095 -0.0001941 -0.000116695 -0.000231389 -0.00561466 0.000596484 0.000190668 0.00129693 -0.00892572 0.00540822 0.00416416 0.00374998
internal_weight=36127.6 20071.7 16055.9 15850.8 15418.4 205.064 19625.5 12488.4 7137.01 150.161 446.27 395.69 432.425
internal_count=167826 94276 73550 72383 70496 1167 91492 56714 34778 817 2784 2487 1887
is_linear=0
shrinkage=0.03


Tree=208
num_leaves=15
num_cat=0
split_feature=1 3 2 2 3 3 3 3 2 3 2 3 2 2
split_gain=9.83798 8.48999 7.61748 13.9643 30.9922 9.56659 12.1617 8.64631 7.77799 5.27149 11.7146 6.13435 4.17873 10.2586
threshold=-0.12806309473469035 0.31125000000000008 0.0022415236238326618 0.0022034277975385235 0.4562500000000001 0.41375000000000001 0.36875000000000008 0.31125000000000008 0.0022926814748974902 0.61625000000000008 0.0024636053458222591 0.38625000000000004 0.0029460470317908953 0.0020296195999655047
decision_type=10 10 10 8 10 10 10 10 10 10 8 10 10 8
left_child=2 12 3 7 -5 6 -4 -1 -7 11 -11 -3 13 -2
right_child=1 9 5 4 -6 8 -8 -9 -10 10 -12 -13 -14 -15
leaf_value=-0.010871302247816052 -0.00048059174559191887 -0.0008672972692314846 -0.00095432753671785499 -0.01735243861253832 0.0019018493132094015 0.0043633923481537053 0.0029002458546533508 -0.00097973273122880481 -0.00076558862893801396 0.0022023017864042458 -0.0019965759220734944 0.00083442471072006348 0.0011302548894641224 0.01345031256585524
leaf_weight=73.177674531936646 64.552812159061432 2232.2883631512523 1253.6213919445872 144.88726226985455 133.13994938135147 259.27529956400394 1705.2471212595701 3387.846242941916 11853.522032223642 806.76154369115829 2150.6915497034788 11793.774046652019 170.09792444109917 109.83894945681095
leaf_count=358 297 10691 5887 703 580 1072 8052 16210 53369 3422 10007 55711 995 522
internal_value=-0.000100102 0.000413485 -0.000576363 -0.00178943 -0.00817784 -0.000270454 0.00124921 -0.00123688 -0.000647344 0.000313614 -0.000827386 0.000558891 0.00502017 0.00822185
internal_weight=36138.7 17328 18810.7 3739.05 278.027 15071.7 2958.87 3461.02 12112.8 16983.5 2957.45 14026.1 344.49 174.392
internal_count=167876 81645 86231 17851 1283 68380 13939 16568 54441 79831 13429 66402 1814 819
is_linear=0
shrinkage=0.03


Tree=209
num_leaves=13
num_cat=0
split_feature=1 3 3 3 3 0 3 1 0 0 3 3
split_gain=8.20759 4.98097 23.9572 11.9227 11.4428 10.6736 9.87551 8.02659 3.71913 3.13631 6.76597 2.539
threshold=2.5625947355903973 0.3887500000000001 0.40125000000000005 0.34875000000000006 0.34125000000000011 -0.0012556167928797826 0.43875000000000003 0.50332940631685597 -0.0026645119348182159 -0.00074431215373777957 0.51875000000000016 0.48875000000000007
decision_type=10 8 8 10 10 10 8 10 10 10 8 10
left_child=1 3 7 4 -1 -5 -4 -3 -2 11 -11 -10
right_child=8 2 6 5 -6 -7 -8 -9 9 10 -12 -13
leaf_value=-0.00038939762326670207 0.0083814515246340721 0.0022025514298560566 -0.0013923233645581215 0.000871858146165166 0.0049776928164193728 -0.0030850305853894473 4.2926405472258141e-05 0.0072738998690569882 0.0011424361183619391 0.00050346305353299748 0.006820780971132076 -0.0054988665280807838
leaf_weight=1643.2767999321222 87.611584007740021 1109.6239202022552 5282.9857124909759 775.51523301750422 441.4056257084012 2531.2946371138096 22962.229241997004 404.972581371665 105.27449583262205 461.9591631218791 238.32761515676975 72.827875576913357
leaf_count=7895 553 5288 24775 4094 2092 11948 105225 1914 497 2113 1093 347
internal_value=-0.00010145 -0.000178346 -2.41498e-05 -0.00101674 0.000736711 -0.00213914 -0.000223797 0.0036367 0.00260836 0.00187715 0.00280366 -0.00140225
internal_weight=36117.3 35151.3 29759.8 5391.49 2084.68 3306.81 28245.2 1514.6 966.001 878.389 700.287 178.102
internal_count=167834 163231 137202 26029 9987 16042 130000 7202 4603 4050 3206 844
is_linear=0
shrinkage=0.03


Tree=210
num_leaves=9
num_cat=0
split_feature=3 3 3 0 3 0 0 3
split_gain=8.02489 5.12087 13.9795 14.0856 9.3399 7.69798 16.8619 15.4485
threshold=0.24875000000000003 0.38625000000000004 0.40125000000000005 -0.0075938501122531487 0.43875000000000003 0.00098990204602065666 -0.00022941455417116184 0.36375000000000007
decision_type=10 10 10 10 10 10 10 10
left_child=-1 5 3 -3 -4 6 -2 -7
right_child=1 2 4 -5 -6 7 -8 -9
leaf_value=0.0087736534991735438 -5.9481147367996815e-05 0.014514730672934247 -0.0012042703866727757 0.0019701935438481656 0.00017346599857543326 0.0034531723315823514 -0.0042388461993112195 -0.0025760719734665778
leaf_weight=82.534712933003902 2297.6648881211877 76.997857272624969 5434.2289589345455 1770.7022137269378 23574.650770373642 872.94280629605055 1417.2824008092284 656.77089010179043
leaf_count=561 11530 592 25513 8224 107975 3944 6685 3091
internal_value=-4.47102e-05 -6.89564e-05 7.66489e-05 0.00260057 -8.28836e-05 -0.000935548 -0.00167715 0.000825675
internal_weight=36183.8 36101.2 30856.6 1847.7 29008.9 5244.66 3714.95 1529.71
internal_count=168115 167554 142304 8816 133488 25250 18215 7035
is_linear=0
shrinkage=0.03


Tree=211
num_leaves=15
num_cat=0
split_feature=1 2 0 0 2 2 0 2 2 1 2 1 2 1
split_gain=7.51202 8.84833 15.7673 11.8141 9.29994 9.04881 7.21344 5.61843 4.24811 3.56041 3.51369 2.26344 1.96682 1.56542
threshold=0.40484675479734733 0.0020032689886634769 0.0052497230220488293 0.0039715153762893115 0.0020734814841331258 0.0021062118175967973 0.0060883274071632607 0.01006235347145863 0.0047750893397121314 3.1880780260108446 0.0020593652842502883 0.86881265241924532 0.005442031007640939 0.8489086169884742
decision_type=8 10 10 8 10 10 8 10 10 10 10 10 10 10
left_child=1 2 3 -1 10 -6 7 9 11 -2 -3 -8 -10 -9
right_child=6 4 -4 -5 5 -7 8 13 12 -11 -12 -13 -14 -15
leaf_value=-0.0016644062411089529 0.00033256237592640047 0.0023342054140939278 0.012007836627739892 -0.012918386300327865 -0.006072106700597363 -5.6530276912460826e-05 0.0026105178865809312 0.00045293568633705469 -0.0041449103537959473 0.0031817800972413278 0.008745751445897447 0.009152360982571427 0.0025490570300563372 0.010659990762097778
leaf_weight=3236.4137305989861 9891.2652228176594 426.29403886198997 63.144357182085514 78.47894761711359 217.88938121497631 21133.471208274364 127.81409931182861 35.077702268958092 47.077274858951569 408.62480599433184 105.57404413819313 154.4485477656126 111.67851437628269 53.723414346575737
leaf_count=16232 45838 1809 324 347 903 96231 703 309 310 1911 441 880 909 501
internal_value=3.55954e-05 -0.000246046 -0.00167296 -0.00198694 -2.23737e-05 -0.000123542 0.000697704 0.000529342 0.00443096 0.000454395 0.00385552 0.00658606 8.05026e-05 0.00768927
internal_weight=36091 25261.3 3378.04 3314.89 21883.2 21351.4 10829.7 10388.7 441.018 10299.9 531.868 282.263 158.756 88.8011
internal_count=167648 116287 16903 16579 99384 97134 51361 48559 2802 47749 2250 1583 1219 810
is_linear=0
shrinkage=0.03


Tree=212
num_leaves=15
num_cat=0
split_feature=3 2 2 0 2 2 0 3 0 3 0 3 3 2
split_gain=6.59719 11.4936 18.6913 29.6392 11.0195 9.4612 17.5187 8.87531 8.72387 7.41213 15.5442 5.8531 4.63667 3.12969
threshold=0.54125000000000012 0.0020032689886634769 0.0020882479789558219 -3.5960400570690205e-05 0.0074696459271216525 0.0016226914765030776 0.00061042213445666944 0.68625000000000014 -0.010703741393565216 0.5212500000000001 0.0024830039026835491 0.51125000000000009 0.38625000000000004 0.0064893139797160262
decision_type=10 10 10 10 10 8 10 10 8 8 10 10 10 10
left_child=8 5 3 -3 -4 7 -7 -2 12 11 -11 -10 13 -1
right_child=1 2 4 -5 -6 6 -8 -9 9 10 -12 -13 -14 -15
leaf_value=-0.003984116100818667 -0.0028858615385298899 0.016964754340981859 -0.00059699360979142719 -0.0027726570304802273 0.0073530444208840841 -0.01065193067585038 0.000723945092316727 0.0083410146146152483 0.0002602578093205527 0.0006489696899745238 0.0081095654237210955 -0.0022344868733118447 0.0091862560932102835 0.0064338613352571709
leaf_weight=51.593194350600243 214.65158401429653 132.50697180628777 9684.5113165974617 118.67267756164074 148.61753102391958 315.5871854275465 177.72941625863314 77.950597003102303 22659.831300877035 1151.0945899486542 320.61935203522444 865.8184956535697 143.90619271248579 34.427100837230682
leaf_count=420 1109 549 43432 489 1210 1418 828 375 105495 5220 1549 3951 1334 371
internal_value=8.709e-05 -0.000528238 -0.000247705 0.00766074 -0.000463393 -0.00400411 -0.00650133 8.35547e-05 0.000354711 0.00029742 0.00235855 0.000164984 0.00606129 0
internal_weight=36097.5 10870.2 10084.3 251.18 9833.13 785.919 493.317 292.602 25227.3 24997.4 1471.71 23525.6 229.926 86.0203
internal_count=167750 49410 45680 1038 44642 3730 2246 1484 118340 116215 6769 109446 2125 791
is_linear=0
shrinkage=0.03


Tree=213
num_leaves=14
num_cat=0
split_feature=0 0 2 2 2 2 2 2 2 0 2 1 0
split_gain=6.76925 13.694 30.6129 23.9759 21.2502 18.1496 17.3638 6.58464 6.90649 16.5989 8.56248 2.54295 0.692808
threshold=-0.00050632814563715469 1.983766620259071e-05 0.0051020652705412355 0.0010889261252982538 0.0010889261252982538 0.0060445863019311158 0.0012504703659142271 0.013345541704058437 0.003136861609594806 -0.0084981284614338171 0.003599897591987184 -0.53462929359071076 -0.0042609063521371528
decision_type=8 10 10 8 8 10 8 8 10 10 10 8 8
left_child=7 2 4 11 -2 -4 -5 8 9 -1 -10 -3 -9
right_child=1 3 5 6 -6 -7 -8 12 10 -11 -12 -13 -14
leaf_value=0.013575138523925308 0.012478188317376068 -0.0022846773344163446 0.019486941470026158 0.009308493647877716 -0.0028217297845545965 0.00048062464668290853 0.00012237185398704308 0.0031442900738287713 -0.0016303916821576248 0.0010918907262707756 0.00062994427233043209 -0.012634300010218322 0.012738709471442608
leaf_weight=88.548484787344933 72.53691354393959 49.257251493632793 81.090308010578156 177.36305783689022 3603.9454124420881 104.29441455751657 18687.95648419857 45.851629041135311 2179.620271384716 6056.920025408268 4820.6252790093422 133.37140195071697 33.022450730204582
leaf_count=516 459 335 407 921 15999 608 85229 468 9551 25722 26699 777 251
internal_value=8.87192e-05 -0.000221305 -0.00184863 0.000106275 -0.00247056 0.00967324 0.0002168 0.000630089 0.000569738 0.00130327 -6.66045e-05 -0.0104179 0.00881769
internal_weight=36134.4 22909.8 3861.87 19047.9 3676.48 185.385 18865.3 13224.6 13145.7 6145.47 7000.25 182.629 78.8741
internal_count=167942 104735 17473 87262 16458 1015 86150 63207 62488 26238 36250 1112 719
is_linear=0
shrinkage=0.03


Tree=214
num_leaves=15
num_cat=0
split_feature=1 2 0 0 2 1 2 2 0 0 0 2 2 2
split_gain=6.08902 7.48445 18.9146 10.2006 14.3614 9.79457 6.96668 6.95365 5.66975 7.54943 5.51267 3.07839 2.66269 1.66207
threshold=-0.71037374039188639 0.0061243861919275519 0.0017343141189097124 0.0086479515447942159 0.0051512152574994261 -0.34797502895987376 0.0063816902915668086 0.0064893139797160262 0.0081776640269217316 0.0047168589773173902 0.0038820078858212343 0.0036186789201165357 0.0023216729328646127 0.0046510927379661516
decision_type=8 8 10 10 10 10 10 8 8 10 10 10 10 10
left_child=8 3 6 4 -2 -5 -3 -4 9 10 -1 -10 -11 -13
right_child=1 2 7 5 -6 -7 -8 -9 11 12 -12 13 -14 -15
leaf_value=-0.00042308948945812852 0.00032614572258851714 0.010370129008142831 -0.0079247141933181803 -0.0028662324951692934 -0.0032354610818683105 0.0076585175575350529 0.003492868672690243 -4.9259065773413182e-05 -0.0091351702444904728 -0.0021311935278419693 -0.0043012387733116679 0.0018072619630985886 0.0036331624005906588 -0.0041387549738744886
leaf_weight=9083.4181851297617 22762.01963981986 167.12182438373566 121.1411027982831 91.770604446530342 1054.9695102721453 296.72573814541101 923.73912683129311 508.21137546747923 93.021959125995636 62.877806939184666 337.42215310037136 53.378540009260178 525.45087062567472 82.746102936565876
leaf_count=41282 100539 1130 738 444 6147 1695 6787 3682 408 264 1542 257 2607 516
internal_value=0.000140158 0.000386036 0.00229649 0.000246896 0.000164575 0.00501226 0.00468561 -0.00175925 -0.000476376 -0.00036047 -0.000572767 -0.00506148 0.00289149 -0.00143242
internal_weight=36164 25925.7 1720.21 24205.5 23817 388.496 1090.86 629.352 10238.3 10009.2 9420.84 229.147 588.329 136.125
internal_count=168038 121162 12337 108825 106686 2139 7917 4420 46876 45695 42824 1181 2871 773
is_linear=0
shrinkage=0.03


Tree=215
num_leaves=11
num_cat=0
split_feature=2 3 3 0 2 3 3 3 3 3
split_gain=8.60262 19.4155 18.152 13.5854 11.4736 10.4041 4.89685 4.67546 11.0324 9.64326
threshold=0.0012970047784985046 0.40875 0.39625000000000005 0.00071140188539852822 0.0012753927761415685 0.49875000000000008 0.77375000000000005 0.60875000000000012 0.67375000000000018 0.59375000000000011
decision_type=10 10 10 10 10 10 10 10 10 10
left_child=1 2 3 -1 5 -3 7 9 -9 -2
right_child=6 4 -4 -5 -6 -7 -8 8 -10 -11
leaf_value=-0.0040719370542587272 0.00016129356783594066 -0.0080735680555316693 0.014984690140864804 0.0094954794564356543 -0.01901408783833566 0.00023897003334252194 0.0076297810238289115 -0.0017253782928781812 0.00069679333388677491 0.0035535005598191114
leaf_weight=269.32270590960979 27482.055982328951 304.13453430682421 70.060558676719666 76.31367714703083 51.490439310669899 213.48582378774881 67.83092162758112 3697.7093000933528 3062.916038647294 768.38239654153585
leaf_count=1607 127810 1837 373 402 299 1253 352 16712 13487 3488
internal_value=2.46167e-05 -0.00272422 0.00207163 -0.000724883 -0.00630616 -0.0045919 0.000104252 8.57844e-05 -0.000619738 0.000256906
internal_weight=36063.7 984.808 415.697 345.636 569.111 517.62 35078.9 35011.1 6760.63 28250.4
internal_count=167620 5771 2382 2009 3389 3090 161849 161497 30199 131298
is_linear=0
shrinkage=0.03


Tree=216
num_leaves=15
num_cat=0
split_feature=1 2 3 2 2 2 2 3 3 3 2 2 3 2
split_gain=6.98194 14.5735 8.46509 15.2478 7.62462 11.4442 6.06015 5.77888 5.46056 10.0949 14.2578 7.66924 6.21907 11.8816
threshold=-1.0969349144478893 0.0024636053458222591 0.48375000000000007 0.0037610934198525005 0.0020734814841331258 0.0015933974398020996 0.0033663546919533052 0.62125000000000019 0.61375000000000013 0.66125000000000012 0.0020296195999655047 0.0016064990190196478 0.58875000000000011 0.0035021854839194923
decision_type=10 10 10 10 8 10 10 10 10 10 10 8 10 10
left_child=1 4 6 -4 5 -1 -3 -6 12 10 -10 -11 -2 -14
right_child=8 2 3 -5 7 -7 -8 -9 9 11 -12 -13 13 -15
leaf_value=-0.0065896352612881976 0.00025132970471806077 -0.00080147442247247816 0.00078375114354744169 -0.0047202143890641641 -0.0073196079839859913 0.0011961236895143515 0.0024975835209313053 0 -0.0086272188258959253 0.0082388025761029327 -0.0012843243188510106 9.722465976572212e-05 0 0.0061484223797680319
leaf_weight=244.39758390933275 24023.783609360456 771.95443372428417 1027.699305549264 777.0214079618454 533.67991723120213 479.60898321866989 1293.7094686552882 113.88654044270515 265.87983970344067 98.345070287585258 2076.4212263599038 3215.1464610844851 712.17235404253006 466.74849575012922
leaf_count=1511 112946 3138 4239 3806 2284 2189 6377 482 1225 485 9349 14346 2980 2404
internal_value=-1.9598e-06 -0.00101478 -5.46866e-05 -0.00156587 -0.00366058 -0.00140428 0.00123787 -0.00603225 0.000168418 -0.000669548 -0.00217647 0.000380984 0.000359038 0.00248285
internal_weight=36100.5 5241.96 3870.38 1804.72 1371.57 724.007 2065.66 647.566 30858.5 5655.79 2342.3 3313.49 25202.7 1178.92
internal_count=167761 24026 17560 8045 6466 3700 9515 2766 143735 25405 10574 14831 118330 5384
is_linear=0
shrinkage=0.03


Tree=217
num_leaves=15
num_cat=0
split_feature=1 0 0 2 2 2 2 0 0 2 0 2 2 1
split_gain=6.27899 5.81318 5.73757 15.7914 20.365 6.39304 19.001 12.5491 4.67434 9.49652 5.30382 3.37546 1.90308 1.86011
threshold=1.1104880283684551 0.0044720206500732931 -0.0024032223010540701 0.0022034277975385235 0.0023358565281525515 0.001445588710339061 0.0015339518385634133 0.00076532002641895751 0.0018979333651366708 0.0026811221100681462 0.00033825066567456176 0.0043497958137187591 0.0019437657720499731 1.5745383644308688
decision_type=10 8 8 10 10 10 10 10 10 8 10 10 10 10
left_child=2 8 3 12 -5 7 -7 -4 10 -10 -2 -3 -1 -13
right_child=1 11 5 4 -6 6 -8 -9 9 -11 -12 13 -14 -15
leaf_value=0.0087997025403680155 0.00029019386582914802 0.0067659594672405997 -0.0044258058897593813 -0.01125921871396895 0.00054655303079468069 0.0086366261463966115 -0.00034548887384309502 0.0024028844813683034 0.0035501694991409826 -0.0035016347862540011 0.0026397510604624528 -0.0026071971851674208 0.0037803338063252625 0.0036702618547744792
leaf_weight=178.49225781857967 2762.1568291708827 226.62640783190727 857.69731333851814 125.19033640623093 4591.4123447835445 203.42676074802876 24387.34299761802 316.13742569833994 227.35773362219334 574.64142245799303 1299.9363478496671 66.05987461656332 258.21080769598484 77.886905893683434
leaf_count=750 13264 1163 5277 512 24372 1074 108341 1651 952 2896 5700 472 1047 580
internal_value=-2.30579e-05 0.000934873 -0.000187434 0.000721511 0.000197346 -0.000371773 -0.000265265 -0.00253126 0.000639674 -0.00140953 0.00106146 0.00453334 0.00611727 0.000417449
internal_weight=36152.6 5234.67 30917.9 5153.31 4716.6 25764.6 24590.8 1173.83 4864.09 801.999 4062.09 370.573 436.703 143.947
internal_count=168051 25027 143024 26681 24884 116343 109415 6928 22812 3848 18964 2215 1797 1052
is_linear=0
shrinkage=0.03


Tree=218
num_leaves=9
num_cat=0
split_feature=3 2 2 2 0 0 0 0
split_gain=8.04163 6.10972 14.955 18.7896 11.0391 6.73336 9.0994 8.32405
threshold=0.77375000000000005 0.0074696459271216525 0.0069216452242156648 0.0066638782940363116 -0.0051556924144032226 0.002103123930810523 0.0057149311946807215 -0.0065479513879402066
decision_type=10 10 8 10 8 10 10 10
left_child=1 2 3 -1 -4 7 -7 -3
right_child=-2 5 4 -5 -6 6 -8 -9
leaf_value=-5.5113276579596342e-05 0.0091935791417177264 -0.0011966208313088564 0.0053272701087028959 0.0071768843521461409 -0.0072328043182902429 -0.0056529209830504714 0.0037798872107534941 0.0061253263414095893
leaf_weight=34230.331913203001 75.971353098750114 173.9608811289072 61.253157205879688 316.38102132827044 400.81484965234995 177.02313850820065 166.47611318528652 479.25102689117193
leaf_count=154490 434 1771 480 1955 2463 1304 1387 3465
internal_value=2.88282e-05 5.27737e-06 -5.92955e-05 1.14392e-05 -0.00536312 0.00231101 -0.000933997 0.00409626
internal_weight=36081.5 36005.5 35008.8 34546.7 462.068 996.711 343.499 653.212
internal_count=167749 167315 159388 156445 2943 7927 2691 5236
is_linear=0
shrinkage=0.03


Tree=219
num_leaves=11
num_cat=0
split_feature=2 3 3 2 2 2 3 3 1 3
split_gain=5.82726 11.2539 17.6101 11.8658 9.24482 12.5237 4.55735 5.88151 4.34719 4.14356
threshold=0.0012970047784985046 0.40875 0.36375000000000007 0.001051306329718196 0.0012753927761415685 0.0012082362596986117 0.77375000000000005 0.76125000000000009 -2.2075405628593341 0.39625000000000005
decision_type=10 10 10 10 10 10 10 10 10 10
left_child=1 2 3 -1 5 -3 7 8 -2 -4
right_child=6 4 9 -5 -6 -7 -8 -9 -10 -11
leaf_value=0.0045117572787982379 -0.0050523189723609254 -0.0064084936188896734 0.0033234348327579539 -0.010126707167995961 -0.016459162293863665 0.0034895499393490194 0.0074808668681549118 -0.0069749772017631316 0.00010642878831314586 0.012945461393505232
leaf_weight=64.094892472028732 137.25821362435818 372.12002603709698 151.74054771661758 127.95302736759186 50.255293950438499 148.47658136487007 64.808192998170853 96.434480607509613 34899.292800247669 71.31746868789196
leaf_count=434 625 2293 847 724 295 827 335 419 161008 378
internal_value=1.1841e-05 -0.00224913 0.00138204 -0.00496274 -0.00497124 -0.00345988 7.75002e-05 6.00114e-05 8.30712e-05 0.00708075
internal_weight=36183.8 985.958 415.106 192.048 570.852 520.597 35197.8 35133 35036.6 223.058
internal_count=168185 5798 2383 1158 3415 3120 162387 162052 161633 1225
is_linear=0
shrinkage=0.03


Tree=220
num_leaves=12
num_cat=0
split_feature=2 2 0 0 2 2 2 1 2 2 0
split_gain=4.72433 12.8105 7.48552 8.34177 11.9809 9.76409 8.19812 4.95549 4.48657 4.37354 1.4529
threshold=0.0036186789201165357 0.0036320624947112209 -0.0041502997841843673 0.00033825066567456176 0.0033316699542914616 0.0010889261252982538 0.0022034277975385235 -2.0288473760081831 0.0036867912319779894 0.0034580631669225508 -5.4510766416285801e-05
decision_type=10 10 8 10 8 8 10 10 10 10 10
left_child=2 10 6 4 -4 -5 -1 -3 -9 -8 -2
right_child=1 7 3 5 -6 -7 9 8 -10 -11 -12
leaf_value=0.0090138801370477119 0.0035176575625599301 -0.0057574893051646845 -0.00064664631636766748 -0.007920110542600613 -0.0035872803123535792 0.00025498552322368118 0.00029114282406526778 -0.0021608328619940722 0.00048022217456786937 0.0062965968679467854 0.012074974717290635
leaf_weight=122.84137342870235 68.752219915390015 110.23204462230206 10648.651828743517 122.88120187073946 1421.4282591342926 10502.202982842922 1023.8994513005018 593.80937767028809 11278.853214152157 116.42470736801624 77.93287618458271
leaf_count=502 308 551 46446 740 6033 44513 4860 2649 60228 601 348
internal_value=-8.75898e-05 0.000392353 -0.00033314 -0.000460657 -0.0010006 0.000147439 0.00189643 0.000275512 0.000341374 0.00100585 0.00892753
internal_weight=36087.9 12129.6 23958.3 22695.2 12070.1 10625.1 1263.17 11982.9 11872.7 1140.32 146.685
internal_count=167779 64084 103695 97732 52479 45253 5963 63428 62877 5461 656
is_linear=0
shrinkage=0.03


Tree=221
num_leaves=15
num_cat=0
split_feature=2 0 3 2 3 3 0 3 3 0 2 0 0 2
split_gain=7.86048 8.27176 16.9163 10.1672 9.24795 20.1745 11.0598 6.4417 7.28099 16.1898 9.27496 6.85325 8.2982 5.80723
threshold=0.0053927673544491841 0.0014681544973237709 0.38375000000000009 0.0066638782940363116 0.42875000000000002 0.47125 -0.0049660549414077384 0.60875000000000012 0.44375000000000003 -0.00074431215373777957 0.0010889261252982538 -0.0053505284069585114 -0.0046363695387136661 0.0031687766861593688
decision_type=10 10 10 10 10 10 10 8 10 10 10 8 10 10
left_child=7 4 3 -3 6 -6 -2 8 9 -1 -10 13 -13 -9
right_child=1 2 -4 -5 5 -7 -8 11 10 -11 -12 12 -14 -15
leaf_value=0.001214324826649136 0.00021090157541144692 -0.018321552662936058 0.00075655001226180522 -0.0013607237667322882 -0.0045400457577493237 0.0033333829927793875 0.0079449577294560172 0.010811497557456059 -0.0072899153376633627 -0.001139368118444865 0.00069892098879660298 -0.0096828926477004456 -0.00094075545006261103 0.00026509084725685533
leaf_weight=3846.6802347153425 276.56234785169363 60.826721541583538 1149.2775891721249 76.363349840044975 395.3754673525691 1021.0492297112942 483.32416611164808 68.321122750639915 120.89417249709368 8181.477780200541 14006.424671046436 91.228558726608753 6125.6238257884979 150.42288585752249
leaf_count=17405 2419 363 7504 563 2597 6678 2996 350 765 36795 61456 491 26414 827
internal_value=9.33767e-05 0.00145077 -0.000415067 -0.0100222 0.00257801 0.00107714 0.00524737 -4.94061e-05 0.00015793 -0.000381275 0.000621204 -0.000900306 -0.00109402 0.00415003
internal_weight=36053.9 3462.78 1286.47 137.19 2176.31 1416.42 759.887 32591.1 26155.5 12028.2 14127.3 6435.6 6216.85 218.744
internal_count=167623 23120 8430 926 14690 9275 5415 144503 116421 54200 62221 28082 26905 1177
is_linear=0
shrinkage=0.03


Tree=222
num_leaves=6
num_cat=0
split_feature=3 0 1 0 0
split_gain=7.59081 6.06975 5.69993 6.27917 6.20599
threshold=0.24875000000000003 0.014417644949242536 1.7430398526547062 -0.0097776924312434326 0.004591353258762562
decision_type=10 10 10 10 10
left_child=-1 2 3 -2 -4
right_child=1 -3 4 -5 -6
leaf_value=0.0086110372026283917 0.0037170107532695745 0.0069949202073399446 0.00092383788016085278 -0.00017906112311368784 0.0072454956448844039
leaf_weight=82.282564178109169 365.47496549040079 101.1567142829299 2465.5357828810811 32968.277486026287 143.01796436309814
leaf_count=561 3164 668 11590 151124 879
internal_value=1.76662e-05 -2.67009e-06 -2.59732e-05 -0.000133443 0.00131969
internal_weight=36125.7 36043.5 35942.3 33333.8 2608.55
internal_count=167986 167425 166757 154288 12469
is_linear=0
shrinkage=0.03


Tree=223
num_leaves=7
num_cat=0
split_feature=1 3 3 1 0 3
split_gain=10.7492 4.53952 5.95143 3.42126 2.05939 2.66311
threshold=3.1880780260108446 0.77375000000000005 0.76125000000000009 1.0852265344658598 3.8426387507697393e-05 0.4562500000000001
decision_type=10 10 10 10 10 10
left_child=1 2 3 -1 -2 -6
right_child=4 -3 -4 -5 5 -7
leaf_value=-0.00018675455940089848 0.0071275087115838451 0.0069001892948673373 -0.0070744552606870756 0.0006633433639538594 -0.0010505803730989287 0.0049710799741919188
leaf_weight=30587.743527896702 190.90607672184706 73.623628444969654 99.637672796845436 4924.9904013499618 95.785774640738964 128.49021098762751
leaf_count=141498 923 428 435 23550 435 602
internal_value=-1.41234e-05 -7.22569e-05 -9.02888e-05 -6.70183e-05 0.00472567 0.00220812
internal_weight=36101.2 35686 35612.4 35512.7 415.182 224.276
internal_count=167871 165911 165483 165048 1960 1037
is_linear=0
shrinkage=0.03


Tree=224
num_leaves=7
num_cat=0
split_feature=0 1 0 2 2 2
split_gain=5.5479 3.86467 3.58735 8.69966 4.11567 1.98821
threshold=0.014417644949242536 3.9158367039363204 -0.0065479513879402066 0.003157671466059313 0.0088198125431252512 0.0027195488069857018
decision_type=10 10 8 10 10 10
left_child=1 2 3 -1 -4 -3
right_child=-2 5 4 -5 -6 -7
leaf_value=0.007052603223696996 0.0069033943625472849 0.0083691301562699993 -2.6323771773108426e-05 0.00036084319049312064 0.0028767915859145266 0.00030762705873249856
leaf_weight=212.90930211544037 98.072380907833576 66.801231920719147 34274.239317044616 924.82104301452637 435.05684416741133 70.298907868564129
leaf_count=1111 648 282 155154 6862 3391 353
internal_value=0.000109187 8.70898e-05 6.54616e-05 0.00171592 9.15472e-06 0.00494535
internal_weight=36082.2 35984.1 35847 1137.73 34709.3 137.1
internal_count=167801 167153 166518 7973 158545 635
is_linear=0
shrinkage=0.03


Tree=225
num_leaves=15
num_cat=0
split_feature=2 0 2 2 1 0 2 1 2 1 2 1 1 1
split_gain=5.5984 16.0654 15.3396 10.1533 4.13512 8.82308 8.42215 7.3884 5.06476 10.9794 6.03594 3.97798 1.0892 0.671784
threshold=0.0011258670578612672 -5.4510766416285801e-05 0.001051306329718196 0.0010889261252982538 -1.0450551789936695 0.00014012782349038033 0.0047391103548127568 -1.4467968623974055 0.0012504703659142271 0.2496979714437132 0.0012970047784985046 -0.12806309473469035 0.43342850222588375 0.12171301725302747
decision_type=10 8 8 8 10 10 10 10 10 10 10 8 10 10
left_child=1 2 -1 12 5 6 -2 -7 9 -6 -10 -5 -3 -4
right_child=4 3 13 11 8 7 -8 -9 10 -11 -12 -13 -14 -15
leaf_value=0.011810291778185676 -0.0024890959903718828 -0.013784885492170071 -0.0059325289513512611 -0.0057160322582980169 0.01053487544860169 0.0025609357374971318 0.0017427031361407167 -0.00055517085047394996 -0.0048024006674826144 -0.0024048757461683956 0.0003117501199301754 0.0048968415897550624 -0.0055944667652871229 0
leaf_weight=92.665942579507828 2383.9362986087799 117.05592706799507 57.498138792812824 48.113033719360828 120.65009722113609 1073.693361595273 489.46380334347486 1799.1724543496966 197.92843683063984 90.932026758790016 29412.911194212735 60.121820509433746 76.900987729430199 50.919381186366081
leaf_count=517 10386 786 370 306 668 4857 2855 8074 1130 454 136236 413 422 278
internal_value=0.000120237 -0.00298446 0.00329049 -0.00732376 0.00016668 -0.000565897 -0.00174389 0.000593461 0.000309988 0.0048454 0.00027393 0 -0.0112652 -0.00386722
internal_weight=36072 503.275 201.083 302.192 35568.7 5746.27 2873.4 2872.87 29822.4 211.582 29610.8 108.235 193.957 108.418
internal_count=167752 3092 1165 1927 164660 26172 13241 12931 138488 1122 137366 719 1208 648
is_linear=0
shrinkage=0.03


Tree=226
num_leaves=6
num_cat=0
split_feature=3 3 0 1 3
split_gain=9.71277 5.82845 5.60471 5.33621 5.1869
threshold=0.77375000000000005 0.24875000000000003 -0.009143318059400397 -0.75084218104496359 0.38625000000000004
decision_type=10 10 10 10 10
left_child=1 -1 4 -4 -3
right_child=-2 2 3 -5 -6
leaf_value=0.0075542344202140128 0.010267131542496316 -0.0016056372165146732 -0.00062014036455229626 0.0002124635985708316 0.0050611865901841191
leaf_weight=83.138731688261032 74.129799902439117 124.86562212556601 9427.7860847041011 26019.798475153744 357.23562955111265
leaf_count=570 427 1079 42806 120084 2913
internal_value=8.1644e-05 5.61679e-05 3.50514e-05 -7.39947e-06 0.00321499
internal_weight=36087 36012.8 35929.7 35447.6 482.101
internal_count=167879 167452 166882 162890 3992
is_linear=0
shrinkage=0.03


Tree=227
num_leaves=9
num_cat=0
split_feature=3 0 3 3 3 1 3 3
split_gain=10.0058 4.77255 8.43983 12.0397 6.45391 5.82471 4.69402 4.62457
threshold=0.78375000000000006 0.0060883274071632607 0.49625000000000002 0.63875000000000004 0.75625000000000009 -0.52443853083944691 0.2737500000000001 0.44625000000000009
decision_type=8 10 10 10 10 10 10 10
left_child=1 4 7 -4 6 -6 -1 -3
right_child=-2 2 3 -5 5 -7 -8 -9
leaf_value=0.0062972717506066924 0.01037150436597107 0.0016010186950458985 0.0064526966046564759 -0.0012390483844761377 0.00027184786418065485 -0.0096660042567344763 -8.0533636355417386e-05 -0.0026472037725871534
leaf_weight=93.998852096498013 73.671374030411243 463.28849283605814 515.89376016706228 258.74605754762888 74.101572722196579 110.04436389356852 34060.451226696372 429.78388933837414
leaf_count=544 557 2643 2792 1337 319 485 156724 2420
internal_value=8.1849e-06 -1.4227e-05 0.00154615 0.00382398 -9.21841e-05 -0.00554988 -5.93865e-05 -0.000383639
internal_weight=36080 36006.3 1667.71 774.64 34338.6 184.146 34154.5 893.072
internal_count=167821 167264 9192 4129 158072 804 157268 5063
is_linear=0
shrinkage=0.03


Tree=228
num_leaves=7
num_cat=0
split_feature=3 1 3 3 2 3
split_gain=5.68217 5.08949 6.71415 5.89167 3.98121 3.79498
threshold=0.2737500000000001 1.0852265344658598 0.73625000000000018 0.77375000000000005 0.0011258670578612672 0.68625000000000014
decision_type=8 10 10 10 10 8
left_child=-1 3 5 4 -2 -3
right_child=1 2 -4 -5 -6 -7
leaf_value=0.0069794236080470418 -0.003240727061668633 0.00067581935441756911 -0.0074938582438555633 0.0079842176567496183 -0.00024813766587952453 0.0043851715283329392
leaf_weight=91.602132238447666 399.54400119930506 5002.6449039056897 76.411336071789265 67.180810958147049 30188.535637684166 260.2097977399826
leaf_count=533 2533 23960 360 382 138879 1204
internal_value=-9.55852e-05 -0.00011719 0.000733746 -0.000267547 -0.000290234 0.000878567
internal_weight=36086.1 35994.5 5339.27 30655.3 30588.1 5262.85
internal_count=167851 167318 25524 141794 141412 25164
is_linear=0
shrinkage=0.03


Tree=229
num_leaves=9
num_cat=0
split_feature=3 1 3 2 3 3 2 2
split_gain=7.45504 4.97041 4.22016 12.7632 11.5335 4.04315 2.5973 1.38977
threshold=0.24875000000000003 2.5625947355903973 0.54125000000000012 0.0074696459271216525 0.5212500000000001 0.3887500000000001 0.0021430054013436232 0.0034580631669225508
decision_type=10 10 10 10 10 10 10 10
left_child=-1 2 4 -4 -2 6 -3 -7
right_child=1 5 3 -5 -6 7 -8 -9
leaf_value=0.0087231232868466499 4.87186087736518e-05 0.0016626637918794383 -0.00063624845433405525 0.0080380827010009381 0.0028623195925598613 0.0019722389010579343 -0.0053036968378486092 0.0050684200038529411
leaf_weight=79.608726672828197 23091.838234096766 70.789000615477562 10448.263878822327 144.12414254248142 1383.7694204971194 549.87797446548939 86.696897707879543 250.10194386541843
leaf_count=548 108424 296 46924 1184 6252 2388 449 1430
internal_value=7.65711e-05 5.33836e-05 -3.42918e-06 -0.000505093 0.000211345 0.00217475 -0.00190181 0.00306491
internal_weight=36105.1 36025.5 35068 10592.4 24475.6 957.466 157.486 799.98
internal_count=167895 167347 162784 48108 114676 4563 745 3818
is_linear=0
shrinkage=0.03


Tree=230
num_leaves=13
num_cat=0
split_feature=3 0 0 2 2 2 2 2 0 0 2 0
split_gain=5.76358 12.4587 15.3159 29.942 12.6199 11.0325 10.5046 10.2824 4.9608 4.45926 10.0907 8.19104
threshold=0.44375000000000003 -0.00074431215373777957 0.00053974529043447682 0.0040707763470456222 0.0012504703659142271 0.00155754180092554 0.0022415236238326618 0.0010889261252982538 0.00021774411269330921 0.012260103503179713 0.0040707763470456222 0.0099498557420046041
decision_type=10 8 10 10 8 10 10 10 10 10 10 10
left_child=1 4 3 -3 -1 -4 -6 8 -2 11 -11 -9
right_child=7 2 5 -5 6 -7 -8 9 -10 10 -12 -13
leaf_value=0.012339030561646851 -0.00010709376536491404 -0.0037457473185445282 0.0050556646699340861 0.0044102853375082686 -0.0023457212001302134 -0.00057756740364348579 0.001193766472437429 0.00023187885150248634 -0.012320192325367192 -0.002951573722438941 0.011372171367301674 -0.0063512348136525272
leaf_weight=72.074195116758347 61.422718599438667 3272.0299748107791 323.30302406847477 447.18242678046227 944.72956484556198 4896.8204389512539 3501.963709384203 22161.28293722868 77.320949345827103 64.618037045001984 88.959700644016266 160.92168750613928
leaf_count=351 383 15246 1634 2164 4073 22639 18005 100887 539 322 633 926
internal_value=-0.000127027 -0.000619289 -0.00127007 -0.00273981 0.000654847 -0.000208208 0.00042474 0.000163414 -0.00768745 0.000217944 0.00516663 0.000178911
internal_weight=36072.6 13458.1 8939.34 3719.21 4518.77 5220.12 4446.69 22614.5 138.744 22475.8 153.578 22322.2
internal_count=167802 64112 41683 17410 22429 24273 22078 103690 922 102768 955 101813
is_linear=0
shrinkage=0.03


Tree=231
num_leaves=15
num_cat=0
split_feature=1 0 2 2 2 2 2 2 0 2 2 0 2 1
split_gain=5.24623 9.5936 8.02332 5.43374 10.2347 11.5291 7.0397 14.3101 8.29606 5.43577 4.81056 12.3265 5.29112 2.80771
threshold=0.27361477342269752 0.0078154141061737344 0.0061243861919275519 0.0020032689886634769 0.0019546629117876799 0.0019273428732258953 0.0020734814841331258 0.0021062118175967973 -0.00026977484475632595 0.0019736335366390503 0.0024519216204720831 -0.0025283570821665246 0.0027195488069857018 0.48936993687878538
decision_type=10 10 10 10 8 10 10 10 10 8 8 10 10 10
left_child=3 10 13 4 5 -1 8 -8 -5 -6 11 -2 -12 -3
right_child=1 2 -4 6 9 -7 7 -9 -10 -11 12 -13 -14 -15
leaf_value=-0.0012381585201084516 0.0084416507326331418 0.0013386662100651069 -0.0030097870981125848 0.0080399228353287625 -0.012110588935543839 0.0059476258094073664 -0.0077393789647577944 1.7289271658399626e-05 5.7565790522853099e-05 -0.0032214098663193276 -0.0018529750481865023 0.00092404191075211436 0.00036917887493006872 0.010679105805473097
leaf_weight=2621.4679417610168 201.41387104988098 57.493653319776058 54.713081523776054 202.43424586951733 95.869767725467682 205.8094580322504 206.24450685083866 20003.248644754291 296.36519418656826 252.06441806256771 1104.0185176432133 3532.7190224528313 7083.9974584653974 161.29174740612507
leaf_count=13512 855 313 479 843 407 875 858 91062 1267 1227 4628 15303 35276 1008
internal_value=0.000104044 0.000611015 0.00608406 -0.000152467 -0.00130634 -0.000674809 2.21064e-05 -6.26912e-05 0.00350942 -0.00610828 0.000475439 0.00136702 6.03445e-05 0.00865262
internal_weight=36079.2 12195.6 273.498 23883.5 3175.21 2827.28 20708.3 20209.5 498.799 347.934 11922.1 3734.13 8188.02 218.785
internal_count=167913 57862 1800 110051 16021 14387 94030 91920 2110 1634 56062 16158 39904 1321
is_linear=0
shrinkage=0.03


Tree=232
num_leaves=15
num_cat=0
split_feature=2 0 2 3 3 3 3 0 2 2 3 3 2 0
split_gain=5.72673 12.1731 12.7746 19.66 11.3664 8.31655 18.7372 10.2636 9.6784 8.21136 7.82712 6.43951 15.2449 5.72861
threshold=0.0019736335366390503 0.00093289548222463218 0.0017989135513542737 0.42125000000000007 0.36875000000000008 0.40625000000000006 0.38625000000000004 0.0040642569748076439 0.0020166696977497881 0.0012970047784985046 0.41625000000000006 0.42125000000000007 0.0034878767261754045 0.014417644949242536
decision_type=10 10 8 10 10 10 8 10 10 10 10 10 10 10
left_child=1 2 9 -4 -3 6 8 -8 -2 -1 -6 12 -7 -13
right_child=5 4 3 -5 10 11 7 -9 -10 -11 -12 13 -14 -15
leaf_value=-0.0032292349549046871 0.0083717324036280908 0.0079541789785623363 -0.0099231021394232781 -0.0011142759957711063 -0.0034488274758918613 -0.0047038898548184887 0.0044812865433236015 -0.0026266635312013546 -0.00017051795917720001 0.00045251467221996665 0.0019725515760779695 0.00010855609371524369 0.00096787786660742787 0.0077762939346764891
leaf_weight=761.8084133118391 113.04063744843006 201.68439525365829 382.875927336514 593.61765521764755 330.09407733380795 814.8462328761816 1688.6701636090875 187.24127984791994 3840.2296028733253 1785.7012076377869 787.06419335305691 23647.438508696854 849.08476793020964 78.305432789027691
leaf_count=4544 481 927 1778 2546 1432 3408 7928 979 18404 9077 3474 107911 4404 509
internal_value=9.72011e-05 -0.000858839 -0.00178577 -0.00469455 0.0015676 0.000247656 0.00126861 0.00372984 7.91089e-05 -0.000633339 0.000301044 1.04864e-05 -0.00178532 0.000139656
internal_weight=36061.7 4842.85 3524 976.494 1318.84 31218.9 5829.18 1875.91 3953.27 2547.51 1117.16 25389.7 1663.93 23725.7
internal_count=167802 23778 17945 4324 5833 144024 27792 8907 18885 13621 4906 116232 7812 108420
is_linear=0
shrinkage=0.03


Tree=233
num_leaves=10
num_cat=0
split_feature=1 3 3 3 1 0 1 3 0
split_gain=4.34941 4.06515 9.26392 9.02498 7.96025 7.72452 18.0629 6.51737 2.51909
threshold=3.9158367039363204 0.67875000000000008 0.61625000000000008 0.57375000000000009 0.28617163193749967 0.0058854291629386489 -0.24757812926766462 0.7037500000000001 0.00025758385641822017
decision_type=10 8 10 10 10 8 8 10 8
left_child=1 2 3 -1 -4 7 -7 -3 -2
right_child=8 5 4 -5 -6 6 -8 -9 -10
leaf_value=-0.00015376486550769801 0.0084659709205253397 0.0028914424501135468 -0.00060009634931670202 0.0017027609270502048 -0.003693877485298262 -0.015853462738943221 0.0031117552864522637 -1.4295109364529859e-05 0
leaf_weight=26950.859449788928 74.919658146798611 1340.3336951211095 2380.8155367299914 2572.0077214166522 1128.7984040081501 68.533256001770496 91.189147219061852 1347.0581316649914 64.720763504505157
leaf_count=126605 351 5892 10673 11770 5174 348 553 5986 299
internal_value=-4.66161e-05 -6.95335e-05 -0.000164951 6.46429e-06 -0.00161987 0.00101321 -0.00512689 0.00141804 0.00505201
internal_weight=36019.2 35879.6 33032.5 29522.9 3509.61 2847.11 159.722 2687.39 139.64
internal_count=167651 167001 154222 138375 15847 12779 901 11878 650
is_linear=0
shrinkage=0.03


Tree=234
num_leaves=12
num_cat=0
split_feature=1 0 2 2 2 2 0 2 2 2 1
split_gain=8.03301 7.21958 7.23457 6.26426 5.28164 4.40836 3.60549 4.90949 3.27588 3.05192 0.964283
threshold=-0.10759265303183205 0.0081776640269217316 0.0093635765090480435 0.001051306329718196 0.0010022500424530596 0.0061243861919275519 0.0022347214628811369 0.0032662870358655155 0.005292812870999245 0.003391060834323664 0.81132225054786677
decision_type=8 8 10 8 10 10 10 10 10 10 10
left_child=4 2 3 -2 -1 9 8 -8 -6 -3 -4
right_child=1 5 10 -5 6 -7 7 -9 -10 -11 -12
leaf_value=-0.008143816886645585 0.0067852758075357582 0.0013318080375800388 0.0029732865121563472 0.00021667888859807282 -0.00078569482656584656 -0.0014299215541866556 -0.00086612263107222658 0.0012335368507334918 0.00070294607601052185 0.0084547444374338532 0.0092335552647414415
leaf_weight=70.949258610606194 122.50218978524208 111.00968764722347 108.36020062863827 16368.968549996614 13388.136396028101 69.707291282713413 1670.6800837516785 2414.3498591631651 1426.7852384671569 188.38297733664513 73.049451865255833
leaf_count=489 683 601 953 75766 58596 599 6850 12190 8935 1201 693
internal_value=-2.91477e-05 0.000441665 0.000344473 0.00027319 -0.00045526 0.00454884 -0.000418934 0.000360156 -0.000637903 0.00613602 0.00615831
internal_weight=36012.9 17042 16672.9 16491.5 18970.9 369.1 18900 4085.03 14814.9 299.393 181.41
internal_count=167556 80496 78095 76449 87060 2401 86571 19040 67531 1802 1646
is_linear=0
shrinkage=0.03


Tree=235
num_leaves=10
num_cat=0
split_feature=1 2 3 2 3 1 3 3 3
split_gain=6.16881 6.20933 10.7196 13.6376 13.1613 4.19764 7.63792 5.63588 2.68905
threshold=-2.2075405628593341 0.0012970047784985046 0.40875 0.0012753927761415685 0.36375000000000007 1.0852265344658598 0.60875000000000012 0.72125000000000006 0.48125000000000001
decision_type=10 10 8 10 10 10 10 10 10
left_child=8 2 4 -4 -2 7 -7 -3 -1
right_child=1 5 3 -5 -6 6 -8 -9 -10
leaf_value=-0.0013022032509177196 -0.0051039080864659454 -0.00014396443193469882 -0.0031681060224475646 -0.018642143376556737 0.0059984931939577584 0.0014050544426536444 -0.001535290250960123 0.0024042119192594618 -0.01017825440965465
leaf_weight=88.976474650204182 147.94243270158768 29055.307725571096 534.99209141731262 50.722760587930679 227.22964885830879 4221.4624414518476 952.4031730145216 791.29741360992193 65.6598831564188
leaf_count=469 829 133524 3273 299 1246 20350 4386 3476 291
internal_value=-3.07278e-05 -2.5482e-06 -0.00237072 -0.00489932 0.00144584 6.13747e-05 0.000850305 -7.36146e-05 -0.00582479
internal_weight=36136 35981.4 960.887 585.715 375.172 35020.5 5173.87 29846.6 154.636
internal_count=168143 167383 5647 3572 2075 161736 24736 137000 760
is_linear=0
shrinkage=0.03


Tree=236
num_leaves=12
num_cat=0
split_feature=3 2 2 2 3 2 3 1 1 3 3
split_gain=5.04888 16.6458 28.9951 23.5458 8.23726 15.0954 11.0958 7.63161 6.61303 5.72556 3.57622
threshold=0.72125000000000006 0.0041748883435299448 0.0036453061980855602 0.0038915564186724851 0.70625000000000016 0.0026500800987296421 0.69375000000000009 -0.51472807222262118 0.81132225054786677 0.61625000000000008 0.7037500000000001
decision_type=10 10 10 10 10 8 10 10 10 8 10
left_child=4 2 8 -4 6 -6 9 -7 -2 -1 -8
right_child=1 -3 3 -5 5 7 10 -9 -10 -11 -12
leaf_value=9.743497871095469e-05 0.0057253481942283104 0.01417263182785999 -0.016651313520826713 0.0017882863222694813 0.003571095771271131 -0.014994304677617757 0.0055091961488976868 -0.0037567143086345103 -0.0016521348140123738 -0.00104240893676322 -0.00082297785535054464
leaf_weight=29681.865435570478 498.1455129981041 84.496127657592297 121.15436600148678 105.41130033135414 132.79589368402958 94.2536900639534 420.10877833515406 178.06861536949873 119.69826153665781 4561.0412950068712 76.337112329900265
leaf_count=139110 2160 503 529 462 577 408 1854 810 527 20602 348
internal_value=1.83914e-05 0.00219062 0.000769569 -0.00810559 -3.7923e-05 -0.00423926 1.05508e-05 -0.00825203 0.00419695 -5.28968e-05 0.00442002
internal_weight=36073.4 928.906 844.409 226.566 35144.5 405.118 34739.4 272.322 617.844 34242.9 496.446
internal_count=167890 4181 3678 991 163709 1795 161914 1218 2687 159712 2202
is_linear=0
shrinkage=0.03


Tree=237
num_leaves=15
num_cat=0
split_feature=1 1 3 3 3 2 2 2 3 2 2 3 3 3
split_gain=5.86204 5.99393 5.6713 6.55396 5.52343 6.9816 4.97701 12.6586 7.37434 37.346 6.85139 6.18918 6.1516 4.78836
threshold=-0.75084218104496359 -0.62170188166999485 0.40375000000000011 0.42125000000000007 0.30875000000000002 0.0020166696977497881 0.0022415236238326618 0.0021865447809102587 0.67375000000000018 0.002982444264385434 0.0024993378467945055 0.42375000000000002 0.41125000000000006 0.38625000000000004
decision_type=10 10 8 10 10 8 10 10 10 10 10 10 10 10
left_child=6 2 -2 -4 5 -3 7 12 10 -10 -8 -9 -1 -6
right_child=1 4 3 -5 13 -7 8 11 9 -11 -12 -13 -14 -15
leaf_value=-0.0034711337825217604 0.0051120117301504328 -0.0039387898221692613 -0.0053297065503540818 0.0015236441185331731 -0.0011394680109751384 0.00516799910960636 -0.0034876403397000825 -0.016286222171994526 0.011915683503635656 -0.0024303055051382197 -0.00035744343118584358 -0.003561582901303516 0.00014969070019730946 0.00010971268744723981
leaf_weight=675.15374889224768 362.87940609455109 80.017861634492874 125.20288524776697 1408.2323891744018 3165.5581327527761 356.67547921091318 699.2486297339201 70.169004544615746 239.0950922369957 454.49555496126413 6348.7594438865781 101.40007808804512 1022.2966702356935 20942.953017085791
leaf_count=3487 1741 378 581 6342 15194 1911 2885 307 974 2027 29077 420 4912 97597
internal_value=-9.38975e-05 0.000134859 0.00175546 0.000894297 6.54749e-06 0.00331417 -0.000728994 -0.0021214 -0.000382789 0.00252885 -0.000681 -0.00970656 -0.00126723 -5.22272e-05
internal_weight=36052.1 26441.5 1896.31 1533.44 24545.2 436.693 9610.62 1869.02 7741.6 693.591 7048.01 171.569 1697.45 24108.5
internal_count=167833 123744 8664 6923 115080 2289 44089 9126 34963 3001 31962 727 8399 112791
is_linear=0
shrinkage=0.03


Tree=238
num_leaves=15
num_cat=0
split_feature=1 2 3 1 2 3 2 2 3 3 3 2 3 2
split_gain=3.59067 4.01626 17.5721 5.24773 3.80847 4.54375 3.71823 3.59234 3.47013 3.70819 3.43792 6.55182 6.41 0.486445
threshold=1.7908368253636169 0.0011258670578612672 0.40875 0.7066987578807753 0.0040536030343945812 0.7037500000000001 0.0031780249928003092 0.001051306329718196 0.42375000000000002 0.62625000000000008 0.44125000000000009 0.0023693445118215585 0.41125000000000006 0.0045505388473486329
decision_type=10 10 8 8 10 10 10 10 10 10 10 10 10 10
left_child=1 2 7 -4 5 6 -2 -1 13 -10 12 -12 -3 -6
right_child=4 10 3 -5 8 -7 -8 -9 9 -11 11 -13 -14 -15
leaf_value=0.0094666179754594321 0.0017859113753274087 0.00020711163063894436 -0.0092121127649523165 0 0.011353297381359248 -0.0059704556602293516 -0.0010986853705555496 0 0 0.0077011943579988126 0.0014199198227343793 7.2941617449112108e-05 -0.0012499130793768832 0.0042796234509988916
leaf_weight=74.400075674057007 1384.4823302403092 7568.1612880602479 221.0168095678091 77.86458171159029 45.767459124326706 77.572138227522373 530.15119881927967 76.350112423300743 275.02244276553392 62.775790132582188 4023.6301131695509 17328.003278531134 4185.4479383602738 93.56598374992609
leaf_count=432 5966 36301 1531 491 243 346 2517 393 1751 373 17558 79710 19364 668
internal_value=0.000144917 6.16128e-05 -0.0027188 -0.00694116 0.0012479 0.000626369 0.00095445 0.00519035 0.00365372 0.00167762 0.000101998 0.000330129 -0.000307254 0.0076096
internal_weight=36024.2 33554.9 449.632 298.881 2469.34 1992.21 1914.63 150.75 477.132 337.798 33105.2 21351.6 11753.6 139.333
internal_count=167644 155780 2847 2022 11864 8829 8483 825 3035 2124 152933 97268 55665 911
is_linear=0
shrinkage=0.03


end of trees

feature_importances:
ema_ma_ratio_close_30__160_=911
parkinson_vol_600=903
buy_pressure_positive_ratio_400=658
_trade_count_log_z_50___vol_of_vol_60_=549

parameters:
[boosting: gbdt]
[objective: binary]
[metric: auc]
[tree_learner: serial]
[device_type: cpu]
[data_sample_strategy: bagging]
[data: ]
[valid: ]
[num_iterations: 250]
[learning_rate: 0.03]
[num_leaves: 15]
[num_threads: 0]
[seed: 42]
[deterministic: 0]
[force_col_wise: 1]
[force_row_wise: 0]
[histogram_pool_size: -1]
[max_depth: 4]
[min_data_in_leaf: 300]
[min_sum_hessian_in_leaf: 0.001]
[bagging_fraction: 0.8]
[pos_bagging_fraction: 1]
[neg_bagging_fraction: 1]
[bagging_freq: 1]
[bagging_seed: 42]
[bagging_by_query: 0]
[feature_fraction: 0.7]
[feature_fraction_bynode: 1]
[feature_fraction_seed: 42]
[extra_trees: 0]
[extra_seed: 12879]
[early_stopping_round: 0]
[early_stopping_min_delta: 0]
[first_metric_only: 0]
[max_delta_step: 0]
[lambda_l1: 2]
[lambda_l2: 10]
[linear_lambda: 0]
[min_gain_to_split: 0]
[drop_rate: 0.1]
[max_drop: 50]
[skip_drop: 0.5]
[xgboost_dart_mode: 0]
[uniform_drop: 0]
[drop_seed: 17869]
[top_rate: 0.2]
[other_rate: 0.1]
[min_data_per_group: 100]
[max_cat_threshold: 32]
[cat_l2: 10]
[cat_smooth: 10]
[max_cat_to_onehot: 4]
[top_k: 20]
[monotone_constraints: ]
[monotone_constraints_method: basic]
[monotone_penalty: 0]
[feature_contri: ]
[forcedsplits_filename: ]
[refit_decay_rate: 0.9]
[cegb_tradeoff: 1]
[cegb_penalty_split: 0]
[cegb_penalty_feature_lazy: ]
[cegb_penalty_feature_coupled: ]
[path_smooth: 0]
[interaction_constraints: ]
[verbosity: -1]
[saved_feature_importance_type: 0]
[use_quantized_grad: 0]
[num_grad_quant_bins: 4]
[quant_train_renew_leaf: 0]
[stochastic_rounding: 1]
[linear_tree: 0]
[max_bin: 255]
[max_bin_by_feature: ]
[min_data_in_bin: 3]
[bin_construct_sample_cnt: 200000]
[data_random_seed: 42]
[is_enable_sparse: 1]
[enable_bundle: 1]
[use_missing: 1]
[zero_as_missing: 0]
[feature_pre_filter: 1]
[pre_partition: 0]
[two_round: 0]
[header: 0]
[label_column: ]
[weight_column: ]
[group_column: ]
[ignore_column: ]
[categorical_feature: ]
[forcedbins_filename: ]
[precise_float_parser: 0]
[parser_config_file: ]
[objective_seed: 16083]
[num_class: 1]
[is_unbalance: 0]
[scale_pos_weight: 1]
[sigmoid: 1]
[boost_from_average: 1]
[reg_sqrt: 0]
[alpha: 0.9]
[fair_c: 1]
[poisson_max_delta_step: 0.7]
[tweedie_variance_power: 1.5]
[lambdarank_truncation_level: 30]
[lambdarank_norm: 1]
[label_gain: ]
[lambdarank_position_bias_regularization: 0]
[eval_at: ]
[multi_error_top_k: 1]
[auc_mu_weights: ]
[num_machines: 1]
[local_listen_port: 12400]
[time_out: 120]
[machine_list_filename: ]
[machines: ]
[gpu_platform_id: -1]
[gpu_device_id: -1]
[gpu_use_dp: 0]
[num_gpu: 1]

end of parameters

pandas_categorical:[]
