date,open,high,low,close,label,source_idx
2025-10-27 01:20:00,113558.98,113593.05,113535.2,113545.95,0,820933
2025-10-27 01:25:00,113545.95,113545.95,113460.24,113497.04,0,820934
2025-10-27 01:30:00,113497.04,113666.3,113497.03,113645.47,0,820935
2025-10-27 01:35:00,113645.47,113793.93,113643.29,113762.23,3,820936
2025-10-27 01:40:00,113762.23,113765.87,113688.87,113690.01,2,820937
2025-10-27 01:45:00,113690.02,113747.32,113667.93,113672.68,2,820938
2025-10-27 01:50:00,113672.67,113702.34,113657.79,113657.8,2,820939
2025-10-27 01:55:00,113657.79,113658.0,113575.14,113575.15,2,820940
2025-10-27 02:00:00,113575.15,113595.28,113552.72,113552.72,2,820941
2025-10-27 02:05:00,113552.72,113597.64,113539.08,113554.16,2,820942
2025-10-27 02:10:00,113554.16,113554.17,113503.82,113545.85,2,820943
2025-10-27 02:15:00,113545.86,113584.0,113503.92,113572.6,2,820944
2025-10-27 02:20:00,113572.59,113659.8,113540.0,113659.79,2,820945
2025-10-27 02:25:00,113659.8,113720.63,113621.23,113690.44,2,820946
2025-10-27 02:30:00,113690.44,113690.44,113608.0,113608.83,2,820947
2025-10-27 02:35:00,113608.83,113643.9,113603.25,113621.23,2,820948
2025-10-27 02:40:00,113621.23,113634.83,113592.02,113601.68,2,820949
2025-10-27 02:45:00,113601.68,113616.77,113582.7,113582.71,2,820950
2025-10-27 02:50:00,113582.71,113582.72,113560.28,113560.28,2,820951
2025-10-27 02:55:00,113560.29,113585.99,113552.68,113585.99,2,820952
2025-10-27 03:00:00,113585.98,113585.98,113531.5,113534.35,2,820953
2025-10-27 03:05:00,113534.35,113534.35,113519.04,113519.04,2,820954
2025-10-27 03:10:00,113519.04,113571.87,113510.05,113532.77,2,820955
2025-10-27 03:15:00,113532.77,113549.0,113500.0,113500.0,2,820956
2025-10-27 03:20:00,113500.0,113500.01,113407.38,113414.19,2,820957
2025-10-27 03:25:00,113414.19,113432.34,113372.22,113372.23,2,820958
2025-10-27 03:30:00,113372.23,113491.66,113372.22,113452.49,2,820959
2025-10-27 03:35:00,113452.48,113452.49,113410.97,113410.97,2,820960
2025-10-27 03:40:00,113410.97,113480.1,113401.71,113480.09,2,820961
2025-10-27 03:45:00,113480.09,113480.1,113404.25,113404.25,2,820962
2025-10-27 03:50:00,113404.25,113436.71,113400.02,113436.7,2,820963
2025-10-27 03:55:00,113436.71,113460.75,113283.11,113320.8,2,820964
2025-10-27 04:00:00,113320.8,113412.74,113320.8,113385.13,2,820965
2025-10-27 04:05:00,113385.14,113438.7,113385.13,113399.19,2,820966
2025-10-27 04:10:00,113399.19,113467.67,113399.19,113402.99,2,820967
2025-10-27 04:15:00,113403.0,113403.0,113332.07,113366.38,2,820968
2025-10-27 04:20:00,113366.39,113366.39,113319.86,113319.86,2,820969
2025-10-27 04:25:00,113319.87,113319.87,112901.0,113065.86,1,820970
2025-10-27 04:30:00,113065.85,113285.2,112984.0,113285.2,0,820971
2025-10-27 04:35:00,113285.19,113474.54,113285.19,113338.76,0,820972
2025-10-27 04:40:00,113338.76,113500.0,113332.93,113455.75,0,820973
2025-10-27 04:45:00,113455.74,113590.48,113380.6,113567.63,0,820974
2025-10-27 04:50:00,113567.63,113567.64,113448.06,113488.23,0,820975
2025-10-27 04:55:00,113488.24,113511.15,113403.82,113497.06,0,820976
2025-10-27 05:00:00,113497.06,115466.8,113497.06,114774.49,0,820977
2025-10-27 05:05:00,114774.49,115042.8,114405.67,114742.29,0,820978
2025-10-27 05:10:00,114742.29,114742.29,114493.72,114616.64,0,820979
2025-10-27 05:15:00,114616.65,114688.14,114326.96,114386.0,0,820980
2025-10-27 05:20:00,114386.01,114409.38,114231.67,114346.9,0,820981
2025-10-27 05:25:00,114346.9,114437.64,114283.34,114388.29,0,820982
2025-10-27 05:30:00,114388.29,114522.37,114305.14,114496.84,0,820983
2025-10-27 05:35:00,114496.84,114502.83,114402.0,114475.89,0,820984
2025-10-27 05:40:00,114475.89,114574.3,114466.68,114536.86,0,820985
2025-10-27 05:45:00,114536.87,114655.91,114536.87,114655.9,0,820986
2025-10-27 05:50:00,114655.9,114733.43,114621.9,114724.58,0,820987
2025-10-27 05:55:00,114724.59,114789.11,114587.2,114681.33,0,820988
2025-10-27 06:00:00,114681.34,114966.15,114663.64,114804.53,0,820989
2025-10-27 06:05:00,114804.54,114804.54,114556.82,114579.46,0,820990
2025-10-27 06:10:00,114579.46,114579.46,114416.78,114475.99,0,820991
2025-10-27 06:15:00,114476.0,114506.35,114405.33,114478.17,0,820992
2025-10-27 06:20:00,114478.17,114578.45,114455.16,114540.0,0,820993
2025-10-27 06:25:00,114540.01,114571.23,114385.13,114385.13,0,820994
2025-10-27 06:30:00,114385.13,114716.82,114385.13,114656.62,0,820995
2025-10-27 06:35:00,114656.62,114714.18,114580.54,114642.0,0,820996
2025-10-27 06:40:00,114642.0,114680.0,114582.32,114633.77,0,820997
2025-10-27 06:45:00,114633.77,114720.99,114522.44,114537.38,0,820998
2025-10-27 06:50:00,114537.38,114589.4,114457.34,114457.52,0,820999
2025-10-27 06:55:00,114457.51,114559.41,114421.82,114559.4,0,821000
2025-10-27 07:00:00,114559.41,114753.52,114362.26,114753.52,0,821001
2025-10-27 07:05:00,114753.51,114860.45,114665.1,114841.46,0,821002
2025-10-27 07:10:00,114841.45,114905.0,114742.62,114872.12,0,821003
2025-10-27 07:15:00,114872.13,114972.0,114872.12,114970.57,0,821004
2025-10-27 07:20:00,114970.58,114976.37,114767.86,114801.81,0,821005
2025-10-27 07:25:00,114801.8,114893.97,114763.51,114867.66,0,821006
2025-10-27 07:30:00,114867.67,114983.5,114852.73,114977.0,0,821007
2025-10-27 07:35:00,114977.0,115176.47,114886.77,114886.77,0,821008
2025-10-27 07:40:00,114886.77,114919.97,114797.66,114902.96,0,821009
2025-10-27 07:45:00,114902.96,114902.96,114666.66,114717.57,0,821010
2025-10-27 07:50:00,114717.58,114836.86,114663.65,114833.39,0,821011
2025-10-27 07:55:00,114833.4,114867.44,114731.48,114767.29,0,821012
2025-10-27 08:00:00,114767.28,114923.49,114710.92,114839.55,0,821013
2025-10-27 08:05:00,114839.54,114894.16,114797.49,114814.13,0,821014
2025-10-27 08:10:00,114814.13,115018.78,114814.13,115000.55,0,821015
2025-10-27 08:15:00,115000.55,115080.62,114890.01,114979.43,0,821016
2025-10-27 08:20:00,114979.44,115228.21,114979.43,115149.99,0,821017
2025-10-27 08:25:00,115150.0,115200.0,115124.63,115149.99,0,821018
2025-10-27 08:30:00,115150.0,115171.99,115060.89,115137.34,0,821019
2025-10-27 08:35:00,115137.33,115366.66,115126.1,115324.51,0,821020
2025-10-27 08:40:00,115324.51,115324.51,115218.64,115224.96,0,821021
2025-10-27 08:45:00,115224.95,115359.84,115210.58,115338.0,0,821022
2025-10-27 08:50:00,115338.0,115388.96,115289.1,115294.46,0,821023
2025-10-27 08:55:00,115294.47,115327.21,115284.0,115284.01,0,821024
2025-10-27 09:00:00,115284.01,115332.0,115274.36,115305.74,0,821025
2025-10-27 09:05:00,115305.74,115445.39,115305.73,115411.08,3,821026
2025-10-27 09:10:00,115411.08,115442.13,115289.09,115289.1,2,821027
2025-10-27 09:15:00,115289.1,115289.1,115124.97,115184.86,2,821028
2025-10-27 09:20:00,115184.86,115184.86,115100.47,115144.0,2,821029
2025-10-27 09:25:00,115144.0,115226.87,114951.81,114966.14,2,821030
2025-10-27 09:30:00,114966.15,114975.48,114831.72,114837.66,2,821031
2025-10-27 09:35:00,114837.67,115007.5,114826.22,115007.5,2,821032
2025-10-27 09:40:00,115007.5,115070.51,114989.57,115029.61,2,821033
2025-10-27 09:45:00,115029.62,115049.98,114864.46,114907.55,2,821034
2025-10-27 09:50:00,114907.54,114976.37,114815.6,114817.13,1,821035
2025-10-27 09:55:00,114817.13,114924.4,114817.13,114883.39,0,821036
2025-10-27 10:00:00,114883.4,114973.5,114829.48,114973.5,0,821037
2025-10-27 10:05:00,114973.49,115032.77,114946.83,114948.01,0,821038
2025-10-27 10:10:00,114948.01,115137.95,114948.0,115080.62,0,821039
2025-10-27 10:15:00,115080.62,115177.55,115054.14,115136.88,0,821040
2025-10-27 10:20:00,115136.89,115242.65,115000.84,115000.85,0,821041
2025-10-27 10:25:00,115000.85,115013.31,114926.45,114926.46,0,821042
2025-10-27 10:30:00,114926.46,115026.83,114884.72,114926.75,0,821043
2025-10-27 10:35:00,114926.75,114980.92,114901.99,114928.2,0,821044
2025-10-27 10:40:00,114928.19,114954.06,114909.12,114909.13,0,821045
2025-10-27 10:45:00,114909.13,115050.0,114887.86,115049.99,0,821046
2025-10-27 10:50:00,115049.99,115050.0,114936.01,115029.5,0,821047
2025-10-27 10:55:00,115029.5,115029.5,114919.55,114958.51,0,821048
2025-10-27 11:00:00,114958.52,114997.19,114938.01,114951.39,0,821049
2025-10-27 11:05:00,114951.38,115040.97,114951.38,115040.96,0,821050
2025-10-27 11:10:00,115040.97,115211.99,115040.96,115210.85,0,821051
2025-10-27 11:15:00,115210.84,115212.0,115172.94,115184.85,0,821052
2025-10-27 11:20:00,115184.85,115217.41,115177.18,115204.1,0,821053
2025-10-27 11:25:00,115204.1,115247.2,115193.54,115193.59,0,821054
2025-10-27 11:30:00,115193.6,115223.5,115191.57,115191.57,0,821055
2025-10-27 11:35:00,115191.57,115265.03,115190.82,115225.0,0,821056
2025-10-27 11:40:00,115225.01,115283.26,115225.0,115266.5,0,821057
2025-10-27 11:45:00,115266.51,115283.26,115211.73,115247.96,0,821058
2025-10-27 11:50:00,115247.97,115258.34,115208.2,115255.38,0,821059
2025-10-27 11:55:00,115255.37,115283.27,115255.37,115256.44,0,821060
2025-10-27 12:00:00,115256.43,115384.98,115256.43,115384.97,0,821061
2025-10-27 12:05:00,115384.98,115491.9,115354.0,115418.5,0,821062
2025-10-27 12:10:00,115418.49,115521.61,115393.33,115475.77,0,821063
2025-10-27 12:15:00,115475.78,115589.0,115419.99,115546.22,0,821064
2025-10-27 12:20:00,115546.23,115567.56,115393.33,115520.69,0,821065
2025-10-27 12:25:00,115520.69,115583.0,115444.02,115555.5,0,821066
2025-10-27 12:30:00,115555.5,115555.5,115448.0,115514.85,0,821067
2025-10-27 12:35:00,115514.85,115524.22,115457.07,115464.96,0,821068
2025-10-27 12:40:00,115464.97,115647.9,115464.96,115641.77,0,821069
2025-10-27 12:45:00,115641.77,115652.89,115514.01,115574.05,0,821070
2025-10-27 12:50:00,115574.05,115587.77,115500.0,115587.76,0,821071
2025-10-27 12:55:00,115587.77,115607.97,115556.56,115556.57,0,821072
2025-10-27 13:00:00,115556.56,115556.57,115361.65,115434.51,0,821073
2025-10-27 13:05:00,115434.5,115450.0,115405.47,115426.99,0,821074
2025-10-27 13:10:00,115427.0,115494.63,115423.51,115492.92,0,821075
2025-10-27 13:15:00,115492.91,115717.47,115477.92,115681.71,0,821076
2025-10-27 13:20:00,115681.99,115715.01,115516.86,115555.0,0,821077
2025-10-27 13:25:00,115555.0,115750.0,115554.99,115746.68,0,821078
2025-10-27 13:30:00,115746.67,115746.68,115560.01,115635.6,0,821079
2025-10-27 13:35:00,115635.6,115857.93,115626.57,115779.1,0,821080
2025-10-27 13:40:00,115779.1,115802.0,115642.7,115689.69,0,821081
2025-10-27 13:45:00,115689.68,115991.78,115688.9,115958.21,0,821082
2025-10-27 13:50:00,115958.2,116078.23,115885.99,115952.78,0,821083
2025-10-27 13:55:00,115952.78,116129.5,115938.79,116053.49,0,821084
2025-10-27 14:00:00,116053.5,116096.22,115937.49,116072.99,3,821085
2025-10-27 14:05:00,116072.99,116400.0,115936.0,115962.01,2,821086
2025-10-27 14:10:00,115962.0,116009.13,115853.05,115867.18,2,821087
2025-10-27 14:15:00,115867.19,116031.93,115867.19,115969.19,2,821088
2025-10-27 14:20:00,115969.19,116054.85,115900.37,115936.49,2,821089
2025-10-27 14:25:00,115936.48,116021.8,115854.59,115860.77,2,821090
2025-10-27 14:30:00,115860.77,115877.11,115751.87,115775.59,2,821091
2025-10-27 14:35:00,115775.59,115822.23,115594.0,115594.0,2,821092
2025-10-27 14:40:00,115594.01,115650.0,115489.53,115650.0,2,821093
2025-10-27 14:45:00,115649.99,115799.0,115623.66,115722.01,2,821094
2025-10-27 14:50:00,115722.0,115722.01,115540.92,115540.93,2,821095
2025-10-27 14:55:00,115540.92,115638.88,115530.99,115554.6,2,821096
2025-10-27 15:00:00,115554.59,115607.48,115486.98,115507.68,2,821097
2025-10-27 15:05:00,115507.69,115587.99,115486.66,115523.99,2,821098
2025-10-27 15:10:00,115523.99,115548.19,115440.43,115449.02,2,821099
2025-10-27 15:15:00,115449.03,115594.37,115449.02,115594.36,2,821100
2025-10-27 15:20:00,115594.37,115594.37,115493.06,115493.07,2,821101
2025-10-27 15:25:00,115493.07,115493.08,115114.0,115136.47,2,821102
2025-10-27 15:30:00,115136.47,115418.18,115136.47,115394.01,2,821103
2025-10-27 15:35:00,115394.01,115431.19,115299.75,115320.31,2,821104
2025-10-27 15:40:00,115320.31,115333.33,115214.02,115221.53,2,821105
2025-10-27 15:45:00,115221.54,115229.06,115055.9,115080.61,2,821106
2025-10-27 15:50:00,115080.61,115080.62,114903.22,114910.41,2,821107
2025-10-27 15:55:00,114910.4,115038.08,114900.0,115014.88,2,821108
2025-10-27 16:00:00,115014.88,115030.74,114829.17,114920.02,2,821109
2025-10-27 16:05:00,114920.02,114921.88,114814.69,114891.65,1,821110
2025-10-27 16:10:00,114891.66,115130.53,114887.72,115129.36,0,821111
2025-10-27 16:15:00,115129.36,115129.37,114946.77,115100.45,0,821112
2025-10-27 16:20:00,115100.45,115289.1,115008.17,115080.61,0,821113
2025-10-27 16:25:00,115080.61,115217.0,115051.63,115177.55,0,821114
2025-10-27 16:30:00,115177.55,115215.98,115094.17,115156.7,0,821115
2025-10-27 16:35:00,115156.7,115350.74,115145.18,115325.88,0,821116
2025-10-27 16:40:00,115325.89,115356.99,115260.76,115356.99,0,821117
2025-10-27 16:45:00,115356.99,115356.99,115234.01,115234.02,0,821118
2025-10-27 16:50:00,115234.01,115309.99,115184.85,115266.46,0,821119
2025-10-27 16:55:00,115266.45,115289.96,115251.24,115254.01,0,821120
2025-10-27 17:00:00,115254.01,115254.01,115120.9,115159.02,0,821121
2025-10-27 17:05:00,115159.01,115388.96,115159.01,115370.46,0,821122
2025-10-27 17:10:00,115370.46,115370.46,115299.44,115346.65,0,821123
2025-10-27 17:15:00,115346.66,115550.02,115346.65,115509.33,0,821124
2025-10-27 17:20:00,115509.32,115527.99,115393.33,115393.34,0,821125
2025-10-27 17:25:00,115393.34,115490.64,115393.33,115467.57,0,821126
2025-10-27 17:30:00,115467.57,115490.53,115405.7,115429.66,0,821127
2025-10-27 17:35:00,115429.66,115523.13,115429.66,115510.6,3,821128
2025-10-27 17:40:00,115510.61,115525.0,115400.0,115400.0,2,821129
2025-10-27 17:45:00,115400.0,115514.9,115381.82,115491.77,2,821130
2025-10-27 17:50:00,115491.76,115522.97,115406.8,115453.5,2,821131
2025-10-27 17:55:00,115453.51,115453.51,115393.33,115447.94,2,821132
2025-10-27 18:00:00,115447.93,115508.87,115442.05,115458.19,2,821133
2025-10-27 18:05:00,115458.2,115469.91,115393.34,115420.24,2,821134
2025-10-27 18:10:00,115420.24,115512.6,115420.23,115421.72,2,821135
2025-10-27 18:15:00,115421.72,115499.17,115303.39,115308.79,2,821136
2025-10-27 18:20:00,115308.8,115308.8,115128.04,115215.0,2,821137
2025-10-27 18:25:00,115215.0,115320.0,115214.99,115283.27,2,821138
2025-10-27 18:30:00,115283.27,115414.51,115283.26,115382.09,2,821139
2025-10-27 18:35:00,115382.1,115480.0,115382.09,115438.99,2,821140
2025-10-27 18:40:00,115438.98,115528.74,115430.96,115433.61,2,821141
2025-10-27 18:45:00,115433.6,115454.04,115393.33,115405.78,2,821142
2025-10-27 18:50:00,115405.78,115435.44,115322.45,115340.96,2,821143
2025-10-27 18:55:00,115340.96,115480.46,115340.96,115362.02,2,821144
2025-10-27 19:00:00,115362.02,115437.48,115302.29,115334.74,2,821145
2025-10-27 19:05:00,115334.73,115334.73,115199.97,115199.97,2,821146
2025-10-27 19:10:00,115199.97,115300.0,115199.97,115271.86,2,821147
2025-10-27 19:15:00,115271.85,115276.56,115185.83,115185.84,2,821148
2025-10-27 19:20:00,115185.84,115325.37,115178.0,115302.3,2,821149
2025-10-27 19:25:00,115302.29,115333.27,115222.38,115291.46,2,821150
2025-10-27 19:30:00,115291.46,115316.0,115154.06,115154.07,2,821151
2025-10-27 19:35:00,115154.07,115195.02,115096.02,115142.33,2,821152
2025-10-27 19:40:00,115142.34,115187.0,115000.0,115087.99,2,821153
2025-10-27 19:45:00,115088.0,115120.0,115041.55,115068.88,2,821154
2025-10-27 19:50:00,115068.87,115116.18,115045.0,115055.23,2,821155
2025-10-27 19:55:00,115055.22,115099.13,115055.22,115065.67,2,821156
2025-10-27 20:00:00,115065.96,115139.97,115011.5,115139.96,2,821157
2025-10-27 20:05:00,115139.97,115232.58,115139.96,115187.0,2,821158
2025-10-27 20:10:00,115186.99,115247.56,115120.1,115135.49,2,821159
2025-10-27 20:15:00,115135.5,115267.49,115123.03,115200.65,2,821160
2025-10-27 20:20:00,115200.65,115200.66,115126.35,115137.88,2,821161
2025-10-27 20:25:00,115137.88,115158.75,115102.63,115137.25,2,821162
2025-10-27 20:30:00,115137.26,115300.0,115000.0,115009.27,2,821163
2025-10-27 20:35:00,115009.28,115010.17,114725.98,114731.65,1,821164
2025-10-27 20:40:00,114731.65,114882.67,114566.83,114882.67,0,821165
2025-10-27 20:45:00,114882.66,115000.0,114814.0,114993.57,0,821166
2025-10-27 20:50:00,114993.56,115415.99,114975.43,115348.89,3,821167
2025-10-27 20:55:00,115348.9,115371.45,115186.99,115264.28,2,821168
2025-10-27 21:00:00,115264.29,115358.0,115000.0,115016.0,2,821169
2025-10-27 21:05:00,115016.0,115029.6,114686.6,114773.83,2,821170
2025-10-27 21:10:00,114773.84,114855.3,114648.66,114827.59,2,821171
2025-10-27 21:15:00,114827.59,114860.51,114532.96,114591.4,1,821172
2025-10-27 21:20:00,114591.4,114804.5,114503.99,114801.78,0,821173
2025-10-27 21:25:00,114801.78,115052.62,114801.78,114990.8,0,821174
2025-10-27 21:30:00,114990.81,114990.81,114772.84,114936.99,0,821175
2025-10-27 21:35:00,114937.0,114996.56,114861.03,114976.9,0,821176
2025-10-27 21:40:00,114976.9,115047.37,114826.15,114882.67,0,821177
2025-10-27 21:45:00,114882.66,114939.03,114795.0,114856.13,0,821178
2025-10-27 21:50:00,114856.13,114896.0,114703.68,114730.14,0,821179
2025-10-27 21:55:00,114730.14,114848.45,114714.67,114810.05,0,821180
2025-10-27 22:00:00,114810.06,114886.92,114778.0,114849.11,0,821181
2025-10-27 22:05:00,114849.1,115058.0,114804.42,114839.0,0,821182
2025-10-27 22:10:00,114839.0,115056.0,114838.99,115055.99,0,821183
2025-10-27 22:15:00,115055.99,115112.9,114913.29,115098.02,0,821184
2025-10-27 22:20:00,115098.02,115098.03,114948.5,115063.83,0,821185
2025-10-27 22:25:00,115063.83,115131.64,114921.0,115078.0,0,821186
2025-10-27 22:30:00,115078.01,115224.44,115045.88,115055.61,0,821187
2025-10-27 22:35:00,115055.61,115071.84,114921.96,115038.77,0,821188
2025-10-27 22:40:00,115038.76,115061.37,114950.0,114969.61,0,821189
2025-10-27 22:45:00,114969.61,115024.89,114936.0,115024.88,0,821190
2025-10-27 22:50:00,115024.88,115061.37,114930.01,114935.6,0,821191
2025-10-27 22:55:00,114935.6,115014.4,114888.99,114969.68,0,821192
2025-10-27 23:00:00,114969.68,115048.46,114872.12,115048.46,0,821193
2025-10-27 23:05:00,115048.45,115352.94,115041.55,115279.51,0,821194
2025-10-27 23:10:00,115279.5,115294.83,115220.18,115263.76,0,821195
2025-10-27 23:15:00,115263.77,115427.61,115263.76,115282.01,0,821196
2025-10-27 23:20:00,115282.0,115282.0,115165.09,115272.7,0,821197
2025-10-27 23:25:00,115272.7,115356.41,115177.54,115344.86,0,821198
2025-10-27 23:30:00,115344.85,115494.66,115283.25,115471.18,0,821199
2025-10-27 23:35:00,115471.18,115496.06,115428.99,115496.06,0,821200
2025-10-27 23:40:00,115496.06,115539.51,115432.61,115443.94,0,821201
2025-10-27 23:45:00,115443.94,115474.95,115344.17,115395.05,0,821202
2025-10-27 23:50:00,115395.06,115636.86,115395.05,115601.81,0,821203
2025-10-27 23:55:00,115601.81,115625.22,115458.1,115497.57,0,821204
2025-10-28 00:00:00,115497.57,115592.59,115459.79,115569.46,0,821205
2025-10-28 00:05:00,115569.46,115636.85,115542.0,115574.76,0,821206
2025-10-28 00:10:00,115574.76,115599.19,115532.28,115561.98,0,821207
2025-10-28 00:15:00,115561.97,115599.19,115481.17,115561.57,0,821208
2025-10-28 00:20:00,115561.56,115561.57,115316.19,115351.26,0,821209
2025-10-28 00:25:00,115351.26,115428.51,115328.98,115328.98,0,821210
2025-10-28 00:30:00,115328.98,115474.48,115311.19,115444.39,0,821211
2025-10-28 00:35:00,115444.39,115706.06,115444.39,115608.0,0,821212
2025-10-28 00:40:00,115608.0,115688.0,115608.0,115634.18,0,821213
2025-10-28 00:45:00,115634.18,115674.55,115536.4,115603.85,0,821214
2025-10-28 00:50:00,115603.85,115631.87,115520.22,115620.31,0,821215
2025-10-28 00:55:00,115620.31,115706.06,115620.3,115706.06,0,821216
2025-10-28 01:00:00,115706.06,115706.06,115555.45,115615.28,0,821217
2025-10-28 01:05:00,115615.28,115768.73,115615.28,115753.39,3,821218
2025-10-28 01:10:00,115753.4,115790.0,115718.69,115750.25,2,821219
2025-10-28 01:15:00,115750.24,115750.25,115593.29,115593.3,2,821220
2025-10-28 01:20:00,115593.3,115593.3,115512.99,115558.62,2,821221
2025-10-28 01:25:00,115558.62,115558.62,115346.35,115404.31,2,821222
2025-10-28 01:30:00,115404.31,115467.7,115325.0,115443.22,2,821223
2025-10-28 01:35:00,115443.22,115494.0,115443.22,115443.23,2,821224
2025-10-28 01:40:00,115443.24,115492.03,115364.42,115480.93,2,821225
2025-10-28 01:45:00,115480.92,115522.51,115393.33,115522.5,2,821226
2025-10-28 01:50:00,115522.5,115529.38,115414.29,115414.3,2,821227
2025-10-28 01:55:00,115414.3,115414.3,115331.64,115342.19,2,821228
2025-10-28 02:00:00,115342.18,115342.19,114932.34,115041.94,2,821229
2025-10-28 02:05:00,115041.94,115157.37,115035.55,115154.42,2,821230
2025-10-28 02:10:00,115154.42,115318.15,115154.0,115318.15,2,821231
2025-10-28 02:15:00,115318.14,115318.14,115040.73,115071.68,2,821232
2025-10-28 02:20:00,115071.68,115099.99,115041.54,115061.87,2,821233
2025-10-28 02:25:00,115061.88,115061.88,114933.92,115001.4,2,821234
2025-10-28 02:30:00,115001.41,115012.92,114791.27,114823.56,2,821235
2025-10-28 02:35:00,114823.55,114990.29,114790.81,114962.66,2,821236
2025-10-28 02:40:00,114962.66,114982.58,114900.01,114940.01,2,821237
2025-10-28 02:45:00,114940.01,115048.46,114940.0,114946.91,2,821238
2025-10-28 02:50:00,114946.91,114978.94,114832.52,114850.95,2,821239
2025-10-28 02:55:00,114850.95,114942.64,114813.61,114942.64,2,821240
2025-10-28 03:00:00,114942.64,114942.64,114724.0,114834.0,2,821241
2025-10-28 03:05:00,114834.0,114834.0,114754.73,114770.9,2,821242
2025-10-28 03:10:00,114770.9,114800.0,114724.0,114776.56,2,821243
2025-10-28 03:15:00,114776.57,114811.47,114752.04,114811.46,2,821244
2025-10-28 03:20:00,114811.46,114870.21,114718.0,114718.0,2,821245
2025-10-28 03:25:00,114718.01,114771.66,114713.0,114713.0,2,821246
2025-10-28 03:30:00,114713.01,114725.58,114694.41,114699.45,2,821247
2025-10-28 03:35:00,114699.46,114699.46,114607.18,114619.95,2,821248
2025-10-28 03:40:00,114619.94,114758.37,114619.94,114649.04,2,821249
2025-10-28 03:45:00,114649.03,114758.37,114621.09,114675.89,2,821250
2025-10-28 03:50:00,114675.88,114707.6,114616.15,114616.15,2,821251
2025-10-28 03:55:00,114616.15,114616.16,114408.0,114455.17,2,821252
2025-10-28 04:00:00,114455.17,114574.0,114410.32,114560.86,2,821253
2025-10-28 04:05:00,114560.86,114588.78,114512.16,114531.18,2,821254
2025-10-28 04:10:00,114531.19,114531.19,114392.0,114402.28,2,821255
2025-10-28 04:15:00,114402.28,114441.56,114394.66,114426.4,2,821256
2025-10-28 04:20:00,114426.41,114475.16,114142.44,114244.34,2,821257
2025-10-28 04:25:00,114244.33,114244.33,114135.61,114165.54,1,821258
2025-10-28 04:30:00,114165.54,114343.2,114150.88,114343.2,0,821259
2025-10-28 04:35:00,114343.2,114372.13,114278.81,114355.64,0,821260
2025-10-28 04:40:00,114355.64,114355.65,114300.24,114300.24,0,821261
2025-10-28 04:45:00,114300.24,114626.99,114300.24,114480.68,0,821262
2025-10-28 04:50:00,114480.69,114535.07,114455.37,114505.17,0,821263
2025-10-28 04:55:00,114505.16,114505.17,114302.69,114302.7,0,821264
2025-10-28 05:00:00,114302.69,114421.01,114135.44,114421.01,0,821265
2025-10-28 05:05:00,114421.0,114426.0,114331.92,114405.72,0,821266
2025-10-28 05:10:00,114405.71,114490.5,114364.49,114448.0,0,821267
2025-10-28 05:15:00,114448.0,114524.85,114384.48,114480.86,0,821268
2025-10-28 05:20:00,114480.87,114585.01,114475.42,114585.01,3,821269
2025-10-28 05:25:00,114585.01,114585.01,114414.11,114425.9,2,821270
2025-10-28 05:30:00,114425.9,114425.91,114237.14,114350.93,2,821271
2025-10-28 05:35:00,114350.92,114355.43,114266.5,114272.59,2,821272
2025-10-28 05:40:00,114272.58,114317.76,114198.0,114198.0,2,821273
2025-10-28 05:45:00,114198.01,114267.62,114120.63,114267.61,2,821274
2025-10-28 05:50:00,114267.6,114317.76,114156.05,114156.05,2,821275
2025-10-28 05:55:00,114156.06,114156.06,114059.4,114112.51,2,821276
2025-10-28 06:00:00,114112.5,114118.0,113955.39,114077.22,2,821277
2025-10-28 06:05:00,114077.21,114127.69,113954.36,114046.36,2,821278
2025-10-28 06:10:00,114046.35,114104.09,113994.29,114024.53,2,821279
2025-10-28 06:15:00,114024.54,114032.99,113830.01,114032.98,2,821280
2025-10-28 06:20:00,114032.99,114057.99,113859.63,113885.58,1,821281
2025-10-28 06:25:00,113885.59,114049.11,113863.7,114025.7,0,821282
2025-10-28 06:30:00,114025.7,114157.85,114017.63,114151.86,0,821283
2025-10-28 06:35:00,114151.85,114160.0,114083.12,114112.39,0,821284
2025-10-28 06:40:00,114112.39,114182.0,114101.68,114140.72,0,821285
2025-10-28 06:45:00,114140.72,114226.23,114127.43,114163.62,0,821286
2025-10-28 06:50:00,114163.62,114194.84,114090.01,114177.88,0,821287
2025-10-28 06:55:00,114177.88,114200.0,114107.64,114107.65,0,821288
2025-10-28 07:00:00,114107.65,114119.71,113956.08,113996.42,0,821289
2025-10-28 07:05:00,113996.42,114098.37,113911.54,114098.37,0,821290
2025-10-28 07:10:00,114098.37,114138.05,114033.93,114089.3,0,821291
2025-10-28 07:15:00,114089.29,114189.9,114066.2,114159.73,0,821292
2025-10-28 07:20:00,114159.73,114374.2,114140.02,114304.13,0,821293
2025-10-28 07:25:00,114304.13,114304.13,114240.01,114240.02,0,821294
2025-10-28 07:30:00,114240.01,114240.02,114025.92,114025.92,0,821295
2025-10-28 07:35:00,114025.92,114086.0,114018.78,114086.0,0,821296
2025-10-28 07:40:00,114085.99,114086.0,113926.29,113990.7,0,821297
2025-10-28 07:45:00,113989.7,113989.94,113788.32,113901.83,0,821298
2025-10-28 07:50:00,113901.83,113970.48,113851.21,113926.34,0,821299
2025-10-28 07:55:00,113926.33,114001.57,113914.69,113961.67,0,821300
2025-10-28 08:00:00,113961.67,114157.94,113961.67,114106.0,0,821301
2025-10-28 08:05:00,114106.01,114189.09,114054.64,114153.99,0,821302
2025-10-28 08:10:00,114153.98,114218.48,114151.13,114188.09,0,821303
2025-10-28 08:15:00,114188.09,114298.48,114175.58,114245.08,0,821304
2025-10-28 08:20:00,114245.08,114245.09,114197.23,114243.98,0,821305
2025-10-28 08:25:00,114243.97,114269.22,114167.06,114214.16,0,821306
2025-10-28 08:30:00,114214.17,114214.17,114104.9,114144.14,0,821307
2025-10-28 08:35:00,114144.14,114315.38,114144.14,114256.73,0,821308
2025-10-28 08:40:00,114256.74,114547.2,114256.73,114467.16,0,821309
2025-10-28 08:45:00,114467.15,114519.99,114406.7,114500.75,3,821310
2025-10-28 08:50:00,114500.74,114509.91,114403.52,114450.72,2,821311
2025-10-28 08:55:00,114450.73,114459.81,114403.74,114424.76,2,821312
2025-10-28 09:00:00,114424.76,114466.42,114403.38,114441.09,2,821313
2025-10-28 09:05:00,114441.09,114474.1,114369.44,114369.45,2,821314
2025-10-28 09:10:00,114369.45,114369.45,114119.42,114174.52,2,821315
2025-10-28 09:15:00,114174.53,114176.75,114123.53,114166.69,2,821316
2025-10-28 09:20:00,114166.69,114188.55,113908.0,113980.01,2,821317
2025-10-28 09:25:00,113980.01,114109.84,113905.26,114109.84,2,821318
2025-10-28 09:30:00,114109.84,114130.12,114006.0,114015.0,2,821319
2025-10-28 09:35:00,114015.01,114128.61,113969.89,114128.6,2,821320
2025-10-28 09:40:00,114128.61,114128.61,113918.69,113918.7,2,821321
2025-10-28 09:45:00,113918.69,113980.56,113650.0,113661.95,1,821322
2025-10-28 09:50:00,113661.96,113951.85,113569.91,113906.06,0,821323
2025-10-28 09:55:00,113906.05,113999.7,113873.99,113936.94,0,821324
2025-10-28 10:00:00,113936.93,114097.74,113880.0,114061.14,3,821325
2025-10-28 10:05:00,114061.15,114109.86,113998.01,113998.02,2,821326
2025-10-28 10:10:00,113998.02,114015.86,113717.0,113731.02,2,821327
2025-10-28 10:15:00,113732.45,113878.25,113732.45,113823.01,2,821328
2025-10-28 10:20:00,113823.01,113976.81,113820.52,113975.68,2,821329
2025-10-28 10:25:00,113975.67,113998.78,113876.14,113958.29,2,821330
2025-10-28 10:30:00,113958.3,113988.0,113841.31,113903.0,2,821331
2025-10-28 10:35:00,113903.0,113943.38,113831.76,113899.07,2,821332
2025-10-28 10:40:00,113899.08,113899.08,113771.75,113836.13,2,821333
2025-10-28 10:45:00,113836.14,113917.89,113772.63,113823.88,2,821334
2025-10-28 10:50:00,113823.88,113911.65,113780.65,113828.71,2,821335
2025-10-28 10:55:00,113828.71,113958.65,113805.67,113908.24,2,821336
2025-10-28 11:00:00,113908.25,113944.0,113833.72,113838.55,2,821337
2025-10-28 11:05:00,113838.56,113938.9,113761.71,113845.99,2,821338
2025-10-28 11:10:00,113845.99,113924.0,113834.77,113924.0,2,821339
2025-10-28 11:15:00,113923.99,113934.94,113855.56,113857.21,2,821340
2025-10-28 11:20:00,113857.21,113950.04,113834.24,113927.41,2,821341
2025-10-28 11:25:00,113927.42,113961.67,113856.99,113857.0,2,821342
2025-10-28 11:30:00,113857.0,113911.65,113804.98,113911.65,2,821343
2025-10-28 11:35:00,113911.64,113966.01,113814.03,113908.86,2,821344
2025-10-28 11:40:00,113908.87,113949.45,113875.77,113875.78,2,821345
2025-10-28 11:45:00,113875.78,114076.91,113875.77,114053.26,2,821346
2025-10-28 11:50:00,114053.26,114053.26,114000.0,114022.93,2,821347
2025-10-28 11:55:00,114022.93,114022.93,113961.86,113964.59,2,821348
2025-10-28 12:00:00,113964.6,113964.6,113906.65,113916.47,2,821349
2025-10-28 12:05:00,113916.48,113916.48,113854.0,113867.59,2,821350
2025-10-28 12:10:00,113867.59,113899.68,113824.03,113824.04,2,821351
2025-10-28 12:15:00,113824.04,113898.89,113800.0,113831.74,2,821352
2025-10-28 12:20:00,113831.74,113881.99,113831.74,113881.98,2,821353
2025-10-28 12:25:00,113881.99,113981.73,113872.64,113958.53,2,821354
2025-10-28 12:30:00,113958.53,113958.53,113836.96,113875.05,2,821355
2025-10-28 12:35:00,113875.06,113911.65,113850.0,113870.0,2,821356
2025-10-28 12:40:00,113870.0,113870.0,113708.63,113708.63,2,821357
2025-10-28 12:45:00,113708.63,113789.45,113600.0,113720.01,2,821358
2025-10-28 12:50:00,113720.0,113720.0,113569.91,113593.48,1,821359
2025-10-28 12:55:00,113593.47,113713.84,113483.3,113605.31,0,821360
2025-10-28 13:00:00,113605.32,113718.0,113605.32,113677.27,0,821361
2025-10-28 13:05:00,113677.28,113780.62,113677.27,113780.61,0,821362
2025-10-28 13:10:00,113780.61,113825.09,113761.48,113799.4,0,821363
2025-10-28 13:15:00,113799.4,113813.68,113741.72,113800.0,0,821364
2025-10-28 13:20:00,113800.01,113842.93,113783.18,113842.92,0,821365
2025-10-28 13:25:00,113842.93,113900.0,113825.56,113840.02,0,821366
2025-10-28 13:30:00,113840.01,113937.91,113789.99,113919.99,0,821367
2025-10-28 13:35:00,113919.99,114016.14,113879.92,114016.14,0,821368
2025-10-28 13:40:00,114016.13,114044.33,113997.15,114007.8,0,821369
2025-10-28 13:45:00,114007.79,114063.39,113998.03,114061.73,0,821370
2025-10-28 13:50:00,114061.74,114186.01,114061.73,114186.01,0,821371
2025-10-28 13:55:00,114186.01,114186.01,114026.42,114115.52,0,821372
2025-10-28 14:00:00,114115.52,114315.79,114091.51,114310.22,0,821373
2025-10-28 14:05:00,114310.22,114310.23,114189.12,114239.99,0,821374
2025-10-28 14:10:00,114240.0,114240.0,114102.42,114117.81,0,821375
2025-10-28 14:15:00,114117.82,114229.84,114099.74,114188.96,0,821376
2025-10-28 14:20:00,114188.97,114319.85,114188.97,114224.85,0,821377
2025-10-28 14:25:00,114224.85,114297.49,114170.99,114267.02,0,821378
2025-10-28 14:30:00,114267.01,114271.04,114126.4,114126.41,0,821379
2025-10-28 14:35:00,114126.41,114167.51,114112.3,114161.19,0,821380
2025-10-28 14:40:00,114161.19,114257.99,114146.42,114257.99,0,821381
2025-10-28 14:45:00,114257.99,114364.99,114240.35,114298.01,0,821382
2025-10-28 14:50:00,114298.01,114298.01,114177.38,114177.39,0,821383
2025-10-28 14:55:00,114177.39,114216.45,114177.38,114188.37,0,821384
2025-10-28 15:00:00,114188.38,114234.98,114182.9,114186.06,0,821385
2025-10-28 15:05:00,114186.06,114236.45,114176.24,114222.7,0,821386
2025-10-28 15:10:00,114222.71,114222.71,114113.3,114118.96,0,821387
2025-10-28 15:15:00,114118.96,114213.44,114118.95,114213.44,0,821388
2025-10-28 15:20:00,114213.43,114340.62,114213.43,114340.61,0,821389
2025-10-28 15:25:00,114340.61,114436.25,114330.0,114371.73,0,821390
2025-10-28 15:30:00,114371.74,114461.75,114348.56,114429.22,0,821391
2025-10-28 15:35:00,114429.22,114448.39,114398.22,114428.39,0,821392
2025-10-28 15:40:00,114428.39,114480.19,114410.0,114421.63,0,821393
2025-10-28 15:45:00,114421.63,114478.81,114411.09,114458.38,0,821394
2025-10-28 15:50:00,114458.37,114458.44,114421.37,114422.02,0,821395
2025-10-28 15:55:00,114422.02,114438.67,114370.03,114427.23,0,821396
2025-10-28 16:00:00,114427.23,114634.46,114427.23,114560.01,0,821397
2025-10-28 16:05:00,114560.01,114560.01,114380.0,114380.01,0,821398
2025-10-28 16:10:00,114380.01,114414.28,114325.0,114374.35,0,821399
2025-10-28 16:15:00,114374.35,114409.63,114336.66,114409.62,0,821400
2025-10-28 16:20:00,114409.62,114423.77,114329.58,114329.59,0,821401
2025-10-28 16:25:00,114329.59,114329.59,114205.28,114234.92,0,821402
2025-10-28 16:30:00,114234.91,114318.83,114234.91,114312.47,0,821403
2025-10-28 16:35:00,114312.47,114350.0,114299.15,114349.99,0,821404
2025-10-28 16:40:00,114350.0,114526.36,114350.0,114478.01,0,821405
2025-10-28 16:45:00,114478.0,114507.22,114439.61,114439.61,0,821406
2025-10-28 16:50:00,114439.62,114547.68,114439.61,114547.68,0,821407
2025-10-28 16:55:00,114547.68,114558.12,114528.6,114528.6,0,821408
2025-10-28 17:00:00,114528.61,114542.02,114466.12,114466.13,0,821409
2025-10-28 17:05:00,114466.13,114473.33,114453.88,114473.32,0,821410
2025-10-28 17:10:00,114473.33,114494.53,114444.78,114494.52,0,821411
2025-10-28 17:15:00,114494.51,114518.51,114455.55,114491.58,0,821412
2025-10-28 17:20:00,114491.58,114542.09,114479.5,114542.08,0,821413
2025-10-28 17:25:00,114542.08,114545.5,114521.35,114545.49,0,821414
2025-10-28 17:30:00,114545.5,114545.5,114478.17,114478.18,0,821415
2025-10-28 17:35:00,114478.17,114499.03,114429.78,114454.19,0,821416
2025-10-28 17:40:00,114454.2,114533.24,114435.28,114533.24,0,821417
2025-10-28 17:45:00,114533.24,114574.08,114514.63,114556.7,0,821418
2025-10-28 17:50:00,114556.69,114588.59,114552.56,114588.58,0,821419
2025-10-28 17:55:00,114588.59,114608.78,114578.0,114595.71,0,821420
2025-10-28 18:00:00,114595.7,114609.21,114505.54,114505.54,0,821421
2025-10-28 18:05:00,114505.55,114533.78,114473.32,114501.96,0,821422
2025-10-28 18:10:00,114501.96,114538.88,114470.96,114523.12,0,821423
2025-10-28 18:15:00,114523.11,114581.26,114517.69,114581.26,0,821424
2025-10-28 18:20:00,114581.26,114599.95,114522.54,114531.51,0,821425
2025-10-28 18:25:00,114531.51,114553.68,114486.42,114553.67,0,821426
2025-10-28 18:30:00,114553.68,114590.0,114544.87,114572.27,0,821427
2025-10-28 18:35:00,114572.27,114673.68,114572.27,114618.7,0,821428
2025-10-28 18:40:00,114618.69,114618.7,114460.0,114507.58,0,821429
2025-10-28 18:45:00,114507.59,114507.59,114413.74,114414.95,0,821430
2025-10-28 18:50:00,114414.95,114470.21,114313.48,114315.49,0,821431
2025-10-28 18:55:00,114315.49,114394.14,114297.06,114357.73,0,821432
2025-10-28 19:00:00,114357.72,114394.45,114284.58,114318.01,0,821433
2025-10-28 19:05:00,114318.0,114336.26,114266.66,114266.66,0,821434
2025-10-28 19:10:00,114266.67,114331.52,114266.66,114320.81,0,821435
2025-10-28 19:15:00,114320.82,114320.82,114219.48,114219.48,0,821436
2025-10-28 19:20:00,114219.49,114234.92,114149.97,114162.56,0,821437
2025-10-28 19:25:00,114162.56,114191.16,114138.06,114190.46,0,821438
2025-10-28 19:30:00,114190.47,114277.14,114179.1,114179.11,0,821439
2025-10-28 19:35:00,114179.1,114326.42,114179.1,114326.42,0,821440
2025-10-28 19:40:00,114326.42,114381.03,114326.42,114375.68,0,821441
2025-10-28 19:45:00,114375.69,114517.29,114368.75,114491.41,0,821442
2025-10-28 19:50:00,114491.42,114491.42,114407.66,114455.9,0,821443
2025-10-28 19:55:00,114455.89,114494.48,114449.54,114449.55,0,821444
2025-10-28 20:00:00,114449.55,114613.32,114449.55,114602.58,0,821445
2025-10-28 20:05:00,114602.58,114825.59,114600.0,114816.12,0,821446
2025-10-28 20:10:00,114816.12,114857.14,114705.69,114759.98,0,821447
2025-10-28 20:15:00,114759.97,114999.0,114759.97,114900.01,0,821448
2025-10-28 20:20:00,114900.0,115143.88,114900.0,115143.88,0,821449
2025-10-28 20:25:00,115143.88,115166.0,115000.93,115070.49,0,821450
2025-10-28 20:30:00,115070.49,115228.48,114960.3,115049.96,0,821451
2025-10-28 20:35:00,115049.96,115139.0,114870.95,115077.44,0,821452
2025-10-28 20:40:00,115077.44,115139.0,114981.41,115139.0,0,821453
2025-10-28 20:45:00,115138.99,115455.03,115115.31,115384.25,0,821454
2025-10-28 20:50:00,115384.25,115472.85,115324.32,115324.33,0,821455
2025-10-28 20:55:00,115324.33,115522.91,115306.65,115522.9,0,821456
2025-10-28 21:00:00,115522.91,115567.25,115427.26,115539.69,0,821457
2025-10-28 21:05:00,115539.7,115561.0,115333.87,115435.63,0,821458
2025-10-28 21:10:00,115435.63,115822.71,115380.83,115783.5,0,821459
2025-10-28 21:15:00,115783.5,116000.0,115718.86,115999.99,3,821460
2025-10-28 21:20:00,115999.99,116086.0,115788.24,115868.23,2,821461
2025-10-28 21:25:00,115868.23,115950.0,115694.8,115923.99,2,821462
2025-10-28 21:30:00,115924.0,115962.61,115506.0,115567.96,2,821463
2025-10-28 21:35:00,115567.97,115670.3,115350.01,115396.51,2,821464
2025-10-28 21:40:00,115396.5,115396.5,114566.67,114773.43,1,821465
2025-10-28 21:45:00,114773.42,114895.86,114223.63,114801.22,0,821466
2025-10-28 21:50:00,114801.22,115071.75,114791.37,115004.01,0,821467
2025-10-28 21:55:00,115004.01,115260.0,115004.0,115068.17,0,821468
2025-10-28 22:00:00,115068.18,115294.38,115068.18,115234.14,0,821469
2025-10-28 22:05:00,115234.14,115339.32,115181.96,115320.98,0,821470
2025-10-28 22:10:00,115320.98,115425.84,115208.01,115335.17,3,821471
2025-10-28 22:15:00,115335.17,115335.17,115120.76,115194.36,2,821472
2025-10-28 22:20:00,115194.36,115244.66,115060.25,115061.23,2,821473
2025-10-28 22:25:00,115061.23,115224.83,115025.42,115028.74,2,821474
2025-10-28 22:30:00,115028.74,115073.09,114839.1,114956.97,2,821475
2025-10-28 22:35:00,114956.97,115006.64,114801.01,114948.11,2,821476
2025-10-28 22:40:00,114948.11,114948.25,114516.0,114543.75,1,821477
2025-10-28 22:45:00,114543.75,114769.23,114543.74,114747.37,0,821478
2025-10-28 22:50:00,114747.37,114915.25,114708.01,114722.2,0,821479
2025-10-28 22:55:00,114722.2,114754.89,114593.54,114641.38,0,821480
2025-10-28 23:00:00,114641.38,114677.76,114530.0,114677.76,0,821481
2025-10-28 23:05:00,114677.76,114750.16,114608.21,114746.59,0,821482
2025-10-28 23:10:00,114746.58,114899.99,114696.68,114862.92,0,821483
2025-10-28 23:15:00,114862.92,114893.89,114661.42,114793.0,0,821484
2025-10-28 23:20:00,114793.42,114800.16,114701.92,114787.25,0,821485
2025-10-28 23:25:00,114787.26,115150.6,114787.25,115076.48,0,821486
2025-10-28 23:30:00,115076.49,115364.19,115066.97,115095.44,0,821487
2025-10-28 23:35:00,115095.44,115269.78,115085.66,115101.51,0,821488
2025-10-28 23:40:00,115101.5,115101.51,114944.77,115086.9,0,821489
2025-10-28 23:45:00,115086.9,115339.99,115086.9,115298.0,0,821490
2025-10-28 23:50:00,115298.0,115500.0,115258.6,115434.11,0,821491
2025-10-28 23:55:00,115434.1,115434.11,115332.78,115341.59,0,821492
2025-10-29 00:00:00,115341.59,115478.59,115268.88,115276.06,0,821493
2025-10-29 00:05:00,115276.05,115439.97,115276.05,115393.02,0,821494
2025-10-29 00:10:00,115393.01,115564.72,115372.01,115486.64,0,821495
2025-10-29 00:15:00,115486.64,115591.41,115406.06,115469.51,0,821496
2025-10-29 00:20:00,115469.5,115581.76,115458.36,115563.33,3,821497
2025-10-29 00:25:00,115563.33,115570.42,115458.36,115465.56,2,821498
2025-10-29 00:30:00,115465.57,115488.67,115229.45,115424.54,2,821499
2025-10-29 00:35:00,115424.55,115577.48,115414.34,115512.36,2,821500
2025-10-29 00:40:00,115512.36,115572.52,115507.05,115523.12,2,821501
2025-10-29 00:45:00,115523.12,115533.47,115436.55,115507.67,2,821502
2025-10-29 00:50:00,115507.67,115507.67,115414.34,115423.72,2,821503
2025-10-29 00:55:00,115423.72,115423.72,115283.53,115290.0,2,821504
2025-10-29 01:00:00,115289.99,115295.07,115126.3,115180.86,2,821505
2025-10-29 01:05:00,115180.86,115361.61,115180.85,115289.54,2,821506
2025-10-29 01:10:00,115289.53,115324.97,115245.77,115316.09,2,821507
2025-10-29 01:15:00,115316.09,115366.45,115185.54,115196.82,2,821508
2025-10-29 01:20:00,115196.83,115280.1,115094.32,115099.99,2,821509
2025-10-29 01:25:00,115099.99,115128.0,114844.37,114901.03,2,821510
2025-10-29 01:30:00,114901.04,115006.48,114870.53,114919.49,2,821511
2025-10-29 01:35:00,114919.5,114919.5,114642.94,114723.98,2,821512
2025-10-29 01:40:00,114723.98,114789.97,114712.82,114750.01,2,821513
2025-10-29 01:45:00,114750.01,114826.09,114653.0,114826.08,2,821514
2025-10-29 01:50:00,114826.08,114917.36,114826.08,114869.76,2,821515
2025-10-29 01:55:00,114869.75,115022.8,114862.86,115022.8,2,821516
2025-10-29 02:00:00,115022.8,115075.08,114885.51,114907.89,2,821517
2025-10-29 02:05:00,114907.88,115019.49,114907.88,115019.48,2,821518
2025-10-29 02:10:00,115019.48,115019.49,114823.52,114823.52,2,821519
2025-10-29 02:15:00,114823.52,114823.52,114087.41,114104.52,2,821520
2025-10-29 02:20:00,114104.52,114120.0,113790.93,113924.91,2,821521
2025-10-29 02:25:00,113924.91,114029.18,113717.0,113717.01,2,821522
2025-10-29 02:30:00,113717.0,113955.38,113589.46,113945.66,2,821523
2025-10-29 02:35:00,113945.65,114141.51,113936.25,114026.66,2,821524
2025-10-29 02:40:00,114026.66,114037.21,113863.25,114006.54,2,821525
2025-10-29 02:45:00,114006.54,114032.85,113661.13,113661.13,2,821526
2025-10-29 02:50:00,113661.01,113835.74,113566.44,113787.08,2,821527
2025-10-29 02:55:00,113787.08,113811.56,113590.0,113689.99,2,821528
2025-10-29 03:00:00,113689.0,113703.32,113087.88,113249.86,2,821529
2025-10-29 03:05:00,113249.85,113404.53,112950.0,113165.45,2,821530
2025-10-29 03:10:00,113165.46,113228.99,112755.0,112922.71,2,821531
2025-10-29 03:15:00,112922.7,112948.43,112450.0,112607.72,2,821532
2025-10-29 03:20:00,112607.72,112746.46,112450.0,112679.57,2,821533
2025-10-29 03:25:00,112679.57,112739.16,112443.46,112538.83,1,821534
2025-10-29 03:30:00,112538.84,112632.61,112324.82,112620.0,0,821535
2025-10-29 03:35:00,112619.99,113057.65,112432.8,113014.13,3,821536
2025-10-29 03:40:00,113014.12,113057.65,112745.0,112745.0,2,821537
2025-10-29 03:45:00,112745.0,112828.01,112622.61,112772.31,2,821538
2025-10-29 03:50:00,112772.32,112895.55,112635.0,112895.55,2,821539
2025-10-29 03:55:00,112895.55,112921.14,112806.14,112808.05,2,821540
2025-10-29 04:00:00,112808.05,112808.05,112571.44,112730.46,2,821541
2025-10-29 04:05:00,112730.46,112793.91,112211.0,112437.04,1,821542
2025-10-29 04:10:00,112437.03,112692.3,112337.14,112692.28,0,821543
2025-10-29 04:15:00,112692.28,112777.8,112579.98,112638.01,0,821544
2025-10-29 04:20:00,112638.0,112650.69,112587.39,112624.94,0,821545
2025-10-29 04:25:00,112624.94,112734.81,112581.54,112734.8,0,821546
2025-10-29 04:30:00,112734.8,113000.24,112654.99,112995.15,0,821547
2025-10-29 04:35:00,112995.15,113001.88,112774.74,112938.62,0,821548
2025-10-29 04:40:00,112938.62,113126.45,112938.62,113126.45,0,821549
2025-10-29 04:45:00,113126.45,113225.53,113052.25,113164.19,0,821550
2025-10-29 04:50:00,113164.18,113164.19,113052.26,113070.66,0,821551
2025-10-29 04:55:00,113070.65,113178.59,112978.88,112994.4,0,821552
2025-10-29 05:00:00,112994.41,113158.41,112931.19,113075.17,0,821553
2025-10-29 05:05:00,113075.17,113075.17,112839.71,112888.88,0,821554
2025-10-29 05:10:00,112888.88,112971.22,112850.45,112850.45,0,821555
2025-10-29 05:15:00,112850.46,113059.43,112838.81,113058.37,0,821556
2025-10-29 05:20:00,113058.37,113058.37,112981.01,113037.59,0,821557
2025-10-29 05:25:00,113037.59,113142.51,113020.5,113142.51,0,821558
2025-10-29 05:30:00,113142.51,113227.8,113128.74,113198.47,0,821559
2025-10-29 05:35:00,113198.47,113198.47,113128.99,113142.85,0,821560
2025-10-29 05:40:00,113142.85,113289.02,113121.86,113248.17,0,821561
2025-10-29 05:45:00,113248.17,113270.87,113191.11,113259.14,3,821562
2025-10-29 05:50:00,113259.14,113259.14,113177.25,113206.87,2,821563
2025-10-29 05:55:00,113206.87,113247.78,113184.21,113224.08,2,821564
2025-10-29 06:00:00,113224.08,113224.08,113023.09,113027.21,2,821565
2025-10-29 06:05:00,113027.2,113048.0,112979.19,113048.0,2,821566
2025-10-29 06:10:00,113047.99,113092.3,113015.92,113028.51,2,821567
2025-10-29 06:15:00,113028.51,113149.02,112930.35,112930.35,2,821568
2025-10-29 06:20:00,112930.36,112930.36,112779.57,112906.94,2,821569
2025-10-29 06:25:00,112906.94,112943.47,112829.03,112897.82,2,821570
2025-10-29 06:30:00,112897.81,112969.75,112872.48,112969.75,2,821571
2025-10-29 06:35:00,112969.75,113092.26,112969.75,113021.02,2,821572
2025-10-29 06:40:00,113021.03,113068.96,112934.52,112960.87,2,821573
2025-10-29 06:45:00,112960.87,113054.85,112952.59,113041.32,2,821574
2025-10-29 06:50:00,113041.32,113041.33,112955.0,112958.79,2,821575
2025-10-29 06:55:00,112958.78,112958.78,112883.72,112898.45,2,821576
2025-10-29 07:00:00,112898.44,112898.45,112750.0,112870.45,2,821577
2025-10-29 07:05:00,112870.44,112870.45,112700.02,112727.75,2,821578
2025-10-29 07:10:00,112727.75,112807.89,112686.0,112740.19,2,821579
2025-10-29 07:15:00,112740.2,112816.99,112717.31,112717.32,2,821580
2025-10-29 07:20:00,112717.32,112752.67,112668.04,112726.96,2,821581
2025-10-29 07:25:00,112726.95,112726.95,112636.73,112696.08,2,821582
2025-10-29 07:30:00,112696.08,112765.05,112636.36,112636.37,2,821583
2025-10-29 07:35:00,112636.36,112691.08,112619.99,112652.08,2,821584
2025-10-29 07:40:00,112652.09,112673.43,112614.99,112614.99,2,821585
2025-10-29 07:45:00,112615.0,112635.6,112461.53,112587.25,2,821586
2025-10-29 07:50:00,112587.25,112638.99,112551.05,112633.82,2,821587
2025-10-29 07:55:00,112633.82,112633.82,112442.87,112442.88,2,821588
2025-10-29 08:00:00,112442.87,112584.79,112410.74,112495.74,2,821589
2025-10-29 08:05:00,112495.73,112495.73,112261.51,112313.37,2,821590
2025-10-29 08:10:00,112313.37,112421.67,112296.4,112317.71,2,821591
2025-10-29 08:15:00,112317.72,112373.06,112254.2,112292.53,2,821592
2025-10-29 08:20:00,112292.53,112332.65,112153.0,112179.32,1,821593
2025-10-29 08:25:00,112179.32,112250.0,112100.0,112216.6,0,821594
2025-10-29 08:30:00,112216.59,112560.43,112216.59,112558.64,0,821595
2025-10-29 08:35:00,112558.64,112628.99,112502.49,112628.99,0,821596
2025-10-29 08:40:00,112628.99,112975.75,112628.99,112689.65,0,821597
2025-10-29 08:45:00,112689.65,112702.47,112440.12,112440.12,0,821598
2025-10-29 08:50:00,112440.12,112448.07,112263.09,112447.93,0,821599
2025-10-29 08:55:00,112447.93,112571.19,112422.45,112500.03,0,821600
2025-10-29 09:00:00,112500.03,112555.48,112445.4,112517.82,0,821601
2025-10-29 09:05:00,112517.82,112519.97,112435.02,112473.43,0,821602
2025-10-29 09:10:00,112473.43,112532.65,112436.65,112500.0,0,821603
2025-10-29 09:15:00,112500.0,112514.83,112414.47,112470.3,0,821604
2025-10-29 09:20:00,112470.3,112610.0,112457.49,112610.0,0,821605
2025-10-29 09:25:00,112609.99,112780.0,112580.5,112688.0,0,821606
2025-10-29 09:30:00,112688.01,112688.01,112540.81,112547.57,0,821607
2025-10-29 09:35:00,112547.57,112621.5,112547.57,112606.94,0,821608
2025-10-29 09:40:00,112606.95,112609.1,112565.64,112575.59,0,821609
2025-10-29 09:45:00,112575.59,112688.61,112541.2,112656.97,0,821610
2025-10-29 09:50:00,112656.96,112733.11,112647.39,112728.58,0,821611
2025-10-29 09:55:00,112728.57,112728.58,112606.7,112666.75,0,821612
2025-10-29 10:00:00,112666.75,112666.75,112423.78,112423.78,0,821613
2025-10-29 10:05:00,112423.79,112479.86,112339.77,112476.03,0,821614
2025-10-29 10:10:00,112476.03,112598.72,112451.33,112458.33,0,821615
2025-10-29 10:15:00,112458.33,112564.31,112410.95,112549.76,0,821616
2025-10-29 10:20:00,112549.75,112564.31,112477.96,112503.22,0,821617
2025-10-29 10:25:00,112503.23,112506.24,112375.95,112486.02,0,821618
2025-10-29 10:30:00,112486.02,112584.77,112486.02,112549.75,0,821619
2025-10-29 10:35:00,112549.75,112596.51,112500.01,112506.22,0,821620
2025-10-29 10:40:00,112506.23,112600.0,112506.22,112543.46,0,821621
2025-10-29 10:45:00,112543.46,112573.3,112529.09,112556.33,0,821622
2025-10-29 10:50:00,112556.33,112580.0,112513.34,112513.35,0,821623
2025-10-29 10:55:00,112513.34,112537.31,112500.0,112523.49,0,821624
2025-10-29 11:00:00,112523.49,112630.0,112505.58,112609.67,0,821625
2025-10-29 11:05:00,112609.67,112609.67,112537.75,112585.84,0,821626
2025-10-29 11:10:00,112585.84,112660.0,112585.84,112659.99,0,821627
2025-10-29 11:15:00,112660.0,112776.27,112659.99,112736.84,0,821628
2025-10-29 11:20:00,112736.84,112749.73,112670.28,112671.78,0,821629
2025-10-29 11:25:00,112671.78,112711.98,112667.18,112711.97,0,821630
2025-10-29 11:30:00,112711.98,112878.65,112687.31,112858.13,0,821631
2025-10-29 11:35:00,112858.14,112858.14,112727.61,112735.94,0,821632
2025-10-29 11:40:00,112735.94,112766.47,112696.76,112735.29,0,821633
2025-10-29 11:45:00,112735.29,112824.54,112735.28,112804.62,0,821634
2025-10-29 11:50:00,112804.62,112804.62,112781.36,112804.62,0,821635
2025-10-29 11:55:00,112804.62,112862.3,112804.61,112810.55,0,821636
2025-10-29 12:00:00,112810.56,112969.98,112807.34,112928.95,0,821637
2025-10-29 12:05:00,112928.95,112952.01,112862.6,112862.6,0,821638
2025-10-29 12:10:00,112862.6,112906.07,112827.58,112888.22,0,821639
2025-10-29 12:15:00,112888.22,113051.05,112888.22,113050.74,0,821640
2025-10-29 12:20:00,113050.74,113087.44,112966.54,113023.68,0,821641
2025-10-29 12:25:00,113023.68,113023.68,112972.0,112972.01,0,821642
2025-10-29 12:30:00,112972.0,113176.47,112931.97,113158.18,0,821643
2025-10-29 12:35:00,113158.17,113256.74,113114.54,113254.11,0,821644
2025-10-29 12:40:00,113254.11,113379.0,113200.19,113200.19,0,821645
2025-10-29 12:45:00,113200.19,113203.31,113045.19,113080.06,0,821646
2025-10-29 12:50:00,113080.06,113107.6,113066.25,113069.72,0,821647
2025-10-29 12:55:00,113069.73,113092.5,113027.15,113039.1,0,821648
2025-10-29 13:00:00,113039.09,113060.0,112979.09,113039.03,0,821649
2025-10-29 13:05:00,113039.02,113250.0,113039.02,113175.13,0,821650
2025-10-29 13:10:00,113175.13,113175.13,113056.5,113091.0,0,821651
2025-10-29 13:15:00,113091.0,113105.86,113003.06,113057.69,0,821652
2025-10-29 13:20:00,113057.68,113068.97,113015.72,113050.61,0,821653
2025-10-29 13:25:00,113050.62,113055.63,113006.0,113055.58,0,821654
2025-10-29 13:30:00,113055.59,113128.65,112976.93,113009.86,0,821655
2025-10-29 13:35:00,113009.87,113056.91,112999.88,113032.39,0,821656
2025-10-29 13:40:00,113032.39,113068.56,113003.93,113049.09,0,821657
2025-10-29 13:45:00,113049.1,113236.58,113049.09,113148.0,0,821658
2025-10-29 13:50:00,113148.0,113344.03,113121.3,113339.3,0,821659
2025-10-29 13:55:00,113339.31,113348.78,113269.15,113284.2,0,821660
2025-10-29 14:00:00,113284.21,113295.01,113240.01,113276.63,0,821661
2025-10-29 14:05:00,113276.62,113319.64,113243.69,113294.79,0,821662
2025-10-29 14:10:00,113294.79,113300.23,113248.01,113265.19,0,821663
2025-10-29 14:15:00,113265.19,113314.16,113253.22,113314.15,0,821664
2025-10-29 14:20:00,113314.15,113476.0,113314.15,113423.82,0,821665
2025-10-29 14:25:00,113423.82,113474.67,113412.39,113444.2,0,821666
2025-10-29 14:30:00,113444.21,113450.27,113369.02,113393.78,0,821667
2025-10-29 14:35:00,113393.79,113393.79,113321.52,113359.09,0,821668
2025-10-29 14:40:00,113359.1,113359.1,113243.7,113293.2,0,821669
2025-10-29 14:45:00,113293.2,113387.73,113260.76,113363.39,0,821670
2025-10-29 14:50:00,113363.4,113571.42,113339.0,113542.17,0,821671
2025-10-29 14:55:00,113542.17,113577.9,113508.02,113577.9,0,821672
2025-10-29 15:00:00,113577.9,113624.12,113500.01,113580.95,3,821673
2025-10-29 15:05:00,113580.95,113580.96,113414.83,113417.57,2,821674
2025-10-29 15:10:00,113417.57,113429.52,113332.85,113332.85,2,821675
2025-10-29 15:15:00,113332.86,113398.2,113332.45,113398.2,2,821676
2025-10-29 15:20:00,113398.21,113450.0,113300.0,113348.54,2,821677
2025-10-29 15:25:00,113348.54,113357.09,113283.81,113311.24,2,821678
2025-10-29 15:30:00,113311.24,113325.06,113169.49,113225.27,2,821679
2025-10-29 15:35:00,113225.28,113228.03,113008.85,113057.51,2,821680
2025-10-29 15:40:00,113057.61,113134.46,113013.85,113119.24,2,821681
2025-10-29 15:45:00,113119.25,113183.89,113058.05,113058.05,2,821682
2025-10-29 15:50:00,113058.05,113161.13,113013.82,113013.83,2,821683
2025-10-29 15:55:00,113013.82,113079.7,112956.0,113070.94,2,821684
2025-10-29 16:00:00,113070.94,113086.79,113045.89,113085.76,2,821685
2025-10-29 16:05:00,113085.76,113105.08,113044.0,113063.5,2,821686
2025-10-29 16:10:00,113063.49,113063.5,112880.0,112880.01,2,821687
2025-10-29 16:15:00,112880.0,113048.89,112880.0,113048.89,2,821688
2025-10-29 16:20:00,113048.88,113079.77,112912.77,112989.56,2,821689
2025-10-29 16:25:00,112989.56,113023.91,112926.97,112943.67,2,821690
2025-10-29 16:30:00,112943.68,112943.68,112768.63,112897.98,2,821691
2025-10-29 16:35:00,112897.98,112958.52,112850.31,112851.25,1,821692
2025-10-29 16:40:00,112851.25,112946.5,112847.13,112937.79,0,821693
2025-10-29 16:45:00,112937.8,112937.8,112865.67,112895.51,0,821694
2025-10-29 16:50:00,112895.51,113060.52,112895.51,112971.64,0,821695
2025-10-29 16:55:00,112971.65,113036.59,112964.39,112974.44,0,821696
2025-10-29 17:00:00,112974.44,113083.48,112943.17,113073.75,0,821697
2025-10-29 17:05:00,113073.75,113073.76,113022.05,113022.05,0,821698
2025-10-29 17:10:00,113022.05,113022.06,112888.85,112894.85,0,821699
2025-10-29 17:15:00,112894.85,113014.47,112870.76,113014.47,0,821700
2025-10-29 17:20:00,113014.47,113108.77,113005.57,113081.48,0,821701
2025-10-29 17:25:00,113081.49,113081.57,113010.97,113038.65,0,821702
2025-10-29 17:30:00,113038.65,113079.72,112997.64,113079.71,0,821703
2025-10-29 17:35:00,113079.72,113166.69,113062.25,113137.96,0,821704
2025-10-29 17:40:00,113137.96,113186.58,113028.62,113028.63,0,821705
2025-10-29 17:45:00,113028.63,113099.99,112994.79,112994.79,0,821706
2025-10-29 17:50:00,112994.79,112994.79,112732.91,112894.96,0,821707
2025-10-29 17:55:00,112894.97,112915.04,112853.23,112870.01,0,821708
2025-10-29 18:00:00,112870.0,112876.88,112741.26,112872.45,0,821709
2025-10-29 18:05:00,112872.44,113010.0,112835.25,113000.03,0,821710
2025-10-29 18:10:00,113000.03,113088.0,112960.06,113031.3,0,821711
2025-10-29 18:15:00,113031.31,113125.45,112993.36,113125.45,0,821712
2025-10-29 18:20:00,113125.45,113170.0,113083.43,113149.99,0,821713
2025-10-29 18:25:00,113149.99,113150.0,113028.45,113129.97,0,821714
2025-10-29 18:30:00,113129.97,113240.72,113100.03,113238.45,0,821715
2025-10-29 18:35:00,113238.45,113238.46,113106.67,113154.76,0,821716
2025-10-29 18:40:00,113154.75,113173.56,113023.86,113023.86,0,821717
2025-10-29 18:45:00,113023.86,113121.17,113023.86,113090.0,0,821718
2025-10-29 18:50:00,113090.0,113146.63,113089.99,113120.65,0,821719
2025-10-29 18:55:00,113120.66,113180.99,113107.75,113132.36,0,821720
2025-10-29 19:00:00,113132.35,113240.71,113132.35,113194.38,0,821721
2025-10-29 19:05:00,113194.38,113240.31,113188.89,113233.98,0,821722
2025-10-29 19:10:00,113233.99,113325.13,113191.15,113256.97,0,821723
2025-10-29 19:15:00,113256.97,113290.59,113220.14,113244.43,0,821724
2025-10-29 19:20:00,113244.43,113244.43,113125.34,113125.34,0,821725
2025-10-29 19:25:00,113125.35,113143.47,113074.0,113074.01,0,821726
2025-10-29 19:30:00,113074.01,113116.89,113050.01,113115.98,0,821727
2025-10-29 19:35:00,113115.97,113115.98,113062.55,113092.81,0,821728
2025-10-29 19:40:00,113092.8,113182.57,113083.6,113154.54,0,821729
2025-10-29 19:45:00,113154.54,113163.85,113084.33,113102.36,0,821730
2025-10-29 19:50:00,113102.36,113275.68,113102.35,113217.96,0,821731
2025-10-29 19:55:00,113217.96,113217.96,113109.99,113139.13,0,821732
2025-10-29 20:00:00,113139.13,113196.42,113097.24,113196.41,0,821733
2025-10-29 20:05:00,113196.42,113327.45,113196.42,113327.45,0,821734
2025-10-29 20:10:00,113327.45,113398.51,113327.44,113357.04,0,821735
2025-10-29 20:15:00,113357.04,113530.39,113336.81,113430.03,0,821736
2025-10-29 20:20:00,113430.04,113491.52,113430.03,113478.57,0,821737
2025-10-29 20:25:00,113478.57,113643.73,113478.57,113543.16,3,821738
2025-10-29 20:30:00,113543.17,113602.35,113229.9,113274.65,2,821739
2025-10-29 20:35:00,113274.65,113304.78,112985.0,112997.17,2,821740
2025-10-29 20:40:00,112997.17,113114.4,112926.0,113017.11,2,821741
2025-10-29 20:45:00,113017.11,113059.04,112739.69,112791.88,2,821742
2025-10-29 20:50:00,112791.88,112984.0,112705.0,112928.24,2,821743
2025-10-29 20:55:00,112928.24,113020.0,112808.21,112873.07,2,821744
2025-10-29 21:00:00,112873.08,112916.0,112530.3,112624.25,2,821745
2025-10-29 21:05:00,112624.25,112762.83,112547.49,112747.18,2,821746
2025-10-29 21:10:00,112747.17,112769.82,112484.95,112703.23,2,821747
2025-10-29 21:15:00,112703.23,112703.23,112407.76,112475.74,2,821748
2025-10-29 21:20:00,112475.75,112537.33,112300.72,112405.7,2,821749
2025-10-29 21:25:00,112405.7,112481.25,112234.74,112317.1,2,821750
2025-10-29 21:30:00,112317.1,112518.25,112246.41,112510.45,2,821751
2025-10-29 21:35:00,112510.45,112692.3,112490.0,112596.5,2,821752
2025-10-29 21:40:00,112596.5,112664.84,112549.59,112550.0,2,821753
2025-10-29 21:45:00,112550.01,112729.31,112541.8,112541.8,2,821754
2025-10-29 21:50:00,112541.81,112547.71,112317.1,112472.01,2,821755
2025-10-29 21:55:00,112472.02,112498.21,112362.61,112488.44,2,821756
2025-10-29 22:00:00,112488.45,112544.04,112265.69,112265.69,2,821757
2025-10-29 22:05:00,112265.7,112564.31,112220.01,112344.97,2,821758
2025-10-29 22:10:00,112344.97,112373.11,112248.25,112255.73,2,821759
2025-10-29 22:15:00,112255.74,112479.47,112200.03,112459.16,2,821760
2025-10-29 22:20:00,112459.16,112460.0,112343.65,112397.67,2,821761
2025-10-29 22:25:00,112397.68,112429.75,112000.0,112029.7,2,821762
2025-10-29 22:30:00,112029.7,112158.0,111708.16,111939.15,2,821763
2025-10-29 22:35:00,111939.16,111943.13,111700.0,111916.02,2,821764
2025-10-29 22:40:00,111916.02,111943.13,111672.99,111750.94,2,821765
2025-10-29 22:45:00,111750.94,111886.29,111477.7,111579.62,2,821766
2025-10-29 22:50:00,111579.61,111798.74,111488.38,111631.47,2,821767
2025-10-29 22:55:00,111631.47,111631.47,111401.5,111509.74,2,821768
2025-10-29 23:00:00,111509.74,111523.32,111350.0,111361.14,2,821769
2025-10-29 23:05:00,111361.13,111426.63,111204.39,111300.03,2,821770
2025-10-29 23:10:00,111300.03,111333.62,110960.0,111052.16,1,821771
2025-10-29 23:15:00,111052.15,111216.97,110983.8,111165.37,0,821772
2025-10-29 23:20:00,111165.37,111399.99,111165.37,111354.03,0,821773
2025-10-29 23:25:00,111354.03,111354.03,111160.63,111160.64,0,821774
2025-10-29 23:30:00,111160.63,111247.69,111100.0,111246.01,0,821775
2025-10-29 23:35:00,111246.01,111269.97,111179.11,111245.27,0,821776
2025-10-29 23:40:00,111245.26,111415.23,111177.0,111321.23,0,821777
2025-10-29 23:45:00,111321.22,111321.22,111118.46,111187.73,0,821778
2025-10-29 23:50:00,111187.74,111266.07,111150.0,111248.63,0,821779
2025-10-29 23:55:00,111247.04,111247.04,111089.98,111106.35,0,821780
2025-10-30 00:00:00,111106.35,111343.94,111070.43,111328.31,0,821781
2025-10-30 00:05:00,111328.32,111338.39,111205.0,111318.37,0,821782
2025-10-30 00:10:00,111318.36,111318.36,111093.16,111114.18,0,821783
2025-10-30 00:15:00,111114.18,111150.0,111086.66,111087.04,0,821784
2025-10-30 00:20:00,111087.03,111145.04,111002.23,111145.02,0,821785
2025-10-30 00:25:00,111145.02,111226.65,111079.87,111195.87,0,821786
2025-10-30 00:30:00,111195.86,111381.27,111153.76,111378.08,0,821787
2025-10-30 00:35:00,111378.09,111792.22,111365.42,111761.24,0,821788
2025-10-30 00:40:00,111761.24,111807.99,111602.0,111689.3,0,821789
2025-10-30 00:45:00,111689.3,111864.99,111626.6,111862.67,0,821790
2025-10-30 00:50:00,111862.67,111922.44,111780.0,111800.01,0,821791
2025-10-30 00:55:00,111800.0,111883.5,111720.93,111883.49,3,821792
2025-10-30 01:00:00,111883.5,112030.23,111480.0,111624.42,2,821793
2025-10-30 01:05:00,111624.41,111737.85,111112.36,111524.76,2,821794
2025-10-30 01:10:00,111524.75,111543.66,111214.0,111214.0,1,821795
2025-10-30 01:15:00,111214.0,111580.37,111174.61,111536.88,0,821796
2025-10-30 01:20:00,111536.89,111536.89,111300.0,111410.83,0,821797
2025-10-30 01:25:00,111410.82,111455.31,111301.19,111433.33,0,821798
2025-10-30 01:30:00,111433.34,111772.04,111414.0,111731.51,0,821799
2025-10-30 01:35:00,111731.5,111762.75,109300.0,109427.1,0,821800
2025-10-30 01:40:00,109427.1,110244.66,109200.0,109756.51,0,821801
2025-10-30 01:45:00,109756.51,110333.33,109677.52,110276.59,0,821802
2025-10-30 01:50:00,110276.58,111277.33,110265.0,111071.64,0,821803
2025-10-30 01:55:00,111071.63,111268.44,110730.34,110806.38,0,821804
2025-10-30 02:00:00,110806.38,111142.0,110732.0,110767.99,0,821805
2025-10-30 02:05:00,110768.0,111396.73,110768.0,111236.88,0,821806
2025-10-30 02:10:00,111236.88,111438.65,111181.29,111300.32,3,821807
2025-10-30 02:15:00,111300.32,111400.0,110873.11,111047.71,2,821808
2025-10-30 02:20:00,111047.7,111176.47,110907.72,110946.64,2,821809
2025-10-30 02:25:00,110946.64,111175.55,110870.0,110947.53,2,821810
2025-10-30 02:30:00,110947.53,110966.26,110525.88,110611.11,2,821811
2025-10-30 02:35:00,110611.11,110611.74,110278.2,110433.65,2,821812
2025-10-30 02:40:00,110433.65,110438.28,110157.03,110385.26,1,821813
2025-10-30 02:45:00,110385.26,110714.98,110385.26,110680.06,0,821814
2025-10-30 02:50:00,110680.07,110853.14,110627.01,110693.03,0,821815
2025-10-30 02:55:00,110693.04,110820.19,110577.34,110640.0,0,821816
2025-10-30 03:00:00,110640.0,110858.31,110556.5,110655.07,0,821817
2025-10-30 03:05:00,110655.08,110686.59,110403.28,110611.74,0,821818
2025-10-30 03:10:00,110611.75,110658.98,110434.0,110587.73,0,821819
2025-10-30 03:15:00,110587.73,110868.97,110507.5,110868.96,0,821820
2025-10-30 03:20:00,110868.96,111142.85,110845.0,111096.11,0,821821
2025-10-30 03:25:00,111096.12,111348.11,111077.5,111329.97,0,821822
2025-10-30 03:30:00,111329.98,111381.77,111152.1,111157.69,0,821823
2025-10-30 03:35:00,111157.69,111354.0,111145.1,111340.97,0,821824
2025-10-30 03:40:00,111340.97,111340.98,111248.0,111261.29,0,821825
2025-10-30 03:45:00,111261.28,111356.16,111221.39,111339.24,0,821826
2025-10-30 03:50:00,111339.25,111538.16,111318.25,111518.83,0,821827
2025-10-30 03:55:00,111518.83,111518.84,111390.57,111433.46,0,821828
2025-10-30 04:00:00,111433.45,111489.45,111368.02,111489.45,0,821829
2025-10-30 04:05:00,111489.44,111541.98,111452.0,111522.5,0,821830
2025-10-30 04:10:00,111522.5,111541.97,111389.11,111389.11,0,821831
2025-10-30 04:15:00,111389.11,111530.16,111389.11,111520.93,0,821832
2025-10-30 04:20:00,111520.93,111527.71,111443.34,111527.7,0,821833
2025-10-30 04:25:00,111527.7,111566.34,111500.99,111545.71,0,821834
2025-10-30 04:30:00,111545.72,111776.16,111545.72,111776.15,3,821835
2025-10-30 04:35:00,111776.16,111800.0,111711.4,111751.56,2,821836
2025-10-30 04:40:00,111751.55,111751.56,111612.12,111612.12,2,821837
2025-10-30 04:45:00,111612.13,111687.51,111460.0,111676.26,2,821838
2025-10-30 04:50:00,111676.26,111676.26,111597.58,111607.84,2,821839
2025-10-30 04:55:00,111607.84,111678.71,111521.99,111617.26,2,821840
2025-10-30 05:00:00,111617.26,111618.46,111488.9,111523.44,2,821841
2025-10-30 05:05:00,111523.43,111561.49,111242.53,111542.94,2,821842
2025-10-30 05:10:00,111542.94,111553.9,111348.72,111442.04,2,821843
2025-10-30 05:15:00,111442.03,111511.3,111341.72,111415.3,2,821844
2025-10-30 05:20:00,111415.31,111415.31,111348.0,111395.48,2,821845
2025-10-30 05:25:00,111395.49,111411.11,111180.0,111220.18,2,821846
2025-10-30 05:30:00,111220.17,111220.17,111150.01,111156.94,2,821847
2025-10-30 05:35:00,111156.93,111166.46,111112.4,111162.0,2,821848
2025-10-30 05:40:00,111161.99,111252.44,111132.86,111132.86,2,821849
2025-10-30 05:45:00,111132.86,111194.95,111132.86,111137.68,2,821850
2025-10-30 05:50:00,111137.69,111250.0,111126.91,111242.68,2,821851
2025-10-30 05:55:00,111242.68,111242.69,110949.68,111028.2,2,821852
2025-10-30 06:00:00,111028.2,111077.76,110881.15,110911.12,2,821853
2025-10-30 06:05:00,110911.12,110922.44,110705.33,110715.97,2,821854
2025-10-30 06:10:00,110715.96,110737.63,110584.94,110584.95,2,821855
2025-10-30 06:15:00,110584.95,110733.21,110573.84,110704.91,2,821856
2025-10-30 06:20:00,110704.92,110733.21,110437.14,110478.88,2,821857
2025-10-30 06:25:00,110478.89,110533.06,110463.59,110463.59,2,821858
2025-10-30 06:30:00,110463.6,110463.6,110318.9,110318.91,2,821859
2025-10-30 06:35:00,110318.91,110328.27,109923.49,109930.04,2,821860
2025-10-30 06:40:00,109930.03,110051.02,109733.22,110003.25,2,821861
2025-10-30 06:45:00,110003.25,110079.41,109920.0,109950.01,2,821862
2025-10-30 06:50:00,109950.01,110125.04,109925.76,110033.25,2,821863
2025-10-30 06:55:00,110033.26,110153.84,110007.74,110021.29,2,821864
2025-10-30 07:00:00,110021.3,110108.72,109961.07,109980.47,2,821865
2025-10-30 07:05:00,109980.47,110022.0,109703.43,109748.92,1,821866
2025-10-30 07:10:00,109748.92,110154.82,109748.91,110150.92,0,821867
2025-10-30 07:15:00,110150.92,110300.01,110108.62,110293.69,0,821868
2025-10-30 07:20:00,110293.69,110333.33,110227.71,110331.05,0,821869
2025-10-30 07:25:00,110331.04,110402.52,110287.54,110386.98,0,821870
2025-10-30 07:30:00,110386.99,110472.52,110326.99,110427.68,0,821871
2025-10-30 07:35:00,110427.67,110488.77,110254.65,110265.8,0,821872
2025-10-30 07:40:00,110265.81,110519.81,110265.81,110440.23,0,821873
2025-10-30 07:45:00,110440.23,110556.31,110373.57,110529.35,0,821874
2025-10-30 07:50:00,110529.35,110567.05,110491.93,110514.01,0,821875
2025-10-30 07:55:00,110514.01,110583.86,110480.0,110559.48,0,821876
2025-10-30 08:00:00,110559.48,110559.48,110281.24,110281.24,0,821877
2025-10-30 08:05:00,110281.24,110491.68,110257.77,110491.68,0,821878
2025-10-30 08:10:00,110491.68,110611.74,110455.45,110505.02,0,821879
2025-10-30 08:15:00,110505.02,110595.7,110463.57,110564.64,0,821880
2025-10-30 08:20:00,110564.64,110564.64,110464.04,110479.12,0,821881
2025-10-30 08:25:00,110479.12,110479.13,110300.0,110382.7,0,821882
2025-10-30 08:30:00,110382.7,110611.05,110380.0,110595.65,0,821883
2025-10-30 08:35:00,110595.66,110596.29,110491.24,110585.2,0,821884
2025-10-30 08:40:00,110585.2,110609.78,110528.44,110607.09,0,821885
2025-10-30 08:45:00,110607.09,110651.36,110584.75,110584.76,0,821886
2025-10-30 08:50:00,110584.76,110686.95,110580.0,110659.19,0,821887
2025-10-30 08:55:00,110659.19,110725.64,110432.48,110460.76,0,821888
2025-10-30 09:00:00,110460.75,110506.37,110331.04,110399.98,0,821889
2025-10-30 09:05:00,110399.99,110484.05,110399.98,110399.98,0,821890
2025-10-30 09:10:00,110399.99,110595.51,110350.0,110595.51,0,821891
2025-10-30 09:15:00,110595.51,110828.0,110595.5,110753.03,0,821892
2025-10-30 09:20:00,110753.03,110897.4,110726.03,110894.02,0,821893
2025-10-30 09:25:00,110894.03,110985.84,110858.35,110918.62,0,821894
2025-10-30 09:30:00,110918.62,110977.14,110913.66,110977.13,0,821895
2025-10-30 09:35:00,110977.13,110999.95,110936.68,110953.25,0,821896
2025-10-30 09:40:00,110953.24,110985.36,110922.0,110973.46,0,821897
2025-10-30 09:45:00,110973.46,110973.46,110820.18,110839.0,0,821898
2025-10-30 09:50:00,110839.0,110934.61,110820.18,110923.84,0,821899
2025-10-30 09:55:00,110923.84,111011.99,110881.0,110985.92,3,821900
2025-10-30 10:00:00,110985.93,110985.93,110672.0,110708.05,2,821901
2025-10-30 10:05:00,110708.05,110857.38,110688.0,110810.11,2,821902
2025-10-30 10:10:00,110810.11,110810.12,110716.46,110778.0,2,821903
2025-10-30 10:15:00,110778.0,110874.0,110740.99,110740.99,2,821904
2025-10-30 10:20:00,110740.99,110832.93,110734.38,110774.46,2,821905
2025-10-30 10:25:00,110774.45,110799.4,110739.26,110783.89,2,821906
2025-10-30 10:30:00,110783.88,110814.27,110750.01,110773.75,2,821907
2025-10-30 10:35:00,110773.75,110914.23,110718.96,110855.61,2,821908
2025-10-30 10:40:00,110855.61,110855.61,110706.05,110726.64,2,821909
2025-10-30 10:45:00,110726.64,110739.3,110668.03,110668.03,2,821910
2025-10-30 10:50:00,110668.03,110668.03,110590.67,110590.68,2,821911
2025-10-30 10:55:00,110590.67,110816.85,110538.68,110751.47,2,821912
2025-10-30 11:00:00,110751.48,110761.43,110641.85,110659.73,2,821913
2025-10-30 11:05:00,110659.73,110659.73,110251.51,110320.41,2,821914
2025-10-30 11:10:00,110320.42,110320.42,109900.0,110011.49,2,821915
2025-10-30 11:15:00,110011.48,110028.59,109775.58,109971.13,2,821916
2025-10-30 11:20:00,109971.13,110152.37,109397.85,109448.0,2,821917
2025-10-30 11:25:00,109448.0,109472.88,108001.49,108390.02,2,821918
2025-10-30 11:30:00,108390.02,108416.2,107925.06,108300.01,1,821919
2025-10-30 11:35:00,108300.0,109460.46,108300.0,109442.85,3,821920
2025-10-30 11:40:00,109442.85,109442.85,108909.43,108977.4,2,821921
2025-10-30 11:45:00,108977.41,109183.31,108850.0,108903.88,2,821922
2025-10-30 11:50:00,108903.87,109246.48,108843.0,109028.01,2,821923
2025-10-30 11:55:00,109028.01,109054.03,108546.68,108575.27,2,821924
2025-10-30 12:00:00,108575.26,108680.0,108498.73,108530.1,1,821925
2025-10-30 12:05:00,108530.1,108858.2,108420.0,108740.15,0,821926
2025-10-30 12:10:00,108740.15,109020.0,108682.72,109006.89,0,821927
2025-10-30 12:15:00,109006.88,109006.89,108801.57,108903.69,0,821928
2025-10-30 12:20:00,108903.69,109177.43,108892.04,109005.84,0,821929
2025-10-30 12:25:00,109005.84,109200.0,108910.66,109163.95,0,821930
2025-10-30 12:30:00,109163.95,109281.12,109130.43,109256.66,0,821931
2025-10-30 12:35:00,109256.65,109394.12,109110.7,109386.12,0,821932
2025-10-30 12:40:00,109386.12,109923.07,109386.11,109917.23,0,821933
2025-10-30 12:45:00,109917.23,110282.0,109848.53,110261.44,0,821934
2025-10-30 12:50:00,110261.45,110411.08,110155.16,110411.07,0,821935
2025-10-30 12:55:00,110411.07,110434.58,110248.29,110248.29,0,821936
2025-10-30 13:00:00,110248.28,110295.96,110179.22,110255.2,0,821937
2025-10-30 13:05:00,110255.19,110260.05,110120.53,110152.25,0,821938
2025-10-30 13:10:00,110152.25,110259.07,110075.48,110180.0,0,821939
2025-10-30 13:15:00,110180.0,110190.34,109978.01,110107.43,0,821940
2025-10-30 13:20:00,110107.44,110244.5,110027.92,110140.58,0,821941
2025-10-30 13:25:00,110140.57,110194.85,110090.6,110176.27,0,821942
2025-10-30 13:30:00,110176.28,110403.29,110150.85,110278.49,0,821943
2025-10-30 13:35:00,110278.48,110338.01,110227.96,110241.49,0,821944
2025-10-30 13:40:00,110241.48,110921.6,110239.49,110896.13,0,821945
2025-10-30 13:45:00,110896.12,110926.35,110748.27,110841.3,0,821946
2025-10-30 13:50:00,110841.31,110964.09,110792.51,110890.33,0,821947
2025-10-30 13:55:00,110890.33,110890.33,110768.0,110768.01,0,821948
2025-10-30 14:00:00,110768.01,110810.9,110639.25,110724.31,0,821949
2025-10-30 14:05:00,110724.31,110933.14,110698.29,110878.61,0,821950
2025-10-30 14:10:00,110878.62,111325.5,110861.95,111220.02,0,821951
2025-10-30 14:15:00,111220.02,111592.0,111192.03,111521.84,3,821952
2025-10-30 14:20:00,111521.84,111587.08,111389.54,111438.3,2,821953
2025-10-30 14:25:00,111438.3,111454.65,111271.74,111274.25,2,821954
2025-10-30 14:30:00,111274.26,111345.33,111200.67,111201.29,2,821955
2025-10-30 14:35:00,111201.29,111272.17,111193.7,111233.77,2,821956
2025-10-30 14:40:00,111233.78,111376.99,111208.77,111376.98,2,821957
2025-10-30 14:45:00,111376.99,111440.52,111285.46,111311.63,2,821958
2025-10-30 14:50:00,111311.64,111357.35,111259.2,111319.94,2,821959
2025-10-30 14:55:00,111319.94,111379.12,111319.93,111366.72,2,821960
2025-10-30 15:00:00,111366.72,111389.94,111201.08,111237.09,2,821961
2025-10-30 15:05:00,111237.09,111467.01,111050.21,111136.53,2,821962
2025-10-30 15:10:00,111136.52,111158.0,110842.16,110851.05,2,821963
2025-10-30 15:15:00,110851.05,110943.13,110845.29,110878.16,2,821964
2025-10-30 15:20:00,110878.16,110979.64,110866.0,110868.78,2,821965
2025-10-30 15:25:00,110868.77,110896.24,110681.22,110681.23,2,821966
2025-10-30 15:30:00,110681.23,110836.49,110681.23,110809.84,2,821967
2025-10-30 15:35:00,110809.84,110921.65,110809.83,110897.13,2,821968
2025-10-30 15:40:00,110897.13,110898.62,110816.85,110879.61,2,821969
2025-10-30 15:45:00,110879.61,110889.31,110750.08,110789.48,2,821970
2025-10-30 15:50:00,110789.48,110829.8,110711.03,110711.04,2,821971
2025-10-30 15:55:00,110711.04,110772.74,110694.4,110714.31,2,821972
2025-10-30 16:00:00,110714.31,110814.0,110651.77,110651.78,2,821973
2025-10-30 16:05:00,110651.77,110700.0,110464.61,110494.99,2,821974
2025-10-30 16:10:00,110495.0,110514.96,110385.23,110417.57,2,821975
2025-10-30 16:15:00,110417.57,110469.0,110192.93,110199.23,2,821976
2025-10-30 16:20:00,110199.22,110234.0,110125.17,110222.91,2,821977
2025-10-30 16:25:00,110222.91,110438.85,110222.9,110415.4,2,821978
2025-10-30 16:30:00,110415.41,110530.91,110250.0,110264.19,2,821979
2025-10-30 16:35:00,110264.19,110264.2,110132.26,110192.2,2,821980
2025-10-30 16:40:00,110192.2,110220.66,110151.48,110193.38,2,821981
2025-10-30 16:45:00,110193.38,110286.97,110193.38,110223.89,2,821982
2025-10-30 16:50:00,110223.9,110282.9,110223.89,110277.99,2,821983
2025-10-30 16:55:00,110278.0,110370.52,110160.03,110171.69,2,821984
2025-10-30 17:00:00,110171.68,110171.69,109904.25,110057.41,2,821985
2025-10-30 17:05:00,110057.41,110231.92,110057.41,110084.0,2,821986
2025-10-30 17:10:00,110084.0,110084.01,109829.54,109878.01,2,821987
2025-10-30 17:15:00,109878.01,110035.19,109878.0,110021.39,2,821988
2025-10-30 17:20:00,110021.39,110164.86,109975.38,110080.69,2,821989
2025-10-30 17:25:00,110080.7,110127.11,110046.0,110065.8,2,821990
2025-10-30 17:30:00,110065.81,110170.85,110041.41,110165.97,2,821991
2025-10-30 17:35:00,110165.97,110186.0,110066.67,110088.25,2,821992
2025-10-30 17:40:00,110088.26,110090.31,109912.22,109912.22,2,821993
2025-10-30 17:45:00,109912.23,110108.88,109899.97,110077.25,2,821994
2025-10-30 17:50:00,110077.25,110194.83,110077.24,110100.01,2,821995
2025-10-30 17:55:00,110100.01,110121.36,110076.1,110105.75,2,821996
2025-10-30 18:00:00,110105.75,110138.99,110023.76,110052.01,2,821997
2025-10-30 18:05:00,110052.02,110144.25,109948.0,109952.92,2,821998
2025-10-30 18:10:00,109952.91,110079.33,109938.45,110010.88,2,821999
2025-10-30 18:15:00,110010.89,110010.89,109702.05,109926.39,2,822000
2025-10-30 18:20:00,109926.39,109979.46,109823.03,109904.4,2,822001
2025-10-30 18:25:00,109904.39,110063.74,109904.39,109922.74,2,822002
2025-10-30 18:30:00,109922.74,109999.95,109882.15,109986.29,2,822003
2025-10-30 18:35:00,109986.3,110063.21,109944.75,109950.33,2,822004
2025-10-30 18:40:00,109950.33,109950.34,109850.0,109945.89,2,822005
2025-10-30 18:45:00,109945.89,110075.03,109936.87,109936.87,2,822006
2025-10-30 18:50:00,109936.88,109936.88,109692.3,109770.24,2,822007
2025-10-30 18:55:00,109770.23,109848.1,109717.29,109717.29,2,822008
2025-10-30 19:00:00,109717.19,109777.93,109633.88,109714.81,2,822009
2025-10-30 19:05:00,109714.81,109736.83,109368.0,109436.17,2,822010
2025-10-30 19:10:00,109436.18,109519.54,109363.92,109426.96,2,822011
2025-10-30 19:15:00,109426.92,109500.0,109200.0,109454.28,2,822012
2025-10-30 19:20:00,109454.28,109465.21,108965.5,108994.14,2,822013
2025-10-30 19:25:00,108994.14,109057.72,108668.36,108784.3,2,822014
2025-10-30 19:30:00,108784.3,109060.54,108702.66,109060.53,2,822015
2025-10-30 19:35:00,109060.54,109104.99,108813.22,108835.81,2,822016
2025-10-30 19:40:00,108835.82,108835.82,108500.0,108500.27,2,822017
2025-10-30 19:45:00,108500.27,108668.2,108483.4,108509.61,2,822018
2025-10-30 19:50:00,108509.61,108565.27,108288.0,108400.84,2,822019
2025-10-30 19:55:00,108400.84,108529.68,108280.65,108387.86,2,822020
2025-10-30 20:00:00,108387.86,108440.0,108299.42,108424.16,2,822021
2025-10-30 20:05:00,108424.16,108640.42,108420.64,108520.0,2,822022
2025-10-30 20:10:00,108519.99,108728.54,108519.92,108539.96,2,822023
2025-10-30 20:15:00,108539.95,108550.65,108166.0,108367.81,2,822024
2025-10-30 20:20:00,108367.81,108557.55,108300.78,108322.3,2,822025
2025-10-30 20:25:00,108322.29,108473.01,108280.0,108461.22,2,822026
2025-10-30 20:30:00,108461.23,108538.46,108348.22,108348.22,2,822027
2025-10-30 20:35:00,108348.22,108348.22,107625.3,107841.83,2,822028
2025-10-30 20:40:00,107841.82,107841.82,107400.0,107473.0,1,822029
2025-10-30 20:45:00,107473.01,107868.07,107419.47,107800.01,0,822030
2025-10-30 20:50:00,107800.01,108173.85,107766.51,108061.83,0,822031
2025-10-30 20:55:00,108061.83,108079.06,107600.28,107627.16,0,822032
2025-10-30 21:00:00,107627.15,107946.62,107610.44,107827.09,0,822033
2025-10-30 21:05:00,107827.09,108267.31,107808.22,107967.78,0,822034
2025-10-30 21:10:00,107967.78,108098.96,107810.2,108098.96,0,822035
2025-10-30 21:15:00,108098.96,108098.96,107876.11,107913.5,0,822036
2025-10-30 21:20:00,107913.49,108089.73,107777.77,107867.78,0,822037
2025-10-30 21:25:00,107867.78,108026.48,107858.61,107962.66,0,822038
2025-10-30 21:30:00,107962.67,108139.78,107843.51,107966.45,0,822039
2025-10-30 21:35:00,107966.44,108172.85,107966.44,108070.08,0,822040
2025-10-30 21:40:00,108070.09,108347.59,108062.52,108319.21,3,822041
2025-10-30 21:45:00,108319.22,108319.22,107919.24,108102.4,2,822042
2025-10-30 21:50:00,108102.41,108289.32,108092.7,108286.7,2,822043
2025-10-30 21:55:00,108286.71,108374.21,108182.33,108285.54,2,822044
2025-10-30 22:00:00,108285.54,108350.44,108128.16,108224.29,2,822045
2025-10-30 22:05:00,108224.29,108237.48,107900.0,107940.17,2,822046
2025-10-30 22:10:00,107940.17,108080.0,107900.32,107976.48,2,822047
2025-10-30 22:15:00,107976.48,107987.17,107758.39,107809.57,2,822048
2025-10-30 22:20:00,107809.56,107961.78,107758.4,107899.35,2,822049
2025-10-30 22:25:00,107899.35,107929.83,107800.0,107860.8,2,822050
2025-10-30 22:30:00,107860.8,107877.05,107655.4,107690.67,2,822051
2025-10-30 22:35:00,107689.94,107762.34,107480.0,107650.89,2,822052
2025-10-30 22:40:00,107650.9,107726.93,107512.72,107676.35,2,822053
2025-10-30 22:45:00,107676.34,107696.52,107328.0,107452.26,1,822054
2025-10-30 22:50:00,107452.27,107700.0,107429.01,107640.55,0,822055
2025-10-30 22:55:00,107640.55,107802.59,107604.53,107711.56,0,822056
2025-10-30 23:00:00,107711.56,107819.99,107559.98,107819.99,0,822057
2025-10-30 23:05:00,107819.98,108058.96,107736.55,108044.56,0,822058
2025-10-30 23:10:00,108044.56,108177.74,107968.32,108076.11,0,822059
2025-10-30 23:15:00,108076.11,108080.98,107923.92,107946.62,0,822060
2025-10-30 23:20:00,107946.62,108034.05,107900.0,108019.15,0,822061
2025-10-30 23:25:00,108019.15,108214.85,107958.0,108150.0,3,822062
2025-10-30 23:30:00,108150.0,108150.01,108014.06,108036.73,2,822063
2025-10-30 23:35:00,108036.74,108188.68,108020.52,108148.23,2,822064
2025-10-30 23:40:00,108148.22,108148.22,107946.61,108015.76,2,822065
2025-10-30 23:45:00,108015.76,108105.83,107995.64,108072.64,2,822066
2025-10-30 23:50:00,108072.65,108129.53,107946.61,108048.47,2,822067
2025-10-30 23:55:00,108048.48,108144.58,107983.2,108144.57,2,822068
2025-10-31 00:00:00,108144.58,108150.56,107720.85,107764.8,2,822069
2025-10-31 00:05:00,107764.8,107764.8,107589.24,107683.6,2,822070
2025-10-31 00:10:00,107683.59,107692.41,107470.64,107507.13,2,822071
2025-10-31 00:15:00,107507.13,107507.14,107282.51,107330.47,2,822072
2025-10-31 00:20:00,107330.46,107330.47,106801.0,106969.08,1,822073
2025-10-31 00:25:00,106969.08,107285.48,106948.78,107149.62,0,822074
2025-10-31 00:30:00,107149.62,107249.99,106929.64,107174.67,0,822075
2025-10-31 00:35:00,107174.67,107182.87,106882.13,107001.11,0,822076
2025-10-31 00:40:00,107001.11,107191.66,106850.0,107183.09,0,822077
2025-10-31 00:45:00,107183.09,107677.43,107183.08,107604.54,3,822078
2025-10-31 00:50:00,107604.54,107604.54,107417.61,107428.93,2,822079
2025-10-31 00:55:00,107428.92,107500.0,107364.41,107486.69,2,822080
2025-10-31 01:00:00,107486.69,107508.43,107406.0,107406.01,2,822081
2025-10-31 01:05:00,107406.01,107436.17,107231.55,107328.54,2,822082
2025-10-31 01:10:00,107328.54,107435.63,107316.0,107316.98,2,822083
2025-10-31 01:15:00,107316.98,107399.99,107210.56,107210.56,2,822084
2025-10-31 01:20:00,107210.56,107379.53,107210.56,107335.77,2,822085
2025-10-31 01:25:00,107335.77,107390.01,107234.82,107351.3,2,822086
2025-10-31 01:30:00,107351.3,107556.65,107232.46,107242.8,2,822087
2025-10-31 01:35:00,107242.8,107261.08,106961.51,106985.31,2,822088
2025-10-31 01:40:00,106985.3,107110.54,106929.11,106988.72,2,822089
2025-10-31 01:45:00,106988.71,107239.46,106980.14,107165.49,2,822090
2025-10-31 01:50:00,107165.48,107215.68,107040.86,107081.49,2,822091
2025-10-31 01:55:00,107081.49,107081.49,106791.78,106837.09,2,822092
2025-10-31 02:00:00,106837.09,107158.62,106716.71,107106.03,2,822093
2025-10-31 02:05:00,107106.02,107119.02,106846.91,107071.33,2,822094
2025-10-31 02:10:00,107071.34,107071.35,106887.46,106901.29,2,822095
2025-10-31 02:15:00,106901.29,106960.0,106722.57,106832.56,2,822096
2025-10-31 02:20:00,106832.55,106901.95,106659.9,106901.95,2,822097
2025-10-31 02:25:00,106901.95,107100.0,106845.05,107007.24,2,822098
2025-10-31 02:30:00,107007.24,107153.84,106823.05,106869.78,2,822099
2025-10-31 02:35:00,106869.78,106869.78,106574.32,106580.0,2,822100
2025-10-31 02:40:00,106580.0,106887.18,106304.34,106742.85,2,822101
2025-10-31 02:45:00,106742.86,106771.17,106485.57,106634.05,2,822102
2025-10-31 02:50:00,106634.04,107028.65,106634.04,106867.12,2,822103
2025-10-31 02:55:00,106867.12,106869.74,106346.0,106536.39,2,822104
2025-10-31 03:00:00,106536.39,106770.91,106316.17,106427.81,1,822105
2025-10-31 03:05:00,106427.82,106871.05,106417.99,106850.48,0,822106
2025-10-31 03:10:00,106850.48,107085.52,106806.0,106873.8,0,822107
2025-10-31 03:15:00,106873.8,107081.33,106852.23,106972.37,0,822108
2025-10-31 03:20:00,106972.37,107091.76,106937.23,107018.51,0,822109
2025-10-31 03:25:00,107018.51,107218.32,106958.68,107188.34,0,822110
2025-10-31 03:30:00,107188.33,107236.67,106830.86,107200.0,0,822111
2025-10-31 03:35:00,107200.29,107470.0,107152.91,107286.3,0,822112
2025-10-31 03:40:00,107286.31,107360.0,107208.85,107304.8,0,822113
2025-10-31 03:45:00,107304.81,107360.82,107237.52,107331.69,0,822114
2025-10-31 03:50:00,107331.7,107652.0,107307.0,107434.91,0,822115
2025-10-31 03:55:00,107434.9,107557.16,107434.9,107510.91,0,822116
2025-10-31 04:00:00,107510.91,107526.63,107401.84,107486.18,0,822117
2025-10-31 04:05:00,107486.18,107659.84,107458.19,107659.83,0,822118
2025-10-31 04:10:00,107659.84,107659.84,107548.47,107550.97,0,822119
2025-10-31 04:15:00,107550.97,107558.71,107400.0,107511.88,0,822120
2025-10-31 04:20:00,107511.88,107662.37,107511.87,107662.37,0,822121
2025-10-31 04:25:00,107662.37,107761.21,107640.0,107642.4,0,822122
2025-10-31 04:30:00,107642.4,107642.4,107476.23,107574.02,0,822123
2025-10-31 04:35:00,107574.01,107584.42,107438.36,107463.14,0,822124
2025-10-31 04:40:00,107463.14,107875.12,107463.13,107660.01,0,822125
2025-10-31 04:45:00,107660.0,107866.65,107607.65,107866.65,0,822126
2025-10-31 04:50:00,107866.65,107950.0,107837.83,107897.13,0,822127
2025-10-31 04:55:00,107897.13,107929.49,107842.56,107907.68,0,822128
2025-10-31 05:00:00,107907.67,107939.0,107814.24,107871.48,0,822129
2025-10-31 05:05:00,107871.49,107871.49,107723.52,107740.45,0,822130
2025-10-31 05:10:00,107740.46,107780.0,107638.63,107659.74,0,822131
2025-10-31 05:15:00,107659.73,107699.33,107638.62,107675.89,0,822132
2025-10-31 05:20:00,107675.9,107779.14,107652.82,107737.57,0,822133
2025-10-31 05:25:00,107737.56,107737.56,107596.89,107596.9,0,822134
2025-10-31 05:30:00,107596.89,107637.3,107472.0,107482.19,0,822135
2025-10-31 05:35:00,107482.2,107693.54,107482.19,107618.0,0,822136
2025-10-31 05:40:00,107618.0,107683.46,107592.97,107657.25,0,822137
2025-10-31 05:45:00,107657.25,107664.77,107600.06,107634.92,0,822138
2025-10-31 05:50:00,107634.92,107799.99,107585.07,107767.53,0,822139
2025-10-31 05:55:00,107767.53,107912.81,107730.33,107912.81,0,822140
2025-10-31 06:00:00,107912.81,107939.25,107728.26,107780.09,0,822141
2025-10-31 06:05:00,107780.08,107853.23,107669.81,107678.74,0,822142
2025-10-31 06:10:00,107678.75,107678.75,107600.01,107654.14,0,822143
2025-10-31 06:15:00,107654.14,107740.41,107607.62,107683.59,0,822144
2025-10-31 06:20:00,107683.59,107746.41,107622.61,107729.62,0,822145
2025-10-31 06:25:00,107729.61,107729.61,107610.77,107714.35,0,822146
2025-10-31 06:30:00,107714.35,108046.62,107703.31,108015.41,0,822147
2025-10-31 06:35:00,108015.41,108307.69,108015.41,108090.55,0,822148
2025-10-31 06:40:00,108090.55,108090.55,107931.56,107931.56,0,822149
2025-10-31 06:45:00,107931.57,108300.0,107911.92,108231.63,0,822150
2025-10-31 06:50:00,108231.63,108247.78,108165.12,108240.34,0,822151
2025-10-31 06:55:00,108240.34,108334.53,108240.34,108322.88,0,822152
2025-10-31 07:00:00,108322.87,108546.25,108275.28,108427.47,0,822153
2025-10-31 07:05:00,108427.46,108484.71,108362.5,108425.42,0,822154
2025-10-31 07:10:00,108425.42,108657.59,108425.42,108657.59,0,822155
2025-10-31 07:15:00,108657.59,108668.37,108489.51,108602.41,0,822156
2025-10-31 07:20:00,108602.4,108605.12,108456.08,108476.39,0,822157
2025-10-31 07:25:00,108476.4,108555.99,108422.32,108516.41,0,822158
2025-10-31 07:30:00,108516.4,108655.18,108493.03,108563.35,0,822159
2025-10-31 07:35:00,108563.35,108563.35,108482.72,108547.58,0,822160
2025-10-31 07:40:00,108547.58,108698.5,108547.57,108698.5,0,822161
2025-10-31 07:45:00,108698.49,108906.19,108698.49,108906.18,0,822162
2025-10-31 07:50:00,108906.19,109419.75,108880.01,109337.97,0,822163
2025-10-31 07:55:00,109337.97,109586.94,109265.0,109317.21,0,822164
2025-10-31 08:00:00,109317.21,109503.0,109180.0,109489.61,0,822165
2025-10-31 08:05:00,109489.61,109933.46,109484.23,109933.45,0,822166
2025-10-31 08:10:00,109933.45,110042.16,109673.5,109769.7,0,822167
2025-10-31 08:15:00,109769.7,109953.89,109744.95,109948.27,3,822168
2025-10-31 08:20:00,109948.28,109986.41,109699.43,109787.46,2,822169
2025-10-31 08:25:00,109787.46,109925.45,109787.45,109850.4,2,822170
2025-10-31 08:30:00,109850.39,109850.4,109480.0,109536.8,2,822171
2025-10-31 08:35:00,109536.8,109700.0,109536.79,109673.72,2,822172
2025-10-31 08:40:00,109673.71,109691.95,109449.0,109547.49,2,822173
2025-10-31 08:45:00,109547.49,109717.04,109533.38,109707.92,2,822174
2025-10-31 08:50:00,109707.92,109795.0,109633.17,109664.36,2,822175
2025-10-31 08:55:00,109664.35,109699.43,109511.45,109619.77,2,822176
2025-10-31 09:00:00,109619.77,109685.32,109505.61,109534.44,2,822177
2025-10-31 09:05:00,109534.44,109534.44,109314.78,109358.59,2,822178
2025-10-31 09:10:00,109358.58,109370.6,109014.58,109056.79,2,822179
2025-10-31 09:15:00,109056.78,109311.9,109056.78,109237.22,2,822180
2025-10-31 09:20:00,109237.22,109371.18,109200.0,109333.34,2,822181
2025-10-31 09:25:00,109333.34,109474.56,109306.53,109358.59,2,822182
2025-10-31 09:30:00,109358.59,109407.21,109263.33,109275.18,2,822183
2025-10-31 09:35:00,109275.19,109290.83,108900.0,108920.68,2,822184
2025-10-31 09:40:00,108920.67,108946.44,108745.56,108790.6,2,822185
2025-10-31 09:45:00,108790.59,108823.9,108662.13,108725.75,2,822186
2025-10-31 09:50:00,108725.75,108931.19,108565.26,108908.58,2,822187
2025-10-31 09:55:00,108908.59,108963.05,108780.04,108857.99,2,822188
2025-10-31 10:00:00,108858.0,108874.45,108613.11,108638.12,1,822189
2025-10-31 10:05:00,108638.11,109085.13,108627.24,109063.97,0,822190
2025-10-31 10:10:00,109063.97,109241.4,109012.85,109041.49,0,822191
2025-10-31 10:15:00,109041.49,109111.25,108971.52,109098.76,0,822192
2025-10-31 10:20:00,109098.76,109164.0,109092.82,109139.73,0,822193
2025-10-31 10:25:00,109139.72,109157.42,109041.3,109093.82,0,822194
2025-10-31 10:30:00,109093.82,109112.04,108883.07,108994.82,0,822195
2025-10-31 10:35:00,108994.81,109320.0,108994.81,109062.41,0,822196
2025-10-31 10:40:00,109062.4,109062.41,108832.06,108881.56,0,822197
2025-10-31 10:45:00,108881.56,109324.4,108881.55,109249.19,0,822198
2025-10-31 10:50:00,109249.18,109268.54,109150.61,109171.22,0,822199
2025-10-31 10:55:00,109171.21,109284.55,109126.4,109227.86,0,822200
2025-10-31 11:00:00,109227.87,109251.95,109114.88,109251.94,0,822201
2025-10-31 11:05:00,109251.94,109548.0,109251.94,109474.61,0,822202
2025-10-31 11:10:00,109474.61,109488.55,109333.75,109392.84,0,822203
2025-10-31 11:15:00,109392.85,109392.85,109248.29,109268.08,0,822204
2025-10-31 11:20:00,109268.09,109888.0,109268.09,109810.07,0,822205
2025-10-31 11:25:00,109810.07,109849.66,109706.41,109791.61,0,822206
2025-10-31 11:30:00,109791.62,109812.0,109667.67,109693.75,0,822207
2025-10-31 11:35:00,109693.75,109888.0,109693.74,109808.66,0,822208
2025-10-31 11:40:00,109808.66,110215.0,109808.65,110068.24,0,822209
2025-10-31 11:45:00,110068.25,110122.68,109921.71,109991.3,0,822210
2025-10-31 11:50:00,109991.29,110047.7,109961.84,110035.58,0,822211
2025-10-31 11:55:00,110035.57,110192.56,110015.75,110084.02,3,822212
2025-10-31 12:00:00,110084.02,110084.03,109780.99,109816.59,2,822213
2025-10-31 12:05:00,109816.59,109978.44,109816.58,109920.01,2,822214
2025-10-31 12:10:00,109920.01,110024.47,109793.09,109807.89,2,822215
2025-10-31 12:15:00,109807.9,109865.01,109721.99,109721.99,2,822216
2025-10-31 12:20:00,109721.99,109799.66,109691.92,109799.65,2,822217
2025-10-31 12:25:00,109799.66,109946.46,109786.47,109890.14,2,822218
2025-10-31 12:30:00,109890.14,110020.0,109869.12,110000.48,2,822219
2025-10-31 12:35:00,110000.47,110023.68,109846.04,109868.23,2,822220
2025-10-31 12:40:00,109868.23,109949.68,109857.53,109892.94,2,822221
2025-10-31 12:45:00,109892.94,109993.34,109892.93,109947.08,2,822222
2025-10-31 12:50:00,109947.09,109972.72,109842.47,109859.05,2,822223
2025-10-31 12:55:00,109859.04,109925.0,109843.16,109899.15,2,822224
2025-10-31 13:00:00,109899.15,109968.71,109802.9,109802.9,2,822225
2025-10-31 13:05:00,109802.89,109846.29,109600.0,109600.0,2,822226
2025-10-31 13:10:00,109600.0,109700.0,109598.52,109699.99,2,822227
2025-10-31 13:15:00,109699.99,109751.84,109561.23,109669.91,2,822228
2025-10-31 13:20:00,109669.9,109746.2,109620.0,109666.55,2,822229
2025-10-31 13:25:00,109666.56,109716.44,109620.0,109691.18,2,822230
2025-10-31 13:30:00,109691.18,109717.79,109623.33,109653.66,2,822231
2025-10-31 13:35:00,109653.65,109653.66,109598.52,109628.88,2,822232
2025-10-31 13:40:00,109628.88,109628.88,109517.49,109517.49,2,822233
2025-10-31 13:45:00,109517.5,109626.38,109517.49,109580.0,2,822234
2025-10-31 13:50:00,109579.99,109633.68,109560.0,109579.61,2,822235
2025-10-31 13:55:00,109579.61,109650.0,109579.61,109650.0,2,822236
2025-10-31 14:00:00,109650.0,109721.22,109512.49,109512.49,2,822237
2025-10-31 14:05:00,109512.49,109518.2,109440.74,109479.99,2,822238
2025-10-31 14:10:00,109479.98,109763.16,109479.98,109757.33,2,822239
2025-10-31 14:15:00,109757.33,109807.9,109650.06,109738.69,2,822240
2025-10-31 14:20:00,109738.69,109771.15,109644.84,109732.17,2,822241
2025-10-31 14:25:00,109732.17,109732.18,109607.35,109676.24,2,822242
2025-10-31 14:30:00,109676.24,109757.06,109676.24,109728.01,2,822243
2025-10-31 14:35:00,109728.0,109728.0,109516.71,109559.89,2,822244
2025-10-31 14:40:00,109559.89,109600.0,109511.71,109511.71,2,822245
2025-10-31 14:45:00,109511.72,109561.7,109410.42,109410.42,2,822246
2025-10-31 14:50:00,109410.42,109412.15,109266.58,109412.14,2,822247
2025-10-31 14:55:00,109412.14,109528.43,109387.15,109449.31,2,822248
2025-10-31 15:00:00,109449.32,109745.91,109424.31,109690.27,2,822249
2025-10-31 15:05:00,109690.27,109730.72,109535.01,109555.83,2,822250
2025-10-31 15:10:00,109555.82,109555.83,109214.13,109222.46,1,822251
2025-10-31 15:15:00,109222.45,109452.14,109222.45,109452.14,0,822252
2025-10-31 15:20:00,109452.14,109578.0,109396.69,109577.99,0,822253
2025-10-31 15:25:00,109578.0,109876.17,109577.99,109830.83,0,822254
2025-10-31 15:30:00,109830.82,109881.17,109673.46,109718.64,0,822255
2025-10-31 15:35:00,109718.63,109758.91,109672.0,109722.54,0,822256
2025-10-31 15:40:00,109722.54,109848.0,109721.15,109809.52,0,822257
2025-10-31 15:45:00,109809.53,110000.0,109765.73,109965.09,0,822258
2025-10-31 15:50:00,109965.09,110025.0,109924.59,109950.57,0,822259
2025-10-31 15:55:00,109950.57,110100.0,109950.56,110062.44,0,822260
2025-10-31 16:00:00,110062.45,110353.0,110040.48,110040.48,0,822261
2025-10-31 16:05:00,110040.48,110159.4,110012.26,110131.04,0,822262
2025-10-31 16:10:00,110131.03,110265.45,110124.97,110144.59,0,822263
2025-10-31 16:15:00,110144.59,110450.0,110121.73,110358.89,3,822264
2025-10-31 16:20:00,110358.89,110358.89,110031.3,110105.28,2,822265
2025-10-31 16:25:00,110105.29,110126.32,109988.0,109998.84,2,822266
2025-10-31 16:30:00,109998.84,110077.22,109993.99,110030.75,2,822267
2025-10-31 16:35:00,110030.75,110030.76,109912.58,109938.55,2,822268
2025-10-31 16:40:00,109938.55,109978.55,109910.0,109954.86,2,822269
2025-10-31 16:45:00,109954.86,110057.49,109954.85,110021.89,2,822270
2025-10-31 16:50:00,110021.89,110021.9,109807.89,109833.74,2,822271
2025-10-31 16:55:00,109833.74,109874.46,109817.26,109848.39,2,822272
2025-10-31 17:00:00,109848.39,109950.0,109848.39,109931.58,2,822273
2025-10-31 17:05:00,109931.58,109931.58,109764.0,109774.17,2,822274
2025-10-31 17:10:00,109774.17,109828.67,109774.17,109774.27,2,822275
2025-10-31 17:15:00,109774.28,109882.81,109768.66,109806.32,2,822276
2025-10-31 17:20:00,109806.32,109932.0,109806.32,109901.61,2,822277
2025-10-31 17:25:00,109901.61,109912.59,109828.25,109846.49,2,822278
2025-10-31 17:30:00,109846.5,109869.5,109710.08,109793.99,2,822279
2025-10-31 17:35:00,109793.99,109976.73,109793.99,109976.73,2,822280
2025-10-31 17:40:00,109976.72,110117.32,109963.07,110086.7,2,822281
2025-10-31 17:45:00,110086.69,110086.7,109915.7,109918.21,2,822282
2025-10-31 17:50:00,109918.2,109979.45,109918.2,109934.09,2,822283
2025-10-31 17:55:00,109934.09,109955.03,109807.89,109819.2,2,822284
2025-10-31 18:00:00,109819.21,109869.55,109703.21,109714.93,2,822285
2025-10-31 18:05:00,109714.93,109730.76,109608.53,109667.01,2,822286
2025-10-31 18:10:00,109667.0,109679.94,109573.51,109574.44,2,822287
2025-10-31 18:15:00,109574.44,109663.55,109510.72,109644.26,2,822288
2025-10-31 18:20:00,109644.25,109683.18,109511.11,109579.53,2,822289
2025-10-31 18:25:00,109579.54,109598.53,109479.26,109521.37,2,822290
2025-10-31 18:30:00,109521.38,109594.53,109479.11,109496.97,2,822291
2025-10-31 18:35:00,109496.97,109538.91,109461.53,109474.74,1,822292
2025-10-31 18:40:00,109474.73,109653.98,109474.73,109595.65,0,822293
2025-10-31 18:45:00,109595.65,110078.21,109595.65,110078.21,0,822294
2025-10-31 18:50:00,110078.21,110357.24,109988.59,110158.92,0,822295
2025-10-31 18:55:00,110158.91,110550.0,110158.91,110415.61,0,822296
2025-10-31 19:00:00,110415.62,110681.0,110249.31,110571.37,3,822297
2025-10-31 19:05:00,110571.38,110571.38,110213.6,110278.98,2,822298
2025-10-31 19:10:00,110278.99,110304.56,110136.9,110174.61,2,822299
2025-10-31 19:15:00,110174.62,110406.35,110148.86,110347.8,2,822300
2025-10-31 19:20:00,110347.81,110497.14,110282.52,110282.53,2,822301
2025-10-31 19:25:00,110282.53,110282.53,110157.98,110170.08,2,822302
2025-10-31 19:30:00,110170.08,110280.0,110170.07,110279.99,2,822303
2025-10-31 19:35:00,110280.0,110319.99,109830.19,109856.09,2,822304
2025-10-31 19:40:00,109856.1,109856.1,109644.65,109768.2,2,822305
2025-10-31 19:45:00,109768.2,109812.21,109619.94,109725.51,2,822306
2025-10-31 19:50:00,109725.51,109840.94,109708.01,109764.02,2,822307
2025-10-31 19:55:00,109764.03,109770.66,109624.57,109653.19,1,822308
2025-10-31 20:00:00,109653.2,109780.0,109649.03,109773.27,0,822309
2025-10-31 20:05:00,109773.28,109846.93,109739.78,109846.93,0,822310
2025-10-31 20:10:00,109846.93,110056.0,109846.92,110035.01,0,822311
2025-10-31 20:15:00,110035.0,110064.0,109930.49,110001.15,0,822312
2025-10-31 20:20:00,110001.16,110240.0,109951.19,109971.39,0,822313
2025-10-31 20:25:00,109971.4,110009.21,109886.53,109922.59,0,822314
2025-10-31 20:30:00,109922.59,109922.59,109366.91,109640.0,0,822315
2025-10-31 20:35:00,109639.99,109826.99,109614.53,109772.12,0,822316
2025-10-31 20:40:00,109772.13,109782.17,109505.16,109614.89,0,822317
2025-10-31 20:45:00,109614.9,110100.0,109598.52,109987.82,0,822318
2025-10-31 20:50:00,109987.83,110125.0,109801.0,110074.6,0,822319
2025-10-31 20:55:00,110074.61,110220.86,109989.7,110157.54,0,822320
2025-10-31 21:00:00,110157.54,110200.0,109942.26,109950.61,0,822321
2025-10-31 21:05:00,109950.62,110403.19,109943.61,110315.85,3,822322
2025-10-31 21:10:00,110315.86,110575.74,109955.42,109971.02,2,822323
2025-10-31 21:15:00,109971.02,110094.84,109793.7,109917.24,2,822324
2025-10-31 21:20:00,109917.25,109999.96,109701.0,109980.38,2,822325
2025-10-31 21:25:00,109980.38,110000.0,109794.1,109805.08,1,822326
2025-10-31 21:30:00,109805.08,109849.49,109590.46,109824.41,0,822327
2025-10-31 21:35:00,109824.41,110100.0,109818.5,110031.99,0,822328
2025-10-31 21:40:00,110032.0,110099.92,109932.33,110028.59,0,822329
2025-10-31 21:45:00,110028.59,110116.6,109972.13,110021.93,0,822330
2025-10-31 21:50:00,110021.93,110696.76,109982.58,110660.6,0,822331
2025-10-31 21:55:00,110660.6,111054.61,110645.37,110790.14,0,822332
2025-10-31 22:00:00,110790.14,110804.12,110483.11,110506.43,0,822333
2025-10-31 22:05:00,110506.43,111190.0,110409.0,111064.1,3,822334
2025-10-31 22:10:00,111064.1,111179.99,110658.54,110783.77,2,822335
2025-10-31 22:15:00,110784.0,110859.98,110628.0,110788.11,2,822336
2025-10-31 22:20:00,110788.11,110838.28,110526.28,110532.52,2,822337
2025-10-31 22:25:00,110532.51,110558.14,110396.91,110487.84,2,822338
2025-10-31 22:30:00,110487.84,110632.07,110368.31,110549.03,2,822339
2025-10-31 22:35:00,110549.03,110549.04,110248.38,110273.55,2,822340
2025-10-31 22:40:00,110273.55,110485.85,110233.36,110485.85,2,822341
2025-10-31 22:45:00,110485.84,110614.58,110285.27,110363.85,2,822342
2025-10-31 22:50:00,110363.85,110452.48,110250.0,110359.12,2,822343
2025-10-31 22:55:00,110359.12,110376.86,110132.02,110202.9,2,822344
2025-10-31 23:00:00,110202.9,110300.0,110107.56,110278.3,2,822345
2025-10-31 23:05:00,110278.29,110292.52,110000.0,110000.0,2,822346
2025-10-31 23:10:00,110000.0,110206.72,110000.0,110097.84,2,822347
2025-10-31 23:15:00,110097.84,110097.85,109852.22,109852.22,2,822348
2025-10-31 23:20:00,109852.21,110058.3,109806.37,110058.29,2,822349
2025-10-31 23:25:00,110058.29,110159.52,109990.79,110112.72,2,822350
2025-10-31 23:30:00,110112.71,110145.73,109924.0,109924.0,2,822351
2025-10-31 23:35:00,109924.01,110063.24,109907.58,110031.86,2,822352
2025-10-31 23:40:00,110031.86,110031.87,109606.1,109716.08,2,822353
2025-10-31 23:45:00,109716.08,109716.09,109500.02,109512.0,2,822354
2025-10-31 23:50:00,109511.99,109512.0,108928.96,109143.6,2,822355
2025-10-31 23:55:00,109143.6,109215.93,108671.25,108845.4,2,822356
2025-11-01 00:00:00,108845.4,109046.75,108635.77,109040.88,2,822357
2025-11-01 00:05:00,109040.88,109226.63,108902.0,109155.49,2,822358
2025-11-01 00:10:00,109155.48,109199.91,108900.41,108931.68,2,822359
2025-11-01 00:15:00,108931.69,108970.43,108635.0,108751.85,1,822360
2025-11-01 00:20:00,108751.85,109144.51,108737.97,109131.86,0,822361
2025-11-01 00:25:00,109131.85,109218.93,109011.37,109042.51,0,822362
2025-11-01 00:30:00,109042.5,109258.1,109016.99,109191.41,0,822363
2025-11-01 00:35:00,109191.4,109330.59,109051.28,109179.8,0,822364
2025-11-01 00:40:00,109179.79,109316.0,109116.17,109284.47,0,822365
2025-11-01 00:45:00,109284.47,109399.98,109251.45,109324.21,0,822366
2025-11-01 00:50:00,109324.21,109417.91,109305.3,109371.09,0,822367
2025-11-01 00:55:00,109371.09,109371.1,109258.52,109299.98,0,822368
2025-11-01 01:00:00,109299.98,109450.09,109299.98,109414.75,0,822369
2025-11-01 01:05:00,109414.75,109542.16,109362.74,109398.03,0,822370
2025-11-01 01:10:00,109398.04,109530.98,109314.41,109422.77,0,822371
2025-11-01 01:15:00,109422.77,109435.27,109202.07,109270.77,0,822372
2025-11-01 01:20:00,109270.76,109396.14,109270.76,109378.09,0,822373
2025-11-01 01:25:00,109378.08,109389.16,109231.83,109232.0,0,822374
2025-11-01 01:30:00,109232.01,109243.47,108977.14,109031.88,0,822375
2025-11-01 01:35:00,109031.89,109620.48,108974.76,109588.0,0,822376
2025-11-01 01:40:00,109588.01,109817.51,109447.01,109750.49,3,822377
2025-11-01 01:45:00,109750.49,109750.5,109343.61,109410.89,2,822378
2025-11-01 01:50:00,109410.88,109439.99,109341.84,109379.25,2,822379
2025-11-01 01:55:00,109379.24,109493.85,109322.07,109452.35,2,822380
2025-11-01 02:00:00,109452.2,109452.2,109114.52,109203.14,1,822381
2025-11-01 02:05:00,109203.14,109274.21,109167.38,109264.56,0,822382
2025-11-01 02:10:00,109264.55,109358.1,109218.33,109358.09,0,822383
2025-11-01 02:15:00,109358.09,109532.11,109351.12,109532.1,0,822384
2025-11-01 02:20:00,109532.11,109745.61,109519.67,109728.76,0,822385
2025-11-01 02:25:00,109728.76,109939.72,109703.21,109780.01,0,822386
2025-11-01 02:30:00,109780.01,110184.24,109777.06,110074.45,0,822387
2025-11-01 02:35:00,110074.46,110084.62,109850.1,109850.11,0,822388
2025-11-01 02:40:00,109850.1,109967.99,109801.99,109938.23,0,822389
2025-11-01 02:45:00,109938.22,110237.66,109903.51,110084.9,3,822390
2025-11-01 02:50:00,110084.91,110213.71,109984.76,110003.87,2,822391
2025-11-01 02:55:00,110003.86,110018.83,109792.13,109828.78,2,822392
2025-11-01 03:00:00,109828.78,109828.79,109621.3,109631.24,2,822393
2025-11-01 03:05:00,109631.23,109743.19,109560.29,109661.45,2,822394
2025-11-01 03:10:00,109661.45,109826.21,109661.44,109791.03,2,822395
2025-11-01 03:15:00,109791.04,109814.79,109710.27,109723.47,2,822396
2025-11-01 03:20:00,109723.47,109822.17,109640.08,109702.95,2,822397
2025-11-01 03:25:00,109702.94,109725.26,109647.44,109687.91,2,822398
2025-11-01 03:30:00,109687.91,109708.49,109500.0,109573.73,2,822399
2025-11-01 03:35:00,109573.73,109573.74,109510.22,109546.27,2,822400
2025-11-01 03:40:00,109546.28,109579.6,109511.04,109534.48,2,822401
2025-11-01 03:45:00,109534.47,109782.86,109524.79,109768.87,2,822402
2025-11-01 03:50:00,109768.87,109768.87,109473.85,109480.58,2,822403
2025-11-01 03:55:00,109480.57,109502.74,109438.12,109493.85,2,822404
2025-11-01 04:00:00,109493.84,109592.16,109492.48,109586.39,2,822405
2025-11-01 04:05:00,109586.38,109591.8,109536.1,109576.64,2,822406
2025-11-01 04:10:00,109576.63,109576.63,109329.15,109338.96,1,822407
2025-11-01 04:15:00,109338.97,109530.17,109338.96,109530.16,0,822408
2025-11-01 04:20:00,109530.16,109685.28,109524.27,109647.72,0,822409
2025-11-01 04:25:00,109647.71,109647.72,109544.13,109548.6,0,822410
2025-11-01 04:30:00,109548.6,109562.79,109451.11,109469.03,0,822411
2025-11-01 04:35:00,109469.02,109750.0,109451.14,109738.14,0,822412
2025-11-01 04:40:00,109738.13,109738.13,109562.21,109562.21,0,822413
2025-11-01 04:45:00,109562.21,109659.0,109554.11,109598.53,0,822414
2025-11-01 04:50:00,109598.52,109687.18,109573.18,109600.01,0,822415
2025-11-01 04:55:00,109600.0,109600.01,109547.52,109558.48,0,822416
2025-11-01 05:00:00,109558.48,109578.66,109483.66,109527.89,0,822417
2025-11-01 05:05:00,109527.9,109639.95,109527.89,109618.42,0,822418
2025-11-01 05:10:00,109618.42,109746.78,109618.42,109706.12,0,822419
2025-11-01 05:15:00,109706.13,109801.89,109706.12,109801.78,0,822420
2025-11-01 05:20:00,109801.78,109801.79,109588.3,109588.32,0,822421
2025-11-01 05:25:00,109588.32,109656.57,109588.31,109656.57,0,822422
2025-11-01 05:30:00,109656.56,109721.9,109630.38,109705.73,0,822423
2025-11-01 05:35:00,109705.73,109733.34,109678.73,109705.11,0,822424
2025-11-01 05:40:00,109705.1,109726.18,109630.0,109630.0,0,822425
2025-11-01 05:45:00,109630.0,109630.01,109570.87,109591.63,0,822426
2025-11-01 05:50:00,109591.62,109620.46,109580.02,109612.1,0,822427
2025-11-01 05:55:00,109612.09,109629.17,109580.08,109580.09,0,822428
2025-11-01 06:00:00,109580.08,109608.0,109580.0,109608.0,0,822429
2025-11-01 06:05:00,109607.99,109608.0,109564.15,109593.71,0,822430
2025-11-01 06:10:00,109593.71,109593.72,109544.49,109544.5,0,822431
2025-11-01 06:15:00,109544.49,109629.16,109540.55,109584.39,0,822432
2025-11-01 06:20:00,109584.39,109597.79,109584.39,109597.78,0,822433
2025-11-01 06:25:00,109597.77,109616.66,109597.77,109613.24,0,822434
2025-11-01 06:30:00,109613.23,109613.24,109518.22,109548.91,0,822435
2025-11-01 06:35:00,109548.91,109598.53,109548.91,109576.06,0,822436
2025-11-01 06:40:00,109576.07,109655.39,109576.06,109651.35,0,822437
2025-11-01 06:45:00,109651.35,109683.31,109617.71,109628.01,0,822438
2025-11-01 06:50:00,109628.02,109628.02,109619.51,109619.51,0,822439
2025-11-01 06:55:00,109619.52,109621.63,109608.0,109608.01,0,822440
2025-11-01 07:00:00,109608.01,109639.64,109441.26,109444.44,0,822441
2025-11-01 07:05:00,109444.44,109444.45,109415.29,109439.51,0,822442
2025-11-01 07:10:00,109439.5,109493.83,109439.5,109471.44,0,822443
2025-11-01 07:15:00,109471.44,109523.84,109449.55,109462.01,0,822444
2025-11-01 07:20:00,109462.0,109493.85,109394.81,109493.84,0,822445
2025-11-01 07:25:00,109493.84,109564.32,109490.7,109537.24,0,822446
2025-11-01 07:30:00,109537.23,109537.24,109433.07,109445.34,0,822447
2025-11-01 07:35:00,109445.34,109513.53,109445.34,109492.03,0,822448
2025-11-01 07:40:00,109492.02,109615.51,109491.99,109615.5,0,822449
2025-11-01 07:45:00,109615.51,109749.12,109615.5,109734.87,0,822450
2025-11-01 07:50:00,109734.86,109751.99,109682.22,109682.22,0,822451
2025-11-01 07:55:00,109682.23,109740.0,109682.21,109730.78,0,822452
2025-11-01 08:00:00,109730.78,109877.0,109724.92,109837.33,0,822453
2025-11-01 08:05:00,109837.32,109843.99,109782.08,109804.85,0,822454
2025-11-01 08:10:00,109804.85,109804.85,109754.7,109772.81,0,822455
2025-11-01 08:15:00,109772.81,109786.29,109705.59,109724.06,0,822456
2025-11-01 08:20:00,109724.06,109768.55,109699.84,109764.5,0,822457
2025-11-01 08:25:00,109764.5,109928.05,109752.41,109928.04,0,822458
2025-11-01 08:30:00,109928.05,110048.0,109837.71,109846.54,0,822459
2025-11-01 08:35:00,109846.53,109865.91,109782.58,109782.59,0,822460
2025-11-01 08:40:00,109782.58,109818.93,109779.99,109818.93,0,822461
2025-11-01 08:45:00,109818.93,109849.99,109808.36,109808.37,0,822462
2025-11-01 08:50:00,109808.36,109819.99,109762.0,109771.7,0,822463
2025-11-01 08:55:00,109771.7,109784.58,109734.1,109734.11,0,822464
2025-11-01 09:00:00,109734.1,109756.47,109632.0,109665.08,0,822465
2025-11-01 09:05:00,109665.07,109676.23,109518.98,109534.16,0,822466
2025-11-01 09:10:00,109534.16,109639.31,109509.21,109639.31,0,822467
2025-11-01 09:15:00,109639.3,109788.9,109639.3,109752.01,0,822468
2025-11-01 09:20:00,109752.01,109772.74,109661.26,109661.26,0,822469
2025-11-01 09:25:00,109661.26,109685.7,109651.53,109651.53,0,822470
2025-11-01 09:30:00,109651.54,109668.84,109530.0,109543.84,0,822471
2025-11-01 09:35:00,109543.83,109543.84,109478.09,109537.08,0,822472
2025-11-01 09:40:00,109537.07,109636.89,109524.27,109619.01,0,822473
2025-11-01 09:45:00,109619.0,109802.4,109619.0,109768.01,0,822474
2025-11-01 09:50:00,109768.0,109872.29,109768.0,109867.58,0,822475
2025-11-01 09:55:00,109867.58,109867.58,109786.19,109790.27,0,822476
2025-11-01 10:00:00,109790.27,109858.99,109789.17,109858.99,0,822477
2025-11-01 10:05:00,109858.99,109948.96,109858.98,109914.0,0,822478
2025-11-01 10:10:00,109914.0,109925.36,109880.96,109900.48,0,822479
2025-11-01 10:15:00,109900.48,110217.89,109900.47,110168.0,0,822480
2025-11-01 10:20:00,110168.01,110168.01,110006.7,110006.71,0,822481
2025-11-01 10:25:00,110006.71,110097.22,110006.7,110034.09,0,822482
2025-11-01 10:30:00,110034.09,110114.28,110026.9,110078.0,0,822483
2025-11-01 10:35:00,110078.01,110143.97,110078.0,110106.15,0,822484
2025-11-01 10:40:00,110106.14,110288.39,110091.0,110167.4,0,822485
2025-11-01 10:45:00,110167.39,110186.61,110130.99,110183.99,0,822486
2025-11-01 10:50:00,110183.99,110212.38,110123.79,110143.21,0,822487
2025-11-01 10:55:00,110143.2,110315.54,110126.44,110226.37,0,822488
2025-11-01 11:00:00,110226.38,110378.0,110226.37,110371.04,0,822489
2025-11-01 11:05:00,110371.05,110564.49,110357.69,110408.76,3,822490
2025-11-01 11:10:00,110408.75,110408.75,110265.61,110265.62,2,822491
2025-11-01 11:15:00,110265.62,110265.63,110109.58,110168.32,2,822492
2025-11-01 11:20:00,110168.31,110270.27,110152.39,110270.25,2,822493
2025-11-01 11:25:00,110270.25,110355.96,110270.25,110291.54,2,822494
2025-11-01 11:30:00,110291.53,110371.9,110291.53,110353.14,2,822495
2025-11-01 11:35:00,110353.13,110353.13,110234.01,110274.21,2,822496
2025-11-01 11:40:00,110274.21,110298.87,110203.64,110280.65,2,822497
2025-11-01 11:45:00,110280.65,110320.0,110226.63,110237.26,2,822498
2025-11-01 11:50:00,110237.27,110322.3,110237.26,110320.74,2,822499
2025-11-01 11:55:00,110320.74,110339.22,110266.27,110291.67,2,822500
2025-11-01 12:00:00,110291.66,110328.0,110161.63,110161.64,2,822501
2025-11-01 12:05:00,110161.64,110175.96,110098.13,110129.94,2,822502
2025-11-01 12:10:00,110129.93,110129.94,110084.31,110098.66,2,822503
2025-11-01 12:15:00,110098.66,110187.42,110050.0,110167.07,2,822504
2025-11-01 12:20:00,110167.06,110167.06,110066.76,110082.37,2,822505
2025-11-01 12:25:00,110082.36,110145.33,110082.36,110145.33,2,822506
2025-11-01 12:30:00,110145.33,110196.46,110120.23,110196.46,2,822507
2025-11-01 12:35:00,110196.46,110382.87,110196.45,110371.84,2,822508
2025-11-01 12:40:00,110371.84,110371.84,110281.22,110281.22,2,822509
2025-11-01 12:45:00,110281.23,110281.23,110223.3,110223.32,2,822510
2025-11-01 12:50:00,110223.31,110248.14,110203.73,110220.69,2,822511
2025-11-01 12:55:00,110220.48,110220.48,110105.94,110140.79,2,822512
2025-11-01 13:00:00,110140.78,110156.74,110131.65,110137.18,2,822513
2025-11-01 13:05:00,110137.18,110137.19,110033.0,110039.68,2,822514
2025-11-01 13:10:00,110039.68,110080.0,110039.67,110057.98,2,822515
2025-11-01 13:15:00,110057.99,110060.75,110020.83,110043.89,2,822516
2025-11-01 13:20:00,110043.89,110050.0,109997.26,110007.17,2,822517
2025-11-01 13:25:00,110007.17,110019.86,109997.29,110017.27,2,822518
2025-11-01 13:30:00,110017.27,110157.3,110017.27,110157.3,2,822519
2025-11-01 13:35:00,110157.3,110175.38,110102.74,110121.95,2,822520
2025-11-01 13:40:00,110121.94,110121.94,109951.43,109967.09,2,822521
2025-11-01 13:45:00,109967.1,110000.0,109933.86,109981.07,2,822522
2025-11-01 13:50:00,109981.06,109995.61,109958.61,109995.61,2,822523
2025-11-01 13:55:00,109995.6,110007.99,109985.31,110004.82,2,822524
2025-11-01 14:00:00,110004.82,110046.38,109992.78,110038.0,2,822525
2025-11-01 14:05:00,110037.99,110126.89,110033.11,110126.89,2,822526
2025-11-01 14:10:00,110126.89,110126.89,110044.08,110044.08,2,822527
2025-11-01 14:15:00,110044.08,110193.99,110044.08,110106.98,2,822528
2025-11-01 14:20:00,110106.97,110172.85,110089.16,110165.9,2,822529
2025-11-01 14:25:00,110165.89,110196.85,110130.52,110175.03,2,822530
2025-11-01 14:30:00,110175.03,110251.67,110175.03,110199.31,2,822531
2025-11-01 14:35:00,110199.3,110226.64,110180.8,110183.73,2,822532
2025-11-01 14:40:00,110183.72,110183.73,110074.01,110094.39,2,822533
2025-11-01 14:45:00,110094.38,110097.57,110026.01,110026.01,2,822534
2025-11-01 14:50:00,110026.01,110085.68,110025.99,110085.67,2,822535
2025-11-01 14:55:00,110085.68,110095.43,110064.0,110071.4,2,822536
2025-11-01 15:00:00,110071.4,110161.38,110071.4,110148.19,2,822537
2025-11-01 15:05:00,110148.19,110194.58,110102.0,110169.98,2,822538
2025-11-01 15:10:00,110169.99,110177.19,110126.56,110160.0,2,822539
2025-11-01 15:15:00,110160.0,110268.86,110159.99,110189.32,2,822540
2025-11-01 15:20:00,110189.32,110216.62,110189.32,110198.57,2,822541
2025-11-01 15:25:00,110198.56,110200.0,110173.0,110188.89,2,822542
2025-11-01 15:30:00,110188.9,110233.82,110185.0,110207.01,2,822543
2025-11-01 15:35:00,110207.0,110211.01,110187.96,110187.97,2,822544
2025-11-01 15:40:00,110187.97,110198.6,110180.0,110180.01,2,822545
2025-11-01 15:45:00,110180.01,110229.85,110180.0,110229.84,2,822546
2025-11-01 15:50:00,110229.85,110270.9,110204.73,110230.64,2,822547
2025-11-01 15:55:00,110230.65,110254.12,110221.0,110248.88,2,822548
2025-11-01 16:00:00,110248.88,110248.88,110175.55,110224.0,2,822549
2025-11-01 16:05:00,110223.99,110224.0,110180.45,110193.48,2,822550
2025-11-01 16:10:00,110193.48,110233.45,110192.46,110233.45,2,822551
2025-11-01 16:15:00,110233.45,110254.55,110225.19,110225.19,2,822552
2025-11-01 16:20:00,110225.2,110225.2,110161.56,110181.34,2,822553
2025-11-01 16:25:00,110181.35,110183.91,110142.85,110182.45,2,822554
2025-11-01 16:30:00,110182.46,110182.46,110077.04,110077.05,2,822555
2025-11-01 16:35:00,110077.05,110086.84,110068.08,110072.23,2,822556
2025-11-01 16:40:00,110072.23,110072.23,109981.19,110005.53,2,822557
2025-11-01 16:45:00,110005.54,110121.95,110005.53,110053.8,2,822558
2025-11-01 16:50:00,110053.79,110058.97,109970.18,109970.61,2,822559
2025-11-01 16:55:00,109970.61,109991.29,109970.6,109991.29,2,822560
2025-11-01 17:00:00,109991.29,110099.98,109991.28,110076.38,2,822561
2025-11-01 17:05:00,110076.38,110076.39,109970.57,109972.39,2,822562
2025-11-01 17:10:00,109972.38,109972.39,109854.72,109893.99,2,822563
2025-11-01 17:15:00,109894.0,109954.02,109893.99,109954.02,2,822564
2025-11-01 17:20:00,109954.02,109974.0,109954.01,109974.0,2,822565
2025-11-01 17:25:00,109973.99,110017.27,109973.99,110007.92,2,822566
2025-11-01 17:30:00,110007.91,110050.0,110006.07,110040.25,2,822567
2025-11-01 17:35:00,110040.25,110040.25,109976.82,110005.21,2,822568
2025-11-01 17:40:00,110005.21,110080.0,110005.2,110080.0,2,822569
2025-11-01 17:45:00,110079.99,110110.0,110070.26,110110.0,2,822570
2025-11-01 17:50:00,110109.99,110169.23,110083.85,110121.96,2,822571
2025-11-01 17:55:00,110121.95,110147.83,110121.95,110147.83,2,822572
2025-11-01 18:00:00,110147.83,110200.0,110147.83,110171.5,2,822573
2025-11-01 18:05:00,110171.49,110238.78,110171.49,110215.56,2,822574
2025-11-01 18:10:00,110215.56,110226.47,110193.6,110193.61,2,822575
2025-11-01 18:15:00,110193.6,110197.5,110182.0,110197.5,2,822576
2025-11-01 18:20:00,110197.5,110197.5,110108.0,110108.0,2,822577
2025-11-01 18:25:00,110108.0,110108.01,110052.23,110052.24,2,822578
2025-11-01 18:30:00,110052.24,110052.24,110000.01,110033.03,2,822579
2025-11-01 18:35:00,110033.02,110037.22,110014.71,110037.21,2,822580
2025-11-01 18:40:00,110037.22,110093.18,110037.21,110093.18,2,822581
2025-11-01 18:45:00,110093.18,110108.45,110086.68,110108.45,2,822582
2025-11-01 18:50:00,110108.45,110187.03,110108.45,110122.01,2,822583
2025-11-01 18:55:00,110122.0,110148.35,110109.1,110137.59,2,822584
2025-11-01 19:00:00,110137.59,110153.78,110133.69,110142.6,2,822585
2025-11-01 19:05:00,110142.6,110179.44,110142.59,110179.43,2,822586
2025-11-01 19:10:00,110179.43,110200.0,110097.71,110097.72,2,822587
2025-11-01 19:15:00,110097.72,110120.01,110066.03,110078.89,2,822588
2025-11-01 19:20:00,110078.89,110078.89,110000.01,110039.99,2,822589
2025-11-01 19:25:00,110040.0,110079.08,110039.99,110078.89,2,822590
2025-11-01 19:30:00,110078.89,110156.11,110078.89,110130.56,2,822591
2025-11-01 19:35:00,110130.55,110140.55,110101.37,110140.54,2,822592
2025-11-01 19:40:00,110140.54,110152.54,110140.54,110152.53,2,822593
2025-11-01 19:45:00,110152.53,110152.54,110034.04,110052.96,2,822594
2025-11-01 19:50:00,110052.97,110053.0,110028.0,110043.55,2,822595
2025-11-01 19:55:00,110043.55,110057.27,110017.26,110017.27,2,822596
2025-11-01 20:00:00,110017.26,110029.83,109956.1,109981.53,2,822597
2025-11-01 20:05:00,109981.52,109981.53,109961.21,109961.22,2,822598
2025-11-01 20:10:00,109961.22,109961.22,109961.21,109961.22,2,822599
2025-11-01 20:15:00,109961.22,110000.0,109961.21,110000.0,2,822600
2025-11-01 20:20:00,109999.99,110017.25,109984.46,110017.25,2,822601
2025-11-01 20:25:00,110017.25,110017.25,109995.73,110008.01,2,822602
2025-11-01 20:30:00,110008.0,110054.96,110006.08,110016.02,2,822603
2025-11-01 20:35:00,110016.01,110016.02,109921.99,109927.78,2,822604
2025-11-01 20:40:00,109927.78,109927.78,109702.66,109777.61,2,822605
2025-11-01 20:45:00,109777.61,109899.83,109777.61,109899.83,2,822606
2025-11-01 20:50:00,109899.83,109992.14,109899.82,109974.85,2,822607
2025-11-01 20:55:00,109974.84,109974.85,109946.24,109946.27,2,822608
2025-11-01 21:00:00,109946.26,109993.98,109932.85,109966.71,2,822609
2025-11-01 21:05:00,109966.7,109980.0,109850.0,109850.01,2,822610
2025-11-01 21:10:00,109850.0,109865.18,109736.47,109747.81,1,822611
2025-11-01 21:15:00,109747.81,109864.2,109728.94,109857.99,0,822612
2025-11-01 21:20:00,109857.99,109890.0,109820.0,109865.81,0,822613
2025-11-01 21:25:00,109865.81,109888.83,109845.0,109888.83,0,822614
2025-11-01 21:30:00,109888.83,109901.02,109874.89,109900.86,0,822615
2025-11-01 21:35:00,109900.86,109900.86,109882.37,109896.77,0,822616
2025-11-01 21:40:00,109896.77,109960.0,109881.99,109938.55,0,822617
2025-11-01 21:45:00,109938.55,109938.55,109910.27,109926.46,0,822618
2025-11-01 21:50:00,109926.47,109926.47,109900.07,109908.89,0,822619
2025-11-01 21:55:00,109908.88,109933.86,109908.88,109933.85,0,822620
2025-11-01 22:00:00,109933.86,109972.98,109910.22,109972.97,0,822621
2025-11-01 22:05:00,109972.98,110348.0,109972.97,110339.0,0,822622
2025-11-01 22:10:00,110339.0,110339.0,110200.0,110200.01,0,822623
2025-11-01 22:15:00,110200.0,110259.98,110166.13,110166.14,0,822624
2025-11-01 22:20:00,110166.13,110184.03,110009.16,110009.17,0,822625
2025-11-01 22:25:00,110009.17,110077.4,109989.11,110060.0,0,822626
2025-11-01 22:30:00,110059.99,110152.42,110059.99,110100.94,0,822627
2025-11-01 22:35:00,110100.94,110121.95,110022.21,110041.17,0,822628
2025-11-01 22:40:00,110041.16,110088.72,110017.27,110076.83,0,822629
2025-11-01 22:45:00,110076.83,110154.45,110067.4,110130.94,0,822630
2025-11-01 22:50:00,110130.93,110154.45,110106.7,110154.44,0,822631
2025-11-01 22:55:00,110154.44,110310.68,110139.08,110310.65,0,822632
2025-11-01 23:00:00,110310.65,110350.01,110246.03,110344.55,0,822633
2025-11-01 23:05:00,110344.54,110470.54,110344.54,110371.14,0,822634
2025-11-01 23:10:00,110371.13,110371.14,110213.49,110213.49,0,822635
2025-11-01 23:15:00,110213.5,110251.85,110208.49,110245.22,0,822636
2025-11-01 23:20:00,110245.21,110300.0,110232.65,110235.41,0,822637
2025-11-01 23:25:00,110235.41,110300.0,110208.49,110208.5,0,822638
2025-11-01 23:30:00,110208.49,110384.0,110208.49,110384.0,0,822639
2025-11-01 23:35:00,110384.0,110419.15,110383.99,110411.03,0,822640
2025-11-01 23:40:00,110411.04,110460.21,110380.0,110460.19,0,822641
2025-11-01 23:45:00,110460.19,110525.0,110400.07,110450.2,0,822642
2025-11-01 23:50:00,110450.19,110529.99,110418.18,110471.4,3,822643
2025-11-01 23:55:00,110471.39,110471.4,110440.0,110464.33,2,822644
2025-11-02 00:00:00,110464.33,110495.04,110352.13,110408.24,2,822645
2025-11-02 00:05:00,110408.24,110416.55,110296.58,110296.58,2,822646
2025-11-02 00:10:00,110296.58,110349.88,110278.46,110349.88,2,822647
2025-11-02 00:15:00,110349.88,110369.55,110237.41,110259.34,2,822648
2025-11-02 00:20:00,110259.34,110282.0,110245.96,110275.01,2,822649
2025-11-02 00:25:00,110275.0,110275.01,110208.73,110208.74,2,822650
2025-11-02 00:30:00,110208.74,110263.88,110208.74,110241.65,2,822651
2025-11-02 00:35:00,110241.65,110346.95,110241.64,110334.99,2,822652
2025-11-02 00:40:00,110334.99,110344.99,110292.0,110292.01,2,822653
2025-11-02 00:45:00,110292.01,110338.96,110292.0,110294.83,2,822654
2025-11-02 00:50:00,110294.84,110318.0,110226.63,110226.64,2,822655
2025-11-02 00:55:00,110226.64,110226.64,110192.0,110208.97,2,822656
2025-11-02 01:00:00,110208.96,110276.07,110193.43,110244.98,2,822657
2025-11-02 01:05:00,110244.97,110262.49,110224.11,110240.56,2,822658
2025-11-02 01:10:00,110240.55,110300.0,110240.55,110280.01,2,822659
2025-11-02 01:15:00,110280.0,110349.2,110270.81,110274.92,2,822660
2025-11-02 01:20:00,110274.91,110317.9,110255.41,110255.42,2,822661
2025-11-02 01:25:00,110255.41,110289.58,110255.41,110260.09,2,822662
2025-11-02 01:30:00,110260.09,110267.71,110231.98,110251.45,2,822663
2025-11-02 01:35:00,110251.45,110251.45,110235.17,110235.17,2,822664
2025-11-02 01:40:00,110235.18,110241.31,110227.82,110241.31,2,822665
2025-11-02 01:45:00,110241.31,110286.0,110241.3,110276.63,2,822666
2025-11-02 01:50:00,110276.63,110352.94,110276.63,110337.39,2,822667
2025-11-02 01:55:00,110337.38,110361.03,110337.38,110341.27,2,822668
2025-11-02 02:00:00,110341.28,110341.28,110233.58,110233.59,2,822669
2025-11-02 02:05:00,110233.58,110252.62,110220.77,110244.55,2,822670
2025-11-02 02:10:00,110244.56,110244.56,110231.45,110231.46,2,822671
2025-11-02 02:15:00,110231.46,110264.96,110231.45,110264.96,2,822672
2025-11-02 02:20:00,110264.95,110300.0,110264.95,110279.53,2,822673
2025-11-02 02:25:00,110279.53,110299.57,110274.34,110274.34,2,822674
2025-11-02 02:30:00,110274.35,110274.35,110243.01,110243.01,2,822675
2025-11-02 02:35:00,110243.02,110248.47,110229.41,110248.46,2,822676
2025-11-02 02:40:00,110248.47,110280.74,110248.46,110280.74,2,822677
2025-11-02 02:45:00,110280.74,110280.74,110269.7,110269.7,2,822678
2025-11-02 02:50:00,110269.71,110313.4,110269.7,110313.4,2,822679
2025-11-02 02:55:00,110313.4,110313.4,110299.99,110299.99,2,822680
2025-11-02 03:00:00,110300.0,110323.2,110298.17,110323.19,2,822681
2025-11-02 03:05:00,110323.2,110329.91,110306.42,110328.56,2,822682
2025-11-02 03:10:00,110328.56,110398.51,110325.3,110340.69,2,822683
2025-11-02 03:15:00,110340.69,110391.51,110328.68,110391.5,2,822684
2025-11-02 03:20:00,110391.5,110482.57,110391.5,110455.1,2,822685
2025-11-02 03:25:00,110455.11,110455.11,110402.06,110445.73,2,822686
2025-11-02 03:30:00,110445.73,110516.17,110400.38,110400.39,2,822687
2025-11-02 03:35:00,110400.38,110469.06,110393.76,110469.05,2,822688
2025-11-02 03:40:00,110469.06,110469.06,110441.2,110441.21,2,822689
2025-11-02 03:45:00,110441.21,110456.58,110362.0,110422.17,2,822690
2025-11-02 03:50:00,110422.17,110449.39,110420.0,110420.0,2,822691
2025-11-02 03:55:00,110420.01,110424.25,110396.78,110406.2,2,822692
2025-11-02 04:00:00,110406.21,110426.0,110400.01,110400.01,2,822693
2025-11-02 04:05:00,110400.02,110400.02,110360.0,110360.01,2,822694
2025-11-02 04:10:00,110360.01,110378.93,110202.25,110214.42,2,822695
2025-11-02 04:15:00,110214.43,110379.1,110214.43,110298.3,2,822696
2025-11-02 04:20:00,110298.3,110352.33,110298.29,110352.32,2,822697
2025-11-02 04:25:00,110352.33,110352.33,110330.37,110351.91,2,822698
2025-11-02 04:30:00,110351.92,110351.92,110325.37,110325.37,2,822699
2025-11-02 04:35:00,110325.38,110325.38,110211.12,110211.13,2,822700
2025-11-02 04:40:00,110211.13,110226.1,110164.47,110203.99,2,822701
2025-11-02 04:45:00,110204.0,110204.0,110053.71,110053.72,2,822702
2025-11-02 04:50:00,110053.71,110100.91,110053.71,110053.73,2,822703
2025-11-02 04:55:00,110053.74,110053.74,109858.44,109862.85,1,822704
2025-11-02 05:00:00,109862.85,109980.98,109862.84,109910.53,0,822705
2025-11-02 05:05:00,109910.54,110047.66,109910.54,110042.1,0,822706
2025-11-02 05:10:00,110042.11,110042.11,109961.01,109961.01,0,822707
2025-11-02 05:15:00,109961.02,109982.23,109954.91,109957.12,0,822708
2025-11-02 05:20:00,109957.13,110017.27,109957.13,110008.4,0,822709
2025-11-02 05:25:00,110008.4,110038.0,109986.67,109998.04,0,822710
2025-11-02 05:30:00,109998.04,110044.72,109998.03,110040.16,0,822711
2025-11-02 05:35:00,110040.16,110064.76,110040.15,110050.11,0,822712
2025-11-02 05:40:00,110050.12,110050.12,110035.58,110049.99,0,822713
2025-11-02 05:45:00,110050.0,110051.01,110035.6,110051.0,0,822714
2025-11-02 05:50:00,110051.01,110059.99,110001.23,110059.99,0,822715
2025-11-02 05:55:00,110059.99,110098.59,110059.99,110092.78,0,822716
2025-11-02 06:00:00,110092.79,110092.79,110039.05,110044.71,0,822717
2025-11-02 06:05:00,110044.7,110078.68,110001.52,110060.47,0,822718
2025-11-02 06:10:00,110060.47,110060.47,110025.75,110036.13,0,822719
2025-11-02 06:15:00,110036.13,110036.15,110006.89,110006.89,0,822720
2025-11-02 06:20:00,110006.9,110092.23,109996.05,110077.92,0,822721
2025-11-02 06:25:00,110077.92,110094.33,110056.0,110086.01,0,822722
2025-11-02 06:30:00,110086.02,110086.02,110060.0,110062.27,0,822723
2025-11-02 06:35:00,110062.27,110076.74,109974.0,110017.28,0,822724
2025-11-02 06:40:00,110017.28,110046.49,110017.27,110046.49,0,822725
2025-11-02 06:45:00,110046.48,110046.49,110026.71,110026.72,0,822726
2025-11-02 06:50:00,110026.71,110054.98,110013.67,110053.16,0,822727
2025-11-02 06:55:00,110053.17,110144.49,110046.56,110098.1,0,822728
2025-11-02 07:00:00,110098.1,110115.94,110039.07,110041.59,0,822729
2025-11-02 07:05:00,110041.6,110086.27,110030.54,110030.55,0,822730
2025-11-02 07:10:00,110030.55,110047.89,110030.54,110037.0,0,822731
2025-11-02 07:15:00,110036.99,110047.89,109951.45,109951.45,0,822732
2025-11-02 07:20:00,109951.46,110037.0,109895.27,110036.99,0,822733
2025-11-02 07:25:00,110037.0,110127.26,110017.24,110030.64,0,822734
2025-11-02 07:30:00,110030.65,110079.13,110001.44,110001.45,0,822735
2025-11-02 07:35:00,110001.45,110069.8,109954.01,109983.99,0,822736
2025-11-02 07:40:00,109984.0,110011.09,109983.98,109998.62,0,822737
2025-11-02 07:45:00,109998.62,110031.62,109972.0,109972.01,0,822738
2025-11-02 07:50:00,109972.01,109985.93,109966.09,109973.63,0,822739
2025-11-02 07:55:00,109973.62,109981.55,109948.99,109974.09,0,822740
2025-11-02 08:00:00,109974.09,110003.3,109957.11,109957.11,0,822741
2025-11-02 08:05:00,109957.12,109957.12,109921.05,109921.06,0,822742
2025-11-02 08:10:00,109921.05,110029.15,109921.05,109986.45,0,822743
2025-11-02 08:15:00,109986.46,110049.06,109978.0,109978.0,0,822744
2025-11-02 08:20:00,109978.01,110037.46,109978.0,110037.45,0,822745
2025-11-02 08:25:00,110037.46,110091.36,110031.79,110091.36,0,822746
2025-11-02 08:30:00,110091.36,110091.36,110047.14,110053.15,0,822747
2025-11-02 08:35:00,110053.16,110079.18,110053.15,110067.82,0,822748
2025-11-02 08:40:00,110067.81,110067.82,110028.25,110041.62,0,822749
2025-11-02 08:45:00,110041.62,110041.63,109948.3,109957.05,0,822750
2025-11-02 08:50:00,109957.04,110016.0,109957.04,109973.99,0,822751
2025-11-02 08:55:00,109973.99,109994.44,109973.98,109978.01,0,822752
2025-11-02 09:00:00,109978.01,109978.01,109920.39,109920.4,0,822753
2025-11-02 09:05:00,109920.4,109920.4,109879.39,109918.0,0,822754
2025-11-02 09:10:00,109918.0,110012.17,109917.99,110012.16,0,822755
2025-11-02 09:15:00,110012.17,110012.17,109893.94,109893.94,0,822756
2025-11-02 09:20:00,109893.95,109949.23,109893.94,109949.23,0,822757
2025-11-02 09:25:00,109949.23,110001.88,109949.22,109995.91,0,822758
2025-11-02 09:30:00,109995.92,110263.91,109995.91,110225.96,0,822759
2025-11-02 09:35:00,110225.96,110225.97,110093.86,110103.16,0,822760
2025-11-02 09:40:00,110103.16,110103.16,110000.0,110009.36,0,822761
2025-11-02 09:45:00,110009.35,110049.65,110009.35,110045.14,0,822762
2025-11-02 09:50:00,110045.14,110050.0,109979.87,109979.88,0,822763
2025-11-02 09:55:00,109979.88,110037.99,109979.87,110015.77,0,822764
2025-11-02 10:00:00,110015.76,110040.0,110010.35,110038.33,0,822765
2025-11-02 10:05:00,110038.32,110038.33,109973.78,109979.66,0,822766
2025-11-02 10:10:00,109979.66,110040.01,109968.01,110026.7,0,822767
2025-11-02 10:15:00,110026.7,110028.39,109998.47,110010.66,0,822768
2025-11-02 10:20:00,110010.66,110010.66,109976.37,109976.38,0,822769
2025-11-02 10:25:00,109976.38,109985.46,109976.37,109985.44,0,822770
2025-11-02 10:30:00,109985.45,110044.5,109985.44,110044.5,0,822771
2025-11-02 10:35:00,110044.5,110086.82,109976.6,109976.62,0,822772
2025-11-02 10:40:00,109976.61,110025.97,109976.61,110023.22,0,822773
2025-11-02 10:45:00,110023.22,110023.22,109982.0,109982.01,0,822774
2025-11-02 10:50:00,109982.0,110007.11,109962.06,110007.11,0,822775
2025-11-02 10:55:00,110007.1,110055.45,110007.1,110053.23,0,822776
2025-11-02 11:00:00,110053.22,110053.35,110030.06,110034.01,0,822777
2025-11-02 11:05:00,110034.01,110126.04,110034.0,110109.01,0,822778
2025-11-02 11:10:00,110109.01,110146.75,110106.08,110116.0,0,822779
2025-11-02 11:15:00,110116.0,110145.99,110052.47,110052.48,0,822780
2025-11-02 11:20:00,110052.48,110152.74,110038.67,110129.39,0,822781
2025-11-02 11:25:00,110129.39,110190.0,110111.98,110131.0,0,822782
2025-11-02 11:30:00,110131.0,110166.56,110079.48,110100.0,0,822783
2025-11-02 11:35:00,110100.0,110163.52,110099.99,110163.52,0,822784
2025-11-02 11:40:00,110163.52,110475.11,110163.51,110435.01,0,822785
2025-11-02 11:45:00,110435.01,110577.29,110426.58,110475.08,0,822786
2025-11-02 11:50:00,110475.07,110582.54,110447.47,110558.98,0,822787
2025-11-02 11:55:00,110558.98,110784.13,110558.97,110670.27,0,822788
2025-11-02 12:00:00,110670.27,110714.04,110600.01,110706.17,0,822789
2025-11-02 12:05:00,110706.18,110706.18,110500.61,110546.22,0,822790
2025-11-02 12:10:00,110546.22,110553.75,110453.45,110512.0,0,822791
2025-11-02 12:15:00,110511.99,110596.74,110468.94,110496.67,0,822792
2025-11-02 12:20:00,110496.66,110496.67,110335.98,110340.14,0,822793
2025-11-02 12:25:00,110340.15,110459.01,110340.15,110456.8,0,822794
2025-11-02 12:30:00,110456.81,110515.29,110430.44,110430.45,0,822795
2025-11-02 12:35:00,110430.45,110430.45,110274.65,110309.27,0,822796
2025-11-02 12:40:00,110309.27,110485.14,110297.53,110485.13,0,822797
2025-11-02 12:45:00,110485.14,110532.62,110357.7,110357.7,0,822798
2025-11-02 12:50:00,110357.71,110480.58,110329.91,110480.57,0,822799
2025-11-02 12:55:00,110480.58,110568.04,110480.57,110497.98,0,822800
2025-11-02 13:00:00,110497.98,110526.74,110400.48,110477.93,0,822801
2025-11-02 13:05:00,110477.94,110477.94,110416.61,110416.62,0,822802
2025-11-02 13:10:00,110416.62,110419.74,110375.78,110375.78,0,822803
2025-11-02 13:15:00,110375.79,110418.53,110365.79,110383.07,0,822804
2025-11-02 13:20:00,110383.07,110383.08,110327.88,110332.05,0,822805
2025-11-02 13:25:00,110332.05,110426.15,110326.21,110413.17,0,822806
2025-11-02 13:30:00,110413.17,110444.2,110376.91,110376.92,0,822807
2025-11-02 13:35:00,110376.92,110376.92,110274.9,110356.6,0,822808
2025-11-02 13:40:00,110356.6,110525.12,110356.6,110525.11,0,822809
2025-11-02 13:45:00,110525.11,110725.9,110519.18,110691.02,0,822810
2025-11-02 13:50:00,110691.01,110716.99,110636.61,110691.46,0,822811
2025-11-02 13:55:00,110691.47,110713.79,110653.05,110663.89,0,822812
2025-11-02 14:00:00,110663.9,110689.34,110580.32,110580.32,0,822813
2025-11-02 14:05:00,110580.32,110580.33,110523.72,110538.1,0,822814
2025-11-02 14:10:00,110538.1,110574.01,110538.09,110549.95,0,822815
2025-11-02 14:15:00,110549.95,110551.47,110488.21,110497.61,0,822816
2025-11-02 14:20:00,110497.61,110514.55,110429.7,110445.02,0,822817
2025-11-02 14:25:00,110445.02,110540.0,110434.04,110503.06,0,822818
2025-11-02 14:30:00,110503.05,110535.79,110473.91,110480.0,0,822819
2025-11-02 14:35:00,110480.0,110579.7,110480.0,110579.7,0,822820
2025-11-02 14:40:00,110579.7,110718.0,110579.7,110690.76,0,822821
2025-11-02 14:45:00,110690.75,110730.41,110647.1,110723.12,0,822822
2025-11-02 14:50:00,110723.13,111033.02,110723.12,111033.0,3,822823
2025-11-02 14:55:00,111033.0,111045.09,110890.98,110895.53,2,822824
2025-11-02 15:00:00,110895.53,111013.43,110838.05,110849.8,2,822825
2025-11-02 15:05:00,110849.81,110854.01,110808.92,110833.49,2,822826
2025-11-02 15:10:00,110833.5,110833.5,110790.06,110798.9,2,822827
2025-11-02 15:15:00,110798.9,110860.43,110788.91,110843.77,2,822828
2025-11-02 15:20:00,110843.76,110843.77,110716.52,110726.92,2,822829
2025-11-02 15:25:00,110726.92,110849.75,110721.0,110797.68,2,822830
2025-11-02 15:30:00,110797.69,110834.5,110736.11,110736.11,2,822831
2025-11-02 15:35:00,110736.12,110843.82,110736.12,110804.04,2,822832
2025-11-02 15:40:00,110804.04,110845.5,110772.0,110827.26,2,822833
2025-11-02 15:45:00,110827.26,110833.11,110767.84,110799.36,2,822834
2025-11-02 15:50:00,110799.36,110849.75,110799.35,110813.83,2,822835
2025-11-02 15:55:00,110813.84,110850.17,110775.59,110850.17,2,822836
2025-11-02 16:00:00,110850.17,110945.47,110850.16,110899.16,2,822837
2025-11-02 16:05:00,110899.16,110989.91,110899.15,110948.52,2,822838
2025-11-02 16:10:00,110948.53,110980.32,110898.16,110978.65,2,822839
2025-11-02 16:15:00,110978.66,110986.77,110911.85,110962.29,2,822840
2025-11-02 16:20:00,110962.29,111037.94,110962.28,111025.31,2,822841
2025-11-02 16:25:00,111025.3,111025.31,110968.28,110968.29,2,822842
2025-11-02 16:30:00,110968.28,110968.29,110736.11,110816.95,2,822843
2025-11-02 16:35:00,110816.94,110837.99,110724.25,110753.56,2,822844
2025-11-02 16:40:00,110753.98,110771.46,110587.42,110625.21,2,822845
2025-11-02 16:45:00,110625.22,110629.13,110525.89,110543.53,2,822846
2025-11-02 16:50:00,110543.54,110654.15,110535.27,110642.72,2,822847
2025-11-02 16:55:00,110642.72,110714.41,110642.0,110714.0,2,822848
2025-11-02 17:00:00,110714.0,110816.68,110663.71,110674.0,2,822849
2025-11-02 17:05:00,110674.0,110736.0,110592.0,110735.99,2,822850
2025-11-02 17:10:00,110735.99,110876.53,110724.0,110868.76,2,822851
2025-11-02 17:15:00,110868.75,110868.76,110668.07,110669.0,2,822852
2025-11-02 17:20:00,110668.99,110702.55,110644.19,110668.8,2,822853
2025-11-02 17:25:00,110668.81,110672.18,110572.8,110578.5,2,822854
2025-11-02 17:30:00,110578.5,110578.51,110346.15,110407.11,2,822855
2025-11-02 17:35:00,110407.1,110419.83,110370.01,110394.36,2,822856
2025-11-02 17:40:00,110394.35,110462.35,110365.04,110390.47,1,822857
2025-11-02 17:45:00,110390.97,110478.71,110386.96,110427.23,0,822858
2025-11-02 17:50:00,110427.23,110458.12,110410.74,110410.76,0,822859
2025-11-02 17:55:00,110410.77,110492.0,110388.23,110492.0,0,822860
2025-11-02 18:00:00,110491.99,110665.14,110482.6,110645.37,0,822861
2025-11-02 18:05:00,110645.37,110672.13,110600.0,110636.06,0,822862
2025-11-02 18:10:00,110636.07,110649.92,110628.9,110645.38,0,822863
2025-11-02 18:15:00,110645.38,110795.99,110645.37,110779.37,0,822864
2025-11-02 18:20:00,110779.36,110831.55,110752.56,110831.54,0,822865
2025-11-02 18:25:00,110831.55,110876.12,110822.59,110844.05,0,822866
2025-11-02 18:30:00,110844.05,110907.11,110730.0,110792.38,0,822867
2025-11-02 18:35:00,110792.38,110888.81,110786.13,110888.8,0,822868
2025-11-02 18:40:00,110888.8,110963.49,110888.8,110901.3,0,822869
2025-11-02 18:45:00,110901.3,111017.15,110901.3,111017.15,0,822870
2025-11-02 18:50:00,111017.14,111229.78,111017.14,111064.96,0,822871
2025-11-02 18:55:00,111064.96,111210.47,111064.96,111196.99,3,822872
2025-11-02 19:00:00,111196.99,111250.0,111098.48,111192.0,2,822873
2025-11-02 19:05:00,111192.01,111250.01,111092.42,111097.13,2,822874
2025-11-02 19:10:00,111097.13,111137.44,111060.0,111095.11,2,822875
2025-11-02 19:15:00,111095.11,111172.0,111072.94,111072.95,2,822876
2025-11-02 19:20:00,111072.94,111100.0,110889.86,111032.0,2,822877
2025-11-02 19:25:00,111032.0,111042.78,110920.02,110935.85,2,822878
2025-11-02 19:30:00,110935.84,111013.11,110864.19,110864.19,2,822879
2025-11-02 19:35:00,110864.19,110864.2,110800.0,110816.7,2,822880
2025-11-02 19:40:00,110816.7,110896.0,110794.0,110819.99,2,822881
2025-11-02 19:45:00,110820.0,110820.0,110678.25,110770.31,2,822882
2025-11-02 19:50:00,110770.3,110819.45,110749.65,110805.26,2,822883
2025-11-02 19:55:00,110805.26,110823.91,110730.99,110736.24,2,822884
2025-11-02 20:00:00,110736.24,110766.79,110666.66,110677.98,2,822885
2025-11-02 20:05:00,110677.98,110677.98,110572.35,110617.66,2,822886
2025-11-02 20:10:00,110617.66,110638.0,110602.02,110603.35,2,822887
2025-11-02 20:15:00,110603.34,110603.35,110444.39,110450.06,2,822888
2025-11-02 20:20:00,110450.06,110450.06,110173.84,110272.2,1,822889
2025-11-02 20:25:00,110272.21,110407.24,110265.25,110407.23,0,822890
2025-11-02 20:30:00,110407.24,110480.61,110358.66,110425.02,0,822891
2025-11-02 20:35:00,110425.02,110425.03,110283.8,110349.99,0,822892
2025-11-02 20:40:00,110350.0,110377.85,110305.92,110370.28,0,822893
2025-11-02 20:45:00,110370.28,110497.23,110314.94,110491.27,0,822894
2025-11-02 20:50:00,110491.27,110547.25,110452.12,110547.25,0,822895
2025-11-02 20:55:00,110547.25,110592.98,110472.0,110568.65,0,822896
2025-11-02 21:00:00,110568.65,110655.38,110484.68,110655.38,3,822897
2025-11-02 21:05:00,110655.38,110666.0,110623.64,110654.67,2,822898
2025-11-02 21:10:00,110654.67,110667.62,110438.58,110479.85,2,822899
2025-11-02 21:15:00,110479.85,110535.21,110344.0,110460.56,2,822900
2025-11-02 21:20:00,110460.57,110460.57,110314.95,110433.15,2,822901
2025-11-02 21:25:00,110433.15,110437.0,110205.0,110307.99,2,822902
2025-11-02 21:30:00,110308.0,110397.0,110298.97,110366.43,2,822903
2025-11-02 21:35:00,110366.42,110426.84,110351.1,110385.94,2,822904
2025-11-02 21:40:00,110385.94,110543.99,110356.73,110356.74,2,822905
2025-11-02 21:45:00,110356.73,110356.74,110202.16,110305.99,2,822906
2025-11-02 21:50:00,110306.0,110521.35,110305.99,110485.26,2,822907
2025-11-02 21:55:00,110485.26,110495.2,110376.45,110422.24,2,822908
2025-11-02 22:00:00,110422.24,110422.25,110273.16,110356.03,2,822909
2025-11-02 22:05:00,110356.03,110408.26,110270.62,110408.25,2,822910
2025-11-02 22:10:00,110408.26,110432.01,110327.81,110392.05,2,822911
2025-11-02 22:15:00,110392.04,110452.55,110383.16,110450.87,2,822912
2025-11-02 22:20:00,110450.87,110500.0,110448.75,110497.14,2,822913
2025-11-02 22:25:00,110497.15,110566.86,110485.28,110523.9,2,822914
2025-11-02 22:30:00,110523.9,110552.53,110489.13,110540.16,2,822915
2025-11-02 22:35:00,110540.15,110566.08,110440.01,110544.08,2,822916
2025-11-02 22:40:00,110544.09,110544.09,110236.76,110274.85,2,822917
2025-11-02 22:45:00,110274.86,110354.6,110230.76,110230.77,2,822918
2025-11-02 22:50:00,110230.77,110265.52,110226.63,110240.71,2,822919
2025-11-02 22:55:00,110240.7,110240.71,110096.32,110117.48,2,822920
2025-11-02 23:00:00,110117.49,110143.53,109828.69,109870.92,2,822921
2025-11-02 23:05:00,109870.92,109916.0,109836.41,109872.42,2,822922
2025-11-02 23:10:00,109872.42,109930.51,109814.91,109834.98,1,822923
2025-11-02 23:15:00,109834.98,109892.61,109735.59,109859.2,0,822924
2025-11-02 23:20:00,109859.19,110074.53,109859.19,110019.58,0,822925
2025-11-02 23:25:00,110019.58,110081.52,110014.0,110081.51,0,822926
2025-11-02 23:30:00,110081.51,110107.36,109947.98,109998.0,0,822927
2025-11-02 23:35:00,109998.0,110121.95,109980.35,110047.5,0,822928
2025-11-02 23:40:00,110047.5,110096.57,110028.5,110077.99,0,822929
2025-11-02 23:45:00,110077.99,110077.99,109961.41,109999.51,0,822930
2025-11-02 23:50:00,109999.5,110100.0,109971.98,110063.08,0,822931
2025-11-02 23:55:00,110063.09,110133.76,110063.09,110115.34,0,822932
