date,open,high,low,close,label,source_idx
2021-07-19 00:35:00,31483.34,31511.0,31475.38,31505.75,0,371450
2021-07-19 00:40:00,31505.77,31546.1,31485.67,31540.14,0,371451
2021-07-19 00:45:00,31540.14,31763.11,31524.33,31660.7,0,371452
2021-07-19 00:50:00,31660.71,31671.34,31592.97,31639.18,0,371453
2021-07-19 00:55:00,31639.18,31639.19,31590.56,31595.44,0,371454
2021-07-19 01:00:00,31596.68,31620.89,31566.46,31588.01,0,371455
2021-07-19 01:05:00,31588.01,31619.14,31563.9,31616.15,0,371456
2021-07-19 01:10:00,31616.15,31670.84,31601.01,31650.63,0,371457
2021-07-19 01:15:00,31652.97,31652.99,31611.58,31624.99,0,371458
2021-07-19 01:20:00,31624.84,31631.09,31583.33,31631.09,0,371459
2021-07-19 01:25:00,31631.09,31668.99,31619.0,31663.99,0,371460
2021-07-19 01:30:00,31663.99,31669.0,31622.3,31646.0,0,371461
2021-07-19 01:35:00,31646.0,31648.01,31616.45,31622.82,0,371462
2021-07-19 01:40:00,31622.82,31653.7,31622.78,31640.79,0,371463
2021-07-19 01:45:00,31640.5,31658.07,31637.0,31644.02,0,371464
2021-07-19 01:50:00,31644.02,31669.71,31640.7,31645.07,0,371465
2021-07-19 01:55:00,31645.07,31656.0,31584.15,31604.51,0,371466
2021-07-19 02:00:00,31604.51,31643.33,31604.5,31635.8,0,371467
2021-07-19 02:05:00,31635.79,31657.42,31635.79,31643.25,0,371468
2021-07-19 02:10:00,31643.25,31678.56,31639.35,31667.0,0,371469
2021-07-19 02:15:00,31666.99,31675.05,31641.71,31647.44,0,371470
2021-07-19 02:20:00,31647.45,31726.66,31647.45,31704.32,0,371471
2021-07-19 02:25:00,31706.22,31723.0,31680.01,31695.5,0,371472
2021-07-19 02:30:00,31695.49,31695.5,31668.82,31671.01,0,371473
2021-07-19 02:35:00,31671.02,31692.0,31662.68,31676.99,0,371474
2021-07-19 02:40:00,31677.0,31677.0,31635.79,31651.99,0,371475
2021-07-19 02:45:00,31651.98,31678.76,31638.93,31638.93,0,371476
2021-07-19 02:50:00,31638.93,31647.33,31621.68,31624.72,0,371477
2021-07-19 02:55:00,31624.72,31653.14,31624.72,31643.8,0,371478
2021-07-19 03:00:00,31642.91,31676.18,31606.06,31625.17,0,371479
2021-07-19 03:05:00,31625.15,31684.98,31607.89,31678.19,0,371480
2021-07-19 03:10:00,31678.2,31741.8,31678.19,31710.0,3,371481
2021-07-19 03:15:00,31710.0,31717.71,31687.45,31695.46,2,371482
2021-07-19 03:20:00,31695.46,31695.47,31666.76,31672.6,2,371483
2021-07-19 03:25:00,31672.6,31679.17,31641.12,31647.44,2,371484
2021-07-19 03:30:00,31647.44,31674.99,31647.44,31665.4,2,371485
2021-07-19 03:35:00,31665.4,31668.76,31642.27,31648.31,2,371486
2021-07-19 03:40:00,31648.31,31670.7,31646.41,31658.44,2,371487
2021-07-19 03:45:00,31658.44,31689.91,31658.44,31687.69,2,371488
2021-07-19 03:50:00,31687.69,31722.42,31686.7,31701.47,2,371489
2021-07-19 03:55:00,31701.47,31711.0,31625.01,31630.29,2,371490
2021-07-19 04:00:00,31630.3,31630.3,31585.43,31613.93,2,371491
2021-07-19 04:05:00,31613.73,31648.39,31580.0,31589.8,1,371492
2021-07-19 04:10:00,31589.29,31652.9,31544.8,31637.23,0,371493
2021-07-19 04:15:00,31637.24,31699.98,31630.99,31674.58,0,371494
2021-07-19 04:20:00,31674.57,31685.78,31660.9,31675.09,0,371495
2021-07-19 04:25:00,31674.99,31691.59,31662.88,31674.84,0,371496
2021-07-19 04:30:00,31674.85,31681.87,31650.82,31655.0,0,371497
2021-07-19 04:35:00,31655.0,31669.61,31654.99,31658.94,0,371498
2021-07-19 04:40:00,31658.94,31673.31,31631.13,31667.52,0,371499
2021-07-19 04:45:00,31663.51,31866.66,31657.32,31814.47,0,371500
2021-07-19 04:50:00,31814.46,31820.91,31769.88,31782.47,0,371501
2021-07-19 04:55:00,31782.47,31830.0,31774.33,31814.5,0,371502
2021-07-19 05:00:00,31814.5,31920.73,31814.5,31892.3,3,371503
2021-07-19 05:05:00,31892.27,31943.0,31844.76,31844.98,2,371504
2021-07-19 05:10:00,31844.97,31855.22,31701.0,31710.06,2,371505
2021-07-19 05:15:00,31710.06,31715.14,31420.0,31556.97,2,371506
2021-07-19 05:20:00,31556.97,31583.74,31517.23,31544.86,2,371507
2021-07-19 05:25:00,31544.85,31600.0,31526.32,31587.81,2,371508
2021-07-19 05:30:00,31587.81,31626.32,31580.3,31609.9,2,371509
2021-07-19 05:35:00,31609.89,31623.99,31534.0,31559.03,2,371510
2021-07-19 05:40:00,31559.03,31576.83,31496.73,31521.07,2,371511
2021-07-19 05:45:00,31521.06,31578.2,31505.74,31542.06,2,371512
2021-07-19 05:50:00,31542.05,31565.09,31492.69,31517.21,1,371513
2021-07-19 05:55:00,31517.22,31567.0,31517.21,31557.91,0,371514
2021-07-19 06:00:00,31557.91,31578.74,31508.92,31572.57,0,371515
2021-07-19 06:05:00,31572.56,31572.57,31525.85,31536.78,0,371516
2021-07-19 06:10:00,31536.78,31579.12,31524.57,31564.22,0,371517
2021-07-19 06:15:00,31564.21,31565.94,31534.74,31562.3,0,371518
2021-07-19 06:20:00,31562.29,31586.92,31515.28,31581.1,0,371519
2021-07-19 06:25:00,31581.1,31628.9,31574.03,31601.37,0,371520
2021-07-19 06:30:00,31601.38,31644.87,31581.04,31618.36,0,371521
2021-07-19 06:35:00,31618.09,31667.7,31608.78,31658.89,0,371522
2021-07-19 06:40:00,31658.89,31750.0,31658.89,31717.0,0,371523
2021-07-19 06:45:00,31717.0,31871.49,31717.0,31860.63,3,371524
2021-07-19 06:50:00,31858.37,31871.68,31785.71,31793.52,2,371525
2021-07-19 06:55:00,31793.52,31807.0,31749.81,31778.56,2,371526
2021-07-19 07:00:00,31778.57,31818.12,31657.8,31720.55,1,371527
2021-07-19 07:05:00,31720.55,31854.77,31720.13,31769.98,0,371528
2021-07-19 07:10:00,31767.71,31817.37,31756.22,31815.85,3,371529
2021-07-19 07:15:00,31814.79,31861.79,31774.49,31790.66,2,371530
2021-07-19 07:20:00,31790.65,31810.34,31749.03,31764.66,2,371531
2021-07-19 07:25:00,31764.66,31785.18,31683.43,31721.09,2,371532
2021-07-19 07:30:00,31724.78,31748.72,31674.06,31674.06,2,371533
2021-07-19 07:35:00,31674.07,31712.23,31630.0,31633.27,2,371534
2021-07-19 07:40:00,31635.14,31658.4,31589.39,31645.59,2,371535
2021-07-19 07:45:00,31645.58,31645.58,31556.29,31576.72,2,371536
2021-07-19 07:50:00,31576.77,31598.19,31551.02,31554.34,2,371537
2021-07-19 07:55:00,31554.33,31660.14,31541.27,31600.68,2,371538
2021-07-19 08:00:00,31600.69,31600.69,31535.85,31552.98,2,371539
2021-07-19 08:05:00,31552.98,31555.69,31480.87,31521.55,2,371540
2021-07-19 08:10:00,31521.56,31543.59,31482.49,31499.12,2,371541
2021-07-19 08:15:00,31499.12,31511.4,31431.87,31454.99,1,371542
2021-07-19 08:20:00,31454.99,31543.79,31441.01,31486.35,0,371543
2021-07-19 08:25:00,31486.34,31550.0,31486.26,31536.06,0,371544
2021-07-19 08:30:00,31536.05,31536.06,31469.41,31501.12,0,371545
2021-07-19 08:35:00,31501.13,31529.84,31480.28,31492.96,0,371546
2021-07-19 08:40:00,31492.96,31599.99,31492.42,31583.83,0,371547
2021-07-19 08:45:00,31582.99,31643.96,31572.46,31586.93,0,371548
2021-07-19 08:50:00,31589.29,31606.38,31557.55,31571.07,0,371549
2021-07-19 08:55:00,31571.07,31608.81,31562.85,31601.76,0,371550
2021-07-19 09:00:00,31601.76,31636.93,31567.76,31627.13,0,371551
2021-07-19 09:05:00,31627.13,31640.77,31606.44,31632.72,0,371552
2021-07-19 09:10:00,31629.88,31681.56,31629.88,31674.21,3,371553
2021-07-19 09:15:00,31677.68,31687.1,31615.33,31619.29,2,371554
2021-07-19 09:20:00,31619.29,31650.08,31619.29,31643.0,2,371555
2021-07-19 09:25:00,31643.0,31655.41,31623.45,31626.33,2,371556
2021-07-19 09:30:00,31626.33,31632.93,31500.0,31500.0,2,371557
2021-07-19 09:35:00,31500.0,31562.3,31471.11,31539.02,2,371558
2021-07-19 09:40:00,31538.09,31581.23,31524.24,31547.0,2,371559
2021-07-19 09:45:00,31545.86,31585.49,31509.1,31514.66,2,371560
2021-07-19 09:50:00,31514.65,31588.09,31512.14,31569.92,2,371561
2021-07-19 09:55:00,31569.92,31584.6,31514.22,31515.79,2,371562
2021-07-19 10:00:00,31515.78,31521.12,31451.0,31509.35,2,371563
2021-07-19 10:05:00,31509.35,31564.36,31509.35,31540.75,2,371564
2021-07-19 10:10:00,31540.74,31571.93,31526.71,31559.57,2,371565
2021-07-19 10:15:00,31559.56,31610.0,31559.55,31586.55,2,371566
2021-07-19 10:20:00,31586.54,31604.81,31500.58,31518.13,2,371567
2021-07-19 10:25:00,31514.91,31541.45,31509.58,31535.58,2,371568
2021-07-19 10:30:00,31534.68,31536.38,31491.55,31491.55,1,371569
2021-07-19 10:35:00,31491.54,31568.23,31489.83,31566.31,0,371570
2021-07-19 10:40:00,31566.31,31614.86,31540.35,31610.0,0,371571
2021-07-19 10:45:00,31610.0,31610.0,31560.6,31567.41,0,371572
2021-07-19 10:50:00,31567.41,31591.82,31535.41,31543.19,0,371573
2021-07-19 10:55:00,31543.19,31578.9,31537.71,31541.57,0,371574
2021-07-19 11:00:00,31541.58,31607.98,31537.72,31577.41,0,371575
2021-07-19 11:05:00,31577.41,31597.03,31523.28,31541.78,0,371576
2021-07-19 11:10:00,31541.77,31566.84,31524.27,31558.14,0,371577
2021-07-19 11:15:00,31556.14,31594.58,31554.0,31575.94,0,371578
2021-07-19 11:20:00,31580.84,31625.24,31574.22,31586.15,0,371579
2021-07-19 11:25:00,31586.15,31736.4,31586.14,31671.81,0,371580
2021-07-19 11:30:00,31671.81,31706.44,31645.76,31650.0,0,371581
2021-07-19 11:35:00,31650.0,31682.93,31650.0,31670.01,0,371582
2021-07-19 11:40:00,31670.0,31699.92,31660.04,31672.78,0,371583
2021-07-19 11:45:00,31672.78,31782.86,31667.31,31743.65,0,371584
2021-07-19 11:50:00,31743.66,31750.0,31706.44,31720.15,0,371585
2021-07-19 11:55:00,31719.55,31746.1,31714.5,31742.0,0,371586
2021-07-19 12:00:00,31742.0,31750.0,31709.69,31748.97,0,371587
2021-07-19 12:05:00,31748.96,31790.89,31729.01,31733.1,0,371588
2021-07-19 12:10:00,31733.11,31749.84,31716.82,31718.98,0,371589
2021-07-19 12:15:00,31718.99,31742.87,31700.0,31707.0,0,371590
2021-07-19 12:20:00,31707.0,31711.0,31652.84,31665.35,0,371591
2021-07-19 12:25:00,31665.36,31681.62,31643.49,31673.4,0,371592
2021-07-19 12:30:00,31673.4,31720.93,31666.76,31700.96,0,371593
2021-07-19 12:35:00,31700.97,31719.83,31663.8,31691.46,0,371594
2021-07-19 12:40:00,31691.46,31726.73,31688.45,31697.82,0,371595
2021-07-19 12:45:00,31697.83,31899.0,31697.83,31855.75,3,371596
2021-07-19 12:50:00,31855.75,31860.0,31785.0,31814.05,2,371597
2021-07-19 12:55:00,31814.05,31829.57,31784.73,31788.0,2,371598
2021-07-19 13:00:00,31787.99,31860.0,31786.17,31807.45,2,371599
2021-07-19 13:05:00,31807.46,31819.92,31800.0,31800.29,2,371600
2021-07-19 13:10:00,31800.29,31803.49,31768.19,31774.85,2,371601
2021-07-19 13:15:00,31774.85,31809.99,31751.44,31770.13,2,371602
2021-07-19 13:20:00,31770.13,31811.11,31763.02,31776.28,2,371603
2021-07-19 13:25:00,31777.65,31780.52,31682.89,31743.35,2,371604
2021-07-19 13:30:00,31743.34,31784.82,31736.54,31781.92,2,371605
2021-07-19 13:35:00,31781.91,31793.29,31772.91,31781.9,2,371606
2021-07-19 13:40:00,31781.9,31817.56,31779.76,31785.28,2,371607
2021-07-19 13:45:00,31785.28,31799.0,31742.86,31742.86,2,371608
2021-07-19 13:50:00,31742.87,31780.0,31742.86,31767.49,2,371609
2021-07-19 13:55:00,31767.48,31810.0,31765.25,31793.54,2,371610
2021-07-19 14:00:00,31793.54,31827.27,31780.16,31800.01,2,371611
2021-07-19 14:05:00,31800.01,31800.01,31770.0,31777.16,2,371612
2021-07-19 14:10:00,31776.56,31800.0,31776.55,31781.4,2,371613
2021-07-19 14:15:00,31781.41,31854.38,31781.41,31819.36,2,371614
2021-07-19 14:20:00,31819.37,31826.49,31794.93,31796.95,2,371615
2021-07-19 14:25:00,31796.95,31796.95,31686.12,31695.65,2,371616
2021-07-19 14:30:00,31695.64,31720.0,31609.07,31637.91,2,371617
2021-07-19 14:35:00,31637.91,31669.03,31583.34,31599.99,2,371618
2021-07-19 14:40:00,31600.0,31650.0,31600.0,31642.58,2,371619
2021-07-19 14:45:00,31642.58,31681.73,31627.68,31639.23,2,371620
2021-07-19 14:50:00,31639.22,31670.0,31602.51,31617.72,2,371621
2021-07-19 14:55:00,31617.72,31631.99,31583.34,31604.33,2,371622
2021-07-19 15:00:00,31604.32,31659.56,31562.95,31640.98,2,371623
2021-07-19 15:05:00,31640.97,31653.13,31608.59,31635.02,2,371624
2021-07-19 15:10:00,31635.02,31667.82,31619.09,31646.82,2,371625
2021-07-19 15:15:00,31646.83,31669.73,31601.0,31612.74,2,371626
2021-07-19 15:20:00,31612.74,31629.87,31600.0,31623.93,2,371627
2021-07-19 15:25:00,31624.52,31649.99,31611.83,31626.43,2,371628
2021-07-19 15:30:00,31626.43,31643.0,31548.76,31573.1,2,371629
2021-07-19 15:35:00,31573.1,31599.98,31570.0,31579.81,2,371630
2021-07-19 15:40:00,31579.81,31583.5,31547.57,31563.49,2,371631
2021-07-19 15:45:00,31556.8,31574.65,31505.25,31551.02,2,371632
2021-07-19 15:50:00,31551.01,31559.19,31500.0,31515.42,2,371633
2021-07-19 15:55:00,31515.42,31517.24,31480.0,31486.58,2,371634
2021-07-19 16:00:00,31486.59,31549.44,31480.0,31513.7,2,371635
2021-07-19 16:05:00,31513.7,31535.66,31451.02,31455.11,2,371636
2021-07-19 16:10:00,31458.26,31458.26,31341.97,31406.62,2,371637
2021-07-19 16:15:00,31406.62,31442.37,31344.0,31433.58,2,371638
2021-07-19 16:20:00,31433.58,31472.45,31417.08,31471.97,2,371639
2021-07-19 16:25:00,31469.83,31478.57,31440.0,31462.73,2,371640
2021-07-19 16:30:00,31462.73,31471.88,31405.37,31445.97,2,371641
2021-07-19 16:35:00,31445.98,31459.98,31414.07,31457.67,2,371642
2021-07-19 16:40:00,31457.68,31457.68,31379.76,31412.68,2,371643
2021-07-19 16:45:00,31412.69,31417.67,31301.1,31387.86,2,371644
2021-07-19 16:50:00,31387.86,31413.21,31328.43,31400.97,2,371645
2021-07-19 16:55:00,31400.97,31421.21,31367.58,31379.66,2,371646
2021-07-19 17:00:00,31379.65,31435.92,31369.99,31429.86,2,371647
2021-07-19 17:05:00,31429.82,31429.85,31384.42,31388.3,2,371648
2021-07-19 17:10:00,31388.31,31393.83,31330.82,31366.85,2,371649
2021-07-19 17:15:00,31366.86,31371.32,31261.1,31322.58,2,371650
2021-07-19 17:20:00,31322.57,31350.0,31272.14,31343.42,2,371651
2021-07-19 17:25:00,31341.21,31343.4,31303.22,31303.22,2,371652
2021-07-19 17:30:00,31306.58,31369.58,31290.0,31359.29,2,371653
2021-07-19 17:35:00,31359.29,31362.3,31300.0,31348.09,2,371654
2021-07-19 17:40:00,31348.04,31350.61,31281.29,31286.52,2,371655
2021-07-19 17:45:00,31286.52,31339.0,31240.63,31327.15,2,371656
2021-07-19 17:50:00,31327.16,31332.99,31212.34,31225.79,2,371657
2021-07-19 17:55:00,31225.8,31277.77,31177.0,31205.58,1,371658
2021-07-19 18:00:00,31205.91,31277.69,31155.0,31270.63,0,371659
2021-07-19 18:05:00,31270.63,31331.08,31249.0,31313.93,0,371660
2021-07-19 18:10:00,31313.94,31466.66,31306.32,31440.25,3,371661
2021-07-19 18:15:00,31440.25,31461.25,31355.28,31367.58,2,371662
2021-07-19 18:20:00,31367.58,31369.64,31266.0,31298.75,2,371663
2021-07-19 18:25:00,31298.75,31332.6,31271.38,31332.6,2,371664
2021-07-19 18:30:00,31332.6,31332.6,31239.46,31288.86,2,371665
2021-07-19 18:35:00,31288.86,31385.0,31284.53,31372.04,2,371666
2021-07-19 18:40:00,31372.04,31372.04,31296.51,31309.17,2,371667
2021-07-19 18:45:00,31309.18,31324.27,31253.83,31276.3,2,371668
2021-07-19 18:50:00,31276.29,31279.36,31250.0,31262.7,2,371669
2021-07-19 18:55:00,31262.87,31293.08,31250.0,31265.92,2,371670
2021-07-19 19:00:00,31267.84,31271.12,31211.12,31260.04,2,371671
2021-07-19 19:05:00,31260.05,31375.0,31256.57,31318.53,2,371672
2021-07-19 19:10:00,31318.52,31323.55,31268.01,31286.89,2,371673
2021-07-19 19:15:00,31288.05,31288.06,31185.03,31262.33,2,371674
2021-07-19 19:20:00,31262.33,31281.58,31220.0,31237.03,2,371675
2021-07-19 19:25:00,31237.03,31261.21,31211.03,31234.44,2,371676
2021-07-19 19:30:00,31234.42,31234.42,30836.96,30849.25,2,371677
2021-07-19 19:35:00,30849.24,30889.67,30666.0,30844.45,2,371678
2021-07-19 19:40:00,30844.46,30859.43,30773.6,30824.53,2,371679
2021-07-19 19:45:00,30824.54,30827.0,30700.0,30799.94,2,371680
2021-07-19 19:50:00,30799.94,30839.44,30714.28,30727.39,2,371681
2021-07-19 19:55:00,30727.39,30763.62,30705.01,30713.15,2,371682
2021-07-19 20:00:00,30713.15,30754.99,30585.65,30743.15,2,371683
2021-07-19 20:05:00,30743.15,30751.29,30685.02,30698.63,1,371684
2021-07-19 20:10:00,30699.98,30775.23,30630.06,30775.23,0,371685
2021-07-19 20:15:00,30775.22,30880.86,30733.83,30810.0,3,371686
2021-07-19 20:20:00,30810.0,30812.14,30724.29,30762.47,2,371687
2021-07-19 20:25:00,30762.44,30762.44,30716.0,30732.92,2,371688
2021-07-19 20:30:00,30732.94,30734.87,30612.34,30661.93,2,371689
2021-07-19 20:35:00,30661.92,30732.04,30645.31,30673.09,2,371690
2021-07-19 20:40:00,30671.47,30679.79,30568.1,30673.84,2,371691
2021-07-19 20:45:00,30673.84,30673.84,30570.11,30576.2,2,371692
2021-07-19 20:50:00,30576.2,30673.84,30572.95,30585.01,2,371693
2021-07-19 20:55:00,30585.01,30658.93,30560.0,30605.17,2,371694
2021-07-19 21:00:00,30606.78,30724.0,30555.0,30591.48,2,371695
2021-07-19 21:05:00,30591.48,30621.77,30505.0,30607.18,2,371696
2021-07-19 21:10:00,30607.17,30619.99,30562.27,30590.95,2,371697
2021-07-19 21:15:00,30590.99,30657.08,30548.39,30557.37,1,371698
2021-07-19 21:20:00,30557.36,30700.0,30407.44,30615.38,0,371699
2021-07-19 21:25:00,30615.37,30631.37,30567.75,30600.18,0,371700
2021-07-19 21:30:00,30600.18,30756.0,30575.56,30705.22,0,371701
2021-07-19 21:35:00,30703.62,30768.58,30662.77,30768.58,0,371702
2021-07-19 21:40:00,30768.58,30800.0,30684.87,30730.54,0,371703
2021-07-19 21:45:00,30730.54,30794.13,30699.03,30766.43,0,371704
2021-07-19 21:50:00,30766.44,30766.44,30711.65,30725.09,0,371705
2021-07-19 21:55:00,30725.1,30850.0,30700.0,30816.05,0,371706
2021-07-19 22:00:00,30816.05,30816.05,30726.69,30771.75,0,371707
2021-07-19 22:05:00,30771.76,30896.58,30766.58,30855.54,0,371708
2021-07-19 22:10:00,30855.54,30980.0,30850.7,30908.01,0,371709
2021-07-19 22:15:00,30908.0,30930.0,30860.0,30908.08,3,371710
2021-07-19 22:20:00,30908.08,30950.57,30860.01,30860.16,2,371711
2021-07-19 22:25:00,30860.16,30860.16,30750.0,30778.69,2,371712
2021-07-19 22:30:00,30778.7,30829.72,30726.25,30808.5,2,371713
2021-07-19 22:35:00,30805.58,30805.98,30764.05,30777.61,2,371714
2021-07-19 22:40:00,30777.61,30824.93,30768.24,30797.95,2,371715
2021-07-19 22:45:00,30797.94,30849.01,30783.72,30825.99,2,371716
2021-07-19 22:50:00,30825.99,30830.12,30750.01,30763.36,2,371717
2021-07-19 22:55:00,30763.35,30777.09,30646.61,30687.96,2,371718
2021-07-19 23:00:00,30687.84,30730.12,30626.74,30647.65,1,371719
2021-07-19 23:05:00,30647.65,30734.68,30643.07,30678.77,0,371720
2021-07-19 23:10:00,30678.77,30714.53,30659.09,30672.92,0,371721
2021-07-19 23:15:00,30671.48,30750.0,30670.09,30748.89,3,371722
2021-07-19 23:20:00,30749.99,30785.71,30716.7,30733.55,2,371723
2021-07-19 23:25:00,30733.55,30750.0,30680.04,30690.28,2,371724
2021-07-19 23:30:00,30690.29,30699.91,30602.5,30625.93,1,371725
2021-07-19 23:35:00,30625.94,30700.0,30625.9,30659.03,0,371726
2021-07-19 23:40:00,30659.02,30712.95,30656.4,30691.51,0,371727
2021-07-19 23:45:00,30691.51,30764.98,30643.06,30746.85,0,371728
2021-07-19 23:50:00,30746.85,30759.51,30710.0,30710.43,0,371729
2021-07-19 23:55:00,30710.43,30739.99,30692.61,30705.58,0,371730
2021-07-20 00:00:00,30705.59,30730.08,30676.53,30720.24,0,371731
2021-07-20 00:05:00,30720.25,30720.25,30670.09,30714.99,0,371732
2021-07-20 00:10:00,30715.0,30747.67,30703.3,30718.9,0,371733
2021-07-20 00:15:00,30718.9,30740.65,30682.22,30726.66,0,371734
2021-07-20 00:20:00,30726.67,30775.0,30724.13,30753.36,0,371735
2021-07-20 00:25:00,30753.35,30809.94,30730.54,30781.34,0,371736
2021-07-20 00:30:00,30781.44,30790.01,30746.46,30769.28,0,371737
2021-07-20 00:35:00,30769.28,30857.61,30764.99,30803.67,3,371738
2021-07-20 00:40:00,30803.67,30805.93,30767.66,30791.01,2,371739
2021-07-20 00:45:00,30791.01,30791.02,30748.5,30760.0,2,371740
2021-07-20 00:50:00,30760.0,30760.0,30715.67,30736.59,2,371741
2021-07-20 00:55:00,30736.59,30760.53,30710.0,30736.09,2,371742
2021-07-20 01:00:00,30736.09,30789.26,30736.06,30753.48,2,371743
2021-07-20 01:05:00,30753.48,30784.77,30750.63,30784.76,2,371744
2021-07-20 01:10:00,30784.76,30808.14,30766.81,30773.17,2,371745
2021-07-20 01:15:00,30773.16,30777.97,30675.59,30695.29,2,371746
2021-07-20 01:20:00,30695.29,30732.45,30691.91,30724.95,2,371747
2021-07-20 01:25:00,30724.95,30724.96,30684.68,30718.78,2,371748
2021-07-20 01:30:00,30717.24,30746.98,30659.1,30746.97,2,371749
2021-07-20 01:35:00,30746.98,30777.96,30735.12,30747.62,2,371750
2021-07-20 01:40:00,30747.61,30783.86,30717.22,30717.23,2,371751
2021-07-20 01:45:00,30717.23,30731.16,30675.99,30678.44,2,371752
2021-07-20 01:50:00,30678.45,30685.03,30622.73,30626.4,2,371753
2021-07-20 01:55:00,30626.41,30663.22,30564.36,30652.95,2,371754
2021-07-20 02:00:00,30652.95,30687.69,30603.03,30609.44,2,371755
2021-07-20 02:05:00,30609.43,30637.82,30598.0,30634.91,2,371756
2021-07-20 02:10:00,30634.92,30656.19,30619.98,30653.8,2,371757
2021-07-20 02:15:00,30656.12,30663.04,30520.01,30570.94,1,371758
2021-07-20 02:20:00,30571.03,30658.69,30562.22,30637.44,0,371759
2021-07-20 02:25:00,30637.44,30715.0,30626.64,30687.27,0,371760
2021-07-20 02:30:00,30687.27,30727.21,30672.83,30713.08,0,371761
2021-07-20 02:35:00,30713.08,30720.0,30678.83,30709.99,0,371762
2021-07-20 02:40:00,30709.99,30725.03,30685.93,30686.89,0,371763
2021-07-20 02:45:00,30686.89,30720.0,30686.89,30696.4,0,371764
2021-07-20 02:50:00,30696.4,30713.14,30653.55,30695.72,0,371765
2021-07-20 02:55:00,30696.46,30775.82,30687.12,30744.97,0,371766
2021-07-20 03:00:00,30744.84,30780.0,30724.24,30731.26,0,371767
2021-07-20 03:05:00,30731.26,30745.02,30693.85,30721.43,0,371768
2021-07-20 03:10:00,30721.42,30746.85,30719.64,30730.66,0,371769
2021-07-20 03:15:00,30730.66,30769.93,30715.92,30722.99,0,371770
2021-07-20 03:20:00,30722.99,30734.0,30705.01,30725.5,0,371771
2021-07-20 03:25:00,30725.5,30725.68,30691.72,30697.2,0,371772
2021-07-20 03:30:00,30697.19,30742.36,30692.68,30719.7,0,371773
2021-07-20 03:35:00,30721.78,30752.91,30715.01,30747.0,0,371774
2021-07-20 03:40:00,30747.0,30796.66,30746.99,30792.09,0,371775
2021-07-20 03:45:00,30792.09,30838.53,30787.02,30814.77,0,371776
2021-07-20 03:50:00,30814.77,30815.06,30757.0,30763.16,0,371777
2021-07-20 03:55:00,30763.16,30785.5,30750.02,30770.62,0,371778
2021-07-20 04:00:00,30770.62,30809.14,30767.94,30802.96,0,371779
2021-07-20 04:05:00,30802.96,30802.96,30776.13,30793.84,0,371780
2021-07-20 04:10:00,30793.85,30814.81,30771.01,30808.64,0,371781
2021-07-20 04:15:00,30808.64,30886.19,30806.84,30857.33,3,371782
2021-07-20 04:20:00,30857.33,30878.0,30821.01,30844.33,2,371783
2021-07-20 04:25:00,30845.57,30845.57,30804.54,30820.57,2,371784
2021-07-20 04:30:00,30820.57,30820.57,30790.8,30803.78,2,371785
2021-07-20 04:35:00,30803.77,30803.78,30780.0,30781.24,2,371786
2021-07-20 04:40:00,30781.23,30812.47,30778.32,30795.53,2,371787
2021-07-20 04:45:00,30795.54,30795.54,30740.37,30747.89,2,371788
2021-07-20 04:50:00,30747.89,30771.4,30721.54,30735.25,2,371789
2021-07-20 04:55:00,30735.25,30760.0,30712.3,30716.53,1,371790
2021-07-20 05:00:00,30722.23,30812.3,30721.15,30790.42,0,371791
2021-07-20 05:05:00,30790.42,30816.32,30765.58,30814.99,0,371792
2021-07-20 05:10:00,30815.0,30857.96,30814.99,30824.33,0,371793
2021-07-20 05:15:00,30824.33,30841.86,30800.0,30802.25,0,371794
2021-07-20 05:20:00,30802.24,30819.61,30783.07,30811.62,0,371795
2021-07-20 05:25:00,30811.61,30874.99,30811.61,30870.49,0,371796
2021-07-20 05:30:00,30870.5,30872.67,30825.12,30871.69,0,371797
2021-07-20 05:35:00,30871.69,30919.47,30865.64,30915.19,0,371798
2021-07-20 05:40:00,30915.2,30935.46,30896.9,30919.27,0,371799
2021-07-20 05:45:00,30919.27,30935.46,30872.94,30876.93,0,371800
2021-07-20 05:50:00,30876.92,30904.55,30865.86,30874.14,0,371801
2021-07-20 05:55:00,30874.13,30874.14,30850.12,30855.0,0,371802
2021-07-20 06:00:00,30855.0,30893.29,30855.0,30884.98,0,371803
2021-07-20 06:05:00,30884.99,30900.0,30870.06,30887.02,0,371804
2021-07-20 06:10:00,30887.03,30887.03,30822.51,30842.25,0,371805
2021-07-20 06:15:00,30842.25,30857.4,30828.79,30842.92,0,371806
2021-07-20 06:20:00,30842.92,30852.83,30814.79,30851.86,0,371807
2021-07-20 06:25:00,30851.86,30899.62,30844.84,30885.0,0,371808
2021-07-20 06:30:00,30883.87,30921.97,30883.86,30920.0,0,371809
2021-07-20 06:35:00,30919.99,30930.0,30910.2,30928.19,0,371810
2021-07-20 06:40:00,30928.19,30984.4,30926.42,30950.0,3,371811
2021-07-20 06:45:00,30950.0,30952.6,30866.0,30873.25,2,371812
2021-07-20 06:50:00,30873.25,30888.86,30829.37,30836.24,2,371813
2021-07-20 06:55:00,30836.24,30850.42,30792.04,30839.65,2,371814
2021-07-20 07:00:00,30839.65,30886.94,30749.99,30777.71,1,371815
2021-07-20 07:05:00,30777.71,30882.14,30766.62,30820.86,0,371816
2021-07-20 07:10:00,30820.86,30916.31,30819.39,30902.0,0,371817
2021-07-20 07:15:00,30902.0,31063.07,30891.19,30910.96,0,371818
2021-07-20 07:20:00,30910.96,30915.1,30820.83,30848.62,0,371819
2021-07-20 07:25:00,30848.62,30955.55,30848.61,30902.66,0,371820
2021-07-20 07:30:00,30902.67,30956.18,30878.59,30915.14,0,371821
2021-07-20 07:35:00,30915.82,30957.81,30892.48,30941.88,3,371822
2021-07-20 07:40:00,30941.89,30952.53,30890.27,30908.09,2,371823
2021-07-20 07:45:00,30908.09,30908.09,30861.54,30869.55,2,371824
2021-07-20 07:50:00,30869.56,30884.49,30816.88,30817.92,2,371825
2021-07-20 07:55:00,30817.92,30848.0,30800.41,30801.12,2,371826
2021-07-20 08:00:00,30801.12,30844.05,30756.59,30777.18,2,371827
2021-07-20 08:05:00,30777.18,30777.19,30695.0,30716.72,2,371828
2021-07-20 08:10:00,30716.72,30723.48,30535.0,30585.18,2,371829
2021-07-20 08:15:00,30585.18,30659.08,30560.27,30650.02,2,371830
2021-07-20 08:20:00,30650.02,30689.93,30622.0,30626.16,2,371831
2021-07-20 08:25:00,30630.0,30648.29,30544.67,30620.72,2,371832
2021-07-20 08:30:00,30621.85,30659.96,30587.1,30648.6,2,371833
2021-07-20 08:35:00,30648.08,30675.75,30635.34,30657.84,2,371834
2021-07-20 08:40:00,30657.84,30695.11,30641.07,30641.07,2,371835
2021-07-20 08:45:00,30641.07,30675.55,30591.0,30599.56,2,371836
2021-07-20 08:50:00,30599.55,30651.07,30569.0,30650.81,2,371837
2021-07-20 08:55:00,30650.81,30666.09,30610.8,30621.61,2,371838
2021-07-20 09:00:00,30621.55,30687.66,30600.46,30644.9,2,371839
2021-07-20 09:05:00,30640.11,30651.38,30565.0,30622.41,2,371840
2021-07-20 09:10:00,30622.41,30637.86,30572.05,30572.49,2,371841
2021-07-20 09:15:00,30572.49,30627.27,30444.27,30499.89,2,371842
2021-07-20 09:20:00,30499.93,30543.38,30256.0,30319.85,2,371843
2021-07-20 09:25:00,30319.84,30390.92,30300.76,30310.22,2,371844
2021-07-20 09:30:00,30310.22,30352.06,30225.0,30308.12,2,371845
2021-07-20 09:35:00,30308.11,30353.65,30290.0,30295.37,2,371846
2021-07-20 09:40:00,30295.36,30325.38,30242.04,30250.66,2,371847
2021-07-20 09:45:00,30250.65,30339.63,30200.0,30331.33,2,371848
2021-07-20 09:50:00,30331.33,30331.33,30205.97,30248.56,2,371849
2021-07-20 09:55:00,30248.57,30255.64,30150.0,30182.93,2,371850
2021-07-20 10:00:00,30182.94,30254.26,30164.35,30178.28,2,371851
2021-07-20 10:05:00,30178.29,30239.81,30090.0,30226.07,2,371852
2021-07-20 10:10:00,30226.07,30250.0,30124.19,30129.87,2,371853
2021-07-20 10:15:00,30129.87,30242.88,29555.0,29672.35,2,371854
2021-07-20 10:20:00,29672.35,29777.36,29563.57,29717.48,2,371855
2021-07-20 10:25:00,29717.49,29763.99,29601.01,29648.62,2,371856
2021-07-20 10:30:00,29648.61,29654.15,29501.0,29529.55,1,371857
2021-07-20 10:35:00,29529.56,29699.78,29520.61,29682.14,3,371858
2021-07-20 10:40:00,29682.11,29682.11,29586.43,29602.8,2,371859
2021-07-20 10:45:00,29602.49,29688.96,29597.03,29625.44,2,371860
2021-07-20 10:50:00,29625.44,29627.97,29585.96,29608.88,2,371861
2021-07-20 10:55:00,29608.87,29659.9,29590.0,29600.46,2,371862
2021-07-20 11:00:00,29600.46,29679.58,29582.74,29654.2,2,371863
2021-07-20 11:05:00,29654.2,29655.07,29557.77,29596.62,2,371864
2021-07-20 11:10:00,29596.63,29639.73,29560.94,29571.34,2,371865
2021-07-20 11:15:00,29573.66,29603.56,29552.03,29598.57,2,371866
2021-07-20 11:20:00,29598.57,29640.0,29562.29,29587.41,2,371867
2021-07-20 11:25:00,29587.41,29598.69,29543.21,29549.82,1,371868
2021-07-20 11:30:00,29549.82,29664.1,29505.95,29608.12,0,371869
2021-07-20 11:35:00,29610.15,29790.0,29602.7,29790.0,3,371870
2021-07-20 11:40:00,29789.99,29938.71,29745.04,29767.93,2,371871
2021-07-20 11:45:00,29767.94,29822.08,29679.99,29693.31,2,371872
2021-07-20 11:50:00,29692.83,29714.2,29652.49,29699.18,2,371873
2021-07-20 11:55:00,29699.19,29699.19,29636.06,29659.12,1,371874
2021-07-20 12:00:00,29659.12,29755.85,29647.55,29716.4,0,371875
2021-07-20 12:05:00,29716.41,29765.67,29696.97,29757.4,3,371876
2021-07-20 12:10:00,29757.41,29798.35,29689.45,29707.01,2,371877
2021-07-20 12:15:00,29707.02,29763.51,29707.02,29740.0,2,371878
2021-07-20 12:20:00,29740.0,29749.24,29695.66,29731.72,2,371879
2021-07-20 12:25:00,29731.72,29737.87,29688.09,29717.48,2,371880
2021-07-20 12:30:00,29717.47,29717.47,29611.0,29624.0,1,371881
2021-07-20 12:35:00,29623.99,29694.75,29621.34,29652.37,0,371882
2021-07-20 12:40:00,29652.37,29700.0,29639.5,29689.94,0,371883
2021-07-20 12:45:00,29689.95,29689.95,29642.21,29666.54,0,371884
2021-07-20 12:50:00,29666.2,29714.23,29662.25,29691.64,0,371885
2021-07-20 12:55:00,29691.64,29749.99,29691.64,29729.1,3,371886
2021-07-20 13:00:00,29729.1,29765.99,29701.41,29709.69,2,371887
2021-07-20 13:05:00,29709.69,29723.49,29687.01,29715.1,2,371888
2021-07-20 13:10:00,29715.11,29715.11,29666.12,29676.75,2,371889
2021-07-20 13:15:00,29676.75,29719.99,29630.69,29658.95,2,371890
2021-07-20 13:20:00,29658.95,29663.79,29620.3,29634.6,1,371891
2021-07-20 13:25:00,29634.6,29692.22,29631.91,29662.34,0,371892
2021-07-20 13:30:00,29662.36,29703.46,29657.6,29701.31,0,371893
2021-07-20 13:35:00,29701.31,29733.76,29697.0,29728.96,0,371894
2021-07-20 13:40:00,29728.97,29728.98,29667.0,29677.48,0,371895
2021-07-20 13:45:00,29677.49,29731.84,29677.48,29723.87,0,371896
2021-07-20 13:50:00,29723.86,29733.2,29692.19,29703.12,0,371897
2021-07-20 13:55:00,29703.12,29717.3,29680.0,29713.74,0,371898
2021-07-20 14:00:00,29713.74,29772.49,29713.74,29740.38,0,371899
2021-07-20 14:05:00,29740.01,29843.37,29738.45,29789.83,0,371900
2021-07-20 14:10:00,29789.82,29837.12,29789.82,29834.53,3,371901
2021-07-20 14:15:00,29834.52,29843.08,29800.27,29813.91,2,371902
2021-07-20 14:20:00,29813.76,29816.71,29752.63,29756.2,2,371903
2021-07-20 14:25:00,29756.19,29793.0,29735.0,29737.59,1,371904
2021-07-20 14:30:00,29737.59,29759.75,29734.3,29740.02,0,371905
2021-07-20 14:35:00,29740.01,29787.11,29732.7,29739.97,0,371906
2021-07-20 14:40:00,29739.97,29799.89,29732.85,29781.68,0,371907
2021-07-20 14:45:00,29781.68,29805.42,29756.31,29765.1,0,371908
2021-07-20 14:50:00,29765.11,29817.48,29760.29,29800.35,0,371909
2021-07-20 14:55:00,29800.35,29877.26,29792.22,29821.73,0,371910
2021-07-20 15:00:00,29821.72,29888.18,29816.47,29837.07,0,371911
2021-07-20 15:05:00,29837.08,29842.96,29763.32,29771.83,0,371912
2021-07-20 15:10:00,29771.83,29851.82,29770.0,29831.71,0,371913
2021-07-20 15:15:00,29831.71,29880.95,29831.71,29850.63,3,371914
2021-07-20 15:20:00,29850.63,29869.35,29838.46,29845.25,2,371915
2021-07-20 15:25:00,29845.21,29869.34,29820.0,29822.52,2,371916
2021-07-20 15:30:00,29822.52,29837.76,29719.62,29754.23,2,371917
2021-07-20 15:35:00,29753.51,29790.97,29691.49,29695.62,2,371918
2021-07-20 15:40:00,29696.58,29730.0,29652.2,29669.89,2,371919
2021-07-20 15:45:00,29669.9,29735.72,29668.68,29710.16,2,371920
2021-07-20 15:50:00,29710.11,29736.0,29633.77,29641.42,2,371921
2021-07-20 15:55:00,29641.41,29674.65,29632.01,29635.18,1,371922
2021-07-20 16:00:00,29635.21,29705.57,29635.21,29689.4,0,371923
2021-07-20 16:05:00,29689.39,29696.88,29673.81,29680.02,0,371924
2021-07-20 16:10:00,29680.02,29712.0,29660.62,29710.57,0,371925
2021-07-20 16:15:00,29710.57,29812.83,29664.53,29671.67,0,371926
2021-07-20 16:20:00,29671.67,29740.0,29665.5,29727.39,3,371927
2021-07-20 16:25:00,29727.38,29727.38,29676.09,29684.94,2,371928
2021-07-20 16:30:00,29684.95,29719.87,29655.0,29688.49,2,371929
2021-07-20 16:35:00,29688.48,29729.64,29680.87,29688.05,2,371930
2021-07-20 16:40:00,29688.06,29701.93,29584.27,29600.02,2,371931
2021-07-20 16:45:00,29600.02,29667.12,29569.5,29612.06,2,371932
2021-07-20 16:50:00,29612.06,29634.2,29563.0,29580.99,2,371933
2021-07-20 16:55:00,29580.99,29581.79,29297.0,29420.5,2,371934
2021-07-20 17:00:00,29420.42,29524.94,29278.0,29416.67,1,371935
2021-07-20 17:05:00,29416.67,29513.58,29388.2,29480.73,0,371936
2021-07-20 17:10:00,29480.73,29499.94,29415.42,29440.26,0,371937
2021-07-20 17:15:00,29440.26,29545.56,29437.86,29536.91,0,371938
2021-07-20 17:20:00,29536.91,29663.19,29534.89,29616.86,0,371939
2021-07-20 17:25:00,29616.86,29768.32,29580.0,29651.64,0,371940
2021-07-20 17:30:00,29651.63,29651.64,29600.0,29616.85,0,371941
2021-07-20 17:35:00,29616.85,29627.9,29586.01,29621.2,0,371942
2021-07-20 17:40:00,29621.19,29698.82,29621.19,29668.6,0,371943
2021-07-20 17:45:00,29668.59,29668.59,29600.0,29607.54,0,371944
2021-07-20 17:50:00,29607.53,29663.45,29600.0,29647.14,0,371945
2021-07-20 17:55:00,29647.13,29687.42,29641.81,29683.13,0,371946
2021-07-20 18:00:00,29683.13,29789.41,29683.13,29754.3,3,371947
2021-07-20 18:05:00,29754.3,29755.2,29649.18,29653.82,2,371948
2021-07-20 18:10:00,29653.82,29656.95,29573.61,29600.62,2,371949
2021-07-20 18:15:00,29600.62,29635.93,29596.81,29617.27,2,371950
2021-07-20 18:20:00,29617.26,29621.13,29581.88,29597.03,2,371951
2021-07-20 18:25:00,29597.03,29654.97,29560.33,29572.9,1,371952
2021-07-20 18:30:00,29572.91,29656.79,29572.9,29654.65,0,371953
2021-07-20 18:35:00,29654.65,29721.21,29654.65,29719.12,0,371954
2021-07-20 18:40:00,29719.12,29733.11,29675.0,29684.99,0,371955
2021-07-20 18:45:00,29684.98,29710.75,29635.27,29657.12,0,371956
2021-07-20 18:50:00,29657.13,29737.72,29657.12,29723.89,0,371957
2021-07-20 18:55:00,29723.89,29725.58,29686.47,29692.79,0,371958
2021-07-20 19:00:00,29693.63,29749.0,29651.44,29680.44,0,371959
2021-07-20 19:05:00,29680.44,29769.97,29680.43,29756.27,3,371960
2021-07-20 19:10:00,29756.27,29787.66,29704.99,29722.8,2,371961
2021-07-20 19:15:00,29722.79,29727.83,29677.13,29690.38,2,371962
2021-07-20 19:20:00,29690.38,29714.8,29645.9,29669.36,2,371963
2021-07-20 19:25:00,29669.35,29690.43,29621.76,29621.76,1,371964
2021-07-20 19:30:00,29621.77,29686.69,29606.45,29667.93,0,371965
2021-07-20 19:35:00,29667.94,29700.0,29664.72,29699.99,0,371966
2021-07-20 19:40:00,29699.99,29735.06,29691.63,29735.06,0,371967
2021-07-20 19:45:00,29735.35,29755.0,29699.99,29712.68,0,371968
2021-07-20 19:50:00,29712.69,29760.0,29704.89,29745.54,0,371969
2021-07-20 19:55:00,29745.54,29788.54,29700.0,29709.03,0,371970
2021-07-20 20:00:00,29709.04,29736.79,29668.75,29673.36,0,371971
2021-07-20 20:05:00,29672.37,29680.99,29641.12,29673.48,0,371972
2021-07-20 20:10:00,29673.48,29727.95,29673.48,29727.15,0,371973
2021-07-20 20:15:00,29727.16,29765.88,29700.01,29754.88,3,371974
2021-07-20 20:20:00,29754.88,29759.99,29518.27,29559.33,2,371975
2021-07-20 20:25:00,29556.75,29639.14,29549.15,29574.99,2,371976
2021-07-20 20:30:00,29575.0,29613.81,29469.9,29531.73,2,371977
2021-07-20 20:35:00,29533.04,29550.0,29464.0,29473.53,1,371978
2021-07-20 20:40:00,29473.52,29500.0,29447.76,29482.14,0,371979
2021-07-20 20:45:00,29482.13,29550.0,29477.64,29511.05,0,371980
2021-07-20 20:50:00,29511.05,29563.66,29502.33,29551.2,0,371981
2021-07-20 20:55:00,29551.2,29584.71,29516.73,29525.57,0,371982
2021-07-20 21:00:00,29525.56,29535.32,29482.76,29508.18,0,371983
2021-07-20 21:05:00,29508.18,29820.0,29426.62,29697.26,3,371984
2021-07-20 21:10:00,29697.25,29697.25,29559.83,29620.48,2,371985
2021-07-20 21:15:00,29620.49,29625.96,29279.13,29445.08,1,371986
2021-07-20 21:20:00,29445.08,29715.31,29436.58,29711.18,0,371987
2021-07-20 21:25:00,29711.17,29750.0,29632.23,29676.95,0,371988
2021-07-20 21:30:00,29675.43,29738.92,29567.85,29624.97,0,371989
2021-07-20 21:35:00,29624.96,29657.65,29570.69,29641.83,0,371990
2021-07-20 21:40:00,29641.84,29715.0,29570.0,29644.6,0,371991
2021-07-20 21:45:00,29644.61,29672.27,29591.25,29668.36,0,371992
2021-07-20 21:50:00,29668.37,29728.05,29668.37,29716.6,0,371993
2021-07-20 21:55:00,29716.6,29750.0,29680.02,29747.75,0,371994
2021-07-20 22:00:00,29747.75,29775.83,29693.99,29728.79,0,371995
2021-07-20 22:05:00,29728.83,29771.92,29710.0,29738.49,0,371996
2021-07-20 22:10:00,29738.49,29820.77,29726.1,29765.8,0,371997
2021-07-20 22:15:00,29765.79,29788.28,29710.0,29723.67,0,371998
2021-07-20 22:20:00,29723.67,29773.72,29700.18,29760.01,0,371999
2021-07-20 22:25:00,29760.01,29925.1,29735.75,29920.58,0,372000
2021-07-20 22:30:00,29920.58,29988.0,29830.0,29963.73,3,372001
2021-07-20 22:35:00,29959.98,29960.95,29859.0,29876.21,2,372002
2021-07-20 22:40:00,29876.21,29890.0,29825.57,29838.61,2,372003
2021-07-20 22:45:00,29835.8,29848.76,29804.99,29839.88,2,372004
2021-07-20 22:50:00,29839.88,29875.71,29801.06,29847.32,2,372005
2021-07-20 22:55:00,29847.32,29900.0,29826.7,29888.36,2,372006
2021-07-20 23:00:00,29890.8,29984.82,29806.99,29824.39,2,372007
2021-07-20 23:05:00,29831.43,29862.23,29777.95,29780.99,2,372008
2021-07-20 23:10:00,29780.97,29816.89,29735.95,29764.41,2,372009
2021-07-20 23:15:00,29764.41,29799.76,29722.45,29736.47,2,372010
2021-07-20 23:20:00,29736.46,29797.44,29720.43,29766.76,2,372011
2021-07-20 23:25:00,29766.76,29823.62,29761.89,29813.61,2,372012
2021-07-20 23:30:00,29813.6,29840.0,29771.97,29771.98,2,372013
2021-07-20 23:35:00,29771.98,29793.64,29737.48,29786.91,2,372014
2021-07-20 23:40:00,29786.9,29794.8,29757.37,29792.64,2,372015
2021-07-20 23:45:00,29792.64,29810.16,29740.14,29750.01,2,372016
2021-07-20 23:50:00,29750.0,29776.03,29741.81,29760.95,2,372017
2021-07-20 23:55:00,29760.96,29761.63,29647.93,29658.97,2,372018
2021-07-21 00:00:00,29658.96,29694.71,29609.2,29624.99,1,372019
2021-07-21 00:05:00,29624.99,29670.0,29624.99,29654.84,0,372020
2021-07-21 00:10:00,29654.84,29696.0,29605.0,29630.05,0,372021
2021-07-21 00:15:00,29632.41,29670.43,29625.06,29652.61,0,372022
2021-07-21 00:20:00,29652.61,29690.88,29635.49,29679.66,0,372023
2021-07-21 00:25:00,29679.66,29706.83,29665.01,29694.99,0,372024
2021-07-21 00:30:00,29694.99,29696.5,29637.27,29667.14,0,372025
2021-07-21 00:35:00,29667.14,29700.0,29661.51,29668.14,0,372026
2021-07-21 00:40:00,29668.14,29686.75,29659.68,29669.99,0,372027
2021-07-21 00:45:00,29670.0,29675.75,29622.73,29635.56,0,372028
2021-07-21 00:50:00,29635.53,29679.36,29631.18,29675.16,0,372029
2021-07-21 00:55:00,29675.17,29689.23,29630.0,29659.33,0,372030
2021-07-21 01:00:00,29659.34,29691.92,29656.01,29667.95,0,372031
2021-07-21 01:05:00,29667.83,29716.53,29632.75,29706.1,0,372032
2021-07-21 01:10:00,29706.11,29800.0,29706.11,29728.14,0,372033
2021-07-21 01:15:00,29731.86,29812.79,29730.16,29754.96,0,372034
2021-07-21 01:20:00,29757.78,29765.25,29717.62,29742.73,0,372035
2021-07-21 01:25:00,29742.73,29795.58,29734.97,29750.0,0,372036
2021-07-21 01:30:00,29749.99,29795.04,29749.99,29787.16,0,372037
2021-07-21 01:35:00,29787.15,29800.0,29743.22,29761.25,0,372038
2021-07-21 01:40:00,29761.25,29789.07,29760.17,29778.6,0,372039
2021-07-21 01:45:00,29778.59,29810.35,29759.06,29798.44,0,372040
2021-07-21 01:50:00,29798.44,29838.2,29780.35,29810.53,0,372041
2021-07-21 01:55:00,29810.53,29814.12,29760.96,29777.84,0,372042
2021-07-21 02:00:00,29777.83,29791.35,29723.7,29724.15,0,372043
2021-07-21 02:05:00,29724.15,29772.87,29724.15,29767.36,0,372044
2021-07-21 02:10:00,29767.37,29796.35,29724.94,29789.77,0,372045
2021-07-21 02:15:00,29789.77,29827.25,29789.76,29798.22,0,372046
2021-07-21 02:20:00,29798.22,29870.83,29765.68,29826.46,0,372047
2021-07-21 02:25:00,29827.95,29878.96,29808.71,29869.12,0,372048
2021-07-21 02:30:00,29871.52,29887.11,29813.51,29822.58,0,372049
2021-07-21 02:35:00,29822.58,29845.47,29801.98,29827.17,0,372050
2021-07-21 02:40:00,29827.17,29828.66,29804.13,29811.37,0,372051
2021-07-21 02:45:00,29811.37,29850.0,29811.37,29849.99,0,372052
2021-07-21 02:50:00,29849.99,29861.71,29820.06,29822.41,0,372053
2021-07-21 02:55:00,29822.41,29822.43,29749.95,29780.86,0,372054
2021-07-21 03:00:00,29780.87,29870.97,29780.86,29863.43,0,372055
2021-07-21 03:05:00,29863.42,29900.0,29838.63,29891.77,0,372056
2021-07-21 03:10:00,29890.39,29939.58,29890.0,29901.85,0,372057
2021-07-21 03:15:00,29901.84,29969.87,29893.46,29920.33,0,372058
2021-07-21 03:20:00,29920.33,29975.48,29904.83,29975.01,3,372059
2021-07-21 03:25:00,29975.0,29994.41,29920.01,29927.31,2,372060
2021-07-21 03:30:00,29927.32,29940.8,29901.2,29938.16,2,372061
2021-07-21 03:35:00,29938.16,29938.17,29900.02,29903.02,2,372062
2021-07-21 03:40:00,29903.02,29917.38,29888.0,29900.39,2,372063
2021-07-21 03:45:00,29900.39,29905.52,29864.86,29878.09,2,372064
2021-07-21 03:50:00,29878.09,29878.58,29841.78,29852.17,2,372065
2021-07-21 03:55:00,29852.16,29878.1,29840.0,29851.58,2,372066
2021-07-21 04:00:00,29851.57,29870.75,29828.38,29868.65,2,372067
2021-07-21 04:05:00,29868.65,29874.76,29830.0,29832.07,2,372068
2021-07-21 04:10:00,29832.06,29836.75,29680.37,29735.75,2,372069
2021-07-21 04:15:00,29735.75,29780.0,29674.25,29693.62,2,372070
2021-07-21 04:20:00,29693.63,29743.57,29652.54,29719.77,2,372071
2021-07-21 04:25:00,29718.28,29734.53,29625.02,29646.27,2,372072
2021-07-21 04:30:00,29646.27,29670.91,29590.0,29619.99,1,372073
2021-07-21 04:35:00,29620.0,29689.87,29620.0,29683.49,0,372074
2021-07-21 04:40:00,29683.48,29714.75,29673.51,29677.0,0,372075
2021-07-21 04:45:00,29676.99,29727.07,29674.75,29706.97,0,372076
2021-07-21 04:50:00,29706.97,29763.56,29706.7,29741.74,3,372077
2021-07-21 04:55:00,29739.91,29739.91,29671.93,29685.98,2,372078
2021-07-21 05:00:00,29685.97,29761.98,29667.59,29713.4,2,372079
2021-07-21 05:05:00,29713.4,29725.4,29635.9,29669.99,2,372080
2021-07-21 05:10:00,29669.99,29677.43,29626.1,29636.78,2,372081
2021-07-21 05:15:00,29636.78,29692.18,29635.67,29664.97,2,372082
2021-07-21 05:20:00,29664.98,29682.78,29644.47,29663.72,2,372083
2021-07-21 05:25:00,29663.72,29682.21,29646.69,29661.3,2,372084
2021-07-21 05:30:00,29661.3,29679.71,29622.78,29632.09,2,372085
2021-07-21 05:35:00,29632.09,29637.94,29565.56,29596.96,2,372086
2021-07-21 05:40:00,29596.96,29610.12,29580.0,29580.06,2,372087
2021-07-21 05:45:00,29580.06,29596.97,29525.0,29529.71,2,372088
2021-07-21 05:50:00,29529.72,29562.16,29500.0,29512.35,1,372089
2021-07-21 05:55:00,29512.36,29576.94,29505.0,29570.19,0,372090
2021-07-21 06:00:00,29570.11,29608.77,29559.56,29600.7,0,372091
2021-07-21 06:05:00,29600.71,29631.19,29582.65,29586.16,0,372092
2021-07-21 06:10:00,29586.15,29634.89,29569.98,29630.65,0,372093
2021-07-21 06:15:00,29630.65,29711.74,29620.62,29681.5,0,372094
2021-07-21 06:20:00,29681.51,29718.26,29673.08,29701.11,0,372095
2021-07-21 06:25:00,29701.1,29701.1,29654.61,29678.21,0,372096
2021-07-21 06:30:00,29678.21,29815.77,29678.21,29763.66,0,372097
2021-07-21 06:35:00,29763.66,29832.0,29763.66,29784.51,0,372098
2021-07-21 06:40:00,29784.51,29838.76,29782.44,29817.06,3,372099
2021-07-21 06:45:00,29817.06,29890.0,29789.72,29791.81,2,372100
2021-07-21 06:50:00,29791.81,29795.45,29734.61,29768.87,2,372101
2021-07-21 06:55:00,29768.86,29803.12,29768.81,29790.35,2,372102
2021-07-21 07:00:00,29790.34,29858.11,29700.01,29724.41,1,372103
2021-07-21 07:05:00,29724.41,29846.72,29710.43,29803.15,0,372104
2021-07-21 07:10:00,29803.14,29875.67,29801.87,29826.38,3,372105
2021-07-21 07:15:00,29826.37,29860.36,29765.88,29779.3,2,372106
2021-07-21 07:20:00,29779.3,29794.39,29674.3,29688.44,2,372107
2021-07-21 07:25:00,29688.44,29720.49,29663.42,29703.62,2,372108
2021-07-21 07:30:00,29703.62,29703.63,29585.3,29609.39,2,372109
2021-07-21 07:35:00,29609.39,29648.68,29580.57,29648.68,2,372110
2021-07-21 07:40:00,29648.69,29660.0,29587.09,29623.34,2,372111
2021-07-21 07:45:00,29623.35,29623.35,29563.01,29600.0,2,372112
2021-07-21 07:50:00,29601.25,29601.25,29555.0,29582.53,2,372113
2021-07-21 07:55:00,29582.53,29630.0,29572.31,29595.55,2,372114
2021-07-21 08:00:00,29595.55,29659.88,29593.35,29643.14,2,372115
2021-07-21 08:05:00,29643.13,29720.75,29643.13,29650.21,2,372116
2021-07-21 08:10:00,29650.22,29650.22,29567.46,29573.69,2,372117
2021-07-21 08:15:00,29573.7,29599.99,29482.61,29570.72,1,372118
2021-07-21 08:20:00,29573.31,29633.32,29555.44,29625.63,0,372119
2021-07-21 08:25:00,29625.64,29676.49,29622.79,29658.0,0,372120
2021-07-21 08:30:00,29658.01,29745.69,29658.01,29707.71,0,372121
2021-07-21 08:35:00,29707.71,29738.3,29680.44,29681.81,0,372122
2021-07-21 08:40:00,29680.64,29730.0,29680.64,29709.82,0,372123
2021-07-21 08:45:00,29709.82,29742.34,29663.43,29703.65,0,372124
2021-07-21 08:50:00,29703.65,29722.0,29686.58,29709.91,0,372125
2021-07-21 08:55:00,29709.92,29784.98,29707.84,29743.15,0,372126
2021-07-21 09:00:00,29743.15,29810.0,29743.15,29770.49,0,372127
2021-07-21 09:05:00,29770.31,29808.0,29755.96,29787.59,0,372128
2021-07-21 09:10:00,29787.59,29815.01,29784.74,29795.17,0,372129
2021-07-21 09:15:00,29795.17,29823.38,29723.02,29739.52,0,372130
2021-07-21 09:20:00,29739.51,29776.58,29734.57,29734.88,0,372131
2021-07-21 09:25:00,29734.88,29759.56,29707.29,29745.01,0,372132
2021-07-21 09:30:00,29745.01,29800.0,29745.0,29778.06,0,372133
2021-07-21 09:35:00,29778.06,29836.22,29778.05,29813.59,0,372134
2021-07-21 09:40:00,29813.6,29880.0,29813.6,29844.0,0,372135
2021-07-21 09:45:00,29844.01,29864.69,29805.0,29858.74,0,372136
2021-07-21 09:50:00,29858.73,29890.06,29811.0,29811.02,0,372137
2021-07-21 09:55:00,29811.02,29835.85,29791.2,29826.05,0,372138
2021-07-21 10:00:00,29824.62,29834.69,29777.0,29783.5,0,372139
2021-07-21 10:05:00,29782.5,29811.92,29782.49,29792.11,0,372140
2021-07-21 10:10:00,29792.11,29836.68,29791.05,29809.05,0,372141
2021-07-21 10:15:00,29809.05,29897.7,29806.08,29865.87,0,372142
2021-07-21 10:20:00,29863.7,29890.46,29830.94,29836.42,0,372143
2021-07-21 10:25:00,29836.41,29844.6,29803.77,29836.58,0,372144
2021-07-21 10:30:00,29836.58,29885.71,29816.21,29848.35,0,372145
2021-07-21 10:35:00,29848.35,29900.0,29848.35,29895.77,0,372146
2021-07-21 10:40:00,29895.78,29910.0,29837.29,29865.75,0,372147
2021-07-21 10:45:00,29865.76,29868.23,29820.71,29850.0,0,372148
2021-07-21 10:50:00,29850.0,29897.87,29850.0,29874.17,0,372149
2021-07-21 10:55:00,29874.17,29874.17,29827.45,29845.1,0,372150
2021-07-21 11:00:00,29845.11,29928.57,29830.51,29892.44,0,372151
2021-07-21 11:05:00,29895.35,29946.26,29880.46,29937.96,0,372152
2021-07-21 11:10:00,29937.97,29980.0,29923.63,29976.48,0,372153
2021-07-21 11:15:00,29976.48,30570.0,29976.47,30452.31,0,372154
2021-07-21 11:20:00,30452.3,30488.56,30377.64,30399.01,0,372155
2021-07-21 11:25:00,30399.1,30672.62,30395.62,30666.32,0,372156
2021-07-21 11:30:00,30666.32,30840.0,30600.0,30661.77,0,372157
2021-07-21 11:35:00,30661.77,30678.43,30565.05,30626.79,0,372158
2021-07-21 11:40:00,30626.79,30640.0,30570.32,30631.94,0,372159
2021-07-21 11:45:00,30631.95,30732.3,30602.69,30730.12,3,372160
2021-07-21 11:50:00,30730.12,30766.41,30637.14,30695.75,2,372161
2021-07-21 11:55:00,30695.76,30698.96,30629.75,30682.96,2,372162
2021-07-21 12:00:00,30682.95,30714.12,30606.4,30631.33,2,372163
2021-07-21 12:05:00,30631.32,30639.97,30500.0,30633.01,2,372164
2021-07-21 12:10:00,30633.01,30637.61,30556.19,30571.72,1,372165
2021-07-21 12:15:00,30571.72,30629.84,30550.0,30609.2,0,372166
2021-07-21 12:20:00,30609.2,30653.79,30603.57,30628.87,0,372167
2021-07-21 12:25:00,30628.87,30714.01,30621.48,30695.11,0,372168
2021-07-21 12:30:00,30694.35,30709.26,30644.12,30692.26,0,372169
2021-07-21 12:35:00,30692.25,30900.0,30671.74,30859.08,3,372170
2021-07-21 12:40:00,30859.08,30883.03,30707.16,30714.99,2,372171
2021-07-21 12:45:00,30714.99,30747.23,30677.62,30734.81,2,372172
2021-07-21 12:50:00,30734.83,30736.69,30681.13,30693.38,2,372173
2021-07-21 12:55:00,30693.38,30699.99,30650.21,30687.06,2,372174
2021-07-21 13:00:00,30687.06,30721.97,30649.81,30653.7,1,372175
2021-07-21 13:05:00,30654.44,30698.15,30642.85,30693.79,0,372176
2021-07-21 13:10:00,30694.48,30782.99,30692.66,30777.81,0,372177
2021-07-21 13:15:00,30778.29,30800.0,30737.09,30787.01,0,372178
2021-07-21 13:20:00,30787.0,30793.36,30709.49,30745.5,0,372179
2021-07-21 13:25:00,30745.5,30807.58,30725.0,30803.58,0,372180
2021-07-21 13:30:00,30803.57,30803.58,30730.61,30733.99,0,372181
2021-07-21 13:35:00,30733.98,30765.04,30714.61,30761.04,0,372182
2021-07-21 13:40:00,30761.05,30785.99,30739.09,30774.5,0,372183
2021-07-21 13:45:00,30778.34,30863.04,30776.24,30788.99,0,372184
2021-07-21 13:50:00,30787.42,30888.0,30785.44,30863.94,0,372185
2021-07-21 13:55:00,30863.93,30900.0,30835.51,30880.0,3,372186
2021-07-21 14:00:00,30880.0,30942.42,30831.84,30856.28,2,372187
2021-07-21 14:05:00,30856.28,30865.74,30811.36,30815.81,2,372188
2021-07-21 14:10:00,30815.81,30877.45,30771.57,30862.33,2,372189
2021-07-21 14:15:00,30862.33,30862.33,30785.71,30791.56,2,372190
2021-07-21 14:20:00,30791.57,30849.51,30774.99,30814.05,2,372191
2021-07-21 14:25:00,30814.04,30860.0,30814.04,30852.04,2,372192
2021-07-21 14:30:00,30852.04,30873.06,30773.01,30778.33,2,372193
2021-07-21 14:35:00,30778.33,30821.13,30771.61,30782.58,2,372194
2021-07-21 14:40:00,30779.27,30805.02,30753.94,30760.02,2,372195
2021-07-21 14:45:00,30760.02,30809.98,30760.02,30786.56,2,372196
2021-07-21 14:50:00,30786.56,30812.03,30780.11,30786.58,2,372197
2021-07-21 14:55:00,30786.58,30829.46,30786.57,30817.84,2,372198
2021-07-21 15:00:00,30817.84,30857.06,30763.0,30834.04,2,372199
2021-07-21 15:05:00,30834.04,30838.92,30770.68,30781.31,2,372200
2021-07-21 15:10:00,30781.32,30785.19,30716.37,30756.9,2,372201
2021-07-21 15:15:00,30756.89,30791.87,30735.0,30740.15,1,372202
2021-07-21 15:20:00,30740.16,30756.93,30726.19,30740.27,0,372203
2021-07-21 15:25:00,30740.84,30799.19,30740.76,30781.22,0,372204
2021-07-21 15:30:00,30781.1,30824.4,30781.1,30796.74,0,372205
2021-07-21 15:35:00,30796.73,30855.44,30794.63,30809.8,0,372206
2021-07-21 15:40:00,30809.81,30911.59,30763.25,30850.45,0,372207
2021-07-21 15:45:00,30848.5,30852.85,30800.0,30809.85,0,372208
2021-07-21 15:50:00,30809.86,30831.0,30794.23,30812.04,0,372209
2021-07-21 15:55:00,30812.04,30850.0,30803.9,30830.31,0,372210
2021-07-21 16:00:00,30830.31,30973.0,30830.31,30891.32,3,372211
2021-07-21 16:05:00,30891.31,30891.31,30801.87,30811.94,2,372212
2021-07-21 16:10:00,30811.24,30829.98,30787.32,30804.05,2,372213
2021-07-21 16:15:00,30804.05,30821.43,30781.15,30800.01,2,372214
2021-07-21 16:20:00,30800.02,30806.61,30783.6,30783.6,1,372215
2021-07-21 16:25:00,30783.61,30814.48,30758.0,30799.37,0,372216
2021-07-21 16:30:00,30799.37,30844.2,30799.37,30825.77,0,372217
2021-07-21 16:35:00,30825.77,30902.39,30825.76,30899.11,0,372218
2021-07-21 16:40:00,30899.11,30900.7,30844.12,30849.0,0,372219
2021-07-21 16:45:00,30849.0,30900.0,30846.39,30884.93,0,372220
2021-07-21 16:50:00,30884.92,30915.96,30872.54,30908.0,0,372221
2021-07-21 16:55:00,30908.0,31395.16,30899.1,31314.2,0,372222
2021-07-21 17:00:00,31314.2,31395.61,31253.17,31342.52,0,372223
2021-07-21 17:05:00,31342.52,31617.96,31300.87,31511.06,3,372224
2021-07-21 17:10:00,31511.06,31537.98,31422.93,31499.99,2,372225
2021-07-21 17:15:00,31500.0,31547.14,31402.76,31422.6,2,372226
2021-07-21 17:20:00,31422.6,31450.0,31376.64,31425.39,2,372227
2021-07-21 17:25:00,31425.4,31450.0,31389.39,31433.79,2,372228
2021-07-21 17:30:00,31433.8,31449.98,31393.48,31400.71,2,372229
2021-07-21 17:35:00,31400.71,31400.75,31364.27,31379.5,2,372230
2021-07-21 17:40:00,31379.5,31402.36,31355.71,31358.86,2,372231
2021-07-21 17:45:00,31361.78,31419.54,31361.78,31381.87,2,372232
2021-07-21 17:50:00,31381.87,31392.5,31354.99,31365.09,2,372233
2021-07-21 17:55:00,31365.09,31387.22,31355.32,31385.15,2,372234
2021-07-21 18:00:00,31385.16,31434.59,31340.22,31347.9,1,372235
2021-07-21 18:05:00,31348.23,31409.88,31311.18,31408.58,0,372236
2021-07-21 18:10:00,31408.58,31524.98,31390.56,31493.25,0,372237
2021-07-21 18:15:00,31493.25,31510.0,31415.55,31426.81,0,372238
2021-07-21 18:20:00,31425.68,31464.99,31401.0,31441.57,0,372239
2021-07-21 18:25:00,31441.57,31457.45,31420.0,31435.87,0,372240
2021-07-21 18:30:00,31435.87,31493.71,31435.87,31487.85,0,372241
2021-07-21 18:35:00,31487.85,31529.43,31483.88,31490.06,0,372242
2021-07-21 18:40:00,31490.06,31495.41,31455.71,31477.72,0,372243
2021-07-21 18:45:00,31477.81,31548.8,31475.83,31498.55,0,372244
2021-07-21 18:50:00,31498.55,31636.73,31483.13,31508.85,0,372245
2021-07-21 18:55:00,31508.93,31655.0,31506.94,31534.11,0,372246
2021-07-21 19:00:00,31534.12,31581.71,31467.94,31492.07,0,372247
2021-07-21 19:05:00,31492.06,31720.0,31491.62,31680.41,3,372248
2021-07-21 19:10:00,31678.01,31695.46,31556.46,31617.71,2,372249
2021-07-21 19:15:00,31617.72,31624.89,31551.31,31575.8,2,372250
2021-07-21 19:20:00,31575.81,31575.81,31532.87,31559.25,2,372251
2021-07-21 19:25:00,31559.25,31587.0,31516.35,31577.52,2,372252
2021-07-21 19:30:00,31573.85,31586.87,31540.84,31556.65,2,372253
2021-07-21 19:35:00,31558.3,31571.51,31485.96,31487.4,2,372254
2021-07-21 19:40:00,31491.79,31520.0,31491.79,31500.0,2,372255
2021-07-21 19:45:00,31500.01,31554.37,31500.0,31514.39,2,372256
2021-07-21 19:50:00,31514.38,31532.04,31488.0,31489.58,2,372257
2021-07-21 19:55:00,31489.58,31495.29,31419.6,31441.9,1,372258
2021-07-21 20:00:00,31441.9,31527.0,31440.76,31491.57,0,372259
2021-07-21 20:05:00,31491.57,31548.0,31468.82,31500.54,0,372260
2021-07-21 20:10:00,31500.54,31520.44,31452.84,31464.43,0,372261
2021-07-21 20:15:00,31464.42,31532.28,31461.3,31511.0,0,372262
2021-07-21 20:20:00,31511.0,31552.49,31508.71,31528.8,0,372263
2021-07-21 20:25:00,31524.34,31541.69,31496.52,31503.39,0,372264
2021-07-21 20:30:00,31501.63,31520.73,31472.01,31504.08,0,372265
2021-07-21 20:35:00,31504.08,31568.58,31504.07,31559.99,0,372266
2021-07-21 20:40:00,31559.99,31571.09,31500.0,31555.54,0,372267
2021-07-21 20:45:00,31555.54,31555.56,31530.04,31536.63,0,372268
2021-07-21 20:50:00,31539.93,31550.0,31501.0,31510.0,0,372269
2021-07-21 20:55:00,31510.01,31544.51,31442.24,31499.99,0,372270
2021-07-21 21:00:00,31499.99,31588.0,31499.99,31573.21,0,372271
2021-07-21 21:05:00,31573.2,31717.0,31573.0,31711.57,0,372272
2021-07-21 21:10:00,31711.57,31776.8,31656.62,31697.24,0,372273
2021-07-21 21:15:00,31696.73,31756.01,31694.96,31718.17,0,372274
2021-07-21 21:20:00,31718.17,31792.4,31710.7,31755.78,3,372275
2021-07-21 21:25:00,31755.78,31762.09,31627.19,31636.38,2,372276
2021-07-21 21:30:00,31636.37,31636.38,31587.64,31628.24,1,372277
2021-07-21 21:35:00,31628.25,31682.22,31591.28,31663.26,0,372278
2021-07-21 21:40:00,31663.25,31828.0,31660.0,31788.76,0,372279
2021-07-21 21:45:00,31788.76,31847.0,31722.05,31802.06,0,372280
2021-07-21 21:50:00,31802.07,31859.0,31789.49,31839.99,0,372281
2021-07-21 21:55:00,31839.99,31875.77,31800.0,31824.61,0,372282
2021-07-21 22:00:00,31824.61,31850.88,31780.81,31809.24,0,372283
2021-07-21 22:05:00,31807.65,31894.31,31789.9,31848.31,0,372284
2021-07-21 22:10:00,31848.31,31861.89,31804.85,31814.83,0,372285
2021-07-21 22:15:00,31814.82,31870.0,31811.68,31855.96,0,372286
2021-07-21 22:20:00,31855.96,31900.0,31836.77,31865.23,0,372287
2021-07-21 22:25:00,31865.22,31887.91,31850.0,31872.72,0,372288
2021-07-21 22:30:00,31872.72,31874.97,31832.95,31849.86,0,372289
2021-07-21 22:35:00,31849.86,31947.77,31767.66,31802.72,0,372290
2021-07-21 22:40:00,31802.72,31856.91,31761.47,31813.25,0,372291
2021-07-21 22:45:00,31813.25,31919.13,31790.0,31906.71,0,372292
2021-07-21 22:50:00,31906.72,31969.99,31890.33,31955.95,3,372293
2021-07-21 22:55:00,31955.96,31964.81,31853.98,31933.0,2,372294
2021-07-21 23:00:00,31934.54,32100.0,31850.0,31856.05,1,372295
2021-07-21 23:05:00,31856.05,31994.52,31848.38,31942.63,0,372296
2021-07-21 23:10:00,31942.63,32000.0,31930.69,31987.99,0,372297
2021-07-21 23:15:00,31987.99,32111.23,31968.83,32040.27,0,372298
2021-07-21 23:20:00,32040.27,32047.4,31963.19,31990.0,0,372299
2021-07-21 23:25:00,31990.0,32081.23,31959.6,32055.37,0,372300
2021-07-21 23:30:00,32055.36,32249.56,32045.14,32209.73,0,372301
2021-07-21 23:35:00,32209.73,32428.57,32175.0,32313.03,3,372302
2021-07-21 23:40:00,32313.04,32400.0,32276.74,32293.61,2,372303
2021-07-21 23:45:00,32293.61,32324.9,32177.35,32195.83,2,372304
2021-07-21 23:50:00,32195.83,32206.18,32125.98,32146.06,2,372305
2021-07-21 23:55:00,32146.05,32200.0,32020.31,32107.81,2,372306
2021-07-22 00:00:00,32109.27,32138.77,31783.88,31893.54,1,372307
2021-07-22 00:05:00,31888.98,31949.99,31840.01,31935.91,0,372308
2021-07-22 00:10:00,31935.94,32042.53,31935.03,32035.56,0,372309
2021-07-22 00:15:00,32035.56,32197.99,32031.27,32072.11,3,372310
2021-07-22 00:20:00,32072.12,32098.74,31957.07,32005.53,2,372311
2021-07-22 00:25:00,32005.51,32058.93,31984.4,32000.0,2,372312
2021-07-22 00:30:00,32000.01,32041.52,31950.34,31973.27,1,372313
2021-07-22 00:35:00,31973.26,32055.08,31961.18,32051.17,0,372314
2021-07-22 00:40:00,32051.16,32164.38,32015.12,32114.49,0,372315
2021-07-22 00:45:00,32114.49,32223.24,32114.49,32181.2,0,372316
2021-07-22 00:50:00,32181.2,32189.0,32062.13,32156.52,0,372317
2021-07-22 00:55:00,32156.52,32184.9,32126.91,32179.1,0,372318
2021-07-22 01:00:00,32179.09,32179.1,32065.61,32156.3,0,372319
2021-07-22 01:05:00,32156.31,32300.0,32060.64,32296.75,0,372320
2021-07-22 01:10:00,32290.06,32858.0,32142.69,32735.91,3,372321
2021-07-22 01:15:00,32735.91,32821.0,32325.0,32531.06,2,372322
2021-07-22 01:20:00,32531.06,32537.82,32030.98,32465.51,2,372323
2021-07-22 01:25:00,32465.48,32489.15,32133.68,32179.99,2,372324
2021-07-22 01:30:00,32179.99,32240.0,31900.02,32074.4,2,372325
2021-07-22 01:35:00,32080.26,32271.2,32009.66,32052.24,1,372326
2021-07-22 01:40:00,32052.22,32148.45,32050.06,32065.1,0,372327
2021-07-22 01:45:00,32065.1,32200.0,32051.54,32158.01,3,372328
2021-07-22 01:50:00,32158.0,32197.88,32027.28,32031.35,2,372329
2021-07-22 01:55:00,32031.35,32038.88,31755.0,31786.71,1,372330
2021-07-22 02:00:00,31783.78,32000.0,31782.7,31894.01,3,372331
2021-07-22 02:05:00,31898.1,31999.98,31819.72,31842.49,2,372332
2021-07-22 02:10:00,31843.75,31886.1,31584.52,31718.12,1,372333
2021-07-22 02:15:00,31718.12,31951.0,31714.32,31946.16,3,372334
2021-07-22 02:20:00,31946.16,31971.12,31862.23,31862.23,2,372335
2021-07-22 02:25:00,31862.23,31899.99,31681.12,31690.14,2,372336
2021-07-22 02:30:00,31690.14,31798.91,31681.7,31716.52,2,372337
2021-07-22 02:35:00,31716.51,31777.85,31713.29,31760.0,2,372338
2021-07-22 02:40:00,31760.0,31814.72,31692.39,31738.91,2,372339
2021-07-22 02:45:00,31738.91,31790.7,31626.45,31663.72,2,372340
2021-07-22 02:50:00,31663.71,31750.0,31639.0,31736.49,2,372341
2021-07-22 02:55:00,31736.49,31750.0,31616.96,31627.57,2,372342
2021-07-22 03:00:00,31627.58,31698.69,31571.89,31595.46,1,372343
2021-07-22 03:05:00,31595.45,31699.99,31577.69,31685.37,0,372344
2021-07-22 03:10:00,31685.38,31729.99,31602.94,31615.63,0,372345
2021-07-22 03:15:00,31613.92,31727.7,31606.16,31679.0,0,372346
2021-07-22 03:20:00,31679.0,31724.19,31638.46,31699.03,3,372347
2021-07-22 03:25:00,31699.04,31726.62,31573.31,31589.74,2,372348
2021-07-22 03:30:00,31587.72,31633.99,31516.3,31598.27,2,372349
2021-07-22 03:35:00,31598.26,31613.4,31516.68,31548.1,1,372350
2021-07-22 03:40:00,31548.1,31675.01,31525.29,31629.3,0,372351
2021-07-22 03:45:00,31629.29,31744.95,31612.96,31717.34,0,372352
2021-07-22 03:50:00,31717.35,31750.0,31664.03,31750.0,0,372353
2021-07-22 03:55:00,31750.0,31936.1,31746.35,31796.9,0,372354
2021-07-22 04:00:00,31796.9,31861.48,31741.75,31756.29,0,372355
2021-07-22 04:05:00,31757.16,31757.16,31680.01,31707.61,0,372356
2021-07-22 04:10:00,31707.6,31767.79,31702.91,31733.46,0,372357
2021-07-22 04:15:00,31733.47,31739.58,31686.28,31733.37,0,372358
2021-07-22 04:20:00,31733.37,31780.0,31720.18,31754.73,0,372359
2021-07-22 04:25:00,31754.99,31763.6,31693.9,31757.13,0,372360
2021-07-22 04:30:00,31757.13,31807.12,31723.27,31802.0,0,372361
2021-07-22 04:35:00,31801.99,31967.77,31782.11,31959.22,3,372362
2021-07-22 04:40:00,31960.78,31961.11,31842.2,31875.84,2,372363
2021-07-22 04:45:00,31871.52,31906.43,31847.49,31892.48,2,372364
2021-07-22 04:50:00,31894.07,31894.12,31838.13,31863.86,2,372365
2021-07-22 04:55:00,31863.86,31863.86,31801.11,31835.03,2,372366
2021-07-22 05:00:00,31835.02,31892.27,31810.0,31874.14,2,372367
2021-07-22 05:05:00,31874.14,31879.86,31800.0,31820.83,1,372368
2021-07-22 05:10:00,31820.83,31920.0,31820.83,31897.11,0,372369
2021-07-22 05:15:00,31897.11,31937.08,31835.86,31921.01,0,372370
2021-07-22 05:20:00,31921.0,32063.2,31900.35,32011.64,0,372371
2021-07-22 05:25:00,32011.64,32163.97,32000.02,32105.35,0,372372
2021-07-22 05:30:00,32110.46,32110.46,31988.78,32021.95,0,372373
2021-07-22 05:35:00,32021.96,32026.46,31984.08,32013.92,0,372374
2021-07-22 05:40:00,32013.94,32037.75,31978.21,32037.75,0,372375
2021-07-22 05:45:00,32037.75,32094.68,32026.83,32030.01,0,372376
2021-07-22 05:50:00,32030.45,32075.6,31991.8,32070.0,0,372377
2021-07-22 05:55:00,32068.88,32114.12,32014.33,32114.12,3,372378
2021-07-22 06:00:00,32114.12,32115.64,31987.51,32010.01,2,372379
2021-07-22 06:05:00,32010.01,32070.97,31959.0,32062.56,2,372380
2021-07-22 06:10:00,32060.75,32060.76,31992.26,32046.03,2,372381
2021-07-22 06:15:00,32046.04,32184.24,32041.44,32045.78,2,372382
2021-07-22 06:20:00,32045.78,32060.49,31992.3,32000.96,1,372383
2021-07-22 06:25:00,32000.96,32060.9,32000.93,32047.87,0,372384
2021-07-22 06:30:00,32047.87,32136.36,32046.25,32129.16,0,372385
2021-07-22 06:35:00,32129.4,32140.99,32061.0,32107.31,0,372386
2021-07-22 06:40:00,32107.31,32199.0,32106.06,32168.28,3,372387
2021-07-22 06:45:00,32168.27,32247.63,32156.51,32162.53,2,372388
2021-07-22 06:50:00,32162.72,32166.77,32125.73,32159.9,2,372389
2021-07-22 06:55:00,32159.91,32161.41,32068.94,32144.51,2,372390
2021-07-22 07:00:00,32144.51,32150.0,31878.79,31924.78,1,372391
2021-07-22 07:05:00,31924.71,32176.47,31921.99,32161.83,0,372392
2021-07-22 07:10:00,32161.83,32258.88,32122.64,32194.14,0,372393
2021-07-22 07:15:00,32194.15,32249.57,32133.26,32224.49,0,372394
2021-07-22 07:20:00,32224.49,32344.32,32224.49,32339.02,3,372395
2021-07-22 07:25:00,32338.65,32357.9,32274.76,32321.86,2,372396
2021-07-22 07:30:00,32321.87,32376.78,32210.13,32227.99,2,372397
2021-07-22 07:35:00,32228.0,32263.47,32181.78,32218.21,2,372398
2021-07-22 07:40:00,32218.21,32262.57,32177.13,32247.35,2,372399
2021-07-22 07:45:00,32247.34,32247.87,32132.0,32193.96,2,372400
2021-07-22 07:50:00,32196.3,32201.36,32044.0,32057.25,2,372401
2021-07-22 07:55:00,32057.25,32110.99,32040.62,32053.18,2,372402
2021-07-22 08:00:00,32053.58,32067.6,31940.53,31942.68,1,372403
2021-07-22 08:05:00,31942.68,32046.18,31942.68,32000.0,0,372404
2021-07-22 08:10:00,31999.99,32037.8,31983.88,32014.88,0,372405
2021-07-22 08:15:00,32014.88,32035.92,31940.46,32005.69,0,372406
2021-07-22 08:20:00,32005.69,32039.99,31990.08,32020.63,0,372407
2021-07-22 08:25:00,32023.14,32081.91,32000.0,32054.35,3,372408
2021-07-22 08:30:00,32054.34,32054.34,32000.15,32008.78,2,372409
2021-07-22 08:35:00,32008.13,32008.76,31947.06,31953.8,2,372410
2021-07-22 08:40:00,31953.79,32013.26,31888.9,32000.0,2,372411
2021-07-22 08:45:00,31999.99,32043.38,31995.99,32005.21,2,372412
2021-07-22 08:50:00,32005.21,32050.0,31980.11,31983.1,2,372413
2021-07-22 08:55:00,31983.1,32015.01,31969.74,31974.85,2,372414
2021-07-22 09:00:00,31974.85,31974.85,31895.0,31895.0,2,372415
2021-07-22 09:05:00,31895.0,31980.97,31869.49,31953.38,2,372416
2021-07-22 09:10:00,31952.09,31954.46,31880.0,31880.0,2,372417
2021-07-22 09:15:00,31880.2,31955.66,31880.2,31936.13,2,372418
2021-07-22 09:20:00,31936.13,31963.18,31927.01,31931.48,2,372419
2021-07-22 09:25:00,31931.48,31959.16,31924.62,31952.12,2,372420
2021-07-22 09:30:00,31952.11,31952.11,31787.93,31846.65,2,372421
2021-07-22 09:35:00,31846.65,31876.57,31777.0,31840.82,1,372422
2021-07-22 09:40:00,31840.83,31874.72,31808.67,31864.63,0,372423
2021-07-22 09:45:00,31864.64,31874.71,31821.07,31856.72,0,372424
2021-07-22 09:50:00,31856.72,31930.21,31851.93,31916.91,0,372425
2021-07-22 09:55:00,31916.89,31916.89,31851.47,31855.0,0,372426
2021-07-22 10:00:00,31855.0,31926.86,31826.09,31891.32,0,372427
2021-07-22 10:05:00,31891.31,31933.68,31888.32,31897.64,0,372428
2021-07-22 10:10:00,31897.64,32113.87,31880.89,32091.17,3,372429
2021-07-22 10:15:00,32091.15,32095.67,31971.81,31992.55,2,372430
2021-07-22 10:20:00,31992.55,31992.55,31944.88,31962.12,2,372431
2021-07-22 10:25:00,31962.11,31966.16,31913.73,31946.51,2,372432
2021-07-22 10:30:00,31946.51,31966.06,31885.79,31942.43,2,372433
2021-07-22 10:35:00,31942.42,31953.5,31882.69,31912.32,2,372434
2021-07-22 10:40:00,31912.32,31979.57,31891.96,31900.85,1,372435
2021-07-22 10:45:00,31900.88,31980.01,31900.88,31980.01,0,372436
2021-07-22 10:50:00,31980.01,31987.51,31910.45,31933.63,0,372437
2021-07-22 10:55:00,31935.42,31956.26,31903.13,31929.64,0,372438
2021-07-22 11:00:00,31929.64,31952.6,31901.05,31930.28,0,372439
2021-07-22 11:05:00,31930.28,32050.0,31930.27,32012.86,0,372440
2021-07-22 11:10:00,32012.85,32034.48,31960.59,32025.95,0,372441
2021-07-22 11:15:00,32025.96,32160.0,32006.07,32138.79,0,372442
2021-07-22 11:20:00,32138.79,32197.43,32114.48,32140.78,0,372443
2021-07-22 11:25:00,32143.54,32213.0,32105.82,32202.6,3,372444
2021-07-22 11:30:00,32202.6,32205.38,32130.1,32166.44,2,372445
2021-07-22 11:35:00,32166.43,32166.92,32100.0,32121.02,2,372446
2021-07-22 11:40:00,32121.01,32121.02,32073.13,32076.72,2,372447
2021-07-22 11:45:00,32076.72,32095.15,32050.0,32084.36,2,372448
2021-07-22 11:50:00,32084.35,32093.24,31980.82,32038.68,2,372449
2021-07-22 11:55:00,32038.69,32063.91,32003.51,32063.91,2,372450
2021-07-22 12:00:00,32063.91,32150.0,32027.41,32034.8,2,372451
2021-07-22 12:05:00,32034.61,32056.02,32000.01,32003.0,2,372452
2021-07-22 12:10:00,32003.0,32007.14,31966.74,31980.45,2,372453
2021-07-22 12:15:00,31980.46,31980.46,31923.24,31936.47,2,372454
2021-07-22 12:20:00,31936.47,31987.68,31936.47,31980.34,2,372455
2021-07-22 12:25:00,31980.33,32005.76,31957.16,31987.41,2,372456
2021-07-22 12:30:00,31987.4,32034.61,31960.0,31992.05,2,372457
2021-07-22 12:35:00,31992.05,32006.18,31962.51,31977.48,2,372458
2021-07-22 12:40:00,31977.48,31983.38,31926.87,31943.94,2,372459
2021-07-22 12:45:00,31941.74,31948.79,31860.0,31863.39,1,372460
2021-07-22 12:50:00,31863.39,31909.2,31863.39,31902.85,0,372461
2021-07-22 12:55:00,31900.89,31925.8,31890.0,31892.52,0,372462
2021-07-22 13:00:00,31892.52,31974.7,31865.93,31971.18,0,372463
2021-07-22 13:05:00,31964.96,32070.0,31964.96,32029.25,0,372464
2021-07-22 13:10:00,32022.12,32065.77,32013.52,32053.41,0,372465
2021-07-22 13:15:00,32053.42,32098.0,32008.87,32008.87,0,372466
2021-07-22 13:20:00,32011.63,32037.68,31976.05,32003.78,0,372467
2021-07-22 13:25:00,32003.79,32059.5,32003.78,32025.4,0,372468
2021-07-22 13:30:00,32025.4,32032.91,31975.15,31975.15,0,372469
2021-07-22 13:35:00,31975.15,32033.55,31941.37,32016.97,0,372470
2021-07-22 13:40:00,32016.97,32044.0,32003.63,32033.51,0,372471
2021-07-22 13:45:00,32033.5,32070.92,31980.0,32000.08,0,372472
2021-07-22 13:50:00,32000.08,32011.08,31972.38,31993.81,0,372473
2021-07-22 13:55:00,31993.81,32033.42,31982.38,32032.9,0,372474
2021-07-22 14:00:00,32032.89,32067.62,32017.5,32030.79,0,372475
2021-07-22 14:05:00,32030.79,32213.13,32030.21,32178.9,0,372476
2021-07-22 14:10:00,32178.9,32344.9,32118.23,32250.0,0,372477
2021-07-22 14:15:00,32250.01,32315.59,32181.77,32243.32,0,372478
2021-07-22 14:20:00,32243.28,32310.0,32204.29,32290.0,3,372479
2021-07-22 14:25:00,32290.0,32314.99,32230.77,32243.23,2,372480
2021-07-22 14:30:00,32243.24,32243.24,32161.33,32199.15,2,372481
2021-07-22 14:35:00,32199.14,32199.15,32161.12,32193.09,2,372482
2021-07-22 14:40:00,32192.0,32192.53,32144.12,32162.23,2,372483
2021-07-22 14:45:00,32162.93,32164.86,32085.39,32105.54,2,372484
2021-07-22 14:50:00,32105.54,32105.54,32035.88,32079.95,2,372485
2021-07-22 14:55:00,32079.95,32150.0,32045.1,32129.75,2,372486
2021-07-22 15:00:00,32129.74,32157.31,32044.13,32075.26,2,372487
2021-07-22 15:05:00,32077.59,32111.79,32071.29,32074.46,1,372488
2021-07-22 15:10:00,32074.47,32150.0,32071.27,32136.63,0,372489
2021-07-22 15:15:00,32136.62,32221.98,32136.62,32183.74,0,372490
2021-07-22 15:20:00,32183.76,32241.0,32146.43,32221.15,0,372491
2021-07-22 15:25:00,32221.14,32259.0,32176.87,32249.23,3,372492
2021-07-22 15:30:00,32249.23,32249.23,32141.62,32146.59,2,372493
2021-07-22 15:35:00,32146.59,32174.16,32141.54,32163.92,2,372494
2021-07-22 15:40:00,32164.89,32181.01,32136.64,32179.87,2,372495
2021-07-22 15:45:00,32179.88,32190.0,32111.7,32122.95,2,372496
2021-07-22 15:50:00,32122.96,32137.93,32104.31,32117.87,2,372497
2021-07-22 15:55:00,32117.87,32132.0,32108.93,32116.33,2,372498
2021-07-22 16:00:00,32116.32,32139.58,32073.2,32138.98,2,372499
2021-07-22 16:05:00,32138.97,32138.98,32060.0,32096.97,2,372500
2021-07-22 16:10:00,32096.97,32096.98,32041.29,32087.94,2,372501
2021-07-22 16:15:00,32087.94,32109.93,32050.81,32060.17,2,372502
2021-07-22 16:20:00,32060.17,32134.65,32053.22,32103.68,2,372503
2021-07-22 16:25:00,32103.67,32171.46,32101.9,32141.14,2,372504
2021-07-22 16:30:00,32141.15,32141.15,31888.0,31893.22,2,372505
2021-07-22 16:35:00,31893.23,31960.16,31753.23,31809.17,2,372506
2021-07-22 16:40:00,31809.17,31843.71,31708.0,31787.72,1,372507
2021-07-22 16:45:00,31787.73,31891.04,31783.4,31805.47,0,372508
2021-07-22 16:50:00,31805.47,31916.96,31802.16,31865.75,0,372509
2021-07-22 16:55:00,31865.75,31931.08,31863.9,31891.93,0,372510
2021-07-22 17:00:00,31891.94,31937.26,31847.0,31860.0,0,372511
2021-07-22 17:05:00,31860.01,31975.93,31860.0,31908.09,3,372512
2021-07-22 17:10:00,31908.09,31908.1,31874.47,31879.67,2,372513
2021-07-22 17:15:00,31879.66,31888.21,31825.42,31842.89,2,372514
2021-07-22 17:20:00,31840.29,31866.29,31773.0,31808.39,1,372515
2021-07-22 17:25:00,31808.39,31885.74,31808.02,31867.32,0,372516
2021-07-22 17:30:00,31867.32,31898.41,31850.93,31880.91,0,372517
2021-07-22 17:35:00,31881.16,31899.45,31840.3,31898.36,0,372518
2021-07-22 17:40:00,31896.25,31928.0,31882.83,31927.69,0,372519
2021-07-22 17:45:00,31927.68,31953.5,31904.69,31951.59,3,372520
2021-07-22 17:50:00,31951.59,31982.51,31930.0,31932.42,2,372521
2021-07-22 17:55:00,31932.42,31932.42,31800.82,31811.6,2,372522
2021-07-22 18:00:00,31811.6,31863.03,31807.55,31846.5,2,372523
2021-07-22 18:05:00,31845.13,31878.77,31756.0,31868.0,2,372524
2021-07-22 18:10:00,31867.01,31885.0,31708.57,31764.09,2,372525
2021-07-22 18:15:00,31764.09,31807.16,31716.93,31755.63,2,372526
2021-07-22 18:20:00,31755.64,31792.68,31730.97,31747.36,1,372527
2021-07-22 18:25:00,31747.35,31843.65,31747.35,31769.89,0,372528
2021-07-22 18:30:00,31773.99,31814.95,31771.15,31774.84,0,372529
2021-07-22 18:35:00,31774.83,31910.09,31774.42,31864.17,0,372530
2021-07-22 18:40:00,31864.67,31928.45,31856.69,31910.02,0,372531
2021-07-22 18:45:00,31909.98,31986.49,31853.03,31937.96,3,372532
2021-07-22 18:50:00,31937.96,31945.86,31877.48,31885.26,2,372533
2021-07-22 18:55:00,31885.26,31918.0,31867.01,31913.64,2,372534
2021-07-22 19:00:00,31913.64,31913.65,31854.96,31862.79,2,372535
2021-07-22 19:05:00,31862.8,31900.0,31838.23,31895.52,2,372536
2021-07-22 19:10:00,31895.52,31895.52,31821.36,31825.07,2,372537
2021-07-22 19:15:00,31825.07,31850.0,31798.88,31843.39,2,372538
2021-07-22 19:20:00,31843.39,31874.88,31810.41,31810.41,2,372539
2021-07-22 19:25:00,31810.41,31820.0,31724.39,31790.76,1,372540
2021-07-22 19:30:00,31790.75,31962.75,31777.18,31953.0,0,372541
2021-07-22 19:35:00,31955.98,32149.0,31889.48,32100.08,0,372542
2021-07-22 19:40:00,32100.08,32200.0,32048.03,32135.47,0,372543
2021-07-22 19:45:00,32135.46,32137.23,32054.07,32071.41,0,372544
2021-07-22 19:50:00,32071.41,32130.0,32054.51,32079.6,0,372545
2021-07-22 19:55:00,32079.6,32222.22,32079.6,32187.54,0,372546
2021-07-22 20:00:00,32187.54,32247.99,32125.96,32147.8,0,372547
2021-07-22 20:05:00,32144.63,32210.19,32140.67,32160.8,0,372548
2021-07-22 20:10:00,32162.2,32240.0,32155.6,32203.19,3,372549
2021-07-22 20:15:00,32203.19,32203.2,32130.23,32151.06,2,372550
2021-07-22 20:20:00,32151.05,32169.02,32079.18,32100.6,2,372551
2021-07-22 20:25:00,32100.27,32150.0,32084.28,32139.7,2,372552
2021-07-22 20:30:00,32137.29,32160.52,32100.0,32101.63,2,372553
2021-07-22 20:35:00,32101.63,32107.65,32085.0,32094.17,2,372554
2021-07-22 20:40:00,32094.17,32116.14,32075.85,32089.74,2,372555
2021-07-22 20:45:00,32089.74,32101.82,32075.0,32078.76,2,372556
2021-07-22 20:50:00,32080.36,32107.53,32041.98,32048.31,2,372557
2021-07-22 20:55:00,32048.32,32083.36,32045.72,32071.89,2,372558
2021-07-22 21:00:00,32070.33,32105.35,32025.16,32038.75,1,372559
2021-07-22 21:05:00,32035.88,32071.15,32025.65,32059.21,0,372560
2021-07-22 21:10:00,32059.21,32086.02,32045.01,32078.18,0,372561
2021-07-22 21:15:00,32078.18,32111.28,32057.43,32096.64,0,372562
2021-07-22 21:20:00,32096.64,32156.44,32090.77,32149.99,0,372563
2021-07-22 21:25:00,32148.56,32150.0,32090.77,32090.77,0,372564
2021-07-22 21:30:00,32090.77,32102.94,31975.03,32059.36,0,372565
2021-07-22 21:35:00,32059.35,32244.84,32059.35,32218.97,0,372566
2021-07-22 21:40:00,32218.96,32269.21,32124.62,32132.43,0,372567
2021-07-22 21:45:00,32132.43,32147.8,32100.0,32140.62,0,372568
2021-07-22 21:50:00,32140.63,32204.67,32140.62,32200.88,0,372569
2021-07-22 21:55:00,32200.87,32299.0,32200.81,32263.53,0,372570
2021-07-22 22:00:00,32265.03,32331.0,32222.0,32249.99,0,372571
2021-07-22 22:05:00,32249.99,32256.72,32201.01,32248.04,0,372572
2021-07-22 22:10:00,32245.35,32247.07,32201.81,32209.12,0,372573
2021-07-22 22:15:00,32209.13,32240.25,32168.87,32236.32,0,372574
2021-07-22 22:20:00,32236.33,32299.98,32200.0,32205.65,0,372575
2021-07-22 22:25:00,32208.82,32469.83,32205.69,32358.65,0,372576
2021-07-22 22:30:00,32358.65,32394.74,32278.7,32296.23,0,372577
2021-07-22 22:35:00,32296.23,32337.04,32259.11,32333.44,0,372578
2021-07-22 22:40:00,32333.17,32447.0,32305.11,32401.08,0,372579
2021-07-22 22:45:00,32401.08,32500.0,32341.29,32397.18,0,372580
2021-07-22 22:50:00,32397.18,32495.93,32388.44,32463.99,0,372581
2021-07-22 22:55:00,32463.99,32584.06,32425.48,32504.82,3,372582
2021-07-22 23:00:00,32504.83,32591.35,32442.94,32477.23,2,372583
2021-07-22 23:05:00,32480.71,32484.17,32395.0,32420.0,2,372584
2021-07-22 23:10:00,32419.99,32436.83,32367.23,32392.21,2,372585
2021-07-22 23:15:00,32392.2,32395.16,32305.0,32357.76,2,372586
2021-07-22 23:20:00,32357.76,32374.06,32264.69,32325.52,2,372587
2021-07-22 23:25:00,32327.75,32343.39,32264.69,32319.37,2,372588
2021-07-22 23:30:00,32319.37,32370.2,32289.99,32350.22,2,372589
2021-07-22 23:35:00,32351.02,32366.37,32296.15,32296.16,1,372590
2021-07-22 23:40:00,32296.15,32377.81,32295.24,32366.15,0,372591
2021-07-22 23:45:00,32366.15,32399.87,32350.89,32381.2,0,372592
2021-07-22 23:50:00,32381.2,32388.04,32319.01,32327.92,0,372593
2021-07-22 23:55:00,32327.92,32367.23,32317.44,32349.86,0,372594
2021-07-23 00:00:00,32349.86,32419.75,32340.0,32387.1,0,372595
2021-07-23 00:05:00,32388.71,32449.4,32360.33,32443.54,0,372596
2021-07-23 00:10:00,32443.54,32470.7,32418.1,32465.93,3,372597
2021-07-23 00:15:00,32465.93,32473.36,32419.99,32443.09,2,372598
2021-07-23 00:20:00,32443.08,32443.08,32378.08,32411.07,2,372599
2021-07-23 00:25:00,32411.07,32422.46,32386.35,32402.88,2,372600
2021-07-23 00:30:00,32402.87,32418.52,32322.18,32413.86,2,372601
2021-07-23 00:35:00,32413.86,32414.57,32384.74,32387.59,2,372602
2021-07-23 00:40:00,32387.59,32412.5,32333.44,32355.06,2,372603
2021-07-23 00:45:00,32355.06,32430.55,32342.96,32385.49,2,372604
2021-07-23 00:50:00,32385.5,32409.13,32380.18,32399.04,2,372605
2021-07-23 00:55:00,32399.04,32417.99,32390.07,32408.13,2,372606
2021-07-23 01:00:00,32408.13,32436.31,32269.0,32274.01,1,372607
2021-07-23 01:05:00,32274.01,32343.73,32222.0,32333.27,0,372608
2021-07-23 01:10:00,32333.26,32409.99,32333.26,32387.98,3,372609
2021-07-23 01:15:00,32387.98,32401.64,32295.01,32325.9,2,372610
2021-07-23 01:20:00,32325.9,32333.01,32268.28,32294.83,2,372611
2021-07-23 01:25:00,32296.02,32309.99,32270.0,32273.46,2,372612
2021-07-23 01:30:00,32273.46,32285.43,32222.01,32273.4,2,372613
2021-07-23 01:35:00,32273.4,32290.0,32230.0,32243.12,1,372614
2021-07-23 01:40:00,32243.11,32273.93,32230.0,32255.71,0,372615
2021-07-23 01:45:00,32255.72,32300.01,32255.71,32286.66,0,372616
2021-07-23 01:50:00,32286.67,32324.83,32286.67,32305.01,0,372617
2021-07-23 01:55:00,32305.01,32305.01,32265.0,32278.1,0,372618
2021-07-23 02:00:00,32278.1,32323.0,32256.33,32317.74,0,372619
2021-07-23 02:05:00,32313.91,32318.23,32269.49,32301.49,0,372620
2021-07-23 02:10:00,32301.48,32301.48,32265.01,32269.97,0,372621
2021-07-23 02:15:00,32269.98,32332.96,32269.98,32327.51,0,372622
2021-07-23 02:20:00,32326.3,32335.53,32301.55,32316.19,0,372623
2021-07-23 02:25:00,32316.18,32316.18,32258.57,32280.34,0,372624
2021-07-23 02:30:00,32280.34,32315.41,32234.26,32315.41,0,372625
2021-07-23 02:35:00,32315.42,32365.87,32304.88,32353.78,0,372626
2021-07-23 02:40:00,32353.77,32377.82,32333.58,32335.0,0,372627
2021-07-23 02:45:00,32335.0,32335.01,32298.49,32314.38,0,372628
2021-07-23 02:50:00,32313.57,32379.99,32304.81,32373.91,0,372629
2021-07-23 02:55:00,32373.91,32398.0,32367.92,32376.93,3,372630
2021-07-23 03:00:00,32376.93,32379.99,32322.67,32329.26,2,372631
2021-07-23 03:05:00,32329.25,32336.43,32300.0,32310.21,2,372632
2021-07-23 03:10:00,32310.22,32313.81,32257.95,32266.64,2,372633
2021-07-23 03:15:00,32266.64,32328.52,32266.63,32313.9,2,372634
2021-07-23 03:20:00,32313.91,32313.91,32253.5,32268.73,2,372635
2021-07-23 03:25:00,32268.73,32281.5,32251.0,32278.11,2,372636
2021-07-23 03:30:00,32278.9,32299.99,32230.0,32244.52,2,372637
2021-07-23 03:35:00,32247.86,32292.22,32244.4,32280.0,2,372638
2021-07-23 03:40:00,32280.0,32335.37,32277.41,32310.77,2,372639
2021-07-23 03:45:00,32310.23,32335.37,32284.3,32293.89,2,372640
2021-07-23 03:50:00,32293.88,32298.7,32235.83,32240.93,2,372641
2021-07-23 03:55:00,32240.93,32260.0,32230.0,32230.01,1,372642
2021-07-23 04:00:00,32230.01,32266.12,32201.0,32249.98,0,372643
2021-07-23 04:05:00,32249.97,32281.43,32242.32,32270.38,0,372644
2021-07-23 04:10:00,32270.39,32270.39,32227.44,32236.25,0,372645
2021-07-23 04:15:00,32236.25,32294.15,32236.25,32294.14,0,372646
2021-07-23 04:20:00,32294.14,32296.65,32244.49,32249.5,0,372647
2021-07-23 04:25:00,32249.5,32292.0,32240.06,32279.47,0,372648
2021-07-23 04:30:00,32279.47,32286.69,32261.57,32266.24,0,372649
2021-07-23 04:35:00,32266.24,32295.0,32263.27,32294.99,0,372650
2021-07-23 04:40:00,32294.99,32487.19,32294.98,32442.21,3,372651
2021-07-23 04:45:00,32442.21,32483.59,32274.28,32309.99,2,372652
2021-07-23 04:50:00,32309.99,32319.84,32098.33,32150.0,2,372653
2021-07-23 04:55:00,32149.99,32197.9,32113.3,32115.59,1,372654
2021-07-23 05:00:00,32115.59,32240.1,32111.29,32212.51,0,372655
2021-07-23 05:05:00,32212.52,32227.38,32178.0,32193.0,0,372656
2021-07-23 05:10:00,32193.0,32229.99,32191.36,32203.91,0,372657
2021-07-23 05:15:00,32203.91,32214.53,32134.34,32165.67,0,372658
2021-07-23 05:20:00,32165.67,32219.97,32051.85,32125.72,0,372659
2021-07-23 05:25:00,32124.12,32166.41,32112.96,32146.1,0,372660
2021-07-23 05:30:00,32146.1,32183.34,32130.0,32169.7,0,372661
2021-07-23 05:35:00,32169.7,32200.0,32161.71,32168.46,0,372662
2021-07-23 05:40:00,32168.46,32204.85,32166.84,32194.6,0,372663
2021-07-23 05:45:00,32194.6,32230.0,32183.28,32208.03,0,372664
2021-07-23 05:50:00,32208.03,32259.09,32208.03,32241.19,0,372665
2021-07-23 05:55:00,32242.0,32249.56,32161.39,32174.27,0,372666
2021-07-23 06:00:00,32174.27,32182.23,32130.0,32168.39,0,372667
2021-07-23 06:05:00,32168.39,32237.92,32168.38,32209.32,0,372668
2021-07-23 06:10:00,32209.32,32259.14,32208.04,32234.77,0,372669
2021-07-23 06:15:00,32234.77,32278.14,32233.95,32268.03,0,372670
2021-07-23 06:20:00,32268.01,32294.46,32255.0,32283.55,0,372671
2021-07-23 06:25:00,32285.41,32332.58,32260.0,32276.37,0,372672
2021-07-23 06:30:00,32276.37,32327.84,32245.15,32282.62,0,372673
2021-07-23 06:35:00,32282.62,32329.0,32267.91,32302.98,0,372674
2021-07-23 06:40:00,32302.98,32335.83,32298.01,32324.51,0,372675
2021-07-23 06:45:00,32324.5,32337.45,32300.0,32325.4,0,372676
2021-07-23 06:50:00,32325.4,32377.0,32320.0,32326.51,0,372677
2021-07-23 06:55:00,32326.51,32326.51,32280.01,32287.83,0,372678
2021-07-23 07:00:00,32287.58,32408.0,32280.34,32378.43,3,372679
2021-07-23 07:05:00,32378.44,32384.63,32256.02,32262.64,2,372680
2021-07-23 07:10:00,32262.64,32268.75,32213.0,32213.39,1,372681
2021-07-23 07:15:00,32213.39,32302.11,32201.02,32292.37,0,372682
2021-07-23 07:20:00,32292.36,32412.21,32274.64,32340.28,3,372683
2021-07-23 07:25:00,32340.28,32359.79,32276.36,32277.66,2,372684
2021-07-23 07:30:00,32284.23,32330.53,32220.01,32230.79,1,372685
2021-07-23 07:35:00,32230.79,32285.56,32229.56,32259.11,0,372686
2021-07-23 07:40:00,32259.11,32349.64,32259.11,32295.43,0,372687
2021-07-23 07:45:00,32296.7,32327.04,32296.69,32302.58,0,372688
2021-07-23 07:50:00,32302.59,32369.44,32297.01,32366.61,0,372689
2021-07-23 07:55:00,32366.61,32381.95,32330.0,32364.69,0,372690
2021-07-23 08:00:00,32364.7,32378.38,32334.35,32350.0,0,372691
2021-07-23 08:05:00,32349.99,32389.49,32349.99,32382.21,0,372692
2021-07-23 08:10:00,32382.2,32405.63,32372.55,32398.96,0,372693
2021-07-23 08:15:00,32398.97,32408.43,32338.64,32359.89,0,372694
2021-07-23 08:20:00,32359.9,32406.12,32345.04,32404.58,0,372695
2021-07-23 08:25:00,32404.58,32435.0,32371.0,32379.05,0,372696
2021-07-23 08:30:00,32379.05,32445.2,32379.05,32422.57,0,372697
2021-07-23 08:35:00,32422.57,32700.0,32404.83,32627.05,0,372698
2021-07-23 08:40:00,32627.04,32689.11,32602.6,32657.0,0,372699
2021-07-23 08:45:00,32657.03,32733.48,32554.91,32572.88,0,372700
2021-07-23 08:50:00,32571.46,32668.0,32569.87,32666.78,0,372701
2021-07-23 08:55:00,32666.78,32799.0,32650.45,32761.16,3,372702
2021-07-23 09:00:00,32761.16,32785.0,32676.73,32687.58,2,372703
2021-07-23 09:05:00,32688.85,32780.0,32639.81,32696.5,2,372704
2021-07-23 09:10:00,32696.49,32720.0,32633.31,32720.0,2,372705
2021-07-23 09:15:00,32723.35,32741.79,32650.01,32665.58,2,372706
2021-07-23 09:20:00,32668.52,32678.35,32632.79,32651.26,2,372707
2021-07-23 09:25:00,32651.27,32651.27,32601.0,32601.01,2,372708
2021-07-23 09:30:00,32601.01,32601.01,32550.0,32550.0,2,372709
2021-07-23 09:35:00,32550.0,32658.98,32549.99,32624.11,2,372710
2021-07-23 09:40:00,32624.11,32672.45,32610.75,32637.64,2,372711
2021-07-23 09:45:00,32637.65,32637.65,32580.0,32595.75,2,372712
2021-07-23 09:50:00,32595.75,32650.0,32594.53,32614.87,2,372713
2021-07-23 09:55:00,32614.88,32644.88,32614.88,32637.99,2,372714
2021-07-23 10:00:00,32637.98,32694.47,32590.69,32606.88,2,372715
2021-07-23 10:05:00,32606.88,32610.19,32575.25,32588.65,2,372716
2021-07-23 10:10:00,32588.64,32600.66,32564.99,32585.87,2,372717
2021-07-23 10:15:00,32585.87,32642.16,32585.86,32591.23,2,372718
2021-07-23 10:20:00,32591.23,32598.37,32538.47,32560.48,2,372719
2021-07-23 10:25:00,32560.47,32585.19,32541.3,32557.59,2,372720
2021-07-23 10:30:00,32557.59,32580.95,32555.0,32570.0,2,372721
2021-07-23 10:35:00,32570.0,32579.99,32485.35,32529.85,2,372722
2021-07-23 10:40:00,32532.54,32537.74,32494.51,32525.22,1,372723
2021-07-23 10:45:00,32525.23,32559.99,32503.54,32550.26,0,372724
2021-07-23 10:50:00,32551.52,32571.93,32542.32,32560.77,0,372725
2021-07-23 10:55:00,32560.77,32599.97,32537.07,32594.46,0,372726
2021-07-23 11:00:00,32592.21,32594.45,32551.18,32553.6,0,372727
2021-07-23 11:05:00,32553.6,32600.0,32553.56,32596.63,0,372728
2021-07-23 11:10:00,32596.62,32655.56,32589.81,32645.7,0,372729
2021-07-23 11:15:00,32645.69,32666.96,32606.03,32662.03,0,372730
2021-07-23 11:20:00,32662.03,32672.72,32625.82,32669.08,0,372731
2021-07-23 11:25:00,32669.08,32672.72,32632.13,32654.98,0,372732
2021-07-23 11:30:00,32654.97,32742.0,32653.71,32737.68,0,372733
2021-07-23 11:35:00,32736.11,32769.85,32663.55,32687.62,0,372734
2021-07-23 11:40:00,32687.62,32689.99,32639.06,32655.04,0,372735
2021-07-23 11:45:00,32654.33,32654.33,32617.62,32650.87,0,372736
2021-07-23 11:50:00,32650.87,32659.98,32620.01,32653.27,0,372737
2021-07-23 11:55:00,32653.28,32690.58,32643.23,32684.47,0,372738
2021-07-23 12:00:00,32684.47,32723.76,32670.19,32721.74,0,372739
2021-07-23 12:05:00,32721.74,32722.34,32679.99,32701.36,0,372740
2021-07-23 12:10:00,32701.38,32760.2,32692.41,32740.72,0,372741
2021-07-23 12:15:00,32740.72,32740.73,32675.9,32698.5,0,372742
2021-07-23 12:20:00,32698.5,32700.0,32650.64,32688.48,0,372743
2021-07-23 12:25:00,32688.47,32742.5,32685.96,32737.88,0,372744
2021-07-23 12:30:00,32737.88,32829.9,32728.6,32812.57,3,372745
2021-07-23 12:35:00,32807.32,32915.0,32750.0,32754.2,2,372746
2021-07-23 12:40:00,32754.2,32760.74,32645.0,32655.29,2,372747
2021-07-23 12:45:00,32655.28,32667.24,32599.86,32667.24,2,372748
2021-07-23 12:50:00,32667.24,32690.1,32635.53,32684.44,2,372749
2021-07-23 12:55:00,32684.44,32700.86,32609.08,32622.37,2,372750
2021-07-23 13:00:00,32622.37,32639.42,32519.93,32576.36,2,372751
2021-07-23 13:05:00,32580.01,32583.55,32510.66,32528.27,2,372752
2021-07-23 13:10:00,32528.28,32549.5,32490.0,32526.69,2,372753
2021-07-23 13:15:00,32526.27,32583.05,32500.0,32569.43,2,372754
2021-07-23 13:20:00,32569.43,32579.0,32553.14,32571.73,2,372755
2021-07-23 13:25:00,32571.72,32579.0,32550.41,32571.89,2,372756
2021-07-23 13:30:00,32571.89,32622.58,32571.89,32617.55,2,372757
2021-07-23 13:35:00,32617.04,32622.42,32590.01,32622.41,2,372758
2021-07-23 13:40:00,32622.41,32626.53,32590.12,32615.17,2,372759
2021-07-23 13:45:00,32615.17,32625.34,32558.9,32579.99,2,372760
2021-07-23 13:50:00,32580.0,32584.27,32525.0,32554.23,2,372761
2021-07-23 13:55:00,32554.23,32586.27,32553.23,32574.99,2,372762
2021-07-23 14:00:00,32576.0,32598.03,32536.16,32553.37,2,372763
2021-07-23 14:05:00,32553.37,32565.54,32417.27,32420.01,2,372764
2021-07-23 14:10:00,32420.01,32498.41,32418.08,32455.63,2,372765
2021-07-23 14:15:00,32455.64,32500.0,32446.59,32491.39,2,372766
2021-07-23 14:20:00,32491.38,32506.34,32419.05,32437.15,2,372767
2021-07-23 14:25:00,32437.15,32469.94,32360.81,32376.43,1,372768
2021-07-23 14:30:00,32376.43,32447.78,32360.67,32425.92,0,372769
2021-07-23 14:35:00,32425.92,32461.83,32410.0,32434.74,0,372770
2021-07-23 14:40:00,32434.75,32443.54,32399.12,32425.81,0,372771
2021-07-23 14:45:00,32426.6,32474.97,32420.03,32457.01,0,372772
2021-07-23 14:50:00,32454.44,32496.3,32454.44,32471.99,0,372773
2021-07-23 14:55:00,32470.21,32490.0,32435.0,32490.0,3,372774
2021-07-23 15:00:00,32489.99,32496.78,32402.59,32423.68,2,372775
2021-07-23 15:05:00,32423.68,32487.57,32423.67,32461.17,2,372776
2021-07-23 15:10:00,32461.17,32489.6,32430.98,32480.87,2,372777
2021-07-23 15:15:00,32479.28,32540.2,32468.08,32474.42,2,372778
2021-07-23 15:20:00,32474.42,32480.0,32317.88,32429.98,2,372779
2021-07-23 15:25:00,32430.05,32460.33,32422.01,32448.0,2,372780
2021-07-23 15:30:00,32448.0,32500.0,32447.99,32483.59,2,372781
2021-07-23 15:35:00,32483.59,32483.6,32402.48,32419.17,2,372782
2021-07-23 15:40:00,32419.16,32490.0,32419.16,32476.05,2,372783
2021-07-23 15:45:00,32476.04,32497.18,32427.03,32433.99,2,372784
2021-07-23 15:50:00,32438.46,32458.07,32425.0,32432.93,2,372785
2021-07-23 15:55:00,32432.93,32432.93,32285.57,32318.75,1,372786
2021-07-23 16:00:00,32318.75,32373.03,32266.0,32373.0,0,372787
2021-07-23 16:05:00,32373.01,32423.98,32362.9,32384.67,0,372788
2021-07-23 16:10:00,32384.67,32430.22,32381.13,32386.29,0,372789
2021-07-23 16:15:00,32386.29,32425.0,32370.0,32412.17,0,372790
2021-07-23 16:20:00,32412.17,32474.99,32412.16,32467.64,3,372791
2021-07-23 16:25:00,32467.64,32475.0,32443.34,32453.04,2,372792
2021-07-23 16:30:00,32453.04,32453.05,32386.82,32419.94,2,372793
2021-07-23 16:35:00,32419.94,32419.94,32370.0,32397.39,2,372794
2021-07-23 16:40:00,32397.39,32427.4,32394.49,32427.39,2,372795
2021-07-23 16:45:00,32428.2,32428.37,32332.65,32341.44,2,372796
2021-07-23 16:50:00,32341.43,32365.69,32329.69,32350.0,2,372797
2021-07-23 16:55:00,32350.0,32383.03,32320.0,32325.17,2,372798
2021-07-23 17:00:00,32324.52,32354.78,32233.24,32290.62,2,372799
2021-07-23 17:05:00,32290.61,32341.0,32288.61,32337.99,2,372800
2021-07-23 17:10:00,32335.1,32338.04,32223.01,32303.81,2,372801
2021-07-23 17:15:00,32303.82,32319.29,32275.71,32300.47,2,372802
2021-07-23 17:20:00,32300.47,32300.47,32210.0,32234.61,1,372803
2021-07-23 17:25:00,32234.61,32292.2,32231.71,32271.41,0,372804
2021-07-23 17:30:00,32270.02,32297.89,32240.49,32261.13,0,372805
2021-07-23 17:35:00,32259.76,32319.56,32255.71,32307.79,0,372806
2021-07-23 17:40:00,32307.78,32384.66,32303.83,32358.52,0,372807
2021-07-23 17:45:00,32358.51,32358.52,32316.7,32322.84,0,372808
2021-07-23 17:50:00,32324.92,32331.23,32293.64,32329.99,0,372809
2021-07-23 17:55:00,32330.0,32340.98,32292.11,32330.3,0,372810
2021-07-23 18:00:00,32327.87,32437.65,32312.78,32417.65,0,372811
2021-07-23 18:05:00,32417.65,32453.8,32392.1,32411.69,0,372812
2021-07-23 18:10:00,32411.69,32428.19,32384.47,32411.52,0,372813
2021-07-23 18:15:00,32411.51,32467.79,32410.0,32453.62,3,372814
2021-07-23 18:20:00,32453.62,32453.62,32415.0,32433.53,2,372815
2021-07-23 18:25:00,32433.87,32437.2,32402.36,32424.3,2,372816
2021-07-23 18:30:00,32424.99,32425.0,32341.53,32357.31,2,372817
2021-07-23 18:35:00,32357.3,32407.12,32354.78,32393.58,2,372818
2021-07-23 18:40:00,32393.7,32393.71,32356.23,32375.68,2,372819
2021-07-23 18:45:00,32375.68,32376.43,32307.69,32316.47,2,372820
2021-07-23 18:50:00,32318.07,32325.0,32294.84,32300.0,2,372821
2021-07-23 18:55:00,32300.0,32326.29,32292.1,32296.51,2,372822
2021-07-23 19:00:00,32296.51,32343.67,32268.28,32268.55,2,372823
2021-07-23 19:05:00,32268.55,32305.19,32214.32,32248.47,1,372824
2021-07-23 19:10:00,32248.48,32299.52,32247.75,32283.97,0,372825
2021-07-23 19:15:00,32283.97,32337.0,32244.96,32334.23,0,372826
2021-07-23 19:20:00,32334.23,32423.51,32321.17,32391.69,0,372827
2021-07-23 19:25:00,32389.15,32389.17,32332.03,32346.25,0,372828
2021-07-23 19:30:00,32346.25,32399.0,32335.45,32384.09,0,372829
2021-07-23 19:35:00,32384.08,32384.09,32331.92,32331.94,0,372830
2021-07-23 19:40:00,32331.94,32350.29,32322.2,32326.18,0,372831
2021-07-23 19:45:00,32326.19,32400.17,32323.03,32362.63,0,372832
2021-07-23 19:50:00,32362.62,32425.59,32352.6,32416.0,0,372833
2021-07-23 19:55:00,32415.99,32450.0,32377.12,32431.97,0,372834
2021-07-23 20:00:00,32431.97,32495.0,32400.0,32424.98,0,372835
2021-07-23 20:05:00,32424.62,32424.62,32382.85,32404.6,0,372836
2021-07-23 20:10:00,32404.6,32413.33,32382.31,32406.32,0,372837
2021-07-23 20:15:00,32406.32,32409.65,32377.17,32400.0,0,372838
2021-07-23 20:20:00,32400.01,32409.67,32364.72,32409.67,0,372839
2021-07-23 20:25:00,32409.67,32457.73,32398.61,32408.91,0,372840
2021-07-23 20:30:00,32408.91,32460.33,32390.04,32435.71,0,372841
2021-07-23 20:35:00,32435.71,32474.99,32423.52,32432.91,0,372842
2021-07-23 20:40:00,32435.82,32453.75,32406.05,32451.04,0,372843
2021-07-23 20:45:00,32449.16,32599.86,32431.95,32526.37,0,372844
2021-07-23 20:50:00,32526.32,32559.3,32486.3,32548.15,0,372845
2021-07-23 20:55:00,32549.72,32560.0,32523.5,32546.64,0,372846
2021-07-23 21:00:00,32548.57,32575.2,32505.89,32568.89,3,372847
2021-07-23 21:05:00,32568.88,32575.01,32497.0,32508.07,2,372848
2021-07-23 21:10:00,32508.07,32519.46,32477.77,32504.26,2,372849
2021-07-23 21:15:00,32504.26,32505.2,32472.82,32496.28,2,372850
2021-07-23 21:20:00,32496.29,32540.0,32489.83,32539.99,2,372851
2021-07-23 21:25:00,32540.0,32559.61,32515.0,32533.82,2,372852
2021-07-23 21:30:00,32533.82,32552.81,32495.0,32495.0,2,372853
2021-07-23 21:35:00,32495.0,32499.47,32420.0,32443.41,2,372854
2021-07-23 21:40:00,32443.4,32471.88,32428.51,32452.02,2,372855
2021-07-23 21:45:00,32452.02,32479.51,32446.07,32474.0,2,372856
2021-07-23 21:50:00,32474.0,32479.19,32432.96,32462.42,2,372857
2021-07-23 21:55:00,32462.41,32487.99,32456.0,32483.51,2,372858
2021-07-23 22:00:00,32483.51,32497.51,32427.68,32448.15,2,372859
2021-07-23 22:05:00,32448.15,32469.6,32401.83,32433.34,2,372860
2021-07-23 22:10:00,32433.34,32436.1,32369.32,32377.59,2,372861
2021-07-23 22:15:00,32377.58,32428.63,32369.05,32412.82,2,372862
2021-07-23 22:20:00,32412.82,32432.0,32384.32,32388.73,2,372863
2021-07-23 22:25:00,32388.72,32450.19,32351.65,32354.2,2,372864
2021-07-23 22:30:00,32354.2,32393.56,32300.0,32381.06,2,372865
2021-07-23 22:35:00,32381.06,32400.0,32366.33,32392.51,2,372866
2021-07-23 22:40:00,32392.52,32400.0,32357.93,32384.28,2,372867
2021-07-23 22:45:00,32384.28,32399.52,32350.38,32353.97,2,372868
2021-07-23 22:50:00,32353.97,32360.68,32314.1,32329.09,2,372869
2021-07-23 22:55:00,32329.08,32350.84,32276.06,32315.0,2,372870
2021-07-23 23:00:00,32314.99,32334.68,32156.92,32203.23,2,372871
2021-07-23 23:05:00,32203.23,32241.89,32144.44,32203.55,2,372872
2021-07-23 23:10:00,32203.56,32227.33,32140.79,32188.58,2,372873
2021-07-23 23:15:00,32188.57,32211.68,32071.11,32074.36,1,372874
2021-07-23 23:20:00,32074.36,32115.99,31924.32,32101.33,0,372875
2021-07-23 23:25:00,32101.33,32143.72,32086.89,32115.26,0,372876
2021-07-23 23:30:00,32115.26,32144.43,32080.21,32115.92,0,372877
2021-07-23 23:35:00,32115.92,32174.97,32115.3,32135.0,0,372878
2021-07-23 23:40:00,32134.99,32194.78,32130.71,32159.51,0,372879
2021-07-23 23:45:00,32159.51,32214.28,32159.5,32171.04,0,372880
2021-07-23 23:50:00,32171.04,32206.54,32127.0,32193.34,3,372881
2021-07-23 23:55:00,32192.6,32199.67,32162.43,32176.84,2,372882
2021-07-24 00:00:00,32176.85,32176.85,32119.62,32155.88,2,372883
2021-07-24 00:05:00,32155.87,32164.57,32078.66,32080.75,2,372884
2021-07-24 00:10:00,32080.74,32112.24,32027.36,32033.36,1,372885
2021-07-24 00:15:00,32033.36,32135.61,32027.37,32122.03,0,372886
2021-07-24 00:20:00,32122.02,32124.78,32077.6,32105.19,0,372887
2021-07-24 00:25:00,32105.19,32143.01,32101.96,32106.05,0,372888
2021-07-24 00:30:00,32106.06,32130.06,32057.53,32070.04,0,372889
2021-07-24 00:35:00,32070.04,32190.4,32070.04,32165.4,0,372890
2021-07-24 00:40:00,32165.41,32165.42,32105.25,32129.42,0,372891
2021-07-24 00:45:00,32129.42,32157.95,32094.4,32153.65,0,372892
2021-07-24 00:50:00,32153.65,32190.45,32143.92,32184.0,0,372893
2021-07-24 00:55:00,32183.99,32205.88,32154.65,32195.9,0,372894
2021-07-24 01:00:00,32195.89,32195.9,32155.72,32170.94,0,372895
2021-07-24 01:05:00,32170.94,32170.95,32124.58,32153.78,0,372896
2021-07-24 01:10:00,32156.43,32200.0,32153.83,32184.78,0,372897
2021-07-24 01:15:00,32184.78,32188.95,32143.85,32179.99,0,372898
2021-07-24 01:20:00,32179.99,32222.0,32164.02,32214.44,0,372899
2021-07-24 01:25:00,32214.44,32279.76,32214.43,32261.04,3,372900
2021-07-24 01:30:00,32261.04,32298.96,32205.46,32219.64,2,372901
2021-07-24 01:35:00,32219.63,32220.15,32188.57,32190.98,2,372902
2021-07-24 01:40:00,32190.98,32205.29,32156.73,32188.9,2,372903
2021-07-24 01:45:00,32187.99,32235.0,32061.16,32090.0,1,372904
2021-07-24 01:50:00,32090.01,32152.68,32090.01,32152.68,0,372905
2021-07-24 01:55:00,32152.67,32163.67,32128.49,32129.99,0,372906
2021-07-24 02:00:00,32129.99,32164.99,32124.72,32149.97,0,372907
2021-07-24 02:05:00,32149.97,32184.11,32149.97,32169.73,0,372908
2021-07-24 02:10:00,32169.72,32192.0,32150.0,32174.98,0,372909
2021-07-24 02:15:00,32174.99,32218.73,32174.94,32209.86,0,372910
2021-07-24 02:20:00,32209.86,32211.87,32151.46,32179.62,0,372911
2021-07-24 02:25:00,32179.62,32220.0,32179.62,32209.46,0,372912
2021-07-24 02:30:00,32209.47,32225.42,32178.57,32223.62,0,372913
2021-07-24 02:35:00,32223.62,32232.47,32199.66,32228.17,0,372914
2021-07-24 02:40:00,32228.18,32245.95,32218.24,32245.2,0,372915
2021-07-24 02:45:00,32242.58,32282.52,32239.99,32258.77,0,372916
2021-07-24 02:50:00,32258.77,32282.7,32226.99,32267.88,0,372917
2021-07-24 02:55:00,32267.88,32291.39,32248.45,32248.63,0,372918
2021-07-24 03:00:00,32248.64,32277.72,32193.06,32237.99,0,372919
2021-07-24 03:05:00,32237.98,32312.99,32237.96,32282.66,0,372920
2021-07-24 03:10:00,32282.67,32455.01,32274.32,32420.54,0,372921
2021-07-24 03:15:00,32420.54,32464.0,32395.25,32444.1,0,372922
2021-07-24 03:20:00,32444.1,32475.0,32414.81,32439.74,0,372923
2021-07-24 03:25:00,32439.74,32443.14,32368.3,32380.88,0,372924
2021-07-24 03:30:00,32380.88,32422.57,32367.85,32389.96,0,372925
2021-07-24 03:35:00,32389.95,32456.49,32388.04,32400.19,0,372926
2021-07-24 03:40:00,32406.68,32440.0,32395.26,32401.02,0,372927
2021-07-24 03:45:00,32401.02,32456.76,32401.02,32450.02,0,372928
2021-07-24 03:50:00,32450.02,32500.0,32431.1,32478.46,0,372929
2021-07-24 03:55:00,32479.97,32545.61,32451.53,32482.01,0,372930
2021-07-24 04:00:00,32482.01,32486.04,32449.75,32450.0,0,372931
2021-07-24 04:05:00,32450.0,32470.0,32438.96,32445.98,0,372932
2021-07-24 04:10:00,32445.97,32545.78,32445.97,32532.52,0,372933
2021-07-24 04:15:00,32532.53,32560.73,32494.49,32509.21,0,372934
2021-07-24 04:20:00,32509.21,32594.42,32501.31,32590.53,0,372935
2021-07-24 04:25:00,32590.53,32628.0,32567.16,32613.34,0,372936
2021-07-24 04:30:00,32611.76,32630.11,32552.5,32577.87,0,372937
2021-07-24 04:35:00,32577.87,32590.0,32570.01,32587.9,0,372938
2021-07-24 04:40:00,32587.91,32662.08,32584.81,32644.21,0,372939
2021-07-24 04:45:00,32644.21,32644.21,32584.81,32611.26,0,372940
2021-07-24 04:50:00,32611.27,32641.08,32595.16,32631.16,0,372941
2021-07-24 04:55:00,32631.16,32656.45,32601.27,32605.61,0,372942
2021-07-24 05:00:00,32605.61,32637.31,32573.7,32597.81,0,372943
2021-07-24 05:05:00,32603.13,32655.0,32603.12,32646.12,0,372944
2021-07-24 05:10:00,32646.11,32695.73,32641.49,32695.73,0,372945
2021-07-24 05:15:00,32695.73,32744.2,32670.0,32741.26,0,372946
2021-07-24 05:20:00,32741.26,32800.0,32732.35,32782.98,0,372947
2021-07-24 05:25:00,32784.45,32827.91,32695.14,32706.99,0,372948
2021-07-24 05:30:00,32706.99,32835.79,32706.98,32832.95,0,372949
2021-07-24 05:35:00,32832.95,33120.0,32832.95,33042.28,0,372950
2021-07-24 05:40:00,33042.28,33282.0,33042.27,33131.53,0,372951
2021-07-24 05:45:00,33131.53,33150.0,32967.28,33074.68,0,372952
2021-07-24 05:50:00,33074.69,33278.7,33061.33,33209.8,0,372953
2021-07-24 05:55:00,33209.79,33231.45,33091.42,33135.86,0,372954
2021-07-24 06:00:00,33135.86,33227.38,33075.72,33226.11,0,372955
2021-07-24 06:05:00,33224.47,33226.14,33128.59,33216.95,0,372956
2021-07-24 06:10:00,33211.75,33266.53,33130.01,33236.94,0,372957
2021-07-24 06:15:00,33236.94,33249.0,33164.04,33186.56,0,372958
2021-07-24 06:20:00,33186.56,33280.0,33181.47,33236.0,0,372959
2021-07-24 06:25:00,33236.01,33330.0,33191.93,33299.93,0,372960
2021-07-24 06:30:00,33299.93,33455.59,33272.73,33431.94,0,372961
2021-07-24 06:35:00,33431.93,33500.0,33416.97,33458.28,0,372962
2021-07-24 06:40:00,33454.36,33465.06,33360.82,33422.62,0,372963
2021-07-24 06:45:00,33422.62,33529.1,33422.62,33485.59,0,372964
2021-07-24 06:50:00,33485.59,33516.52,33479.0,33500.0,0,372965
2021-07-24 06:55:00,33500.01,33650.0,33480.77,33634.09,3,372966
2021-07-24 07:00:00,33634.1,33777.0,33432.4,33557.17,2,372967
2021-07-24 07:05:00,33557.17,33574.77,33459.46,33464.98,2,372968
2021-07-24 07:10:00,33466.45,33489.39,33401.14,33423.77,1,372969
2021-07-24 07:15:00,33423.77,33496.82,33423.77,33492.6,0,372970
2021-07-24 07:20:00,33492.6,33615.66,33492.6,33551.5,0,372971
2021-07-24 07:25:00,33551.49,33551.5,33470.39,33474.11,0,372972
2021-07-24 07:30:00,33474.11,33559.69,33474.11,33529.41,0,372973
2021-07-24 07:35:00,33529.41,33653.35,33520.01,33649.94,3,372974
2021-07-24 07:40:00,33649.95,33720.51,33599.05,33627.37,2,372975
2021-07-24 07:45:00,33627.36,33671.0,33550.34,33559.56,2,372976
2021-07-24 07:50:00,33559.56,33628.88,33553.22,33595.77,2,372977
2021-07-24 07:55:00,33595.76,33618.82,33515.01,33554.46,2,372978
2021-07-24 08:00:00,33552.76,33608.82,33550.0,33559.01,2,372979
2021-07-24 08:05:00,33559.01,33586.32,33516.05,33520.48,2,372980
2021-07-24 08:10:00,33520.48,33560.64,33515.06,33521.61,2,372981
2021-07-24 08:15:00,33524.32,33591.18,33514.55,33566.67,2,372982
2021-07-24 08:20:00,33566.66,33600.0,33495.78,33499.99,2,372983
2021-07-24 08:25:00,33500.0,33529.76,33453.64,33473.18,2,372984
2021-07-24 08:30:00,33473.19,33509.99,33414.95,33484.99,2,372985
2021-07-24 08:35:00,33484.98,33514.26,33426.52,33469.34,1,372986
2021-07-24 08:40:00,33465.65,33507.51,33461.79,33496.12,0,372987
2021-07-24 08:45:00,33496.12,33573.31,33485.48,33555.45,0,372988
2021-07-24 08:50:00,33558.36,33644.55,33558.36,33618.21,0,372989
2021-07-24 08:55:00,33618.21,33650.0,33588.76,33602.92,0,372990
2021-07-24 09:00:00,33602.92,33652.0,33586.07,33607.8,0,372991
2021-07-24 09:05:00,33607.8,33634.51,33577.86,33630.39,0,372992
2021-07-24 09:10:00,33630.38,33695.0,33612.28,33693.89,0,372993
2021-07-24 09:15:00,33693.9,33703.44,33626.75,33650.01,0,372994
2021-07-24 09:20:00,33650.01,33757.35,33622.11,33741.73,3,372995
2021-07-24 09:25:00,33741.73,33780.23,33660.0,33675.9,2,372996
2021-07-24 09:30:00,33675.91,33686.82,33632.31,33641.67,2,372997
2021-07-24 09:35:00,33641.67,33650.0,33615.44,33642.01,2,372998
2021-07-24 09:40:00,33642.01,33662.67,33620.0,33653.31,2,372999
2021-07-24 09:45:00,33653.31,33696.66,33649.73,33674.08,2,373000
2021-07-24 09:50:00,33674.08,33675.56,33620.0,33650.91,2,373001
2021-07-24 09:55:00,33650.91,33682.61,33637.99,33669.19,2,373002
2021-07-24 10:00:00,33669.19,33680.0,33590.74,33598.67,2,373003
2021-07-24 10:05:00,33598.67,33634.27,33564.67,33579.61,2,373004
2021-07-24 10:10:00,33579.61,33588.01,33557.75,33573.03,2,373005
2021-07-24 10:15:00,33573.03,33605.27,33560.06,33564.74,2,373006
2021-07-24 10:20:00,33564.75,33602.52,33511.35,33531.45,1,373007
2021-07-24 10:25:00,33531.45,33587.06,33520.37,33565.85,0,373008
2021-07-24 10:30:00,33565.85,33600.0,33561.69,33570.44,0,373009
2021-07-24 10:35:00,33570.45,33608.25,33565.66,33604.23,0,373010
2021-07-24 10:40:00,33604.23,33609.05,33544.36,33547.7,0,373011
2021-07-24 10:45:00,33547.71,33600.82,33544.96,33589.88,0,373012
2021-07-24 10:50:00,33589.88,33648.84,33589.88,33641.64,0,373013
2021-07-24 10:55:00,33644.9,33700.87,33627.7,33669.98,0,373014
2021-07-24 11:00:00,33669.98,33729.02,33656.97,33714.0,0,373015
2021-07-24 11:05:00,33714.0,33727.81,33623.62,33662.62,0,373016
2021-07-24 11:10:00,33662.63,33682.29,33634.84,33681.3,0,373017
2021-07-24 11:15:00,33681.3,33681.31,33650.0,33672.3,0,373018
2021-07-24 11:20:00,33672.29,33672.3,33611.57,33623.46,0,373019
2021-07-24 11:25:00,33623.47,33675.0,33614.51,33674.99,0,373020
2021-07-24 11:30:00,33675.0,33710.0,33657.89,33686.98,0,373021
2021-07-24 11:35:00,33686.98,33739.9,33673.68,33737.0,0,373022
2021-07-24 11:40:00,33737.01,33760.0,33687.94,33758.6,3,373023
2021-07-24 11:45:00,33756.7,33845.41,33732.45,33748.23,2,373024
2021-07-24 11:50:00,33748.22,33748.23,33684.85,33697.93,2,373025
2021-07-24 11:55:00,33697.94,33719.98,33676.83,33687.58,2,373026
2021-07-24 12:00:00,33687.58,33709.78,33616.35,33616.66,2,373027
2021-07-24 12:05:00,33617.73,33671.94,33573.82,33596.48,1,373028
2021-07-24 12:10:00,33596.47,33649.44,33592.34,33624.99,0,373029
2021-07-24 12:15:00,33624.99,33656.42,33571.73,33612.61,0,373030
2021-07-24 12:20:00,33612.61,33645.0,33610.36,33610.36,0,373031
2021-07-24 12:25:00,33610.36,33677.72,33607.98,33659.0,0,373032
2021-07-24 12:30:00,33659.0,33691.16,33650.0,33653.27,0,373033
2021-07-24 12:35:00,33650.05,33688.29,33627.51,33674.59,0,373034
2021-07-24 12:40:00,33674.58,33700.0,33654.05,33684.36,0,373035
2021-07-24 12:45:00,33684.36,33756.65,33681.8,33730.28,0,373036
2021-07-24 12:50:00,33730.27,33753.0,33704.67,33752.99,0,373037
2021-07-24 12:55:00,33753.0,33771.27,33725.01,33746.69,0,373038
2021-07-24 13:00:00,33746.69,33765.0,33700.0,33722.75,0,373039
2021-07-24 13:05:00,33722.76,33880.14,33701.38,33781.03,0,373040
2021-07-24 13:10:00,33781.03,33842.27,33739.2,33764.12,0,373041
2021-07-24 13:15:00,33764.12,33780.59,33720.29,33720.3,0,373042
2021-07-24 13:20:00,33720.29,33743.37,33710.44,33740.74,0,373043
2021-07-24 13:25:00,33740.73,33888.74,33727.14,33887.99,0,373044
2021-07-24 13:30:00,33887.99,33915.0,33731.47,33769.99,0,373045
2021-07-24 13:35:00,33769.99,33830.39,33737.95,33804.34,0,373046
2021-07-24 13:40:00,33804.35,33862.82,33784.46,33850.01,0,373047
2021-07-24 13:45:00,33851.27,33910.0,33826.04,33877.36,0,373048
2021-07-24 13:50:00,33878.74,33883.36,33804.3,33861.84,0,373049
2021-07-24 13:55:00,33861.85,33893.2,33832.29,33884.56,0,373050
2021-07-24 14:00:00,33884.56,33934.25,33844.86,33889.09,3,373051
2021-07-24 14:05:00,33889.09,33889.09,33835.72,33866.52,2,373052
2021-07-24 14:10:00,33866.53,33877.58,33843.12,33871.3,2,373053
2021-07-24 14:15:00,33871.31,33871.31,33790.01,33790.86,2,373054
2021-07-24 14:20:00,33790.86,33806.62,33775.27,33795.94,2,373055
2021-07-24 14:25:00,33795.94,33834.59,33773.99,33816.46,2,373056
2021-07-24 14:30:00,33816.47,33845.43,33745.0,33752.59,2,373057
2021-07-24 14:35:00,33754.02,33795.25,33739.97,33775.78,2,373058
2021-07-24 14:40:00,33775.77,33798.42,33760.0,33762.19,2,373059
2021-07-24 14:45:00,33762.2,33830.0,33760.48,33818.15,2,373060
2021-07-24 14:50:00,33818.15,33827.69,33796.15,33814.84,2,373061
2021-07-24 14:55:00,33814.84,33828.74,33802.59,33806.5,2,373062
2021-07-24 15:00:00,33806.49,33830.0,33736.16,33756.98,2,373063
2021-07-24 15:05:00,33756.98,33788.84,33670.13,33689.04,2,373064
2021-07-24 15:10:00,33689.04,33709.99,33620.0,33620.0,1,373065
2021-07-24 15:15:00,33620.0,33717.93,33620.0,33684.88,0,373066
2021-07-24 15:20:00,33684.87,33715.0,33680.0,33709.94,0,373067
2021-07-24 15:25:00,33707.24,33728.71,33700.0,33706.03,0,373068
2021-07-24 15:30:00,33706.04,33750.0,33703.48,33722.68,3,373069
2021-07-24 15:35:00,33722.68,33729.07,33659.14,33672.65,2,373070
2021-07-24 15:40:00,33671.15,33674.02,33580.0,33598.65,1,373071
2021-07-24 15:45:00,33598.66,33629.21,33542.4,33615.73,0,373072
2021-07-24 15:50:00,33615.73,33642.85,33586.93,33602.1,0,373073
2021-07-24 15:55:00,33602.1,33655.0,33596.0,33611.98,0,373074
2021-07-24 16:00:00,33611.98,33665.65,33606.75,33657.93,0,373075
2021-07-24 16:05:00,33657.92,33690.25,33657.92,33674.65,0,373076
2021-07-24 16:10:00,33676.36,33679.98,33641.27,33650.01,0,373077
2021-07-24 16:15:00,33650.01,33669.58,33618.98,33633.73,0,373078
2021-07-24 16:20:00,33633.73,33665.88,33597.21,33648.05,0,373079
2021-07-24 16:25:00,33648.05,33686.32,33643.03,33662.49,0,373080
2021-07-24 16:30:00,33662.48,33745.0,33660.0,33743.99,0,373081
2021-07-24 16:35:00,33743.99,33794.07,33731.92,33743.11,0,373082
2021-07-24 16:40:00,33742.0,33827.0,33724.99,33800.8,0,373083
2021-07-24 16:45:00,33800.8,33866.61,33770.91,33814.98,0,373084
2021-07-24 16:50:00,33814.99,33866.75,33767.03,33837.28,0,373085
2021-07-24 16:55:00,33837.3,33856.65,33799.7,33833.63,0,373086
2021-07-24 17:00:00,33833.63,33858.98,33790.0,33810.01,0,373087
2021-07-24 17:05:00,33810.01,33814.41,33777.0,33789.07,0,373088
2021-07-24 17:10:00,33789.06,33789.07,33750.0,33760.81,0,373089
2021-07-24 17:15:00,33760.82,33848.28,33751.77,33837.64,0,373090
2021-07-24 17:20:00,33837.66,33837.67,33800.34,33806.05,0,373091
2021-07-24 17:25:00,33806.05,33872.26,33806.05,33841.48,0,373092
2021-07-24 17:30:00,33841.45,33925.0,33829.83,33872.92,0,373093
2021-07-24 17:35:00,33872.93,33917.33,33858.51,33903.37,0,373094
2021-07-24 17:40:00,33903.37,33925.01,33879.41,33922.02,0,373095
2021-07-24 17:45:00,33922.02,33923.24,33865.0,33891.79,0,373096
2021-07-24 17:50:00,33891.79,33924.98,33865.69,33886.69,0,373097
2021-07-24 17:55:00,33886.69,33933.85,33867.02,33878.17,0,373098
2021-07-24 18:00:00,33878.17,33878.17,33830.02,33854.65,0,373099
2021-07-24 18:05:00,33854.65,33882.92,33827.91,33840.0,0,373100
2021-07-24 18:10:00,33840.01,33959.93,33840.0,33938.0,3,373101
2021-07-24 18:15:00,33938.01,34065.71,33806.83,33824.1,2,373102
2021-07-24 18:20:00,33824.11,33849.2,33772.01,33794.34,2,373103
2021-07-24 18:25:00,33794.33,33795.76,33700.64,33714.28,1,373104
2021-07-24 18:30:00,33714.27,33759.97,33680.0,33747.87,0,373105
2021-07-24 18:35:00,33747.87,33759.99,33727.08,33743.99,0,373106
2021-07-24 18:40:00,33743.99,33787.86,33735.07,33769.92,0,373107
2021-07-24 18:45:00,33769.92,33784.18,33746.22,33784.18,0,373108
2021-07-24 18:50:00,33784.18,33839.16,33771.7,33832.42,0,373109
2021-07-24 18:55:00,33831.63,33867.0,33812.88,33867.0,3,373110
2021-07-24 19:00:00,33867.0,33867.0,33800.0,33806.5,2,373111
2021-07-24 19:05:00,33806.51,33809.85,33761.28,33793.91,2,373112
2021-07-24 19:10:00,33793.92,33795.85,33759.26,33779.98,2,373113
2021-07-24 19:15:00,33779.98,33821.61,33764.84,33813.41,2,373114
2021-07-24 19:20:00,33813.41,33846.78,33800.92,33806.98,2,373115
2021-07-24 19:25:00,33811.0,33820.99,33775.0,33792.19,2,373116
2021-07-24 19:30:00,33792.19,33792.19,33738.9,33746.19,1,373117
2021-07-24 19:35:00,33746.19,33784.36,33738.15,33767.84,0,373118
2021-07-24 19:40:00,33767.84,33782.72,33744.28,33782.71,0,373119
2021-07-24 19:45:00,33782.71,33817.99,33777.57,33788.72,0,373120
2021-07-24 19:50:00,33788.71,33819.46,33750.46,33811.17,0,373121
2021-07-24 19:55:00,33811.17,33846.76,33793.04,33816.58,0,373122
2021-07-24 20:00:00,33816.58,33835.39,33784.92,33813.69,0,373123
2021-07-24 20:05:00,33813.68,33936.51,33808.09,33902.96,3,373124
2021-07-24 20:10:00,33904.15,33912.77,33846.28,33862.88,2,373125
2021-07-24 20:15:00,33862.88,33925.44,33835.26,33898.6,2,373126
2021-07-24 20:20:00,33898.36,33898.61,33852.21,33875.99,2,373127
2021-07-24 20:25:00,33875.99,33891.66,33857.56,33871.94,2,373128
2021-07-24 20:30:00,33871.94,33871.94,33833.0,33853.01,2,373129
2021-07-24 20:35:00,33852.21,33871.2,33840.48,33866.02,2,373130
2021-07-24 20:40:00,33866.01,33866.01,33822.15,33829.12,2,373131
2021-07-24 20:45:00,33829.11,33829.12,33780.01,33784.02,2,373132
2021-07-24 20:50:00,33784.02,33817.05,33767.24,33808.8,2,373133
2021-07-24 20:55:00,33808.8,33815.06,33770.0,33783.09,2,373134
2021-07-24 21:00:00,33781.52,33789.78,33753.97,33776.35,2,373135
2021-07-24 21:05:00,33776.35,33781.7,33741.73,33746.85,2,373136
2021-07-24 21:10:00,33746.85,33761.71,33725.97,33743.82,1,373137
2021-07-24 21:15:00,33743.81,33800.0,33720.01,33787.99,0,373138
2021-07-24 21:20:00,33789.17,33789.17,33762.89,33775.99,0,373139
2021-07-24 21:25:00,33776.0,33809.73,33750.0,33809.72,0,373140
2021-07-24 21:30:00,33809.72,33830.0,33777.71,33800.0,0,373141
2021-07-24 21:35:00,33800.0,33839.36,33799.99,33834.7,0,373142
2021-07-24 21:40:00,33834.7,33858.99,33834.7,33850.09,0,373143
2021-07-24 21:45:00,33850.09,33897.02,33850.0,33885.18,0,373144
2021-07-24 21:50:00,33885.18,33904.76,33837.71,33871.3,0,373145
2021-07-24 21:55:00,33871.3,33884.62,33832.06,33851.44,0,373146
2021-07-24 22:00:00,33851.45,33885.6,33820.01,33878.93,0,373147
2021-07-24 22:05:00,33878.94,33930.0,33866.84,33921.05,0,373148
2021-07-24 22:10:00,33921.04,33929.42,33903.25,33908.69,0,373149
2021-07-24 22:15:00,33908.7,33970.0,33903.49,33912.68,0,373150
2021-07-24 22:20:00,33912.68,33995.0,33912.0,33990.57,3,373151
2021-07-24 22:25:00,33990.56,34047.86,33914.17,33928.99,2,373152
2021-07-24 22:30:00,33928.99,33929.0,33870.47,33905.01,2,373153
2021-07-24 22:35:00,33903.22,33911.9,33859.7,33871.75,2,373154
2021-07-24 22:40:00,33871.76,33873.99,33816.98,33843.32,2,373155
2021-07-24 22:45:00,33843.31,33874.87,33817.0,33874.86,2,373156
2021-07-24 22:50:00,33874.86,33899.61,33854.21,33898.25,2,373157
2021-07-24 22:55:00,33898.25,33898.25,33843.41,33847.51,2,373158
2021-07-24 23:00:00,33847.51,33913.12,33816.97,33911.14,2,373159
2021-07-24 23:05:00,33911.14,33911.14,33832.31,33841.31,1,373160
2021-07-24 23:10:00,33841.31,33893.61,33823.51,33886.35,0,373161
2021-07-24 23:15:00,33886.35,34065.71,33883.01,33992.56,0,373162
2021-07-24 23:20:00,33992.56,34200.0,33990.85,34115.75,0,373163
2021-07-24 23:25:00,34115.75,34280.73,34051.5,34207.2,0,373164
2021-07-24 23:30:00,34207.2,34245.78,34116.1,34189.4,0,373165
2021-07-24 23:35:00,34189.4,34200.0,34150.0,34182.14,0,373166
2021-07-24 23:40:00,34182.15,34290.0,34176.96,34251.6,0,373167
2021-07-24 23:45:00,34251.6,34388.56,34250.6,34336.19,0,373168
2021-07-24 23:50:00,34336.19,34444.0,34280.38,34425.6,0,373169
2021-07-24 23:55:00,34422.72,34438.05,34377.44,34423.48,0,373170
2021-07-25 00:00:00,34423.49,34423.49,34331.87,34406.22,0,373171
2021-07-25 00:05:00,34406.22,34500.0,34380.0,34434.75,3,373172
2021-07-25 00:10:00,34435.86,34446.47,34391.95,34410.57,2,373173
2021-07-25 00:15:00,34413.0,34415.0,34390.0,34399.54,2,373174
2021-07-25 00:20:00,34399.54,34446.24,34397.03,34408.0,2,373175
2021-07-25 00:25:00,34407.99,34411.11,34275.24,34289.58,2,373176
2021-07-25 00:30:00,34289.58,34361.55,34289.58,34353.05,2,373177
2021-07-25 00:35:00,34353.06,34353.07,34300.86,34308.98,2,373178
2021-07-25 00:40:00,34308.98,34309.92,34185.53,34202.66,1,373179
2021-07-25 00:45:00,34202.67,34289.61,34185.46,34262.94,0,373180
2021-07-25 00:50:00,34266.83,34273.61,34234.27,34270.0,0,373181
2021-07-25 00:55:00,34269.99,34334.17,34268.02,34300.02,0,373182
2021-07-25 01:00:00,34300.02,34361.06,34273.79,34343.46,0,373183
2021-07-25 01:05:00,34343.46,34393.75,34317.87,34380.95,0,373184
2021-07-25 01:10:00,34380.96,34404.75,34372.53,34378.56,0,373185
2021-07-25 01:15:00,34378.56,34395.58,34344.68,34390.28,3,373186
2021-07-25 01:20:00,34390.28,34390.28,34316.4,34328.18,2,373187
2021-07-25 01:25:00,34328.19,34337.76,34290.88,34322.79,2,373188
2021-07-25 01:30:00,34322.79,34361.55,34288.02,34345.57,2,373189
2021-07-25 01:35:00,34345.56,34345.57,34300.0,34313.67,2,373190
2021-07-25 01:40:00,34313.67,34335.83,34263.95,34327.46,2,373191
2021-07-25 01:45:00,34327.46,34335.83,34250.0,34276.0,2,373192
2021-07-25 01:50:00,34276.0,34299.21,34236.01,34290.01,2,373193
2021-07-25 01:55:00,34290.01,34299.26,34266.0,34281.87,2,373194
2021-07-25 02:00:00,34281.88,34281.88,34213.0,34214.27,2,373195
2021-07-25 02:05:00,34214.28,34256.07,34214.27,34237.12,2,373196
2021-07-25 02:10:00,34237.12,34258.07,34225.37,34253.64,2,373197
2021-07-25 02:15:00,34253.65,34253.65,34216.02,34221.35,2,373198
2021-07-25 02:20:00,34221.34,34221.39,34058.0,34058.0,2,373199
2021-07-25 02:25:00,34058.0,34130.31,34035.69,34109.97,2,373200
2021-07-25 02:30:00,34109.98,34128.1,34046.48,34111.05,2,373201
2021-07-25 02:35:00,34111.05,34111.05,34058.56,34089.72,2,373202
2021-07-25 02:40:00,34089.71,34102.48,33977.74,33997.73,2,373203
2021-07-25 02:45:00,33997.7,33997.7,33703.73,33773.53,1,373204
2021-07-25 02:50:00,33773.54,33928.57,33739.94,33877.78,0,373205
2021-07-25 02:55:00,33877.77,33934.02,33844.8,33846.16,0,373206
2021-07-25 03:00:00,33846.16,33938.44,33810.04,33920.61,3,373207
2021-07-25 03:05:00,33920.61,33952.71,33865.08,33867.05,2,373208
2021-07-25 03:10:00,33869.99,33922.57,33821.55,33915.0,2,373209
2021-07-25 03:15:00,33914.99,33915.0,33841.46,33886.8,2,373210
2021-07-25 03:20:00,33886.8,33886.81,33777.18,33791.85,2,373211
2021-07-25 03:25:00,33791.86,33800.0,33667.01,33786.3,1,373212
2021-07-25 03:30:00,33786.3,33881.87,33751.04,33868.29,0,373213
2021-07-25 03:35:00,33868.29,33894.2,33800.65,33861.3,0,373214
2021-07-25 03:40:00,33859.55,33871.44,33816.12,33848.98,0,373215
2021-07-25 03:45:00,33848.98,33919.35,33838.63,33915.37,0,373216
2021-07-25 03:50:00,33915.36,33932.85,33882.97,33924.74,0,373217
2021-07-25 03:55:00,33926.57,33931.36,33884.79,33919.84,0,373218
2021-07-25 04:00:00,33919.85,33919.85,33829.94,33898.9,0,373219
2021-07-25 04:05:00,33899.99,33933.75,33887.6,33931.04,0,373220
2021-07-25 04:10:00,33931.04,33933.93,33910.0,33922.63,0,373221
2021-07-25 04:15:00,33922.63,33922.63,33867.11,33876.87,0,373222
2021-07-25 04:20:00,33876.87,33900.0,33805.11,33900.0,0,373223
2021-07-25 04:25:00,33900.0,33934.0,33871.89,33875.33,0,373224
2021-07-25 04:30:00,33875.34,33929.0,33871.89,33920.32,0,373225
2021-07-25 04:35:00,33920.32,33922.6,33901.0,33919.99,0,373226
2021-07-25 04:40:00,33920.0,33977.68,33915.75,33957.45,0,373227
2021-07-25 04:45:00,33957.65,34143.84,33952.38,34120.94,3,373228
2021-07-25 04:50:00,34120.94,34125.6,34070.0,34087.31,2,373229
2021-07-25 04:55:00,34087.32,34108.45,34041.86,34096.66,2,373230
2021-07-25 05:00:00,34096.65,34096.66,34006.47,34013.99,2,373231
2021-07-25 05:05:00,34011.48,34014.0,33989.49,34010.0,2,373232
2021-07-25 05:10:00,34009.99,34050.0,33856.0,33952.23,2,373233
2021-07-25 05:15:00,33952.87,33999.99,33840.3,33886.21,1,373234
2021-07-25 05:20:00,33886.21,33942.02,33883.0,33917.01,0,373235
2021-07-25 05:25:00,33917.01,33949.99,33894.3,33903.64,0,373236
2021-07-25 05:30:00,33903.65,33936.22,33870.55,33918.92,0,373237
2021-07-25 05:35:00,33918.06,33968.18,33912.98,33955.0,0,373238
2021-07-25 05:40:00,33955.0,33990.13,33955.0,33989.49,0,373239
2021-07-25 05:45:00,33989.49,34011.13,33952.9,34003.63,0,373240
2021-07-25 05:50:00,34003.63,34003.63,33941.07,33995.36,0,373241
2021-07-25 05:55:00,33995.36,34035.17,33968.27,34021.87,0,373242
2021-07-25 06:00:00,34021.88,34021.88,33950.0,33955.3,0,373243
2021-07-25 06:05:00,33955.29,33991.88,33926.03,33988.82,0,373244
2021-07-25 06:10:00,33988.81,33989.23,33931.36,33939.82,0,373245
2021-07-25 06:15:00,33939.82,34014.69,33939.82,34012.42,0,373246
2021-07-25 06:20:00,34012.41,34057.89,33987.14,34049.04,0,373247
2021-07-25 06:25:00,34043.95,34057.36,34008.77,34052.37,0,373248
2021-07-25 06:30:00,34052.37,34113.87,34042.26,34072.59,0,373249
2021-07-25 06:35:00,34072.59,34088.19,34049.14,34068.98,0,373250
2021-07-25 06:40:00,34068.98,34188.77,34068.98,34135.95,0,373251
2021-07-25 06:45:00,34135.95,34249.25,34117.79,34230.65,0,373252
2021-07-25 06:50:00,34225.91,34264.66,34164.17,34218.0,0,373253
2021-07-25 06:55:00,34218.01,34283.42,34212.37,34258.14,0,373254
2021-07-25 07:00:00,34261.51,34303.3,34190.0,34220.0,0,373255
2021-07-25 07:05:00,34219.99,34334.67,34191.41,34334.66,0,373256
2021-07-25 07:10:00,34334.66,34399.92,34313.0,34387.23,0,373257
2021-07-25 07:15:00,34387.23,34418.96,34340.36,34396.31,3,373258
2021-07-25 07:20:00,34396.31,34436.44,34377.35,34382.07,2,373259
2021-07-25 07:25:00,34382.06,34410.53,34106.36,34199.98,2,373260
2021-07-25 07:30:00,34199.98,34235.4,34079.49,34146.2,2,373261
2021-07-25 07:35:00,34146.2,34162.66,34098.39,34113.63,2,373262
2021-07-25 07:40:00,34113.63,34117.46,34005.09,34018.18,2,373263
2021-07-25 07:45:00,34016.62,34018.23,33926.03,33937.39,1,373264
2021-07-25 07:50:00,33937.39,33999.0,33937.39,33991.74,0,373265
2021-07-25 07:55:00,33991.74,34020.0,33978.0,34014.08,0,373266
2021-07-25 08:00:00,34014.08,34016.5,33928.57,33968.08,0,373267
2021-07-25 08:05:00,33968.07,34129.41,33968.07,34101.28,0,373268
2021-07-25 08:10:00,34104.05,34114.11,34070.0,34113.3,3,373269
2021-07-25 08:15:00,34113.3,34113.31,34023.59,34050.0,2,373270
2021-07-25 08:20:00,34050.0,34058.44,33960.19,33999.25,2,373271
2021-07-25 08:25:00,33999.26,34019.0,33968.25,33987.52,2,373272
2021-07-25 08:30:00,33987.52,34050.0,33945.05,34042.65,2,373273
2021-07-25 08:35:00,34042.66,34050.81,34003.18,34003.18,2,373274
2021-07-25 08:40:00,34003.18,34038.75,33965.28,34031.05,2,373275
2021-07-25 08:45:00,34031.05,34031.06,33935.83,33983.72,2,373276
2021-07-25 08:50:00,33983.72,34010.04,33914.22,33914.23,1,373277
2021-07-25 08:55:00,33914.06,33929.42,33851.12,33924.85,0,373278
2021-07-25 09:00:00,33924.85,33970.62,33915.2,33928.7,0,373279
2021-07-25 09:05:00,33926.57,33992.18,33903.86,33983.55,0,373280
2021-07-25 09:10:00,33983.55,34004.26,33951.21,33999.0,0,373281
2021-07-25 09:15:00,33999.0,34083.56,33999.0,34066.78,0,373282
2021-07-25 09:20:00,34066.79,34119.44,34045.61,34094.18,0,373283
2021-07-25 09:25:00,34094.19,34117.5,34046.9,34104.01,0,373284
2021-07-25 09:30:00,34104.0,34176.5,34100.42,34121.91,0,373285
2021-07-25 09:35:00,34121.91,34122.88,34034.71,34055.6,0,373286
2021-07-25 09:40:00,34055.6,34104.08,34055.6,34091.39,0,373287
2021-07-25 09:45:00,34091.39,34157.89,34071.8,34136.02,0,373288
2021-07-25 09:50:00,34136.02,34195.0,34129.69,34158.84,0,373289
2021-07-25 09:55:00,34158.84,34200.0,34152.01,34177.85,0,373290
2021-07-25 10:00:00,34178.67,34271.72,34178.67,34247.31,0,373291
2021-07-25 10:05:00,34245.31,34277.59,34221.97,34235.0,0,373292
2021-07-25 10:10:00,34236.57,34309.79,34236.57,34292.37,0,373293
2021-07-25 10:15:00,34292.37,34350.0,34223.58,34238.39,0,373294
2021-07-25 10:20:00,34238.39,34296.25,34219.15,34259.62,0,373295
2021-07-25 10:25:00,34259.62,34327.95,34246.77,34310.57,3,373296
2021-07-25 10:30:00,34310.57,34313.14,34233.59,34233.59,2,373297
2021-07-25 10:35:00,34233.6,34248.86,34200.0,34241.21,2,373298
2021-07-25 10:40:00,34241.21,34256.31,34203.12,34208.67,2,373299
2021-07-25 10:45:00,34208.67,34227.13,34181.57,34222.62,2,373300
2021-07-25 10:50:00,34222.63,34222.63,34195.1,34201.89,2,373301
2021-07-25 10:55:00,34207.4,34207.41,34139.47,34160.85,2,373302
2021-07-25 11:00:00,34160.85,34218.0,34143.68,34200.0,2,373303
2021-07-25 11:05:00,34199.99,34259.99,34172.47,34251.93,2,373304
2021-07-25 11:10:00,34251.93,34255.28,34167.69,34179.99,2,373305
2021-07-25 11:15:00,34179.98,34179.99,34064.71,34139.73,1,373306
2021-07-25 11:20:00,34136.5,34310.0,34122.41,34310.0,0,373307
2021-07-25 11:25:00,34309.99,34344.85,34251.56,34265.16,0,373308
2021-07-25 11:30:00,34265.16,34389.0,34243.44,34377.76,0,373309
2021-07-25 11:35:00,34374.16,34440.0,34346.84,34380.84,0,373310
2021-07-25 11:40:00,34380.83,34483.54,34380.83,34420.56,0,373311
2021-07-25 11:45:00,34420.56,34442.18,34383.3,34390.53,0,373312
2021-07-25 11:50:00,34390.52,34426.55,34373.55,34382.81,0,373313
2021-07-25 11:55:00,34381.41,34383.09,34350.0,34365.99,0,373314
2021-07-25 12:00:00,34366.0,34468.93,34358.92,34420.11,0,373315
2021-07-25 12:05:00,34420.11,34462.64,34371.69,34378.7,0,373316
2021-07-25 12:10:00,34378.7,34460.74,34373.39,34407.22,0,373317
2021-07-25 12:15:00,34405.86,34442.66,34386.61,34428.12,0,373318
2021-07-25 12:20:00,34428.07,34600.0,34288.91,34304.22,0,373319
2021-07-25 12:25:00,34304.23,34364.11,34242.85,34321.16,0,373320
2021-07-25 12:30:00,34321.15,34321.16,34218.0,34314.64,0,373321
2021-07-25 12:35:00,34316.41,34341.77,34281.7,34332.36,0,373322
2021-07-25 12:40:00,34332.36,34374.83,34315.0,34334.98,0,373323
2021-07-25 12:45:00,34334.99,34353.49,34270.03,34320.0,0,373324
2021-07-25 12:50:00,34320.0,34346.32,34286.11,34339.98,0,373325
2021-07-25 12:55:00,34339.99,34345.39,34305.9,34322.31,0,373326
2021-07-25 13:00:00,34322.31,34375.04,34280.89,34372.54,0,373327
2021-07-25 13:05:00,34374.21,34400.0,34360.7,34374.99,0,373328
2021-07-25 13:10:00,34375.0,34429.89,34367.76,34426.23,0,373329
2021-07-25 13:15:00,34426.22,34481.62,34424.05,34466.27,0,373330
2021-07-25 13:20:00,34466.26,34494.38,34367.51,34388.91,0,373331
2021-07-25 13:25:00,34388.9,34425.89,34388.9,34405.62,0,373332
2021-07-25 13:30:00,34405.62,34445.42,34391.48,34408.42,0,373333
2021-07-25 13:35:00,34408.41,34436.99,34385.0,34436.18,0,373334
2021-07-25 13:40:00,34436.18,34463.72,34412.02,34458.46,0,373335
2021-07-25 13:45:00,34458.46,34486.99,34419.07,34430.62,0,373336
2021-07-25 13:50:00,34430.62,34436.39,34408.43,34420.38,0,373337
2021-07-25 13:55:00,34424.64,34482.02,34424.64,34472.15,0,373338
2021-07-25 14:00:00,34472.15,34525.6,34450.0,34521.71,0,373339
2021-07-25 14:05:00,34521.71,34549.99,34513.62,34536.84,0,373340
2021-07-25 14:10:00,34536.83,34619.89,34521.66,34600.48,0,373341
2021-07-25 14:15:00,34600.48,34699.0,34511.4,34681.07,0,373342
2021-07-25 14:20:00,34681.07,34747.02,34654.44,34702.64,0,373343
2021-07-25 14:25:00,34702.64,34729.64,34650.64,34661.21,0,373344
2021-07-25 14:30:00,34661.2,34785.33,34661.2,34740.84,0,373345
2021-07-25 14:35:00,34740.84,34767.1,34708.0,34728.78,0,373346
2021-07-25 14:40:00,34728.78,34774.96,34710.36,34756.3,0,373347
2021-07-25 14:45:00,34752.38,34784.0,34717.53,34777.38,3,373348
2021-07-25 14:50:00,34777.38,34784.0,34720.0,34725.0,2,373349
2021-07-25 14:55:00,34725.0,34740.0,34681.78,34695.51,2,373350
2021-07-25 15:00:00,34695.51,34740.0,34692.84,34730.07,2,373351
2021-07-25 15:05:00,34730.08,34783.17,34718.0,34746.15,2,373352
2021-07-25 15:10:00,34746.16,34767.01,34731.25,34760.45,2,373353
2021-07-25 15:15:00,34760.45,34800.0,34673.54,34676.72,2,373354
2021-07-25 15:20:00,34676.71,34726.46,34611.01,34717.37,2,373355
2021-07-25 15:25:00,34717.37,34747.99,34690.0,34711.28,2,373356
2021-07-25 15:30:00,34711.28,34715.55,34600.0,34653.24,2,373357
2021-07-25 15:35:00,34654.8,34666.0,34580.01,34613.89,2,373358
2021-07-25 15:40:00,34613.88,34634.0,34584.71,34599.99,2,373359
2021-07-25 15:45:00,34599.99,34600.0,34455.58,34511.85,2,373360
2021-07-25 15:50:00,34511.84,34564.53,34498.93,34560.33,2,373361
2021-07-25 15:55:00,34560.33,34595.58,34545.77,34570.89,2,373362
2021-07-25 16:00:00,34574.61,34617.6,34574.61,34611.99,2,373363
2021-07-25 16:05:00,34611.98,34632.78,34543.0,34545.45,2,373364
2021-07-25 16:10:00,34543.72,34581.98,34510.49,34515.24,2,373365
2021-07-25 16:15:00,34515.24,34519.32,34358.59,34462.43,2,373366
2021-07-25 16:20:00,34462.44,34470.46,34400.01,34414.66,2,373367
2021-07-25 16:25:00,34410.8,34448.7,34406.02,34429.95,2,373368
2021-07-25 16:30:00,34429.95,34478.05,34429.95,34447.34,2,373369
2021-07-25 16:35:00,34447.34,34485.36,34447.34,34453.85,2,373370
2021-07-25 16:40:00,34453.85,34463.59,34339.05,34410.17,1,373371
2021-07-25 16:45:00,34413.27,34469.16,34406.39,34438.51,0,373372
2021-07-25 16:50:00,34440.61,34517.96,34425.14,34497.14,0,373373
2021-07-25 16:55:00,34497.14,34541.45,34492.94,34509.03,0,373374
2021-07-25 17:00:00,34509.02,34522.1,34465.72,34472.1,0,373375
2021-07-25 17:05:00,34472.09,34580.0,34472.09,34560.95,0,373376
2021-07-25 17:10:00,34559.94,34577.14,34540.89,34575.89,3,373377
2021-07-25 17:15:00,34576.0,34580.76,34512.36,34525.19,2,373378
2021-07-25 17:20:00,34525.2,34537.94,34501.59,34517.12,2,373379
2021-07-25 17:25:00,34517.13,34555.68,34501.52,34522.65,2,373380
2021-07-25 17:30:00,34522.65,34532.26,34462.61,34509.49,2,373381
2021-07-25 17:35:00,34509.48,34510.8,34428.6,34455.58,2,373382
2021-07-25 17:40:00,34455.59,34467.93,34393.97,34393.98,2,373383
2021-07-25 17:45:00,34393.98,34399.4,34238.56,34290.75,1,373384
2021-07-25 17:50:00,34292.23,34347.78,34284.74,34332.51,0,373385
2021-07-25 17:55:00,34332.51,34383.07,34330.45,34353.56,0,373386
2021-07-25 18:00:00,34353.57,34408.04,34347.21,34380.0,0,373387
2021-07-25 18:05:00,34380.0,34419.99,34330.45,34407.69,0,373388
2021-07-25 18:10:00,34407.7,34474.54,34406.87,34460.0,0,373389
2021-07-25 18:15:00,34460.0,34498.46,34419.35,34477.11,3,373390
2021-07-25 18:20:00,34480.0,34498.46,34386.0,34411.49,2,373391
2021-07-25 18:25:00,34409.89,34411.61,34300.0,34310.0,1,373392
2021-07-25 18:30:00,34303.36,34394.47,34276.62,34360.0,0,373393
2021-07-25 18:35:00,34359.99,34371.64,34285.71,34371.63,0,373394
2021-07-25 18:40:00,34371.63,34397.0,34359.02,34388.29,0,373395
2021-07-25 18:45:00,34388.3,34429.1,34388.29,34420.0,3,373396
2021-07-25 18:50:00,34420.01,34457.37,34350.97,34381.2,2,373397
2021-07-25 18:55:00,34381.2,34427.53,34363.6,34399.04,2,373398
2021-07-25 19:00:00,34399.04,34399.04,34242.96,34279.45,2,373399
2021-07-25 19:05:00,34279.45,34308.56,34242.41,34269.98,1,373400
2021-07-25 19:10:00,34269.98,34326.53,34261.1,34316.2,0,373401
2021-07-25 19:15:00,34316.2,34366.95,34304.77,34313.23,0,373402
2021-07-25 19:20:00,34313.23,34361.05,34305.68,34312.26,0,373403
2021-07-25 19:25:00,34312.26,34359.09,34300.0,34323.8,0,373404
2021-07-25 19:30:00,34323.8,34434.06,34322.04,34389.92,3,373405
2021-07-25 19:35:00,34383.89,34383.89,34290.0,34290.01,2,373406
2021-07-25 19:40:00,34290.01,34308.9,34222.0,34260.07,2,373407
2021-07-25 19:45:00,34260.07,34312.02,34255.68,34282.85,2,373408
2021-07-25 19:50:00,34282.84,34318.33,34279.26,34300.96,2,373409
2021-07-25 19:55:00,34302.88,34320.74,34268.03,34294.43,2,373410
2021-07-25 20:00:00,34293.14,34340.75,34289.83,34319.42,2,373411
2021-07-25 20:05:00,34319.42,34360.0,34319.42,34342.33,2,373412
2021-07-25 20:10:00,34342.33,34347.66,34205.49,34237.8,2,373413
2021-07-25 20:15:00,34237.79,34296.58,34160.0,34186.11,2,373414
2021-07-25 20:20:00,34186.1,34186.11,34086.2,34093.27,1,373415
2021-07-25 20:25:00,34093.27,34156.7,34035.0,34099.97,0,373416
2021-07-25 20:30:00,34099.97,34163.25,34054.45,34150.0,0,373417
2021-07-25 20:35:00,34149.84,34175.0,34086.3,34098.16,0,373418
2021-07-25 20:40:00,34098.16,34189.18,34095.0,34165.06,0,373419
2021-07-25 20:45:00,34165.06,34200.0,34142.24,34170.57,0,373420
2021-07-25 20:50:00,34172.38,34240.0,34172.38,34200.68,3,373421
2021-07-25 20:55:00,34200.68,34230.0,34170.4,34178.74,2,373422
2021-07-25 21:00:00,34178.74,34183.18,34083.0,34114.99,2,373423
2021-07-25 21:05:00,34114.99,34130.84,34015.7,34022.04,2,373424
2021-07-25 21:10:00,34020.38,34108.95,34016.16,34050.01,2,373425
2021-07-25 21:15:00,34050.01,34098.58,34026.72,34069.59,2,373426
2021-07-25 21:20:00,34069.6,34087.57,33869.0,33939.68,2,373427
2021-07-25 21:25:00,33941.37,33958.15,33862.45,33899.82,1,373428
2021-07-25 21:30:00,33899.81,33994.99,33874.98,33962.02,0,373429
2021-07-25 21:35:00,33962.01,33997.0,33941.64,33969.99,0,373430
2021-07-25 21:40:00,33969.99,34046.75,33945.0,33947.32,0,373431
2021-07-25 21:45:00,33945.86,33965.9,33900.0,33918.27,0,373432
2021-07-25 21:50:00,33918.27,34003.0,33916.15,33981.6,0,373433
2021-07-25 21:55:00,33981.6,34158.0,33970.0,34105.01,0,373434
2021-07-25 22:00:00,34105.01,34276.0,34067.9,34267.21,3,373435
2021-07-25 22:05:00,34265.15,34265.15,34151.42,34168.79,2,373436
2021-07-25 22:10:00,34168.78,34214.42,34157.37,34175.64,2,373437
2021-07-25 22:15:00,34175.64,34183.67,34107.42,34113.4,2,373438
2021-07-25 22:20:00,34113.41,34113.41,33978.26,34044.61,2,373439
2021-07-25 22:25:00,34044.61,34079.81,33957.05,34029.69,1,373440
2021-07-25 22:30:00,34029.69,34130.99,34000.27,34122.74,0,373441
2021-07-25 22:35:00,34122.73,34169.75,34085.01,34155.0,0,373442
2021-07-25 22:40:00,34155.0,34195.36,34126.6,34173.33,0,373443
2021-07-25 22:45:00,34173.33,34278.3,34165.47,34231.96,0,373444
2021-07-25 22:50:00,34231.97,34256.1,34168.8,34193.88,0,373445
2021-07-25 22:55:00,34193.88,34203.05,34150.25,34174.08,0,373446
2021-07-25 23:00:00,34174.08,34244.99,34120.0,34235.31,3,373447
2021-07-25 23:05:00,34235.31,34243.88,34137.0,34139.46,2,373448
2021-07-25 23:10:00,34139.45,34168.48,34130.95,34132.46,2,373449
