date,open,high,low,close,label,source_idx
2021-10-09 19:45:00,55011.21,55049.99,54981.8,55003.85,0,395218
2021-10-09 19:50:00,55003.85,55061.48,54975.01,54978.44,0,395219
2021-10-09 19:55:00,54978.43,54998.28,54942.14,54979.26,0,395220
2021-10-09 20:00:00,54979.26,55064.98,54975.83,55020.71,0,395221
2021-10-09 20:05:00,55020.72,55071.42,55015.6,55039.86,0,395222
2021-10-09 20:10:00,55039.86,55075.01,54980.9,54995.55,0,395223
2021-10-09 20:15:00,54995.56,55054.81,54989.1,55017.08,0,395224
2021-10-09 20:20:00,55020.28,55082.71,55001.32,55042.54,0,395225
2021-10-09 20:25:00,55042.53,55046.94,54926.49,54958.57,0,395226
2021-10-09 20:30:00,54958.56,55084.99,54930.01,55081.04,0,395227
2021-10-09 20:35:00,55081.04,55449.0,55074.03,55178.0,0,395228
2021-10-09 20:40:00,55177.99,55226.9,55172.0,55219.23,0,395229
2021-10-09 20:45:00,55219.23,55489.0,55204.39,55331.88,3,395230
2021-10-09 20:50:00,55331.87,55348.57,55230.1,55268.53,2,395231
2021-10-09 20:55:00,55268.52,55280.61,55211.62,55242.2,2,395232
2021-10-09 21:00:00,55242.19,55314.2,55155.81,55182.41,2,395233
2021-10-09 21:05:00,55182.41,55196.82,55129.34,55148.26,2,395234
2021-10-09 21:10:00,55148.26,55199.98,55141.76,55155.72,2,395235
2021-10-09 21:15:00,55155.72,55199.75,55112.92,55129.49,2,395236
2021-10-09 21:20:00,55129.48,55135.0,55045.88,55079.54,1,395237
2021-10-09 21:25:00,55081.79,55192.31,55056.14,55147.0,0,395238
2021-10-09 21:30:00,55147.0,55211.92,55093.01,55100.2,0,395239
2021-10-09 21:35:00,55100.19,55205.52,55097.0,55175.67,0,395240
2021-10-09 21:40:00,55175.67,55295.55,55154.73,55252.93,3,395241
2021-10-09 21:45:00,55252.92,55296.54,55134.75,55148.58,2,395242
2021-10-09 21:50:00,55148.58,55165.89,55069.0,55070.4,2,395243
2021-10-09 21:55:00,55070.4,55161.15,55068.01,55136.84,2,395244
2021-10-09 22:00:00,55136.83,55177.05,55050.01,55074.64,2,395245
2021-10-09 22:05:00,55074.64,55147.08,55030.22,55127.77,2,395246
2021-10-09 22:10:00,55127.76,55158.36,55066.55,55073.94,2,395247
2021-10-09 22:15:00,55073.94,55118.54,55017.05,55109.61,2,395248
2021-10-09 22:20:00,55109.61,55137.8,55074.2,55090.59,2,395249
2021-10-09 22:25:00,55090.59,55146.91,55086.22,55102.58,2,395250
2021-10-09 22:30:00,55102.57,55130.52,55042.22,55091.05,2,395251
2021-10-09 22:35:00,55091.05,55146.2,55050.01,55059.0,2,395252
2021-10-09 22:40:00,55059.0,55073.03,54950.18,54972.59,2,395253
2021-10-09 22:45:00,54972.6,55014.41,54884.45,54943.53,2,395254
2021-10-09 22:50:00,54943.53,54974.98,54867.2,54941.27,2,395255
2021-10-09 22:55:00,54941.27,54989.61,54900.37,54977.29,2,395256
2021-10-09 23:00:00,54977.29,55054.47,54971.09,54997.46,2,395257
2021-10-09 23:05:00,54997.46,55100.0,54969.0,55095.78,2,395258
2021-10-09 23:10:00,55095.77,55125.0,55006.15,55051.19,2,395259
2021-10-09 23:15:00,55051.18,55088.39,54851.35,54886.49,2,395260
2021-10-09 23:20:00,54886.5,55016.39,54874.11,54948.22,2,395261
2021-10-09 23:25:00,54948.21,55021.9,54874.46,54994.38,2,395262
2021-10-09 23:30:00,54994.38,55060.64,54861.71,54918.54,2,395263
2021-10-09 23:35:00,54918.53,54938.31,54861.85,54885.76,2,395264
2021-10-09 23:40:00,54885.76,54938.93,54715.87,54747.36,1,395265
2021-10-09 23:45:00,54747.36,54827.81,54680.0,54788.24,0,395266
2021-10-09 23:50:00,54788.24,54829.99,54674.07,54818.92,0,395267
2021-10-09 23:55:00,54818.92,54838.94,54783.45,54801.16,0,395268
2021-10-10 00:00:00,54801.15,54912.34,54764.72,54856.38,0,395269
2021-10-10 00:05:00,54856.38,54932.98,54850.04,54872.18,0,395270
2021-10-10 00:10:00,54877.22,54895.99,54793.15,54807.0,0,395271
2021-10-10 00:15:00,54807.0,54858.0,54726.19,54810.1,0,395272
2021-10-10 00:20:00,54810.11,54895.08,54805.86,54877.57,0,395273
2021-10-10 00:25:00,54877.56,54919.37,54854.79,54889.49,0,395274
2021-10-10 00:30:00,54891.95,54945.73,54850.32,54888.19,0,395275
2021-10-10 00:35:00,54888.19,54940.2,54867.0,54907.96,0,395276
2021-10-10 00:40:00,54907.96,54938.0,54744.54,54770.96,0,395277
2021-10-10 00:45:00,54774.77,54869.78,54770.96,54836.73,0,395278
2021-10-10 00:50:00,54836.74,54928.12,54828.88,54892.96,0,395279
2021-10-10 00:55:00,54892.97,54934.5,54876.01,54914.05,0,395280
2021-10-10 01:00:00,54914.05,55149.96,54868.78,54933.23,0,395281
2021-10-10 01:05:00,54933.24,54954.99,54842.17,54875.53,0,395282
2021-10-10 01:10:00,54875.54,54875.54,54802.71,54844.7,0,395283
2021-10-10 01:15:00,54844.69,54924.59,54820.0,54831.36,0,395284
2021-10-10 01:20:00,54831.35,54869.85,54750.79,54771.65,0,395285
2021-10-10 01:25:00,54771.64,54835.09,54744.9,54831.59,0,395286
2021-10-10 01:30:00,54831.58,54863.74,54758.47,54818.33,0,395287
2021-10-10 01:35:00,54818.32,54832.29,54757.46,54773.0,0,395288
2021-10-10 01:40:00,54773.01,54842.44,54738.66,54829.66,0,395289
2021-10-10 01:45:00,54829.67,54906.26,54821.41,54887.74,0,395290
2021-10-10 01:50:00,54887.74,54917.06,54843.4,54876.35,0,395291
2021-10-10 01:55:00,54876.36,54916.94,54853.11,54900.0,0,395292
2021-10-10 02:00:00,54897.24,54947.07,54861.02,54942.6,3,395293
2021-10-10 02:05:00,54942.6,54964.52,54900.0,54915.02,2,395294
2021-10-10 02:10:00,54916.68,54930.39,54871.0,54887.49,2,395295
2021-10-10 02:15:00,54887.49,54892.83,54800.09,54832.08,2,395296
2021-10-10 02:20:00,54832.08,54853.93,54750.44,54773.0,2,395297
2021-10-10 02:25:00,54773.01,54821.13,54750.04,54759.03,2,395298
2021-10-10 02:30:00,54759.03,54790.72,54681.0,54737.25,2,395299
2021-10-10 02:35:00,54737.24,54775.65,54731.92,54755.12,2,395300
2021-10-10 02:40:00,54755.11,54853.14,54748.6,54821.23,2,395301
2021-10-10 02:45:00,54821.23,54831.12,54716.0,54731.64,2,395302
2021-10-10 02:50:00,54733.04,54751.7,54650.11,54688.59,2,395303
2021-10-10 02:55:00,54688.6,54696.05,54592.21,54656.81,2,395304
2021-10-10 03:00:00,54656.81,54656.82,54350.0,54477.0,2,395305
2021-10-10 03:05:00,54477.01,54504.86,54394.49,54428.3,2,395306
2021-10-10 03:10:00,54428.31,54471.0,54375.0,54386.33,1,395307
2021-10-10 03:15:00,54386.32,54466.27,54323.0,54431.93,0,395308
2021-10-10 03:20:00,54431.94,54518.55,54418.66,54489.17,0,395309
2021-10-10 03:25:00,54489.16,54511.65,54397.08,54469.72,0,395310
2021-10-10 03:30:00,54469.72,54476.54,54377.82,54422.37,0,395311
2021-10-10 03:35:00,54422.37,54478.49,54397.88,54474.74,0,395312
2021-10-10 03:40:00,54474.74,54549.37,54452.62,54529.2,0,395313
2021-10-10 03:45:00,54529.2,54542.37,54446.71,54488.93,0,395314
2021-10-10 03:50:00,54485.14,54600.0,54485.14,54596.3,0,395315
2021-10-10 03:55:00,54596.31,54669.59,54568.93,54663.83,0,395316
2021-10-10 04:00:00,54663.83,54670.58,54578.84,54635.79,0,395317
2021-10-10 04:05:00,54635.79,54637.0,54550.01,54618.98,0,395318
2021-10-10 04:10:00,54618.98,54681.01,54608.06,54670.5,0,395319
2021-10-10 04:15:00,54670.5,54683.27,54601.0,54603.41,0,395320
2021-10-10 04:20:00,54603.41,54725.49,54596.82,54707.33,0,395321
2021-10-10 04:25:00,54707.33,54784.99,54672.69,54720.22,0,395322
2021-10-10 04:30:00,54725.87,54729.97,54683.66,54701.99,0,395323
2021-10-10 04:35:00,54702.0,54745.79,54691.86,54745.79,0,395324
2021-10-10 04:40:00,54744.42,54782.58,54735.61,54766.0,0,395325
2021-10-10 04:45:00,54766.0,54782.91,54733.37,54740.51,0,395326
2021-10-10 04:50:00,54740.51,54824.14,54738.17,54816.27,0,395327
2021-10-10 04:55:00,54816.26,54863.18,54804.48,54848.94,0,395328
2021-10-10 05:00:00,54848.94,54848.94,54760.1,54775.42,0,395329
2021-10-10 05:05:00,54775.43,54797.35,54764.46,54788.83,0,395330
2021-10-10 05:10:00,54788.83,54942.11,54777.01,54935.03,0,395331
2021-10-10 05:15:00,54935.03,54969.12,54880.01,54917.15,0,395332
2021-10-10 05:20:00,54917.15,54946.84,54821.56,54936.94,0,395333
2021-10-10 05:25:00,54936.93,54957.06,54848.74,54854.34,0,395334
2021-10-10 05:30:00,54854.34,54862.48,54785.66,54823.73,0,395335
2021-10-10 05:35:00,54823.72,54827.57,54752.71,54784.33,0,395336
2021-10-10 05:40:00,54784.33,54907.02,54770.01,54893.18,0,395337
2021-10-10 05:45:00,54893.18,54907.6,54825.69,54848.35,0,395338
2021-10-10 05:50:00,54848.35,54867.58,54820.58,54834.49,0,395339
2021-10-10 05:55:00,54834.49,54936.12,54820.02,54896.41,0,395340
2021-10-10 06:00:00,54896.39,54896.41,54837.99,54869.71,0,395341
2021-10-10 06:05:00,54869.71,54949.97,54861.73,54905.51,0,395342
2021-10-10 06:10:00,54905.5,55028.53,54878.0,54987.89,0,395343
2021-10-10 06:15:00,54987.89,55041.08,54975.8,55020.21,0,395344
2021-10-10 06:20:00,55020.2,55034.45,54982.58,55007.93,0,395345
2021-10-10 06:25:00,55005.55,55056.37,54993.17,55004.02,0,395346
2021-10-10 06:30:00,55004.02,55004.81,54950.03,54985.33,0,395347
2021-10-10 06:35:00,54985.34,54986.74,54943.66,54960.16,0,395348
2021-10-10 06:40:00,54960.16,54988.29,54930.95,54977.91,0,395349
2021-10-10 06:45:00,54977.9,55047.15,54965.0,55013.82,0,395350
2021-10-10 06:50:00,55013.82,55165.0,55002.86,55059.62,0,395351
2021-10-10 06:55:00,55059.61,55059.62,54858.09,54949.72,0,395352
2021-10-10 07:00:00,54949.72,54968.98,54829.33,54879.8,0,395353
2021-10-10 07:05:00,54879.81,54907.64,54806.95,54869.96,0,395354
2021-10-10 07:10:00,54869.96,54899.91,54810.17,54873.9,0,395355
2021-10-10 07:15:00,54873.89,55049.99,54840.49,55049.98,0,395356
2021-10-10 07:20:00,55049.98,55119.43,55028.92,55087.83,0,395357
2021-10-10 07:25:00,55087.83,55154.42,55010.33,55108.49,0,395358
2021-10-10 07:30:00,55108.48,55199.0,55083.84,55158.27,3,395359
2021-10-10 07:35:00,55158.28,55172.21,55023.44,55038.14,2,395360
2021-10-10 07:40:00,55038.13,55121.58,55024.68,55114.35,2,395361
2021-10-10 07:45:00,55114.35,55142.55,54980.26,54983.74,2,395362
2021-10-10 07:50:00,54983.73,55028.52,54886.11,54909.36,2,395363
2021-10-10 07:55:00,54909.37,54989.18,54900.01,54905.27,2,395364
2021-10-10 08:00:00,54905.27,54953.82,54677.01,54694.02,2,395365
2021-10-10 08:05:00,54693.37,54742.0,54575.38,54592.81,2,395366
2021-10-10 08:10:00,54592.81,54683.0,54536.47,54668.53,2,395367
2021-10-10 08:15:00,54668.53,54682.89,54567.04,54676.33,2,395368
2021-10-10 08:20:00,54676.33,54723.31,54590.42,54611.55,2,395369
2021-10-10 08:25:00,54611.55,54621.23,54467.0,54556.41,2,395370
2021-10-10 08:30:00,54556.96,54556.97,54460.0,54492.12,2,395371
2021-10-10 08:35:00,54492.13,54582.0,54421.78,54560.77,2,395372
2021-10-10 08:40:00,54560.77,54578.91,54424.55,54440.46,2,395373
2021-10-10 08:45:00,54440.46,54510.49,54426.75,54460.85,2,395374
2021-10-10 08:50:00,54460.85,54491.69,54400.0,54425.75,2,395375
2021-10-10 08:55:00,54425.76,54434.12,54381.12,54382.83,2,395376
2021-10-10 09:00:00,54382.83,54389.38,54080.0,54283.32,1,395377
2021-10-10 09:05:00,54283.32,54510.27,54283.31,54446.7,0,395378
2021-10-10 09:10:00,54446.7,54590.79,54413.01,54458.46,0,395379
2021-10-10 09:15:00,54458.46,54531.92,54450.0,54506.03,0,395380
2021-10-10 09:20:00,54506.03,54524.99,54445.06,54450.25,0,395381
2021-10-10 09:25:00,54450.26,54451.24,54360.0,54438.97,0,395382
2021-10-10 09:30:00,54438.97,54551.83,54424.42,54515.56,0,395383
2021-10-10 09:35:00,54515.55,54646.89,54515.55,54646.25,0,395384
2021-10-10 09:40:00,54644.09,54723.26,54607.19,54699.98,0,395385
2021-10-10 09:45:00,54699.99,54710.95,54603.49,54628.91,0,395386
2021-10-10 09:50:00,54628.91,54717.9,54619.02,54717.89,0,395387
2021-10-10 09:55:00,54717.89,54768.78,54625.0,54633.52,0,395388
2021-10-10 10:00:00,54633.51,54718.8,54616.64,54650.4,0,395389
2021-10-10 10:05:00,54650.4,54689.99,54576.55,54683.93,0,395390
2021-10-10 10:10:00,54683.94,54757.34,54670.52,54757.33,0,395391
2021-10-10 10:15:00,54757.33,54857.01,54704.89,54754.28,0,395392
2021-10-10 10:20:00,54754.28,54848.66,54701.0,54839.75,0,395393
2021-10-10 10:25:00,54839.75,54866.41,54770.06,54784.36,0,395394
2021-10-10 10:30:00,54784.36,54849.99,54780.01,54819.54,0,395395
2021-10-10 10:35:00,54819.54,54838.61,54780.0,54832.76,0,395396
2021-10-10 10:40:00,54832.76,54931.03,54809.86,54877.53,0,395397
2021-10-10 10:45:00,54877.53,54910.26,54801.47,54824.05,0,395398
2021-10-10 10:50:00,54824.06,54935.27,54788.0,54924.42,0,395399
2021-10-10 10:55:00,54924.43,55178.0,54924.42,55049.15,0,395400
2021-10-10 11:00:00,55049.16,55172.79,55039.01,55078.11,0,395401
2021-10-10 11:05:00,55078.11,55248.87,55065.35,55110.72,0,395402
2021-10-10 11:10:00,55110.71,55166.59,55099.49,55124.52,0,395403
2021-10-10 11:15:00,55120.15,55131.54,55066.33,55078.45,0,395404
2021-10-10 11:20:00,55078.45,55146.12,55051.03,55092.95,0,395405
2021-10-10 11:25:00,55092.94,55141.32,55079.99,55085.35,0,395406
2021-10-10 11:30:00,55085.35,55091.99,54956.06,54960.78,0,395407
2021-10-10 11:35:00,54960.78,54987.65,54850.0,54941.8,0,395408
2021-10-10 11:40:00,54941.81,55300.0,54941.8,55218.69,0,395409
2021-10-10 11:45:00,55218.68,55699.53,55218.68,55675.05,0,395410
2021-10-10 11:50:00,55675.06,55890.53,55550.0,55868.59,0,395411
2021-10-10 11:55:00,55868.59,56000.0,55704.36,55873.06,3,395412
2021-10-10 12:00:00,55873.05,56074.43,55678.07,55689.63,2,395413
2021-10-10 12:05:00,55689.63,55799.52,55679.46,55704.84,2,395414
2021-10-10 12:10:00,55704.84,55856.29,55696.21,55814.98,2,395415
2021-10-10 12:15:00,55814.97,55845.67,55643.06,55657.17,2,395416
2021-10-10 12:20:00,55657.17,55733.28,55389.17,55472.36,1,395417
2021-10-10 12:25:00,55472.35,55557.75,55444.0,55522.3,0,395418
2021-10-10 12:30:00,55522.3,55571.42,55420.0,55494.25,0,395419
2021-10-10 12:35:00,55494.25,55633.29,55447.3,55619.29,0,395420
2021-10-10 12:40:00,55619.29,55672.35,55595.58,55631.84,0,395421
2021-10-10 12:45:00,55631.83,55660.88,55601.67,55632.47,0,395422
2021-10-10 12:50:00,55632.48,55771.81,55609.49,55719.33,0,395423
2021-10-10 12:55:00,55719.33,55728.43,55609.48,55651.73,0,395424
2021-10-10 13:00:00,55651.72,55706.8,55490.01,55635.02,0,395425
2021-10-10 13:05:00,55635.02,55735.36,55575.0,55731.81,3,395426
2021-10-10 13:10:00,55731.81,55774.61,55713.16,55722.02,2,395427
2021-10-10 13:15:00,55722.02,55840.0,55677.01,55685.38,2,395428
2021-10-10 13:20:00,55685.37,55749.89,55621.32,55673.84,2,395429
2021-10-10 13:25:00,55673.83,55699.99,55630.0,55684.76,2,395430
2021-10-10 13:30:00,55684.76,55695.59,55590.01,55596.55,2,395431
2021-10-10 13:35:00,55596.55,55607.16,55525.83,55548.94,2,395432
2021-10-10 13:40:00,55548.93,55580.72,55500.0,55539.28,2,395433
2021-10-10 13:45:00,55539.28,55598.98,55500.43,55585.34,2,395434
2021-10-10 13:50:00,55585.34,55619.99,55535.76,55582.94,2,395435
2021-10-10 13:55:00,55582.95,55618.8,55577.11,55607.8,2,395436
2021-10-10 14:00:00,55607.8,55646.72,55543.15,55561.67,2,395437
2021-10-10 14:05:00,55561.66,55595.97,55512.04,55581.99,2,395438
2021-10-10 14:10:00,55581.99,55686.45,55572.36,55649.19,2,395439
2021-10-10 14:15:00,55649.18,55766.54,55646.18,55686.06,2,395440
2021-10-10 14:20:00,55692.78,55710.31,55439.67,55500.84,1,395441
2021-10-10 14:25:00,55500.84,55547.07,55411.86,55547.05,0,395442
2021-10-10 14:30:00,55547.05,55553.74,55464.25,55546.44,0,395443
2021-10-10 14:35:00,55546.45,55700.02,55546.44,55572.14,0,395444
2021-10-10 14:40:00,55572.13,55618.82,55551.42,55605.64,0,395445
2021-10-10 14:45:00,55605.63,55608.25,55523.25,55569.84,0,395446
2021-10-10 14:50:00,55569.85,55614.89,55523.15,55596.92,0,395447
2021-10-10 14:55:00,55596.94,55688.27,55587.82,55668.81,0,395448
2021-10-10 15:00:00,55668.81,55710.94,55598.5,55617.62,0,395449
2021-10-10 15:05:00,55617.62,55798.4,55616.69,55754.71,0,395450
2021-10-10 15:10:00,55755.98,55773.94,55650.0,55655.79,0,395451
2021-10-10 15:15:00,55655.8,55678.98,55600.51,55617.57,0,395452
2021-10-10 15:20:00,55617.56,55782.75,55605.0,55683.32,0,395453
2021-10-10 15:25:00,55683.31,55850.0,55679.96,55812.01,3,395454
2021-10-10 15:30:00,55812.01,55928.0,55705.01,55720.16,2,395455
2021-10-10 15:35:00,55720.16,55724.4,55628.97,55701.1,2,395456
2021-10-10 15:40:00,55701.1,55744.0,55647.29,55725.24,2,395457
2021-10-10 15:45:00,55727.52,55795.02,55721.58,55752.26,2,395458
2021-10-10 15:50:00,55752.26,55757.33,55592.2,55613.34,2,395459
2021-10-10 15:55:00,55613.33,55688.46,55518.06,55564.19,2,395460
2021-10-10 16:00:00,55564.18,55591.2,55481.51,55510.0,2,395461
2021-10-10 16:05:00,55510.0,55510.0,55375.0,55404.49,2,395462
2021-10-10 16:10:00,55404.48,55450.0,54901.05,55098.57,2,395463
2021-10-10 16:15:00,55089.91,55164.32,54822.47,55005.0,2,395464
2021-10-10 16:20:00,55005.0,55141.57,54980.38,55130.23,2,395465
2021-10-10 16:25:00,55130.23,55137.36,54972.48,55077.89,2,395466
2021-10-10 16:30:00,55077.9,55115.0,54897.28,54927.15,2,395467
2021-10-10 16:35:00,54927.14,54979.0,54790.25,54931.34,2,395468
2021-10-10 16:40:00,54931.34,55000.0,54886.36,54886.36,2,395469
2021-10-10 16:45:00,54886.36,54980.27,54838.71,54941.24,2,395470
2021-10-10 16:50:00,54941.24,55000.99,54880.0,54880.01,1,395471
2021-10-10 16:55:00,54880.01,55000.0,54863.61,54972.3,0,395472
2021-10-10 17:00:00,54972.3,54992.84,54680.0,54946.91,0,395473
2021-10-10 17:05:00,54939.56,55108.0,54931.18,55084.05,0,395474
2021-10-10 17:10:00,55092.68,55162.0,55030.0,55147.83,3,395475
2021-10-10 17:15:00,55147.83,55147.83,54985.84,55009.99,2,395476
2021-10-10 17:20:00,55010.0,55085.86,55009.2,55068.79,2,395477
2021-10-10 17:25:00,55068.79,55125.52,55040.5,55116.55,2,395478
2021-10-10 17:30:00,55116.56,55124.97,55000.0,55000.0,2,395479
2021-10-10 17:35:00,55000.0,55068.44,54990.0,55054.64,2,395480
2021-10-10 17:40:00,55054.64,55084.94,55044.61,55069.99,2,395481
2021-10-10 17:45:00,55070.0,55090.89,55053.37,55058.09,2,395482
2021-10-10 17:50:00,55058.09,55059.92,54940.58,54949.74,2,395483
2021-10-10 17:55:00,54949.74,55055.0,54917.42,55007.59,2,395484
2021-10-10 18:00:00,55007.58,55042.55,54928.79,54932.36,2,395485
2021-10-10 18:05:00,54932.15,54952.57,54800.12,54901.88,2,395486
2021-10-10 18:10:00,54901.88,54928.46,54825.68,54851.0,1,395487
2021-10-10 18:15:00,54851.01,54946.79,54829.45,54917.05,0,395488
2021-10-10 18:20:00,54919.74,54964.01,54859.99,54921.61,0,395489
2021-10-10 18:25:00,54921.61,55026.91,54900.02,55015.67,0,395490
2021-10-10 18:30:00,55015.67,55099.4,55013.74,55084.55,0,395491
2021-10-10 18:35:00,55084.56,55209.01,55084.55,55162.0,0,395492
2021-10-10 18:40:00,55162.0,55273.4,55153.81,55265.89,3,395493
2021-10-10 18:45:00,55265.88,55306.81,55155.06,55161.16,2,395494
2021-10-10 18:50:00,55161.16,55168.94,55104.2,55147.68,2,395495
2021-10-10 18:55:00,55147.68,55160.77,55102.64,55144.99,2,395496
2021-10-10 19:00:00,55145.0,55190.11,55039.81,55055.01,2,395497
2021-10-10 19:05:00,55055.0,55110.99,55007.89,55084.15,2,395498
2021-10-10 19:10:00,55084.15,55132.22,55030.88,55040.18,2,395499
2021-10-10 19:15:00,55040.19,55044.98,54867.47,54884.6,2,395500
2021-10-10 19:20:00,54884.6,54885.98,54789.0,54803.72,1,395501
2021-10-10 19:25:00,54803.72,54882.52,54722.16,54807.64,0,395502
2021-10-10 19:30:00,54807.63,54937.98,54768.68,54908.18,0,395503
2021-10-10 19:35:00,54907.39,54954.72,54860.01,54933.84,0,395504
2021-10-10 19:40:00,54933.83,54933.84,54878.5,54899.74,0,395505
2021-10-10 19:45:00,54899.73,55024.73,54880.0,55020.72,0,395506
2021-10-10 19:50:00,55020.71,55037.9,54865.01,54918.93,0,395507
2021-10-10 19:55:00,54918.94,54948.35,54840.5,54941.73,0,395508
2021-10-10 20:00:00,54941.73,54957.07,54812.6,54842.26,0,395509
2021-10-10 20:05:00,54842.26,54877.7,54781.19,54843.73,0,395510
2021-10-10 20:10:00,54843.73,55148.0,54638.0,55006.28,0,395511
2021-10-10 20:15:00,55006.27,55216.17,54992.66,55189.47,0,395512
2021-10-10 20:20:00,55189.47,55320.4,55139.71,55189.29,0,395513
2021-10-10 20:25:00,55189.29,55199.99,55118.2,55180.22,0,395514
2021-10-10 20:30:00,55180.21,55250.0,55160.46,55208.45,0,395515
2021-10-10 20:35:00,55208.45,55219.52,55070.56,55129.59,0,395516
2021-10-10 20:40:00,55129.6,55198.71,55114.01,55187.99,0,395517
2021-10-10 20:45:00,55188.0,55245.49,55153.01,55230.5,0,395518
2021-10-10 20:50:00,55230.5,55268.66,55195.87,55232.94,0,395519
2021-10-10 20:55:00,55232.94,55242.24,55162.5,55228.59,0,395520
2021-10-10 21:00:00,55228.59,55295.0,55159.69,55188.72,0,395521
2021-10-10 21:05:00,55188.72,55329.0,55180.19,55309.2,0,395522
2021-10-10 21:10:00,55310.61,55410.86,55252.08,55276.5,0,395523
2021-10-10 21:15:00,55276.51,55461.48,55240.11,55398.96,3,395524
2021-10-10 21:20:00,55398.97,55416.13,55306.82,55306.82,2,395525
2021-10-10 21:25:00,55307.57,55359.79,55253.37,55255.77,2,395526
2021-10-10 21:30:00,55255.77,55299.16,55222.0,55279.33,2,395527
2021-10-10 21:35:00,55279.32,55302.76,55162.9,55181.93,2,395528
2021-10-10 21:40:00,55181.94,55229.28,55142.85,55188.99,2,395529
2021-10-10 21:45:00,55189.0,55229.18,55148.99,55153.67,2,395530
2021-10-10 21:50:00,55153.66,55235.54,55111.01,55223.12,2,395531
2021-10-10 21:55:00,55223.12,55225.13,55122.13,55122.13,2,395532
2021-10-10 22:00:00,55121.86,55130.78,55003.46,55003.47,1,395533
2021-10-10 22:05:00,55003.48,55110.99,54980.01,55069.99,0,395534
2021-10-10 22:10:00,55070.0,55192.1,55060.65,55155.67,0,395535
2021-10-10 22:15:00,55155.66,55218.39,55051.0,55082.67,0,395536
2021-10-10 22:20:00,55081.47,55178.86,55057.41,55133.44,0,395537
2021-10-10 22:25:00,55133.43,55187.14,55102.25,55176.56,0,395538
2021-10-10 22:30:00,55176.55,55249.52,55138.67,55225.0,0,395539
2021-10-10 22:35:00,55225.01,55268.83,55215.81,55252.97,0,395540
2021-10-10 22:40:00,55252.97,55450.0,55239.73,55355.89,0,395541
2021-10-10 22:45:00,55355.89,55551.38,55304.26,55357.48,0,395542
2021-10-10 22:50:00,55357.48,55412.28,55326.57,55398.49,0,395543
2021-10-10 22:55:00,55398.49,55545.0,55350.0,55373.01,0,395544
2021-10-10 23:00:00,55370.28,55446.66,55325.44,55329.54,0,395545
2021-10-10 23:05:00,55329.53,55353.02,55243.81,55304.74,0,395546
2021-10-10 23:10:00,55304.73,55421.99,55275.73,55342.66,0,395547
2021-10-10 23:15:00,55342.67,55366.54,55250.01,55252.69,0,395548
2021-10-10 23:20:00,55252.69,55274.98,55200.01,55228.12,0,395549
2021-10-10 23:25:00,55228.13,55241.71,55158.39,55201.5,0,395550
2021-10-10 23:30:00,55201.49,55259.17,55171.12,55222.78,0,395551
2021-10-10 23:35:00,55222.79,55311.11,55192.08,55280.18,0,395552
2021-10-10 23:40:00,55280.18,55440.0,55269.85,55432.44,0,395553
2021-10-10 23:45:00,55432.45,55450.0,55374.21,55397.17,0,395554
2021-10-10 23:50:00,55397.17,55434.0,55304.03,55359.44,0,395555
2021-10-10 23:55:00,55359.43,55482.9,55350.03,55471.07,0,395556
2021-10-11 00:00:00,55471.07,55485.0,55203.3,55217.68,0,395557
2021-10-11 00:05:00,55222.43,55258.0,55132.7,55192.73,0,395558
2021-10-11 00:10:00,55192.73,55199.27,55070.09,55139.85,0,395559
2021-10-11 00:15:00,55139.86,55149.99,55013.17,55043.83,0,395560
2021-10-11 00:20:00,55043.84,55110.36,55027.07,55062.33,0,395561
2021-10-11 00:25:00,55060.64,55194.94,55050.01,55111.15,0,395562
2021-10-11 00:30:00,55111.15,55173.26,55000.0,55123.16,0,395563
2021-10-11 00:35:00,55123.16,55248.84,55094.86,55226.2,0,395564
2021-10-11 00:40:00,55226.19,55280.16,55200.66,55216.42,0,395565
2021-10-11 00:45:00,55213.21,55312.1,55203.72,55297.55,0,395566
2021-10-11 00:50:00,55297.55,55337.1,55248.04,55312.52,0,395567
2021-10-11 00:55:00,55312.52,55346.95,55282.43,55339.28,0,395568
2021-10-11 01:00:00,55339.28,55348.91,55179.42,55214.27,0,395569
2021-10-11 01:05:00,55214.27,55393.56,55202.22,55265.38,0,395570
2021-10-11 01:10:00,55265.38,55276.91,55012.0,55116.7,0,395571
2021-10-11 01:15:00,55116.71,55314.48,55104.88,55236.62,0,395572
2021-10-11 01:20:00,55236.61,55272.89,55122.93,55151.06,0,395573
2021-10-11 01:25:00,55151.06,55205.67,55101.0,55171.18,0,395574
2021-10-11 01:30:00,55173.97,55347.58,55166.95,55275.91,0,395575
2021-10-11 01:35:00,55275.92,55314.03,55256.63,55265.13,0,395576
2021-10-11 01:40:00,55264.34,55286.42,55137.87,55184.14,0,395577
2021-10-11 01:45:00,55184.89,55284.37,55165.01,55260.98,0,395578
2021-10-11 01:50:00,55261.0,55286.34,55202.04,55210.72,0,395579
2021-10-11 01:55:00,55210.73,55324.0,55201.77,55312.65,0,395580
2021-10-11 02:00:00,55312.65,55384.61,55278.82,55316.47,0,395581
2021-10-11 02:05:00,55316.46,55425.55,55264.0,55266.24,0,395582
2021-10-11 02:10:00,55266.25,55340.43,55213.28,55316.62,0,395583
2021-10-11 02:15:00,55316.61,55379.74,55224.52,55246.61,0,395584
2021-10-11 02:20:00,55246.61,55293.74,55225.92,55276.3,0,395585
2021-10-11 02:25:00,55276.29,55399.41,55276.29,55388.05,0,395586
2021-10-11 02:30:00,55388.05,55469.99,55360.1,55418.3,0,395587
2021-10-11 02:35:00,55418.3,55523.36,55404.47,55475.23,0,395588
2021-10-11 02:40:00,55475.23,55499.14,55383.04,55422.97,0,395589
2021-10-11 02:45:00,55421.43,55452.62,55337.46,55433.77,0,395590
2021-10-11 02:50:00,55433.77,55487.79,55346.7,55350.81,0,395591
2021-10-11 02:55:00,55350.81,55516.6,55344.71,55450.25,0,395592
2021-10-11 03:00:00,55450.25,55510.0,55402.75,55428.57,0,395593
2021-10-11 03:05:00,55425.56,55535.01,55420.46,55513.65,0,395594
2021-10-11 03:10:00,55513.65,55900.25,55495.18,55872.97,0,395595
2021-10-11 03:15:00,55872.97,56000.0,55806.04,55900.01,0,395596
2021-10-11 03:20:00,55900.01,56070.0,55890.0,56007.83,0,395597
2021-10-11 03:25:00,56007.83,56561.31,56000.56,56263.13,3,395598
2021-10-11 03:30:00,56263.12,56391.28,55645.57,55785.37,2,395599
2021-10-11 03:35:00,55785.37,55792.41,55222.0,55531.46,2,395600
2021-10-11 03:40:00,55531.47,55662.68,55485.0,55495.88,2,395601
2021-10-11 03:45:00,55495.88,55595.66,55340.26,55397.5,2,395602
2021-10-11 03:50:00,55396.51,55446.46,55209.94,55388.51,2,395603
2021-10-11 03:55:00,55392.78,55470.0,55325.49,55429.8,2,395604
2021-10-11 04:00:00,55429.8,55442.88,54800.0,54814.47,1,395605
2021-10-11 04:05:00,54814.46,55071.9,54800.0,55005.53,0,395606
2021-10-11 04:10:00,55005.53,55045.99,54792.0,54794.85,0,395607
2021-10-11 04:15:00,54794.85,54799.64,54400.0,54630.02,0,395608
2021-10-11 04:20:00,54630.02,54776.0,54550.0,54688.29,0,395609
2021-10-11 04:25:00,54688.29,54850.67,54629.71,54729.0,0,395610
2021-10-11 04:30:00,54721.88,54920.0,54715.59,54909.39,0,395611
2021-10-11 04:35:00,54909.39,54936.21,54907.77,54922.54,3,395612
2021-10-11 04:40:00,54915.23,54970.0,54754.89,54854.57,2,395613
2021-10-11 04:45:00,54862.7,54987.53,54843.1,54907.77,2,395614
2021-10-11 04:50:00,54907.77,54918.81,54818.8,54864.01,2,395615
2021-10-11 04:55:00,54864.01,54889.29,54792.0,54801.07,2,395616
2021-10-11 05:00:00,54801.07,54871.14,54726.49,54824.99,2,395617
2021-10-11 05:05:00,54822.05,54832.4,54600.0,54719.43,2,395618
2021-10-11 05:10:00,54715.84,54799.06,54688.0,54783.97,2,395619
2021-10-11 05:15:00,54783.96,54788.61,54680.98,54720.42,2,395620
2021-10-11 05:20:00,54720.9,54875.51,54701.38,54834.62,2,395621
2021-10-11 05:25:00,54834.62,54867.66,54700.0,54761.99,2,395622
2021-10-11 05:30:00,54761.99,54765.21,54665.15,54716.23,2,395623
2021-10-11 05:35:00,54712.71,54730.41,54600.0,54627.42,1,395624
2021-10-11 05:40:00,54627.42,54806.19,54566.02,54725.06,0,395625
2021-10-11 05:45:00,54725.06,54860.81,54676.11,54824.52,0,395626
2021-10-11 05:50:00,54826.42,54973.74,54812.11,54939.89,3,395627
2021-10-11 05:55:00,54939.9,54939.9,54848.94,54913.45,2,395628
2021-10-11 06:00:00,54913.45,54945.24,54848.28,54864.91,2,395629
2021-10-11 06:05:00,54860.52,54879.5,54789.33,54794.91,2,395630
2021-10-11 06:10:00,54794.91,54870.89,54787.42,54809.06,2,395631
2021-10-11 06:15:00,54809.06,54899.65,54792.19,54845.67,2,395632
2021-10-11 06:20:00,54845.67,54941.22,54800.34,54915.63,2,395633
2021-10-11 06:25:00,54915.63,54915.63,54792.72,54821.64,2,395634
2021-10-11 06:30:00,54821.64,54821.64,54710.0,54714.5,2,395635
2021-10-11 06:35:00,54714.51,54729.99,54578.46,54665.9,2,395636
2021-10-11 06:40:00,54663.16,54665.29,54484.68,54636.61,2,395637
2021-10-11 06:45:00,54636.61,54709.0,54523.02,54535.14,1,395638
2021-10-11 06:50:00,54535.14,54781.89,54333.85,54597.19,0,395639
2021-10-11 06:55:00,54598.42,54805.9,54597.19,54659.0,0,395640
2021-10-11 07:00:00,54659.01,54699.99,54415.06,54561.93,0,395641
2021-10-11 07:05:00,54561.94,54873.25,54561.93,54848.23,0,395642
2021-10-11 07:10:00,54848.23,54919.51,54694.34,54700.03,0,395643
2021-10-11 07:15:00,54700.03,54800.25,54600.0,54606.8,0,395644
2021-10-11 07:20:00,54608.34,54655.42,54543.86,54553.61,0,395645
2021-10-11 07:25:00,54553.62,54727.28,54524.87,54716.01,0,395646
2021-10-11 07:30:00,54716.01,54901.0,54695.37,54872.28,0,395647
2021-10-11 07:35:00,54872.28,54948.32,54828.34,54936.9,0,395648
2021-10-11 07:40:00,54936.89,54950.0,54877.59,54946.57,0,395649
2021-10-11 07:45:00,54946.57,54979.5,54874.09,54911.67,0,395650
2021-10-11 07:50:00,54907.4,55113.8,54895.0,55097.22,0,395651
2021-10-11 07:55:00,55097.23,55180.0,55078.64,55159.93,0,395652
2021-10-11 08:00:00,55159.93,55165.07,55066.69,55118.25,0,395653
2021-10-11 08:05:00,55118.25,55371.99,55109.29,55359.79,0,395654
2021-10-11 08:10:00,55359.79,55462.67,55292.35,55436.52,0,395655
2021-10-11 08:15:00,55436.52,55482.58,55318.49,55353.53,0,395656
2021-10-11 08:20:00,55353.53,55524.78,55304.57,55468.7,0,395657
2021-10-11 08:25:00,55468.7,55637.67,55444.91,55513.32,0,395658
2021-10-11 08:30:00,55513.32,55546.29,55462.04,55468.17,0,395659
2021-10-11 08:35:00,55468.17,55535.0,55439.69,55451.91,0,395660
2021-10-11 08:40:00,55451.9,55497.42,55412.71,55497.41,0,395661
2021-10-11 08:45:00,55497.42,55535.0,55437.49,55442.01,0,395662
2021-10-11 08:50:00,55442.01,55461.52,55385.37,55412.26,0,395663
2021-10-11 08:55:00,55412.26,55457.46,55313.91,55334.02,0,395664
2021-10-11 09:00:00,55334.01,55420.4,55325.12,55411.98,0,395665
2021-10-11 09:05:00,55411.99,55465.09,55361.32,55431.23,0,395666
2021-10-11 09:10:00,55431.24,55449.86,55327.61,55364.53,0,395667
2021-10-11 09:15:00,55364.54,55385.08,55278.0,55340.42,0,395668
2021-10-11 09:20:00,55340.43,55434.99,55327.72,55411.15,0,395669
2021-10-11 09:25:00,55411.16,55429.05,55368.75,55372.44,0,395670
2021-10-11 09:30:00,55372.43,55443.96,55361.21,55435.79,0,395671
2021-10-11 09:35:00,55435.79,55476.22,55380.8,55475.64,0,395672
2021-10-11 09:40:00,55475.63,55498.54,55450.14,55486.84,0,395673
2021-10-11 09:45:00,55486.83,55498.6,55456.25,55498.59,0,395674
2021-10-11 09:50:00,55498.6,55688.0,55498.59,55635.15,0,395675
2021-10-11 09:55:00,55635.15,55800.0,55627.82,55799.99,0,395676
2021-10-11 10:00:00,55799.99,56000.0,55766.05,55788.49,0,395677
2021-10-11 10:05:00,55788.5,55859.36,55666.93,55684.98,0,395678
2021-10-11 10:10:00,55684.98,55792.0,55660.0,55739.72,0,395679
2021-10-11 10:15:00,55739.73,55909.38,55726.8,55838.87,0,395680
2021-10-11 10:20:00,55838.88,56036.29,55833.31,55991.49,0,395681
2021-10-11 10:25:00,55991.49,56159.94,55914.36,56114.99,0,395682
2021-10-11 10:30:00,56114.99,56324.65,56084.09,56248.76,0,395683
2021-10-11 10:35:00,56248.75,56500.0,56142.85,56405.66,0,395684
2021-10-11 10:40:00,56405.66,56510.66,56289.19,56398.13,0,395685
2021-10-11 10:45:00,56398.14,56474.99,56333.0,56464.67,0,395686
2021-10-11 10:50:00,56464.68,56750.0,56265.25,56334.11,0,395687
2021-10-11 10:55:00,56334.11,56532.97,56256.21,56507.09,0,395688
2021-10-11 11:00:00,56505.05,56577.98,56344.22,56380.0,0,395689
2021-10-11 11:05:00,56380.0,56582.99,56355.92,56573.17,0,395690
2021-10-11 11:10:00,56570.79,56670.0,56454.99,56534.12,0,395691
2021-10-11 11:15:00,56534.12,56619.48,56483.0,56597.12,0,395692
2021-10-11 11:20:00,56597.12,56724.04,56578.32,56648.68,0,395693
2021-10-11 11:25:00,56648.68,56652.15,56565.95,56606.61,0,395694
2021-10-11 11:30:00,56606.61,56677.96,56540.0,56650.63,0,395695
2021-10-11 11:35:00,56650.63,56658.95,56534.57,56564.22,0,395696
2021-10-11 11:40:00,56564.21,56580.0,56501.01,56520.0,0,395697
2021-10-11 11:45:00,56520.0,56544.69,56380.84,56425.79,0,395698
2021-10-11 11:50:00,56425.0,56466.83,56341.87,56395.57,0,395699
2021-10-11 11:55:00,56395.56,56477.36,56395.55,56460.0,0,395700
2021-10-11 12:00:00,56460.0,56589.44,56459.99,56579.48,3,395701
2021-10-11 12:05:00,56579.48,56586.33,56433.29,56434.96,2,395702
2021-10-11 12:10:00,56434.96,56453.25,56406.07,56419.0,2,395703
2021-10-11 12:15:00,56418.99,56470.76,56366.01,56399.99,2,395704
2021-10-11 12:20:00,56400.0,56500.0,56354.0,56360.87,2,395705
2021-10-11 12:25:00,56360.88,56373.51,56305.17,56349.05,2,395706
2021-10-11 12:30:00,56349.04,56404.91,56349.04,56387.45,2,395707
2021-10-11 12:35:00,56387.44,56455.1,56142.85,56191.0,1,395708
2021-10-11 12:40:00,56191.0,56348.98,56190.99,56342.81,0,395709
2021-10-11 12:45:00,56342.81,56388.0,56290.07,56350.02,0,395710
2021-10-11 12:50:00,56350.02,56529.99,56343.59,56528.99,0,395711
2021-10-11 12:55:00,56529.0,56550.0,56500.0,56528.93,0,395712
2021-10-11 13:00:00,56528.88,56647.35,56527.04,56576.81,0,395713
2021-10-11 13:05:00,56576.8,56605.0,56555.43,56580.4,0,395714
2021-10-11 13:10:00,56580.39,56776.51,56543.58,56630.55,0,395715
2021-10-11 13:15:00,56630.56,56658.39,56564.87,56620.86,0,395716
2021-10-11 13:20:00,56620.86,56626.54,56500.0,56508.17,0,395717
2021-10-11 13:25:00,56508.18,56561.38,56464.92,56541.16,0,395718
2021-10-11 13:30:00,56541.16,56706.95,56528.53,56664.52,0,395719
2021-10-11 13:35:00,56664.52,56680.87,56614.61,56644.14,0,395720
2021-10-11 13:40:00,56644.13,56684.23,56630.0,56680.99,0,395721
2021-10-11 13:45:00,56681.0,56698.03,56607.55,56619.93,0,395722
2021-10-11 13:50:00,56617.74,56628.0,56579.3,56606.26,0,395723
2021-10-11 13:55:00,56606.26,56700.0,56590.0,56678.63,0,395724
2021-10-11 14:00:00,56678.63,56950.0,56660.0,56850.36,0,395725
2021-10-11 14:05:00,56850.37,56861.28,56690.3,56804.92,0,395726
2021-10-11 14:10:00,56804.92,56835.31,56756.73,56775.01,0,395727
2021-10-11 14:15:00,56775.01,56816.67,56560.0,56603.44,0,395728
2021-10-11 14:20:00,56603.44,56654.49,56600.01,56640.23,0,395729
2021-10-11 14:25:00,56640.23,56750.0,56633.79,56677.72,0,395730
2021-10-11 14:30:00,56677.73,56950.0,56674.39,56949.99,3,395731
2021-10-11 14:35:00,56950.0,57049.0,56782.6,56812.6,2,395732
2021-10-11 14:40:00,56812.6,56872.88,56728.23,56734.41,2,395733
2021-10-11 14:45:00,56734.41,56766.1,56605.15,56712.0,2,395734
2021-10-11 14:50:00,56709.28,56799.0,56700.0,56765.71,2,395735
2021-10-11 14:55:00,56765.7,56807.44,56742.81,56789.76,2,395736
2021-10-11 15:00:00,56789.76,56879.95,56784.64,56828.23,2,395737
2021-10-11 15:05:00,56828.23,56859.36,56615.71,56654.4,2,395738
2021-10-11 15:10:00,56654.4,56744.77,56612.13,56667.98,2,395739
2021-10-11 15:15:00,56667.98,56738.74,56428.57,56485.63,2,395740
2021-10-11 15:20:00,56485.63,56518.11,56375.01,56390.0,2,395741
2021-10-11 15:25:00,56390.0,56446.65,56308.66,56381.03,1,395742
2021-10-11 15:30:00,56381.03,56598.96,56381.02,56598.96,0,395743
2021-10-11 15:35:00,56598.95,56621.49,56462.65,56505.99,0,395744
2021-10-11 15:40:00,56505.99,56506.03,56397.9,56416.29,0,395745
2021-10-11 15:45:00,56416.29,56447.51,56392.5,56400.97,0,395746
2021-10-11 15:50:00,56400.97,56598.77,56346.7,56570.53,0,395747
2021-10-11 15:55:00,56570.54,56598.36,56506.2,56555.0,0,395748
2021-10-11 16:00:00,56555.0,56634.77,56529.27,56603.45,0,395749
2021-10-11 16:05:00,56603.45,56719.8,56594.38,56648.84,3,395750
2021-10-11 16:10:00,56648.84,56665.0,56585.88,56609.13,2,395751
2021-10-11 16:15:00,56609.13,56748.0,56599.99,56607.56,2,395752
2021-10-11 16:20:00,56607.56,56611.85,56517.07,56555.0,2,395753
2021-10-11 16:25:00,56555.0,56600.0,56516.24,56565.91,2,395754
2021-10-11 16:30:00,56565.9,56568.49,56449.74,56465.18,2,395755
2021-10-11 16:35:00,56465.18,56639.32,56460.71,56582.71,2,395756
2021-10-11 16:40:00,56582.72,56627.36,56499.75,56532.17,2,395757
2021-10-11 16:45:00,56532.16,56604.33,56456.41,56595.11,2,395758
2021-10-11 16:50:00,56595.12,56634.89,56394.99,56455.57,2,395759
2021-10-11 16:55:00,56455.58,56522.06,56447.1,56491.79,2,395760
2021-10-11 17:00:00,56491.79,56551.84,56366.77,56462.43,2,395761
2021-10-11 17:05:00,56462.43,56466.85,56390.96,56407.97,2,395762
2021-10-11 17:10:00,56407.97,56465.61,56401.79,56428.77,2,395763
2021-10-11 17:15:00,56428.76,56508.72,56428.76,56500.76,2,395764
2021-10-11 17:20:00,56500.75,56507.88,56407.46,56414.63,2,395765
2021-10-11 17:25:00,56414.63,56527.75,56400.01,56504.45,2,395766
2021-10-11 17:30:00,56504.44,56545.28,56407.87,56407.88,2,395767
2021-10-11 17:35:00,56407.87,56499.91,56400.0,56425.99,2,395768
2021-10-11 17:40:00,56425.99,56453.7,56351.74,56367.76,2,395769
2021-10-11 17:45:00,56367.77,56518.34,56337.99,56403.51,2,395770
2021-10-11 17:50:00,56403.52,56443.46,56392.13,56392.13,2,395771
2021-10-11 17:55:00,56392.14,56396.0,56172.04,56177.65,2,395772
2021-10-11 18:00:00,56177.65,56326.23,56150.0,56301.08,2,395773
2021-10-11 18:05:00,56301.08,56301.08,56000.0,56114.54,2,395774
2021-10-11 18:10:00,56114.54,56140.0,55862.78,56038.58,1,395775
2021-10-11 18:15:00,56038.59,56200.0,56025.02,56150.02,0,395776
2021-10-11 18:20:00,56150.02,56238.37,56150.02,56231.86,0,395777
2021-10-11 18:25:00,56231.86,56264.75,56166.65,56181.42,0,395778
2021-10-11 18:30:00,56181.41,56487.17,56145.02,56417.58,0,395779
2021-10-11 18:35:00,56417.59,56607.06,56400.01,56573.25,0,395780
2021-10-11 18:40:00,56573.25,56657.14,56520.19,56582.15,3,395781
2021-10-11 18:45:00,56581.39,56583.92,56452.42,56455.0,2,395782
2021-10-11 18:50:00,56455.0,56498.08,56415.33,56425.86,2,395783
2021-10-11 18:55:00,56425.87,56463.18,56400.0,56407.51,2,395784
2021-10-11 19:00:00,56406.68,56514.96,56371.13,56478.26,2,395785
2021-10-11 19:05:00,56478.27,56503.01,56328.48,56336.32,2,395786
2021-10-11 19:10:00,56336.31,56338.28,56163.57,56246.88,2,395787
2021-10-11 19:15:00,56246.87,56297.86,56092.33,56186.62,1,395788
2021-10-11 19:20:00,56186.62,56450.4,56168.18,56384.46,0,395789
2021-10-11 19:25:00,56384.45,56391.2,56287.45,56344.49,0,395790
2021-10-11 19:30:00,56344.5,56419.0,56300.99,56416.09,0,395791
2021-10-11 19:35:00,56416.09,56515.02,56400.0,56486.97,0,395792
2021-10-11 19:40:00,56486.97,56499.75,56436.31,56453.36,0,395793
2021-10-11 19:45:00,56453.37,56466.0,56340.34,56365.45,0,395794
2021-10-11 19:50:00,56365.45,56533.56,56358.83,56514.49,0,395795
2021-10-11 19:55:00,56514.49,56547.0,56448.42,56462.83,0,395796
2021-10-11 20:00:00,56462.83,56608.83,56462.82,56570.94,0,395797
2021-10-11 20:05:00,56570.93,56656.19,56503.3,56628.94,0,395798
2021-10-11 20:10:00,56628.94,56713.71,56582.0,56708.86,0,395799
2021-10-11 20:15:00,56708.86,56800.12,56647.17,56771.69,0,395800
2021-10-11 20:20:00,56771.7,56839.0,56710.0,56744.91,0,395801
2021-10-11 20:25:00,56744.92,57000.0,56710.0,56988.55,0,395802
2021-10-11 20:30:00,56988.55,57037.24,56833.02,56887.08,0,395803
2021-10-11 20:35:00,56887.08,57249.0,56830.01,57197.17,0,395804
2021-10-11 20:40:00,57197.17,57381.28,57111.61,57269.99,0,395805
2021-10-11 20:45:00,57270.0,57341.27,57150.0,57280.62,0,395806
2021-10-11 20:50:00,57280.62,57429.01,57265.71,57306.0,0,395807
2021-10-11 20:55:00,57301.17,57359.0,57180.0,57222.78,0,395808
2021-10-11 21:00:00,57222.79,57333.0,57006.34,57093.0,0,395809
2021-10-11 21:05:00,57093.0,57213.9,57055.75,57069.55,0,395810
2021-10-11 21:10:00,57069.55,57247.41,57063.84,57213.07,0,395811
2021-10-11 21:15:00,57213.07,57375.97,57213.07,57301.33,0,395812
2021-10-11 21:20:00,57301.32,57476.6,57266.67,57288.63,0,395813
2021-10-11 21:25:00,57288.62,57395.45,57185.01,57392.8,0,395814
2021-10-11 21:30:00,57392.81,57651.69,57301.52,57651.69,3,395815
2021-10-11 21:35:00,57651.7,57678.0,57478.69,57500.0,2,395816
2021-10-11 21:40:00,57500.0,57559.6,57405.89,57483.3,2,395817
2021-10-11 21:45:00,57480.0,57600.0,57429.0,57524.53,2,395818
2021-10-11 21:50:00,57524.54,57550.0,57409.24,57493.01,2,395819
2021-10-11 21:55:00,57493.01,57522.54,57375.0,57447.99,2,395820
2021-10-11 22:00:00,57447.99,57501.0,57342.78,57500.99,2,395821
2021-10-11 22:05:00,57501.0,57540.0,57346.93,57406.82,2,395822
2021-10-11 22:10:00,57406.82,57428.2,57290.0,57335.02,2,395823
2021-10-11 22:15:00,57335.02,57335.03,57215.37,57310.01,2,395824
2021-10-11 22:20:00,57310.0,57338.16,57201.01,57286.98,1,395825
2021-10-11 22:25:00,57286.97,57416.87,57280.01,57409.38,0,395826
2021-10-11 22:30:00,57411.13,57486.51,57371.1,57458.38,0,395827
2021-10-11 22:35:00,57458.38,57510.54,57324.29,57325.82,0,395828
2021-10-11 22:40:00,57325.82,57549.69,57325.81,57530.83,0,395829
2021-10-11 22:45:00,57530.84,57536.47,57450.01,57509.66,0,395830
2021-10-11 22:50:00,57509.66,57550.0,57464.04,57533.45,0,395831
2021-10-11 22:55:00,57533.45,57597.98,57464.0,57490.18,0,395832
2021-10-11 23:00:00,57490.17,57580.39,57400.2,57435.01,0,395833
2021-10-11 23:05:00,57435.0,57530.0,57360.01,57468.04,0,395834
2021-10-11 23:10:00,57468.04,57663.27,57451.01,57603.61,3,395835
2021-10-11 23:15:00,57603.61,57768.36,57354.27,57400.01,2,395836
2021-10-11 23:20:00,57400.01,57498.51,57310.94,57485.0,2,395837
2021-10-11 23:25:00,57484.99,57518.0,57357.54,57475.36,2,395838
2021-10-11 23:30:00,57475.37,57493.13,57362.3,57449.82,2,395839
2021-10-11 23:35:00,57449.82,57485.37,57291.4,57298.84,2,395840
2021-10-11 23:40:00,57298.84,57355.2,57232.14,57331.51,2,395841
2021-10-11 23:45:00,57333.65,57389.83,57250.0,57255.25,2,395842
2021-10-11 23:50:00,57255.25,57308.96,57232.13,57261.73,2,395843
2021-10-11 23:55:00,57261.72,57366.9,57250.04,57280.0,2,395844
2021-10-12 00:00:00,57280.0,57299.87,57168.67,57252.92,1,395845
2021-10-12 00:05:00,57256.83,57366.0,57252.92,57344.85,0,395846
2021-10-12 00:10:00,57344.84,57483.05,57344.84,57446.99,0,395847
2021-10-12 00:15:00,57446.99,57562.73,57446.23,57491.59,0,395848
2021-10-12 00:20:00,57491.58,57496.88,57387.0,57465.84,0,395849
2021-10-12 00:25:00,57465.84,57529.4,57408.68,57442.11,0,395850
2021-10-12 00:30:00,57442.11,57454.31,57367.18,57420.18,0,395851
2021-10-12 00:35:00,57420.17,57447.9,57328.82,57369.02,0,395852
2021-10-12 00:40:00,57369.02,57442.19,57350.0,57423.53,0,395853
2021-10-12 00:45:00,57423.53,57451.58,57310.34,57313.69,0,395854
2021-10-12 00:50:00,57313.69,57382.28,57259.17,57357.23,0,395855
2021-10-12 00:55:00,57360.99,57434.62,57358.51,57418.99,0,395856
2021-10-12 01:00:00,57418.99,57566.99,57326.02,57559.44,3,395857
2021-10-12 01:05:00,57559.45,57572.74,57380.98,57400.31,2,395858
2021-10-12 01:10:00,57400.3,57434.54,57301.32,57434.53,2,395859
2021-10-12 01:15:00,57434.54,57519.99,57434.53,57469.05,2,395860
2021-10-12 01:20:00,57469.04,57487.29,57201.0,57415.07,2,395861
2021-10-12 01:25:00,57415.07,57485.02,57376.34,57480.01,2,395862
2021-10-12 01:30:00,57480.02,57485.01,57376.81,57408.08,2,395863
2021-10-12 01:35:00,57408.09,57422.64,57329.97,57348.35,2,395864
2021-10-12 01:40:00,57348.34,57376.99,57300.0,57318.4,1,395865
2021-10-12 01:45:00,57318.41,57379.99,57315.71,57325.15,0,395866
2021-10-12 01:50:00,57325.15,57450.0,57315.0,57433.46,0,395867
2021-10-12 01:55:00,57433.46,57448.99,57342.53,57343.26,0,395868
2021-10-12 02:00:00,57343.26,57481.0,57332.15,57430.31,0,395869
2021-10-12 02:05:00,57430.31,57516.74,57425.16,57455.16,0,395870
2021-10-12 02:10:00,57455.15,57500.0,57435.65,57499.96,0,395871
2021-10-12 02:15:00,57499.97,57583.08,57480.51,57536.27,0,395872
2021-10-12 02:20:00,57536.26,57628.0,57531.07,57605.25,0,395873
2021-10-12 02:25:00,57605.26,57653.3,57566.4,57577.06,0,395874
2021-10-12 02:30:00,57577.07,57777.81,57576.84,57681.92,0,395875
2021-10-12 02:35:00,57681.93,57695.8,57526.07,57693.05,0,395876
2021-10-12 02:40:00,57693.06,57760.0,57625.54,57721.02,3,395877
2021-10-12 02:45:00,57721.03,57839.04,57602.05,57627.96,2,395878
2021-10-12 02:50:00,57627.99,57693.51,57516.1,57542.84,2,395879
2021-10-12 02:55:00,57542.84,57600.0,57456.43,57488.33,2,395880
2021-10-12 03:00:00,57488.33,57506.84,57100.67,57145.54,2,395881
2021-10-12 03:05:00,57145.54,57353.76,57102.1,57102.1,2,395882
2021-10-12 03:10:00,57102.11,57212.77,56800.0,56961.37,1,395883
2021-10-12 03:15:00,56963.92,57272.98,56900.0,57155.53,0,395884
2021-10-12 03:20:00,57155.53,57273.83,57033.26,57270.86,0,395885
2021-10-12 03:25:00,57270.86,57312.6,57110.53,57312.6,0,395886
2021-10-12 03:30:00,57312.59,57424.98,57271.01,57355.09,0,395887
2021-10-12 03:35:00,57355.09,57355.1,57181.13,57256.02,0,395888
2021-10-12 03:40:00,57256.01,57438.66,57251.0,57426.57,3,395889
2021-10-12 03:45:00,57426.58,57451.81,57329.47,57370.91,2,395890
2021-10-12 03:50:00,57370.92,57468.1,57320.21,57326.55,2,395891
2021-10-12 03:55:00,57326.55,57413.83,57294.05,57327.03,2,395892
2021-10-12 04:00:00,57327.03,57400.0,57119.79,57144.17,2,395893
2021-10-12 04:05:00,57143.76,57262.65,57100.0,57256.11,2,395894
2021-10-12 04:10:00,57255.57,57257.34,57072.71,57098.07,2,395895
2021-10-12 04:15:00,57097.63,57147.0,57000.0,57085.27,1,395896
2021-10-12 04:20:00,57085.27,57109.22,57056.15,57094.19,0,395897
2021-10-12 04:25:00,57094.18,57147.9,57046.15,57147.89,0,395898
2021-10-12 04:30:00,57135.96,57251.76,57135.96,57231.48,0,395899
2021-10-12 04:35:00,57231.49,57239.79,57157.13,57187.61,0,395900
2021-10-12 04:40:00,57187.6,57310.32,57170.39,57300.99,0,395901
2021-10-12 04:45:00,57300.99,57334.48,57250.0,57284.6,0,395902
2021-10-12 04:50:00,57284.59,57284.59,57210.0,57210.0,0,395903
2021-10-12 04:55:00,57210.0,57210.01,56999.53,57156.54,0,395904
2021-10-12 05:00:00,57156.54,57196.45,57051.6,57085.0,0,395905
2021-10-12 05:05:00,57085.0,57224.99,57069.43,57189.85,0,395906
2021-10-12 05:10:00,57189.85,57259.36,57172.84,57246.78,0,395907
2021-10-12 05:15:00,57246.77,57246.78,57125.22,57138.42,0,395908
2021-10-12 05:20:00,57138.41,57149.99,57089.0,57129.42,0,395909
2021-10-12 05:25:00,57129.43,57240.63,57129.42,57223.43,0,395910
2021-10-12 05:30:00,57223.42,57282.38,57151.3,57170.31,0,395911
2021-10-12 05:35:00,57170.32,57240.14,57140.8,57222.18,0,395912
2021-10-12 05:40:00,57222.18,57317.28,57216.84,57289.05,0,395913
2021-10-12 05:45:00,57289.05,57320.37,57204.84,57211.53,0,395914
2021-10-12 05:50:00,57211.52,57288.0,57172.3,57240.35,0,395915
2021-10-12 05:55:00,57240.35,57240.35,57161.99,57170.4,0,395916
2021-10-12 06:00:00,57170.4,57205.71,57075.0,57205.08,0,395917
2021-10-12 06:05:00,57205.08,57220.0,57100.69,57125.68,0,395918
2021-10-12 06:10:00,57125.68,57194.71,57096.0,57185.15,0,395919
2021-10-12 06:15:00,57185.14,57284.61,57140.24,57227.77,0,395920
2021-10-12 06:20:00,57227.77,57244.88,57132.35,57178.05,0,395921
2021-10-12 06:25:00,57178.04,57336.86,57154.97,57300.0,0,395922
2021-10-12 06:30:00,57300.0,57306.39,57150.0,57208.37,0,395923
2021-10-12 06:35:00,57208.37,57251.99,57132.84,57155.0,0,395924
2021-10-12 06:40:00,57155.01,57235.4,57134.95,57235.4,0,395925
2021-10-12 06:45:00,57235.4,57318.49,57181.48,57307.26,0,395926
2021-10-12 06:50:00,57307.27,57437.09,57307.26,57403.47,0,395927
2021-10-12 06:55:00,57403.48,57500.0,57354.56,57471.35,3,395928
2021-10-12 07:00:00,57471.35,57471.35,57251.4,57252.65,2,395929
2021-10-12 07:05:00,57252.65,57295.44,57062.58,57086.88,2,395930
2021-10-12 07:10:00,57086.89,57134.07,56860.0,56880.61,2,395931
2021-10-12 07:15:00,56880.62,56970.75,56812.53,56934.47,2,395932
2021-10-12 07:20:00,56934.47,57025.37,56833.28,57007.28,2,395933
2021-10-12 07:25:00,57007.27,57031.08,56900.0,56930.62,2,395934
2021-10-12 07:30:00,56930.63,56930.63,56665.3,56746.99,1,395935
2021-10-12 07:35:00,56747.0,56869.53,56588.0,56853.06,0,395936
2021-10-12 07:40:00,56853.07,56860.22,56750.0,56760.87,0,395937
2021-10-12 07:45:00,56760.88,57002.9,56750.01,56844.37,0,395938
2021-10-12 07:50:00,56844.37,56900.0,56744.22,56879.96,0,395939
2021-10-12 07:55:00,56879.96,56966.94,56827.58,56941.7,0,395940
2021-10-12 08:00:00,56941.7,56998.88,56838.64,56847.61,0,395941
2021-10-12 08:05:00,56847.62,56863.0,56759.69,56845.34,0,395942
2021-10-12 08:10:00,56845.35,56855.2,56723.62,56810.62,0,395943
2021-10-12 08:15:00,56810.61,56959.0,56796.48,56944.02,0,395944
2021-10-12 08:20:00,56944.02,57035.09,56919.45,56980.17,0,395945
2021-10-12 08:25:00,56980.16,57069.38,56967.52,57030.87,0,395946
2021-10-12 08:30:00,57030.86,57074.95,56923.46,57062.27,0,395947
2021-10-12 08:35:00,57062.28,57113.31,57010.36,57097.49,0,395948
2021-10-12 08:40:00,57097.49,57117.5,57052.0,57114.98,0,395949
2021-10-12 08:45:00,57115.83,57127.91,57002.36,57092.81,0,395950
2021-10-12 08:50:00,57092.81,57142.52,57061.63,57120.0,3,395951
2021-10-12 08:55:00,57120.0,57129.99,57032.38,57064.14,2,395952
2021-10-12 09:00:00,57064.14,57103.35,56962.12,56982.1,2,395953
2021-10-12 09:05:00,56982.09,56989.86,56835.0,56942.97,2,395954
2021-10-12 09:10:00,56942.97,57042.8,56942.97,57028.99,2,395955
2021-10-12 09:15:00,57028.99,57160.0,56950.0,57094.87,2,395956
2021-10-12 09:20:00,57094.87,57094.87,56950.48,56956.88,2,395957
2021-10-12 09:25:00,56956.87,57007.68,56905.0,56935.85,2,395958
2021-10-12 09:30:00,56935.86,57049.87,56919.71,57027.38,2,395959
2021-10-12 09:35:00,57027.39,57027.39,56959.31,57000.57,2,395960
2021-10-12 09:40:00,57000.58,57090.0,56880.0,56913.59,2,395961
2021-10-12 09:45:00,56913.59,56922.31,56747.08,56799.99,2,395962
2021-10-12 09:50:00,56799.99,56837.36,56675.18,56699.99,2,395963
2021-10-12 09:55:00,56700.0,56770.0,56640.68,56770.0,2,395964
2021-10-12 10:00:00,56769.99,56780.0,56621.45,56675.18,2,395965
2021-10-12 10:05:00,56675.19,56692.45,56460.0,56494.21,2,395966
2021-10-12 10:10:00,56494.21,56540.0,56400.0,56453.81,1,395967
2021-10-12 10:15:00,56453.81,56613.29,56449.59,56596.37,0,395968
2021-10-12 10:20:00,56596.37,56654.34,56502.51,56654.34,0,395969
2021-10-12 10:25:00,56654.35,56746.66,56636.49,56659.01,0,395970
2021-10-12 10:30:00,56659.0,56682.42,56586.01,56679.6,0,395971
2021-10-12 10:35:00,56679.59,56748.28,56659.35,56734.99,0,395972
2021-10-12 10:40:00,56734.99,56761.38,56673.26,56686.76,0,395973
2021-10-12 10:45:00,56686.76,56716.67,56627.21,56715.0,0,395974
2021-10-12 10:50:00,56715.0,56741.31,56697.43,56699.17,0,395975
2021-10-12 10:55:00,56699.17,56714.99,56592.86,56711.35,0,395976
2021-10-12 11:00:00,56711.36,56750.0,56558.0,56750.0,0,395977
2021-10-12 11:05:00,56749.99,56857.14,56724.87,56857.13,0,395978
2021-10-12 11:10:00,56857.13,56888.88,56805.0,56882.65,0,395979
2021-10-12 11:15:00,56882.66,56980.0,56785.68,56898.58,0,395980
2021-10-12 11:20:00,56898.57,56905.0,56869.24,56885.34,0,395981
2021-10-12 11:25:00,56885.33,56885.33,56842.24,56856.18,0,395982
2021-10-12 11:30:00,56856.18,56887.08,56820.0,56884.66,0,395983
2021-10-12 11:35:00,56884.66,56989.54,56884.66,56978.51,0,395984
2021-10-12 11:40:00,56978.51,57050.68,56957.0,57041.08,3,395985
2021-10-12 11:45:00,57041.08,57041.09,56921.27,56950.01,2,395986
2021-10-12 11:50:00,56949.81,56985.54,56917.02,56937.0,2,395987
2021-10-12 11:55:00,56936.99,56993.3,56916.98,56967.06,2,395988
2021-10-12 12:00:00,56967.07,57103.21,56887.52,56914.01,2,395989
2021-10-12 12:05:00,56914.0,56931.11,56867.68,56867.71,2,395990
2021-10-12 12:10:00,56867.7,56900.0,56830.2,56862.98,2,395991
2021-10-12 12:15:00,56862.99,56931.04,56728.83,56797.39,2,395992
2021-10-12 12:20:00,56797.38,56845.0,56787.27,56833.29,2,395993
2021-10-12 12:25:00,56833.28,56835.15,56717.01,56726.71,2,395994
2021-10-12 12:30:00,56726.72,56733.79,56598.01,56634.39,1,395995
2021-10-12 12:35:00,56634.39,56730.89,56588.05,56709.95,0,395996
2021-10-12 12:40:00,56709.94,56851.01,56667.21,56828.87,0,395997
2021-10-12 12:45:00,56828.87,57247.59,56819.4,57227.65,0,395998
2021-10-12 12:50:00,57227.66,57680.0,57110.64,57488.27,0,395999
2021-10-12 12:55:00,57488.27,57548.0,57340.0,57410.99,0,396000
2021-10-12 13:00:00,57411.0,57499.0,57307.08,57425.27,0,396001
2021-10-12 13:05:00,57425.27,57623.05,57417.99,57578.54,0,396002
2021-10-12 13:10:00,57578.54,57639.54,57545.99,57572.91,0,396003
2021-10-12 13:15:00,57572.91,57645.55,57480.0,57610.55,3,396004
2021-10-12 13:20:00,57610.55,57610.56,57491.11,57509.21,2,396005
2021-10-12 13:25:00,57509.22,57581.01,57469.75,57553.83,2,396006
2021-10-12 13:30:00,57553.84,57558.48,57453.59,57463.5,2,396007
2021-10-12 13:35:00,57463.49,57515.94,57311.54,57383.99,2,396008
2021-10-12 13:40:00,57383.99,57439.3,57350.0,57356.38,2,396009
2021-10-12 13:45:00,57356.37,57386.26,57050.0,57126.32,1,396010
2021-10-12 13:50:00,57126.32,57262.97,57126.32,57214.2,0,396011
2021-10-12 13:55:00,57214.21,57269.17,57152.09,57200.0,0,396012
2021-10-12 14:00:00,57199.99,57368.42,57194.32,57217.28,0,396013
2021-10-12 14:05:00,57217.27,57339.95,57144.66,57300.01,0,396014
2021-10-12 14:10:00,57300.01,57412.63,57285.54,57388.21,0,396015
2021-10-12 14:15:00,57388.2,57448.0,57312.22,57426.47,0,396016
2021-10-12 14:20:00,57426.47,57426.48,57288.88,57319.19,0,396017
2021-10-12 14:25:00,57319.19,57418.8,57311.21,57380.23,0,396018
2021-10-12 14:30:00,57380.24,57445.94,57356.29,57417.28,0,396019
2021-10-12 14:35:00,57417.28,57450.0,57340.02,57420.83,0,396020
2021-10-12 14:40:00,57420.82,57420.83,57220.32,57319.21,0,396021
2021-10-12 14:45:00,57319.21,57428.31,57208.34,57420.0,0,396022
2021-10-12 14:50:00,57420.0,57442.91,57250.0,57255.12,0,396023
2021-10-12 14:55:00,57255.12,57389.82,57248.59,57342.79,0,396024
2021-10-12 15:00:00,57342.79,57392.82,57246.14,57263.7,0,396025
2021-10-12 15:05:00,57263.7,57392.8,57243.99,57382.01,0,396026
2021-10-12 15:10:00,57382.01,57470.0,57364.92,57444.04,0,396027
2021-10-12 15:15:00,57444.04,57500.0,57431.0,57491.99,0,396028
2021-10-12 15:20:00,57491.99,57599.0,57470.2,57578.57,3,396029
2021-10-12 15:25:00,57578.56,57618.99,57375.69,57496.26,2,396030
2021-10-12 15:30:00,57496.27,57538.85,57320.36,57381.41,2,396031
2021-10-12 15:35:00,57381.41,57454.85,57302.47,57454.17,2,396032
2021-10-12 15:40:00,57454.16,57468.98,57402.19,57445.37,2,396033
2021-10-12 15:45:00,57445.36,57536.3,57439.04,57454.47,2,396034
2021-10-12 15:50:00,57454.48,57549.86,57400.0,57520.1,2,396035
2021-10-12 15:55:00,57520.1,57536.41,57406.06,57463.42,2,396036
2021-10-12 16:00:00,57463.42,57508.63,57434.42,57447.91,2,396037
2021-10-12 16:05:00,57447.9,57462.31,57300.0,57315.07,2,396038
2021-10-12 16:10:00,57315.07,57362.29,57268.67,57344.87,2,396039
2021-10-12 16:15:00,57344.88,57365.64,57201.01,57245.01,2,396040
2021-10-12 16:20:00,57245.01,57245.01,57100.23,57170.19,2,396041
2021-10-12 16:25:00,57170.19,57230.15,57165.62,57207.97,2,396042
2021-10-12 16:30:00,57207.98,57300.0,57100.03,57299.97,2,396043
2021-10-12 16:35:00,57299.98,57334.26,57203.26,57224.32,2,396044
2021-10-12 16:40:00,57224.33,57287.28,57156.44,57163.99,2,396045
2021-10-12 16:45:00,57163.99,57249.31,57066.73,57110.26,2,396046
2021-10-12 16:50:00,57110.26,57142.0,57020.05,57051.09,2,396047
2021-10-12 16:55:00,57051.09,57079.95,56763.93,56941.61,2,396048
2021-10-12 17:00:00,56942.66,56974.94,56701.0,56855.26,2,396049
2021-10-12 17:05:00,56855.26,56893.0,56769.31,56772.9,2,396050
2021-10-12 17:10:00,56772.9,56938.76,56750.01,56780.01,2,396051
2021-10-12 17:15:00,56780.01,56894.96,56680.0,56750.01,1,396052
2021-10-12 17:20:00,56750.0,56978.05,56723.63,56950.0,0,396053
2021-10-12 17:25:00,56950.0,56960.29,56854.0,56954.89,0,396054
2021-10-12 17:30:00,56954.9,57228.81,56935.01,57176.38,0,396055
2021-10-12 17:35:00,57180.14,57250.0,57093.31,57146.67,0,396056
2021-10-12 17:40:00,57146.67,57172.03,57097.54,57124.82,0,396057
2021-10-12 17:45:00,57124.82,57124.83,56963.62,56968.97,0,396058
2021-10-12 17:50:00,56964.81,57080.0,56951.86,57047.01,0,396059
2021-10-12 17:55:00,57047.01,57216.2,57047.01,57179.0,0,396060
2021-10-12 18:00:00,57179.0,57230.0,57092.16,57097.22,0,396061
2021-10-12 18:05:00,57097.21,57212.73,57090.27,57200.0,0,396062
2021-10-12 18:10:00,57200.01,57202.47,57105.6,57120.0,0,396063
2021-10-12 18:15:00,57120.0,57135.32,57052.86,57084.11,0,396064
2021-10-12 18:20:00,57084.11,57135.31,57037.51,57130.26,0,396065
2021-10-12 18:25:00,57130.25,57233.26,57130.25,57189.67,0,396066
2021-10-12 18:30:00,57189.67,57365.08,57184.3,57358.37,3,396067
2021-10-12 18:35:00,57358.37,57383.01,57261.32,57294.33,2,396068
2021-10-12 18:40:00,57294.33,57332.58,57251.35,57297.01,2,396069
2021-10-12 18:45:00,57297.02,57365.05,57200.0,57237.24,2,396070
2021-10-12 18:50:00,57237.24,57321.28,57220.0,57230.92,2,396071
2021-10-12 18:55:00,57230.92,57258.98,57160.0,57240.14,2,396072
2021-10-12 19:00:00,57240.14,57296.92,57060.45,57093.13,2,396073
2021-10-12 19:05:00,57093.13,57123.87,56967.58,57113.24,2,396074
2021-10-12 19:10:00,57113.23,57157.79,56990.01,57042.39,2,396075
2021-10-12 19:15:00,57042.39,57163.69,57042.39,57160.75,2,396076
2021-10-12 19:20:00,57160.76,57168.01,57003.07,57025.36,2,396077
2021-10-12 19:25:00,57025.0,57025.01,56809.11,56866.63,1,396078
2021-10-12 19:30:00,56866.62,57049.92,56841.02,57049.91,0,396079
2021-10-12 19:35:00,57049.92,57055.0,56860.51,56887.74,0,396080
2021-10-12 19:40:00,56887.74,56942.97,56777.0,56935.44,0,396081
2021-10-12 19:45:00,56931.4,56986.09,56851.08,56913.0,0,396082
2021-10-12 19:50:00,56909.0,56909.0,56795.87,56840.05,0,396083
2021-10-12 19:55:00,56840.06,56926.8,56788.53,56884.27,0,396084
2021-10-12 20:00:00,56884.27,57112.54,56881.03,57050.02,0,396085
2021-10-12 20:05:00,57050.02,57244.81,57013.27,57240.0,0,396086
2021-10-12 20:10:00,57240.0,57240.0,57130.02,57154.36,0,396087
2021-10-12 20:15:00,57154.36,57230.0,57093.34,57172.52,0,396088
2021-10-12 20:20:00,57172.53,57450.0,57105.54,57280.16,0,396089
2021-10-12 20:25:00,57280.15,57323.38,57200.0,57246.2,0,396090
2021-10-12 20:30:00,57246.19,57380.95,57100.81,57366.11,3,396091
2021-10-12 20:35:00,57366.11,57450.0,57271.27,57325.77,2,396092
2021-10-12 20:40:00,57325.76,57380.43,57192.14,57223.46,2,396093
2021-10-12 20:45:00,57223.45,57223.45,56850.99,57021.59,2,396094
2021-10-12 20:50:00,57021.58,57254.04,57006.03,57100.17,2,396095
2021-10-12 20:55:00,57100.17,57145.47,56940.0,56948.69,2,396096
2021-10-12 21:00:00,56948.7,57140.31,56883.0,57054.0,2,396097
2021-10-12 21:05:00,57053.99,57111.07,56897.76,56967.91,2,396098
2021-10-12 21:10:00,56967.91,56972.53,56850.0,56881.06,2,396099
2021-10-12 21:15:00,56881.06,57100.0,56794.13,56952.96,2,396100
2021-10-12 21:20:00,56952.95,57116.45,56914.56,57018.63,2,396101
2021-10-12 21:25:00,57018.63,57026.07,56828.59,56988.99,2,396102
2021-10-12 21:30:00,56988.98,57008.89,56855.0,56864.37,2,396103
2021-10-12 21:35:00,56864.36,56927.38,56817.25,56888.02,2,396104
2021-10-12 21:40:00,56888.02,56931.6,56686.0,56692.05,2,396105
2021-10-12 21:45:00,56692.05,56775.8,56512.19,56775.74,2,396106
2021-10-12 21:50:00,56775.73,56825.0,56601.69,56672.92,2,396107
2021-10-12 21:55:00,56672.92,56686.61,56091.2,56397.9,2,396108
2021-10-12 22:00:00,56397.9,56536.86,56010.0,56162.08,1,396109
2021-10-12 22:05:00,56162.08,56363.0,56135.93,56363.0,0,396110
2021-10-12 22:10:00,56363.0,56514.13,56363.0,56415.33,0,396111
2021-10-12 22:15:00,56415.33,56634.18,56410.74,56530.76,3,396112
2021-10-12 22:20:00,56530.76,56595.84,56431.98,56489.59,2,396113
2021-10-12 22:25:00,56489.58,56529.69,56300.47,56373.87,2,396114
2021-10-12 22:30:00,56373.87,56434.21,56288.7,56415.74,2,396115
2021-10-12 22:35:00,56415.75,56500.0,56360.67,56450.2,2,396116
2021-10-12 22:40:00,56450.2,56508.8,56400.0,56427.64,2,396117
2021-10-12 22:45:00,56427.64,56464.65,56228.75,56243.44,2,396118
2021-10-12 22:50:00,56243.45,56309.68,56200.0,56250.37,2,396119
2021-10-12 22:55:00,56250.36,56328.16,56221.44,56303.2,2,396120
2021-10-12 23:00:00,56300.66,56317.04,56145.33,56283.51,2,396121
2021-10-12 23:05:00,56283.51,56376.74,56040.0,56087.73,2,396122
2021-10-12 23:10:00,56087.73,56168.4,55946.4,55983.64,1,396123
2021-10-12 23:15:00,55983.64,56207.99,55953.5,56206.32,3,396124
2021-10-12 23:20:00,56206.32,56261.42,56135.01,56169.98,2,396125
2021-10-12 23:25:00,56169.98,56199.46,55920.74,56103.48,2,396126
2021-10-12 23:30:00,56107.35,56147.37,56010.74,56025.0,2,396127
2021-10-12 23:35:00,56025.01,56072.5,55745.32,55901.0,2,396128
2021-10-12 23:40:00,55901.01,55999.0,55823.0,55915.55,2,396129
2021-10-12 23:45:00,55915.54,56027.22,55823.6,56023.26,2,396130
2021-10-12 23:50:00,56023.25,56027.35,55845.48,55982.11,2,396131
2021-10-12 23:55:00,55980.18,56063.49,55867.09,55901.23,2,396132
2021-10-13 00:00:00,55900.59,55964.53,55759.92,55860.19,2,396133
2021-10-13 00:05:00,55860.19,55896.2,55582.0,55691.71,2,396134
2021-10-13 00:10:00,55691.7,55785.82,55654.91,55656.64,2,396135
2021-10-13 00:15:00,55656.63,55819.9,55650.0,55790.11,2,396136
2021-10-13 00:20:00,55790.04,55855.23,55693.15,55710.24,2,396137
2021-10-13 00:25:00,55710.24,55780.9,55600.33,55616.31,1,396138
2021-10-13 00:30:00,55611.37,55837.41,55523.25,55750.0,0,396139
2021-10-13 00:35:00,55750.0,55794.44,55619.99,55780.07,0,396140
2021-10-13 00:40:00,55780.07,55844.78,55717.32,55802.47,0,396141
2021-10-13 00:45:00,55802.48,55970.0,55801.54,55887.18,0,396142
2021-10-13 00:50:00,55887.18,56064.91,55873.55,56006.01,3,396143
2021-10-13 00:55:00,56006.0,56006.0,55870.24,55913.35,2,396144
2021-10-13 01:00:00,55913.36,56009.7,55897.15,55897.18,2,396145
2021-10-13 01:05:00,55897.17,55926.52,55790.85,55884.99,2,396146
2021-10-13 01:10:00,55885.0,55925.0,55791.72,55856.05,2,396147
2021-10-13 01:15:00,55856.05,55870.3,55769.19,55786.66,2,396148
2021-10-13 01:20:00,55786.67,55854.98,55783.51,55847.01,2,396149
2021-10-13 01:25:00,55847.0,55847.01,55726.05,55759.53,2,396150
2021-10-13 01:30:00,55759.53,55782.71,55700.0,55710.15,2,396151
2021-10-13 01:35:00,55710.16,55772.51,55651.0,55694.53,2,396152
2021-10-13 01:40:00,55694.54,55719.14,55634.52,55660.43,2,396153
2021-10-13 01:45:00,55660.42,55685.31,55606.93,55650.0,2,396154
2021-10-13 01:50:00,55650.0,55695.81,55556.33,55605.42,2,396155
2021-10-13 01:55:00,55605.43,55681.98,55568.0,55575.27,2,396156
2021-10-13 02:00:00,55575.28,55615.99,55502.79,55552.35,1,396157
2021-10-13 02:05:00,55552.35,55731.71,55552.35,55728.14,0,396158
2021-10-13 02:10:00,55728.13,55777.76,55623.86,55660.74,0,396159
2021-10-13 02:15:00,55660.74,55740.57,55627.31,55740.56,0,396160
2021-10-13 02:20:00,55737.02,55889.53,55713.46,55795.52,0,396161
2021-10-13 02:25:00,55795.52,55806.33,55713.97,55720.92,0,396162
2021-10-13 02:30:00,55720.92,55798.5,55717.51,55753.33,0,396163
2021-10-13 02:35:00,55753.33,55813.0,55745.24,55801.46,3,396164
2021-10-13 02:40:00,55801.47,55865.21,55710.0,55714.1,2,396165
2021-10-13 02:45:00,55713.98,55720.37,55578.29,55609.94,2,396166
2021-10-13 02:50:00,55609.95,55620.0,55352.04,55399.49,2,396167
2021-10-13 02:55:00,55399.49,55478.17,55154.72,55329.78,2,396168
2021-10-13 03:00:00,55329.78,55330.0,55022.84,55145.94,2,396169
2021-10-13 03:05:00,55145.95,55145.95,53879.0,54720.65,1,396170
2021-10-13 03:10:00,54720.66,54933.96,54522.7,54782.0,0,396171
2021-10-13 03:15:00,54782.0,55023.0,54599.93,55003.02,0,396172
2021-10-13 03:20:00,55011.21,55163.05,54962.0,55105.49,0,396173
2021-10-13 03:25:00,55105.48,55454.55,55035.39,55434.0,0,396174
2021-10-13 03:30:00,55434.01,55571.42,55318.3,55341.72,0,396175
2021-10-13 03:35:00,55341.59,55493.72,55334.53,55482.77,0,396176
2021-10-13 03:40:00,55482.77,55600.0,55436.1,55491.47,0,396177
2021-10-13 03:45:00,55494.59,55571.96,55447.22,55464.16,0,396178
2021-10-13 03:50:00,55464.15,55502.27,55360.36,55400.01,0,396179
2021-10-13 03:55:00,55400.01,55439.07,55321.69,55361.08,0,396180
2021-10-13 04:00:00,55361.08,55402.66,55096.42,55116.43,0,396181
2021-10-13 04:05:00,55116.43,55319.04,55116.42,55277.18,0,396182
2021-10-13 04:10:00,55276.93,55498.99,55251.0,55454.02,0,396183
2021-10-13 04:15:00,55454.03,55501.0,55450.02,55497.1,0,396184
2021-10-13 04:20:00,55497.11,55668.19,55450.0,55656.2,0,396185
2021-10-13 04:25:00,55656.2,55777.0,55612.79,55698.71,0,396186
2021-10-13 04:30:00,55698.71,55777.39,55660.25,55777.38,0,396187
2021-10-13 04:35:00,55777.38,55777.39,55692.1,55759.99,0,396188
2021-10-13 04:40:00,55760.0,55774.57,55740.02,55760.95,0,396189
2021-10-13 04:45:00,55760.95,56072.01,55700.6,56036.52,0,396190
2021-10-13 04:50:00,56036.51,56085.0,55879.37,55891.98,0,396191
2021-10-13 04:55:00,55891.99,56093.88,55828.03,56074.08,0,396192
2021-10-13 05:00:00,56074.09,56236.75,56070.83,56140.35,0,396193
2021-10-13 05:05:00,56140.36,56226.24,56094.77,56168.03,0,396194
2021-10-13 05:10:00,56168.02,56172.45,56030.0,56080.53,0,396195
2021-10-13 05:15:00,56080.53,56283.37,56044.34,56250.0,0,396196
2021-10-13 05:20:00,56249.99,56264.43,56180.0,56245.02,0,396197
2021-10-13 05:25:00,56245.02,56298.99,56200.0,56220.61,0,396198
2021-10-13 05:30:00,56220.6,56400.0,56157.61,56283.54,0,396199
2021-10-13 05:35:00,56283.53,56347.69,56250.0,56302.3,0,396200
2021-10-13 05:40:00,56302.29,56348.49,56241.41,56344.83,0,396201
2021-10-13 05:45:00,56344.83,56344.83,56250.0,56282.94,0,396202
2021-10-13 05:50:00,56282.94,56316.01,56201.98,56302.71,0,396203
2021-10-13 05:55:00,56302.71,56420.0,56250.03,56392.95,0,396204
2021-10-13 06:00:00,56392.95,56548.99,56360.0,56468.9,3,396205
2021-10-13 06:05:00,56468.9,56520.58,56409.0,56449.68,2,396206
2021-10-13 06:10:00,56449.68,56491.4,56347.71,56372.88,2,396207
2021-10-13 06:15:00,56372.88,56372.88,56268.8,56269.98,2,396208
2021-10-13 06:20:00,56269.98,56291.59,56243.48,56253.01,2,396209
2021-10-13 06:25:00,56253.02,56300.0,56233.44,56254.16,2,396210
2021-10-13 06:30:00,56254.16,56259.76,56202.05,56241.74,2,396211
2021-10-13 06:35:00,56246.99,56346.76,56218.28,56224.55,2,396212
2021-10-13 06:40:00,56224.54,56254.42,56200.25,56204.0,2,396213
2021-10-13 06:45:00,56204.01,56261.82,56201.95,56243.12,2,396214
2021-10-13 06:50:00,56243.13,56264.23,56033.26,56047.92,2,396215
2021-10-13 06:55:00,56047.93,56106.87,55938.6,55996.93,2,396216
2021-10-13 07:00:00,55996.91,56190.97,55900.01,55901.78,1,396217
2021-10-13 07:05:00,55909.52,56236.57,55825.9,56227.42,0,396218
2021-10-13 07:10:00,56227.42,56300.0,56164.97,56191.77,0,396219
2021-10-13 07:15:00,56191.77,56270.05,56049.99,56096.04,0,396220
2021-10-13 07:20:00,56096.03,56190.01,56068.31,56162.74,0,396221
2021-10-13 07:25:00,56160.0,56253.14,56135.0,56226.64,0,396222
2021-10-13 07:30:00,56226.64,56331.62,56200.0,56326.92,0,396223
2021-10-13 07:35:00,56326.92,56383.0,56265.29,56382.99,0,396224
2021-10-13 07:40:00,56383.0,56471.37,56370.48,56456.01,0,396225
2021-10-13 07:45:00,56456.01,56480.4,56401.68,56478.74,3,396226
2021-10-13 07:50:00,56478.75,56520.0,56392.4,56392.43,2,396227
2021-10-13 07:55:00,56392.43,56459.82,56376.75,56459.81,2,396228
2021-10-13 08:00:00,56459.82,56599.99,56339.46,56387.05,2,396229
2021-10-13 08:05:00,56387.04,56450.33,56302.53,56366.23,2,396230
2021-10-13 08:10:00,56366.23,56370.46,56290.5,56329.98,2,396231
2021-10-13 08:15:00,56329.98,56388.65,56296.96,56388.65,2,396232
2021-10-13 08:20:00,56388.66,56406.42,56268.43,56297.64,2,396233
2021-10-13 08:25:00,56297.63,56317.61,56229.78,56282.32,2,396234
2021-10-13 08:30:00,56282.32,56297.7,56247.88,56274.1,2,396235
2021-10-13 08:35:00,56274.11,56385.35,56252.69,56376.0,2,396236
2021-10-13 08:40:00,56375.99,56388.97,56284.01,56284.02,2,396237
2021-10-13 08:45:00,56284.02,56312.4,56240.51,56300.0,2,396238
2021-10-13 08:50:00,56299.99,56302.21,56155.66,56164.41,1,396239
2021-10-13 08:55:00,56164.4,56285.59,56164.4,56285.19,0,396240
2021-10-13 09:00:00,56285.19,56327.03,56159.09,56241.25,0,396241
2021-10-13 09:05:00,56241.24,56319.74,56232.71,56236.01,0,396242
2021-10-13 09:10:00,56236.0,56278.06,56230.37,56271.65,0,396243
2021-10-13 09:15:00,56271.66,56329.79,56247.97,56272.4,0,396244
2021-10-13 09:20:00,56272.39,56298.54,56219.99,56251.61,0,396245
2021-10-13 09:25:00,56251.61,56270.6,56209.07,56232.12,0,396246
2021-10-13 09:30:00,56232.11,56261.37,56222.84,56252.78,0,396247
2021-10-13 09:35:00,56252.78,56297.77,56240.91,56295.0,0,396248
2021-10-13 09:40:00,56295.0,56337.99,56209.94,56256.87,0,396249
2021-10-13 09:45:00,56256.87,56315.0,56241.57,56297.1,0,396250
2021-10-13 09:50:00,56297.1,56371.05,56265.96,56344.66,0,396251
2021-10-13 09:55:00,56344.65,56440.66,56330.81,56422.36,3,396252
2021-10-13 10:00:00,56422.35,56469.99,56292.02,56342.88,2,396253
2021-10-13 10:05:00,56344.75,56382.4,56290.31,56345.81,2,396254
2021-10-13 10:10:00,56345.81,56371.06,56312.92,56365.99,2,396255
2021-10-13 10:15:00,56365.99,56384.59,56324.87,56336.9,2,396256
2021-10-13 10:20:00,56336.9,56342.35,56235.88,56275.45,2,396257
2021-10-13 10:25:00,56275.45,56380.0,56256.15,56368.5,2,396258
2021-10-13 10:30:00,56368.49,56393.21,56294.38,56310.0,2,396259
2021-10-13 10:35:00,56309.99,56360.96,56295.03,56320.44,2,396260
2021-10-13 10:40:00,56317.55,56325.96,56277.49,56306.81,2,396261
2021-10-13 10:45:00,56306.81,56333.22,56290.01,56293.64,2,396262
2021-10-13 10:50:00,56293.65,56312.5,56280.0,56285.96,2,396263
2021-10-13 10:55:00,56285.97,56311.0,56251.07,56277.78,2,396264
2021-10-13 11:00:00,56277.79,56284.89,56212.85,56228.5,2,396265
2021-10-13 11:05:00,56228.5,56298.42,56228.5,56278.68,2,396266
2021-10-13 11:10:00,56278.69,56359.86,56278.69,56342.99,2,396267
2021-10-13 11:15:00,56342.99,56365.0,56330.92,56352.49,2,396268
2021-10-13 11:20:00,56352.49,56360.03,56298.52,56304.53,2,396269
2021-10-13 11:25:00,56304.52,56326.8,56230.0,56238.28,2,396270
2021-10-13 11:30:00,56238.28,56238.28,56125.0,56146.04,2,396271
2021-10-13 11:35:00,56146.04,56158.53,56075.01,56099.27,2,396272
2021-10-13 11:40:00,56099.27,56220.0,56073.92,56168.24,2,396273
2021-10-13 11:45:00,56168.24,56187.19,56104.21,56186.0,2,396274
2021-10-13 11:50:00,56186.0,56222.0,56170.19,56221.99,2,396275
2021-10-13 11:55:00,56222.0,56222.0,56018.45,56078.11,2,396276
2021-10-13 12:00:00,56078.12,56116.34,56043.16,56060.92,2,396277
2021-10-13 12:05:00,56064.79,56127.11,56059.8,56120.0,2,396278
2021-10-13 12:10:00,56120.0,56120.5,56017.71,56069.29,2,396279
2021-10-13 12:15:00,56069.29,56154.78,56029.97,56117.93,2,396280
2021-10-13 12:20:00,56117.93,56225.8,56000.0,56091.28,2,396281
2021-10-13 12:25:00,56091.28,56120.11,55972.85,55972.85,2,396282
2021-10-13 12:30:00,55972.85,55990.49,55566.0,55583.18,2,396283
2021-10-13 12:35:00,55583.22,55771.85,55429.96,55440.52,2,396284
2021-10-13 12:40:00,55440.53,55618.92,55315.9,55317.2,2,396285
2021-10-13 12:45:00,55317.21,55549.46,55312.0,55438.79,2,396286
2021-10-13 12:50:00,55438.8,55476.44,55120.41,55349.1,2,396287
2021-10-13 12:55:00,55349.11,55421.66,54972.59,55011.85,1,396288
2021-10-13 13:00:00,55011.72,55459.02,54770.13,55371.0,0,396289
2021-10-13 13:05:00,55371.0,55485.0,55239.25,55283.48,0,396290
2021-10-13 13:10:00,55283.48,55344.44,55187.86,55244.95,0,396291
2021-10-13 13:15:00,55244.96,55324.19,55199.95,55295.91,0,396292
2021-10-13 13:20:00,55298.55,55516.84,55283.4,55439.01,0,396293
2021-10-13 13:25:00,55439.01,55519.99,55416.49,55519.95,0,396294
2021-10-13 13:30:00,55519.95,55519.95,55325.45,55388.72,0,396295
2021-10-13 13:35:00,55388.73,55415.58,55362.0,55365.61,0,396296
2021-10-13 13:40:00,55365.61,55413.1,55188.21,55189.99,0,396297
2021-10-13 13:45:00,55190.0,55274.83,55134.0,55142.23,0,396298
2021-10-13 13:50:00,55142.23,55181.9,55100.0,55173.15,0,396299
2021-10-13 13:55:00,55173.15,55410.16,55173.15,55358.28,0,396300
2021-10-13 14:00:00,55358.28,55470.11,55338.99,55459.59,3,396301
2021-10-13 14:05:00,55459.59,55475.0,55358.17,55389.89,2,396302
2021-10-13 14:10:00,55389.9,55393.37,55178.51,55178.52,2,396303
2021-10-13 14:15:00,55178.52,55254.63,55131.2,55239.02,2,396304
2021-10-13 14:20:00,55239.02,55259.75,54900.01,54933.91,2,396305
2021-10-13 14:25:00,54933.92,55049.08,54907.44,54910.35,2,396306
2021-10-13 14:30:00,54910.35,54965.71,54664.07,54748.77,2,396307
2021-10-13 14:35:00,54748.77,54829.59,54607.96,54663.99,2,396308
2021-10-13 14:40:00,54663.99,54845.23,54562.34,54726.04,2,396309
2021-10-13 14:45:00,54726.04,54844.23,54698.8,54782.94,2,396310
2021-10-13 14:50:00,54782.95,54881.13,54633.67,54651.04,2,396311
2021-10-13 14:55:00,54651.03,54814.42,54599.98,54612.61,2,396312
2021-10-13 15:00:00,54612.6,54860.99,54464.21,54546.33,1,396313
2021-10-13 15:05:00,54546.33,54875.0,54457.0,54853.97,0,396314
2021-10-13 15:10:00,54853.98,54958.44,54724.9,54790.2,0,396315
2021-10-13 15:15:00,54790.2,55183.67,54755.05,55121.15,0,396316
2021-10-13 15:20:00,55121.15,55208.3,55071.3,55200.76,3,396317
2021-10-13 15:25:00,55200.76,55295.7,55100.01,55168.73,2,396318
2021-10-13 15:30:00,55168.73,55218.3,55006.99,55078.4,2,396319
2021-10-13 15:35:00,55078.41,55123.96,54890.56,54898.35,2,396320
2021-10-13 15:40:00,54898.35,54956.14,54823.62,54906.78,2,396321
2021-10-13 15:45:00,54906.78,55010.14,54852.57,54905.58,2,396322
2021-10-13 15:50:00,54905.58,54905.58,54677.46,54739.07,2,396323
2021-10-13 15:55:00,54739.08,54754.93,54555.55,54616.64,2,396324
2021-10-13 16:00:00,54616.63,54727.73,54536.01,54550.0,2,396325
2021-10-13 16:05:00,54554.69,54578.37,54167.19,54360.64,1,396326
2021-10-13 16:10:00,54358.91,54515.18,54339.41,54367.43,0,396327
2021-10-13 16:15:00,54367.43,54657.42,54331.36,54588.42,0,396328
2021-10-13 16:20:00,54583.33,54719.33,54527.1,54702.92,0,396329
2021-10-13 16:25:00,54702.91,54711.0,54608.4,54672.86,0,396330
2021-10-13 16:30:00,54672.86,54835.99,54600.01,54789.3,0,396331
2021-10-13 16:35:00,54789.29,54813.11,54738.42,54786.55,0,396332
2021-10-13 16:40:00,54786.56,54786.56,54577.14,54577.14,0,396333
2021-10-13 16:45:00,54575.87,54824.9,54571.43,54819.92,0,396334
2021-10-13 16:50:00,54819.91,54850.0,54687.69,54715.12,0,396335
2021-10-13 16:55:00,54715.11,54950.0,54715.11,54890.22,0,396336
2021-10-13 17:00:00,54885.45,54949.99,54835.59,54931.17,0,396337
2021-10-13 17:05:00,54931.18,54997.0,54893.0,54957.66,0,396338
2021-10-13 17:10:00,54957.65,54957.65,54838.43,54849.99,0,396339
2021-10-13 17:15:00,54850.0,54947.58,54843.17,54947.56,0,396340
2021-10-13 17:20:00,54947.57,54957.61,54894.89,54938.0,0,396341
2021-10-13 17:25:00,54936.58,55006.35,54924.32,55005.86,0,396342
2021-10-13 17:30:00,55005.86,55155.67,54967.58,55141.08,0,396343
2021-10-13 17:35:00,55141.07,55141.08,54943.24,54948.0,0,396344
2021-10-13 17:40:00,54948.0,54948.01,54750.0,54806.99,0,396345
2021-10-13 17:45:00,54807.0,54870.43,54583.0,54613.93,0,396346
2021-10-13 17:50:00,54614.96,54645.86,54438.24,54452.11,0,396347
2021-10-13 17:55:00,54452.12,54660.8,54400.1,54657.87,0,396348
2021-10-13 18:00:00,54657.87,54808.96,54531.51,54557.25,0,396349
2021-10-13 18:05:00,54557.25,54794.06,54480.0,54712.39,0,396350
2021-10-13 18:10:00,54712.4,54790.33,54655.64,54790.32,0,396351
2021-10-13 18:15:00,54790.33,54865.89,54644.54,54727.87,0,396352
2021-10-13 18:20:00,54728.0,54778.55,54587.56,54625.38,0,396353
2021-10-13 18:25:00,54625.37,54810.78,54571.75,54800.33,0,396354
2021-10-13 18:30:00,54800.32,54873.02,54783.72,54829.67,0,396355
2021-10-13 18:35:00,54829.66,55195.0,54829.66,55181.98,0,396356
2021-10-13 18:40:00,55192.61,55221.71,55054.7,55108.98,0,396357
2021-10-13 18:45:00,55108.99,55112.99,55005.8,55025.96,0,396358
2021-10-13 18:50:00,55025.96,55231.94,55018.4,55188.82,0,396359
2021-10-13 18:55:00,55188.83,55210.79,55130.01,55210.79,0,396360
2021-10-13 19:00:00,55210.8,55276.73,55114.95,55232.73,0,396361
2021-10-13 19:05:00,55232.72,55340.08,55208.03,55323.07,3,396362
2021-10-13 19:10:00,55323.06,55323.07,55180.0,55180.01,2,396363
2021-10-13 19:15:00,55180.0,55229.13,55047.52,55140.43,2,396364
2021-10-13 19:20:00,55140.43,55140.44,54929.0,55113.69,2,396365
2021-10-13 19:25:00,55113.69,55158.95,55041.66,55076.46,2,396366
2021-10-13 19:30:00,55076.47,55217.01,55064.8,55124.24,2,396367
2021-10-13 19:35:00,55124.24,55189.8,55065.62,55100.0,2,396368
2021-10-13 19:40:00,55100.0,55100.0,54912.21,54920.0,2,396369
2021-10-13 19:45:00,54920.01,55035.0,54840.87,54857.87,1,396370
2021-10-13 19:50:00,54859.11,54977.46,54851.49,54971.64,0,396371
2021-10-13 19:55:00,54971.65,55092.31,54956.0,55056.5,0,396372
2021-10-13 20:00:00,55056.49,55172.0,54986.15,55090.88,0,396373
2021-10-13 20:05:00,55090.87,55141.89,55083.97,55107.1,0,396374
2021-10-13 20:10:00,55107.1,55162.13,55025.96,55140.87,0,396375
2021-10-13 20:15:00,55140.87,55230.29,55129.89,55192.15,3,396376
2021-10-13 20:20:00,55192.17,55198.92,54977.25,55099.98,2,396377
2021-10-13 20:25:00,55099.98,55169.14,55066.6,55082.85,2,396378
2021-10-13 20:30:00,55082.84,55200.0,54997.34,55067.41,2,396379
2021-10-13 20:35:00,55068.69,55162.3,55068.69,55155.39,2,396380
2021-10-13 20:40:00,55155.39,55210.0,55040.0,55160.39,2,396381
2021-10-13 20:45:00,55160.39,55189.0,54914.99,54974.21,2,396382
2021-10-13 20:50:00,54974.21,54993.5,54830.51,54842.94,2,396383
2021-10-13 20:55:00,54842.94,54927.0,54800.0,54898.53,2,396384
2021-10-13 21:00:00,54898.53,54898.53,54521.74,54666.31,1,396385
2021-10-13 21:05:00,54666.32,54725.0,54552.98,54722.2,0,396386
2021-10-13 21:10:00,54722.19,54769.14,54631.14,54747.87,0,396387
2021-10-13 21:15:00,54747.88,54871.1,54700.0,54849.85,0,396388
2021-10-13 21:20:00,54849.85,54978.33,54824.6,54917.3,0,396389
2021-10-13 21:25:00,54917.31,55197.39,54917.3,55065.17,0,396390
2021-10-13 21:30:00,55065.18,55721.07,55031.04,55707.84,0,396391
2021-10-13 21:35:00,55707.34,55751.85,55527.01,55583.8,0,396392
2021-10-13 21:40:00,55583.8,55819.98,55563.54,55815.51,0,396393
2021-10-13 21:45:00,55815.52,55900.0,55676.6,55827.03,0,396394
2021-10-13 21:50:00,55827.03,55850.0,55724.13,55749.2,0,396395
2021-10-13 21:55:00,55749.2,55848.4,55713.0,55784.15,0,396396
2021-10-13 22:00:00,55784.15,56152.03,55784.15,56056.21,0,396397
2021-10-13 22:05:00,56056.22,56440.75,56056.22,56348.92,0,396398
2021-10-13 22:10:00,56348.92,56368.98,56199.48,56219.62,0,396399
2021-10-13 22:15:00,56219.63,56351.8,56164.05,56309.29,0,396400
2021-10-13 22:20:00,56309.28,56398.0,56277.03,56329.69,0,396401
2021-10-13 22:25:00,56329.69,56395.29,56250.47,56270.97,0,396402
2021-10-13 22:30:00,56270.96,56294.19,56221.0,56247.49,0,396403
2021-10-13 22:35:00,56247.5,56268.31,56078.0,56158.86,0,396404
2021-10-13 22:40:00,56158.87,56200.0,56039.78,56139.07,0,396405
2021-10-13 22:45:00,56139.07,56199.99,56125.0,56130.62,0,396406
2021-10-13 22:50:00,56130.62,56209.16,56110.12,56181.42,0,396407
2021-10-13 22:55:00,56181.42,56214.35,56132.88,56168.85,0,396408
2021-10-13 23:00:00,56168.85,56220.0,56072.75,56197.21,0,396409
2021-10-13 23:05:00,56197.2,56239.33,56134.37,56139.87,0,396410
2021-10-13 23:10:00,56139.87,56220.04,56100.0,56209.98,0,396411
2021-10-13 23:15:00,56209.98,56281.4,56187.62,56208.05,0,396412
2021-10-13 23:20:00,56210.82,56342.1,56161.22,56307.39,0,396413
2021-10-13 23:25:00,56307.38,56368.0,56285.0,56306.43,0,396414
2021-10-13 23:30:00,56306.43,56336.34,56255.43,56283.48,0,396415
2021-10-13 23:35:00,56283.49,56395.82,56258.64,56372.83,0,396416
2021-10-13 23:40:00,56372.83,56865.0,56369.02,56855.93,0,396417
2021-10-13 23:45:00,56855.92,57120.0,56803.0,56950.27,0,396418
2021-10-13 23:50:00,56950.27,56982.56,56810.0,56922.67,0,396419
2021-10-13 23:55:00,56921.38,57034.01,56810.0,56941.72,0,396420
2021-10-14 00:00:00,56941.73,57242.0,56932.87,57048.44,3,396421
2021-10-14 00:05:00,57043.99,57100.0,56942.21,57012.3,2,396422
2021-10-14 00:10:00,57012.31,57064.01,56960.0,56963.67,2,396423
2021-10-14 00:15:00,56963.67,57051.3,56940.0,56940.01,2,396424
2021-10-14 00:20:00,56940.0,56940.01,56850.0,56906.85,2,396425
2021-10-14 00:25:00,56909.98,56977.59,56874.0,56940.31,2,396426
2021-10-14 00:30:00,56940.31,57042.37,56920.0,56933.05,2,396427
2021-10-14 00:35:00,56933.05,56983.15,56880.0,56907.79,2,396428
2021-10-14 00:40:00,56907.8,56909.47,56850.0,56880.02,2,396429
2021-10-14 00:45:00,56880.02,56899.39,56790.0,56807.24,1,396430
2021-10-14 00:50:00,56807.24,57014.79,56780.0,56933.02,0,396431
2021-10-14 00:55:00,56933.02,56985.13,56880.0,56891.12,0,396432
2021-10-14 01:00:00,56891.11,57120.0,56891.11,57013.08,0,396433
2021-10-14 01:05:00,57013.08,57044.07,56850.0,56902.82,0,396434
2021-10-14 01:10:00,56902.82,56971.72,56893.35,56928.34,0,396435
2021-10-14 01:15:00,56928.33,56999.14,56878.78,56889.59,0,396436
2021-10-14 01:20:00,56889.58,57000.0,56875.62,56952.64,0,396437
2021-10-14 01:25:00,56952.65,57024.0,56937.12,56991.83,0,396438
2021-10-14 01:30:00,56991.84,57035.2,56874.5,56931.9,0,396439
2021-10-14 01:35:00,56931.91,56964.61,56921.18,56961.79,0,396440
2021-10-14 01:40:00,56961.8,57020.0,56879.41,56980.42,0,396441
2021-10-14 01:45:00,56980.42,57149.42,56980.42,57126.27,0,396442
2021-10-14 01:50:00,57126.26,57210.52,56869.11,56920.02,0,396443
2021-10-14 01:55:00,56920.01,56987.98,56916.0,56976.38,0,396444
2021-10-14 02:00:00,56979.99,57125.04,56964.84,56991.32,0,396445
2021-10-14 02:05:00,56991.32,57132.78,56990.51,57107.27,0,396446
2021-10-14 02:10:00,57107.26,57137.8,57022.34,57053.16,0,396447
2021-10-14 02:15:00,57053.17,57140.0,56949.87,57021.0,0,396448
2021-10-14 02:20:00,57020.99,57062.45,56985.98,56993.25,0,396449
2021-10-14 02:25:00,56993.26,57050.75,56955.27,56979.7,0,396450
2021-10-14 02:30:00,56979.7,57067.15,56974.01,56996.04,0,396451
2021-10-14 02:35:00,56996.05,57050.0,56988.0,57010.39,0,396452
2021-10-14 02:40:00,57010.39,57077.99,56967.45,56983.01,0,396453
2021-10-14 02:45:00,56983.02,57075.31,56948.22,56980.75,0,396454
2021-10-14 02:50:00,56980.75,57067.09,56980.75,57038.48,0,396455
2021-10-14 02:55:00,57038.48,57300.0,57033.2,57259.77,0,396456
2021-10-14 03:00:00,57259.77,57350.0,57204.52,57306.77,0,396457
2021-10-14 03:05:00,57308.46,57450.0,57308.46,57445.7,3,396458
2021-10-14 03:10:00,57445.71,57500.0,57232.8,57241.99,2,396459
2021-10-14 03:15:00,57241.99,57328.99,57121.48,57134.24,2,396460
2021-10-14 03:20:00,57134.24,57159.0,57028.82,57131.83,2,396461
2021-10-14 03:25:00,57131.83,57241.0,57069.43,57110.38,2,396462
2021-10-14 03:30:00,57110.38,57179.46,56940.69,56996.12,2,396463
2021-10-14 03:35:00,56995.4,57099.05,56970.0,57080.04,2,396464
2021-10-14 03:40:00,57080.04,57080.04,57000.4,57041.85,2,396465
2021-10-14 03:45:00,57041.84,57049.99,56607.27,57039.99,2,396466
2021-10-14 03:50:00,57040.0,57050.0,56905.77,56934.19,1,396467
2021-10-14 03:55:00,56934.19,57020.0,56893.46,56980.25,0,396468
2021-10-14 04:00:00,56978.8,57122.0,56978.8,57023.84,0,396469
2021-10-14 04:05:00,57023.85,57060.95,56925.72,56965.22,0,396470
2021-10-14 04:10:00,56965.21,57096.81,56898.09,57091.17,0,396471
2021-10-14 04:15:00,57091.17,57143.5,57084.3,57114.65,0,396472
2021-10-14 04:20:00,57112.83,57549.99,57107.0,57536.0,0,396473
2021-10-14 04:25:00,57536.0,57621.14,57284.28,57370.0,0,396474
2021-10-14 04:30:00,57369.99,57393.06,57262.72,57296.65,0,396475
2021-10-14 04:35:00,57296.66,57691.4,57288.01,57681.41,3,396476
2021-10-14 04:40:00,57681.02,57720.0,57541.62,57550.0,2,396477
2021-10-14 04:45:00,57550.0,57694.19,57426.71,57550.47,2,396478
2021-10-14 04:50:00,57550.47,57576.06,57454.66,57576.05,2,396479
2021-10-14 04:55:00,57576.05,57612.82,57490.0,57508.69,2,396480
2021-10-14 05:00:00,57508.69,57777.0,57508.69,57618.17,2,396481
2021-10-14 05:05:00,57618.17,57651.32,57457.2,57494.41,2,396482
2021-10-14 05:10:00,57494.42,57567.68,57455.66,57520.3,2,396483
2021-10-14 05:15:00,57520.31,57550.0,57377.71,57417.08,2,396484
2021-10-14 05:20:00,57417.08,57495.98,57390.01,57470.81,2,396485
2021-10-14 05:25:00,57470.81,57509.69,57434.24,57474.52,2,396486
2021-10-14 05:30:00,57474.52,57565.99,57474.51,57525.02,2,396487
2021-10-14 05:35:00,57525.0,57597.02,57481.0,57587.54,2,396488
2021-10-14 05:40:00,57587.55,57624.05,57477.49,57490.01,2,396489
2021-10-14 05:45:00,57490.0,57580.62,57441.72,57459.73,2,396490
2021-10-14 05:50:00,57459.72,57469.09,57378.93,57387.51,2,396491
2021-10-14 05:55:00,57387.51,57449.48,57330.01,57371.19,2,396492
2021-10-14 06:00:00,57371.19,57409.99,57268.59,57329.05,2,396493
2021-10-14 06:05:00,57327.55,57400.0,57308.49,57343.98,2,396494
2021-10-14 06:10:00,57343.98,57384.0,57292.42,57384.0,2,396495
2021-10-14 06:15:00,57383.99,57387.25,57335.36,57341.29,2,396496
2021-10-14 06:20:00,57341.29,57360.0,57200.0,57257.15,2,396497
2021-10-14 06:25:00,57262.29,57321.47,57240.05,57267.77,2,396498
2021-10-14 06:30:00,57267.77,57323.88,57170.76,57220.57,1,396499
2021-10-14 06:35:00,57218.13,57463.05,57218.13,57348.97,0,396500
2021-10-14 06:40:00,57348.97,57382.29,57249.7,57344.26,0,396501
2021-10-14 06:45:00,57344.25,57440.79,57344.25,57388.96,0,396502
2021-10-14 06:50:00,57388.95,57402.87,57333.0,57377.83,0,396503
2021-10-14 06:55:00,57377.82,57413.3,57338.16,57367.0,0,396504
2021-10-14 07:00:00,57370.83,57540.0,57343.0,57442.13,0,396505
2021-10-14 07:05:00,57442.13,57516.8,57408.32,57443.02,0,396506
2021-10-14 07:10:00,57443.02,57500.0,57390.0,57497.35,0,396507
2021-10-14 07:15:00,57497.34,57599.35,57396.97,57408.95,0,396508
2021-10-14 07:20:00,57408.95,57423.41,57342.52,57392.75,0,396509
2021-10-14 07:25:00,57392.75,57419.88,57304.33,57316.6,0,396510
2021-10-14 07:30:00,57316.6,57350.0,57203.0,57204.61,0,396511
2021-10-14 07:35:00,57206.48,57271.68,57138.72,57268.87,0,396512
2021-10-14 07:40:00,57268.88,57367.51,57262.79,57344.93,0,396513
2021-10-14 07:45:00,57344.93,57600.0,57321.92,57575.42,0,396514
2021-10-14 07:50:00,57575.41,57605.0,57456.08,57471.02,0,396515
2021-10-14 07:55:00,57471.02,57740.0,57471.02,57727.76,0,396516
2021-10-14 08:00:00,57727.76,58200.0,57611.0,57984.19,0,396517
2021-10-14 08:05:00,57984.2,58269.95,57906.01,58017.19,0,396518
2021-10-14 08:10:00,58017.19,58238.0,58017.19,58180.01,0,396519
2021-10-14 08:15:00,58180.0,58342.71,58079.46,58168.61,0,396520
2021-10-14 08:20:00,58168.62,58197.35,58062.22,58089.25,0,396521
2021-10-14 08:25:00,58088.58,58092.55,57920.11,57978.69,0,396522
2021-10-14 08:30:00,57978.69,58089.0,57883.22,58049.99,0,396523
2021-10-14 08:35:00,58049.99,58340.0,58028.17,58272.5,0,396524
2021-10-14 08:40:00,58272.51,58392.77,58260.0,58369.39,0,396525
2021-10-14 08:45:00,58366.13,58467.33,58285.71,58313.84,0,396526
2021-10-14 08:50:00,58313.84,58383.49,58249.51,58262.71,0,396527
2021-10-14 08:55:00,58262.7,58310.99,58195.31,58300.02,0,396528
2021-10-14 09:00:00,58300.03,58374.99,58220.0,58226.55,0,396529
2021-10-14 09:05:00,58226.55,58339.64,58226.55,58285.16,0,396530
2021-10-14 09:10:00,58285.16,58338.52,58250.0,58301.66,0,396531
2021-10-14 09:15:00,58303.37,58430.56,58303.36,58405.77,0,396532
2021-10-14 09:20:00,58405.77,58449.0,58354.75,58413.07,3,396533
2021-10-14 09:25:00,58413.06,58532.54,58300.0,58317.75,2,396534
2021-10-14 09:30:00,58317.75,58325.76,58198.03,58254.45,2,396535
2021-10-14 09:35:00,58254.45,58307.05,58132.06,58140.79,2,396536
2021-10-14 09:40:00,58140.79,58329.03,58115.95,58233.3,2,396537
2021-10-14 09:45:00,58233.31,58257.14,58075.13,58111.82,2,396538
2021-10-14 09:50:00,58111.82,58185.68,58101.27,58177.59,2,396539
2021-10-14 09:55:00,58177.58,58244.95,58174.61,58210.46,2,396540
2021-10-14 10:00:00,58210.46,58260.76,58165.35,58166.17,2,396541
2021-10-14 10:05:00,58166.17,58207.26,58081.63,58111.93,2,396542
2021-10-14 10:10:00,58111.92,58165.55,58081.99,58116.8,2,396543
2021-10-14 10:15:00,58116.8,58226.7,58115.85,58200.0,2,396544
2021-10-14 10:20:00,58200.0,58231.4,58161.28,58166.36,2,396545
2021-10-14 10:25:00,58166.36,58187.32,58070.29,58089.91,2,396546
2021-10-14 10:30:00,58089.91,58091.01,58023.64,58060.17,2,396547
2021-10-14 10:35:00,58060.18,58146.96,58025.5,58137.61,2,396548
2021-10-14 10:40:00,58137.61,58180.14,58128.99,58149.99,2,396549
2021-10-14 10:45:00,58149.98,58173.71,58130.23,58136.74,2,396550
2021-10-14 10:50:00,58136.75,58184.96,58101.83,58101.83,2,396551
2021-10-14 10:55:00,58101.84,58121.54,58032.92,58065.99,2,396552
2021-10-14 11:00:00,58065.99,58096.81,58020.4,58022.32,2,396553
2021-10-14 11:05:00,58021.34,58039.36,57970.0,57993.16,2,396554
2021-10-14 11:10:00,57993.16,58026.76,57957.25,57992.47,2,396555
2021-10-14 11:15:00,57992.47,58050.0,57963.05,58050.0,2,396556
2021-10-14 11:20:00,58050.0,58168.25,58049.99,58161.41,2,396557
2021-10-14 11:25:00,58161.4,58169.99,58070.0,58072.83,2,396558
2021-10-14 11:30:00,58072.83,58072.84,57870.28,57876.54,2,396559
2021-10-14 11:35:00,57876.54,57955.82,57806.21,57806.21,2,396560
2021-10-14 11:40:00,57806.21,57879.97,57789.53,57866.95,2,396561
2021-10-14 11:45:00,57866.96,57886.37,57678.06,57785.4,1,396562
2021-10-14 11:50:00,57785.41,57882.69,57758.15,57881.28,0,396563
2021-10-14 11:55:00,57881.27,57989.35,57858.73,57986.55,0,396564
2021-10-14 12:00:00,57986.54,58101.71,57876.44,57906.09,0,396565
2021-10-14 12:05:00,57906.08,57951.55,57880.01,57939.23,0,396566
2021-10-14 12:10:00,57939.22,57950.0,57800.0,57807.11,0,396567
2021-10-14 12:15:00,57807.11,57977.01,57807.11,57905.46,0,396568
2021-10-14 12:20:00,57905.45,57938.93,57830.45,57868.01,0,396569
2021-10-14 12:25:00,57870.01,57898.17,57815.5,57840.84,0,396570
2021-10-14 12:30:00,57840.84,58046.87,57816.1,57999.97,0,396571
2021-10-14 12:35:00,57999.96,58011.95,57930.21,57964.08,0,396572
2021-10-14 12:40:00,57964.08,58113.38,57960.14,58085.99,3,396573
2021-10-14 12:45:00,58085.99,58100.0,57984.14,58024.75,2,396574
2021-10-14 12:50:00,58024.74,58050.0,57960.14,58038.02,2,396575
2021-10-14 12:55:00,58038.02,58087.76,57960.14,57965.01,2,396576
2021-10-14 13:00:00,57965.01,58007.73,57934.19,57953.65,2,396577
2021-10-14 13:05:00,57953.65,58008.75,57946.63,57966.62,2,396578
2021-10-14 13:10:00,57966.61,58030.36,57960.0,58006.69,2,396579
2021-10-14 13:15:00,58006.69,58040.02,57944.2,58020.99,2,396580
2021-10-14 13:20:00,58020.99,58069.2,57972.89,58039.0,2,396581
2021-10-14 13:25:00,58039.0,58069.09,57904.57,57911.89,2,396582
2021-10-14 13:30:00,57911.89,57967.56,57906.63,57925.67,2,396583
2021-10-14 13:35:00,57925.67,57939.99,57815.0,57819.99,2,396584
2021-10-14 13:40:00,57820.0,57854.59,57715.23,57813.8,2,396585
2021-10-14 13:45:00,57813.8,57821.96,57557.47,57705.34,2,396586
2021-10-14 13:50:00,57705.34,57721.38,57592.11,57607.28,2,396587
2021-10-14 13:55:00,57607.28,57673.4,57480.76,57673.39,2,396588
2021-10-14 14:00:00,57673.4,57763.58,57655.98,57752.46,2,396589
2021-10-14 14:05:00,57752.47,57790.0,57657.01,57734.47,2,396590
2021-10-14 14:10:00,57734.46,57734.5,57657.59,57659.62,2,396591
2021-10-14 14:15:00,57659.61,57704.4,57576.2,57584.86,2,396592
2021-10-14 14:20:00,57584.85,57687.93,57578.49,57687.93,2,396593
2021-10-14 14:25:00,57687.92,57799.31,57661.15,57746.52,2,396594
2021-10-14 14:30:00,57746.52,57749.98,57601.23,57672.98,2,396595
2021-10-14 14:35:00,57672.98,57692.92,57490.04,57518.0,2,396596
2021-10-14 14:40:00,57518.01,57608.64,57480.01,57603.7,2,396597
2021-10-14 14:45:00,57603.7,57647.73,57336.09,57509.53,2,396598
2021-10-14 14:50:00,57509.52,57516.19,57408.4,57471.0,2,396599
2021-10-14 14:55:00,57470.99,57476.35,57333.33,57367.3,1,396600
2021-10-14 15:00:00,57367.3,57500.0,57327.59,57445.1,0,396601
2021-10-14 15:05:00,57445.11,57512.58,57433.06,57498.08,0,396602
2021-10-14 15:10:00,57498.08,57523.64,57417.15,57427.23,0,396603
2021-10-14 15:15:00,57427.23,57590.0,57410.0,57568.3,0,396604
2021-10-14 15:20:00,57568.3,57630.0,57491.59,57625.01,0,396605
2021-10-14 15:25:00,57625.01,57665.99,57575.98,57655.9,0,396606
2021-10-14 15:30:00,57652.38,57697.91,57618.1,57657.18,0,396607
2021-10-14 15:35:00,57657.19,57677.99,57568.19,57611.47,0,396608
2021-10-14 15:40:00,57611.47,57659.98,57588.35,57659.81,0,396609
2021-10-14 15:45:00,57659.81,57666.0,57563.01,57573.23,0,396610
2021-10-14 15:50:00,57573.24,57614.35,57498.41,57539.88,0,396611
2021-10-14 15:55:00,57539.89,57555.28,57400.0,57453.23,0,396612
2021-10-14 16:00:00,57453.22,57455.37,57338.9,57369.51,0,396613
2021-10-14 16:05:00,57369.52,57445.26,57363.07,57375.0,0,396614
2021-10-14 16:10:00,57375.0,57519.7,57345.73,57514.19,0,396615
2021-10-14 16:15:00,57514.2,57713.31,57382.36,57561.99,3,396616
2021-10-14 16:20:00,57562.0,57562.0,57237.09,57274.55,2,396617
2021-10-14 16:25:00,57274.56,57320.0,57189.0,57317.4,2,396618
2021-10-14 16:30:00,57317.4,57408.84,57299.99,57333.55,2,396619
2021-10-14 16:35:00,57333.56,57424.06,57319.99,57409.78,2,396620
2021-10-14 16:40:00,57409.77,57444.42,57364.26,57401.63,2,396621
2021-10-14 16:45:00,57401.62,57423.0,57310.0,57326.96,2,396622
2021-10-14 16:50:00,57326.96,57499.98,57295.65,57437.17,2,396623
2021-10-14 16:55:00,57437.17,57475.25,57403.46,57414.6,2,396624
2021-10-14 17:00:00,57414.6,57414.6,57240.85,57249.99,1,396625
2021-10-14 17:05:00,57250.0,57381.54,57241.92,57362.1,0,396626
2021-10-14 17:10:00,57362.11,57500.0,57361.56,57496.79,0,396627
2021-10-14 17:15:00,57496.78,57504.59,57442.61,57445.46,0,396628
2021-10-14 17:20:00,57445.46,57635.08,57445.17,57628.38,0,396629
2021-10-14 17:25:00,57628.38,57686.05,57580.11,57611.22,0,396630
2021-10-14 17:30:00,57611.22,57639.2,57551.27,57570.08,0,396631
2021-10-14 17:35:00,57570.09,57728.82,57560.14,57616.46,0,396632
2021-10-14 17:40:00,57616.45,57636.67,57562.38,57585.78,0,396633
2021-10-14 17:45:00,57585.78,57783.99,57585.78,57783.99,0,396634
2021-10-14 17:50:00,57783.99,57795.02,57640.0,57688.42,0,396635
2021-10-14 17:55:00,57688.43,57762.42,57631.18,57660.05,0,396636
2021-10-14 18:00:00,57660.04,57744.69,57629.06,57672.56,0,396637
2021-10-14 18:05:00,57672.56,57704.31,57624.33,57632.26,0,396638
2021-10-14 18:10:00,57632.26,57866.66,57622.29,57839.87,0,396639
2021-10-14 18:15:00,57838.73,57975.0,57780.44,57974.99,0,396640
2021-10-14 18:20:00,57974.99,58096.55,57974.99,58095.94,3,396641
2021-10-14 18:25:00,58095.93,58150.0,57982.23,58000.0,2,396642
2021-10-14 18:30:00,58000.0,58017.57,57800.0,57908.97,2,396643
2021-10-14 18:35:00,57908.97,57927.98,57812.03,57812.03,2,396644
2021-10-14 18:40:00,57812.03,57891.5,57800.0,57867.6,2,396645
2021-10-14 18:45:00,57867.6,57882.78,57724.41,57788.88,2,396646
2021-10-14 18:50:00,57788.88,57788.89,57592.17,57639.25,2,396647
2021-10-14 18:55:00,57639.24,57662.19,57552.49,57622.42,2,396648
2021-10-14 19:00:00,57622.42,57638.49,57397.25,57587.2,1,396649
2021-10-14 19:05:00,57587.21,57759.77,57577.01,57714.18,0,396650
2021-10-14 19:10:00,57714.19,57798.6,57646.15,57769.32,0,396651
2021-10-14 19:15:00,57769.31,57820.53,57658.74,57660.11,0,396652
2021-10-14 19:20:00,57660.12,57899.99,57603.59,57871.94,3,396653
2021-10-14 19:25:00,57871.94,57874.64,57693.99,57730.0,2,396654
2021-10-14 19:30:00,57730.0,57730.01,57600.0,57642.08,2,396655
2021-10-14 19:35:00,57642.08,57656.39,57557.31,57578.28,2,396656
2021-10-14 19:40:00,57578.28,57986.2,57550.02,57558.0,2,396657
2021-10-14 19:45:00,57557.99,57632.09,57545.48,57545.48,2,396658
2021-10-14 19:50:00,57545.48,57731.91,57495.72,57495.74,2,396659
2021-10-14 19:55:00,57495.73,57563.43,57450.0,57563.02,2,396660
2021-10-14 20:00:00,57563.02,57596.83,57495.0,57503.54,2,396661
2021-10-14 20:05:00,57503.53,57514.18,57450.38,57468.48,2,396662
2021-10-14 20:10:00,57468.49,57553.33,57464.06,57522.56,2,396663
2021-10-14 20:15:00,57522.55,57653.06,57522.55,57587.55,2,396664
2021-10-14 20:20:00,57587.54,57590.0,57553.33,57560.0,2,396665
2021-10-14 20:25:00,57559.99,57689.79,57553.0,57639.13,2,396666
2021-10-14 20:30:00,57639.14,57760.0,57508.6,57514.14,2,396667
2021-10-14 20:35:00,57514.14,57558.85,57428.57,57465.56,2,396668
2021-10-14 20:40:00,57465.48,57548.0,57442.08,57495.22,2,396669
2021-10-14 20:45:00,57495.21,57579.0,57353.11,57416.79,2,396670
2021-10-14 20:50:00,57416.8,57416.8,57300.0,57365.78,1,396671
2021-10-14 20:55:00,57365.78,57421.0,57365.78,57399.71,0,396672
2021-10-14 21:00:00,57399.72,57543.46,57391.24,57536.81,0,396673
2021-10-14 21:05:00,57536.8,57611.73,57522.76,57525.74,0,396674
2021-10-14 21:10:00,57525.75,57559.71,57433.49,57523.27,0,396675
2021-10-14 21:15:00,57523.27,57611.94,57484.73,57577.97,0,396676
2021-10-14 21:20:00,57577.97,57614.0,57537.24,57601.16,0,396677
2021-10-14 21:25:00,57601.16,57628.33,57540.87,57549.24,0,396678
2021-10-14 21:30:00,57549.25,57562.0,57352.05,57455.13,0,396679
2021-10-14 21:35:00,57454.94,57459.38,57274.96,57398.44,0,396680
2021-10-14 21:40:00,57398.44,57410.06,57243.0,57299.52,0,396681
2021-10-14 21:45:00,57299.52,57453.4,57272.2,57423.02,0,396682
2021-10-14 21:50:00,57423.03,57498.0,57401.08,57497.99,0,396683
2021-10-14 21:55:00,57497.98,57501.0,57385.54,57385.55,0,396684
2021-10-14 22:00:00,57385.55,57418.09,56947.59,57227.97,0,396685
2021-10-14 22:05:00,57227.98,57274.13,57010.09,57076.81,0,396686
2021-10-14 22:10:00,57076.82,57660.0,57076.81,57460.97,0,396687
2021-10-14 22:15:00,57460.96,57634.16,57450.85,57526.67,0,396688
2021-10-14 22:20:00,57526.67,57723.59,57516.0,57705.13,0,396689
2021-10-14 22:25:00,57705.13,57817.41,57675.98,57732.54,3,396690
2021-10-14 22:30:00,57732.54,57742.99,57641.45,57661.51,2,396691
2021-10-14 22:35:00,57661.52,57665.52,57357.0,57396.68,2,396692
2021-10-14 22:40:00,57400.46,57491.98,57316.0,57432.42,2,396693
2021-10-14 22:45:00,57432.43,57481.4,57335.63,57389.28,2,396694
2021-10-14 22:50:00,57389.28,57444.91,57330.03,57350.16,2,396695
2021-10-14 22:55:00,57350.17,57379.65,57290.04,57331.31,2,396696
2021-10-14 23:00:00,57331.3,57437.67,57191.66,57342.37,2,396697
2021-10-14 23:05:00,57342.37,57367.12,57246.49,57250.03,2,396698
2021-10-14 23:10:00,57250.03,57263.76,57121.8,57154.35,2,396699
2021-10-14 23:15:00,57154.35,57218.12,57117.12,57188.64,2,396700
2021-10-14 23:20:00,57192.02,57230.0,57138.45,57170.87,2,396701
2021-10-14 23:25:00,57170.88,57243.31,57069.34,57096.99,1,396702
2021-10-14 23:30:00,57097.0,57183.65,57026.6,57118.29,0,396703
2021-10-14 23:35:00,57118.29,57222.21,57108.48,57204.49,0,396704
2021-10-14 23:40:00,57204.49,57223.54,56964.3,57113.05,0,396705
2021-10-14 23:45:00,57113.04,57243.99,57084.12,57243.99,0,396706
2021-10-14 23:50:00,57243.98,57377.2,57209.47,57294.42,3,396707
2021-10-14 23:55:00,57294.41,57294.42,57104.69,57113.48,2,396708
2021-10-15 00:00:00,57113.48,57172.89,57069.34,57157.55,2,396709
2021-10-15 00:05:00,57157.55,57219.51,57131.8,57192.11,2,396710
2021-10-15 00:10:00,57192.11,57213.21,57099.0,57103.82,2,396711
2021-10-15 00:15:00,57103.83,57149.23,57085.62,57145.07,2,396712
2021-10-15 00:20:00,57145.08,57210.0,57120.63,57180.51,2,396713
2021-10-15 00:25:00,57180.51,57261.9,57115.09,57236.02,2,396714
2021-10-15 00:30:00,57236.02,57246.85,57190.15,57208.28,2,396715
2021-10-15 00:35:00,57208.29,57220.18,57145.91,57183.78,2,396716
2021-10-15 00:40:00,57183.78,57257.79,57183.63,57220.0,2,396717
2021-10-15 00:45:00,57219.99,57230.83,57120.0,57147.76,2,396718
2021-10-15 00:50:00,57150.48,57151.76,57100.0,57150.38,2,396719
2021-10-15 00:55:00,57150.39,57242.29,57141.19,57186.79,2,396720
2021-10-15 01:00:00,57186.79,57188.78,57003.95,57108.47,2,396721
2021-10-15 01:05:00,57108.47,57164.21,57100.73,57117.86,2,396722
2021-10-15 01:10:00,57117.85,57129.96,57006.93,57084.35,2,396723
2021-10-15 01:15:00,57084.35,57143.11,57035.0,57100.75,2,396724
2021-10-15 01:20:00,57100.76,57192.94,57087.58,57100.84,2,396725
2021-10-15 01:25:00,57100.84,57118.88,56818.05,56949.28,1,396726
2021-10-15 01:30:00,56949.27,57250.0,56944.2,57243.54,0,396727
2021-10-15 01:35:00,57243.55,57299.96,57159.97,57165.0,0,396728
2021-10-15 01:40:00,57165.01,57676.78,57165.0,57661.55,0,396729
2021-10-15 01:45:00,57661.55,57829.58,57509.01,57537.87,0,396730
2021-10-15 01:50:00,57537.86,58046.6,57374.19,57900.0,0,396731
2021-10-15 01:55:00,57899.99,58086.98,57821.81,58029.33,0,396732
2021-10-15 02:00:00,58029.33,58038.46,57847.79,57916.88,0,396733
2021-10-15 02:05:00,57916.89,57919.99,57800.21,57820.52,0,396734
2021-10-15 02:10:00,57820.53,57826.31,57251.97,57269.29,0,396735
2021-10-15 02:15:00,57269.28,57443.89,56818.05,57340.56,0,396736
2021-10-15 02:20:00,57340.55,57472.05,57228.02,57290.98,0,396737
2021-10-15 02:25:00,57289.01,57389.0,57242.77,57346.91,0,396738
2021-10-15 02:30:00,57346.9,57617.99,57330.22,57600.85,0,396739
2021-10-15 02:35:00,57600.84,57657.5,57568.74,57629.99,0,396740
2021-10-15 02:40:00,57629.99,57837.3,57622.53,57730.02,0,396741
2021-10-15 02:45:00,57729.98,57858.0,57705.28,57720.89,0,396742
2021-10-15 02:50:00,57720.9,57788.99,57720.89,57788.94,0,396743
2021-10-15 02:55:00,57788.94,57853.66,57724.71,57833.12,3,396744
2021-10-15 03:00:00,57833.11,57867.11,57733.24,57785.87,2,396745
2021-10-15 03:05:00,57785.88,57785.88,57488.01,57518.67,2,396746
2021-10-15 03:10:00,57518.66,57665.0,57489.0,57612.44,2,396747
2021-10-15 03:15:00,57612.45,57667.32,57511.07,57528.41,2,396748
2021-10-15 03:20:00,57528.42,57592.06,57490.41,57524.89,2,396749
2021-10-15 03:25:00,57524.88,57537.14,57468.75,57513.59,2,396750
2021-10-15 03:30:00,57513.58,57608.63,57490.53,57549.22,2,396751
2021-10-15 03:35:00,57550.02,57621.97,57515.0,57515.0,2,396752
2021-10-15 03:40:00,57515.01,57519.45,57420.37,57458.65,2,396753
2021-10-15 03:45:00,57458.65,57517.31,57414.09,57436.53,2,396754
2021-10-15 03:50:00,57436.52,57544.92,57431.31,57480.21,2,396755
2021-10-15 03:55:00,57480.21,57518.04,57422.87,57427.62,1,396756
2021-10-15 04:00:00,57427.63,57535.97,57427.62,57515.4,0,396757
2021-10-15 04:05:00,57515.4,57519.99,57459.51,57489.21,0,396758
2021-10-15 04:10:00,57489.22,57539.44,57428.0,57428.0,0,396759
2021-10-15 04:15:00,57428.0,57543.79,57428.0,57527.64,0,396760
2021-10-15 04:20:00,57527.64,57644.38,57520.0,57635.12,0,396761
2021-10-15 04:25:00,57629.68,57635.37,57547.04,57575.44,0,396762
2021-10-15 04:30:00,57574.96,57700.0,57566.03,57700.0,0,396763
2021-10-15 04:35:00,57700.0,57700.0,57669.47,57681.23,0,396764
2021-10-15 04:40:00,57681.63,57699.99,57661.72,57686.06,0,396765
2021-10-15 04:45:00,57686.06,57700.0,57683.95,57696.84,0,396766
2021-10-15 04:50:00,57696.84,57729.95,57695.37,57725.56,0,396767
2021-10-15 04:55:00,57725.55,57740.11,57717.82,57740.1,3,396768
2021-10-15 05:00:00,57740.1,57749.98,57618.0,57669.52,2,396769
2021-10-15 05:05:00,57669.52,57669.52,57554.91,57646.01,2,396770
2021-10-15 05:10:00,57646.01,57730.71,57520.69,57605.91,2,396771
2021-10-15 05:15:00,57605.91,57667.31,57561.53,57622.8,2,396772
2021-10-15 05:20:00,57622.8,57622.81,57548.91,57550.04,2,396773
2021-10-15 05:25:00,57550.05,57577.08,57488.23,57518.94,2,396774
2021-10-15 05:30:00,57518.21,57536.69,57468.53,57510.78,2,396775
2021-10-15 05:35:00,57510.78,57540.16,57482.34,57482.34,2,396776
2021-10-15 05:40:00,57482.34,57564.14,57482.34,57518.8,2,396777
2021-10-15 05:45:00,57518.8,57598.62,57518.8,57562.06,2,396778
2021-10-15 05:50:00,57562.07,57627.19,57562.06,57618.0,2,396779
2021-10-15 05:55:00,57615.88,57663.8,57585.0,57586.77,2,396780
2021-10-15 06:00:00,57586.77,57626.53,57465.14,57468.77,2,396781
2021-10-15 06:05:00,57468.76,57649.99,57468.76,57584.13,2,396782
2021-10-15 06:10:00,57584.14,57644.0,57544.09,57558.22,2,396783
2021-10-15 06:15:00,57558.21,57558.22,57430.0,57448.6,2,396784
2021-10-15 06:20:00,57448.59,57489.74,57248.96,57293.13,2,396785
2021-10-15 06:25:00,57295.68,57330.42,57236.0,57239.37,1,396786
2021-10-15 06:30:00,57239.36,57334.0,57207.89,57290.41,0,396787
2021-10-15 06:35:00,57290.42,57379.0,57224.28,57365.0,0,396788
2021-10-15 06:40:00,57368.36,57448.23,57348.0,57441.43,3,396789
2021-10-15 06:45:00,57441.44,57441.44,57355.78,57385.33,2,396790
2021-10-15 06:50:00,57385.33,57419.99,57340.3,57346.58,2,396791
2021-10-15 06:55:00,57346.58,57357.99,57290.85,57347.94,2,396792
2021-10-15 07:00:00,57347.94,57400.0,57231.18,57246.98,2,396793
2021-10-15 07:05:00,57246.98,57257.44,57137.02,57211.35,2,396794
2021-10-15 07:10:00,57211.35,57373.94,57207.89,57343.31,2,396795
2021-10-15 07:15:00,57343.3,57449.99,57253.17,57259.99,2,396796
2021-10-15 07:20:00,57259.99,57260.0,57131.66,57194.85,2,396797
2021-10-15 07:25:00,57194.84,57199.47,57110.32,57134.78,2,396798
2021-10-15 07:30:00,57134.77,57197.28,56998.08,57059.37,2,396799
2021-10-15 07:35:00,57059.36,57104.7,57000.0,57012.01,2,396800
2021-10-15 07:40:00,57012.0,57179.5,57001.0,57130.2,2,396801
2021-10-15 07:45:00,57125.61,57207.12,57100.06,57141.92,2,396802
2021-10-15 07:50:00,57141.92,57175.65,57050.0,57120.0,2,396803
2021-10-15 07:55:00,57119.99,57119.99,56990.0,57050.36,2,396804
2021-10-15 08:00:00,57050.35,57133.35,57009.79,57050.0,2,396805
2021-10-15 08:05:00,57050.0,57062.72,56944.0,56953.64,2,396806
2021-10-15 08:10:00,56953.63,56998.99,56860.0,56995.52,2,396807
2021-10-15 08:15:00,56995.51,57076.97,56864.0,56889.66,1,396808
2021-10-15 08:20:00,56889.67,57000.0,56850.0,56990.01,0,396809
2021-10-15 08:25:00,56990.01,57105.13,56990.0,57105.13,0,396810
2021-10-15 08:30:00,57105.13,57259.97,57067.96,57198.11,0,396811
2021-10-15 08:35:00,57198.11,57227.57,57111.97,57130.01,0,396812
2021-10-15 08:40:00,57130.01,57285.67,57063.4,57237.52,0,396813
2021-10-15 08:45:00,57239.2,57275.0,57181.37,57181.37,0,396814
2021-10-15 08:50:00,57181.37,57307.04,57181.36,57238.57,0,396815
2021-10-15 08:55:00,57238.57,57307.86,57206.57,57258.62,0,396816
2021-10-15 09:00:00,57258.62,57340.01,57230.21,57272.44,0,396817
2021-10-15 09:05:00,57272.43,57300.0,57115.26,57133.39,0,396818
2021-10-15 09:10:00,57133.38,57233.01,57120.75,57126.92,0,396819
2021-10-15 09:15:00,57126.93,57585.19,57095.82,57540.09,0,396820
2021-10-15 09:20:00,57540.09,58318.18,57518.69,58257.8,0,396821
2021-10-15 09:25:00,58257.79,58804.0,58077.23,58652.59,0,396822
2021-10-15 09:30:00,58652.59,58847.71,58468.35,58772.81,0,396823
2021-10-15 09:35:00,58772.81,59026.75,58675.04,58919.04,0,396824
2021-10-15 09:40:00,58920.47,58985.95,58666.67,58755.82,0,396825
2021-10-15 09:45:00,58755.82,59000.0,58714.5,58953.98,0,396826
2021-10-15 09:50:00,58953.99,59237.0,58890.89,59162.27,0,396827
2021-10-15 09:55:00,59162.27,59333.0,59065.97,59086.91,0,396828
2021-10-15 10:00:00,59086.91,59387.0,59086.9,59358.73,0,396829
2021-10-15 10:05:00,59358.74,59453.75,59192.3,59252.91,0,396830
2021-10-15 10:10:00,59252.91,59270.67,58849.84,58989.25,0,396831
2021-10-15 10:15:00,58985.04,59158.23,58956.16,59025.33,0,396832
2021-10-15 10:20:00,59025.34,59117.25,58981.87,59070.36,0,396833
2021-10-15 10:25:00,59070.35,59149.98,59040.9,59107.53,0,396834
2021-10-15 10:30:00,59107.53,59196.84,59057.69,59063.35,0,396835
2021-10-15 10:35:00,59069.98,59280.0,58977.84,59229.4,0,396836
2021-10-15 10:40:00,59229.4,59328.73,59194.61,59194.62,0,396837
2021-10-15 10:45:00,59194.61,59388.0,59163.29,59341.99,0,396838
2021-10-15 10:50:00,59342.0,59391.28,59341.31,59354.35,0,396839
2021-10-15 10:55:00,59354.35,59440.0,59303.57,59431.71,0,396840
2021-10-15 11:00:00,59431.7,59490.0,59313.07,59350.0,0,396841
2021-10-15 11:05:00,59350.01,59366.68,59207.1,59240.46,0,396842
2021-10-15 11:10:00,59240.45,59259.83,59142.86,59167.71,0,396843
2021-10-15 11:15:00,59167.71,59320.0,59161.79,59319.97,0,396844
2021-10-15 11:20:00,59319.97,59351.33,59303.21,59351.32,0,396845
2021-10-15 11:25:00,59351.33,59669.0,59346.09,59528.33,0,396846
2021-10-15 11:30:00,59528.34,59600.0,59383.91,59393.87,0,396847
2021-10-15 11:35:00,59393.88,59550.11,59366.94,59440.64,0,396848
2021-10-15 11:40:00,59440.63,59630.1,59413.51,59630.1,0,396849
2021-10-15 11:45:00,59630.1,59698.61,59588.44,59694.7,0,396850
2021-10-15 11:50:00,59694.7,59700.0,59649.12,59651.14,0,396851
2021-10-15 11:55:00,59651.15,59651.15,59482.8,59597.64,0,396852
2021-10-15 12:00:00,59597.64,59733.14,59554.5,59733.13,0,396853
2021-10-15 12:05:00,59733.14,59777.02,59683.41,59712.51,0,396854
2021-10-15 12:10:00,59712.51,59823.69,59667.94,59755.03,0,396855
2021-10-15 12:15:00,59755.04,59998.0,59670.97,59706.63,0,396856
2021-10-15 12:20:00,59706.63,59930.6,59555.0,59839.69,3,396857
2021-10-15 12:25:00,59839.69,59844.47,59555.56,59658.54,2,396858
2021-10-15 12:30:00,59658.54,59684.26,59534.3,59684.24,2,396859
2021-10-15 12:35:00,59684.24,59765.84,59639.31,59655.13,2,396860
2021-10-15 12:40:00,59655.12,59684.84,59572.15,59592.67,2,396861
2021-10-15 12:45:00,59592.68,59668.0,59572.33,59572.33,2,396862
2021-10-15 12:50:00,59572.34,59572.34,59379.14,59463.86,2,396863
2021-10-15 12:55:00,59463.87,59556.59,59410.07,59550.01,2,396864
2021-10-15 13:00:00,59550.0,59641.0,59520.71,59640.38,2,396865
2021-10-15 13:05:00,59640.37,59640.38,59440.62,59446.54,2,396866
2021-10-15 13:10:00,59446.54,59505.12,59399.13,59500.0,2,396867
2021-10-15 13:15:00,59499.99,59576.5,59372.63,59384.8,1,396868
2021-10-15 13:20:00,59386.77,59460.0,59363.28,59385.25,0,396869
2021-10-15 13:25:00,59385.26,59597.68,59358.0,59450.0,0,396870
2021-10-15 13:30:00,59450.01,59558.31,59450.0,59499.7,0,396871
2021-10-15 13:35:00,59499.69,59541.78,59402.05,59413.99,0,396872
2021-10-15 13:40:00,59413.99,59522.2,59408.92,59494.38,0,396873
2021-10-15 13:45:00,59494.38,59561.83,59465.29,59553.54,0,396874
2021-10-15 13:50:00,59553.53,59657.29,59528.76,59648.06,0,396875
2021-10-15 13:55:00,59648.06,59720.0,59562.53,59653.15,3,396876
2021-10-15 14:00:00,59653.15,59689.99,59545.54,59594.65,2,396877
2021-10-15 14:05:00,59594.65,59611.52,59525.2,59541.63,2,396878
2021-10-15 14:10:00,59541.64,59546.42,59442.95,59470.31,2,396879
2021-10-15 14:15:00,59470.3,59500.0,59365.03,59415.15,2,396880
2021-10-15 14:20:00,59415.15,59449.73,59219.59,59298.28,2,396881
2021-10-15 14:25:00,59298.29,59358.98,59267.94,59352.23,2,396882
2021-10-15 14:30:00,59352.24,59353.98,59253.01,59303.99,2,396883
2021-10-15 14:35:00,59303.99,59318.69,59240.01,59279.99,2,396884
2021-10-15 14:40:00,59280.0,59340.0,59263.8,59309.35,2,396885
2021-10-15 14:45:00,59309.36,59340.0,59266.06,59326.38,2,396886
2021-10-15 14:50:00,59326.38,59338.23,59270.36,59285.86,2,396887
2021-10-15 14:55:00,59285.86,59305.0,59189.23,59231.5,2,396888
2021-10-15 15:00:00,59231.5,59379.96,59226.06,59369.34,2,396889
2021-10-15 15:05:00,59369.33,59426.97,59231.99,59275.28,2,396890
2021-10-15 15:10:00,59275.28,59320.0,59083.1,59284.13,2,396891
2021-10-15 15:15:00,59284.13,59378.51,59170.41,59300.0,2,396892
2021-10-15 15:20:00,59299.99,59418.0,59186.14,59191.01,2,396893
2021-10-15 15:25:00,59191.01,59191.02,58964.43,59015.66,2,396894
2021-10-15 15:30:00,59015.66,59109.92,58951.0,58979.26,2,396895
2021-10-15 15:35:00,58979.26,59095.56,58968.21,59077.0,2,396896
2021-10-15 15:40:00,59076.99,59164.04,59072.19,59142.32,2,396897
2021-10-15 15:45:00,59142.33,59224.84,59014.46,59052.67,2,396898
2021-10-15 15:50:00,59052.68,59058.7,58800.0,58895.13,2,396899
2021-10-15 15:55:00,58895.13,58956.1,58829.64,58945.34,2,396900
2021-10-15 16:00:00,58945.35,58989.99,58771.93,58783.51,1,396901
2021-10-15 16:05:00,58783.5,58913.43,58739.17,58874.94,0,396902
2021-10-15 16:10:00,58874.94,58968.09,58874.94,58954.98,0,396903
2021-10-15 16:15:00,58952.94,59048.96,58925.86,59035.13,0,396904
2021-10-15 16:20:00,59035.14,59132.34,58988.4,59103.52,0,396905
2021-10-15 16:25:00,59103.52,59119.97,59037.4,59108.75,0,396906
2021-10-15 16:30:00,59108.74,59210.24,58999.34,59194.99,0,396907
2021-10-15 16:35:00,59195.0,59290.11,59155.68,59278.27,0,396908
2021-10-15 16:40:00,59278.26,59322.98,59172.4,59199.99,0,396909
2021-10-15 16:45:00,59200.0,59221.01,59134.0,59219.0,0,396910
2021-10-15 16:50:00,59219.0,59268.18,59176.08,59247.65,0,396911
2021-10-15 16:55:00,59247.64,59374.51,59242.03,59365.0,3,396912
2021-10-15 17:00:00,59364.99,59391.57,59249.97,59253.27,2,396913
2021-10-15 17:05:00,59253.28,59299.99,59149.26,59272.19,2,396914
2021-10-15 17:10:00,59272.19,59293.49,59180.0,59248.81,2,396915
2021-10-15 17:15:00,59248.8,59398.97,59247.15,59266.77,2,396916
2021-10-15 17:20:00,59266.78,59280.02,59063.02,59073.63,2,396917
2021-10-15 17:25:00,59073.62,59121.64,59000.0,59015.67,2,396918
2021-10-15 17:30:00,59015.68,59082.09,58940.0,58945.73,1,396919
2021-10-15 17:35:00,58945.74,59100.0,58848.95,59100.0,0,396920
2021-10-15 17:40:00,59099.99,59146.26,59052.84,59071.8,0,396921
2021-10-15 17:45:00,59071.79,59154.26,59056.97,59154.24,0,396922
2021-10-15 17:50:00,59154.25,59209.2,59145.2,59203.47,0,396923
2021-10-15 17:55:00,59203.46,59292.69,59203.46,59290.98,0,396924
2021-10-15 18:00:00,59290.98,59299.99,59193.35,59249.99,0,396925
2021-10-15 18:05:00,59250.0,59279.19,59222.18,59263.75,0,396926
2021-10-15 18:10:00,59263.75,59333.0,59248.59,59333.0,0,396927
2021-10-15 18:15:00,59332.99,59355.67,59276.2,59323.77,0,396928
2021-10-15 18:20:00,59323.76,59350.0,59242.52,59342.88,0,396929
2021-10-15 18:25:00,59342.89,59480.0,59330.53,59474.47,0,396930
2021-10-15 18:30:00,59474.48,59483.22,59314.89,59350.0,0,396931
2021-10-15 18:35:00,59350.0,59380.1,59336.76,59344.2,0,396932
2021-10-15 18:40:00,59344.19,59368.87,59285.71,59356.3,0,396933
2021-10-15 18:45:00,59356.31,59400.02,59302.46,59384.19,0,396934
2021-10-15 18:50:00,59384.19,59469.83,59384.18,59450.01,0,396935
2021-10-15 18:55:00,59450.01,59537.61,59450.0,59527.99,3,396936
2021-10-15 19:00:00,59527.99,59589.15,59404.76,59410.0,2,396937
2021-10-15 19:05:00,59410.0,59467.37,59326.83,59445.91,2,396938
2021-10-15 19:10:00,59445.91,59448.83,59310.64,59327.68,2,396939
2021-10-15 19:15:00,59327.69,59487.0,59310.77,59447.65,2,396940
2021-10-15 19:20:00,59447.65,59512.38,59406.94,59451.71,2,396941
2021-10-15 19:25:00,59451.69,59493.99,59424.44,59441.5,2,396942
2021-10-15 19:30:00,59441.49,59455.0,59415.58,59419.45,2,396943
2021-10-15 19:35:00,59419.46,59422.29,59375.0,59396.29,2,396944
2021-10-15 19:40:00,59396.28,59450.0,59385.23,59420.08,2,396945
2021-10-15 19:45:00,59420.08,59480.0,59243.24,59275.91,2,396946
2021-10-15 19:50:00,59275.91,59312.77,59187.66,59305.53,2,396947
2021-10-15 19:55:00,59305.54,59312.0,59235.04,59270.01,1,396948
2021-10-15 20:00:00,59270.01,59349.99,59223.0,59338.81,0,396949
2021-10-15 20:05:00,59338.8,59362.56,59317.0,59355.0,0,396950
2021-10-15 20:10:00,59355.0,59600.0,59346.38,59600.0,0,396951
2021-10-15 20:15:00,59599.99,59830.89,59581.6,59824.12,0,396952
2021-10-15 20:20:00,59824.13,59864.46,59713.34,59830.0,0,396953
2021-10-15 20:25:00,59830.0,59900.0,59745.17,59799.93,0,396954
2021-10-15 20:30:00,59799.93,59921.99,59725.0,59911.36,0,396955
2021-10-15 20:35:00,59911.37,59933.66,59729.0,59738.33,0,396956
2021-10-15 20:40:00,59738.33,59824.75,59701.03,59774.98,0,396957
2021-10-15 20:45:00,59774.98,59849.0,59759.17,59810.96,0,396958
2021-10-15 20:50:00,59810.97,60044.98,59798.99,59993.73,0,396959
2021-10-15 20:55:00,59993.73,60361.5,59880.0,59962.25,0,396960
2021-10-15 21:00:00,59962.26,60027.3,59620.0,59968.22,0,396961
2021-10-15 21:05:00,59974.16,60098.64,59898.37,60006.62,0,396962
2021-10-15 21:10:00,60006.63,60150.0,59981.14,60136.97,0,396963
2021-10-15 21:15:00,60136.97,60270.0,59920.73,60149.52,0,396964
2021-10-15 21:20:00,60149.52,60188.99,60010.33,60065.37,0,396965
2021-10-15 21:25:00,60065.36,60065.36,59811.64,59880.94,0,396966
2021-10-15 21:30:00,59880.95,59997.0,59794.69,59794.99,0,396967
2021-10-15 21:35:00,59794.99,59966.1,59784.09,59899.98,0,396968
2021-10-15 21:40:00,59899.98,59987.5,59864.9,59959.49,0,396969
2021-10-15 21:45:00,59959.49,60000.0,59880.0,59950.0,0,396970
2021-10-15 21:50:00,59949.99,60181.99,59940.68,60008.2,0,396971
2021-10-15 21:55:00,60008.2,60123.21,59969.0,60077.7,3,396972
2021-10-15 22:00:00,60077.7,60116.2,59904.82,59958.39,2,396973
2021-10-15 22:05:00,59958.38,59999.99,59925.0,59966.74,2,396974
2021-10-15 22:10:00,59966.74,59990.47,59617.91,59860.61,2,396975
2021-10-15 22:15:00,59860.61,59920.73,59737.96,59795.28,2,396976
2021-10-15 22:20:00,59795.27,59859.15,59676.21,59799.74,2,396977
2021-10-15 22:25:00,59799.75,59829.99,59670.64,59718.85,1,396978
2021-10-15 22:30:00,59718.86,59830.74,59700.59,59778.84,0,396979
2021-10-15 22:35:00,59778.84,59993.89,59703.61,59885.73,0,396980
2021-10-15 22:40:00,59885.74,60110.0,59871.21,60012.43,0,396981
2021-10-15 22:45:00,60012.43,60049.53,59875.44,59952.68,0,396982
2021-10-15 22:50:00,59952.69,60062.79,59902.37,60027.0,0,396983
2021-10-15 22:55:00,60027.0,60095.27,59881.17,60038.36,0,396984
2021-10-15 23:00:00,60038.36,60150.0,60001.91,60131.69,0,396985
2021-10-15 23:05:00,60132.72,60270.78,60088.71,60215.66,0,396986
2021-10-15 23:10:00,60215.66,60430.15,60117.83,60395.82,0,396987
2021-10-15 23:15:00,60395.81,60714.5,60329.9,60557.99,0,396988
2021-10-15 23:20:00,60557.99,60559.14,60340.63,60379.75,0,396989
2021-10-15 23:25:00,60382.72,60561.1,60361.65,60536.74,0,396990
2021-10-15 23:30:00,60536.75,60890.0,60536.74,60703.12,0,396991
2021-10-15 23:35:00,60703.12,60942.56,60662.99,60924.65,0,396992
2021-10-15 23:40:00,60924.15,61435.21,60888.31,61248.22,0,396993
2021-10-15 23:45:00,61248.22,61435.21,61076.92,61247.59,0,396994
2021-10-15 23:50:00,61247.58,61363.91,61237.37,61283.44,0,396995
2021-10-15 23:55:00,61280.2,61533.0,61250.0,61456.49,0,396996
2021-10-16 00:00:00,61456.48,61527.05,61300.0,61369.97,0,396997
2021-10-16 00:05:00,61369.33,61785.0,61288.68,61359.34,0,396998
2021-10-16 00:10:00,61361.66,61600.0,61270.0,61540.0,0,396999
2021-10-16 00:15:00,61540.01,61573.41,61390.0,61439.91,0,397000
2021-10-16 00:20:00,61439.92,61562.86,61420.15,61456.03,0,397001
2021-10-16 00:25:00,61456.03,61461.0,61206.05,61217.34,0,397002
2021-10-16 00:30:00,61217.34,61352.76,61054.64,61292.21,0,397003
2021-10-16 00:35:00,61292.21,61450.0,61292.2,61427.82,0,397004
2021-10-16 00:40:00,61427.82,61810.33,61389.86,61754.1,0,397005
2021-10-16 00:45:00,61754.1,61848.0,61609.24,61819.99,0,397006
2021-10-16 00:50:00,61819.99,61855.0,61693.27,61719.99,0,397007
2021-10-16 00:55:00,61720.0,61880.0,61660.71,61762.0,0,397008
2021-10-16 01:00:00,61762.01,61765.1,61583.84,61677.0,0,397009
2021-10-16 01:05:00,61676.99,61785.6,61662.53,61692.69,0,397010
2021-10-16 01:10:00,61692.64,61763.0,61600.0,61631.47,0,397011
2021-10-16 01:15:00,61631.46,61747.85,61585.0,61729.38,0,397012
2021-10-16 01:20:00,61729.38,61820.56,61674.71,61817.67,3,397013
2021-10-16 01:25:00,61814.44,61818.82,61728.01,61801.69,2,397014
2021-10-16 01:30:00,61801.7,61854.34,61682.42,61767.53,2,397015
2021-10-16 01:35:00,61767.53,61767.53,61621.8,61645.96,2,397016
2021-10-16 01:40:00,61645.95,61754.4,61601.77,61708.69,2,397017
2021-10-16 01:45:00,61708.69,61728.63,61521.69,61595.33,2,397018
2021-10-16 01:50:00,61595.33,61650.0,61552.31,61576.58,2,397019
2021-10-16 01:55:00,61576.59,61662.74,61521.0,61649.97,2,397020
2021-10-16 02:00:00,61649.97,61675.21,61343.0,61403.86,2,397021
2021-10-16 02:05:00,61403.86,61503.55,61352.48,61395.69,2,397022
2021-10-16 02:10:00,61392.85,61395.68,61288.0,61365.01,2,397023
2021-10-16 02:15:00,61365.01,61448.99,61348.05,61420.36,2,397024
2021-10-16 02:20:00,61420.35,61481.34,61378.01,61399.25,2,397025
2021-10-16 02:25:00,61394.58,61439.27,61371.04,61414.07,2,397026
2021-10-16 02:30:00,61414.07,61438.0,61302.01,61371.88,2,397027
2021-10-16 02:35:00,61371.89,61390.46,61232.57,61368.99,2,397028
2021-10-16 02:40:00,61368.99,61408.71,61229.33,61252.45,1,397029
2021-10-16 02:45:00,61252.45,61367.41,61225.01,61279.86,0,397030
2021-10-16 02:50:00,61279.86,61490.0,61278.69,61431.23,0,397031
2021-10-16 02:55:00,61431.23,61490.0,61400.01,61446.32,0,397032
2021-10-16 03:00:00,61446.33,61480.17,61274.11,61295.06,0,397033
2021-10-16 03:05:00,61295.06,61379.99,61295.05,61319.88,0,397034
2021-10-16 03:10:00,61319.88,61445.0,61308.08,61408.71,0,397035
2021-10-16 03:15:00,61408.72,62521.98,61140.27,61618.17,0,397036
2021-10-16 03:20:00,61618.17,62715.86,61578.62,62672.72,0,397037
2021-10-16 03:25:00,62672.71,62933.0,62401.59,62466.99,0,397038
2021-10-16 03:30:00,62466.98,62524.14,61579.33,62065.84,0,397039
2021-10-16 03:35:00,62065.85,62164.38,61884.13,61974.57,0,397040
2021-10-16 03:40:00,61974.56,62332.3,61969.39,62260.16,0,397041
2021-10-16 03:45:00,62260.16,62454.86,62242.85,62307.6,0,397042
2021-10-16 03:50:00,62307.6,62384.0,62241.64,62349.99,0,397043
2021-10-16 03:55:00,62349.99,62567.91,62340.0,62557.59,3,397044
2021-10-16 04:00:00,62557.58,62583.65,62286.2,62293.48,2,397045
2021-10-16 04:05:00,62293.48,62436.85,62111.11,62191.44,2,397046
2021-10-16 04:10:00,62191.43,62371.57,62030.84,62080.96,2,397047
2021-10-16 04:15:00,62080.96,62193.22,61941.01,62052.89,2,397048
2021-10-16 04:20:00,62052.9,62148.18,61600.0,61735.58,2,397049
2021-10-16 04:25:00,61728.11,61754.77,61451.0,61525.4,1,397050
2021-10-16 04:30:00,61523.13,61851.6,61523.13,61829.39,0,397051
2021-10-16 04:35:00,61829.39,61943.55,61829.21,61925.02,0,397052
2021-10-16 04:40:00,61925.02,61926.69,61700.0,61731.78,0,397053
2021-10-16 04:45:00,61732.0,61733.9,61331.34,61410.21,0,397054
2021-10-16 04:50:00,61410.21,61632.65,61190.0,61400.67,0,397055
2021-10-16 04:55:00,61400.68,61421.9,60797.01,61209.41,0,397056
2021-10-16 05:00:00,61209.42,61461.22,61206.35,61342.73,0,397057
2021-10-16 05:05:00,61336.57,61498.44,61336.57,61474.35,3,397058
2021-10-16 05:10:00,61476.05,61515.15,61352.95,61380.01,2,397059
2021-10-16 05:15:00,61380.0,61550.12,61205.83,61292.88,2,397060
2021-10-16 05:20:00,61292.89,61447.9,61270.53,61279.88,2,397061
2021-10-16 05:25:00,61279.89,61385.78,61252.0,61286.88,2,397062
2021-10-16 05:30:00,61286.88,61411.5,61275.9,61374.33,2,397063
2021-10-16 05:35:00,61374.32,61506.72,61373.11,61389.97,2,397064
2021-10-16 05:40:00,61389.97,61402.05,61278.25,61373.58,2,397065
2021-10-16 05:45:00,61373.58,61455.71,61336.97,61362.94,2,397066
2021-10-16 05:50:00,61362.93,61429.79,61300.0,61372.9,2,397067
2021-10-16 05:55:00,61372.9,61398.41,61268.0,61294.28,2,397068
2021-10-16 06:00:00,61294.27,61294.28,61100.04,61188.06,2,397069
2021-10-16 06:05:00,61188.07,61196.89,60905.2,61065.53,2,397070
2021-10-16 06:10:00,61065.53,61080.23,60934.29,60977.14,1,397071
2021-10-16 06:15:00,60977.13,61180.07,60935.92,61169.64,0,397072
2021-10-16 06:20:00,61169.64,61369.55,61166.26,61265.98,0,397073
2021-10-16 06:25:00,61265.99,61391.97,61260.5,61352.98,0,397074
2021-10-16 06:30:00,61352.98,61398.41,61298.04,61398.32,0,397075
2021-10-16 06:35:00,61398.31,61423.0,61344.76,61366.34,0,397076
2021-10-16 06:40:00,61366.34,61634.67,61356.61,61536.43,0,397077
2021-10-16 06:45:00,61535.05,61535.06,61420.58,61442.23,0,397078
2021-10-16 06:50:00,61442.24,61559.87,61407.58,61543.87,0,397079
2021-10-16 06:55:00,61543.88,61805.55,61523.59,61672.42,0,397080
2021-10-16 07:00:00,61672.42,61771.65,61514.34,61564.77,0,397081
2021-10-16 07:05:00,61564.78,61572.32,61186.33,61496.48,0,397082
2021-10-16 07:10:00,61496.49,61545.74,61324.08,61385.64,0,397083
2021-10-16 07:15:00,61385.64,61419.63,61250.0,61379.99,0,397084
2021-10-16 07:20:00,61380.0,61630.0,61368.15,61629.99,0,397085
2021-10-16 07:25:00,61630.0,61667.53,61527.77,61548.34,0,397086
2021-10-16 07:30:00,61548.33,61625.38,61537.28,61581.81,0,397087
2021-10-16 07:35:00,61581.81,61581.81,61400.82,61415.67,0,397088
2021-10-16 07:40:00,61415.66,61423.96,61182.13,61335.99,0,397089
2021-10-16 07:45:00,61335.99,61404.24,61288.61,61353.52,0,397090
2021-10-16 07:50:00,61353.52,61418.33,61280.0,61414.24,0,397091
2021-10-16 07:55:00,61414.24,61466.51,61343.86,61448.92,0,397092
2021-10-16 08:00:00,61448.92,61467.99,61253.15,61462.69,0,397093
2021-10-16 08:05:00,61462.68,61560.0,61439.99,61507.4,0,397094
2021-10-16 08:10:00,61507.4,61547.76,61415.78,61471.61,0,397095
2021-10-16 08:15:00,61471.61,61550.0,61418.71,61441.26,0,397096
2021-10-16 08:20:00,61441.25,61544.66,61441.25,61521.29,0,397097
2021-10-16 08:25:00,61521.29,61555.98,61488.86,61538.73,3,397098
2021-10-16 08:30:00,61538.73,61541.34,61367.73,61380.01,2,397099
2021-10-16 08:35:00,61380.0,61380.01,61235.44,61348.23,2,397100
2021-10-16 08:40:00,61348.22,61348.23,61240.16,61321.61,2,397101
2021-10-16 08:45:00,61321.62,61321.62,61200.0,61281.14,2,397102
2021-10-16 08:50:00,61281.14,61353.07,61273.64,61344.0,2,397103
2021-10-16 08:55:00,61344.0,61393.08,61341.0,61393.07,2,397104
2021-10-16 09:00:00,61393.07,61393.07,61145.34,61260.8,2,397105
2021-10-16 09:05:00,61260.81,61278.84,61165.87,61224.0,2,397106
2021-10-16 09:10:00,61224.0,61247.24,61120.0,61189.99,1,397107
2021-10-16 09:15:00,61189.99,61265.57,61170.63,61219.99,0,397108
2021-10-16 09:20:00,61219.99,61295.47,61186.29,61293.98,0,397109
2021-10-16 09:25:00,61293.98,61455.22,61279.08,61450.0,0,397110
2021-10-16 09:30:00,61450.0,61476.98,61406.64,61406.64,0,397111
2021-10-16 09:35:00,61406.64,61549.35,61375.4,61513.83,0,397112
2021-10-16 09:40:00,61513.82,61547.47,61476.77,61540.36,0,397113
2021-10-16 09:45:00,61540.36,61546.53,61455.57,61515.77,0,397114
2021-10-16 09:50:00,61515.76,61735.94,61484.0,61695.97,0,397115
2021-10-16 09:55:00,61699.07,61701.56,61584.73,61618.37,0,397116
2021-10-16 10:00:00,61618.38,61635.21,61557.56,61602.71,0,397117
2021-10-16 10:05:00,61602.7,61689.83,61542.58,61677.62,0,397118
2021-10-16 10:10:00,61677.62,61742.04,61663.77,61725.73,3,397119
2021-10-16 10:15:00,61725.73,61738.46,61650.17,61667.6,2,397120
2021-10-16 10:20:00,61667.61,61690.75,61625.01,61658.64,2,397121
2021-10-16 10:25:00,61658.64,61658.98,61577.85,61645.9,2,397122
2021-10-16 10:30:00,61645.9,61687.94,61620.46,61621.22,2,397123
2021-10-16 10:35:00,61621.21,61624.82,61521.08,61526.86,2,397124
2021-10-16 10:40:00,61526.86,61549.93,61451.95,61469.55,2,397125
2021-10-16 10:45:00,61469.55,61469.56,61360.22,61391.79,1,397126
2021-10-16 10:50:00,61391.79,61525.51,61391.79,61484.51,0,397127
2021-10-16 10:55:00,61484.5,61655.99,61482.01,61655.99,0,397128
2021-10-16 11:00:00,61655.99,61659.99,61551.31,61659.27,0,397129
2021-10-16 11:05:00,61659.27,61739.44,61658.96,61739.44,0,397130
2021-10-16 11:10:00,61739.43,62114.5,61723.16,62071.65,3,397131
2021-10-16 11:15:00,62071.64,62178.97,61902.34,61909.21,2,397132
2021-10-16 11:20:00,61909.2,61930.99,61830.82,61850.28,2,397133
2021-10-16 11:25:00,61850.29,61959.63,61800.0,61854.95,2,397134
2021-10-16 11:30:00,61854.95,61864.69,61755.62,61800.38,2,397135
2021-10-16 11:35:00,61800.38,61800.39,61627.57,61785.23,2,397136
2021-10-16 11:40:00,61785.23,61854.38,61755.0,61838.26,2,397137
2021-10-16 11:45:00,61838.26,61838.27,61726.5,61774.91,2,397138
2021-10-16 11:50:00,61774.92,61862.66,61764.0,61854.88,2,397139
2021-10-16 11:55:00,61854.89,61873.69,61730.0,61747.64,1,397140
2021-10-16 12:00:00,61747.64,61817.03,61721.3,61800.01,0,397141
2021-10-16 12:05:00,61800.0,61900.0,61751.95,61900.0,0,397142
2021-10-16 12:10:00,61900.0,62032.55,61890.17,62001.23,0,397143
2021-10-16 12:15:00,62001.23,62089.03,61918.11,62011.92,0,397144
2021-10-16 12:20:00,62011.93,62199.99,62001.56,62101.76,0,397145
2021-10-16 12:25:00,62101.76,62378.42,62032.39,62332.47,3,397146
2021-10-16 12:30:00,62332.47,62359.99,62155.4,62207.55,2,397147
2021-10-16 12:35:00,62207.54,62221.12,62162.3,62205.92,2,397148
2021-10-16 12:40:00,62205.92,62286.61,62169.17,62177.19,2,397149
2021-10-16 12:45:00,62177.18,62241.0,62121.3,62240.01,2,397150
2021-10-16 12:50:00,62240.01,62257.74,62080.0,62137.22,2,397151
2021-10-16 12:55:00,62137.22,62182.98,62100.5,62133.82,2,397152
2021-10-16 13:00:00,62133.83,62144.15,62050.0,62121.12,2,397153
2021-10-16 13:05:00,62121.12,62159.62,62059.0,62158.73,2,397154
2021-10-16 13:10:00,62158.73,62200.0,62118.47,62187.49,2,397155
2021-10-16 13:15:00,62187.48,62319.77,62160.77,62162.41,2,397156
2021-10-16 13:20:00,62162.42,62162.42,62000.0,62074.17,2,397157
2021-10-16 13:25:00,62074.21,62216.3,62012.78,62190.55,2,397158
2021-10-16 13:30:00,62190.54,62209.79,62105.71,62108.87,2,397159
2021-10-16 13:35:00,62108.86,62138.6,62035.58,62096.61,2,397160
2021-10-16 13:40:00,62096.6,62138.24,62038.97,62044.09,2,397161
2021-10-16 13:45:00,62044.08,62100.0,62025.0,62064.22,2,397162
2021-10-16 13:50:00,62064.21,62064.22,61857.15,61873.06,2,397163
2021-10-16 13:55:00,61873.05,61936.35,61856.0,61856.0,2,397164
2021-10-16 14:00:00,61856.01,61868.98,61797.55,61828.0,2,397165
2021-10-16 14:05:00,61828.01,61972.74,61828.0,61972.73,2,397166
2021-10-16 14:10:00,61972.74,61975.29,61832.9,61900.0,2,397167
2021-10-16 14:15:00,61899.99,61930.14,61840.01,61864.94,2,397168
2021-10-16 14:20:00,61864.95,61868.75,61729.0,61824.43,2,397169
2021-10-16 14:25:00,61824.43,61860.55,61792.9,61832.65,2,397170
2021-10-16 14:30:00,61832.65,61880.0,61791.34,61794.8,2,397171
2021-10-16 14:35:00,61794.8,61810.34,61562.87,61714.68,1,397172
2021-10-16 14:40:00,61714.67,61805.55,61714.67,61796.55,0,397173
2021-10-16 14:45:00,61796.55,61850.0,61736.11,61786.61,0,397174
2021-10-16 14:50:00,61786.61,61789.73,61731.01,61733.95,0,397175
2021-10-16 14:55:00,61733.94,61753.16,61642.9,61733.96,0,397176
2021-10-16 15:00:00,61733.96,61844.17,61690.03,61842.5,0,397177
2021-10-16 15:05:00,61842.5,61877.55,61778.8,61861.56,0,397178
2021-10-16 15:10:00,61861.57,62062.55,61820.12,62040.02,3,397179
2021-10-16 15:15:00,62040.01,62041.99,61860.5,61873.53,2,397180
2021-10-16 15:20:00,61873.54,61950.0,61871.38,61878.72,2,397181
2021-10-16 15:25:00,61878.72,62014.64,61878.71,62009.36,2,397182
2021-10-16 15:30:00,62009.35,62017.74,61711.2,61731.01,2,397183
2021-10-16 15:35:00,61731.01,61809.28,61653.47,61742.92,2,397184
2021-10-16 15:40:00,61742.91,61757.28,61690.3,61702.0,2,397185
2021-10-16 15:45:00,61702.0,61738.07,61565.99,61632.67,2,397186
2021-10-16 15:50:00,61632.68,61648.03,61446.39,61499.99,2,397187
2021-10-16 15:55:00,61500.0,61589.99,61453.48,61529.95,2,397188
2021-10-16 16:00:00,61529.94,61590.0,61469.71,61588.38,2,397189
2021-10-16 16:05:00,61588.38,61620.0,61500.0,61518.53,2,397190
2021-10-16 16:10:00,61518.54,61560.02,61501.61,61552.98,2,397191
2021-10-16 16:15:00,61552.99,61623.65,61543.98,61616.97,2,397192
2021-10-16 16:20:00,61616.96,61650.0,61572.88,61617.0,2,397193
2021-10-16 16:25:00,61617.0,61619.23,61539.88,61555.77,2,397194
2021-10-16 16:30:00,61555.97,61593.33,61510.84,61575.17,2,397195
2021-10-16 16:35:00,61575.17,61600.0,61550.01,61569.79,2,397196
2021-10-16 16:40:00,61569.78,61597.63,61520.3,61553.75,2,397197
2021-10-16 16:45:00,61553.75,61581.0,61405.66,61418.45,2,397198
2021-10-16 16:50:00,61418.45,61453.98,61395.32,61441.98,2,397199
2021-10-16 16:55:00,61441.98,61441.98,61385.42,61424.73,2,397200
2021-10-16 17:00:00,61424.72,61437.0,61324.79,61418.3,1,397201
2021-10-16 17:05:00,61418.29,61566.83,61418.01,61555.65,0,397202
2021-10-16 17:10:00,61555.64,61631.11,61546.12,61625.18,0,397203
2021-10-16 17:15:00,61625.19,61649.67,61554.43,61566.99,0,397204
2021-10-16 17:20:00,61566.98,61673.0,61560.19,61651.01,0,397205
2021-10-16 17:25:00,61651.0,61684.98,61635.92,61655.64,0,397206
2021-10-16 17:30:00,61655.64,61669.52,61613.2,61643.99,0,397207
2021-10-16 17:35:00,61643.99,61644.0,61527.91,61580.73,0,397208
2021-10-16 17:40:00,61580.73,61589.99,61493.74,61567.98,0,397209
2021-10-16 17:45:00,61567.97,61647.8,61526.11,61536.05,0,397210
2021-10-16 17:50:00,61536.05,61550.0,61360.06,61504.01,0,397211
2021-10-16 17:55:00,61504.02,61611.11,61498.09,61536.07,0,397212
2021-10-16 18:00:00,61536.07,61539.76,61430.0,61436.19,0,397213
2021-10-16 18:05:00,61433.02,61631.55,61433.01,61615.54,0,397214
2021-10-16 18:10:00,61615.55,61647.7,61570.35,61593.13,0,397215
2021-10-16 18:15:00,61593.13,61650.0,61563.5,61607.18,0,397216
2021-10-16 18:20:00,61607.19,61654.64,61570.0,61649.86,0,397217
