date,open,high,low,close,label,source_idx
2024-05-04 19:25:00,63925.0,63970.57,63924.9,63944.04,0,665342
2024-05-04 19:30:00,63944.05,63944.05,63849.42,63857.37,0,665343
2024-05-04 19:35:00,63857.37,63880.7,63792.41,63845.55,0,665344
2024-05-04 19:40:00,63845.55,63924.89,63845.54,63921.79,0,665345
2024-05-04 19:45:00,63921.79,63921.8,63850.0,63850.01,0,665346
2024-05-04 19:50:00,63850.0,63925.01,63827.33,63904.02,0,665347
2024-05-04 19:55:00,63904.03,64098.63,63858.96,64066.35,0,665348
2024-05-04 20:00:00,64066.34,64158.19,64036.57,64080.55,3,665349
2024-05-04 20:05:00,64080.54,64080.55,63929.55,63973.53,2,665350
2024-05-04 20:10:00,63973.54,63981.25,63907.46,63924.1,2,665351
2024-05-04 20:15:00,63924.1,63924.11,63743.58,63815.68,2,665352
2024-05-04 20:20:00,63815.68,63896.4,63803.33,63814.22,2,665353
2024-05-04 20:25:00,63814.23,63853.02,63726.51,63746.9,2,665354
2024-05-04 20:30:00,63746.9,63758.0,63511.92,63636.45,2,665355
2024-05-04 20:35:00,63636.46,63636.46,63434.53,63493.57,1,665356
2024-05-04 20:40:00,63493.56,63584.33,63490.6,63578.8,0,665357
2024-05-04 20:45:00,63578.79,63690.0,63549.6,63666.74,0,665358
2024-05-04 20:50:00,63666.75,63691.37,63611.84,63618.07,0,665359
2024-05-04 20:55:00,63618.08,63765.77,63618.07,63730.01,0,665360
2024-05-04 21:00:00,63730.0,63761.97,63639.43,63689.99,0,665361
2024-05-04 21:05:00,63689.99,63690.0,63626.54,63654.59,0,665362
2024-05-04 21:10:00,63654.6,63662.23,63620.0,63620.5,0,665363
2024-05-04 21:15:00,63620.5,63694.59,63550.28,63672.91,0,665364
2024-05-04 21:20:00,63672.91,63739.0,63672.91,63686.99,0,665365
2024-05-04 21:25:00,63686.99,63726.89,63686.99,63726.65,0,665366
2024-05-04 21:30:00,63726.64,63790.57,63704.71,63748.78,0,665367
2024-05-04 21:35:00,63748.79,63796.55,63739.63,63787.1,0,665368
2024-05-04 21:40:00,63787.1,63795.03,63720.05,63740.09,0,665369
2024-05-04 21:45:00,63740.09,63956.0,63685.48,63885.83,3,665370
2024-05-04 21:50:00,63885.82,63899.62,63774.31,63807.92,2,665371
2024-05-04 21:55:00,63807.92,63880.51,63807.91,63819.09,2,665372
2024-05-04 22:00:00,63819.08,63846.0,63732.03,63748.13,2,665373
2024-05-04 22:05:00,63748.13,63748.13,63690.48,63725.32,2,665374
2024-05-04 22:10:00,63725.31,63741.91,63611.84,63629.34,2,665375
2024-05-04 22:15:00,63629.35,63661.74,63581.06,63661.74,2,665376
2024-05-04 22:20:00,63661.74,63682.99,63648.68,63678.25,2,665377
2024-05-04 22:25:00,63678.25,63686.4,63612.94,63613.29,2,665378
2024-05-04 22:30:00,63613.3,63638.38,63439.56,63440.0,1,665379
2024-05-04 22:35:00,63440.0,63557.79,63439.99,63523.65,0,665380
2024-05-04 22:40:00,63523.65,63578.4,63506.79,63570.86,0,665381
2024-05-04 22:45:00,63570.87,63593.72,63507.96,63593.72,0,665382
2024-05-04 22:50:00,63593.72,63633.0,63589.92,63589.93,0,665383
2024-05-04 22:55:00,63589.93,63635.42,63581.06,63609.17,0,665384
2024-05-04 23:00:00,63609.17,63650.0,63526.92,63538.13,0,665385
2024-05-04 23:05:00,63538.13,63538.14,63386.01,63506.63,0,665386
2024-05-04 23:10:00,63506.62,63536.7,63437.89,63505.97,0,665387
2024-05-04 23:15:00,63505.96,63600.0,63503.69,63581.06,0,665388
2024-05-04 23:20:00,63581.05,63609.69,63521.01,63536.73,0,665389
2024-05-04 23:25:00,63536.74,63540.26,63455.73,63531.91,0,665390
2024-05-04 23:30:00,63531.91,63650.0,63523.77,63569.35,0,665391
2024-05-04 23:35:00,63569.35,63696.01,63450.0,63683.84,0,665392
2024-05-04 23:40:00,63683.84,63731.86,63600.01,63640.01,0,665393
2024-05-04 23:45:00,63640.0,63720.0,63640.0,63720.0,3,665394
2024-05-04 23:50:00,63720.0,63720.0,63653.01,63655.6,2,665395
2024-05-04 23:55:00,63655.6,63685.38,63613.2,63683.01,2,665396
2024-05-05 00:00:00,63683.02,63696.67,63620.44,63677.01,2,665397
2024-05-05 00:05:00,63677.02,63692.4,63605.46,63605.48,2,665398
2024-05-05 00:10:00,63605.47,63774.6,63501.21,63659.99,2,665399
2024-05-05 00:15:00,63660.0,63660.0,63533.7,63546.75,2,665400
2024-05-05 00:20:00,63546.76,63617.41,63476.74,63476.74,2,665401
2024-05-05 00:25:00,63476.75,63572.34,63333.33,63492.91,2,665402
2024-05-05 00:30:00,63492.92,63568.24,63455.41,63554.89,2,665403
2024-05-05 00:35:00,63554.89,63554.89,63479.63,63541.13,2,665404
2024-05-05 00:40:00,63541.13,63583.58,63525.28,63525.28,2,665405
2024-05-05 00:45:00,63525.28,63575.42,63484.92,63533.42,2,665406
2024-05-05 00:50:00,63533.41,63550.54,63300.58,63427.15,2,665407
2024-05-05 00:55:00,63427.15,63488.72,63420.46,63463.3,2,665408
2024-05-05 01:00:00,63463.3,63465.52,63388.12,63460.04,2,665409
2024-05-05 01:05:00,63460.05,63481.29,63418.0,63423.67,1,665410
2024-05-05 01:10:00,63423.66,63482.33,63423.66,63479.89,0,665411
2024-05-05 01:15:00,63479.9,63550.29,63445.64,63538.26,0,665412
2024-05-05 01:20:00,63538.27,63586.08,63538.26,63579.96,0,665413
2024-05-05 01:25:00,63579.96,63579.97,63554.53,63563.8,0,665414
2024-05-05 01:30:00,63563.8,63660.03,63563.79,63637.71,0,665415
2024-05-05 01:35:00,63637.7,63698.84,63621.4,63655.83,0,665416
2024-05-05 01:40:00,63655.83,63744.69,63655.82,63744.69,0,665417
2024-05-05 01:45:00,63744.68,63744.69,63653.1,63672.09,0,665418
2024-05-05 01:50:00,63672.08,63673.42,63637.34,63669.14,0,665419
2024-05-05 01:55:00,63669.14,63678.72,63626.54,63643.63,0,665420
2024-05-05 02:00:00,63643.63,63682.06,63589.43,63632.99,0,665421
2024-05-05 02:05:00,63633.0,63638.79,63606.38,63613.55,0,665422
2024-05-05 02:10:00,63613.55,63614.98,63581.06,63581.06,0,665423
2024-05-05 02:15:00,63581.07,63634.01,63540.41,63611.6,0,665424
2024-05-05 02:20:00,63611.6,63631.58,63596.22,63631.58,0,665425
2024-05-05 02:25:00,63631.58,63673.42,63621.35,63631.9,0,665426
2024-05-05 02:30:00,63631.9,63662.21,63606.63,63651.48,0,665427
2024-05-05 02:35:00,63651.47,63671.66,63628.85,63632.92,0,665428
2024-05-05 02:40:00,63632.92,63687.96,63618.91,63687.95,0,665429
2024-05-05 02:45:00,63687.95,63777.12,63680.08,63757.47,0,665430
2024-05-05 02:50:00,63757.47,64019.83,63757.46,64013.34,0,665431
2024-05-05 02:55:00,64013.33,64015.81,63921.17,63921.18,0,665432
2024-05-05 03:00:00,63921.17,64062.25,63921.17,64009.03,0,665433
2024-05-05 03:05:00,64009.04,64166.66,64000.0,64140.25,3,665434
2024-05-05 03:10:00,64140.25,64240.76,64111.79,64126.21,2,665435
2024-05-05 03:15:00,64126.21,64131.61,64012.03,64058.14,2,665436
2024-05-05 03:20:00,64058.13,64092.34,64019.19,64050.01,2,665437
2024-05-05 03:25:00,64050.01,64063.83,64036.55,64040.28,2,665438
2024-05-05 03:30:00,64040.28,64040.29,63953.77,63972.44,2,665439
2024-05-05 03:35:00,63972.43,63981.75,63853.74,63877.12,2,665440
2024-05-05 03:40:00,63877.11,63959.04,63858.11,63920.66,2,665441
2024-05-05 03:45:00,63920.65,63967.75,63899.61,63899.62,2,665442
2024-05-05 03:50:00,63899.62,63899.62,63858.11,63876.37,2,665443
2024-05-05 03:55:00,63876.37,63915.29,63867.73,63867.73,1,665444
2024-05-05 04:00:00,63867.74,63905.04,63844.05,63878.58,0,665445
2024-05-05 04:05:00,63878.58,63967.79,63843.88,63957.71,0,665446
2024-05-05 04:10:00,63957.72,64020.39,63947.75,63989.94,0,665447
2024-05-05 04:15:00,63989.95,64073.14,63979.62,64073.14,3,665448
2024-05-05 04:20:00,64073.13,64073.14,64022.0,64054.25,2,665449
2024-05-05 04:25:00,64054.26,64112.51,64028.25,64028.26,2,665450
2024-05-05 04:30:00,64028.26,64039.63,63550.0,63550.01,1,665451
2024-05-05 04:35:00,63550.01,63713.84,63550.0,63642.63,0,665452
2024-05-05 04:40:00,63642.63,63739.19,63590.99,63704.19,0,665453
2024-05-05 04:45:00,63704.19,63736.4,63704.19,63735.97,0,665454
2024-05-05 04:50:00,63735.98,63983.76,63735.97,63859.21,0,665455
2024-05-05 04:55:00,63859.2,63931.02,63844.88,63903.91,3,665456
2024-05-05 05:00:00,63903.91,63945.92,63755.31,63796.54,2,665457
2024-05-05 05:05:00,63796.54,63822.0,63735.97,63740.0,2,665458
2024-05-05 05:10:00,63739.99,63781.46,63689.38,63740.26,2,665459
2024-05-05 05:15:00,63740.25,63754.0,63662.8,63685.99,2,665460
2024-05-05 05:20:00,63686.0,63751.11,63685.99,63745.99,2,665461
2024-05-05 05:25:00,63746.0,63765.77,63728.0,63728.02,2,665462
2024-05-05 05:30:00,63728.02,63807.18,63728.01,63787.63,2,665463
2024-05-05 05:35:00,63787.64,63787.64,63725.23,63729.99,2,665464
2024-05-05 05:40:00,63730.0,63730.0,63679.05,63711.23,2,665465
2024-05-05 05:45:00,63711.22,63718.0,63661.7,63661.71,2,665466
2024-05-05 05:50:00,63661.7,63720.7,63569.99,63580.0,1,665467
2024-05-05 05:55:00,63579.99,63633.5,63576.75,63613.92,0,665468
2024-05-05 06:00:00,63613.92,63703.47,63606.62,63702.01,0,665469
2024-05-05 06:05:00,63702.01,63764.41,63692.94,63754.0,0,665470
2024-05-05 06:10:00,63754.01,63807.26,63733.29,63805.32,0,665471
2024-05-05 06:15:00,63805.31,63917.27,63801.0,63898.43,0,665472
2024-05-05 06:20:00,63898.42,63926.17,63860.0,63923.97,0,665473
2024-05-05 06:25:00,63923.97,63927.72,63876.0,63907.83,0,665474
2024-05-05 06:30:00,63907.84,63930.0,63858.11,63875.99,0,665475
2024-05-05 06:35:00,63875.99,63924.15,63868.08,63898.44,0,665476
2024-05-05 06:40:00,63898.44,63932.61,63858.21,63862.63,0,665477
2024-05-05 06:45:00,63862.62,63875.97,63819.94,63854.18,0,665478
2024-05-05 06:50:00,63854.17,63880.0,63796.54,63879.99,0,665479
2024-05-05 06:55:00,63879.99,63896.76,63868.37,63892.04,0,665480
2024-05-05 07:00:00,63892.03,64066.0,63892.03,63974.57,0,665481
2024-05-05 07:05:00,63974.57,64011.76,63933.05,63992.79,0,665482
2024-05-05 07:10:00,63992.78,64029.08,63992.78,64025.55,3,665483
2024-05-05 07:15:00,64025.56,64038.36,63946.05,64019.13,2,665484
2024-05-05 07:20:00,64019.12,64020.54,63970.0,63970.01,2,665485
2024-05-05 07:25:00,63970.0,64188.0,63911.08,63914.33,2,665486
2024-05-05 07:30:00,63914.33,63924.78,63733.4,63745.91,2,665487
2024-05-05 07:35:00,63745.92,63796.55,63619.89,63741.09,2,665488
2024-05-05 07:40:00,63741.08,63741.09,63446.04,63468.01,2,665489
2024-05-05 07:45:00,63468.0,63541.48,63468.0,63534.71,2,665490
2024-05-05 07:50:00,63534.7,63534.72,63418.53,63442.16,2,665491
2024-05-05 07:55:00,63442.16,63514.0,63442.15,63509.52,2,665492
2024-05-05 08:00:00,63509.52,63536.07,63466.03,63534.74,2,665493
2024-05-05 08:05:00,63534.74,63580.0,63531.98,63579.99,2,665494
2024-05-05 08:10:00,63579.99,63580.0,63303.36,63361.34,2,665495
2024-05-05 08:15:00,63361.34,63392.24,63104.49,63352.01,2,665496
2024-05-05 08:20:00,63352.01,63364.0,63197.84,63303.99,2,665497
2024-05-05 08:25:00,63304.0,63318.87,63145.54,63262.12,2,665498
2024-05-05 08:30:00,63262.12,63325.06,63060.72,63071.99,2,665499
2024-05-05 08:35:00,63071.99,63119.33,62822.17,63018.59,1,665500
2024-05-05 08:40:00,63018.59,63078.64,62937.06,63049.99,0,665501
2024-05-05 08:45:00,63049.99,63227.59,63009.0,63199.18,0,665502
2024-05-05 08:50:00,63199.19,63262.12,63175.5,63262.0,0,665503
2024-05-05 08:55:00,63262.0,63330.8,63258.0,63315.47,0,665504
2024-05-05 09:00:00,63315.47,63391.5,63278.0,63358.01,0,665505
2024-05-05 09:05:00,63358.01,63358.01,63237.69,63237.7,0,665506
2024-05-05 09:10:00,63237.7,63379.87,63211.66,63321.97,0,665507
2024-05-05 09:15:00,63321.98,63343.75,63290.0,63298.01,0,665508
2024-05-05 09:20:00,63298.0,63409.33,63298.0,63385.94,3,665509
2024-05-05 09:25:00,63385.94,63423.13,63359.24,63359.24,2,665510
2024-05-05 09:30:00,63359.25,63432.4,63316.14,63316.14,2,665511
2024-05-05 09:35:00,63316.15,63350.0,63299.92,63336.75,2,665512
2024-05-05 09:40:00,63336.75,63356.85,63316.0,63316.01,2,665513
2024-05-05 09:45:00,63316.0,63365.58,63269.96,63269.96,2,665514
2024-05-05 09:50:00,63269.96,63280.0,63141.97,63190.0,2,665515
2024-05-05 09:55:00,63190.01,63216.0,63140.0,63141.71,2,665516
2024-05-05 10:00:00,63141.7,63271.81,63141.7,63253.99,2,665517
2024-05-05 10:05:00,63253.99,63254.0,63194.87,63194.87,2,665518
2024-05-05 10:10:00,63194.88,63242.46,63140.0,63232.0,2,665519
2024-05-05 10:15:00,63232.0,63257.2,63190.0,63205.78,2,665520
2024-05-05 10:20:00,63205.79,63221.68,63174.0,63219.15,2,665521
2024-05-05 10:25:00,63219.15,63219.16,63043.47,63068.6,2,665522
2024-05-05 10:30:00,63068.59,63068.6,63001.0,63038.2,1,665523
2024-05-05 10:35:00,63038.2,63150.11,63031.02,63058.0,0,665524
2024-05-05 10:40:00,63058.0,63150.11,63032.0,63113.68,0,665525
2024-05-05 10:45:00,63113.68,63225.97,63110.44,63168.0,0,665526
2024-05-05 10:50:00,63168.0,63216.0,63166.0,63188.5,0,665527
2024-05-05 10:55:00,63188.51,63247.99,63176.0,63235.93,0,665528
2024-05-05 11:00:00,63235.93,63354.98,63234.24,63302.0,0,665529
2024-05-05 11:05:00,63302.0,63325.34,63268.97,63276.06,0,665530
2024-05-05 11:10:00,63276.07,63327.48,63270.0,63289.5,0,665531
2024-05-05 11:15:00,63289.5,63334.86,63289.5,63324.01,0,665532
2024-05-05 11:20:00,63324.02,63405.87,63312.2,63402.01,0,665533
2024-05-05 11:25:00,63402.01,63414.1,63382.0,63404.01,0,665534
2024-05-05 11:30:00,63404.01,63426.01,63332.0,63372.0,0,665535
2024-05-05 11:35:00,63372.0,63380.53,63348.16,63366.06,0,665536
2024-05-05 11:40:00,63366.05,63366.06,63321.97,63358.0,0,665537
2024-05-05 11:45:00,63358.01,63358.01,63284.68,63312.01,0,665538
2024-05-05 11:50:00,63312.02,63371.33,63312.01,63359.99,0,665539
2024-05-05 11:55:00,63360.0,63370.0,63329.25,63345.2,0,665540
2024-05-05 12:00:00,63345.19,63388.84,63345.19,63379.65,0,665541
2024-05-05 12:05:00,63379.65,63470.0,63363.42,63457.98,0,665542
2024-05-05 12:10:00,63457.98,63493.55,63432.0,63460.55,3,665543
2024-05-05 12:15:00,63460.55,63460.55,63396.32,63414.01,2,665544
2024-05-05 12:20:00,63414.01,63414.01,63293.28,63336.01,2,665545
2024-05-05 12:25:00,63336.0,63365.59,63336.0,63357.5,2,665546
2024-05-05 12:30:00,63357.5,63378.0,63316.07,63327.99,2,665547
2024-05-05 12:35:00,63328.0,63328.0,63225.6,63241.46,2,665548
2024-05-05 12:40:00,63241.46,63342.75,63241.45,63316.0,2,665549
2024-05-05 12:45:00,63316.01,63328.32,63280.98,63282.0,2,665550
2024-05-05 12:50:00,63282.0,63320.0,63119.32,63155.09,1,665551
2024-05-05 12:55:00,63155.1,63211.67,63152.85,63211.67,0,665552
2024-05-05 13:00:00,63211.66,63232.6,63179.99,63180.0,0,665553
2024-05-05 13:05:00,63179.99,63287.23,63162.0,63262.12,0,665554
2024-05-05 13:10:00,63262.13,63329.12,63240.0,63329.11,0,665555
2024-05-05 13:15:00,63329.11,63408.13,63329.11,63390.01,0,665556
2024-05-05 13:20:00,63390.01,63440.59,63374.0,63409.3,0,665557
2024-05-05 13:25:00,63409.3,63422.84,63374.04,63374.04,0,665558
2024-05-05 13:30:00,63374.04,63414.0,63358.43,63362.17,0,665559
2024-05-05 13:35:00,63362.16,63430.0,63362.16,63430.0,0,665560
2024-05-05 13:40:00,63429.99,63457.51,63409.54,63444.21,0,665561
2024-05-05 13:45:00,63444.2,63444.21,63360.86,63384.46,0,665562
2024-05-05 13:50:00,63384.46,63390.0,63360.0,63379.56,0,665563
2024-05-05 13:55:00,63379.56,63386.0,63365.44,63382.84,0,665564
2024-05-05 14:00:00,63382.83,63410.54,63362.0,63372.73,0,665565
2024-05-05 14:05:00,63372.74,63466.0,63363.52,63466.0,0,665566
2024-05-05 14:10:00,63465.99,63545.72,63463.64,63491.26,0,665567
2024-05-05 14:15:00,63491.26,63722.62,63491.25,63686.71,0,665568
2024-05-05 14:20:00,63686.72,63717.9,63603.99,63706.23,0,665569
2024-05-05 14:25:00,63706.23,63718.0,63650.0,63653.23,0,665570
2024-05-05 14:30:00,63653.23,63701.08,63642.63,63660.01,0,665571
2024-05-05 14:35:00,63660.01,63882.0,63646.18,63840.03,0,665572
2024-05-05 14:40:00,63840.02,63921.6,63818.0,63916.0,3,665573
2024-05-05 14:45:00,63916.0,63959.0,63796.53,63796.53,2,665574
2024-05-05 14:50:00,63796.54,63800.0,63742.78,63749.87,2,665575
2024-05-05 14:55:00,63749.88,63798.83,63736.86,63736.87,2,665576
2024-05-05 15:00:00,63736.86,63767.64,63668.71,63681.99,2,665577
2024-05-05 15:05:00,63681.99,63712.03,63660.0,63682.0,2,665578
2024-05-05 15:10:00,63682.0,63693.74,63656.02,63677.98,2,665579
2024-05-05 15:15:00,63677.97,63780.0,63667.99,63761.86,2,665580
2024-05-05 15:20:00,63761.86,63887.14,63761.86,63810.0,2,665581
2024-05-05 15:25:00,63810.01,63858.12,63786.81,63810.15,2,665582
2024-05-05 15:30:00,63810.14,63834.0,63656.02,63661.67,2,665583
2024-05-05 15:35:00,63661.66,63685.0,63539.53,63653.11,1,665584
2024-05-05 15:40:00,63653.1,63855.35,63653.1,63804.0,0,665585
2024-05-05 15:45:00,63804.0,63932.57,63753.24,63861.99,3,665586
2024-05-05 15:50:00,63861.99,63884.52,63686.65,63686.65,2,665587
2024-05-05 15:55:00,63686.66,63742.0,63656.64,63668.0,2,665588
2024-05-05 16:00:00,63668.0,63684.0,63586.9,63598.0,1,665589
2024-05-05 16:05:00,63597.99,63636.0,63550.28,63635.99,0,665590
2024-05-05 16:10:00,63636.0,63708.34,63620.06,63620.07,0,665591
2024-05-05 16:15:00,63620.07,63673.42,63607.34,63644.0,0,665592
2024-05-05 16:20:00,63644.0,63715.05,63614.8,63655.98,0,665593
2024-05-05 16:25:00,63655.98,63691.96,63655.98,63674.12,0,665594
2024-05-05 16:30:00,63674.12,63704.2,63611.85,63686.0,0,665595
2024-05-05 16:35:00,63686.0,63698.0,63663.66,63678.68,0,665596
2024-05-05 16:40:00,63678.68,63700.4,63661.2,63661.2,0,665597
2024-05-05 16:45:00,63661.2,63662.75,63593.32,63651.96,0,665598
2024-05-05 16:50:00,63651.97,63743.43,63651.96,63699.27,0,665599
2024-05-05 16:55:00,63699.28,63712.0,63673.41,63673.42,0,665600
2024-05-05 17:00:00,63673.41,63690.0,63638.92,63680.0,0,665601
2024-05-05 17:05:00,63680.0,63780.0,63679.98,63770.36,0,665602
2024-05-05 17:10:00,63770.36,63844.33,63756.9,63764.0,0,665603
2024-05-05 17:15:00,63763.99,63768.0,63660.0,63687.88,0,665604
2024-05-05 17:20:00,63687.88,63742.01,63687.88,63718.0,0,665605
2024-05-05 17:25:00,63718.01,63718.01,63645.65,63652.58,0,665606
2024-05-05 17:30:00,63652.58,63681.82,63608.87,63676.01,0,665607
2024-05-05 17:35:00,63676.01,63676.02,63611.84,63664.72,0,665608
2024-05-05 17:40:00,63664.73,63670.0,63624.0,63655.99,0,665609
2024-05-05 17:45:00,63656.0,63666.0,63602.67,63602.67,0,665610
2024-05-05 17:50:00,63602.67,63698.36,63555.39,63694.75,0,665611
2024-05-05 17:55:00,63694.76,63732.13,63673.41,63688.48,0,665612
2024-05-05 18:00:00,63688.49,63750.0,63676.0,63723.91,0,665613
2024-05-05 18:05:00,63723.92,63733.63,63641.62,63675.52,0,665614
2024-05-05 18:10:00,63675.52,63706.22,63609.48,63706.22,0,665615
2024-05-05 18:15:00,63706.21,63750.0,63682.51,63749.99,0,665616
2024-05-05 18:20:00,63750.0,63793.99,63740.03,63762.64,0,665617
2024-05-05 18:25:00,63762.64,63897.9,63762.64,63834.0,0,665618
2024-05-05 18:30:00,63834.0,63885.77,63774.01,63870.42,0,665619
2024-05-05 18:35:00,63870.42,63887.5,63856.46,63882.93,0,665620
2024-05-05 18:40:00,63882.93,63900.0,63854.0,63897.25,3,665621
2024-05-05 18:45:00,63897.26,63937.17,63841.56,63848.0,2,665622
2024-05-05 18:50:00,63848.0,63872.87,63780.0,63853.01,2,665623
2024-05-05 18:55:00,63853.01,63859.63,63806.77,63859.63,2,665624
2024-05-05 19:00:00,63859.63,63884.0,63802.0,63804.01,2,665625
2024-05-05 19:05:00,63804.01,63804.01,63750.0,63797.38,2,665626
2024-05-05 19:10:00,63797.38,63800.0,63744.26,63747.13,2,665627
2024-05-05 19:15:00,63747.12,63747.13,63673.85,63698.0,2,665628
2024-05-05 19:20:00,63698.0,63737.89,63683.3,63737.88,2,665629
2024-05-05 19:25:00,63737.89,63780.0,63737.88,63740.01,2,665630
2024-05-05 19:30:00,63740.01,63741.93,63633.01,63696.28,2,665631
2024-05-05 19:35:00,63696.28,63747.99,63672.31,63732.01,2,665632
2024-05-05 19:40:00,63732.01,63763.22,63712.86,63747.99,2,665633
2024-05-05 19:45:00,63748.0,63750.0,63668.97,63684.0,2,665634
2024-05-05 19:50:00,63683.99,63725.72,63673.41,63706.0,2,665635
2024-05-05 19:55:00,63705.99,63725.33,63682.33,63725.33,2,665636
2024-05-05 20:00:00,63725.32,63732.1,63671.21,63683.0,1,665637
2024-05-05 20:05:00,63682.99,63709.5,63618.91,63708.0,0,665638
2024-05-05 20:10:00,63708.01,63779.08,63681.75,63779.08,0,665639
2024-05-05 20:15:00,63779.08,64118.0,63779.07,64098.01,0,665640
2024-05-05 20:20:00,64098.0,64279.99,64032.05,64214.01,0,665641
2024-05-05 20:25:00,64214.01,64225.88,63972.0,63999.68,0,665642
2024-05-05 20:30:00,63999.67,64057.8,63751.94,63892.0,0,665643
2024-05-05 20:35:00,63892.01,63981.25,63860.73,63981.25,0,665644
2024-05-05 20:40:00,63981.25,64194.0,63962.33,64193.99,3,665645
2024-05-05 20:45:00,64194.0,64194.0,64085.99,64131.02,2,665646
2024-05-05 20:50:00,64131.01,64160.01,64068.28,64159.99,2,665647
2024-05-05 20:55:00,64160.0,64162.78,64045.69,64119.92,2,665648
2024-05-05 21:00:00,64119.91,64122.0,63858.11,63858.11,2,665649
2024-05-05 21:05:00,63858.12,63912.0,63811.17,63811.17,2,665650
2024-05-05 21:10:00,63811.17,63875.54,63811.17,63858.0,2,665651
2024-05-05 21:15:00,63857.99,63932.27,63841.39,63858.12,2,665652
2024-05-05 21:20:00,63858.11,63870.52,63844.23,63867.31,2,665653
2024-05-05 21:25:00,63867.31,63919.68,63858.42,63868.08,2,665654
2024-05-05 21:30:00,63868.07,63901.65,63796.63,63798.34,1,665655
2024-05-05 21:35:00,63798.34,63926.96,63751.02,63915.82,0,665656
2024-05-05 21:40:00,63915.83,64057.99,63892.36,64020.01,0,665657
2024-05-05 21:45:00,64020.01,64125.38,64010.61,64015.99,0,665658
2024-05-05 21:50:00,64015.99,64042.82,63964.0,63984.01,0,665659
2024-05-05 21:55:00,63984.01,64148.08,63977.12,64100.0,0,665660
2024-05-05 22:00:00,64100.01,64115.36,63989.23,64058.74,0,665661
2024-05-05 22:05:00,64058.74,64087.84,64006.0,64087.83,0,665662
2024-05-05 22:10:00,64087.84,64170.0,64057.27,64127.98,0,665663
2024-05-05 22:15:00,64127.97,64189.52,64076.43,64076.57,0,665664
2024-05-05 22:20:00,64076.58,64363.59,64066.44,64340.0,0,665665
2024-05-05 22:25:00,64340.01,64459.02,64322.49,64348.0,0,665666
2024-05-05 22:30:00,64347.99,64384.65,64119.23,64209.2,0,665667
2024-05-05 22:35:00,64209.2,64358.3,64130.67,64320.01,0,665668
2024-05-05 22:40:00,64320.0,64500.0,64258.29,64399.16,0,665669
2024-05-05 22:45:00,64399.16,64490.0,64367.45,64458.0,0,665670
2024-05-05 22:50:00,64458.01,64515.59,64312.56,64394.0,0,665671
2024-05-05 22:55:00,64394.0,64646.0,64335.05,64428.65,0,665672
2024-05-05 23:00:00,64428.64,64518.38,64356.78,64356.79,0,665673
2024-05-05 23:05:00,64356.79,64362.0,64244.84,64294.0,0,665674
2024-05-05 23:10:00,64294.01,64530.97,64294.0,64530.96,3,665675
2024-05-05 23:15:00,64530.96,64554.68,64340.07,64434.35,2,665676
2024-05-05 23:20:00,64434.35,64460.91,64338.46,64338.46,2,665677
2024-05-05 23:25:00,64338.47,64376.48,64260.35,64262.0,2,665678
2024-05-05 23:30:00,64261.99,64330.44,64196.73,64274.1,2,665679
2024-05-05 23:35:00,64274.1,64348.13,64274.09,64326.0,2,665680
2024-05-05 23:40:00,64326.0,64382.1,64312.01,64323.01,2,665681
2024-05-05 23:45:00,64323.02,64350.65,64276.25,64332.57,2,665682
2024-05-05 23:50:00,64332.58,64339.1,64250.29,64251.63,2,665683
2024-05-05 23:55:00,64251.63,64322.58,64225.0,64321.99,2,665684
2024-05-06 00:00:00,64322.0,64330.52,64253.73,64253.73,2,665685
2024-05-06 00:05:00,64253.74,64308.0,64190.0,64289.4,2,665686
2024-05-06 00:10:00,64289.4,64291.12,64240.12,64250.02,2,665687
2024-05-06 00:15:00,64250.01,64293.7,64250.01,64287.99,2,665688
2024-05-06 00:20:00,64288.0,64476.0,64287.99,64439.99,2,665689
2024-05-06 00:25:00,64440.0,64444.9,64363.28,64368.01,2,665690
2024-05-06 00:30:00,64368.0,64442.02,64300.0,64353.26,2,665691
2024-05-06 00:35:00,64353.26,64384.65,64268.42,64280.0,2,665692
2024-05-06 00:40:00,64280.0,64296.67,64260.0,64278.0,2,665693
2024-05-06 00:45:00,64278.0,64297.01,64240.0,64245.92,2,665694
2024-05-06 00:50:00,64245.91,64278.0,64219.34,64219.34,2,665695
2024-05-06 00:55:00,64219.35,64251.53,64155.77,64218.0,2,665696
2024-05-06 01:00:00,64218.0,64249.42,64176.42,64176.42,2,665697
2024-05-06 01:05:00,64176.43,64189.06,64111.0,64120.02,2,665698
2024-05-06 01:10:00,64120.02,64129.79,64007.2,64050.42,2,665699
2024-05-06 01:15:00,64050.42,64136.16,64015.79,64136.07,2,665700
2024-05-06 01:20:00,64136.08,64136.08,64042.01,64071.2,2,665701
2024-05-06 01:25:00,64071.19,64071.2,64000.0,64000.01,2,665702
2024-05-06 01:30:00,64000.01,64022.0,63869.44,63914.0,2,665703
2024-05-06 01:35:00,63913.99,64008.65,63811.01,63990.82,2,665704
2024-05-06 01:40:00,63990.83,64009.44,63934.43,63959.02,2,665705
2024-05-06 01:45:00,63959.01,64022.3,63941.29,63970.0,2,665706
2024-05-06 01:50:00,63970.0,63984.0,63940.4,63948.0,2,665707
2024-05-06 01:55:00,63948.01,63952.71,63896.47,63932.6,2,665708
2024-05-06 02:00:00,63932.61,63952.64,63920.0,63940.0,2,665709
2024-05-06 02:05:00,63939.99,63985.71,63865.99,63983.0,2,665710
2024-05-06 02:10:00,63983.0,63983.01,63940.0,63955.08,2,665711
2024-05-06 02:15:00,63955.08,63999.99,63934.01,63999.98,2,665712
2024-05-06 02:20:00,63999.98,63999.99,63940.0,63940.0,2,665713
2024-05-06 02:25:00,63940.01,63966.99,63940.0,63954.19,2,665714
2024-05-06 02:30:00,63954.19,63970.7,63954.18,63957.71,2,665715
2024-05-06 02:35:00,63957.72,63960.0,63895.45,63922.01,2,665716
2024-05-06 02:40:00,63922.01,63934.59,63862.01,63867.85,2,665717
2024-05-06 02:45:00,63867.85,63913.72,63865.37,63876.89,2,665718
2024-05-06 02:50:00,63876.9,63921.06,63876.89,63921.05,2,665719
2024-05-06 02:55:00,63921.05,63921.06,63843.99,63879.94,2,665720
2024-05-06 03:00:00,63879.94,63879.95,63828.07,63828.09,2,665721
2024-05-06 03:05:00,63828.09,63859.67,63780.0,63852.0,2,665722
2024-05-06 03:10:00,63852.0,63862.0,63828.0,63842.01,2,665723
2024-05-06 03:15:00,63842.0,63844.0,63709.09,63738.69,2,665724
2024-05-06 03:20:00,63738.69,63754.37,63701.07,63715.82,2,665725
2024-05-06 03:25:00,63715.83,63720.0,63636.95,63652.6,1,665726
2024-05-06 03:30:00,63652.59,63685.47,63582.08,63685.46,0,665727
2024-05-06 03:35:00,63685.46,63709.54,63676.0,63709.54,0,665728
2024-05-06 03:40:00,63709.53,63724.0,63666.0,63689.98,0,665729
2024-05-06 03:45:00,63689.98,63765.77,63678.68,63735.99,0,665730
2024-05-06 03:50:00,63736.0,63736.0,63689.69,63728.0,0,665731
2024-05-06 03:55:00,63728.0,63758.0,63727.99,63738.78,0,665732
2024-05-06 04:00:00,63738.77,63738.78,63661.26,63676.0,0,665733
2024-05-06 04:05:00,63676.0,63732.15,63675.99,63680.1,0,665734
2024-05-06 04:10:00,63680.11,63686.0,63600.0,63679.99,0,665735
2024-05-06 04:15:00,63679.99,63714.0,63661.66,63713.99,0,665736
2024-05-06 04:20:00,63713.98,63774.73,63672.0,63769.82,0,665737
2024-05-06 04:25:00,63769.82,63827.34,63743.57,63743.57,0,665738
2024-05-06 04:30:00,63743.58,63743.58,63711.09,63711.09,0,665739
2024-05-06 04:35:00,63711.09,63746.67,63711.09,63743.13,0,665740
2024-05-06 04:40:00,63743.14,63743.14,63720.0,63727.01,0,665741
2024-05-06 04:45:00,63727.0,63735.12,63680.83,63680.84,0,665742
2024-05-06 04:50:00,63680.83,63786.34,63680.82,63786.33,0,665743
2024-05-06 04:55:00,63786.34,63868.41,63764.0,63868.41,0,665744
2024-05-06 05:00:00,63868.41,63879.81,63759.99,63779.04,0,665745
2024-05-06 05:05:00,63779.03,63820.0,63765.76,63776.0,0,665746
2024-05-06 05:10:00,63776.0,63780.0,63739.03,63760.0,0,665747
2024-05-06 05:15:00,63760.0,63786.77,63736.0,63772.01,0,665748
2024-05-06 05:20:00,63772.0,63779.99,63751.48,63763.49,0,665749
2024-05-06 05:25:00,63763.49,63763.5,63740.0,63740.0,0,665750
2024-05-06 05:30:00,63740.01,63743.45,63706.06,63740.01,0,665751
2024-05-06 05:35:00,63740.01,63758.71,63704.32,63757.68,0,665752
2024-05-06 05:40:00,63757.67,63816.63,63757.67,63799.99,0,665753
2024-05-06 05:45:00,63800.0,63820.0,63767.01,63803.33,0,665754
2024-05-06 05:50:00,63803.33,63852.36,63796.22,63852.32,0,665755
2024-05-06 05:55:00,63852.32,63891.22,63846.0,63860.01,0,665756
2024-05-06 06:00:00,63860.01,63950.0,63825.35,63845.11,0,665757
2024-05-06 06:05:00,63845.12,63974.4,63845.11,63965.44,0,665758
2024-05-06 06:10:00,63965.43,63970.0,63921.05,63956.4,0,665759
2024-05-06 06:15:00,63956.41,63990.0,63940.28,63961.38,0,665760
2024-05-06 06:20:00,63961.38,64145.72,63961.38,64091.0,0,665761
2024-05-06 06:25:00,64091.0,64227.51,64091.0,64188.0,3,665762
2024-05-06 06:30:00,64188.0,64192.0,64118.07,64143.63,2,665763
2024-05-06 06:35:00,64143.62,64211.3,64104.37,64104.37,2,665764
2024-05-06 06:40:00,64104.37,64136.08,64037.69,64039.99,2,665765
2024-05-06 06:45:00,64039.99,64057.4,63976.0,63994.92,1,665766
2024-05-06 06:50:00,63994.92,64073.93,63969.89,64038.35,0,665767
2024-05-06 06:55:00,64038.36,64068.0,63991.11,64012.0,0,665768
2024-05-06 07:00:00,64012.0,64105.0,64011.01,64088.0,0,665769
2024-05-06 07:05:00,64088.01,64130.0,64066.0,64130.0,0,665770
2024-05-06 07:10:00,64129.99,64132.84,64084.0,64091.34,0,665771
2024-05-06 07:15:00,64091.33,64173.44,64068.0,64162.0,0,665772
2024-05-06 07:20:00,64162.0,64346.24,64152.2,64249.41,0,665773
2024-05-06 07:25:00,64249.41,64249.42,64168.16,64183.36,0,665774
2024-05-06 07:30:00,64183.36,64212.52,64183.35,64208.96,0,665775
2024-05-06 07:35:00,64208.96,64258.3,64194.0,64229.94,0,665776
2024-05-06 07:40:00,64229.94,64229.94,64165.94,64216.24,0,665777
2024-05-06 07:45:00,64216.23,64216.24,64108.8,64169.54,0,665778
2024-05-06 07:50:00,64169.53,64228.85,64169.27,64228.85,0,665779
2024-05-06 07:55:00,64228.84,64229.23,64158.57,64218.02,0,665780
2024-05-06 08:00:00,64218.02,64300.81,64218.01,64260.08,0,665781
2024-05-06 08:05:00,64260.35,64412.08,64260.08,64376.0,0,665782
2024-05-06 08:10:00,64375.99,64379.76,64302.61,64344.9,0,665783
2024-05-06 08:15:00,64344.9,64437.04,64333.26,64416.0,3,665784
2024-05-06 08:20:00,64416.01,64465.0,64264.71,64293.66,2,665785
2024-05-06 08:25:00,64293.66,64326.92,64243.9,64315.0,2,665786
2024-05-06 08:30:00,64315.01,64315.01,64135.16,64165.95,2,665787
2024-05-06 08:35:00,64165.94,64175.24,64058.82,64150.19,2,665788
2024-05-06 08:40:00,64150.19,64203.28,64144.0,64184.88,2,665789
2024-05-06 08:45:00,64184.88,64185.21,64114.1,64145.4,2,665790
2024-05-06 08:50:00,64145.4,64183.99,64107.47,64156.14,2,665791
2024-05-06 08:55:00,64156.14,64168.95,64136.27,64147.22,2,665792
2024-05-06 09:00:00,64147.22,64147.22,63996.77,64036.51,2,665793
2024-05-06 09:05:00,64036.51,64185.89,64029.92,64183.02,2,665794
2024-05-06 09:10:00,64183.02,64227.51,64153.18,64202.0,2,665795
2024-05-06 09:15:00,64202.01,64224.16,64142.8,64142.81,2,665796
2024-05-06 09:20:00,64142.8,64193.22,64133.33,64133.34,2,665797
2024-05-06 09:25:00,64133.34,64181.98,64112.09,64163.3,2,665798
2024-05-06 09:30:00,64163.3,64163.31,64087.5,64124.83,2,665799
2024-05-06 09:35:00,64124.82,64124.83,64067.21,64094.0,2,665800
2024-05-06 09:40:00,64094.01,64139.0,64094.0,64098.58,2,665801
2024-05-06 09:45:00,64098.59,64106.0,64012.02,64034.09,2,665802
2024-05-06 09:50:00,64034.1,64034.1,63912.38,63935.31,2,665803
2024-05-06 09:55:00,63935.31,63935.31,63826.08,63826.09,2,665804
2024-05-06 10:00:00,63826.08,63935.31,63810.95,63930.62,2,665805
2024-05-06 10:05:00,63930.62,63930.62,63874.44,63874.45,2,665806
2024-05-06 10:10:00,63874.44,63891.22,63708.58,63718.67,1,665807
2024-05-06 10:15:00,63718.67,63815.34,63718.67,63815.33,0,665808
2024-05-06 10:20:00,63815.33,63860.0,63796.0,63859.99,0,665809
2024-05-06 10:25:00,63860.0,63872.55,63818.37,63867.26,0,665810
2024-05-06 10:30:00,63867.26,63900.0,63852.4,63885.5,0,665811
2024-05-06 10:35:00,63885.5,63926.0,63885.5,63897.49,0,665812
2024-05-06 10:40:00,63897.5,63924.0,63848.0,63848.01,0,665813
2024-05-06 10:45:00,63848.0,63882.0,63814.73,63874.01,0,665814
2024-05-06 10:50:00,63874.0,63874.01,63796.54,63826.9,0,665815
2024-05-06 10:55:00,63826.9,63893.8,63826.89,63866.59,0,665816
2024-05-06 11:00:00,63866.59,63870.24,63811.0,63811.0,0,665817
2024-05-06 11:05:00,63811.01,63847.35,63768.72,63815.99,0,665818
2024-05-06 11:10:00,63815.99,63840.68,63796.54,63840.68,0,665819
2024-05-06 11:15:00,63840.68,64000.0,63824.88,63969.78,0,665820
2024-05-06 11:20:00,63969.77,64015.79,63928.0,63937.99,0,665821
2024-05-06 11:25:00,63937.99,63964.94,63888.89,63914.16,0,665822
2024-05-06 11:30:00,63914.16,63943.39,63858.51,63902.01,0,665823
2024-05-06 11:35:00,63902.01,63998.44,63902.0,63962.42,0,665824
2024-05-06 11:40:00,63962.42,64030.04,63959.69,64022.93,0,665825
2024-05-06 11:45:00,64022.93,64155.56,63982.01,64095.99,0,665826
2024-05-06 11:50:00,64095.99,64132.0,64064.59,64125.44,0,665827
2024-05-06 11:55:00,64125.44,64185.58,64111.11,64166.0,0,665828
2024-05-06 12:00:00,64166.01,64178.33,64118.91,64133.33,0,665829
2024-05-06 12:05:00,64133.33,64135.64,64073.92,64101.99,0,665830
2024-05-06 12:10:00,64101.99,64111.12,64036.0,64048.18,0,665831
2024-05-06 12:15:00,64048.18,64222.99,64041.54,64216.02,0,665832
2024-05-06 12:20:00,64216.02,64298.0,64204.0,64231.13,0,665833
2024-05-06 12:25:00,64231.12,64331.58,64202.35,64286.01,0,665834
2024-05-06 12:30:00,64286.0,64286.01,64193.1,64209.55,0,665835
2024-05-06 12:35:00,64209.56,64260.36,64188.88,64188.89,0,665836
2024-05-06 12:40:00,64188.89,64200.0,64133.33,64175.98,0,665837
2024-05-06 12:45:00,64175.98,64253.74,64128.0,64223.99,0,665838
2024-05-06 12:50:00,64223.99,64229.95,64137.91,64169.65,0,665839
2024-05-06 12:55:00,64169.64,64200.0,64154.11,64186.93,0,665840
2024-05-06 13:00:00,64186.93,64192.0,64144.63,64155.99,0,665841
2024-05-06 13:05:00,64156.0,64195.08,64137.92,64193.8,0,665842
2024-05-06 13:10:00,64193.8,64396.87,64193.8,64394.01,3,665843
2024-05-06 13:15:00,64394.02,64473.78,64308.44,64379.99,2,665844
2024-05-06 13:20:00,64380.0,64380.0,64305.84,64349.99,2,665845
2024-05-06 13:25:00,64349.99,64437.71,64349.99,64351.12,2,665846
2024-05-06 13:30:00,64351.13,64351.13,64261.04,64268.01,2,665847
2024-05-06 13:35:00,64268.01,64369.67,64268.01,64320.01,2,665848
2024-05-06 13:40:00,64320.0,64335.9,64263.73,64263.73,2,665849
2024-05-06 13:45:00,64263.74,64274.0,64208.2,64273.99,2,665850
2024-05-06 13:50:00,64274.0,64274.0,64198.21,64226.62,2,665851
2024-05-06 13:55:00,64226.63,64246.0,64226.0,64230.02,2,665852
2024-05-06 14:00:00,64230.02,64350.65,64210.86,64286.17,2,665853
2024-05-06 14:05:00,64286.18,64340.0,64281.28,64283.39,2,665854
2024-05-06 14:10:00,64283.39,64283.39,64150.0,64189.31,1,665855
2024-05-06 14:15:00,64189.32,64223.91,64156.79,64222.0,0,665856
2024-05-06 14:20:00,64221.99,64311.25,64219.07,64260.0,0,665857
2024-05-06 14:25:00,64260.01,64350.0,64208.0,64350.0,0,665858
2024-05-06 14:30:00,64349.99,64395.01,64289.41,64354.0,0,665859
2024-05-06 14:35:00,64353.99,64470.0,64326.55,64438.01,0,665860
2024-05-06 14:40:00,64438.0,64500.0,64410.0,64419.19,0,665861
2024-05-06 14:45:00,64419.2,64424.0,64344.7,64401.47,0,665862
2024-05-06 14:50:00,64401.46,64478.46,64390.0,64458.44,0,665863
2024-05-06 14:55:00,64458.43,64588.0,64454.43,64540.75,0,665864
2024-05-06 15:00:00,64540.75,64621.79,64504.55,64559.52,0,665865
2024-05-06 15:05:00,64559.53,64582.57,64514.6,64559.67,0,665866
2024-05-06 15:10:00,64559.66,64559.67,64479.81,64508.11,0,665867
2024-05-06 15:15:00,64508.12,64999.0,64462.48,64968.01,0,665868
2024-05-06 15:20:00,64968.01,65160.0,64923.95,65055.02,0,665869
2024-05-06 15:25:00,65055.02,65500.0,65055.01,65390.93,0,665870
2024-05-06 15:30:00,65390.94,65483.92,65324.82,65417.92,0,665871
2024-05-06 15:35:00,65417.92,65454.04,65257.82,65394.56,0,665872
2024-05-06 15:40:00,65394.57,65469.4,65362.32,65439.11,3,665873
2024-05-06 15:45:00,65439.11,65500.0,65358.0,65370.83,2,665874
2024-05-06 15:50:00,65370.83,65378.69,65075.45,65200.13,2,665875
2024-05-06 15:55:00,65200.13,65217.47,65064.16,65143.04,2,665876
2024-05-06 16:00:00,65143.04,65220.37,65143.03,65178.01,2,665877
2024-05-06 16:05:00,65178.01,65297.62,65178.0,65274.78,2,665878
2024-05-06 16:10:00,65274.79,65328.25,65205.92,65323.29,2,665879
2024-05-06 16:15:00,65323.28,65348.39,65206.0,65229.72,2,665880
2024-05-06 16:20:00,65229.72,65360.12,65152.64,65300.26,2,665881
2024-05-06 16:25:00,65300.25,65345.81,65226.4,65231.99,2,665882
2024-05-06 16:30:00,65232.0,65253.92,65150.59,65236.0,2,665883
2024-05-06 16:35:00,65236.0,65261.06,65206.0,65207.62,2,665884
2024-05-06 16:40:00,65207.62,65207.62,65111.1,65111.1,2,665885
2024-05-06 16:45:00,65111.1,65190.0,65111.1,65186.09,2,665886
2024-05-06 16:50:00,65186.08,65210.54,65140.0,65160.0,2,665887
2024-05-06 16:55:00,65160.0,65166.21,65130.0,65166.2,2,665888
2024-05-06 17:00:00,65166.2,65190.0,65116.67,65181.1,2,665889
2024-05-06 17:05:00,65181.1,65245.02,65181.1,65214.41,2,665890
2024-05-06 17:10:00,65214.42,65275.0,65182.32,65182.33,2,665891
2024-05-06 17:15:00,65182.32,65218.0,64940.86,65022.0,2,665892
2024-05-06 17:20:00,65021.99,65022.0,64851.79,64896.0,2,665893
2024-05-06 17:25:00,64896.01,64960.48,64767.4,64822.23,2,665894
2024-05-06 17:30:00,64822.23,64849.0,64591.2,64727.74,2,665895
2024-05-06 17:35:00,64727.74,64740.35,64365.29,64405.37,2,665896
2024-05-06 17:40:00,64405.37,64468.49,64036.4,64132.92,2,665897
2024-05-06 17:45:00,64132.92,64224.63,63815.38,63883.85,1,665898
2024-05-06 17:50:00,63883.86,64099.9,63828.0,64099.9,0,665899
2024-05-06 17:55:00,64099.9,64100.0,63982.68,64007.17,0,665900
2024-05-06 18:00:00,64007.16,64180.0,64003.49,64176.0,0,665901
2024-05-06 18:05:00,64176.0,64292.57,64162.46,64258.3,0,665902
2024-05-06 18:10:00,64258.29,64352.59,64238.0,64352.58,3,665903
2024-05-06 18:15:00,64352.58,64359.39,64218.43,64254.73,2,665904
2024-05-06 18:20:00,64254.72,64285.86,64100.0,64177.66,2,665905
2024-05-06 18:25:00,64177.67,64240.0,64123.12,64213.5,2,665906
2024-05-06 18:30:00,64213.5,64300.0,64200.0,64253.06,2,665907
2024-05-06 18:35:00,64253.42,64275.21,64040.0,64070.61,1,665908
2024-05-06 18:40:00,64070.6,64112.03,64006.0,64077.48,0,665909
2024-05-06 18:45:00,64077.47,64188.76,64067.0,64105.99,0,665910
2024-05-06 18:50:00,64106.0,64150.0,64092.41,64128.0,0,665911
2024-05-06 18:55:00,64128.0,64240.56,64127.99,64203.56,0,665912
2024-05-06 19:00:00,64203.55,64296.0,64188.0,64287.64,3,665913
2024-05-06 19:05:00,64287.63,64319.86,64252.17,64252.17,2,665914
2024-05-06 19:10:00,64252.17,64252.18,64114.74,64164.76,2,665915
2024-05-06 19:15:00,64164.75,64164.76,64071.62,64073.6,2,665916
2024-05-06 19:20:00,64073.6,64114.1,63858.97,63858.98,2,665917
2024-05-06 19:25:00,63858.98,64020.0,63750.04,63821.01,2,665918
2024-05-06 19:30:00,63821.02,64013.53,63659.78,63801.76,2,665919
2024-05-06 19:35:00,63801.76,64100.0,63650.0,63989.74,2,665920
2024-05-06 19:40:00,63989.73,64006.0,63775.94,63785.58,2,665921
2024-05-06 19:45:00,63785.59,63785.59,63452.59,63621.34,2,665922
2024-05-06 19:50:00,63621.35,63621.35,63380.81,63389.46,1,665923
2024-05-06 19:55:00,63389.46,63594.0,63343.86,63593.99,0,665924
2024-05-06 20:00:00,63593.99,63636.78,63464.3,63582.77,0,665925
2024-05-06 20:05:00,63582.77,63675.51,63581.06,63660.01,0,665926
2024-05-06 20:10:00,63660.0,63680.49,63611.84,63655.38,0,665927
2024-05-06 20:15:00,63655.38,63672.0,63501.0,63638.0,0,665928
2024-05-06 20:20:00,63637.99,63677.99,63470.27,63486.0,0,665929
2024-05-06 20:25:00,63486.0,63566.34,63450.0,63560.01,0,665930
2024-05-06 20:30:00,63560.0,63639.73,63509.15,63636.21,0,665931
2024-05-06 20:35:00,63636.2,63831.04,63560.0,63787.55,0,665932
2024-05-06 20:40:00,63787.55,63998.47,63755.19,63904.17,0,665933
2024-05-06 20:45:00,63904.16,63962.0,63752.66,63890.01,0,665934
2024-05-06 20:50:00,63890.01,63916.94,63790.0,63824.01,0,665935
2024-05-06 20:55:00,63824.02,63878.89,63788.01,63870.0,0,665936
2024-05-06 21:00:00,63870.01,64136.36,63860.0,64004.52,0,665937
2024-05-06 21:05:00,64004.52,64064.34,63925.52,64034.01,0,665938
2024-05-06 21:10:00,64034.0,64125.57,63894.09,64080.0,0,665939
2024-05-06 21:15:00,64080.0,64108.76,63988.02,64027.98,0,665940
2024-05-06 21:20:00,64027.99,64261.08,63990.0,64099.7,3,665941
2024-05-06 21:25:00,64099.7,64120.0,63955.22,63967.19,2,665942
2024-05-06 21:30:00,63967.2,63980.0,63810.0,63891.11,2,665943
2024-05-06 21:35:00,63891.11,64000.0,63880.86,63926.32,2,665944
2024-05-06 21:40:00,63926.32,63950.47,63666.66,63730.0,2,665945
2024-05-06 21:45:00,63730.0,63788.0,63582.0,63707.48,2,665946
2024-05-06 21:50:00,63707.48,63732.78,63583.87,63673.42,2,665947
2024-05-06 21:55:00,63673.42,63673.42,63211.66,63271.97,2,665948
2024-05-06 22:00:00,63271.97,63309.14,62974.3,63014.0,1,665949
2024-05-06 22:05:00,63013.99,63093.92,62909.61,63016.03,0,665950
2024-05-06 22:10:00,63016.04,63207.63,63016.03,63174.38,0,665951
2024-05-06 22:15:00,63174.38,63340.8,63150.0,63322.0,0,665952
2024-05-06 22:20:00,63322.01,63332.27,63178.64,63227.38,0,665953
2024-05-06 22:25:00,63227.39,63401.89,63196.48,63401.88,0,665954
2024-05-06 22:30:00,63401.88,63467.97,63362.22,63388.02,0,665955
2024-05-06 22:35:00,63388.01,63512.51,63334.8,63512.5,0,665956
2024-05-06 22:40:00,63512.51,63611.12,63481.93,63611.11,0,665957
2024-05-06 22:45:00,63611.12,63760.0,63526.27,63562.45,0,665958
2024-05-06 22:50:00,63562.45,63629.86,63525.25,63620.74,0,665959
2024-05-06 22:55:00,63620.73,63700.0,63590.36,63632.01,0,665960
2024-05-06 23:00:00,63632.01,63693.92,63550.82,63693.92,0,665961
2024-05-06 23:05:00,63693.91,63747.59,63518.64,63589.91,0,665962
2024-05-06 23:10:00,63589.91,63707.84,63517.77,63694.01,3,665963
2024-05-06 23:15:00,63694.01,63694.01,63554.49,63554.5,2,665964
2024-05-06 23:20:00,63554.49,63558.64,63394.51,63538.01,2,665965
2024-05-06 23:25:00,63538.0,63617.81,63506.61,63564.01,2,665966
2024-05-06 23:30:00,63564.0,63597.02,63399.33,63441.13,2,665967
2024-05-06 23:35:00,63441.13,63599.99,63431.04,63493.73,2,665968
2024-05-06 23:40:00,63493.74,63493.74,63347.02,63368.07,2,665969
2024-05-06 23:45:00,63368.06,63476.8,63270.7,63349.71,2,665970
2024-05-06 23:50:00,63349.7,63354.5,63208.14,63223.59,2,665971
2024-05-06 23:55:00,63223.59,63265.73,63079.6,63192.43,1,665972
2024-05-07 00:00:00,63192.42,63379.77,63176.0,63304.01,0,665973
2024-05-07 00:05:00,63304.01,63437.25,63304.01,63356.74,0,665974
2024-05-07 00:10:00,63356.73,63497.18,63356.73,63457.93,3,665975
2024-05-07 00:15:00,63457.93,63511.84,63382.66,63382.67,2,665976
2024-05-07 00:20:00,63382.67,63406.96,63322.0,63328.0,2,665977
2024-05-07 00:25:00,63328.0,63375.28,63310.13,63315.02,2,665978
2024-05-07 00:30:00,63315.02,63358.88,63000.0,63025.28,2,665979
2024-05-07 00:35:00,63025.28,63194.44,62989.0,63050.0,2,665980
2024-05-07 00:40:00,63050.0,63067.07,62968.57,62988.93,1,665981
2024-05-07 00:45:00,62988.93,63175.04,62983.41,63078.87,0,665982
2024-05-07 00:50:00,63078.87,63239.13,63040.0,63187.83,0,665983
2024-05-07 00:55:00,63187.83,63219.14,63116.52,63169.93,0,665984
2024-05-07 01:00:00,63169.92,63252.66,63153.41,63231.25,0,665985
2024-05-07 01:05:00,63231.26,63238.34,63108.67,63162.72,0,665986
2024-05-07 01:10:00,63162.72,63211.67,63117.24,63187.82,0,665987
2024-05-07 01:15:00,63187.83,63316.44,63169.9,63188.85,0,665988
2024-05-07 01:20:00,63188.84,63209.65,63142.71,63180.0,0,665989
2024-05-07 01:25:00,63180.0,63263.92,63166.68,63200.09,0,665990
2024-05-07 01:30:00,63200.1,63215.0,62965.4,63101.41,0,665991
2024-05-07 01:35:00,63101.41,63481.38,63093.92,63324.45,0,665992
2024-05-07 01:40:00,63324.45,63390.04,63295.85,63334.8,0,665993
2024-05-07 01:45:00,63334.8,63532.05,63308.1,63424.45,0,665994
2024-05-07 01:50:00,63424.45,63500.87,63393.33,63450.0,3,665995
2024-05-07 01:55:00,63450.0,63450.0,63400.0,63400.0,2,665996
2024-05-07 02:00:00,63400.0,63404.8,63256.12,63311.04,2,665997
2024-05-07 02:05:00,63311.04,63348.23,63250.0,63294.11,2,665998
2024-05-07 02:10:00,63294.11,63294.11,63012.88,63012.9,2,665999
2024-05-07 02:15:00,63012.9,63016.95,62700.0,62976.41,2,666000
2024-05-07 02:20:00,62976.41,63140.0,62954.42,62999.56,2,666001
2024-05-07 02:25:00,62999.56,63088.54,62989.1,63010.85,2,666002
2024-05-07 02:30:00,63010.85,63010.85,62841.8,62967.43,1,666003
2024-05-07 02:35:00,62967.43,63023.19,62903.83,62971.59,0,666004
2024-05-07 02:40:00,62971.59,63113.95,62835.0,63060.01,0,666005
2024-05-07 02:45:00,63060.01,63145.37,63050.18,63098.12,0,666006
2024-05-07 02:50:00,63098.12,63179.99,63071.42,63172.75,0,666007
2024-05-07 02:55:00,63172.74,63242.46,63141.58,63220.0,0,666008
2024-05-07 03:00:00,63220.0,63221.0,63089.68,63142.8,0,666009
2024-05-07 03:05:00,63142.79,63165.0,63051.94,63100.0,0,666010
2024-05-07 03:10:00,63100.0,63180.89,63074.33,63076.81,0,666011
2024-05-07 03:15:00,63076.8,63261.42,63076.8,63213.75,0,666012
2024-05-07 03:20:00,63213.74,63337.59,63207.62,63290.97,0,666013
2024-05-07 03:25:00,63290.97,63389.0,63264.48,63363.35,0,666014
2024-05-07 03:30:00,63363.35,63394.14,63331.12,63331.47,0,666015
2024-05-07 03:35:00,63331.48,63405.61,63313.04,63362.23,0,666016
2024-05-07 03:40:00,63362.23,63405.61,63353.96,63353.97,0,666017
2024-05-07 03:45:00,63353.96,63365.41,63307.05,63312.42,0,666018
2024-05-07 03:50:00,63312.42,63351.68,63304.01,63331.3,0,666019
2024-05-07 03:55:00,63331.3,63335.48,63300.5,63308.28,0,666020
2024-05-07 04:00:00,63308.28,63445.39,63308.27,63403.68,0,666021
2024-05-07 04:05:00,63403.67,63503.87,63386.54,63486.39,0,666022
2024-05-07 04:10:00,63486.39,63532.18,63448.29,63501.52,0,666023
2024-05-07 04:15:00,63501.53,63501.53,63445.8,63484.3,0,666024
2024-05-07 04:20:00,63484.3,63494.33,63466.35,63493.77,0,666025
2024-05-07 04:25:00,63493.76,63611.85,63465.96,63545.58,0,666026
2024-05-07 04:30:00,63545.58,63545.59,63472.22,63489.03,0,666027
2024-05-07 04:35:00,63489.03,63489.04,63405.27,63457.94,0,666028
2024-05-07 04:40:00,63457.94,63457.94,63397.27,63407.26,0,666029
2024-05-07 04:45:00,63407.27,63471.42,63407.26,63467.17,0,666030
2024-05-07 04:50:00,63467.17,63601.22,63467.16,63514.0,0,666031
2024-05-07 04:55:00,63513.99,63600.0,63510.03,63550.29,0,666032
2024-05-07 05:00:00,63550.29,63570.0,63500.0,63515.2,0,666033
2024-05-07 05:05:00,63515.19,63520.0,63486.66,63519.49,0,666034
2024-05-07 05:10:00,63519.49,63528.0,63465.4,63465.41,0,666035
2024-05-07 05:15:00,63465.41,63516.13,63406.13,63488.0,0,666036
2024-05-07 05:20:00,63488.01,63538.86,63484.82,63538.85,0,666037
2024-05-07 05:25:00,63538.86,63563.48,63502.74,63563.48,3,666038
2024-05-07 05:30:00,63563.48,63563.48,63473.9,63525.55,2,666039
2024-05-07 05:35:00,63525.54,63525.55,63434.0,63453.66,2,666040
2024-05-07 05:40:00,63453.67,63509.19,63446.0,63461.31,2,666041
2024-05-07 05:45:00,63461.3,63500.0,63438.26,63487.04,2,666042
2024-05-07 05:50:00,63487.05,63497.4,63446.0,63497.4,2,666043
2024-05-07 05:55:00,63497.4,63505.88,63481.36,63495.67,2,666044
2024-05-07 06:00:00,63495.67,63495.67,63419.99,63420.0,2,666045
2024-05-07 06:05:00,63419.99,63433.5,63334.81,63373.15,2,666046
2024-05-07 06:10:00,63373.14,63400.0,63300.0,63309.69,2,666047
2024-05-07 06:15:00,63309.69,63322.0,63243.26,63285.19,2,666048
2024-05-07 06:20:00,63285.2,63358.56,63274.0,63358.0,2,666049
2024-05-07 06:25:00,63357.99,63396.09,63332.32,63356.0,2,666050
2024-05-07 06:30:00,63355.99,63358.0,63308.64,63308.65,2,666051
2024-05-07 06:35:00,63308.65,63323.59,63158.17,63158.18,2,666052
2024-05-07 06:40:00,63158.17,63196.0,63156.52,63156.53,2,666053
2024-05-07 06:45:00,63156.52,63249.82,63156.52,63186.04,2,666054
2024-05-07 06:50:00,63186.04,63197.47,63143.4,63197.18,2,666055
2024-05-07 06:55:00,63197.19,63200.43,63134.85,63165.19,2,666056
2024-05-07 07:00:00,63165.18,63254.58,63139.95,63229.98,2,666057
2024-05-07 07:05:00,63229.98,63308.9,63215.17,63243.61,2,666058
2024-05-07 07:10:00,63243.61,63267.04,63092.38,63134.2,2,666059
2024-05-07 07:15:00,63134.21,63134.21,62973.18,62991.79,1,666060
2024-05-07 07:20:00,62991.78,63140.0,62960.0,63104.0,0,666061
2024-05-07 07:25:00,63103.99,63296.23,63103.99,63267.04,0,666062
2024-05-07 07:30:00,63267.03,63472.22,63251.31,63387.52,0,666063
2024-05-07 07:35:00,63387.52,63483.98,63338.0,63452.0,0,666064
2024-05-07 07:40:00,63452.0,63580.0,63424.8,63553.99,0,666065
2024-05-07 07:45:00,63553.99,63667.0,63528.57,63590.78,0,666066
2024-05-07 07:50:00,63590.79,63617.0,63550.29,63599.99,0,666067
2024-05-07 07:55:00,63599.99,63615.99,63447.8,63545.45,0,666068
2024-05-07 08:00:00,63545.44,63604.13,63480.0,63604.12,0,666069
2024-05-07 08:05:00,63604.12,63606.62,63555.98,63593.01,0,666070
2024-05-07 08:10:00,63593.01,63714.26,63566.0,63695.42,0,666071
2024-05-07 08:15:00,63695.43,63740.0,63646.2,63699.91,0,666072
2024-05-07 08:20:00,63699.91,63856.36,63616.78,63618.01,0,666073
2024-05-07 08:25:00,63618.0,63656.0,63578.29,63578.3,0,666074
2024-05-07 08:30:00,63578.3,63649.38,63554.85,63640.0,0,666075
2024-05-07 08:35:00,63640.0,63746.06,63639.99,63739.49,0,666076
2024-05-07 08:40:00,63739.49,63929.41,63739.49,63790.0,0,666077
2024-05-07 08:45:00,63789.99,63967.19,63782.68,63893.7,0,666078
2024-05-07 08:50:00,63893.7,63953.33,63849.4,63926.01,3,666079
2024-05-07 08:55:00,63926.01,63926.01,63876.61,63895.72,2,666080
2024-05-07 09:00:00,63895.72,63953.34,63849.41,63849.41,2,666081
2024-05-07 09:05:00,63849.41,63859.87,63764.4,63764.41,2,666082
2024-05-07 09:10:00,63764.41,63810.0,63733.19,63804.97,2,666083
2024-05-07 09:15:00,63804.97,63820.0,63713.6,63713.61,2,666084
2024-05-07 09:20:00,63713.61,63782.61,63700.0,63764.68,2,666085
2024-05-07 09:25:00,63764.69,63825.09,63764.68,63825.08,2,666086
2024-05-07 09:30:00,63825.09,63840.0,63744.01,63767.95,2,666087
2024-05-07 09:35:00,63767.95,63767.96,63694.08,63729.69,2,666088
2024-05-07 09:40:00,63729.69,63744.01,63673.33,63685.58,2,666089
2024-05-07 09:45:00,63685.59,63712.0,63623.73,63644.59,2,666090
2024-05-07 09:50:00,63644.59,63700.0,63620.03,63686.0,2,666091
2024-05-07 09:55:00,63686.01,63751.31,63676.0,63702.76,2,666092
2024-05-07 10:00:00,63702.76,63733.16,63660.0,63684.0,2,666093
2024-05-07 10:05:00,63684.0,63720.0,63652.18,63719.99,2,666094
2024-05-07 10:10:00,63720.0,63720.0,63608.35,63619.98,2,666095
2024-05-07 10:15:00,63619.98,63698.83,63602.88,63642.23,2,666096
2024-05-07 10:20:00,63642.22,63665.81,63450.0,63474.0,2,666097
2024-05-07 10:25:00,63474.0,63493.77,62897.21,62962.2,1,666098
2024-05-07 10:30:00,62962.21,63208.87,62832.6,63169.05,0,666099
2024-05-07 10:35:00,63169.05,63200.0,63063.24,63155.65,0,666100
2024-05-07 10:40:00,63155.66,63310.46,63037.23,63241.99,0,666101
2024-05-07 10:45:00,63242.0,63326.72,63136.7,63247.03,0,666102
2024-05-07 10:50:00,63247.03,63264.2,63166.95,63253.92,0,666103
2024-05-07 10:55:00,63253.92,63253.92,63162.3,63239.49,0,666104
2024-05-07 11:00:00,63239.5,63343.33,63214.0,63243.7,0,666105
2024-05-07 11:05:00,63243.69,63258.99,63092.76,63231.99,0,666106
2024-05-07 11:10:00,63231.99,63265.99,63181.98,63196.0,0,666107
2024-05-07 11:15:00,63196.0,63274.2,63159.62,63259.1,0,666108
2024-05-07 11:20:00,63259.11,63400.0,63230.69,63360.52,0,666109
2024-05-07 11:25:00,63360.51,63421.63,63336.0,63382.01,0,666110
2024-05-07 11:30:00,63382.01,63405.26,63317.07,63370.31,0,666111
2024-05-07 11:35:00,63370.32,63376.11,63298.85,63334.02,0,666112
2024-05-07 11:40:00,63334.01,63450.0,63334.01,63418.73,0,666113
2024-05-07 11:45:00,63418.74,63422.54,63366.0,63382.64,0,666114
2024-05-07 11:50:00,63382.65,63423.61,63382.64,63423.59,0,666115
2024-05-07 11:55:00,63423.59,63470.58,63400.95,63466.26,0,666116
2024-05-07 12:00:00,63466.27,63500.0,63375.66,63375.67,0,666117
2024-05-07 12:05:00,63375.68,63461.38,63354.94,63461.38,0,666118
2024-05-07 12:10:00,63461.37,63461.38,63388.32,63388.32,0,666119
2024-05-07 12:15:00,63388.32,63408.9,63336.65,63408.81,0,666120
2024-05-07 12:20:00,63408.81,63450.0,63384.0,63420.02,0,666121
2024-05-07 12:25:00,63420.02,63424.0,63342.05,63360.01,0,666122
2024-05-07 12:30:00,63360.0,63368.93,63280.0,63324.0,0,666123
2024-05-07 12:35:00,63324.01,63344.42,63243.92,63324.01,0,666124
2024-05-07 12:40:00,63324.01,63725.0,63316.0,63606.02,0,666125
2024-05-07 12:45:00,63606.01,63719.21,63534.0,63534.0,0,666126
2024-05-07 12:50:00,63534.01,63594.79,63502.73,63530.23,0,666127
2024-05-07 12:55:00,63530.23,63563.48,63492.01,63563.48,0,666128
2024-05-07 13:00:00,63563.47,63719.2,63541.43,63580.89,0,666129
2024-05-07 13:05:00,63580.88,63590.14,63477.39,63489.27,0,666130
2024-05-07 13:10:00,63489.27,63511.09,63394.28,63511.08,0,666131
2024-05-07 13:15:00,63511.09,63576.76,63500.0,63563.48,0,666132
2024-05-07 13:20:00,63563.47,63608.01,63539.99,63539.99,0,666133
2024-05-07 13:25:00,63539.99,63584.0,63482.22,63507.99,0,666134
2024-05-07 13:30:00,63508.0,63523.52,63410.04,63467.99,0,666135
2024-05-07 13:35:00,63467.99,63626.09,63452.6,63607.45,0,666136
2024-05-07 13:40:00,63607.45,63653.89,63562.0,63652.57,0,666137
2024-05-07 13:45:00,63652.56,63696.2,63611.11,63627.99,0,666138
2024-05-07 13:50:00,63628.0,63660.0,63604.01,63636.85,0,666139
2024-05-07 13:55:00,63636.85,63656.08,63608.0,63623.81,0,666140
2024-05-07 14:00:00,63623.81,63656.07,63566.79,63597.8,0,666141
2024-05-07 14:05:00,63597.8,63606.0,63549.99,63579.99,0,666142
2024-05-07 14:10:00,63580.0,63708.0,63556.0,63660.0,0,666143
2024-05-07 14:15:00,63659.99,63763.34,63620.0,63755.84,0,666144
2024-05-07 14:20:00,63755.83,63804.38,63740.0,63794.45,0,666145
2024-05-07 14:25:00,63794.45,63853.12,63770.86,63821.98,0,666146
2024-05-07 14:30:00,63821.98,63821.99,63716.68,63746.69,0,666147
2024-05-07 14:35:00,63746.69,63811.63,63744.86,63775.24,0,666148
2024-05-07 14:40:00,63775.23,63785.25,63751.3,63770.14,0,666149
2024-05-07 14:45:00,63770.15,63780.0,63686.31,63686.33,0,666150
2024-05-07 14:50:00,63686.33,63707.5,63645.72,63703.62,0,666151
2024-05-07 14:55:00,63703.63,63703.63,63642.22,63669.69,0,666152
2024-05-07 15:00:00,63669.69,63744.15,63596.13,63705.39,0,666153
2024-05-07 15:05:00,63705.39,63705.4,63620.01,63688.69,0,666154
2024-05-07 15:10:00,63688.7,63827.23,63688.69,63827.22,0,666155
2024-05-07 15:15:00,63827.22,63999.02,63824.0,63996.73,0,666156
2024-05-07 15:20:00,63996.73,64285.71,63988.0,64252.18,0,666157
2024-05-07 15:25:00,64252.17,64333.0,64118.06,64252.13,0,666158
2024-05-07 15:30:00,64252.13,64281.18,64130.36,64182.7,0,666159
2024-05-07 15:35:00,64182.7,64422.41,64182.69,64239.99,0,666160
2024-05-07 15:40:00,64240.0,64240.0,64102.19,64134.68,0,666161
2024-05-07 15:45:00,64134.68,64288.6,64134.67,64268.9,0,666162
2024-05-07 15:50:00,64268.91,64330.0,64258.0,64275.9,0,666163
2024-05-07 15:55:00,64275.9,64314.79,64211.0,64232.0,0,666164
2024-05-07 16:00:00,64231.99,64293.29,64200.8,64236.0,0,666165
2024-05-07 16:05:00,64236.01,64293.29,64229.95,64282.03,0,666166
2024-05-07 16:10:00,64282.02,64290.41,64222.0,64253.62,0,666167
2024-05-07 16:15:00,64253.62,64350.0,64250.1,64322.23,0,666168
2024-05-07 16:20:00,64322.23,64362.7,64295.55,64324.5,3,666169
2024-05-07 16:25:00,64324.49,64346.09,64260.0,64297.33,2,666170
2024-05-07 16:30:00,64297.33,64298.0,64150.99,64194.01,2,666171
2024-05-07 16:35:00,64194.01,64268.38,64168.88,64195.92,2,666172
2024-05-07 16:40:00,64195.91,64228.7,64175.17,64194.47,2,666173
2024-05-07 16:45:00,64194.46,64258.0,64180.0,64181.99,2,666174
2024-05-07 16:50:00,64182.0,64218.0,64086.1,64086.1,2,666175
2024-05-07 16:55:00,64086.11,64125.53,64064.34,64119.98,2,666176
2024-05-07 17:00:00,64119.98,64166.7,64097.98,64166.69,2,666177
2024-05-07 17:05:00,64166.69,64171.83,64076.4,64076.4,2,666178
2024-05-07 17:10:00,64076.41,64083.75,63832.16,63890.47,2,666179
2024-05-07 17:15:00,63890.47,64008.0,63746.69,63771.54,1,666180
2024-05-07 17:20:00,63771.53,63888.0,63771.53,63829.05,0,666181
2024-05-07 17:25:00,63829.06,63877.8,63817.6,63824.0,0,666182
2024-05-07 17:30:00,63824.0,63977.55,63823.99,63977.54,0,666183
2024-05-07 17:35:00,63977.54,63997.27,63928.01,63953.99,0,666184
2024-05-07 17:40:00,63954.0,64040.0,63952.0,64012.0,0,666185
2024-05-07 17:45:00,64012.01,64094.47,63980.13,63984.01,0,666186
2024-05-07 17:50:00,63984.01,64150.01,63966.01,64126.0,3,666187
2024-05-07 17:55:00,64126.01,64145.0,64086.36,64086.37,2,666188
2024-05-07 18:00:00,64086.37,64118.0,64053.0,64053.0,2,666189
2024-05-07 18:05:00,64053.01,64078.15,63927.27,64012.0,2,666190
2024-05-07 18:10:00,64012.0,64087.1,64009.08,64074.0,2,666191
2024-05-07 18:15:00,64074.0,64124.05,64040.0,64099.99,2,666192
2024-05-07 18:20:00,64100.0,64120.0,64016.0,64019.96,2,666193
2024-05-07 18:25:00,64019.96,64042.0,64001.99,64032.0,2,666194
2024-05-07 18:30:00,64032.01,64038.0,63967.69,64008.01,2,666195
2024-05-07 18:35:00,64008.01,64033.02,63823.31,63823.32,2,666196
2024-05-07 18:40:00,63823.31,63863.64,63507.93,63620.86,2,666197
2024-05-07 18:45:00,63620.86,63620.87,63358.0,63531.2,2,666198
2024-05-07 18:50:00,63531.21,63569.11,63444.61,63517.88,2,666199
2024-05-07 18:55:00,63517.87,63532.01,63460.0,63490.43,1,666200
2024-05-07 19:00:00,63490.43,63550.4,63478.0,63527.99,0,666201
2024-05-07 19:05:00,63527.99,63643.54,63520.0,63628.09,0,666202
2024-05-07 19:10:00,63628.08,63669.77,63540.0,63668.04,0,666203
2024-05-07 19:15:00,63668.05,63691.16,63582.55,63604.55,0,666204
2024-05-07 19:20:00,63604.56,63645.48,63473.73,63499.6,0,666205
2024-05-07 19:25:00,63499.6,63603.36,63488.0,63550.8,0,666206
2024-05-07 19:30:00,63550.8,63623.32,63550.79,63610.57,0,666207
2024-05-07 19:35:00,63610.57,63639.0,63550.79,63620.24,0,666208
2024-05-07 19:40:00,63620.25,63620.25,63500.0,63604.8,0,666209
2024-05-07 19:45:00,63604.81,63740.0,63584.21,63730.0,3,666210
2024-05-07 19:50:00,63730.01,63772.45,63657.99,63692.23,2,666211
2024-05-07 19:55:00,63692.23,63704.97,63622.01,63663.02,2,666212
2024-05-07 20:00:00,63663.03,63663.03,63557.47,63610.17,2,666213
2024-05-07 20:05:00,63610.17,63662.01,63552.0,63563.45,2,666214
2024-05-07 20:10:00,63563.45,63658.01,63563.45,63650.0,2,666215
2024-05-07 20:15:00,63650.0,63712.86,63616.0,63667.1,2,666216
2024-05-07 20:20:00,63667.11,63677.88,63511.36,63511.37,2,666217
2024-05-07 20:25:00,63511.36,63557.43,63450.0,63528.01,2,666218
2024-05-07 20:30:00,63528.0,63680.0,63485.6,63590.0,2,666219
2024-05-07 20:35:00,63590.0,63622.88,63475.9,63479.99,2,666220
2024-05-07 20:40:00,63480.0,63563.48,63457.29,63488.0,2,666221
2024-05-07 20:45:00,63488.0,63555.99,63216.98,63248.0,2,666222
2024-05-07 20:50:00,63247.99,63414.42,63112.57,63392.0,2,666223
2024-05-07 20:55:00,63392.0,63396.52,63122.54,63213.16,1,666224
2024-05-07 21:00:00,63213.17,63466.0,63126.57,63363.86,0,666225
2024-05-07 21:05:00,63363.86,63390.73,63296.13,63312.0,0,666226
2024-05-07 21:10:00,63312.01,63366.17,63250.44,63339.57,0,666227
2024-05-07 21:15:00,63339.57,63431.01,63327.23,63404.07,3,666228
2024-05-07 21:20:00,63404.07,63416.0,63250.43,63271.97,2,666229
2024-05-07 21:25:00,63271.97,63347.37,63269.37,63278.01,2,666230
2024-05-07 21:30:00,63278.0,63349.9,63050.77,63124.69,1,666231
2024-05-07 21:35:00,63124.68,63282.59,63121.72,63230.82,0,666232
2024-05-07 21:40:00,63230.82,63509.98,63230.81,63466.45,0,666233
2024-05-07 21:45:00,63466.45,63568.23,63425.5,63538.19,0,666234
2024-05-07 21:50:00,63538.19,63665.99,63474.01,63657.99,0,666235
2024-05-07 21:55:00,63657.99,64088.53,63629.01,64024.47,0,666236
2024-05-07 22:00:00,64024.47,64320.0,64021.37,64158.53,3,666237
2024-05-07 22:05:00,64158.54,64199.99,63947.63,63957.38,2,666238
2024-05-07 22:10:00,63957.37,63963.67,63804.38,63889.41,2,666239
2024-05-07 22:15:00,63889.41,63992.42,63750.37,63769.39,2,666240
2024-05-07 22:20:00,63769.4,63909.09,63733.44,63801.65,2,666241
2024-05-07 22:25:00,63801.65,63947.23,63775.67,63892.77,2,666242
2024-05-07 22:30:00,63892.78,63915.37,63667.05,63676.46,2,666243
2024-05-07 22:35:00,63676.46,63832.84,63584.28,63807.47,2,666244
2024-05-07 22:40:00,63807.47,63832.84,63668.47,63734.18,2,666245
2024-05-07 22:45:00,63734.19,63830.0,63734.18,63785.74,2,666246
2024-05-07 22:50:00,63785.75,63813.92,63742.38,63772.63,2,666247
2024-05-07 22:55:00,63772.62,63791.32,63709.75,63740.48,2,666248
2024-05-07 23:00:00,63740.48,63820.0,63720.0,63811.51,2,666249
2024-05-07 23:05:00,63811.51,63863.64,63811.51,63855.58,2,666250
2024-05-07 23:10:00,63855.58,63895.46,63763.07,63772.13,2,666251
2024-05-07 23:15:00,63772.14,63775.04,63706.77,63744.33,2,666252
2024-05-07 23:20:00,63744.32,63772.41,63740.0,63743.64,2,666253
2024-05-07 23:25:00,63743.65,63761.2,63657.5,63657.51,2,666254
2024-05-07 23:30:00,63657.52,63667.19,63455.56,63513.43,2,666255
2024-05-07 23:35:00,63513.42,63611.21,63506.36,63558.66,2,666256
2024-05-07 23:40:00,63558.65,63590.49,63526.66,63548.29,2,666257
2024-05-07 23:45:00,63548.29,63573.26,63483.0,63515.0,2,666258
2024-05-07 23:50:00,63515.0,63568.22,63506.8,63558.69,2,666259
2024-05-07 23:55:00,63558.69,63634.0,63533.67,63634.0,2,666260
2024-05-08 00:00:00,63633.99,63657.4,63447.42,63474.7,2,666261
2024-05-08 00:05:00,63474.7,63500.87,63352.64,63424.87,2,666262
2024-05-08 00:10:00,63424.88,63495.8,63360.61,63495.8,2,666263
2024-05-08 00:15:00,63495.8,63510.59,63438.26,63490.39,2,666264
2024-05-08 00:20:00,63490.39,63520.0,63480.31,63499.5,2,666265
2024-05-08 00:25:00,63499.5,63508.0,63376.99,63378.24,2,666266
2024-05-08 00:30:00,63378.24,63446.57,63344.89,63384.3,2,666267
2024-05-08 00:35:00,63384.3,63517.8,63384.3,63471.52,2,666268
2024-05-08 00:40:00,63471.53,63484.5,63423.15,63484.5,2,666269
2024-05-08 00:45:00,63484.5,63493.84,63339.99,63345.47,2,666270
2024-05-08 00:50:00,63345.48,63428.77,63310.84,63403.99,2,666271
2024-05-08 00:55:00,63403.98,63428.21,63337.58,63391.79,2,666272
2024-05-08 01:00:00,63391.79,63393.52,63255.74,63310.0,2,666273
2024-05-08 01:05:00,63310.0,63352.59,63239.0,63251.0,2,666274
2024-05-08 01:10:00,63251.01,63289.53,63235.19,63235.2,2,666275
2024-05-08 01:15:00,63235.19,63270.0,63160.5,63200.0,2,666276
2024-05-08 01:20:00,63200.0,63262.66,63155.0,63187.95,2,666277
2024-05-08 01:25:00,63187.95,63212.31,63116.6,63128.14,2,666278
2024-05-08 01:30:00,63128.14,63194.0,63000.0,63096.12,2,666279
2024-05-08 01:35:00,63096.12,63112.07,62829.0,62849.51,1,666280
2024-05-08 01:40:00,62849.52,62994.98,62789.89,62980.07,0,666281
2024-05-08 01:45:00,62980.07,63082.63,62933.06,63060.01,0,666282
2024-05-08 01:50:00,63060.01,63209.38,63033.0,63207.22,0,666283
2024-05-08 01:55:00,63207.21,63207.22,63095.8,63169.99,0,666284
2024-05-08 02:00:00,63169.99,63266.83,63164.68,63225.21,3,666285
2024-05-08 02:05:00,63225.21,63240.0,63155.53,63209.99,2,666286
2024-05-08 02:10:00,63210.0,63269.2,63162.97,63170.99,2,666287
2024-05-08 02:15:00,63170.98,63174.13,63053.0,63115.89,2,666288
2024-05-08 02:20:00,63115.9,63155.86,63112.96,63138.53,2,666289
2024-05-08 02:25:00,63138.53,63154.31,63114.78,63118.19,2,666290
2024-05-08 02:30:00,63118.2,63147.0,63100.0,63147.0,2,666291
2024-05-08 02:35:00,63146.99,63170.89,63117.17,63169.99,2,666292
2024-05-08 02:40:00,63170.0,63170.0,63119.99,63120.0,2,666293
2024-05-08 02:45:00,63120.0,63137.48,63053.02,63127.7,2,666294
2024-05-08 02:50:00,63127.7,63148.42,63093.91,63101.76,2,666295
2024-05-08 02:55:00,63101.75,63101.76,62961.81,63060.01,2,666296
2024-05-08 03:00:00,63060.0,63110.0,62992.0,63090.01,2,666297
2024-05-08 03:05:00,63090.01,63160.43,63083.6,63155.35,2,666298
2024-05-08 03:10:00,63155.35,63180.0,63129.4,63129.4,2,666299
2024-05-08 03:15:00,63129.41,63197.58,63125.0,63138.85,2,666300
2024-05-08 03:20:00,63138.86,63152.58,63106.64,63113.03,2,666301
2024-05-08 03:25:00,63113.03,63140.0,63025.35,63025.41,2,666302
2024-05-08 03:30:00,63025.41,63087.82,63000.0,63019.02,2,666303
2024-05-08 03:35:00,63019.02,63027.01,62944.27,63019.6,2,666304
2024-05-08 03:40:00,63019.6,63069.77,63002.0,63064.21,2,666305
2024-05-08 03:45:00,63064.21,63134.63,63039.0,63039.01,2,666306
2024-05-08 03:50:00,63039.0,63039.01,62888.68,63010.96,2,666307
2024-05-08 03:55:00,63010.96,63010.97,62958.04,62974.94,2,666308
2024-05-08 04:00:00,62974.94,63043.5,62961.19,63021.04,2,666309
2024-05-08 04:05:00,63021.03,63021.04,62990.55,63002.69,2,666310
2024-05-08 04:10:00,63002.68,63069.93,63002.68,63045.85,2,666311
2024-05-08 04:15:00,63045.85,63129.7,63045.85,63086.3,2,666312
2024-05-08 04:20:00,63086.3,63162.28,63086.29,63158.96,2,666313
2024-05-08 04:25:00,63158.95,63158.96,63112.24,63128.91,2,666314
2024-05-08 04:30:00,63128.9,63128.91,62983.24,62983.24,2,666315
2024-05-08 04:35:00,62983.24,63073.61,62930.84,63011.21,2,666316
2024-05-08 04:40:00,63011.2,63036.79,63011.19,63020.73,2,666317
2024-05-08 04:45:00,63020.73,63020.74,62835.0,62925.7,2,666318
2024-05-08 04:50:00,62925.7,62948.57,62855.84,62902.0,2,666319
2024-05-08 04:55:00,62902.01,63125.22,62902.0,63074.01,2,666320
2024-05-08 05:00:00,63074.01,63094.79,62975.8,63005.2,2,666321
2024-05-08 05:05:00,63004.67,63062.61,62942.0,62949.5,2,666322
2024-05-08 05:10:00,62949.5,62968.47,62805.0,62819.96,1,666323
2024-05-08 05:15:00,62819.96,62904.24,62738.8,62828.0,0,666324
2024-05-08 05:20:00,62828.0,62908.97,62827.99,62892.29,0,666325
2024-05-08 05:25:00,62892.28,63037.24,62881.4,63010.01,0,666326
2024-05-08 05:30:00,63010.0,63123.6,62999.64,63087.24,3,666327
2024-05-08 05:35:00,63087.24,63103.86,63010.5,63041.91,2,666328
2024-05-08 05:40:00,63041.91,63072.01,63009.72,63011.99,2,666329
2024-05-08 05:45:00,63011.99,63035.0,62910.28,62911.63,2,666330
2024-05-08 05:50:00,62911.63,62940.0,62840.99,62888.01,2,666331
2024-05-08 05:55:00,62888.01,62888.01,62840.0,62850.92,2,666332
2024-05-08 06:00:00,62850.92,62880.0,62339.28,62415.13,2,666333
2024-05-08 06:05:00,62415.13,62550.23,62261.0,62474.13,2,666334
2024-05-08 06:10:00,62474.13,62481.99,62370.0,62425.93,2,666335
2024-05-08 06:15:00,62425.94,62425.94,62284.5,62284.51,1,666336
2024-05-08 06:20:00,62284.5,62441.94,62261.0,62388.48,0,666337
2024-05-08 06:25:00,62388.48,62446.35,62310.0,62340.01,0,666338
2024-05-08 06:30:00,62340.01,62452.13,62304.82,62430.01,0,666339
2024-05-08 06:35:00,62430.0,62494.0,62427.63,62480.0,0,666340
2024-05-08 06:40:00,62479.99,62516.12,62464.0,62484.01,0,666341
2024-05-08 06:45:00,62484.0,62508.0,62405.05,62412.0,0,666342
2024-05-08 06:50:00,62411.99,62412.0,62320.57,62376.62,0,666343
2024-05-08 06:55:00,62376.62,62376.63,62264.55,62312.08,0,666344
2024-05-08 07:00:00,62312.07,62413.82,62281.09,62369.85,0,666345
2024-05-08 07:05:00,62369.86,62475.96,62344.0,62474.08,0,666346
2024-05-08 07:10:00,62474.07,62500.0,62411.58,62461.98,0,666347
2024-05-08 07:15:00,62461.98,62581.47,62381.06,62546.0,0,666348
2024-05-08 07:20:00,62545.99,62561.99,62473.98,62561.99,0,666349
2024-05-08 07:25:00,62561.98,62561.99,62400.45,62444.12,0,666350
2024-05-08 07:30:00,62444.13,62490.0,62111.0,62485.49,0,666351
2024-05-08 07:35:00,62485.49,62729.77,62360.97,62661.95,0,666352
2024-05-08 07:40:00,62661.94,62682.0,62569.92,62601.99,0,666353
2024-05-08 07:45:00,62601.99,62650.0,62512.46,62646.19,0,666354
2024-05-08 07:50:00,62646.19,62649.33,62564.0,62573.72,0,666355
2024-05-08 07:55:00,62573.73,62627.95,62573.71,62586.01,0,666356
2024-05-08 08:00:00,62586.01,62616.02,62515.8,62554.54,0,666357
2024-05-08 08:05:00,62554.53,62667.03,62554.53,62643.0,0,666358
2024-05-08 08:10:00,62643.01,62699.55,62600.7,62614.83,0,666359
2024-05-08 08:15:00,62614.84,62718.38,62563.54,62563.55,0,666360
2024-05-08 08:20:00,62563.55,62608.0,62524.27,62536.01,0,666361
2024-05-08 08:25:00,62536.01,62590.0,62490.0,62550.01,0,666362
2024-05-08 08:30:00,62550.01,62566.99,62430.0,62482.82,0,666363
2024-05-08 08:35:00,62482.82,62661.02,62467.05,62636.0,0,666364
2024-05-08 08:40:00,62636.01,62658.0,62559.77,62574.68,0,666365
2024-05-08 08:45:00,62574.67,62610.0,62512.86,62607.55,0,666366
2024-05-08 08:50:00,62607.54,62617.97,62552.0,62572.0,0,666367
2024-05-08 08:55:00,62572.01,62572.01,62510.26,62530.31,0,666368
2024-05-08 09:00:00,62530.31,62706.48,62530.3,62685.63,0,666369
2024-05-08 09:05:00,62685.64,62757.49,62640.0,62722.01,0,666370
2024-05-08 09:10:00,62722.0,62750.0,62643.81,62726.0,0,666371
2024-05-08 09:15:00,62726.0,62738.0,62644.13,62645.93,0,666372
2024-05-08 09:20:00,62645.93,62793.76,62645.92,62770.0,0,666373
2024-05-08 09:25:00,62770.0,62819.99,62740.6,62740.61,0,666374
2024-05-08 09:30:00,62740.61,62771.99,62713.49,62722.0,0,666375
2024-05-08 09:35:00,62721.99,62780.0,62721.99,62771.76,0,666376
2024-05-08 09:40:00,62771.77,62823.66,62754.74,62804.01,0,666377
2024-05-08 09:45:00,62804.0,62849.03,62760.0,62849.03,3,666378
2024-05-08 09:50:00,62849.03,62849.03,62774.17,62774.18,2,666379
2024-05-08 09:55:00,62774.17,62819.99,62754.75,62756.01,2,666380
2024-05-08 10:00:00,62756.0,62803.06,62742.01,62798.73,2,666381
2024-05-08 10:05:00,62798.73,62822.76,62769.32,62772.0,2,666382
2024-05-08 10:10:00,62772.0,62772.01,62720.0,62745.41,2,666383
2024-05-08 10:15:00,62745.4,62780.23,62649.3,62649.3,1,666384
2024-05-08 10:20:00,62649.31,62673.91,62588.0,62663.99,0,666385
2024-05-08 10:25:00,62663.98,62724.0,62663.98,62712.0,0,666386
2024-05-08 10:30:00,62712.0,62750.0,62701.58,62718.2,0,666387
2024-05-08 10:35:00,62718.19,62777.11,62718.19,62760.26,0,666388
2024-05-08 10:40:00,62760.27,62973.18,62754.0,62922.01,0,666389
2024-05-08 10:45:00,62922.01,62970.0,62888.0,62904.01,0,666390
2024-05-08 10:50:00,62904.01,62951.8,62873.08,62920.0,0,666391
2024-05-08 10:55:00,62920.0,62920.01,62858.33,62893.99,0,666392
2024-05-08 11:00:00,62894.0,62921.99,62858.33,62921.98,0,666393
2024-05-08 11:05:00,62921.98,62944.64,62893.83,62916.08,0,666394
2024-05-08 11:10:00,62916.08,62931.32,62883.27,62891.99,0,666395
2024-05-08 11:15:00,62891.99,62948.0,62882.0,62947.99,3,666396
2024-05-08 11:20:00,62948.0,63020.22,62888.0,62913.99,2,666397
2024-05-08 11:25:00,62914.0,62914.0,62796.54,62796.55,2,666398
2024-05-08 11:30:00,62796.54,62796.55,62669.13,62689.98,2,666399
2024-05-08 11:35:00,62689.99,62724.0,62573.25,62612.26,2,666400
2024-05-08 11:40:00,62612.26,62612.26,62358.09,62548.22,2,666401
2024-05-08 11:45:00,62548.22,62655.99,62540.0,62655.98,2,666402
2024-05-08 11:50:00,62655.98,62655.99,62600.0,62613.72,2,666403
2024-05-08 11:55:00,62613.72,62639.99,62492.97,62520.15,2,666404
2024-05-08 12:00:00,62520.15,62539.77,62361.51,62442.0,1,666405
2024-05-08 12:05:00,62442.0,62489.4,62400.67,62478.0,0,666406
2024-05-08 12:10:00,62478.0,62537.02,62478.0,62493.99,0,666407
2024-05-08 12:15:00,62494.0,62600.0,62460.0,62590.65,0,666408
2024-05-08 12:20:00,62590.64,62609.61,62562.0,62596.0,0,666409
2024-05-08 12:25:00,62596.01,62665.96,62596.0,62642.01,0,666410
2024-05-08 12:30:00,62642.01,62760.0,62618.0,62720.02,3,666411
2024-05-08 12:35:00,62720.02,62747.14,62690.49,62700.0,2,666412
2024-05-08 12:40:00,62699.99,62700.0,62670.0,62698.77,2,666413
2024-05-08 12:45:00,62698.78,62698.78,62610.0,62635.21,2,666414
2024-05-08 12:50:00,62635.21,62645.91,62571.23,62645.91,2,666415
2024-05-08 12:55:00,62645.9,62645.92,62600.0,62617.71,2,666416
2024-05-08 13:00:00,62617.71,62709.63,62591.99,62676.84,2,666417
2024-05-08 13:05:00,62676.84,62688.0,62626.44,62636.0,2,666418
2024-05-08 13:10:00,62635.99,62636.0,62518.61,62540.0,2,666419
2024-05-08 13:15:00,62539.99,62540.0,62400.0,62406.0,2,666420
2024-05-08 13:20:00,62406.0,62406.0,62182.97,62226.01,2,666421
2024-05-08 13:25:00,62226.01,62269.58,62135.48,62185.99,1,666422
2024-05-08 13:30:00,62186.0,62354.49,62146.31,62334.0,0,666423
2024-05-08 13:35:00,62333.99,62535.99,62244.7,62513.01,3,666424
2024-05-08 13:40:00,62513.0,62520.0,62417.69,62433.38,2,666425
2024-05-08 13:45:00,62433.37,62496.1,62400.0,62473.99,2,666426
2024-05-08 13:50:00,62473.99,62507.36,62451.87,62488.01,2,666427
2024-05-08 13:55:00,62488.01,62548.0,62488.0,62505.98,2,666428
2024-05-08 14:00:00,62505.99,62603.64,62461.51,62502.93,2,666429
2024-05-08 14:05:00,62502.94,62510.67,62349.99,62375.38,2,666430
2024-05-08 14:10:00,62375.38,62384.06,62314.0,62356.15,2,666431
2024-05-08 14:15:00,62356.15,62395.32,62350.0,62370.0,2,666432
2024-05-08 14:20:00,62370.01,62387.15,62240.0,62240.01,2,666433
2024-05-08 14:25:00,62240.0,62243.49,62180.0,62190.0,2,666434
2024-05-08 14:30:00,62190.0,62280.02,62172.32,62280.01,2,666435
2024-05-08 14:35:00,62280.01,62298.45,62250.96,62262.11,2,666436
2024-05-08 14:40:00,62262.11,62314.02,62250.0,62314.01,2,666437
2024-05-08 14:45:00,62314.02,62359.99,62265.93,62265.94,2,666438
2024-05-08 14:50:00,62265.94,62280.0,62020.09,62237.81,2,666439
2024-05-08 14:55:00,62237.82,62237.82,62152.01,62208.0,2,666440
2024-05-08 15:00:00,62208.0,62309.99,62073.87,62270.92,2,666441
2024-05-08 15:05:00,62270.92,62310.0,62141.38,62182.04,2,666442
2024-05-08 15:10:00,62182.03,62209.99,62042.0,62202.01,2,666443
2024-05-08 15:15:00,62202.0,62269.6,62197.32,62262.41,2,666444
2024-05-08 15:20:00,62262.42,62391.35,62255.08,62328.54,2,666445
2024-05-08 15:25:00,62328.54,62333.99,62260.61,62289.61,2,666446
2024-05-08 15:30:00,62289.62,62381.98,62243.49,62350.01,2,666447
2024-05-08 15:35:00,62350.0,62427.97,62292.61,62328.66,2,666448
2024-05-08 15:40:00,62328.65,62340.0,62220.0,62232.23,2,666449
2024-05-08 15:45:00,62232.23,62232.24,62087.0,62131.71,1,666450
2024-05-08 15:50:00,62131.71,62226.16,62130.0,62160.88,0,666451
2024-05-08 15:55:00,62160.88,62413.24,62155.95,62375.99,3,666452
2024-05-08 16:00:00,62375.99,62428.0,62310.0,62332.0,2,666453
2024-05-08 16:05:00,62331.99,62355.06,62261.12,62315.99,2,666454
2024-05-08 16:10:00,62315.99,62360.0,62259.05,62276.58,2,666455
2024-05-08 16:15:00,62276.58,62297.36,62184.44,62184.44,2,666456
2024-05-08 16:20:00,62184.44,62194.0,62101.54,62162.0,2,666457
2024-05-08 16:25:00,62162.0,62320.0,62160.06,62207.99,2,666458
2024-05-08 16:30:00,62208.0,62249.38,62114.7,62141.28,2,666459
2024-05-08 16:35:00,62141.27,62198.84,62090.0,62140.0,2,666460
2024-05-08 16:40:00,62140.0,62196.9,62082.3,62100.01,1,666461
2024-05-08 16:45:00,62100.0,62214.0,62100.0,62212.3,0,666462
2024-05-08 16:50:00,62212.31,62287.97,62208.0,62268.01,0,666463
2024-05-08 16:55:00,62268.0,62335.76,62224.0,62302.01,0,666464
2024-05-08 17:00:00,62302.0,62356.25,62264.19,62322.07,0,666465
2024-05-08 17:05:00,62322.06,62344.85,62284.0,62329.99,0,666466
2024-05-08 17:10:00,62330.0,62346.63,62286.42,62336.24,0,666467
2024-05-08 17:15:00,62336.23,62414.0,62336.23,62391.99,0,666468
2024-05-08 17:20:00,62391.99,62514.75,62391.99,62497.54,0,666469
2024-05-08 17:25:00,62497.54,62497.54,62422.0,62484.01,0,666470
2024-05-08 17:30:00,62484.0,62519.7,62410.77,62423.31,0,666471
2024-05-08 17:35:00,62423.32,62453.47,62377.36,62377.36,0,666472
2024-05-08 17:40:00,62377.37,62450.0,62377.36,62382.01,0,666473
2024-05-08 17:45:00,62382.01,62438.0,62382.0,62418.09,0,666474
2024-05-08 17:50:00,62418.08,62449.99,62408.0,62438.0,0,666475
2024-05-08 17:55:00,62437.99,62497.81,62437.99,62450.05,0,666476
2024-05-08 18:00:00,62450.06,62507.0,62393.34,62498.01,3,666477
2024-05-08 18:05:00,62498.0,62498.01,62220.0,62279.13,2,666478
2024-05-08 18:10:00,62279.14,62292.0,62182.63,62236.89,2,666479
2024-05-08 18:15:00,62236.88,62303.55,62167.81,62270.54,2,666480
2024-05-08 18:20:00,62270.54,62278.32,62172.04,62200.01,2,666481
2024-05-08 18:25:00,62200.0,62204.0,62131.41,62172.0,1,666482
2024-05-08 18:30:00,62172.0,62251.39,62140.22,62251.39,0,666483
2024-05-08 18:35:00,62251.39,62317.58,62245.92,62310.0,0,666484
2024-05-08 18:40:00,62310.0,62380.0,62298.38,62320.0,0,666485
2024-05-08 18:45:00,62320.01,62425.69,62271.0,62372.0,0,666486
2024-05-08 18:50:00,62372.0,62388.0,62266.0,62300.0,0,666487
2024-05-08 18:55:00,62299.99,62300.0,62226.0,62243.4,0,666488
2024-05-08 19:00:00,62243.4,62360.64,62226.0,62340.0,0,666489
2024-05-08 19:05:00,62340.0,62450.14,62337.95,62432.01,3,666490
2024-05-08 19:10:00,62432.01,62440.0,62373.24,62420.02,2,666491
2024-05-08 19:15:00,62420.01,62420.02,62288.4,62345.89,2,666492
2024-05-08 19:20:00,62345.89,62347.02,62244.44,62342.55,2,666493
2024-05-08 19:25:00,62342.56,62375.94,62327.99,62343.99,2,666494
2024-05-08 19:30:00,62343.99,62386.67,62250.15,62250.15,2,666495
2024-05-08 19:35:00,62250.16,62284.79,62158.0,62172.15,2,666496
2024-05-08 19:40:00,62172.16,62252.96,62127.75,62172.13,2,666497
2024-05-08 19:45:00,62172.14,62211.7,62093.75,62123.5,2,666498
2024-05-08 19:50:00,62123.51,62230.01,62112.44,62131.95,2,666499
2024-05-08 19:55:00,62131.95,62242.89,62131.94,62238.29,2,666500
2024-05-08 20:00:00,62238.29,62265.36,62113.58,62131.4,2,666501
2024-05-08 20:05:00,62131.4,62131.41,61878.26,62026.21,2,666502
2024-05-08 20:10:00,62026.2,62026.21,61869.84,61909.69,2,666503
2024-05-08 20:15:00,61909.69,62199.63,61909.69,62058.0,2,666504
2024-05-08 20:20:00,62057.99,62140.0,62050.61,62070.0,2,666505
2024-05-08 20:25:00,62070.0,62137.65,62006.77,62022.35,2,666506
2024-05-08 20:30:00,62022.36,62087.45,61909.09,61911.44,2,666507
2024-05-08 20:35:00,61911.44,62019.38,61833.2,61913.99,2,666508
2024-05-08 20:40:00,61913.99,61939.81,61761.0,61872.0,1,666509
2024-05-08 20:45:00,61872.0,62070.45,61871.99,62069.99,0,666510
2024-05-08 20:50:00,62069.99,62160.01,62052.34,62151.76,0,666511
2024-05-08 20:55:00,62151.75,62461.28,62151.75,62447.61,3,666512
2024-05-08 21:00:00,62447.6,62452.24,62325.29,62378.91,2,666513
2024-05-08 21:05:00,62378.91,62378.91,62229.01,62275.96,2,666514
2024-05-08 21:10:00,62275.95,62355.28,62179.99,62209.0,1,666515
2024-05-08 21:15:00,62209.0,62398.0,62160.72,62377.98,0,666516
2024-05-08 21:20:00,62377.98,62670.0,62364.0,62665.97,0,666517
2024-05-08 21:25:00,62665.97,62665.98,62491.99,62510.76,0,666518
2024-05-08 21:30:00,62510.76,62561.28,62410.0,62478.71,0,666519
2024-05-08 21:35:00,62478.72,62630.2,62459.45,62625.01,0,666520
2024-05-08 21:40:00,62625.0,62739.87,62579.82,62732.0,3,666521
2024-05-08 21:45:00,62732.01,62828.0,62601.24,62721.99,2,666522
2024-05-08 21:50:00,62722.0,62722.0,62635.21,62639.56,2,666523
2024-05-08 21:55:00,62639.57,62656.0,62560.0,62560.01,2,666524
2024-05-08 22:00:00,62560.0,62604.35,62504.57,62535.99,2,666525
2024-05-08 22:05:00,62535.99,62542.01,62321.66,62321.67,2,666526
2024-05-08 22:10:00,62321.66,62349.99,62164.43,62257.27,2,666527
2024-05-08 22:15:00,62257.28,62266.03,61943.05,62040.06,2,666528
2024-05-08 22:20:00,62040.06,62042.0,61886.86,61936.21,1,666529
2024-05-08 22:25:00,61936.21,62141.76,61936.21,62119.12,0,666530
2024-05-08 22:30:00,62119.11,62245.0,62022.04,62212.71,0,666531
2024-05-08 22:35:00,62212.7,62354.84,62212.7,62316.17,0,666532
2024-05-08 22:40:00,62316.16,62327.74,62182.49,62240.02,0,666533
2024-05-08 22:45:00,62240.02,62444.77,62213.52,62444.76,3,666534
2024-05-08 22:50:00,62444.76,62519.99,62288.23,62288.24,2,666535
2024-05-08 22:55:00,62288.24,62335.82,62203.8,62273.08,2,666536
2024-05-08 23:00:00,62273.07,62296.46,62081.01,62086.23,1,666537
2024-05-08 23:05:00,62086.23,62194.83,62068.31,62096.89,0,666538
2024-05-08 23:10:00,62096.88,62296.0,62000.0,62272.51,0,666539
2024-05-08 23:15:00,62272.51,62330.1,62202.8,62276.86,0,666540
2024-05-08 23:20:00,62276.86,62319.91,62220.01,62306.45,0,666541
2024-05-08 23:25:00,62306.46,62318.62,62232.23,62282.04,0,666542
2024-05-08 23:30:00,62282.05,62369.57,62282.04,62314.36,0,666543
2024-05-08 23:35:00,62314.36,62327.17,62180.9,62326.81,0,666544
2024-05-08 23:40:00,62326.8,62371.87,62252.72,62252.85,0,666545
2024-05-08 23:45:00,62252.84,62339.0,62235.85,62280.39,0,666546
2024-05-08 23:50:00,62280.4,62356.83,62264.68,62356.83,0,666547
2024-05-08 23:55:00,62356.83,62444.45,62339.6,62444.45,0,666548
2024-05-09 00:00:00,62444.45,62621.15,62368.06,62600.41,0,666549
2024-05-09 00:05:00,62600.41,62622.0,62516.48,62558.26,0,666550
2024-05-09 00:10:00,62558.27,62594.0,62481.24,62557.16,0,666551
2024-05-09 00:15:00,62557.16,62574.11,62507.55,62546.0,0,666552
2024-05-09 00:20:00,62546.0,62546.0,62448.0,62474.01,0,666553
2024-05-09 00:25:00,62474.0,62579.28,62470.36,62531.91,0,666554
2024-05-09 00:30:00,62531.9,62685.7,62515.8,62588.69,0,666555
2024-05-09 00:35:00,62588.69,62600.0,62462.59,62475.51,0,666556
2024-05-09 00:40:00,62475.5,62516.52,62461.97,62503.3,0,666557
2024-05-09 00:45:00,62503.29,62516.52,62475.13,62496.18,0,666558
2024-05-09 00:50:00,62496.17,62580.03,62425.15,62534.36,0,666559
2024-05-09 00:55:00,62534.35,62595.53,62534.35,62594.18,0,666560
2024-05-09 01:00:00,62594.19,62646.43,62551.0,62614.0,0,666561
2024-05-09 01:05:00,62614.0,62620.0,62582.4,62600.0,0,666562
2024-05-09 01:10:00,62599.99,62683.33,62599.99,62637.72,0,666563
2024-05-09 01:15:00,62637.71,62714.85,62630.81,62701.49,0,666564
2024-05-09 01:20:00,62701.5,62760.0,62688.4,62725.83,3,666565
2024-05-09 01:25:00,62725.82,62731.14,62668.19,62703.4,2,666566
2024-05-09 01:30:00,62703.41,62740.0,62640.0,62640.0,2,666567
2024-05-09 01:35:00,62640.0,62640.01,62537.09,62606.24,2,666568
2024-05-09 01:40:00,62606.23,62634.5,62500.0,62549.19,2,666569
2024-05-09 01:45:00,62549.19,62560.0,62500.0,62512.38,2,666570
2024-05-09 01:50:00,62512.38,62523.12,62450.0,62494.89,2,666571
2024-05-09 01:55:00,62494.88,62540.07,62492.51,62515.46,2,666572
2024-05-09 02:00:00,62515.46,62540.0,62460.16,62529.43,2,666573
2024-05-09 02:05:00,62529.43,62548.71,62462.65,62470.01,2,666574
2024-05-09 02:10:00,62470.01,62474.37,62272.06,62285.26,2,666575
2024-05-09 02:15:00,62285.26,62340.0,62208.15,62208.16,2,666576
2024-05-09 02:20:00,62208.16,62216.4,62083.64,62094.96,2,666577
2024-05-09 02:25:00,62094.97,62103.99,61949.42,62059.57,1,666578
2024-05-09 02:30:00,62059.57,62213.64,62036.94,62169.71,0,666579
2024-05-09 02:35:00,62169.72,62260.0,62148.72,62251.58,0,666580
2024-05-09 02:40:00,62251.58,62340.03,62242.48,62340.02,3,666581
2024-05-09 02:45:00,62340.03,62418.19,62240.25,62304.4,2,666582
2024-05-09 02:50:00,62304.4,62336.1,62280.0,62290.0,2,666583
2024-05-09 02:55:00,62290.0,62315.61,62156.28,62179.45,2,666584
2024-05-09 03:00:00,62179.45,62248.84,62166.8,62168.37,2,666585
2024-05-09 03:05:00,62168.38,62170.0,62092.37,62153.21,2,666586
2024-05-09 03:10:00,62153.21,62168.36,62025.6,62042.01,2,666587
2024-05-09 03:15:00,62042.0,62127.65,61561.0,61623.53,2,666588
2024-05-09 03:20:00,61623.53,61912.3,61620.05,61729.95,2,666589
2024-05-09 03:25:00,61729.94,61800.0,61643.31,61747.6,2,666590
2024-05-09 03:30:00,61747.6,61755.59,61546.37,61671.77,2,666591
2024-05-09 03:35:00,61671.78,61714.24,61605.94,61652.35,2,666592
2024-05-09 03:40:00,61652.34,61699.99,61604.65,61660.53,2,666593
2024-05-09 03:45:00,61660.53,61660.54,61429.62,61546.39,2,666594
2024-05-09 03:50:00,61546.4,61596.11,61480.0,61480.01,2,666595
2024-05-09 03:55:00,61480.01,61608.69,61475.3,61570.01,2,666596
2024-05-09 04:00:00,61570.0,61649.74,61473.5,61621.2,2,666597
2024-05-09 04:05:00,61621.2,61621.2,61481.23,61542.75,2,666598
2024-05-09 04:10:00,61542.74,61542.75,61468.49,61504.33,2,666599
2024-05-09 04:15:00,61504.34,61562.54,61440.83,61562.4,2,666600
2024-05-09 04:20:00,61562.4,61565.27,61382.0,61515.65,2,666601
2024-05-09 04:25:00,61515.66,61763.37,61505.92,61650.01,2,666602
2024-05-09 04:30:00,61650.0,61757.93,61556.35,61629.08,2,666603
2024-05-09 04:35:00,61629.08,61631.97,61526.38,61580.33,2,666604
2024-05-09 04:40:00,61580.33,61680.0,61563.6,61648.18,2,666605
2024-05-09 04:45:00,61648.18,61649.03,61418.44,61418.44,2,666606
2024-05-09 04:50:00,61418.44,61554.97,61407.87,61433.61,2,666607
2024-05-09 04:55:00,61433.61,61523.61,61433.6,61485.94,2,666608
2024-05-09 05:00:00,61485.95,61561.39,61450.0,61541.99,2,666609
2024-05-09 05:05:00,61541.99,61568.85,61481.69,61481.7,2,666610
2024-05-09 05:10:00,61481.7,61481.7,61170.0,61220.96,2,666611
2024-05-09 05:15:00,61220.97,61272.5,61103.26,61267.68,2,666612
2024-05-09 05:20:00,61267.67,61315.74,61228.89,61315.73,2,666613
2024-05-09 05:25:00,61315.73,61384.4,61260.6,61378.01,2,666614
2024-05-09 05:30:00,61378.0,61426.49,61290.0,61301.49,2,666615
2024-05-09 05:35:00,61301.49,61439.87,61292.0,61325.14,2,666616
2024-05-09 05:40:00,61325.14,61325.15,61229.8,61259.76,2,666617
2024-05-09 05:45:00,61259.77,61350.59,61246.05,61308.01,2,666618
2024-05-09 05:50:00,61308.02,61308.02,61253.21,61258.78,2,666619
2024-05-09 05:55:00,61258.79,61287.19,61165.3,61251.01,2,666620
2024-05-09 06:00:00,61251.02,61256.97,61066.0,61066.0,2,666621
2024-05-09 06:05:00,61066.0,61103.88,60974.63,61009.41,2,666622
2024-05-09 06:10:00,61009.41,61212.57,61003.84,61191.81,2,666623
2024-05-09 06:15:00,61191.8,61191.81,60994.6,61021.56,2,666624
2024-05-09 06:20:00,61021.55,61021.56,60900.0,60932.11,1,666625
2024-05-09 06:25:00,60932.11,61004.25,60888.0,60996.73,0,666626
2024-05-09 06:30:00,60996.73,61056.76,60956.07,61030.01,0,666627
2024-05-09 06:35:00,61030.01,61111.11,61028.0,61100.17,0,666628
2024-05-09 06:40:00,61100.16,61100.17,60988.0,61059.99,0,666629
2024-05-09 06:45:00,61060.0,61211.0,61059.99,61210.99,0,666630
2024-05-09 06:50:00,61211.0,61280.46,61188.6,61220.0,0,666631
2024-05-09 06:55:00,61220.0,61226.0,61176.24,61193.03,0,666632
2024-05-09 07:00:00,61193.03,61267.94,61144.33,61250.01,0,666633
2024-05-09 07:05:00,61250.01,61256.13,61196.25,61221.99,0,666634
2024-05-09 07:10:00,61221.99,61332.23,61192.0,61272.82,0,666635
2024-05-09 07:15:00,61272.82,61298.24,61202.47,61245.99,0,666636
2024-05-09 07:20:00,61245.99,61320.0,61244.2,61319.99,0,666637
2024-05-09 07:25:00,61319.99,61388.0,61275.07,61377.11,0,666638
2024-05-09 07:30:00,61377.11,61397.35,61324.61,61383.24,0,666639
2024-05-09 07:35:00,61383.23,61419.99,61337.41,61400.01,0,666640
2024-05-09 07:40:00,61400.01,61468.14,61387.41,61455.12,0,666641
2024-05-09 07:45:00,61455.13,61455.13,61389.04,61428.93,0,666642
2024-05-09 07:50:00,61428.92,61441.78,61366.03,61441.46,0,666643
2024-05-09 07:55:00,61441.46,61464.2,61400.0,61400.0,0,666644
2024-05-09 08:00:00,61400.01,61482.26,61380.54,61455.14,0,666645
2024-05-09 08:05:00,61455.15,61516.0,61415.56,61466.77,0,666646
2024-05-09 08:10:00,61466.77,61539.49,61466.77,61538.0,0,666647
2024-05-09 08:15:00,61538.01,61538.01,61478.09,61501.79,0,666648
2024-05-09 08:20:00,61501.79,61509.99,61460.0,61499.99,0,666649
2024-05-09 08:25:00,61500.0,61540.59,61480.0,61510.43,0,666650
2024-05-09 08:30:00,61510.44,61515.01,61464.0,61497.99,0,666651
2024-05-09 08:35:00,61497.99,61498.0,61448.97,61448.98,0,666652
2024-05-09 08:40:00,61448.98,61482.01,61422.74,61458.24,0,666653
2024-05-09 08:45:00,61458.24,61505.92,61458.24,61505.92,0,666654
2024-05-09 08:50:00,61505.92,61505.92,61488.16,61501.9,0,666655
2024-05-09 08:55:00,61501.9,61567.41,61501.89,61551.0,0,666656
2024-05-09 09:00:00,61550.99,61572.59,61520.19,61536.0,0,666657
2024-05-09 09:05:00,61535.99,61543.54,61526.08,61533.81,0,666658
2024-05-09 09:10:00,61533.82,61539.56,61490.34,61539.55,0,666659
2024-05-09 09:15:00,61539.55,61561.4,61538.85,61554.71,0,666660
2024-05-09 09:20:00,61554.71,61569.34,61544.28,61551.99,0,666661
2024-05-09 09:25:00,61551.99,61599.0,61551.99,61599.0,0,666662
2024-05-09 09:30:00,61598.99,61617.4,61500.0,61569.99,0,666663
2024-05-09 09:35:00,61569.99,61680.0,61569.99,61672.35,0,666664
2024-05-09 09:40:00,61672.35,61694.91,61670.0,61686.4,0,666665
2024-05-09 09:45:00,61686.39,61686.4,61637.8,61642.0,0,666666
2024-05-09 09:50:00,61642.0,61671.38,61641.99,61671.37,0,666667
2024-05-09 09:55:00,61671.38,61675.18,61662.21,61664.64,0,666668
2024-05-09 10:00:00,61664.64,61787.22,61641.99,61732.34,0,666669
2024-05-09 10:05:00,61732.34,61806.98,61732.33,61761.67,0,666670
2024-05-09 10:10:00,61761.68,61761.68,61529.93,61549.95,0,666671
2024-05-09 10:15:00,61549.94,61568.0,61431.68,61468.59,0,666672
2024-05-09 10:20:00,61468.59,61518.0,61468.59,61515.16,0,666673
2024-05-09 10:25:00,61515.17,61523.9,61423.24,61523.89,0,666674
2024-05-09 10:30:00,61523.89,61620.0,61523.89,61614.17,0,666675
2024-05-09 10:35:00,61614.18,61720.01,61602.62,61622.0,0,666676
2024-05-09 10:40:00,61621.99,61676.0,61621.99,61672.0,0,666677
2024-05-09 10:45:00,61672.0,61672.01,61613.4,61648.8,0,666678
2024-05-09 10:50:00,61648.8,61749.99,61642.77,61700.3,0,666679
2024-05-09 10:55:00,61700.3,61708.0,61680.0,61680.4,0,666680
2024-05-09 11:00:00,61680.4,61706.0,61646.81,61648.8,0,666681
2024-05-09 11:05:00,61648.81,61752.94,61648.8,61747.54,3,666682
2024-05-09 11:10:00,61747.53,61747.54,61697.23,61708.0,2,666683
2024-05-09 11:15:00,61708.0,61760.6,61675.84,61700.01,2,666684
2024-05-09 11:20:00,61700.0,61700.01,61593.49,61623.12,2,666685
2024-05-09 11:25:00,61623.12,61641.58,61519.13,61545.13,2,666686
2024-05-09 11:30:00,61545.13,61545.14,61420.0,61545.14,2,666687
2024-05-09 11:35:00,61545.13,61600.6,61494.85,61564.41,2,666688
2024-05-09 11:40:00,61564.41,61596.0,61537.4,61559.99,2,666689
2024-05-09 11:45:00,61560.0,61576.6,61556.0,61572.93,2,666690
2024-05-09 11:50:00,61572.92,61572.93,61500.0,61547.99,2,666691
2024-05-09 11:55:00,61548.0,61555.52,61490.82,61511.12,2,666692
2024-05-09 12:00:00,61511.13,61560.0,61499.34,61549.4,2,666693
2024-05-09 12:05:00,61549.39,61560.0,61541.21,61560.0,2,666694
2024-05-09 12:10:00,61559.99,61588.38,61559.99,61581.87,2,666695
2024-05-09 12:15:00,61581.86,61592.72,61567.83,61573.2,2,666696
2024-05-09 12:20:00,61573.19,61727.58,61573.19,61667.78,2,666697
2024-05-09 12:25:00,61667.78,61683.09,61494.56,61494.57,1,666698
2024-05-09 12:30:00,61494.57,61560.0,61444.44,61554.0,0,666699
2024-05-09 12:35:00,61554.01,61554.01,61510.04,61549.93,0,666700
2024-05-09 12:40:00,61549.93,61567.79,61549.93,61564.76,0,666701
2024-05-09 12:45:00,61564.75,61575.36,61554.0,61575.36,0,666702
2024-05-09 12:50:00,61575.36,61624.04,61560.96,61624.04,0,666703
2024-05-09 12:55:00,61624.04,61676.3,61580.0,61580.01,0,666704
2024-05-09 13:00:00,61580.01,61658.44,61580.0,61658.43,0,666705
2024-05-09 13:05:00,61658.44,61745.59,61658.43,61745.59,0,666706
2024-05-09 13:10:00,61745.59,61780.6,61727.27,61770.01,3,666707
2024-05-09 13:15:00,61770.01,61770.02,61667.94,61674.12,2,666708
2024-05-09 13:20:00,61674.11,61730.05,61646.03,61729.11,2,666709
2024-05-09 13:25:00,61729.12,61763.13,61680.0,61743.44,2,666710
2024-05-09 13:30:00,61743.43,61772.52,61672.48,61672.48,2,666711
2024-05-09 13:35:00,61672.49,61684.19,61632.66,61684.19,2,666712
2024-05-09 13:40:00,61684.18,61684.19,61607.44,61607.55,2,666713
2024-05-09 13:45:00,61607.54,61607.55,61530.69,61561.61,2,666714
2024-05-09 13:50:00,61561.61,61607.52,61531.93,61606.0,2,666715
2024-05-09 13:55:00,61606.01,61654.0,61588.88,61616.01,2,666716
2024-05-09 14:00:00,61616.0,61648.0,61539.99,61557.14,2,666717
2024-05-09 14:05:00,61557.14,61592.1,61532.58,61544.11,2,666718
2024-05-09 14:10:00,61544.11,61575.98,61500.79,61575.98,2,666719
2024-05-09 14:15:00,61575.98,61590.0,61486.0,61543.78,2,666720
2024-05-09 14:20:00,61543.79,61560.01,61500.0,61530.72,2,666721
2024-05-09 14:25:00,61530.73,61550.42,61454.15,61506.0,2,666722
2024-05-09 14:30:00,61505.99,61506.0,61460.69,61476.69,2,666723
2024-05-09 14:35:00,61476.69,61476.69,61306.97,61403.34,2,666724
2024-05-09 14:40:00,61403.34,61438.0,61380.0,61437.99,2,666725
2024-05-09 14:45:00,61437.99,61438.0,61234.02,61329.4,2,666726
2024-05-09 14:50:00,61329.4,61338.08,61129.0,61163.95,1,666727
2024-05-09 14:55:00,61163.95,61253.16,61163.94,61253.16,0,666728
2024-05-09 15:00:00,61253.16,61420.01,61242.0,61380.78,0,666729
2024-05-09 15:05:00,61380.78,61388.0,61280.0,61306.73,0,666730
2024-05-09 15:10:00,61306.73,61343.56,61139.79,61212.61,0,666731
2024-05-09 15:15:00,61212.61,61350.01,61204.49,61310.47,0,666732
2024-05-09 15:20:00,61310.47,61392.78,61293.56,61343.01,0,666733
2024-05-09 15:25:00,61343.01,61407.62,61309.14,61309.14,0,666734
2024-05-09 15:30:00,61309.15,61442.0,61309.14,61422.0,0,666735
2024-05-09 15:35:00,61422.01,61445.99,61392.0,61392.01,0,666736
2024-05-09 15:40:00,61392.0,61426.04,61380.36,61425.93,3,666737
2024-05-09 15:45:00,61425.93,61447.06,61379.53,61379.54,2,666738
2024-05-09 15:50:00,61379.53,61379.54,61264.6,61298.02,2,666739
2024-05-09 15:55:00,61298.02,61311.41,61264.61,61310.0,2,666740
2024-05-09 16:00:00,61309.99,61361.94,61151.0,61237.2,2,666741
2024-05-09 16:05:00,61237.2,61278.52,61230.0,61278.52,2,666742
2024-05-09 16:10:00,61278.51,61278.52,61181.94,61251.97,2,666743
2024-05-09 16:15:00,61251.97,61251.97,61082.2,61097.85,2,666744
2024-05-09 16:20:00,61097.85,61170.0,60988.0,60998.0,1,666745
2024-05-09 16:25:00,60998.0,61112.0,60982.02,61075.76,0,666746
2024-05-09 16:30:00,61075.77,61127.86,61000.0,61032.42,0,666747
2024-05-09 16:35:00,61032.41,61059.14,60923.22,61050.01,0,666748
2024-05-09 16:40:00,61050.0,61109.43,61044.24,61067.6,0,666749
2024-05-09 16:45:00,61067.59,61103.81,60985.92,61047.29,0,666750
2024-05-09 16:50:00,61047.3,61160.0,61032.04,61159.99,0,666751
2024-05-09 16:55:00,61159.99,61300.0,61091.6,61289.99,3,666752
2024-05-09 17:00:00,61289.99,61321.76,61134.2,61210.2,2,666753
2024-05-09 17:05:00,61210.21,61210.21,61128.42,61186.05,2,666754
2024-05-09 17:10:00,61186.04,61186.05,61101.01,61184.0,2,666755
2024-05-09 17:15:00,61184.0,61184.0,60988.0,61004.0,2,666756
2024-05-09 17:20:00,61004.0,61066.26,60978.15,60995.53,2,666757
2024-05-09 17:25:00,60995.52,61020.0,60971.8,61018.57,2,666758
2024-05-09 17:30:00,61018.57,61059.96,60977.57,61039.98,2,666759
2024-05-09 17:35:00,61039.99,61129.62,61039.98,61102.0,2,666760
2024-05-09 17:40:00,61102.01,61144.33,61033.86,61058.98,2,666761
2024-05-09 17:45:00,61058.99,61184.4,61056.41,61144.26,2,666762
2024-05-09 17:50:00,61144.25,61185.4,61097.86,61121.54,2,666763
2024-05-09 17:55:00,61121.53,61121.54,60774.67,60805.99,2,666764
2024-05-09 18:00:00,60805.99,60928.19,60630.0,60739.98,1,666765
2024-05-09 18:05:00,60739.97,60847.0,60720.01,60801.8,0,666766
2024-05-09 18:10:00,60801.79,60956.92,60801.79,60956.91,0,666767
2024-05-09 18:15:00,60956.92,60993.05,60898.27,60931.95,0,666768
2024-05-09 18:20:00,60931.96,60970.0,60930.0,60966.72,0,666769
2024-05-09 18:25:00,60966.71,61038.04,60960.6,60960.61,0,666770
2024-05-09 18:30:00,60960.6,61029.2,60930.38,61029.2,0,666771
2024-05-09 18:35:00,61029.19,61063.88,61006.21,61062.8,0,666772
2024-05-09 18:40:00,61062.81,61162.0,61000.0,61150.81,0,666773
2024-05-09 18:45:00,61150.8,61177.94,61130.0,61139.99,0,666774
2024-05-09 18:50:00,61139.99,61163.49,61084.55,61106.71,0,666775
2024-05-09 18:55:00,61106.71,61106.71,61053.99,61053.99,0,666776
2024-05-09 19:00:00,61053.99,61165.91,61025.42,61104.6,0,666777
2024-05-09 19:05:00,61104.59,61208.33,61104.59,61166.01,0,666778
2024-05-09 19:10:00,61166.01,61228.0,61166.0,61214.54,0,666779
2024-05-09 19:15:00,61214.55,61246.8,61188.0,61235.7,0,666780
2024-05-09 19:20:00,61235.69,61289.94,61192.0,61203.6,0,666781
2024-05-09 19:25:00,61203.61,61228.21,61195.61,61218.83,0,666782
2024-05-09 19:30:00,61218.84,61631.03,61218.83,61409.53,0,666783
2024-05-09 19:35:00,61409.53,61455.26,61311.03,61356.0,0,666784
2024-05-09 19:40:00,61356.0,61542.68,61335.55,61480.0,0,666785
2024-05-09 19:45:00,61480.0,61513.14,61414.21,61470.01,0,666786
2024-05-09 19:50:00,61470.01,61535.0,61442.77,61519.23,3,666787
2024-05-09 19:55:00,61519.23,61564.39,61500.0,61516.66,2,666788
2024-05-09 20:00:00,61516.66,61538.73,61401.94,61427.99,2,666789
2024-05-09 20:05:00,61427.99,61510.0,61427.99,61461.51,2,666790
2024-05-09 20:10:00,61461.5,61512.11,61407.2,61457.94,2,666791
2024-05-09 20:15:00,61457.93,61465.81,61407.32,61424.2,2,666792
2024-05-09 20:20:00,61424.19,61442.0,61336.79,61402.0,2,666793
2024-05-09 20:25:00,61401.99,61434.77,61357.2,61357.2,2,666794
2024-05-09 20:30:00,61357.2,61422.14,61270.0,61273.91,2,666795
2024-05-09 20:35:00,61273.91,61315.0,61119.99,61122.49,2,666796
2024-05-09 20:40:00,61122.49,61122.49,60924.85,61047.99,1,666797
2024-05-09 20:45:00,61047.98,61160.0,60882.19,61126.0,0,666798
2024-05-09 20:50:00,61126.0,61251.6,61098.28,61121.0,0,666799
2024-05-09 20:55:00,61120.99,61197.14,61078.4,61182.33,0,666800
2024-05-09 21:00:00,61182.32,61302.86,61127.12,61294.2,0,666801
2024-05-09 21:05:00,61294.2,61470.0,61280.0,61347.99,0,666802
2024-05-09 21:10:00,61347.99,61516.81,61320.0,61332.34,0,666803
2024-05-09 21:15:00,61332.33,61348.34,61170.35,61219.99,0,666804
2024-05-09 21:20:00,61220.0,61266.29,61119.1,61230.0,0,666805
2024-05-09 21:25:00,61229.99,61310.0,61205.94,61242.01,0,666806
2024-05-09 21:30:00,61242.0,61406.72,61242.0,61370.0,0,666807
2024-05-09 21:35:00,61369.99,61497.89,61355.54,61432.62,0,666808
2024-05-09 21:40:00,61432.62,61470.0,61334.2,61393.41,0,666809
2024-05-09 21:45:00,61393.41,61480.0,61360.0,61455.14,0,666810
2024-05-09 21:50:00,61455.14,61455.14,61380.0,61422.81,0,666811
2024-05-09 21:55:00,61422.81,61571.42,61410.0,61540.61,0,666812
2024-05-09 22:00:00,61540.6,61576.34,61465.36,61570.3,0,666813
2024-05-09 22:05:00,61570.29,61896.37,61570.28,61896.36,0,666814
2024-05-09 22:10:00,61896.37,62000.0,61794.36,61881.57,0,666815
2024-05-09 22:15:00,61881.58,61881.58,61672.0,61718.0,0,666816
2024-05-09 22:20:00,61717.99,61932.51,61717.99,61885.99,0,666817
2024-05-09 22:25:00,61885.99,62285.0,61885.99,62196.6,3,666818
2024-05-09 22:30:00,62196.61,62242.0,61903.85,62106.33,2,666819
2024-05-09 22:35:00,62106.33,62112.99,61976.4,62014.24,2,666820
2024-05-09 22:40:00,62014.24,62157.22,62014.24,62101.2,2,666821
2024-05-09 22:45:00,62101.2,62149.53,61940.64,61975.0,1,666822
2024-05-09 22:50:00,61975.01,62074.2,61955.0,62036.01,0,666823
2024-05-09 22:55:00,62036.0,62204.64,61998.48,62159.06,0,666824
2024-05-09 23:00:00,62159.06,62266.54,62100.0,62244.89,0,666825
2024-05-09 23:05:00,62244.89,62460.0,62244.88,62398.41,0,666826
2024-05-09 23:10:00,62398.41,62509.53,62394.69,62450.89,0,666827
2024-05-09 23:15:00,62450.89,62555.59,62408.44,62422.46,0,666828
2024-05-09 23:20:00,62422.46,62650.0,62422.45,62649.98,3,666829
2024-05-09 23:25:00,62649.99,62668.67,62479.89,62513.02,2,666830
2024-05-09 23:30:00,62513.02,62540.0,62342.97,62387.37,2,666831
2024-05-09 23:35:00,62387.38,62483.05,62360.16,62395.25,2,666832
2024-05-09 23:40:00,62395.26,62470.28,62290.0,62314.32,2,666833
2024-05-09 23:45:00,62314.33,62347.27,62114.03,62188.93,2,666834
2024-05-09 23:50:00,62188.93,62231.34,62020.0,62036.21,2,666835
2024-05-09 23:55:00,62036.21,62036.23,61820.77,61859.81,2,666836
2024-05-10 00:00:00,61859.8,61940.0,61750.0,61937.48,2,666837
2024-05-10 00:05:00,61937.48,61992.39,61830.0,61960.0,2,666838
2024-05-10 00:10:00,61959.99,62036.94,61924.33,61952.7,2,666839
2024-05-10 00:15:00,61952.69,61967.45,61814.95,61832.72,1,666840
2024-05-10 00:20:00,61832.73,61960.0,61795.58,61909.92,0,666841
2024-05-10 00:25:00,61909.93,62015.07,61909.92,61991.42,0,666842
2024-05-10 00:30:00,61991.43,62114.65,61940.46,62044.73,0,666843
2024-05-10 00:35:00,62044.73,62075.48,62009.15,62013.74,0,666844
2024-05-10 00:40:00,62013.74,62096.1,62013.73,62096.1,0,666845
2024-05-10 00:45:00,62096.09,62190.0,62096.09,62133.17,0,666846
2024-05-10 00:50:00,62133.17,62211.45,62113.95,62113.96,0,666847
2024-05-10 00:55:00,62113.96,62137.82,61944.95,61946.29,0,666848
2024-05-10 01:00:00,61946.3,62013.61,61890.0,62013.01,0,666849
2024-05-10 01:05:00,62013.01,62075.6,62011.81,62018.0,0,666850
2024-05-10 01:10:00,62017.99,62158.4,62006.18,62147.83,0,666851
2024-05-10 01:15:00,62147.83,62199.15,62123.8,62123.81,0,666852
2024-05-10 01:20:00,62123.81,62183.02,62080.0,62114.01,0,666853
2024-05-10 01:25:00,62114.0,62205.18,62113.95,62113.96,0,666854
2024-05-10 01:30:00,62113.95,62190.0,62032.08,62036.62,0,666855
2024-05-10 01:35:00,62036.62,62099.03,62015.7,62035.7,0,666856
2024-05-10 01:40:00,62035.69,62104.31,62000.95,62095.1,0,666857
2024-05-10 01:45:00,62095.1,62178.0,62054.2,62177.99,0,666858
2024-05-10 01:50:00,62178.0,62259.25,62177.99,62190.85,0,666859
2024-05-10 01:55:00,62190.85,62260.0,62190.84,62259.69,0,666860
2024-05-10 02:00:00,62259.68,62345.29,62242.67,62328.27,0,666861
2024-05-10 02:05:00,62328.27,62400.0,62222.8,62222.81,0,666862
2024-05-10 02:10:00,62222.8,62235.33,62199.15,62209.89,0,666863
2024-05-10 02:15:00,62209.89,62294.2,62180.0,62292.09,0,666864
2024-05-10 02:20:00,62292.08,62298.14,62236.74,62291.55,0,666865
2024-05-10 02:25:00,62291.55,62319.21,62225.62,62319.21,0,666866
2024-05-10 02:30:00,62319.2,62444.12,62292.9,62346.19,0,666867
2024-05-10 02:35:00,62346.2,62359.54,62290.63,62347.58,0,666868
2024-05-10 02:40:00,62347.58,62368.84,62290.64,62359.32,0,666869
2024-05-10 02:45:00,62359.32,62359.36,62275.89,62332.58,0,666870
2024-05-10 02:50:00,62332.58,62550.0,62281.69,62449.98,0,666871
2024-05-10 02:55:00,62449.99,62482.33,62406.99,62454.92,0,666872
2024-05-10 03:00:00,62454.92,62473.53,62390.23,62454.09,0,666873
2024-05-10 03:05:00,62454.1,62595.58,62440.01,62564.75,0,666874
2024-05-10 03:10:00,62564.75,62634.64,62534.63,62543.73,0,666875
2024-05-10 03:15:00,62543.74,62543.74,62377.4,62380.78,0,666876
2024-05-10 03:20:00,62380.78,62480.96,62380.78,62433.84,0,666877
2024-05-10 03:25:00,62433.84,62479.99,62400.91,62424.41,0,666878
2024-05-10 03:30:00,62424.4,62448.35,62346.36,62437.21,0,666879
2024-05-10 03:35:00,62437.2,62554.47,62430.51,62504.41,0,666880
2024-05-10 03:40:00,62504.42,62515.96,62482.32,62515.96,0,666881
2024-05-10 03:45:00,62515.95,62587.86,62451.62,62550.5,0,666882
2024-05-10 03:50:00,62550.5,62592.85,62531.38,62570.33,0,666883
2024-05-10 03:55:00,62570.32,62659.51,62570.32,62624.7,0,666884
2024-05-10 04:00:00,62624.7,62743.64,62613.76,62720.01,0,666885
2024-05-10 04:05:00,62720.0,62822.64,62692.23,62812.51,3,666886
2024-05-10 04:10:00,62812.52,62815.0,62682.0,62682.0,2,666887
2024-05-10 04:15:00,62682.01,62682.01,62567.76,62603.13,2,666888
2024-05-10 04:20:00,62603.14,62603.14,62484.79,62563.97,2,666889
2024-05-10 04:25:00,62563.97,62597.46,62547.8,62556.37,2,666890
2024-05-10 04:30:00,62556.37,62634.68,62500.0,62519.99,2,666891
2024-05-10 04:35:00,62519.99,62583.55,62447.44,62449.31,1,666892
2024-05-10 04:40:00,62449.31,62539.95,62433.1,62492.16,0,666893
2024-05-10 04:45:00,62492.15,62528.55,62492.15,62526.21,0,666894
2024-05-10 04:50:00,62526.21,62597.96,62426.82,62588.01,0,666895
2024-05-10 04:55:00,62588.0,62588.01,62534.0,62543.34,0,666896
2024-05-10 05:00:00,62543.34,62585.34,62493.0,62536.01,0,666897
2024-05-10 05:05:00,62536.01,62635.82,62532.9,62600.01,0,666898
2024-05-10 05:10:00,62600.01,62660.17,62586.0,62630.81,0,666899
2024-05-10 05:15:00,62630.81,62663.88,62587.91,62631.91,0,666900
2024-05-10 05:20:00,62631.92,62683.32,62631.91,62672.23,0,666901
2024-05-10 05:25:00,62672.24,62760.0,62672.23,62759.99,0,666902
2024-05-10 05:30:00,62760.0,62766.0,62670.0,62743.01,0,666903
2024-05-10 05:35:00,62743.01,62945.0,62743.0,62874.4,0,666904
2024-05-10 05:40:00,62874.4,63024.0,62850.69,62984.0,0,666905
2024-05-10 05:45:00,62984.01,63311.0,62934.0,63190.99,0,666906
2024-05-10 05:50:00,63190.99,63429.03,63166.16,63357.46,3,666907
2024-05-10 05:55:00,63357.45,63388.0,63244.61,63280.47,2,666908
2024-05-10 06:00:00,63280.46,63330.01,63195.49,63211.36,2,666909
2024-05-10 06:05:00,63211.37,63240.0,63120.24,63134.1,2,666910
2024-05-10 06:10:00,63134.09,63141.53,63006.38,63090.0,2,666911
2024-05-10 06:15:00,63090.01,63099.26,62932.5,62984.96,2,666912
2024-05-10 06:20:00,62984.96,62984.96,62888.0,62903.58,2,666913
2024-05-10 06:25:00,62903.58,62985.14,62903.58,62940.0,2,666914
2024-05-10 06:30:00,62940.01,62979.49,62912.09,62972.68,2,666915
2024-05-10 06:35:00,62972.67,62972.68,62862.72,62901.59,2,666916
2024-05-10 06:40:00,62901.59,62907.27,62872.0,62896.12,1,666917
2024-05-10 06:45:00,62896.11,63086.03,62896.11,63070.0,0,666918
2024-05-10 06:50:00,63070.0,63176.91,63062.0,63104.26,3,666919
2024-05-10 06:55:00,63104.26,63121.27,63034.88,63074.01,2,666920
2024-05-10 07:00:00,63074.0,63094.01,62920.0,62920.01,2,666921
2024-05-10 07:05:00,62920.01,62988.78,62908.11,62928.37,2,666922
2024-05-10 07:10:00,62928.38,62993.99,62924.01,62955.99,2,666923
2024-05-10 07:15:00,62955.99,62956.0,62835.0,62910.0,2,666924
2024-05-10 07:20:00,62910.0,62910.0,62857.86,62864.73,2,666925
2024-05-10 07:25:00,62864.72,62923.46,62797.85,62905.99,2,666926
2024-05-10 07:30:00,62905.99,62906.0,62852.66,62871.02,2,666927
2024-05-10 07:35:00,62871.03,62871.03,62786.03,62799.05,2,666928
2024-05-10 07:40:00,62799.06,62857.99,62778.7,62857.98,2,666929
2024-05-10 07:45:00,62857.99,62857.99,62758.6,62765.2,2,666930
2024-05-10 07:50:00,62765.21,62794.0,62742.0,62791.99,2,666931
2024-05-10 07:55:00,62791.98,62846.64,62781.6,62840.73,2,666932
2024-05-10 08:00:00,62840.72,62920.0,62840.72,62920.0,2,666933
2024-05-10 08:05:00,62920.0,62934.82,62814.0,62814.01,2,666934
2024-05-10 08:10:00,62814.0,62814.01,62666.51,62736.51,1,666935
2024-05-10 08:15:00,62736.51,62793.0,62662.07,62761.32,0,666936
2024-05-10 08:20:00,62761.32,62807.4,62754.05,62775.87,0,666937
2024-05-10 08:25:00,62775.87,62846.97,62769.99,62838.16,0,666938
2024-05-10 08:30:00,62838.16,62910.0,62777.61,62883.99,0,666939
2024-05-10 08:35:00,62884.0,62968.0,62864.01,62914.47,0,666940
2024-05-10 08:40:00,62914.47,62925.65,62740.0,62755.88,0,666941
2024-05-10 08:45:00,62755.89,62829.46,62740.01,62822.83,0,666942
2024-05-10 08:50:00,62822.83,62952.7,62818.48,62864.42,0,666943
2024-05-10 08:55:00,62864.42,62891.12,62843.4,62883.5,0,666944
2024-05-10 09:00:00,62883.5,62891.48,62803.74,62803.74,0,666945
2024-05-10 09:05:00,62803.75,62869.16,62793.82,62808.09,0,666946
2024-05-10 09:10:00,62808.1,62824.53,62776.96,62776.97,0,666947
2024-05-10 09:15:00,62776.96,62850.0,62771.76,62814.0,0,666948
2024-05-10 09:20:00,62814.0,62868.2,62800.0,62858.02,0,666949
2024-05-10 09:25:00,62858.02,62899.52,62842.0,62893.95,0,666950
2024-05-10 09:30:00,62893.95,62942.8,62872.07,62942.0,0,666951
2024-05-10 09:35:00,62942.01,62984.14,62904.0,62927.57,0,666952
2024-05-10 09:40:00,62927.56,62999.14,62924.43,62997.26,3,666953
2024-05-10 09:45:00,62997.26,63043.29,62942.79,62946.43,2,666954
2024-05-10 09:50:00,62946.43,62946.44,62800.0,62868.0,2,666955
2024-05-10 09:55:00,62868.0,62910.62,62835.99,62910.61,2,666956
2024-05-10 10:00:00,62910.62,62910.63,62804.0,62812.0,2,666957
2024-05-10 10:05:00,62811.99,62883.5,62811.99,62883.5,2,666958
2024-05-10 10:10:00,62883.5,62883.5,62793.94,62835.45,2,666959
2024-05-10 10:15:00,62835.44,62900.0,62800.54,62888.84,2,666960
2024-05-10 10:20:00,62888.84,62927.25,62879.78,62906.44,2,666961
2024-05-10 10:25:00,62906.45,62923.31,62890.0,62914.64,2,666962
2024-05-10 10:30:00,62914.64,62919.99,62888.0,62899.91,2,666963
2024-05-10 10:35:00,62899.91,62932.15,62871.8,62892.83,2,666964
2024-05-10 10:40:00,62892.84,62892.84,62834.3,62834.31,2,666965
2024-05-10 10:45:00,62834.3,62870.34,62795.99,62860.53,2,666966
2024-05-10 10:50:00,62860.52,62922.93,62850.69,62904.6,2,666967
2024-05-10 10:55:00,62904.59,62925.92,62886.0,62916.16,2,666968
2024-05-10 11:00:00,62916.16,62960.0,62888.0,62941.12,2,666969
2024-05-10 11:05:00,62941.13,62949.89,62830.0,62830.01,2,666970
2024-05-10 11:10:00,62830.01,62885.66,62793.04,62885.65,2,666971
2024-05-10 11:15:00,62885.66,62920.0,62850.0,62920.0,2,666972
2024-05-10 11:20:00,62920.0,62955.0,62919.99,62943.15,2,666973
2024-05-10 11:25:00,62943.14,63008.0,62943.14,62994.81,2,666974
2024-05-10 11:30:00,62994.81,62999.59,62916.53,62929.56,2,666975
2024-05-10 11:35:00,62929.55,62978.33,62929.55,62952.0,2,666976
2024-05-10 11:40:00,62952.01,62952.01,62828.49,62863.65,2,666977
2024-05-10 11:45:00,62863.65,62930.0,62844.99,62920.0,2,666978
2024-05-10 11:50:00,62920.0,62940.0,62870.13,62931.41,2,666979
2024-05-10 11:55:00,62931.4,62947.76,62904.0,62929.99,2,666980
2024-05-10 12:00:00,62930.0,62973.49,62920.0,62934.0,2,666981
2024-05-10 12:05:00,62934.01,62934.01,62882.0,62884.94,2,666982
2024-05-10 12:10:00,62884.94,62884.94,62789.3,62789.3,2,666983
2024-05-10 12:15:00,62789.31,62825.1,62770.0,62797.18,2,666984
2024-05-10 12:20:00,62797.18,62797.19,62731.76,62731.77,2,666985
2024-05-10 12:25:00,62731.76,62757.29,62684.51,62693.99,1,666986
2024-05-10 12:30:00,62694.0,62779.51,62660.42,62779.51,0,666987
2024-05-10 12:35:00,62779.51,62789.31,62756.81,62759.99,0,666988
2024-05-10 12:40:00,62759.98,62759.99,62727.9,62727.91,0,666989
2024-05-10 12:45:00,62727.91,62780.0,62727.9,62780.0,0,666990
2024-05-10 12:50:00,62779.99,62789.29,62734.04,62789.28,0,666991
2024-05-10 12:55:00,62789.29,62805.99,62758.6,62767.99,0,666992
2024-05-10 13:00:00,62768.0,62834.89,62743.88,62818.0,0,666993
2024-05-10 13:05:00,62817.99,62880.0,62817.99,62880.0,0,666994
2024-05-10 13:10:00,62879.99,62914.0,62878.0,62914.0,0,666995
2024-05-10 13:15:00,62914.0,62942.8,62842.88,62896.01,0,666996
2024-05-10 13:20:00,62896.01,62896.01,62852.12,62884.86,0,666997
2024-05-10 13:25:00,62884.85,62884.86,62850.69,62863.12,0,666998
2024-05-10 13:30:00,62863.13,62877.53,62784.0,62877.52,0,666999
2024-05-10 13:35:00,62877.52,62912.1,62877.52,62890.0,0,667000
2024-05-10 13:40:00,62890.01,62950.0,62880.0,62949.99,0,667001
2024-05-10 13:45:00,62950.0,63022.46,62902.15,62996.45,0,667002
2024-05-10 13:50:00,62996.44,63209.73,62996.44,63194.0,0,667003
2024-05-10 13:55:00,63194.01,63236.96,63123.7,63166.0,0,667004
2024-05-10 14:00:00,63166.0,63333.8,63165.99,63274.01,0,667005
2024-05-10 14:05:00,63274.0,63274.01,62995.97,63060.05,0,667006
2024-05-10 14:10:00,63060.06,63078.31,62990.44,63072.87,0,667007
2024-05-10 14:15:00,63072.88,63380.0,63072.87,63329.86,3,667008
2024-05-10 14:20:00,63329.86,63342.99,63276.0,63281.0,2,667009
2024-05-10 14:25:00,63281.0,63334.17,63161.0,63260.93,2,667010
2024-05-10 14:30:00,63260.93,63274.3,63098.77,63146.97,2,667011
2024-05-10 14:35:00,63146.96,63237.22,63128.01,63180.0,2,667012
2024-05-10 14:40:00,63180.0,63238.66,63171.1,63196.87,2,667013
2024-05-10 14:45:00,63196.87,63210.1,63096.27,63112.8,2,667014
2024-05-10 14:50:00,63112.8,63152.0,63101.4,63132.56,2,667015
2024-05-10 14:55:00,63132.55,63178.54,63063.44,63078.02,2,667016
2024-05-10 15:00:00,63078.01,63136.06,63034.38,63034.38,2,667017
2024-05-10 15:05:00,63034.38,63034.39,62920.01,62970.0,2,667018
2024-05-10 15:10:00,62970.01,62970.01,62901.0,62916.01,2,667019
2024-05-10 15:15:00,62916.0,62971.01,62839.67,62971.0,2,667020
2024-05-10 15:20:00,62971.01,62984.56,62940.0,62961.99,2,667021
2024-05-10 15:25:00,62962.0,62990.0,62922.0,62982.01,2,667022
2024-05-10 15:30:00,62982.0,63026.51,62975.52,62980.01,2,667023
2024-05-10 15:35:00,62980.01,63027.36,62956.69,62986.42,2,667024
2024-05-10 15:40:00,62986.41,62986.42,62922.0,62934.01,2,667025
2024-05-10 15:45:00,62934.0,62941.86,62878.01,62941.86,2,667026
2024-05-10 15:50:00,62941.86,62992.22,62928.0,62973.49,2,667027
2024-05-10 15:55:00,62973.48,63040.0,62945.89,63039.99,2,667028
2024-05-10 16:00:00,63040.0,63050.0,62942.79,62942.8,2,667029
2024-05-10 16:05:00,62942.79,62958.0,62850.0,62904.0,2,667030
2024-05-10 16:10:00,62903.99,62904.0,62860.0,62903.99,1,667031
2024-05-10 16:15:00,62903.99,62954.74,62856.39,62952.01,0,667032
2024-05-10 16:20:00,62952.01,62957.01,62882.0,62950.0,0,667033
2024-05-10 16:25:00,62950.0,62950.0,62900.0,62917.43,0,667034
2024-05-10 16:30:00,62917.44,63017.56,62917.43,62984.01,0,667035
2024-05-10 16:35:00,62984.01,63032.0,62964.0,63004.0,0,667036
2024-05-10 16:40:00,63004.01,63188.38,63004.0,63181.47,3,667037
2024-05-10 16:45:00,63181.48,63214.63,63096.27,63096.28,2,667038
2024-05-10 16:50:00,63096.28,63098.0,63066.51,63097.99,2,667039
2024-05-10 16:55:00,63097.99,63126.98,63090.51,63126.98,2,667040
2024-05-10 17:00:00,63126.97,63139.19,63034.88,63034.88,2,667041
2024-05-10 17:05:00,63034.88,63045.02,62954.85,62973.98,2,667042
2024-05-10 17:10:00,62973.99,62979.67,62860.0,62940.0,2,667043
2024-05-10 17:15:00,62940.0,62986.54,62932.87,62954.19,2,667044
2024-05-10 17:20:00,62954.19,63020.0,62944.04,63012.0,2,667045
2024-05-10 17:25:00,63012.01,63072.75,63012.0,63069.41,2,667046
2024-05-10 17:30:00,63069.41,63096.28,63040.51,63061.77,2,667047
2024-05-10 17:35:00,63061.77,63061.78,63003.44,63004.83,2,667048
2024-05-10 17:40:00,63004.84,63016.12,62973.48,63016.11,2,667049
2024-05-10 17:45:00,63016.11,63018.2,62996.0,63016.11,2,667050
2024-05-10 17:50:00,63016.12,63042.0,63012.03,63037.39,2,667051
2024-05-10 17:55:00,63037.38,63044.0,62996.0,63025.45,2,667052
2024-05-10 18:00:00,63025.44,63034.89,62945.99,62972.27,2,667053
2024-05-10 18:05:00,62972.26,63010.0,62880.1,62903.67,1,667054
2024-05-10 18:10:00,62903.67,62980.0,62903.66,62912.08,0,667055
2024-05-10 18:15:00,62911.98,62955.34,62800.0,62955.32,0,667056
2024-05-10 18:20:00,62955.32,63014.7,62955.32,63014.7,0,667057
2024-05-10 18:25:00,63014.7,63044.6,62992.6,63034.0,0,667058
2024-05-10 18:30:00,63034.0,63045.59,63002.01,63024.02,0,667059
2024-05-10 18:35:00,63024.02,63049.4,63006.67,63011.4,0,667060
2024-05-10 18:40:00,63011.39,63045.0,62995.08,63044.99,0,667061
2024-05-10 18:45:00,63044.99,63157.68,63044.99,63152.04,0,667062
2024-05-10 18:50:00,63152.04,63219.07,63144.05,63218.98,0,667063
2024-05-10 18:55:00,63218.98,63320.0,63218.97,63299.63,0,667064
2024-05-10 19:00:00,63299.63,63469.13,63299.63,63433.98,3,667065
2024-05-10 19:05:00,63433.98,63433.99,63173.02,63179.79,2,667066
2024-05-10 19:10:00,63179.79,63272.0,63164.69,63272.0,2,667067
2024-05-10 19:15:00,63271.99,63305.58,63175.3,63175.3,2,667068
2024-05-10 19:20:00,63175.31,63219.07,63101.01,63119.99,2,667069
2024-05-10 19:25:00,63119.99,63250.0,63119.99,63249.99,2,667070
2024-05-10 19:30:00,63250.0,63280.0,63202.0,63249.54,2,667071
2024-05-10 19:35:00,63249.54,63307.41,63221.98,63226.0,2,667072
2024-05-10 19:40:00,63226.0,63262.12,63150.6,63153.99,2,667073
2024-05-10 19:45:00,63154.0,63158.0,62955.0,62997.52,2,667074
2024-05-10 19:50:00,62997.51,63057.99,62939.0,63038.01,2,667075
2024-05-10 19:55:00,63038.0,63038.01,62988.22,63007.92,2,667076
2024-05-10 20:00:00,63007.91,63050.0,62900.0,63038.01,2,667077
2024-05-10 20:05:00,63038.0,63075.0,62950.0,62964.2,2,667078
2024-05-10 20:10:00,62964.21,63019.06,62935.0,62980.01,2,667079
2024-05-10 20:15:00,62980.0,62998.08,62924.0,62945.62,2,667080
2024-05-10 20:20:00,62945.61,62970.0,62888.88,62906.01,2,667081
2024-05-10 20:25:00,62906.0,62906.01,62812.26,62812.27,1,667082
2024-05-10 20:30:00,62812.26,62987.99,62812.26,62983.99,0,667083
2024-05-10 20:35:00,62983.99,63027.6,62935.71,62940.01,0,667084
2024-05-10 20:40:00,62940.01,62986.01,62910.0,62915.99,0,667085
2024-05-10 20:45:00,62915.99,63095.88,62915.99,63086.64,3,667086
2024-05-10 20:50:00,63086.64,63107.17,63014.39,63077.47,2,667087
2024-05-10 20:55:00,63077.47,63077.47,62991.99,63004.0,2,667088
2024-05-10 21:00:00,63004.0,63090.33,62697.2,62910.0,2,667089
2024-05-10 21:05:00,62910.0,63039.52,62770.07,62772.58,2,667090
2024-05-10 21:10:00,62772.57,62778.32,62476.26,62562.88,2,667091
2024-05-10 21:15:00,62562.87,62628.37,62264.42,62343.98,2,667092
2024-05-10 21:20:00,62344.06,62470.0,62270.0,62469.99,2,667093
2024-05-10 21:25:00,62470.0,62477.96,62203.42,62212.79,2,667094
2024-05-10 21:30:00,62212.79,62308.09,62032.01,62088.0,2,667095
2024-05-10 21:35:00,62088.0,62890.0,61728.9,61944.01,2,667096
2024-05-10 21:40:00,61944.0,61944.01,61750.0,61812.01,2,667097
2024-05-10 21:45:00,61812.01,61812.01,61488.19,61501.23,2,667098
2024-05-10 21:50:00,61501.23,61501.24,60828.0,61040.0,2,667099
2024-05-10 21:55:00,61039.99,61230.0,60690.0,61063.87,2,667100
2024-05-10 22:00:00,61063.87,61196.84,60800.0,61138.6,2,667101
2024-05-10 22:05:00,61138.59,61162.78,60770.11,60874.03,1,667102
2024-05-10 22:10:00,60874.04,60940.0,60703.0,60888.0,0,667103
2024-05-10 22:15:00,60888.0,61074.0,60857.64,61052.02,0,667104
2024-05-10 22:20:00,61052.01,61276.77,61010.0,61202.0,0,667105
2024-05-10 22:25:00,61202.0,61326.01,61120.0,61200.01,0,667106
2024-05-10 22:30:00,61200.0,61283.67,61142.0,61215.99,3,667107
2024-05-10 22:35:00,61215.99,61260.87,60963.9,61000.8,2,667108
2024-05-10 22:40:00,61000.79,61071.75,60839.79,60969.99,2,667109
2024-05-10 22:45:00,60969.99,60980.0,60754.01,60847.98,2,667110
2024-05-10 22:50:00,60847.98,60980.0,60783.4,60965.08,2,667111
2024-05-10 22:55:00,60965.08,61088.47,60888.0,60928.02,2,667112
2024-05-10 23:00:00,60928.02,60928.02,60701.0,60735.73,1,667113
2024-05-10 23:05:00,60735.73,60940.0,60255.0,60914.65,0,667114
2024-05-10 23:10:00,60914.66,61147.0,60843.74,61070.77,0,667115
2024-05-10 23:15:00,61070.76,61294.82,61050.0,61163.9,3,667116
2024-05-10 23:20:00,61163.91,61212.22,61099.99,61120.0,2,667117
2024-05-10 23:25:00,61120.0,61128.24,60830.0,60854.83,2,667118
2024-05-10 23:30:00,60854.82,60920.0,60740.37,60779.99,1,667119
2024-05-10 23:35:00,60780.0,60924.92,60687.23,60908.29,0,667120
2024-05-10 23:40:00,60908.28,60912.2,60837.17,60882.98,0,667121
2024-05-10 23:45:00,60882.97,61019.99,60790.0,60944.82,0,667122
2024-05-10 23:50:00,60944.82,61088.78,60865.62,61074.02,3,667123
2024-05-10 23:55:00,61074.03,61188.07,61041.07,61071.54,2,667124
2024-05-11 00:00:00,61071.55,61071.55,60834.22,60927.61,2,667125
2024-05-11 00:05:00,60922.19,60944.69,60835.72,60837.79,2,667126
2024-05-11 00:10:00,60837.79,60867.16,60702.87,60715.61,2,667127
2024-05-11 00:15:00,60715.6,60727.91,60337.14,60509.54,2,667128
2024-05-11 00:20:00,60509.53,60643.23,60436.98,60443.03,2,667129
2024-05-11 00:25:00,60443.04,60535.37,60300.01,60463.69,2,667130
2024-05-11 00:30:00,60463.68,60536.48,60303.31,60354.16,1,667131
2024-05-11 00:35:00,60354.15,60549.99,60279.46,60443.56,0,667132
2024-05-11 00:40:00,60443.56,60625.0,60429.51,60592.64,0,667133
2024-05-11 00:45:00,60592.64,60635.12,60326.19,60347.52,0,667134
2024-05-11 00:50:00,60347.53,60469.71,60187.12,60330.42,0,667135
2024-05-11 00:55:00,60330.42,60418.46,60310.0,60383.72,0,667136
2024-05-11 01:00:00,60383.71,60391.06,60290.16,60339.24,0,667137
2024-05-11 01:05:00,60339.24,60444.91,60273.7,60407.07,0,667138
2024-05-11 01:10:00,60407.08,60491.66,60366.26,60375.88,0,667139
2024-05-11 01:15:00,60375.88,60469.8,60220.87,60361.1,0,667140
2024-05-11 01:20:00,60361.11,60416.08,60252.2,60416.07,0,667141
2024-05-11 01:25:00,60416.08,60496.01,60406.6,60469.75,0,667142
2024-05-11 01:30:00,60469.76,60593.38,60460.01,60593.38,0,667143
2024-05-11 01:35:00,60593.37,60654.65,60531.43,60550.51,0,667144
2024-05-11 01:40:00,60550.51,60644.39,60540.0,60610.0,0,667145
2024-05-11 01:45:00,60610.01,60613.57,60531.0,60556.58,0,667146
2024-05-11 01:50:00,60556.58,60677.12,60556.58,60583.56,0,667147
2024-05-11 01:55:00,60583.57,60788.0,60583.55,60717.07,0,667148
2024-05-11 02:00:00,60717.08,60922.29,60658.87,60820.18,0,667149
2024-05-11 02:05:00,60820.18,60840.0,60758.52,60828.46,3,667150
2024-05-11 02:10:00,60828.46,60850.0,60683.55,60740.54,2,667151
2024-05-11 02:15:00,60740.55,60750.0,60690.45,60710.12,2,667152
2024-05-11 02:20:00,60710.11,60714.69,60593.91,60596.36,1,667153
2024-05-11 02:25:00,60596.36,60650.01,60541.17,60634.91,0,667154
2024-05-11 02:30:00,60634.92,60716.36,60538.7,60671.26,0,667155
2024-05-11 02:35:00,60671.27,60704.42,60606.52,60701.27,0,667156
2024-05-11 02:40:00,60701.27,60713.12,60655.38,60706.63,0,667157
2024-05-11 02:45:00,60706.63,60711.01,60630.0,60630.01,0,667158
2024-05-11 02:50:00,60630.01,60823.19,60579.59,60800.01,0,667159
2024-05-11 02:55:00,60800.01,60800.01,60648.83,60716.97,0,667160
2024-05-11 03:00:00,60716.96,60863.5,60610.81,60816.11,0,667161
2024-05-11 03:05:00,60816.11,60977.17,60807.67,60936.39,3,667162
2024-05-11 03:10:00,60936.39,60947.59,60826.8,60851.1,2,667163
2024-05-11 03:15:00,60851.09,60899.8,60800.42,60806.76,2,667164
2024-05-11 03:20:00,60806.76,60810.0,60661.97,60690.0,2,667165
2024-05-11 03:25:00,60690.0,60721.54,60637.0,60717.07,2,667166
2024-05-11 03:30:00,60717.07,60747.08,60577.46,60643.59,2,667167
2024-05-11 03:35:00,60643.58,60670.0,60610.0,60663.03,2,667168
2024-05-11 03:40:00,60663.03,60703.18,60650.0,60650.01,2,667169
2024-05-11 03:45:00,60650.01,60657.03,60547.49,60607.14,2,667170
2024-05-11 03:50:00,60607.14,60642.71,60500.0,60569.12,2,667171
2024-05-11 03:55:00,60569.11,60575.15,60456.91,60516.92,2,667172
2024-05-11 04:00:00,60516.91,60561.94,60476.62,60552.76,2,667173
2024-05-11 04:05:00,60552.76,60559.86,60471.45,60534.23,2,667174
2024-05-11 04:10:00,60534.22,60546.08,60466.52,60477.69,1,667175
2024-05-11 04:15:00,60477.7,60546.07,60477.69,60516.91,0,667176
2024-05-11 04:20:00,60516.91,60623.93,60516.91,60623.92,0,667177
2024-05-11 04:25:00,60623.92,60644.64,60565.68,60565.68,0,667178
2024-05-11 04:30:00,60565.69,60660.0,60507.53,60614.53,0,667179
2024-05-11 04:35:00,60614.52,60777.7,60612.21,60754.75,0,667180
2024-05-11 04:40:00,60754.75,60754.76,60567.12,60567.12,0,667181
2024-05-11 04:45:00,60567.12,60610.51,60550.61,60610.51,0,667182
2024-05-11 04:50:00,60610.51,60646.41,60585.51,60646.41,0,667183
2024-05-11 04:55:00,60646.41,60710.0,60612.0,60710.0,0,667184
2024-05-11 05:00:00,60709.99,60788.99,60610.0,60718.84,0,667185
2024-05-11 05:05:00,60718.84,60790.66,60706.59,60768.25,0,667186
2024-05-11 05:10:00,60768.24,60831.32,60750.0,60826.83,0,667187
2024-05-11 05:15:00,60826.82,60931.8,60826.82,60884.01,0,667188
2024-05-11 05:20:00,60884.0,60890.92,60776.44,60776.45,0,667189
2024-05-11 05:25:00,60776.45,60782.02,60710.0,60714.01,0,667190
2024-05-11 05:30:00,60714.01,60813.36,60700.0,60764.35,0,667191
2024-05-11 05:35:00,60764.35,60793.66,60719.15,60719.15,0,667192
2024-05-11 05:40:00,60719.16,60800.0,60702.0,60762.01,0,667193
2024-05-11 05:45:00,60762.0,60849.99,60750.0,60822.01,0,667194
2024-05-11 05:50:00,60822.0,60870.0,60820.0,60847.49,0,667195
2024-05-11 05:55:00,60847.49,60882.0,60847.49,60854.01,0,667196
2024-05-11 06:00:00,60854.0,60928.2,60854.0,60927.98,0,667197
2024-05-11 06:05:00,60927.98,60950.0,60892.24,60950.0,0,667198
2024-05-11 06:10:00,60949.99,60999.99,60936.7,60952.0,0,667199
2024-05-11 06:15:00,60952.0,60966.6,60897.99,60954.31,0,667200
2024-05-11 06:20:00,60954.3,60960.0,60894.68,60928.05,0,667201
2024-05-11 06:25:00,60928.04,60928.05,60902.0,60904.73,0,667202
2024-05-11 06:30:00,60904.73,60954.3,60904.73,60935.01,0,667203
2024-05-11 06:35:00,60935.01,60990.55,60935.0,60972.01,0,667204
2024-05-11 06:40:00,60972.0,61003.0,60960.49,60976.91,3,667205
2024-05-11 06:45:00,60976.91,60996.0,60890.0,60907.0,2,667206
2024-05-11 06:50:00,60907.0,60916.93,60871.64,60888.0,2,667207
2024-05-11 06:55:00,60888.0,60899.7,60776.0,60799.99,2,667208
2024-05-11 07:00:00,60799.99,60858.0,60799.99,60858.0,2,667209
2024-05-11 07:05:00,60857.99,60868.44,60800.0,60816.87,2,667210
2024-05-11 07:10:00,60816.87,60878.0,60802.0,60853.74,2,667211
2024-05-11 07:15:00,60853.75,60896.74,60853.74,60896.74,2,667212
2024-05-11 07:20:00,60896.73,60930.0,60894.54,60898.0,2,667213
2024-05-11 07:25:00,60898.0,60898.01,60868.0,60868.0,2,667214
2024-05-11 07:30:00,60868.0,60897.08,60749.99,60806.65,2,667215
2024-05-11 07:35:00,60806.64,60806.65,60724.95,60724.95,2,667216
2024-05-11 07:40:00,60724.96,60746.0,60711.77,60716.01,1,667217
2024-05-11 07:45:00,60716.01,60753.82,60650.0,60735.24,0,667218
2024-05-11 07:50:00,60735.25,60794.73,60735.24,60788.19,0,667219
2024-05-11 07:55:00,60788.19,60800.0,60760.0,60779.99,0,667220
2024-05-11 08:00:00,60779.99,60865.31,60764.0,60850.57,0,667221
2024-05-11 08:05:00,60850.57,60904.0,60847.12,60880.01,0,667222
2024-05-11 08:10:00,60880.0,61076.0,60880.0,61052.0,0,667223
2024-05-11 08:15:00,61052.0,61096.27,60981.47,61064.01,3,667224
2024-05-11 08:20:00,61064.01,61088.0,60963.98,60981.99,2,667225
2024-05-11 08:25:00,60981.99,60992.78,60940.0,60940.0,2,667226
2024-05-11 08:30:00,60940.01,60940.01,60850.23,60863.55,2,667227
2024-05-11 08:35:00,60863.55,60898.0,60850.23,60850.23,2,667228
2024-05-11 08:40:00,60850.24,60905.44,60850.23,60900.67,2,667229
2024-05-11 08:45:00,60900.67,60932.67,60872.0,60872.0,2,667230
2024-05-11 08:50:00,60872.0,60916.0,60859.33,60859.33,2,667231
2024-05-11 08:55:00,60859.34,60885.34,60859.24,60876.69,2,667232
2024-05-11 09:00:00,60876.7,60898.0,60850.87,60853.48,2,667233
2024-05-11 09:05:00,60853.48,60866.08,60807.1,60847.96,2,667234
2024-05-11 09:10:00,60847.95,60847.96,60786.0,60789.84,2,667235
2024-05-11 09:15:00,60789.83,60823.41,60762.15,60776.0,2,667236
2024-05-11 09:20:00,60775.99,60812.66,60775.99,60794.0,2,667237
2024-05-11 09:25:00,60794.0,60794.0,60753.54,60789.99,2,667238
2024-05-11 09:30:00,60790.0,60856.0,60789.99,60840.53,2,667239
2024-05-11 09:35:00,60840.53,60900.0,60836.01,60897.99,2,667240
2024-05-11 09:40:00,60898.0,60977.77,60897.99,60936.96,2,667241
2024-05-11 09:45:00,60936.95,60952.0,60917.99,60917.99,2,667242
2024-05-11 09:50:00,60917.99,60918.0,60800.0,60875.06,2,667243
2024-05-11 09:55:00,60875.06,60895.23,60860.0,60895.23,2,667244
2024-05-11 10:00:00,60895.22,60900.0,60860.0,60864.0,2,667245
2024-05-11 10:05:00,60864.0,60865.83,60812.16,60857.99,2,667246
2024-05-11 10:10:00,60857.99,60858.0,60831.84,60843.99,2,667247
2024-05-11 10:15:00,60843.99,60878.32,60824.83,60877.99,2,667248
2024-05-11 10:20:00,60877.99,60918.86,60877.99,60880.01,2,667249
2024-05-11 10:25:00,60880.0,60880.01,60854.01,60854.02,2,667250
2024-05-11 10:30:00,60854.02,60896.0,60842.5,60842.5,2,667251
2024-05-11 10:35:00,60842.5,60842.51,60730.3,60760.0,2,667252
2024-05-11 10:40:00,60760.01,60793.47,60752.7,60791.44,2,667253
2024-05-11 10:45:00,60791.44,60798.0,60730.5,60740.82,2,667254
2024-05-11 10:50:00,60740.82,60772.0,60699.92,60739.86,2,667255
2024-05-11 10:55:00,60739.86,60765.18,60722.0,60731.9,1,667256
2024-05-11 11:00:00,60731.89,60810.0,60720.22,60810.0,0,667257
2024-05-11 11:05:00,60809.99,60810.0,60772.19,60773.31,0,667258
2024-05-11 11:10:00,60773.3,60801.58,60727.98,60780.01,0,667259
2024-05-11 11:15:00,60780.01,60801.86,60745.18,60749.74,0,667260
2024-05-11 11:20:00,60749.75,60775.45,60731.53,60767.53,0,667261
2024-05-11 11:25:00,60767.52,60767.53,60712.0,60743.54,0,667262
2024-05-11 11:30:00,60743.53,60778.69,60734.45,60778.69,0,667263
2024-05-11 11:35:00,60778.68,60828.87,60778.68,60801.12,0,667264
2024-05-11 11:40:00,60801.13,60804.0,60770.0,60789.03,0,667265
2024-05-11 11:45:00,60789.04,60816.0,60786.11,60814.05,0,667266
2024-05-11 11:50:00,60814.06,60880.26,60814.05,60828.01,0,667267
2024-05-11 11:55:00,60828.0,60835.99,60766.0,60766.01,0,667268
2024-05-11 12:00:00,60766.0,60811.4,60766.0,60796.32,0,667269
2024-05-11 12:05:00,60796.32,60840.0,60794.38,60840.0,0,667270
2024-05-11 12:10:00,60839.99,60910.01,60830.16,60878.13,0,667271
2024-05-11 12:15:00,60878.12,60890.0,60866.36,60889.98,0,667272
2024-05-11 12:20:00,60889.99,60939.18,60872.32,60880.02,0,667273
2024-05-11 12:25:00,60880.01,60913.73,60880.01,60900.0,0,667274
2024-05-11 12:30:00,60899.99,60933.99,60884.67,60884.67,0,667275
2024-05-11 12:35:00,60884.68,60888.31,60854.33,60883.87,0,667276
2024-05-11 12:40:00,60883.86,60883.87,60850.0,60850.0,0,667277
2024-05-11 12:45:00,60850.0,60913.97,60850.0,60890.01,0,667278
2024-05-11 12:50:00,60890.01,60929.99,60881.55,60902.64,0,667279
2024-05-11 12:55:00,60902.63,60922.0,60902.63,60922.0,0,667280
2024-05-11 13:00:00,60921.99,60951.99,60901.89,60915.99,0,667281
2024-05-11 13:05:00,60916.0,60970.01,60902.0,60962.0,0,667282
2024-05-11 13:10:00,60962.0,60962.0,60927.12,60927.13,0,667283
2024-05-11 13:15:00,60927.13,60970.14,60916.39,60958.01,0,667284
2024-05-11 13:20:00,60958.0,60976.4,60939.19,60963.99,0,667285
2024-05-11 13:25:00,60963.99,60997.88,60949.33,60980.01,0,667286
2024-05-11 13:30:00,60980.01,61039.24,60980.0,61026.32,3,667287
2024-05-11 13:35:00,61026.33,61080.0,61016.38,61016.39,2,667288
2024-05-11 13:40:00,61016.39,61016.39,60957.27,60985.92,2,667289
2024-05-11 13:45:00,60985.92,60990.0,60920.9,60920.91,2,667290
2024-05-11 13:50:00,60920.91,60972.0,60900.94,60931.99,2,667291
2024-05-11 13:55:00,60931.99,60983.14,60931.99,60953.01,2,667292
2024-05-11 14:00:00,60953.0,60982.0,60952.0,60952.0,2,667293
2024-05-11 14:05:00,60952.01,60952.01,60922.75,60928.0,2,667294
2024-05-11 14:10:00,60928.01,60930.0,60887.65,60899.99,2,667295
2024-05-11 14:15:00,60900.0,60902.0,60861.88,60899.99,2,667296
2024-05-11 14:20:00,60900.0,60915.99,60888.88,60900.36,2,667297
2024-05-11 14:25:00,60900.36,60958.19,60900.35,60944.0,2,667298
2024-05-11 14:30:00,60944.0,60993.99,60944.0,60954.85,2,667299
2024-05-11 14:35:00,60954.85,60982.49,60913.26,60913.26,2,667300
2024-05-11 14:40:00,60913.27,60946.0,60900.35,60946.0,2,667301
2024-05-11 14:45:00,60946.0,60970.0,60920.0,60929.99,2,667302
2024-05-11 14:50:00,60929.99,60969.99,60922.01,60953.99,2,667303
2024-05-11 14:55:00,60954.0,61018.53,60953.99,61018.52,2,667304
2024-05-11 15:00:00,61018.53,61058.75,60992.78,60992.79,2,667305
2024-05-11 15:05:00,60992.79,60992.79,60950.0,60952.88,2,667306
2024-05-11 15:10:00,60952.88,60952.89,60897.15,60915.16,2,667307
2024-05-11 15:15:00,60915.15,60930.0,60864.83,60872.71,2,667308
2024-05-11 15:20:00,60872.71,60924.0,60872.71,60905.29,2,667309
2024-05-11 15:25:00,60905.28,60905.29,60821.76,60826.0,2,667310
2024-05-11 15:30:00,60825.99,60878.69,60825.99,60878.68,2,667311
2024-05-11 15:35:00,60878.68,60878.69,60840.0,60856.87,2,667312
2024-05-11 15:40:00,60856.87,60856.88,60818.65,60818.65,2,667313
2024-05-11 15:45:00,60818.65,60852.04,60818.65,60831.5,2,667314
2024-05-11 15:50:00,60831.49,60874.0,60826.0,60856.0,2,667315
2024-05-11 15:55:00,60856.01,60871.22,60780.0,60790.0,2,667316
2024-05-11 16:00:00,60790.01,60855.5,60790.0,60844.01,2,667317
2024-05-11 16:05:00,60844.01,60854.53,60780.0,60852.0,2,667318
2024-05-11 16:10:00,60852.0,60854.0,60813.19,60814.0,2,667319
2024-05-11 16:15:00,60814.0,60847.31,60789.99,60789.99,2,667320
2024-05-11 16:20:00,60790.0,60801.99,60717.31,60733.02,2,667321
2024-05-11 16:25:00,60733.02,60755.26,60662.0,60718.66,1,667322
2024-05-11 16:30:00,60718.67,60785.57,60718.66,60772.01,0,667323
2024-05-11 16:35:00,60772.0,60792.0,60720.0,60730.0,0,667324
2024-05-11 16:40:00,60730.0,60790.0,60729.99,60780.23,0,667325
2024-05-11 16:45:00,60780.23,60835.68,60768.01,60835.0,0,667326
2024-05-11 16:50:00,60834.99,60838.01,60824.0,60831.89,0,667327
2024-05-11 16:55:00,60831.89,60904.43,60821.89,60904.43,3,667328
2024-05-11 17:00:00,60904.42,60904.43,60855.49,60873.49,2,667329
2024-05-11 17:05:00,60873.49,60873.49,60850.0,60871.93,2,667330
2024-05-11 17:10:00,60871.93,60888.0,60870.0,60870.01,2,667331
2024-05-11 17:15:00,60870.01,60873.28,60830.0,60859.99,2,667332
2024-05-11 17:20:00,60859.99,60902.01,60859.99,60875.85,2,667333
2024-05-11 17:25:00,60875.86,60875.86,60834.41,60840.0,2,667334
2024-05-11 17:30:00,60840.0,60840.01,60766.51,60766.51,2,667335
2024-05-11 17:35:00,60766.52,60766.52,60692.0,60749.63,2,667336
2024-05-11 17:40:00,60749.63,60762.8,60749.63,60752.61,2,667337
2024-05-11 17:45:00,60752.62,60800.0,60752.61,60777.11,2,667338
2024-05-11 17:50:00,60777.11,60800.0,60775.05,60795.02,2,667339
2024-05-11 17:55:00,60795.01,60795.02,60730.0,60745.99,2,667340
2024-05-11 18:00:00,60745.99,60767.97,60700.56,60706.8,2,667341
