date,open,high,low,close,label,source_idx
2024-05-01 15:30:00,57019.98,57174.11,56915.18,57025.9,2,664431
2024-05-01 15:35:00,57025.9,57107.03,57001.11,57029.41,2,664432
2024-05-01 15:40:00,57029.4,57084.41,56823.04,56888.0,2,664433
2024-05-01 15:45:00,56888.0,56999.0,56801.1,56847.99,1,664434
2024-05-01 15:50:00,56848.0,57100.0,56847.11,57030.2,0,664435
2024-05-01 15:55:00,57030.21,57169.7,57026.43,57169.69,0,664436
2024-05-01 16:00:00,57169.7,57330.64,57042.0,57330.63,0,664437
2024-05-01 16:05:00,57330.64,57653.34,57330.63,57481.92,0,664438
2024-05-01 16:10:00,57481.92,57515.71,57304.65,57356.0,0,664439
2024-05-01 16:15:00,57356.01,57356.01,57155.4,57207.67,0,664440
2024-05-01 16:20:00,57207.67,57431.1,57126.9,57377.78,0,664441
2024-05-01 16:25:00,57377.78,57525.86,57309.79,57422.31,3,664442
2024-05-01 16:30:00,57422.31,57473.94,57327.81,57365.04,2,664443
2024-05-01 16:35:00,57365.04,57437.34,57286.0,57311.55,2,664444
2024-05-01 16:40:00,57311.54,57401.1,57295.42,57381.11,2,664445
2024-05-01 16:45:00,57381.1,57389.11,57160.33,57186.57,2,664446
2024-05-01 16:50:00,57186.57,57258.27,57156.67,57181.09,2,664447
2024-05-01 16:55:00,57181.09,57243.82,57115.61,57115.61,2,664448
2024-05-01 17:00:00,57115.61,57169.93,56970.0,56971.38,2,664449
2024-05-01 17:05:00,56971.37,56989.87,56896.0,56896.01,1,664450
2024-05-01 17:10:00,56896.01,57071.09,56888.0,56986.01,0,664451
2024-05-01 17:15:00,56986.0,57145.0,56920.0,57141.99,0,664452
2024-05-01 17:20:00,57141.99,57525.71,57141.99,57418.82,0,664453
2024-05-01 17:25:00,57418.81,57499.48,57292.01,57438.81,0,664454
2024-05-01 17:30:00,57438.81,57478.0,57333.0,57355.66,0,664455
2024-05-01 17:35:00,57355.66,57491.1,57348.01,57420.01,0,664456
2024-05-01 17:40:00,57420.0,57695.35,57406.01,57601.47,0,664457
2024-05-01 17:45:00,57601.46,57746.0,57487.5,57503.7,0,664458
2024-05-01 17:50:00,57503.7,57697.91,57476.4,57657.48,0,664459
2024-05-01 17:55:00,57657.47,57770.0,57622.0,57768.68,0,664460
2024-05-01 18:00:00,57768.68,57820.0,57664.0,57780.0,3,664461
2024-05-01 18:05:00,57780.01,57863.0,57555.26,57599.99,2,664462
2024-05-01 18:10:00,57600.0,57669.36,57574.7,57629.56,2,664463
2024-05-01 18:15:00,57629.56,57694.51,57602.85,57620.01,2,664464
2024-05-01 18:20:00,57620.0,57700.0,57572.31,57572.31,2,664465
2024-05-01 18:25:00,57572.32,57587.31,57500.55,57582.0,2,664466
2024-05-01 18:30:00,57581.99,57585.71,57500.0,57530.31,1,664467
2024-05-01 18:35:00,57530.32,57567.17,57455.58,57560.01,0,664468
2024-05-01 18:40:00,57560.0,57641.04,57523.99,57640.46,0,664469
2024-05-01 18:45:00,57640.45,57787.34,57632.0,57689.2,0,664470
2024-05-01 18:50:00,57689.19,57895.84,57689.19,57879.8,0,664471
2024-05-01 18:55:00,57879.79,57909.0,57789.17,57898.47,0,664472
2024-05-01 19:00:00,57898.46,57900.0,57741.61,57775.56,0,664473
2024-05-01 19:05:00,57775.56,57990.0,57729.89,57963.99,0,664474
2024-05-01 19:10:00,57964.0,58250.0,57963.99,58220.01,0,664475
2024-05-01 19:15:00,58220.0,58220.01,57934.0,57998.0,0,664476
2024-05-01 19:20:00,57998.0,58199.37,57997.99,58047.9,0,664477
2024-05-01 19:25:00,58047.9,58184.0,58029.06,58061.08,0,664478
2024-05-01 19:30:00,58061.08,58250.0,58024.01,58188.01,0,664479
2024-05-01 19:35:00,58188.0,58275.87,58148.01,58199.81,3,664480
2024-05-01 19:40:00,58199.81,58217.3,58132.18,58132.19,2,664481
2024-05-01 19:45:00,58132.18,58147.4,58025.0,58037.32,2,664482
2024-05-01 19:50:00,58037.32,58037.32,57862.0,57873.52,2,664483
2024-05-01 19:55:00,57873.52,58000.99,57816.1,57969.98,2,664484
2024-05-01 20:00:00,57969.99,57999.06,57776.75,57836.0,2,664485
2024-05-01 20:05:00,57836.0,57844.83,57709.71,57800.0,2,664486
2024-05-01 20:10:00,57800.0,57856.56,57799.99,57853.19,2,664487
2024-05-01 20:15:00,57853.19,57853.19,57666.0,57742.01,2,664488
2024-05-01 20:20:00,57742.01,57771.11,57678.58,57720.01,2,664489
2024-05-01 20:25:00,57720.01,57770.0,57672.41,57703.12,2,664490
2024-05-01 20:30:00,57703.12,57703.13,57223.29,57378.99,1,664491
2024-05-01 20:35:00,57378.99,57659.73,57291.52,57551.81,3,664492
2024-05-01 20:40:00,57551.81,57575.0,57422.52,57527.99,2,664493
2024-05-01 20:45:00,57528.0,57761.1,57424.97,57441.99,2,664494
2024-05-01 20:50:00,57441.99,57499.48,57302.19,57309.76,2,664495
2024-05-01 20:55:00,57309.75,57438.06,57266.0,57301.29,2,664496
2024-05-01 21:00:00,57301.29,57550.0,57252.86,57304.0,2,664497
2024-05-01 21:05:00,57304.0,57494.35,57291.11,57307.77,2,664498
2024-05-01 21:10:00,57307.76,57311.35,57101.1,57275.5,1,664499
2024-05-01 21:15:00,57275.51,57464.3,57157.97,57399.99,0,664500
2024-05-01 21:20:00,57400.0,57500.0,57329.62,57400.0,0,664501
2024-05-01 21:25:00,57399.99,57436.72,57306.0,57436.72,0,664502
2024-05-01 21:30:00,57436.71,57536.0,57376.0,57528.0,3,664503
2024-05-01 21:35:00,57528.0,57584.42,57331.1,57331.1,2,664504
2024-05-01 21:40:00,57331.11,57456.0,57221.99,57456.0,2,664505
2024-05-01 21:45:00,57455.99,57456.0,57321.17,57397.56,2,664506
2024-05-01 21:50:00,57397.56,57480.0,57384.0,57450.01,2,664507
2024-05-01 21:55:00,57450.0,57586.2,57357.93,57482.0,2,664508
2024-05-01 22:00:00,57482.01,57511.1,57300.0,57352.19,2,664509
2024-05-01 22:05:00,57352.19,57352.2,57000.0,57108.2,2,664510
2024-05-01 22:10:00,57108.2,57216.37,56963.29,56974.94,2,664511
2024-05-01 22:15:00,56974.93,57074.77,56674.51,56792.18,1,664512
2024-05-01 22:20:00,56792.18,57131.43,56711.11,57084.67,0,664513
2024-05-01 22:25:00,57084.67,57193.24,57028.01,57096.01,0,664514
2024-05-01 22:30:00,57096.0,57140.57,57024.0,57119.99,3,664515
2024-05-01 22:35:00,57120.0,57149.99,56966.0,56968.64,2,664516
2024-05-01 22:40:00,56968.64,57069.29,56940.47,56974.05,2,664517
2024-05-01 22:45:00,56974.04,57000.0,56876.62,56961.56,2,664518
2024-05-01 22:50:00,56961.56,57000.0,56785.6,56898.0,2,664519
2024-05-01 22:55:00,56898.0,56898.0,56748.42,56886.0,2,664520
2024-05-01 23:00:00,56886.0,57041.1,56750.1,57011.57,2,664521
2024-05-01 23:05:00,57011.58,57037.99,56772.01,56836.54,1,664522
2024-05-01 23:10:00,56836.55,57047.3,56836.54,57019.99,0,664523
2024-05-01 23:15:00,57020.0,57271.22,56980.0,57213.02,0,664524
2024-05-01 23:20:00,57213.02,57213.02,57061.1,57164.0,0,664525
2024-05-01 23:25:00,57164.0,57430.0,57158.01,57352.2,3,664526
2024-05-01 23:30:00,57352.21,57456.92,57206.83,57230.0,2,664527
2024-05-01 23:35:00,57229.99,57268.65,57131.42,57145.52,2,664528
2024-05-01 23:40:00,57145.53,57161.43,56961.55,57021.09,2,664529
2024-05-01 23:45:00,57021.1,57065.99,56933.24,57053.73,2,664530
2024-05-01 23:50:00,57053.74,57053.74,56912.0,57003.09,2,664531
2024-05-01 23:55:00,57003.1,57111.0,57003.09,57043.99,2,664532
2024-05-02 00:00:00,57044.0,57150.61,56984.0,57051.54,2,664533
2024-05-02 00:05:00,57051.55,57051.55,56955.33,56977.99,2,664534
2024-05-02 00:10:00,56978.0,56978.0,56764.86,56773.99,1,664535
2024-05-02 00:15:00,56773.99,56939.22,56625.09,56894.99,0,664536
2024-05-02 00:20:00,56894.99,57080.0,56872.38,57056.0,0,664537
2024-05-02 00:25:00,57056.0,57252.74,57051.11,57184.74,0,664538
2024-05-02 00:30:00,57184.74,57311.1,57151.1,57235.71,0,664539
2024-05-02 00:35:00,57235.71,57361.1,57191.63,57191.63,0,664540
2024-05-02 00:40:00,57191.63,57266.0,57166.0,57198.92,0,664541
2024-05-02 00:45:00,57198.91,57339.63,57162.01,57324.08,0,664542
2024-05-02 00:50:00,57324.08,57700.86,57300.0,57594.33,0,664543
2024-05-02 00:55:00,57594.34,57679.18,57419.29,57424.65,0,664544
2024-05-02 01:00:00,57424.64,58103.77,57331.1,58063.98,0,664545
2024-05-02 01:05:00,58063.97,58181.9,57781.1,58032.0,0,664546
2024-05-02 01:10:00,58031.99,58078.58,57757.7,57861.35,0,664547
2024-05-02 01:15:00,57861.36,58014.81,57641.1,57653.99,0,664548
2024-05-02 01:20:00,57653.99,57731.1,57548.25,57714.01,0,664549
2024-05-02 01:25:00,57714.01,58103.14,57700.0,58003.99,0,664550
2024-05-02 01:30:00,58003.98,58414.48,57685.39,58414.48,0,664551
2024-05-02 01:35:00,58414.47,58491.1,58090.02,58422.0,0,664552
2024-05-02 01:40:00,58421.99,58741.19,58352.15,58717.99,0,664553
2024-05-02 01:45:00,58718.0,58811.09,58501.1,58688.57,0,664554
2024-05-02 01:50:00,58688.56,59468.0,58688.56,59446.77,3,664555
2024-05-02 01:55:00,59446.77,59458.0,58830.12,58913.99,2,664556
2024-05-02 02:00:00,58913.98,59264.16,58837.47,58837.47,2,664557
2024-05-02 02:05:00,58837.48,58937.74,58658.0,58747.39,2,664558
2024-05-02 02:10:00,58747.39,58773.51,58548.19,58568.01,2,664559
2024-05-02 02:15:00,58568.01,58593.98,58333.0,58444.17,2,664560
2024-05-02 02:20:00,58444.17,58444.17,58082.0,58313.14,2,664561
2024-05-02 02:25:00,58313.15,58397.8,58032.82,58060.55,2,664562
2024-05-02 02:30:00,58060.54,58060.55,57033.99,57207.38,1,664563
2024-05-02 02:35:00,57207.38,57411.76,57020.06,57241.56,0,664564
2024-05-02 02:40:00,57241.84,57565.94,57134.0,57516.73,0,664565
2024-05-02 02:45:00,57516.73,57675.0,57341.1,57450.05,0,664566
2024-05-02 02:50:00,57450.05,57450.06,57153.18,57248.23,0,664567
2024-05-02 02:55:00,57248.22,57291.1,56897.27,56954.47,0,664568
2024-05-02 03:00:00,56954.46,57226.42,56954.46,57129.48,0,664569
2024-05-02 03:05:00,57129.47,57316.55,57056.6,57209.99,0,664570
2024-05-02 03:10:00,57210.0,57249.99,57032.07,57112.23,0,664571
2024-05-02 03:15:00,57112.22,57118.3,56760.02,57111.88,0,664572
2024-05-02 03:20:00,57111.88,57261.84,57062.0,57261.84,0,664573
2024-05-02 03:25:00,57261.84,57371.93,57222.0,57359.27,0,664574
2024-05-02 03:30:00,57359.26,57433.69,57171.29,57433.68,0,664575
2024-05-02 03:35:00,57433.68,57487.5,57246.93,57289.54,0,664576
2024-05-02 03:40:00,57289.53,57450.0,57264.13,57397.0,0,664577
2024-05-02 03:45:00,57397.01,57528.52,57350.0,57491.1,0,664578
2024-05-02 03:50:00,57491.11,57531.1,57403.9,57502.0,0,664579
2024-05-02 03:55:00,57502.0,57502.01,57361.7,57361.7,0,664580
2024-05-02 04:00:00,57361.71,57474.06,57257.99,57437.65,0,664581
2024-05-02 04:05:00,57437.65,57494.49,57380.0,57420.0,0,664582
2024-05-02 04:10:00,57420.01,57451.1,57351.1,57449.3,0,664583
2024-05-02 04:15:00,57449.3,57611.1,57394.0,57574.56,0,664584
2024-05-02 04:20:00,57574.56,57996.0,57574.56,57871.57,0,664585
2024-05-02 04:25:00,57871.57,58158.0,57838.0,58158.0,0,664586
2024-05-02 04:30:00,58157.99,58203.34,57821.1,57887.99,0,664587
2024-05-02 04:35:00,57887.98,57897.74,57735.86,57841.11,0,664588
2024-05-02 04:40:00,57841.1,57841.11,57719.55,57831.09,0,664589
2024-05-02 04:45:00,57831.1,57990.57,57792.45,57801.51,0,664590
2024-05-02 04:50:00,57801.51,57975.84,57779.87,57942.01,0,664591
2024-05-02 04:55:00,57942.01,58000.0,57883.37,57909.03,0,664592
2024-05-02 05:00:00,57909.03,58209.72,57883.38,58143.81,3,664593
2024-05-02 05:05:00,58143.8,58167.8,58036.09,58081.53,2,664594
2024-05-02 05:10:00,58081.53,58142.49,57872.61,57979.99,2,664595
2024-05-02 05:15:00,57980.0,57980.0,57905.66,57933.41,2,664596
2024-05-02 05:20:00,57933.41,57949.99,57881.64,57929.3,2,664597
2024-05-02 05:25:00,57929.29,58070.2,57918.81,58005.98,2,664598
2024-05-02 05:30:00,58005.98,58091.1,57962.26,57991.75,2,664599
2024-05-02 05:35:00,57991.75,58080.81,57962.27,58037.41,2,664600
2024-05-02 05:40:00,58037.41,58087.73,57962.26,58007.78,2,664601
2024-05-02 05:45:00,58007.79,58074.06,57962.26,58028.02,2,664602
2024-05-02 05:50:00,58028.02,58075.48,57948.93,57969.81,2,664603
2024-05-02 05:55:00,57969.81,57972.0,57857.71,57880.58,1,664604
2024-05-02 06:00:00,57880.58,57931.1,57828.0,57908.31,0,664605
2024-05-02 06:05:00,57908.31,57940.67,57866.58,57898.0,0,664606
2024-05-02 06:10:00,57898.0,58075.47,57897.99,58051.11,0,664607
2024-05-02 06:15:00,58051.11,58054.0,57991.1,58017.83,0,664608
2024-05-02 06:20:00,58017.82,58061.1,57991.39,57991.39,0,664609
2024-05-02 06:25:00,57991.39,58001.1,57924.15,57924.15,0,664610
2024-05-02 06:30:00,57924.15,58056.0,57907.56,58053.81,0,664611
2024-05-02 06:35:00,58053.8,58245.29,58041.1,58221.99,0,664612
2024-05-02 06:40:00,58222.0,58439.0,58200.0,58369.14,0,664613
2024-05-02 06:45:00,58369.14,58575.32,58365.99,58504.0,0,664614
2024-05-02 06:50:00,58504.01,58511.1,58229.22,58251.11,0,664615
2024-05-02 06:55:00,58251.11,58424.45,58245.79,58364.97,0,664616
2024-05-02 07:00:00,58364.97,58610.55,58350.0,58600.01,3,664617
2024-05-02 07:05:00,58600.01,58600.01,58322.25,58411.04,2,664618
2024-05-02 07:10:00,58411.05,58411.05,58254.9,58267.7,2,664619
2024-05-02 07:15:00,58267.69,58422.22,58212.19,58350.0,2,664620
2024-05-02 07:20:00,58350.01,58354.0,58142.85,58166.0,2,664621
2024-05-02 07:25:00,58166.01,58173.65,58112.35,58146.18,2,664622
2024-05-02 07:30:00,58146.19,58198.06,57980.77,57990.01,2,664623
2024-05-02 07:35:00,57990.01,57991.1,57792.45,57911.1,2,664624
2024-05-02 07:40:00,57911.11,57911.11,57724.56,57724.57,2,664625
2024-05-02 07:45:00,57724.56,57820.76,57721.0,57795.56,2,664626
2024-05-02 07:50:00,57795.56,57820.76,57710.22,57710.23,2,664627
2024-05-02 07:55:00,57710.22,57820.76,57641.73,57767.29,2,664628
2024-05-02 08:00:00,57767.3,57900.02,57764.66,57879.12,2,664629
2024-05-02 08:05:00,57879.12,57892.98,57800.0,57876.36,2,664630
2024-05-02 08:10:00,57876.37,57881.1,57765.06,57836.3,2,664631
2024-05-02 08:15:00,57836.29,57881.11,57685.04,57728.14,2,664632
2024-05-02 08:20:00,57728.13,57758.0,57671.39,57757.14,2,664633
2024-05-02 08:25:00,57757.14,57757.15,57659.85,57663.8,2,664634
2024-05-02 08:30:00,57663.81,57702.75,57196.89,57287.58,2,664635
2024-05-02 08:35:00,57287.59,57333.73,56911.84,57012.29,1,664636
2024-05-02 08:40:00,57012.28,57175.12,57006.26,57174.37,0,664637
2024-05-02 08:45:00,57174.37,57357.93,57161.1,57357.93,0,664638
2024-05-02 08:50:00,57357.92,57381.06,57173.06,57194.22,0,664639
2024-05-02 08:55:00,57194.21,57254.72,57038.35,57112.37,0,664640
2024-05-02 09:00:00,57112.37,57367.93,57109.01,57367.93,0,664641
2024-05-02 09:05:00,57367.93,57415.24,57291.11,57380.29,0,664642
2024-05-02 09:10:00,57380.28,57421.1,57350.0,57355.41,0,664643
2024-05-02 09:15:00,57355.4,57458.12,57264.35,57410.4,0,664644
2024-05-02 09:20:00,57410.4,57441.1,57321.1,57347.0,0,664645
2024-05-02 09:25:00,57346.99,57347.0,57210.64,57331.56,0,664646
2024-05-02 09:30:00,57331.56,57345.98,57218.78,57239.71,0,664647
2024-05-02 09:35:00,57239.71,57338.78,57169.81,57311.32,0,664648
2024-05-02 09:40:00,57311.31,57381.1,57226.41,57381.09,0,664649
2024-05-02 09:45:00,57381.09,57536.14,57360.0,57521.1,0,664650
2024-05-02 09:50:00,57521.1,57641.04,57471.31,57471.31,0,664651
2024-05-02 09:55:00,57471.32,57500.0,57433.56,57463.87,0,664652
2024-05-02 10:00:00,57463.88,57571.1,57442.85,57532.19,0,664653
2024-05-02 10:05:00,57532.18,57554.02,57503.15,57504.18,0,664654
2024-05-02 10:10:00,57504.18,57537.74,57430.51,57450.8,0,664655
2024-05-02 10:15:00,57450.81,57451.1,57377.32,57447.29,0,664656
2024-05-02 10:20:00,57447.29,57576.05,57447.28,57561.54,0,664657
2024-05-02 10:25:00,57561.55,57705.08,57531.1,57684.13,3,664658
2024-05-02 10:30:00,57684.13,57686.62,57569.1,57574.07,2,664659
2024-05-02 10:35:00,57574.08,57613.37,57520.0,57548.79,2,664660
2024-05-02 10:40:00,57548.79,57591.09,57458.82,57473.96,2,664661
2024-05-02 10:45:00,57473.97,57540.23,57424.52,57535.34,2,664662
2024-05-02 10:50:00,57535.33,57570.0,57519.58,57539.63,2,664663
2024-05-02 10:55:00,57539.62,57549.04,57442.86,57442.88,2,664664
2024-05-02 11:00:00,57442.88,57509.44,57442.87,57483.05,2,664665
2024-05-02 11:05:00,57483.05,57561.1,57483.05,57534.81,2,664666
2024-05-02 11:10:00,57534.8,57534.81,57452.9,57465.99,2,664667
2024-05-02 11:15:00,57465.99,57493.58,57450.0,57476.31,2,664668
2024-05-02 11:20:00,57476.31,57526.55,57447.06,57526.55,2,664669
2024-05-02 11:25:00,57526.55,57556.11,57491.1,57556.1,2,664670
2024-05-02 11:30:00,57556.11,57647.4,57556.1,57575.0,2,664671
2024-05-02 11:35:00,57575.0,57622.65,57476.31,57531.09,2,664672
2024-05-02 11:40:00,57531.09,57557.34,57470.31,57471.11,2,664673
2024-05-02 11:45:00,57471.12,57525.0,57441.69,57441.7,2,664674
2024-05-02 11:50:00,57441.7,57441.7,57333.0,57355.36,2,664675
2024-05-02 11:55:00,57355.37,57396.23,57301.11,57396.22,2,664676
2024-05-02 12:00:00,57396.23,57414.33,57341.1,57341.12,1,664677
2024-05-02 12:05:00,57341.12,57499.57,57289.98,57488.31,0,664678
2024-05-02 12:10:00,57488.32,57519.81,57471.17,57472.75,0,664679
2024-05-02 12:15:00,57472.76,57537.73,57408.81,57525.98,0,664680
2024-05-02 12:20:00,57525.98,57531.07,57401.1,57468.47,0,664681
2024-05-02 12:25:00,57468.46,57468.47,57290.02,57308.95,0,664682
2024-05-02 12:30:00,57308.94,57353.31,57202.49,57241.72,0,664683
2024-05-02 12:35:00,57241.72,57365.49,57241.71,57352.48,0,664684
2024-05-02 12:40:00,57352.49,57399.05,57311.32,57371.1,0,664685
2024-05-02 12:45:00,57371.09,57480.81,57371.09,57418.8,0,664686
2024-05-02 12:50:00,57418.8,57451.1,57400.0,57424.3,0,664687
2024-05-02 12:55:00,57424.3,57500.05,57416.93,57484.57,0,664688
2024-05-02 13:00:00,57484.57,57518.86,57404.08,57498.05,0,664689
2024-05-02 13:05:00,57498.04,57640.23,57498.04,57547.75,0,664690
2024-05-02 13:10:00,57547.75,57600.09,57499.33,57581.11,0,664691
2024-05-02 13:15:00,57581.1,57611.09,57517.55,57582.81,0,664692
2024-05-02 13:20:00,57582.82,57585.52,57474.06,57474.07,0,664693
2024-05-02 13:25:00,57474.07,57725.98,57468.57,57718.55,0,664694
2024-05-02 13:30:00,57718.55,57718.56,57601.78,57621.11,0,664695
2024-05-02 13:35:00,57621.1,57725.0,57572.04,57593.91,0,664696
2024-05-02 13:40:00,57593.9,57620.29,57531.1,57590.01,0,664697
2024-05-02 13:45:00,57590.0,57671.1,57590.0,57637.34,0,664698
2024-05-02 13:50:00,57637.35,57656.87,57584.41,57584.42,0,664699
2024-05-02 13:55:00,57584.42,57628.57,57556.57,57628.56,0,664700
2024-05-02 14:00:00,57628.57,57743.87,57618.07,57740.27,0,664701
2024-05-02 14:05:00,57740.28,57837.2,57694.2,57814.76,0,664702
2024-05-02 14:10:00,57814.76,57945.19,57754.28,57764.71,0,664703
2024-05-02 14:15:00,57764.71,57881.1,57759.22,57831.8,0,664704
2024-05-02 14:20:00,57831.8,57838.69,57764.83,57818.07,0,664705
2024-05-02 14:25:00,57818.08,57827.25,57711.58,57745.44,0,664706
2024-05-02 14:30:00,57745.44,57774.21,57727.19,57747.83,0,664707
2024-05-02 14:35:00,57747.82,57747.83,57663.48,57701.09,0,664708
2024-05-02 14:40:00,57701.09,57749.8,57685.55,57689.54,0,664709
2024-05-02 14:45:00,57689.53,57720.26,57643.6,57679.88,0,664710
2024-05-02 14:50:00,57679.88,57692.31,57661.17,57670.01,0,664711
2024-05-02 14:55:00,57670.0,57693.34,57661.18,57681.08,0,664712
2024-05-02 15:00:00,57681.08,57830.01,57612.73,57751.09,0,664713
2024-05-02 15:05:00,57751.09,57867.54,57751.08,57764.95,0,664714
2024-05-02 15:10:00,57764.95,57856.44,57764.95,57801.4,0,664715
2024-05-02 15:15:00,57801.39,57810.0,57664.51,57709.21,0,664716
2024-05-02 15:20:00,57709.21,57818.62,57702.42,57786.05,0,664717
2024-05-02 15:25:00,57786.05,57981.46,57761.1,57905.86,0,664718
2024-05-02 15:30:00,57905.85,57978.87,57843.09,57900.0,0,664719
2024-05-02 15:35:00,57900.01,57925.6,57821.61,57830.6,0,664720
2024-05-02 15:40:00,57830.61,57876.2,57801.1,57841.97,0,664721
2024-05-02 15:45:00,57841.97,57953.32,57800.0,57947.02,3,664722
2024-05-02 15:50:00,57947.01,57947.02,57877.35,57923.51,2,664723
2024-05-02 15:55:00,57923.52,57923.52,57821.11,57834.82,2,664724
2024-05-02 16:00:00,57834.82,57892.52,57793.73,57832.55,2,664725
2024-05-02 16:05:00,57832.55,57832.56,57739.59,57747.48,2,664726
2024-05-02 16:10:00,57747.49,57800.0,57742.06,57799.57,2,664727
2024-05-02 16:15:00,57799.57,57822.76,57626.89,57679.24,2,664728
2024-05-02 16:20:00,57679.25,57831.1,57678.81,57824.32,2,664729
2024-05-02 16:25:00,57824.31,57867.54,57742.72,57750.99,2,664730
2024-05-02 16:30:00,57750.99,57790.44,57671.1,57706.4,2,664731
2024-05-02 16:35:00,57706.39,57744.76,57686.12,57739.48,2,664732
2024-05-02 16:40:00,57739.47,57775.73,57641.1,57735.07,2,664733
2024-05-02 16:45:00,57735.06,57810.91,57721.65,57773.9,2,664734
2024-05-02 16:50:00,57773.89,57820.41,57771.88,57807.48,2,664735
2024-05-02 16:55:00,57807.48,57808.47,57764.15,57804.36,2,664736
2024-05-02 17:00:00,57804.37,57810.92,57662.43,57738.61,2,664737
2024-05-02 17:05:00,57738.6,57738.61,57659.13,57682.35,2,664738
2024-05-02 17:10:00,57682.34,57855.7,57682.34,57800.84,2,664739
2024-05-02 17:15:00,57800.83,57800.84,57742.38,57761.73,2,664740
2024-05-02 17:20:00,57761.74,57796.44,57701.1,57709.99,2,664741
2024-05-02 17:25:00,57710.0,57757.56,57668.54,57691.09,2,664742
2024-05-02 17:30:00,57691.08,57707.55,57633.81,57661.68,1,664743
2024-05-02 17:35:00,57661.69,57719.53,57561.14,57681.1,0,664744
2024-05-02 17:40:00,57681.11,57776.19,57675.8,57740.09,0,664745
2024-05-02 17:45:00,57740.1,57898.01,57707.54,57883.81,0,664746
2024-05-02 17:50:00,57883.81,57883.82,57780.0,57814.5,0,664747
2024-05-02 17:55:00,57814.51,57866.67,57777.96,57801.41,0,664748
2024-05-02 18:00:00,57801.41,58207.6,57783.04,58015.74,0,664749
2024-05-02 18:05:00,58015.75,58298.18,58015.74,58221.1,0,664750
2024-05-02 18:10:00,58221.09,58299.96,58100.0,58135.45,0,664751
2024-05-02 18:15:00,58135.45,58350.0,58108.31,58331.09,0,664752
2024-05-02 18:20:00,58331.09,58484.32,58288.44,58293.8,0,664753
2024-05-02 18:25:00,58293.81,58348.65,58232.55,58299.47,0,664754
2024-05-02 18:30:00,58299.48,58305.82,58075.48,58150.73,0,664755
2024-05-02 18:35:00,58150.74,58266.66,58135.61,58177.6,0,664756
2024-05-02 18:40:00,58177.61,58555.0,58177.6,58541.55,0,664757
2024-05-02 18:45:00,58541.55,58689.55,58465.44,58550.11,0,664758
2024-05-02 18:50:00,58550.12,58616.45,58473.02,58588.55,0,664759
2024-05-02 18:55:00,58588.55,58611.94,58484.87,58559.66,0,664760
2024-05-02 19:00:00,58559.66,58629.73,58446.18,58600.01,0,664761
2024-05-02 19:05:00,58600.01,58773.52,58591.1,58773.52,0,664762
2024-05-02 19:10:00,58773.51,58885.61,58703.3,58866.82,0,664763
2024-05-02 19:15:00,58866.82,59117.68,58862.12,59061.24,0,664764
2024-05-02 19:20:00,59061.23,59061.24,58670.0,58803.11,0,664765
2024-05-02 19:25:00,58803.1,58873.13,58674.39,58716.48,0,664766
2024-05-02 19:30:00,58716.48,58881.1,58681.89,58800.58,0,664767
2024-05-02 19:35:00,58800.59,59001.21,58745.19,58897.09,3,664768
2024-05-02 19:40:00,58897.09,59037.74,58800.0,58816.22,2,664769
2024-05-02 19:45:00,58816.22,58930.0,58757.71,58861.11,2,664770
2024-05-02 19:50:00,58861.12,58861.12,58693.27,58725.92,2,664771
2024-05-02 19:55:00,58725.92,58725.92,58511.31,58556.59,2,664772
2024-05-02 20:00:00,58556.58,58653.14,58545.73,58608.03,2,664773
2024-05-02 20:05:00,58608.04,58716.1,58518.7,58526.7,1,664774
2024-05-02 20:10:00,58526.7,58547.99,58411.1,58528.42,0,664775
2024-05-02 20:15:00,58528.42,58619.65,58508.15,58597.66,0,664776
2024-05-02 20:20:00,58597.65,58769.98,58584.91,58731.11,0,664777
2024-05-02 20:25:00,58731.11,58788.75,58691.1,58732.26,0,664778
2024-05-02 20:30:00,58732.27,58782.24,58459.62,58462.33,0,664779
2024-05-02 20:35:00,58462.32,58531.1,58317.01,58419.82,0,664780
2024-05-02 20:40:00,58419.81,58600.0,58311.1,58519.37,0,664781
2024-05-02 20:45:00,58519.38,58563.08,58281.1,58339.72,0,664782
2024-05-02 20:50:00,58339.72,58429.8,58222.0,58389.7,0,664783
2024-05-02 20:55:00,58389.7,58525.11,58386.8,58450.22,0,664784
2024-05-02 21:00:00,58450.22,58633.85,58319.0,58607.4,0,664785
2024-05-02 21:05:00,58607.41,58675.19,58356.0,58367.4,0,664786
2024-05-02 21:10:00,58367.4,58405.38,58300.0,58397.85,0,664787
2024-05-02 21:15:00,58397.86,58514.07,58341.1,58458.57,0,664788
2024-05-02 21:20:00,58458.57,58641.51,58375.2,58612.1,0,664789
2024-05-02 21:25:00,58612.11,58738.19,58598.19,58659.33,0,664790
2024-05-02 21:30:00,58659.32,58967.12,58569.26,58863.6,0,664791
2024-05-02 21:35:00,58863.6,59100.01,58750.01,59079.0,0,664792
2024-05-02 21:40:00,59079.0,59300.0,59009.44,59261.08,0,664793
2024-05-02 21:45:00,59261.07,59298.48,59030.0,59085.15,0,664794
2024-05-02 21:50:00,59085.15,59116.33,58996.67,59037.89,0,664795
2024-05-02 21:55:00,59037.9,59184.97,59018.01,59055.25,0,664796
2024-05-02 22:00:00,59055.26,59213.47,58972.44,59170.01,0,664797
2024-05-02 22:05:00,59170.0,59255.98,59071.11,59237.35,0,664798
2024-05-02 22:10:00,59237.35,59281.11,59151.88,59251.11,0,664799
2024-05-02 22:15:00,59251.11,59402.73,59151.11,59162.8,0,664800
2024-05-02 22:20:00,59162.79,59347.47,59162.79,59347.46,0,664801
2024-05-02 22:25:00,59347.47,59389.49,59250.0,59360.53,3,664802
2024-05-02 22:30:00,59360.53,59387.3,59244.0,59347.27,2,664803
2024-05-02 22:35:00,59347.28,59399.98,59247.78,59324.45,2,664804
2024-05-02 22:40:00,59324.44,59399.54,59311.1,59328.96,2,664805
2024-05-02 22:45:00,59328.96,59455.0,59168.54,59222.27,2,664806
2024-05-02 22:50:00,59222.27,59279.99,59151.1,59165.09,2,664807
2024-05-02 22:55:00,59165.09,59270.0,59158.98,59264.15,2,664808
2024-05-02 23:00:00,59264.16,59315.32,59068.66,59120.61,2,664809
2024-05-02 23:05:00,59120.62,59161.1,59011.1,59029.02,2,664810
2024-05-02 23:10:00,59029.03,59066.04,58943.38,58997.1,2,664811
2024-05-02 23:15:00,58997.1,59091.04,58955.52,59002.93,2,664812
2024-05-02 23:20:00,59002.93,59079.16,58971.0,59068.14,2,664813
2024-05-02 23:25:00,59068.13,59178.05,59051.92,59150.94,2,664814
2024-05-02 23:30:00,59150.95,59150.95,59009.0,59060.41,2,664815
2024-05-02 23:35:00,59060.4,59091.1,58991.12,59038.62,2,664816
2024-05-02 23:40:00,59038.63,59086.06,58971.68,59080.15,2,664817
2024-05-02 23:45:00,59080.15,59090.0,58948.93,58977.83,1,664818
2024-05-02 23:50:00,58977.83,59070.83,58977.83,59045.84,0,664819
2024-05-02 23:55:00,59045.85,59074.99,58987.95,59017.54,0,664820
2024-05-03 00:00:00,59017.53,59046.91,58987.49,59021.1,0,664821
2024-05-03 00:05:00,59021.1,59128.77,58955.31,59021.11,0,664822
2024-05-03 00:10:00,59021.1,59171.09,58977.84,59088.72,0,664823
2024-05-03 00:15:00,59088.73,59301.1,59060.0,59156.97,0,664824
2024-05-03 00:20:00,59156.98,59220.0,59131.85,59146.99,0,664825
2024-05-03 00:25:00,59147.0,59150.95,59037.73,59037.86,0,664826
2024-05-03 00:30:00,59037.86,59138.8,59000.0,59043.3,0,664827
2024-05-03 00:35:00,59043.3,59076.72,59016.86,59016.86,0,664828
2024-05-03 00:40:00,59016.86,59065.99,58963.21,59039.19,0,664829
2024-05-03 00:45:00,59039.18,59091.1,59011.1,59022.85,0,664830
2024-05-03 00:50:00,59022.85,59220.84,59011.1,59154.89,0,664831
2024-05-03 00:55:00,59154.89,59281.44,59154.89,59190.24,0,664832
2024-05-03 01:00:00,59190.24,59443.62,59156.92,59405.68,0,664833
2024-05-03 01:05:00,59405.69,59405.69,59251.1,59345.85,0,664834
2024-05-03 01:10:00,59345.85,59411.1,59270.91,59287.92,0,664835
2024-05-03 01:15:00,59287.91,59287.92,59050.0,59050.0,0,664836
2024-05-03 01:20:00,59050.0,59075.0,58987.49,59075.0,0,664837
2024-05-03 01:25:00,59075.0,59118.95,59045.83,59107.14,0,664838
2024-05-03 01:30:00,59107.13,59206.42,59037.74,59206.42,0,664839
2024-05-03 01:35:00,59206.42,59311.0,59194.5,59305.08,0,664840
2024-05-03 01:40:00,59305.09,59338.21,59212.89,59238.45,0,664841
2024-05-03 01:45:00,59238.45,59575.29,59227.64,59541.67,3,664842
2024-05-03 01:50:00,59541.66,59541.67,59301.1,59305.23,2,664843
2024-05-03 01:55:00,59305.23,59474.34,59272.65,59383.52,2,664844
2024-05-03 02:00:00,59383.52,59385.57,59124.94,59220.83,2,664845
2024-05-03 02:05:00,59220.84,59349.95,59204.83,59295.16,2,664846
2024-05-03 02:10:00,59295.17,59299.98,59095.94,59105.62,2,664847
2024-05-03 02:15:00,59105.62,59188.83,59071.1,59174.84,2,664848
2024-05-03 02:20:00,59174.85,59179.25,59105.59,59173.64,2,664849
2024-05-03 02:25:00,59173.64,59217.19,59111.0,59173.47,2,664850
2024-05-03 02:30:00,59173.48,59179.25,59032.12,59104.12,1,664851
2024-05-03 02:35:00,59104.12,59165.83,59025.51,59126.19,0,664852
2024-05-03 02:40:00,59126.19,59174.53,59061.1,59164.06,0,664853
2024-05-03 02:45:00,59164.06,59361.06,59122.64,59262.75,0,664854
2024-05-03 02:50:00,59262.76,59334.82,59212.59,59215.79,0,664855
2024-05-03 02:55:00,59215.8,59366.28,59179.24,59351.11,0,664856
2024-05-03 03:00:00,59351.1,59366.27,59211.3,59334.39,0,664857
2024-05-03 03:05:00,59334.39,59365.16,59191.66,59231.98,0,664858
2024-05-03 03:10:00,59231.98,59431.1,59222.89,59366.87,3,664859
2024-05-03 03:15:00,59366.87,59381.1,59302.44,59318.18,2,664860
2024-05-03 03:20:00,59318.17,59318.18,59228.18,59281.09,2,664861
2024-05-03 03:25:00,59281.1,59281.1,59077.0,59111.29,2,664862
2024-05-03 03:30:00,59111.28,59165.81,59029.0,59060.62,2,664863
2024-05-03 03:35:00,59060.61,59062.65,58783.51,58815.78,2,664864
2024-05-03 03:40:00,58815.79,58931.1,58637.62,58920.36,2,664865
2024-05-03 03:45:00,58920.37,58920.37,58794.7,58842.96,2,664866
2024-05-03 03:50:00,58842.96,58855.41,58711.1,58743.64,2,664867
2024-05-03 03:55:00,58743.64,58791.1,58720.0,58727.45,1,664868
2024-05-03 04:00:00,58727.45,58841.92,58701.1,58840.0,0,664869
2024-05-03 04:05:00,58840.0,58886.76,58807.79,58822.94,0,664870
2024-05-03 04:10:00,58822.94,58838.22,58786.45,58820.35,0,664871
2024-05-03 04:15:00,58820.35,58978.43,58811.1,58941.79,0,664872
2024-05-03 04:20:00,58941.78,58957.69,58867.92,58896.0,0,664873
2024-05-03 04:25:00,58895.99,59000.0,58895.99,58999.0,0,664874
2024-05-03 04:30:00,58999.0,59148.83,58991.26,59120.28,0,664875
2024-05-03 04:35:00,59120.27,59625.0,59120.27,59546.82,0,664876
2024-05-03 04:40:00,59546.81,59581.1,59254.8,59278.7,0,664877
2024-05-03 04:45:00,59278.71,59278.71,59111.1,59174.96,0,664878
2024-05-03 04:50:00,59174.95,59174.96,59074.98,59122.65,0,664879
2024-05-03 04:55:00,59122.65,59145.14,59071.98,59112.58,0,664880
2024-05-03 05:00:00,59112.59,59331.1,59083.33,59330.0,0,664881
2024-05-03 05:05:00,59330.0,59387.32,59288.93,59297.78,0,664882
2024-05-03 05:10:00,59297.79,59302.0,59207.54,59235.8,0,664883
2024-05-03 05:15:00,59235.79,59395.84,59235.79,59339.5,0,664884
2024-05-03 05:20:00,59339.5,59339.5,59217.73,59252.75,0,664885
2024-05-03 05:25:00,59252.75,59320.76,59235.84,59235.84,0,664886
2024-05-03 05:30:00,59235.85,59271.11,59180.76,59241.97,0,664887
2024-05-03 05:35:00,59241.97,59244.46,59137.61,59239.22,0,664888
2024-05-03 05:40:00,59239.22,59291.09,59233.41,59278.15,0,664889
2024-05-03 05:45:00,59278.15,59392.4,59256.86,59344.0,0,664890
2024-05-03 05:50:00,59344.0,59451.1,59301.1,59425.0,3,664891
2024-05-03 05:55:00,59424.99,59454.17,59296.8,59328.0,2,664892
2024-05-03 06:00:00,59328.0,59377.36,59308.33,59308.59,2,664893
2024-05-03 06:05:00,59308.59,59343.76,59221.21,59224.0,2,664894
2024-05-03 06:10:00,59224.01,59330.05,59224.0,59330.04,2,664895
2024-05-03 06:15:00,59330.05,59358.8,59245.42,59279.16,2,664896
2024-05-03 06:20:00,59279.17,59306.0,59224.01,59272.05,2,664897
2024-05-03 06:25:00,59272.05,59280.76,59213.47,59213.48,2,664898
2024-05-03 06:30:00,59213.47,59278.0,59153.41,59153.41,2,664899
2024-05-03 06:35:00,59153.42,59199.0,59116.75,59142.77,2,664900
2024-05-03 06:40:00,59142.77,59149.99,59104.16,59147.99,2,664901
2024-05-03 06:45:00,59147.99,59158.23,59124.61,59151.45,2,664902
2024-05-03 06:50:00,59151.46,59164.09,59122.64,59137.03,2,664903
2024-05-03 06:55:00,59137.03,59144.0,59057.73,59060.61,2,664904
2024-05-03 07:00:00,59060.6,59094.34,59057.5,59065.6,2,664905
2024-05-03 07:05:00,59065.61,59101.91,58968.75,59091.96,2,664906
2024-05-03 07:10:00,59091.95,59131.1,59014.74,59045.84,2,664907
2024-05-03 07:15:00,59045.84,59120.0,59001.1,59004.79,2,664908
2024-05-03 07:20:00,59004.78,59121.1,58952.83,58952.83,2,664909
2024-05-03 07:25:00,58952.83,58973.99,58875.02,58875.02,2,664910
2024-05-03 07:30:00,58875.02,58933.94,58811.32,58837.06,1,664911
2024-05-03 07:35:00,58837.06,58909.99,58822.0,58875.36,0,664912
2024-05-03 07:40:00,58875.35,58970.25,58861.1,58970.15,0,664913
2024-05-03 07:45:00,58970.15,59064.12,58970.14,58994.27,0,664914
2024-05-03 07:50:00,58994.26,59071.1,58994.26,59022.01,0,664915
2024-05-03 07:55:00,59022.0,59059.6,59009.43,59031.81,0,664916
2024-05-03 08:00:00,59031.81,59151.1,59004.0,59141.09,0,664917
2024-05-03 08:05:00,59141.09,59372.09,59127.63,59345.99,0,664918
2024-05-03 08:10:00,59345.98,59395.84,59322.0,59346.68,0,664919
2024-05-03 08:15:00,59346.69,59400.0,59252.74,59353.0,0,664920
2024-05-03 08:20:00,59353.01,59414.89,59296.0,59414.88,0,664921
2024-05-03 08:25:00,59414.88,59483.34,59384.0,59441.77,0,664922
2024-05-03 08:30:00,59441.78,59493.98,59380.84,59462.27,0,664923
2024-05-03 08:35:00,59462.27,59493.97,59377.35,59479.88,0,664924
2024-05-03 08:40:00,59479.89,59498.0,59372.69,59419.99,0,664925
2024-05-03 08:45:00,59419.99,59440.0,59315.0,59335.19,0,664926
2024-05-03 08:50:00,59335.2,59335.2,59241.96,59302.01,0,664927
2024-05-03 08:55:00,59302.01,59366.0,59283.99,59311.11,0,664928
2024-05-03 09:00:00,59311.1,59334.0,59255.22,59332.05,0,664929
2024-05-03 09:05:00,59332.05,59508.09,59302.13,59495.99,0,664930
2024-05-03 09:10:00,59496.0,59850.0,59453.12,59751.95,0,664931
2024-05-03 09:15:00,59751.96,59916.12,59626.0,59686.01,0,664932
2024-05-03 09:20:00,59686.01,59790.91,59596.01,59597.41,0,664933
2024-05-03 09:25:00,59597.41,59680.0,59594.01,59600.01,0,664934
2024-05-03 09:30:00,59600.02,59716.67,59589.49,59660.38,0,664935
2024-05-03 09:35:00,59660.37,59665.16,59512.49,59542.77,0,664936
2024-05-03 09:40:00,59542.77,59595.0,59526.01,59552.21,0,664937
2024-05-03 09:45:00,59552.2,59629.17,59514.08,59592.0,0,664938
2024-05-03 09:50:00,59591.99,59603.78,59541.65,59552.0,0,664939
2024-05-03 09:55:00,59552.0,59560.0,59507.88,59543.76,0,664940
2024-05-03 10:00:00,59543.75,59750.0,59504.0,59728.0,0,664941
2024-05-03 10:05:00,59728.0,59842.97,59707.71,59774.99,0,664942
2024-05-03 10:10:00,59775.0,59832.0,59697.75,59824.0,0,664943
2024-05-03 10:15:00,59824.0,59999.0,59802.72,59980.0,3,664944
2024-05-03 10:20:00,59980.0,59996.0,59825.82,59868.98,2,664945
2024-05-03 10:25:00,59868.99,59870.0,59706.15,59731.1,2,664946
2024-05-03 10:30:00,59731.1,59837.99,59676.09,59822.79,2,664947
2024-05-03 10:35:00,59822.79,59822.8,59693.0,59738.84,2,664948
2024-05-03 10:40:00,59738.83,59817.78,59720.0,59784.01,2,664949
2024-05-03 10:45:00,59784.0,59837.23,59724.01,59794.03,2,664950
2024-05-03 10:50:00,59794.04,59801.1,59652.85,59715.99,2,664951
2024-05-03 10:55:00,59715.99,59780.0,59694.0,59720.3,2,664952
2024-05-03 11:00:00,59720.3,59745.29,59640.0,59683.76,2,664953
2024-05-03 11:05:00,59683.76,59722.28,59671.1,59716.04,2,664954
2024-05-03 11:10:00,59716.04,59809.1,59716.03,59761.12,2,664955
2024-05-03 11:15:00,59761.12,59844.94,59761.11,59814.01,2,664956
2024-05-03 11:20:00,59814.0,59820.0,59767.47,59767.48,2,664957
2024-05-03 11:25:00,59767.48,59795.65,59758.15,59760.0,2,664958
2024-05-03 11:30:00,59760.01,59770.0,59600.0,59600.0,2,664959
2024-05-03 11:35:00,59600.01,59634.0,59567.1,59617.57,2,664960
2024-05-03 11:40:00,59617.57,59623.99,59549.79,59598.02,2,664961
2024-05-03 11:45:00,59598.02,59629.17,59548.0,59598.57,2,664962
2024-05-03 11:50:00,59598.57,59610.0,59571.1,59603.78,2,664963
2024-05-03 11:55:00,59603.78,59604.0,59571.12,59604.0,2,664964
2024-05-03 12:00:00,59604.0,59607.99,59541.1,59542.0,2,664965
2024-05-03 12:05:00,59542.0,59553.04,59472.01,59506.84,2,664966
2024-05-03 12:10:00,59506.85,59520.0,59473.66,59488.01,2,664967
2024-05-03 12:15:00,59488.0,59539.17,59468.89,59539.17,2,664968
2024-05-03 12:20:00,59539.17,59627.9,59534.32,59575.47,2,664969
2024-05-03 12:25:00,59575.48,59596.0,59502.77,59581.1,2,664970
2024-05-03 12:30:00,59581.11,59625.55,59578.0,59596.46,2,664971
2024-05-03 12:35:00,59596.47,59624.72,59537.74,59548.47,2,664972
2024-05-03 12:40:00,59548.46,59591.1,59532.14,59591.09,2,664973
2024-05-03 12:45:00,59591.09,59600.0,59520.0,59537.57,2,664974
2024-05-03 12:50:00,59537.57,59570.84,59494.0,59570.83,2,664975
2024-05-03 12:55:00,59570.84,59590.92,59497.6,59522.67,2,664976
2024-05-03 13:00:00,59522.68,59574.6,59494.03,59542.0,2,664977
2024-05-03 13:05:00,59542.01,59548.0,59494.0,59498.37,2,664978
2024-05-03 13:10:00,59498.37,59522.11,59460.8,59514.0,2,664979
2024-05-03 13:15:00,59514.0,59514.01,59355.0,59389.78,2,664980
2024-05-03 13:20:00,59389.78,59423.0,59342.0,59371.1,2,664981
2024-05-03 13:25:00,59371.09,59422.99,59360.0,59418.62,2,664982
2024-05-03 13:30:00,59418.63,59422.99,59354.0,59354.0,2,664983
2024-05-03 13:35:00,59354.01,59400.0,59338.13,59358.0,2,664984
2024-05-03 13:40:00,59358.0,59379.25,59340.33,59341.1,2,664985
2024-05-03 13:45:00,59341.1,59394.78,59328.0,59338.03,2,664986
2024-05-03 13:50:00,59338.02,59338.03,59251.1,59286.62,2,664987
2024-05-03 13:55:00,59286.62,59286.62,59233.3,59254.74,2,664988
2024-05-03 14:00:00,59254.75,59391.0,59221.1,59336.09,2,664989
2024-05-03 14:05:00,59336.08,59391.0,59320.75,59341.1,2,664990
2024-05-03 14:10:00,59341.1,59423.0,59341.1,59415.23,2,664991
2024-05-03 14:15:00,59415.22,59421.1,59386.0,59395.33,2,664992
2024-05-03 14:20:00,59395.33,59417.57,59378.08,59402.0,2,664993
2024-05-03 14:25:00,59402.01,59402.01,59354.95,59371.1,2,664994
2024-05-03 14:30:00,59371.1,59395.8,59311.82,59386.7,2,664995
2024-05-03 14:35:00,59386.71,59405.67,59207.54,59220.0,2,664996
2024-05-03 14:40:00,59220.01,59254.28,59164.28,59246.01,2,664997
2024-05-03 14:45:00,59246.01,59256.38,59102.88,59141.72,1,664998
2024-05-03 14:50:00,59141.72,59191.67,59061.63,59168.77,0,664999
2024-05-03 14:55:00,59168.77,59211.1,59168.77,59190.74,0,665000
2024-05-03 15:00:00,59190.74,59213.47,59136.49,59152.64,0,665001
2024-05-03 15:05:00,59153.32,59291.1,59153.32,59286.92,0,665002
2024-05-03 15:10:00,59286.91,59286.92,59200.0,59251.18,0,665003
2024-05-03 15:15:00,59251.19,59265.36,59192.55,59221.1,0,665004
2024-05-03 15:20:00,59221.09,59307.52,59221.09,59255.14,0,665005
2024-05-03 15:25:00,59255.14,59331.1,59255.13,59331.09,0,665006
2024-05-03 15:30:00,59331.1,59358.0,59268.91,59305.85,0,665007
2024-05-03 15:35:00,59305.85,59388.0,59302.9,59364.98,0,665008
2024-05-03 15:40:00,59364.98,59374.55,59314.01,59364.39,0,665009
2024-05-03 15:45:00,59364.39,59384.48,59300.0,59350.03,0,665010
2024-05-03 15:50:00,59350.03,59371.1,59292.45,59293.72,0,665011
2024-05-03 15:55:00,59293.71,59314.0,59196.0,59225.99,0,665012
2024-05-03 16:00:00,59225.99,59285.54,59196.11,59262.74,0,665013
2024-05-03 16:05:00,59262.75,59333.44,59262.74,59297.01,0,665014
2024-05-03 16:10:00,59297.02,59317.67,59284.0,59284.0,0,665015
2024-05-03 16:15:00,59284.01,59350.0,59281.1,59331.1,0,665016
2024-05-03 16:20:00,59331.09,59432.15,59331.09,59420.97,0,665017
2024-05-03 16:25:00,59420.97,59429.71,59354.0,59368.02,0,665018
2024-05-03 16:30:00,59368.01,59410.65,59325.72,59384.43,0,665019
2024-05-03 16:35:00,59384.42,59490.57,59384.42,59436.0,0,665020
2024-05-03 16:40:00,59436.01,59472.71,59420.0,59472.62,0,665021
2024-05-03 16:45:00,59472.63,59575.48,59458.0,59547.59,0,665022
2024-05-03 16:50:00,59547.58,59565.99,59471.09,59551.12,3,665023
2024-05-03 16:55:00,59551.12,59551.14,59481.11,59481.12,2,665024
2024-05-03 17:00:00,59481.11,59486.63,59380.0,59413.98,2,665025
2024-05-03 17:05:00,59413.99,59430.01,59366.65,59377.99,2,665026
2024-05-03 17:10:00,59378.0,59378.03,59274.54,59337.5,2,665027
2024-05-03 17:15:00,59337.5,59372.37,59292.4,59372.37,2,665028
2024-05-03 17:20:00,59372.37,59387.81,59310.14,59359.98,2,665029
2024-05-03 17:25:00,59359.98,59359.99,59304.0,59304.01,2,665030
2024-05-03 17:30:00,59304.01,59326.0,59216.32,59220.71,2,665031
2024-05-03 17:35:00,59220.71,59230.0,59172.87,59172.88,2,665032
2024-05-03 17:40:00,59172.88,59176.44,58897.77,59016.66,2,665033
2024-05-03 17:45:00,59016.67,59020.0,58854.6,58917.03,2,665034
2024-05-03 17:50:00,58917.02,58950.0,58849.94,58909.26,1,665035
2024-05-03 17:55:00,58909.26,59070.0,58909.26,59040.0,0,665036
2024-05-03 18:00:00,59040.01,59048.0,58909.11,58954.78,0,665037
2024-05-03 18:05:00,58954.79,58995.38,58867.92,58938.0,0,665038
2024-05-03 18:10:00,58938.0,59016.68,58932.11,58987.16,0,665039
2024-05-03 18:15:00,58987.16,59107.57,58987.16,59102.0,0,665040
2024-05-03 18:20:00,59102.0,59183.13,59080.0,59129.24,0,665041
2024-05-03 18:25:00,59129.23,59200.0,59129.23,59194.07,0,665042
2024-05-03 18:30:00,59194.08,59261.1,59122.64,59135.5,0,665043
2024-05-03 18:35:00,59135.51,59135.51,59042.28,59101.77,0,665044
2024-05-03 18:40:00,59101.77,59179.25,59071.11,59106.0,0,665045
2024-05-03 18:45:00,59106.0,59160.01,59054.0,59146.59,0,665046
2024-05-03 18:50:00,59146.59,59372.0,59146.58,59354.01,3,665047
2024-05-03 18:55:00,59354.0,59438.08,59264.21,59291.09,2,665048
2024-05-03 19:00:00,59291.1,59291.1,59120.0,59183.34,2,665049
2024-05-03 19:05:00,59183.35,59200.0,59112.23,59177.59,2,665050
2024-05-03 19:10:00,59177.6,59177.64,59088.64,59126.91,2,665051
2024-05-03 19:15:00,59126.91,59158.0,58991.99,59062.3,1,665052
2024-05-03 19:20:00,59062.31,59086.0,59049.04,59070.0,0,665053
2024-05-03 19:25:00,59070.0,59179.25,59055.54,59166.73,0,665054
2024-05-03 19:30:00,59166.72,60105.0,59112.81,60099.0,0,665055
2024-05-03 19:35:00,60099.0,60376.47,60070.95,60161.99,0,665056
2024-05-03 19:40:00,60161.99,60499.0,60144.01,60461.94,0,665057
2024-05-03 19:45:00,60461.94,60750.0,60348.63,60394.2,0,665058
2024-05-03 19:50:00,60394.19,60700.0,60335.08,60585.45,0,665059
2024-05-03 19:55:00,60585.44,60779.29,60575.0,60641.0,0,665060
2024-05-03 20:00:00,60641.0,61286.21,60523.34,61152.34,0,665061
2024-05-03 20:05:00,61152.34,61284.29,60958.14,61076.77,0,665062
2024-05-03 20:10:00,61076.76,61196.01,60952.37,61146.52,0,665063
2024-05-03 20:15:00,61146.52,61250.69,60983.98,61019.64,0,665064
2024-05-03 20:20:00,61019.63,61120.0,60988.04,61028.65,0,665065
2024-05-03 20:25:00,61028.65,61286.0,60842.83,61239.31,0,665066
2024-05-03 20:30:00,61239.31,61600.0,61156.59,61480.0,0,665067
2024-05-03 20:35:00,61480.01,61836.6,61444.52,61545.35,0,665068
2024-05-03 20:40:00,61545.35,61689.32,61451.28,61541.94,0,665069
2024-05-03 20:45:00,61541.95,61758.0,61519.27,61668.13,0,665070
2024-05-03 20:50:00,61668.12,61705.99,61482.06,61606.46,0,665071
2024-05-03 20:55:00,61606.46,61704.0,61567.55,61689.94,0,665072
2024-05-03 21:00:00,61689.95,62115.64,61660.0,61703.71,0,665073
2024-05-03 21:05:00,61703.7,61820.0,61539.99,61725.47,0,665074
2024-05-03 21:10:00,61725.47,61776.51,61507.26,61588.0,0,665075
2024-05-03 21:15:00,61588.01,61676.93,61400.0,61485.68,0,665076
2024-05-03 21:20:00,61485.69,61722.86,61347.1,61670.02,0,665077
2024-05-03 21:25:00,61670.02,61836.0,61594.3,61706.13,0,665078
2024-05-03 21:30:00,61706.14,61734.86,61526.08,61676.66,0,665079
2024-05-03 21:35:00,61676.65,61795.28,61634.84,61719.96,0,665080
2024-05-03 21:40:00,61719.97,61890.95,61707.82,61804.34,3,665081
2024-05-03 21:45:00,61804.33,61813.37,61685.21,61692.68,2,665082
2024-05-03 21:50:00,61692.68,61755.77,61626.39,61670.07,2,665083
2024-05-03 21:55:00,61670.08,61720.0,61615.64,61618.17,2,665084
2024-05-03 22:00:00,61618.16,61677.7,61500.0,61659.4,2,665085
2024-05-03 22:05:00,61659.4,61749.27,61530.09,61545.94,2,665086
2024-05-03 22:10:00,61545.93,61567.79,61449.46,61468.41,2,665087
2024-05-03 22:15:00,61468.41,61494.59,61401.01,61420.34,2,665088
2024-05-03 22:20:00,61420.33,61502.61,61420.33,61454.01,2,665089
2024-05-03 22:25:00,61454.0,61480.66,61335.69,61381.95,1,665090
2024-05-03 22:30:00,61381.96,61576.0,61342.74,61543.01,0,665091
2024-05-03 22:35:00,61543.0,61591.79,61486.0,61580.29,0,665092
2024-05-03 22:40:00,61580.29,61624.78,61518.51,61546.86,0,665093
2024-05-03 22:45:00,61546.87,61627.02,61534.0,61608.78,0,665094
2024-05-03 22:50:00,61608.77,61764.39,61608.77,61672.0,0,665095
2024-05-03 22:55:00,61672.0,61800.0,61654.0,61690.74,0,665096
2024-05-03 23:00:00,61690.74,61820.0,61690.74,61783.98,0,665097
2024-05-03 23:05:00,61783.98,61887.08,61783.98,61830.31,0,665098
2024-05-03 23:10:00,61830.31,61835.0,61758.52,61770.02,0,665099
2024-05-03 23:15:00,61770.02,61770.02,61685.53,61693.37,0,665100
2024-05-03 23:20:00,61693.38,61881.39,61693.37,61818.01,0,665101
2024-05-03 23:25:00,61818.01,62000.0,61797.94,61964.0,0,665102
2024-05-03 23:30:00,61963.99,61982.0,61840.9,61902.25,0,665103
2024-05-03 23:35:00,61902.25,62179.99,61892.3,62129.3,3,665104
2024-05-03 23:40:00,62129.3,62148.95,61801.14,61850.0,2,665105
2024-05-03 23:45:00,61850.0,61868.0,61697.95,61705.96,2,665106
2024-05-03 23:50:00,61705.96,61729.03,61538.7,61571.88,2,665107
2024-05-03 23:55:00,61571.88,61688.74,61571.87,61681.99,2,665108
2024-05-04 00:00:00,61682.0,61717.14,61545.79,61545.79,1,665109
2024-05-04 00:05:00,61545.8,61613.13,61533.2,61598.72,0,665110
2024-05-04 00:10:00,61598.72,61733.51,61598.71,61725.32,0,665111
2024-05-04 00:15:00,61725.33,61863.2,61721.14,61840.18,0,665112
2024-05-04 00:20:00,61840.18,61840.19,61752.79,61752.8,0,665113
2024-05-04 00:25:00,61752.8,61925.99,61748.0,61906.07,0,665114
2024-05-04 00:30:00,61906.08,61927.69,61806.24,61891.26,0,665115
2024-05-04 00:35:00,61891.26,61903.62,61828.63,61878.0,0,665116
2024-05-04 00:40:00,61878.01,61953.8,61825.42,61825.42,0,665117
2024-05-04 00:45:00,61825.42,61866.0,61820.0,61846.0,0,665118
2024-05-04 00:50:00,61846.0,61856.0,61756.0,61791.99,0,665119
2024-05-04 00:55:00,61792.0,61896.0,61791.99,61805.85,0,665120
2024-05-04 01:00:00,61805.84,61859.53,61796.29,61828.0,0,665121
2024-05-04 01:05:00,61827.99,61867.54,61801.53,61852.83,0,665122
2024-05-04 01:10:00,61852.84,61976.9,61852.83,61949.45,3,665123
2024-05-04 01:15:00,61949.45,61986.0,61742.83,61785.99,2,665124
2024-05-04 01:20:00,61786.0,61867.99,61760.01,61814.0,2,665125
2024-05-04 01:25:00,61814.0,61831.54,61725.0,61725.02,2,665126
2024-05-04 01:30:00,61725.02,61810.74,61695.0,61763.65,2,665127
2024-05-04 01:35:00,61763.65,61863.65,61763.65,61808.34,2,665128
2024-05-04 01:40:00,61808.34,61868.99,61776.01,61849.93,2,665129
2024-05-04 01:45:00,61849.94,61892.22,61781.55,61811.98,2,665130
2024-05-04 01:50:00,61811.99,61835.44,61786.0,61801.99,2,665131
2024-05-04 01:55:00,61801.99,61839.54,61786.0,61829.16,2,665132
2024-05-04 02:00:00,61829.15,61829.16,61673.97,61750.01,2,665133
2024-05-04 02:05:00,61750.02,61779.84,61644.95,61670.0,2,665134
2024-05-04 02:10:00,61670.0,61692.0,61605.65,61652.92,2,665135
2024-05-04 02:15:00,61652.93,61706.7,61600.0,61604.65,1,665136
2024-05-04 02:20:00,61604.64,61687.44,61597.14,61640.0,0,665137
2024-05-04 02:25:00,61640.0,61757.78,61639.99,61757.78,0,665138
2024-05-04 02:30:00,61757.78,61760.01,61720.01,61734.29,0,665139
2024-05-04 02:35:00,61734.29,61869.0,61734.29,61827.41,0,665140
2024-05-04 02:40:00,61827.41,61905.46,61817.14,61830.89,0,665141
2024-05-04 02:45:00,61830.88,61896.0,61814.97,61863.3,0,665142
2024-05-04 02:50:00,61863.3,61937.99,61833.4,61927.91,0,665143
2024-05-04 02:55:00,61927.91,62103.0,61870.0,62067.32,0,665144
2024-05-04 03:00:00,62067.32,62110.0,61974.0,62009.98,0,665145
2024-05-04 03:05:00,62009.99,62137.08,61984.2,62108.01,0,665146
2024-05-04 03:10:00,62108.02,62195.84,62100.0,62168.89,0,665147
2024-05-04 03:15:00,62168.89,62478.0,62168.88,62392.0,0,665148
2024-05-04 03:20:00,62391.99,62774.44,62391.99,62754.02,0,665149
2024-05-04 03:25:00,62754.01,62879.31,62657.44,62764.39,0,665150
2024-05-04 03:30:00,62764.38,62828.77,62711.57,62761.12,0,665151
2024-05-04 03:35:00,62761.12,62979.99,62758.09,62878.91,0,665152
2024-05-04 03:40:00,62878.91,62944.0,62825.24,62940.01,0,665153
2024-05-04 03:45:00,62940.01,63154.0,62926.0,63151.0,3,665154
2024-05-04 03:50:00,63151.01,63202.97,62780.7,62818.15,2,665155
2024-05-04 03:55:00,62818.15,62900.0,62750.01,62900.0,2,665156
2024-05-04 04:00:00,62899.99,62950.0,62816.04,62826.53,2,665157
2024-05-04 04:05:00,62826.52,62883.1,62814.0,62860.41,2,665158
2024-05-04 04:10:00,62860.4,62860.41,62711.58,62776.09,2,665159
2024-05-04 04:15:00,62776.1,62776.1,62620.0,62620.01,2,665160
2024-05-04 04:20:00,62620.01,62735.3,62592.46,62650.51,2,665161
2024-05-04 04:25:00,62650.51,62650.51,62510.0,62515.99,2,665162
2024-05-04 04:30:00,62515.99,62522.0,62421.17,62427.86,1,665163
2024-05-04 04:35:00,62427.87,62649.46,62361.96,62481.63,0,665164
2024-05-04 04:40:00,62481.62,62586.04,62454.31,62554.55,0,665165
2024-05-04 04:45:00,62554.56,62625.45,62554.55,62617.0,0,665166
2024-05-04 04:50:00,62617.0,62617.01,62513.17,62557.25,0,665167
2024-05-04 04:55:00,62557.24,62823.85,62444.95,62738.0,0,665168
2024-05-04 05:00:00,62738.0,62859.99,62664.0,62757.37,0,665169
2024-05-04 05:05:00,62757.36,62820.0,62708.01,62738.01,0,665170
2024-05-04 05:10:00,62738.02,62746.26,62637.76,62729.99,0,665171
2024-05-04 05:15:00,62730.0,62798.01,62694.0,62776.52,0,665172
2024-05-04 05:20:00,62776.52,62799.32,62728.3,62781.12,0,665173
2024-05-04 05:25:00,62781.12,62973.0,62781.11,62946.57,0,665174
2024-05-04 05:30:00,62946.57,63005.47,62927.45,62984.0,0,665175
2024-05-04 05:35:00,62984.01,63003.49,62906.0,62906.0,0,665176
2024-05-04 05:40:00,62906.01,62927.64,62888.0,62888.01,0,665177
2024-05-04 05:45:00,62888.0,62982.97,62861.18,62887.38,0,665178
2024-05-04 05:50:00,62887.39,62913.59,62784.8,62801.35,0,665179
2024-05-04 05:55:00,62801.36,62842.28,62768.0,62782.43,0,665180
2024-05-04 06:00:00,62782.42,62865.99,62769.86,62828.76,0,665181
2024-05-04 06:05:00,62828.76,62948.78,62828.76,62909.99,0,665182
2024-05-04 06:10:00,62909.99,62959.49,62909.99,62959.48,0,665183
2024-05-04 06:15:00,62959.49,63100.0,62936.58,63001.01,0,665184
2024-05-04 06:20:00,63001.0,63100.0,62956.9,63008.13,0,665185
2024-05-04 06:25:00,63008.12,63133.4,62969.26,63111.98,0,665186
2024-05-04 06:30:00,63111.97,63333.0,63111.97,63154.05,3,665187
2024-05-04 06:35:00,63154.05,63162.0,62958.85,62990.83,2,665188
2024-05-04 06:40:00,62990.83,63018.34,62914.0,62968.57,2,665189
2024-05-04 06:45:00,62968.56,63000.0,62833.83,62833.84,2,665190
2024-05-04 06:50:00,62833.83,62862.0,62799.31,62810.66,2,665191
2024-05-04 06:55:00,62810.66,62887.97,62804.12,62882.01,2,665192
2024-05-04 07:00:00,62882.01,62911.45,62808.04,62845.99,2,665193
2024-05-04 07:05:00,62846.0,62909.99,62837.36,62837.37,2,665194
2024-05-04 07:10:00,62837.36,62917.36,62796.22,62917.36,2,665195
2024-05-04 07:15:00,62917.35,62957.74,62858.21,62893.36,2,665196
2024-05-04 07:20:00,62893.36,62901.99,62798.97,62799.77,1,665197
2024-05-04 07:25:00,62799.76,62849.34,62765.41,62802.0,0,665198
2024-05-04 07:30:00,62802.01,62858.22,62797.53,62836.01,0,665199
2024-05-04 07:35:00,62836.0,62930.72,62806.76,62928.0,0,665200
2024-05-04 07:40:00,62928.01,63010.13,62912.52,62947.24,0,665201
2024-05-04 07:45:00,62947.25,63091.76,62947.24,63079.41,0,665202
2024-05-04 07:50:00,63079.42,63171.16,63069.27,63072.01,0,665203
2024-05-04 07:55:00,63072.02,63125.57,63045.76,63083.99,0,665204
2024-05-04 08:00:00,63083.99,63084.0,62873.05,62894.0,0,665205
2024-05-04 08:05:00,62894.0,62894.0,62831.37,62856.0,0,665206
2024-05-04 08:10:00,62855.99,62885.92,62839.8,62846.11,0,665207
2024-05-04 08:15:00,62846.1,62931.98,62813.78,62931.97,0,665208
2024-05-04 08:20:00,62931.97,63159.0,62931.97,63106.0,0,665209
2024-05-04 08:25:00,63106.01,63595.14,63097.27,63566.01,3,665210
2024-05-04 08:30:00,63566.0,63574.0,63064.39,63088.0,2,665211
2024-05-04 08:35:00,63088.01,63231.93,63088.0,63173.99,2,665212
2024-05-04 08:40:00,63173.98,63173.99,62976.02,62990.96,2,665213
2024-05-04 08:45:00,62990.96,62997.99,62898.13,62932.03,2,665214
2024-05-04 08:50:00,62932.04,62932.04,62797.18,62834.0,2,665215
2024-05-04 08:55:00,62834.0,62928.0,62831.27,62856.03,2,665216
2024-05-04 09:00:00,62856.03,62900.0,62738.04,62738.05,2,665217
2024-05-04 09:05:00,62738.04,62771.5,62544.8,62710.96,2,665218
2024-05-04 09:10:00,62710.96,62714.28,62642.0,62677.76,2,665219
2024-05-04 09:15:00,62677.76,62777.24,62674.0,62773.05,2,665220
2024-05-04 09:20:00,62773.06,62867.2,62773.05,62794.19,2,665221
2024-05-04 09:25:00,62794.2,62800.0,62700.0,62713.99,2,665222
2024-05-04 09:30:00,62713.99,62776.2,62652.05,62652.05,2,665223
2024-05-04 09:35:00,62652.05,62655.18,62541.03,62642.72,1,665224
2024-05-04 09:40:00,62642.72,62703.56,62642.71,62660.0,0,665225
2024-05-04 09:45:00,62659.99,62712.57,62631.99,62690.0,0,665226
2024-05-04 09:50:00,62690.0,62743.99,62658.0,62658.01,0,665227
2024-05-04 09:55:00,62658.01,62704.82,62654.0,62699.07,0,665228
2024-05-04 10:00:00,62699.07,62712.58,62682.86,62700.85,0,665229
2024-05-04 10:05:00,62700.84,62818.4,62682.86,62778.05,0,665230
2024-05-04 10:10:00,62778.05,62778.06,62719.14,62722.81,0,665231
2024-05-04 10:15:00,62722.81,62749.93,62722.8,62749.93,0,665232
2024-05-04 10:20:00,62749.93,62842.28,62745.98,62793.75,0,665233
2024-05-04 10:25:00,62793.76,62884.62,62793.75,62834.0,0,665234
2024-05-04 10:30:00,62834.0,62834.01,62743.19,62743.21,0,665235
2024-05-04 10:35:00,62743.21,62745.62,62662.0,62719.14,0,665236
2024-05-04 10:40:00,62719.14,62757.81,62671.98,62728.0,0,665237
2024-05-04 10:45:00,62727.99,62728.0,62673.45,62673.45,0,665238
2024-05-04 10:50:00,62673.45,62746.0,62671.98,62677.01,0,665239
2024-05-04 10:55:00,62677.01,62738.0,62662.84,62724.0,0,665240
2024-05-04 11:00:00,62724.0,62837.79,62686.0,62815.99,0,665241
2024-05-04 11:05:00,62815.99,62860.0,62731.32,62749.27,0,665242
2024-05-04 11:10:00,62749.27,62774.34,62720.01,62748.0,0,665243
2024-05-04 11:15:00,62748.0,62795.0,62719.14,62723.64,0,665244
2024-05-04 11:20:00,62723.63,62733.06,62688.35,62696.01,0,665245
2024-05-04 11:25:00,62696.01,62738.0,62696.0,62731.99,0,665246
2024-05-04 11:30:00,62731.99,62801.69,62702.06,62801.68,0,665247
2024-05-04 11:35:00,62801.68,62801.69,62732.0,62792.81,0,665248
2024-05-04 11:40:00,62792.8,62872.67,62784.0,62856.0,0,665249
2024-05-04 11:45:00,62856.01,63188.0,62835.0,62980.02,0,665250
2024-05-04 11:50:00,62980.02,63032.95,62903.84,62997.98,0,665251
2024-05-04 11:55:00,62997.98,63149.34,62980.96,63057.99,0,665252
2024-05-04 12:00:00,63057.99,63098.65,62976.02,62992.24,0,665253
2024-05-04 12:05:00,62992.25,63044.5,62956.0,63044.5,0,665254
2024-05-04 12:10:00,63044.5,63254.6,63040.72,63172.0,0,665255
2024-05-04 12:15:00,63171.99,63180.89,63051.31,63052.0,0,665256
2024-05-04 12:20:00,63052.0,63101.54,62990.49,63019.11,0,665257
2024-05-04 12:25:00,63019.12,63084.23,63019.11,63056.0,0,665258
2024-05-04 12:30:00,63056.0,63127.72,63056.0,63125.4,0,665259
2024-05-04 12:35:00,63125.4,63180.89,63110.0,63149.86,0,665260
2024-05-04 12:40:00,63149.85,63275.0,63149.85,63264.0,0,665261
2024-05-04 12:45:00,63264.01,63294.0,63124.54,63145.66,0,665262
2024-05-04 12:50:00,63145.66,63277.65,63145.66,63241.09,0,665263
2024-05-04 12:55:00,63241.1,63450.0,63238.0,63384.01,3,665264
2024-05-04 13:00:00,63384.01,63390.06,63257.34,63257.35,2,665265
2024-05-04 13:05:00,63257.34,63274.07,63119.32,63129.94,2,665266
2024-05-04 13:10:00,63129.93,63150.0,63100.0,63131.95,2,665267
2024-05-04 13:15:00,63131.95,63180.89,63089.21,63164.53,2,665268
2024-05-04 13:20:00,63164.53,63220.84,63150.1,63181.36,2,665269
2024-05-04 13:25:00,63181.36,63235.68,63166.99,63189.46,2,665270
2024-05-04 13:30:00,63189.46,63208.77,63067.96,63108.23,2,665271
2024-05-04 13:35:00,63108.24,63138.11,63030.88,63030.88,2,665272
2024-05-04 13:40:00,63030.89,63030.89,62965.4,63016.12,2,665273
2024-05-04 13:45:00,63016.12,63049.72,63000.0,63049.71,2,665274
2024-05-04 13:50:00,63049.72,63071.03,62973.48,62978.08,2,665275
2024-05-04 13:55:00,62978.09,63009.86,62905.65,62966.93,2,665276
2024-05-04 14:00:00,62966.92,63010.0,62950.0,62971.78,2,665277
2024-05-04 14:05:00,62971.78,63006.75,62900.01,62922.02,2,665278
2024-05-04 14:10:00,62922.02,62934.63,62851.96,62900.63,1,665279
2024-05-04 14:15:00,62900.63,62985.78,62873.67,62974.16,0,665280
2024-05-04 14:20:00,62974.16,62981.52,62920.19,62931.09,0,665281
2024-05-04 14:25:00,62931.08,63048.97,62931.08,63040.72,0,665282
2024-05-04 14:30:00,63040.72,63100.0,62990.0,63042.12,0,665283
2024-05-04 14:35:00,63042.12,63132.57,63014.49,63080.9,0,665284
2024-05-04 14:40:00,63080.89,63091.82,63037.67,63064.5,0,665285
2024-05-04 14:45:00,63064.5,63064.5,63010.0,63015.25,0,665286
2024-05-04 14:50:00,63015.25,63015.25,62944.56,62957.88,0,665287
2024-05-04 14:55:00,62957.89,62996.19,62941.34,62959.03,0,665288
2024-05-04 15:00:00,62959.03,63000.0,62934.62,63000.0,0,665289
2024-05-04 15:05:00,62999.99,63057.76,62996.18,63040.19,0,665290
2024-05-04 15:10:00,63040.19,63053.0,63008.0,63045.05,0,665291
2024-05-04 15:15:00,63045.05,63122.69,63045.04,63100.0,0,665292
2024-05-04 15:20:00,63100.01,63100.01,62943.3,62984.98,0,665293
2024-05-04 15:25:00,62984.98,62991.5,62924.37,62983.02,0,665294
2024-05-04 15:30:00,62983.03,63016.1,62983.02,63007.87,0,665295
2024-05-04 15:35:00,63007.87,63054.75,63003.14,63054.74,0,665296
2024-05-04 15:40:00,63054.75,63164.02,63034.16,63145.24,0,665297
2024-05-04 15:45:00,63145.23,63226.43,63098.99,63213.76,0,665298
2024-05-04 15:50:00,63213.76,63213.76,63124.45,63128.47,0,665299
2024-05-04 15:55:00,63128.46,63177.36,63116.39,63160.95,0,665300
2024-05-04 16:00:00,63160.95,63261.31,63160.0,63220.32,0,665301
2024-05-04 16:05:00,63220.31,63277.86,63150.1,63252.05,0,665302
2024-05-04 16:10:00,63252.05,63268.59,63200.0,63257.05,0,665303
2024-05-04 16:15:00,63257.06,63289.14,63185.52,63223.58,0,665304
2024-05-04 16:20:00,63223.57,63300.0,63223.57,63269.33,0,665305
2024-05-04 16:25:00,63269.34,63269.34,63237.32,63260.37,0,665306
2024-05-04 16:30:00,63260.37,63260.38,63156.74,63176.22,0,665307
2024-05-04 16:35:00,63176.21,63182.58,63129.04,63164.48,0,665308
2024-05-04 16:40:00,63164.48,63164.48,63058.0,63058.0,0,665309
2024-05-04 16:45:00,63058.01,63135.09,63055.55,63098.96,0,665310
2024-05-04 16:50:00,63098.96,63141.14,63098.96,63141.13,0,665311
2024-05-04 16:55:00,63141.13,63179.81,63137.86,63179.8,0,665312
2024-05-04 17:00:00,63179.8,63179.81,63110.66,63133.37,0,665313
2024-05-04 17:05:00,63133.37,63219.61,63133.37,63182.19,0,665314
2024-05-04 17:10:00,63182.19,63196.0,63181.06,63183.8,0,665315
2024-05-04 17:15:00,63183.8,63183.8,63142.46,63154.99,0,665316
2024-05-04 17:20:00,63154.98,63163.7,63154.98,63163.69,0,665317
2024-05-04 17:25:00,63163.69,63377.0,63163.69,63342.48,0,665318
2024-05-04 17:30:00,63342.49,63469.92,63342.48,63381.03,0,665319
2024-05-04 17:35:00,63381.03,63500.0,63377.21,63463.11,0,665320
2024-05-04 17:40:00,63463.12,63854.16,63415.46,63823.26,0,665321
2024-05-04 17:45:00,63823.26,63978.0,63691.42,63906.26,0,665322
2024-05-04 17:50:00,63906.26,64149.0,63873.9,64055.22,0,665323
2024-05-04 17:55:00,64055.22,64497.99,64000.92,64420.91,3,665324
2024-05-04 18:00:00,64420.9,64540.0,64237.35,64350.63,2,665325
2024-05-04 18:05:00,64350.64,64442.65,64227.5,64276.11,2,665326
2024-05-04 18:10:00,64276.12,64380.51,64181.81,64185.24,2,665327
2024-05-04 18:15:00,64185.25,64230.0,64104.37,64192.23,2,665328
2024-05-04 18:20:00,64192.23,64372.86,64169.03,64326.88,2,665329
2024-05-04 18:25:00,64326.87,64345.86,64280.86,64280.87,2,665330
2024-05-04 18:30:00,64280.88,64320.01,64158.43,64160.21,2,665331
2024-05-04 18:35:00,64160.2,64166.29,64046.15,64134.19,2,665332
2024-05-04 18:40:00,64134.18,64175.04,64080.31,64135.17,2,665333
2024-05-04 18:45:00,64135.17,64174.24,64055.1,64062.25,2,665334
2024-05-04 18:50:00,64062.25,64088.27,63658.79,63790.7,1,665335
2024-05-04 18:55:00,63790.71,63887.45,63748.4,63873.31,0,665336
2024-05-04 19:00:00,63873.3,63880.68,63758.51,63835.71,0,665337
2024-05-04 19:05:00,63835.7,64016.2,63815.0,63946.01,0,665338
2024-05-04 19:10:00,63946.01,64027.77,63796.54,63892.73,0,665339
2024-05-04 19:15:00,63892.73,63930.33,63874.72,63891.54,0,665340
2024-05-04 19:20:00,63891.54,63928.39,63829.06,63925.0,0,665341
2024-05-04 19:25:00,63925.0,63970.57,63924.9,63944.04,0,665342
2024-05-04 19:30:00,63944.05,63944.05,63849.42,63857.37,0,665343
2024-05-04 19:35:00,63857.37,63880.7,63792.41,63845.55,0,665344
2024-05-04 19:40:00,63845.55,63924.89,63845.54,63921.79,0,665345
2024-05-04 19:45:00,63921.79,63921.8,63850.0,63850.01,0,665346
2024-05-04 19:50:00,63850.0,63925.01,63827.33,63904.02,0,665347
2024-05-04 19:55:00,63904.03,64098.63,63858.96,64066.35,0,665348
2024-05-04 20:00:00,64066.34,64158.19,64036.57,64080.55,3,665349
2024-05-04 20:05:00,64080.54,64080.55,63929.55,63973.53,2,665350
2024-05-04 20:10:00,63973.54,63981.25,63907.46,63924.1,2,665351
2024-05-04 20:15:00,63924.1,63924.11,63743.58,63815.68,2,665352
2024-05-04 20:20:00,63815.68,63896.4,63803.33,63814.22,2,665353
2024-05-04 20:25:00,63814.23,63853.02,63726.51,63746.9,2,665354
2024-05-04 20:30:00,63746.9,63758.0,63511.92,63636.45,2,665355
2024-05-04 20:35:00,63636.46,63636.46,63434.53,63493.57,1,665356
2024-05-04 20:40:00,63493.56,63584.33,63490.6,63578.8,0,665357
2024-05-04 20:45:00,63578.79,63690.0,63549.6,63666.74,0,665358
2024-05-04 20:50:00,63666.75,63691.37,63611.84,63618.07,0,665359
2024-05-04 20:55:00,63618.08,63765.77,63618.07,63730.01,0,665360
2024-05-04 21:00:00,63730.0,63761.97,63639.43,63689.99,0,665361
2024-05-04 21:05:00,63689.99,63690.0,63626.54,63654.59,0,665362
2024-05-04 21:10:00,63654.6,63662.23,63620.0,63620.5,0,665363
2024-05-04 21:15:00,63620.5,63694.59,63550.28,63672.91,0,665364
2024-05-04 21:20:00,63672.91,63739.0,63672.91,63686.99,0,665365
2024-05-04 21:25:00,63686.99,63726.89,63686.99,63726.65,0,665366
2024-05-04 21:30:00,63726.64,63790.57,63704.71,63748.78,0,665367
2024-05-04 21:35:00,63748.79,63796.55,63739.63,63787.1,0,665368
2024-05-04 21:40:00,63787.1,63795.03,63720.05,63740.09,0,665369
2024-05-04 21:45:00,63740.09,63956.0,63685.48,63885.83,3,665370
2024-05-04 21:50:00,63885.82,63899.62,63774.31,63807.92,2,665371
2024-05-04 21:55:00,63807.92,63880.51,63807.91,63819.09,2,665372
2024-05-04 22:00:00,63819.08,63846.0,63732.03,63748.13,2,665373
2024-05-04 22:05:00,63748.13,63748.13,63690.48,63725.32,2,665374
2024-05-04 22:10:00,63725.31,63741.91,63611.84,63629.34,2,665375
2024-05-04 22:15:00,63629.35,63661.74,63581.06,63661.74,2,665376
2024-05-04 22:20:00,63661.74,63682.99,63648.68,63678.25,2,665377
2024-05-04 22:25:00,63678.25,63686.4,63612.94,63613.29,2,665378
2024-05-04 22:30:00,63613.3,63638.38,63439.56,63440.0,1,665379
2024-05-04 22:35:00,63440.0,63557.79,63439.99,63523.65,0,665380
2024-05-04 22:40:00,63523.65,63578.4,63506.79,63570.86,0,665381
2024-05-04 22:45:00,63570.87,63593.72,63507.96,63593.72,0,665382
2024-05-04 22:50:00,63593.72,63633.0,63589.92,63589.93,0,665383
2024-05-04 22:55:00,63589.93,63635.42,63581.06,63609.17,0,665384
2024-05-04 23:00:00,63609.17,63650.0,63526.92,63538.13,0,665385
2024-05-04 23:05:00,63538.13,63538.14,63386.01,63506.63,0,665386
2024-05-04 23:10:00,63506.62,63536.7,63437.89,63505.97,0,665387
2024-05-04 23:15:00,63505.96,63600.0,63503.69,63581.06,0,665388
2024-05-04 23:20:00,63581.05,63609.69,63521.01,63536.73,0,665389
2024-05-04 23:25:00,63536.74,63540.26,63455.73,63531.91,0,665390
2024-05-04 23:30:00,63531.91,63650.0,63523.77,63569.35,0,665391
2024-05-04 23:35:00,63569.35,63696.01,63450.0,63683.84,0,665392
2024-05-04 23:40:00,63683.84,63731.86,63600.01,63640.01,0,665393
2024-05-04 23:45:00,63640.0,63720.0,63640.0,63720.0,3,665394
2024-05-04 23:50:00,63720.0,63720.0,63653.01,63655.6,2,665395
2024-05-04 23:55:00,63655.6,63685.38,63613.2,63683.01,2,665396
2024-05-05 00:00:00,63683.02,63696.67,63620.44,63677.01,2,665397
2024-05-05 00:05:00,63677.02,63692.4,63605.46,63605.48,2,665398
2024-05-05 00:10:00,63605.47,63774.6,63501.21,63659.99,2,665399
2024-05-05 00:15:00,63660.0,63660.0,63533.7,63546.75,2,665400
2024-05-05 00:20:00,63546.76,63617.41,63476.74,63476.74,2,665401
2024-05-05 00:25:00,63476.75,63572.34,63333.33,63492.91,2,665402
2024-05-05 00:30:00,63492.92,63568.24,63455.41,63554.89,2,665403
2024-05-05 00:35:00,63554.89,63554.89,63479.63,63541.13,2,665404
2024-05-05 00:40:00,63541.13,63583.58,63525.28,63525.28,2,665405
2024-05-05 00:45:00,63525.28,63575.42,63484.92,63533.42,2,665406
2024-05-05 00:50:00,63533.41,63550.54,63300.58,63427.15,2,665407
2024-05-05 00:55:00,63427.15,63488.72,63420.46,63463.3,2,665408
2024-05-05 01:00:00,63463.3,63465.52,63388.12,63460.04,2,665409
2024-05-05 01:05:00,63460.05,63481.29,63418.0,63423.67,1,665410
2024-05-05 01:10:00,63423.66,63482.33,63423.66,63479.89,0,665411
2024-05-05 01:15:00,63479.9,63550.29,63445.64,63538.26,0,665412
2024-05-05 01:20:00,63538.27,63586.08,63538.26,63579.96,0,665413
2024-05-05 01:25:00,63579.96,63579.97,63554.53,63563.8,0,665414
2024-05-05 01:30:00,63563.8,63660.03,63563.79,63637.71,0,665415
2024-05-05 01:35:00,63637.7,63698.84,63621.4,63655.83,0,665416
2024-05-05 01:40:00,63655.83,63744.69,63655.82,63744.69,0,665417
2024-05-05 01:45:00,63744.68,63744.69,63653.1,63672.09,0,665418
2024-05-05 01:50:00,63672.08,63673.42,63637.34,63669.14,0,665419
2024-05-05 01:55:00,63669.14,63678.72,63626.54,63643.63,0,665420
2024-05-05 02:00:00,63643.63,63682.06,63589.43,63632.99,0,665421
2024-05-05 02:05:00,63633.0,63638.79,63606.38,63613.55,0,665422
2024-05-05 02:10:00,63613.55,63614.98,63581.06,63581.06,0,665423
2024-05-05 02:15:00,63581.07,63634.01,63540.41,63611.6,0,665424
2024-05-05 02:20:00,63611.6,63631.58,63596.22,63631.58,0,665425
2024-05-05 02:25:00,63631.58,63673.42,63621.35,63631.9,0,665426
2024-05-05 02:30:00,63631.9,63662.21,63606.63,63651.48,0,665427
2024-05-05 02:35:00,63651.47,63671.66,63628.85,63632.92,0,665428
2024-05-05 02:40:00,63632.92,63687.96,63618.91,63687.95,0,665429
2024-05-05 02:45:00,63687.95,63777.12,63680.08,63757.47,0,665430
2024-05-05 02:50:00,63757.47,64019.83,63757.46,64013.34,0,665431
2024-05-05 02:55:00,64013.33,64015.81,63921.17,63921.18,0,665432
2024-05-05 03:00:00,63921.17,64062.25,63921.17,64009.03,0,665433
2024-05-05 03:05:00,64009.04,64166.66,64000.0,64140.25,3,665434
2024-05-05 03:10:00,64140.25,64240.76,64111.79,64126.21,2,665435
2024-05-05 03:15:00,64126.21,64131.61,64012.03,64058.14,2,665436
2024-05-05 03:20:00,64058.13,64092.34,64019.19,64050.01,2,665437
2024-05-05 03:25:00,64050.01,64063.83,64036.55,64040.28,2,665438
2024-05-05 03:30:00,64040.28,64040.29,63953.77,63972.44,2,665439
2024-05-05 03:35:00,63972.43,63981.75,63853.74,63877.12,2,665440
2024-05-05 03:40:00,63877.11,63959.04,63858.11,63920.66,2,665441
2024-05-05 03:45:00,63920.65,63967.75,63899.61,63899.62,2,665442
2024-05-05 03:50:00,63899.62,63899.62,63858.11,63876.37,2,665443
2024-05-05 03:55:00,63876.37,63915.29,63867.73,63867.73,1,665444
2024-05-05 04:00:00,63867.74,63905.04,63844.05,63878.58,0,665445
2024-05-05 04:05:00,63878.58,63967.79,63843.88,63957.71,0,665446
2024-05-05 04:10:00,63957.72,64020.39,63947.75,63989.94,0,665447
2024-05-05 04:15:00,63989.95,64073.14,63979.62,64073.14,0,665448
2024-05-05 04:20:00,64073.13,64073.14,64022.0,64054.25,0,665449
2024-05-05 04:25:00,64054.26,64112.51,64028.25,64028.26,0,665450
2024-05-05 04:30:00,64028.26,64039.63,63550.0,63550.01,0,665451
2024-05-05 04:35:00,63550.01,63713.84,63550.0,63642.63,0,665452
2024-05-05 04:40:00,63642.63,63739.19,63590.99,63704.19,0,665453
2024-05-05 04:45:00,63704.19,63736.4,63704.19,63735.97,0,665454
2024-05-05 04:50:00,63735.98,63983.76,63735.97,63859.21,0,665455
2024-05-05 04:55:00,63859.2,63931.02,63844.88,63903.91,3,665456
2024-05-05 05:00:00,63903.91,63945.92,63755.31,63796.54,2,665457
2024-05-05 05:05:00,63796.54,63822.0,63735.97,63740.0,2,665458
2024-05-05 05:10:00,63739.99,63781.46,63689.38,63740.26,2,665459
2024-05-05 05:15:00,63740.25,63754.0,63662.8,63685.99,2,665460
2024-05-05 05:20:00,63686.0,63751.11,63685.99,63745.99,2,665461
2024-05-05 05:25:00,63746.0,63765.77,63728.0,63728.02,2,665462
2024-05-05 05:30:00,63728.02,63807.18,63728.01,63787.63,2,665463
2024-05-05 05:35:00,63787.64,63787.64,63725.23,63729.99,2,665464
2024-05-05 05:40:00,63730.0,63730.0,63679.05,63711.23,2,665465
2024-05-05 05:45:00,63711.22,63718.0,63661.7,63661.71,2,665466
2024-05-05 05:50:00,63661.7,63720.7,63569.99,63580.0,1,665467
2024-05-05 05:55:00,63579.99,63633.5,63576.75,63613.92,0,665468
2024-05-05 06:00:00,63613.92,63703.47,63606.62,63702.01,0,665469
2024-05-05 06:05:00,63702.01,63764.41,63692.94,63754.0,0,665470
2024-05-05 06:10:00,63754.01,63807.26,63733.29,63805.32,0,665471
2024-05-05 06:15:00,63805.31,63917.27,63801.0,63898.43,0,665472
2024-05-05 06:20:00,63898.42,63926.17,63860.0,63923.97,0,665473
2024-05-05 06:25:00,63923.97,63927.72,63876.0,63907.83,0,665474
2024-05-05 06:30:00,63907.84,63930.0,63858.11,63875.99,0,665475
2024-05-05 06:35:00,63875.99,63924.15,63868.08,63898.44,0,665476
2024-05-05 06:40:00,63898.44,63932.61,63858.21,63862.63,0,665477
2024-05-05 06:45:00,63862.62,63875.97,63819.94,63854.18,0,665478
2024-05-05 06:50:00,63854.17,63880.0,63796.54,63879.99,0,665479
2024-05-05 06:55:00,63879.99,63896.76,63868.37,63892.04,0,665480
2024-05-05 07:00:00,63892.03,64066.0,63892.03,63974.57,0,665481
2024-05-05 07:05:00,63974.57,64011.76,63933.05,63992.79,0,665482
2024-05-05 07:10:00,63992.78,64029.08,63992.78,64025.55,3,665483
2024-05-05 07:15:00,64025.56,64038.36,63946.05,64019.13,2,665484
2024-05-05 07:20:00,64019.12,64020.54,63970.0,63970.01,2,665485
2024-05-05 07:25:00,63970.0,64188.0,63911.08,63914.33,2,665486
2024-05-05 07:30:00,63914.33,63924.78,63733.4,63745.91,2,665487
2024-05-05 07:35:00,63745.92,63796.55,63619.89,63741.09,2,665488
2024-05-05 07:40:00,63741.08,63741.09,63446.04,63468.01,2,665489
2024-05-05 07:45:00,63468.0,63541.48,63468.0,63534.71,2,665490
2024-05-05 07:50:00,63534.7,63534.72,63418.53,63442.16,2,665491
2024-05-05 07:55:00,63442.16,63514.0,63442.15,63509.52,2,665492
2024-05-05 08:00:00,63509.52,63536.07,63466.03,63534.74,2,665493
2024-05-05 08:05:00,63534.74,63580.0,63531.98,63579.99,2,665494
2024-05-05 08:10:00,63579.99,63580.0,63303.36,63361.34,2,665495
2024-05-05 08:15:00,63361.34,63392.24,63104.49,63352.01,2,665496
2024-05-05 08:20:00,63352.01,63364.0,63197.84,63303.99,2,665497
2024-05-05 08:25:00,63304.0,63318.87,63145.54,63262.12,2,665498
2024-05-05 08:30:00,63262.12,63325.06,63060.72,63071.99,2,665499
2024-05-05 08:35:00,63071.99,63119.33,62822.17,63018.59,1,665500
2024-05-05 08:40:00,63018.59,63078.64,62937.06,63049.99,0,665501
2024-05-05 08:45:00,63049.99,63227.59,63009.0,63199.18,0,665502
2024-05-05 08:50:00,63199.19,63262.12,63175.5,63262.0,0,665503
2024-05-05 08:55:00,63262.0,63330.8,63258.0,63315.47,0,665504
2024-05-05 09:00:00,63315.47,63391.5,63278.0,63358.01,0,665505
2024-05-05 09:05:00,63358.01,63358.01,63237.69,63237.7,0,665506
2024-05-05 09:10:00,63237.7,63379.87,63211.66,63321.97,0,665507
2024-05-05 09:15:00,63321.98,63343.75,63290.0,63298.01,0,665508
2024-05-05 09:20:00,63298.0,63409.33,63298.0,63385.94,3,665509
2024-05-05 09:25:00,63385.94,63423.13,63359.24,63359.24,2,665510
2024-05-05 09:30:00,63359.25,63432.4,63316.14,63316.14,2,665511
2024-05-05 09:35:00,63316.15,63350.0,63299.92,63336.75,2,665512
2024-05-05 09:40:00,63336.75,63356.85,63316.0,63316.01,2,665513
2024-05-05 09:45:00,63316.0,63365.58,63269.96,63269.96,2,665514
2024-05-05 09:50:00,63269.96,63280.0,63141.97,63190.0,2,665515
2024-05-05 09:55:00,63190.01,63216.0,63140.0,63141.71,2,665516
2024-05-05 10:00:00,63141.7,63271.81,63141.7,63253.99,2,665517
2024-05-05 10:05:00,63253.99,63254.0,63194.87,63194.87,2,665518
2024-05-05 10:10:00,63194.88,63242.46,63140.0,63232.0,2,665519
2024-05-05 10:15:00,63232.0,63257.2,63190.0,63205.78,2,665520
2024-05-05 10:20:00,63205.79,63221.68,63174.0,63219.15,2,665521
2024-05-05 10:25:00,63219.15,63219.16,63043.47,63068.6,2,665522
2024-05-05 10:30:00,63068.59,63068.6,63001.0,63038.2,1,665523
2024-05-05 10:35:00,63038.2,63150.11,63031.02,63058.0,0,665524
2024-05-05 10:40:00,63058.0,63150.11,63032.0,63113.68,0,665525
2024-05-05 10:45:00,63113.68,63225.97,63110.44,63168.0,0,665526
2024-05-05 10:50:00,63168.0,63216.0,63166.0,63188.5,0,665527
2024-05-05 10:55:00,63188.51,63247.99,63176.0,63235.93,0,665528
2024-05-05 11:00:00,63235.93,63354.98,63234.24,63302.0,0,665529
2024-05-05 11:05:00,63302.0,63325.34,63268.97,63276.06,0,665530
2024-05-05 11:10:00,63276.07,63327.48,63270.0,63289.5,0,665531
2024-05-05 11:15:00,63289.5,63334.86,63289.5,63324.01,0,665532
2024-05-05 11:20:00,63324.02,63405.87,63312.2,63402.01,0,665533
2024-05-05 11:25:00,63402.01,63414.1,63382.0,63404.01,0,665534
2024-05-05 11:30:00,63404.01,63426.01,63332.0,63372.0,0,665535
2024-05-05 11:35:00,63372.0,63380.53,63348.16,63366.06,0,665536
2024-05-05 11:40:00,63366.05,63366.06,63321.97,63358.0,0,665537
2024-05-05 11:45:00,63358.01,63358.01,63284.68,63312.01,0,665538
2024-05-05 11:50:00,63312.02,63371.33,63312.01,63359.99,0,665539
2024-05-05 11:55:00,63360.0,63370.0,63329.25,63345.2,0,665540
2024-05-05 12:00:00,63345.19,63388.84,63345.19,63379.65,0,665541
2024-05-05 12:05:00,63379.65,63470.0,63363.42,63457.98,0,665542
2024-05-05 12:10:00,63457.98,63493.55,63432.0,63460.55,3,665543
2024-05-05 12:15:00,63460.55,63460.55,63396.32,63414.01,2,665544
2024-05-05 12:20:00,63414.01,63414.01,63293.28,63336.01,2,665545
2024-05-05 12:25:00,63336.0,63365.59,63336.0,63357.5,2,665546
2024-05-05 12:30:00,63357.5,63378.0,63316.07,63327.99,2,665547
2024-05-05 12:35:00,63328.0,63328.0,63225.6,63241.46,2,665548
2024-05-05 12:40:00,63241.46,63342.75,63241.45,63316.0,2,665549
2024-05-05 12:45:00,63316.01,63328.32,63280.98,63282.0,2,665550
2024-05-05 12:50:00,63282.0,63320.0,63119.32,63155.09,1,665551
2024-05-05 12:55:00,63155.1,63211.67,63152.85,63211.67,0,665552
2024-05-05 13:00:00,63211.66,63232.6,63179.99,63180.0,0,665553
2024-05-05 13:05:00,63179.99,63287.23,63162.0,63262.12,0,665554
2024-05-05 13:10:00,63262.13,63329.12,63240.0,63329.11,0,665555
2024-05-05 13:15:00,63329.11,63408.13,63329.11,63390.01,0,665556
2024-05-05 13:20:00,63390.01,63440.59,63374.0,63409.3,0,665557
2024-05-05 13:25:00,63409.3,63422.84,63374.04,63374.04,0,665558
2024-05-05 13:30:00,63374.04,63414.0,63358.43,63362.17,0,665559
2024-05-05 13:35:00,63362.16,63430.0,63362.16,63430.0,0,665560
2024-05-05 13:40:00,63429.99,63457.51,63409.54,63444.21,0,665561
2024-05-05 13:45:00,63444.2,63444.21,63360.86,63384.46,0,665562
2024-05-05 13:50:00,63384.46,63390.0,63360.0,63379.56,0,665563
2024-05-05 13:55:00,63379.56,63386.0,63365.44,63382.84,0,665564
2024-05-05 14:00:00,63382.83,63410.54,63362.0,63372.73,0,665565
2024-05-05 14:05:00,63372.74,63466.0,63363.52,63466.0,0,665566
2024-05-05 14:10:00,63465.99,63545.72,63463.64,63491.26,0,665567
2024-05-05 14:15:00,63491.26,63722.62,63491.25,63686.71,0,665568
2024-05-05 14:20:00,63686.72,63717.9,63603.99,63706.23,0,665569
2024-05-05 14:25:00,63706.23,63718.0,63650.0,63653.23,0,665570
2024-05-05 14:30:00,63653.23,63701.08,63642.63,63660.01,0,665571
2024-05-05 14:35:00,63660.01,63882.0,63646.18,63840.03,0,665572
2024-05-05 14:40:00,63840.02,63921.6,63818.0,63916.0,3,665573
2024-05-05 14:45:00,63916.0,63959.0,63796.53,63796.53,2,665574
2024-05-05 14:50:00,63796.54,63800.0,63742.78,63749.87,2,665575
2024-05-05 14:55:00,63749.88,63798.83,63736.86,63736.87,2,665576
2024-05-05 15:00:00,63736.86,63767.64,63668.71,63681.99,2,665577
2024-05-05 15:05:00,63681.99,63712.03,63660.0,63682.0,2,665578
2024-05-05 15:10:00,63682.0,63693.74,63656.02,63677.98,2,665579
2024-05-05 15:15:00,63677.97,63780.0,63667.99,63761.86,2,665580
2024-05-05 15:20:00,63761.86,63887.14,63761.86,63810.0,2,665581
2024-05-05 15:25:00,63810.01,63858.12,63786.81,63810.15,2,665582
2024-05-05 15:30:00,63810.14,63834.0,63656.02,63661.67,2,665583
2024-05-05 15:35:00,63661.66,63685.0,63539.53,63653.11,1,665584
2024-05-05 15:40:00,63653.1,63855.35,63653.1,63804.0,0,665585
2024-05-05 15:45:00,63804.0,63932.57,63753.24,63861.99,0,665586
2024-05-05 15:50:00,63861.99,63884.52,63686.65,63686.65,0,665587
2024-05-05 15:55:00,63686.66,63742.0,63656.64,63668.0,0,665588
2024-05-05 16:00:00,63668.0,63684.0,63586.9,63598.0,0,665589
2024-05-05 16:05:00,63597.99,63636.0,63550.28,63635.99,0,665590
2024-05-05 16:10:00,63636.0,63708.34,63620.06,63620.07,0,665591
2024-05-05 16:15:00,63620.07,63673.42,63607.34,63644.0,0,665592
2024-05-05 16:20:00,63644.0,63715.05,63614.8,63655.98,0,665593
2024-05-05 16:25:00,63655.98,63691.96,63655.98,63674.12,0,665594
2024-05-05 16:30:00,63674.12,63704.2,63611.85,63686.0,0,665595
2024-05-05 16:35:00,63686.0,63698.0,63663.66,63678.68,0,665596
2024-05-05 16:40:00,63678.68,63700.4,63661.2,63661.2,0,665597
2024-05-05 16:45:00,63661.2,63662.75,63593.32,63651.96,0,665598
2024-05-05 16:50:00,63651.97,63743.43,63651.96,63699.27,0,665599
2024-05-05 16:55:00,63699.28,63712.0,63673.41,63673.42,0,665600
2024-05-05 17:00:00,63673.41,63690.0,63638.92,63680.0,0,665601
2024-05-05 17:05:00,63680.0,63780.0,63679.98,63770.36,0,665602
2024-05-05 17:10:00,63770.36,63844.33,63756.9,63764.0,0,665603
2024-05-05 17:15:00,63763.99,63768.0,63660.0,63687.88,0,665604
2024-05-05 17:20:00,63687.88,63742.01,63687.88,63718.0,0,665605
2024-05-05 17:25:00,63718.01,63718.01,63645.65,63652.58,0,665606
2024-05-05 17:30:00,63652.58,63681.82,63608.87,63676.01,0,665607
2024-05-05 17:35:00,63676.01,63676.02,63611.84,63664.72,0,665608
2024-05-05 17:40:00,63664.73,63670.0,63624.0,63655.99,0,665609
2024-05-05 17:45:00,63656.0,63666.0,63602.67,63602.67,0,665610
2024-05-05 17:50:00,63602.67,63698.36,63555.39,63694.75,0,665611
2024-05-05 17:55:00,63694.76,63732.13,63673.41,63688.48,0,665612
2024-05-05 18:00:00,63688.49,63750.0,63676.0,63723.91,0,665613
2024-05-05 18:05:00,63723.92,63733.63,63641.62,63675.52,0,665614
2024-05-05 18:10:00,63675.52,63706.22,63609.48,63706.22,0,665615
2024-05-05 18:15:00,63706.21,63750.0,63682.51,63749.99,0,665616
2024-05-05 18:20:00,63750.0,63793.99,63740.03,63762.64,0,665617
2024-05-05 18:25:00,63762.64,63897.9,63762.64,63834.0,0,665618
2024-05-05 18:30:00,63834.0,63885.77,63774.01,63870.42,0,665619
2024-05-05 18:35:00,63870.42,63887.5,63856.46,63882.93,0,665620
2024-05-05 18:40:00,63882.93,63900.0,63854.0,63897.25,0,665621
2024-05-05 18:45:00,63897.26,63937.17,63841.56,63848.0,0,665622
2024-05-05 18:50:00,63848.0,63872.87,63780.0,63853.01,0,665623
2024-05-05 18:55:00,63853.01,63859.63,63806.77,63859.63,0,665624
2024-05-05 19:00:00,63859.63,63884.0,63802.0,63804.01,0,665625
2024-05-05 19:05:00,63804.01,63804.01,63750.0,63797.38,0,665626
2024-05-05 19:10:00,63797.38,63800.0,63744.26,63747.13,0,665627
2024-05-05 19:15:00,63747.12,63747.13,63673.85,63698.0,0,665628
2024-05-05 19:20:00,63698.0,63737.89,63683.3,63737.88,0,665629
2024-05-05 19:25:00,63737.89,63780.0,63737.88,63740.01,0,665630
2024-05-05 19:30:00,63740.01,63741.93,63633.01,63696.28,0,665631
2024-05-05 19:35:00,63696.28,63747.99,63672.31,63732.01,0,665632
2024-05-05 19:40:00,63732.01,63763.22,63712.86,63747.99,0,665633
2024-05-05 19:45:00,63748.0,63750.0,63668.97,63684.0,0,665634
2024-05-05 19:50:00,63683.99,63725.72,63673.41,63706.0,0,665635
2024-05-05 19:55:00,63705.99,63725.33,63682.33,63725.33,0,665636
2024-05-05 20:00:00,63725.32,63732.1,63671.21,63683.0,0,665637
2024-05-05 20:05:00,63682.99,63709.5,63618.91,63708.0,0,665638
2024-05-05 20:10:00,63708.01,63779.08,63681.75,63779.08,0,665639
2024-05-05 20:15:00,63779.08,64118.0,63779.07,64098.01,0,665640
2024-05-05 20:20:00,64098.0,64279.99,64032.05,64214.01,0,665641
2024-05-05 20:25:00,64214.01,64225.88,63972.0,63999.68,0,665642
2024-05-05 20:30:00,63999.67,64057.8,63751.94,63892.0,0,665643
2024-05-05 20:35:00,63892.01,63981.25,63860.73,63981.25,0,665644
2024-05-05 20:40:00,63981.25,64194.0,63962.33,64193.99,3,665645
2024-05-05 20:45:00,64194.0,64194.0,64085.99,64131.02,2,665646
2024-05-05 20:50:00,64131.01,64160.01,64068.28,64159.99,2,665647
2024-05-05 20:55:00,64160.0,64162.78,64045.69,64119.92,2,665648
2024-05-05 21:00:00,64119.91,64122.0,63858.11,63858.11,2,665649
2024-05-05 21:05:00,63858.12,63912.0,63811.17,63811.17,2,665650
2024-05-05 21:10:00,63811.17,63875.54,63811.17,63858.0,2,665651
2024-05-05 21:15:00,63857.99,63932.27,63841.39,63858.12,2,665652
2024-05-05 21:20:00,63858.11,63870.52,63844.23,63867.31,2,665653
2024-05-05 21:25:00,63867.31,63919.68,63858.42,63868.08,2,665654
2024-05-05 21:30:00,63868.07,63901.65,63796.63,63798.34,1,665655
2024-05-05 21:35:00,63798.34,63926.96,63751.02,63915.82,0,665656
2024-05-05 21:40:00,63915.83,64057.99,63892.36,64020.01,0,665657
2024-05-05 21:45:00,64020.01,64125.38,64010.61,64015.99,0,665658
2024-05-05 21:50:00,64015.99,64042.82,63964.0,63984.01,0,665659
2024-05-05 21:55:00,63984.01,64148.08,63977.12,64100.0,0,665660
2024-05-05 22:00:00,64100.01,64115.36,63989.23,64058.74,0,665661
2024-05-05 22:05:00,64058.74,64087.84,64006.0,64087.83,0,665662
2024-05-05 22:10:00,64087.84,64170.0,64057.27,64127.98,0,665663
2024-05-05 22:15:00,64127.97,64189.52,64076.43,64076.57,0,665664
2024-05-05 22:20:00,64076.58,64363.59,64066.44,64340.0,0,665665
2024-05-05 22:25:00,64340.01,64459.02,64322.49,64348.0,0,665666
2024-05-05 22:30:00,64347.99,64384.65,64119.23,64209.2,0,665667
2024-05-05 22:35:00,64209.2,64358.3,64130.67,64320.01,0,665668
2024-05-05 22:40:00,64320.0,64500.0,64258.29,64399.16,0,665669
2024-05-05 22:45:00,64399.16,64490.0,64367.45,64458.0,0,665670
2024-05-05 22:50:00,64458.01,64515.59,64312.56,64394.0,0,665671
2024-05-05 22:55:00,64394.0,64646.0,64335.05,64428.65,0,665672
2024-05-05 23:00:00,64428.64,64518.38,64356.78,64356.79,0,665673
2024-05-05 23:05:00,64356.79,64362.0,64244.84,64294.0,0,665674
2024-05-05 23:10:00,64294.01,64530.97,64294.0,64530.96,3,665675
2024-05-05 23:15:00,64530.96,64554.68,64340.07,64434.35,2,665676
2024-05-05 23:20:00,64434.35,64460.91,64338.46,64338.46,2,665677
2024-05-05 23:25:00,64338.47,64376.48,64260.35,64262.0,2,665678
2024-05-05 23:30:00,64261.99,64330.44,64196.73,64274.1,2,665679
2024-05-05 23:35:00,64274.1,64348.13,64274.09,64326.0,2,665680
2024-05-05 23:40:00,64326.0,64382.1,64312.01,64323.01,2,665681
2024-05-05 23:45:00,64323.02,64350.65,64276.25,64332.57,2,665682
2024-05-05 23:50:00,64332.58,64339.1,64250.29,64251.63,2,665683
2024-05-05 23:55:00,64251.63,64322.58,64225.0,64321.99,2,665684
2024-05-06 00:00:00,64322.0,64330.52,64253.73,64253.73,2,665685
2024-05-06 00:05:00,64253.74,64308.0,64190.0,64289.4,2,665686
2024-05-06 00:10:00,64289.4,64291.12,64240.12,64250.02,2,665687
2024-05-06 00:15:00,64250.01,64293.7,64250.01,64287.99,2,665688
2024-05-06 00:20:00,64288.0,64476.0,64287.99,64439.99,2,665689
2024-05-06 00:25:00,64440.0,64444.9,64363.28,64368.01,2,665690
2024-05-06 00:30:00,64368.0,64442.02,64300.0,64353.26,2,665691
2024-05-06 00:35:00,64353.26,64384.65,64268.42,64280.0,2,665692
2024-05-06 00:40:00,64280.0,64296.67,64260.0,64278.0,2,665693
2024-05-06 00:45:00,64278.0,64297.01,64240.0,64245.92,2,665694
2024-05-06 00:50:00,64245.91,64278.0,64219.34,64219.34,2,665695
2024-05-06 00:55:00,64219.35,64251.53,64155.77,64218.0,2,665696
2024-05-06 01:00:00,64218.0,64249.42,64176.42,64176.42,2,665697
2024-05-06 01:05:00,64176.43,64189.06,64111.0,64120.02,2,665698
2024-05-06 01:10:00,64120.02,64129.79,64007.2,64050.42,2,665699
2024-05-06 01:15:00,64050.42,64136.16,64015.79,64136.07,2,665700
2024-05-06 01:20:00,64136.08,64136.08,64042.01,64071.2,2,665701
2024-05-06 01:25:00,64071.19,64071.2,64000.0,64000.01,2,665702
2024-05-06 01:30:00,64000.01,64022.0,63869.44,63914.0,2,665703
2024-05-06 01:35:00,63913.99,64008.65,63811.01,63990.82,2,665704
2024-05-06 01:40:00,63990.83,64009.44,63934.43,63959.02,2,665705
2024-05-06 01:45:00,63959.01,64022.3,63941.29,63970.0,2,665706
2024-05-06 01:50:00,63970.0,63984.0,63940.4,63948.0,2,665707
2024-05-06 01:55:00,63948.01,63952.71,63896.47,63932.6,2,665708
2024-05-06 02:00:00,63932.61,63952.64,63920.0,63940.0,2,665709
2024-05-06 02:05:00,63939.99,63985.71,63865.99,63983.0,2,665710
2024-05-06 02:10:00,63983.0,63983.01,63940.0,63955.08,2,665711
2024-05-06 02:15:00,63955.08,63999.99,63934.01,63999.98,2,665712
2024-05-06 02:20:00,63999.98,63999.99,63940.0,63940.0,2,665713
2024-05-06 02:25:00,63940.01,63966.99,63940.0,63954.19,2,665714
2024-05-06 02:30:00,63954.19,63970.7,63954.18,63957.71,2,665715
2024-05-06 02:35:00,63957.72,63960.0,63895.45,63922.01,2,665716
2024-05-06 02:40:00,63922.01,63934.59,63862.01,63867.85,2,665717
2024-05-06 02:45:00,63867.85,63913.72,63865.37,63876.89,2,665718
2024-05-06 02:50:00,63876.9,63921.06,63876.89,63921.05,2,665719
2024-05-06 02:55:00,63921.05,63921.06,63843.99,63879.94,2,665720
2024-05-06 03:00:00,63879.94,63879.95,63828.07,63828.09,2,665721
2024-05-06 03:05:00,63828.09,63859.67,63780.0,63852.0,2,665722
2024-05-06 03:10:00,63852.0,63862.0,63828.0,63842.01,2,665723
2024-05-06 03:15:00,63842.0,63844.0,63709.09,63738.69,2,665724
2024-05-06 03:20:00,63738.69,63754.37,63701.07,63715.82,2,665725
2024-05-06 03:25:00,63715.83,63720.0,63636.95,63652.6,1,665726
2024-05-06 03:30:00,63652.59,63685.47,63582.08,63685.46,0,665727
2024-05-06 03:35:00,63685.46,63709.54,63676.0,63709.54,0,665728
2024-05-06 03:40:00,63709.53,63724.0,63666.0,63689.98,0,665729
2024-05-06 03:45:00,63689.98,63765.77,63678.68,63735.99,0,665730
2024-05-06 03:50:00,63736.0,63736.0,63689.69,63728.0,0,665731
2024-05-06 03:55:00,63728.0,63758.0,63727.99,63738.78,0,665732
2024-05-06 04:00:00,63738.77,63738.78,63661.26,63676.0,0,665733
2024-05-06 04:05:00,63676.0,63732.15,63675.99,63680.1,0,665734
2024-05-06 04:10:00,63680.11,63686.0,63600.0,63679.99,0,665735
2024-05-06 04:15:00,63679.99,63714.0,63661.66,63713.99,0,665736
2024-05-06 04:20:00,63713.98,63774.73,63672.0,63769.82,0,665737
2024-05-06 04:25:00,63769.82,63827.34,63743.57,63743.57,0,665738
2024-05-06 04:30:00,63743.58,63743.58,63711.09,63711.09,0,665739
2024-05-06 04:35:00,63711.09,63746.67,63711.09,63743.13,0,665740
2024-05-06 04:40:00,63743.14,63743.14,63720.0,63727.01,0,665741
2024-05-06 04:45:00,63727.0,63735.12,63680.83,63680.84,0,665742
2024-05-06 04:50:00,63680.83,63786.34,63680.82,63786.33,0,665743
2024-05-06 04:55:00,63786.34,63868.41,63764.0,63868.41,0,665744
2024-05-06 05:00:00,63868.41,63879.81,63759.99,63779.04,0,665745
2024-05-06 05:05:00,63779.03,63820.0,63765.76,63776.0,0,665746
2024-05-06 05:10:00,63776.0,63780.0,63739.03,63760.0,0,665747
2024-05-06 05:15:00,63760.0,63786.77,63736.0,63772.01,0,665748
2024-05-06 05:20:00,63772.0,63779.99,63751.48,63763.49,0,665749
2024-05-06 05:25:00,63763.49,63763.5,63740.0,63740.0,0,665750
2024-05-06 05:30:00,63740.01,63743.45,63706.06,63740.01,0,665751
2024-05-06 05:35:00,63740.01,63758.71,63704.32,63757.68,0,665752
2024-05-06 05:40:00,63757.67,63816.63,63757.67,63799.99,0,665753
2024-05-06 05:45:00,63800.0,63820.0,63767.01,63803.33,0,665754
2024-05-06 05:50:00,63803.33,63852.36,63796.22,63852.32,0,665755
2024-05-06 05:55:00,63852.32,63891.22,63846.0,63860.01,0,665756
2024-05-06 06:00:00,63860.01,63950.0,63825.35,63845.11,0,665757
2024-05-06 06:05:00,63845.12,63974.4,63845.11,63965.44,0,665758
2024-05-06 06:10:00,63965.43,63970.0,63921.05,63956.4,0,665759
2024-05-06 06:15:00,63956.41,63990.0,63940.28,63961.38,0,665760
2024-05-06 06:20:00,63961.38,64145.72,63961.38,64091.0,0,665761
2024-05-06 06:25:00,64091.0,64227.51,64091.0,64188.0,0,665762
2024-05-06 06:30:00,64188.0,64192.0,64118.07,64143.63,0,665763
2024-05-06 06:35:00,64143.62,64211.3,64104.37,64104.37,0,665764
2024-05-06 06:40:00,64104.37,64136.08,64037.69,64039.99,0,665765
2024-05-06 06:45:00,64039.99,64057.4,63976.0,63994.92,0,665766
2024-05-06 06:50:00,63994.92,64073.93,63969.89,64038.35,0,665767
2024-05-06 06:55:00,64038.36,64068.0,63991.11,64012.0,0,665768
2024-05-06 07:00:00,64012.0,64105.0,64011.01,64088.0,0,665769
2024-05-06 07:05:00,64088.01,64130.0,64066.0,64130.0,0,665770
2024-05-06 07:10:00,64129.99,64132.84,64084.0,64091.34,0,665771
2024-05-06 07:15:00,64091.33,64173.44,64068.0,64162.0,0,665772
2024-05-06 07:20:00,64162.0,64346.24,64152.2,64249.41,0,665773
2024-05-06 07:25:00,64249.41,64249.42,64168.16,64183.36,0,665774
2024-05-06 07:30:00,64183.36,64212.52,64183.35,64208.96,0,665775
2024-05-06 07:35:00,64208.96,64258.3,64194.0,64229.94,0,665776
2024-05-06 07:40:00,64229.94,64229.94,64165.94,64216.24,0,665777
2024-05-06 07:45:00,64216.23,64216.24,64108.8,64169.54,0,665778
2024-05-06 07:50:00,64169.53,64228.85,64169.27,64228.85,0,665779
2024-05-06 07:55:00,64228.84,64229.23,64158.57,64218.02,0,665780
2024-05-06 08:00:00,64218.02,64300.81,64218.01,64260.08,0,665781
2024-05-06 08:05:00,64260.35,64412.08,64260.08,64376.0,0,665782
2024-05-06 08:10:00,64375.99,64379.76,64302.61,64344.9,0,665783
2024-05-06 08:15:00,64344.9,64437.04,64333.26,64416.0,3,665784
2024-05-06 08:20:00,64416.01,64465.0,64264.71,64293.66,2,665785
2024-05-06 08:25:00,64293.66,64326.92,64243.9,64315.0,2,665786
2024-05-06 08:30:00,64315.01,64315.01,64135.16,64165.95,2,665787
2024-05-06 08:35:00,64165.94,64175.24,64058.82,64150.19,2,665788
2024-05-06 08:40:00,64150.19,64203.28,64144.0,64184.88,2,665789
2024-05-06 08:45:00,64184.88,64185.21,64114.1,64145.4,2,665790
2024-05-06 08:50:00,64145.4,64183.99,64107.47,64156.14,2,665791
2024-05-06 08:55:00,64156.14,64168.95,64136.27,64147.22,2,665792
2024-05-06 09:00:00,64147.22,64147.22,63996.77,64036.51,2,665793
2024-05-06 09:05:00,64036.51,64185.89,64029.92,64183.02,2,665794
2024-05-06 09:10:00,64183.02,64227.51,64153.18,64202.0,2,665795
2024-05-06 09:15:00,64202.01,64224.16,64142.8,64142.81,2,665796
2024-05-06 09:20:00,64142.8,64193.22,64133.33,64133.34,2,665797
2024-05-06 09:25:00,64133.34,64181.98,64112.09,64163.3,2,665798
2024-05-06 09:30:00,64163.3,64163.31,64087.5,64124.83,2,665799
2024-05-06 09:35:00,64124.82,64124.83,64067.21,64094.0,2,665800
2024-05-06 09:40:00,64094.01,64139.0,64094.0,64098.58,2,665801
2024-05-06 09:45:00,64098.59,64106.0,64012.02,64034.09,2,665802
2024-05-06 09:50:00,64034.1,64034.1,63912.38,63935.31,2,665803
2024-05-06 09:55:00,63935.31,63935.31,63826.08,63826.09,2,665804
2024-05-06 10:00:00,63826.08,63935.31,63810.95,63930.62,2,665805
2024-05-06 10:05:00,63930.62,63930.62,63874.44,63874.45,2,665806
2024-05-06 10:10:00,63874.44,63891.22,63708.58,63718.67,1,665807
2024-05-06 10:15:00,63718.67,63815.34,63718.67,63815.33,0,665808
2024-05-06 10:20:00,63815.33,63860.0,63796.0,63859.99,0,665809
2024-05-06 10:25:00,63860.0,63872.55,63818.37,63867.26,0,665810
2024-05-06 10:30:00,63867.26,63900.0,63852.4,63885.5,0,665811
2024-05-06 10:35:00,63885.5,63926.0,63885.5,63897.49,0,665812
2024-05-06 10:40:00,63897.5,63924.0,63848.0,63848.01,0,665813
2024-05-06 10:45:00,63848.0,63882.0,63814.73,63874.01,0,665814
2024-05-06 10:50:00,63874.0,63874.01,63796.54,63826.9,0,665815
2024-05-06 10:55:00,63826.9,63893.8,63826.89,63866.59,0,665816
2024-05-06 11:00:00,63866.59,63870.24,63811.0,63811.0,0,665817
2024-05-06 11:05:00,63811.01,63847.35,63768.72,63815.99,0,665818
2024-05-06 11:10:00,63815.99,63840.68,63796.54,63840.68,0,665819
2024-05-06 11:15:00,63840.68,64000.0,63824.88,63969.78,0,665820
2024-05-06 11:20:00,63969.77,64015.79,63928.0,63937.99,0,665821
2024-05-06 11:25:00,63937.99,63964.94,63888.89,63914.16,0,665822
2024-05-06 11:30:00,63914.16,63943.39,63858.51,63902.01,0,665823
2024-05-06 11:35:00,63902.01,63998.44,63902.0,63962.42,0,665824
2024-05-06 11:40:00,63962.42,64030.04,63959.69,64022.93,0,665825
2024-05-06 11:45:00,64022.93,64155.56,63982.01,64095.99,0,665826
2024-05-06 11:50:00,64095.99,64132.0,64064.59,64125.44,0,665827
2024-05-06 11:55:00,64125.44,64185.58,64111.11,64166.0,0,665828
2024-05-06 12:00:00,64166.01,64178.33,64118.91,64133.33,0,665829
2024-05-06 12:05:00,64133.33,64135.64,64073.92,64101.99,0,665830
2024-05-06 12:10:00,64101.99,64111.12,64036.0,64048.18,0,665831
2024-05-06 12:15:00,64048.18,64222.99,64041.54,64216.02,0,665832
2024-05-06 12:20:00,64216.02,64298.0,64204.0,64231.13,0,665833
2024-05-06 12:25:00,64231.12,64331.58,64202.35,64286.01,0,665834
2024-05-06 12:30:00,64286.0,64286.01,64193.1,64209.55,0,665835
2024-05-06 12:35:00,64209.56,64260.36,64188.88,64188.89,0,665836
2024-05-06 12:40:00,64188.89,64200.0,64133.33,64175.98,0,665837
2024-05-06 12:45:00,64175.98,64253.74,64128.0,64223.99,0,665838
2024-05-06 12:50:00,64223.99,64229.95,64137.91,64169.65,0,665839
2024-05-06 12:55:00,64169.64,64200.0,64154.11,64186.93,0,665840
2024-05-06 13:00:00,64186.93,64192.0,64144.63,64155.99,0,665841
2024-05-06 13:05:00,64156.0,64195.08,64137.92,64193.8,0,665842
2024-05-06 13:10:00,64193.8,64396.87,64193.8,64394.01,0,665843
2024-05-06 13:15:00,64394.02,64473.78,64308.44,64379.99,0,665844
2024-05-06 13:20:00,64380.0,64380.0,64305.84,64349.99,0,665845
2024-05-06 13:25:00,64349.99,64437.71,64349.99,64351.12,0,665846
2024-05-06 13:30:00,64351.13,64351.13,64261.04,64268.01,0,665847
2024-05-06 13:35:00,64268.01,64369.67,64268.01,64320.01,0,665848
2024-05-06 13:40:00,64320.0,64335.9,64263.73,64263.73,0,665849
2024-05-06 13:45:00,64263.74,64274.0,64208.2,64273.99,0,665850
2024-05-06 13:50:00,64274.0,64274.0,64198.21,64226.62,0,665851
2024-05-06 13:55:00,64226.63,64246.0,64226.0,64230.02,0,665852
2024-05-06 14:00:00,64230.02,64350.65,64210.86,64286.17,0,665853
2024-05-06 14:05:00,64286.18,64340.0,64281.28,64283.39,0,665854
2024-05-06 14:10:00,64283.39,64283.39,64150.0,64189.31,0,665855
2024-05-06 14:15:00,64189.32,64223.91,64156.79,64222.0,0,665856
2024-05-06 14:20:00,64221.99,64311.25,64219.07,64260.0,0,665857
2024-05-06 14:25:00,64260.01,64350.0,64208.0,64350.0,0,665858
2024-05-06 14:30:00,64349.99,64395.01,64289.41,64354.0,0,665859
2024-05-06 14:35:00,64353.99,64470.0,64326.55,64438.01,0,665860
2024-05-06 14:40:00,64438.0,64500.0,64410.0,64419.19,0,665861
2024-05-06 14:45:00,64419.2,64424.0,64344.7,64401.47,0,665862
2024-05-06 14:50:00,64401.46,64478.46,64390.0,64458.44,0,665863
2024-05-06 14:55:00,64458.43,64588.0,64454.43,64540.75,0,665864
2024-05-06 15:00:00,64540.75,64621.79,64504.55,64559.52,0,665865
2024-05-06 15:05:00,64559.53,64582.57,64514.6,64559.67,0,665866
2024-05-06 15:10:00,64559.66,64559.67,64479.81,64508.11,0,665867
2024-05-06 15:15:00,64508.12,64999.0,64462.48,64968.01,0,665868
2024-05-06 15:20:00,64968.01,65160.0,64923.95,65055.02,0,665869
2024-05-06 15:25:00,65055.02,65500.0,65055.01,65390.93,0,665870
2024-05-06 15:30:00,65390.94,65483.92,65324.82,65417.92,0,665871
2024-05-06 15:35:00,65417.92,65454.04,65257.82,65394.56,0,665872
2024-05-06 15:40:00,65394.57,65469.4,65362.32,65439.11,3,665873
2024-05-06 15:45:00,65439.11,65500.0,65358.0,65370.83,2,665874
2024-05-06 15:50:00,65370.83,65378.69,65075.45,65200.13,2,665875
2024-05-06 15:55:00,65200.13,65217.47,65064.16,65143.04,2,665876
2024-05-06 16:00:00,65143.04,65220.37,65143.03,65178.01,2,665877
2024-05-06 16:05:00,65178.01,65297.62,65178.0,65274.78,2,665878
2024-05-06 16:10:00,65274.79,65328.25,65205.92,65323.29,2,665879
2024-05-06 16:15:00,65323.28,65348.39,65206.0,65229.72,2,665880
2024-05-06 16:20:00,65229.72,65360.12,65152.64,65300.26,2,665881
2024-05-06 16:25:00,65300.25,65345.81,65226.4,65231.99,2,665882
2024-05-06 16:30:00,65232.0,65253.92,65150.59,65236.0,2,665883
2024-05-06 16:35:00,65236.0,65261.06,65206.0,65207.62,2,665884
2024-05-06 16:40:00,65207.62,65207.62,65111.1,65111.1,2,665885
2024-05-06 16:45:00,65111.1,65190.0,65111.1,65186.09,2,665886
2024-05-06 16:50:00,65186.08,65210.54,65140.0,65160.0,2,665887
2024-05-06 16:55:00,65160.0,65166.21,65130.0,65166.2,2,665888
2024-05-06 17:00:00,65166.2,65190.0,65116.67,65181.1,2,665889
2024-05-06 17:05:00,65181.1,65245.02,65181.1,65214.41,2,665890
2024-05-06 17:10:00,65214.42,65275.0,65182.32,65182.33,2,665891
2024-05-06 17:15:00,65182.32,65218.0,64940.86,65022.0,2,665892
2024-05-06 17:20:00,65021.99,65022.0,64851.79,64896.0,2,665893
2024-05-06 17:25:00,64896.01,64960.48,64767.4,64822.23,2,665894
2024-05-06 17:30:00,64822.23,64849.0,64591.2,64727.74,2,665895
2024-05-06 17:35:00,64727.74,64740.35,64365.29,64405.37,2,665896
2024-05-06 17:40:00,64405.37,64468.49,64036.4,64132.92,2,665897
2024-05-06 17:45:00,64132.92,64224.63,63815.38,63883.85,1,665898
2024-05-06 17:50:00,63883.86,64099.9,63828.0,64099.9,0,665899
2024-05-06 17:55:00,64099.9,64100.0,63982.68,64007.17,0,665900
2024-05-06 18:00:00,64007.16,64180.0,64003.49,64176.0,0,665901
2024-05-06 18:05:00,64176.0,64292.57,64162.46,64258.3,0,665902
2024-05-06 18:10:00,64258.29,64352.59,64238.0,64352.58,3,665903
2024-05-06 18:15:00,64352.58,64359.39,64218.43,64254.73,2,665904
2024-05-06 18:20:00,64254.72,64285.86,64100.0,64177.66,2,665905
2024-05-06 18:25:00,64177.67,64240.0,64123.12,64213.5,2,665906
2024-05-06 18:30:00,64213.5,64300.0,64200.0,64253.06,2,665907
2024-05-06 18:35:00,64253.42,64275.21,64040.0,64070.61,1,665908
2024-05-06 18:40:00,64070.6,64112.03,64006.0,64077.48,0,665909
2024-05-06 18:45:00,64077.47,64188.76,64067.0,64105.99,0,665910
2024-05-06 18:50:00,64106.0,64150.0,64092.41,64128.0,0,665911
2024-05-06 18:55:00,64128.0,64240.56,64127.99,64203.56,0,665912
2024-05-06 19:00:00,64203.55,64296.0,64188.0,64287.64,3,665913
2024-05-06 19:05:00,64287.63,64319.86,64252.17,64252.17,2,665914
2024-05-06 19:10:00,64252.17,64252.18,64114.74,64164.76,2,665915
2024-05-06 19:15:00,64164.75,64164.76,64071.62,64073.6,2,665916
2024-05-06 19:20:00,64073.6,64114.1,63858.97,63858.98,2,665917
2024-05-06 19:25:00,63858.98,64020.0,63750.04,63821.01,2,665918
2024-05-06 19:30:00,63821.02,64013.53,63659.78,63801.76,2,665919
2024-05-06 19:35:00,63801.76,64100.0,63650.0,63989.74,2,665920
2024-05-06 19:40:00,63989.73,64006.0,63775.94,63785.58,2,665921
2024-05-06 19:45:00,63785.59,63785.59,63452.59,63621.34,2,665922
2024-05-06 19:50:00,63621.35,63621.35,63380.81,63389.46,1,665923
2024-05-06 19:55:00,63389.46,63594.0,63343.86,63593.99,0,665924
2024-05-06 20:00:00,63593.99,63636.78,63464.3,63582.77,0,665925
2024-05-06 20:05:00,63582.77,63675.51,63581.06,63660.01,0,665926
2024-05-06 20:10:00,63660.0,63680.49,63611.84,63655.38,0,665927
2024-05-06 20:15:00,63655.38,63672.0,63501.0,63638.0,0,665928
2024-05-06 20:20:00,63637.99,63677.99,63470.27,63486.0,0,665929
2024-05-06 20:25:00,63486.0,63566.34,63450.0,63560.01,0,665930
2024-05-06 20:30:00,63560.0,63639.73,63509.15,63636.21,0,665931
2024-05-06 20:35:00,63636.2,63831.04,63560.0,63787.55,0,665932
2024-05-06 20:40:00,63787.55,63998.47,63755.19,63904.17,0,665933
2024-05-06 20:45:00,63904.16,63962.0,63752.66,63890.01,0,665934
2024-05-06 20:50:00,63890.01,63916.94,63790.0,63824.01,0,665935
2024-05-06 20:55:00,63824.02,63878.89,63788.01,63870.0,0,665936
2024-05-06 21:00:00,63870.01,64136.36,63860.0,64004.52,0,665937
2024-05-06 21:05:00,64004.52,64064.34,63925.52,64034.01,0,665938
2024-05-06 21:10:00,64034.0,64125.57,63894.09,64080.0,0,665939
2024-05-06 21:15:00,64080.0,64108.76,63988.02,64027.98,0,665940
2024-05-06 21:20:00,64027.99,64261.08,63990.0,64099.7,3,665941
2024-05-06 21:25:00,64099.7,64120.0,63955.22,63967.19,2,665942
2024-05-06 21:30:00,63967.2,63980.0,63810.0,63891.11,2,665943
2024-05-06 21:35:00,63891.11,64000.0,63880.86,63926.32,2,665944
2024-05-06 21:40:00,63926.32,63950.47,63666.66,63730.0,2,665945
2024-05-06 21:45:00,63730.0,63788.0,63582.0,63707.48,2,665946
2024-05-06 21:50:00,63707.48,63732.78,63583.87,63673.42,2,665947
2024-05-06 21:55:00,63673.42,63673.42,63211.66,63271.97,2,665948
2024-05-06 22:00:00,63271.97,63309.14,62974.3,63014.0,1,665949
2024-05-06 22:05:00,63013.99,63093.92,62909.61,63016.03,0,665950
2024-05-06 22:10:00,63016.04,63207.63,63016.03,63174.38,0,665951
2024-05-06 22:15:00,63174.38,63340.8,63150.0,63322.0,0,665952
2024-05-06 22:20:00,63322.01,63332.27,63178.64,63227.38,0,665953
2024-05-06 22:25:00,63227.39,63401.89,63196.48,63401.88,0,665954
2024-05-06 22:30:00,63401.88,63467.97,63362.22,63388.02,0,665955
2024-05-06 22:35:00,63388.01,63512.51,63334.8,63512.5,0,665956
2024-05-06 22:40:00,63512.51,63611.12,63481.93,63611.11,0,665957
2024-05-06 22:45:00,63611.12,63760.0,63526.27,63562.45,0,665958
2024-05-06 22:50:00,63562.45,63629.86,63525.25,63620.74,0,665959
2024-05-06 22:55:00,63620.73,63700.0,63590.36,63632.01,0,665960
2024-05-06 23:00:00,63632.01,63693.92,63550.82,63693.92,0,665961
2024-05-06 23:05:00,63693.91,63747.59,63518.64,63589.91,0,665962
2024-05-06 23:10:00,63589.91,63707.84,63517.77,63694.01,3,665963
2024-05-06 23:15:00,63694.01,63694.01,63554.49,63554.5,2,665964
2024-05-06 23:20:00,63554.49,63558.64,63394.51,63538.01,2,665965
2024-05-06 23:25:00,63538.0,63617.81,63506.61,63564.01,2,665966
2024-05-06 23:30:00,63564.0,63597.02,63399.33,63441.13,2,665967
2024-05-06 23:35:00,63441.13,63599.99,63431.04,63493.73,2,665968
2024-05-06 23:40:00,63493.74,63493.74,63347.02,63368.07,2,665969
2024-05-06 23:45:00,63368.06,63476.8,63270.7,63349.71,2,665970
2024-05-06 23:50:00,63349.7,63354.5,63208.14,63223.59,2,665971
2024-05-06 23:55:00,63223.59,63265.73,63079.6,63192.43,1,665972
2024-05-07 00:00:00,63192.42,63379.77,63176.0,63304.01,0,665973
2024-05-07 00:05:00,63304.01,63437.25,63304.01,63356.74,0,665974
2024-05-07 00:10:00,63356.73,63497.18,63356.73,63457.93,3,665975
2024-05-07 00:15:00,63457.93,63511.84,63382.66,63382.67,2,665976
2024-05-07 00:20:00,63382.67,63406.96,63322.0,63328.0,2,665977
2024-05-07 00:25:00,63328.0,63375.28,63310.13,63315.02,2,665978
2024-05-07 00:30:00,63315.02,63358.88,63000.0,63025.28,2,665979
2024-05-07 00:35:00,63025.28,63194.44,62989.0,63050.0,2,665980
2024-05-07 00:40:00,63050.0,63067.07,62968.57,62988.93,1,665981
2024-05-07 00:45:00,62988.93,63175.04,62983.41,63078.87,0,665982
2024-05-07 00:50:00,63078.87,63239.13,63040.0,63187.83,0,665983
2024-05-07 00:55:00,63187.83,63219.14,63116.52,63169.93,0,665984
2024-05-07 01:00:00,63169.92,63252.66,63153.41,63231.25,0,665985
2024-05-07 01:05:00,63231.26,63238.34,63108.67,63162.72,0,665986
2024-05-07 01:10:00,63162.72,63211.67,63117.24,63187.82,0,665987
2024-05-07 01:15:00,63187.83,63316.44,63169.9,63188.85,0,665988
2024-05-07 01:20:00,63188.84,63209.65,63142.71,63180.0,0,665989
2024-05-07 01:25:00,63180.0,63263.92,63166.68,63200.09,0,665990
2024-05-07 01:30:00,63200.1,63215.0,62965.4,63101.41,0,665991
2024-05-07 01:35:00,63101.41,63481.38,63093.92,63324.45,0,665992
2024-05-07 01:40:00,63324.45,63390.04,63295.85,63334.8,0,665993
2024-05-07 01:45:00,63334.8,63532.05,63308.1,63424.45,0,665994
2024-05-07 01:50:00,63424.45,63500.87,63393.33,63450.0,3,665995
2024-05-07 01:55:00,63450.0,63450.0,63400.0,63400.0,2,665996
2024-05-07 02:00:00,63400.0,63404.8,63256.12,63311.04,2,665997
2024-05-07 02:05:00,63311.04,63348.23,63250.0,63294.11,2,665998
2024-05-07 02:10:00,63294.11,63294.11,63012.88,63012.9,2,665999
2024-05-07 02:15:00,63012.9,63016.95,62700.0,62976.41,2,666000
2024-05-07 02:20:00,62976.41,63140.0,62954.42,62999.56,2,666001
2024-05-07 02:25:00,62999.56,63088.54,62989.1,63010.85,2,666002
2024-05-07 02:30:00,63010.85,63010.85,62841.8,62967.43,1,666003
2024-05-07 02:35:00,62967.43,63023.19,62903.83,62971.59,0,666004
2024-05-07 02:40:00,62971.59,63113.95,62835.0,63060.01,0,666005
2024-05-07 02:45:00,63060.01,63145.37,63050.18,63098.12,0,666006
2024-05-07 02:50:00,63098.12,63179.99,63071.42,63172.75,0,666007
2024-05-07 02:55:00,63172.74,63242.46,63141.58,63220.0,0,666008
2024-05-07 03:00:00,63220.0,63221.0,63089.68,63142.8,0,666009
2024-05-07 03:05:00,63142.79,63165.0,63051.94,63100.0,0,666010
2024-05-07 03:10:00,63100.0,63180.89,63074.33,63076.81,0,666011
2024-05-07 03:15:00,63076.8,63261.42,63076.8,63213.75,0,666012
2024-05-07 03:20:00,63213.74,63337.59,63207.62,63290.97,0,666013
2024-05-07 03:25:00,63290.97,63389.0,63264.48,63363.35,0,666014
2024-05-07 03:30:00,63363.35,63394.14,63331.12,63331.47,0,666015
2024-05-07 03:35:00,63331.48,63405.61,63313.04,63362.23,0,666016
2024-05-07 03:40:00,63362.23,63405.61,63353.96,63353.97,0,666017
2024-05-07 03:45:00,63353.96,63365.41,63307.05,63312.42,0,666018
2024-05-07 03:50:00,63312.42,63351.68,63304.01,63331.3,0,666019
2024-05-07 03:55:00,63331.3,63335.48,63300.5,63308.28,0,666020
2024-05-07 04:00:00,63308.28,63445.39,63308.27,63403.68,0,666021
2024-05-07 04:05:00,63403.67,63503.87,63386.54,63486.39,0,666022
2024-05-07 04:10:00,63486.39,63532.18,63448.29,63501.52,0,666023
2024-05-07 04:15:00,63501.53,63501.53,63445.8,63484.3,0,666024
2024-05-07 04:20:00,63484.3,63494.33,63466.35,63493.77,0,666025
2024-05-07 04:25:00,63493.76,63611.85,63465.96,63545.58,0,666026
2024-05-07 04:30:00,63545.58,63545.59,63472.22,63489.03,0,666027
2024-05-07 04:35:00,63489.03,63489.04,63405.27,63457.94,0,666028
2024-05-07 04:40:00,63457.94,63457.94,63397.27,63407.26,0,666029
2024-05-07 04:45:00,63407.27,63471.42,63407.26,63467.17,0,666030
2024-05-07 04:50:00,63467.17,63601.22,63467.16,63514.0,0,666031
2024-05-07 04:55:00,63513.99,63600.0,63510.03,63550.29,0,666032
2024-05-07 05:00:00,63550.29,63570.0,63500.0,63515.2,0,666033
2024-05-07 05:05:00,63515.19,63520.0,63486.66,63519.49,0,666034
2024-05-07 05:10:00,63519.49,63528.0,63465.4,63465.41,0,666035
2024-05-07 05:15:00,63465.41,63516.13,63406.13,63488.0,0,666036
2024-05-07 05:20:00,63488.01,63538.86,63484.82,63538.85,0,666037
2024-05-07 05:25:00,63538.86,63563.48,63502.74,63563.48,3,666038
2024-05-07 05:30:00,63563.48,63563.48,63473.9,63525.55,2,666039
2024-05-07 05:35:00,63525.54,63525.55,63434.0,63453.66,2,666040
2024-05-07 05:40:00,63453.67,63509.19,63446.0,63461.31,2,666041
2024-05-07 05:45:00,63461.3,63500.0,63438.26,63487.04,2,666042
2024-05-07 05:50:00,63487.05,63497.4,63446.0,63497.4,2,666043
2024-05-07 05:55:00,63497.4,63505.88,63481.36,63495.67,2,666044
2024-05-07 06:00:00,63495.67,63495.67,63419.99,63420.0,2,666045
2024-05-07 06:05:00,63419.99,63433.5,63334.81,63373.15,2,666046
2024-05-07 06:10:00,63373.14,63400.0,63300.0,63309.69,2,666047
2024-05-07 06:15:00,63309.69,63322.0,63243.26,63285.19,2,666048
2024-05-07 06:20:00,63285.2,63358.56,63274.0,63358.0,2,666049
2024-05-07 06:25:00,63357.99,63396.09,63332.32,63356.0,2,666050
2024-05-07 06:30:00,63355.99,63358.0,63308.64,63308.65,2,666051
2024-05-07 06:35:00,63308.65,63323.59,63158.17,63158.18,2,666052
2024-05-07 06:40:00,63158.17,63196.0,63156.52,63156.53,2,666053
2024-05-07 06:45:00,63156.52,63249.82,63156.52,63186.04,2,666054
2024-05-07 06:50:00,63186.04,63197.47,63143.4,63197.18,2,666055
2024-05-07 06:55:00,63197.19,63200.43,63134.85,63165.19,2,666056
2024-05-07 07:00:00,63165.18,63254.58,63139.95,63229.98,2,666057
2024-05-07 07:05:00,63229.98,63308.9,63215.17,63243.61,2,666058
2024-05-07 07:10:00,63243.61,63267.04,63092.38,63134.2,2,666059
2024-05-07 07:15:00,63134.21,63134.21,62973.18,62991.79,1,666060
2024-05-07 07:20:00,62991.78,63140.0,62960.0,63104.0,0,666061
2024-05-07 07:25:00,63103.99,63296.23,63103.99,63267.04,0,666062
2024-05-07 07:30:00,63267.03,63472.22,63251.31,63387.52,0,666063
2024-05-07 07:35:00,63387.52,63483.98,63338.0,63452.0,0,666064
2024-05-07 07:40:00,63452.0,63580.0,63424.8,63553.99,0,666065
2024-05-07 07:45:00,63553.99,63667.0,63528.57,63590.78,0,666066
2024-05-07 07:50:00,63590.79,63617.0,63550.29,63599.99,0,666067
2024-05-07 07:55:00,63599.99,63615.99,63447.8,63545.45,0,666068
2024-05-07 08:00:00,63545.44,63604.13,63480.0,63604.12,0,666069
2024-05-07 08:05:00,63604.12,63606.62,63555.98,63593.01,0,666070
2024-05-07 08:10:00,63593.01,63714.26,63566.0,63695.42,0,666071
2024-05-07 08:15:00,63695.43,63740.0,63646.2,63699.91,0,666072
2024-05-07 08:20:00,63699.91,63856.36,63616.78,63618.01,0,666073
2024-05-07 08:25:00,63618.0,63656.0,63578.29,63578.3,0,666074
2024-05-07 08:30:00,63578.3,63649.38,63554.85,63640.0,0,666075
2024-05-07 08:35:00,63640.0,63746.06,63639.99,63739.49,0,666076
2024-05-07 08:40:00,63739.49,63929.41,63739.49,63790.0,0,666077
2024-05-07 08:45:00,63789.99,63967.19,63782.68,63893.7,0,666078
2024-05-07 08:50:00,63893.7,63953.33,63849.4,63926.01,3,666079
2024-05-07 08:55:00,63926.01,63926.01,63876.61,63895.72,2,666080
2024-05-07 09:00:00,63895.72,63953.34,63849.41,63849.41,2,666081
2024-05-07 09:05:00,63849.41,63859.87,63764.4,63764.41,2,666082
2024-05-07 09:10:00,63764.41,63810.0,63733.19,63804.97,2,666083
2024-05-07 09:15:00,63804.97,63820.0,63713.6,63713.61,2,666084
2024-05-07 09:20:00,63713.61,63782.61,63700.0,63764.68,2,666085
2024-05-07 09:25:00,63764.69,63825.09,63764.68,63825.08,2,666086
2024-05-07 09:30:00,63825.09,63840.0,63744.01,63767.95,2,666087
2024-05-07 09:35:00,63767.95,63767.96,63694.08,63729.69,2,666088
2024-05-07 09:40:00,63729.69,63744.01,63673.33,63685.58,2,666089
2024-05-07 09:45:00,63685.59,63712.0,63623.73,63644.59,2,666090
2024-05-07 09:50:00,63644.59,63700.0,63620.03,63686.0,2,666091
2024-05-07 09:55:00,63686.01,63751.31,63676.0,63702.76,2,666092
2024-05-07 10:00:00,63702.76,63733.16,63660.0,63684.0,2,666093
2024-05-07 10:05:00,63684.0,63720.0,63652.18,63719.99,2,666094
2024-05-07 10:10:00,63720.0,63720.0,63608.35,63619.98,2,666095
2024-05-07 10:15:00,63619.98,63698.83,63602.88,63642.23,2,666096
2024-05-07 10:20:00,63642.22,63665.81,63450.0,63474.0,2,666097
2024-05-07 10:25:00,63474.0,63493.77,62897.21,62962.2,1,666098
2024-05-07 10:30:00,62962.21,63208.87,62832.6,63169.05,0,666099
2024-05-07 10:35:00,63169.05,63200.0,63063.24,63155.65,0,666100
2024-05-07 10:40:00,63155.66,63310.46,63037.23,63241.99,0,666101
2024-05-07 10:45:00,63242.0,63326.72,63136.7,63247.03,0,666102
2024-05-07 10:50:00,63247.03,63264.2,63166.95,63253.92,0,666103
2024-05-07 10:55:00,63253.92,63253.92,63162.3,63239.49,0,666104
2024-05-07 11:00:00,63239.5,63343.33,63214.0,63243.7,0,666105
2024-05-07 11:05:00,63243.69,63258.99,63092.76,63231.99,0,666106
2024-05-07 11:10:00,63231.99,63265.99,63181.98,63196.0,0,666107
2024-05-07 11:15:00,63196.0,63274.2,63159.62,63259.1,0,666108
2024-05-07 11:20:00,63259.11,63400.0,63230.69,63360.52,0,666109
2024-05-07 11:25:00,63360.51,63421.63,63336.0,63382.01,0,666110
2024-05-07 11:30:00,63382.01,63405.26,63317.07,63370.31,0,666111
2024-05-07 11:35:00,63370.32,63376.11,63298.85,63334.02,0,666112
2024-05-07 11:40:00,63334.01,63450.0,63334.01,63418.73,0,666113
2024-05-07 11:45:00,63418.74,63422.54,63366.0,63382.64,0,666114
2024-05-07 11:50:00,63382.65,63423.61,63382.64,63423.59,0,666115
2024-05-07 11:55:00,63423.59,63470.58,63400.95,63466.26,0,666116
2024-05-07 12:00:00,63466.27,63500.0,63375.66,63375.67,0,666117
2024-05-07 12:05:00,63375.68,63461.38,63354.94,63461.38,0,666118
2024-05-07 12:10:00,63461.37,63461.38,63388.32,63388.32,0,666119
2024-05-07 12:15:00,63388.32,63408.9,63336.65,63408.81,0,666120
2024-05-07 12:20:00,63408.81,63450.0,63384.0,63420.02,0,666121
2024-05-07 12:25:00,63420.02,63424.0,63342.05,63360.01,0,666122
2024-05-07 12:30:00,63360.0,63368.93,63280.0,63324.0,0,666123
2024-05-07 12:35:00,63324.01,63344.42,63243.92,63324.01,0,666124
2024-05-07 12:40:00,63324.01,63725.0,63316.0,63606.02,0,666125
2024-05-07 12:45:00,63606.01,63719.21,63534.0,63534.0,0,666126
2024-05-07 12:50:00,63534.01,63594.79,63502.73,63530.23,0,666127
2024-05-07 12:55:00,63530.23,63563.48,63492.01,63563.48,0,666128
2024-05-07 13:00:00,63563.47,63719.2,63541.43,63580.89,0,666129
2024-05-07 13:05:00,63580.88,63590.14,63477.39,63489.27,0,666130
2024-05-07 13:10:00,63489.27,63511.09,63394.28,63511.08,0,666131
2024-05-07 13:15:00,63511.09,63576.76,63500.0,63563.48,0,666132
2024-05-07 13:20:00,63563.47,63608.01,63539.99,63539.99,0,666133
2024-05-07 13:25:00,63539.99,63584.0,63482.22,63507.99,0,666134
2024-05-07 13:30:00,63508.0,63523.52,63410.04,63467.99,0,666135
2024-05-07 13:35:00,63467.99,63626.09,63452.6,63607.45,0,666136
2024-05-07 13:40:00,63607.45,63653.89,63562.0,63652.57,0,666137
2024-05-07 13:45:00,63652.56,63696.2,63611.11,63627.99,0,666138
2024-05-07 13:50:00,63628.0,63660.0,63604.01,63636.85,0,666139
2024-05-07 13:55:00,63636.85,63656.08,63608.0,63623.81,0,666140
2024-05-07 14:00:00,63623.81,63656.07,63566.79,63597.8,0,666141
2024-05-07 14:05:00,63597.8,63606.0,63549.99,63579.99,0,666142
2024-05-07 14:10:00,63580.0,63708.0,63556.0,63660.0,0,666143
2024-05-07 14:15:00,63659.99,63763.34,63620.0,63755.84,0,666144
2024-05-07 14:20:00,63755.83,63804.38,63740.0,63794.45,0,666145
2024-05-07 14:25:00,63794.45,63853.12,63770.86,63821.98,0,666146
2024-05-07 14:30:00,63821.98,63821.99,63716.68,63746.69,0,666147
2024-05-07 14:35:00,63746.69,63811.63,63744.86,63775.24,0,666148
2024-05-07 14:40:00,63775.23,63785.25,63751.3,63770.14,0,666149
2024-05-07 14:45:00,63770.15,63780.0,63686.31,63686.33,0,666150
2024-05-07 14:50:00,63686.33,63707.5,63645.72,63703.62,0,666151
2024-05-07 14:55:00,63703.63,63703.63,63642.22,63669.69,0,666152
2024-05-07 15:00:00,63669.69,63744.15,63596.13,63705.39,0,666153
2024-05-07 15:05:00,63705.39,63705.4,63620.01,63688.69,0,666154
2024-05-07 15:10:00,63688.7,63827.23,63688.69,63827.22,0,666155
2024-05-07 15:15:00,63827.22,63999.02,63824.0,63996.73,0,666156
2024-05-07 15:20:00,63996.73,64285.71,63988.0,64252.18,0,666157
2024-05-07 15:25:00,64252.17,64333.0,64118.06,64252.13,0,666158
2024-05-07 15:30:00,64252.13,64281.18,64130.36,64182.7,0,666159
2024-05-07 15:35:00,64182.7,64422.41,64182.69,64239.99,0,666160
2024-05-07 15:40:00,64240.0,64240.0,64102.19,64134.68,0,666161
2024-05-07 15:45:00,64134.68,64288.6,64134.67,64268.9,0,666162
2024-05-07 15:50:00,64268.91,64330.0,64258.0,64275.9,0,666163
2024-05-07 15:55:00,64275.9,64314.79,64211.0,64232.0,0,666164
2024-05-07 16:00:00,64231.99,64293.29,64200.8,64236.0,0,666165
2024-05-07 16:05:00,64236.01,64293.29,64229.95,64282.03,0,666166
2024-05-07 16:10:00,64282.02,64290.41,64222.0,64253.62,0,666167
2024-05-07 16:15:00,64253.62,64350.0,64250.1,64322.23,0,666168
2024-05-07 16:20:00,64322.23,64362.7,64295.55,64324.5,3,666169
2024-05-07 16:25:00,64324.49,64346.09,64260.0,64297.33,2,666170
2024-05-07 16:30:00,64297.33,64298.0,64150.99,64194.01,2,666171
2024-05-07 16:35:00,64194.01,64268.38,64168.88,64195.92,2,666172
2024-05-07 16:40:00,64195.91,64228.7,64175.17,64194.47,2,666173
2024-05-07 16:45:00,64194.46,64258.0,64180.0,64181.99,2,666174
2024-05-07 16:50:00,64182.0,64218.0,64086.1,64086.1,2,666175
2024-05-07 16:55:00,64086.11,64125.53,64064.34,64119.98,2,666176
2024-05-07 17:00:00,64119.98,64166.7,64097.98,64166.69,2,666177
2024-05-07 17:05:00,64166.69,64171.83,64076.4,64076.4,2,666178
2024-05-07 17:10:00,64076.41,64083.75,63832.16,63890.47,2,666179
2024-05-07 17:15:00,63890.47,64008.0,63746.69,63771.54,1,666180
2024-05-07 17:20:00,63771.53,63888.0,63771.53,63829.05,0,666181
2024-05-07 17:25:00,63829.06,63877.8,63817.6,63824.0,0,666182
2024-05-07 17:30:00,63824.0,63977.55,63823.99,63977.54,0,666183
2024-05-07 17:35:00,63977.54,63997.27,63928.01,63953.99,0,666184
2024-05-07 17:40:00,63954.0,64040.0,63952.0,64012.0,0,666185
2024-05-07 17:45:00,64012.01,64094.47,63980.13,63984.01,0,666186
2024-05-07 17:50:00,63984.01,64150.01,63966.01,64126.0,3,666187
2024-05-07 17:55:00,64126.01,64145.0,64086.36,64086.37,2,666188
2024-05-07 18:00:00,64086.37,64118.0,64053.0,64053.0,2,666189
2024-05-07 18:05:00,64053.01,64078.15,63927.27,64012.0,2,666190
2024-05-07 18:10:00,64012.0,64087.1,64009.08,64074.0,2,666191
2024-05-07 18:15:00,64074.0,64124.05,64040.0,64099.99,2,666192
2024-05-07 18:20:00,64100.0,64120.0,64016.0,64019.96,2,666193
2024-05-07 18:25:00,64019.96,64042.0,64001.99,64032.0,2,666194
2024-05-07 18:30:00,64032.01,64038.0,63967.69,64008.01,2,666195
2024-05-07 18:35:00,64008.01,64033.02,63823.31,63823.32,2,666196
2024-05-07 18:40:00,63823.31,63863.64,63507.93,63620.86,2,666197
2024-05-07 18:45:00,63620.86,63620.87,63358.0,63531.2,2,666198
2024-05-07 18:50:00,63531.21,63569.11,63444.61,63517.88,2,666199
2024-05-07 18:55:00,63517.87,63532.01,63460.0,63490.43,1,666200
2024-05-07 19:00:00,63490.43,63550.4,63478.0,63527.99,0,666201
2024-05-07 19:05:00,63527.99,63643.54,63520.0,63628.09,0,666202
2024-05-07 19:10:00,63628.08,63669.77,63540.0,63668.04,0,666203
2024-05-07 19:15:00,63668.05,63691.16,63582.55,63604.55,0,666204
2024-05-07 19:20:00,63604.56,63645.48,63473.73,63499.6,0,666205
2024-05-07 19:25:00,63499.6,63603.36,63488.0,63550.8,0,666206
2024-05-07 19:30:00,63550.8,63623.32,63550.79,63610.57,0,666207
2024-05-07 19:35:00,63610.57,63639.0,63550.79,63620.24,0,666208
2024-05-07 19:40:00,63620.25,63620.25,63500.0,63604.8,0,666209
2024-05-07 19:45:00,63604.81,63740.0,63584.21,63730.0,3,666210
2024-05-07 19:50:00,63730.01,63772.45,63657.99,63692.23,2,666211
2024-05-07 19:55:00,63692.23,63704.97,63622.01,63663.02,2,666212
2024-05-07 20:00:00,63663.03,63663.03,63557.47,63610.17,2,666213
2024-05-07 20:05:00,63610.17,63662.01,63552.0,63563.45,2,666214
2024-05-07 20:10:00,63563.45,63658.01,63563.45,63650.0,2,666215
2024-05-07 20:15:00,63650.0,63712.86,63616.0,63667.1,2,666216
2024-05-07 20:20:00,63667.11,63677.88,63511.36,63511.37,2,666217
2024-05-07 20:25:00,63511.36,63557.43,63450.0,63528.01,2,666218
2024-05-07 20:30:00,63528.0,63680.0,63485.6,63590.0,2,666219
2024-05-07 20:35:00,63590.0,63622.88,63475.9,63479.99,2,666220
2024-05-07 20:40:00,63480.0,63563.48,63457.29,63488.0,2,666221
2024-05-07 20:45:00,63488.0,63555.99,63216.98,63248.0,2,666222
2024-05-07 20:50:00,63247.99,63414.42,63112.57,63392.0,2,666223
2024-05-07 20:55:00,63392.0,63396.52,63122.54,63213.16,1,666224
2024-05-07 21:00:00,63213.17,63466.0,63126.57,63363.86,0,666225
2024-05-07 21:05:00,63363.86,63390.73,63296.13,63312.0,0,666226
2024-05-07 21:10:00,63312.01,63366.17,63250.44,63339.57,0,666227
2024-05-07 21:15:00,63339.57,63431.01,63327.23,63404.07,0,666228
2024-05-07 21:20:00,63404.07,63416.0,63250.43,63271.97,0,666229
2024-05-07 21:25:00,63271.97,63347.37,63269.37,63278.01,0,666230
2024-05-07 21:30:00,63278.0,63349.9,63050.77,63124.69,0,666231
2024-05-07 21:35:00,63124.68,63282.59,63121.72,63230.82,0,666232
2024-05-07 21:40:00,63230.82,63509.98,63230.81,63466.45,0,666233
2024-05-07 21:45:00,63466.45,63568.23,63425.5,63538.19,0,666234
2024-05-07 21:50:00,63538.19,63665.99,63474.01,63657.99,0,666235
2024-05-07 21:55:00,63657.99,64088.53,63629.01,64024.47,0,666236
2024-05-07 22:00:00,64024.47,64320.0,64021.37,64158.53,3,666237
2024-05-07 22:05:00,64158.54,64199.99,63947.63,63957.38,2,666238
2024-05-07 22:10:00,63957.37,63963.67,63804.38,63889.41,2,666239
2024-05-07 22:15:00,63889.41,63992.42,63750.37,63769.39,2,666240
2024-05-07 22:20:00,63769.4,63909.09,63733.44,63801.65,2,666241
2024-05-07 22:25:00,63801.65,63947.23,63775.67,63892.77,2,666242
2024-05-07 22:30:00,63892.78,63915.37,63667.05,63676.46,2,666243
2024-05-07 22:35:00,63676.46,63832.84,63584.28,63807.47,2,666244
2024-05-07 22:40:00,63807.47,63832.84,63668.47,63734.18,2,666245
2024-05-07 22:45:00,63734.19,63830.0,63734.18,63785.74,2,666246
2024-05-07 22:50:00,63785.75,63813.92,63742.38,63772.63,2,666247
2024-05-07 22:55:00,63772.62,63791.32,63709.75,63740.48,2,666248
2024-05-07 23:00:00,63740.48,63820.0,63720.0,63811.51,2,666249
2024-05-07 23:05:00,63811.51,63863.64,63811.51,63855.58,2,666250
2024-05-07 23:10:00,63855.58,63895.46,63763.07,63772.13,2,666251
2024-05-07 23:15:00,63772.14,63775.04,63706.77,63744.33,2,666252
2024-05-07 23:20:00,63744.32,63772.41,63740.0,63743.64,2,666253
2024-05-07 23:25:00,63743.65,63761.2,63657.5,63657.51,2,666254
2024-05-07 23:30:00,63657.52,63667.19,63455.56,63513.43,2,666255
2024-05-07 23:35:00,63513.42,63611.21,63506.36,63558.66,2,666256
2024-05-07 23:40:00,63558.65,63590.49,63526.66,63548.29,2,666257
2024-05-07 23:45:00,63548.29,63573.26,63483.0,63515.0,2,666258
2024-05-07 23:50:00,63515.0,63568.22,63506.8,63558.69,2,666259
2024-05-07 23:55:00,63558.69,63634.0,63533.67,63634.0,2,666260
2024-05-08 00:00:00,63633.99,63657.4,63447.42,63474.7,2,666261
2024-05-08 00:05:00,63474.7,63500.87,63352.64,63424.87,2,666262
2024-05-08 00:10:00,63424.88,63495.8,63360.61,63495.8,2,666263
2024-05-08 00:15:00,63495.8,63510.59,63438.26,63490.39,2,666264
2024-05-08 00:20:00,63490.39,63520.0,63480.31,63499.5,2,666265
2024-05-08 00:25:00,63499.5,63508.0,63376.99,63378.24,2,666266
2024-05-08 00:30:00,63378.24,63446.57,63344.89,63384.3,2,666267
2024-05-08 00:35:00,63384.3,63517.8,63384.3,63471.52,2,666268
2024-05-08 00:40:00,63471.53,63484.5,63423.15,63484.5,2,666269
2024-05-08 00:45:00,63484.5,63493.84,63339.99,63345.47,2,666270
2024-05-08 00:50:00,63345.48,63428.77,63310.84,63403.99,2,666271
2024-05-08 00:55:00,63403.98,63428.21,63337.58,63391.79,2,666272
2024-05-08 01:00:00,63391.79,63393.52,63255.74,63310.0,2,666273
2024-05-08 01:05:00,63310.0,63352.59,63239.0,63251.0,2,666274
2024-05-08 01:10:00,63251.01,63289.53,63235.19,63235.2,2,666275
2024-05-08 01:15:00,63235.19,63270.0,63160.5,63200.0,2,666276
2024-05-08 01:20:00,63200.0,63262.66,63155.0,63187.95,2,666277
2024-05-08 01:25:00,63187.95,63212.31,63116.6,63128.14,2,666278
2024-05-08 01:30:00,63128.14,63194.0,63000.0,63096.12,2,666279
2024-05-08 01:35:00,63096.12,63112.07,62829.0,62849.51,1,666280
2024-05-08 01:40:00,62849.52,62994.98,62789.89,62980.07,0,666281
2024-05-08 01:45:00,62980.07,63082.63,62933.06,63060.01,0,666282
2024-05-08 01:50:00,63060.01,63209.38,63033.0,63207.22,0,666283
2024-05-08 01:55:00,63207.21,63207.22,63095.8,63169.99,0,666284
2024-05-08 02:00:00,63169.99,63266.83,63164.68,63225.21,3,666285
2024-05-08 02:05:00,63225.21,63240.0,63155.53,63209.99,2,666286
2024-05-08 02:10:00,63210.0,63269.2,63162.97,63170.99,2,666287
2024-05-08 02:15:00,63170.98,63174.13,63053.0,63115.89,2,666288
2024-05-08 02:20:00,63115.9,63155.86,63112.96,63138.53,2,666289
2024-05-08 02:25:00,63138.53,63154.31,63114.78,63118.19,2,666290
2024-05-08 02:30:00,63118.2,63147.0,63100.0,63147.0,2,666291
2024-05-08 02:35:00,63146.99,63170.89,63117.17,63169.99,2,666292
2024-05-08 02:40:00,63170.0,63170.0,63119.99,63120.0,2,666293
2024-05-08 02:45:00,63120.0,63137.48,63053.02,63127.7,2,666294
2024-05-08 02:50:00,63127.7,63148.42,63093.91,63101.76,2,666295
2024-05-08 02:55:00,63101.75,63101.76,62961.81,63060.01,2,666296
2024-05-08 03:00:00,63060.0,63110.0,62992.0,63090.01,2,666297
2024-05-08 03:05:00,63090.01,63160.43,63083.6,63155.35,2,666298
2024-05-08 03:10:00,63155.35,63180.0,63129.4,63129.4,2,666299
2024-05-08 03:15:00,63129.41,63197.58,63125.0,63138.85,2,666300
2024-05-08 03:20:00,63138.86,63152.58,63106.64,63113.03,2,666301
2024-05-08 03:25:00,63113.03,63140.0,63025.35,63025.41,2,666302
2024-05-08 03:30:00,63025.41,63087.82,63000.0,63019.02,2,666303
2024-05-08 03:35:00,63019.02,63027.01,62944.27,63019.6,2,666304
2024-05-08 03:40:00,63019.6,63069.77,63002.0,63064.21,2,666305
2024-05-08 03:45:00,63064.21,63134.63,63039.0,63039.01,2,666306
2024-05-08 03:50:00,63039.0,63039.01,62888.68,63010.96,2,666307
2024-05-08 03:55:00,63010.96,63010.97,62958.04,62974.94,2,666308
2024-05-08 04:00:00,62974.94,63043.5,62961.19,63021.04,2,666309
2024-05-08 04:05:00,63021.03,63021.04,62990.55,63002.69,2,666310
2024-05-08 04:10:00,63002.68,63069.93,63002.68,63045.85,2,666311
2024-05-08 04:15:00,63045.85,63129.7,63045.85,63086.3,2,666312
2024-05-08 04:20:00,63086.3,63162.28,63086.29,63158.96,2,666313
2024-05-08 04:25:00,63158.95,63158.96,63112.24,63128.91,2,666314
2024-05-08 04:30:00,63128.9,63128.91,62983.24,62983.24,2,666315
2024-05-08 04:35:00,62983.24,63073.61,62930.84,63011.21,2,666316
2024-05-08 04:40:00,63011.2,63036.79,63011.19,63020.73,2,666317
2024-05-08 04:45:00,63020.73,63020.74,62835.0,62925.7,2,666318
2024-05-08 04:50:00,62925.7,62948.57,62855.84,62902.0,2,666319
2024-05-08 04:55:00,62902.01,63125.22,62902.0,63074.01,2,666320
2024-05-08 05:00:00,63074.01,63094.79,62975.8,63005.2,2,666321
2024-05-08 05:05:00,63004.67,63062.61,62942.0,62949.5,2,666322
2024-05-08 05:10:00,62949.5,62968.47,62805.0,62819.96,1,666323
2024-05-08 05:15:00,62819.96,62904.24,62738.8,62828.0,0,666324
2024-05-08 05:20:00,62828.0,62908.97,62827.99,62892.29,0,666325
2024-05-08 05:25:00,62892.28,63037.24,62881.4,63010.01,0,666326
2024-05-08 05:30:00,63010.0,63123.6,62999.64,63087.24,3,666327
2024-05-08 05:35:00,63087.24,63103.86,63010.5,63041.91,2,666328
2024-05-08 05:40:00,63041.91,63072.01,63009.72,63011.99,2,666329
2024-05-08 05:45:00,63011.99,63035.0,62910.28,62911.63,2,666330
2024-05-08 05:50:00,62911.63,62940.0,62840.99,62888.01,2,666331
2024-05-08 05:55:00,62888.01,62888.01,62840.0,62850.92,2,666332
2024-05-08 06:00:00,62850.92,62880.0,62339.28,62415.13,2,666333
2024-05-08 06:05:00,62415.13,62550.23,62261.0,62474.13,2,666334
2024-05-08 06:10:00,62474.13,62481.99,62370.0,62425.93,2,666335
2024-05-08 06:15:00,62425.94,62425.94,62284.5,62284.51,1,666336
2024-05-08 06:20:00,62284.5,62441.94,62261.0,62388.48,0,666337
2024-05-08 06:25:00,62388.48,62446.35,62310.0,62340.01,0,666338
2024-05-08 06:30:00,62340.01,62452.13,62304.82,62430.01,0,666339
2024-05-08 06:35:00,62430.0,62494.0,62427.63,62480.0,0,666340
2024-05-08 06:40:00,62479.99,62516.12,62464.0,62484.01,0,666341
2024-05-08 06:45:00,62484.0,62508.0,62405.05,62412.0,0,666342
2024-05-08 06:50:00,62411.99,62412.0,62320.57,62376.62,0,666343
2024-05-08 06:55:00,62376.62,62376.63,62264.55,62312.08,0,666344
2024-05-08 07:00:00,62312.07,62413.82,62281.09,62369.85,0,666345
2024-05-08 07:05:00,62369.86,62475.96,62344.0,62474.08,0,666346
2024-05-08 07:10:00,62474.07,62500.0,62411.58,62461.98,0,666347
2024-05-08 07:15:00,62461.98,62581.47,62381.06,62546.0,0,666348
2024-05-08 07:20:00,62545.99,62561.99,62473.98,62561.99,0,666349
2024-05-08 07:25:00,62561.98,62561.99,62400.45,62444.12,0,666350
2024-05-08 07:30:00,62444.13,62490.0,62111.0,62485.49,0,666351
2024-05-08 07:35:00,62485.49,62729.77,62360.97,62661.95,0,666352
2024-05-08 07:40:00,62661.94,62682.0,62569.92,62601.99,0,666353
2024-05-08 07:45:00,62601.99,62650.0,62512.46,62646.19,0,666354
2024-05-08 07:50:00,62646.19,62649.33,62564.0,62573.72,0,666355
2024-05-08 07:55:00,62573.73,62627.95,62573.71,62586.01,0,666356
2024-05-08 08:00:00,62586.01,62616.02,62515.8,62554.54,0,666357
2024-05-08 08:05:00,62554.53,62667.03,62554.53,62643.0,0,666358
2024-05-08 08:10:00,62643.01,62699.55,62600.7,62614.83,0,666359
2024-05-08 08:15:00,62614.84,62718.38,62563.54,62563.55,0,666360
2024-05-08 08:20:00,62563.55,62608.0,62524.27,62536.01,0,666361
2024-05-08 08:25:00,62536.01,62590.0,62490.0,62550.01,0,666362
2024-05-08 08:30:00,62550.01,62566.99,62430.0,62482.82,0,666363
2024-05-08 08:35:00,62482.82,62661.02,62467.05,62636.0,0,666364
2024-05-08 08:40:00,62636.01,62658.0,62559.77,62574.68,0,666365
2024-05-08 08:45:00,62574.67,62610.0,62512.86,62607.55,0,666366
2024-05-08 08:50:00,62607.54,62617.97,62552.0,62572.0,0,666367
2024-05-08 08:55:00,62572.01,62572.01,62510.26,62530.31,0,666368
2024-05-08 09:00:00,62530.31,62706.48,62530.3,62685.63,0,666369
2024-05-08 09:05:00,62685.64,62757.49,62640.0,62722.01,0,666370
2024-05-08 09:10:00,62722.0,62750.0,62643.81,62726.0,0,666371
2024-05-08 09:15:00,62726.0,62738.0,62644.13,62645.93,0,666372
2024-05-08 09:20:00,62645.93,62793.76,62645.92,62770.0,0,666373
2024-05-08 09:25:00,62770.0,62819.99,62740.6,62740.61,0,666374
2024-05-08 09:30:00,62740.61,62771.99,62713.49,62722.0,0,666375
2024-05-08 09:35:00,62721.99,62780.0,62721.99,62771.76,0,666376
2024-05-08 09:40:00,62771.77,62823.66,62754.74,62804.01,0,666377
2024-05-08 09:45:00,62804.0,62849.03,62760.0,62849.03,0,666378
2024-05-08 09:50:00,62849.03,62849.03,62774.17,62774.18,0,666379
2024-05-08 09:55:00,62774.17,62819.99,62754.75,62756.01,0,666380
2024-05-08 10:00:00,62756.0,62803.06,62742.01,62798.73,0,666381
2024-05-08 10:05:00,62798.73,62822.76,62769.32,62772.0,0,666382
2024-05-08 10:10:00,62772.0,62772.01,62720.0,62745.41,0,666383
2024-05-08 10:15:00,62745.4,62780.23,62649.3,62649.3,0,666384
2024-05-08 10:20:00,62649.31,62673.91,62588.0,62663.99,0,666385
2024-05-08 10:25:00,62663.98,62724.0,62663.98,62712.0,0,666386
2024-05-08 10:30:00,62712.0,62750.0,62701.58,62718.2,0,666387
2024-05-08 10:35:00,62718.19,62777.11,62718.19,62760.26,0,666388
2024-05-08 10:40:00,62760.27,62973.18,62754.0,62922.01,0,666389
2024-05-08 10:45:00,62922.01,62970.0,62888.0,62904.01,0,666390
2024-05-08 10:50:00,62904.01,62951.8,62873.08,62920.0,0,666391
2024-05-08 10:55:00,62920.0,62920.01,62858.33,62893.99,0,666392
2024-05-08 11:00:00,62894.0,62921.99,62858.33,62921.98,0,666393
2024-05-08 11:05:00,62921.98,62944.64,62893.83,62916.08,0,666394
2024-05-08 11:10:00,62916.08,62931.32,62883.27,62891.99,0,666395
2024-05-08 11:15:00,62891.99,62948.0,62882.0,62947.99,3,666396
2024-05-08 11:20:00,62948.0,63020.22,62888.0,62913.99,2,666397
2024-05-08 11:25:00,62914.0,62914.0,62796.54,62796.55,2,666398
2024-05-08 11:30:00,62796.54,62796.55,62669.13,62689.98,2,666399
2024-05-08 11:35:00,62689.99,62724.0,62573.25,62612.26,2,666400
2024-05-08 11:40:00,62612.26,62612.26,62358.09,62548.22,2,666401
2024-05-08 11:45:00,62548.22,62655.99,62540.0,62655.98,2,666402
2024-05-08 11:50:00,62655.98,62655.99,62600.0,62613.72,2,666403
2024-05-08 11:55:00,62613.72,62639.99,62492.97,62520.15,2,666404
2024-05-08 12:00:00,62520.15,62539.77,62361.51,62442.0,1,666405
2024-05-08 12:05:00,62442.0,62489.4,62400.67,62478.0,0,666406
2024-05-08 12:10:00,62478.0,62537.02,62478.0,62493.99,0,666407
2024-05-08 12:15:00,62494.0,62600.0,62460.0,62590.65,0,666408
2024-05-08 12:20:00,62590.64,62609.61,62562.0,62596.0,0,666409
2024-05-08 12:25:00,62596.01,62665.96,62596.0,62642.01,0,666410
2024-05-08 12:30:00,62642.01,62760.0,62618.0,62720.02,3,666411
2024-05-08 12:35:00,62720.02,62747.14,62690.49,62700.0,2,666412
2024-05-08 12:40:00,62699.99,62700.0,62670.0,62698.77,2,666413
2024-05-08 12:45:00,62698.78,62698.78,62610.0,62635.21,2,666414
2024-05-08 12:50:00,62635.21,62645.91,62571.23,62645.91,2,666415
2024-05-08 12:55:00,62645.9,62645.92,62600.0,62617.71,2,666416
2024-05-08 13:00:00,62617.71,62709.63,62591.99,62676.84,2,666417
2024-05-08 13:05:00,62676.84,62688.0,62626.44,62636.0,2,666418
2024-05-08 13:10:00,62635.99,62636.0,62518.61,62540.0,2,666419
2024-05-08 13:15:00,62539.99,62540.0,62400.0,62406.0,2,666420
2024-05-08 13:20:00,62406.0,62406.0,62182.97,62226.01,2,666421
2024-05-08 13:25:00,62226.01,62269.58,62135.48,62185.99,1,666422
2024-05-08 13:30:00,62186.0,62354.49,62146.31,62334.0,0,666423
2024-05-08 13:35:00,62333.99,62535.99,62244.7,62513.01,3,666424
2024-05-08 13:40:00,62513.0,62520.0,62417.69,62433.38,2,666425
2024-05-08 13:45:00,62433.37,62496.1,62400.0,62473.99,2,666426
2024-05-08 13:50:00,62473.99,62507.36,62451.87,62488.01,2,666427
2024-05-08 13:55:00,62488.01,62548.0,62488.0,62505.98,2,666428
2024-05-08 14:00:00,62505.99,62603.64,62461.51,62502.93,2,666429
2024-05-08 14:05:00,62502.94,62510.67,62349.99,62375.38,2,666430
