date,open,high,low,close,label,source_idx
2022-11-12 21:25:00,16879.03,16887.63,16855.63,16871.03,0,510150
2022-11-12 21:30:00,16869.27,16904.8,16868.4,16896.54,0,510151
2022-11-12 21:35:00,16895.14,16897.47,16855.67,16863.14,0,510152
2022-11-12 21:40:00,16863.14,16886.25,16855.84,16872.27,0,510153
2022-11-12 21:45:00,16871.36,16964.9,16870.74,16933.22,0,510154
2022-11-12 21:50:00,16931.48,16936.63,16873.54,16892.17,0,510155
2022-11-12 21:55:00,16893.36,16916.22,16876.51,16900.01,0,510156
2022-11-12 22:00:00,16901.33,16924.57,16873.84,16902.11,0,510157
2022-11-12 22:05:00,16902.11,16987.0,16899.71,16963.54,0,510158
2022-11-12 22:10:00,16963.54,16996.35,16935.0,16984.09,3,510159
2022-11-12 22:15:00,16984.73,16995.39,16959.49,16977.19,2,510160
2022-11-12 22:20:00,16975.97,16979.88,16940.01,16941.59,2,510161
2022-11-12 22:25:00,16941.59,16958.26,16928.08,16936.8,2,510162
2022-11-12 22:30:00,16935.39,16964.27,16935.39,16953.86,2,510163
2022-11-12 22:35:00,16953.86,16955.24,16914.52,16923.99,2,510164
2022-11-12 22:40:00,16923.99,16943.29,16919.02,16923.45,2,510165
2022-11-12 22:45:00,16924.64,16939.77,16914.11,16920.91,2,510166
2022-11-12 22:50:00,16922.53,16952.04,16916.02,16941.34,2,510167
2022-11-12 22:55:00,16941.34,16943.28,16912.41,16935.74,2,510168
2022-11-12 23:00:00,16935.74,16944.59,16904.41,16921.62,2,510169
2022-11-12 23:05:00,16921.62,16940.0,16913.24,16925.94,2,510170
2022-11-12 23:10:00,16925.94,16955.0,16924.02,16950.75,2,510171
2022-11-12 23:15:00,16950.75,16964.37,16911.87,16923.66,2,510172
2022-11-12 23:20:00,16923.66,16928.1,16889.57,16899.34,2,510173
2022-11-12 23:25:00,16899.34,16910.78,16885.06,16890.97,2,510174
2022-11-12 23:30:00,16890.97,16900.0,16878.25,16887.43,2,510175
2022-11-12 23:35:00,16887.43,16900.01,16883.6,16893.83,2,510176
2022-11-12 23:40:00,16895.24,16906.4,16882.0,16901.71,2,510177
2022-11-12 23:45:00,16901.71,16922.86,16890.53,16901.51,2,510178
2022-11-12 23:50:00,16901.51,16903.39,16870.01,16880.79,2,510179
2022-11-12 23:55:00,16882.26,16893.9,16878.8,16888.68,2,510180
2022-11-13 00:00:00,16889.57,16889.86,16857.47,16877.77,2,510181
2022-11-13 00:05:00,16876.84,16882.47,16860.43,16876.63,2,510182
2022-11-13 00:10:00,16876.63,16910.83,16861.29,16883.08,2,510183
2022-11-13 00:15:00,16883.08,16891.44,16868.2,16873.96,2,510184
2022-11-13 00:20:00,16873.96,16908.99,16870.16,16899.28,2,510185
2022-11-13 00:25:00,16899.27,16908.59,16870.36,16882.72,2,510186
2022-11-13 00:30:00,16882.72,16903.91,16870.0,16898.11,2,510187
2022-11-13 00:35:00,16897.37,16903.66,16886.55,16888.38,2,510188
2022-11-13 00:40:00,16888.38,16904.21,16883.76,16893.77,2,510189
2022-11-13 00:45:00,16893.77,16908.18,16889.79,16890.77,2,510190
2022-11-13 00:50:00,16890.77,16899.86,16885.61,16891.43,2,510191
2022-11-13 00:55:00,16890.54,16893.21,16881.68,16891.69,2,510192
2022-11-13 01:00:00,16891.69,16898.23,16882.26,16896.69,2,510193
2022-11-13 01:05:00,16897.98,16899.99,16871.7,16873.39,2,510194
2022-11-13 01:10:00,16872.57,16878.32,16830.0,16865.48,2,510195
2022-11-13 01:15:00,16866.68,16881.92,16848.38,16863.96,2,510196
2022-11-13 01:20:00,16863.96,16871.49,16836.4,16841.72,1,510197
2022-11-13 01:25:00,16842.83,16860.11,16833.25,16844.72,0,510198
2022-11-13 01:30:00,16844.72,16862.39,16839.16,16844.0,0,510199
2022-11-13 01:35:00,16842.73,16855.1,16830.0,16849.5,0,510200
2022-11-13 01:40:00,16850.65,16856.0,16833.31,16856.0,0,510201
2022-11-13 01:45:00,16856.0,16877.56,16844.37,16873.41,0,510202
2022-11-13 01:50:00,16872.54,16875.92,16849.44,16866.91,0,510203
2022-11-13 01:55:00,16866.91,16879.99,16860.0,16871.49,0,510204
2022-11-13 02:00:00,16871.49,16875.71,16853.3,16860.88,0,510205
2022-11-13 02:05:00,16861.57,16869.02,16846.82,16864.89,0,510206
2022-11-13 02:10:00,16863.67,16877.26,16860.01,16865.19,0,510207
2022-11-13 02:15:00,16866.26,16875.44,16860.0,16861.33,0,510208
2022-11-13 02:20:00,16861.91,16880.06,16860.01,16879.01,0,510209
2022-11-13 02:25:00,16879.01,16892.07,16876.15,16882.59,0,510210
2022-11-13 02:30:00,16882.59,16889.86,16877.0,16880.91,0,510211
2022-11-13 02:35:00,16882.18,16900.0,16880.0,16892.75,0,510212
2022-11-13 02:40:00,16891.87,16902.03,16878.99,16883.8,0,510213
2022-11-13 02:45:00,16883.13,16892.13,16860.51,16870.91,0,510214
2022-11-13 02:50:00,16871.62,16896.99,16869.34,16895.22,3,510215
2022-11-13 02:55:00,16895.22,16899.73,16881.7,16891.32,2,510216
2022-11-13 03:00:00,16892.41,16897.68,16884.8,16885.72,2,510217
2022-11-13 03:05:00,16885.76,16889.99,16873.9,16885.99,2,510218
2022-11-13 03:10:00,16885.99,16896.73,16871.61,16892.68,2,510219
2022-11-13 03:15:00,16891.69,16893.0,16878.84,16881.4,2,510220
2022-11-13 03:20:00,16881.4,16887.96,16856.55,16865.85,2,510221
2022-11-13 03:25:00,16865.86,16867.49,16843.08,16866.64,2,510222
2022-11-13 03:30:00,16864.67,16866.85,16819.13,16834.46,2,510223
2022-11-13 03:35:00,16835.19,16843.31,16833.45,16839.04,2,510224
2022-11-13 03:40:00,16839.04,16851.72,16825.25,16825.32,2,510225
2022-11-13 03:45:00,16825.32,16829.24,16791.71,16796.35,1,510226
2022-11-13 03:50:00,16795.92,16821.87,16794.36,16819.31,0,510227
2022-11-13 03:55:00,16818.15,16830.6,16808.14,16820.32,0,510228
2022-11-13 04:00:00,16820.98,16830.48,16805.04,16830.06,0,510229
2022-11-13 04:05:00,16830.1,16839.46,16824.93,16833.6,0,510230
2022-11-13 04:10:00,16833.6,16862.5,16828.73,16847.73,0,510231
2022-11-13 04:15:00,16848.68,16854.06,16832.21,16839.53,0,510232
2022-11-13 04:20:00,16839.54,16848.45,16767.73,16798.68,0,510233
2022-11-13 04:25:00,16798.68,16809.72,16783.14,16786.98,0,510234
2022-11-13 04:30:00,16787.9,16827.66,16785.2,16803.43,0,510235
2022-11-13 04:35:00,16802.54,16826.51,16801.63,16824.84,0,510236
2022-11-13 04:40:00,16826.51,16834.22,16808.26,16813.63,0,510237
2022-11-13 04:45:00,16814.56,16831.06,16810.87,16814.3,0,510238
2022-11-13 04:50:00,16814.3,16827.59,16808.89,16820.75,0,510239
2022-11-13 04:55:00,16821.81,16825.59,16814.92,16819.64,0,510240
2022-11-13 05:00:00,16818.73,16819.99,16810.0,16813.56,0,510241
2022-11-13 05:05:00,16813.09,16830.88,16812.25,16822.96,0,510242
2022-11-13 05:10:00,16822.73,16823.44,16791.0,16808.26,0,510243
2022-11-13 05:15:00,16807.59,16831.0,16803.45,16828.57,0,510244
2022-11-13 05:20:00,16828.57,16847.44,16824.51,16844.7,3,510245
2022-11-13 05:25:00,16844.67,16846.43,16824.45,16835.27,2,510246
2022-11-13 05:30:00,16834.46,16840.73,16825.0,16836.64,2,510247
2022-11-13 05:35:00,16837.56,16840.96,16831.8,16838.48,2,510248
2022-11-13 05:40:00,16838.48,16858.04,16834.6,16840.57,2,510249
2022-11-13 05:45:00,16840.57,16846.63,16834.44,16840.2,2,510250
2022-11-13 05:50:00,16840.2,16840.2,16830.0,16831.69,2,510251
2022-11-13 05:55:00,16831.69,16838.32,16826.02,16835.63,2,510252
2022-11-13 06:00:00,16835.63,16840.15,16828.1,16830.18,2,510253
2022-11-13 06:05:00,16830.18,16838.0,16820.97,16822.45,2,510254
2022-11-13 06:10:00,16822.45,16831.06,16810.82,16813.09,2,510255
2022-11-13 06:15:00,16813.09,16829.93,16811.07,16823.4,2,510256
2022-11-13 06:20:00,16823.4,16840.0,16821.8,16834.4,2,510257
2022-11-13 06:25:00,16834.4,16838.66,16767.73,16782.87,2,510258
2022-11-13 06:30:00,16784.45,16800.89,16760.0,16769.96,1,510259
2022-11-13 06:35:00,16769.96,16801.15,16760.34,16794.71,0,510260
2022-11-13 06:40:00,16794.71,16812.64,16780.0,16792.67,0,510261
2022-11-13 06:45:00,16791.22,16800.94,16768.05,16799.43,0,510262
2022-11-13 06:50:00,16798.41,16811.86,16791.77,16801.42,0,510263
2022-11-13 06:55:00,16801.42,16813.54,16792.43,16812.08,0,510264
2022-11-13 07:00:00,16813.16,16813.16,16795.09,16798.02,0,510265
2022-11-13 07:05:00,16798.66,16810.96,16774.07,16810.86,0,510266
2022-11-13 07:10:00,16810.15,16820.2,16787.31,16810.11,0,510267
2022-11-13 07:15:00,16811.27,16830.88,16800.15,16822.98,0,510268
2022-11-13 07:20:00,16822.98,16850.0,16821.82,16847.02,0,510269
2022-11-13 07:25:00,16847.02,16853.33,16833.69,16850.17,0,510270
2022-11-13 07:30:00,16850.17,16886.0,16837.4,16851.28,0,510271
2022-11-13 07:35:00,16850.23,16857.43,16837.89,16851.6,0,510272
2022-11-13 07:40:00,16851.6,16865.0,16841.13,16863.54,0,510273
2022-11-13 07:45:00,16863.54,16868.32,16845.12,16853.67,0,510274
2022-11-13 07:50:00,16852.36,16857.73,16840.0,16851.24,0,510275
2022-11-13 07:55:00,16851.24,16856.76,16840.11,16842.6,0,510276
2022-11-13 08:00:00,16841.84,16868.91,16840.1,16862.93,0,510277
2022-11-13 08:05:00,16863.3,16869.32,16857.24,16863.75,0,510278
2022-11-13 08:10:00,16862.89,16867.45,16848.14,16863.35,0,510279
2022-11-13 08:15:00,16862.5,16877.64,16858.95,16870.0,0,510280
2022-11-13 08:20:00,16870.0,16872.88,16851.79,16855.9,0,510281
2022-11-13 08:25:00,16856.45,16863.39,16850.95,16853.6,0,510282
2022-11-13 08:30:00,16854.12,16869.0,16848.99,16868.05,0,510283
2022-11-13 08:35:00,16868.06,16876.73,16863.42,16869.8,0,510284
2022-11-13 08:40:00,16870.8,16894.99,16869.33,16883.06,0,510285
2022-11-13 08:45:00,16883.76,16905.9,16860.0,16864.26,0,510286
2022-11-13 08:50:00,16863.69,16877.4,16859.86,16859.86,0,510287
2022-11-13 08:55:00,16859.86,16887.22,16858.57,16879.34,0,510288
2022-11-13 09:00:00,16878.63,16901.19,16871.06,16883.67,0,510289
2022-11-13 09:05:00,16883.67,16900.0,16870.01,16899.02,0,510290
2022-11-13 09:10:00,16898.62,16904.0,16861.51,16870.43,0,510291
2022-11-13 09:15:00,16871.94,16881.26,16856.99,16876.56,0,510292
2022-11-13 09:20:00,16877.18,16890.31,16874.73,16882.91,0,510293
2022-11-13 09:25:00,16883.08,16905.19,16879.4,16895.95,0,510294
2022-11-13 09:30:00,16895.95,16898.65,16872.61,16877.72,0,510295
2022-11-13 09:35:00,16878.59,16885.22,16875.02,16884.78,0,510296
2022-11-13 09:40:00,16885.22,16895.48,16880.61,16893.15,0,510297
2022-11-13 09:45:00,16893.2,16897.03,16878.55,16880.93,0,510298
2022-11-13 09:50:00,16880.57,16887.28,16875.1,16879.12,0,510299
2022-11-13 09:55:00,16879.12,16896.92,16877.51,16895.56,0,510300
2022-11-13 10:00:00,16894.79,16954.28,16885.1,16921.22,0,510301
2022-11-13 10:05:00,16921.67,16928.0,16894.37,16917.32,0,510302
2022-11-13 10:10:00,16916.01,16919.7,16872.86,16894.27,0,510303
2022-11-13 10:15:00,16894.27,16900.36,16874.62,16882.74,0,510304
2022-11-13 10:20:00,16881.83,16884.7,16865.08,16882.11,0,510305
2022-11-13 10:25:00,16882.11,16890.0,16870.0,16884.07,0,510306
2022-11-13 10:30:00,16885.08,16903.89,16879.2,16898.12,0,510307
2022-11-13 10:35:00,16898.12,16922.73,16890.92,16909.72,0,510308
2022-11-13 10:40:00,16908.64,16937.08,16906.51,16925.69,3,510309
2022-11-13 10:45:00,16925.8,16943.73,16900.42,16907.3,2,510310
2022-11-13 10:50:00,16907.29,16920.12,16900.31,16910.23,2,510311
2022-11-13 10:55:00,16910.23,16930.04,16909.0,16914.6,2,510312
2022-11-13 11:00:00,16915.02,16925.16,16909.0,16920.81,2,510313
2022-11-13 11:05:00,16921.0,16926.15,16912.26,16914.71,2,510314
2022-11-13 11:10:00,16914.71,16919.99,16906.2,16906.76,2,510315
2022-11-13 11:15:00,16907.23,16908.84,16888.41,16894.81,2,510316
2022-11-13 11:20:00,16893.78,16909.89,16893.39,16899.59,2,510317
2022-11-13 11:25:00,16900.23,16906.81,16889.06,16890.46,2,510318
2022-11-13 11:30:00,16890.46,16905.0,16889.55,16894.76,2,510319
2022-11-13 11:35:00,16895.61,16896.69,16873.68,16875.81,2,510320
2022-11-13 11:40:00,16875.17,16891.73,16860.01,16872.05,2,510321
2022-11-13 11:45:00,16872.05,16889.83,16868.12,16876.08,2,510322
2022-11-13 11:50:00,16876.68,16881.97,16857.4,16865.72,2,510323
2022-11-13 11:55:00,16866.47,16872.78,16854.16,16863.77,2,510324
2022-11-13 12:00:00,16864.6,16867.26,16853.47,16861.64,2,510325
2022-11-13 12:05:00,16861.64,16863.39,16851.45,16855.49,2,510326
2022-11-13 12:10:00,16854.69,16866.61,16854.12,16857.53,2,510327
2022-11-13 12:15:00,16857.53,16860.49,16850.0,16852.83,2,510328
2022-11-13 12:20:00,16852.83,16858.22,16837.18,16856.37,2,510329
2022-11-13 12:25:00,16855.63,16857.6,16846.27,16849.16,2,510330
2022-11-13 12:30:00,16849.16,16864.99,16837.66,16862.3,2,510331
2022-11-13 12:35:00,16862.3,16866.44,16858.3,16863.05,2,510332
2022-11-13 12:40:00,16862.29,16873.12,16856.09,16856.41,2,510333
2022-11-13 12:45:00,16857.0,16863.5,16854.11,16858.66,2,510334
2022-11-13 12:50:00,16860.08,16860.16,16843.86,16846.76,2,510335
2022-11-13 12:55:00,16846.76,16867.36,16845.93,16853.68,2,510336
2022-11-13 13:00:00,16853.68,16858.48,16842.9,16845.84,2,510337
2022-11-13 13:05:00,16845.49,16853.8,16843.61,16849.72,2,510338
2022-11-13 13:10:00,16849.72,16866.12,16849.72,16862.98,2,510339
2022-11-13 13:15:00,16862.98,16867.88,16860.13,16862.4,2,510340
2022-11-13 13:20:00,16862.4,16866.75,16849.61,16851.08,2,510341
2022-11-13 13:25:00,16851.08,16856.11,16795.19,16807.98,2,510342
2022-11-13 13:30:00,16807.19,16820.0,16766.35,16773.08,2,510343
2022-11-13 13:35:00,16773.08,16824.05,16770.43,16812.78,2,510344
2022-11-13 13:40:00,16812.78,16825.92,16790.01,16806.79,2,510345
2022-11-13 13:45:00,16806.79,16810.35,16690.16,16713.15,2,510346
2022-11-13 13:50:00,16712.23,16737.78,16686.48,16732.49,2,510347
2022-11-13 13:55:00,16732.49,16734.97,16680.0,16684.45,2,510348
2022-11-13 14:00:00,16684.45,16685.29,16562.82,16648.38,1,510349
2022-11-13 14:05:00,16648.19,16738.41,16643.54,16725.89,0,510350
2022-11-13 14:10:00,16726.92,16774.08,16703.21,16747.97,0,510351
2022-11-13 14:15:00,16749.15,16764.49,16706.35,16714.14,0,510352
2022-11-13 14:20:00,16714.14,16727.21,16683.96,16701.4,0,510353
2022-11-13 14:25:00,16702.51,16720.86,16695.08,16695.68,0,510354
2022-11-13 14:30:00,16695.68,16751.7,16693.01,16714.33,0,510355
2022-11-13 14:35:00,16713.22,16714.72,16686.91,16706.16,0,510356
2022-11-13 14:40:00,16706.82,16755.0,16704.01,16752.57,0,510357
2022-11-13 14:45:00,16753.47,16775.74,16737.5,16766.99,0,510358
2022-11-13 14:50:00,16765.81,16793.5,16745.0,16788.11,3,510359
2022-11-13 14:55:00,16787.93,16801.01,16769.01,16774.99,2,510360
2022-11-13 15:00:00,16774.99,16795.92,16760.03,16788.03,2,510361
2022-11-13 15:05:00,16787.21,16788.31,16745.0,16753.0,2,510362
2022-11-13 15:10:00,16753.75,16761.5,16743.81,16745.24,2,510363
2022-11-13 15:15:00,16745.24,16746.48,16723.11,16727.1,2,510364
2022-11-13 15:20:00,16727.1,16736.91,16701.13,16712.99,2,510365
2022-11-13 15:25:00,16712.99,16741.01,16711.87,16723.33,2,510366
2022-11-13 15:30:00,16723.33,16737.32,16720.24,16732.22,2,510367
2022-11-13 15:35:00,16731.37,16740.86,16715.0,16717.48,2,510368
2022-11-13 15:40:00,16717.51,16738.28,16706.01,16712.17,2,510369
2022-11-13 15:45:00,16712.17,16727.09,16688.0,16697.18,2,510370
2022-11-13 15:50:00,16697.18,16714.32,16663.51,16678.23,2,510371
2022-11-13 15:55:00,16678.23,16692.0,16606.05,16650.36,2,510372
2022-11-13 16:00:00,16650.89,16675.07,16615.12,16630.92,2,510373
2022-11-13 16:05:00,16632.25,16640.7,16435.23,16482.45,1,510374
2022-11-13 16:10:00,16481.92,16528.79,16457.92,16516.3,0,510375
2022-11-13 16:15:00,16516.3,16568.71,16502.55,16524.79,0,510376
2022-11-13 16:20:00,16525.31,16567.2,16517.51,16549.28,0,510377
2022-11-13 16:25:00,16549.28,16551.62,16466.47,16484.53,0,510378
2022-11-13 16:30:00,16484.54,16535.77,16450.0,16519.18,0,510379
2022-11-13 16:35:00,16520.84,16537.24,16510.0,16519.15,0,510380
2022-11-13 16:40:00,16519.15,16581.16,16509.0,16562.99,3,510381
2022-11-13 16:45:00,16562.02,16575.58,16533.3,16540.53,2,510382
2022-11-13 16:50:00,16538.7,16553.58,16530.0,16537.41,2,510383
2022-11-13 16:55:00,16536.23,16550.0,16523.52,16538.58,2,510384
2022-11-13 17:00:00,16538.58,16578.01,16526.16,16555.97,2,510385
2022-11-13 17:05:00,16555.97,16563.77,16514.14,16518.45,2,510386
2022-11-13 17:10:00,16516.97,16530.47,16508.01,16512.77,1,510387
2022-11-13 17:15:00,16512.77,16541.63,16510.41,16519.39,0,510388
2022-11-13 17:20:00,16519.16,16569.79,16514.98,16563.52,0,510389
2022-11-13 17:25:00,16561.83,16625.82,16561.24,16600.91,0,510390
2022-11-13 17:30:00,16600.91,16606.66,16577.14,16583.58,0,510391
2022-11-13 17:35:00,16583.58,16594.85,16573.46,16582.26,0,510392
2022-11-13 17:40:00,16582.26,16589.93,16566.77,16579.9,0,510393
2022-11-13 17:45:00,16579.89,16599.86,16570.13,16578.76,0,510394
2022-11-13 17:50:00,16579.58,16599.99,16552.45,16582.12,0,510395
2022-11-13 17:55:00,16582.12,16605.7,16576.37,16585.14,0,510396
2022-11-13 18:00:00,16585.14,16599.0,16566.59,16579.35,0,510397
2022-11-13 18:05:00,16580.09,16583.46,16563.19,16569.61,0,510398
2022-11-13 18:10:00,16569.61,16579.23,16563.31,16569.51,0,510399
2022-11-13 18:15:00,16568.86,16593.32,16567.97,16577.08,0,510400
2022-11-13 18:20:00,16577.08,16604.0,16562.43,16602.39,0,510401
2022-11-13 18:25:00,16602.39,16684.99,16589.76,16666.56,0,510402
2022-11-13 18:30:00,16667.87,16728.12,16631.31,16721.23,3,510403
2022-11-13 18:35:00,16721.23,16725.8,16655.66,16657.48,2,510404
2022-11-13 18:40:00,16657.46,16677.0,16646.37,16672.89,2,510405
2022-11-13 18:45:00,16672.89,16706.15,16651.42,16678.3,2,510406
2022-11-13 18:50:00,16678.3,16710.53,16654.0,16662.98,2,510407
2022-11-13 18:55:00,16662.98,16674.11,16657.49,16659.23,2,510408
2022-11-13 19:00:00,16659.23,16671.76,16651.04,16652.76,2,510409
2022-11-13 19:05:00,16653.52,16658.8,16640.0,16646.35,2,510410
2022-11-13 19:10:00,16646.97,16652.93,16627.0,16629.94,2,510411
2022-11-13 19:15:00,16629.94,16649.99,16617.47,16640.26,2,510412
2022-11-13 19:20:00,16640.26,16648.96,16632.67,16638.04,2,510413
2022-11-13 19:25:00,16638.04,16639.98,16590.1,16620.56,2,510414
2022-11-13 19:30:00,16619.87,16627.37,16605.01,16617.39,2,510415
2022-11-13 19:35:00,16618.27,16630.0,16605.0,16611.9,2,510416
2022-11-13 19:40:00,16612.85,16615.08,16597.01,16605.3,2,510417
2022-11-13 19:45:00,16605.3,16623.76,16593.02,16614.93,2,510418
2022-11-13 19:50:00,16615.63,16639.99,16611.24,16621.84,2,510419
2022-11-13 19:55:00,16622.49,16639.97,16605.0,16609.22,2,510420
2022-11-13 20:00:00,16609.78,16621.73,16590.02,16598.11,1,510421
2022-11-13 20:05:00,16598.11,16631.94,16597.0,16628.68,0,510422
2022-11-13 20:10:00,16629.55,16631.96,16618.15,16626.29,0,510423
2022-11-13 20:15:00,16625.66,16639.99,16616.97,16637.82,0,510424
2022-11-13 20:20:00,16638.68,16648.7,16627.04,16635.17,0,510425
2022-11-13 20:25:00,16635.97,16636.66,16596.99,16610.41,0,510426
2022-11-13 20:30:00,16610.41,16631.1,16606.59,16619.5,0,510427
2022-11-13 20:35:00,16620.57,16676.97,16610.83,16670.83,0,510428
2022-11-13 20:40:00,16671.7,16707.08,16653.74,16672.73,0,510429
2022-11-13 20:45:00,16672.73,16680.75,16641.49,16655.25,0,510430
2022-11-13 20:50:00,16654.44,16680.0,16648.0,16667.97,0,510431
2022-11-13 20:55:00,16667.97,16678.24,16651.19,16669.53,0,510432
2022-11-13 21:00:00,16669.53,16690.95,16656.57,16684.0,0,510433
2022-11-13 21:05:00,16684.0,16714.26,16677.67,16693.49,3,510434
2022-11-13 21:10:00,16694.17,16703.18,16677.62,16678.99,2,510435
2022-11-13 21:15:00,16678.74,16690.0,16662.67,16668.79,2,510436
2022-11-13 21:20:00,16669.11,16672.43,16650.77,16663.43,2,510437
2022-11-13 21:25:00,16662.46,16675.58,16641.43,16649.85,2,510438
2022-11-13 21:30:00,16648.95,16666.2,16632.24,16652.94,2,510439
2022-11-13 21:35:00,16652.9,16682.51,16645.29,16647.84,2,510440
2022-11-13 21:40:00,16647.84,16654.98,16621.0,16636.74,2,510441
2022-11-13 21:45:00,16636.74,16656.13,16630.55,16645.78,2,510442
2022-11-13 21:50:00,16645.78,16654.28,16618.48,16632.29,2,510443
2022-11-13 21:55:00,16633.06,16647.2,16616.92,16632.93,2,510444
2022-11-13 22:00:00,16633.82,16643.19,16628.79,16632.11,2,510445
2022-11-13 22:05:00,16632.11,16652.36,16616.32,16629.44,2,510446
2022-11-13 22:10:00,16630.29,16631.22,16601.0,16615.12,2,510447
2022-11-13 22:15:00,16616.02,16646.98,16605.0,16613.92,2,510448
2022-11-13 22:20:00,16613.92,16619.72,16521.53,16550.17,2,510449
2022-11-13 22:25:00,16550.41,16575.0,16517.85,16564.06,2,510450
2022-11-13 22:30:00,16564.89,16577.25,16526.92,16555.05,2,510451
2022-11-13 22:35:00,16553.44,16590.82,16522.01,16580.25,2,510452
2022-11-13 22:40:00,16580.25,16597.99,16567.12,16586.59,2,510453
2022-11-13 22:45:00,16586.59,16607.85,16574.79,16578.52,2,510454
2022-11-13 22:50:00,16578.52,16581.66,16551.59,16554.16,2,510455
2022-11-13 22:55:00,16554.65,16588.13,16552.73,16580.79,2,510456
2022-11-13 23:00:00,16579.49,16598.71,16557.01,16560.53,2,510457
2022-11-13 23:05:00,16561.17,16588.82,16555.68,16585.32,2,510458
2022-11-13 23:10:00,16585.32,16600.47,16560.59,16563.93,2,510459
2022-11-13 23:15:00,16562.91,16578.92,16546.81,16564.07,2,510460
2022-11-13 23:20:00,16565.44,16566.25,16524.65,16545.14,2,510461
2022-11-13 23:25:00,16545.24,16577.56,16485.32,16571.46,2,510462
2022-11-13 23:30:00,16571.46,16590.0,16552.31,16564.45,2,510463
2022-11-13 23:35:00,16563.16,16571.63,16542.51,16549.09,2,510464
2022-11-13 23:40:00,16548.08,16565.04,16539.96,16559.02,2,510465
2022-11-13 23:45:00,16559.76,16597.12,16550.04,16588.48,2,510466
2022-11-13 23:50:00,16588.48,16621.23,16587.99,16592.51,2,510467
2022-11-13 23:55:00,16593.35,16602.4,16575.71,16586.45,2,510468
2022-11-14 00:00:00,16586.45,16591.96,16569.12,16583.87,2,510469
2022-11-14 00:05:00,16583.87,16590.01,16562.22,16575.17,2,510470
2022-11-14 00:10:00,16574.13,16580.42,16515.55,16518.77,2,510471
2022-11-14 00:15:00,16517.85,16548.77,16463.68,16536.02,2,510472
2022-11-14 00:20:00,16536.02,16537.19,16490.06,16513.8,2,510473
2022-11-14 00:25:00,16512.78,16544.99,16510.1,16521.99,2,510474
2022-11-14 00:30:00,16520.74,16530.99,16488.5,16510.66,2,510475
2022-11-14 00:35:00,16510.66,16551.79,16510.31,16544.73,2,510476
2022-11-14 00:40:00,16543.79,16561.68,16536.63,16542.96,2,510477
2022-11-14 00:45:00,16542.96,16559.29,16530.9,16550.71,2,510478
2022-11-14 00:50:00,16549.9,16573.7,16547.91,16555.69,2,510479
2022-11-14 00:55:00,16556.6,16569.48,16545.26,16551.89,2,510480
2022-11-14 01:00:00,16551.44,16566.96,16539.05,16551.44,2,510481
2022-11-14 01:05:00,16551.44,16568.64,16528.12,16538.26,2,510482
2022-11-14 01:10:00,16539.16,16555.99,16521.0,16525.4,2,510483
2022-11-14 01:15:00,16525.4,16532.69,16473.28,16495.41,2,510484
2022-11-14 01:20:00,16495.05,16522.12,16479.24,16512.33,2,510485
2022-11-14 01:25:00,16512.33,16516.32,16479.0,16484.09,2,510486
2022-11-14 01:30:00,16484.1,16509.0,16461.16,16482.02,1,510487
2022-11-14 01:35:00,16481.06,16504.33,16480.28,16492.7,0,510488
2022-11-14 01:40:00,16493.03,16511.02,16486.88,16508.13,0,510489
2022-11-14 01:45:00,16506.73,16522.33,16495.0,16506.24,0,510490
2022-11-14 01:50:00,16506.01,16517.83,16493.79,16505.01,0,510491
2022-11-14 01:55:00,16505.01,16537.29,16497.49,16527.06,0,510492
2022-11-14 02:00:00,16527.06,16544.06,16513.16,16528.92,0,510493
2022-11-14 02:05:00,16528.92,16529.18,16502.8,16509.7,0,510494
2022-11-14 02:10:00,16510.2,16527.37,16504.66,16515.18,0,510495
2022-11-14 02:15:00,16515.18,16530.65,16498.0,16510.96,0,510496
2022-11-14 02:20:00,16510.96,16562.58,16509.89,16559.8,0,510497
2022-11-14 02:25:00,16558.58,16579.58,16543.5,16549.04,0,510498
2022-11-14 02:30:00,16549.04,16562.61,16543.82,16554.4,0,510499
2022-11-14 02:35:00,16554.4,16574.25,16545.6,16548.34,0,510500
2022-11-14 02:40:00,16549.2,16559.83,16540.0,16546.64,0,510501
2022-11-14 02:45:00,16546.64,16569.57,16530.01,16542.64,0,510502
2022-11-14 02:50:00,16540.49,16555.0,16538.79,16547.95,0,510503
2022-11-14 02:55:00,16547.95,16562.84,16543.08,16554.6,0,510504
2022-11-14 03:00:00,16553.35,16583.15,16533.52,16546.95,0,510505
2022-11-14 03:05:00,16546.95,16574.24,16535.16,16565.62,3,510506
2022-11-14 03:10:00,16565.28,16570.13,16541.95,16546.32,2,510507
2022-11-14 03:15:00,16546.32,16567.96,16541.45,16558.92,2,510508
2022-11-14 03:20:00,16560.35,16565.77,16546.2,16553.45,2,510509
2022-11-14 03:25:00,16553.36,16560.62,16530.0,16555.81,2,510510
2022-11-14 03:30:00,16555.81,16567.61,16541.71,16552.41,2,510511
2022-11-14 03:35:00,16553.52,16567.29,16548.0,16548.83,2,510512
2022-11-14 03:40:00,16548.06,16563.99,16534.91,16541.58,2,510513
2022-11-14 03:45:00,16541.58,16545.22,16507.42,16509.1,2,510514
2022-11-14 03:50:00,16509.9,16513.45,16464.91,16482.7,2,510515
2022-11-14 03:55:00,16481.53,16496.08,16461.8,16488.49,2,510516
2022-11-14 04:00:00,16488.03,16497.07,16229.0,16273.26,1,510517
2022-11-14 04:05:00,16271.77,16388.82,16271.1,16376.75,0,510518
2022-11-14 04:10:00,16376.75,16390.0,16332.59,16341.32,0,510519
2022-11-14 04:15:00,16342.54,16355.91,16318.38,16338.59,0,510520
2022-11-14 04:20:00,16339.68,16399.5,16335.0,16378.41,0,510521
2022-11-14 04:25:00,16378.41,16384.99,16362.56,16380.07,0,510522
2022-11-14 04:30:00,16380.07,16394.0,16362.5,16374.97,0,510523
2022-11-14 04:35:00,16374.97,16559.7,16370.0,16516.49,3,510524
2022-11-14 04:40:00,16517.21,16519.5,16429.26,16449.37,2,510525
2022-11-14 04:45:00,16449.37,16460.39,16393.01,16402.24,2,510526
2022-11-14 04:50:00,16400.71,16419.55,16381.91,16415.72,2,510527
2022-11-14 04:55:00,16414.3,16419.37,16389.17,16390.67,2,510528
2022-11-14 05:00:00,16391.66,16392.33,16338.78,16346.86,1,510529
2022-11-14 05:05:00,16345.75,16380.0,16340.39,16375.78,0,510530
2022-11-14 05:10:00,16373.92,16398.79,16371.61,16390.38,0,510531
2022-11-14 05:15:00,16389.47,16430.86,16380.63,16386.69,0,510532
2022-11-14 05:20:00,16385.88,16419.58,16383.5,16403.13,0,510533
2022-11-14 05:25:00,16401.59,16429.97,16398.4,16415.98,0,510534
2022-11-14 05:30:00,16415.98,16443.38,16405.82,16441.52,0,510535
2022-11-14 05:35:00,16441.52,16450.0,16417.42,16434.61,0,510536
2022-11-14 05:40:00,16435.77,16453.23,16425.72,16438.39,0,510537
2022-11-14 05:45:00,16439.36,16479.0,16435.44,16470.19,3,510538
2022-11-14 05:50:00,16470.19,16472.89,16433.03,16450.69,2,510539
2022-11-14 05:55:00,16452.17,16456.13,16425.01,16438.35,2,510540
2022-11-14 06:00:00,16440.02,16448.99,16401.77,16424.01,2,510541
2022-11-14 06:05:00,16422.88,16425.81,16386.46,16407.45,2,510542
2022-11-14 06:10:00,16407.45,16408.84,16378.59,16381.68,2,510543
2022-11-14 06:15:00,16381.68,16382.82,16331.65,16376.43,2,510544
2022-11-14 06:20:00,16376.43,16403.41,16376.43,16396.72,2,510545
2022-11-14 06:25:00,16395.7,16398.42,16353.99,16364.04,2,510546
2022-11-14 06:30:00,16364.04,16379.94,16347.03,16351.83,2,510547
2022-11-14 06:35:00,16351.83,16378.01,16348.58,16375.96,2,510548
2022-11-14 06:40:00,16376.54,16384.56,16276.2,16299.75,1,510549
2022-11-14 06:45:00,16299.75,16354.62,16293.02,16335.99,0,510550
2022-11-14 06:50:00,16335.99,16361.45,16320.24,16341.96,0,510551
2022-11-14 06:55:00,16343.09,16360.0,16326.0,16329.85,0,510552
2022-11-14 07:00:00,16331.78,16394.75,16310.11,16378.09,0,510553
2022-11-14 07:05:00,16378.09,16382.94,16336.48,16358.87,0,510554
2022-11-14 07:10:00,16358.87,16410.43,16354.15,16390.88,0,510555
2022-11-14 07:15:00,16390.88,16411.99,16370.0,16375.07,0,510556
2022-11-14 07:20:00,16375.07,16379.93,16100.0,16102.02,0,510557
2022-11-14 07:25:00,16104.55,16242.96,16101.05,16209.73,0,510558
2022-11-14 07:30:00,16209.02,16260.75,16180.38,16250.85,0,510559
2022-11-14 07:35:00,16250.85,16268.79,16227.63,16242.61,0,510560
2022-11-14 07:40:00,16241.41,16288.16,16233.29,16257.51,0,510561
2022-11-14 07:45:00,16256.84,16280.47,16211.36,16232.12,0,510562
2022-11-14 07:50:00,16232.72,16288.11,16220.36,16271.26,0,510563
2022-11-14 07:55:00,16271.26,16279.34,16250.59,16259.64,0,510564
2022-11-14 08:00:00,16260.11,16282.86,16238.89,16281.86,3,510565
2022-11-14 08:05:00,16281.85,16303.55,16265.5,16267.41,2,510566
2022-11-14 08:10:00,16267.08,16282.39,16237.91,16245.49,2,510567
2022-11-14 08:15:00,16245.49,16276.62,16198.94,16204.08,2,510568
2022-11-14 08:20:00,16204.08,16243.69,16197.31,16228.18,2,510569
2022-11-14 08:25:00,16229.41,16233.0,16139.37,16171.89,2,510570
2022-11-14 08:30:00,16171.89,16194.84,16143.12,16162.63,2,510571
2022-11-14 08:35:00,16163.68,16163.95,16051.0,16097.11,2,510572
2022-11-14 08:40:00,16097.49,16112.14,16020.0,16048.31,2,510573
2022-11-14 08:45:00,16048.31,16094.85,16000.0,16016.88,1,510574
2022-11-14 08:50:00,16015.21,16101.93,16007.86,16072.46,0,510575
2022-11-14 08:55:00,16071.25,16111.77,16069.18,16090.87,0,510576
2022-11-14 09:00:00,16090.87,16111.58,16026.12,16064.24,0,510577
2022-11-14 09:05:00,16064.24,16072.07,16000.0,16002.24,0,510578
2022-11-14 09:10:00,16002.24,16028.28,15911.61,15953.55,0,510579
2022-11-14 09:15:00,15952.35,16018.74,15950.33,16003.78,0,510580
2022-11-14 09:20:00,16003.78,16051.58,16000.47,16044.42,0,510581
2022-11-14 09:25:00,16044.42,16070.26,16037.24,16059.32,0,510582
2022-11-14 09:30:00,16059.89,16096.25,16056.65,16071.21,0,510583
2022-11-14 09:35:00,16071.21,16074.52,16043.02,16065.15,0,510584
2022-11-14 09:40:00,16065.15,16097.97,16044.52,16081.69,0,510585
2022-11-14 09:45:00,16080.73,16086.42,16027.43,16066.64,0,510586
2022-11-14 09:50:00,16065.16,16066.78,16033.59,16058.76,0,510587
2022-11-14 09:55:00,16058.76,16223.23,16054.54,16177.83,0,510588
2022-11-14 10:00:00,16178.86,16218.63,16127.11,16131.19,0,510589
2022-11-14 10:05:00,16132.09,16159.55,16125.53,16150.52,0,510590
2022-11-14 10:10:00,16150.54,16169.98,16138.01,16157.75,0,510591
2022-11-14 10:15:00,16156.62,16175.55,16122.99,16126.94,0,510592
2022-11-14 10:20:00,16126.94,16148.68,16119.73,16144.96,0,510593
2022-11-14 10:25:00,16144.96,16179.53,16142.54,16169.02,0,510594
2022-11-14 10:30:00,16167.64,16192.89,16160.88,16185.55,0,510595
2022-11-14 10:35:00,16186.5,16188.0,16160.87,16166.96,0,510596
2022-11-14 10:40:00,16166.16,16179.86,16144.07,16158.51,0,510597
2022-11-14 10:45:00,16157.68,16200.86,16152.9,16189.53,3,510598
2022-11-14 10:50:00,16188.37,16189.7,16145.48,16151.2,2,510599
2022-11-14 10:55:00,16151.2,16154.28,16123.5,16139.79,2,510600
2022-11-14 11:00:00,16140.66,16147.54,16111.75,16127.57,2,510601
2022-11-14 11:05:00,16127.57,16132.58,16100.44,16107.25,2,510602
2022-11-14 11:10:00,16107.25,16113.64,16084.88,16090.94,2,510603
2022-11-14 11:15:00,16091.85,16091.94,15902.39,15919.05,1,510604
2022-11-14 11:20:00,15919.05,15998.01,15853.66,15981.98,0,510605
2022-11-14 11:25:00,15981.98,16001.29,15942.96,15943.85,0,510606
2022-11-14 11:30:00,15943.85,16025.28,15936.54,16010.76,0,510607
2022-11-14 11:35:00,16009.79,16021.09,15953.51,15964.22,0,510608
2022-11-14 11:40:00,15965.19,15973.52,15872.51,15910.9,0,510609
2022-11-14 11:45:00,15910.9,15962.2,15881.0,15954.54,0,510610
2022-11-14 11:50:00,15954.54,15959.8,15935.44,15955.52,0,510611
2022-11-14 11:55:00,15954.58,16000.39,15952.75,15988.79,0,510612
2022-11-14 12:00:00,15988.8,16001.59,15975.79,15988.11,0,510613
2022-11-14 12:05:00,15988.11,16009.0,15968.18,15997.82,3,510614
2022-11-14 12:10:00,15999.03,16002.0,15968.74,15978.17,2,510615
2022-11-14 12:15:00,15978.17,16009.0,15970.95,15996.71,2,510616
2022-11-14 12:20:00,15997.43,16009.99,15980.92,15989.22,2,510617
2022-11-14 12:25:00,15989.05,15996.65,15937.96,15948.52,2,510618
2022-11-14 12:30:00,15949.37,15966.38,15909.11,15925.67,2,510619
2022-11-14 12:35:00,15925.67,15959.55,15892.89,15933.09,2,510620
2022-11-14 12:40:00,15934.07,15937.15,15831.13,15870.22,2,510621
2022-11-14 12:45:00,15869.04,15902.13,15815.21,15875.4,2,510622
2022-11-14 12:50:00,15875.4,15919.17,15867.01,15883.85,2,510623
2022-11-14 12:55:00,15882.55,15887.59,15843.19,15863.31,1,510624
2022-11-14 13:00:00,15863.25,15913.18,15847.54,15909.62,0,510625
2022-11-14 13:05:00,15909.62,15947.16,15891.74,15927.79,0,510626
2022-11-14 13:10:00,15927.79,15939.0,15884.42,15895.82,0,510627
2022-11-14 13:15:00,15895.82,15969.17,15893.95,15923.23,0,510628
2022-11-14 13:20:00,15923.23,15955.93,15908.4,15953.22,0,510629
2022-11-14 13:25:00,15952.19,15973.13,15929.25,15962.21,0,510630
2022-11-14 13:30:00,15962.21,15974.54,15944.61,15970.15,0,510631
2022-11-14 13:35:00,15970.01,15995.0,15956.75,15991.94,0,510632
2022-11-14 13:40:00,15990.5,16600.0,15985.79,16391.57,0,510633
2022-11-14 13:45:00,16394.67,16442.78,16286.5,16407.75,0,510634
2022-11-14 13:50:00,16407.75,16571.46,16367.22,16472.61,0,510635
2022-11-14 13:55:00,16472.61,16748.66,16443.34,16635.49,0,510636
2022-11-14 14:00:00,16639.75,16647.18,16522.19,16573.55,0,510637
2022-11-14 14:05:00,16573.55,16578.36,16474.01,16505.8,0,510638
2022-11-14 14:10:00,16508.15,16541.93,16460.55,16502.18,0,510639
2022-11-14 14:15:00,16503.29,16510.58,16385.11,16389.28,0,510640
2022-11-14 14:20:00,16387.51,16544.0,16385.12,16532.82,0,510641
2022-11-14 14:25:00,16532.82,16800.89,16522.36,16765.6,0,510642
2022-11-14 14:30:00,16764.86,16850.0,16699.99,16718.41,0,510643
2022-11-14 14:35:00,16715.7,16833.33,16711.27,16737.42,0,510644
2022-11-14 14:40:00,16739.13,16850.0,16727.59,16825.63,0,510645
2022-11-14 14:45:00,16825.62,16889.97,16758.01,16772.72,0,510646
2022-11-14 14:50:00,16771.35,16865.35,16771.35,16795.65,0,510647
2022-11-14 14:55:00,16795.65,16837.59,16786.86,16824.78,0,510648
2022-11-14 15:00:00,16822.96,16930.0,16819.07,16920.51,0,510649
2022-11-14 15:05:00,16920.51,16923.68,16796.75,16824.98,0,510650
2022-11-14 15:10:00,16824.98,16935.59,16822.18,16878.19,3,510651
2022-11-14 15:15:00,16876.74,16915.29,16812.62,16824.22,2,510652
2022-11-14 15:20:00,16824.22,16860.0,16799.98,16820.31,2,510653
2022-11-14 15:25:00,16820.31,16822.77,16738.84,16781.66,2,510654
2022-11-14 15:30:00,16781.68,16820.81,16717.0,16796.31,2,510655
2022-11-14 15:35:00,16797.96,16805.63,16713.75,16732.48,1,510656
2022-11-14 15:40:00,16732.48,16793.74,16729.06,16778.53,0,510657
2022-11-14 15:45:00,16777.36,16783.53,16730.69,16763.41,0,510658
2022-11-14 15:50:00,16762.06,16806.14,16746.23,16783.84,3,510659
2022-11-14 15:55:00,16783.85,16802.53,16756.61,16764.23,2,510660
2022-11-14 16:00:00,16764.23,16777.84,16687.2,16709.63,2,510661
2022-11-14 16:05:00,16708.31,16730.44,16664.0,16705.19,2,510662
2022-11-14 16:10:00,16705.18,16728.98,16687.34,16688.35,2,510663
2022-11-14 16:15:00,16689.6,16702.4,16640.01,16656.89,1,510664
2022-11-14 16:20:00,16655.17,16716.94,16653.6,16689.96,0,510665
2022-11-14 16:25:00,16689.96,16716.25,16684.75,16710.06,0,510666
2022-11-14 16:30:00,16710.95,16754.71,16679.77,16717.6,0,510667
2022-11-14 16:35:00,16718.23,16748.47,16712.61,16729.77,0,510668
2022-11-14 16:40:00,16728.81,16774.91,16710.26,16766.27,0,510669
2022-11-14 16:45:00,16766.95,16779.94,16740.24,16765.59,0,510670
2022-11-14 16:50:00,16764.07,16790.53,16730.04,16773.39,0,510671
2022-11-14 16:55:00,16774.73,16796.99,16745.07,16752.98,0,510672
2022-11-14 17:00:00,16752.99,16779.59,16715.31,16749.54,0,510673
2022-11-14 17:05:00,16750.68,16752.99,16710.0,16731.49,0,510674
2022-11-14 17:10:00,16730.04,16742.33,16709.47,16718.18,0,510675
2022-11-14 17:15:00,16719.19,16738.88,16709.42,16733.53,0,510676
2022-11-14 17:20:00,16732.51,16752.99,16716.8,16720.1,0,510677
2022-11-14 17:25:00,16720.1,16765.0,16718.69,16750.99,0,510678
2022-11-14 17:30:00,16750.1,16787.42,16748.68,16779.15,0,510679
2022-11-14 17:35:00,16778.55,16840.0,16761.23,16795.45,0,510680
2022-11-14 17:40:00,16795.51,16802.76,16772.06,16787.76,0,510681
2022-11-14 17:45:00,16787.76,16819.61,16750.28,16764.21,0,510682
2022-11-14 17:50:00,16764.97,16801.88,16764.2,16785.6,0,510683
2022-11-14 17:55:00,16786.87,16803.61,16767.7,16781.35,0,510684
2022-11-14 18:00:00,16781.35,16811.0,16772.84,16776.52,0,510685
2022-11-14 18:05:00,16776.52,16819.94,16772.84,16802.36,0,510686
2022-11-14 18:10:00,16800.67,16822.85,16777.43,16813.17,3,510687
2022-11-14 18:15:00,16811.62,16886.53,16777.0,16787.71,2,510688
2022-11-14 18:20:00,16787.71,16828.13,16760.0,16784.74,2,510689
2022-11-14 18:25:00,16784.74,16789.98,16753.05,16784.16,2,510690
2022-11-14 18:30:00,16784.97,16785.0,16750.0,16764.07,2,510691
2022-11-14 18:35:00,16764.07,16788.44,16733.68,16741.45,2,510692
2022-11-14 18:40:00,16741.45,16769.3,16736.67,16741.27,2,510693
2022-11-14 18:45:00,16739.96,16774.0,16737.82,16752.27,2,510694
2022-11-14 18:50:00,16752.27,16768.0,16744.65,16756.33,2,510695
2022-11-14 18:55:00,16755.48,16772.03,16746.86,16749.8,2,510696
2022-11-14 19:00:00,16748.75,16757.93,16687.78,16689.14,2,510697
2022-11-14 19:05:00,16687.78,16723.52,16666.5,16683.51,1,510698
2022-11-14 19:10:00,16682.55,16722.07,16667.53,16699.91,0,510699
2022-11-14 19:15:00,16699.91,16713.89,16688.69,16691.72,0,510700
2022-11-14 19:20:00,16691.72,16720.15,16685.93,16711.12,0,510701
2022-11-14 19:25:00,16712.67,16761.66,16710.0,16755.33,0,510702
2022-11-14 19:30:00,16755.98,16826.99,16734.24,16807.56,0,510703
2022-11-14 19:35:00,16808.23,16808.73,16757.17,16777.36,0,510704
2022-11-14 19:40:00,16777.35,16802.97,16772.18,16776.0,0,510705
2022-11-14 19:45:00,16776.0,16818.05,16770.0,16797.99,0,510706
2022-11-14 19:50:00,16797.08,16815.24,16793.06,16799.66,0,510707
2022-11-14 19:55:00,16798.81,16838.88,16778.47,16823.58,0,510708
2022-11-14 20:00:00,16821.66,16837.49,16795.11,16837.46,0,510709
2022-11-14 20:05:00,16837.46,16881.0,16760.13,16769.04,0,510710
2022-11-14 20:10:00,16769.92,17139.98,16752.69,17052.67,0,510711
2022-11-14 20:15:00,17050.22,17075.81,16966.66,17008.42,0,510712
2022-11-14 20:20:00,17008.42,17145.98,16976.51,17113.72,0,510713
2022-11-14 20:25:00,17114.83,17190.0,17062.45,17148.37,3,510714
2022-11-14 20:30:00,17146.88,17169.29,17089.7,17126.94,2,510715
2022-11-14 20:35:00,17126.94,17149.99,17070.0,17077.63,2,510716
2022-11-14 20:40:00,17077.63,17108.3,17044.47,17067.18,2,510717
2022-11-14 20:45:00,17066.81,17100.0,16828.0,16841.73,2,510718
2022-11-14 20:50:00,16831.5,16896.25,16502.0,16625.86,1,510719
2022-11-14 20:55:00,16625.88,16900.0,16621.02,16729.9,0,510720
2022-11-14 21:00:00,16729.9,16743.2,16645.6,16705.94,0,510721
2022-11-14 21:05:00,16705.94,16806.6,16695.0,16773.43,3,510722
2022-11-14 21:10:00,16772.1,16797.99,16716.97,16718.34,2,510723
2022-11-14 21:15:00,16718.05,16752.16,16605.0,16630.36,2,510724
2022-11-14 21:20:00,16628.52,16680.0,16588.22,16636.77,2,510725
2022-11-14 21:25:00,16635.53,16653.99,16570.0,16608.4,2,510726
2022-11-14 21:30:00,16608.4,16669.54,16538.21,16560.05,2,510727
2022-11-14 21:35:00,16559.02,16571.82,16425.67,16547.17,2,510728
2022-11-14 21:40:00,16546.24,16577.66,16511.18,16517.61,1,510729
2022-11-14 21:45:00,16517.61,16593.49,16469.12,16566.12,0,510730
2022-11-14 21:50:00,16567.66,16583.45,16541.89,16576.0,0,510731
2022-11-14 21:55:00,16576.0,16639.0,16573.0,16605.05,0,510732
2022-11-14 22:00:00,16606.71,16673.37,16599.03,16618.83,0,510733
2022-11-14 22:05:00,16617.16,16649.98,16606.58,16631.31,0,510734
2022-11-14 22:10:00,16631.31,16677.0,16610.0,16662.4,0,510735
2022-11-14 22:15:00,16662.4,16669.45,16604.79,16621.22,0,510736
2022-11-14 22:20:00,16620.13,16628.04,16540.03,16547.0,0,510737
2022-11-14 22:25:00,16548.97,16577.0,16475.0,16520.12,0,510738
2022-11-14 22:30:00,16521.47,16537.44,16452.67,16514.83,0,510739
2022-11-14 22:35:00,16516.77,16568.71,16487.38,16550.55,0,510740
2022-11-14 22:40:00,16550.55,16563.69,16525.03,16547.77,0,510741
2022-11-14 22:45:00,16547.77,16569.03,16518.92,16543.13,0,510742
2022-11-14 22:50:00,16542.05,16609.19,16528.29,16586.21,0,510743
2022-11-14 22:55:00,16584.15,16608.62,16577.16,16595.84,0,510744
2022-11-14 23:00:00,16593.77,16605.95,16553.95,16598.96,0,510745
2022-11-14 23:05:00,16598.96,16625.34,16576.37,16588.01,0,510746
2022-11-14 23:10:00,16588.09,16595.78,16463.16,16491.45,0,510747
2022-11-14 23:15:00,16492.81,16504.45,16380.08,16397.21,0,510748
2022-11-14 23:20:00,16396.57,16464.64,16356.71,16438.46,0,510749
2022-11-14 23:25:00,16438.46,16476.71,16431.08,16468.51,0,510750
2022-11-14 23:30:00,16468.51,16500.0,16420.24,16491.14,0,510751
2022-11-14 23:35:00,16489.56,16518.0,16458.27,16472.75,0,510752
2022-11-14 23:40:00,16471.49,16493.12,16427.59,16439.35,0,510753
2022-11-14 23:45:00,16436.4,16505.43,16436.37,16500.59,0,510754
2022-11-14 23:50:00,16500.59,16510.83,16456.06,16462.09,0,510755
2022-11-14 23:55:00,16463.51,16486.16,16450.37,16470.14,0,510756
2022-11-15 00:00:00,16470.14,16545.0,16461.2,16478.42,0,510757
2022-11-15 00:05:00,16478.42,16533.96,16444.3,16505.77,0,510758
2022-11-15 00:10:00,16507.7,16533.02,16498.5,16515.5,0,510759
2022-11-15 00:15:00,16517.04,16528.93,16498.22,16502.28,0,510760
2022-11-15 00:20:00,16504.31,16542.85,16490.0,16523.96,0,510761
2022-11-15 00:25:00,16522.59,16586.0,16508.17,16552.13,0,510762
2022-11-15 00:30:00,16552.13,16619.8,16528.47,16578.95,0,510763
2022-11-15 00:35:00,16576.72,16596.19,16549.18,16594.66,0,510764
2022-11-15 00:40:00,16594.66,16596.79,16558.15,16579.77,0,510765
2022-11-15 00:45:00,16579.77,16610.66,16556.75,16575.27,0,510766
2022-11-15 00:50:00,16572.97,16588.85,16549.3,16579.11,0,510767
2022-11-15 00:55:00,16579.11,16592.76,16561.67,16582.52,0,510768
2022-11-15 01:00:00,16582.52,16597.94,16557.6,16592.19,0,510769
2022-11-15 01:05:00,16593.84,16609.99,16561.81,16569.36,0,510770
2022-11-15 01:10:00,16569.36,16575.41,16532.06,16553.32,0,510771
2022-11-15 01:15:00,16553.32,16588.53,16551.59,16577.53,0,510772
2022-11-15 01:20:00,16576.41,16588.63,16563.71,16578.97,0,510773
2022-11-15 01:25:00,16579.25,16674.97,16571.01,16616.64,0,510774
2022-11-15 01:30:00,16618.72,16643.13,16591.31,16610.92,0,510775
2022-11-15 01:35:00,16608.75,16647.35,16603.69,16637.34,3,510776
2022-11-15 01:40:00,16637.34,16642.84,16615.59,16632.86,2,510777
2022-11-15 01:45:00,16634.4,16657.99,16615.0,16623.39,2,510778
2022-11-15 01:50:00,16623.39,16642.2,16612.89,16633.36,2,510779
2022-11-15 01:55:00,16631.6,16640.0,16596.01,16613.12,2,510780
2022-11-15 02:00:00,16614.82,16619.96,16594.85,16618.81,2,510781
2022-11-15 02:05:00,16617.7,16633.27,16573.25,16608.03,2,510782
2022-11-15 02:10:00,16609.24,16609.32,16554.26,16571.28,2,510783
2022-11-15 02:15:00,16571.28,16575.38,16501.1,16539.54,2,510784
2022-11-15 02:20:00,16541.08,16591.3,16507.15,16568.51,2,510785
2022-11-15 02:25:00,16566.49,16574.0,16530.04,16556.1,2,510786
2022-11-15 02:30:00,16556.1,16560.0,16480.9,16510.56,2,510787
2022-11-15 02:35:00,16510.56,16529.22,16498.0,16507.83,2,510788
2022-11-15 02:40:00,16507.83,16519.39,16420.94,16427.09,2,510789
2022-11-15 02:45:00,16425.38,16442.77,16333.47,16427.86,2,510790
2022-11-15 02:50:00,16427.86,16472.35,16326.94,16366.52,2,510791
2022-11-15 02:55:00,16369.09,16375.55,16181.0,16258.21,1,510792
2022-11-15 03:00:00,16258.21,16339.98,16239.62,16309.08,0,510793
2022-11-15 03:05:00,16307.5,16310.05,16191.58,16224.09,0,510794
2022-11-15 03:10:00,16226.71,16282.34,16204.05,16251.61,0,510795
2022-11-15 03:15:00,16251.61,16314.92,16246.89,16305.26,0,510796
2022-11-15 03:20:00,16305.26,16317.79,16274.65,16304.54,0,510797
2022-11-15 03:25:00,16304.54,16327.88,16281.5,16317.71,0,510798
2022-11-15 03:30:00,16317.71,16329.6,16279.77,16304.78,0,510799
2022-11-15 03:35:00,16304.78,16339.76,16291.13,16327.37,0,510800
2022-11-15 03:40:00,16325.97,16327.37,16295.8,16308.46,0,510801
2022-11-15 03:45:00,16308.46,16309.8,16247.03,16280.7,0,510802
2022-11-15 03:50:00,16280.7,16294.76,16239.75,16253.39,0,510803
2022-11-15 03:55:00,16253.39,16295.55,16245.38,16274.83,0,510804
2022-11-15 04:00:00,16276.51,16326.58,16261.81,16298.46,0,510805
2022-11-15 04:05:00,16298.46,16323.82,16283.27,16302.8,0,510806
2022-11-15 04:10:00,16303.94,16329.19,16279.0,16315.11,0,510807
2022-11-15 04:15:00,16316.31,16377.74,16313.96,16362.65,0,510808
2022-11-15 04:20:00,16360.72,16364.54,16336.15,16353.65,0,510809
2022-11-15 04:25:00,16355.28,16378.7,16341.35,16351.17,0,510810
2022-11-15 04:30:00,16349.62,16419.99,16344.68,16364.64,0,510811
2022-11-15 04:35:00,16364.64,16390.79,16362.75,16372.57,0,510812
2022-11-15 04:40:00,16372.57,16385.86,16362.26,16385.73,0,510813
2022-11-15 04:45:00,16385.07,16392.71,16352.0,16364.01,0,510814
2022-11-15 04:50:00,16366.18,16404.56,16357.98,16400.55,0,510815
2022-11-15 04:55:00,16398.76,16419.81,16386.67,16406.43,0,510816
2022-11-15 05:00:00,16407.87,16455.7,16389.18,16435.99,3,510817
2022-11-15 05:05:00,16437.59,16449.38,16410.14,16416.14,2,510818
2022-11-15 05:10:00,16415.35,16426.99,16399.0,16417.36,2,510819
2022-11-15 05:15:00,16415.83,16433.49,16408.04,16416.27,2,510820
2022-11-15 05:20:00,16416.27,16435.45,16410.89,16418.72,2,510821
2022-11-15 05:25:00,16418.72,16424.99,16375.0,16404.58,2,510822
2022-11-15 05:30:00,16405.46,16413.99,16356.19,16388.59,2,510823
2022-11-15 05:35:00,16388.59,16389.0,16355.98,16388.98,2,510824
2022-11-15 05:40:00,16387.32,16392.41,16363.76,16364.72,1,510825
2022-11-15 05:45:00,16366.12,16448.15,16357.49,16433.75,0,510826
2022-11-15 05:50:00,16435.29,16441.74,16410.45,16427.86,0,510827
2022-11-15 05:55:00,16427.86,16430.0,16407.69,16410.56,0,510828
2022-11-15 06:00:00,16412.36,16495.0,16405.0,16460.03,0,510829
2022-11-15 06:05:00,16460.03,16598.09,16459.76,16583.09,0,510830
2022-11-15 06:10:00,16583.09,16583.98,16536.64,16560.18,0,510831
2022-11-15 06:15:00,16560.18,16765.0,16551.92,16683.63,0,510832
2022-11-15 06:20:00,16685.65,16692.11,16655.6,16666.14,0,510833
2022-11-15 06:25:00,16667.95,16691.13,16633.38,16647.51,0,510834
2022-11-15 06:30:00,16645.68,16712.0,16645.13,16701.55,0,510835
2022-11-15 06:35:00,16701.55,16730.0,16673.63,16697.66,0,510836
2022-11-15 06:40:00,16697.66,16727.35,16695.0,16702.61,3,510837
2022-11-15 06:45:00,16703.98,16711.69,16655.05,16659.04,2,510838
2022-11-15 06:50:00,16657.38,16667.31,16619.85,16629.46,2,510839
2022-11-15 06:55:00,16631.13,16638.16,16596.52,16619.46,2,510840
2022-11-15 07:00:00,16617.72,16648.5,16590.54,16638.79,2,510841
2022-11-15 07:05:00,16638.79,16648.2,16581.0,16605.83,2,510842
2022-11-15 07:10:00,16607.04,16621.47,16588.16,16601.95,2,510843
2022-11-15 07:15:00,16600.52,16610.51,16568.12,16586.47,2,510844
2022-11-15 07:20:00,16585.44,16620.0,16582.4,16613.33,2,510845
2022-11-15 07:25:00,16613.33,16648.53,16604.4,16634.01,2,510846
2022-11-15 07:30:00,16634.01,16682.09,16582.67,16627.47,2,510847
2022-11-15 07:35:00,16627.47,16659.0,16601.56,16614.21,2,510848
2022-11-15 07:40:00,16614.21,16650.85,16601.56,16618.88,2,510849
2022-11-15 07:45:00,16618.88,16631.07,16606.31,16617.39,2,510850
2022-11-15 07:50:00,16616.38,16637.57,16575.44,16585.44,2,510851
2022-11-15 07:55:00,16584.62,16596.24,16535.0,16565.14,1,510852
2022-11-15 08:00:00,16564.16,16575.76,16527.72,16570.77,0,510853
2022-11-15 08:05:00,16570.0,16606.68,16556.42,16595.79,0,510854
2022-11-15 08:10:00,16596.0,16605.0,16577.97,16589.1,0,510855
2022-11-15 08:15:00,16589.1,16625.56,16581.99,16611.23,0,510856
2022-11-15 08:20:00,16612.61,16637.83,16611.23,16631.57,0,510857
2022-11-15 08:25:00,16630.02,16648.62,16619.11,16637.43,0,510858
2022-11-15 08:30:00,16638.3,16659.99,16619.34,16633.22,0,510859
2022-11-15 08:35:00,16633.22,16668.14,16625.06,16663.49,0,510860
2022-11-15 08:40:00,16664.57,16783.86,16637.31,16695.47,0,510861
2022-11-15 08:45:00,16696.42,16809.0,16659.63,16761.36,0,510862
2022-11-15 08:50:00,16761.47,16773.68,16713.07,16762.49,0,510863
2022-11-15 08:55:00,16763.24,16765.48,16704.88,16716.7,0,510864
2022-11-15 09:00:00,16716.7,16755.92,16683.0,16755.92,0,510865
2022-11-15 09:05:00,16755.4,16763.15,16728.35,16753.75,0,510866
2022-11-15 09:10:00,16752.81,16779.0,16731.89,16775.87,0,510867
2022-11-15 09:15:00,16775.87,16789.0,16736.33,16750.41,0,510868
2022-11-15 09:20:00,16749.32,16752.52,16730.06,16750.04,0,510869
2022-11-15 09:25:00,16749.16,16757.53,16731.52,16733.73,0,510870
2022-11-15 09:30:00,16732.89,16791.78,16731.18,16767.53,0,510871
2022-11-15 09:35:00,16767.56,16806.16,16758.32,16793.27,0,510872
2022-11-15 09:40:00,16794.01,16798.0,16770.31,16775.97,0,510873
2022-11-15 09:45:00,16775.97,16781.77,16755.0,16763.26,0,510874
2022-11-15 09:50:00,16763.26,16781.14,16757.04,16771.41,0,510875
2022-11-15 09:55:00,16769.69,16783.99,16749.23,16765.91,0,510876
2022-11-15 10:00:00,16765.92,16850.0,16764.11,16812.85,0,510877
2022-11-15 10:05:00,16812.85,16858.0,16805.46,16835.57,0,510878
2022-11-15 10:10:00,16834.96,16838.12,16804.76,16826.73,0,510879
2022-11-15 10:15:00,16827.19,16846.46,16820.18,16839.48,0,510880
2022-11-15 10:20:00,16839.48,16844.01,16780.9,16803.99,0,510881
2022-11-15 10:25:00,16803.14,16834.79,16801.65,16830.85,0,510882
2022-11-15 10:30:00,16830.85,16865.8,16820.5,16854.5,0,510883
2022-11-15 10:35:00,16853.61,16878.97,16851.97,16859.38,3,510884
2022-11-15 10:40:00,16859.99,16862.29,16843.29,16853.03,2,510885
2022-11-15 10:45:00,16853.03,16894.56,16832.09,16833.86,2,510886
2022-11-15 10:50:00,16834.62,16845.0,16798.3,16807.88,2,510887
2022-11-15 10:55:00,16808.68,16832.83,16798.03,16823.06,2,510888
2022-11-15 11:00:00,16823.06,16831.61,16790.02,16798.78,2,510889
2022-11-15 11:05:00,16799.59,16829.78,16798.72,16818.11,2,510890
2022-11-15 11:10:00,16818.4,16857.85,16814.02,16832.23,2,510891
2022-11-15 11:15:00,16832.23,16836.28,16793.97,16803.84,2,510892
2022-11-15 11:20:00,16803.84,16816.44,16764.69,16781.92,2,510893
2022-11-15 11:25:00,16780.7,16810.27,16760.0,16775.18,2,510894
2022-11-15 11:30:00,16775.18,16798.7,16770.76,16787.5,2,510895
2022-11-15 11:35:00,16788.87,16799.9,16770.96,16774.57,2,510896
2022-11-15 11:40:00,16775.65,16798.99,16770.96,16779.12,2,510897
2022-11-15 11:45:00,16780.23,16786.89,16771.0,16772.54,2,510898
2022-11-15 11:50:00,16772.54,16788.94,16766.62,16772.03,2,510899
2022-11-15 11:55:00,16772.03,16778.79,16756.34,16768.84,2,510900
2022-11-15 12:00:00,16768.12,16786.01,16762.54,16783.82,2,510901
2022-11-15 12:05:00,16783.81,16799.21,16737.06,16782.23,2,510902
2022-11-15 12:10:00,16782.23,16783.45,16761.0,16766.28,2,510903
2022-11-15 12:15:00,16767.32,16783.07,16745.4,16777.54,2,510904
2022-11-15 12:20:00,16777.74,16785.2,16766.0,16776.68,2,510905
2022-11-15 12:25:00,16776.68,16778.61,16746.36,16746.71,2,510906
2022-11-15 12:30:00,16747.62,16760.77,16710.35,16712.93,2,510907
2022-11-15 12:35:00,16712.93,16735.62,16693.21,16697.21,2,510908
2022-11-15 12:40:00,16697.21,16713.07,16669.16,16676.04,2,510909
2022-11-15 12:45:00,16676.04,16701.6,16671.79,16697.17,2,510910
2022-11-15 12:50:00,16697.17,16702.73,16656.97,16664.9,2,510911
2022-11-15 12:55:00,16664.25,16671.3,16638.59,16657.75,1,510912
2022-11-15 13:00:00,16657.74,16698.28,16651.85,16696.81,0,510913
2022-11-15 13:05:00,16695.91,16724.69,16692.62,16708.71,0,510914
2022-11-15 13:10:00,16708.71,16721.8,16696.7,16710.41,0,510915
2022-11-15 13:15:00,16709.37,16730.94,16706.42,16726.01,0,510916
2022-11-15 13:20:00,16726.0,16726.94,16701.02,16723.2,0,510917
2022-11-15 13:25:00,16722.35,16724.0,16701.88,16721.7,0,510918
2022-11-15 13:30:00,16721.27,16747.93,16710.74,16734.25,0,510919
2022-11-15 13:35:00,16734.25,16737.11,16711.73,16713.87,0,510920
2022-11-15 13:40:00,16712.84,16723.3,16702.01,16716.25,0,510921
2022-11-15 13:45:00,16716.25,16718.86,16690.16,16698.96,0,510922
2022-11-15 13:50:00,16699.56,16728.94,16697.3,16725.31,0,510923
2022-11-15 13:55:00,16725.64,16758.85,16713.1,16750.37,0,510924
2022-11-15 14:00:00,16751.34,16779.8,16744.77,16752.56,0,510925
2022-11-15 14:05:00,16752.56,16788.26,16751.2,16772.34,0,510926
2022-11-15 14:10:00,16773.46,16850.0,16769.1,16849.15,0,510927
2022-11-15 14:15:00,16849.15,16946.32,16825.54,16915.44,3,510928
2022-11-15 14:20:00,16914.83,16942.09,16875.1,16889.3,2,510929
2022-11-15 14:25:00,16891.01,16904.81,16803.63,16820.51,2,510930
2022-11-15 14:30:00,16818.85,16837.08,16780.54,16827.4,2,510931
2022-11-15 14:35:00,16827.4,16844.84,16818.0,16824.42,2,510932
2022-11-15 14:40:00,16824.42,16871.67,16824.15,16850.17,2,510933
2022-11-15 14:45:00,16850.17,16867.98,16828.32,16865.66,2,510934
2022-11-15 14:50:00,16865.66,16874.75,16810.75,16831.7,2,510935
2022-11-15 14:55:00,16832.31,16861.77,16829.55,16844.63,2,510936
2022-11-15 15:00:00,16845.34,16855.98,16814.31,16827.35,2,510937
2022-11-15 15:05:00,16827.35,16839.32,16805.89,16813.02,1,510938
2022-11-15 15:10:00,16813.85,16849.94,16810.96,16826.81,0,510939
2022-11-15 15:15:00,16828.3,16869.99,16825.14,16866.74,0,510940
2022-11-15 15:20:00,16866.0,16989.0,16856.58,16944.36,0,510941
2022-11-15 15:25:00,16944.35,16966.21,16925.12,16946.67,0,510942
2022-11-15 15:30:00,16947.64,16969.65,16908.91,16912.98,0,510943
2022-11-15 15:35:00,16912.98,16944.98,16910.71,16935.34,0,510944
2022-11-15 15:40:00,16935.34,16953.92,16922.88,16926.22,0,510945
2022-11-15 15:45:00,16926.22,16958.9,16914.23,16918.53,0,510946
2022-11-15 15:50:00,16918.53,16930.0,16899.23,16917.59,0,510947
2022-11-15 15:55:00,16916.64,16939.84,16910.07,16921.32,0,510948
2022-11-15 16:00:00,16920.56,16925.0,16904.03,16909.91,0,510949
2022-11-15 16:05:00,16908.9,16947.72,16906.18,16935.41,0,510950
2022-11-15 16:10:00,16936.13,16953.94,16932.67,16948.33,3,510951
2022-11-15 16:15:00,16946.85,16949.91,16907.79,16918.57,2,510952
2022-11-15 16:20:00,16919.11,16945.38,16852.48,16878.29,2,510953
2022-11-15 16:25:00,16876.81,16896.36,16840.22,16856.15,2,510954
2022-11-15 16:30:00,16856.3,16876.75,16796.49,16809.55,2,510955
2022-11-15 16:35:00,16809.55,16830.46,16769.96,16777.0,2,510956
2022-11-15 16:40:00,16777.0,16813.12,16770.43,16781.35,2,510957
2022-11-15 16:45:00,16781.35,16808.76,16731.58,16739.63,1,510958
2022-11-15 16:50:00,16739.62,16803.59,16737.16,16789.66,0,510959
2022-11-15 16:55:00,16789.66,16806.99,16780.67,16797.92,0,510960
2022-11-15 17:00:00,16797.92,16837.81,16795.69,16829.46,3,510961
2022-11-15 17:05:00,16828.87,16839.0,16783.1,16790.16,2,510962
2022-11-15 17:10:00,16790.16,16804.0,16775.69,16798.44,2,510963
2022-11-15 17:15:00,16798.44,16824.8,16789.01,16801.27,2,510964
2022-11-15 17:20:00,16801.27,16815.91,16794.62,16797.79,2,510965
2022-11-15 17:25:00,16797.79,16801.8,16783.01,16788.73,2,510966
2022-11-15 17:30:00,16788.73,16801.73,16757.0,16770.98,1,510967
2022-11-15 17:35:00,16770.98,16824.99,16767.94,16817.36,0,510968
2022-11-15 17:40:00,16816.2,16871.39,16814.69,16844.13,0,510969
2022-11-15 17:45:00,16844.13,16872.29,16832.08,16837.66,0,510970
2022-11-15 17:50:00,16837.66,16851.35,16835.65,16851.35,0,510971
2022-11-15 17:55:00,16851.35,16888.0,16850.94,16883.12,0,510972
2022-11-15 18:00:00,16883.12,16943.35,16867.54,16939.77,0,510973
2022-11-15 18:05:00,16939.77,16969.02,16887.35,16904.57,0,510974
2022-11-15 18:10:00,16905.28,16912.59,16848.87,16857.7,0,510975
2022-11-15 18:15:00,16856.92,16870.59,16708.31,16734.27,0,510976
2022-11-15 18:20:00,16734.27,16778.85,16730.0,16761.72,0,510977
2022-11-15 18:25:00,16760.86,16798.06,16754.01,16766.37,0,510978
2022-11-15 18:30:00,16764.88,16802.82,16764.69,16796.65,3,510979
2022-11-15 18:35:00,16796.05,16796.78,16755.67,16763.3,2,510980
2022-11-15 18:40:00,16763.29,16790.7,16750.0,16786.33,2,510981
2022-11-15 18:45:00,16786.33,16821.65,16768.2,16794.12,2,510982
2022-11-15 18:50:00,16794.12,16808.0,16784.81,16794.33,2,510983
2022-11-15 18:55:00,16794.33,16802.97,16770.9,16781.62,2,510984
2022-11-15 19:00:00,16783.27,16785.71,16730.0,16736.93,1,510985
2022-11-15 19:05:00,16736.05,16779.98,16735.36,16779.09,0,510986
2022-11-15 19:10:00,16778.23,16844.02,16776.44,16818.71,0,510987
2022-11-15 19:15:00,16819.85,16853.66,16802.83,16850.43,0,510988
2022-11-15 19:20:00,16849.9,16852.61,16823.19,16838.58,0,510989
2022-11-15 19:25:00,16837.5,16870.97,16825.0,16846.55,0,510990
2022-11-15 19:30:00,16846.01,16889.09,16841.94,16854.38,0,510991
2022-11-15 19:35:00,16854.38,16866.9,16841.53,16855.63,0,510992
2022-11-15 19:40:00,16856.29,16876.48,16848.0,16854.02,0,510993
2022-11-15 19:45:00,16854.02,16874.95,16826.66,16856.53,0,510994
2022-11-15 19:50:00,16856.53,16861.5,16829.83,16840.03,0,510995
2022-11-15 19:55:00,16840.03,16850.0,16810.12,16835.31,0,510996
2022-11-15 20:00:00,16835.31,16862.83,16823.0,16851.49,0,510997
2022-11-15 20:05:00,16850.57,16880.94,16828.0,16868.11,0,510998
2022-11-15 20:10:00,16869.44,16894.46,16862.01,16876.84,0,510999
2022-11-15 20:15:00,16876.27,16883.87,16846.0,16867.42,0,511000
2022-11-15 20:20:00,16868.42,16869.68,16848.49,16855.7,0,511001
2022-11-15 20:25:00,16854.71,16931.44,16848.32,16919.7,0,511002
2022-11-15 20:30:00,16922.52,17134.69,16915.89,17060.94,0,511003
2022-11-15 20:35:00,17060.94,17062.71,16950.08,16994.93,0,511004
2022-11-15 20:40:00,16993.12,17032.91,16958.8,16998.61,0,511005
2022-11-15 20:45:00,16997.05,17013.01,16900.0,16964.87,0,511006
2022-11-15 20:50:00,16964.87,16994.66,16913.98,16947.12,0,511007
2022-11-15 20:55:00,16947.01,17020.0,16934.39,17012.53,0,511008
2022-11-15 21:00:00,17014.31,17014.31,16944.58,16961.58,0,511009
2022-11-15 21:05:00,16960.67,16990.0,16917.44,16934.86,0,511010
2022-11-15 21:10:00,16935.21,16956.94,16919.7,16932.92,0,511011
2022-11-15 21:15:00,16932.92,16939.99,16872.03,16911.54,0,511012
2022-11-15 21:20:00,16910.45,16960.0,16907.79,16944.28,0,511013
2022-11-15 21:25:00,16944.96,16956.99,16936.33,16951.95,0,511014
2022-11-15 21:30:00,16952.61,17000.0,16932.89,16987.05,0,511015
2022-11-15 21:35:00,16986.02,17007.96,16946.92,16952.39,0,511016
2022-11-15 21:40:00,16953.72,16974.64,16868.0,16890.13,0,511017
2022-11-15 21:45:00,16888.71,16902.3,16815.08,16849.19,0,511018
2022-11-15 21:50:00,16848.12,16889.27,16846.56,16864.99,0,511019
2022-11-15 21:55:00,16865.99,16954.04,16864.62,16937.71,0,511020
2022-11-15 22:00:00,16936.5,16951.68,16912.32,16948.9,0,511021
2022-11-15 22:05:00,16947.38,16970.54,16890.33,16900.57,0,511022
2022-11-15 22:10:00,16902.05,16916.44,16880.0,16895.69,0,511023
2022-11-15 22:15:00,16895.69,16953.09,16891.93,16933.15,0,511024
2022-11-15 22:20:00,16933.15,16957.65,16917.19,16947.9,0,511025
2022-11-15 22:25:00,16946.61,16976.0,16938.75,16959.9,0,511026
2022-11-15 22:30:00,16958.4,17002.37,16935.13,16993.85,0,511027
2022-11-15 22:35:00,16993.85,17053.0,16975.79,17042.55,0,511028
2022-11-15 22:40:00,17042.55,17088.0,17015.79,17082.09,0,511029
2022-11-15 22:45:00,17082.13,17085.0,16992.58,17001.48,0,511030
2022-11-15 22:50:00,17001.48,17010.88,16959.44,17004.1,0,511031
2022-11-15 22:55:00,17004.1,17015.51,16981.03,16987.03,0,511032
2022-11-15 23:00:00,16988.07,17011.0,16935.48,16973.58,0,511033
2022-11-15 23:05:00,16972.57,17028.1,16969.77,17001.31,0,511034
2022-11-15 23:10:00,17001.31,17027.45,16994.97,17016.25,0,511035
2022-11-15 23:15:00,17017.79,17059.0,17002.31,17057.25,0,511036
2022-11-15 23:20:00,17055.04,17071.43,17024.39,17030.98,0,511037
2022-11-15 23:25:00,17030.98,17036.63,16980.44,16988.49,0,511038
2022-11-15 23:30:00,16988.49,17047.12,16986.36,17040.12,0,511039
2022-11-15 23:35:00,17040.12,17043.99,16990.77,17000.0,0,511040
2022-11-15 23:40:00,17000.0,17009.64,16937.08,16939.11,0,511041
2022-11-15 23:45:00,16941.32,16979.08,16918.71,16955.74,0,511042
2022-11-15 23:50:00,16955.74,16996.31,16952.88,16979.41,0,511043
2022-11-15 23:55:00,16979.41,17014.98,16966.94,17009.37,0,511044
2022-11-16 00:00:00,17010.28,17019.17,16973.25,16996.72,0,511045
2022-11-16 00:05:00,16996.72,17025.91,16968.31,17017.42,0,511046
2022-11-16 00:10:00,17017.42,17035.44,17008.01,17017.48,0,511047
2022-11-16 00:15:00,17016.16,17026.5,16994.21,17008.83,0,511048
2022-11-16 00:20:00,17007.58,17036.42,17004.29,17030.83,0,511049
2022-11-16 00:25:00,17030.83,17050.07,17027.19,17041.66,3,511050
2022-11-16 00:30:00,17042.72,17069.87,17009.55,17034.0,2,511051
2022-11-16 00:35:00,17034.57,17055.94,17032.01,17041.45,2,511052
2022-11-16 00:40:00,17040.35,17052.82,17011.43,17023.03,2,511053
2022-11-16 00:45:00,17024.09,17029.38,16997.11,17013.71,2,511054
2022-11-16 00:50:00,17012.52,17031.0,16967.04,17004.34,2,511055
2022-11-16 00:55:00,17005.86,17009.52,16980.01,16999.24,2,511056
2022-11-16 01:00:00,16999.24,17013.08,16952.69,16973.38,2,511057
2022-11-16 01:05:00,16973.38,16984.82,16951.01,16965.08,2,511058
2022-11-16 01:10:00,16965.08,16979.25,16940.5,16967.08,2,511059
2022-11-16 01:15:00,16966.01,16967.53,16928.61,16929.41,2,511060
2022-11-16 01:20:00,16929.41,16948.0,16875.81,16913.75,2,511061
2022-11-16 01:25:00,16913.71,16929.51,16846.93,16859.72,2,511062
2022-11-16 01:30:00,16858.6,16886.14,16762.69,16767.4,2,511063
2022-11-16 01:35:00,16769.27,16805.76,16676.0,16684.87,2,511064
2022-11-16 01:40:00,16684.87,16742.65,16640.21,16709.64,2,511065
2022-11-16 01:45:00,16711.13,16764.73,16704.81,16710.35,2,511066
2022-11-16 01:50:00,16709.27,16748.6,16687.46,16712.12,2,511067
2022-11-16 01:55:00,16712.12,16752.0,16696.0,16734.53,2,511068
2022-11-16 02:00:00,16733.0,16742.7,16614.61,16630.08,1,511069
2022-11-16 02:05:00,16630.08,16678.78,16627.72,16676.91,0,511070
2022-11-16 02:10:00,16675.22,16763.15,16671.6,16749.52,0,511071
2022-11-16 02:15:00,16749.52,16793.09,16732.45,16785.33,0,511072
2022-11-16 02:20:00,16783.52,16837.47,16779.88,16809.14,0,511073
2022-11-16 02:25:00,16809.48,16818.02,16775.0,16785.72,0,511074
2022-11-16 02:30:00,16785.72,16799.55,16751.0,16757.26,0,511075
2022-11-16 02:35:00,16758.86,16805.41,16757.11,16787.61,0,511076
2022-11-16 02:40:00,16787.61,16810.61,16775.76,16794.96,0,511077
2022-11-16 02:45:00,16796.42,16806.0,16766.81,16785.37,0,511078
2022-11-16 02:50:00,16784.06,16799.68,16767.05,16789.73,0,511079
2022-11-16 02:55:00,16789.73,16878.83,16784.68,16858.77,0,511080
2022-11-16 03:00:00,16858.77,16939.99,16856.84,16903.24,3,511081
2022-11-16 03:05:00,16904.44,16906.0,16849.7,16867.64,2,511082
2022-11-16 03:10:00,16867.64,16884.29,16833.52,16841.44,2,511083
2022-11-16 03:15:00,16841.44,16852.8,16814.72,16835.86,2,511084
2022-11-16 03:20:00,16834.66,16836.04,16795.85,16801.86,2,511085
2022-11-16 03:25:00,16800.47,16849.89,16800.41,16818.75,2,511086
2022-11-16 03:30:00,16817.21,16822.02,16736.47,16757.09,1,511087
2022-11-16 03:35:00,16755.26,16796.29,16754.68,16779.62,0,511088
2022-11-16 03:40:00,16780.92,16816.0,16777.01,16800.1,0,511089
2022-11-16 03:45:00,16798.79,16839.59,16775.64,16816.29,0,511090
2022-11-16 03:50:00,16817.16,16821.0,16789.47,16810.44,0,511091
2022-11-16 03:55:00,16810.44,16848.42,16800.01,16839.81,0,511092
2022-11-16 04:00:00,16839.81,16867.61,16827.78,16848.55,0,511093
2022-11-16 04:05:00,16848.55,16852.04,16790.3,16792.8,0,511094
2022-11-16 04:10:00,16791.34,16810.36,16778.21,16804.4,0,511095
2022-11-16 04:15:00,16804.4,16829.99,16795.0,16826.3,0,511096
2022-11-16 04:20:00,16827.38,16832.01,16803.62,16819.77,0,511097
2022-11-16 04:25:00,16819.77,16837.74,16801.54,16834.06,0,511098
2022-11-16 04:30:00,16832.75,16864.69,16815.2,16852.24,0,511099
2022-11-16 04:35:00,16852.24,16886.99,16844.95,16875.18,0,511100
2022-11-16 04:40:00,16874.06,16904.0,16857.17,16862.15,0,511101
2022-11-16 04:45:00,16860.86,16898.26,16838.75,16878.7,0,511102
2022-11-16 04:50:00,16878.7,16921.37,16878.7,16921.26,3,511103
2022-11-16 04:55:00,16919.14,16929.98,16891.5,16911.12,2,511104
2022-11-16 05:00:00,16911.1,16913.56,16865.08,16891.12,2,511105
2022-11-16 05:05:00,16891.12,16908.94,16870.0,16903.65,2,511106
2022-11-16 05:10:00,16903.65,16912.0,16884.05,16908.07,2,511107
2022-11-16 05:15:00,16908.07,16910.52,16863.43,16891.36,2,511108
2022-11-16 05:20:00,16891.36,16899.11,16852.53,16873.33,2,511109
2022-11-16 05:25:00,16874.21,16886.67,16862.56,16871.24,2,511110
2022-11-16 05:30:00,16870.01,16896.89,16868.48,16879.35,2,511111
2022-11-16 05:35:00,16880.59,16881.91,16845.68,16862.1,2,511112
2022-11-16 05:40:00,16862.1,16873.32,16844.39,16849.66,1,511113
2022-11-16 05:45:00,16849.66,16890.37,16848.6,16869.04,0,511114
2022-11-16 05:50:00,16868.12,16904.33,16854.94,16901.95,0,511115
2022-11-16 05:55:00,16901.95,16904.77,16875.23,16880.49,0,511116
2022-11-16 06:00:00,16880.49,16892.87,16843.01,16849.33,0,511117
2022-11-16 06:05:00,16849.34,16862.02,16841.38,16852.2,0,511118
2022-11-16 06:10:00,16850.83,16885.81,16849.39,16881.12,0,511119
2022-11-16 06:15:00,16881.12,16899.25,16865.89,16888.35,0,511120
2022-11-16 06:20:00,16886.73,16893.24,16848.78,16850.26,0,511121
2022-11-16 06:25:00,16849.11,16873.08,16843.64,16865.14,0,511122
2022-11-16 06:30:00,16865.14,16869.0,16849.55,16861.61,0,511123
2022-11-16 06:35:00,16862.94,16867.46,16835.58,16862.55,0,511124
2022-11-16 06:40:00,16864.29,16883.07,16862.54,16881.77,0,511125
2022-11-16 06:45:00,16880.6,16903.81,16870.0,16875.35,0,511126
2022-11-16 06:50:00,16875.35,16899.61,16860.0,16893.61,0,511127
2022-11-16 06:55:00,16893.61,16904.76,16884.66,16900.57,0,511128
2022-11-16 07:00:00,16900.57,16935.39,16883.81,16919.37,3,511129
2022-11-16 07:05:00,16919.37,16920.88,16892.54,16899.13,2,511130
2022-11-16 07:10:00,16899.13,16903.66,16856.76,16859.92,2,511131
2022-11-16 07:15:00,16861.09,16890.84,16841.59,16876.38,2,511132
2022-11-16 07:20:00,16877.78,16882.0,16801.34,16806.69,2,511133
2022-11-16 07:25:00,16806.69,16829.0,16800.0,16809.53,2,511134
2022-11-16 07:30:00,16809.54,16837.2,16803.26,16821.6,2,511135
2022-11-16 07:35:00,16821.6,16837.59,16812.09,16827.64,2,511136
2022-11-16 07:40:00,16827.64,16839.89,16796.82,16816.87,2,511137
2022-11-16 07:45:00,16816.87,16851.88,16800.0,16831.24,2,511138
2022-11-16 07:50:00,16831.24,16832.54,16805.09,16815.29,2,511139
2022-11-16 07:55:00,16815.29,16819.66,16765.64,16786.29,1,511140
2022-11-16 08:00:00,16787.44,16811.68,16785.03,16810.38,0,511141
2022-11-16 08:05:00,16810.39,16832.64,16788.06,16816.57,0,511142
2022-11-16 08:10:00,16816.57,16827.95,16793.56,16802.23,0,511143
2022-11-16 08:15:00,16802.24,16824.61,16796.66,16811.8,0,511144
2022-11-16 08:20:00,16811.8,16822.96,16790.79,16820.71,0,511145
2022-11-16 08:25:00,16819.87,16839.29,16806.18,16812.57,0,511146
2022-11-16 08:30:00,16811.8,16824.88,16777.0,16821.79,0,511147
2022-11-16 08:35:00,16821.79,16837.3,16814.47,16833.27,0,511148
2022-11-16 08:40:00,16833.27,16839.74,16822.52,16828.69,0,511149
2022-11-16 08:45:00,16828.69,16831.45,16808.5,16812.35,0,511150
2022-11-16 08:50:00,16812.35,16834.86,16802.15,16832.42,0,511151
2022-11-16 08:55:00,16831.48,16860.63,16830.0,16859.19,0,511152
2022-11-16 09:00:00,16859.19,16888.83,16825.38,16828.94,0,511153
2022-11-16 09:05:00,16828.94,16855.87,16822.43,16838.8,0,511154
2022-11-16 09:10:00,16838.8,16865.75,16831.51,16862.97,0,511155
2022-11-16 09:15:00,16862.97,16887.9,16855.25,16876.31,0,511156
2022-11-16 09:20:00,16875.39,16896.52,16866.07,16882.89,0,511157
2022-11-16 09:25:00,16882.89,16910.0,16882.89,16896.39,0,511158
2022-11-16 09:30:00,16895.48,17015.92,16888.93,16978.4,3,511159
2022-11-16 09:35:00,16977.27,17007.11,16945.8,16951.99,2,511160
2022-11-16 09:40:00,16950.85,16993.17,16948.17,16976.01,2,511161
2022-11-16 09:45:00,16977.01,16979.62,16938.6,16939.9,2,511162
2022-11-16 09:50:00,16939.9,16960.48,16935.0,16946.19,2,511163
2022-11-16 09:55:00,16946.55,16953.65,16930.78,16941.96,2,511164
2022-11-16 10:00:00,16943.0,16950.51,16917.15,16928.03,2,511165
2022-11-16 10:05:00,16928.43,16946.08,16917.57,16941.77,2,511166
2022-11-16 10:10:00,16941.77,16955.17,16931.05,16942.49,2,511167
2022-11-16 10:15:00,16941.6,16944.02,16927.65,16932.67,2,511168
2022-11-16 10:20:00,16932.66,16945.63,16921.0,16937.2,2,511169
2022-11-16 10:25:00,16935.46,16953.65,16931.47,16947.04,2,511170
2022-11-16 10:30:00,16947.04,16971.78,16925.04,16947.5,2,511171
2022-11-16 10:35:00,16946.99,16975.73,16946.47,16967.95,2,511172
2022-11-16 10:40:00,16966.61,16979.1,16959.45,16963.96,2,511173
2022-11-16 10:45:00,16963.96,16976.79,16939.22,16957.25,2,511174
2022-11-16 10:50:00,16957.6,16965.75,16943.98,16959.42,2,511175
2022-11-16 10:55:00,16959.42,16982.6,16956.21,16969.99,2,511176
2022-11-16 11:00:00,16970.87,16979.22,16942.58,16950.12,2,511177
2022-11-16 11:05:00,16951.02,16964.84,16944.18,16949.32,2,511178
2022-11-16 11:10:00,16949.32,16965.42,16944.94,16951.79,2,511179
2022-11-16 11:15:00,16950.97,16965.35,16941.17,16946.65,2,511180
2022-11-16 11:20:00,16947.3,16950.56,16892.0,16895.34,2,511181
2022-11-16 11:25:00,16896.26,16934.82,16895.22,16912.79,2,511182
2022-11-16 11:30:00,16912.67,16927.3,16907.59,16910.65,2,511183
2022-11-16 11:35:00,16911.01,16920.4,16904.72,16913.1,2,511184
2022-11-16 11:40:00,16913.91,16918.33,16901.89,16907.75,2,511185
2022-11-16 11:45:00,16907.75,16932.71,16901.21,16918.89,2,511186
2022-11-16 11:50:00,16918.01,16925.19,16908.36,16910.02,2,511187
2022-11-16 11:55:00,16909.26,16916.0,16894.5,16909.42,2,511188
2022-11-16 12:00:00,16910.06,16915.05,16895.26,16904.09,2,511189
2022-11-16 12:05:00,16903.33,16909.54,16877.04,16887.88,1,511190
2022-11-16 12:10:00,16887.88,16905.0,16886.79,16899.96,0,511191
2022-11-16 12:15:00,16900.43,16927.8,16898.58,16926.75,0,511192
2022-11-16 12:20:00,16927.48,16935.07,16916.38,16928.92,0,511193
2022-11-16 12:25:00,16928.92,16944.54,16915.22,16934.97,0,511194
2022-11-16 12:30:00,16934.97,16957.56,16916.02,16921.45,0,511195
2022-11-16 12:35:00,16921.45,16928.97,16910.07,16927.55,0,511196
2022-11-16 12:40:00,16927.55,16943.76,16915.67,16932.06,0,511197
2022-11-16 12:45:00,16932.06,16949.0,16928.92,16945.36,3,511198
2022-11-16 12:50:00,16945.36,16945.78,16915.15,16923.25,2,511199
2022-11-16 12:55:00,16923.25,16935.0,16901.7,16922.11,2,511200
2022-11-16 13:00:00,16922.11,16938.21,16912.43,16935.76,2,511201
2022-11-16 13:05:00,16934.46,16939.88,16899.0,16901.17,2,511202
2022-11-16 13:10:00,16901.17,16903.32,16830.51,16844.57,2,511203
2022-11-16 13:15:00,16844.56,16875.32,16813.53,16835.81,2,511204
2022-11-16 13:20:00,16835.81,16847.5,16798.68,16834.14,2,511205
2022-11-16 13:25:00,16833.94,16840.65,16814.19,16822.98,1,511206
2022-11-16 13:30:00,16821.35,16840.0,16811.14,16824.65,0,511207
2022-11-16 13:35:00,16823.41,16847.49,16796.2,16831.51,0,511208
2022-11-16 13:40:00,16831.4,16843.82,16824.21,16840.79,0,511209
2022-11-16 13:45:00,16840.79,16868.62,16836.28,16860.42,0,511210
2022-11-16 13:50:00,16860.4,16870.64,16848.1,16868.71,0,511211
2022-11-16 13:55:00,16867.83,16886.2,16864.1,16866.23,0,511212
2022-11-16 14:00:00,16866.62,16907.22,16854.5,16887.69,3,511213
2022-11-16 14:05:00,16888.32,16901.32,16856.0,16860.11,2,511214
2022-11-16 14:10:00,16860.11,16877.4,16843.81,16845.73,2,511215
2022-11-16 14:15:00,16845.74,16870.09,16842.37,16862.77,2,511216
2022-11-16 14:20:00,16862.77,16867.91,16848.52,16861.1,2,511217
2022-11-16 14:25:00,16861.81,16871.96,16842.13,16861.4,2,511218
2022-11-16 14:30:00,16861.0,16870.96,16848.01,16867.18,2,511219
2022-11-16 14:35:00,16866.87,16869.38,16827.01,16836.59,2,511220
2022-11-16 14:40:00,16837.13,16859.47,16836.59,16857.49,2,511221
2022-11-16 14:45:00,16856.6,16873.95,16853.23,16872.08,2,511222
2022-11-16 14:50:00,16872.08,16874.05,16844.0,16866.96,2,511223
2022-11-16 14:55:00,16866.45,16867.58,16821.89,16824.69,2,511224
2022-11-16 15:00:00,16824.69,16842.76,16767.0,16833.77,2,511225
2022-11-16 15:05:00,16833.77,16850.27,16786.6,16830.93,2,511226
2022-11-16 15:10:00,16832.13,16833.31,16787.78,16799.01,2,511227
2022-11-16 15:15:00,16799.81,16831.13,16777.38,16829.13,2,511228
2022-11-16 15:20:00,16829.61,16832.26,16800.0,16801.94,2,511229
2022-11-16 15:25:00,16802.52,16809.78,16770.0,16773.29,2,511230
2022-11-16 15:30:00,16773.3,16794.47,16730.0,16750.56,2,511231
2022-11-16 15:35:00,16750.56,16766.26,16697.15,16728.04,1,511232
2022-11-16 15:40:00,16729.11,16765.4,16720.1,16758.85,0,511233
2022-11-16 15:45:00,16758.04,16787.37,16751.12,16779.26,0,511234
2022-11-16 15:50:00,16780.47,16783.1,16756.0,16780.57,0,511235
2022-11-16 15:55:00,16780.57,16791.1,16761.84,16789.84,3,511236
2022-11-16 16:00:00,16789.84,16807.05,16763.0,16764.63,2,511237
2022-11-16 16:05:00,16766.04,16772.5,16743.63,16752.03,2,511238
2022-11-16 16:10:00,16752.03,16767.98,16748.39,16765.45,2,511239
2022-11-16 16:15:00,16764.76,16782.72,16761.1,16778.15,2,511240
2022-11-16 16:20:00,16778.52,16779.99,16757.79,16761.11,2,511241
2022-11-16 16:25:00,16761.78,16763.49,16698.48,16701.11,1,511242
2022-11-16 16:30:00,16699.58,16718.12,16670.43,16707.0,0,511243
2022-11-16 16:35:00,16707.0,16754.12,16689.41,16742.97,0,511244
2022-11-16 16:40:00,16742.97,16744.52,16721.94,16733.14,0,511245
2022-11-16 16:45:00,16733.58,16758.36,16720.12,16751.47,0,511246
2022-11-16 16:50:00,16751.47,16751.47,16717.62,16724.13,0,511247
2022-11-16 16:55:00,16724.0,16747.62,16719.37,16744.33,0,511248
2022-11-16 17:00:00,16744.33,16777.77,16727.91,16769.4,3,511249
2022-11-16 17:05:00,16770.07,16774.1,16750.49,16766.9,2,511250
2022-11-16 17:10:00,16766.9,16769.52,16741.01,16752.4,2,511251
2022-11-16 17:15:00,16751.85,16756.11,16731.29,16735.53,2,511252
2022-11-16 17:20:00,16735.52,16742.81,16695.33,16697.0,2,511253
2022-11-16 17:25:00,16697.0,16732.49,16695.48,16721.56,2,511254
2022-11-16 17:30:00,16722.28,16730.0,16713.98,16722.06,2,511255
2022-11-16 17:35:00,16723.07,16723.86,16680.54,16696.23,1,511256
2022-11-16 17:40:00,16696.49,16779.0,16688.61,16736.76,0,511257
2022-11-16 17:45:00,16738.24,16748.85,16714.14,16719.49,0,511258
2022-11-16 17:50:00,16719.52,16725.92,16701.17,16712.26,0,511259
2022-11-16 17:55:00,16711.15,16733.08,16703.97,16731.47,0,511260
2022-11-16 18:00:00,16731.48,16751.98,16722.62,16749.37,0,511261
2022-11-16 18:05:00,16748.39,16749.87,16710.0,16717.25,0,511262
2022-11-16 18:10:00,16717.25,16745.62,16713.16,16738.88,0,511263
2022-11-16 18:15:00,16739.08,16775.38,16738.0,16759.07,0,511264
2022-11-16 18:20:00,16759.36,16769.98,16747.03,16761.58,3,511265
2022-11-16 18:25:00,16761.58,16770.79,16752.13,16758.71,2,511266
2022-11-16 18:30:00,16758.71,16760.33,16742.75,16743.7,2,511267
2022-11-16 18:35:00,16744.79,16750.9,16727.01,16729.68,2,511268
2022-11-16 18:40:00,16730.59,16745.0,16729.5,16739.88,2,511269
2022-11-16 18:45:00,16740.6,16743.12,16700.01,16701.43,2,511270
2022-11-16 18:50:00,16701.43,16726.44,16650.29,16720.24,2,511271
2022-11-16 18:55:00,16718.74,16729.42,16686.77,16707.9,2,511272
2022-11-16 19:00:00,16706.64,16721.23,16671.84,16689.97,2,511273
2022-11-16 19:05:00,16690.77,16694.24,16627.77,16647.03,2,511274
2022-11-16 19:10:00,16646.1,16665.28,16631.0,16636.99,2,511275
2022-11-16 19:15:00,16637.82,16671.79,16629.75,16654.86,2,511276
2022-11-16 19:20:00,16654.01,16673.6,16653.62,16665.52,2,511277
2022-11-16 19:25:00,16665.92,16666.75,16557.01,16593.84,1,511278
2022-11-16 19:30:00,16593.03,16638.0,16583.0,16626.75,0,511279
2022-11-16 19:35:00,16626.17,16630.62,16588.62,16628.07,0,511280
2022-11-16 19:40:00,16628.88,16670.0,16625.0,16667.54,0,511281
2022-11-16 19:45:00,16666.33,16687.55,16654.0,16667.42,0,511282
2022-11-16 19:50:00,16666.38,16678.12,16629.27,16638.86,0,511283
2022-11-16 19:55:00,16638.86,16669.0,16637.71,16659.82,0,511284
2022-11-16 20:00:00,16659.33,16660.35,16524.0,16539.97,0,511285
2022-11-16 20:05:00,16541.15,16604.0,16511.58,16602.23,0,511286
2022-11-16 20:10:00,16603.14,16618.67,16563.82,16587.88,0,511287
2022-11-16 20:15:00,16587.3,16604.21,16572.19,16592.76,0,511288
2022-11-16 20:20:00,16592.76,16629.8,16590.06,16606.34,0,511289
2022-11-16 20:25:00,16607.32,16619.12,16587.52,16612.63,0,511290
2022-11-16 20:30:00,16612.17,16700.24,16511.0,16616.81,3,511291
2022-11-16 20:35:00,16616.8,16619.08,16534.01,16579.51,2,511292
2022-11-16 20:40:00,16580.08,16600.0,16552.62,16591.54,2,511293
2022-11-16 20:45:00,16591.54,16647.78,16575.23,16582.91,2,511294
2022-11-16 20:50:00,16582.91,16596.59,16510.0,16518.93,2,511295
2022-11-16 20:55:00,16517.98,16541.45,16449.41,16513.61,2,511296
2022-11-16 21:00:00,16512.86,16545.81,16440.82,16478.07,2,511297
2022-11-16 21:05:00,16478.0,16505.9,16391.03,16458.41,1,511298
2022-11-16 21:10:00,16460.44,16501.76,16416.11,16493.07,0,511299
2022-11-16 21:15:00,16493.07,16539.41,16463.99,16509.99,0,511300
2022-11-16 21:20:00,16510.53,16526.92,16481.56,16507.87,0,511301
2022-11-16 21:25:00,16507.87,16537.57,16493.73,16533.93,0,511302
2022-11-16 21:30:00,16535.39,16580.26,16509.23,16569.32,0,511303
2022-11-16 21:35:00,16569.3,16569.32,16519.53,16534.35,0,511304
2022-11-16 21:40:00,16534.35,16539.46,16471.43,16501.45,0,511305
2022-11-16 21:45:00,16501.45,16542.52,16473.73,16482.07,0,511306
2022-11-16 21:50:00,16482.07,16484.0,16415.0,16428.49,0,511307
2022-11-16 21:55:00,16428.49,16499.94,16419.02,16484.78,0,511308
2022-11-16 22:00:00,16484.78,16562.11,16434.69,16512.81,0,511309
2022-11-16 22:05:00,16512.81,16522.24,16490.0,16509.64,0,511310
2022-11-16 22:10:00,16507.95,16546.2,16506.7,16525.48,0,511311
2022-11-16 22:15:00,16525.48,16526.27,16486.6,16487.55,0,511312
2022-11-16 22:20:00,16487.55,16510.96,16472.87,16503.3,0,511313
2022-11-16 22:25:00,16503.3,16537.31,16502.02,16535.51,0,511314
2022-11-16 22:30:00,16537.28,16545.0,16505.01,16532.93,0,511315
2022-11-16 22:35:00,16531.99,16562.85,16522.44,16540.7,0,511316
2022-11-16 22:40:00,16540.7,16543.67,16498.57,16508.45,0,511317
2022-11-16 22:45:00,16508.45,16518.68,16378.61,16410.65,0,511318
2022-11-16 22:50:00,16413.16,16477.0,16408.41,16443.19,0,511319
2022-11-16 22:55:00,16443.24,16468.94,16411.52,16431.7,0,511320
2022-11-16 23:00:00,16431.7,16464.45,16401.0,16453.4,0,511321
2022-11-16 23:05:00,16453.4,16460.0,16433.42,16457.2,0,511322
2022-11-16 23:10:00,16457.06,16485.74,16444.84,16468.57,0,511323
2022-11-16 23:15:00,16469.67,16486.75,16448.27,16479.41,0,511324
2022-11-16 23:20:00,16480.47,16489.37,16450.01,16465.95,0,511325
2022-11-16 23:25:00,16465.95,16469.96,16443.09,16459.33,0,511326
2022-11-16 23:30:00,16459.33,16491.06,16437.33,16475.6,0,511327
2022-11-16 23:35:00,16476.93,16481.0,16443.12,16471.29,0,511328
2022-11-16 23:40:00,16471.29,16522.23,16469.74,16521.91,0,511329
2022-11-16 23:45:00,16520.83,16556.34,16507.24,16539.81,0,511330
2022-11-16 23:50:00,16540.78,16548.73,16497.72,16527.02,0,511331
2022-11-16 23:55:00,16528.48,16529.19,16495.9,16498.65,0,511332
2022-11-17 00:00:00,16498.65,16524.69,16491.99,16511.46,0,511333
2022-11-17 00:05:00,16511.46,16531.13,16510.0,16523.36,0,511334
2022-11-17 00:10:00,16523.88,16528.32,16505.46,16516.39,0,511335
2022-11-17 00:15:00,16517.39,16543.22,16501.0,16523.99,0,511336
2022-11-17 00:20:00,16523.1,16533.0,16505.56,16526.36,0,511337
2022-11-17 00:25:00,16527.91,16531.44,16507.02,16515.51,0,511338
2022-11-17 00:30:00,16514.75,16548.96,16510.0,16532.09,0,511339
2022-11-17 00:35:00,16530.9,16636.29,16528.59,16552.69,0,511340
2022-11-17 00:40:00,16552.69,16590.52,16539.76,16570.08,0,511341
2022-11-17 00:45:00,16571.2,16617.95,16560.0,16592.53,0,511342
2022-11-17 00:50:00,16591.01,16606.68,16566.01,16577.49,0,511343
2022-11-17 00:55:00,16578.5,16589.88,16569.3,16577.01,0,511344
2022-11-17 01:00:00,16577.97,16602.89,16565.54,16580.72,0,511345
2022-11-17 01:05:00,16581.86,16604.99,16572.29,16598.92,0,511346
2022-11-17 01:10:00,16598.92,16639.98,16597.29,16636.19,3,511347
2022-11-17 01:15:00,16636.19,16643.23,16598.31,16599.97,2,511348
2022-11-17 01:20:00,16599.97,16619.59,16580.39,16588.85,2,511349
2022-11-17 01:25:00,16588.85,16603.11,16576.54,16595.6,2,511350
2022-11-17 01:30:00,16595.6,16598.85,16561.53,16563.57,2,511351
2022-11-17 01:35:00,16563.57,16577.33,16535.39,16550.53,2,511352
2022-11-17 01:40:00,16550.55,16567.12,16540.69,16555.46,2,511353
2022-11-17 01:45:00,16555.46,16566.86,16531.6,16544.07,2,511354
2022-11-17 01:50:00,16544.07,16565.24,16535.61,16554.43,2,511355
2022-11-17 01:55:00,16554.43,16558.39,16540.02,16549.9,2,511356
2022-11-17 02:00:00,16549.05,16554.39,16538.63,16544.49,2,511357
2022-11-17 02:05:00,16544.75,16545.77,16470.0,16497.18,2,511358
2022-11-17 02:10:00,16497.15,16509.0,16452.07,16478.98,1,511359
2022-11-17 02:15:00,16478.98,16510.91,16477.14,16503.2,0,511360
2022-11-17 02:20:00,16501.9,16524.03,16492.01,16513.2,0,511361
2022-11-17 02:25:00,16513.2,16532.23,16508.57,16519.74,0,511362
2022-11-17 02:30:00,16520.48,16532.55,16500.05,16528.26,0,511363
2022-11-17 02:35:00,16527.51,16562.49,16523.04,16541.83,0,511364
2022-11-17 02:40:00,16541.83,16568.74,16537.81,16541.19,0,511365
2022-11-17 02:45:00,16541.19,16552.99,16538.18,16542.21,0,511366
2022-11-17 02:50:00,16543.14,16566.0,16541.59,16548.02,0,511367
2022-11-17 02:55:00,16548.02,16566.59,16548.0,16556.88,0,511368
2022-11-17 03:00:00,16558.2,16576.0,16538.51,16539.76,0,511369
2022-11-17 03:05:00,16538.51,16547.59,16522.24,16534.0,0,511370
2022-11-17 03:10:00,16534.86,16553.87,16534.0,16547.19,0,511371
2022-11-17 03:15:00,16546.09,16556.72,16527.98,16536.91,0,511372
2022-11-17 03:20:00,16536.91,16544.35,16525.48,16540.08,0,511373
2022-11-17 03:25:00,16540.08,16560.77,16531.71,16550.76,0,511374
2022-11-17 03:30:00,16551.68,16575.58,16537.65,16544.03,0,511375
2022-11-17 03:35:00,16544.99,16572.63,16544.02,16560.1,0,511376
2022-11-17 03:40:00,16561.38,16587.54,16555.12,16573.8,0,511377
2022-11-17 03:45:00,16573.81,16602.82,16558.31,16588.66,0,511378
2022-11-17 03:50:00,16587.14,16598.79,16583.85,16591.12,0,511379
2022-11-17 03:55:00,16592.27,16597.93,16573.52,16582.26,0,511380
2022-11-17 04:00:00,16582.26,16596.32,16575.05,16590.7,0,511381
2022-11-17 04:05:00,16590.69,16616.04,16584.41,16592.17,3,511382
2022-11-17 04:10:00,16592.17,16600.99,16578.24,16581.94,2,511383
2022-11-17 04:15:00,16582.84,16587.99,16550.0,16553.91,2,511384
2022-11-17 04:20:00,16554.96,16567.21,16539.12,16549.83,2,511385
2022-11-17 04:25:00,16549.83,16558.22,16545.38,16553.03,2,511386
2022-11-17 04:30:00,16552.23,16559.95,16545.67,16558.4,2,511387
2022-11-17 04:35:00,16557.47,16565.88,16549.33,16560.0,2,511388
2022-11-17 04:40:00,16559.2,16564.83,16543.91,16553.49,2,511389
2022-11-17 04:45:00,16553.49,16560.0,16534.6,16541.79,2,511390
2022-11-17 04:50:00,16541.79,16555.83,16532.1,16543.43,2,511391
2022-11-17 04:55:00,16542.86,16558.6,16542.5,16549.79,2,511392
2022-11-17 05:00:00,16549.79,16567.01,16548.49,16552.73,2,511393
2022-11-17 05:05:00,16552.73,16573.89,16537.61,16572.22,2,511394
2022-11-17 05:10:00,16572.22,16573.26,16563.06,16566.64,2,511395
2022-11-17 05:15:00,16567.84,16569.68,16533.67,16558.59,2,511396
2022-11-17 05:20:00,16559.11,16559.86,16499.46,16513.17,1,511397
2022-11-17 05:25:00,16513.17,16537.04,16511.37,16528.74,0,511398
2022-11-17 05:30:00,16528.03,16535.09,16513.33,16532.92,0,511399
2022-11-17 05:35:00,16532.92,16549.17,16530.95,16542.96,0,511400
2022-11-17 05:40:00,16542.03,16552.38,16532.48,16537.83,0,511401
2022-11-17 05:45:00,16537.83,16562.16,16527.12,16559.75,0,511402
2022-11-17 05:50:00,16560.1,16618.21,16554.15,16614.67,0,511403
2022-11-17 05:55:00,16613.81,16704.09,16592.45,16669.61,0,511404
2022-11-17 06:00:00,16669.61,16773.09,16664.66,16713.18,0,511405
2022-11-17 06:05:00,16713.18,16727.3,16680.0,16713.34,3,511406
2022-11-17 06:10:00,16713.34,16716.81,16663.96,16678.94,2,511407
2022-11-17 06:15:00,16679.79,16682.32,16630.0,16680.46,2,511408
2022-11-17 06:20:00,16681.23,16691.5,16665.17,16677.39,2,511409
2022-11-17 06:25:00,16676.37,16714.97,16675.25,16700.99,2,511410
2022-11-17 06:30:00,16700.99,16712.0,16688.72,16693.11,2,511411
2022-11-17 06:35:00,16694.31,16697.38,16668.23,16685.35,2,511412
2022-11-17 06:40:00,16685.35,16687.87,16638.01,16656.45,2,511413
2022-11-17 06:45:00,16657.45,16671.08,16635.09,16651.54,1,511414
2022-11-17 06:50:00,16651.54,16679.53,16650.01,16672.87,0,511415
2022-11-17 06:55:00,16672.87,16678.98,16658.1,16662.76,0,511416
2022-11-17 07:00:00,16661.61,16696.42,16654.78,16689.71,0,511417
2022-11-17 07:05:00,16689.71,16708.21,16675.17,16697.35,0,511418
2022-11-17 07:10:00,16696.42,16709.46,16681.22,16705.24,0,511419
2022-11-17 07:15:00,16705.24,16716.31,16687.54,16697.14,0,511420
2022-11-17 07:20:00,16695.89,16697.71,16654.0,16670.69,0,511421
2022-11-17 07:25:00,16670.69,16701.65,16670.08,16676.68,0,511422
2022-11-17 07:30:00,16675.91,16688.79,16660.15,16671.59,0,511423
2022-11-17 07:35:00,16670.87,16704.21,16670.87,16686.29,0,511424
2022-11-17 07:40:00,16686.86,16710.58,16683.66,16695.84,0,511425
2022-11-17 07:45:00,16695.11,16751.0,16686.1,16727.99,0,511426
2022-11-17 07:50:00,16727.99,16730.47,16673.81,16676.42,0,511427
2022-11-17 07:55:00,16675.08,16706.55,16675.07,16702.61,0,511428
2022-11-17 08:00:00,16702.61,16709.99,16691.09,16699.21,0,511429
2022-11-17 08:05:00,16698.17,16722.35,16698.17,16709.98,0,511430
2022-11-17 08:10:00,16709.98,16737.85,16709.19,16730.64,3,511431
2022-11-17 08:15:00,16730.64,16745.68,16713.36,16726.06,2,511432
2022-11-17 08:20:00,16725.17,16734.79,16696.9,16705.33,2,511433
2022-11-17 08:25:00,16704.63,16712.07,16693.59,16704.53,2,511434
2022-11-17 08:30:00,16704.53,16711.0,16690.7,16697.28,2,511435
2022-11-17 08:35:00,16697.77,16727.54,16696.58,16716.47,2,511436
2022-11-17 08:40:00,16716.46,16728.0,16704.7,16705.62,2,511437
2022-11-17 08:45:00,16706.05,16706.72,16690.41,16695.52,2,511438
2022-11-17 08:50:00,16696.16,16703.0,16682.38,16700.39,2,511439
2022-11-17 08:55:00,16701.29,16703.15,16686.38,16694.3,2,511440
2022-11-17 09:00:00,16694.3,16704.98,16666.6,16681.67,2,511441
2022-11-17 09:05:00,16682.29,16687.44,16652.69,16654.29,2,511442
2022-11-17 09:10:00,16655.19,16671.03,16651.84,16664.55,2,511443
2022-11-17 09:15:00,16664.08,16673.79,16654.82,16662.25,2,511444
2022-11-17 09:20:00,16662.74,16665.75,16651.1,16658.85,2,511445
2022-11-17 09:25:00,16659.58,16679.0,16658.71,16666.53,2,511446
2022-11-17 09:30:00,16666.54,16687.99,16666.54,16672.81,2,511447
2022-11-17 09:35:00,16672.81,16684.25,16670.77,16680.03,2,511448
2022-11-17 09:40:00,16680.66,16688.65,16676.25,16679.44,2,511449
2022-11-17 09:45:00,16678.82,16687.99,16643.39,16644.08,2,511450
2022-11-17 09:50:00,16644.08,16653.98,16608.0,16613.05,2,511451
2022-11-17 09:55:00,16613.05,16640.38,16573.2,16577.42,2,511452
2022-11-17 10:00:00,16577.42,16600.66,16565.81,16594.77,2,511453
2022-11-17 10:05:00,16595.48,16607.11,16586.14,16593.97,2,511454
2022-11-17 10:10:00,16593.97,16608.56,16593.48,16605.91,2,511455
2022-11-17 10:15:00,16605.91,16610.82,16600.0,16606.24,2,511456
2022-11-17 10:20:00,16605.73,16609.4,16591.73,16594.93,2,511457
2022-11-17 10:25:00,16594.07,16601.55,16584.21,16594.9,2,511458
2022-11-17 10:30:00,16595.36,16599.54,16565.36,16582.03,2,511459
2022-11-17 10:35:00,16582.03,16590.19,16551.0,16577.26,2,511460
2022-11-17 10:40:00,16577.25,16594.95,16576.01,16578.33,2,511461
2022-11-17 10:45:00,16578.33,16589.41,16558.16,16558.96,2,511462
2022-11-17 10:50:00,16558.96,16562.46,16532.81,16539.42,2,511463
2022-11-17 10:55:00,16538.19,16586.41,16505.0,16526.18,2,511464
2022-11-17 11:00:00,16526.18,16530.0,16425.01,16442.04,1,511465
2022-11-17 11:05:00,16442.04,16462.68,16410.74,16457.33,0,511466
2022-11-17 11:10:00,16457.84,16464.17,16443.12,16447.98,0,511467
2022-11-17 11:15:00,16447.98,16484.18,16444.52,16476.69,0,511468
2022-11-17 11:20:00,16475.95,16491.43,16463.03,16489.69,0,511469
2022-11-17 11:25:00,16490.52,16494.34,16477.71,16488.84,0,511470
2022-11-17 11:30:00,16488.88,16524.11,16477.22,16519.86,0,511471
2022-11-17 11:35:00,16520.67,16521.39,16497.0,16502.57,0,511472
2022-11-17 11:40:00,16503.24,16524.97,16482.14,16522.56,0,511473
2022-11-17 11:45:00,16521.89,16539.46,16516.17,16523.23,0,511474
2022-11-17 11:50:00,16522.63,16523.23,16505.94,16519.0,0,511475
2022-11-17 11:55:00,16518.96,16521.8,16497.68,16504.0,0,511476
2022-11-17 12:00:00,16503.31,16555.42,16497.62,16544.34,0,511477
2022-11-17 12:05:00,16544.34,16560.65,16540.0,16549.56,0,511478
2022-11-17 12:10:00,16549.56,16557.52,16538.17,16551.71,0,511479
2022-11-17 12:15:00,16550.46,16568.94,16543.73,16553.68,0,511480
2022-11-17 12:20:00,16552.69,16561.87,16542.54,16548.9,0,511481
2022-11-17 12:25:00,16547.89,16557.55,16537.89,16546.54,0,511482
2022-11-17 12:30:00,16546.54,16559.87,16540.0,16541.64,0,511483
2022-11-17 12:35:00,16542.73,16567.03,16539.18,16566.34,0,511484
2022-11-17 12:40:00,16566.48,16567.95,16553.73,16560.19,0,511485
2022-11-17 12:45:00,16560.94,16565.33,16555.28,16561.69,0,511486
2022-11-17 12:50:00,16560.99,16571.34,16556.06,16568.22,0,511487
2022-11-17 12:55:00,16568.22,16618.27,16548.24,16578.36,0,511488
2022-11-17 13:00:00,16579.77,16589.86,16546.71,16575.41,0,511489
2022-11-17 13:05:00,16574.69,16588.0,16562.43,16583.75,0,511490
2022-11-17 13:10:00,16583.75,16607.08,16579.81,16594.03,0,511491
2022-11-17 13:15:00,16594.03,16605.6,16582.36,16596.18,0,511492
2022-11-17 13:20:00,16596.94,16620.0,16595.49,16611.98,0,511493
2022-11-17 13:25:00,16611.44,16613.95,16589.47,16592.49,0,511494
2022-11-17 13:30:00,16592.49,16595.53,16561.71,16577.77,0,511495
2022-11-17 13:35:00,16577.77,16585.0,16565.73,16570.03,0,511496
2022-11-17 13:40:00,16570.03,16577.47,16543.55,16548.33,0,511497
2022-11-17 13:45:00,16549.39,16560.89,16542.0,16554.8,0,511498
2022-11-17 13:50:00,16554.79,16578.04,16542.36,16575.71,0,511499
2022-11-17 13:55:00,16576.21,16577.18,16533.95,16570.05,0,511500
2022-11-17 14:00:00,16571.69,16603.0,16570.0,16590.09,0,511501
2022-11-17 14:05:00,16590.09,16624.12,16586.14,16604.42,0,511502
2022-11-17 14:10:00,16603.9,16614.61,16553.12,16582.49,0,511503
2022-11-17 14:15:00,16582.49,16585.44,16548.06,16553.48,0,511504
2022-11-17 14:20:00,16553.48,16565.28,16535.7,16558.93,0,511505
2022-11-17 14:25:00,16558.24,16597.13,16556.75,16576.7,0,511506
2022-11-17 14:30:00,16577.21,16604.52,16565.37,16575.16,0,511507
2022-11-17 14:35:00,16575.48,16602.16,16573.38,16586.8,0,511508
2022-11-17 14:40:00,16585.82,16594.09,16582.09,16587.65,0,511509
2022-11-17 14:45:00,16586.69,16607.75,16575.64,16601.17,0,511510
2022-11-17 14:50:00,16600.39,16605.49,16588.03,16600.12,0,511511
2022-11-17 14:55:00,16600.12,16613.06,16592.08,16611.9,0,511512
2022-11-17 15:00:00,16611.9,16635.82,16601.36,16633.1,3,511513
2022-11-17 15:05:00,16633.11,16634.66,16588.92,16596.5,2,511514
2022-11-17 15:10:00,16595.94,16613.3,16585.0,16592.33,2,511515
2022-11-17 15:15:00,16593.16,16596.85,16580.0,16587.54,2,511516
2022-11-17 15:20:00,16587.54,16592.23,16570.83,16579.4,2,511517
2022-11-17 15:25:00,16579.64,16588.09,16565.0,16566.33,2,511518
2022-11-17 15:30:00,16566.33,16592.49,16561.66,16590.93,2,511519
2022-11-17 15:35:00,16590.94,16609.26,16588.03,16604.4,2,511520
2022-11-17 15:40:00,16604.4,16605.43,16583.66,16589.86,2,511521
2022-11-17 15:45:00,16589.87,16591.47,16573.04,16584.58,2,511522
2022-11-17 15:50:00,16584.58,16589.19,16566.78,16568.88,2,511523
2022-11-17 15:55:00,16568.88,16574.56,16566.0,16570.3,2,511524
2022-11-17 16:00:00,16571.04,16575.54,16563.82,16566.58,2,511525
2022-11-17 16:05:00,16567.1,16582.68,16566.18,16573.18,2,511526
2022-11-17 16:10:00,16572.68,16578.03,16563.39,16564.79,2,511527
2022-11-17 16:15:00,16564.79,16565.25,16545.86,16550.45,2,511528
2022-11-17 16:20:00,16550.45,16565.79,16525.0,16543.13,2,511529
2022-11-17 16:25:00,16542.51,16559.8,16534.32,16555.94,2,511530
2022-11-17 16:30:00,16555.94,16562.55,16471.36,16495.81,1,511531
2022-11-17 16:35:00,16495.81,16541.09,16483.11,16510.06,0,511532
2022-11-17 16:40:00,16509.24,16538.3,16509.24,16534.62,0,511533
2022-11-17 16:45:00,16535.03,16548.79,16496.13,16500.47,0,511534
2022-11-17 16:50:00,16501.28,16533.22,16481.88,16530.7,0,511535
2022-11-17 16:55:00,16531.85,16535.69,16518.06,16522.75,0,511536
2022-11-17 17:00:00,16522.19,16526.08,16503.71,16508.21,0,511537
2022-11-17 17:05:00,16508.21,16531.54,16500.16,16508.84,0,511538
2022-11-17 17:10:00,16508.84,16532.0,16503.15,16531.2,0,511539
2022-11-17 17:15:00,16531.2,16543.91,16522.48,16538.28,0,511540
2022-11-17 17:20:00,16538.8,16548.78,16520.02,16546.5,0,511541
2022-11-17 17:25:00,16546.5,16551.92,16531.44,16537.74,0,511542
2022-11-17 17:30:00,16537.78,16542.46,16515.55,16524.94,0,511543
2022-11-17 17:35:00,16524.94,16536.88,16514.15,16531.29,0,511544
2022-11-17 17:40:00,16530.26,16553.84,16521.55,16553.12,0,511545
2022-11-17 17:45:00,16552.38,16557.0,16536.94,16548.66,0,511546
2022-11-17 17:50:00,16548.66,16550.3,16525.02,16534.09,0,511547
2022-11-17 17:55:00,16533.21,16540.59,16526.42,16526.51,0,511548
2022-11-17 18:00:00,16526.51,16544.67,16523.45,16542.17,0,511549
2022-11-17 18:05:00,16542.17,16595.0,16541.5,16581.14,0,511550
2022-11-17 18:10:00,16581.14,16594.99,16570.0,16575.05,0,511551
2022-11-17 18:15:00,16574.05,16606.68,16572.8,16583.87,0,511552
2022-11-17 18:20:00,16583.87,16585.15,16565.69,16577.77,0,511553
2022-11-17 18:25:00,16577.77,16578.76,16561.48,16570.75,0,511554
2022-11-17 18:30:00,16570.75,16590.48,16565.0,16578.3,0,511555
2022-11-17 18:35:00,16579.11,16585.7,16567.77,16582.17,0,511556
2022-11-17 18:40:00,16582.92,16587.48,16568.04,16580.76,0,511557
2022-11-17 18:45:00,16580.05,16590.0,16575.21,16587.61,0,511558
2022-11-17 18:50:00,16587.61,16615.99,16587.61,16595.47,3,511559
2022-11-17 18:55:00,16595.47,16598.82,16581.24,16595.08,2,511560
2022-11-17 19:00:00,16594.19,16604.71,16578.56,16589.02,2,511561
2022-11-17 19:05:00,16589.59,16597.82,16577.93,16584.34,2,511562
2022-11-17 19:10:00,16584.85,16596.96,16575.0,16580.4,2,511563
2022-11-17 19:15:00,16580.92,16586.91,16565.71,16572.47,2,511564
2022-11-17 19:20:00,16572.47,16580.28,16551.38,16556.46,2,511565
2022-11-17 19:25:00,16556.17,16579.72,16556.0,16573.64,2,511566
2022-11-17 19:30:00,16573.64,16583.57,16570.99,16582.65,2,511567
2022-11-17 19:35:00,16582.66,16583.29,16564.1,16568.24,2,511568
2022-11-17 19:40:00,16568.24,16576.36,16546.82,16553.67,2,511569
2022-11-17 19:45:00,16554.4,16567.0,16546.39,16556.29,2,511570
2022-11-17 19:50:00,16557.37,16565.52,16552.8,16558.19,2,511571
2022-11-17 19:55:00,16558.19,16590.95,16551.57,16577.35,2,511572
2022-11-17 20:00:00,16577.35,16580.38,16518.57,16531.57,2,511573
2022-11-17 20:05:00,16531.57,16541.0,16519.31,16530.39,2,511574
2022-11-17 20:10:00,16530.39,16531.72,16495.47,16512.82,2,511575
2022-11-17 20:15:00,16511.71,16513.93,16450.0,16468.2,2,511576
2022-11-17 20:20:00,16468.2,16502.88,16430.0,16494.96,2,511577
2022-11-17 20:25:00,16494.98,16519.98,16483.47,16516.45,2,511578
2022-11-17 20:30:00,16515.69,16556.0,16488.0,16491.68,2,511579
2022-11-17 20:35:00,16492.31,16506.42,16473.01,16482.98,2,511580
2022-11-17 20:40:00,16482.98,16483.85,16450.18,16480.22,2,511581
2022-11-17 20:45:00,16479.45,16490.49,16449.62,16467.97,1,511582
2022-11-17 20:50:00,16467.26,16495.41,16462.58,16488.92,0,511583
2022-11-17 20:55:00,16488.93,16501.89,16475.01,16492.5,0,511584
2022-11-17 21:00:00,16492.5,16516.91,16484.86,16506.03,0,511585
2022-11-17 21:05:00,16506.81,16511.25,16476.75,16491.5,0,511586
2022-11-17 21:10:00,16490.7,16506.61,16480.0,16506.17,0,511587
2022-11-17 21:15:00,16506.17,16525.2,16488.0,16488.28,0,511588
2022-11-17 21:20:00,16488.28,16506.63,16477.27,16480.36,0,511589
2022-11-17 21:25:00,16481.4,16492.13,16458.09,16486.18,0,511590
2022-11-17 21:30:00,16486.18,16519.24,16479.35,16512.03,0,511591
2022-11-17 21:35:00,16511.83,16535.0,16497.17,16500.59,0,511592
2022-11-17 21:40:00,16501.35,16542.35,16493.98,16539.53,0,511593
2022-11-17 21:45:00,16539.53,16551.14,16520.47,16547.44,0,511594
2022-11-17 21:50:00,16547.44,16553.76,16514.04,16517.0,0,511595
2022-11-17 21:55:00,16517.17,16528.04,16508.53,16511.21,0,511596
2022-11-17 22:00:00,16511.21,16526.78,16504.17,16523.45,0,511597
2022-11-17 22:05:00,16523.45,16541.93,16519.26,16528.17,0,511598
2022-11-17 22:10:00,16528.17,16537.48,16518.21,16532.12,0,511599
2022-11-17 22:15:00,16531.24,16607.47,16530.0,16601.24,0,511600
2022-11-17 22:20:00,16601.31,16716.89,16600.64,16697.16,3,511601
2022-11-17 22:25:00,16697.75,16717.49,16656.62,16674.11,2,511602
2022-11-17 22:30:00,16674.11,16679.25,16630.03,16632.19,2,511603
2022-11-17 22:35:00,16631.4,16652.19,16611.71,16645.87,2,511604
2022-11-17 22:40:00,16645.71,16674.8,16636.48,16654.15,2,511605
2022-11-17 22:45:00,16654.15,16655.33,16560.63,16568.92,2,511606
2022-11-17 22:50:00,16568.24,16585.98,16500.01,16522.93,1,511607
2022-11-17 22:55:00,16522.93,16564.0,16515.67,16536.71,0,511608
2022-11-17 23:00:00,16534.61,16565.43,16517.36,16537.14,0,511609
2022-11-17 23:05:00,16538.17,16601.17,16525.98,16564.99,0,511610
2022-11-17 23:10:00,16566.25,16606.5,16560.0,16599.82,0,511611
2022-11-17 23:15:00,16599.82,16604.64,16570.21,16579.52,0,511612
2022-11-17 23:20:00,16579.52,16587.23,16557.05,16581.96,0,511613
2022-11-17 23:25:00,16583.03,16621.95,16574.67,16617.24,0,511614
2022-11-17 23:30:00,16616.96,16634.48,16605.2,16627.57,0,511615
2022-11-17 23:35:00,16627.57,16651.51,16623.63,16633.65,0,511616
2022-11-17 23:40:00,16634.44,16650.88,16607.47,16632.51,0,511617
2022-11-17 23:45:00,16632.51,16682.0,16630.82,16633.38,0,511618
2022-11-17 23:50:00,16634.68,16657.22,16615.8,16623.68,0,511619
2022-11-17 23:55:00,16622.97,16675.25,16622.97,16655.09,0,511620
2022-11-18 00:00:00,16655.09,16698.14,16645.33,16678.43,3,511621
2022-11-18 00:05:00,16678.43,16686.7,16657.06,16662.81,2,511622
2022-11-18 00:10:00,16661.3,16685.36,16642.45,16671.88,2,511623
2022-11-18 00:15:00,16671.88,16688.74,16647.23,16650.73,2,511624
2022-11-18 00:20:00,16650.41,16657.57,16626.0,16637.53,2,511625
2022-11-18 00:25:00,16637.53,16655.37,16637.52,16641.02,2,511626
2022-11-18 00:30:00,16640.01,16650.0,16616.18,16618.87,1,511627
2022-11-18 00:35:00,16619.42,16638.65,16616.59,16621.76,0,511628
2022-11-18 00:40:00,16621.76,16633.13,16615.8,16624.29,0,511629
2022-11-18 00:45:00,16624.29,16650.0,16622.02,16635.24,0,511630
2022-11-18 00:50:00,16634.31,16669.18,16633.36,16658.25,0,511631
2022-11-18 00:55:00,16657.51,16707.7,16655.62,16693.4,0,511632
2022-11-18 01:00:00,16693.4,16748.94,16692.27,16705.2,0,511633
2022-11-18 01:05:00,16706.45,16722.0,16669.03,16695.34,0,511634
2022-11-18 01:10:00,16695.34,16719.99,16693.61,16703.87,0,511635
2022-11-18 01:15:00,16704.77,16710.8,16686.52,16706.17,0,511636
2022-11-18 01:20:00,16705.13,16714.94,16689.32,16693.53,0,511637
2022-11-18 01:25:00,16694.38,16698.96,16680.95,16691.91,0,511638
2022-11-18 01:30:00,16692.09,16705.81,16685.34,16697.32,0,511639
2022-11-18 01:35:00,16698.43,16730.8,16695.12,16705.15,0,511640
2022-11-18 01:40:00,16705.15,16715.96,16690.68,16707.21,3,511641
2022-11-18 01:45:00,16707.21,16717.1,16693.67,16703.29,2,511642
2022-11-18 01:50:00,16703.29,16707.07,16691.33,16697.22,2,511643
2022-11-18 01:55:00,16697.22,16711.71,16695.02,16703.16,2,511644
2022-11-18 02:00:00,16702.44,16713.0,16681.62,16682.61,2,511645
2022-11-18 02:05:00,16682.61,16688.37,16653.47,16666.64,2,511646
2022-11-18 02:10:00,16667.45,16687.05,16663.88,16674.39,2,511647
2022-11-18 02:15:00,16674.89,16679.56,16641.58,16655.54,2,511648
2022-11-18 02:20:00,16656.72,16666.85,16651.28,16662.27,2,511649
2022-11-18 02:25:00,16662.06,16678.85,16657.03,16669.53,2,511650
2022-11-18 02:30:00,16668.22,16669.53,16656.66,16661.54,2,511651
2022-11-18 02:35:00,16662.27,16668.59,16650.49,16664.2,2,511652
2022-11-18 02:40:00,16664.21,16665.44,16644.17,16651.63,2,511653
2022-11-18 02:45:00,16652.52,16668.28,16645.64,16654.91,2,511654
2022-11-18 02:50:00,16654.91,16657.39,16630.84,16632.27,2,511655
2022-11-18 02:55:00,16632.27,16636.45,16602.41,16620.56,1,511656
2022-11-18 03:00:00,16620.56,16644.63,16608.98,16642.21,0,511657
2022-11-18 03:05:00,16642.21,16659.99,16638.3,16651.89,0,511658
2022-11-18 03:10:00,16651.89,16652.14,16642.18,16646.16,0,511659
2022-11-18 03:15:00,16646.16,16660.0,16645.4,16651.59,0,511660
2022-11-18 03:20:00,16650.94,16654.94,16637.99,16649.44,0,511661
2022-11-18 03:25:00,16649.44,16673.22,16646.51,16664.25,0,511662
2022-11-18 03:30:00,16663.52,16675.9,16632.01,16652.61,0,511663
2022-11-18 03:35:00,16652.61,16661.92,16648.0,16658.49,0,511664
2022-11-18 03:40:00,16657.69,16672.44,16653.38,16670.19,0,511665
2022-11-18 03:45:00,16670.19,16701.48,16667.62,16687.15,0,511666
2022-11-18 03:50:00,16688.21,16694.55,16672.2,16673.3,0,511667
2022-11-18 03:55:00,16672.5,16697.61,16672.21,16694.16,0,511668
2022-11-18 04:00:00,16694.35,16716.62,16690.75,16696.97,0,511669
2022-11-18 04:05:00,16696.97,16711.59,16695.37,16701.03,0,511670
2022-11-18 04:10:00,16701.03,16715.66,16698.54,16708.61,0,511671
2022-11-18 04:15:00,16708.54,16749.0,16707.77,16729.38,0,511672
2022-11-18 04:20:00,16729.38,16745.07,16724.82,16731.04,3,511673
2022-11-18 04:25:00,16730.47,16738.0,16706.56,16709.3,2,511674
2022-11-18 04:30:00,16709.3,16718.19,16685.0,16687.25,2,511675
2022-11-18 04:35:00,16688.02,16705.0,16686.83,16700.11,2,511676
2022-11-18 04:40:00,16700.11,16703.64,16692.49,16697.29,2,511677
2022-11-18 04:45:00,16697.29,16703.01,16682.05,16696.7,2,511678
2022-11-18 04:50:00,16696.7,16716.04,16692.99,16693.6,2,511679
2022-11-18 04:55:00,16694.07,16701.08,16686.67,16694.55,2,511680
2022-11-18 05:00:00,16694.55,16698.47,16683.38,16686.71,2,511681
2022-11-18 05:05:00,16687.45,16695.53,16682.74,16685.24,2,511682
2022-11-18 05:10:00,16685.24,16695.75,16684.46,16690.27,2,511683
2022-11-18 05:15:00,16690.27,16723.8,16687.53,16722.78,2,511684
2022-11-18 05:20:00,16723.57,16727.96,16695.48,16697.75,2,511685
2022-11-18 05:25:00,16697.75,16698.38,16675.19,16682.21,2,511686
2022-11-18 05:30:00,16682.21,16692.31,16666.23,16691.69,2,511687
2022-11-18 05:35:00,16692.14,16732.73,16691.09,16713.3,2,511688
2022-11-18 05:40:00,16712.18,16717.08,16703.69,16704.94,2,511689
2022-11-18 05:45:00,16704.19,16705.23,16684.72,16687.2,2,511690
2022-11-18 05:50:00,16687.2,16723.34,16686.0,16721.83,2,511691
2022-11-18 05:55:00,16721.83,16735.0,16710.0,16710.92,2,511692
2022-11-18 06:00:00,16710.92,16730.0,16688.89,16693.03,2,511693
2022-11-18 06:05:00,16693.03,16715.09,16690.83,16691.81,2,511694
2022-11-18 06:10:00,16690.83,16698.73,16680.0,16690.44,2,511695
2022-11-18 06:15:00,16690.44,16696.29,16673.82,16684.37,2,511696
2022-11-18 06:20:00,16684.37,16693.15,16674.96,16676.55,2,511697
2022-11-18 06:25:00,16676.55,16686.12,16675.0,16686.04,2,511698
2022-11-18 06:30:00,16685.26,16687.09,16674.03,16675.17,2,511699
2022-11-18 06:35:00,16676.05,16679.73,16650.49,16672.08,1,511700
2022-11-18 06:40:00,16671.96,16711.39,16664.6,16708.59,0,511701
2022-11-18 06:45:00,16708.35,16708.74,16689.19,16701.98,0,511702
2022-11-18 06:50:00,16701.99,16705.0,16685.93,16688.72,0,511703
2022-11-18 06:55:00,16687.93,16704.98,16687.93,16692.56,0,511704
2022-11-18 07:00:00,16692.56,16718.98,16682.06,16715.51,0,511705
2022-11-18 07:05:00,16715.51,16731.03,16702.18,16729.97,0,511706
2022-11-18 07:10:00,16729.97,16940.0,16726.95,16851.45,0,511707
2022-11-18 07:15:00,16849.37,16881.98,16815.25,16847.55,0,511708
2022-11-18 07:20:00,16848.58,16878.99,16840.35,16863.31,0,511709
2022-11-18 07:25:00,16863.4,16879.0,16838.48,16860.33,0,511710
2022-11-18 07:30:00,16860.33,16902.02,16859.61,16893.71,0,511711
2022-11-18 07:35:00,16893.71,16897.54,16835.16,16874.43,0,511712
2022-11-18 07:40:00,16875.29,16930.11,16866.92,16907.7,0,511713
2022-11-18 07:45:00,16906.81,16919.28,16880.66,16891.1,0,511714
2022-11-18 07:50:00,16890.31,16901.27,16875.47,16894.55,0,511715
2022-11-18 07:55:00,16894.67,16971.99,16891.84,16950.74,0,511716
2022-11-18 08:00:00,16950.74,17011.0,16923.79,16960.56,3,511717
2022-11-18 08:05:00,16961.46,16974.0,16911.22,16921.24,2,511718
2022-11-18 08:10:00,16920.47,16930.68,16899.6,16913.36,2,511719
2022-11-18 08:15:00,16913.36,16921.2,16886.27,16900.83,2,511720
2022-11-18 08:20:00,16901.61,16912.44,16890.01,16902.16,2,511721
2022-11-18 08:25:00,16902.16,16913.31,16890.0,16900.75,2,511722
2022-11-18 08:30:00,16900.75,16908.65,16870.39,16891.08,2,511723
2022-11-18 08:35:00,16891.53,16892.37,16859.73,16863.49,2,511724
2022-11-18 08:40:00,16864.04,16883.13,16862.19,16865.37,2,511725
2022-11-18 08:45:00,16865.37,16878.3,16864.04,16871.42,2,511726
2022-11-18 08:50:00,16870.89,16875.0,16854.37,16866.2,2,511727
2022-11-18 08:55:00,16866.48,16895.36,16856.05,16889.82,2,511728
2022-11-18 09:00:00,16889.82,16897.53,16872.52,16875.26,2,511729
2022-11-18 09:05:00,16876.1,16880.39,16862.54,16866.94,2,511730
2022-11-18 09:10:00,16867.48,16876.61,16860.01,16866.84,2,511731
2022-11-18 09:15:00,16867.14,16870.84,16842.68,16845.01,1,511732
2022-11-18 09:20:00,16845.01,16873.99,16843.8,16872.01,0,511733
2022-11-18 09:25:00,16872.01,16883.7,16870.7,16880.37,0,511734
2022-11-18 09:30:00,16880.37,16897.82,16867.39,16893.92,0,511735
2022-11-18 09:35:00,16892.86,16948.72,16881.53,16932.0,0,511736
2022-11-18 09:40:00,16932.77,16980.1,16926.01,16961.14,3,511737
2022-11-18 09:45:00,16960.95,16963.97,16914.68,16924.91,2,511738
2022-11-18 09:50:00,16925.62,16942.67,16914.47,16932.29,2,511739
2022-11-18 09:55:00,16932.29,16933.42,16895.67,16920.13,2,511740
2022-11-18 10:00:00,16919.39,16948.29,16917.57,16931.98,2,511741
2022-11-18 10:05:00,16931.38,16942.08,16899.16,16914.79,2,511742
2022-11-18 10:10:00,16914.79,16916.29,16901.22,16908.05,2,511743
2022-11-18 10:15:00,16907.71,16910.89,16898.15,16903.49,2,511744
2022-11-18 10:20:00,16903.49,16944.55,16900.29,16914.53,2,511745
2022-11-18 10:25:00,16914.53,16921.18,16906.58,16917.24,2,511746
2022-11-18 10:30:00,16916.68,16919.69,16908.63,16913.79,2,511747
2022-11-18 10:35:00,16913.79,16916.43,16901.0,16903.32,2,511748
2022-11-18 10:40:00,16903.32,16914.56,16896.71,16897.79,2,511749
2022-11-18 10:45:00,16897.34,16898.04,16880.0,16889.32,2,511750
2022-11-18 10:50:00,16889.32,16892.42,16868.94,16876.2,2,511751
2022-11-18 10:55:00,16876.63,16878.56,16850.0,16854.98,2,511752
2022-11-18 11:00:00,16855.75,16869.08,16847.31,16851.47,2,511753
2022-11-18 11:05:00,16851.47,16857.42,16836.36,16841.67,2,511754
2022-11-18 11:10:00,16842.05,16842.52,16780.39,16795.63,2,511755
2022-11-18 11:15:00,16794.85,16824.36,16791.19,16810.25,2,511756
2022-11-18 11:20:00,16810.25,16828.17,16801.54,16811.59,2,511757
2022-11-18 11:25:00,16811.59,16812.72,16781.66,16785.77,1,511758
2022-11-18 11:30:00,16785.77,16815.68,16773.49,16809.47,0,511759
2022-11-18 11:35:00,16809.47,16821.57,16805.07,16811.23,0,511760
2022-11-18 11:40:00,16812.13,16818.99,16809.2,16817.57,0,511761
2022-11-18 11:45:00,16817.57,16837.73,16805.57,16826.98,0,511762
2022-11-18 11:50:00,16826.98,16838.97,16817.12,16822.57,0,511763
2022-11-18 11:55:00,16822.48,16825.5,16803.63,16808.69,0,511764
2022-11-18 12:00:00,16808.69,16822.57,16801.07,16818.43,0,511765
2022-11-18 12:05:00,16818.04,16829.59,16811.22,16829.27,0,511766
2022-11-18 12:10:00,16829.27,16848.36,16821.2,16826.71,0,511767
2022-11-18 12:15:00,16827.54,16845.81,16826.62,16841.79,3,511768
2022-11-18 12:20:00,16842.27,16849.19,16828.14,16830.69,2,511769
2022-11-18 12:25:00,16830.69,16835.0,16821.93,16831.14,2,511770
2022-11-18 12:30:00,16831.14,16836.97,16792.38,16792.56,2,511771
2022-11-18 12:35:00,16792.94,16820.99,16791.93,16802.58,2,511772
2022-11-18 12:40:00,16803.05,16819.72,16797.71,16800.94,2,511773
2022-11-18 12:45:00,16800.23,16811.9,16782.47,16811.14,2,511774
2022-11-18 12:50:00,16811.9,16820.99,16801.78,16802.73,2,511775
2022-11-18 12:55:00,16802.73,16815.88,16800.0,16805.13,2,511776
2022-11-18 13:00:00,16805.57,16823.19,16801.86,16820.01,2,511777
2022-11-18 13:05:00,16819.93,16821.83,16777.32,16793.51,2,511778
2022-11-18 13:10:00,16794.46,16802.78,16742.49,16768.37,2,511779
2022-11-18 13:15:00,16770.0,16784.61,16767.83,16778.06,2,511780
2022-11-18 13:20:00,16778.06,16789.33,16766.68,16775.9,2,511781
2022-11-18 13:25:00,16776.62,16779.32,16756.5,16760.02,2,511782
2022-11-18 13:30:00,16759.68,16778.52,16752.64,16769.61,2,511783
2022-11-18 13:35:00,16769.6,16783.22,16755.19,16776.7,2,511784
2022-11-18 13:40:00,16777.88,16787.76,16773.69,16782.44,2,511785
2022-11-18 13:45:00,16782.64,16799.99,16775.68,16795.61,2,511786
2022-11-18 13:50:00,16794.76,16805.38,16790.0,16801.04,2,511787
2022-11-18 13:55:00,16801.04,16803.17,16790.12,16794.65,2,511788
2022-11-18 14:00:00,16794.13,16801.32,16789.17,16797.19,2,511789
2022-11-18 14:05:00,16797.19,16801.43,16777.36,16785.6,2,511790
2022-11-18 14:10:00,16784.67,16793.72,16769.53,16784.36,2,511791
2022-11-18 14:15:00,16784.36,16787.09,16772.86,16780.67,2,511792
2022-11-18 14:20:00,16779.99,16785.0,16763.12,16767.1,2,511793
2022-11-18 14:25:00,16767.1,16787.34,16765.19,16784.93,2,511794
2022-11-18 14:30:00,16784.13,16788.0,16725.65,16734.45,2,511795
2022-11-18 14:35:00,16733.07,16752.73,16724.32,16750.21,2,511796
2022-11-18 14:40:00,16750.21,16754.0,16735.22,16738.26,2,511797
2022-11-18 14:45:00,16739.16,16750.0,16728.77,16743.53,2,511798
2022-11-18 14:50:00,16743.53,16750.35,16738.71,16748.92,2,511799
2022-11-18 14:55:00,16748.92,16749.49,16740.86,16745.1,2,511800
2022-11-18 15:00:00,16745.84,16749.89,16680.0,16706.53,2,511801
2022-11-18 15:05:00,16705.79,16719.4,16680.0,16711.52,2,511802
2022-11-18 15:10:00,16711.5,16724.49,16695.33,16703.96,2,511803
2022-11-18 15:15:00,16703.07,16715.31,16690.27,16697.33,1,511804
2022-11-18 15:20:00,16697.33,16724.5,16693.26,16719.37,0,511805
2022-11-18 15:25:00,16719.37,16725.67,16711.95,16720.87,0,511806
2022-11-18 15:30:00,16720.87,16726.59,16714.33,16722.39,0,511807
2022-11-18 15:35:00,16722.39,16735.75,16717.2,16731.08,0,511808
2022-11-18 15:40:00,16730.4,16731.53,16715.04,16724.26,0,511809
2022-11-18 15:45:00,16724.26,16730.0,16713.84,16715.93,0,511810
2022-11-18 15:50:00,16714.92,16719.97,16697.46,16708.52,0,511811
2022-11-18 15:55:00,16708.85,16739.68,16705.9,16737.44,0,511812
2022-11-18 16:00:00,16737.44,16747.75,16722.6,16732.42,0,511813
2022-11-18 16:05:00,16733.09,16751.0,16731.51,16742.07,0,511814
2022-11-18 16:10:00,16742.69,16753.32,16740.55,16741.28,0,511815
2022-11-18 16:15:00,16741.49,16756.37,16737.59,16746.52,0,511816
2022-11-18 16:20:00,16745.98,16750.55,16736.25,16740.66,0,511817
2022-11-18 16:25:00,16740.66,16749.9,16735.07,16744.37,0,511818
2022-11-18 16:30:00,16743.97,16766.24,16741.76,16750.29,0,511819
2022-11-18 16:35:00,16750.29,16753.78,16735.95,16739.93,0,511820
2022-11-18 16:40:00,16739.93,16747.12,16732.44,16743.02,0,511821
2022-11-18 16:45:00,16743.27,16744.64,16719.45,16722.65,0,511822
2022-11-18 16:50:00,16722.94,16742.75,16721.36,16736.57,0,511823
2022-11-18 16:55:00,16736.57,16743.1,16731.07,16739.5,0,511824
2022-11-18 17:00:00,16740.0,16750.77,16734.8,16748.97,0,511825
2022-11-18 17:05:00,16748.97,16794.0,16747.85,16781.07,0,511826
2022-11-18 17:10:00,16781.94,16793.84,16767.36,16782.85,0,511827
2022-11-18 17:15:00,16782.85,16804.34,16781.47,16796.57,0,511828
2022-11-18 17:20:00,16796.57,16802.88,16770.01,16771.99,0,511829
2022-11-18 17:25:00,16771.99,16805.49,16764.9,16802.6,3,511830
2022-11-18 17:30:00,16802.02,16854.33,16790.31,16793.97,2,511831
2022-11-18 17:35:00,16793.5,16810.0,16778.96,16779.28,2,511832
2022-11-18 17:40:00,16779.48,16787.19,16722.31,16753.33,2,511833
2022-11-18 17:45:00,16753.33,16763.29,16727.96,16756.78,2,511834
2022-11-18 17:50:00,16756.78,16774.35,16755.26,16761.57,2,511835
2022-11-18 17:55:00,16761.57,16779.5,16749.04,16767.85,2,511836
2022-11-18 18:00:00,16767.25,16776.85,16759.18,16774.48,2,511837
2022-11-18 18:05:00,16773.8,16787.26,16767.72,16771.82,2,511838
2022-11-18 18:10:00,16771.82,16774.22,16757.33,16757.59,2,511839
2022-11-18 18:15:00,16757.59,16775.25,16744.28,16772.96,2,511840
2022-11-18 18:20:00,16772.79,16773.98,16751.42,16761.99,2,511841
2022-11-18 18:25:00,16761.99,16763.65,16738.24,16752.7,2,511842
2022-11-18 18:30:00,16752.7,16762.77,16741.42,16760.96,2,511843
2022-11-18 18:35:00,16761.63,16763.46,16727.92,16734.0,2,511844
2022-11-18 18:40:00,16734.0,16748.19,16712.04,16728.51,1,511845
2022-11-18 18:45:00,16728.51,16740.93,16720.11,16737.08,0,511846
2022-11-18 18:50:00,16737.71,16758.79,16735.13,16745.6,0,511847
2022-11-18 18:55:00,16745.6,16756.84,16744.11,16749.88,0,511848
2022-11-18 19:00:00,16750.25,16772.95,16744.9,16763.63,0,511849
2022-11-18 19:05:00,16764.02,16779.99,16760.0,16774.97,0,511850
2022-11-18 19:10:00,16774.97,16779.99,16758.38,16763.93,0,511851
2022-11-18 19:15:00,16763.94,16779.73,16755.49,16770.29,0,511852
2022-11-18 19:20:00,16770.29,16775.66,16761.56,16767.49,0,511853
2022-11-18 19:25:00,16767.59,16775.31,16763.0,16775.07,0,511854
2022-11-18 19:30:00,16774.18,16784.91,16766.0,16768.05,0,511855
2022-11-18 19:35:00,16768.29,16773.5,16764.2,16766.34,0,511856
2022-11-18 19:40:00,16766.37,16778.72,16764.9,16772.52,0,511857
2022-11-18 19:45:00,16772.52,16777.94,16761.01,16768.92,0,511858
2022-11-18 19:50:00,16768.91,16792.17,16768.09,16781.47,0,511859
2022-11-18 19:55:00,16780.5,16787.62,16770.32,16777.98,0,511860
2022-11-18 20:00:00,16778.29,16790.9,16771.58,16786.79,0,511861
2022-11-18 20:05:00,16786.79,16791.0,16775.0,16778.26,0,511862
2022-11-18 20:10:00,16778.26,16789.0,16775.0,16784.83,0,511863
2022-11-18 20:15:00,16784.83,16794.95,16780.98,16786.65,0,511864
2022-11-18 20:20:00,16787.29,16818.0,16776.21,16797.7,0,511865
2022-11-18 20:25:00,16797.7,16809.87,16789.52,16791.32,0,511866
2022-11-18 20:30:00,16790.86,16809.91,16789.59,16803.0,3,511867
2022-11-18 20:35:00,16803.0,16817.74,16794.7,16795.01,2,511868
2022-11-18 20:40:00,16795.83,16802.02,16789.36,16791.14,2,511869
2022-11-18 20:45:00,16791.49,16793.09,16729.23,16751.09,2,511870
2022-11-18 20:50:00,16750.55,16768.85,16740.06,16761.23,2,511871
2022-11-18 20:55:00,16760.57,16765.05,16746.71,16752.93,2,511872
2022-11-18 21:00:00,16752.93,16764.19,16745.0,16760.96,2,511873
2022-11-18 21:05:00,16761.7,16770.01,16755.1,16763.62,2,511874
2022-11-18 21:10:00,16763.62,16773.06,16754.73,16755.84,2,511875
2022-11-18 21:15:00,16756.19,16785.14,16753.7,16780.61,2,511876
2022-11-18 21:20:00,16779.99,16780.83,16764.88,16768.22,2,511877
2022-11-18 21:25:00,16767.63,16777.24,16764.02,16774.72,2,511878
2022-11-18 21:30:00,16774.72,16777.0,16667.0,16697.26,2,511879
2022-11-18 21:35:00,16696.71,16729.17,16679.99,16686.09,2,511880
2022-11-18 21:40:00,16686.88,16699.22,16651.8,16686.01,2,511881
2022-11-18 21:45:00,16686.04,16708.85,16672.0,16678.48,2,511882
2022-11-18 21:50:00,16678.48,16705.0,16673.97,16702.48,2,511883
2022-11-18 21:55:00,16702.48,16717.94,16694.82,16700.52,2,511884
2022-11-18 22:00:00,16699.35,16703.44,16608.8,16634.76,1,511885
2022-11-18 22:05:00,16634.76,16656.88,16627.76,16650.96,0,511886
2022-11-18 22:10:00,16650.96,16670.0,16638.87,16651.81,0,511887
2022-11-18 22:15:00,16650.97,16684.37,16647.54,16671.99,0,511888
2022-11-18 22:20:00,16671.99,16684.62,16664.22,16683.51,0,511889
2022-11-18 22:25:00,16683.51,16692.0,16657.19,16677.85,0,511890
2022-11-18 22:30:00,16677.85,16703.53,16674.4,16697.97,0,511891
2022-11-18 22:35:00,16697.97,16710.66,16687.93,16695.31,0,511892
2022-11-18 22:40:00,16695.32,16708.05,16692.97,16695.03,0,511893
2022-11-18 22:45:00,16696.27,16708.24,16684.3,16695.06,0,511894
2022-11-18 22:50:00,16694.3,16716.0,16691.02,16708.98,0,511895
2022-11-18 22:55:00,16708.17,16712.34,16676.17,16696.86,0,511896
2022-11-18 23:00:00,16695.06,16707.1,16671.86,16689.46,0,511897
2022-11-18 23:05:00,16689.95,16707.99,16686.58,16701.38,0,511898
2022-11-18 23:10:00,16701.72,16708.21,16693.18,16705.7,0,511899
2022-11-18 23:15:00,16704.98,16732.85,16698.21,16719.0,3,511900
2022-11-18 23:20:00,16720.12,16726.35,16697.01,16697.66,2,511901
2022-11-18 23:25:00,16697.66,16704.85,16680.77,16690.3,2,511902
2022-11-18 23:30:00,16690.3,16694.2,16652.03,16685.26,2,511903
2022-11-18 23:35:00,16684.45,16687.8,16662.03,16672.92,2,511904
2022-11-18 23:40:00,16671.67,16678.69,16667.87,16674.12,2,511905
2022-11-18 23:45:00,16675.1,16684.06,16656.45,16660.81,2,511906
2022-11-18 23:50:00,16660.81,16664.32,16625.18,16647.15,2,511907
2022-11-18 23:55:00,16647.15,16667.41,16638.69,16654.8,2,511908
2022-11-19 00:00:00,16654.79,16667.43,16638.41,16645.45,2,511909
2022-11-19 00:05:00,16646.48,16649.04,16556.77,16568.61,1,511910
2022-11-19 00:10:00,16566.97,16597.26,16553.84,16587.58,0,511911
2022-11-19 00:15:00,16587.58,16614.02,16550.19,16599.89,0,511912
2022-11-19 00:20:00,16598.92,16607.66,16581.47,16582.37,0,511913
2022-11-19 00:25:00,16583.35,16609.6,16578.74,16604.7,0,511914
2022-11-19 00:30:00,16604.7,16606.0,16586.48,16603.43,0,511915
2022-11-19 00:35:00,16603.43,16606.6,16566.45,16583.5,0,511916
2022-11-19 00:40:00,16583.5,16592.9,16568.17,16584.81,0,511917
2022-11-19 00:45:00,16584.81,16595.31,16568.8,16589.51,0,511918
2022-11-19 00:50:00,16589.45,16606.94,16568.79,16574.29,0,511919
2022-11-19 00:55:00,16575.2,16600.8,16573.63,16597.08,0,511920
2022-11-19 01:00:00,16596.06,16602.1,16585.0,16593.82,0,511921
2022-11-19 01:05:00,16593.82,16609.88,16583.69,16607.54,0,511922
2022-11-19 01:10:00,16608.16,16613.03,16594.28,16605.11,0,511923
2022-11-19 01:15:00,16606.93,16607.26,16572.11,16576.25,0,511924
2022-11-19 01:20:00,16576.25,16580.99,16546.04,16575.35,0,511925
2022-11-19 01:25:00,16576.42,16589.0,16566.51,16585.5,0,511926
2022-11-19 01:30:00,16585.11,16590.97,16564.66,16581.0,0,511927
2022-11-19 01:35:00,16581.0,16587.41,16574.98,16584.38,0,511928
2022-11-19 01:40:00,16583.57,16592.24,16578.21,16587.14,0,511929
2022-11-19 01:45:00,16586.33,16597.48,16569.54,16576.72,0,511930
2022-11-19 01:50:00,16576.72,16590.0,16566.25,16572.03,0,511931
2022-11-19 01:55:00,16571.27,16588.9,16564.16,16587.43,0,511932
2022-11-19 02:00:00,16588.11,16627.33,16583.38,16603.85,0,511933
2022-11-19 02:05:00,16603.85,16605.68,16578.0,16586.52,0,511934
2022-11-19 02:10:00,16586.52,16591.18,16569.92,16571.37,0,511935
2022-11-19 02:15:00,16570.56,16586.19,16567.28,16574.72,0,511936
2022-11-19 02:20:00,16573.95,16605.34,16571.32,16603.74,0,511937
2022-11-19 02:25:00,16604.2,16617.93,16591.91,16609.67,0,511938
2022-11-19 02:30:00,16610.23,16617.9,16598.09,16608.99,0,511939
2022-11-19 02:35:00,16608.29,16609.0,16589.16,16603.04,0,511940
2022-11-19 02:40:00,16604.1,16609.31,16598.45,16598.84,0,511941
2022-11-19 02:45:00,16598.84,16614.07,16590.96,16599.08,0,511942
2022-11-19 02:50:00,16599.9,16609.07,16588.0,16604.43,0,511943
2022-11-19 02:55:00,16604.43,16674.31,16603.17,16656.37,0,511944
2022-11-19 03:00:00,16656.36,16661.17,16639.35,16652.98,0,511945
2022-11-19 03:05:00,16652.98,16658.11,16638.01,16651.4,0,511946
2022-11-19 03:10:00,16651.4,16683.0,16643.42,16660.22,0,511947
2022-11-19 03:15:00,16660.22,16664.37,16647.42,16661.37,0,511948
2022-11-19 03:20:00,16660.56,16666.26,16636.04,16645.52,0,511949
2022-11-19 03:25:00,16646.18,16658.23,16641.14,16644.07,0,511950
2022-11-19 03:30:00,16644.08,16647.86,16626.22,16630.0,0,511951
2022-11-19 03:35:00,16629.7,16636.98,16610.0,16623.97,0,511952
2022-11-19 03:40:00,16623.22,16633.33,16616.03,16628.48,0,511953
2022-11-19 03:45:00,16628.48,16644.53,16620.13,16639.18,0,511954
2022-11-19 03:50:00,16638.54,16645.0,16618.88,16627.76,0,511955
2022-11-19 03:55:00,16628.73,16641.61,16625.86,16639.06,0,511956
2022-11-19 04:00:00,16639.06,16655.79,16630.05,16645.71,0,511957
2022-11-19 04:05:00,16645.71,16666.23,16642.8,16651.86,0,511958
2022-11-19 04:10:00,16651.86,16664.7,16648.12,16658.91,0,511959
2022-11-19 04:15:00,16658.15,16666.38,16646.67,16651.32,0,511960
2022-11-19 04:20:00,16651.32,16660.18,16646.84,16650.75,0,511961
2022-11-19 04:25:00,16650.75,16669.58,16643.11,16667.53,0,511962
2022-11-19 04:30:00,16668.84,16676.58,16645.0,16648.23,0,511963
2022-11-19 04:35:00,16648.23,16659.36,16647.47,16654.07,0,511964
2022-11-19 04:40:00,16654.53,16661.0,16646.18,16657.39,0,511965
2022-11-19 04:45:00,16657.39,16671.2,16653.75,16669.81,0,511966
2022-11-19 04:50:00,16669.81,16674.0,16650.63,16659.07,0,511967
2022-11-19 04:55:00,16659.07,16664.57,16650.69,16651.93,0,511968
2022-11-19 05:00:00,16651.93,16655.79,16642.0,16645.89,0,511969
2022-11-19 05:05:00,16646.58,16647.52,16634.07,16636.35,0,511970
2022-11-19 05:10:00,16636.35,16645.98,16634.51,16642.66,0,511971
2022-11-19 05:15:00,16642.66,16652.72,16640.0,16652.54,0,511972
2022-11-19 05:20:00,16652.54,16671.8,16650.5,16656.09,0,511973
2022-11-19 05:25:00,16656.81,16661.41,16646.93,16654.76,0,511974
2022-11-19 05:30:00,16654.76,16655.78,16626.83,16641.75,0,511975
2022-11-19 05:35:00,16640.93,16646.63,16629.97,16633.2,0,511976
2022-11-19 05:40:00,16633.2,16647.15,16632.82,16639.52,0,511977
2022-11-19 05:45:00,16639.52,16655.91,16637.0,16654.19,0,511978
2022-11-19 05:50:00,16654.19,16668.62,16652.63,16667.09,0,511979
2022-11-19 05:55:00,16667.44,16667.65,16654.3,16665.73,0,511980
2022-11-19 06:00:00,16665.73,16666.32,16630.7,16634.04,0,511981
2022-11-19 06:05:00,16633.75,16654.23,16632.63,16645.82,0,511982
2022-11-19 06:10:00,16645.82,16651.68,16632.46,16633.7,0,511983
2022-11-19 06:15:00,16633.34,16644.4,16628.94,16632.89,0,511984
2022-11-19 06:20:00,16632.39,16650.12,16632.25,16643.77,0,511985
2022-11-19 06:25:00,16643.77,16655.31,16632.75,16653.68,0,511986
2022-11-19 06:30:00,16652.66,16666.66,16641.08,16666.43,0,511987
2022-11-19 06:35:00,16666.43,16709.75,16665.21,16695.31,0,511988
2022-11-19 06:40:00,16695.31,16703.25,16672.31,16689.42,0,511989
2022-11-19 06:45:00,16689.42,16707.94,16684.66,16703.05,0,511990
2022-11-19 06:50:00,16703.05,16727.99,16693.27,16703.33,3,511991
2022-11-19 06:55:00,16703.33,16711.0,16696.45,16700.45,2,511992
2022-11-19 07:00:00,16699.43,16708.77,16690.0,16691.66,2,511993
2022-11-19 07:05:00,16691.66,16696.58,16682.88,16694.41,2,511994
2022-11-19 07:10:00,16694.41,16703.27,16689.98,16695.44,2,511995
2022-11-19 07:15:00,16695.45,16696.92,16680.86,16681.69,2,511996
2022-11-19 07:20:00,16683.11,16690.57,16678.47,16680.07,2,511997
2022-11-19 07:25:00,16680.96,16691.0,16677.09,16690.63,2,511998
2022-11-19 07:30:00,16690.63,16691.27,16670.01,16675.59,2,511999
2022-11-19 07:35:00,16675.67,16679.81,16671.4,16678.7,2,512000
2022-11-19 07:40:00,16678.7,16682.42,16670.56,16672.94,2,512001
2022-11-19 07:45:00,16672.94,16678.54,16670.95,16674.82,2,512002
2022-11-19 07:50:00,16675.32,16676.28,16662.26,16669.7,2,512003
2022-11-19 07:55:00,16669.7,16675.73,16662.6,16664.26,2,512004
2022-11-19 08:00:00,16664.77,16671.41,16660.07,16668.88,2,512005
2022-11-19 08:05:00,16668.88,16676.94,16662.04,16667.16,2,512006
2022-11-19 08:10:00,16666.68,16672.76,16660.23,16668.88,2,512007
2022-11-19 08:15:00,16669.34,16671.16,16661.29,16664.1,2,512008
2022-11-19 08:20:00,16664.1,16674.57,16660.0,16673.09,2,512009
2022-11-19 08:25:00,16673.09,16678.87,16670.83,16675.7,2,512010
2022-11-19 08:30:00,16676.33,16682.71,16661.45,16661.92,2,512011
2022-11-19 08:35:00,16662.31,16662.81,16651.38,16662.06,2,512012
2022-11-19 08:40:00,16662.06,16663.88,16651.16,16655.22,2,512013
2022-11-19 08:45:00,16655.22,16658.93,16650.72,16655.15,2,512014
2022-11-19 08:50:00,16655.15,16660.82,16653.02,16658.92,2,512015
2022-11-19 08:55:00,16658.92,16667.45,16656.87,16664.75,2,512016
2022-11-19 09:00:00,16665.69,16665.7,16640.02,16643.54,2,512017
2022-11-19 09:05:00,16643.19,16644.5,16608.29,16620.18,2,512018
2022-11-19 09:10:00,16620.18,16634.38,16616.01,16624.26,2,512019
2022-11-19 09:15:00,16624.26,16629.99,16586.05,16600.97,2,512020
2022-11-19 09:20:00,16601.84,16612.51,16598.76,16608.94,2,512021
2022-11-19 09:25:00,16609.38,16610.19,16590.25,16607.22,2,512022
2022-11-19 09:30:00,16606.78,16609.31,16573.94,16607.79,2,512023
2022-11-19 09:35:00,16607.79,16617.0,16596.3,16615.5,2,512024
2022-11-19 09:40:00,16614.86,16624.9,16610.0,16618.64,2,512025
2022-11-19 09:45:00,16618.64,16632.65,16616.09,16625.79,2,512026
2022-11-19 09:50:00,16625.0,16630.68,16618.04,16622.5,2,512027
2022-11-19 09:55:00,16621.88,16637.05,16621.5,16624.24,2,512028
2022-11-19 10:00:00,16624.24,16626.93,16620.3,16624.63,2,512029
2022-11-19 10:05:00,16624.72,16641.35,16622.54,16632.84,2,512030
2022-11-19 10:10:00,16632.84,16650.0,16630.4,16648.88,2,512031
2022-11-19 10:15:00,16648.15,16652.96,16628.96,16630.37,2,512032
2022-11-19 10:20:00,16629.94,16631.47,16621.98,16627.83,2,512033
2022-11-19 10:25:00,16627.73,16631.55,16611.89,16615.97,2,512034
2022-11-19 10:30:00,16615.97,16637.87,16613.49,16631.74,2,512035
2022-11-19 10:35:00,16631.2,16631.74,16615.74,16623.53,2,512036
2022-11-19 10:40:00,16623.27,16632.53,16622.03,16631.16,2,512037
2022-11-19 10:45:00,16631.16,16642.26,16630.07,16639.4,2,512038
2022-11-19 10:50:00,16638.79,16641.55,16627.25,16630.43,2,512039
2022-11-19 10:55:00,16630.43,16632.88,16624.38,16628.7,2,512040
2022-11-19 11:00:00,16628.7,16636.56,16627.0,16630.9,2,512041
2022-11-19 11:05:00,16630.44,16631.69,16615.3,16617.0,2,512042
2022-11-19 11:10:00,16617.0,16634.39,16615.11,16624.68,2,512043
2022-11-19 11:15:00,16623.88,16632.73,16617.61,16631.41,2,512044
2022-11-19 11:20:00,16631.41,16649.0,16629.43,16645.87,2,512045
2022-11-19 11:25:00,16645.87,16648.68,16638.6,16643.25,2,512046
2022-11-19 11:30:00,16642.52,16648.97,16640.65,16645.28,2,512047
2022-11-19 11:35:00,16645.28,16645.71,16631.9,16632.77,2,512048
2022-11-19 11:40:00,16632.77,16646.94,16631.79,16640.36,2,512049
2022-11-19 11:45:00,16640.91,16647.33,16632.07,16632.33,2,512050
2022-11-19 11:50:00,16632.81,16634.22,16623.44,16625.96,2,512051
2022-11-19 11:55:00,16625.39,16635.55,16618.81,16635.14,2,512052
2022-11-19 12:00:00,16635.14,16642.89,16628.96,16630.55,2,512053
2022-11-19 12:05:00,16630.33,16637.42,16619.0,16636.52,2,512054
2022-11-19 12:10:00,16636.52,16639.98,16596.16,16599.83,2,512055
2022-11-19 12:15:00,16599.37,16614.4,16553.53,16573.24,1,512056
2022-11-19 12:20:00,16573.24,16586.9,16556.31,16583.94,0,512057
2022-11-19 12:25:00,16583.94,16596.8,16573.68,16590.36,0,512058
2022-11-19 12:30:00,16591.41,16601.71,16583.47,16586.37,0,512059
2022-11-19 12:35:00,16585.93,16596.1,16570.0,16588.3,0,512060
2022-11-19 12:40:00,16588.87,16599.71,16587.43,16598.12,0,512061
2022-11-19 12:45:00,16598.74,16599.12,16585.36,16596.78,0,512062
2022-11-19 12:50:00,16596.78,16607.63,16595.07,16599.19,0,512063
2022-11-19 12:55:00,16599.19,16604.78,16588.91,16597.92,0,512064
2022-11-19 13:00:00,16598.73,16602.19,16583.88,16593.59,0,512065
2022-11-19 13:05:00,16593.59,16595.18,16579.42,16585.08,0,512066
2022-11-19 13:10:00,16585.08,16587.96,16573.31,16578.93,0,512067
2022-11-19 13:15:00,16578.93,16605.54,16567.95,16594.12,0,512068
2022-11-19 13:20:00,16593.47,16620.0,16589.41,16616.94,0,512069
2022-11-19 13:25:00,16616.94,16622.62,16607.0,16607.57,0,512070
2022-11-19 13:30:00,16607.57,16608.82,16581.8,16588.49,0,512071
2022-11-19 13:35:00,16589.08,16605.5,16588.49,16597.49,0,512072
2022-11-19 13:40:00,16597.01,16610.96,16596.33,16598.36,0,512073
2022-11-19 13:45:00,16598.94,16607.48,16594.03,16603.13,0,512074
2022-11-19 13:50:00,16602.64,16610.0,16598.93,16605.51,0,512075
2022-11-19 13:55:00,16605.5,16612.86,16604.48,16609.44,0,512076
2022-11-19 14:00:00,16609.44,16610.19,16603.62,16609.12,0,512077
2022-11-19 14:05:00,16608.58,16618.93,16607.3,16611.71,0,512078
2022-11-19 14:10:00,16611.78,16618.99,16610.0,16615.2,0,512079
2022-11-19 14:15:00,16615.2,16618.38,16606.94,16611.0,0,512080
2022-11-19 14:20:00,16611.0,16617.87,16609.68,16612.56,0,512081
2022-11-19 14:25:00,16612.56,16613.55,16605.1,16608.34,0,512082
2022-11-19 14:30:00,16608.32,16610.0,16603.0,16605.72,0,512083
2022-11-19 14:35:00,16605.72,16612.55,16603.49,16604.64,0,512084
2022-11-19 14:40:00,16604.64,16610.48,16602.17,16605.4,0,512085
2022-11-19 14:45:00,16604.87,16616.39,16604.2,16607.94,0,512086
2022-11-19 14:50:00,16607.21,16608.26,16597.05,16600.29,0,512087
2022-11-19 14:55:00,16600.69,16607.27,16598.68,16599.31,0,512088
2022-11-19 15:00:00,16598.98,16611.84,16591.0,16607.81,0,512089
2022-11-19 15:05:00,16607.51,16610.14,16598.79,16600.46,0,512090
2022-11-19 15:10:00,16601.09,16608.82,16600.1,16601.64,0,512091
2022-11-19 15:15:00,16601.03,16606.82,16599.42,16600.57,0,512092
2022-11-19 15:20:00,16600.57,16603.25,16590.03,16594.78,0,512093
2022-11-19 15:25:00,16595.3,16598.63,16580.0,16590.77,0,512094
2022-11-19 15:30:00,16590.77,16604.35,16587.49,16602.64,0,512095
2022-11-19 15:35:00,16601.91,16639.64,16597.09,16630.79,0,512096
2022-11-19 15:40:00,16630.37,16632.86,16619.68,16623.61,0,512097
2022-11-19 15:45:00,16623.98,16647.36,16620.86,16634.89,0,512098
2022-11-19 15:50:00,16635.56,16663.27,16633.67,16658.19,0,512099
2022-11-19 15:55:00,16658.19,16659.35,16641.16,16643.27,0,512100
2022-11-19 16:00:00,16643.08,16650.3,16633.26,16638.69,0,512101
2022-11-19 16:05:00,16638.69,16645.94,16632.12,16644.84,0,512102
2022-11-19 16:10:00,16645.62,16646.15,16632.58,16634.43,0,512103
2022-11-19 16:15:00,16633.95,16635.36,16626.29,16632.84,0,512104
2022-11-19 16:20:00,16633.78,16640.0,16630.0,16630.26,0,512105
2022-11-19 16:25:00,16630.13,16634.53,16626.12,16632.26,0,512106
2022-11-19 16:30:00,16632.26,16639.12,16630.42,16634.43,0,512107
2022-11-19 16:35:00,16635.23,16647.0,16634.06,16641.98,0,512108
2022-11-19 16:40:00,16642.79,16647.5,16640.5,16644.44,0,512109
2022-11-19 16:45:00,16644.44,16649.0,16640.1,16642.19,0,512110
2022-11-19 16:50:00,16641.93,16643.21,16631.32,16641.64,0,512111
2022-11-19 16:55:00,16641.23,16649.43,16631.8,16635.1,0,512112
2022-11-19 17:00:00,16635.1,16641.95,16633.62,16638.74,0,512113
2022-11-19 17:05:00,16638.42,16645.8,16631.77,16634.06,0,512114
2022-11-19 17:10:00,16634.06,16637.89,16626.78,16630.45,0,512115
2022-11-19 17:15:00,16629.79,16639.55,16622.06,16638.37,0,512116
2022-11-19 17:20:00,16638.96,16640.47,16633.0,16636.78,0,512117
2022-11-19 17:25:00,16636.64,16637.27,16629.0,16631.63,0,512118
2022-11-19 17:30:00,16632.05,16638.71,16628.91,16633.58,0,512119
2022-11-19 17:35:00,16633.08,16639.38,16633.08,16637.14,0,512120
2022-11-19 17:40:00,16637.14,16646.92,16634.09,16642.38,0,512121
2022-11-19 17:45:00,16642.38,16644.99,16633.52,16637.21,0,512122
2022-11-19 17:50:00,16637.21,16641.58,16634.17,16636.22,0,512123
2022-11-19 17:55:00,16636.22,16640.56,16635.3,16636.33,0,512124
2022-11-19 18:00:00,16636.33,16651.19,16636.33,16649.78,0,512125
2022-11-19 18:05:00,16649.45,16658.93,16645.96,16649.66,0,512126
2022-11-19 18:10:00,16649.66,16654.59,16645.25,16647.36,0,512127
2022-11-19 18:15:00,16647.67,16660.0,16646.7,16647.51,0,512128
2022-11-19 18:20:00,16647.3,16652.16,16642.01,16642.72,0,512129
2022-11-19 18:25:00,16642.72,16658.6,16642.03,16652.05,0,512130
2022-11-19 18:30:00,16652.05,16652.59,16642.06,16646.38,0,512131
2022-11-19 18:35:00,16646.45,16662.69,16646.38,16650.84,0,512132
2022-11-19 18:40:00,16651.22,16658.97,16648.23,16652.19,0,512133
2022-11-19 18:45:00,16652.18,16655.0,16646.72,16651.84,0,512134
2022-11-19 18:50:00,16651.84,16655.33,16646.83,16648.81,0,512135
2022-11-19 18:55:00,16648.94,16683.01,16648.73,16676.26,3,512136
2022-11-19 19:00:00,16676.26,16686.86,16660.02,16665.02,2,512137
2022-11-19 19:05:00,16664.64,16667.31,16656.67,16661.59,2,512138
2022-11-19 19:10:00,16661.72,16666.0,16660.37,16663.4,2,512139
2022-11-19 19:15:00,16663.4,16670.43,16658.0,16661.01,2,512140
2022-11-19 19:20:00,16661.01,16661.77,16653.0,16659.59,2,512141
2022-11-19 19:25:00,16659.12,16665.58,16656.44,16657.76,2,512142
2022-11-19 19:30:00,16657.76,16665.45,16657.13,16658.46,2,512143
2022-11-19 19:35:00,16658.45,16664.0,16655.02,16656.74,2,512144
2022-11-19 19:40:00,16656.03,16664.0,16651.98,16655.73,2,512145
2022-11-19 19:45:00,16655.58,16663.39,16647.0,16651.19,2,512146
2022-11-19 19:50:00,16651.51,16655.52,16640.0,16651.09,2,512147
2022-11-19 19:55:00,16651.09,16660.0,16650.53,16654.2,2,512148
2022-11-19 20:00:00,16654.61,16659.18,16646.25,16647.25,2,512149
