date,open,high,low,close,label,source_idx
2022-02-04 06:25:00,36965.37,36975.75,36943.02,36960.0,2,429042
2022-02-04 06:30:00,36960.01,37004.69,36944.79,36953.54,2,429043
2022-02-04 06:35:00,36953.53,36979.98,36925.34,36978.64,2,429044
2022-02-04 06:40:00,36978.65,37010.76,36975.5,37000.31,2,429045
2022-02-04 06:45:00,37000.31,37076.1,36997.62,37010.88,2,429046
2022-02-04 06:50:00,37010.88,37067.81,36960.02,37061.16,2,429047
2022-02-04 06:55:00,37061.16,37387.0,37037.09,37311.61,3,429048
2022-02-04 07:00:00,37311.98,37343.77,37184.03,37222.48,0,429049
2022-02-04 07:05:00,37222.48,37293.85,37196.47,37268.7,0,429050
2022-02-04 07:10:00,37268.7,37281.2,37223.11,37240.65,0,429051
2022-02-04 07:15:00,37240.64,37270.12,37174.33,37204.0,0,429052
2022-02-04 07:20:00,37204.0,37263.04,37188.4,37231.27,0,429053
2022-02-04 07:25:00,37231.27,37236.99,37195.0,37196.06,0,429054
2022-02-04 07:30:00,37196.07,37210.0,37135.73,37140.1,0,429055
2022-02-04 07:35:00,37140.1,37175.43,37118.23,37148.77,0,429056
2022-02-04 07:40:00,37148.77,37193.01,37120.08,37120.08,0,429057
2022-02-04 07:45:00,37120.08,37150.0,37117.94,37143.61,0,429058
2022-02-04 07:50:00,37143.61,37159.97,37116.97,37132.55,0,429059
2022-02-04 07:55:00,37132.54,37185.92,37121.88,37180.53,0,429060
2022-02-04 08:00:00,37180.52,37180.53,37124.0,37146.98,0,429061
2022-02-04 08:05:00,37146.98,37180.45,37121.91,37173.27,0,429062
2022-02-04 08:10:00,37173.28,37173.53,37130.0,37149.69,0,429063
2022-02-04 08:15:00,37149.7,37173.68,37147.56,37150.24,0,429064
2022-02-04 08:20:00,37150.25,37155.63,37120.19,37144.78,0,429065
2022-02-04 08:25:00,37144.78,37167.28,37136.14,37154.92,0,429066
2022-02-04 08:30:00,37154.92,37161.64,37111.8,37113.01,0,429067
2022-02-04 08:35:00,37113.0,37116.1,37028.65,37036.58,1,429068
2022-02-04 08:40:00,37036.57,37099.94,37026.73,37053.87,2,429069
2022-02-04 08:45:00,37053.87,37099.52,37041.41,37087.98,2,429070
2022-02-04 08:50:00,37088.99,37169.38,37088.98,37155.16,2,429071
2022-02-04 08:55:00,37155.15,37239.94,37154.41,37168.6,2,429072
2022-02-04 09:00:00,37168.59,37185.18,37140.19,37153.96,2,429073
2022-02-04 09:05:00,37153.97,37189.64,37153.96,37169.54,2,429074
2022-02-04 09:10:00,37169.54,37273.13,37168.06,37227.21,2,429075
2022-02-04 09:15:00,37227.22,37273.77,37225.68,37268.01,2,429076
2022-02-04 09:20:00,37268.01,37348.57,37256.58,37265.34,2,429077
2022-02-04 09:25:00,37265.34,37360.08,37250.11,37352.91,2,429078
2022-02-04 09:30:00,37352.92,37352.92,37295.29,37349.99,2,429079
2022-02-04 09:35:00,37350.0,37360.77,37271.52,37356.03,2,429080
2022-02-04 09:40:00,37356.04,37445.5,37336.85,37372.14,2,429081
2022-02-04 09:45:00,37372.13,37416.93,37361.63,37408.48,3,429082
2022-02-04 09:50:00,37408.48,37413.61,37303.37,37324.0,0,429083
2022-02-04 09:55:00,37323.99,37380.14,37310.03,37326.25,0,429084
2022-02-04 10:00:00,37326.26,37349.86,37305.02,37325.1,0,429085
2022-02-04 10:05:00,37325.1,37386.9,37306.09,37372.8,0,429086
2022-02-04 10:10:00,37372.8,37381.82,37336.01,37366.87,0,429087
2022-02-04 10:15:00,37366.87,37400.0,37356.4,37372.81,0,429088
2022-02-04 10:20:00,37372.81,37420.51,37370.0,37381.13,0,429089
2022-02-04 10:25:00,37381.12,37415.34,37320.66,37356.09,0,429090
2022-02-04 10:30:00,37356.09,37399.89,37349.0,37361.01,0,429091
2022-02-04 10:35:00,37361.01,37377.35,37342.12,37343.69,0,429092
2022-02-04 10:40:00,37343.69,37350.38,37285.95,37327.96,0,429093
2022-02-04 10:45:00,37327.95,37333.62,37266.31,37318.12,0,429094
2022-02-04 10:50:00,37318.11,37347.85,37311.1,37337.26,0,429095
2022-02-04 10:55:00,37337.26,37340.0,37285.01,37297.62,0,429096
2022-02-04 11:00:00,37297.61,37356.0,37258.0,37258.93,0,429097
2022-02-04 11:05:00,37258.93,37308.46,37258.93,37299.78,0,429098
2022-02-04 11:10:00,37299.79,37319.45,37293.43,37319.24,0,429099
2022-02-04 11:15:00,37319.23,37319.24,37283.47,37287.08,0,429100
2022-02-04 11:20:00,37287.09,37287.09,37247.99,37255.8,0,429101
2022-02-04 11:25:00,37255.79,37283.94,37249.17,37283.93,0,429102
2022-02-04 11:30:00,37283.93,37295.17,37245.0,37249.42,1,429103
2022-02-04 11:35:00,37249.43,37318.06,37247.83,37271.52,2,429104
2022-02-04 11:40:00,37271.51,37332.82,37267.79,37303.18,2,429105
2022-02-04 11:45:00,37303.19,37334.93,37276.42,37330.67,2,429106
2022-02-04 11:50:00,37330.67,37348.17,37317.99,37322.42,2,429107
2022-02-04 11:55:00,37322.42,37325.25,37285.35,37289.34,2,429108
2022-02-04 12:00:00,37289.35,37299.0,37260.01,37280.25,2,429109
2022-02-04 12:05:00,37280.25,37347.61,37262.4,37331.01,2,429110
2022-02-04 12:10:00,37331.01,37455.0,37330.34,37399.73,2,429111
2022-02-04 12:15:00,37399.74,37572.1,37379.99,37541.56,2,429112
2022-02-04 12:20:00,37541.56,37650.0,37500.09,37589.93,2,429113
2022-02-04 12:25:00,37589.92,37596.73,37539.8,37556.7,2,429114
2022-02-04 12:30:00,37556.71,37689.0,37550.77,37600.1,2,429115
2022-02-04 12:35:00,37600.1,37605.24,37526.4,37572.81,2,429116
2022-02-04 12:40:00,37572.8,37603.99,37552.69,37596.65,2,429117
2022-02-04 12:45:00,37596.65,37663.89,37536.13,37550.01,2,429118
2022-02-04 12:50:00,37550.01,37571.76,37531.08,37543.67,2,429119
2022-02-04 12:55:00,37543.67,37600.0,37539.28,37547.01,2,429120
2022-02-04 13:00:00,37547.01,37688.95,37547.0,37653.61,2,429121
2022-02-04 13:05:00,37653.61,37945.84,37647.58,37861.11,2,429122
2022-02-04 13:10:00,37861.12,37900.62,37785.79,37830.35,2,429123
2022-02-04 13:15:00,37830.34,37954.99,37820.04,37945.88,2,429124
2022-02-04 13:20:00,37950.92,37981.25,37918.27,37963.28,2,429125
2022-02-04 13:25:00,37963.28,38025.6,37920.33,37967.69,2,429126
2022-02-04 13:30:00,37967.68,38019.79,37962.72,37996.96,2,429127
2022-02-04 13:35:00,37996.95,38009.49,37915.55,37937.59,2,429128
2022-02-04 13:40:00,37937.59,37971.99,37910.44,37927.02,2,429129
2022-02-04 13:45:00,37927.01,37983.44,37920.93,37951.12,2,429130
2022-02-04 13:50:00,37951.12,38000.26,37948.13,37957.73,2,429131
2022-02-04 13:55:00,37957.73,38000.0,37950.34,37990.02,2,429132
2022-02-04 14:00:00,37990.02,38222.0,37962.32,38114.12,3,429133
2022-02-04 14:05:00,38114.12,38116.7,37902.27,37919.53,0,429134
2022-02-04 14:10:00,37919.53,37991.05,37906.77,37919.0,0,429135
2022-02-04 14:15:00,37919.0,37944.88,37877.64,37892.44,0,429136
2022-02-04 14:20:00,37892.43,37929.27,37880.82,37905.98,0,429137
2022-02-04 14:25:00,37905.98,37976.61,37904.68,37934.01,0,429138
2022-02-04 14:30:00,37934.02,37954.13,37894.87,37901.62,0,429139
2022-02-04 14:35:00,37901.62,37947.72,37897.91,37910.69,0,429140
2022-02-04 14:40:00,37910.69,37939.57,37869.51,37892.62,0,429141
2022-02-04 14:45:00,37892.62,37900.87,37838.37,37861.23,0,429142
2022-02-04 14:50:00,37861.24,37884.31,37838.13,37859.55,1,429143
2022-02-04 14:55:00,37859.55,37896.45,37840.0,37869.31,2,429144
2022-02-04 15:00:00,37869.31,37995.0,37850.01,37922.87,2,429145
2022-02-04 15:05:00,37922.88,38036.89,37917.79,37968.99,2,429146
2022-02-04 15:10:00,37968.99,38020.0,37946.42,37959.32,2,429147
2022-02-04 15:15:00,37959.32,38036.83,37954.18,38020.78,3,429148
2022-02-04 15:20:00,38020.79,38047.98,37945.1,37948.89,0,429149
2022-02-04 15:25:00,37948.89,37977.83,37886.07,37889.64,0,429150
2022-02-04 15:30:00,37889.65,37917.72,37872.0,37873.4,1,429151
2022-02-04 15:35:00,37873.39,37894.46,37854.62,37888.46,2,429152
2022-02-04 15:40:00,37888.47,37944.15,37881.87,37940.45,2,429153
2022-02-04 15:45:00,37940.45,37940.45,37884.5,37916.88,2,429154
2022-02-04 15:50:00,37916.87,37916.89,37880.03,37899.99,2,429155
2022-02-04 15:55:00,37899.98,37963.02,37899.98,37957.32,2,429156
2022-02-04 16:00:00,37957.32,38010.0,37921.84,37923.58,2,429157
2022-02-04 16:05:00,37923.58,37960.0,37913.19,37913.19,2,429158
2022-02-04 16:10:00,37913.19,37950.0,37900.0,37912.02,2,429159
2022-02-04 16:15:00,37912.03,37978.79,37905.16,37964.38,2,429160
2022-02-04 16:20:00,37964.37,38007.27,37954.8,37981.14,2,429161
2022-02-04 16:25:00,37981.14,37991.08,37959.09,37963.17,2,429162
2022-02-04 16:30:00,37963.16,38020.0,37955.61,38006.62,2,429163
2022-02-04 16:35:00,38006.63,38013.97,37961.93,37966.51,2,429164
2022-02-04 16:40:00,37966.52,37966.52,37924.53,37950.02,2,429165
2022-02-04 16:45:00,37950.01,38095.0,37933.61,38074.01,2,429166
2022-02-04 16:50:00,38075.01,38140.39,38033.46,38097.38,2,429167
2022-02-04 16:55:00,38097.38,38111.0,38013.18,38014.01,2,429168
2022-02-04 17:00:00,38014.0,38129.24,37995.27,38123.4,3,429169
2022-02-04 17:05:00,38123.4,38236.08,38050.2,38067.75,0,429170
2022-02-04 17:10:00,38064.9,38097.0,37972.96,37984.26,0,429171
2022-02-04 17:15:00,37983.92,37995.06,37884.08,37923.82,0,429172
2022-02-04 17:20:00,37923.82,37931.94,37865.24,37900.0,0,429173
2022-02-04 17:25:00,37899.99,37922.32,37881.0,37884.22,0,429174
2022-02-04 17:30:00,37884.22,37884.23,37763.74,37866.8,0,429175
2022-02-04 17:35:00,37866.8,37950.0,37863.98,37944.91,0,429176
2022-02-04 17:40:00,37944.9,37972.82,37924.0,37926.15,0,429177
2022-02-04 17:45:00,37926.15,37940.0,37856.18,37857.84,0,429178
2022-02-04 17:50:00,37857.84,37948.87,37857.83,37897.75,0,429179
2022-02-04 17:55:00,37897.76,37935.69,37840.52,37879.74,0,429180
2022-02-04 18:00:00,37879.74,37914.72,37840.43,37840.44,0,429181
2022-02-04 18:05:00,37840.44,37888.7,37818.78,37845.98,0,429182
2022-02-04 18:10:00,37845.98,37860.74,37818.16,37820.0,0,429183
2022-02-04 18:15:00,37819.99,37987.89,37810.0,37917.33,0,429184
2022-02-04 18:20:00,37917.33,37935.29,37869.0,37869.86,0,429185
2022-02-04 18:25:00,37869.87,37918.44,37866.69,37894.99,0,429186
2022-02-04 18:30:00,37894.99,37944.76,37872.3,37927.46,0,429187
2022-02-04 18:35:00,37927.47,37994.6,37921.71,37951.0,0,429188
2022-02-04 18:40:00,37950.05,37951.75,37921.63,37931.36,0,429189
2022-02-04 18:45:00,37931.35,37932.0,37850.01,37874.25,0,429190
2022-02-04 18:50:00,37874.25,37874.25,37813.63,37827.79,0,429191
2022-02-04 18:55:00,37829.41,37844.99,37810.0,37810.0,1,429192
2022-02-04 19:00:00,37810.0,37920.0,37810.0,37908.4,2,429193
2022-02-04 19:05:00,37908.39,37920.0,37885.72,37905.39,2,429194
2022-02-04 19:10:00,37905.39,37917.3,37886.0,37907.92,2,429195
2022-02-04 19:15:00,37907.92,37914.98,37876.0,37876.01,2,429196
2022-02-04 19:20:00,37876.01,37970.0,37857.0,37931.06,2,429197
2022-02-04 19:25:00,37931.06,38022.79,37930.0,38006.28,3,429198
2022-02-04 19:30:00,38006.27,38016.46,37970.01,37975.09,0,429199
2022-02-04 19:35:00,37975.09,37999.99,37957.28,37979.19,0,429200
2022-02-04 19:40:00,37979.19,37998.0,37961.15,37983.47,0,429201
2022-02-04 19:45:00,37983.47,38060.55,37963.68,37963.68,0,429202
2022-02-04 19:50:00,37963.69,37963.69,37927.56,37950.0,0,429203
2022-02-04 19:55:00,37950.0,37970.79,37935.33,37956.67,0,429204
2022-02-04 20:00:00,37956.67,37990.52,37900.58,37917.42,0,429205
2022-02-04 20:05:00,37917.43,37934.35,37901.2,37913.36,0,429206
2022-02-04 20:10:00,37913.36,38025.94,37908.81,37995.42,0,429207
2022-02-04 20:15:00,37995.43,38200.0,37949.59,37964.43,0,429208
2022-02-04 20:20:00,37964.43,37971.45,37843.32,37851.01,0,429209
2022-02-04 20:25:00,37851.01,37957.88,37851.0,37885.94,0,429210
2022-02-04 20:30:00,37885.93,37894.07,37525.25,37562.8,0,429211
2022-02-04 20:35:00,37562.09,37637.94,37554.26,37609.0,0,429212
2022-02-04 20:40:00,37608.99,37664.45,37529.36,37540.74,0,429213
2022-02-04 20:45:00,37541.56,37614.85,37496.16,37534.59,0,429214
2022-02-04 20:50:00,37534.59,37575.08,37418.28,37433.22,0,429215
2022-02-04 20:55:00,37433.21,37466.29,37362.72,37421.4,0,429216
2022-02-04 21:00:00,37421.41,37448.6,37290.2,37386.99,1,429217
2022-02-04 21:05:00,37386.99,37482.79,37386.99,37450.14,2,429218
2022-02-04 21:10:00,37450.13,37563.37,37426.26,37547.36,2,429219
2022-02-04 21:15:00,37547.37,37763.49,37532.45,37708.9,2,429220
2022-02-04 21:20:00,37708.89,37761.87,37647.61,37722.87,2,429221
2022-02-04 21:25:00,37722.86,37826.03,37686.6,37778.41,3,429222
2022-02-04 21:30:00,37778.4,38070.65,37642.39,37677.0,0,429223
2022-02-04 21:35:00,37676.99,37708.51,37567.0,37648.42,1,429224
2022-02-04 21:40:00,37650.05,37930.26,37644.88,37892.08,2,429225
2022-02-04 21:45:00,37889.94,37993.66,37854.52,37854.53,2,429226
2022-02-04 21:50:00,37854.53,37933.73,37795.01,37816.9,2,429227
2022-02-04 21:55:00,37817.14,37989.99,37814.44,37953.2,2,429228
2022-02-04 22:00:00,37953.2,38144.08,37886.9,38117.44,2,429229
2022-02-04 22:05:00,38117.44,38530.97,38109.08,38469.44,2,429230
2022-02-04 22:10:00,38469.44,38840.0,38359.0,38720.68,2,429231
2022-02-04 22:15:00,38720.69,39500.0,38720.68,39311.84,2,429232
2022-02-04 22:20:00,39302.59,39792.0,39284.0,39407.98,2,429233
2022-02-04 22:25:00,39415.58,39745.02,39396.86,39501.61,2,429234
2022-02-04 22:30:00,39501.6,39750.0,39299.35,39721.89,3,429235
2022-02-04 22:35:00,39713.92,39819.91,39480.0,39577.98,0,429236
2022-02-04 22:40:00,39577.98,39700.0,39148.0,39379.44,1,429237
2022-02-04 22:45:00,39379.44,39568.36,39268.8,39503.98,2,429238
2022-02-04 22:50:00,39503.97,39572.4,39365.96,39507.36,2,429239
2022-02-04 22:55:00,39507.36,39550.0,39436.14,39490.87,2,429240
2022-02-04 23:00:00,39490.88,39813.9,39442.89,39703.35,2,429241
2022-02-04 23:05:00,39703.36,39800.0,39618.0,39646.48,2,429242
2022-02-04 23:10:00,39646.94,39800.01,39560.59,39680.21,2,429243
2022-02-04 23:15:00,39680.2,39876.33,39664.32,39853.9,3,429244
2022-02-04 23:20:00,39853.91,39908.33,39673.17,39717.3,0,429245
2022-02-04 23:25:00,39717.3,40462.0,39715.65,40349.48,0,429246
2022-02-04 23:30:00,40349.47,40416.45,40155.0,40291.58,0,429247
2022-02-04 23:35:00,40292.49,40430.04,40182.14,40224.27,1,429248
2022-02-04 23:40:00,40224.27,40317.33,40128.5,40293.35,2,429249
2022-02-04 23:45:00,40290.97,40400.0,40260.87,40322.93,2,429250
2022-02-04 23:50:00,40322.94,40383.45,40273.0,40330.32,2,429251
2022-02-04 23:55:00,40330.32,40600.0,40243.1,40268.51,2,429252
2022-02-05 00:00:00,40268.51,40314.62,40189.16,40266.2,2,429253
2022-02-05 00:05:00,40270.82,40340.0,40210.0,40283.15,2,429254
2022-02-05 00:10:00,40283.14,40449.0,40282.27,40391.88,3,429255
2022-02-05 00:15:00,40391.88,40411.21,40210.44,40237.73,1,429256
2022-02-05 00:20:00,40237.72,40276.41,40180.0,40274.0,2,429257
2022-02-05 00:25:00,40273.99,40350.0,40273.83,40308.9,2,429258
2022-02-05 00:30:00,40308.9,40370.31,40248.4,40282.72,2,429259
2022-02-05 00:35:00,40282.73,40410.0,40260.44,40404.13,2,429260
2022-02-05 00:40:00,40404.13,40499.0,40304.38,40378.05,2,429261
2022-02-05 00:45:00,40378.04,40489.98,40337.35,40465.65,2,429262
2022-02-05 00:50:00,40465.65,40497.64,40430.0,40460.82,2,429263
2022-02-05 00:55:00,40460.83,40557.51,40441.33,40520.46,3,429264
2022-02-05 01:00:00,40520.45,40662.01,40420.0,40465.25,0,429265
2022-02-05 01:05:00,40465.24,40480.09,40359.54,40396.04,0,429266
2022-02-05 01:10:00,40396.05,40410.99,40353.53,40355.53,0,429267
2022-02-05 01:15:00,40355.53,40389.76,40278.79,40322.53,1,429268
2022-02-05 01:20:00,40322.52,40449.62,40312.03,40429.62,2,429269
2022-02-05 01:25:00,40429.63,40440.08,40324.58,40414.18,2,429270
2022-02-05 01:30:00,40414.17,40444.44,40398.0,40425.5,2,429271
2022-02-05 01:35:00,40425.5,40429.0,40300.18,40324.77,2,429272
2022-02-05 01:40:00,40324.77,40449.14,40313.62,40421.51,2,429273
2022-02-05 01:45:00,40421.51,40433.61,40353.85,40389.83,2,429274
2022-02-05 01:50:00,40386.01,40455.61,40386.01,40449.88,2,429275
2022-02-05 01:55:00,40449.88,40478.26,40387.45,40469.27,2,429276
2022-02-05 02:00:00,40469.27,40500.0,40411.74,40419.59,2,429277
2022-02-05 02:05:00,40419.59,40434.16,40386.67,40425.39,2,429278
2022-02-05 02:10:00,40424.99,40444.0,40368.5,40424.66,2,429279
2022-02-05 02:15:00,40424.66,40434.99,40368.5,40368.51,2,429280
2022-02-05 02:20:00,40368.51,40495.38,40366.99,40475.19,2,429281
2022-02-05 02:25:00,40475.19,40549.91,40448.49,40492.28,2,429282
2022-02-05 02:30:00,40492.29,40649.0,40490.01,40642.02,3,429283
2022-02-05 02:35:00,40642.02,40700.0,40585.68,40599.99,0,429284
2022-02-05 02:40:00,40600.0,40607.76,40471.3,40515.05,0,429285
2022-02-05 02:45:00,40515.04,40525.96,40459.39,40507.02,0,429286
2022-02-05 02:50:00,40507.02,40693.12,40484.65,40665.44,0,429287
2022-02-05 02:55:00,40665.44,40877.0,40662.87,40727.91,0,429288
2022-02-05 03:00:00,40727.92,40869.55,40717.36,40845.02,0,429289
2022-02-05 03:05:00,40845.01,40884.96,40760.8,40833.33,0,429290
2022-02-05 03:10:00,40833.33,40867.51,40727.97,40750.94,0,429291
2022-02-05 03:15:00,40750.94,40767.87,40625.21,40630.0,0,429292
2022-02-05 03:20:00,40630.0,40691.97,40610.05,40677.16,0,429293
2022-02-05 03:25:00,40677.15,40713.96,40561.62,40585.0,0,429294
2022-02-05 03:30:00,40585.0,40672.66,40575.36,40651.15,0,429295
2022-02-05 03:35:00,40651.15,40652.98,40558.87,40599.21,0,429296
2022-02-05 03:40:00,40599.21,40617.23,40560.0,40570.13,0,429297
2022-02-05 03:45:00,40570.13,40570.13,40459.02,40510.11,0,429298
2022-02-05 03:50:00,40510.11,40588.46,40456.25,40566.76,0,429299
2022-02-05 03:55:00,40566.75,40588.0,40500.82,40588.0,0,429300
2022-02-05 04:00:00,40588.0,40588.19,40500.0,40514.39,0,429301
2022-02-05 04:05:00,40514.39,40528.18,40466.43,40483.73,0,429302
2022-02-05 04:10:00,40483.74,40492.4,40433.61,40453.44,1,429303
2022-02-05 04:15:00,40453.44,40458.6,40426.23,40455.4,2,429304
2022-02-05 04:20:00,40455.4,40546.66,40451.44,40546.66,2,429305
2022-02-05 04:25:00,40546.66,40550.0,40483.88,40483.88,2,429306
2022-02-05 04:30:00,40483.88,40518.96,40451.25,40462.27,2,429307
2022-02-05 04:35:00,40462.27,40555.0,40460.61,40522.69,2,429308
2022-02-05 04:40:00,40522.69,40554.77,40496.08,40542.09,2,429309
2022-02-05 04:45:00,40542.1,40590.0,40534.43,40567.75,2,429310
2022-02-05 04:50:00,40567.75,40612.54,40538.09,40582.34,2,429311
2022-02-05 04:55:00,40582.35,40631.89,40526.39,40624.15,3,429312
2022-02-05 05:00:00,40624.16,40633.09,40566.9,40572.26,0,429313
2022-02-05 05:05:00,40572.25,40598.08,40382.84,40455.46,1,429314
2022-02-05 05:10:00,40455.46,40514.59,40451.94,40511.81,2,429315
2022-02-05 05:15:00,40512.48,40582.05,40496.82,40549.69,2,429316
2022-02-05 05:20:00,40549.7,40553.09,40438.32,40516.92,2,429317
2022-02-05 05:25:00,40519.0,40568.59,40513.21,40520.0,2,429318
2022-02-05 05:30:00,40522.04,40526.5,40500.28,40515.61,2,429319
2022-02-05 05:35:00,40515.61,40580.0,40513.1,40564.49,2,429320
2022-02-05 05:40:00,40563.5,40575.39,40545.85,40575.38,2,429321
2022-02-05 05:45:00,40575.39,40589.61,40514.99,40516.62,2,429322
2022-02-05 05:50:00,40516.61,40620.01,40516.61,40620.0,2,429323
2022-02-05 05:55:00,40620.0,40666.98,40620.0,40641.74,2,429324
2022-02-05 06:00:00,40641.74,40679.75,40640.3,40665.95,2,429325
2022-02-05 06:05:00,40665.95,40678.78,40614.68,40670.57,2,429326
2022-02-05 06:10:00,40670.57,40670.57,40625.47,40637.34,2,429327
2022-02-05 06:15:00,40637.33,40637.34,40599.94,40603.65,2,429328
2022-02-05 06:20:00,40603.66,40636.43,40584.34,40617.7,2,429329
2022-02-05 06:25:00,40617.69,40649.4,40562.29,40626.7,2,429330
2022-02-05 06:30:00,40626.71,40760.16,40610.82,40735.22,2,429331
2022-02-05 06:35:00,40735.23,40740.0,40672.96,40734.75,2,429332
2022-02-05 06:40:00,40734.74,40851.6,40680.44,40811.0,2,429333
2022-02-05 06:45:00,40811.01,41500.0,40810.0,41386.16,2,429334
2022-02-05 06:50:00,41386.16,41772.33,41382.63,41680.04,3,429335
2022-02-05 06:55:00,41680.04,41690.76,41509.54,41574.25,0,429336
2022-02-05 07:00:00,41571.7,41575.63,41342.98,41380.33,1,429337
2022-02-05 07:05:00,41380.32,41598.84,41380.32,41589.65,2,429338
2022-02-05 07:10:00,41589.66,41700.0,41464.2,41678.64,2,429339
2022-02-05 07:15:00,41678.65,41678.99,41525.9,41628.22,2,429340
2022-02-05 07:20:00,41628.21,41657.99,41550.64,41622.99,2,429341
2022-02-05 07:25:00,41622.99,41797.58,41617.48,41617.49,2,429342
2022-02-05 07:30:00,41617.48,41705.4,41571.28,41692.92,2,429343
2022-02-05 07:35:00,41692.32,41798.83,41692.32,41741.07,3,429344
2022-02-05 07:40:00,41741.06,41913.69,41657.86,41685.85,0,429345
2022-02-05 07:45:00,41685.84,41743.16,41618.58,41656.2,0,429346
2022-02-05 07:50:00,41656.19,41662.71,41411.98,41441.18,0,429347
2022-02-05 07:55:00,41441.18,41524.65,41415.52,41471.41,0,429348
2022-02-05 08:00:00,41471.41,41529.45,41430.26,41524.7,0,429349
2022-02-05 08:05:00,41524.7,41535.73,41373.19,41439.99,0,429350
2022-02-05 08:10:00,41439.99,41476.02,41274.46,41294.01,0,429351
2022-02-05 08:15:00,41294.01,41471.35,41284.12,41466.91,0,429352
2022-02-05 08:20:00,41466.91,41493.92,41421.68,41421.69,0,429353
2022-02-05 08:25:00,41421.68,41450.0,41332.55,41362.05,0,429354
2022-02-05 08:30:00,41362.06,41409.98,41349.65,41384.74,0,429355
2022-02-05 08:35:00,41384.73,41394.13,41278.15,41302.71,0,429356
2022-02-05 08:40:00,41302.71,41358.07,41281.93,41317.41,0,429357
2022-02-05 08:45:00,41317.41,41318.32,41193.44,41242.95,1,429358
2022-02-05 08:50:00,41242.95,41269.3,41227.19,41268.11,2,429359
2022-02-05 08:55:00,41268.11,41300.0,41260.22,41274.08,2,429360
2022-02-05 09:00:00,41274.08,41297.9,41252.77,41263.79,2,429361
2022-02-05 09:05:00,41263.8,41289.99,41173.36,41279.99,2,429362
2022-02-05 09:10:00,41280.0,41320.44,41254.55,41281.0,2,429363
2022-02-05 09:15:00,41280.99,41349.08,41280.99,41321.33,2,429364
2022-02-05 09:20:00,41321.33,41348.19,41299.67,41344.43,2,429365
2022-02-05 09:25:00,41344.44,41390.01,41344.43,41350.0,2,429366
2022-02-05 09:30:00,41350.0,41436.67,41305.81,41405.41,2,429367
2022-02-05 09:35:00,41405.41,41433.16,41373.35,41400.0,2,429368
2022-02-05 09:40:00,41400.0,41430.0,41385.0,41424.99,2,429369
2022-02-05 09:45:00,41424.99,41447.08,41401.53,41428.51,2,429370
2022-02-05 09:50:00,41428.5,41428.51,41373.16,41417.92,2,429371
2022-02-05 09:55:00,41417.92,41419.98,41350.51,41363.96,2,429372
2022-02-05 10:00:00,41363.96,41471.0,41363.95,41447.78,2,429373
2022-02-05 10:05:00,41447.77,41464.75,41416.08,41417.17,2,429374
2022-02-05 10:10:00,41417.17,41425.02,41384.41,41403.52,2,429375
2022-02-05 10:15:00,41403.52,41450.0,41356.83,41448.76,2,429376
2022-02-05 10:20:00,41450.0,41454.02,41341.37,41363.81,2,429377
2022-02-05 10:25:00,41363.82,41438.42,41363.81,41427.5,2,429378
2022-02-05 10:30:00,41427.5,41429.55,41386.22,41415.52,2,429379
2022-02-05 10:35:00,41415.51,41435.41,41362.48,41394.01,2,429380
2022-02-05 10:40:00,41391.95,41419.98,41370.22,41417.08,2,429381
2022-02-05 10:45:00,41417.09,41449.39,41403.62,41434.52,2,429382
2022-02-05 10:50:00,41434.53,41434.56,41371.07,41412.04,2,429383
2022-02-05 10:55:00,41412.04,41470.0,41412.04,41447.85,2,429384
2022-02-05 11:00:00,41447.85,41489.13,41400.02,41486.94,2,429385
2022-02-05 11:05:00,41486.94,41489.12,41435.74,41452.39,2,429386
2022-02-05 11:10:00,41452.39,41565.18,41443.21,41489.03,2,429387
2022-02-05 11:15:00,41489.04,41569.83,41476.66,41560.41,2,429388
2022-02-05 11:20:00,41560.41,41693.9,41541.11,41660.01,3,429389
2022-02-05 11:25:00,41660.0,41673.65,41575.0,41635.26,0,429390
2022-02-05 11:30:00,41635.26,41666.9,41511.07,41530.42,0,429391
2022-02-05 11:35:00,41530.42,41531.8,41465.68,41465.68,0,429392
2022-02-05 11:40:00,41465.68,41508.2,41423.35,41486.87,0,429393
2022-02-05 11:45:00,41486.88,41496.64,41379.41,41401.71,0,429394
2022-02-05 11:50:00,41401.72,41469.64,41369.69,41458.0,0,429395
2022-02-05 11:55:00,41457.99,41468.69,41421.55,41465.42,0,429396
2022-02-05 12:00:00,41465.43,41470.99,41385.9,41389.77,1,429397
2022-02-05 12:05:00,41389.77,41471.53,41376.5,41442.6,2,429398
2022-02-05 12:10:00,41442.59,41469.05,41436.98,41452.54,2,429399
2022-02-05 12:15:00,41452.54,41523.09,41420.0,41447.44,2,429400
2022-02-05 12:20:00,41447.44,41495.48,41431.37,41488.12,2,429401
2022-02-05 12:25:00,41488.12,41556.0,41488.12,41515.18,2,429402
2022-02-05 12:30:00,41515.17,41534.92,41513.94,41527.12,2,429403
2022-02-05 12:35:00,41527.12,41527.13,41465.37,41509.91,2,429404
2022-02-05 12:40:00,41509.09,41562.46,41505.66,41542.78,2,429405
2022-02-05 12:45:00,41542.77,41635.93,41542.77,41600.12,2,429406
2022-02-05 12:50:00,41600.11,41656.25,41584.07,41600.72,2,429407
2022-02-05 12:55:00,41600.72,41622.97,41500.0,41525.27,2,429408
2022-02-05 13:00:00,41525.26,41619.97,41525.26,41617.55,2,429409
2022-02-05 13:05:00,41617.55,41630.0,41564.33,41576.84,2,429410
2022-02-05 13:10:00,41576.85,41630.0,41539.58,41625.76,2,429411
2022-02-05 13:15:00,41625.76,41669.78,41600.0,41668.7,3,429412
2022-02-05 13:20:00,41668.69,41683.25,41585.65,41588.05,0,429413
2022-02-05 13:25:00,41588.05,41670.78,41588.05,41654.58,0,429414
2022-02-05 13:30:00,41654.58,41748.18,41540.0,41626.68,0,429415
2022-02-05 13:35:00,41626.69,41649.99,41570.0,41578.65,0,429416
2022-02-05 13:40:00,41578.65,41597.21,41494.14,41506.33,0,429417
2022-02-05 13:45:00,41506.34,41542.97,41490.0,41511.27,0,429418
2022-02-05 13:50:00,41511.28,41546.82,41500.66,41535.27,0,429419
2022-02-05 13:55:00,41535.27,41551.1,41480.41,41499.99,0,429420
2022-02-05 14:00:00,41500.0,41501.91,41451.8,41454.19,0,429421
2022-02-05 14:05:00,41454.19,41461.21,41399.06,41437.83,0,429422
2022-02-05 14:10:00,41437.83,41474.83,41435.51,41439.51,0,429423
2022-02-05 14:15:00,41439.51,41480.6,41382.19,41461.47,0,429424
2022-02-05 14:20:00,41461.47,41498.29,41420.18,41468.7,0,429425
2022-02-05 14:25:00,41468.7,41492.34,41439.16,41451.88,0,429426
2022-02-05 14:30:00,41451.88,41500.12,41427.88,41465.0,0,429427
2022-02-05 14:35:00,41465.01,41484.02,41445.09,41453.3,0,429428
2022-02-05 14:40:00,41453.3,41475.0,41388.93,41411.41,0,429429
2022-02-05 14:45:00,41411.4,41429.98,41389.53,41426.89,0,429430
2022-02-05 14:50:00,41426.9,41430.0,41402.56,41402.65,0,429431
2022-02-05 14:55:00,41402.64,41402.65,41373.27,41379.99,1,429432
2022-02-05 15:00:00,41379.99,41402.39,41362.7,41402.29,2,429433
2022-02-05 15:05:00,41402.29,41483.67,41399.1,41478.04,2,429434
2022-02-05 15:10:00,41478.03,41483.42,41436.1,41470.0,2,429435
2022-02-05 15:15:00,41470.0,41481.96,41432.85,41458.63,2,429436
2022-02-05 15:20:00,41458.64,41458.64,41429.65,41429.66,2,429437
2022-02-05 15:25:00,41429.65,41459.99,41426.96,41450.9,2,429438
2022-02-05 15:30:00,41450.89,41600.1,41392.29,41566.08,3,429439
2022-02-05 15:35:00,41566.08,41586.31,41315.68,41365.77,0,429440
2022-02-05 15:40:00,41365.76,41454.54,41362.17,41417.99,0,429441
2022-02-05 15:45:00,41420.98,41478.42,41372.28,41444.31,0,429442
2022-02-05 15:50:00,41444.31,41475.84,41431.88,41435.81,0,429443
2022-02-05 15:55:00,41435.8,41458.48,41420.0,41436.23,0,429444
2022-02-05 16:00:00,41437.62,41477.04,41389.84,41457.96,0,429445
2022-02-05 16:05:00,41457.96,41513.67,41457.71,41466.71,0,429446
2022-02-05 16:10:00,41466.73,41499.93,41466.71,41481.24,0,429447
2022-02-05 16:15:00,41481.23,41533.88,41481.23,41521.32,0,429448
2022-02-05 16:20:00,41521.31,41536.71,41471.71,41487.96,0,429449
2022-02-05 16:25:00,41487.96,41507.01,41455.94,41504.41,0,429450
2022-02-05 16:30:00,41504.41,41518.47,41493.65,41515.49,0,429451
2022-02-05 16:35:00,41515.48,41515.49,41474.16,41509.6,0,429452
2022-02-05 16:40:00,41509.6,41520.0,41487.84,41489.84,0,429453
2022-02-05 16:45:00,41489.83,41500.0,41300.64,41314.19,0,429454
2022-02-05 16:50:00,41314.2,41350.0,41099.92,41329.05,0,429455
2022-02-05 16:55:00,41329.06,41564.28,41329.05,41547.36,0,429456
2022-02-05 17:00:00,41547.36,41624.99,41486.63,41612.26,0,429457
2022-02-05 17:05:00,41609.91,41669.0,41526.16,41531.33,0,429458
2022-02-05 17:10:00,41531.32,41569.17,41474.92,41507.09,0,429459
2022-02-05 17:15:00,41507.08,41507.54,41418.41,41469.2,0,429460
2022-02-05 17:20:00,41469.2,41541.17,41463.46,41492.66,0,429461
2022-02-05 17:25:00,41492.66,41522.54,41450.01,41454.42,0,429462
2022-02-05 17:30:00,41454.42,41489.33,41450.0,41486.16,0,429463
2022-02-05 17:35:00,41486.16,41548.8,41480.93,41522.61,0,429464
2022-02-05 17:40:00,41522.61,41537.48,41497.06,41507.0,0,429465
2022-02-05 17:45:00,41507.0,41549.99,41489.7,41496.8,0,429466
2022-02-05 17:50:00,41496.8,41522.03,41462.82,41522.02,0,429467
2022-02-05 17:55:00,41522.03,41581.9,41522.02,41565.86,0,429468
2022-02-05 18:00:00,41565.86,41569.5,41510.97,41539.14,0,429469
2022-02-05 18:05:00,41539.14,41540.0,41505.96,41533.26,0,429470
2022-02-05 18:10:00,41533.26,41599.39,41525.79,41598.89,0,429471
2022-02-05 18:15:00,41598.88,41633.39,41501.0,41520.33,0,429472
2022-02-05 18:20:00,41520.33,41523.53,41403.54,41453.72,0,429473
2022-02-05 18:25:00,41453.71,41484.18,41438.42,41470.01,0,429474
2022-02-05 18:30:00,41470.01,41471.22,41420.0,41459.89,0,429475
2022-02-05 18:35:00,41459.89,41459.89,41431.03,41452.87,0,429476
2022-02-05 18:40:00,41454.03,41499.21,41422.51,41426.54,0,429477
2022-02-05 18:45:00,41426.53,41477.02,41403.85,41438.23,0,429478
2022-02-05 18:50:00,41438.22,41443.75,41382.0,41382.01,0,429479
2022-02-05 18:55:00,41382.01,41449.27,41382.0,41430.0,0,429480
2022-02-05 19:00:00,41430.0,41476.37,41429.99,41454.3,0,429481
2022-02-05 19:05:00,41454.29,41460.0,41336.92,41346.08,1,429482
2022-02-05 19:10:00,41346.08,41460.0,41334.7,41460.0,2,429483
2022-02-05 19:15:00,41460.0,41508.7,41435.02,41479.99,2,429484
2022-02-05 19:20:00,41480.0,41513.6,41427.92,41471.9,2,429485
2022-02-05 19:25:00,41471.89,41499.54,41458.32,41462.31,2,429486
2022-02-05 19:30:00,41462.3,41475.8,41428.74,41433.71,2,429487
2022-02-05 19:35:00,41433.72,41439.94,41356.13,41375.0,2,429488
2022-02-05 19:40:00,41375.0,41447.93,41375.0,41447.92,2,429489
2022-02-05 19:45:00,41447.92,41500.0,41444.47,41483.56,2,429490
2022-02-05 19:50:00,41483.55,41488.46,41375.49,41406.88,2,429491
2022-02-05 19:55:00,41406.88,41447.99,41366.71,41379.13,2,429492
2022-02-05 20:00:00,41379.12,41450.0,41348.62,41412.64,2,429493
2022-02-05 20:05:00,41412.65,41448.57,41381.72,41392.07,2,429494
2022-02-05 20:10:00,41392.07,41458.99,41392.04,41446.71,2,429495
2022-02-05 20:15:00,41446.72,41457.77,41370.0,41389.99,2,429496
2022-02-05 20:20:00,41389.99,41430.0,41380.0,41383.98,2,429497
2022-02-05 20:25:00,41383.98,41449.98,41383.11,41431.77,2,429498
2022-02-05 20:30:00,41431.77,41452.42,41418.0,41428.31,2,429499
2022-02-05 20:35:00,41428.32,41522.51,41428.31,41513.11,2,429500
2022-02-05 20:40:00,41513.12,41518.1,41460.96,41466.61,2,429501
2022-02-05 20:45:00,41466.61,41545.82,41466.59,41511.3,2,429502
2022-02-05 20:50:00,41511.3,41534.04,41500.97,41501.55,2,429503
2022-02-05 20:55:00,41501.54,41514.18,41469.37,41510.69,2,429504
2022-02-05 21:00:00,41510.7,41514.19,41400.0,41400.0,2,429505
2022-02-05 21:05:00,41400.01,41449.99,41400.0,41438.32,2,429506
2022-02-05 21:10:00,41438.31,41442.63,41401.85,41431.76,2,429507
2022-02-05 21:15:00,41431.76,41451.35,41412.99,41430.0,2,429508
2022-02-05 21:20:00,41430.0,41483.84,41418.9,41481.35,2,429509
2022-02-05 21:25:00,41481.35,41498.99,41438.75,41448.82,2,429510
2022-02-05 21:30:00,41448.83,41513.0,41401.01,41505.13,2,429511
2022-02-05 21:35:00,41505.13,41520.0,41470.01,41490.69,2,429512
2022-02-05 21:40:00,41490.7,41504.77,41473.52,41484.01,2,429513
2022-02-05 21:45:00,41484.01,41504.81,41456.71,41499.87,2,429514
2022-02-05 21:50:00,41499.88,41660.0,41499.87,41618.89,3,429515
2022-02-05 21:55:00,41618.89,41755.3,41385.46,41458.73,0,429516
2022-02-05 22:00:00,41458.73,41464.81,41326.17,41464.79,0,429517
2022-02-05 22:05:00,41464.79,41562.83,41412.0,41537.65,0,429518
2022-02-05 22:10:00,41537.65,41650.1,41537.62,41600.56,0,429519
2022-02-05 22:15:00,41600.57,41830.0,41585.0,41772.34,0,429520
2022-02-05 22:20:00,41772.34,41852.92,41582.18,41613.97,0,429521
2022-02-05 22:25:00,41613.98,41705.23,41608.23,41691.53,0,429522
2022-02-05 22:30:00,41691.53,41849.0,41689.0,41774.1,0,429523
2022-02-05 22:35:00,41774.1,41883.95,41774.1,41860.32,0,429524
2022-02-05 22:40:00,41858.57,41899.54,41781.07,41822.77,0,429525
2022-02-05 22:45:00,41822.77,41827.22,41732.66,41791.38,0,429526
2022-02-05 22:50:00,41791.38,41796.24,41668.91,41694.45,0,429527
2022-02-05 22:55:00,41694.45,41790.99,41694.44,41761.85,0,429528
2022-02-05 23:00:00,41761.87,41854.81,41623.53,41650.83,0,429529
2022-02-05 23:05:00,41650.83,41684.27,41584.39,41613.23,0,429530
2022-02-05 23:10:00,41613.22,41620.91,41559.6,41604.57,0,429531
2022-02-05 23:15:00,41604.57,41689.0,41564.13,41631.58,0,429532
2022-02-05 23:20:00,41631.58,41672.83,41595.48,41626.29,0,429533
2022-02-05 23:25:00,41626.3,41664.99,41591.22,41598.94,0,429534
2022-02-05 23:30:00,41598.94,41678.33,41581.9,41656.72,0,429535
2022-02-05 23:35:00,41656.72,41665.43,41542.51,41580.54,0,429536
2022-02-05 23:40:00,41580.54,41592.26,41488.02,41490.01,0,429537
2022-02-05 23:45:00,41490.01,41497.51,41379.21,41384.47,0,429538
2022-02-05 23:50:00,41384.47,41444.48,41285.15,41341.54,0,429539
2022-02-05 23:55:00,41341.53,41386.03,41230.0,41283.81,0,429540
2022-02-06 00:00:00,41283.81,41345.38,40843.01,41064.3,0,429541
2022-02-06 00:05:00,41064.29,41137.52,40978.62,41049.14,0,429542
2022-02-06 00:10:00,41054.23,41088.81,40982.49,41026.62,1,429543
2022-02-06 00:15:00,41026.62,41105.95,40925.61,41085.91,2,429544
2022-02-06 00:20:00,41085.91,41348.16,41085.9,41321.77,2,429545
2022-02-06 00:25:00,41321.77,41329.56,41175.07,41302.53,2,429546
2022-02-06 00:30:00,41302.52,41439.93,41276.78,41411.04,2,429547
2022-02-06 00:35:00,41411.04,41428.31,41351.24,41352.02,2,429548
2022-02-06 00:40:00,41352.02,41465.92,41341.03,41449.33,2,429549
2022-02-06 00:45:00,41449.32,41645.0,41407.78,41612.05,2,429550
2022-02-06 00:50:00,41613.6,41686.28,41554.35,41576.64,2,429551
2022-02-06 00:55:00,41576.63,41601.87,41530.87,41583.93,2,429552
2022-02-06 01:00:00,41583.94,41623.82,41505.79,41607.27,2,429553
2022-02-06 01:05:00,41607.28,41664.24,41564.98,41629.47,2,429554
2022-02-06 01:10:00,41631.2,41638.28,41579.49,41607.73,2,429555
2022-02-06 01:15:00,41607.73,41622.81,41564.98,41608.59,2,429556
2022-02-06 01:20:00,41608.58,41742.45,41596.87,41662.3,2,429557
2022-02-06 01:25:00,41662.31,41694.31,41604.47,41674.78,2,429558
2022-02-06 01:30:00,41674.77,41737.86,41662.91,41714.8,3,429559
2022-02-06 01:35:00,41714.8,41714.81,41588.99,41629.23,0,429560
2022-02-06 01:40:00,41629.23,41689.89,41610.47,41676.83,0,429561
2022-02-06 01:45:00,41676.83,41676.83,41579.33,41583.01,0,429562
2022-02-06 01:50:00,41583.01,41649.18,41583.0,41632.67,0,429563
2022-02-06 01:55:00,41632.67,41689.03,41612.14,41683.89,0,429564
2022-02-06 02:00:00,41683.89,41683.89,41615.7,41666.91,0,429565
2022-02-06 02:05:00,41666.91,41679.85,41613.19,41614.45,0,429566
2022-02-06 02:10:00,41614.45,41659.99,41592.38,41638.14,0,429567
2022-02-06 02:15:00,41638.14,41688.18,41617.05,41637.79,0,429568
2022-02-06 02:20:00,41637.79,41646.42,41582.66,41612.2,0,429569
2022-02-06 02:25:00,41612.2,41629.87,41535.01,41542.02,0,429570
2022-02-06 02:30:00,41542.02,41624.12,41487.04,41598.95,0,429571
2022-02-06 02:35:00,41596.64,41637.78,41564.46,41613.61,0,429572
2022-02-06 02:40:00,41613.6,41619.55,41575.66,41590.36,0,429573
2022-02-06 02:45:00,41590.35,41617.53,41544.22,41556.57,0,429574
2022-02-06 02:50:00,41556.56,41583.1,41521.85,41577.0,0,429575
2022-02-06 02:55:00,41577.0,41578.1,41503.6,41544.9,0,429576
2022-02-06 03:00:00,41544.9,41616.04,41440.26,41440.26,0,429577
2022-02-06 03:05:00,41440.27,41499.0,41380.11,41410.92,1,429578
2022-02-06 03:10:00,41410.93,41469.09,41382.74,41462.4,2,429579
2022-02-06 03:15:00,41463.88,41478.99,41386.71,41436.36,2,429580
2022-02-06 03:20:00,41436.36,41473.25,41428.44,41473.25,2,429581
2022-02-06 03:25:00,41472.42,41552.27,41444.9,41464.0,2,429582
2022-02-06 03:30:00,41464.0,41516.1,41436.99,41503.0,2,429583
2022-02-06 03:35:00,41503.0,41535.0,41489.84,41524.81,2,429584
2022-02-06 03:40:00,41524.82,41564.67,41521.09,41553.03,2,429585
2022-02-06 03:45:00,41553.03,41615.65,41553.03,41590.0,2,429586
2022-02-06 03:50:00,41590.0,41615.05,41580.55,41584.86,2,429587
2022-02-06 03:55:00,41584.85,41696.5,41581.46,41644.0,2,429588
2022-02-06 04:00:00,41647.78,41657.31,41555.55,41555.56,2,429589
2022-02-06 04:05:00,41555.55,41698.15,41555.55,41668.83,2,429590
2022-02-06 04:10:00,41668.83,41731.4,41657.25,41723.45,2,429591
2022-02-06 04:15:00,41723.45,41771.85,41684.06,41710.0,2,429592
2022-02-06 04:20:00,41710.0,41725.49,41689.44,41708.0,2,429593
2022-02-06 04:25:00,41708.0,41743.0,41704.22,41732.08,3,429594
2022-02-06 04:30:00,41732.08,41732.09,41595.93,41654.84,0,429595
2022-02-06 04:35:00,41654.84,41688.22,41650.08,41673.49,0,429596
2022-02-06 04:40:00,41673.48,41713.6,41669.18,41708.2,0,429597
2022-02-06 04:45:00,41708.2,41710.0,41619.0,41650.43,0,429598
2022-02-06 04:50:00,41650.43,41654.45,41621.94,41651.7,0,429599
2022-02-06 04:55:00,41651.69,41688.89,41624.91,41627.47,0,429600
2022-02-06 05:00:00,41627.48,41720.99,41612.38,41684.82,0,429601
2022-02-06 05:05:00,41684.81,41757.35,41661.52,41670.3,0,429602
2022-02-06 05:10:00,41670.29,41725.75,41670.29,41720.4,0,429603
2022-02-06 05:15:00,41720.4,41733.52,41680.7,41695.74,0,429604
2022-02-06 05:20:00,41693.5,41714.27,41683.15,41693.93,0,429605
2022-02-06 05:25:00,41693.93,41704.16,41651.97,41690.83,0,429606
2022-02-06 05:30:00,41690.67,41694.5,41679.26,41680.99,0,429607
2022-02-06 05:35:00,41681.0,41685.72,41638.28,41646.59,0,429608
2022-02-06 05:40:00,41646.59,41648.71,41621.5,41621.56,0,429609
2022-02-06 05:45:00,41621.55,41690.0,41573.27,41624.12,0,429610
2022-02-06 05:50:00,41624.13,41627.29,41558.17,41561.7,0,429611
2022-02-06 05:55:00,41561.69,41584.74,41561.69,41579.88,0,429612
2022-02-06 06:00:00,41579.89,41643.47,41563.64,41619.73,0,429613
2022-02-06 06:05:00,41619.74,41622.4,41523.14,41610.79,0,429614
2022-02-06 06:10:00,41610.79,41610.79,41569.99,41596.9,0,429615
2022-02-06 06:15:00,41596.9,41612.25,41527.12,41566.8,0,429616
2022-02-06 06:20:00,41566.81,41581.94,41518.7,41566.31,0,429617
2022-02-06 06:25:00,41566.3,41589.0,41495.5,41512.78,0,429618
2022-02-06 06:30:00,41512.78,41527.12,41441.23,41459.99,0,429619
2022-02-06 06:35:00,41459.99,41467.68,41426.48,41438.48,0,429620
2022-02-06 06:40:00,41438.49,41535.61,41431.05,41515.3,0,429621
2022-02-06 06:45:00,41515.3,41597.81,41454.2,41475.96,0,429622
2022-02-06 06:50:00,41475.95,41494.57,41349.81,41410.29,0,429623
2022-02-06 06:55:00,41410.28,41440.34,41382.59,41382.59,1,429624
2022-02-06 07:00:00,41382.6,41465.51,41382.59,41464.87,2,429625
2022-02-06 07:05:00,41464.88,41475.23,41384.86,41422.68,2,429626
2022-02-06 07:10:00,41422.68,41460.0,41393.98,41455.98,2,429627
2022-02-06 07:15:00,41455.97,41500.0,41400.02,41402.5,2,429628
2022-02-06 07:20:00,41402.51,41474.18,41400.0,41462.15,2,429629
2022-02-06 07:25:00,41462.16,41496.27,41389.88,41402.99,2,429630
2022-02-06 07:30:00,41402.99,41420.02,41340.35,41393.13,2,429631
2022-02-06 07:35:00,41393.12,41450.0,41378.91,41441.24,2,429632
2022-02-06 07:40:00,41441.24,41454.83,41394.05,41420.77,2,429633
2022-02-06 07:45:00,41420.77,41459.61,41393.5,41449.7,2,429634
2022-02-06 07:50:00,41449.71,41526.22,41449.7,41508.5,2,429635
2022-02-06 07:55:00,41508.51,41525.82,41478.56,41478.68,2,429636
2022-02-06 08:00:00,41478.67,41561.11,41475.85,41555.74,2,429637
2022-02-06 08:05:00,41555.74,41586.52,41551.33,41578.28,2,429638
2022-02-06 08:10:00,41578.28,41609.21,41571.83,41596.46,2,429639
2022-02-06 08:15:00,41596.45,41600.0,41481.65,41518.64,2,429640
2022-02-06 08:20:00,41518.65,41554.98,41497.69,41526.44,2,429641
2022-02-06 08:25:00,41526.43,41554.98,41511.53,41554.98,2,429642
2022-02-06 08:30:00,41554.97,41579.12,41517.01,41534.76,2,429643
2022-02-06 08:35:00,41534.76,41548.16,41507.42,41529.9,2,429644
2022-02-06 08:40:00,41529.89,41544.06,41500.0,41536.73,2,429645
2022-02-06 08:45:00,41536.72,41559.99,41530.54,41556.26,2,429646
2022-02-06 08:50:00,41556.26,41634.91,41542.09,41624.13,3,429647
2022-02-06 08:55:00,41625.86,41640.0,41589.74,41606.03,0,429648
2022-02-06 09:00:00,41606.04,41619.99,41574.02,41618.07,0,429649
2022-02-06 09:05:00,41618.06,41628.19,41595.0,41602.81,0,429650
2022-02-06 09:10:00,41602.8,41622.17,41594.64,41616.04,0,429651
2022-02-06 09:15:00,41616.04,41619.16,41561.44,41570.7,0,429652
2022-02-06 09:20:00,41570.7,41614.43,41544.29,41585.18,0,429653
2022-02-06 09:25:00,41585.18,41594.22,41562.85,41569.7,0,429654
2022-02-06 09:30:00,41569.7,41574.9,41496.22,41556.43,0,429655
2022-02-06 09:35:00,41556.44,41576.33,41547.12,41558.34,0,429656
2022-02-06 09:40:00,41558.34,41558.35,41481.89,41503.17,0,429657
2022-02-06 09:45:00,41503.18,41503.2,41468.69,41476.62,0,429658
2022-02-06 09:50:00,41476.61,41489.04,41465.31,41481.4,0,429659
2022-02-06 09:55:00,41481.4,41545.65,41462.73,41534.56,0,429660
2022-02-06 10:00:00,41534.57,41551.7,41522.33,41544.02,0,429661
2022-02-06 10:05:00,41544.01,41555.81,41500.44,41509.41,0,429662
2022-02-06 10:10:00,41509.42,41509.42,41462.61,41471.29,0,429663
2022-02-06 10:15:00,41471.29,41504.3,41431.13,41456.89,0,429664
2022-02-06 10:20:00,41456.89,41501.94,41456.86,41494.54,0,429665
2022-02-06 10:25:00,41494.55,41528.41,41469.46,41505.99,0,429666
2022-02-06 10:30:00,41506.0,41547.9,41505.99,41547.9,0,429667
2022-02-06 10:35:00,41547.89,41555.54,41526.77,41541.36,0,429668
2022-02-06 10:40:00,41541.35,41554.57,41538.26,41553.26,0,429669
2022-02-06 10:45:00,41553.25,41556.01,41462.14,41479.99,0,429670
2022-02-06 10:50:00,41480.0,41482.99,41464.23,41468.04,0,429671
2022-02-06 10:55:00,41468.04,41468.05,41437.84,41444.04,0,429672
2022-02-06 11:00:00,41444.03,41498.5,41433.87,41433.87,0,429673
2022-02-06 11:05:00,41433.87,41437.19,41327.66,41332.29,1,429674
2022-02-06 11:10:00,41332.28,41388.88,41330.97,41363.93,2,429675
2022-02-06 11:15:00,41363.93,41431.95,41305.29,41418.74,2,429676
2022-02-06 11:20:00,41418.73,41466.66,41394.87,41415.12,2,429677
2022-02-06 11:25:00,41415.11,41494.98,41383.7,41494.98,2,429678
2022-02-06 11:30:00,41494.98,41499.55,41461.58,41471.21,2,429679
2022-02-06 11:35:00,41471.22,41519.76,41461.58,41512.6,2,429680
2022-02-06 11:40:00,41512.6,41522.14,41489.29,41497.96,2,429681
2022-02-06 11:45:00,41497.97,41522.0,41490.64,41512.11,2,429682
2022-02-06 11:50:00,41512.12,41534.58,41506.73,41515.92,2,429683
2022-02-06 11:55:00,41515.93,41545.41,41508.5,41543.41,2,429684
2022-02-06 12:00:00,41543.41,41550.0,41510.0,41510.01,2,429685
2022-02-06 12:05:00,41510.0,41526.71,41502.46,41513.97,2,429686
2022-02-06 12:10:00,41513.97,41527.76,41490.38,41490.39,2,429687
2022-02-06 12:15:00,41490.39,41549.88,41490.38,41533.48,2,429688
2022-02-06 12:20:00,41533.48,41581.18,41529.6,41553.83,2,429689
2022-02-06 12:25:00,41553.82,41569.81,41526.85,41565.99,2,429690
2022-02-06 12:30:00,41566.0,41584.85,41552.96,41570.52,2,429691
2022-02-06 12:35:00,41570.53,41578.45,41544.43,41549.43,2,429692
2022-02-06 12:40:00,41549.43,41584.98,41536.62,41579.71,2,429693
2022-02-06 12:45:00,41579.23,41579.71,41563.44,41569.24,2,429694
2022-02-06 12:50:00,41569.25,41569.25,41505.73,41542.11,2,429695
2022-02-06 12:55:00,41542.11,41587.44,41525.78,41572.96,2,429696
2022-02-06 13:00:00,41572.97,41580.0,41550.0,41579.99,3,429697
2022-02-06 13:05:00,41580.0,41580.04,41505.0,41555.04,0,429698
2022-02-06 13:10:00,41555.03,41555.04,41473.15,41491.95,0,429699
2022-02-06 13:15:00,41491.95,41506.91,41463.04,41466.67,0,429700
2022-02-06 13:20:00,41466.67,41479.75,41461.58,41461.58,0,429701
2022-02-06 13:25:00,41461.58,41569.11,41461.58,41538.56,0,429702
2022-02-06 13:30:00,41538.56,41550.0,41510.01,41536.25,0,429703
2022-02-06 13:35:00,41536.26,41575.0,41504.17,41504.18,0,429704
2022-02-06 13:40:00,41504.18,41523.39,41470.0,41490.01,0,429705
2022-02-06 13:45:00,41490.01,41490.02,41463.97,41463.97,0,429706
2022-02-06 13:50:00,41463.97,41484.4,41432.77,41442.1,0,429707
2022-02-06 13:55:00,41442.11,41455.78,41401.58,41451.37,0,429708
2022-02-06 14:00:00,41451.37,41460.73,41405.92,41432.51,0,429709
2022-02-06 14:05:00,41432.5,41477.0,41412.42,41448.9,0,429710
2022-02-06 14:10:00,41448.89,41486.81,41432.01,41482.43,0,429711
2022-02-06 14:15:00,41482.43,41482.53,41418.17,41447.13,0,429712
2022-02-06 14:20:00,41447.12,41482.43,41425.87,41425.88,0,429713
2022-02-06 14:25:00,41425.88,41449.99,41411.86,41411.86,0,429714
2022-02-06 14:30:00,41411.87,41478.83,41411.86,41477.11,0,429715
2022-02-06 14:35:00,41477.11,41481.07,41437.66,41480.06,0,429716
2022-02-06 14:40:00,41480.07,41569.29,41475.38,41566.33,0,429717
2022-02-06 14:45:00,41566.33,41707.5,41530.31,41689.5,0,429718
2022-02-06 14:50:00,41689.51,41714.18,41660.01,41664.02,0,429719
2022-02-06 14:55:00,41664.03,41700.0,41598.03,41612.33,0,429720
2022-02-06 15:00:00,41612.32,41655.0,41574.35,41594.32,0,429721
2022-02-06 15:05:00,41595.34,41626.54,41581.57,41617.17,0,429722
2022-02-06 15:10:00,41617.17,41660.63,41582.66,41585.89,0,429723
2022-02-06 15:15:00,41585.88,41588.23,41535.3,41535.31,0,429724
2022-02-06 15:20:00,41535.3,41540.47,41497.06,41528.01,0,429725
2022-02-06 15:25:00,41528.01,41531.57,41511.57,41519.99,0,429726
2022-02-06 15:30:00,41519.99,41520.0,41489.95,41489.96,1,429727
2022-02-06 15:35:00,41489.96,41631.24,41489.95,41626.04,2,429728
2022-02-06 15:40:00,41626.04,41626.53,41579.99,41594.8,2,429729
2022-02-06 15:45:00,41594.81,41599.2,41555.73,41577.49,2,429730
2022-02-06 15:50:00,41577.5,41652.93,41568.13,41605.65,2,429731
2022-02-06 15:55:00,41605.65,41655.77,41605.0,41640.0,2,429732
2022-02-06 16:00:00,41640.0,41650.0,41608.04,41644.72,2,429733
2022-02-06 16:05:00,41644.71,41666.51,41624.7,41626.11,2,429734
2022-02-06 16:10:00,41626.11,41628.25,41596.4,41619.91,2,429735
2022-02-06 16:15:00,41619.91,41672.99,41617.72,41655.99,2,429736
2022-02-06 16:20:00,41655.99,41669.95,41607.4,41607.4,2,429737
2022-02-06 16:25:00,41607.4,41607.42,41579.98,41599.66,2,429738
2022-02-06 16:30:00,41599.65,41633.88,41596.25,41625.79,2,429739
2022-02-06 16:35:00,41625.8,41632.13,41602.23,41628.79,2,429740
2022-02-06 16:40:00,41628.78,41636.76,41582.67,41583.56,2,429741
2022-02-06 16:45:00,41582.67,41634.21,41581.87,41633.28,2,429742
2022-02-06 16:50:00,41633.29,41637.61,41600.0,41602.67,2,429743
2022-02-06 16:55:00,41602.67,41649.0,41600.0,41648.99,2,429744
2022-02-06 17:00:00,41649.0,41687.68,41648.99,41687.04,3,429745
2022-02-06 17:05:00,41687.05,41687.68,41621.14,41622.98,0,429746
2022-02-06 17:10:00,41622.99,41681.5,41611.98,41663.46,0,429747
2022-02-06 17:15:00,41663.46,41670.0,41628.63,41670.0,0,429748
2022-02-06 17:20:00,41669.99,41700.01,41628.41,41628.41,0,429749
2022-02-06 17:25:00,41628.41,41677.0,41620.53,41620.54,0,429750
2022-02-06 17:30:00,41620.54,41627.05,41548.81,41551.01,0,429751
2022-02-06 17:35:00,41551.01,41609.62,41551.0,41574.61,0,429752
2022-02-06 17:40:00,41574.62,41599.2,41571.0,41583.71,0,429753
2022-02-06 17:45:00,41583.72,41583.72,41531.16,41557.26,0,429754
2022-02-06 17:50:00,41557.25,41586.07,41550.96,41559.85,0,429755
2022-02-06 17:55:00,41559.85,41584.41,41559.85,41578.68,0,429756
2022-02-06 18:00:00,41578.68,41627.63,41560.5,41563.01,0,429757
2022-02-06 18:05:00,41563.0,41563.01,41509.54,41509.54,0,429758
2022-02-06 18:10:00,41509.54,41543.68,41508.99,41529.36,0,429759
2022-02-06 18:15:00,41529.36,41549.18,41512.7,41519.63,0,429760
2022-02-06 18:20:00,41519.63,41539.16,41516.65,41536.99,0,429761
2022-02-06 18:25:00,41536.99,41539.19,41534.71,41538.97,0,429762
2022-02-06 18:30:00,41538.97,41540.0,41519.95,41529.2,0,429763
2022-02-06 18:35:00,41529.21,41569.42,41522.65,41559.22,0,429764
2022-02-06 18:40:00,41559.23,41571.87,41501.0,41501.0,0,429765
2022-02-06 18:45:00,41501.0,41501.01,41444.0,41492.63,0,429766
2022-02-06 18:50:00,41492.63,41537.49,41448.72,41527.48,0,429767
2022-02-06 18:55:00,41527.49,41530.2,41494.96,41522.0,0,429768
2022-02-06 19:00:00,41522.0,41561.0,41520.26,41521.74,0,429769
2022-02-06 19:05:00,41521.74,41640.0,41521.74,41624.5,0,429770
2022-02-06 19:10:00,41624.49,41624.5,41592.4,41612.82,0,429771
2022-02-06 19:15:00,41612.82,41645.34,41600.54,41606.62,0,429772
2022-02-06 19:20:00,41606.61,41607.26,41568.87,41584.39,0,429773
2022-02-06 19:25:00,41584.38,41597.04,41573.61,41582.31,0,429774
2022-02-06 19:30:00,41582.31,41622.71,41582.3,41592.53,0,429775
2022-02-06 19:35:00,41592.52,41601.78,41573.99,41600.0,0,429776
2022-02-06 19:40:00,41600.0,41600.0,41575.01,41578.98,0,429777
2022-02-06 19:45:00,41578.99,41578.99,41490.01,41497.97,0,429778
2022-02-06 19:50:00,41497.98,41537.84,41487.82,41537.52,0,429779
2022-02-06 19:55:00,41537.53,41626.18,41517.0,41610.99,0,429780
2022-02-06 20:00:00,41610.99,41673.32,41590.03,41610.52,0,429781
2022-02-06 20:05:00,41610.51,41775.51,41591.09,41766.78,0,429782
2022-02-06 20:10:00,41766.78,41834.99,41479.28,41572.52,0,429783
2022-02-06 20:15:00,41572.52,41615.86,41480.0,41570.02,1,429784
2022-02-06 20:20:00,41570.02,41649.99,41512.73,41632.81,2,429785
2022-02-06 20:25:00,41632.81,41694.39,41612.17,41678.43,2,429786
2022-02-06 20:30:00,41678.43,41764.22,41643.06,41688.97,2,429787
2022-02-06 20:35:00,41688.97,41741.72,41630.0,41693.13,2,429788
2022-02-06 20:40:00,41693.13,41700.0,41653.73,41686.09,2,429789
2022-02-06 20:45:00,41686.08,41703.78,41651.87,41703.77,2,429790
2022-02-06 20:50:00,41703.78,41709.99,41667.25,41686.28,2,429791
2022-02-06 20:55:00,41686.28,41700.39,41660.71,41692.35,2,429792
2022-02-06 21:00:00,41692.35,41745.24,41645.4,41648.01,2,429793
2022-02-06 21:05:00,41648.01,41753.94,41648.01,41713.12,2,429794
2022-02-06 21:10:00,41713.13,41740.21,41659.16,41677.95,2,429795
2022-02-06 21:15:00,41677.96,41744.2,41677.95,41722.55,2,429796
2022-02-06 21:20:00,41722.54,41758.28,41714.77,41751.91,2,429797
2022-02-06 21:25:00,41751.92,41796.33,41750.0,41783.42,2,429798
2022-02-06 21:30:00,41783.42,42168.0,41630.57,41815.95,3,429799
2022-02-06 21:35:00,41815.95,41826.3,41503.41,41673.82,0,429800
2022-02-06 21:40:00,41673.82,41673.83,41375.0,41482.43,0,429801
2022-02-06 21:45:00,41482.44,41593.16,41204.45,41302.86,0,429802
2022-02-06 21:50:00,41302.86,41401.78,41236.81,41349.9,0,429803
2022-02-06 21:55:00,41349.89,41375.65,41211.1,41306.34,0,429804
2022-02-06 22:00:00,41306.34,41307.76,41116.56,41234.19,1,429805
2022-02-06 22:05:00,41234.18,41473.96,41200.0,41350.1,2,429806
2022-02-06 22:10:00,41350.09,41408.27,41275.85,41359.08,2,429807
2022-02-06 22:15:00,41359.08,41459.0,41327.03,41340.5,2,429808
2022-02-06 22:20:00,41340.51,41388.25,41326.82,41354.75,2,429809
2022-02-06 22:25:00,41357.5,41446.62,41340.44,41446.01,2,429810
2022-02-06 22:30:00,41446.02,41523.28,41413.69,41451.58,2,429811
2022-02-06 22:35:00,41451.58,41466.42,41382.13,41396.71,2,429812
2022-02-06 22:40:00,41396.71,41443.76,41346.04,41348.99,2,429813
2022-02-06 22:45:00,41348.99,41600.0,41348.99,41515.67,2,429814
2022-02-06 22:50:00,41515.67,41538.8,41492.4,41504.11,2,429815
2022-02-06 22:55:00,41504.12,41531.17,41489.3,41519.49,2,429816
2022-02-06 23:00:00,41519.48,41618.59,41447.2,41447.21,2,429817
2022-02-06 23:05:00,41447.2,41480.61,41417.23,41480.61,2,429818
2022-02-06 23:10:00,41480.61,41526.98,41451.97,41480.64,2,429819
2022-02-06 23:15:00,41480.65,41567.85,41480.64,41558.81,2,429820
2022-02-06 23:20:00,41558.82,41595.82,41554.48,41560.87,2,429821
2022-02-06 23:25:00,41560.86,41600.11,41556.42,41566.21,2,429822
2022-02-06 23:30:00,41566.22,41665.88,41560.01,41651.94,3,429823
2022-02-06 23:35:00,41651.93,41698.08,41591.0,41608.78,0,429824
2022-02-06 23:40:00,41608.79,41644.0,41490.86,41505.64,1,429825
2022-02-06 23:45:00,41505.65,41600.0,41501.81,41588.98,2,429826
2022-02-06 23:50:00,41588.98,41648.22,41582.89,41627.3,2,429827
2022-02-06 23:55:00,41627.29,41690.39,41620.2,41640.85,2,429828
2022-02-07 00:00:00,41640.84,41674.71,41615.66,41659.24,2,429829
2022-02-07 00:05:00,41659.24,41690.0,41608.09,41680.89,2,429830
2022-02-07 00:10:00,41680.89,41695.27,41604.03,41604.04,2,429831
2022-02-07 00:15:00,41604.03,41694.13,41604.03,41664.55,2,429832
2022-02-07 00:20:00,41664.55,41700.73,41662.85,41700.73,2,429833
2022-02-07 00:25:00,41700.72,41717.66,41645.79,41702.75,3,429834
2022-02-07 00:30:00,41702.74,41714.3,41655.4,41657.61,0,429835
2022-02-07 00:35:00,41657.61,41699.62,41638.02,41696.25,0,429836
2022-02-07 00:40:00,41696.25,41747.4,41546.65,41606.33,0,429837
2022-02-07 00:45:00,41606.34,41653.5,41600.0,41621.02,0,429838
2022-02-07 00:50:00,41621.03,41671.56,41617.05,41664.09,0,429839
2022-02-07 00:55:00,41664.09,41675.3,41601.89,41644.84,0,429840
2022-02-07 01:00:00,41644.84,41674.43,41602.01,41666.17,0,429841
2022-02-07 01:05:00,41666.18,41671.38,41590.36,41633.27,0,429842
2022-02-07 01:10:00,41633.19,41665.0,41604.01,41607.7,0,429843
2022-02-07 01:15:00,41607.7,41647.86,41575.0,41587.1,0,429844
2022-02-07 01:20:00,41587.09,41599.0,41532.78,41541.0,0,429845
2022-02-07 01:25:00,41541.0,41560.0,41495.24,41528.32,0,429846
2022-02-07 01:30:00,41529.39,41529.4,41495.62,41504.83,0,429847
2022-02-07 01:35:00,41504.83,41561.01,41503.36,41531.44,0,429848
2022-02-07 01:40:00,41531.44,41597.79,41525.22,41553.14,0,429849
2022-02-07 01:45:00,41553.14,41580.0,41533.14,41563.61,0,429850
2022-02-07 01:50:00,41563.62,41563.62,41426.6,41463.7,1,429851
2022-02-07 01:55:00,41463.7,41510.0,41436.08,41509.04,2,429852
2022-02-07 02:00:00,41509.04,41541.0,41487.99,41510.77,2,429853
2022-02-07 02:05:00,41510.77,41573.0,41510.77,41539.04,2,429854
2022-02-07 02:10:00,41539.03,41564.1,41525.32,41550.26,2,429855
2022-02-07 02:15:00,41550.26,41600.57,41550.26,41583.99,2,429856
2022-02-07 02:20:00,41584.0,41635.0,41583.99,41632.34,2,429857
2022-02-07 02:25:00,41632.33,41661.98,41580.1,41661.98,2,429858
2022-02-07 02:30:00,41661.98,41702.78,41639.23,41648.25,2,429859
2022-02-07 02:35:00,41648.25,41663.9,41633.0,41656.33,2,429860
2022-02-07 02:40:00,41656.34,41678.09,41603.04,41637.37,2,429861
2022-02-07 02:45:00,41637.37,41660.0,41617.76,41658.99,2,429862
2022-02-07 02:50:00,41656.8,41667.44,41638.69,41654.78,2,429863
2022-02-07 02:55:00,41656.49,41732.0,41653.45,41717.94,2,429864
2022-02-07 03:00:00,41717.93,41731.99,41672.49,41717.92,2,429865
2022-02-07 03:05:00,41717.92,41748.03,41700.18,41731.21,3,429866
2022-02-07 03:10:00,41731.21,41737.53,41681.36,41683.01,0,429867
2022-02-07 03:15:00,41683.02,41706.57,41656.19,41687.0,0,429868
2022-02-07 03:20:00,41687.0,41722.09,41650.0,41696.2,0,429869
2022-02-07 03:25:00,41696.23,41708.4,41672.43,41700.0,0,429870
2022-02-07 03:30:00,41699.99,41736.76,41691.88,41723.22,0,429871
2022-02-07 03:35:00,41723.21,41730.2,41686.42,41696.39,0,429872
2022-02-07 03:40:00,41696.38,41698.61,41637.97,41644.97,0,429873
2022-02-07 03:45:00,41641.21,41668.08,41545.81,41558.17,0,429874
2022-02-07 03:50:00,41558.17,41572.89,41500.23,41532.01,1,429875
2022-02-07 03:55:00,41532.0,41608.76,41532.0,41569.99,2,429876
2022-02-07 04:00:00,41569.99,41616.11,41569.99,41597.78,2,429877
2022-02-07 04:05:00,41597.78,41598.82,41538.13,41591.88,2,429878
2022-02-07 04:10:00,41591.87,41597.79,41535.16,41543.7,2,429879
2022-02-07 04:15:00,41543.7,41600.0,41538.34,41599.19,2,429880
2022-02-07 04:20:00,41599.18,41619.49,41591.59,41608.43,2,429881
2022-02-07 04:25:00,41608.43,41673.02,41605.77,41650.11,2,429882
2022-02-07 04:30:00,41650.1,41708.19,41636.81,41707.4,2,429883
2022-02-07 04:35:00,41707.41,41708.86,41676.31,41685.94,2,429884
2022-02-07 04:40:00,41685.93,41689.4,41647.31,41675.14,2,429885
2022-02-07 04:45:00,41675.15,41678.0,41650.0,41672.72,2,429886
2022-02-07 04:50:00,41672.73,41720.85,41672.1,41705.44,2,429887
2022-02-07 04:55:00,41705.44,41710.01,41646.07,41649.98,2,429888
2022-02-07 05:00:00,41649.98,41703.34,41637.45,41688.02,2,429889
2022-02-07 05:05:00,41688.02,41703.37,41664.39,41701.0,2,429890
2022-02-07 05:10:00,41701.0,41703.99,41665.56,41678.83,2,429891
2022-02-07 05:15:00,41678.83,41678.83,41660.0,41670.95,2,429892
2022-02-07 05:20:00,41670.95,41699.0,41670.94,41673.54,2,429893
2022-02-07 05:25:00,41673.54,41679.96,41626.09,41627.05,2,429894
2022-02-07 05:30:00,41629.11,41656.82,41625.74,41656.82,2,429895
2022-02-07 05:35:00,41656.82,41667.82,41649.31,41663.78,2,429896
2022-02-07 05:40:00,41663.78,41708.21,41663.77,41700.0,2,429897
2022-02-07 05:45:00,41700.0,41782.8,41672.86,41672.86,2,429898
2022-02-07 05:50:00,41672.86,41672.87,41536.86,41632.55,2,429899
2022-02-07 05:55:00,41632.55,41638.65,41558.05,41590.73,2,429900
2022-02-07 06:00:00,41590.74,41700.0,41478.86,41611.24,2,429901
2022-02-07 06:05:00,41611.24,41950.0,41584.36,41925.24,3,429902
2022-02-07 06:10:00,41926.48,42090.86,41663.05,41717.55,0,429903
2022-02-07 06:15:00,41717.54,42199.16,41717.54,42135.52,0,429904
2022-02-07 06:20:00,42135.51,42490.0,42115.62,42405.6,0,429905
2022-02-07 06:25:00,42405.59,42460.0,42120.0,42154.14,0,429906
2022-02-07 06:30:00,42154.14,42331.66,42153.46,42293.08,0,429907
2022-02-07 06:35:00,42293.07,42371.89,42255.0,42305.97,0,429908
2022-02-07 06:40:00,42305.97,42565.55,42301.87,42565.55,0,429909
2022-02-07 06:45:00,42565.55,42656.0,42392.51,42448.49,0,429910
2022-02-07 06:50:00,42448.5,42464.43,42334.3,42417.11,0,429911
2022-02-07 06:55:00,42417.11,42434.65,42280.0,42380.87,0,429912
2022-02-07 07:00:00,42380.87,42500.0,42258.12,42308.71,0,429913
2022-02-07 07:05:00,42308.71,42327.44,42216.94,42240.28,0,429914
2022-02-07 07:10:00,42240.27,42246.0,42021.0,42083.39,0,429915
2022-02-07 07:15:00,42083.37,42166.71,41934.73,41953.71,0,429916
2022-02-07 07:20:00,41953.72,42103.42,41900.0,41951.02,0,429917
2022-02-07 07:25:00,41951.02,41952.78,41645.85,41776.68,0,429918
2022-02-07 07:30:00,41776.69,41857.1,41735.65,41800.72,0,429919
2022-02-07 07:35:00,41800.72,41832.22,41687.16,41722.69,0,429920
2022-02-07 07:40:00,41722.69,41785.11,41711.34,41766.82,0,429921
2022-02-07 07:45:00,41766.83,41780.0,41664.62,41713.42,0,429922
2022-02-07 07:50:00,41713.42,41857.51,41700.0,41857.5,0,429923
2022-02-07 07:55:00,41857.51,41869.38,41809.93,41830.55,0,429924
2022-02-07 08:00:00,41830.54,41853.91,41699.99,41741.22,0,429925
2022-02-07 08:05:00,41741.23,41770.69,41714.14,41719.21,1,429926
2022-02-07 08:10:00,41719.22,41829.97,41700.0,41829.96,2,429927
2022-02-07 08:15:00,41829.96,41868.29,41811.23,41844.85,2,429928
2022-02-07 08:20:00,41844.86,41866.73,41769.51,41840.55,2,429929
2022-02-07 08:25:00,41840.54,41950.56,41800.91,41892.31,2,429930
2022-02-07 08:30:00,41892.32,41999.97,41884.05,41986.83,2,429931
2022-02-07 08:35:00,41986.83,42200.0,41970.96,42199.99,2,429932
2022-02-07 08:40:00,42200.0,42208.98,42070.63,42154.49,2,429933
2022-02-07 08:45:00,42155.85,42266.27,42103.18,42200.01,2,429934
2022-02-07 08:50:00,42200.0,42230.16,42133.72,42180.08,2,429935
2022-02-07 08:55:00,42180.07,42180.08,42036.1,42098.41,2,429936
2022-02-07 09:00:00,42102.42,42200.0,42095.13,42177.56,2,429937
2022-02-07 09:05:00,42177.55,42213.53,42162.14,42199.15,2,429938
2022-02-07 09:10:00,42199.15,42239.79,42152.04,42220.0,2,429939
2022-02-07 09:15:00,42220.01,42264.39,42200.0,42215.0,2,429940
2022-02-07 09:20:00,42215.01,42374.92,42215.0,42374.92,2,429941
2022-02-07 09:25:00,42374.92,42409.24,42309.26,42399.92,2,429942
2022-02-07 09:30:00,42399.81,42467.69,42384.43,42436.15,2,429943
2022-02-07 09:35:00,42436.14,42507.89,42400.99,42500.0,2,429944
2022-02-07 09:40:00,42500.0,42600.2,42434.34,42570.01,3,429945
2022-02-07 09:45:00,42570.01,42695.0,42504.34,42526.57,0,429946
2022-02-07 09:50:00,42526.57,42554.31,42460.0,42474.86,0,429947
2022-02-07 09:55:00,42474.85,42474.86,42327.43,42332.99,1,429948
2022-02-07 10:00:00,42333.0,42433.64,42332.23,42398.26,2,429949
2022-02-07 10:05:00,42398.27,42615.54,42398.26,42568.15,2,429950
2022-02-07 10:10:00,42568.14,42620.0,42475.91,42512.98,2,429951
2022-02-07 10:15:00,42512.99,42585.95,42507.1,42520.01,2,429952
2022-02-07 10:20:00,42520.01,42571.45,42447.76,42571.45,2,429953
2022-02-07 10:25:00,42571.45,42888.0,42542.65,42750.5,2,429954
2022-02-07 10:30:00,42750.5,42758.38,42580.32,42721.23,2,429955
2022-02-07 10:35:00,42721.23,42944.2,42721.23,42806.74,2,429956
2022-02-07 10:40:00,42806.74,42923.39,42737.4,42754.99,2,429957
2022-02-07 10:45:00,42754.99,42802.5,42681.85,42756.8,2,429958
2022-02-07 10:50:00,42756.8,42880.0,42753.76,42849.23,3,429959
2022-02-07 10:55:00,42849.22,42928.16,42812.54,42818.99,0,429960
2022-02-07 11:00:00,42819.0,42878.17,42755.75,42772.3,0,429961
2022-02-07 11:05:00,42772.31,42783.06,42700.0,42700.0,0,429962
2022-02-07 11:10:00,42700.0,42766.47,42700.0,42720.41,0,429963
2022-02-07 11:15:00,42720.41,42832.38,42716.21,42813.93,0,429964
2022-02-07 11:20:00,42813.93,42900.0,42781.7,42864.9,0,429965
2022-02-07 11:25:00,42864.89,42872.49,42788.01,42814.11,0,429966
2022-02-07 11:30:00,42814.1,42851.15,42752.91,42836.49,0,429967
2022-02-07 11:35:00,42836.48,42845.39,42774.77,42820.99,0,429968
2022-02-07 11:40:00,42820.99,42894.59,42802.26,42802.27,0,429969
2022-02-07 11:45:00,42802.26,42826.63,42716.45,42770.16,0,429970
2022-02-07 11:50:00,42770.16,42800.07,42721.47,42771.3,0,429971
2022-02-07 11:55:00,42771.3,42849.9,42760.28,42815.74,0,429972
2022-02-07 12:00:00,42815.73,42836.33,42730.95,42744.56,0,429973
2022-02-07 12:05:00,42744.56,42826.2,42741.58,42810.83,0,429974
2022-02-07 12:10:00,42810.84,42897.85,42776.71,42840.0,0,429975
2022-02-07 12:15:00,42840.01,42881.17,42815.02,42816.72,0,429976
2022-02-07 12:20:00,42816.72,42816.72,42750.0,42766.82,0,429977
2022-02-07 12:25:00,42766.81,43000.0,42760.99,42772.41,0,429978
2022-02-07 12:30:00,42772.42,42836.1,42745.0,42804.94,0,429979
2022-02-07 12:35:00,42804.94,42834.82,42716.88,42749.97,0,429980
2022-02-07 12:40:00,42749.97,42788.2,42715.78,42725.37,0,429981
2022-02-07 12:45:00,42725.37,42775.5,42685.34,42771.54,0,429982
2022-02-07 12:50:00,42771.54,42815.94,42743.15,42768.08,0,429983
2022-02-07 12:55:00,42765.78,42806.14,42765.78,42798.1,0,429984
2022-02-07 13:00:00,42798.09,42823.0,42716.92,42746.86,0,429985
2022-02-07 13:05:00,42746.86,42795.94,42737.46,42782.49,0,429986
2022-02-07 13:10:00,42782.48,42810.0,42748.0,42810.0,0,429987
2022-02-07 13:15:00,42809.99,42820.0,42747.38,42773.35,0,429988
2022-02-07 13:20:00,42773.35,42808.47,42723.24,42723.28,0,429989
2022-02-07 13:25:00,42723.29,42769.93,42717.93,42749.99,0,429990
2022-02-07 13:30:00,42750.0,42773.24,42724.36,42736.01,0,429991
2022-02-07 13:35:00,42736.02,42738.85,42668.92,42691.06,0,429992
2022-02-07 13:40:00,42691.05,42737.0,42653.33,42728.45,0,429993
2022-02-07 13:45:00,42728.46,42750.0,42694.88,42749.99,0,429994
2022-02-07 13:50:00,42750.0,42758.29,42680.09,42697.31,0,429995
2022-02-07 13:55:00,42697.32,42766.85,42697.31,42749.36,0,429996
2022-02-07 14:00:00,42749.35,42767.18,42734.16,42749.28,0,429997
2022-02-07 14:05:00,42749.28,42763.14,42664.93,42691.18,0,429998
2022-02-07 14:10:00,42691.18,42738.72,42681.44,42734.86,0,429999
2022-02-07 14:15:00,42734.85,42739.83,42695.5,42720.8,0,430000
2022-02-07 14:20:00,42720.79,42762.56,42704.97,42749.43,0,430001
2022-02-07 14:25:00,42749.42,42760.32,42721.89,42748.4,0,430002
2022-02-07 14:30:00,42748.39,42757.74,42689.09,42725.09,0,430003
2022-02-07 14:35:00,42725.09,42727.26,42675.12,42696.87,0,430004
2022-02-07 14:40:00,42696.86,42707.87,42660.82,42667.47,0,430005
2022-02-07 14:45:00,42667.47,42697.04,42551.96,42582.63,0,430006
2022-02-07 14:50:00,42582.62,42640.24,42552.44,42640.24,0,430007
2022-02-07 14:55:00,42640.24,42768.33,42640.23,42723.92,0,430008
2022-02-07 15:00:00,42723.91,42763.89,42679.51,42746.32,0,430009
2022-02-07 15:05:00,42750.0,42767.69,42623.76,42632.79,0,430010
2022-02-07 15:10:00,42632.78,42717.73,42625.33,42682.58,0,430011
2022-02-07 15:15:00,42682.57,42694.99,42550.17,42569.99,0,430012
2022-02-07 15:20:00,42569.99,42628.66,42522.08,42594.36,0,430013
2022-02-07 15:25:00,42592.47,42640.0,42557.7,42579.07,0,430014
2022-02-07 15:30:00,42579.07,42610.51,42550.12,42564.08,0,430015
2022-02-07 15:35:00,42564.07,42594.75,42535.61,42538.78,0,430016
2022-02-07 15:40:00,42538.77,42600.0,42535.63,42590.39,0,430017
2022-02-07 15:45:00,42590.39,42620.49,42580.78,42598.92,0,430018
2022-02-07 15:50:00,42598.93,42672.14,42584.6,42659.01,0,430019
2022-02-07 15:55:00,42659.02,42708.39,42586.01,42596.49,0,430020
2022-02-07 16:00:00,42596.49,42635.98,42550.1,42619.33,0,430021
2022-02-07 16:05:00,42619.33,42636.46,42587.29,42590.02,0,430022
2022-02-07 16:10:00,42590.01,42590.02,42521.78,42567.3,0,430023
2022-02-07 16:15:00,42567.29,42600.0,42523.64,42524.91,0,430024
2022-02-07 16:20:00,42524.9,42574.3,42471.11,42491.5,0,430025
2022-02-07 16:25:00,42491.5,42521.41,42466.45,42498.44,0,430026
2022-02-07 16:30:00,42498.45,42504.98,42360.0,42375.4,0,430027
2022-02-07 16:35:00,42375.41,42375.41,42234.09,42311.97,0,430028
2022-02-07 16:40:00,42311.98,42346.93,42250.0,42279.99,1,430029
2022-02-07 16:45:00,42279.99,42399.17,42250.78,42317.43,2,430030
2022-02-07 16:50:00,42317.42,42412.68,42293.29,42390.83,2,430031
2022-02-07 16:55:00,42390.84,42447.61,42373.67,42410.63,2,430032
2022-02-07 17:00:00,42410.62,42479.29,42410.01,42447.19,2,430033
2022-02-07 17:05:00,42447.19,42450.99,42350.71,42399.98,2,430034
2022-02-07 17:10:00,42399.99,42415.5,42350.0,42394.14,2,430035
2022-02-07 17:15:00,42394.14,42487.48,42382.8,42482.02,2,430036
2022-02-07 17:20:00,42482.01,42514.48,42449.43,42460.56,2,430037
2022-02-07 17:25:00,42460.55,42535.22,42431.5,42495.45,2,430038
2022-02-07 17:30:00,42495.45,42597.04,42489.9,42590.8,2,430039
2022-02-07 17:35:00,42590.8,42590.81,42536.68,42552.75,2,430040
2022-02-07 17:40:00,42552.75,42620.0,42551.87,42614.03,2,430041
2022-02-07 17:45:00,42614.03,42640.2,42572.6,42580.84,2,430042
2022-02-07 17:50:00,42580.84,42607.08,42530.85,42540.89,2,430043
2022-02-07 17:55:00,42540.89,42580.58,42536.3,42560.0,2,430044
2022-02-07 18:00:00,42559.99,42625.08,42559.99,42601.29,2,430045
2022-02-07 18:05:00,42601.28,42674.42,42593.08,42660.54,2,430046
2022-02-07 18:10:00,42660.54,42693.95,42643.0,42663.26,2,430047
2022-02-07 18:15:00,42663.26,42696.19,42657.39,42674.26,2,430048
2022-02-07 18:20:00,42674.25,42680.01,42600.0,42680.01,2,430049
2022-02-07 18:25:00,42680.0,42714.35,42670.0,42702.94,2,430050
2022-02-07 18:30:00,42702.93,42721.84,42670.02,42670.51,2,430051
2022-02-07 18:35:00,42670.51,42720.0,42660.01,42702.49,2,430052
2022-02-07 18:40:00,42702.48,42754.56,42680.0,42716.0,2,430053
2022-02-07 18:45:00,42716.0,42716.88,42615.61,42655.73,2,430054
2022-02-07 18:50:00,42655.73,42696.34,42650.0,42654.98,2,430055
2022-02-07 18:55:00,42654.98,42738.5,42653.8,42720.03,3,430056
2022-02-07 19:00:00,42720.03,42790.6,42670.0,42674.78,0,430057
2022-02-07 19:05:00,42674.78,42705.77,42620.0,42620.0,0,430058
2022-02-07 19:10:00,42620.01,42635.1,42580.0,42610.01,0,430059
2022-02-07 19:15:00,42610.01,42650.0,42601.55,42602.07,0,430060
2022-02-07 19:20:00,42602.06,42687.28,42550.0,42687.27,0,430061
2022-02-07 19:25:00,42687.27,42696.27,42515.31,42577.3,1,430062
2022-02-07 19:30:00,42577.3,42600.0,42490.02,42599.99,2,430063
2022-02-07 19:35:00,42600.0,42661.72,42595.34,42636.79,2,430064
2022-02-07 19:40:00,42636.8,42699.0,42635.26,42699.0,2,430065
2022-02-07 19:45:00,42699.0,42765.0,42666.08,42701.0,2,430066
2022-02-07 19:50:00,42701.0,42740.0,42683.98,42686.12,2,430067
2022-02-07 19:55:00,42686.12,42699.9,42635.47,42639.93,2,430068
2022-02-07 20:00:00,42639.92,42725.0,42611.77,42710.07,2,430069
2022-02-07 20:05:00,42710.07,42728.99,42683.61,42693.86,2,430070
2022-02-07 20:10:00,42695.27,42722.65,42679.82,42696.0,2,430071
2022-02-07 20:15:00,42696.0,42871.66,42680.08,42809.85,2,430072
2022-02-07 20:20:00,42809.85,42900.0,42753.55,42753.56,2,430073
2022-02-07 20:25:00,42753.56,42774.92,42691.97,42766.31,2,430074
2022-02-07 20:30:00,42766.31,42817.16,42708.0,42708.0,2,430075
2022-02-07 20:35:00,42708.0,42764.04,42688.79,42729.85,2,430076
2022-02-07 20:40:00,42729.85,42770.26,42716.95,42749.99,2,430077
2022-02-07 20:45:00,42749.99,42810.04,42693.68,42790.15,2,430078
2022-02-07 20:50:00,42790.15,42813.04,42772.46,42775.71,2,430079
2022-02-07 20:55:00,42775.71,42833.32,42771.84,42799.47,2,430080
2022-02-07 21:00:00,42799.47,42874.39,42772.07,42874.39,2,430081
2022-02-07 21:05:00,42874.39,42874.39,42783.0,42866.15,2,430082
2022-02-07 21:10:00,42866.14,42900.0,42819.99,42831.83,2,430083
2022-02-07 21:15:00,42831.82,42835.12,42766.06,42794.3,2,430084
2022-02-07 21:20:00,42794.31,42950.0,42793.88,42882.26,2,430085
2022-02-07 21:25:00,42882.25,42965.36,42856.8,42930.04,2,430086
2022-02-07 21:30:00,42930.03,43199.99,42800.0,42855.78,2,430087
2022-02-07 21:35:00,42855.79,43266.66,42807.97,43171.41,2,430088
2022-02-07 21:40:00,43174.68,43379.28,43073.15,43309.3,2,430089
2022-02-07 21:45:00,43314.03,43344.61,43162.53,43242.58,2,430090
2022-02-07 21:50:00,43242.58,43414.88,43242.58,43370.64,2,430091
2022-02-07 21:55:00,43370.64,43475.08,43304.54,43411.15,2,430092
2022-02-07 22:00:00,43411.16,43476.0,43300.0,43346.64,2,430093
2022-02-07 22:05:00,43349.18,43488.28,43344.0,43423.45,3,430094
2022-02-07 22:10:00,43423.46,43461.9,43249.32,43287.99,0,430095
2022-02-07 22:15:00,43288.0,43333.86,43127.66,43137.09,1,430096
2022-02-07 22:20:00,43138.64,43350.0,43105.0,43333.3,2,430097
2022-02-07 22:25:00,43333.3,43409.98,43294.2,43320.42,2,430098
2022-02-07 22:30:00,43320.41,43584.2,43262.84,43546.84,2,430099
2022-02-07 22:35:00,43546.83,43777.0,43451.63,43655.46,2,430100
2022-02-07 22:40:00,43655.46,43710.0,43522.72,43608.0,2,430101
2022-02-07 22:45:00,43607.33,43706.0,43604.09,43654.05,2,430102
2022-02-07 22:50:00,43654.05,43870.35,43653.2,43690.78,2,430103
2022-02-07 22:55:00,43690.79,43895.02,43672.31,43835.59,3,430104
2022-02-07 23:00:00,43835.59,43940.75,43676.2,43695.87,0,430105
2022-02-07 23:05:00,43695.87,43820.0,43660.82,43660.83,1,430106
2022-02-07 23:10:00,43660.83,43745.65,43636.64,43683.56,2,430107
2022-02-07 23:15:00,43685.87,43819.51,43640.2,43705.54,2,430108
2022-02-07 23:20:00,43705.54,43746.8,43650.0,43675.29,2,430109
2022-02-07 23:25:00,43675.3,43775.51,43670.74,43764.11,2,430110
2022-02-07 23:30:00,43764.1,43916.1,43741.11,43868.49,3,430111
2022-02-07 23:35:00,43868.5,44077.0,43696.76,43723.77,0,430112
2022-02-07 23:40:00,43723.77,43741.2,43484.91,43511.34,0,430113
2022-02-07 23:45:00,43511.34,43655.7,43507.06,43643.05,0,430114
2022-02-07 23:50:00,43643.06,43675.03,43594.01,43657.41,0,430115
2022-02-07 23:55:00,43657.4,43819.75,43645.92,43797.71,0,430116
2022-02-08 00:00:00,43797.7,43813.38,43690.3,43727.05,0,430117
2022-02-08 00:05:00,43727.31,43727.31,43623.46,43631.63,0,430118
2022-02-08 00:10:00,43631.63,43679.55,43614.49,43624.31,1,430119
2022-02-08 00:15:00,43624.32,43747.0,43601.0,43707.68,2,430120
2022-02-08 00:20:00,43707.68,43849.51,43700.05,43846.47,2,430121
2022-02-08 00:25:00,43847.39,43880.43,43744.96,43776.26,2,430122
2022-02-08 00:30:00,43776.25,43939.1,43712.94,43893.47,2,430123
2022-02-08 00:35:00,43893.46,43915.95,43792.54,43829.76,2,430124
2022-02-08 00:40:00,43829.76,43965.48,43826.03,43950.04,2,430125
2022-02-08 00:45:00,43950.05,44061.93,43889.99,44012.45,2,430126
2022-02-08 00:50:00,44012.45,44211.28,44009.64,44123.71,2,430127
2022-02-08 00:55:00,44123.72,44313.19,44123.71,44204.42,2,430128
2022-02-08 01:00:00,44204.41,44400.0,44152.91,44258.59,2,430129
2022-02-08 01:05:00,44258.58,44335.15,44155.83,44325.49,3,430130
2022-02-08 01:10:00,44325.48,44500.5,44219.57,44233.19,0,430131
2022-02-08 01:15:00,44233.18,44303.63,44184.75,44185.91,0,430132
2022-02-08 01:20:00,44185.9,44249.41,44175.04,44180.56,0,430133
2022-02-08 01:25:00,44180.56,44199.59,44025.15,44037.21,0,430134
2022-02-08 01:30:00,44037.2,44153.0,44037.2,44125.4,0,430135
2022-02-08 01:35:00,44125.4,44167.71,44039.18,44135.4,0,430136
2022-02-08 01:40:00,44135.4,44140.79,43890.0,43894.42,0,430137
2022-02-08 01:45:00,43894.41,43955.18,43788.18,43810.2,1,430138
2022-02-08 01:50:00,43810.19,43990.0,43708.0,43979.5,2,430139
2022-02-08 01:55:00,43979.49,44100.0,43965.05,44065.25,2,430140
2022-02-08 02:00:00,44065.25,44073.24,43972.08,44004.88,2,430141
2022-02-08 02:05:00,44004.89,44181.57,43954.32,44117.28,2,430142
2022-02-08 02:10:00,44117.28,44237.21,44117.28,44203.89,2,430143
2022-02-08 02:15:00,44203.89,44325.74,44128.6,44263.46,2,430144
2022-02-08 02:20:00,44263.47,44390.0,44245.96,44342.25,2,430145
2022-02-08 02:25:00,44342.25,44443.7,44342.24,44413.91,3,430146
2022-02-08 02:30:00,44417.04,44432.99,44255.95,44287.43,0,430147
2022-02-08 02:35:00,44287.43,44299.47,44215.46,44250.09,0,430148
2022-02-08 02:40:00,44250.09,44495.02,44237.82,44422.32,0,430149
2022-02-08 02:45:00,44422.33,44422.33,44336.5,44362.56,0,430150
2022-02-08 02:50:00,44362.56,44383.03,44320.01,44347.53,0,430151
2022-02-08 02:55:00,44347.53,44383.9,44246.46,44252.8,0,430152
2022-02-08 03:00:00,44252.31,44384.95,44236.33,44364.88,0,430153
2022-02-08 03:05:00,44364.89,44438.93,44307.12,44326.66,0,430154
2022-02-08 03:10:00,44326.66,44430.0,44288.44,44395.65,0,430155
2022-02-08 03:15:00,44387.27,44395.65,44221.65,44222.89,0,430156
2022-02-08 03:20:00,44222.89,44271.74,44161.22,44228.2,0,430157
2022-02-08 03:25:00,44228.2,44272.0,44093.93,44164.46,0,430158
2022-02-08 03:30:00,44164.46,44226.88,44107.27,44148.43,0,430159
2022-02-08 03:35:00,44148.44,44194.53,44010.03,44020.92,0,430160
2022-02-08 03:40:00,44020.92,44122.45,43980.82,44100.0,0,430161
2022-02-08 03:45:00,44100.01,44100.01,43907.38,43966.11,0,430162
2022-02-08 03:50:00,43966.11,44073.68,43792.77,43841.73,0,430163
2022-02-08 03:55:00,43841.73,44160.04,43839.51,44131.88,0,430164
2022-02-08 04:00:00,44131.88,44180.0,43951.8,44070.89,0,430165
2022-02-08 04:05:00,44070.88,44248.71,44059.96,44156.38,0,430166
2022-02-08 04:10:00,44156.39,44238.04,44134.91,44158.4,0,430167
2022-02-08 04:15:00,44158.4,44175.0,44043.11,44054.15,0,430168
2022-02-08 04:20:00,44054.14,44068.42,43769.64,43910.96,0,430169
2022-02-08 04:25:00,43910.96,43967.18,43836.75,43858.67,1,430170
2022-02-08 04:30:00,43854.52,43963.53,43854.52,43939.12,2,430171
2022-02-08 04:35:00,43939.96,44045.82,43887.64,43988.41,2,430172
2022-02-08 04:40:00,43988.41,44035.84,43957.06,43962.9,2,430173
2022-02-08 04:45:00,43962.89,43962.9,43850.0,43961.99,2,430174
2022-02-08 04:50:00,43961.99,44040.18,43961.99,44015.15,2,430175
2022-02-08 04:55:00,44015.15,44086.81,44011.44,44085.24,2,430176
2022-02-08 05:00:00,44085.23,44112.94,44053.68,44066.77,2,430177
2022-02-08 05:05:00,44066.77,44068.76,43969.83,44027.04,2,430178
2022-02-08 05:10:00,44027.04,44067.25,43966.52,44046.55,2,430179
2022-02-08 05:15:00,44045.27,44062.09,44000.01,44012.19,2,430180
2022-02-08 05:20:00,44012.2,44138.6,44007.12,44103.23,2,430181
2022-02-08 05:25:00,44103.23,44180.29,44096.72,44143.29,2,430182
2022-02-08 05:30:00,44142.2,44176.21,44141.17,44150.01,3,430183
2022-02-08 05:35:00,44150.0,44150.01,44046.7,44048.18,0,430184
2022-02-08 05:40:00,44049.49,44147.97,44040.05,44143.5,0,430185
2022-02-08 05:45:00,44143.49,44144.51,44100.0,44121.72,0,430186
2022-02-08 05:50:00,44121.71,44162.15,44103.58,44142.82,0,430187
2022-02-08 05:55:00,44142.81,44147.87,44043.69,44068.99,0,430188
2022-02-08 06:00:00,44069.99,44156.23,44012.58,44133.07,0,430189
2022-02-08 06:05:00,44133.07,44190.58,44044.89,44053.22,0,430190
2022-02-08 06:10:00,44053.22,44054.55,43908.14,43923.93,0,430191
2022-02-08 06:15:00,43923.93,43991.42,43921.84,43928.9,0,430192
2022-02-08 06:20:00,43928.9,43936.67,43843.73,43847.59,0,430193
2022-02-08 06:25:00,43847.59,43875.71,43794.34,43831.04,0,430194
2022-02-08 06:30:00,43831.04,43870.0,43742.9,43795.11,0,430195
2022-02-08 06:35:00,43795.11,43856.75,43791.24,43803.02,0,430196
2022-02-08 06:40:00,43803.02,43863.39,43803.01,43860.74,0,430197
2022-02-08 06:45:00,43860.74,43933.61,43860.74,43866.41,0,430198
2022-02-08 06:50:00,43867.54,43924.6,43865.38,43888.17,0,430199
2022-02-08 06:55:00,43888.18,43896.84,43779.0,43839.99,0,430200
2022-02-08 07:00:00,43839.99,43946.68,43839.99,43848.4,0,430201
2022-02-08 07:05:00,43848.4,43885.85,43764.95,43803.22,0,430202
2022-02-08 07:10:00,43803.22,43803.22,43665.44,43680.8,1,430203
2022-02-08 07:15:00,43680.81,43716.42,43555.72,43711.32,2,430204
2022-02-08 07:20:00,43711.33,43774.44,43668.45,43692.98,2,430205
2022-02-08 07:25:00,43692.97,43839.85,43683.29,43787.79,2,430206
2022-02-08 07:30:00,43787.8,43889.0,43778.65,43822.82,2,430207
2022-02-08 07:35:00,43822.82,43842.03,43725.47,43767.46,2,430208
2022-02-08 07:40:00,43772.43,43879.82,43765.85,43861.56,2,430209
2022-02-08 07:45:00,43861.56,43992.53,43860.7,43890.25,2,430210
2022-02-08 07:50:00,43890.25,43918.49,43842.36,43855.5,2,430211
2022-02-08 07:55:00,43855.49,43876.34,43796.48,43850.0,2,430212
2022-02-08 08:00:00,43849.99,43940.0,43798.8,43927.9,2,430213
2022-02-08 08:05:00,43929.11,43954.36,43900.0,43910.01,2,430214
2022-02-08 08:10:00,43910.0,43983.81,43886.13,43938.01,2,430215
2022-02-08 08:15:00,43938.01,43985.05,43938.0,43980.19,2,430216
2022-02-08 08:20:00,43979.99,43980.0,43901.01,43943.54,2,430217
2022-02-08 08:25:00,43943.54,43980.86,43900.49,43970.0,2,430218
2022-02-08 08:30:00,43969.99,43979.01,43933.58,43948.5,2,430219
2022-02-08 08:35:00,43948.5,43972.85,43921.03,43965.52,2,430220
2022-02-08 08:40:00,43965.51,44037.69,43955.61,44000.0,2,430221
2022-02-08 08:45:00,44000.0,44077.77,43975.45,44071.01,3,430222
2022-02-08 08:50:00,44073.06,44073.37,44008.74,44063.85,0,430223
2022-02-08 08:55:00,44063.84,44063.85,44006.12,44042.35,0,430224
2022-02-08 09:00:00,44042.34,44102.5,44017.48,44045.3,0,430225
2022-02-08 09:05:00,44045.3,44063.8,44001.61,44020.32,0,430226
2022-02-08 09:10:00,44020.32,44036.59,43986.94,44000.9,0,430227
2022-02-08 09:15:00,44000.91,44035.66,43951.84,43978.08,0,430228
2022-02-08 09:20:00,43978.09,44056.34,43960.36,44010.5,0,430229
2022-02-08 09:25:00,44010.82,44101.94,44000.99,44010.82,0,430230
2022-02-08 09:30:00,44010.81,44035.82,44004.46,44017.22,0,430231
2022-02-08 09:35:00,44017.22,44054.97,44010.0,44035.42,0,430232
2022-02-08 09:40:00,44035.41,44054.0,43989.49,44029.97,0,430233
2022-02-08 09:45:00,44029.97,44067.79,43915.25,43922.8,0,430234
2022-02-08 09:50:00,43922.8,43991.89,43888.55,43967.67,0,430235
2022-02-08 09:55:00,43967.66,43992.38,43927.87,43954.99,0,430236
2022-02-08 10:00:00,43955.01,43961.22,43850.0,43951.26,0,430237
2022-02-08 10:05:00,43951.25,44015.92,43938.24,43943.3,0,430238
2022-02-08 10:10:00,43943.3,43950.36,43835.41,43878.32,1,430239
2022-02-08 10:15:00,43878.32,43907.27,43863.79,43886.46,2,430240
2022-02-08 10:20:00,43886.46,43938.19,43879.99,43888.99,2,430241
2022-02-08 10:25:00,43888.99,43966.8,43869.42,43964.54,2,430242
2022-02-08 10:30:00,43964.53,43996.64,43930.0,43989.83,2,430243
2022-02-08 10:35:00,43989.82,44087.78,43981.94,44080.63,2,430244
2022-02-08 10:40:00,44080.63,44150.0,44042.68,44101.38,2,430245
2022-02-08 10:45:00,44101.38,44159.99,44048.96,44118.98,2,430246
2022-02-08 10:50:00,44118.98,44152.72,44106.54,44149.99,2,430247
2022-02-08 10:55:00,44150.0,44185.0,44134.84,44178.57,2,430248
2022-02-08 11:00:00,44178.57,44199.84,44115.24,44152.97,2,430249
2022-02-08 11:05:00,44152.98,44152.98,44090.27,44114.12,2,430250
2022-02-08 11:10:00,44114.12,44152.0,44106.79,44139.82,2,430251
2022-02-08 11:15:00,44139.81,44178.31,44090.92,44091.06,2,430252
2022-02-08 11:20:00,44091.06,44117.34,44073.73,44110.4,2,430253
2022-02-08 11:25:00,44110.39,44126.58,44100.28,44109.47,2,430254
2022-02-08 11:30:00,44109.48,44143.97,44096.53,44119.99,2,430255
2022-02-08 11:35:00,44120.0,44247.01,44118.84,44233.85,2,430256
2022-02-08 11:40:00,44233.84,44243.66,44186.22,44224.53,2,430257
2022-02-08 11:45:00,44224.53,44295.79,44197.87,44286.9,2,430258
2022-02-08 11:50:00,44286.9,44299.05,44258.99,44277.72,2,430259
2022-02-08 11:55:00,44277.72,44363.34,44265.59,44362.01,2,430260
2022-02-08 12:00:00,44362.02,44381.0,44277.92,44307.46,2,430261
2022-02-08 12:05:00,44307.46,44380.78,44288.92,44370.89,2,430262
2022-02-08 12:10:00,44370.9,44399.06,44340.89,44341.24,2,430263
2022-02-08 12:15:00,44341.81,44350.96,44261.12,44267.64,2,430264
2022-02-08 12:20:00,44267.65,44289.82,44234.54,44276.0,2,430265
2022-02-08 12:25:00,44276.0,44344.8,44245.55,44311.99,2,430266
2022-02-08 12:30:00,44311.99,44378.74,44274.33,44375.77,2,430267
2022-02-08 12:35:00,44377.6,44407.91,44363.48,44377.9,2,430268
2022-02-08 12:40:00,44377.9,44444.3,44369.62,44443.98,2,430269
2022-02-08 12:45:00,44443.98,44800.0,44433.79,44761.35,2,430270
2022-02-08 12:50:00,44761.35,45000.0,44757.93,44945.7,2,430271
2022-02-08 12:55:00,44945.71,44959.05,44863.73,44883.08,2,430272
2022-02-08 13:00:00,44883.08,44896.8,44783.14,44853.8,2,430273
2022-02-08 13:05:00,44853.81,45000.86,44822.13,45000.86,2,430274
2022-02-08 13:10:00,45000.85,45370.0,44998.49,45199.47,2,430275
2022-02-08 13:15:00,45195.78,45492.0,45195.78,45277.77,3,430276
2022-02-08 13:20:00,45277.77,45282.61,45125.73,45193.35,0,430277
2022-02-08 13:25:00,45193.35,45215.36,45025.79,45125.87,0,430278
2022-02-08 13:30:00,45125.86,45134.92,44237.74,44805.39,0,430279
2022-02-08 13:35:00,44805.39,44839.88,44675.56,44785.77,0,430280
2022-02-08 13:40:00,44785.77,44788.58,44575.13,44685.55,0,430281
2022-02-08 13:45:00,44685.55,44685.56,44532.03,44664.17,1,430282
2022-02-08 13:50:00,44664.18,44789.99,44664.17,44766.61,2,430283
2022-02-08 13:55:00,44766.61,44836.18,44720.79,44791.58,2,430284
2022-02-08 14:00:00,44791.58,44818.64,44662.06,44695.0,2,430285
2022-02-08 14:05:00,44695.0,44695.0,44604.48,44671.76,2,430286
2022-02-08 14:10:00,44671.77,44763.66,44670.23,44762.52,2,430287
2022-02-08 14:15:00,44762.51,44811.35,44687.95,44803.08,2,430288
2022-02-08 14:20:00,44803.08,44870.0,44725.11,44735.02,2,430289
2022-02-08 14:25:00,44735.02,44820.0,44735.01,44807.09,2,430290
2022-02-08 14:30:00,44807.1,44858.02,44750.0,44834.87,2,430291
2022-02-08 14:35:00,44834.87,44926.79,44834.87,44921.69,3,430292
2022-02-08 14:40:00,44921.7,44927.83,44825.77,44859.52,0,430293
2022-02-08 14:45:00,44859.52,44861.74,44785.63,44848.94,0,430294
2022-02-08 14:50:00,44848.95,44905.02,44800.02,44900.0,0,430295
2022-02-08 14:55:00,44900.0,44900.01,44850.0,44855.0,0,430296
2022-02-08 15:00:00,44855.0,44919.77,44712.91,44745.01,0,430297
2022-02-08 15:05:00,44745.01,44745.61,44410.06,44495.24,0,430298
2022-02-08 15:10:00,44495.24,44567.1,44152.15,44328.57,0,430299
2022-02-08 15:15:00,44328.57,44328.68,43966.44,44147.91,0,430300
2022-02-08 15:20:00,44147.91,44273.94,44094.82,44242.44,0,430301
2022-02-08 15:25:00,44242.44,44274.74,44128.56,44193.92,0,430302
2022-02-08 15:30:00,44193.93,44248.98,44018.16,44048.01,0,430303
2022-02-08 15:35:00,44048.0,44275.46,44008.74,44130.98,0,430304
2022-02-08 15:40:00,44130.98,44199.83,44033.73,44111.71,0,430305
2022-02-08 15:45:00,44111.7,44237.77,44081.12,44236.7,0,430306
2022-02-08 15:50:00,44236.7,44236.71,43750.0,43946.76,0,430307
2022-02-08 15:55:00,43946.76,44112.0,43929.37,44004.51,0,430308
2022-02-08 16:00:00,44004.51,44141.48,43983.66,44120.65,0,430309
2022-02-08 16:05:00,44120.66,44125.54,43849.93,43861.67,0,430310
2022-02-08 16:10:00,43861.67,43867.42,43556.0,43582.44,1,430311
2022-02-08 16:15:00,43582.44,43760.13,43520.96,43759.99,2,430312
2022-02-08 16:20:00,43759.99,43863.86,43730.5,43803.03,2,430313
2022-02-08 16:25:00,43803.03,43913.27,43775.51,43860.85,2,430314
2022-02-08 16:30:00,43860.84,44113.34,43814.68,43970.77,2,430315
2022-02-08 16:35:00,43972.2,44092.97,43899.01,44022.41,2,430316
2022-02-08 16:40:00,44022.41,44226.7,44003.13,44143.81,3,430317
2022-02-08 16:45:00,44146.61,44257.55,43978.85,44018.0,0,430318
2022-02-08 16:50:00,44017.99,44093.79,43849.02,43891.1,0,430319
2022-02-08 16:55:00,43891.1,43892.99,43768.29,43859.02,0,430320
2022-02-08 17:00:00,43859.01,43938.45,43772.31,43808.78,0,430321
2022-02-08 17:05:00,43808.79,43835.16,43689.0,43711.75,0,430322
2022-02-08 17:10:00,43711.75,43785.42,43590.0,43651.01,1,430323
2022-02-08 17:15:00,43651.01,43728.36,43569.76,43658.64,2,430324
2022-02-08 17:20:00,43658.63,43798.5,43650.6,43700.0,2,430325
2022-02-08 17:25:00,43700.0,43845.66,43696.13,43837.67,2,430326
2022-02-08 17:30:00,43837.67,43837.68,43750.55,43787.5,2,430327
2022-02-08 17:35:00,43791.54,43800.0,43711.88,43794.99,2,430328
2022-02-08 17:40:00,43794.99,43844.47,43717.0,43724.77,2,430329
2022-02-08 17:45:00,43724.77,43854.38,43721.94,43831.27,2,430330
2022-02-08 17:50:00,43831.27,43888.0,43794.3,43873.21,2,430331
2022-02-08 17:55:00,43873.21,43933.21,43829.51,43857.0,2,430332
2022-02-08 18:00:00,43857.0,44066.02,43850.0,43978.91,3,430333
2022-02-08 18:05:00,43979.45,44031.86,43845.17,43867.49,0,430334
2022-02-08 18:10:00,43867.49,43889.48,43800.01,43800.44,0,430335
2022-02-08 18:15:00,43800.44,43897.31,43794.4,43881.02,0,430336
2022-02-08 18:20:00,43881.02,43932.23,43775.51,43776.58,1,430337
2022-02-08 18:25:00,43775.51,43813.64,43711.1,43779.99,2,430338
2022-02-08 18:30:00,43779.99,43901.78,43779.99,43893.07,2,430339
2022-02-08 18:35:00,43893.07,43895.53,43745.88,43782.31,2,430340
2022-02-08 18:40:00,43782.13,43861.77,43775.32,43822.16,2,430341
2022-02-08 18:45:00,43824.58,43894.35,43728.86,43880.52,2,430342
2022-02-08 18:50:00,43880.51,43911.46,43856.9,43890.97,2,430343
2022-02-08 18:55:00,43890.03,44002.56,43867.77,43988.3,3,430344
2022-02-08 19:00:00,43988.3,43988.31,43763.03,43781.02,0,430345
2022-02-08 19:05:00,43781.01,43848.9,43723.73,43733.44,0,430346
2022-02-08 19:10:00,43733.44,43794.05,43720.0,43776.26,0,430347
2022-02-08 19:15:00,43776.27,43777.84,43615.38,43638.06,0,430348
2022-02-08 19:20:00,43638.06,43643.43,43321.0,43420.41,0,430349
2022-02-08 19:25:00,43420.41,43434.9,43213.99,43284.95,0,430350
2022-02-08 19:30:00,43284.95,43379.98,43105.3,43232.91,1,430351
2022-02-08 19:35:00,43230.99,43350.0,43131.28,43330.01,2,430352
2022-02-08 19:40:00,43330.01,43394.9,43296.11,43323.04,2,430353
2022-02-08 19:45:00,43323.25,43364.69,43151.11,43260.24,2,430354
2022-02-08 19:50:00,43260.23,43450.0,43259.4,43342.47,2,430355
2022-02-08 19:55:00,43342.48,43469.7,43333.3,43458.92,2,430356
2022-02-08 20:00:00,43458.92,43524.86,43352.0,43507.7,3,430357
2022-02-08 20:05:00,43507.7,43545.5,43369.2,43381.55,0,430358
2022-02-08 20:10:00,43381.55,43425.53,43289.76,43329.99,0,430359
2022-02-08 20:15:00,43329.99,43359.68,43258.95,43273.32,1,430360
2022-02-08 20:20:00,43273.31,43435.92,43193.02,43420.16,2,430361
2022-02-08 20:25:00,43420.16,43463.19,43361.68,43456.34,2,430362
2022-02-08 20:30:00,43456.34,43498.74,43376.72,43423.57,2,430363
2022-02-08 20:35:00,43423.58,43550.0,43420.48,43525.56,2,430364
2022-02-08 20:40:00,43525.57,43573.83,43456.01,43458.31,2,430365
2022-02-08 20:45:00,43458.3,43533.95,43424.96,43513.42,2,430366
2022-02-08 20:50:00,43513.42,43546.0,43477.24,43490.0,2,430367
2022-02-08 20:55:00,43490.0,43632.37,43471.55,43624.95,2,430368
2022-02-08 21:00:00,43624.95,43660.0,43571.01,43608.03,2,430369
2022-02-08 21:05:00,43608.02,43608.03,43562.57,43574.99,2,430370
2022-02-08 21:10:00,43574.99,43604.61,43568.76,43577.36,2,430371
2022-02-08 21:15:00,43577.36,43643.35,43577.15,43624.65,2,430372
2022-02-08 21:20:00,43624.65,43685.9,43620.0,43682.81,3,430373
2022-02-08 21:25:00,43682.8,43688.79,43595.0,43597.45,0,430374
2022-02-08 21:30:00,43597.45,43779.99,43525.6,43530.3,0,430375
2022-02-08 21:35:00,43530.31,43856.28,43530.3,43810.57,0,430376
2022-02-08 21:40:00,43810.57,43831.81,43703.76,43747.96,0,430377
2022-02-08 21:45:00,43747.95,43845.0,43744.27,43745.0,0,430378
2022-02-08 21:50:00,43745.01,43775.69,43623.73,43718.14,0,430379
2022-02-08 21:55:00,43718.14,43733.68,43551.59,43579.31,0,430380
2022-02-08 22:00:00,43580.08,43585.85,43245.0,43287.72,0,430381
2022-02-08 22:05:00,43287.72,43381.96,42953.69,43208.48,0,430382
2022-02-08 22:10:00,43208.49,43271.54,42992.6,43050.16,1,430383
2022-02-08 22:15:00,43050.15,43263.41,42854.81,43217.78,2,430384
2022-02-08 22:20:00,43217.78,43291.12,43142.81,43224.96,2,430385
2022-02-08 22:25:00,43224.95,43292.52,43135.77,43182.99,2,430386
2022-02-08 22:30:00,43182.99,43253.21,43103.44,43137.76,2,430387
2022-02-08 22:35:00,43137.76,43227.09,43036.95,43202.82,2,430388
2022-02-08 22:40:00,43202.83,43268.21,43111.11,43254.92,2,430389
2022-02-08 22:45:00,43254.92,43471.17,43254.91,43359.8,2,430390
2022-02-08 22:50:00,43359.54,43480.0,43329.09,43440.05,2,430391
2022-02-08 22:55:00,43440.04,43480.36,43393.12,43429.31,2,430392
2022-02-08 23:00:00,43429.32,43560.94,43340.0,43361.76,2,430393
2022-02-08 23:05:00,43361.76,43423.5,43265.07,43396.46,2,430394
2022-02-08 23:10:00,43396.46,43484.26,43335.82,43484.26,2,430395
2022-02-08 23:15:00,43484.26,43603.38,43440.01,43596.45,2,430396
2022-02-08 23:20:00,43596.45,43600.0,43464.79,43599.89,2,430397
2022-02-08 23:25:00,43599.89,43600.0,43540.01,43590.78,2,430398
2022-02-08 23:30:00,43590.78,43685.2,43571.64,43608.57,3,430399
2022-02-08 23:35:00,43608.57,43618.02,43540.01,43571.29,0,430400
2022-02-08 23:40:00,43571.29,43591.65,43448.68,43489.41,0,430401
2022-02-08 23:45:00,43489.4,43556.04,43142.7,43226.54,0,430402
2022-02-08 23:50:00,43226.54,43252.41,43045.53,43052.4,0,430403
2022-02-08 23:55:00,43052.4,43076.04,42910.0,43017.01,0,430404
2022-02-09 00:00:00,43017.0,43204.03,42960.0,42967.56,0,430405
2022-02-09 00:05:00,42967.56,42970.51,42869.43,42919.98,0,430406
2022-02-09 00:10:00,42919.98,43065.01,42917.2,42986.44,0,430407
2022-02-09 00:15:00,42986.43,43155.15,42957.04,43106.25,0,430408
2022-02-09 00:20:00,43106.86,43122.46,43028.22,43066.47,0,430409
2022-02-09 00:25:00,43066.47,43098.0,42801.0,42868.95,0,430410
2022-02-09 00:30:00,42868.95,42995.36,42686.1,42756.04,1,430411
2022-02-09 00:35:00,42756.04,42977.56,42666.0,42874.35,2,430412
2022-02-09 00:40:00,42874.35,43002.48,42839.56,42879.05,2,430413
2022-02-09 00:45:00,42879.06,42978.54,42833.34,42900.0,2,430414
2022-02-09 00:50:00,42900.0,43071.0,42899.99,42972.07,2,430415
2022-02-09 00:55:00,42972.09,43031.14,42918.46,42953.86,2,430416
2022-02-09 01:00:00,42953.87,42995.8,42914.16,42995.79,2,430417
2022-02-09 01:05:00,42995.8,43042.22,42958.42,43025.45,2,430418
2022-02-09 01:10:00,43025.45,43140.08,43005.09,43128.66,2,430419
2022-02-09 01:15:00,43128.67,43159.77,43050.0,43135.25,2,430420
2022-02-09 01:20:00,43135.24,43194.53,43084.46,43097.96,2,430421
2022-02-09 01:25:00,43097.96,43181.88,43063.88,43148.01,2,430422
2022-02-09 01:30:00,43148.02,43250.01,43148.01,43195.74,3,430423
2022-02-09 01:35:00,43195.75,43259.8,43090.67,43114.98,0,430424
2022-02-09 01:40:00,43114.98,43148.6,43070.0,43074.11,0,430425
2022-02-09 01:45:00,43074.11,43123.4,43047.01,43111.1,0,430426
2022-02-09 01:50:00,43111.1,43113.26,42850.01,42893.92,1,430427
2022-02-09 01:55:00,42893.92,43013.13,42893.92,42978.55,2,430428
2022-02-09 02:00:00,42978.56,43021.12,42882.33,43019.99,2,430429
2022-02-09 02:05:00,43021.12,43103.44,42983.44,43021.83,2,430430
2022-02-09 02:10:00,43021.84,43057.11,42999.61,43029.64,2,430431
2022-02-09 02:15:00,43029.64,43128.02,42988.45,43122.63,3,430432
2022-02-09 02:20:00,43122.62,43130.0,42852.23,42880.34,0,430433
2022-02-09 02:25:00,42880.35,42899.75,42700.0,42726.58,1,430434
2022-02-09 02:30:00,42726.57,42980.89,42700.0,42963.79,2,430435
2022-02-09 02:35:00,42963.78,43075.29,42862.57,42878.6,2,430436
2022-02-09 02:40:00,42878.6,42896.81,42816.26,42896.81,2,430437
2022-02-09 02:45:00,42896.8,42942.45,42786.96,42889.6,2,430438
2022-02-09 02:50:00,42889.6,43037.97,42864.43,43008.72,2,430439
2022-02-09 02:55:00,43008.72,43055.5,42980.0,42998.65,2,430440
2022-02-09 03:00:00,43000.53,43111.0,42938.36,43055.01,2,430441
2022-02-09 03:05:00,43055.0,43185.31,43028.29,43170.12,2,430442
2022-02-09 03:10:00,43170.11,43299.99,43153.78,43288.73,2,430443
2022-02-09 03:15:00,43288.74,43362.03,43245.04,43277.93,2,430444
2022-02-09 03:20:00,43277.92,43361.0,43262.99,43320.51,2,430445
2022-02-09 03:25:00,43320.51,43633.95,43262.03,43625.42,2,430446
2022-02-09 03:30:00,43625.42,44016.3,43566.36,43892.72,2,430447
2022-02-09 03:35:00,43892.72,44100.0,43874.04,44027.24,2,430448
2022-02-09 03:40:00,44027.24,44120.0,44000.6,44050.87,2,430449
2022-02-09 03:45:00,44050.87,44349.99,43913.45,44300.4,3,430450
2022-02-09 03:50:00,44300.41,44314.05,44137.09,44251.22,0,430451
2022-02-09 03:55:00,44251.22,44271.95,44113.25,44271.95,0,430452
2022-02-09 04:00:00,44271.95,44393.36,44188.0,44238.17,0,430453
2022-02-09 04:05:00,44238.17,44257.6,44077.26,44095.07,0,430454
2022-02-09 04:10:00,44095.07,44124.1,43849.9,43935.67,1,430455
2022-02-09 04:15:00,43935.67,44096.31,43930.27,44096.31,2,430456
2022-02-09 04:20:00,44094.02,44175.39,44070.0,44161.08,2,430457
2022-02-09 04:25:00,44161.08,44163.19,43973.4,44091.65,2,430458
2022-02-09 04:30:00,44091.64,44350.31,44025.55,44291.48,2,430459
2022-02-09 04:35:00,44291.47,44298.31,44142.8,44250.0,2,430460
2022-02-09 04:40:00,44250.01,44350.0,44190.91,44326.98,3,430461
2022-02-09 04:45:00,44326.97,44334.96,44165.64,44194.39,0,430462
2022-02-09 04:50:00,44194.39,44234.7,44156.0,44218.42,0,430463
2022-02-09 04:55:00,44218.41,44264.58,44180.0,44180.36,0,430464
2022-02-09 05:00:00,44180.0,44274.69,44125.05,44147.34,0,430465
2022-02-09 05:05:00,44147.34,44229.73,44147.33,44207.33,0,430466
2022-02-09 05:10:00,44205.33,44239.0,44069.52,44078.74,0,430467
2022-02-09 05:15:00,44076.55,44111.75,44001.51,44049.11,0,430468
2022-02-09 05:20:00,44050.31,44113.99,44048.32,44090.19,0,430469
2022-02-09 05:25:00,44086.16,44093.63,44010.29,44052.83,0,430470
2022-02-09 05:30:00,44052.83,44052.97,43872.92,43881.9,1,430471
2022-02-09 05:35:00,43879.72,44112.23,43865.22,44039.78,2,430472
2022-02-09 05:40:00,44039.78,44064.82,43985.84,44004.49,2,430473
2022-02-09 05:45:00,44004.49,44082.21,43979.0,44034.02,2,430474
2022-02-09 05:50:00,44034.03,44117.78,43966.4,44044.96,2,430475
2022-02-09 05:55:00,44044.97,44108.75,44011.55,44062.89,2,430476
2022-02-09 06:00:00,44062.89,44154.56,44013.56,44026.75,2,430477
2022-02-09 06:05:00,44026.75,44104.66,44020.12,44092.54,2,430478
2022-02-09 06:10:00,44092.54,44102.0,44047.42,44082.19,2,430479
2022-02-09 06:15:00,44082.2,44169.47,44078.22,44163.99,2,430480
2022-02-09 06:20:00,44163.99,44180.74,44109.0,44158.13,2,430481
2022-02-09 06:25:00,44160.0,44281.2,44144.73,44270.37,3,430482
2022-02-09 06:30:00,44270.38,44299.98,44140.0,44169.03,0,430483
2022-02-09 06:35:00,44169.03,44205.58,44134.05,44150.71,0,430484
2022-02-09 06:40:00,44150.7,44189.66,44118.56,44181.91,0,430485
2022-02-09 06:45:00,44181.91,44181.92,44083.19,44089.04,0,430486
2022-02-09 06:50:00,44089.04,44106.8,44058.05,44080.81,0,430487
2022-02-09 06:55:00,44080.8,44106.52,44016.87,44042.99,0,430488
2022-02-09 07:00:00,44043.0,44114.01,44000.0,44091.3,0,430489
2022-02-09 07:05:00,44091.3,44146.2,44081.1,44124.48,0,430490
2022-02-09 07:10:00,44124.48,44144.05,44060.0,44115.17,0,430491
2022-02-09 07:15:00,44115.17,44189.42,44090.87,44160.17,0,430492
2022-02-09 07:20:00,44160.17,44193.42,44139.77,44173.05,0,430493
2022-02-09 07:25:00,44173.06,44173.06,43971.67,44016.59,0,430494
2022-02-09 07:30:00,44016.58,44051.03,44000.0,44011.81,0,430495
2022-02-09 07:35:00,44011.8,44030.66,43958.7,44027.3,0,430496
2022-02-09 07:40:00,44027.31,44266.76,44016.05,44257.75,0,430497
2022-02-09 07:45:00,44257.74,44257.75,44164.8,44219.01,0,430498
2022-02-09 07:50:00,44219.01,44341.88,44216.86,44243.56,0,430499
2022-02-09 07:55:00,44243.56,44263.48,44162.02,44243.99,0,430500
2022-02-09 08:00:00,44243.99,44247.54,44142.34,44142.36,0,430501
2022-02-09 08:05:00,44142.35,44215.55,44103.97,44127.15,0,430502
2022-02-09 08:10:00,44127.16,44159.97,44087.55,44115.31,0,430503
2022-02-09 08:15:00,44115.3,44143.6,44008.32,44012.86,0,430504
2022-02-09 08:20:00,44012.86,44070.85,44005.66,44041.67,0,430505
2022-02-09 08:25:00,44041.67,44086.47,44025.89,44050.19,0,430506
2022-02-09 08:30:00,44050.0,44152.45,44027.52,44076.0,0,430507
2022-02-09 08:35:00,44076.0,44092.88,43924.14,44074.35,0,430508
2022-02-09 08:40:00,44074.35,44129.68,44025.05,44033.49,0,430509
2022-02-09 08:45:00,44033.48,44053.08,43911.16,43951.83,0,430510
2022-02-09 08:50:00,43951.83,43979.99,43885.0,43910.07,0,430511
2022-02-09 08:55:00,43910.07,43943.68,43800.39,43861.21,0,430512
2022-02-09 09:00:00,43861.22,43926.83,43767.15,43770.44,0,430513
2022-02-09 09:05:00,43770.44,43792.9,43588.0,43598.94,0,430514
2022-02-09 09:10:00,43598.94,43613.83,43353.09,43361.39,0,430515
2022-02-09 09:15:00,43361.39,43450.74,43301.39,43367.7,0,430516
2022-02-09 09:20:00,43367.71,43420.0,43275.94,43307.42,0,430517
2022-02-09 09:25:00,43307.42,43367.85,43303.12,43307.14,0,430518
2022-02-09 09:30:00,43307.15,43329.34,43117.92,43162.51,1,430519
2022-02-09 09:35:00,43162.5,43270.75,43162.49,43227.98,2,430520
2022-02-09 09:40:00,43227.98,43272.24,43189.02,43212.36,2,430521
2022-02-09 09:45:00,43212.35,43302.63,43212.35,43255.56,2,430522
2022-02-09 09:50:00,43255.56,43338.87,43255.56,43317.98,2,430523
2022-02-09 09:55:00,43317.98,43345.66,43300.25,43340.22,2,430524
2022-02-09 10:00:00,43340.23,43414.66,43318.65,43414.24,2,430525
2022-02-09 10:05:00,43414.25,43414.25,43270.78,43305.14,2,430526
2022-02-09 10:10:00,43305.13,43330.84,43252.76,43302.23,2,430527
2022-02-09 10:15:00,43302.23,43390.62,43302.23,43375.88,2,430528
2022-02-09 10:20:00,43375.88,43417.61,43330.59,43406.03,2,430529
2022-02-09 10:25:00,43406.03,43448.09,43386.9,43422.35,2,430530
2022-02-09 10:30:00,43422.36,43488.57,43400.01,43409.52,2,430531
2022-02-09 10:35:00,43409.51,43431.86,43367.79,43414.47,2,430532
2022-02-09 10:40:00,43414.47,43431.72,43380.13,43380.13,2,430533
2022-02-09 10:45:00,43380.14,43408.64,43345.34,43389.22,2,430534
2022-02-09 10:50:00,43389.22,43405.0,43294.72,43334.97,2,430535
2022-02-09 10:55:00,43334.98,43359.93,43300.01,43343.28,2,430536
2022-02-09 11:00:00,43343.28,43414.89,43313.98,43413.35,2,430537
2022-02-09 11:05:00,43413.35,43484.0,43407.37,43471.58,2,430538
2022-02-09 11:10:00,43471.58,43487.31,43397.15,43480.88,2,430539
2022-02-09 11:15:00,43480.89,43525.96,43465.76,43468.63,2,430540
2022-02-09 11:20:00,43468.63,43479.21,43440.68,43457.7,2,430541
2022-02-09 11:25:00,43457.7,43496.22,43432.35,43453.89,2,430542
2022-02-09 11:30:00,43453.88,43480.0,43400.56,43415.63,2,430543
2022-02-09 11:35:00,43415.64,43507.21,43415.63,43507.18,2,430544
2022-02-09 11:40:00,43507.19,43535.17,43449.35,43450.85,2,430545
2022-02-09 11:45:00,43450.85,43557.01,43435.36,43536.0,3,430546
2022-02-09 11:50:00,43536.0,43569.65,43448.0,43514.61,0,430547
2022-02-09 11:55:00,43514.61,43526.09,43437.78,43453.49,0,430548
2022-02-09 12:00:00,43453.49,43503.87,43289.0,43352.48,0,430549
2022-02-09 12:05:00,43352.48,43379.2,43273.32,43279.6,0,430550
2022-02-09 12:10:00,43279.59,43287.85,43200.0,43252.51,0,430551
2022-02-09 12:15:00,43252.52,43309.7,43137.54,43138.17,1,430552
2022-02-09 12:20:00,43138.16,43325.95,43125.0,43311.43,2,430553
2022-02-09 12:25:00,43311.43,43369.14,43285.52,43333.59,2,430554
2022-02-09 12:30:00,43333.6,43438.46,43328.03,43432.71,2,430555
2022-02-09 12:35:00,43432.71,43492.88,43400.22,43488.05,2,430556
2022-02-09 12:40:00,43488.05,43722.33,43448.89,43696.13,2,430557
2022-02-09 12:45:00,43696.13,43749.0,43551.19,43586.23,2,430558
2022-02-09 12:50:00,43586.22,43674.36,43561.92,43633.14,2,430559
2022-02-09 12:55:00,43633.14,43660.03,43563.88,43584.93,2,430560
2022-02-09 13:00:00,43584.93,43691.77,43533.73,43667.83,2,430561
2022-02-09 13:05:00,43667.84,43676.51,43591.64,43645.0,2,430562
2022-02-09 13:10:00,43645.0,43675.0,43573.39,43605.72,2,430563
2022-02-09 13:15:00,43605.73,43700.0,43591.37,43687.67,2,430564
2022-02-09 13:20:00,43687.67,43733.29,43657.5,43724.87,2,430565
2022-02-09 13:25:00,43724.87,43748.0,43686.6,43688.79,2,430566
2022-02-09 13:30:00,43688.79,43716.23,43642.0,43683.49,2,430567
2022-02-09 13:35:00,43683.48,43697.75,43655.85,43695.49,2,430568
2022-02-09 13:40:00,43695.49,43800.0,43675.45,43741.53,2,430569
2022-02-09 13:45:00,43741.54,43831.05,43739.6,43749.16,3,430570
2022-02-09 13:50:00,43749.17,43749.89,43700.0,43748.23,0,430571
2022-02-09 13:55:00,43748.22,43750.0,43667.43,43700.01,0,430572
2022-02-09 14:00:00,43700.01,43760.37,43639.05,43643.44,0,430573
2022-02-09 14:05:00,43643.43,43666.9,43631.99,43650.03,0,430574
2022-02-09 14:10:00,43650.04,43732.5,43645.14,43713.34,0,430575
2022-02-09 14:15:00,43713.35,43715.76,43578.29,43583.07,0,430576
2022-02-09 14:20:00,43583.08,43622.45,43500.0,43531.16,0,430577
2022-02-09 14:25:00,43531.16,43591.07,43517.02,43532.67,0,430578
2022-02-09 14:30:00,43532.67,43563.72,43427.04,43463.04,1,430579
2022-02-09 14:35:00,43463.05,43513.96,43416.21,43494.68,2,430580
2022-02-09 14:40:00,43494.68,43534.38,43469.0,43494.7,2,430581
2022-02-09 14:45:00,43494.7,43605.01,43494.69,43545.15,2,430582
2022-02-09 14:50:00,43545.16,43638.84,43513.34,43635.62,2,430583
2022-02-09 14:55:00,43635.62,43918.52,43621.57,43807.75,3,430584
2022-02-09 15:00:00,43807.75,43939.0,43753.36,43773.78,0,430585
2022-02-09 15:05:00,43773.38,43799.78,43707.7,43715.99,0,430586
2022-02-09 15:10:00,43715.99,43748.18,43666.66,43724.14,0,430587
2022-02-09 15:15:00,43724.14,43775.51,43403.89,43473.8,0,430588
2022-02-09 15:20:00,43473.81,43513.99,43233.0,43271.92,1,430589
2022-02-09 15:25:00,43271.92,43343.79,43227.34,43322.04,2,430590
2022-02-09 15:30:00,43322.03,43337.67,43181.91,43292.29,2,430591
2022-02-09 15:35:00,43292.3,43370.0,43290.0,43355.06,2,430592
2022-02-09 15:40:00,43355.07,43370.0,43288.0,43298.98,2,430593
2022-02-09 15:45:00,43298.98,43476.85,43295.55,43463.35,2,430594
2022-02-09 15:50:00,43463.35,43479.0,43403.0,43416.0,2,430595
2022-02-09 15:55:00,43416.0,43460.0,43388.79,43399.78,2,430596
2022-02-09 16:00:00,43399.78,43529.82,43399.78,43504.86,2,430597
2022-02-09 16:05:00,43504.86,43558.6,43499.0,43553.72,2,430598
2022-02-09 16:10:00,43553.71,43564.15,43461.01,43538.33,2,430599
2022-02-09 16:15:00,43538.33,43560.0,43482.72,43484.12,2,430600
2022-02-09 16:20:00,43484.12,43513.67,43451.03,43508.05,2,430601
2022-02-09 16:25:00,43508.04,43596.53,43472.2,43560.0,3,430602
2022-02-09 16:30:00,43560.01,43662.06,43475.0,43475.29,0,430603
2022-02-09 16:35:00,43475.29,43508.4,43300.0,43366.45,1,430604
2022-02-09 16:40:00,43366.45,43516.04,43363.5,43501.73,2,430605
2022-02-09 16:45:00,43501.74,43577.99,43492.28,43492.29,2,430606
2022-02-09 16:50:00,43492.29,43508.59,43355.13,43382.6,2,430607
2022-02-09 16:55:00,43383.12,43426.96,43358.74,43386.75,2,430608
2022-02-09 17:00:00,43386.75,43419.73,43365.44,43377.43,2,430609
2022-02-09 17:05:00,43377.43,43580.0,43372.91,43579.99,2,430610
2022-02-09 17:10:00,43579.99,43645.73,43510.98,43586.0,2,430611
2022-02-09 17:15:00,43584.99,43625.43,43535.18,43614.76,2,430612
2022-02-09 17:20:00,43614.76,43690.98,43604.0,43667.01,3,430613
2022-02-09 17:25:00,43667.01,43737.61,43625.0,43625.0,0,430614
2022-02-09 17:30:00,43625.01,43676.4,43546.21,43551.1,0,430615
2022-02-09 17:35:00,43551.1,43631.96,43527.06,43631.0,0,430616
2022-02-09 17:40:00,43631.0,43641.9,43532.26,43534.09,0,430617
2022-02-09 17:45:00,43534.08,43571.15,43488.9,43509.82,0,430618
2022-02-09 17:50:00,43509.82,43558.67,43463.67,43522.21,0,430619
2022-02-09 17:55:00,43520.43,43620.08,43485.75,43614.04,0,430620
2022-02-09 18:00:00,43611.23,43677.09,43537.46,43617.88,0,430621
2022-02-09 18:05:00,43617.88,43636.62,43371.62,43401.49,1,430622
2022-02-09 18:10:00,43401.49,43513.83,43397.46,43454.97,2,430623
2022-02-09 18:15:00,43454.97,43512.18,43434.52,43494.46,2,430624
2022-02-09 18:20:00,43494.46,43542.75,43463.77,43478.13,2,430625
2022-02-09 18:25:00,43478.12,43632.0,43428.53,43625.28,2,430626
2022-02-09 18:30:00,43625.27,43660.0,43569.21,43624.98,2,430627
2022-02-09 18:35:00,43624.97,43723.38,43590.84,43693.33,2,430628
2022-02-09 18:40:00,43693.33,43708.93,43666.42,43678.01,2,430629
2022-02-09 18:45:00,43678.01,43795.12,43674.65,43772.15,2,430630
2022-02-09 18:50:00,43772.14,43824.35,43723.17,43762.64,2,430631
2022-02-09 18:55:00,43762.65,43774.0,43700.0,43715.45,2,430632
2022-02-09 19:00:00,43715.46,43872.57,43706.99,43856.88,3,430633
2022-02-09 19:05:00,43856.88,43892.42,43617.61,43714.68,1,430634
2022-02-09 19:10:00,43714.69,43850.0,43696.34,43837.27,2,430635
2022-02-09 19:15:00,43837.27,43865.34,43765.22,43821.29,2,430636
2022-02-09 19:20:00,43821.3,43829.34,43755.72,43780.89,2,430637
2022-02-09 19:25:00,43780.89,43849.92,43760.94,43820.89,2,430638
2022-02-09 19:30:00,43820.9,43950.0,43782.57,43909.01,2,430639
2022-02-09 19:35:00,43909.01,44065.46,43907.71,44023.27,2,430640
2022-02-09 19:40:00,44023.27,44299.0,44020.12,44291.18,3,430641
2022-02-09 19:45:00,44291.18,44349.23,44108.04,44128.51,0,430642
2022-02-09 19:50:00,44128.51,44191.13,44054.41,44084.08,0,430643
2022-02-09 19:55:00,44084.08,44148.19,43932.82,44141.56,0,430644
2022-02-09 20:00:00,44141.57,44170.1,44034.28,44151.81,0,430645
2022-02-09 20:05:00,44151.82,44224.24,44111.57,44200.0,0,430646
2022-02-09 20:10:00,44200.0,44471.4,44180.0,44356.29,0,430647
2022-02-09 20:15:00,44356.29,44412.1,44232.79,44281.2,0,430648
2022-02-09 20:20:00,44281.19,44348.42,44236.21,44272.6,0,430649
2022-02-09 20:25:00,44272.59,44274.94,44177.7,44222.56,0,430650
2022-02-09 20:30:00,44222.56,44289.7,44079.62,44138.31,0,430651
2022-02-09 20:35:00,44138.31,44186.16,44112.97,44130.2,0,430652
2022-02-09 20:40:00,44130.21,44240.47,44051.72,44188.24,0,430653
2022-02-09 20:45:00,44188.25,44188.25,44113.03,44113.38,0,430654
2022-02-09 20:50:00,44113.39,44117.52,44025.01,44073.32,0,430655
2022-02-09 20:55:00,44073.32,44075.26,43863.16,43938.87,0,430656
2022-02-09 21:00:00,43938.87,43994.91,43786.01,43857.62,1,430657
2022-02-09 21:05:00,43859.3,43933.21,43780.73,43923.96,2,430658
2022-02-09 21:10:00,43925.53,43989.18,43883.41,43913.01,2,430659
2022-02-09 21:15:00,43913.01,43979.43,43861.45,43861.45,2,430660
2022-02-09 21:20:00,43861.46,43977.21,43861.45,43955.07,2,430661
2022-02-09 21:25:00,43955.07,44057.34,43940.29,43975.66,2,430662
2022-02-09 21:30:00,43975.65,44166.66,43934.61,44106.18,2,430663
2022-02-09 21:35:00,44106.18,44218.34,44045.01,44131.71,2,430664
2022-02-09 21:40:00,44131.7,44265.41,44090.0,44157.01,2,430665
2022-02-09 21:45:00,44157.01,44260.0,44144.67,44237.85,3,430666
2022-02-09 21:50:00,44237.85,44250.0,44024.63,44097.12,0,430667
2022-02-09 21:55:00,44097.13,44159.64,44039.66,44092.39,0,430668
2022-02-09 22:00:00,44092.39,44197.97,44055.97,44164.51,0,430669
2022-02-09 22:05:00,44164.5,44190.0,44107.41,44158.58,0,430670
2022-02-09 22:10:00,44158.58,44188.57,44011.45,44035.9,0,430671
2022-02-09 22:15:00,44035.91,44038.94,43876.3,43889.01,0,430672
2022-02-09 22:20:00,43889.0,43991.74,43861.41,43930.2,0,430673
2022-02-09 22:25:00,43930.2,44037.98,43920.97,44002.53,0,430674
2022-02-09 22:30:00,44002.53,44087.16,43990.63,44043.99,0,430675
2022-02-09 22:35:00,44044.0,44052.06,43871.39,43893.85,0,430676
2022-02-09 22:40:00,43893.85,43939.93,43816.22,43823.88,0,430677
2022-02-09 22:45:00,43823.88,43899.34,43810.48,43844.94,0,430678
2022-02-09 22:50:00,43844.94,43899.84,43794.01,43812.74,0,430679
2022-02-09 22:55:00,43812.73,43891.05,43804.48,43867.63,0,430680
2022-02-09 23:00:00,43867.63,44023.15,43579.66,44001.08,0,430681
2022-02-09 23:05:00,44001.09,44047.46,43871.59,43886.84,0,430682
2022-02-09 23:10:00,43886.84,43890.0,43741.23,43752.19,0,430683
2022-02-09 23:15:00,43752.19,43786.86,43679.88,43750.65,1,430684
2022-02-09 23:20:00,43750.65,43840.57,43747.04,43790.04,2,430685
2022-02-09 23:25:00,43790.12,43864.62,43775.13,43791.4,2,430686
2022-02-09 23:30:00,43791.4,43925.82,43715.41,43910.2,2,430687
2022-02-09 23:35:00,43911.15,44000.02,43866.16,43914.99,2,430688
2022-02-09 23:40:00,43914.99,43955.04,43898.93,43953.13,2,430689
2022-02-09 23:45:00,43953.13,44148.11,43949.0,44123.64,2,430690
2022-02-09 23:50:00,44123.65,44141.74,44029.73,44035.71,2,430691
2022-02-09 23:55:00,44035.72,44114.96,44010.82,44077.34,2,430692
2022-02-10 00:00:00,44077.34,44163.7,44050.67,44124.95,2,430693
2022-02-10 00:05:00,44124.94,44141.79,44050.0,44116.32,2,430694
2022-02-10 00:10:00,44116.32,44151.0,44080.06,44140.16,2,430695
2022-02-10 00:15:00,44140.17,44318.77,44122.98,44282.64,3,430696
2022-02-10 00:20:00,44282.64,44283.43,44161.7,44174.46,0,430697
2022-02-10 00:25:00,44174.39,44219.99,44165.44,44170.52,0,430698
2022-02-10 00:30:00,44170.52,44192.78,44045.59,44085.4,0,430699
2022-02-10 00:35:00,44085.4,44225.0,44085.39,44225.0,0,430700
2022-02-10 00:40:00,44225.0,44239.35,44136.95,44162.86,0,430701
2022-02-10 00:45:00,44162.86,44200.0,44130.0,44194.96,0,430702
2022-02-10 00:50:00,44194.96,44218.19,44020.0,44041.5,0,430703
2022-02-10 00:55:00,44041.51,44086.05,43977.69,44066.0,0,430704
2022-02-10 01:00:00,44066.01,44121.53,44010.94,44043.04,0,430705
2022-02-10 01:05:00,44043.04,44054.56,43973.64,44017.19,0,430706
2022-02-10 01:10:00,44017.18,44034.79,43973.82,43992.05,0,430707
2022-02-10 01:15:00,43992.05,44058.11,43992.05,44030.01,0,430708
2022-02-10 01:20:00,44030.01,44054.66,43935.08,43944.41,1,430709
2022-02-10 01:25:00,43944.41,43985.41,43922.14,43977.01,2,430710
2022-02-10 01:30:00,43977.0,44004.96,43940.7,43956.07,2,430711
2022-02-10 01:35:00,43956.07,44033.35,43942.24,44005.0,2,430712
2022-02-10 01:40:00,44005.0,44117.2,43977.68,44114.6,2,430713
2022-02-10 01:45:00,44114.61,44145.11,44054.94,44112.56,2,430714
2022-02-10 01:50:00,44112.57,44116.59,44048.09,44093.07,2,430715
2022-02-10 01:55:00,44093.06,44175.0,44076.65,44167.65,2,430716
2022-02-10 02:00:00,44167.64,44377.0,44133.44,44332.82,2,430717
2022-02-10 02:05:00,44332.82,44541.19,44329.42,44399.99,2,430718
2022-02-10 02:10:00,44399.99,44407.75,44326.82,44330.29,2,430719
2022-02-10 02:15:00,44330.29,44369.15,44257.54,44346.74,2,430720
2022-02-10 02:20:00,44346.74,44486.51,44344.23,44444.52,2,430721
2022-02-10 02:25:00,44442.62,44666.0,44417.22,44607.17,2,430722
2022-02-10 02:30:00,44607.16,44607.17,44486.99,44493.67,2,430723
2022-02-10 02:35:00,44493.67,44700.0,44458.42,44612.33,3,430724
2022-02-10 02:40:00,44612.33,44613.97,44521.41,44541.48,0,430725
2022-02-10 02:45:00,44541.48,44577.28,44490.67,44557.33,0,430726
2022-02-10 02:50:00,44557.32,44595.0,44484.97,44507.68,0,430727
2022-02-10 02:55:00,44507.67,44528.99,44440.0,44463.43,0,430728
2022-02-10 03:00:00,44466.23,44548.02,44460.69,44512.12,0,430729
2022-02-10 03:05:00,44512.12,44573.99,44470.0,44530.49,0,430730
2022-02-10 03:10:00,44530.48,44576.57,44440.0,44440.0,0,430731
2022-02-10 03:15:00,44440.01,44476.01,44342.03,44426.99,1,430732
2022-02-10 03:20:00,44427.0,44523.03,44417.13,44520.98,2,430733
2022-02-10 03:25:00,44520.98,44570.0,44451.51,44542.09,2,430734
2022-02-10 03:30:00,44542.08,44693.86,44535.12,44693.86,2,430735
2022-02-10 03:35:00,44693.86,44799.0,44661.14,44706.38,2,430736
2022-02-10 03:40:00,44706.38,44724.26,44607.49,44703.39,2,430737
2022-02-10 03:45:00,44703.4,44798.74,44663.03,44769.99,3,430738
2022-02-10 03:50:00,44770.0,44799.0,44680.48,44695.24,0,430739
2022-02-10 03:55:00,44695.23,44765.19,44661.07,44765.18,0,430740
2022-02-10 04:00:00,44765.19,44799.0,44588.04,44626.71,0,430741
2022-02-10 04:05:00,44625.0,44710.95,44614.68,44657.73,0,430742
2022-02-10 04:10:00,44657.73,44689.99,44622.31,44629.87,0,430743
2022-02-10 04:15:00,44629.88,44675.69,44586.66,44595.53,0,430744
2022-02-10 04:20:00,44595.52,44640.0,44551.37,44616.0,0,430745
2022-02-10 04:25:00,44608.07,44659.18,44600.01,44609.41,0,430746
2022-02-10 04:30:00,44609.41,44637.72,44548.02,44567.72,0,430747
2022-02-10 04:35:00,44567.73,44604.91,44556.09,44565.72,0,430748
2022-02-10 04:40:00,44565.73,44607.21,44561.66,44588.37,0,430749
2022-02-10 04:45:00,44588.37,44595.35,44543.49,44555.36,0,430750
2022-02-10 04:50:00,44555.36,44592.33,44530.0,44532.7,0,430751
2022-02-10 04:55:00,44534.99,44550.0,44436.69,44452.14,0,430752
2022-02-10 05:00:00,44452.14,44540.75,44447.88,44470.0,0,430753
2022-02-10 05:05:00,44470.01,44563.91,44470.0,44538.0,0,430754
2022-02-10 05:10:00,44537.99,44567.12,44402.6,44426.68,0,430755
2022-02-10 05:15:00,44426.67,44475.74,44362.57,44401.17,0,430756
2022-02-10 05:20:00,44401.16,44448.92,44189.0,44264.5,1,430757
2022-02-10 05:25:00,44264.51,44363.26,44257.43,44321.45,2,430758
2022-02-10 05:30:00,44321.45,44446.16,44319.86,44437.34,2,430759
2022-02-10 05:35:00,44437.34,44487.0,44435.62,44487.0,2,430760
2022-02-10 05:40:00,44487.0,44553.08,44435.62,44477.61,2,430761
2022-02-10 05:45:00,44477.62,44512.03,44435.61,44491.26,2,430762
2022-02-10 05:50:00,44491.25,44581.61,44477.79,44579.1,3,430763
2022-02-10 05:55:00,44579.1,44591.0,44525.28,44557.76,0,430764
2022-02-10 06:00:00,44557.75,44588.04,44500.73,44535.76,0,430765
2022-02-10 06:05:00,44535.76,44554.21,44503.0,44504.33,0,430766
2022-02-10 06:10:00,44504.33,44536.21,44474.66,44493.77,0,430767
2022-02-10 06:15:00,44493.78,44494.61,44433.3,44484.22,0,430768
2022-02-10 06:20:00,44484.22,44486.09,44400.92,44405.91,0,430769
2022-02-10 06:25:00,44405.91,44405.91,44320.0,44363.15,0,430770
2022-02-10 06:30:00,44363.15,44395.0,44336.0,44386.86,0,430771
2022-02-10 06:35:00,44386.85,44386.86,44285.6,44304.0,0,430772
2022-02-10 06:40:00,44304.01,44345.53,44267.45,44302.64,0,430773
2022-02-10 06:45:00,44302.64,44363.41,44245.09,44321.59,0,430774
2022-02-10 06:50:00,44324.27,44381.57,44268.75,44302.57,0,430775
2022-02-10 06:55:00,44302.57,44400.0,44200.0,44372.72,0,430776
2022-02-10 07:00:00,44372.71,44400.0,44214.65,44320.18,0,430777
2022-02-10 07:05:00,44320.18,44320.18,44213.67,44224.61,0,430778
2022-02-10 07:10:00,44224.61,44311.43,44136.25,44173.41,0,430779
2022-02-10 07:15:00,44173.41,44202.48,44051.29,44099.99,0,430780
2022-02-10 07:20:00,44100.0,44195.2,44033.33,44033.34,1,430781
2022-02-10 07:25:00,44033.34,44159.18,44030.1,44144.99,2,430782
2022-02-10 07:30:00,44144.98,44180.55,44091.67,44116.1,2,430783
2022-02-10 07:35:00,44116.09,44149.99,44068.58,44133.04,2,430784
2022-02-10 07:40:00,44133.04,44189.99,44113.68,44126.3,2,430785
2022-02-10 07:45:00,44126.29,44158.74,44063.18,44123.46,2,430786
2022-02-10 07:50:00,44123.47,44151.41,44080.06,44091.44,2,430787
2022-02-10 07:55:00,44091.45,44169.21,44053.41,44103.29,2,430788
2022-02-10 08:00:00,44103.29,44183.97,44101.39,44183.63,2,430789
2022-02-10 08:05:00,44183.63,44197.73,44144.25,44184.93,2,430790
2022-02-10 08:10:00,44184.93,44203.67,44162.18,44185.97,2,430791
2022-02-10 08:15:00,44185.97,44197.74,44130.51,44151.49,2,430792
2022-02-10 08:20:00,44151.5,44237.06,44137.16,44231.59,2,430793
2022-02-10 08:25:00,44231.58,44241.0,44113.58,44120.22,2,430794
2022-02-10 08:30:00,44120.23,44195.34,44028.57,44152.0,2,430795
2022-02-10 08:35:00,44151.99,44188.18,44140.81,44153.12,2,430796
2022-02-10 08:40:00,44153.11,44218.1,44153.11,44214.99,2,430797
2022-02-10 08:45:00,44214.99,44249.87,44204.94,44206.26,2,430798
2022-02-10 08:50:00,44206.25,44216.47,44163.55,44186.07,2,430799
2022-02-10 08:55:00,44186.07,44261.25,44186.07,44253.22,2,430800
2022-02-10 09:00:00,44253.23,44257.65,44209.24,44209.24,2,430801
2022-02-10 09:05:00,44209.25,44303.14,44200.0,44282.35,2,430802
2022-02-10 09:10:00,44282.34,44360.0,44263.46,44302.21,2,430803
2022-02-10 09:15:00,44303.0,44323.65,44237.57,44237.58,2,430804
2022-02-10 09:20:00,44237.57,44300.0,44232.63,44295.98,2,430805
2022-02-10 09:25:00,44295.98,44313.07,44256.61,44309.0,3,430806
2022-02-10 09:30:00,44309.0,44309.01,44251.42,44254.74,0,430807
2022-02-10 09:35:00,44254.74,44269.07,44235.92,44245.77,0,430808
2022-02-10 09:40:00,44245.77,44296.64,44226.43,44238.51,0,430809
2022-02-10 09:45:00,44238.51,44282.72,44084.91,44104.47,0,430810
2022-02-10 09:50:00,44104.46,44148.24,44047.29,44084.98,0,430811
2022-02-10 09:55:00,44084.98,44091.85,43800.0,43800.01,0,430812
2022-02-10 10:00:00,43800.0,43858.41,43658.0,43673.41,0,430813
2022-02-10 10:05:00,43673.4,43730.44,43542.14,43650.38,0,430814
2022-02-10 10:10:00,43650.38,43694.33,43631.19,43636.88,1,430815
2022-02-10 10:15:00,43636.87,43739.13,43601.24,43739.12,2,430816
2022-02-10 10:20:00,43739.12,43785.6,43725.19,43738.68,2,430817
2022-02-10 10:25:00,43740.4,43753.41,43669.01,43730.83,2,430818
2022-02-10 10:30:00,43730.83,43776.17,43680.0,43762.34,2,430819
2022-02-10 10:35:00,43762.33,43790.0,43735.01,43784.46,2,430820
2022-02-10 10:40:00,43784.46,43784.46,43731.6,43748.62,2,430821
2022-02-10 10:45:00,43748.62,43786.9,43721.4,43773.03,2,430822
2022-02-10 10:50:00,43773.02,43778.77,43741.0,43768.45,2,430823
2022-02-10 10:55:00,43768.44,43791.52,43764.59,43775.42,2,430824
2022-02-10 11:00:00,43775.42,43791.5,43728.49,43774.51,2,430825
2022-02-10 11:05:00,43774.51,43848.84,43774.5,43833.34,2,430826
2022-02-10 11:10:00,43833.34,43861.57,43831.0,43856.08,3,430827
2022-02-10 11:15:00,43856.08,43856.09,43760.8,43804.17,0,430828
2022-02-10 11:20:00,43799.86,43839.22,43780.0,43811.08,0,430829
2022-02-10 11:25:00,43811.09,43837.0,43801.47,43830.93,0,430830
2022-02-10 11:30:00,43830.93,43911.57,43761.25,43784.93,0,430831
2022-02-10 11:35:00,43784.94,43818.76,43717.17,43740.66,0,430832
2022-02-10 11:40:00,43740.67,43758.77,43680.85,43682.56,0,430833
2022-02-10 11:45:00,43682.56,43730.0,43621.0,43663.72,1,430834
2022-02-10 11:50:00,43663.73,43729.45,43575.22,43715.44,2,430835
2022-02-10 11:55:00,43715.44,43807.71,43715.43,43783.82,2,430836
2022-02-10 12:00:00,43784.72,43796.2,43742.5,43764.09,2,430837
2022-02-10 12:05:00,43764.09,43764.09,43703.78,43747.73,2,430838
2022-02-10 12:10:00,43747.73,43793.54,43718.25,43792.0,2,430839
2022-02-10 12:15:00,43791.99,43841.67,43746.01,43759.96,2,430840
2022-02-10 12:20:00,43759.95,43808.91,43752.71,43798.37,2,430841
2022-02-10 12:25:00,43798.37,43853.75,43795.0,43824.38,2,430842
2022-02-10 12:30:00,43824.39,43844.06,43810.13,43812.73,2,430843
2022-02-10 12:35:00,43812.72,43850.0,43759.38,43830.08,2,430844
2022-02-10 12:40:00,43830.09,43874.21,43819.37,43867.47,2,430845
2022-02-10 12:45:00,43867.47,43896.97,43803.69,43823.07,2,430846
2022-02-10 12:50:00,43823.08,43896.78,43817.51,43872.74,2,430847
2022-02-10 12:55:00,43872.74,43906.3,43850.0,43879.78,2,430848
2022-02-10 13:00:00,43879.78,43936.49,43854.51,43905.86,2,430849
2022-02-10 13:05:00,43905.86,43936.87,43853.89,43860.0,2,430850
2022-02-10 13:10:00,43859.99,43913.66,43830.0,43853.99,2,430851
2022-02-10 13:15:00,43854.0,43854.0,43810.4,43819.0,2,430852
2022-02-10 13:20:00,43819.0,43844.52,43777.34,43840.49,2,430853
2022-02-10 13:25:00,43840.5,43863.76,43757.75,43783.22,2,430854
2022-02-10 13:30:00,43783.21,43831.1,43757.57,43813.99,2,430855
2022-02-10 13:35:00,43814.0,43922.99,43813.99,43920.89,2,430856
2022-02-10 13:40:00,43922.99,43997.18,43920.89,43965.84,2,430857
2022-02-10 13:45:00,43965.84,43995.74,43932.95,43964.0,2,430858
2022-02-10 13:50:00,43963.99,43968.99,43928.76,43948.57,2,430859
2022-02-10 13:55:00,43948.57,43974.89,43857.87,43874.66,2,430860
2022-02-10 14:00:00,43874.67,43939.94,43856.46,43937.79,2,430861
2022-02-10 14:05:00,43937.8,43989.1,43921.85,43950.01,2,430862
2022-02-10 14:10:00,43950.01,43993.84,43932.01,43984.64,2,430863
2022-02-10 14:15:00,43984.65,43990.52,43911.09,43911.76,2,430864
2022-02-10 14:20:00,43911.76,43978.69,43900.0,43978.69,2,430865
2022-02-10 14:25:00,43978.68,43994.43,43964.13,43985.29,2,430866
2022-02-10 14:30:00,43985.29,43995.0,43947.61,43984.23,2,430867
2022-02-10 14:35:00,43984.24,43984.24,43943.23,43961.83,2,430868
2022-02-10 14:40:00,43961.84,43978.09,43936.7,43972.78,2,430869
2022-02-10 14:45:00,43972.78,43979.7,43944.95,43961.03,2,430870
2022-02-10 14:50:00,43961.03,44082.0,43960.43,44034.54,2,430871
2022-02-10 14:55:00,44034.53,44131.6,44032.19,44092.42,2,430872
2022-02-10 15:00:00,44092.43,44158.41,44055.86,44123.63,2,430873
2022-02-10 15:05:00,44123.63,44161.92,44100.81,44155.89,2,430874
2022-02-10 15:10:00,44155.89,44299.45,44113.0,44217.37,2,430875
2022-02-10 15:15:00,44217.37,44234.91,44156.36,44186.99,2,430876
2022-02-10 15:20:00,44186.99,44212.42,44165.91,44170.01,2,430877
2022-02-10 15:25:00,44170.0,44172.89,44122.56,44161.41,2,430878
2022-02-10 15:30:00,44161.4,44188.37,44120.55,44142.91,2,430879
2022-02-10 15:35:00,44142.92,44237.79,44137.52,44221.74,2,430880
2022-02-10 15:40:00,44221.73,44253.43,44164.56,44213.31,2,430881
2022-02-10 15:45:00,44213.3,44255.26,44173.25,44229.36,2,430882
2022-02-10 15:50:00,44229.37,44247.64,44197.66,44220.91,2,430883
2022-02-10 15:55:00,44220.9,44237.11,44180.66,44215.0,2,430884
2022-02-10 16:00:00,44215.0,44230.0,44158.98,44173.32,2,430885
2022-02-10 16:05:00,44173.31,44182.0,44102.0,44102.01,2,430886
2022-02-10 16:10:00,44102.01,44180.23,44091.98,44163.34,2,430887
2022-02-10 16:15:00,44163.35,44276.61,44163.15,44244.35,2,430888
2022-02-10 16:20:00,44244.35,44433.06,44244.35,44351.8,2,430889
2022-02-10 16:25:00,44351.81,44499.0,44351.8,44392.31,2,430890
2022-02-10 16:30:00,44392.31,44418.1,44333.29,44341.02,2,430891
2022-02-10 16:35:00,44341.02,44374.15,44326.53,44332.69,2,430892
2022-02-10 16:40:00,44332.7,44362.59,44315.08,44342.4,2,430893
2022-02-10 16:45:00,44344.4,44344.99,44300.1,44311.78,2,430894
2022-02-10 16:50:00,44311.78,44358.04,44311.17,44348.08,2,430895
2022-02-10 16:55:00,44347.72,44425.61,44345.87,44400.01,2,430896
2022-02-10 17:00:00,44400.0,44473.56,44361.36,44424.47,2,430897
2022-02-10 17:05:00,44424.46,44521.72,44421.55,44479.62,2,430898
2022-02-10 17:10:00,44479.62,44546.86,44448.85,44539.84,2,430899
2022-02-10 17:15:00,44538.95,44585.0,44484.57,44516.08,2,430900
2022-02-10 17:20:00,44516.07,44540.54,44458.0,44504.82,2,430901
2022-02-10 17:25:00,44504.82,44727.31,44500.01,44654.49,2,430902
2022-02-10 17:30:00,44654.49,44679.41,44585.03,44585.04,2,430903
2022-02-10 17:35:00,44585.04,44759.55,44585.03,44752.8,3,430904
2022-02-10 17:40:00,44752.8,44753.7,44666.0,44686.17,0,430905
2022-02-10 17:45:00,44686.17,44686.17,44576.09,44576.1,0,430906
2022-02-10 17:50:00,44576.09,44600.0,44520.09,44576.11,0,430907
2022-02-10 17:55:00,44576.1,44654.9,44562.06,44644.36,0,430908
2022-02-10 18:00:00,44644.74,44685.51,44563.23,44567.07,1,430909
2022-02-10 18:05:00,44567.08,44728.3,44565.13,44706.99,2,430910
2022-02-10 18:10:00,44707.0,44779.0,44668.2,44763.99,2,430911
2022-02-10 18:15:00,44764.0,44794.7,44650.0,44672.11,2,430912
2022-02-10 18:20:00,44672.12,44899.0,44664.85,44830.2,2,430913
2022-02-10 18:25:00,44830.19,44988.3,44803.29,44941.28,2,430914
2022-02-10 18:30:00,44941.27,45177.96,44906.07,45075.32,2,430915
2022-02-10 18:35:00,45075.32,45149.49,45063.43,45085.33,3,430916
2022-02-10 18:40:00,45085.34,45149.09,45038.52,45045.43,0,430917
2022-02-10 18:45:00,45045.44,45045.44,44776.46,44776.46,0,430918
2022-02-10 18:50:00,44776.46,44845.12,44685.18,44836.97,0,430919
2022-02-10 18:55:00,44836.97,44880.0,44800.0,44834.09,0,430920
2022-02-10 19:00:00,44834.09,44989.79,44755.0,44949.72,0,430921
2022-02-10 19:05:00,44949.73,44969.59,44856.87,44949.02,0,430922
2022-02-10 19:10:00,44949.02,44986.53,44895.5,44942.44,0,430923
2022-02-10 19:15:00,44942.44,44950.0,44703.59,44714.61,0,430924
2022-02-10 19:20:00,44714.61,44755.78,44589.31,44675.66,0,430925
2022-02-10 19:25:00,44675.66,44781.56,44665.0,44739.55,0,430926
2022-02-10 19:30:00,44739.56,44787.93,44674.03,44712.59,0,430927
2022-02-10 19:35:00,44712.58,44712.59,44603.61,44691.1,0,430928
2022-02-10 19:40:00,44691.1,44693.78,44486.43,44627.73,1,430929
2022-02-10 19:45:00,44627.73,44710.0,44616.84,44689.99,2,430930
2022-02-10 19:50:00,44689.99,44850.0,44680.63,44850.0,2,430931
2022-02-10 19:55:00,44849.99,44850.0,44792.18,44807.73,2,430932
2022-02-10 20:00:00,44807.73,44850.0,44747.51,44760.24,2,430933
2022-02-10 20:05:00,44760.24,44960.0,44749.92,44928.12,2,430934
2022-02-10 20:10:00,44928.11,45060.0,44877.99,45000.27,2,430935
2022-02-10 20:15:00,45000.27,45049.99,44930.36,45002.02,3,430936
2022-02-10 20:20:00,45002.01,45009.0,44893.16,44908.26,0,430937
2022-02-10 20:25:00,44908.27,44947.59,44865.25,44942.34,0,430938
2022-02-10 20:30:00,44942.34,44942.34,43849.49,44009.71,0,430939
2022-02-10 20:35:00,44009.71,44080.73,43726.5,43972.65,0,430940
2022-02-10 20:40:00,43972.66,43974.27,43665.0,43793.55,0,430941
2022-02-10 20:45:00,43793.56,43899.97,43661.0,43834.48,0,430942
2022-02-10 20:50:00,43834.47,43939.98,43700.0,43702.85,0,430943
2022-02-10 20:55:00,43702.86,43800.0,43630.01,43642.98,0,430944
2022-02-10 21:00:00,43642.98,43730.0,43174.01,43323.29,1,430945
2022-02-10 21:05:00,43323.28,43411.65,43200.17,43369.87,2,430946
2022-02-10 21:10:00,43369.87,43411.88,43302.05,43371.68,2,430947
2022-02-10 21:15:00,43371.67,43444.44,43300.03,43415.37,2,430948
2022-02-10 21:20:00,43415.37,43510.0,43364.78,43452.97,2,430949
2022-02-10 21:25:00,43452.97,43571.4,43452.97,43522.99,2,430950
2022-02-10 21:30:00,43523.0,43827.5,43514.09,43711.03,2,430951
2022-02-10 21:35:00,43711.04,43780.0,43650.0,43719.01,2,430952
2022-02-10 21:40:00,43719.01,43760.0,43600.0,43623.4,2,430953
2022-02-10 21:45:00,43623.39,43674.06,43525.0,43608.44,2,430954
2022-02-10 21:50:00,43608.43,43897.85,43606.92,43847.8,2,430955
2022-02-10 21:55:00,43847.79,44368.63,43810.78,44356.08,2,430956
2022-02-10 22:00:00,44354.92,45300.0,44154.59,45180.75,3,430957
2022-02-10 22:05:00,45180.75,45214.05,44900.58,45100.0,0,430958
2022-02-10 22:10:00,45099.99,45131.95,44702.0,44849.89,0,430959
2022-02-10 22:15:00,44849.88,44944.21,44651.13,44833.04,1,430960
2022-02-10 22:20:00,44833.03,44899.49,44712.04,44856.08,2,430961
2022-02-10 22:25:00,44856.08,45047.0,44775.62,44989.74,2,430962
2022-02-10 22:30:00,44986.91,45225.01,44928.07,45060.0,2,430963
2022-02-10 22:35:00,45060.0,45382.77,45045.65,45325.55,2,430964
2022-02-10 22:40:00,45325.55,45669.71,45250.0,45404.59,3,430965
2022-02-10 22:45:00,45404.59,45443.04,45215.88,45385.7,0,430966
2022-02-10 22:50:00,45385.7,45405.99,44810.0,44933.99,1,430967
2022-02-10 22:55:00,44934.0,44949.97,44740.79,44947.1,2,430968
2022-02-10 23:00:00,44947.12,45147.56,44869.42,44989.04,2,430969
2022-02-10 23:05:00,44989.04,45156.22,44926.17,45059.3,2,430970
2022-02-10 23:10:00,45059.29,45110.04,44951.49,44993.21,2,430971
2022-02-10 23:15:00,44993.21,45138.13,44846.59,45134.03,2,430972
2022-02-10 23:20:00,45134.03,45266.04,45015.22,45221.54,2,430973
2022-02-10 23:25:00,45221.55,45499.46,45221.54,45439.71,3,430974
2022-02-10 23:30:00,45439.71,45448.41,45239.71,45292.33,0,430975
2022-02-10 23:35:00,45292.34,45293.6,45082.17,45147.48,1,430976
2022-02-10 23:40:00,45147.49,45226.94,45083.17,45170.0,2,430977
2022-02-10 23:45:00,45169.99,45346.09,45131.5,45277.25,2,430978
2022-02-10 23:50:00,45277.25,45449.19,45270.05,45354.12,2,430979
2022-02-10 23:55:00,45354.12,45540.75,45350.61,45382.86,2,430980
2022-02-11 00:00:00,45382.86,45462.14,45305.39,45370.91,2,430981
2022-02-11 00:05:00,45370.92,45482.5,45367.44,45465.92,2,430982
2022-02-11 00:10:00,45465.92,45663.68,45390.84,45663.68,3,430983
2022-02-11 00:15:00,45663.68,45821.0,45506.99,45573.35,0,430984
2022-02-11 00:20:00,45573.35,45574.86,45475.75,45525.04,0,430985
2022-02-11 00:25:00,45525.04,45644.54,45508.0,45638.42,0,430986
2022-02-11 00:30:00,45638.41,45740.4,45375.84,45419.57,0,430987
2022-02-11 00:35:00,45419.56,45546.03,45392.47,45534.08,0,430988
2022-02-11 00:40:00,45534.07,45602.27,45442.91,45456.34,0,430989
2022-02-11 00:45:00,45456.33,45482.92,45100.01,45180.01,0,430990
2022-02-11 00:50:00,45180.0,45289.87,45013.31,45235.04,0,430991
2022-02-11 00:55:00,45235.04,45430.01,45186.98,45330.43,0,430992
2022-02-11 01:00:00,45330.43,45400.0,45237.88,45292.68,0,430993
2022-02-11 01:05:00,45292.68,45347.99,45135.38,45203.69,0,430994
2022-02-11 01:10:00,45203.7,45250.0,45050.0,45118.33,0,430995
2022-02-11 01:15:00,45118.33,45133.04,44991.16,45070.14,0,430996
2022-02-11 01:20:00,45070.15,45163.67,45057.66,45145.59,0,430997
2022-02-11 01:25:00,45145.6,45166.49,44923.0,44950.95,1,430998
2022-02-11 01:30:00,44950.96,45041.78,44885.54,44968.7,2,430999
2022-02-11 01:35:00,44968.7,45118.85,44850.0,45008.89,2,431000
2022-02-11 01:40:00,45000.01,45134.63,44984.6,45112.48,2,431001
2022-02-11 01:45:00,45113.14,45196.64,45061.8,45153.53,2,431002
2022-02-11 01:50:00,45153.54,45187.43,45095.81,45145.8,2,431003
2022-02-11 01:55:00,45145.8,45217.95,45075.08,45217.94,3,431004
2022-02-11 02:00:00,45218.18,45254.95,45050.0,45050.01,0,431005
2022-02-11 02:05:00,45050.0,45064.99,44750.77,44842.08,0,431006
2022-02-11 02:10:00,44842.08,44855.03,44630.3,44640.59,0,431007
2022-02-11 02:15:00,44640.6,44749.21,44573.96,44591.52,0,431008
2022-02-11 02:20:00,44588.93,44697.6,44550.0,44697.59,0,431009
2022-02-11 02:25:00,44697.6,44725.36,44567.64,44567.65,0,431010
2022-02-11 02:30:00,44567.64,44685.5,44563.49,44635.03,0,431011
2022-02-11 02:35:00,44634.12,44777.0,44604.0,44699.99,0,431012
2022-02-11 02:40:00,44700.0,44780.0,44629.78,44654.46,0,431013
2022-02-11 02:45:00,44654.45,44770.87,44572.99,44584.98,0,431014
2022-02-11 02:50:00,44584.97,44599.77,44384.24,44438.61,0,431015
2022-02-11 02:55:00,44442.84,44477.57,44341.07,44373.97,0,431016
2022-02-11 03:00:00,44373.95,44399.91,44233.67,44368.29,0,431017
2022-02-11 03:05:00,44368.3,44550.0,44360.26,44546.81,0,431018
2022-02-11 03:10:00,44546.81,44601.14,44482.83,44542.28,0,431019
2022-02-11 03:15:00,44542.28,44591.44,44313.07,44343.24,0,431020
2022-02-11 03:20:00,44343.25,44396.28,44112.0,44197.76,0,431021
2022-02-11 03:25:00,44195.89,44246.76,44100.0,44186.07,0,431022
2022-02-11 03:30:00,44186.07,44235.12,44004.0,44014.58,0,431023
2022-02-11 03:35:00,44014.58,44044.47,43871.0,43935.0,0,431024
2022-02-11 03:40:00,43935.0,43976.4,43800.0,43864.4,0,431025
2022-02-11 03:45:00,43864.4,43943.35,43785.93,43880.49,0,431026
2022-02-11 03:50:00,43880.48,43994.34,43803.6,43966.74,0,431027
2022-02-11 03:55:00,43966.74,44199.02,43966.74,44102.4,0,431028
2022-02-11 04:00:00,44102.41,44111.91,43939.81,44095.67,0,431029
2022-02-11 04:05:00,44095.67,44097.39,43910.6,43993.72,0,431030
2022-02-11 04:10:00,43990.08,44060.6,43930.0,44021.1,0,431031
2022-02-11 04:15:00,44021.1,44028.76,43822.95,43963.11,0,431032
2022-02-11 04:20:00,43963.11,44166.66,43955.0,44111.26,0,431033
2022-02-11 04:25:00,44111.26,44199.99,44105.3,44113.09,0,431034
2022-02-11 04:30:00,44113.08,44199.99,44055.65,44126.83,0,431035
2022-02-11 04:35:00,44126.84,44145.18,43996.25,44073.45,0,431036
2022-02-11 04:40:00,44073.44,44127.22,44068.01,44103.9,0,431037
2022-02-11 04:45:00,44103.89,44174.22,43908.46,43921.65,0,431038
2022-02-11 04:50:00,43921.64,43953.04,43720.0,43786.01,0,431039
2022-02-11 04:55:00,43789.12,43912.59,43700.0,43749.99,0,431040
2022-02-11 05:00:00,43749.3,43811.72,43612.6,43724.65,0,431041
