date,open,high,low,close,label,source_idx
2018-06-18 17:00:00,6458.46,6458.46,6445.0,6449.99,0,48153
2018-06-18 17:05:00,6450.0,6450.0,6437.55,6446.02,0,48154
2018-06-18 17:10:00,6446.0,6446.0,6437.54,6439.98,0,48155
2018-06-18 17:15:00,6438.92,6442.5,6437.53,6437.54,0,48156
2018-06-18 17:20:00,6437.53,6441.32,6437.52,6437.54,0,48157
2018-06-18 17:25:00,6437.55,6442.54,6437.52,6441.0,0,48158
2018-06-18 17:30:00,6441.0,6441.9,6431.99,6432.68,0,48159
2018-06-18 17:35:00,6432.63,6436.89,6426.28,6427.0,0,48160
2018-06-18 17:40:00,6428.0,6440.0,6427.01,6433.0,0,48161
2018-06-18 17:45:00,6433.0,6436.96,6423.96,6430.76,0,48162
2018-06-18 17:50:00,6430.76,6430.82,6423.96,6428.95,0,48163
2018-06-18 17:55:00,6428.95,6430.0,6424.19,6430.0,0,48164
2018-06-18 18:00:00,6430.0,6430.82,6413.09,6415.29,0,48165
2018-06-18 18:05:00,6415.29,6425.0,6412.06,6419.0,0,48166
2018-06-18 18:10:00,6419.0,6424.57,6413.03,6416.0,0,48167
2018-06-18 18:15:00,6420.0,6424.53,6408.25,6412.63,0,48168
2018-06-18 18:20:00,6412.63,6416.69,6400.0,6404.49,1,48169
2018-06-18 18:25:00,6404.49,6410.6,6385.0,6407.99,2,48170
2018-06-18 18:30:00,6407.99,6425.0,6405.37,6420.52,2,48171
2018-06-18 18:35:00,6419.67,6420.52,6402.39,6408.01,2,48172
2018-06-18 18:40:00,6413.05,6430.0,6408.14,6420.98,2,48173
2018-06-18 18:45:00,6420.99,6427.01,6420.0,6421.84,2,48174
2018-06-18 18:50:00,6420.5,6426.9,6415.01,6422.99,2,48175
2018-06-18 18:55:00,6421.42,6430.89,6418.26,6418.26,2,48176
2018-06-18 19:00:00,6419.63,6425.72,6418.26,6425.5,2,48177
2018-06-18 19:05:00,6425.61,6428.39,6425.0,6425.73,2,48178
2018-06-18 19:10:00,6426.42,6437.92,6425.67,6434.73,2,48179
2018-06-18 19:15:00,6434.73,6443.88,6427.99,6437.08,2,48180
2018-06-18 19:20:00,6437.08,6444.0,6430.82,6442.0,3,48181
2018-06-18 19:25:00,6440.26,6442.0,6426.5,6426.52,0,48182
2018-06-18 19:30:00,6426.52,6430.97,6425.0,6425.0,0,48183
2018-06-18 19:35:00,6425.0,6428.0,6416.0,6421.99,0,48184
2018-06-18 19:40:00,6422.0,6431.0,6414.35,6426.99,0,48185
2018-06-18 19:45:00,6425.97,6431.0,6419.01,6424.63,0,48186
2018-06-18 19:50:00,6428.35,6428.35,6415.0,6424.09,0,48187
2018-06-18 19:55:00,6420.0,6424.96,6410.01,6418.94,0,48188
2018-06-18 20:00:00,6420.25,6424.21,6410.03,6418.99,0,48189
2018-06-18 20:05:00,6418.99,6419.55,6410.01,6418.89,0,48190
2018-06-18 20:10:00,6416.01,6419.0,6415.39,6417.27,0,48191
2018-06-18 20:15:00,6417.27,6420.0,6407.0,6411.0,0,48192
2018-06-18 20:20:00,6411.0,6414.98,6401.42,6407.0,1,48193
2018-06-18 20:25:00,6404.03,6422.59,6404.03,6419.02,2,48194
2018-06-18 20:30:00,6419.02,6424.21,6412.0,6422.97,2,48195
2018-06-18 20:35:00,6422.97,6430.0,6420.0,6425.15,2,48196
2018-06-18 20:40:00,6427.07,6430.0,6425.13,6425.18,2,48197
2018-06-18 20:45:00,6425.17,6429.99,6422.0,6422.04,2,48198
2018-06-18 20:50:00,6422.91,6431.0,6414.83,6430.0,2,48199
2018-06-18 20:55:00,6430.12,6440.0,6430.0,6436.91,2,48200
2018-06-18 21:00:00,6431.71,6436.34,6426.31,6427.87,2,48201
2018-06-18 21:05:00,6428.59,6440.0,6427.86,6434.1,2,48202
2018-06-18 21:10:00,6435.28,6437.29,6428.31,6430.46,2,48203
2018-06-18 21:15:00,6430.45,6440.0,6430.0,6438.09,2,48204
2018-06-18 21:20:00,6437.65,6438.08,6426.12,6433.0,2,48205
2018-06-18 21:25:00,6428.27,6433.0,6426.12,6432.11,2,48206
2018-06-18 21:30:00,6426.52,6440.0,6426.5,6439.03,3,48207
2018-06-18 21:35:00,6439.07,6440.84,6404.41,6419.42,1,48208
2018-06-18 21:40:00,6424.96,6480.83,6416.0,6449.62,2,48209
2018-06-18 21:45:00,6446.99,6458.6,6437.18,6442.01,2,48210
2018-06-18 21:50:00,6443.04,6458.74,6441.05,6451.79,2,48211
2018-06-18 21:55:00,6449.63,6458.51,6442.29,6455.04,2,48212
2018-06-18 22:00:00,6458.44,6469.0,6455.0,6462.82,2,48213
2018-06-18 22:05:00,6462.82,6464.3,6440.0,6447.57,2,48214
2018-06-18 22:10:00,6447.57,6448.01,6438.58,6446.76,2,48215
2018-06-18 22:15:00,6448.01,6452.91,6439.98,6451.99,2,48216
2018-06-18 22:20:00,6448.46,6454.99,6443.99,6445.61,2,48217
2018-06-18 22:25:00,6447.98,6458.15,6445.38,6453.95,2,48218
2018-06-18 22:30:00,6453.95,6459.74,6450.44,6456.79,2,48219
2018-06-18 22:35:00,6452.47,6456.79,6451.4,6453.12,2,48220
2018-06-18 22:40:00,6453.18,6456.0,6441.79,6453.16,2,48221
2018-06-18 22:45:00,6453.17,6456.0,6441.5,6449.84,2,48222
2018-06-18 22:50:00,6449.85,6453.72,6446.24,6453.14,2,48223
2018-06-18 22:55:00,6453.08,6473.99,6452.0,6460.57,2,48224
2018-06-18 23:00:00,6458.01,6466.88,6455.04,6459.71,2,48225
2018-06-18 23:05:00,6463.93,6467.81,6456.0,6460.06,2,48226
2018-06-18 23:10:00,6464.03,6464.3,6452.52,6455.23,2,48227
2018-06-18 23:15:00,6453.88,6462.99,6450.0,6460.1,2,48228
2018-06-18 23:20:00,6456.11,6462.98,6452.13,6461.39,2,48229
2018-06-18 23:25:00,6460.0,6666.0,6456.99,6652.91,3,48230
2018-06-18 23:30:00,6650.39,6687.87,6630.4,6630.42,0,48231
2018-06-18 23:35:00,6642.54,6653.67,6630.0,6651.84,0,48232
2018-06-18 23:40:00,6650.0,6685.48,6636.2,6671.2,0,48233
2018-06-18 23:45:00,6671.2,6672.0,6645.0,6645.01,0,48234
2018-06-18 23:50:00,6647.0,6661.65,6642.07,6645.17,0,48235
2018-06-18 23:55:00,6645.16,6652.0,6630.0,6644.95,0,48236
2018-06-19 00:00:00,6644.95,6659.78,6644.95,6653.0,0,48237
2018-06-19 00:05:00,6653.0,6681.48,6653.0,6665.66,0,48238
2018-06-19 00:10:00,6665.0,6794.38,6660.04,6786.02,0,48239
2018-06-19 00:15:00,6786.95,6794.13,6735.89,6754.87,0,48240
2018-06-19 00:20:00,6754.94,6754.99,6732.24,6745.13,0,48241
2018-06-19 00:25:00,6745.14,6778.98,6745.03,6753.2,0,48242
2018-06-19 00:30:00,6753.2,6761.67,6742.36,6754.54,0,48243
2018-06-19 00:35:00,6754.54,6758.0,6734.93,6745.7,0,48244
2018-06-19 00:40:00,6745.69,6745.7,6726.97,6726.99,0,48245
2018-06-19 00:45:00,6726.99,6737.71,6695.9,6709.0,0,48246
2018-06-19 00:50:00,6714.11,6740.55,6710.98,6733.01,0,48247
2018-06-19 00:55:00,6733.01,6738.14,6720.0,6728.0,0,48248
2018-06-19 01:00:00,6726.01,6750.0,6725.01,6738.11,0,48249
2018-06-19 01:05:00,6738.11,6748.47,6738.11,6744.08,0,48250
2018-06-19 01:10:00,6741.05,6748.21,6713.75,6723.0,0,48251
2018-06-19 01:15:00,6723.0,6725.99,6701.3,6720.0,0,48252
2018-06-19 01:20:00,6717.11,6730.48,6701.11,6725.29,0,48253
2018-06-19 01:25:00,6727.0,6749.98,6724.01,6749.98,0,48254
2018-06-19 01:30:00,6746.93,6749.98,6716.73,6722.5,0,48255
2018-06-19 01:35:00,6726.0,6726.76,6719.5,6725.0,0,48256
2018-06-19 01:40:00,6725.57,6726.13,6715.0,6717.81,0,48257
2018-06-19 01:45:00,6718.99,6738.2,6715.27,6722.21,0,48258
2018-06-19 01:50:00,6722.2,6722.21,6712.75,6718.98,0,48259
2018-06-19 01:55:00,6717.19,6727.98,6714.03,6718.15,0,48260
2018-06-19 02:00:00,6718.01,6725.0,6705.18,6718.0,0,48261
2018-06-19 02:05:00,6718.0,6724.55,6716.06,6722.58,0,48262
2018-06-19 02:10:00,6722.58,6728.22,6715.0,6725.0,0,48263
2018-06-19 02:15:00,6720.81,6725.0,6713.61,6720.01,0,48264
2018-06-19 02:20:00,6720.01,6722.0,6702.31,6719.4,0,48265
2018-06-19 02:25:00,6719.47,6720.0,6700.0,6706.68,0,48266
2018-06-19 02:30:00,6706.68,6719.46,6692.91,6700.05,0,48267
2018-06-19 02:35:00,6700.0,6715.83,6689.13,6701.0,0,48268
2018-06-19 02:40:00,6701.01,6703.68,6671.0,6692.27,0,48269
2018-06-19 02:45:00,6692.27,6695.61,6680.0,6690.02,1,48270
2018-06-19 02:50:00,6690.01,6695.0,6685.86,6692.58,2,48271
2018-06-19 02:55:00,6692.58,6710.08,6689.0,6694.63,2,48272
2018-06-19 03:00:00,6694.62,6722.0,6689.0,6714.04,2,48273
2018-06-19 03:05:00,6719.99,6721.0,6708.0,6710.33,2,48274
2018-06-19 03:10:00,6712.0,6712.0,6700.18,6701.01,2,48275
2018-06-19 03:15:00,6701.01,6709.95,6690.57,6701.09,2,48276
2018-06-19 03:20:00,6704.6,6733.0,6701.61,6723.28,2,48277
2018-06-19 03:25:00,6723.28,6724.19,6710.08,6711.97,2,48278
2018-06-19 03:30:00,6714.18,6729.48,6711.97,6723.97,2,48279
2018-06-19 03:35:00,6720.01,6727.02,6707.34,6717.14,2,48280
2018-06-19 03:40:00,6720.01,6721.67,6710.0,6713.95,2,48281
2018-06-19 03:45:00,6714.01,6731.7,6710.82,6728.05,2,48282
2018-06-19 03:50:00,6731.69,6733.0,6715.13,6722.0,2,48283
2018-06-19 03:55:00,6722.0,6733.0,6717.81,6720.05,2,48284
2018-06-19 04:00:00,6722.06,6729.15,6722.06,6728.0,2,48285
2018-06-19 04:05:00,6727.69,6730.0,6718.69,6724.58,2,48286
2018-06-19 04:10:00,6724.58,6729.94,6716.01,6717.28,2,48287
2018-06-19 04:15:00,6717.28,6724.97,6715.5,6717.0,2,48288
2018-06-19 04:20:00,6718.0,6720.67,6715.49,6717.98,2,48289
2018-06-19 04:25:00,6716.01,6724.97,6716.0,6716.76,2,48290
2018-06-19 04:30:00,6716.83,6727.99,6716.83,6721.99,2,48291
2018-06-19 04:35:00,6721.98,6726.71,6715.6,6717.01,2,48292
2018-06-19 04:40:00,6717.01,6720.0,6715.61,6716.59,2,48293
2018-06-19 04:45:00,6716.59,6720.0,6715.6,6715.6,2,48294
2018-06-19 04:50:00,6717.0,6720.0,6715.5,6718.97,2,48295
2018-06-19 04:55:00,6717.48,6723.72,6715.5,6716.24,2,48296
2018-06-19 05:00:00,6723.47,6729.0,6717.39,6729.0,3,48297
2018-06-19 05:05:00,6729.0,6729.0,6717.37,6719.99,0,48298
2018-06-19 05:10:00,6719.99,6725.0,6715.51,6716.99,0,48299
2018-06-19 05:15:00,6717.0,6721.01,6715.49,6715.5,0,48300
2018-06-19 05:20:00,6717.79,6718.9,6690.82,6706.95,0,48301
2018-06-19 05:25:00,6706.95,6715.0,6700.0,6706.57,0,48302
2018-06-19 05:30:00,6706.57,6712.52,6693.78,6697.54,0,48303
2018-06-19 05:35:00,6697.55,6713.49,6693.8,6701.42,0,48304
2018-06-19 05:40:00,6707.15,6709.21,6700.0,6709.02,0,48305
2018-06-19 05:45:00,6709.04,6715.5,6700.24,6714.29,0,48306
2018-06-19 05:50:00,6714.25,6718.1,6709.54,6716.44,0,48307
2018-06-19 05:55:00,6716.44,6718.16,6711.08,6711.08,0,48308
2018-06-19 06:00:00,6717.45,6717.63,6705.0,6710.99,0,48309
2018-06-19 06:05:00,6710.99,6720.84,6692.01,6700.28,0,48310
2018-06-19 06:10:00,6700.29,6706.24,6693.82,6702.0,0,48311
2018-06-19 06:15:00,6702.0,6707.57,6697.0,6701.0,0,48312
2018-06-19 06:20:00,6701.0,6703.92,6695.75,6695.97,0,48313
2018-06-19 06:25:00,6695.97,6705.0,6692.39,6692.84,1,48314
2018-06-19 06:30:00,6694.92,6709.45,6692.39,6696.1,2,48315
2018-06-19 06:35:00,6697.38,6710.0,6697.0,6704.01,2,48316
2018-06-19 06:40:00,6704.01,6708.04,6702.0,6705.17,2,48317
2018-06-19 06:45:00,6705.16,6710.0,6705.16,6705.71,2,48318
2018-06-19 06:50:00,6705.72,6710.01,6705.71,6708.29,2,48319
2018-06-19 06:55:00,6708.28,6714.75,6706.84,6712.46,2,48320
2018-06-19 07:00:00,6711.39,6718.63,6708.0,6718.0,2,48321
2018-06-19 07:05:00,6715.03,6720.0,6706.84,6712.45,2,48322
2018-06-19 07:10:00,6707.11,6717.0,6706.84,6716.76,2,48323
2018-06-19 07:15:00,6713.03,6717.0,6712.46,6716.63,2,48324
2018-06-19 07:20:00,6716.63,6720.0,6712.5,6718.0,2,48325
2018-06-19 07:25:00,6715.0,6729.66,6714.55,6725.25,3,48326
2018-06-19 07:30:00,6727.0,6730.0,6716.6,6719.16,0,48327
2018-06-19 07:35:00,6723.13,6724.12,6718.0,6720.74,0,48328
2018-06-19 07:40:00,6720.62,6726.8,6710.29,6721.71,0,48329
2018-06-19 07:45:00,6720.0,6727.47,6716.66,6721.8,0,48330
2018-06-19 07:50:00,6722.68,6725.0,6716.72,6718.99,0,48331
2018-06-19 07:55:00,6718.99,6721.25,6716.66,6719.85,0,48332
2018-06-19 08:00:00,6719.85,6719.92,6711.0,6718.57,0,48333
2018-06-19 08:05:00,6718.57,6723.46,6712.0,6718.0,0,48334
2018-06-19 08:10:00,6718.0,6722.0,6708.0,6715.24,0,48335
2018-06-19 08:15:00,6716.01,6728.96,6715.25,6719.31,0,48336
2018-06-19 08:20:00,6719.31,6724.0,6718.65,6720.0,0,48337
2018-06-19 08:25:00,6720.0,6722.98,6718.45,6718.45,0,48338
2018-06-19 08:30:00,6718.45,6721.96,6712.78,6718.45,0,48339
2018-06-19 08:35:00,6718.45,6722.0,6716.1,6716.65,0,48340
2018-06-19 08:40:00,6717.06,6718.0,6712.78,6716.36,0,48341
2018-06-19 08:45:00,6716.36,6719.09,6706.85,6714.67,0,48342
2018-06-19 08:50:00,6714.67,6717.96,6709.1,6710.0,0,48343
2018-06-19 08:55:00,6710.0,6712.19,6709.0,6709.36,0,48344
2018-06-19 09:00:00,6709.49,6711.98,6709.34,6710.0,0,48345
2018-06-19 09:05:00,6711.72,6711.89,6709.34,6711.89,0,48346
2018-06-19 09:10:00,6711.89,6715.0,6709.34,6713.87,0,48347
2018-06-19 09:15:00,6712.0,6717.0,6709.99,6714.0,0,48348
2018-06-19 09:20:00,6716.88,6719.0,6713.0,6715.89,0,48349
2018-06-19 09:25:00,6717.11,6720.0,6714.75,6717.49,0,48350
2018-06-19 09:30:00,6717.51,6718.0,6709.34,6712.36,0,48351
2018-06-19 09:35:00,6712.36,6717.0,6701.54,6709.99,0,48352
2018-06-19 09:40:00,6709.99,6715.56,6705.27,6710.84,0,48353
2018-06-19 09:45:00,6710.84,6710.84,6684.94,6688.28,0,48354
2018-06-19 09:50:00,6685.0,6700.32,6656.5,6683.77,0,48355
2018-06-19 09:55:00,6683.67,6690.85,6666.0,6676.48,0,48356
2018-06-19 10:00:00,6679.96,6684.55,6669.83,6681.0,0,48357
2018-06-19 10:05:00,6678.0,6705.06,6677.43,6681.45,0,48358
2018-06-19 10:10:00,6680.5,6681.45,6677.39,6678.0,0,48359
2018-06-19 10:15:00,6678.0,6690.56,6663.4,6673.0,1,48360
2018-06-19 10:20:00,6674.0,6680.0,6666.35,6676.68,2,48361
2018-06-19 10:25:00,6676.67,6692.5,6674.99,6689.98,2,48362
2018-06-19 10:30:00,6689.98,6689.98,6682.17,6683.01,2,48363
2018-06-19 10:35:00,6686.14,6686.83,6676.41,6679.05,2,48364
2018-06-19 10:40:00,6679.05,6687.5,6678.95,6679.0,2,48365
2018-06-19 10:45:00,6680.18,6686.66,6675.82,6683.23,2,48366
2018-06-19 10:50:00,6683.23,6687.0,6677.0,6682.0,2,48367
2018-06-19 10:55:00,6682.0,6686.0,6681.47,6683.0,2,48368
2018-06-19 11:00:00,6684.0,6687.96,6682.0,6682.0,2,48369
2018-06-19 11:05:00,6682.11,6687.96,6682.0,6685.7,2,48370
2018-06-19 11:10:00,6685.7,6703.74,6685.0,6699.91,2,48371
2018-06-19 11:15:00,6699.91,6706.01,6699.0,6702.04,2,48372
2018-06-19 11:20:00,6702.04,6706.01,6695.92,6697.94,2,48373
2018-06-19 11:25:00,6697.95,6700.5,6695.92,6696.53,2,48374
2018-06-19 11:30:00,6699.97,6705.0,6696.52,6700.98,2,48375
2018-06-19 11:35:00,6700.49,6705.0,6700.0,6702.68,3,48376
2018-06-19 11:40:00,6703.0,6705.08,6700.0,6702.0,0,48377
2018-06-19 11:45:00,6702.01,6705.11,6700.06,6700.56,0,48378
2018-06-19 11:50:00,6702.98,6703.77,6700.28,6700.61,0,48379
2018-06-19 11:55:00,6700.61,6703.77,6698.0,6701.63,0,48380
2018-06-19 12:00:00,6698.01,6705.11,6697.2,6698.97,0,48381
2018-06-19 12:05:00,6698.97,6702.92,6697.0,6697.01,0,48382
2018-06-19 12:10:00,6697.02,6699.78,6688.65,6693.89,0,48383
2018-06-19 12:15:00,6693.66,6694.62,6688.74,6691.69,0,48384
2018-06-19 12:20:00,6693.21,6694.48,6682.0,6684.73,0,48385
2018-06-19 12:25:00,6684.73,6693.0,6682.02,6690.01,0,48386
2018-06-19 12:30:00,6690.02,6715.37,6685.61,6693.83,0,48387
2018-06-19 12:35:00,6693.83,6700.64,6693.83,6695.43,0,48388
2018-06-19 12:40:00,6695.44,6711.11,6694.29,6702.01,0,48389
2018-06-19 12:45:00,6702.0,6709.19,6697.12,6702.0,0,48390
2018-06-19 12:50:00,6702.0,6704.92,6697.13,6697.17,0,48391
2018-06-19 12:55:00,6698.48,6702.37,6697.12,6700.0,0,48392
2018-06-19 13:00:00,6700.0,6705.89,6700.0,6700.02,0,48393
2018-06-19 13:05:00,6700.03,6703.9,6697.42,6699.42,0,48394
2018-06-19 13:10:00,6699.99,6701.02,6690.0,6695.89,0,48395
2018-06-19 13:15:00,6695.89,6703.9,6692.08,6698.9,0,48396
2018-06-19 13:20:00,6698.9,6701.58,6696.03,6697.16,0,48397
2018-06-19 13:25:00,6696.71,6699.85,6692.0,6699.56,0,48398
2018-06-19 13:30:00,6697.77,6699.85,6691.08,6699.05,0,48399
2018-06-19 13:35:00,6699.05,6701.27,6667.0,6684.45,0,48400
2018-06-19 13:40:00,6684.45,6698.71,6679.7,6688.0,0,48401
2018-06-19 13:45:00,6685.63,6688.0,6675.55,6679.52,0,48402
2018-06-19 13:50:00,6679.52,6690.0,6668.15,6684.35,0,48403
2018-06-19 13:55:00,6684.35,6686.7,6678.0,6680.87,0,48404
2018-06-19 14:00:00,6680.86,6687.5,6680.86,6686.98,0,48405
2018-06-19 14:05:00,6686.98,6687.5,6670.0,6672.01,1,48406
2018-06-19 14:10:00,6675.0,6679.0,6665.0,6675.23,2,48407
2018-06-19 14:15:00,6675.23,6684.48,6669.94,6676.44,2,48408
2018-06-19 14:20:00,6678.67,6691.0,6672.16,6684.8,2,48409
2018-06-19 14:25:00,6684.8,6685.07,6680.0,6684.02,2,48410
2018-06-19 14:30:00,6684.02,6689.27,6676.11,6683.55,2,48411
2018-06-19 14:35:00,6684.61,6687.65,6679.25,6682.0,2,48412
2018-06-19 14:40:00,6681.27,6691.0,6675.0,6687.47,2,48413
2018-06-19 14:45:00,6687.48,6700.0,6685.02,6695.3,2,48414
2018-06-19 14:50:00,6691.02,6701.7,6689.01,6700.48,2,48415
2018-06-19 14:55:00,6696.28,6701.65,6690.26,6699.01,2,48416
2018-06-19 15:00:00,6700.0,6701.25,6688.11,6694.75,2,48417
2018-06-19 15:05:00,6691.59,6699.96,6687.0,6692.01,2,48418
2018-06-19 15:10:00,6696.0,6700.0,6690.0,6697.99,2,48419
2018-06-19 15:15:00,6697.99,6702.6,6691.81,6700.2,2,48420
2018-06-19 15:20:00,6702.59,6705.0,6698.91,6705.0,2,48421
2018-06-19 15:25:00,6704.99,6714.6,6700.0,6709.77,2,48422
2018-06-19 15:30:00,6709.77,6717.35,6702.7,6709.25,2,48423
2018-06-19 15:35:00,6710.0,6718.35,6706.3,6709.38,2,48424
2018-06-19 15:40:00,6708.78,6711.98,6705.0,6707.17,2,48425
2018-06-19 15:45:00,6707.0,6712.88,6701.0,6706.73,2,48426
2018-06-19 15:50:00,6702.75,6706.71,6696.1,6699.97,2,48427
2018-06-19 15:55:00,6699.95,6707.0,6690.0,6703.02,2,48428
2018-06-19 16:00:00,6703.0,6714.09,6703.0,6707.0,2,48429
2018-06-19 16:05:00,6707.01,6711.58,6696.0,6706.83,2,48430
2018-06-19 16:10:00,6706.83,6711.01,6702.96,6705.0,2,48431
2018-06-19 16:15:00,6706.07,6715.0,6705.0,6712.85,2,48432
2018-06-19 16:20:00,6712.79,6715.22,6706.0,6706.59,2,48433
2018-06-19 16:25:00,6706.59,6711.83,6703.21,6707.01,2,48434
2018-06-19 16:30:00,6707.0,6715.64,6705.15,6712.16,2,48435
2018-06-19 16:35:00,6712.16,6713.83,6705.2,6705.44,2,48436
2018-06-19 16:40:00,6711.19,6715.0,6704.99,6708.38,2,48437
2018-06-19 16:45:00,6708.38,6715.64,6707.0,6714.71,2,48438
2018-06-19 16:50:00,6712.22,6722.42,6709.73,6718.0,2,48439
2018-06-19 16:55:00,6716.0,6725.99,6711.03,6714.46,2,48440
2018-06-19 17:00:00,6719.99,6720.84,6704.0,6711.01,2,48441
2018-06-19 17:05:00,6711.08,6721.0,6710.02,6719.79,2,48442
2018-06-19 17:10:00,6717.07,6721.61,6710.0,6716.73,2,48443
2018-06-19 17:15:00,6716.72,6728.68,6710.92,6728.0,2,48444
2018-06-19 17:20:00,6729.0,6747.0,6724.0,6746.2,3,48445
2018-06-19 17:25:00,6733.54,6747.09,6710.0,6716.0,0,48446
2018-06-19 17:30:00,6716.0,6722.33,6697.25,6703.74,0,48447
2018-06-19 17:35:00,6706.4,6709.99,6700.0,6703.02,1,48448
2018-06-19 17:40:00,6706.93,6710.0,6692.9,6704.8,2,48449
2018-06-19 17:45:00,6702.85,6708.98,6679.0,6707.0,2,48450
2018-06-19 17:50:00,6707.01,6717.0,6698.01,6715.05,2,48451
2018-06-19 17:55:00,6715.04,6718.64,6708.83,6715.28,2,48452
2018-06-19 18:00:00,6715.25,6722.66,6707.65,6718.0,2,48453
2018-06-19 18:05:00,6719.26,6730.0,6713.39,6727.03,2,48454
2018-06-19 18:10:00,6725.72,6742.94,6715.37,6736.51,2,48455
2018-06-19 18:15:00,6736.51,6741.39,6720.0,6723.0,2,48456
2018-06-19 18:20:00,6725.65,6740.0,6723.0,6726.52,2,48457
2018-06-19 18:25:00,6726.52,6747.42,6726.52,6747.42,2,48458
2018-06-19 18:30:00,6747.21,6766.61,6744.02,6761.7,3,48459
2018-06-19 18:35:00,6757.99,6779.6,6755.0,6758.01,0,48460
2018-06-19 18:40:00,6758.01,6765.0,6745.0,6746.01,0,48461
2018-06-19 18:45:00,6746.02,6751.95,6736.1,6744.06,0,48462
2018-06-19 18:50:00,6744.08,6749.1,6737.0,6738.53,0,48463
2018-06-19 18:55:00,6738.53,6748.99,6726.09,6726.11,1,48464
2018-06-19 19:00:00,6726.11,6739.8,6725.0,6732.06,2,48465
2018-06-19 19:05:00,6732.06,6758.99,6732.0,6733.12,2,48466
2018-06-19 19:10:00,6740.08,6740.1,6718.09,6728.71,2,48467
2018-06-19 19:15:00,6728.71,6740.05,6725.0,6738.94,2,48468
2018-06-19 19:20:00,6736.01,6738.94,6726.99,6728.98,2,48469
2018-06-19 19:25:00,6728.98,6738.82,6727.03,6737.55,2,48470
2018-06-19 19:30:00,6738.82,6739.0,6720.0,6735.55,2,48471
2018-06-19 19:35:00,6737.99,6759.36,6730.51,6751.86,2,48472
2018-06-19 19:40:00,6748.01,6751.76,6733.71,6743.83,2,48473
2018-06-19 19:45:00,6740.01,6758.0,6738.11,6755.87,2,48474
2018-06-19 19:50:00,6756.5,6765.0,6750.0,6754.98,2,48475
2018-06-19 19:55:00,6753.48,6788.0,6751.04,6765.82,2,48476
2018-06-19 20:00:00,6765.82,6778.0,6765.77,6772.38,2,48477
2018-06-19 20:05:00,6772.36,6788.0,6766.0,6788.0,2,48478
2018-06-19 20:10:00,6788.0,6820.0,6785.83,6818.83,3,48479
2018-06-19 20:15:00,6818.83,6841.74,6790.03,6797.16,0,48480
2018-06-19 20:20:00,6797.16,6797.16,6780.0,6786.0,0,48481
2018-06-19 20:25:00,6786.02,6790.17,6772.38,6772.94,0,48482
2018-06-19 20:30:00,6773.0,6791.14,6772.38,6783.7,0,48483
2018-06-19 20:35:00,6783.7,6788.0,6778.85,6786.0,0,48484
2018-06-19 20:40:00,6786.0,6795.0,6786.0,6790.69,0,48485
2018-06-19 20:45:00,6790.69,6790.69,6773.07,6776.01,0,48486
2018-06-19 20:50:00,6777.13,6780.99,6758.0,6767.0,0,48487
2018-06-19 20:55:00,6767.0,6771.59,6745.0,6760.0,0,48488
2018-06-19 21:00:00,6759.99,6763.65,6750.0,6756.0,0,48489
2018-06-19 21:05:00,6756.0,6759.85,6740.79,6741.48,0,48490
2018-06-19 21:10:00,6740.78,6748.37,6730.0,6742.81,0,48491
2018-06-19 21:15:00,6744.61,6747.94,6736.8,6747.0,0,48492
2018-06-19 21:20:00,6747.02,6764.2,6745.02,6763.4,0,48493
2018-06-19 21:25:00,6761.0,6764.0,6740.05,6750.0,0,48494
2018-06-19 21:30:00,6750.0,6750.0,6737.78,6737.81,0,48495
2018-06-19 21:35:00,6737.81,6745.0,6730.01,6736.99,0,48496
2018-06-19 21:40:00,6736.99,6740.0,6728.01,6735.0,0,48497
2018-06-19 21:45:00,6732.0,6740.0,6723.66,6735.51,0,48498
2018-06-19 21:50:00,6737.13,6744.98,6734.0,6741.68,0,48499
2018-06-19 21:55:00,6741.65,6745.4,6738.35,6742.32,0,48500
2018-06-19 22:00:00,6742.32,6744.95,6738.35,6740.43,0,48501
2018-06-19 22:05:00,6740.43,6748.0,6724.5,6726.74,0,48502
2018-06-19 22:10:00,6736.21,6738.99,6726.76,6733.86,0,48503
2018-06-19 22:15:00,6733.85,6744.49,6729.31,6741.0,0,48504
2018-06-19 22:20:00,6742.97,6747.99,6740.97,6747.2,0,48505
2018-06-19 22:25:00,6747.99,6752.43,6742.81,6750.13,0,48506
2018-06-19 22:30:00,6750.0,6754.99,6748.88,6751.0,0,48507
2018-06-19 22:35:00,6748.88,6748.88,6740.97,6746.15,0,48508
2018-06-19 22:40:00,6746.15,6747.7,6740.25,6746.9,0,48509
2018-06-19 22:45:00,6746.81,6746.9,6742.25,6744.32,0,48510
2018-06-19 22:50:00,6744.31,6746.89,6731.6,6739.51,0,48511
2018-06-19 22:55:00,6739.04,6739.51,6731.81,6739.04,0,48512
2018-06-19 23:00:00,6739.04,6740.0,6705.0,6711.0,0,48513
2018-06-19 23:05:00,6709.47,6721.99,6705.0,6708.01,0,48514
2018-06-19 23:10:00,6705.01,6709.89,6681.0,6692.88,0,48515
2018-06-19 23:15:00,6692.88,6693.24,6653.0,6674.62,1,48516
2018-06-19 23:20:00,6666.19,6690.0,6666.18,6687.01,2,48517
2018-06-19 23:25:00,6687.01,6697.87,6687.01,6695.01,2,48518
2018-06-19 23:30:00,6695.01,6710.0,6693.65,6700.6,2,48519
2018-06-19 23:35:00,6700.42,6705.0,6694.79,6701.01,2,48520
2018-06-19 23:40:00,6704.0,6705.01,6696.28,6698.92,2,48521
2018-06-19 23:45:00,6700.96,6705.0,6696.19,6698.96,2,48522
2018-06-19 23:50:00,6701.57,6707.02,6697.8,6707.02,2,48523
2018-06-19 23:55:00,6707.02,6709.98,6700.97,6708.0,2,48524
2018-06-20 00:00:00,6708.0,6710.0,6704.0,6707.51,2,48525
2018-06-20 00:05:00,6707.5,6728.22,6706.24,6722.66,2,48526
2018-06-20 00:10:00,6722.66,6725.0,6717.01,6723.0,2,48527
2018-06-20 00:15:00,6723.0,6730.0,6720.99,6723.18,3,48528
2018-06-20 00:20:00,6723.19,6725.0,6706.43,6709.69,0,48529
2018-06-20 00:25:00,6706.45,6714.11,6696.85,6696.85,0,48530
2018-06-20 00:30:00,6696.91,6702.0,6696.24,6696.85,1,48531
2018-06-20 00:35:00,6697.0,6705.2,6696.8,6703.7,2,48532
2018-06-20 00:40:00,6703.66,6707.5,6700.99,6702.03,2,48533
2018-06-20 00:45:00,6702.03,6712.8,6700.99,6709.01,2,48534
2018-06-20 00:50:00,6709.01,6712.7,6703.21,6708.43,2,48535
2018-06-20 00:55:00,6711.0,6720.47,6706.02,6717.0,2,48536
2018-06-20 01:00:00,6717.0,6717.0,6708.0,6708.15,2,48537
2018-06-20 01:05:00,6708.98,6714.0,6706.43,6706.43,2,48538
2018-06-20 01:10:00,6706.43,6714.0,6704.03,6707.17,2,48539
2018-06-20 01:15:00,6707.16,6717.0,6706.42,6715.0,2,48540
2018-06-20 01:20:00,6715.0,6721.16,6713.0,6716.98,2,48541
2018-06-20 01:25:00,6716.53,6720.0,6715.0,6715.49,2,48542
2018-06-20 01:30:00,6718.88,6719.91,6715.48,6715.8,2,48543
2018-06-20 01:35:00,6715.8,6717.0,6713.06,6714.01,2,48544
2018-06-20 01:40:00,6714.01,6717.02,6705.13,6711.0,2,48545
2018-06-20 01:45:00,6711.0,6718.42,6707.1,6712.4,2,48546
2018-06-20 01:50:00,6712.01,6717.0,6712.0,6715.0,2,48547
2018-06-20 01:55:00,6715.0,6720.24,6707.1,6710.49,2,48548
2018-06-20 02:00:00,6710.4,6717.69,6707.0,6713.11,2,48549
2018-06-20 02:05:00,6713.1,6717.98,6710.97,6717.0,2,48550
2018-06-20 02:10:00,6713.09,6719.0,6712.93,6714.9,2,48551
2018-06-20 02:15:00,6714.9,6720.99,6713.39,6718.96,2,48552
2018-06-20 02:20:00,6718.96,6720.0,6713.35,6713.36,2,48553
2018-06-20 02:25:00,6713.36,6718.0,6708.03,6715.04,2,48554
2018-06-20 02:30:00,6715.54,6719.01,6715.04,6718.64,2,48555
2018-06-20 02:35:00,6718.64,6718.95,6712.0,6718.94,2,48556
2018-06-20 02:40:00,6718.94,6740.0,6712.07,6730.0,2,48557
2018-06-20 02:45:00,6731.41,6747.74,6721.02,6745.0,2,48558
2018-06-20 02:50:00,6745.38,6749.0,6738.38,6747.61,3,48559
2018-06-20 02:55:00,6747.6,6747.97,6741.6,6742.03,0,48560
2018-06-20 03:00:00,6742.03,6750.0,6740.0,6741.0,0,48561
2018-06-20 03:05:00,6740.0,6748.79,6740.0,6745.01,0,48562
2018-06-20 03:10:00,6745.03,6746.0,6732.22,6742.0,0,48563
2018-06-20 03:15:00,6735.05,6742.0,6725.19,6732.0,0,48564
2018-06-20 03:20:00,6732.0,6735.01,6725.1,6728.76,0,48565
2018-06-20 03:25:00,6731.03,6737.43,6725.0,6732.38,0,48566
2018-06-20 03:30:00,6729.98,6734.73,6725.0,6725.0,0,48567
2018-06-20 03:35:00,6725.0,6728.55,6715.0,6715.0,0,48568
2018-06-20 03:40:00,6715.0,6717.33,6684.15,6690.06,1,48569
2018-06-20 03:45:00,6692.71,6717.93,6690.01,6696.77,2,48570
2018-06-20 03:50:00,6696.76,6700.0,6682.33,6694.52,2,48571
2018-06-20 03:55:00,6690.0,6698.69,6685.31,6698.0,2,48572
2018-06-20 04:00:00,6695.38,6698.69,6687.87,6693.48,2,48573
2018-06-20 04:05:00,6693.48,6716.01,6690.39,6707.0,2,48574
2018-06-20 04:10:00,6700.92,6711.0,6700.0,6706.29,2,48575
2018-06-20 04:15:00,6706.38,6714.98,6705.51,6708.0,2,48576
2018-06-20 04:20:00,6708.02,6714.58,6708.0,6714.58,2,48577
2018-06-20 04:25:00,6708.6,6719.53,6708.6,6716.0,2,48578
2018-06-20 04:30:00,6716.96,6720.94,6712.0,6715.24,2,48579
2018-06-20 04:35:00,6715.24,6718.0,6712.0,6716.99,2,48580
2018-06-20 04:40:00,6716.99,6717.99,6712.0,6717.95,2,48581
2018-06-20 04:45:00,6717.94,6717.99,6712.17,6713.93,2,48582
2018-06-20 04:50:00,6715.0,6717.8,6710.28,6716.91,2,48583
2018-06-20 04:55:00,6716.91,6717.98,6710.26,6717.98,2,48584
2018-06-20 05:00:00,6717.98,6718.0,6710.26,6711.16,2,48585
2018-06-20 05:05:00,6711.16,6717.69,6710.53,6711.94,2,48586
2018-06-20 05:10:00,6711.94,6715.75,6708.12,6709.98,2,48587
2018-06-20 05:15:00,6708.12,6712.99,6708.0,6711.1,2,48588
2018-06-20 05:20:00,6708.03,6715.85,6708.03,6710.0,2,48589
2018-06-20 05:25:00,6708.52,6710.0,6701.59,6709.98,2,48590
2018-06-20 05:30:00,6709.98,6730.0,6705.0,6725.07,2,48591
2018-06-20 05:35:00,6728.83,6728.83,6721.91,6728.0,2,48592
2018-06-20 05:40:00,6728.6,6729.0,6720.26,6726.11,2,48593
2018-06-20 05:45:00,6726.11,6729.98,6724.01,6726.26,2,48594
2018-06-20 05:50:00,6729.98,6729.98,6719.29,6720.45,2,48595
2018-06-20 05:55:00,6720.45,6729.99,6720.35,6729.96,2,48596
2018-06-20 06:00:00,6725.01,6731.0,6723.0,6729.33,2,48597
2018-06-20 06:05:00,6729.28,6730.13,6715.82,6722.82,2,48598
2018-06-20 06:10:00,6722.82,6725.13,6717.03,6724.0,2,48599
2018-06-20 06:15:00,6724.0,6728.83,6720.0,6726.74,2,48600
2018-06-20 06:20:00,6726.74,6730.0,6721.36,6726.47,2,48601
2018-06-20 06:25:00,6729.99,6742.28,6722.72,6730.4,2,48602
2018-06-20 06:30:00,6737.54,6740.74,6723.89,6729.04,2,48603
2018-06-20 06:35:00,6727.45,6737.13,6727.45,6729.05,2,48604
2018-06-20 06:40:00,6729.05,6737.13,6728.44,6736.83,2,48605
2018-06-20 06:45:00,6735.98,6745.0,6729.05,6742.66,2,48606
2018-06-20 06:50:00,6737.53,6746.0,6736.88,6744.81,3,48607
2018-06-20 06:55:00,6744.76,6751.0,6735.41,6741.21,0,48608
2018-06-20 07:00:00,6740.0,6742.7,6723.0,6739.23,0,48609
2018-06-20 07:05:00,6739.0,6745.06,6735.29,6740.0,0,48610
2018-06-20 07:10:00,6740.0,6740.0,6725.0,6732.0,0,48611
2018-06-20 07:15:00,6726.92,6736.93,6726.05,6730.85,0,48612
2018-06-20 07:20:00,6730.0,6730.85,6715.01,6715.23,0,48613
2018-06-20 07:25:00,6718.0,6724.0,6715.08,6719.0,0,48614
2018-06-20 07:30:00,6721.01,6722.88,6710.01,6712.02,0,48615
2018-06-20 07:35:00,6712.02,6714.75,6710.0,6714.7,0,48616
2018-06-20 07:40:00,6712.8,6720.0,6710.0,6712.33,0,48617
2018-06-20 07:45:00,6712.33,6719.3,6706.79,6710.79,0,48618
2018-06-20 07:50:00,6706.38,6709.99,6669.01,6679.81,0,48619
2018-06-20 07:55:00,6685.68,6692.6,6665.0,6670.0,0,48620
2018-06-20 08:00:00,6670.0,6677.65,6612.71,6630.66,0,48621
2018-06-20 08:05:00,6630.66,6638.27,6575.77,6592.99,0,48622
2018-06-20 08:10:00,6596.76,6605.0,6572.0,6578.86,0,48623
2018-06-20 08:15:00,6580.0,6582.22,6553.0,6555.0,1,48624
2018-06-20 08:20:00,6555.0,6589.0,6552.0,6581.95,2,48625
2018-06-20 08:25:00,6581.95,6584.87,6551.81,6569.07,2,48626
2018-06-20 08:30:00,6569.07,6592.22,6568.12,6582.91,2,48627
2018-06-20 08:35:00,6582.92,6605.4,6571.0,6594.97,2,48628
2018-06-20 08:40:00,6595.0,6601.07,6587.23,6593.0,2,48629
2018-06-20 08:45:00,6593.83,6593.94,6576.2,6590.98,2,48630
2018-06-20 08:50:00,6590.95,6598.99,6584.88,6598.35,2,48631
2018-06-20 08:55:00,6598.99,6627.23,6594.88,6618.99,3,48632
2018-06-20 09:00:00,6615.5,6619.97,6583.01,6590.21,0,48633
2018-06-20 09:05:00,6586.14,6600.0,6580.01,6595.03,0,48634
2018-06-20 09:10:00,6598.74,6600.0,6590.15,6597.04,0,48635
2018-06-20 09:15:00,6597.04,6606.58,6594.0,6594.0,0,48636
2018-06-20 09:20:00,6594.01,6600.01,6580.0,6586.38,1,48637
2018-06-20 09:25:00,6587.08,6594.12,6582.0,6590.76,2,48638
2018-06-20 09:30:00,6590.76,6594.12,6580.99,6588.49,2,48639
2018-06-20 09:35:00,6586.0,6594.12,6583.25,6594.11,2,48640
2018-06-20 09:40:00,6593.64,6598.0,6588.57,6598.0,2,48641
2018-06-20 09:45:00,6594.19,6604.69,6594.18,6595.55,2,48642
2018-06-20 09:50:00,6599.99,6600.19,6594.12,6598.99,2,48643
2018-06-20 09:55:00,6598.99,6603.34,6598.0,6598.53,2,48644
2018-06-20 10:00:00,6598.53,6608.66,6598.0,6605.17,2,48645
2018-06-20 10:05:00,6605.52,6611.06,6605.5,6611.06,2,48646
2018-06-20 10:10:00,6611.06,6618.0,6610.0,6614.16,2,48647
2018-06-20 10:15:00,6614.16,6618.96,6606.4,6611.99,2,48648
2018-06-20 10:20:00,6611.99,6615.99,6605.5,6615.97,3,48649
2018-06-20 10:25:00,6615.96,6620.99,6608.84,6614.67,0,48650
2018-06-20 10:30:00,6614.67,6617.85,6608.66,6609.0,0,48651
2018-06-20 10:35:00,6609.0,6614.05,6608.64,6610.0,0,48652
2018-06-20 10:40:00,6608.64,6614.31,6601.0,6601.0,0,48653
2018-06-20 10:45:00,6610.0,6610.0,6596.0,6599.99,0,48654
2018-06-20 10:50:00,6599.99,6603.0,6590.0,6598.95,0,48655
2018-06-20 10:55:00,6598.94,6609.98,6593.77,6601.73,0,48656
2018-06-20 11:00:00,6602.74,6613.79,6593.54,6595.77,0,48657
2018-06-20 11:05:00,6597.88,6597.88,6583.41,6587.99,0,48658
2018-06-20 11:10:00,6583.41,6588.0,6564.94,6571.79,1,48659
2018-06-20 11:15:00,6564.95,6592.67,6562.0,6583.37,2,48660
2018-06-20 11:20:00,6583.37,6589.49,6578.24,6581.03,2,48661
2018-06-20 11:25:00,6585.99,6586.0,6577.23,6582.31,2,48662
2018-06-20 11:30:00,6578.45,6591.13,6578.02,6578.02,2,48663
2018-06-20 11:35:00,6586.51,6597.97,6578.02,6588.0,2,48664
2018-06-20 11:40:00,6595.5,6598.0,6588.86,6592.0,2,48665
2018-06-20 11:45:00,6592.0,6600.0,6587.0,6592.01,2,48666
2018-06-20 11:50:00,6592.01,6601.0,6592.01,6592.21,2,48667
2018-06-20 11:55:00,6592.21,6595.0,6585.67,6588.85,2,48668
2018-06-20 12:00:00,6588.85,6607.57,6588.64,6602.62,2,48669
2018-06-20 12:05:00,6602.62,6605.98,6596.02,6596.92,2,48670
2018-06-20 12:10:00,6602.37,6603.22,6596.91,6598.2,2,48671
2018-06-20 12:15:00,6598.05,6599.98,6595.22,6595.22,2,48672
2018-06-20 12:20:00,6595.22,6598.93,6586.0,6597.65,2,48673
2018-06-20 12:25:00,6597.99,6598.94,6589.05,6590.04,2,48674
2018-06-20 12:30:00,6594.19,6594.19,6587.37,6589.01,2,48675
2018-06-20 12:35:00,6589.01,6592.53,6585.0,6589.31,2,48676
2018-06-20 12:40:00,6589.31,6591.81,6585.0,6588.62,2,48677
2018-06-20 12:45:00,6588.53,6593.09,6586.0,6591.77,2,48678
2018-06-20 12:50:00,6591.77,6591.97,6587.0,6587.12,2,48679
2018-06-20 12:55:00,6588.91,6591.5,6587.13,6587.38,2,48680
2018-06-20 13:00:00,6587.38,6590.62,6587.0,6587.39,2,48681
2018-06-20 13:05:00,6587.63,6591.97,6587.01,6591.97,2,48682
2018-06-20 13:10:00,6591.96,6598.94,6591.96,6596.66,2,48683
2018-06-20 13:15:00,6595.5,6598.94,6593.0,6594.02,2,48684
2018-06-20 13:20:00,6594.04,6598.94,6594.01,6594.05,2,48685
2018-06-20 13:25:00,6596.01,6603.0,6594.02,6600.51,2,48686
2018-06-20 13:30:00,6600.51,6602.99,6594.04,6601.6,2,48687
2018-06-20 13:35:00,6601.17,6601.17,6596.04,6598.42,2,48688
2018-06-20 13:40:00,6598.42,6602.04,6597.0,6602.04,2,48689
2018-06-20 13:45:00,6602.04,6614.0,6600.0,6609.01,2,48690
2018-06-20 13:50:00,6610.0,6645.0,6609.0,6624.63,2,48691
2018-06-20 13:55:00,6624.63,6631.11,6610.0,6624.08,2,48692
2018-06-20 14:00:00,6624.08,6630.0,6620.63,6626.72,2,48693
2018-06-20 14:05:00,6626.72,6631.53,6618.6,6618.6,2,48694
2018-06-20 14:10:00,6618.6,6627.79,6610.0,6621.0,2,48695
2018-06-20 14:15:00,6621.09,6629.02,6609.04,6624.13,2,48696
2018-06-20 14:20:00,6624.75,6625.72,6606.99,6611.26,2,48697
2018-06-20 14:25:00,6615.75,6615.75,6608.46,6614.0,2,48698
2018-06-20 14:30:00,6614.0,6620.0,6612.01,6616.06,2,48699
2018-06-20 14:35:00,6616.06,6620.0,6616.04,6620.0,2,48700
2018-06-20 14:40:00,6617.03,6628.0,6617.03,6626.33,2,48701
2018-06-20 14:45:00,6622.03,6626.33,6618.74,6622.45,2,48702
2018-06-20 14:50:00,6622.45,6629.02,6621.92,6626.01,2,48703
2018-06-20 14:55:00,6626.01,6630.0,6622.48,6627.95,2,48704
2018-06-20 15:00:00,6627.94,6628.39,6620.71,6625.89,2,48705
2018-06-20 15:05:00,6625.88,6630.0,6616.51,6622.38,2,48706
2018-06-20 15:10:00,6629.99,6634.34,6622.39,6629.01,2,48707
2018-06-20 15:15:00,6634.27,6635.0,6626.0,6632.0,2,48708
2018-06-20 15:20:00,6632.0,6635.0,6619.54,6626.76,2,48709
2018-06-20 15:25:00,6630.0,6630.0,6623.0,6625.99,2,48710
2018-06-20 15:30:00,6624.53,6629.0,6623.07,6626.52,2,48711
2018-06-20 15:35:00,6627.76,6632.0,6626.04,6626.22,2,48712
2018-06-20 15:40:00,6626.21,6630.0,6626.19,6628.03,2,48713
2018-06-20 15:45:00,6630.0,6636.71,6626.49,6630.01,2,48714
2018-06-20 15:50:00,6630.01,6638.0,6628.8,6629.04,2,48715
2018-06-20 15:55:00,6629.84,6635.22,6629.0,6633.99,2,48716
2018-06-20 16:00:00,6633.99,6635.22,6631.04,6631.56,2,48717
2018-06-20 16:05:00,6632.15,6634.95,6625.0,6628.01,2,48718
2018-06-20 16:10:00,6627.99,6628.0,6614.0,6623.99,2,48719
2018-06-20 16:15:00,6623.99,6630.09,6619.69,6630.09,2,48720
2018-06-20 16:20:00,6630.09,6642.0,6625.02,6633.41,2,48721
2018-06-20 16:25:00,6636.35,6639.18,6630.57,6636.15,2,48722
2018-06-20 16:30:00,6636.15,6643.26,6632.7,6638.59,2,48723
2018-06-20 16:35:00,6638.59,6663.81,6637.35,6643.9,2,48724
2018-06-20 16:40:00,6643.9,6647.27,6640.16,6644.92,3,48725
2018-06-20 16:45:00,6644.92,6644.99,6635.53,6639.35,0,48726
2018-06-20 16:50:00,6637.61,6643.99,6632.7,6643.99,0,48727
2018-06-20 16:55:00,6642.91,6646.22,6637.54,6641.15,0,48728
2018-06-20 17:00:00,6641.16,6645.02,6620.01,6632.17,0,48729
2018-06-20 17:05:00,6630.36,6630.36,6620.0,6626.62,0,48730
2018-06-20 17:10:00,6626.63,6629.6,6620.1,6626.69,0,48731
2018-06-20 17:15:00,6626.69,6632.0,6620.1,6630.52,0,48732
2018-06-20 17:20:00,6630.52,6632.0,6622.96,6625.74,0,48733
2018-06-20 17:25:00,6625.74,6633.41,6623.63,6630.99,0,48734
2018-06-20 17:30:00,6630.36,6631.01,6620.0,6624.0,0,48735
2018-06-20 17:35:00,6624.0,6625.0,6614.01,6616.55,0,48736
2018-06-20 17:40:00,6616.55,6620.92,6606.0,6615.34,0,48737
2018-06-20 17:45:00,6618.83,6623.0,6614.32,6623.0,0,48738
2018-06-20 17:50:00,6621.33,6629.99,6617.0,6625.72,0,48739
2018-06-20 17:55:00,6625.72,6628.9,6620.0,6622.06,0,48740
2018-06-20 18:00:00,6622.07,6622.28,6606.92,6615.0,0,48741
2018-06-20 18:05:00,6614.11,6622.2,6605.56,6616.95,0,48742
2018-06-20 18:10:00,6616.95,6621.45,6609.39,6611.9,0,48743
2018-06-20 18:15:00,6611.65,6617.35,6608.0,6615.49,0,48744
2018-06-20 18:20:00,6615.48,6623.0,6610.09,6620.02,0,48745
2018-06-20 18:25:00,6620.49,6624.02,6612.17,6620.0,0,48746
2018-06-20 18:30:00,6620.0,6623.55,6617.91,6620.45,0,48747
2018-06-20 18:35:00,6620.44,6629.61,6618.0,6623.98,0,48748
2018-06-20 18:40:00,6623.98,6628.9,6617.0,6621.53,0,48749
2018-06-20 18:45:00,6621.53,6625.49,6621.5,6624.95,0,48750
2018-06-20 18:50:00,6624.95,6627.99,6622.02,6624.63,0,48751
2018-06-20 18:55:00,6624.62,6633.04,6622.0,6626.61,0,48752
2018-06-20 19:00:00,6626.6,6630.6,6610.4,6620.0,0,48753
2018-06-20 19:05:00,6620.0,6626.29,6616.12,6623.97,0,48754
2018-06-20 19:10:00,6623.97,6627.0,6620.29,6623.22,0,48755
2018-06-20 19:15:00,6623.23,6626.0,6620.0,6620.45,0,48756
2018-06-20 19:20:00,6625.0,6627.0,6620.01,6620.02,0,48757
2018-06-20 19:25:00,6620.89,6626.0,6620.01,6624.97,0,48758
2018-06-20 19:30:00,6624.97,6625.56,6600.95,6615.93,0,48759
2018-06-20 19:35:00,6613.47,6615.95,6604.5,6611.22,0,48760
2018-06-20 19:40:00,6611.22,6614.97,6605.0,6610.0,0,48761
2018-06-20 19:45:00,6609.64,6613.94,6607.0,6612.03,0,48762
2018-06-20 19:50:00,6613.23,6614.9,6612.0,6612.63,0,48763
2018-06-20 19:55:00,6612.62,6615.7,6602.8,6612.0,0,48764
2018-06-20 20:00:00,6612.0,6612.0,6601.01,6606.97,0,48765
2018-06-20 20:05:00,6605.99,6607.94,6572.0,6606.9,1,48766
2018-06-20 20:10:00,6606.84,6610.95,6601.54,6610.8,2,48767
2018-06-20 20:15:00,6610.81,6665.0,6610.78,6656.29,2,48768
2018-06-20 20:20:00,6656.28,6761.99,6643.56,6726.5,2,48769
2018-06-20 20:25:00,6726.5,6735.8,6698.0,6710.93,2,48770
2018-06-20 20:30:00,6710.93,6729.99,6703.0,6720.84,2,48771
2018-06-20 20:35:00,6720.84,6739.03,6716.34,6720.52,2,48772
2018-06-20 20:40:00,6725.59,6743.19,6712.48,6732.51,2,48773
2018-06-20 20:45:00,6739.73,6759.52,6731.0,6736.01,2,48774
2018-06-20 20:50:00,6736.01,6739.42,6722.71,6727.04,2,48775
2018-06-20 20:55:00,6727.04,6734.8,6722.86,6727.72,2,48776
2018-06-20 21:00:00,6725.6,6745.0,6725.0,6739.05,2,48777
2018-06-20 21:05:00,6739.05,6757.54,6733.96,6754.92,2,48778
2018-06-20 21:10:00,6754.92,6778.7,6745.0,6758.55,2,48779
2018-06-20 21:15:00,6758.54,6762.9,6725.48,6744.68,2,48780
2018-06-20 21:20:00,6746.0,6756.67,6743.39,6749.9,2,48781
2018-06-20 21:25:00,6749.9,6765.72,6745.83,6753.58,2,48782
2018-06-20 21:30:00,6753.0,6767.0,6752.47,6766.65,3,48783
2018-06-20 21:35:00,6765.0,6766.66,6746.01,6753.96,0,48784
2018-06-20 21:40:00,6753.96,6755.89,6745.84,6750.97,0,48785
2018-06-20 21:45:00,6750.97,6755.89,6746.42,6755.89,0,48786
2018-06-20 21:50:00,6750.03,6759.99,6747.14,6759.99,0,48787
2018-06-20 21:55:00,6759.97,6760.57,6756.0,6756.04,0,48788
2018-06-20 22:00:00,6759.89,6769.01,6756.17,6765.72,0,48789
2018-06-20 22:05:00,6762.02,6765.7,6747.47,6753.36,0,48790
2018-06-20 22:10:00,6753.99,6757.0,6744.25,6750.15,0,48791
2018-06-20 22:15:00,6750.16,6754.0,6746.0,6753.0,0,48792
2018-06-20 22:20:00,6753.0,6754.46,6747.0,6749.15,0,48793
2018-06-20 22:25:00,6749.15,6754.0,6739.42,6742.75,1,48794
2018-06-20 22:30:00,6747.56,6750.0,6739.42,6746.99,2,48795
2018-06-20 22:35:00,6746.32,6754.0,6744.98,6750.38,2,48796
2018-06-20 22:40:00,6747.04,6754.0,6744.98,6751.0,2,48797
2018-06-20 22:45:00,6751.03,6753.99,6748.95,6748.96,2,48798
2018-06-20 22:50:00,6748.95,6753.99,6748.95,6753.99,2,48799
2018-06-20 22:55:00,6753.96,6753.97,6748.96,6750.62,2,48800
2018-06-20 23:00:00,6750.64,6785.96,6750.62,6770.63,2,48801
2018-06-20 23:05:00,6761.02,6772.61,6756.2,6763.01,2,48802
2018-06-20 23:10:00,6763.01,6777.12,6761.5,6772.98,2,48803
2018-06-20 23:15:00,6775.04,6779.0,6770.0,6773.09,2,48804
2018-06-20 23:20:00,6773.08,6784.0,6770.0,6780.32,2,48805
2018-06-20 23:25:00,6780.31,6817.23,6773.2,6776.0,2,48806
2018-06-20 23:30:00,6776.0,6786.06,6771.0,6784.0,3,48807
2018-06-20 23:35:00,6784.1,6787.0,6774.35,6777.0,0,48808
2018-06-20 23:40:00,6777.0,6777.58,6746.37,6754.98,0,48809
2018-06-20 23:45:00,6750.0,6768.76,6746.37,6763.98,0,48810
2018-06-20 23:50:00,6763.98,6764.0,6750.1,6750.1,0,48811
2018-06-20 23:55:00,6750.0,6753.56,6740.15,6745.01,0,48812
2018-06-21 00:00:00,6744.44,6753.56,6742.67,6753.17,0,48813
2018-06-21 00:05:00,6753.17,6753.56,6750.1,6753.0,0,48814
2018-06-21 00:10:00,6753.0,6756.78,6750.01,6753.5,0,48815
2018-06-21 00:15:00,6755.14,6757.0,6741.83,6744.0,0,48816
2018-06-21 00:20:00,6744.01,6748.54,6739.14,6748.36,0,48817
2018-06-21 00:25:00,6748.36,6750.15,6746.0,6747.17,0,48818
2018-06-21 00:30:00,6746.95,6750.02,6746.0,6746.0,0,48819
2018-06-21 00:35:00,6747.22,6747.99,6740.1,6747.64,0,48820
2018-06-21 00:40:00,6742.03,6750.01,6742.0,6746.28,0,48821
2018-06-21 00:45:00,6746.29,6753.97,6745.1,6750.04,0,48822
2018-06-21 00:50:00,6750.04,6753.97,6747.1,6750.0,0,48823
2018-06-21 00:55:00,6749.99,6753.89,6746.7,6751.26,0,48824
2018-06-21 01:00:00,6751.21,6754.93,6745.1,6750.01,0,48825
2018-06-21 01:05:00,6750.01,6763.41,6747.57,6757.01,0,48826
2018-06-21 01:10:00,6761.17,6770.0,6757.0,6763.88,0,48827
2018-06-21 01:15:00,6764.0,6771.5,6754.0,6763.36,0,48828
2018-06-21 01:20:00,6763.35,6764.16,6756.67,6764.15,0,48829
2018-06-21 01:25:00,6764.15,6764.82,6753.61,6759.57,0,48830
2018-06-21 01:30:00,6764.82,6766.0,6760.0,6763.0,0,48831
2018-06-21 01:35:00,6764.5,6766.9,6758.0,6761.67,0,48832
2018-06-21 01:40:00,6759.84,6763.26,6755.02,6755.6,0,48833
2018-06-21 01:45:00,6755.6,6761.14,6750.32,6755.0,0,48834
2018-06-21 01:50:00,6756.0,6759.0,6748.04,6749.81,0,48835
2018-06-21 01:55:00,6748.08,6758.88,6748.01,6757.5,0,48836
2018-06-21 02:00:00,6755.4,6755.79,6750.0,6751.66,0,48837
2018-06-21 02:05:00,6751.66,6754.99,6751.64,6754.2,0,48838
2018-06-21 02:10:00,6753.87,6755.0,6752.53,6752.54,0,48839
2018-06-21 02:15:00,6753.0,6759.6,6750.0,6751.16,0,48840
2018-06-21 02:20:00,6755.0,6760.0,6752.84,6759.23,0,48841
2018-06-21 02:25:00,6756.94,6760.0,6752.63,6759.17,0,48842
2018-06-21 02:30:00,6759.16,6759.22,6750.0,6753.02,0,48843
2018-06-21 02:35:00,6752.21,6758.93,6750.0,6755.84,0,48844
2018-06-21 02:40:00,6753.42,6755.92,6748.01,6754.93,0,48845
2018-06-21 02:45:00,6754.93,6756.0,6747.1,6748.01,0,48846
2018-06-21 02:50:00,6748.0,6750.0,6743.0,6745.36,0,48847
2018-06-21 02:55:00,6745.36,6750.0,6737.6,6748.93,0,48848
2018-06-21 03:00:00,6748.93,6749.09,6738.01,6738.26,0,48849
2018-06-21 03:05:00,6740.0,6743.99,6711.12,6729.11,0,48850
2018-06-21 03:10:00,6732.0,6739.86,6729.12,6735.0,0,48851
2018-06-21 03:15:00,6735.01,6749.0,6735.0,6739.08,0,48852
2018-06-21 03:20:00,6739.08,6748.99,6735.34,6748.99,0,48853
2018-06-21 03:25:00,6748.5,6749.0,6741.25,6749.0,0,48854
2018-06-21 03:30:00,6746.95,6750.0,6738.53,6739.31,0,48855
2018-06-21 03:35:00,6740.21,6745.92,6735.66,6740.29,0,48856
2018-06-21 03:40:00,6742.29,6748.99,6740.29,6745.0,0,48857
2018-06-21 03:45:00,6745.51,6747.7,6740.55,6741.71,0,48858
2018-06-21 03:50:00,6744.22,6750.0,6741.74,6746.05,0,48859
2018-06-21 03:55:00,6746.05,6748.98,6738.0,6740.0,0,48860
2018-06-21 04:00:00,6740.0,6746.97,6737.07,6745.97,0,48861
2018-06-21 04:05:00,6745.96,6746.99,6738.0,6741.12,0,48862
2018-06-21 04:10:00,6741.13,6746.26,6737.07,6737.13,0,48863
2018-06-21 04:15:00,6737.13,6743.0,6732.12,6733.13,0,48864
2018-06-21 04:20:00,6735.1,6737.14,6729.73,6733.04,0,48865
2018-06-21 04:25:00,6737.0,6737.14,6725.0,6732.99,0,48866
2018-06-21 04:30:00,6732.99,6737.14,6727.99,6734.96,0,48867
2018-06-21 04:35:00,6730.03,6736.99,6728.0,6733.44,0,48868
2018-06-21 04:40:00,6733.44,6734.43,6729.98,6730.99,0,48869
2018-06-21 04:45:00,6730.99,6734.41,6724.81,6726.43,0,48870
2018-06-21 04:50:00,6726.43,6728.5,6710.88,6714.0,0,48871
2018-06-21 04:55:00,6714.0,6715.99,6711.0,6715.0,0,48872
2018-06-21 05:00:00,6714.47,6733.19,6714.46,6727.21,0,48873
2018-06-21 05:05:00,6727.24,6731.59,6710.02,6717.44,0,48874
2018-06-21 05:10:00,6717.44,6720.57,6710.02,6716.73,0,48875
2018-06-21 05:15:00,6720.56,6722.0,6716.73,6717.11,0,48876
2018-06-21 05:20:00,6717.11,6721.99,6710.05,6717.98,0,48877
2018-06-21 05:25:00,6710.28,6717.76,6708.93,6712.0,0,48878
2018-06-21 05:30:00,6712.0,6717.98,6710.28,6712.0,1,48879
2018-06-21 05:35:00,6710.28,6716.96,6710.28,6713.02,2,48880
2018-06-21 05:40:00,6714.95,6716.9,6713.0,6713.04,2,48881
2018-06-21 05:45:00,6713.02,6720.76,6712.53,6720.05,2,48882
2018-06-21 05:50:00,6720.06,6729.97,6719.85,6729.96,2,48883
2018-06-21 05:55:00,6727.0,6733.4,6726.99,6730.01,2,48884
2018-06-21 06:00:00,6730.02,6735.0,6727.05,6733.98,2,48885
2018-06-21 06:05:00,6731.55,6744.0,6731.55,6743.97,2,48886
2018-06-21 06:10:00,6743.97,6744.0,6737.74,6743.0,2,48887
2018-06-21 06:15:00,6743.0,6748.0,6743.0,6745.0,2,48888
2018-06-21 06:20:00,6745.0,6747.99,6736.36,6739.65,2,48889
2018-06-21 06:25:00,6739.71,6750.03,6738.61,6750.03,2,48890
2018-06-21 06:30:00,6750.02,6752.91,6741.46,6747.78,2,48891
2018-06-21 06:35:00,6746.84,6752.0,6746.77,6749.59,2,48892
2018-06-21 06:40:00,6748.9,6754.99,6747.0,6754.01,2,48893
2018-06-21 06:45:00,6754.02,6756.37,6747.78,6756.0,2,48894
2018-06-21 06:50:00,6754.99,6755.99,6750.08,6755.0,2,48895
2018-06-21 06:55:00,6753.66,6764.91,6751.21,6761.51,2,48896
2018-06-21 07:00:00,6763.21,6765.0,6746.78,6750.9,2,48897
2018-06-21 07:05:00,6750.9,6750.9,6742.68,6747.78,2,48898
2018-06-21 07:10:00,6745.26,6747.83,6731.4,6743.86,2,48899
2018-06-21 07:15:00,6745.0,6749.51,6740.04,6749.51,2,48900
2018-06-21 07:20:00,6749.51,6754.79,6743.99,6748.91,2,48901
2018-06-21 07:25:00,6748.91,6754.97,6740.04,6749.01,2,48902
2018-06-21 07:30:00,6749.22,6774.99,6743.21,6759.33,2,48903
2018-06-21 07:35:00,6759.34,6764.27,6750.01,6753.87,2,48904
2018-06-21 07:40:00,6752.51,6756.52,6742.02,6745.22,2,48905
2018-06-21 07:45:00,6745.22,6750.02,6729.16,6741.99,2,48906
2018-06-21 07:50:00,6741.76,6750.67,6738.85,6750.67,2,48907
2018-06-21 07:55:00,6748.5,6757.0,6747.05,6753.35,2,48908
2018-06-21 08:00:00,6755.56,6756.34,6742.25,6755.32,2,48909
2018-06-21 08:05:00,6754.94,6758.74,6743.51,6753.8,2,48910
2018-06-21 08:10:00,6753.8,6756.37,6742.01,6746.07,2,48911
2018-06-21 08:15:00,6748.0,6752.0,6743.33,6745.4,2,48912
2018-06-21 08:20:00,6748.24,6748.25,6743.1,6746.6,2,48913
2018-06-21 08:25:00,6746.84,6751.21,6742.23,6749.0,2,48914
2018-06-21 08:30:00,6749.0,6751.21,6746.01,6751.21,2,48915
2018-06-21 08:35:00,6751.2,6752.0,6744.01,6744.21,2,48916
2018-06-21 08:40:00,6744.18,6750.08,6734.03,6746.27,2,48917
2018-06-21 08:45:00,6749.0,6750.0,6746.26,6748.69,2,48918
2018-06-21 08:50:00,6747.89,6753.44,6747.1,6751.23,2,48919
2018-06-21 08:55:00,6753.44,6760.0,6751.23,6759.98,2,48920
2018-06-21 09:00:00,6756.4,6765.7,6754.0,6765.01,2,48921
2018-06-21 09:05:00,6765.01,6772.98,6757.96,6766.58,2,48922
2018-06-21 09:10:00,6766.58,6778.13,6757.57,6770.0,2,48923
2018-06-21 09:15:00,6770.15,6795.0,6770.14,6776.85,2,48924
2018-06-21 09:20:00,6776.85,6782.76,6758.4,6769.81,2,48925
2018-06-21 09:25:00,6770.39,6770.98,6761.32,6770.8,2,48926
2018-06-21 09:30:00,6770.8,6773.98,6765.05,6769.03,2,48927
2018-06-21 09:35:00,6773.8,6774.0,6768.19,6774.0,2,48928
2018-06-21 09:40:00,6770.92,6784.33,6770.92,6780.0,2,48929
2018-06-21 09:45:00,6780.01,6783.8,6775.0,6782.98,2,48930
2018-06-21 09:50:00,6782.98,6792.0,6777.0,6790.0,3,48931
2018-06-21 09:55:00,6788.0,6789.98,6773.0,6778.48,0,48932
2018-06-21 10:00:00,6782.0,6787.91,6778.45,6783.88,0,48933
2018-06-21 10:05:00,6783.8,6784.0,6776.36,6781.0,0,48934
2018-06-21 10:10:00,6780.09,6783.01,6768.24,6775.12,0,48935
2018-06-21 10:15:00,6771.62,6777.83,6769.01,6770.0,0,48936
2018-06-21 10:20:00,6769.74,6770.85,6768.25,6769.01,0,48937
2018-06-21 10:25:00,6769.01,6773.27,6763.91,6767.99,0,48938
2018-06-21 10:30:00,6766.16,6771.0,6763.93,6768.08,0,48939
2018-06-21 10:35:00,6770.99,6774.99,6767.29,6769.04,0,48940
2018-06-21 10:40:00,6768.18,6771.98,6764.36,6764.36,0,48941
2018-06-21 10:45:00,6766.0,6771.99,6764.36,6771.96,0,48942
2018-06-21 10:50:00,6771.51,6775.39,6769.14,6771.58,0,48943
2018-06-21 10:55:00,6773.48,6777.98,6771.3,6772.41,0,48944
2018-06-21 11:00:00,6772.69,6776.8,6764.51,6766.88,0,48945
2018-06-21 11:05:00,6767.14,6772.38,6765.0,6771.44,0,48946
2018-06-21 11:10:00,6771.43,6771.44,6751.86,6759.92,0,48947
2018-06-21 11:15:00,6759.85,6763.5,6754.42,6762.04,0,48948
2018-06-21 11:20:00,6762.03,6765.0,6759.57,6763.99,0,48949
2018-06-21 11:25:00,6762.01,6763.99,6751.0,6758.45,0,48950
2018-06-21 11:30:00,6758.0,6758.0,6746.49,6751.74,0,48951
2018-06-21 11:35:00,6751.73,6753.96,6743.82,6746.41,0,48952
2018-06-21 11:40:00,6746.41,6750.98,6745.0,6750.98,0,48953
2018-06-21 11:45:00,6750.98,6760.0,6750.0,6754.81,0,48954
2018-06-21 11:50:00,6755.07,6758.99,6753.14,6755.69,0,48955
2018-06-21 11:55:00,6755.69,6762.05,6753.15,6759.21,0,48956
2018-06-21 12:00:00,6759.0,6762.05,6759.0,6759.0,0,48957
2018-06-21 12:05:00,6759.0,6759.23,6754.28,6757.99,0,48958
2018-06-21 12:10:00,6754.33,6757.98,6743.81,6747.31,0,48959
2018-06-21 12:15:00,6745.58,6747.8,6738.04,6739.99,0,48960
2018-06-21 12:20:00,6739.82,6746.51,6736.0,6744.4,0,48961
2018-06-21 12:25:00,6744.41,6753.68,6742.47,6748.04,0,48962
2018-06-21 12:30:00,6748.04,6750.91,6743.91,6744.0,0,48963
2018-06-21 12:35:00,6745.99,6747.98,6744.0,6746.13,0,48964
2018-06-21 12:40:00,6746.13,6747.98,6745.0,6747.11,0,48965
2018-06-21 12:45:00,6747.98,6749.32,6745.45,6745.45,0,48966
2018-06-21 12:50:00,6748.0,6748.0,6744.03,6747.96,0,48967
2018-06-21 12:55:00,6747.96,6748.0,6741.25,6741.27,0,48968
2018-06-21 13:00:00,6744.76,6759.23,6731.43,6732.0,1,48969
2018-06-21 13:05:00,6732.0,6747.0,6731.43,6740.0,2,48970
2018-06-21 13:10:00,6743.0,6743.99,6732.0,6738.0,2,48971
2018-06-21 13:15:00,6738.0,6751.0,6736.95,6744.82,2,48972
2018-06-21 13:20:00,6744.22,6746.08,6741.97,6744.08,2,48973
2018-06-21 13:25:00,6744.04,6749.99,6744.01,6746.39,2,48974
2018-06-21 13:30:00,6748.0,6751.71,6744.01,6751.26,2,48975
2018-06-21 13:35:00,6750.85,6753.65,6745.0,6747.58,2,48976
2018-06-21 13:40:00,6747.58,6752.0,6745.02,6746.02,2,48977
2018-06-21 13:45:00,6750.0,6750.99,6746.0,6749.0,2,48978
2018-06-21 13:50:00,6750.0,6760.0,6748.0,6760.0,2,48979
2018-06-21 13:55:00,6759.37,6766.37,6757.0,6765.29,2,48980
2018-06-21 14:00:00,6765.29,6770.0,6764.2,6766.99,3,48981
2018-06-21 14:05:00,6766.99,6767.42,6758.59,6758.65,0,48982
2018-06-21 14:10:00,6758.66,6762.5,6755.72,6759.99,0,48983
2018-06-21 14:15:00,6759.99,6767.3,6752.76,6761.57,0,48984
2018-06-21 14:20:00,6761.57,6769.79,6754.03,6756.0,0,48985
2018-06-21 14:25:00,6756.0,6760.18,6751.08,6755.31,0,48986
2018-06-21 14:30:00,6755.33,6766.13,6751.13,6760.0,0,48987
2018-06-21 14:35:00,6755.77,6759.99,6755.03,6757.99,0,48988
2018-06-21 14:40:00,6757.99,6762.0,6753.02,6762.0,0,48989
2018-06-21 14:45:00,6761.73,6763.97,6755.81,6755.81,0,48990
2018-06-21 14:50:00,6755.81,6761.91,6754.02,6754.12,0,48991
2018-06-21 14:55:00,6755.12,6759.99,6750.18,6758.72,0,48992
2018-06-21 15:00:00,6751.94,6758.71,6735.0,6741.0,0,48993
2018-06-21 15:05:00,6741.0,6743.98,6731.59,6741.79,0,48994
2018-06-21 15:10:00,6741.79,6752.82,6741.7,6746.23,0,48995
2018-06-21 15:15:00,6744.57,6749.78,6740.0,6743.0,0,48996
2018-06-21 15:20:00,6743.0,6743.0,6729.99,6732.0,0,48997
2018-06-21 15:25:00,6731.98,6737.47,6708.92,6729.36,0,48998
2018-06-21 15:30:00,6729.36,6737.32,6720.74,6732.3,0,48999
2018-06-21 15:35:00,6732.29,6732.3,6725.1,6727.81,0,49000
2018-06-21 15:40:00,6727.81,6736.47,6716.0,6721.7,0,49001
2018-06-21 15:45:00,6721.7,6723.94,6713.1,6717.09,0,49002
2018-06-21 15:50:00,6717.99,6723.55,6713.12,6715.03,0,49003
2018-06-21 15:55:00,6715.04,6721.85,6713.45,6716.45,0,49004
2018-06-21 16:00:00,6716.45,6726.0,6716.41,6720.16,0,49005
2018-06-21 16:05:00,6720.16,6731.0,6720.0,6731.0,0,49006
2018-06-21 16:10:00,6728.0,6731.41,6720.0,6723.53,0,49007
2018-06-21 16:15:00,6723.53,6727.58,6720.0,6720.0,0,49008
2018-06-21 16:20:00,6720.99,6725.07,6718.15,6723.0,0,49009
2018-06-21 16:25:00,6722.5,6729.37,6722.0,6726.02,0,49010
2018-06-21 16:30:00,6726.02,6729.58,6724.0,6725.6,0,49011
2018-06-21 16:35:00,6725.6,6728.6,6713.7,6713.73,0,49012
2018-06-21 16:40:00,6715.46,6721.28,6708.9,6715.0,0,49013
2018-06-21 16:45:00,6710.81,6715.0,6703.81,6705.0,1,49014
2018-06-21 16:50:00,6705.0,6720.1,6680.0,6711.86,2,49015
2018-06-21 16:55:00,6711.86,6747.37,6710.01,6736.5,2,49016
2018-06-21 17:00:00,6736.5,6749.99,6733.82,6740.5,2,49017
2018-06-21 17:05:00,6740.5,6746.0,6733.22,6738.93,2,49018
2018-06-21 17:10:00,6738.93,6743.25,6731.01,6743.1,2,49019
2018-06-21 17:15:00,6743.25,6745.0,6726.0,6737.69,2,49020
2018-06-21 17:20:00,6737.67,6744.0,6737.66,6740.33,2,49021
2018-06-21 17:25:00,6740.33,6744.0,6735.71,6739.95,2,49022
2018-06-21 17:30:00,6739.95,6746.5,6735.99,6743.71,2,49023
2018-06-21 17:35:00,6743.71,6779.69,6743.65,6759.02,3,49024
2018-06-21 17:40:00,6759.01,6761.0,6744.0,6751.76,0,49025
2018-06-21 17:45:00,6751.75,6752.28,6743.63,6747.06,0,49026
2018-06-21 17:50:00,6743.69,6749.0,6735.99,6744.79,0,49027
2018-06-21 17:55:00,6744.79,6746.0,6737.01,6746.0,0,49028
2018-06-21 18:00:00,6746.0,6746.94,6736.07,6737.15,0,49029
2018-06-21 18:05:00,6737.15,6745.17,6737.04,6742.0,0,49030
2018-06-21 18:10:00,6742.0,6746.0,6737.0,6737.08,0,49031
2018-06-21 18:15:00,6737.08,6740.39,6724.12,6728.78,0,49032
2018-06-21 18:20:00,6732.49,6740.11,6726.5,6733.99,0,49033
2018-06-21 18:25:00,6735.57,6739.9,6732.11,6735.46,0,49034
2018-06-21 18:30:00,6735.46,6736.0,6729.85,6735.0,0,49035
2018-06-21 18:35:00,6729.99,6735.0,6726.39,6727.71,0,49036
2018-06-21 18:40:00,6729.43,6730.01,6725.0,6725.0,0,49037
2018-06-21 18:45:00,6724.73,6730.01,6723.83,6727.47,0,49038
2018-06-21 18:50:00,6727.47,6730.01,6724.0,6730.01,0,49039
2018-06-21 18:55:00,6729.0,6733.98,6727.0,6732.85,0,49040
2018-06-21 19:00:00,6730.0,6730.0,6715.35,6722.96,0,49041
2018-06-21 19:05:00,6722.95,6735.0,6719.0,6731.86,0,49042
2018-06-21 19:10:00,6731.87,6734.84,6730.18,6732.2,0,49043
2018-06-21 19:15:00,6731.34,6732.92,6721.12,6725.53,0,49044
2018-06-21 19:20:00,6724.23,6733.1,6721.1,6727.0,0,49045
2018-06-21 19:25:00,6728.99,6740.0,6727.0,6735.03,0,49046
2018-06-21 19:30:00,6740.0,6740.0,6728.01,6731.23,0,49047
2018-06-21 19:35:00,6731.63,6739.94,6729.79,6734.98,0,49048
2018-06-21 19:40:00,6732.15,6740.94,6727.01,6739.94,0,49049
2018-06-21 19:45:00,6739.94,6740.25,6730.0,6734.09,0,49050
2018-06-21 19:50:00,6734.29,6734.29,6719.03,6725.81,0,49051
2018-06-21 19:55:00,6721.33,6727.67,6710.2,6714.67,0,49052
2018-06-21 20:00:00,6714.67,6727.67,6711.13,6718.79,0,49053
2018-06-21 20:05:00,6718.79,6724.49,6715.89,6716.01,0,49054
2018-06-21 20:10:00,6718.86,6721.3,6708.98,6711.9,0,49055
2018-06-21 20:15:00,6709.0,6720.0,6702.68,6715.0,0,49056
2018-06-21 20:20:00,6714.99,6722.47,6714.0,6719.0,0,49057
2018-06-21 20:25:00,6718.76,6727.0,6715.86,6719.98,0,49058
2018-06-21 20:30:00,6720.0,6720.0,6715.0,6715.1,0,49059
2018-06-21 20:35:00,6715.97,6715.97,6707.62,6709.97,0,49060
2018-06-21 20:40:00,6709.97,6709.97,6690.78,6691.54,1,49061
2018-06-21 20:45:00,6693.11,6719.99,6672.57,6715.96,2,49062
2018-06-21 20:50:00,6715.96,6728.0,6713.05,6719.97,2,49063
2018-06-21 20:55:00,6719.97,6722.93,6713.0,6720.0,2,49064
2018-06-21 21:00:00,6720.0,6726.79,6707.32,6707.51,2,49065
2018-06-21 21:05:00,6707.51,6725.0,6704.89,6720.02,3,49066
2018-06-21 21:10:00,6720.02,6723.18,6710.0,6717.58,0,49067
2018-06-21 21:15:00,6718.95,6718.95,6712.0,6713.09,0,49068
2018-06-21 21:20:00,6713.09,6713.09,6695.93,6706.35,0,49069
2018-06-21 21:25:00,6706.35,6710.39,6700.55,6701.38,0,49070
2018-06-21 21:30:00,6701.38,6703.8,6692.85,6694.63,1,49071
2018-06-21 21:35:00,6694.63,6717.95,6694.23,6708.05,2,49072
2018-06-21 21:40:00,6705.96,6709.33,6693.26,6698.0,2,49073
2018-06-21 21:45:00,6695.01,6720.0,6685.95,6714.0,2,49074
2018-06-21 21:50:00,6713.99,6720.0,6709.34,6718.01,2,49075
2018-06-21 21:55:00,6718.01,6720.0,6713.01,6715.99,2,49076
2018-06-21 22:00:00,6715.99,6719.96,6704.68,6711.4,2,49077
2018-06-21 22:05:00,6711.39,6711.4,6704.68,6710.0,2,49078
2018-06-21 22:10:00,6709.01,6711.35,6705.63,6707.29,2,49079
2018-06-21 22:15:00,6707.29,6707.68,6705.57,6707.68,2,49080
2018-06-21 22:20:00,6707.68,6719.0,6704.69,6711.52,2,49081
2018-06-21 22:25:00,6711.51,6724.88,6711.41,6719.9,2,49082
2018-06-21 22:30:00,6718.76,6731.99,6717.6,6721.08,2,49083
2018-06-21 22:35:00,6721.08,6730.0,6715.0,6723.56,2,49084
2018-06-21 22:40:00,6723.01,6729.81,6719.23,6724.0,3,49085
2018-06-21 22:45:00,6724.0,6724.9,6713.32,6719.0,0,49086
2018-06-21 22:50:00,6719.0,6719.89,6704.68,6713.42,0,49087
2018-06-21 22:55:00,6716.0,6717.71,6708.55,6713.96,0,49088
2018-06-21 23:00:00,6713.96,6716.49,6701.05,6702.26,0,49089
2018-06-21 23:05:00,6702.28,6710.0,6694.56,6698.81,0,49090
2018-06-21 23:10:00,6698.81,6715.02,6693.43,6708.91,0,49091
2018-06-21 23:15:00,6712.67,6719.75,6708.41,6708.5,0,49092
2018-06-21 23:20:00,6711.7,6714.82,6699.22,6705.77,0,49093
2018-06-21 23:25:00,6704.77,6719.75,6702.39,6718.65,0,49094
2018-06-21 23:30:00,6718.64,6725.0,6717.96,6722.0,0,49095
2018-06-21 23:35:00,6721.61,6724.0,6711.0,6711.0,0,49096
2018-06-21 23:40:00,6713.19,6723.98,6708.0,6714.01,0,49097
2018-06-21 23:45:00,6714.01,6737.79,6710.87,6725.45,0,49098
2018-06-21 23:50:00,6729.96,6729.97,6717.91,6719.98,0,49099
2018-06-21 23:55:00,6719.95,6724.99,6714.79,6719.97,0,49100
2018-06-22 00:00:00,6719.97,6720.0,6716.0,6717.36,0,49101
2018-06-22 00:05:00,6719.8,6720.0,6716.0,6717.99,0,49102
2018-06-22 00:10:00,6718.0,6726.93,6717.99,6721.39,0,49103
2018-06-22 00:15:00,6721.38,6721.38,6710.06,6710.06,0,49104
2018-06-22 00:20:00,6710.92,6714.99,6708.1,6710.98,0,49105
2018-06-22 00:25:00,6710.97,6710.97,6688.0,6696.73,1,49106
2018-06-22 00:30:00,6696.69,6710.0,6695.62,6698.8,2,49107
2018-06-22 00:35:00,6698.8,6705.26,6689.85,6699.03,2,49108
2018-06-22 00:40:00,6699.03,6712.77,6697.69,6707.58,2,49109
2018-06-22 00:45:00,6707.53,6711.45,6697.7,6702.83,2,49110
2018-06-22 00:50:00,6702.83,6710.0,6695.5,6704.0,2,49111
2018-06-22 00:55:00,6704.0,6709.99,6699.43,6703.98,2,49112
2018-06-22 01:00:00,6703.98,6710.1,6701.38,6709.99,2,49113
2018-06-22 01:05:00,6710.1,6712.77,6705.14,6708.98,2,49114
2018-06-22 01:10:00,6707.63,6711.0,6705.94,6708.0,2,49115
2018-06-22 01:15:00,6708.0,6708.0,6700.0,6701.31,2,49116
2018-06-22 01:20:00,6701.31,6705.63,6700.95,6703.98,2,49117
2018-06-22 01:25:00,6703.99,6708.0,6698.78,6699.76,2,49118
2018-06-22 01:30:00,6701.6,6705.0,6698.6,6700.0,2,49119
2018-06-22 01:35:00,6700.0,6707.0,6698.12,6701.67,2,49120
2018-06-22 01:40:00,6703.62,6707.0,6699.02,6703.9,2,49121
2018-06-22 01:45:00,6703.9,6704.99,6700.14,6703.24,2,49122
2018-06-22 01:50:00,6703.24,6704.97,6697.3,6700.97,2,49123
2018-06-22 01:55:00,6700.96,6701.0,6690.67,6697.0,2,49124
2018-06-22 02:00:00,6695.1,6704.92,6695.0,6702.33,2,49125
2018-06-22 02:05:00,6702.33,6724.56,6702.33,6706.01,2,49126
2018-06-22 02:10:00,6707.0,6713.0,6704.0,6710.0,2,49127
2018-06-22 02:15:00,6710.0,6713.0,6707.61,6709.79,2,49128
2018-06-22 02:20:00,6709.9,6712.99,6702.42,6702.44,2,49129
2018-06-22 02:25:00,6703.03,6710.0,6701.22,6706.98,2,49130
2018-06-22 02:30:00,6706.0,6709.84,6703.25,6704.25,2,49131
2018-06-22 02:35:00,6708.98,6709.5,6703.0,6707.68,2,49132
2018-06-22 02:40:00,6704.48,6709.84,6700.5,6709.84,2,49133
2018-06-22 02:45:00,6709.84,6710.0,6706.08,6707.03,2,49134
2018-06-22 02:50:00,6708.51,6722.0,6707.02,6718.53,2,49135
2018-06-22 02:55:00,6718.53,6722.0,6706.46,6714.04,2,49136
2018-06-22 03:00:00,6714.52,6715.0,6705.06,6710.44,2,49137
2018-06-22 03:05:00,6714.89,6720.01,6709.14,6720.0,2,49138
2018-06-22 03:10:00,6720.0,6725.0,6716.24,6722.55,2,49139
2018-06-22 03:15:00,6722.55,6728.9,6722.01,6725.34,2,49140
2018-06-22 03:20:00,6727.7,6730.0,6725.33,6727.01,2,49141
2018-06-22 03:25:00,6727.02,6729.87,6726.24,6728.5,3,49142
2018-06-22 03:30:00,6728.7,6728.79,6711.16,6718.7,0,49143
2018-06-22 03:35:00,6717.37,6728.0,6716.0,6720.14,0,49144
2018-06-22 03:40:00,6723.56,6728.0,6700.0,6710.41,0,49145
2018-06-22 03:45:00,6711.0,6719.4,6701.49,6711.41,0,49146
2018-06-22 03:50:00,6712.0,6721.39,6706.03,6716.01,0,49147
2018-06-22 03:55:00,6716.01,6720.0,6706.4,6716.78,0,49148
2018-06-22 04:00:00,6716.78,6720.0,6714.08,6714.12,0,49149
2018-06-22 04:05:00,6718.7,6723.88,6714.03,6720.0,0,49150
2018-06-22 04:10:00,6719.41,6721.0,6713.73,6716.31,0,49151
2018-06-22 04:15:00,6717.0,6717.0,6713.7,6714.1,0,49152
2018-06-22 04:20:00,6714.11,6717.99,6710.5,6713.0,0,49153
2018-06-22 04:25:00,6713.0,6717.59,6707.93,6708.99,0,49154
2018-06-22 04:30:00,6709.0,6713.0,6707.92,6710.0,0,49155
2018-06-22 04:35:00,6709.01,6713.91,6706.0,6707.12,0,49156
2018-06-22 04:40:00,6708.56,6713.79,6703.53,6708.02,0,49157
2018-06-22 04:45:00,6708.02,6710.0,6702.15,6708.88,0,49158
2018-06-22 04:50:00,6705.0,6708.95,6702.15,6704.99,0,49159
2018-06-22 04:55:00,6704.99,6705.09,6698.04,6699.33,1,49160
2018-06-22 05:00:00,6699.32,6713.95,6698.05,6705.43,2,49161
2018-06-22 05:05:00,6705.43,6711.98,6702.22,6709.76,2,49162
2018-06-22 05:10:00,6705.46,6711.63,6698.01,6704.93,2,49163
2018-06-22 05:15:00,6698.73,6704.85,6698.0,6700.01,2,49164
2018-06-22 05:20:00,6702.31,6711.98,6695.31,6702.84,2,49165
2018-06-22 05:25:00,6702.88,6715.0,6695.36,6709.0,2,49166
2018-06-22 05:30:00,6709.02,6717.94,6706.31,6706.95,2,49167
2018-06-22 05:35:00,6709.0,6748.0,6706.51,6731.04,2,49168
2018-06-22 05:40:00,6731.04,6737.34,6718.82,6724.52,2,49169
2018-06-22 05:45:00,6728.09,6732.98,6719.0,6732.98,3,49170
2018-06-22 05:50:00,6730.87,6743.06,6726.84,6732.96,0,49171
2018-06-22 05:55:00,6732.96,6732.96,6712.4,6724.75,0,49172
2018-06-22 06:00:00,6722.29,6725.0,6708.0,6714.97,0,49173
2018-06-22 06:05:00,6718.0,6723.56,6709.29,6720.0,0,49174
2018-06-22 06:10:00,6720.0,6723.57,6713.0,6719.73,0,49175
2018-06-22 06:15:00,6719.73,6723.34,6712.9,6721.04,0,49176
2018-06-22 06:20:00,6723.0,6723.0,6716.38,6719.93,0,49177
2018-06-22 06:25:00,6721.23,6721.26,6715.0,6719.53,0,49178
2018-06-22 06:30:00,6719.49,6720.0,6714.47,6718.0,0,49179
2018-06-22 06:35:00,6718.0,6723.0,6718.0,6720.0,0,49180
2018-06-22 06:40:00,6719.0,6723.0,6714.49,6720.0,0,49181
2018-06-22 06:45:00,6718.84,6720.0,6717.04,6719.99,0,49182
2018-06-22 06:50:00,6718.53,6719.99,6715.22,6717.39,0,49183
2018-06-22 06:55:00,6719.99,6722.16,6713.27,6718.84,0,49184
2018-06-22 07:00:00,6717.69,6719.08,6714.1,6718.01,0,49185
2018-06-22 07:05:00,6718.0,6720.0,6711.63,6711.82,0,49186
2018-06-22 07:10:00,6711.82,6717.0,6708.0,6710.04,0,49187
2018-06-22 07:15:00,6710.5,6716.98,6710.04,6714.99,0,49188
2018-06-22 07:20:00,6714.99,6718.03,6713.72,6717.99,0,49189
2018-06-22 07:25:00,6717.99,6720.0,6714.0,6719.99,0,49190
2018-06-22 07:30:00,6717.23,6733.97,6717.21,6727.02,0,49191
2018-06-22 07:35:00,6732.79,6732.82,6717.24,6717.26,0,49192
2018-06-22 07:40:00,6719.35,6725.24,6715.0,6721.03,0,49193
2018-06-22 07:45:00,6722.51,6724.99,6719.45,6722.45,0,49194
2018-06-22 07:50:00,6722.01,6722.51,6716.0,6719.46,0,49195
2018-06-22 07:55:00,6719.46,6722.99,6719.46,6722.95,0,49196
2018-06-22 08:00:00,6722.95,6725.71,6714.58,6717.16,0,49197
2018-06-22 08:05:00,6718.54,6720.0,6715.1,6715.15,0,49198
2018-06-22 08:10:00,6719.0,6720.0,6710.06,6710.06,0,49199
2018-06-22 08:15:00,6710.06,6718.5,6710.0,6711.22,0,49200
2018-06-22 08:20:00,6714.59,6717.99,6710.0,6712.0,0,49201
2018-06-22 08:25:00,6710.43,6717.0,6682.64,6704.93,0,49202
2018-06-22 08:30:00,6704.87,6710.25,6697.11,6703.97,0,49203
2018-06-22 08:35:00,6700.11,6703.96,6694.51,6697.99,0,49204
2018-06-22 08:40:00,6697.98,6700.0,6626.12,6642.51,0,49205
2018-06-22 08:45:00,6644.53,6664.3,6632.81,6638.12,0,49206
2018-06-22 08:50:00,6642.0,6645.0,6600.0,6619.01,0,49207
2018-06-22 08:55:00,6623.0,6639.09,6617.79,6637.59,0,49208
2018-06-22 09:00:00,6637.59,6653.4,6634.06,6649.0,0,49209
2018-06-22 09:05:00,6648.99,6649.0,6636.6,6641.67,0,49210
2018-06-22 09:10:00,6638.01,6642.0,6621.35,6623.76,1,49211
2018-06-22 09:15:00,6623.76,6648.0,6620.0,6646.94,2,49212
2018-06-22 09:20:00,6639.61,6648.0,6638.06,6647.0,2,49213
2018-06-22 09:25:00,6647.0,6657.75,6642.08,6650.02,2,49214
2018-06-22 09:30:00,6650.02,6654.18,6641.6,6641.89,2,49215
2018-06-22 09:35:00,6641.89,6645.0,6633.0,6636.87,2,49216
2018-06-22 09:40:00,6636.86,6637.08,6626.83,6631.3,2,49217
2018-06-22 09:45:00,6633.99,6650.0,6628.0,6643.63,2,49218
2018-06-22 09:50:00,6643.63,6664.92,6642.0,6663.16,2,49219
2018-06-22 09:55:00,6663.16,6675.0,6648.71,6665.03,2,49220
2018-06-22 10:00:00,6661.0,6675.0,6657.0,6672.74,3,49221
2018-06-22 10:05:00,6672.74,6674.93,6657.97,6664.0,0,49222
2018-06-22 10:10:00,6663.99,6670.0,6656.7,6664.0,0,49223
2018-06-22 10:15:00,6664.0,6666.5,6656.7,6658.7,0,49224
2018-06-22 10:20:00,6657.22,6659.99,6654.0,6659.0,0,49225
2018-06-22 10:25:00,6654.42,6667.59,6654.42,6666.51,0,49226
2018-06-22 10:30:00,6666.5,6672.0,6666.29,6666.29,0,49227
2018-06-22 10:35:00,6666.3,6667.16,6659.01,6661.49,0,49228
2018-06-22 10:40:00,6662.24,6672.0,6661.48,6672.0,0,49229
2018-06-22 10:45:00,6668.03,6671.99,6663.2,6665.49,0,49230
2018-06-22 10:50:00,6663.21,6667.29,6655.02,6659.22,0,49231
2018-06-22 10:55:00,6664.99,6666.09,6658.31,6660.29,0,49232
2018-06-22 11:00:00,6660.29,6665.0,6658.31,6661.82,0,49233
2018-06-22 11:05:00,6661.82,6663.13,6641.02,6646.99,0,49234
2018-06-22 11:10:00,6645.0,6654.4,6642.5,6649.93,0,49235
2018-06-22 11:15:00,6649.93,6649.93,6640.0,6646.68,0,49236
2018-06-22 11:20:00,6644.2,6651.71,6640.0,6644.55,0,49237
2018-06-22 11:25:00,6649.0,6665.96,6644.55,6658.24,0,49238
2018-06-22 11:30:00,6658.24,6665.97,6647.95,6660.16,0,49239
2018-06-22 11:35:00,6665.16,6665.86,6657.26,6659.15,0,49240
2018-06-22 11:40:00,6659.15,6663.0,6656.1,6661.56,0,49241
2018-06-22 11:45:00,6660.07,6662.01,6651.0,6653.01,0,49242
2018-06-22 11:50:00,6654.38,6655.76,6650.0,6652.3,0,49243
2018-06-22 11:55:00,6652.3,6661.0,6652.3,6654.06,0,49244
2018-06-22 12:00:00,6655.0,6661.0,6654.07,6658.3,0,49245
2018-06-22 12:05:00,6658.3,6663.0,6653.0,6656.0,0,49246
2018-06-22 12:10:00,6656.0,6660.21,6652.1,6655.0,0,49247
2018-06-22 12:15:00,6655.0,6663.0,6652.0,6661.55,0,49248
2018-06-22 12:20:00,6661.54,6663.0,6653.6,6660.0,0,49249
2018-06-22 12:25:00,6663.0,6670.0,6655.0,6669.99,0,49250
2018-06-22 12:30:00,6669.99,6670.97,6658.0,6665.25,0,49251
2018-06-22 12:35:00,6662.37,6665.27,6658.0,6660.59,0,49252
2018-06-22 12:40:00,6660.59,6662.26,6654.0,6654.01,0,49253
2018-06-22 12:45:00,6654.0,6654.02,6645.0,6649.62,0,49254
2018-06-22 12:50:00,6647.31,6649.63,6640.0,6645.58,0,49255
2018-06-22 12:55:00,6641.05,6655.0,6636.4,6650.0,0,49256
2018-06-22 13:00:00,6650.01,6656.93,6642.36,6654.99,0,49257
2018-06-22 13:05:00,6654.99,6656.9,6651.01,6655.01,0,49258
2018-06-22 13:10:00,6654.01,6659.0,6654.01,6656.98,0,49259
2018-06-22 13:15:00,6656.98,6657.19,6648.38,6652.99,0,49260
2018-06-22 13:20:00,6652.99,6655.92,6647.93,6654.55,0,49261
2018-06-22 13:25:00,6649.08,6654.55,6642.1,6652.89,0,49262
2018-06-22 13:30:00,6652.14,6653.0,6641.0,6644.0,0,49263
2018-06-22 13:35:00,6643.99,6652.99,6616.08,6632.07,0,49264
2018-06-22 13:40:00,6637.78,6643.38,6630.0,6634.93,0,49265
2018-06-22 13:45:00,6632.25,6638.95,6626.56,6632.66,0,49266
2018-06-22 13:50:00,6632.68,6637.93,6632.0,6632.01,0,49267
2018-06-22 13:55:00,6632.01,6637.91,6629.31,6630.0,0,49268
2018-06-22 14:00:00,6630.0,6630.0,6601.0,6619.08,0,49269
2018-06-22 14:05:00,6617.97,6624.62,6508.0,6514.86,0,49270
2018-06-22 14:10:00,6510.18,6516.65,6481.13,6505.01,0,49271
2018-06-22 14:15:00,6505.03,6533.36,6496.38,6505.78,0,49272
2018-06-22 14:20:00,6505.78,6509.98,6480.0,6499.53,0,49273
2018-06-22 14:25:00,6499.53,6510.89,6492.0,6504.0,0,49274
2018-06-22 14:30:00,6504.01,6509.97,6484.01,6490.0,0,49275
2018-06-22 14:35:00,6490.0,6500.0,6452.01,6467.47,0,49276
2018-06-22 14:40:00,6461.02,6481.62,6457.89,6464.71,1,49277
2018-06-22 14:45:00,6469.98,6493.0,6463.4,6485.0,2,49278
2018-06-22 14:50:00,6485.0,6490.0,6466.75,6472.12,2,49279
2018-06-22 14:55:00,6477.0,6500.36,6472.06,6495.08,2,49280
2018-06-22 15:00:00,6499.76,6510.0,6490.58,6491.98,2,49281
2018-06-22 15:05:00,6491.99,6498.39,6486.35,6496.28,2,49282
2018-06-22 15:10:00,6492.34,6504.88,6490.0,6496.9,3,49283
2018-06-22 15:15:00,6496.9,6502.13,6490.0,6491.0,0,49284
2018-06-22 15:20:00,6490.0,6492.48,6477.71,6484.81,0,49285
2018-06-22 15:25:00,6483.06,6494.0,6475.01,6482.0,0,49286
2018-06-22 15:30:00,6480.11,6482.63,6380.0,6391.18,0,49287
2018-06-22 15:35:00,6387.58,6399.99,6350.0,6387.16,0,49288
2018-06-22 15:40:00,6388.0,6406.63,6360.13,6372.0,0,49289
2018-06-22 15:45:00,6371.98,6390.0,6363.26,6385.0,0,49290
2018-06-22 15:50:00,6385.0,6399.5,6382.67,6394.07,0,49291
2018-06-22 15:55:00,6393.77,6400.0,6390.01,6400.0,0,49292
2018-06-22 16:00:00,6399.49,6400.0,6365.0,6365.0,0,49293
2018-06-22 16:05:00,6371.93,6388.53,6360.99,6375.0,0,49294
2018-06-22 16:10:00,6367.13,6389.9,6366.61,6383.44,0,49295
2018-06-22 16:15:00,6383.44,6388.77,6371.46,6385.0,0,49296
2018-06-22 16:20:00,6384.97,6386.65,6373.27,6374.98,0,49297
2018-06-22 16:25:00,6374.31,6394.85,6373.19,6385.72,0,49298
2018-06-22 16:30:00,6387.72,6392.6,6376.0,6386.69,0,49299
2018-06-22 16:35:00,6387.0,6397.68,6381.3,6389.4,0,49300
2018-06-22 16:40:00,6389.4,6389.99,6371.0,6384.99,0,49301
2018-06-22 16:45:00,6382.5,6388.17,6374.0,6378.41,0,49302
2018-06-22 16:50:00,6378.41,6388.44,6372.01,6374.92,0,49303
2018-06-22 16:55:00,6379.1,6380.87,6272.94,6310.78,1,49304
2018-06-22 17:00:00,6301.68,6346.04,6301.68,6325.0,2,49305
2018-06-22 17:05:00,6325.0,6336.52,6321.21,6321.8,2,49306
2018-06-22 17:10:00,6331.81,6335.21,6317.8,6327.0,2,49307
2018-06-22 17:15:00,6326.99,6333.0,6309.8,6319.16,2,49308
2018-06-22 17:20:00,6320.58,6335.0,6305.01,6335.0,2,49309
2018-06-22 17:25:00,6333.6,6348.45,6332.0,6346.99,2,49310
2018-06-22 17:30:00,6346.96,6347.99,6330.0,6332.15,2,49311
2018-06-22 17:35:00,6333.0,6340.0,6328.29,6335.99,2,49312
2018-06-22 17:40:00,6335.99,6339.43,6331.37,6339.36,2,49313
2018-06-22 17:45:00,6339.37,6343.99,6330.0,6338.23,2,49314
2018-06-22 17:50:00,6338.59,6387.08,6338.23,6379.98,3,49315
2018-06-22 17:55:00,6379.97,6390.46,6360.48,6363.95,0,49316
2018-06-22 18:00:00,6363.95,6363.96,6345.71,6355.0,0,49317
2018-06-22 18:05:00,6355.0,6379.91,6345.7,6370.0,0,49318
2018-06-22 18:10:00,6370.0,6372.69,6360.07,6366.5,0,49319
2018-06-22 18:15:00,6366.51,6368.74,6353.01,6357.55,0,49320
2018-06-22 18:20:00,6359.81,6369.99,6354.14,6365.99,0,49321
2018-06-22 18:25:00,6365.99,6366.74,6354.07,6365.99,0,49322
2018-06-22 18:30:00,6365.98,6367.0,6330.0,6333.33,0,49323
2018-06-22 18:35:00,6333.33,6344.28,6331.0,6340.99,0,49324
2018-06-22 18:40:00,6341.63,6342.76,6327.96,6336.01,0,49325
2018-06-22 18:45:00,6336.01,6349.78,6336.0,6349.65,0,49326
2018-06-22 18:50:00,6349.65,6365.0,6347.02,6358.75,0,49327
2018-06-22 18:55:00,6362.04,6362.71,6346.24,6348.52,0,49328
2018-06-22 19:00:00,6351.0,6351.34,6335.67,6337.66,0,49329
2018-06-22 19:05:00,6337.66,6357.86,6335.67,6347.53,0,49330
2018-06-22 19:10:00,6351.85,6351.85,6327.03,6331.49,0,49331
2018-06-22 19:15:00,6327.82,6349.0,6327.8,6336.0,0,49332
2018-06-22 19:20:00,6336.0,6340.0,6330.0,6333.0,0,49333
2018-06-22 19:25:00,6333.0,6345.0,6326.99,6330.43,0,49334
2018-06-22 19:30:00,6334.0,6344.5,6325.85,6342.6,0,49335
2018-06-22 19:35:00,6342.6,6354.3,6337.62,6349.97,0,49336
2018-06-22 19:40:00,6346.17,6354.0,6339.68,6353.99,0,49337
2018-06-22 19:45:00,6348.1,6357.0,6333.02,6339.98,0,49338
2018-06-22 19:50:00,6339.96,6340.0,6306.89,6315.0,0,49339
2018-06-22 19:55:00,6320.0,6334.34,6312.25,6324.0,0,49340
2018-06-22 20:00:00,6325.69,6330.0,6299.07,6303.7,0,49341
2018-06-22 20:05:00,6303.7,6305.99,6228.44,6230.0,0,49342
2018-06-22 20:10:00,6230.0,6256.94,6210.0,6238.15,0,49343
2018-06-22 20:15:00,6233.44,6291.0,6233.0,6276.53,0,49344
2018-06-22 20:20:00,6277.8,6279.9,6243.73,6252.0,0,49345
2018-06-22 20:25:00,6252.78,6252.84,6143.34,6150.99,0,49346
2018-06-22 20:30:00,6150.99,6159.19,6087.1,6127.01,0,49347
2018-06-22 20:35:00,6127.62,6161.77,6090.0,6160.0,0,49348
2018-06-22 20:40:00,6159.99,6163.5,6115.3,6133.64,0,49349
2018-06-22 20:45:00,6133.64,6142.99,6070.61,6078.0,1,49350
2018-06-22 20:50:00,6077.99,6143.0,6070.74,6131.33,2,49351
2018-06-22 20:55:00,6125.16,6143.0,6109.99,6122.24,2,49352
2018-06-22 21:00:00,6124.99,6160.6,6119.96,6143.0,2,49353
2018-06-22 21:05:00,6141.0,6159.98,6132.21,6155.1,2,49354
2018-06-22 21:10:00,6155.67,6186.94,6152.57,6163.68,2,49355
2018-06-22 21:15:00,6166.99,6179.09,6163.66,6170.53,2,49356
2018-06-22 21:20:00,6173.22,6199.88,6171.0,6199.0,3,49357
2018-06-22 21:25:00,6199.0,6203.2,6172.1,6185.84,0,49358
2018-06-22 21:30:00,6184.98,6187.17,6152.0,6159.07,0,49359
2018-06-22 21:35:00,6159.08,6165.0,6141.67,6150.03,0,49360
2018-06-22 21:40:00,6151.46,6187.41,6140.01,6183.13,0,49361
2018-06-22 21:45:00,6183.13,6200.63,6155.0,6164.0,0,49362
2018-06-22 21:50:00,6165.77,6180.0,6150.2,6171.61,0,49363
2018-06-22 21:55:00,6171.6,6179.57,6162.26,6163.99,0,49364
2018-06-22 22:00:00,6163.99,6190.0,6154.0,6186.0,0,49365
2018-06-22 22:05:00,6187.98,6187.99,6166.7,6182.02,0,49366
2018-06-22 22:10:00,6182.03,6184.21,6170.18,6173.65,0,49367
2018-06-22 22:15:00,6170.29,6173.99,6134.04,6154.0,0,49368
2018-06-22 22:20:00,6154.0,6172.27,6150.45,6152.65,0,49369
2018-06-22 22:25:00,6159.02,6164.97,6147.97,6164.96,0,49370
2018-06-22 22:30:00,6164.97,6172.25,6160.06,6166.06,0,49371
2018-06-22 22:35:00,6164.78,6164.78,6124.77,6126.0,0,49372
2018-06-22 22:40:00,6126.0,6148.14,6118.33,6131.99,0,49373
2018-06-22 22:45:00,6128.04,6133.13,6101.0,6120.81,0,49374
2018-06-22 22:50:00,6123.3,6147.33,6114.52,6136.0,0,49375
2018-06-22 22:55:00,6136.0,6151.81,6121.67,6150.0,0,49376
2018-06-22 23:00:00,6150.0,6151.75,6130.0,6137.43,0,49377
2018-06-22 23:05:00,6135.23,6145.3,6120.49,6130.3,0,49378
2018-06-22 23:10:00,6130.01,6141.01,6110.75,6118.04,1,49379
2018-06-22 23:15:00,6118.04,6139.0,6110.76,6123.85,2,49380
2018-06-22 23:20:00,6123.85,6144.6,6113.83,6121.3,2,49381
2018-06-22 23:25:00,6121.3,6130.0,6115.0,6125.02,2,49382
2018-06-22 23:30:00,6125.01,6151.36,6125.01,6140.81,2,49383
2018-06-22 23:35:00,6140.77,6164.25,6136.0,6156.77,2,49384
2018-06-22 23:40:00,6156.77,6164.0,6143.27,6151.74,2,49385
2018-06-22 23:45:00,6151.74,6158.0,6145.26,6152.45,2,49386
2018-06-22 23:50:00,6152.46,6165.8,6141.94,6163.95,2,49387
2018-06-22 23:55:00,6163.95,6182.11,6159.9,6172.27,3,49388
2018-06-23 00:00:00,6172.5,6180.0,6163.56,6170.01,0,49389
2018-06-23 00:05:00,6170.01,6172.71,6156.9,6160.17,0,49390
2018-06-23 00:10:00,6160.17,6165.22,6148.0,6152.81,0,49391
2018-06-23 00:15:00,6152.8,6159.0,6145.0,6153.01,0,49392
2018-06-23 00:20:00,6153.02,6160.0,6144.51,6146.07,0,49393
2018-06-23 00:25:00,6146.07,6149.99,6142.0,6143.48,0,49394
2018-06-23 00:30:00,6144.93,6146.72,6116.76,6140.0,1,49395
2018-06-23 00:35:00,6140.08,6150.35,6136.77,6146.14,2,49396
2018-06-23 00:40:00,6146.14,6157.25,6145.17,6155.86,2,49397
2018-06-23 00:45:00,6156.31,6164.15,6151.38,6153.37,2,49398
2018-06-23 00:50:00,6153.38,6161.98,6146.13,6151.01,2,49399
2018-06-23 00:55:00,6151.12,6154.92,6140.11,6144.91,2,49400
2018-06-23 01:00:00,6144.91,6156.25,6140.11,6148.51,2,49401
2018-06-23 01:05:00,6148.56,6156.25,6148.0,6155.0,2,49402
2018-06-23 01:10:00,6155.0,6156.99,6148.0,6148.01,2,49403
2018-06-23 01:15:00,6148.0,6152.82,6144.64,6148.0,2,49404
2018-06-23 01:20:00,6148.0,6156.0,6134.9,6156.0,2,49405
2018-06-23 01:25:00,6155.0,6163.61,6148.7,6162.77,2,49406
2018-06-23 01:30:00,6162.77,6164.0,6155.74,6161.2,2,49407
2018-06-23 01:35:00,6161.2,6168.77,6156.0,6162.0,2,49408
2018-06-23 01:40:00,6162.0,6175.0,6155.76,6170.0,2,49409
2018-06-23 01:45:00,6170.0,6174.96,6165.0,6174.42,2,49410
2018-06-23 01:50:00,6174.42,6230.0,6174.41,6206.01,2,49411
2018-06-23 01:55:00,6212.01,6236.0,6205.0,6212.96,3,49412
2018-06-23 02:00:00,6212.96,6222.55,6205.5,6208.0,0,49413
2018-06-23 02:05:00,6209.99,6211.0,6180.81,6193.19,0,49414
2018-06-23 02:10:00,6193.19,6217.53,6191.41,6201.78,0,49415
2018-06-23 02:15:00,6205.39,6228.83,6194.17,6224.93,0,49416
2018-06-23 02:20:00,6224.93,6228.96,6204.63,6215.13,0,49417
2018-06-23 02:25:00,6218.35,6231.43,6213.54,6231.43,0,49418
2018-06-23 02:30:00,6229.33,6232.72,6205.04,6209.11,0,49419
2018-06-23 02:35:00,6209.15,6219.33,6206.0,6206.51,0,49420
2018-06-23 02:40:00,6206.56,6210.99,6192.78,6199.86,0,49421
2018-06-23 02:45:00,6196.01,6203.23,6189.03,6190.05,0,49422
2018-06-23 02:50:00,6197.49,6197.84,6175.0,6191.21,0,49423
2018-06-23 02:55:00,6191.12,6196.52,6184.01,6192.39,0,49424
2018-06-23 03:00:00,6193.58,6196.51,6184.01,6194.68,0,49425
2018-06-23 03:05:00,6194.68,6204.4,6191.0,6195.02,0,49426
2018-06-23 03:10:00,6196.02,6202.15,6122.51,6143.74,0,49427
2018-06-23 03:15:00,6143.74,6148.38,6071.51,6110.42,0,49428
2018-06-23 03:20:00,6110.42,6125.0,6096.75,6112.1,0,49429
2018-06-23 03:25:00,6113.0,6117.46,6022.0,6060.0,0,49430
2018-06-23 03:30:00,6046.33,6067.54,6005.0,6010.08,1,49431
2018-06-23 03:35:00,6010.08,6075.0,6010.0,6044.97,2,49432
2018-06-23 03:40:00,6044.97,6084.0,6035.71,6048.0,2,49433
2018-06-23 03:45:00,6050.16,6072.03,6040.0,6048.65,2,49434
2018-06-23 03:50:00,6049.75,6063.0,6040.0,6045.64,2,49435
2018-06-23 03:55:00,6046.31,6075.0,6045.64,6061.19,3,49436
2018-06-23 04:00:00,6061.18,6061.19,6017.42,6025.02,0,49437
2018-06-23 04:05:00,6025.02,6030.92,5924.01,5938.7,0,49438
2018-06-23 04:10:00,5936.93,5991.0,5929.14,5965.72,0,49439
2018-06-23 04:15:00,5969.36,5975.28,5949.94,5974.97,0,49440
2018-06-23 04:20:00,5974.97,6046.33,5974.97,6019.48,0,49441
2018-06-23 04:25:00,6021.02,6028.18,5981.31,5982.36,0,49442
2018-06-23 04:30:00,5981.67,6010.12,5968.5,6007.0,0,49443
2018-06-23 04:35:00,6009.64,6030.0,6006.0,6027.99,0,49444
2018-06-23 04:40:00,6027.93,6028.05,5994.22,5994.22,0,49445
2018-06-23 04:45:00,5994.22,5999.99,5956.0,5960.24,0,49446
2018-06-23 04:50:00,5956.34,5985.19,5918.94,5979.1,0,49447
2018-06-23 04:55:00,5979.11,6023.04,5970.5,6017.03,0,49448
2018-06-23 05:00:00,6014.9,6047.09,5960.55,5967.3,1,49449
2018-06-23 05:05:00,5960.92,6019.94,5952.72,6012.57,2,49450
2018-06-23 05:10:00,6012.57,6023.99,5990.32,6004.07,2,49451
2018-06-23 05:15:00,6003.97,6037.14,6003.96,6020.01,2,49452
2018-06-23 05:20:00,6022.99,6022.99,6001.3,6007.32,2,49453
2018-06-23 05:25:00,6007.33,6023.0,6006.22,6014.74,2,49454
2018-06-23 05:30:00,6018.0,6018.93,6000.01,6010.71,2,49455
2018-06-23 05:35:00,6007.16,6070.0,6007.16,6059.0,2,49456
2018-06-23 05:40:00,6059.0,6095.0,6049.17,6075.66,3,49457
2018-06-23 05:45:00,6078.22,6079.98,6051.0,6057.1,0,49458
2018-06-23 05:50:00,6057.0,6081.89,6051.0,6074.19,0,49459
2018-06-23 05:55:00,6078.22,6088.1,6061.31,6071.07,0,49460
2018-06-23 06:00:00,6071.52,6075.35,6044.0,6051.22,0,49461
2018-06-23 06:05:00,6051.21,6058.19,6028.69,6054.4,0,49462
2018-06-23 06:10:00,6054.4,6075.37,6048.0,6075.07,0,49463
2018-06-23 06:15:00,6070.02,6077.24,6061.0,6062.03,0,49464
2018-06-23 06:20:00,6064.0,6071.83,6056.0,6062.6,0,49465
2018-06-23 06:25:00,6066.6,6067.13,6044.0,6060.01,0,49466
2018-06-23 06:30:00,6059.95,6061.03,6045.78,6052.88,0,49467
2018-06-23 06:35:00,6052.88,6058.07,6045.78,6050.0,0,49468
2018-06-23 06:40:00,6050.0,6052.21,6021.63,6026.32,0,49469
2018-06-23 06:45:00,6026.33,6040.0,6025.7,6032.28,0,49470
2018-06-23 06:50:00,6032.28,6050.59,6027.34,6041.01,0,49471
2018-06-23 06:55:00,6040.78,6049.17,6038.37,6045.0,0,49472
2018-06-23 07:00:00,6045.92,6065.66,6041.0,6065.0,0,49473
2018-06-23 07:05:00,6065.0,6065.65,6047.0,6055.0,0,49474
2018-06-23 07:10:00,6053.58,6055.0,6050.0,6050.01,0,49475
2018-06-23 07:15:00,6050.5,6051.9,6037.3,6048.1,0,49476
2018-06-23 07:20:00,6044.34,6048.13,6031.7,6040.0,0,49477
2018-06-23 07:25:00,6040.0,6116.83,6035.68,6103.52,0,49478
2018-06-23 07:30:00,6096.5,6165.02,6089.0,6150.01,0,49479
2018-06-23 07:35:00,6150.01,6160.65,6133.76,6135.0,0,49480
2018-06-23 07:40:00,6134.21,6149.0,6128.0,6142.26,0,49481
2018-06-23 07:45:00,6143.12,6143.73,6124.0,6134.95,0,49482
2018-06-23 07:50:00,6134.95,6154.0,6134.93,6148.58,0,49483
2018-06-23 07:55:00,6145.39,6150.0,6135.04,6136.8,0,49484
2018-06-23 08:00:00,6137.6,6138.4,6114.27,6123.45,0,49485
2018-06-23 08:05:00,6123.45,6140.0,6121.1,6129.98,0,49486
2018-06-23 08:10:00,6128.0,6142.4,6124.0,6132.65,0,49487
2018-06-23 08:15:00,6136.92,6138.01,6124.22,6132.37,0,49488
2018-06-23 08:20:00,6132.37,6136.0,6121.94,6126.15,0,49489
2018-06-23 08:25:00,6129.13,6133.0,6114.39,6128.96,0,49490
2018-06-23 08:30:00,6130.95,6141.99,6119.0,6136.73,0,49491
2018-06-23 08:35:00,6141.79,6153.16,6134.6,6146.87,0,49492
2018-06-23 08:40:00,6142.14,6146.86,6134.0,6134.0,0,49493
2018-06-23 08:45:00,6135.0,6152.69,6134.0,6145.01,0,49494
2018-06-23 08:50:00,6145.0,6145.0,6132.82,6135.95,0,49495
2018-06-23 08:55:00,6136.49,6140.39,6127.61,6138.82,0,49496
2018-06-23 09:00:00,6139.0,6139.0,6124.37,6133.96,0,49497
2018-06-23 09:05:00,6133.94,6149.51,6130.0,6144.01,0,49498
2018-06-23 09:10:00,6144.02,6156.0,6140.65,6146.76,0,49499
2018-06-23 09:15:00,6147.75,6149.8,6135.05,6138.01,0,49500
2018-06-23 09:20:00,6138.0,6142.49,6126.23,6136.05,0,49501
2018-06-23 09:25:00,6141.06,6144.14,6136.05,6143.99,0,49502
2018-06-23 09:30:00,6142.6,6169.64,6136.04,6146.64,0,49503
2018-06-23 09:35:00,6151.62,6151.62,6136.04,6138.57,0,49504
2018-06-23 09:40:00,6142.77,6143.09,6125.95,6128.41,0,49505
2018-06-23 09:45:00,6128.41,6132.0,6090.87,6127.99,0,49506
2018-06-23 09:50:00,6127.99,6129.0,6110.01,6116.25,0,49507
2018-06-23 09:55:00,6116.25,6128.99,6110.98,6119.98,0,49508
2018-06-23 10:00:00,6124.01,6135.65,6119.98,6125.5,0,49509
2018-06-23 10:05:00,6126.98,6134.07,6119.97,6131.01,0,49510
2018-06-23 10:10:00,6131.02,6135.0,6120.0,6126.74,0,49511
2018-06-23 10:15:00,6126.74,6132.36,6123.3,6125.03,0,49512
2018-06-23 10:20:00,6125.03,6127.73,6118.0,6120.5,0,49513
2018-06-23 10:25:00,6120.5,6121.31,6080.0,6104.9,0,49514
2018-06-23 10:30:00,6111.85,6111.85,6086.0,6087.5,1,49515
2018-06-23 10:35:00,6087.54,6103.63,6087.54,6100.13,2,49516
2018-06-23 10:40:00,6101.99,6105.29,6096.24,6101.35,2,49517
2018-06-23 10:45:00,6099.14,6110.38,6093.22,6097.96,2,49518
2018-06-23 10:50:00,6094.16,6108.79,6094.0,6100.25,2,49519
2018-06-23 10:55:00,6097.18,6108.79,6095.4,6095.42,2,49520
2018-06-23 11:00:00,6096.54,6101.75,6080.0,6091.59,2,49521
2018-06-23 11:05:00,6096.86,6100.0,6088.33,6094.01,2,49522
2018-06-23 11:10:00,6093.26,6100.0,6088.33,6093.66,2,49523
2018-06-23 11:15:00,6094.96,6125.0,6093.66,6120.8,2,49524
2018-06-23 11:20:00,6120.8,6126.19,6116.0,6125.57,2,49525
2018-06-23 11:25:00,6126.19,6131.36,6121.46,6129.96,3,49526
2018-06-23 11:30:00,6127.9,6130.01,6113.35,6124.6,0,49527
2018-06-23 11:35:00,6124.6,6127.2,6110.05,6112.86,0,49528
2018-06-23 11:40:00,6112.86,6126.45,6112.53,6117.68,0,49529
2018-06-23 11:45:00,6117.68,6118.0,6109.76,6111.1,0,49530
2018-06-23 11:50:00,6111.03,6115.07,6103.24,6107.59,0,49531
2018-06-23 11:55:00,6107.59,6107.68,6095.9,6103.91,0,49532
2018-06-23 12:00:00,6099.13,6104.0,6096.23,6100.95,0,49533
2018-06-23 12:05:00,6104.0,6112.78,6100.95,6108.15,0,49534
2018-06-23 12:10:00,6108.15,6115.0,6106.35,6111.0,0,49535
2018-06-23 12:15:00,6111.0,6112.97,6106.89,6109.37,0,49536
2018-06-23 12:20:00,6111.47,6111.68,6098.03,6100.84,0,49537
2018-06-23 12:25:00,6100.97,6107.64,6084.12,6088.99,0,49538
2018-06-23 12:30:00,6088.99,6094.8,6083.37,6090.0,0,49539
2018-06-23 12:35:00,6089.99,6098.28,6085.28,6096.92,0,49540
2018-06-23 12:40:00,6090.68,6098.22,6086.34,6092.91,0,49541
2018-06-23 12:45:00,6093.95,6095.02,6077.19,6077.3,0,49542
2018-06-23 12:50:00,6077.3,6088.77,6056.69,6063.37,0,49543
2018-06-23 12:55:00,6063.37,6073.96,6056.56,6066.64,0,49544
2018-06-23 13:00:00,6066.64,6068.0,6013.94,6017.0,0,49545
2018-06-23 13:05:00,6017.0,6055.32,6012.0,6048.75,0,49546
2018-06-23 13:10:00,6048.75,6054.0,6035.5,6045.76,0,49547
2018-06-23 13:15:00,6046.97,6052.71,6029.14,6033.8,0,49548
2018-06-23 13:20:00,6030.82,6038.99,6008.48,6010.53,1,49549
2018-06-23 13:25:00,6010.76,6029.46,6008.48,6025.0,2,49550
2018-06-23 13:30:00,6025.03,6030.41,6008.48,6021.23,2,49551
2018-06-23 13:35:00,6020.0,6048.99,6017.2,6034.47,2,49552
2018-06-23 13:40:00,6034.47,6055.9,6030.01,6036.41,2,49553
2018-06-23 13:45:00,6031.91,6042.57,6026.47,6037.24,2,49554
2018-06-23 13:50:00,6037.24,6048.5,6031.62,6045.35,2,49555
2018-06-23 13:55:00,6044.96,6056.05,6028.31,6029.01,2,49556
2018-06-23 14:00:00,6029.01,6044.63,6029.01,6039.99,2,49557
2018-06-23 14:05:00,6040.0,6059.99,6038.65,6047.3,2,49558
2018-06-23 14:10:00,6049.0,6061.32,6044.54,6060.0,2,49559
2018-06-23 14:15:00,6060.0,6091.92,6056.37,6089.71,2,49560
2018-06-23 14:20:00,6089.71,6091.92,6076.66,6086.03,2,49561
2018-06-23 14:25:00,6086.0,6093.33,6068.74,6088.33,2,49562
2018-06-23 14:30:00,6092.93,6093.46,6077.0,6082.7,2,49563
2018-06-23 14:35:00,6082.69,6085.13,6066.48,6074.99,2,49564
2018-06-23 14:40:00,6074.99,6082.41,6069.01,6079.99,2,49565
2018-06-23 14:45:00,6076.01,6093.57,6075.1,6085.41,2,49566
2018-06-23 14:50:00,6086.24,6095.0,6072.85,6094.99,2,49567
2018-06-23 14:55:00,6094.99,6111.83,6082.32,6105.99,2,49568
2018-06-23 15:00:00,6105.49,6127.38,6100.17,6105.85,2,49569
2018-06-23 15:05:00,6107.34,6107.34,6088.0,6093.03,2,49570
2018-06-23 15:10:00,6093.01,6101.24,6085.99,6101.22,2,49571
2018-06-23 15:15:00,6102.19,6107.0,6094.45,6100.95,2,49572
2018-06-23 15:20:00,6099.48,6099.97,6095.0,6095.0,2,49573
2018-06-23 15:25:00,6095.0,6105.0,6090.57,6104.99,2,49574
2018-06-23 15:30:00,6104.99,6115.36,6099.42,6107.01,3,49575
2018-06-23 15:35:00,6104.56,6110.71,6090.6,6100.7,0,49576
2018-06-23 15:40:00,6092.91,6099.98,6082.76,6089.53,0,49577
2018-06-23 15:45:00,6089.53,6093.64,6076.0,6080.91,0,49578
2018-06-23 15:50:00,6077.77,6084.99,6063.87,6069.05,1,49579
2018-06-23 15:55:00,6069.05,6080.0,6064.05,6075.01,2,49580
2018-06-23 16:00:00,6075.01,6089.62,6074.99,6088.76,2,49581
2018-06-23 16:05:00,6088.76,6092.58,6088.76,6090.17,2,49582
2018-06-23 16:10:00,6090.02,6094.05,6077.59,6084.39,2,49583
2018-06-23 16:15:00,6087.17,6091.0,6083.02,6083.05,2,49584
2018-06-23 16:20:00,6083.53,6092.0,6083.06,6085.71,2,49585
2018-06-23 16:25:00,6087.42,6102.74,6084.01,6101.24,2,49586
2018-06-23 16:30:00,6098.35,6103.0,6090.81,6091.87,2,49587
2018-06-23 16:35:00,6093.4,6101.36,6090.0,6096.13,2,49588
2018-06-23 16:40:00,6096.12,6144.0,6093.41,6123.01,2,49589
2018-06-23 16:45:00,6122.33,6130.0,6111.49,6120.13,2,49590
2018-06-23 16:50:00,6118.49,6122.98,6113.78,6116.48,2,49591
2018-06-23 16:55:00,6120.74,6120.74,6108.72,6116.8,2,49592
2018-06-23 17:00:00,6116.99,6122.51,6113.14,6117.9,2,49593
2018-06-23 17:05:00,6117.9,6133.36,6114.36,6126.93,2,49594
2018-06-23 17:10:00,6126.37,6129.14,6115.97,6125.01,2,49595
2018-06-23 17:15:00,6125.0,6129.55,6115.02,6124.06,2,49596
2018-06-23 17:20:00,6124.06,6129.99,6120.3,6129.99,2,49597
2018-06-23 17:25:00,6129.98,6130.89,6120.3,6125.92,2,49598
2018-06-23 17:30:00,6125.97,6133.34,6124.2,6128.3,2,49599
2018-06-23 17:35:00,6126.01,6130.98,6115.34,6122.86,2,49600
2018-06-23 17:40:00,6124.87,6126.0,6108.72,6116.98,2,49601
2018-06-23 17:45:00,6110.65,6123.08,6100.0,6119.93,2,49602
2018-06-23 17:50:00,6118.01,6123.06,6113.51,6116.99,2,49603
2018-06-23 17:55:00,6116.99,6122.73,6115.04,6122.72,2,49604
2018-06-23 18:00:00,6122.72,6163.29,6118.25,6150.99,3,49605
2018-06-23 18:05:00,6147.4,6153.0,6127.0,6131.0,0,49606
2018-06-23 18:10:00,6131.02,6133.99,6106.0,6120.37,0,49607
2018-06-23 18:15:00,6124.79,6126.7,6120.67,6125.97,0,49608
2018-06-23 18:20:00,6125.98,6125.99,6113.01,6114.56,0,49609
2018-06-23 18:25:00,6113.01,6118.74,6102.86,6113.13,0,49610
2018-06-23 18:30:00,6113.14,6121.98,6102.86,6105.17,0,49611
2018-06-23 18:35:00,6105.18,6118.5,6103.5,6115.37,0,49612
2018-06-23 18:40:00,6111.55,6115.9,6103.01,6103.02,0,49613
2018-06-23 18:45:00,6104.94,6139.38,6104.0,6124.19,0,49614
2018-06-23 18:50:00,6125.18,6134.99,6120.43,6121.65,0,49615
2018-06-23 18:55:00,6121.65,6136.79,6120.29,6126.0,0,49616
2018-06-23 19:00:00,6126.0,6128.02,6110.75,6119.19,0,49617
2018-06-23 19:05:00,6119.94,6119.94,6080.0,6091.92,0,49618
2018-06-23 19:10:00,6086.53,6094.97,6067.01,6080.67,1,49619
2018-06-23 19:15:00,6086.23,6100.0,6079.32,6099.99,2,49620
2018-06-23 19:20:00,6099.99,6107.45,6098.01,6100.02,2,49621
2018-06-23 19:25:00,6100.02,6107.41,6098.36,6107.0,2,49622
2018-06-23 19:30:00,6100.04,6106.29,6098.36,6103.69,2,49623
2018-06-23 19:35:00,6103.68,6127.0,6103.06,6108.91,2,49624
2018-06-23 19:40:00,6108.91,6109.0,6102.09,6104.58,2,49625
2018-06-23 19:45:00,6104.57,6110.51,6103.0,6110.5,2,49626
2018-06-23 19:50:00,6110.51,6131.0,6110.5,6120.44,3,49627
2018-06-23 19:55:00,6122.95,6124.12,6113.01,6117.57,0,49628
2018-06-23 20:00:00,6118.1,6122.95,6103.0,6105.0,0,49629
2018-06-23 20:05:00,6105.0,6113.49,6103.5,6109.02,0,49630
2018-06-23 20:10:00,6112.58,6128.94,6103.0,6106.99,0,49631
2018-06-23 20:15:00,6103.01,6110.28,6101.99,6103.25,0,49632
2018-06-23 20:20:00,6103.25,6105.64,6077.62,6082.2,1,49633
2018-06-23 20:25:00,6082.2,6105.0,6082.18,6096.99,2,49634
2018-06-23 20:30:00,6096.99,6102.2,6087.65,6091.19,2,49635
2018-06-23 20:35:00,6088.26,6100.0,6084.25,6097.96,2,49636
2018-06-23 20:40:00,6097.97,6120.0,6097.94,6117.36,2,49637
2018-06-23 20:45:00,6114.7,6120.0,6107.34,6115.63,2,49638
2018-06-23 20:50:00,6114.11,6122.63,6111.0,6122.25,2,49639
2018-06-23 20:55:00,6122.25,6140.07,6120.01,6134.73,3,49640
2018-06-23 21:00:00,6131.59,6135.0,6107.96,6108.38,0,49641
2018-06-23 21:05:00,6111.0,6115.0,6107.0,6113.5,0,49642
2018-06-23 21:10:00,6111.3,6113.4,6086.61,6095.1,0,49643
2018-06-23 21:15:00,6096.49,6110.0,6095.0,6107.01,0,49644
2018-06-23 21:20:00,6107.0,6120.0,6105.0,6115.91,0,49645
2018-06-23 21:25:00,6115.92,6122.27,6112.01,6118.13,0,49646
2018-06-23 21:30:00,6117.77,6121.4,6101.4,6115.44,0,49647
2018-06-23 21:35:00,6115.43,6115.43,6100.0,6112.47,0,49648
2018-06-23 21:40:00,6112.33,6112.97,6100.0,6110.0,0,49649
2018-06-23 21:45:00,6110.0,6110.0,6101.02,6105.06,0,49650
2018-06-23 21:50:00,6109.67,6109.98,6094.0,6102.81,0,49651
2018-06-23 21:55:00,6098.72,6102.49,6095.19,6095.96,0,49652
2018-06-23 22:00:00,6095.96,6097.0,6082.21,6086.0,0,49653
2018-06-23 22:05:00,6086.0,6095.0,6077.02,6082.5,0,49654
2018-06-23 22:10:00,6086.99,6094.59,6082.71,6094.11,0,49655
2018-06-23 22:15:00,6094.11,6095.0,6086.5,6090.0,0,49656
2018-06-23 22:20:00,6086.59,6091.05,6058.68,6073.15,1,49657
2018-06-23 22:25:00,6075.88,6079.1,6049.0,6075.02,2,49658
2018-06-23 22:30:00,6076.27,6092.19,6075.01,6091.16,2,49659
2018-06-23 22:35:00,6091.16,6097.76,6082.11,6091.97,2,49660
2018-06-23 22:40:00,6091.94,6094.99,6079.41,6083.55,2,49661
2018-06-23 22:45:00,6081.88,6103.98,6079.0,6092.27,2,49662
2018-06-23 22:50:00,6092.28,6106.98,6092.21,6094.97,2,49663
2018-06-23 22:55:00,6092.27,6099.94,6091.0,6091.64,2,49664
2018-06-23 23:00:00,6095.86,6118.98,6092.47,6117.63,2,49665
2018-06-23 23:05:00,6117.63,6122.6,6109.09,6115.0,2,49666
2018-06-23 23:10:00,6116.0,6123.01,6112.93,6117.96,3,49667
2018-06-23 23:15:00,6117.96,6120.0,6100.37,6102.99,0,49668
2018-06-23 23:20:00,6102.99,6105.34,6092.0,6096.98,0,49669
2018-06-23 23:25:00,6094.72,6112.16,6091.58,6102.0,0,49670
2018-06-23 23:30:00,6102.0,6106.96,6099.02,6101.0,0,49671
2018-06-23 23:35:00,6101.0,6103.22,6097.89,6100.29,0,49672
2018-06-23 23:40:00,6100.29,6101.75,6091.31,6097.92,0,49673
2018-06-23 23:45:00,6097.93,6099.0,6093.41,6093.41,1,49674
2018-06-23 23:50:00,6093.41,6099.98,6093.41,6098.64,2,49675
2018-06-23 23:55:00,6098.63,6114.68,6097.43,6108.54,2,49676
2018-06-24 00:00:00,6108.54,6114.68,6100.0,6105.0,2,49677
2018-06-24 00:05:00,6105.0,6106.19,6102.0,6105.11,2,49678
2018-06-24 00:10:00,6106.18,6109.0,6102.11,6109.0,2,49679
2018-06-24 00:15:00,6107.99,6109.0,6100.0,6105.55,2,49680
2018-06-24 00:20:00,6104.06,6110.0,6095.99,6103.91,2,49681
2018-06-24 00:25:00,6103.91,6110.0,6101.06,6107.39,2,49682
2018-06-24 00:30:00,6107.4,6128.0,6101.05,6127.97,2,49683
2018-06-24 00:35:00,6122.61,6127.97,6109.91,6120.43,2,49684
2018-06-24 00:40:00,6120.43,6125.0,6111.71,6120.0,2,49685
2018-06-24 00:45:00,6120.0,6129.0,6115.87,6124.95,2,49686
2018-06-24 00:50:00,6124.95,6126.3,6119.45,6125.0,2,49687
2018-06-24 00:55:00,6125.0,6133.33,6121.0,6130.0,2,49688
2018-06-24 01:00:00,6130.0,6133.79,6110.01,6124.13,2,49689
2018-06-24 01:05:00,6119.81,6127.22,6119.79,6119.8,2,49690
2018-06-24 01:10:00,6119.79,6123.03,6111.09,6117.98,2,49691
2018-06-24 01:15:00,6117.98,6119.0,6110.01,6117.21,2,49692
2018-06-24 01:20:00,6117.99,6124.95,6112.67,6122.84,2,49693
2018-06-24 01:25:00,6122.84,6124.95,6115.25,6119.31,2,49694
2018-06-24 01:30:00,6117.71,6120.0,6110.99,6117.0,2,49695
2018-06-24 01:35:00,6117.0,6119.65,6112.72,6118.98,2,49696
2018-06-24 01:40:00,6118.98,6125.0,6115.07,6118.93,2,49697
2018-06-24 01:45:00,6120.69,6123.26,6115.0,6122.2,2,49698
2018-06-24 01:50:00,6116.68,6122.19,6115.07,6118.81,2,49699
2018-06-24 01:55:00,6118.81,6123.45,6115.13,6120.0,2,49700
2018-06-24 02:00:00,6117.19,6138.0,6117.19,6123.97,2,49701
2018-06-24 02:05:00,6121.43,6124.0,6111.01,6112.05,2,49702
2018-06-24 02:10:00,6114.9,6130.0,6105.0,6118.83,2,49703
2018-06-24 02:15:00,6122.33,6150.0,6116.19,6134.5,2,49704
2018-06-24 02:20:00,6133.38,6149.0,6130.11,6145.65,3,49705
2018-06-24 02:25:00,6145.61,6145.65,6132.23,6135.41,0,49706
2018-06-24 02:30:00,6135.4,6142.32,6128.9,6132.36,0,49707
2018-06-24 02:35:00,6132.37,6134.18,6119.98,6134.0,0,49708
2018-06-24 02:40:00,6134.98,6141.38,6134.0,6134.53,0,49709
2018-06-24 02:45:00,6139.97,6142.16,6134.53,6135.0,0,49710
2018-06-24 02:50:00,6137.47,6142.16,6130.96,6136.77,0,49711
2018-06-24 02:55:00,6137.0,6143.0,6130.01,6135.61,0,49712
2018-06-24 03:00:00,6135.61,6135.61,6118.62,6123.79,0,49713
2018-06-24 03:05:00,6123.78,6124.0,6117.1,6117.1,0,49714
2018-06-24 03:10:00,6117.1,6126.0,6111.34,6117.0,0,49715
2018-06-24 03:15:00,6117.29,6119.95,6111.0,6115.79,0,49716
2018-06-24 03:20:00,6115.74,6115.82,6111.0,6112.01,1,49717
2018-06-24 03:25:00,6112.01,6115.82,6111.56,6114.0,2,49718
2018-06-24 03:30:00,6115.82,6129.77,6114.01,6126.24,2,49719
2018-06-24 03:35:00,6129.77,6129.77,6123.0,6126.24,2,49720
2018-06-24 03:40:00,6125.47,6131.92,6125.0,6131.38,2,49721
2018-06-24 03:45:00,6131.91,6132.0,6127.34,6130.0,2,49722
2018-06-24 03:50:00,6130.17,6132.0,6129.05,6130.0,2,49723
2018-06-24 03:55:00,6129.99,6132.58,6129.05,6129.05,2,49724
2018-06-24 04:00:00,6129.05,6131.0,6128.05,6130.0,2,49725
2018-06-24 04:05:00,6129.03,6130.0,6128.05,6128.12,2,49726
2018-06-24 04:10:00,6128.11,6145.32,6128.11,6145.32,2,49727
2018-06-24 04:15:00,6141.82,6146.97,6141.69,6144.01,2,49728
2018-06-24 04:20:00,6144.03,6149.99,6141.74,6148.0,2,49729
2018-06-24 04:25:00,6148.0,6149.99,6141.99,6144.2,2,49730
2018-06-24 04:30:00,6144.2,6147.91,6140.0,6143.94,2,49731
2018-06-24 04:35:00,6141.97,6143.92,6138.05,6143.78,2,49732
2018-06-24 04:40:00,6143.78,6150.0,6141.75,6149.99,2,49733
2018-06-24 04:45:00,6150.0,6155.99,6149.99,6151.0,2,49734
2018-06-24 04:50:00,6151.0,6155.0,6150.0,6153.0,2,49735
2018-06-24 04:55:00,6152.99,6231.0,6151.99,6212.62,2,49736
2018-06-24 05:00:00,6206.28,6260.0,6206.25,6220.07,3,49737
2018-06-24 05:05:00,6220.07,6231.58,6205.33,6212.13,0,49738
2018-06-24 05:10:00,6215.0,6216.87,6207.2,6211.04,0,49739
2018-06-24 05:15:00,6214.99,6222.0,6197.09,6197.6,0,49740
2018-06-24 05:20:00,6198.7,6200.23,6188.0,6189.98,0,49741
2018-06-24 05:25:00,6188.32,6200.0,6186.55,6192.6,0,49742
2018-06-24 05:30:00,6192.86,6208.28,6191.99,6198.96,0,49743
2018-06-24 05:35:00,6198.7,6198.7,6188.39,6189.01,0,49744
2018-06-24 05:40:00,6189.01,6191.99,6180.1,6183.6,0,49745
2018-06-24 05:45:00,6183.88,6189.0,6178.45,6185.21,0,49746
2018-06-24 05:50:00,6181.65,6189.0,6180.0,6186.06,0,49747
2018-06-24 05:55:00,6186.07,6193.72,6186.07,6191.26,0,49748
2018-06-24 06:00:00,6192.12,6198.71,6191.26,6195.99,0,49749
2018-06-24 06:05:00,6195.99,6197.73,6180.11,6181.0,0,49750
2018-06-24 06:10:00,6182.29,6182.31,6176.0,6176.0,0,49751
2018-06-24 06:15:00,6176.0,6179.09,6151.87,6159.59,0,49752
2018-06-24 06:20:00,6159.57,6174.38,6152.78,6167.96,0,49753
2018-06-24 06:25:00,6167.96,6167.96,6152.78,6152.78,0,49754
2018-06-24 06:30:00,6152.78,6160.0,6150.68,6151.0,0,49755
2018-06-24 06:35:00,6151.0,6151.0,6143.97,6146.0,1,49756
2018-06-24 06:40:00,6145.84,6170.89,6145.84,6164.72,2,49757
2018-06-24 06:45:00,6161.15,6165.0,6147.2,6149.89,2,49758
2018-06-24 06:50:00,6149.74,6149.88,6144.07,6146.99,2,49759
2018-06-24 06:55:00,6146.99,6149.98,6144.37,6149.98,2,49760
2018-06-24 07:00:00,6149.98,6180.0,6149.96,6174.83,3,49761
2018-06-24 07:05:00,6172.66,6180.24,6150.0,6152.0,0,49762
2018-06-24 07:10:00,6152.0,6152.0,6125.28,6140.0,0,49763
2018-06-24 07:15:00,6138.34,6138.34,6122.0,6127.61,0,49764
2018-06-24 07:20:00,6127.62,6137.28,6120.0,6130.83,0,49765
2018-06-24 07:25:00,6130.83,6134.53,6108.28,6117.0,0,49766
2018-06-24 07:30:00,6117.99,6121.35,6090.0,6109.45,0,49767
2018-06-24 07:35:00,6103.86,6122.31,6100.0,6106.11,0,49768
2018-06-24 07:40:00,6100.11,6111.64,6099.85,6106.09,0,49769
2018-06-24 07:45:00,6102.48,6111.64,6101.0,6109.98,0,49770
2018-06-24 07:50:00,6109.98,6119.48,6105.73,6113.71,0,49771
2018-06-24 07:55:00,6114.35,6120.11,6109.71,6114.01,0,49772
2018-06-24 08:00:00,6117.5,6117.5,6113.0,6117.49,0,49773
2018-06-24 08:05:00,6117.49,6117.49,6106.39,6117.49,0,49774
2018-06-24 08:10:00,6117.49,6123.07,6109.33,6122.22,0,49775
2018-06-24 08:15:00,6122.22,6124.97,6095.02,6097.69,0,49776
2018-06-24 08:20:00,6097.69,6120.08,6080.0,6083.12,0,49777
2018-06-24 08:25:00,6083.1,6094.94,6055.53,6084.57,0,49778
2018-06-24 08:30:00,6084.57,6095.83,6034.0,6065.03,0,49779
2018-06-24 08:35:00,6072.4,6082.9,6069.53,6074.47,0,49780
2018-06-24 08:40:00,6076.14,6116.0,6076.14,6100.84,0,49781
2018-06-24 08:45:00,6110.17,6120.84,5977.77,6072.87,0,49782
2018-06-24 08:50:00,6071.17,6086.69,6058.48,6076.02,0,49783
2018-06-24 08:55:00,6082.0,6088.0,6070.59,6082.73,0,49784
2018-06-24 09:00:00,6082.77,6100.05,6078.08,6088.42,0,49785
2018-06-24 09:05:00,6090.0,6103.77,6085.04,6085.04,0,49786
2018-06-24 09:10:00,6085.05,6093.92,6071.86,6071.86,1,49787
2018-06-24 09:15:00,6074.66,6103.64,6072.73,6096.32,2,49788
2018-06-24 09:20:00,6098.15,6100.0,6079.06,6084.95,2,49789
2018-06-24 09:25:00,6084.77,6095.0,6079.06,6088.21,2,49790
2018-06-24 09:30:00,6088.21,6093.8,6084.33,6089.91,2,49791
2018-06-24 09:35:00,6089.91,6089.91,6084.0,6085.82,2,49792
2018-06-24 09:40:00,6085.82,6088.15,6081.15,6082.38,2,49793
2018-06-24 09:45:00,6082.38,6095.19,6081.14,6087.24,2,49794
2018-06-24 09:50:00,6087.24,6098.99,6087.24,6095.0,2,49795
2018-06-24 09:55:00,6093.2,6105.0,6091.0,6096.97,3,49796
2018-06-24 10:00:00,6096.95,6097.87,6090.1,6093.99,0,49797
2018-06-24 10:05:00,6090.18,6094.0,6075.7,6079.99,0,49798
2018-06-24 10:10:00,6079.99,6087.46,6062.23,6077.31,0,49799
2018-06-24 10:15:00,6077.31,6085.86,6073.56,6073.56,0,49800
2018-06-24 10:20:00,6073.19,6078.23,6028.15,6057.1,0,49801
2018-06-24 10:25:00,6051.42,6080.0,6051.42,6070.01,0,49802
2018-06-24 10:30:00,6070.03,6085.78,6069.75,6082.48,0,49803
2018-06-24 10:35:00,6083.66,6085.0,6073.02,6073.27,0,49804
2018-06-24 10:40:00,6076.32,6088.99,6073.25,6081.8,0,49805
2018-06-24 10:45:00,6085.84,6086.58,6067.57,6067.83,0,49806
2018-06-24 10:50:00,6074.04,6075.89,6041.88,6052.58,0,49807
2018-06-24 10:55:00,6051.5,6067.61,6045.0,6047.85,0,49808
2018-06-24 11:00:00,6051.95,6054.63,6004.0,6020.09,0,49809
2018-06-24 11:05:00,6016.82,6025.0,6001.9,6010.0,0,49810
2018-06-24 11:10:00,6012.21,6023.88,6005.0,6020.0,0,49811
2018-06-24 11:15:00,6018.93,6029.11,5955.0,5963.16,0,49812
2018-06-24 11:20:00,5974.21,5977.76,5922.0,5923.26,0,49813
2018-06-24 11:25:00,5923.0,5947.13,5901.0,5935.0,0,49814
2018-06-24 11:30:00,5935.0,5960.9,5932.0,5955.02,0,49815
2018-06-24 11:35:00,5958.0,5960.0,5938.01,5944.0,0,49816
2018-06-24 11:40:00,5942.0,5944.46,5879.71,5895.84,0,49817
2018-06-24 11:45:00,5895.83,5899.3,5861.01,5887.03,0,49818
2018-06-24 11:50:00,5887.03,5913.94,5865.0,5874.25,0,49819
2018-06-24 11:55:00,5874.25,5895.0,5862.0,5877.68,0,49820
2018-06-24 12:00:00,5877.88,5909.74,5877.88,5893.35,0,49821
2018-06-24 12:05:00,5893.35,5898.43,5870.29,5880.77,0,49822
2018-06-24 12:10:00,5880.65,5880.65,5811.0,5844.0,0,49823
2018-06-24 12:15:00,5844.0,5871.0,5839.68,5870.0,0,49824
2018-06-24 12:20:00,5869.97,5877.62,5843.39,5860.76,0,49825
2018-06-24 12:25:00,5858.97,5895.0,5850.52,5889.23,0,49826
2018-06-24 12:30:00,5890.83,5894.96,5869.86,5878.17,0,49827
2018-06-24 12:35:00,5878.17,5881.35,5861.84,5862.26,0,49828
2018-06-24 12:40:00,5862.24,5878.13,5850.0,5873.33,0,49829
2018-06-24 12:45:00,5873.3,5877.86,5863.87,5863.88,0,49830
2018-06-24 12:50:00,5863.88,5867.94,5855.99,5863.19,0,49831
2018-06-24 12:55:00,5861.34,5874.42,5861.33,5865.77,0,49832
2018-06-24 13:00:00,5867.55,5867.73,5846.06,5854.76,0,49833
2018-06-24 13:05:00,5854.76,5859.51,5840.37,5844.99,0,49834
2018-06-24 13:10:00,5844.99,5845.19,5811.0,5812.61,0,49835
2018-06-24 13:15:00,5814.31,5848.15,5807.11,5830.0,0,49836
2018-06-24 13:20:00,5830.0,5842.0,5820.0,5831.13,0,49837
2018-06-24 13:25:00,5831.13,5837.02,5807.11,5810.0,0,49838
2018-06-24 13:30:00,5810.0,5812.99,5777.77,5788.18,0,49839
2018-06-24 13:35:00,5788.18,5815.0,5785.66,5801.35,0,49840
2018-06-24 13:40:00,5806.06,5842.0,5801.35,5838.0,0,49841
2018-06-24 13:45:00,5838.0,5841.97,5815.0,5819.84,0,49842
2018-06-24 13:50:00,5817.57,5837.94,5815.0,5832.1,0,49843
2018-06-24 13:55:00,5832.1,5848.19,5829.0,5845.95,0,49844
2018-06-24 14:00:00,5843.98,5875.75,5842.04,5871.01,0,49845
2018-06-24 14:05:00,5871.01,5871.02,5833.11,5846.22,0,49846
2018-06-24 14:10:00,5845.99,5848.25,5831.58,5839.41,0,49847
2018-06-24 14:15:00,5837.34,5851.1,5829.0,5834.36,0,49848
2018-06-24 14:20:00,5837.03,5844.14,5819.0,5822.99,0,49849
2018-06-24 14:25:00,5823.0,5858.87,5822.99,5851.76,0,49850
2018-06-24 14:30:00,5851.75,5870.0,5846.47,5851.0,0,49851
2018-06-24 14:35:00,5851.0,5853.82,5840.0,5844.66,0,49852
2018-06-24 14:40:00,5844.66,5860.0,5842.27,5857.12,0,49853
2018-06-24 14:45:00,5857.06,5860.0,5844.13,5848.57,0,49854
2018-06-24 14:50:00,5849.79,5854.38,5844.5,5844.8,0,49855
2018-06-24 14:55:00,5844.8,5846.07,5826.0,5830.0,0,49856
2018-06-24 15:00:00,5829.08,5850.0,5819.32,5849.42,0,49857
2018-06-24 15:05:00,5845.1,5849.42,5835.0,5838.83,0,49858
2018-06-24 15:10:00,5836.01,5849.29,5833.5,5833.5,0,49859
2018-06-24 15:15:00,5833.5,5836.0,5830.1,5830.1,0,49860
2018-06-24 15:20:00,5830.11,5834.82,5820.01,5831.0,0,49861
2018-06-24 15:25:00,5831.02,5834.0,5800.0,5801.55,0,49862
2018-06-24 15:30:00,5800.0,5816.7,5781.0,5811.12,0,49863
2018-06-24 15:35:00,5811.14,5827.54,5803.92,5821.01,0,49864
2018-06-24 15:40:00,5822.0,5825.0,5808.72,5821.46,0,49865
2018-06-24 15:45:00,5825.0,5840.0,5821.0,5838.88,0,49866
2018-06-24 15:50:00,5838.86,5838.86,5816.27,5819.0,1,49867
2018-06-24 15:55:00,5816.27,5834.42,5813.27,5828.7,2,49868
2018-06-24 16:00:00,5826.0,5828.7,5818.34,5823.46,2,49869
2018-06-24 16:05:00,5825.31,5829.99,5820.59,5829.99,2,49870
2018-06-24 16:10:00,5829.99,5852.7,5826.2,5852.7,2,49871
2018-06-24 16:15:00,5852.77,5856.35,5845.69,5845.69,2,49872
2018-06-24 16:20:00,5845.35,5850.0,5841.0,5850.0,2,49873
2018-06-24 16:25:00,5850.87,5857.1,5844.7,5850.52,2,49874
2018-06-24 16:30:00,5850.53,5861.02,5850.0,5861.02,2,49875
2018-06-24 16:35:00,5860.46,5872.0,5858.0,5872.0,3,49876
2018-06-24 16:40:00,5870.0,5874.12,5855.38,5855.4,0,49877
2018-06-24 16:45:00,5858.38,5858.38,5835.0,5839.95,0,49878
2018-06-24 16:50:00,5839.97,5849.5,5831.44,5848.35,0,49879
2018-06-24 16:55:00,5846.18,5851.3,5843.46,5846.28,0,49880
2018-06-24 17:00:00,5850.98,5853.68,5846.01,5851.5,0,49881
2018-06-24 17:05:00,5851.5,5865.3,5849.24,5865.3,0,49882
2018-06-24 17:10:00,5860.13,5866.15,5840.03,5847.23,1,49883
2018-06-24 17:15:00,5847.4,5849.99,5841.55,5847.98,2,49884
2018-06-24 17:20:00,5847.98,5856.67,5845.02,5851.25,2,49885
2018-06-24 17:25:00,5853.27,5857.1,5850.02,5851.0,2,49886
2018-06-24 17:30:00,5850.54,5860.0,5850.01,5858.85,2,49887
2018-06-24 17:35:00,5860.0,5898.0,5856.78,5884.25,2,49888
2018-06-24 17:40:00,5884.26,5884.27,5867.0,5869.21,2,49889
2018-06-24 17:45:00,5869.21,5892.13,5869.21,5889.48,2,49890
2018-06-24 17:50:00,5888.3,5919.5,5886.47,5901.76,2,49891
2018-06-24 17:55:00,5903.03,5910.0,5900.0,5907.5,3,49892
2018-06-24 18:00:00,5903.35,5910.0,5890.95,5897.0,0,49893
2018-06-24 18:05:00,5897.0,5902.0,5888.55,5898.71,0,49894
2018-06-24 18:10:00,5898.71,5905.01,5890.27,5895.0,0,49895
2018-06-24 18:15:00,5895.0,5895.0,5890.8,5891.98,0,49896
2018-06-24 18:20:00,5890.81,5890.81,5866.26,5876.0,0,49897
2018-06-24 18:25:00,5877.99,5893.68,5871.5,5893.68,0,49898
2018-06-24 18:30:00,5894.97,5900.0,5884.5,5891.02,0,49899
2018-06-24 18:35:00,5893.42,5898.81,5882.3,5890.6,0,49900
2018-06-24 18:40:00,5890.6,5909.98,5881.0,5905.55,0,49901
2018-06-24 18:45:00,5905.55,5914.99,5901.03,5905.15,0,49902
2018-06-24 18:50:00,5905.15,5914.87,5903.3,5903.55,0,49903
2018-06-24 18:55:00,5903.54,5907.9,5890.6,5904.98,0,49904
2018-06-24 19:00:00,5900.01,5904.95,5893.0,5893.35,0,49905
2018-06-24 19:05:00,5893.34,5895.84,5877.69,5881.03,0,49906
2018-06-24 19:10:00,5886.43,5891.81,5879.4,5884.33,0,49907
2018-06-24 19:15:00,5879.47,5888.0,5879.4,5887.38,0,49908
2018-06-24 19:20:00,5887.32,5887.42,5867.0,5870.0,0,49909
2018-06-24 19:25:00,5868.5,5878.0,5862.56,5867.0,1,49910
2018-06-24 19:30:00,5868.6,5883.59,5863.3,5882.97,2,49911
2018-06-24 19:35:00,5882.98,5887.0,5876.37,5879.35,2,49912
2018-06-24 19:40:00,5879.35,5882.95,5865.18,5871.0,2,49913
2018-06-24 19:45:00,5871.0,5884.12,5869.99,5880.9,2,49914
2018-06-24 19:50:00,5880.9,5898.99,5878.26,5892.96,2,49915
2018-06-24 19:55:00,5898.98,5899.0,5878.07,5894.29,2,49916
2018-06-24 20:00:00,5894.29,5913.99,5892.0,5902.04,2,49917
2018-06-24 20:05:00,5905.83,5909.82,5887.0,5899.19,2,49918
2018-06-24 20:10:00,5904.99,5912.0,5895.59,5905.0,2,49919
2018-06-24 20:15:00,5896.68,5907.89,5895.85,5907.47,3,49920
2018-06-24 20:20:00,5907.46,5907.77,5897.92,5906.96,0,49921
2018-06-24 20:25:00,5906.96,5906.97,5892.95,5897.32,0,49922
2018-06-24 20:30:00,5897.32,5899.0,5880.47,5887.52,1,49923
2018-06-24 20:35:00,5885.0,5891.46,5877.02,5891.45,2,49924
2018-06-24 20:40:00,5891.45,5900.0,5881.57,5897.51,2,49925
2018-06-24 20:45:00,5896.76,5903.21,5896.01,5900.0,2,49926
2018-06-24 20:50:00,5900.0,5907.75,5892.03,5904.99,2,49927
2018-06-24 20:55:00,5904.99,5934.41,5900.2,5924.74,3,49928
2018-06-24 21:00:00,5922.39,5926.36,5910.0,5910.0,0,49929
2018-06-24 21:05:00,5909.76,5917.6,5905.33,5915.01,0,49930
2018-06-24 21:10:00,5915.01,5922.0,5904.0,5914.72,0,49931
2018-06-24 21:15:00,5916.06,5917.1,5904.01,5909.99,0,49932
2018-06-24 21:20:00,5911.69,5913.4,5902.76,5906.17,0,49933
2018-06-24 21:25:00,5906.17,5908.5,5900.15,5905.97,0,49934
2018-06-24 21:30:00,5903.19,5905.97,5901.15,5904.53,0,49935
2018-06-24 21:35:00,5904.54,5919.73,5903.01,5917.99,0,49936
2018-06-24 21:40:00,5917.99,5918.9,5906.18,5907.91,0,49937
2018-06-24 21:45:00,5907.91,5915.63,5906.74,5909.51,0,49938
2018-06-24 21:50:00,5910.0,5911.99,5900.15,5904.9,0,49939
2018-06-24 21:55:00,5904.9,5905.0,5892.01,5895.9,0,49940
2018-06-24 22:00:00,5894.52,5896.0,5860.0,5861.46,0,49941
2018-06-24 22:05:00,5865.97,5869.54,5839.6,5860.01,0,49942
2018-06-24 22:10:00,5860.0,5868.47,5836.91,5841.0,0,49943
2018-06-24 22:15:00,5842.75,5842.75,5818.74,5828.33,0,49944
2018-06-24 22:20:00,5828.33,5855.0,5821.0,5847.45,0,49945
2018-06-24 22:25:00,5847.42,5849.97,5831.15,5838.89,0,49946
2018-06-24 22:30:00,5838.89,5846.91,5829.84,5829.84,0,49947
2018-06-24 22:35:00,5832.66,5844.63,5819.2,5826.34,0,49948
2018-06-24 22:40:00,5826.34,5836.25,5794.43,5830.0,0,49949
2018-06-24 22:45:00,5830.0,5844.63,5811.42,5815.61,0,49950
2018-06-24 22:50:00,5815.6,5829.65,5794.39,5799.1,0,49951
2018-06-24 22:55:00,5798.03,5800.0,5750.0,5767.02,1,49952
2018-06-24 23:00:00,5769.86,5809.42,5750.0,5803.03,2,49953
2018-06-24 23:05:00,5804.78,5827.76,5804.78,5821.0,2,49954
2018-06-24 23:10:00,5821.0,5828.43,5819.09,5825.0,2,49955
2018-06-24 23:15:00,5827.0,5900.0,5825.0,5900.0,2,49956
2018-06-24 23:20:00,5899.99,5900.89,5865.92,5894.0,2,49957
2018-06-24 23:25:00,5894.55,5944.51,5894.55,5911.98,2,49958
2018-06-24 23:30:00,5911.98,5934.92,5897.26,5904.54,2,49959
2018-06-24 23:35:00,5907.0,5927.0,5887.02,5922.01,2,49960
2018-06-24 23:40:00,5923.47,6158.39,5923.47,6147.91,2,49961
2018-06-24 23:45:00,6140.01,6250.0,6137.0,6180.33,3,49962
2018-06-24 23:50:00,6180.0,6235.0,6120.09,6156.08,0,49963
2018-06-24 23:55:00,6156.08,6220.0,6155.0,6190.0,0,49964
2018-06-25 00:00:00,6190.0,6194.83,6158.0,6166.66,0,49965
2018-06-25 00:05:00,6166.66,6170.42,6131.0,6159.69,0,49966
2018-06-25 00:10:00,6159.69,6174.84,6149.99,6174.83,0,49967
2018-06-25 00:15:00,6174.83,6174.84,6149.0,6149.82,0,49968
2018-06-25 00:20:00,6149.82,6259.8,6149.0,6246.1,0,49969
2018-06-25 00:25:00,6246.1,6250.88,6201.2,6208.0,0,49970
2018-06-25 00:30:00,6205.79,6208.0,6150.0,6184.98,0,49971
2018-06-25 00:35:00,6184.98,6205.42,6174.0,6200.0,0,49972
2018-06-25 00:40:00,6199.35,6200.0,6175.75,6191.9,0,49973
2018-06-25 00:45:00,6195.0,6199.34,6168.02,6175.01,0,49974
2018-06-25 00:50:00,6175.01,6185.0,6165.3,6184.0,0,49975
2018-06-25 00:55:00,6183.99,6184.5,6175.53,6179.99,0,49976
2018-06-25 01:00:00,6179.98,6180.52,6150.01,6155.0,0,49977
2018-06-25 01:05:00,6154.99,6174.53,6153.5,6160.99,0,49978
2018-06-25 01:10:00,6162.4,6162.48,6132.7,6135.0,1,49979
2018-06-25 01:15:00,6135.0,6175.0,6134.0,6171.0,2,49980
2018-06-25 01:20:00,6171.0,6200.0,6160.33,6161.17,2,49981
2018-06-25 01:25:00,6162.17,6166.39,6157.0,6162.97,2,49982
2018-06-25 01:30:00,6162.97,6184.53,6162.82,6176.01,2,49983
2018-06-25 01:35:00,6176.02,6177.0,6158.09,6168.21,2,49984
2018-06-25 01:40:00,6168.21,6172.98,6159.31,6160.1,2,49985
2018-06-25 01:45:00,6164.85,6167.13,6160.37,6166.94,2,49986
2018-06-25 01:50:00,6166.95,6167.0,6157.0,6159.9,2,49987
2018-06-25 01:55:00,6159.9,6185.0,6155.75,6172.9,2,49988
2018-06-25 02:00:00,6171.34,6180.79,6165.02,6179.93,3,49989
2018-06-25 02:05:00,6179.0,6181.06,6168.02,6173.99,0,49990
2018-06-25 02:10:00,6171.5,6173.99,6158.0,6159.01,1,49991
2018-06-25 02:15:00,6159.01,6186.54,6155.0,6161.2,2,49992
2018-06-25 02:20:00,6162.97,6175.0,6153.0,6167.46,2,49993
2018-06-25 02:25:00,6174.97,6174.97,6164.0,6165.0,2,49994
2018-06-25 02:30:00,6164.99,6172.8,6164.0,6172.5,2,49995
2018-06-25 02:35:00,6172.0,6172.0,6165.01,6168.83,2,49996
2018-06-25 02:40:00,6168.83,6186.54,6165.06,6182.27,2,49997
2018-06-25 02:45:00,6182.28,6197.99,6178.16,6191.54,3,49998
2018-06-25 02:50:00,6190.99,6191.0,6173.0,6173.01,0,49999
2018-06-25 02:55:00,6172.01,6178.0,6165.07,6178.0,0,50000
2018-06-25 03:00:00,6178.0,6180.69,6150.0,6156.1,0,50001
2018-06-25 03:05:00,6156.1,6165.0,6154.27,6162.01,0,50002
2018-06-25 03:10:00,6162.0,6162.0,6143.0,6148.65,0,50003
2018-06-25 03:15:00,6148.66,6157.0,6143.0,6146.29,1,50004
2018-06-25 03:20:00,6149.97,6165.0,6143.03,6160.0,2,50005
2018-06-25 03:25:00,6160.0,6167.16,6149.0,6157.34,2,50006
2018-06-25 03:30:00,6157.34,6170.0,6152.16,6170.0,2,50007
2018-06-25 03:35:00,6170.0,6172.31,6163.24,6170.98,2,50008
2018-06-25 03:40:00,6167.14,6181.0,6167.14,6180.0,2,50009
2018-06-25 03:45:00,6180.0,6199.0,6176.12,6191.0,3,50010
2018-06-25 03:50:00,6190.25,6191.0,6168.0,6175.32,0,50011
2018-06-25 03:55:00,6175.32,6190.0,6174.0,6182.51,0,50012
2018-06-25 04:00:00,6185.0,6195.0,6180.03,6190.3,0,50013
2018-06-25 04:05:00,6194.97,6196.0,6180.0,6186.0,0,50014
2018-06-25 04:10:00,6185.99,6187.0,6175.0,6180.0,0,50015
2018-06-25 04:15:00,6177.0,6182.93,6176.04,6176.12,0,50016
2018-06-25 04:20:00,6178.05,6182.93,6176.03,6179.69,0,50017
2018-06-25 04:25:00,6179.69,6179.75,6166.06,6170.59,0,50018
2018-06-25 04:30:00,6170.29,6170.65,6160.16,6162.96,0,50019
2018-06-25 04:35:00,6162.02,6168.19,6162.02,6168.08,0,50020
2018-06-25 04:40:00,6164.0,6168.09,6155.0,6165.48,0,50021
2018-06-25 04:45:00,6165.48,6166.0,6156.92,6159.01,0,50022
2018-06-25 04:50:00,6158.11,6164.69,6151.53,6151.61,0,50023
2018-06-25 04:55:00,6151.61,6160.0,6149.02,6151.01,0,50024
2018-06-25 05:00:00,6155.0,6164.95,6155.0,6161.03,0,50025
2018-06-25 05:05:00,6161.02,6167.62,6158.0,6162.53,0,50026
2018-06-25 05:10:00,6162.52,6162.98,6149.73,6149.99,0,50027
2018-06-25 05:15:00,6149.99,6156.69,6121.02,6129.97,0,50028
2018-06-25 05:20:00,6125.03,6145.93,6125.0,6127.0,0,50029
2018-06-25 05:25:00,6127.0,6137.62,6124.18,6132.0,0,50030
2018-06-25 05:30:00,6133.77,6137.0,6095.08,6100.0,0,50031
2018-06-25 05:35:00,6099.93,6120.0,6086.0,6106.91,0,50032
2018-06-25 05:40:00,6105.29,6120.21,6105.28,6112.79,0,50033
2018-06-25 05:45:00,6112.79,6150.33,6110.02,6147.22,0,50034
2018-06-25 05:50:00,6147.22,6154.21,6123.34,6129.28,0,50035
2018-06-25 05:55:00,6129.28,6147.41,6121.0,6136.79,0,50036
2018-06-25 06:00:00,6138.28,6142.0,6117.55,6119.84,0,50037
2018-06-25 06:05:00,6124.17,6141.19,6117.41,6128.55,0,50038
2018-06-25 06:10:00,6125.79,6135.98,6124.13,6128.75,0,50039
2018-06-25 06:15:00,6125.0,6130.81,6114.01,6114.22,0,50040
2018-06-25 06:20:00,6116.03,6117.86,6106.0,6106.19,1,50041
2018-06-25 06:25:00,6109.86,6125.0,6107.24,6120.01,2,50042
2018-06-25 06:30:00,6120.01,6130.8,6120.0,6130.8,2,50043
2018-06-25 06:35:00,6126.97,6164.0,6125.07,6139.99,2,50044
2018-06-25 06:40:00,6139.99,6150.74,6130.2,6134.75,2,50045
2018-06-25 06:45:00,6134.89,6146.69,6130.29,6144.64,2,50046
2018-06-25 06:50:00,6144.64,6150.91,6131.0,6135.46,2,50047
2018-06-25 06:55:00,6137.04,6140.0,6130.89,6136.97,2,50048
2018-06-25 07:00:00,6137.95,6138.94,6127.03,6131.95,2,50049
2018-06-25 07:05:00,6134.44,6139.0,6131.0,6133.05,2,50050
2018-06-25 07:10:00,6133.08,6136.65,6131.0,6134.58,2,50051
2018-06-25 07:15:00,6134.58,6137.05,6127.1,6137.05,2,50052
2018-06-25 07:20:00,6137.05,6165.68,6132.97,6148.62,2,50053
2018-06-25 07:25:00,6141.02,6157.48,6141.02,6150.99,2,50054
2018-06-25 07:30:00,6150.97,6167.03,6150.8,6167.01,3,50055
2018-06-25 07:35:00,6167.02,6179.8,6151.21,6163.22,0,50056
2018-06-25 07:40:00,6162.29,6169.91,6156.39,6162.28,0,50057
2018-06-25 07:45:00,6169.88,6173.2,6158.78,6158.78,0,50058
2018-06-25 07:50:00,6162.4,6164.93,6151.69,6164.93,0,50059
2018-06-25 07:55:00,6164.93,6170.0,6150.72,6163.58,0,50060
2018-06-25 08:00:00,6160.02,6164.76,6154.99,6156.39,0,50061
2018-06-25 08:05:00,6158.09,6159.81,6136.16,6150.25,0,50062
2018-06-25 08:10:00,6154.75,6154.75,6134.78,6136.29,0,50063
2018-06-25 08:15:00,6136.29,6147.72,6133.67,6139.76,0,50064
2018-06-25 08:20:00,6139.76,6142.0,6135.01,6141.76,0,50065
2018-06-25 08:25:00,6141.76,6147.18,6133.07,6146.0,0,50066
2018-06-25 08:30:00,6145.99,6146.0,6140.99,6144.92,0,50067
2018-06-25 08:35:00,6144.61,6147.28,6141.03,6143.51,0,50068
2018-06-25 08:40:00,6144.06,6150.0,6142.0,6145.24,0,50069
2018-06-25 08:45:00,6145.25,6150.0,6143.85,6145.01,0,50070
2018-06-25 08:50:00,6145.01,6147.98,6142.0,6142.64,0,50071
2018-06-25 08:55:00,6142.0,6143.99,6132.22,6133.19,0,50072
2018-06-25 09:00:00,6134.94,6138.92,6125.62,6125.94,0,50073
2018-06-25 09:05:00,6125.94,6137.78,6125.62,6137.78,0,50074
2018-06-25 09:10:00,6133.0,6140.3,6129.83,6134.52,0,50075
2018-06-25 09:15:00,6134.5,6134.94,6125.64,6128.69,0,50076
2018-06-25 09:20:00,6128.69,6131.99,6110.73,6124.0,0,50077
2018-06-25 09:25:00,6124.0,6130.76,6112.77,6127.98,0,50078
2018-06-25 09:30:00,6127.99,6134.04,6125.57,6126.0,0,50079
2018-06-25 09:35:00,6126.0,6129.55,6111.69,6111.71,0,50080
2018-06-25 09:40:00,6115.34,6120.99,6111.0,6113.34,0,50081
2018-06-25 09:45:00,6113.33,6115.89,6097.58,6100.87,1,50082
2018-06-25 09:50:00,6100.86,6122.22,6098.01,6118.99,2,50083
2018-06-25 09:55:00,6119.0,6119.0,6110.7,6114.4,2,50084
2018-06-25 10:00:00,6113.0,6114.4,6103.59,6103.63,2,50085
2018-06-25 10:05:00,6106.02,6108.21,6103.3,6105.75,2,50086
2018-06-25 10:10:00,6105.76,6119.0,6105.01,6113.14,2,50087
2018-06-25 10:15:00,6113.47,6129.0,6113.47,6124.99,2,50088
2018-06-25 10:20:00,6126.0,6130.45,6106.34,6125.43,2,50089
2018-06-25 10:25:00,6125.44,6125.5,6110.63,6112.83,2,50090
2018-06-25 10:30:00,6114.91,6119.99,6110.65,6116.59,2,50091
2018-06-25 10:35:00,6116.59,6118.9,6107.9,6114.78,2,50092
2018-06-25 10:40:00,6114.78,6115.04,6107.91,6113.98,2,50093
2018-06-25 10:45:00,6113.98,6119.99,6109.0,6117.0,2,50094
2018-06-25 10:50:00,6117.0,6117.0,6112.0,6116.9,2,50095
2018-06-25 10:55:00,6116.89,6119.9,6116.5,6119.9,2,50096
2018-06-25 11:00:00,6119.9,6188.0,6119.25,6178.96,3,50097
2018-06-25 11:05:00,6186.09,6186.09,6147.12,6157.01,0,50098
2018-06-25 11:10:00,6160.0,6170.0,6154.47,6167.87,0,50099
2018-06-25 11:15:00,6167.87,6171.64,6152.0,6154.0,0,50100
2018-06-25 11:20:00,6163.97,6163.98,6142.72,6155.0,0,50101
2018-06-25 11:25:00,6155.0,6159.29,6152.0,6153.0,0,50102
2018-06-25 11:30:00,6157.91,6161.54,6149.97,6161.43,0,50103
2018-06-25 11:35:00,6159.01,6169.05,6159.0,6162.45,0,50104
2018-06-25 11:40:00,6163.68,6170.03,6152.47,6165.25,0,50105
2018-06-25 11:45:00,6165.25,6166.98,6154.09,6161.94,0,50106
2018-06-25 11:50:00,6160.0,6160.0,6145.0,6152.0,0,50107
2018-06-25 11:55:00,6152.0,6153.53,6136.01,6142.02,0,50108
2018-06-25 12:00:00,6142.02,6142.02,6133.18,6133.18,1,50109
2018-06-25 12:05:00,6139.12,6146.0,6133.0,6144.21,2,50110
2018-06-25 12:10:00,6144.21,6146.54,6124.68,6144.13,2,50111
2018-06-25 12:15:00,6144.15,6146.19,6136.34,6144.09,2,50112
2018-06-25 12:20:00,6144.09,6150.99,6142.86,6149.99,2,50113
2018-06-25 12:25:00,6149.99,6151.0,6144.2,6144.23,2,50114
2018-06-25 12:30:00,6144.25,6151.0,6144.25,6145.25,2,50115
2018-06-25 12:35:00,6145.25,6151.0,6145.24,6150.69,2,50116
2018-06-25 12:40:00,6150.0,6158.01,6147.22,6158.0,2,50117
2018-06-25 12:45:00,6157.08,6164.9,6153.5,6159.93,2,50118
2018-06-25 12:50:00,6159.93,6162.28,6155.15,6161.0,2,50119
2018-06-25 12:55:00,6161.63,6163.0,6150.98,6152.03,2,50120
2018-06-25 13:00:00,6152.03,6159.0,6150.98,6156.0,2,50121
2018-06-25 13:05:00,6156.0,6158.87,6151.0,6152.0,2,50122
2018-06-25 13:10:00,6152.0,6152.0,6145.0,6145.0,2,50123
2018-06-25 13:15:00,6145.0,6153.01,6143.0,6152.01,2,50124
2018-06-25 13:20:00,6152.51,6164.75,6145.0,6159.01,2,50125
2018-06-25 13:25:00,6159.02,6196.0,6153.23,6188.24,3,50126
2018-06-25 13:30:00,6188.22,6190.0,6162.86,6167.67,0,50127
2018-06-25 13:35:00,6167.68,6172.71,6155.0,6165.0,0,50128
2018-06-25 13:40:00,6165.99,6169.98,6152.0,6162.92,0,50129
2018-06-25 13:45:00,6160.2,6165.93,6157.48,6160.0,0,50130
2018-06-25 13:50:00,6160.0,6171.28,6158.97,6169.16,0,50131
2018-06-25 13:55:00,6166.78,6169.86,6165.09,6165.1,0,50132
2018-06-25 14:00:00,6166.96,6169.47,6151.0,6154.0,0,50133
2018-06-25 14:05:00,6160.0,6160.0,6154.0,6159.23,0,50134
2018-06-25 14:10:00,6157.26,6157.38,6150.0,6150.01,0,50135
2018-06-25 14:15:00,6150.0,6155.0,6150.0,6154.97,0,50136
2018-06-25 14:20:00,6151.7,6156.65,6150.0,6153.95,0,50137
2018-06-25 14:25:00,6151.16,6153.96,6150.0,6150.33,0,50138
2018-06-25 14:30:00,6152.09,6155.0,6143.0,6153.01,0,50139
2018-06-25 14:35:00,6153.02,6155.0,6145.39,6149.97,0,50140
2018-06-25 14:40:00,6149.98,6160.0,6145.39,6151.0,0,50141
2018-06-25 14:45:00,6158.25,6158.28,6148.0,6149.01,0,50142
2018-06-25 14:50:00,6149.52,6153.76,6148.0,6150.0,0,50143
2018-06-25 14:55:00,6150.0,6155.31,6148.32,6148.32,0,50144
2018-06-25 15:00:00,6148.32,6152.99,6144.0,6145.23,0,50145
2018-06-25 15:05:00,6145.02,6149.92,6140.91,6144.99,1,50146
2018-06-25 15:10:00,6145.0,6154.32,6144.3,6150.11,2,50147
2018-06-25 15:15:00,6154.12,6159.49,6150.12,6153.05,2,50148
2018-06-25 15:20:00,6154.99,6159.52,6150.1,6153.6,2,50149
2018-06-25 15:25:00,6153.6,6159.51,6146.0,6148.46,2,50150
2018-06-25 15:30:00,6150.72,6153.99,6146.02,6147.0,2,50151
2018-06-25 15:35:00,6147.0,6153.98,6146.0,6148.8,2,50152
