tree
version=v4
num_class=1
num_tree_per_iteration=1
label_index=0
max_feature_idx=5
objective=binary sigmoid:1
feature_names=trade_count_ratio_5 lt_where_gt_imbalance_x_high_volume_3__const_0_610058____const_1___const_0____const_0_0409226__ buy_pressure_negative_ratio_4 garman_klass_vol_6 gt_ret_ts_rank_3__const_0_477876__ _signed_log_ret_close_5____signed_log_garman_klass_vol_4__
feature_infos=[-1:3.5564175617763816] [0:1] [0:1] [0:0.069616343196946082] [0:1] [-0.097801974640063488:0.35164390222359365]
tree_sizes=1769 1829 1828 1826 1834 1828 1831 1831 1832 1826 1830 1827 1830 1830 1835 1831 1830 1828 1832 1825 1811 1832 1838 1836 1837 1817 1829 1837 1834 1825 1832 1828 1836 1837 1824 1838 1823 1831 1843 1835 1833 1839 1835 1833 1836 1840 1840 1837 1836 1816 1711 1818 1840 1831 1830 1848 1818 1841 1835 1835 1815 1848 1824 1836 1845 1842 1838 1836 1835 1837 1847 1844 1839 1832 1848 1839 1823 1827 1846 1845 1847 1842 1844 1852 1826 1841 1853 1844 1816 1848 1825 1842 1828 1832 1828 1855 1819 1840 1834 1828 1834 1806 1854 1830 1852 1849 1814 1832 1840 1838 1851 1847 1710 1838 1724 1847 1848 1840 1597 1861 1849 1848 1828 1842 1844 1819 1824 1854 1841 1851 1855 1807 1836 1851 1848 1850 1859 1511 1845 1734 1811 1848 1853 1850 1843 1853 1729 1844 1869 1830 1851 1843 1858 1856 1832 1820 1721 1844 1804 1826 1864 1846 1833 1515 1839 1812 1829 1839 1829 1865 1853 1833 1842 1848 1808 1822 1844 1847 1627 1812 1464 1802 1837 1727 1847 1748 1802 1840 1865 1834 1859 1844

Tree=0
num_leaves=15
num_cat=0
split_feature=3 3 3 3 3 3 3 3 0 3 0 0 0 3
split_gain=48137.1 8433.87 7747.66 1335.59 1096.99 1091.17 1000.83 244.242 176.125 175.744 175.275 172.024 167.82 131.785
threshold=0.0010468569735066081 0.00060967312287825556 0.0019470410056774789 0.00036776999756901193 0.0014084415761188122 0.0032104621967899336 0.00078513948528442226 0.0005007185319881581 0.026617101684818349 0.00023576616064718205 -0.10734430920627956 -0.17403090552440745 0.053302187737608871 0.0049591134963881097
decision_type=8 10 8 10 10 8 10 10 10 10 10 10 10 8
left_child=1 3 4 9 8 11 -3 -5 -2 -1 -6 -4 -8 -7
right_child=2 6 5 7 10 13 12 -9 -10 -11 -12 -13 -14 -15
leaf_value=0.41180147857193439 0.4755286442507824 0.45409126509352526 0.49379053824105373 0.43423282972304011 0.48412176418324337 0.50594143623512022 0.46400910095614833 0.44416157732454614 0.48130323539786152 0.42507835170313374 0.48971498147885872 0.49937638908124682 0.47055627995334848 0.51239536537186969
leaf_weight=1856.9465366005898 12640.466602325439 9975.2994420975447 7823.5094859451056 4645.6738798618317 8562.9805622249842 9562.0933997929096 10491.984184533358 5060.2974386066198 7603.3219322413206 2843.3017262071371 12630.780239984393 15111.434010252357 5439.48308634758 4692.4519223868847
leaf_count=7860 53504 42223 33115 19664 36245 40474 44410 21419 32183 12035 53463 63963 23024 19862
internal_value=0.477952 0.451303 0.491618 0.432905 0.482693 0.501557 0.461549 0.439363 0.477701 0.419691 0.487462 0.497481 0.466235 0.508093
internal_weight=118940 40313 78627 14406.2 41437.5 37189.5 25906.8 9705.97 20243.8 4700.25 21193.8 22934.9 15931.5 14254.5
internal_count=503444 170635 332809 60978 175395 157414 109657 41083 85687 19895 89708 97078 67434 60336
is_linear=0
shrinkage=1


Tree=1
num_leaves=15
num_cat=0
split_feature=5 5 5 5 5 5 5 5 5 5 5 0 5 5
split_gain=16967 7927.69 2295.84 1772.83 973.662 773.114 264.709 190.276 181.093 153.257 136.934 62.4568 27.7336 20.0567
threshold=0.0032032010495026959 -0.0016310125170425009 0.0016868697658877841 0.0059618215609389723 -0.0041947803171940743 -0.00075554443562620235 0.0022865315008006363 0.0042184472995282158 0.0085157367316532114 -0.0069433849341747683 -0.0026363846785703656 -0.30553038146419254 0.0036378390162737817 0.0052577893579663264
decision_type=8 10 10 8 10 10 10 10 8 10 10 8 10 10
left_child=1 4 5 7 9 -3 -4 12 -5 -1 -6 -10 -2 -9
right_child=3 2 6 8 10 -7 -8 13 11 -11 -12 -13 -14 -15
leaf_value=0.029394593456302156 0.0074688120693344722 -0.0057431215045968499 -0.0055074909944318592 0.023535532266077686 0.011665235069269536 -0.015366566524405083 0.001555764338010599 0.014774151120736495 0.023629618330827582 0.018803608727829362 0.004500691606162021 0.031966148245824229 0.011164431285388873 0.018227351885795891
leaf_weight=2358.4462502300739 3752.1115464866161 9039.5428758114576 8865.5460756421089 6171.1250426471233 4273.2705542743206 45609.222820997238 10310.332607746124 5581.9180920124054 1174.0334763079882 2894.0300104916096 5606.0699024051428 6308.7803266346455 4148.8968154788017 2839.7356869578362
leaf_count=10052 15901 38231 37487 26233 18147 192492 43648 23689 5002 12312 23762 26869 17593 12060
internal_value=-1.01857e-05 -0.00658857 -0.0106436 0.0195051 0.0131852 -0.0137772 -0.00170782 0.0128129 0.0274856 0.0236174 0.00761442 0.0306995 0.00942866 0.0159659
internal_weight=118933 88956.5 73824.6 29976.6 15131.8 54648.8 19175.9 16322.7 13653.9 5252.48 9879.34 7482.81 7901.01 8421.65
internal_count=503478 376131 311858 127347 64273 230723 81135 69243 58104 22364 41909 31871 33494 35749
is_linear=0
shrinkage=0.03


Tree=2
num_leaves=15
num_cat=0
split_feature=5 5 5 5 5 5 5 5 5 5 5 0 5 5
split_gain=15981.5 7186.66 2555.42 1383.68 956.107 865.707 285.606 182.132 156.926 116.255 107.499 38.6559 32.3055 25.2552
threshold=0.0034144552768843768 -0.0016921238846092895 0.0018018147127640122 0.0059618215609389723 -0.0041947803171940743 -0.0007895819662932901 0.0025108606574321059 0.010913077804271391 -0.0069433849341747683 0.0042184472995282158 -0.0028907356546037425 -0.32508558788788539 0.0075114093388752188 0.0052577893579663264
decision_type=8 10 10 8 10 10 10 8 10 10 10 8 10 10
left_child=1 4 5 9 8 -3 -4 12 -1 -2 -6 -9 -5 -11
right_child=3 2 6 7 10 -7 -8 11 -10 13 -12 -13 -14 -15
leaf_value=0.029215083243728505 0.010077844701035293 -0.0044935390977043736 -0.0039090902465133128 0.021919341236572343 0.011748223552037406 -0.014610951814815807 0.0034025658387093235 0.023728706873195761 0.018485618399062806 0.014322476861589075 0.0049960213736637499 0.032913229980248877 0.026050339800686346 0.018108823188441911
leaf_weight=2355.0742767751217 6002.5524346828461 9076.300066024065 9908.3720991313457 4245.0067609846592 3300.5066825151443 48120.264505058527 9319.1173681616783 663.42240113019943 2869.511109277606 5579.2769266068935 6150.3305708169937 3970.2433116883039 4601.5093623548746 2836.8889868706465
leaf_count=10113 25511 38346 41874 18147 14059 202426 39491 2845 12265 23763 26111 17056 19714 12102
internal_value=-4.96796e-05 -0.00613451 -0.00982739 0.0198123 0.0130861 -0.0130076 -0.000362255 0.0267276 0.0233801 0.013329 0.00737035 0.0316651 0.0241018 0.0156259
internal_weight=118998 91099.5 76424.1 27898.9 14675.4 57196.6 19227.5 13480.2 5224.59 14418.7 9450.84 4633.67 8846.52 8416.17
internal_count=503823 384685 322137 119138 62548 240772 81365 57762 22378 61376 40170 19901 37861 35865
is_linear=0
shrinkage=0.03


Tree=3
num_leaves=15
num_cat=0
split_feature=3 3 3 3 3 3 3 3 0 3 3 3 0 0
split_gain=43255.8 7528.3 6733.38 1242.59 983.427 961.043 895.17 213.432 210.7 173.19 149.168 146.751 138.737 126.835
threshold=0.0010468569735066081 0.00060967312287825556 0.0019470410056774789 0.00039893720761813577 0.0031651560351860495 0.0013335459568501748 0.00077726336981763218 0.00023576616064718205 -0.10734430920627956 0.00091553758183144317 0.0049591134963881097 0.00051267016105537564 -0.17650524940601589 -0.020959376672027904
decision_type=8 10 8 10 8 10 10 10 10 10 8 10 10 10
left_child=1 3 5 7 12 13 -3 -1 -7 -8 -6 -5 -4 -2
right_child=2 6 4 11 10 8 9 -9 -10 -11 -12 -13 -14 -15
leaf_value=-0.062019172022734756 -0.0032765198098720495 -0.022649518727645739 0.015035146183299741 -0.039336249361238335 0.026343422316632611 0.0051011352783969051 -0.014100260110475209 -0.04868869532154893 0.010750002421997825 -0.0078879842107786608 0.033166571190659605 -0.031187595953661083 0.020152713007869048 0.00199157346569666
leaf_weight=1900.486295029521 8875.8191764354706 9596.9359399676323 7498.4616883844137 4309.0881890654564 9859.8392266482115 10005.671687856317 8434.2847913056612 3831.594738304615 14937.417735531926 7979.1800985634327 4577.7133399397135 4636.8717814385891 14795.67103484273 7636.2987271249294
leaf_count=7884 37458 40230 31954 17973 42347 42383 35476 15949 63460 33591 19759 19383 63253 32320
internal_value=9.84883e-06 -0.0250719 0.0130647 -0.0422473 0.0224162 0.00477387 -0.0153648 -0.0532192 0.00848937 -0.0110905 0.0285324 -0.0351589 0.0184417 -0.000836842
internal_weight=118875 40688.4 78186.9 14678 36731.7 41455.2 26010.4 5732.08 24943.1 16413.5 14437.6 8945.96 22294.1 16512.1
internal_count=503420 170486 332934 61189 157313 175621 109297 23833 105843 69067 62106 37356 95207 69778
is_linear=0
shrinkage=0.03


Tree=4
num_leaves=15
num_cat=0
split_feature=3 3 3 3 3 3 5 3 5 5 3 3 5 3
split_gain=40891.8 7041.29 6425.53 1156.97 1078.68 886.799 730.007 530.511 294.379 289 184.412 141.434 137.815 120.675
threshold=0.0010468569735066081 0.00060108897664271316 0.0018275973111922597 0.0031651560351860495 0.00039893720761813577 0.00077726336981763218 0.0036378390162737817 0.0012637333881998375 0.0060969776988657309 0.0028345013688677247 0.00023576616064718205 0.0053570430989845754 0.0027095450206876758 0.00051267016105537564
decision_type=8 10 8 8 10 10 10 10 10 10 10 8 10 10
left_child=1 4 6 8 10 12 7 -2 -4 -7 -1 -5 -3 -6
right_child=2 5 3 11 13 9 -8 -9 -10 -11 -12 -13 -14 -15
leaf_value=-0.059489698456918129 -0.0035323143860202608 -0.023160597349121508 0.015597189101560271 0.026077340473145087 -0.038062639760647533 -0.012437510796752274 0.012160017642727174 0.0047387911556065025 0.023518253684486481 -0.00096270891209285746 -0.047080574098781441 0.033200650112528818 -0.0094774582729214071 -0.030452009579918487
leaf_weight=1917.2346306145191 11008.688278779387 9321.1626071631908 20525.798378109932 10632.777526691556 4357.3444841951132 14151.609287664294 7510.3703040778637 19008.938670650125 5433.8485190868378 2310.9745688438416 3875.8563348948956 3658.6366343945265 750.10761059820652 4223.9718243032694
leaf_count=7868 46437 38862 87727 46012 18037 59333 32146 80519 23536 9772 15988 15943 3150 17547
internal_value=-3.58324e-05 -0.0243137 0.0127339 0.0210587 -0.0412213 -0.0151398 0.00380023 0.00170328 0.0172659 -0.0108319 -0.0512932 0.0279271 -0.0221578 -0.0343633
internal_weight=118687 40908.3 77779.1 40251.1 14374.4 26533.9 37528 30017.6 25959.6 16462.6 5793.09 14291.4 10071.3 8581.32
internal_count=502877 170557 332320 173218 59440 111117 159102 126956 111263 69105 23856 61955 42012 35584
is_linear=0
shrinkage=0.03


Tree=5
num_leaves=15
num_cat=0
split_feature=3 3 3 3 3 3 3 5 5 5 5 3 3 5
split_gain=38200.8 6586.93 6051.63 1102.55 906.5 819.393 799.415 307.142 303.023 284.384 220.743 173.604 117.075 109.87
threshold=0.0010544283188165375 0.00060967312287825556 0.0019470410056774789 0.00036776999756901193 0.0032609570095814585 0.00077726336981763218 0.0014084415761188122 0.0040747012108042283 0.0050525647102978967 0.0028345013688677247 0.0060969776988657309 0.0005007185319881581 0.00023576616064718205 0.0027095450206876758
decision_type=8 10 8 10 8 10 10 10 10 10 10 10 10 10
left_child=1 3 6 12 10 13 7 -2 -8 -7 -4 -5 -1 -3
right_child=2 5 4 11 -6 9 8 -9 -10 -11 -12 -13 -14 -15
leaf_value=-0.057407491159660942 -0.0011830028435369524 -0.022229174535410977 0.0160543037888351 -0.037705678721566382 0.027572075910438591 -0.011914452442194631 0.0070396823824124717 0.010600363240289002 0.017259689188714452 -0.0007484510889338745 0.023137168983527922 -0.029451228950465348 -0.046586076184088263 -0.0098015875564827857
leaf_weight=1935.015921369195 17615.641951292753 8932.1740435659885 17777.856422573328 4838.6146145761013 13245.25979180634 14547.248007982969 17974.835645630956 2234.2234254479408 3067.5047493577003 2404.9529712498188 5258.6873024404049 5220.4179273992777 2948.6676130890846 733.16203545033932
leaf_count=7873 74379 37078 76385 19880 57900 60844 76475 9571 13240 10170 22948 21561 12066 3073
internal_value=-0.000102508 -0.0232879 0.0123841 -0.0392259 0.0213015 -0.0143269 0.00446731 0.000144935 0.00853987 -0.0103353 0.0176831 -0.0334613 -0.0509946 -0.0213038
internal_weight=118734 41560.3 77174 14942.7 36281.8 26617.5 40892.2 19849.9 21042.3 16952.2 23036.5 10059 4883.68 9665.34
internal_count=503443 172545 330898 61380 157233 111165 173665 83950 89715 71014 99333 41441 19939 40151
is_linear=0
shrinkage=0.03


Tree=6
num_leaves=15
num_cat=0
split_feature=3 3 3 3 3 3 3 3 3 3 3 3 3 3
split_gain=35685.8 6071.88 5887.09 1014.6 910.854 755.586 664.064 158.493 145.685 144.066 136.933 119.228 109.353 107.064
threshold=0.0010468569735066081 0.00060108897664271316 0.0018419295872490959 0.0029634270775673968 0.00036776999756901193 0.00077726336981763218 0.0012898926894439053 0.0049591134963881097 0.00048990167540057677 0.001579061395978427 0.00091553758183144317 0.00023576616064718205 0.0022891964707359067 0.00067994728334684932
decision_type=8 10 8 8 10 10 10 8 10 10 10 10 10 10
left_child=1 4 6 12 11 13 -2 -5 -6 -8 -7 -1 -4 -3
right_child=2 5 3 7 8 10 9 -9 -10 -11 -12 -13 -14 -15
leaf_value=-0.055101532111317776 -0.0015252993098763877 -0.024119040340567631 0.014079980491870281 0.02402450756133032 -0.036887923699000097 -0.012698705436094988 0.0047086382968427433 0.030877239897366515 -0.029077126181453628 0.0094666929883014984 -0.0071930771577908489 -0.044327980123680402 0.018311989159648125 -0.017687554624654312
leaf_weight=1949.3967878967524 14133.548430532217 4324.0540632158518 12043.215605258942 11863.421580523252 4366.8942363262177 8513.0548645704985 14002.273299753666 4458.6281484663486 5245.4802280068398 9834.8531513959169 8035.1660989075899 2949.8062212020159 10977.44087447226 5840.9295834004879
leaf_count=7879 59699 17876 51959 51983 17837 35537 59588 19771 21543 42022 33622 11993 47580 24173
internal_value=3.32929e-05 -0.0225048 0.0120531 0.0201847 -0.0381237 -0.0140067 0.00362299 0.0259179 -0.0326664 0.00667741 -0.010035 -0.0487305 0.0161077 -0.0204503
internal_weight=118538 41224.8 77313.4 39342.7 14511.6 26713.2 37970.7 16322 9612.37 23837.1 16548.2 4899.2 23020.7 10165
internal_count=503062 170460 332602 171293 59252 111208 161309 71754 39380 101610 69159 19872 99539 42049
is_linear=0
shrinkage=0.03


Tree=7
num_leaves=15
num_cat=0
split_feature=3 3 3 3 3 5 3 3 5 5 3 3 3 5
split_gain=33822.3 5729.49 5514.65 1068.21 908.412 690.061 484.949 481.133 219.428 212.129 155.973 155.971 154.043 108.637
threshold=0.0010468569735066081 0.00064599688257697713 0.0018854705074012707 0.00039893720761813577 0.0029250039279950265 0.0042184472995282158 0.00080809198783990648 0.0012637333881998375 0.0028345013688677247 0.0060969776988657309 0.00023576616064718205 0.0049591134963881097 0.00051267016105537564 0.0033589675851062942
decision_type=8 10 8 10 8 10 10 10 10 10 10 8 10 10
left_child=1 3 5 10 9 7 13 -2 -8 -4 -1 -6 -5 -3
right_child=2 6 4 12 11 -7 8 -9 -10 -11 -12 -13 -14 -15
leaf_value=-0.053018586423627424 -0.0026924040807746394 -0.018346197468507665 0.014223634665528064 -0.034144810079097379 0.02337545647197771 0.01329872386648628 -0.010592968313253751 0.004860217591083669 -0.00022824859187923739 0.021754448217724535 -0.041751838930792408 0.030145285063435133 -0.026623241536482118 -0.0008337648396375617
leaf_weight=1954.6390805691481 11639.124307140708 9348.066745698452 16673.140042677522 4431.2625606060028 12275.619754567742 5967.7409062087536 12587.96198669076 21750.948738217354 2166.8190150260925 4329.3871274441481 3941.7512481808662 4440.9002224951982 6676.8706848174334 338.50757145881653
leaf_count=7862 49059 38598 72171 18030 54154 25796 52418 92574 9141 19101 15955 19888 27374 1417
internal_value=1.65095e-05 -0.0218345 0.0117684 -0.0352057 0.0199642 0.00390916 -0.0125188 0.00222571 -0.0090761 0.0157885 -0.0455803 0.0251945 -0.0296572 -0.0177419
internal_weight=118523 41445.9 77076.9 17004.5 37719 39357.8 24441.4 33390.1 14754.8 21002.5 5896.39 16716.5 11108.1 9686.57
internal_count=503538 170795 332743 69221 165314 167429 101574 141633 61559 91272 23817 74042 45404 40015
is_linear=0
shrinkage=0.03


Tree=8
num_leaves=15
num_cat=0
split_feature=3 3 3 3 3 3 5 3 5 5 3 5 0 3
split_gain=31914.2 5957.05 4602.29 849.524 834.003 827.311 611.382 436.467 265.772 231.132 152.954 144.78 101.428 97.5427
threshold=0.0011002873620565745 0.00060967312287825556 0.0019470410056774789 0.00036776999756901193 0.0032609570095814585 0.00077726336981763218 0.0044508486087520456 0.0014569073784008381 0.0027095450206876758 0.0060969776988657309 0.0005007185319881581 0.0022865315008006363 -0.30553038146419254 0.00023576616064718205
decision_type=8 10 8 10 8 10 10 10 10 10 10 10 8 10
left_child=1 3 6 13 9 11 7 -2 -7 -4 -5 -3 -6 -1
right_child=2 5 4 10 12 8 -8 -9 -10 -11 -12 -13 -14 -15
leaf_value=-0.051505665750135432 4.3339894542138673e-05 -0.020792626433805705 0.014708158692127805 -0.034306146043545656 0.020532677768142393 -0.010228936769269026 0.014040666232900434 0.0070360289411205675 -0.00086256822628634846 0.022037258762797503 -0.02659872595832766 -0.0097000219578304136 0.027377551893149412 -0.041692215500797485
leaf_weight=1947.268792361021 17531.899316772819 8486.5102537721395 17573.655147790909 4870.7133159935474 2727.4357603341341 16547.121978953481 5535.6467097401619 14845.448580339551 3283.3895350247622 5099.3720756024122 5257.4961498081684 1264.5691096037626 10195.232938915491 2990.2031684964895
leaf_count=7807 74167 34835 76527 19717 12197 68855 24055 63475 13865 22685 21426 5237 45702 12047
internal_value=-3.98102e-05 -0.0200436 0.0121102 -0.0353963 0.0198564 -0.0122133 0.00483264 0.00325262 -0.00868236 0.0163682 -0.0303414 -0.0193716 0.0259545 -0.0456709
internal_weight=118156 44647.3 73508.7 15065.7 35595.7 29581.6 37913 32377.3 19830.5 22673 10128.2 9751.08 12922.7 4937.47
internal_count=502597 183789 318808 60997 157111 122792 161697 137642 82720 99212 41143 40072 57899 19854
is_linear=0
shrinkage=0.03


Tree=9
num_leaves=15
num_cat=0
split_feature=5 5 5 5 5 5 5 5 5 5 5 0 4 0
split_gain=11160.5 4840.46 1475.13 1192.56 754.38 478.342 157.678 121.753 117.781 95.9276 82.6833 40.1982 28.8716 18.4836
threshold=0.0032032010495026959 -0.0016310125170425009 0.0018624264680128814 0.0059618215609389723 -0.0041947803171940743 -0.00082488601549592707 0.010403335532246556 -0.0091228675858552825 0.0042184472995282158 0.0025108606574321059 -0.0025274069037133826 -0.32508558788788539 1.0000000180025095e-35 -0.42572216630227783
decision_type=8 10 10 8 10 10 8 10 10 10 10 8 2 10
left_child=1 4 5 8 7 -3 12 -1 -2 -4 -6 -8 -5 -10
right_child=3 2 9 6 10 -7 11 -9 13 -11 -12 -13 -14 -15
leaf_value=0.027931090633672811 0.0080566042042734473 -0.0037922195594352788 -0.0024479039138862852 0.017419628098440106 0.0085202261634734228 -0.01165319694354453 0.019784046982533273 0.017030592468491829 0.0048546547011491508 0.002164885654806329 0.0029595935203639459 0.028633781591499964 0.021724092349914102 0.013534349708456928
leaf_weight=1320.2036800682545 7768.6429796218872 8131.3445279896259 8963.7814017534256 2580.5156702250242 4642.8667035102844 50190.544984593987 691.23263031244278 3653.9209228307009 264.41747331619263 7389.6574754416943 5114.2924933284521 4130.4685559868813 5459.4897393584251 7931.0156190991402
leaf_count=6012 33450 34272 37793 11522 20179 208679 3128 16260 1167 31453 21889 18778 24344 34667
internal_value=7.42611e-06 -0.00522583 -0.00832664 0.0162373 0.0104836 -0.0105591 0.0230394 0.019986 0.0107423 -0.000359799 0.00561773 0.0274211 0.0203733 0.0132679
internal_weight=118232 89406.6 74675.3 28825.8 14731.3 58321.9 12861.7 4974.12 15964.1 16353.4 9757.16 4821.7 8040.01 8195.43
internal_count=503593 376537 312197 127056 64340 242951 57772 22272 69284 69246 42068 21906 35866 35834
is_linear=0
shrinkage=0.03


Tree=10
num_leaves=15
num_cat=0
split_feature=3 3 3 3 3 3 3 5 5 5 3 5 5 3
split_gain=29245.4 5427.04 4348.31 1046.43 770.563 564.615 557.853 241.242 225.314 203.134 201.364 155.617 109.809 89.2277
threshold=0.0010019150786712697 0.0017469627563974058 0.0005548494381610187 0.0027575932498052321 0.00075358048531563382 0.00033082795944191595 0.0012898926894439053 0.0046972986357363038 0.0032032010495026959 0.0052577893579663264 0.0049591134963881097 0.0026294886578026181 0.0028345013688677247 0.00043986790339815287
decision_type=8 8 10 8 10 10 10 10 10 10 8 10 10 10
left_child=2 6 5 9 12 -1 8 -8 -2 -3 -5 -6 -4 -7
right_child=1 3 4 10 11 13 7 -9 -10 -11 -12 -13 -14 -15
leaf_value=-0.045366452358543197 -0.0034261606941390216 0.012105439856174564 -0.021088822343239461 0.02146604810718318 -0.011302143469098526 -0.035387864571794547 0.0042250246363606863 0.013751731872065527 0.005720388743189822 0.018825048680159311 0.029022417094876705 -0.0029161259701658412 -0.0073293816532366413 -0.028601645947629775
leaf_weight=3963.7988891303539 13968.557061105967 17893.036033943295 10577.876929566264 14320.735992401838 12995.639954432845 3439.2170879244804 17689.093435809016 2770.4166695475578 2919.1116981357336 5352.5339396744967 4306.2989404946566 2385.4007383435965 577.76988250017166 4980.883860424161
leaf_count=15885 58572 77756 43160 64214 53712 13840 75445 12152 12519 23961 19785 10040 2394 20143
internal_value=4.79854e-05 0.0105105 -0.0212433 0.017925 -0.0143804 -0.0359213 0.00219335 0.00552405 -0.00183914 0.0136627 0.0232308 -0.0100082 -0.0203888 -0.0314193
internal_weight=118140 79219.8 38920.6 41872.6 26536.7 12383.9 37347.2 20459.5 16887.7 23245.6 18627 15381 11155.6 8420.1
internal_count=503578 344404 159174 185716 109306 49868 158688 87597 71091 101717 83999 63752 45554 33983
is_linear=0
shrinkage=0.03


Tree=11
num_leaves=15
num_cat=0
split_feature=5 5 5 5 5 5 5 5 5 5 5 0 0 0
split_gain=10058.4 4264.54 1402.86 1062.69 634.985 505.246 155.33 138.343 115.714 88.7451 75.3769 43.6066 34.0419 28.8466
threshold=0.0033075934863065273 -0.0016921238846092895 0.0018018147127640122 0.0059618215609389723 -0.0041947803171940743 -0.00082488601549592707 0.010913077804271391 0.0025108606574321059 -0.0078969844605491727 0.0046972986357363038 -0.0028907356546037425 -0.28808680390514602 -0.32508558788788539 -0.45494687316244259
decision_type=8 10 10 8 10 10 8 10 10 10 10 10 8 10
left_child=1 4 5 9 8 -3 11 -4 -1 -2 -6 -5 -8 -11
right_child=3 2 7 6 10 -7 12 -9 -10 13 -12 -13 -14 -15
leaf_value=0.025285636334110243 0.008559369766736262 -0.0032723163652512142 -0.0028493836849785891 0.014262813352314893 0.0093138825875583708 -0.011155218226971951 0.019312358280972788 0.0023808828048433573 0.015402969773086084 -0.00038487831197761742 0.0035830606147755971 0.020667229891691636 0.02807357085451466 0.013786376622800934
leaf_weight=1729.7163750678301 9532.2235286831856 8631.7735601216555 9929.4958166927099 1302.818580493331 3192.4673691540956 49294.447418600321 615.32378183305264 8379.7792685925961 3183.2368573695421 123.55506072938442 6051.5017450004816 7130.3279404789209 3694.1032685190439 5239.8352385163307
leaf_count=8000 41404 36383 41820 5917 13994 204388 2830 35749 14295 551 26035 32221 17127 23149
internal_value=-4.29187e-05 -0.00488621 -0.00769471 0.0157912 0.0102281 -0.00998236 0.0221555 -0.00045233 0.0189389 0.0103317 0.00557665 0.019703 0.0268841 0.0134486
internal_weight=118031 90392.4 76235.5 27638.2 14156.9 57926.2 12742.6 18309.3 4912.95 14895.6 9243.97 8433.15 4309.43 5363.39
internal_count=503863 380664 318340 123199 62324 240771 58095 77569 22295 65104 40029 38138 19957 23700
is_linear=0
shrinkage=0.03


Tree=12
num_leaves=15
num_cat=0
split_feature=3 3 3 3 3 3 3 0 0 3 3 0 0 3
split_gain=26959.1 5315.06 3775 990.056 681.23 602.195 467.605 192.602 139.875 137.692 136.363 121.259 74.2392 63.6019
threshold=0.00097870755418544178 0.0017469627563974058 0.00053393972403417472 0.0029250039279950265 0.00072908979165060242 0.0012637333881998375 0.00033082795944191595 -0.13440935836500859 0.056118472330475407 0.0022891964707359067 0.0049591134963881097 -0.099084642478137461 -0.05105518289791388 0.00043986790339815287
decision_type=8 8 10 8 10 10 10 10 10 10 8 10 10 10
left_child=2 5 6 9 12 11 -1 -7 -6 -3 -5 -2 -4 -8
right_child=1 3 4 10 8 7 13 -9 -10 -11 -12 -13 -14 -15
leaf_value=-0.04379180560344928 -0.005725872877582105 0.011721173435216259 -0.023450913600930004 0.021387093082690697 -0.012645347669031295 0.0011483992055923346 -0.03404590852914418 0.0071194174237538006 -0.0065526352910489959 0.016286023527736681 0.027849747447995489 -0.00045366321055946416 -0.018170049336780777 -0.027894591892466934
leaf_weight=3958.7754852771759 6234.2231851369143 15099.724832952023 4615.7703905701637 11935.598024338484 10207.878164440393 7331.7269801646471 3462.252875700593 14602.021990269423 5211.67211137712 10258.15298320353 4235.7992998212576 10657.094147607684 6107.0865614712238 3998.9068863689899
leaf_count=15844 26103 66172 18746 54280 42069 31294 13892 62701 21567 45572 19803 44821 24832 16104
internal_value=2.36694e-05 0.00983153 -0.020953 0.0172906 -0.0146537 0.00184904 -0.0353425 0.00512767 -0.0105955 0.0135759 0.0230997 -0.00240531 -0.0204686 -0.0307988
internal_weight=117917 80354.3 37562.3 41529.3 26142.4 38825.1 11419.9 21933.7 15419.6 25357.9 16171.4 16891.3 10722.9 7461.16
internal_count=503800 350746 153054 185827 107214 164919 45840 93995 63636 111744 74083 70924 43578 29996
is_linear=0
shrinkage=0.03


Tree=13
num_leaves=15
num_cat=0
split_feature=3 3 3 3 3 3 3 5 5 5 5 3 3 5
split_gain=25369.6 4385.35 4291.66 739.967 666.844 536.92 515.013 211.543 184.974 171.434 162.413 142.416 122.162 101.832
threshold=0.0010468569735066081 0.00060108897664271316 0.0018854705074012707 0.0029634270775673968 0.00033082795944191595 0.00079253594904680634 0.0014084415761188122 0.0034691400501548394 0.0046972986357363038 0.0028345013688677247 0.0060969776988657309 0.00048990167540057677 0.0049591134963881097 0.002752669949704615
decision_type=8 10 8 8 10 10 10 10 10 10 10 10 8 10
left_child=1 4 6 10 -1 13 7 -2 -8 -7 -4 -6 -5 -3
right_child=2 5 3 12 11 9 8 -9 -10 -11 -12 -13 -14 -15
leaf_value=-0.042525690758683878 -0.0011884359832907241 -0.01731792805384455 0.012747360647103459 0.021086386983436949 -0.031447972278939841 -0.0092146901747765953 0.0057323461169618605 0.0070329019763910551 0.013766074928330511 -0.00022895921570822942 0.019370463058327105 -0.024275960007280804 0.027298301645393253 -0.0060455519658912313
leaf_weight=3931.0859766453505 16921.784476295114 10512.001922562718 16747.107349559665 11326.203230246902 5489.1701699644327 13586.749416217208 15841.561138316989 3368.47984392941 3100.4505724459887 2239.9486987143755 4280.9818226844072 5327.8658009767532 4170.8956157416105 807.22610619664192
leaf_count=15734 71194 42737 73782 51931 22005 56012 67972 14620 13802 9460 19663 21479 19707 3345
internal_value=3.41642e-05 -0.0186961 0.0103939 0.0177932 -0.0318629 -0.0115314 0.00350091 0.000176263 0.00705705 -0.00794768 0.0141071 -0.0279467 0.0227787 -0.0165254
internal_weight=117652 41894 75757.5 36525.2 14748.1 27145.9 39232.3 20290.3 18942 15826.7 21028.1 10817 15497.1 11319.2
internal_count=503443 170772 332671 165083 59218 111554 167588 85814 81774 65472 93445 43484 71638 46082
is_linear=0
shrinkage=0.03


Tree=14
num_leaves=15
num_cat=0
split_feature=3 3 3 3 3 3 3 5 5 5 3 5 0 3
split_gain=23833.8 4544.66 3560.13 783.088 691.347 581.937 346.604 238.347 185.564 184.297 119.543 109.861 96.1461 86.2082
threshold=0.0010019150786712697 0.0018419295872490959 0.00060967312287825556 0.0031651560351860495 0.0003833263129611433 0.0012637333881998375 0.00079993023030014215 0.0049559246681839184 0.0032032010495026959 0.0051520316414554535 0.00023576616064718205 0.0028784733705354746 -0.30553038146419254 0.00067994728334684932
decision_type=8 8 10 8 10 10 10 10 8 10 10 10 8 10
left_child=2 5 4 9 10 8 13 -7 -2 -3 -1 -8 -5 -4
right_child=1 3 6 12 -6 7 11 -9 -10 -11 -12 -13 -14 -15
leaf_value=-0.045518863517876776 -0.003487181996144523 0.012227171022469422 -0.019394959971891806 0.017712375937958311 -0.02564518599398263 0.0042845122356441352 -0.0095563320893988831 0.013255739307363403 0.0052394215731580334 0.018158963858825112 -0.035431659248041966 -0.0012001333474356305 0.024257677981166407 -0.013746987761828033
leaf_weight=1939.6530582904816 12917.239844456315 18011.234037905931 3936.2689301967621 2785.6376009583473 9772.6699677109718 22015.934944063425 10959.547370389104 3037.2723766714334 2627.2537487149239 6561.2203978747129 3500.5741183459759 1648.6884970068932 10454.425420701504 7350.4961334168911
leaf_count=7782 53976 79548 15954 12956 39255 94267 45088 13557 11318 30201 14005 6957 49010 29939
internal_value=-1.71356e-05 0.00952353 -0.019145 0.0170061 -0.0304889 0.00255031 -0.0119105 0.00537937 -0.00200598 0.0138202 -0.0391161 -0.00847022 0.0228995 -0.0157375
internal_weight=117518 78410.2 39107.9 37812.5 15212.9 40597.7 23895 25053.2 15544.5 24572.5 5440.23 12608.2 13240.1 11286.8
internal_count=503813 344833 158980 171715 61042 173118 97938 107824 65294 109749 21787 52045 61966 45893
is_linear=0
shrinkage=0.03


Tree=15
num_leaves=15
num_cat=0
split_feature=3 3 3 3 3 3 3 3 5 5 5 5 5 5
split_gain=22459.5 4097.95 3611.48 946.267 637.614 455.25 292.238 190.548 178.688 171.043 156.943 117.788 105 93.526
threshold=0.0010855454300961883 0.00067994728334684932 0.0019470410056774789 0.00043986790339815287 0.0032609570095814585 0.0014181762062849832 0.00089982771158954539 0.00028843218189381357 0.0040747012108042283 0.0046972986357363038 0.0060969776988657309 0.0029687324682097266 0.0028345013688677247 0.0021488532389123288
decision_type=8 10 8 10 8 10 10 10 10 10 10 10 10 10
left_child=1 3 5 7 10 8 12 -1 -2 -7 -4 -8 -3 -5
right_child=2 6 4 13 -6 9 11 -9 -10 -11 -12 -13 -14 -15
leaf_value=-0.041760283228846631 -0.00050583439803508583 -0.012645084681037866 0.012887791816547978 -0.022774498985663166 0.022823380850148921 0.005814115990972926 -0.0065453290732290286 -0.031496603321207343 0.0086890691889380881 0.013165419299555838 0.019062091727835451 0.0019464549656603362 -0.0035851500920055734 -0.013248457990021936
leaf_weight=2964.3047203868628 16326.494102776051 12339.669573053718 17162.339594632387 10657.361750379205 12308.827153325081 16769.009281992912 9718.6778877824545 4478.7174659520388 2141.8258591145277 3457.2893231958151 4875.4701528698206 1714.9732791632414 1301.284351810813 1104.7720701098442
leaf_count=11908 68851 50331 76495 42855 58194 72254 40135 17923 9404 15547 22773 7289 5440 4478
internal_value=3.94759e-05 -0.0168162 0.0102596 -0.0272431 0.0173392 0.00397103 -0.0088199 -0.0356429 0.000561404 0.00707953 0.0142645 -0.00526579 -0.0117885 -0.0218969
internal_weight=117321 44279.8 73041.3 19205.2 34346.6 38694.6 25074.6 7443.02 18468.3 20226.3 22037.8 11433.7 13641 11762.1
internal_count=503877 180359 323518 77164 157462 166056 103195 29831 78255 87801 99268 47424 55771 47333
is_linear=0
shrinkage=0.03


Tree=16
num_leaves=15
num_cat=0
split_feature=3 3 3 3 3 3 3 3 3 3 3 3 3 3
split_gain=21399.8 4358.72 3131.24 653.698 514.735 496.604 430.78 184.847 126.771 87.1186 64.1977 63.8533 46.3642 40.9847
threshold=0.0011237630529647746 0.00062774871311010582 0.0021510302458801205 0.00043986790339815287 0.00089982771158954539 0.0015379687221271519 0.0033088015524712208 0.00026387709959076666 0.00075358048531563382 0.0059290852289564317 0.0017469627563974058 0.0012637333881998375 0.0024985033181611446 0.00053393972403417472
decision_type=8 10 8 10 10 10 8 10 10 8 10 10 10 10
left_child=1 3 5 7 8 11 12 -1 -3 -8 -7 -2 -4 -5
right_child=2 4 6 13 -6 10 9 -9 -10 -11 -12 -13 -14 -15
leaf_value=-0.041892755999657146 -7.2135696317561526e-05 -0.015536119140380078 0.012999860590618133 -0.025153403934335562 -0.00473547885301629 0.0065144559829296914 0.021083739777637143 -0.031356295198876824 -0.010196548411323017 0.027756853274552795 0.010014314231066147 0.0032882855081092246 0.016334504940386491 -0.02064039954377913
leaf_weight=2451.723057538271 8095.6030483543873 7422.4374662935734 7002.1863055080175 4005.924993827939 13763.795799911022 8233.8390027731657 9355.2888624817133 4955.4872118532658 9185.781059756875 2428.4951862990856 11836.929027155042 13536.048468589783 9951.8624535650015 4844.5371638387442
leaf_count=9888 34132 30025 31567 16042 57181 35721 44395 19841 37637 11852 52465 58081 45473 19468
internal_value=5.96152e-06 -0.0157562 0.0104417 -0.0282906 -0.00903765 0.00518698 0.0180605 -0.0349036 -0.0125944 0.0224864 0.00858548 0.00202843 0.0149693 -0.0227159
internal_weight=117070 46629.7 70440.3 16257.7 30372 41702.4 28737.8 7407.21 16608.2 11783.8 20070.8 21631.7 16954 8850.46
internal_count=503768 190082 313686 65239 124843 180399 133287 29729 67662 56247 88186 92213 77040 35510
is_linear=0
shrinkage=0.03


Tree=17
num_leaves=15
num_cat=0
split_feature=3 3 3 3 3 3 3 5 3 5 5 5 5 3
split_gain=20153.1 4508.46 2515.65 760.865 574.612 402.383 383.431 232.761 169.595 168.615 156.519 88.7969 79.3088 62.499
threshold=0.00093120413680194177 0.0017598635866174987 0.00053393972403417472 0.0027575932498052321 0.0012987261158137707 0.00071249700397446418 0.00028843218189381357 0.0032032010495026959 0.0049591134963881097 0.0058280157274403369 0.0046972986357363038 0.0031049680800285043 0.0028345013688677247 0.00043986790339815287
decision_type=8 8 10 8 10 10 10 10 8 10 10 10 10 10
left_child=2 4 6 9 7 12 -1 -2 -5 -3 -6 -7 -4 -8
right_child=1 3 5 8 10 11 13 -9 -10 -11 -12 -13 -14 -15
leaf_value=-0.040076629278646948 -0.0034543257233524759 0.01034662027675441 -0.018680444270452734 0.018366770862168844 0.0038592772102242884 -0.01082488863678297 -0.029924462734154389 0.0049431798363775547 0.025514468098080528 0.017045856973472634 0.011550121867537079 -0.0017893324314095672 -0.0048756483499739246 -0.02430038064859015
leaf_weight=2951.7012094557285 18321.794545292854 17911.861233964562 9389.8218730986118 13635.243077933788 17522.249887347221 12600.666104987264 4467.0042787194252 3530.9611455202103 4022.9859776049852 4251.1468298882246 2764.7481324225664 1083.5179543942213 411.19859559834003 4006.7290308475494
leaf_count=11938 76280 79659 37767 64107 75225 51378 17896 15219 19796 19914 12433 4540 1679 16036
internal_value=-7.81076e-06 0.00812207 -0.0190932 0.0153589 0.00127996 -0.013462 -0.0306412 -0.00209307 0.0200121 0.0116414 0.00491553 -0.0101157 -0.0181129 -0.027304
internal_weight=116872 81961 34910.6 39821.2 42139.8 23485.2 11425.4 21852.8 17658.2 22163 20287 13684.2 9801.02 8473.73
internal_count=503867 362633 141234 183476 179157 95364 45870 91499 83903 99573 87658 55918 39446 33932
is_linear=0
shrinkage=0.03


Tree=18
num_leaves=15
num_cat=0
split_feature=3 3 3 3 3 3 3 3 3 3 3 3 3 3
split_gain=18696.6 3368.4 3267.76 588.596 583.969 475.043 367.555 124.989 96.2652 95.0918 83.6715 69.7837 68.1178 60.1644
threshold=0.0010468569735066081 0.0019470410056774789 0.00060967312287825556 0.00031024040793541568 0.0033088015524712208 0.0014084415761188122 0.00079253594904680634 0.00048990167540057677 0.0024478804273382823 0.0059290852289564317 0.00091553758183144317 0.0016129808840540381 0.001205830551756865 0.00067994728334684932
decision_type=8 8 10 10 8 10 10 10 10 8 10 10 10 10
left_child=2 5 3 -1 8 12 13 -5 -3 -6 -8 -7 -2 -4
right_child=1 4 6 7 9 11 10 -9 -10 -11 -12 -13 -14 -15
leaf_value=-0.038079376274096098 -0.0018595320612938505 0.011244548495796005 -0.016889086070611396 -0.026967083240114553 0.020100453422347356 0.0044939508093693259 -0.008962411808598917 -0.020570216147492992 0.015275245725158463 0.027093641276614403 -0.0045765001774605166 0.0080398805428324276 0.0016261983832756956 -0.0121242326406564
leaf_weight=3420.1077735722065 9437.1839342564344 11367.519769608974 3999.3632236719131 5960.6722868978977 9133.0463616997004 9145.1140082627535 7755.4304644316435 5850.0485909581184 10779.109150245786 2385.2006878405809 8154.9557918161154 11453.384304076433 10819.552502170205 6944.0019139200449
leaf_count=13875 39665 51519 16096 23882 44057 39654 31764 23431 49778 11914 33662 50276 46054 28099
internal_value=2.98866e-05 0.00905763 -0.0159527 -0.0270517 0.0160831 0.00326465 -0.00964758 -0.0238238 0.0132151 0.0215761 -0.00672244 0.00647145 0 -0.0138849
internal_weight=116605 74520.1 42084.6 15230.8 33664.9 40855.2 26853.8 11810.7 22146.6 11518.2 15910.4 20598.5 20256.7 10943.4
internal_count=503726 332917 170809 61188 157268 175649 109621 47313 101297 55971 65426 89930 85719 44195
is_linear=0
shrinkage=0.03


Tree=19
num_leaves=15
num_cat=0
split_feature=3 3 3 3 3 5 3 3 5 3 5 3 5 5
split_gain=17658.7 3177.71 3068.37 543.165 473.044 440.297 429.88 314.099 145.087 139.016 127.526 87.0344 83.3163 38.4237
threshold=0.0010468569735066081 0.0019470410056774789 0.00059152873310050198 0.0033088015524712208 0.00028843218189381357 0.0046972986357363038 0.00079253594904680634 0.0014084415761188122 0.0063946557814089445 0.0004655603122986178 0.0028345013688677247 0.0059290852289564317 0.002752669949704615 0.0073000213173555779
decision_type=8 8 10 8 10 10 10 10 10 10 10 8 10 10
left_child=2 5 4 8 -1 7 12 -2 -3 -6 -8 -5 -4 -7
right_child=1 3 6 11 9 13 10 -9 -10 -11 -12 -13 -14 -15
leaf_value=-0.037762073313069078 -0.00064499253230931256 0.011600195811760009 -0.014740534479742849 0.019535662112932586 -0.027593369674815862 0.010245324926293735 -0.0075788507289564939 0.0049654096729231031 0.01767129971984388 -0.020724870693543455 0.00010334769763706128 0.026276706921464235 -0.0047221290672680343 0.017218870156314649
leaf_weight=2899.4081362187862 18920.818222433329 17551.6724370718 11055.824445620179 9071.0868260711432 5428.2038842439651 3885.0344786942005 13658.443479880691 17054.077069431543 4564.9446696490049 5914.7492559999228 2249.1547078490257 2353.7534967362881 833.22250309586525 946.11778230965137
leaf_count=11838 79796 79735 44514 44128 21793 17498 55878 73961 21897 23674 9468 11902 3415 4346
internal_value=-6.7944e-07 0.00878553 -0.0155392 0.0156256 -0.026861 0.00315927 -0.00972845 0.00201362 0.0128634 -0.0240385 -0.00648952 0.0209515 -0.014048 0.0116561
internal_weight=116387 74347.5 42039 33541.5 14242.4 40806 27796.6 35974.9 22116.6 11343 15907.6 11424.8 11889 4831.15
internal_count=503843 333263 170580 157662 57305 175601 113275 153757 101632 45467 65346 56030 47929 21844
is_linear=0
shrinkage=0.03


Tree=20
num_leaves=15
num_cat=0
split_feature=5 5 5 5 5 5 5 5 0 5 5 5 0 0
split_gain=6390.27 2434.78 843.559 801.099 410.229 284.962 135.975 83.116 65.9794 62.7442 59.5091 41.0874 27.7968 21.4295
threshold=0.0032032010495026959 -0.0016921238846092895 0.0059618215609389723 0.0018624264680128814 -0.0056871149580387361 -0.00082488601549592707 0.0088292021775070052 -0.0028907356546037425 -0.29680733441950824 0.0046972986357363038 0.0023957295056314712 -0.0091228675858552825 -0.17650524940601589 -0.25894916652544725
decision_type=8 10 8 10 10 10 8 10 8 10 10 10 10 10
left_child=1 4 9 5 11 -3 12 -6 -8 -2 -5 -1 -4 -11
right_child=2 3 6 10 7 -7 8 -9 -10 13 -12 -13 -14 -15
leaf_value=0.022271505984979553 0.00665869874845227 -0.0025885474788955821 0.011935148876332182 -0.0021056120841730641 0.0079459301271102099 -0.0085314857813056644 0.014505150441938505 0.0026299579351514173 0.023392132169209191 0.0062173878917976743 0.0015282996684675377 0.014504405143290128 0.01678721194443996 0.01164663651749601
leaf_weight=1188.4004348814487 10267.799996614456 8539.5371980220079 1764.264935746789 7520.1599356085062 4864.2834442704916 50135.010670244694 1008.7686209231615 5930.2592332959175 4976.010404586792 878.08552373945713 8774.1805972009897 1676.9906123280525 4117.9368280768394 4327.3430088758469
leaf_count=6002 45430 36185 8469 31763 22242 208255 4993 25921 24745 4071 37638 8078 19508 19753
internal_value=0 -0.00391116 0.012677 -0.00603414 0.00773174 -0.00766816 0.018697 0.00503615 0.0219309 0.00804702 -0.000145405 0.0178129 0.0153648 0.010756
internal_weight=115969 88628.8 27340.2 74968.9 13659.9 58674.5 11867 10794.5 5984.78 15473.2 16294.3 2865.39 5882.2 5205.43
internal_count=503053 376084 126969 313841 62243 244440 57715 48163 29738 69254 69401 14080 27977 23824
is_linear=0
shrinkage=0.03


Tree=21
num_leaves=15
num_cat=0
split_feature=5 5 5 5 5 5 5 5 5 0 5 5 0 0
split_gain=6076.89 2324.64 994.351 679.969 422.814 269.687 113.935 84.9641 77.0195 70.0327 60.7764 43.5214 35.4432 13.9174
threshold=0.0034691400501548394 -0.0016310125170425009 0.0017449078655487049 0.0069016701544504103 -0.0052305660716724595 -0.00082488601549592707 0.0025108606574321059 0.0052577893579663264 -0.0030243093002985254 -0.26570397604443846 0.010913077804271391 -0.0091228675858552825 -0.45494687316244259 -0.23400445160206548
decision_type=8 10 10 8 10 10 10 10 10 8 8 10 10 10
left_child=1 4 5 7 11 -3 -4 13 -6 -5 -11 -1 -9 -2
right_child=3 2 6 9 8 -7 -8 12 -10 10 -12 -13 -14 -15
leaf_value=0.021946535225755077 0.0053956184585254368 -0.0025707218590765423 -0.0020383291942508192 0.014032102955920814 0.0080892638789782489 -0.0084971497592872015 0.0024449971186985206 -0.0021731310993273979 0.0028201949410794225 0.018481293731046674 0.024298386381117414 0.014300886375193457 0.012956765933025709 0.0083265125131045496
leaf_weight=1161.5522701442242 2016.4318663626909 8110.2844761759043 10829.998904913664 1788.9888440519571 3995.8905149549246 48378.149090781808 9625.3498176783323 133.66256581246853 6824.5292167961597 4357.0680842101574 3110.596393764019 2112.1556619256735 4982.9062046259642 8507.1880164593458
leaf_count=5927 9180 34322 45693 8854 18303 200677 41558 636 29867 21117 15809 10179 23320 37948
internal_value=4.77501e-05 -0.00354378 -0.005596 0.0131791 0.00765163 -0.00764793 6.85508e-05 0.00934762 0.00477723 0.0196293 0.0209416 0.0170905 0.0125463 0.00777628
internal_weight=115935 91037.9 76943.8 24896.8 14094.1 56488.4 20455.3 15640.2 10820.4 9256.65 7467.66 3273.71 5116.57 10523.6
internal_count=503390 386526 322250 116864 64276 234999 87251 71084 48170 45780 36926 16106 23956 47128
is_linear=0
shrinkage=0.03


Tree=22
num_leaves=15
num_cat=0
split_feature=3 3 3 3 3 3 3 3 5 5 5 5 3 5
split_gain=16217.1 3168.05 2498.46 638.516 394.875 365.593 316.139 129.441 127.752 116.938 114.94 112.895 83.1323 70.7387
threshold=0.00099438790827566237 0.0017598635866174987 0.0005548494381610187 0.0029250039279950265 0.00071249700397446418 0.00028843218189381357 0.0012898926894439053 0.0053570430989845754 0.0046972986357363038 0.0031538555904252045 0.0032032010495026959 0.0067228029428623671 0.00043986790339815287 0.0034144552768843768
decision_type=8 8 10 8 10 10 10 8 10 10 10 10 10 10
left_child=2 6 5 11 13 -1 9 -5 -8 -2 -6 -3 -7 -4
right_child=1 3 4 7 10 12 8 -9 -10 -11 -12 -13 -14 -15
leaf_value=-0.036429188422434172 -0.0023469685839259779 0.010017521890909053 -0.016196280040723383 0.017348884540069307 -0.0087525376798143813 -0.027185959394823201 0.0033421684907430187 0.024421044670267168 0.010296458032148894 0.0040902499591204166 0.00017702507982648451 0.015862149211938823 -0.021244416341887683 0.0041249199898250651
leaf_weight=2892.1923222988844 14356.780423492193 20417.423972547054 8661.0228051543236 11826.073861449957 16264.381027624011 4451.5401118397713 17908.070406317711 3071.8459881395102 2750.2522125542164 3070.5807620882988 1395.005059838295 3571.7839308679104 5023.0049788653851 148.48680040240288
leaf_count=11907 59748 92276 34741 57746 66130 17941 77042 15884 12602 13337 5877 17399 20111 608
internal_value=-5.55824e-05 0.00791787 -0.0158586 0.0139401 -0.0106469 -0.0269909 0.00176524 0.0188265 0.00427543 -0.00120764 -0.00804405 0.0108965 -0.024068 -0.0158427
internal_weight=115808 76972.8 38835.6 38887.1 26468.9 12366.7 38085.7 14897.9 20658.3 17427.4 17659.4 23989.2 9474.55 8809.51
internal_count=503349 346034 157315 183305 107356 49959 162729 73630 89644 73085 72007 109675 38052 35349
is_linear=0
shrinkage=0.03


Tree=23
num_leaves=15
num_cat=0
split_feature=3 3 3 3 3 3 3 5 5 3 5 3 5 3
split_gain=15183.4 2779.43 2655.06 539.502 509.525 325.413 318.264 140.359 134.131 118.085 104.176 79.7403 57.0563 46.2291
threshold=0.0010468569735066081 0.0021510302458801205 0.00060967312287825556 0.0014674221302543669 0.00031024040793541568 0.0033088015524712208 0.00076135230718146535 0.0044508486087520456 0.0052577893579663264 0.0004655603122986178 0.0027095450206876758 0.0059290852289564317 0.0085157367316532114 0.00016677107435935856
decision_type=8 8 10 10 10 8 10 10 10 10 10 8 10 10
left_child=2 3 4 7 13 12 -4 -2 -5 -6 -8 -7 -3 -1
right_child=1 5 6 8 9 11 10 -9 -10 -11 -12 -13 -14 -15
leaf_value=-0.041335958994242285 -0.00029240272795420818 0.012313446105362084 -0.013344175035719011 0.0059619506510460198 -0.025103219918493076 0.018350009651770447 -0.0073759459843581844 0.007912059730660833 0.012400232175597563 -0.01881258953681187 -0.00094406241256511051 0.024905643843943618 0.017717336221010665 -0.032125426715057255
leaf_weight=940.69025912880898 20990.690524086356 14345.27921500802 9012.4276030808687 19468.773133307695 4921.8743078261614 8833.2813500314951 15240.505612105131 2049.8867642432451 3458.1277960538864 6838.1769091784954 2691.4514589607716 2274.1833582520485 2140.158136755228 2406.7261653989553
leaf_count=3922 88602 66519 36220 85603 19842 44102 62044 9215 16327 27375 11316 11954 10675 9912
internal_value=-1.46362e-05 0.0082046 -0.0143923 0.00368342 -0.0244587 0.0157303 -0.00873899 0.000438049 0.00694065 -0.0214696 -0.00641498 0.0197188 0.0130289 -0.034847
internal_weight=115612 73560.4 42051.9 45967.5 15107.5 27592.9 26944.4 23040.6 22926.9 11760.1 17932 11107.5 16485.4 3347.42
internal_count=503628 332997 170631 199747 61051 133250 109580 97817 101930 47217 73360 56056 77194 13834
is_linear=0
shrinkage=0.03


Tree=24
num_leaves=15
num_cat=0
split_feature=3 3 3 3 3 3 3 3 3 3 3 3 3 3
split_gain=14425.6 2779.59 2274.28 487.81 471.482 333.635 266.91 104.187 100.967 84.0499 63.0362 62.2458 33.449 27.5253
threshold=0.0010927501381028436 0.00060967312287825556 0.0022891964707359067 0.001579061395978427 0.00033082795944191595 0.00075358048531563382 0.0034160107240514335 0.00051267016105537564 0.00091553758183144317 0.0012637333881998375 0.0049591134963881097 0.00016677107435935856 0.0018419295872490959 0.00067994728334684932
decision_type=8 10 8 10 10 10 8 10 10 10 8 10 10 10
left_child=1 4 3 9 11 13 -4 -6 -7 -2 -8 -1 -5 -3
right_child=2 5 6 12 7 8 10 -9 -10 -11 -12 -13 -14 -15
leaf_value=-0.040442202267095398 -0.00038720836769741033 -0.014880936581712153 0.013188776477443404 0.0065993112453343501 -0.023204184713701274 -0.008072606530454534 0.017682051395371462 -0.017183802437455684 -0.0039054696655276347 0.0031476869204199575 0.022819615499195638 -0.030413564062093734 0.0090708580386598524 -0.011245914613642907
leaf_weight=919.91111928224564 9972.6559144556522 3987.130160048604 14222.904772028327 9526.947765275836 6428.0747582018375 10220.342044323683 6464.4658153802156 4860.0887224078178 10961.776946231723 15279.320362403989 3762.9134895801544 2886.3222696632147 11365.47640517354 4503.2079337835312
leaf_count=3869 41979 15984 67381 42021 25897 41565 32353 19449 45257 66020 19821 11922 52025 18104
internal_value=3.46047e-05 -0.0132851 0.00848267 0.00455955 -0.0237647 -0.00794583 0.0158793 -0.0206349 -0.0059218 0.00174969 0.0195986 -0.0329527 0.0079504 -0.0129755
internal_weight=115362 44766.9 70594.7 46144.4 15094.4 29672.5 24450.3 11288.2 21182.1 25252 10227.4 3806.23 20892.4 8490.34
internal_count=503647 182047 321600 202045 61137 120910 119555 45346 86822 107999 52174 15791 94046 34088
is_linear=0
shrinkage=0.03


Tree=25
num_leaves=15
num_cat=0
split_feature=5 5 5 5 5 5 5 5 0 0 5 5 0 0
split_gain=4946.27 1936.81 666.952 626.232 347.383 224.405 103.964 81.1182 70.8655 59.4031 39.4552 37.1464 30.4784 22.13
threshold=0.0032032010495026959 -0.0016310125170425009 0.007091061475638631 0.0016308125200546759 -0.0052305660716724595 -0.00094111341875087039 0.0047853485719331198 0.0025108606574321059 -0.11543876114500233 0.58120214275862392 -0.0078969844605491727 0.015181761018711685 -0.26907275543943143 -0.38421871537286806
decision_type=8 10 8 10 10 10 10 10 8 10 10 8 10 10
left_child=1 4 6 5 10 -3 -2 -5 13 -6 -1 -10 -8 -4
right_child=2 3 8 7 9 -7 12 -9 11 -11 -12 -13 -14 -15
leaf_value=0.019155110011389476 0.0060939985610780961 -0.0018304899423871755 0.0094183247656030328 -0.0022638605346952125 0.0034840189381077601 -0.0077424972783489048 0.0061669845740441199 0.0016972943869572753 0.01894648868409923 0.011006893713551461 0.012105233311434049 0.02565271373218015 0.011584753708015857 0.01594553031320586
leaf_weight=1515.5010779947042 10618.550662919879 6613.6160149127245 696.28718495368958 12711.858885586262 9671.1309196203947 47728.687293976545 1201.972663000226 7311.3383722901344 4073.4253241121769 1051.7536669969559 1672.8289860934019 1129.2527390271425 6334.5225274264812 2665.1472385078669
leaf_count=7951 47510 28109 3556 53629 43449 198507 5775 31549 20482 4720 8215 6039 29914 13695
internal_value=-7.50079e-06 -0.00343117 0.0112987 -0.00535358 0.00683762 -0.00702456 0.00802995 -0.000814351 0.0182037 0.00423706 0.0155244 0.02046 0.010738 0.0146432
internal_weight=114996 88276.7 26719.2 74365.5 13911.2 54342.3 18155 20023.2 8564.11 10722.9 3188.33 5202.68 7536.5 3361.43
internal_count=503100 376129 126971 311794 64335 226616 83199 85178 43772 48169 16166 26521 35689 17251
is_linear=0
shrinkage=0.03


Tree=26
num_leaves=15
num_cat=0
split_feature=3 3 3 3 3 3 3 0 0 5 0 0 0 3
split_gain=13229.2 3091.78 1804.04 560.654 361.501 317.018 248.767 162.099 142.013 119.23 118.447 91.1983 71.3388 51.2402
threshold=0.00093120413680194177 0.0017598635866174987 0.0005007185319881581 0.0027575932498052321 0.0012637333881998375 0.00071249700397446418 0.00023576616064718205 -0.14318882985876438 -0.15836436539901796 0.0032032010495026959 -0.25560418471316237 -0.038274404716814418 0.0072917067945447176 0.00039893720761813577
decision_type=8 8 10 8 10 10 10 10 8 10 10 10 10 10
left_child=2 4 6 10 9 12 -1 -6 -5 -2 -3 -7 -4 -8
right_child=1 3 5 8 7 11 13 -9 -10 -11 -12 -13 -14 -15
leaf_value=-0.036459470299688559 -0.0028786298770363166 0.0050334892299675939 -0.017078394954425917 0.013680004255745041 -5.2497513543722991e-05 -0.010727078772349297 -0.026621357639060702 0.0054570213939939913 0.019399386557457307 0.0035311485920044901 0.010725392767220288 -0.0057923113962996594 -0.012154257949062341 -0.021345182064687582
leaf_weight=1864.3309308737516 16849.895542293787 4143.9343154430389 6375.3359561264515 7025.62380194664 7047.6700783371925 6508.2244138419628 3927.0335570275784 14956.462630346417 9577.0149436742067 3074.0688039809465 17427.4113253057 7264.0432045608759 5019.8282900452614 3921.1712572872639
leaf_count=7909 69701 18987 25536 35186 30440 26349 16083 65286 48630 13351 80659 29515 20120 15802
internal_value=-4.86804e-05 0.00666566 -0.0154674 0.0128415 0.0010396 -0.0112172 -0.0264517 0.00369044 0.0169925 -0.00188538 0.00963758 -0.00813473 -0.014927 -0.0240234
internal_weight=114982 80102.1 34880 38174 41928.1 25167.4 9712.54 22004.1 16602.6 19924 21571.3 13772.3 11395.2 7848.2
internal_count=503554 362240 141314 183462 178778 101520 39794 95726 83816 83052 99646 55864 45656 31885
is_linear=0
shrinkage=0.03


Tree=27
num_leaves=15
num_cat=0
split_feature=3 3 3 3 3 3 3 0 0 0 0 0 0 3
split_gain=12491.2 2785.85 1764.44 457.649 409.52 314.809 286.317 168.138 145.732 110.732 101.548 84.1475 53.4306 30.8574
threshold=0.00095457218513483031 0.0019470410056774789 0.00051267016105537564 0.0013250737869671804 0.0033088015524712208 0.00067994728334684932 0.00028843218189381357 -0.11543876114500233 -0.17403090552440745 -0.096804089904225663 -0.11748016121875192 -0.34743697536160423 0.042396915536002673 0.00016677107435935856
decision_type=8 8 10 10 8 10 10 10 10 10 10 8 10 10
left_child=2 3 6 9 8 12 13 -5 -3 -2 -7 -6 -4 -1
right_child=1 4 5 7 11 10 -8 -9 -10 -11 -12 -13 -14 -15
leaf_value=-0.038782033020596407 -0.0038673812775734222 0.0076742193734594451 -0.016834715382670801 0.0017142409182550767 0.01208922366972974 -0.011521193028912332 -0.021917961517255953 0.0068271608817107683 0.012924202393200666 0.00053997751618540862 -0.0064674569044287384 0.019489562010165946 -0.011827416703292471 -0.030501609312894078
leaf_weight=917.35390862822533 8203.9903976172209 7425.4810235351324 5553.9351660758257 9478.8323864191771 1764.4295946657658 5210.6602471470833 7360.2879617810249 15041.500316426158 13951.927829071879 13612.407414019108 12023.753397375345 9057.6769103109837 3309.3060140609741 1904.4641331285238
leaf_count=3938 34202 34786 22240 41396 9032 21068 29870 66536 66381 57166 48757 47304 13257 8029
internal_value=2.94049e-05 0.00675525 -0.0145265 0.00204274 0.0135322 -0.0103832 -0.0251195 0.00485461 0.0111079 -0.00111566 -0.00800468 0.0183008 -0.0149873 -0.0333422
internal_weight=114816 78536.2 36279.8 46336.7 32199.5 26097.7 10182.1 24520.3 21377.4 21816.4 17234.4 10822.1 8863.24 2821.82
internal_count=503962 356803 147159 199300 157503 105322 41837 107932 101167 91368 69825 56336 35497 11967
is_linear=0
shrinkage=0.03


Tree=28
num_leaves=15
num_cat=0
split_feature=3 3 3 3 3 3 3 5 5 5 3 5 3 5
split_gain=11817.6 2389.88 2035.4 447.426 321.066 315.043 284.477 150.462 88.3042 84.7457 73.0415 63.2224 54.0458 49.5636
threshold=0.0011002873620565745 0.00060108897664271316 0.0021510302458801205 0.00033082795944191595 0.001579061395978427 0.00079253594904680634 0.0042562262193385509 0.0038792065799237835 0.0085157367316532114 0.0035794908720242495 0.00043986790339815287 0.0046972986357363038 0.00020424142896018367 0.002752669949704615
decision_type=8 10 8 10 10 10 8 10 10 10 10 10 10 10
left_child=1 3 4 12 7 13 8 -2 -4 -7 -5 -6 -1 -3
right_child=2 5 6 10 11 9 -8 -9 -10 -11 -12 -13 -14 -15
leaf_value=-0.036230812275959361 0.00050769252232963583 -0.011659593041624084 0.011823490739294572 -0.022569878811523964 0.0058817528173315268 -0.0053859268938528998 0.020354890994008119 0.0070301102320690896 0.01723656796990573 0.0021261514452643082 -0.017022227391810224 0.010391398678975063 -0.027791602736022707 -0.0038034543500800257
leaf_weight=1357.9751179814339 20930.665462568402 10654.664950937033 17942.053192332387 3395.0342811346054 14158.064784362912 17825.477382645011 5556.9880505651236 3750.3228923678398 3334.2107977867126 1445.2180027067661 7310.404078707099 3574.4164930433035 2374.5064184218645 813.32136698067188
leaf_count=5875 88808 42706 86133 13850 62941 72812 29788 16959 17457 6186 29374 17160 9954 3318
internal_value=2.73047e-05 -0.011907 0.00781471 -0.0219736 0.00372028 -0.00717116 0.0142805 0.00150366 0.0126823 -0.00481863 -0.0188066 0.00679951 -0.0309666 -0.0111115
internal_weight=114423 45176.6 69246.7 14437.9 42413.5 30738.7 26833.3 24681 21276.3 19270.7 10705.4 17732.5 3732.48 11468
internal_count=503321 184075 319246 59053 185868 125022 133378 105767 103590 78998 43224 80101 15829 46024
is_linear=0
shrinkage=0.03


Tree=29
num_leaves=15
num_cat=0
split_feature=5 5 5 5 5 5 5 0 5 5 0 0 5 0
split_gain=4168.26 1347.95 684.53 447.741 291.72 195.953 131.701 66.9928 62.3612 53.9287 36.5664 32.6356 31.4065 30.3296
threshold=0.0036378390162737817 -0.0016921238846092895 0.0015492281338055885 0.0075114093388752188 -0.0056871149580387361 -0.00065458200169693406 0.0023957295056314712 -0.10514492856702561 0.0054712011911561007 -0.0030243093002985254 -0.25241107549519182 -0.28034862942840394 -0.01111118770675563 -0.43937507724137975
decision_type=8 10 10 8 10 10 10 8 10 10 10 10 10 10
left_child=1 4 5 8 12 -3 -4 13 11 -6 -10 -2 -1 -5
right_child=3 2 6 7 9 -7 -8 -9 10 -11 -12 -13 -14 -15
leaf_value=0.020414158277644718 0.0025347249003904657 -0.0027328631722314911 -0.002464630375737931 0.0055708576207379405 0.0062714485560484015 -0.0072576210839016215 0.0018923841193081083 0.019830698982502587 0.0056831885584486264 0.0018911368233171006 0.012304733013201549 0.0076946646110509567 0.012602762280193613 0.014997144670534
leaf_weight=710.89605474472046 1322.8464865237474 10891.173201262951 12626.100857511163 388.63562515377998 4292.4628161638975 42367.088480934501 12325.395191907883 4467.7823013067245 984.40000501275063 6308.5302403569221 4328.1842513233423 8545.161105260253 1960.3410837799311 2689.7778371423483
leaf_count=3954 6214 46234 53242 2042 20294 176656 53660 23622 4870 28017 21148 39145 10110 14273
internal_value=-5.53487e-05 -0.00291269 -0.00441331 0.0114399 0.00592221 -0.00633413 -0.000310078 0.0174198 0.00845385 0.00367467 0.011102 0.00701229 0.0147724 0.0138484
internal_weight=114209 91482 78209.8 22726.8 13272.2 53258.3 24951.5 7546.2 15180.6 10601 5312.58 9868.01 2671.24 3078.41
internal_count=503481 392167 329792 111314 62375 222890 106902 39937 71377 48311 26018 45359 14064 16315
is_linear=0
shrinkage=0.03


Tree=30
num_leaves=15
num_cat=0
split_feature=3 3 3 3 3 3 3 5 3 5 5 5 3 5
split_gain=10770.5 2055.02 2022.48 446.023 399.913 245.675 244.247 126.855 84.3904 80.3963 74.3628 58.4793 54.9477 45.7778
threshold=0.0010468569735066081 0.00059152873310050198 0.0022891964707359067 0.0015276847388896225 0.00036776999756901193 0.0042562262193385509 0.00075358048531563382 0.0046972986357363038 0.00020424142896018367 0.0047853485719331198 0.0035794908720242495 0.0020840492945907005 0.0029250039279950265 0.0037559607802979383
decision_type=8 10 8 10 10 8 10 10 10 10 10 10 10 10
left_child=1 4 3 7 8 12 13 -2 -1 -5 -8 -6 -4 -3
right_child=2 6 5 9 11 -7 10 -9 -10 -11 -12 -13 -14 -15
leaf_value=-0.035419337083982726 0.00025321939388953856 -0.01149713029363876 0.010953562551506727 0.0057387222912801839 -0.018434441555990357 0.019886418213536969 -0.0057997270425567222 0.0080821716063563705 -0.025841206271202233 0.010245516440740999 0.0020601202770393614 -0.0086710281036340656 0.014360675664526023 0.0059921162790069604
leaf_weight=1321.3138580620289 23716.439028427005 9352.735824406147 9514.3448211401701 18296.863717138767 8623.1012701094151 5481.9691018760204 17316.954947471619 2013.5395779907703 3360.9043868780136 4507.3163264095783 1139.0660430938005 643.57344841957092 8615.7269966602325 126.37774731218815
leaf_count=5787 100450 37471 45628 81644 34863 29853 70323 9264 14099 21945 4840 2583 43899 518
internal_value=6.32002e-05 -0.0120353 0.00708844 0.00358195 -0.0214384 0.0142889 -0.00733193 0.000871119 -0.0286267 0.00663623 -0.00531053 -0.0177729 0.012583 -0.0112516
internal_weight=114030 41884 72146.2 48534.2 13948.9 23612 27935.1 25730 4682.22 22804.2 18456 9266.67 18130.1 9479.11
internal_count=503167 170484 332683 213303 57332 119380 113152 109714 19886 103589 75163 37446 89527 37989
is_linear=0
shrinkage=0.03


Tree=31
num_leaves=15
num_cat=0
split_feature=3 3 3 3 3 3 3 0 0 0 0 0 0 3
split_gain=10392 2506.35 1409.99 512.76 292.358 266.559 209.065 162.853 112.396 109.726 87.1756 74.6129 43.9981 29.3431
threshold=0.00091553758183144317 0.0017469627563974058 0.00048990167540057677 0.0029634270775673968 0.0011977350504502619 0.00067994728334684932 0.00023576616064718205 0.011958814112362994 -0.25894916652544725 -0.37595249171109768 0.077021902101048992 -0.14318882985876438 -0.15166042664030435 0.00039893720761813577
decision_type=8 8 10 8 10 10 10 10 10 8 10 10 10 10
left_child=2 4 6 8 10 12 -1 -6 -3 -5 -2 -7 -4 -8
right_child=1 3 5 9 7 11 13 -9 -10 -11 -12 -13 -14 -15
leaf_value=-0.033479922074812603 -0.0035004878878547533 0.0046755881356375685 -0.017928420178814668 0.008962703959301356 0.0010671809283056017 -0.01134778981662817 -0.023723852168417169 0.0060133263622471527 0.009918861396899235 0.017246656897590248 0.0011545219667561362 -0.0063831381779428011 -0.012889275606575337 -0.019408047404857968
leaf_weight=1763.8448323607445 11954.083847045898 4626.1777955442667 2177.1588435173035 1713.3051868826151 15559.694491818547 3703.792745411396 3833.9479295611382 9776.5534035116434 19536.071888491511 11912.878856703639 5162.3371104300022 11129.156119152904 7683.1945330798626 3413.3564182817936
leaf_count=7785 49413 21517 8737 8888 67198 14921 16001 42903 92213 63116 21580 44961 30826 13892
internal_value=6.51443e-05 0.00593741 -0.013911 0.0115562 0.000932981 -0.0101929 -0.0240703 0.00297975 0.0089198 0.0162168 -0.00209317 -0.00763367 -0.014025 -0.021729
internal_weight=113946 80241.1 33704.5 37788.4 42452.7 24693.3 9011.15 25336.2 24162.2 13626.2 17116.4 14832.9 9860.35 7247.3
internal_count=503951 366828 137123 185734 181094 99445 37678 110101 113730 72004 70993 59882 39563 29893
is_linear=0
shrinkage=0.03


Tree=32
num_leaves=15
num_cat=0
split_feature=3 3 3 3 3 3 3 3 3 3 3 3 3 3
split_gain=9605.92 2201.43 1475.91 372.247 311.888 233.669 231.256 78.8326 70.3804 66.3232 48.4404 42.0324 33.2883 6.42886
threshold=0.00095457218513483031 0.0019470410056774789 0.00051267016105537564 0.0033088015524712208 0.0012637333881998375 0.00067994728334684932 0.00023576616064718205 0.0016355040963458485 0.0059290852289564317 0.0023771423407797317 0.00039893720761813577 0.00081590196885387935 0.0011399045415688479 0.00016677107435935856
decision_type=8 8 10 8 10 10 10 10 8 10 10 10 10 10
left_child=2 4 6 9 12 -4 13 -6 -5 -3 -8 -7 -2 -1
right_child=1 3 5 8 7 11 10 -9 -10 -11 -12 -13 -14 -15
leaf_value=-0.035682224714859281 -0.002198833837727684 0.0079436928246858218 -0.012970277937607634 0.015474687800174148 0.0025998131541873602 -0.0084682983962733795 -0.022978775166753361 0.0059293192758582127 0.021862717126147603 0.011385078142568351 -0.018032509135819167 -0.0054624146482863322 0.00040469904148397875 -0.028963457871923021
leaf_weight=877.14304545521736 11359.999076709151 9665.9457097798586 8799.2487148046494 8292.299179494381 17382.49881850183 8483.5340365618467 3818.634632229805 10254.43433573842 2081.2711230069399 11328.045588254929 4407.0674518793821 8832.4526182413101 7169.959847420454 890.69096826016903
leaf_count=3937 47051 45727 35296 44216 75702 34102 16013 46208 11923 55543 17946 35877 30211 3948
internal_value=3.65246e-05 0.00598917 -0.0127417 0.0121209 0.00182003 -0.00898003 -0.0225471 0.00383906 0.0167819 0.00980801 -0.0203611 -0.00694257 -0.00118851 -0.0325128
internal_weight=113643 77534.5 36108.8 31367.6 46166.9 26115.2 9993.54 27636.9 10373.6 20994 8225.7 17316 18530 1767.83
internal_count=503700 356581 147119 157409 199172 105275 41844 121910 56139 101270 33959 69979 77262 7885
is_linear=0
shrinkage=0.03


Tree=33
num_leaves=15
num_cat=0
split_feature=3 3 3 3 3 3 3 3 5 5 5 5 5 5
split_gain=9028.93 2142.32 1464.71 469.881 253.223 210.139 199.034 113.893 95.1171 81.8778 71.9916 66.9748 54.1144 50.6922
threshold=0.0011399045415688479 0.00064599688257697713 0.0023110700225444651 0.00039893720761813577 0.001579061395978427 0.0042562262193385509 0.00086931218705457107 0.00023576616064718205 0.0051520316414554535 0.0052577893579663264 0.0027095450206876758 0.0021488532389123288 0.0047853485719331198 0.0060969776988657309
decision_type=8 10 8 10 10 8 10 10 10 10 10 10 10 10
left_child=1 3 4 7 8 13 10 -1 -2 -6 -3 -5 -8 -4
right_child=2 6 5 11 9 -7 12 -9 -10 -11 -12 -13 -14 -15
leaf_value=-0.032360276467796607 0.0011828247285637699 -0.0086133861541662776 0.01071359682334245 -0.015710527268961362 0.0054555323413782216 0.018624071625478942 -0.0033169759392570283 -0.022673324320757401 0.0089616768908187868 0.010455954463358761 -0.0012854860464851592 -0.0069342011101580026 0.0073592611998725341 0.014432425443599694
leaf_weight=1731.9344365745783 20677.222019359469 12537.457640469074 12627.260727137327 10281.52265368402 17282.298327296972 5311.1572747975588 16379.757088333368 3804.7855031639338 1513.056445017457 3610.1222432404757 1360.8904188275337 898.96978126466274 426.20531624555588 4831.9484853893518
leaf_count=7808 88430 50336 61777 41580 78071 29744 67306 16037 7083 17954 5590 3609 1873 25956
internal_value=2.50519e-05 -0.00995423 0.00721257 -0.0185943 0.00395633 0.0133665 -0.00524357 -0.0257672 0.00171973 0.00632704 -0.00790161 -0.0150171 -0.00303844 0.0117539
internal_weight=113275 47421.5 65853.1 16717.2 43082.7 22770.4 30704.3 5536.72 22190.3 20892.4 13898.3 11180.5 16806 17459.2
internal_count=503154 194139 309015 69034 191538 117477 125105 23845 95513 96025 55926 45189 69179 87733
is_linear=0
shrinkage=0.03


Tree=34
num_leaves=15
num_cat=0
split_feature=3 3 3 3 3 3 3 0 0 0 0 3 0 0
split_gain=8607.21 1882.41 1630.82 312.727 289.753 285.223 214.481 141.696 120.051 107.799 102.472 64.8949 61.1934 38.9166
threshold=0.0010780075049196187 0.0005548494381610187 0.0022891964707359067 0.001579061395978427 0.00073701331766848962 0.00028843218189381357 0.0042562262193385509 -0.24918644358891354 -0.10734430920627956 0.14103978932487807 -0.21444184123456581 0.00043986790339815287 -0.05315781230735394 -0.32508558788788539
decision_type=8 10 8 10 10 10 8 10 10 10 10 10 10 8
left_child=1 5 3 7 12 -1 8 -2 -4 -6 -5 -7 -3 -8
right_child=2 4 6 10 9 11 13 -9 -10 -11 -12 -13 -14 -15
leaf_value=-0.029389005088193976 -0.0046213146603712981 -0.013466457575779064 0.008904033351523814 0.0022275727498974416 -0.0057524459237339237 -0.020896631097562516 0.012958061504999957 0.0020022564579464447 0.013897700553779218 -0.00061794618253202917 0.0072880516024472495 -0.01561848451314817 -0.0086922950366574055 0.019803360883358087
leaf_weight=2643.8225428462029 3320.0220089554787 4402.2563340812922 8557.9843908399343 4738.3700674623251 16648.335325732827 4246.4814187735319 1081.8055986016989 22685.676499173045 9210.5379469841719 4761.6553453654051 15668.610669061542 4953.7252187430859 5885.1685200631618 4201.1898833960295
leaf_count=11837 14127 17654 42703 21545 67640 17740 5953 97415 46998 19511 72378 20102 23601 23940
internal_value=2.52588e-05 -0.0104304 0.0065805 0.00333797 -0.00661091 -0.0206331 0.0131022 0.0011529 0.0115023 -0.00461414 0.00611765 -0.0180812 -0.0107522 0.0184401
internal_weight=113006 43541.4 69464.2 46412.7 31697.4 11844 23051.5 26005.7 17768.5 21410 20407 9200.21 10287.4 5283
internal_count=503144 178085 325059 205465 128406 49679 119594 111542 89701 87151 93923 37842 41255 29893
is_linear=0
shrinkage=0.03


Tree=35
num_leaves=15
num_cat=0
split_feature=5 5 5 5 5 5 5 5 5 5 5 4 4 4
split_gain=2994.56 980.578 470.97 394.199 226.435 133.123 68.8233 62.8227 44.3377 36.4258 28.2462 25.2871 25.1284 21.041
threshold=0.0034691400501548394 -0.0016921238846092895 0.0015204537688143563 0.0067228029428623671 -0.0052305660716724595 -0.00082488601549592707 0.0022523875670661876 0.012204834217583341 0.0052577893579663264 -0.0091228675858552825 -0.0030243093002985254 1.0000000180025095e-35 1.0000000180025095e-35 1.0000000180025095e-35
decision_type=8 10 10 8 10 10 10 8 10 10 10 2 2 2
left_child=1 4 5 8 9 -3 -4 12 13 -1 -6 -9 -5 -2
right_child=3 2 6 7 10 -7 -8 11 -10 -11 -12 -13 -14 -15
leaf_value=0.01704917306721148 0.0033531145367369682 -0.0019353561804274014 -0.0020355906029918057 0.0097393933841721601 0.0049820587957429517 -0.0060610565346424852 0.001179907415644459 0.013724157776467747 0.0090222376369746126 0.00978791698803925 0.0016742695235402796 0.020566005054470943 0.014153141219905145 0.0063383986495202096
leaf_weight=1030.890453800559 3275.235700532794 8450.2733161151409 11235.707922667265 1934.5353442132473 3799.7719486355782 43915.670922979712 12793.651560083032 888.18817310035229 4474.9659354239702 1941.0498008131981 6215.7404385656118 1847.8246974647045 4129.4245160222054 6932.0676731169224
leaf_count=5989 15181 36216 47478 10312 18237 184496 55671 5152 22160 10185 27872 10667 21905 32008
internal_value=-5.21421e-08 -0.00250543 -0.00380149 0.00953086 0.00511078 -0.00539694 -0.000321329 0.0145562 0.00650695 0.0123755 0.00293891 0.0184249 0.0127733 0.0053906
internal_weight=112865 89382.8 76395.3 23482.2 12987.5 52365.9 24029.4 8799.97 14682.3 2971.94 10015.5 2736.01 6063.96 10207.3
internal_count=503529 386144 323861 117385 62283 220712 103149 48036 69349 16174 46109 15819 32217 47189
is_linear=0
shrinkage=0.03


Tree=36
num_leaves=15
num_cat=0
split_feature=5 5 5 5 5 0 0 5 5 0 0 0 5 0
split_gain=2886.51 849.103 515.481 348.873 234.671 109.321 94.791 52.7537 51.4388 44.2902 33.673 28.5823 26.0588 15.0327
threshold=0.0035794908720242495 -0.0016310125170425009 0.0018921478924129843 0.0059618215609389723 -0.0056871149580387361 0.38099476949555794 -0.10514492856702561 0.0082455778419989936 0.0028345013688677247 0.4706710966907563 -0.13875182391494703 -0.41367515449904518 -0.0078969844605491727 -0.42572216630227783
decision_type=8 10 10 8 10 10 8 8 10 10 10 10 10 10
left_child=1 4 5 10 12 -3 11 -8 -4 -6 13 -5 -1 -2
right_child=3 2 8 6 9 -7 7 -9 -10 -11 -12 -13 -14 -15
leaf_value=0.015645063410739988 -0.0020429260213368373 -0.0052846292897199953 -0.00043066395061308089 0.0039862878079875664 0.0018794402205965437 0.00065316714853238817 0.01265915042725746 0.018442650100618997 0.0028459569519941243 0.0075047335343932028 0.0072548345565199733 0.011112166113422388 0.009204835846014451 0.0043831176586578858
leaf_weight=1383.7050998359919 339.52852466702461 55151.993555799127 12118.43580968678 635.11506873369217 9336.6965327560902 2918.2835007309914 2738.3986146599054 3558.6070970892906 6662.3609345108271 1462.2993605136871 7660.1050610840321 3741.644171744585 1177.7134331017733 3784.9258599281311
leaf_count=7980 1648 232132 51877 3435 43102 12403 14007 20046 29459 6741 35680 20376 6199 18020
internal_value=2.15956e-05 -0.00237392 -0.00358793 0.00964346 0.00460218 -0.00498514 0.0135764 0.0159611 0.000729398 0.00265295 0.00606762 0.0101032 0.0127546 0.00383595
internal_weight=112670 90211.5 76851.1 22458.3 13360.4 58070.3 10673.8 6297.01 18780.8 10799 11784.6 4376.76 2561.42 4124.45
internal_count=503105 389893 325871 113212 64022 244535 57864 34053 81336 49843 55348 23811 14179 19668
is_linear=0
shrinkage=0.03


Tree=37
num_leaves=15
num_cat=0
split_feature=3 3 3 3 3 0 3 3 0 0 0 0 3 3
split_gain=7922.91 1872.38 1157.39 443.293 225.166 222.609 176.617 166.688 113.149 112.158 56.2495 53.072 40.8383 37.9501
threshold=0.00091553758183144317 0.001683854206200584 0.00051267016105537564 0.0027575932498052321 0.00031024040793541568 -0.24009675444035158 0.001205830551756865 0.00067994728334684932 -0.11748016121875192 -0.25894916652544725 0.024058370722591319 0.0072917067945447176 0.00016677107435935856 0.0011158006683634376
decision_type=8 8 10 8 10 10 10 10 8 10 10 10 10 10
left_child=2 5 4 9 12 13 -7 11 -5 -3 -9 -4 -1 -2
right_child=1 3 7 8 -6 6 -8 10 -10 -11 -12 -13 -14 -15
leaf_value=-0.034029843262482526 -0.0093093949456831918 0.0028612866784515733 -0.01407551156816049 0.011089884511749746 -0.01778830747243805 -0.00088000680397898399 0.0034156798240174064 -0.0082142198732251693 0.01630760227082623 0.0082140471501927752 -0.004395542782416377 -0.0092465554432370409 -0.025219853297205868 -0.0035238534061482287
leaf_weight=837.93081709742546 1403.2299516797066 4373.8579313904047 4873.6103645712137 7547.2212241441011 6721.3229841440916 15623.309750676155 19133.578389912844 8933.647792994976 7925.3359207808971 19263.504784569144 5897.3576738536358 3898.2231283783913 2230.9468602389097 4015.8597462028265
leaf_count=3908 5747 20380 19610 40302 27886 64779 83470 35935 43537 91517 23826 15664 9907 17191
internal_value=-1.152e-05 0.00515058 -0.0122677 0.00982241 -0.0209414 0.000599912 0.00148333 -0.00866004 0.0137752 0.00722774 -0.0067038 -0.0119493 -0.0277475 -0.00504741
internal_weight=112679 79285.9 33393 39109.9 9790.2 40176 34756.9 23602.8 15472.6 23637.4 14831 8771.83 3068.88 5419.09
internal_count=503659 366923 136736 195736 41701 171187 148249 95035 83839 111897 59761 35274 13815 22938
is_linear=0
shrinkage=0.03


Tree=38
num_leaves=15
num_cat=0
split_feature=3 3 3 3 3 3 3 0 0 0 3 0 0 3
split_gain=7430.57 1792.05 1160.21 309.55 304.173 205.349 197.789 131.084 116.227 87.7824 76.6024 70.2427 41.5466 24.8778
threshold=0.00092334361248895211 0.0019470410056774789 0.00048990167540057677 0.0033088015524712208 0.0012637333881998375 0.00067994728334684932 0.00023576616064718205 -0.11543876114500233 -0.26227404093625772 -0.26570397604443846 0.0059290852289564317 0.014408446754516026 0.0072917067945447176 0.0003833263129611433
decision_type=8 8 10 8 10 10 10 10 10 10 8 10 10 10
left_child=2 4 6 8 9 12 -1 -6 -3 -2 -5 -7 -4 -8
right_child=1 3 5 10 7 11 13 -9 -10 -11 -12 -13 -14 -15
leaf_value=-0.030516048290556184 -0.0074544154633564078 0.0040757396085938377 -0.013687343075825007 0.013659210659445076 0.00080759535886982343 -0.0080493476473111891 -0.021056023521327443 0.0050726464299343955 0.0097093465453864224 -0.00074693859076659433 0.020423186803386045 -0.0038946640140382249 -0.0096202985308765903 -0.017052542268608965
leaf_weight=1695.6616537421942 1934.6431589573622 4205.1444949805737 5491.4873976260424 7968.342758834362 10562.121138527989 8966.6788272410631 3230.0284542292356 16964.563659280539 16344.211325526237 18542.807407662272 1984.5047272145748 6370.5703555941582 4350.4728202670813 3848.8461210429668
leaf_count=7929 7986 20280 22150 44131 46318 36061 13915 75801 80816 77143 11996 25734 17514 15936
internal_value=-7.62974e-05 0.00499451 -0.0118006 0.0106797 0.00137938 -0.008517 -0.0211958 0.00343919 0.00856197 -0.0013869 0.0150331 -0.00633121 -0.0119073 -0.0189149
internal_weight=112460 78506.3 33953.7 30502.2 48004.1 25179.2 8774.54 27526.7 20549.4 20477.5 9952.85 15337.2 9841.96 7078.87
internal_count=503710 364471 139239 157223 207248 101459 37780 122119 101096 85129 56127 61795 39664 29851
is_linear=0
shrinkage=0.03


Tree=39
num_leaves=15
num_cat=0
split_feature=5 5 5 5 5 5 5 5 4 5 5 5 4 4
split_gain=2476.34 736.319 332.946 314.338 230.87 112.16 69.9816 60.5001 39.8787 18.738 17.3647 17.322 17.1238 13.1881
threshold=0.0034691400501548394 -0.0026363846785703656 0.0059618215609389723 0.0015204537688143563 -0.00094111341875087039 -0.0069433849341747683 0.012992510015936015 0.0025108606574321059 1.0000000180025095e-35 0.0042184472995282158 -0.0037288115527270974 -0.014720823662419906 1.0000000180025095e-35 1.0000000180025095e-35
decision_type=8 10 8 10 10 10 8 10 2 10 10 10 2 2
left_child=1 5 9 4 -3 11 8 -5 -4 -2 -7 -1 -8 -11
right_child=2 3 6 7 -6 10 12 -9 -10 13 -12 -13 -14 -15
leaf_value=0.019949666992465701 0.004072094427872733 -0.00052418756017358196 0.0082523900900538585 -0.0013828075211981478 -0.0052338853831834092 0.0061538185530020792 0.013118649005748894 0.0016985296636557682 0.012888280795297295 0.0045628928206972036 0.0029222798202950184 0.01156676952000112 0.019441715871439731 0.0073933264929619364
leaf_weight=323.10720355808735 5106.2408837229013 11853.417553886771 2629.9407146126032 14455.224905133247 45229.032764166594 3226.1313155293465 754.21995896100998 9486.4240436851978 5591.9923888444901 2398.8417363315821 3037.7921002954245 1396.7035462409258 1556.4567919820547 5043.7155467271805
leaf_count=2015 23349 51807 14178 61328 190588 16277 4538 41646 30033 11578 14245 7986 9367 24223
internal_value=8.03316e-05 -0.00219001 0.0088351 -0.0030472 -0.00425721 0.00649477 0.0127716 -0.000159182 0.0114245 0.00551875 0.00460335 0.0132826 0.0174691 0.00649644
internal_weight=112089 89007.8 23081.4 81024.1 57082.5 7983.73 10532.6 23941.6 8221.93 12548.8 6263.92 1719.81 2310.68 7442.56
internal_count=503158 385892 117266 345369 242395 40523 58116 102974 44211 59150 30522 10001 13905 35801
is_linear=0
shrinkage=0.03


Tree=40
num_leaves=15
num_cat=0
split_feature=3 3 3 3 0 3 3 3 3 0 0 3 0 5
split_gain=6765.39 1684.25 1098.77 361.835 208.448 200.34 177.396 171.449 123.201 78.7533 67.4968 44.677 33.2458 32.5169
threshold=0.00091553758183144317 0.0017469627563974058 0.0005007185319881581 0.0024985033181611446 -0.24009675444035158 0.00023576616064718205 0.00067994728334684932 0.0012637333881998375 0.0042562262193385509 -0.25560418471316237 0.10686339362464083 0.0011565822618161334 0.15385320600580735 0.0022523875670661876
decision_type=8 8 10 8 10 10 10 10 8 10 10 10 10 10
left_child=2 4 5 9 11 -1 13 -6 -5 -3 -8 -2 -7 -4
right_child=1 3 6 8 7 12 10 -9 -10 -11 -12 -13 -14 -15
leaf_value=-0.029738589244142515 -0.0085787817073578569 0.0022036400288390889 -0.011766303780575617 0.010929644443825451 -0.00045152418675386435 -0.019079086198460469 -0.0071159538864080619 0.003657485330324799 0.016472906976343019 0.007394495388781494 -0.0024956788582403563 -0.0027876335615521493 -0.013696702819878242 -0.0053672052516887314
leaf_weight=1649.522152274847 1724.8728410601616 3277.0561063289642 8498.643225684762 13724.257010325789 18457.714201420546 5989.2336746603251 10911.474994972348 18044.315532818437 5068.0911469012499 14340.483649596572 3929.4076153039932 4113.9117935746908 1520.249281257391 846.3679330945015
leaf_count=7821 7068 15277 34284 71743 76753 25360 43870 79550 29938 68559 15885 17687 6416 3395
internal_value=9.31587e-06 0.00480564 -0.0113144 0.00953599 0.000735186 -0.0201648 -0.00795341 0.00157851 0.0124358 0.00643414 -0.00589919 -0.00452043 -0.0180171 -0.0111995
internal_weight=112096 78750.7 33344.9 36409.9 42340.8 9159.01 24185.9 36502 18792.3 17617.5 14840.9 5838.78 7509.48 9345.01
internal_count=503606 366575 137031 185517 181058 39597 97434 156303 101681 83836 59755 24755 31776 37679
is_linear=0
shrinkage=0.03


Tree=41
num_leaves=15
num_cat=0
split_feature=3 3 3 3 3 0 3 3 0 0 0 0 0 3
split_gain=6410.04 1504.74 1054.79 354.308 197.405 185.739 174.09 143.295 116.702 79.8507 59.9161 52.0322 40.4961 33.0724
threshold=0.00093120413680194177 0.0017469627563974058 0.00048990167540057677 0.0033088015524712208 0.00072082388424433042 -0.14318882985876438 0.00023576616064718205 0.0012637333881998375 -0.26227404093625772 -0.37595249171109768 -0.28431904131229663 0.099964938497689296 0.20829424253674059 0.0003833263129611433
decision_type=8 8 10 8 10 10 10 10 10 8 10 10 10 10
left_child=2 5 6 8 12 10 -1 -7 -3 -5 -2 -6 -4 -8
right_child=1 3 4 9 11 7 13 -9 -10 -11 -12 -13 -14 -15
leaf_value=-0.028834498483528048 -0.0053782275265843935 0.0033709368685706682 -0.011202530035456328 0.0071385999919925044 -0.0063229045218877265 9.7187410423478341e-05 -0.020120846495009028 0.0043245547982087998 0.0084402803847678093 0.015253107791483428 -0.00080871779384696942 -0.0020901128429742185 -0.0062934390252853993 -0.015640982150752467
leaf_weight=1617.0991003066301 3693.9259341210127 5132.9601100236177 10406.468576848507 1318.4005690068007 9685.7024990171194 14495.108568936586 3209.956470951438 14421.677856072783 21314.112222000957 8426.4974256455898 8683.5309517681599 3661.7633531093597 1893.933889746666 3800.8812465816736
leaf_count=7760 15660 24573 41981 7339 38980 60430 13996 63871 104585 48726 36857 14835 7625 15855
internal_value=2.81795e-05 0.00480711 -0.0107719 0.00927198 -0.0077104 0.000891171 -0.0198463 0.00220834 0.00746031 0.0141699 -0.00218053 -0.0051686 -0.0104573 -0.0177264
internal_weight=111762 77486.2 34275.8 36192 25647.9 41294.2 8627.94 28916.8 26447.1 9744.9 12377.5 13347.5 12300.4 7010.84
internal_count=503073 362041 141032 185223 103421 176818 37611 124301 129158 56065 52517 53815 49606 29851
is_linear=0
shrinkage=0.03


Tree=42
num_leaves=15
num_cat=0
split_feature=3 3 3 3 3 3 3 0 0 0 0 0 5 0
split_gain=6049.07 1533.12 962.969 324.807 211.785 196.338 140.253 109.004 105.919 105.806 99.8104 46.0044 37.8132 15.4007
threshold=0.00091553758183144317 0.0017598635866174987 0.00043986790339815287 0.0030408022912978773 0.00064599688257697713 0.0012637333881998375 0.00023576616064718205 -0.13440935836500859 -0.096804089904225663 -0.14732165186864324 -0.29680733441950824 0.099964938497689296 0.0020840492945907005 0.16301139899572917
decision_type=8 8 10 8 10 10 10 10 10 10 8 10 10 10
left_child=2 5 6 9 12 8 -1 -7 -2 -3 -5 -6 -4 -8
right_child=1 3 4 10 11 7 13 -9 -10 -11 -12 -13 -14 -15
leaf_value=-0.028695560327434696 -0.0040658010309560025 0.0045882931990970169 -0.012266446228159649 0.0080014180516914009 -0.0070306870628624252 -0.0001953746123616784 -0.019214764388495748 0.0042837945094263887 0.00033512748797405098 0.008732757540002559 0.014711820725403418 -0.0034743935972101868 -0.005629094400499089 -0.01428949191268661
leaf_weight=1615.96520870924 7823.4765264987946 9111.3932553827763 8753.2249686270952 2651.8336234539747 12192.476620182395 7370.9534946531057 4078.2221111804247 14366.51012134552 13179.92706798017 14654.697401240468 9279.5973160117865 4627.1245515197515 912.9212269037962 983.80575275421143
leaf_count=7846 32275 43606 35676 14672 48987 31985 17648 63803 54947 72123 53351 18679 3672 4237
internal_value=5.68944e-05 0.00459889 -0.0106821 0.00918743 -0.0081059 0.000763842 -0.0208632 0.0027628 -0.00130246 0.00714898 0.0132334 -0.00605855 -0.0116522 -0.0182994
internal_weight=111602 78438.4 33163.7 35697.5 26485.7 42740.9 6677.99 21737.5 21003.4 23766.1 11931.4 16819.6 9666.15 5062.03
internal_count=503507 366762 136745 183752 107014 183010 29731 95788 87222 115729 68023 67666 39348 21885
is_linear=0
shrinkage=0.03


Tree=43
num_leaves=15
num_cat=0
split_feature=3 3 3 3 3 3 3 0 0 0 0 0 0 3
split_gain=5685.41 1491.3 1019.34 304.609 206.266 197.932 155.95 125.12 110.628 105.656 51.2414 38.9214 38.7631 30.1048
threshold=0.00093120413680194177 0.0021510302458801205 0.0004655603122986178 0.0014569073784008381 0.0042562262193385509 0.00070471680128455843 0.00028843218189381357 0.086202030433658164 -0.15836436539901796 0.039711996147560054 -0.14318882985876438 -0.32508558788788539 -0.05105518289791388 0.00016677107435935856
decision_type=8 8 10 10 8 10 10 10 10 10 10 8 10 10
left_child=2 3 6 7 8 12 13 -2 -3 -5 -7 -6 -4 -1
right_child=1 4 5 9 11 10 -8 -9 -10 -11 -12 -13 -14 -15
leaf_value=-0.031609311286798114 -0.0015297355260108377 0.0064427203530740716 -0.012171627730981202 0.0028461810138587945 0.010573345252012045 -0.0080716674982641672 -0.016740048694759591 0.0027903423973141177 0.011060599882191321 0.007211722220194023 -0.0038978458390174905 0.017538016928586694 -0.0086551245222730427 -0.023363624469515697
leaf_weight=782.97153653204441 21375.212178573012 7882.1114484369755 5262.1587682068348 15031.61567632854 1020.0425350368023 3597.2582671195269 5062.2963558733463 8391.4830518066883 11989.725402608514 7539.0230199694633 10654.388642847538 3905.5722319185734 6970.8904788792133 1722.2667309343815
leaf_count=3895 89651 40049 21350 68329 5912 14451 21665 35852 62988 35280 42950 23913 28209 8066
internal_value=4.74055e-05 0.00455527 -0.0101603 0.00168188 0.0106143 -0.00737717 -0.0198703 -0.000309326 0.00923611 0.00430956 -0.00496049 0.0161322 -0.0101814 -0.02608
internal_weight=111187 77134.8 34052.2 52337.3 24797.5 26484.7 7567.53 29766.7 19871.8 22570.6 14251.6 4925.61 12233 2505.24
internal_count=502560 361974 140586 229112 132862 106960 33626 125503 103037 103609 57401 29825 49559 11961
is_linear=0
shrinkage=0.03


Tree=44
num_leaves=15
num_cat=0
split_feature=3 3 3 3 3 3 3 5 5 5 5 3 3 5
split_gain=5392.91 1355.42 946.446 278.209 208.88 203.96 135.074 60.3562 58.127 54.0296 49.1656 37.8795 31.6394 26.6167
threshold=0.0011237630529647746 0.00051267016105537564 0.0024000061281871338 0.00075358048531563382 0.0015379687221271519 0.00028843218189381357 0.0049591134963881097 0.0052577893579663264 0.0035794908720242495 0.0051520316414554535 0.0028784733705354746 0.0033088015524712208 0.00016677107435935856 0.0011008852706711101
decision_type=8 10 8 10 10 10 8 10 10 10 10 10 10 10
left_child=1 5 4 10 9 12 11 -6 -5 -2 -3 -4 -1 -7
right_child=2 3 6 8 7 13 -8 -9 -10 -11 -12 -13 -14 -15
leaf_value=-0.031150284823045535 0.00055820986129496064 -0.0091337911009601921 0.0086980200949612115 -0.0037163714743272042 0.0043424435611441308 -0.016454627678557546 0.01667785889782581 0.0083925152557515516 0.0020340381450085041 0.0068290483632529953 -0.00017127903922981488 0.011719552086669143 -0.022735659455356598 -0.011759931546296109
leaf_weight=777.73327828943729 20097.761935174465 12731.736530765891 10431.846471711993 21553.577237010002 19757.845677569509 5312.8361792713404 3157.9870636165142 4043.6983879953623 1687.2198796719313 1311.1500502228737 590.43709072470665 6395.1515208780766 1677.2407935261726 1670.4692464470863
leaf_count=3924 85911 51327 53640 87488 90650 22671 19789 20991 7257 6251 2383 36411 7928 7043
internal_value=-4.01345e-05 -0.00790492 0.00550862 -0.00528339 0.00310231 -0.0180378 0.010945 0.00503627 -0.00329563 0.000948066 -0.0087415 0.0098562 -0.0255413 -0.0153586
internal_weight=111197 46001.3 65195.4 36563 45210.5 9438.28 19985 23801.5 23240.8 21408.9 13322.2 16827 2454.97 6983.31
internal_count=503664 190021 313643 148455 203803 41566 109840 111641 94745 92162 53710 90051 11852 29714
is_linear=0
shrinkage=0.03


Tree=45
num_leaves=15
num_cat=0
split_feature=3 3 3 3 3 3 3 5 5 5 5 5 3 5
split_gain=5106.6 1326.59 894.627 278.961 191.679 177.454 137.484 106.605 53.2886 47.6672 43.2174 32.5277 29.2854 23.7925
threshold=0.00093120413680194177 0.0021510302458801205 0.0004655603122986178 0.0015276847388896225 0.00067175226576378529 0.0042562262193385509 0.00023576616064718205 0.0042184472995282158 0.0085157367316532114 0.0075114093388752188 0.0026294886578026181 0.0022523875670661876 0.0074694678430955114 0.00098056694565052554
decision_type=8 8 10 10 10 8 10 10 10 10 10 10 8 10
left_child=2 3 6 7 11 8 -1 -2 -3 -5 -6 -4 -7 -8
right_child=1 5 4 9 10 12 13 -9 -10 -11 -12 -13 -14 -15
leaf_value=-0.026860824861120191 -0.00061259424970648818 0.0081107329535435816 -0.010780196323432792 0.0041192009928093069 -0.0055963595566190559 0.013963221020792296 -0.017778567038303973 0.0052260122958218318 0.012545998300967401 0.01097106743385908 -0.00089444936315584845 -0.0043987801585674965 0.020311129279883423 -0.012894447685404938
leaf_weight=1551.6922012716532 29855.416711106896 16802.79436032474 9379.3371758013964 18455.510040134192 14284.74683085084 3922.7926649600267 4497.9980693161488 3097.077726483345 2969.2618867754936 968.71512992680073 2046.5371283739805 834.70592507719994 927.06301909685135 1439.5424668341875
leaf_count=7813 125283 85986 38211 84881 57318 23894 19666 14303 17414 5132 8405 3354 6023 6214
internal_value=4.28156e-05 0.00432071 -0.00963202 0.00161879 -0.00704012 0.0100629 -0.0187893 -6.06069e-05 0.00878584 0.00446947 -0.00501172 -0.0102694 0.0152283 -0.0166282
internal_weight=111033 76998.6 34034.6 52376.7 26545.3 24621.9 7489.23 32952.5 19772.1 19424.2 16331.3 10214 4849.86 5937.54
internal_count=503897 362916 140981 229599 107288 133317 33693 139586 103400 90013 65723 41565 29917 25880
is_linear=0
shrinkage=0.03


Tree=46
num_leaves=15
num_cat=0
split_feature=3 3 3 3 3 3 3 3 3 3 3 3 3 3
split_gain=4717.14 1167.95 848.142 298.47 189.92 144.598 92.8575 54.2649 43.5794 35.3758 29.5097 19.2702 16.6161 11.2686
threshold=0.00093120413680194177 0.0022891964707359067 0.00053393972403417472 0.0013428427640223433 0.00028843218189381357 0.0049591134963881097 0.00072082388424433042 0.001683854206200584 0.0029634270775673968 0.00016677107435935856 0.0011002873620565745 0.00045263062300062427 0.010962480727594684 0.00084688774468579897
decision_type=8 8 10 10 10 8 10 10 10 10 10 10 8 10
left_child=2 3 4 10 9 8 -4 -5 -3 -1 -2 -6 -7 -8
right_child=1 5 6 7 11 12 13 -9 -10 -11 -12 -13 -14 -15
leaf_value=-0.029804727969394144 -0.0018321561934086226 0.0075666682822963481 -0.0082731441989333 0.0024882550016005174 -0.015515045125269947 0.015220413109446197 -0.0051910840720110259 0.0050220248650377237 0.010541625831627597 -0.021005900751573783 0.00027548349037243491 -0.012218619607538542 0.023659981196524734 -0.0033559234814655946
leaf_weight=747.34121772646904 10557.281124979258 9323.7808607816696 10259.091007098556 14826.647781893611 4533.4361867457628 2798.8065408021212 7968.51284275949 16001.769442930818 9244.2764774262905 1663.2873577326536 13672.488121271133 3362.1636268049479 292.7988565415144 5413.8860868811607
leaf_count=3874 43378 47441 41426 65689 19713 17815 32017 76047 52116 8002 57951 13951 1946 21865
internal_value=5.16862e-05 0.00417232 -0.00925719 0.00184857 -0.0164397 0.0100729 -0.00611788 0.00380658 0.00905588 -0.0238704 -0.000640749 -0.0141362 0.0161128 -0.00445621
internal_weight=110666 76717.8 33947.7 55058.2 10306.2 21659.7 23641.5 30828.4 18568.1 2410.63 24229.8 7895.6 3091.61 13382.4
internal_count=503231 362383 140848 243065 45540 119318 95308 141736 99557 11876 101329 33664 19761 53882
is_linear=0
shrinkage=0.03


Tree=47
num_leaves=15
num_cat=0
split_feature=3 3 3 3 3 0 3 0 0 3 3 0 0 3
split_gain=4510.99 1103.15 845.846 214.754 181.035 153.051 149.025 125.845 85.8319 81.8759 52.3522 43.0655 38.8315 35.7299
threshold=0.0011079745862034565 0.00054436391789722521 0.0022891964707359067 0.00028843218189381357 0.00075358048531563382 0.045095037706155534 0.0042562262193385509 -0.19593820122307068 0.053302187737608871 0.0016962323924409929 0.001205830551756865 -0.05105518289791388 -0.36093360351730353 0.00016677107435935856
decision_type=8 10 8 10 10 10 8 10 10 10 10 10 8 10
left_child=1 3 5 13 11 9 7 -4 -6 -2 -7 -3 -8 -1
right_child=2 4 6 -5 8 10 12 -9 -10 -11 -12 -13 -14 -15
leaf_value=-0.029588857054110348 0.00023524708567400961 -0.0097426846732656149 0.0049309658127347465 -0.013345804949911248 -0.0043740890210195293 0.00062030528878895285 0.0082468984522251869 0.010451337450328349 -0.00044007134472540669 0.0035406131933453993 0.0059051522873065929 -0.0060178247818324735 0.015882093858893252 -0.020744266154541807
leaf_weight=745.52233242988586 18836.376119568944 5114.7538667619228 5703.7343987077475 8361.9356963038445 14781.712637454271 1980.9899010658264 790.49381467700005 11111.44250741601 7590.9894088059664 10536.093842417002 12568.273974344134 6679.0031555145979 3963.9283259510994 1641.1271708607674
leaf_count=3921 81190 20658 29677 35676 59948 8421 4714 59922 31086 49663 58138 26908 25114 7964
internal_value=4.38782e-05 -0.0072771 0.00506599 -0.0156579 -0.00463498 0.0026738 0.00993086 0.00858643 -0.00304276 0.00142375 0.00519062 -0.0076452 0.0146452 -0.023644
internal_weight=110406 44915 65491.3 10748.6 34166.5 43921.7 21569.6 16815.2 22372.7 29372.5 14549.3 11793.8 4754.42 2386.65
internal_count=503000 186161 316839 47561 138600 197412 119427 89599 91034 130853 66559 47566 29828 11885
is_linear=0
shrinkage=0.03


Tree=48
num_leaves=15
num_cat=0
split_feature=3 3 3 3 0 3 3 3 0 0 0 3 0 5
split_gain=4316.77 1136.55 854.064 195.781 148.651 148.324 145.458 138.021 113.464 73.7895 53.57 44.0609 41.7076 39.7111
threshold=0.00093888305596602701 0.0019470410056774789 0.00048990167540057677 0.0034160107240514335 -0.24009675444035158 0.0013335459568501748 0.00023576616064718205 0.00067175226576378529 -0.17650524940601589 -0.36093360351730353 1.0000000180025095e-35 0.0015478176094822446 0.12523593830417593 0.0010522205755395151
decision_type=8 8 10 8 10 10 10 10 10 8 10 10 10 10
left_child=2 4 6 8 11 -6 -1 12 -3 -5 -9 -2 -4 -8
right_child=1 3 7 9 5 -7 13 10 -10 -11 -12 -13 -14 -15
leaf_value=-0.025753820832256011 -0.004746850440544622 0.0039921047452918038 -0.010246393472655513 0.005817307696282319 1.3836809354200399e-05 0.0036704177568342394 -0.016558658797385179 -0.0060250792889738336 0.0086889414605684293 0.013677563133697059 -0.002596257809676436 0.00027233789365489628 -0.005426594325403402 -0.010826412287559255
leaf_weight=1497.9505617320538 4428.0077447891235 7191.0995322614908 6970.6306504458189 1320.740181222558 20389.83494476974 19615.634891599417 5225.209697291255 9332.8540702164173 13439.06883764267 7236.1375867724419 7502.0389343947172 2403.7404223829508 2234.2539355605841 1570.6628253906965
leaf_count=7822 18571 35834 28420 7659 85377 88762 23036 37494 69460 44364 30257 10770 9061 6797
internal_value=1.90986e-05 0.00400693 -0.00880793 0.00865281 0.00110929 0.00180871 -0.0171917 -0.00612979 0.00705739 0.0124796 -0.00450312 -0.00297427 -0.00909018 -0.0152605
internal_weight=110358 76024.3 34333.6 29187 46837.2 40005.5 8293.82 26039.8 20630.2 8556.88 16834.9 6831.75 9204.88 6795.87
internal_count=503684 360797 142887 157317 203480 174139 37655 105232 105294 52023 67751 29341 37481 29833
is_linear=0
shrinkage=0.03


Tree=49
num_leaves=15
num_cat=0
split_feature=3 3 3 3 3 3 3 5 5 5 3 5 5 5
split_gain=4140.8 956.238 784.753 192.872 191.173 157.11 107.31 70.4322 49.318 45.6426 40.2902 38.7161 36.492 33.9714
threshold=0.0010780075049196187 0.00053393972403417472 0.0024478804273382823 0.00031024040793541568 0.0015906975944750624 0.00075358048531563382 0.0059290852289564317 0.0040747012108042283 -0.0006867314785036139 0.0027908913029588878 0.00016677107435935856 0.0028345013688677247 0.0088292021775070052 0.0011511392791270158
decision_type=8 10 8 10 10 10 8 10 10 10 10 10 10 10
left_child=1 3 4 10 7 11 12 -2 -6 -7 -1 -3 -4 -5
right_child=2 5 6 13 8 9 -8 -9 -10 -11 -12 -13 -14 -15
leaf_value=-0.028572839972576487 0.00034350762814435717 -0.0077981464164770444 0.0084612325406413797 -0.013860160683655269 0.0021912009047009499 -0.0036956614574250885 0.016973652826492488 0.004945388723478287 0.0055318665494079565 0.00034130032371624072 -0.019592051480403151 0 0.01212996211470658 -0.0088690295677548124
leaf_weight=727.08626352250576 22948.066188275814 11725.978044122458 13661.04579025507 5644.1098131239414 5322.4415184855461 17550.127572983503 1781.1419671922922 3439.6676963418722 16798.01457375288 2909.8985053449869 2043.8977763056755 607.42120660841465 3176.3784690201283 1768.4731358885765
leaf_count=3931 97656 47385 73965 24326 25244 70814 11926 16103 80315 12220 9942 2448 19711 7490
internal_value=3.1958e-05 -0.00723749 0.0046874 -0.0152666 0.00267509 -0.00473844 0.00992276 0.000947287 0.00473213 -0.00311869 -0.0220644 -0.0074159 0.00916369 -0.012691
internal_weight=110104 42977 67126.8 10183.6 48508.2 32793.4 18618.6 26387.7 22120.5 20460 2770.98 12333.4 16837.4 7412.58
internal_count=503476 178556 324920 45689 219318 132867 105602 113759 105559 83034 13873 49833 93676 31816
is_linear=0
shrinkage=0.03


Tree=50
num_leaves=14
num_cat=0
split_feature=0 0 2 0 0 4 4 2 2 0 0 0 0
split_gain=379.569 63.4172 29.2531 17.6394 12.6903 8.50141 6.58964 5.02821 4.47186 4.73269 2.75215 1.82322 1.29625
threshold=0.36943018759029495 0.19716013279139302 0.37500000000000006 0.024058370722591319 0.89315802428431801 1.0000000180025095e-35 1.0000000180025095e-35 1.0000000180025095e-35 0.37500000000000006 0.21419777748509319 0.6780383461259557 0.27402693622948765 1.2871131840604353
decision_type=10 10 10 10 10 2 2 10 10 10 10 10 10
left_child=1 2 5 -4 6 -1 10 -8 11 -10 -2 -3 -6
right_child=4 8 3 -5 12 -7 7 -9 9 -11 -12 -13 -14
leaf_value=-0.00072255957835932691 0.00330606642306757 0.0019765812318717191 -0.0014474984076821953 -0.00023602469862387207 0.0068693235964843195 0.00034483139011990711 0.0085886500978074425 0.0053436572798941798 0.0033775755270041732 0.00096153821715049285 0.0057655019091535035 0.0035871968687126465 0.0092840299131172321
leaf_weight=10151.323298245668 2390.3373655378819 1739.5769785791636 46381.261543810368 14273.586568370461 1219.2546021938324 19779.385335579515 589.88664911687374 4308.4673880040646 871.22746209800243 5480.6414071768522 637.93430742621422 1418.8676169812679 740.16994461417198
leaf_count=46488 11199 8025 211395 64307 6161 90087 2904 20625 3952 25101 3074 6605 3986
internal_value=1.3889e-05 -0.000539639 -0.000784815 -0.00116348 0.00561928 -1.53023e-05 0.00505 0.00576336 0.00178772 0.00130714 0.00386119 0.00272809 0.00785445
internal_weight=109982 100096 90585.6 60654.8 9886.05 29930.7 7926.63 4898.35 9510.31 6351.87 3028.27 3158.44 1959.42
internal_count=503909 455960 412277 275702 47949 136575 37802 23529 43683 29053 14273 14630 10147
is_linear=0
shrinkage=0.03


Tree=51
num_leaves=15
num_cat=0
split_feature=5 5 5 5 5 5 4 4 5 5 5 5 5 5
split_gain=1445.84 346.61 237.335 220.372 119.152 52.6374 48.9618 45.4066 31.8448 29.8703 27.175 13.6755 8.58868 6.87729
threshold=0.0036378390162737817 -0.0016921238846092895 0.0022523875670661876 0.0075114093388752188 -0.0078969844605491727 0.0011008852706711101 1.0000000180025095e-35 1.0000000180025095e-35 0.0059618215609389723 0.016645297266179616 -0.0041947803171940743 0.0029687324682097266 0.028179195812013228 -0.014720823662419906
decision_type=8 10 10 8 10 10 2 2 10 8 10 10 8 10
left_child=1 4 5 7 13 -3 12 -2 -9 -8 -6 -4 -5 -1
right_child=3 2 11 6 10 -7 9 8 -10 -11 -12 -13 -14 -15
leaf_value=0.016355822469159818 0.0025306844629580834 -0.003777449775461576 0.00032939460810931643 0.0072216337122467181 0.0046440040326429077 -0.0018691163126877504 0.012219274183295822 0.0051915684968781 0.0093072880508022291 0.019026511004731572 0.0011501713661567459 0.0022530098514612204 0.01678640821095246 0.010118733169087983
leaf_weight=292.54209578037262 4632.8729828596115 43884.670510202646 8214.0782845765352 2010.6247639656067 2644.1906686574221 18749.045127034187 3654.390904635191 7467.9104433655739 2288.4417152702808 786.18531194329262 8554.836190611124 5687.8749238699675 96.504870176315308 952.85124750435352
leaf_count=2028 23087 188708 35837 12137 14317 79793 21703 36135 12337 5321 39961 25610 679 5976
internal_value=3.73619e-06 -0.00166488 -0.00242034 0.0070955 0.00297471 -0.00320755 0.0116634 0.0050061 0.00617163 0.013478 0.00198386 0.00112179 0.00776525 0.0117502
internal_weight=109917 88980.1 76535.7 20936.9 12444.4 62633.7 6547.71 14389.2 9756.35 4440.58 11199 13902 2107.13 1245.39
internal_count=503629 392230 329948 111399 62282 268501 39840 71559 48472 27024 54278 61447 12816 8004
is_linear=0
shrinkage=0.03


Tree=52
num_leaves=15
num_cat=0
split_feature=3 3 3 3 3 3 0 3 0 0 0 0 3 5
split_gain=3732.04 1006.27 674.061 208.925 161.507 134.731 114.145 89.396 86.2405 79.1344 73.6174 64.2452 36.5704 33.8378
threshold=0.0011399045415688479 0.0005548494381610187 0.0024478804273382823 0.00028843218189381357 0.00084688774468579897 0.0015276847388896225 -0.29232134790783865 0.0039663377888822056 -0.29680733441950824 -0.26907275543943143 -0.018769461217803648 -0.14944244582445845 0.00016677107435935856 0.0015204537688143563
decision_type=8 10 8 10 10 10 8 8 10 10 10 10 10 10
left_child=1 3 5 12 11 8 -4 -8 -2 -6 -7 -3 -1 -5
right_child=2 4 6 13 9 10 7 -9 -10 -11 -12 -13 -14 -15
leaf_value=-0.028476840527721033 -0.0056108121459386706 -0.0093173298413624372 0.005087975719901534 -0.012861932474005572 -0.0084100562048168431 0.0029638323935681624 0.0093609561437628212 0.014609053669709448 0.001610147567563245 -0.0012992172992937273 0.0063071143379053521 -0.0049334952928458929 -0.019412421146972406 -0.0073378997844788241
leaf_weight=703.08068865537643 1607.1741622239351 3981.0001483857632 3930.0365617275238 7512.3920015692711 1533.601055175066 14576.025087535381 10328.403822690248 4239.7698513865471 18370.202826589346 16796.239567682147 10156.909774050117 13187.099677354097 1591.9818623811007 1269.0894180685282
leaf_count=3866 6804 16062 21789 32452 6228 68319 56626 27350 79418 68827 49232 53164 7944 5322
internal_value=0.000108312 -0.00633415 0.00485656 -0.0142265 -0.00386646 0.00286079 0.00967297 0.0109014 0.00102371 -0.00190169 0.00434121 -0.00595836 -0.0223268 -0.0120797
internal_weight=109783 46574.5 63208.5 11076.5 35497.9 44710.3 18498.2 14568.2 19977.4 18329.8 24732.9 17168.1 2295.06 8781.48
internal_count=503403 193865 309538 49584 144281 203773 105765 83976 86222 75055 117551 69226 11810 37774
is_linear=0
shrinkage=0.03


Tree=53
num_leaves=15
num_cat=0
split_feature=5 5 5 5 5 0 0 0 0 4 5 4 5 0
split_gain=1353.35 292.289 222.928 203.836 98.3528 85.5358 77.856 48.1795 45.0124 37.4175 35.7396 29.7665 14.7435 11.9522
threshold=0.0036378390162737817 -0.0015716032356602294 0.0015204537688143563 0.0075114093388752188 -0.0062259021999955698 0.38099476949555794 -0.30108319618978757 -0.28431904131229663 0.39372827132621108 1.0000000180025095e-35 0.0028784733705354746 1.0000000180025095e-35 -0.0091228675858552825 -0.41367515449904518
decision_type=8 10 10 8 10 10 8 10 10 2 10 2 10 10
left_child=1 4 5 7 12 -3 13 -2 -6 -8 -4 -9 -1 -5
right_child=3 2 10 6 8 -7 9 11 -10 -11 -12 -13 -14 -15
leaf_value=0.01160582398739954 0.0004844705708362141 -0.0037555364622271019 -0.00068175337824275765 -3.5298172039381926e-05 0.0005509844610669352 0.0018450941986436309 0.0089863542028756245 0.0034290797419597755 0.0055610698896907023 0.014555129893921331 0.0018947622567115081 0.0066226386815122608 0.0060582589295630563 0.006343305110871349
leaf_weight=904.65507172048092 1954.1034906804562 47903.138171106577 18417.349953562021 425.97108733654022 9433.781789034605 2566.257571965456 1745.5924269855022 4031.5790565162897 1947.6094253212214 3663.972772538662 6563.8382366895676 8336.9006477445364 1042.7799453437328 615.01920196413994
leaf_count=6043 9952 205612 79262 2538 44976 11158 10798 20103 9324 22708 29536 41452 6103 3697
internal_value=1.42362e-05 -0.00159828 -0.00232218 0.00690607 0.00249371 -0.00346926 0.0113397 0.00489856 0.00141772 0.0127891 -1.88256e-06 0.00559014 0.00871208 0.0037006
internal_weight=109553 88779.4 75450.6 20773.1 13328.8 50469.4 6450.56 14322.6 11381.4 5409.57 24981.2 12368.5 1947.44 1040.99
internal_count=503262 392014 325568 111248 66446 216770 39741 71507 54300 33506 108798 61555 12146 6235
is_linear=0
shrinkage=0.03


Tree=54
num_leaves=15
num_cat=0
split_feature=5 5 5 5 5 0 0 0 5 0 5 0 5 0
split_gain=1207.28 318.696 258.098 141.706 111.489 86.0689 78.3081 59.7159 55.088 49.0646 20.3678 13.0478 12.9054 12.2555
threshold=0.0029687324682097266 -0.0013995895052390038 0.0059618215609389723 0.0011008852706711101 -0.0069433849341747683 0.31591331434135556 -0.30553038146419254 0.4218304113410411 0.010403335532246556 -0.24009675444035158 0.0022523875670661876 -0.090443576547052137 -0.01111118770675563 -0.41367515449904518
decision_type=8 10 8 10 10 10 8 10 8 10 10 10 10 10
left_child=1 4 9 5 12 -3 13 -6 -8 -2 -5 -11 -1 -4
right_child=2 3 6 10 7 -7 8 -9 -10 11 -12 -13 -14 -15
leaf_value=0.013672987115338752 -0.00012691561448508501 -0.0040853067075431381 -0.00029630954095636805 -0.0014555393854988139 0.00048417652108481539 0.0012146159321944423 0.0088253141258942992 0.0060898817603193814 0.014118122817794281 0.0026714798571361689 0.00033111483151360984 0.0047315927509905082 0.0075161212796024017 0.0052303404128710828
leaf_weight=559.92279380559921 2985.2254269123077 38550.6915230304 587.02497151494026 18727.973668292165 11117.198915496469 2947.4354030638933 5540.7548372745514 2018.9451474994421 2776.9340454488993 4227.8394639641047 8204.6031084656715 9403.4051585644484 988.26967960596085 849.86027845740318
leaf_count=3870 14512 165728 3426 79755 52719 12793 31240 9711 18338 20237 35815 44113 6055 4973
internal_value=2.77699e-05 -0.00174622 0.00561977 -0.00260713 0.00226068 -0.00370723 0.00949492 0.00135428 0.0106144 0.00333694 -0.000909114 0.00409946 0.00985479 0.00294457
internal_weight=109486 83115 26371 68430.7 14684.3 41498.1 9754.57 13136.1 8317.69 16616.5 26932.6 13631.2 1548.19 1436.89
internal_count=503285 366446 136839 294091 72355 178521 57977 62430 49578 78862 115570 64350 9925 8399
is_linear=0
shrinkage=0.03


Tree=55
num_leaves=15
num_cat=0
split_feature=3 3 3 3 3 3 3 5 5 3 5 5 3 3
split_gain=3373.93 789.173 760.549 165.759 148.598 136.825 119.267 52.6849 45.3194 34.4163 33.5007 32.7109 25.0643 21.4368
threshold=0.00099438790827566237 0.0004655603122986178 0.0022891964707359067 0.0014181762062849832 0.00067994728334684932 0.00026387709959076666 0.0049591134963881097 0.0054712011911561007 -0.0009839829200537669 0.0029250039279950265 0.002752669949704615 0.0035794908720242495 0.00016677107435935856 0.0074694678430955114
decision_type=8 10 8 10 10 10 8 10 10 10 10 10 10 8
left_child=1 5 3 7 10 12 9 -2 -5 -4 -3 -6 -1 -8
right_child=2 4 6 8 11 -7 13 -9 -10 -11 -12 -13 -14 -15
leaf_value=-0.028321105187785828 -0.00025545373757995582 -0.008380674262802314 0.0062873578157591455 0.00098009573497078394 -0.0039069521946427802 -0.013703150733225368 0.012402086867689234 0.0078853429729347987 0.0040565157430607944 0.0089674415452266933 0.00034650919982485778 0.0017201239450025259 -0.019986661647326338 0.018576868878601993
leaf_weight=703.15933540463448 23198.349987000227 10178.44731631875 8772.3928543329239 5478.6354265064001 18901.503826588392 5337.8036011755466 2090.4259968698025 728.22795690596104 21323.195677816868 9313.3645022064447 397.34972128272057 957.21747994422913 1156.2232578843832 837.21293054521084
leaf_count=3940 97670 41807 45576 25603 76052 23846 13932 3478 99630 54215 1597 4034 5935 5875
internal_value=-1.45569e-05 -0.00728914 0.00380093 0.00181067 -0.00517031 -0.0162211 0.00859961 -1.98354e-06 0.00343049 0.00767499 -0.00804709 -0.00363197 -0.0233052 0.0142455
internal_weight=109374 37631.7 71741.8 50728.4 30434.5 7197.19 21013.4 23926.6 26801.8 18085.8 10575.8 19858.7 1859.38 2927.64
internal_count=503190 157211 345979 226381 123490 33721 119598 101148 125233 99791 43404 80086 9875 19807
is_linear=0
shrinkage=0.03


Tree=56
num_leaves=15
num_cat=0
split_feature=5 5 5 5 5 0 4 0 5 4 0 0 0 0
split_gain=1108.66 246.184 186.259 154.138 129.671 72.3245 43.6838 43.0648 40.4736 39.9248 26.4516 9.05304 8.26793 7.27528
threshold=0.0039408045054141489 -0.0041947803171940743 0.0022523875670661876 0.0075114093388752188 -0.0009839829200537669 -0.32508558788788539 1.0000000180025095e-35 -0.28808680390514602 -0.0078969844605491727 1.0000000180025095e-35 -0.26907275543943143 0.6780383461259557 -0.43937507724137975 -0.42572216630227783
decision_type=8 10 10 8 10 8 2 10 10 2 10 10 10 10
left_child=1 8 4 7 -3 12 -7 13 -1 -9 -4 -10 -5 -2
right_child=3 2 10 5 -6 6 -8 9 11 -11 -12 -13 -14 -15
leaf_value=0.010622037531645879 -0.0032841531416798273 0.00012461148597425458 -0.0019396543949191233 -0.001098189782860801 -0.0030153928701995769 0.0077517556827772678 0.013668779163880811 0.0026816509830035239 0.0031302624567415057 0.0066794419672587023 0.0017029034094777865 0.0083185860806069857 0.0046957110076403961 0.0013064347850227666
leaf_weight=1205.7425222545862 403.66229750216007 14960.853710204363 2036.6271416097879 340.28346073627472 56004.766700521111 1772.2658964842558 3689.0573201179504 3398.0000729262829 2264.374483525753 7130.5034697204828 13906.569462046027 370.07612444460392 544.87902538478374 1226.0283777117729
leaf_count=8018 2108 68002 9402 2041 240267 11144 23317 17256 12449 36135 61765 1994 3296 6302
internal_value=0 -0.0013649 -0.00169413 0.00669026 -0.00235265 0.0104866 0.0117773 0.00469666 0.00605547 0.00539865 0.00123291 0.00391049 0.00241395 0.000119693
internal_weight=109254 90749 86908.8 18504.7 70965.6 6346.49 5461.32 12158.2 3840.19 10528.5 15943.2 2634.45 885.162 1629.69
internal_count=503496 401897 379436 101599 308269 39798 34461 61801 22461 53391 71167 14443 5337 8410
is_linear=0
shrinkage=0.03


Tree=57
num_leaves=15
num_cat=0
split_feature=3 3 3 3 3 3 3 3 3 5 5 5 5 3
split_gain=3207.74 929.827 557.535 238.503 104.176 102.46 78.2122 55.2434 48.9526 43.1194 36.624 34.8854 33.7413 13.6653
threshold=0.00085449821525481211 0.0016713610681479681 0.00043986790339815287 0.0034160107240514335 0.0011896351784609204 0.00023576616064718205 0.00064599688257697713 0.0059290852289564317 0.0024985033181611446 0.0055844194675279289 0.0033589675851062942 0.0058280157274403369 0.0021488532389123288 0.00011683152952991526
decision_type=8 8 10 8 10 10 10 8 10 10 10 10 10 10
left_child=2 4 5 8 11 13 12 -5 -3 -6 -8 -2 -4 -1
right_child=1 3 6 7 9 -7 10 -9 -10 -11 -12 -13 -14 -15
leaf_value=-0.030044885986977046 -0.0016142865136501874 0.0043662556937743759 -0.0090680944845134941 0.009720818995066249 0.0011171079248381698 -0.014419749269865723 -0.0052401401558755866 0.015935564180613711 0.0070478047255040609 0.0067330897548392478 0.0027189067560396251 0.011647338451376013 -0.0025653077868368814 -0.021357508405605595
leaf_weight=359.72145040333271 20529.662778019905 19687.923914462328 8727.5880291312933 6504.8300465643406 21384.917156100273 4805.7402859181166 12383.787113130093 1697.6211661249399 9148.9514761269093 1302.4610537290573 527.15726093947887 169.1773836761713 821.69822134077549 1062.9031189084053
leaf_count=2051 84299 95815 36250 40040 92948 21916 49745 11944 49510 6518 2176 782 3322 5809
internal_value=-4.97656e-05 0.00302187 -0.00866091 0.00651235 3.9805e-05 -0.0166044 -0.00644905 0.0110322 0.00522125 0.00144498 -0.00490867 -0.00149743 -0.00851809 -0.0237904
internal_weight=109114 80425.5 28688.6 37039.3 43386.2 6228.36 22460.2 8202.45 28836.9 22687.4 12910.9 20698.8 9549.29 1422.62
internal_count=503125 381856 121269 197309 184547 29776 91493 51984 145325 99466 51921 85081 39572 7860
is_linear=0
shrinkage=0.03


Tree=58
num_leaves=15
num_cat=0
split_feature=3 3 3 3 3 0 0 3 0 3 0 0 0 3
split_gain=3062.29 777.774 614.466 181.469 112.264 107.406 107.152 96.1199 71.2029 66.3741 50.2101 48.8426 37.0979 16.2382
threshold=0.00091553758183144317 0.0022891964707359067 0.00043986790339815287 0.0014674221302543669 0.00064599688257697713 -0.27635310156453896 -0.15836436539901796 0.00023576616064718205 -0.1279982032865751 0.0036010223690770777 -0.13225284209866353 -0.42572216630227783 -0.16052094219190513 0.00011683152952991526
decision_type=8 8 10 10 10 10 8 10 10 8 10 10 10 10
left_child=2 3 7 5 12 -2 11 13 -5 -8 -6 -3 -4 -1
right_child=1 6 4 8 10 -7 9 -9 -10 -11 -12 -13 -14 -15
leaf_value=-0.030030798218646643 -0.0057241449682680157 0.00057399358463609915 -0.012145571165048847 0.0012710778953100861 -0.0069661720702700047 0.00042942400543476036 0.00845482093567935 -0.014150891458530501 0.0046038478124875871 0.0132887035794242 -0.0032490836817854083 0.0066387293893458181 -0.007371380941407892 -0.020776914827257142
leaf_weight=345.50196562707424 2794.2126971781254 1461.7444779276848 1919.553519770503 9445.7364693135023 4536.7538204789162 28416.193144485354 8193.7272880971432 4781.648728877306 15094.253964498639 3906.6336873918772 12304.047994017601 7192.5325898230076 7601.4904005378485 1047.8125773519278
leaf_count=2003 11606 8147 8000 43593 18234 119995 45154 21914 71998 25810 49528 40336 31515 5793
internal_value=-3.58129e-05 0.00324224 -0.0077441 0.00139475 -0.00574118 -0.000121229 0.00819896 -0.0162621 0.00332451 0.0100301 -0.00425753 0.00562314 -0.00835194 -0.023312
internal_weight=109042 76505 32536.8 55750.4 26361.8 31210.4 20754.6 6174.96 24540 12100.4 16840.8 8654.28 9521.04 1393.31
internal_count=503626 366639 136987 247192 107277 131601 119447 29710 115591 70964 67762 48483 39515 7796
is_linear=0
shrinkage=0.03


Tree=59
num_leaves=15
num_cat=0
split_feature=5 5 5 5 0 0 0 5 4 4 5 0 0 4
split_gain=977.551 197.686 179.151 105.953 120.506 62.7264 56.6245 47.8833 36.023 35.2491 18.5426 15.3366 14.3456 11.0703
threshold=0.0034144552768843768 -0.0033359695376327077 0.0075114093388752188 0.0015204537688143563 0.38099476949555794 -0.29680733441950824 -0.24326890097919793 -0.0091228675858552825 1.0000000180025095e-35 1.0000000180025095e-35 0.0022865315008006363 0.76849061314404976 -0.49593261342957029 1.0000000180025095e-35
decision_type=8 10 8 10 10 8 10 10 2 2 10 10 10 2
left_child=1 7 6 4 -3 13 12 -1 -7 -8 -5 -9 -2 -4
right_child=2 3 5 10 -6 8 9 11 -10 -11 -12 -13 -14 -15
leaf_value=0.010662323218815679 -0.007425206200258736 -0.0028253038363933694 -0.001110774873551467 -0.00092363184546085276 0.0027580387713885359 0.0075443585340547797 0.0025004778082524846 0.002266891321101216 0.013080476351984303 0.0058881630817044497 0.00076923102041623857 0.0080613392469675547 0.00075466758371530991 0.0052903338526088762
leaf_weight=853.48542362451553 197.21194165945053 54311.555972710252 342.28470724821091 11550.540032312274 3698.5207970738411 1683.7974371016026 4179.952884927392 4044.0670550465584 3511.7005199864507 8751.9229075312614 11712.155235037208 463.37219025194645 2733.3251502662897 707.98692022264004
leaf_count=5950 1026 236038 2083 49431 16440 10760 20848 21822 22604 43555 51773 2492 13901 4348
internal_value=2.31449e-05 -0.00141331 0.00565288 -0.00178202 -0.00246788 0.0099606 0.00394774 0.00415811 0.0113158 0.00480058 -6.87775e-05 0.00289238 0.000160415 0.00315682
internal_weight=108742 86633.7 22108.2 81272.8 58010.1 6245.77 15862.4 5360.92 5195.5 12931.9 23262.7 4507.44 2930.54 1050.27
internal_count=503071 383946 119125 353682 252478 39795 79330 30264 33364 64403 101204 24314 14927 6431
is_linear=0
shrinkage=0.03


Tree=60
num_leaves=15
num_cat=0
split_feature=5 5 5 5 5 0 0 0 0 5 5 0 5 0
split_gain=896.618 191.685 176.089 144.991 85.1637 63.0681 61.4249 55.9341 49.6207 27.8362 24.7542 21.3217 18.8194 11.3568
threshold=0.0036378390162737817 -0.0013995895052390038 0.0015204537688143563 0.0082455778419989936 -0.0069433849341747683 0.28146430705119424 -0.32508558788788539 0.4706710966907563 -0.076189951307248524 0.0028784733705354746 0.015181761018711685 -0.42572216630227783 0.0049559246681839184 0.6419849174143577
decision_type=8 10 10 8 10 10 8 10 10 10 8 10 10 10
left_child=1 4 5 8 13 -3 -5 -6 11 -4 -8 -2 -10 -1
right_child=3 2 9 6 7 -7 10 -9 12 -11 -12 -13 -14 -15
leaf_value=0.007005233940416699 -0.0035762230901456847 -0.0032907981492916066 -0.00046792233757259993 0.0019192074175731042 0.0002779576796890049 0.00061462947397230184 0.0099199943939654034 0.0060699339181560681 0.0042415266190124314 0.0018116650774982924 0.015315102099353493 0.0027752488548183824 0.0072045721740035262 0.013797213838431431
leaf_weight=1181.6695504188538 496.88041627407074 44983.671988710761 18408.087583750486 744.46083573997021 11344.374866619706 4026.1517356932163 3287.945682823658 1724.5409963577986 3970.9060985296965 6515.0674178600311 1146.6825509220362 6474.1318051964045 4199.4942719489336 321.80961664021015
leaf_count=7876 2605 193709 79400 4579 54076 17518 20861 8406 18851 29467 8344 33453 22495 2100
internal_value=0 -0.00130453 -0.00192474 0.00568178 0.00183718 -0.00296868 0.0100207 0.0010509 0.00418806 0.000126057 0.0113599 0.00230946 0.00577878 0.00858021
internal_weight=108826 88505.4 73933 20320.5 14572.4 49009.8 5179.09 13068.9 15141.4 24923.2 4434.63 6971.01 8170.4 1503.48
internal_count=503740 392552 320094 111188 72458 211227 33784 62482 77404 108867 29205 36058 41346 9976
is_linear=0
shrinkage=0.03


Tree=61
num_leaves=15
num_cat=0
split_feature=3 3 3 3 3 0 3 0 0 3 3 0 0 3
split_gain=2725.45 700.196 578.203 215.582 111.733 110.538 104.161 98.7459 80.8645 59.0626 39.0143 32.8928 31.767 18.6306
threshold=0.00090780884038465799 0.0024985033181611446 0.00043986790339815287 0.0013612276190944465 0.00064599688257697713 -0.25560418471316237 0.00020424142896018367 -0.15836436539901796 -0.14318882985876438 0.0062965774271388011 0.0049591134963881097 -0.04676396984340158 -0.038274404716814418 0.00031024040793541568
decision_type=8 8 10 10 10 10 10 8 10 8 10 10 10 10
left_child=2 3 6 8 11 -5 -1 10 -2 -9 -3 -4 -6 -8
right_child=1 7 4 5 12 -7 13 9 -10 -11 -12 -13 -14 -15
leaf_value=-0.024531299301355652 -0.0031454738934420844 0.0046541797580111205 -0.010042084597366321 -0.00076878532787577614 -0.0053092523027314098 0.0038945578735185655 -0.016744970133487629 0.0096630338112383383 0.00052634574290903757 0.018638621058964626 0.01043083008993189 -0.0063928184748771426 -0.0026336138561646695 -0.012455814966813512
leaf_weight=1020.0068407803774 7503.4338355213404 5994.16862629354 4160.9960121363401 5458.6933883279562 7695.7454552650452 27503.025218427181 1599.7808549106121 9077.1990618780255 19108.398657768965 734.99410354346037 1310.5872575938702 5336.5964049547911 8661.5806880146265 3517.7832733243704
leaf_count=5871 31025 33127 17389 25099 30940 130447 8009 54091 80204 5523 8817 22128 34886 15914
internal_value=-3.04338e-05 0.00303742 -0.00738503 0.00149901 -0.00541253 0.00312046 -0.0156622 0.00838415 -0.000507494 0.0103598 0.00571165 -0.00800679 -0.00389858 -0.0138384
internal_weight=108683 76690.5 31992.5 59573.6 25854.9 32961.7 6137.57 17116.9 26611.8 9812.19 7304.76 9497.59 16357.3 5117.56
internal_count=503470 368333 135137 266775 105343 155546 29794 101558 111229 59614 41944 39517 65826 23923
is_linear=0
shrinkage=0.03


Tree=62
num_leaves=15
num_cat=0
split_feature=0 0 0 2 0 4 0 0 0 0 0 4 2 0
split_gain=251.53 46.8386 20.7976 18.01 16.4909 15.3404 6.05324 4.00744 4.71027 4.48067 2.94681 2.54519 0.787586 0.117808
threshold=0.19716013279139302 0.4706710966907563 -0.40358146368691888 0.37500000000000006 0.042396915536002673 1.0000000180025095e-35 0.89315802428431801 0.36943018759029495 0.21419777748509319 0.45242520815413817 -0.47348663310134564 1.0000000180025095e-35 0.87500000000000011 0.82047527348591809
decision_type=10 10 10 10 10 2 10 10 10 10 10 2 10 10
left_child=2 7 10 5 -5 -4 13 8 -2 -9 11 -1 -12 -3
right_child=1 6 3 4 -6 -7 -8 9 -10 -11 12 -13 -14 -15
leaf_value=-0.0060151880346004036 0.0034077510623704843 0.0046475402638695568 -0.00091839910463603809 -0.0011342596015009444 0.00010534944151001793 0.00055416749697649375 0.006699180587652215 0.0035160588622080006 0.0014209749571478171 6.0612497450351685e-05 -0.0018282310515216776 -0.0030029559449492819 -0.004339949667261647 0.0031494984326755869
leaf_weight=443.52233902364969 1308.5218800902367 4395.5479426160455 9644.4082747548819 45475.106120057404 12150.924771092832 18663.450470075011 1882.3577537834644 2492.629254899919 8049.4178501144052 431.94736380875111 1885.4257857501507 1089.849090911448 162.60625225305557 406.85826645046473
leaf_count=2246 6031 21622 44558 208393 55477 85773 10121 11880 37542 2084 9226 5524 796 2068
internal_value=2.60253e-06 0.00314042 -0.000661873 -0.000567453 -0.000871864 5.02022e-05 0.00516599 0.00202982 0.00170853 0.0030281 -0.00290282 -0.00394644 -0.00207693 0.0045399
internal_weight=108483 18967.3 89515.3 85933.9 57626 28307.9 6684.76 12282.5 9357.94 2924.58 3581.4 1533.37 2048.03 4802.41
internal_count=503341 91348 411993 394201 263870 130331 33811 57537 43573 13964 17792 7770 10022 23690
is_linear=0
shrinkage=0.03


Tree=63
num_leaves=15
num_cat=0
split_feature=3 3 3 3 3 3 3 3 3 3 1 3 3 3
split_gain=2614.55 798.833 446.861 152.631 128.588 94.2298 73.3623 26.5267 19.5868 19.1761 18.5181 16.7176 13.3559 10.1626
threshold=0.0011399045415688479 0.00053393972403417472 0.0024985033181611446 0.00028843218189381357 0.00075358048531563382 0.0016713610681479681 0.0059290852289564317 0.00011683152952991526 0.00088473381812976431 0.0039663377888822056 1.0000000180025095e-35 0.00043986790339815287 0.00067175226576378529 0.010962480727594684
decision_type=8 10 8 10 10 10 8 10 10 10 2 10 10 8
left_child=1 3 5 7 12 10 9 -1 -6 -4 -2 -5 -3 -8
right_child=2 4 6 11 8 -7 13 -9 -10 -11 -12 -13 -14 -15
leaf_value=-0.028569471209600468 0.0035792048637320775 -0.006747380690715633 0.0068207951894856868 -0.012439795345496472 -0.0032977919614004141 0.0039715597156818562 0.012845580740268795 -0.018354533798701049 -0.0014890042210339779 0.0093970454062966176 0.00092301242922684034 -0.0094200787742316789 -0.004649269930755014 0.020405114362687764
leaf_weight=334.21709807217121 2651.2992951869965 7218.4168191403151 11733.644438266754 3929.0517476499081 8354.9179643839598 19592.885594859719 1379.0040685236454 1839.9149255156517 15873.326482713223 3698.3529747277498 22932.863425552845 3760.5727009177208 5031.3467766046524 257.99764180928469
leaf_count=2005 11849 29547 65985 17947 33590 95947 9967 9867 65114 23801 99984 16026 20238 1946
internal_value=-4.54938e-05 -0.00544048 0.00397031 -0.0130131 -0.00338817 0.00240502 0.00810584 -0.0200759 -0.00211633 0.00744778 0.00120191 -0.010985 -0.00589501 0.0141901
internal_weight=108588 46341.8 62246 9863.76 36478 45177 17069 2174.13 24228.2 15432 25584.2 7689.62 12249.8 1637
internal_count=503813 194334 309479 45845 148489 207780 101699 11872 98704 89786 111833 33973 49785 11913
is_linear=0
shrinkage=0.03


Tree=64
num_leaves=15
num_cat=0
split_feature=3 3 3 3 3 0 0 3 0 3 0 5 3 3
split_gain=2424.52 733.408 467.921 153.134 140.211 111.985 82.3299 73.4796 68.7814 60.6009 48.1151 46.383 32.4321 27.9891
threshold=0.0011565822618161334 0.00051267016105537564 0.0024985033181611446 0.00023576616064718205 0.00078513948528442226 -0.0092349311583340681 -0.34176014131304233 0.0039663377888822056 -0.26570397604443846 0.0016962323924409929 -0.14944244582445845 0.0050525647102978967 0.00039893720761813577 0.0059290852289564317
decision_type=8 10 8 10 10 10 8 8 10 10 10 10 10 10
left_child=1 3 5 -1 10 9 13 -8 -6 -2 -3 -7 -5 -4
right_child=2 4 6 12 8 11 7 -9 -10 -11 -12 -13 -14 -15
leaf_value=-0.022249628359322249 -0.00015327737689838336 -0.0086454671999407311 0.0020877006891155681 -0.013373035711298005 -0.007121517412345086 0.003487046731949012 0.0076911565125391892 0.012435136093680136 -0.0012763027761437216 0.0027570134999743653 -0.0045646658106646117 0.0075571283468323074 -0.0092425060228339441 0.011322788589059978
leaf_weight=1334.7312159836292 14757.618760794401 3424.5274049788713 2314.6265024989843 3383.7103514075279 1979.2924748808146 14877.425471991301 10044.055198848248 4315.0243477970362 21236.262164980173 11363.655687049031 11746.709986940026 3082.9699005186558 4113.0054849684238 336.14458075165749
leaf_count=7766 63884 13977 12836 16032 8010 67799 57115 29625 86798 54898 47714 16767 17918 2248
internal_value=5.62229e-05 -0.0050481 0.00400257 -0.0128408 -0.00325084 0.00236872 0.00822933 0.0091286 -0.00178008 0.00111107 -0.00549484 0.00419285 -0.0111302 0.00331951
internal_weight=108310 47218.2 61091.5 8831.45 38386.8 44081.7 17009.9 14359.1 23215.6 26121.3 15171.2 17960.4 7496.72 2650.77
internal_count=503387 198215 305172 41716 156499 203348 101824 86740 94808 118782 61691 84566 33950 15084
is_linear=0
shrinkage=0.03


Tree=65
num_leaves=15
num_cat=0
split_feature=3 3 3 3 3 3 0 0 3 0 0 0 3 0
split_gain=2262.09 581.898 486.88 138.572 115.6 101.751 93.5528 77.9312 65.4475 59.6619 40.0107 25.2699 23.3965 16.8299
threshold=0.00092334361248895211 0.0022891964707359067 0.0004655603122986178 0.0014569073784008381 0.00020424142896018367 0.0053570430989845754 -0.34176014131304233 -0.24009675444035158 0.00067175226576378529 -0.21444184123456581 -0.14318882985876438 0.22618195997102755 0.00031024040793541568 -0.099084642478137461
decision_type=8 8 10 10 10 8 10 10 10 10 10 10 10 8
left_child=2 3 4 7 -1 6 -3 -2 11 -5 -10 -4 -6 -7
right_child=1 5 8 9 12 13 -8 -9 10 -11 -12 -13 -14 -15
leaf_value=-0.023282916709862704 -0.0040792138568205979 0.0010763825392426287 -0.0072230516715459086 0.00017940767759100135 -0.015353931348989464 0.010627455703641722 0.0073068048712939771 0.00045762892766987377 -0.0061098783882126487 0.0036954430856168145 -0.0026079901127970392 -0.0027586472473543995 -0.010806425915014812 0.016457918573624403
leaf_weight=983.21940295398235 3903.4628314971924 2552.3224446773529 8623.7541576474905 5665.0549990981817 1564.8374471366405 1204.8306542113423 15525.261198416352 26306.636697947979 3971.8643044382334 19150.911240190268 11841.76665610075 1387.4566298723221 4364.1879934966564 976.37712302058935
leaf_count=5885 16193 13865 35795 26053 8011 8452 89395 111238 15960 91380 47667 5689 19803 7420
internal_value=-2.50706e-05 0.00283713 -0.0066079 0.00123493 -0.0136797 0.00718323 0.00643155 -0.000127749 -0.00470818 0.00289561 -0.00349465 -0.00661369 -0.0120406 0.0133279
internal_weight=108022 75284.9 32737.1 55026.1 6912.24 20258.8 18077.6 30210.1 25824.8 24816 15813.6 10011.2 5929.03 2181.21
internal_count=502806 363996 138810 244864 33699 119132 103260 127431 105111 117433 63627 41484 27814 15872
is_linear=0
shrinkage=0.03


Tree=66
num_leaves=15
num_cat=0
split_feature=5 5 5 0 0 5 0 4 5 4 0 5 4 4
split_gain=679.214 161.599 119.893 80.9494 69.6018 69.0991 44.9868 34.1692 24.1478 21.9909 18.4452 16.449 7.69827 4.36929
threshold=0.0032032010495026959 0.0060969776988657309 -0.0052305660716724595 0.30711960369821417 -0.10514492856702561 0.0015204537688143563 -0.090443576547052137 1.0000000180025095e-35 0.00054491995842993388 1.0000000180025095e-35 -0.38421871537286806 -0.014720823662419906 1.0000000180025095e-35 1.0000000180025095e-35
decision_type=8 8 10 10 8 10 10 2 10 2 10 10 2 2
left_child=2 6 11 5 10 -4 9 -6 -5 -2 -3 -1 -8 -13
right_child=1 4 3 8 7 -7 12 -9 -10 -11 -12 13 -14 -15
leaf_value=0.01227588257551852 -0.0017847781644738569 7.9589336514604038e-05 -0.0023072852486497736 0.0027536382428768155 0.0060218146710979579 -0.00023634718773428952 0.0025751348580100256 0.011511997472018322 -0.00080841496652429552 0.0019179646153557471 0.0055236845790845642 0.0024840555090343895 0.0046512077860149225 0.0053736251682290313
leaf_weight=262.34181267023087 2168.5297497808933 717.38816155493259 54647.228257864714 4888.0796941369772 1539.4016352966428 19830.97485178709 2533.0723767727613 3691.8910180553794 2594.4493253827095 4221.6667909175158 2977.5444502010942 919.42037612944841 5671.0367280840874 1355.9370151534677
leaf_count=2048 10635 4299 240377 22342 9688 86198 12309 23308 11281 20953 18670 5635 27316 8511
internal_value=-2.20463e-06 0.00450508 -0.00125792 -0.00145756 0.0076863 -0.00175678 0.00255133 0.00992243 0.00151111 0.000651229 0.00448595 0.0051466 0.00402143 0.00424825
internal_weight=108019 23520.5 84498.4 81960.7 8926.23 74478.2 14594.3 5231.29 7482.53 6390.2 3694.93 2537.7 8204.11 2275.36
internal_count=503570 127178 376392 360198 55965 326575 71213 32996 33623 31588 22969 16194 39625 14146
is_linear=0
shrinkage=0.03


Tree=67
num_leaves=15
num_cat=0
split_feature=5 0 5 5 5 0 0 5 0 5 5 5 0 5
split_gain=682.342 117.528 104.895 101.958 100.296 56.0694 37.4488 34.6422 33.1757 21.4805 18.5006 14.0725 8.53704 7.82263
threshold=0.0040747012108042283 0.31591331434135556 0.0015204537688143563 -0.0013995895052390038 0.0082455778419989936 -0.30553038146419254 -0.28808680390514602 -0.000411924652199066 -0.11543876114500233 -0.0091228675858552825 0.016645297266179616 0.0059618215609389723 -0.42572216630227783 0.0027095450206876758
decision_type=8 10 10 10 8 8 10 10 10 10 8 10 10 10
left_child=1 2 3 -1 8 -6 -4 9 12 -3 -7 -10 -2 -9
right_child=4 7 6 -5 5 10 -8 13 11 -11 -12 -13 -14 -15
leaf_value=0.00045885528481238422 -0.0018801373379535554 0.011413172249636909 -0.0029732034739716044 -0.0027384053101891298 0.0018338538445778919 0.0093784231494092197 0.00062253645226650065 -0.0004359466715015584 0.0042719873026220642 0.0034683188639761664 0.014681482652150826 0.0071320930160244499 0.0024444052841112065 0.00250591611519612
leaf_weight=11153.969449870288 430.13905562460423 332.41606548428535 2932.7555921971798 45276.945894569159 830.33570383489132 3358.1707392260432 22676.90182569623 3164.8367884755135 4750.3909897357225 4200.1622691899538 835.16696181893349 2538.1436660438776 4370.0711176395416 1076.2409003525972
leaf_count=55388 2288 2413 13350 196008 5215 22113 99845 13818 23779 20133 6461 14476 23224 4804
internal_value=5.72016e-06 -0.00102934 -0.00138277 -0.00210541 0.00549961 0.00907041 0.000207419 0.00226651 0.00400447 0.00408804 0.0104813 0.00528461 0.00204131 0.000300622
internal_weight=107927 90814.2 82040.6 56430.9 17112.4 5023.67 25609.7 8773.66 12088.7 4532.58 4193.34 7288.53 4800.21 4241.08
internal_count=503315 405759 364591 251396 97556 33789 113195 41168 63767 22546 28574 38255 25512 18622
is_linear=0
shrinkage=0.03


Tree=68
num_leaves=15
num_cat=0
split_feature=3 3 3 3 0 3 3 3 0 0 0 0 0 0
split_gain=2037.9 698.476 394.406 161.642 129.33 90.0121 80.3983 72.4049 65.2595 55.1864 38.1154 25.9487 22.7825 22.1009
threshold=0.00081590196885387935 0.001683854206200584 0.00041270961107691952 0.0032609570095814585 -0.28431904131229663 0.00020424142896018367 0.001205830551756865 0.00060967312287825556 -0.25560418471316237 -0.37595249171109768 -0.14318882985876438 0.53134678849817707 -0.40358146368691888 0.15385320600580735
decision_type=8 8 10 8 10 10 10 10 10 8 10 10 10 10
left_child=2 4 5 8 12 -1 -6 11 -3 -5 -9 -4 -2 -7
right_child=1 3 7 9 6 13 -8 10 -10 -11 -12 -13 -14 -15
leaf_value=-0.02326627932764188 -0.009492963555104721 0.0013235816070452553 -0.0079983774211162279 0.0029767032913569176 -0.00091453014782044153 -0.014042571907823024 0.0017036019271021567 -0.0070502539445746895 0.0050006993002553327 0.0098987510131219106 -0.0031309933733244932 0.0021977251498176841 -0.0040257321609344365 -0.0082322203866176408
leaf_weight=962.2416398525238 927.83122269809246 5515.0987449586391 8116.8338665217161 1242.5097254365683 22343.525620922446 3248.1428133696318 19972.146661162376 2988.253820091486 21474.953344330192 7604.6561534851789 9437.131167396903 217.66801941394806 3032.5282609015703 855.30468292534351
leaf_count=5854 3882 27077 34493 7488 91778 15779 88389 12085 110601 50549 38056 903 12681 4089
internal_value=-4.19729e-05 0.00226932 -0.00739117 0.00541288 -0.000164468 -0.0148978 0.000319869 -0.00555027 0.00425231 0.00893784 -0.0040833 -0.00772259 -0.00534239 -0.012869
internal_weight=107939 82113.2 25825.6 35837.2 46276 5065.69 42315.7 20759.9 26990.1 8847.17 12425.4 8334.5 3960.36 4103.45
internal_count=503704 392445 111259 195715 196730 25722 180167 85537 137678 58037 50141 35396 16563 19868
is_linear=0
shrinkage=0.03


Tree=69
num_leaves=15
num_cat=0
split_feature=3 3 3 3 0 3 3 3 0 0 5 0 0 0
split_gain=2044.14 551.479 405.434 175.539 126.639 92.8467 79.3877 65.036 63.9886 50.2609 30.5289 30.025 24.0021 15.3452
threshold=0.00086931218705457107 0.0016713610681479681 0.00039893720761813577 0.0033088015524712208 -0.34743697536160423 0.00067175226576378529 0.00020424142896018367 0.0011896351784609204 -0.26227404093625772 -0.34743697536160423 0.0021488532389123288 -0.14318882985876438 0.13703732109835023 -0.40358146368691888
decision_type=8 8 10 8 10 10 10 10 10 8 10 10 10 10
left_child=2 4 6 8 13 10 -1 -6 -3 -5 -4 -7 -8 -2
right_child=1 3 5 9 7 11 12 -9 -10 -11 -12 -13 -14 -15
leaf_value=-0.02271477088299842 -0.010412908351311194 0.0011904219910186598 -0.0074965452673426448 0.0039842734063842934 -0.00066078191630618592 -0.0059049026800384388 -0.014115236251976382 0.0017442438134831668 0.0048557202393370779 0.010164525277462219 -0.0021168500712140824 -0.00245886090353212 -0.0079509789127323836 -0.0045826323001568747
leaf_weight=948.22668001055717 879.87766717374325 5367.1051047444344 11096.656954154372 1488.5688714832067 19044.965722501278 3072.2909939736128 2831.309650182724 21514.758618682623 22400.567244186997 6993.7712668776512 1083.5239014923573 9343.3697149902582 835.03837879002094 897.7634297311306
leaf_count=5849 3680 26384 46909 9047 78338 12357 13945 94831 115587 47158 4404 37583 4044 3758
internal_value=7.58952e-05 0.0025951 -0.00669827 0.00531057 0.000267953 -0.00515957 -0.0148577 0.000613592 0.00415011 0.00909298 -0.00702503 -0.00332049 -0.012753 -0.00754411
internal_weight=107798 78587.4 29210.4 36250 42337.4 24595.8 4614.57 40559.7 27767.7 8482.34 12180.2 12415.7 3666.35 1777.64
internal_count=503874 378783 125091 198176 180607 101253 23838 173169 141971 56205 51313 49940 17989 7438
is_linear=0
shrinkage=0.03


Tree=70
num_leaves=15
num_cat=0
split_feature=3 3 3 3 3 3 0 0 3 0 0 0 3 5
split_gain=1903.7 509.262 445.043 119.918 88.3819 80.1216 70.1494 67.969 61.9364 60.3242 29.1218 28.7655 18.5278 17.9296
threshold=0.00091553758183144317 0.0022891964707359067 0.0004655603122986178 0.0012637333881998375 0.00023576616064718205 0.0059290852289564317 -0.42572216630227783 0.0072917067945447176 0.00069638369342196239 -0.24009675444035158 -0.05315781230735394 -0.14318882985876438 0.00011683152952991526 0.00098056694565052554
decision_type=8 8 10 10 10 8 10 10 10 10 10 10 10 10
left_child=2 3 4 9 12 6 -3 -5 10 -2 -4 -10 -1 -6
right_child=1 5 8 7 13 -7 -8 -9 11 -11 -12 -13 -14 -15
leaf_value=-0.027332212925295127 -0.0049890772468458551 -0.00069136540745136951 -0.0077578995334899401 0.0011258603774996481 -0.012307731191503581 0.013204243468967099 0.0065976715853493699 0.0038812176424339929 -0.0053328360928731168 -9.7191848038926596e-05 -0.004636324178144015 -0.0021620684475134764 -0.017563010695770449 -0.0080163353171062331
leaf_weight=313.63469114899635 2582.2942824661732 1258.5330331325531 4837.6455625593662 21384.088306605816 4142.1070967763662 1566.3241867497563 17216.228182926774 13019.966257676482 3491.3482934236526 18407.909199371934 6616.6524006575346 10385.367801651359 955.9647980183363 1339.7891756892204
leaf_count=2027 10548 6891 20172 97710 19599 11932 100705 62111 14025 76505 27320 41786 5748 6156
internal_value=-3.76362e-05 0.00256511 -0.00615822 0.00108071 -0.0130022 0.00666249 0.00609778 0.00217117 -0.00432731 -0.000703956 -0.00596555 -0.00296741 -0.020218 -0.0112863
internal_weight=107518 75435.3 32082.5 55394.3 6751.5 20041.1 18474.8 34404.1 25331 20990.2 11454.3 13876.7 1269.6 5481.9
internal_count=503235 366402 136833 246874 33530 119528 107596 159821 103303 87053 47492 55811 7775 25755
is_linear=0
shrinkage=0.03


Tree=71
num_leaves=15
num_cat=0
split_feature=3 3 3 3 3 0 0 3 0 3 0 3 3 0
split_gain=1733.24 452.596 395.585 111.097 106.022 80.8964 72.0647 52.8822 45.8233 38.8531 35.0702 27.0625 26.4605 23.9065
threshold=0.00092334361248895211 0.0018419295872490959 0.00048990167540057677 0.0042562262193385509 0.00020424142896018367 -0.10310940037123893 -0.25894916652544725 0.00067994728334684932 -0.40358146368691888 0.001205830551756865 -0.11338991510768297 0.0062965774271388011 0.00031024040793541568 -0.1366208216450602
decision_type=8 8 10 8 10 10 10 10 10 10 10 8 10 10
left_child=2 5 4 6 -1 8 -3 13 -2 -7 -9 -5 -6 -4
right_child=1 3 7 11 12 9 -8 10 -10 -11 -12 -13 -14 -15
leaf_value=-0.021362492841375494 -0.0073108739473109786 0.0015586292102698698 -0.0084521402375576961 0.0081115891452880999 -0.014086079845931073 0.00014857796197663222 0.0053671702137977435 -0.0050531690348628241 -0.00071072041070092246 0.0024585661110757143 -0.0019386505110004597 0.013567490275167383 -0.0093707708367027007 -0.0048857610161861026
leaf_weight=931.37923887372017 999.19019313156605 5801.4539131820202 2339.1143691837788 2912.1522485166788 1508.3502861559391 11088.245948910713 20390.45640784502 4777.79843275249 16194.890061989427 16223.3499430269 10594.994666576385 1269.6147912442684 5215.7249403297901 7206.0838604271412
leaf_count=5896 4238 30049 9764 19971 7937 46068 111550 19204 69250 73568 42651 9812 23835 29769
internal_value=-7.60386e-05 0.00243639 -0.00585239 0.00525924 -0.0118175 0.000507788 0.00452679 -0.00401332 -0.00110179 0.00152333 -0.00291319 0.00981077 -0.0104568 -0.00577394
internal_weight=107453 74879.4 32573.4 30373.7 7655.45 44505.7 26191.9 24918 17194.1 27311.6 15372.8 4181.77 6724.08 9545.2
internal_count=503562 364506 139056 171382 37668 193124 141599 101388 73488 119636 61855 29783 31772 39533
is_linear=0
shrinkage=0.03


Tree=72
num_leaves=15
num_cat=0
split_feature=3 3 3 3 3 3 3 3 3 3 2 2 1 1
split_gain=1642.84 591.445 300.385 136.604 63.8142 59.2782 51.2747 31.7375 16.0804 16.0767 13.4372 6.91815 6.51608 5.95248
threshold=0.0011565822618161334 0.0005548494381610187 0.0025254442603406687 0.00028843218189381357 0.00078513948528442226 0.0049591134963881097 0.0015379687221271519 0.00016677107435935856 0.00036776999756901193 0.010962480727594684 0.37500000000000006 1.0000000180025095e-35 1.0000000180025095e-35 1.0000000180025095e-35
decision_type=8 10 8 10 10 8 10 10 10 8 10 10 2 2
left_child=1 3 6 7 13 -4 12 -1 -5 -7 -6 -8 -2 -3
right_child=2 4 5 8 10 9 11 -9 -10 -11 -12 -13 -14 -15
leaf_value=-0.023567767174276142 0.0025053902910168622 -0.0020987373930326154 0.0060114629842963887 -0.01149541045143011 -0.00040243265307372784 0.010113720569323794 0.0045565015495564378 -0.014699703559704652 -0.0080150769712776029 0.01884082803639385 -0.001925363925301248 0.0027765416182002605 0.00068832025754612047 -0.0042480423148128863
leaf_weight=598.3917601108551 2011.5974006801844 1450.995309472084 13489.292005464435 1663.7755427509546 8144.7074102312326 2390.3105210065842 2309.3751154392958 1435.3187346160412 6804.3991982787848 235.84115289151669 15086.365428134799 22655.11723588407 17328.129448324442 11690.26927806437
leaf_count=3939 8948 5885 79831 8064 33421 17732 11681 7991 29906 1918 61405 110174 75072 47565
internal_value=5.47632e-05 -0.00415876 0.0033248 -0.0104285 -0.00234447 0.00683258 0.00204625 -0.0174409 -0.0087187 0.0109887 -0.00139442 0.00294536 0.000881618 -0.00401706
internal_weight=107294 46874.2 60419.7 10501.9 36372.3 16115.4 44304.2 2033.71 8468.17 2626.15 23231.1 24964.5 19339.7 13141.3
internal_count=503532 198176 305356 49900 148276 99481 205875 11930 37970 19650 94826 121855 84020 53450
is_linear=0
shrinkage=0.03


Tree=73
num_leaves=15
num_cat=0
split_feature=5 0 0 5 5 5 0 5 4 4 5 5 5 0
split_gain=530.661 88.9557 88.7966 83.4952 64.2844 58.8559 29.9018 23.6025 23.2611 20.4523 20.1085 15.0474 13.1325 8.66329
threshold=0.0042184472995282158 -0.11543876114500233 0.36943018759029495 0.0022523875670661876 0.0075114093388752188 -0.0062259021999955698 -0.22822128796412369 -0.0091228675858552825 1.0000000180025095e-35 1.0000000180025095e-35 0.016645297266179616 0.015181761018711685 0.00054491995842993388 -0.31503803661193092
decision_type=8 8 10 10 8 10 10 10 2 2 8 10 10 10
left_child=2 8 3 5 9 -1 -5 -4 13 -3 -6 -10 -9 -2
right_child=1 4 7 6 10 -7 -8 12 11 -11 -12 -13 -14 -15
leaf_value=0.0049702333680741286 -0.0031172518592057796 0.0022612450000053705 0.010595202628322803 -0.001832859191440109 0.0089328626918376945 -0.0017692814981099924 0.0013852101426738419 0.0029365164788064438 0.0030350802989241913 0.0060962231133321765 0.015275195751053612 0.0099576243106194711 0.0001566225801203666 0.00096582623511834518
leaf_weight=1173.0782602876425 637.14466785639524 1880.8971370756626 290.56292227655649 3224.1893422156572 2910.7161610648036 66634.462428867817 13007.960445269942 4287.9758423268795 3834.0865328982472 4235.5886758565903 600.59358661621809 308.61193056404591 2449.3241095691919 1661.6790262982249
leaf_count=8062 3658 9956 2184 14976 19213 294420 58701 20513 21865 22298 4856 2306 10849 9624
internal_value=-2.91652e-05 0.00499475 -0.000916769 -0.0011882 0.00682263 -0.00165109 0.000741577 0.00231758 0.00224706 0.00493233 0.010075 0.00358796 0.00193652 -0.000148457
internal_weight=107137 16069.3 91067.6 84039.7 9627.8 67807.5 16232.1 7027.86 6441.52 6116.49 3511.31 4142.7 6737.3 2298.82
internal_count=503481 93776 409705 376159 56323 302482 73677 33546 37453 32254 24069 24171 31362 13282
is_linear=0
shrinkage=0.03


Tree=74
num_leaves=15
num_cat=0
split_feature=3 3 3 3 0 3 0 3 5 0 5 3 0 0
split_gain=1555.51 414.071 349.702 111.198 99.6742 73.3828 71.7923 68.8456 45.6409 41.9109 35.1945 31.5488 28.4914 15.5237
threshold=0.00089982771158954539 0.0018419295872490959 0.00039893720761813577 0.0033088015524712208 -0.14318882985876438 0.00062774871311010582 -0.29232134790783865 0.00016677107435935856 0.0050525647102978967 -0.13008425057211101 0.0018921478924129843 0.0011158006683634376 1.0000000180025095e-35 0.15385320600580735
decision_type=8 8 10 8 10 10 10 10 10 8 10 10 10 10
left_child=2 4 7 6 11 10 -3 -1 -6 -5 -4 -2 -7 -9
right_child=1 3 5 9 8 12 -8 13 -10 -11 -12 -13 -14 -15
leaf_value=-0.02310407506058576 -0.0040149408423364643 1.966898694147218e-05 -0.0071033186692885048 0.0057710578955922588 0.0010962832809287718 -0.0042754107507524605 0.0046590277989756873 -0.012908852002107217 0.0053898843932615199 0.010128655198530227 -0.0013690271063949767 -0.00075787474623537369 -0.0017748397715958073 -0.0078093938871952144
leaf_weight=589.65981288254261 3633.7325829863548 3621.8998543024063 8563.6029796898365 4078.7212039381266 29549.977245807648 9265.3101433366537 18298.845076590776 3084.31501480937 2411.9656767547131 4184.6254970803857 1121.2885091155767 10372.091157048941 7590.0784903764725 806.73783659934998
leaf_count=3944 14741 18145 36821 26423 127046 37367 97348 15809 12398 29526 4625 44933 30605 4049
internal_value=-1.37504e-05 0.00229245 -0.00567598 0.00502201 0.000498122 -0.00436057 0.00389557 -0.013427 0.00142376 0.00799461 -0.0064477 -0.00160944 -0.00315467 -0.0118897
internal_weight=107173 76151.9 31021 30184.1 45967.8 26540.3 21920.7 4480.71 31961.9 8263.35 9684.89 14005.8 16855.4 3891.05
internal_count=503780 370560 133220 171442 199118 109418 115493 23802 139444 55949 41446 59674 67972 19858
is_linear=0
shrinkage=0.03


Tree=75
num_leaves=15
num_cat=0
split_feature=3 3 3 3 3 3 3 3 3 3 3 2 3 3
split_gain=1511.33 456.849 299.067 111.672 74.8555 69.2551 54.5931 22.174 18.2223 12.6069 10.2912 9.30688 8.79778 7.53844
threshold=0.0011002873620565745 0.0005007185319881581 0.0027575932498052321 0.00023576616064718205 0.0016355040963458485 0.00075358048531563382 0.0059290852289564317 0.00036776999756901193 0.00011683152952991526 0.010962480727594684 0.0013612276190944465 0.37500000000000006 0.0039663377888822056 0.00064599688257697713
decision_type=8 10 8 10 10 10 8 10 10 8 10 10 10 10
left_child=1 3 4 8 10 13 12 -5 -1 -8 -2 -7 -4 -3
right_child=2 5 6 7 -6 11 9 -9 -10 -11 -12 -13 -14 -15
leaf_value=-0.026360196474442581 0.00027856818507641153 -0.0052147646444194486 0.0056883241098565959 -0.011622919538955218 0.003137975714951456 -0.00092035212654205129 0.010955686890794653 -0.0078646949105067639 -0.01653247396326251 0.019318954390614138 0.0014711753070876753 -0.0022351363397854125 0.0076062158446451771 -0.0037269012142313106
leaf_weight=296.88643075525761 14608.74037720263 7114.1048426628113 8050.2732728123665 2398.0374259203672 23829.932993113995 7652.972044467926 1280.1953209415078 4350.2420973181725 925.77302549779415 233.99473918229342 11974.625431999564 14272.385003075004 3540.3759335428476 6497.6424605250359
leaf_count=2040 62177 29651 47974 12047 119579 31205 9997 19663 5803 1945 53667 57802 24018 26271
internal_value=1.75249e-05 -0.0042888 0.00296839 -0.0107783 0.00191643 -0.00282891 0.00700604 -0.0092243 -0.019162 0.0124057 0.000818392 -0.00177958 0.00628537 -0.00451219
internal_weight=107026 43508 63518.1 7970.94 50413.3 35537.1 13104.8 6748.28 1222.66 1514.19 26583.4 21925.4 11590.6 13611.7
internal_count=503839 184482 319357 39553 235423 144929 83934 31710 7843 11942 115844 89007 71992 55922
is_linear=0
shrinkage=0.03


Tree=76
num_leaves=15
num_cat=0
split_feature=5 0 5 0 5 5 0 4 5 0 0 4 5 0
split_gain=415.757 105.406 100.47 53.3948 47.5444 55.6298 40.7391 29.6713 26.0759 22.0133 21.483 19.5541 15.9225 13.1765
threshold=0.0034691400501548394 0.38099476949555794 0.0075114093388752188 -0.10514492856702561 0.0011266149661889409 -0.0010252483933195901 -0.28431904131229663 1.0000000180025095e-35 0.00054491995842993388 -0.43937507724137975 -0.28034862942840394 1.0000000180025095e-35 -0.0091228675858552825 -0.42572216630227783
decision_type=8 10 8 8 10 10 10 2 10 10 10 2 10 10
left_child=1 4 6 9 5 -1 13 -8 12 -4 -6 -5 -3 -2
right_child=2 8 3 11 10 -7 7 -9 -10 -11 -12 -13 -14 -15
leaf_value=-0.00017117299774933569 -0.0055948286058413793 0.011126547301125873 -0.0033885717157425541 0.0058694410019889658 -0.0024507887727729886 -0.0023605632344440844 0.0010843104597416742 0.004165948300428747 -3.485583834052776e-05 0.0048622787120448808 9.7051310830142756e-05 0.011139017121777194 0.0036405248823158185 0
leaf_weight=14833.986589454114 488.59682261943817 276.41630751639605 321.60759735107422 993.38329073041677 3354.0428359508514 35801.258796229959 4236.9931441172957 8771.2704745084047 1887.799636811018 2095.6560603529215 25707.111442223191 2401.8776179477572 4073.8917719423771 1574.5597693175077
leaf_count=72498 2557 2107 2007 6884 14988 156912 21712 45023 8308 14198 111852 16736 19609 8137
internal_value=5.14237e-05 -0.000870749 0.00384751 0.00720132 -0.00116533 -0.00172051 0.00254616 0.00316842 0.00287898 0.00373038 -0.000195681 0.00963663 0.00415437 -0.00134461
internal_weight=106818 85934.5 20883.9 5812.52 79696.4 50635.2 15071.4 13008.3 6238.11 2417.26 29061.2 3395.26 4350.31 2063.16
internal_count=503528 386274 117254 39825 356250 229410 77429 66735 30024 16205 126840 23620 21716 10694
is_linear=0
shrinkage=0.03


Tree=77
num_leaves=15
num_cat=0
split_feature=5 5 5 4 5 5 4 5 5 5 2 5 5 5
split_gain=404.21 98.106 71.3836 71.3487 38.9437 29.4998 19.2929 13.9283 8.0112 6.1229 5.52199 4.24472 3.80331 3.00761
threshold=0.0054712011911561007 0.0027095450206876758 -0.0041947803171940743 1.0000000180025095e-35 0.010913077804271391 -0.00071964259234433639 1.0000000180025095e-35 -0.0078969844605491727 0.0073000213173555779 0.028179195812013228 0.62500000000000011 0.0034144552768843768 0.002752669949704615 0.0082455778419989936
decision_type=8 10 10 2 8 10 2 10 8 8 8 10 10 10
left_child=1 2 7 8 13 -4 11 -1 -2 -6 -10 -3 -8 -5
right_child=3 6 5 4 9 -7 12 -9 10 -11 -12 -13 -14 -15
leaf_value=0.0060486745596437614 0.00027458087629489246 -0.0009670901174031061 -9.8905443333597795e-05 0.0055174561784054939 0.010514975318759924 -0.0014942039262582274 0.0055358972412018247 0.0018961258541928092 0.0025324810513631178 0.017910922596047603 0.0070363148189829345 0.00072296280355816495 0.0021139431734788546 0.0074136473479390107
leaf_weight=1071.2097554281354 1382.2986733615398 2140.019156858325 18013.143232449889 3791.0431151986122 1649.37019174546 57380.04354120791 318.35416492819786 2489.8849566057324 1680.5791779309511 152.96805188059807 310.83069516718388 3506.8457243293524 11413.630087681115 1454.0910247042775
leaf_count=7955 7720 9660 82282 21747 12204 250204 1408 14335 11311 1348 2146 17203 54437 9489
internal_value=9.15053e-05 -0.000515295 -0.00096493 0.00570162 0.007421 -0.00116169 0.00152339 0.00317549 0.00208089 0.0112712 0.00329709 7.12915e-05 0.00221655 0.00606766
internal_weight=106754 96333.1 78954.3 10421.2 7047.47 75393.2 17378.8 3561.09 3373.71 1802.34 1991.41 5646.86 11732 5245.13
internal_count=503449 437484 354776 65965 44788 332486 82708 22290 21177 13552 13457 26863 55845 31236
is_linear=0
shrinkage=0.03


Tree=78
num_leaves=15
num_cat=0
split_feature=3 3 3 3 3 3 5 3 3 5 5 5 5 3
split_gain=1396.46 364.545 362.623 110.634 94.1206 55.5542 40.0852 37.0186 32.3548 28.526 26.0401 19.3807 14.1558 12.8383
threshold=0.00091553758183144317 0.0019470410056774789 0.00051267016105537564 0.00023576616064718205 0.0059290852289564317 0.0014084415761188122 -0.0011124103034928689 0.0027255411175879326 0.00067994728334684932 0.0059618215609389723 0.00098056694565052554 0.002752669949704615 0.0033589675851062942 0.00011683152952991526
decision_type=8 8 10 10 8 10 10 10 10 10 10 10 10 10
left_child=2 5 3 13 7 9 -7 -3 11 -2 -5 -4 -10 -1
right_child=1 4 8 10 -6 6 -8 -9 12 -11 -12 -13 -14 -15
leaf_value=-0.025426530934014851 -0.00030047360297373604 0.0035145658204959007 -0.005108652147919915 -0.010264583431727011 0.012379811698124039 -0.00096215167415562755 0.0025474501667674281 0.0058295589725135336 -0.0026898723988621979 0.0073047918590477883 -0.0060500627000972858 0.001883655993867949 0.0014267393444736807 -0.016683296047350055
leaf_weight=292.27613218128681 27954.829729184508 13703.9230812639 8182.5318251103163 5284.3912896960974 1483.2434125691652 3557.4950021803379 15878.326457962394 11846.38414490968 14068.974002972245 440.65051105618477 1945.7628219127655 355.2725083231926 768.70099450647831 914.60074824094772
leaf_count=2048 117077 71593 33959 25044 11867 16456 73465 73765 56520 2196 8879 1427 3192 5803
internal_value=3.75578e-06 0.00224179 -0.0052602 -0.0105917 0.00502604 0.000666191 0.00190181 0.00459212 -0.0033296 -0.00017781 -0.00914859 -0.00480881 -0.00247174 -0.0190415
internal_weight=106677 74864.9 31812.5 8437.03 27033.6 47831.3 19435.8 25550.3 23375.5 28395.5 7230.15 8537.8 14837.7 1206.88
internal_count=503291 366419 136872 41774 157225 209194 89921 145358 95098 119273 33923 35386 59712 7851
is_linear=0
shrinkage=0.03


Tree=79
num_leaves=15
num_cat=0
split_feature=3 3 3 3 3 3 3 5 5 5 5 5 5 5
split_gain=1308.34 410.231 235.331 96.7927 89.9483 66.0575 55.171 42.3407 26.1692 24.2285 20.7087 20.6267 16.1881 11.4391
threshold=0.0010855454300961883 0.00043986790339815287 0.0024985033181611446 0.00075358048531563382 0.00023576616064718205 0.0062965774271388011 0.001579061395978427 -0.0020589016080271262 0.0037559607802979383 -0.0013995895052390038 -0.0031722197340909781 0.0052577893579663264 0.0012259893503536112 0.00098056694565052554
decision_type=8 10 8 10 10 8 10 10 10 10 10 10 10 10
left_child=1 4 6 8 12 10 9 -8 -3 -2 -4 -5 -1 -6
right_child=2 3 5 11 13 -7 7 -9 -10 -11 -12 -13 -14 -15
leaf_value=-0.019685211436216425 -0.0017428991395888945 -0.0048224889911524941 0.0027865406792405242 -0.0016800449614023487 -0.010460606388684976 0.012538265948614407 -0.00056725870792628558 0.003225546606993404 0.0075623946172723088 0.0010320000311965743 0.0057850852635724049 0.0078280446228590154 -0.00060385510519320163 -0.006542060654895124
leaf_weight=1146.134048551321 3224.9997075647116 15650.481504008174 2628.4783556312323 20752.853300318122 3433.5435302704573 1227.8542033955455 3027.7624610513449 19663.921109840274 142.78895224630833 22089.977498978376 12335.291531138122 195.53390349447727 48.855633616447449 1040.1806338876486
leaf_count=7556 14122 65134 16949 84070 16911 9982 15196 96687 580 95596 74710 876 305 4955
internal_value=-1.22532e-06 -0.00409018 0.00269928 -0.00292723 -0.0115988 0.00582728 0.00164203 0.0027168 -0.004702 0.000675574 0.00526459 -0.00158474 -0.0189664 -0.00957951
internal_weight=106609 42410.4 64198.3 36741.7 5668.71 16191.6 48006.7 22691.7 15793.3 25315 14963.8 20948.4 1194.99 4473.72
internal_count=503629 180387 323242 150660 29727 101641 221601 111883 65714 109718 91659 84946 7861 21866
is_linear=0
shrinkage=0.03


Tree=80
num_leaves=15
num_cat=0
split_feature=3 3 3 3 3 3 5 3 3 3 5 5 5 3
split_gain=1211.08 394.755 259.701 107.909 65.1269 41.0764 39.6714 42.0477 34.7566 32.7043 26.8734 18.3254 15.2795 14.6741
threshold=0.0010855454300961883 0.0005548494381610187 0.0021510302458801205 0.00028843218189381357 0.0074694678430955114 0.00070471680128455843 -0.0010252483933195901 0.0013250737869671804 0.00011683152952991526 0.0029250039279950265 0.0015204537688143563 0.0033589675851062942 0.0037559607802979383 0.0016242212511274347
decision_type=8 10 8 10 8 10 10 10 10 10 10 10 10 10
left_child=1 3 6 8 9 12 13 -8 -1 -4 -5 -7 -3 -2
right_child=2 5 4 10 -6 11 7 -9 -10 -11 -12 -13 -14 -15
leaf_value=-0.025418437612078952 -0.0017492104625424067 -0.0041805732742457528 0.0038536901078698913 -0.008165292759109077 0.014164159111604584 -0.0018102445441945175 0.00025986122608340347 0.0024871920147903157 -0.01347709007966575 0.0062303608261019792 -0.0032431909982344551 0.001261495774567113 0.008386616945373751 0.00092443467147894712
leaf_weight=282.60504251718521 4490.3181253522635 8047.2901581972837 11011.279866576195 7096.9168068766594 725.63936967402697 22116.144115358591 11556.292137756944 22813.880536064506 1648.66893440485 10431.659607514739 1233.0705196112394 1867.4377554804087 75.94072987139225 3094.4120944589376
leaf_count=2040 19590 33105 59296 32540 6047 89187 48912 106562 9857 68030 5354 7980 307 14901
internal_value=9.5929e-05 -0.00383882 0.00269685 -0.00896026 0.0053235 -0.00219787 0.00130659 0.00174033 -0.0153773 0.00501507 -0.00744864 -0.00156814 -0.00404554 -0.000650738
internal_weight=106492 42368.1 64123.5 10261.3 22168.6 32106.8 41954.9 34370.2 1931.27 21442.9 8329.99 23983.6 8123.23 7584.73
internal_count=503708 180370 323338 49791 133373 130579 189965 155474 11897 127326 37894 97167 33412 34491
is_linear=0
shrinkage=0.03


Tree=81
num_leaves=15
num_cat=0
split_feature=3 3 3 0 3 3 0 3 3 3 0 0 0 0
split_gain=1140.83 342.12 272.198 96.0429 89.3656 70.0669 65.4409 52.0065 42.6556 28.1079 27.6858 27.0785 19.8754 14.3808
threshold=0.00085449821525481211 0.0021510302458801205 0.00033082795944191595 -0.27635310156453896 0.00058303505962125073 0.0013335459568501748 -0.17890206452805643 0.0035362023630402567 0.00016677107435935856 0.0015067668407852618 -0.42572216630227783 -0.14944244582445845 0.39372827132621108 0.15843214890213977
decision_type=8 8 10 10 10 10 8 8 10 10 10 10 10 10
left_child=2 3 8 9 12 -5 10 -8 -1 -2 -3 -6 -4 -10
right_child=1 6 4 5 11 -7 7 -9 13 -11 -12 -13 -14 -15
leaf_value=-0.022016711112420467 -0.0048095746331766791 -0.00071782958047575233 -0.0070016479830517092 -2.4448306526162841e-05 -0.0051554272130228699 0.0022113665904498238 0.0051198630410157191 0.0092684563301389782 -0.013530392167947299 -0.00065740698744767216 0.0037319548990595616 -0.0022160521158962826 -0.00061926075728627487 -0.0069086856486876326
leaf_weight=539.84561793506145 3312.9809861630201 1507.3530454486609 8391.2955451607704 26234.894947707653 3720.1513959020376 24195.329237237573 9742.505142018199 3891.4989632964134 1703.2892197817564 2700.7587587237358 6925.6730169206858 12448.112616375089 487.38871051371098 449.43004715442657
leaf_count=3874 13688 8600 37484 109139 15140 113783 55722 28615 9510 12378 40173 50423 2112 2448
internal_value=1.03255e-05 0.00185871 -0.00521777 0.000618929 -0.00423632 0.00104728 0.00502544 0.0063143 -0.0142758 -0.00295899 0.00292957 -0.00289885 -0.00665913 -0.012214
internal_weight=106251 78511 27739.5 56444 25046.9 50430.2 22067 13634 2692.56 6013.74 8433.03 16168.3 8878.68 2152.72
internal_count=503089 382098 120991 248988 105159 222922 133110 84337 15832 26066 48773 65563 39596 11958
is_linear=0
shrinkage=0.03


Tree=82
num_leaves=15
num_cat=0
split_feature=5 5 0 0 0 4 5 5 5 4 4 0 0 5
split_gain=303.209 94.2192 82.4212 53.437 47.6079 26.8759 26.084 48.3207 23.8153 18.3869 17.4253 16.1304 12.7943 7.60665
threshold=0.0028784733705354746 0.0075114093388752188 0.53134678849817707 -0.2226328015525019 -0.10098840370105765 1.0000000180025095e-35 0.001175190460095406 -0.0003561776360540946 0.0014633742120586963 1.0000000180025095e-35 1.0000000180025095e-35 -0.28034862942840394 -0.49593261342957029 -0.0091228675858552825
decision_type=8 8 10 10 8 2 10 10 10 2 2 10 10 10
left_child=2 3 6 12 9 -5 7 -1 13 -3 -6 -8 -2 -4
right_child=1 4 8 5 10 -7 11 -9 -10 -11 -12 -13 -14 -15
leaf_value=-0.00048279271921293076 -0.0078071454420611669 -0.00030881172593133304 0.010297562217839536 0.00088049698838522342 0.0050208534889746434 0.0035325101038990192 -0.0024648529334866083 -0.0022991615342518954 -0.0026419073244941401 0.0050256924524635449 0.010070093970087396 1.1200445501356633e-05 -0.00068271969617199335 0.0042038860407653143
leaf_weight=24632.478283964097 233.66704945266247 906.17057508230209 212.33772969245911 5171.4178909361362 961.47942212224007 10727.350978791714 2649.4647356420755 28608.966945290565 442.27786010503769 1512.6306197792292 2308.7925795093179 21177.195227771997 3996.593252055347 2689.7620916590095
leaf_count=116467 1218 6114 1669 25808 6796 53613 11742 126141 1951 10466 16528 91647 20344 13136
internal_value=1.77069e-05 0.00284619 -0.000889932 0.00187667 0.00625671 0.00267475 -0.00109077 -0.00146018 0.00370982 0.00300945 0.00862371 -0.000262532 -0.00110789 0.00470418
internal_weight=106231 25818.1 80412.5 20129 5689.07 15898.8 77068.1 53241.4 3344.38 2418.8 3270.27 23826.7 4230.26 2902.1
internal_count=503640 140887 362753 100983 39904 79421 345997 242608 16756 16580 23324 103389 21562 14805
is_linear=0
shrinkage=0.03


Tree=83
num_leaves=15
num_cat=0
split_feature=3 3 3 3 3 3 3 5 5 5 5 3 5 5
split_gain=1054.99 280.519 275.939 68.5215 63.0174 60.5064 50.2585 38.4405 28.7129 27.4378 26.3361 16.8468 13.9057 9.87671
threshold=0.00092334361248895211 0.0022891964707359067 0.0003833263129611433 0.0014875251262832338 0.0042562262193385509 0.00060967312287825556 0.00016677107435935856 -0.0009839829200537669 0.0051520316414554535 -0.0021373049324250352 0.0021838275695609945 0.010962480727594684 0.00093494585418775499 0.002550647209157402
decision_type=8 8 10 10 8 10 10 10 10 10 10 8 10 10
left_child=2 3 6 8 9 10 -1 -5 -2 -3 -4 -6 -8 -7
right_child=1 4 5 7 11 13 12 -9 -10 -11 -12 -13 -14 -15
leaf_value=-0.02070300020948275 -0.00024749845182172795 0.0015887545983579168 -0.0059933290818142814 -0.00029477768208768129 0.0078842484178818107 -0.0028214229917106481 -0.011599594112867651 0.0027135153783353094 0.0043701843716647641 0.0048008118233976082 0.00040973563083558981 0.016662343232920585 -0.0064321643130248836 -0.00072190992222039355
leaf_weight=534.867028683424 30316.267720028758 3061.3241986483335 8391.3468063920736 4785.3419137746096 3753.1477965861559 16832.468728795648 2683.9671629071236 18297.910163223743 1251.9845691174269 12315.864073030651 600.78056228160858 222.59901255369186 693.50850869715214 2390.7239293456078
leaf_count=3900 127461 18191 36814 22930 27943 67941 14491 88341 6188 71451 2482 1958 3553 9751
internal_value=-2.38868e-05 0.00194629 -0.00456315 0.00084547 0.0050498 -0.00352218 -0.0120271 0.00208742 -6.1137e-05 0.0041667 -0.00555888 0.00843135 -0.0105784 -0.00256394
internal_weight=106132 74004.4 32127.7 54651.5 19352.9 28215.3 3912.34 23083.3 31568.3 15377.2 8992.13 3975.75 3377.48 19223.2
internal_count=503395 364463 138932 244920 119543 116988 21944 111271 133649 89642 39296 29901 18044 77692
is_linear=0
shrinkage=0.03


Tree=84
num_leaves=15
num_cat=0
split_feature=3 3 3 0 3 3 0 0 3 0 0 5 3 0
split_gain=1048.74 267.219 248.404 97.557 80.6437 68.5329 58.6121 52.7264 42.2827 30.7667 18.6444 16.6929 16.5833 12.2894
threshold=0.00088473381812976431 0.0019470410056774789 0.00033082795944191595 -0.27261936296114497 0.00054436391789722521 0.0049591134963881097 -0.42572216630227783 0.029154286580219239 0.00016677107435935856 -0.13225284209866353 -0.36093360351730353 0.0022523875670661876 0.0015276847388896225 0.15843214890213977
decision_type=8 8 10 10 10 8 10 10 10 10 8 10 10 10
left_child=2 3 8 12 11 6 -3 -5 -1 -6 -7 -4 -2 -10
right_child=1 5 4 7 9 10 -8 -9 13 -11 -12 -13 -14 -15
leaf_value=-0.021313264433537031 -0.0045069215062304322 -0.0021674795900012535 -0.0069768792430651462 0.00021374364021372686 -0.0048760741884794666 0.0033366371014203577 0.0041905380969797261 0.0023241033361614941 -0.012686995170315032 -0.0021862138351210324 0.010318361270480575 0 -0.00096421409031893909 -0.0064141173653513772
leaf_weight=526.95872119069099 3377.5845096409321 1365.1840659379959 6675.3671976923943 26599.229940906167 5274.7841158360243 461.66705097258091 22860.960283860564 17848.010948643088 1675.6399657130241 14682.716372951865 2034.7775002717972 310.45388728380203 1917.2039833813906 430.34009210765362
leaf_count=3895 13979 7323 30493 114996 21533 3233 130497 79570 9497 59659 16572 1311 8633 2363
internal_value=4.86079e-05 0.00190467 -0.00474694 0.000603103 -0.00388114 0.00432407 0.00382903 0.00106285 -0.0135359 -0.00290224 0.00906963 -0.00666102 -0.00323968 -0.0114699
internal_weight=106041 76464.6 29576.3 49742 26943.3 26722.6 24226.1 44447.2 2632.94 19957.5 2496.44 6985.82 5294.79 2105.98
internal_count=503554 374803 128751 217178 112996 157625 137820 194566 15755 81192 19805 31804 22612 11860
is_linear=0
shrinkage=0.03


Tree=85
num_leaves=15
num_cat=0
split_feature=5 0 5 4 0 0 5 5 5 0 5 0 5 5
split_gain=276.518 92.4015 66.2441 58.0978 41.2297 32.2779 32.1924 31.3139 22.7578 27.5133 19.2725 14.4571 8.85514 8.138
threshold=0.0052577893579663264 0.19716013279139302 0.0010774427237905781 1.0000000180025095e-35 -0.26570397604443846 -0.28808680390514602 -0.0062259021999955698 0.0082455778419989936 -0.00024786317811196904 0.58120214275862392 0.0025887892191453318 -0.094694168585350388 0.013984077456608526 0.0069016701544504103
decision_type=8 10 10 2 8 10 10 8 10 10 10 8 10 8
left_child=1 2 6 11 12 -4 -1 -6 9 -3 -10 -2 -5 -13
right_child=3 8 5 4 7 -7 -8 -9 10 -11 -12 13 -14 -15
leaf_value=0.0037393791505803222 -0.00064967798254632423 0.0015966064848667479 -0.0024081554888773938 0.0002538055465202323 0.005173830340084765 0.0003364908016821722 -0.0018726507198476136 0.0096768950543101862 -0.00054579223226137519 0.0057967506683435279 0.0024026335381451196 0.00061439075702753628 0.0068779016414244349 0.0047809165839072347
leaf_weight=923.87360251694918 1726.1535117924213 4906.0206785574555 4401.0386401861906 1206.2349743694067 3478.9679348170757 30648.229532666504 43441.569210603833 2489.5225203260779 5523.7254503518343 2001.3519797250628 3093.8847600221634 745.40835747867823 208.93307980149984 1097.1309449747205
leaf_count=6584 10777 23650 20352 7239 20169 137768 195603 18524 24376 10627 14368 4156 1549 7633
internal_value=-4.79269e-05 -0.000569336 -0.00098362 0.00446279 0.00598262 -7.02395e-06 -0.00175362 0.00707519 0.00154525 0.00282886 0.000507352 0.00129357 0.00131527 0.00314013
internal_weight=105892 94939.7 79414.7 10952.4 7383.66 35049.3 44365.4 5968.49 15525 6907.37 8617.61 3568.69 1415.17 1842.54
internal_count=503375 433328 360307 70047 47481 158120 202187 38693 73021 34277 38744 22566 8788 11789
is_linear=0
shrinkage=0.03


Tree=86
num_leaves=15
num_cat=0
split_feature=3 3 3 3 3 5 3 5 3 3 4 5 5 5
split_gain=961.192 261.096 255.389 91.6132 66.994 53.0366 44.7722 35.6107 25.5009 21.1432 19.0067 17.37 16.3558 15.0018
threshold=0.00088473381812976431 0.00043986790339815287 0.001683854206200584 0.0042562262193385509 0.00020424142896018367 -0.0015133145192256674 0.00060108897664271316 0.0051520316414554535 0.0011565822618161334 0.010962480727594684 1.0000000180025095e-35 0.00098056694565052554 0.0033589675851062942 0.0021488532389123288
decision_type=8 10 8 8 10 10 10 10 10 8 2 10 10 10
left_child=1 4 7 5 -1 -4 13 8 -2 -5 -9 -6 -8 -3
right_child=2 6 3 9 11 -7 12 10 -10 -11 -12 -13 -14 -15
leaf_value=-0.018514413167598151 -0.00091168632681110594 -0.005719269160819977 0.00064745081389476836 0.0074007589472051888 -0.010080764717696401 0.0037514719299577867 -0.0026136434161662058 -0.0004588629209235639 0.00063115937013120428 0.017257961772014163 0.0057421606502513862 -0.0054959791608074479 0.0019881459168439395 -0.00034709865071428704
leaf_weight=813.23771710693836 16548.350258544087 6284.5977653712034 6280.1621890366077 3708.0801243856549 3612.298279389739 24440.541347436607 16504.815855652094 600.48976737260818 23068.406239628792 215.10497353225946 1522.4186901897192 1073.8047099560499 703.73661959171295 532.68112906813622
leaf_count=5843 67755 27256 34536 27917 18552 131651 66751 2997 100344 1938 7803 5243 2906 2189
internal_value=-4.32979e-06 -0.00460087 0.00177199 0.00367577 -0.0104974 0.00311929 -0.00324489 0.000189927 -1.18574e-05 0.00799898 0.00396607 -0.00905689 -0.00242093 -0.00530942
internal_weight=105909 29525.2 76383.6 34643.9 5499.34 30720.7 24025.8 41739.7 39616.8 3923.19 2122.91 4686.1 17208.6 6817.28
internal_count=503681 128740 374941 196042 29638 166187 99102 178899 168099 29855 10800 23795 69657 29445
is_linear=0
shrinkage=0.03


Tree=87
num_leaves=15
num_cat=0
split_feature=3 3 3 3 3 0 0 3 0 3 0 0 0 0
split_gain=937.428 250.136 244.993 81.2362 78.7688 77.2222 65.6924 47.654 27.8825 26.9352 24.4164 20.3677 19.1213 12.5142
threshold=0.00092334361248895211 0.0019470410056774789 0.0003500948186697287 0.00064599688257697713 0.0053570430989845754 -0.099084642478137461 -0.42572216630227783 0.00011683152952991526 -0.37595249171109768 0.001205830551756865 0.15843214890213977 0.10686339362464083 -0.033878501081125827 -0.099084642478137461
decision_type=8 8 10 10 8 10 10 10 10 10 10 10 10 8
left_child=2 5 7 12 6 8 -3 -1 -2 -7 -9 -5 -4 -6
right_child=1 4 3 11 13 9 -8 10 -10 -11 -12 -13 -14 -15
leaf_value=-0.024890158158557385 -0.0047662199187556613 -0.0025366225237436861 -0.0067428833303138465 -0.0027984835402666596 0.0075408300246388804 0.000310567671756203 0.0040539756512786816 -0.012663549699263572 -0.00063326795420384351 0.002218500760694899 -0.0053253405830675548 -0.00045469134669058169 -0.004250707568766352 0.012807977140120734
leaf_weight=259.05349045991898 1604.0501529574394 1428.236903578043 5464.8797354251146 12710.426605299115 1082.3551185429096 10926.850700646639 23142.935077428818 2188.873959839344 17331.34210473299 17381.051214113832 565.55348631739616 4617.3741986602545 6259.7439951151609 860.07271762192249
leaf_count=2018 6861 7726 24144 51264 8415 45433 133586 12689 74794 80135 3160 18653 27266 7521
internal_value=-5.87553e-05 0.00180241 -0.00434085 -0.00349074 0.00413422 0.000491903 0.00366757 -0.0124781 -0.000988875 0.00148453 -0.0112032 -0.00217801 -0.00542219 0.00995742
internal_weight=105823 73756.9 32065.9 29052.4 26513.6 47243.3 24571.2 3013.48 18935.4 28307.9 2754.43 17327.8 11724.6 1942.43
internal_count=503665 364471 139194 121327 157248 207223 141312 17867 81655 125568 15849 69917 51410 15936
is_linear=0
shrinkage=0.03


Tree=88
num_leaves=15
num_cat=0
split_feature=3 3 3 3 5 3 3 3 5 5 5 5 2 3
split_gain=784.981 278.256 167.175 91.8564 62.4778 50.4632 48.5672 33.0641 24.876 20.1389 14.7407 12.1189 10.2028 9.91292
threshold=0.0011237630529647746 0.00036776999756901193 0.0026644805065054889 0.00069638369342196239 -0.0020589016080271262 0.00020424142896018367 0.0059290852289564317 0.0016355040963458485 0.0018921478924129843 -0.0031722197340909781 0.0040066795293955794 -0.0009839829200537669 0.37500000000000006 0.010962480727594684
decision_type=8 10 8 10 10 10 8 10 10 10 10 10 10 8
left_child=1 5 4 8 12 -1 9 -6 -3 -4 -5 -7 -2 -8
right_child=2 3 6 10 7 11 13 -9 -10 -11 -12 -13 -14 -15
leaf_value=-0.017944641353397951 -0.0051666067655667071 -0.0047866859576161094 0.0018929564828148958 -0.0014516715649528676 0.00097137726025897371 0 0.0091226083918291411 0.0026612053879441996 -0.0010506101056440352 0.0050887020615452017 0.0020704873664389809 -0.0095844069477094562 -0.0011974751709464804 0.016878265774902357
leaf_weight=799.72531296312809 679.44433245062828 12319.481798887253 2253.0601404681802 25742.572777435184 22983.497975647449 123.17324480414391 1186.114565320313 19331.794080600142 1900.273365020752 10053.199039876461 1093.4889454394579 2479.371863335371 4496.3043232709169 211.67382205277681
leaf_count=5884 3276 53460 14917 104217 100469 632 9933 97658 7821 63090 4793 13412 21953 1946
internal_value=4.05904e-06 -0.00302883 0.00220856 -0.00234219 0.00136396 -0.011266 0.005128 0.00174524 -0.00429272 0.0045105 -0.0013052 -0.0091299 -0.00173905 0.0104513
internal_weight=105653 44458.1 61195.1 41055.8 47491 3402.27 13704 42315.3 14219.8 12306.3 26836.1 2602.55 5175.75 1397.79
internal_count=503461 190219 313242 170291 223356 19928 89886 198127 61281 78007 109010 14044 25229 11879
is_linear=0
shrinkage=0.03


Tree=89
num_leaves=15
num_cat=0
split_feature=3 3 3 3 3 5 3 3 5 5 5 5 5 3
split_gain=793.1 229.625 213.985 59.9507 59.8073 57.43 44.1919 33.2489 25.7571 20.1546 18.8736 15.2861 12.4161 4.93565
threshold=0.00089982771158954539 0.0024985033181611446 0.00033082795944191595 0.00062774871311010582 0.0014473538235094494 -0.0011124103034928689 0.0062965774271388011 0.00011683152952991526 0.0054712011911561007 0.0010774427237905781 -0.0031722197340909781 0.0035794908720242495 0.00095854595744080328 0.010962480727594684
decision_type=8 8 10 10 10 10 8 10 10 10 10 10 10 8
left_child=2 4 7 9 8 -6 10 -1 -2 -4 -3 -5 -9 -8
right_child=1 6 3 11 5 -7 13 12 -10 -11 -12 -13 -14 -15
leaf_value=-0.022938723366321558 -0.00029484949146379096 0.0019865671789187325 -0.0059217150782020899 -0.0023873708188417732 -0.00095424255012153687 0.0024300708354182883 0.0092096440074101987 -0.012122540895825712 0.0050477348645795034 -0.0030705166817055212 0.0048675657111284694 0.0025878026271659365 -0.0055633108845621346 0.015378427349374319
leaf_weight=252.69014021009207 30328.77138325572 2579.4004919156432 7750.364756911993 16227.346268042922 5604.0932665169239 22591.09326736629 944.10060910880566 1951.5268570631742 823.82742127776146 3335.5144650936127 12075.654313668609 556.10848179459572 371.32339777052402 209.16819413006306
leaf_count=2028 127110 16986 34832 65508 27257 110509 8027 11749 4108 14436 74905 2312 2087 1947
internal_value=-4.25605e-05 0.0016116 -0.00412718 -0.00335685 0.000754216 0.00175518 0.0048241 -0.0123943 -0.000150066 -0.0050728 0.00436628 -0.00221751 -0.0111281 0.0105026
internal_weight=105601 75156.1 30444.9 27869.3 59347.8 28195.2 15808.3 2575.54 31152.6 11085.9 14655.1 16783.5 2322.85 1153.27
internal_count=503801 370849 132952 117088 268984 137766 101865 15864 131218 49268 91891 67820 13836 9974
is_linear=0
shrinkage=0.03


Tree=90
num_leaves=15
num_cat=0
split_feature=3 3 3 3 3 5 3 5 3 3 5 5 3 2
split_gain=769.71 214.241 182.264 74.0137 54.7981 39.8785 36.8642 24.0951 23.7777 23.1132 22.7679 17.8184 17.6136 8.39469
threshold=0.0010019150786712697 0.00051267016105537564 0.0021880212882158744 0.00023576616064718205 0.0041485853541622661 -0.0009839829200537669 0.0012898926894439053 -0.0013470540437885209 0.00077726336981763218 0.010962480727594684 0.0037559607802979383 0.0022523875670661876 0.00011683152952991526 0.37500000000000006
decision_type=8 10 8 10 8 10 10 10 10 8 10 10 10 10
left_child=1 3 5 12 7 -2 -7 -4 10 -6 -3 -5 -1 -10
right_child=2 8 4 11 9 6 -8 -9 13 -11 -12 -13 -14 -15
leaf_value=-0.022702780565044597 -0.0010415949265112339 -0.0033316190251289944 0.0013343748707129502 -0.0069865881783964089 0.0066729950127956631 0 0.0019094518482655168 0.0040230617564698101 -0.00044149715841044335 0.016999401634036886 0.0070923156437512373 0.0011001908348791864 -0.012652188381760267 -0.0019875417406049756
leaf_weight=247.60918420553207 8663.9110395461321 14310.321285292506 4038.8002772480249 6782.4824913740158 3956.7174218595028 14382.844368994236 24613.42441944778 12716.734523080289 4951.4941876828671 209.63923618942499 178.4415525496006 238.56761918962002 835.04425260424614 9350.5853751003742
leaf_count=2020 39193 58997 23415 32958 29983 60215 115431 74057 20064 1973 728 1034 5821 37679
internal_value=-5.75697e-05 -0.00355163 0.00182147 -0.00786113 0.0041557 0.000794874 0.00120459 0.00337973 -0.00233425 0.00724642 -0.0031943 -0.0067021 -0.0151925 -0.00145716
internal_weight=105477 36894.5 68582.1 8103.7 20921.9 47660.2 38996.3 16755.5 28790.8 4166.36 14488.8 7021.05 1082.65 14302.1
internal_count=503568 159301 344267 41833 129428 214839 175646 97472 117468 31956 59725 33992 7841 57743
is_linear=0
shrinkage=0.03


Tree=91
num_leaves=15
num_cat=0
split_feature=3 3 3 0 3 0 0 0 3 3 0 5 5 0
split_gain=673.756 268.037 125.793 77.3169 76.9511 64.3737 60.1702 32.5721 31.3118 30.479 29.4382 20.214 16.3619 15.6772
threshold=0.0011896351784609204 0.00051267016105537564 0.0025795691138644399 -0.24009675444035158 0.00020424142896018367 -0.14318882985876438 -0.11748016121875192 0.047842307354519338 0.00089982771158954539 0.0039663377888822056 -0.42572216630227783 0.00098056694565052554 -0.0017571478366755352 -0.26907275543943143
decision_type=8 10 8 10 10 10 8 10 10 8 10 10 8 10
left_child=1 4 3 12 -1 13 10 -5 -7 -8 -4 -6 -2 -3
right_child=2 5 6 7 11 8 9 -9 -10 -11 -12 -13 -14 -15
leaf_value=-0.016584974988465305 -0.005462440614947296 -0.0053911468739705568 -0.001567182995170957 0.0012858926095894539 -0.0075346369475029719 -0.0017006451908339651 0.0052450211013203947 0.0031763848853097144 0.00025744840357458366 0.0095269141391572752 0.0035485882914099397 -0.0038543471032884778 -0.00082242330717393632 -0.0028035241299606091
leaf_weight=770.3404146283865 758.55100226402283 3148.39374743402 1189.0333313196898 21268.356271401048 5358.7751607149839 16877.507489293814 5063.5066186487675 13549.00752748549 12926.664692640305 2248.3070462420583 6114.9878938421607 1944.8962924778461 6930.6241154074669 7144.4621604681015
leaf_count=5856 3571 12838 7105 99462 26822 68895 31915 66481 53466 18061 38619 9149 31726 29249
internal_value=4.61767e-05 -0.00256621 0.00225031 0.00142213 -0.00755176 -0.00155918 0.00465213 0.00202399 -0.000849567 0.00658107 0.00270658 -0.00656943 -0.00129446 -0.00360532
internal_weight=105293 48171 57122.4 42506.5 8074.01 40097 14615.8 34817.4 29804.2 7311.81 7304.02 7303.67 7689.18 10292.9
internal_count=503215 206275 296940 201240 41827 164448 95700 165943 122361 49976 45724 35971 35297 42087
is_linear=0
shrinkage=0.03


Tree=92
num_leaves=15
num_cat=0
split_feature=3 3 3 3 5 3 5 3 3 5 5 5 5 5
split_gain=663.793 270.508 150.284 71.8181 44.2558 42.4674 35.4928 31.9256 21.8461 20.3863 14.2982 11.3175 8.34906 4.1585
threshold=0.00071249700397446418 0.0016020738150715242 0.00039893720761813577 0.0030408022912978773 -0.0020589016080271262 0.00011683152952991526 0.0054712011911561007 0.0074694678430955114 0.0010019150786712697 0.0018921478924129843 -0.0011124103034928689 -0.0009839829200537669 0.0034144552768843768 0.0085157367316532114
decision_type=8 8 10 8 10 10 10 8 10 10 10 10 10 10
left_child=2 6 5 4 -3 -1 8 -5 -2 10 -4 -7 -11 -8
right_child=1 3 9 7 -6 11 13 -9 -10 12 -12 -13 -14 -15
leaf_value=-0.022463544586871321 -0.0013154758645551503 -0.0006479606111466494 -0.00063055359193155862 0.0047529291579907311 0.0027323567772791404 -0.0014938951960721154 0.0038470534468778524 0.011634456554539404 0 -0.0015316934811216757 -0.0044748196025087015 -0.0097353799315221846 0.0049511811149995097 0.011097103020497516
leaf_weight=241.64419485628605 18245.324535101652 4057.2956655472517 987.35724252462387 9080.6000815927982 23465.88717828691 178.44783191382885 1276.9754508733749 662.05852337926626 29965.360207393765 1872.5400535166264 11270.246570318937 3723.3372354209423 184.61949792504311 80.761450558900833
leaf_count=2028 73603 21234 4119 62012 120642 926 6483 5960 128154 7688 48676 20996 747 452
internal_value=-8.13e-06 0.00108965 -0.00517352 0.00302059 0.00223182 -0.0102084 -0.000361156 0.00523816 -0.000497376 -0.00370588 -0.00417082 -0.00937858 -0.000899726 0.00440015
internal_weight=105292 86834.3 18458.2 37265.8 27523.2 4143.43 49568.4 9742.66 48210.7 14314.8 12257.6 3901.79 2057.16 1357.74
internal_count=503720 418540 85180 209848 141876 23950 208692 67972 201757 61230 52795 21922 8435 6935
is_linear=0
shrinkage=0.03


Tree=93
num_leaves=15
num_cat=0
split_feature=5 0 4 5 0 0 5 5 0 0 5 5 0 5
split_gain=171.427 72.788 61.1921 44.5667 42.6976 33.7803 20.5702 16.0655 14.544 14.2411 17.7406 15.2099 8.68922 4.77826
threshold=0.0052577893579663264 0.19716013279139302 1.0000000180025095e-35 0.0011008852706711101 -0.19350952369921889 -0.22550155021775295 0.011487077008143696 -0.0062259021999955698 -0.26907275543943143 0.6780383461259557 0.00054491995842993388 0.0025887892191453318 -0.38421871537286806 0.011487077008143696
decision_type=8 10 2 10 10 10 8 10 8 10 10 10 8 8
left_child=1 3 8 7 12 -5 -6 -1 -2 11 -11 -3 -4 -10
right_child=2 9 4 5 6 -7 -8 -9 13 10 -12 -13 -14 -15
leaf_value=0.0025013829978785974 -0.0036087477061526058 0.00058168639078147639 -0.0015735891742810065 -0.0017101724207937614 0.0056406391704881039 0.00056389388051968287 0.010486422045575049 -0.0014539253615484193 0.00064677801643927267 0.005381102340169394 -4.5384548183234508e-05 0.0031435664738177923 0.0027090322502849365 0.003739444276448393
leaf_weight=924.51865327358246 656.57794430851936 10380.538356736302 577.33726771175861 7508.4544738531113 4157.8845345377922 26917.572727225721 1043.6268138438463 43592.723165608943 2286.4021217077971 1646.0318037569523 773.56306351721287 2634.1010000482202 1439.5934710949659 577.04984755069017
leaf_count=6746 4075 48341 3579 34729 25649 121342 8746 197480 13908 8812 3599 12257 9384 4672
internal_value=3.40225e-05 -0.000374196 0.00362434 -0.000743111 0.00520459 6.5816e-05 0.00664266 -0.00136989 0.000361184 0.00150811 0.00362847 0.00110682 0.00145183 0.00130175
internal_weight=105116 94377.5 10738.5 78943.3 7218.44 34426 5201.51 44517.2 3520.03 15434.2 2419.59 13014.6 2016.93 2863.45
internal_count=503319 433306 70013 360297 47358 156071 34395 204226 22655 73009 12411 60598 12963 18580
is_linear=0
shrinkage=0.03


Tree=94
num_leaves=15
num_cat=0
split_feature=3 3 3 3 3 3 5 3 5 3 5 5 5 5
split_gain=646.908 221.4 149.222 47.1455 44.1322 36.9672 31.2052 30.702 25.0888 20.5434 12.3286 11.9007 9.60422 5.12908
threshold=0.00079993023030014215 0.0021510302458801205 0.00033082795944191595 0.0011896351784609204 0.0041485853541622661 0.0005007185319881581 -0.0017571478366755352 0.00016677107435935856 -0.0021373049324250352 0.010962480727594684 0.0037559607802979383 0.0062457820969051931 0.0022523875670661876 -0.0011124103034928689
decision_type=8 8 10 10 8 10 10 10 10 8 10 10 10 10
left_child=2 3 7 11 8 12 -5 -1 -3 -6 -7 -2 -4 -9
right_child=1 4 5 6 9 10 -8 13 -10 -11 -12 -13 -14 -15
leaf_value=-0.018309694639223634 -0.00076757413763517488 0.00081660678561481191 -0.0060848352153184265 -0.0013720748508286667 0.0061220755445745272 -0.0029528511696811682 0.0013297860811471434 0 0.0037373852688866466 0.016011810693907919 0.0040736396973116915 0.0089781528161425161 0.00049234545169554158 -0.0097985701130306174
leaf_weight=476.36935014277697 24133.272967129946 3338.0512811094522 4816.3057996928692 4360.5616855025291 3898.0932073816657 16153.062133222818 31099.250994086266 59.840562328696251 14029.145087845623 202.68881553411484 212.46902996301651 102.4328964650631 189.41110128164291 1978.4866453111172
leaf_count=3899 98700 19696 22939 20432 29983 66665 143196 325 81475 1962 871 495 820 11680
internal_value=-3.77454e-05 0.00123888 -0.00437689 0.000297956 0.00385115 -0.00355592 0.000995548 -0.0112885 0.00318024 0.00666325 -0.00285553 -0.000720223 -0.00582351 -0.00953695
internal_weight=105049 81163.5 23885.9 59695.5 21468 21371.2 35459.8 2514.7 17367.2 4100.78 16365.5 24235.7 5005.72 2038.33
internal_count=503138 395939 107199 262823 133116 91295 163628 15904 101171 31945 67536 99195 23759 12005
is_linear=0
shrinkage=0.03


Tree=95
num_leaves=15
num_cat=0
split_feature=3 3 3 3 3 3 5 3 5 5 5 5 3 5
split_gain=596.531 172.527 171.701 64.1285 39.4636 29.4863 29.0747 28.7628 24.9407 20.3135 15.4415 12.6255 10.6705 9.31309
threshold=0.00084688774468579897 0.0018419295872490959 0.00036776999756901193 0.0049591134963881097 0.00011683152952991526 0.00064599688257697713 -0.0020589016080271262 0.0011565822618161334 -0.0011124103034928689 0.0047853485719331198 -0.0009839829200537669 0.0011511392791270158 0.0074694678430955114 0.002752669949704615
decision_type=8 8 10 8 10 10 10 10 10 10 10 10 8 10
left_child=2 7 4 6 -1 11 -3 9 -9 -2 -6 -4 -5 -7
right_child=1 3 5 12 10 13 -8 8 -10 -11 -12 -13 -14 -15
leaf_value=-0.022058216757883449 -0.00075771387618009671 0.00069543037896302798 -0.004674181705921431 0.0065487444087354548 0.00010831847147458233 -0.0021359223088017742 0.0032659380178584572 -0.0010335542866456741 0.0012752020496588649 0.005460791682461128 -0.0096764438030049176 -0.0024038161703208343 0.011369583075259659 0.00069221707584937644
leaf_weight=237.3449305742979 18862.767632991076 4929.4535137563944 7918.4765082597733 1713.9894271492958 139.77347554266453 11254.982737287879 21663.887092202902 5033.574046343565 24840.06171669066 473.06032145023346 2910.3118867352605 3287.8437697291374 657.41396749019623 1116.6065384298563
leaf_count=2054 76952 28766 35265 13799 746 45473 122591 22518 111278 2165 17131 14098 6029 4544
internal_value=5.66091e-05 0.00138254 -0.00379849 0.00321931 -0.0102195 -0.00289673 0.00279215 0.000299755 0.000883963 -0.00059973 -0.00920955 -0.00401616 0.00795253 -0.00187547
internal_weight=105040 78174.2 26865.3 28964.7 3287.43 23577.9 26593.3 49209.5 29873.6 19335.8 3050.09 11206.3 2371.4 12371.6
internal_count=503409 384098 119311 171185 19931 99380 151357 212913 133796 79117 17877 49363 19828 50017
is_linear=0
shrinkage=0.03


Tree=96
num_leaves=15
num_cat=0
split_feature=5 0 0 5 0 4 0 5 0 4 5 5 0 5
split_gain=137.842 79.3178 52.8398 44.7839 29.7455 26.8272 22.4399 16.0802 14.9377 9.73314 9.10374 15.2418 9.7578 5.16885
threshold=0.0059618215609389723 0.19716013279139302 -0.05315781230735394 0.0010774427237905781 -0.31001455112051385 1.0000000180025095e-35 -0.37595249171109768 -0.0052305660716724595 0.6419849174143577 1.0000000180025095e-35 -0.00024786317811196904 0.002752669949704615 0.6780383461259557 0.010913077804271391
decision_type=8 10 8 10 10 2 10 10 10 2 10 10 10 8
left_child=1 3 6 7 -5 13 -2 -1 -7 -8 12 -12 -3 -4
right_child=2 10 5 4 -6 8 9 -9 -10 -11 11 -13 -14 -15
leaf_value=0.0018858910871071286 -0.0033593395022179767 0.0018167931614608112 0.00076582490770153657 -0.002455849493907084 0.00036107910645984581 0.0086213021062501206 0.00022685626807181851 -0.0014511157659905995 0.0034128037197205599 0.0035792651773740268 2.6357589234420925e-05 0.0025963047463629639 0.0045936100937444069 0.0051237588469773441
leaf_weight=1316.7019828930497 764.10075859725475 5356.2935437113047 861.57770858705044 3749.2200992777944 32790.97959856689 2399.74426510185 1322.3865143284202 42689.497939497232 701.04880233108997 2044.9603106975555 5721.8136854916811 3294.3579531535506 1510.080270126462 361.65309721976519
leaf_count=9130 4852 26141 5430 17703 149800 16698 8832 193182 4877 14205 25408 15789 8242 2954
internal_value=0 -0.000322338 0.00367027 -0.00070495 6.98127e-05 0.00598832 0.00122108 -0.0013495 0.00747777 0.00228508 0.00161348 0.000973857 0.002442 0.00213402
internal_weight=104884 96428.9 8455.47 80546.4 36540.2 4324.02 4131.45 44006.2 3100.79 3367.35 15882.5 9016.17 6866.37 1223.23
internal_count=503243 445395 57848 369815 167503 29959 27889 202312 21575 23037 75580 41197 34383 8384
is_linear=0
shrinkage=0.03


Tree=97
num_leaves=15
num_cat=0
split_feature=0 0 0 0 4 0 0 0 0 0 4 2 2 0
split_gain=97.7099 32.6569 28.8954 5.98427 10.616 3.60628 2.52705 9.02589 2.04937 2.25641 1.96951 2.38801 1.8458 1.7788
threshold=0.042396915536002673 -0.40358146368691888 0.40753782963024726 -0.11543876114500233 1.0000000180025095e-35 -0.080220540179046382 0.19716013279139302 0.25219394851431481 0.55416332134114699 0.51020889685704041 1.0000000180025095e-35 0.62500000000000011 0.37500000000000006 0.061991235157584319
decision_type=10 8 10 10 2 10 10 10 10 10 2 10 10 10
left_child=1 10 6 4 -3 -5 13 -8 9 -4 12 -12 -1 -2
right_child=2 3 8 5 -6 -7 7 -9 -10 -11 11 -13 -14 -15
leaf_value=-0.0026677244771322372 0.0012002586696225647 -0.0016337035775483963 0.0025967583222598562 0.00031927663115623341 -0.00049663922352365098 -0.00044579085478077258 0.0023061289923342098 0.00043911774428131311 0.0032276092256196976 0.0005961308351674448 -0.0022478856279004654 -0.0043967283460799832 -0.0058686591086537128 0.00037769662190739744
leaf_weight=370.0239809602499 2951.4077528342605 10652.683999098837 2398.091393314302 7214.3854657784104 24970.928728364408 22902.888244055212 3719.8110781535506 6510.8400148302317 4767.8763440102339 758.17615270614624 1673.9464248865843 834.06568313390017 637.88342516124249 14588.55740558356
leaf_count=1864 13863 51157 12024 33901 119178 107216 17830 31717 25888 3863 8557 4267 3273 69088
internal_value=-6.91777e-05 -0.000726848 0.00120503 -0.000574805 -0.000838707 -0.000260488 0.000745596 0.0011254 0.00280462 0.00213853 -0.00354303 -0.00300096 -0.00479023 0.000520131
internal_weight=104952 69256.8 35694.8 65740.9 35623.6 30117.3 27770.6 10230.7 7924.14 3156.27 3515.92 2508.01 1007.91 17540
internal_count=503686 329413 174273 311452 170335 141117 132498 49547 41775 15887 17961 12824 5137 82951
is_linear=0
shrinkage=0.03


Tree=98
num_leaves=15
num_cat=0
split_feature=5 0 0 4 5 0 5 5 5 0 5 0 5 5
split_gain=133.497 60.114 56.4402 42.4459 40.8844 30.3055 14.0253 13.902 17.7967 13.9018 13.7857 8.3533 6.23154 4.86769
threshold=0.0059618215609389723 0.19716013279139302 -0.28034862942840394 1.0000000180025095e-35 0.00093494585418775499 -0.40358146368691888 0.011487077008143696 -0.0012466714745489164 0.0025887892191453318 0.6780383461259557 -0.0069433849341747683 -0.41367515449904518 0.0073000213173555779 0.013984077456608526
decision_type=8 10 8 2 10 10 8 10 10 10 10 10 8 10
left_child=1 4 11 12 10 -6 -5 9 -9 -3 -1 -2 -4 -13
right_child=2 7 3 6 5 -7 -8 8 -10 -11 -12 13 -14 -15
leaf_value=0.0028468156126912575 -0.004482596085225117 0.0018073762843578668 -0.000731794844051551 0.0054578567518657689 -0.0042087992871315859 0.0002806691274236234 0.0094319796952800211 3.7842528746378036e-05 0.0026077925558812914 0.0055857963331060979 -0.0013066413424525573 -0.00080015161804200758 0.0025395760188838289 0.0047215704300044613
leaf_weight=714.08752357214689 535.32143151015043 3425.8072070777416 752.39845122396946 3501.3432512506843 1393.0660092532635 37547.971619211137 1154.9754447564483 7694.6590163633227 3564.6545977890491 1219.6577982455492 40933.662524692714 833.80873652547598 1528.6770881041884 162.56221643090248
leaf_count=5434 3370 17541 4434 22782 6621 171251 9868 34253 17010 6932 186544 5264 11081 1278
internal_value=6.98084e-05 -0.000246719 0.00367932 0.00483089 -0.000579924 0.000117484 0.00647458 0.00143715 0.000858395 0.00282215 -0.00123332 -0.00149502 0.00143586 7.90859e-05
internal_weight=104963 96493.6 8469.09 6937.39 80588.8 38941 4656.32 15904.8 11259.3 4645.47 41647.8 1531.69 2281.08 996.371
internal_count=503663 445586 58077 48165 369850 177872 32650 75736 51263 24473 191978 9912 15515 6542
is_linear=0
shrinkage=0.03


Tree=99
num_leaves=15
num_cat=0
split_feature=5 0 0 5 0 5 0 5 5 5 5 5 0 5
split_gain=137.402 81.2472 50.464 35.1704 27.7055 17.0456 14.6658 11.7192 10.5284 7.8712 7.38809 5.87148 4.15601 2.99136
threshold=0.0060969776988657309 0.19716013279139302 -0.10514492856702561 0.0010774427237905781 -0.43937507724137975 0.018749618264254427 -0.43937507724137975 -0.0091228675858552825 -0.0052305660716724595 0.0034144552768843768 0.0069016701544504103 0.013984077456608526 0.53134678849817707 0.018749618264254427
decision_type=8 10 8 10 10 8 10 10 10 10 10 10 10 10
left_child=1 3 6 8 -5 10 13 12 -1 -9 -4 -8 -3 -2
right_child=2 7 5 4 -6 -7 11 9 -10 -11 -12 -13 -14 -15
leaf_value=0.0013088038620809594 -0.0052419030024866368 0.0023500598234857009 0.0027367345513801457 -0.0053119238875778164 8.7428980866556533e-05 0.012033807048531997 0.0010742209471564673 0.0011901703209906073 -0.0013789898425408944 0.0030725411366247391 0.0058719308029017885 0.0047914276647591505 0.0098378058051214034 0.0013596231691023251
leaf_weight=1322.7251098453999 362.67284954339266 145.22442458570004 985.8942674472928 865.94552397727966 36009.006140701473 368.35144634544849 2538.2525766342878 13156.257462114096 42721.14083597064 2426.2681606262922 3319.8682779967785 462.99302189052105 202.90913969278336 53.436819396913052
leaf_count=9178 2229 1207 5862 4139 165170 3549 16559 60990 193294 12069 23503 3882 1686 396
internal_value=-2.38466e-05 -0.000338329 0.00372867 -0.000724407 -3.91447e-05 0.00575376 0.000932624 0.00161819 -0.00129663 0.00148889 0.00517597 0.0016816 0.00703465 -0.00424131
internal_weight=104941 96849.5 8091.47 80918.8 36875 4674.11 3417.36 15930.7 44043.9 15582.5 4305.76 3001.25 348.134 416.11
internal_count=503713 447733 55980 371781 169309 32914 23066 75952 202472 73059 29365 20441 2893 2625
is_linear=0
shrinkage=0.03


Tree=100
num_leaves=15
num_cat=0
split_feature=3 3 3 0 0 3 3 3 0 3 0 3 0 5
split_gain=520.951 191.296 133.721 60.5739 52.7221 41.3559 39.2965 37.6082 29.0717 27.215 24.9107 14.3417 13.7517 7.10394
threshold=0.00075358048531563382 0.0018854705074012707 0.00028843218189381357 -0.36093360351730353 -0.10514492856702561 0.0036010223690770777 0.00043986790339815287 0.0011896351784609204 -0.15397164038566005 0.00011683152952991526 -0.42572216630227783 0.0016962323924409929 0.064818034754743695 0.0012000213295563715
decision_type=8 8 10 10 8 8 10 10 10 10 10 10 10 10
left_child=2 3 9 11 10 -6 12 -5 -8 -1 -3 -2 -4 -11
right_child=1 4 6 7 5 -7 8 -9 -10 13 -12 -13 -14 -15
leaf_value=-0.021984030832135668 -0.0060417352242504042 -0.0015775992158544385 -0.00769010454009418 -0.00052565476695274065 0.0035985546026367282 0.0076978222032917255 -0.0053047572365631764 0.0010532015319486281 -0.0021212705222267893 -0.011123847353686414 0.0022855249852654215 0.00046360301590659737 -0.0035991918843340139 -0.0025884661536827417
leaf_weight=230.88845179229975 1727.4231189191341 1690.2174955755472 2345.9667219221592 26396.378056079149 11179.668362267315 2819.2747505605221 3326.1087594181299 27883.340864643455 12254.121838614345 1376.9694992974401 12037.13209412992 347.90126037597656 1220.8497660905123 121.26684075593948
leaf_count=2036 7176 9551 11880 107877 64172 22469 14154 126202 51469 9105 69446 1583 6042 736
internal_value=4.17159e-05 0.00109551 -0.0041982 9.058e-05 0.00313516 0.0044333 -0.0034682 0.000284339 -0.0028077 -0.0121808 0.0018047 -0.00492543 -0.00632062 -0.0104945
internal_weight=104958 84081.3 20876.2 56355 27726.3 13998.9 19147 54279.7 15580.2 1729.12 13727.3 2075.32 3566.82 1498.24
internal_count=503898 408476 95422 242838 165638 86641 83545 234079 65623 11877 78997 8759 17922 9841
is_linear=0
shrinkage=0.03


Tree=101
num_leaves=15
num_cat=0
split_feature=0 0 0 4 0 0 0 2 0 0 2 0 2 0
split_gain=82.3812 25.3386 9.177 15.8495 8.54099 3.10685 2.63436 3.84515 2.42699 2.00325 1.33852 1.07162 1.31125 1.11267
threshold=0.177369004339093 -0.37595249171109768 -0.11543876114500233 1.0000000180025095e-35 0.36943018759029495 0.35828518522537151 -0.52524887021638811 0.62500000000000011 0.026617101684818349 0.25219394851431481 0.37500000000000006 1.2871131840604353 1.0000000180025095e-35 0.82047527348591809
decision_type=10 10 10 2 10 10 10 10 10 10 10 10 10 10
left_child=1 6 3 -3 5 9 10 -8 -4 -2 -1 13 -13 -6
right_child=4 2 8 -5 11 -7 7 -9 -10 -11 -12 12 -14 -15
leaf_value=-0.0020412096719644559 0.001719245778530065 -0.0015864375481197126 -0.00013024809601253851 -0.00017583849503877803 0.0025346480417515042 -0.0013347642466592917 -0.0014338858222203447 -0.003482574270106527 0.0003139113605441966 0.00084094735742176589 -0.0052864222134353274 0 0.0043260207030255257 0.0014947754529622559
leaf_weight=273.17731879651546 5351.6992443799973 10281.428837679327 27504.465537078679 24034.957231864333 6975.6134608387947 386.87645611166954 2669.0430820956826 1336.717742703855 18437.897440508008 4896.173634044826 469.13111732900143 74.827626660466194 565.14019978791475 1495.7523799091578
leaf_count=1421 25717 49333 128967 114634 35593 1906 13408 6716 87134 23788 2491 483 3487 8311
internal_value=4.86521e-05 -0.000356281 -0.000229323 -0.000600551 0.00179422 0.0012038 -0.00248471 -0.00213944 4.67288e-05 0.0013067 -0.00421491 0.0024747 0.00383983 0.0023601
internal_weight=104753 85006.8 80258.7 34316.4 19746.1 10634.7 4748.07 4005.76 45942.4 10247.9 742.308 9111.33 639.968 8471.37
internal_count=503389 404104 380068 163967 99285 51411 24036 20124 216101 49505 3912 47874 3970 43904
is_linear=0
shrinkage=0.03


Tree=102
num_leaves=15
num_cat=0
split_feature=3 3 3 3 5 3 3 3 5 5 5 5 3 3
split_gain=524.106 152.529 137.557 51.9621 38.7508 37.3796 32.1792 29.4914 26.0279 15.6185 13.7218 6.24069 5.31033 4.25628
threshold=0.00091553758183144317 0.00031024040793541568 0.0023771423407797317 0.00060967312287825556 -0.0016921238846092895 0.0059290852289564317 0.0015379687221271519 0.00011683152952991526 -0.0031722197340909781 0.0018921478924129843 0.0024720450507914652 0.00095854595744080328 0.010962480727594684 0.0016242212511274347
decision_type=8 10 8 10 10 8 10 10 10 10 10 10 8 10
left_child=1 7 4 9 13 8 -6 -1 -4 -3 -5 -9 -7 -2
right_child=2 3 5 10 6 12 -8 11 -10 -11 -12 -13 -14 -15
leaf_value=-0.021383805909011323 -0.0021817555805865754 -0.0047591965482716358 0.00062467469798028032 -0.0020267249521699758 0.00038811428562405469 0.007574772414771367 0.0019624029937645353 -0.010424038289895363 0.0038941950965884153 -0.00081284781318521058 0.00034652718493217511 -0.0047600007448518116 0.01369866887585742 -0.00060374659578754121
leaf_weight=228.37710828334093 3545.5998166948557 9305.5796481519938 2684.8029579520226 16235.690826013684 31177.533324450254 1126.5678760781884 18809.327723026276 1578.2364841923118 13240.404114149511 1045.9313330203295 2483.0742886215448 272.46339204162359 196.06697805970907 2958.5504760742188
leaf_count=2046 15469 42728 17605 65723 132450 9882 92783 10198 82072 4428 10106 1625 1956 14791
internal_value=3.64969e-05 -0.00322511 0.00141536 -0.00265866 0.000697788 0.00376033 0.00098197 -0.011066 0.0033475 -0.00436741 -0.00170869 -0.00965248 0.00862358 -0.0014752
internal_weight=104888 31149.4 73738.9 29070.3 56491 17247.8 49986.9 2079.08 15925.2 10351.5 18718.8 1850.7 1322.63 6504.15
internal_count=503862 136854 367008 122985 255493 111515 225233 13869 99677 47156 75829 11823 11838 30260
is_linear=0
shrinkage=0.03


Tree=103
num_leaves=15
num_cat=0
split_feature=5 4 5 4 5 5 4 5 1 2 5 1 5 5
split_gain=99.8009 49.3041 23.1249 20.8677 15.8191 15.1486 14.7487 7.4466 7.03351 6.99408 3.77387 2.67424 2.06192 1.88997
threshold=0.0059618215609389723 1.0000000180025095e-35 0.0022523875670661876 1.0000000180025095e-35 0.013984077456608526 -0.01111118770675563 1.0000000180025095e-35 0.0041453406803188984 1.0000000180025095e-35 0.62500000000000011 0.0088292021775070052 1.0000000180025095e-35 0.028179195812013228 -0.014720823662419906
decision_type=8 2 10 2 8 10 2 10 2 8 8 2 8 10
left_child=2 9 5 8 -3 13 -7 -5 -4 11 -11 -2 -6 -1
right_child=1 4 3 7 12 6 -8 -9 -10 10 -12 -13 -14 -15
leaf_value=0.007106731306444963 0.0042302443830097335 0.0040521694012546497 0.003422093066992077 0.00075592635905903931 0.0075150355937772502 6.1375214586039301e-05 -0.000845152726289986 0.0021746011026751839 -0.00089880020648096107 0.0005258895809465711 0.0063636993386081845 -0.00099473411370607791 0.01306142321062859 0.0024764307380717755
leaf_weight=213.71801231056452 78.266238518059254 4742.5371255129576 340.50041260570288 11384.59992903471 764.99509285390377 24275.611321389675 47556.312927961349 4850.9656501784921 7466.8955778256059 248.62405917793512 193.60602126270533 2237.9373881146312 126.80298945307732 235.12744219601154
leaf_count=2008 538 31473 1648 52181 6592 110529 216151 25488 35614 1564 1506 15053 1320 1939
internal_value=3.88446e-05 0.00317491 -0.000234082 0.000570547 0.00478162 -0.0005026 -0.00053799 0.00118458 -0.000698543 -9.06711e-05 0.00329853 -0.000774959 0.00850629 0.00491875
internal_weight=104717 8392.77 96323.7 24043 5634.34 72280.8 71831.9 16235.6 7807.4 2758.43 442.23 2316.2 891.798 448.845
internal_count=503604 58046 445558 114931 39385 330627 326680 77669 37262 18661 3070 15591 7912 3947
is_linear=0
shrinkage=0.03


Tree=104
num_leaves=15
num_cat=0
split_feature=3 3 3 3 3 3 5 5 5 5 5 4 5 3
split_gain=488.955 157.746 140.348 41.6389 34.6146 33.4865 24.221 21.6774 16.9221 12.3306 12.1111 12.0842 9.98196 9.02863
threshold=0.00088473381812976431 0.00036776999756901193 0.0016242212511274347 0.0059290852289564317 0.00016677107435935856 0.00059152873310050198 -0.0019792434824167436 0.0054712011911561007 -0.0022264974353289188 -0.0009839829200537669 0.0035227769215275518 1.0000000180025095e-35 0.0030135295360465423 0.010962480727594684
decision_type=8 10 8 8 10 10 10 10 10 10 10 2 10 8
left_child=1 4 7 6 -1 12 -4 8 -2 -6 -7 -9 -3 -5
right_child=2 5 3 13 9 10 -8 11 -10 -11 -12 -13 -14 -15
leaf_value=-0.017437157550457546 -0.0026813342122592012 -0.0043053099359321809 0.00063403485256504364 0.0065616301289873856 0.00035276946667782205 -0.0019997795223599285 0.0027155677861389919 -0.00079846892425219874 -1.6925215675848015e-05 -0.0087325627053390729 0.0024016657850541019 0.0052795399267051213 0.0044537593294702287 0.01409532910955618
leaf_weight=453.89356500655413 2275.2330083847046 8161.9375518113375 6216.4219885766506 1119.5497665628791 127.52518263459206 17089.759005174041 28449.536903254688 384.88699150085449 35862.696445435286 2630.5829820781946 561.40132902562618 1030.0437239557505 104.41376316547394 190.29520492255688
leaf_count=3910 9992 36856 36013 9903 683 69387 157597 1939 151682 15261 2329 5428 426 1926
internal_value=-8.18645e-05 -0.00338359 0.00119101 0.00254674 -0.00965224 -0.00260097 0.00234432 -4.09217e-05 -0.000178113 -0.00829106 -0.00185511 0.0035901 -0.00418218 0.00780009
internal_weight=104658 29129.5 75528.7 35975.8 3212 25917.5 34666 39552.9 38137.9 2758.11 17651.2 1414.93 8266.35 1309.84
internal_count=503332 128852 374480 205439 19854 108998 193610 169041 161674 15944 71716 7367 37282 11829
is_linear=0
shrinkage=0.03


Tree=105
num_leaves=15
num_cat=0
split_feature=3 3 3 3 3 5 3 3 5 5 5 5 3 3
split_gain=450.355 190.305 110.519 48.2799 40.466 29.1814 30.7543 18.4937 15.5192 13.8631 11.3815 10.608 6.72634 5.35049
threshold=0.0011399045415688479 0.00039893720761813577 0.0031651560351860495 0.00016677107435935856 0.00067994728334684932 -0.0020589016080271262 0.0021510302458801205 0.0059290852289564317 0.0038155130313319366 -0.0009839829200537669 -0.0011124103034928689 0.0037559607802979383 0.0024478804273382823 0.010962480727594684
decision_type=8 10 8 10 10 10 10 8 10 10 10 10 10 8
left_child=1 3 5 -1 10 12 -7 11 -6 -5 -3 -4 -2 -9
right_child=2 4 7 9 8 6 -8 13 -10 -11 -12 -13 -14 -15
leaf_value=-0.017785255163140529 -0.0013304202204220577 0.00022309951139408868 0.0052695359565380359 0.00063641920734075865 -0.0011943432240535574 0.0010123331124767057 0.0028824732755487392 0.0071529479359890196 0.0019473026977074252 -0.0076919399439696577 -0.0033385727991255688 0.0028813233055176263 0.0009739713203823641 0.013303674763777558
leaf_weight=451.29363884776831 4612.0855313688517 833.51083309948444 4092.4954410269856 174.48145416378975 27352.738968238235 34580.345621481538 10345.486368015409 1130.7644808217883 1469.5601253956556 3365.1537755727768 11467.913387298584 3179.2751043662429 1474.828602746129 190.47407648712397
leaf_count=3935 22166 3515 26206 909 110787 158502 58198 10046 6448 19011 49906 24047 8471 1952
internal_value=5.57331e-07 -0.00225995 0.0017126 -0.0085101 -0.00165001 0.00118032 0.00144487 0.00486044 -0.00103146 -0.00726387 -0.00309238 0.00423902 -0.000761555 0.008178
internal_weight=104720 45114.7 59605.8 3990.93 41123.7 51012.7 44925.8 8593.01 28822.3 3539.64 12301.4 7271.77 6086.91 1321.24
internal_count=504099 194511 309588 23855 170656 247337 216700 62251 117235 19920 53421 50253 30637 11998
is_linear=0
shrinkage=0.03


Tree=106
num_leaves=15
num_cat=0
split_feature=3 3 3 0 0 3 3 0 3 3 3 0 0 2
split_gain=426.23 131.258 119.654 74.9671 45.7995 43.506 35.3248 30.2516 24.88 24.6522 23.7455 19.8499 9.75451 5.33278
threshold=0.00082376494954258122 0.0024478804273382823 0.00028843218189381357 -0.24009675444035158 -0.11748016121875192 0.0005548494381610187 0.001205830551756865 -0.21978695337803075 0.00011683152952991526 0.0068132906241668038 0.0011565822618161334 -0.47348663310134564 0.55416332134114699 1.0000000180025095e-35
decision_type=8 8 10 10 8 10 10 10 10 8 10 10 10 10
left_child=2 3 8 10 11 12 -5 -7 -1 -6 -2 -3 -4 -10
right_child=1 4 5 6 9 7 -8 -9 13 -11 -12 -13 -14 -15
leaf_value=-0.02070259412632617 -0.0044927503180115739 -0.0026321223981246814 -0.0047462219155658498 2.6883165693856736e-06 0.0047593613896733276 -0.0054211149117507889 0.0015861979380059198 -0.001345805173854255 0 0.012651017192919648 -0.0010349705217298495 0.0024194111592546344 0.001855483207012688 -0.009851133711068525
leaf_weight=218.24147438257933 2374.3182853162289 755.32023891061544 7819.1538454890251 20918.541427105665 7719.2657217755914 1873.1529633998871 32478.641602560878 13630.049910396338 62.845979698002338 379.06321064382792 7489.9436151236296 7263.0735133737326 188.54717576503754 1391.5818803906441
leaf_count=2041 9583 4521 37049 85978 51970 7740 154890 55783 416 3851 34024 45626 842 9386
internal_value=6.00779e-05 0.00113954 -0.00333908 0.000522436 0.00355624 -0.00278119 0.000967092 -0.00184524 -0.011082 0.0051513 -0.00187704 0.00193341 -0.00458118 -0.00946587
internal_weight=104562 79378.2 25183.6 63261.4 16116.7 23510.9 53397.2 15503.2 1672.67 8098.33 9864.26 8018.39 8007.7 1454.43
internal_count=503700 390443 113257 284475 105968 101414 240868 63523 11843 55821 43607 50147 37891 9802
is_linear=0
shrinkage=0.03


Tree=107
num_leaves=15
num_cat=0
split_feature=3 3 3 0 0 3 0 0 3 3 0 5 3 3
split_gain=401.63 144.62 105.917 61.0074 47.4137 51.8571 35.1703 32.7599 21.951 21.5585 19.6026 7.38371 6.26678 5.03296
threshold=0.00075358048531563382 0.0017469627563974058 0.00028843218189381357 -0.34743697536160423 -0.25894916652544725 0.0029250039279950265 0.0072917067945447176 -0.14944244582445845 0.00053393972403417472 0.00011683152952991526 -0.45494687316244259 0.00098056694565052554 0.00039893720761813577 0.00085449821525481211
decision_type=8 8 10 10 8 8 10 10 10 10 10 10 10 10
left_child=2 3 9 13 10 -6 -5 12 -9 -1 -3 -11 -4 -2
right_child=1 4 7 6 5 -7 -8 8 -10 11 -12 -13 -14 -15
leaf_value=-0.020103546571672733 0 -0.0029511350221427942 -0.0088356758844943383 -0.00052745245560930872 0.0022138035572589559 0.0052340814601669668 0.0010834134619244829 -0.0039518086635099911 -0.0015404774156869629 -0.010353488445522424 0.0011056279962923608 -0.003346554003766912 -0.0049746638815120672 -0.0054227482896512134
leaf_weight=214.08792173117399 177.64939358830452 1289.3174672275782 491.26570399105549 29002.825563713908 16831.195993490517 7446.998333632946 21017.502080872655 5489.8226685225964 9306.0678082406521 1264.0021278560162 6030.2200980260968 194.94027173519135 3731.9676129072905 1981.1007903963327
leaf_count=2034 715 7261 2595 122496 90308 54338 91212 26261 38418 8659 33747 1232 16122 8281
internal_value=-1.91294e-05 0.000904821 -0.00376148 -6.41009e-05 0.00250627 0.00314448 0.000148282 -0.00311677 -0.00244129 -0.0109928 0.000379802 -0.00948724 -0.00545778 -0.00499088
internal_weight=104469 83776.8 20692.2 52179.1 31597.7 24278.2 50020.3 19019.1 14795.9 1673.03 7319.54 1458.94 4223.23 2158.75
internal_count=503679 408358 95321 222704 185654 144646 213708 83396 64679 11925 41008 9891 18717 8996
is_linear=0
shrinkage=0.03


Tree=108
num_leaves=15
num_cat=0
split_feature=5 0 0 5 0 5 0 5 0 5 0 0 5 0
split_gain=91.7146 58.9203 28.7761 18.9504 20.0639 17.1405 18.1862 17.1089 9.50799 8.17571 7.05768 3.94176 2.37846 1.48138
threshold=0.0060969776988657309 0.026617101684818349 -0.30108319618978757 0.0027095450206876758 0.6780383461259557 0.00086345528059927261 -0.29232134790783865 0.012204834217583341 0.050554165488552634 -0.0078969844605491727 0.096412526974948412 0.82047527348591809 0.015181761018711685 -0.47348663310134564
decision_type=8 8 8 10 8 10 10 8 10 10 10 10 8 10
left_child=1 5 12 4 -3 9 -7 10 -5 -1 -4 -9 13 -2
right_child=2 3 7 8 -6 6 -8 11 -10 -11 -12 -13 -14 -15
leaf_value=0.0029326912133899887 -0.0037890304085772676 0.00015261697473204085 0.0020922049065951426 -0.0012790033605663154 0.0032759033227197296 -0.0019988173256641505 -5.96788776884202e-06 0.0073334243966877294 0.0025006562164125046 -0.0013781019670525774 0.0044311815908827075 0.0019405753392566965 0.0017427032582121534 -0.0008816357383750721
leaf_weight=383.44840403646231 220.07424416393042 25826.164771273732 3125.2414643540978 634.42715066671371 1989.5486502572894 4883.8922851979733 26497.125815026462 1313.8997663706541 6241.3357827216387 30063.640783689916 2053.0052778199315 178.60784459114075 215.28067073225975 862.80355484038591
leaf_count=3066 1339 118774 20891 3093 10532 22967 121343 11636 30276 138032 13483 1550 1646 5469
internal_value=-1.55119e-06 -0.000257634 0.00308904 0.00073085 0.000379267 -0.000813267 -0.000318568 0.00388517 0.00214184 -0.0013209 0.00303785 0.00674521 -0.000954514 -0.00155667
internal_weight=104488 96519.6 7968.91 34691.5 27815.7 61828.1 31381 6670.75 6875.76 30447.1 5178.25 1492.51 1298.16 1082.88
internal_count=504097 448083 56014 162675 129306 285408 144310 47560 33369 141098 34374 13186 8454 6808
is_linear=0
shrinkage=0.03


Tree=109
num_leaves=15
num_cat=0
split_feature=3 3 3 0 0 3 3 3 5 3 0 0 0 0
split_gain=413.486 131.021 115.19 57.418 40.7948 33.6319 33.4114 30.7799 25.5868 23.6622 18.9196 16.1262 14.2269 12.3053
threshold=0.00089982771158954539 0.0003500948186697287 0.0024985033181611446 -0.24009675444035158 -0.34176014131304233 0.0014181762062849832 0.0005548494381610187 0.00016677107435935856 0.0020517998989650049 0.0053570430989845754 -0.21978695337803075 -0.40358146368691888 0.15843214890213977 0.55416332134114699
decision_type=8 10 8 10 8 10 10 10 10 8 10 10 10 10
left_child=1 7 3 11 8 -5 13 -1 -4 -6 -8 -2 -9 -3
right_child=2 6 4 5 9 -7 10 12 -10 -11 -12 -13 -14 -15
leaf_value=-0.016543475855575428 -0.0041329376342986125 -0.0042918180209852112 0.0033619350117681645 0.00032443370346940225 0.0037963227171105693 0.0018917330885017754 -0.0041114904076676798 -0.0088504265072008332 -0.0027140461997894687 0.0079649348846189422 -0.001307098221002969 -0.00088614165397718448 -0.0028054090408276369 0.0036294815062652922
leaf_weight=434.55799974501133 1687.6835974752903 6706.2680408060551 1141.4112887382507 26104.503089204431 11353.847754336894 23525.675599262118 2491.3533950299025 1862.2230345308781 1350.273536555469 1413.9879064187407 17833.125800430775 7831.1458669006824 484.65340499579906 165.82955932617188
leaf_count=3927 7501 31185 6541 110122 73528 116743 10230 11259 8499 13060 72724 34887 2786 729
internal_value=6.07945e-05 -0.0029127 0.0012598 0.000658748 0.00358374 0.0010688 -0.00227349 -0.0091108 4.76178e-05 0.00426855 -0.00165566 -0.00147183 -0.00764473 -0.00408696
internal_weight=104387 29978 74408.5 59149 15259.5 49630.2 27196.6 2781.43 2491.68 12767.8 20324.5 9518.83 2346.88 6872.1
internal_count=503721 132840 370881 269253 101628 226865 114868 17972 15040 86588 82954 42388 14045 31914
is_linear=0
shrinkage=0.03


Tree=110
num_leaves=15
num_cat=0
split_feature=3 3 3 0 3 0 5 0 5 3 0 5 0 3
split_gain=361.012 148.841 73.388 55.6962 53.0884 41.7231 29.7314 24.4719 23.5671 21.5656 19.0024 15.7455 14.1785 12.9802
threshold=0.0011565822618161334 0.00051267016105537564 0.0032609570095814585 -0.25241107549519182 0.00028843218189381357 -0.14944244582445845 -0.0020589016080271262 -0.14528954170908084 0.0058280157274403369 0.00011683152952991526 -0.40358146368691888 -0.0030243093002985254 -0.52524887021638811 0.00077726336981763218
decision_type=8 10 8 10 10 10 10 8 10 10 10 8 10 10
left_child=1 4 3 10 9 13 -5 12 -7 -1 -2 -9 -4 -3
right_child=2 5 7 6 -6 8 -8 11 -10 -11 -12 -13 -14 -15
leaf_value=-0.019805761968826736 -0.0035820006670974677 -0.0045276770111417246 -0.0040373082035712066 -0.00048279204665634644 -0.0044575983014143441 -0.00071289604033628875 0.0019072888468214893 0.0027886164043417383 0.011880410405657422 -0.0090722850392753792 -0.00025266200223944448 0.0070765473334657263 0.003002791410683596 -0.0021268001975471114
leaf_weight=207.39567226171494 2006.4615121632814 3214.2529474049807 262.33938763290644 5327.8377025425434 6148.3628594279289 28776.586138650775 36379.971901573241 1144.2117149010301 123.89480382204056 1439.2888404428959 6782.1149145513773 2918.3605723306537 3491.2577443271875 6042.9798013865948
leaf_count=2028 9495 13490 1683 27181 30038 118094 178095 9181 600 9865 32146 22773 24311 24436
internal_value=-2.9069e-06 -0.0019918 0.00156347 0.00114263 -0.00576877 -0.00121734 0.00160049 0.0042697 -0.000652743 -0.0105717 -0.00102279 0.00589341 0.0024854 -0.00297088
internal_weight=104265 45952.8 58312.6 50496.4 7795.05 38157.7 41707.8 7816.17 28900.5 1646.68 8788.58 4062.57 3753.6 9257.23
internal_count=503416 198551 304865 246917 41931 156620 205276 57948 118694 11893 41641 31954 25994 37926
is_linear=0
shrinkage=0.03


Tree=111
num_leaves=15
num_cat=0
split_feature=0 0 0 0 4 4 0 0 0 2 2 0 4 4
split_gain=80.4092 19.9991 15.0558 7.12573 8.29791 4.47716 4.27853 3.48946 6.56854 1.68635 1.0521 0.834681 1.92466 1.23015
threshold=0.026617101684818349 -0.40358146368691888 0.36943018759029495 -0.11543876114500233 1.0000000180025095e-35 1.0000000180025095e-35 0.019269154515698998 0.19716013279139302 0.21419777748509319 1.0000000180025095e-35 0.87500000000000011 1.2871131840604353 1.0000000180025095e-35 1.0000000180025095e-35
decision_type=10 8 10 10 2 2 10 10 10 10 10 10 2 2
left_child=1 5 7 4 -3 -1 -5 9 -9 -2 -7 12 -4 -13
right_child=2 3 11 6 -6 10 -8 8 -10 -11 -12 13 -14 -15
leaf_value=-0.0045566335695407583 -0.00030904117842000297 -0.0014886635796257587 0.0014520566077712964 -5.302503800076657e-05 -0.00048072405377624184 -0.0018482838534450501 -0.0018523461016476891 0.0032776953805971885 0.00091911835615959901 0.00062615334073041812 -0.0043952729998031443 0.0048255722626929414 0.0024560845004443152 0.0016718656623902891
leaf_weight=1014.9528781995177 1823.4572919607162 10632.017807364464 3293.3394984304905 26117.586008898914 24823.324347965419 2325.3864241838455 1241.7150915414095 1262.0908614322543 7734.9295328631997 18082.017923407257 197.91705543547869 317.84703347831964 5102.4388748258352 312.95448789000511
leaf_count=5145 8777 51274 16815 123167 119181 11855 5848 6071 37747 85970 1028 1926 27040 2047
internal_value=1.91485e-07 -0.000629042 0.00110243 -0.000504012 -0.000785002 -0.0028241 -0.000137527 0.000764714 0.00125991 0.000537359 -0.0020883 0.00217507 0.00207158 0.00340509
internal_weight=104282 66352.9 37929.1 62814.6 35455.3 3538.26 27359.3 28902.5 8997.02 19905.5 2523.3 9026.58 8395.78 630.802
internal_count=503891 317498 186393 299470 170455 18028 129015 138565 43818 94747 12883 47828 43855 3973
is_linear=0
shrinkage=0.03


Tree=112
num_leaves=14
num_cat=0
split_feature=5 4 5 5 5 5 1 5 5 2 5 1 5
split_gain=67.4958 42.4576 19.9016 11.446 11.3656 4.60123 4.16987 4.0032 3.17641 1.59366 1.77454 0.779263 0.703767
threshold=0.0054712011911561007 1.0000000180025095e-35 0.015181761018711685 0.0029687324682097266 -0.01111118770675563 -0.00024786317811196904 1.0000000180025095e-35 0.0055844194675279289 0.0055844194675279289 0.87500000000000011 0.0046138239275739738 1.0000000180025095e-35 0.0079668092380362435
decision_type=8 2 8 10 10 10 2 10 10 10 10 2 10
left_child=3 6 8 4 -1 -6 12 -8 -3 11 -11 -5 -2
right_child=1 2 -4 9 5 -7 7 -9 -10 10 -12 -13 -14
leaf_value=0.0043779622622859005 0.0012180051721607291 0 0.0085257484002437805 0.0010369020254115003 -0.0001160332351617736 -0.00059748196194486347 0.0046495869155941663 -0.00091336545992304829 0.0032956755973942427 0.0030660212853014027 -0.00072757509824921394 0.0003499351918564577 0.0078456279903512966
leaf_weight=432.94624929130077 61.494578145444393 242.50174617767334 709.31408880650997 1838.7509814947844 27817.577704057097 51734.834285892546 108.4315574914217 2963.7012598589063 5544.8527264520526 416.99177452921867 114.03480579704046 12053.388893507421 46.904371693730354
leaf_count=3915 370 1339 6604 8903 132369 229928 592 19869 36749 2112 637 59164 363
internal_value=-1.66612e-05 0.00236752 0.00375715 -0.000261909 -0.000402602 -0.000429921 -0.000455061 -0.000683104 0.00314865 0.000513907 0.00214208 0.000445858 0.00501298
internal_weight=104086 9677.2 6496.67 94408.5 79985.4 79552.4 3180.53 3072.13 5787.35 14423.2 531.027 13892.1 108.399
internal_count=502914 65886 44692 437028 366212 362297 21194 20461 38088 70816 2749 68067 733
is_linear=0
shrinkage=0.03


Tree=113
num_leaves=15
num_cat=0
split_feature=3 3 3 0 3 3 0 3 0 0 0 3 0 3
split_gain=319.806 115.278 99.2589 65.7518 39.3302 29.4893 25.9626 25.53 21.1072 17.216 17.1047 12.8337 8.91631 5.51881
threshold=0.00088473381812976431 0.0003500948186697287 0.0034160107240514335 -0.21444184123456581 0.0013335459568501748 0.00020424142896018367 -0.42572216630227783 0.00059152873310050198 -0.45494687316244259 -0.13225284209866353 0.15843214890213977 0.010962480727594684 0.55416332134114699 0.00011683152952991526
decision_type=8 10 8 8 10 10 8 10 10 10 10 8 10 10
left_child=1 5 3 8 -5 13 -4 12 -2 -9 -7 -8 -3 -1
right_child=2 7 6 4 -6 10 11 9 -10 -11 -12 -13 -14 -15
leaf_value=-0.018867224278665457 -0.0048456583399702473 -0.0035405166794961591 -0.00088555502405171602 0.00022690241355727416 0.0018752098954212502 -0.0080131115277066213 0.0048472443494246243 -0.0029478298426642577 -0.00072973308505462902 -0.00081342147131511263 -0.0011124332477938431 0.013441304864991574 0.0025399983033169665 -0.011354978997219623
leaf_weight=208.83845469355583 1223.988076493144 8405.2548086941242 705.95894277095795 22490.502296090126 31265.43529176712 1617.7487100660801 6014.8758398592472 4670.5744839906693 13354.873934216797 12992.307733044028 434.03632241487503 163.0112189874053 204.4829618036747 479.40009044855833
leaf_count=2073 5738 38525 4550 94053 160656 9577 45708 19104 62128 52741 2421 1761 886 3846
internal_value=1.64035e-05 -0.00265816 0.00104902 0.000701753 0.00118687 -0.00851022 0.00448161 -0.00204255 -0.00108249 -0.00138256 -0.00659491 0.00510506 -0.00338636 -0.013958
internal_weight=104231 29012.6 75218.6 68334.8 53755.9 2740.02 6883.85 26272.6 14578.9 17662.9 2051.79 6177.89 8609.74 688.239
internal_count=503767 129173 374594 322575 254709 17917 52019 111256 67866 71845 11998 47469 39411 5919
is_linear=0
shrinkage=0.03


Tree=114
num_leaves=14
num_cat=0
split_feature=3 3 0 3 3 0 0 0 3 3 0 2 3
split_gain=321.387 139.686 68.2322 62.7059 40.9601 29.3889 28.8125 25.685 24.6136 23.187 16.1837 4.64668 1.11851
threshold=0.00060967312287825556 0.0016962323924409929 -0.13440935836500859 0.00016677107435935856 0.0041485853541622661 -0.37595249171109768 -0.25894916652544725 0.51020889685704041 0.00089982771158954539 0.00033082795944191595 -0.32508558788788539 0.37500000000000006 0.00011683152952991526
decision_type=8 8 10 10 8 10 10 10 10 10 8 10 10
left_child=3 2 5 12 6 -2 -3 9 -4 -5 -6 -9 -1
right_child=1 4 8 7 10 -7 -8 11 -10 -11 -12 -13 -14
leaf_value=-0.018993527604306261 -0.0057597243943231565 -2.0255025212413962e-05 -0.00067515858893039298 -0.0074821144745157589 0.0014028371743064561 -0.001445636260679747 0.002263219574887496 -0.00097361566701196817 0.00089675791137810512 -0.00378291891409104 0.0061014030382629814 0.0060246976978720846 -0.012016349983212047
leaf_weight=203.6113291233778 1565.2822652906179 6283.5400008261204 13127.537959396839 1879.1602445691824 897.87118789553642 16078.698873654008 22924.969781674445 105.88939921557903 28035.66031678021 9559.597454726696 3020.5563812181354 238.71226888895035 215.32845478504896
leaf_count=2051 6479 32843 53176 11714 6282 67312 128993 474 121953 43851 25570 1089 1873
internal_value=-3.86871e-06 0.000602891 -0.000273923 -0.00457696 0.00216084 -0.0018348 0.00177009 -0.00415576 0.000393952 -0.00440187 0.00504636 0.00373824 -0.015911
internal_weight=104136 91934.1 58807.2 12202.3 33126.9 17644 29208.5 11783.4 41163.2 11438.8 3918.43 344.602 418.94
internal_count=503660 442608 248920 61052 193688 73791 161836 57128 175129 55565 31852 1563 3924
is_linear=0
shrinkage=0.03


Tree=115
num_leaves=15
num_cat=0
split_feature=3 3 3 0 3 0 3 0 3 2 0 3 0 2
split_gain=286.629 120.79 71.4398 46.6941 39.3405 35.9952 25.0492 24.9647 12.0765 12.0418 11.6084 10.9324 10.7589 0.333115
threshold=0.00067175226576378529 0.0016713610681479681 0.00023576616064718205 -0.29232134790783865 0.0053570430989845754 -0.25894916652544725 0.00043986790339815287 0.056118472330475407 0.00011683152952991526 0.37500000000000006 -0.05315781230735394 0.010962480727594684 0.15843214890213977 0.37500000000000006
decision_type=8 8 10 10 8 10 10 10 10 10 10 8 10 10
left_child=2 3 8 9 5 -3 12 -5 -1 -2 -8 -6 -4 -10
right_child=1 4 6 7 11 -7 10 -9 13 -11 -12 -13 -14 -15
leaf_value=-0.018648690460203579 -0.00099736699446049265 -3.9323204533200451e-05 -0.0059860965956652591 -0.00044181401639394296 0.0055090860575286466 0.0023705754660862952 -0.003598365784049447 0.00095472026543008464 -0.0059991937577274198 -0.0044969581367330881 -0.0015463916798117393 0.013541430545932216 -0.0020420375546147842 -0.010249121540834509
leaf_weight=199.69577264040709 1414.3729120492935 7113.4367452561855 3286.9224149435759 32741.424111619592 1588.4961949810386 25035.050844952464 4410.0171076506376 17754.437243327498 153.52882315963507 2635.6209266930819 6095.0487013012171 181.18441836535931 846.34087488055229 595.65104039758444
leaf_count=2042 5885 38001 17582 137490 14004 143608 19295 76517 1188 10892 26109 1941 4319 4630
internal_value=1.20064e-05 0.000673626 -0.00373714 -0.000199572 0.00207928 0.00183563 -0.00320924 4.81138e-05 -0.0117001 -0.00329505 -0.00241612 0.00643664 -0.00519986 -0.00954771
internal_weight=104051 88464 15587.2 54545.9 33918.2 32148.5 14638.3 50495.9 948.876 4049.99 10505.1 1769.68 4133.26 749.18
internal_count=503503 428338 75165 230784 197554 181609 67305 214007 7860 16777 45404 15945 21901 5818
is_linear=0
shrinkage=0.03


Tree=116
num_leaves=15
num_cat=0
split_feature=3 3 3 5 3 5 3 5 3 5 5 3 2 3
split_gain=320.048 138.216 60.82 36.6321 33.7781 25.8494 22.9746 21.2514 20.8695 15.9386 13.2166 7.02567 5.90101 5.1473
threshold=0.0011896351784609204 0.00043986790339815287 0.0025795691138644399 -0.0020589016080271262 0.00016677107435935856 0.0028345013688677247 0.0059290852289564317 -0.0031722197340909781 0.00072908979165060242 0.0017736118678045565 0.0058280157274403369 0.00033082795944191595 0.37500000000000006 0.010962480727594684
decision_type=8 10 8 10 10 10 8 10 10 10 10 10 10 8
left_child=1 4 3 12 -1 8 7 -4 -3 -5 -7 -6 -2 -8
right_child=2 5 6 9 11 10 13 -9 -10 -11 -12 -13 -14 -15
leaf_value=-0.01481503931193996 -0.0042571528062288703 -0.0024817570016145542 0.00018613072678647877 0.0018977663357009789 -0.0072215883619522652 0.00046595612035780316 0.0061007724735106517 0.00339887772978725 -0.0010017295473383914 0.00065280408738721378 0.0088079443471920076 -0.0046728991726879337 -0.0010951093107968942 0.012170607088575921
leaf_weight=407.73830484598875 627.04971978068352 13445.704895541072 2297.4790712445974 18147.132418587804 1896.5276710838079 4686.9592646956444 1082.8403329998255 10547.416994847357 24359.573001354933 19319.926038831472 168.92920488119125 2761.9298725575209 4114.2654514014721 180.48372767865658
leaf_count=3899 3027 57433 15648 80576 11891 19876 9944 68339 98582 97738 822 13964 20170 1951
internal_value=-1.61878e-05 -0.00182396 0.00151485 0.000942436 -0.00650682 -0.00126504 0.00322125 0.00282949 -0.00153022 0.00125775 0.000785997 -0.00573661 -0.001534 0.00710383
internal_weight=104044 47727.4 56316.6 42208.4 5066.2 42661.2 14108.2 12844.9 37805.3 37467.1 4855.89 4658.46 4741.32 1263.32
internal_count=503860 206467 297393 201511 29754 176713 95882 83987 156015 178314 20698 25855 23197 11895
is_linear=0
shrinkage=0.03


Tree=117
num_leaves=15
num_cat=0
split_feature=0 0 4 0 0 0 0 0 0 0 0 2 0 2
split_gain=59.6315 20.5038 13.835 9.68815 7.48444 5.46335 4.46517 5.66727 2.611 4.78917 3.23087 2.23889 0.975986 4.76748
threshold=0.177369004339093 -0.14318882985876438 1.0000000180025095e-35 0.40753782963024726 -0.43937507724137975 -0.27635310156453896 0.25219394851431481 0.25930406731564198 -0.020959376672027904 -0.027458076072576883 -0.011724509751232346 0.37500000000000006 0.82047527348591809 0.62500000000000011
decision_type=10 10 2 10 10 8 10 10 10 10 10 10 10 10
left_child=1 2 5 6 -4 -1 11 -8 9 -3 -10 -2 -5 -14
right_child=3 8 4 12 -6 -7 7 -9 10 -11 -12 -13 13 -15
leaf_value=-0.0028604539836039325 0.00062642291427684419 -0.00012571764565825461 -0.0025118536256456781 0.0025139327724372821 -0.00041023521547962774 -0.0013507566078937879 -0.0030406042090030559 0.00059947880187677664 0.0014615517275323275 -0.0020333740981400739 0.0001134603146104041 0.0020009863466844018 0.00042487817634091041 0.0034236656446132432
leaf_weight=3565.7987876757979 1760.389103770256 23209.298268407583 1647.6631698086858 5690.1781437322497 21885.35182954371 6232.861253619194 397.58398008346558 6010.7777739390731 1715.7247122004628 1246.4687858372927 24822.580286003649 3505.5152337774634 1278.6220210269094 811.01966200768948
leaf_count=17697 8635 109983 8504 29532 105769 30039 1941 29670 8108 5854 118097 16907 7551 4639
internal_value=-3.48728e-05 -0.000380873 -0.000959371 0.00146125 -0.000560933 -0.00190862 0.000904938 0.000359909 -1.45475e-06 -0.000226191 0.000203393 0.0015549 0.0022861 0.00162809
internal_weight=103780 84325.7 33331.7 19454.1 23533 9798.66 11674.3 6408.36 50994.1 24455.8 26538.3 5265.9 7779.82 2089.64
internal_count=502926 404051 162009 98875 114273 47736 57153 31611 242042 115837 126205 25542 41722 12190
is_linear=0
shrinkage=0.03


Tree=118
num_leaves=13
num_cat=0
split_feature=0 0 4 2 0 0 0 0 2 0 0 0
split_gain=58.0226 20.9125 12.5722 7.82997 6.54926 5.30967 4.67692 4.03872 2.29481 1.97824 1.90048 0.134478
threshold=0.19716013279139302 -0.14318882985876438 1.0000000180025095e-35 0.37500000000000006 -0.26907275543943143 -0.13875182391494703 0.21419777748509319 0.23248132600865704 1.0000000180025095e-35 0.36943018759029495 0.042396915536002673 0.22028920040588587
decision_type=10 10 2 10 8 10 10 10 10 10 10 10
left_child=1 2 4 -4 -1 8 -2 11 -3 -9 -7 -8
right_child=6 5 3 -5 -6 10 7 9 -10 -11 -12 -13
leaf_value=-0.0027961851830199734 0.0033435540265440186 0.0073625560653148665 0.00025974019016472289 -0.00091125285059670373 -0.0011813031836551725 -0.00012713146910226257 -0.00063260279479244444 0.0011097208521479633 0.0017424845073075032 0.0018378618889735314 0.00025753892110202226 0
leaf_weight=3846.0956723541021 1256.3097723349929 74.227920345962048 7464.9930011630058 15985.062051318586 6048.1335801631212 34427.094462990761 421.51152765005827 6433.2277589216828 768.98002601414919 8962.7017571553588 17387.091344483197 808.99630247801542
leaf_count=19031 6075 359 36318 77515 29115 162904 2056 31523 3661 47698 83113 3958
internal_value=-6.65433e-06 -0.000330571 -0.000918408 -0.000535974 -0.00181729 4.06301e-05 0.00154709 0.00140581 0.00238804 0.00153842 8.17953e-07 -0.00020406
internal_weight=103884 86001.7 33344.3 23450.1 9894.23 52657.4 17882.7 16626.4 843.208 15395.9 51814.2 1230.51
internal_count=503326 412016 161979 113833 48146 250037 91310 85235 4020 79221 246017 6014
is_linear=0
shrinkage=0.03


Tree=119
num_leaves=15
num_cat=0
split_feature=3 3 3 3 0 0 5 3 0 5 0 5 5 5
split_gain=291.105 117.674 56.7906 44.978 40.7639 38.8758 26.0986 21.6823 21.0659 20.4825 19.1554 14.3323 13.1225 11.8688
threshold=0.0011237630529647746 0.00028843218189381357 0.0030408022912978773 0.00060108897664271316 -0.18600103232208445 -0.21444184123456581 -0.0023210519166779061 0.00011683152952991526 -0.29680733441950824 -0.0013995895052390038 -0.016507702753270622 -0.0039408017820368813 0.0020517998989650049 0.0010046227149458447
decision_type=8 10 8 10 10 10 10 10 8 10 10 8 10 10
left_child=1 7 4 10 9 -5 -6 -1 12 -2 -3 -10 -4 -9
right_child=2 3 8 5 6 -7 -8 13 11 -11 -12 -13 -14 -15
leaf_value=-0.01938636716638259 -0.0034175796332051272 -0.0046223936311765709 0.0035060135449191594 -0.0036140912569766486 -0.00075813572082742157 -0.00058788055229083908 0.0017579335713085158 -0.0094090894512662195 0.0015413180451469535 9.0292880949505881e-06 -0.0019755208627950508 0.0049957550724329088 -0.0010566317158587522 -0.00076896686656511626
leaf_weight=193.26232696324587 1787.2437663525343 5057.7363783121109 999.30631116777658 4441.523715659976 4143.7813894599676 27672.011367335916 32708.542857311666 1226.4307830184698 1418.4123945236206 12145.689769029617 5053.9902022927999 5630.4333268627524 1259.4266280531883 181.29736562073231
leaf_count=2028 8495 23942 6145 18052 21113 112870 159024 8734 11284 56865 23386 41905 8516 1176
internal_value=-8.07967e-06 -0.00186769 0.00134723 -0.00156199 0.000950392 -0.00100929 0.00147326 -0.00983327 0.00350275 -0.000428351 -0.00330863 0.0043123 0.000942079 -0.00835195
internal_weight=103919 43826.3 60092.8 42225.3 50785.3 32113.5 36852.3 1600.99 9307.58 13932.9 10111.7 7048.85 2258.73 1407.73
internal_count=503535 190188 313347 178250 245497 130922 180137 11938 67850 65360 47328 53189 14661 9910
is_linear=0
shrinkage=0.03


Tree=120
num_leaves=15
num_cat=0
split_feature=3 3 3 5 5 3 3 3 5 5 5 5 5 3
split_gain=290.485 111.463 63.6122 35.8682 31.2402 29.2564 26.647 19.8944 17.6962 13.7206 12.1882 10.6186 6.59009 3.83444
threshold=0.0011896351784609204 0.00039893720761813577 0.0029250039279950265 -0.0017571478366755352 0.0017736118678045565 0.00020424142896018367 0.00064599688257697713 0.0074694678430955114 0.0062457820969051931 0.0020840492945907005 -0.0031722197340909781 -0.00094111341875087039 -0.00059154050419996703 0.0015067668407852618
decision_type=8 10 8 10 10 10 10 8 10 10 10 10 10 10
left_child=1 5 3 13 -5 12 9 10 -8 -3 -4 -7 -1 -2
right_child=2 6 7 4 -6 11 8 -9 -10 -11 -12 -13 -14 -15
leaf_value=-0.00053789407321102494 -0.0023643192212735539 -0.0029854415326098188 0.001085780581225189 0.0022306989493436429 0.00053323177631532594 0.0013327083125260859 -0.00092175490300784721 0.0089066170221479054 0.010847005007132409 0.00074719767301630079 0.0037888999028385627 -0.0058082844971137273 -0.013333592652525631 -0.00064532713477279959
leaf_weight=49.883390761911869 1614.1831547468901 9293.6643697470427 1958.938311047852 18262.982959911227 21212.616224221885 181.96182776987553 33475.378743588924 603.48578172922134 104.67459274828434 948.03721264004707 7712.8489350154996 2992.5200032740831 602.21474307030439 4825.7883328944445
leaf_count=421 7134 41415 14275 81617 109632 958 136647 6013 519 3928 53562 17027 5457 24810
internal_value=0 -0.0017231 0.00146084 0.000981095 0.00132043 -0.00663062 -0.00129178 0.00359573 -0.000880065 -0.00263368 0.00324929 -0.00537722 -0.0124683 -0.00108849
internal_weight=103839 47648.3 56190.8 45915.6 39475.6 3826.58 43821.8 10275.3 33580.1 10241.7 9671.79 3174.48 652.098 6439.97
internal_count=503415 206372 297043 223193 191249 23863 182509 73850 137166 45343 67837 17985 5878 31944
is_linear=0
shrinkage=0.03


Tree=121
num_leaves=15
num_cat=0
split_feature=3 3 3 0 3 0 0 0 3 3 0 0 0 3
split_gain=243.433 81.2881 70.5527 42.1331 30.0098 26.9568 21.9669 20.4989 19.5365 14.7328 12.7659 8.70319 7.37176 6.99181
threshold=0.00079253594904680634 0.0016129808840540381 0.00028843218189381357 -0.29680733441950824 0.0062965774271388011 -0.43937507724137975 0.093089534746613536 0.024058370722591319 0.00011683152952991526 0.00039893720761813577 -0.18139443303062067 -0.41367515449904518 0.15843214890213977 0.00052345169821422382
decision_type=8 8 10 10 8 10 10 10 10 10 8 10 10 10
left_child=2 3 8 11 5 -3 -5 9 -1 -4 -6 -2 -10 -9
right_child=1 4 7 6 10 -7 -8 13 12 -11 -12 -13 -14 -15
leaf_value=-0.018027342566979066 -0.0062266319605397968 -0.002241160233220389 -0.0061848691140337763 -0.00032810933310231438 0.0029087004629729176 0.0017979968821059112 0.0011834962891376789 -0.0024815566766181749 -0.0086376358200726481 -0.0027553522070975435 0.009935218661721857 -0.0024917270251885015 -0.0027554610622724635 -0.00063082813635583141
leaf_weight=190.40670968592167 774.51239275932312 1535.1814918220043 1292.1371200829744 29462.787852823734 467.56611815840006 33341.224236376584 12226.045393928885 2719.645131573081 1102.5199090391397 11269.657508596778 553.35224660485983 2521.4946200251579 285.7375201433897 6068.8287073671818
leaf_count=2050 3180 8207 7004 124013 4070 189346 53234 13133 7942 48328 5799 10428 1939 24913
internal_value=-6.773e-05 0.000705221 -0.00279606 -0.000143164 0.00176979 0.00161789 0.000113936 -0.00233712 -0.00891141 -0.00311753 0.0068348 -0.0034037 -0.00749822 -0.00121254
internal_weight=103811 80882.2 22928.9 44984.8 35897.3 34876.4 41688.8 21350.3 1578.66 12561.8 1020.92 3296.01 1388.26 8788.47
internal_count=503586 398277 105309 190855 207422 197553 177247 93378 11931 55332 9869 13608 9881 38046
is_linear=0
shrinkage=0.03


Tree=122
num_leaves=15
num_cat=0
split_feature=0 0 0 2 0 4 0 0 0 4 1 2 0 0
split_gain=45.1232 15.1668 9.51352 2.9478 2.89639 9.23513 7.79746 2.71557 2.69643 1.08427 1.00152 0.818802 0.704062 7.53089
threshold=0.047842307354519338 -0.40358146368691888 0.36943018759029495 0.37500000000000006 -0.099084642478137461 1.0000000180025095e-35 -0.090443576547052137 0.058980646230306195 0.082964360736450651 1.0000000180025095e-35 1.0000000180025095e-35 1.0000000180025095e-35 0.82047527348591809 0.89315802428431801
decision_type=10 10 10 10 10 2 10 10 10 2 2 8 10 10
left_child=1 3 7 11 5 -3 -6 10 -9 -5 -2 -1 -4 -14
right_child=2 4 12 9 6 -7 -8 8 -10 -11 -12 -13 13 -15
leaf_value=-0.0023259362873556963 0 -0.0011622408204863342 0.0019435761529789386 -0.0041364696190307609 0.0018918019005481361 -0.00014945474517516697 -0.00018430357889397898 -0.00023627178261158716 0.00067761708630769064 -0.0024176452411193445 0.00209970812509052 -0.00042729469305243423 -0.0024798661510762594 0.0020799976965613083
leaf_weight=319.04541268199682 205.92046051472425 11664.957237899303 6871.0310767069459 655.68342679738998 1727.4966963753104 27075.537301823497 25511.626842558384 3273.0710708126426 20507.925688192248 1683.680963806808 1449.4393044859171 869.38405790179968 383.3014430180192 1697.6190296038985
leaf_count=1616 979 56380 35591 3341 8196 130261 120794 15619 99339 8596 6871 4426 2119 10129
internal_value=4.61008e-05 -0.000393042 0.00093532 -0.00230918 -0.000289347 -0.000456179 -4.97898e-05 0.000635184 0.000549267 -0.0029405 0.00182274 -0.00100222 0.00177978 0.00120354
internal_weight=103896 69507.4 34388.3 3527.79 65979.6 38740.5 27239.1 25436.4 23781 2339.36 1655.36 1188.43 8951.95 2080.92
internal_count=504257 333610 170647 17979 315631 186641 128990 122808 114958 11937 7850 6042 47839 12248
is_linear=0
shrinkage=0.03


Tree=123
num_leaves=15
num_cat=0
split_feature=3 3 3 0 3 0 0 0 3 0 3 3 3 0
split_gain=215.808 108.925 64.2015 33.683 30.873 28.4428 25.5068 19.3359 19.2308 17.0269 12.1675 6.48015 5.1537 3.6695
threshold=0.0011399045415688479 0.00043986790339815287 0.0023771423407797317 -0.42572216630227783 0.00016677107435935856 -0.26907275543943143 -0.40358146368691888 0.177369004339093 0.0049591134963881097 0.0097104884035287293 0.0016962323924409929 0.00028843218189381357 0.0062965774271388011 -0.36093360351730353
decision_type=8 10 8 8 10 10 10 10 8 10 10 10 10 10
left_child=1 4 6 12 -1 13 10 -7 -5 -8 -2 -6 -4 -3
right_child=2 5 3 8 11 7 9 -9 -10 -11 -12 -13 -14 -15
leaf_value=-0.013907427052524936 -0.0064635532698649276 -0.0055786876527844113 -0.0025087828054125593 0.0026982235540476407 -0.0070712458606484192 -0.001199112154638475 0.00016893192384037382 0.00051992789810774171 0.00592472596169659 0.0014308663309447035 -0.00064777514685093122 -0.0043245755818313381 0.0034282805642295079 -0.0031068708670836183
leaf_weight=390.05748798698187 647.24080784618855 922.46250985562801 1184.8411768004298 13550.127923108637 1187.4760533422232 29383.818169891834 25048.234721913934 7303.9265787601471 1943.6840081438422 15750.209615841508 693.35493738949299 3413.2336113452911 131.13308923691511 2049.1363157331944
leaf_count=3893 2704 3801 6724 85971 8083 121623 115060 30323 17809 76447 3250 17757 1021 8468
internal_value=-4.1202e-05 -0.00161483 0.00114978 0.00271761 -0.0057902 -0.00108656 0.000522436 -0.000855196 0.00311042 0.000657802 -0.00352713 -0.00506032 -0.00185053 -0.00391045
internal_weight=103599 44650.1 58948.8 16809.8 4990.77 39659.3 42139 36687.7 15493.8 40798.4 1340.6 4600.71 1315.97 2971.6
internal_count=502934 193948 308986 111525 29733 164215 197461 151946 103780 191507 5954 25840 7745 12269
is_linear=0
shrinkage=0.03


Tree=124
num_leaves=15
num_cat=0
split_feature=3 3 3 0 0 3 3 3 0 0 0 2 0 3
split_gain=237.248 76.5319 71.4664 42.0257 34.0318 26.8145 26.4546 18.8124 16.9397 16.3213 11.3699 9.00096 8.67741 6.05775
threshold=0.00092334361248895211 0.00036776999756901193 0.0019470410056774789 -0.15836436539901796 -0.099084642478137461 0.00016677107435935856 0.0062965774271388011 0.0005548494381610187 -0.42572216630227783 -0.26907275543943143 -0.35379575726825069 0.62500000000000011 0.15385320600580735 0.0013428427640223433
decision_type=8 10 8 8 10 10 8 10 10 10 10 10 10 10
left_child=1 5 4 8 10 -1 -5 11 -4 -9 -2 -3 -7 -6
right_child=2 7 3 6 13 12 -8 9 -10 -11 -12 -13 -14 -15
leaf_value=-0.014216462950484111 -0.0028707275479103555 -0.0040595775739828317 -0.0020684939210181483 0.00294542505187062 0.00044959126693367341 -0.0065367065475974073 0.0098869112951807912 -0.0042922356193724727 0.0012308423511392516 -0.0010927971264130675 -0.00052470778754749425 -0.0016714968289042104 -0.0021201107844523496 0.0013434199538089511
leaf_weight=385.22656612098217 2104.1575507372618 4029.5040472894907 1643.2907661870122 14381.112256899476 15418.579530999064 2064.0848125368357 512.49600852280855 1554.0394728332758 8845.231550000608 20301.016857489944 16768.887535899878 2388.7316699326038 566.11474996805191 12675.192360013723
leaf_count=3888 8936 18741 9310 89997 65156 12756 5464 6405 52225 82880 72513 11207 3273 60531
internal_value=-5.61203e-05 -0.00223891 0.00088722 0.0021697 0.00019254 -0.0067818 0.00319478 -0.00175005 0.000706725 -0.0013249 -0.000790825 -0.0031841 -0.00562045 0.000855333
internal_weight=103638 31288.7 72348.9 25382.1 46966.8 3015.43 14893.6 28273.3 10488.5 21855.1 18873 6418.24 2630.2 28093.8
internal_count=503282 139150 364132 156996 207136 19917 95461 119233 61535 89285 81449 29948 16029 125687
is_linear=0
shrinkage=0.03


Tree=125
num_leaves=15
num_cat=0
split_feature=0 0 0 4 0 4 0 0 0 4 0 0 0 0
split_gain=55.4492 19.7449 8.34451 9.58291 6.72047 4.04497 2.27029 8.14561 5.75134 1.42702 1.16512 0.927332 0.80754 0.794258
threshold=0.099964938497689296 -0.40358146368691888 -0.14944244582445845 1.0000000180025095e-35 0.4218304113410411 1.0000000180025095e-35 0.25219394851431481 0.19716013279139302 0.25930406731564198 1.0000000180025095e-35 0.6419849174143577 0.6780383461259557 -0.47348663310134564 0.4706710966907563
decision_type=10 10 10 2 10 2 10 10 10 2 10 10 8 10
left_child=1 5 3 -3 6 12 7 -2 -8 -4 13 -12 -1 -6
right_child=4 2 9 -5 10 -7 8 -9 -10 -11 11 -13 -14 -15
leaf_value=-0.0056341258858155193 0.00050127638617720527 -0.0016830103464347684 6.3842123075809204e-05 -0.00047176568688484899 0.0014096241016066323 -0.0020348820302557163 -0.003113281185723417 0.0021779986370867969 0.00051642271110227602 -0.00029383143018443878 0 0.0015355470033610675 -0.0032439295059849805 0.0025307028997544655
leaf_weight=441.3994438201189 9437.9367783591151 8443.2413268461823 14844.084310911596 20098.068051360548 1166.6269835978746 2503.1859731376171 405.67034458369017 3678.0576913505793 6385.8534767627716 29485.083601169288 369.85053060203791 3139.3741064891219 559.31028483808041 2665.0045521780849
leaf_count=2259 45438 40998 70544 97326 5961 12791 1979 17932 31693 140072 1956 17958 2795 13872
internal_value=-0.00012403 -0.000539057 -0.000432097 -0.000832648 0.00103682 -0.00273886 0.000744946 0.000977344 0.000286534 -0.00017272 0.00181809 0.00136856 -0.00440289 0.00220954
internal_weight=103623 76374.4 72870.5 28541.3 27248.4 3503.9 19907.5 13116 6791.52 44329.2 7340.86 3509.22 1000.71 3831.63
internal_count=503574 366785 348940 138324 136789 17845 97042 63370 33672 210616 39747 19914 5054 19833
is_linear=0
shrinkage=0.03


Tree=126
num_leaves=15
num_cat=0
split_feature=3 3 3 5 5 3 3 5 5 5 5 5 5 3
split_gain=213.743 80.6336 58.4278 26.8037 44.9244 20.0511 19.5074 17.7696 15.2012 17.9327 15.1589 14.7686 5.20283 1.06297
threshold=0.00072908979165060242 0.0016713610681479681 0.00031024040793541568 -0.0017571478366755352 0.0020517998989650049 0.00011683152952991526 0.0030020640992319352 0.0082455778419989936 0.0022523875670661876 -0.0011124103034928689 -0.0023210519166779061 0.00098056694565052554 0.0037559607802979383 0.0015478176094822446
decision_type=8 8 10 8 10 10 10 10 10 10 10 10 10 10
left_child=2 7 5 6 -5 -1 -3 10 9 -4 -2 -7 -10 -9
right_child=1 3 8 4 -6 11 -8 13 12 -11 -12 -13 -14 -15
leaf_value=-0.017397367875248593 -0.0023986564847313764 -0.0011257304864778889 0.0010247443273361436 0.0037858014015472894 0.001268050086378726 -0.0078733305393423013 0.0021723609197552567 0.013109259751250086 4.4552791233833454e-05 -0.0028361461563400732 3.0178547551063821e-05 0 0.0065722537096860037 0.0046045818584931801
leaf_weight=180.5752692297101 2416.547280266881 4158.5641240924597 1142.2850356996059 10590.42631700635 16327.76887473464 1446.7223717048764 2619.6429751589894 77.533614784479141 1336.7400073111057 14325.970996946096 48503.399197682738 254.80379045754671 111.79209513962269 69.37111684679985
leaf_count=2017 10621 21972 4853 52851 103418 10159 19367 446 5480 64259 205287 1619 455 416
internal_value=5.59118e-05 0.000698388 -0.00283662 0.00183728 0.00226188 -0.00785163 0.0001414 -5.21453e-05 -0.00227082 -0.00254668 -8.43588e-05 -0.0067078 0.000631079 0.010025
internal_weight=103562 84763.3 18798.9 33696.4 26918.2 1882.1 6778.21 51066.9 16916.8 15468.3 50919.9 1701.53 1448.53 146.905
internal_count=503220 414378 88842 197608 156269 13795 41339 216770 75047 69112 215908 11778 5935 862
is_linear=0
shrinkage=0.03


Tree=127
num_leaves=15
num_cat=0
split_feature=3 3 3 3 3 3 3 4 3 2 2 1 1 3
split_gain=249.258 82.1533 77.2241 24.7353 16.5426 16.1373 9.41448 9.19179 8.98896 7.59031 7.06092 2.61377 2.24687 0.376985
threshold=0.00079253594904680634 0.001683854206200584 0.00033082795944191595 0.0042562262193385509 0.00053393972403417472 0.00016677107435935856 0.010962480727594684 1.0000000180025095e-35 0.0011896351784609204 0.62500000000000011 0.37500000000000006 1.0000000180025095e-35 1.0000000180025095e-35 0.00011683152952991526
decision_type=8 8 10 8 10 10 8 2 10 10 10 2 2 10
left_child=2 8 5 7 10 13 -5 -3 9 -2 -4 -6 -10 -1
right_child=1 3 4 6 11 -7 -8 -9 12 -11 -12 -13 -14 -15
leaf_value=-0.01653111511787456 -2.4841766801035162e-05 0.00090743723455689602 -0.0051260702487559368 0.0039245150027018508 -0.00039737660062010553 -0.0067497444644815142 0.011191252401567632 0.0020414624505867246 0.0013322336917448892 -0.0011568425460308349 -0.0027890973585913961 -0.0017372032151528247 0.00033170743098747074 -0.010371393555337628
leaf_weight=182.07607618719339 16719.794161662459 9925.9644101411104 1745.7462388277054 3379.9176551997662 1600.728345990181 1849.7796876803041 173.16503092646599 19731.77811139822 2296.8667197525501 7895.5711639672518 4469.3395422250032 12799.738798871636 20534.075683087111 199.86346323043108
leaf_count=2062 68591 55245 8297 27955 6580 11906 1935 110376 10633 32139 21599 53026 91072 1872
internal_value=2.38361e-05 0.000807997 -0.00274098 0.00195215 -0.00216075 -0.00804063 0.00432593 0.00166438 5.62221e-06 -0.000390699 -0.00346234 -0.00159281 0.00043553 -0.0138078
internal_weight=103504 80657.1 22847.3 33210.8 20615.6 2231.72 3553.08 29657.7 47446.3 24615.4 6215.09 14400.5 22830.9 381.94
internal_count=503288 397946 105342 195511 89502 15840 29890 165621 202435 100730 29896 59606 101705 3934
is_linear=0
shrinkage=0.03


Tree=128
num_leaves=15
num_cat=0
split_feature=5 4 5 4 4 5 5 5 5 2 5 5 5 2
split_gain=37.0711 25.1603 8.42538 33.729 11.2105 11.4024 10.231 6.52056 5.01006 2.72611 2.16234 1.83792 0.982067 0.484556
threshold=0.0085157367316532114 1.0000000180025095e-35 0.0028784733705354746 1.0000000180025095e-35 1.0000000180025095e-35 -0.014720823662419906 -0.0022264974353289188 0.016645297266179616 0.0040066795293955794 0.62500000000000011 0.0046972986357363038 0.0095480526984725502 0.028179195812013228 0.62500000000000011
decision_type=8 2 10 2 2 10 10 8 10 8 10 10 8 10
left_child=2 9 4 8 6 -6 -1 13 -4 11 -5 -2 -9 -3
right_child=1 7 3 10 5 -7 -8 12 -10 -11 -12 -13 -14 -15
leaf_value=-0.0012712612577739455 0.001091473081993265 0.0033732224483162721 -0.00029902759773653095 0.00096316851857257608 0.00837570793264991 -0.00050710278647169045 0.00049856087590113103 0.0062712993412217376 -0.0019773977481203878 0.0025901639194608837 0.0017524555600066801 -0.0017344344702253038 0.011200860415441043 0.0052667054406644502
leaf_weight=3343.3945240974426 234.30817647278309 1785.0602887868881 2861.3864691480994 8304.1444197595119 119.67415563762188 52015.656191155314 23161.970334410667 418.05833953619003 3929.1959105506539 200.2746015638113 5738.7284619212151 887.19642551243305 114.80582680553198 326.5093906968832
leaf_count=18673 1589 13639 13443 39966 1213 238661 103728 3979 21837 1605 33896 7042 1317 2619
internal_value=2.73823e-05 0.00286831 -8.55645e-05 0.000449749 -0.000228182 -0.00048396 0.000272657 0.00455459 -0.00128048 -0.000469167 0.001291 -0.00108658 0.00763067 0.00371773
internal_weight=103440 3966.21 99474.2 20833.5 78640.7 52135.3 26505.4 2644.43 6790.58 1321.78 14042.9 1121.5 532.864 2111.57
internal_count=503207 31790 471417 109142 362275 239874 122401 21554 35280 10236 73862 8631 5296 16258
is_linear=0
shrinkage=0.03


Tree=129
num_leaves=15
num_cat=0
split_feature=3 3 3 5 5 5 3 5 5 3 5 3 5 5
split_gain=174.557 71.9616 50.5986 33.7429 30.0697 16.3076 14.1937 13.2916 11.5796 9.88354 7.80809 7.35577 6.57534 3.8665
threshold=0.00067994728334684932 0.0014473538235094494 0.00026387709959076666 -0.0020589016080271262 0.0016868697658877841 0.0022523875670661876 0.0030020640992319352 0.0062457820969051931 -0.00094111341875087039 0.00016677107435935856 -0.0015716032356602294 0.0012387665165280756 0.0034144552768843768 -0.00024786317811196904
decision_type=8 8 10 8 10 10 10 10 10 10 10 10 10 10
left_child=2 7 9 6 -5 8 -3 10 -4 -1 -2 -9 -7 -11
right_child=1 3 5 4 -6 12 -8 11 -10 13 -12 -13 -14 -15
leaf_value=-0.013010394771982804 -0.0017030212100648077 -0.0015028772252696858 1.4658181145504712e-05 0.0028391447421278657 0.001048493054718278 0.00016045362329044418 0.0013031189222744508 0.010497931314521411 -0.0029764261563005961 -0.0024873070801157628 -0.00026475881728375166 0.0016159769570699329 0.0072444022259046843 -0.0078941852354344217
leaf_weight=380.72964992374182 3722.3498583734035 4571.604652300477 1241.7601144015789 14064.94872199744 21548.84067017585 896.7971121519804 2484.1633575260639 138.1944929510355 12368.59281937778 205.45513999462128 40887.455709263682 251.50470200181007 129.51056450605392 627.79411170631647
leaf_count=3962 15702 23646 5437 67959 129074 3716 18558 699 57481 1457 169611 1363 524 4523
internal_value=-2.39541e-05 0.000499364 -0.00292067 0.00138215 0.00175796 -0.00242304 -0.000506017 -0.000336505 -0.00269931 -0.0088027 -0.00038647 0.00509964 0.00117356 -0.00667747
internal_weight=103520 87669.1 15850.6 42669.6 35613.8 14636.7 7055.77 44999.5 13610.4 1213.98 44609.8 389.699 1026.31 833.249
internal_count=503712 426612 77100 239237 197033 67158 42204 187375 62918 9942 185313 2062 4240 5980
is_linear=0
shrinkage=0.03


Tree=130
num_leaves=15
num_cat=0
split_feature=3 3 3 3 3 5 5 5 3 5 3 5 5 5
split_gain=175.854 72.5704 52.4108 26.3235 23.9781 18.6832 17.8791 15.2622 10.8295 9.25516 9.04077 6.03594 4.30616 0.297991
threshold=0.0010855454300961883 0.00026387709959076666 0.0042562262193385509 0.00051267016105537564 0.0020117316400143823 -0.0039408017820368813 -0.0023210519166779061 0.00098056694565052554 0.010962480727594684 0.0028345013688677247 0.00011683152952991526 0.0010046227149458447 -0.0052305660716724595 -0.014720823662419906
decision_type=8 10 8 10 10 10 10 10 8 10 10 10 10 8
left_child=1 10 4 7 6 -6 -2 -3 12 -5 -1 -12 -4 -10
right_child=2 3 8 9 5 -7 -8 -9 13 -11 11 -13 -14 -15
leaf_value=-0.015296966621035508 -0.0018585312744936193 -0.003965583591485345 0.0017920875807723874 -0.0010904147844865988 -0.001015680395461401 0.0019780802297820355 0.00057789864885173165 -0.0006426794895987377 0.0031399988641040624 0.00052422824973400318 -0.0082526525928956034 -0.00057225599084854452 0.0047074322153489558 0.012989348025836562
leaf_weight=178.19461795687675 2915.6320538967848 4523.6289771944284 655.6470842435956 30304.929323539138 2058.1345068886876 18166.330771826208 35516.618463620543 1783.8097981065512 28.190347403287888 3512.5642500668764 893.14388229697943 123.23962759971619 2711.4925749599934 143.73783872276545
leaf_count=2068 13535 23251 5871 124019 12917 106321 160610 8614 345 14744 6914 858 22090 1606
internal_value=4.05617e-05 -0.00147568 0.00104891 -0.00125578 0.000833302 0.0016701 0.000391065 -0.00303783 0.00459304 -0.000920826 -0.00874031 -0.00739449 0.00416451 0.0119656
internal_weight=103515 41319.5 62195.8 40124.9 58656.7 20224.5 38432.3 6307.44 3539.07 33817.5 1194.58 1016.38 3367.14 171.928
internal_count=503763 180468 323295 170628 293383 119238 174145 31865 29912 138763 9840 7772 27961 1951
is_linear=0
shrinkage=0.03


Tree=131
num_leaves=15
num_cat=0
split_feature=5 4 5 5 5 4 5 1 2 4 2 5 5 2
split_gain=44.143 37.0661 11.5239 4.24516 4.79664 11.9882 5.38769 3.72454 4.20713 2.37182 3.33982 1.65434 1.52768 0.20982
threshold=0.0059618215609389723 1.0000000180025095e-35 0.013984077456608526 -0.0078969844605491727 0.0010774427237905781 1.0000000180025095e-35 0.0012785729884433334 1.0000000180025095e-35 0.62500000000000011 1.0000000180025095e-35 0.62500000000000011 0.028179195812013228 0.012992510015936015 0.87500000000000011
decision_type=8 2 8 10 10 2 10 2 8 2 10 8 10 10
left_child=3 7 12 9 5 -5 -6 -2 -9 13 -11 -4 -3 -1
right_child=1 2 11 4 6 -7 -8 8 -10 10 -12 -13 -14 -15
leaf_value=-0.00043719428167923307 0.0051521484023494537 0.0031596361294864176 0.0060794487810279015 0.00035527063283883573 0.001264160774832205 -0.00060470698142746869 4.9340358564576466e-05 -0.0013956370196627364 0.0018033741872442866 -0.00038360261954123264 0.0044340400292170404 0.011223048751455382 0 0.0010196280655806334
leaf_weight=253.95441299676895 84.430692352354527 4410.9651338160038 712.16169848293066 17720.79522446543 3594.1728195399046 34152.999202147126 38848.950264170766 2174.7224297598004 421.96660149097443 150.35751067847013 430.48832605779171 113.75765021145344 171.80929746478796 123.10917719453573
leaf_count=2104 605 30022 6559 82426 15814 158645 180546 15014 3016 1273 3632 1320 1416 1010
internal_value=0.000119331 0.00224569 0.00367492 -6.08056e-05 -8.16925e-05 -0.000275604 0.000153901 -0.000618167 -0.00084785 0.00191335 0.00310001 0.00698546 0.00305131 0
internal_weight=103365 8089.81 5408.69 95274.8 94316.9 51873.8 42443.1 2681.12 2596.69 957.909 580.846 825.919 4582.77 377.064
internal_count=503402 57952 39317 445450 437431 241071 196360 18635 18030 8019 4905 7879 31438 3114
is_linear=0
shrinkage=0.03


Tree=132
num_leaves=15
num_cat=0
split_feature=0 5 0 5 4 5 5 0 4 0 5 4 4 4
split_gain=42.3664 30.3524 13.7276 13.4913 14.2343 11.5781 10.9992 9.99991 13.7372 9.398 7.3175 12.1464 6.54973 2.97276
threshold=0.026617101684818349 0.0059618215609389723 -0.24918644358891354 0.0085157367316532114 1.0000000180025095e-35 -0.0020589016080271262 -0.0044676630184078119 0.6780383461259557 1.0000000180025095e-35 -0.45494687316244259 0.002752669949704615 1.0000000180025095e-35 1.0000000180025095e-35 1.0000000180025095e-35
decision_type=10 10 10 8 2 10 10 10 2 10 10 2 2 2
left_child=2 10 6 5 -5 -4 13 8 -3 -8 11 -2 -12 -1
right_child=1 7 3 4 -6 -7 9 -9 -10 -11 12 -13 -14 -15
leaf_value=-0.0005492096042137765 0.0010784646832990882 0.00097910425462241924 -0.0020740232007282096 -0.00074575610073976297 0.005512168377219585 -0.00017368521857322048 -0.0034373048053777978 0.00017416179716702753 0.0057803097489621171 -0.0010998387110475914 -1.9283348143658892e-05 -0.00019784806584498347 0.0020452079519930819 0.0043520049379169451
leaf_weight=124.20794507116079 11263.119063235819 804.62604889273643 3081.1626043766737 551.79255186021328 736.36829046159983 45737.254494138062 1782.1699310541153 674.39478931576014 1856.4726435467601 13462.939520567656 1886.2885571569204 16432.597512409091 4643.674002930522 381.66112799197435
leaf_count=824 53265 5783 16661 4378 6337 211862 9003 5021 13713 65633 9305 76696 22629 2559
internal_value=0 0.000804108 -0.00045833 -0.000213934 0.00280023 -0.000295254 -0.00123136 0.00353478 0.00436015 -0.0013791 0.00053528 0.000319231 0.00144055 0.00304496
internal_weight=103419 37561.2 65857.6 50106.6 1288.16 48818.4 15751 3335.49 2661.1 15245.1 34225.7 27695.7 6529.96 505.869
internal_count=503669 186412 317257 239238 10715 228523 78019 24517 19496 74636 161895 129961 31934 3383
is_linear=0
shrinkage=0.03


Tree=133
num_leaves=15
num_cat=0
split_feature=3 3 3 0 0 0 3 0 3 3 0 3 3 0
split_gain=165.406 71.4998 46.9837 40.7022 33.0426 21.1837 20.0832 17.3598 17.0498 14.6525 14.2838 8.01328 7.65465 7.0328
threshold=0.00082376494954258122 0.0024478804273382823 0.00031024040793541568 0.047842307354519338 -0.11543876114500233 -0.40358146368691888 0.00011683152952991526 -0.05105518289791388 0.0062965774271388011 0.00053393972403417472 -0.52524887021638811 0.0014875251262832338 0.00062774871311010582 0.24531558549641255
decision_type=8 8 10 10 8 10 10 10 8 10 10 10 10 10
left_child=2 3 6 5 10 -2 -1 12 -6 -9 -3 -5 -4 -8
right_child=1 4 7 11 8 -7 13 9 -10 -11 -12 -13 -14 -15
leaf_value=-0.016402378803566341 -0.0036049273618738746 -0.0043726333645451023 -0.00364220497922505 0.00081513795779588553 0.003490703990220926 -0.00019857126921380268 -0.0063452526507384466 -0.0026443850451470115 0.0096151377534925749 -0.00041467062386315017 0.0013860991751828945 0.0020487663318200819 -0.0019163956639307678 -4.7047781847315079e-05
leaf_weight=174.99248348176479 1706.0932843089104 394.75512305647135 4684.05037561059 12752.473353296518 7260.1251635029912 40701.781659901142 1478.8180626407266 3763.7195998728275 441.83549722284079 9242.1961979418993 7502.4729721099138 7816.0300943776965 5110.4893630295992 200.47763857990503
leaf_count=2056 7477 2386 21984 54813 50339 181136 10521 18141 4867 37913 48004 40997 20915 1316
internal_value=-2.83291e-05 0.00064378 -0.00217219 0.000192205 0.00246172 -0.000337843 -0.00676459 -0.00179327 0.00386183 -0.00106606 0.00108549 0.0012876 -0.00275072 -0.00563361
internal_weight=103230 78575.6 24654.7 62976.4 15599.2 42407.9 1854.29 22800.5 7701.96 13005.9 7897.23 20568.5 9794.54 1679.3
internal_count=502865 390019 112846 284423 105596 188613 13893 98953 55206 56054 50390 95810 42899 11837
is_linear=0
shrinkage=0.03


Tree=134
num_leaves=15
num_cat=0
split_feature=3 3 3 3 5 5 5 3 5 4 3 4 3 3
split_gain=145.944 68.2129 41.0843 26.1101 25.539 25.1971 17.214 17.1408 15.8815 20.4518 9.59843 8.23143 7.40115 3.63739
threshold=0.0011896351784609204 0.0004655603122986178 0.003476538529554206 0.00016677107435935856 -0.0017571478366755352 0.0017736118678045565 0.00098056694565052554 0.0074694678430955114 0.0040066795293955794 1.0000000180025095e-35 0.00071249700397446418 1.0000000180025095e-35 0.0030020640992319352 0.010962480727594684
decision_type=8 10 8 10 10 10 10 8 10 2 10 2 10 8
left_child=1 3 4 -1 12 -6 -5 11 10 -10 -3 -4 -2 -9
right_child=2 8 7 6 5 -7 -8 13 9 -11 -12 -13 -14 -15
leaf_value=-0.01213288836808943 -0.0012837713365297136 -0.0016911876385079753 0.0010783478984415899 -0.0047557085966679407 0.0017701643194209 0.00029292852404957324 -0.00072297686143011448 0.0060596914774171421 -0.0036637568041552491 0.0042682222076394841 -0.00067210596124732305 0.0035259651738113167 0.0018148783498625621 0.01228263213200967
leaf_weight=362.63877913355827 6552.0467068552971 12028.110582366586 1951.2277251556516 4080.5254226699471 19065.173511311412 23096.006306007504 1295.1059875637293 408.64209052175283 381.57452797889709 1095.497169137001 28230.524614095688 3874.2409650459886 752.00342585146427 170.75006581842899
leaf_count=3880 32680 51405 14654 23194 86393 123154 6676 4038 1679 4932 114706 29473 4800 1963
internal_value=-6.57222e-05 -0.00128914 0.000972813 -0.00435576 0.000678185 0.000962615 -0.00379842 0.00323429 -0.00086513 0.00216793 -0.000978412 0.00271968 -0.000954495 0.00817271
internal_weight=103344 47474 55870.1 5738.27 49465.2 42161.2 5375.63 6404.86 41735.7 1477.07 40258.6 5825.47 7304.05 579.392
internal_count=503627 206472 297155 33750 247027 209547 29870 50128 172722 6611 166111 44127 37480 6001
is_linear=0
shrinkage=0.03


Tree=135
num_leaves=15
num_cat=0
split_feature=3 3 3 0 0 3 0 0 0 3 0 3 3 3
split_gain=145.317 60.7295 49.8751 29.173 25.3906 19.8176 15.21 13.5578 13.1612 12.9943 9.73881 7.76067 6.98667 4.61187
threshold=0.00086931218705457107 0.0026945888256439741 0.0003500948186697287 -0.020959376672027904 -0.34176014131304233 0.00011683152952991526 -0.14944244582445845 0.15385320600580735 -0.26907275543943143 0.0068132906241668038 -0.52524887021638811 0.0005548494381610187 0.00077726336981763218 0.0011896351784609204
decision_type=8 8 10 10 8 10 10 10 10 8 10 10 10 10
left_child=2 3 5 8 10 -1 12 -7 -2 -6 -3 -8 -4 -5
right_child=1 4 6 13 9 7 11 -9 -10 -11 -12 -13 -14 -15
leaf_value=-0.015667021198803619 -0.0013114920419468115 -0.0048813390215475833 -0.0034115014899712076 0.00050027947505401822 0.0029503779093047831 -0.006217897694479931 -0.0020165905239112507 -0.00056127023690252288 6.3388727018960438e-05 0.0075788064733855656 0.00053681585042208622 -0.00065443807197761855 -0.0009063118914457083 0.0013371314165966965
leaf_weight=169.75820641219616 8056.5933272540569 344.86649686843157 4273.9151938855648 9252.7258279919624 9708.2930140048265 1884.5820722132921 5251.9258773624897 510.08035975694656 27762.858416475356 594.21487756818533 1821.1273186653852 14150.026130303741 1412.3242267519236 18057.802006617188
leaf_count=2041 36143 2121 18887 38432 67963 12672 24759 3192 125658 6393 11337 57857 5680 90202
internal_value=1.51717e-05 0.000696441 -0.00184473 0.000317298 0.0026095 -0.00582985 -0.00143284 -0.00504529 -0.000244458 0.00323024 -0.00031675 -0.0010271 -0.00280249 0.00105609
internal_weight=103251 75598.5 27652.6 63130 12468.5 2564.42 25088.2 2394.66 35819.5 10302.5 2165.99 19402 5686.24 27310.5
internal_count=503337 378249 125088 290435 87814 17905 107183 15864 161801 74356 13458 82616 24567 128634
is_linear=0
shrinkage=0.03


Tree=136
num_leaves=15
num_cat=0
split_feature=3 3 3 0 0 0 3 3 3 3 0 3 4 0
split_gain=140.73 54.1796 34.4441 26.2424 25.8931 19.9534 16.3085 13.3034 12.3207 11.1263 8.60234 7.18857 4.90971 3.42194
threshold=0.00099438790827566237 0.00028843218189381357 0.0021510302458801205 -0.24009675444035158 -0.05105518289791388 -0.42572216630227783 0.0049591134963881097 0.00062774871311010582 0.00053393972403417472 0.00011683152952991526 0.029154286580219239 0.0010780075049196187 1.0000000180025095e-35 0.28146430705119424
decision_type=8 10 8 10 10 8 8 10 10 10 10 10 2 10
left_child=1 9 3 11 7 12 -7 -3 -6 -1 -5 -2 -4 -11
right_child=2 4 5 10 8 6 -8 -9 -10 13 -12 -13 -14 -15
leaf_value=-0.014668021203984626 -0.0044524095321474642 -0.0035619362613085364 -0.0041570430388976169 0.00024383844466349113 -0.0020748622238239574 0.001750723718166129 0.0047135149093137114 -0.0016230542201931507 -0.00019221577787877724 -0.0065843771893405352 0.0011451674793836956 -0.0010241110423182733 -0.00033513423618625269 -0.00088067234486346796
leaf_weight=163.67605778574944 606.15939666330814 4829.2063941210508 441.31932125240564 23051.625041037798 3959.6313420832157 17249.80515871942 1881.6369448974729 10078.224322378635 15228.163818776608 1201.7336900234222 16513.896755889058 6841.6146209686995 1048.3689328059554 133.19024562090635
leaf_count=1994 2442 22929 2501 102999 19333 106900 17741 40916 62221 9023 77352 30094 6101 906
internal_value=-3.97134e-05 -0.00156692 0.000763231 0.000313158 -0.00131816 0.00178578 0.00204757 -0.00225714 -0.000584726 -0.00714046 0.000621746 -0.00131677 -0.00152755 -0.00607069
internal_weight=103228 35593.8 67634.4 47013.3 34095.2 20621.1 19131.4 14907.4 19187.8 1498.6 39565.5 7447.77 1489.69 1334.92
internal_count=503452 157322 346130 212887 145399 133243 124641 63845 81554 11923 180351 32536 8602 9929
is_linear=0
shrinkage=0.03


Tree=137
num_leaves=12
num_cat=0
split_feature=3 3 3 3 3 3 4 2 1 4 3
split_gain=131.377 49.9536 34.8513 21.1344 18.8897 12.3439 4.45254 4.29402 4.09503 4.03254 3.76646
threshold=0.00079253594904680634 0.0033088015524712208 0.00011683152952991526 0.00043986790339815287 0.0014674221302543669 0.010962480727594684 1.0000000180025095e-35 0.62500000000000011 1.0000000180025095e-35 1.0000000180025095e-35 0.00028843218189381357
decision_type=8 8 10 10 10 8 2 10 2 2 10
left_child=2 4 -1 10 7 9 -6 -2 -5 -3 -4
right_child=1 5 3 8 6 -7 -8 -9 -10 -11 -12
leaf_value=-0.015261938145948031 0.00011964530160031795 0.0016876520017510919 -0.0051190821327909359 -8.0737890370420807e-05 0.00037982507799665533 0.010957543331608748 0.001113134620774137 -0.00055332601830731631 -0.0015661162320192736 0.0032811908460416549 -0.0030842271622666243
leaf_weight=168.21477279812098 26450.615407571197 2389.084563806653 1328.206571161747 1963.9214912503958 11526.944640353322 165.97576312720776 22781.678674943745 12530.068336412311 15872.307568728924 4694.8813126012683 3358.1827545166016
leaf_count=2074 111309 18071 9921 8242 59839 1945 119040 52131 67290 36116 17774
internal_value=2.2691e-05 0.000591366 -0.0019925 -0.001884 0.000355247 0.00296624 0.000868689 -9.52242e-05 -0.00140606 0.00275536 -0.00368339
internal_weight=103230 80539.2 22690.8 22522.6 73289.3 7249.94 34308.6 38980.7 17836.2 7083.97 4686.39
internal_count=503752 398451 105301 103227 342319 56132 178879 163440 75532 54187 27695
is_linear=0
shrinkage=0.03


Tree=138
num_leaves=15
num_cat=0
split_feature=3 3 3 3 5 5 5 5 5 3 3 3 3 5
split_gain=117.694 50.8189 43.6629 21.3824 22.4014 14.5286 12.7762 12.7739 9.27122 8.25513 8.08486 5.66471 3.75093 1.32164
threshold=0.00072908979165060242 0.0017469627563974058 0.00028843218189381357 0.0074694678430955114 -0.0020589016080271262 -0.0011124103034928689 0.0034144552768843768 0.00098056694565052554 -0.0013995895052390038 0.00011683152952991526 0.0014674221302543669 0.00077726336981763218 0.010962480727594684 0.0039408045054141489
decision_type=8 8 10 8 10 10 10 10 10 10 10 10 8 10
left_child=2 5 7 4 -3 11 8 9 -4 -1 -7 -2 -5 -8
right_child=1 3 6 12 -6 10 13 -9 -10 -11 -12 -13 -14 -15
leaf_value=-0.014916463022232561 0.0027135677059164018 -0.00035098569036881659 0.0015394537054296894 0.0051370832903093692 0.0017345359655632146 -6.3170122876090345e-05 0.002533557649852938 6.8134031385095567e-05 -0.0019558005287824282 -0.0070303776684815644 0.00094890784663123325 -0.0014589503048475793 0.011359971837860687 0.0085937604410944689
leaf_weight=156.85292855650187 286.47666768729687 5647.8342309072614 686.4077065885067 400.52128590643406 24664.017148189247 37292.768400415778 138.50468674302101 179.45572213083506 16302.603000074625 1132.7836333364248 8742.03477409482 7276.5925434976816 164.01267940551043 79.400494173169136
leaf_count=1958 1150 34670 2896 4020 144830 155741 561 1229 73465 8624 40724 31336 1939 324
internal_value=9.13407e-06 0.000486244 -0.0021448 0.00145559 0.00134399 -7.12174e-05 -0.00171387 -0.00710581 -0.00181023 -0.00814309 0.000127885 -0.0012896 0.00721569 0.00528523
internal_weight=103150 84474.3 18676 30876.4 30311.9 53597.9 17206.9 1469.09 16989 1289.64 46034.8 7563.07 564.534 217.905
internal_count=503467 414410 89057 185459 179500 228951 77246 11811 76361 10582 196465 32486 5959 885
is_linear=0
shrinkage=0.03


Tree=139
num_leaves=14
num_cat=0
split_feature=3 3 3 0 0 0 3 0 3 3 3 3 3
split_gain=112.096 44.6365 39.599 32.4685 26.1047 15.7905 15.2144 13.7795 9.21436 6.9874 6.88872 5.93816 4.54177
threshold=0.00082376494954258122 0.0021510302458801205 0.00023576616064718205 0.047842307354519338 -0.43937507724137975 -0.35379575726825069 0.003476538529554206 -0.13225284209866353 0.00056461973653499861 0.00011683152952991526 0.00062774871311010582 0.0021340549804086408 0.0022480432704919165
decision_type=8 8 10 10 8 10 8 10 10 10 10 10 10
left_child=2 3 9 5 12 -2 -6 10 -9 -1 -4 -5 -3
right_child=1 4 7 11 6 -7 -8 8 -10 -11 -12 -13 -14
leaf_value=-0.014133385745619792 -0.0026364590982060321 0.0047855022283573873 -0.0038536826355705738 0.0011512401944610575 0.0014424390348054411 -0.00023716040723038373 0.0033063634582021829 -0.0020255942392990514 -0.00059945026421054988 -0.0065118319855695253 -0.0017710531221929225 -0.0057556313759128752 -0.0028255018420204896
leaf_weight=159.83400359004736 2648.9361318200827 60.386443227529526 2981.8585490435362 18932.664019107819 13558.633168533444 36269.656045868993 5705.9870987460017 6631.3182430118322 11058.442824736238 679.95464195311069 3100.1454598754644 100.13190674781799 1223.1404041051865
leaf_count=2019 11396 290 14521 86499 79858 158728 45918 32716 45299 5780 12743 563 7138
internal_value=-3.33166e-05 0.000519976 -0.0018 9.28101e-05 0.00172115 -0.000402642 0.00199906 -0.00156866 -0.0011383 -0.00818227 -0.00280661 0.00110875 -0.00238681
internal_weight=103111 78499.5 24611.6 57951.4 20548.1 38918.6 19264.6 23771.8 17689.8 839.789 6082 19032.8 1283.53
internal_count=503468 390390 113078 257186 133204 170124 125776 105279 78015 7799 27264 87062 7428
is_linear=0
shrinkage=0.03


Tree=140
num_leaves=15
num_cat=0
split_feature=3 3 0 3 3 0 0 0 3 3 0 0 0 3
split_gain=108.218 48.6418 38.5375 32.8718 21.9499 18.5086 15.7134 15.3302 11.517 7.46305 4.40648 2.64015 1.94883 1.2156
threshold=0.00060108897664271316 0.0016595317306360672 -0.11543876114500233 0.00016677107435935856 0.0074694678430955114 -0.13008425057211101 -0.40358146368691888 0.55416332134114699 0.00042597841913821066 0.00090780884038465799 -0.18139443303062067 0.16301139899572917 0.82047527348591809 0.00011683152952991526
decision_type=8 8 10 10 8 10 10 10 10 10 8 8 10 10
left_child=3 2 6 11 5 -3 -2 8 -5 -4 -6 13 -9 -1
right_child=1 4 9 7 10 -7 -8 12 -10 -11 -12 -13 -14 -15
leaf_value=-0.016583909036629672 -0.0048065582994517055 0.00036168494905281195 -0.00019556590517037643 -0.0039131210413583676 0.0037197366401583169 0.0017930813313410466 -0.0010434312147503525 0.0059675538489106575 -0.001846273800624032 0.00068482058448662787 0.0097617600950993828 -0.0040928823624892417 0 -0.0090434600837094332
leaf_weight=128.72715924680233 1058.9028979241848 14706.42940377444 13032.175119832158 3973.4389593675733 266.51236213743687 18532.279416926205 18439.595994099975 195.90476077795029 6818.0102229863405 25310.384524181485 295.2355984300375 68.620809465646744 67.327733680605888 153.9937342479825
leaf_count=1655 4357 81990 52907 23276 2500 111633 77096 901 30773 110303 3467 744 303 1548
internal_value=1.68301e-05 0.000360489 -0.000166969 -0.00273694 0.00126466 0.00116187 -0.00125323 -0.00243653 -0.00261577 0.00038405 0.00711536 -0.0116939 0.00451855 -0.013131
internal_weight=103048 91641.5 57841.1 11406 33800.5 33238.7 19498.5 11054.7 10791.4 38342.6 561.748 351.342 263.232 282.721
internal_count=503453 444253 244663 59200 199590 193623 81453 55253 54049 163210 5967 3947 1204 3203
is_linear=0
shrinkage=0.03


Tree=141
num_leaves=15
num_cat=0
split_feature=0 5 0 0 5 4 0 5 0 5 5 0 0 5
split_gain=34.5518 23.4965 16.6301 15.4993 13.2941 11.7406 7.358 6.94046 10.4505 6.6494 4.34726 7.66632 5.28055 3.02588
threshold=0.099964938497689296 0.0046972986357363038 0.6780383461259557 -0.40358146368691888 0.00091122187831503825 1.0000000180025095e-35 0.19190039306686438 7.017639083716042e-05 0.53134678849817707 0.0025887892191453318 0.0018018147127640122 -0.41367515449904518 -0.43937507724137975 -0.0069433849341747683
decision_type=10 10 10 10 8 2 10 10 10 10 10 8 10 10
left_child=3 7 6 10 13 -6 -3 8 -2 -9 11 -1 -12 -5
right_child=1 2 -4 4 5 -7 -8 9 -10 -11 12 -13 -14 -15
leaf_value=-0.00053637866777568241 0.00057804603837284378 0.0016711435115695471 -0.00062182228443200059 0.0016153082641642111 -0.00059862536335210338 0.00051176430742952482 0.0049797987303577505 -0.00043271424146439351 0.0028567894689944095 0.0010551919314244482 -0.004668166142427055 -0.0065848732810759054 -0.00085738507540263043 -0.0007174959254010922
leaf_weight=1692.4855644479394 8351.8442824780941 935.21805676072836 857.01237014681101 483.30135042965412 12988.402623251081 25036.499728500843 2216.8579920455813 8443.924744322896 2346.767070658505 3959.1191890463233 1081.7249763607979 207.7906604334712 535.33360786736012 33837.167914696038
leaf_count=8236 40579 6225 6049 3926 64117 123697 14964 37932 12797 18545 5831 1010 2861 156533
internal_value=-2.07482e-05 0.000897694 0.00301804 -0.000349834 -0.000254185 0.000130846 0.00402549 0.000525984 0.0010857 3.78673e-05 -0.00229386 -0.00126018 -0.00345649 -0.000682437
internal_weight=102973 27110.7 4009.09 75862.7 72345.4 38024.9 3152.08 23101.7 10698.6 12403 3517.33 1900.28 1617.06 34320.5
internal_count=503302 137091 27238 366211 348273 187814 21189 109853 53376 56477 17938 9246 8692 160459
is_linear=0
shrinkage=0.03


Tree=142
num_leaves=15
num_cat=0
split_feature=3 3 3 3 0 0 3 3 0 0 3 3 0 3
split_gain=110.27 43.5108 35.9436 21.124 19.5535 16.8401 15.3151 10.8039 8.92029 8.4922 8.22556 5.43629 3.88677 1.64135
threshold=0.0011896351784609204 0.00036776999756901193 0.0032609570095814585 0.00011683152952991526 -0.29232134790783865 -0.26907275543943143 0.00069638369342196239 0.0074694678430955114 -0.52524887021638811 -0.096804089904225663 0.0022891964707359067 0.0016962323924409929 -0.36093360351730353 0.010962480727594684
decision_type=8 10 8 10 10 10 10 8 10 10 10 10 10 8
left_child=1 3 4 -1 11 12 -7 8 -4 -5 -6 -2 -3 -9
right_child=2 5 7 9 10 6 -8 13 -10 -11 -12 -13 -14 -15
leaf_value=-0.015136800637076994 -0.0022189025295744854 -0.0044376927419354714 -0.0030608329989978743 -0.0065182228920267881 0.00059529656449253381 -0.0015419420267035371 -0.00028964153067247183 0.0052193899276990951 0.0026713639313414765 -0.0027726764105258559 0.0016498420774184689 -0.00032608896702460057 -0.0021325026835711204 0.0099772695257816166
leaf_weight=158.32811664044857 2142.0844570845366 1069.7706190943718 235.81624861806631 844.37127879261971 33588.608731746674 12878.907399088144 28175.18344758451 399.34047047048807 6735.5076194182038 1893.7514564022422 8437.0690787807107 4009.0952348262072 2328.8293840885162 161.78807155042887
leaf_count=2049 9062 4456 1464 5647 159119 57110 115174 4054 50885 12299 50698 20152 9739 1943
internal_value=-2.4089e-05 -0.00108896 0.000879936 -0.00465015 0.000576747 -0.000854577 -0.000684236 0.00280781 0.00246476 -0.00396906 0.000808776 -0.000997512 -0.0028866 0.00684694
internal_weight=103058 47349.1 55709.3 2896.45 48176.9 44452.7 41054.1 7532.45 6971.32 2738.12 42025.7 6151.18 3398.6 561.129
internal_count=503851 206474 297377 19995 239031 186479 172284 58346 52349 17946 209817 29214 14195 5997
is_linear=0
shrinkage=0.03


Tree=143
num_leaves=15
num_cat=0
split_feature=3 3 3 5 3 3 5 3 5 5 5 3 5 5
split_gain=101.498 42.9669 35.8675 28.9816 26.2093 13.551 14.3054 10.525 9.68401 6.56799 6.44227 5.41955 2.76745 1.34349
threshold=0.00075358048531563382 0.0049591134963881097 0.00020424142896018367 -0.0010252483933195901 0.0014084415761188122 0.00053393972403417472 0.0011511392791270158 0.0016242212511274347 0.00059041290114677267 -1.0000000180025095e-35 -0.00024786317811196904 0.010962480727594684 0.0052577893579663264 0.00081661613255149012
decision_type=8 8 10 10 10 10 10 10 10 10 10 8 10 10
left_child=2 3 8 7 -5 6 -4 -2 10 -7 -1 12 -3 -10
right_child=1 11 5 4 -6 9 -8 -9 13 -11 -12 -13 -14 -15
leaf_value=-0.0042134502754477797 -0.0016623519353457445 0.0052036955781364011 -0.0033633226279514792 4.1022515215493974e-05 0.0012415315199846113 2.6104931293416468e-05 -0.00021849731952732908 -6.6794580320759381e-05 0.0025628295329627672 -0.0014951491600566226 -0.013360822820992409 0.010099062595830556 0.0026691630841125073 -0.0034440566837470204
leaf_weight=128.87309677153826 7103.8076220154762 1104.8240358605981 5940.9567877501249 33308.876387700438 32374.269780561328 3570.6117019206285 1721.4983012974262 7975.2057403028011 43.617281600832939 8331.1947046071291 337.49185434728861 162.90511237084866 867.1253475099802 64.83945132791996
leaf_count=1271 30200 9229 31487 138584 175135 14916 8261 44772 436 34785 3560 1974 8641 589
internal_value=8.37533e-06 0.00047309 -0.0019008 0.00036094 0.000633748 -0.00167726 -0.00266581 -0.000823051 -0.00924769 -0.00103409 -0.0111005 0.00466632 0.00413855 -0.000509379
internal_weight=103036 82897 20139.1 80762.2 65683.1 19564.3 7662.46 15079 574.822 11901.8 466.365 2134.85 1971.95 108.457
internal_count=503840 408535 95305 388691 313719 89449 39748 74972 5856 49701 4831 19844 17870 1025
is_linear=0
shrinkage=0.03


Tree=144
num_leaves=15
num_cat=0
split_feature=3 3 3 0 0 0 3 0 0 0 3 0 3 2
split_gain=93.322 42.3687 31.8956 27.3811 19.6739 19.0263 17.0395 12.9269 10.9437 10.7787 9.35918 7.48389 4.82728 4.66966
threshold=0.0010239830969171089 0.0004655603122986178 0.0024985033181611446 -0.11748016121875192 -0.26570397604443846 -0.018769461217803648 0.00016677107435935856 0.099964938497689296 -0.40358146368691888 -0.52524887021638811 0.0051408260040592402 0.15385320600580735 0.001205830551756865 0.37500000000000006
decision_type=8 10 8 8 10 10 10 10 10 10 8 10 10 10
left_child=1 6 5 9 13 8 -1 -6 -2 -4 -5 -8 -7 -3
right_child=2 4 3 10 7 12 11 -9 -10 -11 -12 -13 -14 -15
leaf_value=-0.010097862288976559 -0.0025397414692244903 -0.0012157936396958843 -0.0041579456247892461 0.002854943282039652 -0.00092215315052639418 0.00021158097886556551 -0.0037012828988447237 0.00044982019611020032 1.1624087656671802e-05 0.00094378294165135205 0.006287418499712147 -0.00084944438276210433 0.001294797105863977 -0.0042552709862743567
leaf_weight=336.873978279531 1587.4760665148497 728.79729089140892 380.16955190896988 6381.5498224049807 20546.557629063725 4956.0077042430639 4148.7384749576449 8764.5994916409254 27827.57886916399 7065.9208515137434 849.06735569983721 1115.5082098245621 16524.399752497673 1639.58505217731
leaf_count=3878 7032 3011 2290 44223 85064 20988 23711 36140 126936 45954 8915 5996 82096 6842
internal_value=4.40597e-05 -0.0011536 0.000725967 0.00195855 -0.00072538 0.000369033 -0.00355926 -0.000509847 -0.000124846 0.000670033 0.00327442 -0.0031111 0.00104788 -0.00335424
internal_weight=102853 37280.7 65572.2 14676.7 31679.5 50895.5 5601.12 29311.2 29415.1 7446.09 7230.62 5264.25 21480.4 2368.38
internal_count=503076 164642 338434 101382 131057 237052 33585 121204 133968 48244 53138 29707 103084 9853
is_linear=0
shrinkage=0.03


Tree=145
num_leaves=15
num_cat=0
split_feature=3 3 3 5 3 5 5 3 5 5 5 5 4 3
split_gain=91.7444 43.388 35.5103 24.3028 15.0962 14.3932 24.4444 12.1089 9.08118 9.03296 8.36714 7.28272 3.12827 2.99015
threshold=0.00072908979165060242 0.00031024040793541568 0.0027575932498052321 -0.0011124103034928689 0.0013074998868317434 -0.0035242795105110748 0.0020840492945907005 0.00011683152952991526 0.0028784733705354746 0.00074903595980244119 -0.0013995895052390038 -0.014720823662419906 1.0000000180025095e-35 0.0016242212511274347
decision_type=8 10 8 10 10 8 10 10 10 10 10 10 2 10
left_child=1 7 3 13 -5 11 -7 -1 10 -9 -3 -4 -10 -2
right_child=2 8 5 4 -6 6 -8 9 12 -11 -12 -13 -14 -15
leaf_value=-0.014470794522087457 -0.0014156354159234428 0.0016989697379290697 0.005275914070217355 1.7151580413844749e-05 0.00096336123332328792 0.0045736131811021912 0.0013743597762869793 -0.0066550847411535712 -0.0012325183580797503 -0.0011332279129151093 -0.0016360534976663675 -0.0007249564574340839 0.0037361528694063919 -0.00042749851133652532
leaf_weight=151.35064545273781 6778.2798706144094 682.508071154356 189.71506032347679 30889.087072193623 30072.80617390573 3401.917451236397 6068.8197647221386 1243.772975705564 129.93871474266052 379.70169638842344 15523.573632180691 1977.3078887164593 403.74299250543118 5019.4830083847046
leaf_count=2017 28814 2879 2012 127318 149157 20395 46847 9277 526 2573 69901 14605 1639 25663
internal_value=7.01372e-05 -0.00184103 0.000490277 0.000243106 0.000484987 0.00202891 0.00253348 -0.00629779 -0.00136144 -0.0054152 -0.00149094 -0.00015022 0.00241562 -0.00100102
internal_weight=102912 18514.6 84397.4 72759.7 60961.9 11637.8 9470.74 1774.83 16739.8 1623.47 16206.1 2167.02 533.682 11797.8
internal_count=503623 88812 414811 330952 276475 83859 67242 13867 74945 11850 72780 16617 2165 54477
is_linear=0
shrinkage=0.03


Tree=146
num_leaves=14
num_cat=0
split_feature=3 3 3 3 3 4 3 2 3 3 3 3 2
split_gain=91.5782 55.0679 18.5325 15.9648 13.3937 7.68008 9.17342 7.07968 4.6305 3.58525 2.7156 2.31811 1.51797
threshold=0.001683854206200584 0.00036776999756901193 0.0074694678430955114 0.00069638369342196239 0.00011683152952991526 1.0000000180025095e-35 0.0029250039279950265 0.87500000000000011 0.0010019150786712697 0.0016962323924409929 0.00023576616064718205 0.010962480727594684 0.37500000000000006
decision_type=8 10 8 10 10 2 10 10 10 10 10 8 10
left_child=1 4 5 7 -1 9 -7 -3 -5 -2 -6 12 -4
right_child=2 3 11 8 10 6 -8 -9 -10 -11 -12 -13 -14
leaf_value=-0.013186591706653985 0.0052705861476114125 -0.0015084710743779141 0.0084485926652518202 -0.00051263340536861809 -0.0058843180766253861 0.001194780003518466 0.0025745037948733929 0.00079683850170656704 6.802097668901485e-05 0.00053933647254417487 -0.0034186101943335565 0.010365414910775788 0.003316265829356894
leaf_weight=153.34216248989105 139.64054025709629 12457.393583282828 106.02906913310289 19234.183464482427 666.3095471560955 15160.650057688355 6289.9789855033159 1284.7579675018787 34161.255493804812 10665.059248410165 2044.8471420109272 156.16140918433666 285.13528373837471
leaf_count=2069 663 55425 1111 77778 5806 80892 45542 5753 148933 62408 12144 1922 2906
internal_value=6.10643e-05 -0.000551249 0.00136936 -0.000376124 -0.00461933 0.00127292 0.00160316 -0.00128816 -0.000140077 0.000610848 -0.00406604 0.00682072 0.00503292
internal_weight=102805 70002.1 32802.7 67137.6 2864.5 32255.3 21450.6 13742.2 53395.4 10804.7 2711.16 547.326 391.164
internal_count=503352 307908 195444 287889 20019 189505 126434 61178 226711 63071 17950 5939 4017
is_linear=0
shrinkage=0.03


Tree=147
num_leaves=15
num_cat=0
split_feature=3 3 0 0 3 5 3 0 5 5 3 5 0 5
split_gain=82.7893 43.2822 30.1955 27.8866 25.2908 25.5416 19.6861 15.7023 16.4907 15.1193 13.5559 13.1527 12.8834 10.4527
threshold=0.0011002873620565745 0.00043986790339815287 -0.023030780706703776 -0.12376355981151192 0.0026070960476041218 -0.0037288115527270974 0.00016677107435935856 -0.42572216630227783 0.0019523990592228955 0.0051520316414554535 0.0027255411175879326 -0.0011124103034928689 -0.26907275543943143 -0.0009839829200537669
decision_type=8 10 10 8 8 8 10 10 10 10 10 10 10 10
left_child=1 6 12 7 11 -6 -1 8 -2 -4 -9 -5 -3 -8
right_child=3 2 9 4 5 -7 13 10 -10 -11 -12 -13 -14 -15
leaf_value=-0.010817323598016453 0 -0.0034618876749209831 4.9120225439228047e-05 -0.00041070932786956335 -0.00060063131197619674 0.0038581483113559593 0.0027170821915239421 -0.00024713458340826135 -0.0049798552897566501 0.0083002462701184821 0.0015267518543534901 0.0011475364760379551 -0.0012285560227979567 -0.0035473707644139811
leaf_weight=329.13350376486778 1207.1368896439672 2765.2058178931475 18278.129673495889 6106.0503053963184 1454.4019044190645 5199.2306334748864 236.15153463184834 17591.298351153731 1150.6469676867127 192.33557435870171 4953.7694398537278 23126.667565457523 16085.871752589941 4197.7997102960944
leaf_count=3873 6035 11492 75691 29318 11430 38484 1251 81665 6325 896 33861 111982 66843 24595
internal_value=-3.93735e-05 -0.00106262 -0.000716402 0.000668098 0.00120337 0.00287507 -0.00375571 -0.000101027 -0.00242649 0.000142732 0.000140481 0.000819973 -0.001561 -0.00319486
internal_weight=102874 42084.6 37321.5 60789.2 35886.4 6653.63 4763.08 24902.9 2357.78 18470.5 22545.1 29232.7 18851.1 4433.95
internal_count=503741 184641 154922 319100 191214 49914 29719 127886 12360 76587 115526 141300 78335 25846
is_linear=0
shrinkage=0.03


Tree=148
num_leaves=15
num_cat=0
split_feature=3 3 3 5 3 5 5 5 5 2 5 5 3 5
split_gain=75.0997 33.6337 28.1396 25.5667 17.7957 14.7971 41.7852 13.5046 14.1238 9.17557 7.69622 7.25051 6.36682 4.27441
threshold=0.00067175226576378529 0.0023771423407797317 0.00020424142896018367 -0.00090076113032007822 0.0011977350504502619 -0.0031722197340909781 0.0020517998989650049 0.00095854595744080328 -1.0000000180025095e-35 0.62500000000000011 0.00059041290114677267 -0.000411924652199066 0.0049591134963881097 -0.0024192203813976558
decision_type=8 8 10 10 10 8 10 10 10 10 10 10 10 10
left_child=2 3 10 13 -5 12 -7 8 -4 -9 11 -1 -3 -2
right_child=1 5 7 4 -6 6 -8 9 -10 -11 -12 -13 -14 -15
leaf_value=-0.0011134355341052198 -0.0018816086733907189 -0.00098683911255636461 -0.0010268946400145654 -0.00014600816527524495 0.00089892045329916176 0.0042085766017412865 0.0007543382574153757 -0.00098411857799976347 -0.0033610885430725291 0.0022083589528822628 -0.00059638313825790352 -0.011970539013896617 0.0024872822453877071 -0.00068716286881243319
leaf_weight=82.199435152113438 4173.3860544860363 2348.7059563398361 4521.2456318736076 27937.077410668135 30674.303075924516 5085.6708953008056 8421.0042605288327 3954.7957692146301 5057.900416880846 1002.4212386384606 108.18586637824774 365.65271621197462 580.11866570264101 8421.0453789979219
leaf_count=814 19751 15547 21691 114236 146181 28987 61524 17818 25094 4534 1044 3984 5627 36538
internal_value=8.17569e-05 0.000418964 -0.00187141 0.000135605 0.000399892 0.00164212 0.00206155 -0.00160953 -0.00226785 -0.000323328 -0.00846217 -0.0101767 -0.000272174 -0.0010889
internal_weight=102734 87641.3 15092.4 71205.8 58611.4 16435.5 13506.7 14536.4 9579.15 4957.22 556.038 447.852 2928.82 12594.4
internal_count=503370 428391 74979 316706 260417 111685 90511 69137 46785 22352 5842 4798 21174 56289
is_linear=0
shrinkage=0.03


Tree=149
num_leaves=15
num_cat=0
split_feature=3 0 3 3 0 3 0 3 3 0 0 3 0 0
split_gain=76.2276 27.9389 31.3621 27.5557 18.7685 13.669 10.0964 9.10722 9.05106 8.20654 8.13542 7.34703 6.19218 2.86629
threshold=0.00092334361248895211 -0.14528954170908084 0.0024478804273382823 0.00026387709959076666 0.19716013279139302 0.0014084415761188122 -0.36093360351730353 0.00011683152952991526 0.0062965774271388011 0.047842307354519338 -0.29232134790783865 0.00064599688257697713 0.21419777748509319 0.26670082985615967
decision_type=8 8 8 10 10 10 10 10 8 10 10 10 10 10
left_child=3 5 9 7 11 6 -2 -1 -4 -3 -7 -5 -6 -9
right_child=1 2 8 4 12 10 -8 13 -10 -11 -12 -13 -14 -15
leaf_value=-0.012937744028864308 -0.004267427971239056 0.00015433819796672161 0.0023642945362486257 -0.0020483312381231211 0.0039234724625522854 -0.00060193416444842302 -0.00092159794880545447 -0.0052194083003371163 0.0067757937790086046 0.0010394017108838478 0.00071126365972764628 -0.00098773665694838883 0.00022154344332933094 0
leaf_weight=145.83667080849409 927.81992387771606 19970.690437123179 7776.0897470861673 10470.626958414912 442.78900098800659 7137.3761864155531 7018.5819898992777 867.13954858481884 454.37127240374684 18178.940365202725 10376.496151693165 14301.733861908317 4541.4947024285793 107.83423576503992
leaf_count=2025 3773 90403 54647 49809 1896 38533 29022 7121 5256 86462 56362 57959 19327 795
internal_value=-3.12206e-05 0.000503966 0.000942539 -0.0012781 -0.00110053 -0.000292667 -0.00132467 -0.00588802 0.00262304 0.00057782 0.000172638 -0.00143909 0.000569623 -0.00465196
internal_weight=102718 71840.4 46380.1 30877.5 29756.6 25460.3 7946.4 1120.81 8230.46 38149.6 17513.9 24772.4 4984.28 974.974
internal_count=503390 364458 236768 138932 128991 127690 32795 9941 59903 176865 94895 107768 21223 7916
is_linear=0
shrinkage=0.03


Tree=150
num_leaves=15
num_cat=0
split_feature=3 0 3 3 5 5 3 5 5 5 5 5 0 0
split_gain=79.625 36.551 27.2292 26.402 14.0737 26.1274 15.7962 13.682 13.5678 12.8663 12.1473 11.3253 9.07743 5.45263
threshold=0.00084688774468579897 -0.10734430920627956 0.0039663377888822056 0.00023576616064718205 -0.00071964259234433639 0.0018330087239665819 0.0042562262193385509 0.002752669949704615 0.0010278589544046094 -0.00024786317811196904 -0.0010691064370052009 -0.0037288115527270974 -0.14944244582445845 0.0072917067945447176
decision_type=8 8 8 10 10 10 10 10 10 10 10 8 10 10
left_child=3 4 10 8 6 -6 -2 12 9 -1 -3 -4 -5 -9
right_child=1 2 11 7 5 -7 -8 13 -10 -11 -12 -13 -14 -15
leaf_value=-0.00072710450907948279 -0.0020358614128584509 -8.8669595699647217e-05 0.00093086029175176146 -0.0025185490589181986 0.0010762409982241811 -0.00083384442319624187 0.0032424239625044354 -0.00072105705180222374 0.0050713339847094762 -0.010300332505597785 0.001148153646484406 0.0061238029831597023 -0.0011048981954463273 0.0030039486303656674
leaf_weight=183.5949888676405 5673.2769569829106 8949.9764633625746 577.19354541599751 5411.5766222774982 11729.783472381532 14276.55854087323 543.55283254384995 540.35458993911743 66.416268967092037 545.52100384235382 33783.057912051678 1304.5236178711057 18321.762923419476 892.11228212714195
leaf_count=1730 27169 44369 5425 24353 51344 76684 4276 2189 537 5533 163480 12038 81126 3654
internal_value=3.46975e-06 0.000489384 0.00104564 -0.00143202 -0.000279012 2.54482e-05 -0.00156027 -0.0012574 -0.0067971 -0.00801338 0.00088775 0.00457599 -0.00143068 0.00156195
internal_weight=102799 76837.9 44614.8 25961.3 32223.2 26006.3 6216.83 25165.8 795.532 729.116 42733 1881.72 23733.3 1432.47
internal_count=503907 384785 225312 119122 159473 128028 31445 111322 7800 7263 207849 17463 105479 5843
is_linear=0
shrinkage=0.03


Tree=151
num_leaves=15
num_cat=0
split_feature=0 5 0 5 5 0 5 5 5 0 4 5 5 0
split_gain=29.7728 18.2173 15.0559 13.7391 8.48973 19.4587 12.4229 10.3853 7.46387 7.24253 5.84453 4.89026 4.17443 2.40015
threshold=0.19716013279139302 -0.0011124103034928689 -0.27261936296114497 0.012992510015936015 0.0063946557814089445 0.60890820388303768 0.00054491995842993388 -0.0023210519166779061 -0.00075554443562620235 0.82047527348591809 1.0000000180025095e-35 -0.0020589016080271262 -0.0062259021999955698 1.6008687950792464
decision_type=8 8 10 8 8 10 10 10 10 10 2 10 10 10
left_child=1 10 8 -4 6 -6 7 -2 -3 -8 11 -1 -12 -7
right_child=4 2 3 -5 5 13 9 -9 -10 -11 12 -13 -14 -15
leaf_value=-0.0035380516396475792 0.00016838890298921126 -0.0049217469922201293 3.8331451525999725e-05 0.0043698229307797386 0.005381540666986262 -7.277987620002607e-05 0.00022355559096758532 0.0024172579963585268 -0.00095295790873072494 -0.0033544973080816844 0.0013575262360622895 -0.0011881821200381813 -0.0011242115948724965 -0.005316928115118102
leaf_weight=1763.6943087652326 2885.730900965631 444.95327969640493 61900.517109587789 656.70954869315028 1163.0566839799285 617.76003047823906 6852.8226989507675 5452.1304901018739 10358.045395366848 539.53091982007027 633.95462063699961 1659.3572433441877 7539.9483931958675 84.7290307469666
leaf_count=9506 16949 2028 293291 6534 8950 4727 32184 25127 51322 2690 4980 7476 36477 705
internal_value=-3.47116e-05 -0.000267932 -9.2312e-05 8.54524e-05 0.00108745 0.00300899 0.000853979 0.00164725 -0.00112637 -3.36619e-05 -0.00137267 -0.00242319 -0.000922977 -0.000855249
internal_weight=102553 84957.2 73360.2 62557.2 17595.8 1865.55 15730.2 8337.86 10803 7392.35 11597 3423.05 8173.9 702.489
internal_count=502946 411614 353175 299825 91332 14382 76950 42076 53350 34874 58439 16982 41457 5432
is_linear=0
shrinkage=0.03


Tree=152
num_leaves=15
num_cat=0
split_feature=3 3 3 0 0 5 3 3 0 5 5 5 0 5
split_gain=74.5592 31.1428 20.7562 23.6335 20.3766 16.9315 12.242 10.1805 9.87222 16.392 12.4338 9.64303 9.17754 8.39846
threshold=0.00099438790827566237 0.00031024040793541568 0.0034160107240514335 -0.39358356637455411 0.27402693622948765 -0.0023210519166779061 0.0017336202516187325 0.00011683152952991526 -0.023030780706703776 -0.0039408017820368813 0.0021488532389123288 0.00054491995842993388 -0.34743697536160423 0.00098056694565052554
decision_type=8 10 8 10 10 10 10 10 8 8 10 10 10 10
left_child=1 7 3 6 12 -5 -2 -1 10 -10 -4 -6 -3 -9
right_child=2 4 8 5 11 -7 -8 13 9 -11 -12 -13 -14 -15
leaf_value=-0.012752905050958441 -0.0051200713590469332 -0.0042790962125053853 0.0030814935699073538 -0.0010807631063004019 0.0027159587099472035 0.00063796891948373019 -0.0007828644195816152 -0.0052187498295729511 -5.1850231323691268e-05 0.0053824151947922628 -0.00017154619915348625 -0.00031162338122028187 -0.0011438682422780721 0.00054653961449624541
leaf_weight=143.24003227800131 971.32991209626198 873.05114690959454 1848.141223128885 5687.3929648995399 1757.9513467848301 52545.659086816013 1565.2166787832975 1354.289883621037 692.42608341574669 1600.7525165900588 2376.9175532087684 1968.3381145596504 28994.811150118709 248.67903319746256
leaf_count=2024 4027 3754 12794 29295 7381 252867 7856 10256 6182 13962 19028 8291 123812 1638
internal_value=-6.70368e-05 -0.00118313 0.000518343 0.00034442 -0.000976997 0.00046892 -0.00248087 -0.00508639 0.00212763 0.00372239 0.00124116 0.00110409 -0.00123892 -0.0042893
internal_weight=102628 35340.4 67287.8 60769.6 33594.2 58233.1 2536.55 1746.21 6518.24 2293.18 4225.06 3726.29 29867.9 1602.97
internal_count=503167 157156 346011 294045 143238 282162 11883 13918 51966 20144 31822 15672 127566 11894
is_linear=0
shrinkage=0.03


Tree=153
num_leaves=15
num_cat=0
split_feature=3 3 0 3 3 3 0 0 0 3 3 4 3 3
split_gain=67.3381 25.9043 25.5626 23.9963 16.0395 14.0659 10.6886 8.05925 7.23865 6.1104 4.61854 4.05171 3.39628 2.94918
threshold=0.00086931218705457107 0.0004655603122986178 -0.35379575726825069 0.0035362023630402567 0.00011683152952991526 0.0015276847388896225 0.047842307354519338 -0.14318882985876438 0.28146430705119424 0.010962480727594684 0.00079253594904680634 1.0000000180025095e-35 0.0062965774271388011 0.00098621362582117299
decision_type=8 10 8 8 10 10 10 10 10 8 10 2 10 10
left_child=1 4 5 6 -1 13 -4 10 -6 -5 -3 -9 -7 -2
right_child=2 7 3 9 8 12 -8 11 -10 -11 -12 -13 -14 -15
leaf_value=-0.012909910807730575 -0.0076256188009964131 -0.0023226126931186982 0.00019578762015370001 0.0024610262914744568 -0.0031817401300527652 -0.00080859502131089083 0.0010092021726328026 0.00016343176992215521 0.00032909058709721566 0.009094982974670587 -0.00016709934222102342 -0.00080930134512637519 0.0030424846139307888 -0.0033883770287024238
leaf_weight=140.08773705363274 208.37781518697739 3988.0588801801205 42852.949680782855 4706.1986730098724 4837.709827169776 3765.1563867926598 22197.674191005528 5812.3902861177921 556.94879387319088 127.71997302398086 1233.8929281532764 10902.420601055026 202.88017056882381 1175.7187653034925
leaf_count=2000 838 17143 200398 38880 28628 20091 110065 24170 3018 1682 4964 45402 1667 4822
internal_value=8.82646e-06 -0.00126153 0.000473582 0.000627278 -0.00309756 -0.00151951 0.000474389 -0.000794362 -0.00280824 0.00266711 -0.00182605 -0.000467561 -0.000589459 -0.00411946
internal_weight=102708 27471.5 75236.7 69884.5 5534.75 5352.13 65050.6 21936.8 5394.66 4833.92 5221.95 16714.8 3968.04 1384.1
internal_count=503768 125325 378443 351025 33646 27418 310463 91679 31646 40562 22107 69572 21758 5660
is_linear=0
shrinkage=0.03


Tree=154
num_leaves=15
num_cat=0
split_feature=0 0 4 0 0 0 4 2 2 0 0 2 0 0
split_gain=28.723 6.91756 9.44713 4.27712 3.37381 3.3376 3.30732 3.07078 2.38941 1.77158 2.04353 1.24019 2.956 1.63408
threshold=0.099964938497689296 -0.22550155021775295 1.0000000180025095e-35 0.096412526974948412 0.36943018759029495 -0.52524887021638811 1.0000000180025095e-35 0.87500000000000011 0.37500000000000006 0.11775306139103194 0.19716013279139302 0.37500000000000006 0.82047527348591809 1.6008687950792464
decision_type=8 10 2 10 8 10 2 10 10 10 10 8 10 8
left_child=1 2 7 8 9 -4 -5 -1 -3 -2 -11 12 -6 -13
right_child=4 3 5 6 11 -7 -8 -9 -10 10 -12 13 -14 -15
leaf_value=-0.0020645596506257565 0.0014327143405112783 0.00015296496487355999 -0.0027115862497224365 0.00010437746741829308 0.0013091755447869643 -0.00027727796434187185 -0.0050625989435921044 0.00058034059360391368 -0.00026064721654269824 9.3816207400921196e-05 0.00078377856596836544 0.0014675467739044756 -0.0008665588980256157 0.004493427162158144
leaf_weight=5070.2921384871006 2037.9187772199512 18640.366112232208 526.00317919999361 147.76680701971054 2253.477631226182 12977.489452019334 270.74273002147675 386.73810572177172 37754.288669556379 7294.5193671695888 8769.5767334140837 5662.9723768979311 705.34138116985559 180.09162188693881
leaf_count=25106 9862 89612 2768 710 12152 64206 1312 1951 181367 35546 43509 29996 4378 1228
internal_value=-1.40668e-05 -0.00031363 -0.000810356 -0.000146685 0.000827213 -0.000378478 -0.00313837 -0.00186542 -0.000122868 0.000586385 0.000474461 0.00131447 0.000769129 0.00157858
internal_weight=102678 75773.7 18960.5 56813.2 26903.9 13503.5 418.51 5457.03 56394.7 18102 16064.1 8801.88 2958.82 5843.06
internal_count=503703 367032 94031 273001 136671 66974 2022 27057 270979 88917 79055 47754 16530 31224
is_linear=0
shrinkage=0.03


Tree=155
num_leaves=15
num_cat=0
split_feature=3 3 0 3 0 3 0 0 0 0 3 3 0 0
split_gain=50.9759 31.681 25.1428 14.0773 13.8026 12.4102 10.2557 9.29223 9.1031 6.89368 6.80118 6.45344 4.29963 2.42164
threshold=0.0016355040963458485 0.0003500948186697287 -0.22550155021775295 0.00011683152952991526 0.082964360736450651 0.0034160107240514335 -0.34743697536160423 -0.45494687316244259 -0.37595249171109768 0.15843214890213977 0.0036010223690770777 0.010962480727594684 1.1029845825782163 -0.52524887021638811
decision_type=8 10 10 10 10 8 8 10 10 10 10 8 10 10
left_child=1 3 8 -1 -4 7 10 13 -3 -5 -7 -8 -9 -2
right_child=5 2 4 9 -6 6 11 12 -10 -11 -12 -13 -14 -15
leaf_value=-0.012839665020841488 -4.3264797025334599e-06 -0.0038658407373637614 -0.00043282477252193829 -0.0040250867652314084 0.00055702729054973421 0.0056570568929115864 0.0025325592202852733 0.00082740294747799664 -0.0013435590625029154 0 -0.0011073953303179019 0.0094401851721949929 -0.0020630727271250086 -0.0036299106468648777
leaf_weight=141.31896031647921 288.3057357519865 1604.0136713683605 37466.996068686247 1812.3954965919256 19123.001932635903 141.04677410423756 5121.5110023543239 26577.812901571393 7444.6145282536745 491.59753583371639 1107.1116601750255 123.48463072255254 450.56639241427183 528.25974182784557
leaf_count=2041 1412 6695 160118 12763 83157 849 41923 144272 31495 3150 7540 1639 2906 2595
internal_value=1.52234e-05 -0.000459476 -0.000333268 -0.00380764 -9.72327e-05 0.000958041 0.00214256 0.000679001 -0.00180107 -0.00317462 -0.00025641 0.00272426 0.000776254 -0.00243795
internal_weight=102422 68083.9 65638.6 2445.31 56590 34338.1 6493.15 27844.9 9048.63 2303.99 1248.16 5245 27028.4 816.565
internal_count=502555 299419 281465 17954 243275 203136 51951 151185 38190 15913 8389 43562 147178 4007
is_linear=0
shrinkage=0.03


Tree=156
num_leaves=14
num_cat=0
split_feature=3 3 0 0 3 3 4 0 0 0 3 0 0
split_gain=56.1017 29.988 22.9797 18.8632 17.9597 16.6521 13.9839 10.9965 8.91037 3.97801 2.521 1.15905 0.339784
threshold=0.0005007185319881581 0.0014875251262832338 -0.35379575726825069 -0.18847051570692328 0.0029250039279950265 0.00016677107435935856 1.0000000180025095e-35 -0.14318882985876438 0.55416332134114699 0.026617101684818349 0.0014473538235094494 0.29840583792173175 0.6780383461259557
decision_type=8 8 10 8 8 10 2 10 10 10 10 8 10
left_child=5 2 10 6 -5 11 -3 -4 9 -7 -2 -1 -10
right_child=1 3 7 4 -6 8 -8 -9 12 -11 -12 -13 -14
leaf_value=-0.0099455977745141061 -0.0033037508570197905 -0.0016837235351751987 -0.00095580611222868188 0.00080240872866458159 0.0026916370882821786 -0.003158981248366334 0.00045553359492884419 3.9369559135316113e-05 0.0063222999666278559 -0.0015505921952028564 -0.0085999148414080163 -0.00026089281540595454 0.0014482037906344567
leaf_weight=290.40748203545809 1667.5492674559355 3877.358959056437 13224.959237679839 21342.71044870466 5809.9343892149627 3739.9202992022038 9338.6888152956963 40380.886077523232 76.603852167725563 2559.8776082396507 97.762689009308815 25.504518643021584 71.796915352344513
leaf_count=3610 6854 21200 55096 112553 46112 20970 51259 170105 378 13863 411 298 351
internal_value=-5.10998e-05 0.00013497 -0.000317596 0.000757136 0.0012097 -0.00268991 -0.000168349 -0.000205161 -0.00233885 -0.00251843 -0.00367764 -0.00937982 0.00458327
internal_weight=102504 95739.8 55371.2 40368.7 27152.6 6764.11 13216 53605.8 6448.2 6299.8 1765.31 315.912 148.401
internal_count=503060 463590 232466 231124 158665 39470 72459 225201 35562 34833 7265 3908 729
is_linear=0
shrinkage=0.03


Tree=157
num_leaves=15
num_cat=0
split_feature=3 3 5 5 3 5 5 3 3 3 5 5 2 3
split_gain=53.8386 22.3706 19.9514 37.759 30.7014 18.1428 16.648 15.5507 10.0764 8.88055 8.74127 3.49935 3.25152 3.06888
threshold=0.0011565822618161334 0.00053393972403417472 -0.0017571478366755352 0.0017736118678045565 0.0024985033181611446 0.0059618215609389723 0.0012000213295563715 0.0059290852289564317 0.00011683152952991526 0.0046374312467322709 0.0012785729884433334 -0.0078969844605491727 0.37500000000000006 0.0011731971914423617
decision_type=8 10 8 10 8 10 10 10 10 10 10 10 10 10
left_child=1 6 9 4 -4 12 8 -5 -1 13 -8 -11 -3 -2
right_child=2 5 3 7 -6 -7 10 -9 -10 11 -12 -13 -14 -15
leaf_value=-0.010772644739487497 0.0048188453698750407 -0.00010241199048019997 0.0013209666931575722 -6.7095625452428601e-07 0.0045431781539322638 0.010896001124563947 0.0069172166238851149 0.0046358727238072165 -0.0026787116210396597 3.9225026157949265e-05 -0.00022288637878547634 0.0041182657992234429 -0.00070181334055860716 -0.0010186419123753884
leaf_weight=138.30235407501459 68.672140598297119 12607.26511245966 17939.101459935308 26420.81770555675 3147.7067542597651 115.76209396123886 160.97829550504684 656.82372341677547 6383.8599147573113 385.89811162650585 1461.4534917548299 430.1005597859621 24405.152990937233 8355.8394978642464
leaf_count=2036 291 51907 79485 148331 17999 577 835 7055 35844 4016 7052 3511 100202 44946
internal_value=0 -0.000773957 0.000609511 0.000855013 0.00180673 -0.000459278 -0.00219878 0.000111253 -0.00287576 -0.000663175 0.000486836 0.00228569 -0.000499347 -0.000958287
internal_weight=102678 45272.8 57405 48164.4 21086.8 37128.2 8144.59 27077.6 6522.16 9240.51 1622.43 815.999 37012.4 8424.51
internal_count=504087 198453 305634 252870 97484 152686 45767 155386 37880 52764 7887 7527 152109 45237
is_linear=0
shrinkage=0.03


Tree=158
num_leaves=15
num_cat=0
split_feature=3 0 3 3 0 3 0 3 3 3 3 1 0 0
split_gain=52.2491 31.9881 30.1474 18.9377 11.6285 13.7686 11.5469 11.8428 8.83597 5.79317 4.40761 3.1627 0.959316 0.640601
threshold=0.00067994728334684932 -0.11543876114500233 0.0024478804273382823 0.00016677107435935856 -0.45494687316244259 0.0021169225753372013 0.12523593830417593 0.00036776999756901193 0.0068132906241668038 0.0062965774271388011 0.00090780884038465799 1.0000000180025095e-35 0.16301139899572917 0.23910922053406872
decision_type=8 8 8 10 10 10 10 10 8 10 10 2 8 10
left_child=3 4 10 12 9 -6 7 -5 -4 -2 -3 -8 -1 -14
right_child=1 2 8 6 5 -7 11 -9 -10 -11 -12 -13 13 -15
leaf_value=-0.0098762830351520302 -0.0031592431055292199 -9.495059266756775e-05 0.0022765972938937201 -0.004130172897271754 -0.00069007256519623846 0.00067476588686353424 -0.0015662355527329731 -0.001481291399893339 0.0074318283072706002 0.0037900254263846475 0.00061356318247750806 0.00046978460654540971 0 -0.0052269468657640851
leaf_weight=250.12413460761309 1753.6475446671247 9989.8070848435163 7179.2138571068645 1847.7435952499509 22899.98534078896 9327.572399713099 887.46701546013355 9607.6813963353634 317.14822788909078 99.053075112402439 35388.467584259808 2911.913260512054 26.614997781813145 34.968403242528439
leaf_count=3175 8737 40311 51471 12213 98792 57698 4120 43567 3880 786 164282 13571 325 406
internal_value=0 0.000287019 0.000749328 -0.00159968 -0.000428491 -0.000293102 -0.00144203 -0.00191701 0.0025123 -0.00273714 0.000456279 0 -0.00884376 -0.00301808
internal_weight=102521 86954.9 52874.6 15566.5 34080.3 32227.6 15254.8 11455.4 7496.36 1852.7 45378.3 3799.38 311.708 61.5834
internal_count=503334 425957 259944 77377 166013 156490 73471 55780 55351 9523 204593 17691 3906 731
is_linear=0
shrinkage=0.03


Tree=159
num_leaves=15
num_cat=0
split_feature=0 5 4 5 0 0 5 5 5 5 0 4 0 0
split_gain=17.0381 18.7724 11.9197 10.7728 8.86741 6.89868 5.95249 8.53912 6.57151 4.62533 2.46581 2.25332 1.48517 3.32026
threshold=-0.11958705392752671 0.0085157367316532114 1.0000000180025095e-35 -0.0044676630184078119 0.72003503168066529 0.48916141757134018 -0.0078969844605491727 -0.00071964259234433639 0.0019523990592228955 0.0034691400501548394 0.58120214275862392 1.0000000180025095e-35 -0.27261936296114497 -0.35379575726825069
decision_type=8 8 2 10 10 10 10 10 10 10 10 2 10 10
left_child=6 3 10 5 -4 -2 12 11 -9 -5 -3 -8 13 -1
right_child=1 2 4 9 -6 -7 7 8 -10 -11 -12 -13 -14 -15
leaf_value=0.0015567551041367159 -0.003191951551225185 0.00010868603765297543 0.0055440199647865439 8.4045893724846353e-05 0 0.00039527988034598373 -0.0026255433751608019 -5.804762979516466e-06 -0.00088790265830887409 0.00080860596028222993 -0.0065469027276679062 -0.0012592676277769122 0.00054254432651704241 0.012021532161059854
leaf_weight=94.088220924139023 1401.5942811369896 639.02020604908466 1218.6697108186781 51147.289519928396 344.84064945578575 687.82795652747154 1592.2676255404949 17078.58739104867 13890.299898028374 9438.141331627965 43.194953300058842 4824.0733098462224 108.04533225297928 45.537135541439056
leaf_count=748 9701 5382 10871 233294 2915 4889 7714 77077 73986 52019 376 23454 937 390
internal_value=-7.19966e-05 0.000221738 0.00291175 0.000123945 0.00435067 -0.00198621 -0.000580237 -0.000612793 -0.000403543 0.000198025 -0.00031453 -0.00161121 0.00393419 0.00594606
internal_weight=102553 64920.6 2245.73 62674.9 1563.51 2089.42 37632.9 37385.2 30968.9 60585.4 682.215 6416.34 247.671 139.625
internal_count=503753 319447 19544 299903 13786 14590 184306 182231 151063 285313 5758 31168 2075 1138
is_linear=0
shrinkage=0.03


Tree=160
num_leaves=15
num_cat=0
split_feature=3 3 5 5 3 3 3 5 5 3 5 3 5 5
split_gain=59.4698 24.6533 19.785 27.8254 15.663 13.2887 10.1236 13.7861 9.06636 8.24027 7.75754 5.99984 5.51053 3.34129
threshold=0.0014084415761188122 0.00028843218189381357 -0.0026363846785703656 0.0016308125200546759 0.0024985033181611446 0.0074694678430955114 0.00071249700397446418 0.0039408045054141489 0.00059041290114677267 0.0032104621967899336 -0.00090076113032007822 0.00011683152952991526 -0.0031722197340909781 -0.0044676630184078119
decision_type=8 10 8 10 8 10 10 10 10 8 10 10 10 10
left_child=1 8 9 4 -4 -5 7 -3 11 13 -8 -1 -11 -2
right_child=2 6 3 5 -6 -7 10 -9 -10 12 -12 -13 -14 -15
leaf_value=-0.012472859921959296 -0.0027403273437577639 -0.0012270645318744097 0.0015251015336313197 0.00030582179768506244 0.0037975340003212248 0.0064549832633499062 -0.0012383002195584653 0.011453388832584135 -0.0003430111143560446 0.00026362332634579738 -9.6771842657309258e-05 -0.0049559988650338177 0.0060252486031042215 -0.00086211443769878431
leaf_weight=121.11936632543802 1465.045050367713 16061.181274294853 12249.975417792797 21959.377889096737 3594.309727024287 312.2525955028832 6355.5379164516926 66.743559032678604 367.78778924793005 1718.2747662588954 34892.16047565639 895.34404285997152 157.18778035789728 2389.9855167716742
leaf_count=1815 8363 73230 56446 130527 20861 3586 26407 272 2850 13985 145066 7219 1090 12190
internal_value=6.09453e-07 -0.000622654 0.000837183 0.00108493 0.00204646 0.000397585 -0.000525592 -0.00116381 -0.00457013 -0.000799271 -0.000274373 -0.00602293 0.000807739 -0.00159667
internal_weight=102606 58759.9 43846.4 38115.9 15844.3 22271.6 57375.6 16127.9 1384.25 5730.49 41247.7 1016.46 1875.46 3855.03
internal_count=503907 256859 247048 211420 77307 134113 244975 73502 11884 35628 171473 9034 15075 20553
is_linear=0
shrinkage=0.03


Tree=161
num_leaves=15
num_cat=0
split_feature=3 3 5 5 3 0 0 5 0 5 0 3 5 5
split_gain=48.7312 25.9289 18.5878 42.9403 31.485 27.8807 18.2402 17.0457 16.2216 15.4395 12.2258 12.1297 4.56434 3.98395
threshold=0.0013335459568501748 0.00043986790339815287 -0.0013470540437885209 0.0020840492945907005 0.0024985033181611446 -0.26570397604443846 -0.14318882985876438 0.0051520316414554535 0.4706710966907563 0.0010278589544046094 0.30711960369821417 0.00020424142896018367 0.0012785729884433334 0.0034691400501548394
decision_type=8 10 8 10 8 10 10 10 10 10 10 10 10 10
left_child=1 9 8 4 -4 -5 13 -8 10 11 -2 -1 -11 -3
right_child=2 6 3 5 -6 -7 7 -9 -10 12 -12 -13 -14 -15
leaf_value=-0.0079740695826991982 -0.00053226729501737458 -0.0011608934047328101 0.0015956432502350567 -0.0019334351776698544 0.0049911834726718294 0.00074289869507732445 -8.4706790631480138e-05 0.0048302994191624172 0.0025469139949038763 0.0036392180209906871 -0.0045704686818039591 -0.0028341486927450552 -0.00069823963778819283 -0.0034326561185851578
leaf_weight=491.11359702795744 7577.6094397082925 12353.536699831486 13059.310489550233 4378.8145327940583 3059.0708211362362 17270.54024162516 36481.752101257443 636.29997925460339 1422.8579056560993 310.75337003916502 739.19065873324871 3230.8205614537001 633.41248920559883 763.7566624134779
leaf_count=5512 42414 51292 59261 24966 17516 105786 152404 3170 9021 1800 4368 19004 3359 3305
internal_value=6.86409e-05 -0.000539431 0.000772581 0.0010743 0.00224649 0.000198169 -0.000339097 0 -0.000391134 -0.00267805 -0.000903443 -0.00354799 0.000689645 -0.00130025
internal_weight=102409 54901.4 47507.4 37767.7 16118.4 21649.4 50235.3 37118.1 9739.66 4666.1 8316.8 3721.93 944.166 13117.3
internal_count=503178 239846 263332 207529 76777 130752 210171 155574 55803 29675 46782 24516 5159 54597
is_linear=0
shrinkage=0.03


Tree=162
num_leaves=15
num_cat=0
split_feature=0 5 0 5 0 5 5 0 5 0 0 0 0 5
split_gain=29.6487 20.3437 12.9712 9.44424 6.87413 6.84353 6.44347 12.8026 10.5506 5.95495 4.98287 2.76677 8.87404 3.1659
threshold=0.026617101684818349 0.0059618215609389723 0.6780383461259557 -0.0017571478366755352 -0.49593261342957029 0.0018018147127640122 -0.00011991262874452069 0.6780383461259557 0.0022523875670661876 0.20829424253674059 0.019269154515698998 -0.059542513252634259 -0.082287219462756009 -0.0022264974353289188
decision_type=10 10 10 8 8 10 10 10 10 10 10 10 10 10
left_child=3 6 9 11 5 -5 7 -2 -8 -3 -6 12 -1 -13
right_child=1 2 -4 4 10 -7 8 -9 -10 -11 -12 13 -14 -15
leaf_value=-0.0015440496034840861 0.00060729909729923274 0.0022592297038233414 -0.00073207404905461636 0 -0.00022399443922089762 -0.0050879708293452806 -0.00044584962829321748 0.0035972238061922858 0.00092530353044220344 0.0052941357278704091 -0.0022511927576779286 0.00057746297109718882 -0.0066521319795578692 -0.0027334070851713931
leaf_weight=3918.4417234584689 11350.989716015756 1233.8544623330235 666.88817518949509 431.25762187689543 57806.866050872952 525.25289074331522 12632.777968980372 1461.4302632585168 8383.0715694725513 1344.2092554904521 1110.4131092727184 904.42487214505672 334.3597771152854 346.36581449955702
leaf_count=21222 55504 9328 5079 1961 277757 2845 57338 8267 40381 10196 5281 4962 1760 1589
internal_value=-3.17878e-05 0.000645196 0.00291371 -0.000416639 -0.000305933 -0.00282203 0.00042502 0.000955559 9.84198e-05 0.00387916 -0.000263595 -0.00160739 -0.00197439 -0.000306194
internal_weight=102451 37073.2 3244.95 65377.4 59873.8 956.511 33828.3 12812.4 21015.8 2578.06 58917.3 5503.59 4252.8 1250.79
internal_count=503470 186093 24603 317377 287844 4806 161490 63771 97719 19524 283038 29533 22982 6551
is_linear=0
shrinkage=0.03


Tree=163
num_leaves=12
num_cat=0
split_feature=5 4 5 4 5 2 5 4 5 2 5
split_gain=13.057 11.0301 5.46378 6.22982 7.6777 4.25819 2.55863 17.3426 1.9565 1.58917 0.591888
threshold=0.016645297266179616 1.0000000180025095e-35 -0.0020589016080271262 1.0000000180025095e-35 -0.0078969844605491727 0.62500000000000011 0.0085157367316532114 1.0000000180025095e-35 -0.00024786317811196904 1.0000000180025095e-35 -0.0022264974353289188
decision_type=8 2 10 2 10 8 10 2 10 10 10
left_child=2 5 3 10 -5 9 8 -8 -4 -2 -1
right_child=1 -3 6 4 -6 -7 7 -9 -10 -11 -12
leaf_value=-0.0018364370402650773 -0.0068902598787000001 0.0064448680754694513 0.00025894988183676481 0.0032108925113299674 -0.00048680905917364444 0.007426345074345044 -0.0022561400407256353 0.0024780894719969413 -8.7468677757049969e-05 -0.00073145591001859292 -0.00020494395729655536
leaf_weight=3329.6462813168764 53.396823205053806 500.34485035762191 18475.983564011753 548.38700119405985 5196.1053147166967 33.256117299199104 1034.7281114384532 2040.2091450691223 70768.185836195946 174.36844044178724 305.17083220183849
leaf_count=18693 500 5337 83992 4802 27401 343 7793 16296 335252 1682 1416
internal_value=-2.57717e-05 0.00386154 -5.58408e-05 -0.000745433 -0.000118422 -0.000924071 1.36427e-05 0.000863405 -1.50573e-05 -0.00265673 -0.00171686
internal_weight=102460 761.366 101698 9379.31 5744.49 261.021 92319.1 3074.94 89244.2 227.765 3634.82
internal_count=503507 7862 495645 52312 32203 2525 443333 24089 419244 2182 20109
is_linear=0
shrinkage=0.03


Tree=164
num_leaves=15
num_cat=0
split_feature=0 5 4 0 5 0 0 5 0 4 5 5 2 4
split_gain=27.2206 20.1712 11.862 11.6418 7.19805 15.0404 6.41808 6.0639 12.8781 8.16596 6.11123 8.70673 6.48685 5.41016
threshold=-0.14318882985876438 0.0075114093388752188 1.0000000180025095e-35 0.6780383461259557 -0.0031722197340909781 0.76849061314404976 -0.11748016121875192 0.0025887892191453318 -0.49593261342957029 1.0000000180025095e-35 -0.00086249689125500798 -0.0044676630184078119 0.37500000000000006 1.0000000180025095e-35
decision_type=8 8 2 10 10 10 8 10 10 2 10 10 10 2
left_child=7 4 6 -4 5 -2 -3 10 -9 -10 11 -1 -12 -6
right_child=1 2 3 -5 13 -7 -8 8 9 -11 12 -13 -14 -15
leaf_value=0.0015603564828796854 -0.0018056125164762056 -0.0078739877212873708 0.005115371060525736 -0.00022380343690381156 0.000691384958055595 0.0034480923328907239 0.00070395344746676785 -0.0063546236451720011 -0.0023269924137188152 -0.00042841368876655122 0.00066511238032581309 -0.0018253249720537139 -0.00055722710093509219 0.00010362154996876174
leaf_weight=775.08796928822994 3299.8015316724777 76.033714115619659 1666.7468683868647 442.53493443131447 21803.980764649808 560.11243744939566 882.36184439435601 435.06925691664219 3158.8359239250422 6029.0067676007748 5667.338450267911 4618.1346457526088 12385.245792485774 40710.608340509236
leaf_count=5287 20198 576 14219 3629 101444 3732 7112 2430 17387 33927 25162 21957 56220 190414
internal_value=4.43421e-06 0.00034236 0.0027185 0.00397111 0.000231243 -0.0010208 0 -0.000703263 -0.00134012 -0.0010895 -0.000438856 -0.00132566 -0.000170014 0.00030966
internal_weight=102511 69442.2 3067.68 2109.28 66374.5 3859.91 958.396 33068.7 9622.91 9187.84 23445.8 5393.22 18052.6 62514.6
internal_count=503694 341324 25536 17848 315788 23930 7688 162370 53744 51314 108626 27244 81382 291858
is_linear=0
shrinkage=0.03


Tree=165
num_leaves=15
num_cat=0
split_feature=3 3 3 3 3 4 2 4 2 4 3 2 2 2
split_gain=48.3052 21.5402 14.764 10.1034 5.84907 4.68118 4.283 3.47102 4.89636 3.3522 3.89331 2.83457 2.01161 0.687184
threshold=0.0016355040963458485 0.00026387709959076666 0.0053570430989845754 0.00072908979165060242 0.00011683152952991526 1.0000000180025095e-35 0.62500000000000011 1.0000000180025095e-35 0.87500000000000011 1.0000000180025095e-35 0.0074694678430955114 0.37500000000000006 1.0000000180025095e-35 1.0000000180025095e-35
decision_type=8 10 8 10 10 2 10 2 10 2 8 10 10 10
left_child=1 4 7 5 -1 -3 -5 11 -9 10 -4 -2 -11 -6
right_child=2 3 9 6 13 -7 -8 8 -10 12 -12 -13 -14 -15
leaf_value=-0.010626706284825307 -0.00035968500500653219 -0.00033974454623138538 -0.00012756912555062731 -9.5744081608944805e-06 0 -0.0013982425593842946 -0.0006079625611512293 0.0011152095026574329 -0.0003996215196797154 0 0.005071570545605004 0.00065060617854214274 0.0050231864437057508 -0.0038451853518248103
leaf_weight=133.69866111129522 3707.9477624520659 5839.6965629905462 358.23064453154802 33670.182147100568 40.318977281451225 11529.111368104815 15962.374324217439 19640.631528250873 2061.2768976762891 70.496635146439075 175.93122915178537 7297.4587330147624 1006.5302762985229 905.65676821768284
leaf_count=2032 21508 26625 3246 143359 321 52709 67079 113253 11658 771 1925 41214 9960 7575
internal_value=-2.87673e-05 -0.000491936 0.000888194 -0.000422838 -0.00468164 -0.00104621 -0.000203315 0.000747122 0.000968448 0.00369268 0.00153629 0.000304754 0.004683 -0.00367626
internal_weight=102400 68081 34318.5 67001.4 1079.67 17368.8 49632.6 32707.3 21701.9 1611.19 534.162 11005.4 1077.03 945.976
internal_count=503235 299700 203535 289772 9928 79334 210438 187633 124911 15902 5171 62722 10731 7896
is_linear=0
shrinkage=0.03


Tree=166
num_leaves=15
num_cat=0
split_feature=3 3 0 3 4 0 3 0 0 3 0 3 3 0
split_gain=53.345 18.331 14.6936 14.8062 12.4295 12.4265 12.278 7.80871 7.3042 6.70388 4.5934 4.46306 3.98953 3.10936
threshold=0.0010468569735066081 0.00039893720761813577 -0.10514492856702561 0.0038099284256489919 1.0000000180025095e-35 -0.26907275543943143 0.0023771423407797317 0.177369004339093 -0.27635310156453896 0.00016677107435935856 0.15385320600580735 0.00193068177255134 0.0068132906241668038 0.25930406731564198
decision_type=8 10 8 8 2 10 10 10 10 10 10 10 8 8
left_child=1 9 4 11 8 -3 -6 -7 -2 13 -11 -4 -5 -1
right_child=2 5 3 12 6 7 -8 -9 -10 10 -12 -13 -14 -15
leaf_value=-0.0082500635612171719 -0.0021469973544443561 -0.0026604305974521356 0.00057386729398929085 0.0027980538697301395 -2.8524608284973535e-05 -0.00071419602553254803 0.0015996522141106884 0.00044541802576626721 -0.00026883190206807099 -0.0030726295798042293 -0.00022247816167578164 0.0013301819378075987 0.0067587270417942581 0
leaf_weight=272.41742983460426 2861.2081188410521 2548.6757278889418 23299.99129652977 1790.0610409677029 13703.96180126071 25964.836175650358 5937.1389944702387 6468.1940620988607 5579.9335654452443 2504.0327028408647 698.42100749909878 10414.60236415267 296.95369056612253 32.662041254341602
leaf_count=3519 14639 10744 106631 15655 61818 108854 38252 26937 28310 15900 4064 63883 3697 391
internal_value=2.92993e-05 -0.000852223 0.000561395 0.000964345 4.53841e-05 -0.000642232 0.000461153 -0.000481016 -0.000914341 -0.00292169 -0.00247235 0.000809601 0.00341976 -0.00721985
internal_weight=102373 38489.2 63883.9 35801.6 28082.2 34981.7 19641.1 32433 8441.14 3507.53 3202.45 33714.6 2087.01 305.079
internal_count=503294 170409 332885 189866 143019 146535 100070 135791 42949 23874 19964 170514 19352 3910
is_linear=0
shrinkage=0.03


Tree=167
num_leaves=15
num_cat=0
split_feature=3 3 5 5 3 4 5 5 5 5 3 3 3 5
split_gain=39.562 16.9179 16.632 24.0361 33.4861 25.8646 10.4309 8.37972 8.16184 10.1324 7.95436 4.10138 3.33358 2.73462
threshold=0.00086931218705457107 0.00026387709959076666 -0.0011124103034928689 0.0014633742120586963 0.0021880212882158744 1.0000000180025095e-35 0.0034144552768843768 -1.0000000180025095e-35 -0.00024786317811196904 0.0010046227149458447 0.0019148713221429064 0.00067175226576378529 0.0042562262193385509 -0.0031722197340909781
decision_type=8 10 8 10 8 2 10 10 10 10 10 10 10 10
left_child=1 8 10 4 -4 -5 7 -3 -1 -10 13 -8 -12 -2
right_child=2 6 3 5 -6 -7 11 -9 9 -11 12 -13 -14 -15
leaf_value=0 -0.0024005612775115661 -9.3174670485125305e-05 0.00085454269790610424 -0.001042085339856855 0.0040407812767714992 0.00065727507356955325 0.0078290122780930709 -0.0012717370838649302 -0.007499804857396538 0.0014551485543384426 -8.9148927596682212e-05 0.001550112234412603 0.0017016290022156461 -0.00091614906469535378
leaf_weight=254.45061657577753 1459.3976270407438 7998.392883643508 21004.740824282169 12044.394032768905 3470.2078798599541 24285.902507349849 120.36274167895317 17690.597979322076 694.27435523271561 119.28124847263098 5522.6891352087259 515.16336277127266 1104.9521340206265 6223.2885922044516
leaf_count=2266 6770 35235 88884 63784 18941 131342 488 77655 6770 887 31990 2138 9740 26963
internal_value=1.00202e-05 -0.000965126 0.000366508 0.00058354 0.00131022 9.21122e-05 -0.000811179 -0.0009073 -0.00466127 -0.00611227 -0.000551244 0.00293508 0.000202482 -0.00120868
internal_weight=102508 27392.5 75115.6 60805.2 24474.9 36330.3 26324.5 25689 1068.01 813.556 14310.3 635.526 6627.64 7682.69
internal_count=503853 125439 378414 302951 107825 195126 115516 112890 9923 7657 75463 2626 41730 33733
is_linear=0
shrinkage=0.03


Tree=168
num_leaves=15
num_cat=0
split_feature=0 5 0 0 5 5 1 0 5 2 5 0 0 5
split_gain=22.6887 13.4933 13.6315 9.98869 6.60361 6.28183 5.46757 5.19784 4.34371 4.87326 3.10981 2.74346 2.69859 1.03726
threshold=0.19716013279139302 -0.0011124103034928689 -0.45494687316244259 0.21419777748509319 0.011487077008143696 0.0047853485719331198 1.0000000180025095e-35 0.18237959446842947 0.016645297266179616 1.0000000180025095e-35 0.00011781107888510556 0.20275875382427525 -0.31001455112051385 0.00061338146539390492
decision_type=8 8 10 8 8 10 2 10 8 8 10 10 10 10
left_child=1 7 5 6 -4 -3 13 12 10 -10 -5 -8 -1 -2
right_child=3 2 4 8 -6 -7 11 -9 9 -11 -12 -13 -14 -15
leaf_value=8.983069362662555e-05 -0.0029609738296353123 -0.0014863868596538398 -2.5627144814325787e-05 0.0011956570590705466 0.002208517063480056 -0.0058143575293089257 0.0020103277841976926 -0.0056311955450824023 -0.00088590715018695804 0.0075911170773795694 0.0003420675011428181 0.0057735582710233121 -0.0012320075707024755 0.00092293609726720586
leaf_weight=1519.0700727924705 83.151540845632553 1061.9116413556039 70526.168628960848 7023.7723256275058 1200.8535923846066 454.72415921092033 336.75546290352941 224.86620782315731 73.341396883130074 162.77763615548611 9085.0005062408745 648.98778571933508 9866.4101353436708 149.76086706668139
leaf_count=8132 399 4893 334747 35978 11098 2723 1646 1137 774 1817 46999 3204 49275 750
internal_value=3.42118e-06 -0.000199164 -4.76263e-05 0.000985131 1.12432e-05 -0.00285291 0.00360836 -0.00114911 0.000783792 0.00478526 0.000718484 0.0045813 -0.00105046 -0.00028146
internal_weight=102418 84854 73243.7 17563.5 71727 1516.64 1218.66 11610.3 16344.9 236.119 16108.8 985.743 11385.5 232.912
internal_count=503572 412005 353461 91567 345845 7616 5999 58544 85568 2591 82977 4850 57407 1149
is_linear=0
shrinkage=0.03


Tree=169
num_leaves=15
num_cat=0
split_feature=3 3 5 5 5 3 3 5 3 5 4 5 3 5
split_gain=42.0538 23.815 16.3518 16.0767 32.8447 19.2581 13.2197 12.4553 9.30477 8.29293 10.677 6.4004 3.45058 2.31399
threshold=0.0013707433985836817 0.0004655603122986178 0.00098056694565052554 -0.0015133145192256674 0.0016868697658877841 0.0024985033181611446 0.010962480727594684 -0.0009839829200537669 0.0033088015524712208 0.0051520316414554535 1.0000000180025095e-35 -0.0031722197340909781 0.00075358048531563382 -0.0015716032356602294
decision_type=8 10 10 8 10 8 10 10 10 10 2 10 10 10
left_child=1 2 7 8 5 -5 -6 -1 13 12 -11 -10 -3 -2
right_child=3 9 -4 4 6 -7 -8 -9 11 10 -12 -13 -14 -15
leaf_value=0.0024427053874087972 -0.00089341942178011377 -0.00078902617489791957 0.00050883093307929421 0.0015302446003548718 0.00020022136433183395 0.0043273456703203103 0.011105522126731469 -0.0037860466661175829 0.00033277062390313475 -0.0028972722798063159 0.0045209287290922592 0.0043328574338779907 -0.00023633637427378202 -0.0043780439774407367
leaf_weight=293.29344500601292 6675.6486122310162 14466.579042240977 1270.8171754702926 11042.337077349424 22697.312549479306 2820.2646265663207 90.745391674339771 3904.4371917620301 1619.0883672051132 220.33514550328255 642.24831143021584 469.47448292374611 36017.214947894216 177.24294686317444
leaf_count=1551 34524 61691 6784 50327 135452 16216 1223 25361 13385 1061 3237 3256 148796 846
internal_value=-1.86287e-06 -0.000546999 -0.00242905 0.000676118 0.000954855 0.00210633 0.000251132 -0.00333182 -0.000459505 -0.000344953 0.0025458 0.00127688 -0.000396028 -0.000998536
internal_weight=102407 56814.9 5468.55 45592.1 36650.7 13862.6 22788.1 4197.73 8941.45 51346.4 862.583 2088.56 50483.8 6852.89
internal_count=503710 248481 33696 255229 203218 66543 136675 26912 52011 214785 4298 16641 210487 35370
is_linear=0
shrinkage=0.03


Tree=170
num_leaves=15
num_cat=0
split_feature=3 0 3 5 3 0 3 3 5 0 5 5 0 0
split_gain=38.1011 18.2424 17.5598 16.0198 16.6039 12.0695 10.949 10.1281 9.94107 9.51245 9.0979 4.13906 1.51925 0.310456
threshold=0.0013428427640223433 -0.17650524940601589 0.00011683152952991526 -0.0044676630184078119 0.0026070960476041218 -0.29680733441950824 0.00048990167540057677 0.0016962323924409929 -0.0012964412863644261 1.2871131840604353 0.0021165492099434326 0.0020517998989650049 0.099964938497689296 -0.16948305636155678
decision_type=8 8 10 8 8 10 10 10 10 10 10 10 8 10
left_child=2 7 12 9 -5 11 -7 8 -2 -3 -9 -4 13 -1
right_child=1 3 5 4 -6 6 -8 10 -10 -11 -12 -13 -14 -15
leaf_value=-0.0024715573276900089 -0.0056737689878122348 -0.0020516892188213592 -0.0029445193847735924 0.00078081966405131706 0.002530650009667226 -0.0016813761439056613 -0.00030904424896491565 0.0010044285453579497 -0.0010050799465741904 0.0056679346035716591 -0.00065978793038388192 -0.00026639653947964972 -0.0027114027240489531 -0.01502220062730435
leaf_weight=19.013151288032532 467.01434156298637 2023.9327886626124 2492.6807096749544 22688.668365083635 6288.5310203544796 5930.1577668264508 46176.45912489295 5869.0833193287253 3521.4683092087507 141.5142652541399 5908.1065262183547 722.1254835575819 37.400829963386059 73.370456621050835
leaf_count=302 2011 14234 10722 114313 46874 34232 192533 31041 15365 1078 36051 2975 564 1154
internal_value=-7.37026e-05 0.000554864 -0.000606517 0.00097612 0.00116337 -0.000578433 -0.000466671 -0.000273551 -0.00157957 -0.00149589 0.000164621 -0.00236424 -0.0112505 -0.0135189
internal_weight=102360 46908.3 55451.2 31142.6 28977.2 55321.4 52106.6 15765.7 3988.48 2165.45 11777.2 3214.81 129.784 92.3836
internal_count=503449 260967 242482 176499 161187 240462 226765 84468 17376 15312 67092 13697 2020 1456
is_linear=0
shrinkage=0.03


Tree=171
num_leaves=15
num_cat=0
split_feature=3 3 0 5 5 3 5 0 3 3 0 5 5 5
split_gain=40.2129 22.1049 18.5464 17.6701 40.4238 20.2481 15.9128 15.5757 14.7466 12.6586 9.18841 7.67913 5.41804 3.4859
threshold=0.0016020738150715242 0.00023576616064718205 0.026617101684818349 0.0018330087239665819 -0.0019022562140482142 0.0024985033181611446 0.0039408045054141489 -0.43937507724137975 0.0037356286015458279 0.00057403819529156051 0.4706710966907563 -0.00024786317811196904 0.0011266149661889409 0.018749618264254427
decision_type=8 10 10 10 8 8 10 10 10 10 10 10 10 10
left_child=1 11 9 4 10 -6 -4 13 -9 -3 -2 -1 -13 -5
right_child=3 2 6 7 5 -7 -8 8 -10 -11 -12 12 -14 -15
leaf_value=0 -0.00078154713710422506 -0.0020669445378841125 8.6758010286881059e-05 -0.0041723380277039592 0.0018248002446303712 0.0046712177120649175 0.0026544226978468008 4.8173452182318845e-05 0.0025697423359840443 -0.00049242245151445913 0.0022100777854658451 -0.0079719742702794496 0.0011975167349034352 0.0027067947475739752
leaf_weight=177.61029261350632 5586.8681548684835 5313.9310502111912 22781.785659492016 824.30703733861446 7843.850152939558 3237.2317320406437 2398.7288604974747 14414.533587351441 2441.6102819666266 35585.806979894638 1091.3442054353654 530.30144036561251 49.810202524065971 54.463894076645374
leaf_count=1743 33710 27142 98269 4552 37021 18797 11929 85341 22191 148905 7398 5690 401 417
internal_value=6.87738e-05 -0.00036396 -0.000304149 0.000885203 0.00155437 0.00266523 0.000334696 0.000211236 0.000418287 -0.000698915 -0.000281115 -0.00542995 -0.00707603 -0.00365282
internal_weight=102332 66838 66080.3 35494.2 17759.3 11081.1 25180.5 17734.9 16856.1 40899.7 6678.21 757.722 580.112 878.771
internal_count=503506 294079 286245 209427 96926 55818 110198 112501 107532 176047 41108 7834 6091 4969
is_linear=0
shrinkage=0.03


Tree=172
num_leaves=15
num_cat=0
split_feature=5 4 2 5 2 5 5 4 2 2 5 5 5 5
split_gain=5.49006 20.9484 5.60812 4.65543 6.18744 3.17713 2.87991 9.71476 3.96952 2.37742 2.35173 2.15733 1.17412 1.07084
threshold=0.011487077008143696 1.0000000180025095e-35 0.37500000000000006 -0.0020589016080271262 1.0000000180025095e-35 -0.0078969844605491727 -0.00024786317811196904 1.0000000180025095e-35 0.87500000000000011 1.0000000180025095e-35 0.028179195812013228 0.013984077456608526 -0.0024192203813976558 0.016645297266179616
decision_type=8 2 8 10 10 10 10 2 10 10 8 10 10 8
left_child=3 2 11 4 12 -6 7 -5 -8 -3 -11 -2 -1 -4
right_child=1 9 13 6 5 -7 8 -9 -10 10 -12 -13 -14 -15
leaf_value=-0.0068144616111123039 -0.0012937966920150863 0.0010290013837129604 -0.00086492029662522051 0.0013481711025610651 0.0011364734102005268 -0.00070318312328549566 -8.0295676598046473e-05 -9.7700384698293054e-05 0.00087567655078781264 0.0039492559986399446 0.0099706540051181757 -0.0067530779427980182 -0.00039143405290367603 0.0026519214316793795
leaf_weight=164.024762801826 137.44285063445568 271.40515532717109 180.59816686809063 6315.2555915787816 909.71184462308884 8233.7997211143374 68388.449657157063 12145.287916578352 4132.4632878564298 925.07854956388474 76.178770482540131 239.35417796298862 55.859322853386402 111.14549550414085
leaf_count=923 1061 2518 1484 28684 7906 43219 329229 55346 19930 8566 995 2172 262 1105
internal_value=2.45895e-05 0.00160077 -0.0026207 -5.46091e-06 -0.000642599 -0.000512554 5.95145e-05 0.000394138 -2.4881e-05 0.00386827 0.00456078 -0.00500177 -0.00553176 0.00031953
internal_weight=102286 1941.2 668.541 100345 9363.4 9143.51 90981.5 18460.5 72520.9 1272.66 1001.26 376.797 219.884 291.744
internal_count=503400 17901 5822 485499 52310 51125 433189 84030 349159 12079 9561 3233 1185 2589
is_linear=0
shrinkage=0.03


Tree=173
num_leaves=15
num_cat=0
split_feature=3 3 0 0 4 3 0 2 0 0 0 0 3 0
split_gain=30.8251 22.3724 18.9041 15.8588 11.7479 11.6182 10.245 8.48699 8.41011 4.99012 4.44636 4.17185 4.02159 1.50668
threshold=0.001579061395978427 0.00023576616064718205 -0.26907275543943143 -0.16052094219190513 1.0000000180025095e-35 0.0039663377888822056 0.40753782963024726 0.37500000000000006 -0.16495775140948074 0.6419849174143577 -0.27635310156453896 -0.13008425057211101 0.00011683152952991526 0.099964938497689296
decision_type=8 10 10 8 2 8 10 10 10 10 10 8 10 8
left_child=1 12 7 4 10 9 -4 -3 -6 -5 -2 -7 -1 -14
right_child=3 2 6 5 8 11 -8 -9 -10 -11 -12 -13 13 -15
leaf_value=-0.010491649705861163 -0.0023296339821869331 -0.00022331583912960288 -0.00021234130236301508 0.0011722983645281084 0.00067362064615665216 -0.00062783122399464404 0.0013339528705751515 -0.0027297318219316382 -0.0052944736101314177 -0.00054821705362673894 -0.00033006611486558271 0.0037801432630204432 -0.0028415664404037489 -0.0066898982327075673
leaf_weight=127.86983221024275 2108.3346013128757 1867.5692544281483 55402.255443230271 18552.200496010482 9662.519209831953 186.00452342629433 4128.7313082516193 3803.8103589564562 205.4617475271225 1596.8962252363563 2056.2313323393464 1958.6758951246738 441.92204659432173 184.16390568763018
leaf_count=2018 11535 7871 239814 104447 54110 1609 18365 16169 1169 10230 11629 18620 4190 1609
internal_value=6.22845e-05 -0.000323574 -0.000262763 0.000764421 -2.15121e-05 0.00126159 -0.000103885 -0.00191678 0.00053805 0.00103276 -0.00135989 0.00336886 -0.00543171 -0.00415526
internal_weight=102283 65956.3 65202.4 36326.3 14032.5 22293.8 59531 5671.38 9867.98 20149.1 4164.57 2144.68 753.956 626.086
internal_count=503385 290036 282219 213349 78443 134906 258179 24040 55279 114677 23164 20229 7817 5799
is_linear=0
shrinkage=0.03


Tree=174
num_leaves=15
num_cat=0
split_feature=3 0 5 5 3 5 5 5 3 0 5 5 5 0
split_gain=35.921 16.9812 14.8741 18.518 14.4931 10.8719 9.96062 9.52414 9.13945 8.07541 6.41801 4.81241 5.35003 3.23473
threshold=0.00072082388424433042 0.093089534746613536 -0.0011124103034928689 0.002752669949704615 0.00020424142896018367 0.0034144552768843768 0.0032032010495026959 0.0060969776988657309 0.0010019150786712697 0.60890820388303768 -0.0024192203813976558 -0.00049958869070691042 0.00038747798111208692 0.096412526974948412
decision_type=8 8 8 10 10 10 10 8 10 10 10 10 10 10
left_child=4 2 8 -4 11 6 -6 10 -2 -9 -3 -1 -13 -7
right_child=1 7 3 -5 5 13 -8 9 -10 -11 -12 12 -14 -15
leaf_value=0.00085323954338001307 -0.0037314812092848751 -0.0004578418745055878 0.00056782893504223736 -0.00062210025899318009 -0.0011265771735101827 0 -0.010967584212819063 0.0037030300997441799 -0.0007819656720116678 0 0.00095628661425415046 -0.0096514357125397389 -0.0021943839758514711 0.0084123636856074414
leaf_weight=60.100801922380924 1080.5954501181841 3441.4216479361057 34943.655085068196 17704.859195102006 17060.075681380928 77.328079149127007 84.698422774672508 1854.4369097724557 8190.9475848525763 742.13146029785275 16295.502702765167 294.98015655204654 164.19884463399649 125.31202292442322
leaf_count=617 4342 20341 152435 100208 80066 313 343 14303 42778 5735 75342 3557 1761 511
internal_value=-3.13452e-05 0.000227187 -2.76944e-05 0.000166493 -0.0012533 -0.00109918 -0.00118506 0.000936232 -0.00113585 0.00264953 0.000706567 -0.00617054 -0.00721634 0.00559836
internal_weight=102120 84253.6 61920.1 52648.5 17866.7 17347.4 17144.8 22333.5 9271.54 2596.57 19736.9 519.28 459.179 202.64
internal_count=502652 415484 299763 252643 87168 81233 80409 115721 47120 20038 95683 5935 5318 824
is_linear=0
shrinkage=0.03


Tree=175
num_leaves=15
num_cat=0
split_feature=0 5 5 0 5 0 5 5 5 5 5 5 0 0
split_gain=15.6189 15.3604 10.0543 10.8488 6.66475 5.84026 6.1589 4.5299 3.969 6.62929 3.84777 2.96281 2.95798 2.0443
threshold=-0.023030780706703776 -0.00075554443562620235 0.0075114093388752188 0.6780383461259557 -0.0078969844605491727 -0.45494687316244259 0.00054491995842993388 0.0022523875670661876 -0.014720823662419906 -0.0044676630184078119 0.0099504983759470152 0.016645297266179616 0.36943018759029495 -0.027458076072576883
decision_type=8 8 8 10 10 10 10 10 10 10 10 8 10 10
left_child=1 4 8 11 -1 6 -3 -7 12 -10 -5 -4 -2 -6
right_child=2 5 3 10 13 7 -8 -9 9 -11 -12 -13 -14 -15
leaf_value=0.0026761988542506809 0 0.0018115040766977612 0.0027703704992063922 0.0016818714884800606 -0.0015367215214575636 0.0001566270295549424 -0.002955587440884352 -0.00046226106053902301 -0.0015643086795184755 0.00034382762733815923 -0.0036359508253198331 0.0064671232825407382 0.0090051507151045034 -0.0053017304004704417
leaf_weight=320.29463897645473 54.616648882627487 282.76779979094863 1590.9184792302549 173.95692130178213 9085.5385603904724 28871.601379033178 1183.6395733356476 16791.400730188936 1686.5861510783434 41536.812214188278 307.30414664000273 262.01177392154932 72.215826559811831 137.50856789946556
leaf_count=2723 609 1284 12649 1209 43869 130460 6095 90863 11269 195549 2769 3014 805 653
internal_value=-2.16357e-05 -0.000354887 0.000390446 0.00230782 -0.00145242 -0.000131112 -0.00198966 -6.96909e-05 0.000285313 0.000267639 -0.00159652 0.00335722 0.00541007 -0.00160503
internal_weight=102357 56672.8 45684.4 2334.19 9543.34 47129.4 1466.41 45663 43350.2 43223.4 481.261 1852.93 126.832 9223.05
internal_count=503820 275947 227873 19641 47245 228702 7379 221323 208232 206818 3978 15663 1414 44522
is_linear=0
shrinkage=0.03


Tree=176
num_leaves=15
num_cat=0
split_feature=0 0 4 0 2 2 0 0 4 0 0 4 2 0
split_gain=16.8733 8.98259 4.04155 8.61877 5.06699 3.60147 3.17737 3.60559 2.47913 2.15774 5.66472 2.50452 0.891276 0.835101
threshold=0.042396915536002673 -0.45494687316244259 1.0000000180025095e-35 -0.14318882985876438 0.37500000000000006 0.37500000000000006 1.6008687950792464 0.27402693622948765 1.0000000180025095e-35 0.058980646230306195 0.070736278072032546 1.0000000180025095e-35 0.62500000000000011 -0.47348663310134564
decision_type=10 10 2 10 10 10 10 10 2 10 10 2 10 8
left_child=1 8 3 -3 -4 6 7 -2 13 11 -11 -7 -10 -1
right_child=5 2 4 -5 -6 9 -8 -9 12 10 -12 -13 -14 -15
leaf_value=-0.0046893585415227479 -0.00026318854515481758 -0.0012667416794627023 0.00038386209023565191 -3.1571949495876061e-05 -0.00029648247408333453 0.0034067637407691025 -0.0050163571082947308 0.00084355792357133517 -0.00088825787897510639 -0.001430280875414802 0.00076349073101617654 0.00083995151968043152 -0.00271984898003045 -0.0008483560674510031
leaf_weight=446.9384974129498 7295.9609396383166 9240.7227064855397 14467.525933615863 11518.7093584463 30633.43529490009 579.85493194684386 98.591355461627245 4114.6553559675813 911.37949085980654 1090.5706269331276 20311.118583090603 1052.895292840898 434.87949652597308 108.54350557178259
leaf_count=2270 35812 45254 70157 55309 148736 2781 726 22312 4709 5289 102340 5103 2253 541
internal_value=-2.21562e-05 -0.00029779 -0.000237893 -0.000584622 -7.68742e-05 0.000516731 7.74192e-05 0.000131039 -0.00232863 0.000733502 0.000648284 0.00180324 -0.00153984 -0.00407319
internal_weight=102306 67762.1 65860.4 20759.4 45101 34543.6 11509.2 11410.6 1901.74 23034.4 21401.7 1632.75 1346.26 555.482
internal_count=503592 329229 319456 100563 218893 174363 58850 58124 9773 115513 107629 7884 6962 2811
is_linear=0
shrinkage=0.03


Tree=177
num_leaves=15
num_cat=0
split_feature=3 3 0 0 3 3 3 0 0 0 2 0 0 3
split_gain=35.5401 15.1558 14.5061 10.0863 8.91597 8.65856 7.44037 5.56978 5.56845 5.43596 5.21571 4.81117 4.32056 3.3238
threshold=0.0011399045415688479 0.0004655603122986178 -0.023030780706703776 -0.26570397604443846 0.0026070960476041218 0.0049591134963881097 0.00016677107435935856 0.20275875382427525 -0.37595249171109768 0.55416332134114699 0.87500000000000011 -0.57447930200456465 0.25219394851431481 0.0053570430989845754
decision_type=8 10 8 10 8 8 10 10 10 10 10 10 10 8
left_child=1 6 5 10 12 8 -1 -5 -2 -8 -3 -7 -4 -6
right_child=2 3 4 7 13 11 9 -9 -10 -11 -12 -13 -14 -15
leaf_value=-0.006775121580638201 -0.0011478485814591687 -0.001697475496172513 0.0010645328808250162 -0.00048125183924732325 0.0018969441732817826 -0.0049917224656429622 -0.0020164619298895523 0.00049814824025676881 0.00011022554616551202 0.0040988723977750307 -0.0063179566276441741 0.0028133088069362084 9.3702413972201115e-05 0.0045360637922343986
leaf_weight=296.37958231568336 3533.7524778693914 2802.3903680294752 12637.274187222123 29414.268600180745 4187.4781751409173 60.877886869013309 5013.6924831345677 6289.0888717472553 29569.264839373529 119.00955355167389 244.88792277872562 1319.6594486869872 6336.6582297235727 524.90093383938074
leaf_count=3936 17594 11620 61236 121862 30840 447 29067 26144 148437 603 1023 11929 33040 6010
internal_value=-1.89282e-05 -0.000660877 0.000467627 -0.000450636 0.00103927 7.30467e-05 -0.00214688 -0.000306961 -2.25682e-05 -0.00185531 -0.00210787 0.00239256 0.000743689 0.0022126
internal_weight=102350 44179.7 58169.9 38750.6 23686.3 34483.6 5429.08 35703.4 33103 5132.7 3047.28 1380.54 18973.9 4712.38
internal_count=503788 194255 309533 160649 131126 178407 33606 148006 166031 29670 12643 12376 94276 36850
is_linear=0
shrinkage=0.03


Tree=178
num_leaves=13
num_cat=0
split_feature=3 3 3 0 0 0 3 4 4 3 3 0
split_gain=32.0158 17.1241 14.8246 14.2089 10.0829 9.25587 7.7455 6.48311 5.60508 5.37191 3.99199 0.211593
threshold=0.00088473381812976431 0.00011683152952991526 0.0032609570095814585 -0.18600103232208445 0.26670082985615967 -0.57447930200456465 0.00041270961107691952 1.0000000180025095e-35 1.0000000180025095e-35 0.0024478804273382823 0.00082376494954258122 -0.17403090552440745
decision_type=8 10 8 10 10 8 10 2 2 10 10 10
left_child=1 11 3 7 6 -4 -3 -2 -7 -5 -6 -1
right_child=2 4 5 9 10 8 -8 -9 -10 -11 -12 -13
leaf_value=-0.0017551773095647416 -0.0015090191048001077 -0.0024240336858852639 -0.0058016022238412393 0.00028813775743626702 0.00024297349234666182 0.00051007636223520899 -0.00085054880184884352 -0.00022554821592556674 0.0023182974466177788 0.0013361830415872815 0.0032472438638806163 -0.012442058919446343
leaf_weight=19.35854285210371 5046.0291075706482 3300.8169286772609 137.54126892238855 44442.402283012867 2788.461525529623 2435.4767161123455 21632.049528494477 12346.78449139744 4741.3693136833608 4930.1176985427737 467.33619771897793 108.31463731452823
leaf_count=316 23309 21360 885 204809 12299 19125 91778 57219 38206 31275 1903 1741
internal_value=-5.20249e-05 -0.000910346 0.00027533 0.000133771 -0.000856181 0.00155733 -0.00106215 -0.000602012 0.00171459 0.000394255 0.000701201 -0.0115027
internal_weight=102396 28316.3 74079.7 66765.3 28188.7 7314.39 24932.9 17392.8 7176.85 49372.5 3255.8 127.673
internal_count=504225 129397 374828 316612 127340 58216 113138 80528 57331 236084 14202 2057
is_linear=0
shrinkage=0.03


Tree=179
num_leaves=15
num_cat=0
split_feature=3 3 5 5 0 3 5 0 3 5 0 5 3 3
split_gain=25.8532 16.8225 14.852 16.8015 12.4813 11.3033 12.6921 10.0375 7.8061 6.31464 5.26179 5.7013 4.0005 3.44678
threshold=0.0010468569735066081 0.0049591134963881097 -0.0031722197340909781 0.0017736118678045565 -0.34743697536160423 0.0005548494381610187 -0.00094111341875087039 0.48916141757134018 0.0008924319316472645 0.0051520316414554535 -0.36093360351730353 -0.0078969844605491727 0.00094654189231203705 0.0062965774271388011
decision_type=8 8 10 10 10 10 10 10 10 10 8 8 10 10
left_child=4 2 7 -4 8 6 -6 -2 -1 -7 13 -12 -10 -3
right_child=1 10 3 -5 5 9 -8 -9 12 -11 11 -13 -14 -15
leaf_value=-0.0019076188145438178 -0.0020048417071062059 -0.0023773737260345765 0.00099865698742835837 -2.6933328504914285e-05 0.0027167971918470452 -0.00019137520750470987 -0.0017055305904782158 0.0014728573951948429 -0.012662558905543476 0.0054319049082042587 0 0.0046937166884376018 -0.0044263889564255246 0.0029552143583252062
leaf_weight=692.63143271952868 3616.307971522212 223.07190301269293 28969.586958363652 28307.488744176924 610.35170378535986 28480.68497736752 8153.1874766051769 912.59771047532558 107.51737378537655 170.27920731902122 274.61062183231115 1347.4865292459726 197.92207729816437 194.36804362386465
leaf_count=3172 20618 1570 132738 154520 2978 116521 45700 5685 433 776 3087 13447 795 1616
internal_value=7.85812e-05 0.000449068 0.000359238 0.000490826 -0.0005356 -0.000444905 -0.00138795 -0.00128915 -0.00383779 -0.000153978 0.00312695 0.00389618 -0.00782532 0
internal_weight=102258 63845.5 61806 57277.1 38412.6 37414.5 8763.54 4528.91 998.071 28651 2039.54 1622.1 305.439 417.44
internal_count=503656 333281 313561 287258 170375 165975 48678 26303 4400 117297 19720 16534 1228 3186
is_linear=0
shrinkage=0.03


Tree=180
num_leaves=12
num_cat=0
split_feature=3 3 3 3 3 4 4 3 3 2 2
split_gain=29.0421 16.5242 11.9523 9.49943 5.20875 7.69315 5.68397 2.43904 2.20374 1.80131 3.58044
threshold=0.0021510302458801205 0.00011683152952991526 0.00060108897664271316 0.0074694678430955114 0.0022279633996486986 1.0000000180025095e-35 1.0000000180025095e-35 0.00023576616064718205 0.0021340549804086408 1.0000000180025095e-35 0.37500000000000006
decision_type=8 10 10 8 10 2 2 10 10 8 10
left_child=1 -1 7 4 5 -2 -6 -3 -4 -5 -11
right_child=3 2 8 9 6 -7 -8 -9 -10 10 -12
leaf_value=-0.010780071818542339 0.0056094668329167837 -0.0030249479084859922 -9.1736397870674928e-05 0 0 0.00095517795671858313 0.0011255370145126728 -0.0010469155846378443 -0.0024783551600780079 0.010552643655404417 0.0036998901880164895
leaf_weight=124.58951847627759 504.87072451412678 626.97684833407402 70620.922619953752 37.00054570287466 6134.2828563898802 966.14824250340462 12058.656335227191 10390.26260432601 342.16391897201538 103.91116904094815 384.26281233131886
leaf_count=2031 2714 5858 309324 455 39866 5232 79678 51415 1813 1198 4334
internal_value=-1.49311e-05 -0.000266189 -0.000248166 0.00100354 0.000891984 0.00262019 0.000747588 -0.00116756 -0.000104437 0.00497361 0.00546153
internal_weight=102294 82104.9 81980.3 20189.1 19664 1471.02 18192.9 11017.2 70963.1 525.175 488.174
internal_count=503918 370441 368410 133477 127490 7946 119544 57273 311137 5987 5532
is_linear=0
shrinkage=0.03


Tree=181
num_leaves=15
num_cat=0
split_feature=3 3 5 5 3 0 0 5 0 4 5 5 0 5
split_gain=27.7672 16.9552 16.9223 26.4007 22.8066 17.279 12.3168 10.7309 9.70313 9.43369 5.29967 5.16264 1.80457 1.06508
threshold=0.0011002873620565745 0.00016677107435935856 -0.0011124103034928689 0.0017736118678045565 0.0024985033181611446 -0.42572216630227783 -0.26907275543943143 0.0052577893579663264 1.1029845825782163 1.0000000180025095e-35 -0.0003561776360540946 0.00052227296950761498 0.28146430705119424 -0.0026363846785703656
decision_type=8 10 8 10 8 10 10 10 10 2 10 10 8 10
left_child=1 11 8 4 -4 -5 10 -8 9 -2 -3 12 -1 -10
right_child=2 6 3 5 -6 -7 7 -9 13 -11 -12 -13 -14 -15
leaf_value=-0.01060394895562981 -0.0018601519454232915 -0.0050649733922499256 0.0011021704473983722 -0.003423523834479766 0.0041395407156378803 0.00023038424663714558 -0.00044087751582771171 0.0062736525420874784 0.0049547345960262818 -0.0001026729442411588 -0.0017440502166315922 0 0 1.056282246892849e-05
leaf_weight=204.85007578507066 4263.8389616906643 561.48952685296535 17125.120124578476 1206.5875948667526 2575.9614593684673 26995.01150560379 38219.499408997595 204.3734675347805 292.95315878465772 7931.0148023292422 2445.5311956629157 60.713884834200144 21.857609659433365 73.607309237122536
leaf_count=2860 22928 2427 75249 6510 14884 154194 166198 964 2024 43084 10653 752 279 399
internal_value=-5.9662e-06 -0.00060183 0.0004042 0.000661767 0.00150426 7.07692e-05 -0.000548897 -0.000401979 -0.000572997 -0.000723099 -0.00239877 -0.00775524 -0.00975702 0.0041479
internal_weight=102182 41718.3 60464.1 47902.7 19701.1 28201.6 41430.9 38423.9 12561.4 12194.9 3007.02 287.422 226.708 366.56
internal_count=503405 184133 319272 250837 90133 160704 180242 167162 68435 66012 13080 3891 3139 2423
is_linear=0
shrinkage=0.03


Tree=182
num_leaves=15
num_cat=0
split_feature=0 0 0 0 2 2 0 0 4 0 0 1 2 4
split_gain=12.9316 4.61205 3.88203 3.18401 4.45733 3.82343 2.94063 5.04271 2.60148 3.39037 2.70428 1.69727 1.49428 0.93383
threshold=-0.10514492856702561 -0.090443576547052137 -0.37595249171109768 -0.36780185825042461 0.37500000000000006 0.37500000000000006 -0.099084642478137461 -0.10098840370105765 1.0000000180025095e-35 0.36943018759029495 0.98213922668621467 1.0000000180025095e-35 0.62500000000000011 1.0000000180025095e-35
decision_type=10 10 10 10 10 10 10 10 2 10 10 2 10 2
left_child=2 6 11 4 -4 -5 7 -2 10 -10 -3 -1 -13 -8
right_child=1 8 3 5 -6 -7 13 -9 9 -11 -12 12 -14 -15
leaf_value=-0.0059813707060145972 0.0017002852343563927 0.00048655287955883274 -0.0016922400974467354 0.00017050498949936133 0.0045303305435917965 -0.00049065566784990125 0.0010936938229680862 -0.0023197499401520485 1.354887162618519e-05 0.00083757985889542697 0.002548790533693938 -0.00066182283551739513 -0.0018576172744335113 0.0028349962829262642
leaf_weight=60.635133512318134 830.079659614712 20497.402235679328 138.16402404755354 11600.591356866062 276.94584288448095 23744.477606873959 565.06497245654464 406.25335156917572 32460.782075051218 5236.5274726971984 595.8196272701025 3148.2038816064596 1535.1502129323781 1152.0288954786956
leaf_count=289 4018 100089 690 56565 1395 115680 2713 1957 158305 29069 3591 15962 7817 5547
internal_value=6.70176e-05 0.000340746 -0.000348751 -0.000239484 0.002327 -0.000271972 0.00150031 0.000323165 0.000281228 0.000129798 0.000548828 -0.00115755 -0.0010697 0.00230636
internal_weight=102248 61744 40504.2 35760.2 415.11 35345.1 2953.43 1236.33 58790.5 37697.3 21093.2 4743.99 4683.35 1717.09
internal_count=503687 305289 198398 174330 2085 172245 14235 5975 291054 187374 103680 24068 23779 8260
is_linear=0
shrinkage=0.03


Tree=183
num_leaves=14
num_cat=0
split_feature=3 3 0 0 3 3 0 3 0 3 0 2 0
split_gain=30.1968 18.8302 11.6131 10.6736 8.11713 8.07123 6.48757 5.73315 3.26632 3.26474 2.64607 2.19646 0.417035
threshold=0.0005007185319881581 0.0019470410056774789 0.0049303045052205849 -0.43937507724137975 0.0085431954252038322 0.00016677107435935856 0.4706710966907563 0.00079253594904680634 0.40753782963024726 0.0074694678430955114 0.72003503168066529 0.62500000000000011 0.25930406731564198
decision_type=8 8 10 8 8 10 10 10 10 10 10 10 8
left_child=5 2 7 9 -5 12 11 -2 -4 -3 -8 -7 -1
right_child=1 3 8 4 -6 6 10 -9 -10 -11 -12 -13 -14
leaf_value=-0.0073916403691211734 -0.0011577560665467293 -0.0020161423098610512 0.00016768649207899602 0.00090272029547018193 0.0058341087046396133 -0.0024134595502814582 0.0048238838043453951 -0.00028591972699599204 0.0010298753599248753 0.0042219975946594492 -0.0015658992068684945 -0.001176266392679675 -0.00067614949626525797
leaf_weight=255.3635011613369 8647.5047686249018 1377.3307806402445 24279.498979836702 22958.871946051717 299.69718739390373 3731.9877923876047 176.38244848698378 33147.003625959158 4787.2583622634411 64.881102539598942 61.59714613109827 2404.650467671454 31.699637573212385
leaf_count=3512 36670 7581 105711 145458 3691 20751 884 142340 22079 547 300 13702 397
internal_value=-3.48579e-05 0.000100766 -0.000147167 0.000814234 0.000971322 -0.00198662 -0.00174551 -0.000467976 0.000312057 -0.00166705 0.00293159 -0.00194113 -0.00689977
internal_weight=102224 95562 70861.3 24700.8 23258.6 6661.68 6374.62 41794.5 29066.8 1442.21 237.98 6136.64 287.063
internal_count=503623 464077 306800 157277 149149 39546 35637 179010 127790 8128 1184 34453 3909
is_linear=0
shrinkage=0.03


Tree=184
num_leaves=15
num_cat=0
split_feature=3 3 0 5 5 3 3 0 5 5 0 3 3 0
split_gain=22.7431 16.8765 13.4714 10.8657 9.93196 8.44591 7.63063 6.36457 6.25822 5.39398 4.79225 3.70706 3.55268 2.35915
threshold=0.00078513948528442226 0.0042562262193385509 -0.40358146368691888 -0.0011124103034928689 -0.0003561776360540946 0.0016962323924409929 0.00026387709959076666 -0.57447930200456465 0.0012000213295563715 0.0035794908720242495 -0.0069433963846128313 0.010962480727594684 0.0006189345272839303 0.016834350362405662
decision_type=8 8 10 10 10 10 10 8 10 10 10 8 10 10
left_child=4 2 5 -4 10 -2 8 -3 -6 -8 12 -9 -1 -12
right_child=1 7 3 -5 6 -7 9 11 -10 -11 13 -13 -14 -15
leaf_value=-0.0018911498498099984 -0.0041602278833651682 -0.0052507164818101125 -0.00058562554538272736 0.0003604451384159183 -0.0048625805552312898 -0.00066749569318957176 -0.0011378602568468442 0.0022600467543045259 0.0034550819984009349 0.0030786729803465949 0.0043528363657575238 0.0072868922357416247 0.00057850919364737846 0.00092799619045330823
leaf_weight=1075.3773662671447 983.03209282457829 83.719910264015198 13264.715805262327 60938.996639974415 764.37643986940384 1828.9783562123775 16245.379684910178 3096.8525253124535 75.22058816999197 260.92818833887577 203.18118427321315 143.69033064693213 955.59564387798309 2270.2949611246586
leaf_count=5620 4028 577 65509 291317 7600 9377 73387 27383 541 1069 944 1923 3947 10341
internal_value=-2.91365e-05 0.000203677 0.000112378 0.00019046 -0.000887599 -0.00192017 -0.00121418 0.0022942 -0.00401487 -0.00106575 0.000356642 0.00252313 -0.000702609 0.00124988
internal_weight=102190 80340 77015.7 74203.7 21850.4 2812.01 17345.9 3324.26 839.597 16506.3 4504.45 3240.54 2030.97 2473.48
internal_count=503563 400114 370231 356826 103449 13405 82597 29883 8141 74456 20852 29306 9567 11285
is_linear=0
shrinkage=0.03


Tree=185
num_leaves=14
num_cat=0
split_feature=3 3 3 4 2 3 3 3 3 3 2 4 2
split_gain=25.9275 13.6035 10.3812 4.85142 5.24093 4.54219 3.86707 3.60951 3.13505 2.34151 1.97913 1.60222 0.977897
threshold=0.00095457218513483031 0.00023576616064718205 0.0049591134963881097 1.0000000180025095e-35 0.62500000000000011 0.00039893720761813577 0.010962480727594684 0.001683854206200584 0.00011683152952991526 0.00096260188308967809 1.0000000180025095e-35 1.0000000180025095e-35 0.62500000000000011
decision_type=8 10 8 2 10 10 8 10 10 10 10 2 10
left_child=1 8 7 4 -3 -5 10 9 -1 -2 -4 -9 -10
right_child=2 3 6 5 -6 -7 -8 11 12 -11 -12 -13 -14
leaf_value=-0.0093174396299944215 0.0020208056959877792 -0.00058651688900558923 -0.0012063146253806526 -0.002349261962185171 0.00080721357288102169 -0.00075091955648068592 0.0071483002353163981 0.0001654696887905317 -0.0020999703101114847 6.5077542130647409e-06 0.0022620878606798163 0.00063554403531720363 -0.005112352317139828
leaf_weight=122.85979828983545 517.97353428602219 6990.4380587637424 132.08944791555405 1787.2038279920816 3693.3126799017191 19409.901566207409 145.04547865688801 10228.07291714102 343.77113132923841 36540.628484293818 1752.5366636030376 20204.039006240666 272.34586504846811
leaf_count=2055 2105 30287 1342 10602 16250 81919 1935 58618 3246 158814 16499 117224 2565
internal_value=-2.46299e-05 -0.000722825 0.000302166 -0.000626556 -9.8797e-05 -0.000889555 0.00241407 0.000237417 -0.00473215 3.68181e-05 0.00198224 0.000479632 -0.00358776
internal_weight=102140 32619.8 69520.4 31880.9 10683.8 21197.1 2029.67 67490.7 738.977 37058.6 1884.63 30432.1 616.117
internal_count=503461 146924 356537 139058 46537 92521 19776 336761 7866 160919 17841 175842 5811
is_linear=0
shrinkage=0.03


Tree=186
num_leaves=15
num_cat=0
split_feature=3 0 3 3 0 0 3 0 3 0 0 0 3 0
split_gain=18.8925 12.5236 17.0927 7.54821 5.02163 4.42627 4.11095 3.93899 3.91367 2.51825 2.80271 1.5321 1.29313 0.992435
threshold=0.00043986790339815287 -0.14318882985876438 0.0029250039279950265 0.0011565822618161334 -0.35379575726825069 0.27402693622948765 0.0074694678430955114 1.6008687950792464 0.0062965774271388011 -0.32508558788788539 -0.19350952369921889 0.6419849174143577 0.00036776999756901193 -0.36093360351730353
decision_type=8 10 8 8 10 8 8 10 8 10 10 8 10 10
left_child=5 3 7 4 -2 9 -5 -3 -4 13 -11 12 -7 -1
right_child=1 2 8 6 -6 11 -8 -9 -10 10 -12 -13 -14 -15
leaf_value=-0.0023573320798441545 -0.0029367127629396621 0.00028914022997309646 0.0018180167397417396 -3.8778701960797656e-05 -0.00074156797723947808 0.0014251472595841802 0.0035731880033659886 -0.0040276107523583814 0.0049256364661574813 0 -0.0022609933462329284 0.0047592153804486359 -0.0018112509904533419 -0.0097163375115385166
leaf_weight=74.290634870529175 1066.8314014226198 60376.873221240938 4569.4457979872823 21391.323248557746 9204.1260305345058 258.70441937819123 277.32979491725564 179.10384519398212 422.64112583547831 524.41453792527318 3445.4663583785295 64.398882132023573 178.39750072360039 53.06875067949295
leaf_count=468 4439 276070 35692 109776 38369 1703 2810 1042 5250 3443 22625 365 876 344
internal_value=8.81323e-05 0.000177406 0.000415131 -0.000308563 -0.000978046 -0.00178763 6.30887e-06 0.000274719 0.00210243 -0.00211687 -0.00195056 0.000773779 0 -0.00634466
internal_weight=102086 97487.7 65548.1 31939.6 10271 4598.74 21668.7 60556 4992.09 4097.24 3969.88 501.501 437.102 127.359
internal_count=503272 473448 318054 155394 42808 29824 112586 277112 40942 26880 26068 2944 2579 812
is_linear=0
shrinkage=0.03


Tree=187
num_leaves=15
num_cat=0
split_feature=3 0 0 3 2 3 3 0 3 2 0 4 0 0
split_gain=20.6123 19.2775 10.4952 9.68942 9.18152 8.11068 5.95859 4.96722 4.34901 4.34058 3.72171 3.29924 2.47588 1.19059
threshold=0.0010780075049196187 -0.29232134790783865 -0.37595249171109768 0.00033082795944191595 1.0000000180025095e-35 0.0030020640992319352 0.0062965774271388011 0.15843214890213977 0.010962480727594684 0.87500000000000011 0.19716013279139302 1.0000000180025095e-35 -0.22550155021775295 -0.45494687316244259
decision_type=8 8 8 10 10 8 10 8 8 10 10 2 10 10
left_child=1 4 6 7 -1 12 11 -3 -7 -6 -5 -2 -4 -8
right_child=2 3 5 10 9 8 13 -9 -10 -11 -12 -13 -14 -15
leaf_value=0.0029379617910471009 -0.0028065214466245891 -0.003283152464312235 -0.00017465360512722368 -0.00040998741791378876 -0.0033446109452148695 0.0012386661908902719 0.0061297569915047126 0.00025366818180411004 0.006908719094295886 -0.0084925953689417352 0.00038294092369753476 -0.00081090573365412508 0.00038932355435155014 0.00022762303425303889
leaf_weight=178.15218099951744 1104.6345272809267 1480.6097035035491 8248.438363455236 29773.999897047877 1828.9513584636152 7603.7588297054172 98.856341108679771 428.0521934106946 119.46355523169041 177.80447552725673 6403.7028373330832 2733.2603223547339 41820.767637893558 75.603339321911335
leaf_count=750 5500 12149 38490 126445 8045 59446 795 3130 1698 800 26961 13884 204571 654
internal_value=-1.08523e-05 -0.000539469 0.000332649 -0.00038003 -0.00327701 0.000436464 -0.00114511 -0.0024615 0.00134295 -0.00387034 -0.000267909 -0.00140668 0.000295199 0.0040483
internal_weight=102076 40271.3 61804.8 38086.4 2184.91 57792.4 4012.35 1908.66 7723.22 2006.76 36177.7 3837.89 50069.2 174.46
internal_count=503318 178280 325038 168685 9595 304205 20833 15279 61144 8845 153406 19384 243061 1449
is_linear=0
shrinkage=0.03


Tree=188
num_leaves=15
num_cat=0
split_feature=0 5 5 4 5 4 0 5 4 5 0 5 4 5
split_gain=9.34618 9.86462 13.532 9.17762 9.0819 20.9519 14.2624 4.4859 3.84511 9.12572 5.59035 3.79063 3.20055 13.0711
threshold=-0.020959376672027904 -0.00090076113032007822 0.002752669949704615 1.0000000180025095e-35 0.0058280157274403369 1.0000000180025095e-35 0.6419849174143577 0.00093494585418775499 1.0000000180025095e-35 -0.0020589016080271262 -0.28034862942840394 0.0067228029428623671 1.0000000180025095e-35 0.0017736118678045565
decision_type=8 8 10 2 8 2 10 8 2 10 10 8 2 10
left_child=1 8 7 -4 12 11 -7 -3 9 -1 -10 -6 13 -2
right_child=4 2 3 -5 5 6 -8 -9 10 -11 -12 -13 -14 -15
leaf_value=-0.0044640947681899041 0.00099318987752136548 -0.00013209266509033588 -0.0019277036606910587 -0.0003317287524622726 -0.0050263429889424345 0.0043186434187129355 -0.00066860085767023213 0.00055624096356465976 0.00065616023353022427 -0.00054013429957125252 -0.0013588135759531517 -0.00073157493729299411 -5.8343767138427706e-05 -0.00099266516686100678
leaf_weight=989.26484568417072 11653.221226621419 17963.942516352981 5117.3369676396251 9161.3272084854543 253.37921082228422 2051.1520476303995 658.88561742007732 16020.467110794038 1612.5402773395181 1237.3854461088777 4841.0507003441453 797.94761374220252 25738.173909191042 3972.6445521563292
leaf_count=5387 55897 82682 28378 52127 1533 15875 5036 71059 8440 5623 23941 6266 122209 18824
internal_value=-4.64154e-05 -0.000302448 -0.000133486 -0.000908859 0.000275335 0.00168619 0.00308605 0.000190695 -0.00123375 -0.00232248 -0.000845819 -0.00186079 0.000145215 0.000484166
internal_weight=102069 56943.3 48263.1 14278.7 45125.4 3761.36 2710.04 33984.4 8680.24 2226.65 6453.59 1051.33 41364 15625.9
internal_count=503277 277637 234246 80505 225640 28710 20911 153741 43391 11010 32381 7799 196930 74721
is_linear=0
shrinkage=0.03


Tree=189
num_leaves=15
num_cat=0
split_feature=3 0 3 3 0 0 0 0 3 0 3 3 3 3
split_gain=23.1429 11.044 12.343 9.53038 9.30367 8.516 5.60074 5.07847 4.89022 4.39772 4.02238 3.27936 2.47203 1.82267
threshold=0.0012637333881998375 0.30711960369821417 0.0003500948186697287 0.0033088015524712208 -0.34176014131304233 -0.17650524940601589 -0.52524887021638811 0.82047527348591809 0.0029250039279950265 0.15843214890213977 0.00082376494954258122 0.0074694678430955114 0.0003500948186697287 0.0062965774271388011
decision_type=8 8 10 8 10 10 8 10 10 10 10 8 10 10
left_child=1 2 9 5 -4 8 13 -7 -2 -1 12 -8 -3 -5
right_child=3 10 4 6 -6 7 11 -9 -10 -11 -12 -13 -14 -15
leaf_value=-0.0033535879244102297 -0.00013197682780732181 0.0030020712471889974 -0.0027070154306460029 -0.0038896463373689618 -0.00037640196107729842 0.00067003016531313759 0.0014749708763816289 -0.0013233719532611456 -0.0021877884767488027 0.00040204932855613464 0.0016944691738296728 0.0041026137511740038 -0.00034916810706716277 0.0015864259767844025
leaf_weight=1832.5977612920105 12546.587148398161 209.23454437404871 1600.8748655617237 214.01943635940552 42564.708877399564 29137.668401896954 6236.3488105982542 1169.0898004025221 1136.1545044854283 295.82949174940586 2694.1390909105539 487.29730466008186 2032.2748972922564 48.416236869990826
leaf_count=14342 59699 1408 6706 1288 179804 149899 48893 6990 6650 2123 11553 5740 8562 385
internal_value=2.19572e-05 -0.000427698 -0.000572353 0.000475025 -0.000462832 0.000309656 0.0015058 0.000590744 -0.000308537 -0.0028041 0.000915379 0.00168013 0 -0.00263799
internal_weight=102205 51229.7 46294 50975.6 44165.6 43989.5 6986.08 30306.8 13682.7 2128.43 4935.65 6723.65 2241.51 262.436
internal_count=504042 224498 202975 279544 186510 223238 56306 156889 66349 16465 21523 54633 9970 1673
is_linear=0
shrinkage=0.03


Tree=190
num_leaves=15
num_cat=0
split_feature=3 5 5 3 5 5 2 5 3 1 3 5 3 2
split_gain=17.6266 15.1906 12.1899 10.3367 31.4754 10.3336 8.18556 7.98206 6.50024 6.08422 4.76217 4.34985 4.11112 3.40388
threshold=0.00060108897664271316 0.0010522205755395151 -0.0020589016080271262 0.0014674221302543669 0.0017736118678045565 -0.00094111341875087039 0.62500000000000011 0.0030135295360465423 0.0024478804273382823 1.0000000180025095e-35 0.0023324395457498099 0.0018018147127640122 0.00023576616064718205 0.87500000000000011
decision_type=8 10 8 8 10 10 10 10 10 2 10 10 10 10
left_child=1 5 8 13 -5 -1 7 -3 10 -10 -2 -8 -7 -4
right_child=2 6 3 4 -6 12 11 -9 9 -11 -12 -13 -14 -15
leaf_value=0.0013163710434860121 -0.0012778103797264244 -0.00047286912403021389 -8.8670831965318201e-05 0.0017764479056892307 -7.9391068185680205e-05 -0.0045145676201658038 0.0019621632501382671 0.007343834268916479 -0.0045461223355835389 0.00045664563959609732 -0.0051726566692508807 0.0080569972043559313 -0.0019227980328556593 0.00088471269845388334
leaf_weight=827.36743555963039 5427.8361360877752 2364.0298619568348 44175.111676797271 13728.386184614152 20349.042001035064 645.95451797544956 418.73765560239553 113.53939498960972 223.43396029621363 3335.8242618814111 302.86416657269001 159.33912408351898 6563.8794172108173 3476.1224301308393
leaf_count=3921 25121 11278 184609 67848 125476 7140 2027 468 1667 23654 1654 701 33687 14375
internal_value=1.20075e-05 -0.00111584 0.00015023 0.000267872 0.000666791 -0.00180178 0.000668787 -6.24516e-05 -0.000877448 0.000113928 -0.00150275 0.00385259 -0.00216925 -1.62336e-05
internal_weight=102111 11092.8 91018.6 81728.7 34077.4 8037.2 3055.65 2477.57 9289.96 3559.26 5730.7 578.077 7209.83 47651.2
internal_count=503626 59222 444404 392308 193324 44748 14474 11746 52096 25321 26775 2728 40827 198984
is_linear=0
shrinkage=0.03


Tree=191
num_leaves=15
num_cat=0
split_feature=0 5 0 5 0 5 5 0 1 0 5 5 5 0
split_gain=14.2541 10.0361 11.5436 8.42702 8.70977 7.27014 7.22549 8.74189 6.1926 4.78235 3.63633 3.45485 2.68305 2.34299
threshold=-0.14318882985876438 -0.0044676630184078119 0.72003503168066529 0.0025887892191453318 -0.49593261342957029 -0.0006867314785036139 0.0082455778419989936 0.60890820388303768 1.0000000180025095e-35 -0.14090633167768193 -0.0044676630184078119 -0.0091228675858552825 0.0026688650069804976 -0.16495775140948074
decision_type=8 8 10 10 10 10 8 10 2 10 10 10 10 10
left_child=3 2 8 5 -5 10 9 -8 -2 -3 -1 -4 -6 -7
right_child=1 6 11 4 12 13 7 -9 -10 -11 -12 -13 -14 -15
leaf_value=0.00081756556491424887 -0.0085067343913657386 0.0035017073097716469 0.006622156796000235 -0.005314291868871431 -0.003897405534606318 0.00029790914365790595 0.0028404987421974783 -0.0015692242424811037 -0.0021831708855207348 0.00027175963705172523 -0.0013383696592462497 0.00056037070255699623 -0.00090243198297697909 -0.00070824693926469309
leaf_weight=769.6243494451046 155.60565455630422 408.73505511134863 124.24401192739606 441.95177154242992 283.04456422477961 14856.372712530196 1982.5174763537943 481.86250083893538 1558.9706782512367 64154.29988951236 5264.2407550700009 306.85359290987253 8909.6405692622066 2387.6457647047937
leaf_count=5260 1066 1949 1187 2430 1285 67230 17536 4120 10845 302890 24882 1942 50018 10800
internal_value=4.525e-05 0.000290301 -0.0017199 -0.000467889 -0.00121449 -0.000155909 0.000355793 0.00195116 -0.00283785 0.000293676 -0.00105255 0.00255395 -0.0010053 0.000154787
internal_weight=102086 69173.1 2145.67 32912.5 9634.64 23277.9 67027.4 2464.38 1714.58 64563 6033.87 431.098 9192.69 17244
internal_count=503440 341535 15040 161905 53733 108172 326495 21656 11911 304839 30142 3129 51303 78030
is_linear=0
shrinkage=0.03


end of trees

feature_importances:
garman_klass_vol_6=1070
_signed_log_ret_close_5____signed_log_garman_klass_vol_4__=723
trade_count_ratio_5=661
gt_ret_ts_rank_3__const_0_477876__=117
buy_pressure_negative_ratio_4=79
lt_where_gt_imbalance_x_high_volume_3__const_0_610058____const_1___const_0____const_0_0409226__=17

parameters:
[boosting: gbdt]
[objective: binary]
[metric: auc]
[tree_learner: serial]
[device_type: cpu]
[data_sample_strategy: bagging]
[data: ]
[valid: ]
[num_iterations: 250]
[learning_rate: 0.03]
[num_leaves: 15]
[num_threads: 0]
[seed: 42]
[deterministic: 0]
[force_col_wise: 1]
[force_row_wise: 0]
[histogram_pool_size: -1]
[max_depth: 4]
[min_data_in_leaf: 300]
[min_sum_hessian_in_leaf: 0.001]
[bagging_fraction: 0.8]
[pos_bagging_fraction: 1]
[neg_bagging_fraction: 1]
[bagging_freq: 1]
[bagging_seed: 42]
[bagging_by_query: 0]
[feature_fraction: 0.7]
[feature_fraction_bynode: 1]
[feature_fraction_seed: 42]
[extra_trees: 0]
[extra_seed: 12879]
[early_stopping_round: 0]
[early_stopping_min_delta: 0]
[first_metric_only: 0]
[max_delta_step: 0]
[lambda_l1: 2]
[lambda_l2: 10]
[linear_lambda: 0]
[min_gain_to_split: 0]
[drop_rate: 0.1]
[max_drop: 50]
[skip_drop: 0.5]
[xgboost_dart_mode: 0]
[uniform_drop: 0]
[drop_seed: 17869]
[top_rate: 0.2]
[other_rate: 0.1]
[min_data_per_group: 100]
[max_cat_threshold: 32]
[cat_l2: 10]
[cat_smooth: 10]
[max_cat_to_onehot: 4]
[top_k: 20]
[monotone_constraints: ]
[monotone_constraints_method: basic]
[monotone_penalty: 0]
[feature_contri: ]
[forcedsplits_filename: ]
[refit_decay_rate: 0.9]
[cegb_tradeoff: 1]
[cegb_penalty_split: 0]
[cegb_penalty_feature_lazy: ]
[cegb_penalty_feature_coupled: ]
[path_smooth: 0]
[interaction_constraints: ]
[verbosity: -1]
[saved_feature_importance_type: 0]
[use_quantized_grad: 0]
[num_grad_quant_bins: 4]
[quant_train_renew_leaf: 0]
[stochastic_rounding: 1]
[linear_tree: 0]
[max_bin: 255]
[max_bin_by_feature: ]
[min_data_in_bin: 3]
[bin_construct_sample_cnt: 200000]
[data_random_seed: 42]
[is_enable_sparse: 1]
[enable_bundle: 1]
[use_missing: 1]
[zero_as_missing: 0]
[feature_pre_filter: 1]
[pre_partition: 0]
[two_round: 0]
[header: 0]
[label_column: ]
[weight_column: ]
[group_column: ]
[ignore_column: ]
[categorical_feature: ]
[forcedbins_filename: ]
[precise_float_parser: 0]
[parser_config_file: ]
[objective_seed: 16083]
[num_class: 1]
[is_unbalance: 0]
[scale_pos_weight: 1]
[sigmoid: 1]
[boost_from_average: 1]
[reg_sqrt: 0]
[alpha: 0.9]
[fair_c: 1]
[poisson_max_delta_step: 0.7]
[tweedie_variance_power: 1.5]
[lambdarank_truncation_level: 30]
[lambdarank_norm: 1]
[label_gain: ]
[lambdarank_position_bias_regularization: 0]
[eval_at: ]
[multi_error_top_k: 1]
[auc_mu_weights: ]
[num_machines: 1]
[local_listen_port: 12400]
[time_out: 120]
[machine_list_filename: ]
[machines: ]
[gpu_platform_id: -1]
[gpu_device_id: -1]
[gpu_use_dp: 0]
[num_gpu: 1]

end of parameters

pandas_categorical:[]
